name,family,tf,session,trades,trades_wk,usd_wk,usd_total,win_pct,max_dd,pos_years,n_years,yearly
DON_1min_N8_s4t8_all,don,1min,all,107023,682.3,-2459.6,-385808.0,28.0,385836.0,0,4,"{""2023"": -55237.0, ""2024"": -110336.0, ""2025"": -138687.0, ""2026"": -81548.0}"
DON_1min_N8_s4t8_rth,don,1min,rth,42538,271.2,-1109.0,-173953.0,26.0,173971.0,0,4,"{""2023"": -26613.0, ""2024"": -51585.0, ""2025"": -61113.0, ""2026"": -34642.0}"
DON_1min_N8_s6t12_all,don,1min,all,86571,551.9,-1942.0,-304615.0,30.0,304691.0,0,4,"{""2023"": -41530.0, ""2024"": -83360.0, ""2025"": -111127.0, ""2026"": -68598.0}"
DON_1min_N8_s6t12_rth,don,1min,rth,38060,242.6,-927.2,-145445.0,29.1,145522.0,0,4,"{""2023"": -21964.0, ""2024"": -41277.0, ""2025"": -51188.0, ""2026"": -31015.0}"
DON_1min_N8_s8t16_all,don,1min,all,70981,452.5,-1542.8,-242001.0,31.0,242163.0,0,4,"{""2023"": -29379.0, ""2024"": -65516.0, ""2025"": -87740.0, ""2026"": -59366.0}"
DON_1min_N8_s8t16_rth,don,1min,rth,33561,214.0,-763.4,-119741.0,30.7,119769.0,0,4,"{""2023"": -17193.0, ""2024"": -32204.0, ""2025"": -43947.0, ""2026"": -26396.0}"
DON_1min_N8_s10t20_all,don,1min,all,59400,378.7,-1318.5,-206809.0,31.4,207028.0,0,4,"{""2023"": -21297.0, ""2024"": -51621.0, ""2025"": -76992.0, ""2026"": -56899.0}"
DON_1min_N8_s10t20_rth,don,1min,rth,29559,188.4,-657.7,-103163.0,31.4,103242.0,0,4,"{""2023"": -13373.0, ""2024"": -26926.0, ""2025"": -38289.0, ""2026"": -24575.0}"
DON_1min_N8_s10t30_all,don,1min,all,49837,317.7,-1107.8,-173765.0,23.8,174586.0,0,4,"{""2023"": -16254.0, ""2024"": -44673.0, ""2025"": -64285.0, ""2026"": -48552.0}"
DON_1min_N8_s10t30_rth,don,1min,rth,25825,164.6,-557.1,-87379.0,23.8,87767.0,0,4,"{""2023"": -10330.0, ""2024"": -22861.0, ""2025"": -33102.0, ""2026"": -21086.0}"
DON_1min_N8_s12t40_all,don,1min,all,39100,249.3,-762.4,-119586.0,22.9,120024.0,0,4,"{""2023"": -15407.0, ""2024"": -20834.0, ""2025"": -46485.0, ""2026"": -36860.0}"
DON_1min_N8_s12t40_rth,don,1min,rth,21324,135.9,-439.4,-68923.0,22.4,69287.0,0,4,"{""2023"": -9260.0, ""2024"": -14013.0, ""2025"": -26515.0, ""2026"": -19134.0}"
DON_1min_N12_s4t8_all,don,1min,all,88666,565.3,-2073.8,-325285.0,27.7,325300.0,0,4,"{""2023"": -47875.0, ""2024"": -92951.0, ""2025"": -116452.0, ""2026"": -68008.0}"
DON_1min_N12_s4t8_rth,don,1min,rth,34924,222.6,-933.3,-146398.0,25.6,146436.0,0,4,"{""2023"": -23398.0, ""2024"": -42751.0, ""2025"": -51116.0, ""2026"": -29133.0}"
DON_1min_N12_s6t12_all,don,1min,all,73108,466.1,-1658.2,-260104.0,29.9,260148.0,0,4,"{""2023"": -35684.0, ""2024"": -72866.0, ""2025"": -92934.0, ""2026"": -58619.0}"
DON_1min_N12_s6t12_rth,don,1min,rth,31534,201.0,-794.6,-124635.0,28.8,124665.0,0,4,"{""2023"": -19658.0, ""2024"": -35333.0, ""2025"": -43185.0, ""2026"": -26458.0}"
DON_1min_N12_s8t16_all,don,1min,all,61033,389.1,-1354.3,-212438.0,30.9,212572.0,0,4,"{""2023"": -26798.0, ""2024"": -57659.0, ""2025"": -74968.0, ""2026"": -53013.0}"
DON_1min_N12_s8t16_rth,don,1min,rth,28192,179.7,-661.7,-103800.0,30.5,103846.0,0,4,"{""2023"": -15517.0, ""2024"": -28323.0, ""2025"": -36923.0, ""2026"": -23037.0}"
DON_1min_N12_s10t20_all,don,1min,all,51646,329.3,-1171.1,-183694.0,31.3,183974.0,0,4,"{""2023"": -22156.0, ""2024"": -46519.0, ""2025"": -65335.0, ""2026"": -49683.0}"
DON_1min_N12_s10t20_rth,don,1min,rth,25189,160.6,-574.2,-90063.0,31.2,90125.0,0,4,"{""2023"": -13348.0, ""2024"": -23647.0, ""2025"": -31668.0, ""2026"": -21400.0}"
DON_1min_N12_s10t30_all,don,1min,all,43999,280.5,-953.3,-149532.0,23.9,150102.0,0,4,"{""2023"": -15858.0, ""2024"": -39697.0, ""2025"": -54799.0, ""2026"": -39178.0}"
DON_1min_N12_s10t30_rth,don,1min,rth,22340,142.4,-485.4,-76145.0,23.7,76402.0,0,4,"{""2023"": -10756.0, ""2024"": -19879.0, ""2025"": -27187.0, ""2026"": -18323.0}"
DON_1min_N12_s12t40_all,don,1min,all,35153,224.1,-718.1,-112644.0,22.7,112840.0,0,4,"{""2023"": -13921.0, ""2024"": -27697.0, ""2025"": -41286.0, ""2026"": -29739.0}"
DON_1min_N12_s12t40_rth,don,1min,rth,18708,119.3,-383.8,-60207.0,22.4,60433.0,0,4,"{""2023"": -8473.0, ""2024"": -13110.0, ""2025"": -23131.0, ""2026"": -15493.0}"
DON_1min_N20_s4t8_all,don,1min,all,69186,441.1,-1651.3,-259019.0,27.4,259033.0,0,4,"{""2023"": -40178.0, ""2024"": -73790.0, ""2025"": -92034.0, ""2026"": -53017.0}"
DON_1min_N20_s4t8_rth,don,1min,rth,27072,172.6,-740.2,-116108.0,25.2,116143.0,0,4,"{""2023"": -19124.0, ""2024"": -34230.0, ""2025"": -39895.0, ""2026"": -22859.0}"
DON_1min_N20_s6t12_all,don,1min,all,58297,371.7,-1359.3,-213218.0,29.6,213262.0,0,4,"{""2023"": -31009.0, ""2024"": -59829.0, ""2025"": -75716.0, ""2026"": -46663.0}"
DON_1min_N20_s6t12_rth,don,1min,rth,24664,157.2,-639.2,-100265.0,28.5,100325.0,0,4,"{""2023"": -16282.0, ""2024"": -28468.0, ""2025"": -34657.0, ""2026"": -20858.0}"
DON_1min_N20_s8t16_all,don,1min,all,49714,316.9,-1146.3,-179806.0,30.6,179890.0,0,4,"{""2023"": -26160.0, ""2024"": -45552.0, ""2025"": -65257.0, ""2026"": -42838.0}"
DON_1min_N20_s8t16_rth,don,1min,rth,22274,142.0,-534.8,-83888.0,30.3,83999.0,0,4,"{""2023"": -13357.0, ""2024"": -22244.0, ""2025"": -29862.0, ""2026"": -18424.0}"
DON_1min_N20_s10t20_all,don,1min,all,42804,272.9,-1004.8,-157613.0,31.1,157843.0,0,4,"{""2023"": -20406.0, ""2024"": -39519.0, ""2025"": -56984.0, ""2026"": -40704.0}"
DON_1min_N20_s10t20_rth,don,1min,rth,20161,128.5,-483.0,-75767.0,30.9,75916.0,0,4,"{""2023"": -11266.0, ""2024"": -19882.0, ""2025"": -26145.0, ""2026"": -18473.0}"
DON_1min_N20_s10t30_all,don,1min,all,36981,235.8,-832.5,-130586.0,23.7,130921.0,0,4,"{""2023"": -16109.0, ""2024"": -33183.0, ""2025"": -50844.0, ""2026"": -30450.0}"
DON_1min_N20_s10t30_rth,don,1min,rth,18140,115.6,-432.5,-67840.0,23.3,68204.0,0,4,"{""2023"": -10645.0, ""2024"": -18199.0, ""2025"": -25018.0, ""2026"": -13979.0}"
DON_1min_N20_s12t40_all,don,1min,all,30094,191.9,-618.9,-97078.0,22.8,97275.0,0,4,"{""2023"": -13923.0, ""2024"": -24969.0, ""2025"": -32900.0, ""2026"": -25285.0}"
DON_1min_N20_s12t40_rth,don,1min,rth,15490,98.8,-349.4,-54807.0,22.1,55139.0,0,4,"{""2023"": -9389.0, ""2024"": -14123.0, ""2025"": -17493.0, ""2026"": -13802.0}"
DON_1min_N40_s4t8_all,don,1min,all,48628,310.0,-1178.3,-184832.0,27.2,184822.0,0,4,"{""2023"": -29625.0, ""2024"": -53700.0, ""2025"": -64079.0, ""2026"": -37429.0}"
DON_1min_N40_s4t8_rth,don,1min,rth,19007,121.2,-532.6,-83541.0,24.8,83537.0,0,4,"{""2023"": -13660.0, ""2024"": -24932.0, ""2025"": -28738.0, ""2026"": -16210.0}"
DON_1min_N40_s6t12_all,don,1min,all,41865,266.9,-1001.2,-157040.0,29.3,157080.0,0,4,"{""2023"": -23772.0, ""2024"": -44491.0, ""2025"": -55940.0, ""2026"": -32837.0}"
DON_1min_N40_s6t12_rth,don,1min,rth,17419,111.1,-473.0,-74197.0,27.9,74197.0,0,4,"{""2023"": -11796.0, ""2024"": -21544.0, ""2025"": -25509.0, ""2026"": -15348.0}"
DON_1min_N40_s8t16_all,don,1min,all,36342,231.7,-837.4,-131351.0,30.6,131564.0,0,4,"{""2023"": -19302.0, ""2024"": -35314.0, ""2025"": -48415.0, ""2026"": -28320.0}"
DON_1min_N40_s8t16_rth,don,1min,rth,15857,101.1,-400.6,-62834.0,29.9,62871.0,0,4,"{""2023"": -9469.0, ""2024"": -17434.0, ""2025"": -22256.0, ""2026"": -13674.0}"
DON_1min_N40_s10t20_all,don,1min,all,31905,203.4,-714.8,-112129.0,31.4,112321.0,0,4,"{""2023"": -14840.0, ""2024"": -29305.0, ""2025"": -42013.0, ""2026"": -25970.0}"
DON_1min_N40_s10t20_rth,don,1min,rth,14542,92.7,-377.7,-59242.0,30.4,59251.0,0,4,"{""2023"": -8572.0, ""2024"": -15707.0, ""2025"": -22078.0, ""2026"": -12885.0}"
DON_1min_N40_s10t30_all,don,1min,all,27971,178.3,-612.2,-96022.0,23.9,96405.0,0,4,"{""2023"": -11175.0, ""2024"": -24960.0, ""2025"": -39134.0, ""2026"": -20753.0}"
DON_1min_N40_s10t30_rth,don,1min,rth,13232,84.4,-337.2,-52897.0,23.0,53239.0,0,4,"{""2023"": -7459.0, ""2024"": -13990.0, ""2025"": -21476.0, ""2026"": -9972.0}"
DON_1min_N40_s12t40_all,don,1min,all,23537,150.1,-497.7,-78071.0,22.8,78611.0,0,4,"{""2023"": -11843.0, ""2024"": -18903.0, ""2025"": -30052.0, ""2026"": -17273.0}"
DON_1min_N40_s12t40_rth,don,1min,rth,11590,73.9,-279.5,-43842.0,21.9,44539.0,0,4,"{""2023"": -7269.0, ""2024"": -10895.0, ""2025"": -15677.0, ""2026"": -10000.0}"
FADE_1min_e20d8_s5t8_all,fade,1min,all,159317,1015.7,-3761.6,-590041.0,33.0,590032.0,0,4,"{""2023"": -51283.0, ""2024"": -152433.0, ""2025"": -237246.0, ""2026"": -149078.0}"
FADE_1min_e20d8_s5t8_rth,fade,1min,rth,87495,557.8,-2310.1,-362349.0,31.4,362364.0,0,4,"{""2023"": -37901.0, ""2024"": -102745.0, ""2025"": -143467.0, ""2026"": -78236.0}"
FADE_1min_e20d8_s6t12_all,fade,1min,all,140357,894.8,-3077.4,-482706.0,30.2,482714.0,0,4,"{""2023"": -43171.0, ""2024"": -124345.0, ""2025"": -197150.0, ""2026"": -118040.0}"
FADE_1min_e20d8_s6t12_rth,fade,1min,rth,78522,500.6,-1889.6,-296390.0,29.3,296473.0,0,4,"{""2023"": -31997.0, ""2024"": -82451.0, ""2025"": -120738.0, ""2026"": -61203.0}"
FADE_1min_e20d8_s8t16_all,fade,1min,all,116741,744.3,-2453.0,-384771.0,31.3,384806.0,0,4,"{""2023"": -33224.0, ""2024"": -96725.0, ""2025"": -162386.0, ""2026"": -92436.0}"
FADE_1min_e20d8_s8t16_rth,fade,1min,rth,66944,426.8,-1528.3,-239732.0,30.7,239781.0,0,4,"{""2023"": -25061.0, ""2024"": -64941.0, ""2025"": -102035.0, ""2026"": -47695.0}"
FADE_1min_e20d8_s10t20_all,fade,1min,all,96537,615.4,-1995.2,-312958.0,31.8,313184.0,0,4,"{""2023"": -26812.0, ""2024"": -79615.0, ""2025"": -132948.0, ""2026"": -73582.0}"
FADE_1min_e20d8_s10t20_rth,fade,1min,rth,56433,359.8,-1238.8,-194316.0,31.5,194673.0,0,4,"{""2023"": -20687.0, ""2024"": -53444.0, ""2025"": -83194.0, ""2026"": -36990.0}"
FADE_1min_e20d12_s5t8_all,fade,1min,all,110768,706.2,-2752.2,-431696.0,32.3,431711.0,0,4,"{""2023"": -31726.0, ""2024"": -102423.0, ""2025"": -180469.0, ""2026"": -117077.0}"
FADE_1min_e20d12_s5t8_rth,fade,1min,rth,66801,425.9,-1831.9,-287341.0,30.8,287343.0,0,4,"{""2023"": -26156.0, ""2024"": -75281.0, ""2025"": -119662.0, ""2026"": -66243.0}"
FADE_1min_e20d12_s6t12_all,fade,1min,all,100960,643.6,-2279.5,-357556.0,29.9,357585.0,0,4,"{""2023"": -27622.0, ""2024"": -84782.0, ""2025"": -153746.0, ""2026"": -91405.0}"
FADE_1min_e20d12_s6t12_rth,fade,1min,rth,61476,391.9,-1514.9,-237629.0,29.0,237661.0,0,4,"{""2023"": -23196.0, ""2024"": -60369.0, ""2025"": -102697.0, ""2026"": -51367.0}"
FADE_1min_e20d12_s8t16_all,fade,1min,all,88293,562.9,-1902.5,-298423.0,31.1,298488.0,0,4,"{""2023"": -22234.0, ""2024"": -72506.0, ""2025"": -131176.0, ""2026"": -72507.0}"
FADE_1min_e20d12_s8t16_rth,fade,1min,rth,54443,347.1,-1262.3,-197993.0,30.6,198213.0,0,4,"{""2023"": -18010.0, ""2024"": -51537.0, ""2025"": -88807.0, ""2026"": -39639.0}"
FADE_1min_e20d12_s10t20_all,fade,1min,all,76856,490.0,-1626.8,-255175.0,31.7,255377.0,0,4,"{""2023"": -20628.0, ""2024"": -66136.0, ""2025"": -109653.0, ""2026"": -58757.0}"
FADE_1min_e20d12_s10t20_rth,fade,1min,rth,47675,303.9,-1074.8,-168589.0,31.3,168983.0,0,4,"{""2023"": -16985.0, ""2024"": -46209.0, ""2025"": -73733.0, ""2026"": -31663.0}"
FADE_1min_e20d18_s5t8_all,fade,1min,all,66571,424.4,-1813.4,-284449.0,30.9,284451.0,0,4,"{""2023"": -16102.0, ""2024"": -61232.0, ""2025"": -126889.0, ""2026"": -80226.0}"
FADE_1min_e20d18_s5t8_rth,fade,1min,rth,44050,280.8,-1309.4,-205397.0,29.4,205398.0,0,4,"{""2023"": -14385.0, ""2024"": -48626.0, ""2025"": -92258.0, ""2026"": -50128.0}"
FADE_1min_e20d18_s6t12_all,fade,1min,all,62506,398.5,-1485.5,-233009.0,29.4,233017.0,0,4,"{""2023"": -15063.0, ""2024"": -48652.0, ""2025"": -106940.0, ""2026"": -62355.0}"
FADE_1min_e20d18_s6t12_rth,fade,1min,rth,41627,265.4,-1080.0,-169401.0,28.5,169473.0,0,4,"{""2023"": -13249.0, ""2024"": -39051.0, ""2025"": -78868.0, ""2026"": -38232.0}"
FADE_1min_e20d18_s8t16_all,fade,1min,all,56649,361.2,-1257.4,-197231.0,30.9,197289.0,0,4,"{""2023"": -12228.0, ""2024"": -42255.0, ""2025"": -93626.0, ""2026"": -49122.0}"
FADE_1min_e20d18_s8t16_rth,fade,1min,rth,37991,242.2,-922.2,-144658.0,30.2,144742.0,0,4,"{""2023"": -11015.0, ""2024"": -34076.0, ""2025"": -68786.0, ""2026"": -30781.0}"
FADE_1min_e20d18_s10t20_all,fade,1min,all,51283,326.9,-1107.9,-173781.0,31.5,173825.0,0,4,"{""2023"": -12180.0, ""2024"": -39943.0, ""2025"": -80660.0, ""2026"": -40999.0}"
FADE_1min_e20d18_s10t20_rth,fade,1min,rth,34472,219.8,-800.1,-125495.0,31.1,125686.0,0,4,"{""2023"": -11122.0, ""2024"": -32278.0, ""2025"": -58095.0, ""2026"": -24001.0}"
FADE_1min_e20d25_s5t8_all,fade,1min,all,39192,249.9,-1193.5,-187213.0,29.0,187214.0,0,4,"{""2023"": -8636.0, ""2024"": -37129.0, ""2025"": -87708.0, ""2026"": -53739.0}"
FADE_1min_e20d25_s5t8_rth,fade,1min,rth,27530,175.5,-899.7,-141120.0,27.7,141122.0,0,4,"{""2023"": -7880.0, ""2024"": -30130.0, ""2025"": -67873.0, ""2026"": -35238.0}"
FADE_1min_e20d25_s6t12_all,fade,1min,all,37558,239.4,-960.3,-150628.0,28.6,150635.0,0,4,"{""2023"": -7468.0, ""2024"": -28653.0, ""2025"": -73468.0, ""2026"": -41039.0}"
FADE_1min_e20d25_s6t12_rth,fade,1min,rth,26537,169.2,-729.0,-114355.0,27.8,114372.0,0,4,"{""2023"": -6640.0, ""2024"": -22994.0, ""2025"": -57863.0, ""2026"": -26859.0}"
FADE_1min_e20d25_s8t16_all,fade,1min,all,34965,222.9,-829.7,-130149.0,30.4,130160.0,0,4,"{""2023"": -6761.0, ""2024"": -25227.0, ""2025"": -65261.0, ""2026"": -32899.0}"
FADE_1min_e20d25_s8t16_rth,fade,1min,rth,24847,158.4,-623.2,-97756.0,30.0,97843.0,0,4,"{""2023"": -6262.0, ""2024"": -19722.0, ""2025"": -50783.0, ""2026"": -20988.0}"
FADE_1min_e20d25_s10t20_all,fade,1min,all,32380,206.4,-750.3,-117688.0,31.1,117780.0,0,4,"{""2023"": -7487.0, ""2024"": -23286.0, ""2025"": -57988.0, ""2026"": -28926.0}"
FADE_1min_e20d25_s10t20_rth,fade,1min,rth,23043,146.9,-563.7,-88414.0,30.8,88532.0,0,4,"{""2023"": -6776.0, ""2024"": -18962.0, ""2025"": -45080.0, ""2026"": -17596.0}"
FADE_1min_e50d8_s5t8_all,fade,1min,all,194162,1237.8,-4478.2,-702442.0,33.4,702430.0,0,4,"{""2023"": -69548.0, ""2024"": -184478.0, ""2025"": -274787.0, ""2026"": -173628.0}"
FADE_1min_e50d8_s5t8_rth,fade,1min,rth,101520,647.2,-2616.7,-410443.0,31.8,410433.0,0,4,"{""2023"": -48233.0, ""2024"": -117483.0, ""2025"": -157160.0, ""2026"": -87568.0}"
FADE_1min_e50d8_s6t12_all,fade,1min,all,162447,1035.6,-3490.1,-547446.0,30.4,547446.0,0,4,"{""2023"": -55389.0, ""2024"": -142240.0, ""2025"": -215004.0, ""2026"": -134813.0}"
FADE_1min_e50d8_s6t12_rth,fade,1min,rth,87808,559.8,-2070.2,-324732.0,29.5,324770.0,0,4,"{""2023"": -39200.0, ""2024"": -90368.0, ""2025"": -126562.0, ""2026"": -68602.0}"
FADE_1min_e50d8_s8t16_all,fade,1min,all,128748,820.8,-2687.6,-421571.0,31.4,421668.0,0,4,"{""2023"": -39822.0, ""2024"": -106876.0, ""2025"": -171536.0, ""2026"": -103338.0}"
FADE_1min_e50d8_s8t16_rth,fade,1min,rth,72104,459.7,-1617.9,-253777.0,30.8,253818.0,0,4,"{""2023"": -29022.0, ""2024"": -69458.0, ""2025"": -102116.0, ""2026"": -53180.0}"
FADE_1min_e50d8_s10t20_all,fade,1min,all,103153,657.6,-2149.6,-337179.0,31.8,337391.0,0,4,"{""2023"": -31118.0, ""2024"": -87734.0, ""2025"": -134997.0, ""2026"": -83329.0}"
FADE_1min_e50d8_s10t20_rth,fade,1min,rth,59333,378.3,-1319.8,-207026.0,31.4,207126.0,0,4,"{""2023"": -22865.0, ""2024"": -58358.0, ""2025"": -82473.0, ""2026"": -43330.0}"
FADE_1min_e50d12_s5t8_all,fade,1min,all,156682,998.9,-3695.0,-579588.0,33.1,579575.0,0,4,"{""2023"": -50302.0, ""2024"": -148154.0, ""2025"": -229870.0, ""2026"": -151262.0}"
FADE_1min_e50d12_s5t8_rth,fade,1min,rth,87401,557.2,-2293.7,-359778.0,31.5,359782.0,0,4,"{""2023"": -38314.0, ""2024"": -100846.0, ""2025"": -141794.0, ""2026"": -78824.0}"
FADE_1min_e50d12_s6t12_all,fade,1min,all,134488,857.4,-2956.8,-463796.0,30.2,463783.0,0,4,"{""2023"": -42503.0, ""2024"": -116921.0, ""2025"": -184331.0, ""2026"": -120041.0}"
FADE_1min_e50d12_s6t12_rth,fade,1min,rth,76900,490.3,-1838.1,-288325.0,29.3,288394.0,0,4,"{""2023"": -32364.0, ""2024"": -78105.0, ""2025"": -114915.0, ""2026"": -62941.0}"
FADE_1min_e50d12_s8t16_all,fade,1min,all,110232,702.8,-2354.3,-369294.0,31.2,369298.0,0,4,"{""2023"": -31343.0, ""2024"": -90549.0, ""2025"": -154542.0, ""2026"": -92860.0}"
FADE_1min_e50d12_s8t16_rth,fade,1min,rth,64453,410.9,-1467.6,-230207.0,30.7,230293.0,0,4,"{""2023"": -23798.0, ""2024"": -61426.0, ""2025"": -95806.0, ""2026"": -49177.0}"
FADE_1min_e50d12_s10t20_all,fade,1min,all,91501,583.3,-1932.0,-303048.0,31.7,303066.0,0,4,"{""2023"": -24288.0, ""2024"": -77466.0, ""2025"": -122236.0, ""2026"": -79059.0}"
FADE_1min_e50d12_s10t20_rth,fade,1min,rth,54235,345.8,-1229.7,-192882.0,31.3,193035.0,0,4,"{""2023"": -19656.0, ""2024"": -53689.0, ""2025"": -78314.0, ""2026"": -41222.0}"
FADE_1min_e50d18_s5t8_all,fade,1min,all,113062,720.8,-2797.6,-438818.0,32.4,438832.0,0,4,"{""2023"": -34069.0, ""2024"": -103172.0, ""2025"": -179572.0, ""2026"": -122005.0}"
FADE_1min_e50d18_s5t8_rth,fade,1min,rth,68369,435.9,-1855.2,-291005.0,31.0,291008.0,0,4,"{""2023"": -28149.0, ""2024"": -76306.0, ""2025"": -118329.0, ""2026"": -68221.0}"
FADE_1min_e50d18_s6t12_all,fade,1min,all,99788,636.2,-2224.4,-348907.0,30.0,348937.0,0,4,"{""2023"": -29166.0, ""2024"": -81798.0, ""2025"": -142251.0, ""2026"": -95692.0}"
FADE_1min_e50d18_s6t12_rth,fade,1min,rth,61348,391.1,-1487.3,-233299.0,29.2,233423.0,0,4,"{""2023"": -24185.0, ""2024"": -60218.0, ""2025"": -95576.0, ""2026"": -53320.0}"
FADE_1min_e50d18_s8t16_all,fade,1min,all,84194,536.8,-1821.1,-285649.0,31.1,285702.0,0,4,"{""2023"": -22498.0, ""2024"": -65246.0, ""2025"": -122840.0, ""2026"": -75066.0}"
FADE_1min_e50d18_s8t16_rth,fade,1min,rth,52638,335.6,-1210.2,-189824.0,30.6,189894.0,0,4,"{""2023"": -18404.0, ""2024"": -48109.0, ""2025"": -81946.0, ""2026"": -41365.0}"
FADE_1min_e50d18_s10t20_all,fade,1min,all,71767,457.5,-1565.8,-245610.0,31.5,245680.0,0,4,"{""2023"": -20273.0, ""2024"": -61252.0, ""2025"": -101348.0, ""2026"": -62737.0}"
FADE_1min_e50d18_s10t20_rth,fade,1min,rth,45211,288.2,-1053.1,-165192.0,31.1,165397.0,0,4,"{""2023"": -16776.0, ""2024"": -45952.0, ""2025"": -69832.0, ""2026"": -32631.0}"
FADE_1min_e50d25_s5t8_all,fade,1min,all,78536,500.7,-2060.6,-323214.0,31.5,323201.0,0,4,"{""2023"": -21015.0, ""2024"": -71995.0, ""2025"": -137246.0, ""2026"": -92957.0}"
FADE_1min_e50d25_s5t8_rth,fade,1min,rth,50766,323.6,-1435.1,-225107.0,30.3,225096.0,0,4,"{""2023"": -18675.0, ""2024"": -56496.0, ""2025"": -95408.0, ""2026"": -54528.0}"
FADE_1min_e50d25_s6t12_all,fade,1min,all,70964,452.4,-1626.3,-255095.0,29.8,255080.0,0,4,"{""2023"": -18669.0, ""2024"": -54530.0, ""2025"": -109765.0, ""2026"": -72130.0}"
FADE_1min_e50d25_s6t12_rth,fade,1min,rth,46454,296.2,-1150.1,-180398.0,29.0,180498.0,0,4,"{""2023"": -16715.0, ""2024"": -42736.0, ""2025"": -78946.0, ""2026"": -42001.0}"
FADE_1min_e50d25_s8t16_all,fade,1min,all,61504,392.1,-1338.4,-209933.0,31.0,209920.0,0,4,"{""2023"": -13146.0, ""2024"": -45099.0, ""2025"": -95040.0, ""2026"": -56649.0}"
FADE_1min_e50d25_s8t16_rth,fade,1min,rth,40771,259.9,-939.5,-147372.0,30.6,147428.0,0,4,"{""2023"": -12190.0, ""2024"": -34872.0, ""2025"": -67690.0, ""2026"": -32620.0}"
FADE_1min_e50d25_s10t20_all,fade,1min,all,53460,340.8,-1186.2,-186060.0,31.4,186094.0,0,4,"{""2023"": -13121.0, ""2024"": -43934.0, ""2025"": -81638.0, ""2026"": -47367.0}"
FADE_1min_e50d25_s10t20_rth,fade,1min,rth,35637,227.2,-817.7,-128266.0,31.2,128584.0,0,4,"{""2023"": -12288.0, ""2024"": -33296.0, ""2025"": -57236.0, ""2026"": -25445.0}"
IMPF_1min_w2i4_s5t10_all,impfade,1min,all,197198,1257.2,-4221.3,-662137.0,29.8,662125.0,0,4,"{""2023"": -65260.0, ""2024"": -177878.0, ""2025"": -260678.0, ""2026"": -158321.0}"
IMPF_1min_w2i4_s5t10_rth,impfade,1min,rth,100462,640.5,-2365.1,-370978.0,28.7,370983.0,0,4,"{""2023"": -41700.0, ""2024"": -108769.0, ""2025"": -144376.0, ""2026"": -76133.0}"
IMPF_1min_w2i4_s6t15_all,impfade,1min,all,157436,1003.7,-3182.7,-499229.0,26.6,499214.0,0,4,"{""2023"": -48854.0, ""2024"": -132008.0, ""2025"": -203639.0, ""2026"": -114727.0}"
IMPF_1min_w2i4_s6t15_rth,impfade,1min,rth,84326,537.6,-1809.8,-283875.0,26.1,284035.0,0,4,"{""2023"": -31321.0, ""2024"": -82220.0, ""2025"": -115794.0, ""2026"": -54541.0}"
IMPF_1min_w2i4_s8t20_all,impfade,1min,all,119346,760.9,-2397.5,-376060.0,27.2,376180.0,0,4,"{""2023"": -35257.0, ""2024"": -96182.0, ""2025"": -151202.0, ""2026"": -93418.0}"
IMPF_1min_w2i4_s8t20_rth,impfade,1min,rth,67084,427.7,-1367.6,-214512.0,27.0,214644.0,0,4,"{""2023"": -24323.0, ""2024"": -59380.0, ""2025"": -89862.0, ""2026"": -40947.0}"
IMPF_1min_w2i4_s8t30_all,impfade,1min,all,94929,605.2,-1836.6,-288086.0,20.5,288509.0,0,4,"{""2023"": -27239.0, ""2024"": -72978.0, ""2025"": -122383.0, ""2026"": -65487.0}"
IMPF_1min_w2i4_s8t30_rth,impfade,1min,rth,54680,348.6,-1096.7,-172022.0,20.1,172558.0,0,4,"{""2023"": -20006.0, ""2024"": -45856.0, ""2025"": -74338.0, ""2026"": -31822.0}"
IMPF_1min_w2i6_s5t10_all,impfade,1min,all,164314,1047.5,-3653.2,-573035.0,29.4,573044.0,0,4,"{""2023"": -53422.0, ""2024"": -152506.0, ""2025"": -224325.0, ""2026"": -142782.0}"
IMPF_1min_w2i6_s5t10_rth,impfade,1min,rth,88486,564.1,-2186.6,-342992.0,28.1,342997.0,0,4,"{""2023"": -37841.0, ""2024"": -97631.0, ""2025"": -134956.0, ""2026"": -72563.0}"
IMPF_1min_w2i6_s6t15_all,impfade,1min,all,138314,881.8,-2808.2,-440485.0,26.5,440482.0,0,4,"{""2023"": -41894.0, ""2024"": -114195.0, ""2025"": -179358.0, ""2026"": -105037.0}"
IMPF_1min_w2i6_s6t15_rth,impfade,1min,rth,76787,489.5,-1702.1,-266985.0,25.8,267117.0,0,4,"{""2023"": -28961.0, ""2024"": -75432.0, ""2025"": -109623.0, ""2026"": -52969.0}"
IMPF_1min_w2i6_s8t20_all,impfade,1min,all,109414,697.5,-2209.6,-346590.0,27.1,346591.0,0,4,"{""2023"": -31289.0, ""2024"": -86455.0, ""2025"": -144504.0, ""2026"": -84341.0}"
IMPF_1min_w2i6_s8t20_rth,impfade,1min,rth,62823,400.5,-1336.9,-209709.0,26.8,209815.0,0,4,"{""2023"": -21663.0, ""2024"": -55683.0, ""2025"": -90325.0, ""2026"": -42038.0}"
IMPF_1min_w2i6_s8t30_all,impfade,1min,all,88901,566.8,-1752.1,-274837.0,20.4,274993.0,0,4,"{""2023"": -26168.0, ""2024"": -72251.0, ""2025"": -113419.0, ""2026"": -62998.0}"
IMPF_1min_w2i6_s8t30_rth,impfade,1min,rth,52137,332.4,-1094.2,-171641.0,19.9,171950.0,0,4,"{""2023"": -19497.0, ""2024"": -48166.0, ""2025"": -71950.0, ""2026"": -32028.0}"
IMPF_1min_w2i9_s5t10_all,impfade,1min,all,116335,741.7,-2752.5,-431756.0,28.7,431816.0,0,4,"{""2023"": -33674.0, ""2024"": -104924.0, ""2025"": -178597.0, ""2026"": -114561.0}"
IMPF_1min_w2i9_s5t10_rth,impfade,1min,rth,68782,438.5,-1776.7,-278683.0,27.6,278675.0,0,4,"{""2023"": -27420.0, ""2024"": -74257.0, ""2025"": -113826.0, ""2026"": -63180.0}"
IMPF_1min_w2i9_s6t15_all,impfade,1min,all,104973,669.2,-2278.3,-357374.0,26.0,357388.0,0,4,"{""2023"": -28767.0, ""2024"": -85868.0, ""2025"": -150582.0, ""2026"": -92158.0}"
IMPF_1min_w2i9_s6t15_rth,impfade,1min,rth,62773,400.2,-1462.8,-229445.0,25.4,229510.0,0,4,"{""2023"": -22707.0, ""2024"": -60008.0, ""2025"": -97030.0, ""2026"": -49700.0}"
IMPF_1min_w2i9_s8t20_all,impfade,1min,all,89265,569.1,-1879.5,-294820.0,26.9,294936.0,0,4,"{""2023"": -21948.0, ""2024"": -68194.0, ""2025"": -126184.0, ""2026"": -78494.0}"
IMPF_1min_w2i9_s8t20_rth,impfade,1min,rth,54109,345.0,-1207.8,-189446.0,26.5,189595.0,0,4,"{""2023"": -17305.0, ""2024"": -45410.0, ""2025"": -85387.0, ""2026"": -41343.0}"
IMPF_1min_w2i9_s8t30_all,impfade,1min,all,75453,481.0,-1510.5,-236925.0,20.2,237065.0,0,4,"{""2023"": -21561.0, ""2024"": -52457.0, ""2025"": -100068.0, ""2026"": -62839.0}"
IMPF_1min_w2i9_s8t30_rth,impfade,1min,rth,46269,295.0,-961.2,-150775.0,19.9,150990.0,0,4,"{""2023"": -16531.0, ""2024"": -35965.0, ""2025"": -68098.0, ""2026"": -30181.0}"
IMPF_1min_w2i14_s5t10_all,impfade,1min,all,63602,405.5,-1677.3,-263092.0,27.3,263174.0,0,4,"{""2023"": -16378.0, ""2024"": -57032.0, ""2025"": -117161.0, ""2026"": -72522.0}"
IMPF_1min_w2i14_s5t10_rth,impfade,1min,rth,42051,268.1,-1206.7,-189279.0,26.1,189332.0,0,4,"{""2023"": -14392.0, ""2024"": -44313.0, ""2025"": -83667.0, ""2026"": -46907.0}"
IMPF_1min_w2i14_s6t15_all,impfade,1min,all,60958,388.6,-1440.5,-225953.0,25.3,226131.0,0,4,"{""2023"": -14051.0, ""2024"": -50219.0, ""2025"": -101297.0, ""2026"": -60385.0}"
IMPF_1min_w2i14_s6t15_rth,impfade,1min,rth,40444,257.8,-1034.9,-162328.0,24.6,162451.0,0,4,"{""2023"": -12131.0, ""2024"": -38752.0, ""2025"": -72393.0, ""2026"": -39052.0}"
IMPF_1min_w2i14_s8t20_all,impfade,1min,all,56373,359.4,-1260.8,-197768.0,26.5,197916.0,0,4,"{""2023"": -11908.0, ""2024"": -43233.0, ""2025"": -91154.0, ""2026"": -51472.0}"
IMPF_1min_w2i14_s8t20_rth,impfade,1min,rth,37576,239.6,-914.1,-143375.0,25.9,143497.0,0,4,"{""2023"": -10222.0, ""2024"": -32609.0, ""2025"": -67473.0, ""2026"": -33070.0}"
IMPF_1min_w2i14_s8t30_all,impfade,1min,all,50820,324.0,-1074.9,-168610.0,19.9,169144.0,0,4,"{""2023"": -12030.0, ""2024"": -38943.0, ""2025"": -77877.0, ""2026"": -39760.0}"
IMPF_1min_w2i14_s8t30_rth,impfade,1min,rth,33901,216.1,-789.1,-123770.0,19.4,124122.0,0,4,"{""2023"": -10801.0, ""2024"": -30554.0, ""2025"": -58491.0, ""2026"": -23924.0}"
IMPF_1min_w3i4_s5t10_all,impfade,1min,all,205741,1311.6,-4442.1,-696781.0,29.8,696865.0,0,4,"{""2023"": -72398.0, ""2024"": -186537.0, ""2025"": -275562.0, ""2026"": -162284.0}"
IMPF_1min_w3i4_s5t10_rth,impfade,1min,rth,103381,659.1,-2458.2,-385588.0,28.6,385577.0,0,4,"{""2023"": -45199.0, ""2024"": -110113.0, ""2025"": -150126.0, ""2026"": -80149.0}"
IMPF_1min_w3i4_s6t15_all,impfade,1min,all,162187,1034.0,-3353.9,-526078.0,26.4,526063.0,0,4,"{""2023"": -54778.0, ""2024"": -136790.0, ""2025"": -215692.0, ""2026"": -118817.0}"
IMPF_1min_w3i4_s6t15_rth,impfade,1min,rth,86289,550.1,-1918.8,-300971.0,25.8,301103.0,0,4,"{""2023"": -34762.0, ""2024"": -84683.0, ""2025"": -121396.0, ""2026"": -60130.0}"
IMPF_1min_w3i4_s8t20_all,impfade,1min,all,121760,776.2,-2494.3,-391255.0,27.1,391298.0,0,4,"{""2023"": -39089.0, ""2024"": -103220.0, ""2025"": -155643.0, ""2026"": -93302.0}"
IMPF_1min_w3i4_s8t20_rth,impfade,1min,rth,68322,435.6,-1467.8,-230243.0,26.7,230376.0,0,4,"{""2023"": -25618.0, ""2024"": -64513.0, ""2025"": -94037.0, ""2026"": -46075.0}"
IMPF_1min_w3i4_s8t30_all,impfade,1min,all,96830,617.3,-1998.3,-313443.0,20.3,313684.0,0,4,"{""2023"": -29846.0, ""2024"": -80236.0, ""2025"": -128410.0, ""2026"": -74951.0}"
IMPF_1min_w3i4_s8t30_rth,impfade,1min,rth,55661,354.9,-1161.4,-182172.0,19.9,182543.0,0,4,"{""2023"": -21640.0, ""2024"": -49153.0, ""2025"": -77185.0, ""2026"": -34193.0}"
IMPF_1min_w3i6_s5t10_all,impfade,1min,all,180221,1148.9,-3963.6,-621725.0,29.5,621712.0,0,4,"{""2023"": -59906.0, ""2024"": -166405.0, ""2025"": -246386.0, ""2026"": -149028.0}"
IMPF_1min_w3i6_s5t10_rth,impfade,1min,rth,94166,600.3,-2287.6,-358828.0,28.4,358815.0,0,4,"{""2023"": -40066.0, ""2024"": -103830.0, ""2025"": -140246.0, ""2026"": -74686.0}"
IMPF_1min_w3i6_s6t15_all,impfade,1min,all,148499,946.7,-3025.7,-474600.0,26.5,474585.0,0,4,"{""2023"": -47795.0, ""2024"": -124908.0, ""2025"": -191574.0, ""2026"": -110323.0}"
IMPF_1min_w3i6_s6t15_rth,impfade,1min,rth,80716,514.6,-1791.3,-280976.0,25.8,281053.0,0,4,"{""2023"": -32058.0, ""2024"": -80807.0, ""2025"": -111311.0, ""2026"": -56800.0}"
IMPF_1min_w3i6_s8t20_all,impfade,1min,all,115088,733.7,-2328.1,-365181.0,27.1,365182.0,0,4,"{""2023"": -35417.0, ""2024"": -93540.0, ""2025"": -153110.0, ""2026"": -83114.0}"
IMPF_1min_w3i6_s8t20_rth,impfade,1min,rth,65277,416.2,-1404.8,-220349.0,26.7,220376.0,0,4,"{""2023"": -23949.0, ""2024"": -61945.0, ""2025"": -92422.0, ""2026"": -42034.0}"
IMPF_1min_w3i6_s8t30_all,impfade,1min,all,92239,588.0,-1808.2,-283623.0,20.4,283892.0,0,4,"{""2023"": -25639.0, ""2024"": -65285.0, ""2025"": -121004.0, ""2026"": -71695.0}"
IMPF_1min_w3i6_s8t30_rth,impfade,1min,rth,53623,341.9,-1095.7,-171866.0,20.0,172223.0,0,4,"{""2023"": -17932.0, ""2024"": -45960.0, ""2025"": -74547.0, ""2026"": -33427.0}"
IMPF_1min_w3i9_s5t10_all,impfade,1min,all,137241,874.9,-3125.8,-490298.0,29.1,490333.0,0,4,"{""2023"": -42092.0, ""2024"": -124860.0, ""2025"": -198723.0, ""2026"": -124624.0}"
IMPF_1min_w3i9_s5t10_rth,impfade,1min,rth,77697,495.3,-1948.7,-305675.0,28.0,305681.0,0,4,"{""2023"": -31459.0, ""2024"": -85556.0, ""2025"": -121533.0, ""2026"": -67127.0}"
IMPF_1min_w3i9_s6t15_all,impfade,1min,all,120771,769.9,-2531.2,-397037.0,26.3,397144.0,0,4,"{""2023"": -35052.0, ""2024"": -100248.0, ""2025"": -164957.0, ""2026"": -96779.0}"
IMPF_1min_w3i9_s6t15_rth,impfade,1min,rth,69645,444.0,-1586.3,-248819.0,25.6,248983.0,0,4,"{""2023"": -25207.0, ""2024"": -70113.0, ""2025"": -101696.0, ""2026"": -51803.0}"
IMPF_1min_w3i9_s8t20_all,impfade,1min,all,99392,633.6,-2004.8,-314461.0,27.1,314487.0,0,4,"{""2023"": -27617.0, ""2024"": -78348.0, ""2025"": -135017.0, ""2026"": -73480.0}"
IMPF_1min_w3i9_s8t20_rth,impfade,1min,rth,58695,374.2,-1294.7,-203081.0,26.6,203163.0,0,4,"{""2023"": -19601.0, ""2024"": -56836.0, ""2025"": -86905.0, ""2026"": -39738.0}"
IMPF_1min_w3i9_s8t30_all,impfade,1min,all,82374,525.2,-1632.0,-255996.0,20.3,256221.0,0,4,"{""2023"": -23605.0, ""2024"": -61971.0, ""2025"": -113339.0, ""2026"": -57081.0}"
IMPF_1min_w3i9_s8t30_rth,impfade,1min,rth,49460,315.3,-1054.6,-165423.0,19.8,165779.0,0,4,"{""2023"": -16836.0, ""2024"": -46516.0, ""2025"": -74254.0, ""2026"": -27817.0}"
IMPF_1min_w3i14_s5t10_all,impfade,1min,all,82860,528.3,-2013.2,-315777.0,28.4,315819.0,0,4,"{""2023"": -21102.0, ""2024"": -71454.0, ""2025"": -137108.0, ""2026"": -86113.0}"
IMPF_1min_w3i14_s5t10_rth,impfade,1min,rth,52456,334.4,-1397.2,-219160.0,27.2,219164.0,0,4,"{""2023"": -18385.0, ""2024"": -54759.0, ""2025"": -94284.0, ""2026"": -51732.0}"
IMPF_1min_w3i14_s6t15_all,impfade,1min,all,78068,497.7,-1719.3,-269690.0,25.9,269778.0,0,4,"{""2023"": -17652.0, ""2024"": -64780.0, ""2025"": -117436.0, ""2026"": -69822.0}"
IMPF_1min_w3i14_s6t15_rth,impfade,1min,rth,49664,316.6,-1176.9,-184613.0,25.3,184649.0,0,4,"{""2023"": -15159.0, ""2024"": -48129.0, ""2025"": -79730.0, ""2026"": -41595.0}"
IMPF_1min_w3i14_s8t20_all,impfade,1min,all,69996,446.2,-1458.0,-228690.0,26.9,228790.0,0,4,"{""2023"": -14956.0, ""2024"": -54603.0, ""2025"": -102128.0, ""2026"": -57004.0}"
IMPF_1min_w3i14_s8t20_rth,impfade,1min,rth,44919,286.4,-1016.4,-159435.0,26.4,159458.0,0,4,"{""2023"": -12773.0, ""2024"": -42502.0, ""2025"": -70505.0, ""2026"": -33655.0}"
IMPF_1min_w3i14_s8t30_all,impfade,1min,all,61603,392.7,-1210.2,-189823.0,20.2,190074.0,0,4,"{""2023"": -11694.0, ""2024"": -49480.0, ""2025"": -85143.0, ""2026"": -43506.0}"
IMPF_1min_w3i14_s8t30_rth,impfade,1min,rth,39775,253.6,-838.2,-131484.0,19.8,131915.0,0,4,"{""2023"": -9616.0, ""2024"": -39041.0, ""2025"": -57746.0, ""2026"": -25081.0}"
THR_1min_k1.5_s6t12_all,thrust,1min,all,63834,407.0,-1368.8,-214711.0,30.4,214766.0,0,4,"{""2023"": -25675.0, ""2024"": -58091.0, ""2025"": -80869.0, ""2026"": -50076.0}"
THR_1min_k1.5_s6t12_rth,thrust,1min,rth,24070,153.5,-579.0,-90823.0,29.3,90843.0,0,4,"{""2023"": -12222.0, ""2024"": -24188.0, ""2025"": -34412.0, ""2026"": -20001.0}"
THR_1min_k1.5_s8t16_all,thrust,1min,all,53457,340.8,-1150.7,-180490.0,31.2,180670.0,0,4,"{""2023"": -18544.0, ""2024"": -47081.0, ""2025"": -69856.0, ""2026"": -45009.0}"
THR_1min_k1.5_s8t16_rth,thrust,1min,rth,22114,141.0,-504.4,-79121.0,30.7,79299.0,0,4,"{""2023"": -9611.0, ""2024"": -19964.0, ""2025"": -30784.0, ""2026"": -18763.0}"
THR_1min_k1.5_s10t25_all,thrust,1min,all,41796,266.5,-883.3,-138557.0,27.4,138902.0,0,4,"{""2023"": -14056.0, ""2024"": -34181.0, ""2025"": -54715.0, ""2026"": -35605.0}"
THR_1min_k1.5_s10t25_rth,thrust,1min,rth,19021,121.3,-441.1,-69195.0,26.8,69734.0,0,4,"{""2023"": -8206.0, ""2024"": -19848.0, ""2025"": -24994.0, ""2026"": -16146.0}"
THR_1min_k1.5_s12t36_all,thrust,1min,all,33151,211.3,-646.0,-101334.0,25.0,101559.0,0,4,"{""2023"": -10190.0, ""2024"": -22445.0, ""2025"": -46292.0, ""2026"": -22407.0}"
THR_1min_k1.5_s12t36_rth,thrust,1min,rth,16205,103.3,-346.0,-54280.0,24.2,54297.0,0,4,"{""2023"": -9154.0, ""2024"": -10790.0, ""2025"": -22478.0, ""2026"": -11857.0}"
THR_1min_k2.0_s6t12_all,thrust,1min,all,25763,164.2,-557.3,-87416.0,30.3,87603.0,0,4,"{""2023"": -12380.0, ""2024"": -23131.0, ""2025"": -33220.0, ""2026"": -18686.0}"
THR_1min_k2.0_s6t12_rth,thrust,1min,rth,7877,50.2,-207.5,-32541.0,28.3,32549.0,0,4,"{""2023"": -4046.0, ""2024"": -8793.0, ""2025"": -12025.0, ""2026"": -7678.0}"
THR_1min_k2.0_s8t16_all,thrust,1min,all,23029,146.8,-503.3,-78950.0,31.1,79131.0,0,4,"{""2023"": -10375.0, ""2024"": -20050.0, ""2025"": -30772.0, ""2026"": -17752.0}"
THR_1min_k2.0_s8t16_rth,thrust,1min,rth,7592,48.4,-191.3,-30013.0,30.0,30034.0,0,4,"{""2023"": -3433.0, ""2024"": -7469.0, ""2025"": -11236.0, ""2026"": -7875.0}"
THR_1min_k2.0_s10t25_all,thrust,1min,all,19626,125.1,-375.4,-58887.0,28.0,59168.0,0,4,"{""2023"": -7375.0, ""2024"": -11912.0, ""2025"": -23702.0, ""2026"": -15898.0}"
THR_1min_k2.0_s10t25_rth,thrust,1min,rth,7065,45.0,-153.4,-24056.0,27.2,24088.0,0,4,"{""2023"": -3068.0, ""2024"": -4944.0, ""2025"": -8924.0, ""2026"": -7120.0}"
THR_1min_k2.0_s12t36_all,thrust,1min,all,16766,106.9,-282.7,-44344.0,25.9,44760.0,0,4,"{""2023"": -7395.0, ""2024"": -7444.0, ""2025"": -21033.0, ""2026"": -8472.0}"
THR_1min_k2.0_s12t36_rth,thrust,1min,rth,6458,41.2,-105.3,-16524.0,25.1,16624.0,0,4,"{""2023"": -3324.0, ""2024"": -1250.0, ""2025"": -8562.0, ""2026"": -3388.0}"
THR_1min_k3.0_s6t12_all,thrust,1min,all,5820,37.1,-139.4,-21866.0,29.3,21928.0,0,4,"{""2023"": -2665.0, ""2024"": -6248.0, ""2025"": -8131.0, ""2026"": -4822.0}"
THR_1min_k3.0_s6t12_rth,thrust,1min,rth,1769,11.3,-56.5,-8863.0,25.9,8885.0,0,4,"{""2023"": -1056.0, ""2024"": -2550.0, ""2025"": -2930.0, ""2026"": -2326.0}"
THR_1min_k3.0_s8t16_all,thrust,1min,all,5611,35.8,-127.3,-19975.0,30.8,20047.0,0,4,"{""2023"": -3036.0, ""2024"": -5310.0, ""2025"": -7124.0, ""2026"": -4504.0}"
THR_1min_k3.0_s8t16_rth,thrust,1min,rth,1743,11.1,-53.0,-8309.0,28.2,8339.0,0,4,"{""2023"": -1148.0, ""2024"": -2169.0, ""2025"": -2362.0, ""2026"": -2630.0}"
THR_1min_k3.0_s10t25_all,thrust,1min,all,5297,33.8,-98.6,-15459.0,28.2,15743.0,0,4,"{""2023"": -2358.0, ""2024"": -3256.0, ""2025"": -5895.0, ""2026"": -3950.0}"
THR_1min_k3.0_s10t25_rth,thrust,1min,rth,1706,10.9,-31.0,-4865.0,27.8,4919.0,0,4,"{""2023"": -853.0, ""2024"": -1105.0, ""2025"": -638.0, ""2026"": -2268.0}"
THR_1min_k3.0_s12t36_all,thrust,1min,all,4996,31.9,-93.3,-14636.0,26.0,14926.0,0,4,"{""2023"": -3165.0, ""2024"": -2206.0, ""2025"": -7160.0, ""2026"": -2105.0}"
THR_1min_k3.0_s12t36_rth,thrust,1min,rth,1668,10.6,-29.6,-4642.0,24.7,4764.0,0,4,"{""2023"": -1666.0, ""2024"": -609.0, ""2025"": -768.0, ""2026"": -1599.0}"
DON_3min_N8_s4t8_all,don,3min,all,42892,273.4,-1218.7,-191155.0,24.5,191184.0,0,4,"{""2023"": -28235.0, ""2024"": -55651.0, ""2025"": -67832.0, ""2026"": -39438.0}"
DON_3min_N8_s4t8_rth,don,3min,rth,15503,98.8,-545.1,-85501.0,20.2,85504.0,0,4,"{""2023"": -13821.0, ""2024"": -25612.0, ""2025"": -30058.0, ""2026"": -16010.0}"
DON_3min_N8_s6t12_all,don,3min,all,38152,243.2,-1066.3,-167260.0,27.6,167297.0,0,4,"{""2023"": -23774.0, ""2024"": -47540.0, ""2025"": -59418.0, ""2026"": -36528.0}"
DON_3min_N8_s6t12_rth,don,3min,rth,14889,94.9,-507.4,-79588.0,25.0,79596.0,0,4,"{""2023"": -11933.0, ""2024"": -22976.0, ""2025"": -28836.0, ""2026"": -15842.0}"
DON_3min_N8_s8t16_all,don,3min,all,33754,215.2,-927.1,-145422.0,29.2,145643.0,0,4,"{""2023"": -20375.0, ""2024"": -37028.0, ""2025"": -54095.0, ""2026"": -33925.0}"
DON_3min_N8_s8t16_rth,don,3min,rth,14015,89.3,-437.3,-68597.0,28.0,68674.0,0,4,"{""2023"": -9511.0, ""2024"": -18804.0, ""2025"": -25483.0, ""2026"": -14799.0}"
DON_3min_N8_s10t20_all,don,3min,all,29963,191.0,-746.3,-117059.0,30.7,117301.0,0,4,"{""2023"": -14256.0, ""2024"": -29539.0, ""2025"": -44501.0, ""2026"": -28764.0}"
DON_3min_N8_s10t20_rth,don,3min,rth,13186,84.1,-369.2,-57909.0,29.9,58062.0,0,4,"{""2023"": -7424.0, ""2024"": -14986.0, ""2025"": -21585.0, ""2026"": -13914.0}"
DON_3min_N8_s10t30_all,don,3min,all,26454,168.7,-614.2,-96336.0,23.4,96878.0,0,4,"{""2023"": -13364.0, ""2024"": -21847.0, ""2025"": -38465.0, ""2026"": -22659.0}"
DON_3min_N8_s10t30_rth,don,3min,rth,12207,77.8,-316.9,-49704.0,22.8,50043.0,0,4,"{""2023"": -6996.0, ""2024"": -11512.0, ""2025"": -19426.0, ""2026"": -11770.0}"
DON_3min_N8_s12t40_all,don,3min,all,22305,142.2,-531.0,-83295.0,21.8,84694.0,0,4,"{""2023"": -9440.0, ""2024"": -19198.0, ""2025"": -36799.0, ""2026"": -17857.0}"
DON_3min_N8_s12t40_rth,don,3min,rth,10973,70.0,-304.4,-47749.0,21.2,47874.0,0,4,"{""2023"": -6615.0, ""2024"": -9631.0, ""2025"": -19420.0, ""2026"": -12082.0}"
DON_3min_N12_s4t8_all,don,3min,all,35093,223.7,-999.1,-156716.0,24.5,156728.0,0,4,"{""2023"": -22861.0, ""2024"": -45892.0, ""2025"": -55710.0, ""2026"": -32253.0}"
DON_3min_N12_s4t8_rth,don,3min,rth,12637,80.6,-449.6,-70517.0,19.9,70520.0,0,4,"{""2023"": -11154.0, ""2024"": -21435.0, ""2025"": -24976.0, ""2026"": -12951.0}"
DON_3min_N12_s6t12_all,don,3min,all,31580,201.3,-882.6,-138440.0,27.6,138473.0,0,4,"{""2023"": -18631.0, ""2024"": -40324.0, ""2025"": -49985.0, ""2026"": -29500.0}"
DON_3min_N12_s6t12_rth,don,3min,rth,12171,77.6,-417.4,-65471.0,24.9,65478.0,0,4,"{""2023"": -9068.0, ""2024"": -19469.0, ""2025"": -24103.0, ""2026"": -12831.0}"
DON_3min_N12_s8t16_all,don,3min,all,28270,180.2,-774.6,-121497.0,29.2,121829.0,0,4,"{""2023"": -15430.0, ""2024"": -33299.0, ""2025"": -45561.0, ""2026"": -27207.0}"
DON_3min_N12_s8t16_rth,don,3min,rth,11475,73.2,-357.6,-56095.0,28.0,56336.0,0,4,"{""2023"": -7124.0, ""2024"": -15288.0, ""2025"": -21979.0, ""2026"": -11704.0}"
DON_3min_N12_s10t20_all,don,3min,all,25395,161.9,-635.4,-99666.0,30.6,99867.0,0,4,"{""2023"": -10649.0, ""2024"": -27219.0, ""2025"": -38468.0, ""2026"": -23330.0}"
DON_3min_N12_s10t20_rth,don,3min,rth,10858,69.2,-309.3,-48516.0,29.7,48830.0,0,4,"{""2023"": -5328.0, ""2024"": -13679.0, ""2025"": -18633.0, ""2026"": -10876.0}"
DON_3min_N12_s10t30_all,don,3min,all,22574,143.9,-532.3,-83491.0,23.3,84218.0,0,4,"{""2023"": -9454.0, ""2024"": -19823.0, ""2025"": -34749.0, ""2026"": -19465.0}"
DON_3min_N12_s10t30_rth,don,3min,rth,10130,64.6,-272.0,-42660.0,22.7,43204.0,0,4,"{""2023"": -5013.0, ""2024"": -9726.0, ""2025"": -17808.0, ""2026"": -10114.0}"
DON_3min_N12_s12t40_all,don,3min,all,19314,123.1,-465.7,-73049.0,21.7,73456.0,0,4,"{""2023"": -7781.0, ""2024"": -16721.0, ""2025"": -32296.0, ""2026"": -16251.0}"
DON_3min_N12_s12t40_rth,don,3min,rth,9221,58.8,-259.4,-40691.0,21.1,41328.0,0,4,"{""2023"": -4695.0, ""2024"": -8783.0, ""2025"": -16707.0, ""2026"": -10505.0}"
DON_3min_N20_s4t8_all,don,3min,all,27102,172.8,-796.3,-124898.0,23.9,124892.0,0,4,"{""2023"": -18191.0, ""2024"": -36330.0, ""2025"": -44372.0, ""2026"": -26006.0}"
DON_3min_N20_s4t8_rth,don,3min,rth,9795,62.4,-355.2,-55710.0,19.5,55717.0,0,4,"{""2023"": -8903.0, ""2024"": -16931.0, ""2025"": -19813.0, ""2026"": -10063.0}"
DON_3min_N20_s6t12_all,don,3min,all,24684,157.4,-718.3,-112673.0,27.1,112690.0,0,4,"{""2023"": -15716.0, ""2024"": -32799.0, ""2025"": -40324.0, ""2026"": -23834.0}"
DON_3min_N20_s6t12_rth,don,3min,rth,9452,60.3,-338.2,-53054.0,24.2,53070.0,0,4,"{""2023"": -7214.0, ""2024"": -15904.0, ""2025"": -19610.0, ""2026"": -10326.0}"
DON_3min_N20_s8t16_all,don,3min,all,22346,142.5,-612.3,-96045.0,29.2,96122.0,0,4,"{""2023"": -12232.0, ""2024"": -26339.0, ""2025"": -36289.0, ""2026"": -21184.0}"
DON_3min_N20_s8t16_rth,don,3min,rth,8971,57.2,-292.0,-45810.0,27.5,46132.0,0,4,"{""2023"": -5555.0, ""2024"": -12854.0, ""2025"": -18161.0, ""2026"": -9239.0}"
DON_3min_N20_s10t20_all,don,3min,all,20346,129.7,-538.8,-84518.0,30.3,84625.0,0,4,"{""2023"": -10639.0, ""2024"": -23381.0, ""2025"": -32496.0, ""2026"": -18003.0}"
DON_3min_N20_s10t20_rth,don,3min,rth,8535,54.4,-260.9,-40930.0,29.2,41348.0,0,4,"{""2023"": -5019.0, ""2024"": -11985.0, ""2025"": -15543.0, ""2026"": -8383.0}"
DON_3min_N20_s10t30_all,don,3min,all,18315,116.8,-425.2,-66691.0,23.4,67577.0,0,4,"{""2023"": -8213.0, ""2024"": -17582.0, ""2025"": -26668.0, ""2026"": -14228.0}"
DON_3min_N20_s10t30_rth,don,3min,rth,8005,51.0,-211.5,-33170.0,22.8,33817.0,0,4,"{""2023"": -3755.0, ""2024"": -9059.0, ""2025"": -12259.0, ""2026"": -8097.0}"
DON_3min_N20_s12t40_all,don,3min,all,15916,101.5,-374.6,-58763.0,21.8,59146.0,0,4,"{""2023"": -6644.0, ""2024"": -13566.0, ""2025"": -27094.0, ""2026"": -11459.0}"
DON_3min_N20_s12t40_rth,don,3min,rth,7345,46.8,-188.8,-29610.0,21.5,30160.0,0,4,"{""2023"": -2629.0, ""2024"": -6900.0, ""2025"": -12379.0, ""2026"": -7702.0}"
DON_3min_N40_s4t8_all,don,3min,all,18915,120.6,-562.8,-88287.0,23.6,88280.0,0,4,"{""2023"": -12781.0, ""2024"": -25905.0, ""2025"": -30863.0, ""2026"": -18738.0}"
DON_3min_N40_s4t8_rth,don,3min,rth,7057,45.0,-262.9,-41231.0,18.8,41221.0,0,4,"{""2023"": -6560.0, ""2024"": -12927.0, ""2025"": -14527.0, ""2026"": -7218.0}"
DON_3min_N40_s6t12_all,don,3min,all,17384,110.8,-506.8,-79494.0,27.1,79488.0,0,4,"{""2023"": -10829.0, ""2024"": -24044.0, ""2025"": -27862.0, ""2026"": -16759.0}"
DON_3min_N40_s6t12_rth,don,3min,rth,6827,43.5,-254.7,-39953.0,23.6,39939.0,0,4,"{""2023"": -5173.0, ""2024"": -12307.0, ""2025"": -14971.0, ""2026"": -7503.0}"
DON_3min_N40_s8t16_all,don,3min,all,15891,101.3,-431.5,-67677.0,29.3,67832.0,0,4,"{""2023"": -8524.0, ""2024"": -19585.0, ""2025"": -24384.0, ""2026"": -15185.0}"
DON_3min_N40_s8t16_rth,don,3min,rth,6495,41.4,-224.5,-35217.0,26.9,35400.0,0,4,"{""2023"": -4430.0, ""2024"": -9811.0, ""2025"": -14159.0, ""2026"": -6816.0}"
DON_3min_N40_s10t20_all,don,3min,all,14623,93.2,-359.6,-56409.0,30.7,56648.0,0,4,"{""2023"": -6620.0, ""2024"": -16219.0, ""2025"": -21179.0, ""2026"": -12391.0}"
DON_3min_N40_s10t20_rth,don,3min,rth,6189,39.5,-196.9,-30891.0,28.9,31169.0,0,4,"{""2023"": -3725.0, ""2024"": -9199.0, ""2025"": -11860.0, ""2026"": -6107.0}"
DON_3min_N40_s10t30_all,don,3min,all,13365,85.2,-295.6,-46369.0,23.6,47062.0,0,4,"{""2023"": -5986.0, ""2024"": -12695.0, ""2025"": -18733.0, ""2026"": -8956.0}"
DON_3min_N40_s10t30_rth,don,3min,rth,5827,37.1,-160.5,-25178.0,22.5,25633.0,0,4,"{""2023"": -2940.0, ""2024"": -6715.0, ""2025"": -10013.0, ""2026"": -5510.0}"
DON_3min_N40_s12t40_all,don,3min,all,11880,75.7,-275.1,-43159.0,21.9,43493.0,0,4,"{""2023"": -4986.0, ""2024"": -11639.0, ""2025"": -19033.0, ""2026"": -7501.0}"
DON_3min_N40_s12t40_rth,don,3min,rth,5383,34.3,-138.6,-21737.0,21.5,22018.0,0,4,"{""2023"": -1807.0, ""2024"": -5201.0, ""2025"": -9789.0, ""2026"": -4941.0}"
FADE_3min_e20d8_s5t8_all,fade,3min,all,89478,570.4,-2638.7,-413891.0,29.6,413879.0,0,4,"{""2023"": -42559.0, ""2024"": -113028.0, ""2025"": -158357.0, ""2026"": -99948.0}"
FADE_3min_e20d8_s5t8_rth,fade,3min,rth,41663,265.6,-1475.0,-231357.0,26.1,231373.0,0,4,"{""2023"": -28444.0, ""2024"": -67901.0, ""2025"": -86122.0, ""2026"": -48890.0}"
FADE_3min_e20d8_s6t12_all,fade,3min,all,81590,520.2,-2182.0,-342262.0,28.1,342248.0,0,4,"{""2023"": -35044.0, ""2024"": -93178.0, ""2025"": -131749.0, ""2026"": -82291.0}"
FADE_3min_e20d8_s6t12_rth,fade,3min,rth,39297,250.5,-1237.5,-194110.0,26.1,194134.0,0,4,"{""2023"": -22906.0, ""2024"": -54961.0, ""2025"": -73448.0, ""2026"": -42795.0}"
FADE_3min_e20d8_s8t16_all,fade,3min,all,70873,451.8,-1807.5,-283514.0,29.8,283602.0,0,4,"{""2023"": -29325.0, ""2024"": -74356.0, ""2025"": -108438.0, ""2026"": -71395.0}"
FADE_3min_e20d8_s8t16_rth,fade,3min,rth,35588,226.9,-1062.6,-166683.0,28.4,166722.0,0,4,"{""2023"": -20515.0, ""2024"": -44529.0, ""2025"": -63187.0, ""2026"": -38452.0}"
FADE_3min_e20d8_s10t20_all,fade,3min,all,61154,389.9,-1546.5,-242584.0,30.6,242911.0,0,4,"{""2023"": -23155.0, ""2024"": -66857.0, ""2025"": -90732.0, ""2026"": -61840.0}"
FADE_3min_e20d8_s10t20_rth,fade,3min,rth,31815,202.8,-890.1,-139622.0,29.9,139877.0,0,4,"{""2023"": -16881.0, ""2024"": -39902.0, ""2025"": -49819.0, ""2026"": -33021.0}"
FADE_3min_e20d12_s5t8_all,fade,3min,all,70322,448.3,-2192.3,-343880.0,28.6,343882.0,0,4,"{""2023"": -32399.0, ""2024"": -89989.0, ""2025"": -132771.0, ""2026"": -88721.0}"
FADE_3min_e20d12_s5t8_rth,fade,3min,rth,35765,228.0,-1315.6,-206363.0,25.2,206379.0,0,4,"{""2023"": -23862.0, ""2024"": -59147.0, ""2025"": -77825.0, ""2026"": -45529.0}"
FADE_3min_e20d12_s6t12_all,fade,3min,all,65654,418.6,-1834.3,-287721.0,27.6,287737.0,0,4,"{""2023"": -26812.0, ""2024"": -74081.0, ""2025"": -112022.0, ""2026"": -74806.0}"
FADE_3min_e20d12_s6t12_rth,fade,3min,rth,34162,217.8,-1103.4,-173075.0,25.7,173082.0,0,4,"{""2023"": -19865.0, ""2024"": -47062.0, ""2025"": -66490.0, ""2026"": -39657.0}"
FADE_3min_e20d12_s8t16_all,fade,3min,all,59081,376.7,-1557.7,-244342.0,29.5,244353.0,0,4,"{""2023"": -23832.0, ""2024"": -58909.0, ""2025"": -95154.0, ""2026"": -66447.0}"
FADE_3min_e20d12_s8t16_rth,fade,3min,rth,31535,201.0,-943.9,-148061.0,28.4,148082.0,0,4,"{""2023"": -18344.0, ""2024"": -37054.0, ""2025"": -57166.0, ""2026"": -35498.0}"
FADE_3min_e20d12_s10t20_all,fade,3min,all,52756,336.3,-1329.6,-208558.0,30.6,208693.0,0,4,"{""2023"": -18432.0, ""2024"": -53089.0, ""2025"": -80524.0, ""2026"": -56512.0}"
FADE_3min_e20d12_s10t20_rth,fade,3min,rth,28668,182.8,-796.8,-124981.0,29.9,125332.0,0,4,"{""2023"": -14251.0, ""2024"": -33776.0, ""2025"": -48105.0, ""2026"": -28848.0}"
FADE_3min_e20d18_s5t8_all,fade,3min,all,49245,313.9,-1677.9,-263183.0,26.9,263171.0,0,4,"{""2023"": -22466.0, ""2024"": -63472.0, ""2025"": -104362.0, ""2026"": -72883.0}"
FADE_3min_e20d18_s5t8_rth,fade,3min,rth,27894,177.8,-1089.6,-170910.0,23.9,170926.0,0,4,"{""2023"": -18638.0, ""2024"": -46245.0, ""2025"": -66179.0, ""2026"": -39848.0}"
FADE_3min_e20d18_s6t12_all,fade,3min,all,46978,299.5,-1405.5,-220460.0,26.8,220462.0,0,4,"{""2023"": -18253.0, ""2024"": -51487.0, ""2025"": -89543.0, ""2026"": -61177.0}"
FADE_3min_e20d18_s6t12_rth,fade,3min,rth,26978,172.0,-921.4,-144530.0,24.9,144591.0,0,4,"{""2023"": -15050.0, ""2024"": -37388.0, ""2025"": -57439.0, ""2026"": -34653.0}"
FADE_3min_e20d18_s8t16_all,fade,3min,all,43397,276.7,-1216.9,-190882.0,29.0,190919.0,0,4,"{""2023"": -15847.0, ""2024"": -42968.0, ""2025"": -78347.0, ""2026"": -53720.0}"
FADE_3min_e20d18_s8t16_rth,fade,3min,rth,25309,161.4,-801.2,-125667.0,27.8,125713.0,0,4,"{""2023"": -13137.0, ""2024"": -30291.0, ""2025"": -50568.0, ""2026"": -31671.0}"
FADE_3min_e20d18_s10t20_all,fade,3min,all,39941,254.6,-1087.2,-170530.0,30.1,170774.0,0,4,"{""2023"": -15097.0, ""2024"": -40555.0, ""2025"": -69770.0, ""2026"": -45108.0}"
FADE_3min_e20d18_s10t20_rth,fade,3min,rth,23496,149.8,-714.9,-112135.0,29.2,112248.0,0,4,"{""2023"": -12225.0, ""2024"": -29642.0, ""2025"": -44816.0, ""2026"": -25452.0}"
FADE_3min_e20d25_s5t8_all,fade,3min,all,33403,213.0,-1237.5,-194105.0,25.1,194119.0,0,4,"{""2023"": -13917.0, ""2024"": -45110.0, ""2025"": -78564.0, ""2026"": -56514.0}"
FADE_3min_e20d25_s5t8_rth,fade,3min,rth,20611,131.4,-845.2,-132581.0,22.7,132597.0,0,4,"{""2023"": -12440.0, ""2024"": -35212.0, ""2025"": -53086.0, ""2026"": -31843.0}"
FADE_3min_e20d25_s6t12_all,fade,3min,all,32367,206.3,-1043.3,-163653.0,25.8,163688.0,0,4,"{""2023"": -11696.0, ""2024"": -36028.0, ""2025"": -67827.0, ""2026"": -48103.0}"
FADE_3min_e20d25_s6t12_rth,fade,3min,rth,20146,128.4,-727.9,-114177.0,24.1,114267.0,0,4,"{""2023"": -10446.0, ""2024"": -28919.0, ""2025"": -46627.0, ""2026"": -28185.0}"
FADE_3min_e20d25_s8t16_all,fade,3min,all,30588,195.0,-899.3,-141055.0,28.6,141250.0,0,4,"{""2023"": -9423.0, ""2024"": -30419.0, ""2025"": -59370.0, ""2026"": -41844.0}"
FADE_3min_e20d25_s8t16_rth,fade,3min,rth,19213,122.5,-629.5,-98737.0,27.5,98865.0,0,4,"{""2023"": -8607.0, ""2024"": -24000.0, ""2025"": -40856.0, ""2026"": -25274.0}"
FADE_3min_e20d25_s10t20_all,fade,3min,all,28658,182.7,-825.1,-129419.0,29.7,129594.0,0,4,"{""2023"": -10094.0, ""2024"": -30179.0, ""2025"": -53293.0, ""2026"": -35853.0}"
FADE_3min_e20d25_s10t20_rth,fade,3min,rth,18132,115.6,-570.6,-89499.0,29.0,89692.0,0,4,"{""2023"": -8890.0, ""2024"": -23437.0, ""2025"": -35886.0, ""2026"": -21286.0}"
FADE_3min_e50d8_s5t8_all,fade,3min,all,102985,656.6,-2941.0,-461322.0,30.1,461335.0,0,4,"{""2023"": -50252.0, ""2024"": -128381.0, ""2025"": -173748.0, ""2026"": -108941.0}"
FADE_3min_e50d8_s5t8_rth,fade,3min,rth,45396,289.4,-1548.3,-242864.0,26.8,242866.0,0,4,"{""2023"": -31200.0, ""2024"": -72685.0, ""2025"": -87514.0, ""2026"": -51465.0}"
FADE_3min_e50d8_s6t12_all,fade,3min,all,90604,577.6,-2385.6,-374201.0,28.3,374213.0,0,4,"{""2023"": -39884.0, ""2024"": -102880.0, ""2025"": -142851.0, ""2026"": -88586.0}"
FADE_3min_e50d8_s6t12_rth,fade,3min,rth,42184,268.9,-1266.7,-198699.0,26.7,198748.0,0,4,"{""2023"": -24501.0, ""2024"": -57448.0, ""2025"": -73637.0, ""2026"": -43113.0}"
FADE_3min_e50d8_s8t16_all,fade,3min,all,76063,484.9,-1908.5,-299368.0,29.9,299367.0,0,4,"{""2023"": -30742.0, ""2024"": -79112.0, ""2025"": -113263.0, ""2026"": -76252.0}"
FADE_3min_e50d8_s8t16_rth,fade,3min,rth,37569,239.5,-1044.1,-163767.0,29.1,163825.0,0,4,"{""2023"": -18992.0, ""2024"": -46116.0, ""2025"": -60179.0, ""2026"": -38480.0}"
FADE_3min_e50d8_s10t20_all,fade,3min,all,64107,408.7,-1569.8,-246241.0,30.8,246313.0,0,4,"{""2023"": -24674.0, ""2024"": -68079.0, ""2025"": -88367.0, ""2026"": -65121.0}"
FADE_3min_e50d8_s10t20_rth,fade,3min,rth,33035,210.6,-882.5,-138423.0,30.2,138650.0,0,4,"{""2023"": -15986.0, ""2024"": -41091.0, ""2025"": -47902.0, ""2026"": -33444.0}"
FADE_3min_e50d12_s5t8_all,fade,3min,all,89604,571.2,-2621.6,-411221.0,29.7,411226.0,0,4,"{""2023"": -42665.0, ""2024"": -109449.0, ""2025"": -157606.0, ""2026"": -101501.0}"
FADE_3min_e50d12_s5t8_rth,fade,3min,rth,41739,266.1,-1448.2,-227163.0,26.5,227165.0,0,4,"{""2023"": -28351.0, ""2024"": -66193.0, ""2025"": -83390.0, ""2026"": -49229.0}"
FADE_3min_e50d12_s6t12_all,fade,3min,all,80179,511.2,-2136.2,-335072.0,28.2,335073.0,0,4,"{""2023"": -34031.0, ""2024"": -89793.0, ""2025"": -130006.0, ""2026"": -81243.0}"
FADE_3min_e50d12_s6t12_rth,fade,3min,rth,39050,249.0,-1181.2,-185282.0,26.6,185309.0,0,4,"{""2023"": -21818.0, ""2024"": -52919.0, ""2025"": -69842.0, ""2026"": -40703.0}"
FADE_3min_e50d12_s8t16_all,fade,3min,all,68710,438.0,-1777.4,-278803.0,29.7,278784.0,0,4,"{""2023"": -27146.0, ""2024"": -71201.0, ""2025"": -108816.0, ""2026"": -71640.0}"
FADE_3min_e50d12_s8t16_rth,fade,3min,rth,35064,223.5,-993.3,-155804.0,28.9,155862.0,0,4,"{""2023"": -18049.0, ""2024"": -42500.0, ""2025"": -59235.0, ""2026"": -36020.0}"
FADE_3min_e50d12_s10t20_all,fade,3min,all,59154,377.1,-1501.2,-235481.0,30.6,235555.0,0,4,"{""2023"": -22638.0, ""2024"": -63077.0, ""2025"": -87906.0, ""2026"": -61860.0}"
FADE_3min_e50d12_s10t20_rth,fade,3min,rth,31155,198.6,-855.6,-134212.0,30.0,134368.0,0,4,"{""2023"": -15811.0, ""2024"": -37777.0, ""2025"": -48298.0, ""2026"": -32325.0}"
FADE_3min_e50d18_s5t8_all,fade,3min,all,72052,459.3,-2219.6,-348158.0,28.8,348174.0,0,4,"{""2023"": -31515.0, ""2024"": -89410.0, ""2025"": -135435.0, ""2026"": -91798.0}"
FADE_3min_e50d18_s5t8_rth,fade,3min,rth,36296,231.4,-1303.6,-204473.0,25.8,204508.0,0,4,"{""2023"": -23011.0, ""2024"": -57932.0, ""2025"": -77295.0, ""2026"": -46235.0}"
FADE_3min_e50d18_s6t12_all,fade,3min,all,65803,419.5,-1812.0,-284218.0,27.8,284371.0,0,4,"{""2023"": -25363.0, ""2024"": -71902.0, ""2025"": -112301.0, ""2026"": -74651.0}"
FADE_3min_e50d18_s6t12_rth,fade,3min,rth,34230,218.2,-1074.8,-168583.0,26.1,168690.0,0,4,"{""2023"": -18627.0, ""2024"": -45460.0, ""2025"": -65077.0, ""2026"": -39418.0}"
FADE_3min_e50d18_s8t16_all,fade,3min,all,57655,367.6,-1526.9,-239512.0,29.5,239610.0,0,4,"{""2023"": -20413.0, ""2024"": -58909.0, ""2025"": -93973.0, ""2026"": -66217.0}"
FADE_3min_e50d18_s8t16_rth,fade,3min,rth,31087,198.2,-903.7,-141753.0,28.7,141868.0,0,4,"{""2023"": -15089.0, ""2024"": -36655.0, ""2025"": -55578.0, ""2026"": -34430.0}"
FADE_3min_e50d18_s10t20_all,fade,3min,all,50662,323.0,-1315.4,-206327.0,30.4,206627.0,0,4,"{""2023"": -17082.0, ""2024"": -52573.0, ""2025"": -78851.0, ""2026"": -57820.0}"
FADE_3min_e50d18_s10t20_rth,fade,3min,rth,27905,177.9,-777.4,-121941.0,29.9,122159.0,0,4,"{""2023"": -12741.0, ""2024"": -32659.0, ""2025"": -46052.0, ""2026"": -30489.0}"
FADE_3min_e50d25_s5t8_all,fade,3min,all,56203,358.3,-1835.7,-287949.0,27.7,287937.0,0,4,"{""2023"": -23938.0, ""2024"": -70318.0, ""2025"": -114928.0, ""2026"": -78766.0}"
FADE_3min_e50d25_s5t8_rth,fade,3min,rth,30664,195.5,-1140.7,-178924.0,25.0,178928.0,0,4,"{""2023"": -19020.0, ""2024"": -48631.0, ""2025"": -69670.0, ""2026"": -41602.0}"
FADE_3min_e50d25_s6t12_all,fade,3min,all,52166,332.6,-1518.4,-238174.0,27.1,238160.0,0,4,"{""2023"": -19376.0, ""2024"": -56743.0, ""2025"": -95434.0, ""2026"": -66621.0}"
FADE_3min_e50d25_s6t12_rth,fade,3min,rth,29123,185.7,-952.8,-149449.0,25.6,149473.0,0,4,"{""2023"": -15632.0, ""2024"": -38659.0, ""2025"": -58957.0, ""2026"": -36200.0}"
FADE_3min_e50d25_s8t16_all,fade,3min,all,46626,297.3,-1298.0,-203602.0,29.1,203589.0,0,4,"{""2023"": -16141.0, ""2024"": -46607.0, ""2025"": -82856.0, ""2026"": -57998.0}"
FADE_3min_e50d25_s8t16_rth,fade,3min,rth,26721,170.4,-811.6,-127310.0,28.2,127354.0,0,4,"{""2023"": -12917.0, ""2024"": -30942.0, ""2025"": -51956.0, ""2026"": -31496.0}"
FADE_3min_e50d25_s10t20_all,fade,3min,all,41628,265.4,-1111.0,-174271.0,30.2,174303.0,0,4,"{""2023"": -14185.0, ""2024"": -40458.0, ""2025"": -68098.0, ""2026"": -51530.0}"
FADE_3min_e50d25_s10t20_rth,fade,3min,rth,24263,154.7,-697.8,-109458.0,29.7,109769.0,0,4,"{""2023"": -11120.0, ""2024"": -27486.0, ""2025"": -42758.0, ""2026"": -28094.0}"
IMPF_3min_w2i4_s5t10_all,impfade,3min,all,102119,651.0,-2687.1,-421494.0,27.3,421504.0,0,4,"{""2023"": -48137.0, ""2024"": -118599.0, ""2025"": -161392.0, ""2026"": -93365.0}"
IMPF_3min_w2i4_s5t10_rth,impfade,3min,rth,44587,284.3,-1414.0,-221793.0,24.5,221804.0,0,4,"{""2023"": -28276.0, ""2024"": -64877.0, ""2025"": -83783.0, ""2026"": -44857.0}"
IMPF_3min_w2i4_s6t15_all,impfade,3min,all,87288,556.5,-2102.0,-329713.0,25.1,329836.0,0,4,"{""2023"": -38163.0, ""2024"": -92148.0, ""2025"": -126637.0, ""2026"": -72766.0}"
IMPF_3min_w2i4_s6t15_rth,impfade,3min,rth,40814,260.2,-1134.3,-177920.0,23.8,178086.0,0,4,"{""2023"": -22512.0, ""2024"": -51391.0, ""2025"": -67120.0, ""2026"": -36898.0}"
IMPF_3min_w2i4_s8t20_all,impfade,3min,all,71367,455.0,-1678.0,-263206.0,26.2,263362.0,0,4,"{""2023"": -28986.0, ""2024"": -72228.0, ""2025"": -100250.0, ""2026"": -61742.0}"
IMPF_3min_w2i4_s8t20_rth,impfade,3min,rth,35695,227.6,-946.7,-148495.0,25.3,148643.0,0,4,"{""2023"": -17763.0, ""2024"": -43522.0, ""2025"": -54799.0, ""2026"": -32411.0}"
IMPF_3min_w2i4_s8t30_all,impfade,3min,all,59634,380.2,-1397.3,-219174.0,19.4,219385.0,0,4,"{""2023"": -24454.0, ""2024"": -63486.0, ""2025"": -77819.0, ""2026"": -53415.0}"
IMPF_3min_w2i4_s8t30_rth,impfade,3min,rth,31267,199.3,-823.7,-129198.0,18.7,129367.0,0,4,"{""2023"": -15157.0, ""2024"": -42904.0, ""2025"": -44253.0, ""2026"": -26884.0}"
IMPF_3min_w2i6_s5t10_all,impfade,3min,all,90246,575.3,-2402.5,-376849.0,27.2,376883.0,0,4,"{""2023"": -41154.0, ""2024"": -103893.0, ""2025"": -145072.0, ""2026"": -86730.0}"
IMPF_3min_w2i6_s5t10_rth,impfade,3min,rth,41155,262.4,-1320.6,-207151.0,24.3,207193.0,0,4,"{""2023"": -25899.0, ""2024"": -61173.0, ""2025"": -78721.0, ""2026"": -41357.0}"
IMPF_3min_w2i6_s6t15_all,impfade,3min,all,79738,508.3,-1932.8,-303173.0,25.1,303324.0,0,4,"{""2023"": -32109.0, ""2024"": -84325.0, ""2025"": -117511.0, ""2026"": -69228.0}"
IMPF_3min_w2i6_s6t15_rth,impfade,3min,rth,38185,243.4,-1077.0,-168933.0,23.6,169117.0,0,4,"{""2023"": -19614.0, ""2024"": -48027.0, ""2025"": -64993.0, ""2026"": -36298.0}"
IMPF_3min_w2i6_s8t20_all,impfade,3min,all,67053,427.5,-1558.4,-244447.0,26.2,244603.0,0,4,"{""2023"": -24663.0, ""2024"": -64983.0, ""2025"": -95898.0, ""2026"": -58903.0}"
IMPF_3min_w2i6_s8t20_rth,impfade,3min,rth,33936,216.3,-904.4,-141855.0,25.3,142082.0,0,4,"{""2023"": -15993.0, ""2024"": -41245.0, ""2025"": -53367.0, ""2026"": -31249.0}"
IMPF_3min_w2i6_s8t30_all,impfade,3min,all,56737,361.7,-1278.8,-200593.0,19.5,200846.0,0,4,"{""2023"": -19964.0, ""2024"": -57195.0, ""2025"": -75262.0, ""2026"": -48171.0}"
IMPF_3min_w2i6_s8t30_rth,impfade,3min,rth,29961,191.0,-769.4,-120683.0,18.9,120757.0,0,4,"{""2023"": -12974.0, ""2024"": -39820.0, ""2025"": -41971.0, ""2026"": -25917.0}"
IMPF_3min_w2i9_s5t10_all,impfade,3min,all,71732,457.3,-2040.4,-320045.0,26.2,320123.0,0,4,"{""2023"": -30727.0, ""2024"": -85073.0, ""2025"": -125649.0, ""2026"": -78597.0}"
IMPF_3min_w2i9_s5t10_rth,impfade,3min,rth,35528,226.5,-1197.8,-187882.0,23.5,187890.0,0,4,"{""2023"": -21564.0, ""2024"": -54637.0, ""2025"": -71981.0, ""2026"": -39700.0}"
IMPF_3min_w2i9_s6t15_all,impfade,3min,all,66464,423.7,-1680.8,-263644.0,24.7,263823.0,0,4,"{""2023"": -25036.0, ""2024"": -69593.0, ""2025"": -104207.0, ""2026"": -64808.0}"
IMPF_3min_w2i9_s6t15_rth,impfade,3min,rth,33792,215.4,-983.6,-154285.0,23.3,154420.0,0,4,"{""2023"": -17182.0, ""2024"": -42794.0, ""2025"": -60145.0, ""2026"": -34163.0}"
IMPF_3min_w2i9_s8t20_all,impfade,3min,all,58634,373.8,-1391.4,-218253.0,26.1,218446.0,0,4,"{""2023"": -20795.0, ""2024"": -56534.0, ""2025"": -86502.0, ""2026"": -54422.0}"
IMPF_3min_w2i9_s8t20_rth,impfade,3min,rth,30848,196.7,-812.6,-127463.0,25.4,127541.0,0,4,"{""2023"": -14142.0, ""2024"": -35136.0, ""2025"": -48809.0, ""2026"": -29375.0}"
IMPF_3min_w2i9_s8t30_all,impfade,3min,all,51066,325.6,-1163.1,-182440.0,19.5,182670.0,0,4,"{""2023"": -17539.0, ""2024"": -50321.0, ""2025"": -70376.0, ""2026"": -44204.0}"
IMPF_3min_w2i9_s8t30_rth,impfade,3min,rth,27605,176.0,-691.7,-108492.0,19.0,108531.0,0,4,"{""2023"": -11507.0, ""2024"": -32850.0, ""2025"": -40426.0, ""2026"": -23708.0}"
IMPF_3min_w2i14_s5t10_all,impfade,3min,all,47020,299.8,-1448.6,-227220.0,25.0,227207.0,0,4,"{""2023"": -17651.0, ""2024"": -55622.0, ""2025"": -93727.0, ""2026"": -60220.0}"
IMPF_3min_w2i14_s5t10_rth,impfade,3min,rth,26543,169.2,-947.2,-148580.0,22.5,148615.0,0,4,"{""2023"": -14198.0, ""2024"": -41147.0, ""2025"": -59781.0, ""2026"": -33453.0}"
IMPF_3min_w2i14_s6t15_all,impfade,3min,all,45528,290.3,-1208.5,-189560.0,24.2,189545.0,0,4,"{""2023"": -15080.0, ""2024"": -45214.0, ""2025"": -78798.0, ""2026"": -50468.0}"
IMPF_3min_w2i14_s6t15_rth,impfade,3min,rth,25936,165.3,-778.8,-122160.0,22.9,122304.0,0,4,"{""2023"": -11221.0, ""2024"": -32271.0, ""2025"": -49384.0, ""2026"": -29285.0}"
IMPF_3min_w2i14_s8t20_all,impfade,3min,all,42724,272.4,-1078.4,-169163.0,25.7,169145.0,0,4,"{""2023"": -13650.0, ""2024"": -38285.0, ""2025"": -69703.0, ""2026"": -47525.0}"
IMPF_3min_w2i14_s8t20_rth,impfade,3min,rth,24609,156.9,-682.4,-107033.0,25.0,107034.0,0,4,"{""2023"": -8901.0, ""2024"": -27217.0, ""2025"": -43344.0, ""2026"": -27571.0}"
IMPF_3min_w2i14_s8t30_all,impfade,3min,all,39090,249.2,-929.5,-145802.0,19.3,145860.0,0,4,"{""2023"": -12815.0, ""2024"": -35921.0, ""2025"": -54833.0, ""2026"": -42233.0}"
IMPF_3min_w2i14_s8t30_rth,impfade,3min,rth,22752,145.0,-576.0,-90351.0,19.0,90452.0,0,4,"{""2023"": -8594.0, ""2024"": -25326.0, ""2025"": -33624.0, ""2026"": -22808.0}"
IMPF_3min_w3i4_s5t10_all,impfade,3min,all,105259,671.1,-2741.1,-429957.0,27.5,429949.0,0,4,"{""2023"": -49621.0, ""2024"": -120041.0, ""2025"": -163256.0, ""2026"": -97039.0}"
IMPF_3min_w3i4_s5t10_rth,impfade,3min,rth,45554,290.4,-1432.1,-224630.0,24.7,224654.0,0,4,"{""2023"": -28925.0, ""2024"": -66268.0, ""2025"": -83335.0, ""2026"": -46102.0}"
IMPF_3min_w3i4_s6t15_all,impfade,3min,all,89343,569.6,-2121.5,-332770.0,25.3,332839.0,0,4,"{""2023"": -36647.0, ""2024"": -91845.0, ""2025"": -127065.0, ""2026"": -77212.0}"
IMPF_3min_w3i4_s6t15_rth,impfade,3min,rth,41601,265.2,-1165.6,-182840.0,23.7,182944.0,0,4,"{""2023"": -22995.0, ""2024"": -52935.0, ""2025"": -66195.0, ""2026"": -40716.0}"
IMPF_3min_w3i4_s8t20_all,impfade,3min,all,72595,462.8,-1643.6,-257807.0,26.4,257962.0,0,4,"{""2023"": -25627.0, ""2024"": -71828.0, ""2025"": -99724.0, ""2026"": -60628.0}"
IMPF_3min_w3i4_s8t20_rth,impfade,3min,rth,36213,230.9,-957.2,-150144.0,25.3,150321.0,0,4,"{""2023"": -17888.0, ""2024"": -43971.0, ""2025"": -55690.0, ""2026"": -32596.0}"
IMPF_3min_w3i4_s8t30_all,impfade,3min,all,60528,385.9,-1366.4,-214330.0,19.5,214700.0,0,4,"{""2023"": -21091.0, ""2024"": -60005.0, ""2025"": -80720.0, ""2026"": -52514.0}"
IMPF_3min_w3i4_s8t30_rth,impfade,3min,rth,31636,201.7,-802.3,-125844.0,18.9,125873.0,0,4,"{""2023"": -13147.0, ""2024"": -39066.0, ""2025"": -46360.0, ""2026"": -27271.0}"
IMPF_3min_w3i6_s5t10_all,impfade,3min,all,96212,613.4,-2544.8,-399163.0,27.3,399167.0,0,4,"{""2023"": -44912.0, ""2024"": -109420.0, ""2025"": -151027.0, ""2026"": -93804.0}"
IMPF_3min_w3i6_s5t10_rth,impfade,3min,rth,42900,273.5,-1373.1,-215382.0,24.4,215406.0,0,4,"{""2023"": -27467.0, ""2024"": -63200.0, ""2025"": -80036.0, ""2026"": -44679.0}"
IMPF_3min_w3i6_s6t15_all,impfade,3min,all,83766,534.0,-2003.6,-314283.0,25.2,314310.0,0,4,"{""2023"": -34056.0, ""2024"": -86916.0, ""2025"": -118880.0, ""2026"": -74432.0}"
IMPF_3min_w3i6_s6t15_rth,impfade,3min,rth,39652,252.8,-1106.8,-173613.0,23.7,173755.0,0,4,"{""2023"": -21227.0, ""2024"": -51340.0, ""2025"": -62586.0, ""2026"": -38459.0}"
IMPF_3min_w3i6_s8t20_all,impfade,3min,all,69471,442.9,-1571.6,-246514.0,26.4,246591.0,0,4,"{""2023"": -25741.0, ""2024"": -65173.0, ""2025"": -95991.0, ""2026"": -59610.0}"
IMPF_3min_w3i6_s8t20_rth,impfade,3min,rth,34952,222.8,-922.1,-144641.0,25.4,144812.0,0,4,"{""2023"": -17688.0, ""2024"": -42152.0, ""2025"": -54048.0, ""2026"": -30753.0}"
IMPF_3min_w3i6_s8t30_all,impfade,3min,all,58525,373.1,-1308.5,-205252.0,19.6,205439.0,0,4,"{""2023"": -22184.0, ""2024"": -54135.0, ""2025"": -77879.0, ""2026"": -51053.0}"
IMPF_3min_w3i6_s8t30_rth,impfade,3min,rth,30742,196.0,-770.1,-120797.0,19.0,120948.0,0,4,"{""2023"": -14192.0, ""2024"": -37524.0, ""2025"": -44032.0, ""2026"": -25048.0}"
IMPF_3min_w3i9_s5t10_all,impfade,3min,all,80455,512.9,-2242.7,-351782.0,26.5,351823.0,0,4,"{""2023"": -35994.0, ""2024"": -91561.0, ""2025"": -137430.0, ""2026"": -86797.0}"
IMPF_3min_w3i9_s5t10_rth,impfade,3min,rth,38355,244.5,-1259.2,-197517.0,24.0,197528.0,0,4,"{""2023"": -23931.0, ""2024"": -56734.0, ""2025"": -75030.0, ""2026"": -41821.0}"
IMPF_3min_w3i9_s6t15_all,impfade,3min,all,73103,466.0,-1818.1,-285184.0,24.8,285268.0,0,4,"{""2023"": -28454.0, ""2024"": -76915.0, ""2025"": -109395.0, ""2026"": -70421.0}"
IMPF_3min_w3i9_s6t15_rth,impfade,3min,rth,36129,230.3,-1020.2,-160028.0,23.6,160114.0,0,4,"{""2023"": -18800.0, ""2024"": -46152.0, ""2025"": -59285.0, ""2026"": -35792.0}"
IMPF_3min_w3i9_s8t20_all,impfade,3min,all,63137,402.5,-1471.1,-230753.0,26.2,230868.0,0,4,"{""2023"": -22348.0, ""2024"": -61593.0, ""2025"": -89957.0, ""2026"": -56855.0}"
IMPF_3min_w3i9_s8t20_rth,impfade,3min,rth,32538,207.4,-850.3,-133379.0,25.4,133455.0,0,4,"{""2023"": -15727.0, ""2024"": -38734.0, ""2025"": -48986.0, ""2026"": -29933.0}"
IMPF_3min_w3i9_s8t30_all,impfade,3min,all,54364,346.6,-1235.5,-193795.0,19.5,193962.0,0,4,"{""2023"": -20284.0, ""2024"": -54720.0, ""2025"": -70072.0, ""2026"": -48720.0}"
IMPF_3min_w3i9_s8t30_rth,impfade,3min,rth,28976,184.7,-721.3,-113136.0,19.0,113234.0,0,4,"{""2023"": -12424.0, ""2024"": -36431.0, ""2025"": -38361.0, ""2026"": -25920.0}"
IMPF_3min_w3i14_s5t10_all,impfade,3min,all,56817,362.2,-1705.7,-267550.0,25.4,267568.0,0,4,"{""2023"": -21858.0, ""2024"": -65964.0, ""2025"": -108934.0, ""2026"": -70794.0}"
IMPF_3min_w3i14_s5t10_rth,impfade,3min,rth,30414,193.9,-1068.6,-167624.0,22.8,167635.0,0,4,"{""2023"": -17070.0, ""2024"": -45670.0, ""2025"": -66843.0, ""2026"": -38041.0}"
IMPF_3min_w3i14_s6t15_all,impfade,3min,all,54219,345.7,-1388.1,-217737.0,24.6,217788.0,0,4,"{""2023"": -17387.0, ""2024"": -53100.0, ""2025"": -89764.0, ""2026"": -57485.0}"
IMPF_3min_w3i14_s6t15_rth,impfade,3min,rth,29431,187.6,-871.5,-136700.0,23.1,136800.0,0,4,"{""2023"": -12971.0, ""2024"": -36018.0, ""2025"": -54706.0, ""2026"": -33005.0}"
IMPF_3min_w3i14_s8t20_all,impfade,3min,all,49686,316.8,-1205.5,-189095.0,25.9,189314.0,0,4,"{""2023"": -13634.0, ""2024"": -48334.0, ""2025"": -77958.0, ""2026"": -49169.0}"
IMPF_3min_w3i14_s8t20_rth,impfade,3min,rth,27478,175.2,-758.8,-119018.0,25.0,119110.0,0,4,"{""2023"": -9670.0, ""2024"": -31873.0, ""2025"": -48710.0, ""2026"": -28765.0}"
IMPF_3min_w3i14_s8t30_all,impfade,3min,all,44712,285.0,-1045.4,-163979.0,19.4,164446.0,0,4,"{""2023"": -11477.0, ""2024"": -48378.0, ""2025"": -61530.0, ""2026"": -42593.0}"
IMPF_3min_w3i14_s8t30_rth,impfade,3min,rth,25182,160.5,-649.2,-101839.0,18.9,101936.0,0,4,"{""2023"": -7460.0, ""2024"": -32283.0, ""2025"": -37020.0, ""2026"": -25077.0}"
THR_3min_k1.5_s6t12_all,thrust,3min,all,28040,178.8,-761.4,-119428.0,27.9,119493.0,0,4,"{""2023"": -16438.0, ""2024"": -36000.0, ""2025"": -41298.0, ""2026"": -25692.0}"
THR_3min_k1.5_s6t12_rth,thrust,3min,rth,9732,62.0,-347.8,-54548.0,24.3,54767.0,0,4,"{""2023"": -7381.0, ""2024"": -16321.0, ""2025"": -19524.0, ""2026"": -11323.0}"
THR_3min_k1.5_s8t16_all,thrust,3min,all,25282,161.2,-681.3,-106873.0,29.3,107061.0,0,4,"{""2023"": -14957.0, ""2024"": -29669.0, ""2025"": -37455.0, ""2026"": -24792.0}"
THR_3min_k1.5_s8t16_rth,thrust,3min,rth,9427,60.1,-318.8,-50008.0,27.1,50504.0,0,4,"{""2023"": -6769.0, ""2024"": -13332.0, ""2025"": -18116.0, ""2026"": -11791.0}"
THR_3min_k1.5_s10t25_all,thrust,3min,all,21642,138.0,-475.0,-74507.0,27.0,75401.0,0,4,"{""2023"": -7951.0, ""2024"": -16828.0, ""2025"": -28580.0, ""2026"": -21147.0}"
THR_3min_k1.5_s10t25_rth,thrust,3min,rth,8823,56.2,-214.6,-33660.0,26.5,34301.0,0,4,"{""2023"": -3422.0, ""2024"": -6871.0, ""2025"": -12874.0, ""2026"": -10494.0}"
THR_3min_k1.5_s12t36_all,thrust,3min,all,18190,116.0,-367.2,-57599.0,24.2,58062.0,0,4,"{""2023"": -6175.0, ""2024"": -13427.0, ""2025"": -22117.0, ""2026"": -15880.0}"
THR_3min_k1.5_s12t36_rth,thrust,3min,rth,8084,51.5,-177.8,-27893.0,23.9,28547.0,0,4,"{""2023"": -4166.0, ""2024"": -6121.0, ""2025"": -9410.0, ""2026"": -8195.0}"
THR_3min_k2.0_s6t12_all,thrust,3min,all,11021,70.3,-317.0,-49718.0,27.3,49711.0,0,4,"{""2023"": -7100.0, ""2024"": -15123.0, ""2025"": -16902.0, ""2026"": -10592.0}"
THR_3min_k2.0_s6t12_rth,thrust,3min,rth,3837,24.5,-154.5,-24239.0,22.3,24284.0,0,4,"{""2023"": -3025.0, ""2024"": -7126.0, ""2025"": -8758.0, ""2026"": -5330.0}"
THR_3min_k2.0_s8t16_all,thrust,3min,all,10452,66.6,-288.9,-45322.0,29.1,45335.0,0,4,"{""2023"": -6108.0, ""2024"": -11904.0, ""2025"": -16789.0, ""2026"": -10521.0}"
THR_3min_k2.0_s8t16_rth,thrust,3min,rth,3796,24.2,-141.6,-22205.0,26.0,22337.0,0,4,"{""2023"": -2369.0, ""2024"": -5714.0, ""2025"": -8672.0, ""2026"": -5450.0}"
THR_3min_k2.0_s10t25_all,thrust,3min,all,9538,60.8,-227.4,-35665.0,26.6,35793.0,0,4,"{""2023"": -3811.0, ""2024"": -9001.0, ""2025"": -13439.0, ""2026"": -9415.0}"
THR_3min_k2.0_s10t25_rth,thrust,3min,rth,3686,23.5,-90.6,-14211.0,26.4,14537.0,0,4,"{""2023"": -584.0, ""2024"": -2704.0, ""2025"": -5846.0, ""2026"": -5077.0}"
THR_3min_k2.0_s12t36_all,thrust,3min,all,8593,54.8,-188.9,-29630.0,23.9,29714.0,0,4,"{""2023"": -3578.0, ""2024"": -9014.0, ""2025"": -10572.0, ""2026"": -6466.0}"
THR_3min_k2.0_s12t36_rth,thrust,3min,rth,3507,22.4,-78.6,-12328.0,23.8,12534.0,0,4,"{""2023"": -1682.0, ""2024"": -2125.0, ""2025"": -4181.0, ""2026"": -4340.0}"
THR_3min_k3.0_s6t12_all,thrust,3min,all,2393,15.3,-84.9,-13323.0,24.4,13387.0,0,4,"{""2023"": -1810.0, ""2024"": -3851.0, ""2025"": -4873.0, ""2026"": -2788.0}"
THR_3min_k3.0_s6t12_rth,thrust,3min,rth,947,6.0,-43.3,-6795.0,20.0,6825.0,0,4,"{""2023"": -641.0, ""2024"": -2114.0, ""2025"": -2660.0, ""2026"": -1380.0}"
THR_3min_k3.0_s8t16_all,thrust,3min,all,2365,15.1,-74.9,-11745.0,27.8,11870.0,0,4,"{""2023"": -1250.0, ""2024"": -2930.0, ""2025"": -5068.0, ""2026"": -2497.0}"
THR_3min_k3.0_s8t16_rth,thrust,3min,rth,945,6.0,-41.3,-6484.0,23.9,6560.0,0,4,"{""2023"": -420.0, ""2024"": -2016.0, ""2025"": -2865.0, ""2026"": -1182.0}"
THR_3min_k3.0_s10t25_all,thrust,3min,all,2324,14.8,-47.8,-7505.0,27.3,8191.0,1,4,"{""2023"": 356.0, ""2024"": -2158.0, ""2025"": -3502.0, ""2026"": -2200.0}"
THR_3min_k3.0_s10t25_rth,thrust,3min,rth,939,6.0,-25.2,-3958.0,25.9,4506.0,1,4,"{""2023"": 306.0, ""2024"": -1754.0, ""2025"": -1686.0, ""2026"": -825.0}"
THR_3min_k3.0_s12t36_all,thrust,3min,all,2258,14.4,-39.1,-6128.0,24.8,7076.0,1,4,"{""2023"": 238.0, ""2024"": -1804.0, ""2025"": -3434.0, ""2026"": -1129.0}"
THR_3min_k3.0_s12t36_rth,thrust,3min,rth,926,5.9,-16.6,-2596.0,24.5,3138.0,0,4,"{""2023"": -22.0, ""2024"": -978.0, ""2025"": -1233.0, ""2026"": -364.0}"
DON_5min_N8_s4t8_all,don,5min,all,27261,173.8,-862.9,-135357.0,22.4,135350.0,0,4,"{""2023"": -20691.0, ""2024"": -42597.0, ""2025"": -45777.0, ""2026"": -26292.0}"
DON_5min_N8_s4t8_rth,don,5min,rth,9565,61.0,-374.0,-58669.0,17.7,58683.0,0,4,"{""2023"": -8943.0, ""2024"": -20513.0, ""2025"": -19413.0, ""2026"": -9801.0}"
DON_5min_N8_s6t12_all,don,5min,all,25089,159.9,-770.1,-120792.0,26.4,120823.0,0,4,"{""2023"": -16861.0, ""2024"": -35657.0, ""2025"": -42893.0, ""2026"": -25380.0}"
DON_5min_N8_s6t12_rth,don,5min,rth,9348,59.6,-358.9,-56296.0,23.1,56318.0,0,4,"{""2023"": -6986.0, ""2024"": -19302.0, ""2025"": -19720.0, ""2026"": -10288.0}"
DON_5min_N8_s8t16_all,don,5min,all,22827,145.5,-662.1,-103857.0,28.7,103871.0,0,4,"{""2023"": -14412.0, ""2024"": -29946.0, ""2025"": -37682.0, ""2026"": -21816.0}"
DON_5min_N8_s8t16_rth,don,5min,rth,9009,57.4,-328.7,-51555.0,26.3,51597.0,0,4,"{""2023"": -6642.0, ""2024"": -17085.0, ""2025"": -18296.0, ""2026"": -9532.0}"
DON_5min_N8_s10t20_all,don,5min,all,20844,132.9,-592.5,-92935.0,29.8,93006.0,0,4,"{""2023"": -11099.0, ""2024"": -27532.0, ""2025"": -34693.0, ""2026"": -19611.0}"
DON_5min_N8_s10t20_rth,don,5min,rth,8632,55.0,-293.3,-46013.0,28.3,46539.0,0,4,"{""2023"": -4844.0, ""2024"": -15304.0, ""2025"": -16430.0, ""2026"": -9434.0}"
DON_5min_N8_s10t30_all,don,5min,all,18804,119.9,-467.8,-73370.0,23.1,73659.0,0,4,"{""2023"": -9487.0, ""2024"": -21265.0, ""2025"": -27661.0, ""2026"": -14956.0}"
DON_5min_N8_s10t30_rth,don,5min,rth,8175,52.1,-231.9,-36376.0,22.4,37193.0,0,4,"{""2023"": -3443.0, ""2024"": -12010.0, ""2025"": -13330.0, ""2026"": -7592.0}"
DON_5min_N8_s12t40_all,don,5min,all,16354,104.3,-432.8,-67881.0,21.4,68188.0,0,4,"{""2023"": -7743.0, ""2024"": -21772.0, ""2025"": -25410.0, ""2026"": -12957.0}"
DON_5min_N8_s12t40_rth,don,5min,rth,7586,48.4,-237.1,-37183.0,20.6,38099.0,0,4,"{""2023"": -3097.0, ""2024"": -13019.0, ""2025"": -12461.0, ""2026"": -8606.0}"
DON_5min_N12_s4t8_all,don,5min,all,22181,141.4,-708.6,-111155.0,22.2,111144.0,0,4,"{""2023"": -17329.0, ""2024"": -34237.0, ""2025"": -38096.0, ""2026"": -21494.0}"
DON_5min_N12_s4t8_rth,don,5min,rth,7812,49.8,-309.6,-48565.0,17.3,48579.0,0,4,"{""2023"": -7584.0, ""2024"": -16785.0, ""2025"": -16016.0, ""2026"": -8180.0}"
DON_5min_N12_s6t12_all,don,5min,all,20584,131.2,-636.6,-99851.0,26.3,99853.0,0,4,"{""2023"": -14202.0, ""2024"": -29885.0, ""2025"": -35106.0, ""2026"": -20658.0}"
DON_5min_N12_s6t12_rth,don,5min,rth,7648,48.8,-296.0,-46423.0,23.0,46445.0,0,4,"{""2023"": -5976.0, ""2024"": -16246.0, ""2025"": -15821.0, ""2026"": -8380.0}"
DON_5min_N12_s8t16_all,don,5min,all,18919,120.6,-551.6,-86520.0,28.6,86502.0,0,4,"{""2023"": -12957.0, ""2024"": -25102.0, ""2025"": -31080.0, ""2026"": -17382.0}"
DON_5min_N12_s8t16_rth,don,5min,rth,7396,47.2,-277.1,-43459.0,25.9,43489.0,0,4,"{""2023"": -6205.0, ""2024"": -14507.0, ""2025"": -15120.0, ""2026"": -7626.0}"
DON_5min_N12_s10t20_all,don,5min,all,17408,111.0,-509.3,-79893.0,29.5,79924.0,0,4,"{""2023"": -10513.0, ""2024"": -24073.0, ""2025"": -29189.0, ""2026"": -16118.0}"
DON_5min_N12_s10t20_rth,don,5min,rth,7122,45.4,-260.3,-40836.0,27.6,40971.0,0,4,"{""2023"": -5097.0, ""2024"": -14204.0, ""2025"": -14052.0, ""2026"": -7482.0}"
DON_5min_N12_s10t30_all,don,5min,all,15866,101.1,-398.1,-62445.0,23.0,62703.0,0,4,"{""2023"": -8669.0, ""2024"": -17831.0, ""2025"": -23863.0, ""2026"": -12082.0}"
DON_5min_N12_s10t30_rth,don,5min,rth,6773,43.2,-204.1,-32016.0,22.0,32591.0,0,4,"{""2023"": -3407.0, ""2024"": -11346.0, ""2025"": -11311.0, ""2026"": -5951.0}"
DON_5min_N12_s12t40_all,don,5min,all,14003,89.3,-366.6,-57505.0,21.4,58276.0,0,4,"{""2023"": -6113.0, ""2024"": -17633.0, ""2025"": -23156.0, ""2026"": -10604.0}"
DON_5min_N12_s12t40_rth,don,5min,rth,6322,40.3,-199.7,-31326.0,20.6,32122.0,0,4,"{""2023"": -3057.0, ""2024"": -10890.0, ""2025"": -11271.0, ""2026"": -6107.0}"
DON_5min_N20_s4t8_all,don,5min,all,17023,108.5,-548.8,-86088.0,22.1,86077.0,0,4,"{""2023"": -13063.0, ""2024"": -27366.0, ""2025"": -29148.0, ""2026"": -16511.0}"
DON_5min_N20_s4t8_rth,don,5min,rth,6130,39.1,-243.7,-38223.0,17.2,38237.0,0,4,"{""2023"": -5748.0, ""2024"": -13276.0, ""2025"": -12731.0, ""2026"": -6468.0}"
DON_5min_N20_s6t12_all,don,5min,all,15877,101.2,-484.2,-75953.0,26.5,75983.0,0,4,"{""2023"": -10164.0, ""2024"": -23799.0, ""2025"": -26746.0, ""2026"": -15244.0}"
DON_5min_N20_s6t12_rth,don,5min,rth,6000,38.3,-232.5,-36463.0,23.0,36485.0,0,4,"{""2023"": -4484.0, ""2024"": -12761.0, ""2025"": -12634.0, ""2026"": -6584.0}"
DON_5min_N20_s8t16_all,don,5min,all,14723,93.9,-422.3,-66244.0,28.8,66318.0,0,4,"{""2023"": -9161.0, ""2024"": -20088.0, ""2025"": -24063.0, ""2026"": -12932.0}"
DON_5min_N20_s8t16_rth,don,5min,rth,5821,37.1,-220.6,-34609.0,25.8,34639.0,0,4,"{""2023"": -4408.0, ""2024"": -11611.0, ""2025"": -12438.0, ""2026"": -6151.0}"
DON_5min_N20_s10t20_all,don,5min,all,13668,87.1,-380.0,-59599.0,29.9,59746.0,0,4,"{""2023"": -7616.0, ""2024"": -18434.0, ""2025"": -22447.0, ""2026"": -11101.0}"
DON_5min_N20_s10t20_rth,don,5min,rth,5623,35.8,-215.4,-33788.0,27.2,33908.0,0,4,"{""2023"": -3446.0, ""2024"": -11702.0, ""2025"": -12601.0, ""2026"": -6040.0}"
DON_5min_N20_s10t30_all,don,5min,all,12566,80.1,-294.6,-46206.0,23.3,46482.0,0,4,"{""2023"": -6576.0, ""2024"": -14773.0, ""2025"": -17446.0, ""2026"": -7411.0}"
DON_5min_N20_s10t30_rth,don,5min,rth,5347,34.1,-164.1,-25748.0,21.9,26203.0,0,4,"{""2023"": -2298.0, ""2024"": -9514.0, ""2025"": -9376.0, ""2026"": -4560.0}"
DON_5min_N20_s12t40_all,don,5min,all,11240,71.7,-260.2,-40811.0,21.9,41129.0,0,4,"{""2023"": -5688.0, ""2024"": -11692.0, ""2025"": -17101.0, ""2026"": -6330.0}"
DON_5min_N20_s12t40_rth,don,5min,rth,5024,32.0,-156.0,-24464.0,20.7,25036.0,0,4,"{""2023"": -1870.0, ""2024"": -8051.0, ""2025"": -9608.0, ""2026"": -4935.0}"
DON_5min_N40_s4t8_all,don,5min,all,12081,77.0,-404.8,-63500.0,21.2,63493.0,0,4,"{""2023"": -9591.0, ""2024"": -20161.0, ""2025"": -21748.0, ""2026"": -12001.0}"
DON_5min_N40_s4t8_rth,don,5min,rth,4602,29.3,-187.1,-29345.0,16.7,29335.0,0,4,"{""2023"": -4625.0, ""2024"": -10136.0, ""2025"": -9681.0, ""2026"": -4903.0}"
DON_5min_N40_s6t12_all,don,5min,all,11324,72.2,-358.2,-56180.0,26.0,56182.0,0,4,"{""2023"": -7890.0, ""2024"": -16908.0, ""2025"": -20275.0, ""2026"": -11107.0}"
DON_5min_N40_s6t12_rth,don,5min,rth,4511,28.8,-179.9,-28218.0,22.5,28211.0,0,4,"{""2023"": -3566.0, ""2024"": -9553.0, ""2025"": -10126.0, ""2026"": -4974.0}"
DON_5min_N40_s8t16_all,don,5min,all,10607,67.6,-322.9,-50645.0,28.2,50721.0,0,4,"{""2023"": -7691.0, ""2024"": -14624.0, ""2025"": -18421.0, ""2026"": -9910.0}"
DON_5min_N40_s8t16_rth,don,5min,rth,4378,27.9,-168.3,-26401.0,25.6,26442.0,0,4,"{""2023"": -3600.0, ""2024"": -8461.0, ""2025"": -9670.0, ""2026"": -4670.0}"
DON_5min_N40_s10t20_all,don,5min,all,9942,63.4,-289.2,-45367.0,29.6,45483.0,0,4,"{""2023"": -5842.0, ""2024"": -13033.0, ""2025"": -17982.0, ""2026"": -8510.0}"
DON_5min_N40_s10t20_rth,don,5min,rth,4220,26.9,-157.6,-24722.0,27.4,24824.0,0,4,"{""2023"": -2194.0, ""2024"": -8442.0, ""2025"": -9652.0, ""2026"": -4435.0}"
DON_5min_N40_s10t30_all,don,5min,all,9243,58.9,-218.0,-34201.0,23.3,34414.0,0,4,"{""2023"": -5074.0, ""2024"": -9851.0, ""2025"": -13120.0, ""2026"": -6156.0}"
DON_5min_N40_s10t30_rth,don,5min,rth,4031,25.7,-120.4,-18891.0,22.1,19159.0,0,4,"{""2023"": -1601.0, ""2024"": -6905.0, ""2025"": -7180.0, ""2026"": -3205.0}"
DON_5min_N40_s12t40_all,don,5min,all,8366,53.3,-197.2,-30929.0,21.8,31321.0,0,4,"{""2023"": -4406.0, ""2024"": -8871.0, ""2025"": -12332.0, ""2026"": -5321.0}"
DON_5min_N40_s12t40_rth,don,5min,rth,3793,24.2,-116.9,-18330.0,20.7,18982.0,0,4,"{""2023"": -1253.0, ""2024"": -6746.0, ""2025"": -7295.0, ""2026"": -3036.0}"
FADE_5min_e20d8_s5t8_all,fade,5min,all,64388,410.5,-2120.0,-332535.0,27.5,332523.0,0,4,"{""2023"": -36508.0, ""2024"": -92208.0, ""2025"": -126169.0, ""2026"": -77651.0}"
FADE_5min_e20d8_s5t8_rth,fade,5min,rth,27654,176.3,-1106.5,-173564.0,23.3,173586.0,0,4,"{""2023"": -24277.0, ""2024"": -51528.0, ""2025"": -62792.0, ""2026"": -34968.0}"
FADE_5min_e20d8_s6t12_all,fade,5min,all,59443,379.0,-1781.6,-279451.0,26.7,279564.0,0,4,"{""2023"": -28435.0, ""2024"": -74700.0, ""2025"": -109199.0, ""2026"": -67118.0}"
FADE_5min_e20d8_s6t12_rth,fade,5min,rth,26574,169.4,-936.8,-146937.0,24.5,146997.0,0,4,"{""2023"": -19028.0, ""2024"": -42128.0, ""2025"": -53754.0, ""2026"": -32028.0}"
FADE_5min_e20d8_s8t16_all,fade,5min,all,52738,336.2,-1524.5,-239122.0,28.7,239288.0,0,4,"{""2023"": -23384.0, ""2024"": -62928.0, ""2025"": -92934.0, ""2026"": -59877.0}"
FADE_5min_e20d8_s8t16_rth,fade,5min,rth,24758,157.8,-828.9,-130012.0,27.2,130102.0,0,4,"{""2023"": -16135.0, ""2024"": -35207.0, ""2025"": -48424.0, ""2026"": -30246.0}"
FADE_5min_e20d8_s10t20_all,fade,5min,all,46607,297.1,-1265.4,-198488.0,30.1,198724.0,0,4,"{""2023"": -19532.0, ""2024"": -52613.0, ""2025"": -78405.0, ""2026"": -47937.0}"
FADE_5min_e20d8_s10t20_rth,fade,5min,rth,22806,145.4,-711.6,-111618.0,29.0,111772.0,0,4,"{""2023"": -13145.0, ""2024"": -28152.0, ""2025"": -43614.0, ""2026"": -26707.0}"
FADE_5min_e20d12_s5t8_all,fade,5min,all,53036,338.1,-1825.3,-286304.0,26.6,286323.0,0,4,"{""2023"": -29185.0, ""2024"": -76577.0, ""2025"": -109538.0, ""2026"": -71004.0}"
FADE_5min_e20d12_s5t8_rth,fade,5min,rth,24719,157.6,-1013.4,-158963.0,22.8,158982.0,0,4,"{""2023"": -20759.0, ""2024"": -46605.0, ""2025"": -57956.0, ""2026"": -33642.0}"
FADE_5min_e20d12_s6t12_all,fade,5min,all,49975,318.6,-1575.4,-247117.0,26.1,247210.0,0,4,"{""2023"": -23212.0, ""2024"": -64516.0, ""2025"": -96846.0, ""2026"": -62543.0}"
FADE_5min_e20d12_s6t12_rth,fade,5min,rth,23939,152.6,-878.6,-137816.0,23.8,137908.0,0,4,"{""2023"": -16576.0, ""2024"": -38742.0, ""2025"": -50853.0, ""2026"": -31645.0}"
FADE_5min_e20d12_s8t16_all,fade,5min,all,45577,290.6,-1384.1,-217108.0,28.2,217297.0,0,4,"{""2023"": -19949.0, ""2024"": -55047.0, ""2025"": -85156.0, ""2026"": -56956.0}"
FADE_5min_e20d12_s8t16_rth,fade,5min,rth,22545,143.7,-773.3,-121301.0,27.0,121431.0,0,4,"{""2023"": -13369.0, ""2024"": -31808.0, ""2025"": -46356.0, ""2026"": -29767.0}"
FADE_5min_e20d12_s10t20_all,fade,5min,all,41206,262.7,-1165.8,-182862.0,29.8,183126.0,0,4,"{""2023"": -16729.0, ""2024"": -46514.0, ""2025"": -73511.0, ""2026"": -46108.0}"
FADE_5min_e20d12_s10t20_rth,fade,5min,rth,20994,133.8,-672.0,-105406.0,28.8,105491.0,0,4,"{""2023"": -10836.0, ""2024"": -25539.0, ""2025"": -43118.0, ""2026"": -25913.0}"
FADE_5min_e20d18_s5t8_all,fade,5min,all,39508,251.9,-1442.1,-226210.0,25.4,226224.0,0,4,"{""2023"": -20505.0, ""2024"": -57795.0, ""2025"": -87290.0, ""2026"": -60620.0}"
FADE_5min_e20d18_s5t8_rth,fade,5min,rth,20539,130.9,-863.8,-135500.0,22.1,135519.0,0,4,"{""2023"": -16467.0, ""2024"": -38912.0, ""2025"": -49967.0, ""2026"": -30155.0}"
FADE_5min_e20d18_s6t12_all,fade,5min,all,37916,241.7,-1257.7,-197281.0,25.4,197303.0,0,4,"{""2023"": -16585.0, ""2024"": -49162.0, ""2025"": -78105.0, ""2026"": -53430.0}"
FADE_5min_e20d18_s6t12_rth,fade,5min,rth,19993,127.5,-762.4,-119593.0,23.2,119638.0,0,4,"{""2023"": -13422.0, ""2024"": -33676.0, ""2025"": -44299.0, ""2026"": -28196.0}"
FADE_5min_e20d18_s8t16_all,fade,5min,all,35400,225.7,-1118.0,-175371.0,27.8,175413.0,0,4,"{""2023"": -15420.0, ""2024"": -41659.0, ""2025"": -69311.0, ""2026"": -48981.0}"
FADE_5min_e20d18_s8t16_rth,fade,5min,rth,19065,121.5,-681.0,-106821.0,26.5,106886.0,0,4,"{""2023"": -11498.0, ""2024"": -28270.0, ""2025"": -40383.0, ""2026"": -26670.0}"
FADE_5min_e20d18_s10t20_all,fade,5min,all,32773,208.9,-976.6,-153184.0,29.4,153367.0,0,4,"{""2023"": -14081.0, ""2024"": -34693.0, ""2025"": -63570.0, ""2026"": -40840.0}"
FADE_5min_e20d18_s10t20_rth,fade,5min,rth,17955,114.5,-600.0,-94114.0,28.5,94211.0,0,4,"{""2023"": -10058.0, ""2024"": -21978.0, ""2025"": -38373.0, ""2026"": -23705.0}"
FADE_5min_e20d25_s5t8_all,fade,5min,all,28598,182.3,-1122.9,-176131.0,23.8,176119.0,0,4,"{""2023"": -14297.0, ""2024"": -41911.0, ""2025"": -70187.0, ""2026"": -49736.0}"
FADE_5min_e20d25_s5t8_rth,fade,5min,rth,16368,104.3,-723.9,-113554.0,20.8,113571.0,0,4,"{""2023"": -12266.0, ""2024"": -30940.0, ""2025"": -43502.0, ""2026"": -26845.0}"
FADE_5min_e20d25_s6t12_all,fade,5min,all,27838,177.5,-965.3,-151417.0,24.7,151403.0,0,4,"{""2023"": -11599.0, ""2024"": -33802.0, ""2025"": -61868.0, ""2026"": -44149.0}"
FADE_5min_e20d25_s6t12_rth,fade,5min,rth,16055,102.4,-640.0,-100390.0,22.5,100430.0,0,4,"{""2023"": -10347.0, ""2024"": -26082.0, ""2025"": -38893.0, ""2026"": -25067.0}"
FADE_5min_e20d25_s8t16_all,fade,5min,all,26459,168.7,-888.6,-139379.0,27.2,139390.0,0,4,"{""2023"": -11475.0, ""2024"": -30244.0, ""2025"": -55805.0, ""2026"": -41855.0}"
FADE_5min_e20d25_s8t16_rth,fade,5min,rth,15482,98.7,-592.3,-92913.0,25.7,92969.0,0,4,"{""2023"": -9973.0, ""2024"": -22854.0, ""2025"": -35265.0, ""2026"": -24822.0}"
FADE_5min_e20d25_s10t20_all,fade,5min,all,24949,159.1,-800.7,-125602.0,28.8,125685.0,0,4,"{""2023"": -10480.0, ""2024"": -27495.0, ""2025"": -50500.0, ""2026"": -37127.0}"
FADE_5min_e20d25_s10t20_rth,fade,5min,rth,14769,94.2,-528.7,-82936.0,27.8,83005.0,0,4,"{""2023"": -9002.0, ""2024"": -19030.0, ""2025"": -31866.0, ""2026"": -23037.0}"
FADE_5min_e50d8_s5t8_all,fade,5min,all,72541,462.5,-2319.1,-363764.0,28.1,363752.0,0,4,"{""2023"": -42717.0, ""2024"": -102963.0, ""2025"": -136308.0, ""2026"": -81777.0}"
FADE_5min_e50d8_s5t8_rth,fade,5min,rth,29663,189.1,-1160.3,-182007.0,23.9,182009.0,0,4,"{""2023"": -25344.0, ""2024"": -54663.0, ""2025"": -65974.0, ""2026"": -36027.0}"
FADE_5min_e50d8_s6t12_all,fade,5min,all,65249,416.0,-1902.7,-298455.0,27.1,298441.0,0,4,"{""2023"": -33340.0, ""2024"": -79301.0, ""2025"": -115596.0, ""2026"": -70218.0}"
FADE_5min_e50d8_s6t12_rth,fade,5min,rth,28291,180.4,-975.0,-152931.0,24.8,152939.0,0,4,"{""2023"": -19892.0, ""2024"": -42903.0, ""2025"": -57119.0, ""2026"": -33017.0}"
FADE_5min_e50d8_s8t16_all,fade,5min,all,56282,358.8,-1608.6,-252316.0,28.8,252297.0,0,4,"{""2023"": -26137.0, ""2024"": -69325.0, ""2025"": -93870.0, ""2026"": -62983.0}"
FADE_5min_e50d8_s8t16_rth,fade,5min,rth,26048,166.1,-848.5,-133101.0,27.5,133294.0,0,4,"{""2023"": -15364.0, ""2024"": -37811.0, ""2025"": -49336.0, ""2026"": -30590.0}"
FADE_5min_e50d8_s10t20_all,fade,5min,all,48784,311.0,-1338.4,-209932.0,30.0,209933.0,0,4,"{""2023"": -20695.0, ""2024"": -56138.0, ""2025"": -80995.0, ""2026"": -52105.0}"
FADE_5min_e50d8_s10t20_rth,fade,5min,rth,23734,151.3,-722.4,-113311.0,29.2,113344.0,0,4,"{""2023"": -12331.0, ""2024"": -30009.0, ""2025"": -43400.0, ""2026"": -27571.0}"
FADE_5min_e50d12_s5t8_all,fade,5min,all,65117,415.1,-2120.0,-332529.0,27.7,332517.0,0,4,"{""2023"": -36684.0, ""2024"": -92827.0, ""2025"": -125650.0, ""2026"": -77369.0}"
FADE_5min_e50d12_s5t8_rth,fade,5min,rth,27921,178.0,-1101.0,-172704.0,23.7,172692.0,0,4,"{""2023"": -23787.0, ""2024"": -51420.0, ""2025"": -62938.0, ""2026"": -34559.0}"
FADE_5min_e50d12_s6t12_all,fade,5min,all,59270,377.9,-1762.6,-276475.0,26.8,276601.0,0,4,"{""2023"": -28568.0, ""2024"": -72543.0, ""2025"": -108382.0, ""2026"": -66983.0}"
FADE_5min_e50d12_s6t12_rth,fade,5min,rth,26708,170.3,-926.1,-145261.0,24.7,145272.0,0,4,"{""2023"": -18633.0, ""2024"": -40104.0, ""2025"": -54581.0, ""2026"": -31943.0}"
FADE_5min_e50d12_s8t16_all,fade,5min,all,51907,330.9,-1480.2,-232178.0,28.8,232243.0,0,4,"{""2023"": -23004.0, ""2024"": -61243.0, ""2025"": -88871.0, ""2026"": -59060.0}"
FADE_5min_e50d12_s8t16_rth,fade,5min,rth,24732,157.7,-796.6,-124958.0,27.6,125185.0,0,4,"{""2023"": -14673.0, ""2024"": -33623.0, ""2025"": -46975.0, ""2026"": -29687.0}"
FADE_5min_e50d12_s10t20_all,fade,5min,all,45593,290.7,-1200.7,-188342.0,30.3,188470.0,0,4,"{""2023"": -18846.0, ""2024"": -49084.0, ""2025"": -73351.0, ""2026"": -47061.0}"
FADE_5min_e50d12_s10t20_rth,fade,5min,rth,22625,144.2,-678.9,-106498.0,29.3,106531.0,0,4,"{""2023"": -11819.0, ""2024"": -27253.0, ""2025"": -41006.0, ""2026"": -26420.0}"
FADE_5min_e50d18_s5t8_all,fade,5min,all,54788,349.3,-1848.0,-289875.0,27.1,289880.0,0,4,"{""2023"": -29124.0, ""2024"": -79142.0, ""2025"": -110497.0, ""2026"": -71113.0}"
FADE_5min_e50d18_s5t8_rth,fade,5min,rth,25211,160.7,-1012.3,-158786.0,23.3,158774.0,0,4,"{""2023"": -20290.0, ""2024"": -46581.0, ""2025"": -58647.0, ""2026"": -33268.0}"
FADE_5min_e50d18_s6t12_all,fade,5min,all,50638,322.8,-1551.8,-243417.0,26.4,243477.0,0,4,"{""2023"": -22414.0, ""2024"": -62826.0, ""2025"": -96105.0, ""2026"": -62071.0}"
FADE_5min_e50d18_s6t12_rth,fade,5min,rth,24221,154.4,-859.7,-134849.0,24.4,134851.0,0,4,"{""2023"": -16055.0, ""2024"": -37002.0, ""2025"": -50684.0, ""2026"": -31108.0}"
FADE_5min_e50d18_s8t16_all,fade,5min,all,45138,287.8,-1321.6,-207306.0,28.6,207358.0,0,4,"{""2023"": -18203.0, ""2024"": -52124.0, ""2025"": -81478.0, ""2026"": -55501.0}"
FADE_5min_e50d18_s8t16_rth,fade,5min,rth,22567,143.9,-752.4,-118021.0,27.3,118164.0,0,4,"{""2023"": -12461.0, ""2024"": -31202.0, ""2025"": -45360.0, ""2026"": -28998.0}"
FADE_5min_e50d18_s10t20_all,fade,5min,all,40255,256.6,-1121.1,-175853.0,29.9,175976.0,0,4,"{""2023"": -15345.0, ""2024"": -42454.0, ""2025"": -72191.0, ""2026"": -45863.0}"
FADE_5min_e50d18_s10t20_rth,fade,5min,rth,20800,132.6,-657.9,-103200.0,28.9,103295.0,0,4,"{""2023"": -10655.0, ""2024"": -24419.0, ""2025"": -42362.0, ""2026"": -25764.0}"
FADE_5min_e50d25_s5t8_all,fade,5min,all,44808,285.7,-1582.7,-248258.0,26.1,248272.0,0,4,"{""2023"": -22647.0, ""2024"": -64586.0, ""2025"": -97104.0, ""2026"": -63920.0}"
FADE_5min_e50d25_s5t8_rth,fade,5min,rth,22243,141.8,-911.9,-143031.0,22.8,143033.0,0,4,"{""2023"": -16867.0, ""2024"": -41573.0, ""2025"": -54031.0, ""2026"": -30561.0}"
FADE_5min_e50d25_s6t12_all,fade,5min,all,41906,267.2,-1336.1,-209571.0,25.9,209601.0,0,4,"{""2023"": -16974.0, ""2024"": -51255.0, ""2025"": -85482.0, ""2026"": -55860.0}"
FADE_5min_e50d25_s6t12_rth,fade,5min,rth,21449,136.7,-775.7,-121667.0,24.1,121674.0,0,4,"{""2023"": -12683.0, ""2024"": -33171.0, ""2025"": -47591.0, ""2026"": -28221.0}"
FADE_5min_e50d25_s8t16_all,fade,5min,all,37999,242.3,-1176.9,-184612.0,28.0,184684.0,0,4,"{""2023"": -14559.0, ""2024"": -43668.0, ""2025"": -75072.0, ""2026"": -51313.0}"
FADE_5min_e50d25_s8t16_rth,fade,5min,rth,20087,128.1,-686.0,-107597.0,27.0,107689.0,0,4,"{""2023"": -9975.0, ""2024"": -27828.0, ""2025"": -42834.0, ""2026"": -26959.0}"
FADE_5min_e50d25_s10t20_all,fade,5min,all,34342,218.9,-979.4,-153626.0,29.7,153749.0,0,4,"{""2023"": -11371.0, ""2024"": -35028.0, ""2025"": -65496.0, ""2026"": -41731.0}"
FADE_5min_e50d25_s10t20_rth,fade,5min,rth,18657,118.9,-586.7,-92034.0,29.0,92205.0,0,4,"{""2023"": -7477.0, ""2024"": -21806.0, ""2025"": -38752.0, ""2026"": -23999.0}"
IMPF_5min_w2i4_s5t10_all,impfade,5min,all,71057,453.0,-2083.4,-326793.0,25.8,326786.0,0,4,"{""2023"": -38075.0, ""2024"": -90205.0, ""2025"": -123272.0, ""2026"": -75240.0}"
IMPF_5min_w2i4_s5t10_rth,impfade,5min,rth,28989,184.8,-1066.7,-167314.0,21.9,167323.0,0,4,"{""2023"": -22708.0, ""2024"": -49721.0, ""2025"": -61222.0, ""2026"": -33663.0}"
IMPF_5min_w2i4_s6t15_all,impfade,5min,all,62773,400.2,-1683.1,-264006.0,24.1,264017.0,0,4,"{""2023"": -29772.0, ""2024"": -71222.0, ""2025"": -100597.0, ""2026"": -62415.0}"
IMPF_5min_w2i4_s6t15_rth,impfade,5min,rth,27396,174.7,-890.1,-139616.0,22.0,139689.0,0,4,"{""2023"": -18811.0, ""2024"": -39870.0, ""2025"": -51692.0, ""2026"": -29244.0}"
IMPF_5min_w2i4_s8t20_all,impfade,5min,all,53216,339.3,-1371.3,-215091.0,25.5,215468.0,0,4,"{""2023"": -20797.0, ""2024"": -56237.0, ""2025"": -84333.0, ""2026"": -53723.0}"
IMPF_5min_w2i4_s8t20_rth,impfade,5min,rth,24899,158.7,-755.1,-118446.0,24.3,118631.0,0,4,"{""2023"": -14464.0, ""2024"": -30865.0, ""2025"": -46365.0, ""2026"": -26752.0}"
IMPF_5min_w2i4_s8t30_all,impfade,5min,all,45574,290.5,-1081.9,-169701.0,19.3,169973.0,0,4,"{""2023"": -16729.0, ""2024"": -43645.0, ""2025"": -67105.0, ""2026"": -42222.0}"
IMPF_5min_w2i4_s8t30_rth,impfade,5min,rth,22461,143.2,-598.8,-93931.0,18.7,94134.0,0,4,"{""2023"": -10560.0, ""2024"": -27586.0, ""2025"": -36706.0, ""2026"": -19078.0}"
IMPF_5min_w2i6_s5t10_all,impfade,5min,all,64340,410.2,-1924.1,-301812.0,25.5,301812.0,0,4,"{""2023"": -32134.0, ""2024"": -81504.0, ""2025"": -116482.0, ""2026"": -71693.0}"
IMPF_5min_w2i6_s5t10_rth,impfade,5min,rth,27256,173.8,-998.4,-156610.0,22.0,156661.0,0,4,"{""2023"": -20330.0, ""2024"": -45028.0, ""2025"": -58611.0, ""2026"": -32640.0}"
IMPF_5min_w2i6_s6t15_all,impfade,5min,all,58303,371.7,-1587.5,-249009.0,24.0,249023.0,0,4,"{""2023"": -27082.0, ""2024"": -64230.0, ""2025"": -98147.0, ""2026"": -59550.0}"
IMPF_5min_w2i6_s6t15_rth,impfade,5min,rth,26016,165.9,-845.2,-132581.0,22.0,132737.0,0,4,"{""2023"": -17071.0, ""2024"": -35898.0, ""2025"": -50684.0, ""2026"": -28928.0}"
IMPF_5min_w2i6_s8t20_all,impfade,5min,all,50476,321.8,-1311.6,-205726.0,25.5,206238.0,0,4,"{""2023"": -20809.0, ""2024"": -51238.0, ""2025"": -81347.0, ""2026"": -52333.0}"
IMPF_5min_w2i6_s8t20_rth,impfade,5min,rth,23891,152.3,-721.8,-113212.0,24.3,113500.0,0,4,"{""2023"": -13823.0, ""2024"": -28362.0, ""2025"": -45088.0, ""2026"": -25939.0}"
IMPF_5min_w2i6_s8t30_all,impfade,5min,all,43757,279.0,-1063.2,-166769.0,19.2,167107.0,0,4,"{""2023"": -17699.0, ""2024"": -40379.0, ""2025"": -67494.0, ""2026"": -41198.0}"
IMPF_5min_w2i6_s8t30_rth,impfade,5min,rth,21692,138.3,-571.9,-89703.0,18.7,89907.0,0,4,"{""2023"": -10970.0, ""2024"": -23936.0, ""2025"": -36029.0, ""2026"": -18768.0}"
IMPF_5min_w2i9_s5t10_all,impfade,5min,all,53253,339.5,-1689.4,-264989.0,24.5,264999.0,0,4,"{""2023"": -25649.0, ""2024"": -70362.0, ""2025"": -103323.0, ""2026"": -65655.0}"
IMPF_5min_w2i9_s5t10_rth,impfade,5min,rth,24388,155.5,-932.6,-146281.0,21.2,146310.0,0,4,"{""2023"": -17520.0, ""2024"": -42364.0, ""2025"": -54990.0, ""2026"": -31407.0}"
IMPF_5min_w2i9_s6t15_all,impfade,5min,all,50069,319.2,-1422.8,-223178.0,23.5,223232.0,0,4,"{""2023"": -21048.0, ""2024"": -57496.0, ""2025"": -89003.0, ""2026"": -55631.0}"
IMPF_5min_w2i9_s6t15_rth,impfade,5min,rth,23580,150.3,-810.6,-127149.0,21.3,127253.0,0,4,"{""2023"": -14875.0, ""2024"": -35390.0, ""2025"": -48947.0, ""2026"": -27937.0}"
IMPF_5min_w2i9_s8t20_all,impfade,5min,all,44961,286.6,-1229.8,-192901.0,25.1,193314.0,0,4,"{""2023"": -17314.0, ""2024"": -48345.0, ""2025"": -78585.0, ""2026"": -48656.0}"
IMPF_5min_w2i9_s8t20_rth,impfade,5min,rth,22034,140.5,-710.1,-111380.0,23.7,111421.0,0,4,"{""2023"": -13195.0, ""2024"": -28826.0, ""2025"": -44274.0, ""2026"": -25084.0}"
IMPF_5min_w2i9_s8t30_all,impfade,5min,all,39965,254.8,-1018.8,-159806.0,18.9,160062.0,0,4,"{""2023"": -15692.0, ""2024"": -38490.0, ""2025"": -66820.0, ""2026"": -38803.0}"
IMPF_5min_w2i9_s8t30_rth,impfade,5min,rth,20263,129.2,-582.4,-91346.0,18.2,91467.0,0,4,"{""2023"": -11607.0, ""2024"": -24166.0, ""2025"": -36865.0, ""2026"": -18708.0}"
IMPF_5min_w2i14_s5t10_all,impfade,5min,all,37598,239.7,-1285.6,-201657.0,23.3,201780.0,0,4,"{""2023"": -18400.0, ""2024"": -48735.0, ""2025"": -78749.0, ""2026"": -55773.0}"
IMPF_5min_w2i14_s5t10_rth,impfade,5min,rth,19547,124.6,-778.1,-122044.0,20.4,122159.0,0,4,"{""2023"": -14765.0, ""2024"": -33176.0, ""2025"": -46319.0, ""2026"": -27784.0}"
IMPF_5min_w2i14_s6t15_all,impfade,5min,all,36642,233.6,-1130.4,-177306.0,22.6,177483.0,0,4,"{""2023"": -16558.0, ""2024"": -41223.0, ""2025"": -71007.0, ""2026"": -48518.0}"
IMPF_5min_w2i14_s6t15_rth,impfade,5min,rth,19224,122.6,-686.0,-107597.0,20.9,107800.0,0,4,"{""2023"": -12756.0, ""2024"": -27902.0, ""2025"": -41551.0, ""2026"": -25387.0}"
IMPF_5min_w2i14_s8t20_all,impfade,5min,all,34650,220.9,-1005.9,-157784.0,24.6,158045.0,0,4,"{""2023"": -14151.0, ""2024"": -38105.0, ""2025"": -62026.0, ""2026"": -43501.0}"
IMPF_5min_w2i14_s8t20_rth,impfade,5min,rth,18461,117.7,-623.1,-97741.0,23.3,97801.0,0,4,"{""2023"": -11013.0, ""2024"": -24374.0, ""2025"": -39376.0, ""2026"": -22978.0}"
IMPF_5min_w2i14_s8t30_all,impfade,5min,all,31970,203.8,-837.1,-131306.0,18.8,131634.0,0,4,"{""2023"": -14208.0, ""2024"": -30436.0, ""2025"": -48848.0, ""2026"": -37814.0}"
IMPF_5min_w2i14_s8t30_rth,impfade,5min,rth,17341,110.6,-506.8,-79489.0,18.2,79629.0,0,4,"{""2023"": -10958.0, ""2024"": -20405.0, ""2025"": -29426.0, ""2026"": -18700.0}"
IMPF_5min_w3i4_s5t10_all,impfade,5min,all,72927,464.9,-2112.9,-331427.0,26.0,331529.0,0,4,"{""2023"": -38731.0, ""2024"": -93425.0, ""2025"": -125587.0, ""2026"": -73685.0}"
IMPF_5min_w3i4_s5t10_rth,impfade,5min,rth,29605,188.7,-1084.5,-170110.0,22.0,170142.0,0,4,"{""2023"": -23519.0, ""2024"": -50502.0, ""2025"": -61777.0, ""2026"": -34312.0}"
IMPF_5min_w3i4_s6t15_all,impfade,5min,all,64155,409.0,-1719.4,-269696.0,24.1,269917.0,0,4,"{""2023"": -31293.0, ""2024"": -72833.0, ""2025"": -104283.0, ""2026"": -61287.0}"
IMPF_5min_w3i4_s6t15_rth,impfade,5min,rth,27898,177.9,-903.8,-141775.0,22.1,141903.0,0,4,"{""2023"": -19422.0, ""2024"": -39424.0, ""2025"": -52661.0, ""2026"": -30268.0}"
IMPF_5min_w3i4_s8t20_all,impfade,5min,all,54015,344.4,-1364.1,-213964.0,25.7,214273.0,0,4,"{""2023"": -20618.0, ""2024"": -57908.0, ""2025"": -83618.0, ""2026"": -51820.0}"
IMPF_5min_w3i4_s8t20_rth,impfade,5min,rth,25307,161.3,-745.9,-116994.0,24.5,117095.0,0,4,"{""2023"": -14024.0, ""2024"": -31267.0, ""2025"": -44731.0, ""2026"": -26972.0}"
IMPF_5min_w3i4_s8t30_all,impfade,5min,all,46277,295.0,-1089.4,-170875.0,19.3,171239.0,0,4,"{""2023"": -18496.0, ""2024"": -45609.0, ""2025"": -65822.0, ""2026"": -40947.0}"
IMPF_5min_w3i4_s8t30_rth,impfade,5min,rth,22801,145.4,-567.8,-89068.0,19.0,89329.0,0,4,"{""2023"": -10948.0, ""2024"": -25653.0, ""2025"": -32680.0, ""2026"": -19788.0}"
IMPF_5min_w3i6_s5t10_all,impfade,5min,all,67653,431.3,-1983.1,-311067.0,25.8,311169.0,0,4,"{""2023"": -35952.0, ""2024"": -84695.0, ""2025"": -119416.0, ""2026"": -71004.0}"
IMPF_5min_w3i6_s5t10_rth,impfade,5min,rth,28231,180.0,-1035.8,-162475.0,22.0,162507.0,0,4,"{""2023"": -22426.0, ""2024"": -46843.0, ""2025"": -60104.0, ""2026"": -33102.0}"
IMPF_5min_w3i6_s6t15_all,impfade,5min,all,60775,387.5,-1632.9,-256139.0,24.1,256231.0,0,4,"{""2023"": -29277.0, ""2024"": -67811.0, ""2025"": -99863.0, ""2026"": -59188.0}"
IMPF_5min_w3i6_s6t15_rth,impfade,5min,rth,26776,170.7,-868.4,-136218.0,22.1,136347.0,0,4,"{""2023"": -18773.0, ""2024"": -37041.0, ""2025"": -51201.0, ""2026"": -29203.0}"
IMPF_5min_w3i6_s8t20_all,impfade,5min,all,51900,330.9,-1315.9,-206411.0,25.6,206626.0,0,4,"{""2023"": -20673.0, ""2024"": -55985.0, ""2025"": -81073.0, ""2026"": -48680.0}"
IMPF_5min_w3i6_s8t20_rth,impfade,5min,rth,24495,156.2,-740.4,-116130.0,24.3,116231.0,0,4,"{""2023"": -14194.0, ""2024"": -31202.0, ""2025"": -45090.0, ""2026"": -25644.0}"
IMPF_5min_w3i6_s8t30_all,impfade,5min,all,44853,285.9,-1027.7,-161200.0,19.4,161546.0,0,4,"{""2023"": -16636.0, ""2024"": -42521.0, ""2025"": -64000.0, ""2026"": -38044.0}"
IMPF_5min_w3i6_s8t30_rth,impfade,5min,rth,22195,141.5,-560.1,-87858.0,19.0,88135.0,0,4,"{""2023"": -10830.0, ""2024"": -25105.0, ""2025"": -32348.0, ""2026"": -19575.0}"
IMPF_5min_w3i9_s5t10_all,impfade,5min,all,58572,373.4,-1800.6,-282433.0,25.0,282506.0,0,4,"{""2023"": -30954.0, ""2024"": -74176.0, ""2025"": -110053.0, ""2026"": -67251.0}"
IMPF_5min_w3i9_s5t10_rth,impfade,5min,rth,25906,165.2,-967.8,-151806.0,21.6,151838.0,0,4,"{""2023"": -20334.0, ""2024"": -43783.0, ""2025"": -56700.0, ""2026"": -30989.0}"
IMPF_5min_w3i9_s6t15_all,impfade,5min,all,54216,345.6,-1490.5,-233801.0,23.9,234035.0,0,4,"{""2023"": -25615.0, ""2024"": -59318.0, ""2025"": -92966.0, ""2026"": -55902.0}"
IMPF_5min_w3i9_s6t15_rth,impfade,5min,rth,24873,158.6,-802.2,-125829.0,22.1,125937.0,0,4,"{""2023"": -17326.0, ""2024"": -34046.0, ""2025"": -47691.0, ""2026"": -26765.0}"
IMPF_5min_w3i9_s8t20_all,impfade,5min,all,47868,305.2,-1237.6,-194132.0,25.5,194570.0,0,4,"{""2023"": -19148.0, ""2024"": -49257.0, ""2025"": -79208.0, ""2026"": -46519.0}"
IMPF_5min_w3i9_s8t20_rth,impfade,5min,rth,23100,147.3,-692.5,-108628.0,24.4,108729.0,0,4,"{""2023"": -14718.0, ""2024"": -27557.0, ""2025"": -42480.0, ""2026"": -23872.0}"
IMPF_5min_w3i9_s8t30_all,impfade,5min,all,42088,268.3,-961.2,-150767.0,19.5,151377.0,0,4,"{""2023"": -16114.0, ""2024"": -38742.0, ""2025"": -58858.0, ""2026"": -37052.0}"
IMPF_5min_w3i9_s8t30_rth,impfade,5min,rth,21126,134.7,-530.8,-83256.0,19.0,83517.0,0,4,"{""2023"": -11582.0, ""2024"": -22344.0, ""2025"": -31044.0, ""2026"": -18286.0}"
IMPF_5min_w3i14_s5t10_all,impfade,5min,all,44202,281.8,-1471.7,-230842.0,23.7,230957.0,0,4,"{""2023"": -22921.0, ""2024"": -58861.0, ""2025"": -91603.0, ""2026"": -57457.0}"
IMPF_5min_w3i14_s5t10_rth,impfade,5min,rth,21869,139.4,-856.7,-134384.0,20.7,134382.0,0,4,"{""2023"": -16625.0, ""2024"": -37805.0, ""2025"": -51797.0, ""2026"": -28156.0}"
IMPF_5min_w3i14_s6t15_all,impfade,5min,all,42436,270.5,-1240.2,-194532.0,23.2,194750.0,0,4,"{""2023"": -18652.0, ""2024"": -48182.0, ""2025"": -80449.0, ""2026"": -47250.0}"
IMPF_5min_w3i14_s6t15_rth,impfade,5min,rth,21340,136.0,-714.9,-112141.0,21.7,112165.0,0,4,"{""2023"": -13501.0, ""2024"": -28866.0, ""2025"": -45460.0, ""2026"": -24315.0}"
IMPF_5min_w3i14_s8t20_all,impfade,5min,all,39309,250.6,-1108.4,-173860.0,24.8,174272.0,0,4,"{""2023"": -17380.0, ""2024"": -43922.0, ""2025"": -72535.0, ""2026"": -40024.0}"
IMPF_5min_w3i14_s8t20_rth,impfade,5min,rth,20249,129.1,-641.2,-100577.0,23.9,100621.0,0,4,"{""2023"": -12215.0, ""2024"": -25222.0, ""2025"": -41188.0, ""2026"": -21952.0}"
IMPF_5min_w3i14_s8t30_all,impfade,5min,all,35869,228.7,-900.0,-141164.0,19.0,141470.0,0,4,"{""2023"": -14168.0, ""2024"": -35405.0, ""2025"": -58572.0, ""2026"": -33020.0}"
IMPF_5min_w3i14_s8t30_rth,impfade,5min,rth,18904,120.5,-506.5,-79454.0,18.6,79639.0,0,4,"{""2023"": -9962.0, ""2024"": -20512.0, ""2025"": -31945.0, ""2026"": -17034.0}"
THR_5min_k1.5_s6t12_all,thrust,5min,all,18369,117.1,-545.2,-85525.0,26.9,85696.0,0,4,"{""2023"": -10796.0, ""2024"": -25366.0, ""2025"": -30330.0, ""2026"": -19033.0}"
THR_5min_k1.5_s6t12_rth,thrust,5min,rth,6474,41.3,-277.8,-43573.0,21.2,43863.0,0,4,"{""2023"": -4057.0, ""2024"": -15385.0, ""2025"": -15750.0, ""2026"": -8380.0}"
THR_5min_k1.5_s8t16_all,thrust,5min,all,17018,108.5,-493.9,-77472.0,28.7,77609.0,0,4,"{""2023"": -8472.0, ""2024"": -22902.0, ""2025"": -27729.0, ""2026"": -18368.0}"
THR_5min_k1.5_s8t16_rth,thrust,5min,rth,6371,40.6,-273.3,-42870.0,24.2,43582.0,0,4,"{""2023"": -3699.0, ""2024"": -14709.0, ""2025"": -15774.0, ""2026"": -8689.0}"
THR_5min_k1.5_s10t25_all,thrust,5min,all,15066,96.0,-383.9,-60210.0,26.2,60306.0,0,4,"{""2023"": -5102.0, ""2024"": -18237.0, ""2025"": -22161.0, ""2026"": -14711.0}"
THR_5min_k1.5_s10t25_rth,thrust,5min,rth,6112,39.0,-210.4,-33006.0,24.2,34110.0,0,4,"{""2023"": -1406.0, ""2024"": -12992.0, ""2025"": -11671.0, ""2026"": -6936.0}"
THR_5min_k1.5_s12t36_all,thrust,5min,all,13201,84.2,-298.4,-46805.0,23.8,47675.0,0,4,"{""2023"": -3704.0, ""2024"": -14439.0, ""2025"": -16137.0, ""2026"": -12526.0}"
THR_5min_k1.5_s12t36_rth,thrust,5min,rth,5781,36.9,-176.0,-27612.0,22.5,29652.0,0,4,"{""2023"": -296.0, ""2024"": -10821.0, ""2025"": -9333.0, ""2026"": -7162.0}"
THR_5min_k2.0_s6t12_all,thrust,5min,all,7287,46.5,-247.3,-38794.0,25.0,38824.0,0,4,"{""2023"": -4653.0, ""2024"": -12417.0, ""2025"": -13860.0, ""2026"": -7864.0}"
THR_5min_k2.0_s6t12_rth,thrust,5min,rth,2865,18.3,-136.8,-21462.0,19.1,21508.0,0,4,"{""2023"": -2307.0, ""2024"": -7450.0, ""2025"": -7821.0, ""2026"": -3884.0}"
THR_5min_k2.0_s8t16_all,thrust,5min,all,7045,44.9,-233.6,-36640.0,27.3,36686.0,0,4,"{""2023"": -4476.0, ""2024"": -11379.0, ""2025"": -12871.0, ""2026"": -7914.0}"
THR_5min_k2.0_s8t16_rth,thrust,5min,rth,2842,18.1,-138.4,-21714.0,22.3,21831.0,0,4,"{""2023"": -2247.0, ""2024"": -7299.0, ""2025"": -7945.0, ""2026"": -4224.0}"
THR_5min_k2.0_s10t25_all,thrust,5min,all,6641,42.3,-187.7,-29448.0,25.6,29825.0,0,4,"{""2023"": -2010.0, ""2024"": -9674.0, ""2025"": -11034.0, ""2026"": -6730.0}"
THR_5min_k2.0_s10t25_rth,thrust,5min,rth,2772,17.7,-109.7,-17210.0,23.1,17666.0,0,4,"{""2023"": -839.0, ""2024"": -6695.0, ""2025"": -6439.0, ""2026"": -3237.0}"
THR_5min_k2.0_s12t36_all,thrust,5min,all,6169,39.3,-151.2,-23711.0,23.5,24496.0,0,4,"{""2023"": -2564.0, ""2024"": -7261.0, ""2025"": -8616.0, ""2026"": -5271.0}"
THR_5min_k2.0_s12t36_rth,thrust,5min,rth,2684,17.1,-81.2,-12733.0,22.5,13492.0,0,4,"{""2023"": -392.0, ""2024"": -4452.0, ""2025"": -5272.0, ""2026"": -2617.0}"
THR_5min_k3.0_s6t12_all,thrust,5min,all,1660,10.6,-69.7,-10937.0,21.6,10959.0,0,4,"{""2023"": -1384.0, ""2024"": -2808.0, ""2025"": -4417.0, ""2026"": -2329.0}"
THR_5min_k3.0_s6t12_rth,thrust,5min,rth,797,5.1,-41.1,-6451.0,17.4,6473.0,0,4,"{""2023"": -777.0, ""2024"": -1833.0, ""2025"": -2588.0, ""2026"": -1253.0}"
THR_5min_k3.0_s8t16_all,thrust,5min,all,1650,10.5,-65.6,-10283.0,25.2,10362.0,0,4,"{""2023"": -1072.0, ""2024"": -2407.0, ""2025"": -4296.0, ""2026"": -2509.0}"
THR_5min_k3.0_s8t16_rth,thrust,5min,rth,795,5.1,-41.6,-6528.0,21.1,6558.0,0,4,"{""2023"": -686.0, ""2024"": -1742.0, ""2025"": -2721.0, ""2026"": -1379.0}"
THR_5min_k3.0_s10t25_all,thrust,5min,all,1627,10.4,-46.0,-7214.0,25.6,7433.0,0,4,"{""2023"": -511.0, ""2024"": -1242.0, ""2025"": -3265.0, ""2026"": -2196.0}"
THR_5min_k3.0_s10t25_rth,thrust,5min,rth,788,5.0,-33.3,-5220.0,22.5,5422.0,0,4,"{""2023"": -260.0, ""2024"": -1504.0, ""2025"": -2126.0, ""2026"": -1330.0}"
THR_5min_k3.0_s12t36_all,thrust,5min,all,1596,10.2,-41.0,-6429.0,23.2,6771.0,0,4,"{""2023"": -539.0, ""2024"": -660.0, ""2025"": -3238.0, ""2026"": -1992.0}"
THR_5min_k3.0_s12t36_rth,thrust,5min,rth,779,5.0,-27.4,-4304.0,21.7,4512.0,0,4,"{""2023"": -89.0, ""2024"": -1105.0, ""2025"": -1865.0, ""2026"": -1245.0}"
