name,family,tf,session,trades,trades_wk,usd_wk,usd_total,win_pct,max_dd,pos_years,n_years,yearly
DON_1min_N8_s4t8_all,don,1min,all,107023,682.3,-2459.6,-385808.0,28.0,385836.0,0,4,"{""2023"": -55237.0, ""2024"": -110336.0, ""2025"": -138687.0, ""2026"": -81548.0}"
DON_1min_N8_s4t8_rth,don,1min,rth,42538,271.2,-1109.0,-173953.0,26.0,173971.0,0,4,"{""2023"": -26613.0, ""2024"": -51585.0, ""2025"": -61113.0, ""2026"": -34642.0}"
DON_1min_N8_s6t12_all,don,1min,all,86571,551.9,-1942.0,-304615.0,30.0,304691.0,0,4,"{""2023"": -41530.0, ""2024"": -83360.0, ""2025"": -111127.0, ""2026"": -68598.0}"
DON_1min_N8_s6t12_rth,don,1min,rth,38060,242.6,-927.2,-145445.0,29.1,145522.0,0,4,"{""2023"": -21964.0, ""2024"": -41277.0, ""2025"": -51188.0, ""2026"": -31015.0}"
DON_1min_N8_s8t16_all,don,1min,all,70981,452.5,-1542.8,-242001.0,31.0,242163.0,0,4,"{""2023"": -29379.0, ""2024"": -65516.0, ""2025"": -87740.0, ""2026"": -59366.0}"
DON_1min_N8_s8t16_rth,don,1min,rth,33561,214.0,-763.4,-119741.0,30.7,119769.0,0,4,"{""2023"": -17193.0, ""2024"": -32204.0, ""2025"": -43947.0, ""2026"": -26396.0}"
DON_1min_N8_s10t20_all,don,1min,all,59400,378.7,-1318.5,-206809.0,31.4,207028.0,0,4,"{""2023"": -21297.0, ""2024"": -51621.0, ""2025"": -76992.0, ""2026"": -56899.0}"
DON_1min_N8_s10t20_rth,don,1min,rth,29559,188.4,-657.7,-103163.0,31.4,103242.0,0,4,"{""2023"": -13373.0, ""2024"": -26926.0, ""2025"": -38289.0, ""2026"": -24575.0}"
DON_1min_N8_s10t30_all,don,1min,all,49837,317.7,-1107.8,-173765.0,23.8,174586.0,0,4,"{""2023"": -16254.0, ""2024"": -44673.0, ""2025"": -64285.0, ""2026"": -48552.0}"
DON_1min_N8_s10t30_rth,don,1min,rth,25825,164.6,-557.1,-87379.0,23.8,87767.0,0,4,"{""2023"": -10330.0, ""2024"": -22861.0, ""2025"": -33102.0, ""2026"": -21086.0}"
DON_1min_N8_s12t40_all,don,1min,all,39100,249.3,-762.4,-119586.0,22.9,120024.0,0,4,"{""2023"": -15407.0, ""2024"": -20834.0, ""2025"": -46485.0, ""2026"": -36860.0}"
DON_1min_N8_s12t40_rth,don,1min,rth,21324,135.9,-439.4,-68923.0,22.4,69287.0,0,4,"{""2023"": -9260.0, ""2024"": -14013.0, ""2025"": -26515.0, ""2026"": -19134.0}"
DON_1min_N12_s4t8_all,don,1min,all,88666,565.3,-2073.8,-325285.0,27.7,325300.0,0,4,"{""2023"": -47875.0, ""2024"": -92951.0, ""2025"": -116452.0, ""2026"": -68008.0}"
DON_1min_N12_s4t8_rth,don,1min,rth,34924,222.6,-933.3,-146398.0,25.6,146436.0,0,4,"{""2023"": -23398.0, ""2024"": -42751.0, ""2025"": -51116.0, ""2026"": -29133.0}"
DON_1min_N12_s6t12_all,don,1min,all,73108,466.1,-1658.2,-260104.0,29.9,260148.0,0,4,"{""2023"": -35684.0, ""2024"": -72866.0, ""2025"": -92934.0, ""2026"": -58619.0}"
DON_1min_N12_s6t12_rth,don,1min,rth,31534,201.0,-794.6,-124635.0,28.8,124665.0,0,4,"{""2023"": -19658.0, ""2024"": -35333.0, ""2025"": -43185.0, ""2026"": -26458.0}"
DON_1min_N12_s8t16_all,don,1min,all,61033,389.1,-1354.3,-212438.0,30.9,212572.0,0,4,"{""2023"": -26798.0, ""2024"": -57659.0, ""2025"": -74968.0, ""2026"": -53013.0}"
DON_1min_N12_s8t16_rth,don,1min,rth,28192,179.7,-661.7,-103800.0,30.5,103846.0,0,4,"{""2023"": -15517.0, ""2024"": -28323.0, ""2025"": -36923.0, ""2026"": -23037.0}"
DON_1min_N12_s10t20_all,don,1min,all,51646,329.3,-1171.1,-183694.0,31.3,183974.0,0,4,"{""2023"": -22156.0, ""2024"": -46519.0, ""2025"": -65335.0, ""2026"": -49683.0}"
DON_1min_N12_s10t20_rth,don,1min,rth,25189,160.6,-574.2,-90063.0,31.2,90125.0,0,4,"{""2023"": -13348.0, ""2024"": -23647.0, ""2025"": -31668.0, ""2026"": -21400.0}"
DON_1min_N12_s10t30_all,don,1min,all,43999,280.5,-953.3,-149532.0,23.9,150102.0,0,4,"{""2023"": -15858.0, ""2024"": -39697.0, ""2025"": -54799.0, ""2026"": -39178.0}"
DON_1min_N12_s10t30_rth,don,1min,rth,22340,142.4,-485.4,-76145.0,23.7,76402.0,0,4,"{""2023"": -10756.0, ""2024"": -19879.0, ""2025"": -27187.0, ""2026"": -18323.0}"
DON_1min_N12_s12t40_all,don,1min,all,35153,224.1,-718.1,-112644.0,22.7,112840.0,0,4,"{""2023"": -13921.0, ""2024"": -27697.0, ""2025"": -41286.0, ""2026"": -29739.0}"
DON_1min_N12_s12t40_rth,don,1min,rth,18708,119.3,-383.8,-60207.0,22.4,60433.0,0,4,"{""2023"": -8473.0, ""2024"": -13110.0, ""2025"": -23131.0, ""2026"": -15493.0}"
DON_1min_N20_s4t8_all,don,1min,all,69186,441.1,-1651.3,-259019.0,27.4,259033.0,0,4,"{""2023"": -40178.0, ""2024"": -73790.0, ""2025"": -92034.0, ""2026"": -53017.0}"
DON_1min_N20_s4t8_rth,don,1min,rth,27072,172.6,-740.2,-116108.0,25.2,116143.0,0,4,"{""2023"": -19124.0, ""2024"": -34230.0, ""2025"": -39895.0, ""2026"": -22859.0}"
DON_1min_N20_s6t12_all,don,1min,all,58297,371.7,-1359.3,-213218.0,29.6,213262.0,0,4,"{""2023"": -31009.0, ""2024"": -59829.0, ""2025"": -75716.0, ""2026"": -46663.0}"
DON_1min_N20_s6t12_rth,don,1min,rth,24664,157.2,-639.2,-100265.0,28.5,100325.0,0,4,"{""2023"": -16282.0, ""2024"": -28468.0, ""2025"": -34657.0, ""2026"": -20858.0}"
DON_1min_N20_s8t16_all,don,1min,all,49714,316.9,-1146.3,-179806.0,30.6,179890.0,0,4,"{""2023"": -26160.0, ""2024"": -45552.0, ""2025"": -65257.0, ""2026"": -42838.0}"
DON_1min_N20_s8t16_rth,don,1min,rth,22274,142.0,-534.8,-83888.0,30.3,83999.0,0,4,"{""2023"": -13357.0, ""2024"": -22244.0, ""2025"": -29862.0, ""2026"": -18424.0}"
DON_1min_N20_s10t20_all,don,1min,all,42804,272.9,-1004.8,-157613.0,31.1,157843.0,0,4,"{""2023"": -20406.0, ""2024"": -39519.0, ""2025"": -56984.0, ""2026"": -40704.0}"
DON_1min_N20_s10t20_rth,don,1min,rth,20161,128.5,-483.0,-75767.0,30.9,75916.0,0,4,"{""2023"": -11266.0, ""2024"": -19882.0, ""2025"": -26145.0, ""2026"": -18473.0}"
DON_1min_N20_s10t30_all,don,1min,all,36981,235.8,-832.5,-130586.0,23.7,130921.0,0,4,"{""2023"": -16109.0, ""2024"": -33183.0, ""2025"": -50844.0, ""2026"": -30450.0}"
DON_1min_N20_s10t30_rth,don,1min,rth,18140,115.6,-432.5,-67840.0,23.3,68204.0,0,4,"{""2023"": -10645.0, ""2024"": -18199.0, ""2025"": -25018.0, ""2026"": -13979.0}"
DON_1min_N20_s12t40_all,don,1min,all,30094,191.9,-618.9,-97078.0,22.8,97275.0,0,4,"{""2023"": -13923.0, ""2024"": -24969.0, ""2025"": -32900.0, ""2026"": -25285.0}"
DON_1min_N20_s12t40_rth,don,1min,rth,15490,98.8,-349.4,-54807.0,22.1,55139.0,0,4,"{""2023"": -9389.0, ""2024"": -14123.0, ""2025"": -17493.0, ""2026"": -13802.0}"
DON_1min_N40_s4t8_all,don,1min,all,48628,310.0,-1178.3,-184832.0,27.2,184822.0,0,4,"{""2023"": -29625.0, ""2024"": -53700.0, ""2025"": -64079.0, ""2026"": -37429.0}"
DON_1min_N40_s4t8_rth,don,1min,rth,19007,121.2,-532.6,-83541.0,24.8,83537.0,0,4,"{""2023"": -13660.0, ""2024"": -24932.0, ""2025"": -28738.0, ""2026"": -16210.0}"
DON_1min_N40_s6t12_all,don,1min,all,41865,266.9,-1001.2,-157040.0,29.3,157080.0,0,4,"{""2023"": -23772.0, ""2024"": -44491.0, ""2025"": -55940.0, ""2026"": -32837.0}"
DON_1min_N40_s6t12_rth,don,1min,rth,17419,111.1,-473.0,-74197.0,27.9,74197.0,0,4,"{""2023"": -11796.0, ""2024"": -21544.0, ""2025"": -25509.0, ""2026"": -15348.0}"
DON_1min_N40_s8t16_all,don,1min,all,36342,231.7,-837.4,-131351.0,30.6,131564.0,0,4,"{""2023"": -19302.0, ""2024"": -35314.0, ""2025"": -48415.0, ""2026"": -28320.0}"
DON_1min_N40_s8t16_rth,don,1min,rth,15857,101.1,-400.6,-62834.0,29.9,62871.0,0,4,"{""2023"": -9469.0, ""2024"": -17434.0, ""2025"": -22256.0, ""2026"": -13674.0}"
DON_1min_N40_s10t20_all,don,1min,all,31905,203.4,-714.8,-112129.0,31.4,112321.0,0,4,"{""2023"": -14840.0, ""2024"": -29305.0, ""2025"": -42013.0, ""2026"": -25970.0}"
DON_1min_N40_s10t20_rth,don,1min,rth,14542,92.7,-377.7,-59242.0,30.4,59251.0,0,4,"{""2023"": -8572.0, ""2024"": -15707.0, ""2025"": -22078.0, ""2026"": -12885.0}"
DON_1min_N40_s10t30_all,don,1min,all,27971,178.3,-612.2,-96022.0,23.9,96405.0,0,4,"{""2023"": -11175.0, ""2024"": -24960.0, ""2025"": -39134.0, ""2026"": -20753.0}"
DON_1min_N40_s10t30_rth,don,1min,rth,13232,84.4,-337.2,-52897.0,23.0,53239.0,0,4,"{""2023"": -7459.0, ""2024"": -13990.0, ""2025"": -21476.0, ""2026"": -9972.0}"
DON_1min_N40_s12t40_all,don,1min,all,23537,150.1,-497.7,-78071.0,22.8,78611.0,0,4,"{""2023"": -11843.0, ""2024"": -18903.0, ""2025"": -30052.0, ""2026"": -17273.0}"
DON_1min_N40_s12t40_rth,don,1min,rth,11590,73.9,-279.5,-43842.0,21.9,44539.0,0,4,"{""2023"": -7269.0, ""2024"": -10895.0, ""2025"": -15677.0, ""2026"": -10000.0}"
FADE_1min_e20d8_s5t8_all,fade,1min,all,159317,1015.7,-3761.6,-590041.0,33.0,590032.0,0,4,"{""2023"": -51283.0, ""2024"": -152433.0, ""2025"": -237246.0, ""2026"": -149078.0}"
FADE_1min_e20d8_s5t8_rth,fade,1min,rth,87495,557.8,-2310.1,-362349.0,31.4,362364.0,0,4,"{""2023"": -37901.0, ""2024"": -102745.0, ""2025"": -143467.0, ""2026"": -78236.0}"
FADE_1min_e20d8_s6t12_all,fade,1min,all,140357,894.8,-3077.4,-482706.0,30.2,482714.0,0,4,"{""2023"": -43171.0, ""2024"": -124345.0, ""2025"": -197150.0, ""2026"": -118040.0}"
FADE_1min_e20d8_s6t12_rth,fade,1min,rth,78522,500.6,-1889.6,-296390.0,29.3,296473.0,0,4,"{""2023"": -31997.0, ""2024"": -82451.0, ""2025"": -120738.0, ""2026"": -61203.0}"
FADE_1min_e20d8_s8t16_all,fade,1min,all,116741,744.3,-2453.0,-384771.0,31.3,384806.0,0,4,"{""2023"": -33224.0, ""2024"": -96725.0, ""2025"": -162386.0, ""2026"": -92436.0}"
FADE_1min_e20d8_s8t16_rth,fade,1min,rth,66944,426.8,-1528.3,-239732.0,30.7,239781.0,0,4,"{""2023"": -25061.0, ""2024"": -64941.0, ""2025"": -102035.0, ""2026"": -47695.0}"
FADE_1min_e20d8_s10t20_all,fade,1min,all,96537,615.4,-1995.2,-312958.0,31.8,313184.0,0,4,"{""2023"": -26812.0, ""2024"": -79615.0, ""2025"": -132948.0, ""2026"": -73582.0}"
FADE_1min_e20d8_s10t20_rth,fade,1min,rth,56433,359.8,-1238.8,-194316.0,31.5,194673.0,0,4,"{""2023"": -20687.0, ""2024"": -53444.0, ""2025"": -83194.0, ""2026"": -36990.0}"
FADE_1min_e20d12_s5t8_all,fade,1min,all,110768,706.2,-2752.2,-431696.0,32.3,431711.0,0,4,"{""2023"": -31726.0, ""2024"": -102423.0, ""2025"": -180469.0, ""2026"": -117077.0}"
FADE_1min_e20d12_s5t8_rth,fade,1min,rth,66801,425.9,-1831.9,-287341.0,30.8,287343.0,0,4,"{""2023"": -26156.0, ""2024"": -75281.0, ""2025"": -119662.0, ""2026"": -66243.0}"
FADE_1min_e20d12_s6t12_all,fade,1min,all,100960,643.6,-2279.5,-357556.0,29.9,357585.0,0,4,"{""2023"": -27622.0, ""2024"": -84782.0, ""2025"": -153746.0, ""2026"": -91405.0}"
FADE_1min_e20d12_s6t12_rth,fade,1min,rth,61476,391.9,-1514.9,-237629.0,29.0,237661.0,0,4,"{""2023"": -23196.0, ""2024"": -60369.0, ""2025"": -102697.0, ""2026"": -51367.0}"
FADE_1min_e20d12_s8t16_all,fade,1min,all,88293,562.9,-1902.5,-298423.0,31.1,298488.0,0,4,"{""2023"": -22234.0, ""2024"": -72506.0, ""2025"": -131176.0, ""2026"": -72507.0}"
FADE_1min_e20d12_s8t16_rth,fade,1min,rth,54443,347.1,-1262.3,-197993.0,30.6,198213.0,0,4,"{""2023"": -18010.0, ""2024"": -51537.0, ""2025"": -88807.0, ""2026"": -39639.0}"
FADE_1min_e20d12_s10t20_all,fade,1min,all,76856,490.0,-1626.8,-255175.0,31.7,255377.0,0,4,"{""2023"": -20628.0, ""2024"": -66136.0, ""2025"": -109653.0, ""2026"": -58757.0}"
FADE_1min_e20d12_s10t20_rth,fade,1min,rth,47675,303.9,-1074.8,-168589.0,31.3,168983.0,0,4,"{""2023"": -16985.0, ""2024"": -46209.0, ""2025"": -73733.0, ""2026"": -31663.0}"
FADE_1min_e20d18_s5t8_all,fade,1min,all,66571,424.4,-1813.4,-284449.0,30.9,284451.0,0,4,"{""2023"": -16102.0, ""2024"": -61232.0, ""2025"": -126889.0, ""2026"": -80226.0}"
FADE_1min_e20d18_s5t8_rth,fade,1min,rth,44050,280.8,-1309.4,-205397.0,29.4,205398.0,0,4,"{""2023"": -14385.0, ""2024"": -48626.0, ""2025"": -92258.0, ""2026"": -50128.0}"
FADE_1min_e20d18_s6t12_all,fade,1min,all,62506,398.5,-1485.5,-233009.0,29.4,233017.0,0,4,"{""2023"": -15063.0, ""2024"": -48652.0, ""2025"": -106940.0, ""2026"": -62355.0}"
FADE_1min_e20d18_s6t12_rth,fade,1min,rth,41627,265.4,-1080.0,-169401.0,28.5,169473.0,0,4,"{""2023"": -13249.0, ""2024"": -39051.0, ""2025"": -78868.0, ""2026"": -38232.0}"
FADE_1min_e20d18_s8t16_all,fade,1min,all,56649,361.2,-1257.4,-197231.0,30.9,197289.0,0,4,"{""2023"": -12228.0, ""2024"": -42255.0, ""2025"": -93626.0, ""2026"": -49122.0}"
FADE_1min_e20d18_s8t16_rth,fade,1min,rth,37991,242.2,-922.2,-144658.0,30.2,144742.0,0,4,"{""2023"": -11015.0, ""2024"": -34076.0, ""2025"": -68786.0, ""2026"": -30781.0}"
FADE_1min_e20d18_s10t20_all,fade,1min,all,51283,326.9,-1107.9,-173781.0,31.5,173825.0,0,4,"{""2023"": -12180.0, ""2024"": -39943.0, ""2025"": -80660.0, ""2026"": -40999.0}"
FADE_1min_e20d18_s10t20_rth,fade,1min,rth,34472,219.8,-800.1,-125495.0,31.1,125686.0,0,4,"{""2023"": -11122.0, ""2024"": -32278.0, ""2025"": -58095.0, ""2026"": -24001.0}"
FADE_1min_e20d25_s5t8_all,fade,1min,all,39192,249.9,-1193.5,-187213.0,29.0,187214.0,0,4,"{""2023"": -8636.0, ""2024"": -37129.0, ""2025"": -87708.0, ""2026"": -53739.0}"
FADE_1min_e20d25_s5t8_rth,fade,1min,rth,27530,175.5,-899.7,-141120.0,27.7,141122.0,0,4,"{""2023"": -7880.0, ""2024"": -30130.0, ""2025"": -67873.0, ""2026"": -35238.0}"
FADE_1min_e20d25_s6t12_all,fade,1min,all,37558,239.4,-960.3,-150628.0,28.6,150635.0,0,4,"{""2023"": -7468.0, ""2024"": -28653.0, ""2025"": -73468.0, ""2026"": -41039.0}"
FADE_1min_e20d25_s6t12_rth,fade,1min,rth,26537,169.2,-729.0,-114355.0,27.8,114372.0,0,4,"{""2023"": -6640.0, ""2024"": -22994.0, ""2025"": -57863.0, ""2026"": -26859.0}"
FADE_1min_e20d25_s8t16_all,fade,1min,all,34965,222.9,-829.7,-130149.0,30.4,130160.0,0,4,"{""2023"": -6761.0, ""2024"": -25227.0, ""2025"": -65261.0, ""2026"": -32899.0}"
FADE_1min_e20d25_s8t16_rth,fade,1min,rth,24847,158.4,-623.2,-97756.0,30.0,97843.0,0,4,"{""2023"": -6262.0, ""2024"": -19722.0, ""2025"": -50783.0, ""2026"": -20988.0}"
FADE_1min_e20d25_s10t20_all,fade,1min,all,32380,206.4,-750.3,-117688.0,31.1,117780.0,0,4,"{""2023"": -7487.0, ""2024"": -23286.0, ""2025"": -57988.0, ""2026"": -28926.0}"
FADE_1min_e20d25_s10t20_rth,fade,1min,rth,23043,146.9,-563.7,-88414.0,30.8,88532.0,0,4,"{""2023"": -6776.0, ""2024"": -18962.0, ""2025"": -45080.0, ""2026"": -17596.0}"
FADE_1min_e50d8_s5t8_all,fade,1min,all,194162,1237.8,-4478.2,-702442.0,33.4,702430.0,0,4,"{""2023"": -69548.0, ""2024"": -184478.0, ""2025"": -274787.0, ""2026"": -173628.0}"
FADE_1min_e50d8_s5t8_rth,fade,1min,rth,101520,647.2,-2616.7,-410443.0,31.8,410433.0,0,4,"{""2023"": -48233.0, ""2024"": -117483.0, ""2025"": -157160.0, ""2026"": -87568.0}"
FADE_1min_e50d8_s6t12_all,fade,1min,all,162447,1035.6,-3490.1,-547446.0,30.4,547446.0,0,4,"{""2023"": -55389.0, ""2024"": -142240.0, ""2025"": -215004.0, ""2026"": -134813.0}"
FADE_1min_e50d8_s6t12_rth,fade,1min,rth,87808,559.8,-2070.2,-324732.0,29.5,324770.0,0,4,"{""2023"": -39200.0, ""2024"": -90368.0, ""2025"": -126562.0, ""2026"": -68602.0}"
FADE_1min_e50d8_s8t16_all,fade,1min,all,128748,820.8,-2687.6,-421571.0,31.4,421668.0,0,4,"{""2023"": -39822.0, ""2024"": -106876.0, ""2025"": -171536.0, ""2026"": -103338.0}"
FADE_1min_e50d8_s8t16_rth,fade,1min,rth,72104,459.7,-1617.9,-253777.0,30.8,253818.0,0,4,"{""2023"": -29022.0, ""2024"": -69458.0, ""2025"": -102116.0, ""2026"": -53180.0}"
FADE_1min_e50d8_s10t20_all,fade,1min,all,103153,657.6,-2149.6,-337179.0,31.8,337391.0,0,4,"{""2023"": -31118.0, ""2024"": -87734.0, ""2025"": -134997.0, ""2026"": -83329.0}"
FADE_1min_e50d8_s10t20_rth,fade,1min,rth,59333,378.3,-1319.8,-207026.0,31.4,207126.0,0,4,"{""2023"": -22865.0, ""2024"": -58358.0, ""2025"": -82473.0, ""2026"": -43330.0}"
FADE_1min_e50d12_s5t8_all,fade,1min,all,156682,998.9,-3695.0,-579588.0,33.1,579575.0,0,4,"{""2023"": -50302.0, ""2024"": -148154.0, ""2025"": -229870.0, ""2026"": -151262.0}"
FADE_1min_e50d12_s5t8_rth,fade,1min,rth,87401,557.2,-2293.7,-359778.0,31.5,359782.0,0,4,"{""2023"": -38314.0, ""2024"": -100846.0, ""2025"": -141794.0, ""2026"": -78824.0}"
FADE_1min_e50d12_s6t12_all,fade,1min,all,134488,857.4,-2956.8,-463796.0,30.2,463783.0,0,4,"{""2023"": -42503.0, ""2024"": -116921.0, ""2025"": -184331.0, ""2026"": -120041.0}"
FADE_1min_e50d12_s6t12_rth,fade,1min,rth,76900,490.3,-1838.1,-288325.0,29.3,288394.0,0,4,"{""2023"": -32364.0, ""2024"": -78105.0, ""2025"": -114915.0, ""2026"": -62941.0}"
FADE_1min_e50d12_s8t16_all,fade,1min,all,110232,702.8,-2354.3,-369294.0,31.2,369298.0,0,4,"{""2023"": -31343.0, ""2024"": -90549.0, ""2025"": -154542.0, ""2026"": -92860.0}"
FADE_1min_e50d12_s8t16_rth,fade,1min,rth,64453,410.9,-1467.6,-230207.0,30.7,230293.0,0,4,"{""2023"": -23798.0, ""2024"": -61426.0, ""2025"": -95806.0, ""2026"": -49177.0}"
FADE_1min_e50d12_s10t20_all,fade,1min,all,91501,583.3,-1932.0,-303048.0,31.7,303066.0,0,4,"{""2023"": -24288.0, ""2024"": -77466.0, ""2025"": -122236.0, ""2026"": -79059.0}"
FADE_1min_e50d12_s10t20_rth,fade,1min,rth,54235,345.8,-1229.7,-192882.0,31.3,193035.0,0,4,"{""2023"": -19656.0, ""2024"": -53689.0, ""2025"": -78314.0, ""2026"": -41222.0}"
FADE_1min_e50d18_s5t8_all,fade,1min,all,113062,720.8,-2797.6,-438818.0,32.4,438832.0,0,4,"{""2023"": -34069.0, ""2024"": -103172.0, ""2025"": -179572.0, ""2026"": -122005.0}"
FADE_1min_e50d18_s5t8_rth,fade,1min,rth,68369,435.9,-1855.2,-291005.0,31.0,291008.0,0,4,"{""2023"": -28149.0, ""2024"": -76306.0, ""2025"": -118329.0, ""2026"": -68221.0}"
FADE_1min_e50d18_s6t12_all,fade,1min,all,99788,636.2,-2224.4,-348907.0,30.0,348937.0,0,4,"{""2023"": -29166.0, ""2024"": -81798.0, ""2025"": -142251.0, ""2026"": -95692.0}"
FADE_1min_e50d18_s6t12_rth,fade,1min,rth,61348,391.1,-1487.3,-233299.0,29.2,233423.0,0,4,"{""2023"": -24185.0, ""2024"": -60218.0, ""2025"": -95576.0, ""2026"": -53320.0}"
FADE_1min_e50d18_s8t16_all,fade,1min,all,84194,536.8,-1821.1,-285649.0,31.1,285702.0,0,4,"{""2023"": -22498.0, ""2024"": -65246.0, ""2025"": -122840.0, ""2026"": -75066.0}"
FADE_1min_e50d18_s8t16_rth,fade,1min,rth,52638,335.6,-1210.2,-189824.0,30.6,189894.0,0,4,"{""2023"": -18404.0, ""2024"": -48109.0, ""2025"": -81946.0, ""2026"": -41365.0}"
FADE_1min_e50d18_s10t20_all,fade,1min,all,71767,457.5,-1565.8,-245610.0,31.5,245680.0,0,4,"{""2023"": -20273.0, ""2024"": -61252.0, ""2025"": -101348.0, ""2026"": -62737.0}"
FADE_1min_e50d18_s10t20_rth,fade,1min,rth,45211,288.2,-1053.1,-165192.0,31.1,165397.0,0,4,"{""2023"": -16776.0, ""2024"": -45952.0, ""2025"": -69832.0, ""2026"": -32631.0}"
FADE_1min_e50d25_s5t8_all,fade,1min,all,78536,500.7,-2060.6,-323214.0,31.5,323201.0,0,4,"{""2023"": -21015.0, ""2024"": -71995.0, ""2025"": -137246.0, ""2026"": -92957.0}"
FADE_1min_e50d25_s5t8_rth,fade,1min,rth,50766,323.6,-1435.1,-225107.0,30.3,225096.0,0,4,"{""2023"": -18675.0, ""2024"": -56496.0, ""2025"": -95408.0, ""2026"": -54528.0}"
FADE_1min_e50d25_s6t12_all,fade,1min,all,70964,452.4,-1626.3,-255095.0,29.8,255080.0,0,4,"{""2023"": -18669.0, ""2024"": -54530.0, ""2025"": -109765.0, ""2026"": -72130.0}"
FADE_1min_e50d25_s6t12_rth,fade,1min,rth,46454,296.2,-1150.1,-180398.0,29.0,180498.0,0,4,"{""2023"": -16715.0, ""2024"": -42736.0, ""2025"": -78946.0, ""2026"": -42001.0}"
FADE_1min_e50d25_s8t16_all,fade,1min,all,61504,392.1,-1338.4,-209933.0,31.0,209920.0,0,4,"{""2023"": -13146.0, ""2024"": -45099.0, ""2025"": -95040.0, ""2026"": -56649.0}"
FADE_1min_e50d25_s8t16_rth,fade,1min,rth,40771,259.9,-939.5,-147372.0,30.6,147428.0,0,4,"{""2023"": -12190.0, ""2024"": -34872.0, ""2025"": -67690.0, ""2026"": -32620.0}"
FADE_1min_e50d25_s10t20_all,fade,1min,all,53460,340.8,-1186.2,-186060.0,31.4,186094.0,0,4,"{""2023"": -13121.0, ""2024"": -43934.0, ""2025"": -81638.0, ""2026"": -47367.0}"
FADE_1min_e50d25_s10t20_rth,fade,1min,rth,35637,227.2,-817.7,-128266.0,31.2,128584.0,0,4,"{""2023"": -12288.0, ""2024"": -33296.0, ""2025"": -57236.0, ""2026"": -25445.0}"
IMPF_1min_w2i4_s5t10_all,impfade,1min,all,197198,1257.2,-4221.3,-662137.0,29.8,662125.0,0,4,"{""2023"": -65260.0, ""2024"": -177878.0, ""2025"": -260678.0, ""2026"": -158321.0}"
IMPF_1min_w2i4_s5t10_rth,impfade,1min,rth,100462,640.5,-2365.1,-370978.0,28.7,370983.0,0,4,"{""2023"": -41700.0, ""2024"": -108769.0, ""2025"": -144376.0, ""2026"": -76133.0}"
IMPF_1min_w2i4_s6t15_all,impfade,1min,all,157436,1003.7,-3182.7,-499229.0,26.6,499214.0,0,4,"{""2023"": -48854.0, ""2024"": -132008.0, ""2025"": -203639.0, ""2026"": -114727.0}"
IMPF_1min_w2i4_s6t15_rth,impfade,1min,rth,84326,537.6,-1809.8,-283875.0,26.1,284035.0,0,4,"{""2023"": -31321.0, ""2024"": -82220.0, ""2025"": -115794.0, ""2026"": -54541.0}"
IMPF_1min_w2i4_s8t20_all,impfade,1min,all,119346,760.9,-2397.5,-376060.0,27.2,376180.0,0,4,"{""2023"": -35257.0, ""2024"": -96182.0, ""2025"": -151202.0, ""2026"": -93418.0}"
IMPF_1min_w2i4_s8t20_rth,impfade,1min,rth,67084,427.7,-1367.6,-214512.0,27.0,214644.0,0,4,"{""2023"": -24323.0, ""2024"": -59380.0, ""2025"": -89862.0, ""2026"": -40947.0}"
IMPF_1min_w2i4_s8t30_all,impfade,1min,all,94929,605.2,-1836.6,-288086.0,20.5,288509.0,0,4,"{""2023"": -27239.0, ""2024"": -72978.0, ""2025"": -122383.0, ""2026"": -65487.0}"
IMPF_1min_w2i4_s8t30_rth,impfade,1min,rth,54680,348.6,-1096.7,-172022.0,20.1,172558.0,0,4,"{""2023"": -20006.0, ""2024"": -45856.0, ""2025"": -74338.0, ""2026"": -31822.0}"
IMPF_1min_w2i6_s5t10_all,impfade,1min,all,164314,1047.5,-3653.2,-573035.0,29.4,573044.0,0,4,"{""2023"": -53422.0, ""2024"": -152506.0, ""2025"": -224325.0, ""2026"": -142782.0}"
IMPF_1min_w2i6_s5t10_rth,impfade,1min,rth,88486,564.1,-2186.6,-342992.0,28.1,342997.0,0,4,"{""2023"": -37841.0, ""2024"": -97631.0, ""2025"": -134956.0, ""2026"": -72563.0}"
IMPF_1min_w2i6_s6t15_all,impfade,1min,all,138314,881.8,-2808.2,-440485.0,26.5,440482.0,0,4,"{""2023"": -41894.0, ""2024"": -114195.0, ""2025"": -179358.0, ""2026"": -105037.0}"
IMPF_1min_w2i6_s6t15_rth,impfade,1min,rth,76787,489.5,-1702.1,-266985.0,25.8,267117.0,0,4,"{""2023"": -28961.0, ""2024"": -75432.0, ""2025"": -109623.0, ""2026"": -52969.0}"
IMPF_1min_w2i6_s8t20_all,impfade,1min,all,109414,697.5,-2209.6,-346590.0,27.1,346591.0,0,4,"{""2023"": -31289.0, ""2024"": -86455.0, ""2025"": -144504.0, ""2026"": -84341.0}"
IMPF_1min_w2i6_s8t20_rth,impfade,1min,rth,62823,400.5,-1336.9,-209709.0,26.8,209815.0,0,4,"{""2023"": -21663.0, ""2024"": -55683.0, ""2025"": -90325.0, ""2026"": -42038.0}"
IMPF_1min_w2i6_s8t30_all,impfade,1min,all,88901,566.8,-1752.1,-274837.0,20.4,274993.0,0,4,"{""2023"": -26168.0, ""2024"": -72251.0, ""2025"": -113419.0, ""2026"": -62998.0}"
IMPF_1min_w2i6_s8t30_rth,impfade,1min,rth,52137,332.4,-1094.2,-171641.0,19.9,171950.0,0,4,"{""2023"": -19497.0, ""2024"": -48166.0, ""2025"": -71950.0, ""2026"": -32028.0}"
IMPF_1min_w2i9_s5t10_all,impfade,1min,all,116335,741.7,-2752.5,-431756.0,28.7,431816.0,0,4,"{""2023"": -33674.0, ""2024"": -104924.0, ""2025"": -178597.0, ""2026"": -114561.0}"
IMPF_1min_w2i9_s5t10_rth,impfade,1min,rth,68782,438.5,-1776.7,-278683.0,27.6,278675.0,0,4,"{""2023"": -27420.0, ""2024"": -74257.0, ""2025"": -113826.0, ""2026"": -63180.0}"
IMPF_1min_w2i9_s6t15_all,impfade,1min,all,104973,669.2,-2278.3,-357374.0,26.0,357388.0,0,4,"{""2023"": -28767.0, ""2024"": -85868.0, ""2025"": -150582.0, ""2026"": -92158.0}"
IMPF_1min_w2i9_s6t15_rth,impfade,1min,rth,62773,400.2,-1462.8,-229445.0,25.4,229510.0,0,4,"{""2023"": -22707.0, ""2024"": -60008.0, ""2025"": -97030.0, ""2026"": -49700.0}"
IMPF_1min_w2i9_s8t20_all,impfade,1min,all,89265,569.1,-1879.5,-294820.0,26.9,294936.0,0,4,"{""2023"": -21948.0, ""2024"": -68194.0, ""2025"": -126184.0, ""2026"": -78494.0}"
IMPF_1min_w2i9_s8t20_rth,impfade,1min,rth,54109,345.0,-1207.8,-189446.0,26.5,189595.0,0,4,"{""2023"": -17305.0, ""2024"": -45410.0, ""2025"": -85387.0, ""2026"": -41343.0}"
IMPF_1min_w2i9_s8t30_all,impfade,1min,all,75453,481.0,-1510.5,-236925.0,20.2,237065.0,0,4,"{""2023"": -21561.0, ""2024"": -52457.0, ""2025"": -100068.0, ""2026"": -62839.0}"
IMPF_1min_w2i9_s8t30_rth,impfade,1min,rth,46269,295.0,-961.2,-150775.0,19.9,150990.0,0,4,"{""2023"": -16531.0, ""2024"": -35965.0, ""2025"": -68098.0, ""2026"": -30181.0}"
IMPF_1min_w2i14_s5t10_all,impfade,1min,all,63602,405.5,-1677.3,-263092.0,27.3,263174.0,0,4,"{""2023"": -16378.0, ""2024"": -57032.0, ""2025"": -117161.0, ""2026"": -72522.0}"
IMPF_1min_w2i14_s5t10_rth,impfade,1min,rth,42051,268.1,-1206.7,-189279.0,26.1,189332.0,0,4,"{""2023"": -14392.0, ""2024"": -44313.0, ""2025"": -83667.0, ""2026"": -46907.0}"
IMPF_1min_w2i14_s6t15_all,impfade,1min,all,60958,388.6,-1440.5,-225953.0,25.3,226131.0,0,4,"{""2023"": -14051.0, ""2024"": -50219.0, ""2025"": -101297.0, ""2026"": -60385.0}"
IMPF_1min_w2i14_s6t15_rth,impfade,1min,rth,40444,257.8,-1034.9,-162328.0,24.6,162451.0,0,4,"{""2023"": -12131.0, ""2024"": -38752.0, ""2025"": -72393.0, ""2026"": -39052.0}"
IMPF_1min_w2i14_s8t20_all,impfade,1min,all,56373,359.4,-1260.8,-197768.0,26.5,197916.0,0,4,"{""2023"": -11908.0, ""2024"": -43233.0, ""2025"": -91154.0, ""2026"": -51472.0}"
IMPF_1min_w2i14_s8t20_rth,impfade,1min,rth,37576,239.6,-914.1,-143375.0,25.9,143497.0,0,4,"{""2023"": -10222.0, ""2024"": -32609.0, ""2025"": -67473.0, ""2026"": -33070.0}"
IMPF_1min_w2i14_s8t30_all,impfade,1min,all,50820,324.0,-1074.9,-168610.0,19.9,169144.0,0,4,"{""2023"": -12030.0, ""2024"": -38943.0, ""2025"": -77877.0, ""2026"": -39760.0}"
IMPF_1min_w2i14_s8t30_rth,impfade,1min,rth,33901,216.1,-789.1,-123770.0,19.4,124122.0,0,4,"{""2023"": -10801.0, ""2024"": -30554.0, ""2025"": -58491.0, ""2026"": -23924.0}"
IMPF_1min_w3i4_s5t10_all,impfade,1min,all,205741,1311.6,-4442.1,-696781.0,29.8,696865.0,0,4,"{""2023"": -72398.0, ""2024"": -186537.0, ""2025"": -275562.0, ""2026"": -162284.0}"
IMPF_1min_w3i4_s5t10_rth,impfade,1min,rth,103381,659.1,-2458.2,-385588.0,28.6,385577.0,0,4,"{""2023"": -45199.0, ""2024"": -110113.0, ""2025"": -150126.0, ""2026"": -80149.0}"
IMPF_1min_w3i4_s6t15_all,impfade,1min,all,162187,1034.0,-3353.9,-526078.0,26.4,526063.0,0,4,"{""2023"": -54778.0, ""2024"": -136790.0, ""2025"": -215692.0, ""2026"": -118817.0}"
IMPF_1min_w3i4_s6t15_rth,impfade,1min,rth,86289,550.1,-1918.8,-300971.0,25.8,301103.0,0,4,"{""2023"": -34762.0, ""2024"": -84683.0, ""2025"": -121396.0, ""2026"": -60130.0}"
IMPF_1min_w3i4_s8t20_all,impfade,1min,all,121760,776.2,-2494.3,-391255.0,27.1,391298.0,0,4,"{""2023"": -39089.0, ""2024"": -103220.0, ""2025"": -155643.0, ""2026"": -93302.0}"
IMPF_1min_w3i4_s8t20_rth,impfade,1min,rth,68322,435.6,-1467.8,-230243.0,26.7,230376.0,0,4,"{""2023"": -25618.0, ""2024"": -64513.0, ""2025"": -94037.0, ""2026"": -46075.0}"
IMPF_1min_w3i4_s8t30_all,impfade,1min,all,96830,617.3,-1998.3,-313443.0,20.3,313684.0,0,4,"{""2023"": -29846.0, ""2024"": -80236.0, ""2025"": -128410.0, ""2026"": -74951.0}"
IMPF_1min_w3i4_s8t30_rth,impfade,1min,rth,55661,354.9,-1161.4,-182172.0,19.9,182543.0,0,4,"{""2023"": -21640.0, ""2024"": -49153.0, ""2025"": -77185.0, ""2026"": -34193.0}"
IMPF_1min_w3i6_s5t10_all,impfade,1min,all,180221,1148.9,-3963.6,-621725.0,29.5,621712.0,0,4,"{""2023"": -59906.0, ""2024"": -166405.0, ""2025"": -246386.0, ""2026"": -149028.0}"
IMPF_1min_w3i6_s5t10_rth,impfade,1min,rth,94166,600.3,-2287.6,-358828.0,28.4,358815.0,0,4,"{""2023"": -40066.0, ""2024"": -103830.0, ""2025"": -140246.0, ""2026"": -74686.0}"
IMPF_1min_w3i6_s6t15_all,impfade,1min,all,148499,946.7,-3025.7,-474600.0,26.5,474585.0,0,4,"{""2023"": -47795.0, ""2024"": -124908.0, ""2025"": -191574.0, ""2026"": -110323.0}"
IMPF_1min_w3i6_s6t15_rth,impfade,1min,rth,80716,514.6,-1791.3,-280976.0,25.8,281053.0,0,4,"{""2023"": -32058.0, ""2024"": -80807.0, ""2025"": -111311.0, ""2026"": -56800.0}"
IMPF_1min_w3i6_s8t20_all,impfade,1min,all,115088,733.7,-2328.1,-365181.0,27.1,365182.0,0,4,"{""2023"": -35417.0, ""2024"": -93540.0, ""2025"": -153110.0, ""2026"": -83114.0}"
IMPF_1min_w3i6_s8t20_rth,impfade,1min,rth,65277,416.2,-1404.8,-220349.0,26.7,220376.0,0,4,"{""2023"": -23949.0, ""2024"": -61945.0, ""2025"": -92422.0, ""2026"": -42034.0}"
IMPF_1min_w3i6_s8t30_all,impfade,1min,all,92239,588.0,-1808.2,-283623.0,20.4,283892.0,0,4,"{""2023"": -25639.0, ""2024"": -65285.0, ""2025"": -121004.0, ""2026"": -71695.0}"
IMPF_1min_w3i6_s8t30_rth,impfade,1min,rth,53623,341.9,-1095.7,-171866.0,20.0,172223.0,0,4,"{""2023"": -17932.0, ""2024"": -45960.0, ""2025"": -74547.0, ""2026"": -33427.0}"
IMPF_1min_w3i9_s5t10_all,impfade,1min,all,137241,874.9,-3125.8,-490298.0,29.1,490333.0,0,4,"{""2023"": -42092.0, ""2024"": -124860.0, ""2025"": -198723.0, ""2026"": -124624.0}"
IMPF_1min_w3i9_s5t10_rth,impfade,1min,rth,77697,495.3,-1948.7,-305675.0,28.0,305681.0,0,4,"{""2023"": -31459.0, ""2024"": -85556.0, ""2025"": -121533.0, ""2026"": -67127.0}"
IMPF_1min_w3i9_s6t15_all,impfade,1min,all,120771,769.9,-2531.2,-397037.0,26.3,397144.0,0,4,"{""2023"": -35052.0, ""2024"": -100248.0, ""2025"": -164957.0, ""2026"": -96779.0}"
IMPF_1min_w3i9_s6t15_rth,impfade,1min,rth,69645,444.0,-1586.3,-248819.0,25.6,248983.0,0,4,"{""2023"": -25207.0, ""2024"": -70113.0, ""2025"": -101696.0, ""2026"": -51803.0}"
IMPF_1min_w3i9_s8t20_all,impfade,1min,all,99392,633.6,-2004.8,-314461.0,27.1,314487.0,0,4,"{""2023"": -27617.0, ""2024"": -78348.0, ""2025"": -135017.0, ""2026"": -73480.0}"
IMPF_1min_w3i9_s8t20_rth,impfade,1min,rth,58695,374.2,-1294.7,-203081.0,26.6,203163.0,0,4,"{""2023"": -19601.0, ""2024"": -56836.0, ""2025"": -86905.0, ""2026"": -39738.0}"
IMPF_1min_w3i9_s8t30_all,impfade,1min,all,82374,525.2,-1632.0,-255996.0,20.3,256221.0,0,4,"{""2023"": -23605.0, ""2024"": -61971.0, ""2025"": -113339.0, ""2026"": -57081.0}"
IMPF_1min_w3i9_s8t30_rth,impfade,1min,rth,49460,315.3,-1054.6,-165423.0,19.8,165779.0,0,4,"{""2023"": -16836.0, ""2024"": -46516.0, ""2025"": -74254.0, ""2026"": -27817.0}"
IMPF_1min_w3i14_s5t10_all,impfade,1min,all,82860,528.3,-2013.2,-315777.0,28.4,315819.0,0,4,"{""2023"": -21102.0, ""2024"": -71454.0, ""2025"": -137108.0, ""2026"": -86113.0}"
IMPF_1min_w3i14_s5t10_rth,impfade,1min,rth,52456,334.4,-1397.2,-219160.0,27.2,219164.0,0,4,"{""2023"": -18385.0, ""2024"": -54759.0, ""2025"": -94284.0, ""2026"": -51732.0}"
IMPF_1min_w3i14_s6t15_all,impfade,1min,all,78068,497.7,-1719.3,-269690.0,25.9,269778.0,0,4,"{""2023"": -17652.0, ""2024"": -64780.0, ""2025"": -117436.0, ""2026"": -69822.0}"
IMPF_1min_w3i14_s6t15_rth,impfade,1min,rth,49664,316.6,-1176.9,-184613.0,25.3,184649.0,0,4,"{""2023"": -15159.0, ""2024"": -48129.0, ""2025"": -79730.0, ""2026"": -41595.0}"
IMPF_1min_w3i14_s8t20_all,impfade,1min,all,69996,446.2,-1458.0,-228690.0,26.9,228790.0,0,4,"{""2023"": -14956.0, ""2024"": -54603.0, ""2025"": -102128.0, ""2026"": -57004.0}"
IMPF_1min_w3i14_s8t20_rth,impfade,1min,rth,44919,286.4,-1016.4,-159435.0,26.4,159458.0,0,4,"{""2023"": -12773.0, ""2024"": -42502.0, ""2025"": -70505.0, ""2026"": -33655.0}"
IMPF_1min_w3i14_s8t30_all,impfade,1min,all,61603,392.7,-1210.2,-189823.0,20.2,190074.0,0,4,"{""2023"": -11694.0, ""2024"": -49480.0, ""2025"": -85143.0, ""2026"": -43506.0}"
IMPF_1min_w3i14_s8t30_rth,impfade,1min,rth,39775,253.6,-838.2,-131484.0,19.8,131915.0,0,4,"{""2023"": -9616.0, ""2024"": -39041.0, ""2025"": -57746.0, ""2026"": -25081.0}"
THR_1min_k1.5_s6t12_all,thrust,1min,all,63834,407.0,-1368.8,-214711.0,30.4,214766.0,0,4,"{""2023"": -25675.0, ""2024"": -58091.0, ""2025"": -80869.0, ""2026"": -50076.0}"
THR_1min_k1.5_s6t12_rth,thrust,1min,rth,24070,153.5,-579.0,-90823.0,29.3,90843.0,0,4,"{""2023"": -12222.0, ""2024"": -24188.0, ""2025"": -34412.0, ""2026"": -20001.0}"
THR_1min_k1.5_s8t16_all,thrust,1min,all,53457,340.8,-1150.7,-180490.0,31.2,180670.0,0,4,"{""2023"": -18544.0, ""2024"": -47081.0, ""2025"": -69856.0, ""2026"": -45009.0}"
THR_1min_k1.5_s8t16_rth,thrust,1min,rth,22114,141.0,-504.4,-79121.0,30.7,79299.0,0,4,"{""2023"": -9611.0, ""2024"": -19964.0, ""2025"": -30784.0, ""2026"": -18763.0}"
THR_1min_k1.5_s10t25_all,thrust,1min,all,41796,266.5,-883.3,-138557.0,27.4,138902.0,0,4,"{""2023"": -14056.0, ""2024"": -34181.0, ""2025"": -54715.0, ""2026"": -35605.0}"
THR_1min_k1.5_s10t25_rth,thrust,1min,rth,19021,121.3,-441.1,-69195.0,26.8,69734.0,0,4,"{""2023"": -8206.0, ""2024"": -19848.0, ""2025"": -24994.0, ""2026"": -16146.0}"
THR_1min_k1.5_s12t36_all,thrust,1min,all,33151,211.3,-646.0,-101334.0,25.0,101559.0,0,4,"{""2023"": -10190.0, ""2024"": -22445.0, ""2025"": -46292.0, ""2026"": -22407.0}"
THR_1min_k1.5_s12t36_rth,thrust,1min,rth,16205,103.3,-346.0,-54280.0,24.2,54297.0,0,4,"{""2023"": -9154.0, ""2024"": -10790.0, ""2025"": -22478.0, ""2026"": -11857.0}"
THR_1min_k2.0_s6t12_all,thrust,1min,all,25763,164.2,-557.3,-87416.0,30.3,87603.0,0,4,"{""2023"": -12380.0, ""2024"": -23131.0, ""2025"": -33220.0, ""2026"": -18686.0}"
THR_1min_k2.0_s6t12_rth,thrust,1min,rth,7877,50.2,-207.5,-32541.0,28.3,32549.0,0,4,"{""2023"": -4046.0, ""2024"": -8793.0, ""2025"": -12025.0, ""2026"": -7678.0}"
THR_1min_k2.0_s8t16_all,thrust,1min,all,23029,146.8,-503.3,-78950.0,31.1,79131.0,0,4,"{""2023"": -10375.0, ""2024"": -20050.0, ""2025"": -30772.0, ""2026"": -17752.0}"
THR_1min_k2.0_s8t16_rth,thrust,1min,rth,7592,48.4,-191.3,-30013.0,30.0,30034.0,0,4,"{""2023"": -3433.0, ""2024"": -7469.0, ""2025"": -11236.0, ""2026"": -7875.0}"
THR_1min_k2.0_s10t25_all,thrust,1min,all,19626,125.1,-375.4,-58887.0,28.0,59168.0,0,4,"{""2023"": -7375.0, ""2024"": -11912.0, ""2025"": -23702.0, ""2026"": -15898.0}"
THR_1min_k2.0_s10t25_rth,thrust,1min,rth,7065,45.0,-153.4,-24056.0,27.2,24088.0,0,4,"{""2023"": -3068.0, ""2024"": -4944.0, ""2025"": -8924.0, ""2026"": -7120.0}"
THR_1min_k2.0_s12t36_all,thrust,1min,all,16766,106.9,-282.7,-44344.0,25.9,44760.0,0,4,"{""2023"": -7395.0, ""2024"": -7444.0, ""2025"": -21033.0, ""2026"": -8472.0}"
THR_1min_k2.0_s12t36_rth,thrust,1min,rth,6458,41.2,-105.3,-16524.0,25.1,16624.0,0,4,"{""2023"": -3324.0, ""2024"": -1250.0, ""2025"": -8562.0, ""2026"": -3388.0}"
THR_1min_k3.0_s6t12_all,thrust,1min,all,5820,37.1,-139.4,-21866.0,29.3,21928.0,0,4,"{""2023"": -2665.0, ""2024"": -6248.0, ""2025"": -8131.0, ""2026"": -4822.0}"
THR_1min_k3.0_s6t12_rth,thrust,1min,rth,1769,11.3,-56.5,-8863.0,25.9,8885.0,0,4,"{""2023"": -1056.0, ""2024"": -2550.0, ""2025"": -2930.0, ""2026"": -2326.0}"
THR_1min_k3.0_s8t16_all,thrust,1min,all,5611,35.8,-127.3,-19975.0,30.8,20047.0,0,4,"{""2023"": -3036.0, ""2024"": -5310.0, ""2025"": -7124.0, ""2026"": -4504.0}"
THR_1min_k3.0_s8t16_rth,thrust,1min,rth,1743,11.1,-53.0,-8309.0,28.2,8339.0,0,4,"{""2023"": -1148.0, ""2024"": -2169.0, ""2025"": -2362.0, ""2026"": -2630.0}"
THR_1min_k3.0_s10t25_all,thrust,1min,all,5297,33.8,-98.6,-15459.0,28.2,15743.0,0,4,"{""2023"": -2358.0, ""2024"": -3256.0, ""2025"": -5895.0, ""2026"": -3950.0}"
THR_1min_k3.0_s10t25_rth,thrust,1min,rth,1706,10.9,-31.0,-4865.0,27.8,4919.0,0,4,"{""2023"": -853.0, ""2024"": -1105.0, ""2025"": -638.0, ""2026"": -2268.0}"
THR_1min_k3.0_s12t36_all,thrust,1min,all,4996,31.9,-93.3,-14636.0,26.0,14926.0,0,4,"{""2023"": -3165.0, ""2024"": -2206.0, ""2025"": -7160.0, ""2026"": -2105.0}"
THR_1min_k3.0_s12t36_rth,thrust,1min,rth,1668,10.6,-29.6,-4642.0,24.7,4764.0,0,4,"{""2023"": -1666.0, ""2024"": -609.0, ""2025"": -768.0, ""2026"": -1599.0}"
DONX_N8_1min_trail1.5h0_all,exit_eng,1min,all,96659,616.2,-4036.0,-633070.0,23.9,633246.0,0,4,"{""2023"": -96094.0, ""2024"": -192073.0, ""2025"": -220932.0, ""2026"": -123971.0}"
DONX_N8_1min_trail1.5h0_rth,exit_eng,1min,rth,29881,190.5,-1683.9,-264128.0,28.1,264170.0,0,4,"{""2023"": -39656.0, ""2024"": -80156.0, ""2025"": -94637.0, ""2026"": -49678.0}"
DONX_N8_1min_trail1.5h10_all,exit_eng,1min,all,100402,640.1,-4177.2,-655229.0,21.8,655383.0,0,4,"{""2023"": -101333.0, ""2024"": -200198.0, ""2025"": -225173.0, ""2026"": -128525.0}"
DONX_N8_1min_trail1.5h10_rth,exit_eng,1min,rth,32675,208.3,-1687.8,-264741.0,23.0,264792.0,0,4,"{""2023"": -42495.0, ""2024"": -82704.0, ""2025"": -90703.0, ""2026"": -48840.0}"
DONX_N8_1min_trail1.5h20_all,exit_eng,1min,all,97356,620.7,-4275.8,-670693.0,23.5,670836.0,0,4,"{""2023"": -100486.0, ""2024"": -201852.0, ""2025"": -232574.0, ""2026"": -135781.0}"
DONX_N8_1min_trail1.5h20_rth,exit_eng,1min,rth,30476,194.3,-1821.7,-285741.0,27.0,285783.0,0,4,"{""2023"": -43162.0, ""2024"": -87284.0, ""2025"": -101646.0, ""2026"": -53649.0}"
DONX_N8_1min_trail2.5h0_all,exit_eng,1min,all,56141,357.9,-1865.5,-292614.0,30.6,292924.0,0,4,"{""2023"": -43739.0, ""2024"": -86585.0, ""2025"": -100612.0, ""2026"": -61677.0}"
DONX_N8_1min_trail2.5h0_rth,exit_eng,1min,rth,16771,106.9,-675.2,-105913.0,33.6,106304.0,0,4,"{""2023"": -15541.0, ""2024"": -26245.0, ""2025"": -34436.0, ""2026"": -29691.0}"
DONX_N8_1min_trail2.5h10_all,exit_eng,1min,all,66081,421.3,-2092.3,-328200.0,24.5,328460.0,0,4,"{""2023"": -48967.0, ""2024"": -101168.0, ""2025"": -107949.0, ""2026"": -70116.0}"
DONX_N8_1min_trail2.5h10_rth,exit_eng,1min,rth,23268,148.3,-757.5,-118814.0,21.4,118902.0,0,4,"{""2023"": -18423.0, ""2024"": -35346.0, ""2025"": -36365.0, ""2026"": -28679.0}"
DONX_N8_1min_trail2.5h20_all,exit_eng,1min,all,58780,374.7,-1999.8,-313677.0,28.9,313906.0,0,4,"{""2023"": -46453.0, ""2024"": -95007.0, ""2025"": -105317.0, ""2026"": -66900.0}"
DONX_N8_1min_trail2.5h20_rth,exit_eng,1min,rth,18804,119.9,-736.4,-115515.0,29.2,115759.0,0,4,"{""2023"": -17367.0, ""2024"": -32199.0, ""2025"": -37486.0, ""2026"": -28464.0}"
DONX_N8_1min_trail4.0h0_all,exit_eng,1min,all,27962,178.3,-810.5,-127129.0,32.3,127595.0,0,4,"{""2023"": -21623.0, ""2024"": -36409.0, ""2025"": -43400.0, ""2026"": -25697.0}"
DONX_N8_1min_trail4.0h0_rth,exit_eng,1min,rth,8465,54.0,-290.9,-45623.0,34.7,46654.0,0,4,"{""2023"": -5841.0, ""2024"": -9309.0, ""2025"": -14860.0, ""2026"": -15613.0}"
DONX_N8_1min_trail4.0h10_all,exit_eng,1min,all,42272,269.5,-1113.2,-174617.0,20.9,175014.0,0,4,"{""2023"": -25627.0, ""2024"": -50436.0, ""2025"": -56127.0, ""2026"": -42427.0}"
DONX_N8_1min_trail4.0h10_rth,exit_eng,1min,rth,16980,108.3,-428.7,-67240.0,16.1,67363.0,0,4,"{""2023"": -8269.0, ""2024"": -17938.0, ""2025"": -18789.0, ""2026"": -22243.0}"
DONX_N8_1min_trail4.0h20_all,exit_eng,1min,all,32578,207.7,-918.5,-144077.0,27.9,144412.0,0,4,"{""2023"": -22468.0, ""2024"": -40040.0, ""2025"": -48817.0, ""2026"": -32752.0}"
DONX_N8_1min_trail4.0h20_rth,exit_eng,1min,rth,11884,75.8,-367.2,-57603.0,24.9,57893.0,0,4,"{""2023"": -6294.0, ""2024"": -12183.0, ""2025"": -19919.0, ""2026"": -19208.0}"
DONX_N8_1min_time10h0_all,exit_eng,1min,all,61860,394.4,-938.0,-147125.0,44.4,148216.0,0,4,"{""2023"": -27536.0, ""2024"": -47542.0, ""2025"": -53289.0, ""2026"": -18758.0}"
DONX_N8_1min_time10h0_rth,exit_eng,1min,rth,20119,128.3,-262.1,-41115.0,47.2,41993.0,0,4,"{""2023"": -9245.0, ""2024"": -14061.0, ""2025"": -13379.0, ""2026"": -4431.0}"
DONX_N8_1min_time10h10_all,exit_eng,1min,all,76014,484.6,-1375.2,-215708.0,33.3,216086.0,0,4,"{""2023"": -34698.0, ""2024"": -64704.0, ""2025"": -70379.0, ""2026"": -45927.0}"
DONX_N8_1min_time10h10_rth,exit_eng,1min,rth,27965,178.3,-546.5,-85728.0,27.3,85811.0,0,4,"{""2023"": -14061.0, ""2024"": -24118.0, ""2025"": -27369.0, ""2026"": -20181.0}"
DONX_N8_1min_time10h20_all,exit_eng,1min,all,67069,427.6,-1132.7,-177667.0,40.8,178172.0,0,4,"{""2023"": -29666.0, ""2024"": -53408.0, ""2025"": -61938.0, ""2026"": -32654.0}"
DONX_N8_1min_time10h20_rth,exit_eng,1min,rth,23557,150.2,-436.2,-68424.0,39.0,68727.0,0,4,"{""2023"": -10596.0, ""2024"": -19089.0, ""2025"": -23404.0, ""2026"": -15334.0}"
DONX_N8_1min_time30h0_all,exit_eng,1min,all,28592,182.3,-510.4,-80057.0,46.5,81675.0,0,4,"{""2023"": -17027.0, ""2024"": -24471.0, ""2025"": -22594.0, ""2026"": -15965.0}"
DONX_N8_1min_time30h0_rth,exit_eng,1min,rth,9447,60.2,-126.6,-19861.0,48.0,21240.0,1,4,"{""2023"": -5645.0, ""2024"": -6280.0, ""2025"": 4249.0, ""2026"": -12185.0}"
DONX_N8_1min_time30h10_all,exit_eng,1min,all,49338,314.5,-902.6,-141574.0,25.7,141800.0,0,4,"{""2023"": -23091.0, ""2024"": -43152.0, ""2025"": -39913.0, ""2026"": -35419.0}"
DONX_N8_1min_time30h10_rth,exit_eng,1min,rth,20460,130.4,-410.4,-64371.0,18.1,64469.0,0,4,"{""2023"": -11445.0, ""2024"": -16037.0, ""2025"": -16750.0, ""2026"": -20139.0}"
DONX_N8_1min_time30h20_all,exit_eng,1min,all,37199,237.2,-643.3,-100907.0,36.7,101199.0,0,4,"{""2023"": -18049.0, ""2024"": -25603.0, ""2025"": -33524.0, ""2026"": -23731.0}"
DONX_N8_1min_time30h20_rth,exit_eng,1min,rth,14860,94.7,-323.6,-50753.0,30.2,50920.0,0,4,"{""2023"": -7975.0, ""2024"": -8593.0, ""2025"": -17912.0, ""2026"": -16273.0}"
DONX_N8_1min_time60h0_all,exit_eng,1min,all,15796,100.7,-305.0,-47849.0,47.2,48473.0,0,4,"{""2023"": -6762.0, ""2024"": -18441.0, ""2025"": -9027.0, ""2026"": -13619.0}"
DONX_N8_1min_time60h0_rth,exit_eng,1min,rth,5330,34.0,-104.3,-16357.0,48.3,23662.0,1,4,"{""2023"": -2533.0, ""2024"": 4176.0, ""2025"": -5474.0, ""2026"": -12526.0}"
DONX_N8_1min_time60h10_all,exit_eng,1min,all,36714,234.1,-611.1,-95855.0,19.5,96371.0,0,4,"{""2023"": -17870.0, ""2024"": -31334.0, ""2025"": -21240.0, ""2026"": -25410.0}"
DONX_N8_1min_time60h10_rth,exit_eng,1min,rth,16224,103.4,-247.2,-38771.0,13.6,38841.0,0,4,"{""2023"": -8230.0, ""2024"": -9790.0, ""2025"": -6607.0, ""2026"": -14143.0}"
DONX_N8_1min_time60h20_all,exit_eng,1min,all,25015,159.5,-318.6,-49969.0,31.5,51672.0,0,4,"{""2023"": -8149.0, ""2024"": -16959.0, ""2025"": -15303.0, ""2026"": -9557.0}"
DONX_N8_1min_time60h20_rth,exit_eng,1min,rth,10806,68.9,-113.0,-17725.0,24.7,19000.0,0,4,"{""2023"": -3623.0, ""2024"": -1446.0, ""2025"": -4423.0, ""2026"": -8233.0}"
DONX_N20_1min_trail1.5h0_all,exit_eng,1min,all,62302,397.2,-2777.0,-435593.0,23.5,435693.0,0,4,"{""2023"": -66686.0, ""2024"": -129655.0, ""2025"": -153217.0, ""2026"": -86035.0}"
DONX_N20_1min_trail1.5h0_rth,exit_eng,1min,rth,19633,125.2,-1185.7,-185988.0,27.7,186057.0,0,4,"{""2023"": -28137.0, ""2024"": -56604.0, ""2025"": -67106.0, ""2026"": -34142.0}"
DONX_N20_1min_trail1.5h10_all,exit_eng,1min,all,64391,410.5,-2799.8,-439174.0,21.3,439250.0,0,4,"{""2023"": -69766.0, ""2024"": -134485.0, ""2025"": -149572.0, ""2026"": -85351.0}"
DONX_N20_1min_trail1.5h10_rth,exit_eng,1min,rth,21258,135.5,-1148.3,-180127.0,22.6,180196.0,0,4,"{""2023"": -29917.0, ""2024"": -57902.0, ""2025"": -59683.0, ""2026"": -32624.0}"
DONX_N20_1min_trail1.5h20_all,exit_eng,1min,all,62701,399.7,-2921.8,-458313.0,23.0,458401.0,0,4,"{""2023"": -69680.0, ""2024"": -136434.0, ""2025"": -158377.0, ""2026"": -93822.0}"
DONX_N20_1min_trail1.5h20_rth,exit_eng,1min,rth,19977,127.4,-1268.1,-198913.0,26.7,198983.0,0,4,"{""2023"": -30787.0, ""2024"": -61301.0, ""2025"": -68327.0, ""2026"": -38498.0}"
DONX_N20_1min_trail2.5h0_all,exit_eng,1min,all,41539,264.8,-1548.0,-242820.0,29.7,242996.0,0,4,"{""2023"": -35562.0, ""2024"": -71712.0, ""2025"": -86156.0, ""2026"": -49389.0}"
DONX_N20_1min_trail2.5h0_rth,exit_eng,1min,rth,12740,81.2,-576.6,-90442.0,33.1,90972.0,0,4,"{""2023"": -12827.0, ""2024"": -24712.0, ""2025"": -31677.0, ""2026"": -21226.0}"
DONX_N20_1min_trail2.5h10_all,exit_eng,1min,all,46842,298.6,-1566.2,-245669.0,24.0,245869.0,0,4,"{""2023"": -39558.0, ""2024"": -78061.0, ""2025"": -79532.0, ""2026"": -48517.0}"
DONX_N20_1min_trail2.5h10_rth,exit_eng,1min,rth,16331,104.1,-551.8,-86550.0,21.2,86672.0,0,4,"{""2023"": -15336.0, ""2024"": -28144.0, ""2025"": -23087.0, ""2026"": -19983.0}"
DONX_N20_1min_trail2.5h20_all,exit_eng,1min,all,42932,273.7,-1603.1,-251464.0,28.1,251658.0,0,4,"{""2023"": -37317.0, ""2024"": -76904.0, ""2025"": -85487.0, ""2026"": -51757.0}"
DONX_N20_1min_trail2.5h20_rth,exit_eng,1min,rth,13841,88.2,-584.9,-91750.0,28.9,92123.0,0,4,"{""2023"": -14279.0, ""2024"": -27530.0, ""2025"": -28574.0, ""2026"": -21367.0}"
DONX_N20_1min_trail4.0h0_all,exit_eng,1min,all,24914,158.8,-746.0,-117012.0,32.2,117638.0,0,4,"{""2023"": -18336.0, ""2024"": -31305.0, ""2025"": -41121.0, ""2026"": -26250.0}"
DONX_N20_1min_trail4.0h0_rth,exit_eng,1min,rth,7631,48.6,-257.0,-40316.0,34.9,41153.0,0,4,"{""2023"": -3856.0, ""2024"": -8321.0, ""2025"": -14936.0, ""2026"": -13203.0}"
DONX_N20_1min_trail4.0h10_all,exit_eng,1min,all,34187,217.9,-890.1,-139611.0,21.3,139820.0,0,4,"{""2023"": -21851.0, ""2024"": -40197.0, ""2025"": -42702.0, ""2026"": -34861.0}"
DONX_N20_1min_trail4.0h10_rth,exit_eng,1min,rth,13171,84.0,-313.0,-49091.0,16.3,49253.0,0,4,"{""2023"": -7278.0, ""2024"": -12406.0, ""2025"": -11004.0, ""2026"": -18403.0}"
DONX_N20_1min_trail4.0h20_all,exit_eng,1min,all,28050,178.8,-823.8,-129225.0,27.9,129421.0,0,4,"{""2023"": -19701.0, ""2024"": -34111.0, ""2025"": -45476.0, ""2026"": -29936.0}"
DONX_N20_1min_trail4.0h20_rth,exit_eng,1min,rth,9946,63.4,-288.3,-45219.0,25.2,45437.0,0,4,"{""2023"": -5546.0, ""2024"": -9656.0, ""2025"": -13492.0, ""2026"": -16525.0}"
DONX_N20_1min_time10h0_all,exit_eng,1min,all,45408,289.5,-856.6,-134361.0,43.7,134911.0,0,4,"{""2023"": -25172.0, ""2024"": -42409.0, ""2025"": -46445.0, ""2026"": -20335.0}"
DONX_N20_1min_time10h0_rth,exit_eng,1min,rth,14920,95.1,-282.7,-44349.0,46.7,44911.0,0,4,"{""2023"": -8818.0, ""2024"": -14676.0, ""2025"": -13457.0, ""2026"": -7399.0}"
DONX_N20_1min_time10h10_all,exit_eng,1min,all,52007,331.6,-1001.7,-157126.0,32.9,157529.0,0,4,"{""2023"": -28966.0, ""2024"": -48076.0, ""2025"": -49030.0, ""2026"": -31054.0}"
DONX_N20_1min_time10h10_rth,exit_eng,1min,rth,18607,118.6,-394.2,-61833.0,26.8,61948.0,0,4,"{""2023"": -12496.0, ""2024"": -18096.0, ""2025"": -15881.0, ""2026"": -15360.0}"
DONX_N20_1min_time10h20_all,exit_eng,1min,all,47861,305.1,-926.1,-145262.0,40.3,145586.0,0,4,"{""2023"": -26093.0, ""2024"": -43937.0, ""2025"": -50135.0, ""2026"": -25096.0}"
DONX_N20_1min_time10h20_rth,exit_eng,1min,rth,16477,105.0,-361.8,-56752.0,38.8,57141.0,0,4,"{""2023"": -10305.0, ""2024"": -16933.0, ""2025"": -16669.0, ""2026"": -12845.0}"
DONX_N20_1min_time30h0_all,exit_eng,1min,all,24790,158.0,-384.3,-60287.0,46.6,62020.0,0,4,"{""2023"": -12118.0, ""2024"": -16903.0, ""2025"": -18997.0, ""2026"": -12268.0}"
DONX_N20_1min_time30h0_rth,exit_eng,1min,rth,8211,52.3,-110.6,-17347.0,47.9,18291.0,0,4,"{""2023"": -7130.0, ""2024"": -1660.0, ""2025"": -6494.0, ""2026"": -2063.0}"
DONX_N20_1min_time30h10_all,exit_eng,1min,all,38415,244.9,-708.1,-111077.0,26.0,111290.0,0,4,"{""2023"": -19989.0, ""2024"": -32756.0, ""2025"": -32365.0, ""2026"": -25967.0}"
DONX_N20_1min_time30h10_rth,exit_eng,1min,rth,15117,96.4,-279.7,-43873.0,18.3,43993.0,0,4,"{""2023"": -9862.0, ""2024"": -10242.0, ""2025"": -8762.0, ""2026"": -15007.0}"
DONX_N20_1min_time30h20_all,exit_eng,1min,all,30911,197.1,-552.5,-86668.0,36.9,86963.0,0,4,"{""2023"": -14601.0, ""2024"": -23568.0, ""2025"": -29559.0, ""2026"": -18940.0}"
DONX_N20_1min_time30h20_rth,exit_eng,1min,rth,11854,75.6,-239.9,-37633.0,30.7,37753.0,0,4,"{""2023"": -6567.0, ""2024"": -7712.0, ""2025"": -9068.0, ""2026"": -14286.0}"
DONX_N20_1min_time60h0_all,exit_eng,1min,all,14563,92.8,-231.8,-36365.0,47.3,44733.0,0,4,"{""2023"": -1822.0, ""2024"": -13836.0, ""2025"": -17857.0, ""2026"": -2850.0}"
DONX_N20_1min_time60h0_rth,exit_eng,1min,rth,4991,31.8,-36.2,-5676.0,48.2,13908.0,3,4,"{""2023"": 2559.0, ""2024"": 1439.0, ""2025"": -10008.0, ""2026"": 335.0}"
DONX_N20_1min_time60h10_all,exit_eng,1min,all,30128,192.1,-504.2,-79091.0,20.1,79372.0,0,4,"{""2023"": -16050.0, ""2024"": -24386.0, ""2025"": -18463.0, ""2026"": -20193.0}"
DONX_N20_1min_time60h10_rth,exit_eng,1min,rth,12714,81.1,-173.5,-27208.0,13.8,27207.0,0,4,"{""2023"": -7584.0, ""2024"": -5064.0, ""2025"": -2515.0, ""2026"": -12045.0}"
DONX_N20_1min_time60h20_all,exit_eng,1min,all,21972,140.1,-351.6,-55152.0,31.8,55420.0,0,4,"{""2023"": -7534.0, ""2024"": -16927.0, ""2025"": -17390.0, ""2026"": -13301.0}"
DONX_N20_1min_time60h20_rth,exit_eng,1min,rth,9199,58.6,-145.8,-22868.0,24.5,23044.0,0,4,"{""2023"": -4841.0, ""2024"": -3170.0, ""2025"": -2722.0, ""2026"": -12136.0}"
DONX_N40_1min_trail1.5h0_all,exit_eng,1min,all,43196,275.4,-1971.0,-309169.0,23.6,309197.0,0,4,"{""2023"": -46984.0, ""2024"": -90940.0, ""2025"": -112044.0, ""2026"": -59201.0}"
DONX_N40_1min_trail1.5h0_rth,exit_eng,1min,rth,13786,87.9,-857.4,-134493.0,27.6,134541.0,0,4,"{""2023"": -19386.0, ""2024"": -40876.0, ""2025"": -51208.0, ""2026"": -23024.0}"
DONX_N40_1min_trail1.5h10_all,exit_eng,1min,all,44734,285.2,-1991.6,-312403.0,21.3,312431.0,0,4,"{""2023"": -49064.0, ""2024"": -93884.0, ""2025"": -109474.0, ""2026"": -59980.0}"
DONX_N40_1min_trail1.5h10_rth,exit_eng,1min,rth,14998,95.6,-838.4,-131503.0,22.1,131481.0,0,4,"{""2023"": -20543.0, ""2024"": -40917.0, ""2025"": -47273.0, ""2026"": -22770.0}"
DONX_N40_1min_trail1.5h20_all,exit_eng,1min,all,43492,277.3,-2069.7,-324643.0,23.1,324671.0,0,4,"{""2023"": -49066.0, ""2024"": -95930.0, ""2025"": -114541.0, ""2026"": -65106.0}"
DONX_N40_1min_trail1.5h20_rth,exit_eng,1min,rth,14047,89.6,-915.8,-143645.0,26.4,143693.0,0,4,"{""2023"": -21119.0, ""2024"": -44157.0, ""2025"": -51764.0, ""2026"": -26605.0}"
DONX_N40_1min_trail2.5h0_all,exit_eng,1min,all,29093,185.5,-1096.3,-171960.0,29.8,172273.0,0,4,"{""2023"": -26265.0, ""2024"": -50589.0, ""2025"": -61744.0, ""2026"": -33362.0}"
DONX_N40_1min_trail2.5h0_rth,exit_eng,1min,rth,9034,57.6,-412.8,-64758.0,32.8,65359.0,0,4,"{""2023"": -9135.0, ""2024"": -18497.0, ""2025"": -22722.0, ""2026"": -14403.0}"
DONX_N40_1min_trail2.5h10_all,exit_eng,1min,all,32916,209.8,-1130.5,-177325.0,23.8,177423.0,0,4,"{""2023"": -28605.0, ""2024"": -54986.0, ""2025"": -58196.0, ""2026"": -35537.0}"
DONX_N40_1min_trail2.5h10_rth,exit_eng,1min,rth,11654,74.3,-416.4,-65321.0,20.7,65429.0,0,4,"{""2023"": -10545.0, ""2024"": -20515.0, ""2025"": -18978.0, ""2026"": -15283.0}"
DONX_N40_1min_trail2.5h20_all,exit_eng,1min,all,30093,191.8,-1139.4,-178729.0,28.0,178863.0,0,4,"{""2023"": -27689.0, ""2024"": -54135.0, ""2025"": -60368.0, ""2026"": -36537.0}"
DONX_N40_1min_trail2.5h20_rth,exit_eng,1min,rth,9830,62.7,-430.1,-67468.0,28.5,67965.0,0,4,"{""2023"": -10127.0, ""2024"": -19829.0, ""2025"": -21427.0, ""2026"": -16085.0}"
DONX_N40_1min_trail4.0h0_all,exit_eng,1min,all,19578,124.8,-562.4,-88211.0,32.4,88863.0,0,4,"{""2023"": -14655.0, ""2024"": -23943.0, ""2025"": -29920.0, ""2026"": -19692.0}"
DONX_N40_1min_trail4.0h0_rth,exit_eng,1min,rth,6129,39.1,-188.8,-29613.0,34.9,30164.0,0,4,"{""2023"": -4086.0, ""2024"": -6406.0, ""2025"": -9985.0, ""2026"": -9135.0}"
DONX_N40_1min_trail4.0h10_all,exit_eng,1min,all,25706,163.9,-654.8,-102705.0,21.2,103000.0,0,4,"{""2023"": -16329.0, ""2024"": -28593.0, ""2025"": -33580.0, ""2026"": -24203.0}"
DONX_N40_1min_trail4.0h10_rth,exit_eng,1min,rth,9875,63.0,-226.6,-35542.0,16.1,35616.0,0,4,"{""2023"": -4860.0, ""2024"": -7622.0, ""2025"": -11068.0, ""2026"": -11992.0}"
DONX_N40_1min_trail4.0h20_all,exit_eng,1min,all,21662,138.1,-628.9,-98650.0,27.9,98875.0,0,4,"{""2023"": -15475.0, ""2024"": -25557.0, ""2025"": -34002.0, ""2026"": -23615.0}"
DONX_N40_1min_trail4.0h20_rth,exit_eng,1min,rth,7660,48.8,-208.2,-32662.0,25.1,33087.0,0,4,"{""2023"": -4190.0, ""2024"": -6339.0, ""2025"": -10000.0, ""2026"": -12134.0}"
DONX_N40_1min_time10h0_all,exit_eng,1min,all,32691,208.4,-624.5,-97954.0,43.9,98659.0,0,4,"{""2023"": -17561.0, ""2024"": -31755.0, ""2025"": -35732.0, ""2026"": -12906.0}"
DONX_N40_1min_time10h0_rth,exit_eng,1min,rth,10786,68.8,-206.4,-32368.0,46.3,32766.0,0,4,"{""2023"": -6429.0, ""2024"": -12132.0, ""2025"": -10505.0, ""2026"": -3301.0}"
DONX_N40_1min_time10h10_all,exit_eng,1min,all,36434,232.3,-690.5,-108308.0,32.6,108717.0,0,4,"{""2023"": -19361.0, ""2024"": -32118.0, ""2025"": -35615.0, ""2026"": -21213.0}"
DONX_N40_1min_time10h10_rth,exit_eng,1min,rth,13139,83.8,-284.6,-44639.0,26.1,44626.0,0,4,"{""2023"": -7679.0, ""2024"": -12464.0, ""2025"": -13490.0, ""2026"": -11006.0}"
DONX_N40_1min_time10h20_all,exit_eng,1min,all,33971,216.6,-649.6,-101899.0,40.2,102205.0,0,4,"{""2023"": -17460.0, ""2024"": -30055.0, ""2025"": -37646.0, ""2026"": -16738.0}"
DONX_N40_1min_time10h20_rth,exit_eng,1min,rth,11656,74.3,-255.9,-40133.0,38.1,40435.0,0,4,"{""2023"": -6192.0, ""2024"": -11883.0, ""2025"": -13391.0, ""2026"": -8667.0}"
DONX_N40_1min_time30h0_all,exit_eng,1min,all,20494,130.7,-340.5,-53406.0,46.2,58567.0,0,4,"{""2023"": -13630.0, ""2024"": -10978.0, ""2025"": -25817.0, ""2026"": -2981.0}"
DONX_N40_1min_time30h0_rth,exit_eng,1min,rth,6774,43.2,-75.4,-11826.0,48.3,15492.0,1,4,"{""2023"": -6401.0, ""2024"": 2680.0, ""2025"": -6263.0, ""2026"": -1841.0}"
DONX_N40_1min_time30h10_all,exit_eng,1min,all,28769,183.4,-528.5,-82901.0,25.9,83287.0,0,4,"{""2023"": -15734.0, ""2024"": -23184.0, ""2025"": -25130.0, ""2026"": -18853.0}"
DONX_N40_1min_time30h10_rth,exit_eng,1min,rth,11068,70.6,-209.6,-32873.0,17.7,32889.0,0,4,"{""2023"": -6155.0, ""2024"": -6476.0, ""2025"": -8741.0, ""2026"": -11502.0}"
DONX_N40_1min_time30h20_all,exit_eng,1min,all,24345,155.2,-415.5,-65178.0,37.0,65667.0,0,4,"{""2023"": -12823.0, ""2024"": -16414.0, ""2025"": -20462.0, ""2026"": -15478.0}"
DONX_N40_1min_time30h20_rth,exit_eng,1min,rth,8985,57.3,-145.9,-22887.0,30.8,23361.0,0,4,"{""2023"": -5051.0, ""2024"": -4074.0, ""2025"": -3059.0, ""2026"": -10703.0}"
DONX_N40_1min_time60h0_all,exit_eng,1min,all,13065,83.3,-344.4,-54025.0,46.5,59472.0,0,4,"{""2023"": -9912.0, ""2024"": -16882.0, ""2025"": -18635.0, ""2026"": -8597.0}"
DONX_N40_1min_time60h0_rth,exit_eng,1min,rth,4438,28.3,-109.1,-17120.0,47.1,22251.0,2,4,"{""2023"": 149.0, ""2024"": 2050.0, ""2025"": -14913.0, ""2026"": -4406.0}"
DONX_N40_1min_time60h10_all,exit_eng,1min,all,24116,153.7,-438.7,-68817.0,20.1,69098.0,0,4,"{""2023"": -13592.0, ""2024"": -19660.0, ""2025"": -20117.0, ""2026"": -15447.0}"
DONX_N40_1min_time60h10_rth,exit_eng,1min,rth,9869,62.9,-167.1,-26203.0,13.1,26300.0,0,4,"{""2023"": -5662.0, ""2024"": -4112.0, ""2025"": -7937.0, ""2026"": -8493.0}"
DONX_N40_1min_time60h20_all,exit_eng,1min,all,18670,119.0,-356.8,-55966.0,31.9,56233.0,0,4,"{""2023"": -11556.0, ""2024"": -13653.0, ""2025"": -17481.0, ""2026"": -13276.0}"
DONX_N40_1min_time60h20_rth,exit_eng,1min,rth,7529,48.0,-128.3,-20122.0,24.4,20599.0,0,4,"{""2023"": -4254.0, ""2024"": -1994.0, ""2025"": -4542.0, ""2026"": -9331.0}"
THRX_k1.5_1min_trail1.5h0_all,exit_eng,1min,all,79462,506.6,-3334.7,-523071.0,23.2,523069.0,0,4,"{""2023"": -75929.0, ""2024"": -155809.0, ""2025"": -192714.0, ""2026"": -98620.0}"
THRX_k1.5_1min_trail1.5h0_rth,exit_eng,1min,rth,22071,140.7,-1323.6,-207618.0,27.2,207636.0,0,4,"{""2023"": -28044.0, ""2024"": -62042.0, ""2025"": -77934.0, ""2026"": -39598.0}"
THRX_k1.5_1min_trail1.5h10_all,exit_eng,1min,all,80948,516.1,-3346.9,-524983.0,21.5,524984.0,0,4,"{""2023"": -80254.0, ""2024"": -159865.0, ""2025"": -187780.0, ""2026"": -97085.0}"
THRX_k1.5_1min_trail1.5h10_rth,exit_eng,1min,rth,23090,147.2,-1229.9,-192915.0,22.8,192940.0,0,4,"{""2023"": -30242.0, ""2024"": -59506.0, ""2025"": -68178.0, ""2026"": -34989.0}"
THRX_k1.5_1min_trail1.5h20_all,exit_eng,1min,all,79709,508.2,-3521.9,-552440.0,22.9,552437.0,0,4,"{""2023"": -80269.0, ""2024"": -163916.0, ""2025"": -200585.0, ""2026"": -107670.0}"
THRX_k1.5_1min_trail1.5h20_rth,exit_eng,1min,rth,22278,142.0,-1415.7,-222062.0,26.3,222068.0,0,4,"{""2023"": -31194.0, ""2024"": -66299.0, ""2025"": -82427.0, ""2026"": -42143.0}"
THRX_k1.5_1min_trail2.5h0_all,exit_eng,1min,all,49127,313.2,-1693.9,-265701.0,29.8,265981.0,0,4,"{""2023"": -38883.0, ""2024"": -77070.0, ""2025"": -99716.0, ""2026"": -50032.0}"
THRX_k1.5_1min_trail2.5h0_rth,exit_eng,1min,rth,13931,88.8,-578.2,-90688.0,32.5,91445.0,0,4,"{""2023"": -13448.0, ""2024"": -25052.0, ""2025"": -29833.0, ""2026"": -22355.0}"
THRX_k1.5_1min_trail2.5h10_all,exit_eng,1min,all,55036,350.9,-1825.6,-286358.0,24.2,286456.0,0,4,"{""2023"": -42903.0, ""2024"": -88578.0, ""2025"": -101294.0, ""2026"": -53583.0}"
THRX_k1.5_1min_trail2.5h10_rth,exit_eng,1min,rth,17586,112.1,-651.5,-102193.0,20.7,102428.0,0,4,"{""2023"": -15236.0, ""2024"": -31449.0, ""2025"": -32985.0, ""2026"": -22523.0}"
THRX_k1.5_1min_trail2.5h20_all,exit_eng,1min,all,50599,322.6,-1798.9,-282163.0,28.3,282324.0,0,4,"{""2023"": -42683.0, ""2024"": -86130.0, ""2025"": -101514.0, ""2026"": -51836.0}"
THRX_k1.5_1min_trail2.5h20_rth,exit_eng,1min,rth,15039,95.9,-644.7,-101127.0,28.5,101774.0,0,4,"{""2023"": -15912.0, ""2024"": -30942.0, ""2025"": -32935.0, ""2026"": -21338.0}"
THRX_k1.5_1min_trail4.0h0_all,exit_eng,1min,all,25929,165.3,-650.6,-102059.0,32.8,102972.0,0,4,"{""2023"": -16604.0, ""2024"": -23469.0, ""2025"": -37044.0, ""2026"": -24942.0}"
THRX_k1.5_1min_trail4.0h0_rth,exit_eng,1min,rth,7666,48.9,-154.6,-24248.0,35.3,26240.0,1,4,"{""2023"": -3027.0, ""2024"": 373.0, ""2025"": -8872.0, ""2026"": -12721.0}"
THRX_k1.5_1min_trail4.0h10_all,exit_eng,1min,all,36407,232.1,-916.8,-143813.0,21.6,143846.0,0,4,"{""2023"": -20992.0, ""2024"": -37926.0, ""2025"": -54290.0, ""2026"": -30605.0}"
THRX_k1.5_1min_trail4.0h10_rth,exit_eng,1min,rth,13618,86.8,-352.8,-55344.0,16.2,55871.0,0,4,"{""2023"": -7156.0, ""2024"": -13184.0, ""2025"": -17077.0, ""2026"": -17928.0}"
THRX_k1.5_1min_trail4.0h20_all,exit_eng,1min,all,29357,187.2,-802.1,-125818.0,28.5,126044.0,0,4,"{""2023"": -19269.0, ""2024"": -31082.0, ""2025"": -49494.0, ""2026"": -25973.0}"
THRX_k1.5_1min_trail4.0h20_rth,exit_eng,1min,rth,10107,64.4,-289.6,-45424.0,25.3,46615.0,0,4,"{""2023"": -4102.0, ""2024"": -7668.0, ""2025"": -17339.0, ""2026"": -16315.0}"
THRX_k1.5_1min_time10h0_all,exit_eng,1min,all,47803,304.8,-800.6,-125578.0,44.1,125867.0,0,4,"{""2023"": -16686.0, ""2024"": -35243.0, ""2025"": -52427.0, ""2026"": -21222.0}"
THRX_k1.5_1min_time10h0_rth,exit_eng,1min,rth,14010,89.3,-199.4,-31275.0,47.1,31965.0,0,4,"{""2023"": -2581.0, ""2024"": -8910.0, ""2025"": -11348.0, ""2026"": -8436.0}"
THRX_k1.5_1min_time10h10_all,exit_eng,1min,all,56947,363.1,-967.9,-151815.0,33.9,152143.0,0,4,"{""2023"": -26303.0, ""2024"": -42796.0, ""2025"": -53603.0, ""2026"": -29113.0}"
THRX_k1.5_1min_time10h10_rth,exit_eng,1min,rth,18543,118.2,-330.5,-51842.0,27.0,52117.0,0,4,"{""2023"": -9928.0, ""2024"": -16122.0, ""2025"": -13523.0, ""2026"": -12269.0}"
THRX_k1.5_1min_time10h20_all,exit_eng,1min,all,51213,326.5,-860.1,-134909.0,40.8,135308.0,0,4,"{""2023"": -21184.0, ""2024"": -36142.0, ""2025"": -52712.0, ""2026"": -24871.0}"
THRX_k1.5_1min_time10h20_rth,exit_eng,1min,rth,16061,102.4,-255.9,-40132.0,38.9,40874.0,0,4,"{""2023"": -7098.0, ""2024"": -9996.0, ""2025"": -14505.0, ""2026"": -8534.0}"
THRX_k1.5_1min_time30h0_all,exit_eng,1min,all,25383,161.8,-578.2,-90700.0,45.9,91135.0,0,4,"{""2023"": -11464.0, ""2024"": -16462.0, ""2025"": -38159.0, ""2026"": -24615.0}"
THRX_k1.5_1min_time30h0_rth,exit_eng,1min,rth,8039,51.3,-168.9,-26492.0,47.5,28581.0,1,4,"{""2023"": 81.0, ""2024"": -2019.0, ""2025"": -14033.0, ""2026"": -10521.0}"
THRX_k1.5_1min_time30h10_all,exit_eng,1min,all,40375,257.4,-700.2,-109831.0,26.2,110479.0,0,4,"{""2023"": -19640.0, ""2024"": -31325.0, ""2025"": -38838.0, ""2026"": -20027.0}"
THRX_k1.5_1min_time30h10_rth,exit_eng,1min,rth,15213,97.0,-254.4,-39909.0,18.1,40167.0,0,4,"{""2023"": -6837.0, ""2024"": -10988.0, ""2025"": -10549.0, ""2026"": -11535.0}"
THRX_k1.5_1min_time30h20_all,exit_eng,1min,all,31910,203.4,-571.0,-89572.0,36.8,89892.0,0,4,"{""2023"": -16153.0, ""2024"": -22231.0, ""2025"": -32651.0, ""2026"": -18537.0}"
THRX_k1.5_1min_time30h20_rth,exit_eng,1min,rth,11736,74.8,-200.4,-31428.0,30.6,31901.0,0,4,"{""2023"": -3400.0, ""2024"": -7445.0, ""2025"": -9520.0, ""2026"": -11062.0}"
THRX_k1.5_1min_time60h0_all,exit_eng,1min,all,14850,94.7,-222.6,-34916.0,47.2,36704.0,0,4,"{""2023"": -4091.0, ""2024"": -4715.0, ""2025"": -17798.0, ""2026"": -8312.0}"
THRX_k1.5_1min_time60h0_rth,exit_eng,1min,rth,4991,31.8,-46.5,-7292.0,48.4,11875.0,1,4,"{""2023"": -667.0, ""2024"": 2926.0, ""2025"": -6745.0, ""2026"": -2807.0}"
THRX_k1.5_1min_time60h10_all,exit_eng,1min,all,31317,199.7,-487.1,-76413.0,20.5,77149.0,0,4,"{""2023"": -13834.0, ""2024"": -22842.0, ""2025"": -22547.0, ""2026"": -17189.0}"
THRX_k1.5_1min_time60h10_rth,exit_eng,1min,rth,12895,82.2,-198.5,-31140.0,13.6,31481.0,0,4,"{""2023"": -6500.0, ""2024"": -9916.0, ""2025"": -5690.0, ""2026"": -9035.0}"
THRX_k1.5_1min_time60h20_all,exit_eng,1min,all,22578,143.9,-370.2,-58062.0,32.0,58383.0,0,4,"{""2023"": -13236.0, ""2024"": -14612.0, ""2025"": -22053.0, ""2026"": -8161.0}"
THRX_k1.5_1min_time60h20_rth,exit_eng,1min,rth,9240,58.9,-135.9,-21319.0,24.7,22562.0,0,4,"{""2023"": -4818.0, ""2024"": -1259.0, ""2025"": -9111.0, ""2026"": -6131.0}"
THRX_k2.5_1min_trail1.5h0_all,exit_eng,1min,all,12504,79.7,-523.8,-82163.0,23.4,82194.0,0,4,"{""2023"": -10790.0, ""2024"": -23444.0, ""2025"": -31881.0, ""2026"": -16047.0}"
THRX_k2.5_1min_trail1.5h0_rth,exit_eng,1min,rth,3333,21.2,-189.6,-29734.0,28.3,29793.0,0,4,"{""2023"": -3773.0, ""2024"": -9220.0, ""2025"": -11504.0, ""2026"": -5237.0}"
THRX_k2.5_1min_trail1.5h10_all,exit_eng,1min,all,12528,79.9,-534.8,-83888.0,21.2,83901.0,0,4,"{""2023"": -11780.0, ""2024"": -25496.0, ""2025"": -29934.0, ""2026"": -16678.0}"
THRX_k2.5_1min_trail1.5h10_rth,exit_eng,1min,rth,3348,21.3,-185.7,-29123.0,23.3,29102.0,0,4,"{""2023"": -4346.0, ""2024"": -9581.0, ""2025"": -9518.0, ""2026"": -5678.0}"
THRX_k2.5_1min_trail1.5h20_all,exit_eng,1min,all,12508,79.7,-589.4,-92457.0,22.8,92489.0,0,4,"{""2023"": -12294.0, ""2024"": -26298.0, ""2025"": -34220.0, ""2026"": -19646.0}"
THRX_k2.5_1min_trail1.5h20_rth,exit_eng,1min,rth,3337,21.3,-230.0,-36073.0,27.1,36132.0,0,4,"{""2023"": -5027.0, ""2024"": -11006.0, ""2025"": -12644.0, ""2026"": -7396.0}"
THRX_k2.5_1min_trail2.5h0_all,exit_eng,1min,all,11340,72.3,-520.8,-81693.0,27.9,81909.0,0,4,"{""2023"": -10867.0, ""2024"": -23775.0, ""2025"": -31680.0, ""2026"": -15372.0}"
THRX_k2.5_1min_trail2.5h0_rth,exit_eng,1min,rth,3045,19.4,-192.1,-30134.0,29.1,30320.0,0,4,"{""2023"": -3921.0, ""2024"": -11366.0, ""2025"": -6817.0, ""2026"": -8030.0}"
THRX_k2.5_1min_trail2.5h10_all,exit_eng,1min,all,11572,73.8,-461.2,-72335.0,23.1,72507.0,0,4,"{""2023"": -10582.0, ""2024"": -22150.0, ""2025"": -25589.0, ""2026"": -14014.0}"
THRX_k2.5_1min_trail2.5h10_rth,exit_eng,1min,rth,3167,20.2,-151.7,-23798.0,19.4,23775.0,0,4,"{""2023"": -3702.0, ""2024"": -8986.0, ""2025"": -5182.0, ""2026"": -5928.0}"
THRX_k2.5_1min_trail2.5h20_all,exit_eng,1min,all,11397,72.7,-526.4,-82569.0,26.4,82958.0,0,4,"{""2023"": -11797.0, ""2024"": -24896.0, ""2025"": -30905.0, ""2026"": -14972.0}"
THRX_k2.5_1min_trail2.5h20_rth,exit_eng,1min,rth,3079,19.6,-194.1,-30446.0,25.6,30687.0,0,4,"{""2023"": -4571.0, ""2024"": -11528.0, ""2025"": -7521.0, ""2026"": -6824.0}"
THRX_k2.5_1min_trail4.0h0_all,exit_eng,1min,all,9246,58.9,-322.7,-50614.0,32.5,51076.0,0,4,"{""2023"": -5481.0, ""2024"": -10508.0, ""2025"": -23779.0, ""2026"": -10846.0}"
THRX_k2.5_1min_trail4.0h0_rth,exit_eng,1min,rth,2471,15.8,-85.4,-13398.0,34.3,15216.0,1,4,"{""2023"": 282.0, ""2024"": -3985.0, ""2025"": -4052.0, ""2026"": -5643.0}"
THRX_k2.5_1min_trail4.0h10_all,exit_eng,1min,all,10144,64.7,-213.9,-33557.0,22.7,34020.0,0,4,"{""2023"": -5320.0, ""2024"": -8290.0, ""2025"": -13415.0, ""2026"": -6532.0}"
THRX_k2.5_1min_trail4.0h10_rth,exit_eng,1min,rth,2918,18.6,-24.3,-3810.0,15.9,5521.0,1,4,"{""2023"": -611.0, ""2024"": -357.0, ""2025"": 716.0, ""2026"": -3557.0}"
THRX_k2.5_1min_trail4.0h20_all,exit_eng,1min,all,9589,61.1,-314.9,-49389.0,28.3,50013.0,0,4,"{""2023"": -4941.0, ""2024"": -11816.0, ""2025"": -22237.0, ""2026"": -10394.0}"
THRX_k2.5_1min_trail4.0h20_rth,exit_eng,1min,rth,2699,17.2,-74.5,-11689.0,24.1,13496.0,1,4,"{""2023"": 310.0, ""2024"": -4543.0, ""2025"": -3398.0, ""2026"": -4058.0}"
THRX_k2.5_1min_time10h0_all,exit_eng,1min,all,10312,65.7,-218.7,-34311.0,43.0,35650.0,0,4,"{""2023"": -3823.0, ""2024"": -9348.0, ""2025"": -17515.0, ""2026"": -3625.0}"
THRX_k2.5_1min_time10h0_rth,exit_eng,1min,rth,2560,16.3,-51.8,-8121.0,47.0,8826.0,0,4,"{""2023"": -246.0, ""2024"": -2038.0, ""2025"": -2744.0, ""2026"": -3092.0}"
THRX_k2.5_1min_time10h10_all,exit_eng,1min,all,11078,70.6,-162.9,-25553.0,31.7,25943.0,0,4,"{""2023"": -4554.0, ""2024"": -9073.0, ""2025"": -7895.0, ""2026"": -4032.0}"
THRX_k2.5_1min_time10h10_rth,exit_eng,1min,rth,2984,19.0,-32.3,-5061.0,22.7,5120.0,1,4,"{""2023"": -1274.0, ""2024"": -2618.0, ""2025"": 1095.0, ""2026"": -2264.0}"
THRX_k2.5_1min_time10h20_all,exit_eng,1min,all,10707,68.3,-201.0,-31527.0,38.3,32073.0,0,4,"{""2023"": -5354.0, ""2024"": -9463.0, ""2025"": -12969.0, ""2026"": -3740.0}"
THRX_k2.5_1min_time10h20_rth,exit_eng,1min,rth,2809,17.9,-41.3,-6481.0,34.6,7177.0,1,4,"{""2023"": -1610.0, ""2024"": -3415.0, ""2025"": 34.0, ""2026"": -1489.0}"
THRX_k2.5_1min_time30h0_all,exit_eng,1min,all,8835,56.3,-172.7,-27090.0,45.3,33527.0,1,4,"{""2023"": -7356.0, ""2024"": -4030.0, ""2025"": -17319.0, ""2026"": 1615.0}"
THRX_k2.5_1min_time30h0_rth,exit_eng,1min,rth,2330,14.9,-10.4,-1638.0,48.2,6712.0,2,4,"{""2023"": -2513.0, ""2024"": 1563.0, ""2025"": 48.0, ""2026"": -736.0}"
THRX_k2.5_1min_time30h10_all,exit_eng,1min,all,10248,65.3,-115.3,-18092.0,26.9,18703.0,0,4,"{""2023"": -5262.0, ""2024"": -3251.0, ""2025"": -5850.0, ""2026"": -3729.0}"
THRX_k2.5_1min_time30h10_rth,exit_eng,1min,rth,2913,18.6,7.9,1240.0,16.6,3199.0,2,4,"{""2023"": -1426.0, ""2024"": 1449.0, ""2025"": 3837.0, ""2026"": -2620.0}"
THRX_k2.5_1min_time30h20_all,exit_eng,1min,all,9583,61.1,-179.7,-28190.0,36.0,28985.0,0,4,"{""2023"": -5828.0, ""2024"": -6437.0, ""2025"": -12678.0, ""2026"": -3247.0}"
THRX_k2.5_1min_time30h20_rth,exit_eng,1min,rth,2696,17.2,-25.3,-3972.0,28.0,6087.0,1,4,"{""2023"": -1529.0, ""2024"": -2223.0, ""2025"": 1262.0, ""2026"": -1481.0}"
THRX_k2.5_1min_time60h0_all,exit_eng,1min,all,7044,44.9,-119.9,-18812.0,46.5,29842.0,1,4,"{""2023"": -631.0, ""2024"": -8992.0, ""2025"": -13658.0, ""2026"": 4469.0}"
THRX_k2.5_1min_time60h0_rth,exit_eng,1min,rth,2047,13.1,28.2,4427.0,49.7,8298.0,3,4,"{""2023"": 369.0, ""2024"": 1535.0, ""2025"": -120.0, ""2026"": 2643.0}"
THRX_k2.5_1min_time60h10_all,exit_eng,1min,all,9362,59.7,-69.5,-10899.0,22.5,11225.0,0,4,"{""2023"": -3822.0, ""2024"": -402.0, ""2025"": -1473.0, ""2026"": -5201.0}"
THRX_k2.5_1min_time60h10_rth,exit_eng,1min,rth,2822,18.0,33.2,5207.0,13.9,3230.0,2,4,"{""2023"": -1697.0, ""2024"": 3447.0, ""2025"": 5694.0, ""2026"": -2236.0}"
THRX_k2.5_1min_time60h20_all,exit_eng,1min,all,8355,53.3,-151.5,-23761.0,32.5,24299.0,0,4,"{""2023"": -3310.0, ""2024"": -4417.0, ""2025"": -9927.0, ""2026"": -6107.0}"
THRX_k2.5_1min_time60h20_rth,exit_eng,1min,rth,2566,16.4,-1.9,-295.0,23.8,4555.0,1,4,"{""2023"": -1325.0, ""2024"": -993.0, ""2025"": 3136.0, ""2026"": -1113.0}"
RSI2_1min_trail1.5h0_all,exit_eng,1min,all,66631,424.8,-2410.4,-378087.0,25.4,378328.0,0,4,"{""2023"": -55258.0, ""2024"": -115851.0, ""2025"": -136279.0, ""2026"": -70699.0}"
RSI2_1min_trail1.5h0_rth,exit_eng,1min,rth,20831,132.8,-984.1,-154356.0,28.6,154364.0,0,4,"{""2023"": -22902.0, ""2024"": -47792.0, ""2025"": -55412.0, ""2026"": -28250.0}"
RSI2_1min_trail1.5h10_all,exit_eng,1min,all,69077,440.4,-2579.0,-404534.0,23.5,404769.0,0,4,"{""2023"": -58327.0, ""2024"": -124151.0, ""2025"": -145698.0, ""2026"": -76357.0}"
RSI2_1min_trail1.5h10_rth,exit_eng,1min,rth,22603,144.1,-1048.6,-164483.0,24.0,164477.0,0,4,"{""2023"": -24534.0, ""2024"": -51118.0, ""2025"": -59773.0, ""2026"": -29058.0}"
RSI2_1min_trail1.5h20_all,exit_eng,1min,all,67071,427.6,-2607.6,-409020.0,25.0,409240.0,0,4,"{""2023"": -58311.0, ""2024"": -125023.0, ""2025"": -147589.0, ""2026"": -78098.0}"
RSI2_1min_trail1.5h20_rth,exit_eng,1min,rth,21181,135.0,-1107.7,-173753.0,27.6,173746.0,0,4,"{""2023"": -24990.0, ""2024"": -54512.0, ""2025"": -63264.0, ""2026"": -30987.0}"
RSI2_1min_trail2.5h0_all,exit_eng,1min,all,37992,242.2,-1066.3,-167252.0,32.2,167975.0,0,4,"{""2023"": -26827.0, ""2024"": -47315.0, ""2025"": -61017.0, ""2026"": -32093.0}"
RSI2_1min_trail2.5h0_rth,exit_eng,1min,rth,11761,75.0,-400.0,-62738.0,33.7,62872.0,0,4,"{""2023"": -10751.0, ""2024"": -17241.0, ""2025"": -20982.0, ""2026"": -13764.0}"
RSI2_1min_trail2.5h10_all,exit_eng,1min,all,43842,279.5,-1249.3,-195959.0,26.1,196523.0,0,4,"{""2023"": -27396.0, ""2024"": -57505.0, ""2025"": -74022.0, ""2026"": -37036.0}"
RSI2_1min_trail2.5h10_rth,exit_eng,1min,rth,15663,99.9,-520.1,-81584.0,21.7,81767.0,0,4,"{""2023"": -10033.0, ""2024"": -24494.0, ""2025"": -31008.0, ""2026"": -16050.0}"
RSI2_1min_trail2.5h20_all,exit_eng,1min,all,39450,251.5,-1215.8,-190709.0,30.4,191186.0,0,4,"{""2023"": -28576.0, ""2024"": -54328.0, ""2025"": -73777.0, ""2026"": -34028.0}"
RSI2_1min_trail2.5h20_rth,exit_eng,1min,rth,12889,82.2,-502.6,-78830.0,29.3,78787.0,0,4,"{""2023"": -11840.0, ""2024"": -21342.0, ""2025"": -31126.0, ""2026"": -14521.0}"
RSI2_1min_trail4.0h0_all,exit_eng,1min,all,20191,128.7,-486.0,-76236.0,34.5,78358.0,0,4,"{""2023"": -13827.0, ""2024"": -20397.0, ""2025"": -26766.0, ""2026"": -15246.0}"
RSI2_1min_trail4.0h0_rth,exit_eng,1min,rth,6389,40.7,-195.2,-30626.0,36.2,32655.0,0,4,"{""2023"": -5285.0, ""2024"": -6947.0, ""2025"": -11242.0, ""2026"": -7152.0}"
RSI2_1min_trail4.0h10_all,exit_eng,1min,all,28591,182.3,-689.9,-108210.0,22.6,108942.0,0,4,"{""2023"": -14698.0, ""2024"": -30887.0, ""2025"": -41830.0, ""2026"": -20795.0}"
RSI2_1min_trail4.0h10_rth,exit_eng,1min,rth,11487,73.2,-330.0,-51761.0,16.8,52001.0,0,4,"{""2023"": -4943.0, ""2024"": -16182.0, ""2025"": -20750.0, ""2026"": -9886.0}"
RSI2_1min_trail4.0h20_all,exit_eng,1min,all,23011,146.7,-580.6,-91076.0,29.8,91725.0,0,4,"{""2023"": -14868.0, ""2024"": -23852.0, ""2025"": -37073.0, ""2026"": -15282.0}"
RSI2_1min_trail4.0h20_rth,exit_eng,1min,rth,8408,53.6,-256.4,-40218.0,26.2,40979.0,0,4,"{""2023"": -5858.0, ""2024"": -9230.0, ""2025"": -18894.0, ""2026"": -6236.0}"
RSI2_1min_time10h0_all,exit_eng,1min,all,43810,279.3,-524.7,-82304.0,46.2,83989.0,0,4,"{""2023"": -17786.0, ""2024"": -25504.0, ""2025"": -29659.0, ""2026"": -9356.0}"
RSI2_1min_time10h0_rth,exit_eng,1min,rth,14381,91.7,-213.4,-33480.0,48.4,34017.0,0,4,"{""2023"": -7772.0, ""2024"": -7566.0, ""2025"": -11915.0, ""2026"": -6226.0}"
RSI2_1min_time10h10_all,exit_eng,1min,all,52218,332.9,-852.4,-133707.0,35.7,134798.0,0,4,"{""2023"": -20748.0, ""2024"": -43801.0, ""2025"": -46983.0, ""2026"": -22174.0}"
RSI2_1min_time10h10_rth,exit_eng,1min,rth,19297,123.0,-409.9,-64289.0,29.3,64863.0,0,4,"{""2023"": -8009.0, ""2024"": -21348.0, ""2025"": -23894.0, ""2026"": -11037.0}"
RSI2_1min_time10h20_all,exit_eng,1min,all,46517,296.6,-678.6,-106442.0,42.9,106869.0,0,4,"{""2023"": -19300.0, ""2024"": -33604.0, ""2025"": -39934.0, ""2026"": -13604.0}"
RSI2_1min_time10h20_rth,exit_eng,1min,rth,16253,103.6,-313.5,-49171.0,41.2,49425.0,0,4,"{""2023"": -7845.0, ""2024"": -13589.0, ""2025"": -20629.0, ""2026"": -7108.0}"
RSI2_1min_time30h0_all,exit_eng,1min,all,22110,141.0,-188.2,-29519.0,48.6,30250.0,0,4,"{""2023"": -7354.0, ""2024"": -6236.0, ""2025"": -5860.0, ""2026"": -10069.0}"
RSI2_1min_time30h0_rth,exit_eng,1min,rth,7454,47.5,-81.8,-12828.0,49.9,14249.0,0,4,"{""2023"": -2904.0, ""2024"": -1335.0, ""2025"": -3247.0, ""2026"": -5341.0}"
RSI2_1min_time30h10_all,exit_eng,1min,all,33743,215.1,-585.0,-91761.0,27.6,92792.0,0,4,"{""2023"": -12199.0, ""2024"": -28755.0, ""2025"": -34328.0, ""2026"": -16480.0}"
RSI2_1min_time30h10_rth,exit_eng,1min,rth,13799,88.0,-327.4,-51358.0,19.3,51691.0,0,4,"{""2023"": -4973.0, ""2024"": -17155.0, ""2025"": -19198.0, ""2026"": -10031.0}"
RSI2_1min_time30h20_all,exit_eng,1min,all,26873,171.3,-389.9,-61164.0,38.9,61967.0,0,4,"{""2023"": -10378.0, ""2024"": -15594.0, ""2025"": -25872.0, ""2026"": -9319.0}"
RSI2_1min_time30h20_rth,exit_eng,1min,rth,10392,66.3,-197.9,-31046.0,32.7,31598.0,0,4,"{""2023"": -4993.0, ""2024"": -6319.0, ""2025"": -14057.0, ""2026"": -5677.0}"
RSI2_1min_time60h0_all,exit_eng,1min,all,13216,84.3,-104.4,-16369.0,49.2,22949.0,1,4,"{""2023"": -4541.0, ""2024"": -4473.0, ""2025"": -7970.0, ""2026"": 614.0}"
RSI2_1min_time60h0_rth,exit_eng,1min,rth,4569,29.1,-69.7,-10940.0,50.2,17847.0,1,4,"{""2023"": -1200.0, ""2024"": -3489.0, ""2025"": -8908.0, ""2026"": 2656.0}"
RSI2_1min_time60h10_all,exit_eng,1min,all,25595,163.2,-386.0,-60542.0,21.3,62021.0,0,4,"{""2023"": -7556.0, ""2024"": -20068.0, ""2025"": -21590.0, ""2026"": -11328.0}"
RSI2_1min_time60h10_rth,exit_eng,1min,rth,11166,71.2,-222.0,-34829.0,14.3,36102.0,0,4,"{""2023"": -3176.0, ""2024"": -12107.0, ""2025"": -13945.0, ""2026"": -5601.0}"
RSI2_1min_time60h20_all,exit_eng,1min,all,18877,120.3,-261.3,-40986.0,33.3,43898.0,0,4,"{""2023"": -7512.0, ""2024"": -7989.0, ""2025"": -21615.0, ""2026"": -3871.0}"
RSI2_1min_time60h20_rth,exit_eng,1min,rth,7850,50.0,-149.4,-23428.0,25.8,25569.0,0,4,"{""2023"": -3340.0, ""2024"": -2541.0, ""2025"": -14250.0, ""2026"": -3296.0}"
IMPX_w2i6_1min_trail1.5h0_all,exit_eng,1min,all,105590,673.2,-4844.8,-759946.0,27.4,760336.0,0,4,"{""2023"": -81309.0, ""2024"": -209585.0, ""2025"": -289320.0, ""2026"": -179733.0}"
IMPX_w2i6_1min_trail1.5h0_rth,exit_eng,1min,rth,46257,294.9,-2591.0,-406416.0,29.0,406891.0,0,4,"{""2023"": -53767.0, ""2024"": -123309.0, ""2025"": -149292.0, ""2026"": -80048.0}"
IMPX_w2i6_1min_trail1.5h10_all,exit_eng,1min,all,118567,755.9,-5348.3,-838921.0,23.9,839364.0,0,4,"{""2023"": -90656.0, ""2024"": -229795.0, ""2025"": -322015.0, ""2026"": -196456.0}"
IMPX_w2i6_1min_trail1.5h10_rth,exit_eng,1min,rth,55985,356.9,-2792.3,-437998.0,23.2,438215.0,0,4,"{""2023"": -60014.0, ""2024"": -132268.0, ""2025"": -162466.0, ""2026"": -83250.0}"
IMPX_w2i6_1min_trail1.5h20_all,exit_eng,1min,all,108109,689.2,-5405.6,-847903.0,26.7,848282.0,0,4,"{""2023"": -88590.0, ""2024"": -232955.0, ""2025"": -325465.0, ""2026"": -200894.0}"
IMPX_w2i6_1min_trail1.5h20_rth,exit_eng,1min,rth,48327,308.1,-2913.1,-456933.0,27.7,457114.0,0,4,"{""2023"": -59565.0, ""2024"": -139757.0, ""2025"": -172699.0, ""2026"": -84911.0}"
IMPX_w2i6_1min_trail2.5h0_all,exit_eng,1min,all,51082,325.7,-1738.2,-272652.0,33.1,273169.0,0,4,"{""2023"": -26577.0, ""2024"": -81411.0, ""2025"": -104463.0, ""2026"": -60202.0}"
IMPX_w2i6_1min_trail2.5h0_rth,exit_eng,1min,rth,19925,127.0,-836.0,-131128.0,33.5,131750.0,0,4,"{""2023"": -13677.0, ""2024"": -35350.0, ""2025"": -55098.0, ""2026"": -27003.0}"
IMPX_w2i6_1min_trail2.5h10_all,exit_eng,1min,all,71307,454.6,-2148.9,-337076.0,23.9,337390.0,0,4,"{""2023"": -35983.0, ""2024"": -94571.0, ""2025"": -129776.0, ""2026"": -76746.0}"
IMPX_w2i6_1min_trail2.5h10_rth,exit_eng,1min,rth,33600,214.2,-1060.6,-166366.0,19.9,166489.0,0,4,"{""2023"": -20178.0, ""2024"": -47954.0, ""2025"": -67015.0, ""2026"": -31219.0}"
IMPX_w2i6_1min_trail2.5h20_all,exit_eng,1min,all,56395,359.5,-2005.1,-314517.0,30.5,314619.0,0,4,"{""2023"": -29554.0, ""2024"": -86152.0, ""2025"": -120446.0, ""2026"": -78364.0}"
IMPX_w2i6_1min_trail2.5h20_rth,exit_eng,1min,rth,23908,152.4,-928.3,-145608.0,28.8,145716.0,0,4,"{""2023"": -15769.0, ""2024"": -37375.0, ""2025"": -61768.0, ""2026"": -30696.0}"
IMPX_w2i6_1min_trail4.0h0_all,exit_eng,1min,all,24683,157.4,-818.0,-128315.0,35.5,129253.0,0,4,"{""2023"": -11341.0, ""2024"": -28158.0, ""2025"": -55744.0, ""2026"": -33072.0}"
IMPX_w2i6_1min_trail4.0h0_rth,exit_eng,1min,rth,8977,57.2,-317.6,-49810.0,36.1,51315.0,0,4,"{""2023"": -2418.0, ""2024"": -13861.0, ""2025"": -19461.0, ""2026"": -14069.0}"
IMPX_w2i6_1min_trail4.0h10_all,exit_eng,1min,all,46457,296.2,-1224.4,-192058.0,19.8,193162.0,0,4,"{""2023"": -16495.0, ""2024"": -44881.0, ""2025"": -80459.0, ""2026"": -50223.0}"
IMPX_w2i6_1min_trail4.0h10_rth,exit_eng,1min,rth,22527,143.6,-576.1,-90359.0,15.3,92083.0,0,4,"{""2023"": -7219.0, ""2024"": -18464.0, ""2025"": -40707.0, ""2026"": -23969.0}"
IMPX_w2i6_1min_trail4.0h20_all,exit_eng,1min,all,31622,201.6,-861.5,-135127.0,29.1,135850.0,0,4,"{""2023"": -12114.0, ""2024"": -38656.0, ""2025"": -49652.0, ""2026"": -34706.0}"
IMPX_w2i6_1min_trail4.0h20_rth,exit_eng,1min,rth,14083,89.8,-426.4,-66881.0,24.9,68314.0,0,4,"{""2023"": -4328.0, ""2024"": -18829.0, ""2025"": -23837.0, ""2026"": -19888.0}"
IMPX_w2i6_1min_time10h0_all,exit_eng,1min,all,56902,362.8,-832.3,-130545.0,47.7,132091.0,0,4,"{""2023"": -18763.0, ""2024"": -41306.0, ""2025"": -46189.0, ""2026"": -24287.0}"
IMPX_w2i6_1min_time10h0_rth,exit_eng,1min,rth,24291,154.9,-497.8,-78078.0,48.0,80790.0,0,4,"{""2023"": -10802.0, ""2024"": -24990.0, ""2025"": -30684.0, ""2026"": -11602.0}"
IMPX_w2i6_1min_time10h10_all,exit_eng,1min,all,87981,560.9,-1581.7,-248099.0,31.3,248837.0,0,4,"{""2023"": -26906.0, ""2024"": -66566.0, ""2025"": -103140.0, ""2026"": -51487.0}"
IMPX_w2i6_1min_time10h10_rth,exit_eng,1min,rth,43439,276.9,-859.0,-134735.0,26.0,135246.0,0,4,"{""2023"": -14962.0, ""2024"": -36655.0, ""2025"": -57361.0, ""2026"": -25757.0}"
IMPX_w2i6_1min_time10h20_all,exit_eng,1min,all,68466,436.5,-1226.3,-192351.0,41.5,193040.0,0,4,"{""2023"": -19889.0, ""2024"": -57760.0, ""2025"": -73780.0, ""2026"": -40923.0}"
IMPX_w2i6_1min_time10h20_rth,exit_eng,1min,rth,32056,204.4,-645.0,-101168.0,38.5,103386.0,0,4,"{""2023"": -11451.0, ""2024"": -33653.0, ""2025"": -38061.0, ""2026"": -18003.0}"
IMPX_w2i6_1min_time30h0_all,exit_eng,1min,all,25422,162.1,-439.6,-68954.0,48.9,72183.0,0,4,"{""2023"": -12375.0, ""2024"": -13600.0, ""2025"": -25306.0, ""2026"": -17673.0}"
IMPX_w2i6_1min_time30h0_rth,exit_eng,1min,rth,10015,63.8,-128.6,-20178.0,49.1,31656.0,1,4,"{""2023"": -1056.0, ""2024"": -10041.0, ""2025"": -14196.0, ""2026"": 5115.0}"
IMPX_w2i6_1min_time30h10_all,exit_eng,1min,all,56471,360.0,-1069.6,-167771.0,22.6,168546.0,0,4,"{""2023"": -17968.0, ""2024"": -38956.0, ""2025"": -69173.0, ""2026"": -41674.0}"
IMPX_w2i6_1min_time30h10_rth,exit_eng,1min,rth,28240,180.0,-562.8,-88276.0,17.1,89178.0,0,4,"{""2023"": -9610.0, ""2024"": -18330.0, ""2025"": -36782.0, ""2026"": -23555.0}"
IMPX_w2i6_1min_time30h20_all,exit_eng,1min,all,38267,244.0,-676.5,-106116.0,35.5,108465.0,0,4,"{""2023"": -8450.0, ""2024"": -22020.0, ""2025"": -43223.0, ""2026"": -32422.0}"
IMPX_w2i6_1min_time30h20_rth,exit_eng,1min,rth,18100,115.4,-335.7,-52660.0,30.0,54994.0,0,4,"{""2023"": -7243.0, ""2024"": -4767.0, ""2025"": -24176.0, ""2026"": -16473.0}"
IMPX_w2i6_1min_time60h0_all,exit_eng,1min,all,14300,91.2,-195.2,-30619.0,49.4,36818.0,0,4,"{""2023"": -10145.0, ""2024"": -9604.0, ""2025"": -3549.0, ""2026"": -7321.0}"
IMPX_w2i6_1min_time60h0_rth,exit_eng,1min,rth,5532,35.3,-112.3,-17615.0,49.0,23529.0,0,4,"{""2023"": -1800.0, ""2024"": -15170.0, ""2025"": -43.0, ""2026"": -602.0}"
IMPX_w2i6_1min_time60h10_all,exit_eng,1min,all,41857,266.8,-754.6,-118357.0,17.3,118862.0,0,4,"{""2023"": -13916.0, ""2024"": -33325.0, ""2025"": -50254.0, ""2026"": -20862.0}"
IMPX_w2i6_1min_time60h10_rth,exit_eng,1min,rth,21372,136.3,-427.6,-67068.0,12.5,69830.0,0,4,"{""2023"": -8398.0, ""2024"": -18269.0, ""2025"": -31683.0, ""2026"": -8717.0}"
IMPX_w2i6_1min_time60h20_all,exit_eng,1min,all,26277,167.5,-440.4,-69076.0,29.8,72103.0,0,4,"{""2023"": -8356.0, ""2024"": -14906.0, ""2025"": -26854.0, ""2026"": -18960.0}"
IMPX_w2i6_1min_time60h20_rth,exit_eng,1min,rth,12849,81.9,-230.7,-36185.0,23.4,37958.0,0,4,"{""2023"": -468.0, ""2024"": -9011.0, ""2025"": -16095.0, ""2026"": -10610.0}"
IMPX_w3i9_1min_trail1.5h0_all,exit_eng,1min,all,85108,542.6,-4237.9,-664739.0,27.7,665024.0,0,4,"{""2023"": -63534.0, ""2024"": -178476.0, ""2025"": -262512.0, ""2026"": -160217.0}"
IMPX_w3i9_1min_trail1.5h0_rth,exit_eng,1min,rth,41532,264.8,-2447.9,-383966.0,28.8,384542.0,0,4,"{""2023"": -46403.0, ""2024"": -115058.0, ""2025"": -145407.0, ""2026"": -77098.0}"
IMPX_w3i9_1min_trail1.5h10_all,exit_eng,1min,all,97001,618.4,-4611.3,-723315.0,23.6,723711.0,0,4,"{""2023"": -71674.0, ""2024"": -193665.0, ""2025"": -284355.0, ""2026"": -173620.0}"
IMPX_w3i9_1min_trail1.5h10_rth,exit_eng,1min,rth,50565,322.4,-2588.7,-406059.0,22.7,406853.0,0,4,"{""2023"": -52350.0, ""2024"": -124164.0, ""2025"": -154125.0, ""2026"": -75420.0}"
IMPX_w3i9_1min_trail1.5h20_all,exit_eng,1min,all,87491,557.8,-4721.6,-740622.0,26.9,740868.0,0,4,"{""2023"": -69552.0, ""2024"": -195834.0, ""2025"": -294696.0, ""2026"": -180539.0}"
IMPX_w3i9_1min_trail1.5h20_rth,exit_eng,1min,rth,43514,277.4,-2731.0,-428370.0,27.4,428458.0,0,4,"{""2023"": -51404.0, ""2024"": -127745.0, ""2025"": -164916.0, ""2026"": -84304.0}"
IMPX_w3i9_1min_trail2.5h0_all,exit_eng,1min,all,43631,278.2,-1585.0,-248623.0,33.5,249376.0,0,4,"{""2023"": -24104.0, ""2024"": -70497.0, ""2025"": -92002.0, ""2026"": -62019.0}"
IMPX_w3i9_1min_trail2.5h0_rth,exit_eng,1min,rth,18976,121.0,-849.3,-133217.0,33.4,134294.0,0,4,"{""2023"": -15298.0, ""2024"": -39985.0, ""2025"": -50761.0, ""2026"": -27173.0}"
IMPX_w3i9_1min_trail2.5h10_all,exit_eng,1min,all,62596,399.1,-1931.5,-302965.0,23.3,303491.0,0,4,"{""2023"": -33037.0, ""2024"": -79004.0, ""2025"": -122573.0, ""2026"": -68351.0}"
IMPX_w3i9_1min_trail2.5h10_rth,exit_eng,1min,rth,32109,204.7,-1074.4,-168534.0,19.6,170539.0,0,4,"{""2023"": -22749.0, ""2024"": -48052.0, ""2025"": -70644.0, ""2026"": -27088.0}"
IMPX_w3i9_1min_trail2.5h20_all,exit_eng,1min,all,48941,312.0,-1907.0,-299127.0,30.3,299147.0,0,4,"{""2023"": -26793.0, ""2024"": -83741.0, ""2025"": -105636.0, ""2026"": -82958.0}"
IMPX_w3i9_1min_trail2.5h20_rth,exit_eng,1min,rth,22979,146.5,-966.8,-151647.0,28.4,151830.0,0,4,"{""2023"": -16743.0, ""2024"": -48191.0, ""2025"": -52751.0, ""2026"": -33961.0}"
IMPX_w3i9_1min_trail4.0h0_all,exit_eng,1min,all,21831,139.2,-883.4,-138566.0,35.4,138960.0,0,4,"{""2023"": -12029.0, ""2024"": -28749.0, ""2025"": -59816.0, ""2026"": -37972.0}"
IMPX_w3i9_1min_trail4.0h0_rth,exit_eng,1min,rth,8780,56.0,-525.2,-82387.0,34.9,83412.0,0,4,"{""2023"": -4684.0, ""2024"": -23514.0, ""2025"": -35961.0, ""2026"": -18228.0}"
IMPX_w3i9_1min_trail4.0h10_all,exit_eng,1min,all,42767,272.6,-1260.7,-197747.0,18.9,198436.0,0,4,"{""2023"": -17797.0, ""2024"": -40724.0, ""2025"": -98626.0, ""2026"": -40600.0}"
IMPX_w3i9_1min_trail4.0h10_rth,exit_eng,1min,rth,22229,141.7,-724.8,-113684.0,14.6,114852.0,0,4,"{""2023"": -10628.0, ""2024"": -21297.0, ""2025"": -60181.0, ""2026"": -21579.0}"
IMPX_w3i9_1min_trail4.0h20_all,exit_eng,1min,all,28889,184.2,-965.1,-151384.0,28.2,151835.0,0,4,"{""2023"": -13208.0, ""2024"": -40546.0, ""2025"": -57513.0, ""2026"": -40117.0}"
IMPX_w3i9_1min_trail4.0h20_rth,exit_eng,1min,rth,13916,88.7,-567.7,-89046.0,24.0,89562.0,0,4,"{""2023"": -10084.0, ""2024"": -28476.0, ""2025"": -29322.0, ""2026"": -21163.0}"
IMPX_w3i9_1min_time10h0_all,exit_eng,1min,all,47168,300.7,-758.7,-119000.0,48.2,123851.0,0,4,"{""2023"": -13729.0, ""2024"": -37435.0, ""2025"": -41116.0, ""2026"": -26720.0}"
IMPX_w3i9_1min_time10h0_rth,exit_eng,1min,rth,22183,141.4,-483.7,-75869.0,48.3,77606.0,0,4,"{""2023"": -9751.0, ""2024"": -25650.0, ""2025"": -27895.0, ""2026"": -12573.0}"
IMPX_w3i9_1min_time10h10_all,exit_eng,1min,all,75578,481.8,-1411.6,-221413.0,29.8,222330.0,0,4,"{""2023"": -22999.0, ""2024"": -56485.0, ""2025"": -86723.0, ""2026"": -55206.0}"
IMPX_w3i9_1min_time10h10_rth,exit_eng,1min,rth,40281,256.8,-843.3,-132275.0,25.3,133164.0,0,4,"{""2023"": -17123.0, ""2024"": -37421.0, ""2025"": -53990.0, ""2026"": -23742.0}"
IMPX_w3i9_1min_time10h20_all,exit_eng,1min,all,58469,372.8,-985.5,-154578.0,41.3,155327.0,0,4,"{""2023"": -17087.0, ""2024"": -45933.0, ""2025"": -52952.0, ""2026"": -38606.0}"
IMPX_w3i9_1min_time10h20_rth,exit_eng,1min,rth,29937,190.9,-611.1,-95857.0,38.1,96350.0,0,4,"{""2023"": -12074.0, ""2024"": -33498.0, ""2025"": -28849.0, ""2026"": -21436.0}"
IMPX_w3i9_1min_time30h0_all,exit_eng,1min,all,22027,140.4,-457.3,-71728.0,48.8,75029.0,0,4,"{""2023"": -10919.0, ""2024"": -17927.0, ""2025"": -28807.0, ""2026"": -14075.0}"
IMPX_w3i9_1min_time30h0_rth,exit_eng,1min,rth,9523,60.7,-167.6,-26284.0,48.9,41325.0,1,4,"{""2023"": -3768.0, ""2024"": -14298.0, ""2025"": -21052.0, ""2026"": 12833.0}"
IMPX_w3i9_1min_time30h10_all,exit_eng,1min,all,50780,323.7,-981.8,-153998.0,21.4,155182.0,0,4,"{""2023"": -13930.0, ""2024"": -30803.0, ""2025"": -79454.0, ""2026"": -29811.0}"
IMPX_w3i9_1min_time30h10_rth,exit_eng,1min,rth,27112,172.8,-626.8,-98319.0,16.6,99460.0,0,4,"{""2023"": -8338.0, ""2024"": -19422.0, ""2025"": -52486.0, ""2026"": -18074.0}"
IMPX_w3i9_1min_time30h20_all,exit_eng,1min,all,34750,221.5,-795.5,-124778.0,34.1,124951.0,0,4,"{""2023"": -15217.0, ""2024"": -34411.0, ""2025"": -42278.0, ""2026"": -32872.0}"
IMPX_w3i9_1min_time30h20_rth,exit_eng,1min,rth,17696,112.8,-513.6,-80565.0,28.5,80965.0,0,4,"{""2023"": -9950.0, ""2024"": -25232.0, ""2025"": -31448.0, ""2026"": -13936.0}"
IMPX_w3i9_1min_time60h0_all,exit_eng,1min,all,12808,81.7,-63.0,-9888.0,50.1,24683.0,1,4,"{""2023"": -4919.0, ""2024"": -7225.0, ""2025"": -6573.0, ""2026"": 8828.0}"
IMPX_w3i9_1min_time60h0_rth,exit_eng,1min,rth,5328,34.0,-121.3,-19025.0,49.1,22761.0,0,4,"{""2023"": -1449.0, ""2024"": -11030.0, ""2025"": -6500.0, ""2026"": -46.0}"
IMPX_w3i9_1min_time60h10_all,exit_eng,1min,all,38618,246.2,-766.7,-120268.0,16.3,121142.0,0,4,"{""2023"": -12757.0, ""2024"": -21026.0, ""2025"": -65738.0, ""2026"": -20747.0}"
IMPX_w3i9_1min_time60h10_rth,exit_eng,1min,rth,20707,132.0,-499.9,-78409.0,12.1,80224.0,0,4,"{""2023"": -5898.0, ""2024"": -18362.0, ""2025"": -38713.0, ""2026"": -15435.0}"
IMPX_w3i9_1min_time60h20_all,exit_eng,1min,all,24562,156.6,-458.1,-71864.0,28.7,74250.0,0,4,"{""2023"": -9524.0, ""2024"": -19608.0, ""2025"": -17875.0, ""2026"": -24856.0}"
IMPX_w3i9_1min_time60h20_rth,exit_eng,1min,rth,12646,80.6,-300.3,-47097.0,22.9,49970.0,0,4,"{""2023"": -6484.0, ""2024"": -19061.0, ""2025"": -7236.0, ""2026"": -14317.0}"
DON_3min_N8_s4t8_all,don,3min,all,42892,273.4,-1218.7,-191155.0,24.5,191184.0,0,4,"{""2023"": -28235.0, ""2024"": -55651.0, ""2025"": -67832.0, ""2026"": -39438.0}"
DON_3min_N8_s4t8_rth,don,3min,rth,15503,98.8,-545.1,-85501.0,20.2,85504.0,0,4,"{""2023"": -13821.0, ""2024"": -25612.0, ""2025"": -30058.0, ""2026"": -16010.0}"
DON_3min_N8_s6t12_all,don,3min,all,38152,243.2,-1066.3,-167260.0,27.6,167297.0,0,4,"{""2023"": -23774.0, ""2024"": -47540.0, ""2025"": -59418.0, ""2026"": -36528.0}"
DON_3min_N8_s6t12_rth,don,3min,rth,14889,94.9,-507.4,-79588.0,25.0,79596.0,0,4,"{""2023"": -11933.0, ""2024"": -22976.0, ""2025"": -28836.0, ""2026"": -15842.0}"
DON_3min_N8_s8t16_all,don,3min,all,33754,215.2,-927.1,-145422.0,29.2,145643.0,0,4,"{""2023"": -20375.0, ""2024"": -37028.0, ""2025"": -54095.0, ""2026"": -33925.0}"
DON_3min_N8_s8t16_rth,don,3min,rth,14015,89.3,-437.3,-68597.0,28.0,68674.0,0,4,"{""2023"": -9511.0, ""2024"": -18804.0, ""2025"": -25483.0, ""2026"": -14799.0}"
DON_3min_N8_s10t20_all,don,3min,all,29963,191.0,-746.3,-117059.0,30.7,117301.0,0,4,"{""2023"": -14256.0, ""2024"": -29539.0, ""2025"": -44501.0, ""2026"": -28764.0}"
DON_3min_N8_s10t20_rth,don,3min,rth,13186,84.1,-369.2,-57909.0,29.9,58062.0,0,4,"{""2023"": -7424.0, ""2024"": -14986.0, ""2025"": -21585.0, ""2026"": -13914.0}"
DON_3min_N8_s10t30_all,don,3min,all,26454,168.7,-614.2,-96336.0,23.4,96878.0,0,4,"{""2023"": -13364.0, ""2024"": -21847.0, ""2025"": -38465.0, ""2026"": -22659.0}"
DON_3min_N8_s10t30_rth,don,3min,rth,12207,77.8,-316.9,-49704.0,22.8,50043.0,0,4,"{""2023"": -6996.0, ""2024"": -11512.0, ""2025"": -19426.0, ""2026"": -11770.0}"
DON_3min_N8_s12t40_all,don,3min,all,22305,142.2,-531.0,-83295.0,21.8,84694.0,0,4,"{""2023"": -9440.0, ""2024"": -19198.0, ""2025"": -36799.0, ""2026"": -17857.0}"
DON_3min_N8_s12t40_rth,don,3min,rth,10973,70.0,-304.4,-47749.0,21.2,47874.0,0,4,"{""2023"": -6615.0, ""2024"": -9631.0, ""2025"": -19420.0, ""2026"": -12082.0}"
DON_3min_N12_s4t8_all,don,3min,all,35093,223.7,-999.1,-156716.0,24.5,156728.0,0,4,"{""2023"": -22861.0, ""2024"": -45892.0, ""2025"": -55710.0, ""2026"": -32253.0}"
DON_3min_N12_s4t8_rth,don,3min,rth,12637,80.6,-449.6,-70517.0,19.9,70520.0,0,4,"{""2023"": -11154.0, ""2024"": -21435.0, ""2025"": -24976.0, ""2026"": -12951.0}"
DON_3min_N12_s6t12_all,don,3min,all,31580,201.3,-882.6,-138440.0,27.6,138473.0,0,4,"{""2023"": -18631.0, ""2024"": -40324.0, ""2025"": -49985.0, ""2026"": -29500.0}"
DON_3min_N12_s6t12_rth,don,3min,rth,12171,77.6,-417.4,-65471.0,24.9,65478.0,0,4,"{""2023"": -9068.0, ""2024"": -19469.0, ""2025"": -24103.0, ""2026"": -12831.0}"
DON_3min_N12_s8t16_all,don,3min,all,28270,180.2,-774.6,-121497.0,29.2,121829.0,0,4,"{""2023"": -15430.0, ""2024"": -33299.0, ""2025"": -45561.0, ""2026"": -27207.0}"
DON_3min_N12_s8t16_rth,don,3min,rth,11475,73.2,-357.6,-56095.0,28.0,56336.0,0,4,"{""2023"": -7124.0, ""2024"": -15288.0, ""2025"": -21979.0, ""2026"": -11704.0}"
DON_3min_N12_s10t20_all,don,3min,all,25395,161.9,-635.4,-99666.0,30.6,99867.0,0,4,"{""2023"": -10649.0, ""2024"": -27219.0, ""2025"": -38468.0, ""2026"": -23330.0}"
DON_3min_N12_s10t20_rth,don,3min,rth,10858,69.2,-309.3,-48516.0,29.7,48830.0,0,4,"{""2023"": -5328.0, ""2024"": -13679.0, ""2025"": -18633.0, ""2026"": -10876.0}"
DON_3min_N12_s10t30_all,don,3min,all,22574,143.9,-532.3,-83491.0,23.3,84218.0,0,4,"{""2023"": -9454.0, ""2024"": -19823.0, ""2025"": -34749.0, ""2026"": -19465.0}"
DON_3min_N12_s10t30_rth,don,3min,rth,10130,64.6,-272.0,-42660.0,22.7,43204.0,0,4,"{""2023"": -5013.0, ""2024"": -9726.0, ""2025"": -17808.0, ""2026"": -10114.0}"
DON_3min_N12_s12t40_all,don,3min,all,19314,123.1,-465.7,-73049.0,21.7,73456.0,0,4,"{""2023"": -7781.0, ""2024"": -16721.0, ""2025"": -32296.0, ""2026"": -16251.0}"
DON_3min_N12_s12t40_rth,don,3min,rth,9221,58.8,-259.4,-40691.0,21.1,41328.0,0,4,"{""2023"": -4695.0, ""2024"": -8783.0, ""2025"": -16707.0, ""2026"": -10505.0}"
DON_3min_N20_s4t8_all,don,3min,all,27102,172.8,-796.3,-124898.0,23.9,124892.0,0,4,"{""2023"": -18191.0, ""2024"": -36330.0, ""2025"": -44372.0, ""2026"": -26006.0}"
DON_3min_N20_s4t8_rth,don,3min,rth,9795,62.4,-355.2,-55710.0,19.5,55717.0,0,4,"{""2023"": -8903.0, ""2024"": -16931.0, ""2025"": -19813.0, ""2026"": -10063.0}"
DON_3min_N20_s6t12_all,don,3min,all,24684,157.4,-718.3,-112673.0,27.1,112690.0,0,4,"{""2023"": -15716.0, ""2024"": -32799.0, ""2025"": -40324.0, ""2026"": -23834.0}"
DON_3min_N20_s6t12_rth,don,3min,rth,9452,60.3,-338.2,-53054.0,24.2,53070.0,0,4,"{""2023"": -7214.0, ""2024"": -15904.0, ""2025"": -19610.0, ""2026"": -10326.0}"
DON_3min_N20_s8t16_all,don,3min,all,22346,142.5,-612.3,-96045.0,29.2,96122.0,0,4,"{""2023"": -12232.0, ""2024"": -26339.0, ""2025"": -36289.0, ""2026"": -21184.0}"
DON_3min_N20_s8t16_rth,don,3min,rth,8971,57.2,-292.0,-45810.0,27.5,46132.0,0,4,"{""2023"": -5555.0, ""2024"": -12854.0, ""2025"": -18161.0, ""2026"": -9239.0}"
DON_3min_N20_s10t20_all,don,3min,all,20346,129.7,-538.8,-84518.0,30.3,84625.0,0,4,"{""2023"": -10639.0, ""2024"": -23381.0, ""2025"": -32496.0, ""2026"": -18003.0}"
DON_3min_N20_s10t20_rth,don,3min,rth,8535,54.4,-260.9,-40930.0,29.2,41348.0,0,4,"{""2023"": -5019.0, ""2024"": -11985.0, ""2025"": -15543.0, ""2026"": -8383.0}"
DON_3min_N20_s10t30_all,don,3min,all,18315,116.8,-425.2,-66691.0,23.4,67577.0,0,4,"{""2023"": -8213.0, ""2024"": -17582.0, ""2025"": -26668.0, ""2026"": -14228.0}"
DON_3min_N20_s10t30_rth,don,3min,rth,8005,51.0,-211.5,-33170.0,22.8,33817.0,0,4,"{""2023"": -3755.0, ""2024"": -9059.0, ""2025"": -12259.0, ""2026"": -8097.0}"
DON_3min_N20_s12t40_all,don,3min,all,15916,101.5,-374.6,-58763.0,21.8,59146.0,0,4,"{""2023"": -6644.0, ""2024"": -13566.0, ""2025"": -27094.0, ""2026"": -11459.0}"
DON_3min_N20_s12t40_rth,don,3min,rth,7345,46.8,-188.8,-29610.0,21.5,30160.0,0,4,"{""2023"": -2629.0, ""2024"": -6900.0, ""2025"": -12379.0, ""2026"": -7702.0}"
DON_3min_N40_s4t8_all,don,3min,all,18915,120.6,-562.8,-88287.0,23.6,88280.0,0,4,"{""2023"": -12781.0, ""2024"": -25905.0, ""2025"": -30863.0, ""2026"": -18738.0}"
DON_3min_N40_s4t8_rth,don,3min,rth,7057,45.0,-262.9,-41231.0,18.8,41221.0,0,4,"{""2023"": -6560.0, ""2024"": -12927.0, ""2025"": -14527.0, ""2026"": -7218.0}"
DON_3min_N40_s6t12_all,don,3min,all,17384,110.8,-506.8,-79494.0,27.1,79488.0,0,4,"{""2023"": -10829.0, ""2024"": -24044.0, ""2025"": -27862.0, ""2026"": -16759.0}"
DON_3min_N40_s6t12_rth,don,3min,rth,6827,43.5,-254.7,-39953.0,23.6,39939.0,0,4,"{""2023"": -5173.0, ""2024"": -12307.0, ""2025"": -14971.0, ""2026"": -7503.0}"
DON_3min_N40_s8t16_all,don,3min,all,15891,101.3,-431.5,-67677.0,29.3,67832.0,0,4,"{""2023"": -8524.0, ""2024"": -19585.0, ""2025"": -24384.0, ""2026"": -15185.0}"
DON_3min_N40_s8t16_rth,don,3min,rth,6495,41.4,-224.5,-35217.0,26.9,35400.0,0,4,"{""2023"": -4430.0, ""2024"": -9811.0, ""2025"": -14159.0, ""2026"": -6816.0}"
DON_3min_N40_s10t20_all,don,3min,all,14623,93.2,-359.6,-56409.0,30.7,56648.0,0,4,"{""2023"": -6620.0, ""2024"": -16219.0, ""2025"": -21179.0, ""2026"": -12391.0}"
DON_3min_N40_s10t20_rth,don,3min,rth,6189,39.5,-196.9,-30891.0,28.9,31169.0,0,4,"{""2023"": -3725.0, ""2024"": -9199.0, ""2025"": -11860.0, ""2026"": -6107.0}"
DON_3min_N40_s10t30_all,don,3min,all,13365,85.2,-295.6,-46369.0,23.6,47062.0,0,4,"{""2023"": -5986.0, ""2024"": -12695.0, ""2025"": -18733.0, ""2026"": -8956.0}"
DON_3min_N40_s10t30_rth,don,3min,rth,5827,37.1,-160.5,-25178.0,22.5,25633.0,0,4,"{""2023"": -2940.0, ""2024"": -6715.0, ""2025"": -10013.0, ""2026"": -5510.0}"
DON_3min_N40_s12t40_all,don,3min,all,11880,75.7,-275.1,-43159.0,21.9,43493.0,0,4,"{""2023"": -4986.0, ""2024"": -11639.0, ""2025"": -19033.0, ""2026"": -7501.0}"
DON_3min_N40_s12t40_rth,don,3min,rth,5383,34.3,-138.6,-21737.0,21.5,22018.0,0,4,"{""2023"": -1807.0, ""2024"": -5201.0, ""2025"": -9789.0, ""2026"": -4941.0}"
FADE_3min_e20d8_s5t8_all,fade,3min,all,89478,570.4,-2638.7,-413891.0,29.6,413879.0,0,4,"{""2023"": -42559.0, ""2024"": -113028.0, ""2025"": -158357.0, ""2026"": -99948.0}"
FADE_3min_e20d8_s5t8_rth,fade,3min,rth,41663,265.6,-1475.0,-231357.0,26.1,231373.0,0,4,"{""2023"": -28444.0, ""2024"": -67901.0, ""2025"": -86122.0, ""2026"": -48890.0}"
FADE_3min_e20d8_s6t12_all,fade,3min,all,81590,520.2,-2182.0,-342262.0,28.1,342248.0,0,4,"{""2023"": -35044.0, ""2024"": -93178.0, ""2025"": -131749.0, ""2026"": -82291.0}"
FADE_3min_e20d8_s6t12_rth,fade,3min,rth,39297,250.5,-1237.5,-194110.0,26.1,194134.0,0,4,"{""2023"": -22906.0, ""2024"": -54961.0, ""2025"": -73448.0, ""2026"": -42795.0}"
FADE_3min_e20d8_s8t16_all,fade,3min,all,70873,451.8,-1807.5,-283514.0,29.8,283602.0,0,4,"{""2023"": -29325.0, ""2024"": -74356.0, ""2025"": -108438.0, ""2026"": -71395.0}"
FADE_3min_e20d8_s8t16_rth,fade,3min,rth,35588,226.9,-1062.6,-166683.0,28.4,166722.0,0,4,"{""2023"": -20515.0, ""2024"": -44529.0, ""2025"": -63187.0, ""2026"": -38452.0}"
FADE_3min_e20d8_s10t20_all,fade,3min,all,61154,389.9,-1546.5,-242584.0,30.6,242911.0,0,4,"{""2023"": -23155.0, ""2024"": -66857.0, ""2025"": -90732.0, ""2026"": -61840.0}"
FADE_3min_e20d8_s10t20_rth,fade,3min,rth,31815,202.8,-890.1,-139622.0,29.9,139877.0,0,4,"{""2023"": -16881.0, ""2024"": -39902.0, ""2025"": -49819.0, ""2026"": -33021.0}"
FADE_3min_e20d12_s5t8_all,fade,3min,all,70322,448.3,-2192.3,-343880.0,28.6,343882.0,0,4,"{""2023"": -32399.0, ""2024"": -89989.0, ""2025"": -132771.0, ""2026"": -88721.0}"
FADE_3min_e20d12_s5t8_rth,fade,3min,rth,35765,228.0,-1315.6,-206363.0,25.2,206379.0,0,4,"{""2023"": -23862.0, ""2024"": -59147.0, ""2025"": -77825.0, ""2026"": -45529.0}"
FADE_3min_e20d12_s6t12_all,fade,3min,all,65654,418.6,-1834.3,-287721.0,27.6,287737.0,0,4,"{""2023"": -26812.0, ""2024"": -74081.0, ""2025"": -112022.0, ""2026"": -74806.0}"
FADE_3min_e20d12_s6t12_rth,fade,3min,rth,34162,217.8,-1103.4,-173075.0,25.7,173082.0,0,4,"{""2023"": -19865.0, ""2024"": -47062.0, ""2025"": -66490.0, ""2026"": -39657.0}"
FADE_3min_e20d12_s8t16_all,fade,3min,all,59081,376.7,-1557.7,-244342.0,29.5,244353.0,0,4,"{""2023"": -23832.0, ""2024"": -58909.0, ""2025"": -95154.0, ""2026"": -66447.0}"
FADE_3min_e20d12_s8t16_rth,fade,3min,rth,31535,201.0,-943.9,-148061.0,28.4,148082.0,0,4,"{""2023"": -18344.0, ""2024"": -37054.0, ""2025"": -57166.0, ""2026"": -35498.0}"
FADE_3min_e20d12_s10t20_all,fade,3min,all,52756,336.3,-1329.6,-208558.0,30.6,208693.0,0,4,"{""2023"": -18432.0, ""2024"": -53089.0, ""2025"": -80524.0, ""2026"": -56512.0}"
FADE_3min_e20d12_s10t20_rth,fade,3min,rth,28668,182.8,-796.8,-124981.0,29.9,125332.0,0,4,"{""2023"": -14251.0, ""2024"": -33776.0, ""2025"": -48105.0, ""2026"": -28848.0}"
FADE_3min_e20d18_s5t8_all,fade,3min,all,49245,313.9,-1677.9,-263183.0,26.9,263171.0,0,4,"{""2023"": -22466.0, ""2024"": -63472.0, ""2025"": -104362.0, ""2026"": -72883.0}"
FADE_3min_e20d18_s5t8_rth,fade,3min,rth,27894,177.8,-1089.6,-170910.0,23.9,170926.0,0,4,"{""2023"": -18638.0, ""2024"": -46245.0, ""2025"": -66179.0, ""2026"": -39848.0}"
FADE_3min_e20d18_s6t12_all,fade,3min,all,46978,299.5,-1405.5,-220460.0,26.8,220462.0,0,4,"{""2023"": -18253.0, ""2024"": -51487.0, ""2025"": -89543.0, ""2026"": -61177.0}"
FADE_3min_e20d18_s6t12_rth,fade,3min,rth,26978,172.0,-921.4,-144530.0,24.9,144591.0,0,4,"{""2023"": -15050.0, ""2024"": -37388.0, ""2025"": -57439.0, ""2026"": -34653.0}"
FADE_3min_e20d18_s8t16_all,fade,3min,all,43397,276.7,-1216.9,-190882.0,29.0,190919.0,0,4,"{""2023"": -15847.0, ""2024"": -42968.0, ""2025"": -78347.0, ""2026"": -53720.0}"
FADE_3min_e20d18_s8t16_rth,fade,3min,rth,25309,161.4,-801.2,-125667.0,27.8,125713.0,0,4,"{""2023"": -13137.0, ""2024"": -30291.0, ""2025"": -50568.0, ""2026"": -31671.0}"
FADE_3min_e20d18_s10t20_all,fade,3min,all,39941,254.6,-1087.2,-170530.0,30.1,170774.0,0,4,"{""2023"": -15097.0, ""2024"": -40555.0, ""2025"": -69770.0, ""2026"": -45108.0}"
FADE_3min_e20d18_s10t20_rth,fade,3min,rth,23496,149.8,-714.9,-112135.0,29.2,112248.0,0,4,"{""2023"": -12225.0, ""2024"": -29642.0, ""2025"": -44816.0, ""2026"": -25452.0}"
FADE_3min_e20d25_s5t8_all,fade,3min,all,33403,213.0,-1237.5,-194105.0,25.1,194119.0,0,4,"{""2023"": -13917.0, ""2024"": -45110.0, ""2025"": -78564.0, ""2026"": -56514.0}"
FADE_3min_e20d25_s5t8_rth,fade,3min,rth,20611,131.4,-845.2,-132581.0,22.7,132597.0,0,4,"{""2023"": -12440.0, ""2024"": -35212.0, ""2025"": -53086.0, ""2026"": -31843.0}"
FADE_3min_e20d25_s6t12_all,fade,3min,all,32367,206.3,-1043.3,-163653.0,25.8,163688.0,0,4,"{""2023"": -11696.0, ""2024"": -36028.0, ""2025"": -67827.0, ""2026"": -48103.0}"
FADE_3min_e20d25_s6t12_rth,fade,3min,rth,20146,128.4,-727.9,-114177.0,24.1,114267.0,0,4,"{""2023"": -10446.0, ""2024"": -28919.0, ""2025"": -46627.0, ""2026"": -28185.0}"
FADE_3min_e20d25_s8t16_all,fade,3min,all,30588,195.0,-899.3,-141055.0,28.6,141250.0,0,4,"{""2023"": -9423.0, ""2024"": -30419.0, ""2025"": -59370.0, ""2026"": -41844.0}"
FADE_3min_e20d25_s8t16_rth,fade,3min,rth,19213,122.5,-629.5,-98737.0,27.5,98865.0,0,4,"{""2023"": -8607.0, ""2024"": -24000.0, ""2025"": -40856.0, ""2026"": -25274.0}"
FADE_3min_e20d25_s10t20_all,fade,3min,all,28658,182.7,-825.1,-129419.0,29.7,129594.0,0,4,"{""2023"": -10094.0, ""2024"": -30179.0, ""2025"": -53293.0, ""2026"": -35853.0}"
FADE_3min_e20d25_s10t20_rth,fade,3min,rth,18132,115.6,-570.6,-89499.0,29.0,89692.0,0,4,"{""2023"": -8890.0, ""2024"": -23437.0, ""2025"": -35886.0, ""2026"": -21286.0}"
FADE_3min_e50d8_s5t8_all,fade,3min,all,102985,656.6,-2941.0,-461322.0,30.1,461335.0,0,4,"{""2023"": -50252.0, ""2024"": -128381.0, ""2025"": -173748.0, ""2026"": -108941.0}"
FADE_3min_e50d8_s5t8_rth,fade,3min,rth,45396,289.4,-1548.3,-242864.0,26.8,242866.0,0,4,"{""2023"": -31200.0, ""2024"": -72685.0, ""2025"": -87514.0, ""2026"": -51465.0}"
FADE_3min_e50d8_s6t12_all,fade,3min,all,90604,577.6,-2385.6,-374201.0,28.3,374213.0,0,4,"{""2023"": -39884.0, ""2024"": -102880.0, ""2025"": -142851.0, ""2026"": -88586.0}"
FADE_3min_e50d8_s6t12_rth,fade,3min,rth,42184,268.9,-1266.7,-198699.0,26.7,198748.0,0,4,"{""2023"": -24501.0, ""2024"": -57448.0, ""2025"": -73637.0, ""2026"": -43113.0}"
FADE_3min_e50d8_s8t16_all,fade,3min,all,76063,484.9,-1908.5,-299368.0,29.9,299367.0,0,4,"{""2023"": -30742.0, ""2024"": -79112.0, ""2025"": -113263.0, ""2026"": -76252.0}"
FADE_3min_e50d8_s8t16_rth,fade,3min,rth,37569,239.5,-1044.1,-163767.0,29.1,163825.0,0,4,"{""2023"": -18992.0, ""2024"": -46116.0, ""2025"": -60179.0, ""2026"": -38480.0}"
FADE_3min_e50d8_s10t20_all,fade,3min,all,64107,408.7,-1569.8,-246241.0,30.8,246313.0,0,4,"{""2023"": -24674.0, ""2024"": -68079.0, ""2025"": -88367.0, ""2026"": -65121.0}"
FADE_3min_e50d8_s10t20_rth,fade,3min,rth,33035,210.6,-882.5,-138423.0,30.2,138650.0,0,4,"{""2023"": -15986.0, ""2024"": -41091.0, ""2025"": -47902.0, ""2026"": -33444.0}"
FADE_3min_e50d12_s5t8_all,fade,3min,all,89604,571.2,-2621.6,-411221.0,29.7,411226.0,0,4,"{""2023"": -42665.0, ""2024"": -109449.0, ""2025"": -157606.0, ""2026"": -101501.0}"
FADE_3min_e50d12_s5t8_rth,fade,3min,rth,41739,266.1,-1448.2,-227163.0,26.5,227165.0,0,4,"{""2023"": -28351.0, ""2024"": -66193.0, ""2025"": -83390.0, ""2026"": -49229.0}"
FADE_3min_e50d12_s6t12_all,fade,3min,all,80179,511.2,-2136.2,-335072.0,28.2,335073.0,0,4,"{""2023"": -34031.0, ""2024"": -89793.0, ""2025"": -130006.0, ""2026"": -81243.0}"
FADE_3min_e50d12_s6t12_rth,fade,3min,rth,39050,249.0,-1181.2,-185282.0,26.6,185309.0,0,4,"{""2023"": -21818.0, ""2024"": -52919.0, ""2025"": -69842.0, ""2026"": -40703.0}"
FADE_3min_e50d12_s8t16_all,fade,3min,all,68710,438.0,-1777.4,-278803.0,29.7,278784.0,0,4,"{""2023"": -27146.0, ""2024"": -71201.0, ""2025"": -108816.0, ""2026"": -71640.0}"
FADE_3min_e50d12_s8t16_rth,fade,3min,rth,35064,223.5,-993.3,-155804.0,28.9,155862.0,0,4,"{""2023"": -18049.0, ""2024"": -42500.0, ""2025"": -59235.0, ""2026"": -36020.0}"
FADE_3min_e50d12_s10t20_all,fade,3min,all,59154,377.1,-1501.2,-235481.0,30.6,235555.0,0,4,"{""2023"": -22638.0, ""2024"": -63077.0, ""2025"": -87906.0, ""2026"": -61860.0}"
FADE_3min_e50d12_s10t20_rth,fade,3min,rth,31155,198.6,-855.6,-134212.0,30.0,134368.0,0,4,"{""2023"": -15811.0, ""2024"": -37777.0, ""2025"": -48298.0, ""2026"": -32325.0}"
FADE_3min_e50d18_s5t8_all,fade,3min,all,72052,459.3,-2219.6,-348158.0,28.8,348174.0,0,4,"{""2023"": -31515.0, ""2024"": -89410.0, ""2025"": -135435.0, ""2026"": -91798.0}"
FADE_3min_e50d18_s5t8_rth,fade,3min,rth,36296,231.4,-1303.6,-204473.0,25.8,204508.0,0,4,"{""2023"": -23011.0, ""2024"": -57932.0, ""2025"": -77295.0, ""2026"": -46235.0}"
FADE_3min_e50d18_s6t12_all,fade,3min,all,65803,419.5,-1812.0,-284218.0,27.8,284371.0,0,4,"{""2023"": -25363.0, ""2024"": -71902.0, ""2025"": -112301.0, ""2026"": -74651.0}"
FADE_3min_e50d18_s6t12_rth,fade,3min,rth,34230,218.2,-1074.8,-168583.0,26.1,168690.0,0,4,"{""2023"": -18627.0, ""2024"": -45460.0, ""2025"": -65077.0, ""2026"": -39418.0}"
FADE_3min_e50d18_s8t16_all,fade,3min,all,57655,367.6,-1526.9,-239512.0,29.5,239610.0,0,4,"{""2023"": -20413.0, ""2024"": -58909.0, ""2025"": -93973.0, ""2026"": -66217.0}"
FADE_3min_e50d18_s8t16_rth,fade,3min,rth,31087,198.2,-903.7,-141753.0,28.7,141868.0,0,4,"{""2023"": -15089.0, ""2024"": -36655.0, ""2025"": -55578.0, ""2026"": -34430.0}"
FADE_3min_e50d18_s10t20_all,fade,3min,all,50662,323.0,-1315.4,-206327.0,30.4,206627.0,0,4,"{""2023"": -17082.0, ""2024"": -52573.0, ""2025"": -78851.0, ""2026"": -57820.0}"
FADE_3min_e50d18_s10t20_rth,fade,3min,rth,27905,177.9,-777.4,-121941.0,29.9,122159.0,0,4,"{""2023"": -12741.0, ""2024"": -32659.0, ""2025"": -46052.0, ""2026"": -30489.0}"
FADE_3min_e50d25_s5t8_all,fade,3min,all,56203,358.3,-1835.7,-287949.0,27.7,287937.0,0,4,"{""2023"": -23938.0, ""2024"": -70318.0, ""2025"": -114928.0, ""2026"": -78766.0}"
FADE_3min_e50d25_s5t8_rth,fade,3min,rth,30664,195.5,-1140.7,-178924.0,25.0,178928.0,0,4,"{""2023"": -19020.0, ""2024"": -48631.0, ""2025"": -69670.0, ""2026"": -41602.0}"
FADE_3min_e50d25_s6t12_all,fade,3min,all,52166,332.6,-1518.4,-238174.0,27.1,238160.0,0,4,"{""2023"": -19376.0, ""2024"": -56743.0, ""2025"": -95434.0, ""2026"": -66621.0}"
FADE_3min_e50d25_s6t12_rth,fade,3min,rth,29123,185.7,-952.8,-149449.0,25.6,149473.0,0,4,"{""2023"": -15632.0, ""2024"": -38659.0, ""2025"": -58957.0, ""2026"": -36200.0}"
FADE_3min_e50d25_s8t16_all,fade,3min,all,46626,297.3,-1298.0,-203602.0,29.1,203589.0,0,4,"{""2023"": -16141.0, ""2024"": -46607.0, ""2025"": -82856.0, ""2026"": -57998.0}"
FADE_3min_e50d25_s8t16_rth,fade,3min,rth,26721,170.4,-811.6,-127310.0,28.2,127354.0,0,4,"{""2023"": -12917.0, ""2024"": -30942.0, ""2025"": -51956.0, ""2026"": -31496.0}"
FADE_3min_e50d25_s10t20_all,fade,3min,all,41628,265.4,-1111.0,-174271.0,30.2,174303.0,0,4,"{""2023"": -14185.0, ""2024"": -40458.0, ""2025"": -68098.0, ""2026"": -51530.0}"
FADE_3min_e50d25_s10t20_rth,fade,3min,rth,24263,154.7,-697.8,-109458.0,29.7,109769.0,0,4,"{""2023"": -11120.0, ""2024"": -27486.0, ""2025"": -42758.0, ""2026"": -28094.0}"
IMPF_3min_w2i4_s5t10_all,impfade,3min,all,102119,651.0,-2687.1,-421494.0,27.3,421504.0,0,4,"{""2023"": -48137.0, ""2024"": -118599.0, ""2025"": -161392.0, ""2026"": -93365.0}"
IMPF_3min_w2i4_s5t10_rth,impfade,3min,rth,44587,284.3,-1414.0,-221793.0,24.5,221804.0,0,4,"{""2023"": -28276.0, ""2024"": -64877.0, ""2025"": -83783.0, ""2026"": -44857.0}"
IMPF_3min_w2i4_s6t15_all,impfade,3min,all,87288,556.5,-2102.0,-329713.0,25.1,329836.0,0,4,"{""2023"": -38163.0, ""2024"": -92148.0, ""2025"": -126637.0, ""2026"": -72766.0}"
IMPF_3min_w2i4_s6t15_rth,impfade,3min,rth,40814,260.2,-1134.3,-177920.0,23.8,178086.0,0,4,"{""2023"": -22512.0, ""2024"": -51391.0, ""2025"": -67120.0, ""2026"": -36898.0}"
IMPF_3min_w2i4_s8t20_all,impfade,3min,all,71367,455.0,-1678.0,-263206.0,26.2,263362.0,0,4,"{""2023"": -28986.0, ""2024"": -72228.0, ""2025"": -100250.0, ""2026"": -61742.0}"
IMPF_3min_w2i4_s8t20_rth,impfade,3min,rth,35695,227.6,-946.7,-148495.0,25.3,148643.0,0,4,"{""2023"": -17763.0, ""2024"": -43522.0, ""2025"": -54799.0, ""2026"": -32411.0}"
IMPF_3min_w2i4_s8t30_all,impfade,3min,all,59634,380.2,-1397.3,-219174.0,19.4,219385.0,0,4,"{""2023"": -24454.0, ""2024"": -63486.0, ""2025"": -77819.0, ""2026"": -53415.0}"
IMPF_3min_w2i4_s8t30_rth,impfade,3min,rth,31267,199.3,-823.7,-129198.0,18.7,129367.0,0,4,"{""2023"": -15157.0, ""2024"": -42904.0, ""2025"": -44253.0, ""2026"": -26884.0}"
IMPF_3min_w2i6_s5t10_all,impfade,3min,all,90246,575.3,-2402.5,-376849.0,27.2,376883.0,0,4,"{""2023"": -41154.0, ""2024"": -103893.0, ""2025"": -145072.0, ""2026"": -86730.0}"
IMPF_3min_w2i6_s5t10_rth,impfade,3min,rth,41155,262.4,-1320.6,-207151.0,24.3,207193.0,0,4,"{""2023"": -25899.0, ""2024"": -61173.0, ""2025"": -78721.0, ""2026"": -41357.0}"
IMPF_3min_w2i6_s6t15_all,impfade,3min,all,79738,508.3,-1932.8,-303173.0,25.1,303324.0,0,4,"{""2023"": -32109.0, ""2024"": -84325.0, ""2025"": -117511.0, ""2026"": -69228.0}"
IMPF_3min_w2i6_s6t15_rth,impfade,3min,rth,38185,243.4,-1077.0,-168933.0,23.6,169117.0,0,4,"{""2023"": -19614.0, ""2024"": -48027.0, ""2025"": -64993.0, ""2026"": -36298.0}"
IMPF_3min_w2i6_s8t20_all,impfade,3min,all,67053,427.5,-1558.4,-244447.0,26.2,244603.0,0,4,"{""2023"": -24663.0, ""2024"": -64983.0, ""2025"": -95898.0, ""2026"": -58903.0}"
IMPF_3min_w2i6_s8t20_rth,impfade,3min,rth,33936,216.3,-904.4,-141855.0,25.3,142082.0,0,4,"{""2023"": -15993.0, ""2024"": -41245.0, ""2025"": -53367.0, ""2026"": -31249.0}"
IMPF_3min_w2i6_s8t30_all,impfade,3min,all,56737,361.7,-1278.8,-200593.0,19.5,200846.0,0,4,"{""2023"": -19964.0, ""2024"": -57195.0, ""2025"": -75262.0, ""2026"": -48171.0}"
IMPF_3min_w2i6_s8t30_rth,impfade,3min,rth,29961,191.0,-769.4,-120683.0,18.9,120757.0,0,4,"{""2023"": -12974.0, ""2024"": -39820.0, ""2025"": -41971.0, ""2026"": -25917.0}"
IMPF_3min_w2i9_s5t10_all,impfade,3min,all,71732,457.3,-2040.4,-320045.0,26.2,320123.0,0,4,"{""2023"": -30727.0, ""2024"": -85073.0, ""2025"": -125649.0, ""2026"": -78597.0}"
IMPF_3min_w2i9_s5t10_rth,impfade,3min,rth,35528,226.5,-1197.8,-187882.0,23.5,187890.0,0,4,"{""2023"": -21564.0, ""2024"": -54637.0, ""2025"": -71981.0, ""2026"": -39700.0}"
IMPF_3min_w2i9_s6t15_all,impfade,3min,all,66464,423.7,-1680.8,-263644.0,24.7,263823.0,0,4,"{""2023"": -25036.0, ""2024"": -69593.0, ""2025"": -104207.0, ""2026"": -64808.0}"
IMPF_3min_w2i9_s6t15_rth,impfade,3min,rth,33792,215.4,-983.6,-154285.0,23.3,154420.0,0,4,"{""2023"": -17182.0, ""2024"": -42794.0, ""2025"": -60145.0, ""2026"": -34163.0}"
IMPF_3min_w2i9_s8t20_all,impfade,3min,all,58634,373.8,-1391.4,-218253.0,26.1,218446.0,0,4,"{""2023"": -20795.0, ""2024"": -56534.0, ""2025"": -86502.0, ""2026"": -54422.0}"
IMPF_3min_w2i9_s8t20_rth,impfade,3min,rth,30848,196.7,-812.6,-127463.0,25.4,127541.0,0,4,"{""2023"": -14142.0, ""2024"": -35136.0, ""2025"": -48809.0, ""2026"": -29375.0}"
IMPF_3min_w2i9_s8t30_all,impfade,3min,all,51066,325.6,-1163.1,-182440.0,19.5,182670.0,0,4,"{""2023"": -17539.0, ""2024"": -50321.0, ""2025"": -70376.0, ""2026"": -44204.0}"
IMPF_3min_w2i9_s8t30_rth,impfade,3min,rth,27605,176.0,-691.7,-108492.0,19.0,108531.0,0,4,"{""2023"": -11507.0, ""2024"": -32850.0, ""2025"": -40426.0, ""2026"": -23708.0}"
IMPF_3min_w2i14_s5t10_all,impfade,3min,all,47020,299.8,-1448.6,-227220.0,25.0,227207.0,0,4,"{""2023"": -17651.0, ""2024"": -55622.0, ""2025"": -93727.0, ""2026"": -60220.0}"
IMPF_3min_w2i14_s5t10_rth,impfade,3min,rth,26543,169.2,-947.2,-148580.0,22.5,148615.0,0,4,"{""2023"": -14198.0, ""2024"": -41147.0, ""2025"": -59781.0, ""2026"": -33453.0}"
IMPF_3min_w2i14_s6t15_all,impfade,3min,all,45528,290.3,-1208.5,-189560.0,24.2,189545.0,0,4,"{""2023"": -15080.0, ""2024"": -45214.0, ""2025"": -78798.0, ""2026"": -50468.0}"
IMPF_3min_w2i14_s6t15_rth,impfade,3min,rth,25936,165.3,-778.8,-122160.0,22.9,122304.0,0,4,"{""2023"": -11221.0, ""2024"": -32271.0, ""2025"": -49384.0, ""2026"": -29285.0}"
IMPF_3min_w2i14_s8t20_all,impfade,3min,all,42724,272.4,-1078.4,-169163.0,25.7,169145.0,0,4,"{""2023"": -13650.0, ""2024"": -38285.0, ""2025"": -69703.0, ""2026"": -47525.0}"
IMPF_3min_w2i14_s8t20_rth,impfade,3min,rth,24609,156.9,-682.4,-107033.0,25.0,107034.0,0,4,"{""2023"": -8901.0, ""2024"": -27217.0, ""2025"": -43344.0, ""2026"": -27571.0}"
IMPF_3min_w2i14_s8t30_all,impfade,3min,all,39090,249.2,-929.5,-145802.0,19.3,145860.0,0,4,"{""2023"": -12815.0, ""2024"": -35921.0, ""2025"": -54833.0, ""2026"": -42233.0}"
IMPF_3min_w2i14_s8t30_rth,impfade,3min,rth,22752,145.0,-576.0,-90351.0,19.0,90452.0,0,4,"{""2023"": -8594.0, ""2024"": -25326.0, ""2025"": -33624.0, ""2026"": -22808.0}"
IMPF_3min_w3i4_s5t10_all,impfade,3min,all,105259,671.1,-2741.1,-429957.0,27.5,429949.0,0,4,"{""2023"": -49621.0, ""2024"": -120041.0, ""2025"": -163256.0, ""2026"": -97039.0}"
IMPF_3min_w3i4_s5t10_rth,impfade,3min,rth,45554,290.4,-1432.1,-224630.0,24.7,224654.0,0,4,"{""2023"": -28925.0, ""2024"": -66268.0, ""2025"": -83335.0, ""2026"": -46102.0}"
IMPF_3min_w3i4_s6t15_all,impfade,3min,all,89343,569.6,-2121.5,-332770.0,25.3,332839.0,0,4,"{""2023"": -36647.0, ""2024"": -91845.0, ""2025"": -127065.0, ""2026"": -77212.0}"
IMPF_3min_w3i4_s6t15_rth,impfade,3min,rth,41601,265.2,-1165.6,-182840.0,23.7,182944.0,0,4,"{""2023"": -22995.0, ""2024"": -52935.0, ""2025"": -66195.0, ""2026"": -40716.0}"
IMPF_3min_w3i4_s8t20_all,impfade,3min,all,72595,462.8,-1643.6,-257807.0,26.4,257962.0,0,4,"{""2023"": -25627.0, ""2024"": -71828.0, ""2025"": -99724.0, ""2026"": -60628.0}"
IMPF_3min_w3i4_s8t20_rth,impfade,3min,rth,36213,230.9,-957.2,-150144.0,25.3,150321.0,0,4,"{""2023"": -17888.0, ""2024"": -43971.0, ""2025"": -55690.0, ""2026"": -32596.0}"
IMPF_3min_w3i4_s8t30_all,impfade,3min,all,60528,385.9,-1366.4,-214330.0,19.5,214700.0,0,4,"{""2023"": -21091.0, ""2024"": -60005.0, ""2025"": -80720.0, ""2026"": -52514.0}"
IMPF_3min_w3i4_s8t30_rth,impfade,3min,rth,31636,201.7,-802.3,-125844.0,18.9,125873.0,0,4,"{""2023"": -13147.0, ""2024"": -39066.0, ""2025"": -46360.0, ""2026"": -27271.0}"
IMPF_3min_w3i6_s5t10_all,impfade,3min,all,96212,613.4,-2544.8,-399163.0,27.3,399167.0,0,4,"{""2023"": -44912.0, ""2024"": -109420.0, ""2025"": -151027.0, ""2026"": -93804.0}"
IMPF_3min_w3i6_s5t10_rth,impfade,3min,rth,42900,273.5,-1373.1,-215382.0,24.4,215406.0,0,4,"{""2023"": -27467.0, ""2024"": -63200.0, ""2025"": -80036.0, ""2026"": -44679.0}"
IMPF_3min_w3i6_s6t15_all,impfade,3min,all,83766,534.0,-2003.6,-314283.0,25.2,314310.0,0,4,"{""2023"": -34056.0, ""2024"": -86916.0, ""2025"": -118880.0, ""2026"": -74432.0}"
IMPF_3min_w3i6_s6t15_rth,impfade,3min,rth,39652,252.8,-1106.8,-173613.0,23.7,173755.0,0,4,"{""2023"": -21227.0, ""2024"": -51340.0, ""2025"": -62586.0, ""2026"": -38459.0}"
IMPF_3min_w3i6_s8t20_all,impfade,3min,all,69471,442.9,-1571.6,-246514.0,26.4,246591.0,0,4,"{""2023"": -25741.0, ""2024"": -65173.0, ""2025"": -95991.0, ""2026"": -59610.0}"
IMPF_3min_w3i6_s8t20_rth,impfade,3min,rth,34952,222.8,-922.1,-144641.0,25.4,144812.0,0,4,"{""2023"": -17688.0, ""2024"": -42152.0, ""2025"": -54048.0, ""2026"": -30753.0}"
IMPF_3min_w3i6_s8t30_all,impfade,3min,all,58525,373.1,-1308.5,-205252.0,19.6,205439.0,0,4,"{""2023"": -22184.0, ""2024"": -54135.0, ""2025"": -77879.0, ""2026"": -51053.0}"
IMPF_3min_w3i6_s8t30_rth,impfade,3min,rth,30742,196.0,-770.1,-120797.0,19.0,120948.0,0,4,"{""2023"": -14192.0, ""2024"": -37524.0, ""2025"": -44032.0, ""2026"": -25048.0}"
IMPF_3min_w3i9_s5t10_all,impfade,3min,all,80455,512.9,-2242.7,-351782.0,26.5,351823.0,0,4,"{""2023"": -35994.0, ""2024"": -91561.0, ""2025"": -137430.0, ""2026"": -86797.0}"
IMPF_3min_w3i9_s5t10_rth,impfade,3min,rth,38355,244.5,-1259.2,-197517.0,24.0,197528.0,0,4,"{""2023"": -23931.0, ""2024"": -56734.0, ""2025"": -75030.0, ""2026"": -41821.0}"
IMPF_3min_w3i9_s6t15_all,impfade,3min,all,73103,466.0,-1818.1,-285184.0,24.8,285268.0,0,4,"{""2023"": -28454.0, ""2024"": -76915.0, ""2025"": -109395.0, ""2026"": -70421.0}"
IMPF_3min_w3i9_s6t15_rth,impfade,3min,rth,36129,230.3,-1020.2,-160028.0,23.6,160114.0,0,4,"{""2023"": -18800.0, ""2024"": -46152.0, ""2025"": -59285.0, ""2026"": -35792.0}"
IMPF_3min_w3i9_s8t20_all,impfade,3min,all,63137,402.5,-1471.1,-230753.0,26.2,230868.0,0,4,"{""2023"": -22348.0, ""2024"": -61593.0, ""2025"": -89957.0, ""2026"": -56855.0}"
IMPF_3min_w3i9_s8t20_rth,impfade,3min,rth,32538,207.4,-850.3,-133379.0,25.4,133455.0,0,4,"{""2023"": -15727.0, ""2024"": -38734.0, ""2025"": -48986.0, ""2026"": -29933.0}"
IMPF_3min_w3i9_s8t30_all,impfade,3min,all,54364,346.6,-1235.5,-193795.0,19.5,193962.0,0,4,"{""2023"": -20284.0, ""2024"": -54720.0, ""2025"": -70072.0, ""2026"": -48720.0}"
IMPF_3min_w3i9_s8t30_rth,impfade,3min,rth,28976,184.7,-721.3,-113136.0,19.0,113234.0,0,4,"{""2023"": -12424.0, ""2024"": -36431.0, ""2025"": -38361.0, ""2026"": -25920.0}"
IMPF_3min_w3i14_s5t10_all,impfade,3min,all,56817,362.2,-1705.7,-267550.0,25.4,267568.0,0,4,"{""2023"": -21858.0, ""2024"": -65964.0, ""2025"": -108934.0, ""2026"": -70794.0}"
IMPF_3min_w3i14_s5t10_rth,impfade,3min,rth,30414,193.9,-1068.6,-167624.0,22.8,167635.0,0,4,"{""2023"": -17070.0, ""2024"": -45670.0, ""2025"": -66843.0, ""2026"": -38041.0}"
IMPF_3min_w3i14_s6t15_all,impfade,3min,all,54219,345.7,-1388.1,-217737.0,24.6,217788.0,0,4,"{""2023"": -17387.0, ""2024"": -53100.0, ""2025"": -89764.0, ""2026"": -57485.0}"
IMPF_3min_w3i14_s6t15_rth,impfade,3min,rth,29431,187.6,-871.5,-136700.0,23.1,136800.0,0,4,"{""2023"": -12971.0, ""2024"": -36018.0, ""2025"": -54706.0, ""2026"": -33005.0}"
IMPF_3min_w3i14_s8t20_all,impfade,3min,all,49686,316.8,-1205.5,-189095.0,25.9,189314.0,0,4,"{""2023"": -13634.0, ""2024"": -48334.0, ""2025"": -77958.0, ""2026"": -49169.0}"
IMPF_3min_w3i14_s8t20_rth,impfade,3min,rth,27478,175.2,-758.8,-119018.0,25.0,119110.0,0,4,"{""2023"": -9670.0, ""2024"": -31873.0, ""2025"": -48710.0, ""2026"": -28765.0}"
IMPF_3min_w3i14_s8t30_all,impfade,3min,all,44712,285.0,-1045.4,-163979.0,19.4,164446.0,0,4,"{""2023"": -11477.0, ""2024"": -48378.0, ""2025"": -61530.0, ""2026"": -42593.0}"
IMPF_3min_w3i14_s8t30_rth,impfade,3min,rth,25182,160.5,-649.2,-101839.0,18.9,101936.0,0,4,"{""2023"": -7460.0, ""2024"": -32283.0, ""2025"": -37020.0, ""2026"": -25077.0}"
THR_3min_k1.5_s6t12_all,thrust,3min,all,28040,178.8,-761.4,-119428.0,27.9,119493.0,0,4,"{""2023"": -16438.0, ""2024"": -36000.0, ""2025"": -41298.0, ""2026"": -25692.0}"
THR_3min_k1.5_s6t12_rth,thrust,3min,rth,9732,62.0,-347.8,-54548.0,24.3,54767.0,0,4,"{""2023"": -7381.0, ""2024"": -16321.0, ""2025"": -19524.0, ""2026"": -11323.0}"
THR_3min_k1.5_s8t16_all,thrust,3min,all,25282,161.2,-681.3,-106873.0,29.3,107061.0,0,4,"{""2023"": -14957.0, ""2024"": -29669.0, ""2025"": -37455.0, ""2026"": -24792.0}"
THR_3min_k1.5_s8t16_rth,thrust,3min,rth,9427,60.1,-318.8,-50008.0,27.1,50504.0,0,4,"{""2023"": -6769.0, ""2024"": -13332.0, ""2025"": -18116.0, ""2026"": -11791.0}"
THR_3min_k1.5_s10t25_all,thrust,3min,all,21642,138.0,-475.0,-74507.0,27.0,75401.0,0,4,"{""2023"": -7951.0, ""2024"": -16828.0, ""2025"": -28580.0, ""2026"": -21147.0}"
THR_3min_k1.5_s10t25_rth,thrust,3min,rth,8823,56.2,-214.6,-33660.0,26.5,34301.0,0,4,"{""2023"": -3422.0, ""2024"": -6871.0, ""2025"": -12874.0, ""2026"": -10494.0}"
THR_3min_k1.5_s12t36_all,thrust,3min,all,18190,116.0,-367.2,-57599.0,24.2,58062.0,0,4,"{""2023"": -6175.0, ""2024"": -13427.0, ""2025"": -22117.0, ""2026"": -15880.0}"
THR_3min_k1.5_s12t36_rth,thrust,3min,rth,8084,51.5,-177.8,-27893.0,23.9,28547.0,0,4,"{""2023"": -4166.0, ""2024"": -6121.0, ""2025"": -9410.0, ""2026"": -8195.0}"
THR_3min_k2.0_s6t12_all,thrust,3min,all,11021,70.3,-317.0,-49718.0,27.3,49711.0,0,4,"{""2023"": -7100.0, ""2024"": -15123.0, ""2025"": -16902.0, ""2026"": -10592.0}"
THR_3min_k2.0_s6t12_rth,thrust,3min,rth,3837,24.5,-154.5,-24239.0,22.3,24284.0,0,4,"{""2023"": -3025.0, ""2024"": -7126.0, ""2025"": -8758.0, ""2026"": -5330.0}"
THR_3min_k2.0_s8t16_all,thrust,3min,all,10452,66.6,-288.9,-45322.0,29.1,45335.0,0,4,"{""2023"": -6108.0, ""2024"": -11904.0, ""2025"": -16789.0, ""2026"": -10521.0}"
THR_3min_k2.0_s8t16_rth,thrust,3min,rth,3796,24.2,-141.6,-22205.0,26.0,22337.0,0,4,"{""2023"": -2369.0, ""2024"": -5714.0, ""2025"": -8672.0, ""2026"": -5450.0}"
THR_3min_k2.0_s10t25_all,thrust,3min,all,9538,60.8,-227.4,-35665.0,26.6,35793.0,0,4,"{""2023"": -3811.0, ""2024"": -9001.0, ""2025"": -13439.0, ""2026"": -9415.0}"
THR_3min_k2.0_s10t25_rth,thrust,3min,rth,3686,23.5,-90.6,-14211.0,26.4,14537.0,0,4,"{""2023"": -584.0, ""2024"": -2704.0, ""2025"": -5846.0, ""2026"": -5077.0}"
THR_3min_k2.0_s12t36_all,thrust,3min,all,8593,54.8,-188.9,-29630.0,23.9,29714.0,0,4,"{""2023"": -3578.0, ""2024"": -9014.0, ""2025"": -10572.0, ""2026"": -6466.0}"
THR_3min_k2.0_s12t36_rth,thrust,3min,rth,3507,22.4,-78.6,-12328.0,23.8,12534.0,0,4,"{""2023"": -1682.0, ""2024"": -2125.0, ""2025"": -4181.0, ""2026"": -4340.0}"
THR_3min_k3.0_s6t12_all,thrust,3min,all,2393,15.3,-84.9,-13323.0,24.4,13387.0,0,4,"{""2023"": -1810.0, ""2024"": -3851.0, ""2025"": -4873.0, ""2026"": -2788.0}"
THR_3min_k3.0_s6t12_rth,thrust,3min,rth,947,6.0,-43.3,-6795.0,20.0,6825.0,0,4,"{""2023"": -641.0, ""2024"": -2114.0, ""2025"": -2660.0, ""2026"": -1380.0}"
THR_3min_k3.0_s8t16_all,thrust,3min,all,2365,15.1,-74.9,-11745.0,27.8,11870.0,0,4,"{""2023"": -1250.0, ""2024"": -2930.0, ""2025"": -5068.0, ""2026"": -2497.0}"
THR_3min_k3.0_s8t16_rth,thrust,3min,rth,945,6.0,-41.3,-6484.0,23.9,6560.0,0,4,"{""2023"": -420.0, ""2024"": -2016.0, ""2025"": -2865.0, ""2026"": -1182.0}"
THR_3min_k3.0_s10t25_all,thrust,3min,all,2324,14.8,-47.8,-7505.0,27.3,8191.0,1,4,"{""2023"": 356.0, ""2024"": -2158.0, ""2025"": -3502.0, ""2026"": -2200.0}"
THR_3min_k3.0_s10t25_rth,thrust,3min,rth,939,6.0,-25.2,-3958.0,25.9,4506.0,1,4,"{""2023"": 306.0, ""2024"": -1754.0, ""2025"": -1686.0, ""2026"": -825.0}"
THR_3min_k3.0_s12t36_all,thrust,3min,all,2258,14.4,-39.1,-6128.0,24.8,7076.0,1,4,"{""2023"": 238.0, ""2024"": -1804.0, ""2025"": -3434.0, ""2026"": -1129.0}"
THR_3min_k3.0_s12t36_rth,thrust,3min,rth,926,5.9,-16.6,-2596.0,24.5,3138.0,0,4,"{""2023"": -22.0, ""2024"": -978.0, ""2025"": -1233.0, ""2026"": -364.0}"
DONX_N8_3min_trail1.5h0_all,exit_eng,3min,all,31977,203.9,-1929.5,-302660.0,27.6,302841.0,0,4,"{""2023"": -40401.0, ""2024"": -85032.0, ""2025"": -114198.0, ""2026"": -63029.0}"
DONX_N8_3min_trail1.5h0_rth,exit_eng,3min,rth,10085,64.3,-839.7,-131715.0,30.3,131905.0,0,4,"{""2023"": -16390.0, ""2024"": -36082.0, ""2025"": -51545.0, ""2026"": -27698.0}"
DONX_N8_3min_trail1.5h10_all,exit_eng,3min,all,35113,223.9,-1800.3,-282396.0,22.0,282547.0,0,4,"{""2023"": -43767.0, ""2024"": -85594.0, ""2025"": -98443.0, ""2026"": -54593.0}"
DONX_N8_3min_trail1.5h10_rth,exit_eng,3min,rth,12079,77.0,-685.3,-107499.0,19.6,107477.0,0,4,"{""2023"": -17529.0, ""2024"": -32308.0, ""2025"": -36750.0, ""2026"": -20912.0}"
DONX_N8_3min_trail1.5h20_all,exit_eng,3min,all,32887,209.7,-2011.9,-315575.0,26.0,315745.0,0,4,"{""2023"": -44769.0, ""2024"": -91871.0, ""2025"": -114652.0, ""2026"": -64283.0}"
DONX_N8_3min_trail1.5h20_rth,exit_eng,3min,rth,10765,68.6,-836.3,-131181.0,26.7,131157.0,0,4,"{""2023"": -19436.0, ""2024"": -38662.0, ""2025"": -46985.0, ""2026"": -26097.0}"
DONX_N8_3min_trail2.5h0_all,exit_eng,3min,all,18368,117.1,-824.3,-129298.0,33.2,129684.0,0,4,"{""2023"": -18447.0, ""2024"": -33713.0, ""2025"": -48490.0, ""2026"": -28648.0}"
DONX_N8_3min_trail2.5h0_rth,exit_eng,3min,rth,5951,37.9,-350.1,-54920.0,34.6,55076.0,0,4,"{""2023"": -5791.0, ""2024"": -12065.0, ""2025"": -18842.0, ""2026"": -18222.0}"
DONX_N8_3min_trail2.5h10_all,exit_eng,3min,all,25402,161.9,-894.0,-140231.0,20.7,140519.0,0,4,"{""2023"": -21274.0, ""2024"": -39212.0, ""2025"": -51424.0, ""2026"": -28321.0}"
DONX_N8_3min_trail2.5h10_rth,exit_eng,3min,rth,9760,62.2,-345.8,-54239.0,15.5,54216.0,0,4,"{""2023"": -7546.0, ""2024"": -13501.0, ""2025"": -19822.0, ""2026"": -13370.0}"
DONX_N8_3min_trail2.5h20_all,exit_eng,3min,all,21007,133.9,-921.2,-144494.0,27.8,144755.0,0,4,"{""2023"": -20557.0, ""2024"": -41803.0, ""2025"": -53310.0, ""2026"": -28824.0}"
DONX_N8_3min_trail2.5h20_rth,exit_eng,3min,rth,7714,49.2,-367.3,-57617.0,24.2,57639.0,0,4,"{""2023"": -7041.0, ""2024"": -15661.0, ""2025"": -18025.0, ""2026"": -16890.0}"
DONX_N8_3min_trail4.0h0_all,exit_eng,3min,all,9037,57.6,-282.5,-44307.0,34.7,45044.0,0,4,"{""2023"": -12834.0, ""2024"": -4682.0, ""2025"": -14942.0, ""2026"": -11850.0}"
DONX_N8_3min_trail4.0h0_rth,exit_eng,3min,rth,3178,20.3,-72.4,-11364.0,37.4,11378.0,1,4,"{""2023"": -4955.0, ""2024"": 3759.0, ""2025"": -2551.0, ""2026"": -7617.0}"
DONX_N8_3min_trail4.0h10_all,exit_eng,3min,all,18243,116.3,-480.3,-75333.0,15.3,76129.0,0,4,"{""2023"": -15133.0, ""2024"": -18565.0, ""2025"": -28920.0, ""2026"": -12715.0}"
DONX_N8_3min_trail4.0h10_rth,exit_eng,3min,rth,8063,51.4,-218.2,-34222.0,10.8,34199.0,0,4,"{""2023"": -6131.0, ""2024"": -6906.0, ""2025"": -13224.0, ""2026"": -7960.0}"
DONX_N8_3min_trail4.0h20_all,exit_eng,3min,all,13024,83.0,-402.5,-63128.0,23.5,65240.0,0,4,"{""2023"": -13792.0, ""2024"": -14972.0, ""2025"": -25894.0, ""2026"": -8470.0}"
DONX_N8_3min_trail4.0h20_rth,exit_eng,3min,rth,5684,36.2,-120.8,-18955.0,19.1,20468.0,0,4,"{""2023"": -6126.0, ""2024"": -3569.0, ""2025"": -2446.0, ""2026"": -6813.0}"
DONX_N8_3min_time10h0_all,exit_eng,3min,all,20673,131.8,-382.2,-59944.0,46.9,61438.0,0,4,"{""2023"": -9293.0, ""2024"": -10570.0, ""2025"": -27172.0, ""2026"": -12909.0}"
DONX_N8_3min_time10h0_rth,exit_eng,3min,rth,6843,43.6,-138.5,-21724.0,48.6,22405.0,1,4,"{""2023"": -3474.0, ""2024"": 125.0, ""2025"": -11574.0, ""2026"": -6802.0}"
DONX_N8_3min_time10h10_all,exit_eng,3min,all,29165,185.9,-561.2,-88029.0,26.1,88561.0,0,4,"{""2023"": -15743.0, ""2024"": -21595.0, ""2025"": -31899.0, ""2026"": -18793.0}"
DONX_N8_3min_time10h10_rth,exit_eng,3min,rth,10997,70.1,-226.3,-35497.0,18.4,35474.0,0,4,"{""2023"": -6421.0, ""2024"": -6784.0, ""2025"": -12037.0, ""2026"": -10255.0}"
DONX_N8_3min_time10h20_all,exit_eng,3min,all,24694,157.4,-467.6,-73343.0,37.0,73757.0,0,4,"{""2023"": -12707.0, ""2024"": -22119.0, ""2025"": -22014.0, ""2026"": -16503.0}"
DONX_N8_3min_time10h20_rth,exit_eng,3min,rth,9187,58.6,-176.9,-27743.0,30.8,27784.0,0,4,"{""2023"": -5216.0, ""2024"": -7356.0, ""2025"": -3570.0, ""2026"": -11601.0}"
DONX_N8_3min_time30h0_all,exit_eng,3min,all,9537,60.8,-77.9,-12213.0,48.0,26785.0,1,4,"{""2023"": 4570.0, ""2024"": -5024.0, ""2025"": -11705.0, ""2026"": -54.0}"
DONX_N8_3min_time30h0_rth,exit_eng,3min,rth,3339,21.3,-49.0,-7693.0,48.9,21442.0,2,4,"{""2023"": 2767.0, ""2024"": 4802.0, ""2025"": -10119.0, ""2026"": -5143.0}"
DONX_N8_3min_time30h10_all,exit_eng,3min,all,21217,135.3,-396.5,-62201.0,17.3,63215.0,0,4,"{""2023"": -9316.0, ""2024"": -18391.0, ""2025"": -23900.0, ""2026"": -10593.0}"
DONX_N8_3min_time30h10_rth,exit_eng,3min,rth,8968,57.2,-200.8,-31490.0,11.2,31927.0,0,4,"{""2023"": -5333.0, ""2024"": -9000.0, ""2025"": -11879.0, ""2026"": -5279.0}"
DONX_N8_3min_time30h20_all,exit_eng,3min,all,15507,98.9,-255.8,-40121.0,28.7,41284.0,0,4,"{""2023"": -4532.0, ""2024"": -13786.0, ""2025"": -16115.0, ""2026"": -5688.0}"
DONX_N8_3min_time30h20_rth,exit_eng,3min,rth,6631,42.3,-100.5,-15767.0,21.6,18070.0,0,4,"{""2023"": -2326.0, ""2024"": -2807.0, ""2025"": -4161.0, ""2026"": -6473.0}"
DONX_N8_3min_time60h0_all,exit_eng,3min,all,5273,33.6,-184.6,-28954.0,48.8,34436.0,1,4,"{""2023"": -3832.0, ""2024"": -10604.0, ""2025"": -16742.0, ""2026"": 2224.0}"
DONX_N8_3min_time60h0_rth,exit_eng,3min,rth,2181,13.9,69.5,10905.0,50.6,10097.0,2,4,"{""2023"": -1325.0, ""2024"": 8475.0, ""2025"": 5774.0, ""2026"": -2019.0}"
DONX_N8_3min_time60h10_all,exit_eng,3min,all,16770,106.9,-281.1,-44088.0,12.4,44957.0,0,4,"{""2023"": -8624.0, ""2024"": -13654.0, ""2025"": -15136.0, ""2026"": -6674.0}"
DONX_N8_3min_time60h10_rth,exit_eng,3min,rth,7758,49.5,-147.4,-23127.0,8.8,23180.0,0,4,"{""2023"": -5106.0, ""2024"": -6588.0, ""2025"": -6447.0, ""2026"": -4985.0}"
DONX_N8_3min_time60h20_all,exit_eng,3min,all,11281,71.9,-121.0,-18977.0,22.4,22410.0,0,4,"{""2023"": -6798.0, ""2024"": -9911.0, ""2025"": -1595.0, ""2026"": -672.0}"
DONX_N8_3min_time60h20_rth,exit_eng,3min,rth,5354,34.1,-16.8,-2635.0,17.4,8959.0,1,4,"{""2023"": -3202.0, ""2024"": -889.0, ""2025"": 6280.0, ""2026"": -4824.0}"
DONX_N20_3min_trail1.5h0_all,exit_eng,3min,all,20869,133.0,-1331.4,-208846.0,27.1,208973.0,0,4,"{""2023"": -26956.0, ""2024"": -57778.0, ""2025"": -81203.0, ""2026"": -42909.0}"
DONX_N20_3min_trail1.5h0_rth,exit_eng,3min,rth,6642,42.3,-585.3,-91801.0,29.8,91964.0,0,4,"{""2023"": -10625.0, ""2024"": -26267.0, ""2025"": -35896.0, ""2026"": -19012.0}"
DONX_N20_3min_trail1.5h10_all,exit_eng,3min,all,22693,144.7,-1229.7,-192888.0,21.4,193006.0,0,4,"{""2023"": -29318.0, ""2024"": -57440.0, ""2025"": -69741.0, ""2026"": -36389.0}"
DONX_N20_3min_trail1.5h10_rth,exit_eng,3min,rth,7817,49.8,-473.2,-74227.0,19.0,74204.0,0,4,"{""2023"": -11587.0, ""2024"": -22585.0, ""2025"": -26406.0, ""2026"": -13649.0}"
DONX_N20_3min_trail1.5h20_all,exit_eng,3min,all,21395,136.4,-1386.8,-217531.0,25.5,217659.0,0,4,"{""2023"": -30069.0, ""2024"": -62321.0, ""2025"": -82030.0, ""2026"": -43112.0}"
DONX_N20_3min_trail1.5h20_rth,exit_eng,3min,rth,7064,45.0,-598.0,-93798.0,25.9,93774.0,0,4,"{""2023"": -12935.0, ""2024"": -27978.0, ""2025"": -35891.0, ""2026"": -16994.0}"
DONX_N20_3min_trail2.5h0_all,exit_eng,3min,all,13848,88.3,-698.4,-109543.0,32.5,109672.0,0,4,"{""2023"": -14577.0, ""2024"": -30875.0, ""2025"": -44057.0, ""2026"": -20034.0}"
DONX_N20_3min_trail2.5h0_rth,exit_eng,3min,rth,4512,28.8,-298.6,-46845.0,34.2,47073.0,0,4,"{""2023"": -5420.0, ""2024"": -13532.0, ""2025"": -16653.0, ""2026"": -11239.0}"
DONX_N20_3min_trail2.5h10_all,exit_eng,3min,all,17727,113.0,-669.9,-105072.0,20.1,105295.0,0,4,"{""2023"": -14727.0, ""2024"": -32275.0, ""2025"": -37676.0, ""2026"": -20394.0}"
DONX_N20_3min_trail2.5h10_rth,exit_eng,3min,rth,6616,42.2,-235.9,-37001.0,15.1,37218.0,0,4,"{""2023"": -4618.0, ""2024"": -11945.0, ""2025"": -12167.0, ""2026"": -8271.0}"
DONX_N20_3min_trail2.5h20_all,exit_eng,3min,all,15284,97.4,-733.2,-115012.0,27.2,115141.0,0,4,"{""2023"": -16418.0, ""2024"": -36152.0, ""2025"": -42743.0, ""2026"": -19698.0}"
DONX_N20_3min_trail2.5h20_rth,exit_eng,3min,rth,5496,35.0,-309.1,-48486.0,23.7,48872.0,0,4,"{""2023"": -6331.0, ""2024"": -15605.0, ""2025"": -16195.0, ""2026"": -10355.0}"
DONX_N20_3min_trail4.0h0_all,exit_eng,3min,all,8109,51.7,-253.8,-39818.0,34.1,40363.0,0,4,"{""2023"": -8563.0, ""2024"": -5915.0, ""2025"": -14147.0, ""2026"": -11193.0}"
DONX_N20_3min_trail4.0h0_rth,exit_eng,3min,rth,2820,18.0,-77.1,-12086.0,36.8,12360.0,1,4,"{""2023"": -3948.0, ""2024"": 2638.0, ""2025"": -4266.0, ""2026"": -6510.0}"
DONX_N20_3min_trail4.0h10_all,exit_eng,3min,all,14128,90.1,-376.4,-59049.0,15.4,60420.0,0,4,"{""2023"": -9480.0, ""2024"": -18355.0, ""2025"": -22897.0, ""2026"": -8316.0}"
DONX_N20_3min_trail4.0h10_rth,exit_eng,3min,rth,5857,37.3,-123.7,-19403.0,10.8,21135.0,0,4,"{""2023"": -3637.0, ""2024"": -6885.0, ""2025"": -7153.0, ""2026"": -1728.0}"
DONX_N20_3min_trail4.0h20_all,exit_eng,3min,all,10780,68.7,-345.1,-54133.0,23.4,56082.0,0,4,"{""2023"": -10935.0, ""2024"": -15485.0, ""2025"": -22073.0, ""2026"": -5640.0}"
DONX_N20_3min_trail4.0h20_rth,exit_eng,3min,rth,4446,28.3,-93.6,-14676.0,19.2,16084.0,0,4,"{""2023"": -4697.0, ""2024"": -3636.0, ""2025"": -3614.0, ""2026"": -2728.0}"
DONX_N20_3min_time10h0_all,exit_eng,3min,all,15265,97.3,-374.6,-58761.0,46.1,59882.0,0,4,"{""2023"": -10769.0, ""2024"": -12189.0, ""2025"": -28682.0, ""2026"": -7121.0}"
DONX_N20_3min_time10h0_rth,exit_eng,3min,rth,5014,32.0,-139.6,-21905.0,47.7,22611.0,0,4,"{""2023"": -4710.0, ""2024"": -4378.0, ""2025"": -10139.0, ""2026"": -2678.0}"
DONX_N20_3min_time10h10_all,exit_eng,3min,all,19487,124.2,-413.9,-64928.0,25.6,65491.0,0,4,"{""2023"": -9923.0, ""2024"": -17201.0, ""2025"": -24005.0, ""2026"": -13799.0}"
DONX_N20_3min_time10h10_rth,exit_eng,3min,rth,7181,45.8,-147.8,-23176.0,17.8,23369.0,0,4,"{""2023"": -3459.0, ""2024"": -5730.0, ""2025"": -7339.0, ""2026"": -6648.0}"
DONX_N20_3min_time10h20_all,exit_eng,3min,all,17224,109.8,-337.7,-52977.0,36.8,53389.0,0,4,"{""2023"": -9266.0, ""2024"": -13197.0, ""2025"": -20058.0, ""2026"": -10455.0}"
DONX_N20_3min_time10h20_rth,exit_eng,3min,rth,6180,39.4,-139.6,-21893.0,30.4,22415.0,0,4,"{""2023"": -3451.0, ""2024"": -4837.0, ""2025"": -6913.0, ""2026"": -6692.0}"
DONX_N20_3min_time30h0_all,exit_eng,3min,all,8305,52.9,-97.4,-15283.0,48.9,26691.0,3,4,"{""2023"": 377.0, ""2024"": 1373.0, ""2025"": -25254.0, ""2026"": 8220.0}"
DONX_N20_3min_time30h0_rth,exit_eng,3min,rth,2840,18.1,-37.4,-5860.0,49.6,12679.0,2,4,"{""2023"": 1653.0, ""2024"": 1436.0, ""2025"": -7043.0, ""2026"": -1907.0}"
DONX_N20_3min_time30h10_all,exit_eng,3min,all,15858,101.1,-284.1,-44568.0,17.2,45537.0,0,4,"{""2023"": -6321.0, ""2024"": -16461.0, ""2025"": -16916.0, ""2026"": -4870.0}"
DONX_N20_3min_time30h10_rth,exit_eng,3min,rth,6346,40.5,-121.6,-19082.0,11.0,20841.0,0,4,"{""2023"": -2712.0, ""2024"": -8018.0, ""2025"": -6315.0, ""2026"": -2037.0}"
DONX_N20_3min_time30h20_all,exit_eng,3min,all,12327,78.6,-191.3,-30001.0,29.1,32061.0,0,4,"{""2023"": -4299.0, ""2024"": -11742.0, ""2025"": -13791.0, ""2026"": -170.0}"
DONX_N20_3min_time30h20_rth,exit_eng,3min,rth,5000,31.9,-91.5,-14355.0,21.0,15797.0,0,4,"{""2023"": -2532.0, ""2024"": -3887.0, ""2025"": -5828.0, ""2026"": -2108.0}"
DONX_N20_3min_time60h0_all,exit_eng,3min,all,4879,31.1,0.8,121.0,49.0,12056.0,2,4,"{""2023"": -6166.0, ""2024"": -1648.0, ""2025"": 1616.0, ""2026"": 6319.0}"
DONX_N20_3min_time60h0_rth,exit_eng,3min,rth,1822,11.6,-6.3,-992.0,49.8,16136.0,2,4,"{""2023"": -1928.0, ""2024"": 9352.0, ""2025"": 1400.0, ""2026"": -9816.0}"
DONX_N20_3min_time60h10_all,exit_eng,3min,all,13187,84.1,-220.0,-34514.0,12.5,35917.0,0,4,"{""2023"": -6515.0, ""2024"": -12322.0, ""2025"": -13396.0, ""2026"": -2281.0}"
DONX_N20_3min_time60h10_rth,exit_eng,3min,rth,5743,36.6,-104.5,-16393.0,8.8,17100.0,0,4,"{""2023"": -2423.0, ""2024"": -6279.0, ""2025"": -5106.0, ""2026"": -2585.0}"
DONX_N20_3min_time60h20_all,exit_eng,3min,all,9488,60.5,-133.4,-20923.0,22.5,23908.0,1,4,"{""2023"": -6765.0, ""2024"": -7306.0, ""2025"": -9315.0, ""2026"": 2463.0}"
DONX_N20_3min_time60h20_rth,exit_eng,3min,rth,4279,27.3,-61.7,-9686.0,17.1,10499.0,0,4,"{""2023"": -3264.0, ""2024"": -1670.0, ""2025"": -1958.0, ""2026"": -2793.0}"
DONX_N40_3min_trail1.5h0_all,exit_eng,3min,all,14569,92.9,-963.0,-151052.0,27.2,151153.0,0,4,"{""2023"": -19617.0, ""2024"": -41852.0, ""2025"": -57303.0, ""2026"": -32280.0}"
DONX_N40_3min_trail1.5h0_rth,exit_eng,3min,rth,4795,30.6,-441.7,-69279.0,29.6,69256.0,0,4,"{""2023"": -8165.0, ""2024"": -19665.0, ""2025"": -26238.0, ""2026"": -15211.0}"
DONX_N40_3min_trail1.5h10_all,exit_eng,3min,all,15856,101.1,-860.7,-135010.0,21.3,135113.0,0,4,"{""2023"": -21037.0, ""2024"": -41379.0, ""2025"": -47247.0, ""2026"": -25346.0}"
DONX_N40_3min_trail1.5h10_rth,exit_eng,3min,rth,5645,36.0,-343.8,-53928.0,18.7,53905.0,0,4,"{""2023"": -8582.0, ""2024"": -16523.0, ""2025"": -19022.0, ""2026"": -9801.0}"
DONX_N40_3min_trail1.5h20_all,exit_eng,3min,all,14946,95.3,-977.3,-153296.0,25.5,153397.0,0,4,"{""2023"": -21623.0, ""2024"": -44288.0, ""2025"": -56852.0, ""2026"": -30533.0}"
DONX_N40_3min_trail1.5h20_rth,exit_eng,3min,rth,5097,32.5,-432.4,-67823.0,25.7,67799.0,0,4,"{""2023"": -9795.0, ""2024"": -20522.0, ""2025"": -25269.0, ""2026"": -12237.0}"
DONX_N40_3min_trail2.5h0_all,exit_eng,3min,all,9715,61.9,-511.9,-80293.0,33.1,80338.0,0,4,"{""2023"": -10144.0, ""2024"": -24051.0, ""2025"": -30494.0, ""2026"": -15603.0}"
DONX_N40_3min_trail2.5h0_rth,exit_eng,3min,rth,3257,20.8,-231.4,-36296.0,34.3,36623.0,0,4,"{""2023"": -3937.0, ""2024"": -11885.0, ""2025"": -11054.0, ""2026"": -9421.0}"
DONX_N40_3min_trail2.5h10_all,exit_eng,3min,all,12449,79.4,-450.9,-70735.0,20.2,70869.0,0,4,"{""2023"": -10120.0, ""2024"": -22874.0, ""2025"": -25089.0, ""2026"": -12652.0}"
DONX_N40_3min_trail2.5h10_rth,exit_eng,3min,rth,4783,30.5,-166.3,-26081.0,14.9,26378.0,0,4,"{""2023"": -2847.0, ""2024"": -9048.0, ""2025"": -9088.0, ""2026"": -5098.0}"
DONX_N40_3min_trail2.5h20_all,exit_eng,3min,all,10719,68.3,-483.1,-75785.0,27.7,75872.0,0,4,"{""2023"": -11366.0, ""2024"": -25127.0, ""2025"": -26497.0, ""2026"": -12795.0}"
DONX_N40_3min_trail2.5h20_rth,exit_eng,3min,rth,3956,25.2,-206.6,-32411.0,23.9,32882.0,0,4,"{""2023"": -4373.0, ""2024"": -12014.0, ""2025"": -9559.0, ""2026"": -6465.0}"
DONX_N40_3min_trail4.0h0_all,exit_eng,3min,all,6466,41.2,-228.5,-35838.0,34.5,36268.0,0,4,"{""2023"": -8133.0, ""2024"": -8875.0, ""2025"": -11355.0, ""2026"": -7475.0}"
DONX_N40_3min_trail4.0h0_rth,exit_eng,3min,rth,2303,14.7,-91.6,-14361.0,36.6,14533.0,0,4,"{""2023"": -4467.0, ""2024"": -1299.0, ""2025"": -4623.0, ""2026"": -3972.0}"
DONX_N40_3min_trail4.0h10_all,exit_eng,3min,all,10435,66.5,-263.2,-41285.0,15.4,41558.0,0,4,"{""2023"": -7391.0, ""2024"": -11125.0, ""2025"": -17092.0, ""2026"": -5677.0}"
DONX_N40_3min_trail4.0h10_rth,exit_eng,3min,rth,4353,27.8,-81.5,-12782.0,10.9,14412.0,0,4,"{""2023"": -2753.0, ""2024"": -3219.0, ""2025"": -6429.0, ""2026"": -382.0}"
DONX_N40_3min_trail4.0h20_all,exit_eng,3min,all,8223,52.4,-250.3,-39266.0,23.6,39720.0,0,4,"{""2023"": -8230.0, ""2024"": -10713.0, ""2025"": -16226.0, ""2026"": -4097.0}"
DONX_N40_3min_trail4.0h20_rth,exit_eng,3min,rth,3386,21.6,-74.7,-11711.0,18.9,15328.0,1,4,"{""2023"": -3821.0, ""2024"": -1871.0, ""2025"": -6174.0, ""2026"": 155.0}"
DONX_N40_3min_time10h0_all,exit_eng,3min,all,10977,70.0,-249.2,-39088.0,46.7,39561.0,0,4,"{""2023"": -6720.0, ""2024"": -11467.0, ""2025"": -14529.0, ""2026"": -6373.0}"
DONX_N40_3min_time10h0_rth,exit_eng,3min,rth,3732,23.8,-97.6,-15308.0,48.3,15695.0,0,4,"{""2023"": -2943.0, ""2024"": -5665.0, ""2025"": -2867.0, ""2026"": -3833.0}"
DONX_N40_3min_time10h10_all,exit_eng,3min,all,13609,86.8,-273.5,-42906.0,25.4,43296.0,0,4,"{""2023"": -6186.0, ""2024"": -11988.0, ""2025"": -16722.0, ""2026"": -8010.0}"
DONX_N40_3min_time10h10_rth,exit_eng,3min,rth,5204,33.2,-114.7,-17984.0,17.5,18183.0,0,4,"{""2023"": -2658.0, ""2024"": -4623.0, ""2025"": -6998.0, ""2026"": -3706.0}"
DONX_N40_3min_time10h20_all,exit_eng,3min,all,12092,77.1,-213.1,-33421.0,36.9,34046.0,0,4,"{""2023"": -6258.0, ""2024"": -8971.0, ""2025"": -13250.0, ""2026"": -4943.0}"
DONX_N40_3min_time10h20_rth,exit_eng,3min,rth,4464,28.5,-94.6,-14836.0,30.4,15442.0,0,4,"{""2023"": -2398.0, ""2024"": -3627.0, ""2025"": -5767.0, ""2026"": -3044.0}"
DONX_N40_3min_time30h0_all,exit_eng,3min,all,6847,43.7,-67.6,-10604.0,48.3,19540.0,1,4,"{""2023"": -1534.0, ""2024"": -519.0, ""2025"": -12657.0, ""2026"": 4106.0}"
DONX_N40_3min_time30h0_rth,exit_eng,3min,rth,2389,15.2,-51.4,-8067.0,48.5,9246.0,0,4,"{""2023"": -488.0, ""2024"": -1000.0, ""2025"": -2995.0, ""2026"": -3583.0}"
DONX_N40_3min_time30h10_all,exit_eng,3min,all,11527,73.5,-189.1,-29659.0,17.2,29979.0,0,4,"{""2023"": -4595.0, ""2024"": -8861.0, ""2025"": -13369.0, ""2026"": -2834.0}"
DONX_N40_3min_time30h10_rth,exit_eng,3min,rth,4656,29.7,-82.4,-12922.0,10.9,14012.0,0,4,"{""2023"": -1866.0, ""2024"": -4354.0, ""2025"": -5950.0, ""2026"": -752.0}"
DONX_N40_3min_time30h20_all,exit_eng,3min,all,9348,59.6,-124.7,-19562.0,29.3,22733.0,0,4,"{""2023"": -2950.0, ""2024"": -6840.0, ""2025"": -9535.0, ""2026"": -237.0}"
DONX_N40_3min_time30h20_rth,exit_eng,3min,rth,3718,23.7,-51.1,-8016.0,21.1,11596.0,1,4,"{""2023"": -1375.0, ""2024"": -2209.0, ""2025"": -4837.0, ""2026"": 406.0}"
DONX_N40_3min_time60h0_all,exit_eng,3min,all,4355,27.8,-97.8,-15340.0,48.2,19558.0,1,4,"{""2023"": -3494.0, ""2024"": -9596.0, ""2025"": 99.0, ""2026"": -2349.0}"
DONX_N40_3min_time60h0_rth,exit_eng,3min,rth,1619,10.3,-97.6,-15302.0,48.7,19647.0,1,4,"{""2023"": -5063.0, ""2024"": 3681.0, ""2025"": -3517.0, ""2026"": -10404.0}"
DONX_N40_3min_time60h10_all,exit_eng,3min,all,10104,64.4,-141.0,-22124.0,13.0,22988.0,0,4,"{""2023"": -4971.0, ""2024"": -6306.0, ""2025"": -10156.0, ""2026"": -691.0}"
DONX_N40_3min_time60h10_rth,exit_eng,3min,rth,4336,27.6,-71.9,-11275.0,8.9,13431.0,0,4,"{""2023"": -2501.0, ""2024"": -3271.0, ""2025"": -4960.0, ""2026"": -543.0}"
DONX_N40_3min_time60h20_all,exit_eng,3min,all,7669,48.9,-97.0,-15212.0,22.9,21687.0,1,4,"{""2023"": -5519.0, ""2024"": -3077.0, ""2025"": -9104.0, ""2026"": 2488.0}"
DONX_N40_3min_time60h20_rth,exit_eng,3min,rth,3339,21.3,-33.2,-5207.0,17.1,10006.0,1,4,"{""2023"": -2076.0, ""2024"": -49.0, ""2025"": -3159.0, ""2026"": 78.0}"
THRX_k1.5_3min_trail1.5h0_all,exit_eng,3min,all,26864,171.3,-1671.9,-262249.0,26.7,262383.0,0,4,"{""2023"": -37368.0, ""2024"": -75656.0, ""2025"": -95144.0, ""2026"": -54081.0}"
THRX_k1.5_3min_trail1.5h0_rth,exit_eng,3min,rth,8285,52.8,-752.7,-118062.0,29.4,118112.0,0,4,"{""2023"": -17090.0, ""2024"": -33732.0, ""2025"": -41878.0, ""2026"": -25363.0}"
THRX_k1.5_3min_trail1.5h10_all,exit_eng,3min,all,28186,179.7,-1507.0,-236383.0,21.5,236558.0,0,4,"{""2023"": -36824.0, ""2024"": -71765.0, ""2025"": -84668.0, ""2026"": -43126.0}"
THRX_k1.5_3min_trail1.5h10_rth,exit_eng,3min,rth,9011,57.4,-566.4,-88838.0,19.4,88879.0,0,4,"{""2023"": -14402.0, ""2024"": -25880.0, ""2025"": -32076.0, ""2026"": -16481.0}"
THRX_k1.5_3min_trail1.5h20_all,exit_eng,3min,all,27220,173.5,-1738.5,-272690.0,25.3,273011.0,0,4,"{""2023"": -40801.0, ""2024"": -81947.0, ""2025"": -98324.0, ""2026"": -51617.0}"
THRX_k1.5_3min_trail1.5h20_rth,exit_eng,3min,rth,8546,54.5,-750.5,-117716.0,26.1,117896.0,0,4,"{""2023"": -19177.0, ""2024"": -36591.0, ""2025"": -40900.0, ""2026"": -21047.0}"
THRX_k1.5_3min_trail2.5h0_all,exit_eng,3min,all,16393,104.5,-847.2,-132886.0,31.9,132971.0,0,4,"{""2023"": -20182.0, ""2024"": -37243.0, ""2025"": -45436.0, ""2026"": -30025.0}"
THRX_k1.5_3min_trail2.5h0_rth,exit_eng,3min,rth,5200,33.2,-362.5,-56865.0,33.2,57384.0,0,4,"{""2023"": -8314.0, ""2024"": -17532.0, ""2025"": -16147.0, ""2026"": -14872.0}"
THRX_k1.5_3min_trail2.5h10_all,exit_eng,3min,all,20950,133.6,-789.5,-123841.0,20.5,124165.0,0,4,"{""2023"": -19398.0, ""2024"": -35389.0, ""2025"": -43959.0, ""2026"": -25095.0}"
THRX_k1.5_3min_trail2.5h10_rth,exit_eng,3min,rth,7555,48.2,-286.8,-44990.0,15.3,46119.0,0,4,"{""2023"": -7328.0, ""2024"": -11726.0, ""2025"": -16980.0, ""2026"": -8955.0}"
THRX_k1.5_3min_trail2.5h20_all,exit_eng,3min,all,18070,115.2,-902.6,-141575.0,27.0,141881.0,0,4,"{""2023"": -21270.0, ""2024"": -43647.0, ""2025"": -46916.0, ""2026"": -29742.0}"
THRX_k1.5_3min_trail2.5h20_rth,exit_eng,3min,rth,6304,40.2,-332.5,-52154.0,24.0,53495.0,0,4,"{""2023"": -8241.0, ""2024"": -18120.0, ""2025"": -14532.0, ""2026"": -11260.0}"
THRX_k1.5_3min_trail4.0h0_all,exit_eng,3min,all,8474,54.0,-235.3,-36910.0,34.7,41797.0,0,4,"{""2023"": -8633.0, ""2024"": -7078.0, ""2025"": -17418.0, ""2026"": -3781.0}"
THRX_k1.5_3min_trail4.0h0_rth,exit_eng,3min,rth,2889,18.4,-23.1,-3621.0,38.2,10650.0,1,4,"{""2023"": -626.0, ""2024"": 3383.0, ""2025"": -6203.0, ""2026"": -174.0}"
THRX_k1.5_3min_trail4.0h10_all,exit_eng,3min,all,15524,99.0,-402.2,-63089.0,15.5,63672.0,0,4,"{""2023"": -10974.0, ""2024"": -14852.0, ""2025"": -20638.0, ""2026"": -16625.0}"
THRX_k1.5_3min_trail4.0h10_rth,exit_eng,3min,rth,6411,40.9,-104.7,-16421.0,11.0,17724.0,0,4,"{""2023"": -2978.0, ""2024"": -4506.0, ""2025"": -3703.0, ""2026"": -5235.0}"
THRX_k1.5_3min_trail4.0h20_all,exit_eng,3min,all,11584,73.9,-390.1,-61193.0,23.7,61817.0,0,4,"{""2023"": -8811.0, ""2024"": -17012.0, ""2025"": -16119.0, ""2026"": -19251.0}"
THRX_k1.5_3min_trail4.0h20_rth,exit_eng,3min,rth,4794,30.6,-81.2,-12731.0,19.7,13584.0,0,4,"{""2023"": -1497.0, ""2024"": -4366.0, ""2025"": -532.0, ""2026"": -6335.0}"
THRX_k1.5_3min_time10h0_all,exit_eng,3min,all,15561,99.2,-182.7,-28664.0,46.6,30333.0,0,4,"{""2023"": -8097.0, ""2024"": -7057.0, ""2025"": -12715.0, ""2026"": -795.0}"
THRX_k1.5_3min_time10h0_rth,exit_eng,3min,rth,4562,29.1,6.5,1018.0,49.1,8052.0,2,4,"{""2023"": -4204.0, ""2024"": 6789.0, ""2025"": -3535.0, ""2026"": 1968.0}"
THRX_k1.5_3min_time10h10_all,exit_eng,3min,all,21715,138.4,-377.2,-59171.0,26.0,59466.0,0,4,"{""2023"": -11357.0, ""2024"": -12595.0, ""2025"": -19555.0, ""2026"": -15663.0}"
THRX_k1.5_3min_time10h10_rth,exit_eng,3min,rth,7498,47.8,-118.0,-18504.0,17.2,18810.0,0,4,"{""2023"": -4434.0, ""2024"": -2776.0, ""2025"": -5402.0, ""2026"": -5893.0}"
THRX_k1.5_3min_time10h20_all,exit_eng,3min,all,18665,119.0,-334.7,-52500.0,36.7,52996.0,0,4,"{""2023"": -10023.0, ""2024"": -16622.0, ""2025"": -14132.0, ""2026"": -11724.0}"
THRX_k1.5_3min_time10h20_rth,exit_eng,3min,rth,6286,40.1,-67.9,-10657.0,30.2,11183.0,0,4,"{""2023"": -3417.0, ""2024"": -3174.0, ""2025"": -1264.0, ""2026"": -2802.0}"
THRX_k1.5_3min_time30h0_all,exit_eng,3min,all,8391,53.5,-183.3,-28751.0,47.8,30218.0,1,4,"{""2023"": -5926.0, ""2024"": 552.0, ""2025"": -13903.0, ""2026"": -9473.0}"
THRX_k1.5_3min_time30h0_rth,exit_eng,3min,rth,2744,17.5,19.0,2974.0,48.8,12293.0,3,4,"{""2023"": 132.0, ""2024"": 6304.0, ""2025"": -6098.0, ""2026"": 2636.0}"
THRX_k1.5_3min_time30h10_all,exit_eng,3min,all,17102,109.0,-228.1,-35773.0,17.8,36274.0,0,4,"{""2023"": -5668.0, ""2024"": -9224.0, ""2025"": -11670.0, ""2026"": -9210.0}"
THRX_k1.5_3min_time30h10_rth,exit_eng,3min,rth,6703,42.7,-73.7,-11562.0,11.1,12354.0,0,4,"{""2023"": -1826.0, ""2024"": -3615.0, ""2025"": -3142.0, ""2026"": -2979.0}"
THRX_k1.5_3min_time30h20_all,exit_eng,3min,all,13054,83.2,-243.4,-38186.0,28.8,38650.0,0,4,"{""2023"": -8275.0, ""2024"": -16904.0, ""2025"": -3283.0, ""2026"": -9724.0}"
THRX_k1.5_3min_time30h20_rth,exit_eng,3min,rth,5175,33.0,-46.7,-7332.0,21.1,8438.0,1,4,"{""2023"": -1187.0, ""2024"": -5441.0, ""2025"": 3007.0, ""2026"": -3710.0}"
THRX_k1.5_3min_time60h0_all,exit_eng,3min,all,4907,31.3,-38.0,-5967.0,48.8,15339.0,2,4,"{""2023"": -1299.0, ""2024"": -7059.0, ""2025"": 1991.0, ""2026"": 400.0}"
THRX_k1.5_3min_time60h0_rth,exit_eng,3min,rth,1805,11.5,133.4,20931.0,51.1,6279.0,3,4,"{""2023"": 2422.0, ""2024"": 8946.0, ""2025"": 9905.0, ""2026"": -342.0}"
THRX_k1.5_3min_time60h10_all,exit_eng,3min,all,14149,90.2,-190.8,-29925.0,12.7,31967.0,0,4,"{""2023"": -3554.0, ""2024"": -6119.0, ""2025"": -13897.0, ""2026"": -6356.0}"
THRX_k1.5_3min_time60h10_rth,exit_eng,3min,rth,6216,39.6,-35.4,-5551.0,8.7,8028.0,0,4,"{""2023"": -1209.0, ""2024"": -2535.0, ""2025"": -894.0, ""2026"": -913.0}"
THRX_k1.5_3min_time60h20_all,exit_eng,3min,all,10031,63.9,-190.2,-29834.0,22.0,30809.0,0,4,"{""2023"": -1412.0, ""2024"": -9502.0, ""2025"": -9921.0, ""2026"": -8999.0}"
THRX_k1.5_3min_time60h20_rth,exit_eng,3min,rth,4566,29.1,-2.9,-455.0,16.8,7406.0,2,4,"{""2023"": 68.0, ""2024"": -1252.0, ""2025"": 3729.0, ""2026"": -3000.0}"
THRX_k2.5_3min_trail1.5h0_all,exit_eng,3min,all,4835,30.8,-324.4,-50882.0,27.1,51194.0,0,4,"{""2023"": -6966.0, ""2024"": -14723.0, ""2025"": -17784.0, ""2026"": -11409.0}"
THRX_k2.5_3min_trail1.5h0_rth,exit_eng,3min,rth,1761,11.2,-161.4,-25321.0,29.8,25562.0,0,4,"{""2023"": -3048.0, ""2024"": -7611.0, ""2025"": -8277.0, ""2026"": -6385.0}"
THRX_k2.5_3min_trail1.5h10_all,exit_eng,3min,all,4864,31.0,-273.1,-42831.0,21.5,42822.0,0,4,"{""2023"": -6951.0, ""2024"": -14097.0, ""2025"": -13706.0, ""2026"": -8075.0}"
THRX_k2.5_3min_trail1.5h10_rth,exit_eng,3min,rth,1779,11.3,-114.9,-18021.0,20.4,18019.0,0,4,"{""2023"": -2576.0, ""2024"": -6061.0, ""2025"": -5693.0, ""2026"": -3691.0}"
THRX_k2.5_3min_trail1.5h20_all,exit_eng,3min,all,4841,30.9,-347.1,-54451.0,25.2,54701.0,0,4,"{""2023"": -8130.0, ""2024"": -16386.0, ""2025"": -18947.0, ""2026"": -10987.0}"
THRX_k2.5_3min_trail1.5h20_rth,exit_eng,3min,rth,1765,11.3,-167.6,-26296.0,26.5,26490.0,0,4,"{""2023"": -3774.0, ""2024"": -7785.0, ""2025"": -9405.0, ""2026"": -5332.0}"
THRX_k2.5_3min_trail2.5h0_all,exit_eng,3min,all,4328,27.6,-311.2,-48811.0,29.0,48948.0,0,4,"{""2023"": -6799.0, ""2024"": -14252.0, ""2025"": -16388.0, ""2026"": -11372.0}"
THRX_k2.5_3min_trail2.5h0_rth,exit_eng,3min,rth,1573,10.0,-150.5,-23606.0,28.9,23671.0,0,4,"{""2023"": -2698.0, ""2024"": -8333.0, ""2025"": -6883.0, ""2026"": -5691.0}"
THRX_k2.5_3min_trail2.5h10_all,exit_eng,3min,all,4587,29.2,-206.5,-32390.0,19.4,32368.0,0,4,"{""2023"": -4479.0, ""2024"": -12534.0, ""2025"": -9524.0, ""2026"": -5854.0}"
THRX_k2.5_3min_trail2.5h10_rth,exit_eng,3min,rth,1703,10.9,-68.6,-10766.0,15.4,10756.0,0,4,"{""2023"": -1515.0, ""2024"": -4521.0, ""2025"": -2552.0, ""2026"": -2179.0}"
THRX_k2.5_3min_trail2.5h20_all,exit_eng,3min,all,4431,28.2,-277.1,-43469.0,24.9,43751.0,0,4,"{""2023"": -5812.0, ""2024"": -15379.0, ""2025"": -14033.0, ""2026"": -8245.0}"
THRX_k2.5_3min_trail2.5h20_rth,exit_eng,3min,rth,1629,10.4,-115.2,-18068.0,21.8,18264.0,0,4,"{""2023"": -1932.0, ""2024"": -6785.0, ""2025"": -5692.0, ""2026"": -3660.0}"
THRX_k2.5_3min_trail4.0h0_all,exit_eng,3min,all,3389,21.6,-93.0,-14587.0,33.8,16760.0,0,4,"{""2023"": -2198.0, ""2024"": -2145.0, ""2025"": -7862.0, ""2026"": -2382.0}"
THRX_k2.5_3min_trail4.0h0_rth,exit_eng,3min,rth,1225,7.8,-18.6,-2925.0,35.8,6898.0,1,4,"{""2023"": -1737.0, ""2024"": 3067.0, ""2025"": -1780.0, ""2026"": -2475.0}"
THRX_k2.5_3min_trail4.0h10_all,exit_eng,3min,all,4180,26.6,-68.0,-10670.0,15.5,10846.0,0,4,"{""2023"": -718.0, ""2024"": -4846.0, ""2025"": -3345.0, ""2026"": -1761.0}"
THRX_k2.5_3min_trail4.0h10_rth,exit_eng,3min,rth,1597,10.2,19.4,3044.0,11.1,2506.0,4,4,"{""2023"": 14.0, ""2024"": 932.0, ""2025"": 186.0, ""2026"": 1911.0}"
THRX_k2.5_3min_trail4.0h20_all,exit_eng,3min,all,3805,24.3,-63.7,-9988.0,23.3,11080.0,0,4,"{""2023"": -390.0, ""2024"": -2285.0, ""2025"": -5318.0, ""2026"": -1995.0}"
THRX_k2.5_3min_trail4.0h20_rth,exit_eng,3min,rth,1454,9.3,27.7,4343.0,19.3,4278.0,3,4,"{""2023"": 441.0, ""2024"": 3727.0, ""2025"": -1242.0, ""2026"": 1417.0}"
THRX_k2.5_3min_time10h0_all,exit_eng,3min,all,3906,24.9,-12.8,-2005.0,46.6,6763.0,2,4,"{""2023"": -1895.0, ""2024"": 35.0, ""2025"": -2304.0, ""2026"": 2160.0}"
THRX_k2.5_3min_time10h0_rth,exit_eng,3min,rth,1273,8.1,36.5,5721.0,50.0,3581.0,3,4,"{""2023"": -173.0, ""2024"": 4113.0, ""2025"": 142.0, ""2026"": 1639.0}"
THRX_k2.5_3min_time10h10_all,exit_eng,3min,all,4462,28.4,-46.6,-7315.0,23.3,7820.0,0,4,"{""2023"": -1343.0, ""2024"": -4794.0, ""2025"": -110.0, ""2026"": -1067.0}"
THRX_k2.5_3min_time10h10_rth,exit_eng,3min,rth,1628,10.4,16.9,2644.0,14.9,2118.0,3,4,"{""2023"": 141.0, ""2024"": -434.0, ""2025"": 2260.0, ""2026"": 677.0}"
THRX_k2.5_3min_time10h20_all,exit_eng,3min,all,4246,27.1,-43.8,-6878.0,33.9,7597.0,0,4,"{""2023"": -1642.0, ""2024"": -3308.0, ""2025"": -226.0, ""2026"": -1702.0}"
THRX_k2.5_3min_time10h20_rth,exit_eng,3min,rth,1507,9.6,20.2,3175.0,26.2,2251.0,4,4,"{""2023"": 346.0, ""2024"": 1134.0, ""2025"": 1675.0, ""2026"": 20.0}"
THRX_k2.5_3min_time30h0_all,exit_eng,3min,all,3211,20.5,38.9,6100.0,48.6,11006.0,3,4,"{""2023"": 2364.0, ""2024"": 2663.0, ""2025"": -4854.0, ""2026"": 5927.0}"
THRX_k2.5_3min_time30h0_rth,exit_eng,3min,rth,1115,7.1,70.5,11058.0,51.6,4644.0,3,4,"{""2023"": 2285.0, ""2024"": 6955.0, ""2025"": -402.0, ""2026"": 2220.0}"
THRX_k2.5_3min_time30h10_all,exit_eng,3min,all,4254,27.1,-14.3,-2245.0,17.2,6730.0,1,4,"{""2023"": -16.0, ""2024"": -3801.0, ""2025"": 1662.0, ""2026"": -91.0}"
THRX_k2.5_3min_time30h10_rth,exit_eng,3min,rth,1601,10.2,31.2,4891.0,10.3,2670.0,4,4,"{""2023"": 126.0, ""2024"": 392.0, ""2025"": 3204.0, ""2026"": 1169.0}"
THRX_k2.5_3min_time30h20_all,exit_eng,3min,all,3881,24.7,5.1,800.0,28.0,4311.0,3,4,"{""2023"": 719.0, ""2024"": -758.0, ""2025"": 313.0, ""2026"": 526.0}"
THRX_k2.5_3min_time30h20_rth,exit_eng,3min,rth,1448,9.2,53.6,8405.0,19.3,3011.0,4,4,"{""2023"": 1346.0, ""2024"": 3163.0, ""2025"": 1996.0, ""2026"": 1900.0}"
THRX_k2.5_3min_time60h0_all,exit_eng,3min,all,2578,16.4,99.9,15673.0,49.1,10905.0,4,4,"{""2023"": 1297.0, ""2024"": 1594.0, ""2025"": 1669.0, ""2026"": 11113.0}"
THRX_k2.5_3min_time60h0_rth,exit_eng,3min,rth,1027,6.5,89.0,13954.0,51.9,5916.0,4,4,"{""2023"": 1711.0, ""2024"": 4830.0, ""2025"": 1829.0, ""2026"": 5582.0}"
THRX_k2.5_3min_time60h10_all,exit_eng,3min,all,4039,25.7,-19.7,-3084.0,13.1,7870.0,1,4,"{""2023"": -375.0, ""2024"": -4041.0, ""2025"": 1964.0, ""2026"": -632.0}"
THRX_k2.5_3min_time60h10_rth,exit_eng,3min,rth,1584,10.1,49.6,7773.0,9.8,2231.0,4,4,"{""2023"": 415.0, ""2024"": 1578.0, ""2025"": 4339.0, ""2026"": 1442.0}"
THRX_k2.5_3min_time60h20_all,exit_eng,3min,all,3563,22.7,16.3,2560.0,22.8,5542.0,3,4,"{""2023"": -358.0, ""2024"": 616.0, ""2025"": 714.0, ""2026"": 1588.0}"
THRX_k2.5_3min_time60h20_rth,exit_eng,3min,rth,1427,9.1,69.7,10936.0,17.7,3266.0,4,4,"{""2023"": 1420.0, ""2024"": 4278.0, ""2025"": 2687.0, ""2026"": 2550.0}"
RSI2_3min_trail1.5h0_all,exit_eng,3min,all,22594,144.0,-1102.1,-172869.0,28.8,172994.0,0,4,"{""2023"": -25028.0, ""2024"": -48540.0, ""2025"": -64552.0, ""2026"": -34750.0}"
RSI2_3min_trail1.5h0_rth,exit_eng,3min,rth,6794,43.3,-428.7,-67244.0,30.8,67491.0,0,4,"{""2023"": -10468.0, ""2024"": -18957.0, ""2025"": -26704.0, ""2026"": -11114.0}"
RSI2_3min_trail1.5h10_all,exit_eng,3min,all,24730,157.7,-1112.7,-174527.0,23.5,174547.0,0,4,"{""2023"": -26316.0, ""2024"": -50333.0, ""2025"": -63546.0, ""2026"": -34333.0}"
RSI2_3min_trail1.5h10_rth,exit_eng,3min,rth,8081,51.5,-401.6,-62995.0,20.6,63620.0,0,4,"{""2023"": -10035.0, ""2024"": -17475.0, ""2025"": -23506.0, ""2026"": -11978.0}"
RSI2_3min_trail1.5h20_all,exit_eng,3min,all,23115,147.4,-1227.9,-192605.0,27.3,192706.0,0,4,"{""2023"": -27576.0, ""2024"": -51636.0, ""2025"": -71889.0, ""2026"": -41504.0}"
RSI2_3min_trail1.5h20_rth,exit_eng,3min,rth,7177,45.8,-471.3,-73933.0,27.4,74507.0,0,4,"{""2023"": -11751.0, ""2024"": -18697.0, ""2025"": -29712.0, ""2026"": -13773.0}"
RSI2_3min_trail2.5h0_all,exit_eng,3min,all,12875,82.1,-363.8,-57066.0,34.8,57887.0,0,4,"{""2023"": -10380.0, ""2024"": -14768.0, ""2025"": -20977.0, ""2026"": -10942.0}"
RSI2_3min_trail2.5h0_rth,exit_eng,3min,rth,3999,25.5,-137.1,-21511.0,35.9,22663.0,0,4,"{""2023"": -3588.0, ""2024"": -4568.0, ""2025"": -10139.0, ""2026"": -3216.0}"
RSI2_3min_trail2.5h10_all,exit_eng,3min,all,17357,110.7,-490.7,-76969.0,22.2,78388.0,0,4,"{""2023"": -11356.0, ""2024"": -21207.0, ""2025"": -29603.0, ""2026"": -14803.0}"
RSI2_3min_trail2.5h10_rth,exit_eng,3min,rth,6385,40.7,-194.5,-30501.0,16.4,32295.0,0,4,"{""2023"": -3688.0, ""2024"": -7062.0, ""2025"": -13411.0, ""2026"": -6341.0}"
RSI2_3min_trail2.5h20_all,exit_eng,3min,all,14419,91.9,-472.7,-74151.0,29.6,74990.0,0,4,"{""2023"": -12011.0, ""2024"": -16300.0, ""2025"": -29396.0, ""2026"": -16445.0}"
RSI2_3min_trail2.5h20_rth,exit_eng,3min,rth,5018,32.0,-182.7,-28661.0,25.6,29510.0,0,4,"{""2023"": -3908.0, ""2024"": -3279.0, ""2025"": -14542.0, ""2026"": -6932.0}"
RSI2_3min_trail4.0h0_all,exit_eng,3min,all,6849,43.7,-36.3,-5695.0,36.4,11403.0,2,4,"{""2023"": -5824.0, ""2024"": 2046.0, ""2025"": -2224.0, ""2026"": 307.0}"
RSI2_3min_trail4.0h0_rth,exit_eng,3min,rth,2333,14.9,44.0,6899.0,39.8,5277.0,3,4,"{""2023"": -1338.0, ""2024"": 3849.0, ""2025"": 1481.0, ""2026"": 2906.0}"
RSI2_3min_trail4.0h10_all,exit_eng,3min,all,12504,79.7,-281.2,-44112.0,16.7,45746.0,0,4,"{""2023"": -7683.0, ""2024"": -5180.0, ""2025"": -21548.0, ""2026"": -9701.0}"
RSI2_3min_trail4.0h10_rth,exit_eng,3min,rth,5248,33.5,-117.5,-18427.0,12.2,20120.0,1,4,"{""2023"": -2783.0, ""2024"": 6.0, ""2025"": -10071.0, ""2026"": -5580.0}"
RSI2_3min_trail4.0h20_all,exit_eng,3min,all,9212,58.7,-178.6,-28012.0,25.8,29448.0,1,4,"{""2023"": -7504.0, ""2024"": 1877.0, ""2025"": -15157.0, ""2026"": -7228.0}"
RSI2_3min_trail4.0h20_rth,exit_eng,3min,rth,3801,24.2,-49.8,-7816.0,21.6,12173.0,1,4,"{""2023"": -2741.0, ""2024"": 5311.0, ""2025"": -8226.0, ""2026"": -2160.0}"
RSI2_3min_time10h0_all,exit_eng,3min,all,15154,96.6,-103.9,-16295.0,48.9,19631.0,0,4,"{""2023"": -5403.0, ""2024"": -4235.0, ""2025"": -5246.0, ""2026"": -1411.0}"
RSI2_3min_time10h0_rth,exit_eng,3min,rth,4882,31.1,-9.5,-1494.0,50.7,8265.0,2,4,"{""2023"": -1086.0, ""2024"": 278.0, ""2025"": -2828.0, ""2026"": 2143.0}"
RSI2_3min_time10h10_all,exit_eng,3min,all,20607,131.4,-331.5,-52004.0,29.0,53192.0,0,4,"{""2023"": -8735.0, ""2024"": -13679.0, ""2025"": -18131.0, ""2026"": -11460.0}"
RSI2_3min_time10h10_rth,exit_eng,3min,rth,7464,47.6,-142.4,-22330.0,20.9,23667.0,0,4,"{""2023"": -3403.0, ""2024"": -5860.0, ""2025"": -8226.0, ""2026"": -4841.0}"
RSI2_3min_time10h20_all,exit_eng,3min,all,17458,111.3,-222.8,-34944.0,40.2,35429.0,0,4,"{""2023"": -7621.0, ""2024"": -4902.0, ""2025"": -15167.0, ""2026"": -7253.0}"
RSI2_3min_time10h20_rth,exit_eng,3min,rth,6195,39.5,-109.1,-17106.0,34.1,17724.0,0,4,"{""2023"": -3457.0, ""2024"": -156.0, ""2025"": -10652.0, ""2026"": -2841.0}"
RSI2_3min_time30h0_all,exit_eng,3min,all,7692,49.0,30.7,4817.0,50.2,10697.0,2,4,"{""2023"": -479.0, ""2024"": 5420.0, ""2025"": -3729.0, ""2026"": 3605.0}"
RSI2_3min_time30h0_rth,exit_eng,3min,rth,2636,16.8,32.8,5148.0,51.7,11400.0,3,4,"{""2023"": 961.0, ""2024"": 2146.0, ""2025"": -4480.0, ""2026"": 6521.0}"
RSI2_3min_time30h10_all,exit_eng,3min,all,14657,93.4,-217.4,-34104.0,19.2,35926.0,0,4,"{""2023"": -7217.0, ""2024"": -7013.0, ""2025"": -14861.0, ""2026"": -5013.0}"
RSI2_3min_time30h10_rth,exit_eng,3min,rth,5929,37.8,-86.7,-13592.0,13.3,15608.0,0,4,"{""2023"": -3081.0, ""2024"": -1532.0, ""2025"": -7428.0, ""2026"": -1551.0}"
RSI2_3min_time30h20_all,exit_eng,3min,all,11072,70.6,-73.1,-11467.0,31.6,13660.0,1,4,"{""2023"": -4996.0, ""2024"": 4548.0, ""2025"": -8280.0, ""2026"": -2739.0}"
RSI2_3min_time30h20_rth,exit_eng,3min,rth,4480,28.6,-30.9,-4844.0,24.2,11083.0,2,4,"{""2023"": -1854.0, ""2024"": 5391.0, ""2025"": -8447.0, ""2026"": 66.0}"
RSI2_3min_time60h0_all,exit_eng,3min,all,4545,29.0,76.6,12021.0,50.6,6122.0,3,4,"{""2023"": -3163.0, ""2024"": 4503.0, ""2025"": 2956.0, ""2026"": 7726.0}"
RSI2_3min_time60h0_rth,exit_eng,3min,rth,1739,11.1,67.2,10539.0,51.4,8188.0,3,4,"{""2023"": -1213.0, ""2024"": 1503.0, ""2025"": 2000.0, ""2026"": 8248.0}"
RSI2_3min_time60h10_all,exit_eng,3min,all,11684,74.5,-120.4,-18879.0,13.9,20652.0,0,4,"{""2023"": -4424.0, ""2024"": -1295.0, ""2025"": -9441.0, ""2026"": -3719.0}"
RSI2_3min_time60h10_rth,exit_eng,3min,rth,5132,32.7,-43.6,-6839.0,9.8,9155.0,1,4,"{""2023"": -3361.0, ""2024"": 1280.0, ""2025"": -2413.0, ""2026"": -2345.0}"
RSI2_3min_time60h20_all,exit_eng,3min,all,8284,52.8,-51.7,-8116.0,24.5,14703.0,1,4,"{""2023"": -1984.0, ""2024"": 6307.0, ""2025"": -10415.0, ""2026"": -2023.0}"
RSI2_3min_time60h20_rth,exit_eng,3min,rth,3678,23.4,8.8,1388.0,18.7,6730.0,2,4,"{""2023"": -2325.0, ""2024"": 5427.0, ""2025"": -4684.0, ""2026"": 2971.0}"
IMPX_w2i6_3min_trail1.5h0_all,exit_eng,3min,all,47705,304.1,-3065.0,-480761.0,28.4,480772.0,0,4,"{""2023"": -56795.0, ""2024"": -139210.0, ""2025"": -180997.0, ""2026"": -103758.0}"
IMPX_w2i6_3min_trail1.5h0_rth,exit_eng,3min,rth,17699,112.8,-1527.1,-239534.0,29.6,240171.0,0,4,"{""2023"": -32698.0, ""2024"": -74574.0, ""2025"": -89261.0, ""2026"": -43002.0}"
IMPX_w2i6_3min_trail1.5h10_all,exit_eng,3min,all,59454,379.0,-3043.8,-477443.0,21.6,477769.0,0,4,"{""2023"": -62830.0, ""2024"": -142470.0, ""2025"": -171769.0, ""2026"": -100374.0}"
IMPX_w2i6_3min_trail1.5h10_rth,exit_eng,3min,rth,25242,160.9,-1386.8,-217532.0,18.8,218277.0,0,4,"{""2023"": -35433.0, ""2024"": -69737.0, ""2025"": -75139.0, ""2026"": -37223.0}"
IMPX_w2i6_3min_trail1.5h20_all,exit_eng,3min,all,50982,325.0,-3322.7,-521188.0,26.4,521200.0,0,4,"{""2023"": -66014.0, ""2024"": -151575.0, ""2025"": -196322.0, ""2026"": -107277.0}"
IMPX_w2i6_3min_trail1.5h20_rth,exit_eng,3min,rth,20152,128.5,-1588.8,-249210.0,25.8,249737.0,0,4,"{""2023"": -39047.0, ""2024"": -79898.0, ""2025"": -89855.0, ""2026"": -40410.0}"
IMPX_w2i6_3min_trail2.5h0_all,exit_eng,3min,all,21280,135.7,-1087.3,-170554.0,33.8,173785.0,0,4,"{""2023"": -19520.0, ""2024"": -44733.0, ""2025"": -71665.0, ""2026"": -34636.0}"
IMPX_w2i6_3min_trail2.5h0_rth,exit_eng,3min,rth,7701,49.1,-547.3,-85852.0,34.0,92214.0,0,4,"{""2023"": -9534.0, ""2024"": -28299.0, ""2025"": -39361.0, ""2026"": -8657.0}"
IMPX_w2i6_3min_trail2.5h10_all,exit_eng,3min,all,37334,238.0,-1280.2,-200813.0,19.2,203871.0,0,4,"{""2023"": -30754.0, ""2024"": -52068.0, ""2025"": -80703.0, ""2026"": -37288.0}"
IMPX_w2i6_3min_trail2.5h10_rth,exit_eng,3min,rth,17203,109.7,-679.1,-106519.0,14.2,112501.0,0,4,"{""2023"": -18125.0, ""2024"": -29812.0, ""2025"": -43648.0, ""2026"": -14934.0}"
IMPX_w2i6_3min_trail2.5h20_all,exit_eng,3min,all,26854,171.2,-1129.1,-177105.0,27.4,181203.0,0,4,"{""2023"": -25803.0, ""2024"": -49183.0, ""2025"": -66184.0, ""2026"": -35935.0}"
IMPX_w2i6_3min_trail2.5h20_rth,exit_eng,3min,rth,11598,73.9,-565.0,-88624.0,23.2,95554.0,0,4,"{""2023"": -14811.0, ""2024"": -30542.0, ""2025"": -33178.0, ""2026"": -10094.0}"
IMPX_w2i6_3min_trail4.0h0_all,exit_eng,3min,all,9519,60.7,-480.8,-75418.0,34.7,76145.0,0,4,"{""2023"": -12305.0, ""2024"": -21805.0, ""2025"": -31038.0, ""2026"": -10270.0}"
IMPX_w2i6_3min_trail4.0h0_rth,exit_eng,3min,rth,3652,23.3,-334.2,-52426.0,35.4,52466.0,0,4,"{""2023"": -10752.0, ""2024"": -14792.0, ""2025"": -17639.0, ""2026"": -9242.0}"
IMPX_w2i6_3min_trail4.0h10_all,exit_eng,3min,all,25232,160.9,-752.9,-118100.0,13.8,118305.0,0,4,"{""2023"": -21072.0, ""2024"": -27672.0, ""2025"": -47194.0, ""2026"": -22162.0}"
IMPX_w2i6_3min_trail4.0h10_rth,exit_eng,3min,rth,12850,81.9,-383.8,-60196.0,10.1,62894.0,0,4,"{""2023"": -14222.0, ""2024"": -11494.0, ""2025"": -24224.0, ""2026"": -10257.0}"
IMPX_w2i6_3min_trail4.0h20_all,exit_eng,3min,all,15758,100.5,-442.1,-69351.0,22.8,75082.0,0,4,"{""2023"": -12101.0, ""2024"": -23277.0, ""2025"": -21034.0, ""2026"": -12938.0}"
IMPX_w2i6_3min_trail4.0h20_rth,exit_eng,3min,rth,7806,49.8,-231.3,-36276.0,18.4,42091.0,0,4,"{""2023"": -7637.0, ""2024"": -13322.0, ""2025"": -12452.0, ""2026"": -2865.0}"
IMPX_w2i6_3min_time10h0_all,exit_eng,3min,all,24373,155.4,-440.8,-69150.0,48.4,71144.0,0,4,"{""2023"": -8952.0, ""2024"": -25830.0, ""2025"": -25435.0, ""2026"": -8933.0}"
IMPX_w2i6_3min_time10h0_rth,exit_eng,3min,rth,9048,57.7,-167.8,-26323.0,48.5,31556.0,1,4,"{""2023"": 241.0, ""2024"": -16155.0, ""2025"": -7712.0, ""2026"": -2696.0}"
IMPX_w2i6_3min_time10h10_all,exit_eng,3min,all,46081,293.8,-942.9,-147907.0,24.0,148444.0,0,4,"{""2023"": -21819.0, ""2024"": -44235.0, ""2025"": -53042.0, ""2026"": -28811.0}"
IMPX_w2i6_3min_time10h10_rth,exit_eng,3min,rth,20904,133.3,-472.1,-74046.0,17.5,76368.0,0,4,"{""2023"": -15650.0, ""2024"": -23572.0, ""2025"": -24082.0, ""2026"": -10743.0}"
IMPX_w2i6_3min_time10h20_all,exit_eng,3min,all,34094,217.4,-703.1,-110285.0,36.0,116237.0,0,4,"{""2023"": -14621.0, ""2024"": -40981.0, ""2025"": -34656.0, ""2026"": -20028.0}"
IMPX_w2i6_3min_time10h20_rth,exit_eng,3min,rth,14978,95.5,-371.8,-58313.0,29.4,63511.0,0,4,"{""2023"": -9495.0, ""2024"": -26096.0, ""2025"": -19949.0, ""2026"": -2773.0}"
IMPX_w2i6_3min_time30h0_all,exit_eng,3min,all,10061,64.1,-114.1,-17892.0,49.3,23016.0,2,4,"{""2023"": 1386.0, ""2024"": -16258.0, ""2025"": 3950.0, ""2026"": -6970.0}"
IMPX_w2i6_3min_time30h0_rth,exit_eng,3min,rth,3773,24.1,-127.0,-19920.0,48.5,20936.0,1,4,"{""2023"": -3651.0, ""2024"": -15394.0, ""2025"": 4405.0, ""2026"": -5280.0}"
IMPX_w2i6_3min_time30h10_all,exit_eng,3min,all,30388,193.7,-659.7,-103475.0,15.4,105808.0,0,4,"{""2023"": -16849.0, ""2024"": -29628.0, ""2025"": -36871.0, ""2026"": -20126.0}"
IMPX_w2i6_3min_time30h10_rth,exit_eng,3min,rth,14813,94.4,-335.8,-52677.0,10.9,56891.0,0,4,"{""2023"": -11805.0, ""2024"": -17315.0, ""2025"": -19914.0, ""2026"": -3643.0}"
IMPX_w2i6_3min_time30h20_all,exit_eng,3min,all,19638,125.2,-262.9,-41231.0,27.1,45116.0,0,4,"{""2023"": -5787.0, ""2024"": -21369.0, ""2025"": -11936.0, ""2026"": -2140.0}"
IMPX_w2i6_3min_time30h20_rth,exit_eng,3min,rth,9456,60.3,-221.9,-34806.0,20.1,41035.0,1,4,"{""2023"": -4597.0, ""2024"": -14814.0, ""2025"": -17470.0, ""2026"": 2075.0}"
IMPX_w2i6_3min_time60h0_all,exit_eng,3min,all,5399,34.4,71.2,11175.0,49.5,13379.0,2,4,"{""2023"": -1118.0, ""2024"": 6578.0, ""2025"": 9998.0, ""2026"": -4283.0}"
IMPX_w2i6_3min_time60h0_rth,exit_eng,3min,rth,2283,14.6,-153.1,-24014.0,47.9,25940.0,0,4,"{""2023"": -1476.0, ""2024"": -12935.0, ""2025"": -8918.0, ""2026"": -684.0}"
IMPX_w2i6_3min_time60h10_all,exit_eng,3min,all,22672,144.5,-337.9,-53002.0,11.4,54726.0,0,4,"{""2023"": -11946.0, ""2024"": -10657.0, ""2025"": -17347.0, ""2026"": -13051.0}"
IMPX_w2i6_3min_time60h10_rth,exit_eng,3min,rth,12028,76.7,-222.4,-34890.0,8.1,39744.0,0,4,"{""2023"": -11311.0, ""2024"": -5540.0, ""2025"": -17065.0, ""2026"": -973.0}"
IMPX_w2i6_3min_time60h20_all,exit_eng,3min,all,13933,88.8,-224.4,-35200.0,20.6,43776.0,1,4,"{""2023"": -9732.0, ""2024"": -8867.0, ""2025"": -16884.0, ""2026"": 283.0}"
IMPX_w2i6_3min_time60h20_rth,exit_eng,3min,rth,7365,47.0,-141.0,-22121.0,15.4,32263.0,1,4,"{""2023"": -6630.0, ""2024"": -7288.0, ""2025"": -13432.0, ""2026"": 5229.0}"
IMPX_w3i9_3min_trail1.5h0_all,exit_eng,3min,all,42342,269.9,-2879.5,-451663.0,28.7,451704.0,0,4,"{""2023"": -48858.0, ""2024"": -128143.0, ""2025"": -175765.0, ""2026"": -98898.0}"
IMPX_w3i9_3min_trail1.5h0_rth,exit_eng,3min,rth,17087,108.9,-1519.4,-238325.0,29.9,238614.0,0,4,"{""2023"": -30748.0, ""2024"": -71401.0, ""2025"": -92700.0, ""2026"": -43476.0}"
IMPX_w3i9_3min_trail1.5h10_all,exit_eng,3min,all,53338,340.0,-2793.9,-438242.0,21.2,438263.0,0,4,"{""2023"": -50565.0, ""2024"": -133445.0, ""2025"": -161289.0, ""2026"": -92942.0}"
IMPX_w3i9_3min_trail1.5h10_rth,exit_eng,3min,rth,24277,154.8,-1350.2,-211791.0,18.7,211986.0,0,4,"{""2023"": -29578.0, ""2024"": -70628.0, ""2025"": -74436.0, ""2026"": -37149.0}"
IMPX_w3i9_3min_trail1.5h20_all,exit_eng,3min,all,45456,289.8,-3068.0,-481239.0,26.5,481280.0,0,4,"{""2023"": -54949.0, ""2024"": -138423.0, ""2025"": -180732.0, ""2026"": -107136.0}"
IMPX_w3i9_3min_trail1.5h20_rth,exit_eng,3min,rth,19472,124.1,-1535.7,-240881.0,26.1,241334.0,0,4,"{""2023"": -34599.0, ""2024"": -75266.0, ""2025"": -84845.0, ""2026"": -46172.0}"
IMPX_w3i9_3min_trail2.5h0_all,exit_eng,3min,all,19872,126.7,-934.3,-146551.0,34.2,151615.0,0,4,"{""2023"": -19541.0, ""2024"": -40524.0, ""2025"": -58939.0, ""2026"": -27548.0}"
IMPX_w3i9_3min_trail2.5h0_rth,exit_eng,3min,rth,7576,48.3,-514.6,-80719.0,34.0,89970.0,0,4,"{""2023"": -11299.0, ""2024"": -21168.0, ""2025"": -37583.0, ""2026"": -10668.0}"
IMPX_w3i9_3min_trail2.5h10_all,exit_eng,3min,all,35323,225.2,-1218.2,-191081.0,18.3,191368.0,0,4,"{""2023"": -25128.0, ""2024"": -61034.0, ""2025"": -73866.0, ""2026"": -31053.0}"
IMPX_w3i9_3min_trail2.5h10_rth,exit_eng,3min,rth,16738,106.7,-597.0,-93642.0,14.1,96755.0,0,4,"{""2023"": -12832.0, ""2024"": -34988.0, ""2025"": -33244.0, ""2026"": -12579.0}"
IMPX_w3i9_3min_trail2.5h20_all,exit_eng,3min,all,25516,162.7,-1152.9,-180848.0,26.9,182355.0,0,4,"{""2023"": -25537.0, ""2024"": -50313.0, ""2025"": -72588.0, ""2026"": -32409.0}"
IMPX_w3i9_3min_trail2.5h20_rth,exit_eng,3min,rth,11564,73.7,-629.2,-98692.0,22.5,101676.0,0,4,"{""2023"": -15518.0, ""2024"": -28001.0, ""2025"": -39658.0, ""2026"": -15515.0}"
IMPX_w3i9_3min_trail4.0h0_all,exit_eng,3min,all,9204,58.7,-590.3,-92586.0,35.3,93153.0,0,4,"{""2023"": -12373.0, ""2024"": -20603.0, ""2025"": -36179.0, ""2026"": -23431.0}"
IMPX_w3i9_3min_trail4.0h0_rth,exit_eng,3min,rth,3597,22.9,-319.6,-50125.0,36.1,50140.0,0,4,"{""2023"": -10003.0, ""2024"": -11651.0, ""2025"": -20716.0, ""2026"": -7754.0}"
IMPX_w3i9_3min_trail4.0h10_all,exit_eng,3min,all,24427,155.7,-642.2,-100730.0,13.7,101839.0,0,4,"{""2023"": -14280.0, ""2024"": -27028.0, ""2025"": -45151.0, ""2026"": -14271.0}"
IMPX_w3i9_3min_trail4.0h10_rth,exit_eng,3min,rth,12368,78.8,-243.6,-38218.0,10.6,41113.0,1,4,"{""2023"": -7521.0, ""2024"": -14048.0, ""2025"": -17811.0, ""2026"": 1161.0}"
IMPX_w3i9_3min_trail4.0h20_all,exit_eng,3min,all,15569,99.3,-590.3,-92591.0,22.4,94873.0,0,4,"{""2023"": -7584.0, ""2024"": -21176.0, ""2025"": -40295.0, ""2026"": -23536.0}"
IMPX_w3i9_3min_trail4.0h20_rth,exit_eng,3min,rth,7811,49.8,-255.9,-40136.0,18.7,42341.0,0,4,"{""2023"": -5543.0, ""2024"": -6267.0, ""2025"": -24384.0, ""2026"": -3941.0}"
IMPX_w3i9_3min_time10h0_all,exit_eng,3min,all,22103,140.9,-371.6,-58291.0,48.3,61197.0,0,4,"{""2023"": -7024.0, ""2024"": -24852.0, ""2025"": -21998.0, ""2026"": -4417.0}"
IMPX_w3i9_3min_time10h0_rth,exit_eng,3min,rth,8740,55.7,-228.9,-35899.0,47.8,40275.0,0,4,"{""2023"": -1632.0, ""2024"": -17859.0, ""2025"": -13730.0, ""2026"": -2679.0}"
IMPX_w3i9_3min_time10h10_all,exit_eng,3min,all,42491,270.9,-745.0,-116862.0,23.4,118816.0,0,4,"{""2023"": -12729.0, ""2024"": -40305.0, ""2025"": -37949.0, ""2026"": -25879.0}"
IMPX_w3i9_3min_time10h10_rth,exit_eng,3min,rth,20073,128.0,-376.3,-59028.0,17.5,60700.0,0,4,"{""2023"": -7422.0, ""2024"": -27290.0, ""2025"": -14455.0, ""2026"": -9861.0}"
IMPX_w3i9_3min_time10h20_all,exit_eng,3min,all,31658,201.8,-572.9,-89870.0,35.8,91176.0,0,4,"{""2023"": -13508.0, ""2024"": -27836.0, ""2025"": -22300.0, ""2026"": -26226.0}"
IMPX_w3i9_3min_time10h20_rth,exit_eng,3min,rth,14526,92.6,-247.2,-38778.0,29.8,39304.0,0,4,"{""2023"": -6490.0, ""2024"": -12332.0, ""2025"": -9088.0, ""2026"": -10868.0}"
IMPX_w3i9_3min_time30h0_all,exit_eng,3min,all,9473,60.4,-277.6,-43537.0,48.5,46155.0,0,4,"{""2023"": -7746.0, ""2024"": -17337.0, ""2025"": -8843.0, ""2026"": -9612.0}"
IMPX_w3i9_3min_time30h0_rth,exit_eng,3min,rth,3701,23.6,-106.5,-16702.0,48.3,19181.0,1,4,"{""2023"": -4641.0, ""2024"": -13593.0, ""2025"": 6647.0, ""2026"": -5115.0}"
IMPX_w3i9_3min_time30h10_all,exit_eng,3min,all,29227,186.3,-603.0,-94588.0,14.7,94937.0,0,4,"{""2023"": -15730.0, ""2024"": -30259.0, ""2025"": -29138.0, ""2026"": -19461.0}"
IMPX_w3i9_3min_time30h10_rth,exit_eng,3min,rth,14501,92.4,-303.8,-47658.0,10.6,53144.0,0,4,"{""2023"": -10161.0, ""2024"": -19634.0, ""2025"": -16414.0, ""2026"": -1449.0}"
IMPX_w3i9_3min_time30h20_all,exit_eng,3min,all,18970,120.9,-385.1,-60402.0,26.4,62442.0,0,4,"{""2023"": -8114.0, ""2024"": -17240.0, ""2025"": -13280.0, ""2026"": -21768.0}"
IMPX_w3i9_3min_time30h20_rth,exit_eng,3min,rth,9296,59.3,-210.6,-33037.0,20.2,36907.0,0,4,"{""2023"": -7252.0, ""2024"": -6885.0, ""2025"": -14168.0, ""2026"": -4732.0}"
IMPX_w3i9_3min_time60h0_all,exit_eng,3min,all,5154,32.9,-66.3,-10394.0,49.6,19729.0,1,4,"{""2023"": -4192.0, ""2024"": -6341.0, ""2025"": -5248.0, ""2026"": 5387.0}"
IMPX_w3i9_3min_time60h0_rth,exit_eng,3min,rth,2275,14.5,-179.5,-28162.0,48.3,28665.0,0,4,"{""2023"": -1529.0, ""2024"": -10878.0, ""2025"": -9878.0, ""2026"": -5876.0}"
IMPX_w3i9_3min_time60h10_all,exit_eng,3min,all,22331,142.4,-483.9,-75908.0,10.6,80251.0,0,4,"{""2023"": -13173.0, ""2024"": -18780.0, ""2025"": -39348.0, ""2026"": -4608.0}"
IMPX_w3i9_3min_time60h10_rth,exit_eng,3min,rth,11827,75.4,-254.2,-39871.0,8.0,45542.0,1,4,"{""2023"": -9463.0, ""2024"": -15393.0, ""2025"": -16583.0, ""2026"": 1568.0}"
IMPX_w3i9_3min_time60h20_all,exit_eng,3min,all,13671,87.2,-364.7,-57213.0,20.1,59034.0,0,4,"{""2023"": -9762.0, ""2024"": -10759.0, ""2025"": -21053.0, ""2026"": -15639.0}"
IMPX_w3i9_3min_time60h20_rth,exit_eng,3min,rth,7262,46.3,-165.0,-25886.0,15.7,31674.0,0,4,"{""2023"": -5940.0, ""2024"": -3992.0, ""2025"": -13791.0, ""2026"": -2164.0}"
DON_5min_N8_s4t8_all,don,5min,all,27261,173.8,-862.9,-135357.0,22.4,135350.0,0,4,"{""2023"": -20691.0, ""2024"": -42597.0, ""2025"": -45777.0, ""2026"": -26292.0}"
DON_5min_N8_s4t8_rth,don,5min,rth,9565,61.0,-374.0,-58669.0,17.7,58683.0,0,4,"{""2023"": -8943.0, ""2024"": -20513.0, ""2025"": -19413.0, ""2026"": -9801.0}"
DON_5min_N8_s6t12_all,don,5min,all,25089,159.9,-770.1,-120792.0,26.4,120823.0,0,4,"{""2023"": -16861.0, ""2024"": -35657.0, ""2025"": -42893.0, ""2026"": -25380.0}"
DON_5min_N8_s6t12_rth,don,5min,rth,9348,59.6,-358.9,-56296.0,23.1,56318.0,0,4,"{""2023"": -6986.0, ""2024"": -19302.0, ""2025"": -19720.0, ""2026"": -10288.0}"
DON_5min_N8_s8t16_all,don,5min,all,22827,145.5,-662.1,-103857.0,28.7,103871.0,0,4,"{""2023"": -14412.0, ""2024"": -29946.0, ""2025"": -37682.0, ""2026"": -21816.0}"
DON_5min_N8_s8t16_rth,don,5min,rth,9009,57.4,-328.7,-51555.0,26.3,51597.0,0,4,"{""2023"": -6642.0, ""2024"": -17085.0, ""2025"": -18296.0, ""2026"": -9532.0}"
DON_5min_N8_s10t20_all,don,5min,all,20844,132.9,-592.5,-92935.0,29.8,93006.0,0,4,"{""2023"": -11099.0, ""2024"": -27532.0, ""2025"": -34693.0, ""2026"": -19611.0}"
DON_5min_N8_s10t20_rth,don,5min,rth,8632,55.0,-293.3,-46013.0,28.3,46539.0,0,4,"{""2023"": -4844.0, ""2024"": -15304.0, ""2025"": -16430.0, ""2026"": -9434.0}"
DON_5min_N8_s10t30_all,don,5min,all,18804,119.9,-467.8,-73370.0,23.1,73659.0,0,4,"{""2023"": -9487.0, ""2024"": -21265.0, ""2025"": -27661.0, ""2026"": -14956.0}"
DON_5min_N8_s10t30_rth,don,5min,rth,8175,52.1,-231.9,-36376.0,22.4,37193.0,0,4,"{""2023"": -3443.0, ""2024"": -12010.0, ""2025"": -13330.0, ""2026"": -7592.0}"
DON_5min_N8_s12t40_all,don,5min,all,16354,104.3,-432.8,-67881.0,21.4,68188.0,0,4,"{""2023"": -7743.0, ""2024"": -21772.0, ""2025"": -25410.0, ""2026"": -12957.0}"
DON_5min_N8_s12t40_rth,don,5min,rth,7586,48.4,-237.1,-37183.0,20.6,38099.0,0,4,"{""2023"": -3097.0, ""2024"": -13019.0, ""2025"": -12461.0, ""2026"": -8606.0}"
DON_5min_N12_s4t8_all,don,5min,all,22181,141.4,-708.6,-111155.0,22.2,111144.0,0,4,"{""2023"": -17329.0, ""2024"": -34237.0, ""2025"": -38096.0, ""2026"": -21494.0}"
DON_5min_N12_s4t8_rth,don,5min,rth,7812,49.8,-309.6,-48565.0,17.3,48579.0,0,4,"{""2023"": -7584.0, ""2024"": -16785.0, ""2025"": -16016.0, ""2026"": -8180.0}"
DON_5min_N12_s6t12_all,don,5min,all,20584,131.2,-636.6,-99851.0,26.3,99853.0,0,4,"{""2023"": -14202.0, ""2024"": -29885.0, ""2025"": -35106.0, ""2026"": -20658.0}"
DON_5min_N12_s6t12_rth,don,5min,rth,7648,48.8,-296.0,-46423.0,23.0,46445.0,0,4,"{""2023"": -5976.0, ""2024"": -16246.0, ""2025"": -15821.0, ""2026"": -8380.0}"
DON_5min_N12_s8t16_all,don,5min,all,18919,120.6,-551.6,-86520.0,28.6,86502.0,0,4,"{""2023"": -12957.0, ""2024"": -25102.0, ""2025"": -31080.0, ""2026"": -17382.0}"
DON_5min_N12_s8t16_rth,don,5min,rth,7396,47.2,-277.1,-43459.0,25.9,43489.0,0,4,"{""2023"": -6205.0, ""2024"": -14507.0, ""2025"": -15120.0, ""2026"": -7626.0}"
DON_5min_N12_s10t20_all,don,5min,all,17408,111.0,-509.3,-79893.0,29.5,79924.0,0,4,"{""2023"": -10513.0, ""2024"": -24073.0, ""2025"": -29189.0, ""2026"": -16118.0}"
DON_5min_N12_s10t20_rth,don,5min,rth,7122,45.4,-260.3,-40836.0,27.6,40971.0,0,4,"{""2023"": -5097.0, ""2024"": -14204.0, ""2025"": -14052.0, ""2026"": -7482.0}"
DON_5min_N12_s10t30_all,don,5min,all,15866,101.1,-398.1,-62445.0,23.0,62703.0,0,4,"{""2023"": -8669.0, ""2024"": -17831.0, ""2025"": -23863.0, ""2026"": -12082.0}"
DON_5min_N12_s10t30_rth,don,5min,rth,6773,43.2,-204.1,-32016.0,22.0,32591.0,0,4,"{""2023"": -3407.0, ""2024"": -11346.0, ""2025"": -11311.0, ""2026"": -5951.0}"
DON_5min_N12_s12t40_all,don,5min,all,14003,89.3,-366.6,-57505.0,21.4,58276.0,0,4,"{""2023"": -6113.0, ""2024"": -17633.0, ""2025"": -23156.0, ""2026"": -10604.0}"
DON_5min_N12_s12t40_rth,don,5min,rth,6322,40.3,-199.7,-31326.0,20.6,32122.0,0,4,"{""2023"": -3057.0, ""2024"": -10890.0, ""2025"": -11271.0, ""2026"": -6107.0}"
DON_5min_N20_s4t8_all,don,5min,all,17023,108.5,-548.8,-86088.0,22.1,86077.0,0,4,"{""2023"": -13063.0, ""2024"": -27366.0, ""2025"": -29148.0, ""2026"": -16511.0}"
DON_5min_N20_s4t8_rth,don,5min,rth,6130,39.1,-243.7,-38223.0,17.2,38237.0,0,4,"{""2023"": -5748.0, ""2024"": -13276.0, ""2025"": -12731.0, ""2026"": -6468.0}"
DON_5min_N20_s6t12_all,don,5min,all,15877,101.2,-484.2,-75953.0,26.5,75983.0,0,4,"{""2023"": -10164.0, ""2024"": -23799.0, ""2025"": -26746.0, ""2026"": -15244.0}"
DON_5min_N20_s6t12_rth,don,5min,rth,6000,38.3,-232.5,-36463.0,23.0,36485.0,0,4,"{""2023"": -4484.0, ""2024"": -12761.0, ""2025"": -12634.0, ""2026"": -6584.0}"
DON_5min_N20_s8t16_all,don,5min,all,14723,93.9,-422.3,-66244.0,28.8,66318.0,0,4,"{""2023"": -9161.0, ""2024"": -20088.0, ""2025"": -24063.0, ""2026"": -12932.0}"
DON_5min_N20_s8t16_rth,don,5min,rth,5821,37.1,-220.6,-34609.0,25.8,34639.0,0,4,"{""2023"": -4408.0, ""2024"": -11611.0, ""2025"": -12438.0, ""2026"": -6151.0}"
DON_5min_N20_s10t20_all,don,5min,all,13668,87.1,-380.0,-59599.0,29.9,59746.0,0,4,"{""2023"": -7616.0, ""2024"": -18434.0, ""2025"": -22447.0, ""2026"": -11101.0}"
DON_5min_N20_s10t20_rth,don,5min,rth,5623,35.8,-215.4,-33788.0,27.2,33908.0,0,4,"{""2023"": -3446.0, ""2024"": -11702.0, ""2025"": -12601.0, ""2026"": -6040.0}"
DON_5min_N20_s10t30_all,don,5min,all,12566,80.1,-294.6,-46206.0,23.3,46482.0,0,4,"{""2023"": -6576.0, ""2024"": -14773.0, ""2025"": -17446.0, ""2026"": -7411.0}"
DON_5min_N20_s10t30_rth,don,5min,rth,5347,34.1,-164.1,-25748.0,21.9,26203.0,0,4,"{""2023"": -2298.0, ""2024"": -9514.0, ""2025"": -9376.0, ""2026"": -4560.0}"
DON_5min_N20_s12t40_all,don,5min,all,11240,71.7,-260.2,-40811.0,21.9,41129.0,0,4,"{""2023"": -5688.0, ""2024"": -11692.0, ""2025"": -17101.0, ""2026"": -6330.0}"
DON_5min_N20_s12t40_rth,don,5min,rth,5024,32.0,-156.0,-24464.0,20.7,25036.0,0,4,"{""2023"": -1870.0, ""2024"": -8051.0, ""2025"": -9608.0, ""2026"": -4935.0}"
DON_5min_N40_s4t8_all,don,5min,all,12081,77.0,-404.8,-63500.0,21.2,63493.0,0,4,"{""2023"": -9591.0, ""2024"": -20161.0, ""2025"": -21748.0, ""2026"": -12001.0}"
DON_5min_N40_s4t8_rth,don,5min,rth,4602,29.3,-187.1,-29345.0,16.7,29335.0,0,4,"{""2023"": -4625.0, ""2024"": -10136.0, ""2025"": -9681.0, ""2026"": -4903.0}"
DON_5min_N40_s6t12_all,don,5min,all,11324,72.2,-358.2,-56180.0,26.0,56182.0,0,4,"{""2023"": -7890.0, ""2024"": -16908.0, ""2025"": -20275.0, ""2026"": -11107.0}"
DON_5min_N40_s6t12_rth,don,5min,rth,4511,28.8,-179.9,-28218.0,22.5,28211.0,0,4,"{""2023"": -3566.0, ""2024"": -9553.0, ""2025"": -10126.0, ""2026"": -4974.0}"
DON_5min_N40_s8t16_all,don,5min,all,10607,67.6,-322.9,-50645.0,28.2,50721.0,0,4,"{""2023"": -7691.0, ""2024"": -14624.0, ""2025"": -18421.0, ""2026"": -9910.0}"
DON_5min_N40_s8t16_rth,don,5min,rth,4378,27.9,-168.3,-26401.0,25.6,26442.0,0,4,"{""2023"": -3600.0, ""2024"": -8461.0, ""2025"": -9670.0, ""2026"": -4670.0}"
DON_5min_N40_s10t20_all,don,5min,all,9942,63.4,-289.2,-45367.0,29.6,45483.0,0,4,"{""2023"": -5842.0, ""2024"": -13033.0, ""2025"": -17982.0, ""2026"": -8510.0}"
DON_5min_N40_s10t20_rth,don,5min,rth,4220,26.9,-157.6,-24722.0,27.4,24824.0,0,4,"{""2023"": -2194.0, ""2024"": -8442.0, ""2025"": -9652.0, ""2026"": -4435.0}"
DON_5min_N40_s10t30_all,don,5min,all,9243,58.9,-218.0,-34201.0,23.3,34414.0,0,4,"{""2023"": -5074.0, ""2024"": -9851.0, ""2025"": -13120.0, ""2026"": -6156.0}"
DON_5min_N40_s10t30_rth,don,5min,rth,4031,25.7,-120.4,-18891.0,22.1,19159.0,0,4,"{""2023"": -1601.0, ""2024"": -6905.0, ""2025"": -7180.0, ""2026"": -3205.0}"
DON_5min_N40_s12t40_all,don,5min,all,8366,53.3,-197.2,-30929.0,21.8,31321.0,0,4,"{""2023"": -4406.0, ""2024"": -8871.0, ""2025"": -12332.0, ""2026"": -5321.0}"
DON_5min_N40_s12t40_rth,don,5min,rth,3793,24.2,-116.9,-18330.0,20.7,18982.0,0,4,"{""2023"": -1253.0, ""2024"": -6746.0, ""2025"": -7295.0, ""2026"": -3036.0}"
FADE_5min_e20d8_s5t8_all,fade,5min,all,64388,410.5,-2120.0,-332535.0,27.5,332523.0,0,4,"{""2023"": -36508.0, ""2024"": -92208.0, ""2025"": -126169.0, ""2026"": -77651.0}"
FADE_5min_e20d8_s5t8_rth,fade,5min,rth,27654,176.3,-1106.5,-173564.0,23.3,173586.0,0,4,"{""2023"": -24277.0, ""2024"": -51528.0, ""2025"": -62792.0, ""2026"": -34968.0}"
FADE_5min_e20d8_s6t12_all,fade,5min,all,59443,379.0,-1781.6,-279451.0,26.7,279564.0,0,4,"{""2023"": -28435.0, ""2024"": -74700.0, ""2025"": -109199.0, ""2026"": -67118.0}"
FADE_5min_e20d8_s6t12_rth,fade,5min,rth,26574,169.4,-936.8,-146937.0,24.5,146997.0,0,4,"{""2023"": -19028.0, ""2024"": -42128.0, ""2025"": -53754.0, ""2026"": -32028.0}"
FADE_5min_e20d8_s8t16_all,fade,5min,all,52738,336.2,-1524.5,-239122.0,28.7,239288.0,0,4,"{""2023"": -23384.0, ""2024"": -62928.0, ""2025"": -92934.0, ""2026"": -59877.0}"
FADE_5min_e20d8_s8t16_rth,fade,5min,rth,24758,157.8,-828.9,-130012.0,27.2,130102.0,0,4,"{""2023"": -16135.0, ""2024"": -35207.0, ""2025"": -48424.0, ""2026"": -30246.0}"
FADE_5min_e20d8_s10t20_all,fade,5min,all,46607,297.1,-1265.4,-198488.0,30.1,198724.0,0,4,"{""2023"": -19532.0, ""2024"": -52613.0, ""2025"": -78405.0, ""2026"": -47937.0}"
FADE_5min_e20d8_s10t20_rth,fade,5min,rth,22806,145.4,-711.6,-111618.0,29.0,111772.0,0,4,"{""2023"": -13145.0, ""2024"": -28152.0, ""2025"": -43614.0, ""2026"": -26707.0}"
FADE_5min_e20d12_s5t8_all,fade,5min,all,53036,338.1,-1825.3,-286304.0,26.6,286323.0,0,4,"{""2023"": -29185.0, ""2024"": -76577.0, ""2025"": -109538.0, ""2026"": -71004.0}"
FADE_5min_e20d12_s5t8_rth,fade,5min,rth,24719,157.6,-1013.4,-158963.0,22.8,158982.0,0,4,"{""2023"": -20759.0, ""2024"": -46605.0, ""2025"": -57956.0, ""2026"": -33642.0}"
FADE_5min_e20d12_s6t12_all,fade,5min,all,49975,318.6,-1575.4,-247117.0,26.1,247210.0,0,4,"{""2023"": -23212.0, ""2024"": -64516.0, ""2025"": -96846.0, ""2026"": -62543.0}"
FADE_5min_e20d12_s6t12_rth,fade,5min,rth,23939,152.6,-878.6,-137816.0,23.8,137908.0,0,4,"{""2023"": -16576.0, ""2024"": -38742.0, ""2025"": -50853.0, ""2026"": -31645.0}"
FADE_5min_e20d12_s8t16_all,fade,5min,all,45577,290.6,-1384.1,-217108.0,28.2,217297.0,0,4,"{""2023"": -19949.0, ""2024"": -55047.0, ""2025"": -85156.0, ""2026"": -56956.0}"
FADE_5min_e20d12_s8t16_rth,fade,5min,rth,22545,143.7,-773.3,-121301.0,27.0,121431.0,0,4,"{""2023"": -13369.0, ""2024"": -31808.0, ""2025"": -46356.0, ""2026"": -29767.0}"
FADE_5min_e20d12_s10t20_all,fade,5min,all,41206,262.7,-1165.8,-182862.0,29.8,183126.0,0,4,"{""2023"": -16729.0, ""2024"": -46514.0, ""2025"": -73511.0, ""2026"": -46108.0}"
FADE_5min_e20d12_s10t20_rth,fade,5min,rth,20994,133.8,-672.0,-105406.0,28.8,105491.0,0,4,"{""2023"": -10836.0, ""2024"": -25539.0, ""2025"": -43118.0, ""2026"": -25913.0}"
FADE_5min_e20d18_s5t8_all,fade,5min,all,39508,251.9,-1442.1,-226210.0,25.4,226224.0,0,4,"{""2023"": -20505.0, ""2024"": -57795.0, ""2025"": -87290.0, ""2026"": -60620.0}"
FADE_5min_e20d18_s5t8_rth,fade,5min,rth,20539,130.9,-863.8,-135500.0,22.1,135519.0,0,4,"{""2023"": -16467.0, ""2024"": -38912.0, ""2025"": -49967.0, ""2026"": -30155.0}"
FADE_5min_e20d18_s6t12_all,fade,5min,all,37916,241.7,-1257.7,-197281.0,25.4,197303.0,0,4,"{""2023"": -16585.0, ""2024"": -49162.0, ""2025"": -78105.0, ""2026"": -53430.0}"
FADE_5min_e20d18_s6t12_rth,fade,5min,rth,19993,127.5,-762.4,-119593.0,23.2,119638.0,0,4,"{""2023"": -13422.0, ""2024"": -33676.0, ""2025"": -44299.0, ""2026"": -28196.0}"
FADE_5min_e20d18_s8t16_all,fade,5min,all,35400,225.7,-1118.0,-175371.0,27.8,175413.0,0,4,"{""2023"": -15420.0, ""2024"": -41659.0, ""2025"": -69311.0, ""2026"": -48981.0}"
FADE_5min_e20d18_s8t16_rth,fade,5min,rth,19065,121.5,-681.0,-106821.0,26.5,106886.0,0,4,"{""2023"": -11498.0, ""2024"": -28270.0, ""2025"": -40383.0, ""2026"": -26670.0}"
FADE_5min_e20d18_s10t20_all,fade,5min,all,32773,208.9,-976.6,-153184.0,29.4,153367.0,0,4,"{""2023"": -14081.0, ""2024"": -34693.0, ""2025"": -63570.0, ""2026"": -40840.0}"
FADE_5min_e20d18_s10t20_rth,fade,5min,rth,17955,114.5,-600.0,-94114.0,28.5,94211.0,0,4,"{""2023"": -10058.0, ""2024"": -21978.0, ""2025"": -38373.0, ""2026"": -23705.0}"
FADE_5min_e20d25_s5t8_all,fade,5min,all,28598,182.3,-1122.9,-176131.0,23.8,176119.0,0,4,"{""2023"": -14297.0, ""2024"": -41911.0, ""2025"": -70187.0, ""2026"": -49736.0}"
FADE_5min_e20d25_s5t8_rth,fade,5min,rth,16368,104.3,-723.9,-113554.0,20.8,113571.0,0,4,"{""2023"": -12266.0, ""2024"": -30940.0, ""2025"": -43502.0, ""2026"": -26845.0}"
FADE_5min_e20d25_s6t12_all,fade,5min,all,27838,177.5,-965.3,-151417.0,24.7,151403.0,0,4,"{""2023"": -11599.0, ""2024"": -33802.0, ""2025"": -61868.0, ""2026"": -44149.0}"
FADE_5min_e20d25_s6t12_rth,fade,5min,rth,16055,102.4,-640.0,-100390.0,22.5,100430.0,0,4,"{""2023"": -10347.0, ""2024"": -26082.0, ""2025"": -38893.0, ""2026"": -25067.0}"
FADE_5min_e20d25_s8t16_all,fade,5min,all,26459,168.7,-888.6,-139379.0,27.2,139390.0,0,4,"{""2023"": -11475.0, ""2024"": -30244.0, ""2025"": -55805.0, ""2026"": -41855.0}"
FADE_5min_e20d25_s8t16_rth,fade,5min,rth,15482,98.7,-592.3,-92913.0,25.7,92969.0,0,4,"{""2023"": -9973.0, ""2024"": -22854.0, ""2025"": -35265.0, ""2026"": -24822.0}"
FADE_5min_e20d25_s10t20_all,fade,5min,all,24949,159.1,-800.7,-125602.0,28.8,125685.0,0,4,"{""2023"": -10480.0, ""2024"": -27495.0, ""2025"": -50500.0, ""2026"": -37127.0}"
FADE_5min_e20d25_s10t20_rth,fade,5min,rth,14769,94.2,-528.7,-82936.0,27.8,83005.0,0,4,"{""2023"": -9002.0, ""2024"": -19030.0, ""2025"": -31866.0, ""2026"": -23037.0}"
FADE_5min_e50d8_s5t8_all,fade,5min,all,72541,462.5,-2319.1,-363764.0,28.1,363752.0,0,4,"{""2023"": -42717.0, ""2024"": -102963.0, ""2025"": -136308.0, ""2026"": -81777.0}"
FADE_5min_e50d8_s5t8_rth,fade,5min,rth,29663,189.1,-1160.3,-182007.0,23.9,182009.0,0,4,"{""2023"": -25344.0, ""2024"": -54663.0, ""2025"": -65974.0, ""2026"": -36027.0}"
FADE_5min_e50d8_s6t12_all,fade,5min,all,65249,416.0,-1902.7,-298455.0,27.1,298441.0,0,4,"{""2023"": -33340.0, ""2024"": -79301.0, ""2025"": -115596.0, ""2026"": -70218.0}"
FADE_5min_e50d8_s6t12_rth,fade,5min,rth,28291,180.4,-975.0,-152931.0,24.8,152939.0,0,4,"{""2023"": -19892.0, ""2024"": -42903.0, ""2025"": -57119.0, ""2026"": -33017.0}"
FADE_5min_e50d8_s8t16_all,fade,5min,all,56282,358.8,-1608.6,-252316.0,28.8,252297.0,0,4,"{""2023"": -26137.0, ""2024"": -69325.0, ""2025"": -93870.0, ""2026"": -62983.0}"
FADE_5min_e50d8_s8t16_rth,fade,5min,rth,26048,166.1,-848.5,-133101.0,27.5,133294.0,0,4,"{""2023"": -15364.0, ""2024"": -37811.0, ""2025"": -49336.0, ""2026"": -30590.0}"
FADE_5min_e50d8_s10t20_all,fade,5min,all,48784,311.0,-1338.4,-209932.0,30.0,209933.0,0,4,"{""2023"": -20695.0, ""2024"": -56138.0, ""2025"": -80995.0, ""2026"": -52105.0}"
FADE_5min_e50d8_s10t20_rth,fade,5min,rth,23734,151.3,-722.4,-113311.0,29.2,113344.0,0,4,"{""2023"": -12331.0, ""2024"": -30009.0, ""2025"": -43400.0, ""2026"": -27571.0}"
FADE_5min_e50d12_s5t8_all,fade,5min,all,65117,415.1,-2120.0,-332529.0,27.7,332517.0,0,4,"{""2023"": -36684.0, ""2024"": -92827.0, ""2025"": -125650.0, ""2026"": -77369.0}"
FADE_5min_e50d12_s5t8_rth,fade,5min,rth,27921,178.0,-1101.0,-172704.0,23.7,172692.0,0,4,"{""2023"": -23787.0, ""2024"": -51420.0, ""2025"": -62938.0, ""2026"": -34559.0}"
FADE_5min_e50d12_s6t12_all,fade,5min,all,59270,377.9,-1762.6,-276475.0,26.8,276601.0,0,4,"{""2023"": -28568.0, ""2024"": -72543.0, ""2025"": -108382.0, ""2026"": -66983.0}"
FADE_5min_e50d12_s6t12_rth,fade,5min,rth,26708,170.3,-926.1,-145261.0,24.7,145272.0,0,4,"{""2023"": -18633.0, ""2024"": -40104.0, ""2025"": -54581.0, ""2026"": -31943.0}"
FADE_5min_e50d12_s8t16_all,fade,5min,all,51907,330.9,-1480.2,-232178.0,28.8,232243.0,0,4,"{""2023"": -23004.0, ""2024"": -61243.0, ""2025"": -88871.0, ""2026"": -59060.0}"
FADE_5min_e50d12_s8t16_rth,fade,5min,rth,24732,157.7,-796.6,-124958.0,27.6,125185.0,0,4,"{""2023"": -14673.0, ""2024"": -33623.0, ""2025"": -46975.0, ""2026"": -29687.0}"
FADE_5min_e50d12_s10t20_all,fade,5min,all,45593,290.7,-1200.7,-188342.0,30.3,188470.0,0,4,"{""2023"": -18846.0, ""2024"": -49084.0, ""2025"": -73351.0, ""2026"": -47061.0}"
FADE_5min_e50d12_s10t20_rth,fade,5min,rth,22625,144.2,-678.9,-106498.0,29.3,106531.0,0,4,"{""2023"": -11819.0, ""2024"": -27253.0, ""2025"": -41006.0, ""2026"": -26420.0}"
FADE_5min_e50d18_s5t8_all,fade,5min,all,54788,349.3,-1848.0,-289875.0,27.1,289880.0,0,4,"{""2023"": -29124.0, ""2024"": -79142.0, ""2025"": -110497.0, ""2026"": -71113.0}"
FADE_5min_e50d18_s5t8_rth,fade,5min,rth,25211,160.7,-1012.3,-158786.0,23.3,158774.0,0,4,"{""2023"": -20290.0, ""2024"": -46581.0, ""2025"": -58647.0, ""2026"": -33268.0}"
FADE_5min_e50d18_s6t12_all,fade,5min,all,50638,322.8,-1551.8,-243417.0,26.4,243477.0,0,4,"{""2023"": -22414.0, ""2024"": -62826.0, ""2025"": -96105.0, ""2026"": -62071.0}"
FADE_5min_e50d18_s6t12_rth,fade,5min,rth,24221,154.4,-859.7,-134849.0,24.4,134851.0,0,4,"{""2023"": -16055.0, ""2024"": -37002.0, ""2025"": -50684.0, ""2026"": -31108.0}"
FADE_5min_e50d18_s8t16_all,fade,5min,all,45138,287.8,-1321.6,-207306.0,28.6,207358.0,0,4,"{""2023"": -18203.0, ""2024"": -52124.0, ""2025"": -81478.0, ""2026"": -55501.0}"
FADE_5min_e50d18_s8t16_rth,fade,5min,rth,22567,143.9,-752.4,-118021.0,27.3,118164.0,0,4,"{""2023"": -12461.0, ""2024"": -31202.0, ""2025"": -45360.0, ""2026"": -28998.0}"
FADE_5min_e50d18_s10t20_all,fade,5min,all,40255,256.6,-1121.1,-175853.0,29.9,175976.0,0,4,"{""2023"": -15345.0, ""2024"": -42454.0, ""2025"": -72191.0, ""2026"": -45863.0}"
FADE_5min_e50d18_s10t20_rth,fade,5min,rth,20800,132.6,-657.9,-103200.0,28.9,103295.0,0,4,"{""2023"": -10655.0, ""2024"": -24419.0, ""2025"": -42362.0, ""2026"": -25764.0}"
FADE_5min_e50d25_s5t8_all,fade,5min,all,44808,285.7,-1582.7,-248258.0,26.1,248272.0,0,4,"{""2023"": -22647.0, ""2024"": -64586.0, ""2025"": -97104.0, ""2026"": -63920.0}"
FADE_5min_e50d25_s5t8_rth,fade,5min,rth,22243,141.8,-911.9,-143031.0,22.8,143033.0,0,4,"{""2023"": -16867.0, ""2024"": -41573.0, ""2025"": -54031.0, ""2026"": -30561.0}"
FADE_5min_e50d25_s6t12_all,fade,5min,all,41906,267.2,-1336.1,-209571.0,25.9,209601.0,0,4,"{""2023"": -16974.0, ""2024"": -51255.0, ""2025"": -85482.0, ""2026"": -55860.0}"
FADE_5min_e50d25_s6t12_rth,fade,5min,rth,21449,136.7,-775.7,-121667.0,24.1,121674.0,0,4,"{""2023"": -12683.0, ""2024"": -33171.0, ""2025"": -47591.0, ""2026"": -28221.0}"
FADE_5min_e50d25_s8t16_all,fade,5min,all,37999,242.3,-1176.9,-184612.0,28.0,184684.0,0,4,"{""2023"": -14559.0, ""2024"": -43668.0, ""2025"": -75072.0, ""2026"": -51313.0}"
FADE_5min_e50d25_s8t16_rth,fade,5min,rth,20087,128.1,-686.0,-107597.0,27.0,107689.0,0,4,"{""2023"": -9975.0, ""2024"": -27828.0, ""2025"": -42834.0, ""2026"": -26959.0}"
FADE_5min_e50d25_s10t20_all,fade,5min,all,34342,218.9,-979.4,-153626.0,29.7,153749.0,0,4,"{""2023"": -11371.0, ""2024"": -35028.0, ""2025"": -65496.0, ""2026"": -41731.0}"
FADE_5min_e50d25_s10t20_rth,fade,5min,rth,18657,118.9,-586.7,-92034.0,29.0,92205.0,0,4,"{""2023"": -7477.0, ""2024"": -21806.0, ""2025"": -38752.0, ""2026"": -23999.0}"
IMPF_5min_w2i4_s5t10_all,impfade,5min,all,71057,453.0,-2083.4,-326793.0,25.8,326786.0,0,4,"{""2023"": -38075.0, ""2024"": -90205.0, ""2025"": -123272.0, ""2026"": -75240.0}"
IMPF_5min_w2i4_s5t10_rth,impfade,5min,rth,28989,184.8,-1066.7,-167314.0,21.9,167323.0,0,4,"{""2023"": -22708.0, ""2024"": -49721.0, ""2025"": -61222.0, ""2026"": -33663.0}"
IMPF_5min_w2i4_s6t15_all,impfade,5min,all,62773,400.2,-1683.1,-264006.0,24.1,264017.0,0,4,"{""2023"": -29772.0, ""2024"": -71222.0, ""2025"": -100597.0, ""2026"": -62415.0}"
IMPF_5min_w2i4_s6t15_rth,impfade,5min,rth,27396,174.7,-890.1,-139616.0,22.0,139689.0,0,4,"{""2023"": -18811.0, ""2024"": -39870.0, ""2025"": -51692.0, ""2026"": -29244.0}"
IMPF_5min_w2i4_s8t20_all,impfade,5min,all,53216,339.3,-1371.3,-215091.0,25.5,215468.0,0,4,"{""2023"": -20797.0, ""2024"": -56237.0, ""2025"": -84333.0, ""2026"": -53723.0}"
IMPF_5min_w2i4_s8t20_rth,impfade,5min,rth,24899,158.7,-755.1,-118446.0,24.3,118631.0,0,4,"{""2023"": -14464.0, ""2024"": -30865.0, ""2025"": -46365.0, ""2026"": -26752.0}"
IMPF_5min_w2i4_s8t30_all,impfade,5min,all,45574,290.5,-1081.9,-169701.0,19.3,169973.0,0,4,"{""2023"": -16729.0, ""2024"": -43645.0, ""2025"": -67105.0, ""2026"": -42222.0}"
IMPF_5min_w2i4_s8t30_rth,impfade,5min,rth,22461,143.2,-598.8,-93931.0,18.7,94134.0,0,4,"{""2023"": -10560.0, ""2024"": -27586.0, ""2025"": -36706.0, ""2026"": -19078.0}"
IMPF_5min_w2i6_s5t10_all,impfade,5min,all,64340,410.2,-1924.1,-301812.0,25.5,301812.0,0,4,"{""2023"": -32134.0, ""2024"": -81504.0, ""2025"": -116482.0, ""2026"": -71693.0}"
IMPF_5min_w2i6_s5t10_rth,impfade,5min,rth,27256,173.8,-998.4,-156610.0,22.0,156661.0,0,4,"{""2023"": -20330.0, ""2024"": -45028.0, ""2025"": -58611.0, ""2026"": -32640.0}"
IMPF_5min_w2i6_s6t15_all,impfade,5min,all,58303,371.7,-1587.5,-249009.0,24.0,249023.0,0,4,"{""2023"": -27082.0, ""2024"": -64230.0, ""2025"": -98147.0, ""2026"": -59550.0}"
IMPF_5min_w2i6_s6t15_rth,impfade,5min,rth,26016,165.9,-845.2,-132581.0,22.0,132737.0,0,4,"{""2023"": -17071.0, ""2024"": -35898.0, ""2025"": -50684.0, ""2026"": -28928.0}"
IMPF_5min_w2i6_s8t20_all,impfade,5min,all,50476,321.8,-1311.6,-205726.0,25.5,206238.0,0,4,"{""2023"": -20809.0, ""2024"": -51238.0, ""2025"": -81347.0, ""2026"": -52333.0}"
IMPF_5min_w2i6_s8t20_rth,impfade,5min,rth,23891,152.3,-721.8,-113212.0,24.3,113500.0,0,4,"{""2023"": -13823.0, ""2024"": -28362.0, ""2025"": -45088.0, ""2026"": -25939.0}"
IMPF_5min_w2i6_s8t30_all,impfade,5min,all,43757,279.0,-1063.2,-166769.0,19.2,167107.0,0,4,"{""2023"": -17699.0, ""2024"": -40379.0, ""2025"": -67494.0, ""2026"": -41198.0}"
IMPF_5min_w2i6_s8t30_rth,impfade,5min,rth,21692,138.3,-571.9,-89703.0,18.7,89907.0,0,4,"{""2023"": -10970.0, ""2024"": -23936.0, ""2025"": -36029.0, ""2026"": -18768.0}"
IMPF_5min_w2i9_s5t10_all,impfade,5min,all,53253,339.5,-1689.4,-264989.0,24.5,264999.0,0,4,"{""2023"": -25649.0, ""2024"": -70362.0, ""2025"": -103323.0, ""2026"": -65655.0}"
IMPF_5min_w2i9_s5t10_rth,impfade,5min,rth,24388,155.5,-932.6,-146281.0,21.2,146310.0,0,4,"{""2023"": -17520.0, ""2024"": -42364.0, ""2025"": -54990.0, ""2026"": -31407.0}"
IMPF_5min_w2i9_s6t15_all,impfade,5min,all,50069,319.2,-1422.8,-223178.0,23.5,223232.0,0,4,"{""2023"": -21048.0, ""2024"": -57496.0, ""2025"": -89003.0, ""2026"": -55631.0}"
IMPF_5min_w2i9_s6t15_rth,impfade,5min,rth,23580,150.3,-810.6,-127149.0,21.3,127253.0,0,4,"{""2023"": -14875.0, ""2024"": -35390.0, ""2025"": -48947.0, ""2026"": -27937.0}"
IMPF_5min_w2i9_s8t20_all,impfade,5min,all,44961,286.6,-1229.8,-192901.0,25.1,193314.0,0,4,"{""2023"": -17314.0, ""2024"": -48345.0, ""2025"": -78585.0, ""2026"": -48656.0}"
IMPF_5min_w2i9_s8t20_rth,impfade,5min,rth,22034,140.5,-710.1,-111380.0,23.7,111421.0,0,4,"{""2023"": -13195.0, ""2024"": -28826.0, ""2025"": -44274.0, ""2026"": -25084.0}"
IMPF_5min_w2i9_s8t30_all,impfade,5min,all,39965,254.8,-1018.8,-159806.0,18.9,160062.0,0,4,"{""2023"": -15692.0, ""2024"": -38490.0, ""2025"": -66820.0, ""2026"": -38803.0}"
IMPF_5min_w2i9_s8t30_rth,impfade,5min,rth,20263,129.2,-582.4,-91346.0,18.2,91467.0,0,4,"{""2023"": -11607.0, ""2024"": -24166.0, ""2025"": -36865.0, ""2026"": -18708.0}"
IMPF_5min_w2i14_s5t10_all,impfade,5min,all,37598,239.7,-1285.6,-201657.0,23.3,201780.0,0,4,"{""2023"": -18400.0, ""2024"": -48735.0, ""2025"": -78749.0, ""2026"": -55773.0}"
IMPF_5min_w2i14_s5t10_rth,impfade,5min,rth,19547,124.6,-778.1,-122044.0,20.4,122159.0,0,4,"{""2023"": -14765.0, ""2024"": -33176.0, ""2025"": -46319.0, ""2026"": -27784.0}"
IMPF_5min_w2i14_s6t15_all,impfade,5min,all,36642,233.6,-1130.4,-177306.0,22.6,177483.0,0,4,"{""2023"": -16558.0, ""2024"": -41223.0, ""2025"": -71007.0, ""2026"": -48518.0}"
IMPF_5min_w2i14_s6t15_rth,impfade,5min,rth,19224,122.6,-686.0,-107597.0,20.9,107800.0,0,4,"{""2023"": -12756.0, ""2024"": -27902.0, ""2025"": -41551.0, ""2026"": -25387.0}"
IMPF_5min_w2i14_s8t20_all,impfade,5min,all,34650,220.9,-1005.9,-157784.0,24.6,158045.0,0,4,"{""2023"": -14151.0, ""2024"": -38105.0, ""2025"": -62026.0, ""2026"": -43501.0}"
IMPF_5min_w2i14_s8t20_rth,impfade,5min,rth,18461,117.7,-623.1,-97741.0,23.3,97801.0,0,4,"{""2023"": -11013.0, ""2024"": -24374.0, ""2025"": -39376.0, ""2026"": -22978.0}"
IMPF_5min_w2i14_s8t30_all,impfade,5min,all,31970,203.8,-837.1,-131306.0,18.8,131634.0,0,4,"{""2023"": -14208.0, ""2024"": -30436.0, ""2025"": -48848.0, ""2026"": -37814.0}"
IMPF_5min_w2i14_s8t30_rth,impfade,5min,rth,17341,110.6,-506.8,-79489.0,18.2,79629.0,0,4,"{""2023"": -10958.0, ""2024"": -20405.0, ""2025"": -29426.0, ""2026"": -18700.0}"
IMPF_5min_w3i4_s5t10_all,impfade,5min,all,72927,464.9,-2112.9,-331427.0,26.0,331529.0,0,4,"{""2023"": -38731.0, ""2024"": -93425.0, ""2025"": -125587.0, ""2026"": -73685.0}"
IMPF_5min_w3i4_s5t10_rth,impfade,5min,rth,29605,188.7,-1084.5,-170110.0,22.0,170142.0,0,4,"{""2023"": -23519.0, ""2024"": -50502.0, ""2025"": -61777.0, ""2026"": -34312.0}"
IMPF_5min_w3i4_s6t15_all,impfade,5min,all,64155,409.0,-1719.4,-269696.0,24.1,269917.0,0,4,"{""2023"": -31293.0, ""2024"": -72833.0, ""2025"": -104283.0, ""2026"": -61287.0}"
IMPF_5min_w3i4_s6t15_rth,impfade,5min,rth,27898,177.9,-903.8,-141775.0,22.1,141903.0,0,4,"{""2023"": -19422.0, ""2024"": -39424.0, ""2025"": -52661.0, ""2026"": -30268.0}"
IMPF_5min_w3i4_s8t20_all,impfade,5min,all,54015,344.4,-1364.1,-213964.0,25.7,214273.0,0,4,"{""2023"": -20618.0, ""2024"": -57908.0, ""2025"": -83618.0, ""2026"": -51820.0}"
IMPF_5min_w3i4_s8t20_rth,impfade,5min,rth,25307,161.3,-745.9,-116994.0,24.5,117095.0,0,4,"{""2023"": -14024.0, ""2024"": -31267.0, ""2025"": -44731.0, ""2026"": -26972.0}"
IMPF_5min_w3i4_s8t30_all,impfade,5min,all,46277,295.0,-1089.4,-170875.0,19.3,171239.0,0,4,"{""2023"": -18496.0, ""2024"": -45609.0, ""2025"": -65822.0, ""2026"": -40947.0}"
IMPF_5min_w3i4_s8t30_rth,impfade,5min,rth,22801,145.4,-567.8,-89068.0,19.0,89329.0,0,4,"{""2023"": -10948.0, ""2024"": -25653.0, ""2025"": -32680.0, ""2026"": -19788.0}"
IMPF_5min_w3i6_s5t10_all,impfade,5min,all,67653,431.3,-1983.1,-311067.0,25.8,311169.0,0,4,"{""2023"": -35952.0, ""2024"": -84695.0, ""2025"": -119416.0, ""2026"": -71004.0}"
IMPF_5min_w3i6_s5t10_rth,impfade,5min,rth,28231,180.0,-1035.8,-162475.0,22.0,162507.0,0,4,"{""2023"": -22426.0, ""2024"": -46843.0, ""2025"": -60104.0, ""2026"": -33102.0}"
IMPF_5min_w3i6_s6t15_all,impfade,5min,all,60775,387.5,-1632.9,-256139.0,24.1,256231.0,0,4,"{""2023"": -29277.0, ""2024"": -67811.0, ""2025"": -99863.0, ""2026"": -59188.0}"
IMPF_5min_w3i6_s6t15_rth,impfade,5min,rth,26776,170.7,-868.4,-136218.0,22.1,136347.0,0,4,"{""2023"": -18773.0, ""2024"": -37041.0, ""2025"": -51201.0, ""2026"": -29203.0}"
IMPF_5min_w3i6_s8t20_all,impfade,5min,all,51900,330.9,-1315.9,-206411.0,25.6,206626.0,0,4,"{""2023"": -20673.0, ""2024"": -55985.0, ""2025"": -81073.0, ""2026"": -48680.0}"
IMPF_5min_w3i6_s8t20_rth,impfade,5min,rth,24495,156.2,-740.4,-116130.0,24.3,116231.0,0,4,"{""2023"": -14194.0, ""2024"": -31202.0, ""2025"": -45090.0, ""2026"": -25644.0}"
IMPF_5min_w3i6_s8t30_all,impfade,5min,all,44853,285.9,-1027.7,-161200.0,19.4,161546.0,0,4,"{""2023"": -16636.0, ""2024"": -42521.0, ""2025"": -64000.0, ""2026"": -38044.0}"
IMPF_5min_w3i6_s8t30_rth,impfade,5min,rth,22195,141.5,-560.1,-87858.0,19.0,88135.0,0,4,"{""2023"": -10830.0, ""2024"": -25105.0, ""2025"": -32348.0, ""2026"": -19575.0}"
IMPF_5min_w3i9_s5t10_all,impfade,5min,all,58572,373.4,-1800.6,-282433.0,25.0,282506.0,0,4,"{""2023"": -30954.0, ""2024"": -74176.0, ""2025"": -110053.0, ""2026"": -67251.0}"
IMPF_5min_w3i9_s5t10_rth,impfade,5min,rth,25906,165.2,-967.8,-151806.0,21.6,151838.0,0,4,"{""2023"": -20334.0, ""2024"": -43783.0, ""2025"": -56700.0, ""2026"": -30989.0}"
IMPF_5min_w3i9_s6t15_all,impfade,5min,all,54216,345.6,-1490.5,-233801.0,23.9,234035.0,0,4,"{""2023"": -25615.0, ""2024"": -59318.0, ""2025"": -92966.0, ""2026"": -55902.0}"
IMPF_5min_w3i9_s6t15_rth,impfade,5min,rth,24873,158.6,-802.2,-125829.0,22.1,125937.0,0,4,"{""2023"": -17326.0, ""2024"": -34046.0, ""2025"": -47691.0, ""2026"": -26765.0}"
IMPF_5min_w3i9_s8t20_all,impfade,5min,all,47868,305.2,-1237.6,-194132.0,25.5,194570.0,0,4,"{""2023"": -19148.0, ""2024"": -49257.0, ""2025"": -79208.0, ""2026"": -46519.0}"
IMPF_5min_w3i9_s8t20_rth,impfade,5min,rth,23100,147.3,-692.5,-108628.0,24.4,108729.0,0,4,"{""2023"": -14718.0, ""2024"": -27557.0, ""2025"": -42480.0, ""2026"": -23872.0}"
IMPF_5min_w3i9_s8t30_all,impfade,5min,all,42088,268.3,-961.2,-150767.0,19.5,151377.0,0,4,"{""2023"": -16114.0, ""2024"": -38742.0, ""2025"": -58858.0, ""2026"": -37052.0}"
IMPF_5min_w3i9_s8t30_rth,impfade,5min,rth,21126,134.7,-530.8,-83256.0,19.0,83517.0,0,4,"{""2023"": -11582.0, ""2024"": -22344.0, ""2025"": -31044.0, ""2026"": -18286.0}"
IMPF_5min_w3i14_s5t10_all,impfade,5min,all,44202,281.8,-1471.7,-230842.0,23.7,230957.0,0,4,"{""2023"": -22921.0, ""2024"": -58861.0, ""2025"": -91603.0, ""2026"": -57457.0}"
IMPF_5min_w3i14_s5t10_rth,impfade,5min,rth,21869,139.4,-856.7,-134384.0,20.7,134382.0,0,4,"{""2023"": -16625.0, ""2024"": -37805.0, ""2025"": -51797.0, ""2026"": -28156.0}"
IMPF_5min_w3i14_s6t15_all,impfade,5min,all,42436,270.5,-1240.2,-194532.0,23.2,194750.0,0,4,"{""2023"": -18652.0, ""2024"": -48182.0, ""2025"": -80449.0, ""2026"": -47250.0}"
IMPF_5min_w3i14_s6t15_rth,impfade,5min,rth,21340,136.0,-714.9,-112141.0,21.7,112165.0,0,4,"{""2023"": -13501.0, ""2024"": -28866.0, ""2025"": -45460.0, ""2026"": -24315.0}"
IMPF_5min_w3i14_s8t20_all,impfade,5min,all,39309,250.6,-1108.4,-173860.0,24.8,174272.0,0,4,"{""2023"": -17380.0, ""2024"": -43922.0, ""2025"": -72535.0, ""2026"": -40024.0}"
IMPF_5min_w3i14_s8t20_rth,impfade,5min,rth,20249,129.1,-641.2,-100577.0,23.9,100621.0,0,4,"{""2023"": -12215.0, ""2024"": -25222.0, ""2025"": -41188.0, ""2026"": -21952.0}"
IMPF_5min_w3i14_s8t30_all,impfade,5min,all,35869,228.7,-900.0,-141164.0,19.0,141470.0,0,4,"{""2023"": -14168.0, ""2024"": -35405.0, ""2025"": -58572.0, ""2026"": -33020.0}"
IMPF_5min_w3i14_s8t30_rth,impfade,5min,rth,18904,120.5,-506.5,-79454.0,18.6,79639.0,0,4,"{""2023"": -9962.0, ""2024"": -20512.0, ""2025"": -31945.0, ""2026"": -17034.0}"
THR_5min_k1.5_s6t12_all,thrust,5min,all,18369,117.1,-545.2,-85525.0,26.9,85696.0,0,4,"{""2023"": -10796.0, ""2024"": -25366.0, ""2025"": -30330.0, ""2026"": -19033.0}"
THR_5min_k1.5_s6t12_rth,thrust,5min,rth,6474,41.3,-277.8,-43573.0,21.2,43863.0,0,4,"{""2023"": -4057.0, ""2024"": -15385.0, ""2025"": -15750.0, ""2026"": -8380.0}"
THR_5min_k1.5_s8t16_all,thrust,5min,all,17018,108.5,-493.9,-77472.0,28.7,77609.0,0,4,"{""2023"": -8472.0, ""2024"": -22902.0, ""2025"": -27729.0, ""2026"": -18368.0}"
THR_5min_k1.5_s8t16_rth,thrust,5min,rth,6371,40.6,-273.3,-42870.0,24.2,43582.0,0,4,"{""2023"": -3699.0, ""2024"": -14709.0, ""2025"": -15774.0, ""2026"": -8689.0}"
THR_5min_k1.5_s10t25_all,thrust,5min,all,15066,96.0,-383.9,-60210.0,26.2,60306.0,0,4,"{""2023"": -5102.0, ""2024"": -18237.0, ""2025"": -22161.0, ""2026"": -14711.0}"
THR_5min_k1.5_s10t25_rth,thrust,5min,rth,6112,39.0,-210.4,-33006.0,24.2,34110.0,0,4,"{""2023"": -1406.0, ""2024"": -12992.0, ""2025"": -11671.0, ""2026"": -6936.0}"
THR_5min_k1.5_s12t36_all,thrust,5min,all,13201,84.2,-298.4,-46805.0,23.8,47675.0,0,4,"{""2023"": -3704.0, ""2024"": -14439.0, ""2025"": -16137.0, ""2026"": -12526.0}"
THR_5min_k1.5_s12t36_rth,thrust,5min,rth,5781,36.9,-176.0,-27612.0,22.5,29652.0,0,4,"{""2023"": -296.0, ""2024"": -10821.0, ""2025"": -9333.0, ""2026"": -7162.0}"
THR_5min_k2.0_s6t12_all,thrust,5min,all,7287,46.5,-247.3,-38794.0,25.0,38824.0,0,4,"{""2023"": -4653.0, ""2024"": -12417.0, ""2025"": -13860.0, ""2026"": -7864.0}"
THR_5min_k2.0_s6t12_rth,thrust,5min,rth,2865,18.3,-136.8,-21462.0,19.1,21508.0,0,4,"{""2023"": -2307.0, ""2024"": -7450.0, ""2025"": -7821.0, ""2026"": -3884.0}"
THR_5min_k2.0_s8t16_all,thrust,5min,all,7045,44.9,-233.6,-36640.0,27.3,36686.0,0,4,"{""2023"": -4476.0, ""2024"": -11379.0, ""2025"": -12871.0, ""2026"": -7914.0}"
THR_5min_k2.0_s8t16_rth,thrust,5min,rth,2842,18.1,-138.4,-21714.0,22.3,21831.0,0,4,"{""2023"": -2247.0, ""2024"": -7299.0, ""2025"": -7945.0, ""2026"": -4224.0}"
THR_5min_k2.0_s10t25_all,thrust,5min,all,6641,42.3,-187.7,-29448.0,25.6,29825.0,0,4,"{""2023"": -2010.0, ""2024"": -9674.0, ""2025"": -11034.0, ""2026"": -6730.0}"
THR_5min_k2.0_s10t25_rth,thrust,5min,rth,2772,17.7,-109.7,-17210.0,23.1,17666.0,0,4,"{""2023"": -839.0, ""2024"": -6695.0, ""2025"": -6439.0, ""2026"": -3237.0}"
THR_5min_k2.0_s12t36_all,thrust,5min,all,6169,39.3,-151.2,-23711.0,23.5,24496.0,0,4,"{""2023"": -2564.0, ""2024"": -7261.0, ""2025"": -8616.0, ""2026"": -5271.0}"
THR_5min_k2.0_s12t36_rth,thrust,5min,rth,2684,17.1,-81.2,-12733.0,22.5,13492.0,0,4,"{""2023"": -392.0, ""2024"": -4452.0, ""2025"": -5272.0, ""2026"": -2617.0}"
THR_5min_k3.0_s6t12_all,thrust,5min,all,1660,10.6,-69.7,-10937.0,21.6,10959.0,0,4,"{""2023"": -1384.0, ""2024"": -2808.0, ""2025"": -4417.0, ""2026"": -2329.0}"
THR_5min_k3.0_s6t12_rth,thrust,5min,rth,797,5.1,-41.1,-6451.0,17.4,6473.0,0,4,"{""2023"": -777.0, ""2024"": -1833.0, ""2025"": -2588.0, ""2026"": -1253.0}"
THR_5min_k3.0_s8t16_all,thrust,5min,all,1650,10.5,-65.6,-10283.0,25.2,10362.0,0,4,"{""2023"": -1072.0, ""2024"": -2407.0, ""2025"": -4296.0, ""2026"": -2509.0}"
THR_5min_k3.0_s8t16_rth,thrust,5min,rth,795,5.1,-41.6,-6528.0,21.1,6558.0,0,4,"{""2023"": -686.0, ""2024"": -1742.0, ""2025"": -2721.0, ""2026"": -1379.0}"
THR_5min_k3.0_s10t25_all,thrust,5min,all,1627,10.4,-46.0,-7214.0,25.6,7433.0,0,4,"{""2023"": -511.0, ""2024"": -1242.0, ""2025"": -3265.0, ""2026"": -2196.0}"
THR_5min_k3.0_s10t25_rth,thrust,5min,rth,788,5.0,-33.3,-5220.0,22.5,5422.0,0,4,"{""2023"": -260.0, ""2024"": -1504.0, ""2025"": -2126.0, ""2026"": -1330.0}"
THR_5min_k3.0_s12t36_all,thrust,5min,all,1596,10.2,-41.0,-6429.0,23.2,6771.0,0,4,"{""2023"": -539.0, ""2024"": -660.0, ""2025"": -3238.0, ""2026"": -1992.0}"
THR_5min_k3.0_s12t36_rth,thrust,5min,rth,779,5.0,-27.4,-4304.0,21.7,4512.0,0,4,"{""2023"": -89.0, ""2024"": -1105.0, ""2025"": -1865.0, ""2026"": -1245.0}"
DONX_N8_5min_trail1.5h0_all,exit_eng,5min,all,19323,123.2,-1387.6,-217658.0,28.7,217910.0,0,4,"{""2023"": -28046.0, ""2024"": -64329.0, ""2025"": -77433.0, ""2026"": -47851.0}"
DONX_N8_5min_trail1.5h0_rth,exit_eng,5min,rth,6263,39.9,-608.1,-95389.0,31.4,95662.0,0,4,"{""2023"": -11491.0, ""2024"": -30431.0, ""2025"": -30663.0, ""2026"": -22805.0}"
DONX_N8_5min_trail1.5h10_all,exit_eng,5min,all,21942,139.9,-1225.2,-192176.0,20.6,192154.0,0,4,"{""2023"": -29141.0, ""2024"": -61469.0, ""2025"": -66369.0, ""2026"": -35197.0}"
DONX_N8_5min_trail1.5h10_rth,exit_eng,5min,rth,7754,49.4,-464.2,-72819.0,16.9,72830.0,0,4,"{""2023"": -10366.0, ""2024"": -26339.0, ""2025"": -22302.0, ""2026"": -13813.0}"
DONX_N8_5min_trail1.5h20_all,exit_eng,5min,all,20191,128.7,-1423.4,-223275.0,25.9,223419.0,0,4,"{""2023"": -31887.0, ""2024"": -69929.0, ""2025"": -78994.0, ""2026"": -42465.0}"
DONX_N8_5min_trail1.5h20_rth,exit_eng,5min,rth,6848,43.7,-576.2,-90378.0,25.5,90388.0,0,4,"{""2023"": -13304.0, ""2024"": -32186.0, ""2025"": -28345.0, ""2026"": -16543.0}"
DONX_N8_5min_trail2.5h0_all,exit_eng,5min,all,11071,70.6,-556.3,-87264.0,33.7,87354.0,0,4,"{""2023"": -13662.0, ""2024"": -29984.0, ""2025"": -26062.0, ""2026"": -17557.0}"
DONX_N8_5min_trail2.5h0_rth,exit_eng,5min,rth,3795,24.2,-190.5,-29881.0,35.6,29862.0,0,4,"{""2023"": -5158.0, ""2024"": -11297.0, ""2025"": -3615.0, ""2026"": -9811.0}"
DONX_N8_5min_trail2.5h10_all,exit_eng,5min,all,16683,106.4,-665.8,-104434.0,17.6,104463.0,0,4,"{""2023"": -14610.0, ""2024"": -36422.0, ""2025"": -32691.0, ""2026"": -20711.0}"
DONX_N8_5min_trail2.5h10_rth,exit_eng,5min,rth,6572,41.9,-253.5,-39758.0,12.7,39954.0,0,4,"{""2023"": -4360.0, ""2024"": -16426.0, ""2025"": -8674.0, ""2026"": -10298.0}"
DONX_N8_5min_trail2.5h20_all,exit_eng,5min,all,13435,85.7,-645.3,-101225.0,25.7,101269.0,0,4,"{""2023"": -15827.0, ""2024"": -34471.0, ""2025"": -34913.0, ""2026"": -16013.0}"
DONX_N8_5min_trail2.5h20_rth,exit_eng,5min,rth,5208,33.2,-227.7,-35713.0,21.7,36237.0,0,4,"{""2023"": -5608.0, ""2024"": -13437.0, ""2025"": -8175.0, ""2026"": -8493.0}"
DONX_N8_5min_trail4.0h0_all,exit_eng,5min,all,5430,34.6,-161.0,-25261.0,35.0,27287.0,0,4,"{""2023"": -5083.0, ""2024"": -5844.0, ""2025"": -6510.0, ""2026"": -7824.0}"
DONX_N8_5min_trail4.0h0_rth,exit_eng,5min,rth,2125,13.5,40.2,6299.0,39.9,7740.0,3,4,"{""2023"": 533.0, ""2024"": 3937.0, ""2025"": 7490.0, ""2026"": -5661.0}"
DONX_N8_5min_trail4.0h10_all,exit_eng,5min,all,12568,80.1,-323.9,-50808.0,12.6,51330.0,0,4,"{""2023"": -9021.0, ""2024"": -20712.0, ""2025"": -14712.0, ""2026"": -6363.0}"
DONX_N8_5min_trail4.0h10_rth,exit_eng,5min,rth,5700,36.3,-116.5,-18274.0,9.7,20128.0,0,4,"{""2023"": -1808.0, ""2024"": -10413.0, ""2025"": -833.0, ""2026"": -5220.0}"
DONX_N8_5min_trail4.0h20_all,exit_eng,5min,all,8839,56.4,-217.1,-34061.0,20.7,35891.0,0,4,"{""2023"": -8743.0, ""2024"": -12109.0, ""2025"": -11213.0, ""2026"": -1996.0}"
DONX_N8_5min_trail4.0h20_rth,exit_eng,5min,rth,4180,26.6,-38.7,-6074.0,17.6,10046.0,1,4,"{""2023"": -2471.0, ""2024"": -3516.0, ""2025"": 4503.0, ""2026"": -4589.0}"
DONX_N8_5min_time10h0_all,exit_eng,5min,all,12564,80.1,-214.8,-33693.0,46.6,34896.0,0,4,"{""2023"": -9298.0, ""2024"": -6186.0, ""2025"": -9961.0, ""2026"": -8249.0}"
DONX_N8_5min_time10h0_rth,exit_eng,5min,rth,4234,27.0,0.7,106.0,48.6,9345.0,1,4,"{""2023"": -927.0, ""2024"": 8244.0, ""2025"": -3573.0, ""2026"": -3638.0}"
DONX_N8_5min_time10h10_all,exit_eng,5min,all,18871,120.3,-332.5,-52155.0,22.4,52350.0,0,4,"{""2023"": -9706.0, ""2024"": -15051.0, ""2025"": -16363.0, ""2026"": -11035.0}"
DONX_N8_5min_time10h10_rth,exit_eng,5min,rth,7147,45.6,-110.7,-17364.0,14.9,18218.0,0,4,"{""2023"": -2491.0, ""2024"": -4892.0, ""2025"": -3669.0, ""2026"": -6312.0}"
DONX_N8_5min_time10h20_all,exit_eng,5min,all,15837,101.0,-270.8,-42483.0,33.5,42866.0,0,4,"{""2023"": -9618.0, ""2024"": -14876.0, ""2025"": -11531.0, ""2026"": -6459.0}"
DONX_N8_5min_time10h20_rth,exit_eng,5min,rth,5975,38.1,-75.3,-11810.0,26.8,12662.0,0,4,"{""2023"": -2135.0, ""2024"": -3152.0, ""2025"": -1331.0, ""2026"": -5191.0}"
DONX_N8_5min_time30h0_all,exit_eng,5min,all,5759,36.7,-86.6,-13585.0,48.6,23462.0,1,4,"{""2023"": -4899.0, ""2024"": -11411.0, ""2025"": -286.0, ""2026"": 3011.0}"
DONX_N8_5min_time30h0_rth,exit_eng,5min,rth,2204,14.1,93.9,14721.0,51.4,9389.0,3,4,"{""2023"": 1397.0, ""2024"": 10831.0, ""2025"": 4140.0, ""2026"": -1648.0}"
DONX_N8_5min_time30h10_all,exit_eng,5min,all,14189,90.5,-215.0,-33724.0,14.1,35417.0,0,4,"{""2023"": -4187.0, ""2024"": -15027.0, ""2025"": -8022.0, ""2026"": -6488.0}"
DONX_N8_5min_time30h10_rth,exit_eng,5min,rth,6065,38.7,-63.4,-9941.0,9.9,12359.0,2,4,"{""2023"": 432.0, ""2024"": -6809.0, ""2025"": 1416.0, ""2026"": -4981.0}"
DONX_N8_5min_time30h20_all,exit_eng,5min,all,10334,65.9,-69.5,-10905.0,24.9,16914.0,2,4,"{""2023"": -4702.0, ""2024"": -7373.0, ""2025"": 209.0, ""2026"": 960.0}"
DONX_N8_5min_time30h20_rth,exit_eng,5min,rth,4583,29.2,19.2,3017.0,19.0,6151.0,2,4,"{""2023"": 550.0, ""2024"": -1237.0, ""2025"": 5172.0, ""2026"": -1468.0}"
DONX_N8_5min_time60h0_all,exit_eng,5min,all,3165,20.2,60.0,9412.0,50.4,14480.0,3,4,"{""2023"": 1416.0, ""2024"": 4275.0, ""2025"": -3217.0, ""2026"": 6938.0}"
DONX_N8_5min_time60h0_rth,exit_eng,5min,rth,1506,9.6,20.8,3260.0,50.0,9878.0,3,4,"{""2023"": 3947.0, ""2024"": 3630.0, ""2025"": -5981.0, ""2026"": 1663.0}"
DONX_N8_5min_time60h10_all,exit_eng,5min,all,11616,74.1,-166.3,-26086.0,10.0,26591.0,0,4,"{""2023"": -3896.0, ""2024"": -10153.0, ""2025"": -5098.0, ""2026"": -6939.0}"
DONX_N8_5min_time60h10_rth,exit_eng,5min,rth,5441,34.7,-36.1,-5656.0,8.1,9685.0,2,4,"{""2023"": 348.0, ""2024"": -4990.0, ""2025"": 2442.0, ""2026"": -3457.0}"
DONX_N8_5min_time60h20_all,exit_eng,5min,all,7887,50.3,-49.5,-7757.0,18.3,12416.0,1,4,"{""2023"": -5070.0, ""2024"": -1479.0, ""2025"": -1515.0, ""2026"": 307.0}"
DONX_N8_5min_time60h20_rth,exit_eng,5min,rth,3898,24.9,57.6,9035.0,15.3,6616.0,2,4,"{""2023"": -1070.0, ""2024"": 3703.0, ""2025"": 9387.0, ""2026"": -2985.0}"
DONX_N20_5min_trail1.5h0_all,exit_eng,5min,all,12581,80.2,-923.5,-144863.0,28.5,144936.0,0,4,"{""2023"": -17405.0, ""2024"": -43261.0, ""2025"": -54010.0, ""2026"": -30188.0}"
DONX_N20_5min_trail1.5h0_rth,exit_eng,5min,rth,4184,26.7,-437.5,-68629.0,30.8,68639.0,0,4,"{""2023"": -6976.0, ""2024"": -21723.0, ""2025"": -23731.0, ""2026"": -16199.0}"
DONX_N20_5min_trail1.5h10_all,exit_eng,5min,all,14066,89.7,-793.5,-124469.0,20.6,124503.0,0,4,"{""2023"": -18346.0, ""2024"": -41535.0, ""2025"": -43719.0, ""2026"": -20870.0}"
DONX_N20_5min_trail1.5h10_rth,exit_eng,5min,rth,5070,32.3,-318.8,-50008.0,16.7,50018.0,0,4,"{""2023"": -6257.0, ""2024"": -19234.0, ""2025"": -16556.0, ""2026"": -7961.0}"
DONX_N20_5min_trail1.5h20_all,exit_eng,5min,all,13082,83.4,-933.8,-146478.0,25.6,146507.0,0,4,"{""2023"": -19846.0, ""2024"": -45372.0, ""2025"": -55169.0, ""2026"": -26091.0}"
DONX_N20_5min_trail1.5h20_rth,exit_eng,5min,rth,4546,29.0,-414.0,-64940.0,24.8,64966.0,0,4,"{""2023"": -8239.0, ""2024"": -22235.0, ""2025"": -23535.0, ""2026"": -10931.0}"
DONX_N20_5min_trail2.5h0_all,exit_eng,5min,all,8328,53.1,-470.0,-73725.0,33.2,73845.0,0,4,"{""2023"": -10998.0, ""2024"": -25813.0, ""2025"": -24448.0, ""2026"": -12465.0}"
DONX_N20_5min_trail2.5h0_rth,exit_eng,5min,rth,2881,18.4,-189.2,-29674.0,34.1,29816.0,0,4,"{""2023"": -4315.0, ""2024"": -10837.0, ""2025"": -6157.0, ""2026"": -8366.0}"
DONX_N20_5min_trail2.5h10_all,exit_eng,5min,all,11351,72.4,-458.5,-71917.0,17.5,71937.0,0,4,"{""2023"": -9199.0, ""2024"": -25970.0, ""2025"": -23981.0, ""2026"": -12767.0}"
DONX_N20_5min_trail2.5h10_rth,exit_eng,5min,rth,4443,28.3,-180.7,-28348.0,12.2,28862.0,0,4,"{""2023"": -2594.0, ""2024"": -11968.0, ""2025"": -8280.0, ""2026"": -5506.0}"
DONX_N20_5min_trail2.5h20_all,exit_eng,5min,all,9583,61.1,-472.7,-74142.0,25.7,74235.0,0,4,"{""2023"": -11000.0, ""2024"": -25935.0, ""2025"": -26695.0, ""2026"": -10512.0}"
DONX_N20_5min_trail2.5h20_rth,exit_eng,5min,rth,3688,23.5,-189.9,-29785.0,20.7,30997.0,0,4,"{""2023"": -3863.0, ""2024"": -10852.0, ""2025"": -10382.0, ""2026"": -4687.0}"
DONX_N20_5min_trail4.0h0_all,exit_eng,5min,all,4864,31.0,-111.1,-17428.0,35.0,20354.0,0,4,"{""2023"": -4295.0, ""2024"": -4963.0, ""2025"": -4745.0, ""2026"": -3424.0}"
DONX_N20_5min_trail4.0h0_rth,exit_eng,5min,rth,1890,12.0,-9.8,-1531.0,39.0,11365.0,3,4,"{""2023"": 685.0, ""2024"": 1002.0, ""2025"": 1776.0, ""2026"": -4995.0}"
DONX_N20_5min_trail4.0h10_all,exit_eng,5min,all,9321,59.4,-221.2,-34694.0,12.8,35393.0,0,4,"{""2023"": -6798.0, ""2024"": -13709.0, ""2025"": -10894.0, ""2026"": -3294.0}"
DONX_N20_5min_trail4.0h10_rth,exit_eng,5min,rth,4058,25.9,-84.0,-13176.0,9.6,15200.0,0,4,"{""2023"": -964.0, ""2024"": -7428.0, ""2025"": -3322.0, ""2026"": -1462.0}"
DONX_N20_5min_trail4.0h20_all,exit_eng,5min,all,7040,44.9,-153.1,-24010.0,21.3,27144.0,0,4,"{""2023"": -6947.0, ""2024"": -10316.0, ""2025"": -5755.0, ""2026"": -992.0}"
DONX_N20_5min_trail4.0h20_rth,exit_eng,5min,rth,3184,20.3,-44.1,-6925.0,17.2,10466.0,0,4,"{""2023"": -1073.0, ""2024"": -3354.0, ""2025"": -1013.0, ""2026"": -1486.0}"
DONX_N20_5min_time10h0_all,exit_eng,5min,all,9169,58.5,-129.6,-20326.0,47.1,21544.0,0,4,"{""2023"": -4044.0, ""2024"": -2479.0, ""2025"": -12733.0, ""2026"": -1070.0}"
DONX_N20_5min_time10h0_rth,exit_eng,5min,rth,3131,20.0,-26.2,-4103.0,47.9,9624.0,3,4,"{""2023"": 535.0, ""2024"": 2636.0, ""2025"": -7629.0, ""2026"": 354.0}"
DONX_N20_5min_time10h10_all,exit_eng,5min,all,12277,78.3,-203.2,-31875.0,21.9,31993.0,0,4,"{""2023"": -4716.0, ""2024"": -11247.0, ""2025"": -12014.0, ""2026"": -3898.0}"
DONX_N20_5min_time10h10_rth,exit_eng,5min,rth,4701,30.0,-81.6,-12801.0,14.0,13888.0,0,4,"{""2023"": -800.0, ""2024"": -5751.0, ""2025"": -4651.0, ""2026"": -1599.0}"
DONX_N20_5min_time10h20_all,exit_eng,5min,all,10740,68.5,-163.1,-25580.0,33.5,26823.0,0,4,"{""2023"": -5489.0, ""2024"": -8903.0, ""2025"": -10352.0, ""2026"": -836.0}"
DONX_N20_5min_time10h20_rth,exit_eng,5min,rth,4042,25.8,-70.3,-11024.0,25.5,12532.0,0,4,"{""2023"": -621.0, ""2024"": -4052.0, ""2025"": -5455.0, ""2026"": -896.0}"
DONX_N20_5min_time30h0_all,exit_eng,5min,all,5003,31.9,-40.0,-6273.0,49.3,12027.0,1,4,"{""2023"": -2899.0, ""2024"": -3534.0, ""2025"": 3919.0, ""2026"": -3759.0}"
DONX_N20_5min_time30h0_rth,exit_eng,5min,rth,1848,11.8,4.0,624.0,50.0,13597.0,1,4,"{""2023"": -1051.0, ""2024"": 6811.0, ""2025"": -1201.0, ""2026"": -3934.0}"
DONX_N20_5min_time30h10_all,exit_eng,5min,all,10225,65.2,-118.4,-18578.0,14.4,19339.0,0,4,"{""2023"": -3460.0, ""2024"": -7989.0, ""2025"": -4726.0, ""2026"": -2402.0}"
DONX_N20_5min_time30h10_rth,exit_eng,5min,rth,4241,27.0,-40.5,-6350.0,9.8,9816.0,0,4,"{""2023"": -146.0, ""2024"": -4832.0, ""2025"": -497.0, ""2026"": -875.0}"
DONX_N20_5min_time30h20_all,exit_eng,5min,all,7992,51.0,-44.0,-6895.0,25.1,12936.0,2,4,"{""2023"": -3308.0, ""2024"": -3890.0, ""2025"": 225.0, ""2026"": 78.0}"
DONX_N20_5min_time30h20_rth,exit_eng,5min,rth,3398,21.7,-7.6,-1198.0,18.2,6379.0,1,4,"{""2023"": -210.0, ""2024"": -591.0, ""2025"": 190.0, ""2026"": -587.0}"
DONX_N20_5min_time60h0_all,exit_eng,5min,all,2936,18.7,-70.0,-10974.0,48.8,14727.0,1,4,"{""2023"": -2779.0, ""2024"": -10383.0, ""2025"": 3741.0, ""2026"": -1554.0}"
DONX_N20_5min_time60h0_rth,exit_eng,5min,rth,1376,8.8,67.5,10590.0,51.0,8856.0,3,4,"{""2023"": 1783.0, ""2024"": 3332.0, ""2025"": -1404.0, ""2026"": 6879.0}"
DONX_N20_5min_time60h10_all,exit_eng,5min,all,8757,55.8,-77.7,-12188.0,10.5,12843.0,0,4,"{""2023"": -3106.0, ""2024"": -3005.0, ""2025"": -4956.0, ""2026"": -1121.0}"
DONX_N20_5min_time60h10_rth,exit_eng,5min,rth,3929,25.0,-12.4,-1950.0,8.3,8243.0,3,4,"{""2023"": 70.0, ""2024"": -3636.0, ""2025"": 334.0, ""2026"": 1282.0}"
DONX_N20_5min_time60h20_all,exit_eng,5min,all,6357,40.5,13.3,2087.0,19.2,9171.0,3,4,"{""2023"": -3307.0, ""2024"": 275.0, ""2025"": 1638.0, ""2026"": 3480.0}"
DONX_N20_5min_time60h20_rth,exit_eng,5min,rth,3051,19.5,26.1,4092.0,15.2,4561.0,3,4,"{""2023"": 58.0, ""2024"": 1782.0, ""2025"": 2257.0, ""2026"": -4.0}"
DONX_N40_5min_trail1.5h0_all,exit_eng,5min,all,8907,56.8,-682.8,-107107.0,28.8,107114.0,0,4,"{""2023"": -13662.0, ""2024"": -31832.0, ""2025"": -38664.0, ""2026"": -22949.0}"
DONX_N40_5min_trail1.5h0_rth,exit_eng,5min,rth,3129,19.9,-331.1,-51941.0,31.4,51925.0,0,4,"{""2023"": -5589.0, ""2024"": -16016.0, ""2025"": -18369.0, ""2026"": -11967.0}"
DONX_N40_5min_trail1.5h10_all,exit_eng,5min,all,10013,63.8,-576.4,-90413.0,20.3,90460.0,0,4,"{""2023"": -13707.0, ""2024"": -29839.0, ""2025"": -31706.0, ""2026"": -15160.0}"
DONX_N40_5min_trail1.5h10_rth,exit_eng,5min,rth,3803,24.2,-238.7,-37439.0,16.5,37433.0,0,4,"{""2023"": -4836.0, ""2024"": -14063.0, ""2025"": -13053.0, ""2026"": -5487.0}"
DONX_N40_5min_trail1.5h20_all,exit_eng,5min,all,9269,59.1,-675.5,-105950.0,25.8,105957.0,0,4,"{""2023"": -14863.0, ""2024"": -32952.0, ""2025"": -39235.0, ""2026"": -18900.0}"
DONX_N40_5min_trail1.5h20_rth,exit_eng,5min,rth,3398,21.7,-306.1,-48019.0,25.0,48333.0,0,4,"{""2023"": -6209.0, ""2024"": -16621.0, ""2025"": -17924.0, ""2026"": -7266.0}"
DONX_N40_5min_trail2.5h0_all,exit_eng,5min,all,5926,37.8,-314.8,-49374.0,33.3,49494.0,0,4,"{""2023"": -8551.0, ""2024"": -17714.0, ""2025"": -16747.0, ""2026"": -6362.0}"
DONX_N40_5min_trail2.5h0_rth,exit_eng,5min,rth,2129,13.6,-103.2,-16181.0,34.7,17104.0,0,4,"{""2023"": -3134.0, ""2024"": -7273.0, ""2025"": -3487.0, ""2026"": -2287.0}"
DONX_N40_5min_trail2.5h10_all,exit_eng,5min,all,8180,52.1,-347.1,-54442.0,16.8,54497.0,0,4,"{""2023"": -7572.0, ""2024"": -19838.0, ""2025"": -17392.0, ""2026"": -9640.0}"
DONX_N40_5min_trail2.5h10_rth,exit_eng,5min,rth,3327,21.2,-129.8,-20363.0,12.0,20748.0,0,4,"{""2023"": -2197.0, ""2024"": -8513.0, ""2025"": -5669.0, ""2026"": -3986.0}"
DONX_N40_5min_trail2.5h20_all,exit_eng,5min,all,6871,43.8,-343.4,-53867.0,25.1,53862.0,0,4,"{""2023"": -8210.0, ""2024"": -18326.0, ""2025"": -18474.0, ""2026"": -8857.0}"
DONX_N40_5min_trail2.5h20_rth,exit_eng,5min,rth,2751,17.5,-129.0,-20229.0,20.4,21799.0,0,4,"{""2023"": -2963.0, ""2024"": -7127.0, ""2025"": -6993.0, ""2026"": -3147.0}"
DONX_N40_5min_trail4.0h0_all,exit_eng,5min,all,3893,24.8,-56.9,-8928.0,35.6,15020.0,1,4,"{""2023"": -5245.0, ""2024"": -4647.0, ""2025"": -579.0, ""2026"": 1542.0}"
DONX_N40_5min_trail4.0h0_rth,exit_eng,5min,rth,1534,9.8,38.4,6018.0,39.6,5467.0,3,4,"{""2023"": -904.0, ""2024"": 2477.0, ""2025"": 4395.0, ""2026"": 49.0}"
DONX_N40_5min_trail4.0h10_all,exit_eng,5min,all,7053,45.0,-194.0,-30431.0,12.5,30583.0,0,4,"{""2023"": -5092.0, ""2024"": -11485.0, ""2025"": -10487.0, ""2026"": -3368.0}"
DONX_N40_5min_trail4.0h10_rth,exit_eng,5min,rth,3121,19.9,-73.4,-11514.0,9.0,13254.0,0,4,"{""2023"": -285.0, ""2024"": -5940.0, ""2025"": -4471.0, ""2026"": -818.0}"
DONX_N40_5min_trail4.0h20_all,exit_eng,5min,all,5424,34.6,-125.6,-19699.0,21.1,22419.0,0,4,"{""2023"": -5062.0, ""2024"": -7441.0, ""2025"": -4538.0, ""2026"": -2659.0}"
DONX_N40_5min_trail4.0h20_rth,exit_eng,5min,rth,2460,15.7,-32.0,-5025.0,16.7,9709.0,1,4,"{""2023"": -1032.0, ""2024"": -2029.0, ""2025"": -2211.0, ""2026"": 247.0}"
DONX_N40_5min_time10h0_all,exit_eng,5min,all,6664,42.5,-61.8,-9697.0,47.5,14432.0,1,4,"{""2023"": -3531.0, ""2024"": -1029.0, ""2025"": -9359.0, ""2026"": 4222.0}"
DONX_N40_5min_time10h0_rth,exit_eng,5min,rth,2365,15.1,16.6,2610.0,49.3,8751.0,3,4,"{""2023"": 507.0, ""2024"": 4417.0, ""2025"": -7582.0, ""2026"": 5268.0}"
DONX_N40_5min_time10h10_all,exit_eng,5min,all,8768,55.9,-143.7,-22536.0,21.1,22725.0,0,4,"{""2023"": -3832.0, ""2024"": -6856.0, ""2025"": -9421.0, ""2026"": -2427.0}"
DONX_N40_5min_time10h10_rth,exit_eng,5min,rth,3528,22.5,-63.3,-9923.0,13.8,10488.0,0,4,"{""2023"": -712.0, ""2024"": -3507.0, ""2025"": -4970.0, ""2026"": -734.0}"
DONX_N40_5min_time10h20_all,exit_eng,5min,all,7654,48.8,-93.9,-14724.0,33.1,16377.0,0,4,"{""2023"": -3266.0, ""2024"": -3649.0, ""2025"": -7522.0, ""2026"": -287.0}"
DONX_N40_5min_time10h20_rth,exit_eng,5min,rth,3004,19.2,-27.1,-4253.0,25.7,7877.0,1,4,"{""2023"": -66.0, ""2024"": -921.0, ""2025"": -4301.0, ""2026"": 1035.0}"
DONX_N40_5min_time30h0_all,exit_eng,5min,all,4077,26.0,-6.6,-1035.0,49.2,11494.0,1,4,"{""2023"": -5540.0, ""2024"": -1825.0, ""2025"": -2238.0, ""2026"": 8567.0}"
DONX_N40_5min_time30h0_rth,exit_eng,5min,rth,1537,9.8,32.9,5161.0,50.6,7750.0,3,4,"{""2023"": 1653.0, ""2024"": 4129.0, ""2025"": 436.0, ""2026"": -1057.0}"
DONX_N40_5min_time30h10_all,exit_eng,5min,all,7583,48.3,-97.7,-15324.0,13.7,16810.0,0,4,"{""2023"": -2060.0, ""2024"": -6109.0, ""2025"": -5356.0, ""2026"": -1799.0}"
DONX_N40_5min_time30h10_rth,exit_eng,5min,rth,3223,20.5,-36.9,-5794.0,9.3,8212.0,2,4,"{""2023"": 506.0, ""2024"": -3213.0, ""2025"": -3144.0, ""2026"": 57.0}"
DONX_N40_5min_time30h20_all,exit_eng,5min,all,6069,38.7,-48.4,-7588.0,24.6,13288.0,0,4,"{""2023"": -2852.0, ""2024"": -1303.0, ""2025"": -1826.0, ""2026"": -1607.0}"
DONX_N40_5min_time30h20_rth,exit_eng,5min,rth,2589,16.5,-3.7,-584.0,17.6,7498.0,3,4,"{""2023"": 572.0, ""2024"": 75.0, ""2025"": -2090.0, ""2026"": 859.0}"
DONX_N40_5min_time60h0_all,exit_eng,5min,all,2603,16.6,-41.8,-6553.0,48.7,13810.0,1,4,"{""2023"": -749.0, ""2024"": -7768.0, ""2025"": -2919.0, ""2026"": 4883.0}"
DONX_N40_5min_time60h0_rth,exit_eng,5min,rth,1177,7.5,61.1,9585.0,52.3,8135.0,3,4,"{""2023"": 2392.0, ""2024"": 4341.0, ""2025"": -1593.0, ""2026"": 4444.0}"
DONX_N40_5min_time60h10_all,exit_eng,5min,all,6841,43.6,-80.9,-12696.0,10.0,14090.0,0,4,"{""2023"": -1520.0, ""2024"": -4110.0, ""2025"": -6398.0, ""2026"": -668.0}"
DONX_N40_5min_time60h10_rth,exit_eng,5min,rth,3071,19.6,-20.9,-3280.0,7.9,6715.0,2,4,"{""2023"": 157.0, ""2024"": -2463.0, ""2025"": -2103.0, ""2026"": 1129.0}"
DONX_N40_5min_time60h20_all,exit_eng,5min,all,5144,32.8,9.5,1492.0,19.1,7696.0,2,4,"{""2023"": -1059.0, ""2024"": 1410.0, ""2025"": 1428.0, ""2026"": -287.0}"
DONX_N40_5min_time60h20_rth,exit_eng,5min,rth,2410,15.4,29.7,4654.0,14.9,5241.0,4,4,"{""2023"": 167.0, ""2024"": 2070.0, ""2025"": 236.0, ""2026"": 2182.0}"
THRX_k1.5_5min_trail1.5h0_all,exit_eng,5min,all,16535,105.4,-1276.5,-200228.0,27.9,200541.0,0,4,"{""2023"": -25866.0, ""2024"": -62244.0, ""2025"": -70833.0, ""2026"": -41286.0}"
THRX_k1.5_5min_trail1.5h0_rth,exit_eng,5min,rth,5510,35.1,-634.3,-99493.0,29.3,99508.0,0,4,"{""2023"": -11393.0, ""2024"": -34739.0, ""2025"": -32347.0, ""2026"": -21015.0}"
THRX_k1.5_5min_trail1.5h10_all,exit_eng,5min,all,17696,112.8,-1031.5,-161805.0,20.6,161911.0,0,4,"{""2023"": -24948.0, ""2024"": -53497.0, ""2025"": -53071.0, ""2026"": -30289.0}"
THRX_k1.5_5min_trail1.5h10_rth,exit_eng,5min,rth,6102,38.9,-398.1,-62440.0,16.8,62437.0,0,4,"{""2023"": -8476.0, ""2024"": -24967.0, ""2025"": -18854.0, ""2026"": -10142.0}"
THRX_k1.5_5min_trail1.5h20_all,exit_eng,5min,all,16919,107.9,-1264.0,-198262.0,25.4,198575.0,0,4,"{""2023"": -28296.0, ""2024"": -63990.0, ""2025"": -69786.0, ""2026"": -36190.0}"
THRX_k1.5_5min_trail1.5h20_rth,exit_eng,5min,rth,5774,36.8,-573.3,-89920.0,24.3,89918.0,0,4,"{""2023"": -11887.0, ""2024"": -33820.0, ""2025"": -29854.0, ""2026"": -14359.0}"
THRX_k1.5_5min_trail2.5h0_all,exit_eng,5min,all,9948,63.4,-602.2,-94460.0,33.5,94661.0,0,4,"{""2023"": -15230.0, ""2024"": -30273.0, ""2025"": -30423.0, ""2026"": -18533.0}"
THRX_k1.5_5min_trail2.5h0_rth,exit_eng,5min,rth,3545,22.6,-320.0,-50189.0,33.1,50695.0,0,4,"{""2023"": -6859.0, ""2024"": -15429.0, ""2025"": -15598.0, ""2026"": -12302.0}"
THRX_k1.5_5min_trail2.5h10_all,exit_eng,5min,all,13603,86.7,-552.0,-86581.0,18.1,86629.0,0,4,"{""2023"": -11203.0, ""2024"": -30648.0, ""2025"": -26142.0, ""2026"": -18588.0}"
THRX_k1.5_5min_trail2.5h10_rth,exit_eng,5min,rth,5299,33.8,-232.5,-36475.0,12.4,36749.0,0,4,"{""2023"": -4076.0, ""2024"": -14957.0, ""2025"": -9522.0, ""2026"": -7920.0}"
THRX_k1.5_5min_trail2.5h20_all,exit_eng,5min,all,11590,73.9,-617.5,-96860.0,25.8,97062.0,0,4,"{""2023"": -14897.0, ""2024"": -35295.0, ""2025"": -28283.0, ""2026"": -18385.0}"
THRX_k1.5_5min_trail2.5h20_rth,exit_eng,5min,rth,4592,29.3,-293.9,-46104.0,20.3,46212.0,0,4,"{""2023"": -6769.0, ""2024"": -18496.0, ""2025"": -11986.0, ""2026"": -8853.0}"
THRX_k1.5_5min_trail4.0h0_all,exit_eng,5min,all,5191,33.1,-201.3,-31575.0,34.0,35990.0,0,4,"{""2023"": -4704.0, ""2024"": -11290.0, ""2025"": -10882.0, ""2026"": -4699.0}"
THRX_k1.5_5min_trail4.0h0_rth,exit_eng,5min,rth,2044,13.0,39.8,6241.0,38.2,7001.0,3,4,"{""2023"": -180.0, ""2024"": 2410.0, ""2025"": 2283.0, ""2026"": 1727.0}"
THRX_k1.5_5min_trail4.0h10_all,exit_eng,5min,all,10409,66.4,-228.0,-35769.0,13.1,35929.0,0,4,"{""2023"": -7360.0, ""2024"": -11033.0, ""2025"": -9395.0, ""2026"": -7982.0}"
THRX_k1.5_5min_trail4.0h10_rth,exit_eng,5min,rth,4614,29.4,-66.9,-10500.0,9.8,11162.0,0,4,"{""2023"": -2075.0, ""2024"": -4451.0, ""2025"": -1073.0, ""2026"": -2901.0}"
THRX_k1.5_5min_trail4.0h20_all,exit_eng,5min,all,7869,50.2,-179.7,-28182.0,20.9,28550.0,0,4,"{""2023"": -7093.0, ""2024"": -12764.0, ""2025"": -6600.0, ""2026"": -1726.0}"
THRX_k1.5_5min_trail4.0h20_rth,exit_eng,5min,rth,3759,24.0,-102.4,-16057.0,16.8,17145.0,0,4,"{""2023"": -2438.0, ""2024"": -8828.0, ""2025"": -1029.0, ""2026"": -3761.0}"
THRX_k1.5_5min_time10h0_all,exit_eng,5min,all,9352,59.6,-69.9,-10963.0,47.8,13354.0,0,4,"{""2023"": -2472.0, ""2024"": -3474.0, ""2025"": -4811.0, ""2026"": -206.0}"
THRX_k1.5_5min_time10h0_rth,exit_eng,5min,rth,2919,18.6,-3.7,-588.0,48.5,6676.0,1,4,"{""2023"": -194.0, ""2024"": 3505.0, ""2025"": -2018.0, ""2026"": -1880.0}"
THRX_k1.5_5min_time10h10_all,exit_eng,5min,all,13960,89.0,-184.4,-28921.0,22.2,29202.0,0,4,"{""2023"": -6098.0, ""2024"": -12559.0, ""2025"": -1378.0, ""2026"": -8885.0}"
THRX_k1.5_5min_time10h10_rth,exit_eng,5min,rth,5136,32.7,-56.5,-8867.0,13.9,10592.0,1,4,"{""2023"": -1293.0, ""2024"": -6592.0, ""2025"": 1336.0, ""2026"": -2317.0}"
THRX_k1.5_5min_time10h20_all,exit_eng,5min,all,11909,75.9,-114.2,-17914.0,33.7,18592.0,1,4,"{""2023"": -4557.0, ""2024"": -12425.0, ""2025"": 275.0, ""2026"": -1207.0}"
THRX_k1.5_5min_time10h20_rth,exit_eng,5min,rth,4410,28.1,-43.7,-6853.0,24.6,10888.0,2,4,"{""2023"": -1027.0, ""2024"": -6754.0, ""2025"": 363.0, ""2026"": 566.0}"
THRX_k1.5_5min_time30h0_all,exit_eng,5min,all,4989,31.8,12.1,1900.0,49.0,12764.0,2,4,"{""2023"": -2506.0, ""2024"": 6563.0, ""2025"": -2239.0, ""2026"": 81.0}"
THRX_k1.5_5min_time30h0_rth,exit_eng,5min,rth,1846,11.8,21.2,3332.0,50.1,15376.0,3,4,"{""2023"": 2547.0, ""2024"": 9072.0, ""2025"": 446.0, ""2026"": -8733.0}"
THRX_k1.5_5min_time30h10_all,exit_eng,5min,all,11327,72.2,-92.3,-14471.0,14.3,15073.0,0,4,"{""2023"": -2019.0, ""2024"": -7484.0, ""2025"": -662.0, ""2026"": -4307.0}"
THRX_k1.5_5min_time30h10_rth,exit_eng,5min,rth,4747,30.3,-9.6,-1510.0,9.8,5707.0,1,4,"{""2023"": -61.0, ""2024"": -2266.0, ""2025"": 3303.0, ""2026"": -2485.0}"
THRX_k1.5_5min_time30h20_all,exit_eng,5min,all,8677,55.3,-35.2,-5515.0,24.7,11389.0,2,4,"{""2023"": -743.0, ""2024"": -7093.0, ""2025"": 2059.0, ""2026"": 261.0}"
THRX_k1.5_5min_time30h20_rth,exit_eng,5min,rth,3885,24.8,-10.4,-1637.0,17.4,10210.0,3,4,"{""2023"": 682.0, ""2024"": -6155.0, ""2025"": 3664.0, ""2026"": 171.0}"
THRX_k1.5_5min_time60h0_all,exit_eng,5min,all,2938,18.7,33.6,5264.0,49.6,18750.0,2,4,"{""2023"": -1013.0, ""2024"": -12288.0, ""2025"": 6114.0, ""2026"": 12451.0}"
THRX_k1.5_5min_time60h0_rth,exit_eng,5min,rth,1448,9.2,-74.3,-11658.0,48.4,18144.0,0,4,"{""2023"": -98.0, ""2024"": -2770.0, ""2025"": -7265.0, ""2026"": -1525.0}"
THRX_k1.5_5min_time60h10_all,exit_eng,5min,all,9705,61.9,-89.8,-14086.0,10.2,14360.0,0,4,"{""2023"": -2116.0, ""2024"": -8089.0, ""2025"": -837.0, ""2026"": -3044.0}"
THRX_k1.5_5min_time60h10_rth,exit_eng,5min,rth,4480,28.6,-1.9,-293.0,8.0,6795.0,1,4,"{""2023"": -144.0, ""2024"": -2246.0, ""2025"": 2682.0, ""2026"": -586.0}"
THRX_k1.5_5min_time60h20_all,exit_eng,5min,all,6983,44.5,-33.1,-5194.0,18.4,11027.0,2,4,"{""2023"": -2173.0, ""2024"": -6680.0, ""2025"": 1474.0, ""2026"": 2185.0}"
THRX_k1.5_5min_time60h20_rth,exit_eng,5min,rth,3544,22.6,11.6,1816.0,14.4,7857.0,3,4,"{""2023"": 1260.0, ""2024"": -4322.0, ""2025"": 4498.0, ""2026"": 381.0}"
THRX_k2.5_5min_trail1.5h0_all,exit_eng,5min,all,3172,20.2,-268.4,-42103.0,27.4,42087.0,0,4,"{""2023"": -4431.0, ""2024"": -13255.0, ""2025"": -15190.0, ""2026"": -9228.0}"
THRX_k2.5_5min_trail1.5h0_rth,exit_eng,5min,rth,1420,9.1,-156.4,-24527.0,28.7,24568.0,0,4,"{""2023"": -2351.0, ""2024"": -9084.0, ""2025"": -7794.0, ""2026"": -5299.0}"
THRX_k2.5_5min_trail1.5h10_all,exit_eng,5min,all,3195,20.4,-186.9,-29310.0,19.7,29287.0,0,4,"{""2023"": -4461.0, ""2024"": -9424.0, ""2025"": -9691.0, ""2026"": -5734.0}"
THRX_k2.5_5min_trail1.5h10_rth,exit_eng,5min,rth,1431,9.1,-88.2,-13832.0,18.1,13829.0,0,4,"{""2023"": -2144.0, ""2024"": -5105.0, ""2025"": -4391.0, ""2026"": -2191.0}"
THRX_k2.5_5min_trail1.5h20_all,exit_eng,5min,all,3179,20.3,-257.8,-40440.0,24.9,40424.0,0,4,"{""2023"": -5054.0, ""2024"": -13137.0, ""2025"": -15066.0, ""2026"": -7182.0}"
THRX_k2.5_5min_trail1.5h20_rth,exit_eng,5min,rth,1424,9.1,-142.4,-22344.0,25.1,22342.0,0,4,"{""2023"": -2863.0, ""2024"": -8439.0, ""2025"": -7591.0, ""2026"": -3452.0}"
THRX_k2.5_5min_trail2.5h0_all,exit_eng,5min,all,2808,17.9,-225.1,-35311.0,30.9,37894.0,0,4,"{""2023"": -5848.0, ""2024"": -10854.0, ""2025"": -12776.0, ""2026"": -5833.0}"
THRX_k2.5_5min_trail2.5h0_rth,exit_eng,5min,rth,1250,8.0,-128.5,-20161.0,31.0,22571.0,0,4,"{""2023"": -3198.0, ""2024"": -7589.0, ""2025"": -6973.0, ""2026"": -2401.0}"
THRX_k2.5_5min_trail2.5h10_all,exit_eng,5min,all,3048,19.4,-160.5,-25177.0,16.3,25154.0,0,4,"{""2023"": -4060.0, ""2024"": -8919.0, ""2025"": -6319.0, ""2026"": -5879.0}"
THRX_k2.5_5min_trail2.5h10_rth,exit_eng,5min,rth,1377,8.8,-72.3,-11334.0,13.1,11322.0,0,4,"{""2023"": -1762.0, ""2024"": -4827.0, ""2025"": -2794.0, ""2026"": -1950.0}"
THRX_k2.5_5min_trail2.5h20_all,exit_eng,5min,all,2930,18.7,-220.5,-34589.0,23.0,34641.0,0,4,"{""2023"": -5596.0, ""2024"": -10534.0, ""2025"": -11805.0, ""2026"": -6654.0}"
THRX_k2.5_5min_trail2.5h20_rth,exit_eng,5min,rth,1329,8.5,-115.1,-18051.0,20.0,18510.0,0,4,"{""2023"": -3198.0, ""2024"": -6461.0, ""2025"": -5908.0, ""2026"": -2484.0}"
THRX_k2.5_5min_trail4.0h0_all,exit_eng,5min,all,2212,14.1,15.2,2383.0,35.4,9309.0,1,4,"{""2023"": -2710.0, ""2024"": -2051.0, ""2025"": -1391.0, ""2026"": 8535.0}"
THRX_k2.5_5min_trail4.0h0_rth,exit_eng,5min,rth,988,6.3,62.0,9728.0,39.5,3612.0,4,4,"{""2023"": 643.0, ""2024"": 1459.0, ""2025"": 3206.0, ""2026"": 4420.0}"
THRX_k2.5_5min_trail4.0h10_all,exit_eng,5min,all,2861,18.2,-63.7,-9991.0,11.7,10427.0,0,4,"{""2023"": -3327.0, ""2024"": -4280.0, ""2025"": -807.0, ""2026"": -1577.0}"
THRX_k2.5_5min_trail4.0h10_rth,exit_eng,5min,rth,1314,8.4,12.3,1928.0,9.7,3159.0,2,4,"{""2023"": -752.0, ""2024"": -596.0, ""2025"": 2432.0, ""2026"": 843.0}"
THRX_k2.5_5min_trail4.0h20_all,exit_eng,5min,all,2624,16.7,-54.6,-8568.0,19.4,10101.0,1,4,"{""2023"": -3174.0, ""2024"": -3782.0, ""2025"": -1949.0, ""2026"": 338.0}"
THRX_k2.5_5min_trail4.0h20_rth,exit_eng,5min,rth,1233,7.9,10.0,1564.0,16.4,3779.0,2,4,"{""2023"": -29.0, ""2024"": -896.0, ""2025"": 964.0, ""2026"": 1525.0}"
THRX_k2.5_5min_time10h0_all,exit_eng,5min,all,2530,16.1,-12.5,-1954.0,47.4,6763.0,1,4,"{""2023"": -1054.0, ""2024"": -1006.0, ""2025"": -3001.0, ""2026"": 3107.0}"
THRX_k2.5_5min_time10h0_rth,exit_eng,5min,rth,1020,6.5,-2.9,-451.0,47.6,4333.0,3,4,"{""2023"": 770.0, ""2024"": 490.0, ""2025"": -2759.0, ""2026"": 1049.0}"
THRX_k2.5_5min_time10h10_all,exit_eng,5min,all,2969,18.9,-17.9,-2810.0,19.0,4912.0,1,4,"{""2023"": -1321.0, ""2024"": -572.0, ""2025"": 1720.0, ""2026"": -2637.0}"
THRX_k2.5_5min_time10h10_rth,exit_eng,5min,rth,1324,8.4,18.4,2883.0,12.9,1949.0,4,4,"{""2023"": 117.0, ""2024"": 348.0, ""2025"": 2028.0, ""2026"": 390.0}"
THRX_k2.5_5min_time10h20_all,exit_eng,5min,all,2840,18.1,-26.8,-4196.0,29.5,6162.0,1,4,"{""2023"": -1995.0, ""2024"": -1578.0, ""2025"": 29.0, ""2026"": -652.0}"
THRX_k2.5_5min_time10h20_rth,exit_eng,5min,rth,1255,8.0,3.0,477.0,21.4,4078.0,2,4,"{""2023"": -533.0, ""2024"": -439.0, ""2025"": 265.0, ""2026"": 1183.0}"
THRX_k2.5_5min_time30h0_all,exit_eng,5min,all,2109,13.4,104.5,16398.0,49.8,4401.0,4,4,"{""2023"": 750.0, ""2024"": 5837.0, ""2025"": 3666.0, ""2026"": 6145.0}"
THRX_k2.5_5min_time30h0_rth,exit_eng,5min,rth,931,5.9,64.1,10049.0,52.1,5827.0,4,4,"{""2023"": 2522.0, ""2024"": 4273.0, ""2025"": 62.0, ""2026"": 3193.0}"
THRX_k2.5_5min_time30h10_all,exit_eng,5min,all,2872,18.3,-12.6,-1983.0,12.1,5310.0,1,4,"{""2023"": -1842.0, ""2024"": -977.0, ""2025"": 1704.0, ""2026"": -868.0}"
THRX_k2.5_5min_time30h10_rth,exit_eng,5min,rth,1315,8.4,44.3,6955.0,10.0,2063.0,3,4,"{""2023"": -20.0, ""2024"": 1137.0, ""2025"": 3927.0, ""2026"": 1910.0}"
THRX_k2.5_5min_time30h20_all,exit_eng,5min,all,2653,16.9,21.7,3408.0,21.8,5295.0,3,4,"{""2023"": -1249.0, ""2024"": 476.0, ""2025"": 1953.0, ""2026"": 2228.0}"
THRX_k2.5_5min_time30h20_rth,exit_eng,5min,rth,1233,7.9,47.1,7395.0,17.0,2904.0,4,4,"{""2023"": 760.0, ""2024"": 1041.0, ""2025"": 2591.0, ""2026"": 3002.0}"
THRX_k2.5_5min_time60h0_all,exit_eng,5min,all,1750,11.2,48.1,7549.0,51.0,5309.0,3,4,"{""2023"": 3703.0, ""2024"": -1241.0, ""2025"": 797.0, ""2026"": 4290.0}"
THRX_k2.5_5min_time60h0_rth,exit_eng,5min,rth,842,5.4,30.5,4784.0,52.7,9062.0,3,4,"{""2023"": 2419.0, ""2024"": 1353.0, ""2025"": -3830.0, ""2026"": 4842.0}"
THRX_k2.5_5min_time60h10_all,exit_eng,5min,all,2804,17.9,-23.2,-3634.0,9.6,5605.0,1,4,"{""2023"": -1548.0, ""2024"": -1762.0, ""2025"": 286.0, ""2026"": -610.0}"
THRX_k2.5_5min_time60h10_rth,exit_eng,5min,rth,1307,8.3,47.9,7508.0,8.7,2047.0,3,4,"{""2023"": -77.0, ""2024"": 1577.0, ""2025"": 3965.0, ""2026"": 2043.0}"
THRX_k2.5_5min_time60h20_all,exit_eng,5min,all,2521,16.1,-1.4,-221.0,18.0,4228.0,2,4,"{""2023"": -427.0, ""2024"": 213.0, ""2025"": -1150.0, ""2026"": 1143.0}"
THRX_k2.5_5min_time60h20_rth,exit_eng,5min,rth,1219,7.8,49.5,7763.0,15.2,2332.0,4,4,"{""2023"": 684.0, ""2024"": 1824.0, ""2025"": 2024.0, ""2026"": 3231.0}"
RSI2_5min_trail1.5h0_all,exit_eng,5min,all,13606,86.7,-763.3,-119732.0,29.7,120358.0,0,4,"{""2023"": -17182.0, ""2024"": -34847.0, ""2025"": -47199.0, ""2026"": -20503.0}"
RSI2_5min_trail1.5h0_rth,exit_eng,5min,rth,4057,25.9,-305.2,-47869.0,31.0,49542.0,0,4,"{""2023"": -7429.0, ""2024"": -13590.0, ""2025"": -19788.0, ""2026"": -7061.0}"
RSI2_5min_trail1.5h10_all,exit_eng,5min,all,15508,98.9,-739.7,-116021.0,22.1,116460.0,0,4,"{""2023"": -17429.0, ""2024"": -34894.0, ""2025"": -43735.0, ""2026"": -19963.0}"
RSI2_5min_trail1.5h10_rth,exit_eng,5min,rth,5079,32.4,-265.1,-41576.0,17.1,42926.0,0,4,"{""2023"": -6690.0, ""2024"": -11441.0, ""2025"": -17133.0, ""2026"": -6312.0}"
RSI2_5min_trail1.5h20_all,exit_eng,5min,all,14145,90.2,-830.0,-130186.0,27.2,130737.0,0,4,"{""2023"": -18722.0, ""2024"": -37111.0, ""2025"": -49860.0, ""2026"": -24494.0}"
RSI2_5min_trail1.5h20_rth,exit_eng,5min,rth,4420,28.2,-303.7,-47642.0,25.8,48764.0,0,4,"{""2023"": -8238.0, ""2024"": -12240.0, ""2025"": -19281.0, ""2026"": -7883.0}"
RSI2_5min_trail2.5h0_all,exit_eng,5min,all,7816,49.8,-249.1,-39073.0,35.8,40266.0,0,4,"{""2023"": -6348.0, ""2024"": -12555.0, ""2025"": -11494.0, ""2026"": -8676.0}"
RSI2_5min_trail2.5h0_rth,exit_eng,5min,rth,2516,16.0,-56.4,-8842.0,37.5,9821.0,1,4,"{""2023"": -3477.0, ""2024"": -4044.0, ""2025"": 303.0, ""2026"": -1623.0}"
RSI2_5min_trail2.5h10_all,exit_eng,5min,all,11452,73.0,-337.5,-52936.0,19.4,53318.0,0,4,"{""2023"": -8174.0, ""2024"": -15429.0, ""2025"": -19820.0, ""2026"": -9513.0}"
RSI2_5min_trail2.5h10_rth,exit_eng,5min,rth,4316,27.5,-137.9,-21637.0,13.4,22463.0,0,4,"{""2023"": -4255.0, ""2024"": -5117.0, ""2025"": -8723.0, ""2026"": -3542.0}"
RSI2_5min_trail2.5h20_all,exit_eng,5min,all,9235,58.9,-318.4,-49940.0,27.8,50552.0,0,4,"{""2023"": -7431.0, ""2024"": -15945.0, ""2025"": -16417.0, ""2026"": -10147.0}"
RSI2_5min_trail2.5h20_rth,exit_eng,5min,rth,3391,21.6,-116.2,-18222.0,23.0,18812.0,0,4,"{""2023"": -3866.0, ""2024"": -4130.0, ""2025"": -6065.0, ""2026"": -4161.0}"
RSI2_5min_trail4.0h0_all,exit_eng,5min,all,4266,27.2,-106.5,-16700.0,35.7,19819.0,0,4,"{""2023"": -4530.0, ""2024"": -5473.0, ""2025"": -2823.0, ""2026"": -3875.0}"
RSI2_5min_trail4.0h0_rth,exit_eng,5min,rth,1608,10.3,-0.1,-9.0,39.1,8871.0,2,4,"{""2023"": -1675.0, ""2024"": -930.0, ""2025"": 2166.0, ""2026"": 429.0}"
RSI2_5min_trail4.0h10_all,exit_eng,5min,all,8677,55.3,-169.7,-26623.0,13.7,28113.0,0,4,"{""2023"": -5199.0, ""2024"": -3922.0, ""2025"": -12451.0, ""2026"": -5050.0}"
RSI2_5min_trail4.0h10_rth,exit_eng,5min,rth,3830,24.4,-90.1,-14136.0,9.6,15405.0,0,4,"{""2023"": -2559.0, ""2024"": -259.0, ""2025"": -8934.0, ""2026"": -2384.0}"
RSI2_5min_trail4.0h20_all,exit_eng,5min,all,6346,40.5,-124.1,-19471.0,22.0,22745.0,0,4,"{""2023"": -4762.0, ""2024"": -2695.0, ""2025"": -8266.0, ""2026"": -3749.0}"
RSI2_5min_trail4.0h20_rth,exit_eng,5min,rth,2838,18.1,-47.9,-7514.0,18.0,11916.0,1,4,"{""2023"": -2386.0, ""2024"": 538.0, ""2025"": -4537.0, ""2026"": -1129.0}"
RSI2_5min_time10h0_all,exit_eng,5min,all,9291,59.2,-37.4,-5870.0,49.4,11584.0,1,4,"{""2023"": -1580.0, ""2024"": -344.0, ""2025"": -5382.0, ""2026"": 1436.0}"
RSI2_5min_time10h0_rth,exit_eng,5min,rth,2984,19.0,11.0,1725.0,51.1,8793.0,2,4,"{""2023"": 1606.0, ""2024"": -611.0, ""2025"": 960.0, ""2026"": -229.0}"
RSI2_5min_time10h10_all,exit_eng,5min,all,13496,86.0,-229.4,-35989.0,24.4,36648.0,0,4,"{""2023"": -6470.0, ""2024"": -8932.0, ""2025"": -14894.0, ""2026"": -5693.0}"
RSI2_5min_time10h10_rth,exit_eng,5min,rth,4829,30.8,-112.4,-17631.0,15.5,18644.0,0,4,"{""2023"": -2442.0, ""2024"": -3860.0, ""2025"": -8211.0, ""2026"": -3118.0}"
RSI2_5min_time10h20_all,exit_eng,5min,all,11266,71.8,-143.6,-22527.0,36.2,25336.0,0,4,"{""2023"": -4207.0, ""2024"": -4180.0, ""2025"": -11445.0, ""2026"": -2695.0}"
RSI2_5min_time10h20_rth,exit_eng,5min,rth,3991,25.4,-57.4,-9008.0,28.5,10186.0,0,4,"{""2023"": -1250.0, ""2024"": -213.0, ""2025"": -6184.0, ""2026"": -1360.0}"
RSI2_5min_time30h0_all,exit_eng,5min,all,4707,30.0,62.3,9775.0,50.1,10266.0,2,4,"{""2023"": -484.0, ""2024"": 7044.0, ""2025"": 5169.0, ""2026"": -1955.0}"
RSI2_5min_time30h0_rth,exit_eng,5min,rth,1722,11.0,41.6,6523.0,51.3,11607.0,3,4,"{""2023"": -375.0, ""2024"": 1477.0, ""2025"": 4666.0, ""2026"": 754.0}"
RSI2_5min_time30h10_all,exit_eng,5min,all,10043,64.0,-103.5,-16240.0,15.7,17062.0,0,4,"{""2023"": -3004.0, ""2024"": -4981.0, ""2025"": -5269.0, ""2026"": -2985.0}"
RSI2_5min_time30h10_rth,exit_eng,5min,rth,4073,26.0,-49.8,-7806.0,10.4,10067.0,1,4,"{""2023"": -1483.0, ""2024"": 21.0, ""2025"": -5340.0, ""2026"": -1005.0}"
RSI2_5min_time30h20_all,exit_eng,5min,all,7512,47.9,4.3,676.0,26.8,5891.0,2,4,"{""2023"": -907.0, ""2024"": 566.0, ""2025"": 1142.0, ""2026"": -125.0}"
RSI2_5min_time30h20_rth,exit_eng,5min,rth,3104,19.8,23.0,3607.0,20.1,7178.0,3,4,"{""2023"": -865.0, ""2024"": 2888.0, ""2025"": 944.0, ""2026"": 640.0}"
RSI2_5min_time60h0_all,exit_eng,5min,all,2772,17.7,35.5,5570.0,49.7,20059.0,1,4,"{""2023"": -2472.0, ""2024"": 9083.0, ""2025"": -190.0, ""2026"": -851.0}"
RSI2_5min_time60h0_rth,exit_eng,5min,rth,1217,7.8,8.3,1303.0,49.9,11776.0,3,4,"{""2023"": -787.0, ""2024"": 368.0, ""2025"": 1116.0, ""2026"": 606.0}"
RSI2_5min_time60h10_all,exit_eng,5min,all,8133,51.8,-19.9,-3119.0,10.9,6372.0,1,4,"{""2023"": -2000.0, ""2024"": 2173.0, ""2025"": -1528.0, ""2026"": -1763.0}"
RSI2_5min_time60h10_rth,exit_eng,5min,rth,3681,23.5,-21.2,-3332.0,8.0,8224.0,1,4,"{""2023"": -678.0, ""2024"": 2197.0, ""2025"": -4326.0, ""2026"": -524.0}"
RSI2_5min_time60h20_all,exit_eng,5min,all,5684,36.2,64.0,10046.0,19.7,5159.0,4,4,"{""2023"": 79.0, ""2024"": 4407.0, ""2025"": 4990.0, ""2026"": 570.0}"
RSI2_5min_time60h20_rth,exit_eng,5min,rth,2670,17.0,31.1,4872.0,15.5,7365.0,3,4,"{""2023"": -178.0, ""2024"": 3527.0, ""2025"": 190.0, ""2026"": 1333.0}"
IMPX_w2i6_5min_trail1.5h0_all,exit_eng,5min,all,31049,197.9,-2254.0,-353561.0,29.5,354251.0,0,4,"{""2023"": -44782.0, ""2024"": -100988.0, ""2025"": -127339.0, ""2026"": -80452.0}"
IMPX_w2i6_5min_trail1.5h0_rth,exit_eng,5min,rth,11175,71.2,-1152.5,-180771.0,30.6,181529.0,0,4,"{""2023"": -25388.0, ""2024"": -48736.0, ""2025"": -67861.0, ""2026"": -38786.0}"
IMPX_w2i6_5min_trail1.5h10_all,exit_eng,5min,all,41506,264.6,-2233.1,-350281.0,19.9,350420.0,0,4,"{""2023"": -47934.0, ""2024"": -108539.0, ""2025"": -122167.0, ""2026"": -71641.0}"
IMPX_w2i6_5min_trail1.5h10_rth,exit_eng,5min,rth,17309,110.3,-974.0,-152777.0,16.1,153233.0,0,4,"{""2023"": -25194.0, ""2024"": -51334.0, ""2025"": -50363.0, ""2026"": -25887.0}"
IMPX_w2i6_5min_trail1.5h20_all,exit_eng,5min,all,34481,219.8,-2457.0,-385403.0,26.1,385717.0,0,4,"{""2023"": -47802.0, ""2024"": -115275.0, ""2025"": -143517.0, ""2026"": -78809.0}"
IMPX_w2i6_5min_trail1.5h20_rth,exit_eng,5min,rth,13639,87.0,-1160.7,-182059.0,24.4,182254.0,0,4,"{""2023"": -25562.0, ""2024"": -55757.0, ""2025"": -68661.0, ""2026"": -32080.0}"
IMPX_w2i6_5min_trail2.5h0_all,exit_eng,5min,all,13631,86.9,-753.0,-118116.0,34.0,118673.0,0,4,"{""2023"": -9910.0, ""2024"": -37028.0, ""2025"": -38087.0, ""2026"": -33092.0}"
IMPX_w2i6_5min_trail2.5h0_rth,exit_eng,5min,rth,5108,32.6,-472.6,-74138.0,33.5,74731.0,0,4,"{""2023"": -8359.0, ""2024"": -29133.0, ""2025"": -20326.0, ""2026"": -16320.0}"
IMPX_w2i6_5min_trail2.5h10_all,exit_eng,5min,all,27020,172.3,-967.0,-151688.0,16.4,152771.0,0,4,"{""2023"": -22099.0, ""2024"": -46102.0, ""2025"": -57450.0, ""2026"": -26037.0}"
IMPX_w2i6_5min_trail2.5h10_rth,exit_eng,5min,rth,12692,80.9,-484.3,-75963.0,12.1,79629.0,0,4,"{""2023"": -13948.0, ""2024"": -22998.0, ""2025"": -28141.0, ""2026"": -10876.0}"
IMPX_w2i6_5min_trail2.5h20_all,exit_eng,5min,all,18847,120.2,-836.8,-131261.0,25.0,132744.0,0,4,"{""2023"": -14113.0, ""2024"": -48754.0, ""2025"": -44392.0, ""2026"": -24002.0}"
IMPX_w2i6_5min_trail2.5h20_rth,exit_eng,5min,rth,8595,54.8,-454.3,-71258.0,20.2,75119.0,0,4,"{""2023"": -7761.0, ""2024"": -27693.0, ""2025"": -26702.0, ""2026"": -9102.0}"
IMPX_w2i6_5min_trail4.0h0_all,exit_eng,5min,all,6032,38.5,-429.4,-67347.0,34.5,70902.0,0,4,"{""2023"": -10444.0, ""2024"": -18799.0, ""2025"": -27823.0, ""2026"": -10281.0}"
IMPX_w2i6_5min_trail4.0h0_rth,exit_eng,5min,rth,2527,16.1,-212.0,-33258.0,35.9,35062.0,0,4,"{""2023"": -11565.0, ""2024"": -6229.0, ""2025"": -9248.0, ""2026"": -6216.0}"
IMPX_w2i6_5min_trail4.0h10_all,exit_eng,5min,all,18548,118.2,-445.5,-69876.0,11.7,74482.0,0,4,"{""2023"": -11034.0, ""2024"": -20115.0, ""2025"": -29125.0, ""2026"": -9602.0}"
IMPX_w2i6_5min_trail4.0h10_rth,exit_eng,5min,rth,10092,64.3,-283.2,-44421.0,8.5,48223.0,0,4,"{""2023"": -10721.0, ""2024"": -4431.0, ""2025"": -19527.0, ""2026"": -9741.0}"
IMPX_w2i6_5min_trail4.0h20_all,exit_eng,5min,all,11549,73.6,-352.5,-55296.0,19.8,61216.0,0,4,"{""2023"": -9427.0, ""2024"": -17210.0, ""2025"": -16421.0, ""2026"": -12238.0}"
IMPX_w2i6_5min_trail4.0h20_rth,exit_eng,5min,rth,6324,40.3,-205.3,-32204.0,15.9,35699.0,0,4,"{""2023"": -6880.0, ""2024"": -6890.0, ""2025"": -11791.0, ""2026"": -6643.0}"
IMPX_w2i6_5min_time10h0_all,exit_eng,5min,all,15687,100.0,-278.2,-43637.0,48.9,46212.0,0,4,"{""2023"": -7056.0, ""2024"": -16149.0, ""2025"": -9775.0, ""2026"": -10657.0}"
IMPX_w2i6_5min_time10h0_rth,exit_eng,5min,rth,5781,36.9,-173.5,-27217.0,48.6,33132.0,1,4,"{""2023"": -6137.0, ""2024"": -17207.0, ""2025"": -5967.0, ""2026"": 2095.0}"
IMPX_w2i6_5min_time10h10_all,exit_eng,5min,all,32856,209.5,-601.1,-94287.0,20.6,97171.0,0,4,"{""2023"": -15047.0, ""2024"": -25629.0, ""2025"": -34080.0, ""2026"": -19531.0}"
IMPX_w2i6_5min_time10h10_rth,exit_eng,5min,rth,14671,93.5,-286.3,-44901.0,14.5,48268.0,0,4,"{""2023"": -9537.0, ""2024"": -13497.0, ""2025"": -15392.0, ""2026"": -6474.0}"
IMPX_w2i6_5min_time10h20_all,exit_eng,5min,all,23933,152.6,-340.5,-53405.0,32.7,60307.0,0,4,"{""2023"": -11460.0, ""2024"": -19407.0, ""2025"": -21075.0, ""2026"": -1462.0}"
IMPX_w2i6_5min_time10h20_rth,exit_eng,5min,rth,10563,67.3,-225.4,-35363.0,25.6,40101.0,0,4,"{""2023"": -8384.0, ""2024"": -12172.0, ""2025"": -8366.0, ""2026"": -6441.0}"
IMPX_w2i6_5min_time30h0_all,exit_eng,5min,all,6276,40.0,-80.4,-12610.0,48.8,18582.0,1,4,"{""2023"": -2696.0, ""2024"": -6199.0, ""2025"": 10550.0, ""2026"": -14265.0}"
IMPX_w2i6_5min_time30h0_rth,exit_eng,5min,rth,2290,14.6,-56.8,-8912.0,49.0,17275.0,2,4,"{""2023"": -3807.0, ""2024"": -12081.0, ""2025"": 6940.0, ""2026"": 35.0}"
IMPX_w2i6_5min_time30h10_all,exit_eng,5min,all,22069,140.7,-328.5,-51520.0,12.9,59629.0,0,4,"{""2023"": -5581.0, ""2024"": -17873.0, ""2025"": -24191.0, ""2026"": -3875.0}"
IMPX_w2i6_5min_time30h10_rth,exit_eng,5min,rth,11012,70.2,-233.6,-36637.0,8.9,42072.0,0,4,"{""2023"": -8857.0, ""2024"": -8936.0, ""2025"": -17605.0, ""2026"": -1239.0}"
IMPX_w2i6_5min_time30h20_all,exit_eng,5min,all,14135,90.1,-165.3,-25932.0,23.1,30303.0,0,4,"{""2023"": -8347.0, ""2024"": -9844.0, ""2025"": -2713.0, ""2026"": -5028.0}"
IMPX_w2i6_5min_time30h20_rth,exit_eng,5min,rth,7068,45.1,-45.1,-7075.0,17.7,13882.0,2,4,"{""2023"": -4789.0, ""2024"": -7375.0, ""2025"": 715.0, ""2026"": 4374.0}"
IMPX_w2i6_5min_time60h0_all,exit_eng,5min,all,3320,21.2,4.1,645.0,50.0,11661.0,1,4,"{""2023"": -45.0, ""2024"": -1520.0, ""2025"": 11162.0, ""2026"": -8953.0}"
IMPX_w2i6_5min_time60h0_rth,exit_eng,5min,rth,1518,9.7,-56.1,-8801.0,49.5,22854.0,2,4,"{""2023"": -5610.0, ""2024"": -9958.0, ""2025"": 4150.0, ""2026"": 2616.0}"
IMPX_w2i6_5min_time60h10_all,exit_eng,5min,all,17199,109.6,-274.4,-43048.0,8.9,48964.0,0,4,"{""2023"": -12816.0, ""2024"": -9521.0, ""2025"": -16573.0, ""2026"": -4138.0}"
IMPX_w2i6_5min_time60h10_rth,exit_eng,5min,rth,9313,59.4,-107.7,-16891.0,7.1,22488.0,1,4,"{""2023"": -8203.0, ""2024"": -1603.0, ""2025"": -7982.0, ""2026"": 897.0}"
IMPX_w2i6_5min_time60h20_all,exit_eng,5min,all,10263,65.4,-88.2,-13833.0,16.9,21314.0,1,4,"{""2023"": -1855.0, ""2024"": -13430.0, ""2025"": 4975.0, ""2026"": -3522.0}"
IMPX_w2i6_5min_time60h20_rth,exit_eng,5min,rth,5688,36.3,-11.7,-1832.0,13.8,12452.0,2,4,"{""2023"": -2237.0, ""2024"": -6995.0, ""2025"": 7053.0, ""2026"": 347.0}"
IMPX_w3i9_5min_trail1.5h0_all,exit_eng,5min,all,28760,183.4,-2145.9,-336602.0,29.6,337610.0,0,4,"{""2023"": -37790.0, ""2024"": -95950.0, ""2025"": -127567.0, ""2026"": -75295.0}"
IMPX_w3i9_5min_trail1.5h0_rth,exit_eng,5min,rth,10914,69.6,-1100.6,-172636.0,30.7,173231.0,0,4,"{""2023"": -22307.0, ""2024"": -49284.0, ""2025"": -69448.0, ""2026"": -31597.0}"
IMPX_w3i9_5min_trail1.5h10_all,exit_eng,5min,all,38424,245.0,-2085.3,-327101.0,19.6,327466.0,0,4,"{""2023"": -39350.0, ""2024"": -101785.0, ""2025"": -119098.0, ""2026"": -66868.0}"
IMPX_w3i9_5min_trail1.5h10_rth,exit_eng,5min,rth,16774,106.9,-921.5,-144538.0,16.4,145870.0,0,4,"{""2023"": -20470.0, ""2024"": -48434.0, ""2025"": -50668.0, ""2026"": -24966.0}"
IMPX_w3i9_5min_trail1.5h20_all,exit_eng,5min,all,32084,204.5,-2324.9,-364671.0,25.9,365153.0,0,4,"{""2023"": -41906.0, ""2024"": -111785.0, ""2025"": -134194.0, ""2026"": -76786.0}"
IMPX_w3i9_5min_trail1.5h20_rth,exit_eng,5min,rth,13292,84.7,-1089.3,-170868.0,24.6,170847.0,0,4,"{""2023"": -23031.0, ""2024"": -57202.0, ""2025"": -60965.0, ""2026"": -29670.0}"
IMPX_w3i9_5min_trail2.5h0_all,exit_eng,5min,all,13117,83.6,-726.8,-114011.0,34.1,114579.0,0,4,"{""2023"": -12727.0, ""2024"": -34927.0, ""2025"": -33342.0, ""2026"": -33015.0}"
IMPX_w3i9_5min_trail2.5h0_rth,exit_eng,5min,rth,5071,32.3,-464.7,-72898.0,33.5,73665.0,0,4,"{""2023"": -7717.0, ""2024"": -28085.0, ""2025"": -20162.0, ""2026"": -16934.0}"
IMPX_w3i9_5min_trail2.5h10_all,exit_eng,5min,all,26124,166.5,-984.3,-154391.0,16.0,154592.0,0,4,"{""2023"": -13570.0, ""2024"": -46191.0, ""2025"": -58378.0, ""2026"": -36252.0}"
IMPX_w3i9_5min_trail2.5h10_rth,exit_eng,5min,rth,12399,79.0,-473.3,-74243.0,12.4,75241.0,0,4,"{""2023"": -6797.0, ""2024"": -22394.0, ""2025"": -30057.0, ""2026"": -14995.0}"
IMPX_w3i9_5min_trail2.5h20_all,exit_eng,5min,all,18182,115.9,-820.7,-128734.0,25.1,129637.0,0,4,"{""2023"": -13551.0, ""2024"": -46632.0, ""2025"": -39321.0, ""2026"": -29230.0}"
IMPX_w3i9_5min_trail2.5h20_rth,exit_eng,5min,rth,8489,54.1,-416.0,-65256.0,20.7,67400.0,0,4,"{""2023"": -8175.0, ""2024"": -26358.0, ""2025"": -17544.0, ""2026"": -13179.0}"
IMPX_w3i9_5min_trail4.0h0_all,exit_eng,5min,all,5873,37.4,-299.8,-47032.0,35.6,51171.0,0,4,"{""2023"": -11222.0, ""2024"": -12497.0, ""2025"": -9283.0, ""2026"": -14029.0}"
IMPX_w3i9_5min_trail4.0h0_rth,exit_eng,5min,rth,2537,16.2,-279.5,-43842.0,35.8,44574.0,0,4,"{""2023"": -10073.0, ""2024"": -6221.0, ""2025"": -14107.0, ""2026"": -13442.0}"
IMPX_w3i9_5min_trail4.0h10_all,exit_eng,5min,all,18110,115.5,-412.1,-64637.0,11.9,67563.0,0,4,"{""2023"": -6485.0, ""2024"": -17349.0, ""2025"": -24916.0, ""2026"": -15886.0}"
IMPX_w3i9_5min_trail4.0h10_rth,exit_eng,5min,rth,9717,61.9,-207.2,-32501.0,9.2,34651.0,0,4,"{""2023"": -3134.0, ""2024"": -6727.0, ""2025"": -13133.0, ""2026"": -9508.0}"
IMPX_w3i9_5min_trail4.0h20_all,exit_eng,5min,all,11227,71.6,-233.9,-36695.0,20.2,44771.0,0,4,"{""2023"": -9760.0, ""2024"": -14660.0, ""2025"": -8995.0, ""2026"": -3281.0}"
IMPX_w3i9_5min_trail4.0h20_rth,exit_eng,5min,rth,6279,40.0,-204.1,-32019.0,16.1,35580.0,0,4,"{""2023"": -7207.0, ""2024"": -9986.0, ""2025"": -7314.0, ""2026"": -7511.0}"
IMPX_w3i9_5min_time10h0_all,exit_eng,5min,all,14686,93.6,-152.6,-23936.0,49.6,28816.0,0,4,"{""2023"": -6987.0, ""2024"": -5662.0, ""2025"": -6458.0, ""2026"": -4829.0}"
IMPX_w3i9_5min_time10h0_rth,exit_eng,5min,rth,5602,35.7,-58.9,-9246.0,49.3,23143.0,1,4,"{""2023"": -5018.0, ""2024"": -11629.0, ""2025"": -1087.0, ""2026"": 8489.0}"
IMPX_w3i9_5min_time10h10_all,exit_eng,5min,all,31134,198.5,-558.2,-87552.0,19.9,89191.0,0,4,"{""2023"": -7847.0, ""2024"": -26767.0, ""2025"": -32591.0, ""2026"": -20347.0}"
IMPX_w3i9_5min_time10h10_rth,exit_eng,5min,rth,14269,91.0,-266.2,-41748.0,14.4,44429.0,0,4,"{""2023"": -6100.0, ""2024"": -14188.0, ""2025"": -14515.0, ""2026"": -6945.0}"
IMPX_w3i9_5min_time10h20_all,exit_eng,5min,all,22850,145.7,-342.2,-53683.0,32.4,58248.0,0,4,"{""2023"": -9667.0, ""2024"": -21929.0, ""2025"": -12073.0, ""2026"": -10015.0}"
IMPX_w3i9_5min_time10h20_rth,exit_eng,5min,rth,10338,65.9,-180.0,-28227.0,25.5,31338.0,1,4,"{""2023"": -6986.0, ""2024"": -19773.0, ""2025"": 3938.0, ""2026"": -5407.0}"
IMPX_w3i9_5min_time30h0_all,exit_eng,5min,all,6053,38.6,22.4,3510.0,49.8,20521.0,2,4,"{""2023"": 2820.0, ""2024"": -1393.0, ""2025"": 16908.0, ""2026"": -14825.0}"
IMPX_w3i9_5min_time30h0_rth,exit_eng,5min,rth,2285,14.6,-76.6,-12010.0,48.5,16514.0,1,4,"{""2023"": -5549.0, ""2024"": -9817.0, ""2025"": 6203.0, ""2026"": -2846.0}"
IMPX_w3i9_5min_time30h10_all,exit_eng,5min,all,21371,136.2,-324.0,-50816.0,12.7,51544.0,0,4,"{""2023"": -7597.0, ""2024"": -11847.0, ""2025"": -18429.0, ""2026"": -12942.0}"
IMPX_w3i9_5min_time30h10_rth,exit_eng,5min,rth,10749,68.5,-155.7,-24421.0,9.5,28297.0,0,4,"{""2023"": -3546.0, ""2024"": -8555.0, ""2025"": -9120.0, ""2026"": -3199.0}"
IMPX_w3i9_5min_time30h20_all,exit_eng,5min,all,13734,87.6,-103.7,-16267.0,23.1,27200.0,2,4,"{""2023"": 1153.0, ""2024"": -18085.0, ""2025"": -4171.0, ""2026"": 4836.0}"
IMPX_w3i9_5min_time30h20_rth,exit_eng,5min,rth,6998,44.6,-53.2,-8341.0,17.5,18772.0,2,4,"{""2023"": -3311.0, ""2024"": -14604.0, ""2025"": 4429.0, ""2026"": 5144.0}"
IMPX_w3i9_5min_time60h0_all,exit_eng,5min,all,3237,20.6,-77.0,-12081.0,49.3,19810.0,1,4,"{""2023"": 3609.0, ""2024"": -318.0, ""2025"": -7323.0, ""2026"": -8049.0}"
IMPX_w3i9_5min_time60h0_rth,exit_eng,5min,rth,1517,9.7,-76.9,-12055.0,49.7,17292.0,1,4,"{""2023"": -4940.0, ""2024"": -4653.0, ""2025"": 3293.0, ""2026"": -5755.0}"
IMPX_w3i9_5min_time60h10_all,exit_eng,5min,all,16391,104.5,-222.4,-34879.0,9.1,39367.0,0,4,"{""2023"": -6331.0, ""2024"": -7960.0, ""2025"": -14788.0, ""2026"": -5799.0}"
IMPX_w3i9_5min_time60h10_rth,exit_eng,5min,rth,8988,57.3,-77.0,-12084.0,7.5,16216.0,0,4,"{""2023"": -1541.0, ""2024"": -2968.0, ""2025"": -5487.0, ""2026"": -2089.0}"
IMPX_w3i9_5min_time60h20_all,exit_eng,5min,all,10076,64.2,-49.8,-7811.0,17.0,23515.0,2,4,"{""2023"": -5497.0, ""2024"": -11252.0, ""2025"": 4910.0, ""2026"": 4028.0}"
IMPX_w3i9_5min_time60h20_rth,exit_eng,5min,rth,5607,35.7,-20.4,-3201.0,13.9,15146.0,1,4,"{""2023"": -6244.0, ""2024"": -6541.0, ""2025"": 10869.0, ""2026"": -1284.0}"
