pattern,grain,alpha,hold_min,side,sel_per_trade,sel_tr_wk,sel_usd_wk,blind_per_trade,blind_tr_wk,blind_usd_wk
SEQ_5421->5409_h60,1m-seq,S,60,-1,11.34,48.4,548.0,-2.45,82.4,-202.0
SEQ_5409->5409_h60,1m-seq,S,60,-1,7.22,74.8,540.0,-1.13,113.1,-128.0
SEQ_5697->5409_h60,1m-seq,S,60,-1,9.9,49.2,487.0,0.82,82.7,68.0
SEQ_12609->5409_h60,1m-seq,S,60,-1,9.77,41.6,406.0,-1.19,70.8,-84.0
SEQ_5709->5409_h60,1m-seq,S,60,-1,10.36,33.2,344.0,-6.53,60.0,-392.0
SEQ_12321->5409_h60,1m-seq,S,60,-1,5.73,54.0,309.0,3.78,89.6,339.0
SEQ_5409->5421_h60,1m-seq,S,60,-1,9.72,30.7,299.0,-10.35,48.5,-502.0
SEQ_5409->12321_h60,1m-seq,S,60,-1,5.21,54.9,286.0,-9.41,84.2,-792.0
SEQ_5409->5709_h60,1m-seq,S,60,-1,13.84,20.4,282.0,-10.23,32.6,-334.0
SEQ_5409->12609_h60,1m-seq,S,60,-1,8.96,30.7,275.0,-10.07,47.4,-477.0
SEQ_5697->5421_h60,1m-seq,S,60,-1,6.75,35.5,240.0,-14.05,56.0,-786.0
SEQ_12333->5709_h60,1m-seq,S,60,-1,15.86,14.2,225.0,-10.85,24.3,-263.0
SEQ_5697->5709_h60,1m-seq,S,60,-1,11.78,18.7,220.0,-11.18,30.9,-346.0
SEQ_5709->5709_h60,1m-seq,S,60,-1,8.96,24.4,219.0,-10.14,39.1,-397.0
SEQ_12321->5709_h60,1m-seq,S,60,-1,9.52,23.0,219.0,-10.94,36.8,-403.0
SEQ_12609->5709_h60,1m-seq,S,60,-1,9.25,23.6,218.0,-9.75,38.2,-373.0
SEQ_5421->5421_h60,1m-seq,S,60,-1,5.48,39.3,215.0,-12.78,61.0,-780.0
SEQ_5421->5697_h60,1m-seq,S,60,-1,6.21,34.3,213.0,-13.81,56.4,-779.0
SEQ_5709->12609_h60,1m-seq,S,60,-1,10.9,18.8,205.0,-14.28,32.2,-460.0
SEQ_12333->12609_h60,1m-seq,S,60,-1,8.98,22.5,202.0,-13.56,36.5,-495.0
SEQ_5709->5421_h60,1m-seq,S,60,-1,8.24,24.4,201.0,-18.85,42.1,-795.0
SEQ_12321->12609_h60,1m-seq,S,60,-1,5.59,35.5,198.0,-11.35,54.1,-615.0
SEQ_6623->13535_h60,1m-seq,S,60,1,8.82,22.2,196.0,-0.73,47.4,-35.0
SEQ_5421->5709_h60,1m-seq,S,60,-1,11.12,17.2,192.0,-11.82,28.9,-341.0
SEQ_12609->5421_h60,1m-seq,S,60,-1,7.06,27.1,191.0,-18.54,45.7,-848.0
SEQ_5409->5697_h60,1m-seq,S,60,-1,4.62,41.4,191.0,-11.45,65.6,-752.0
SEQ_12333->5409_h60,1m-seq,S,60,-1,5.54,33.6,186.0,-2.96,57.4,-170.0
SEQ_6623->13823_h60,1m-seq,S,60,1,6.56,27.7,182.0,7.03,58.8,414.0
SEQ_12333->5421_h60,1m-seq,S,60,-1,8.13,22.2,181.0,-19.72,37.7,-744.0
SEQ_5697->12609_h60,1m-seq,S,60,-1,6.37,28.2,180.0,-12.28,45.1,-554.0
SEQ_12321->5421_h60,1m-seq,S,60,-1,5.0,35.4,177.0,-12.74,56.5,-719.0
SEQ_12609->12609_h60,1m-seq,S,60,-1,4.59,38.3,175.0,-10.5,57.3,-601.0
SEQ_13523->13535_h60,1m-seq,S,60,1,9.31,18.7,174.0,-3.62,41.5,-150.0
SEQ_5471->5409_h60,1m-seq,S,60,-1,7.58,22.8,173.0,6.32,44.0,278.0
SEQ_5421->12333_h60,1m-seq,S,60,-1,8.0,20.8,167.0,-9.97,34.9,-348.0
SEQ_13523->13823_h60,1m-seq,S,60,1,7.27,23.0,167.0,1.67,50.8,85.0
SEQ_13523->13535_h30,1m-seq,S,30,1,8.44,18.7,158.0,-3.47,41.5,-144.0
SEQ_5421->5409_h30,1m-seq,S,30,-1,3.21,48.4,155.0,-7.09,82.4,-584.0
F15V4_2271030_h30,F15,V,30,1,0.93,164.1,153.0,3.93,82.9,326.0
SEQ_5421->12609_h60,1m-seq,S,60,-1,5.76,25.4,146.0,-13.34,42.3,-564.0
SEQ_5709->5697_h60,1m-seq,S,60,-1,5.56,26.2,146.0,-19.16,46.2,-886.0
SEQ_5709->12333_h60,1m-seq,S,60,-1,7.38,19.6,145.0,-13.82,34.0,-470.0
SEQ_11419->5409_h60,1m-seq,S,60,-1,27.9,5.2,144.0,11.09,2.9,32.0
SEQ_0->1202_h60,1m-seq,S,60,1,5.25,27.5,144.0,5.6,7.1,39.0
SEQ_5409->12333_h60,1m-seq,S,60,-1,5.73,24.8,142.0,-7.63,41.0,-312.0
SEQ_13811->13535_h60,1m-seq,S,60,1,5.48,25.5,140.0,-4.71,51.3,-241.0
SEQ_5421->12321_h60,1m-seq,S,60,-1,3.14,44.7,140.0,-12.27,73.3,-900.0
SEQ_5697->5409_h30,1m-seq,S,30,-1,2.8,49.2,138.0,-2.56,82.7,-211.0
SEQ_5709->5697_h30,1m-seq,S,30,-1,5.2,26.2,137.0,-10.99,46.2,-508.0
SEQ_6623->13535_h30,1m-seq,S,30,1,6.19,22.2,137.0,-3.24,47.4,-154.0
SEQ_5709->12321_h60,1m-seq,S,60,-1,4.28,30.8,132.0,-15.75,52.7,-830.0
SEQ_5409->5409_h30,1m-seq,S,30,-1,1.75,74.8,131.0,-4.24,113.1,-480.0
SEQ_12321->5471_h60,1m-seq,S,60,-1,14.6,8.9,130.0,-2.29,16.2,-37.0
SEQ_13811->6899_h60,1m-seq,S,60,1,8.3,15.6,130.0,-5.27,32.8,-173.0
SEQ_6899->5409_h30,1m-seq,S,30,1,6.71,19.2,129.0,-5.46,41.2,-225.0
SEQ_5421->5697_h30,1m-seq,S,30,-1,3.74,34.3,128.0,-10.21,56.4,-576.0
SEQ_12609->5409_h30,1m-seq,S,30,-1,2.94,41.6,122.0,-4.22,70.8,-299.0
SEQ_5409->5421_h30,1m-seq,S,30,-1,3.84,30.7,118.0,-9.16,48.5,-444.0
SEQ_6623->6899_h60,1m-seq,S,60,1,7.56,15.5,117.0,-4.24,34.1,-145.0
SEQ_13523->6899_h60,1m-seq,S,60,1,7.76,14.7,114.0,-4.94,31.9,-158.0
SEQ_13811->13823_h60,1m-seq,S,60,1,3.34,33.7,112.0,4.4,69.8,307.0
SEQ_5709->5409_h30,1m-seq,S,30,-1,3.37,33.2,112.0,-6.38,60.0,-383.0
SEQ_11519->13535_h60,1m-seq,S,60,1,18.04,6.2,112.0,-8.54,6.7,-58.0
SEQ_6899->13823_h60,1m-seq,S,60,1,4.61,24.0,111.0,-3.81,49.1,-187.0
SEQ_13823->6899_h60,1m-seq,S,60,1,5.95,18.5,110.0,-4.66,37.4,-174.0
SEQ_13535->6899_h60,1m-seq,S,60,1,4.8,22.3,107.0,-8.97,43.6,-391.0
SEQ_6899->13535_h30,1m-seq,S,30,1,4.35,24.6,107.0,-5.75,48.6,-280.0
SEQ_6899->12333_h30,1m-seq,S,30,1,14.46,7.1,103.0,-2.62,14.8,-39.0
SEQ_13811->13535_h30,1m-seq,S,30,1,4.0,25.5,102.0,-5.06,51.3,-260.0
SEQ_5697->12321_h60,1m-seq,S,60,-1,2.26,45.1,102.0,-11.38,73.4,-836.0
SEQ_13535->6899_h30,1m-seq,S,30,1,4.53,22.3,101.0,-4.17,43.6,-182.0
SEQ_5697->12333_h60,1m-seq,S,60,-1,3.51,28.7,101.0,-10.4,45.8,-477.0
SEQ_5405->5409_h60,1m-seq,S,60,1,6.6,15.4,101.0,-16.05,13.9,-223.0
SEQ_12609->5471_h60,1m-seq,S,60,-1,13.75,7.1,98.0,3.56,13.0,46.0
SEQ_6899->5697_h30,1m-seq,S,30,1,7.34,13.2,97.0,0.18,27.9,5.0
SEQ_13727->13727_h60,1m-seq,S,60,1,7.59,12.7,96.0,-3.66,10.2,-37.0
SEQ_12321->12333_h60,1m-seq,S,60,-1,3.31,28.9,96.0,-10.55,46.8,-494.0
SEQ_12609->12333_h60,1m-seq,S,60,-1,4.33,21.6,94.0,-14.36,37.2,-534.0
SEQ_13439->5409_h30,1m-seq,S,30,-1,13.49,7.0,94.0,-6.06,7.6,-46.0
SEQ_12321->5697_h60,1m-seq,S,60,-1,1.89,48.9,92.0,-13.09,77.4,-1013.0
SEQ_12609->12321_h60,1m-seq,S,60,-1,2.44,37.8,92.0,-15.56,62.2,-968.0
SEQ_13821->5471_h60,1m-seq,S,60,-1,17.68,5.1,91.0,4.51,9.6,43.0
SEQ_12333->12333_h60,1m-seq,S,60,-1,2.87,31.9,91.0,-9.65,50.1,-483.0
SEQ_5409->5471_h60,1m-seq,S,60,-1,13.46,6.8,91.0,-2.48,12.6,-31.0
SEQ_13523->6899_h30,1m-seq,S,30,1,6.02,14.7,88.0,-1.03,31.9,-33.0
SEQ_13523->5409_h60,1m-seq,S,60,-1,4.98,17.6,88.0,2.68,35.7,96.0
SEQ_12333->5709_h30,1m-seq,S,30,-1,6.15,14.2,87.0,-4.78,24.3,-116.0
SEQ_13535->6623_h60,1m-seq,S,60,1,4.21,20.2,85.0,-0.75,40.1,-30.0
SEQ_6899->5697_h60,1m-seq,S,60,1,6.43,13.2,85.0,-4.09,27.9,-114.0
SEQ_5709->5471_h60,1m-seq,S,60,-1,16.23,5.1,83.0,-1.4,9.4,-13.0
SEQ_12->1202_h60,1m-seq,S,60,1,3.39,24.5,83.0,-0.99,5.9,-6.0
SEQ_6623->6899_h30,1m-seq,S,30,1,5.32,15.5,83.0,-1.09,34.1,-37.0
SEQ_13811->6899_h30,1m-seq,S,30,1,5.26,15.6,82.0,-1.26,32.8,-41.0
SEQ_5709->12333_h30,1m-seq,S,30,-1,4.15,19.6,81.0,-5.58,34.0,-190.0
SEQ_6899->12321_h60,1m-seq,S,60,1,4.73,17.1,81.0,-6.35,34.1,-216.0
SEQ_12333->12321_h60,1m-seq,S,60,-1,2.66,30.1,80.0,-17.29,50.3,-869.0
SEQ_5709->5697_h15,1m-seq,S,15,-1,3.06,26.2,80.0,-5.55,46.2,-257.0
SEQ_4607->5409_h60,1m-seq,S,60,-1,9.55,8.4,80.0,-20.48,7.6,-156.0
SEQ_13727->13535_h60,1m-seq,S,60,1,10.6,7.5,80.0,-1.26,8.1,-10.0
SEQ_6899->6899_h30,1m-seq,S,30,1,3.18,25.3,80.0,-3.69,47.3,-175.0
SEQ_13523->13811_h60,1m-seq,S,60,1,4.36,18.0,79.0,3.36,37.1,125.0
SEQ_11519->13811_h60,1m-seq,S,60,1,16.41,4.8,79.0,-15.75,5.1,-81.0
SEQ_13819->13535_h60,1m-seq,S,60,1,11.81,6.7,79.0,9.85,6.6,65.0
SEQ_6623->5697_h60,1m-seq,S,60,1,4.47,17.4,78.0,1.96,34.7,68.0
SEQ_5409->5697_h30,1m-seq,S,30,-1,1.89,41.4,78.0,-8.61,65.6,-565.0
SEQ_5409->5709_h30,1m-seq,S,30,-1,3.85,20.4,78.0,-8.41,32.6,-275.0
SEQ_12609->5697_h30,1m-seq,S,30,-1,2.42,31.8,77.0,-12.96,54.1,-701.0
SEQ_12609->5421_h30,1m-seq,S,30,-1,2.78,27.1,75.0,-12.93,45.7,-591.0
SEQ_5709->13823_h60,1m-seq,S,60,-1,4.32,17.2,74.0,-11.22,37.4,-420.0
SEQ_13823->13535_h60,1m-seq,S,60,1,2.43,30.3,74.0,-2.37,59.0,-140.0
SEQ_11519->13535_h30,1m-seq,S,30,1,11.53,6.2,71.0,-8.33,6.7,-56.0
SEQ_5697->5709_h30,1m-seq,S,30,-1,3.78,18.7,71.0,-6.24,30.9,-193.0
SEQ_12609->13821_h60,1m-seq,S,60,-1,8.59,8.1,70.0,-12.78,15.1,-193.0
SEQ_5697->5697_h60,1m-seq,S,60,-1,1.26,54.7,69.0,-12.48,83.3,-1040.0
SEQ_12333->5409_h30,1m-seq,S,30,-1,2.04,33.6,69.0,-5.54,57.4,-318.0
SEQ_13823->6899_h30,1m-seq,S,30,1,3.69,18.5,68.0,-1.22,37.4,-46.0
SEQ_13439->5409_h60,1m-seq,S,60,-1,9.74,7.0,68.0,-15.76,7.6,-120.0
SEQ_12333->12609_h30,1m-seq,S,30,-1,3.02,22.5,68.0,-5.75,36.5,-210.0
SEQ_13811->6899_h15,1m-seq,S,15,1,4.32,15.6,67.0,-5.57,32.8,-183.0
SEQ_5709->5421_h30,1m-seq,S,30,-1,2.73,24.4,66.0,-11.84,42.1,-499.0
SEQ_12321->12321_h60,1m-seq,S,60,-1,0.97,67.7,66.0,-9.88,100.0,-988.0
SEQ_11519->13823_h60,1m-seq,S,60,1,9.53,6.9,66.0,-5.79,6.9,-40.0
SEQ_13823->5709_h60,1m-seq,S,60,1,10.16,6.5,66.0,6.6,14.4,95.0
SEQ_5409->12321_h30,1m-seq,S,30,-1,1.18,54.9,65.0,-7.22,84.2,-608.0
SEQ_13523->13535_h15,1m-seq,S,15,1,3.42,18.7,64.0,-7.09,41.5,-294.0
SEQ_13819->13535_h30,1m-seq,S,30,1,9.52,6.7,64.0,4.99,6.6,33.0
SEQ_13523->12609_h60,1m-seq,S,60,-1,8.23,7.6,63.0,-4.99,15.2,-76.0
SEQ_6623->12321_h60,1m-seq,S,60,1,2.81,22.3,63.0,-0.34,42.3,-14.0
SEQ_13727->6899_h60,1m-seq,S,60,1,14.7,4.3,63.0,-5.26,5.1,-27.0
SEQ_13727->13727_h30,1m-seq,S,30,1,4.9,12.7,62.0,-2.68,10.2,-27.0
SEQ_6899->6623_h60,1m-seq,S,60,1,3.92,15.9,62.0,-3.4,33.3,-113.0
SEQ_12333->5471_h60,1m-seq,S,60,-1,10.5,5.9,62.0,-1.83,10.5,-19.0
SEQ_5409->12609_h30,1m-seq,S,30,-1,2.01,30.7,62.0,-6.82,47.4,-323.0
SEQ_5471->5471_h60,1m-seq,S,60,-1,4.04,15.0,61.0,-0.73,24.2,-18.0
SEQ_4607->6623_h60,1m-seq,S,60,-1,14.13,4.3,60.0,-7.72,4.7,-36.0
SEQ_6899->6899_h60,1m-seq,S,60,1,2.37,25.3,60.0,-7.23,47.3,-342.0
SEQ_1202->1202_h60,1m-seq,S,60,1,0.83,72.2,60.0,0.62,27.7,17.0
SEQ_13535->13535_h30,1m-seq,S,30,1,1.37,43.6,60.0,-5.86,77.8,-456.0
SEQ_12321->5405_h60,1m-seq,S,60,1,9.8,6.1,60.0,3.14,4.3,13.0
SEQ_5409->13821_h60,1m-seq,S,60,-1,7.21,8.3,60.0,-9.67,15.2,-147.0
SEQ_13821->13823_h60,1m-seq,S,60,-1,2.7,22.2,60.0,-9.74,46.3,-451.0
SEQ_13727->13535_h30,1m-seq,S,30,1,7.78,7.5,59.0,-1.87,8.1,-15.0
SEQ_13535->6899_h15,1m-seq,S,15,1,2.67,22.3,59.0,-5.09,43.6,-222.0
SEQ_5405->5409_h15,1m-seq,S,15,1,3.86,15.4,59.0,-11.68,13.9,-162.0
SEQ_13819->6899_h60,1m-seq,S,60,1,14.32,4.1,59.0,6.12,4.4,27.0
SEQ_4808->4808_h60,1m-seq,S,60,1,4.63,12.6,58.0,-0.62,61.8,-38.0
SEQ_12609->5405_h60,1m-seq,S,60,1,14.05,4.1,58.0,10.87,2.8,31.0
SEQ_13823->13523_h60,1m-seq,S,60,1,3.92,14.8,58.0,0.53,30.0,16.0
SEQ_5709->5421_h15,1m-seq,S,15,-1,2.37,24.4,58.0,-7.53,42.1,-318.0
SEQ_11519->13727_h60,1m-seq,S,60,1,10.25,5.6,58.0,0.42,4.6,2.0
SEQ_5421->12333_h30,1m-seq,S,30,-1,2.72,20.8,57.0,-5.55,34.9,-194.0
SEQ_13821->13823_h30,1m-seq,S,30,-1,2.55,22.2,57.0,0.47,46.3,22.0
SEQ_6899->5709_h30,1m-seq,S,30,1,10.55,5.4,57.0,-2.16,11.6,-25.0
SEQ_11519->6899_h30,1m-seq,S,30,1,14.8,3.8,56.0,-2.32,4.7,-11.0
SEQ_6899->13523_h60,1m-seq,S,60,1,5.07,11.1,56.0,-4.09,23.2,-95.0
SEQ_6899->12321_h30,1m-seq,S,30,1,3.27,17.1,56.0,-0.51,34.1,-17.0
SEQ_11419->5409_h30,1m-seq,S,30,-1,10.92,5.2,56.0,-5.26,2.9,-15.0
SEQ_50->1202_h60,1m-seq,S,60,1,3.65,15.4,56.0,8.89,2.9,25.0
SEQ_5405->5697_h60,1m-seq,S,60,1,5.62,9.6,54.0,2.43,9.3,23.0
SEQ_5697->5421_h30,1m-seq,S,30,-1,1.52,35.5,54.0,-10.84,56.0,-607.0
SEQ_13727->6899_h30,1m-seq,S,30,1,12.27,4.3,53.0,0.33,5.1,2.0
SEQ_11519->6899_h60,1m-seq,S,60,1,14.01,3.8,53.0,-9.1,4.7,-43.0
SEQ_6623->13811_h60,1m-seq,S,60,1,2.65,19.8,53.0,5.38,39.4,212.0
SEQ_13535->13727_h60,1m-seq,S,60,1,9.86,5.3,53.0,-14.12,5.0,-71.0
SEQ_13823->13535_h30,1m-seq,S,30,1,1.73,30.3,53.0,-3.83,59.0,-226.0
SEQ_13811->6623_h60,1m-seq,S,60,1,2.9,18.2,53.0,6.56,36.5,240.0
SEQ_5409->5421_h15,1m-seq,S,15,-1,1.68,30.7,52.0,-7.3,48.5,-354.0
SEQ_6899->12333_h60,1m-seq,S,60,1,7.33,7.1,52.0,-1.64,14.8,-24.0
SEQ_1214->1202_h60,1m-seq,S,60,1,0.82,63.3,52.0,2.3,20.6,47.0
SEQ_12609->5697_h60,1m-seq,S,60,-1,1.61,31.8,51.0,-21.59,54.1,-1167.0
SEQ_5409->13727_h60,1m-seq,S,60,1,12.66,4.1,51.0,-11.02,3.6,-40.0
SEQ_5405->5409_h30,1m-seq,S,30,1,3.34,15.4,51.0,-15.61,13.9,-217.0
SEQ_5471->5421_h60,1m-seq,S,60,-1,4.29,11.6,50.0,-12.18,21.4,-260.0
SEQ_13823->6623_h60,1m-seq,S,60,1,2.41,21.0,50.0,4.31,41.3,178.0
SEQ_5471->12609_h60,1m-seq,S,60,-1,4.47,11.1,50.0,0.83,19.5,16.0
SEQ_4808->4808_h30,1m-seq,S,30,1,4.01,12.6,50.0,-0.19,61.8,-12.0
SEQ_12321->5471_h30,1m-seq,S,30,-1,5.64,8.9,50.0,-1.91,16.2,-31.0
SEQ_13523->6899_h15,1m-seq,S,15,1,3.38,14.7,50.0,-4.45,31.9,-142.0
SEQ_11135->11135_h60,1m-seq,S,60,1,4.01,12.3,49.0,0.13,8.1,1.0
SEQ_5421->5697_h15,1m-seq,S,15,-1,1.42,34.3,49.0,-6.91,56.4,-390.0
SEQ_13821->5421_h60,1m-seq,S,60,1,6.74,7.2,49.0,5.58,13.8,77.0
SEQ_13823->13727_h30,1m-seq,S,30,1,8.73,5.6,49.0,-12.3,5.1,-62.0
SEQ_13819->6899_h30,1m-seq,S,30,1,11.81,4.1,49.0,1.68,4.4,7.0
SEQ_12321->13727_h60,1m-seq,S,60,1,8.73,5.7,49.0,-14.29,5.0,-71.0
SEQ_13439->5409_h15,1m-seq,S,15,-1,7.07,7.0,49.0,1.94,7.6,15.0
SEQ_13823->13727_h60,1m-seq,S,60,1,8.76,5.6,49.0,-9.71,5.1,-49.0
SEQ_13523->5709_h60,1m-seq,S,60,-1,10.25,4.7,48.0,-4.44,10.0,-45.0
SEQ_5421->5421_h30,1m-seq,S,30,-1,1.21,39.3,48.0,-10.44,61.0,-637.0
SEQ_13523->13523_h60,1m-seq,S,60,1,2.39,19.7,47.0,-0.61,36.8,-22.0
SEQ_12609->5421_h15,1m-seq,S,15,-1,1.75,27.1,47.0,-8.33,45.7,-381.0
SEQ_6899->12609_h30,1m-seq,S,30,1,5.07,9.0,46.0,-5.99,17.9,-107.0
SEQ_13523->6623_h60,1m-seq,S,60,1,3.47,13.2,46.0,6.32,29.0,183.0
SEQ_8114->1202_h60,1m-seq,S,60,1,1.08,42.2,46.0,4.98,13.8,69.0
SEQ_13535->13523_h60,1m-seq,S,60,1,3.14,14.5,46.0,-3.17,29.1,-92.0
SEQ_13819->13823_h60,1m-seq,S,60,1,4.65,9.9,46.0,-1.55,9.0,-14.0
SEQ_13811->12333_h30,1m-seq,S,30,1,6.31,7.2,46.0,1.2,16.1,19.0
SEQ_5405->12321_h60,1m-seq,S,60,1,3.06,15.0,46.0,-2.91,13.6,-40.0
SEQ_6623->13823_h30,1m-seq,S,30,1,1.63,27.7,45.0,-1.08,58.8,-64.0
SEQ_11519->13811_h30,1m-seq,S,30,1,9.25,4.8,45.0,-14.97,5.1,-77.0
SEQ_13535->13535_h60,1m-seq,S,60,1,1.03,43.6,45.0,-5.28,77.8,-411.0
SEQ_3618->3618_h60,1m-seq,S,60,1,2.86,15.8,45.0,-2.09,24.1,-50.0
SEQ_5405->12321_h30,1m-seq,S,30,1,2.91,15.0,44.0,-7.43,13.6,-101.0
SEQ_13523->13823_h30,1m-seq,S,30,1,1.9,23.0,44.0,-3.08,50.8,-156.0
SEQ_13821->13811_h60,1m-seq,S,60,-1,3.99,10.8,43.0,-9.52,21.8,-208.0
SEQ_5697->5471_h60,1m-seq,S,60,-1,5.96,7.3,43.0,-0.08,13.4,-1.0
SEQ_13535->12333_h30,1m-seq,S,30,1,4.5,9.5,43.0,3.77,19.8,74.0
SEQ_5421->5709_h30,1m-seq,S,30,-1,2.51,17.2,43.0,-8.52,28.9,-246.0
SEQ_13823->5709_h30,1m-seq,S,30,1,6.39,6.5,42.0,-4.28,14.4,-62.0
SEQ_6899->6899_h15,1m-seq,S,15,1,1.68,25.3,42.0,-4.73,47.3,-224.0
SEQ_13535->5709_h30,1m-seq,S,30,1,5.7,7.1,41.0,1.96,15.1,30.0
SEQ_12333->5421_h30,1m-seq,S,30,-1,1.86,22.2,41.0,-14.33,37.7,-541.0
SEQ_12321->5709_h30,1m-seq,S,30,-1,1.79,23.0,41.0,-7.0,36.8,-258.0
SEQ_5405->5405_h60,1m-seq,S,60,1,3.51,11.6,41.0,-2.16,8.2,-18.0
SEQ_12321->5421_h30,1m-seq,S,30,-1,1.15,35.4,41.0,-10.63,56.5,-600.0
SEQ_5709->12609_h30,1m-seq,S,30,-1,2.17,18.8,41.0,-6.87,32.2,-221.0
SEQ_4607->5409_h30,1m-seq,S,30,-1,4.85,8.4,41.0,-15.87,7.6,-121.0
SEQ_5409->5471_h30,1m-seq,S,30,-1,6.04,6.8,41.0,-2.3,12.6,-29.0
SEQ_12609->5471_h30,1m-seq,S,30,-1,5.69,7.1,41.0,3.31,13.0,43.0
SEQ_6899->13535_h15,1m-seq,S,15,1,1.68,24.6,41.0,-7.83,48.6,-381.0
SEQ_13823->13823_h60,1m-seq,S,60,1,0.71,55.9,40.0,4.24,99.7,423.0
SEQ_12321->5697_h30,1m-seq,S,30,-1,0.82,48.9,40.0,-10.55,77.4,-816.0
SEQ_13811->13523_h60,1m-seq,S,60,1,3.09,13.1,40.0,5.35,26.7,143.0
SEQ_6899->12333_h15,1m-seq,S,15,1,5.59,7.1,40.0,0.09,14.8,1.0
SEQ_13811->5409_h60,1m-seq,S,60,-1,1.84,21.6,40.0,-3.3,41.7,-138.0
SEQ_13535->13823_h60,1m-seq,S,60,1,1.15,34.3,40.0,-0.93,70.2,-65.0
SEQ_5697->12609_h30,1m-seq,S,30,-1,1.37,28.2,39.0,-6.43,45.1,-290.0
SEQ_6623->5697_h30,1m-seq,S,30,1,2.25,17.4,39.0,-0.82,34.7,-29.0
SEQ_11135->12321_h60,1m-seq,S,60,1,9.14,4.3,39.0,-3.66,3.4,-13.0
SEQ_6623->12333_h30,1m-seq,S,30,1,4.23,9.2,39.0,-4.86,18.8,-91.0
SEQ_12609->5697_h15,1m-seq,S,15,-1,1.22,31.8,39.0,-6.89,54.1,-373.0
SEQ_13823->12333_h30,1m-seq,S,30,1,4.37,8.9,39.0,-7.94,17.9,-142.0
SEQ_13727->13819_h60,1m-seq,S,60,1,6.87,5.7,39.0,-7.81,4.1,-32.0
SEQ_11519->5409_h30,1m-seq,S,30,-1,5.94,6.6,39.0,-3.59,7.1,-25.0
SEQ_12321->5471_h15,1m-seq,S,15,-1,4.3,8.9,38.0,-2.36,16.2,-38.0
SEQ_12333->13811_h60,1m-seq,S,60,1,3.91,9.8,38.0,-10.5,20.4,-214.0
SEQ_12609->13821_h30,1m-seq,S,30,-1,4.73,8.1,38.0,-2.67,15.1,-40.0
SEQ_6623->6899_h15,1m-seq,S,15,1,2.43,15.5,38.0,-4.09,34.1,-140.0
SEQ_5697->13727_h60,1m-seq,S,60,1,8.86,4.3,38.0,-12.49,3.6,-45.0
SEQ_13821->13535_h60,1m-seq,S,60,-1,2.54,15.0,38.0,-5.0,31.5,-158.0
SEQ_12609->5471_h15,1m-seq,S,15,-1,5.33,7.1,38.0,2.43,13.0,32.0
SEQ_13439->13823_h60,1m-seq,S,60,1,6.02,6.4,38.0,4.31,9.9,43.0
SEQ_12609->5709_h30,1m-seq,S,30,-1,1.57,23.6,37.0,-5.72,38.2,-219.0
SEQ_13823->12609_h60,1m-seq,S,60,1,3.44,10.9,37.0,3.13,21.7,68.0
SEQ_13821->12609_h60,1m-seq,S,60,1,6.12,6.0,37.0,10.15,12.5,127.0
SEQ_5709->5709_h30,1m-seq,S,30,-1,1.47,24.4,36.0,-5.45,39.1,-213.0
SEQ_13823->6899_h15,1m-seq,S,15,1,1.94,18.5,36.0,-4.58,37.4,-171.0
SEQ_6899->13535_h60,1m-seq,S,60,1,1.47,24.6,36.0,-8.76,48.6,-426.0
SEQ_5709->13821_h60,1m-seq,S,60,-1,6.04,5.7,35.0,-14.81,10.7,-158.0
SEQ_13823->5421_h60,1m-seq,S,60,1,3.2,10.9,35.0,7.56,23.0,174.0
SEQ_6907->13823_h15,1m-seq,S,15,-1,5.74,6.1,35.0,-9.25,5.9,-54.0
SEQ_6623->13535_h15,1m-seq,S,15,1,1.58,22.2,35.0,-6.85,47.4,-324.0
SEQ_5405->5421_h60,1m-seq,S,60,1,5.47,6.4,35.0,-0.86,6.8,-6.0
SEQ_12333->13535_h60,1m-seq,S,60,1,2.28,15.1,34.0,-12.01,31.3,-376.0
SEQ_11519->13727_h30,1m-seq,S,30,1,6.06,5.6,34.0,-7.29,4.6,-34.0
SEQ_13823->12333_h60,1m-seq,S,60,1,3.84,8.9,34.0,-4.0,17.9,-72.0
SEQ_12609->13727_h60,1m-seq,S,60,1,8.22,4.1,34.0,-17.73,3.6,-64.0
SEQ_11419->12321_h60,1m-seq,S,60,-1,7.34,4.5,33.0,23.48,2.8,67.0
SEQ_12321->5409_h30,1m-seq,S,30,-1,0.61,54.0,33.0,-1.57,89.6,-141.0
SEQ_13727->6623_h60,1m-seq,S,60,1,6.74,5.0,33.0,-3.69,5.7,-21.0
SEQ_50->0_h60,1m-seq,S,60,1,0.65,50.9,33.0,-3.78,9.5,-36.0
SEQ_6907->13811_h60,1m-seq,S,60,-1,6.68,4.8,32.0,-9.43,4.4,-41.0
SEQ_5709->12333_h15,1m-seq,S,15,-1,1.66,19.6,32.0,-1.8,34.0,-61.0
SEQ_5409->13821_h30,1m-seq,S,30,-1,3.86,8.3,32.0,-0.99,15.2,-15.0
SEQ_5409->5471_h15,1m-seq,S,15,-1,4.71,6.8,32.0,-1.71,12.6,-22.0
SEQ_13535->13727_h30,1m-seq,S,30,1,6.0,5.3,32.0,-11.3,5.0,-57.0
SEQ_11519->13823_h30,1m-seq,S,30,1,4.67,6.9,32.0,-8.69,6.9,-60.0
SEQ_13727->6623_h30,1m-seq,S,30,1,6.2,5.0,31.0,-6.65,5.7,-38.0
SEQ_6623->6623_h60,1m-seq,S,60,1,1.08,28.4,31.0,1.51,51.4,78.0
SEQ_1202->0_h60,1m-seq,S,60,1,0.58,53.9,31.0,-4.51,11.0,-50.0
SEQ_6623->13727_h60,1m-seq,S,60,1,7.92,3.9,31.0,-4.13,4.1,-17.0
SEQ_13821->12333_h60,1m-seq,S,60,1,5.78,5.4,31.0,7.56,10.4,79.0
SEQ_13535->12609_h30,1m-seq,S,30,1,2.6,11.9,31.0,-1.34,23.3,-31.0
SEQ_5409->5709_h15,1m-seq,S,15,-1,1.45,20.4,30.0,-6.47,32.6,-211.0
SEQ_12333->5709_h15,1m-seq,S,15,-1,2.1,14.2,30.0,-5.29,24.3,-128.0
SEQ_6899->5421_h30,1m-seq,S,30,1,3.43,8.7,30.0,1.25,19.3,24.0
SEQ_13819->12321_h30,1m-seq,S,30,-1,6.18,4.9,30.0,5.2,4.5,23.0
SEQ_5697->13535_h60,1m-seq,S,60,1,1.65,18.2,30.0,-9.85,40.6,-400.0
SEQ_4607->6623_h30,1m-seq,S,30,-1,6.96,4.3,30.0,-5.61,4.7,-26.0
SEQ_5709->13523_h60,1m-seq,S,60,-1,5.67,5.2,30.0,-1.17,10.8,-13.0
SEQ_13821->6623_h30,1m-seq,S,30,-1,3.07,9.8,30.0,-3.2,20.5,-66.0
SEQ_12609->5405_h30,1m-seq,S,30,1,7.1,4.1,29.0,-1.92,2.8,-5.0
SEQ_13821->5471_h30,1m-seq,S,30,-1,5.56,5.1,29.0,2.67,9.6,26.0
SEQ_12333->5697_h60,1m-seq,S,60,-1,0.94,31.3,29.0,-18.25,52.9,-966.0
SEQ_13819->5409_h30,1m-seq,S,30,-1,4.82,6.0,29.0,-0.56,4.5,-3.0
SEQ_12609->12609_h30,1m-seq,S,30,-1,0.76,38.3,29.0,-5.61,57.3,-321.0
SEQ_13819->5409_h60,1m-seq,S,60,-1,4.9,6.0,29.0,3.94,4.5,18.0
SEQ_6623->12333_h60,1m-seq,S,60,1,3.09,9.2,29.0,3.18,18.8,60.0
SEQ_13727->13535_h15,1m-seq,S,15,1,3.86,7.5,29.0,-0.23,8.1,-2.0
SEQ_5471->13823_h30,1m-seq,S,30,-1,1.86,15.7,29.0,-0.29,32.8,-9.0
SEQ_11519->13535_h15,1m-seq,S,15,1,4.71,6.2,29.0,-10.96,6.7,-74.0
SEQ_5409->13727_h30,1m-seq,S,30,1,7.2,4.1,29.0,-4.78,3.6,-17.0
SEQ_5709->13811_h60,1m-seq,S,60,-1,3.39,8.3,28.0,-3.42,17.7,-61.0
SEQ_11135->4219_h60,1m-seq,S,60,1,5.43,5.1,28.0,2.88,2.9,8.0
SEQ_5421->5471_h60,1m-seq,S,60,-1,4.72,5.7,27.0,-4.44,11.0,-49.0
SEQ_5405->13823_h30,1m-seq,S,30,1,5.73,4.6,27.0,10.25,4.4,45.0
SEQ_5409->5405_h60,1m-seq,S,60,1,5.34,5.1,27.0,-7.02,3.4,-24.0
SEQ_13727->13811_h60,1m-seq,S,60,1,5.25,5.1,27.0,-4.14,5.6,-23.0
SEQ_4219->12321_h30,1m-seq,S,30,1,6.67,4.1,27.0,-3.96,3.0,-12.0
SEQ_5709->6623_h60,1m-seq,S,60,-1,3.21,8.1,26.0,-3.65,16.2,-59.0
SEQ_13819->13819_h60,1m-seq,S,60,1,2.42,10.7,26.0,-9.07,7.9,-72.0
SEQ_13823->5471_h60,1m-seq,S,60,-1,3.16,8.2,26.0,3.03,15.5,47.0
SEQ_4607->5697_h60,1m-seq,S,60,-1,5.41,4.9,26.0,-8.68,5.8,-50.0
SEQ_5709->5471_h30,1m-seq,S,30,-1,5.03,5.1,26.0,3.77,9.4,35.0
SEQ_12321->13821_h60,1m-seq,S,60,-1,2.64,10.0,26.0,-13.16,18.6,-244.0
SEQ_13821->13811_h30,1m-seq,S,30,-1,2.44,10.8,26.0,-2.25,21.8,-49.0
SEQ_11419->13823_h30,1m-seq,S,30,1,7.03,3.7,26.0,17.66,2.5,44.0
SEQ_3618->10518_h60,1m-seq,S,60,1,3.67,6.7,25.0,1.46,10.5,15.0
SEQ_13821->5471_h15,1m-seq,S,15,-1,4.8,5.1,25.0,1.61,9.6,16.0
SEQ_13823->5471_h15,1m-seq,S,15,-1,3.01,8.2,25.0,-1.4,15.5,-22.0
SEQ_13727->6907_h30,1m-seq,S,30,1,4.54,5.4,25.0,0.89,4.4,4.0
SEQ_11135->11419_h30,1m-seq,S,30,1,3.6,6.9,25.0,-4.65,3.2,-15.0
SEQ_5697->6899_h15,1m-seq,S,15,1,2.55,9.7,25.0,-5.36,23.0,-123.0
SEQ_6899->12609_h60,1m-seq,S,60,1,2.71,9.0,24.0,-7.95,17.9,-142.0
SEQ_12321->5421_h15,1m-seq,S,15,-1,0.66,35.4,24.0,-8.17,56.5,-461.0
SEQ_12333->6899_h15,1m-seq,S,15,1,2.9,8.1,24.0,-7.93,17.7,-140.0
SEQ_13535->4607_h30,1m-seq,S,30,-1,4.5,5.4,24.0,-3.37,5.9,-20.0
SEQ_6899->5471_h60,1m-seq,S,60,-1,3.32,7.3,24.0,6.67,13.9,93.0
SEQ_12321->12609_h30,1m-seq,S,30,-1,0.67,35.5,24.0,-6.65,54.1,-360.0
SEQ_6623->13523_h60,1m-seq,S,60,1,1.32,18.2,24.0,-0.26,35.6,-9.0
SEQ_5709->13821_h30,1m-seq,S,30,-1,4.17,5.7,24.0,-6.97,10.7,-74.0
SEQ_12321->4607_h30,1m-seq,S,30,-1,4.27,5.7,24.0,-9.97,5.3,-53.0
SEQ_5697->5421_h15,1m-seq,S,15,-1,0.66,35.5,23.0,-8.62,56.0,-483.0
SEQ_11519->6899_h15,1m-seq,S,15,1,6.12,3.8,23.0,-7.76,4.7,-36.0
SEQ_13823->5709_h15,1m-seq,S,15,1,3.58,6.5,23.0,-4.12,14.4,-59.0
SEQ_0->2308_h60,1m-seq,S,60,1,5.58,4.2,23.0,0.67,2.9,2.0
SEQ_5471->13523_h60,1m-seq,S,60,1,5.26,4.4,23.0,-17.72,9.6,-170.0
SEQ_5697->13727_h30,1m-seq,S,30,1,5.36,4.3,23.0,-2.27,3.6,-8.0
SEQ_5405->12333_h60,1m-seq,S,60,1,4.05,5.6,23.0,4.91,5.4,26.0
SEQ_13823->13819_h60,1m-seq,S,60,1,5.49,4.3,23.0,-8.56,3.7,-32.0
SEQ_5405->12333_h30,1m-seq,S,30,1,3.93,5.6,22.0,-0.56,5.4,-3.0
SEQ_6907->13823_h60,1m-seq,S,60,-1,3.53,6.1,22.0,-16.94,5.9,-99.0
SEQ_5421->13821_h60,1m-seq,S,60,-1,3.3,6.7,22.0,-11.4,13.3,-152.0
SEQ_13819->11519_h60,1m-seq,S,60,1,4.96,4.5,22.0,-9.8,2.9,-28.0
SEQ_13811->5697_h30,1m-seq,S,30,1,1.64,13.4,22.0,5.95,29.2,174.0
SEQ_13535->6907_h30,1m-seq,S,30,1,4.83,4.3,21.0,-11.01,3.9,-43.0
SEQ_12609->12333_h30,1m-seq,S,30,-1,0.96,21.6,21.0,-6.3,37.2,-234.0
SEQ_13727->13819_h30,1m-seq,S,30,1,3.67,5.7,21.0,-3.82,4.1,-16.0
SEQ_6623->5471_h15,1m-seq,S,15,-1,3.01,7.0,21.0,-2.85,13.4,-38.0
SEQ_10518->10518_h60,1m-seq,S,60,1,1.88,11.0,21.0,0.14,18.7,3.0
SEQ_6623->13727_h30,1m-seq,S,30,1,5.26,3.9,21.0,-4.26,4.1,-17.0
SEQ_13727->5409_h30,1m-seq,S,30,-1,3.3,6.3,21.0,-3.95,5.9,-23.0
SEQ_5421->6899_h15,1m-seq,S,15,1,2.78,7.6,21.0,-2.48,19.0,-47.0
SEQ_5405->5697_h30,1m-seq,S,30,1,2.16,9.6,21.0,-1.2,9.3,-11.0
SEQ_12321->6899_h15,1m-seq,S,15,1,1.65,12.9,21.0,-4.23,27.7,-117.0
SEQ_5471->5709_h60,1m-seq,S,60,-1,3.0,6.9,21.0,0.79,13.1,10.0
SEQ_13811->12333_h15,1m-seq,S,15,1,2.97,7.2,21.0,0.63,16.1,10.0
SEQ_4607->6623_h15,1m-seq,S,15,-1,4.74,4.3,20.0,-1.69,4.7,-8.0
SEQ_5421->5709_h15,1m-seq,S,15,-1,1.13,17.2,20.0,-7.25,28.9,-209.0
SEQ_5471->13811_h60,1m-seq,S,60,1,2.61,7.6,20.0,-9.63,15.5,-149.0
SEQ_11135->5409_h60,1m-seq,S,60,-1,4.22,4.7,20.0,-29.61,3.2,-96.0
SEQ_12321->13727_h30,1m-seq,S,30,1,3.56,5.7,20.0,-8.02,5.0,-40.0
SEQ_12609->13821_h15,1m-seq,S,15,-1,2.52,8.1,20.0,-2.98,15.1,-45.0
SEQ_5405->13823_h15,1m-seq,S,15,1,4.4,4.6,20.0,-6.49,4.4,-28.0
SEQ_8114->0_h60,1m-seq,S,60,1,0.3,67.2,20.0,-7.45,14.7,-110.0
SEQ_12321->13439_h30,1m-seq,S,30,-1,4.26,4.8,20.0,-5.8,4.8,-28.0
SEQ_11519->6623_h30,1m-seq,S,30,1,4.94,3.9,19.0,-17.22,4.7,-81.0
SEQ_13823->13819_h30,1m-seq,S,30,1,4.53,4.3,19.0,-9.54,3.7,-35.0
SEQ_13535->13439_h30,1m-seq,S,30,-1,4.19,4.6,19.0,-0.04,5.2,-0.0
SEQ_13727->5409_h15,1m-seq,S,15,1,3.06,6.3,19.0,-2.09,5.9,-12.0
SEQ_13727->6899_h15,1m-seq,S,15,1,4.41,4.3,19.0,-5.68,5.1,-29.0
SEQ_13823->6907_h30,1m-seq,S,30,1,4.02,4.7,19.0,-6.26,4.0,-25.0
SEQ_11519->6623_h60,1m-seq,S,60,1,4.77,3.9,19.0,-9.29,4.7,-43.0
SEQ_13811->4607_h60,1m-seq,S,60,-1,3.63,5.3,19.0,-9.68,5.8,-56.0
SEQ_13811->4607_h30,1m-seq,S,30,-1,3.54,5.3,19.0,-8.22,5.8,-47.0
SEQ_5697->4607_h30,1m-seq,S,30,-1,4.64,4.0,18.0,-10.75,4.0,-43.0
SEQ_5709->12321_h30,1m-seq,S,30,-1,0.59,30.8,18.0,-8.33,52.7,-439.0
SEQ_13821->6899_h60,1m-seq,S,60,-1,2.21,8.3,18.0,-1.5,18.5,-28.0
SEQ_5697->5709_h15,1m-seq,S,15,-1,0.99,18.7,18.0,-5.58,30.9,-172.0
SEQ_13819->13811_h30,1m-seq,S,30,1,3.92,4.7,18.0,1.14,4.7,5.0
SEQ_13823->13727_h15,1m-seq,S,15,1,3.26,5.6,18.0,-7.73,5.1,-39.0
SEQ_12333->5471_h15,1m-seq,S,15,-1,3.11,5.9,18.0,1.54,10.5,16.0
SEQ_12609->13727_h30,1m-seq,S,30,1,4.24,4.1,17.0,-12.84,3.6,-47.0
SEQ_13823->6907_h60,1m-seq,S,60,1,3.51,4.7,17.0,-6.42,4.0,-26.0
SEQ_13823->11519_h60,1m-seq,S,60,1,2.43,6.8,17.0,-6.43,6.3,-40.0
SEQ_12333->5421_h15,1m-seq,S,15,-1,0.78,22.2,17.0,-9.85,37.7,-372.0
SEQ_6907->5409_h15,1m-seq,S,15,1,2.89,6.0,17.0,4.01,6.0,24.0
SEQ_5709->5471_h15,1m-seq,S,15,-1,3.41,5.1,17.0,5.13,9.4,48.0
SEQ_12333->5471_h30,1m-seq,S,30,-1,2.79,5.9,17.0,-0.3,10.5,-3.0
SEQ_5709->13811_h30,1m-seq,S,30,-1,2.03,8.3,17.0,4.8,17.7,85.0
SEQ_6907->5697_h15,1m-seq,S,15,1,4.62,3.8,17.0,-2.31,4.3,-10.0
SEQ_13819->13823_h30,1m-seq,S,30,1,1.75,9.9,17.0,-1.63,9.0,-15.0
SEQ_13535->5409_h60,1m-seq,S,60,-1,0.62,27.0,17.0,1.45,52.7,76.0
SEQ_11419->5409_h15,1m-seq,S,15,-1,3.3,5.2,17.0,-8.07,2.9,-23.0
SEQ_6899->5409_h15,1m-seq,S,15,1,0.89,19.2,17.0,-2.4,41.2,-99.0
SEQ_1202->50_h60,1m-seq,S,60,1,0.91,18.8,17.0,0.36,4.9,2.0
SEQ_5409->5697_h15,1m-seq,S,15,-1,0.42,41.4,17.0,-5.72,65.6,-375.0
SEQ_13819->13535_h15,1m-seq,S,15,1,2.45,6.7,16.0,1.03,6.6,7.0
SEQ_13439->13439_h30,1m-seq,S,30,-1,1.52,10.6,16.0,-4.82,10.5,-50.0
SEQ_11519->13823_h15,1m-seq,S,15,1,2.38,6.9,16.0,-5.01,6.9,-34.0
SEQ_13823->13439_h30,1m-seq,S,30,-1,3.53,4.6,16.0,3.28,4.9,16.0
SEQ_6907->6899_h15,1m-seq,S,15,1,4.06,4.1,16.0,-8.51,3.9,-33.0
SEQ_13535->5709_h15,1m-seq,S,15,1,2.24,7.1,16.0,0.04,15.1,1.0
SEQ_13823->11519_h30,1m-seq,S,30,1,2.29,6.8,16.0,-7.35,6.3,-46.0
SEQ_4219->12321_h60,1m-seq,S,60,1,3.58,4.1,15.0,-0.11,3.0,-0.0
SEQ_12321->5405_h30,1m-seq,S,30,1,2.43,6.1,15.0,-5.48,4.3,-24.0
SEQ_11519->11419_h60,1m-seq,S,60,1,3.34,4.6,15.0,-4.45,2.9,-13.0
SEQ_13823->12321_h60,1m-seq,S,60,1,0.68,21.5,15.0,2.34,41.3,97.0
SEQ_0->50_h60,1m-seq,S,60,1,1.24,12.3,15.0,-3.03,2.7,-8.0
SEQ_5471->5421_h15,1m-seq,S,15,-1,1.28,11.6,15.0,-7.72,21.4,-165.0
SEQ_1490->1202_h60,1m-seq,S,60,1,0.31,47.4,15.0,4.4,14.2,62.0
SEQ_13523->5471_h15,1m-seq,S,15,-1,2.64,5.6,15.0,-1.0,11.2,-11.0
SEQ_5471->5421_h30,1m-seq,S,30,-1,1.33,11.6,15.0,-8.82,21.4,-189.0
SEQ_0->1202_h30,1m-seq,S,30,1,0.56,27.5,15.0,8.04,7.1,57.0
SEQ_6899->5421_h60,1m-seq,S,60,1,1.76,8.7,15.0,-3.12,19.3,-60.0
SEQ_11519->11419_h30,1m-seq,S,30,1,3.28,4.6,15.0,-1.09,2.9,-3.0
SEQ_5697->5471_h15,1m-seq,S,15,-1,2.01,7.3,15.0,0.38,13.4,5.0
SEQ_13819->12321_h60,1m-seq,S,60,-1,2.82,4.9,14.0,0.08,4.5,0.0
SEQ_11135->4219_h30,1m-seq,S,30,1,2.72,5.1,14.0,0.45,2.9,1.0
SEQ_13811->12333_h60,1m-seq,S,60,1,1.9,7.2,14.0,3.61,16.1,58.0
SEQ_4808->4808_h15,1m-seq,S,15,1,1.1,12.6,14.0,-0.76,61.8,-47.0
SEQ_6623->11519_h30,1m-seq,S,30,1,3.55,3.8,14.0,-11.24,4.2,-47.0
SEQ_6623->4607_h30,1m-seq,S,30,-1,3.41,4.1,14.0,-2.13,4.3,-9.0
SEQ_5709->6623_h30,1m-seq,S,30,-1,1.77,8.1,14.0,3.55,16.2,58.0
SEQ_5421->13523_h60,1m-seq,S,60,1,2.25,6.0,14.0,2.35,13.9,33.0
SEQ_11419->11419_h60,1m-seq,S,60,-1,0.55,24.8,14.0,4.05,13.8,56.0
SEQ_6907->13823_h30,1m-seq,S,30,-1,2.28,6.1,14.0,-10.23,5.9,-60.0
SEQ_5405->5697_h15,1m-seq,S,15,1,1.47,9.6,14.0,0.29,9.3,3.0
SEQ_6907->13535_h30,1m-seq,S,30,1,1.62,7.7,13.0,-0.1,7.1,-1.0
SEQ_5697->5471_h30,1m-seq,S,30,-1,1.73,7.3,13.0,-0.37,13.4,-5.0
SEQ_5709->13535_h60,1m-seq,S,60,-1,1.04,12.6,13.0,1.12,27.5,31.0
SEQ_6623->13727_h15,1m-seq,S,15,1,3.39,3.9,13.0,-0.87,4.1,-4.0
SEQ_13819->13811_h60,1m-seq,S,60,1,2.8,4.7,13.0,1.17,4.7,5.0
SEQ_13819->6899_h15,1m-seq,S,15,1,3.11,4.1,13.0,-5.47,4.4,-24.0
SEQ_6623->11519_h15,1m-seq,S,15,1,3.4,3.8,13.0,-4.36,4.2,-18.0
SEQ_13727->13811_h30,1m-seq,S,30,1,2.57,5.1,13.0,-5.44,5.6,-30.0
SEQ_5471->6899_h30,1m-seq,S,30,1,2.3,5.5,13.0,-14.45,12.2,-176.0
SEQ_0->2308_h30,1m-seq,S,30,1,3.18,4.2,13.0,-1.38,2.9,-4.0
SEQ_11519->13811_h15,1m-seq,S,15,1,2.71,4.8,13.0,-11.79,5.1,-61.0
SEQ_5421->13821_h30,1m-seq,S,30,-1,1.93,6.7,13.0,-4.52,13.3,-60.0
SEQ_13821->13523_h30,1m-seq,S,30,-1,2.04,6.6,13.0,-0.43,14.1,-6.0
SEQ_6899->5709_h15,1m-seq,S,15,1,2.49,5.4,13.0,-2.73,11.6,-32.0
SEQ_5697->12333_h30,1m-seq,S,30,-1,0.44,28.7,13.0,-6.44,45.8,-295.0
SEQ_3890->3890_h60,1m-seq,S,60,1,1.26,10.1,13.0,-2.12,11.3,-24.0
SEQ_13823->5471_h30,1m-seq,S,30,-1,1.51,8.2,12.0,1.15,15.5,18.0
SEQ_11419->13823_h15,1m-seq,S,15,1,3.3,3.7,12.0,-5.91,2.5,-15.0
SEQ_5405->12321_h15,1m-seq,S,15,1,0.82,15.0,12.0,-5.68,13.6,-78.0
SEQ_6907->6907_h30,1m-seq,S,30,1,1.23,10.1,12.0,-3.03,8.0,-24.0
SEQ_5697->5405_h60,1m-seq,S,60,1,2.79,4.5,12.0,5.19,3.5,18.0
SEQ_5697->6623_h60,1m-seq,S,60,1,1.12,11.1,12.0,-2.96,25.0,-74.0
SEQ_13727->5697_h60,1m-seq,S,60,-1,2.96,4.1,12.0,-10.65,4.6,-49.0
SEQ_5471->13535_h60,1m-seq,S,60,1,1.09,11.4,12.0,-12.44,22.6,-281.0
SEQ_13811->12321_h60,1m-seq,S,60,1,0.64,18.0,12.0,5.17,34.9,181.0
SEQ_5709->6899_h15,1m-seq,S,15,1,1.78,6.9,12.0,-11.28,15.4,-173.0
SEQ_11419->12321_h30,1m-seq,S,30,-1,2.6,4.5,12.0,7.88,2.8,22.0
SEQ_13535->12321_h30,1m-seq,S,30,1,0.49,23.3,11.0,2.89,44.2,128.0
SEQ_6623->4607_h60,1m-seq,S,60,-1,2.61,4.1,11.0,0.17,4.3,1.0
SEQ_12609->4607_h30,1m-seq,S,30,-1,2.68,4.1,11.0,-16.59,3.8,-63.0
SEQ_3618->10518_h30,1m-seq,S,30,1,1.65,6.7,11.0,-0.97,10.5,-10.0
SEQ_6623->11519_h60,1m-seq,S,60,1,2.79,3.8,11.0,-12.82,4.2,-53.0
SEQ_13523->13811_h30,1m-seq,S,30,1,0.63,18.0,11.0,-3.4,37.1,-126.0
SEQ_13823->13819_h15,1m-seq,S,15,1,2.59,4.3,11.0,-6.64,3.7,-25.0
SEQ_13535->4607_h60,1m-seq,S,60,-1,1.89,5.4,10.0,-3.12,5.9,-18.0
SEQ_4607->13823_h60,1m-seq,S,60,1,1.53,6.4,10.0,5.83,9.4,55.0
SEQ_5405->5709_h30,1m-seq,S,30,1,2.36,4.1,10.0,-6.35,4.4,-28.0
SEQ_13811->5709_h30,1m-seq,S,30,1,1.72,5.7,10.0,1.89,11.9,23.0
SEQ_13811->13535_h15,1m-seq,S,15,1,0.37,25.5,10.0,-7.13,51.3,-366.0
SEQ_6623->13821_h30,1m-seq,S,30,1,2.47,4.1,10.0,-6.81,9.2,-62.0
SEQ_5405->12333_h15,1m-seq,S,15,1,1.77,5.6,10.0,-0.03,5.4,-0.0
SEQ_5405->5421_h15,1m-seq,S,15,1,1.51,6.4,10.0,-4.59,6.8,-31.0
SEQ_13821->12333_h30,1m-seq,S,30,1,1.87,5.4,10.0,6.08,10.4,63.0
SEQ_5421->12333_h15,1m-seq,S,15,-1,0.46,20.8,10.0,-3.62,34.9,-126.0
SEQ_6907->13811_h30,1m-seq,S,30,-1,2.1,4.8,10.0,-7.27,4.4,-32.0
SEQ_13535->6907_h60,1m-seq,S,60,1,2.37,4.3,10.0,-15.01,3.9,-58.0
SEQ_13535->4607_h15,1m-seq,S,15,-1,1.89,5.4,10.0,-2.68,5.9,-16.0
SEQ_6899->13811_h60,1m-seq,S,60,1,0.58,17.5,10.0,-2.87,34.3,-98.0
SEQ_13819->11519_h30,1m-seq,S,30,1,2.08,4.5,9.0,-7.34,2.9,-21.0
SEQ_12609->5405_h15,1m-seq,S,15,1,2.17,4.1,9.0,-0.75,2.8,-2.0
SEQ_6623->5709_h30,1m-seq,S,30,1,1.25,7.2,9.0,-3.56,14.7,-52.0
SEQ_5471->13823_h60,1m-seq,S,60,-1,0.57,15.7,9.0,-0.09,32.8,-3.0
SEQ_5409->13727_h15,1m-seq,S,15,1,2.31,4.1,9.0,-0.97,3.6,-3.0
SEQ_13535->13727_h15,1m-seq,S,15,1,1.64,5.3,9.0,-5.38,5.0,-27.0
SEQ_5409->6899_h60,1m-seq,S,60,-1,0.96,9.1,9.0,-6.08,21.1,-128.0
SEQ_5405->12609_h30,1m-seq,S,30,1,1.17,7.5,9.0,0.18,7.1,1.0
SEQ_5471->5471_h15,1m-seq,S,15,-1,0.59,15.0,9.0,-2.57,24.2,-62.0
SEQ_6907->5697_h60,1m-seq,S,60,1,2.48,3.8,9.0,1.29,4.3,6.0
SEQ_5421->12609_h30,1m-seq,S,30,-1,0.36,25.4,9.0,-8.5,42.3,-359.0
SEQ_13821->5697_h60,1m-seq,S,60,1,0.84,10.8,9.0,8.11,20.0,162.0
SEQ_12333->6899_h30,1m-seq,S,30,1,1.07,8.1,9.0,-10.37,17.7,-183.0
SEQ_8114->50_h60,1m-seq,S,60,1,0.51,17.6,9.0,-0.93,4.5,-4.0
SEQ_12321->13439_h15,1m-seq,S,15,-1,1.94,4.8,9.0,-1.13,4.8,-5.0
SEQ_6899->5709_h60,1m-seq,S,60,1,1.71,5.4,9.0,-5.89,11.6,-68.0
SEQ_11519->12321_h60,1m-seq,S,60,-1,1.48,6.0,9.0,-0.62,6.1,-4.0
SEQ_1214->2308_h60,1m-seq,S,60,1,2.08,3.7,8.0,-0.94,2.6,-2.0
SEQ_11519->12321_h30,1m-seq,S,30,-1,1.42,6.0,8.0,0.58,6.1,4.0
SEQ_13811->13727_h30,1m-seq,S,30,1,1.85,4.4,8.0,-7.69,4.0,-31.0
SEQ_4607->13535_h15,1m-seq,S,15,-1,1.38,5.5,8.0,0.9,7.2,6.0
SEQ_5697->5405_h30,1m-seq,S,30,1,1.88,4.5,8.0,-2.33,3.5,-8.0
SEQ_6623->12609_h30,1m-seq,S,30,1,0.67,11.5,8.0,-4.43,22.2,-98.0
SEQ_13439->13823_h30,1m-seq,S,30,1,1.31,6.4,8.0,3.92,9.9,39.0
SEQ_13819->13823_h15,1m-seq,S,15,1,0.85,9.9,8.0,-2.53,9.0,-23.0
SEQ_11419->4219_h60,1m-seq,S,60,1,1.05,7.6,8.0,-8.41,4.1,-35.0
SEQ_5405->5421_h30,1m-seq,S,30,1,1.33,6.4,8.0,-3.52,6.8,-24.0
SEQ_5709->13811_h15,1m-seq,S,15,-1,0.95,8.3,8.0,-0.79,17.7,-14.0
SEQ_5471->12333_h30,1m-seq,S,30,1,0.78,9.5,7.0,-9.39,16.9,-159.0
SEQ_12321->5709_h15,1m-seq,S,15,-1,0.29,23.0,7.0,-5.52,36.8,-203.0
SEQ_13439->13535_h60,1m-seq,S,60,1,1.28,5.5,7.0,-3.04,7.7,-23.0
SEQ_13727->5697_h15,1m-seq,S,15,1,1.66,4.1,7.0,-2.57,4.6,-12.0
SEQ_5409->6899_h30,1m-seq,S,30,-1,0.79,9.1,7.0,-2.23,21.1,-47.0
SEQ_13823->13439_h60,1m-seq,S,60,-1,1.53,4.6,7.0,-4.19,4.9,-20.0
SEQ_5409->5405_h30,1m-seq,S,30,1,1.33,5.1,7.0,-11.13,3.4,-38.0
SEQ_2308->2308_h60,1m-seq,S,60,1,0.48,15.2,7.0,-2.54,13.6,-34.0
SEQ_13535->5471_h15,1m-seq,S,15,-1,0.83,8.4,7.0,-0.43,16.1,-7.0
SEQ_5697->13811_h60,1m-seq,S,60,1,0.56,12.1,7.0,-6.37,27.1,-172.0
SEQ_13523->12609_h15,1m-seq,S,15,-1,0.94,7.6,7.0,-1.25,15.2,-19.0
SEQ_6623->13821_h15,1m-seq,S,15,1,1.6,4.1,7.0,-7.07,9.2,-65.0
SEQ_13821->6899_h15,1m-seq,S,15,1,0.86,8.3,7.0,-3.29,18.5,-61.0
SEQ_6907->6899_h30,1m-seq,S,30,1,1.85,4.1,7.0,-6.36,3.9,-25.0
SEQ_13727->13823_h60,1m-seq,S,60,1,0.88,8.2,7.0,0.25,7.9,2.0
SEQ_11135->11419_h60,1m-seq,S,60,1,0.88,6.9,6.0,-15.25,3.2,-49.0
SEQ_12333->13523_h30,1m-seq,S,30,1,0.99,5.7,6.0,-16.68,12.3,-205.0
SEQ_12609->6899_h15,1m-seq,S,15,1,0.65,9.7,6.0,-9.49,21.6,-205.0
SEQ_13535->13439_h15,1m-seq,S,15,-1,1.36,4.6,6.0,0.25,5.2,1.0
SEQ_5471->13811_h15,1m-seq,S,15,-1,0.74,7.6,6.0,2.35,15.5,36.0
SEQ_11135->12321_h30,1m-seq,S,30,1,1.39,4.3,6.0,3.61,3.4,12.0
SEQ_5697->13821_h30,1m-seq,S,30,-1,0.77,7.6,6.0,-1.64,15.1,-25.0
SEQ_5709->6899_h60,1m-seq,S,60,-1,0.9,6.9,6.0,6.86,15.4,105.0
SEQ_13439->12321_h30,1m-seq,S,30,-1,1.04,5.7,6.0,-9.25,6.7,-62.0
SEQ_5409->13823_h60,1m-seq,S,60,-1,0.26,25.0,6.0,-10.15,52.4,-532.0
SEQ_6907->12321_h60,1m-seq,S,60,1,0.97,5.3,5.0,5.85,5.9,34.0
SEQ_6907->6899_h60,1m-seq,S,60,1,1.2,4.1,5.0,-5.51,3.9,-22.0
SEQ_6899->13523_h15,1m-seq,S,15,1,0.41,11.1,5.0,-6.09,23.2,-142.0
SEQ_12609->12333_h15,1m-seq,S,15,-1,0.25,21.6,5.0,-2.27,37.2,-84.0
SEQ_13823->5697_h15,1m-seq,S,15,-1,0.31,16.5,5.0,-6.88,32.9,-226.0
SEQ_1602->0_h60,1m-seq,S,60,1,1.06,4.8,5.0,-3.14,2.9,-9.0
SEQ_13821->13523_h60,1m-seq,S,60,-1,0.82,6.6,5.0,-4.45,14.1,-63.0
SEQ_12609->6623_h60,1m-seq,S,60,-1,0.45,11.2,5.0,-6.82,23.7,-161.0
SEQ_5409->4607_h30,1m-seq,S,30,-1,1.19,4.2,5.0,-11.11,3.9,-43.0
SEQ_5409->12333_h30,1m-seq,S,30,-1,0.19,24.8,5.0,-4.37,41.0,-179.0
SEQ_5471->6623_h60,1m-seq,S,60,1,0.78,6.7,5.0,-15.93,14.8,-235.0
SEQ_5709->13523_h30,1m-seq,S,30,-1,1.05,5.2,5.0,6.84,10.8,74.0
SEQ_12333->13821_h30,1m-seq,S,30,-1,0.68,6.7,5.0,-9.72,12.8,-124.0
SEQ_12609->4607_h60,1m-seq,S,60,-1,1.3,4.1,5.0,-15.47,3.8,-58.0
SEQ_5709->6623_h15,1m-seq,S,15,-1,0.52,8.1,4.0,-2.06,16.2,-33.0
SEQ_6907->6623_h60,1m-seq,S,60,-1,0.9,4.9,4.0,5.08,5.1,26.0
SEQ_12321->13727_h15,1m-seq,S,15,1,0.71,5.7,4.0,-5.94,5.0,-29.0
SEQ_12->50_h60,1m-seq,S,60,1,0.36,10.8,4.0,2.13,2.5,5.0
SEQ_5405->5709_h60,1m-seq,S,60,1,0.93,4.1,4.0,-4.99,4.4,-22.0
SEQ_13811->4607_h15,1m-seq,S,15,-1,0.69,5.3,4.0,-2.12,5.8,-12.0
SEQ_50->1202_h30,1m-seq,S,30,1,0.28,15.4,4.0,15.21,2.9,44.0
SEQ_13523->12333_h60,1m-seq,S,60,-1,0.68,6.1,4.0,-9.8,12.6,-124.0
SEQ_13523->5421_h60,1m-seq,S,60,-1,0.56,8.0,4.0,-6.98,16.8,-117.0
SEQ_11135->5409_h15,1m-seq,S,15,1,0.79,4.7,4.0,2.15,3.2,7.0
SEQ_11135->12321_h15,1m-seq,S,15,1,0.86,4.3,4.0,-2.39,3.4,-8.0
SEQ_13811->5709_h15,1m-seq,S,15,1,0.72,5.7,4.0,0.36,11.9,4.0
SEQ_13535->13821_h60,1m-seq,S,60,1,0.9,4.7,4.0,-4.07,9.7,-39.0
SEQ_4219->12321_h15,1m-seq,S,15,1,0.95,4.1,4.0,2.98,3.0,9.0
SEQ_13819->6623_h30,1m-seq,S,30,1,0.62,5.3,3.0,0.54,4.9,3.0
SEQ_13535->12609_h60,1m-seq,S,60,1,0.28,11.9,3.0,0.57,23.3,13.0
SEQ_13823->6907_h15,1m-seq,S,15,1,0.67,4.7,3.0,-7.96,4.0,-32.0
SEQ_6623->13821_h60,1m-seq,S,60,1,0.67,4.1,3.0,3.98,9.2,37.0
SEQ_4607->5409_h15,1m-seq,S,15,-1,0.37,8.4,3.0,-9.3,7.6,-71.0
SEQ_13811->5709_h60,1m-seq,S,60,-1,0.47,5.7,3.0,-13.54,11.9,-161.0
SEQ_13819->13811_h15,1m-seq,S,15,1,0.7,4.7,3.0,1.78,4.7,8.0
SEQ_11519->11519_h60,1m-seq,S,60,1,0.2,12.8,3.0,-8.95,10.4,-93.0
SEQ_13823->12609_h30,1m-seq,S,30,1,0.31,10.9,3.0,-4.9,21.7,-107.0
SEQ_12333->13821_h15,1m-seq,S,15,-1,0.39,6.7,3.0,-6.51,12.8,-83.0
SEQ_3890->8402_h60,1m-seq,S,60,1,0.8,4.0,3.0,1.58,2.6,4.0
SEQ_2308->0_h60,1m-seq,S,60,1,0.48,5.9,3.0,2.57,4.5,11.0
SEQ_13535->6907_h15,1m-seq,S,15,1,0.76,4.3,3.0,-9.23,3.9,-36.0
SEQ_13727->6907_h60,1m-seq,S,60,1,0.6,5.4,3.0,-2.41,4.4,-11.0
SEQ_5697->13821_h15,1m-seq,S,15,-1,0.44,7.6,3.0,-2.32,15.1,-35.0
SEQ_13811->13811_h60,1m-seq,S,60,1,0.06,31.2,2.0,0.4,55.8,22.0
SEQ_6907->13811_h15,1m-seq,S,15,-1,0.46,4.8,2.0,-6.0,4.4,-26.0
SEQ_4607->13439_h30,1m-seq,S,30,-1,0.39,5.1,2.0,-0.18,5.1,-1.0
SEQ_3890->1214_h60,1m-seq,S,60,1,0.57,4.1,2.0,4.46,2.9,13.0
SEQ_5471->13535_h30,1m-seq,S,30,1,0.14,11.4,2.0,-9.63,22.6,-217.0
SEQ_6907->13535_h15,1m-seq,S,15,1,0.22,7.7,2.0,-1.79,7.1,-13.0
SEQ_11519->11419_h15,1m-seq,S,15,1,0.41,4.6,2.0,-2.76,2.9,-8.0
SEQ_5697->13727_h15,1m-seq,S,15,1,0.56,4.3,2.0,-2.79,3.6,-10.0
SEQ_4607->13811_h15,1m-seq,S,15,-1,0.48,3.9,2.0,-1.08,5.3,-6.0
SEQ_4607->12321_h60,1m-seq,S,60,-1,0.3,6.8,2.0,1.52,7.1,11.0
SEQ_13535->12609_h15,1m-seq,S,15,1,0.13,11.9,2.0,-3.64,23.3,-85.0
SEQ_13821->12609_h30,1m-seq,S,30,1,0.34,6.0,2.0,0.9,12.5,11.0
SEQ_12321->4607_h15,1m-seq,S,15,-1,0.27,5.7,2.0,-4.01,5.3,-21.0
SEQ_12333->13535_h30,1m-seq,S,30,1,0.13,15.1,2.0,-10.87,31.3,-341.0
SEQ_6623->12333_h15,1m-seq,S,15,1,0.17,9.2,2.0,-2.19,18.8,-41.0
SEQ_6907->12321_h15,1m-seq,S,15,1,0.13,5.3,1.0,-2.05,5.9,-12.0
SEQ_5421->5421_h15,1m-seq,S,15,-1,0.03,39.3,1.0,-7.75,61.0,-473.0
SEQ_13819->4607_h30,1m-seq,S,30,-1,0.19,4.1,1.0,2.88,2.8,8.0
SEQ_12321->12333_h30,1m-seq,S,30,-1,0.02,28.9,1.0,-6.47,46.8,-303.0
SEQ_13535->13439_h60,1m-seq,S,60,-1,0.23,4.6,1.0,-2.52,5.2,-13.0
SEQ_13811->5697_h60,1m-seq,S,60,1,0.07,13.4,1.0,7.98,29.2,233.0
SEQ_13819->5409_h15,1m-seq,S,15,-1,0.1,6.0,1.0,-3.2,4.5,-14.0
SEQ_12609->4607_h15,1m-seq,S,15,-1,0.2,4.1,1.0,-3.79,3.8,-14.0
SEQ_5405->5709_h15,1m-seq,S,15,1,0.24,4.1,1.0,-7.37,4.4,-33.0
SEQ_4607->4607_h30,1m-seq,S,30,-1,0.09,12.6,1.0,-6.08,11.4,-69.0
SEQ_11519->6623_h15,1m-seq,S,15,1,0.37,3.9,1.0,-12.79,4.7,-60.0
SEQ_2308->0_h15,1m-seq,S,15,1,0.22,5.9,1.0,-1.19,4.5,-5.0
SEQ_5405->5405_h30,1m-seq,S,30,1,0.1,11.6,1.0,-4.97,8.2,-41.0
SEQ_5471->13523_h30,1m-seq,S,30,1,0.29,4.4,1.0,-14.03,9.6,-135.0
SEQ_5697->4607_h60,1m-seq,S,60,-1,0.23,4.0,1.0,-9.91,4.0,-40.0
SEQ_13727->11419_h30,1m-seq,S,30,1,0.17,3.9,1.0,-1.1,2.5,-3.0
SEQ_13535->12333_h15,1m-seq,S,15,1,0.06,9.5,1.0,0.97,19.8,19.0
SEQ_13811->6907_h30,1m-seq,S,30,1,0.0,3.8,0.0,-2.08,3.0,-6.0
SEQ_13439->13535_h15,1m-seq,S,15,-1,-0.08,5.5,-0.0,-5.57,7.7,-43.0
SEQ_12333->13821_h60,1m-seq,S,60,-1,-0.01,6.7,-0.0,-20.82,12.8,-266.0
SEQ_10518->10518_h30,1m-seq,S,30,1,-0.02,11.0,-0.0,-2.23,18.7,-42.0
SEQ_5421->5471_h30,1m-seq,S,30,-1,0.06,5.7,0.0,-4.94,11.0,-54.0
SEQ_11135->4219_h15,1m-seq,S,15,1,-0.06,5.1,-0.0,-4.26,2.9,-12.0
SEQ_12321->4607_h60,1m-seq,S,60,-1,-0.03,5.7,-0.0,-10.04,5.3,-54.0
SEQ_13821->6623_h60,1m-seq,S,60,-1,-0.01,9.8,-0.0,-8.57,20.5,-176.0
SEQ_5471->13821_h30,1m-seq,S,30,-1,0.07,4.2,0.0,10.78,7.9,85.0
SEQ_5697->13523_h60,1m-seq,S,60,1,-0.02,7.3,-0.0,-3.44,16.9,-58.0
SEQ_5471->13821_h60,1m-seq,S,60,-1,-0.12,4.2,-0.0,4.11,7.9,33.0
SEQ_12609->5709_h15,1m-seq,S,15,-1,-0.02,23.6,-0.0,-4.58,38.2,-175.0
SEQ_6623->12321_h30,1m-seq,S,30,1,-0.02,22.3,-0.0,0.81,42.3,34.0
SEQ_6899->5471_h15,1m-seq,S,15,-1,-0.05,7.3,-0.0,-3.06,13.9,-43.0
SEQ_13821->5421_h30,1m-seq,S,30,-1,0.04,7.2,0.0,-15.48,13.8,-213.0
SEQ_4607->13439_h15,1m-seq,S,15,-1,-0.16,5.1,-1.0,2.37,5.1,12.0
SEQ_13727->12321_h15,1m-seq,S,15,1,-0.26,5.5,-1.0,-5.95,6.0,-35.0
SEQ_3890->8402_h30,1m-seq,S,30,1,-0.35,4.0,-1.0,-4.86,2.6,-13.0
SEQ_13523->12333_h30,1m-seq,S,30,1,-0.12,6.1,-1.0,-6.33,12.6,-80.0
SEQ_0->2308_h15,1m-seq,S,15,1,-0.26,4.2,-1.0,-1.45,2.9,-4.0
SEQ_13811->5471_h15,1m-seq,S,15,-1,-0.18,6.9,-1.0,0.8,13.7,11.0
SEQ_13811->12321_h30,1m-seq,S,30,1,-0.07,18.0,-1.0,3.0,34.9,105.0
SEQ_4607->11135_h60,1m-seq,S,60,1,-0.15,4.7,-1.0,12.6,3.5,44.0
SEQ_5697->4607_h15,1m-seq,S,15,-1,-0.18,4.0,-1.0,-2.12,4.1,-9.0
SEQ_11519->5697_h15,1m-seq,S,15,1,-0.34,4.4,-1.0,-4.3,5.1,-22.0
SEQ_13727->6623_h15,1m-seq,S,15,1,-0.27,5.0,-1.0,-8.26,5.7,-47.0
SEQ_5697->13821_h60,1m-seq,S,60,-1,-0.32,7.6,-2.0,-10.22,15.1,-154.0
SEQ_5409->13821_h15,1m-seq,S,15,-1,-0.19,8.3,-2.0,-3.14,15.2,-48.0
SEQ_8126->1602_h30,1m-seq,S,30,1,-0.43,5.6,-2.0,-1.54,3.4,-5.0
SEQ_3890->1214_h30,1m-seq,S,30,1,-0.55,4.1,-2.0,1.77,2.9,5.0
SEQ_12321->6907_h60,1m-seq,S,60,-1,-0.52,4.0,-2.0,2.56,3.3,9.0
SEQ_13823->13439_h15,1m-seq,S,15,-1,-0.38,4.6,-2.0,4.24,4.9,21.0
SEQ_1202->1214_h60,1m-seq,S,60,1,-0.05,43.5,-2.0,-2.36,12.0,-28.0
SEQ_12333->12609_h15,1m-seq,S,15,-1,-0.11,22.5,-2.0,-4.61,36.5,-168.0
SEQ_13819->12321_h15,1m-seq,S,15,-1,-0.5,4.9,-2.0,-2.38,4.5,-11.0
SEQ_5697->6899_h30,1m-seq,S,30,1,-0.29,9.7,-3.0,-8.63,23.0,-199.0
SEQ_13823->4607_h30,1m-seq,S,30,-1,-0.42,6.7,-3.0,-4.79,6.7,-32.0
SEQ_6907->6623_h30,1m-seq,S,30,-1,-0.66,4.9,-3.0,3.83,5.1,19.0
SEQ_12609->13727_h15,1m-seq,S,15,1,-0.74,4.1,-3.0,-6.89,3.6,-25.0
SEQ_13727->13727_h15,1m-seq,S,15,1,-0.21,12.7,-3.0,-2.09,10.2,-21.0
SEQ_6899->12609_h15,1m-seq,S,15,1,-0.3,9.0,-3.0,-5.17,17.9,-93.0
SEQ_11519->13727_h15,1m-seq,S,15,1,-0.62,5.6,-3.0,-7.26,4.6,-34.0
SEQ_13727->13819_h15,1m-seq,S,15,1,-0.61,5.7,-3.0,-0.48,4.1,-2.0
SEQ_8402->12_h60,1m-seq,S,60,1,-0.1,30.7,-3.0,-4.54,8.6,-39.0
SEQ_13535->5471_h60,1m-seq,S,60,-1,-0.35,8.4,-3.0,5.8,16.1,93.0
SEQ_5471->12333_h15,1m-seq,S,15,1,-0.34,9.5,-3.0,-4.85,16.9,-82.0
SEQ_5709->13823_h30,1m-seq,S,30,-1,-0.22,17.2,-4.0,-1.94,37.4,-73.0
SEQ_13821->5409_h15,1m-seq,S,15,1,-0.3,14.6,-4.0,-6.59,29.3,-193.0
SEQ_6623->4607_h15,1m-seq,S,15,-1,-0.95,4.1,-4.0,-3.27,4.3,-14.0
SEQ_5697->13535_h30,1m-seq,S,30,1,-0.22,18.2,-4.0,-12.23,40.6,-496.0
SEQ_13821->12609_h15,1m-seq,S,15,1,-0.72,6.0,-4.0,-5.15,12.5,-64.0
SEQ_6907->5697_h30,1m-seq,S,30,1,-0.94,3.8,-4.0,-8.78,4.3,-38.0
SEQ_1214->2308_h15,1m-seq,S,15,1,-1.15,3.7,-4.0,-0.95,2.6,-3.0
SEQ_11519->11519_h30,1m-seq,S,30,1,-0.28,12.8,-4.0,-9.13,10.4,-95.0
SEQ_11135->11135_h30,1m-seq,S,30,1,-0.29,12.3,-4.0,-3.14,8.1,-25.0
SEQ_5709->13821_h15,1m-seq,S,15,-1,-0.78,5.7,-4.0,-4.22,10.7,-45.0
SEQ_50->1490_h60,1m-seq,S,60,1,-0.2,22.4,-4.0,4.35,4.9,21.0
SEQ_13439->13439_h15,1m-seq,S,15,-1,-0.41,10.6,-4.0,-0.92,10.5,-10.0
SEQ_13727->5409_h60,1m-seq,S,60,1,-0.6,6.3,-4.0,12.07,5.9,71.0
SEQ_5421->5471_h15,1m-seq,S,15,-1,-0.69,5.7,-4.0,-3.25,11.0,-36.0
SEQ_5471->6899_h60,1m-seq,S,60,1,-0.67,5.5,-4.0,-17.2,12.2,-209.0
SEQ_4607->5697_h30,1m-seq,S,30,-1,-0.79,4.9,-4.0,-11.6,5.8,-67.0
SEQ_5471->6623_h15,1m-seq,S,15,-1,-0.64,6.7,-4.0,-2.26,14.8,-33.0
SEQ_5697->12609_h15,1m-seq,S,15,-1,-0.14,28.2,-4.0,-4.8,45.1,-217.0
SEQ_3618->3618_h30,1m-seq,S,30,1,-0.24,15.8,-4.0,-1.93,24.1,-47.0
SEQ_13535->12321_h60,1m-seq,S,60,1,-0.21,23.3,-5.0,1.88,44.2,83.0
SEQ_3890->8114_h30,1m-seq,S,30,1,-1.22,3.8,-5.0,-1.98,2.5,-5.0
SEQ_13523->6623_h30,1m-seq,S,30,1,-0.4,13.2,-5.0,3.34,29.0,97.0
SEQ_5409->11519_h15,1m-seq,S,15,-1,-1.32,4.1,-5.0,-4.56,3.5,-16.0
SEQ_5421->6899_h30,1m-seq,S,30,1,-0.66,7.6,-5.0,-4.18,19.0,-79.0
SEQ_12321->6907_h30,1m-seq,S,30,1,-1.3,4.0,-5.0,-6.37,3.3,-21.0
SEQ_13535->5421_h60,1m-seq,S,60,-1,-0.39,11.9,-5.0,-11.59,24.4,-283.0
SEQ_5405->12609_h60,1m-seq,S,60,1,-0.64,7.5,-5.0,3.4,7.1,24.0
SEQ_13523->12333_h15,1m-seq,S,15,1,-0.81,6.1,-5.0,-1.06,12.6,-13.0
SEQ_12321->11519_h30,1m-seq,S,30,1,-0.84,5.5,-5.0,-7.88,4.8,-38.0
SEQ_6899->5697_h15,1m-seq,S,15,1,-0.41,13.2,-5.0,1.76,27.9,49.0
SEQ_13821->12321_h60,1m-seq,S,60,1,-0.41,13.1,-5.0,7.2,24.6,177.0
SEQ_8402->1602_h30,1m-seq,S,30,1,-1.03,5.0,-5.0,1.5,3.6,5.0
SEQ_13727->12321_h30,1m-seq,S,30,-1,-0.86,5.5,-5.0,2.44,6.0,15.0
SEQ_13439->12321_h15,1m-seq,S,15,-1,-0.84,5.7,-5.0,-5.74,6.7,-38.0
SEQ_12321->11419_h15,1m-seq,S,15,-1,-1.11,4.1,-5.0,-8.06,2.7,-22.0
SEQ_4607->11135_h30,1m-seq,S,30,-1,-1.13,4.7,-5.0,-8.82,3.5,-31.0
SEQ_13811->5471_h60,1m-seq,S,60,-1,-0.85,6.9,-6.0,0.47,13.7,6.0
SEQ_13535->6623_h30,1m-seq,S,30,1,-0.31,20.2,-6.0,0.18,40.1,7.0
SEQ_5409->12609_h15,1m-seq,S,15,-1,-0.19,30.7,-6.0,-4.59,47.4,-217.0
SEQ_13727->6907_h15,1m-seq,S,15,1,-1.09,5.4,-6.0,-0.9,4.4,-4.0
SEQ_3890->1214_h15,1m-seq,S,15,1,-1.36,4.1,-6.0,3.46,2.9,10.0
SEQ_13819->11519_h15,1m-seq,S,15,1,-1.38,4.5,-6.0,-4.34,2.9,-13.0
SEQ_5409->5405_h15,1m-seq,S,15,1,-1.14,5.1,-6.0,-9.16,3.4,-31.0
SEQ_13523->12609_h30,1m-seq,S,30,-1,-0.79,7.6,-6.0,-1.17,15.2,-18.0
SEQ_5697->5697_h30,1m-seq,S,30,-1,-0.1,54.7,-6.0,-10.03,83.3,-836.0
SEQ_13535->13821_h15,1m-seq,S,15,1,-1.23,4.7,-6.0,-7.15,9.7,-69.0
SEQ_13811->11519_h60,1m-seq,S,60,-1,-1.12,5.5,-6.0,-1.82,5.3,-10.0
SEQ_5421->13523_h30,1m-seq,S,30,1,-1.01,6.0,-6.0,-10.17,13.9,-142.0
SEQ_4219->4219_h60,1m-seq,S,60,1,-0.37,16.3,-6.0,-3.83,9.8,-37.0
SEQ_12333->6623_h60,1m-seq,S,60,1,-0.62,9.0,-6.0,-7.37,18.8,-139.0
SEQ_11419->4219_h30,1m-seq,S,30,1,-0.74,7.6,-6.0,-7.21,4.1,-30.0
SEQ_12321->11519_h60,1m-seq,S,60,1,-1.0,5.5,-6.0,-8.06,4.8,-38.0
SEQ_5421->12321_h30,1m-seq,S,30,-1,-0.13,44.7,-6.0,-9.19,73.3,-674.0
SEQ_6899->13523_h30,1m-seq,S,30,1,-0.53,11.1,-6.0,-2.02,23.2,-47.0
SEQ_6899->6623_h30,1m-seq,S,30,1,-0.36,15.9,-6.0,-1.17,33.3,-39.0
SEQ_5709->5409_h15,1m-seq,S,15,-1,-0.17,33.2,-6.0,-4.79,60.0,-287.0
SEQ_5709->5709_h15,1m-seq,S,15,-1,-0.24,24.4,-6.0,-4.43,39.1,-173.0
SEQ_12609->12321_h30,1m-seq,S,30,-1,-0.17,37.8,-6.0,-8.93,62.2,-556.0
SEQ_11135->5409_h30,1m-seq,S,30,-1,-1.3,4.7,-6.0,-20.56,3.2,-67.0
SEQ_1490->1602_h60,1m-seq,S,60,1,-1.41,4.5,-6.0,-3.22,3.4,-11.0
SEQ_11519->5697_h60,1m-seq,S,60,1,-1.41,4.4,-6.0,-11.51,5.1,-58.0
SEQ_5409->13811_h15,1m-seq,S,15,-1,-0.62,11.8,-7.0,-2.71,25.1,-68.0
SEQ_13523->5471_h60,1m-seq,S,60,1,-1.21,5.6,-7.0,-21.56,11.2,-240.0
SEQ_13727->5697_h30,1m-seq,S,30,-1,-1.75,4.1,-7.0,-1.17,4.6,-5.0
SEQ_13523->5471_h30,1m-seq,S,30,1,-1.24,5.6,-7.0,-14.37,11.2,-160.0
SEQ_12609->6899_h30,1m-seq,S,30,1,-0.67,9.7,-7.0,-14.71,21.6,-318.0
SEQ_4219->5409_h60,1m-seq,S,60,-1,-1.46,4.5,-7.0,-6.36,3.2,-20.0
SEQ_13439->6623_h15,1m-seq,S,15,-1,-1.76,3.7,-7.0,-3.59,5.4,-19.0
SEQ_13439->12321_h60,1m-seq,S,60,1,-1.23,5.7,-7.0,8.27,6.7,55.0
SEQ_12333->13523_h60,1m-seq,S,60,1,-1.15,5.7,-7.0,-13.16,12.3,-162.0
SEQ_1214->2308_h30,1m-seq,S,30,1,-1.86,3.7,-7.0,-1.87,2.6,-5.0
SEQ_13439->6623_h60,1m-seq,S,60,1,-1.82,3.7,-7.0,-0.85,5.4,-5.0
SEQ_12321->11419_h30,1m-seq,S,30,-1,-1.62,4.1,-7.0,-10.64,2.7,-29.0
SEQ_5471->12321_h60,1m-seq,S,60,-1,-0.31,21.1,-7.0,-5.06,36.6,-185.0
SEQ_8114->1602_h30,1m-seq,S,30,1,-1.49,4.6,-7.0,1.59,3.5,6.0
SEQ_12321->13821_h30,1m-seq,S,30,-1,-0.71,10.0,-7.0,-4.69,18.6,-87.0
SEQ_13811->5421_h30,1m-seq,S,30,1,-0.75,9.1,-7.0,5.92,19.4,115.0
SEQ_13523->5709_h30,1m-seq,S,30,-1,-1.51,4.7,-7.0,-3.07,10.0,-31.0
SEQ_13727->11419_h60,1m-seq,S,60,1,-1.83,3.9,-7.0,-9.83,2.5,-24.0
SEQ_13823->11519_h15,1m-seq,S,15,1,-1.02,6.8,-7.0,-5.96,6.3,-37.0
SEQ_13821->13821_h60,1m-seq,S,60,-1,-0.69,12.3,-8.0,-8.89,21.0,-186.0
SEQ_12321->5405_h15,1m-seq,S,15,1,-1.33,6.1,-8.0,-5.67,4.3,-24.0
SEQ_13523->6623_h15,1m-seq,S,15,1,-0.63,13.2,-8.0,-1.83,29.0,-53.0
SEQ_6907->12321_h30,1m-seq,S,30,1,-1.49,5.3,-8.0,-2.64,5.9,-16.0
SEQ_5697->11519_h60,1m-seq,S,60,-1,-1.79,4.3,-8.0,-1.36,3.3,-5.0
SEQ_5421->13535_h30,1m-seq,S,30,1,-0.58,14.5,-8.0,-8.37,33.6,-281.0
SEQ_13523->5421_h15,1m-seq,S,15,-1,-0.95,8.0,-8.0,-4.56,16.8,-77.0
SEQ_13535->13819_h15,1m-seq,S,15,1,-1.99,4.2,-8.0,-3.5,3.8,-13.0
SEQ_3618->10518_h15,1m-seq,S,15,1,-1.23,6.7,-8.0,-2.41,10.5,-25.0
SEQ_5421->13821_h15,1m-seq,S,15,-1,-1.15,6.7,-8.0,-4.38,13.3,-58.0
SEQ_13819->13819_h30,1m-seq,S,30,1,-0.73,10.7,-8.0,-6.76,7.9,-53.0
SEQ_4219->5409_h15,1m-seq,S,15,1,-1.69,4.5,-8.0,-3.6,3.2,-11.0
SEQ_13727->11419_h15,1m-seq,S,15,-1,-2.0,3.9,-8.0,-6.42,2.5,-16.0
SEQ_13535->13819_h30,1m-seq,S,30,-1,-1.82,4.2,-8.0,0.24,3.8,1.0
SEQ_13819->4607_h60,1m-seq,S,60,-1,-2.02,4.1,-8.0,16.23,2.8,46.0
SEQ_12321->13819_h60,1m-seq,S,60,1,-1.85,4.2,-8.0,-8.95,3.4,-30.0
SEQ_4219->11419_h60,1m-seq,S,60,-1,-1.03,7.9,-8.0,16.77,3.5,59.0
SEQ_4607->13439_h60,1m-seq,S,60,1,-1.5,5.1,-8.0,0.64,5.1,3.0
SEQ_4607->13811_h60,1m-seq,S,60,1,-1.97,3.9,-8.0,-7.26,5.3,-38.0
SEQ_3890->1490_h60,1m-seq,S,60,-1,-2.0,4.4,-9.0,-11.16,2.9,-32.0
SEQ_13811->13727_h15,1m-seq,S,15,1,-2.04,4.4,-9.0,-2.7,4.0,-11.0
SEQ_5471->13821_h15,1m-seq,S,15,-1,-2.25,4.2,-9.0,2.1,7.9,17.0
SEQ_5709->13523_h15,1m-seq,S,15,-1,-1.69,5.2,-9.0,1.67,10.8,18.0
SEQ_12321->11419_h60,1m-seq,S,60,-1,-2.28,4.1,-9.0,5.18,2.7,14.0
SEQ_1490->1602_h30,1m-seq,S,30,1,-2.08,4.5,-9.0,0.42,3.4,1.0
SEQ_13823->13821_h15,1m-seq,S,15,1,-2.24,4.1,-9.0,-8.07,8.9,-72.0
SEQ_5421->6899_h60,1m-seq,S,60,1,-1.2,7.6,-9.0,-5.64,19.0,-107.0
SEQ_12321->6907_h15,1m-seq,S,15,1,-2.22,4.0,-9.0,-5.39,3.3,-18.0
SEQ_12321->13439_h60,1m-seq,S,60,-1,-1.99,4.8,-9.0,-14.57,4.8,-70.0
SEQ_8402->1602_h15,1m-seq,S,15,1,-1.84,5.0,-9.0,-0.82,3.6,-3.0
SEQ_2308->0_h30,1m-seq,S,30,1,-1.61,5.9,-9.0,1.13,4.5,5.0
SEQ_2308->2308_h30,1m-seq,S,30,1,-0.58,15.2,-9.0,-2.91,13.6,-40.0
SEQ_13523->5709_h15,1m-seq,S,15,-1,-1.84,4.7,-9.0,-2.89,10.0,-29.0
SEQ_3890->3890_h30,1m-seq,S,30,1,-0.85,10.1,-9.0,-1.94,11.3,-22.0
SEQ_13727->13811_h15,1m-seq,S,15,1,-1.8,5.1,-9.0,-1.5,5.6,-8.0
SEQ_13523->5697_h60,1m-seq,S,60,1,-0.76,11.7,-9.0,0.98,24.1,24.0
SEQ_3890->8402_h15,1m-seq,S,15,1,-2.16,4.0,-9.0,-4.25,2.6,-11.0
SEQ_3890->8114_h15,1m-seq,S,15,1,-2.45,3.8,-9.0,-1.54,2.5,-4.0
SEQ_5409->11519_h60,1m-seq,S,60,-1,-2.28,4.1,-9.0,-2.97,3.5,-10.0
SEQ_0->1214_h60,1m-seq,S,60,1,-0.2,43.7,-9.0,1.79,10.2,18.0
SEQ_5471->13523_h15,1m-seq,S,15,-1,-2.19,4.4,-10.0,1.39,9.6,13.0
SEQ_5697->6899_h60,1m-seq,S,60,1,-1.03,9.7,-10.0,-8.92,23.0,-206.0
SEQ_5471->5471_h30,1m-seq,S,30,-1,-0.68,15.0,-10.0,-1.84,24.2,-45.0
SEQ_3890->3890_h15,1m-seq,S,15,1,-1.02,10.1,-10.0,-3.0,11.3,-34.0
SEQ_3890->1490_h30,1m-seq,S,30,1,-2.17,4.4,-10.0,-1.82,2.9,-5.0
SEQ_3890->8126_h30,1m-seq,S,30,1,-1.99,5.0,-10.0,-3.92,3.1,-12.0
SEQ_12609->6623_h30,1m-seq,S,30,-1,-0.89,11.2,-10.0,1.12,23.7,26.0
SEQ_3890->1490_h15,1m-seq,S,15,1,-2.22,4.4,-10.0,0.63,2.9,2.0
SEQ_13819->4607_h15,1m-seq,S,15,-1,-2.48,4.1,-10.0,-2.18,2.8,-6.0
SEQ_13819->6623_h60,1m-seq,S,60,1,-1.93,5.3,-10.0,3.43,4.9,17.0
SEQ_1214->1602_h30,1m-seq,S,30,1,-1.8,5.3,-10.0,1.6,3.6,6.0
SEQ_0->50_h30,1m-seq,S,30,1,-0.8,12.3,-10.0,-2.45,2.7,-7.0
SEQ_0->1490_h60,1m-seq,S,60,1,-0.27,38.8,-10.0,-1.22,9.4,-11.0
SEQ_1214->1602_h15,1m-seq,S,15,1,-1.85,5.3,-10.0,-1.29,3.6,-5.0
SEQ_8402->1602_h60,1m-seq,S,60,1,-1.99,5.0,-10.0,1.06,3.6,4.0
SEQ_5471->5409_h15,1m-seq,S,15,1,-0.44,22.8,-10.0,-2.79,44.0,-123.0
SEQ_13439->6623_h30,1m-seq,S,30,1,-2.62,3.7,-10.0,0.19,5.4,1.0
SEQ_12321->13819_h30,1m-seq,S,30,1,-2.27,4.2,-10.0,-6.5,3.4,-22.0
SEQ_12333->6623_h30,1m-seq,S,30,1,-1.09,9.0,-10.0,-11.19,18.8,-210.0
SEQ_13811->13727_h60,1m-seq,S,60,1,-2.33,4.4,-10.0,-3.39,4.0,-14.0
SEQ_5405->13823_h60,1m-seq,S,60,-1,-2.1,4.6,-10.0,-18.06,4.4,-79.0
SEQ_6907->6623_h15,1m-seq,S,15,-1,-2.18,4.9,-11.0,-0.9,5.1,-5.0
SEQ_3890->8126_h60,1m-seq,S,60,1,-2.17,5.0,-11.0,-1.82,3.1,-6.0
SEQ_5409->13523_h30,1m-seq,S,30,-1,-1.59,6.9,-11.0,-0.21,15.6,-3.0
SEQ_5471->5697_h60,1m-seq,S,60,-1,-0.64,17.1,-11.0,-12.35,30.4,-376.0
F15V3_341705_h30,F15,V,30,-1,-0.22,49.7,-11.0,-6.12,75.9,-464.0
SEQ_13821->13811_h15,1m-seq,S,15,-1,-1.0,10.8,-11.0,-0.29,21.8,-6.0
SEQ_8126->1602_h15,1m-seq,S,15,1,-1.89,5.6,-11.0,-1.37,3.4,-5.0
SEQ_13535->13819_h60,1m-seq,S,60,1,-2.56,4.2,-11.0,-16.18,3.8,-62.0
SEQ_12609->11519_h30,1m-seq,S,30,1,-2.76,3.9,-11.0,-11.05,3.6,-39.0
SEQ_1490->1602_h15,1m-seq,S,15,1,-2.48,4.5,-11.0,0.13,3.4,0.0
SEQ_13821->5421_h15,1m-seq,S,15,-1,-1.53,7.2,-11.0,-9.31,13.8,-128.0
SEQ_5409->13523_h60,1m-seq,S,60,1,-1.57,6.9,-11.0,2.82,15.6,44.0
SEQ_11135->11419_h15,1m-seq,S,15,1,-1.57,6.9,-11.0,-1.64,3.2,-5.0
SEQ_13811->13523_h15,1m-seq,S,15,1,-0.85,13.1,-11.0,-3.75,26.7,-100.0
SEQ_11419->12321_h15,1m-seq,S,15,-1,-2.37,4.5,-11.0,-1.9,2.8,-5.0
SEQ_12333->12333_h30,1m-seq,S,30,-1,-0.34,31.9,-11.0,-5.08,50.1,-254.0
SEQ_13439->13823_h15,1m-seq,S,15,1,-1.79,6.4,-11.0,-1.33,9.9,-13.0
SEQ_5421->13535_h15,1m-seq,S,15,1,-0.74,14.5,-11.0,-4.34,33.6,-146.0
SEQ_5697->13811_h15,1m-seq,S,15,-1,-0.91,12.1,-11.0,2.9,27.1,78.0
SEQ_8126->1602_h60,1m-seq,S,60,1,-1.99,5.6,-11.0,-3.48,3.4,-12.0
SEQ_4607->12321_h30,1m-seq,S,30,-1,-1.71,6.8,-12.0,-3.23,7.1,-23.0
SEQ_4607->13811_h30,1m-seq,S,30,1,-3.03,3.9,-12.0,-1.8,5.3,-10.0
SEQ_12609->13523_h30,1m-seq,S,30,1,-1.69,7.2,-12.0,-13.38,15.7,-210.0
SEQ_5421->13823_h15,1m-seq,S,15,1,-0.58,20.8,-12.0,-0.62,44.7,-28.0
SEQ_12321->13819_h15,1m-seq,S,15,-1,-2.97,4.2,-12.0,-1.15,3.4,-4.0
SEQ_5471->12609_h30,1m-seq,S,30,-1,-1.11,11.1,-12.0,2.32,19.5,45.0
SEQ_13821->13821_h30,1m-seq,S,30,-1,-1.02,12.3,-12.0,-2.56,21.0,-54.0
SEQ_5409->4607_h15,1m-seq,S,15,-1,-2.92,4.2,-12.0,-5.01,3.9,-19.0
SEQ_12609->6623_h15,1m-seq,S,15,-1,-1.08,11.2,-12.0,-3.51,23.7,-83.0
SEQ_13823->12609_h15,1m-seq,S,15,1,-1.12,10.9,-12.0,-6.4,21.7,-139.0
SEQ_11419->13823_h60,1m-seq,S,60,-1,-3.31,3.7,-12.0,-30.91,2.5,-77.0
SEQ_5471->6623_h30,1m-seq,S,30,1,-1.79,6.7,-12.0,-7.52,14.8,-111.0
SEQ_13535->13821_h30,1m-seq,S,30,1,-2.6,4.7,-12.0,-11.4,9.7,-110.0
SEQ_13823->13821_h30,1m-seq,S,30,1,-2.8,4.1,-12.0,-7.8,8.9,-70.0
SEQ_3890->8114_h60,1m-seq,S,60,1,-3.06,3.8,-12.0,3.38,2.5,9.0
SEQ_13823->13811_h60,1m-seq,S,60,1,-0.57,21.8,-12.0,3.92,43.2,170.0
SEQ_13823->4607_h60,1m-seq,S,60,-1,-1.77,6.7,-12.0,-7.41,6.7,-50.0
SEQ_4607->13823_h15,1m-seq,S,15,-1,-1.81,6.4,-12.0,-3.72,9.4,-35.0
SEQ_12609->11519_h15,1m-seq,S,15,1,-3.01,3.9,-12.0,-6.23,3.6,-22.0
SEQ_13823->13821_h60,1m-seq,S,60,-1,-2.99,4.1,-12.0,-7.91,8.9,-71.0
SEQ_8114->1602_h15,1m-seq,S,15,1,-2.64,4.6,-12.0,-0.88,3.5,-3.0
SEQ_4607->13535_h60,1m-seq,S,60,-1,-2.13,5.5,-12.0,-2.46,7.2,-18.0
SEQ_13811->6907_h15,1m-seq,S,15,1,-3.19,3.8,-12.0,-4.23,3.0,-13.0
SEQ_2308->2308_h15,1m-seq,S,15,1,-0.82,15.2,-12.0,-2.45,13.6,-33.0
SEQ_11519->5409_h15,1m-seq,S,15,1,-1.77,6.6,-12.0,-6.83,7.1,-48.0
SEQ_11135->11135_h15,1m-seq,S,15,1,-1.0,12.3,-12.0,-3.34,8.1,-27.0
SEQ_13727->13823_h15,1m-seq,S,15,1,-1.47,8.2,-12.0,0.25,7.9,2.0
SEQ_13823->4607_h15,1m-seq,S,15,-1,-1.87,6.7,-12.0,-2.52,6.7,-17.0
SEQ_3890->8126_h15,1m-seq,S,15,1,-2.54,5.0,-13.0,-1.07,3.1,-3.0
SEQ_13811->6907_h60,1m-seq,S,60,-1,-3.32,3.8,-13.0,-4.49,3.0,-14.0
SEQ_5409->4607_h60,1m-seq,S,60,1,-3.11,4.2,-13.0,7.22,3.9,28.0
SEQ_5409->6623_h30,1m-seq,S,30,-1,-1.2,11.0,-13.0,-2.6,24.0,-62.0
SEQ_4219->5409_h30,1m-seq,S,30,-1,-2.95,4.5,-13.0,1.38,3.2,4.0
SEQ_5409->13811_h30,1m-seq,S,30,-1,-1.14,11.8,-13.0,0.52,25.1,13.0
SEQ_4607->4607_h60,1m-seq,S,60,-1,-1.01,12.6,-13.0,-6.33,11.4,-72.0
SEQ_13821->6899_h30,1m-seq,S,30,1,-1.63,8.3,-13.0,-1.99,18.5,-37.0
SEQ_12321->13811_h30,1m-seq,S,30,-1,-0.77,16.5,-13.0,0.77,32.8,25.0
SEQ_12609->11519_h60,1m-seq,S,60,1,-3.39,3.9,-13.0,-9.79,3.6,-35.0
SEQ_13523->5697_h30,1m-seq,S,30,1,-1.13,11.7,-13.0,0.47,24.1,11.0
SEQ_13535->13811_h60,1m-seq,S,60,1,-0.47,27.3,-13.0,-0.1,51.0,-5.0
SEQ_4607->11135_h15,1m-seq,S,15,-1,-2.71,4.7,-13.0,-7.19,3.5,-25.0
SEQ_12321->13811_h15,1m-seq,S,15,-1,-0.8,16.5,-13.0,-1.87,32.8,-61.0
SEQ_13439->13535_h30,1m-seq,S,30,1,-2.3,5.5,-13.0,-2.14,7.7,-16.0
SEQ_1490->50_h60,1m-seq,S,60,1,-0.65,19.5,-13.0,2.99,4.9,15.0
SEQ_5697->5405_h15,1m-seq,S,15,1,-3.13,4.5,-14.0,-0.11,3.5,-0.0
SEQ_50->8114_h60,1m-seq,S,60,1,-0.81,17.6,-14.0,-3.3,4.1,-13.0
SEQ_12333->13811_h15,1m-seq,S,15,-1,-1.41,9.8,-14.0,0.94,20.4,19.0
SEQ_13821->13823_h15,1m-seq,S,15,-1,-0.65,22.2,-14.0,0.84,46.3,39.0
SEQ_13819->6623_h15,1m-seq,S,15,1,-2.75,5.3,-14.0,-1.58,4.9,-8.0
SEQ_1602->1490_h30,1m-seq,S,30,1,-1.41,9.9,-14.0,-4.57,6.5,-30.0
SEQ_13727->12321_h60,1m-seq,S,60,-1,-2.5,5.5,-14.0,-5.98,6.0,-36.0
SEQ_5709->6899_h30,1m-seq,S,30,1,-2.03,6.9,-14.0,-14.96,15.4,-230.0
SEQ_12333->6899_h60,1m-seq,S,60,1,-1.76,8.1,-14.0,-14.8,17.7,-262.0
SEQ_13535->6623_h15,1m-seq,S,15,1,-0.71,20.2,-14.0,-2.22,40.1,-89.0
SEQ_5697->11519_h15,1m-seq,S,15,-1,-3.26,4.3,-14.0,-4.12,3.3,-14.0
SEQ_2308->12_h30,1m-seq,S,30,-1,-2.59,5.5,-14.0,-2.06,3.4,-7.0
SEQ_6899->6623_h15,1m-seq,S,15,1,-0.91,15.9,-14.0,-4.35,33.3,-145.0
SEQ_6899->13823_h15,1m-seq,S,15,1,-0.58,24.0,-14.0,-6.31,49.1,-310.0
SEQ_1214->1602_h60,1m-seq,S,60,-1,-2.59,5.3,-14.0,-10.56,3.6,-38.0
SEQ_6899->5471_h30,1m-seq,S,30,-1,-1.92,7.3,-14.0,2.83,13.9,39.0
SEQ_13535->5409_h15,1m-seq,S,15,1,-0.53,27.0,-14.0,-1.21,52.7,-64.0
SEQ_5409->11519_h30,1m-seq,S,30,1,-3.36,4.1,-14.0,-2.73,3.5,-9.0
SEQ_1602->1202_h15,1m-seq,S,15,1,-1.83,8.1,-15.0,-0.43,5.6,-2.0
SEQ_4607->12321_h15,1m-seq,S,15,-1,-2.12,6.8,-15.0,-9.99,7.1,-71.0
SEQ_1214->0_h60,1m-seq,S,60,1,-0.18,84.3,-15.0,-3.42,18.3,-62.0
SEQ_13821->12321_h30,1m-seq,S,30,-1,-1.17,13.1,-15.0,-11.63,24.6,-286.0
SEQ_1602->0_h15,1m-seq,S,15,1,-3.19,4.8,-15.0,1.65,2.9,5.0
SEQ_5709->12609_h15,1m-seq,S,15,-1,-0.78,18.8,-15.0,-4.96,32.2,-160.0
SEQ_13821->6623_h15,1m-seq,S,15,-1,-1.55,9.8,-15.0,-4.22,20.5,-87.0
SEQ_1602->8114_h30,1m-seq,S,30,1,-1.64,9.3,-15.0,-5.18,6.3,-33.0
SEQ_13535->5421_h15,1m-seq,S,15,-1,-1.3,11.9,-15.0,-12.12,24.4,-295.0
SEQ_5697->11519_h30,1m-seq,S,30,1,-3.41,4.3,-15.0,-3.74,3.3,-12.0
SEQ_5405->12609_h15,1m-seq,S,15,1,-2.04,7.5,-15.0,-3.72,7.1,-26.0
SEQ_13535->11519_h15,1m-seq,S,15,1,-2.77,5.4,-15.0,-5.4,5.5,-29.0
SEQ_6907->13535_h60,1m-seq,S,60,1,-1.92,7.7,-15.0,0.15,7.1,1.0
SEQ_5421->6623_h30,1m-seq,S,30,-1,-1.63,9.2,-15.0,-0.46,20.9,-10.0
SEQ_13823->5409_h30,1m-seq,S,30,1,-0.62,24.0,-15.0,-5.61,48.4,-272.0
SEQ_12321->5697_h15,1m-seq,S,15,-1,-0.31,48.9,-15.0,-7.68,77.4,-595.0
SEQ_13821->13523_h15,1m-seq,S,15,-1,-2.35,6.6,-15.0,-3.21,14.1,-45.0
SEQ_10518->10518_h15,1m-seq,S,15,1,-1.38,11.0,-15.0,-2.72,18.7,-51.0
SEQ_11519->5697_h30,1m-seq,S,30,-1,-3.49,4.4,-15.0,5.98,5.1,30.0
SEQ_6623->5709_h15,1m-seq,S,15,1,-2.03,7.2,-15.0,-5.81,14.7,-85.0
SEQ_12609->13811_h60,1m-seq,S,60,1,-1.2,12.5,-15.0,-1.87,25.7,-48.0
SEQ_4607->5697_h15,1m-seq,S,15,1,-3.39,4.9,-16.0,10.25,5.8,59.0
SEQ_6899->5409_h60,1m-seq,S,60,1,-0.85,19.2,-16.0,-17.45,41.2,-718.0
SEQ_8114->1602_h60,1m-seq,S,60,1,-3.45,4.6,-16.0,0.22,3.5,1.0
SEQ_5421->13811_h15,1m-seq,S,15,-1,-1.65,10.0,-16.0,-2.94,22.2,-65.0
SEQ_1602->0_h30,1m-seq,S,30,-1,-3.37,4.8,-16.0,-5.83,2.9,-17.0
SEQ_13811->5471_h30,1m-seq,S,30,1,-2.36,6.9,-16.0,-9.27,13.7,-127.0
SEQ_6623->13811_h30,1m-seq,S,30,1,-0.81,19.8,-16.0,-2.98,39.4,-118.0
SEQ_13823->13523_h15,1m-seq,S,15,1,-1.1,14.8,-16.0,-5.38,30.0,-161.0
SEQ_12->50_h30,1m-seq,S,30,1,-1.52,10.8,-16.0,5.7,2.5,14.0
SEQ_12609->13811_h15,1m-seq,S,15,-1,-1.29,12.5,-16.0,-0.63,25.7,-16.0
SEQ_5471->5709_h15,1m-seq,S,15,1,-2.34,6.9,-16.0,-4.44,13.1,-58.0
SEQ_13535->11519_h60,1m-seq,S,60,1,-2.89,5.4,-16.0,-10.29,5.5,-56.0
SEQ_4607->13535_h30,1m-seq,S,30,1,-2.84,5.5,-16.0,-4.33,7.2,-31.0
SEQ_50->1490_h30,1m-seq,S,30,1,-0.78,22.4,-17.0,3.7,4.9,18.0
SEQ_1602->8126_h30,1m-seq,S,30,1,-1.87,9.3,-17.0,-4.81,6.1,-29.0
SEQ_12333->13523_h15,1m-seq,S,15,1,-3.03,5.7,-17.0,-10.78,12.3,-133.0
SEQ_4219->11419_h30,1m-seq,S,30,1,-2.14,7.9,-17.0,-9.66,3.5,-34.0
SEQ_12333->13823_h30,1m-seq,S,30,1,-0.91,19.2,-17.0,-2.45,41.3,-101.0
SEQ_13811->11519_h15,1m-seq,S,15,1,-3.08,5.5,-17.0,-3.54,5.3,-19.0
SEQ_13811->12609_h30,1m-seq,S,30,1,-1.77,9.3,-17.0,-1.74,18.5,-32.0
SEQ_5697->6623_h15,1m-seq,S,15,1,-1.56,11.1,-17.0,-6.71,25.0,-168.0
SEQ_13811->6623_h15,1m-seq,S,15,1,-0.94,18.2,-17.0,-1.12,36.5,-41.0
SEQ_6907->5409_h30,1m-seq,S,30,1,-2.9,6.0,-17.0,13.34,6.0,81.0
SEQ_13535->11519_h30,1m-seq,S,30,1,-3.18,5.4,-17.0,-7.79,5.5,-42.0
SEQ_4607->4607_h15,1m-seq,S,15,-1,-1.34,12.6,-17.0,-3.4,11.4,-39.0
SEQ_6623->5421_h60,1m-seq,S,60,1,-1.4,12.0,-17.0,1.94,24.4,47.0
SEQ_5421->6623_h60,1m-seq,S,60,1,-1.83,9.2,-17.0,0.98,20.9,21.0
SEQ_11519->12321_h15,1m-seq,S,15,1,-2.79,6.0,-17.0,-5.73,6.1,-35.0
SEQ_5421->13523_h15,1m-seq,S,15,1,-2.82,6.0,-17.0,-5.65,13.9,-79.0
SEQ_6623->12609_h60,1m-seq,S,60,1,-1.48,11.5,-17.0,-0.37,22.2,-8.0
SEQ_13535->13523_h15,1m-seq,S,15,1,-1.22,14.5,-18.0,-4.48,29.1,-130.0
SEQ_13823->12333_h15,1m-seq,S,15,1,-2.0,8.9,-18.0,-5.32,17.9,-95.0
SEQ_5471->13823_h15,1m-seq,S,15,-1,-1.14,15.7,-18.0,1.14,32.8,37.0
SEQ_13821->5697_h15,1m-seq,S,15,-1,-1.68,10.8,-18.0,-9.59,20.0,-192.0
SEQ_11519->5409_h60,1m-seq,S,60,-1,-2.73,6.6,-18.0,-10.78,7.1,-76.0
SEQ_13823->5421_h30,1m-seq,S,30,1,-1.68,10.9,-18.0,5.27,23.0,121.0
SEQ_12609->13523_h60,1m-seq,S,60,-1,-2.47,7.2,-18.0,-1.82,15.7,-29.0
SEQ_2308->12_h60,1m-seq,S,60,-1,-3.28,5.5,-18.0,-2.86,3.4,-10.0
SEQ_5409->6623_h15,1m-seq,S,15,-1,-1.61,11.0,-18.0,-3.95,24.0,-95.0
SEQ_6907->5409_h60,1m-seq,S,60,1,-2.96,6.0,-18.0,25.66,6.0,155.0
SEQ_12333->12321_h30,1m-seq,S,30,-1,-0.61,30.1,-18.0,-10.66,50.3,-536.0
SEQ_6623->5471_h30,1m-seq,S,30,1,-2.61,7.0,-18.0,-10.11,13.4,-135.0
SEQ_5409->13535_h60,1m-seq,S,60,-1,-1.04,17.3,-18.0,-8.18,38.0,-311.0
SEQ_13811->11519_h30,1m-seq,S,30,1,-3.28,5.5,-18.0,-4.53,5.3,-24.0
SEQ_5471->6899_h15,1m-seq,S,15,1,-3.32,5.5,-18.0,-12.11,12.2,-147.0
SEQ_5409->13523_h15,1m-seq,S,15,-1,-2.63,6.9,-18.0,-3.63,15.6,-57.0
SEQ_12321->6899_h30,1m-seq,S,30,1,-1.42,12.9,-18.0,-5.91,27.7,-164.0
SEQ_1602->1214_h15,1m-seq,S,15,1,-2.2,8.7,-19.0,-2.54,5.6,-14.0
SEQ_13811->6623_h30,1m-seq,S,30,1,-1.03,18.2,-19.0,2.88,36.5,105.0
SEQ_5421->12609_h15,1m-seq,S,15,-1,-0.73,25.4,-19.0,-6.63,42.3,-280.0
SEQ_6623->5709_h60,1m-seq,S,60,1,-2.65,7.2,-19.0,-1.57,14.7,-23.0
SEQ_2308->12_h15,1m-seq,S,15,-1,-3.48,5.5,-19.0,-2.5,3.4,-8.0
SEQ_6623->13823_h15,1m-seq,S,15,1,-0.67,27.7,-19.0,-5.86,58.8,-345.0
SEQ_13535->5697_h30,1m-seq,S,30,1,-1.06,17.8,-19.0,7.25,36.2,262.0
SEQ_6899->13811_h30,1m-seq,S,30,1,-1.06,17.5,-19.0,-3.44,34.3,-118.0
SEQ_6623->5409_h30,1m-seq,S,30,1,-0.72,25.8,-19.0,-3.68,51.0,-188.0
SEQ_5471->5709_h30,1m-seq,S,30,-1,-2.8,6.9,-19.0,0.61,13.1,8.0
SEQ_12321->11519_h15,1m-seq,S,15,1,-3.37,5.5,-19.0,-6.62,4.8,-32.0
SEQ_12333->13811_h30,1m-seq,S,30,1,-1.96,9.8,-19.0,-14.61,20.4,-298.0
SEQ_13821->12333_h15,1m-seq,S,15,1,-3.45,5.4,-19.0,-1.06,10.4,-11.0
SEQ_6623->12609_h15,1m-seq,S,15,1,-1.68,11.5,-19.0,-6.3,22.2,-140.0
SEQ_5409->12333_h15,1m-seq,S,15,-1,-0.77,24.8,-19.0,-2.62,41.0,-107.0
SEQ_13819->13819_h15,1m-seq,S,15,1,-1.77,10.7,-19.0,-6.88,7.9,-54.0
SEQ_4607->13823_h30,1m-seq,S,30,1,-3.15,6.4,-20.0,7.11,9.4,67.0
SEQ_12333->13535_h15,1m-seq,S,15,1,-1.33,15.1,-20.0,-7.38,31.3,-231.0
SEQ_6623->5421_h30,1m-seq,S,30,1,-1.66,12.0,-20.0,0.71,24.4,17.0
SEQ_11419->11419_h30,1m-seq,S,30,-1,-0.8,24.8,-20.0,-4.47,13.8,-61.0
SEQ_50->50_h60,1m-seq,S,60,1,-0.66,29.6,-20.0,0.34,8.9,3.0
SEQ_4219->11419_h15,1m-seq,S,15,1,-2.6,7.9,-20.0,-5.14,3.5,-18.0
SEQ_12609->6899_h60,1m-seq,S,60,-1,-2.04,9.7,-20.0,8.33,21.6,180.0
SEQ_6623->5471_h60,1m-seq,S,60,-1,-2.8,7.0,-20.0,6.12,13.4,82.0
SEQ_6899->12321_h15,1m-seq,S,15,1,-1.22,17.1,-21.0,0.78,34.1,27.0
SEQ_1202->12_h60,1m-seq,S,60,1,-0.84,24.7,-21.0,-3.83,6.5,-25.0
SEQ_12609->13523_h15,1m-seq,S,15,1,-2.92,7.2,-21.0,-6.48,15.7,-102.0
SEQ_13535->12333_h60,1m-seq,S,60,1,-2.25,9.5,-21.0,4.26,19.8,84.0
SEQ_1602->8114_h15,1m-seq,S,15,1,-2.25,9.3,-21.0,-3.71,6.3,-23.0
SEQ_1602->1214_h30,1m-seq,S,30,1,-2.42,8.7,-21.0,-4.3,5.6,-24.0
SEQ_12321->6899_h60,1m-seq,S,60,-1,-1.64,12.9,-21.0,-1.81,27.7,-50.0
SEQ_13811->5421_h60,1m-seq,S,60,-1,-2.31,9.1,-21.0,-14.36,19.4,-278.0
SEQ_13535->5709_h60,1m-seq,S,60,1,-2.89,7.1,-21.0,4.28,15.1,65.0
SEQ_1602->8114_h60,1m-seq,S,60,1,-2.25,9.3,-21.0,-2.86,6.3,-18.0
SEQ_5405->5405_h15,1m-seq,S,15,1,-1.85,11.6,-22.0,-5.27,8.2,-43.0
SEQ_5697->13523_h15,1m-seq,S,15,1,-3.08,7.3,-22.0,-9.39,16.9,-159.0
SEQ_5471->13811_h30,1m-seq,S,30,1,-2.9,7.6,-22.0,-8.34,15.5,-129.0
SEQ_0->8114_h60,1m-seq,S,60,1,-0.71,31.7,-22.0,-0.62,8.1,-5.0
SEQ_1214->50_h60,1m-seq,S,60,1,-0.8,27.1,-22.0,3.46,7.1,25.0
SEQ_6623->5421_h15,1m-seq,S,15,-1,-1.83,12.0,-22.0,-3.42,24.4,-84.0
SEQ_1602->8126_h15,1m-seq,S,15,1,-2.43,9.3,-23.0,-2.8,6.1,-17.0
SEQ_1602->1202_h30,1m-seq,S,30,1,-2.83,8.1,-23.0,-2.99,5.6,-17.0
SEQ_11419->4219_h15,1m-seq,S,15,1,-3.07,7.6,-23.0,-2.45,4.1,-10.0
SEQ_50->8114_h30,1m-seq,S,30,1,-1.29,17.6,-23.0,-3.51,4.1,-14.0
SEQ_5697->13523_h30,1m-seq,S,30,1,-3.19,7.3,-23.0,-12.97,16.9,-220.0
SEQ_3618->3618_h15,1m-seq,S,15,1,-1.48,15.8,-23.0,-3.38,24.1,-81.0
SEQ_13727->13823_h30,1m-seq,S,30,1,-2.88,8.2,-23.0,2.24,7.9,18.0
SEQ_13535->5471_h30,1m-seq,S,30,-1,-2.68,8.4,-23.0,2.16,16.1,35.0
SEQ_1602->1214_h60,1m-seq,S,60,1,-2.73,8.7,-24.0,-1.56,5.6,-9.0
SEQ_8114->50_h30,1m-seq,S,30,1,-1.39,17.6,-24.0,-0.27,4.5,-1.0
SEQ_4219->4219_h30,1m-seq,S,30,1,-1.5,16.3,-24.0,-4.91,9.8,-48.0
SEQ_5421->13811_h60,1m-seq,S,60,-1,-2.36,10.0,-24.0,-7.49,22.2,-166.0
SEQ_13821->13821_h15,1m-seq,S,15,-1,-1.97,12.3,-24.0,-2.4,21.0,-50.0
SEQ_5471->12333_h60,1m-seq,S,60,1,-2.64,9.5,-25.0,-2.82,16.9,-48.0
SEQ_13823->5421_h15,1m-seq,S,15,-1,-2.3,10.9,-25.0,-9.16,23.0,-211.0
SEQ_12321->12609_h15,1m-seq,S,15,-1,-0.71,35.5,-25.0,-4.27,54.1,-231.0
SEQ_12333->5697_h30,1m-seq,S,30,-1,-0.79,31.3,-25.0,-13.82,52.9,-731.0
SEQ_12609->13823_h60,1m-seq,S,60,-1,-1.02,24.8,-25.0,-10.51,52.1,-548.0
SEQ_13523->5421_h30,1m-seq,S,30,-1,-3.08,8.0,-25.0,-7.69,16.8,-129.0
SEQ_13821->12321_h15,1m-seq,S,15,-1,-1.98,13.1,-26.0,-5.68,24.6,-140.0
SEQ_1602->1202_h60,1m-seq,S,60,1,-3.23,8.1,-26.0,-3.83,5.6,-21.0
SEQ_50->12_h60,1m-seq,S,60,1,-1.11,23.8,-26.0,-3.35,4.8,-16.0
SEQ_12321->13523_h60,1m-seq,S,60,1,-2.65,9.9,-26.0,1.3,20.8,27.0
SEQ_50->1214_h60,1m-seq,S,60,1,-1.06,24.6,-26.0,1.28,5.1,7.0
SEQ_5697->12321_h30,1m-seq,S,30,-1,-0.57,45.1,-26.0,-7.21,73.4,-530.0
SEQ_13523->13823_h15,1m-seq,S,15,1,-1.13,23.0,-26.0,-7.11,50.8,-362.0
SEQ_1602->1490_h15,1m-seq,S,15,1,-2.65,9.9,-26.0,-2.85,6.5,-19.0
SEQ_5709->12321_h15,1m-seq,S,15,-1,-0.83,30.8,-26.0,-6.16,52.7,-325.0
SEQ_1202->50_h30,1m-seq,S,30,1,-1.39,18.8,-26.0,0.51,4.9,3.0
SEQ_1602->8402_h30,1m-seq,S,30,1,-2.92,9.0,-26.0,-2.91,5.9,-17.0
SEQ_13811->12609_h15,1m-seq,S,15,1,-2.81,9.3,-26.0,-3.96,18.5,-73.0
SEQ_13811->5421_h15,1m-seq,S,15,-1,-2.88,9.1,-26.0,-8.76,19.4,-170.0
SEQ_6899->5421_h15,1m-seq,S,15,1,-3.02,8.7,-26.0,2.34,19.3,45.0
SEQ_1602->8126_h60,1m-seq,S,60,-1,-2.86,9.3,-27.0,-1.57,6.1,-10.0
SEQ_13535->5421_h30,1m-seq,S,30,1,-2.28,11.9,-27.0,6.65,24.4,162.0
SEQ_12333->6623_h15,1m-seq,S,15,-1,-2.98,9.0,-27.0,0.31,18.8,6.0
SEQ_50->1202_h15,1m-seq,S,15,1,-1.76,15.4,-27.0,-6.03,2.9,-17.0
SEQ_5471->5697_h15,1m-seq,S,15,-1,-1.6,17.1,-27.0,-5.97,30.4,-182.0
SEQ_13523->13523_h15,1m-seq,S,15,1,-1.36,19.7,-27.0,-4.78,36.8,-176.0
SEQ_5421->6623_h15,1m-seq,S,15,-1,-2.92,9.2,-27.0,-4.48,20.9,-94.0
SEQ_6907->6907_h15,1m-seq,S,15,1,-2.68,10.1,-27.0,-4.05,8.0,-32.0
SEQ_6623->5409_h60,1m-seq,S,60,-1,-1.09,25.8,-28.0,-1.16,51.0,-59.0
SEQ_12333->13823_h60,1m-seq,S,60,1,-1.44,19.2,-28.0,8.01,41.3,331.0
SEQ_1602->8402_h15,1m-seq,S,15,1,-3.12,9.0,-28.0,-4.75,5.9,-28.0
SEQ_5697->12333_h15,1m-seq,S,15,-1,-0.99,28.7,-28.0,-4.19,45.8,-192.0
SEQ_12321->13821_h15,1m-seq,S,15,-1,-2.75,10.0,-28.0,-4.72,18.6,-88.0
SEQ_12333->13823_h15,1m-seq,S,15,1,-1.47,19.2,-28.0,-1.69,41.3,-70.0
SEQ_13523->13523_h30,1m-seq,S,30,1,-1.43,19.7,-28.0,-3.38,36.8,-124.0
SEQ_13523->12321_h60,1m-seq,S,60,1,-1.84,15.1,-28.0,-2.69,29.9,-80.0
SEQ_12609->12609_h15,1m-seq,S,15,-1,-0.75,38.3,-29.0,-3.52,57.3,-202.0
SEQ_5409->13535_h30,1m-seq,S,30,-1,-1.67,17.3,-29.0,-1.31,38.0,-50.0
SEQ_1602->8402_h60,1m-seq,S,60,-1,-3.25,9.0,-29.0,-4.12,5.9,-24.0
SEQ_13823->5697_h60,1m-seq,S,60,1,-1.8,16.5,-30.0,-0.17,32.9,-6.0
SEQ_5709->13535_h15,1m-seq,S,15,1,-2.41,12.6,-30.0,-8.35,27.5,-229.0
SEQ_8126->50_h60,1m-seq,S,60,1,-1.55,19.6,-30.0,-2.43,4.7,-11.0
SEQ_5409->6899_h15,1m-seq,S,15,1,-3.25,9.1,-30.0,-2.35,21.1,-50.0
SEQ_12321->13523_h15,1m-seq,S,15,-1,-3.08,9.9,-30.0,-2.09,20.8,-44.0
SEQ_6623->13523_h15,1m-seq,S,15,1,-1.63,18.2,-30.0,-4.97,35.6,-177.0
SEQ_12->50_h15,1m-seq,S,15,1,-2.77,10.8,-30.0,4.7,2.5,12.0
SEQ_5471->12609_h15,1m-seq,S,15,1,-2.69,11.1,-30.0,-6.24,19.5,-122.0
SEQ_1602->1602_h30,1m-seq,S,30,1,-1.57,19.0,-30.0,-1.5,18.7,-28.0
SEQ_8114->1202_h30,1m-seq,S,30,1,-0.73,42.2,-31.0,3.63,13.8,50.0
SEQ_12321->13523_h30,1m-seq,S,30,-1,-3.12,9.9,-31.0,1.3,20.8,27.0
SEQ_0->50_h15,1m-seq,S,15,1,-2.51,12.3,-31.0,-1.91,2.7,-5.0
SEQ_0->1490_h30,1m-seq,S,30,1,-0.8,38.8,-31.0,-1.18,9.4,-11.0
SEQ_6907->6907_h60,1m-seq,S,60,1,-3.06,10.1,-31.0,-7.1,8.0,-57.0
SEQ_12321->12333_h15,1m-seq,S,15,-1,-1.12,28.9,-32.0,-4.38,46.8,-205.0
SEQ_13811->12609_h60,1m-seq,S,60,1,-3.43,9.3,-32.0,-0.04,18.5,-1.0
SEQ_5697->6623_h30,1m-seq,S,30,1,-2.86,11.1,-32.0,-10.58,25.0,-265.0
SEQ_5697->13811_h30,1m-seq,S,30,-1,-2.71,12.1,-33.0,7.17,27.1,194.0
SEQ_13523->13811_h15,1m-seq,S,15,1,-1.85,18.0,-33.0,-5.89,37.1,-219.0
SEQ_13811->13523_h30,1m-seq,S,30,1,-2.57,13.1,-34.0,0.34,26.7,9.0
SEQ_13823->12321_h30,1m-seq,S,30,1,-1.58,21.5,-34.0,1.52,41.3,63.0
SEQ_1602->1490_h60,1m-seq,S,60,-1,-3.46,9.9,-34.0,-2.2,6.5,-14.0
SEQ_50->8402_h30,1m-seq,S,30,1,-1.81,18.7,-34.0,-4.05,4.6,-19.0
SEQ_13439->13439_h60,1m-seq,S,60,-1,-3.2,10.6,-34.0,-9.34,10.5,-98.0
SEQ_5709->13535_h30,1m-seq,S,30,-1,-2.73,12.6,-34.0,4.55,27.5,125.0
SEQ_8402->50_h60,1m-seq,S,60,1,-1.91,17.9,-34.0,-3.75,4.5,-17.0
SEQ_12321->6623_h30,1m-seq,S,30,-1,-2.32,14.8,-34.0,-2.16,30.3,-66.0
SEQ_5421->13811_h30,1m-seq,S,30,1,-3.49,10.0,-35.0,-7.71,22.2,-171.0
SEQ_8114->50_h15,1m-seq,S,15,1,-2.0,17.6,-35.0,-3.34,4.5,-15.0
SEQ_13535->13523_h30,1m-seq,S,30,1,-2.4,14.5,-35.0,-1.92,29.1,-56.0
SEQ_12609->13535_h30,1m-seq,S,30,1,-1.88,18.4,-35.0,-11.9,38.7,-461.0
SEQ_50->8402_h60,1m-seq,S,60,1,-1.84,18.7,-35.0,-5.93,4.6,-27.0
SEQ_6623->13523_h30,1m-seq,S,30,1,-1.9,18.2,-35.0,-3.25,35.6,-116.0
SEQ_5409->6623_h60,1m-seq,S,60,-1,-3.14,11.0,-35.0,-11.33,24.0,-271.0
SEQ_5471->13535_h15,1m-seq,S,15,-1,-3.1,11.4,-35.0,3.57,22.6,81.0
SEQ_11519->11519_h15,1m-seq,S,15,1,-2.73,12.8,-35.0,-4.74,10.4,-49.0
SEQ_1202->1490_h60,1m-seq,S,60,1,-0.74,48.2,-36.0,-2.27,13.8,-31.0
SEQ_5709->13823_h15,1m-seq,S,15,-1,-2.12,17.2,-36.0,-4.76,37.4,-178.0
F15V4_10976681_h30,F15,V,30,-1,-0.59,62.0,-36.0,-7.55,99.5,-751.0
SEQ_1202->50_h15,1m-seq,S,15,1,-1.93,18.8,-36.0,-1.51,4.9,-7.0
SEQ_8114->12_h60,1m-seq,S,60,1,-1.13,32.0,-36.0,-4.66,8.5,-40.0
SEQ_13821->5697_h30,1m-seq,S,30,1,-3.31,10.8,-36.0,11.53,20.0,230.0
SEQ_12333->12333_h15,1m-seq,S,15,-1,-1.14,31.9,-36.0,-3.49,50.1,-175.0
SEQ_1490->0_h60,1m-seq,S,60,1,-0.53,69.5,-37.0,-2.34,14.6,-34.0
SEQ_13823->13523_h30,1m-seq,S,30,1,-2.49,14.8,-37.0,-2.31,30.0,-69.0
SEQ_8402->0_h60,1m-seq,S,60,1,-0.6,61.5,-37.0,-6.9,14.1,-97.0
SEQ_13821->5409_h60,1m-seq,S,60,1,-2.54,14.6,-37.0,-16.97,29.3,-497.0
SEQ_13523->12321_h30,1m-seq,S,30,1,-2.42,15.1,-37.0,-0.47,29.9,-14.0
SEQ_0->8114_h30,1m-seq,S,30,1,-1.15,31.7,-37.0,-0.5,8.1,-4.0
SEQ_13811->5697_h15,1m-seq,S,15,1,-2.74,13.4,-37.0,3.14,29.2,92.0
SEQ_13523->12321_h15,1m-seq,S,15,-1,-2.45,15.1,-37.0,-5.98,29.9,-179.0
SEQ_12->1490_h60,1m-seq,S,60,1,-1.1,33.5,-37.0,0.12,8.2,1.0
SEQ_13523->5697_h15,1m-seq,S,15,-1,-3.27,11.7,-38.0,-7.19,24.1,-173.0
SEQ_13823->5409_h60,1m-seq,S,60,1,-1.57,24.0,-38.0,-10.04,48.4,-486.0
SEQ_13811->12321_h15,1m-seq,S,15,1,-2.12,18.0,-38.0,1.01,34.9,35.0
SEQ_1602->1602_h60,1m-seq,S,60,1,-1.99,19.0,-38.0,-1.51,18.6,-28.0
SEQ_6899->13811_h15,1m-seq,S,15,1,-2.22,17.5,-39.0,-7.37,34.3,-252.0
SEQ_5697->13535_h15,1m-seq,S,15,1,-2.15,18.2,-39.0,-7.71,40.6,-313.0
SEQ_13535->5409_h30,1m-seq,S,30,1,-1.46,27.0,-39.0,-2.31,52.7,-122.0
SEQ_5409->13823_h30,1m-seq,S,30,-1,-1.59,25.0,-40.0,-1.06,52.4,-56.0
SEQ_5409->13811_h60,1m-seq,S,60,1,-3.36,11.8,-40.0,6.43,25.1,162.0
SEQ_12609->13811_h30,1m-seq,S,30,-1,-3.2,12.5,-40.0,2.79,25.7,72.0
SEQ_1490->50_h30,1m-seq,S,30,1,-2.1,19.5,-41.0,2.3,4.9,11.0
SEQ_12321->6623_h15,1m-seq,S,15,-1,-2.74,14.8,-41.0,-3.91,30.3,-119.0
SEQ_12321->6623_h60,1m-seq,S,60,1,-2.77,14.8,-41.0,2.35,30.3,71.0
SEQ_13821->13535_h15,1m-seq,S,15,1,-2.77,15.0,-42.0,-5.96,31.5,-188.0
SEQ_12->1214_h60,1m-seq,S,60,1,-1.09,38.5,-42.0,1.9,9.0,17.0
SEQ_0->1214_h30,1m-seq,S,30,1,-0.98,43.7,-43.0,1.1,10.2,11.0
SEQ_13535->5697_h15,1m-seq,S,15,-1,-2.43,17.8,-43.0,-12.43,36.2,-450.0
SEQ_6899->13823_h30,1m-seq,S,30,1,-1.81,24.0,-43.0,-2.04,49.1,-100.0
SEQ_13823->13535_h15,1m-seq,S,15,1,-1.42,30.3,-43.0,-5.6,59.0,-331.0
SEQ_4219->4219_h15,1m-seq,S,15,1,-2.7,16.3,-44.0,-3.44,9.8,-34.0
SEQ_13823->5409_h15,1m-seq,S,15,1,-1.83,24.0,-44.0,-3.58,48.4,-174.0
SEQ_13811->5409_h30,1m-seq,S,30,1,-2.05,21.6,-44.0,0.97,41.7,41.0
SEQ_1202->8114_h60,1m-seq,S,60,1,-0.88,50.4,-44.0,-3.04,15.7,-48.0
SEQ_50->1214_h30,1m-seq,S,30,1,-1.78,24.6,-44.0,1.58,5.1,8.0
SEQ_8402->50_h15,1m-seq,S,15,1,-2.51,17.9,-45.0,-1.5,4.5,-7.0
SEQ_1490->50_h15,1m-seq,S,15,1,-2.32,19.5,-45.0,0.49,4.9,2.0
SEQ_13523->5409_h30,1m-seq,S,30,1,-2.56,17.6,-45.0,-4.91,35.7,-176.0
SEQ_5697->5697_h15,1m-seq,S,15,-1,-0.85,54.7,-46.0,-7.3,83.3,-609.0
SEQ_12333->5697_h15,1m-seq,S,15,-1,-1.49,31.3,-46.0,-6.86,52.9,-363.0
SEQ_1602->1602_h15,1m-seq,S,15,1,-2.42,19.0,-46.0,-3.02,18.7,-56.0
SEQ_5471->5697_h30,1m-seq,S,30,-1,-2.72,17.1,-47.0,-8.17,30.4,-249.0
SEQ_13821->5409_h30,1m-seq,S,30,-1,-3.2,14.6,-47.0,1.38,29.3,41.0
SEQ_5421->13535_h60,1m-seq,S,60,1,-3.28,14.5,-47.0,-8.39,33.6,-281.0
SEQ_13523->5409_h15,1m-seq,S,15,1,-2.7,17.6,-48.0,-1.53,35.7,-55.0
SEQ_13535->12321_h15,1m-seq,S,15,1,-2.11,23.3,-49.0,1.9,44.2,84.0
SEQ_12333->5409_h15,1m-seq,S,15,1,-1.46,33.6,-49.0,-4.57,57.4,-262.0
SEQ_8126->50_h15,1m-seq,S,15,1,-2.51,19.6,-49.0,-2.64,4.7,-12.0
SEQ_12609->13535_h15,1m-seq,S,15,1,-2.66,18.4,-49.0,-8.97,38.7,-347.0
SEQ_1214->12_h60,1m-seq,S,60,1,-1.18,41.6,-49.0,-1.67,10.5,-18.0
SEQ_5421->13823_h60,1m-seq,S,60,-1,-2.35,20.8,-49.0,-10.96,44.7,-490.0
SEQ_5409->13535_h15,1m-seq,S,15,-1,-2.88,17.3,-50.0,-3.34,38.0,-127.0
SEQ_50->12_h30,1m-seq,S,30,1,-2.11,23.8,-50.0,-3.22,4.8,-16.0
SEQ_6623->5409_h15,1m-seq,S,15,1,-1.93,25.8,-50.0,-4.28,51.0,-218.0
SEQ_50->8114_h15,1m-seq,S,15,1,-2.85,17.6,-50.0,-4.08,4.1,-17.0
SEQ_13823->5697_h30,1m-seq,S,30,1,-3.04,16.5,-50.0,0.31,32.9,10.0
SEQ_50->8126_h60,1m-seq,S,60,1,-1.81,27.4,-50.0,-0.41,5.8,-2.0
SEQ_8126->50_h30,1m-seq,S,30,1,-2.55,19.6,-50.0,-2.87,4.7,-13.0
SEQ_13811->5409_h15,1m-seq,S,15,1,-2.34,21.6,-50.0,1.61,41.7,67.0
SEQ_6623->6623_h30,1m-seq,S,30,1,-1.8,28.4,-51.0,-0.88,51.4,-45.0
SEQ_5421->13823_h30,1m-seq,S,30,1,-2.45,20.8,-51.0,-2.29,44.7,-102.0
SEQ_0->1202_h15,1m-seq,S,15,1,-1.87,27.5,-51.0,1.21,7.1,9.0
SEQ_1490->12_h60,1m-seq,S,60,1,-1.48,34.4,-51.0,-3.23,8.8,-29.0
SEQ_6623->13811_h15,1m-seq,S,15,1,-2.59,19.8,-51.0,-5.92,39.4,-233.0
SEQ_8402->50_h30,1m-seq,S,30,1,-2.87,17.9,-51.0,-2.57,4.5,-12.0
SEQ_11419->11419_h15,1m-seq,S,15,-1,-2.09,24.8,-52.0,-5.46,13.8,-75.0
SEQ_12->8114_h60,1m-seq,S,60,1,-1.86,27.9,-52.0,-3.71,7.1,-26.0
SEQ_50->1490_h15,1m-seq,S,15,1,-2.32,22.4,-52.0,-1.12,4.9,-5.0
SEQ_13821->13535_h30,1m-seq,S,30,1,-3.44,15.0,-52.0,-4.09,31.5,-129.0
SEQ_6623->5697_h15,1m-seq,S,15,1,-2.98,17.4,-52.0,-1.09,34.7,-38.0
SEQ_13811->13823_h30,1m-seq,S,30,1,-1.57,33.7,-53.0,-2.29,69.8,-160.0
SEQ_12321->13811_h60,1m-seq,S,60,1,-3.25,16.5,-53.0,3.78,32.8,124.0
SEQ_13535->5697_h60,1m-seq,S,60,-1,-2.98,17.8,-53.0,-11.85,36.2,-429.0
SEQ_8402->12_h30,1m-seq,S,30,1,-1.73,30.7,-53.0,-3.1,8.6,-27.0
SEQ_12321->13535_h15,1m-seq,S,15,1,-2.25,24.1,-54.0,-5.63,48.6,-274.0
SEQ_13823->12321_h15,1m-seq,S,15,-1,-2.48,21.5,-54.0,-6.62,41.3,-274.0
SEQ_6623->12321_h15,1m-seq,S,15,1,-2.41,22.3,-54.0,-1.67,42.3,-71.0
SEQ_13823->6623_h15,1m-seq,S,15,1,-2.56,21.0,-54.0,-3.26,41.3,-135.0
SEQ_12->1202_h30,1m-seq,S,30,1,-2.21,24.5,-54.0,-0.69,5.9,-4.0
SEQ_12609->12321_h15,1m-seq,S,15,-1,-1.44,37.8,-54.0,-6.27,62.2,-390.0
SEQ_12609->13823_h30,1m-seq,S,30,-1,-2.24,24.8,-55.0,-0.41,52.1,-22.0
SEQ_50->50_h30,1m-seq,S,30,1,-1.86,29.6,-55.0,1.09,8.9,10.0
SEQ_13823->6623_h30,1m-seq,S,30,1,-2.63,21.0,-55.0,1.2,41.3,49.0
SEQ_13823->13811_h15,1m-seq,S,15,-1,-2.58,21.8,-56.0,-1.66,43.2,-72.0
SEQ_1214->50_h30,1m-seq,S,30,1,-2.06,27.1,-56.0,3.17,7.1,23.0
SEQ_12321->13535_h30,1m-seq,S,30,1,-2.35,24.1,-57.0,-7.57,48.6,-368.0
SEQ_13811->13811_h30,1m-seq,S,30,1,-1.84,31.2,-57.0,-4.96,55.8,-277.0
F15V3_310163_h30,F15,V,30,1,-0.98,57.4,-57.0,-4.22,18.8,-79.0
SEQ_1202->1214_h30,1m-seq,S,30,1,-1.31,43.5,-57.0,-3.46,12.0,-41.0
SEQ_50->8126_h30,1m-seq,S,30,1,-2.13,27.4,-58.0,-0.65,5.8,-4.0
SEQ_13823->13811_h30,1m-seq,S,30,1,-2.64,21.8,-58.0,-3.11,43.2,-134.0
SEQ_8126->1202_h60,1m-seq,S,60,1,-1.19,49.4,-59.0,-6.15,13.6,-84.0
SEQ_50->8402_h15,1m-seq,S,15,1,-3.14,18.7,-59.0,-2.32,4.6,-11.0
SEQ_5409->12321_h15,1m-seq,S,15,-1,-1.09,54.9,-60.0,-6.2,84.2,-522.0
SEQ_50->1214_h15,1m-seq,S,15,1,-2.42,24.6,-60.0,-2.06,5.1,-11.0
SEQ_12609->13535_h60,1m-seq,S,60,-1,-3.35,18.4,-62.0,1.09,38.7,42.0
SEQ_50->12_h15,1m-seq,S,15,1,-2.63,23.8,-63.0,-3.66,4.8,-18.0
SEQ_12609->13823_h15,1m-seq,S,15,-1,-2.55,24.8,-63.0,-2.21,52.1,-115.0
SEQ_8126->12_h60,1m-seq,S,60,1,-1.78,36.2,-64.0,-1.74,9.5,-17.0
SEQ_1490->1202_h30,1m-seq,S,30,1,-1.37,47.4,-65.0,2.75,14.2,39.0
F15V3_155081_h30,F15,V,30,-1,-0.76,85.6,-65.0,-8.27,132.4,-1094.0
SEQ_1202->12_h30,1m-seq,S,30,1,-2.66,24.7,-66.0,-4.51,6.5,-29.0
SEQ_5697->13823_h30,1m-seq,S,30,1,-2.71,24.4,-66.0,-6.71,54.3,-365.0
SEQ_12->0_h60,1m-seq,S,60,1,-0.64,103.8,-66.0,-2.12,26.0,-55.0
SEQ_12321->13823_h60,1m-seq,S,60,-1,-2.09,32.1,-67.0,-10.3,65.4,-673.0
SEQ_1214->50_h15,1m-seq,S,15,1,-2.49,27.1,-67.0,0.3,7.1,2.0
SEQ_12->1202_h15,1m-seq,S,15,1,-2.73,24.5,-67.0,0.1,5.9,1.0
SEQ_12333->12321_h15,1m-seq,S,15,-1,-2.25,30.1,-68.0,-6.56,50.3,-330.0
SEQ_13535->13811_h15,1m-seq,S,15,-1,-2.47,27.3,-68.0,-1.74,51.0,-89.0
SEQ_5697->13823_h15,1m-seq,S,15,1,-2.81,24.4,-69.0,-5.11,54.3,-278.0
SEQ_8126->0_h60,1m-seq,S,60,1,-0.95,72.6,-69.0,-2.95,15.7,-46.0
SEQ_13535->13535_h15,1m-seq,S,15,1,-1.58,43.6,-69.0,-6.22,77.8,-484.0
SEQ_50->50_h15,1m-seq,S,15,1,-2.36,29.6,-70.0,-0.63,8.9,-6.0
SEQ_1202->12_h15,1m-seq,S,15,1,-2.86,24.7,-71.0,-5.1,6.5,-33.0
SEQ_5471->12321_h15,1m-seq,S,15,-1,-3.42,21.1,-72.0,-6.04,36.6,-221.0
SEQ_5471->5409_h30,1m-seq,S,30,-1,-3.16,22.8,-72.0,-0.85,44.0,-37.0
SEQ_13811->13823_h15,1m-seq,S,15,1,-2.17,33.7,-73.0,-4.46,69.8,-311.0
SEQ_5697->13823_h60,1m-seq,S,60,1,-3.0,24.4,-73.0,1.61,54.3,88.0
SEQ_8402->12_h15,1m-seq,S,15,1,-2.43,30.7,-74.0,-3.62,8.6,-31.0
F15V3_341705_h15,F15,V,15,-1,-1.49,49.7,-74.0,-5.04,75.9,-383.0
SEQ_12->1490_h30,1m-seq,S,30,1,-2.2,33.5,-74.0,1.29,8.2,11.0
F15V4_24600197_h30,F15,V,30,-1,-0.94,79.4,-74.0,-8.08,118.9,-961.0
SEQ_5471->12321_h30,1m-seq,S,30,1,-3.49,21.1,-74.0,-2.77,36.6,-101.0
F15V4_11165861_h30,F15,V,30,-1,-1.29,57.7,-74.0,-10.6,91.4,-969.0
SEQ_6623->6623_h15,1m-seq,S,15,1,-2.61,28.4,-74.0,-2.75,51.4,-141.0
F15V4_10976645_h30,F15,V,30,-1,-0.63,119.0,-75.0,-7.55,184.9,-1395.0
SEQ_1202->1490_h30,1m-seq,S,30,1,-1.6,48.2,-77.0,-4.23,13.8,-58.0
SEQ_12609->5409_h15,1m-seq,S,15,-1,-1.89,41.6,-79.0,-3.94,70.8,-279.0
SEQ_13535->13823_h15,1m-seq,S,15,1,-2.36,34.3,-81.0,-4.48,70.2,-315.0
SEQ_12321->12321_h30,1m-seq,S,30,-1,-1.2,67.7,-81.0,-7.76,100.0,-776.0
SEQ_5421->12321_h15,1m-seq,S,15,-1,-1.83,44.7,-82.0,-7.62,73.3,-558.0
SEQ_13535->13811_h30,1m-seq,S,30,1,-3.0,27.3,-82.0,-4.04,51.0,-206.0
SEQ_5409->13823_h15,1m-seq,S,15,-1,-3.29,25.0,-82.0,-2.12,52.4,-111.0
SEQ_50->8126_h15,1m-seq,S,15,1,-3.03,27.4,-83.0,-1.23,5.8,-7.0
SEQ_12321->13535_h60,1m-seq,S,60,-1,-3.48,24.1,-84.0,-2.33,48.6,-113.0
SEQ_5697->12321_h15,1m-seq,S,15,-1,-1.89,45.1,-85.0,-5.58,73.4,-409.0
F15V4_24413573_h30,F15,V,30,-1,-0.73,116.8,-85.0,-7.24,175.1,-1268.0
F15I3_9508_h30,F15,I,30,1,-0.95,90.5,-86.0,1.14,42.0,48.0
SEQ_13811->13811_h15,1m-seq,S,15,-1,-2.82,31.2,-88.0,-1.5,55.8,-84.0
SEQ_12->8114_h30,1m-seq,S,30,1,-3.19,27.9,-89.0,-3.65,7.1,-26.0
SEQ_0->12_h60,1m-seq,S,60,1,-1.56,57.0,-89.0,-1.86,12.9,-24.0
SEQ_0->8114_h15,1m-seq,S,15,1,-2.79,31.7,-89.0,-1.94,8.1,-16.0
SEQ_8114->12_h30,1m-seq,S,30,1,-2.81,32.0,-90.0,-4.12,8.5,-35.0
SEQ_8126->12_h30,1m-seq,S,30,1,-2.49,36.2,-90.0,-2.44,9.5,-23.0
SEQ_0->0_h60,1m-seq,S,60,1,-0.61,148.4,-90.0,-1.0,42.4,-43.0
SEQ_1202->8114_h30,1m-seq,S,30,1,-1.79,50.4,-90.0,-4.87,15.7,-77.0
SEQ_1490->12_h30,1m-seq,S,30,1,-2.61,34.4,-90.0,-3.08,8.8,-27.0
SEQ_12->8402_h60,1m-seq,S,60,-1,-2.96,30.8,-91.0,-4.9,8.3,-41.0
SEQ_1490->12_h15,1m-seq,S,15,1,-2.65,34.4,-91.0,-4.8,8.8,-42.0
SEQ_8402->1202_h30,1m-seq,S,30,1,-1.98,46.6,-92.0,-4.12,13.9,-57.0
SEQ_8126->12_h15,1m-seq,S,15,1,-2.55,36.2,-92.0,-3.16,9.5,-30.0
SEQ_8114->1202_h15,1m-seq,S,15,1,-2.19,42.2,-92.0,-1.02,13.8,-14.0
SEQ_12->8114_h15,1m-seq,S,15,1,-3.3,27.9,-92.0,-3.19,7.1,-23.0
SEQ_50->0_h30,1m-seq,S,30,1,-1.82,50.9,-93.0,-3.41,9.5,-32.0
SEQ_12->1214_h30,1m-seq,S,30,1,-2.42,38.5,-93.0,0.83,9.0,8.0
SEQ_1214->1202_h30,1m-seq,S,30,1,-1.49,63.3,-94.0,1.14,20.6,23.0
SEQ_8114->12_h15,1m-seq,S,15,1,-2.92,32.0,-94.0,-4.46,8.5,-38.0
SEQ_1202->8402_h60,1m-seq,S,60,1,-2.27,41.8,-95.0,-4.06,11.9,-48.0
F15I3_9414_h30,F15,I,30,1,-1.14,83.5,-95.0,-0.18,37.6,-7.0
SEQ_8402->1202_h60,1m-seq,S,60,1,-2.08,46.6,-97.0,-5.37,13.9,-75.0
SEQ_0->1490_h15,1m-seq,S,15,1,-2.51,38.8,-97.0,-1.32,9.4,-12.0
F15V4_26873855_h30,F15,V,30,-1,-1.05,92.2,-97.0,-6.52,154.6,-1008.0
SEQ_8126->1202_h30,1m-seq,S,30,1,-1.98,49.4,-98.0,-4.92,13.6,-67.0
SEQ_13535->13823_h30,1m-seq,S,30,-1,-2.85,34.3,-98.0,-4.29,70.2,-301.0
SEQ_12321->13823_h30,1m-seq,S,30,-1,-3.09,32.1,-99.0,-1.34,65.4,-88.0
SEQ_12321->13823_h15,1m-seq,S,15,1,-3.14,32.1,-101.0,-4.04,65.4,-264.0
SEQ_12->1490_h15,1m-seq,S,15,1,-3.02,33.5,-101.0,1.8,8.2,15.0
F15V3_152495_h30,F15,V,30,-1,-1.83,55.0,-101.0,-7.42,80.5,-597.0
SEQ_0->8402_h30,1m-seq,S,30,1,-2.95,34.8,-103.0,-1.69,9.2,-15.0
SEQ_12->8402_h15,1m-seq,S,15,-1,-3.35,30.8,-103.0,-4.43,8.3,-37.0
SEQ_1202->1202_h30,1m-seq,S,30,1,-1.44,72.2,-104.0,-0.63,27.8,-18.0
SEQ_12->8402_h30,1m-seq,S,30,1,-3.45,30.8,-106.0,-2.08,8.3,-17.0
SEQ_12->1214_h15,1m-seq,S,15,1,-2.78,38.5,-107.0,0.39,9.0,3.0
SEQ_50->0_h15,1m-seq,S,15,1,-2.12,50.9,-108.0,-1.87,9.5,-18.0
F15I3_18432_h30,F15,I,30,1,-1.94,55.6,-108.0,-2.63,37.4,-98.0
F15V4_11163305_h30,F15,V,30,-1,-2.08,51.9,-108.0,-10.3,80.1,-825.0
SEQ_1202->1214_h15,1m-seq,S,15,1,-2.48,43.5,-108.0,-4.0,12.0,-48.0
SEQ_1490->1202_h15,1m-seq,S,15,1,-2.29,47.4,-109.0,-1.0,14.2,-14.0
F15V3_310163_h15,F15,V,15,1,-1.93,57.4,-111.0,-3.76,18.8,-70.0
F15V3_373205_h30,F15,V,30,-1,-1.91,58.1,-111.0,-5.67,82.7,-469.0
SEQ_0->1214_h15,1m-seq,S,15,1,-2.57,43.7,-112.0,-1.08,10.2,-11.0
F15I4_4608_h30,F15,I,30,1,-2.12,53.3,-113.0,0.66,17.3,12.0
SEQ_1214->12_h30,1m-seq,S,30,1,-2.74,41.6,-114.0,-2.66,10.5,-28.0
SEQ_8114->1214_h60,1m-seq,S,60,1,-1.73,66.2,-115.0,-0.05,19.3,-1.0
SEQ_1490->8114_h30,1m-seq,S,30,1,-2.05,56.1,-115.0,-2.71,16.9,-46.0
SEQ_1202->8402_h30,1m-seq,S,30,1,-2.78,41.8,-116.0,-4.88,11.9,-58.0
F15V3_307571_h30,F15,V,30,1,-2.22,52.0,-116.0,-5.76,18.3,-105.0
SEQ_1202->8126_h60,1m-seq,S,60,1,-2.37,49.3,-117.0,-3.72,12.7,-47.0
SEQ_0->8126_h60,1m-seq,S,60,1,-2.45,48.3,-118.0,-3.33,12.0,-40.0
F15V3_152927_h30,F15,V,30,-1,-2.23,53.4,-119.0,-7.21,81.6,-588.0
SEQ_8114->1214_h30,1m-seq,S,30,1,-1.8,66.2,-119.0,-1.64,19.3,-32.0
SEQ_8402->1202_h15,1m-seq,S,15,1,-2.55,46.6,-119.0,-2.77,13.9,-39.0
F15V4_2271030_h15,F15,V,15,1,-0.72,164.1,-119.0,0.5,83.0,41.0
SEQ_0->8402_h60,1m-seq,S,60,1,-3.48,34.8,-121.0,-1.47,9.2,-13.0
SEQ_8126->8114_h30,1m-seq,S,30,1,-2.1,57.7,-121.0,-4.23,16.8,-71.0
SEQ_1490->8114_h60,1m-seq,S,60,1,-2.17,56.1,-122.0,-1.78,16.9,-30.0
SEQ_0->8402_h15,1m-seq,S,15,-1,-3.49,34.8,-122.0,-5.69,9.2,-52.0
SEQ_12->8126_h60,1m-seq,S,60,1,-2.86,43.0,-123.0,-1.78,10.8,-19.0
F15V4_13434335_h30,F15,V,30,-1,-1.91,64.3,-123.0,-6.08,108.7,-661.0
F15I4_221184_h30,F15,I,30,1,-2.37,52.1,-123.0,-1.01,16.7,-17.0
SEQ_8126->1202_h15,1m-seq,S,15,1,-2.51,49.4,-124.0,-2.85,13.6,-39.0
F15V4_24416165_h15,F15,V,15,-1,-1.66,74.8,-124.0,-8.58,114.4,-982.0
SEQ_0->8126_h30,1m-seq,S,30,1,-2.57,48.3,-124.0,-2.48,12.0,-30.0
SEQ_1214->12_h15,1m-seq,S,15,1,-3.01,41.6,-125.0,-3.51,10.5,-37.0
F15V4_24416165_h30,F15,V,30,-1,-1.67,74.8,-125.0,-11.69,114.4,-1338.0
SEQ_1202->1490_h15,1m-seq,S,15,1,-2.61,48.2,-126.0,-3.83,13.8,-53.0
SEQ_8126->8114_h60,1m-seq,S,60,1,-2.2,57.7,-127.0,-3.6,16.8,-60.0
SEQ_13823->13823_h30,1m-seq,S,30,1,-2.28,55.9,-127.0,-1.54,99.7,-153.0
F15V3_152927_h15,F15,V,15,-1,-2.37,53.4,-127.0,-4.54,81.6,-371.0
F15V3_339113_h30,F15,V,30,-1,-1.12,114.2,-128.0,-9.88,169.9,-1678.0
SEQ_8114->1490_h60,1m-seq,S,60,1,-1.75,73.9,-129.0,-1.43,24.0,-34.0
F15I4_4608_h15,F15,I,15,1,-2.44,53.3,-130.0,-0.67,17.3,-12.0
F15V4_26873855_h15,F15,V,15,-1,-1.41,92.2,-130.0,-5.93,154.6,-917.0
F15I3_18432_h15,F15,I,15,1,-2.36,55.6,-131.0,-2.09,37.4,-78.0
F15V3_341705_h5,F15,V,5,-1,-2.63,49.7,-131.0,-3.06,75.9,-232.0
F15I4_221184_h15,F15,I,15,1,-2.53,52.1,-131.0,-1.8,16.7,-30.0
SEQ_12->12_h60,1m-seq,S,60,1,-1.58,84.0,-132.0,-2.17,27.9,-61.0
SEQ_13823->13823_h15,1m-seq,S,15,1,-2.37,55.9,-133.0,-4.09,99.7,-408.0
SEQ_1202->0_h30,1m-seq,S,30,1,-2.49,53.9,-134.0,-3.58,11.0,-40.0
F15I3_14020_h30,F15,I,30,1,-1.66,81.2,-135.0,-1.19,37.0,-44.0
F15I3_99905_h30,F15,I,30,-1,-2.68,50.5,-135.0,-4.76,67.0,-319.0
F15V3_123539_h30,F15,V,30,1,-2.29,59.6,-136.0,-3.91,21.9,-86.0
SEQ_8402->0_h30,1m-seq,S,30,1,-2.22,61.5,-137.0,-4.99,14.1,-70.0
F15V4_11163305_h5,F15,V,5,1,-2.66,51.9,-138.0,-2.26,80.1,-181.0
SEQ_5421->5409_h15,1m-seq,S,15,-1,-2.85,48.4,-138.0,-5.37,82.4,-442.0
F15I3_15268_h30,F15,I,30,1,-2.77,50.3,-139.0,-2.71,21.0,-57.0
SEQ_12->8126_h30,1m-seq,S,30,1,-3.24,43.0,-139.0,-0.91,10.8,-10.0
F15I3_69412_h30,F15,I,30,1,-2.6,53.9,-140.0,-3.93,24.5,-96.0
SEQ_0->12_h30,1m-seq,S,30,1,-2.46,57.0,-140.0,-2.89,12.9,-37.0
F15V3_31544_h30,F15,V,30,1,-2.81,50.5,-142.0,-3.57,15.1,-54.0
F15I3_99905_h5,F15,I,5,-1,-2.82,50.5,-142.0,-4.17,67.0,-279.0
F15V4_2460246_h30,F15,V,30,1,-2.6,55.1,-143.0,-2.23,32.0,-71.0
SEQ_8402->0_h15,1m-seq,S,15,1,-2.32,61.5,-143.0,-4.41,14.1,-62.0
F15V3_31544_h15,F15,V,15,1,-2.85,50.5,-144.0,-3.27,15.1,-49.0
SEQ_1490->1214_h60,1m-seq,S,60,1,-1.91,75.4,-144.0,1.45,22.8,33.0
F05V4_13436891_h15,F05,V,15,-1,-1.2,120.1,-144.0,-4.76,214.6,-1022.0
SEQ_1202->8402_h15,1m-seq,S,15,1,-3.47,41.8,-145.0,-4.4,11.9,-52.0
F05V3_341705_h15,F05,V,15,-1,-1.29,112.7,-145.0,-5.02,173.9,-873.0
SEQ_1202->8114_h15,1m-seq,S,15,1,-2.91,50.4,-146.0,-4.03,15.7,-63.0
SEQ_12->8126_h15,1m-seq,S,15,1,-3.4,43.0,-146.0,-0.85,10.8,-9.0
F15I3_10590_h30,F15,I,30,1,-2.43,60.5,-147.0,-2.21,25.9,-57.0
SEQ_1202->8126_h30,1m-seq,S,30,1,-2.97,49.3,-147.0,-4.76,12.7,-61.0
F15I3_9446_h30,F15,I,30,1,-2.85,51.7,-148.0,-3.15,39.0,-123.0
F15V3_3024_h30,F15,V,30,1,-2.97,49.9,-148.0,-2.64,24.1,-64.0
SEQ_8402->8114_h30,1m-seq,S,30,1,-2.76,53.8,-148.0,-4.31,16.0,-69.0
SEQ_1202->0_h15,1m-seq,S,15,1,-2.81,53.9,-151.0,-3.37,11.0,-37.0
F15V4_15894582_h30,F15,V,30,1,-2.89,52.0,-151.0,-3.91,29.6,-116.0
F15I3_196_h30,F15,I,30,1,-2.06,73.3,-151.0,-2.49,28.4,-71.0
SEQ_8114->1490_h30,1m-seq,S,30,1,-2.04,73.9,-151.0,-2.12,24.0,-51.0
F15I4_453028_h30,F15,I,30,1,-2.98,51.0,-152.0,-2.68,18.6,-50.0
F15V3_152495_h15,F15,V,15,-1,-2.79,55.0,-153.0,-5.85,80.5,-470.0
SEQ_0->8126_h15,1m-seq,S,15,1,-3.17,48.3,-153.0,-1.95,12.0,-23.0
F15I3_64734_h30,F15,I,30,1,-2.96,51.8,-153.0,-0.89,22.5,-20.0
F15I3_15268_h15,F15,I,15,1,-3.04,50.3,-153.0,-2.35,21.0,-49.0
SEQ_12321->12321_h15,1m-seq,S,15,-1,-2.27,67.7,-154.0,-6.53,100.0,-652.0
F15I3_9446_h15,F15,I,15,1,-2.98,51.7,-154.0,-3.0,39.0,-117.0
F15V3_3024_h15,F15,V,15,1,-3.11,49.9,-155.0,-3.78,24.1,-91.0
F15I3_9414_h15,F15,I,15,1,-1.87,83.5,-156.0,-2.09,37.6,-79.0
F15V3_372773_h5,F15,V,5,1,-2.65,59.2,-156.0,-2.67,84.8,-226.0
F15V4_13434335_h15,F15,V,15,-1,-2.43,64.3,-156.0,-5.13,108.7,-557.0
SEQ_5697->5409_h15,1m-seq,S,15,-1,-3.17,49.2,-156.0,-2.23,82.7,-184.0
F15I3_69412_h15,F15,I,15,1,-2.89,53.9,-156.0,-3.3,24.5,-81.0
F15I3_30_h30,F15,I,30,1,-2.77,56.8,-157.0,-2.82,20.7,-58.0
F15V3_3024_h5,F15,V,5,1,-3.14,49.9,-157.0,-3.89,24.1,-94.0
F15I3_18432_h5,F15,I,5,1,-2.83,55.6,-157.0,-3.04,37.4,-114.0
SEQ_1490->8402_h30,1m-seq,S,30,1,-2.67,58.8,-157.0,-3.24,17.8,-58.0
SEQ_1214->1202_h15,1m-seq,S,15,1,-2.5,63.3,-158.0,-2.02,20.6,-42.0
SEQ_8114->8402_h60,1m-seq,S,60,1,-2.41,65.4,-158.0,-2.07,21.5,-45.0
F15V3_31544_h5,F15,V,5,1,-3.16,50.5,-159.0,-2.51,15.1,-38.0
F15V3_152927_h5,F15,V,5,-1,-2.98,53.4,-159.0,-3.61,81.6,-294.0
SEQ_1490->1214_h30,1m-seq,S,30,1,-2.11,75.4,-159.0,-0.51,22.8,-12.0
SEQ_8114->8126_h60,1m-seq,S,60,1,-2.22,72.4,-161.0,-2.89,21.4,-62.0
SEQ_1214->1490_h60,1m-seq,S,60,1,-2.21,73.5,-162.0,-0.95,21.6,-21.0
F15I4_4608_h5,F15,I,5,1,-3.04,53.3,-162.0,-2.42,17.3,-42.0
SEQ_8114->0_h30,1m-seq,S,30,1,-2.41,67.2,-162.0,-5.95,14.7,-88.0
F15I3_64708_h30,F15,I,30,1,-3.2,50.9,-163.0,-2.95,24.9,-73.0
F15V4_26873855_h5,F15,V,5,-1,-1.77,92.2,-163.0,-4.9,154.6,-757.0
F15V3_370619_h30,F15,V,30,1,-2.14,76.5,-163.0,-1.44,136.1,-196.0
SEQ_8126->1214_h60,1m-seq,S,60,1,-2.15,75.7,-163.0,-1.71,21.2,-36.0
F15V3_307571_h5,F15,V,5,-1,-3.15,52.0,-164.0,-2.79,18.3,-51.0
F15I3_99905_h15,F15,I,15,-1,-3.24,50.5,-164.0,-3.86,67.0,-258.0
F15I3_222_h30,F15,I,30,1,-2.78,59.5,-165.0,-2.72,22.0,-60.0
SEQ_8402->1490_h30,1m-seq,S,30,1,-2.57,64.6,-166.0,-3.3,18.5,-61.0
SEQ_8114->0_h15,1m-seq,S,15,1,-2.48,67.2,-166.0,-4.82,14.7,-71.0
F15V3_152495_h5,F15,V,5,-1,-3.01,55.0,-166.0,-4.82,80.5,-388.0
F15I3_9436_h30,F15,I,30,1,-2.66,62.7,-167.0,-1.63,27.9,-45.0
SEQ_1202->8126_h15,1m-seq,S,15,1,-3.39,49.3,-167.0,-3.94,12.7,-50.0
SEQ_1214->8114_h60,1m-seq,S,60,1,-2.25,74.9,-168.0,-1.33,23.9,-32.0
SEQ_12321->5409_h15,1m-seq,S,15,1,-3.12,54.0,-168.0,-4.74,89.6,-425.0
F15I4_221184_h5,F15,I,5,1,-3.22,52.1,-168.0,-3.07,16.7,-51.0
SEQ_1490->8402_h60,1m-seq,S,60,1,-2.85,58.8,-168.0,-2.7,17.8,-48.0
F15I3_10662_h30,F15,I,30,1,-2.47,68.2,-169.0,-2.28,29.3,-67.0
F15V3_339113_h15,F15,V,15,-1,-1.49,114.2,-170.0,-7.85,169.9,-1334.0
F15V3_220752_h15,F15,V,15,-1,-3.22,52.6,-170.0,-4.15,26.8,-111.0
SEQ_0->12_h15,1m-seq,S,15,1,-3.01,57.0,-171.0,-4.08,12.9,-53.0
F15I3_15268_h5,F15,I,5,1,-3.4,50.3,-171.0,-2.88,21.0,-60.0
F15V3_123539_h15,F15,V,15,1,-2.87,59.6,-171.0,-6.17,21.9,-135.0
F15V4_2273658_h30,F15,V,30,1,-2.58,66.7,-172.0,-1.19,36.2,-43.0
F15I3_61152_h5,F15,I,5,1,-3.19,54.1,-172.0,-3.77,19.6,-74.0
F15I3_61152_h30,F15,I,30,1,-3.17,54.1,-172.0,-3.58,19.6,-70.0
F15V4_15894582_h5,F15,V,5,-1,-3.3,52.0,-172.0,-3.23,29.6,-96.0
F15V4_15894582_h15,F15,V,15,1,-3.3,52.0,-172.0,-3.26,29.6,-96.0
F15I3_9508_h15,F15,I,15,1,-1.9,90.5,-172.0,-1.25,42.1,-52.0
SEQ_8114->8402_h30,1m-seq,S,30,1,-2.64,65.4,-172.0,-2.75,21.5,-59.0
SEQ_8402->8114_h15,1m-seq,S,15,1,-3.19,53.8,-172.0,-3.78,16.0,-61.0
F15V4_11163305_h15,F15,V,15,-1,-3.3,51.9,-172.0,-7.52,80.1,-602.0
F15V3_307571_h15,F15,V,15,1,-3.32,52.0,-173.0,-5.93,18.3,-108.0
SEQ_8402->1490_h15,1m-seq,S,15,1,-2.68,64.6,-173.0,-2.8,18.5,-52.0
F15I3_30_h15,F15,I,15,1,-3.04,56.8,-173.0,-3.47,20.7,-72.0
SEQ_8126->1214_h30,1m-seq,S,30,1,-2.29,75.7,-173.0,-2.53,21.2,-54.0
F15V4_2460246_h15,F15,V,15,1,-3.14,55.1,-173.0,-2.42,32.0,-77.0
F15I3_69120_h30,F15,I,30,1,-3.2,54.4,-174.0,-1.77,19.0,-34.0
F15I3_9446_h5,F15,I,5,1,-3.36,51.7,-174.0,-2.8,39.0,-109.0
SEQ_1214->1490_h30,1m-seq,S,30,1,-2.38,73.5,-175.0,-0.86,21.6,-19.0
F15I4_453028_h5,F15,I,5,-1,-3.43,51.0,-175.0,-3.4,18.6,-63.0
F15I3_64708_h15,F15,I,15,1,-3.43,50.9,-175.0,-3.67,24.9,-91.0
F15I3_64708_h5,F15,I,5,-1,-3.44,50.9,-175.0,-3.78,24.9,-94.0
F15V3_310163_h5,F15,V,5,1,-3.05,57.4,-175.0,-2.65,18.8,-50.0
F15I3_61152_h15,F15,I,15,1,-3.26,54.1,-177.0,-3.68,19.6,-72.0
F15I4_453028_h15,F15,I,15,1,-3.47,51.0,-177.0,-3.83,18.6,-71.0
F15I3_64734_h5,F15,I,5,1,-3.44,51.8,-178.0,-2.47,22.5,-56.0
F15I3_10662_h15,F15,I,15,1,-2.61,68.2,-178.0,-2.83,29.3,-83.0
F15V3_372773_h15,F15,V,15,1,-3.01,59.2,-178.0,-2.46,84.8,-208.0
SEQ_1490->8114_h15,1m-seq,S,15,1,-3.18,56.1,-178.0,-3.23,16.9,-55.0
F15I3_64734_h15,F15,I,15,1,-3.45,51.8,-179.0,-1.97,22.5,-44.0
SEQ_1214->8402_h60,1m-seq,S,60,1,-2.77,64.6,-179.0,-1.94,19.5,-38.0
F15V4_10976681_h15,F15,V,15,1,-2.91,62.0,-180.0,-1.93,99.5,-192.0
F05V4_26873819_h15,F05,V,15,-1,-1.53,117.8,-180.0,-5.1,212.5,-1083.0
F15V3_31542_h30,F15,V,30,1,-0.53,336.0,-180.0,1.22,204.9,250.0
SEQ_1214->8114_h30,1m-seq,S,30,1,-2.41,74.9,-180.0,-2.11,23.9,-50.0
F15V3_220752_h30,F15,V,30,1,-3.43,52.6,-180.0,-2.08,26.8,-56.0
SEQ_8402->8114_h60,1m-seq,S,60,1,-3.36,53.8,-181.0,-2.36,16.0,-38.0
SEQ_1214->8402_h30,1m-seq,S,30,1,-2.81,64.6,-181.0,-2.19,19.5,-43.0
F15V4_13434335_h5,F15,V,5,-1,-2.81,64.3,-181.0,-2.85,108.7,-310.0
F15I3_69318_h30,F15,I,30,1,-3.02,60.3,-182.0,-3.51,25.7,-90.0
SEQ_8114->8114_h60,1m-seq,S,60,1,-2.13,85.2,-182.0,-1.5,32.0,-48.0
F15V4_2457690_h30,F15,V,30,1,-2.69,67.7,-182.0,-1.72,37.3,-64.0
F15I3_14020_h15,F15,I,15,1,-2.25,81.2,-182.0,-2.01,37.0,-74.0
SEQ_8126->8402_h60,1m-seq,S,60,1,-2.46,74.0,-182.0,-3.93,24.2,-95.0
SEQ_8126->8114_h15,1m-seq,S,15,1,-3.17,57.7,-183.0,-4.1,16.8,-69.0
F15V4_15707958_h30,F15,V,30,1,-2.02,91.1,-184.0,-3.04,48.3,-147.0
SEQ_1490->0_h15,1m-seq,S,15,1,-2.65,69.5,-184.0,-3.27,14.6,-48.0
F15I3_9436_h15,F15,I,15,1,-2.94,62.7,-184.0,-2.49,27.9,-69.0
F15I3_70590_h30,F15,I,30,1,-2.8,65.8,-184.0,-3.34,22.0,-74.0
F15V3_220752_h5,F15,V,5,1,-3.49,52.6,-184.0,-3.26,26.8,-87.0
F15V4_15707994_h30,F15,V,30,1,-2.84,64.6,-184.0,-2.99,35.8,-107.0
F15V3_341669_h30,F15,V,30,-1,-1.41,131.3,-185.0,-8.23,194.4,-1601.0
F15V4_13250303_h15,F15,V,15,-1,-2.81,65.7,-185.0,-3.98,115.0,-458.0
F15V4_24413609_h30,F15,V,30,-1,-3.16,58.6,-185.0,-8.63,90.7,-783.0
F15I3_30_h5,F15,I,5,1,-3.25,56.8,-185.0,-3.65,20.7,-76.0
SEQ_1202->1202_h15,1m-seq,S,15,1,-2.56,72.2,-185.0,-2.22,27.8,-62.0
F15I3_69120_h15,F15,I,15,1,-3.41,54.4,-186.0,-2.71,19.0,-52.0
SEQ_8114->8126_h30,1m-seq,S,30,1,-2.58,72.4,-186.0,-2.99,21.4,-64.0
F15I3_9534_h30,F15,I,30,1,-2.86,65.4,-187.0,-2.8,26.6,-74.0
F15V4_24413609_h15,F15,V,15,1,-3.18,58.6,-187.0,-1.32,90.7,-120.0
F15V4_15710550_h30,F15,V,30,1,-3.32,56.4,-187.0,-2.36,32.1,-76.0
F15I3_10564_h30,F15,I,30,1,-3.23,58.1,-188.0,-1.41,26.4,-37.0
F15V4_24413609_h5,F15,V,5,-1,-3.21,58.6,-188.0,-4.81,90.7,-436.0
F15I3_69412_h5,F15,I,5,1,-3.48,53.9,-188.0,-3.33,24.5,-82.0
F15V3_123539_h5,F15,V,5,1,-3.15,59.6,-188.0,-4.14,21.9,-91.0
F15V3_373205_h5,F15,V,5,1,-3.25,58.1,-189.0,-3.72,82.7,-308.0
SEQ_8114->8114_h30,1m-seq,S,30,1,-2.22,85.2,-189.0,-3.25,32.0,-104.0
SEQ_8402->1214_h30,1m-seq,S,30,1,-2.7,70.4,-190.0,-2.64,20.7,-54.0
SEQ_8126->1490_h60,1m-seq,S,60,1,-2.29,83.1,-190.0,-2.57,25.2,-65.0
F15I3_69120_h5,F15,I,5,-1,-3.48,54.4,-190.0,-3.82,19.0,-73.0
F15I3_222_h15,F15,I,15,1,-3.19,59.5,-190.0,-3.12,22.0,-69.0
SEQ_8126->1490_h30,1m-seq,S,30,1,-2.29,83.1,-191.0,-2.61,25.2,-66.0
SEQ_8114->1214_h15,1m-seq,S,15,1,-2.88,66.2,-191.0,-2.69,19.3,-52.0
F15V4_11165861_h15,F15,V,15,-1,-3.31,57.7,-191.0,-8.3,91.4,-759.0
SEQ_8126->8402_h30,1m-seq,S,30,1,-2.58,74.0,-191.0,-3.57,24.2,-86.0
F15V3_372773_h30,F15,V,30,1,-3.22,59.2,-191.0,-2.58,84.8,-219.0
F15V4_11165861_h5,F15,V,5,1,-3.32,57.7,-192.0,-1.47,91.4,-135.0
F15V4_2460246_h5,F15,V,5,-1,-3.48,55.1,-192.0,-4.11,32.0,-131.0
SEQ_8126->0_h30,1m-seq,S,30,1,-2.65,72.6,-192.0,-3.21,15.7,-50.0
F15V4_15707994_h15,F15,V,15,1,-3.02,64.6,-195.0,-3.77,35.8,-135.0
SEQ_1214->1214_h60,1m-seq,S,60,1,-1.83,106.4,-195.0,-0.21,37.3,-8.0
F15V4_15710550_h15,F15,V,15,1,-3.47,56.4,-196.0,-3.21,32.1,-103.0
F15I3_10564_h5,F15,I,5,1,-3.38,58.1,-196.0,-2.91,26.4,-77.0
SEQ_1490->0_h30,1m-seq,S,30,1,-2.82,69.5,-196.0,-3.12,14.6,-46.0
F15V4_15710550_h5,F15,V,5,1,-3.49,56.4,-197.0,-3.32,32.1,-106.0
SEQ_1490->8402_h15,1m-seq,S,15,1,-3.34,58.8,-197.0,-3.18,17.8,-57.0
SEQ_8126->0_h15,1m-seq,S,15,1,-2.71,72.6,-197.0,-3.57,15.7,-56.0
F15V3_438_h30,F15,V,30,1,-1.92,103.1,-198.0,-0.24,50.7,-12.0
F15I3_10564_h15,F15,I,15,1,-3.43,58.1,-199.0,-2.84,26.4,-75.0
F15I3_222_h5,F15,I,5,1,-3.34,59.5,-199.0,-3.67,22.0,-81.0
F15I3_196_h15,F15,I,15,1,-2.71,73.3,-199.0,-3.31,28.4,-94.0
F15I3_4_h30,F15,I,30,1,-2.44,81.7,-199.0,-0.97,30.0,-29.0
F15I3_10590_h15,F15,I,15,1,-3.29,60.5,-199.0,-2.68,25.9,-69.0
F15I4_1248_h15,F15,I,15,1,-3.12,63.8,-199.0,-4.16,19.7,-82.0
F15I4_1248_h30,F15,I,30,1,-3.13,63.8,-200.0,-4.49,19.7,-89.0
F15V3_31580_h15,F15,V,15,-1,-3.31,60.3,-200.0,-3.23,16.4,-53.0
F15V3_373205_h15,F15,V,15,-1,-3.46,58.1,-201.0,-4.3,82.7,-356.0
SEQ_8402->1490_h60,1m-seq,S,60,1,-3.13,64.6,-202.0,-2.98,18.5,-55.0
F15I3_59930_h15,F15,I,15,1,-3.39,59.4,-202.0,-3.53,24.1,-85.0
SEQ_1490->1490_h60,1m-seq,S,60,1,-1.99,101.8,-203.0,-1.1,36.5,-40.0
F15V3_42_h30,F15,V,30,1,-2.98,68.4,-203.0,-2.3,33.7,-78.0
SEQ_12->12_h30,1m-seq,S,30,1,-2.42,84.0,-203.0,-2.68,27.9,-75.0
SEQ_1490->8126_h30,1m-seq,S,30,1,-2.49,81.4,-203.0,-3.3,25.0,-82.0
F15V3_144_h30,F15,V,30,1,-3.18,64.1,-204.0,-4.07,16.6,-67.0
F15V4_26871263_h30,F15,V,30,1,-2.98,68.4,-204.0,-1.2,124.4,-149.0
F15I3_10590_h5,F15,I,5,1,-3.37,60.5,-204.0,-2.8,25.9,-72.0
SEQ_8402->1214_h15,1m-seq,S,15,1,-2.89,70.4,-204.0,-3.06,20.7,-63.0
F15V3_31580_h5,F15,V,5,-1,-3.38,60.3,-204.0,-4.22,16.4,-69.0
F15I3_69318_h5,F15,I,5,-1,-3.39,60.3,-204.0,-2.86,25.7,-73.0
F15V4_2457690_h15,F15,V,15,1,-3.04,67.7,-205.0,-2.64,37.3,-98.0
F15V4_2273658_h15,F15,V,15,1,-3.07,66.7,-205.0,-2.29,36.2,-83.0
F15I3_59930_h5,F15,I,5,1,-3.45,59.4,-205.0,-3.4,24.1,-82.0
F15V4_10976681_h5,F15,V,5,1,-3.32,62.0,-206.0,-3.79,99.5,-377.0
F15I3_9436_h5,F15,I,5,1,-3.3,62.7,-207.0,-2.65,27.9,-74.0
F15I3_59930_h30,F15,I,30,-1,-3.48,59.4,-207.0,-3.09,24.1,-75.0
F15V3_31580_h30,F15,V,30,-1,-3.42,60.3,-207.0,-3.86,16.4,-63.0
F15V3_2_h15,F15,V,15,1,-3.3,62.8,-207.0,-2.6,15.3,-40.0
F15V3_2_h5,F15,V,5,1,-3.31,62.8,-208.0,-4.13,15.3,-63.0
F15V3_42_h15,F15,V,15,1,-3.04,68.4,-208.0,-3.0,33.7,-101.0
F15I3_9534_h15,F15,I,15,1,-3.17,65.4,-208.0,-2.5,26.6,-67.0
F15V4_13250303_h5,F15,V,5,-1,-3.17,65.7,-208.0,-4.56,115.0,-525.0
F15V4_13250303_h30,F15,V,30,1,-3.18,65.7,-209.0,-2.18,115.0,-250.0
F15V3_144_h5,F15,V,5,1,-3.26,64.1,-209.0,-4.16,16.6,-69.0
SEQ_8402->8126_h60,1m-seq,S,60,1,-2.76,76.3,-210.0,-3.43,21.7,-74.0
F15V3_370619_h5,F15,V,5,-1,-2.75,76.5,-210.0,-4.12,136.1,-560.0
F15I3_69318_h15,F15,I,15,1,-3.48,60.3,-210.0,-3.96,25.7,-102.0
F15V4_2271066_h30,F15,V,30,1,-1.92,109.4,-210.0,0.09,57.0,5.0
SEQ_1490->8126_h60,1m-seq,S,60,1,-2.59,81.4,-211.0,-3.78,25.0,-94.0
SEQ_8114->1490_h15,1m-seq,S,15,1,-2.86,73.9,-211.0,-1.98,24.0,-47.0
F05V4_26687231_h15,F05,V,15,-1,-1.05,203.1,-212.0,-4.22,346.7,-1464.0
F15I4_1248_h5,F15,I,5,1,-3.33,63.8,-212.0,-3.83,19.7,-76.0
SEQ_8126->1214_h15,1m-seq,S,15,1,-2.8,75.7,-212.0,-2.84,21.2,-60.0
F15V4_24600197_h15,F15,V,15,-1,-2.67,79.4,-212.0,-5.86,118.9,-696.0
F15I3_9534_h5,F15,I,5,1,-3.25,65.4,-213.0,-3.23,26.6,-86.0
F15V3_144_h15,F15,V,15,1,-3.32,64.1,-213.0,-3.52,16.6,-58.0
F05I3_50687_h15,F05,I,15,-1,-1.45,146.3,-213.0,-4.55,219.1,-996.0
SEQ_8402->8126_h30,1m-seq,S,30,1,-2.79,76.3,-213.0,-3.27,21.7,-71.0
SEQ_8114->8402_h15,1m-seq,S,15,1,-3.28,65.4,-214.0,-3.02,21.5,-65.0
F15I3_10662_h5,F15,I,5,1,-3.13,68.2,-214.0,-3.14,29.3,-92.0
F15V4_26871263_h15,F15,V,15,-1,-3.12,68.4,-214.0,-4.87,124.4,-605.0
SEQ_1214->1490_h15,1m-seq,S,15,1,-2.91,73.5,-214.0,-1.59,21.6,-34.0
F15V3_42_h5,F15,V,5,1,-3.14,68.4,-215.0,-3.68,33.7,-124.0
SEQ_5409->5409_h15,1m-seq,S,15,-1,-2.88,74.8,-216.0,-3.92,113.1,-444.0
F15I3_14046_h15,F15,I,15,1,-2.93,73.9,-216.0,-2.69,31.7,-85.0
F15V4_15707994_h5,F15,V,5,1,-3.34,64.6,-216.0,-3.52,35.8,-126.0
F15V3_2_h30,F15,V,30,1,-3.44,62.8,-216.0,-2.61,15.3,-40.0
F15I3_70590_h15,F15,I,15,1,-3.3,65.8,-217.0,-4.0,22.0,-88.0
SEQ_1490->1490_h30,1m-seq,S,30,1,-2.15,101.8,-219.0,-1.87,36.5,-68.0
F15I3_2_h30,F15,I,30,1,-2.25,97.6,-219.0,-0.99,39.8,-40.0
F15V4_2273622_h30,F15,V,30,1,-2.15,101.8,-219.0,-0.93,55.0,-51.0
SEQ_1214->0_h30,1m-seq,S,30,1,-2.61,84.3,-220.0,-3.42,18.3,-62.0
SEQ_1214->8402_h15,1m-seq,S,15,1,-3.42,64.6,-220.0,-2.33,19.5,-45.0
SEQ_1490->1214_h15,1m-seq,S,15,1,-2.92,75.4,-220.0,-1.73,22.8,-39.0
F15I3_14046_h30,F15,I,30,1,-2.99,73.9,-221.0,-1.82,31.7,-58.0
F15V3_373211_h30,F15,V,30,1,-1.94,113.8,-221.0,-1.96,198.0,-388.0
SEQ_8402->8126_h15,1m-seq,S,15,1,-2.89,76.3,-221.0,-3.26,21.7,-71.0
SEQ_8114->8126_h15,1m-seq,S,15,1,-3.06,72.4,-222.0,-2.71,21.4,-58.0
SEQ_8402->1214_h60,1m-seq,S,60,1,-3.17,70.4,-223.0,-1.74,20.7,-36.0
F15I3_70590_h5,F15,I,5,-1,-3.41,65.8,-225.0,-2.77,22.0,-61.0
SEQ_1214->8126_h60,1m-seq,S,60,1,-2.93,76.8,-225.0,-1.84,21.6,-40.0
F15V4_2457690_h5,F15,V,5,1,-3.33,67.7,-226.0,-3.22,37.3,-120.0
F15V4_2273658_h5,F15,V,5,1,-3.4,66.7,-227.0,-3.2,36.2,-116.0
SEQ_12->0_h30,1m-seq,S,30,1,-2.19,103.8,-227.0,-1.32,26.0,-34.0
F15V3_474_h15,F15,V,15,-1,-3.43,66.3,-228.0,-4.54,35.1,-159.0
SEQ_1214->1214_h30,1m-seq,S,30,1,-2.14,106.4,-228.0,-1.32,37.3,-49.0
F15V4_26871263_h5,F15,V,5,-1,-3.34,68.4,-228.0,-4.09,124.4,-509.0
F15V4_10979237_h30,F15,V,30,-1,-2.58,88.4,-228.0,-7.07,135.7,-959.0
F15I3_24_h15,F15,I,15,1,-3.05,74.7,-228.0,-2.8,31.7,-89.0
F05V4_26871263_h15,F05,V,15,-1,-1.4,164.5,-230.0,-4.81,291.6,-1402.0
F15V3_474_h30,F15,V,30,1,-3.47,66.3,-230.0,-1.75,35.1,-61.0
SEQ_1214->8126_h30,1m-seq,S,30,1,-3.01,76.8,-231.0,-1.65,21.6,-36.0
F15V3_474_h5,F15,V,5,1,-3.49,66.3,-231.0,-3.15,35.1,-111.0
SEQ_8402->8402_h30,1m-seq,S,30,1,-2.57,90.4,-232.0,-2.49,34.2,-85.0
SEQ_8402->8402_h60,1m-seq,S,60,1,-2.58,90.4,-233.0,-2.26,34.2,-77.0
F15I4_59904_h30,F15,I,30,1,-3.26,71.4,-233.0,-2.65,21.7,-58.0
F15I3_196_h5,F15,I,5,1,-3.17,73.3,-233.0,-2.99,28.4,-85.0
F15I3_24_h5,F15,I,5,1,-3.13,74.7,-234.0,-3.29,31.7,-104.0
F15I4_2875392_h30,F15,I,30,-1,-3.44,67.9,-234.0,-3.69,20.4,-75.0
F15V4_2457654_h30,F15,V,30,1,-2.37,98.7,-234.0,-1.42,51.4,-73.0
SEQ_8126->1490_h15,1m-seq,S,15,1,-2.83,83.1,-235.0,-2.41,25.2,-61.0
F15I4_2875392_h5,F15,I,5,-1,-3.46,67.9,-235.0,-3.46,20.4,-71.0
F15I4_2875392_h15,F15,I,15,1,-3.46,67.9,-235.0,-3.15,20.4,-64.0
F15V3_34128_h5,F15,V,5,-1,-3.33,70.8,-236.0,-3.6,34.6,-125.0
F05V4_11163305_h15,F05,V,15,-1,-2.05,115.4,-237.0,-4.96,187.1,-928.0
F15I3_24_h30,F15,I,30,1,-3.19,74.7,-238.0,-2.06,31.7,-65.0
F15V3_34128_h15,F15,V,15,-1,-3.37,70.8,-239.0,-4.5,34.6,-156.0
SEQ_1490->8126_h15,1m-seq,S,15,1,-2.94,81.4,-239.0,-2.91,25.0,-73.0
F15V3_34128_h30,F15,V,30,-1,-3.38,70.8,-239.0,-4.96,34.6,-172.0
SEQ_12->12_h15,1m-seq,S,15,1,-2.84,84.0,-239.0,-3.93,27.9,-110.0
F15I4_59904_h15,F15,I,15,1,-3.35,71.4,-239.0,-3.64,21.7,-79.0
SEQ_1214->8114_h15,1m-seq,S,15,1,-3.2,74.9,-240.0,-2.58,23.9,-62.0
SEQ_1214->0_h15,1m-seq,S,15,1,-2.86,84.3,-241.0,-3.4,18.3,-62.0
F15I4_59904_h5,F15,I,5,1,-3.38,71.4,-241.0,-2.98,21.7,-65.0
F15V4_11163269_h30,F15,V,30,-1,-2.24,107.6,-241.0,-8.25,161.9,-1335.0
F15I3_14020_h5,F15,I,5,1,-3.0,81.2,-243.0,-2.81,37.0,-104.0
F15I3_4_h15,F15,I,15,1,-2.98,81.7,-243.0,-1.37,30.0,-41.0
F15I3_9414_h5,F15,I,5,1,-2.93,83.5,-244.0,-3.02,37.6,-113.0
F15V4_24600197_h5,F15,V,5,-1,-3.08,79.4,-245.0,-4.37,118.9,-520.0
F05V3_120959_h15,F05,V,15,1,-2.43,100.9,-246.0,-4.77,48.7,-233.0
F15V3_155081_h15,F15,V,15,-1,-2.88,85.6,-246.0,-6.79,132.4,-899.0
F15V4_24416165_h5,F15,V,5,1,-3.3,74.8,-247.0,-1.24,114.4,-142.0
SEQ_8126->8402_h15,1m-seq,S,15,1,-3.35,74.0,-248.0,-3.36,24.2,-81.0
F15V3_10368_h15,F15,V,15,1,-3.08,80.7,-248.0,-3.22,19.8,-64.0
F05I4_456390_h15,F05,I,15,1,-2.27,109.5,-249.0,0.43,55.9,24.0
F15V4_15707958_h15,F15,V,15,1,-2.75,91.1,-250.0,-3.31,48.3,-160.0
F15V3_6_h30,F15,V,30,1,-2.41,103.8,-250.0,-1.37,50.8,-70.0
F05V4_26684639_h15,F05,V,15,-1,-2.03,123.6,-251.0,-4.46,218.9,-975.0
F15V4_13436928_h30,F15,V,30,1,-2.5,100.5,-251.0,-1.64,51.0,-84.0
F15I3_4_h5,F15,I,5,1,-3.12,81.7,-255.0,-3.1,30.0,-93.0
SEQ_1214->8126_h15,1m-seq,S,15,1,-3.33,76.8,-255.0,-1.86,21.6,-40.0
F15I3_14046_h5,F15,I,5,1,-3.46,73.9,-256.0,-3.38,31.7,-107.0
F15V3_10368_h5,F15,V,5,1,-3.19,80.7,-258.0,-4.45,19.8,-88.0
F15V4_13436927_h30,F15,V,30,-1,-2.78,92.7,-258.0,-6.63,154.1,-1022.0
F05I3_109343_h15,F05,I,15,-1,-2.03,129.1,-262.0,-4.06,201.9,-821.0
F15V4_26687231_h5,F15,V,5,-1,-3.08,85.1,-262.0,-3.32,143.0,-474.0
F15V4_0_h30,F15,V,30,1,-1.11,236.0,-262.0,0.48,109.2,52.0
F15I3_70564_h30,F15,I,30,1,-3.06,85.7,-262.0,-3.91,32.7,-128.0
F15I3_1152_h30,F15,I,30,1,-2.99,88.0,-263.0,-2.63,37.7,-99.0
F15I3_9508_h5,F15,I,5,1,-2.91,90.5,-264.0,-2.63,42.1,-110.0
F15V3_186587_h5,F15,V,5,-1,-2.59,102.1,-264.0,-3.92,171.1,-671.0
SEQ_12->0_h15,1m-seq,S,15,1,-2.57,103.8,-266.0,-3.35,26.0,-87.0
F05V3_120947_h15,F05,V,15,1,-2.42,109.9,-266.0,-3.01,41.4,-124.0
SEQ_8114->8114_h15,1m-seq,S,15,1,-3.13,85.2,-267.0,-3.26,32.0,-104.0
F15V3_370619_h15,F15,V,15,1,-3.49,76.5,-267.0,-2.89,136.1,-393.0
F15V4_26687231_h15,F15,V,15,-1,-3.14,85.1,-268.0,-3.28,143.0,-469.0
F15V3_438_h15,F15,V,15,1,-2.61,103.1,-269.0,-2.27,50.7,-115.0
F05V3_373241_h15,F05,V,15,-1,-2.71,99.6,-270.0,-5.44,152.3,-829.0
F15V3_220794_h5,F15,V,5,-1,-3.18,85.0,-271.0,-3.43,54.7,-188.0
F15V4_2273622_h15,F15,V,15,1,-2.67,101.8,-271.0,-2.37,55.0,-130.0
F15V4_13436927_h15,F15,V,15,-1,-2.93,92.7,-271.0,-5.73,154.1,-883.0
F15I3_1152_h15,F15,I,15,1,-3.09,88.0,-272.0,-2.87,37.7,-108.0
F15V3_10368_h30,F15,V,30,1,-3.39,80.7,-273.0,-2.96,19.8,-59.0
F15V4_26687231_h30,F15,V,30,-1,-3.2,85.1,-273.0,-3.52,143.0,-503.0
F05V3_372383_h15,F05,V,15,1,-2.71,100.8,-273.0,-2.24,63.9,-143.0
F05V4_26687195_h5,F05,V,5,-1,-2.63,103.9,-273.0,-3.89,186.5,-725.0
F15V3_217728_h30,F15,V,30,1,-3.41,80.2,-274.0,-1.49,36.5,-54.0
F15V3_2628_h5,F15,V,5,1,-3.23,85.0,-274.0,-3.63,54.1,-196.0
F05V3_89369_h15,F05,V,15,1,-2.16,126.5,-274.0,-3.21,43.7,-141.0
F15I3_1152_h5,F15,I,5,1,-3.11,88.0,-274.0,-3.42,37.7,-129.0
F15V3_217728_h15,F15,V,15,1,-3.44,80.2,-276.0,-3.07,36.5,-112.0
F15V4_10976645_h15,F15,V,15,-1,-2.32,119.0,-276.0,-5.87,184.9,-1084.0
F15I3_2_h15,F15,I,15,1,-2.85,97.6,-278.0,-1.49,39.8,-60.0
F15V3_217728_h5,F15,V,5,-1,-3.48,80.2,-279.0,-3.43,36.5,-125.0
F15V3_6_h15,F15,V,15,1,-2.68,103.8,-279.0,-1.92,50.8,-98.0
F15V3_2628_h15,F15,V,15,1,-3.29,85.0,-280.0,-3.2,54.1,-173.0
F05V3_369791_h15,F05,V,15,1,-2.49,112.5,-280.0,-4.59,76.4,-350.0
F15V4_36_h30,F15,V,30,1,-3.04,92.5,-281.0,-1.95,47.8,-93.0
F15V4_10979237_h15,F15,V,15,1,-3.17,88.4,-281.0,-2.52,135.7,-342.0
F05V4_26687195_h15,F05,V,15,-1,-2.71,103.9,-282.0,-3.7,186.5,-690.0
F05V4_2271024_h15,F05,V,15,1,-2.65,106.3,-282.0,-0.82,64.6,-53.0
F15V4_10979237_h5,F15,V,5,-1,-3.2,88.4,-283.0,-3.88,135.7,-527.0
F15V4_2457654_h15,F15,V,15,1,-2.87,98.7,-283.0,-2.73,51.4,-140.0
F15V3_2628_h30,F15,V,30,1,-3.32,85.0,-283.0,-2.04,54.1,-110.0
F15I3_55296_h30,F15,I,30,1,-3.41,83.3,-284.0,-3.5,33.2,-116.0
F15V3_155081_h5,F15,V,5,-1,-3.32,85.6,-284.0,-4.36,132.4,-578.0
F15V3_220794_h30,F15,V,30,1,-3.34,85.0,-284.0,-1.95,54.7,-107.0
F15I3_70564_h5,F15,I,5,-1,-3.33,85.7,-286.0,-3.18,32.7,-104.0
F15V4_2271066_h15,F15,V,15,1,-2.61,109.4,-286.0,-1.47,57.0,-84.0
F15V4_13436928_h15,F15,V,15,1,-2.85,100.5,-286.0,-2.34,51.0,-119.0
F15I3_55296_h5,F15,I,5,1,-3.45,83.3,-287.0,-4.07,33.2,-135.0
F15V4_36_h15,F15,V,15,1,-3.1,92.5,-287.0,-2.49,47.8,-119.0
F15V3_186587_h15,F15,V,15,-1,-2.81,102.1,-287.0,-5.87,171.1,-1005.0
F15I4_0_h30,F15,I,30,1,-2.27,126.6,-288.0,0.03,38.3,1.0
F15V3_189216_h30,F15,V,30,1,-3.32,87.0,-289.0,-2.48,55.2,-137.0
F15I3_55296_h15,F15,I,15,1,-3.47,83.3,-289.0,-3.24,33.2,-107.0
F15V4_24413573_h15,F15,V,15,-1,-2.48,116.8,-290.0,-5.12,175.1,-897.0
F05V3_373205_h15,F05,V,15,-1,-2.32,125.4,-290.0,-4.56,190.3,-869.0
SEQ_8402->8402_h15,1m-seq,S,15,1,-3.22,90.4,-291.0,-3.15,34.2,-108.0
SEQ_8126->8126_h60,1m-seq,S,60,1,-2.47,117.9,-291.0,-2.66,41.1,-109.0
SEQ_1490->1490_h15,1m-seq,S,15,1,-2.87,101.8,-292.0,-2.15,36.5,-78.0
F05V3_50_h15,F05,V,15,1,-2.78,105.1,-292.0,-2.96,115.0,-340.0
F15V3_220794_h15,F15,V,15,-1,-3.44,85.0,-292.0,-4.02,54.7,-220.0
F15I3_70564_h15,F15,I,15,1,-3.41,85.7,-292.0,-4.19,32.7,-137.0
F05I3_78336_h15,F05,I,15,1,-2.9,101.3,-293.0,-2.88,89.1,-257.0
F05V3_275993_h15,F05,V,15,1,-2.9,101.1,-293.0,-3.73,33.9,-126.0
F05V4_26873819_h5,F05,V,5,-1,-2.49,117.8,-293.0,-3.16,212.5,-672.0
F05V4_26687195_h2,F05,V,2,-1,-2.83,103.9,-294.0,-4.03,186.5,-751.0
F15V3_186660_h30,F15,V,30,1,-3.2,92.0,-295.0,-3.15,59.2,-186.0
F05V3_2628_h15,F05,V,15,1,-2.56,115.5,-296.0,-3.41,87.8,-299.0
F05I4_456390_h5,F05,I,5,1,-2.7,109.5,-296.0,-1.92,55.9,-107.0
F15V4_13436927_h5,F15,V,5,-1,-3.19,92.7,-296.0,-4.96,154.1,-764.0
F15V3_152489_h30,F15,V,30,-1,-2.15,138.6,-297.0,-7.79,208.7,-1626.0
SEQ_1214->1214_h15,1m-seq,S,15,1,-2.79,106.4,-297.0,-2.33,37.3,-87.0
F15I3_2_h5,F15,I,5,1,-3.04,97.6,-297.0,-3.48,39.8,-139.0
F05V4_24413609_h15,F05,V,15,-1,-2.21,134.8,-298.0,-4.89,216.7,-1060.0
F15V3_341669_h15,F15,V,15,-1,-2.28,131.3,-299.0,-6.65,194.4,-1294.0
F15V4_2592_h30,F15,V,30,1,-2.86,104.8,-299.0,-2.83,52.0,-147.0
F15V4_186624_h30,F15,V,30,1,-2.81,106.4,-299.0,-2.32,52.8,-122.0
F15V4_36_h5,F15,V,5,1,-3.24,92.5,-300.0,-3.17,47.8,-151.0
F15V3_186587_h30,F15,V,30,-1,-2.94,102.1,-300.0,-7.22,171.1,-1236.0
F15V3_189216_h15,F15,V,15,-1,-3.46,87.0,-301.0,-3.9,55.2,-215.0
F15V3_189216_h5,F15,V,5,1,-3.46,87.0,-301.0,-3.63,55.2,-200.0
F05I3_100001_h15,F05,I,15,-1,-2.61,115.6,-301.0,-5.75,175.7,-1010.0
F05I4_196_h15,F05,I,15,1,-2.91,104.4,-303.0,-3.17,41.1,-130.0
F15V3_6_h5,F15,V,5,1,-2.93,103.8,-304.0,-3.33,50.8,-169.0
F05V3_92837_h15,F05,V,15,1,-2.94,103.8,-305.0,-4.19,66.1,-277.0
F05I3_59906_h15,F05,I,15,1,-3.05,100.2,-306.0,-3.31,51.6,-171.0
F15V4_2457654_h5,F15,V,5,1,-3.1,98.7,-306.0,-3.13,51.4,-161.0
F05V3_275993_h5,F05,V,5,1,-3.04,101.1,-307.0,-4.18,33.9,-141.0
F15V4_15707958_h5,F15,V,5,1,-3.37,91.1,-307.0,-3.63,48.3,-175.0
F15V3_438_h5,F15,V,5,1,-2.99,103.1,-308.0,-2.86,50.7,-145.0
F15V3_186660_h5,F15,V,5,1,-3.35,92.0,-308.0,-3.34,59.2,-198.0
F05V3_90245_h15,F05,V,15,1,-2.72,113.3,-308.0,-4.32,71.8,-310.0
F15V3_186660_h15,F15,V,15,1,-3.36,92.0,-309.0,-3.27,59.2,-194.0
F05I3_30_h15,F05,I,15,1,-2.83,109.3,-309.0,-3.62,49.0,-177.0
F05V3_341705_h5,F05,V,5,-1,-2.74,112.7,-309.0,-4.58,173.9,-797.0
F05V3_123539_h15,F05,V,15,1,-2.39,130.1,-311.0,-4.48,44.7,-200.0
F05V4_2271174_h15,F05,V,15,1,-3.02,103.6,-312.0,-2.51,35.3,-89.0
F15V4_186624_h15,F15,V,15,1,-2.93,106.4,-312.0,-2.93,52.8,-155.0
F15I4_0_h15,F15,I,15,1,-2.48,126.6,-313.0,-0.91,38.3,-35.0
F05V3_474_h15,F05,V,15,1,-2.86,109.7,-313.0,-2.65,70.7,-188.0
F15V3_152453_h30,F15,V,30,-1,-1.19,265.5,-316.0,-7.17,336.0,-2408.0
F05V3_276869_h5,F05,V,5,1,-2.92,108.2,-316.0,-3.73,64.8,-242.0
F05V3_373241_h2,F05,V,2,1,-3.19,99.6,-318.0,-3.58,152.3,-545.0
F15V4_2592_h15,F15,V,15,1,-3.03,104.8,-318.0,-3.18,52.0,-166.0
SEQ_8126->8126_h30,1m-seq,S,30,1,-2.71,117.9,-319.0,-2.42,41.1,-100.0
F05V3_275993_h2,F05,V,2,1,-3.17,101.1,-320.0,-3.99,33.9,-135.0
F05V3_152459_h15,F05,V,15,1,-2.93,109.8,-322.0,-1.98,166.8,-330.0
F05V3_276869_h15,F05,V,15,1,-2.99,108.2,-324.0,-3.84,64.8,-249.0
F05V4_2271024_h5,F05,V,5,1,-3.05,106.3,-324.0,-2.43,64.6,-157.0
F05I3_78336_h5,F05,I,5,1,-3.2,101.3,-324.0,-3.37,89.1,-301.0
F05V3_372383_h2,F05,V,2,1,-3.23,100.8,-325.0,-3.82,63.9,-244.0
F05V4_2271068_h5,F05,V,5,-1,-3.27,99.5,-325.0,-3.48,31.0,-108.0
F05V3_307571_h15,F05,V,15,1,-2.91,112.3,-326.0,-3.07,38.0,-117.0
F15V4_2273622_h5,F15,V,5,1,-3.2,101.8,-326.0,-3.03,55.0,-166.0
F05I3_59906_h2,F05,I,2,1,-3.26,100.2,-327.0,-3.28,51.6,-169.0
F15V4_13436928_h5,F15,V,5,1,-3.26,100.5,-327.0,-3.61,51.0,-184.0
F05V3_189216_h15,F05,V,15,1,-2.93,112.0,-328.0,-3.76,87.3,-328.0
F15V4_186624_h5,F15,V,5,1,-3.08,106.4,-328.0,-3.4,52.8,-179.0
F05I3_59906_h5,F05,I,5,1,-3.27,100.2,-328.0,-3.55,51.6,-183.0
F05V4_11163305_h5,F05,V,5,-1,-2.85,115.4,-329.0,-4.26,187.1,-797.0
F05V3_372383_h5,F05,V,5,1,-3.26,100.8,-329.0,-2.66,63.9,-170.0
F05V3_373241_h5,F05,V,5,1,-3.31,99.6,-330.0,-2.81,152.3,-429.0
F05I3_13828_h15,F05,I,15,1,-3.27,100.6,-330.0,-1.83,55.5,-102.0
F15V4_11163269_h15,F15,V,15,-1,-3.08,107.6,-331.0,-5.45,161.9,-882.0
F15V4_10976645_h5,F15,V,5,-1,-2.79,119.0,-332.0,-4.07,184.9,-752.0
F05V3_89369_h5,F05,V,5,1,-2.62,126.5,-332.0,-3.63,43.7,-159.0
F15I3_4608_h30,F15,I,30,1,-2.47,135.1,-333.0,-0.61,52.2,-32.0
F05I4_196_h5,F05,I,5,1,-3.19,104.4,-333.0,-3.33,41.1,-137.0
F05V3_341705_h2,F05,V,2,-1,-2.96,112.7,-333.0,-3.69,173.9,-642.0
F05V3_474_h5,F05,V,5,1,-3.05,109.7,-334.0,-3.49,70.7,-247.0
F15V4_2592_h5,F15,V,5,1,-3.19,104.8,-334.0,-3.42,52.0,-178.0
F05V4_2271068_h2,F05,V,2,-1,-3.36,99.5,-334.0,-3.24,31.0,-100.0
F05V4_2239488_h15,F05,V,15,1,-2.79,120.0,-334.0,-1.33,68.9,-92.0
F05V3_120947_h5,F05,V,5,1,-3.08,109.9,-339.0,-3.11,41.4,-129.0
F05V4_26873819_h2,F05,V,2,-1,-2.88,117.8,-340.0,-2.87,212.5,-610.0
F05V3_31556_h15,F05,V,15,1,-2.79,121.6,-340.0,-2.81,145.6,-410.0
F05I3_70564_h5,F05,I,5,-1,-3.08,111.0,-341.0,-3.79,48.1,-182.0
F05I3_87748_h15,F05,I,15,1,-3.25,104.9,-341.0,-3.57,92.1,-329.0
F05V4_2271068_h15,F05,V,15,1,-3.43,99.5,-341.0,-4.24,31.0,-131.0
F05V4_13436891_h2,F05,V,2,-1,-2.84,120.1,-341.0,-4.31,214.6,-926.0
F15V4_24413573_h5,F15,V,5,-1,-2.93,116.8,-342.0,-4.19,175.1,-734.0
F05V3_276869_h2,F05,V,2,1,-3.16,108.2,-342.0,-3.42,64.8,-222.0
F05I3_13828_h5,F05,I,5,1,-3.41,100.6,-343.0,-3.01,55.5,-167.0
F15V3_184031_h30,F15,V,30,1,-2.96,116.0,-343.0,-2.61,195.6,-511.0
F05I3_78336_h2,F05,I,2,1,-3.39,101.3,-343.0,-3.68,89.1,-328.0
F05I3_30_h5,F05,I,5,1,-3.15,109.3,-344.0,-3.28,49.0,-161.0
F05I4_196_h2,F05,I,2,1,-3.31,104.4,-345.0,-3.59,41.1,-148.0
F05V3_50_h2,F05,V,2,1,-3.29,105.1,-345.0,-3.53,115.0,-406.0
F05I3_98_h15,F05,I,15,1,-2.84,121.5,-345.0,-2.15,70.2,-151.0
F05V4_13436891_h5,F05,V,5,-1,-2.88,120.1,-346.0,-4.16,214.6,-894.0
F05I3_44609_h2,F05,I,2,1,-2.97,116.5,-346.0,-3.1,177.9,-552.0
F05V3_50_h5,F05,V,5,1,-3.3,105.1,-347.0,-3.4,115.0,-390.0
F05V3_373205_h5,F05,V,5,-1,-2.78,125.4,-348.0,-3.24,190.3,-617.0
F05I3_13828_h2,F05,I,2,-1,-3.47,100.6,-349.0,-3.5,55.5,-194.0
SEQ_0->0_h30,1m-seq,S,30,1,-2.36,148.4,-350.0,-1.23,42.4,-52.0
F05I4_456390_h2,F05,I,2,1,-3.21,109.5,-351.0,-2.75,55.9,-154.0
F05V3_369791_h5,F05,V,5,1,-3.12,112.5,-351.0,-4.21,76.4,-321.0
F05V3_369791_h2,F05,V,2,1,-3.12,112.5,-351.0,-3.38,76.4,-258.0
F05V3_183995_h5,F05,V,5,1,-2.78,126.5,-352.0,-1.68,217.7,-366.0
F05I3_222_h5,F05,I,5,1,-3.19,110.7,-353.0,-3.31,52.0,-172.0
F05I3_288_h15,F05,I,15,1,-2.73,129.9,-354.0,-1.94,66.1,-128.0
F05V4_2271174_h5,F05,V,5,1,-3.43,103.6,-355.0,-2.73,35.3,-97.0
F05I4_4_h15,F05,I,15,1,-2.98,119.0,-355.0,-2.24,46.1,-103.0
F15V3_184031_h5,F15,V,5,-1,-3.06,116.0,-355.0,-4.19,195.6,-819.0
F05I3_4634_h15,F05,I,15,1,-3.16,112.5,-355.0,-3.96,57.9,-229.0
F05I3_222_h15,F05,I,15,1,-3.23,110.7,-357.0,-3.02,52.0,-157.0
F05V3_120947_h2,F05,V,2,1,-3.25,109.9,-358.0,-3.08,41.4,-127.0
F05I3_70564_h2,F05,I,2,-1,-3.22,111.0,-358.0,-3.38,48.1,-162.0
F05V4_13250303_h15,F05,V,15,-1,-2.13,168.6,-359.0,-5.61,289.0,-1622.0
F05V3_310163_h5,F05,V,5,1,-3.32,108.4,-359.0,-4.01,34.8,-139.0
F05V4_2271174_h2,F05,V,2,1,-3.48,103.6,-360.0,-3.19,35.3,-113.0
F15I3_69342_h30,F15,I,30,1,-2.95,121.9,-360.0,-2.6,45.9,-119.0
F15I3_96_h30,F15,I,30,1,-2.77,129.8,-360.0,-1.07,51.7,-55.0
F05I4_4_h5,F05,I,5,1,-3.03,119.0,-361.0,-3.13,46.1,-144.0
F05I3_87748_h5,F05,I,5,1,-3.44,104.9,-361.0,-3.35,92.2,-309.0
F05V3_42_h2,F05,V,2,1,-3.3,109.8,-362.0,-3.26,66.7,-218.0
F05I3_222_h2,F05,I,2,1,-3.27,110.7,-362.0,-3.33,52.0,-173.0
F05I3_87748_h2,F05,I,2,-1,-3.45,104.9,-362.0,-3.52,92.2,-324.0
SEQ_8126->8126_h15,1m-seq,S,15,1,-3.07,117.9,-362.0,-2.38,41.1,-98.0
F15I3_10686_h30,F15,I,30,1,-2.93,123.5,-362.0,-2.33,44.9,-105.0
F05V3_152441_h15,F05,V,15,1,-2.98,121.9,-363.0,-4.5,76.0,-342.0
F05V3_42_h5,F05,V,5,1,-3.31,109.8,-363.0,-3.27,66.7,-218.0
F05I3_98_h5,F05,I,5,1,-2.99,121.5,-363.0,-2.64,70.2,-185.0
F05V3_307571_h5,F05,V,5,1,-3.24,112.3,-364.0,-3.05,38.0,-116.0
F05V3_474_h2,F05,V,2,1,-3.33,109.7,-365.0,-3.36,70.7,-237.0
F05I3_30_h2,F05,I,2,1,-3.34,109.3,-365.0,-3.25,49.0,-159.0
F05V4_2271024_h2,F05,V,2,1,-3.46,106.3,-368.0,-3.18,64.6,-205.0
F15V4_2271066_h5,F15,V,5,1,-3.37,109.4,-368.0,-3.09,57.0,-176.0
F05V3_432_h15,F05,V,15,1,-2.56,144.3,-369.0,-1.73,90.6,-157.0
F05I3_9504_h15,F05,I,15,1,-3.19,116.0,-370.0,-2.62,59.0,-154.0
F05V3_2628_h5,F05,V,5,1,-3.2,115.5,-370.0,-3.66,87.8,-321.0
F15V4_11163269_h5,F15,V,5,1,-3.44,107.6,-370.0,-2.08,161.9,-337.0
F15V3_373211_h15,F15,V,15,1,-3.26,113.8,-371.0,-3.14,198.0,-621.0
F15V3_184031_h15,F15,V,15,-1,-3.2,116.0,-371.0,-3.97,195.6,-777.0
F15I4_0_h5,F15,I,5,1,-2.93,126.6,-371.0,-3.24,38.3,-124.0
F05I3_70564_h15,F05,I,15,-1,-3.35,111.0,-372.0,-4.24,48.1,-204.0
F05V4_26684639_h2,F05,V,2,-1,-3.01,123.6,-372.0,-4.01,218.9,-877.0
F05I4_26_h5,F05,I,5,1,-3.23,115.5,-373.0,-3.26,43.4,-141.0
F05I4_26_h2,F05,I,2,1,-3.24,115.5,-374.0,-3.41,43.4,-148.0
F05V3_90245_h5,F05,V,5,1,-3.3,113.3,-374.0,-3.29,71.8,-236.0
F15I3_4608_h15,F15,I,15,1,-2.78,135.1,-375.0,-1.6,52.2,-84.0
F05I3_110591_h15,F05,I,15,-1,-3.05,122.9,-375.0,-5.2,175.1,-911.0
F05I3_15268_h2,F05,I,2,-1,-3.25,116.1,-377.0,-3.7,60.5,-224.0
F15I3_26_h30,F15,I,30,1,-2.92,129.4,-377.0,-2.96,50.4,-149.0
F05V3_373205_h2,F05,V,2,-1,-3.02,125.4,-378.0,-3.36,190.3,-640.0
F05I3_4634_h5,F05,I,5,1,-3.37,112.5,-379.0,-2.67,57.9,-155.0
F05V3_152441_h5,F05,V,5,1,-3.11,121.9,-379.0,-3.18,76.0,-242.0
F05V3_2628_h2,F05,V,2,1,-3.28,115.5,-379.0,-3.47,87.8,-304.0
F05V3_307571_h2,F05,V,2,1,-3.38,112.3,-379.0,-3.51,38.0,-133.0
F05V3_152441_h2,F05,V,2,1,-3.12,121.9,-380.0,-2.96,76.0,-225.0
F05V4_26684639_h5,F05,V,5,-1,-3.08,123.6,-381.0,-4.07,218.9,-890.0
F05I3_99905_h15,F05,I,15,-1,-2.29,166.1,-381.0,-4.3,234.2,-1008.0
F15I3_96_h15,F15,I,15,1,-2.94,129.8,-382.0,-1.98,51.7,-102.0
F05I3_44609_h15,F05,I,15,-1,-3.28,116.5,-382.0,-5.35,177.9,-952.0
SEQ_0->0_h15,1m-seq,S,15,1,-2.57,148.4,-382.0,-2.9,42.4,-123.0
F05I4_4_h2,F05,I,2,1,-3.21,119.0,-382.0,-3.41,46.1,-157.0
F15I3_9412_h30,F15,I,30,1,-2.41,159.5,-384.0,-1.54,70.1,-108.0
F05I3_4634_h2,F05,I,2,1,-3.42,112.5,-384.0,-3.24,57.9,-187.0
F05V3_183995_h15,F05,V,15,1,-3.04,126.5,-385.0,-0.78,217.7,-169.0
F05V3_152495_h15,F05,V,15,-1,-3.08,125.1,-386.0,-7.93,190.1,-1507.0
F05V4_2271032_h15,F05,V,15,1,-3.24,119.4,-387.0,-1.89,39.6,-75.0
F05I3_15268_h5,F05,I,5,-1,-3.34,116.1,-388.0,-3.7,60.5,-223.0
F05I3_9504_h5,F05,I,5,1,-3.35,116.0,-389.0,-3.21,59.0,-189.0
F05I3_100001_h2,F05,I,2,1,-3.36,115.6,-389.0,-2.76,175.7,-485.0
F05I3_44609_h5,F05,I,5,-1,-3.35,116.5,-390.0,-3.92,177.9,-697.0
F05I4_26_h15,F05,I,15,1,-3.38,115.5,-390.0,-3.4,43.4,-147.0
F05V3_152927_h5,F05,V,5,1,-3.07,127.1,-390.0,-3.13,193.4,-605.0
F05V3_124415_h15,F05,V,15,1,-3.01,129.8,-391.0,-3.75,90.7,-340.0
F05I3_64708_h15,F05,I,15,1,-3.23,121.1,-391.0,-2.3,61.3,-141.0
F15I3_26_h15,F15,I,15,1,-3.03,129.4,-392.0,-3.68,50.4,-185.0
F05I3_98_h2,F05,I,2,1,-3.22,121.5,-392.0,-2.98,70.2,-209.0
F15V3_373211_h5,F15,V,5,-1,-3.45,113.8,-392.0,-3.55,198.0,-702.0
F15V3_220758_h5,F15,V,5,-1,-3.12,126.0,-393.0,-3.59,80.9,-291.0
F15I3_69342_h15,F15,I,15,1,-3.24,121.9,-394.0,-3.48,45.9,-160.0
F05I3_15268_h15,F05,I,15,1,-3.4,116.1,-395.0,-2.73,60.5,-165.0
F05I3_10656_h15,F05,I,15,-1,-3.4,116.1,-395.0,-3.12,50.9,-159.0
F15I3_96_h5,F15,I,5,1,-3.05,129.8,-396.0,-3.18,51.7,-164.0
F05V4_11163305_h2,F05,V,2,-1,-3.43,115.4,-396.0,-3.8,187.1,-711.0
F05V3_123539_h5,F05,V,5,1,-3.04,130.1,-396.0,-3.02,44.7,-135.0
F15V3_339113_h5,F15,V,5,-1,-3.5,114.2,-399.0,-5.16,169.9,-877.0
F05I3_9504_h2,F05,I,2,1,-3.44,116.0,-399.0,-3.58,59.0,-211.0
F05I3_10656_h2,F05,I,2,1,-3.44,116.1,-400.0,-3.7,50.9,-188.0
F05V3_152927_h2,F05,V,2,1,-3.15,127.1,-400.0,-3.6,193.4,-697.0
F05I3_100001_h5,F05,I,5,-1,-3.46,115.6,-400.0,-4.73,175.7,-831.0
F05V4_2239488_h5,F05,V,5,1,-3.33,120.0,-400.0,-2.77,68.9,-191.0
F05I3_10656_h5,F05,I,5,1,-3.47,116.1,-403.0,-3.56,50.9,-181.0
F05I3_288_h5,F05,I,5,1,-3.11,129.9,-403.0,-2.87,66.1,-190.0
F05V4_26871263_h5,F05,V,5,-1,-2.45,164.5,-403.0,-3.39,291.6,-989.0
F15I3_69316_h30,F15,I,30,1,-3.22,125.5,-404.0,-3.1,53.9,-167.0
F15V3_341669_h5,F15,V,5,-1,-3.09,131.3,-405.0,-4.56,194.4,-886.0
F05V4_24413609_h5,F05,V,5,-1,-3.02,134.8,-407.0,-3.82,216.7,-827.0
F05V3_372773_h15,F05,V,15,-1,-3.08,132.4,-407.0,-3.62,199.9,-723.0
F05I3_110591_h2,F05,I,2,1,-3.31,122.9,-407.0,-3.92,175.1,-687.0
F05V3_372773_h2,F05,V,2,1,-3.08,132.4,-408.0,-4.1,199.9,-820.0
F05I4_511684_h5,F05,I,5,-1,-3.44,118.8,-409.0,-3.27,47.6,-156.0
F05V3_183995_h2,F05,V,2,1,-3.24,126.5,-409.0,-1.92,217.7,-419.0
F05V3_31556_h2,F05,V,2,-1,-3.37,121.6,-410.0,-3.51,145.6,-511.0
F05I4_511684_h15,F05,I,15,1,-3.45,118.8,-410.0,-3.53,47.6,-168.0
F05V3_89369_h2,F05,V,2,1,-3.25,126.5,-411.0,-3.66,43.7,-160.0
F05I3_50687_h5,F05,I,5,-1,-2.81,146.3,-412.0,-3.86,219.1,-845.0
F05I3_110591_h5,F05,I,5,1,-3.36,122.9,-413.0,-3.4,175.1,-596.0
F05I4_511684_h2,F05,I,2,-1,-3.47,118.8,-413.0,-3.34,47.6,-159.0
F05I3_64708_h2,F05,I,2,-1,-3.42,121.1,-414.0,-3.46,61.3,-212.0
F05V4_2271032_h2,F05,V,2,-1,-3.47,119.4,-414.0,-3.86,39.6,-153.0
F15V3_220758_h30,F15,V,30,1,-3.29,126.0,-415.0,-2.79,80.9,-226.0
F15I3_26_h5,F15,I,5,1,-3.21,129.4,-415.0,-3.34,50.4,-168.0
F15V3_34170_h30,F15,V,30,1,-2.7,153.7,-415.0,-2.2,92.2,-202.0
F05V4_2239488_h2,F05,V,2,1,-3.47,120.0,-416.0,-3.34,68.9,-230.0
F05V3_2736_h15,F05,V,15,1,-3.02,137.5,-416.0,-4.43,49.1,-218.0
F05V4_2271032_h5,F05,V,5,1,-3.49,119.4,-417.0,-2.24,39.6,-89.0
F05V3_124415_h5,F05,V,5,1,-3.22,129.8,-417.0,-3.82,90.7,-347.0
F05V4_438_h15,F05,V,15,1,-2.7,154.4,-417.0,-2.16,88.9,-192.0
F15V3_152489_h15,F15,V,15,1,-3.02,138.6,-418.0,-1.61,208.7,-336.0
F15I3_69316_h15,F15,I,15,1,-3.33,125.5,-418.0,-3.35,53.9,-181.0
F05I3_64708_h5,F05,I,5,1,-3.45,121.1,-418.0,-3.21,61.3,-197.0
F05I3_4704_h15,F05,I,15,1,-2.86,147.0,-420.0,-2.17,83.8,-182.0
F15I3_10686_h15,F15,I,15,1,-3.4,123.5,-420.0,-3.16,44.9,-142.0
F05V3_152495_h2,F05,V,2,1,-3.36,125.1,-420.0,-2.33,190.1,-443.0
F05V3_372773_h5,F05,V,5,1,-3.18,132.4,-421.0,-3.8,199.9,-759.0
F05V3_196992_h15,F05,V,15,1,-3.05,138.5,-422.0,-3.64,50.5,-183.0
F05I4_672964_h15,F05,I,15,1,-3.19,132.9,-424.0,-1.59,62.4,-99.0
F05I3_384_h15,F05,I,15,1,-2.43,174.4,-424.0,-2.97,136.8,-407.0
F05V3_123539_h2,F05,V,2,1,-3.26,130.1,-424.0,-3.49,44.7,-156.0
F15I3_69342_h5,F15,I,5,-1,-3.48,121.9,-424.0,-3.38,45.9,-155.0
F05V3_432_h5,F05,V,5,1,-2.96,144.3,-427.0,-2.73,90.6,-248.0
F05I4_2_h15,F05,I,15,1,-2.55,167.7,-428.0,-2.92,68.5,-200.0
F15I3_69316_h5,F15,I,5,-1,-3.43,125.5,-430.0,-3.5,53.9,-188.0
F05I3_109343_h2,F05,I,2,-1,-3.33,129.1,-430.0,-3.73,201.9,-752.0
F05V3_1008_h15,F05,V,15,1,-2.65,162.3,-430.0,-3.33,161.8,-539.0
F05V4_11165861_h15,F05,V,15,-1,-3.15,137.0,-431.0,-5.75,216.7,-1245.0
F05I3_69120_h15,F05,I,15,1,-3.25,132.9,-431.0,-3.5,54.4,-191.0
F15I3_10686_h5,F15,I,5,-1,-3.49,123.5,-431.0,-3.77,44.9,-169.0
F05V4_6_h15,F05,V,15,1,-2.49,173.5,-433.0,-1.33,100.0,-133.0
F15V3_220758_h15,F15,V,15,-1,-3.44,126.0,-433.0,-3.92,80.9,-317.0
F05I3_109343_h5,F05,I,5,1,-3.35,129.1,-433.0,-3.03,201.9,-612.0
F05I3_288_h2,F05,I,2,1,-3.34,129.9,-434.0,-3.18,66.1,-210.0
F05V4_10976681_h2,F05,V,2,1,-3.02,144.1,-436.0,-2.32,241.1,-560.0
F05I3_13824_h15,F05,I,15,1,-3.28,133.2,-437.0,-2.52,64.7,-163.0
F05I3_11044_h15,F05,I,15,1,-3.37,130.0,-438.0,-3.19,109.9,-351.0
F05I4_672964_h2,F05,I,2,-1,-3.3,132.9,-439.0,-3.83,62.4,-239.0
F05V4_11165861_h5,F05,V,5,-1,-3.2,137.0,-439.0,-3.66,216.7,-793.0
F05V3_31110_h15,F05,V,15,1,-3.14,140.1,-440.0,-1.71,91.2,-156.0
F05V4_10976681_h15,F05,V,15,-1,-3.06,144.1,-441.0,-5.88,241.1,-1419.0
F05I4_453028_h15,F05,I,15,1,-3.37,131.1,-441.0,-3.12,51.5,-161.0
F05V4_10979237_h15,F05,V,15,-1,-2.18,202.5,-442.0,-5.68,329.5,-1871.0
F15I3_4608_h5,F15,I,5,1,-3.28,135.1,-443.0,-2.93,52.2,-153.0
F05I4_451782_h15,F05,I,15,1,-2.97,149.5,-444.0,-1.1,68.1,-75.0
F05V4_13434335_h15,F05,V,15,-1,-2.86,155.5,-446.0,-3.43,265.9,-912.0
F05I3_11044_h2,F05,I,2,-1,-3.44,130.0,-447.0,-3.7,109.9,-407.0
F05I3_6_h15,F05,I,15,1,-2.7,165.7,-448.0,-1.53,86.7,-132.0
F05V3_196992_h5,F05,V,5,1,-3.25,138.5,-449.0,-3.47,50.5,-175.0
F15I3_9412_h15,F15,I,15,1,-2.81,159.5,-449.0,-2.12,70.1,-149.0
F15V3_218202_h30,F15,V,30,1,-2.91,154.3,-449.0,-1.93,94.7,-183.0
F05V3_373211_h15,F05,V,15,-1,-1.59,282.5,-450.0,-4.55,477.7,-2175.0
F05I4_451806_h15,F05,I,15,1,-3.32,135.4,-450.0,-2.72,51.5,-140.0
F05I3_69120_h5,F05,I,5,1,-3.39,132.9,-451.0,-3.78,54.4,-206.0
F15V4_2271030_h5,F15,V,5,1,-2.75,164.1,-452.0,-1.93,83.0,-160.0
F05V3_38_h15,F05,V,15,1,-3.13,144.3,-452.0,-3.25,48.7,-159.0
F05I4_453028_h2,F05,I,2,1,-3.45,131.1,-452.0,-3.63,51.5,-187.0
F05V4_24413609_h2,F05,V,2,1,-3.37,134.8,-454.0,-3.78,216.7,-819.0
F05I4_672964_h5,F05,I,5,-1,-3.42,132.9,-455.0,-4.47,62.4,-279.0
F15V3_370655_h15,F15,V,15,-1,-2.71,168.3,-456.0,-4.9,271.3,-1330.0
F05I3_8_h15,F05,I,15,1,-2.42,188.6,-456.0,-2.57,145.5,-374.0
F05I4_453028_h5,F05,I,5,-1,-3.48,131.1,-456.0,-3.73,51.5,-192.0
F05V4_31542_h15,F05,V,15,1,-2.59,176.7,-457.0,-1.71,104.7,-179.0
F05V4_10368_h5,F05,V,5,1,-3.24,141.2,-457.0,-3.34,40.9,-136.0
F05I3_13824_h5,F05,I,5,1,-3.43,133.2,-457.0,-3.8,64.7,-246.0
F05V3_2736_h5,F05,V,5,1,-3.34,137.5,-459.0,-4.06,49.1,-200.0
F05I3_10564_h5,F05,I,5,1,-3.43,133.9,-460.0,-3.21,67.1,-215.0
F05V3_2736_h2,F05,V,2,1,-3.35,137.5,-461.0,-3.64,49.1,-179.0
F05V4_144_h5,F05,V,5,1,-3.34,138.3,-461.0,-3.44,39.0,-135.0
F05I3_198_h15,F05,I,15,1,-2.96,155.8,-462.0,-2.07,85.0,-176.0
F05V4_11165861_h2,F05,V,2,1,-3.37,137.0,-462.0,-3.41,216.7,-739.0
F05V4_10976681_h5,F05,V,5,1,-3.21,144.1,-462.0,-1.84,241.1,-444.0
F05I4_451806_h5,F05,I,5,-1,-3.42,135.4,-464.0,-3.66,51.5,-188.0
F15V3_152489_h5,F15,V,5,-1,-3.35,138.6,-464.0,-4.21,208.7,-879.0
F15I3_10660_h30,F15,I,30,1,-2.95,157.5,-465.0,-2.19,65.7,-144.0
F05I3_10564_h2,F05,I,2,1,-3.48,133.9,-466.0,-3.49,67.1,-234.0
F05V4_24416165_h15,F05,V,15,-1,-2.76,168.9,-466.0,-5.53,265.2,-1466.0
F05I3_4704_h5,F05,I,5,1,-3.17,147.0,-467.0,-2.53,83.8,-212.0
F05I3_41249_h15,F05,I,15,-1,-3.1,150.6,-467.0,-3.95,215.2,-850.0
F05I4_451806_h2,F05,I,2,-1,-3.45,135.4,-468.0,-3.61,51.5,-186.0
F05V4_144_h2,F05,V,2,1,-3.4,138.3,-470.0,-3.17,39.0,-124.0
F05I4_451876_h15,F05,I,15,1,-2.8,167.8,-470.0,-2.46,77.3,-190.0
F05V3_38_h5,F05,V,5,1,-3.27,144.3,-471.0,-3.32,48.7,-162.0
F05V4_438_h5,F05,V,5,1,-3.06,154.4,-472.0,-3.05,88.9,-271.0
F05V3_432_h2,F05,V,2,1,-3.28,144.3,-473.0,-3.25,90.6,-295.0
F05V4_26871263_h2,F05,V,2,-1,-2.87,164.5,-473.0,-3.56,291.6,-1038.0
F05I3_50687_h2,F05,I,2,-1,-3.24,146.3,-474.0,-3.75,219.1,-822.0
F05I3_69412_h5,F05,I,5,-1,-3.27,145.6,-476.0,-3.32,73.1,-242.0
F05V4_10368_h15,F05,V,15,1,-3.37,141.2,-477.0,-2.91,40.9,-119.0
F05V4_10368_h2,F05,V,2,1,-3.38,141.2,-477.0,-3.29,40.9,-135.0
F05I3_198_h5,F05,I,5,1,-3.07,155.8,-478.0,-2.52,85.0,-214.0
F05V3_1008_h5,F05,V,5,1,-2.95,162.3,-478.0,-3.22,161.8,-521.0
F05V4_746496_h15,F05,V,15,1,-3.18,150.5,-479.0,-3.64,42.5,-155.0
F05V4_746496_h5,F05,V,5,1,-3.18,150.5,-479.0,-3.82,42.5,-163.0
F05V4_144_h15,F05,V,15,-1,-3.49,138.3,-482.0,-3.88,39.0,-152.0
F05V3_14_h15,F05,V,15,1,-2.41,201.0,-484.0,-3.14,188.2,-590.0
F05I3_69412_h2,F05,I,2,-1,-3.33,145.6,-485.0,-3.17,73.1,-232.0
F05I3_40001_h5,F05,I,5,-1,-3.1,156.6,-486.0,-3.68,226.4,-832.0
F05V3_38_h2,F05,V,2,1,-3.39,144.3,-488.0,-3.16,48.7,-154.0
F05V3_35142_h5,F05,V,5,-1,-3.33,147.0,-490.0,-3.67,147.0,-540.0
F05I4_1248_h2,F05,I,2,1,-3.32,148.3,-492.0,-3.4,53.8,-183.0
F05I3_9436_h15,F05,I,15,1,-3.42,143.8,-492.0,-3.09,69.6,-215.0
F05V4_6_h5,F05,V,5,1,-2.84,173.5,-493.0,-2.65,100.0,-265.0
F05V4_438_h2,F05,V,2,1,-3.2,154.4,-494.0,-3.45,88.9,-307.0
F05V4_2_h5,F05,V,5,1,-3.31,149.3,-494.0,-3.13,41.8,-131.0
F05V4_2_h15,F05,V,15,1,-3.32,149.3,-495.0,-2.46,41.7,-103.0
F05I3_4704_h2,F05,I,2,1,-3.39,147.0,-498.0,-3.08,83.8,-258.0
F05V3_35142_h2,F05,V,2,-1,-3.39,147.0,-498.0,-3.62,147.0,-532.0
F05V4_26873855_h15,F05,V,15,-1,-2.33,214.8,-501.0,-5.1,358.4,-1829.0
F05V4_26873855_h5,F05,V,5,-1,-2.33,214.8,-501.0,-3.4,358.4,-1218.0
F05I3_41249_h5,F05,I,5,-1,-3.34,150.6,-503.0,-3.73,215.2,-803.0
F15V3_34170_h15,F15,V,15,1,-3.28,153.7,-504.0,-2.69,92.2,-248.0
F05I3_198_h2,F05,I,2,1,-3.24,155.8,-504.0,-3.32,85.0,-282.0
F05I4_456388_h15,F05,I,15,1,-3.04,165.5,-504.0,-2.04,77.0,-157.0
F15V4_0_h15,F15,V,15,1,-2.14,236.0,-505.0,-0.77,109.2,-84.0
F05V3_220758_h5,F05,V,5,-1,-3.25,155.7,-506.0,-3.36,111.7,-376.0
F05V4_746496_h2,F05,V,2,1,-3.36,150.5,-506.0,-3.64,42.5,-155.0
F05I4_1248_h5,F05,I,5,1,-3.42,148.3,-507.0,-2.89,53.8,-155.0
F15I3_1248_h30,F15,I,30,1,-3.06,165.9,-508.0,-3.37,61.5,-207.0
F05I4_451782_h5,F05,I,5,1,-3.4,149.5,-508.0,-2.53,68.1,-172.0
F05I4_451782_h2,F05,I,2,1,-3.42,149.5,-511.0,-3.2,68.1,-218.0
F15V3_370655_h30,F15,V,30,-1,-3.03,168.3,-511.0,-5.8,271.3,-1574.0
F05I4_2_h5,F05,I,5,1,-3.05,167.7,-511.0,-3.02,68.5,-207.0
F05V4_13250303_h5,F05,V,5,-1,-3.04,168.6,-512.0,-4.8,289.0,-1387.0
F05V4_26687231_h5,F05,V,5,-1,-2.52,203.1,-512.0,-3.47,346.7,-1202.0
F05I3_6_h5,F05,I,5,1,-3.1,165.7,-513.0,-2.89,86.7,-251.0
F05I4_1248_h15,F05,I,15,1,-3.47,148.3,-514.0,-2.65,53.8,-142.0
F05V3_1008_h2,F05,V,2,1,-3.18,162.3,-515.0,-3.13,161.8,-506.0
F05V4_2_h2,F05,V,2,1,-3.45,149.3,-515.0,-2.98,41.8,-124.0
F05V3_220758_h2,F05,V,2,-1,-3.31,155.7,-515.0,-3.31,111.7,-370.0
F05V3_290742_h2,F05,V,2,-1,-3.36,153.3,-515.0,-3.34,155.6,-520.0
F05V4_13434335_h2,F05,V,2,-1,-3.32,155.5,-516.0,-3.61,265.9,-960.0
F05I3_41249_h2,F05,I,2,1,-3.44,150.6,-518.0,-3.01,215.2,-648.0
F05I3_4610_h5,F05,I,5,1,-3.21,162.0,-520.0,-3.64,90.6,-330.0
F05I3_4610_h15,F05,I,15,1,-3.21,162.0,-520.0,-3.87,90.6,-351.0
F05V3_370619_h15,F05,V,15,-1,-2.64,197.5,-521.0,-4.83,336.1,-1625.0
F05I3_384_h5,F05,I,5,1,-2.99,174.4,-522.0,-3.15,136.8,-431.0
F05V4_13434335_h5,F05,V,5,-1,-3.36,155.5,-523.0,-3.61,265.9,-959.0
F15V3_218202_h15,F15,V,15,1,-3.39,154.3,-523.0,-2.71,94.7,-257.0
F05I3_14116_h15,F05,I,15,1,-2.84,184.1,-524.0,-1.89,110.4,-208.0
F15I3_9438_h30,F15,I,30,1,-3.07,170.9,-525.0,-2.67,67.8,-181.0
F05I4_2875392_h15,F05,I,15,1,-3.31,158.4,-525.0,-4.01,56.4,-226.0
F15I3_1248_h15,F15,I,15,1,-3.18,165.9,-528.0,-3.55,61.5,-218.0
F05I3_40001_h15,F05,I,15,1,-3.37,156.6,-528.0,-1.25,226.4,-282.0
F15V3_218202_h5,F15,V,5,-1,-3.43,154.3,-529.0,-3.78,94.7,-358.0
F05V4_31542_h5,F05,V,5,1,-2.99,176.7,-529.0,-2.67,104.7,-280.0
F15I3_9412_h5,F15,I,5,1,-3.32,159.5,-529.0,-2.53,70.1,-178.0
F15I3_10660_h15,F15,I,15,1,-3.36,157.5,-530.0,-3.12,65.7,-205.0
F05I3_69342_h15,F05,I,15,1,-3.3,160.9,-531.0,-4.0,69.1,-276.0
F05I3_99905_h5,F05,I,5,-1,-3.21,166.1,-533.0,-3.88,234.2,-910.0
F05I4_2_h2,F05,I,2,1,-3.18,167.7,-533.0,-3.17,68.5,-217.0
F05I3_99905_h2,F05,I,2,-1,-3.21,166.1,-533.0,-3.72,234.2,-872.0
F05I3_69342_h2,F05,I,2,-1,-3.32,160.9,-534.0,-3.55,69.1,-245.0
F15V3_370655_h5,F15,V,5,-1,-3.18,168.3,-535.0,-3.53,271.3,-957.0
F15V3_373247_h30,F15,V,30,-1,-2.47,217.0,-535.0,-6.7,336.0,-2252.0
F05V4_13250303_h2,F05,V,2,-1,-3.18,168.6,-537.0,-4.38,289.0,-1265.0
F05V4_13436927_h15,F05,V,15,-1,-2.39,224.5,-537.0,-5.3,376.5,-1997.0
F05I3_6_h2,F05,I,2,1,-3.24,165.7,-537.0,-3.18,86.7,-276.0
F15V3_34170_h5,F15,V,5,-1,-3.5,153.7,-538.0,-3.86,92.2,-356.0
F15V3_339077_h30,F15,V,30,-1,-2.21,243.3,-538.0,-6.9,336.0,-2319.0
F05I3_40001_h2,F05,I,2,1,-3.44,156.6,-539.0,-3.26,226.4,-738.0
F05I4_59904_h5,F05,I,5,1,-3.32,163.9,-543.0,-2.85,60.5,-172.0
F05I3_384_h2,F05,I,2,1,-3.13,174.4,-546.0,-3.15,136.8,-430.0
F05I3_69342_h5,F05,I,5,-1,-3.4,160.9,-546.0,-3.47,69.1,-240.0
F15I3_1248_h5,F15,I,5,1,-3.29,165.9,-546.0,-3.25,61.5,-200.0
F05I4_451876_h5,F05,I,5,1,-3.26,167.8,-547.0,-3.27,77.3,-253.0
F15I3_10660_h5,F15,I,5,1,-3.47,157.5,-547.0,-3.12,65.7,-205.0
F05V4_10976645_h15,F05,V,15,-1,-1.86,294.0,-548.0,-6.26,466.0,-2918.0
F15I3_59904_h30,F15,I,30,1,-3.21,171.4,-550.0,-3.34,62.1,-207.0
F05I4_2875392_h5,F05,I,5,1,-3.47,158.4,-550.0,-3.57,56.4,-202.0
F05I4_2875392_h2,F05,I,2,-1,-3.48,158.4,-551.0,-3.27,56.4,-184.0
F05I4_59904_h2,F05,I,2,1,-3.37,163.9,-552.0,-3.26,60.5,-197.0
F05V4_6_h2,F05,V,2,1,-3.18,173.5,-552.0,-3.23,100.0,-323.0
F05I3_4610_h2,F05,I,2,1,-3.42,162.0,-555.0,-3.56,90.6,-323.0
F05I4_59904_h15,F05,I,15,1,-3.39,163.9,-556.0,-3.0,60.5,-181.0
F05V4_24600197_h15,F05,V,15,-1,-3.0,185.7,-557.0,-5.09,289.0,-1472.0
F05V4_31542_h2,F05,V,2,1,-3.16,176.7,-558.0,-3.12,104.7,-326.0
F05V4_24416165_h5,F05,V,5,-1,-3.31,168.9,-560.0,-4.01,265.2,-1064.0
F15I3_9438_h15,F15,I,15,1,-3.28,170.9,-560.0,-3.15,67.8,-213.0
F15V3_373247_h15,F15,V,15,-1,-2.58,217.0,-561.0,-5.76,340.3,-1960.0
F05V3_72576_h15,F05,V,15,1,-2.91,192.9,-562.0,-3.15,185.0,-583.0
F15I3_59904_h15,F15,I,15,1,-3.29,171.4,-563.0,-3.21,62.1,-199.0
F15V3_155045_h30,F15,V,30,-1,-2.81,201.1,-565.0,-8.69,288.5,-2506.0
F05I3_10686_h5,F05,I,5,-1,-3.38,168.4,-569.0,-3.61,68.4,-247.0
F05I3_10686_h15,F05,I,15,1,-3.38,168.4,-569.0,-3.31,68.4,-226.0
F05I4_451876_h2,F05,I,2,1,-3.39,167.8,-569.0,-3.35,77.3,-259.0
F15V3_36_h30,F15,V,30,1,-2.82,202.3,-570.0,-2.17,114.1,-248.0
F05I3_69318_h2,F05,I,2,-1,-3.32,172.1,-572.0,-3.41,88.4,-301.0
F05V4_26687231_h2,F05,V,2,-1,-2.82,203.1,-572.0,-3.44,346.7,-1191.0
F05V3_72576_h5,F05,V,5,1,-2.99,192.9,-577.0,-3.09,185.0,-571.0
F05I3_9534_h15,F05,I,15,1,-3.3,174.9,-578.0,-2.66,87.1,-232.0
F05I4_456388_h5,F05,I,5,1,-3.49,165.5,-578.0,-3.01,77.0,-232.0
F05I4_456388_h2,F05,I,2,1,-3.49,165.5,-578.0,-3.53,77.0,-272.0
F05V4_24416165_h2,F05,V,2,-1,-3.43,168.9,-579.0,-3.52,265.2,-933.0
F15I3_59904_h5,F15,I,5,1,-3.38,171.4,-579.0,-3.1,62.1,-192.0
F05I3_9510_h15,F05,I,15,1,-2.41,241.3,-581.0,-1.33,143.4,-191.0
F05I3_8_h5,F05,I,5,1,-3.08,188.6,-582.0,-3.03,145.5,-440.0
F05I3_69318_h5,F05,I,5,-1,-3.38,172.1,-582.0,-3.59,88.4,-317.0
F05V3_228534_h2,F05,V,2,-1,-3.31,176.0,-583.0,-3.3,62.9,-207.0
F15I3_9438_h5,F15,I,5,1,-3.41,170.9,-583.0,-3.45,67.8,-234.0
F05V3_228534_h5,F05,V,5,-1,-3.31,176.0,-583.0,-3.63,62.9,-228.0
F05V3_34278_h5,F05,V,5,-1,-3.32,176.4,-585.0,-3.73,61.5,-230.0
F05V3_34278_h2,F05,V,2,-1,-3.34,176.4,-589.0,-3.46,61.5,-213.0
F05V3_14_h5,F05,V,5,1,-2.93,201.0,-589.0,-3.4,188.2,-640.0
F05I3_8_h2,F05,I,2,1,-3.13,188.6,-590.0,-3.07,145.5,-446.0
F15V3_36_h15,F15,V,15,1,-2.92,202.3,-591.0,-3.04,114.1,-347.0
F05I3_18432_h15,F05,I,15,1,-2.84,207.7,-591.0,-2.85,162.9,-464.0
F05I3_9446_h15,F05,I,15,1,-3.25,183.6,-597.0,-3.1,144.6,-448.0
F05V3_218202_h2,F05,V,2,-1,-3.34,178.9,-598.0,-3.39,128.2,-434.0
F05V4_24600197_h5,F05,V,5,-1,-3.22,185.7,-599.0,-4.07,289.0,-1178.0
F05V3_218202_h5,F05,V,5,-1,-3.38,178.9,-605.0,-3.23,128.2,-413.0
F15V3_0_h30,F15,V,30,1,-1.8,336.0,-605.0,-0.62,252.3,-157.0
F05I3_9534_h2,F05,I,2,-1,-3.46,174.9,-605.0,-3.73,87.1,-325.0
F05I3_14116_h5,F05,I,5,1,-3.29,184.1,-606.0,-3.09,110.5,-341.0
F05I4_451780_h15,F05,I,15,1,-2.92,209.0,-611.0,-2.44,89.9,-219.0
F05I3_9446_h5,F05,I,5,1,-3.34,183.6,-614.0,-3.35,144.6,-484.0
F05V3_72576_h2,F05,V,2,1,-3.18,192.9,-614.0,-3.22,185.0,-595.0
F05V3_34170_h5,F05,V,5,-1,-3.33,184.5,-615.0,-3.43,127.0,-436.0
F05V4_10979237_h2,F05,V,2,1,-3.04,202.5,-616.0,-2.51,329.5,-827.0
F05I3_14022_h15,F05,I,15,1,-2.41,256.9,-618.0,-1.15,150.7,-173.0
F05I3_9446_h2,F05,I,2,1,-3.38,183.6,-620.0,-3.36,144.6,-485.0
F05I3_14116_h2,F05,I,2,-1,-3.37,184.1,-620.0,-3.58,110.5,-395.0
F05I3_55296_h15,F05,I,15,1,-3.02,205.4,-621.0,-2.96,98.7,-292.0
F05V3_31536_h15,F05,V,15,1,-2.73,227.6,-621.0,-2.38,149.1,-355.0
F05I3_18432_h5,F05,I,5,1,-3.01,207.7,-625.0,-2.87,162.9,-467.0
F05V3_155081_h15,F05,V,15,-1,-3.06,204.4,-626.0,-5.41,313.3,-1694.0
F05V3_34170_h2,F05,V,2,-1,-3.39,184.5,-626.0,-3.55,127.0,-451.0
F05I3_24_h15,F05,I,15,1,-3.1,202.2,-627.0,-3.08,96.3,-297.0
F15V3_31542_h15,F15,V,15,1,-1.69,370.4,-627.0,-1.15,205.0,-236.0
F15V3_373247_h5,F15,V,5,-1,-2.89,217.0,-628.0,-4.81,340.3,-1636.0
F05I4_96_h15,F05,I,15,1,-2.74,229.6,-629.0,-2.27,93.8,-213.0
F15V3_218166_h30,F15,V,30,1,-2.89,217.8,-630.0,-2.73,127.8,-349.0
F15V3_155045_h15,F15,V,15,-1,-3.15,201.1,-633.0,-6.27,288.5,-1808.0
F05V3_370619_h2,F05,V,2,-1,-3.2,197.5,-633.0,-4.01,336.1,-1347.0
F05V4_13436927_h5,F05,V,5,-1,-2.84,224.5,-637.0,-4.04,376.5,-1520.0
F05V3_339113_h15,F05,V,15,-1,-2.4,264.8,-637.0,-5.26,397.4,-2092.0
F05I3_24_h5,F05,I,5,1,-3.15,202.2,-637.0,-3.19,96.3,-307.0
F15V3_155045_h5,F15,V,5,1,-3.17,201.1,-638.0,-2.29,288.5,-659.0
F15V3_31578_h30,F15,V,30,1,-2.48,257.5,-638.0,-1.48,146.9,-218.0
F15V3_186623_h15,F15,V,15,-1,-3.16,202.3,-639.0,-3.85,318.7,-1226.0
F05V4_24600197_h2,F05,V,2,1,-3.44,185.7,-639.0,-3.4,289.0,-982.0
F15V3_186624_h30,F15,V,30,1,-2.93,218.1,-640.0,-3.11,122.3,-381.0
F15V3_36_h5,F15,V,5,1,-3.17,202.3,-641.0,-3.44,114.1,-392.0
F05I3_10662_h15,F05,I,15,1,-3.37,191.4,-644.0,-3.15,93.1,-294.0
F15V3_2592_h30,F15,V,30,1,-2.88,223.6,-645.0,-2.95,125.0,-369.0
F05I3_24_h2,F05,I,2,1,-3.2,202.2,-647.0,-3.08,96.3,-296.0
F05I3_18432_h2,F05,I,2,1,-3.11,207.7,-647.0,-3.16,162.9,-515.0
F05V3_14_h2,F05,V,2,1,-3.22,201.0,-648.0,-3.33,188.2,-627.0
F15V4_0_h5,F15,V,5,1,-2.75,236.0,-649.0,-2.69,109.2,-294.0
F15V3_186623_h5,F15,V,5,-1,-3.22,202.3,-652.0,-3.85,318.7,-1227.0
F15V3_34134_h30,F15,V,30,1,-2.82,231.5,-654.0,-1.54,135.6,-209.0
F05I3_10662_h5,F05,I,5,-1,-3.44,191.4,-658.0,-3.46,93.2,-323.0
F05I3_10662_h2,F05,I,2,-1,-3.44,191.4,-659.0,-3.47,93.2,-323.0
F05V3_155081_h5,F05,V,5,-1,-3.23,204.4,-660.0,-3.84,313.3,-1204.0
F05I3_14046_h5,F05,I,5,-1,-3.26,203.7,-665.0,-3.53,99.0,-350.0
F05V4_13436928_h15,F05,V,15,1,-2.89,230.3,-666.0,-2.88,145.6,-419.0
F15V3_2592_h15,F15,V,15,1,-2.99,223.6,-668.0,-3.2,125.0,-400.0
F15V3_186624_h15,F15,V,15,1,-3.08,218.1,-672.0,-3.16,122.3,-387.0
F05I4_221184_h15,F05,I,15,1,-2.8,240.5,-674.0,-2.81,95.4,-268.0
F05I3_14046_h15,F05,I,15,-1,-3.32,203.7,-675.0,-4.01,99.0,-397.0
F05V4_36_h15,F05,V,15,1,-2.9,233.1,-676.0,-3.08,145.7,-449.0
F05I3_14046_h2,F05,I,2,-1,-3.33,203.7,-678.0,-3.23,99.0,-320.0
F05I4_451780_h5,F05,I,5,1,-3.24,209.0,-678.0,-3.45,89.9,-310.0
F05I3_1152_h15,F05,I,15,1,-3.09,219.6,-679.0,-2.8,104.2,-291.0
F05V4_186624_h15,F05,V,15,1,-2.86,237.1,-679.0,-2.57,146.6,-377.0
F05I3_55296_h5,F05,I,5,1,-3.31,205.4,-679.0,-3.74,98.7,-369.0
F05V4_26873855_h2,F05,V,2,-1,-3.18,214.8,-683.0,-2.88,358.4,-1031.0
F15V3_218166_h15,F15,V,15,1,-3.17,217.8,-690.0,-3.3,127.8,-421.0
F15V3_186623_h30,F15,V,30,1,-3.42,202.3,-692.0,-2.18,318.7,-695.0
F05I3_1152_h5,F05,I,5,1,-3.15,219.6,-693.0,-2.98,104.2,-310.0
F15V3_2592_h5,F15,V,5,1,-3.11,223.6,-696.0,-3.33,125.0,-417.0
F05I4_96_h5,F05,I,5,1,-3.03,229.6,-697.0,-3.1,93.8,-290.0
F05V4_13436927_h2,F05,V,2,-1,-3.12,224.5,-700.0,-3.49,376.5,-1313.0
F05V4_10979237_h5,F05,V,5,-1,-3.47,202.5,-702.0,-5.27,329.5,-1735.0
F05I3_9510_h5,F05,I,5,1,-2.91,241.3,-702.0,-2.85,143.4,-409.0
F15V3_152453_h15,F15,V,15,-1,-2.65,265.5,-703.0,-5.34,388.3,-2075.0
F05I4_451780_h2,F05,I,2,1,-3.37,209.0,-705.0,-3.06,89.9,-275.0
F05I3_55296_h2,F05,I,2,1,-3.43,205.4,-705.0,-3.46,98.7,-342.0
F05I3_1152_h2,F05,I,2,1,-3.22,219.6,-706.0,-2.98,104.2,-310.0
F05V4_2592_h15,F05,V,15,1,-2.98,237.2,-706.0,-2.78,146.7,-408.0
F05V3_31580_h5,F05,V,5,-1,-3.35,211.1,-706.0,-3.93,70.5,-277.0
F05V3_31580_h2,F05,V,2,-1,-3.35,211.1,-707.0,-3.69,70.5,-260.0
F05V3_31686_h15,F05,V,15,1,-3.19,222.2,-709.0,-2.79,83.4,-233.0
F05I4_4608_h15,F05,I,15,1,-2.79,254.6,-711.0,-2.08,102.4,-213.0
F05V4_11163269_h15,F05,V,15,-1,-2.86,248.8,-712.0,-6.03,391.4,-2360.0
F05V3_31104_h15,F05,V,15,1,-2.93,243.0,-713.0,-2.29,152.9,-350.0
F15V3_186624_h5,F15,V,5,1,-3.29,218.1,-717.0,-3.46,122.3,-423.0
F05V3_41910_h2,F05,V,2,-1,-3.37,213.3,-719.0,-3.61,81.3,-294.0
F15V3_34134_h15,F15,V,15,1,-3.12,231.5,-723.0,-2.73,135.6,-370.0
F05V3_31536_h5,F05,V,5,1,-3.19,227.6,-726.0,-3.21,149.1,-478.0
F05I3_196_h15,F05,I,15,1,-2.92,248.8,-727.0,-2.73,123.3,-337.0
F05V4_36_h5,F05,V,5,1,-3.17,233.1,-738.0,-3.0,145.7,-437.0
F05V4_186624_h5,F05,V,5,1,-3.12,237.1,-739.0,-3.08,146.6,-451.0
F05I4_96_h2,F05,I,2,1,-3.22,229.6,-740.0,-3.29,93.8,-309.0
F15V3_31578_h15,F15,V,15,1,-2.89,257.5,-745.0,-2.57,146.9,-377.0
F05V4_13436928_h5,F05,V,5,1,-3.24,230.3,-746.0,-3.25,145.6,-473.0
F05V3_373211_h5,F05,V,5,-1,-2.64,282.5,-746.0,-3.61,477.7,-1726.0
F05V4_36_h2,F05,V,2,1,-3.21,233.1,-748.0,-3.23,145.7,-471.0
F15V3_218166_h5,F15,V,5,1,-3.45,217.8,-753.0,-3.43,127.8,-439.0
F05I4_221184_h5,F05,I,5,1,-3.13,240.5,-753.0,-3.32,95.4,-316.0
F05V4_2592_h5,F05,V,5,1,-3.18,237.2,-754.0,-3.02,146.7,-443.0
F05V4_2592_h2,F05,V,2,1,-3.21,237.2,-762.0,-3.26,146.7,-478.0
F05I3_14022_h5,F05,I,5,1,-2.99,256.9,-767.0,-2.74,150.7,-413.0
F15V3_34134_h5,F15,V,5,1,-3.32,231.5,-768.0,-3.17,135.6,-430.0
F05V4_186624_h2,F05,V,2,1,-3.26,237.1,-772.0,-3.3,146.6,-483.0
F05V4_10976645_h5,F05,V,5,-1,-2.63,294.0,-775.0,-4.22,466.0,-1965.0
F15V3_339077_h15,F15,V,15,-1,-3.19,243.3,-775.0,-5.02,343.8,-1724.0
F05I4_4608_h5,F05,I,5,1,-3.08,254.6,-783.0,-3.27,102.4,-335.0
F05V4_13436928_h2,F05,V,2,1,-3.43,230.3,-790.0,-3.45,145.6,-502.0
F05I3_196_h5,F05,I,5,1,-3.19,248.8,-793.0,-3.11,123.3,-383.0
F15V3_339077_h5,F15,V,5,-1,-3.26,243.3,-794.0,-4.35,343.8,-1497.0
F05I3_9510_h2,F05,I,2,1,-3.3,241.3,-796.0,-3.19,143.4,-457.0
F05V3_373211_h2,F05,V,2,-1,-2.82,282.5,-797.0,-3.57,477.7,-1705.0
F05I4_221184_h2,F05,I,2,1,-3.35,240.5,-806.0,-3.22,95.4,-307.0
F05V3_186587_h15,F05,V,15,-1,-3.13,257.2,-806.0,-4.44,425.3,-1888.0
F05V4_15707958_h15,F05,V,15,1,-3.26,248.3,-809.0,-2.25,159.2,-358.0
F05V4_2457654_h15,F05,V,15,1,-3.15,256.9,-810.0,-2.17,162.3,-352.0
F05V3_370655_h15,F05,V,15,-1,-1.99,408.5,-813.0,-4.26,662.2,-2820.0
F05V3_31104_h5,F05,V,5,1,-3.35,243.0,-814.0,-3.43,152.9,-524.0
F05V4_11163269_h2,F05,V,2,1,-3.27,248.8,-815.0,-3.0,391.4,-1172.0
F05I3_196_h2,F05,I,2,1,-3.3,248.8,-821.0,-3.35,123.3,-413.0
F05V3_339113_h5,F05,V,5,-1,-3.14,264.8,-831.0,-4.03,397.4,-1602.0
F15I3_0_h30,F15,I,30,1,-2.48,336.0,-832.0,-1.21,124.7,-151.0
F05I4_4608_h2,F05,I,2,1,-3.28,254.6,-836.0,-3.29,102.4,-337.0
F05V4_15707958_h2,F05,V,2,-1,-3.37,248.3,-837.0,-3.43,159.2,-546.0
F05V3_186587_h2,F05,V,2,-1,-3.26,257.2,-840.0,-3.8,425.3,-1617.0
F15V3_152453_h5,F15,V,5,-1,-3.17,265.5,-841.0,-4.18,388.3,-1624.0
F05I3_4_h15,F05,I,15,1,-3.08,274.8,-846.0,-2.54,132.3,-337.0
F05V4_11163269_h5,F05,V,5,1,-3.45,248.8,-858.0,-2.12,391.4,-831.0
F05I3_4_h5,F05,I,5,1,-3.13,274.8,-859.0,-3.12,132.3,-413.0
F05V4_15707958_h5,F05,V,5,-1,-3.46,248.3,-859.0,-3.81,159.2,-606.0
F05V3_186587_h5,F05,V,5,-1,-3.34,257.2,-860.0,-3.81,425.3,-1619.0
F05V3_184031_h15,F05,V,15,-1,-2.79,308.5,-862.0,-5.05,501.4,-2532.0
F15V3_31578_h5,F15,V,5,1,-3.35,257.5,-864.0,-3.24,146.9,-476.0
F05V4_2273622_h15,F05,V,15,1,-3.24,266.3,-864.0,-2.61,168.3,-439.0
F05V4_2457654_h5,F05,V,5,1,-3.4,256.9,-874.0,-3.17,162.3,-515.0
F05I3_14022_h2,F05,I,2,1,-3.43,256.9,-880.0,-3.16,150.7,-476.0
F05V4_2457654_h2,F05,V,2,-1,-3.45,256.9,-886.0,-3.62,162.3,-587.0
F05I3_4_h2,F05,I,2,1,-3.25,274.8,-892.0,-3.32,132.3,-439.0
F05V4_24413573_h15,F05,V,15,-1,-3.25,277.9,-903.0,-6.08,434.2,-2642.0
F05V3_341669_h15,F05,V,15,-1,-2.92,315.5,-920.0,-5.15,468.1,-2413.0
F05I3_69316_h5,F05,I,5,-1,-3.29,281.0,-923.0,-3.46,132.7,-459.0
F05I3_69316_h2,F05,I,2,-1,-3.29,281.0,-924.0,-3.44,132.7,-457.0
F15I3_0_h15,F15,I,15,1,-2.69,344.1,-924.0,-1.75,124.7,-218.0
F05V4_2273622_h2,F05,V,2,-1,-3.49,266.3,-929.0,-3.6,168.3,-606.0
F05V4_2273622_h5,F05,V,5,-1,-3.5,266.3,-931.0,-3.88,168.3,-654.0
F05V4_24413573_h2,F05,V,2,1,-3.36,277.9,-934.0,-2.91,434.2,-1263.0
F05I3_26_h5,F05,I,5,1,-3.26,291.9,-952.0,-2.93,131.4,-385.0
F05V3_152489_h15,F05,V,15,-1,-2.93,325.0,-952.0,-5.74,510.0,-2926.0
F05I3_26_h2,F05,I,2,1,-3.28,291.9,-956.0,-3.22,131.4,-423.0
F05V3_438_h15,F05,V,15,1,-2.74,349.3,-958.0,-2.26,224.4,-507.0
F05I3_26_h15,F05,I,15,1,-3.28,291.9,-958.0,-2.9,131.4,-380.0
F05V4_2271066_h15,F05,V,15,1,-3.27,293.6,-960.0,-2.29,182.7,-419.0
F05I3_69316_h15,F05,I,15,-1,-3.42,281.0,-961.0,-3.62,132.7,-481.0
F05V4_24413573_h5,F05,V,5,1,-3.47,277.9,-964.0,-2.05,434.2,-889.0
F05V3_144_h5,F05,V,5,1,-3.31,292.0,-966.0,-3.28,91.6,-301.0
F05V4_10976645_h2,F05,V,2,1,-3.34,294.0,-984.0,-3.27,466.0,-1523.0
F05V3_144_h2,F05,V,2,1,-3.37,292.0,-985.0,-3.21,91.6,-294.0
F05V3_6_h15,F05,V,15,1,-2.83,349.1,-988.0,-2.21,219.8,-486.0
F05V3_10368_h5,F05,V,5,1,-3.18,311.3,-991.0,-3.49,96.0,-335.0
F05V3_2_h5,F05,V,5,1,-3.2,310.1,-993.0,-3.14,94.9,-298.0
F05V3_341669_h5,F05,V,5,-1,-3.15,315.5,-993.0,-4.0,468.1,-1872.0
F05V3_10368_h15,F05,V,15,1,-3.2,311.3,-997.0,-3.13,96.0,-300.0
F05V3_2_h15,F05,V,15,1,-3.22,310.1,-1000.0,-3.26,94.9,-309.0
F05V4_2271066_h5,F05,V,5,1,-3.45,293.6,-1012.0,-3.01,182.7,-549.0
F05V3_152489_h2,F05,V,2,1,-3.11,325.0,-1012.0,-2.86,510.0,-1457.0
F05V3_184031_h5,F05,V,5,-1,-3.29,308.5,-1015.0,-4.36,501.4,-2186.0
F05V4_2271066_h2,F05,V,2,-1,-3.49,293.6,-1025.0,-3.62,182.7,-661.0
F15I3_0_h5,F15,I,5,1,-3.02,344.1,-1038.0,-3.24,124.7,-404.0
F05V3_2_h2,F05,V,2,1,-3.35,310.1,-1039.0,-3.16,94.9,-300.0
F05V3_10368_h2,F05,V,2,1,-3.34,311.3,-1040.0,-3.47,96.0,-333.0
F05I3_2_h15,F05,I,15,1,-2.57,406.5,-1045.0,-2.37,201.1,-477.0
F05V3_184031_h2,F05,V,2,-1,-3.39,308.5,-1047.0,-4.17,501.4,-2091.0
F05V3_438_h5,F05,V,5,1,-3.05,349.3,-1066.0,-2.89,224.4,-649.0
F05V3_6_h5,F05,V,5,1,-3.07,349.1,-1073.0,-3.08,219.8,-677.0
F05V3_341669_h2,F05,V,2,-1,-3.41,315.5,-1076.0,-3.5,468.1,-1638.0
F05I3_1248_h15,F05,I,15,1,-3.16,354.3,-1121.0,-3.23,159.1,-514.0
F15V3_31542_h5,F15,V,5,1,-3.04,370.4,-1125.0,-2.57,205.0,-528.0
F05V3_438_h2,F05,V,2,1,-3.23,349.3,-1128.0,-3.31,224.4,-743.0
F05V3_6_h2,F05,V,2,1,-3.25,349.1,-1134.0,-3.39,219.8,-745.0
F05V3_370655_h5,F05,V,5,-1,-2.78,408.5,-1137.0,-3.8,662.2,-2519.0
F05I3_1248_h5,F05,I,5,1,-3.29,354.3,-1165.0,-3.03,159.1,-482.0
F05V3_373247_h15,F05,V,15,-1,-2.26,518.8,-1170.0,-4.92,672.0,-3309.0
F05I3_1248_h2,F05,I,2,1,-3.32,354.3,-1176.0,-3.09,159.1,-491.0
F05I3_59904_h15,F05,I,15,1,-3.29,364.9,-1201.0,-3.53,159.4,-562.0
F05V3_370655_h2,F05,V,2,-1,-2.96,408.5,-1210.0,-3.75,662.2,-2482.0
F05V3_186623_h15,F05,V,15,-1,-2.39,507.0,-1210.0,-4.85,672.0,-3260.0
F05I3_2_h5,F05,I,5,1,-2.99,406.5,-1217.0,-3.01,201.1,-605.0
F05I3_10660_h2,F05,I,2,1,-3.49,351.8,-1227.0,-3.46,165.3,-571.0
F15V3_0_h15,F15,V,15,1,-2.5,490.6,-1229.0,-1.53,252.3,-386.0
F05I3_9414_h15,F05,I,15,1,-2.78,449.0,-1249.0,-2.32,241.5,-561.0
F05I3_59904_h5,F05,I,5,1,-3.44,364.9,-1255.0,-3.35,159.4,-534.0
F05I3_59904_h2,F05,I,2,1,-3.49,364.9,-1273.0,-3.49,159.4,-556.0
F05I3_2_h2,F05,I,2,1,-3.17,406.5,-1289.0,-3.21,201.1,-645.0
F05I3_14020_h15,F05,I,15,1,-3.29,397.5,-1306.0,-2.34,217.2,-508.0
F05V3_155045_h15,F05,V,15,-1,-2.89,465.4,-1343.0,-5.68,672.0,-3817.0
F05I3_9438_h15,F05,I,15,1,-3.35,401.6,-1344.0,-3.32,179.1,-595.0
F05I3_14020_h2,F05,I,2,-1,-3.39,397.5,-1346.0,-3.47,217.3,-754.0
F05I3_14020_h5,F05,I,5,-1,-3.42,397.5,-1361.0,-3.9,217.3,-848.0
F05I3_9508_h15,F05,I,15,1,-2.93,468.7,-1372.0,-1.91,253.7,-484.0
F05V3_186624_h15,F05,V,15,1,-3.03,456.4,-1381.0,-3.2,318.6,-1018.0
F05V3_36_h15,F05,V,15,1,-3.02,460.8,-1393.0,-3.13,315.3,-987.0
F05I3_9438_h5,F05,I,5,-1,-3.47,401.6,-1395.0,-3.64,179.1,-651.0
F05V3_373247_h5,F05,V,5,-1,-2.69,518.8,-1397.0,-3.45,815.5,-2816.0
F05I3_9438_h2,F05,I,2,-1,-3.49,401.6,-1400.0,-3.5,179.1,-628.0
F05V3_2592_h15,F05,V,15,1,-3.03,466.3,-1412.0,-2.83,318.4,-900.0
F05I4_0_h15,F05,I,15,1,-2.63,539.8,-1420.0,-2.2,189.2,-416.0
F05V3_36_h5,F05,V,5,1,-3.14,460.8,-1448.0,-3.09,315.3,-973.0
F15V3_0_h5,F15,V,5,1,-2.95,490.6,-1449.0,-2.96,252.3,-746.0
F05I3_9414_h5,F05,I,5,1,-3.28,449.0,-1471.0,-2.99,241.5,-722.0
F05V3_36_h2,F05,V,2,1,-3.25,460.8,-1497.0,-3.25,315.3,-1024.0
F05V3_2592_h5,F05,V,5,1,-3.23,466.3,-1506.0,-3.1,318.4,-988.0
F05V3_155045_h2,F05,V,2,1,-3.25,465.4,-1513.0,-3.07,699.1,-2148.0
F05I3_96_h15,F05,I,15,1,-2.8,539.8,-1514.0,-2.55,265.9,-678.0
F05V3_186624_h5,F05,V,5,1,-3.34,456.4,-1523.0,-3.42,318.6,-1090.0
F05I4_0_h5,F05,I,5,1,-2.83,539.8,-1525.0,-3.31,189.2,-627.0
F05V3_2592_h2,F05,V,2,1,-3.27,466.3,-1526.0,-3.18,318.4,-1013.0
F05I3_9508_h5,F05,I,5,1,-3.26,468.7,-1527.0,-2.86,253.7,-724.0
F05I3_9414_h2,F05,I,2,1,-3.4,449.0,-1529.0,-3.33,241.5,-805.0
F05V4_2271030_h15,F05,V,15,1,-2.32,672.0,-1557.0,-0.87,574.7,-501.0
F05V3_186623_h5,F05,V,5,-1,-3.09,507.0,-1566.0,-4.05,802.9,-3250.0
F05V4_0_h15,F05,V,15,1,-2.34,672.0,-1572.0,-2.05,584.8,-1197.0
F05I3_4608_h15,F05,I,15,1,-2.89,551.3,-1592.0,-2.43,270.2,-656.0
F05I3_9508_h2,F05,I,2,1,-3.43,468.7,-1610.0,-3.31,253.7,-840.0
F05V3_186623_h2,F05,V,2,-1,-3.21,507.0,-1629.0,-3.77,802.9,-3031.0
F05V3_373247_h2,F05,V,2,-1,-3.14,518.8,-1629.0,-3.08,815.5,-2514.0
F05I4_0_h2,F05,I,2,1,-3.1,539.8,-1675.0,-3.48,189.2,-659.0
F05I3_96_h5,F05,I,5,1,-3.11,539.8,-1679.0,-3.15,265.9,-838.0
F05V3_0_h15,F05,V,15,1,-2.52,672.0,-1694.0,-2.29,672.0,-1539.0
F05V3_339077_h15,F05,V,15,-1,-2.93,583.5,-1708.0,-5.43,672.0,-3649.0
F05V3_218166_h2,F05,V,2,-1,-3.33,513.4,-1712.0,-3.39,353.3,-1197.0
F05V3_34134_h15,F05,V,15,1,-3.25,532.1,-1732.0,-2.79,369.0,-1031.0
F05V3_218166_h5,F05,V,5,-1,-3.38,513.4,-1737.0,-3.58,353.3,-1265.0
F05I3_96_h2,F05,I,2,1,-3.27,539.8,-1765.0,-3.28,265.9,-873.0
F05I3_4608_h5,F05,I,5,1,-3.2,551.3,-1766.0,-3.18,270.2,-859.0
F05V3_31542_h15,F05,V,15,1,-2.65,672.0,-1782.0,-1.71,672.0,-1148.0
F05V3_152453_h15,F05,V,15,-1,-2.76,659.1,-1816.0,-6.17,672.0,-4148.0
F05V3_34134_h2,F05,V,2,-1,-3.45,532.1,-1835.0,-3.62,369.0,-1335.0
F05I3_0_h15,F05,I,15,1,-2.75,672.0,-1847.0,-2.46,560.0,-1377.0
F05I3_4608_h2,F05,I,2,1,-3.36,551.3,-1852.0,-3.3,270.2,-892.0
F05V3_339077_h2,F05,V,2,1,-3.34,583.5,-1947.0,-3.24,860.6,-2786.0
F05V3_339077_h5,F05,V,5,-1,-3.41,583.5,-1989.0,-4.31,860.6,-3708.0
F05V3_31578_h2,F05,V,2,-1,-3.44,594.3,-2042.0,-3.51,399.9,-1405.0
F05I3_9412_h15,F05,I,15,1,-3.13,662.4,-2073.0,-2.38,333.5,-795.0
F05V3_152453_h5,F05,V,5,-1,-3.2,659.1,-2112.0,-4.63,988.7,-4583.0
F05V3_152453_h2,F05,V,2,1,-3.28,659.1,-2160.0,-2.89,988.7,-2858.0
F05I3_9412_h5,F05,I,5,1,-3.38,662.4,-2242.0,-3.22,333.5,-1073.0
F05I3_9412_h2,F05,I,2,1,-3.46,662.4,-2291.0,-3.29,333.5,-1097.0
F05V4_2271030_h5,F05,V,5,1,-2.9,953.9,-2764.0,-2.7,574.7,-1552.0
F05V4_0_h5,F05,V,5,1,-2.81,1066.0,-2995.0,-3.08,584.8,-1802.0
F05V4_2271030_h2,F05,V,2,1,-3.33,953.9,-3176.0,-3.17,574.7,-1822.0
F05V4_0_h2,F05,V,2,1,-3.1,1066.0,-3306.0,-3.29,584.8,-1925.0
F05I3_0_h5,F05,I,5,1,-2.98,1313.4,-3917.0,-3.2,560.0,-1791.0
F05I3_0_h2,F05,I,2,1,-3.17,1313.4,-4160.0,-3.3,560.0,-1850.0
F05V3_31542_h5,F05,V,5,1,-3.14,1836.2,-5757.0,-2.95,1211.3,-3573.0
F05V3_0_h5,F05,V,5,1,-2.94,2011.1,-5906.0,-3.06,1227.5,-3757.0
F05V3_31542_h2,F05,V,2,1,-3.42,1836.2,-6273.0,-3.33,1211.3,-4029.0
F05V3_0_h2,F05,V,2,1,-3.16,2011.1,-6357.0,-3.28,1227.5,-4021.0
