tag,side,entry_ts,exit_ts,entry_px,exit_px,stop_px,target_px,exit_reason,hold_bars_actual,pnl_pts,pnl_usd
HTF_60m_BR20_S100_T200,SHORT,2024-01-02 20:00:00+00:00,2024-01-03 01:00:00+00:00,16479.094,16537.055,16579.094,16279.094000000001,timeout,4,-57.96099999999933,-116.66199999999866
HTF_60m_BR20_S100_T200,SHORT,2024-01-03 13:00:00+00:00,2024-01-03 17:00:00+00:00,16433.229,16426.955,16533.229,16233.229,timeout,4,6.2739999999976135,11.807999999995227
HTF_60m_BR20_S100_T200,SHORT,2024-01-04 14:00:00+00:00,2024-01-04 16:00:00+00:00,16292.825,16393.325,16392.825,16092.825,stop,2,-100.5,-201.74
HTF_60m_BR20_S100_T200,SHORT,2024-01-05 06:00:00+00:00,2024-01-05 10:00:00+00:00,16268.56,16226.28,16368.56,16068.56,timeout,4,42.279999999998836,83.81999999999768
HTF_60m_BR20_S100_T200,SHORT,2024-01-05 07:00:00+00:00,2024-01-05 11:00:00+00:00,16251.135,16229.445,16351.135,16051.135,timeout,4,21.69000000000051,42.64000000000102
HTF_60m_BR20_S100_T200,SHORT,2024-01-05 08:00:00+00:00,2024-01-05 12:00:00+00:00,16240.22,16232.75,16340.22,16040.22,timeout,4,7.469999999999345,14.19999999999869
HTF_60m_BR20_S100_T200,SHORT,2024-01-05 10:00:00+00:00,2024-01-05 14:00:00+00:00,16236.095,16312.66,16336.095,16036.095,timeout,4,-76.56500000000051,-153.87000000000103
HTF_60m_BR20_S100_T200,SHORT,2024-01-05 11:00:00+00:00,2024-01-05 14:00:00+00:00,16225.12,16325.62,16325.12,16025.12,stop,3,-100.5,-201.74
HTF_60m_BR20_S100_T200,LONG,2024-01-05 16:00:00+00:00,2024-01-05 17:00:00+00:00,16405.01,16304.509999999998,16305.009999999998,16605.01,stop,1,-100.5,-201.74
HTF_60m_BR20_S100_T200,LONG,2024-01-08 15:00:00+00:00,2024-01-08 19:00:00+00:00,16472.985,16627.245,16372.985,16672.985,timeout,4,154.2599999999984,307.7799999999968
HTF_60m_BR20_S100_T200,LONG,2024-01-08 16:00:00+00:00,2024-01-08 20:00:00+00:00,16503.11,16643.135,16403.11,16703.11,timeout,4,140.02499999999782,279.3099999999956
HTF_60m_BR20_S100_T200,LONG,2024-01-08 17:00:00+00:00,2024-01-08 21:00:00+00:00,16521.28,16638.07,16421.28,16721.28,timeout,4,116.79000000000087,232.84000000000174
HTF_60m_BR20_S100_T200,LONG,2024-01-08 18:00:00+00:00,2024-01-08 23:00:00+00:00,16560.885,16629.635,16460.885,16760.885,timeout,4,68.75,136.76
HTF_60m_BR20_S100_T200,LONG,2024-01-08 19:00:00+00:00,2024-01-09 00:00:00+00:00,16585.115,16631.63,16485.115,16785.115,timeout,4,46.51499999999942,92.28999999999884
HTF_60m_BR20_S100_T200,LONG,2024-01-08 20:00:00+00:00,2024-01-09 01:00:00+00:00,16628.02,16633.45,16528.02,16828.02,timeout,4,5.430000000000291,10.120000000000582
HTF_60m_BR20_S100_T200,LONG,2024-01-08 21:00:00+00:00,2024-01-09 02:00:00+00:00,16644.935,16638.83,16544.935,16844.935,timeout,4,-6.104999999999563,-12.949999999999127
HTF_60m_BR20_S100_T200,LONG,2024-01-09 17:00:00+00:00,2024-01-09 21:00:00+00:00,16683.36,16680.045,16583.36,16883.36,timeout,4,-3.3150000000023283,-7.370000000004657
HTF_60m_BR20_S100_T200,LONG,2024-01-09 18:00:00+00:00,2024-01-09 23:00:00+00:00,16695.795,16688.62,16595.795,16895.795,timeout,4,-7.174999999999272,-15.089999999998545
HTF_60m_BR20_S100_T200,LONG,2024-01-10 10:00:00+00:00,2024-01-10 14:00:00+00:00,16749.46,16688.34,16649.46,16949.46,timeout,4,-61.11999999999898,-122.97999999999796
HTF_60m_BR20_S100_T200,LONG,2024-01-10 18:00:00+00:00,2024-01-10 23:00:00+00:00,16760.91,16813.845,16660.91,16960.91,timeout,4,52.93500000000131,105.13000000000262
HTF_60m_BR20_S100_T200,LONG,2024-01-10 19:00:00+00:00,2024-01-11 00:00:00+00:00,16773.995,16827.27,16673.995,16973.995,timeout,4,53.275000000001455,105.81000000000292
HTF_60m_BR20_S100_T200,LONG,2024-01-10 20:00:00+00:00,2024-01-11 01:00:00+00:00,16830.03,16838.065,16730.03,17030.03,timeout,4,8.034999999999854,15.329999999999709
HTF_60m_BR20_S100_T200,LONG,2024-01-11 03:00:00+00:00,2024-01-11 07:00:00+00:00,16849.34,16863.24,16749.34,17049.34,timeout,4,13.900000000001455,27.060000000002912
HTF_60m_BR20_S100_T200,LONG,2024-01-11 04:00:00+00:00,2024-01-11 08:00:00+00:00,16860.605,16895.155,16760.605,17060.605,timeout,4,34.54999999999927,68.35999999999855
HTF_60m_BR20_S100_T200,LONG,2024-01-11 09:00:00+00:00,2024-01-11 13:00:00+00:00,16896.085,16795.585,16796.085,17096.085,stop,4,-100.5,-201.74
HTF_60m_BR20_S100_T200,SHORT,2024-01-11 16:00:00+00:00,2024-01-11 19:00:00+00:00,16714.515,16815.015,16814.515,16514.515,stop,3,-100.5,-201.74
HTF_60m_BR20_S100_T200,SHORT,2024-01-11 17:00:00+00:00,2024-01-11 18:00:00+00:00,16632.331,16732.831,16732.331,16432.331,stop,1,-100.5,-201.74
HTF_60m_BR20_S100_T200,LONG,2024-01-12 15:00:00+00:00,2024-01-12 19:00:00+00:00,16850.27,16811.975,16750.27,17050.27,timeout,4,-38.29500000000189,-77.33000000000378
HTF_60m_BR20_S100_T200,SHORT,2024-01-16 00:00:00+00:00,2024-01-16 04:00:00+00:00,16798.177,16759.055,16898.177,16598.177,timeout,4,39.12199999999939,77.50399999999878
HTF_60m_BR20_S100_T200,SHORT,2024-01-16 01:00:00+00:00,2024-01-16 05:00:00+00:00,16755.333,16741.227,16855.333,16555.333,timeout,4,14.105999999999767,27.471999999999536
HTF_60m_BR20_S100_T200,SHORT,2024-01-16 06:00:00+00:00,2024-01-16 10:00:00+00:00,16740.311,16709.322,16840.311,16540.311,timeout,4,30.989000000001397,61.23800000000279
HTF_60m_BR20_S100_T200,SHORT,2024-01-16 09:00:00+00:00,2024-01-16 13:00:00+00:00,16704.722,16757.355,16804.722,16504.722,timeout,4,-52.63299999999799,-106.00599999999598
HTF_60m_BR20_S100_T200,LONG,2024-01-16 16:00:00+00:00,2024-01-16 17:00:00+00:00,16880.496,16779.996,16780.496,17080.496,stop,1,-100.5,-201.74
HTF_60m_BR20_S100_T200,SHORT,2024-01-17 15:00:00+00:00,2024-01-17 16:00:00+00:00,16575.839,16676.339,16675.839,16375.839,stop,1,-100.5,-201.74
HTF_60m_BR20_S100_T200,LONG,2024-01-18 10:00:00+00:00,2024-01-18 14:00:00+00:00,16795.6,16902.577,16695.6,16995.6,timeout,4,106.97700000000259,213.21400000000517
HTF_60m_BR20_S100_T200,LONG,2024-01-18 11:00:00+00:00,2024-01-18 15:00:00+00:00,16820.844,16925.462,16720.844,17020.844,timeout,4,104.61799999999857,208.49599999999714
HTF_60m_BR20_S100_T200,LONG,2024-01-18 12:00:00+00:00,2024-01-18 16:00:00+00:00,16870.349,16950.528,16770.349,17070.349,timeout,4,80.17900000000009,159.61800000000017
HTF_60m_BR20_S100_T200,LONG,2024-01-18 13:00:00+00:00,2024-01-18 17:00:00+00:00,16884.773,16873.594,16784.773,17084.773,timeout,4,-11.179000000000087,-23.098000000000173
HTF_60m_BR20_S100_T200,LONG,2024-01-19 00:00:00+00:00,2024-01-19 04:00:00+00:00,17024.3,17043.055,16924.3,17224.3,timeout,4,18.75500000000102,36.770000000002035
HTF_60m_BR20_S100_T200,LONG,2024-01-19 01:00:00+00:00,2024-01-19 05:00:00+00:00,17028.177,17023.478,16928.177,17228.177,timeout,4,-4.699000000000524,-10.138000000001048
HTF_60m_BR20_S100_T200,LONG,2024-01-19 03:00:00+00:00,2024-01-19 07:00:00+00:00,17044.276,17058.66,16944.276,17244.276,timeout,4,14.383999999998196,28.027999999996393
HTF_60m_BR20_S100_T200,LONG,2024-01-19 04:00:00+00:00,2024-01-19 08:00:00+00:00,17048.993,17083.766,16948.993,17248.993,timeout,4,34.77300000000105,68.8060000000021
HTF_60m_BR20_S100_T200,LONG,2024-01-19 08:00:00+00:00,2024-01-19 12:00:00+00:00,17058.978,17112.149,16958.978,17258.978,timeout,4,53.171000000002095,105.6020000000042
HTF_60m_BR20_S100_T200,LONG,2024-01-19 09:00:00+00:00,2024-01-19 13:00:00+00:00,17084.826,17094.162,16984.826,17284.826,timeout,4,9.33599999999933,17.931999999998663
HTF_60m_BR20_S100_T200,LONG,2024-01-19 10:00:00+00:00,2024-01-19 14:00:00+00:00,17101.272,17083.055,17001.272,17301.272,timeout,4,-18.217000000000553,-37.17400000000111
HTF_60m_BR20_S100_T200,LONG,2024-01-19 12:00:00+00:00,2024-01-19 16:00:00+00:00,17119.533,17139.756,17019.533,17319.533,timeout,4,20.223000000001775,39.70600000000355
HTF_60m_BR20_S100_T200,LONG,2024-01-19 17:00:00+00:00,2024-01-19 21:00:00+00:00,17141.046,17328.538,17041.046,17341.046,timeout,4,187.492000000002,374.244000000004
HTF_60m_BR20_S100_T200,LONG,2024-01-19 18:00:00+00:00,2024-01-21 23:00:00+00:00,17197.978,17357.872,17097.978,17397.978,timeout,4,159.89400000000023,319.04800000000046
HTF_60m_BR20_S100_T200,LONG,2024-01-19 19:00:00+00:00,2024-01-22 00:00:00+00:00,17267.868,17430.594,17167.868,17467.868,timeout,4,162.7260000000024,324.71200000000476
HTF_60m_BR20_S100_T200,LONG,2024-01-19 20:00:00+00:00,2024-01-22 01:00:00+00:00,17301.962,17422.239,17201.962,17501.962,timeout,4,120.27700000000186,239.81400000000372
HTF_60m_BR20_S100_T200,LONG,2024-01-19 21:00:00+00:00,2024-01-22 02:00:00+00:00,17316.501,17423.533,17216.501,17516.501,timeout,4,107.03199999999924,213.32399999999848
HTF_60m_BR20_S100_T200,LONG,2024-01-21 23:00:00+00:00,2024-01-22 03:00:00+00:00,17345.022,17420.514,17245.022,17545.022,timeout,4,75.49199999999837,150.24399999999673
HTF_60m_BR20_S100_T200,LONG,2024-01-22 00:00:00+00:00,2024-01-22 04:00:00+00:00,17358.946,17425.916,17258.946,17558.946,timeout,4,66.97000000000116,133.20000000000232
HTF_60m_BR20_S100_T200,LONG,2024-01-22 01:00:00+00:00,2024-01-22 05:00:00+00:00,17431.889,17409.35,17331.889,17631.889,timeout,4,-22.53900000000067,-45.81800000000134
HTF_60m_BR20_S100_T200,LONG,2024-01-23 21:00:00+00:00,2024-01-24 02:00:00+00:00,17405.806,17463.356,17305.806,17605.806,timeout,4,57.54999999999927,114.35999999999855
HTF_60m_BR20_S100_T200,LONG,2024-01-24 00:00:00+00:00,2024-01-24 04:00:00+00:00,17454.022,17471.778,17354.022,17654.022,timeout,4,17.755999999997584,34.77199999999517
HTF_60m_BR20_S100_T200,LONG,2024-01-24 01:00:00+00:00,2024-01-24 05:00:00+00:00,17462.783,17480.422,17362.783,17662.783,timeout,4,17.638999999999214,34.537999999998426
HTF_60m_BR20_S100_T200,LONG,2024-01-24 04:00:00+00:00,2024-01-24 08:00:00+00:00,17472.082,17526.556,17372.082,17672.082,timeout,4,54.47400000000198,108.20800000000396
HTF_60m_BR20_S100_T200,LONG,2024-01-24 06:00:00+00:00,2024-01-24 10:00:00+00:00,17481.868,17529.022,17381.868,17681.868,timeout,4,47.15400000000227,93.56800000000455
HTF_60m_BR20_S100_T200,LONG,2024-01-24 07:00:00+00:00,2024-01-24 11:00:00+00:00,17498.584,17522.712,17398.584,17698.584,timeout,4,24.12800000000061,47.51600000000122
HTF_60m_BR20_S100_T200,LONG,2024-01-24 08:00:00+00:00,2024-01-24 12:00:00+00:00,17512.495,17540.761,17412.495,17712.495,timeout,4,28.26599999999962,55.79199999999924
HTF_60m_BR20_S100_T200,LONG,2024-01-24 09:00:00+00:00,2024-01-24 13:00:00+00:00,17526.505,17541.56,17426.505,17726.505,timeout,4,15.055000000000291,29.370000000000584
HTF_60m_BR20_S100_T200,LONG,2024-01-24 10:00:00+00:00,2024-01-24 14:00:00+00:00,17538.867,17547.289,17438.867,17738.867,timeout,4,8.4220000000023,16.1040000000046
HTF_60m_BR20_S100_T200,LONG,2024-01-24 16:00:00+00:00,2024-01-24 19:00:00+00:00,17614.305,17513.805,17514.305,17814.305,stop,3,-100.5,-201.74
HTF_60m_BR20_S100_T200,LONG,2024-01-24 18:00:00+00:00,2024-01-24 19:00:00+00:00,17661.483,17560.983,17561.483,17861.483,stop,1,-100.5,-201.74
HTF_60m_BR20_S100_T200,SHORT,2024-01-26 01:00:00+00:00,2024-01-26 05:00:00+00:00,17414.288,17390.545,17514.288,17214.288,timeout,4,23.743000000002212,46.74600000000442
HTF_60m_BR20_S100_T200,SHORT,2024-01-26 02:00:00+00:00,2024-01-26 06:00:00+00:00,17403.094,17384.101,17503.094,17203.094,timeout,4,18.993000000002212,37.24600000000442
HTF_60m_BR20_S100_T200,SHORT,2024-01-26 05:00:00+00:00,2024-01-26 09:00:00+00:00,17374.489,17416.717,17474.489,17174.489,timeout,4,-42.227999999999156,-85.1959999999983
HTF_60m_BR20_S100_T200,SHORT,2024-01-26 08:00:00+00:00,2024-01-26 12:00:00+00:00,17354.449,17454.949,17454.449,17154.449,stop,4,-100.5,-201.74
HTF_60m_BR20_S100_T200,LONG,2024-01-29 18:00:00+00:00,2024-01-29 23:00:00+00:00,17488.516,17611.246,17388.516,17688.516,timeout,4,122.72999999999956,244.71999999999912
HTF_60m_BR20_S100_T200,LONG,2024-01-29 20:00:00+00:00,2024-01-30 01:00:00+00:00,17516.894,17601.568,17416.894,17716.894,timeout,4,84.67399999999907,168.60799999999813
HTF_60m_BR20_S100_T200,LONG,2024-01-29 21:00:00+00:00,2024-01-30 02:00:00+00:00,17597.511,17606.966,17497.511,17797.511,timeout,4,9.455000000001746,18.170000000003494
HTF_60m_BR20_S100_T200,LONG,2024-01-30 00:00:00+00:00,2024-01-30 04:00:00+00:00,17612.173,17601.455,17512.173,17812.173,timeout,4,-10.717999999997119,-22.175999999994236
HTF_60m_BR20_S100_T200,SHORT,2024-01-30 18:00:00+00:00,2024-01-30 23:00:00+00:00,17464.289,17342.05,17564.289,17264.289,timeout,4,122.2390000000014,243.73800000000278
HTF_60m_BR20_S100_T200,SHORT,2024-01-31 00:00:00+00:00,2024-01-31 04:00:00+00:00,17341.044,17343.556,17441.044,17141.044,timeout,4,-2.5119999999988067,-5.763999999997614
HTF_60m_BR20_S100_T200,SHORT,2024-01-31 10:00:00+00:00,2024-01-31 14:00:00+00:00,17272.255,17266.978,17372.255,17072.255,timeout,4,5.277000000001863,9.814000000003725
HTF_60m_BR20_S100_T200,SHORT,2024-01-31 16:00:00+00:00,2024-01-31 18:00:00+00:00,17198.226,17298.726,17298.226,16998.226,stop,2,-100.5,-201.74
HTF_60m_BR20_S100_T200,SHORT,2024-01-31 21:00:00+00:00,2024-02-01 02:00:00+00:00,17136.017,17219.467,17236.017,16936.017,timeout,4,-83.45000000000073,-167.64000000000146
HTF_60m_BR20_S100_T200,LONG,2024-02-01 18:00:00+00:00,2024-02-01 23:00:00+00:00,17288.711,17488.711,17188.711,17488.711,target,4,200.0,399.26
HTF_60m_BR20_S100_T200,LONG,2024-02-01 20:00:00+00:00,2024-02-02 01:00:00+00:00,17338.294,17527.789,17238.294,17538.294,timeout,4,189.49499999999898,378.24999999999795
HTF_60m_BR20_S100_T200,LONG,2024-02-01 21:00:00+00:00,2024-02-02 02:00:00+00:00,17344.322,17525.078,17244.322,17544.322,timeout,4,180.75600000000122,360.77200000000244
HTF_60m_BR20_S100_T200,LONG,2024-02-01 23:00:00+00:00,2024-02-02 03:00:00+00:00,17492.956,17508.688,17392.956,17692.956,timeout,4,15.731999999999971,30.723999999999943
HTF_60m_BR20_S100_T200,LONG,2024-02-02 00:00:00+00:00,2024-02-02 04:00:00+00:00,17499.406,17512.628,17399.406,17699.406,timeout,4,13.222000000001572,25.704000000003145
HTF_60m_BR20_S100_T200,LONG,2024-02-02 02:00:00+00:00,2024-02-02 06:00:00+00:00,17528.984,17513.955,17428.984,17728.984,timeout,4,-15.028999999998632,-30.797999999997263
HTF_60m_BR20_S100_T200,LONG,2024-02-02 17:00:00+00:00,2024-02-02 21:00:00+00:00,17613.31,17631.978,17513.31,17813.31,timeout,4,18.667999999997846,36.59599999999569
HTF_60m_BR20_S100_T200,LONG,2024-02-02 20:00:00+00:00,2024-02-05 01:00:00+00:00,17673.9,17595.044,17573.9,17873.9,timeout,4,-78.85599999999977,-158.45199999999954
HTF_60m_BR20_S100_T200,SHORT,2024-02-05 16:00:00+00:00,2024-02-05 17:00:00+00:00,17503.446,17603.946,17603.446,17303.446,stop,1,-100.5,-201.74
HTF_60m_BR20_S100_T200,LONG,2024-02-06 08:00:00+00:00,2024-02-06 12:00:00+00:00,17676.838,17617.639,17576.838,17876.838,timeout,4,-59.199000000000524,-119.13800000000104
HTF_60m_BR20_S100_T200,SHORT,2024-02-06 16:00:00+00:00,2024-02-06 20:00:00+00:00,17550.268,17574.34,17650.268,17350.268,timeout,4,-24.072000000000116,-48.884000000000235
HTF_60m_BR20_S100_T200,SHORT,2024-02-06 17:00:00+00:00,2024-02-06 21:00:00+00:00,17499.029,17557.872,17599.029,17299.029,timeout,4,-58.84300000000076,-118.42600000000151
HTF_60m_BR20_S100_T200,LONG,2024-02-07 14:00:00+00:00,2024-02-07 18:00:00+00:00,17651.457,17762.717,17551.457,17851.457,timeout,4,111.26000000000204,221.78000000000407
HTF_60m_BR20_S100_T200,LONG,2024-02-07 16:00:00+00:00,2024-02-07 20:00:00+00:00,17745.272,17752.688,17645.272,17945.272,timeout,4,7.415999999997439,14.091999999994878
HTF_60m_BR20_S100_T200,LONG,2024-02-08 16:00:00+00:00,2024-02-08 20:00:00+00:00,17811.222,17783.223,17711.222,18011.222,timeout,4,-27.998999999999796,-56.737999999999595
HTF_60m_BR20_S100_T200,LONG,2024-02-09 09:00:00+00:00,2024-02-09 13:00:00+00:00,17840.049,17849.639,17740.049,18040.049,timeout,4,9.590000000000146,18.440000000000293
HTF_60m_BR20_S100_T200,LONG,2024-02-09 16:00:00+00:00,2024-02-09 20:00:00+00:00,17914.701,17955.678,17814.701,18114.701,timeout,4,40.97699999999895,81.21399999999791
HTF_60m_BR20_S100_T200,LONG,2024-02-09 18:00:00+00:00,2024-02-11 23:00:00+00:00,17945.811,17953.933,17845.811,18145.811,timeout,4,8.121999999999389,15.503999999998777
HTF_60m_BR20_S100_T200,LONG,2024-02-09 19:00:00+00:00,2024-02-12 00:00:00+00:00,17958.033,17952.556,17858.033,18158.033,timeout,4,-5.476999999998952,-11.693999999997905
HTF_60m_BR20_S100_T200,LONG,2024-02-09 20:00:00+00:00,2024-02-12 01:00:00+00:00,17974.895,17955.472,17874.895,18174.895,timeout,4,-19.422999999998865,-39.58599999999773
HTF_60m_BR20_S100_T200,LONG,2024-02-12 16:00:00+00:00,2024-02-12 19:00:00+00:00,18003.696,17903.196,17903.696,18203.696,stop,3,-100.5,-201.74
HTF_60m_BR20_S100_T200,LONG,2024-02-12 17:00:00+00:00,2024-02-12 18:00:00+00:00,18024.257,17923.757,17924.257,18224.257,stop,1,-100.5,-201.74
HTF_60m_BR20_S100_T200,SHORT,2024-02-12 20:00:00+00:00,2024-02-13 01:00:00+00:00,17872.327,17850.838,17972.327,17672.327,timeout,4,21.489000000001397,42.23800000000279
HTF_60m_BR20_S100_T200,SHORT,2024-02-12 23:00:00+00:00,2024-02-13 03:00:00+00:00,17848.399,17850.579,17948.399,17648.399,timeout,4,-2.180000000000291,-5.100000000000582
HTF_60m_BR20_S100_T200,SHORT,2024-02-13 09:00:00+00:00,2024-02-13 13:00:00+00:00,17816.45,17616.45,17916.45,17616.45,target,4,200.0,399.26
HTF_60m_BR20_S100_T200,SHORT,2024-02-13 10:00:00+00:00,2024-02-13 13:00:00+00:00,17792.929,17592.929,17892.929,17592.929,target,3,200.0,399.26
HTF_60m_BR20_S100_T200,SHORT,2024-02-13 11:00:00+00:00,2024-02-13 13:00:00+00:00,17775.511,17575.511,17875.511,17575.511,target,2,200.0,399.26
HTF_60m_BR20_S100_T200,SHORT,2024-02-13 12:00:00+00:00,2024-02-13 13:00:00+00:00,17764.594,17564.594,17864.594,17564.594,target,1,200.0,399.26
HTF_60m_BR20_S100_T200,SHORT,2024-02-13 13:00:00+00:00,2024-02-13 14:00:00+00:00,17756.423,17556.423,17856.423,17556.423,target,1,200.0,399.26
HTF_60m_BR20_S100_T200,SHORT,2024-02-13 14:00:00+00:00,2024-02-13 15:00:00+00:00,17584.7,17685.2,17684.7,17384.7,stop,1,-100.5,-201.74
HTF_60m_BR20_S100_T200,SHORT,2024-02-13 20:00:00+00:00,2024-02-13 21:00:00+00:00,17506.834,17607.334,17606.834,17306.834,stop,1,-100.5,-201.74
HTF_60m_BR20_S100_T200,LONG,2024-02-14 21:00:00+00:00,2024-02-15 02:00:00+00:00,17800.76,17805.428,17700.76,18000.76,timeout,4,4.668000000001484,8.596000000002968
HTF_60m_BR20_S100_T200,LONG,2024-02-15 07:00:00+00:00,2024-02-15 11:00:00+00:00,17829.367,17833.861,17729.367,18029.367,timeout,4,4.494000000002416,8.248000000004831
HTF_60m_BR20_S100_T200,LONG,2024-02-15 08:00:00+00:00,2024-02-15 12:00:00+00:00,17844.594,17839.989,17744.594,18044.594,timeout,4,-4.604999999999563,-9.949999999999127
HTF_60m_BR20_S100_T200,LONG,2024-02-15 23:00:00+00:00,2024-02-16 03:00:00+00:00,17887.512,17877.156,17787.512,18087.512,timeout,4,-10.355999999999767,-21.451999999999533
HTF_60m_BR20_S100_T200,LONG,2024-02-16 09:00:00+00:00,2024-02-16 13:00:00+00:00,17944.005,17843.505,17844.005,18144.005,stop,4,-100.5,-201.74
HTF_60m_BR20_S100_T200,SHORT,2024-02-16 15:00:00+00:00,2024-02-16 16:00:00+00:00,17707.694,17808.194,17807.694,17507.694,stop,1,-100.5,-201.74
HTF_60m_BR20_S100_T200,SHORT,2024-02-20 02:00:00+00:00,2024-02-20 06:00:00+00:00,17624.405,17648.872,17724.405,17424.405,timeout,4,-24.467000000000553,-49.67400000000111
HTF_60m_BR20_S100_T200,SHORT,2024-02-20 11:00:00+00:00,2024-02-20 15:00:00+00:00,17570.717,17515.482,17670.717,17370.717,timeout,4,55.23500000000058,109.73000000000117
HTF_60m_BR20_S100_T200,SHORT,2024-02-20 15:00:00+00:00,2024-02-20 19:00:00+00:00,17504.978,17510.868,17604.978,17304.978,timeout,4,-5.889999999999418,-12.519999999998836
HTF_60m_BR20_S100_T200,SHORT,2024-02-21 20:00:00+00:00,2024-02-21 21:00:00+00:00,17345.783,17446.283,17445.783,17145.783,stop,1,-100.5,-201.74
HTF_60m_BR20_S100_T200,LONG,2024-02-22 00:00:00+00:00,2024-02-22 04:00:00+00:00,17651.207,17743.667,17551.207,17851.207,timeout,4,92.46000000000276,184.18000000000552
HTF_60m_BR20_S100_T200,LONG,2024-02-22 01:00:00+00:00,2024-02-22 05:00:00+00:00,17718.251,17737.789,17618.251,17918.251,timeout,4,19.538000000000466,38.33600000000093
HTF_60m_BR20_S100_T200,LONG,2024-02-22 07:00:00+00:00,2024-02-22 11:00:00+00:00,17774.783,17854.938,17674.783,17974.783,timeout,4,80.15499999999884,159.56999999999766
HTF_60m_BR20_S100_T200,LONG,2024-02-22 08:00:00+00:00,2024-02-22 12:00:00+00:00,17787.499,17833.607,17687.499,17987.499,timeout,4,46.108000000000175,91.47600000000035
HTF_60m_BR20_S100_T200,LONG,2024-02-22 09:00:00+00:00,2024-02-22 13:00:00+00:00,17833.822,17843.006,17733.822,18033.822,timeout,4,9.184000000001106,17.628000000002213
HTF_60m_BR20_S100_T200,LONG,2024-02-22 12:00:00+00:00,2024-02-22 16:00:00+00:00,17853.922,17900.327,17753.922,18053.922,timeout,4,46.405000000002474,92.07000000000495
HTF_60m_BR20_S100_T200,LONG,2024-02-22 18:00:00+00:00,2024-02-22 23:00:00+00:00,17968.395,17991.834,17868.395,18168.395,timeout,4,23.438999999998487,46.13799999999697
HTF_60m_BR20_S100_T200,LONG,2024-02-22 19:00:00+00:00,2024-02-23 00:00:00+00:00,18003.111,17978.266,17903.111,18203.111,timeout,4,-24.845000000001164,-50.43000000000233
HTF_60m_BR20_S100_T200,SHORT,2024-02-26 01:00:00+00:00,2024-02-26 05:00:00+00:00,17881.939,17906.179,17981.939,17681.939,timeout,4,-24.2400000000016,-49.2200000000032
HTF_60m_BR20_S100_T200,SHORT,2024-02-28 10:00:00+00:00,2024-02-28 14:00:00+00:00,17853.278,17853.245,17953.278,17653.278,timeout,4,0.03299999999944703,-0.6740000000011059
HTF_60m_BR20_S100_T200,SHORT,2024-02-28 23:00:00+00:00,2024-02-29 03:00:00+00:00,17825.549,17867.772,17925.549,17625.549,timeout,4,-42.223000000001775,-85.18600000000355
HTF_60m_BR20_S100_T200,LONG,2024-02-29 14:00:00+00:00,2024-02-29 16:00:00+00:00,17967.533,17867.033,17867.533,18167.533,stop,2,-100.5,-201.74
HTF_60m_BR20_S100_T200,LONG,2024-02-29 15:00:00+00:00,2024-02-29 16:00:00+00:00,18015.789,17915.289,17915.789,18215.789,stop,1,-100.5,-201.74
HTF_60m_BR20_S100_T200,LONG,2024-03-01 02:00:00+00:00,2024-03-01 06:00:00+00:00,18080.446,18101.867,17980.446,18280.446,timeout,4,21.420999999998457,42.10199999999691
HTF_60m_BR20_S100_T200,LONG,2024-03-01 03:00:00+00:00,2024-03-01 07:00:00+00:00,18088.189,18116.022,17988.189,18288.189,timeout,4,27.833000000002357,54.92600000000471
HTF_60m_BR20_S100_T200,LONG,2024-03-01 04:00:00+00:00,2024-03-01 08:00:00+00:00,18092.105,18085.679,17992.105,18292.105,timeout,4,-6.425999999999476,-13.591999999998952
HTF_60m_BR20_S100_T200,LONG,2024-03-01 07:00:00+00:00,2024-03-01 10:00:00+00:00,18103.06,18002.56,18003.06,18303.06,stop,3,-100.5,-201.74
HTF_60m_BR20_S100_T200,LONG,2024-03-01 08:00:00+00:00,2024-03-01 10:00:00+00:00,18116.633,18016.133,18016.633,18316.633,stop,2,-100.5,-201.74
HTF_60m_BR20_S100_T200,LONG,2024-03-01 16:00:00+00:00,2024-03-01 20:00:00+00:00,18156.551,18297.861,18056.551,18356.551,timeout,4,141.3100000000013,281.8800000000026
HTF_60m_BR20_S100_T200,LONG,2024-03-01 17:00:00+00:00,2024-03-01 21:00:00+00:00,18204.206,18287.472,18104.206,18404.206,timeout,4,83.26600000000326,165.7920000000065
HTF_60m_BR20_S100_T200,LONG,2024-03-01 18:00:00+00:00,2024-03-03 23:00:00+00:00,18251.605,18307.556,18151.605,18451.605,timeout,4,55.95100000000093,111.16200000000187
HTF_60m_BR20_S100_T200,LONG,2024-03-01 19:00:00+00:00,2024-03-04 00:00:00+00:00,18309.294,18304.649,18209.294,18509.294,timeout,4,-4.645000000000437,-10.030000000000873
HTF_60m_BR20_S100_T200,LONG,2024-03-01 20:00:00+00:00,2024-03-04 01:00:00+00:00,18330.989,18310.906,18230.989,18530.989,timeout,4,-20.083000000002357,-40.90600000000472
HTF_60m_BR20_S100_T200,SHORT,2024-03-04 21:00:00+00:00,2024-03-05 02:00:00+00:00,18223.706,18162.061,18323.706,18023.706,timeout,4,61.6449999999968,122.5499999999936
HTF_60m_BR20_S100_T200,SHORT,2024-03-04 23:00:00+00:00,2024-03-05 03:00:00+00:00,18209.295,18180.056,18309.295,18009.295,timeout,4,29.23899999999776,57.737999999995516
HTF_60m_BR20_S100_T200,SHORT,2024-03-05 00:00:00+00:00,2024-03-05 04:00:00+00:00,18190.606,18177.09,18290.606,17990.606,timeout,4,13.515999999999622,26.291999999999245
HTF_60m_BR20_S100_T200,SHORT,2024-03-05 02:00:00+00:00,2024-03-05 06:00:00+00:00,18171.91,18149.36,18271.91,17971.91,timeout,4,22.549999999999272,44.35999999999854
HTF_60m_BR20_S100_T200,SHORT,2024-03-05 07:00:00+00:00,2024-03-05 11:00:00+00:00,18147.617,18126.05,18247.617,17947.617,timeout,4,21.566999999999098,42.393999999998194
HTF_60m_BR20_S100_T200,SHORT,2024-03-05 09:00:00+00:00,2024-03-05 13:00:00+00:00,18116.284,18100.812,18216.284,17916.284,timeout,4,15.471999999997934,30.20399999999587
HTF_60m_BR20_S100_T200,SHORT,2024-03-05 10:00:00+00:00,2024-03-05 14:00:00+00:00,18096.195,18008.972,18196.195,17896.195,timeout,4,87.22299999999814,173.70599999999627
HTF_60m_BR20_S100_T200,SHORT,2024-03-05 15:00:00+00:00,2024-03-05 19:00:00+00:00,18007.8,17826.839,18107.8,17807.8,timeout,4,180.96099999999933,361.18199999999865
HTF_60m_BR20_S100_T200,SHORT,2024-03-05 16:00:00+00:00,2024-03-05 20:00:00+00:00,17909.279,17900.961,18009.279,17709.279,timeout,4,8.317999999999302,15.895999999998603
HTF_60m_BR20_S100_T200,SHORT,2024-03-05 19:00:00+00:00,2024-03-05 23:00:00+00:00,17848.183,17948.683,17948.183,17648.183,stop,3,-100.5,-201.74
HTF_60m_BR20_S100_T200,SHORT,2024-03-05 20:00:00+00:00,2024-03-05 21:00:00+00:00,17825.382,17925.882,17925.382,17625.382,stop,1,-100.5,-201.74
HTF_60m_BR20_S100_T200,LONG,2024-03-06 14:00:00+00:00,2024-03-06 15:00:00+00:00,18070.412,17969.912,17970.412,18270.412,stop,1,-100.5,-201.74
HTF_60m_BR20_S100_T200,LONG,2024-03-06 18:00:00+00:00,2024-03-06 19:00:00+00:00,18107.173,18006.673,18007.173,18307.173,stop,1,-100.5,-201.74
HTF_60m_BR20_S100_T200,SHORT,2024-03-07 02:00:00+00:00,2024-03-07 06:00:00+00:00,17936.111,17938.882,18036.111,17736.111,timeout,4,-2.7710000000006403,-6.282000000001281
HTF_60m_BR20_S100_T200,SHORT,2024-03-07 03:00:00+00:00,2024-03-07 07:00:00+00:00,17924.138,17927.456,18024.138,17724.138,timeout,4,-3.3179999999993015,-7.375999999998603
HTF_60m_BR20_S100_T200,LONG,2024-03-07 15:00:00+00:00,2024-03-07 19:00:00+00:00,18172.194,18304.956,18072.194,18372.194,timeout,4,132.7619999999988,264.7839999999976
HTF_60m_BR20_S100_T200,LONG,2024-03-07 16:00:00+00:00,2024-03-07 20:00:00+00:00,18230.238,18287.05,18130.238,18430.238,timeout,4,56.81199999999808,112.88399999999616
HTF_60m_BR20_S100_T200,LONG,2024-03-07 17:00:00+00:00,2024-03-07 21:00:00+00:00,18281.212,18242.239,18181.212,18481.212,timeout,4,-38.97299999999814,-78.68599999999627
HTF_60m_BR20_S100_T200,LONG,2024-03-07 18:00:00+00:00,2024-03-07 23:00:00+00:00,18288.228,18245.656,18188.228,18488.228,timeout,4,-42.572000000000116,-85.88400000000023
HTF_60m_BR20_S100_T200,LONG,2024-03-07 19:00:00+00:00,2024-03-07 21:00:00+00:00,18332.495,18231.995,18232.495,18532.495,stop,2,-100.5,-201.74
HTF_60m_BR20_S100_T200,LONG,2024-03-08 15:00:00+00:00,2024-03-08 16:00:00+00:00,18372.183,18271.683,18272.183,18572.183,stop,1,-100.5,-201.74
HTF_60m_BR20_S100_T200,SHORT,2024-03-08 17:00:00+00:00,2024-03-08 21:00:00+00:00,18157.571,18044.162,18257.571,17957.571,timeout,4,113.40899999999965,226.0779999999993
HTF_60m_BR20_S100_T200,SHORT,2024-03-08 18:00:00+00:00,2024-03-08 19:00:00+00:00,18047.067,18147.567,18147.067,17847.067,stop,1,-100.5,-201.74
HTF_60m_BR20_S100_T200,SHORT,2024-03-08 19:00:00+00:00,2024-03-08 20:00:00+00:00,18028.378,18128.878,18128.378,17828.378,stop,1,-100.5,-201.74
HTF_60m_BR20_S100_T200,SHORT,2024-03-10 23:00:00+00:00,2024-03-11 03:00:00+00:00,17962.99,17979.032,18062.99,17762.99,timeout,4,-16.041999999997643,-32.82399999999529
HTF_60m_BR20_S100_T200,SHORT,2024-03-11 14:00:00+00:00,2024-03-11 15:00:00+00:00,17883.717,17984.217,17983.717,17683.717,stop,1,-100.5,-201.74
HTF_60m_BR20_S100_T200,LONG,2024-03-12 05:00:00+00:00,2024-03-12 09:00:00+00:00,18055.672,18016.278,17955.672,18255.672,timeout,4,-39.39400000000023,-79.52800000000046
HTF_60m_BR20_S100_T200,LONG,2024-03-12 06:00:00+00:00,2024-03-12 10:00:00+00:00,18077.095,18033.734,17977.095,18277.095,timeout,4,-43.361000000000786,-87.46200000000157
HTF_60m_BR20_S100_T200,LONG,2024-03-12 15:00:00+00:00,2024-03-12 19:00:00+00:00,18160.499,18213.361,18060.499,18360.499,timeout,4,52.86200000000099,104.98400000000198
HTF_60m_BR20_S100_T200,LONG,2024-03-12 20:00:00+00:00,2024-03-13 01:00:00+00:00,18215.412,18201.74,18115.412,18415.412,timeout,4,-13.671999999998661,-28.08399999999732
HTF_60m_BR20_S100_T200,LONG,2024-03-13 08:00:00+00:00,2024-03-13 12:00:00+00:00,18239.938,18165.645,18139.938,18439.938,timeout,4,-74.29299999999785,-149.3259999999957
HTF_60m_BR20_S100_T200,SHORT,2024-03-14 14:00:00+00:00,2024-03-14 15:00:00+00:00,17985.556,18086.056,18085.556,17785.556,stop,1,-100.5,-201.74
HTF_60m_BR20_S100_T200,SHORT,2024-03-15 14:00:00+00:00,2024-03-15 18:00:00+00:00,17842.9,17837.989,17942.9,17642.9,timeout,4,4.911000000000058,9.082000000000116
HTF_60m_BR20_S100_T200,SHORT,2024-03-15 17:00:00+00:00,2024-03-17 22:00:00+00:00,17763.382,17826.928,17863.382,17563.382,timeout,4,-63.54599999999846,-127.83199999999691
HTF_60m_BR20_S100_T200,LONG,2024-03-18 12:00:00+00:00,2024-03-18 16:00:00+00:00,18019.445,17998.367,17919.445,18219.445,timeout,4,-21.07800000000134,-42.89600000000268
HTF_60m_BR20_S100_T200,LONG,2024-03-18 13:00:00+00:00,2024-03-18 17:00:00+00:00,18033.026,18022.589,17933.026,18233.026,timeout,4,-10.437000000001717,-21.614000000003433
HTF_60m_BR20_S100_T200,SHORT,2024-03-19 12:00:00+00:00,2024-03-19 16:00:00+00:00,17872.018,17972.518,17972.018,17672.018,stop,4,-100.5,-201.74
HTF_60m_BR20_S100_T200,LONG,2024-03-20 12:00:00+00:00,2024-03-20 16:00:00+00:00,18075.389,18048.023,17975.389,18275.389,timeout,4,-27.365999999998166,-55.471999999996335
HTF_60m_BR20_S100_T200,LONG,2024-03-20 19:00:00+00:00,2024-03-21 00:00:00+00:00,18176.989,18318.844,18076.989,18376.989,timeout,4,141.85499999999956,282.9699999999991
HTF_60m_BR20_S100_T200,LONG,2024-03-20 20:00:00+00:00,2024-03-21 01:00:00+00:00,18238.206,18327.728,18138.206,18438.206,timeout,4,89.52200000000084,178.30400000000168
HTF_60m_BR20_S100_T200,LONG,2024-03-20 22:00:00+00:00,2024-03-21 02:00:00+00:00,18292.128,18345.951,18192.128,18492.128,timeout,4,53.82300000000032,106.90600000000065
HTF_60m_BR20_S100_T200,LONG,2024-03-20 23:00:00+00:00,2024-03-21 03:00:00+00:00,18316.989,18349.516,18216.989,18516.989,timeout,4,32.526999999998225,64.31399999999645
HTF_60m_BR20_S100_T200,LONG,2024-03-21 00:00:00+00:00,2024-03-21 04:00:00+00:00,18337.101,18358.518,18237.101,18537.101,timeout,4,21.41700000000128,42.09400000000256
HTF_60m_BR20_S100_T200,LONG,2024-03-21 05:00:00+00:00,2024-03-21 09:00:00+00:00,18360.211,18364.417,18260.211,18560.211,timeout,4,4.20600000000195,7.6720000000039
HTF_60m_BR20_S100_T200,LONG,2024-03-21 06:00:00+00:00,2024-03-21 10:00:00+00:00,18369.817,18363.355,18269.817,18569.817,timeout,4,-6.461999999999534,-13.663999999999069
HTF_60m_BR20_S100_T200,LONG,2024-03-21 07:00:00+00:00,2024-03-21 11:00:00+00:00,18391.3,18397.056,18291.3,18591.3,timeout,4,5.756000000001222,10.772000000002445
HTF_60m_BR20_S100_T200,LONG,2024-03-21 08:00:00+00:00,2024-03-21 12:00:00+00:00,18418.694,18415.751,18318.694,18618.694,timeout,4,-2.9429999999993015,-6.625999999998603
HTF_60m_BR20_S100_T200,SHORT,2024-03-22 03:00:00+00:00,2024-03-22 07:00:00+00:00,18296.306,18324.806,18396.306,18096.306,timeout,4,-28.5,-57.74
HTF_60m_BR20_S100_T200,SHORT,2024-03-22 12:00:00+00:00,2024-03-22 16:00:00+00:00,18272.284,18346.238,18372.284,18072.284,timeout,4,-73.95400000000154,-148.6480000000031
HTF_60m_BR20_S100_T200,LONG,2024-03-22 18:00:00+00:00,2024-03-24 23:00:00+00:00,18389.628,18351.05,18289.628,18589.628,timeout,4,-38.57800000000134,-77.89600000000267
HTF_60m_BR20_S100_T200,SHORT,2024-03-25 11:00:00+00:00,2024-03-25 15:00:00+00:00,18266.0,18308.456,18366.0,18066.0,timeout,4,-42.45599999999831,-85.65199999999662
HTF_60m_BR20_S100_T200,SHORT,2024-03-25 12:00:00+00:00,2024-03-25 16:00:00+00:00,18233.616,18299.261,18333.616,18033.616,timeout,4,-65.6449999999968,-132.0299999999936
HTF_60m_BR20_S100_T200,LONG,2024-03-26 07:00:00+00:00,2024-03-26 11:00:00+00:00,18346.839,18383.855,18246.839,18546.839,timeout,4,37.01599999999962,73.29199999999925
HTF_60m_BR20_S100_T200,SHORT,2024-03-26 20:00:00+00:00,2024-03-27 01:00:00+00:00,18220.794,18265.772,18320.794,18020.794,timeout,4,-44.977999999999156,-90.6959999999983
HTF_60m_BR20_S100_T200,SHORT,2024-03-27 15:00:00+00:00,2024-03-27 19:00:00+00:00,18197.778,18285.861,18297.778,17997.778,timeout,4,-88.08300000000236,-176.90600000000472
HTF_60m_BR20_S100_T200,LONG,2024-03-31 23:00:00+00:00,2024-04-01 03:00:00+00:00,18356.043,18367.589,18256.043,18556.043,timeout,4,11.545999999998457,22.351999999996917
HTF_60m_BR20_S100_T200,LONG,2024-04-01 00:00:00+00:00,2024-04-01 04:00:00+00:00,18392.873,18372.351,18292.873,18592.873,timeout,4,-20.522000000000844,-41.78400000000169
HTF_60m_BR20_S100_T200,SHORT,2024-04-01 16:00:00+00:00,2024-04-01 20:00:00+00:00,18212.117,18290.16,18312.117,18012.117,timeout,4,-78.04300000000148,-156.82600000000298
HTF_60m_BR20_S100_T200,SHORT,2024-04-02 12:00:00+00:00,2024-04-02 16:00:00+00:00,18194.196,18086.362,18294.196,17994.196,timeout,4,107.83399999999892,214.92799999999784
HTF_60m_BR20_S100_T200,SHORT,2024-04-02 13:00:00+00:00,2024-04-02 17:00:00+00:00,18129.211,18073.745,18229.211,17929.211,timeout,4,55.46600000000035,110.1920000000007
HTF_60m_BR20_S100_T200,SHORT,2024-04-02 14:00:00+00:00,2024-04-02 18:00:00+00:00,18042.595,18074.578,18142.595,17842.595,timeout,4,-31.983000000000175,-64.70600000000034
HTF_60m_BR20_S100_T200,SHORT,2024-04-02 15:00:00+00:00,2024-04-02 19:00:00+00:00,18011.194,18111.694,18111.194,17811.194,stop,4,-100.5,-201.74
HTF_60m_BR20_S100_T200,LONG,2024-04-03 15:00:00+00:00,2024-04-03 19:00:00+00:00,18222.284,18121.784,18122.284,18422.284,stop,4,-100.5,-201.74
HTF_60m_BR20_S100_T200,LONG,2024-04-04 00:00:00+00:00,2024-04-04 04:00:00+00:00,18244.732,18250.077,18144.732,18444.732,timeout,4,5.345000000001164,9.950000000002328
HTF_60m_BR20_S100_T200,LONG,2024-04-04 13:00:00+00:00,2024-04-04 17:00:00+00:00,18335.661,18294.561,18235.661,18535.661,timeout,4,-41.099999999998545,-82.93999999999708
HTF_60m_BR20_S100_T200,SHORT,2024-04-04 19:00:00+00:00,2024-04-05 00:00:00+00:00,18023.183,17904.689,18123.183,17823.183,timeout,4,118.49400000000242,236.24800000000482
HTF_60m_BR20_S100_T200,SHORT,2024-04-04 20:00:00+00:00,2024-04-05 01:00:00+00:00,17881.209,17878.833,17981.209,17681.209,timeout,4,2.3760000000002037,4.012000000000407
HTF_60m_BR20_S100_T200,LONG,2024-04-05 17:00:00+00:00,2024-04-05 18:00:00+00:00,18205.827,18105.327,18105.827,18405.827,stop,1,-100.5,-201.74
HTF_60m_BR20_S100_T200,SHORT,2024-04-09 15:00:00+00:00,2024-04-09 19:00:00+00:00,18025.495,18125.995,18125.495,17825.495,stop,4,-100.5,-201.74
HTF_60m_BR20_S100_T200,SHORT,2024-04-10 13:00:00+00:00,2024-04-10 14:00:00+00:00,17917.918,18018.418,18017.918,17717.918,stop,1,-100.5,-201.74
HTF_60m_BR20_S100_T200,LONG,2024-04-11 13:00:00+00:00,2024-04-11 17:00:00+00:00,18070.111,18255.722,17970.111,18270.111,timeout,4,185.6110000000008,370.48200000000156
HTF_60m_BR20_S100_T200,LONG,2024-04-11 16:00:00+00:00,2024-04-11 20:00:00+00:00,18142.695,18311.133,18042.695,18342.695,timeout,4,168.43800000000192,336.13600000000383
HTF_60m_BR20_S100_T200,LONG,2024-04-11 18:00:00+00:00,2024-04-11 23:00:00+00:00,18257.89,18310.649,18157.89,18457.89,timeout,4,52.75900000000183,104.77800000000367
HTF_60m_BR20_S100_T200,LONG,2024-04-11 19:00:00+00:00,2024-04-12 00:00:00+00:00,18298.81,18312.867,18198.81,18498.81,timeout,4,14.05699999999706,27.373999999994123
HTF_60m_BR20_S100_T200,SHORT,2024-04-12 15:00:00+00:00,2024-04-12 19:00:00+00:00,18025.778,18012.961,18125.778,17825.778,timeout,4,12.816999999999098,24.893999999998197
HTF_60m_BR20_S100_T200,SHORT,2024-04-12 17:00:00+00:00,2024-04-14 22:00:00+00:00,17988.383,18053.533,18088.383,17788.383,timeout,4,-65.14999999999782,-131.03999999999564
HTF_60m_BR20_S100_T200,LONG,2024-04-15 13:00:00+00:00,2024-04-15 14:00:00+00:00,18164.201,18063.701,18064.201,18364.201,stop,1,-100.5,-201.74
HTF_60m_BR20_S100_T200,SHORT,2024-04-15 17:00:00+00:00,2024-04-15 18:00:00+00:00,17936.345,17736.345,18036.345,17736.345,target,1,200.0,399.26
HTF_60m_BR20_S100_T200,SHORT,2024-04-15 18:00:00+00:00,2024-04-15 23:00:00+00:00,17751.095,17701.971,17851.095,17551.095,timeout,4,49.123999999999796,97.5079999999996
HTF_60m_BR20_S100_T200,SHORT,2024-04-16 03:00:00+00:00,2024-04-16 07:00:00+00:00,17665.495,17705.155,17765.495,17465.495,timeout,4,-39.659999999999854,-80.0599999999997
HTF_60m_BR20_S100_T200,LONG,2024-04-16 19:00:00+00:00,2024-04-17 00:00:00+00:00,17785.696,17746.923,17685.696,17985.696,timeout,4,-38.77300000000105,-78.28600000000209
HTF_60m_BR20_S100_T200,SHORT,2024-04-17 16:00:00+00:00,2024-04-17 20:00:00+00:00,17586.078,17501.201,17686.078,17386.078,timeout,4,84.87700000000041,169.0140000000008
HTF_60m_BR20_S100_T200,SHORT,2024-04-17 17:00:00+00:00,2024-04-17 18:00:00+00:00,17482.521,17583.021,17582.521,17282.521,stop,1,-100.5,-201.74
HTF_60m_BR20_S100_T200,SHORT,2024-04-19 00:00:00+00:00,2024-04-19 01:00:00+00:00,17340.983,17140.983,17440.983,17140.983,target,1,200.0,399.26
HTF_60m_BR20_S100_T200,SHORT,2024-04-19 01:00:00+00:00,2024-04-19 02:00:00+00:00,17289.361,17089.361,17389.361,17089.361,target,1,200.0,399.26
HTF_60m_BR20_S100_T200,SHORT,2024-04-19 02:00:00+00:00,2024-04-19 04:00:00+00:00,17127.81,17228.31,17227.81,16927.81,stop,2,-100.5,-201.74
HTF_60m_BR20_S100_T200,SHORT,2024-04-19 19:00:00+00:00,2024-04-21 22:00:00+00:00,17014.795,17115.295,17114.795,16814.795,stop,2,-100.5,-201.74
HTF_60m_BR20_S100_T200,LONG,2024-04-22 18:00:00+00:00,2024-04-22 23:00:00+00:00,17256.216,17155.716,17156.216,17456.216,stop,4,-100.5,-201.74
HTF_60m_BR20_S100_T200,LONG,2024-04-23 14:00:00+00:00,2024-04-23 18:00:00+00:00,17362.473,17506.465,17262.473,17562.473,timeout,4,143.99199999999837,287.24399999999673
HTF_60m_BR20_S100_T200,LONG,2024-04-23 15:00:00+00:00,2024-04-23 19:00:00+00:00,17455.895,17465.189,17355.895,17655.895,timeout,4,9.29399999999805,17.8479999999961
HTF_60m_BR20_S100_T200,LONG,2024-04-23 18:00:00+00:00,2024-04-23 23:00:00+00:00,17497.828,17562.501,17397.828,17697.828,timeout,4,64.67299999999886,128.60599999999772
HTF_60m_BR20_S100_T200,LONG,2024-04-23 19:00:00+00:00,2024-04-24 00:00:00+00:00,17507.634,17577.256,17407.634,17707.634,timeout,4,69.62200000000303,138.50400000000604
HTF_60m_BR20_S100_T200,LONG,2024-04-23 23:00:00+00:00,2024-04-24 03:00:00+00:00,17542.895,17595.556,17442.895,17742.895,timeout,4,52.66100000000006,104.58200000000012
HTF_60m_BR20_S100_T200,LONG,2024-04-24 00:00:00+00:00,2024-04-24 04:00:00+00:00,17563.811,17590.533,17463.811,17763.811,timeout,4,26.721999999997934,52.703999999995865
HTF_60m_BR20_S100_T200,LONG,2024-04-24 02:00:00+00:00,2024-04-24 06:00:00+00:00,17590.594,17593.552,17490.594,17790.594,timeout,4,2.9579999999987194,5.175999999997439
HTF_60m_BR20_S100_T200,SHORT,2024-04-24 22:00:00+00:00,2024-04-25 02:00:00+00:00,17338.988,17333.545,17438.988,17138.988,timeout,4,5.4430000000029395,10.146000000005879
HTF_60m_BR20_S100_T200,SHORT,2024-04-24 23:00:00+00:00,2024-04-25 03:00:00+00:00,17334.634,17328.95,17434.634,17134.634,timeout,4,5.683999999997468,10.627999999994936
HTF_60m_BR20_S100_T200,SHORT,2024-04-25 06:00:00+00:00,2024-04-25 09:00:00+00:00,17289.505,17390.005,17389.505,17089.505,stop,3,-100.5,-201.74
HTF_60m_BR20_S100_T200,SHORT,2024-04-25 13:00:00+00:00,2024-04-25 16:00:00+00:00,17247.413,17347.913,17347.413,17047.413,stop,3,-100.5,-201.74
HTF_60m_BR20_S100_T200,SHORT,2024-04-25 14:00:00+00:00,2024-04-25 16:00:00+00:00,17227.722,17328.222,17327.722,17027.722,stop,2,-100.5,-201.74
HTF_60m_BR20_S100_T200,LONG,2024-04-25 22:00:00+00:00,2024-04-26 02:00:00+00:00,17638.122,17635.221,17538.122,17838.122,timeout,4,-2.900999999998021,-6.541999999996042
HTF_60m_BR20_S100_T200,LONG,2024-04-26 15:00:00+00:00,2024-04-26 19:00:00+00:00,17727.166,17711.166,17627.166,17927.166,timeout,4,-16.0,-32.74
HTF_60m_BR20_S100_T200,LONG,2024-04-29 02:00:00+00:00,2024-04-29 06:00:00+00:00,17780.8,17764.868,17680.8,17980.8,timeout,4,-15.932000000000698,-32.6040000000014
HTF_60m_BR20_S100_T200,LONG,2024-04-29 06:00:00+00:00,2024-04-29 10:00:00+00:00,17795.673,17771.351,17695.673,17995.673,timeout,4,-24.322000000000116,-49.384000000000235
HTF_60m_BR20_S100_T200,SHORT,2024-04-30 16:00:00+00:00,2024-04-30 20:00:00+00:00,17641.588,17441.588,17741.588,17441.588,target,4,200.0,399.26
HTF_60m_BR20_S100_T200,SHORT,2024-04-30 17:00:00+00:00,2024-04-30 22:00:00+00:00,17581.957,17381.957,17681.957,17381.957,target,4,200.0,399.26
HTF_60m_BR20_S100_T200,SHORT,2024-04-30 20:00:00+00:00,2024-05-01 01:00:00+00:00,17446.167,17392.683,17546.167,17246.167,timeout,4,53.48400000000038,106.22800000000076
HTF_60m_BR20_S100_T200,SHORT,2024-04-30 22:00:00+00:00,2024-05-01 02:00:00+00:00,17369.084,17397.177,17469.084,17169.084,timeout,4,-28.093000000000757,-56.926000000001515
HTF_60m_BR20_S100_T200,SHORT,2024-04-30 23:00:00+00:00,2024-05-01 03:00:00+00:00,17375.368,17407.628,17475.368,17175.368,timeout,4,-32.26000000000204,-65.26000000000407
HTF_60m_BR20_S100_T200,SHORT,2024-05-01 10:00:00+00:00,2024-05-01 14:00:00+00:00,17315.944,17373.56,17415.944,17115.944,timeout,4,-57.616000000001804,-115.9720000000036
HTF_60m_BR20_S100_T200,LONG,2024-05-01 19:00:00+00:00,2024-05-01 20:00:00+00:00,17635.378,17534.878,17535.378,17835.378,stop,1,-100.5,-201.74
HTF_60m_BR20_S100_T200,LONG,2024-05-02 19:00:00+00:00,2024-05-03 00:00:00+00:00,17560.334,17657.933,17460.334,17760.334,timeout,4,97.59900000000198,194.45800000000395
HTF_60m_BR20_S100_T200,LONG,2024-05-02 23:00:00+00:00,2024-05-03 03:00:00+00:00,17643.078,17657.355,17543.078,17843.078,timeout,4,14.276999999998225,27.81399999999645
HTF_60m_BR20_S100_T200,LONG,2024-05-03 13:00:00+00:00,2024-05-03 17:00:00+00:00,17819.153,17875.588,17719.153,18019.153,timeout,4,56.43500000000131,112.13000000000262
HTF_60m_BR20_S100_T200,LONG,2024-05-03 14:00:00+00:00,2024-05-03 15:00:00+00:00,17895.835,17795.335,17795.835,18095.835,stop,1,-100.5,-201.74
HTF_60m_BR20_S100_T200,LONG,2024-05-06 11:00:00+00:00,2024-05-06 15:00:00+00:00,17945.141,18005.251,17845.141,18145.141,timeout,4,60.11000000000058,119.48000000000117
HTF_60m_BR20_S100_T200,LONG,2024-05-06 14:00:00+00:00,2024-05-06 18:00:00+00:00,18003.189,18039.465,17903.189,18203.189,timeout,4,36.27600000000166,71.81200000000332
HTF_60m_BR20_S100_T200,LONG,2024-05-06 18:00:00+00:00,2024-05-06 23:00:00+00:00,18023.679,18079.151,17923.679,18223.679,timeout,4,55.47200000000157,110.20400000000315
HTF_60m_BR20_S100_T200,LONG,2024-05-06 19:00:00+00:00,2024-05-07 00:00:00+00:00,18040.565,18072.672,17940.565,18240.565,timeout,4,32.10699999999997,63.47399999999994
HTF_60m_BR20_S100_T200,LONG,2024-05-06 20:00:00+00:00,2024-05-07 01:00:00+00:00,18092.406,18076.566,17992.406,18292.406,timeout,4,-15.840000000000146,-32.42000000000029
HTF_60m_BR20_S100_T200,LONG,2024-05-07 15:00:00+00:00,2024-05-07 19:00:00+00:00,18145.073,18089.656,18045.073,18345.073,timeout,4,-55.41700000000128,-111.57400000000256
HTF_60m_BR20_S100_T200,LONG,2024-05-07 16:00:00+00:00,2024-05-07 20:00:00+00:00,18146.394,18106.754,18046.394,18346.394,timeout,4,-39.63999999999942,-80.01999999999883
HTF_60m_BR20_S100_T200,SHORT,2024-05-08 12:00:00+00:00,2024-05-08 16:00:00+00:00,18044.755,18065.433,18144.755,17844.755,timeout,4,-20.677999999999884,-42.09599999999977
HTF_60m_BR20_S100_T200,SHORT,2024-05-08 13:00:00+00:00,2024-05-08 14:00:00+00:00,17985.711,18086.211,18085.711,17785.711,stop,1,-100.5,-201.74
HTF_60m_BR20_S100_T200,LONG,2024-05-09 15:00:00+00:00,2024-05-09 19:00:00+00:00,18113.895,18119.251,18013.895,18313.895,timeout,4,5.355999999999767,9.971999999999534
HTF_60m_BR20_S100_T200,LONG,2024-05-10 07:00:00+00:00,2024-05-10 11:00:00+00:00,18157.894,18187.939,18057.894,18357.894,timeout,4,30.044999999998254,59.349999999996506
HTF_60m_BR20_S100_T200,LONG,2024-05-10 09:00:00+00:00,2024-05-10 13:00:00+00:00,18195.967,18232.144,18095.967,18395.967,timeout,4,36.17699999999968,71.61399999999936
HTF_60m_BR20_S100_T200,LONG,2024-05-10 10:00:00+00:00,2024-05-10 14:00:00+00:00,18205.005,18104.505,18105.005,18405.005,stop,4,-100.5,-201.74
HTF_60m_BR20_S100_T200,LONG,2024-05-10 14:00:00+00:00,2024-05-10 15:00:00+00:00,18233.378,18132.878,18133.378,18433.378,stop,1,-100.5,-201.74
HTF_60m_BR20_S100_T200,LONG,2024-05-13 13:00:00+00:00,2024-05-13 17:00:00+00:00,18231.916,18189.873,18131.916,18431.916,timeout,4,-42.043000000001484,-84.82600000000296
HTF_60m_BR20_S100_T200,LONG,2024-05-14 15:00:00+00:00,2024-05-14 19:00:00+00:00,18246.383,18315.316,18146.383,18446.383,timeout,4,68.93299999999726,137.12599999999452
HTF_60m_BR20_S100_T200,LONG,2024-05-14 19:00:00+00:00,2024-05-15 00:00:00+00:00,18314.415,18312.161,18214.415,18514.415,timeout,4,-2.254000000000815,-5.24800000000163
HTF_60m_BR20_S100_T200,LONG,2024-05-15 13:00:00+00:00,2024-05-15 17:00:00+00:00,18414.483,18584.634,18314.483,18614.483,timeout,4,170.15099999999802,339.56199999999603
HTF_60m_BR20_S100_T200,LONG,2024-05-15 15:00:00+00:00,2024-05-15 19:00:00+00:00,18477.633,18597.772,18377.633,18677.633,timeout,4,120.13899999999921,239.53799999999842
HTF_60m_BR20_S100_T200,LONG,2024-05-15 16:00:00+00:00,2024-05-15 20:00:00+00:00,18500.416,18586.172,18400.416,18700.416,timeout,4,85.75599999999758,170.77199999999516
HTF_60m_BR20_S100_T200,LONG,2024-05-15 17:00:00+00:00,2024-05-15 22:00:00+00:00,18534.49,18609.745,18434.49,18734.49,timeout,4,75.25499999999738,149.76999999999475
HTF_60m_BR20_S100_T200,LONG,2024-05-15 18:00:00+00:00,2024-05-15 23:00:00+00:00,18585.622,18627.944,18485.622,18785.622,timeout,4,42.322000000000116,83.90400000000024
HTF_60m_BR20_S100_T200,LONG,2024-05-15 19:00:00+00:00,2024-05-16 00:00:00+00:00,18588.5,18634.767,18488.5,18788.5,timeout,4,46.266999999999825,91.79399999999966
HTF_60m_BR20_S100_T200,LONG,2024-05-15 23:00:00+00:00,2024-05-16 03:00:00+00:00,18610.833,18639.34,18510.833,18810.833,timeout,4,28.507000000001426,56.27400000000285
HTF_60m_BR20_S100_T200,LONG,2024-05-16 00:00:00+00:00,2024-05-16 04:00:00+00:00,18629.622,18631.344,18529.622,18829.622,timeout,4,1.7220000000015716,2.704000000003143
HTF_60m_BR20_S100_T200,LONG,2024-05-16 01:00:00+00:00,2024-05-16 05:00:00+00:00,18636.012,18629.906,18536.012,18836.012,timeout,4,-6.105999999999767,-12.951999999999535
HTF_60m_BR20_S100_T200,LONG,2024-05-16 15:00:00+00:00,2024-05-16 19:00:00+00:00,18660.367,18559.867,18560.367,18860.367,stop,4,-100.5,-201.74
HTF_60m_BR20_S100_T200,SHORT,2024-05-16 20:00:00+00:00,2024-05-17 01:00:00+00:00,18557.883,18572.311,18657.883,18357.883,timeout,4,-14.427999999999884,-29.595999999999766
HTF_60m_BR20_S100_T200,SHORT,2024-05-16 22:00:00+00:00,2024-05-17 02:00:00+00:00,18555.028,18558.933,18655.028,18355.028,timeout,4,-3.905000000002474,-8.550000000004948
HTF_60m_BR20_S100_T200,SHORT,2024-05-17 09:00:00+00:00,2024-05-17 13:00:00+00:00,18542.124,18553.8,18642.124,18342.124,timeout,4,-11.675999999999476,-24.09199999999895
HTF_60m_BR20_S100_T200,LONG,2024-05-20 12:00:00+00:00,2024-05-20 16:00:00+00:00,18597.588,18704.96,18497.588,18797.588,timeout,4,107.37199999999939,214.00399999999877
HTF_60m_BR20_S100_T200,LONG,2024-05-20 14:00:00+00:00,2024-05-20 18:00:00+00:00,18664.768,18660.412,18564.768,18864.768,timeout,4,-4.355999999999767,-9.451999999999535
HTF_60m_BR20_S100_T200,LONG,2024-05-20 17:00:00+00:00,2024-05-20 22:00:00+00:00,18706.577,18659.427,18606.577,18906.577,timeout,4,-47.150000000001455,-95.0400000000029
HTF_60m_BR20_S100_T200,LONG,2024-05-21 18:00:00+00:00,2024-05-21 23:00:00+00:00,18692.984,18729.123,18592.984,18892.984,timeout,4,36.138999999999214,71.53799999999843
HTF_60m_BR20_S100_T200,LONG,2024-05-21 20:00:00+00:00,2024-05-22 01:00:00+00:00,18714.052,18731.344,18614.052,18914.052,timeout,4,17.29200000000128,33.84400000000256
HTF_60m_BR20_S100_T200,LONG,2024-05-21 23:00:00+00:00,2024-05-22 03:00:00+00:00,18727.539,18725.351,18627.539,18927.539,timeout,4,-2.188000000001921,-5.116000000003842
HTF_60m_BR20_S100_T200,LONG,2024-05-22 00:00:00+00:00,2024-05-22 04:00:00+00:00,18730.061,18724.606,18630.061,18930.061,timeout,4,-5.455000000001746,-11.650000000003493
HTF_60m_BR20_S100_T200,LONG,2024-05-22 14:00:00+00:00,2024-05-22 18:00:00+00:00,18740.605,18640.105,18640.605,18940.605,stop,3,-100.5,-201.74
HTF_60m_BR20_S100_T200,SHORT,2024-05-22 19:00:00+00:00,2024-05-22 22:00:00+00:00,18646.51,18747.01,18746.51,18446.51,stop,2,-100.5,-201.74
HTF_60m_BR20_S100_T200,LONG,2024-05-22 23:00:00+00:00,2024-05-23 03:00:00+00:00,18778.111,18884.683,18678.111,18978.111,timeout,4,106.57200000000012,212.40400000000022
HTF_60m_BR20_S100_T200,LONG,2024-05-23 00:00:00+00:00,2024-05-23 04:00:00+00:00,18798.733,18886.094,18698.733,18998.733,timeout,4,87.36100000000079,173.98200000000156
HTF_60m_BR20_S100_T200,LONG,2024-05-23 02:00:00+00:00,2024-05-23 06:00:00+00:00,18824.861,18866.089,18724.861,19024.861,timeout,4,41.227999999999156,81.71599999999832
HTF_60m_BR20_S100_T200,LONG,2024-05-23 03:00:00+00:00,2024-05-23 07:00:00+00:00,18865.456,18857.44,18765.456,19065.456,timeout,4,-8.015999999999622,-16.77199999999924
HTF_60m_BR20_S100_T200,LONG,2024-05-23 04:00:00+00:00,2024-05-23 08:00:00+00:00,18885.844,18860.812,18785.844,19085.844,timeout,4,-25.031999999999243,-50.80399999999849
HTF_60m_BR20_S100_T200,LONG,2024-05-23 11:00:00+00:00,2024-05-23 13:00:00+00:00,18892.844,18792.344,18792.844,19092.844,stop,2,-100.5,-201.74
HTF_60m_BR20_S100_T200,LONG,2024-05-23 12:00:00+00:00,2024-05-23 13:00:00+00:00,18915.183,18814.683,18815.183,19115.183,stop,1,-100.5,-201.74
HTF_60m_BR20_S100_T200,LONG,2024-05-23 13:00:00+00:00,2024-05-23 14:00:00+00:00,18932.149,18831.649,18832.149,19132.149,stop,1,-100.5,-201.74
HTF_60m_BR20_S100_T200,SHORT,2024-05-23 18:00:00+00:00,2024-05-23 23:00:00+00:00,18643.704,18631.128,18743.704,18443.704,timeout,4,12.576000000000931,24.412000000001864
HTF_60m_BR20_S100_T200,SHORT,2024-05-23 19:00:00+00:00,2024-05-24 00:00:00+00:00,18560.156,18649.35,18660.156,18360.156,timeout,4,-89.1939999999995,-179.12799999999902
HTF_60m_BR20_S100_T200,LONG,2024-05-24 15:00:00+00:00,2024-05-24 19:00:00+00:00,18792.622,18804.601,18692.622,18992.622,timeout,4,11.97899999999936,23.21799999999872
HTF_60m_BR20_S100_T200,LONG,2024-05-24 16:00:00+00:00,2024-05-24 20:00:00+00:00,18826.2,18799.461,18726.2,19026.2,timeout,4,-26.739000000001397,-54.218000000002796
HTF_60m_BR20_S100_T200,LONG,2024-05-27 16:00:00+00:00,2024-05-28 01:00:00+00:00,18870.995,18844.05,18770.995,19070.995,timeout,4,-26.94499999999971,-54.62999999999942
HTF_60m_BR20_S100_T200,LONG,2024-05-27 22:00:00+00:00,2024-05-28 02:00:00+00:00,18862.2,18849.338,18762.2,19062.2,timeout,4,-12.86200000000099,-26.464000000001977
HTF_60m_BR20_S100_T200,LONG,2024-05-28 09:00:00+00:00,2024-05-28 13:00:00+00:00,18911.556,18811.056,18811.556,19111.556,stop,4,-100.5,-201.74
HTF_60m_BR20_S100_T200,SHORT,2024-05-28 14:00:00+00:00,2024-05-28 18:00:00+00:00,18795.233,18800.268,18895.233,18595.233,timeout,4,-5.0349999999998545,-10.80999999999971
HTF_60m_BR20_S100_T200,SHORT,2024-05-29 13:00:00+00:00,2024-05-29 14:00:00+00:00,18713.489,18813.989,18813.489,18513.489,stop,1,-100.5,-201.74
HTF_60m_BR20_S100_T200,SHORT,2024-05-29 23:00:00+00:00,2024-05-30 03:00:00+00:00,18664.213,18625.467,18764.213,18464.213,timeout,4,38.745999999999185,76.75199999999838
HTF_60m_BR20_S100_T200,SHORT,2024-05-30 03:00:00+00:00,2024-05-30 07:00:00+00:00,18630.127,18638.162,18730.127,18430.127,timeout,4,-8.034999999999854,-16.809999999999707
HTF_60m_BR20_S100_T200,SHORT,2024-05-30 15:00:00+00:00,2024-05-30 19:00:00+00:00,18594.406,18541.761,18694.406,18394.406,timeout,4,52.64500000000044,104.55000000000088
HTF_60m_BR20_S100_T200,SHORT,2024-05-30 20:00:00+00:00,2024-05-31 01:00:00+00:00,18538.594,18493.25,18638.594,18338.594,timeout,4,45.34400000000096,89.94800000000193
HTF_60m_BR20_S100_T200,SHORT,2024-05-31 01:00:00+00:00,2024-05-31 05:00:00+00:00,18461.617,18475.639,18561.617,18261.617,timeout,4,-14.022000000000844,-28.784000000001686
HTF_60m_BR20_S100_T200,SHORT,2024-05-31 15:00:00+00:00,2024-05-31 19:00:00+00:00,18330.91,18431.41,18430.91,18130.91,stop,4,-100.5,-201.74
HTF_60m_BR20_S100_T200,SHORT,2024-05-31 16:00:00+00:00,2024-05-31 19:00:00+00:00,18244.272,18344.772,18344.272,18044.272,stop,3,-100.5,-201.74
HTF_60m_BR20_S100_T200,SHORT,2024-05-31 17:00:00+00:00,2024-05-31 19:00:00+00:00,18238.505,18339.005,18338.505,18038.505,stop,2,-100.5,-201.74
HTF_60m_BR20_S100_T200,LONG,2024-06-03 07:00:00+00:00,2024-06-03 11:00:00+00:00,18613.734,18637.155,18513.734,18813.734,timeout,4,23.420999999998457,46.10199999999691
HTF_60m_BR20_S100_T200,LONG,2024-06-03 12:00:00+00:00,2024-06-03 14:00:00+00:00,18637.831,18537.331,18537.831,18837.831,stop,2,-100.5,-201.74
HTF_60m_BR20_S100_T200,LONG,2024-06-04 19:00:00+00:00,2024-06-05 00:00:00+00:00,18660.861,18681.355,18560.861,18860.861,timeout,4,20.493999999998778,40.24799999999755
HTF_60m_BR20_S100_T200,LONG,2024-06-05 03:00:00+00:00,2024-06-05 07:00:00+00:00,18707.772,18683.666,18607.772,18907.772,timeout,4,-24.105999999999767,-48.951999999999536
HTF_60m_BR20_S100_T200,LONG,2024-06-05 10:00:00+00:00,2024-06-05 14:00:00+00:00,18740.9,18871.639,18640.9,18940.9,timeout,4,130.73899999999776,260.7379999999955
HTF_60m_BR20_S100_T200,LONG,2024-06-05 12:00:00+00:00,2024-06-05 16:00:00+00:00,18761.928,18954.122,18661.928,18961.928,timeout,4,192.1939999999995,383.647999999999
HTF_60m_BR20_S100_T200,LONG,2024-06-05 13:00:00+00:00,2024-06-05 17:00:00+00:00,18779.732,18979.732,18679.732,18979.732,target,4,200.0,399.26
HTF_60m_BR20_S100_T200,LONG,2024-06-05 14:00:00+00:00,2024-06-05 18:00:00+00:00,18807.351,18989.65,18707.351,19007.351,timeout,4,182.2990000000027,363.8580000000054
HTF_60m_BR20_S100_T200,LONG,2024-06-05 15:00:00+00:00,2024-06-05 19:00:00+00:00,18873.317,19029.999,18773.317,19073.317,timeout,4,156.6820000000007,312.6240000000014
HTF_60m_BR20_S100_T200,LONG,2024-06-05 16:00:00+00:00,2024-06-05 20:00:00+00:00,18916.194,19015.15,18816.194,19116.194,timeout,4,98.95600000000195,197.1720000000039
HTF_60m_BR20_S100_T200,LONG,2024-06-05 17:00:00+00:00,2024-06-05 22:00:00+00:00,18955.307,19049.84,18855.307,19155.307,timeout,4,94.53299999999945,188.32599999999888
HTF_60m_BR20_S100_T200,LONG,2024-06-05 18:00:00+00:00,2024-06-05 23:00:00+00:00,18977.389,19046.261,18877.389,19177.389,timeout,4,68.87199999999939,137.00399999999877
HTF_60m_BR20_S100_T200,LONG,2024-06-05 19:00:00+00:00,2024-06-06 00:00:00+00:00,18990.651,19041.666,18890.651,19190.651,timeout,4,51.01499999999942,101.28999999999884
HTF_60m_BR20_S100_T200,LONG,2024-06-05 20:00:00+00:00,2024-06-06 01:00:00+00:00,19031.584,19054.122,18931.584,19231.584,timeout,4,22.538000000000466,44.33600000000093
HTF_60m_BR20_S100_T200,LONG,2024-06-05 23:00:00+00:00,2024-06-06 03:00:00+00:00,19050.594,19055.05,18950.594,19250.594,timeout,4,4.455999999998312,8.171999999996624
HTF_60m_BR20_S100_T200,SHORT,2024-06-07 13:00:00+00:00,2024-06-07 14:00:00+00:00,18944.802,19045.302,19044.802,18744.802,stop,1,-100.5,-201.74
HTF_60m_BR20_S100_T200,LONG,2024-06-07 17:00:00+00:00,2024-06-07 18:00:00+00:00,19106.367,19005.867,19006.367,19306.367,stop,1,-100.5,-201.74
HTF_60m_BR20_S100_T200,LONG,2024-06-11 15:00:00+00:00,2024-06-11 19:00:00+00:00,19105.89,19210.45,19005.89,19305.89,timeout,4,104.56000000000131,208.3800000000026
HTF_60m_BR20_S100_T200,LONG,2024-06-11 18:00:00+00:00,2024-06-11 23:00:00+00:00,19134.883,19225.416,19034.883,19334.883,timeout,4,90.53299999999945,180.32599999999888
HTF_60m_BR20_S100_T200,LONG,2024-06-11 19:00:00+00:00,2024-06-12 00:00:00+00:00,19178.564,19214.045,19078.564,19378.564,timeout,4,35.48099999999977,70.22199999999954
HTF_60m_BR20_S100_T200,LONG,2024-06-11 20:00:00+00:00,2024-06-12 01:00:00+00:00,19210.568,19224.867,19110.568,19410.568,timeout,4,14.298999999999069,27.85799999999814
HTF_60m_BR20_S100_T200,LONG,2024-06-11 22:00:00+00:00,2024-06-12 02:00:00+00:00,19204.61,19224.338,19104.61,19404.61,timeout,4,19.727999999999156,38.71599999999831
HTF_60m_BR20_S100_T200,LONG,2024-06-11 23:00:00+00:00,2024-06-12 03:00:00+00:00,19227.962,19235.561,19127.962,19427.962,timeout,4,7.599000000001979,14.458000000003958
HTF_60m_BR20_S100_T200,LONG,2024-06-12 13:00:00+00:00,2024-06-12 17:00:00+00:00,19393.028,19484.745,19293.028,19593.028,timeout,4,91.71700000000055,182.6940000000011
HTF_60m_BR20_S100_T200,LONG,2024-06-12 14:00:00+00:00,2024-06-12 18:00:00+00:00,19461.728,19487.845,19361.728,19661.728,timeout,4,26.117000000002008,51.494000000004014
HTF_60m_BR20_S100_T200,LONG,2024-06-12 15:00:00+00:00,2024-06-12 19:00:00+00:00,19475.584,19461.662,19375.584,19675.584,timeout,4,-13.921999999998661,-28.58399999999732
HTF_60m_BR20_S100_T200,LONG,2024-06-12 23:00:00+00:00,2024-06-13 03:00:00+00:00,19562.432,19608.139,19462.432,19762.432,timeout,4,45.706999999998516,90.67399999999704
HTF_60m_BR20_S100_T200,LONG,2024-06-13 01:00:00+00:00,2024-06-13 05:00:00+00:00,19588.567,19597.823,19488.567,19788.567,timeout,4,9.256000000001222,17.772000000002446
HTF_60m_BR20_S100_T200,LONG,2024-06-13 04:00:00+00:00,2024-06-13 08:00:00+00:00,19609.338,19611.288,19509.338,19809.338,timeout,4,1.9500000000007276,3.160000000001455
HTF_60m_BR20_S100_T200,LONG,2024-06-13 05:00:00+00:00,2024-06-13 09:00:00+00:00,19611.3,19568.44,19511.3,19811.3,timeout,4,-42.86000000000058,-86.46000000000116
HTF_60m_BR20_S100_T200,LONG,2024-06-13 07:00:00+00:00,2024-06-13 11:00:00+00:00,19622.078,19580.666,19522.078,19822.078,timeout,4,-41.41200000000026,-83.56400000000052
HTF_60m_BR20_S100_T200,LONG,2024-06-13 08:00:00+00:00,2024-06-13 12:00:00+00:00,19628.044,19600.655,19528.044,19828.044,timeout,4,-27.389000000002852,-55.518000000005706
HTF_60m_BR20_S100_T200,LONG,2024-06-14 18:00:00+00:00,2024-06-16 23:00:00+00:00,19638.6,19693.744,19538.6,19838.6,timeout,4,55.14400000000023,109.54800000000047
HTF_60m_BR20_S100_T200,LONG,2024-06-14 20:00:00+00:00,2024-06-17 01:00:00+00:00,19668.605,19683.472,19568.605,19868.605,timeout,4,14.867000000002008,28.994000000004018
HTF_60m_BR20_S100_T200,LONG,2024-06-16 23:00:00+00:00,2024-06-17 03:00:00+00:00,19701.905,19682.872,19601.905,19901.905,timeout,4,-19.032999999999447,-38.805999999998896
HTF_60m_BR20_S100_T200,LONG,2024-06-17 16:00:00+00:00,2024-06-17 17:00:00+00:00,19735.489,19935.489,19635.489,19935.489,target,1,200.0,399.26
HTF_60m_BR20_S100_T200,LONG,2024-06-17 17:00:00+00:00,2024-06-17 22:00:00+00:00,19817.699,19919.239,19717.699,20017.699,timeout,4,101.54000000000087,202.34000000000174
HTF_60m_BR20_S100_T200,LONG,2024-06-17 18:00:00+00:00,2024-06-17 23:00:00+00:00,19954.961,19916.821,19854.961,20154.961,timeout,4,-38.13999999999942,-77.01999999999883
HTF_60m_BR20_S100_T200,LONG,2024-06-19 11:00:00+00:00,2024-06-19 15:00:00+00:00,19955.772,19956.028,19855.772,20155.772,timeout,4,0.2559999999975844,-0.22800000000483123
HTF_60m_BR20_S100_T200,LONG,2024-06-20 01:00:00+00:00,2024-06-20 05:00:00+00:00,19966.101,20041.61,19866.101,20166.101,timeout,4,75.50900000000183,150.27800000000366
HTF_60m_BR20_S100_T200,LONG,2024-06-20 02:00:00+00:00,2024-06-20 06:00:00+00:00,19977.049,20025.632,19877.049,20177.049,timeout,4,48.58300000000236,96.42600000000472
HTF_60m_BR20_S100_T200,LONG,2024-06-20 04:00:00+00:00,2024-06-20 08:00:00+00:00,20006.561,20043.867,19906.561,20206.561,timeout,4,37.30599999999686,73.87199999999372
HTF_60m_BR20_S100_T200,LONG,2024-06-20 05:00:00+00:00,2024-06-20 09:00:00+00:00,20022.206,20036.801,19922.206,20222.206,timeout,4,14.595000000001164,28.45000000000233
HTF_60m_BR20_S100_T200,LONG,2024-06-20 06:00:00+00:00,2024-06-20 10:00:00+00:00,20042.882,20034.334,19942.882,20242.882,timeout,4,-8.548000000002503,-17.836000000005004
HTF_60m_BR20_S100_T200,LONG,2024-06-20 08:00:00+00:00,2024-06-20 12:00:00+00:00,20055.885,19981.945,19955.885,20255.885,timeout,4,-73.93999999999869,-148.6199999999974
HTF_60m_BR20_S100_T200,SHORT,2024-06-20 17:00:00+00:00,2024-06-20 22:00:00+00:00,19798.394,19791.094,19898.394,19598.394,timeout,4,7.299999999999272,13.859999999998545
HTF_60m_BR20_S100_T200,SHORT,2024-06-24 18:00:00+00:00,2024-06-24 23:00:00+00:00,19539.867,19505.328,19639.867,19339.867,timeout,4,34.53899999999703,68.33799999999407
HTF_60m_BR20_S100_T200,SHORT,2024-06-24 20:00:00+00:00,2024-06-25 01:00:00+00:00,19476.706,19509.757,19576.706,19276.706,timeout,4,-33.051000000003114,-66.84200000000622
HTF_60m_BR20_S100_T200,LONG,2024-06-25 15:00:00+00:00,2024-06-25 19:00:00+00:00,19600.471,19705.844,19500.471,19800.471,timeout,4,105.37299999999959,210.00599999999918
HTF_60m_BR20_S100_T200,LONG,2024-06-25 16:00:00+00:00,2024-06-25 17:00:00+00:00,19693.133,19592.633,19593.133,19893.133,stop,1,-100.5,-201.74
HTF_60m_BR20_S100_T200,LONG,2024-06-25 20:00:00+00:00,2024-06-26 01:00:00+00:00,19705.189,19737.266,19605.189,19905.189,timeout,4,32.077000000001135,63.41400000000227
HTF_60m_BR20_S100_T200,LONG,2024-06-26 01:00:00+00:00,2024-06-26 05:00:00+00:00,19729.189,19752.245,19629.189,19929.189,timeout,4,23.056000000000495,45.37200000000099
HTF_60m_BR20_S100_T200,LONG,2024-06-26 02:00:00+00:00,2024-06-26 06:00:00+00:00,19739.31,19747.571,19639.31,19939.31,timeout,4,8.260999999998603,15.781999999997206
HTF_60m_BR20_S100_T200,LONG,2024-06-26 06:00:00+00:00,2024-06-26 10:00:00+00:00,19753.63,19735.722,19653.63,19953.63,timeout,4,-17.907999999999447,-36.555999999998896
HTF_60m_BR20_S100_T200,LONG,2024-06-26 08:00:00+00:00,2024-06-26 12:00:00+00:00,19807.268,19706.768,19707.268,20007.268,stop,4,-100.5,-201.74
HTF_60m_BR20_S100_T200,SHORT,2024-06-27 01:00:00+00:00,2024-06-27 05:00:00+00:00,19634.629,19695.233,19734.629,19434.629,timeout,4,-60.60399999999936,-121.94799999999871
HTF_60m_BR20_S100_T200,LONG,2024-06-27 14:00:00+00:00,2024-06-27 15:00:00+00:00,19802.611,19702.111,19702.611,20002.611,stop,1,-100.5,-201.74
HTF_60m_BR20_S100_T200,LONG,2024-06-28 02:00:00+00:00,2024-06-28 06:00:00+00:00,19880.835,19863.65,19780.835,20080.835,timeout,4,-17.18499999999767,-35.109999999995345
HTF_60m_BR20_S100_T200,SHORT,2024-06-28 20:00:00+00:00,2024-07-01 01:00:00+00:00,19681.922,19747.744,19781.922,19481.922,timeout,4,-65.82200000000012,-132.38400000000024
HTF_60m_BR20_S100_T200,SHORT,2024-07-01 14:00:00+00:00,2024-07-01 16:00:00+00:00,19642.355,19742.855,19742.355,19442.355,stop,2,-100.5,-201.74
HTF_60m_BR20_S100_T200,LONG,2024-07-02 15:00:00+00:00,2024-07-02 19:00:00+00:00,19873.423,20012.794,19773.423,20073.423,timeout,4,139.37100000000282,278.00200000000564
HTF_60m_BR20_S100_T200,LONG,2024-07-02 18:00:00+00:00,2024-07-02 23:00:00+00:00,19969.272,19996.845,19869.272,20169.272,timeout,4,27.57300000000032,54.40600000000064
HTF_60m_BR20_S100_T200,LONG,2024-07-02 19:00:00+00:00,2024-07-03 00:00:00+00:00,19978.522,20003.729,19878.522,20178.522,timeout,4,25.206999999998516,49.67399999999703
HTF_60m_BR20_S100_T200,LONG,2024-07-02 20:00:00+00:00,2024-07-03 01:00:00+00:00,20013.101,19998.617,19913.101,20213.101,timeout,4,-14.484000000000378,-29.708000000000755
HTF_60m_BR20_S100_T200,LONG,2024-07-03 09:00:00+00:00,2024-07-03 13:00:00+00:00,20026.667,20038.25,19926.667,20226.667,timeout,4,11.58299999999872,22.42599999999744
HTF_60m_BR20_S100_T200,LONG,2024-07-03 15:00:00+00:00,2024-07-03 23:00:00+00:00,20079.84,20164.966,19979.84,20279.84,timeout,4,85.1260000000002,169.5120000000004
HTF_60m_BR20_S100_T200,LONG,2024-07-03 16:00:00+00:00,2024-07-04 00:00:00+00:00,20146.41,20167.482,20046.41,20346.41,timeout,4,21.072000000000116,41.40400000000023
HTF_60m_BR20_S100_T200,LONG,2024-07-03 17:00:00+00:00,2024-07-04 01:00:00+00:00,20178.622,20169.283,20078.622,20378.622,timeout,4,-9.338999999999942,-19.417999999999882
HTF_60m_BR20_S100_T200,LONG,2024-07-05 04:00:00+00:00,2024-07-05 08:00:00+00:00,20183.306,20197.849,20083.306,20383.306,timeout,4,14.542999999997846,28.345999999995694
HTF_60m_BR20_S100_T200,LONG,2024-07-05 05:00:00+00:00,2024-07-05 09:00:00+00:00,20191.994,20200.933,20091.994,20391.994,timeout,4,8.939000000002125,17.13800000000425
HTF_60m_BR20_S100_T200,LONG,2024-07-05 06:00:00+00:00,2024-07-05 10:00:00+00:00,20199.093,20209.65,20099.093,20399.093,timeout,4,10.557000000000698,20.3740000000014
HTF_60m_BR20_S100_T200,LONG,2024-07-05 07:00:00+00:00,2024-07-05 11:00:00+00:00,20214.605,20202.245,20114.605,20414.605,timeout,4,-12.360000000000582,-25.460000000001163
HTF_60m_BR20_S100_T200,LONG,2024-07-05 14:00:00+00:00,2024-07-05 18:00:00+00:00,20286.451,20378.522,20186.451,20486.451,timeout,4,92.07099999999991,183.40199999999982
HTF_60m_BR20_S100_T200,LONG,2024-07-05 15:00:00+00:00,2024-07-05 19:00:00+00:00,20296.59,20388.878,20196.59,20496.59,timeout,4,92.28800000000047,183.83600000000092
HTF_60m_BR20_S100_T200,LONG,2024-07-05 16:00:00+00:00,2024-07-05 20:00:00+00:00,20364.8,20378.834,20264.8,20564.8,timeout,4,14.03399999999965,27.327999999999303
HTF_60m_BR20_S100_T200,LONG,2024-07-05 18:00:00+00:00,2024-07-07 23:00:00+00:00,20390.3,20359.149,20290.3,20590.3,timeout,4,-31.15099999999802,-63.041999999996044
HTF_60m_BR20_S100_T200,LONG,2024-07-08 14:00:00+00:00,2024-07-08 18:00:00+00:00,20410.961,20418.76,20310.961,20610.961,timeout,4,7.798999999999069,14.857999999998137
HTF_60m_BR20_S100_T200,LONG,2024-07-08 16:00:00+00:00,2024-07-08 20:00:00+00:00,20442.51,20446.173,20342.51,20642.51,timeout,4,3.6630000000004657,6.586000000000931
HTF_60m_BR20_S100_T200,LONG,2024-07-08 23:00:00+00:00,2024-07-09 03:00:00+00:00,20465.389,20509.65,20365.389,20665.389,timeout,4,44.26100000000224,87.78200000000449
HTF_60m_BR20_S100_T200,LONG,2024-07-09 00:00:00+00:00,2024-07-09 04:00:00+00:00,20515.245,20513.351,20415.245,20715.245,timeout,4,-1.8940000000002328,-4.528000000000466
HTF_60m_BR20_S100_T200,LONG,2024-07-09 14:00:00+00:00,2024-07-09 16:00:00+00:00,20527.483,20426.983,20427.483,20727.483,stop,2,-100.5,-201.74
HTF_60m_BR20_S100_T200,LONG,2024-07-10 17:00:00+00:00,2024-07-10 22:00:00+00:00,20620.911,20665.367,20520.911,20820.911,timeout,4,44.45599999999831,88.17199999999663
HTF_60m_BR20_S100_T200,LONG,2024-07-10 18:00:00+00:00,2024-07-10 23:00:00+00:00,20648.016,20657.012,20548.016,20848.016,timeout,4,8.995999999999185,17.25199999999837
HTF_60m_BR20_S100_T200,SHORT,2024-07-11 15:00:00+00:00,2024-07-11 17:00:00+00:00,20384.28,20184.28,20484.28,20184.28,target,2,200.0,399.26
HTF_60m_BR20_S100_T200,SHORT,2024-07-11 16:00:00+00:00,2024-07-11 20:00:00+00:00,20261.528,20226.767,20361.528,20061.528,timeout,4,34.7609999999986,68.78199999999721
HTF_60m_BR20_S100_T200,SHORT,2024-07-11 17:00:00+00:00,2024-07-11 22:00:00+00:00,20223.634,20234.656,20323.634,20023.634,timeout,4,-11.022000000000844,-22.784000000001686
HTF_60m_BR20_S100_T200,SHORT,2024-07-11 18:00:00+00:00,2024-07-11 19:00:00+00:00,20176.082,20276.582,20276.082,19976.082,stop,1,-100.5,-201.74
HTF_60m_BR20_S100_T200,LONG,2024-07-12 14:00:00+00:00,2024-07-12 18:00:00+00:00,20336.078,20499.654,20236.078,20536.078,timeout,4,163.5759999999973,326.4119999999946
HTF_60m_BR20_S100_T200,LONG,2024-07-12 15:00:00+00:00,2024-07-12 19:00:00+00:00,20429.795,20329.295,20329.795,20629.795,stop,4,-100.5,-201.74
HTF_60m_BR20_S100_T200,LONG,2024-07-12 18:00:00+00:00,2024-07-12 19:00:00+00:00,20500.283,20399.783,20400.283,20700.283,stop,1,-100.5,-201.74
HTF_60m_BR20_S100_T200,SHORT,2024-07-17 07:00:00+00:00,2024-07-17 11:00:00+00:00,20253.589,20086.76,20353.589,20053.589,timeout,4,166.82900000000154,332.9180000000031
HTF_60m_BR20_S100_T200,SHORT,2024-07-17 08:00:00+00:00,2024-07-17 12:00:00+00:00,20161.963,20080.777,20261.963,19961.963,timeout,4,81.18600000000151,161.63200000000302
HTF_60m_BR20_S100_T200,SHORT,2024-07-17 09:00:00+00:00,2024-07-17 13:00:00+00:00,20141.584,20011.568,20241.584,19941.584,timeout,4,130.01599999999962,259.29199999999923
HTF_60m_BR20_S100_T200,SHORT,2024-07-17 12:00:00+00:00,2024-07-17 15:00:00+00:00,20082.399,19882.399,20182.399,19882.399,target,3,200.0,399.26
HTF_60m_BR20_S100_T200,SHORT,2024-07-17 14:00:00+00:00,2024-07-17 18:00:00+00:00,20010.489,19832.172,20110.489,19810.489,timeout,4,178.31700000000274,355.89400000000546
HTF_60m_BR20_S100_T200,SHORT,2024-07-17 15:00:00+00:00,2024-07-17 19:00:00+00:00,19926.043,19798.95,20026.043,19726.043,timeout,4,127.09300000000076,253.4460000000015
HTF_60m_BR20_S100_T200,SHORT,2024-07-17 16:00:00+00:00,2024-07-17 20:00:00+00:00,19889.605,19811.628,19989.605,19689.605,timeout,4,77.97699999999895,155.2139999999979
HTF_60m_BR20_S100_T200,SHORT,2024-07-17 20:00:00+00:00,2024-07-18 01:00:00+00:00,19797.237,19878.56,19897.237,19597.237,timeout,4,-81.32300000000032,-163.38600000000065
HTF_60m_BR20_S100_T200,SHORT,2024-07-18 16:00:00+00:00,2024-07-18 17:00:00+00:00,19604.289,19704.789,19704.289,19404.289,stop,1,-100.5,-201.74
HTF_60m_BR20_S100_T200,LONG,2024-07-22 13:00:00+00:00,2024-07-22 15:00:00+00:00,19736.894,19636.394,19636.894,19936.894,stop,2,-100.5,-201.74
HTF_60m_BR20_S100_T200,LONG,2024-07-22 14:00:00+00:00,2024-07-22 15:00:00+00:00,19794.916,19694.416,19694.916,19994.916,stop,1,-100.5,-201.74
HTF_60m_BR20_S100_T200,SHORT,2024-07-23 23:00:00+00:00,2024-07-24 03:00:00+00:00,19646.067,19628.543,19746.067,19446.067,timeout,4,17.523999999997613,34.307999999995225
HTF_60m_BR20_S100_T200,SHORT,2024-07-24 05:00:00+00:00,2024-07-24 09:00:00+00:00,19557.812,19546.606,19657.812,19357.812,timeout,4,11.20600000000195,21.6720000000039
HTF_60m_BR20_S100_T200,SHORT,2024-07-24 07:00:00+00:00,2024-07-24 11:00:00+00:00,19549.933,19532.783,19649.933,19349.933,timeout,4,17.150000000001455,33.56000000000291
HTF_60m_BR20_S100_T200,SHORT,2024-07-24 13:00:00+00:00,2024-07-24 14:00:00+00:00,19461.772,19261.772,19561.772,19261.772,target,1,200.0,399.26
HTF_60m_BR20_S100_T200,SHORT,2024-07-24 14:00:00+00:00,2024-07-24 18:00:00+00:00,19340.288,19140.288,19440.288,19140.288,target,4,200.0,399.26
HTF_60m_BR20_S100_T200,SHORT,2024-07-24 15:00:00+00:00,2024-07-24 18:00:00+00:00,19270.827,19070.827,19370.827,19070.827,target,3,200.0,399.26
HTF_60m_BR20_S100_T200,SHORT,2024-07-24 16:00:00+00:00,2024-07-24 20:00:00+00:00,19195.578,19096.228,19295.578,18995.578,timeout,4,99.35000000000218,197.96000000000436
HTF_60m_BR20_S100_T200,SHORT,2024-07-24 17:00:00+00:00,2024-07-24 22:00:00+00:00,19159.461,19117.734,19259.461,18959.461,timeout,4,41.72699999999895,82.71399999999791
HTF_60m_BR20_S100_T200,SHORT,2024-07-24 19:00:00+00:00,2024-07-25 00:00:00+00:00,19081.489,19131.957,19181.489,18881.489,timeout,4,-50.46799999999712,-101.67599999999423
HTF_60m_BR20_S100_T200,SHORT,2024-07-24 20:00:00+00:00,2024-07-24 22:00:00+00:00,19039.85,19140.35,19139.85,18839.85,stop,1,-100.5,-201.74
HTF_60m_BR20_S100_T200,SHORT,2024-07-25 14:00:00+00:00,2024-07-25 15:00:00+00:00,18864.279,18964.779,18964.279,18664.279,stop,1,-100.5,-201.74
HTF_60m_BR20_S100_T200,LONG,2024-07-25 17:00:00+00:00,2024-07-25 18:00:00+00:00,19174.422,19073.922,19074.422,19374.422,stop,1,-100.5,-201.74
HTF_60m_BR20_S100_T200,LONG,2024-07-26 17:00:00+00:00,2024-07-26 18:00:00+00:00,19126.979,19026.479,19026.979,19326.979,stop,1,-100.5,-201.74
HTF_60m_BR20_S100_T200,LONG,2024-07-29 01:00:00+00:00,2024-07-29 05:00:00+00:00,19152.096,19162.716,19052.096,19352.096,timeout,4,10.619999999998981,20.499999999997964
HTF_60m_BR20_S100_T200,SHORT,2024-07-30 02:00:00+00:00,2024-07-30 05:00:00+00:00,18960.044,19060.544,19060.044,18760.044,stop,3,-100.5,-201.74
HTF_60m_BR20_S100_T200,SHORT,2024-07-30 16:00:00+00:00,2024-07-30 20:00:00+00:00,18786.378,18586.378,18886.378,18586.378,target,4,200.0,399.26
HTF_60m_BR20_S100_T200,SHORT,2024-07-30 17:00:00+00:00,2024-07-30 18:00:00+00:00,18672.122,18772.622,18772.122,18472.122,stop,1,-100.5,-201.74
HTF_60m_BR20_S100_T200,SHORT,2024-07-30 22:00:00+00:00,2024-07-30 23:00:00+00:00,18729.044,18829.544,18829.044,18529.044,stop,1,-100.5,-201.74
HTF_60m_BR20_S100_T200,LONG,2024-07-31 12:00:00+00:00,2024-07-31 14:00:00+00:00,19110.54,19310.54,19010.54,19310.54,target,2,200.0,399.26
HTF_60m_BR20_S100_T200,LONG,2024-07-31 13:00:00+00:00,2024-07-31 17:00:00+00:00,19205.74,19283.855,19105.74,19405.74,timeout,4,78.11499999999796,155.48999999999592
HTF_60m_BR20_S100_T200,LONG,2024-07-31 14:00:00+00:00,2024-07-31 18:00:00+00:00,19248.662,19409.516,19148.662,19448.662,timeout,4,160.85399999999936,320.9679999999987
HTF_60m_BR20_S100_T200,LONG,2024-07-31 15:00:00+00:00,2024-07-31 17:00:00+00:00,19306.573,19206.073,19206.573,19506.573,stop,2,-100.5,-201.74
HTF_60m_BR20_S100_T200,LONG,2024-07-31 19:00:00+00:00,2024-08-01 00:00:00+00:00,19411.033,19503.483,19311.033,19611.033,timeout,4,92.45000000000073,184.16000000000145
HTF_60m_BR20_S100_T200,LONG,2024-08-01 00:00:00+00:00,2024-08-01 04:00:00+00:00,19533.379,19526.761,19433.379,19733.379,timeout,4,-6.618000000002212,-13.976000000004424
HTF_60m_BR20_S100_T200,SHORT,2024-08-01 16:00:00+00:00,2024-08-01 17:00:00+00:00,19024.989,18824.989,19124.989,18824.989,target,1,200.0,399.26
HTF_60m_BR20_S100_T200,SHORT,2024-08-01 17:00:00+00:00,2024-08-01 18:00:00+00:00,18955.588,18755.588,19055.588,18755.588,target,1,200.0,399.26
HTF_60m_BR20_S100_T200,SHORT,2024-08-01 18:00:00+00:00,2024-08-01 23:00:00+00:00,18885.567,18786.628,18985.567,18685.567,timeout,4,98.93899999999849,197.13799999999696
HTF_60m_BR20_S100_T200,SHORT,2024-08-01 19:00:00+00:00,2024-08-01 20:00:00+00:00,18756.707,18857.207,18856.707,18556.707,stop,1,-100.5,-201.74
HTF_60m_BR20_S100_T200,SHORT,2024-08-02 03:00:00+00:00,2024-08-02 07:00:00+00:00,18634.923,18621.128,18734.923,18434.923,timeout,4,13.794999999998254,26.84999999999651
HTF_60m_BR20_S100_T200,SHORT,2024-08-02 13:00:00+00:00,2024-08-02 17:00:00+00:00,18456.722,18369.379,18556.722,18256.722,timeout,4,87.34300000000076,173.9460000000015
HTF_60m_BR20_S100_T200,SHORT,2024-08-02 15:00:00+00:00,2024-08-02 16:00:00+00:00,18302.285,18402.785,18402.285,18102.285,stop,1,-100.5,-201.74
HTF_60m_BR20_S100_T200,SHORT,2024-08-04 23:00:00+00:00,2024-08-05 01:00:00+00:00,18225.268,18025.268,18325.268,18025.268,target,2,200.0,399.26
HTF_60m_BR20_S100_T200,SHORT,2024-08-05 00:00:00+00:00,2024-08-05 03:00:00+00:00,18141.766,17941.766,18241.766,17941.766,target,3,200.0,399.26
HTF_60m_BR20_S100_T200,SHORT,2024-08-05 01:00:00+00:00,2024-08-05 04:00:00+00:00,18055.102,17855.102,18155.102,17855.102,target,3,200.0,399.26
HTF_60m_BR20_S100_T200,SHORT,2024-08-05 02:00:00+00:00,2024-08-05 04:00:00+00:00,18008.984,17808.984,18108.984,17808.984,target,2,200.0,399.26
HTF_60m_BR20_S100_T200,SHORT,2024-08-05 04:00:00+00:00,2024-08-05 05:00:00+00:00,17906.262,17706.262,18006.262,17706.262,target,1,200.0,399.26
HTF_60m_BR20_S100_T200,SHORT,2024-08-05 05:00:00+00:00,2024-08-05 06:00:00+00:00,17779.912,17579.912,17879.912,17579.912,target,1,200.0,399.26
HTF_60m_BR20_S100_T200,SHORT,2024-08-05 06:00:00+00:00,2024-08-05 07:00:00+00:00,17426.283,17526.783,17526.283,17226.283,stop,1,-100.5,-201.74
HTF_60m_BR20_S100_T200,LONG,2024-08-06 01:00:00+00:00,2024-08-06 05:00:00+00:00,18223.223,18122.723,18123.223,18423.223,stop,4,-100.5,-201.74
HTF_60m_BR20_S100_T200,LONG,2024-08-06 02:00:00+00:00,2024-08-06 05:00:00+00:00,18257.417,18156.917,18157.417,18457.417,stop,3,-100.5,-201.74
HTF_60m_BR20_S100_T200,LONG,2024-08-07 14:00:00+00:00,2024-08-07 15:00:00+00:00,18412.835,18312.335,18312.835,18612.835,stop,1,-100.5,-201.74
HTF_60m_BR20_S100_T200,SHORT,2024-08-07 19:00:00+00:00,2024-08-07 23:00:00+00:00,17923.001,17723.001,18023.001,17723.001,target,3,200.0,399.26
HTF_60m_BR20_S100_T200,SHORT,2024-08-07 20:00:00+00:00,2024-08-07 23:00:00+00:00,17864.518,17664.518,17964.518,17664.518,target,2,200.0,399.26
HTF_60m_BR20_S100_T200,SHORT,2024-08-07 23:00:00+00:00,2024-08-08 02:00:00+00:00,17789.495,17889.995,17889.495,17589.495,stop,3,-100.5,-201.74
HTF_60m_BR20_S100_T200,SHORT,2024-08-08 00:00:00+00:00,2024-08-08 01:00:00+00:00,17742.095,17842.595,17842.095,17542.095,stop,1,-100.5,-201.74
HTF_60m_BR20_S100_T200,LONG,2024-08-08 15:00:00+00:00,2024-08-08 19:00:00+00:00,18303.218,18412.973,18203.218,18503.218,timeout,4,109.75500000000102,218.77000000000203
HTF_60m_BR20_S100_T200,LONG,2024-08-08 18:00:00+00:00,2024-08-08 19:00:00+00:00,18407.635,18307.135,18307.635,18607.635,stop,1,-100.5,-201.74
HTF_60m_BR20_S100_T200,LONG,2024-08-09 00:00:00+00:00,2024-08-09 04:00:00+00:00,18503.185,18402.685,18403.185,18703.185,stop,4,-100.5,-201.74
HTF_60m_BR20_S100_T200,LONG,2024-08-09 09:00:00+00:00,2024-08-09 11:00:00+00:00,18538.412,18437.912,18438.412,18738.412,stop,2,-100.5,-201.74
HTF_60m_BR20_S100_T200,LONG,2024-08-12 08:00:00+00:00,2024-08-12 12:00:00+00:00,18577.728,18560.339,18477.728,18777.728,timeout,4,-17.388999999999214,-35.51799999999843
HTF_60m_BR20_S100_T200,LONG,2024-08-12 15:00:00+00:00,2024-08-12 17:00:00+00:00,18630.568,18530.068,18530.568,18830.568,stop,2,-100.5,-201.74
HTF_60m_BR20_S100_T200,LONG,2024-08-13 08:00:00+00:00,2024-08-13 10:00:00+00:00,18682.09,18581.59,18582.09,18882.09,stop,2,-100.5,-201.74
HTF_60m_BR20_S100_T200,LONG,2024-08-13 14:00:00+00:00,2024-08-13 18:00:00+00:00,18803.306,18982.352,18703.306,19003.306,timeout,4,179.04599999999846,357.3519999999969
HTF_60m_BR20_S100_T200,LONG,2024-08-13 15:00:00+00:00,2024-08-13 19:00:00+00:00,18846.185,19000.84,18746.185,19046.185,timeout,4,154.65499999999884,308.56999999999766
HTF_60m_BR20_S100_T200,LONG,2024-08-13 16:00:00+00:00,2024-08-13 20:00:00+00:00,18883.123,19016.434,18783.123,19083.123,timeout,4,133.3110000000015,265.882000000003
HTF_60m_BR20_S100_T200,LONG,2024-08-13 17:00:00+00:00,2024-08-13 22:00:00+00:00,18975.601,19000.94,18875.601,19175.601,timeout,4,25.338999999999942,49.93799999999988
HTF_60m_BR20_S100_T200,LONG,2024-08-13 20:00:00+00:00,2024-08-14 01:00:00+00:00,19002.757,19046.539,18902.757,19202.757,timeout,4,43.78199999999924,86.82399999999849
HTF_60m_BR20_S100_T200,LONG,2024-08-13 22:00:00+00:00,2024-08-14 02:00:00+00:00,19005.317,19003.15,18905.317,19205.317,timeout,4,-2.1669999999976426,-5.073999999995285
HTF_60m_BR20_S100_T200,LONG,2024-08-14 02:00:00+00:00,2024-08-14 06:00:00+00:00,19049.618,19006.961,18949.618,19249.618,timeout,4,-42.65699999999924,-86.05399999999848
HTF_60m_BR20_S100_T200,LONG,2024-08-14 16:00:00+00:00,2024-08-14 17:00:00+00:00,19105.534,19005.034,19005.534,19305.534,stop,1,-100.5,-201.74
HTF_60m_BR20_S100_T200,LONG,2024-08-15 03:00:00+00:00,2024-08-15 07:00:00+00:00,19117.589,19098.783,19017.589,19317.589,timeout,4,-18.806000000000495,-38.35200000000099
HTF_60m_BR20_S100_T200,LONG,2024-08-15 13:00:00+00:00,2024-08-15 15:00:00+00:00,19239.906,19439.906,19139.906,19439.906,target,2,200.0,399.26
HTF_60m_BR20_S100_T200,LONG,2024-08-15 14:00:00+00:00,2024-08-15 18:00:00+00:00,19362.016,19482.745,19262.016,19562.016,timeout,4,120.72899999999936,240.7179999999987
HTF_60m_BR20_S100_T200,LONG,2024-08-15 15:00:00+00:00,2024-08-15 19:00:00+00:00,19380.784,19481.774,19280.784,19580.784,timeout,4,100.9900000000016,201.2400000000032
HTF_60m_BR20_S100_T200,LONG,2024-08-15 16:00:00+00:00,2024-08-15 20:00:00+00:00,19425.64,19464.539,19325.64,19625.64,timeout,4,38.89900000000125,77.05800000000251
HTF_60m_BR20_S100_T200,LONG,2024-08-15 18:00:00+00:00,2024-08-15 23:00:00+00:00,19484.005,19516.773,19384.005,19684.005,timeout,4,32.76800000000003,64.79600000000006
HTF_60m_BR20_S100_T200,LONG,2024-08-15 23:00:00+00:00,2024-08-16 03:00:00+00:00,19507.779,19537.762,19407.779,19707.779,timeout,4,29.983000000000175,59.22600000000035
HTF_60m_BR20_S100_T200,LONG,2024-08-16 00:00:00+00:00,2024-08-16 04:00:00+00:00,19517.978,19524.156,19417.978,19717.978,timeout,4,6.177999999999884,11.615999999999767
HTF_60m_BR20_S100_T200,LONG,2024-08-16 06:00:00+00:00,2024-08-16 10:00:00+00:00,19564.945,19498.284,19464.945,19764.945,timeout,4,-66.66100000000006,-134.06200000000013
HTF_60m_BR20_S100_T200,LONG,2024-08-16 07:00:00+00:00,2024-08-16 11:00:00+00:00,19574.418,19473.918,19474.418,19774.418,stop,4,-100.5,-201.74
HTF_60m_BR20_S100_T200,LONG,2024-08-19 17:00:00+00:00,2024-08-19 22:00:00+00:00,19601.984,19776.046,19501.984,19801.984,timeout,4,174.06199999999808,347.38399999999615
HTF_60m_BR20_S100_T200,LONG,2024-08-19 18:00:00+00:00,2024-08-19 23:00:00+00:00,19631.529,19768.462,19531.529,19831.529,timeout,4,136.9330000000009,273.1260000000018
HTF_60m_BR20_S100_T200,LONG,2024-08-19 19:00:00+00:00,2024-08-20 00:00:00+00:00,19679.017,19774.04,19579.017,19879.017,timeout,4,95.02300000000105,189.3060000000021
HTF_60m_BR20_S100_T200,LONG,2024-08-19 20:00:00+00:00,2024-08-20 01:00:00+00:00,19768.857,19795.451,19668.857,19968.857,timeout,4,26.59400000000096,52.44800000000192
HTF_60m_BR20_S100_T200,LONG,2024-08-19 23:00:00+00:00,2024-08-20 03:00:00+00:00,19777.374,19784.355,19677.374,19977.374,timeout,4,6.980999999999767,13.221999999999534
HTF_60m_BR20_S100_T200,LONG,2024-08-20 02:00:00+00:00,2024-08-20 06:00:00+00:00,19796.757,19800.645,19696.757,19996.757,timeout,4,3.8879999999990105,7.035999999998021
HTF_60m_BR20_S100_T200,LONG,2024-08-20 03:00:00+00:00,2024-08-20 07:00:00+00:00,19821.634,19818.835,19721.634,20021.634,timeout,4,-2.7989999999990687,-6.337999999998138
HTF_60m_BR20_S100_T200,LONG,2024-08-21 14:00:00+00:00,2024-08-21 16:00:00+00:00,19795.834,19695.334,19695.834,19995.834,stop,2,-100.5,-201.74
HTF_60m_BR20_S100_T200,SHORT,2024-08-22 16:00:00+00:00,2024-08-22 20:00:00+00:00,19624.618,19521.474,19724.618,19424.618,timeout,4,103.14400000000023,205.54800000000046
HTF_60m_BR20_S100_T200,SHORT,2024-08-22 18:00:00+00:00,2024-08-22 23:00:00+00:00,19522.128,19562.44,19622.128,19322.128,timeout,4,-40.31199999999808,-81.36399999999615
HTF_60m_BR20_S100_T200,SHORT,2024-08-26 15:00:00+00:00,2024-08-26 19:00:00+00:00,19526.601,19521.351,19626.601,19326.601,timeout,4,5.25,9.76
HTF_60m_BR20_S100_T200,LONG,2024-08-27 15:00:00+00:00,2024-08-27 19:00:00+00:00,19599.908,19580.062,19499.908,19799.908,timeout,4,-19.84599999999773,-40.43199999999546
HTF_60m_BR20_S100_T200,SHORT,2024-08-28 14:00:00+00:00,2024-08-28 15:00:00+00:00,19487.918,19287.918,19587.918,19287.918,target,1,200.0,399.26
HTF_60m_BR20_S100_T200,SHORT,2024-08-28 15:00:00+00:00,2024-08-28 19:00:00+00:00,19387.807,19352.357,19487.807,19187.807,timeout,4,35.45000000000073,70.16000000000146
HTF_60m_BR20_S100_T200,SHORT,2024-08-28 16:00:00+00:00,2024-08-28 20:00:00+00:00,19360.934,19339.346,19460.934,19160.934,timeout,4,21.587999999999738,42.435999999999474
HTF_60m_BR20_S100_T200,SHORT,2024-08-28 18:00:00+00:00,2024-08-28 19:00:00+00:00,19230.918,19331.418,19330.918,19030.918,stop,1,-100.5,-201.74
HTF_60m_BR20_S100_T200,SHORT,2024-08-28 23:00:00+00:00,2024-08-29 03:00:00+00:00,19120.818,19212.324,19220.818,18920.818,timeout,4,-91.50600000000122,-183.75200000000245
HTF_60m_BR20_S100_T200,LONG,2024-08-29 14:00:00+00:00,2024-08-29 18:00:00+00:00,19580.351,19479.851,19480.351,19780.351,stop,4,-100.5,-201.74
HTF_60m_BR20_S100_T200,LONG,2024-09-02 15:00:00+00:00,2024-09-02 23:00:00+00:00,19609.49,19508.99,19509.49,19809.49,stop,3,-100.5,-201.74
HTF_60m_BR20_S100_T200,SHORT,2024-09-03 09:00:00+00:00,2024-09-03 13:00:00+00:00,19451.09,19322.357,19551.09,19251.09,timeout,4,128.73300000000017,256.72600000000034
HTF_60m_BR20_S100_T200,SHORT,2024-09-03 10:00:00+00:00,2024-09-03 14:00:00+00:00,19420.112,19220.112,19520.112,19220.112,target,4,200.0,399.26
HTF_60m_BR20_S100_T200,SHORT,2024-09-03 14:00:00+00:00,2024-09-03 15:00:00+00:00,19303.324,19103.324,19403.324,19103.324,target,1,200.0,399.26
HTF_60m_BR20_S100_T200,SHORT,2024-09-03 15:00:00+00:00,2024-09-03 19:00:00+00:00,19117.901,18917.901,19217.901,18917.901,target,4,200.0,399.26
HTF_60m_BR20_S100_T200,SHORT,2024-09-03 16:00:00+00:00,2024-09-03 19:00:00+00:00,19103.026,18903.026,19203.026,18903.026,target,3,200.0,399.26
HTF_60m_BR20_S100_T200,SHORT,2024-09-03 17:00:00+00:00,2024-09-03 19:00:00+00:00,19094.027,18894.027,19194.027,18894.027,target,2,200.0,399.26
HTF_60m_BR20_S100_T200,SHORT,2024-09-03 18:00:00+00:00,2024-09-03 23:00:00+00:00,19061.963,18911.279,19161.963,18861.963,timeout,4,150.6840000000011,300.6280000000022
HTF_60m_BR20_S100_T200,SHORT,2024-09-03 19:00:00+00:00,2024-09-04 00:00:00+00:00,18997.607,18797.607,19097.607,18797.607,target,4,200.0,399.26
HTF_60m_BR20_S100_T200,SHORT,2024-09-03 20:00:00+00:00,2024-09-04 01:00:00+00:00,18963.228,18840.956,19063.228,18763.228,timeout,4,122.27200000000084,243.80400000000168
HTF_60m_BR20_S100_T200,SHORT,2024-09-04 01:00:00+00:00,2024-09-04 05:00:00+00:00,18803.296,18808.739,18903.296,18603.296,timeout,4,-5.4430000000029395,-11.62600000000588
HTF_60m_BR20_S100_T200,SHORT,2024-09-06 08:00:00+00:00,2024-09-06 12:00:00+00:00,18743.923,18844.423,18843.923,18543.923,stop,4,-100.5,-201.74
HTF_60m_BR20_S100_T200,SHORT,2024-09-06 15:00:00+00:00,2024-09-06 19:00:00+00:00,18500.463,18428.806,18600.463,18300.463,timeout,4,71.65699999999924,142.57399999999848
HTF_60m_BR20_S100_T200,SHORT,2024-09-06 16:00:00+00:00,2024-09-06 20:00:00+00:00,18430.216,18411.124,18530.216,18230.216,timeout,4,19.092000000000553,37.444000000001104
HTF_60m_BR20_S100_T200,SHORT,2024-09-08 23:00:00+00:00,2024-09-09 01:00:00+00:00,18384.523,18485.023,18484.523,18184.523,stop,2,-100.5,-201.74
HTF_60m_BR20_S100_T200,LONG,2024-09-09 14:00:00+00:00,2024-09-09 15:00:00+00:00,18654.401,18553.901,18554.401,18854.401,stop,1,-100.5,-201.74
HTF_60m_BR20_S100_T200,LONG,2024-09-10 13:00:00+00:00,2024-09-10 15:00:00+00:00,18730.668,18630.168,18630.668,18930.668,stop,2,-100.5,-201.74
HTF_60m_BR20_S100_T200,LONG,2024-09-10 19:00:00+00:00,2024-09-11 00:00:00+00:00,18795.717,18785.857,18695.717,18995.717,timeout,4,-9.860000000000582,-20.460000000001163
HTF_60m_BR20_S100_T200,LONG,2024-09-10 20:00:00+00:00,2024-09-11 01:00:00+00:00,18824.878,18724.378,18724.878,19024.878,stop,4,-100.5,-201.74
HTF_60m_BR20_S100_T200,SHORT,2024-09-11 15:00:00+00:00,2024-09-11 16:00:00+00:00,18580.216,18680.716,18680.216,18380.216,stop,1,-100.5,-201.74
HTF_60m_BR20_S100_T200,LONG,2024-09-11 18:00:00+00:00,2024-09-11 19:00:00+00:00,19017.995,19217.995,18917.995,19217.995,target,1,200.0,399.26
HTF_60m_BR20_S100_T200,LONG,2024-09-11 19:00:00+00:00,2024-09-12 00:00:00+00:00,19099.806,19225.55,18999.806,19299.806,timeout,4,125.74399999999878,250.74799999999755
HTF_60m_BR20_S100_T200,LONG,2024-09-11 20:00:00+00:00,2024-09-12 01:00:00+00:00,19227.402,19252.217,19127.402,19427.402,timeout,4,24.81500000000233,48.890000000004655
HTF_60m_BR20_S100_T200,LONG,2024-09-12 04:00:00+00:00,2024-09-12 08:00:00+00:00,19283.917,19273.145,19183.917,19483.917,timeout,4,-10.772000000000844,-22.284000000001686
HTF_60m_BR20_S100_T200,LONG,2024-09-12 05:00:00+00:00,2024-09-12 09:00:00+00:00,19289.401,19268.956,19189.401,19489.401,timeout,4,-20.445000000003347,-41.630000000006696
HTF_60m_BR20_S100_T200,LONG,2024-09-12 18:00:00+00:00,2024-09-12 23:00:00+00:00,19445.706,19436.612,19345.706,19645.706,timeout,4,-9.093999999997322,-18.927999999994643
HTF_60m_BR20_S100_T200,LONG,2024-09-13 15:00:00+00:00,2024-09-13 19:00:00+00:00,19496.45,19510.429,19396.45,19696.45,timeout,4,13.97899999999936,27.21799999999872
HTF_60m_BR20_S100_T200,LONG,2024-09-13 16:00:00+00:00,2024-09-13 20:00:00+00:00,19518.485,19496.324,19418.485,19718.485,timeout,4,-22.161000000000058,-45.06200000000012
HTF_60m_BR20_S100_T200,SHORT,2024-09-16 13:00:00+00:00,2024-09-16 17:00:00+00:00,19420.135,19413.056,19520.135,19220.135,timeout,4,7.0789999999979045,13.417999999995809
HTF_60m_BR20_S100_T200,LONG,2024-09-17 10:00:00+00:00,2024-09-17 14:00:00+00:00,19529.812,19523.456,19429.812,19729.812,timeout,4,-6.356000000003405,-13.45200000000681
HTF_60m_BR20_S100_T200,LONG,2024-09-17 12:00:00+00:00,2024-09-17 16:00:00+00:00,19547.796,19447.296,19447.796,19747.796,stop,4,-100.5,-201.74
HTF_60m_BR20_S100_T200,SHORT,2024-09-18 16:00:00+00:00,2024-09-18 17:00:00+00:00,19353.618,19454.118,19453.618,19153.618,stop,1,-100.5,-201.74
HTF_60m_BR20_S100_T200,LONG,2024-09-19 07:00:00+00:00,2024-09-19 11:00:00+00:00,19675.79,19770.312,19575.79,19875.79,timeout,4,94.52200000000084,188.30400000000168
HTF_60m_BR20_S100_T200,LONG,2024-09-19 08:00:00+00:00,2024-09-19 12:00:00+00:00,19702.296,19761.707,19602.296,19902.296,timeout,4,59.41100000000006,118.08200000000012
HTF_60m_BR20_S100_T200,LONG,2024-09-19 10:00:00+00:00,2024-09-19 14:00:00+00:00,19741.49,19816.906,19641.49,19941.49,timeout,4,75.41599999999744,150.09199999999487
HTF_60m_BR20_S100_T200,LONG,2024-09-19 11:00:00+00:00,2024-09-19 15:00:00+00:00,19758.713,19851.668,19658.713,19958.713,timeout,4,92.95500000000175,185.17000000000348
HTF_60m_BR20_S100_T200,LONG,2024-09-19 12:00:00+00:00,2024-09-19 16:00:00+00:00,19770.789,19910.173,19670.789,19970.789,timeout,4,139.3839999999982,278.0279999999964
HTF_60m_BR20_S100_T200,LONG,2024-09-19 18:00:00+00:00,2024-09-19 19:00:00+00:00,19948.022,19847.522,19848.022,20148.022,stop,1,-100.5,-201.74
HTF_60m_BR20_S100_T200,SHORT,2024-09-20 15:00:00+00:00,2024-09-20 19:00:00+00:00,19705.862,19806.362,19805.862,19505.862,stop,4,-100.5,-201.74
HTF_60m_BR20_S100_T200,LONG,2024-09-23 01:00:00+00:00,2024-09-23 05:00:00+00:00,19903.001,19876.646,19803.001,20103.001,timeout,4,-26.354999999999563,-53.44999999999913
HTF_60m_BR20_S100_T200,LONG,2024-09-23 03:00:00+00:00,2024-09-23 07:00:00+00:00,19920.429,19819.929,19820.429,20120.429,stop,4,-100.5,-201.74
HTF_60m_BR20_S100_T200,LONG,2024-09-24 07:00:00+00:00,2024-09-24 11:00:00+00:00,19906.906,19882.651,19806.906,20106.906,timeout,4,-24.25499999999738,-49.24999999999476
HTF_60m_BR20_S100_T200,LONG,2024-09-24 08:00:00+00:00,2024-09-24 11:00:00+00:00,19929.329,19828.829,19829.329,20129.329,stop,3,-100.5,-201.74
HTF_60m_BR20_S100_T200,LONG,2024-09-24 09:00:00+00:00,2024-09-24 11:00:00+00:00,19942.446,19841.946,19842.446,20142.446,stop,2,-100.5,-201.74
HTF_60m_BR20_S100_T200,LONG,2024-09-24 16:00:00+00:00,2024-09-24 20:00:00+00:00,19968.768,19949.74,19868.768,20168.768,timeout,4,-19.02799999999843,-38.79599999999686
HTF_60m_BR20_S100_T200,LONG,2024-09-25 14:00:00+00:00,2024-09-25 18:00:00+00:00,20007.306,19966.23,19907.306,20207.306,timeout,4,-41.07600000000093,-82.89200000000186
HTF_60m_BR20_S100_T200,LONG,2024-09-26 00:00:00+00:00,2024-09-26 04:00:00+00:00,20056.639,20156.845,19956.639,20256.639,timeout,4,100.20600000000195,199.6720000000039
HTF_60m_BR20_S100_T200,LONG,2024-09-26 01:00:00+00:00,2024-09-26 05:00:00+00:00,20075.917,20195.74,19975.917,20275.917,timeout,4,119.82300000000032,238.90600000000063
HTF_60m_BR20_S100_T200,LONG,2024-09-26 02:00:00+00:00,2024-09-26 06:00:00+00:00,20096.495,20235.34,19996.495,20296.495,timeout,4,138.84500000000116,276.9500000000023
HTF_60m_BR20_S100_T200,LONG,2024-09-26 03:00:00+00:00,2024-09-26 07:00:00+00:00,20105.501,20261.151,20005.501,20305.501,timeout,4,155.65000000000146,310.5600000000029
HTF_60m_BR20_S100_T200,LONG,2024-09-26 04:00:00+00:00,2024-09-26 08:00:00+00:00,20143.108,20245.073,20043.108,20343.108,timeout,4,101.96500000000015,203.19000000000028
HTF_60m_BR20_S100_T200,LONG,2024-09-26 05:00:00+00:00,2024-09-26 09:00:00+00:00,20158.379,20246.379,20058.379,20358.379,timeout,4,88.0,175.26
HTF_60m_BR20_S100_T200,LONG,2024-09-26 06:00:00+00:00,2024-09-26 10:00:00+00:00,20197.312,20274.878,20097.312,20397.312,timeout,4,77.5659999999989,154.39199999999778
HTF_60m_BR20_S100_T200,LONG,2024-09-26 07:00:00+00:00,2024-09-26 11:00:00+00:00,20236.79,20262.761,20136.79,20436.79,timeout,4,25.97099999999773,51.20199999999546
HTF_60m_BR20_S100_T200,LONG,2024-09-26 08:00:00+00:00,2024-09-26 12:00:00+00:00,20266.018,20295.045,20166.018,20466.018,timeout,4,29.026999999998225,57.31399999999645
HTF_60m_BR20_S100_T200,LONG,2024-09-26 13:00:00+00:00,2024-09-26 14:00:00+00:00,20297.039,20196.539,20197.039,20497.039,stop,1,-100.5,-201.74
HTF_60m_BR20_S100_T200,SHORT,2024-09-27 16:00:00+00:00,2024-09-27 20:00:00+00:00,20013.329,19988.717,20113.329,19813.329,timeout,4,24.61200000000099,48.48400000000198
HTF_60m_BR20_S100_T200,SHORT,2024-09-30 12:00:00+00:00,2024-09-30 13:00:00+00:00,19912.879,20013.379,20012.879,19712.879,stop,1,-100.5,-201.74
HTF_60m_BR20_S100_T200,LONG,2024-10-01 02:00:00+00:00,2024-10-01 06:00:00+00:00,20119.067,20057.251,20019.067,20319.067,timeout,4,-61.815999999998894,-124.37199999999778
HTF_60m_BR20_S100_T200,SHORT,2024-10-01 14:00:00+00:00,2024-10-01 15:00:00+00:00,19834.501,19634.501,19934.501,19634.501,target,1,200.0,399.26
HTF_60m_BR20_S100_T200,SHORT,2024-10-01 15:00:00+00:00,2024-10-01 18:00:00+00:00,19722.001,19822.501,19822.001,19522.001,stop,3,-100.5,-201.74
HTF_60m_BR20_S100_T200,LONG,2024-10-04 13:00:00+00:00,2024-10-04 14:00:00+00:00,20050.756,19950.256,19950.756,20250.756,stop,1,-100.5,-201.74
HTF_60m_BR20_S100_T200,SHORT,2024-10-07 19:00:00+00:00,2024-10-08 00:00:00+00:00,19777.301,19827.512,19877.301,19577.301,timeout,4,-50.21099999999933,-101.16199999999866
HTF_60m_BR20_S100_T200,LONG,2024-10-08 15:00:00+00:00,2024-10-08 19:00:00+00:00,20048.728,20105.751,19948.728,20248.728,timeout,4,57.02300000000105,113.3060000000021
HTF_60m_BR20_S100_T200,LONG,2024-10-08 19:00:00+00:00,2024-10-09 00:00:00+00:00,20081.31,20086.151,19981.31,20281.31,timeout,4,4.841000000000349,8.942000000000698
HTF_60m_BR20_S100_T200,LONG,2024-10-08 20:00:00+00:00,2024-10-09 01:00:00+00:00,20106.817,20083.513,20006.817,20306.817,timeout,4,-23.304000000000087,-47.34800000000018
HTF_60m_BR20_S100_T200,LONG,2024-10-09 15:00:00+00:00,2024-10-09 19:00:00+00:00,20170.779,20268.351,20070.779,20370.779,timeout,4,97.57200000000012,194.40400000000022
HTF_60m_BR20_S100_T200,LONG,2024-10-09 16:00:00+00:00,2024-10-09 20:00:00+00:00,20255.118,20242.507,20155.118,20455.118,timeout,4,-12.610999999997148,-25.961999999994294
HTF_60m_BR20_S100_T200,LONG,2024-10-09 20:00:00+00:00,2024-10-10 01:00:00+00:00,20268.796,20260.733,20168.796,20468.796,timeout,4,-8.062999999998283,-16.865999999996564
HTF_60m_BR20_S100_T200,LONG,2024-10-14 11:00:00+00:00,2024-10-14 15:00:00+00:00,20335.088,20407.446,20235.088,20535.088,timeout,4,72.35800000000017,143.97600000000034
HTF_60m_BR20_S100_T200,LONG,2024-10-14 13:00:00+00:00,2024-10-14 17:00:00+00:00,20364.285,20430.751,20264.285,20564.285,timeout,4,66.46600000000035,132.1920000000007
HTF_60m_BR20_S100_T200,LONG,2024-10-14 14:00:00+00:00,2024-10-14 15:00:00+00:00,20492.533,20392.033,20392.533,20692.533,stop,1,-100.5,-201.74
HTF_60m_BR20_S100_T200,SHORT,2024-10-15 15:00:00+00:00,2024-10-15 19:00:00+00:00,20223.207,20169.251,20323.207,20023.207,timeout,4,53.95599999999831,107.17199999999663
HTF_60m_BR20_S100_T200,SHORT,2024-10-15 19:00:00+00:00,2024-10-16 00:00:00+00:00,20153.073,20183.45,20253.073,19953.073,timeout,4,-30.377000000000407,-61.49400000000082
HTF_60m_BR20_S100_T200,SHORT,2024-10-16 14:00:00+00:00,2024-10-16 15:00:00+00:00,20049.306,20149.806,20149.306,19849.306,stop,1,-100.5,-201.74
HTF_60m_BR20_S100_T200,LONG,2024-10-17 07:00:00+00:00,2024-10-17 11:00:00+00:00,20260.023,20345.551,20160.023,20460.023,timeout,4,85.52799999999843,170.31599999999685
HTF_60m_BR20_S100_T200,LONG,2024-10-17 09:00:00+00:00,2024-10-17 13:00:00+00:00,20321.284,20259.855,20221.284,20521.284,timeout,4,-61.42900000000009,-123.59800000000017
HTF_60m_BR20_S100_T200,LONG,2024-10-17 11:00:00+00:00,2024-10-17 13:00:00+00:00,20357.74,20257.24,20257.74,20557.74,stop,2,-100.5,-201.74
HTF_60m_BR20_S100_T200,LONG,2024-10-17 13:00:00+00:00,2024-10-17 14:00:00+00:00,20388.106,20287.606,20288.106,20588.106,stop,1,-100.5,-201.74
HTF_60m_BR20_S100_T200,SHORT,2024-10-21 10:00:00+00:00,2024-10-21 14:00:00+00:00,20264.701,20365.201,20364.701,20064.701,stop,4,-100.5,-201.74
HTF_60m_BR20_S100_T200,SHORT,2024-10-21 11:00:00+00:00,2024-10-21 13:00:00+00:00,20211.617,20312.117,20311.617,20011.617,stop,2,-100.5,-201.74
HTF_60m_BR20_S100_T200,SHORT,2024-10-21 12:00:00+00:00,2024-10-21 13:00:00+00:00,20198.517,20299.017,20298.517,19998.517,stop,1,-100.5,-201.74
HTF_60m_BR20_S100_T200,LONG,2024-10-22 18:00:00+00:00,2024-10-22 23:00:00+00:00,20419.001,20373.817,20319.001,20619.001,timeout,4,-45.184000000001106,-91.1080000000022
HTF_60m_BR20_S100_T200,SHORT,2024-10-23 15:00:00+00:00,2024-10-23 17:00:00+00:00,20239.505,20039.505,20339.505,20039.505,target,2,200.0,399.26
HTF_60m_BR20_S100_T200,SHORT,2024-10-23 17:00:00+00:00,2024-10-23 22:00:00+00:00,20098.429,20142.034,20198.429,19898.429,timeout,4,-43.60499999999956,-87.94999999999912
HTF_60m_BR20_S100_T200,SHORT,2024-10-23 18:00:00+00:00,2024-10-23 19:00:00+00:00,19975.476,20075.976,20075.476,19775.476,stop,1,-100.5,-201.74
HTF_60m_BR20_S100_T200,LONG,2024-10-25 08:00:00+00:00,2024-10-25 12:00:00+00:00,20295.516,20349.339,20195.516,20495.516,timeout,4,53.82300000000032,106.90600000000065
HTF_60m_BR20_S100_T200,LONG,2024-10-25 12:00:00+00:00,2024-10-25 13:00:00+00:00,20303.911,20503.911,20203.911,20503.911,target,1,200.0,399.26
HTF_60m_BR20_S100_T200,LONG,2024-10-25 13:00:00+00:00,2024-10-25 14:00:00+00:00,20350.544,20550.544,20250.544,20550.544,target,1,200.0,399.26
HTF_60m_BR20_S100_T200,LONG,2024-10-25 14:00:00+00:00,2024-10-25 17:00:00+00:00,20503.289,20402.789,20403.289,20703.289,stop,3,-100.5,-201.74
HTF_60m_BR20_S100_T200,SHORT,2024-10-28 20:00:00+00:00,2024-10-29 01:00:00+00:00,20356.284,20366.961,20456.284,20156.284,timeout,4,-10.67699999999968,-22.093999999999358
HTF_60m_BR20_S100_T200,SHORT,2024-10-29 04:00:00+00:00,2024-10-29 08:00:00+00:00,20320.011,20386.555,20420.011,20120.011,timeout,4,-66.54400000000169,-133.82800000000339
HTF_60m_BR20_S100_T200,LONG,2024-10-29 15:00:00+00:00,2024-10-29 19:00:00+00:00,20459.0,20556.567,20359.0,20659.0,timeout,4,97.5669999999991,194.3939999999982
HTF_60m_BR20_S100_T200,LONG,2024-10-29 16:00:00+00:00,2024-10-29 20:00:00+00:00,20481.538,20609.922,20381.538,20681.538,timeout,4,128.3839999999982,256.0279999999964
HTF_60m_BR20_S100_T200,LONG,2024-10-29 17:00:00+00:00,2024-10-29 22:00:00+00:00,20508.016,20613.028,20408.016,20708.016,timeout,4,105.0119999999988,209.2839999999976
HTF_60m_BR20_S100_T200,LONG,2024-10-29 18:00:00+00:00,2024-10-29 23:00:00+00:00,20531.501,20609.107,20431.501,20731.501,timeout,4,77.60599999999977,154.47199999999953
HTF_60m_BR20_S100_T200,LONG,2024-10-29 19:00:00+00:00,2024-10-30 00:00:00+00:00,20554.511,20628.16,20454.511,20754.511,timeout,4,73.64900000000125,146.5580000000025
HTF_60m_BR20_S100_T200,LONG,2024-10-29 22:00:00+00:00,2024-10-30 02:00:00+00:00,20591.143,20619.117,20491.143,20791.143,timeout,4,27.97399999999834,55.20799999999668
HTF_60m_BR20_S100_T200,LONG,2024-10-30 01:00:00+00:00,2024-10-30 05:00:00+00:00,20629.376,20573.656,20529.376,20829.376,timeout,4,-55.720000000001164,-112.18000000000232
HTF_60m_BR20_S100_T200,LONG,2024-10-30 02:00:00+00:00,2024-10-30 06:00:00+00:00,20644.872,20607.257,20544.872,20844.872,timeout,4,-37.61499999999796,-75.96999999999592
HTF_60m_BR20_S100_T200,SHORT,2024-10-30 20:00:00+00:00,2024-10-31 01:00:00+00:00,20395.367,20304.933,20495.367,20195.367,timeout,4,90.43399999999747,180.12799999999493
HTF_60m_BR20_S100_T200,SHORT,2024-10-30 22:00:00+00:00,2024-10-31 02:00:00+00:00,20312.7,20296.961,20412.7,20112.7,timeout,4,15.739000000001397,30.738000000002796
HTF_60m_BR20_S100_T200,SHORT,2024-10-30 23:00:00+00:00,2024-10-31 03:00:00+00:00,20300.596,20285.244,20400.596,20100.596,timeout,4,15.35200000000259,29.964000000005182
HTF_60m_BR20_S100_T200,SHORT,2024-10-31 00:00:00+00:00,2024-10-31 04:00:00+00:00,20287.639,20272.456,20387.639,20087.639,timeout,4,15.183000000000902,29.626000000001806
HTF_60m_BR20_S100_T200,SHORT,2024-10-31 06:00:00+00:00,2024-10-31 10:00:00+00:00,20254.433,20203.855,20354.433,20054.433,timeout,4,50.57800000000134,100.41600000000268
HTF_60m_BR20_S100_T200,SHORT,2024-10-31 07:00:00+00:00,2024-10-31 11:00:00+00:00,20221.538,20256.712,20321.538,20021.538,timeout,4,-35.17399999999907,-71.08799999999813
HTF_60m_BR20_S100_T200,SHORT,2024-10-31 08:00:00+00:00,2024-10-31 12:00:00+00:00,20180.389,20245.661,20280.389,19980.389,timeout,4,-65.27200000000084,-131.2840000000017
HTF_60m_BR20_S100_T200,SHORT,2024-10-31 14:00:00+00:00,2024-10-31 18:00:00+00:00,20033.077,19917.672,20133.077,19833.077,timeout,4,115.40500000000247,230.07000000000494
HTF_60m_BR20_S100_T200,SHORT,2024-10-31 15:00:00+00:00,2024-10-31 19:00:00+00:00,19956.382,19886.217,20056.382,19756.382,timeout,4,70.16500000000087,139.59000000000174
HTF_60m_BR20_S100_T200,LONG,2024-11-01 14:00:00+00:00,2024-11-01 18:00:00+00:00,20045.54,20045.583,19945.54,20245.54,timeout,4,0.04299999999784632,-0.6540000000043074
HTF_60m_BR20_S100_T200,LONG,2024-11-01 15:00:00+00:00,2024-11-01 18:00:00+00:00,20115.166,20014.666,20015.166,20315.166,stop,3,-100.5,-201.74
HTF_60m_BR20_S100_T200,LONG,2024-11-05 15:00:00+00:00,2024-11-05 19:00:00+00:00,20177.916,20174.661,20077.916,20377.916,timeout,4,-3.2550000000010186,-7.2500000000020375
HTF_60m_BR20_S100_T200,LONG,2024-11-05 17:00:00+00:00,2024-11-05 21:00:00+00:00,20223.139,20259.356,20123.139,20423.139,timeout,4,36.21700000000055,71.69400000000111
HTF_60m_BR20_S100_T200,LONG,2024-11-05 18:00:00+00:00,2024-11-05 23:00:00+00:00,20233.406,20226.433,20133.406,20433.406,timeout,4,-6.972999999998137,-14.685999999996275
HTF_60m_BR20_S100_T200,LONG,2024-11-05 23:00:00+00:00,2024-11-06 02:00:00+00:00,20242.933,20442.933,20142.933,20442.933,target,3,200.0,399.26
HTF_60m_BR20_S100_T200,LONG,2024-11-06 01:00:00+00:00,2024-11-06 02:00:00+00:00,20272.139,20472.139,20172.139,20472.139,target,1,200.0,399.26
HTF_60m_BR20_S100_T200,LONG,2024-11-06 03:00:00+00:00,2024-11-06 05:00:00+00:00,20472.8,20372.3,20372.8,20672.8,stop,2,-100.5,-201.74
HTF_60m_BR20_S100_T200,LONG,2024-11-06 04:00:00+00:00,2024-11-06 05:00:00+00:00,20478.289,20377.789,20378.289,20678.289,stop,1,-100.5,-201.74
HTF_60m_BR20_S100_T200,LONG,2024-11-06 07:00:00+00:00,2024-11-06 11:00:00+00:00,20531.796,20490.056,20431.796,20731.796,timeout,4,-41.73999999999796,-84.21999999999592
HTF_60m_BR20_S100_T200,LONG,2024-11-06 08:00:00+00:00,2024-11-06 11:00:00+00:00,20566.1,20465.6,20466.1,20766.1,stop,3,-100.5,-201.74
HTF_60m_BR20_S100_T200,LONG,2024-11-06 19:00:00+00:00,2024-11-07 00:00:00+00:00,20737.572,20750.461,20637.572,20937.572,timeout,4,12.888999999999214,25.03799999999843
HTF_60m_BR20_S100_T200,LONG,2024-11-06 20:00:00+00:00,2024-11-07 01:00:00+00:00,20766.033,20788.723,20666.033,20966.033,timeout,4,22.69000000000233,44.640000000004655
HTF_60m_BR20_S100_T200,LONG,2024-11-07 06:00:00+00:00,2024-11-07 10:00:00+00:00,20827.217,20822.299,20727.217,21027.217,timeout,4,-4.918000000001484,-10.576000000002969
HTF_60m_BR20_S100_T200,LONG,2024-11-07 13:00:00+00:00,2024-11-07 15:00:00+00:00,20845.378,21045.378,20745.378,21045.378,target,2,200.0,399.26
HTF_60m_BR20_S100_T200,LONG,2024-11-07 14:00:00+00:00,2024-11-07 16:00:00+00:00,20863.782,21063.782,20763.782,21063.782,target,2,200.0,399.26
HTF_60m_BR20_S100_T200,LONG,2024-11-07 15:00:00+00:00,2024-11-07 19:00:00+00:00,20991.806,21112.728,20891.806,21191.806,timeout,4,120.92199999999866,241.1039999999973
HTF_60m_BR20_S100_T200,LONG,2024-11-07 16:00:00+00:00,2024-11-07 20:00:00+00:00,21043.762,21101.45,20943.762,21243.762,timeout,4,57.68800000000192,114.63600000000385
HTF_60m_BR20_S100_T200,LONG,2024-11-07 17:00:00+00:00,2024-11-07 21:00:00+00:00,21076.932,21117.8,20976.932,21276.932,timeout,4,40.867999999998574,80.99599999999715
HTF_60m_BR20_S100_T200,LONG,2024-11-07 20:00:00+00:00,2024-11-08 01:00:00+00:00,21114.206,21117.106,21014.206,21314.206,timeout,4,2.900000000001455,5.06000000000291
HTF_60m_BR20_S100_T200,LONG,2024-11-08 06:00:00+00:00,2024-11-08 10:00:00+00:00,21138.428,21037.928,21038.428,21338.428,stop,4,-100.5,-201.74
HTF_60m_BR20_S100_T200,LONG,2024-11-11 00:00:00+00:00,2024-11-11 04:00:00+00:00,21198.834,21179.55,21098.834,21398.834,timeout,4,-19.28399999999965,-39.3079999999993
HTF_60m_BR20_S100_T200,LONG,2024-11-11 13:00:00+00:00,2024-11-11 14:00:00+00:00,21220.767,21120.267,21120.767,21420.767,stop,1,-100.5,-201.74
HTF_60m_BR20_S100_T200,SHORT,2024-11-11 15:00:00+00:00,2024-11-11 19:00:00+00:00,21066.289,21066.555,21166.289,20866.289,timeout,4,-0.26599999999962165,-1.2719999999992433
HTF_60m_BR20_S100_T200,SHORT,2024-11-12 18:00:00+00:00,2024-11-12 19:00:00+00:00,20957.349,21057.849,21057.349,20757.349,stop,1,-100.5,-201.74
HTF_60m_BR20_S100_T200,LONG,2024-11-13 19:00:00+00:00,2024-11-13 20:00:00+00:00,21148.833,21048.333,21048.833,21348.833,stop,1,-100.5,-201.74
HTF_60m_BR20_S100_T200,SHORT,2024-11-14 21:00:00+00:00,2024-11-15 02:00:00+00:00,20903.096,20810.923,21003.096,20703.096,timeout,4,92.1730000000025,183.606000000005
HTF_60m_BR20_S100_T200,SHORT,2024-11-14 23:00:00+00:00,2024-11-15 03:00:00+00:00,20871.206,20802.283,20971.206,20671.206,timeout,4,68.92299999999886,137.10599999999772
HTF_60m_BR20_S100_T200,SHORT,2024-11-15 01:00:00+00:00,2024-11-15 05:00:00+00:00,20820.772,20795.728,20920.772,20620.772,timeout,4,25.044000000001688,49.348000000003374
HTF_60m_BR20_S100_T200,SHORT,2024-11-15 02:00:00+00:00,2024-11-15 06:00:00+00:00,20786.323,20765.583,20886.323,20586.323,timeout,4,20.7400000000016,40.7400000000032
HTF_60m_BR20_S100_T200,SHORT,2024-11-15 07:00:00+00:00,2024-11-15 11:00:00+00:00,20763.946,20740.043,20863.946,20563.946,timeout,4,23.90299999999843,47.065999999996855
HTF_60m_BR20_S100_T200,SHORT,2024-11-15 15:00:00+00:00,2024-11-15 16:00:00+00:00,20591.4,20391.4,20691.4,20391.4,target,1,200.0,399.26
HTF_60m_BR20_S100_T200,SHORT,2024-11-15 16:00:00+00:00,2024-11-15 20:00:00+00:00,20464.262,20393.141,20564.262,20264.262,timeout,4,71.12099999999919,141.50199999999836
HTF_60m_BR20_S100_T200,SHORT,2024-11-15 17:00:00+00:00,2024-11-15 21:00:00+00:00,20398.406,20403.251,20498.406,20198.406,timeout,4,-4.845000000001164,-10.430000000002329
HTF_60m_BR20_S100_T200,SHORT,2024-11-15 19:00:00+00:00,2024-11-17 23:00:00+00:00,20334.512,20435.012,20434.512,20134.512,stop,3,-100.5,-201.74
HTF_60m_BR20_S100_T200,LONG,2024-11-18 16:00:00+00:00,2024-11-18 20:00:00+00:00,20588.812,20533.728,20488.812,20788.812,timeout,4,-55.08400000000256,-110.90800000000512
HTF_60m_BR20_S100_T200,SHORT,2024-11-19 14:00:00+00:00,2024-11-19 15:00:00+00:00,20326.734,20427.234,20426.734,20126.734,stop,1,-100.5,-201.74
HTF_60m_BR20_S100_T200,LONG,2024-11-19 19:00:00+00:00,2024-11-20 00:00:00+00:00,20694.846,20724.666,20594.846,20894.846,timeout,4,29.81999999999971,58.899999999999416
HTF_60m_BR20_S100_T200,LONG,2024-11-20 01:00:00+00:00,2024-11-20 05:00:00+00:00,20725.712,20707.211,20625.712,20925.712,timeout,4,-18.501000000000204,-37.74200000000041
HTF_60m_BR20_S100_T200,SHORT,2024-11-20 15:00:00+00:00,2024-11-20 16:00:00+00:00,20524.889,20625.389,20624.889,20324.889,stop,1,-100.5,-201.74
HTF_60m_BR20_S100_T200,LONG,2024-11-21 14:00:00+00:00,2024-11-21 15:00:00+00:00,20762.056,20661.556,20662.056,20962.056,stop,1,-100.5,-201.74
HTF_60m_BR20_S100_T200,LONG,2024-11-25 00:00:00+00:00,2024-11-25 04:00:00+00:00,20861.204,20890.356,20761.204,21061.204,timeout,4,29.151999999998225,57.56399999999645
HTF_60m_BR20_S100_T200,LONG,2024-11-25 01:00:00+00:00,2024-11-25 05:00:00+00:00,20880.372,20895.411,20780.372,21080.372,timeout,4,15.03900000000067,29.33800000000134
HTF_60m_BR20_S100_T200,LONG,2024-11-25 06:00:00+00:00,2024-11-25 10:00:00+00:00,20896.283,20903.728,20796.283,21096.283,timeout,4,7.444999999999709,14.149999999999418
HTF_60m_BR20_S100_T200,LONG,2024-11-25 11:00:00+00:00,2024-11-25 15:00:00+00:00,20904.927,20804.427,20804.927,21104.927,stop,4,-100.5,-201.74
HTF_60m_BR20_S100_T200,LONG,2024-11-25 14:00:00+00:00,2024-11-25 15:00:00+00:00,20925.007,20824.507,20825.007,21125.007,stop,1,-100.5,-201.74
HTF_60m_BR20_S100_T200,LONG,2024-11-26 15:00:00+00:00,2024-11-26 19:00:00+00:00,20894.683,20857.555,20794.683,21094.683,timeout,4,-37.12800000000061,-74.99600000000122
HTF_60m_BR20_S100_T200,SHORT,2024-11-27 15:00:00+00:00,2024-11-27 19:00:00+00:00,20785.289,20740.416,20885.289,20585.289,timeout,4,44.87299999999959,89.00599999999919
HTF_60m_BR20_S100_T200,SHORT,2024-11-27 16:00:00+00:00,2024-11-27 20:00:00+00:00,20675.707,20752.045,20775.707,20475.707,timeout,4,-76.33799999999974,-153.41599999999949
HTF_60m_BR20_S100_T200,SHORT,2024-11-27 17:00:00+00:00,2024-11-27 18:00:00+00:00,20651.601,20752.101,20751.601,20451.601,stop,1,-100.5,-201.74
HTF_60m_BR20_S100_T200,LONG,2024-11-28 13:00:00+00:00,2024-11-28 17:00:00+00:00,20810.412,20823.018,20710.412,21010.412,timeout,4,12.605999999999767,24.471999999999536
HTF_60m_BR20_S100_T200,LONG,2024-11-28 15:00:00+00:00,2024-11-29 00:00:00+00:00,20825.328,20781.583,20725.328,21025.328,timeout,4,-43.74500000000262,-88.23000000000523
HTF_60m_BR20_S100_T200,LONG,2024-11-28 16:00:00+00:00,2024-11-29 01:00:00+00:00,20835.094,20818.962,20735.094,21035.094,timeout,4,-16.132000000001426,-33.004000000002854
HTF_60m_BR20_S100_T200,LONG,2024-11-29 04:00:00+00:00,2024-11-29 08:00:00+00:00,20858.043,20842.75,20758.043,21058.043,timeout,4,-15.293000000001484,-31.326000000002967
HTF_60m_BR20_S100_T200,LONG,2024-11-29 05:00:00+00:00,2024-11-29 09:00:00+00:00,20875.495,20839.565,20775.495,21075.495,timeout,4,-35.93000000000029,-72.60000000000058
HTF_60m_BR20_S100_T200,LONG,2024-11-29 16:00:00+00:00,2024-12-02 00:00:00+00:00,20896.268,20899.633,20796.268,21096.268,timeout,4,3.3650000000016007,5.990000000003201
HTF_60m_BR20_S100_T200,LONG,2024-11-29 17:00:00+00:00,2024-12-02 01:00:00+00:00,20938.805,20900.055,20838.805,21138.805,timeout,4,-38.75,-78.24
HTF_60m_BR20_S100_T200,LONG,2024-12-02 14:00:00+00:00,2024-12-02 16:00:00+00:00,20971.467,21171.467,20871.467,21171.467,target,2,200.0,399.26
HTF_60m_BR20_S100_T200,LONG,2024-12-02 15:00:00+00:00,2024-12-02 19:00:00+00:00,21093.794,21160.255,20993.794,21293.794,timeout,4,66.46099999999933,132.18199999999865
HTF_60m_BR20_S100_T200,LONG,2024-12-02 17:00:00+00:00,2024-12-02 21:00:00+00:00,21171.338,21174.749,21071.338,21371.338,timeout,4,3.411000000000058,6.082000000000116
HTF_60m_BR20_S100_T200,LONG,2024-12-03 21:00:00+00:00,2024-12-04 02:00:00+00:00,21226.579,21284.166,21126.579,21426.579,timeout,4,57.586999999999534,114.43399999999907
HTF_60m_BR20_S100_T200,LONG,2024-12-03 23:00:00+00:00,2024-12-04 03:00:00+00:00,21268.701,21288.634,21168.701,21468.701,timeout,4,19.932999999997264,39.12599999999453
HTF_60m_BR20_S100_T200,LONG,2024-12-04 00:00:00+00:00,2024-12-04 04:00:00+00:00,21282.717,21299.967,21182.717,21482.717,timeout,4,17.25,33.76
HTF_60m_BR20_S100_T200,LONG,2024-12-04 03:00:00+00:00,2024-12-04 07:00:00+00:00,21285.611,21296.355,21185.611,21485.611,timeout,4,10.743999999998778,20.747999999997557
HTF_60m_BR20_S100_T200,LONG,2024-12-04 05:00:00+00:00,2024-12-04 09:00:00+00:00,21300.3,21347.139,21200.3,21500.3,timeout,4,46.83899999999994,92.93799999999989
HTF_60m_BR20_S100_T200,LONG,2024-12-04 06:00:00+00:00,2024-12-04 10:00:00+00:00,21306.627,21354.372,21206.627,21506.627,timeout,4,47.74499999999898,94.74999999999797
HTF_60m_BR20_S100_T200,LONG,2024-12-04 09:00:00+00:00,2024-12-04 13:00:00+00:00,21334.306,21396.844,21234.306,21534.306,timeout,4,62.538000000000466,124.33600000000094
HTF_60m_BR20_S100_T200,LONG,2024-12-04 10:00:00+00:00,2024-12-04 14:00:00+00:00,21349.128,21365.039,21249.128,21549.128,timeout,4,15.911000000000058,31.082000000000118
HTF_60m_BR20_S100_T200,LONG,2024-12-04 11:00:00+00:00,2024-12-04 15:00:00+00:00,21355.804,21430.827,21255.804,21555.804,timeout,4,75.02300000000105,149.3060000000021
HTF_60m_BR20_S100_T200,LONG,2024-12-04 12:00:00+00:00,2024-12-04 16:00:00+00:00,21366.684,21421.855,21266.684,21566.684,timeout,4,55.17099999999846,109.60199999999692
HTF_60m_BR20_S100_T200,LONG,2024-12-04 14:00:00+00:00,2024-12-04 18:00:00+00:00,21397.301,21420.855,21297.301,21597.301,timeout,4,23.554000000000087,46.36800000000017
HTF_60m_BR20_S100_T200,LONG,2024-12-04 16:00:00+00:00,2024-12-04 20:00:00+00:00,21431.823,21485.36,21331.823,21631.823,timeout,4,53.53700000000026,106.33400000000053
HTF_60m_BR20_S100_T200,LONG,2024-12-04 20:00:00+00:00,2024-12-05 01:00:00+00:00,21462.594,21463.066,21362.594,21662.594,timeout,4,0.47199999999793363,0.20399999999586726
HTF_60m_BR20_S100_T200,LONG,2024-12-04 21:00:00+00:00,2024-12-05 02:00:00+00:00,21486.739,21457.844,21386.739,21686.739,timeout,4,-28.895000000000437,-58.530000000000875
HTF_60m_BR20_S100_T200,LONG,2024-12-05 18:00:00+00:00,2024-12-05 20:00:00+00:00,21510.8,21410.3,21410.8,21710.8,stop,2,-100.5,-201.74
HTF_60m_BR20_S100_T200,SHORT,2024-12-05 23:00:00+00:00,2024-12-06 03:00:00+00:00,21399.695,21419.55,21499.695,21199.695,timeout,4,-19.854999999999563,-40.44999999999913
HTF_60m_BR20_S100_T200,LONG,2024-12-06 15:00:00+00:00,2024-12-06 19:00:00+00:00,21567.278,21592.245,21467.278,21767.278,timeout,4,24.967000000000553,49.194000000001104
HTF_60m_BR20_S100_T200,LONG,2024-12-06 16:00:00+00:00,2024-12-06 20:00:00+00:00,21576.689,21615.945,21476.689,21776.689,timeout,4,39.25600000000122,77.77200000000245
HTF_60m_BR20_S100_T200,LONG,2024-12-06 19:00:00+00:00,2024-12-09 00:00:00+00:00,21616.384,21601.067,21516.384,21816.384,timeout,4,-15.316999999999098,-31.373999999998194
HTF_60m_BR20_S100_T200,LONG,2024-12-09 08:00:00+00:00,2024-12-09 11:00:00+00:00,21655.357,21554.857,21555.357,21855.357,stop,3,-100.5,-201.74
HTF_60m_BR20_S100_T200,LONG,2024-12-09 09:00:00+00:00,2024-12-09 11:00:00+00:00,21663.156,21562.656,21563.156,21863.156,stop,2,-100.5,-201.74
HTF_60m_BR20_S100_T200,SHORT,2024-12-09 16:00:00+00:00,2024-12-09 20:00:00+00:00,21468.016,21446.528,21568.016,21268.016,timeout,4,21.488000000001193,42.236000000002385
HTF_60m_BR20_S100_T200,SHORT,2024-12-10 20:00:00+00:00,2024-12-11 01:00:00+00:00,21370.272,21389.745,21470.272,21170.272,timeout,4,-19.472999999998137,-39.68599999999628
HTF_60m_BR20_S100_T200,LONG,2024-12-11 14:00:00+00:00,2024-12-11 15:00:00+00:00,21490.489,21690.489,21390.489,21690.489,target,1,200.0,399.26
HTF_60m_BR20_S100_T200,LONG,2024-12-11 15:00:00+00:00,2024-12-11 19:00:00+00:00,21658.618,21760.556,21558.618,21858.618,timeout,4,101.93800000000192,203.13600000000383
HTF_60m_BR20_S100_T200,LONG,2024-12-11 17:00:00+00:00,2024-12-11 21:00:00+00:00,21721.984,21730.789,21621.984,21921.984,timeout,4,8.805000000000291,16.870000000000584
HTF_60m_BR20_S100_T200,LONG,2024-12-11 18:00:00+00:00,2024-12-11 23:00:00+00:00,21742.589,21724.738,21642.589,21942.589,timeout,4,-17.85099999999875,-36.4419999999975
HTF_60m_BR20_S100_T200,LONG,2024-12-11 19:00:00+00:00,2024-12-12 00:00:00+00:00,21754.772,21716.729,21654.772,21954.772,timeout,4,-38.043000000001484,-76.82600000000296
HTF_60m_BR20_S100_T200,SHORT,2024-12-12 14:00:00+00:00,2024-12-12 18:00:00+00:00,21649.016,21668.528,21749.016,21449.016,timeout,4,-19.511999999998807,-39.763999999997615
HTF_60m_BR20_S100_T200,SHORT,2024-12-12 23:00:00+00:00,2024-12-13 03:00:00+00:00,21707.794,21681.355,21807.794,21507.794,timeout,4,26.439000000002125,52.13800000000425
HTF_60m_BR20_S100_T200,LONG,2024-12-13 10:00:00+00:00,2024-12-13 14:00:00+00:00,21763.805,21856.222,21663.805,21963.805,timeout,4,92.41700000000128,184.09400000000255
HTF_60m_BR20_S100_T200,LONG,2024-12-13 11:00:00+00:00,2024-12-13 15:00:00+00:00,21769.594,21669.094,21669.594,21969.594,stop,4,-100.5,-201.74
HTF_60m_BR20_S100_T200,LONG,2024-12-13 13:00:00+00:00,2024-12-13 15:00:00+00:00,21809.489,21708.989,21709.489,22009.489,stop,2,-100.5,-201.74
HTF_60m_BR20_S100_T200,LONG,2024-12-13 15:00:00+00:00,2024-12-13 16:00:00+00:00,21857.544,21757.044,21757.544,22057.544,stop,1,-100.5,-201.74
HTF_60m_BR20_S100_T200,LONG,2024-12-16 14:00:00+00:00,2024-12-16 18:00:00+00:00,21893.084,22093.084,21793.084,22093.084,target,4,200.0,399.26
HTF_60m_BR20_S100_T200,LONG,2024-12-16 15:00:00+00:00,2024-12-16 19:00:00+00:00,21953.184,22105.688,21853.184,22153.184,timeout,4,152.50399999999718,304.26799999999434
HTF_60m_BR20_S100_T200,LONG,2024-12-16 16:00:00+00:00,2024-12-16 20:00:00+00:00,21973.817,22091.739,21873.817,22173.817,timeout,4,117.9220000000023,235.1040000000046
HTF_60m_BR20_S100_T200,LONG,2024-12-16 17:00:00+00:00,2024-12-16 21:00:00+00:00,22038.289,22083.051,21938.289,22238.289,timeout,4,44.76199999999881,88.78399999999762
HTF_60m_BR20_S100_T200,LONG,2024-12-16 18:00:00+00:00,2024-12-16 23:00:00+00:00,22069.2,22081.66,21969.2,22269.2,timeout,4,12.459999999999127,24.179999999998255
HTF_60m_BR20_S100_T200,LONG,2024-12-16 19:00:00+00:00,2024-12-17 00:00:00+00:00,22099.289,22070.334,21999.289,22299.289,timeout,4,-28.955000000001746,-58.650000000003494
HTF_60m_BR20_S100_T200,SHORT,2024-12-17 15:00:00+00:00,2024-12-17 19:00:00+00:00,21983.578,21958.251,22083.578,21783.578,timeout,4,25.327000000001135,49.91400000000227
HTF_60m_BR20_S100_T200,SHORT,2024-12-18 20:00:00+00:00,2024-12-18 21:00:00+00:00,21602.078,21402.078,21702.078,21402.078,target,1,200.0,399.26
HTF_60m_BR20_S100_T200,SHORT,2024-12-18 21:00:00+00:00,2024-12-19 02:00:00+00:00,21196.301,21166.85,21296.301,20996.301,timeout,4,29.45100000000093,58.16200000000186
HTF_60m_BR20_S100_T200,SHORT,2024-12-19 21:00:00+00:00,2024-12-20 02:00:00+00:00,21096.522,20981.595,21196.522,20896.522,timeout,4,114.92699999999968,229.11399999999935
HTF_60m_BR20_S100_T200,SHORT,2024-12-19 23:00:00+00:00,2024-12-20 03:00:00+00:00,21148.805,20948.805,21248.805,20948.805,target,4,200.0,399.26
HTF_60m_BR20_S100_T200,SHORT,2024-12-20 01:00:00+00:00,2024-12-20 05:00:00+00:00,21004.305,20991.012,21104.305,20804.305,timeout,4,13.293000000001484,25.84600000000297
HTF_60m_BR20_S100_T200,SHORT,2024-12-20 03:00:00+00:00,2024-12-20 07:00:00+00:00,20980.607,21007.755,21080.607,20780.607,timeout,4,-27.148000000001048,-55.0360000000021
HTF_60m_BR20_S100_T200,SHORT,2024-12-20 04:00:00+00:00,2024-12-20 08:00:00+00:00,20946.695,20918.251,21046.695,20746.695,timeout,4,28.443999999999505,56.14799999999901
HTF_60m_BR20_S100_T200,SHORT,2024-12-20 09:00:00+00:00,2024-12-20 13:00:00+00:00,20917.956,20945.222,21017.956,20717.956,timeout,4,-27.26600000000326,-55.27200000000652
HTF_60m_BR20_S100_T200,SHORT,2024-12-20 10:00:00+00:00,2024-12-20 13:00:00+00:00,20849.922,20950.422,20949.922,20649.922,stop,3,-100.5,-201.74
HTF_60m_BR20_S100_T200,SHORT,2024-12-20 11:00:00+00:00,2024-12-20 13:00:00+00:00,20831.595,20932.095,20931.595,20631.595,stop,2,-100.5,-201.74
HTF_60m_BR20_S100_T200,SHORT,2024-12-20 12:00:00+00:00,2024-12-20 13:00:00+00:00,20814.433,20914.933,20914.433,20614.433,stop,1,-100.5,-201.74
HTF_60m_BR20_S100_T200,LONG,2024-12-20 17:00:00+00:00,2024-12-20 18:00:00+00:00,21495.283,21394.783,21395.283,21695.283,stop,1,-100.5,-201.74
HTF_60m_BR20_S100_T200,LONG,2024-12-23 19:00:00+00:00,2024-12-24 00:00:00+00:00,21482.306,21476.223,21382.306,21682.306,timeout,4,-6.082999999998719,-12.905999999997439
HTF_60m_BR20_S100_T200,LONG,2024-12-24 08:00:00+00:00,2024-12-24 12:00:00+00:00,21515.449,21540.155,21415.449,21715.449,timeout,4,24.705999999998312,48.67199999999662
HTF_60m_BR20_S100_T200,LONG,2024-12-24 10:00:00+00:00,2024-12-24 14:00:00+00:00,21539.789,21653.071,21439.789,21739.789,timeout,4,113.28199999999924,225.82399999999848
HTF_60m_BR20_S100_T200,LONG,2024-12-24 14:00:00+00:00,2024-12-24 17:00:00+00:00,21568.028,21768.028,21468.028,21768.028,target,3,200.0,399.26
HTF_60m_BR20_S100_T200,LONG,2024-12-24 15:00:00+00:00,2024-12-25 23:00:00+00:00,21655.122,21815.977,21555.122,21855.122,timeout,4,160.85499999999956,320.9699999999991
HTF_60m_BR20_S100_T200,LONG,2024-12-24 16:00:00+00:00,2024-12-26 00:00:00+00:00,21708.894,21809.283,21608.894,21908.894,timeout,4,100.38899999999921,200.03799999999842
HTF_60m_BR20_S100_T200,LONG,2024-12-24 18:00:00+00:00,2024-12-26 02:00:00+00:00,21784.878,21828.945,21684.878,21984.878,timeout,4,44.0669999999991,87.3939999999982
HTF_60m_BR20_S100_T200,LONG,2024-12-25 23:00:00+00:00,2024-12-26 03:00:00+00:00,21813.883,21866.522,21713.883,22013.883,timeout,4,52.638999999999214,104.53799999999843
HTF_60m_BR20_S100_T200,LONG,2024-12-26 00:00:00+00:00,2024-12-26 04:00:00+00:00,21816.922,21842.139,21716.922,22016.922,timeout,4,25.217000000000553,49.694000000001104
HTF_60m_BR20_S100_T200,LONG,2024-12-26 04:00:00+00:00,2024-12-26 08:00:00+00:00,21867.561,21767.061,21767.561,22067.561,stop,4,-100.5,-201.74
HTF_60m_BR20_S100_T200,SHORT,2024-12-27 14:00:00+00:00,2024-12-27 15:00:00+00:00,21664.49,21464.49,21764.49,21464.49,target,1,200.0,399.26
HTF_60m_BR20_S100_T200,SHORT,2024-12-27 15:00:00+00:00,2024-12-27 19:00:00+00:00,21465.91,21484.861,21565.91,21265.91,timeout,4,-18.95100000000093,-38.642000000001865
HTF_60m_BR20_S100_T200,SHORT,2024-12-27 16:00:00+00:00,2024-12-27 19:00:00+00:00,21375.139,21475.639,21475.139,21175.139,stop,3,-100.5,-201.74
HTF_60m_BR20_S100_T200,SHORT,2024-12-30 13:00:00+00:00,2024-12-30 15:00:00+00:00,21258.29,21058.29,21358.29,21058.29,target,2,200.0,399.26
HTF_60m_BR20_S100_T200,SHORT,2024-12-30 14:00:00+00:00,2024-12-30 17:00:00+00:00,21157.478,21257.978,21257.478,20957.478,stop,3,-100.5,-201.74
HTF_60m_BR20_S100_T200,SHORT,2024-12-30 15:00:00+00:00,2024-12-30 16:00:00+00:00,21072.39,21172.89,21172.39,20872.39,stop,1,-100.5,-201.74
HTF_60m_BR20_S100_T200,SHORT,2025-01-02 18:00:00+00:00,2025-01-02 20:00:00+00:00,20875.217,20975.717,20975.217,20675.217,stop,2,-100.5,-201.74
HTF_60m_BR20_S100_T200,LONG,2025-01-03 15:00:00+00:00,2025-01-03 19:00:00+00:00,21190.056,21336.255,21090.056,21390.056,timeout,4,146.19900000000052,291.65800000000104
HTF_60m_BR20_S100_T200,LONG,2025-01-03 17:00:00+00:00,2025-01-03 21:00:00+00:00,21267.7,21291.851,21167.7,21467.7,timeout,4,24.15099999999802,47.56199999999604
HTF_60m_BR20_S100_T200,LONG,2025-01-03 19:00:00+00:00,2025-01-06 00:00:00+00:00,21309.394,21300.811,21209.394,21509.394,timeout,4,-8.58299999999872,-17.905999999997437
HTF_60m_BR20_S100_T200,LONG,2025-01-03 20:00:00+00:00,2025-01-06 01:00:00+00:00,21337.7,21304.554,21237.7,21537.7,timeout,4,-33.14600000000064,-67.03200000000128
HTF_60m_BR20_S100_T200,LONG,2025-01-06 08:00:00+00:00,2025-01-06 12:00:00+00:00,21370.367,21539.537,21270.367,21570.367,timeout,4,169.1700000000019,337.6000000000038
HTF_60m_BR20_S100_T200,LONG,2025-01-06 09:00:00+00:00,2025-01-06 13:00:00+00:00,21423.594,21553.527,21323.594,21623.594,timeout,4,129.93299999999726,259.1259999999945
HTF_60m_BR20_S100_T200,LONG,2025-01-06 10:00:00+00:00,2025-01-06 14:00:00+00:00,21474.794,21626.039,21374.794,21674.794,timeout,4,151.24499999999898,301.74999999999795
HTF_60m_BR20_S100_T200,LONG,2025-01-06 11:00:00+00:00,2025-01-06 15:00:00+00:00,21476.639,21676.639,21376.639,21676.639,target,4,200.0,399.26
HTF_60m_BR20_S100_T200,LONG,2025-01-06 12:00:00+00:00,2025-01-06 16:00:00+00:00,21535.978,21663.745,21435.978,21735.978,timeout,4,127.76699999999983,254.79399999999964
HTF_60m_BR20_S100_T200,LONG,2025-01-06 15:00:00+00:00,2025-01-06 18:00:00+00:00,21628.422,21527.922,21528.422,21828.422,stop,3,-100.5,-201.74
HTF_60m_BR20_S100_T200,LONG,2025-01-06 16:00:00+00:00,2025-01-06 17:00:00+00:00,21677.195,21576.695,21577.195,21877.195,stop,1,-100.5,-201.74
HTF_60m_BR20_S100_T200,SHORT,2025-01-07 16:00:00+00:00,2025-01-07 20:00:00+00:00,21364.59,21164.59,21464.59,21164.59,target,4,200.0,399.26
HTF_60m_BR20_S100_T200,SHORT,2025-01-07 21:00:00+00:00,2025-01-08 02:00:00+00:00,21174.511,21237.055,21274.511,20974.511,timeout,4,-62.54400000000169,-125.82800000000337
HTF_60m_BR20_S100_T200,SHORT,2025-01-08 13:00:00+00:00,2025-01-08 14:00:00+00:00,21074.484,21174.984,21174.484,20874.484,stop,1,-100.5,-201.74
HTF_60m_BR20_S100_T200,SHORT,2025-01-10 01:00:00+00:00,2025-01-10 03:00:00+00:00,21021.495,21121.995,21121.495,20821.495,stop,2,-100.5,-201.74
HTF_60m_BR20_S100_T200,SHORT,2025-01-10 14:00:00+00:00,2025-01-10 15:00:00+00:00,20942.327,20742.327,21042.327,20742.327,target,1,200.0,399.26
HTF_60m_BR20_S100_T200,SHORT,2025-01-10 16:00:00+00:00,2025-01-10 18:00:00+00:00,20818.683,20919.183,20918.683,20618.683,stop,2,-100.5,-201.74
HTF_60m_BR20_S100_T200,SHORT,2025-01-13 09:00:00+00:00,2025-01-13 13:00:00+00:00,20642.6,20645.105,20742.6,20442.6,timeout,4,-2.5050000000010186,-5.7500000000020375
HTF_60m_BR20_S100_T200,SHORT,2025-01-13 10:00:00+00:00,2025-01-13 12:00:00+00:00,20554.895,20655.395,20654.895,20354.895,stop,2,-100.5,-201.74
HTF_60m_BR20_S100_T200,LONG,2025-01-14 00:00:00+00:00,2025-01-14 04:00:00+00:00,20884.41,20880.245,20784.41,21084.41,timeout,4,-4.165000000000873,-9.070000000001746
HTF_60m_BR20_S100_T200,LONG,2025-01-14 09:00:00+00:00,2025-01-14 12:00:00+00:00,20961.887,20861.387,20861.887,21161.887,stop,3,-100.5,-201.74
HTF_60m_BR20_S100_T200,SHORT,2025-01-14 17:00:00+00:00,2025-01-14 18:00:00+00:00,20660.861,20761.361,20760.861,20460.861,stop,1,-100.5,-201.74
HTF_60m_BR20_S100_T200,LONG,2025-01-15 14:00:00+00:00,2025-01-15 18:00:00+00:00,21122.982,21214.149,21022.982,21322.982,timeout,4,91.16700000000128,181.59400000000255
HTF_60m_BR20_S100_T200,LONG,2025-01-15 20:00:00+00:00,2025-01-16 01:00:00+00:00,21252.873,21235.266,21152.873,21452.873,timeout,4,-17.60699999999997,-35.953999999999944
HTF_60m_BR20_S100_T200,LONG,2025-01-16 08:00:00+00:00,2025-01-16 09:00:00+00:00,21391.289,21290.789,21291.289,21591.289,stop,1,-100.5,-201.74
HTF_60m_BR20_S100_T200,SHORT,2025-01-16 19:00:00+00:00,2025-01-16 20:00:00+00:00,21129.268,21229.768,21229.268,20929.268,stop,1,-100.5,-201.74
HTF_60m_BR20_S100_T200,SHORT,2025-01-16 21:00:00+00:00,2025-01-17 02:00:00+00:00,21087.323,21106.656,21187.323,20887.323,timeout,4,-19.33299999999872,-39.40599999999744
HTF_60m_BR20_S100_T200,SHORT,2025-01-16 23:00:00+00:00,2025-01-17 03:00:00+00:00,21063.185,21129.583,21163.185,20863.185,timeout,4,-66.39799999999741,-133.53599999999483
HTF_60m_BR20_S100_T200,LONG,2025-01-17 14:00:00+00:00,2025-01-17 18:00:00+00:00,21391.017,21478.683,21291.017,21591.017,timeout,4,87.66600000000108,174.59200000000214
HTF_60m_BR20_S100_T200,LONG,2025-01-20 14:00:00+00:00,2025-01-20 23:00:00+00:00,21535.739,21583.933,21435.739,21735.739,timeout,4,48.193999999999505,95.64799999999902
HTF_60m_BR20_S100_T200,LONG,2025-01-20 15:00:00+00:00,2025-01-20 17:00:00+00:00,21593.384,21492.884,21493.384,21793.384,stop,2,-100.5,-201.74
HTF_60m_BR20_S100_T200,SHORT,2025-01-21 01:00:00+00:00,2025-01-21 02:00:00+00:00,21320.784,21421.284,21420.784,21120.784,stop,1,-100.5,-201.74
HTF_60m_BR20_S100_T200,LONG,2025-01-21 19:00:00+00:00,2025-01-22 00:00:00+00:00,21604.221,21690.095,21504.221,21804.221,timeout,4,85.8739999999998,171.00799999999958
HTF_60m_BR20_S100_T200,LONG,2025-01-22 00:00:00+00:00,2025-01-22 04:00:00+00:00,21664.996,21722.982,21564.996,21864.996,timeout,4,57.986000000000786,115.23200000000158
HTF_60m_BR20_S100_T200,LONG,2025-01-22 01:00:00+00:00,2025-01-22 05:00:00+00:00,21691.161,21711.549,21591.161,21891.161,timeout,4,20.38799999999901,40.03599999999802
HTF_60m_BR20_S100_T200,LONG,2025-01-22 04:00:00+00:00,2025-01-22 08:00:00+00:00,21711.822,21745.666,21611.822,21911.822,timeout,4,33.84400000000096,66.94800000000193
HTF_60m_BR20_S100_T200,LONG,2025-01-22 05:00:00+00:00,2025-01-22 09:00:00+00:00,21724.128,21736.65,21624.128,21924.128,timeout,4,12.522000000000844,24.30400000000169
HTF_60m_BR20_S100_T200,LONG,2025-01-22 09:00:00+00:00,2025-01-22 13:00:00+00:00,21746.793,21783.594,21646.793,21946.793,timeout,4,36.800999999999476,72.86199999999896
HTF_60m_BR20_S100_T200,LONG,2025-01-22 13:00:00+00:00,2025-01-22 17:00:00+00:00,21765.256,21906.556,21665.256,21965.256,timeout,4,141.29999999999927,281.85999999999854
HTF_60m_BR20_S100_T200,LONG,2025-01-22 14:00:00+00:00,2025-01-22 18:00:00+00:00,21785.283,21877.327,21685.283,21985.283,timeout,4,92.04400000000169,183.34800000000337
HTF_60m_BR20_S100_T200,LONG,2025-01-22 15:00:00+00:00,2025-01-22 19:00:00+00:00,21869.111,21889.822,21769.111,22069.111,timeout,4,20.71099999999933,40.68199999999866
HTF_60m_BR20_S100_T200,LONG,2025-01-22 17:00:00+00:00,2025-01-22 21:00:00+00:00,21926.328,21832.756,21826.328,22126.328,timeout,4,-93.57200000000012,-187.88400000000024
HTF_60m_BR20_S100_T200,SHORT,2025-01-23 09:00:00+00:00,2025-01-23 13:00:00+00:00,21730.889,21748.828,21830.889,21530.889,timeout,4,-17.939000000002125,-36.61800000000425
HTF_60m_BR20_S100_T200,LONG,2025-01-23 21:00:00+00:00,2025-01-24 02:00:00+00:00,21900.073,21913.05,21800.073,22100.073,timeout,4,12.976999999998952,25.213999999997906
HTF_60m_BR20_S100_T200,LONG,2025-01-24 03:00:00+00:00,2025-01-24 07:00:00+00:00,21914.232,21849.571,21814.232,22114.232,timeout,4,-64.66100000000006,-130.06200000000013
HTF_60m_BR20_S100_T200,LONG,2025-01-24 15:00:00+00:00,2025-01-24 17:00:00+00:00,21924.705,21824.205,21824.705,22124.705,stop,2,-100.5,-201.74
HTF_60m_BR20_S100_T200,SHORT,2025-01-24 19:00:00+00:00,2025-01-26 23:00:00+00:00,21730.305,21530.305,21830.305,21530.305,target,3,200.0,399.26
HTF_60m_BR20_S100_T200,SHORT,2025-01-27 00:00:00+00:00,2025-01-27 04:00:00+00:00,21531.084,21364.272,21631.084,21331.084,timeout,4,166.81199999999808,332.88399999999615
HTF_60m_BR20_S100_T200,SHORT,2025-01-27 01:00:00+00:00,2025-01-27 05:00:00+00:00,21449.106,21298.845,21549.106,21249.106,timeout,4,150.2609999999986,299.7819999999972
HTF_60m_BR20_S100_T200,SHORT,2025-01-27 02:00:00+00:00,2025-01-27 06:00:00+00:00,21393.633,21254.944,21493.633,21193.633,timeout,4,138.68900000000212,276.63800000000424
HTF_60m_BR20_S100_T200,SHORT,2025-01-27 06:00:00+00:00,2025-01-27 08:00:00+00:00,21298.772,21098.772,21398.772,21098.772,target,2,200.0,399.26
HTF_60m_BR20_S100_T200,SHORT,2025-01-27 07:00:00+00:00,2025-01-27 09:00:00+00:00,21253.6,21053.6,21353.6,21053.6,target,2,200.0,399.26
HTF_60m_BR20_S100_T200,SHORT,2025-01-27 08:00:00+00:00,2025-01-27 10:00:00+00:00,21149.194,20949.194,21249.194,20949.194,target,2,200.0,399.26
HTF_60m_BR20_S100_T200,SHORT,2025-01-27 09:00:00+00:00,2025-01-27 10:00:00+00:00,21105.711,20905.711,21205.711,20905.711,target,1,200.0,399.26
HTF_60m_BR20_S100_T200,SHORT,2025-01-27 10:00:00+00:00,2025-01-27 11:00:00+00:00,21028.784,20828.784,21128.784,20828.784,target,1,200.0,399.26
HTF_60m_BR20_S100_T200,SHORT,2025-01-27 11:00:00+00:00,2025-01-27 12:00:00+00:00,20753.783,20854.283,20853.783,20553.783,stop,1,-100.5,-201.74
HTF_60m_BR20_S100_T200,LONG,2025-01-28 16:00:00+00:00,2025-01-28 20:00:00+00:00,21333.527,21452.362,21233.527,21533.527,timeout,4,118.83500000000276,236.93000000000552
HTF_60m_BR20_S100_T200,LONG,2025-01-28 18:00:00+00:00,2025-01-28 23:00:00+00:00,21423.262,21424.55,21323.262,21623.262,timeout,4,1.2880000000004657,1.8360000000009313
HTF_60m_BR20_S100_T200,LONG,2025-01-28 20:00:00+00:00,2025-01-29 01:00:00+00:00,21492.716,21445.738,21392.716,21692.716,timeout,4,-46.977999999999156,-94.6959999999983
HTF_60m_BR20_S100_T200,LONG,2025-01-29 07:00:00+00:00,2025-01-29 11:00:00+00:00,21542.294,21560.062,21442.294,21742.294,timeout,4,17.76800000000003,34.796000000000056
HTF_60m_BR20_S100_T200,LONG,2025-01-30 09:00:00+00:00,2025-01-30 12:00:00+00:00,21584.701,21484.201,21484.701,21784.701,stop,3,-100.5,-201.74
HTF_60m_BR20_S100_T200,LONG,2025-01-31 02:00:00+00:00,2025-01-31 06:00:00+00:00,21662.906,21647.751,21562.906,21862.906,timeout,4,-15.154999999998836,-31.04999999999767
HTF_60m_BR20_S100_T200,LONG,2025-01-31 08:00:00+00:00,2025-01-31 12:00:00+00:00,21677.222,21670.122,21577.222,21877.222,timeout,4,-7.100000000002183,-14.940000000004366
HTF_60m_BR20_S100_T200,LONG,2025-01-31 15:00:00+00:00,2025-01-31 18:00:00+00:00,21751.772,21651.272,21651.772,21951.772,stop,3,-100.5,-201.74
HTF_60m_BR20_S100_T200,LONG,2025-01-31 16:00:00+00:00,2025-01-31 18:00:00+00:00,21822.45,21721.95,21722.45,22022.45,stop,2,-100.5,-201.74
HTF_60m_BR20_S100_T200,SHORT,2025-01-31 20:00:00+00:00,2025-02-02 23:00:00+00:00,21541.467,21341.467,21641.467,21341.467,target,2,200.0,399.26
HTF_60m_BR20_S100_T200,SHORT,2025-01-31 21:00:00+00:00,2025-02-02 23:00:00+00:00,21465.373,21265.373,21565.373,21265.373,target,1,200.0,399.26
HTF_60m_BR20_S100_T200,SHORT,2025-02-03 00:00:00+00:00,2025-02-03 04:00:00+00:00,21001.711,20906.967,21101.711,20801.711,timeout,4,94.74399999999878,188.74799999999755
HTF_60m_BR20_S100_T200,LONG,2025-02-03 20:00:00+00:00,2025-02-04 01:00:00+00:00,21376.533,21401.59,21276.533,21576.533,timeout,4,25.0570000000007,49.374000000001395
HTF_60m_BR20_S100_T200,LONG,2025-02-04 00:00:00+00:00,2025-02-04 02:00:00+00:00,21464.916,21364.416,21364.916,21664.916,stop,2,-100.5,-201.74
HTF_60m_BR20_S100_T200,LONG,2025-02-04 16:00:00+00:00,2025-02-04 20:00:00+00:00,21529.3,21560.444,21429.3,21729.3,timeout,4,31.144000000000233,61.548000000000464
HTF_60m_BR20_S100_T200,LONG,2025-02-05 17:00:00+00:00,2025-02-05 21:00:00+00:00,21610.706,21678.612,21510.706,21810.706,timeout,4,67.90600000000268,135.07200000000535
HTF_60m_BR20_S100_T200,LONG,2025-02-05 21:00:00+00:00,2025-02-06 02:00:00+00:00,21656.883,21677.528,21556.883,21856.883,timeout,4,20.6449999999968,40.549999999993595
HTF_60m_BR20_S100_T200,LONG,2025-02-05 23:00:00+00:00,2025-02-06 03:00:00+00:00,21657.867,21677.028,21557.867,21857.867,timeout,4,19.161000000000058,37.582000000000114
HTF_60m_BR20_S100_T200,LONG,2025-02-06 05:00:00+00:00,2025-02-06 09:00:00+00:00,21702.188,21691.067,21602.188,21902.188,timeout,4,-11.120999999999185,-22.98199999999837
HTF_60m_BR20_S100_T200,LONG,2025-02-06 06:00:00+00:00,2025-02-06 10:00:00+00:00,21726.533,21676.016,21626.533,21926.533,timeout,4,-50.516999999999825,-101.77399999999965
HTF_60m_BR20_S100_T200,LONG,2025-02-06 21:00:00+00:00,2025-02-07 02:00:00+00:00,21770.1,21795.133,21670.1,21970.1,timeout,4,25.033000000003085,49.32600000000617
HTF_60m_BR20_S100_T200,LONG,2025-02-07 02:00:00+00:00,2025-02-07 06:00:00+00:00,21796.944,21764.928,21696.944,21996.944,timeout,4,-32.01599999999962,-64.77199999999924
HTF_60m_BR20_S100_T200,LONG,2025-02-10 14:00:00+00:00,2025-02-10 18:00:00+00:00,21689.384,21781.65,21589.384,21889.384,timeout,4,92.26600000000326,183.7920000000065
HTF_60m_BR20_S100_T200,LONG,2025-02-10 15:00:00+00:00,2025-02-10 19:00:00+00:00,21696.628,21765.133,21596.628,21896.628,timeout,4,68.50500000000102,136.27000000000203
HTF_60m_BR20_S100_T200,LONG,2025-02-10 16:00:00+00:00,2025-02-10 20:00:00+00:00,21770.394,21748.26,21670.394,21970.394,timeout,4,-22.134000000001834,-45.00800000000367
HTF_60m_BR20_S100_T200,SHORT,2025-02-11 14:00:00+00:00,2025-02-11 15:00:00+00:00,21581.606,21682.106,21681.606,21381.606,stop,1,-100.5,-201.74
HTF_60m_BR20_S100_T200,SHORT,2025-02-12 14:00:00+00:00,2025-02-12 15:00:00+00:00,21453.522,21554.022,21553.522,21253.522,stop,1,-100.5,-201.74
HTF_60m_BR20_S100_T200,LONG,2025-02-13 00:00:00+00:00,2025-02-13 04:00:00+00:00,21802.878,21820.571,21702.878,22002.878,timeout,4,17.6929999999993,34.6459999999986
HTF_60m_BR20_S100_T200,LONG,2025-02-13 16:00:00+00:00,2025-02-13 18:00:00+00:00,21952.949,21852.449,21852.949,22152.949,stop,2,-100.5,-201.74
HTF_60m_BR20_S100_T200,LONG,2025-02-13 21:00:00+00:00,2025-02-14 02:00:00+00:00,22023.067,22051.461,21923.067,22223.067,timeout,4,28.394000000000233,56.048000000000464
HTF_60m_BR20_S100_T200,LONG,2025-02-14 02:00:00+00:00,2025-02-14 06:00:00+00:00,22061.573,22049.367,21961.573,22261.573,timeout,4,-12.20600000000195,-25.1520000000039
HTF_60m_BR20_S100_T200,LONG,2025-02-14 16:00:00+00:00,2025-02-14 20:00:00+00:00,22088.384,22116.338,21988.384,22288.384,timeout,4,27.954000000001543,55.16800000000308
HTF_60m_BR20_S100_T200,LONG,2025-02-14 19:00:00+00:00,2025-02-17 00:00:00+00:00,22108.105,22145.762,22008.105,22308.105,timeout,4,37.65699999999924,74.57399999999849
HTF_60m_BR20_S100_T200,LONG,2025-02-17 02:00:00+00:00,2025-02-17 06:00:00+00:00,22172.016,22199.417,22072.016,22372.016,timeout,4,27.40100000000166,54.062000000003316
HTF_60m_BR20_S100_T200,LONG,2025-02-17 03:00:00+00:00,2025-02-17 07:00:00+00:00,22193.078,22164.95,22093.078,22393.078,timeout,4,-28.12800000000061,-56.996000000001224
HTF_60m_BR20_S100_T200,LONG,2025-02-17 05:00:00+00:00,2025-02-17 09:00:00+00:00,22201.378,22170.946,22101.378,22401.378,timeout,4,-30.4320000000007,-61.6040000000014
HTF_60m_BR20_S100_T200,LONG,2025-02-18 07:00:00+00:00,2025-02-18 11:00:00+00:00,22225.667,22203.211,22125.667,22425.667,timeout,4,-22.45600000000195,-45.6520000000039
HTF_60m_BR20_S100_T200,LONG,2025-02-18 08:00:00+00:00,2025-02-18 12:00:00+00:00,22241.867,22212.183,22141.867,22441.867,timeout,4,-29.683999999997468,-60.10799999999494
HTF_60m_BR20_S100_T200,LONG,2025-02-19 20:00:00+00:00,2025-02-20 01:00:00+00:00,22222.071,22121.571,22122.071,22422.071,stop,4,-100.5,-201.74
HTF_60m_BR20_S100_T200,SHORT,2025-02-20 15:00:00+00:00,2025-02-20 19:00:00+00:00,21935.495,22035.995,22035.495,21735.495,stop,4,-100.5,-201.74
HTF_60m_BR20_S100_T200,SHORT,2025-02-20 16:00:00+00:00,2025-02-20 17:00:00+00:00,21912.362,22012.862,22012.362,21712.362,stop,1,-100.5,-201.74
HTF_60m_BR20_S100_T200,LONG,2025-02-21 13:00:00+00:00,2025-02-21 14:00:00+00:00,22149.789,22049.289,22049.789,22349.789,stop,1,-100.5,-201.74
HTF_60m_BR20_S100_T200,LONG,2025-02-21 14:00:00+00:00,2025-02-21 15:00:00+00:00,22156.294,22055.794,22056.294,22356.294,stop,1,-100.5,-201.74
HTF_60m_BR20_S100_T200,SHORT,2025-02-21 16:00:00+00:00,2025-02-21 18:00:00+00:00,21940.912,21740.912,22040.912,21740.912,target,2,200.0,399.26
HTF_60m_BR20_S100_T200,SHORT,2025-02-21 18:00:00+00:00,2025-02-23 23:00:00+00:00,21784.877,21692.939,21884.877,21584.877,timeout,4,91.93800000000192,183.13600000000383
HTF_60m_BR20_S100_T200,SHORT,2025-02-21 19:00:00+00:00,2025-02-24 00:00:00+00:00,21704.433,21698.944,21804.433,21504.433,timeout,4,5.489000000001397,10.238000000002794
HTF_60m_BR20_S100_T200,SHORT,2025-02-21 20:00:00+00:00,2025-02-24 00:00:00+00:00,21619.766,21720.266,21719.766,21419.766,stop,3,-100.5,-201.74
HTF_60m_BR20_S100_T200,SHORT,2025-02-24 15:00:00+00:00,2025-02-24 19:00:00+00:00,21498.672,21488.139,21598.672,21298.672,timeout,4,10.532999999999447,20.325999999998896
HTF_60m_BR20_S100_T200,SHORT,2025-02-24 16:00:00+00:00,2025-02-24 17:00:00+00:00,21421.883,21522.383,21521.883,21221.883,stop,1,-100.5,-201.74
HTF_60m_BR20_S100_T200,SHORT,2025-02-24 21:00:00+00:00,2025-02-25 02:00:00+00:00,21355.173,21375.05,21455.173,21155.173,timeout,4,-19.877000000000407,-40.49400000000082
HTF_60m_BR20_S100_T200,SHORT,2025-02-25 00:00:00+00:00,2025-02-25 04:00:00+00:00,21321.41,21358.55,21421.41,21121.41,timeout,4,-37.13999999999942,-75.01999999999883
HTF_60m_BR20_S100_T200,SHORT,2025-02-25 08:00:00+00:00,2025-02-25 12:00:00+00:00,21253.249,21353.749,21353.249,21053.249,stop,4,-100.5,-201.74
HTF_60m_BR20_S100_T200,SHORT,2025-02-25 10:00:00+00:00,2025-02-25 12:00:00+00:00,21240.538,21341.038,21340.538,21040.538,stop,2,-100.5,-201.74
HTF_60m_BR20_S100_T200,SHORT,2025-02-25 11:00:00+00:00,2025-02-25 12:00:00+00:00,21232.272,21332.772,21332.272,21032.272,stop,1,-100.5,-201.74
HTF_60m_BR20_S100_T200,SHORT,2025-02-25 15:00:00+00:00,2025-02-25 16:00:00+00:00,21195.633,20995.633,21295.633,20995.633,target,1,200.0,399.26
HTF_60m_BR20_S100_T200,SHORT,2025-02-25 16:00:00+00:00,2025-02-25 17:00:00+00:00,21041.889,21142.389,21141.889,20841.889,stop,1,-100.5,-201.74
HTF_60m_BR20_S100_T200,LONG,2025-02-26 16:00:00+00:00,2025-02-26 17:00:00+00:00,21296.556,21196.056,21196.556,21496.556,stop,1,-100.5,-201.74
HTF_60m_BR20_S100_T200,SHORT,2025-02-26 19:00:00+00:00,2025-02-26 20:00:00+00:00,21042.894,21143.394,21142.894,20842.894,stop,1,-100.5,-201.74
HTF_60m_BR20_S100_T200,SHORT,2025-02-27 15:00:00+00:00,2025-02-27 16:00:00+00:00,20950.133,21050.633,21050.133,20750.133,stop,1,-100.5,-201.74
HTF_60m_BR20_S100_T200,SHORT,2025-02-27 20:00:00+00:00,2025-02-27 21:00:00+00:00,20778.988,20578.988,20878.988,20578.988,target,1,200.0,399.26
HTF_60m_BR20_S100_T200,SHORT,2025-02-27 21:00:00+00:00,2025-02-28 02:00:00+00:00,20556.139,20540.889,20656.139,20356.139,timeout,4,15.25,29.76
HTF_60m_BR20_S100_T200,LONG,2025-02-28 21:00:00+00:00,2025-03-03 02:00:00+00:00,20873.601,20882.639,20773.601,21073.601,timeout,4,9.038000000000466,17.336000000000933
HTF_60m_BR20_S100_T200,LONG,2025-03-03 00:00:00+00:00,2025-03-03 01:00:00+00:00,20923.494,20822.994,20823.494,21123.494,stop,1,-100.5,-201.74
HTF_60m_BR20_S100_T200,LONG,2025-03-03 12:00:00+00:00,2025-03-03 14:00:00+00:00,20997.005,20896.505,20897.005,21197.005,stop,2,-100.5,-201.74
HTF_60m_BR20_S100_T200,LONG,2025-03-03 13:00:00+00:00,2025-03-03 14:00:00+00:00,21025.967,20925.467,20925.967,21225.967,stop,1,-100.5,-201.74
HTF_60m_BR20_S100_T200,SHORT,2025-03-03 19:00:00+00:00,2025-03-03 20:00:00+00:00,20703.288,20503.288,20803.288,20503.288,target,1,200.0,399.26
HTF_60m_BR20_S100_T200,SHORT,2025-03-03 20:00:00+00:00,2025-03-04 01:00:00+00:00,20558.782,20437.661,20658.782,20358.782,timeout,4,121.12099999999919,241.50199999999836
HTF_60m_BR20_S100_T200,SHORT,2025-03-03 21:00:00+00:00,2025-03-04 02:00:00+00:00,20430.606,20482.823,20530.606,20230.606,timeout,4,-52.21700000000055,-105.1740000000011
HTF_60m_BR20_S100_T200,SHORT,2025-03-04 15:00:00+00:00,2025-03-04 16:00:00+00:00,20189.5,20290.0,20289.5,19989.5,stop,1,-100.5,-201.74
HTF_60m_BR20_S100_T200,SHORT,2025-03-04 16:00:00+00:00,2025-03-04 17:00:00+00:00,20155.033,20255.533,20255.033,19955.033,stop,1,-100.5,-201.74
HTF_60m_BR20_S100_T200,LONG,2025-03-04 20:00:00+00:00,2025-03-04 21:00:00+00:00,20578.005,20477.505,20478.005,20778.005,stop,1,-100.5,-201.74
HTF_60m_BR20_S100_T200,LONG,2025-03-05 20:00:00+00:00,2025-03-06 01:00:00+00:00,20612.472,20577.144,20512.472,20812.472,timeout,4,-35.32800000000134,-71.39600000000267
HTF_60m_BR20_S100_T200,SHORT,2025-03-06 15:00:00+00:00,2025-03-06 16:00:00+00:00,20240.789,20341.289,20340.789,20040.789,stop,1,-100.5,-201.74
HTF_60m_BR20_S100_T200,SHORT,2025-03-06 18:00:00+00:00,2025-03-06 23:00:00+00:00,20139.033,20155.544,20239.033,19939.033,timeout,4,-16.51100000000224,-33.762000000004484
HTF_60m_BR20_S100_T200,SHORT,2025-03-07 17:00:00+00:00,2025-03-07 18:00:00+00:00,19804.078,19904.578,19904.078,19604.078,stop,1,-100.5,-201.74
HTF_60m_BR20_S100_T200,SHORT,2025-03-10 15:00:00+00:00,2025-03-10 18:00:00+00:00,19522.49,19322.49,19622.49,19322.49,target,3,200.0,399.26
HTF_60m_BR20_S100_T200,SHORT,2025-03-10 18:00:00+00:00,2025-03-10 19:00:00+00:00,19410.1,19510.6,19510.1,19210.1,stop,1,-100.5,-201.74
HTF_60m_BR20_S100_T200,SHORT,2025-03-10 19:00:00+00:00,2025-03-10 20:00:00+00:00,19306.029,19406.529,19406.029,19106.029,stop,1,-100.5,-201.74
HTF_60m_BR20_S100_T200,SHORT,2025-03-11 01:00:00+00:00,2025-03-11 02:00:00+00:00,19178.821,19279.321,19278.821,18978.821,stop,1,-100.5,-201.74
HTF_60m_BR20_S100_T200,LONG,2025-03-11 19:00:00+00:00,2025-03-11 20:00:00+00:00,19612.995,19512.495,19512.995,19812.995,stop,1,-100.5,-201.74
HTF_60m_BR20_S100_T200,LONG,2025-03-12 13:00:00+00:00,2025-03-12 14:00:00+00:00,19699.062,19598.562,19599.062,19899.062,stop,1,-100.5,-201.74
HTF_60m_BR20_S100_T200,SHORT,2025-03-13 14:00:00+00:00,2025-03-13 15:00:00+00:00,19348.578,19449.078,19448.578,19148.578,stop,1,-100.5,-201.74
HTF_60m_BR20_S100_T200,SHORT,2025-03-13 16:00:00+00:00,2025-03-13 20:00:00+00:00,19281.182,19298.811,19381.182,19081.182,timeout,4,-17.629000000000815,-35.99800000000163
HTF_60m_BR20_S100_T200,SHORT,2025-03-13 18:00:00+00:00,2025-03-13 19:00:00+00:00,19170.568,19271.068,19270.568,18970.568,stop,1,-100.5,-201.74
HTF_60m_BR20_S100_T200,LONG,2025-03-14 13:00:00+00:00,2025-03-14 15:00:00+00:00,19483.073,19683.073,19383.073,19683.073,target,2,200.0,399.26
HTF_60m_BR20_S100_T200,LONG,2025-03-14 14:00:00+00:00,2025-03-14 18:00:00+00:00,19530.989,19657.618,19430.989,19730.989,timeout,4,126.62899999999718,252.51799999999434
HTF_60m_BR20_S100_T200,LONG,2025-03-14 16:00:00+00:00,2025-03-14 20:00:00+00:00,19665.383,19644.55,19565.383,19865.383,timeout,4,-20.833000000002357,-42.40600000000472
HTF_60m_BR20_S100_T200,LONG,2025-03-17 13:00:00+00:00,2025-03-17 15:00:00+00:00,19737.978,19637.478,19637.978,19937.978,stop,2,-100.5,-201.74
HTF_60m_BR20_S100_T200,LONG,2025-03-17 14:00:00+00:00,2025-03-17 15:00:00+00:00,19777.094,19676.594,19677.094,19977.094,stop,1,-100.5,-201.74
HTF_60m_BR20_S100_T200,LONG,2025-03-17 19:00:00+00:00,2025-03-17 20:00:00+00:00,19924.394,19823.894,19824.394,20124.394,stop,1,-100.5,-201.74
HTF_60m_BR20_S100_T200,SHORT,2025-03-18 14:00:00+00:00,2025-03-18 18:00:00+00:00,19457.906,19558.406,19557.906,19257.906,stop,4,-100.5,-201.74
HTF_60m_BR20_S100_T200,LONG,2025-03-19 14:00:00+00:00,2025-03-19 18:00:00+00:00,19611.712,19811.712,19511.712,19811.712,target,4,200.0,399.26
HTF_60m_BR20_S100_T200,LONG,2025-03-19 16:00:00+00:00,2025-03-19 17:00:00+00:00,19704.911,19604.411,19604.911,19904.911,stop,1,-100.5,-201.74
HTF_60m_BR20_S100_T200,LONG,2025-03-19 19:00:00+00:00,2025-03-20 00:00:00+00:00,19811.3,19833.094,19711.3,20011.3,timeout,4,21.794000000001688,42.848000000003374
HTF_60m_BR20_S100_T200,SHORT,2025-03-21 13:00:00+00:00,2025-03-21 14:00:00+00:00,19480.306,19580.806,19580.306,19280.306,stop,1,-100.5,-201.74
HTF_60m_BR20_S100_T200,LONG,2025-03-21 20:00:00+00:00,2025-03-24 01:00:00+00:00,19748.624,19909.15,19648.624,19948.624,timeout,4,160.52600000000166,320.3120000000033
HTF_60m_BR20_S100_T200,LONG,2025-03-23 23:00:00+00:00,2025-03-24 03:00:00+00:00,19863.916,19903.838,19763.916,20063.916,timeout,4,39.92199999999866,79.10399999999733
HTF_60m_BR20_S100_T200,LONG,2025-03-24 00:00:00+00:00,2025-03-24 04:00:00+00:00,19909.406,19911.617,19809.406,20109.406,timeout,4,2.2109999999993306,3.681999999998661
HTF_60m_BR20_S100_T200,LONG,2025-03-24 01:00:00+00:00,2025-03-24 05:00:00+00:00,19922.999,19916.066,19822.999,20122.999,timeout,4,-6.933000000000902,-14.606000000001805
HTF_60m_BR20_S100_T200,LONG,2025-03-24 07:00:00+00:00,2025-03-24 11:00:00+00:00,19947.905,20052.522,19847.905,20147.905,timeout,4,104.61700000000201,208.494000000004
HTF_60m_BR20_S100_T200,LONG,2025-03-24 08:00:00+00:00,2025-03-24 12:00:00+00:00,19967.632,20072.294,19867.632,20167.632,timeout,4,104.66200000000026,208.58400000000051
HTF_60m_BR20_S100_T200,LONG,2025-03-24 09:00:00+00:00,2025-03-24 13:00:00+00:00,20010.611,20113.361,19910.611,20210.611,timeout,4,102.75,204.76
HTF_60m_BR20_S100_T200,LONG,2025-03-24 12:00:00+00:00,2025-03-24 16:00:00+00:00,20053.816,20136.544,19953.816,20253.816,timeout,4,82.7280000000028,164.71600000000558
HTF_60m_BR20_S100_T200,LONG,2025-03-24 13:00:00+00:00,2025-03-24 17:00:00+00:00,20073.295,20137.139,19973.295,20273.295,timeout,4,63.84400000000096,126.94800000000193
HTF_60m_BR20_S100_T200,LONG,2025-03-24 14:00:00+00:00,2025-03-24 18:00:00+00:00,20116.805,20160.016,20016.805,20316.805,timeout,4,43.21099999999933,85.68199999999867
HTF_60m_BR20_S100_T200,LONG,2025-03-24 15:00:00+00:00,2025-03-24 19:00:00+00:00,20146.927,20161.034,20046.927,20346.927,timeout,4,14.106999999999971,27.473999999999943
HTF_60m_BR20_S100_T200,LONG,2025-03-25 12:00:00+00:00,2025-03-25 16:00:00+00:00,20209.005,20249.022,20109.005,20409.005,timeout,4,40.016999999999825,79.29399999999966
HTF_60m_BR20_S100_T200,LONG,2025-03-25 15:00:00+00:00,2025-03-25 19:00:00+00:00,20279.322,20286.672,20179.322,20479.322,timeout,4,7.349999999998545,13.95999999999709
HTF_60m_BR20_S100_T200,LONG,2025-03-25 22:00:00+00:00,2025-03-26 02:00:00+00:00,20315.927,20294.623,20215.927,20515.927,timeout,4,-21.304000000000087,-43.34800000000018
HTF_60m_BR20_S100_T200,LONG,2025-03-25 23:00:00+00:00,2025-03-26 03:00:00+00:00,20311.423,20280.522,20211.423,20511.423,timeout,4,-30.90099999999802,-62.541999999996044
HTF_60m_BR20_S100_T200,SHORT,2025-03-26 14:00:00+00:00,2025-03-26 17:00:00+00:00,20112.746,19912.746,20212.746,19912.746,target,3,200.0,399.26
HTF_60m_BR20_S100_T200,SHORT,2025-03-26 15:00:00+00:00,2025-03-26 17:00:00+00:00,20095.422,19895.422,20195.422,19895.422,target,2,200.0,399.26
HTF_60m_BR20_S100_T200,SHORT,2025-03-26 16:00:00+00:00,2025-03-26 20:00:00+00:00,19995.367,19915.833,20095.367,19795.367,timeout,4,79.53399999999965,158.3279999999993
HTF_60m_BR20_S100_T200,SHORT,2025-03-26 17:00:00+00:00,2025-03-26 22:00:00+00:00,19935.466,19823.643,20035.466,19735.466,timeout,4,111.82300000000032,222.90600000000063
HTF_60m_BR20_S100_T200,SHORT,2025-03-26 18:00:00+00:00,2025-03-26 23:00:00+00:00,19886.567,19864.043,19986.567,19686.567,timeout,4,22.523999999997613,44.307999999995225
HTF_60m_BR20_S100_T200,SHORT,2025-03-26 19:00:00+00:00,2025-03-27 00:00:00+00:00,19859.584,19877.071,19959.584,19659.584,timeout,4,-17.48700000000099,-35.71400000000198
HTF_60m_BR20_S100_T200,SHORT,2025-03-26 23:00:00+00:00,2025-03-27 02:00:00+00:00,19822.31,19922.81,19922.31,19622.31,stop,3,-100.5,-201.74
HTF_60m_BR20_S100_T200,LONG,2025-03-27 15:00:00+00:00,2025-03-27 16:00:00+00:00,19993.632,19893.132,19893.632,20193.632,stop,1,-100.5,-201.74
HTF_60m_BR20_S100_T200,SHORT,2025-03-28 07:00:00+00:00,2025-03-28 11:00:00+00:00,19733.488,19759.978,19833.488,19533.488,timeout,4,-26.489999999997963,-53.71999999999593
HTF_60m_BR20_S100_T200,SHORT,2025-03-28 08:00:00+00:00,2025-03-28 10:00:00+00:00,19668.037,19768.537,19768.037,19468.037,stop,2,-100.5,-201.74
HTF_60m_BR20_S100_T200,SHORT,2025-03-28 15:00:00+00:00,2025-03-28 19:00:00+00:00,19418.91,19280.16,19518.91,19218.91,timeout,4,138.75,276.76
HTF_60m_BR20_S100_T200,SHORT,2025-03-28 16:00:00+00:00,2025-03-28 20:00:00+00:00,19357.767,19232.177,19457.767,19157.767,timeout,4,125.59000000000015,250.44000000000028
HTF_60m_BR20_S100_T200,SHORT,2025-03-28 17:00:00+00:00,2025-03-30 22:00:00+00:00,19306.316,19134.489,19406.316,19106.316,timeout,4,171.8269999999975,342.913999999995
HTF_60m_BR20_S100_T200,SHORT,2025-03-30 22:00:00+00:00,2025-03-31 02:00:00+00:00,19114.078,19048.444,19214.078,18914.078,timeout,4,65.63400000000183,130.52800000000366
HTF_60m_BR20_S100_T200,SHORT,2025-03-30 23:00:00+00:00,2025-03-31 03:00:00+00:00,19133.188,19022.05,19233.188,18933.188,timeout,4,111.13799999999901,221.535999999998
HTF_60m_BR20_S100_T200,SHORT,2025-03-31 00:00:00+00:00,2025-03-31 04:00:00+00:00,19077.189,19050.344,19177.189,18877.189,timeout,4,26.844999999997526,52.94999999999505
HTF_60m_BR20_S100_T200,SHORT,2025-03-31 01:00:00+00:00,2025-03-31 05:00:00+00:00,19033.372,19059.817,19133.372,18833.372,timeout,4,-26.44499999999971,-53.62999999999942
HTF_60m_BR20_S100_T200,SHORT,2025-03-31 14:00:00+00:00,2025-03-31 15:00:00+00:00,18909.932,19010.432,19009.932,18709.932,stop,1,-100.5,-201.74
HTF_60m_BR20_S100_T200,LONG,2025-03-31 19:00:00+00:00,2025-04-01 00:00:00+00:00,19171.31,19145.005,19071.31,19371.31,timeout,4,-26.30500000000029,-53.350000000000584
HTF_60m_BR20_S100_T200,LONG,2025-03-31 20:00:00+00:00,2025-03-31 22:00:00+00:00,19275.527,19175.027,19175.527,19475.527,stop,1,-100.5,-201.74
HTF_60m_BR20_S100_T200,LONG,2025-04-01 10:00:00+00:00,2025-04-01 11:00:00+00:00,19314.577,19214.077,19214.577,19514.577,stop,1,-100.5,-201.74
HTF_60m_BR20_S100_T200,LONG,2025-04-01 15:00:00+00:00,2025-04-01 18:00:00+00:00,19345.439,19244.939,19245.439,19545.439,stop,3,-100.5,-201.74
HTF_60m_BR20_S100_T200,LONG,2025-04-01 16:00:00+00:00,2025-04-01 18:00:00+00:00,19422.071,19321.571,19322.071,19622.071,stop,2,-100.5,-201.74
HTF_60m_BR20_S100_T200,LONG,2025-04-01 23:00:00+00:00,2025-04-02 03:00:00+00:00,19473.6,19396.583,19373.6,19673.6,timeout,4,-77.01699999999983,-154.77399999999966
HTF_60m_BR20_S100_T200,LONG,2025-04-02 17:00:00+00:00,2025-04-02 18:00:00+00:00,19642.309,19541.809,19542.309,19842.309,stop,1,-100.5,-201.74
HTF_60m_BR20_S100_T200,LONG,2025-04-02 22:00:00+00:00,2025-04-02 23:00:00+00:00,18779.724,18679.224,18679.724,18979.724,stop,1,-100.5,-201.74
HTF_60m_BR20_S100_T200,SHORT,2025-04-02 23:00:00+00:00,2025-04-03 00:00:00+00:00,18776.716,18877.216,18876.716,18576.716,stop,1,-100.5,-201.74
HTF_60m_BR20_S100_T200,SHORT,2025-04-03 15:00:00+00:00,2025-04-03 16:00:00+00:00,18593.472,18693.972,18693.472,18393.472,stop,1,-100.5,-201.74
HTF_60m_BR20_S100_T200,SHORT,2025-04-03 20:00:00+00:00,2025-04-04 01:00:00+00:00,18524.21,18485.738,18624.21,18324.21,timeout,4,38.471999999997934,76.20399999999587
HTF_60m_BR20_S100_T200,SHORT,2025-04-03 23:00:00+00:00,2025-04-04 03:00:00+00:00,18488.617,18407.423,18588.617,18288.617,timeout,4,81.1939999999995,161.647999999999
HTF_60m_BR20_S100_T200,SHORT,2025-04-04 04:00:00+00:00,2025-04-04 06:00:00+00:00,18406.478,18506.978,18506.478,18206.478,stop,2,-100.5,-201.74
HTF_60m_BR20_S100_T200,SHORT,2025-04-04 05:00:00+00:00,2025-04-04 06:00:00+00:00,18328.901,18429.401,18428.901,18128.901,stop,1,-100.5,-201.74
HTF_60m_BR20_S100_T200,SHORT,2025-04-04 11:00:00+00:00,2025-04-04 12:00:00+00:00,17932.071,18032.571,18032.071,17732.071,stop,1,-100.5,-201.74
HTF_60m_BR20_S100_T200,SHORT,2025-04-04 20:00:00+00:00,2025-04-06 22:00:00+00:00,17394.017,17194.017,17494.017,17194.017,target,1,200.0,399.26
HTF_60m_BR20_S100_T200,SHORT,2025-04-06 22:00:00+00:00,2025-04-06 23:00:00+00:00,16538.195,16638.695,16638.195,16338.195,stop,1,-100.5,-201.74
HTF_60m_BR20_S100_T200,SHORT,2025-04-06 23:00:00+00:00,2025-04-07 00:00:00+00:00,16529.494,16629.994,16629.494,16329.493999999999,stop,1,-100.5,-201.74
HTF_60m_BR20_S100_T200,LONG,2025-04-08 14:00:00+00:00,2025-04-08 15:00:00+00:00,18115.249,18014.749,18015.249,18315.249,stop,1,-100.5,-201.74
HTF_60m_BR20_S100_T200,SHORT,2025-04-08 19:00:00+00:00,2025-04-08 20:00:00+00:00,17302.2,17102.2,17402.2,17102.2,target,1,200.0,399.26
HTF_60m_BR20_S100_T200,SHORT,2025-04-08 20:00:00+00:00,2025-04-08 22:00:00+00:00,17103.043,16903.043,17203.043,16903.043,target,1,200.0,399.26
HTF_60m_BR20_S100_T200,SHORT,2025-04-09 05:00:00+00:00,2025-04-09 06:00:00+00:00,16691.695,16792.195,16791.695,16491.695,stop,1,-100.5,-201.74
HTF_60m_BR20_S100_T200,LONG,2025-04-09 18:00:00+00:00,2025-04-09 19:00:00+00:00,18738.696,18638.196,18638.696,18938.696,stop,1,-100.5,-201.74
HTF_60m_BR20_S100_T200,LONG,2025-04-09 20:00:00+00:00,2025-04-10 00:00:00+00:00,19101.965,19001.465,19001.965,19301.965,stop,3,-100.5,-201.74
HTF_60m_BR20_S100_T200,SHORT,2025-04-10 16:00:00+00:00,2025-04-10 17:00:00+00:00,18136.967,18237.467,18236.967,17936.967,stop,1,-100.5,-201.74
HTF_60m_BR20_S100_T200,LONG,2025-04-11 18:00:00+00:00,2025-04-13 22:00:00+00:00,18682.211,18882.211,18582.211,18882.211,target,3,200.0,399.26
HTF_60m_BR20_S100_T200,LONG,2025-04-13 23:00:00+00:00,2025-04-14 03:00:00+00:00,18821.117,18918.123,18721.117,19021.117,timeout,4,97.00600000000122,193.27200000000244
HTF_60m_BR20_S100_T200,LONG,2025-04-14 05:00:00+00:00,2025-04-14 09:00:00+00:00,18979.117,18926.422,18879.117,19179.117,timeout,4,-52.69499999999971,-106.12999999999941
HTF_60m_BR20_S100_T200,LONG,2025-04-14 08:00:00+00:00,2025-04-14 09:00:00+00:00,19017.454,18916.954,18917.454,19217.454,stop,1,-100.5,-201.74
HTF_60m_BR20_S100_T200,LONG,2025-04-14 13:00:00+00:00,2025-04-14 14:00:00+00:00,19047.122,18946.622,18947.122,19247.122,stop,1,-100.5,-201.74
HTF_60m_BR20_S100_T200,SHORT,2025-04-15 23:00:00+00:00,2025-04-16 03:00:00+00:00,18612.627,18540.143,18712.627,18412.627,timeout,4,72.48400000000038,144.22800000000075
HTF_60m_BR20_S100_T200,SHORT,2025-04-16 01:00:00+00:00,2025-04-16 05:00:00+00:00,18535.3,18392.149,18635.3,18335.3,timeout,4,143.15099999999802,285.56199999999603
HTF_60m_BR20_S100_T200,SHORT,2025-04-16 06:00:00+00:00,2025-04-16 08:00:00+00:00,18392.117,18492.617,18492.117,18192.117,stop,2,-100.5,-201.74
HTF_60m_BR20_S100_T200,SHORT,2025-04-16 18:00:00+00:00,2025-04-16 19:00:00+00:00,18162.506,18263.006,18262.506,17962.506,stop,1,-100.5,-201.74
HTF_60m_BR20_S100_T200,SHORT,2025-04-16 19:00:00+00:00,2025-04-16 20:00:00+00:00,18087.662,18188.162,18187.662,17887.662,stop,1,-100.5,-201.74
HTF_60m_BR20_S100_T200,SHORT,2025-04-21 03:00:00+00:00,2025-04-21 07:00:00+00:00,18097.467,18033.772,18197.467,17897.467,timeout,4,63.69499999999971,126.64999999999942
HTF_60m_BR20_S100_T200,SHORT,2025-04-21 08:00:00+00:00,2025-04-21 12:00:00+00:00,18035.3,18002.228,18135.3,17835.3,timeout,4,33.072000000000116,65.40400000000024
HTF_60m_BR20_S100_T200,SHORT,2025-04-21 12:00:00+00:00,2025-04-21 15:00:00+00:00,17985.844,17785.844,18085.844,17785.844,target,3,200.0,399.26
HTF_60m_BR20_S100_T200,SHORT,2025-04-21 14:00:00+00:00,2025-04-21 15:00:00+00:00,17874.083,17674.083,17974.083,17674.083,target,1,200.0,399.26
HTF_60m_BR20_S100_T200,SHORT,2025-04-21 15:00:00+00:00,2025-04-21 17:00:00+00:00,17816.105,17616.105,17916.105,17616.105,target,2,200.0,399.26
HTF_60m_BR20_S100_T200,SHORT,2025-04-21 16:00:00+00:00,2025-04-21 19:00:00+00:00,17682.695,17783.195,17782.695,17482.695,stop,3,-100.5,-201.74
HTF_60m_BR20_S100_T200,SHORT,2025-04-21 18:00:00+00:00,2025-04-21 19:00:00+00:00,17600.789,17701.289,17700.789,17400.789,stop,1,-100.5,-201.74
HTF_60m_BR20_S100_T200,LONG,2025-04-22 14:00:00+00:00,2025-04-22 16:00:00+00:00,18138.878,18338.878,18038.878,18338.878,target,2,200.0,399.26
HTF_60m_BR20_S100_T200,LONG,2025-04-22 15:00:00+00:00,2025-04-22 17:00:00+00:00,18226.894,18126.394,18126.894,18426.894,stop,2,-100.5,-201.74
HTF_60m_BR20_S100_T200,LONG,2025-04-22 16:00:00+00:00,2025-04-22 17:00:00+00:00,18264.978,18164.478,18164.978,18464.978,stop,1,-100.5,-201.74
HTF_60m_BR20_S100_T200,LONG,2025-04-22 17:00:00+00:00,2025-04-22 18:00:00+00:00,18336.9,18236.4,18236.9,18536.9,stop,1,-100.5,-201.74
HTF_60m_BR20_S100_T200,LONG,2025-04-22 23:00:00+00:00,2025-04-23 01:00:00+00:00,18654.789,18554.289,18554.789,18854.789,stop,2,-100.5,-201.74
HTF_60m_BR20_S100_T200,LONG,2025-04-23 09:00:00+00:00,2025-04-23 13:00:00+00:00,18721.4,18921.4,18621.4,18921.4,target,4,200.0,399.26
HTF_60m_BR20_S100_T200,LONG,2025-04-23 11:00:00+00:00,2025-04-23 13:00:00+00:00,18807.317,19007.317,18707.317,19007.317,target,2,200.0,399.26
HTF_60m_BR20_S100_T200,LONG,2025-04-23 13:00:00+00:00,2025-04-23 15:00:00+00:00,18856.309,18755.809,18756.309,19056.309,stop,2,-100.5,-201.74
HTF_60m_BR20_S100_T200,LONG,2025-04-23 14:00:00+00:00,2025-04-23 15:00:00+00:00,18950.756,18850.256,18850.756,19150.756,stop,1,-100.5,-201.74
HTF_60m_BR20_S100_T200,SHORT,2025-04-24 06:00:00+00:00,2025-04-24 10:00:00+00:00,18598.272,18698.772,18698.272,18398.272,stop,4,-100.5,-201.74
HTF_60m_BR20_S100_T200,SHORT,2025-04-24 08:00:00+00:00,2025-04-24 10:00:00+00:00,18563.105,18663.605,18663.105,18363.105,stop,2,-100.5,-201.74
HTF_60m_BR20_S100_T200,SHORT,2025-04-24 09:00:00+00:00,2025-04-24 10:00:00+00:00,18516.489,18616.989,18616.489,18316.489,stop,1,-100.5,-201.74
HTF_60m_BR20_S100_T200,LONG,2025-04-24 14:00:00+00:00,2025-04-24 16:00:00+00:00,18940.885,19140.885,18840.885,19140.885,target,2,200.0,399.26
HTF_60m_BR20_S100_T200,LONG,2025-04-24 15:00:00+00:00,2025-04-24 19:00:00+00:00,19032.133,19205.166,18932.133,19232.133,timeout,4,173.03299999999945,345.3259999999989
HTF_60m_BR20_S100_T200,LONG,2025-04-24 17:00:00+00:00,2025-04-24 22:00:00+00:00,19152.806,19298.272,19052.806,19352.806,timeout,4,145.46600000000035,290.1920000000007
HTF_60m_BR20_S100_T200,LONG,2025-04-24 19:00:00+00:00,2025-04-25 00:00:00+00:00,19183.528,19349.372,19083.528,19383.528,timeout,4,165.84400000000096,330.9480000000019
HTF_60m_BR20_S100_T200,LONG,2025-04-24 22:00:00+00:00,2025-04-25 02:00:00+00:00,19273.895,19276.54,19173.895,19473.895,timeout,4,2.6450000000004366,4.550000000000873
HTF_60m_BR20_S100_T200,LONG,2025-04-24 23:00:00+00:00,2025-04-25 03:00:00+00:00,19299.573,19340.366,19199.573,19499.573,timeout,4,40.793000000001484,80.84600000000297
HTF_60m_BR20_S100_T200,LONG,2025-04-25 01:00:00+00:00,2025-04-25 05:00:00+00:00,19350.501,19304.143,19250.501,19550.501,timeout,4,-46.358000000000175,-93.45600000000034
HTF_60m_BR20_S100_T200,SHORT,2025-04-28 16:00:00+00:00,2025-04-28 19:00:00+00:00,19242.306,19342.806,19342.306,19042.306,stop,3,-100.5,-201.74
HTF_60m_BR20_S100_T200,LONG,2025-04-29 18:00:00+00:00,2025-04-29 23:00:00+00:00,19556.483,19455.983,19456.483,19756.483,stop,4,-100.5,-201.74
HTF_60m_BR20_S100_T200,SHORT,2025-04-30 13:00:00+00:00,2025-04-30 15:00:00+00:00,19183.306,19283.806,19283.306,18983.306,stop,2,-100.5,-201.74
HTF_60m_BR20_S100_T200,SHORT,2025-04-30 14:00:00+00:00,2025-04-30 15:00:00+00:00,19021.238,19121.738,19121.238,18821.238,stop,1,-100.5,-201.74
HTF_60m_BR20_S100_T200,LONG,2025-04-30 20:00:00+00:00,2025-04-30 22:00:00+00:00,19552.522,19752.522,19452.522,19752.522,target,1,200.0,399.26
HTF_60m_BR20_S100_T200,LONG,2025-04-30 22:00:00+00:00,2025-05-01 02:00:00+00:00,19779.999,19817.412,19679.999,19979.999,timeout,4,37.413000000000466,74.08600000000094
HTF_60m_BR20_S100_T200,LONG,2025-04-30 23:00:00+00:00,2025-05-01 03:00:00+00:00,19807.422,19861.077,19707.422,20007.422,timeout,4,53.655000000002474,106.57000000000495
HTF_60m_BR20_S100_T200,LONG,2025-05-01 01:00:00+00:00,2025-05-01 05:00:00+00:00,19851.309,19825.133,19751.309,20051.309,timeout,4,-26.175999999999476,-53.091999999998954
HTF_60m_BR20_S100_T200,LONG,2025-05-01 04:00:00+00:00,2025-05-01 08:00:00+00:00,19862.411,19887.573,19762.411,20062.411,timeout,4,25.162000000000262,49.58400000000052
HTF_60m_BR20_S100_T200,LONG,2025-05-01 09:00:00+00:00,2025-05-01 13:00:00+00:00,19888.922,19788.422,19788.922,20088.922,stop,4,-100.5,-201.74
HTF_60m_BR20_S100_T200,LONG,2025-05-01 10:00:00+00:00,2025-05-01 13:00:00+00:00,19921.889,19821.389,19821.889,20121.889,stop,3,-100.5,-201.74
HTF_60m_BR20_S100_T200,LONG,2025-05-01 15:00:00+00:00,2025-05-01 16:00:00+00:00,19975.978,19875.478,19875.978,20175.978,stop,1,-100.5,-201.74
HTF_60m_BR20_S100_T200,SHORT,2025-05-01 22:00:00+00:00,2025-05-02 00:00:00+00:00,19678.617,19779.117,19778.617,19478.617,stop,2,-100.5,-201.74
HTF_60m_BR20_S100_T200,LONG,2025-05-02 15:00:00+00:00,2025-05-02 19:00:00+00:00,20074.882,20088.355,19974.882,20274.882,timeout,4,13.472999999998137,26.205999999996276
HTF_60m_BR20_S100_T200,LONG,2025-05-02 16:00:00+00:00,2025-05-02 20:00:00+00:00,20103.001,20108.85,20003.001,20303.001,timeout,4,5.848999999998341,10.957999999996682
HTF_60m_BR20_S100_T200,LONG,2025-05-02 17:00:00+00:00,2025-05-04 22:00:00+00:00,20146.034,20045.534,20046.034,20346.034,stop,4,-100.5,-201.74
HTF_60m_BR20_S100_T200,SHORT,2025-05-06 02:00:00+00:00,2025-05-06 06:00:00+00:00,19869.862,19874.06,19969.862,19669.862,timeout,4,-4.19800000000032,-9.13600000000064
HTF_60m_BR20_S100_T200,SHORT,2025-05-06 06:00:00+00:00,2025-05-06 10:00:00+00:00,19833.789,19805.344,19933.789,19633.789,timeout,4,28.44499999999971,56.149999999999416
HTF_60m_BR20_S100_T200,SHORT,2025-05-06 08:00:00+00:00,2025-05-06 12:00:00+00:00,19812.81,19752.956,19912.81,19612.81,timeout,4,59.854000000003,118.968000000006
HTF_60m_BR20_S100_T200,SHORT,2025-05-06 09:00:00+00:00,2025-05-06 13:00:00+00:00,19784.695,19670.673,19884.695,19584.695,timeout,4,114.02200000000084,227.30400000000168
HTF_60m_BR20_S100_T200,SHORT,2025-05-06 14:00:00+00:00,2025-05-06 15:00:00+00:00,19668.534,19769.034,19768.534,19468.534,stop,1,-100.5,-201.74
HTF_60m_BR20_S100_T200,LONG,2025-05-06 23:00:00+00:00,2025-05-07 02:00:00+00:00,19994.783,19894.283,19894.783,20194.783,stop,3,-100.5,-201.74
HTF_60m_BR20_S100_T200,LONG,2025-05-08 02:00:00+00:00,2025-05-08 06:00:00+00:00,19985.122,20063.561,19885.122,20185.122,timeout,4,78.43900000000212,156.13800000000424
HTF_60m_BR20_S100_T200,LONG,2025-05-08 04:00:00+00:00,2025-05-08 08:00:00+00:00,20082.91,20143.567,19982.91,20282.91,timeout,4,60.65699999999924,120.57399999999849
HTF_60m_BR20_S100_T200,LONG,2025-05-08 05:00:00+00:00,2025-05-08 09:00:00+00:00,20102.8,20163.55,20002.8,20302.8,timeout,4,60.75,120.76
HTF_60m_BR20_S100_T200,LONG,2025-05-08 09:00:00+00:00,2025-05-08 13:00:00+00:00,20144.883,20044.383,20044.883,20344.883,stop,4,-100.5,-201.74
HTF_60m_BR20_S100_T200,LONG,2025-05-08 10:00:00+00:00,2025-05-08 12:00:00+00:00,20164.6,20064.1,20064.6,20364.6,stop,2,-100.5,-201.74
HTF_60m_BR20_S100_T200,LONG,2025-05-08 16:00:00+00:00,2025-05-08 19:00:00+00:00,20188.6,20088.1,20088.6,20388.6,stop,3,-100.5,-201.74
HTF_60m_BR20_S100_T200,LONG,2025-05-08 17:00:00+00:00,2025-05-08 19:00:00+00:00,20244.584,20144.084,20144.584,20444.584,stop,2,-100.5,-201.74
HTF_60m_BR20_S100_T200,LONG,2025-05-11 23:00:00+00:00,2025-05-12 03:00:00+00:00,20332.516,20448.877,20232.516,20532.516,timeout,4,116.36100000000079,231.98200000000156
HTF_60m_BR20_S100_T200,LONG,2025-05-12 02:00:00+00:00,2025-05-12 06:00:00+00:00,20440.527,20486.061,20340.527,20640.527,timeout,4,45.53400000000329,90.32800000000658
HTF_60m_BR20_S100_T200,LONG,2025-05-12 06:00:00+00:00,2025-05-12 07:00:00+00:00,20476.106,20676.106,20376.106,20676.106,target,1,200.0,399.26
HTF_60m_BR20_S100_T200,LONG,2025-05-12 07:00:00+00:00,2025-05-12 08:00:00+00:00,20487.794,20687.794,20387.794,20687.794,target,1,200.0,399.26
HTF_60m_BR20_S100_T200,LONG,2025-05-12 08:00:00+00:00,2025-05-12 12:00:00+00:00,20733.033,20838.971,20633.033,20933.033,timeout,4,105.93800000000192,211.13600000000383
HTF_60m_BR20_S100_T200,LONG,2025-05-12 11:00:00+00:00,2025-05-12 13:00:00+00:00,20895.295,20794.795,20795.295,21095.295,stop,2,-100.5,-201.74
HTF_60m_BR20_S100_T200,LONG,2025-05-13 13:00:00+00:00,2025-05-13 14:00:00+00:00,20927.616,21127.616,20827.616,21127.616,target,1,200.0,399.26
HTF_60m_BR20_S100_T200,LONG,2025-05-13 14:00:00+00:00,2025-05-13 16:00:00+00:00,21044.484,21244.484,20944.484,21244.484,target,2,200.0,399.26
HTF_60m_BR20_S100_T200,LONG,2025-05-13 15:00:00+00:00,2025-05-13 19:00:00+00:00,21171.461,21185.444,21071.461,21371.461,timeout,4,13.983000000000175,27.22600000000035
HTF_60m_BR20_S100_T200,LONG,2025-05-13 16:00:00+00:00,2025-05-13 20:00:00+00:00,21203.306,21173.874,21103.306,21403.306,timeout,4,-29.4320000000007,-59.6040000000014
HTF_60m_BR20_S100_T200,LONG,2025-05-13 17:00:00+00:00,2025-05-13 22:00:00+00:00,21240.706,21178.567,21140.706,21440.706,timeout,4,-62.138999999999214,-125.01799999999842
HTF_60m_BR20_S100_T200,LONG,2025-05-14 07:00:00+00:00,2025-05-14 09:00:00+00:00,21266.861,21166.361,21166.861,21466.861,stop,2,-100.5,-201.74
HTF_60m_BR20_S100_T200,SHORT,2025-05-15 09:00:00+00:00,2025-05-15 12:00:00+00:00,21133.206,21233.706,21233.206,20933.206,stop,3,-100.5,-201.74
HTF_60m_BR20_S100_T200,LONG,2025-05-15 16:00:00+00:00,2025-05-15 19:00:00+00:00,21347.712,21247.212,21247.712,21547.712,stop,3,-100.5,-201.74
HTF_60m_BR20_S100_T200,LONG,2025-05-15 17:00:00+00:00,2025-05-15 18:00:00+00:00,21409.132,21308.632,21309.132,21609.132,stop,1,-100.5,-201.74
HTF_60m_BR20_S100_T200,LONG,2025-05-16 20:00:00+00:00,2025-05-18 22:00:00+00:00,21423.916,21323.416,21323.916,21623.916,stop,1,-100.5,-201.74
HTF_60m_BR20_S100_T200,SHORT,2025-05-19 01:00:00+00:00,2025-05-19 05:00:00+00:00,21223.794,21169.717,21323.794,21023.794,timeout,4,54.077000000001135,107.41400000000228
HTF_60m_BR20_S100_T200,SHORT,2025-05-19 03:00:00+00:00,2025-05-19 07:00:00+00:00,21185.811,21117.06,21285.811,20985.811,timeout,4,68.7510000000002,136.7620000000004
HTF_60m_BR20_S100_T200,SHORT,2025-05-19 04:00:00+00:00,2025-05-19 08:00:00+00:00,21133.861,21057.751,21233.861,20933.861,timeout,4,76.11000000000058,151.48000000000116
HTF_60m_BR20_S100_T200,SHORT,2025-05-19 07:00:00+00:00,2025-05-19 11:00:00+00:00,21108.773,21127.061,21208.773,20908.773,timeout,4,-18.288000000000466,-37.31600000000093
HTF_60m_BR20_S100_T200,SHORT,2025-05-19 09:00:00+00:00,2025-05-19 13:00:00+00:00,21055.8,21156.3,21155.8,20855.8,stop,4,-100.5,-201.74
HTF_60m_BR20_S100_T200,SHORT,2025-05-20 19:00:00+00:00,2025-05-20 20:00:00+00:00,21272.628,21373.128,21372.628,21072.628,stop,1,-100.5,-201.74
HTF_60m_BR20_S100_T200,SHORT,2025-05-21 07:00:00+00:00,2025-05-21 11:00:00+00:00,21222.294,21268.882,21322.294,21022.294,timeout,4,-46.58799999999974,-93.91599999999947
HTF_60m_BR20_S100_T200,SHORT,2025-05-21 10:00:00+00:00,2025-05-21 13:00:00+00:00,21197.573,21298.073,21297.573,20997.573,stop,3,-100.5,-201.74
HTF_60m_BR20_S100_T200,LONG,2025-05-21 16:00:00+00:00,2025-05-21 17:00:00+00:00,21445.294,21344.794,21345.294,21645.294,stop,1,-100.5,-201.74
HTF_60m_BR20_S100_T200,SHORT,2025-05-21 20:00:00+00:00,2025-05-22 01:00:00+00:00,21076.655,21086.461,21176.655,20876.655,timeout,4,-9.806000000000495,-20.352000000000988
HTF_60m_BR20_S100_T200,SHORT,2025-05-23 12:00:00+00:00,2025-05-23 13:00:00+00:00,20770.316,20870.816,20870.316,20570.316,stop,1,-100.5,-201.74
HTF_60m_BR20_S100_T200,SHORT,2025-05-23 13:00:00+00:00,2025-05-23 14:00:00+00:00,20737.405,20837.905,20837.405,20537.405,stop,1,-100.5,-201.74
HTF_60m_BR20_S100_T200,LONG,2025-05-26 07:00:00+00:00,2025-05-26 11:00:00+00:00,21199.827,21220.222,21099.827,21399.827,timeout,4,20.395000000000437,40.05000000000087
HTF_60m_BR20_S100_T200,LONG,2025-05-26 08:00:00+00:00,2025-05-26 12:00:00+00:00,21219.177,21207.133,21119.177,21419.177,timeout,4,-12.04399999999805,-24.8279999999961
HTF_60m_BR20_S100_T200,SHORT,2025-05-27 04:00:00+00:00,2025-05-27 06:00:00+00:00,21099.372,21199.872,21199.372,20899.372,stop,2,-100.5,-201.74
HTF_60m_BR20_S100_T200,LONG,2025-05-27 08:00:00+00:00,2025-05-27 12:00:00+00:00,21283.293,21224.1,21183.293,21483.293,timeout,4,-59.19300000000294,-119.12600000000587
HTF_60m_BR20_S100_T200,LONG,2025-05-27 16:00:00+00:00,2025-05-27 20:00:00+00:00,21345.011,21413.528,21245.011,21545.011,timeout,4,68.51699999999983,136.29399999999964
HTF_60m_BR20_S100_T200,LONG,2025-05-27 17:00:00+00:00,2025-05-27 22:00:00+00:00,21375.406,21414.856,21275.406,21575.406,timeout,4,39.45000000000073,78.16000000000146
HTF_60m_BR20_S100_T200,LONG,2025-05-27 18:00:00+00:00,2025-05-27 23:00:00+00:00,21421.301,21414.877,21321.301,21621.301,timeout,4,-6.423999999999069,-13.587999999998138
HTF_60m_BR20_S100_T200,LONG,2025-05-28 11:00:00+00:00,2025-05-28 15:00:00+00:00,21462.622,21382.866,21362.622,21662.622,timeout,4,-79.75599999999758,-160.25199999999518
HTF_60m_BR20_S100_T200,SHORT,2025-05-28 20:00:00+00:00,2025-05-28 22:00:00+00:00,21315.895,21416.395,21415.895,21115.895,stop,1,-100.5,-201.74
HTF_60m_BR20_S100_T200,LONG,2025-05-28 23:00:00+00:00,2025-05-29 00:00:00+00:00,21536.406,21736.406,21436.406,21736.406,target,1,200.0,399.26
HTF_60m_BR20_S100_T200,LONG,2025-05-29 00:00:00+00:00,2025-05-29 04:00:00+00:00,21712.484,21743.156,21612.484,21912.484,timeout,4,30.67199999999866,60.60399999999732
HTF_60m_BR20_S100_T200,LONG,2025-05-29 01:00:00+00:00,2025-05-29 05:00:00+00:00,21768.59,21751.723,21668.59,21968.59,timeout,4,-16.86699999999837,-34.47399999999674
HTF_60m_BR20_S100_T200,LONG,2025-05-29 08:00:00+00:00,2025-05-29 10:00:00+00:00,21798.1,21697.6,21698.1,21998.1,stop,2,-100.5,-201.74
HTF_60m_BR20_S100_T200,SHORT,2025-05-30 17:00:00+00:00,2025-05-30 18:00:00+00:00,21059.384,21159.884,21159.384,20859.384,stop,1,-100.5,-201.74
HTF_60m_BR20_S100_T200,LONG,2025-06-02 19:00:00+00:00,2025-06-03 00:00:00+00:00,21475.917,21443.356,21375.917,21675.917,timeout,4,-32.56100000000151,-65.86200000000302
HTF_60m_BR20_S100_T200,LONG,2025-06-02 20:00:00+00:00,2025-06-03 01:00:00+00:00,21492.501,21446.666,21392.501,21692.501,timeout,4,-45.83499999999913,-92.40999999999825
HTF_60m_BR20_S100_T200,LONG,2025-06-02 22:00:00+00:00,2025-06-03 02:00:00+00:00,21498.844,21427.544,21398.844,21698.844,timeout,4,-71.29999999999927,-143.33999999999855
HTF_60m_BR20_S100_T200,LONG,2025-06-03 14:00:00+00:00,2025-06-03 18:00:00+00:00,21555.978,21669.239,21455.978,21755.978,timeout,4,113.26100000000224,225.78200000000447
HTF_60m_BR20_S100_T200,LONG,2025-06-03 15:00:00+00:00,2025-06-03 19:00:00+00:00,21622.766,21664.75,21522.766,21822.766,timeout,4,41.98400000000038,83.22800000000076
HTF_60m_BR20_S100_T200,LONG,2025-06-03 16:00:00+00:00,2025-06-03 20:00:00+00:00,21644.523,21641.05,21544.523,21844.523,timeout,4,-3.4730000000017753,-7.686000000003551
HTF_60m_BR20_S100_T200,LONG,2025-06-03 17:00:00+00:00,2025-06-03 18:00:00+00:00,21697.999,21597.499,21597.999,21897.999,stop,1,-100.5,-201.74
HTF_60m_BR20_S100_T200,LONG,2025-06-05 08:00:00+00:00,2025-06-05 12:00:00+00:00,21778.327,21677.827,21678.327,21978.327,stop,4,-100.5,-201.74
HTF_60m_BR20_S100_T200,LONG,2025-06-05 16:00:00+00:00,2025-06-05 17:00:00+00:00,21884.038,21783.538,21784.038,22084.038,stop,1,-100.5,-201.74
HTF_60m_BR20_S100_T200,SHORT,2025-06-05 17:00:00+00:00,2025-06-05 22:00:00+00:00,21646.784,21527.439,21746.784,21446.784,timeout,4,119.34500000000116,237.95000000000232
HTF_60m_BR20_S100_T200,SHORT,2025-06-05 20:00:00+00:00,2025-06-06 01:00:00+00:00,21550.562,21553.251,21650.562,21350.562,timeout,4,-2.6889999999984866,-6.117999999996973
HTF_60m_BR20_S100_T200,LONG,2025-06-10 02:00:00+00:00,2025-06-10 05:00:00+00:00,21941.962,21841.462,21841.962,22141.962,stop,3,-100.5,-201.74
HTF_60m_BR20_S100_T200,LONG,2025-06-11 13:00:00+00:00,2025-06-11 16:00:00+00:00,22007.312,21906.812,21907.312,22207.312,stop,3,-100.5,-201.74
HTF_60m_BR20_S100_T200,SHORT,2025-06-11 19:00:00+00:00,2025-06-12 00:00:00+00:00,21838.073,21779.249,21938.073,21638.073,timeout,4,58.824000000000524,116.90800000000105
HTF_60m_BR20_S100_T200,SHORT,2025-06-13 01:00:00+00:00,2025-06-13 05:00:00+00:00,21550.662,21553.944,21650.662,21350.662,timeout,4,-3.2819999999992433,-7.303999999998487
HTF_60m_BR20_S100_T200,LONG,2025-06-16 14:00:00+00:00,2025-06-16 18:00:00+00:00,21914.451,21926.344,21814.451,22114.451,timeout,4,11.893000000000029,23.04600000000006
HTF_60m_BR20_S100_T200,LONG,2025-06-16 15:00:00+00:00,2025-06-16 19:00:00+00:00,21945.512,21937.117,21845.512,22145.512,timeout,4,-8.395000000000437,-17.53000000000087
HTF_60m_BR20_S100_T200,SHORT,2025-06-17 18:00:00+00:00,2025-06-17 23:00:00+00:00,21725.779,21673.639,21825.779,21525.779,timeout,4,52.13999999999942,103.53999999999884
HTF_60m_BR20_S100_T200,SHORT,2025-06-17 23:00:00+00:00,2025-06-18 00:00:00+00:00,21639.984,21740.484,21739.984,21439.984,stop,1,-100.5,-201.74
HTF_60m_BR20_S100_T200,LONG,2025-06-18 15:00:00+00:00,2025-06-18 17:00:00+00:00,21851.194,21750.694,21751.194,22051.194,stop,2,-100.5,-201.74
HTF_60m_BR20_S100_T200,SHORT,2025-06-19 02:00:00+00:00,2025-06-19 06:00:00+00:00,21611.511,21624.778,21711.511,21411.511,timeout,4,-13.266999999999825,-27.27399999999965
HTF_60m_BR20_S100_T200,SHORT,2025-06-19 13:00:00+00:00,2025-06-19 22:00:00+00:00,21536.09,21636.59,21636.09,21336.09,stop,4,-100.5,-201.74
HTF_60m_BR20_S100_T200,SHORT,2025-06-19 14:00:00+00:00,2025-06-19 22:00:00+00:00,21456.922,21557.422,21556.922,21256.922,stop,3,-100.5,-201.74
HTF_60m_BR20_S100_T200,LONG,2025-06-20 12:00:00+00:00,2025-06-20 14:00:00+00:00,21747.161,21646.661,21647.161,21947.161,stop,2,-100.5,-201.74
HTF_60m_BR20_S100_T200,LONG,2025-06-20 13:00:00+00:00,2025-06-20 14:00:00+00:00,21808.827,21708.327,21708.827,22008.827,stop,1,-100.5,-201.74
HTF_60m_BR20_S100_T200,SHORT,2025-06-22 23:00:00+00:00,2025-06-23 03:00:00+00:00,21540.556,21549.444,21640.556,21340.556,timeout,4,-8.88799999999901,-18.51599999999802
HTF_60m_BR20_S100_T200,LONG,2025-06-23 15:00:00+00:00,2025-06-23 16:00:00+00:00,21736.767,21636.267,21636.767,21936.767,stop,1,-100.5,-201.74
HTF_60m_BR20_S100_T200,LONG,2025-06-23 18:00:00+00:00,2025-06-23 23:00:00+00:00,21834.244,22034.244,21734.244,22034.244,target,4,200.0,399.26
HTF_60m_BR20_S100_T200,LONG,2025-06-23 23:00:00+00:00,2025-06-24 03:00:00+00:00,21988.878,22029.427,21888.878,22188.878,timeout,4,40.54899999999907,80.35799999999814
HTF_60m_BR20_S100_T200,LONG,2025-06-24 00:00:00+00:00,2025-06-24 04:00:00+00:00,22021.399,22026.906,21921.399,22221.399,timeout,4,5.506999999997788,10.273999999995576
HTF_60m_BR20_S100_T200,LONG,2025-06-24 02:00:00+00:00,2025-06-24 06:00:00+00:00,22050.711,22142.56,21950.711,22250.711,timeout,4,91.84900000000198,182.95800000000395
HTF_60m_BR20_S100_T200,LONG,2025-06-24 06:00:00+00:00,2025-06-24 10:00:00+00:00,22079.528,22069.15,21979.528,22279.528,timeout,4,-10.377999999996973,-21.495999999993945
HTF_60m_BR20_S100_T200,LONG,2025-06-24 07:00:00+00:00,2025-06-24 11:00:00+00:00,22143.316,22042.816,22043.316,22343.316,stop,4,-100.5,-201.74
HTF_60m_BR20_S100_T200,LONG,2025-06-24 17:00:00+00:00,2025-06-24 22:00:00+00:00,22179.278,22175.477,22079.278,22379.278,timeout,4,-3.800999999999476,-8.341999999998952
HTF_60m_BR20_S100_T200,LONG,2025-06-25 12:00:00+00:00,2025-06-25 16:00:00+00:00,22270.933,22221.672,22170.933,22470.933,timeout,4,-49.26100000000224,-99.26200000000448
HTF_60m_BR20_S100_T200,LONG,2025-06-25 13:00:00+00:00,2025-06-25 17:00:00+00:00,22288.59,22188.09,22188.59,22488.59,stop,4,-100.5,-201.74
HTF_60m_BR20_S100_T200,LONG,2025-06-25 14:00:00+00:00,2025-06-25 16:00:00+00:00,22305.5,22205.0,22205.5,22505.5,stop,2,-100.5,-201.74
HTF_60m_BR20_S100_T200,LONG,2025-06-26 09:00:00+00:00,2025-06-26 13:00:00+00:00,22343.183,22323.583,22243.183,22543.183,timeout,4,-19.600000000002183,-39.94000000000437
HTF_60m_BR20_S100_T200,LONG,2025-06-26 16:00:00+00:00,2025-06-26 20:00:00+00:00,22388.911,22431.046,22288.911,22588.911,timeout,4,42.1349999999984,83.5299999999968
HTF_60m_BR20_S100_T200,LONG,2025-06-26 18:00:00+00:00,2025-06-26 23:00:00+00:00,22420.283,22463.122,22320.283,22620.283,timeout,4,42.83899999999994,84.93799999999989
HTF_60m_BR20_S100_T200,LONG,2025-06-26 19:00:00+00:00,2025-06-27 00:00:00+00:00,22446.678,22452.356,22346.678,22646.678,timeout,4,5.677999999999884,10.615999999999767
HTF_60m_BR20_S100_T200,LONG,2025-06-26 23:00:00+00:00,2025-06-27 03:00:00+00:00,22481.755,22478.55,22381.755,22681.755,timeout,4,-3.2050000000017462,-7.150000000003493
HTF_60m_BR20_S100_T200,LONG,2025-06-27 07:00:00+00:00,2025-06-27 11:00:00+00:00,22522.067,22564.367,22422.067,22722.067,timeout,4,42.29999999999927,83.85999999999855
HTF_60m_BR20_S100_T200,LONG,2025-06-27 12:00:00+00:00,2025-06-27 16:00:00+00:00,22565.666,22578.35,22465.666,22765.666,timeout,4,12.683999999997468,24.627999999994937
HTF_60m_BR20_S100_T200,SHORT,2025-06-27 19:00:00+00:00,2025-06-27 20:00:00+00:00,22393.294,22493.794,22493.294,22193.294,stop,1,-100.5,-201.74
HTF_60m_BR20_S100_T200,LONG,2025-06-30 03:00:00+00:00,2025-06-30 07:00:00+00:00,22644.739,22651.278,22544.739,22844.739,timeout,4,6.538999999997031,12.337999999994063
HTF_60m_BR20_S100_T200,SHORT,2025-07-01 15:00:00+00:00,2025-07-01 19:00:00+00:00,22475.783,22480.145,22575.783,22275.783,timeout,4,-4.3620000000009895,-9.46400000000198
HTF_60m_BR20_S100_T200,SHORT,2025-07-01 16:00:00+00:00,2025-07-01 17:00:00+00:00,22449.262,22549.762,22549.262,22249.262,stop,1,-100.5,-201.74
HTF_60m_BR20_S100_T200,LONG,2025-07-02 15:00:00+00:00,2025-07-02 19:00:00+00:00,22605.361,22632.651,22505.361,22805.361,timeout,4,27.290000000000873,53.840000000001744
HTF_60m_BR20_S100_T200,LONG,2025-07-03 14:00:00+00:00,2025-07-03 23:00:00+00:00,22787.622,22840.356,22687.622,22987.622,timeout,4,52.73400000000038,104.72800000000076
HTF_60m_BR20_S100_T200,LONG,2025-07-03 15:00:00+00:00,2025-07-04 00:00:00+00:00,22845.49,22830.601,22745.49,23045.49,timeout,4,-14.889000000002852,-30.518000000005703
HTF_60m_BR20_S100_T200,LONG,2025-07-03 16:00:00+00:00,2025-07-04 01:00:00+00:00,22882.31,22832.482,22782.31,23082.31,timeout,4,-49.82800000000134,-100.39600000000267
HTF_60m_BR20_S100_T200,SHORT,2025-07-07 17:00:00+00:00,2025-07-07 22:00:00+00:00,22673.012,22651.766,22773.012,22473.012,timeout,4,21.245999999999185,41.75199999999837
HTF_60m_BR20_S100_T200,LONG,2025-07-09 14:00:00+00:00,2025-07-09 15:00:00+00:00,22895.566,22795.066,22795.566,23095.566,stop,1,-100.5,-201.74
HTF_60m_BR20_S100_T200,SHORT,2025-07-11 01:00:00+00:00,2025-07-11 05:00:00+00:00,22701.6,22761.267,22801.6,22501.6,timeout,4,-59.66700000000128,-120.07400000000256
HTF_60m_BR20_S100_T200,LONG,2025-07-14 17:00:00+00:00,2025-07-14 22:00:00+00:00,22856.7,22826.066,22756.7,23056.7,timeout,4,-30.634000000001834,-62.00800000000367
HTF_60m_BR20_S100_T200,LONG,2025-07-14 18:00:00+00:00,2025-07-14 23:00:00+00:00,22867.162,22835.255,22767.162,23067.162,timeout,4,-31.906999999999243,-64.55399999999848
HTF_60m_BR20_S100_T200,LONG,2025-07-15 02:00:00+00:00,2025-07-15 06:00:00+00:00,22968.516,22967.312,22868.516,23168.516,timeout,4,-1.2039999999979045,-3.1479999999958093
HTF_60m_BR20_S100_T200,LONG,2025-07-15 13:00:00+00:00,2025-07-15 14:00:00+00:00,23020.894,22920.394,22920.894,23220.894,stop,1,-100.5,-201.74
HTF_60m_BR20_S100_T200,SHORT,2025-07-16 07:00:00+00:00,2025-07-16 11:00:00+00:00,22797.084,22847.245,22897.084,22597.084,timeout,4,-50.16100000000006,-101.06200000000011
HTF_60m_BR20_S100_T200,LONG,2025-07-17 07:00:00+00:00,2025-07-17 11:00:00+00:00,22969.516,22917.766,22869.516,23169.516,timeout,4,-51.75,-104.24
HTF_60m_BR20_S100_T200,LONG,2025-07-17 15:00:00+00:00,2025-07-17 19:00:00+00:00,23027.594,23084.855,22927.594,23227.594,timeout,4,57.2609999999986,113.78199999999721
HTF_60m_BR20_S100_T200,LONG,2025-07-17 16:00:00+00:00,2025-07-17 20:00:00+00:00,23080.005,23084.077,22980.005,23280.005,timeout,4,4.072000000000116,7.404000000000233
HTF_60m_BR20_S100_T200,LONG,2025-07-17 17:00:00+00:00,2025-07-17 22:00:00+00:00,23087.645,23092.889,22987.645,23287.645,timeout,4,5.243999999998778,9.747999999997555
HTF_60m_BR20_S100_T200,LONG,2025-07-17 18:00:00+00:00,2025-07-17 23:00:00+00:00,23109.616,23116.745,23009.616,23309.616,timeout,4,7.128999999997177,13.517999999994354
HTF_60m_BR20_S100_T200,LONG,2025-07-18 00:00:00+00:00,2025-07-18 04:00:00+00:00,23118.223,23114.556,23018.223,23318.223,timeout,4,-3.6670000000012806,-8.074000000002561
HTF_60m_BR20_S100_T200,LONG,2025-07-18 06:00:00+00:00,2025-07-18 10:00:00+00:00,23140.749,23102.428,23040.749,23340.749,timeout,4,-38.32099999999991,-77.38199999999982
HTF_60m_BR20_S100_T200,SHORT,2025-07-18 15:00:00+00:00,2025-07-18 19:00:00+00:00,23044.705,23065.433,23144.705,22844.705,timeout,4,-20.727999999999156,-42.195999999998314
HTF_60m_BR20_S100_T200,LONG,2025-07-21 14:00:00+00:00,2025-07-21 18:00:00+00:00,23216.86,23231.084,23116.86,23416.86,timeout,4,14.223999999998341,27.707999999996684
HTF_60m_BR20_S100_T200,SHORT,2025-07-22 14:00:00+00:00,2025-07-22 17:00:00+00:00,22984.989,23085.489,23084.989,22784.989,stop,3,-100.5,-201.74
HTF_60m_BR20_S100_T200,LONG,2025-07-23 19:00:00+00:00,2025-07-24 00:00:00+00:00,23150.912,23244.529,23050.912,23350.912,timeout,4,93.61699999999837,186.49399999999673
HTF_60m_BR20_S100_T200,LONG,2025-07-23 20:00:00+00:00,2025-07-24 01:00:00+00:00,23172.683,23258.639,23072.683,23372.683,timeout,4,85.95599999999831,171.17199999999661
HTF_60m_BR20_S100_T200,LONG,2025-07-23 22:00:00+00:00,2025-07-24 02:00:00+00:00,23243.376,23255.166,23143.376,23443.376,timeout,4,11.790000000000873,22.840000000001748
HTF_60m_BR20_S100_T200,LONG,2025-07-24 02:00:00+00:00,2025-07-24 06:00:00+00:00,23259.727,23209.75,23159.727,23459.727,timeout,4,-49.97699999999895,-100.6939999999979
HTF_60m_BR20_S100_T200,LONG,2025-07-25 02:00:00+00:00,2025-07-25 06:00:00+00:00,23284.433,23246.851,23184.433,23484.433,timeout,4,-37.582000000002154,-75.9040000000043
HTF_60m_BR20_S100_T200,LONG,2025-07-25 17:00:00+00:00,2025-07-27 22:00:00+00:00,23306.573,23371.355,23206.573,23506.573,timeout,4,64.78199999999924,128.82399999999848
HTF_60m_BR20_S100_T200,LONG,2025-07-27 23:00:00+00:00,2025-07-28 03:00:00+00:00,23373.084,23405.471,23273.084,23573.084,timeout,4,32.387000000002445,64.0340000000049
HTF_60m_BR20_S100_T200,LONG,2025-07-28 06:00:00+00:00,2025-07-28 10:00:00+00:00,23432.19,23350.528,23332.19,23632.19,timeout,4,-81.66200000000026,-164.06400000000053
HTF_60m_BR20_S100_T200,LONG,2025-07-29 08:00:00+00:00,2025-07-29 12:00:00+00:00,23450.928,23440.856,23350.928,23650.928,timeout,4,-10.072000000000116,-20.88400000000023
HTF_60m_BR20_S100_T200,SHORT,2025-07-30 19:00:00+00:00,2025-07-30 20:00:00+00:00,23273.973,23374.473,23373.973,23073.973,stop,1,-100.5,-201.74
HTF_60m_BR20_S100_T200,LONG,2025-07-30 22:00:00+00:00,2025-07-31 02:00:00+00:00,23575.689,23653.817,23475.689,23775.689,timeout,4,78.12800000000061,155.5160000000012
HTF_60m_BR20_S100_T200,LONG,2025-07-30 23:00:00+00:00,2025-07-31 03:00:00+00:00,23596.327,23664.827,23496.327,23796.327,timeout,4,68.5,136.26
HTF_60m_BR20_S100_T200,LONG,2025-07-31 01:00:00+00:00,2025-07-31 05:00:00+00:00,23622.073,23667.012,23522.073,23822.073,timeout,4,44.93899999999849,89.13799999999698
HTF_60m_BR20_S100_T200,LONG,2025-07-31 02:00:00+00:00,2025-07-31 06:00:00+00:00,23637.812,23664.344,23537.812,23837.812,timeout,4,26.531999999999243,52.323999999998485
HTF_60m_BR20_S100_T200,LONG,2025-07-31 03:00:00+00:00,2025-07-31 07:00:00+00:00,23654.289,23692.36,23554.289,23854.289,timeout,4,38.07099999999991,75.40199999999983
HTF_60m_BR20_S100_T200,LONG,2025-07-31 04:00:00+00:00,2025-07-31 08:00:00+00:00,23666.173,23666.456,23566.173,23866.173,timeout,4,0.282999999999447,-0.17400000000110594
HTF_60m_BR20_S100_T200,LONG,2025-07-31 05:00:00+00:00,2025-07-31 09:00:00+00:00,23673.578,23650.573,23573.578,23873.578,timeout,4,-23.00500000000102,-46.75000000000204
HTF_60m_BR20_S100_T200,LONG,2025-07-31 08:00:00+00:00,2025-07-31 12:00:00+00:00,23693.284,23667.651,23593.284,23893.284,timeout,4,-25.632999999997992,-52.005999999995986
HTF_60m_BR20_S100_T200,SHORT,2025-07-31 18:00:00+00:00,2025-07-31 23:00:00+00:00,23254.889,23169.728,23354.889,23054.889,timeout,4,85.16100000000006,169.5820000000001
HTF_60m_BR20_S100_T200,SHORT,2025-07-31 23:00:00+00:00,2025-08-01 03:00:00+00:00,23156.016,23176.317,23256.016,22956.016,timeout,4,-20.300999999999476,-41.341999999998954
HTF_60m_BR20_S100_T200,SHORT,2025-08-01 08:00:00+00:00,2025-08-01 12:00:00+00:00,23040.694,22942.188,23140.694,22840.694,timeout,4,98.50600000000122,196.27200000000244
HTF_60m_BR20_S100_T200,SHORT,2025-08-01 09:00:00+00:00,2025-08-01 13:00:00+00:00,22984.806,22784.806,23084.806,22784.806,target,4,200.0,399.26
HTF_60m_BR20_S100_T200,SHORT,2025-08-01 11:00:00+00:00,2025-08-01 12:00:00+00:00,22926.09,23026.59,23026.09,22726.09,stop,1,-100.5,-201.74
HTF_60m_BR20_S100_T200,SHORT,2025-08-01 14:00:00+00:00,2025-08-01 15:00:00+00:00,22742.689,22843.189,22842.689,22542.689,stop,1,-100.5,-201.74
HTF_60m_BR20_S100_T200,LONG,2025-08-04 14:00:00+00:00,2025-08-04 18:00:00+00:00,23127.589,23142.633,23027.589,23327.589,timeout,4,15.044000000001688,29.348000000003378
HTF_60m_BR20_S100_T200,LONG,2025-08-04 17:00:00+00:00,2025-08-04 22:00:00+00:00,23151.916,23211.255,23051.916,23351.916,timeout,4,59.33899999999994,117.93799999999989
HTF_60m_BR20_S100_T200,LONG,2025-08-04 20:00:00+00:00,2025-08-05 01:00:00+00:00,23180.216,23224.983,23080.216,23380.216,timeout,4,44.766999999999825,88.79399999999966
HTF_60m_BR20_S100_T200,LONG,2025-08-04 22:00:00+00:00,2025-08-05 02:00:00+00:00,23223.578,23225.094,23123.578,23423.578,timeout,4,1.5159999999996217,2.291999999999243
HTF_60m_BR20_S100_T200,LONG,2025-08-05 07:00:00+00:00,2025-08-05 11:00:00+00:00,23269.067,23267.806,23169.067,23469.067,timeout,4,-1.260999999998603,-3.2619999999972062
HTF_60m_BR20_S100_T200,SHORT,2025-08-05 15:00:00+00:00,2025-08-05 19:00:00+00:00,23065.799,23022.028,23165.799,22865.799,timeout,4,43.77100000000064,86.80200000000129
HTF_60m_BR20_S100_T200,SHORT,2025-08-05 23:00:00+00:00,2025-08-06 03:00:00+00:00,22975.211,23057.228,23075.211,22775.211,timeout,4,-82.01699999999983,-164.77399999999966
HTF_60m_BR20_S100_T200,LONG,2025-08-06 15:00:00+00:00,2025-08-06 19:00:00+00:00,23171.633,23310.95,23071.633,23371.633,timeout,4,139.3169999999991,277.8939999999982
HTF_60m_BR20_S100_T200,LONG,2025-08-06 16:00:00+00:00,2025-08-06 20:00:00+00:00,23257.362,23292.946,23157.362,23457.362,timeout,4,35.58399999999892,70.42799999999785
HTF_60m_BR20_S100_T200,LONG,2025-08-06 19:00:00+00:00,2025-08-07 00:00:00+00:00,23304.472,23377.817,23204.472,23504.472,timeout,4,73.34499999999753,145.94999999999504
HTF_60m_BR20_S100_T200,LONG,2025-08-06 23:00:00+00:00,2025-08-07 03:00:00+00:00,23351.416,23378.994,23251.416,23551.416,timeout,4,27.5779999999977,54.4159999999954
HTF_60m_BR20_S100_T200,LONG,2025-08-07 01:00:00+00:00,2025-08-07 05:00:00+00:00,23379.217,23372.344,23279.217,23579.217,timeout,4,-6.8729999999995925,-14.485999999999185
HTF_60m_BR20_S100_T200,LONG,2025-08-07 09:00:00+00:00,2025-08-07 13:00:00+00:00,23446.01,23543.722,23346.01,23646.01,timeout,4,97.71200000000317,194.68400000000634
HTF_60m_BR20_S100_T200,LONG,2025-08-07 10:00:00+00:00,2025-08-07 14:00:00+00:00,23492.638,23428.112,23392.638,23692.638,timeout,4,-64.52599999999802,-129.79199999999605
HTF_60m_BR20_S100_T200,LONG,2025-08-07 11:00:00+00:00,2025-08-07 14:00:00+00:00,23511.834,23411.334,23411.834,23711.834,stop,3,-100.5,-201.74
HTF_60m_BR20_S100_T200,LONG,2025-08-07 14:00:00+00:00,2025-08-07 15:00:00+00:00,23547.206,23446.706,23447.206,23747.206,stop,1,-100.5,-201.74
HTF_60m_BR20_S100_T200,LONG,2025-08-08 14:00:00+00:00,2025-08-08 18:00:00+00:00,23541.333,23607.461,23441.333,23741.333,timeout,4,66.12800000000061,131.5160000000012
HTF_60m_BR20_S100_T200,LONG,2025-08-08 15:00:00+00:00,2025-08-08 19:00:00+00:00,23549.505,23609.755,23449.505,23749.505,timeout,4,60.25,119.76
HTF_60m_BR20_S100_T200,LONG,2025-08-08 19:00:00+00:00,2025-08-11 00:00:00+00:00,23608.733,23629.033,23508.733,23808.733,timeout,4,20.299999999999272,39.85999999999854
HTF_60m_BR20_S100_T200,LONG,2025-08-10 22:00:00+00:00,2025-08-11 02:00:00+00:00,23631.301,23653.162,23531.301,23831.301,timeout,4,21.861000000000786,42.98200000000157
HTF_60m_BR20_S100_T200,SHORT,2025-08-11 20:00:00+00:00,2025-08-12 01:00:00+00:00,23534.305,23558.556,23634.305,23334.305,timeout,4,-24.251000000000204,-49.24200000000041
HTF_60m_BR20_S100_T200,LONG,2025-08-12 17:00:00+00:00,2025-08-12 22:00:00+00:00,23768.389,23829.838,23668.389,23968.389,timeout,4,61.449000000000524,122.15800000000105
HTF_60m_BR20_S100_T200,LONG,2025-08-12 18:00:00+00:00,2025-08-12 23:00:00+00:00,23794.49,23860.055,23694.49,23994.49,timeout,4,65.56499999999869,130.38999999999737
HTF_60m_BR20_S100_T200,LONG,2025-08-12 19:00:00+00:00,2025-08-13 00:00:00+00:00,23814.632,23840.91,23714.632,24014.632,timeout,4,26.27799999999843,51.815999999996855
HTF_60m_BR20_S100_T200,LONG,2025-08-12 20:00:00+00:00,2025-08-13 01:00:00+00:00,23836.894,23827.928,23736.894,24036.894,timeout,4,-8.96600000000035,-18.672000000000697
HTF_60m_BR20_S100_T200,LONG,2025-08-13 00:00:00+00:00,2025-08-13 04:00:00+00:00,23861.318,23855.55,23761.318,24061.318,timeout,4,-5.768000000000029,-12.276000000000058
HTF_60m_BR20_S100_T200,LONG,2025-08-13 08:00:00+00:00,2025-08-13 12:00:00+00:00,23890.56,23919.05,23790.56,24090.56,timeout,4,28.489999999997963,56.23999999999592
HTF_60m_BR20_S100_T200,LONG,2025-08-13 09:00:00+00:00,2025-08-13 13:00:00+00:00,23894.89,23917.716,23794.89,24094.89,timeout,4,22.82600000000093,44.91200000000186
HTF_60m_BR20_S100_T200,LONG,2025-08-13 13:00:00+00:00,2025-08-13 15:00:00+00:00,23920.289,23819.789,23820.289,24120.289,stop,2,-100.5,-201.74
HTF_60m_BR20_S100_T200,SHORT,2025-08-14 13:00:00+00:00,2025-08-14 14:00:00+00:00,23747.815,23848.315,23847.815,23547.815,stop,1,-100.5,-201.74
HTF_60m_BR20_S100_T200,SHORT,2025-08-15 14:00:00+00:00,2025-08-15 18:00:00+00:00,23717.2,23723.834,23817.2,23517.2,timeout,4,-6.633999999998196,-14.007999999996391
HTF_60m_BR20_S100_T200,SHORT,2025-08-19 14:00:00+00:00,2025-08-19 16:00:00+00:00,23595.694,23395.694,23695.694,23395.694,target,2,200.0,399.26
HTF_60m_BR20_S100_T200,SHORT,2025-08-19 15:00:00+00:00,2025-08-19 19:00:00+00:00,23457.772,23389.073,23557.772,23257.772,timeout,4,68.69900000000052,136.65800000000104
HTF_60m_BR20_S100_T200,SHORT,2025-08-19 17:00:00+00:00,2025-08-19 22:00:00+00:00,23399.378,23378.65,23499.378,23199.378,timeout,4,20.727999999999156,40.71599999999831
HTF_60m_BR20_S100_T200,SHORT,2025-08-20 00:00:00+00:00,2025-08-20 04:00:00+00:00,23341.811,23272.623,23441.811,23141.811,timeout,4,69.18800000000192,137.63600000000383
HTF_60m_BR20_S100_T200,SHORT,2025-08-20 02:00:00+00:00,2025-08-20 06:00:00+00:00,23297.995,23309.66,23397.995,23097.995,timeout,4,-11.665000000000873,-24.070000000001745
HTF_60m_BR20_S100_T200,SHORT,2025-08-20 04:00:00+00:00,2025-08-20 08:00:00+00:00,23264.416,23335.078,23364.416,23064.416,timeout,4,-70.66200000000026,-142.06400000000053
HTF_60m_BR20_S100_T200,SHORT,2025-08-20 14:00:00+00:00,2025-08-20 16:00:00+00:00,23094.278,23194.778,23194.278,22894.278,stop,2,-100.5,-201.74
HTF_60m_BR20_S100_T200,SHORT,2025-08-20 15:00:00+00:00,2025-08-20 16:00:00+00:00,22979.804,23080.304,23079.804,22779.804,stop,1,-100.5,-201.74
HTF_60m_BR20_S100_T200,LONG,2025-08-22 14:00:00+00:00,2025-08-22 15:00:00+00:00,23264.305,23464.305,23164.305,23464.305,target,1,200.0,399.26
HTF_60m_BR20_S100_T200,LONG,2025-08-22 15:00:00+00:00,2025-08-22 19:00:00+00:00,23542.516,23494.722,23442.516,23742.516,timeout,4,-47.79399999999805,-96.3279999999961
HTF_60m_BR20_S100_T200,SHORT,2025-08-26 01:00:00+00:00,2025-08-26 05:00:00+00:00,23351.1,23410.806,23451.1,23151.1,timeout,4,-59.70600000000195,-120.1520000000039
HTF_60m_BR20_S100_T200,LONG,2025-08-26 20:00:00+00:00,2025-08-27 01:00:00+00:00,23522.129,23562.661,23422.129,23722.129,timeout,4,40.53199999999924,80.32399999999849
HTF_60m_BR20_S100_T200,LONG,2025-08-26 22:00:00+00:00,2025-08-27 02:00:00+00:00,23550.478,23546.946,23450.478,23750.478,timeout,4,-3.5319999999992433,-7.803999999998487
HTF_60m_BR20_S100_T200,LONG,2025-08-26 23:00:00+00:00,2025-08-27 03:00:00+00:00,23552.367,23548.828,23452.367,23752.367,timeout,4,-3.5389999999970314,-7.817999999994063
HTF_60m_BR20_S100_T200,LONG,2025-08-27 02:00:00+00:00,2025-08-27 06:00:00+00:00,23563.889,23538.857,23463.889,23763.889,timeout,4,-25.031999999999243,-50.80399999999849
HTF_60m_BR20_S100_T200,LONG,2025-08-28 18:00:00+00:00,2025-08-28 23:00:00+00:00,23706.467,23691.944,23606.467,23906.467,timeout,4,-14.523000000001048,-29.786000000002094
HTF_60m_BR20_S100_T200,LONG,2025-08-28 19:00:00+00:00,2025-08-29 00:00:00+00:00,23728.633,23690.383,23628.633,23928.633,timeout,4,-38.25,-77.24
HTF_60m_BR20_S100_T200,SHORT,2025-08-29 14:00:00+00:00,2025-08-29 18:00:00+00:00,23465.0,23409.908,23565.0,23265.0,timeout,4,55.09200000000055,109.44400000000111
HTF_60m_BR20_S100_T200,SHORT,2025-08-29 15:00:00+00:00,2025-08-29 19:00:00+00:00,23384.007,23422.577,23484.007,23184.007,timeout,4,-38.56999999999971,-77.87999999999941
HTF_60m_BR20_S100_T200,SHORT,2025-09-02 08:00:00+00:00,2025-09-02 12:00:00+00:00,23233.136,23052.484,23333.136,23033.136,timeout,4,180.65199999999822,360.56399999999644
HTF_60m_BR20_S100_T200,SHORT,2025-09-02 11:00:00+00:00,2025-09-02 13:00:00+00:00,23209.603,23009.603,23309.603,23009.603,target,2,200.0,399.26
HTF_60m_BR20_S100_T200,SHORT,2025-09-02 12:00:00+00:00,2025-09-02 16:00:00+00:00,23179.619,23082.206,23279.619,22979.619,timeout,4,97.41300000000047,194.08600000000092
HTF_60m_BR20_S100_T200,SHORT,2025-09-02 13:00:00+00:00,2025-09-02 14:00:00+00:00,23051.136,23151.636,23151.136,22851.136,stop,1,-100.5,-201.74
HTF_60m_BR20_S100_T200,LONG,2025-09-03 09:00:00+00:00,2025-09-03 13:00:00+00:00,23377.903,23340.005,23277.903,23577.903,timeout,4,-37.89799999999741,-76.53599999999481
HTF_60m_BR20_S100_T200,LONG,2025-09-03 10:00:00+00:00,2025-09-03 14:00:00+00:00,23396.45,23464.156,23296.45,23596.45,timeout,4,67.70599999999831,134.67199999999661
HTF_60m_BR20_S100_T200,LONG,2025-09-03 15:00:00+00:00,2025-09-03 16:00:00+00:00,23465.293,23364.793,23365.293,23665.293,stop,1,-100.5,-201.74
HTF_60m_BR20_S100_T200,LONG,2025-09-04 18:00:00+00:00,2025-09-04 23:00:00+00:00,23541.998,23669.484,23441.998,23741.998,timeout,4,127.48600000000079,254.23200000000156
HTF_60m_BR20_S100_T200,LONG,2025-09-04 19:00:00+00:00,2025-09-05 00:00:00+00:00,23578.397,23692.647,23478.397,23778.397,timeout,4,114.25,227.76
HTF_60m_BR20_S100_T200,LONG,2025-09-04 20:00:00+00:00,2025-09-05 01:00:00+00:00,23624.969,23697.972,23524.969,23824.969,timeout,4,73.00300000000061,145.2660000000012
HTF_60m_BR20_S100_T200,LONG,2025-09-04 22:00:00+00:00,2025-09-05 02:00:00+00:00,23666.498,23699.875,23566.498,23866.498,timeout,4,33.37700000000041,66.01400000000082
HTF_60m_BR20_S100_T200,LONG,2025-09-04 23:00:00+00:00,2025-09-05 03:00:00+00:00,23671.222,23704.84,23571.222,23871.222,timeout,4,33.617999999998574,66.49599999999715
HTF_60m_BR20_S100_T200,LONG,2025-09-05 01:00:00+00:00,2025-09-05 05:00:00+00:00,23693.609,23724.28,23593.609,23893.609,timeout,4,30.670999999998457,60.60199999999691
HTF_60m_BR20_S100_T200,LONG,2025-09-05 02:00:00+00:00,2025-09-05 06:00:00+00:00,23699.413,23735.869,23599.413,23899.413,timeout,4,36.45599999999831,72.17199999999663
HTF_60m_BR20_S100_T200,LONG,2025-09-05 05:00:00+00:00,2025-09-05 09:00:00+00:00,23709.228,23747.391,23609.228,23909.228,timeout,4,38.163000000000466,75.58600000000094
HTF_60m_BR20_S100_T200,LONG,2025-09-05 06:00:00+00:00,2025-09-05 10:00:00+00:00,23726.22,23739.75,23626.22,23926.22,timeout,4,13.529999999998836,26.319999999997673
HTF_60m_BR20_S100_T200,LONG,2025-09-05 07:00:00+00:00,2025-09-05 11:00:00+00:00,23736.984,23732.505,23636.984,23936.984,timeout,4,-4.47899999999936,-9.69799999999872
HTF_60m_BR20_S100_T200,LONG,2025-09-05 13:00:00+00:00,2025-09-05 14:00:00+00:00,23838.641,23738.141,23738.641,24038.641,stop,1,-100.5,-201.74
HTF_60m_BR20_S100_T200,LONG,2025-09-08 14:00:00+00:00,2025-09-08 18:00:00+00:00,23812.798,23758.846,23712.798,24012.798,timeout,4,-53.9519999999975,-108.64399999999499
HTF_60m_BR20_S100_T200,LONG,2025-09-09 23:00:00+00:00,2025-09-10 03:00:00+00:00,23868.55,23888.647,23768.55,24068.55,timeout,4,20.09700000000157,39.45400000000314
HTF_60m_BR20_S100_T200,LONG,2025-09-10 03:00:00+00:00,2025-09-10 07:00:00+00:00,23883.75,23909.389,23783.75,24083.75,timeout,4,25.638999999999214,50.537999999998426
HTF_60m_BR20_S100_T200,LONG,2025-09-10 04:00:00+00:00,2025-09-10 08:00:00+00:00,23890.0,23867.13,23790.0,24090.0,timeout,4,-22.86999999999898,-46.479999999997965
HTF_60m_BR20_S100_T200,LONG,2025-09-10 05:00:00+00:00,2025-09-10 09:00:00+00:00,23894.612,23880.103,23794.612,24094.612,timeout,4,-14.509000000001834,-29.758000000003666
HTF_60m_BR20_S100_T200,LONG,2025-09-10 07:00:00+00:00,2025-09-10 11:00:00+00:00,23916.38,23920.386,23816.38,24116.38,timeout,4,4.005999999997584,7.2719999999951686
HTF_60m_BR20_S100_T200,LONG,2025-09-10 13:00:00+00:00,2025-09-10 16:00:00+00:00,23976.668,23876.168,23876.668,24176.668,stop,3,-100.5,-201.74
HTF_60m_BR20_S100_T200,SHORT,2025-09-10 19:00:00+00:00,2025-09-11 00:00:00+00:00,23831.091,23879.842,23931.091,23631.091,timeout,4,-48.751000000000204,-98.2420000000004
HTF_60m_BR20_S100_T200,LONG,2025-09-11 14:00:00+00:00,2025-09-11 18:00:00+00:00,23955.0,24004.837,23855.0,24155.0,timeout,4,49.836999999999534,98.93399999999907
HTF_60m_BR20_S100_T200,LONG,2025-09-11 15:00:00+00:00,2025-09-11 19:00:00+00:00,23976.728,23983.522,23876.728,24176.728,timeout,4,6.794000000001688,12.848000000003376
HTF_60m_BR20_S100_T200,LONG,2025-09-11 16:00:00+00:00,2025-09-11 20:00:00+00:00,23996.513,23979.463,23896.513,24196.513,timeout,4,-17.049999999999272,-34.83999999999855
HTF_60m_BR20_S100_T200,LONG,2025-09-12 12:00:00+00:00,2025-09-12 16:00:00+00:00,24026.366,24091.122,23926.366,24226.366,timeout,4,64.75599999999758,128.77199999999516
HTF_60m_BR20_S100_T200,LONG,2025-09-12 15:00:00+00:00,2025-09-12 19:00:00+00:00,24087.209,24087.694,23987.209,24287.209,timeout,4,0.4850000000005821,0.23000000000116416
HTF_60m_BR20_S100_T200,LONG,2025-09-12 19:00:00+00:00,2025-09-15 00:00:00+00:00,24133.179,24091.891,24033.179,24333.179,timeout,4,-41.288000000000466,-83.31600000000093
HTF_60m_BR20_S100_T200,LONG,2025-09-15 13:00:00+00:00,2025-09-15 17:00:00+00:00,24156.528,24270.328,24056.528,24356.528,timeout,4,113.80000000000291,226.8600000000058
HTF_60m_BR20_S100_T200,LONG,2025-09-15 14:00:00+00:00,2025-09-15 18:00:00+00:00,24244.984,24252.934,24144.984,24444.984,timeout,4,7.950000000000728,15.160000000001455
HTF_60m_BR20_S100_T200,LONG,2025-09-15 16:00:00+00:00,2025-09-15 20:00:00+00:00,24264.806,24270.172,24164.806,24464.806,timeout,4,5.3659999999981665,9.991999999996333
HTF_60m_BR20_S100_T200,LONG,2025-09-15 20:00:00+00:00,2025-09-16 01:00:00+00:00,24295.004,24297.758,24195.004,24495.004,timeout,4,2.754000000000815,4.76800000000163
HTF_60m_BR20_S100_T200,LONG,2025-09-16 02:00:00+00:00,2025-09-16 06:00:00+00:00,24299.172,24330.407,24199.172,24499.172,timeout,4,31.235000000000582,61.73000000000116
HTF_60m_BR20_S100_T200,LONG,2025-09-16 03:00:00+00:00,2025-09-16 07:00:00+00:00,24314.438,24345.207,24214.438,24514.438,timeout,4,30.769000000000233,60.798000000000464
HTF_60m_BR20_S100_T200,LONG,2025-09-16 04:00:00+00:00,2025-09-16 08:00:00+00:00,24327.897,24381.533,24227.897,24527.897,timeout,4,53.6359999999986,106.53199999999721
HTF_60m_BR20_S100_T200,LONG,2025-09-16 06:00:00+00:00,2025-09-16 10:00:00+00:00,24337.562,24369.516,24237.562,24537.562,timeout,4,31.953999999997905,63.16799999999581
HTF_60m_BR20_S100_T200,LONG,2025-09-16 08:00:00+00:00,2025-09-16 12:00:00+00:00,24345.596,24339.393,24245.596,24545.596,timeout,4,-6.203000000001339,-13.146000000002678
HTF_60m_BR20_S100_T200,LONG,2025-09-16 09:00:00+00:00,2025-09-16 13:00:00+00:00,24382.863,24282.363,24282.863,24582.863,stop,4,-100.5,-201.74
HTF_60m_BR20_S100_T200,SHORT,2025-09-17 15:00:00+00:00,2025-09-17 18:00:00+00:00,24169.363,24269.863,24269.363,23969.363,stop,3,-100.5,-201.74
HTF_60m_BR20_S100_T200,SHORT,2025-09-17 17:00:00+00:00,2025-09-17 18:00:00+00:00,24136.908,24237.408,24236.908,23936.908,stop,1,-100.5,-201.74
HTF_60m_BR20_S100_T200,LONG,2025-09-17 23:00:00+00:00,2025-09-18 03:00:00+00:00,24318.228,24384.975,24218.228,24518.228,timeout,4,66.74699999999939,132.75399999999877
HTF_60m_BR20_S100_T200,LONG,2025-09-18 00:00:00+00:00,2025-09-18 04:00:00+00:00,24334.589,24395.073,24234.589,24534.589,timeout,4,60.48400000000038,120.22800000000076
HTF_60m_BR20_S100_T200,LONG,2025-09-18 02:00:00+00:00,2025-09-18 06:00:00+00:00,24343.573,24373.989,24243.573,24543.573,timeout,4,30.416000000001077,60.09200000000215
HTF_60m_BR20_S100_T200,LONG,2025-09-18 03:00:00+00:00,2025-09-18 07:00:00+00:00,24370.872,24412.952,24270.872,24570.872,timeout,4,42.080000000001746,83.4200000000035
HTF_60m_BR20_S100_T200,LONG,2025-09-18 04:00:00+00:00,2025-09-18 08:00:00+00:00,24386.514,24477.523,24286.514,24586.514,timeout,4,91.00900000000183,181.27800000000366
HTF_60m_BR20_S100_T200,LONG,2025-09-18 05:00:00+00:00,2025-09-18 09:00:00+00:00,24395.969,24467.146,24295.969,24595.969,timeout,4,71.17699999999968,141.61399999999935
HTF_60m_BR20_S100_T200,LONG,2025-09-18 08:00:00+00:00,2025-09-18 12:00:00+00:00,24414.752,24439.847,24314.752,24614.752,timeout,4,25.095000000001164,49.450000000002326
HTF_60m_BR20_S100_T200,LONG,2025-09-18 09:00:00+00:00,2025-09-18 13:00:00+00:00,24479.342,24378.842,24379.342,24679.342,stop,4,-100.5,-201.74
HTF_60m_BR20_S100_T200,LONG,2025-09-18 12:00:00+00:00,2025-09-18 13:00:00+00:00,24493.918,24393.418,24393.918,24693.918,stop,1,-100.5,-201.74
HTF_60m_BR20_S100_T200,LONG,2025-09-19 14:00:00+00:00,2025-09-19 18:00:00+00:00,24546.459,24576.048,24446.459,24746.459,timeout,4,29.588999999999942,58.43799999999988
HTF_60m_BR20_S100_T200,LONG,2025-09-19 17:00:00+00:00,2025-09-21 22:00:00+00:00,24574.707,24600.641,24474.707,24774.707,timeout,4,25.934000000001106,51.12800000000221
HTF_60m_BR20_S100_T200,LONG,2025-09-19 20:00:00+00:00,2025-09-22 01:00:00+00:00,24611.257,24595.234,24511.257,24811.257,timeout,4,-16.023000000001048,-32.7860000000021
HTF_60m_BR20_S100_T200,LONG,2025-09-22 15:00:00+00:00,2025-09-22 19:00:00+00:00,24683.522,24754.283,24583.522,24883.522,timeout,4,70.7609999999986,140.7819999999972
HTF_60m_BR20_S100_T200,LONG,2025-09-22 17:00:00+00:00,2025-09-22 22:00:00+00:00,24741.596,24745.836,24641.596,24941.596,timeout,4,4.239999999997963,7.739999999995925
HTF_60m_BR20_S100_T200,LONG,2025-09-22 19:00:00+00:00,2025-09-23 00:00:00+00:00,24767.77,24748.086,24667.77,24967.77,timeout,4,-19.684000000001106,-40.108000000002214
HTF_60m_BR20_S100_T200,SHORT,2025-09-23 17:00:00+00:00,2025-09-23 22:00:00+00:00,24684.813,24612.489,24784.813,24484.813,timeout,4,72.32399999999689,143.90799999999376
HTF_60m_BR20_S100_T200,SHORT,2025-09-23 18:00:00+00:00,2025-09-23 23:00:00+00:00,24590.7,24600.875,24690.7,24390.7,timeout,4,-10.174999999999272,-21.089999999998543
HTF_60m_BR20_S100_T200,SHORT,2025-09-24 16:00:00+00:00,2025-09-24 20:00:00+00:00,24438.785,24511.74,24538.785,24238.785,timeout,4,-72.95500000000175,-146.6500000000035
HTF_60m_BR20_S100_T200,SHORT,2025-09-25 12:00:00+00:00,2025-09-25 15:00:00+00:00,24357.372,24457.872,24457.372,24157.372,stop,3,-100.5,-201.74
HTF_60m_BR20_S100_T200,SHORT,2025-09-25 13:00:00+00:00,2025-09-25 15:00:00+00:00,24331.041,24431.541,24431.041,24131.041,stop,2,-100.5,-201.74
HTF_60m_BR20_S100_T200,SHORT,2025-09-25 14:00:00+00:00,2025-09-25 15:00:00+00:00,24215.019,24315.519,24315.019,24015.019,stop,1,-100.5,-201.74
HTF_60m_BR20_S100_T200,LONG,2025-09-26 13:00:00+00:00,2025-09-26 14:00:00+00:00,24467.0,24366.5,24367.0,24667.0,stop,1,-100.5,-201.74
HTF_60m_BR20_S100_T200,LONG,2025-09-29 04:00:00+00:00,2025-09-29 08:00:00+00:00,24590.817,24668.66,24490.817,24790.817,timeout,4,77.84300000000076,154.9460000000015
HTF_60m_BR20_S100_T200,LONG,2025-09-29 05:00:00+00:00,2025-09-29 09:00:00+00:00,24604.927,24647.596,24504.927,24804.927,timeout,4,42.66900000000169,84.59800000000338
HTF_60m_BR20_S100_T200,LONG,2025-09-29 07:00:00+00:00,2025-09-29 11:00:00+00:00,24620.871,24652.374,24520.871,24820.871,timeout,4,31.50300000000061,62.26600000000122
HTF_60m_BR20_S100_T200,LONG,2025-09-29 09:00:00+00:00,2025-09-29 13:00:00+00:00,24670.822,24716.995,24570.822,24870.822,timeout,4,46.172999999998865,91.60599999999774
HTF_60m_BR20_S100_T200,LONG,2025-09-29 15:00:00+00:00,2025-09-29 16:00:00+00:00,24703.028,24602.528,24603.028,24903.028,stop,1,-100.5,-201.74
HTF_60m_BR20_S100_T200,SHORT,2025-10-01 07:00:00+00:00,2025-10-01 09:00:00+00:00,24430.603,24531.103,24530.603,24230.603,stop,2,-100.5,-201.74
HTF_60m_BR20_S100_T200,LONG,2025-10-01 16:00:00+00:00,2025-10-01 20:00:00+00:00,24715.878,24778.122,24615.878,24915.878,timeout,4,62.24399999999878,123.74799999999756
HTF_60m_BR20_S100_T200,LONG,2025-10-01 17:00:00+00:00,2025-10-01 22:00:00+00:00,24737.739,24797.993,24637.739,24937.739,timeout,4,60.25399999999718,119.76799999999436
HTF_60m_BR20_S100_T200,LONG,2025-10-01 18:00:00+00:00,2025-10-01 23:00:00+00:00,24764.739,24808.141,24664.739,24964.739,timeout,4,43.401999999998225,86.06399999999645
HTF_60m_BR20_S100_T200,LONG,2025-10-01 19:00:00+00:00,2025-10-02 00:00:00+00:00,24806.492,24845.859,24706.492,25006.492,timeout,4,39.36700000000201,77.99400000000402
HTF_60m_BR20_S100_T200,LONG,2025-10-02 01:00:00+00:00,2025-10-02 05:00:00+00:00,24847.245,24854.372,24747.245,25047.245,timeout,4,7.1270000000004075,13.514000000000815
HTF_60m_BR20_S100_T200,LONG,2025-10-02 02:00:00+00:00,2025-10-02 06:00:00+00:00,24860.533,24848.75,24760.533,25060.533,timeout,4,-11.782999999999447,-24.305999999998892
HTF_60m_BR20_S100_T200,LONG,2025-10-02 08:00:00+00:00,2025-10-02 12:00:00+00:00,24863.636,24947.63,24763.636,25063.636,timeout,4,83.99400000000242,167.24800000000482
HTF_60m_BR20_S100_T200,LONG,2025-10-02 09:00:00+00:00,2025-10-02 13:00:00+00:00,24900.5,24849.101,24800.5,25100.5,timeout,4,-51.39900000000125,-103.5380000000025
HTF_60m_BR20_S100_T200,LONG,2025-10-02 12:00:00+00:00,2025-10-02 13:00:00+00:00,24936.347,24835.847,24836.347,25136.347,stop,1,-100.5,-201.74
HTF_60m_BR20_S100_T200,LONG,2025-10-02 13:00:00+00:00,2025-10-02 14:00:00+00:00,24949.124,24848.624,24849.124,25149.124,stop,1,-100.5,-201.74
HTF_60m_BR20_S100_T200,SHORT,2025-10-03 18:00:00+00:00,2025-10-05 23:00:00+00:00,24762.783,24863.283,24862.783,24562.783,stop,4,-100.5,-201.74
HTF_60m_BR20_S100_T200,LONG,2025-10-06 11:00:00+00:00,2025-10-06 15:00:00+00:00,24968.128,25000.283,24868.128,25168.128,timeout,4,32.154999999998836,63.56999999999767
HTF_60m_BR20_S100_T200,LONG,2025-10-06 13:00:00+00:00,2025-10-06 17:00:00+00:00,24988.228,25020.59,24888.228,25188.228,timeout,4,32.36200000000099,63.98400000000198
HTF_60m_BR20_S100_T200,LONG,2025-10-07 13:00:00+00:00,2025-10-07 15:00:00+00:00,25048.119,24947.619,24948.119,25248.119,stop,2,-100.5,-201.74
HTF_60m_BR20_S100_T200,SHORT,2025-10-07 16:00:00+00:00,2025-10-07 20:00:00+00:00,24822.75,24856.613,24922.75,24622.75,timeout,4,-33.86300000000119,-68.46600000000238
HTF_60m_BR20_S100_T200,LONG,2025-10-08 14:00:00+00:00,2025-10-08 18:00:00+00:00,24973.918,25069.269,24873.918,25173.918,timeout,4,95.35099999999875,189.9619999999975
HTF_60m_BR20_S100_T200,LONG,2025-10-08 15:00:00+00:00,2025-10-08 19:00:00+00:00,24989.044,25128.145,24889.044,25189.044,timeout,4,139.10099999999875,277.4619999999975
HTF_60m_BR20_S100_T200,LONG,2025-10-08 16:00:00+00:00,2025-10-08 20:00:00+00:00,25051.961,25131.28,24951.961,25251.961,timeout,4,79.3189999999995,157.897999999999
HTF_60m_BR20_S100_T200,LONG,2025-10-08 20:00:00+00:00,2025-10-09 01:00:00+00:00,25129.291,25133.374,25029.291,25329.291,timeout,4,4.082999999998719,7.425999999997439
HTF_60m_BR20_S100_T200,LONG,2025-10-08 23:00:00+00:00,2025-10-09 03:00:00+00:00,25169.211,25128.533,25069.211,25369.211,timeout,4,-40.677999999999884,-82.09599999999976
HTF_60m_BR20_S100_T200,LONG,2025-10-09 00:00:00+00:00,2025-10-09 04:00:00+00:00,25182.478,25142.391,25082.478,25382.478,timeout,4,-40.086999999999534,-80.91399999999906
HTF_60m_BR20_S100_T200,LONG,2025-10-10 14:00:00+00:00,2025-10-10 15:00:00+00:00,25170.391,25069.891,25070.391,25370.391,stop,1,-100.5,-201.74
HTF_60m_BR20_S100_T200,SHORT,2025-10-10 16:00:00+00:00,2025-10-10 17:00:00+00:00,24642.669,24442.669,24742.669,24442.669,target,1,200.0,399.26
HTF_60m_BR20_S100_T200,SHORT,2025-10-10 17:00:00+00:00,2025-10-10 19:00:00+00:00,24478.391,24278.391,24578.391,24278.391,target,2,200.0,399.26
HTF_60m_BR20_S100_T200,SHORT,2025-10-10 19:00:00+00:00,2025-10-12 22:00:00+00:00,24407.113,24507.613,24507.113,24207.113,stop,2,-100.5,-201.74
HTF_60m_BR20_S100_T200,SHORT,2025-10-10 20:00:00+00:00,2025-10-12 22:00:00+00:00,24223.38,24323.88,24323.38,24023.38,stop,1,-100.5,-201.74
HTF_60m_BR20_S100_T200,LONG,2025-10-14 01:00:00+00:00,2025-10-14 03:00:00+00:00,24829.624,24729.124,24729.624,25029.624,stop,2,-100.5,-201.74
HTF_60m_BR20_S100_T200,SHORT,2025-10-14 06:00:00+00:00,2025-10-14 10:00:00+00:00,24530.873,24330.873,24630.873,24330.873,target,4,200.0,399.26
HTF_60m_BR20_S100_T200,SHORT,2025-10-14 08:00:00+00:00,2025-10-14 12:00:00+00:00,24470.489,24443.995,24570.489,24270.489,timeout,4,26.494000000002416,52.24800000000483
HTF_60m_BR20_S100_T200,SHORT,2025-10-14 11:00:00+00:00,2025-10-14 12:00:00+00:00,24381.113,24481.613,24481.113,24181.113,stop,1,-100.5,-201.74
HTF_60m_BR20_S100_T200,LONG,2025-10-15 10:00:00+00:00,2025-10-15 14:00:00+00:00,24800.619,24922.522,24700.619,25000.619,timeout,4,121.90300000000207,243.06600000000412
HTF_60m_BR20_S100_T200,LONG,2025-10-15 13:00:00+00:00,2025-10-15 15:00:00+00:00,24849.88,24749.38,24749.88,25049.88,stop,2,-100.5,-201.74
HTF_60m_BR20_S100_T200,LONG,2025-10-15 15:00:00+00:00,2025-10-15 16:00:00+00:00,24924.336,24823.836,24824.336,25124.336,stop,1,-100.5,-201.74
HTF_60m_BR20_S100_T200,SHORT,2025-10-17 07:00:00+00:00,2025-10-17 11:00:00+00:00,24412.272,24512.772,24512.272,24212.272,stop,4,-100.5,-201.74
HTF_60m_BR20_S100_T200,SHORT,2025-10-17 08:00:00+00:00,2025-10-17 10:00:00+00:00,24308.495,24408.995,24408.495,24108.495,stop,2,-100.5,-201.74
HTF_60m_BR20_S100_T200,LONG,2025-10-17 19:00:00+00:00,2025-10-20 00:00:00+00:00,24829.658,24880.619,24729.658,25029.658,timeout,4,50.96099999999933,101.18199999999867
HTF_60m_BR20_S100_T200,LONG,2025-10-19 23:00:00+00:00,2025-10-20 00:00:00+00:00,24895.851,24795.351,24795.851,25095.851,stop,1,-100.5,-201.74
HTF_60m_BR20_S100_T200,LONG,2025-10-20 05:00:00+00:00,2025-10-20 09:00:00+00:00,24947.143,24922.72,24847.143,25147.143,timeout,4,-24.422999999998865,-49.58599999999773
HTF_60m_BR20_S100_T200,LONG,2025-10-20 14:00:00+00:00,2025-10-20 18:00:00+00:00,25058.794,25158.136,24958.794,25258.794,timeout,4,99.34199999999691,197.94399999999382
HTF_60m_BR20_S100_T200,LONG,2025-10-20 15:00:00+00:00,2025-10-20 19:00:00+00:00,25150.989,25133.158,25050.989,25350.989,timeout,4,-17.83100000000195,-36.4020000000039
HTF_60m_BR20_S100_T200,SHORT,2025-10-21 14:00:00+00:00,2025-10-21 16:00:00+00:00,25070.363,25170.863,25170.363,24870.363,stop,2,-100.5,-201.74
HTF_60m_BR20_S100_T200,SHORT,2025-10-22 15:00:00+00:00,2025-10-22 16:00:00+00:00,25010.584,24810.584,25110.584,24810.584,target,1,200.0,399.26
HTF_60m_BR20_S100_T200,SHORT,2025-10-22 17:00:00+00:00,2025-10-22 22:00:00+00:00,24822.837,24891.978,24922.837,24622.837,timeout,4,-69.14099999999962,-139.02199999999925
HTF_60m_BR20_S100_T200,LONG,2025-10-23 14:00:00+00:00,2025-10-23 18:00:00+00:00,25008.0,25116.674,24908.0,25208.0,timeout,4,108.67399999999907,216.60799999999813
HTF_60m_BR20_S100_T200,LONG,2025-10-23 15:00:00+00:00,2025-10-23 19:00:00+00:00,25035.745,25094.39,24935.745,25235.745,timeout,4,58.64500000000044,116.55000000000088
HTF_60m_BR20_S100_T200,LONG,2025-10-23 17:00:00+00:00,2025-10-23 22:00:00+00:00,25084.039,25141.597,24984.039,25284.039,timeout,4,57.5580000000009,114.37600000000181
HTF_60m_BR20_S100_T200,LONG,2025-10-23 18:00:00+00:00,2025-10-23 23:00:00+00:00,25120.995,25147.858,25020.995,25320.995,timeout,4,26.863000000001193,52.986000000002385
HTF_60m_BR20_S100_T200,LONG,2025-10-23 23:00:00+00:00,2025-10-24 03:00:00+00:00,25143.522,25179.503,25043.522,25343.522,timeout,4,35.98099999999977,71.22199999999954
HTF_60m_BR20_S100_T200,LONG,2025-10-24 02:00:00+00:00,2025-10-24 06:00:00+00:00,25169.366,25211.008,25069.366,25369.366,timeout,4,41.641999999999825,82.54399999999966
HTF_60m_BR20_S100_T200,LONG,2025-10-24 04:00:00+00:00,2025-10-24 08:00:00+00:00,25180.516,25203.652,25080.516,25380.516,timeout,4,23.135999999998603,45.531999999997204
HTF_60m_BR20_S100_T200,LONG,2025-10-24 05:00:00+00:00,2025-10-24 09:00:00+00:00,25183.766,25227.005,25083.766,25383.766,timeout,4,43.2390000000014,85.7380000000028
HTF_60m_BR20_S100_T200,LONG,2025-10-24 06:00:00+00:00,2025-10-24 10:00:00+00:00,25198.108,25217.016,25098.108,25398.108,timeout,4,18.907999999999447,37.07599999999889
HTF_60m_BR20_S100_T200,LONG,2025-10-24 07:00:00+00:00,2025-10-24 11:00:00+00:00,25211.86,25224.461,25111.86,25411.86,timeout,4,12.600999999998749,24.4619999999975
HTF_60m_BR20_S100_T200,LONG,2025-10-24 13:00:00+00:00,2025-10-24 17:00:00+00:00,25311.717,25399.995,25211.717,25511.717,timeout,4,88.27799999999843,175.81599999999685
HTF_60m_BR20_S100_T200,LONG,2025-10-24 17:00:00+00:00,2025-10-26 22:00:00+00:00,25402.124,25602.124,25302.124,25602.124,target,4,200.0,399.26
HTF_60m_BR20_S100_T200,LONG,2025-10-26 23:00:00+00:00,2025-10-27 03:00:00+00:00,25578.041,25615.145,25478.041,25778.041,timeout,4,37.10399999999936,73.46799999999872
HTF_60m_BR20_S100_T200,LONG,2025-10-27 04:00:00+00:00,2025-10-27 08:00:00+00:00,25615.78,25656.611,25515.78,25815.78,timeout,4,40.83100000000195,80.9220000000039
HTF_60m_BR20_S100_T200,LONG,2025-10-27 06:00:00+00:00,2025-10-27 10:00:00+00:00,25638.622,25692.65,25538.622,25838.622,timeout,4,54.028000000002066,107.31600000000414
HTF_60m_BR20_S100_T200,LONG,2025-10-27 10:00:00+00:00,2025-10-27 14:00:00+00:00,25695.156,25711.29,25595.156,25895.156,timeout,4,16.134000000001834,31.52800000000367
HTF_60m_BR20_S100_T200,LONG,2025-10-27 16:00:00+00:00,2025-10-27 20:00:00+00:00,25748.151,25828.139,25648.151,25948.151,timeout,4,79.98799999999756,159.2359999999951
HTF_60m_BR20_S100_T200,LONG,2025-10-27 17:00:00+00:00,2025-10-27 22:00:00+00:00,25769.156,25853.245,25669.156,25969.156,timeout,4,84.08899999999994,167.43799999999987
HTF_60m_BR20_S100_T200,LONG,2025-10-27 18:00:00+00:00,2025-10-27 23:00:00+00:00,25781.772,25852.373,25681.772,25981.772,timeout,4,70.60099999999875,140.4619999999975
HTF_60m_BR20_S100_T200,LONG,2025-10-27 19:00:00+00:00,2025-10-28 00:00:00+00:00,25797.389,25832.896,25697.389,25997.389,timeout,4,35.507000000001426,70.27400000000286
HTF_60m_BR20_S100_T200,LONG,2025-10-27 20:00:00+00:00,2025-10-28 01:00:00+00:00,25816.547,25826.363,25716.547,26016.547,timeout,4,9.816000000002532,18.892000000005066
HTF_60m_BR20_S100_T200,LONG,2025-10-27 23:00:00+00:00,2025-10-28 03:00:00+00:00,25854.616,25839.353,25754.616,26054.616,timeout,4,-15.263000000002648,-31.266000000005295
HTF_60m_BR20_S100_T200,LONG,2025-10-28 14:00:00+00:00,2025-10-28 18:00:00+00:00,25923.386,26049.489,25823.386,26123.386,timeout,4,126.1030000000028,251.46600000000558
HTF_60m_BR20_S100_T200,LONG,2025-10-28 17:00:00+00:00,2025-10-28 22:00:00+00:00,25964.862,26029.624,25864.862,26164.862,timeout,4,64.7619999999988,128.7839999999976
HTF_60m_BR20_S100_T200,LONG,2025-10-28 18:00:00+00:00,2025-10-28 23:00:00+00:00,26009.539,26040.516,25909.539,26209.539,timeout,4,30.976999999998952,61.2139999999979
HTF_60m_BR20_S100_T200,LONG,2025-10-28 19:00:00+00:00,2025-10-29 00:00:00+00:00,26051.008,26031.758,25951.008,26251.008,timeout,4,-19.25,-39.24
HTF_60m_BR20_S100_T200,LONG,2025-10-29 03:00:00+00:00,2025-10-29 07:00:00+00:00,26097.613,26149.13,25997.613,26297.613,timeout,4,51.516999999999825,102.29399999999966
HTF_60m_BR20_S100_T200,LONG,2025-10-29 06:00:00+00:00,2025-10-29 10:00:00+00:00,26118.613,26106.635,26018.613,26318.613,timeout,4,-11.978000000002794,-24.696000000005586
HTF_60m_BR20_S100_T200,LONG,2025-10-29 07:00:00+00:00,2025-10-29 11:00:00+00:00,26139.119,26131.638,26039.119,26339.119,timeout,4,-7.480999999999767,-15.701999999999535
HTF_60m_BR20_S100_T200,LONG,2025-10-29 08:00:00+00:00,2025-10-29 12:00:00+00:00,26150.029,26117.234,26050.029,26350.029,timeout,4,-32.794999999998254,-66.3299999999965
HTF_60m_BR20_S100_T200,LONG,2025-10-29 14:00:00+00:00,2025-10-29 15:00:00+00:00,26177.869,26077.369,26077.869,26377.869,stop,1,-100.5,-201.74
HTF_60m_BR20_S100_T200,LONG,2025-10-30 04:00:00+00:00,2025-10-30 05:00:00+00:00,26237.88,26137.38,26137.88,26437.88,stop,1,-100.5,-201.74
HTF_60m_BR20_S100_T200,SHORT,2025-10-30 20:00:00+00:00,2025-10-30 22:00:00+00:00,25730.489,25830.989,25830.489,25530.489,stop,1,-100.5,-201.74
HTF_60m_BR20_S100_T200,LONG,2025-10-31 12:00:00+00:00,2025-10-31 13:00:00+00:00,26086.135,25985.635,25986.135,26286.135,stop,1,-100.5,-201.74
HTF_60m_BR20_S100_T200,LONG,2025-11-03 14:00:00+00:00,2025-11-03 15:00:00+00:00,26055.902,25955.402,25955.902,26255.902,stop,1,-100.5,-201.74
HTF_60m_BR20_S100_T200,SHORT,2025-11-04 03:00:00+00:00,2025-11-04 07:00:00+00:00,25811.972,25611.972,25911.972,25611.972,target,4,200.0,399.26
HTF_60m_BR20_S100_T200,SHORT,2025-11-04 04:00:00+00:00,2025-11-04 08:00:00+00:00,25798.391,25637.119,25898.391,25598.391,timeout,4,161.27200000000084,321.8040000000017
HTF_60m_BR20_S100_T200,SHORT,2025-11-04 05:00:00+00:00,2025-11-04 09:00:00+00:00,25794.234,25594.234,25894.234,25594.234,target,4,200.0,399.26
HTF_60m_BR20_S100_T200,SHORT,2025-11-04 06:00:00+00:00,2025-11-04 10:00:00+00:00,25692.168,25629.113,25792.168,25492.168,timeout,4,63.05500000000029,125.37000000000059
HTF_60m_BR20_S100_T200,SHORT,2025-11-04 07:00:00+00:00,2025-11-04 11:00:00+00:00,25645.116,25638.374,25745.116,25445.116,timeout,4,6.742000000002008,12.744000000004016
HTF_60m_BR20_S100_T200,SHORT,2025-11-04 10:00:00+00:00,2025-11-04 11:00:00+00:00,25543.624,25644.124,25643.624,25343.624,stop,1,-100.5,-201.74
HTF_60m_BR20_S100_T200,SHORT,2025-11-05 00:00:00+00:00,2025-11-05 01:00:00+00:00,25379.567,25179.567,25479.567,25179.567,target,1,200.0,399.26
HTF_60m_BR20_S100_T200,SHORT,2025-11-05 01:00:00+00:00,2025-11-05 03:00:00+00:00,25285.747,25386.247,25385.747,25085.747,stop,2,-100.5,-201.74
HTF_60m_BR20_S100_T200,SHORT,2025-11-05 02:00:00+00:00,2025-11-05 03:00:00+00:00,25213.485,25313.985,25313.485,25013.485,stop,1,-100.5,-201.74
HTF_60m_BR20_S100_T200,LONG,2025-11-05 16:00:00+00:00,2025-11-05 20:00:00+00:00,25598.255,25617.411,25498.255,25798.255,timeout,4,19.15599999999904,37.57199999999808
HTF_60m_BR20_S100_T200,LONG,2025-11-05 17:00:00+00:00,2025-11-05 21:00:00+00:00,25650.02,25580.226,25550.02,25850.02,timeout,4,-69.79400000000169,-140.32800000000339
HTF_60m_BR20_S100_T200,LONG,2025-11-05 18:00:00+00:00,2025-11-05 21:00:00+00:00,25688.851,25588.351,25588.851,25888.851,stop,3,-100.5,-201.74
HTF_60m_BR20_S100_T200,LONG,2025-11-05 19:00:00+00:00,2025-11-05 20:00:00+00:00,25741.784,25641.284,25641.784,25941.784,stop,1,-100.5,-201.74
HTF_60m_BR20_S100_T200,SHORT,2025-11-06 15:00:00+00:00,2025-11-06 16:00:00+00:00,25391.99,25191.99,25491.99,25191.99,target,1,200.0,399.26
HTF_60m_BR20_S100_T200,SHORT,2025-11-06 16:00:00+00:00,2025-11-06 19:00:00+00:00,25182.382,25282.882,25282.382,24982.382,stop,3,-100.5,-201.74
HTF_60m_BR20_S100_T200,SHORT,2025-11-06 17:00:00+00:00,2025-11-06 18:00:00+00:00,25102.185,25202.685,25202.185,24902.185,stop,1,-100.5,-201.74
HTF_60m_BR20_S100_T200,SHORT,2025-11-07 15:00:00+00:00,2025-11-07 16:00:00+00:00,24907.995,24707.995,25007.995,24707.995,target,1,200.0,399.26
HTF_60m_BR20_S100_T200,SHORT,2025-11-07 16:00:00+00:00,2025-11-07 18:00:00+00:00,24714.55,24815.05,24814.55,24514.55,stop,2,-100.5,-201.74
HTF_60m_BR20_S100_T200,SHORT,2025-11-07 17:00:00+00:00,2025-11-07 18:00:00+00:00,24637.912,24738.412,24737.912,24437.912,stop,1,-100.5,-201.74
HTF_60m_BR20_S100_T200,LONG,2025-11-10 02:00:00+00:00,2025-11-10 06:00:00+00:00,25323.836,25363.74,25223.836,25523.836,timeout,4,39.90400000000227,79.06800000000455
HTF_60m_BR20_S100_T200,LONG,2025-11-10 04:00:00+00:00,2025-11-10 08:00:00+00:00,25355.484,25426.995,25255.484,25555.484,timeout,4,71.5109999999986,142.2819999999972
HTF_60m_BR20_S100_T200,LONG,2025-11-10 09:00:00+00:00,2025-11-10 13:00:00+00:00,25428.646,25450.217,25328.646,25628.646,timeout,4,21.570999999999913,42.40199999999982
HTF_60m_BR20_S100_T200,LONG,2025-11-10 10:00:00+00:00,2025-11-10 14:00:00+00:00,25449.908,25532.528,25349.908,25649.908,timeout,4,82.61999999999898,164.49999999999795
HTF_60m_BR20_S100_T200,LONG,2025-11-10 15:00:00+00:00,2025-11-10 16:00:00+00:00,25533.747,25433.247,25433.747,25733.747,stop,1,-100.5,-201.74
HTF_60m_BR20_S100_T200,LONG,2025-11-10 20:00:00+00:00,2025-11-11 01:00:00+00:00,25598.18,25642.294,25498.18,25798.18,timeout,4,44.1140000000014,87.4880000000028
HTF_60m_BR20_S100_T200,SHORT,2025-11-11 16:00:00+00:00,2025-11-11 17:00:00+00:00,25408.986,25509.486,25508.986,25208.986,stop,1,-100.5,-201.74
HTF_60m_BR20_S100_T200,LONG,2025-11-12 07:00:00+00:00,2025-11-12 11:00:00+00:00,25668.727,25632.889,25568.727,25868.727,timeout,4,-35.83799999999974,-72.41599999999947
HTF_60m_BR20_S100_T200,LONG,2025-11-12 08:00:00+00:00,2025-11-12 12:00:00+00:00,25678.73,25688.763,25578.73,25878.73,timeout,4,10.032999999999447,19.325999999998896
HTF_60m_BR20_S100_T200,LONG,2025-11-12 10:00:00+00:00,2025-11-12 14:00:00+00:00,25716.872,25616.372,25616.872,25916.872,stop,4,-100.5,-201.74
HTF_60m_BR20_S100_T200,SHORT,2025-11-12 16:00:00+00:00,2025-11-12 20:00:00+00:00,25453.601,25523.886,25553.601,25253.601,timeout,4,-70.28499999999985,-141.30999999999972
HTF_60m_BR20_S100_T200,SHORT,2025-11-13 15:00:00+00:00,2025-11-13 16:00:00+00:00,25283.159,25083.159,25383.159,25083.159,target,1,200.0,399.26
HTF_60m_BR20_S100_T200,SHORT,2025-11-13 16:00:00+00:00,2025-11-13 18:00:00+00:00,25158.206,24958.206,25258.206,24958.206,target,2,200.0,399.26
HTF_60m_BR20_S100_T200,SHORT,2025-11-13 17:00:00+00:00,2025-11-13 21:00:00+00:00,25092.12,25056.64,25192.12,24892.12,timeout,4,35.47999999999956,70.21999999999913
HTF_60m_BR20_S100_T200,SHORT,2025-11-13 18:00:00+00:00,2025-11-13 23:00:00+00:00,25037.224,25015.136,25137.224,24837.224,timeout,4,22.087999999999738,43.435999999999474
HTF_60m_BR20_S100_T200,SHORT,2025-11-13 19:00:00+00:00,2025-11-14 00:00:00+00:00,24974.451,25012.863,25074.451,24774.451,timeout,4,-38.41200000000026,-77.56400000000052
HTF_60m_BR20_S100_T200,SHORT,2025-11-14 12:00:00+00:00,2025-11-14 14:00:00+00:00,24733.863,24834.363,24833.863,24533.863,stop,2,-100.5,-201.74
HTF_60m_BR20_S100_T200,SHORT,2025-11-14 13:00:00+00:00,2025-11-14 14:00:00+00:00,24627.989,24728.489,24727.989,24427.989,stop,1,-100.5,-201.74
HTF_60m_BR20_S100_T200,LONG,2025-11-14 17:00:00+00:00,2025-11-14 18:00:00+00:00,25157.997,25057.497,25057.997,25357.997,stop,1,-100.5,-201.74
HTF_60m_BR20_S100_T200,LONG,2025-11-17 08:00:00+00:00,2025-11-17 10:00:00+00:00,25227.358,25126.858,25127.358,25427.358,stop,2,-100.5,-201.74
HTF_60m_BR20_S100_T200,LONG,2025-11-17 09:00:00+00:00,2025-11-17 10:00:00+00:00,25269.245,25168.745,25169.245,25469.245,stop,1,-100.5,-201.74
HTF_60m_BR20_S100_T200,SHORT,2025-11-17 19:00:00+00:00,2025-11-18 00:00:00+00:00,24807.868,24769.597,24907.868,24607.868,timeout,4,38.270999999997,75.80199999999401
HTF_60m_BR20_S100_T200,SHORT,2025-11-17 20:00:00+00:00,2025-11-17 21:00:00+00:00,24669.703,24770.203,24769.703,24469.703,stop,1,-100.5,-201.74
HTF_60m_BR20_S100_T200,SHORT,2025-11-18 05:00:00+00:00,2025-11-18 08:00:00+00:00,24645.745,24746.245,24745.745,24445.745,stop,3,-100.5,-201.74
HTF_60m_BR20_S100_T200,SHORT,2025-11-18 15:00:00+00:00,2025-11-18 16:00:00+00:00,24436.87,24537.37,24536.87,24236.87,stop,1,-100.5,-201.74
HTF_60m_BR20_S100_T200,SHORT,2025-11-18 16:00:00+00:00,2025-11-18 17:00:00+00:00,24373.641,24474.141,24473.641,24173.641,stop,1,-100.5,-201.74
HTF_60m_BR20_S100_T200,LONG,2025-11-19 15:00:00+00:00,2025-11-19 16:00:00+00:00,24813.976,24713.476,24713.976,25013.976,stop,1,-100.5,-201.74
HTF_60m_BR20_S100_T200,LONG,2025-11-20 00:00:00+00:00,2025-11-20 04:00:00+00:00,25024.992,25103.424,24924.992,25224.992,timeout,4,78.4320000000007,156.1240000000014
HTF_60m_BR20_S100_T200,LONG,2025-11-20 01:00:00+00:00,2025-11-20 05:00:00+00:00,25044.635,25084.88,24944.635,25244.635,timeout,4,40.24500000000262,79.75000000000524
HTF_60m_BR20_S100_T200,LONG,2025-11-20 03:00:00+00:00,2025-11-20 07:00:00+00:00,25085.516,25066.607,24985.516,25285.516,timeout,4,-18.90899999999965,-38.5579999999993
HTF_60m_BR20_S100_T200,LONG,2025-11-20 14:00:00+00:00,2025-11-20 16:00:00+00:00,25147.647,25047.147,25047.647,25347.647,stop,2,-100.5,-201.74
HTF_60m_BR20_S100_T200,LONG,2025-11-20 15:00:00+00:00,2025-11-20 16:00:00+00:00,25191.362,25090.862,25091.362,25391.362,stop,1,-100.5,-201.74
HTF_60m_BR20_S100_T200,SHORT,2025-11-20 17:00:00+00:00,2025-11-20 18:00:00+00:00,24472.85,24272.85,24572.85,24272.85,target,1,200.0,399.26
HTF_60m_BR20_S100_T200,SHORT,2025-11-20 18:00:00+00:00,2025-11-20 20:00:00+00:00,24316.677,24116.677,24416.677,24116.677,target,2,200.0,399.26
HTF_60m_BR20_S100_T200,SHORT,2025-11-20 19:00:00+00:00,2025-11-20 20:00:00+00:00,24199.672,24300.172,24299.672,23999.672,stop,1,-100.5,-201.74
HTF_60m_BR20_S100_T200,SHORT,2025-11-20 21:00:00+00:00,2025-11-21 01:00:00+00:00,24057.22,24157.72,24157.22,23857.22,stop,3,-100.5,-201.74
HTF_60m_BR20_S100_T200,LONG,2025-11-21 19:00:00+00:00,2025-11-21 20:00:00+00:00,24404.04,24303.54,24304.04,24604.04,stop,1,-100.5,-201.74
HTF_60m_BR20_S100_T200,LONG,2025-11-24 15:00:00+00:00,2025-11-24 16:00:00+00:00,24613.772,24813.772,24513.772,24813.772,target,1,200.0,399.26
HTF_60m_BR20_S100_T200,LONG,2025-11-24 16:00:00+00:00,2025-11-24 20:00:00+00:00,24708.787,24908.787,24608.787,24908.787,target,4,200.0,399.26
HTF_60m_BR20_S100_T200,LONG,2025-11-24 17:00:00+00:00,2025-11-24 21:00:00+00:00,24777.293,24887.99,24677.293,24977.293,timeout,4,110.69700000000012,220.65400000000022
HTF_60m_BR20_S100_T200,LONG,2025-11-24 18:00:00+00:00,2025-11-24 23:00:00+00:00,24849.607,24890.717,24749.607,25049.607,timeout,4,41.11000000000058,81.48000000000117
HTF_60m_BR20_S100_T200,SHORT,2025-11-25 15:00:00+00:00,2025-11-25 17:00:00+00:00,24748.715,24849.215,24848.715,24548.715,stop,2,-100.5,-201.74
HTF_60m_BR20_S100_T200,LONG,2025-11-25 21:00:00+00:00,2025-11-26 02:00:00+00:00,25012.347,25120.652,24912.347,25212.347,timeout,4,108.30499999999665,215.8699999999933
HTF_60m_BR20_S100_T200,LONG,2025-11-26 02:00:00+00:00,2025-11-26 06:00:00+00:00,25105.646,25149.866,25005.646,25305.646,timeout,4,44.220000000001164,87.70000000000233
HTF_60m_BR20_S100_T200,LONG,2025-11-26 03:00:00+00:00,2025-11-26 07:00:00+00:00,25122.005,25151.023,25022.005,25322.005,timeout,4,29.01800000000003,57.296000000000056
HTF_60m_BR20_S100_T200,LONG,2025-11-26 06:00:00+00:00,2025-11-26 10:00:00+00:00,25139.74,25135.745,25039.74,25339.74,timeout,4,-3.9950000000026193,-8.730000000005239
HTF_60m_BR20_S100_T200,LONG,2025-11-26 07:00:00+00:00,2025-11-26 11:00:00+00:00,25151.75,25117.79,25051.75,25351.75,timeout,4,-33.95999999999913,-68.65999999999825
HTF_60m_BR20_S100_T200,LONG,2025-11-26 17:00:00+00:00,2025-11-26 21:00:00+00:00,25289.984,25250.701,25189.984,25489.984,timeout,4,-39.28299999999945,-79.30599999999889
HTF_60m_BR20_S100_T200,LONG,2025-11-28 01:00:00+00:00,2025-11-28 14:00:00+00:00,25287.161,25314.408,25187.161,25487.161,timeout,4,27.24699999999939,53.753999999998776
HTF_60m_BR20_S100_T200,LONG,2025-11-28 14:00:00+00:00,2025-11-28 18:00:00+00:00,25317.531,25421.531,25217.531,25517.531,timeout,4,104.0,207.26
HTF_60m_BR20_S100_T200,LONG,2025-11-28 17:00:00+00:00,2025-12-01 00:00:00+00:00,25370.859,25270.359,25270.859,25570.859,stop,3,-100.5,-201.74
HTF_60m_BR20_S100_T200,LONG,2025-11-28 18:00:00+00:00,2025-12-01 00:00:00+00:00,25430.319,25329.819,25330.319,25630.319,stop,2,-100.5,-201.74
HTF_60m_BR20_S100_T200,SHORT,2025-12-01 04:00:00+00:00,2025-12-01 08:00:00+00:00,25208.124,25257.745,25308.124,25008.124,timeout,4,-49.620999999999185,-99.98199999999837
HTF_60m_BR20_S100_T200,SHORT,2025-12-01 05:00:00+00:00,2025-12-01 08:00:00+00:00,25179.663,25280.163,25279.663,24979.663,stop,3,-100.5,-201.74
HTF_60m_BR20_S100_T200,LONG,2025-12-02 15:00:00+00:00,2025-12-02 16:00:00+00:00,25550.358,25449.858,25450.358,25750.358,stop,1,-100.5,-201.74
HTF_60m_BR20_S100_T200,LONG,2025-12-02 16:00:00+00:00,2025-12-02 17:00:00+00:00,25600.734,25500.234,25500.734,25800.734,stop,1,-100.5,-201.74
HTF_60m_BR20_S100_T200,LONG,2025-12-04 10:00:00+00:00,2025-12-04 14:00:00+00:00,25641.745,25541.245,25541.745,25841.745,stop,4,-100.5,-201.74
HTF_60m_BR20_S100_T200,LONG,2025-12-05 15:00:00+00:00,2025-12-05 16:00:00+00:00,25751.478,25650.978,25651.478,25951.478,stop,1,-100.5,-201.74
HTF_60m_BR20_S100_T200,SHORT,2025-12-08 16:00:00+00:00,2025-12-08 20:00:00+00:00,25626.683,25633.492,25726.683,25426.683,timeout,4,-6.808999999997468,-14.357999999994936
HTF_60m_BR20_S100_T200,SHORT,2025-12-08 17:00:00+00:00,2025-12-08 21:00:00+00:00,25602.962,25624.804,25702.962,25402.962,timeout,4,-21.842000000000553,-44.42400000000111
HTF_60m_BR20_S100_T200,SHORT,2025-12-08 19:00:00+00:00,2025-12-08 23:00:00+00:00,25556.47,25656.97,25656.47,25356.47,stop,3,-100.5,-201.74
HTF_60m_BR20_S100_T200,SHORT,2025-12-10 16:00:00+00:00,2025-12-10 17:00:00+00:00,25536.719,25637.219,25636.719,25336.719,stop,1,-100.5,-201.74
HTF_60m_BR20_S100_T200,LONG,2025-12-10 20:00:00+00:00,2025-12-10 23:00:00+00:00,25794.605,25694.105,25694.605,25994.605,stop,2,-100.5,-201.74
HTF_60m_BR20_S100_T200,SHORT,2025-12-11 04:00:00+00:00,2025-12-11 08:00:00+00:00,25459.363,25511.0,25559.363,25259.363,timeout,4,-51.63699999999881,-104.01399999999761
HTF_60m_BR20_S100_T200,LONG,2025-12-11 23:00:00+00:00,2025-12-12 03:00:00+00:00,25689.13,25651.113,25589.13,25889.13,timeout,4,-38.016999999999825,-76.77399999999965
HTF_60m_BR20_S100_T200,SHORT,2025-12-12 16:00:00+00:00,2025-12-12 18:00:00+00:00,25225.588,25326.088,25325.588,25025.588,stop,2,-100.5,-201.74
HTF_60m_BR20_S100_T200,SHORT,2025-12-12 17:00:00+00:00,2025-12-12 18:00:00+00:00,25158.338,25258.838,25258.338,24958.338,stop,1,-100.5,-201.74
HTF_60m_BR20_S100_T200,LONG,2025-12-15 14:00:00+00:00,2025-12-15 15:00:00+00:00,25367.641,25267.141,25267.641,25567.641,stop,1,-100.5,-201.74
HTF_60m_BR20_S100_T200,SHORT,2025-12-16 01:00:00+00:00,2025-12-16 05:00:00+00:00,24984.972,24847.124,25084.972,24784.972,timeout,4,137.84800000000178,274.95600000000354
HTF_60m_BR20_S100_T200,SHORT,2025-12-16 02:00:00+00:00,2025-12-16 06:00:00+00:00,24885.0,24867.234,24985.0,24685.0,timeout,4,17.76599999999962,34.79199999999924
HTF_60m_BR20_S100_T200,LONG,2025-12-17 10:00:00+00:00,2025-12-17 14:00:00+00:00,25215.878,25115.378,25115.878,25415.878,stop,4,-100.5,-201.74
HTF_60m_BR20_S100_T200,LONG,2025-12-17 11:00:00+00:00,2025-12-17 14:00:00+00:00,25235.113,25134.613,25135.113,25435.113,stop,3,-100.5,-201.74
HTF_60m_BR20_S100_T200,LONG,2025-12-17 12:00:00+00:00,2025-12-17 14:00:00+00:00,25246.108,25145.608,25146.108,25446.108,stop,2,-100.5,-201.74
HTF_60m_BR20_S100_T200,SHORT,2025-12-17 16:00:00+00:00,2025-12-17 20:00:00+00:00,24817.388,24653.662,24917.388,24617.388,timeout,4,163.72599999999875,326.7119999999975
HTF_60m_BR20_S100_T200,SHORT,2025-12-17 19:00:00+00:00,2025-12-18 00:00:00+00:00,24723.567,24752.363,24823.567,24523.567,timeout,4,-28.796000000002095,-58.33200000000419
HTF_60m_BR20_S100_T200,SHORT,2025-12-17 21:00:00+00:00,2025-12-17 23:00:00+00:00,24652.43,24752.93,24752.43,24452.43,stop,1,-100.5,-201.74
HTF_60m_BR20_S100_T200,LONG,2025-12-18 14:00:00+00:00,2025-12-18 18:00:00+00:00,24988.862,25094.709,24888.862,25188.862,timeout,4,105.84699999999793,210.95399999999586
HTF_60m_BR20_S100_T200,LONG,2025-12-18 15:00:00+00:00,2025-12-18 19:00:00+00:00,25041.74,24968.646,24941.74,25241.74,timeout,4,-73.09400000000096,-146.92800000000193
HTF_60m_BR20_S100_T200,LONG,2025-12-18 16:00:00+00:00,2025-12-18 17:00:00+00:00,25120.533,25020.033,25020.533,25320.533,stop,1,-100.5,-201.74
HTF_60m_BR20_S100_T200,LONG,2025-12-19 15:00:00+00:00,2025-12-19 16:00:00+00:00,25323.467,25222.967,25223.467,25523.467,stop,1,-100.5,-201.74
HTF_60m_BR20_S100_T200,LONG,2025-12-22 00:00:00+00:00,2025-12-22 04:00:00+00:00,25433.022,25443.336,25333.022,25633.022,timeout,4,10.313999999998487,19.887999999996975
HTF_60m_BR20_S100_T200,LONG,2025-12-22 02:00:00+00:00,2025-12-22 06:00:00+00:00,25452.641,25452.608,25352.641,25652.641,timeout,4,-0.03299999999944703,-0.805999999998894
HTF_60m_BR20_S100_T200,LONG,2025-12-22 08:00:00+00:00,2025-12-22 12:00:00+00:00,25466.374,25499.13,25366.374,25666.374,timeout,4,32.75600000000122,64.77200000000245
HTF_60m_BR20_S100_T200,LONG,2025-12-22 13:00:00+00:00,2025-12-22 15:00:00+00:00,25501.149,25400.649,25401.149,25701.149,stop,2,-100.5,-201.74
HTF_60m_BR20_S100_T200,LONG,2025-12-22 14:00:00+00:00,2025-12-22 15:00:00+00:00,25516.728,25416.228,25416.728,25716.728,stop,1,-100.5,-201.74
HTF_60m_BR20_S100_T200,LONG,2025-12-23 17:00:00+00:00,2025-12-23 21:00:00+00:00,25542.112,25578.164,25442.112,25742.112,timeout,4,36.05199999999968,71.36399999999936
HTF_60m_BR20_S100_T200,LONG,2025-12-23 20:00:00+00:00,2025-12-24 02:00:00+00:00,25564.507,25568.186,25464.507,25764.507,timeout,4,3.6790000000000873,6.618000000000174
HTF_60m_BR20_S100_T200,LONG,2025-12-23 21:00:00+00:00,2025-12-24 03:00:00+00:00,25580.786,25571.2,25480.786,25780.786,timeout,4,-9.58599999999933,-19.91199999999866
HTF_60m_BR20_S100_T200,LONG,2025-12-24 16:00:00+00:00,2025-12-26 01:00:00+00:00,25604.673,25670.418,25504.673,25804.673,timeout,4,65.74500000000262,130.75000000000523
HTF_60m_BR20_S100_T200,LONG,2025-12-24 18:00:00+00:00,2025-12-26 02:00:00+00:00,25652.929,25676.863,25552.929,25852.929,timeout,4,23.934000000001106,47.12800000000221
HTF_60m_BR20_S100_T200,LONG,2025-12-26 00:00:00+00:00,2025-12-26 04:00:00+00:00,25669.461,25659.377,25569.461,25869.461,timeout,4,-10.083999999998923,-20.907999999997845
HTF_60m_BR20_S100_T200,LONG,2025-12-26 01:00:00+00:00,2025-12-26 05:00:00+00:00,25685.34,25656.38,25585.34,25885.34,timeout,4,-28.959999999999127,-58.659999999998256
HTF_60m_BR20_S100_T200,SHORT,2025-12-29 06:00:00+00:00,2025-12-29 10:00:00+00:00,25604.272,25531.886,25704.272,25404.272,timeout,4,72.38600000000224,144.03200000000447
HTF_60m_BR20_S100_T200,SHORT,2025-12-29 07:00:00+00:00,2025-12-29 11:00:00+00:00,25599.794,25555.891,25699.794,25399.794,timeout,4,43.903000000002066,87.06600000000414
HTF_60m_BR20_S100_T200,SHORT,2025-12-29 08:00:00+00:00,2025-12-29 12:00:00+00:00,25583.616,25531.486,25683.616,25383.616,timeout,4,52.13000000000102,103.52000000000204
HTF_60m_BR20_S100_T200,SHORT,2025-12-29 09:00:00+00:00,2025-12-29 13:00:00+00:00,25528.118,25478.869,25628.118,25328.118,timeout,4,49.248999999999796,97.7579999999996
HTF_60m_BR20_S100_T200,SHORT,2025-12-29 14:00:00+00:00,2025-12-29 18:00:00+00:00,25478.624,25483.19,25578.624,25278.624,timeout,4,-4.565999999998894,-9.871999999997788
HTF_60m_BR20_S100_T200,SHORT,2025-12-31 00:00:00+00:00,2025-12-31 04:00:00+00:00,25450.149,25410.624,25550.149,25250.149,timeout,4,39.525000000001455,78.31000000000292
HTF_60m_BR20_S100_T200,SHORT,2025-12-31 01:00:00+00:00,2025-12-31 05:00:00+00:00,25407.913,25393.624,25507.913,25207.913,timeout,4,14.28900000000067,27.83800000000134
HTF_60m_BR20_S100_T200,SHORT,2025-12-31 09:00:00+00:00,2025-12-31 13:00:00+00:00,25349.255,25449.755,25449.255,25149.255,stop,4,-100.5,-201.74
HTF_60m_BR20_S100_T200,SHORT,2025-12-31 20:00:00+00:00,2026-01-02 01:00:00+00:00,25331.008,25357.294,25431.008,25131.008,timeout,4,-26.286000000000058,-53.31200000000012
HTF_60m_BR20_S100_T200,SHORT,2025-12-31 21:00:00+00:00,2026-01-02 01:00:00+00:00,25249.058,25349.558,25349.058,25049.058,stop,3,-100.5,-201.74
HTF_60m_BR20_S100_T200,LONG,2026-01-02 10:00:00+00:00,2026-01-02 14:00:00+00:00,25533.619,25536.217,25433.619,25733.619,timeout,4,2.5980000000017753,4.4560000000035505
HTF_60m_BR20_S100_T200,SHORT,2026-01-02 16:00:00+00:00,2026-01-02 20:00:00+00:00,25183.467,25200.157,25283.467,24983.467,timeout,4,-16.68999999999869,-34.11999999999738
HTF_60m_BR20_S100_T200,SHORT,2026-01-02 17:00:00+00:00,2026-01-02 19:00:00+00:00,25154.703,25255.203,25254.703,24954.703,stop,2,-100.5,-201.74
HTF_60m_BR20_S100_T200,LONG,2026-01-06 15:00:00+00:00,2026-01-06 16:00:00+00:00,25571.886,25471.386,25471.886,25771.886,stop,1,-100.5,-201.74
HTF_60m_BR20_S100_T200,LONG,2026-01-06 19:00:00+00:00,2026-01-07 00:00:00+00:00,25620.831,25646.869,25520.831,25820.831,timeout,4,26.038000000000466,51.33600000000093
HTF_60m_BR20_S100_T200,LONG,2026-01-06 20:00:00+00:00,2026-01-07 01:00:00+00:00,25623.671,25634.245,25523.671,25823.671,timeout,4,10.574000000000524,20.40800000000105
HTF_60m_BR20_S100_T200,LONG,2026-01-07 15:00:00+00:00,2026-01-07 19:00:00+00:00,25677.757,25723.317,25577.757,25877.757,timeout,4,45.55999999999767,90.37999999999535
HTF_60m_BR20_S100_T200,LONG,2026-01-07 16:00:00+00:00,2026-01-07 20:00:00+00:00,25728.838,25653.794,25628.838,25928.838,timeout,4,-75.04399999999805,-150.8279999999961
HTF_60m_BR20_S100_T200,LONG,2026-01-07 17:00:00+00:00,2026-01-07 20:00:00+00:00,25788.949,25688.449,25688.949,25988.949,stop,3,-100.5,-201.74
HTF_60m_BR20_S100_T200,SHORT,2026-01-08 07:00:00+00:00,2026-01-08 11:00:00+00:00,25529.728,25593.908,25629.728,25329.728,timeout,4,-64.18000000000029,-129.1000000000006
HTF_60m_BR20_S100_T200,SHORT,2026-01-08 15:00:00+00:00,2026-01-08 17:00:00+00:00,25427.635,25528.135,25527.635,25227.635,stop,2,-100.5,-201.74
HTF_60m_BR20_S100_T200,LONG,2026-01-09 14:00:00+00:00,2026-01-09 15:00:00+00:00,25633.663,25533.163,25533.663,25833.663,stop,1,-100.5,-201.74
HTF_60m_BR20_S100_T200,LONG,2026-01-09 17:00:00+00:00,2026-01-09 21:00:00+00:00,25737.667,25761.158,25637.667,25937.667,timeout,4,23.490999999998166,46.24199999999633
HTF_60m_BR20_S100_T200,LONG,2026-01-09 18:00:00+00:00,2026-01-11 23:00:00+00:00,25750.113,25724.397,25650.113,25950.113,timeout,4,-25.71600000000035,-52.1720000000007
HTF_60m_BR20_S100_T200,LONG,2026-01-09 19:00:00+00:00,2026-01-12 00:00:00+00:00,25788.487,25687.987,25688.487,25988.487,stop,4,-100.5,-201.74
HTF_60m_BR20_S100_T200,LONG,2026-01-12 19:00:00+00:00,2026-01-13 00:00:00+00:00,25811.385,25710.885,25711.385,26011.385,stop,4,-100.5,-201.74
HTF_60m_BR20_S100_T200,LONG,2026-01-12 20:00:00+00:00,2026-01-12 23:00:00+00:00,25847.88,25747.38,25747.88,26047.88,stop,2,-100.5,-201.74
HTF_60m_BR20_S100_T200,SHORT,2026-01-14 11:00:00+00:00,2026-01-14 15:00:00+00:00,25573.505,25373.505,25673.505,25373.505,target,4,200.0,399.26
HTF_60m_BR20_S100_T200,SHORT,2026-01-14 15:00:00+00:00,2026-01-14 19:00:00+00:00,25421.516,25340.018,25521.516,25221.516,timeout,4,81.49799999999959,162.25599999999918
HTF_60m_BR20_S100_T200,SHORT,2026-01-14 16:00:00+00:00,2026-01-14 20:00:00+00:00,25332.069,25432.569,25432.069,25132.069,stop,4,-100.5,-201.74
HTF_60m_BR20_S100_T200,SHORT,2026-01-14 17:00:00+00:00,2026-01-14 20:00:00+00:00,25300.135,25400.635,25400.135,25100.135,stop,3,-100.5,-201.74
HTF_60m_BR20_S100_T200,LONG,2026-01-15 10:00:00+00:00,2026-01-15 14:00:00+00:00,25653.239,25703.484,25553.239,25853.239,timeout,4,50.24499999999898,99.74999999999797
HTF_60m_BR20_S100_T200,LONG,2026-01-15 12:00:00+00:00,2026-01-15 16:00:00+00:00,25682.619,25759.851,25582.619,25882.619,timeout,4,77.23199999999997,153.72399999999993
HTF_60m_BR20_S100_T200,LONG,2026-01-15 14:00:00+00:00,2026-01-15 18:00:00+00:00,25734.753,25722.645,25634.753,25934.753,timeout,4,-12.108000000000175,-24.956000000000348
HTF_60m_BR20_S100_T200,SHORT,2026-01-19 00:00:00+00:00,2026-01-19 04:00:00+00:00,25308.651,25223.645,25408.651,25108.651,timeout,4,85.00600000000122,169.27200000000244
HTF_60m_BR20_S100_T200,SHORT,2026-01-19 08:00:00+00:00,2026-01-19 12:00:00+00:00,25195.635,25172.662,25295.635,24995.635,timeout,4,22.972999999998137,45.20599999999627
HTF_60m_BR20_S100_T200,SHORT,2026-01-19 10:00:00+00:00,2026-01-19 14:00:00+00:00,25123.434,25160.145,25223.434,24923.434,timeout,4,-36.71099999999933,-74.16199999999866
HTF_60m_BR20_S100_T200,SHORT,2026-01-20 09:00:00+00:00,2026-01-20 13:00:00+00:00,25048.984,25061.88,25148.984,24848.984,timeout,4,-12.89600000000064,-26.53200000000128
HTF_60m_BR20_S100_T200,SHORT,2026-01-20 10:00:00+00:00,2026-01-20 12:00:00+00:00,24982.734,25083.234,25082.734,24782.734,stop,2,-100.5,-201.74
HTF_60m_BR20_S100_T200,SHORT,2026-01-21 12:00:00+00:00,2026-01-21 14:00:00+00:00,24903.84,25004.34,25003.84,24703.84,stop,2,-100.5,-201.74
HTF_60m_BR20_S100_T200,LONG,2026-01-21 16:00:00+00:00,2026-01-21 17:00:00+00:00,25327.419,25226.919,25227.419,25527.419,stop,1,-100.5,-201.74
HTF_60m_BR20_S100_T200,LONG,2026-01-21 20:00:00+00:00,2026-01-21 21:00:00+00:00,25491.738,25391.238,25391.738,25691.738,stop,1,-100.5,-201.74
HTF_60m_BR20_S100_T200,LONG,2026-01-22 09:00:00+00:00,2026-01-22 13:00:00+00:00,25542.836,25593.952,25442.836,25742.836,timeout,4,51.116000000001804,101.49200000000361
HTF_60m_BR20_S100_T200,LONG,2026-01-22 14:00:00+00:00,2026-01-22 15:00:00+00:00,25595.041,25494.541,25495.041,25795.041,stop,1,-100.5,-201.74
HTF_60m_BR20_S100_T200,LONG,2026-01-23 16:00:00+00:00,2026-01-23 17:00:00+00:00,25692.374,25591.874,25592.374,25892.374,stop,1,-100.5,-201.74
HTF_60m_BR20_S100_T200,LONG,2026-01-26 15:00:00+00:00,2026-01-26 19:00:00+00:00,25708.222,25747.982,25608.222,25908.222,timeout,4,39.7599999999984,78.7799999999968
HTF_60m_BR20_S100_T200,LONG,2026-01-26 16:00:00+00:00,2026-01-26 20:00:00+00:00,25749.932,25712.909,25649.932,25949.932,timeout,4,-37.02300000000105,-74.78600000000209
HTF_60m_BR20_S100_T200,LONG,2026-01-26 17:00:00+00:00,2026-01-26 21:00:00+00:00,25773.78,25723.367,25673.78,25973.78,timeout,4,-50.413000000000466,-101.56600000000093
HTF_60m_BR20_S100_T200,LONG,2026-01-27 03:00:00+00:00,2026-01-27 07:00:00+00:00,25843.135,25877.636,25743.135,26043.135,timeout,4,34.501000000000204,68.26200000000041
HTF_60m_BR20_S100_T200,LONG,2026-01-27 04:00:00+00:00,2026-01-27 08:00:00+00:00,25849.136,25856.136,25749.136,26049.136,timeout,4,7.0,13.26
HTF_60m_BR20_S100_T200,LONG,2026-01-27 05:00:00+00:00,2026-01-27 09:00:00+00:00,25862.397,25845.869,25762.397,26062.397,timeout,4,-16.528000000002066,-33.796000000004135
HTF_60m_BR20_S100_T200,LONG,2026-01-27 06:00:00+00:00,2026-01-27 10:00:00+00:00,25880.902,25877.722,25780.902,26080.902,timeout,4,-3.179999999996653,-7.099999999993306
HTF_60m_BR20_S100_T200,LONG,2026-01-27 12:00:00+00:00,2026-01-27 14:00:00+00:00,25902.489,25801.989,25802.489,26102.489,stop,2,-100.5,-201.74
HTF_60m_BR20_S100_T200,LONG,2026-01-27 15:00:00+00:00,2026-01-27 19:00:00+00:00,25925.989,25960.675,25825.989,26125.989,timeout,4,34.685999999997875,68.63199999999576
HTF_60m_BR20_S100_T200,LONG,2026-01-27 16:00:00+00:00,2026-01-27 20:00:00+00:00,25947.882,25943.587,25847.882,26147.882,timeout,4,-4.295000000001892,-9.330000000003784
HTF_60m_BR20_S100_T200,LONG,2026-01-28 00:00:00+00:00,2026-01-28 04:00:00+00:00,26010.217,26090.863,25910.217,26210.217,timeout,4,80.64600000000064,160.55200000000127
HTF_60m_BR20_S100_T200,LONG,2026-01-28 01:00:00+00:00,2026-01-28 05:00:00+00:00,26079.597,26116.408,25979.597,26279.597,timeout,4,36.810999999997875,72.88199999999576
HTF_60m_BR20_S100_T200,LONG,2026-01-28 06:00:00+00:00,2026-01-28 10:00:00+00:00,26134.624,26187.402,26034.624,26334.624,timeout,4,52.77799999999843,104.81599999999686
HTF_60m_BR20_S100_T200,LONG,2026-01-28 07:00:00+00:00,2026-01-28 11:00:00+00:00,26174.212,26189.391,26074.212,26374.212,timeout,4,15.179000000000087,29.618000000000176
HTF_60m_BR20_S100_T200,SHORT,2026-01-29 15:00:00+00:00,2026-01-29 16:00:00+00:00,25736.733,25536.733,25836.733,25536.733,target,1,200.0,399.26
HTF_60m_BR20_S100_T200,SHORT,2026-01-29 16:00:00+00:00,2026-01-29 17:00:00+00:00,25451.936,25552.436,25551.936,25251.936,stop,1,-100.5,-201.74
HTF_60m_BR20_S100_T200,SHORT,2026-02-02 00:00:00+00:00,2026-02-02 01:00:00+00:00,25418.49,25518.99,25518.49,25218.49,stop,1,-100.5,-201.74
HTF_60m_BR20_S100_T200,SHORT,2026-02-02 03:00:00+00:00,2026-02-02 07:00:00+00:00,25254.124,25236.103,25354.124,25054.124,timeout,4,18.02100000000064,35.30200000000128
HTF_60m_BR20_S100_T200,SHORT,2026-02-02 04:00:00+00:00,2026-02-02 08:00:00+00:00,25166.603,25267.103,25266.603,24966.603,stop,4,-100.5,-201.74
HTF_60m_BR20_S100_T200,LONG,2026-02-02 16:00:00+00:00,2026-02-02 20:00:00+00:00,25727.239,25741.357,25627.239,25927.239,timeout,4,14.117999999998574,27.49599999999715
HTF_60m_BR20_S100_T200,LONG,2026-02-02 18:00:00+00:00,2026-02-02 20:00:00+00:00,25812.299,25711.799,25712.299,26012.299,stop,2,-100.5,-201.74
HTF_60m_BR20_S100_T200,LONG,2026-02-03 00:00:00+00:00,2026-02-03 04:00:00+00:00,25838.472,25869.091,25738.472,26038.472,timeout,4,30.618999999998778,60.49799999999755
HTF_60m_BR20_S100_T200,LONG,2026-02-03 08:00:00+00:00,2026-02-03 12:00:00+00:00,25902.806,25871.7,25802.806,26102.806,timeout,4,-31.105999999999767,-62.951999999999536
HTF_60m_BR20_S100_T200,SHORT,2026-02-03 15:00:00+00:00,2026-02-03 17:00:00+00:00,25520.613,25320.613,25620.613,25320.613,target,2,200.0,399.26
HTF_60m_BR20_S100_T200,SHORT,2026-02-03 16:00:00+00:00,2026-02-03 17:00:00+00:00,25508.755,25308.755,25608.755,25308.755,target,1,200.0,399.26
HTF_60m_BR20_S100_T200,SHORT,2026-02-03 18:00:00+00:00,2026-02-03 23:00:00+00:00,25277.222,25324.233,25377.222,25077.222,timeout,4,-47.0109999999986,-94.7619999999972
HTF_60m_BR20_S100_T200,SHORT,2026-02-03 19:00:00+00:00,2026-02-03 20:00:00+00:00,25138.727,25239.227,25238.727,24938.727,stop,1,-100.5,-201.74
HTF_60m_BR20_S100_T200,SHORT,2026-02-04 15:00:00+00:00,2026-02-04 16:00:00+00:00,25089.488,24889.488,25189.488,24889.488,target,1,200.0,399.26
HTF_60m_BR20_S100_T200,SHORT,2026-02-04 16:00:00+00:00,2026-02-04 17:00:00+00:00,25046.117,24846.117,25146.117,24846.117,target,1,200.0,399.26
HTF_60m_BR20_S100_T200,SHORT,2026-02-04 17:00:00+00:00,2026-02-04 18:00:00+00:00,24929.289,24729.289,25029.289,24729.289,target,1,200.0,399.26
HTF_60m_BR20_S100_T200,SHORT,2026-02-04 18:00:00+00:00,2026-02-04 19:00:00+00:00,24769.882,24870.382,24869.882,24569.882,stop,1,-100.5,-201.74
HTF_60m_BR20_S100_T200,SHORT,2026-02-05 16:00:00+00:00,2026-02-05 17:00:00+00:00,24534.988,24635.488,24634.988,24334.988,stop,1,-100.5,-201.74
HTF_60m_BR20_S100_T200,SHORT,2026-02-06 00:00:00+00:00,2026-02-06 01:00:00+00:00,24243.239,24343.739,24343.239,24043.239,stop,1,-100.5,-201.74
HTF_60m_BR20_S100_T200,LONG,2026-02-06 17:00:00+00:00,2026-02-06 20:00:00+00:00,24912.711,25112.711,24812.711,25112.711,target,3,200.0,399.26
HTF_60m_BR20_S100_T200,LONG,2026-02-06 18:00:00+00:00,2026-02-08 23:00:00+00:00,25005.441,25205.441,24905.441,25205.441,target,4,200.0,399.26
HTF_60m_BR20_S100_T200,LONG,2026-02-06 21:00:00+00:00,2026-02-09 00:00:00+00:00,25057.824,25257.824,24957.824,25257.824,target,2,200.0,399.26
HTF_60m_BR20_S100_T200,LONG,2026-02-09 00:00:00+00:00,2026-02-09 04:00:00+00:00,25190.755,25101.25,25090.755,25390.755,timeout,4,-89.50500000000102,-179.75000000000205
HTF_60m_BR20_S100_T200,LONG,2026-02-09 17:00:00+00:00,2026-02-09 21:00:00+00:00,25304.274,25284.179,25204.274,25504.274,timeout,4,-20.095000000001164,-40.93000000000233
HTF_60m_BR20_S100_T200,SHORT,2026-02-10 21:00:00+00:00,2026-02-11 01:00:00+00:00,25134.429,25234.929,25234.429,24934.429,stop,3,-100.5,-201.74
HTF_60m_BR20_S100_T200,LONG,2026-02-11 14:00:00+00:00,2026-02-11 15:00:00+00:00,25362.728,25262.228,25262.728,25562.728,stop,1,-100.5,-201.74
HTF_60m_BR20_S100_T200,LONG,2026-02-12 14:00:00+00:00,2026-02-12 15:00:00+00:00,25317.185,25216.685,25217.185,25517.185,stop,1,-100.5,-201.74
HTF_60m_BR20_S100_T200,SHORT,2026-02-12 16:00:00+00:00,2026-02-12 18:00:00+00:00,24932.934,24732.934,25032.934,24732.934,target,2,200.0,399.26
HTF_60m_BR20_S100_T200,SHORT,2026-02-12 17:00:00+00:00,2026-02-12 21:00:00+00:00,24800.696,24725.204,24900.696,24600.696,timeout,4,75.49199999999837,150.24399999999673
HTF_60m_BR20_S100_T200,SHORT,2026-02-12 21:00:00+00:00,2026-02-13 00:00:00+00:00,24682.77,24783.27,24782.77,24482.77,stop,2,-100.5,-201.74
HTF_60m_BR20_S100_T200,LONG,2026-02-13 18:00:00+00:00,2026-02-13 20:00:00+00:00,24868.887,24768.387,24768.887,25068.887,stop,2,-100.5,-201.74
HTF_60m_BR20_S100_T200,SHORT,2026-02-17 02:00:00+00:00,2026-02-17 06:00:00+00:00,24593.385,24560.38,24693.385,24393.385,timeout,4,33.00499999999738,65.26999999999477
HTF_60m_BR20_S100_T200,SHORT,2026-02-17 04:00:00+00:00,2026-02-17 08:00:00+00:00,24539.619,24640.119,24639.619,24339.619,stop,4,-100.5,-201.74
HTF_60m_BR20_S100_T200,SHORT,2026-02-17 15:00:00+00:00,2026-02-17 16:00:00+00:00,24414.614,24515.114,24514.614,24214.614,stop,1,-100.5,-201.74
HTF_60m_BR20_S100_T200,LONG,2026-02-17 19:00:00+00:00,2026-02-17 20:00:00+00:00,24775.584,24675.084,24675.584,24975.584,stop,1,-100.5,-201.74
HTF_60m_BR20_S100_T200,LONG,2026-02-18 09:00:00+00:00,2026-02-18 13:00:00+00:00,24840.109,24763.364,24740.109,25040.109,timeout,4,-76.74499999999898,-154.22999999999797
HTF_60m_BR20_S100_T200,LONG,2026-02-18 16:00:00+00:00,2026-02-18 18:00:00+00:00,25020.669,24920.169,24920.669,25220.669,stop,2,-100.5,-201.74
HTF_60m_BR20_S100_T200,LONG,2026-02-20 16:00:00+00:00,2026-02-20 17:00:00+00:00,25061.736,24961.236,24961.736,25261.736,stop,1,-100.5,-201.74
HTF_60m_BR20_S100_T200,SHORT,2026-02-23 16:00:00+00:00,2026-02-23 20:00:00+00:00,24689.067,24712.546,24789.067,24489.067,timeout,4,-23.47899999999936,-47.69799999999872
HTF_60m_BR20_S100_T200,SHORT,2026-02-23 17:00:00+00:00,2026-02-23 21:00:00+00:00,24680.614,24727.7,24780.614,24480.614,timeout,4,-47.08599999999933,-94.91199999999866
HTF_60m_BR20_S100_T200,LONG,2026-02-24 16:00:00+00:00,2026-02-24 20:00:00+00:00,24922.55,24977.416,24822.55,25122.55,timeout,4,54.866000000001804,108.99200000000361
HTF_60m_BR20_S100_T200,LONG,2026-02-24 18:00:00+00:00,2026-02-24 23:00:00+00:00,24990.922,24994.241,24890.922,25190.922,timeout,4,3.319000000003143,5.898000000006286
HTF_60m_BR20_S100_T200,LONG,2026-02-25 02:00:00+00:00,2026-02-25 03:00:00+00:00,25054.117,24953.617,24954.117,25254.117,stop,1,-100.5,-201.74
HTF_60m_BR20_S100_T200,LONG,2026-02-25 12:00:00+00:00,2026-02-25 14:00:00+00:00,25073.1,25273.1,24973.1,25273.1,target,2,200.0,399.26
HTF_60m_BR20_S100_T200,LONG,2026-02-25 13:00:00+00:00,2026-02-25 14:00:00+00:00,25090.122,25290.122,24990.122,25290.122,target,1,200.0,399.26
HTF_60m_BR20_S100_T200,LONG,2026-02-25 14:00:00+00:00,2026-02-25 15:00:00+00:00,25100.969,25300.969,25000.969,25300.969,target,1,200.0,399.26
HTF_60m_BR20_S100_T200,LONG,2026-02-25 15:00:00+00:00,2026-02-25 19:00:00+00:00,25294.208,25318.694,25194.208,25494.208,timeout,4,24.486000000000786,48.23200000000157
HTF_60m_BR20_S100_T200,LONG,2026-02-25 20:00:00+00:00,2026-02-26 01:00:00+00:00,25319.863,25219.363,25219.863,25519.863,stop,4,-100.5,-201.74
HTF_60m_BR20_S100_T200,LONG,2026-02-25 21:00:00+00:00,2026-02-25 23:00:00+00:00,25335.19,25234.69,25235.19,25535.19,stop,1,-100.5,-201.74
HTF_60m_BR20_S100_T200,SHORT,2026-02-26 15:00:00+00:00,2026-02-26 16:00:00+00:00,25145.825,24945.825,25245.825,24945.825,target,1,200.0,399.26
HTF_60m_BR20_S100_T200,SHORT,2026-02-26 16:00:00+00:00,2026-02-26 20:00:00+00:00,24956.709,25036.586,25056.709,24756.709,timeout,4,-79.87700000000041,-160.49400000000082
HTF_60m_BR20_S100_T200,SHORT,2026-02-27 14:00:00+00:00,2026-02-27 15:00:00+00:00,24828.268,24928.768,24928.268,24628.268,stop,1,-100.5,-201.74
HTF_60m_BR20_S100_T200,SHORT,2026-03-02 00:00:00+00:00,2026-03-02 01:00:00+00:00,24700.685,24801.185,24800.685,24500.685,stop,1,-100.5,-201.74
HTF_60m_BR20_S100_T200,SHORT,2026-03-02 07:00:00+00:00,2026-03-02 11:00:00+00:00,24550.435,24650.935,24650.435,24350.435,stop,4,-100.5,-201.74
HTF_60m_BR20_S100_T200,LONG,2026-03-02 17:00:00+00:00,2026-03-02 21:00:00+00:00,24995.547,24958.473,24895.547,25195.547,timeout,4,-37.073999999996886,-74.88799999999377
HTF_60m_BR20_S100_T200,LONG,2026-03-02 18:00:00+00:00,2026-03-02 20:00:00+00:00,25027.239,24926.739,24927.239,25227.239,stop,2,-100.5,-201.74
HTF_60m_BR20_S100_T200,LONG,2026-03-02 20:00:00+00:00,2026-03-02 21:00:00+00:00,25044.069,24943.569,24944.069,25244.069,stop,1,-100.5,-201.74
HTF_60m_BR20_S100_T200,SHORT,2026-03-03 09:00:00+00:00,2026-03-03 13:00:00+00:00,24479.717,24460.858,24579.717,24279.717,timeout,4,18.85900000000038,36.978000000000755
HTF_60m_BR20_S100_T200,SHORT,2026-03-03 10:00:00+00:00,2026-03-03 12:00:00+00:00,24417.88,24518.38,24517.88,24217.88,stop,2,-100.5,-201.74
HTF_60m_BR20_S100_T200,LONG,2026-03-04 16:00:00+00:00,2026-03-04 20:00:00+00:00,25092.261,25087.43,24992.261,25292.261,timeout,4,-4.830999999998312,-10.401999999996624
HTF_60m_BR20_S100_T200,LONG,2026-03-04 19:00:00+00:00,2026-03-04 21:00:00+00:00,25159.664,25059.164,25059.664,25359.664,stop,2,-100.5,-201.74
HTF_60m_BR20_S100_T200,SHORT,2026-03-05 18:00:00+00:00,2026-03-05 20:00:00+00:00,24771.177,24871.677,24871.177,24571.177,stop,2,-100.5,-201.74
HTF_60m_BR20_S100_T200,SHORT,2026-03-06 14:00:00+00:00,2026-03-06 15:00:00+00:00,24612.95,24713.45,24712.95,24412.95,stop,1,-100.5,-201.74
HTF_60m_BR20_S100_T200,SHORT,2026-03-08 23:00:00+00:00,2026-03-09 00:00:00+00:00,24277.755,24077.755,24377.755,24077.755,target,1,200.0,399.26
HTF_60m_BR20_S100_T200,SHORT,2026-03-09 00:00:00+00:00,2026-03-09 01:00:00+00:00,24187.722,23987.722,24287.722,23987.722,target,1,200.0,399.26
HTF_60m_BR20_S100_T200,SHORT,2026-03-09 01:00:00+00:00,2026-03-09 05:00:00+00:00,24091.369,24191.869,24191.369,23891.369,stop,4,-100.5,-201.74
HTF_60m_BR20_S100_T200,SHORT,2026-03-09 02:00:00+00:00,2026-03-09 03:00:00+00:00,23981.285,24081.785,24081.285,23781.285,stop,1,-100.5,-201.74
HTF_60m_BR20_S100_T200,LONG,2026-03-09 20:00:00+00:00,2026-03-09 22:00:00+00:00,24962.415,24861.915,24862.415,25162.415,stop,1,-100.5,-201.74
HTF_60m_BR20_S100_T200,LONG,2026-03-10 08:00:00+00:00,2026-03-10 11:00:00+00:00,25047.45,24946.95,24947.45,25247.45,stop,3,-100.5,-201.74
HTF_60m_BR20_S100_T200,LONG,2026-03-10 09:00:00+00:00,2026-03-10 11:00:00+00:00,25060.939,24960.439,24960.939,25260.939,stop,2,-100.5,-201.74
HTF_60m_BR20_S100_T200,LONG,2026-03-10 15:00:00+00:00,2026-03-10 18:00:00+00:00,25124.022,25023.522,25024.022,25324.022,stop,3,-100.5,-201.74
HTF_60m_BR20_S100_T200,SHORT,2026-03-11 23:00:00+00:00,2026-03-12 03:00:00+00:00,24828.386,24709.961,24928.386,24628.386,timeout,4,118.42499999999927,236.10999999999854
HTF_60m_BR20_S100_T200,SHORT,2026-03-12 00:00:00+00:00,2026-03-12 04:00:00+00:00,24766.95,24698.772,24866.95,24566.95,timeout,4,68.17799999999988,135.61599999999976
HTF_60m_BR20_S100_T200,SHORT,2026-03-12 03:00:00+00:00,2026-03-12 07:00:00+00:00,24708.858,24809.358,24808.858,24508.858,stop,4,-100.5,-201.74
HTF_60m_BR20_S100_T200,SHORT,2026-03-12 14:00:00+00:00,2026-03-12 18:00:00+00:00,24637.706,24579.42,24737.706,24437.706,timeout,4,58.28600000000006,115.83200000000012
HTF_60m_BR20_S100_T200,SHORT,2026-03-12 15:00:00+00:00,2026-03-12 16:00:00+00:00,24600.448,24700.948,24700.448,24400.448,stop,1,-100.5,-201.74
HTF_60m_BR20_S100_T200,SHORT,2026-03-12 20:00:00+00:00,2026-03-13 01:00:00+00:00,24532.476,24632.976,24632.476,24332.476,stop,4,-100.5,-201.74
HTF_60m_BR20_S100_T200,SHORT,2026-03-12 22:00:00+00:00,2026-03-13 02:00:00+00:00,24561.5,24588.461,24661.5,24361.5,timeout,4,-26.96099999999933,-54.66199999999866
HTF_60m_BR20_S100_T200,SHORT,2026-03-13 07:00:00+00:00,2026-03-13 10:00:00+00:00,24462.896,24563.396,24562.896,24262.896,stop,3,-100.5,-201.74
HTF_60m_BR20_S100_T200,SHORT,2026-03-13 08:00:00+00:00,2026-03-13 09:00:00+00:00,24431.3,24531.8,24531.3,24231.3,stop,1,-100.5,-201.74
HTF_60m_BR20_S100_T200,SHORT,2026-03-13 18:00:00+00:00,2026-03-15 22:00:00+00:00,24357.982,24458.482,24457.982,24157.982,stop,3,-100.5,-201.74
HTF_60m_BR20_S100_T200,LONG,2026-03-16 13:00:00+00:00,2026-03-16 17:00:00+00:00,24645.374,24665.704,24545.374,24845.374,timeout,4,20.330000000001746,39.92000000000349
HTF_60m_BR20_S100_T200,LONG,2026-03-16 14:00:00+00:00,2026-03-16 16:00:00+00:00,24723.634,24623.134,24623.634,24923.634,stop,2,-100.5,-201.74
HTF_60m_BR20_S100_T200,LONG,2026-03-17 14:00:00+00:00,2026-03-17 15:00:00+00:00,24864.885,24764.385,24764.885,25064.885,stop,1,-100.5,-201.74
HTF_60m_BR20_S100_T200,LONG,2026-03-18 03:00:00+00:00,2026-03-18 07:00:00+00:00,24889.891,24932.346,24789.891,25089.891,timeout,4,42.455000000001746,84.1700000000035
HTF_60m_BR20_S100_T200,LONG,2026-03-18 04:00:00+00:00,2026-03-18 08:00:00+00:00,24908.234,24942.418,24808.234,25108.234,timeout,4,34.184000000001106,67.62800000000222
HTF_60m_BR20_S100_T200,LONG,2026-03-18 06:00:00+00:00,2026-03-18 10:00:00+00:00,24940.113,24931.63,24840.113,25140.113,timeout,4,-8.483000000000175,-17.706000000000348
HTF_60m_BR20_S100_T200,LONG,2026-03-18 07:00:00+00:00,2026-03-18 11:00:00+00:00,24953.902,24882.885,24853.902,25153.902,timeout,4,-71.01699999999983,-142.77399999999966
HTF_60m_BR20_S100_T200,SHORT,2026-03-18 13:00:00+00:00,2026-03-18 14:00:00+00:00,24648.643,24749.143,24748.643,24448.643,stop,1,-100.5,-201.74
HTF_60m_BR20_S100_T200,SHORT,2026-03-18 19:00:00+00:00,2026-03-19 00:00:00+00:00,24516.663,24398.722,24616.663,24316.663,timeout,4,117.9409999999989,235.14199999999778
HTF_60m_BR20_S100_T200,SHORT,2026-03-18 20:00:00+00:00,2026-03-19 01:00:00+00:00,24425.8,24419.136,24525.8,24225.8,timeout,4,6.664000000000669,12.588000000001339
HTF_60m_BR20_S100_T200,SHORT,2026-03-18 22:00:00+00:00,2026-03-19 02:00:00+00:00,24403.141,24503.641,24503.141,24203.141,stop,4,-100.5,-201.74
HTF_60m_BR20_S100_T200,SHORT,2026-03-18 23:00:00+00:00,2026-03-19 02:00:00+00:00,24371.874,24472.374,24471.874,24171.874,stop,3,-100.5,-201.74
HTF_60m_BR20_S100_T200,SHORT,2026-03-19 08:00:00+00:00,2026-03-19 12:00:00+00:00,24335.63,24225.874,24435.63,24135.63,timeout,4,109.75600000000122,218.77200000000244
HTF_60m_BR20_S100_T200,SHORT,2026-03-19 13:00:00+00:00,2026-03-19 14:00:00+00:00,24224.755,24325.255,24324.755,24024.755,stop,1,-100.5,-201.74
HTF_60m_BR20_S100_T200,SHORT,2026-03-20 14:00:00+00:00,2026-03-20 18:00:00+00:00,24067.261,23867.261,24167.261,23867.261,target,4,200.0,399.26
HTF_60m_BR20_S100_T200,SHORT,2026-03-20 15:00:00+00:00,2026-03-20 19:00:00+00:00,24058.859,23858.859,24158.859,23858.859,target,4,200.0,399.26
HTF_60m_BR20_S100_T200,SHORT,2026-03-20 18:00:00+00:00,2026-03-20 19:00:00+00:00,24000.058,23800.058,24100.058,23800.058,target,1,200.0,399.26
HTF_60m_BR20_S100_T200,SHORT,2026-03-20 19:00:00+00:00,2026-03-23 00:00:00+00:00,23880.607,23738.141,23980.607,23680.607,timeout,4,142.46600000000035,284.1920000000007
HTF_60m_BR20_S100_T200,SHORT,2026-03-23 07:00:00+00:00,2026-03-23 08:00:00+00:00,23641.641,23742.141,23741.641,23441.641,stop,1,-100.5,-201.74
HTF_60m_BR20_S100_T200,LONG,2026-03-23 12:00:00+00:00,2026-03-23 13:00:00+00:00,24182.2,24382.2,24082.2,24382.2,target,1,200.0,399.26
HTF_60m_BR20_S100_T200,SHORT,2026-03-26 09:00:00+00:00,2026-03-26 13:00:00+00:00,23985.154,24009.918,24085.154,23785.154,timeout,4,-24.764000000002852,-50.268000000005706
HTF_60m_BR20_S100_T200,SHORT,2026-03-26 12:00:00+00:00,2026-03-26 13:00:00+00:00,23893.872,23994.372,23993.872,23693.872,stop,1,-100.5,-201.74
HTF_60m_BR20_S100_T200,SHORT,2026-03-26 17:00:00+00:00,2026-03-26 19:00:00+00:00,23794.777,23594.777,23894.777,23594.777,target,2,200.0,399.26
HTF_60m_BR20_S100_T200,SHORT,2026-03-26 18:00:00+00:00,2026-03-26 23:00:00+00:00,23659.659,23683.718,23759.659,23459.659,timeout,4,-24.059000000001106,-48.858000000002214
HTF_60m_BR20_S100_T200,SHORT,2026-03-26 20:00:00+00:00,2026-03-26 22:00:00+00:00,23587.928,23688.428,23687.928,23387.928,stop,1,-100.5,-201.74
HTF_60m_BR20_S100_T200,SHORT,2026-03-27 10:00:00+00:00,2026-03-27 13:00:00+00:00,23544.662,23344.662,23644.662,23344.662,target,3,200.0,399.26
HTF_60m_BR20_S100_T200,SHORT,2026-03-27 11:00:00+00:00,2026-03-27 14:00:00+00:00,23456.27,23256.27,23556.27,23256.27,target,3,200.0,399.26
HTF_60m_BR20_S100_T200,SHORT,2026-03-27 14:00:00+00:00,2026-03-27 15:00:00+00:00,23289.317,23389.817,23389.317,23089.317,stop,1,-100.5,-201.74
HTF_60m_BR20_S100_T200,SHORT,2026-03-27 18:00:00+00:00,2026-03-29 22:00:00+00:00,23174.005,22974.005,23274.005,22974.005,target,3,200.0,399.26
HTF_60m_BR20_S100_T200,SHORT,2026-03-27 19:00:00+00:00,2026-03-29 23:00:00+00:00,23153.84,22953.84,23253.84,22953.84,target,3,200.0,399.26
HTF_60m_BR20_S100_T200,SHORT,2026-03-27 20:00:00+00:00,2026-03-30 00:00:00+00:00,23124.608,22924.608,23224.608,22924.608,target,3,200.0,399.26
HTF_60m_BR20_S100_T200,SHORT,2026-03-29 23:00:00+00:00,2026-03-30 03:00:00+00:00,23026.745,23115.222,23126.745,22826.745,timeout,4,-88.47700000000259,-177.6940000000052
HTF_60m_BR20_S100_T200,SHORT,2026-03-30 00:00:00+00:00,2026-03-30 02:00:00+00:00,22945.663,23046.163,23045.663,22745.663,stop,2,-100.5,-201.74
HTF_60m_BR20_S100_T200,LONG,2026-03-31 14:00:00+00:00,2026-03-31 15:00:00+00:00,23389.861,23289.361,23289.861,23589.861,stop,1,-100.5,-201.74
HTF_60m_BR20_S100_T200,LONG,2026-03-31 17:00:00+00:00,2026-03-31 19:00:00+00:00,23589.976,23789.976,23489.976,23789.976,target,2,200.0,399.26
HTF_60m_BR20_S100_T200,LONG,2026-03-31 20:00:00+00:00,2026-04-01 01:00:00+00:00,23731.454,23797.649,23631.454,23931.454,timeout,4,66.19499999999971,131.6499999999994
HTF_60m_BR20_S100_T200,LONG,2026-04-01 00:00:00+00:00,2026-04-01 04:00:00+00:00,23858.28,23832.649,23758.28,24058.28,timeout,4,-25.630999999997584,-52.00199999999517
HTF_60m_BR20_S100_T200,LONG,2026-04-01 07:00:00+00:00,2026-04-01 08:00:00+00:00,23990.427,23889.927,23890.427,24190.427,stop,1,-100.5,-201.74
HTF_60m_BR20_S100_T200,LONG,2026-04-01 12:00:00+00:00,2026-04-01 13:00:00+00:00,24011.397,23910.897,23911.397,24211.397,stop,1,-100.5,-201.74
HTF_60m_BR20_S100_T200,LONG,2026-04-01 15:00:00+00:00,2026-04-01 18:00:00+00:00,24075.75,23975.25,23975.75,24275.75,stop,3,-100.5,-201.74
HTF_60m_BR20_S100_T200,LONG,2026-04-01 16:00:00+00:00,2026-04-01 18:00:00+00:00,24128.905,24028.405,24028.905,24328.905,stop,2,-100.5,-201.74
HTF_60m_BR20_S100_T200,SHORT,2026-04-02 02:00:00+00:00,2026-04-02 06:00:00+00:00,23766.266,23641.288,23866.266,23566.266,timeout,4,124.97799999999916,249.2159999999983
HTF_60m_BR20_S100_T200,SHORT,2026-04-02 03:00:00+00:00,2026-04-02 07:00:00+00:00,23709.387,23704.381,23809.387,23509.387,timeout,4,5.005999999997584,9.271999999995169
HTF_60m_BR20_S100_T200,SHORT,2026-04-02 04:00:00+00:00,2026-04-02 08:00:00+00:00,23646.26,23660.278,23746.26,23446.26,timeout,4,-14.018000000000029,-28.776000000000057
HTF_60m_BR20_S100_T200,SHORT,2026-04-02 05:00:00+00:00,2026-04-02 09:00:00+00:00,23631.104,23656.211,23731.104,23431.104,timeout,4,-25.10699999999997,-50.953999999999944
HTF_60m_BR20_S100_T200,SHORT,2026-04-02 06:00:00+00:00,2026-04-02 07:00:00+00:00,23581.603,23682.103,23681.603,23381.603,stop,1,-100.5,-201.74
HTF_60m_BR20_S100_T200,SHORT,2026-04-02 12:00:00+00:00,2026-04-02 13:00:00+00:00,23508.881,23609.381,23608.881,23308.881,stop,1,-100.5,-201.74
HTF_60m_BR20_S100_T200,LONG,2026-04-06 09:00:00+00:00,2026-04-06 13:00:00+00:00,24199.033,24098.533,24099.033,24399.033,stop,4,-100.5,-201.74
HTF_60m_BR20_S100_T200,LONG,2026-04-06 14:00:00+00:00,2026-04-06 15:00:00+00:00,24245.25,24144.75,24145.25,24445.25,stop,1,-100.5,-201.74
HTF_60m_BR20_S100_T200,SHORT,2026-04-07 02:00:00+00:00,2026-04-07 06:00:00+00:00,24007.755,24073.641,24107.755,23807.755,timeout,4,-65.8859999999986,-132.51199999999722
HTF_60m_BR20_S100_T200,SHORT,2026-04-07 14:00:00+00:00,2026-04-07 16:00:00+00:00,23951.255,24051.755,24051.255,23751.255,stop,2,-100.5,-201.74
HTF_60m_BR20_S100_T200,SHORT,2026-04-07 15:00:00+00:00,2026-04-07 16:00:00+00:00,23842.391,23942.891,23942.391,23642.391,stop,1,-100.5,-201.74
HTF_60m_BR20_S100_T200,LONG,2026-04-07 23:00:00+00:00,2026-04-08 03:00:00+00:00,24749.294,24949.294,24649.294,24949.294,target,4,200.0,399.26
HTF_60m_BR20_S100_T200,LONG,2026-04-08 00:00:00+00:00,2026-04-08 04:00:00+00:00,24887.056,24958.811,24787.056,25087.056,timeout,4,71.75500000000102,142.77000000000203
HTF_60m_BR20_S100_T200,LONG,2026-04-08 03:00:00+00:00,2026-04-08 07:00:00+00:00,24946.724,24971.949,24846.724,25146.724,timeout,4,25.225000000002183,49.710000000004364
HTF_60m_BR20_S100_T200,LONG,2026-04-08 05:00:00+00:00,2026-04-08 09:00:00+00:00,24960.142,25031.163,24860.142,25160.142,timeout,4,71.02100000000064,141.30200000000127
HTF_60m_BR20_S100_T200,LONG,2026-04-08 06:00:00+00:00,2026-04-08 10:00:00+00:00,25022.172,25034.419,24922.172,25222.172,timeout,4,12.247000000003027,23.754000000006055
HTF_60m_BR20_S100_T200,LONG,2026-04-08 09:00:00+00:00,2026-04-08 13:00:00+00:00,25046.419,24945.919,24946.419,25246.419,stop,4,-100.5,-201.74
HTF_60m_BR20_S100_T200,LONG,2026-04-09 16:00:00+00:00,2026-04-09 20:00:00+00:00,25017.753,25064.391,24917.753,25217.753,timeout,4,46.63799999999901,92.53599999999803
HTF_60m_BR20_S100_T200,LONG,2026-04-10 01:00:00+00:00,2026-04-10 05:00:00+00:00,25107.379,25097.526,25007.379,25307.379,timeout,4,-9.852999999999156,-20.44599999999831
HTF_60m_BR20_S100_T200,LONG,2026-04-10 02:00:00+00:00,2026-04-10 06:00:00+00:00,25121.368,25064.211,25021.368,25321.368,timeout,4,-57.15699999999924,-115.05399999999848
HTF_60m_BR20_S100_T200,LONG,2026-04-10 13:00:00+00:00,2026-04-10 17:00:00+00:00,25140.667,25106.635,25040.667,25340.667,timeout,4,-34.03200000000288,-68.80400000000576
HTF_60m_BR20_S100_T200,SHORT,2026-04-12 23:00:00+00:00,2026-04-13 01:00:00+00:00,24792.228,24892.728,24892.228,24592.228,stop,2,-100.5,-201.74
HTF_60m_BR20_S100_T200,LONG,2026-04-13 14:00:00+00:00,2026-04-13 18:00:00+00:00,25144.234,25280.823,25044.234,25344.234,timeout,4,136.58899999999994,272.4379999999999
HTF_60m_BR20_S100_T200,LONG,2026-04-13 15:00:00+00:00,2026-04-13 19:00:00+00:00,25189.835,25374.83,25089.835,25389.835,timeout,4,184.99500000000262,369.25000000000523
HTF_60m_BR20_S100_T200,LONG,2026-04-13 17:00:00+00:00,2026-04-13 22:00:00+00:00,25247.851,25433.739,25147.851,25447.851,timeout,4,185.88800000000265,371.0360000000053
HTF_60m_BR20_S100_T200,LONG,2026-04-13 19:00:00+00:00,2026-04-14 00:00:00+00:00,25282.512,25431.011,25182.512,25482.512,timeout,4,148.4989999999998,296.2579999999996
HTF_60m_BR20_S100_T200,LONG,2026-04-13 20:00:00+00:00,2026-04-14 01:00:00+00:00,25375.987,25421.391,25275.987,25575.987,timeout,4,45.40399999999863,90.06799999999727
HTF_60m_BR20_S100_T200,LONG,2026-04-13 22:00:00+00:00,2026-04-14 02:00:00+00:00,25416.641,25435.745,25316.641,25616.641,timeout,4,19.10399999999936,37.46799999999872
HTF_60m_BR20_S100_T200,LONG,2026-04-13 23:00:00+00:00,2026-04-14 03:00:00+00:00,25435.13,25422.86,25335.13,25635.13,timeout,4,-12.270000000000437,-25.28000000000087
HTF_60m_BR20_S100_T200,LONG,2026-04-14 08:00:00+00:00,2026-04-14 12:00:00+00:00,25459.011,25515.918,25359.011,25659.011,timeout,4,56.90700000000288,113.07400000000577
HTF_60m_BR20_S100_T200,LONG,2026-04-14 09:00:00+00:00,2026-04-14 13:00:00+00:00,25503.646,25560.2,25403.646,25703.646,timeout,4,56.55400000000009,112.36800000000018
HTF_60m_BR20_S100_T200,LONG,2026-04-14 14:00:00+00:00,2026-04-14 16:00:00+00:00,25561.554,25761.554,25461.554,25761.554,target,2,200.0,399.26
HTF_60m_BR20_S100_T200,LONG,2026-04-14 15:00:00+00:00,2026-04-14 19:00:00+00:00,25645.089,25835.691,25545.089,25845.089,timeout,4,190.60199999999895,380.4639999999979
HTF_60m_BR20_S100_T200,LONG,2026-04-14 16:00:00+00:00,2026-04-14 20:00:00+00:00,25714.897,25827.51,25614.897,25914.897,timeout,4,112.61299999999756,224.4859999999951
HTF_60m_BR20_S100_T200,LONG,2026-04-14 17:00:00+00:00,2026-04-14 22:00:00+00:00,25751.411,25834.185,25651.411,25951.411,timeout,4,82.77400000000125,164.8080000000025
HTF_60m_BR20_S100_T200,LONG,2026-04-14 18:00:00+00:00,2026-04-14 23:00:00+00:00,25795.011,25856.287,25695.011,25995.011,timeout,4,61.27600000000166,121.81200000000332
HTF_60m_BR20_S100_T200,LONG,2026-04-14 20:00:00+00:00,2026-04-15 01:00:00+00:00,25836.731,25876.067,25736.731,26036.731,timeout,4,39.33599999999933,77.93199999999867
HTF_60m_BR20_S100_T200,LONG,2026-04-15 00:00:00+00:00,2026-04-15 04:00:00+00:00,25857.675,25851.267,25757.675,26057.675,timeout,4,-6.407999999999447,-13.555999999998894
HTF_60m_BR20_S100_T200,LONG,2026-04-15 02:00:00+00:00,2026-04-15 06:00:00+00:00,25877.18,25825.163,25777.18,26077.18,timeout,4,-52.016999999999825,-104.77399999999965
HTF_60m_BR20_S100_T200,LONG,2026-04-15 14:00:00+00:00,2026-04-15 18:00:00+00:00,25907.38,26107.38,25807.38,26107.38,target,4,200.0,399.26
HTF_60m_BR20_S100_T200,LONG,2026-04-15 15:00:00+00:00,2026-04-15 19:00:00+00:00,26002.086,26202.086,25902.086,26202.086,target,4,200.0,399.26
HTF_60m_BR20_S100_T200,LONG,2026-04-15 16:00:00+00:00,2026-04-15 20:00:00+00:00,26034.665,26176.886,25934.665,26234.665,timeout,4,142.22099999999773,283.70199999999545
HTF_60m_BR20_S100_T200,LONG,2026-04-15 19:00:00+00:00,2026-04-16 00:00:00+00:00,26137.594,26276.989,26037.594,26337.594,timeout,4,139.39500000000044,278.05000000000086
HTF_60m_BR20_S100_T200,LONG,2026-04-15 20:00:00+00:00,2026-04-16 01:00:00+00:00,26200.882,26280.097,26100.882,26400.882,timeout,4,79.21500000000015,157.69000000000028
HTF_60m_BR20_S100_T200,LONG,2026-04-15 23:00:00+00:00,2026-04-16 03:00:00+00:00,26230.396,26282.652,26130.396,26430.396,timeout,4,52.255999999997584,103.77199999999517
HTF_60m_BR20_S100_T200,LONG,2026-04-16 00:00:00+00:00,2026-04-16 04:00:00+00:00,26247.511,26273.641,26147.511,26447.511,timeout,4,26.13000000000102,51.520000000002035
HTF_60m_BR20_S100_T200,LONG,2026-04-16 01:00:00+00:00,2026-04-16 05:00:00+00:00,26277.255,26294.143,26177.255,26477.255,timeout,4,16.88799999999901,33.03599999999802
HTF_60m_BR20_S100_T200,LONG,2026-04-16 07:00:00+00:00,2026-04-16 10:00:00+00:00,26320.624,26220.124,26220.624,26520.624,stop,3,-100.5,-201.74
HTF_60m_BR20_S100_T200,LONG,2026-04-16 16:00:00+00:00,2026-04-16 17:00:00+00:00,26372.853,26272.353,26272.853,26572.853,stop,1,-100.5,-201.74
HTF_60m_BR20_S100_T200,LONG,2026-04-17 12:00:00+00:00,2026-04-17 13:00:00+00:00,26414.607,26614.607,26314.607,26614.607,target,1,200.0,399.26
HTF_60m_BR20_S100_T200,LONG,2026-04-17 13:00:00+00:00,2026-04-17 17:00:00+00:00,26585.489,26647.982,26485.489,26785.489,timeout,4,62.492999999998574,124.24599999999715
HTF_60m_BR20_S100_T200,LONG,2026-04-17 15:00:00+00:00,2026-04-17 19:00:00+00:00,26671.07,26668.003,26571.07,26871.07,timeout,4,-3.066999999999098,-6.873999999998196
HTF_60m_BR20_S100_T200,LONG,2026-04-21 01:00:00+00:00,2026-04-21 05:00:00+00:00,26671.619,26671.739,26571.619,26871.619,timeout,4,0.12000000000261934,-0.4999999999947613
HTF_60m_BR20_S100_T200,LONG,2026-04-21 07:00:00+00:00,2026-04-21 11:00:00+00:00,26693.522,26717.13,26593.522,26893.522,timeout,4,23.608000000000175,46.47600000000035
HTF_60m_BR20_S100_T200,LONG,2026-04-21 11:00:00+00:00,2026-04-21 13:00:00+00:00,26718.119,26617.619,26618.119,26918.119,stop,2,-100.5,-201.74
HTF_60m_BR20_S100_T200,LONG,2026-04-22 15:00:00+00:00,2026-04-22 19:00:00+00:00,26822.722,26928.382,26722.722,27022.722,timeout,4,105.65999999999985,210.5799999999997
HTF_60m_BR20_S100_T200,LONG,2026-04-22 18:00:00+00:00,2026-04-22 23:00:00+00:00,26878.283,26948.668,26778.283,27078.283,timeout,4,70.38500000000204,140.03000000000407
HTF_60m_BR20_S100_T200,LONG,2026-04-22 20:00:00+00:00,2026-04-23 00:00:00+00:00,26929.893,26829.393,26829.893,27129.893,stop,3,-100.5,-201.74
HTF_60m_BR20_S100_T200,LONG,2026-04-22 22:00:00+00:00,2026-04-23 00:00:00+00:00,26921.516,26821.016,26821.516,27121.516,stop,2,-100.5,-201.74
HTF_60m_BR20_S100_T200,LONG,2026-04-24 11:00:00+00:00,2026-04-24 15:00:00+00:00,27031.38,27231.38,26931.38,27231.38,target,4,200.0,399.26
HTF_60m_BR20_S100_T200,LONG,2026-04-24 12:00:00+00:00,2026-04-24 13:00:00+00:00,27135.429,27034.929,27035.429,27335.429,stop,1,-100.5,-201.74
HTF_60m_BR20_S100_T200,LONG,2026-04-24 16:00:00+00:00,2026-04-24 20:00:00+00:00,27255.734,27276.339,27155.734,27455.734,timeout,4,20.604999999999563,40.469999999999125
HTF_60m_BR20_S100_T200,LONG,2026-04-24 18:00:00+00:00,2026-04-26 23:00:00+00:00,27290.916,27249.097,27190.916,27490.916,timeout,4,-41.818999999999505,-84.377999999999
HTF_60m_BR20_S100_T200,LONG,2026-04-27 01:00:00+00:00,2026-04-27 05:00:00+00:00,27322.374,27314.113,27222.374,27522.374,timeout,4,-8.260999999998603,-17.261999999997204
HTF_60m_BR20_S100_T200,LONG,2026-04-27 02:00:00+00:00,2026-04-27 06:00:00+00:00,27403.22,27302.72,27303.22,27603.22,stop,4,-100.5,-201.74
HTF_60m_BR20_S100_T200,SHORT,2026-04-28 10:00:00+00:00,2026-04-28 11:00:00+00:00,27149.368,26949.368,27249.368,26949.368,target,1,200.0,399.26
HTF_60m_BR20_S100_T200,SHORT,2026-04-28 12:00:00+00:00,2026-04-28 13:00:00+00:00,26959.25,27059.75,27059.25,26759.25,stop,1,-100.5,-201.74
HTF_60m_BR20_S100_T200,LONG,2026-04-29 20:00:00+00:00,2026-04-29 22:00:00+00:00,27199.878,27099.378,27099.878,27399.878,stop,1,-100.5,-201.74
HTF_60m_BR20_S100_T200,LONG,2026-04-29 23:00:00+00:00,2026-04-30 03:00:00+00:00,27340.398,27277.29,27240.398,27540.398,timeout,4,-63.108000000000175,-126.95600000000034
HTF_60m_BR20_S100_T200,LONG,2026-04-30 00:00:00+00:00,2026-04-30 02:00:00+00:00,27420.279,27319.779,27320.279,27620.279,stop,2,-100.5,-201.74
HTF_60m_BR20_S100_T200,LONG,2026-04-30 01:00:00+00:00,2026-04-30 02:00:00+00:00,27464.181,27363.681,27364.181,27664.181,stop,1,-100.5,-201.74
HTF_60m_BR20_S100_T200,LONG,2026-05-01 02:00:00+00:00,2026-05-01 06:00:00+00:00,27522.734,27468.222,27422.734,27722.734,timeout,4,-54.51199999999881,-109.76399999999761
HTF_60m_BR20_S100_T200,LONG,2026-05-01 14:00:00+00:00,2026-05-01 15:00:00+00:00,27749.759,27649.259,27649.759,27949.759,stop,1,-100.5,-201.74
HTF_60m_BR20_S100_T200,LONG,2026-05-04 03:00:00+00:00,2026-05-04 07:00:00+00:00,27811.158,27793.685,27711.158,28011.158,timeout,4,-17.472999999998137,-35.68599999999628
HTF_60m_BR20_S100_T200,LONG,2026-05-05 13:00:00+00:00,2026-05-05 17:00:00+00:00,27858.59,28038.64,27758.59,28058.59,timeout,4,180.04999999999927,359.35999999999854
HTF_60m_BR20_S100_T200,LONG,2026-05-05 14:00:00+00:00,2026-05-05 18:00:00+00:00,27968.484,28046.935,27868.484,28168.484,timeout,4,78.45100000000093,156.16200000000185
HTF_60m_BR20_S100_T200,LONG,2026-05-05 18:00:00+00:00,2026-05-05 22:00:00+00:00,28040.026,28240.026,27940.026,28240.026,target,3,200.0,399.26
HTF_60m_BR20_S100_T200,LONG,2026-05-05 23:00:00+00:00,2026-05-06 00:00:00+00:00,28258.103,28157.603,28158.103,28458.103,stop,1,-100.5,-201.74
HTF_60m_BR20_S100_T200,LONG,2026-05-06 09:00:00+00:00,2026-05-06 13:00:00+00:00,28365.146,28264.646,28265.146,28565.146,stop,4,-100.5,-201.74
HTF_60m_BR20_S100_T200,LONG,2026-05-06 11:00:00+00:00,2026-05-06 12:00:00+00:00,28459.956,28359.456,28359.956,28659.956,stop,1,-100.5,-201.74
HTF_60m_BR20_S100_T200,LONG,2026-05-06 19:00:00+00:00,2026-05-07 00:00:00+00:00,28519.226,28545.761,28419.226,28719.226,timeout,4,26.534999999999854,52.32999999999971
HTF_60m_BR20_S100_T200,LONG,2026-05-06 20:00:00+00:00,2026-05-07 01:00:00+00:00,28592.849,28581.886,28492.849,28792.849,timeout,4,-10.962999999999738,-22.665999999999475
HTF_60m_BR20_S100_T200,LONG,2026-05-06 22:00:00+00:00,2026-05-07 02:00:00+00:00,28547.859,28569.496,28447.859,28747.859,timeout,4,21.636999999998807,42.53399999999761
HTF_60m_BR20_S100_T200,LONG,2026-05-07 15:00:00+00:00,2026-05-07 16:00:00+00:00,28810.656,28710.156,28710.656,29010.656,stop,1,-100.5,-201.74
HTF_60m_BR20_S100_T200,LONG,2026-05-08 14:00:00+00:00,2026-05-08 17:00:00+00:00,28996.125,29196.125,28896.125,29196.125,target,3,200.0,399.26
HTF_60m_BR20_S100_T200,LONG,2026-05-08 15:00:00+00:00,2026-05-08 19:00:00+00:00,29050.261,29224.25,28950.261,29250.261,timeout,4,173.9890000000014,347.2380000000028
HTF_60m_BR20_S100_T200,LONG,2026-05-08 16:00:00+00:00,2026-05-08 20:00:00+00:00,29079.739,29231.272,28979.739,29279.739,timeout,4,151.53299999999945,302.3259999999989
HTF_60m_BR20_S100_T200,LONG,2026-05-08 17:00:00+00:00,2026-05-10 22:00:00+00:00,29129.402,29186.501,29029.402,29329.402,timeout,4,57.09900000000198,113.45800000000396
HTF_60m_BR20_S100_T200,LONG,2026-05-08 18:00:00+00:00,2026-05-10 23:00:00+00:00,29152.385,29195.751,29052.385,29352.385,timeout,4,43.366000000001804,85.99200000000361
HTF_60m_BR20_S100_T200,LONG,2026-05-08 20:00:00+00:00,2026-05-10 22:00:00+00:00,29226.265,29125.765,29126.265,29426.265,stop,1,-100.5,-201.74
HTF_60m_BR20_S100_T200,LONG,2026-05-10 22:00:00+00:00,2026-05-11 02:00:00+00:00,29184.762,29229.251,29084.762,29384.762,timeout,4,44.4890000000014,88.2380000000028
HTF_60m_BR20_S100_T200,LONG,2026-05-11 16:00:00+00:00,2026-05-11 20:00:00+00:00,29356.467,29255.967,29256.467,29556.467,stop,4,-100.5,-201.74
HTF_60m_BR20_S100_T200,SHORT,2026-05-12 07:00:00+00:00,2026-05-12 11:00:00+00:00,29110.261,29058.222,29210.261,28910.261,timeout,4,52.03899999999703,103.33799999999407
HTF_60m_BR20_S100_T200,SHORT,2026-05-12 12:00:00+00:00,2026-05-12 13:00:00+00:00,29057.853,29158.353,29157.853,28857.853,stop,1,-100.5,-201.74
HTF_60m_BR20_S100_T200,SHORT,2026-05-12 15:00:00+00:00,2026-05-12 16:00:00+00:00,28905.652,28705.652,29005.652,28705.652,target,1,200.0,399.26
HTF_60m_BR20_S100_T200,SHORT,2026-05-12 16:00:00+00:00,2026-05-12 18:00:00+00:00,28730.653,28831.153,28830.653,28530.653,stop,2,-100.5,-201.74
HTF_60m_BR20_S100_T200,SHORT,2026-05-12 17:00:00+00:00,2026-05-12 18:00:00+00:00,28638.218,28738.718,28738.218,28438.218,stop,1,-100.5,-201.74
HTF_60m_BR20_S100_T200,LONG,2026-05-13 08:00:00+00:00,2026-05-13 12:00:00+00:00,29267.91,29167.41,29167.91,29467.91,stop,4,-100.5,-201.74
HTF_60m_BR20_S100_T200,LONG,2026-05-13 09:00:00+00:00,2026-05-13 12:00:00+00:00,29310.288,29209.788,29210.288,29510.288,stop,3,-100.5,-201.74
HTF_60m_BR20_S100_T200,LONG,2026-05-13 23:00:00+00:00,2026-05-14 03:00:00+00:00,29484.533,29428.967,29384.533,29684.533,timeout,4,-55.565999999998894,-111.87199999999778
HTF_60m_BR20_S100_T200,LONG,2026-05-14 00:00:00+00:00,2026-05-14 03:00:00+00:00,29526.908,29426.408,29426.908,29726.908,stop,3,-100.5,-201.74
HTF_60m_BR20_S100_T200,LONG,2026-05-14 01:00:00+00:00,2026-05-14 02:00:00+00:00,29575.624,29475.124,29475.624,29775.624,stop,1,-100.5,-201.74
HTF_60m_BR20_S100_T200,LONG,2026-05-14 16:00:00+00:00,2026-05-14 17:00:00+00:00,29652.546,29552.046,29552.546,29852.546,stop,1,-100.5,-201.74
HTF_60m_BR20_S100_T200,SHORT,2026-05-15 06:00:00+00:00,2026-05-15 07:00:00+00:00,29179.462,29279.962,29279.462,28979.462,stop,1,-100.5,-201.74
HTF_60m_BR20_S100_T200,SHORT,2026-05-18 19:00:00+00:00,2026-05-18 20:00:00+00:00,28743.605,28844.105,28843.605,28543.605,stop,1,-100.5,-201.74
HTF_60m_BR20_S100_T200,LONG,2026-05-20 15:00:00+00:00,2026-05-20 19:00:00+00:00,29172.096,29303.672,29072.096,29372.096,timeout,4,131.5759999999973,262.4119999999946
HTF_60m_BR20_S100_T200,LONG,2026-05-20 16:00:00+00:00,2026-05-20 17:00:00+00:00,29242.371,29141.871,29142.371,29442.371,stop,1,-100.5,-201.74
HTF_60m_BR20_S100_T200,LONG,2026-05-20 20:00:00+00:00,2026-05-20 22:00:00+00:00,29305.308,29204.808,29205.308,29505.308,stop,1,-100.5,-201.74
HTF_60m_BR20_S100_T200,LONG,2026-05-21 05:00:00+00:00,2026-05-21 06:00:00+00:00,29330.125,29229.625,29230.125,29530.125,stop,1,-100.5,-201.74
HTF_60m_BR20_S100_T200,LONG,2026-05-21 18:00:00+00:00,2026-05-21 19:00:00+00:00,29408.68,29308.18,29308.68,29608.68,stop,1,-100.5,-201.74
HTF_60m_BR20_S100_T200,LONG,2026-05-22 00:00:00+00:00,2026-05-22 04:00:00+00:00,29471.124,29515.152,29371.124,29671.124,timeout,4,44.02799999999843,87.31599999999686
HTF_60m_BR20_S100_T200,LONG,2026-05-24 23:00:00+00:00,2026-05-25 03:00:00+00:00,29732.863,29885.995,29632.863,29932.863,timeout,4,153.1319999999978,305.52399999999557
HTF_60m_BR20_S100_T200,LONG,2026-05-25 00:00:00+00:00,2026-05-25 04:00:00+00:00,29771.245,29898.351,29671.245,29971.245,timeout,4,127.10599999999977,253.47199999999953
HTF_60m_BR20_S100_T200,LONG,2026-05-25 01:00:00+00:00,2026-05-25 05:00:00+00:00,29840.38,29892.624,29740.38,30040.38,timeout,4,52.24399999999878,103.74799999999756
HTF_60m_BR20_S100_T200,LONG,2026-05-25 03:00:00+00:00,2026-05-25 07:00:00+00:00,29882.38,29895.755,29782.38,30082.38,timeout,4,13.375,26.01
HTF_60m_BR20_S100_T200,LONG,2026-05-25 04:00:00+00:00,2026-05-25 08:00:00+00:00,29887.13,29886.481,29787.13,30087.13,timeout,4,-0.6490000000012515,-2.038000000002503
HTF_60m_BR20_S100_T200,LONG,2026-05-26 14:00:00+00:00,2026-05-26 15:00:00+00:00,29933.257,29832.757,29833.257,30133.257,stop,1,-100.5,-201.74
HTF_60m_BR20_S100_T200,LONG,2026-05-26 15:00:00+00:00,2026-05-26 16:00:00+00:00,29981.711,29881.211,29881.711,30181.711,stop,1,-100.5,-201.74
HTF_60m_BR20_S100_T200,LONG,2026-05-27 01:00:00+00:00,2026-05-27 05:00:00+00:00,30060.136,30032.246,29960.136,30260.136,timeout,4,-27.889999999999418,-56.51999999999884
HTF_60m_BR20_S100_T200,LONG,2026-05-27 09:00:00+00:00,2026-05-27 13:00:00+00:00,30126.739,30026.239,30026.739,30326.739,stop,4,-100.5,-201.74
HTF_60m_BR20_S100_T200,LONG,2026-05-27 11:00:00+00:00,2026-05-27 13:00:00+00:00,30166.25,30065.75,30066.25,30366.25,stop,2,-100.5,-201.74
HTF_60m_BR20_S100_T200,LONG,2026-05-27 12:00:00+00:00,2026-05-27 13:00:00+00:00,30195.272,30094.772,30095.272,30395.272,stop,1,-100.5,-201.74
HTF_60m_BR20_S100_T200,SHORT,2026-05-27 15:00:00+00:00,2026-05-27 16:00:00+00:00,29866.075,29966.575,29966.075,29666.075,stop,1,-100.5,-201.74
HTF_60m_BR20_S100_T200,SHORT,2026-05-28 04:00:00+00:00,2026-05-28 05:00:00+00:00,29741.722,29842.222,29841.722,29541.722,stop,1,-100.5,-201.74
HTF_60m_BR20_S100_T200,SHORT,2026-05-28 05:00:00+00:00,2026-05-28 06:00:00+00:00,29718.668,29819.168,29818.668,29518.668,stop,1,-100.5,-201.74
HTF_60m_BR20_S100_T200,LONG,2026-05-28 15:00:00+00:00,2026-05-28 19:00:00+00:00,30113.064,30223.696,30013.064,30313.064,timeout,4,110.63200000000143,220.52400000000284
HTF_60m_BR20_S100_T200,LONG,2026-05-28 16:00:00+00:00,2026-05-28 20:00:00+00:00,30189.141,30251.227,30089.141,30389.141,timeout,4,62.08599999999933,123.43199999999867
HTF_60m_BR20_S100_T200,LONG,2026-05-28 17:00:00+00:00,2026-05-28 22:00:00+00:00,30251.841,30224.088,30151.841,30451.841,timeout,4,-27.75300000000061,-56.246000000001224
HTF_60m_BR20_S100_T200,LONG,2026-05-29 14:00:00+00:00,2026-05-29 15:00:00+00:00,30449.899,30349.399,30349.899,30649.899,stop,1,-100.5,-201.74
HTF_60m_BR20_S100_T200,LONG,2026-06-01 01:00:00+00:00,2026-06-01 05:00:00+00:00,30480.814,30517.944,30380.814,30680.814,timeout,4,37.13000000000102,73.52000000000204
HTF_60m_BR20_S100_T200,LONG,2026-06-01 18:00:00+00:00,2026-06-01 19:00:00+00:00,30614.516,30514.016,30514.516,30814.516,stop,1,-100.5,-201.74
HTF_60m_BR20_S100_T200,LONG,2026-06-02 16:00:00+00:00,2026-06-02 20:00:00+00:00,30640.272,30687.201,30540.272,30840.272,timeout,4,46.92900000000009,93.11800000000018
HTF_60m_BR20_S100_T200,LONG,2026-06-02 22:00:00+00:00,2026-06-02 23:00:00+00:00,30694.978,30594.478,30594.978,30894.978,stop,1,-100.5,-201.74
HTF_60m_BR20_S100_T200,SHORT,2026-06-03 14:00:00+00:00,2026-06-03 15:00:00+00:00,30514.636,30615.136,30614.636,30314.636,stop,1,-100.5,-201.74
HTF_60m_BR20_S100_T200,SHORT,2026-06-03 23:00:00+00:00,2026-06-04 03:00:00+00:00,30399.739,30423.858,30499.739,30199.739,timeout,4,-24.118999999998778,-48.97799999999756
HTF_60m_BR20_S100_T200,SHORT,2026-06-04 09:00:00+00:00,2026-06-04 13:00:00+00:00,30286.755,30189.965,30386.755,30086.755,timeout,4,96.79000000000087,192.84000000000174
HTF_60m_BR20_S100_T200,SHORT,2026-06-04 11:00:00+00:00,2026-06-04 13:00:00+00:00,30187.413,30287.913,30287.413,29987.413,stop,2,-100.5,-201.74
HTF_60m_BR20_S100_T200,SHORT,2026-06-05 01:00:00+00:00,2026-06-05 02:00:00+00:00,30085.876,30186.376,30185.876,29885.876,stop,1,-100.5,-201.74
HTF_60m_BR20_S100_T200,SHORT,2026-06-05 14:00:00+00:00,2026-06-05 15:00:00+00:00,29716.864,29817.364,29816.864,29516.864,stop,1,-100.5,-201.74
HTF_60m_BR20_S100_T200,SHORT,2026-06-05 16:00:00+00:00,2026-06-05 17:00:00+00:00,29608.067,29408.067,29708.067,29408.067,target,1,200.0,399.26
HTF_60m_BR20_S100_T200,SHORT,2026-06-05 17:00:00+00:00,2026-06-05 18:00:00+00:00,29436.024,29236.024,29536.024,29236.024,target,1,200.0,399.26
HTF_60m_BR20_S100_T200,SHORT,2026-06-05 19:00:00+00:00,2026-06-05 20:00:00+00:00,29140.51,28940.51,29240.51,28940.51,target,1,200.0,399.26
HTF_60m_BR20_S100_T200,SHORT,2026-06-05 20:00:00+00:00,2026-06-08 00:00:00+00:00,28968.064,29068.564,29068.064,28768.064,stop,3,-100.5,-201.74
HTF_60m_BR20_S100_T200,SHORT,2026-06-07 22:00:00+00:00,2026-06-07 23:00:00+00:00,28819.112,28919.612,28919.112,28619.112,stop,1,-100.5,-201.74
HTF_60m_BR20_S100_T200,LONG,2026-06-08 15:00:00+00:00,2026-06-08 16:00:00+00:00,29629.79,29529.29,29529.79,29829.79,stop,1,-100.5,-201.74
HTF_60m_BR20_S100_T200,SHORT,2026-06-09 15:00:00+00:00,2026-06-09 16:00:00+00:00,29199.209,28999.209,29299.209,28999.209,target,1,200.0,399.26
HTF_60m_BR20_S100_T200,SHORT,2026-06-09 16:00:00+00:00,2026-06-09 17:00:00+00:00,28656.273,28756.773,28756.273,28456.273,stop,1,-100.5,-201.74
HTF_60m_BR20_S100_T200,SHORT,2026-06-09 17:00:00+00:00,2026-06-09 18:00:00+00:00,28437.902,28538.402,28537.902,28237.902,stop,1,-100.5,-201.74
HTF_60m_BR20_S100_T200,SHORT,2026-06-10 19:00:00+00:00,2026-06-10 22:00:00+00:00,28570.077,28370.077,28670.077,28370.077,target,2,200.0,399.26
HTF_60m_BR20_S100_T200,SHORT,2026-06-10 20:00:00+00:00,2026-06-10 23:00:00+00:00,28490.169,28290.169,28590.169,28290.169,target,2,200.0,399.26
HTF_60m_BR20_S100_T200,SHORT,2026-06-10 23:00:00+00:00,2026-06-11 00:00:00+00:00,28309.719,28410.219,28409.719,28109.719,stop,1,-100.5,-201.74
HTF_60m_BR20_S100_T200,LONG,2026-06-11 18:00:00+00:00,2026-06-11 19:00:00+00:00,29180.6,29380.6,29080.6,29380.6,target,1,200.0,399.26
HTF_60m_BR20_S100_T200,LONG,2026-06-11 20:00:00+00:00,2026-06-12 01:00:00+00:00,29431.16,29525.056,29331.16,29631.16,timeout,4,93.89600000000064,187.05200000000127
HTF_60m_BR20_S100_T200,LONG,2026-06-11 23:00:00+00:00,2026-06-12 03:00:00+00:00,29533.984,29502.723,29433.984,29733.984,timeout,4,-31.260999999998603,-63.26199999999721
HTF_60m_BR20_S100_T200,LONG,2026-06-14 23:00:00+00:00,2026-06-15 03:00:00+00:00,30025.505,30161.333,29925.505,30225.505,timeout,4,135.8279999999977,270.9159999999954
HTF_60m_BR20_S100_T200,LONG,2026-06-15 01:00:00+00:00,2026-06-15 05:00:00+00:00,30114.617,30208.85,30014.617,30314.617,timeout,4,94.23300000000017,187.72600000000034
HTF_60m_BR20_S100_T200,LONG,2026-06-15 03:00:00+00:00,2026-06-15 07:00:00+00:00,30176.906,30218.835,30076.906,30376.906,timeout,4,41.92900000000009,83.11800000000018
HTF_60m_BR20_S100_T200,LONG,2026-06-15 05:00:00+00:00,2026-06-15 09:00:00+00:00,30205.779,30218.588,30105.779,30405.779,timeout,4,12.809000000001106,24.878000000002213
HTF_60m_BR20_S100_T200,LONG,2026-06-15 06:00:00+00:00,2026-06-15 10:00:00+00:00,30210.711,30231.761,30110.711,30410.711,timeout,4,21.049999999999272,41.35999999999854
HTF_60m_BR20_S100_T200,LONG,2026-06-15 07:00:00+00:00,2026-06-15 11:00:00+00:00,30225.179,30268.633,30125.179,30425.179,timeout,4,43.45400000000154,86.16800000000309
HTF_60m_BR20_S100_T200,LONG,2026-06-15 09:00:00+00:00,2026-06-15 13:00:00+00:00,30262.655,30462.655,30162.655,30462.655,target,4,200.0,399.26
HTF_60m_BR20_S100_T200,LONG,2026-06-15 14:00:00+00:00,2026-06-15 16:00:00+00:00,30378.143,30578.143,30278.143,30578.143,target,2,200.0,399.26
HTF_60m_BR20_S100_T200,LONG,2026-06-15 16:00:00+00:00,2026-06-15 20:00:00+00:00,30556.587,30545.572,30456.587,30756.587,timeout,4,-11.014999999999418,-22.769999999998834
HTF_60m_BR20_S100_T200,LONG,2026-06-16 09:00:00+00:00,2026-06-16 12:00:00+00:00,30606.948,30506.448,30506.948,30806.948,stop,3,-100.5,-201.74
HTF_60m_BR20_S100_T200,SHORT,2026-06-16 15:00:00+00:00,2026-06-16 19:00:00+00:00,30274.253,30074.253,30374.253,30074.253,target,4,200.0,399.26
HTF_60m_BR20_S100_T200,SHORT,2026-06-16 16:00:00+00:00,2026-06-16 20:00:00+00:00,30140.501,29974.751,30240.501,29940.501,timeout,4,165.75,330.76
HTF_60m_BR20_S100_T200,SHORT,2026-06-16 20:00:00+00:00,2026-06-17 01:00:00+00:00,29970.442,30070.942,30070.442,29770.442,stop,4,-100.5,-201.74
