name,imp,W,pull,stop,tgt,invert,cooldown,max_hold,max_wait,min_leg,n,tr_day,wr,tgt%,stop%,to%,net,per_day,per_trade,maxDD,train_per_day,train_n,test_per_day,test_n,test_wr,test_maxDD
i3.0_w3_p0.236_s6.0_t30.0_INV_cd60_mh600_mw300_ml0.0,3.0,3,0.236,6.0,30.0,True,60,600,300,0.0,10835,157.0,32.1,16.4,65.1,18.5,43200.0,626.1,3.99,1105.0,470.4,7062,959.5,3773,30.2,420.0
i3.0_w5_p0.236_s6.0_t30.0_INV_cd60_mh600_mw300_ml0.0,3.0,5,0.236,6.0,30.0,True,60,600,300,0.0,10757,155.9,31.9,15.5,65.3,19.3,38284.0,554.8,3.56,909.0,397.9,7030,894.7,3727,30.2,561.0
i3.0_w5_p0.236_s6.0_t24.0_INV_cd60_mh600_mw300_ml0.0,3.0,5,0.236,6.0,24.0,True,60,600,300,0.0,10982,159.2,34.1,20.7,63.2,16.1,38016.0,551.0,3.46,729.0,383.7,7255,914.9,3727,33.8,551.0
i3.0_w3_p0.236_s6.0_t24.0_INV_cd60_mh600_mw300_ml0.0,3.0,3,0.236,6.0,24.0,True,60,600,300,0.0,11073,160.5,33.7,21.0,63.7,15.4,37779.0,547.5,3.41,973.0,388.2,7273,893.2,3800,33.3,324.0
i5.0_w3_p0.236_s6.0_t30.0_INV_cd60_mh600_mw300_ml0.0,5.0,3,0.236,6.0,30.0,True,60,600,300,0.0,10319,149.6,30.6,16.3,67.0,16.7,36622.0,530.8,3.55,1205.0,416.1,6645,773.1,3674,28.9,542.0
i3.0_w4_p0.236_s6.0_t30.0_INV_cd60_mh600_mw300_ml0.0,3.0,4,0.236,6.0,30.0,True,60,600,300,0.0,10780,156.2,31.5,15.3,65.7,19.0,36418.0,527.8,3.38,810.0,392.2,7072,819.1,3708,29.3,797.0
i3.0_w4_p0.236_s6.0_t24.0_INV_cd60_mh600_mw300_ml0.0,3.0,4,0.236,6.0,24.0,True,60,600,300,0.0,11028,159.8,33.3,20.3,64.0,15.6,34367.0,498.1,3.12,997.0,344.1,7299,833.7,3729,32.7,599.0
i5.0_w5_p0.236_s6.0_t30.0_INV_cd60_mh600_mw300_ml0.0,5.0,5,0.236,6.0,30.0,True,60,600,300,0.0,10327,149.7,30.9,15.6,66.5,17.8,34216.0,495.9,3.31,1198.0,347.2,6692,819.2,3635,29.6,527.0
i3.0_w5_p0.236_s6.0_t18.0_INV_cd60_mh600_mw300_ml0.0,3.0,5,0.236,6.0,18.0,True,60,600,300,0.0,11256,163.1,37.3,27.7,60.3,12.0,32213.0,466.9,2.86,713.0,307.7,7515,816.0,3741,38.7,387.0
i5.0_w4_p0.236_s6.0_t30.0_INV_cd60_mh600_mw300_ml0.0,5.0,4,0.236,6.0,30.0,True,60,600,300,0.0,10335,149.8,30.4,15.4,67.1,17.5,31953.0,463.1,3.09,1464.0,332.4,6715,745.9,3620,28.7,1464.0
i5.0_w3_p0.236_s6.0_t24.0_INV_cd60_mh600_mw300_ml0.0,5.0,3,0.236,6.0,24.0,True,60,600,300,0.0,10564,153.1,32.3,20.9,65.6,13.4,31824.0,461.2,3.01,967.0,339.8,6849,722.5,3715,31.7,391.0
i5.0_w5_p0.236_s6.0_t24.0_INV_cd60_mh600_mw300_ml0.0,5.0,5,0.236,6.0,24.0,True,60,600,300,0.0,10563,153.1,32.7,20.5,64.9,14.6,31457.0,455.9,2.98,1124.0,298.9,6906,800.4,3657,32.7,715.0
i7.0_w5_p0.236_s6.0_t30.0_INV_cd60_mh600_mw300_ml0.0,7.0,5,0.236,6.0,30.0,True,60,600,300,0.0,9819,142.3,29.9,16.1,67.9,16.1,31433.0,455.5,3.2,1221.0,303.0,6264,789.8,3555,29.3,671.0
i7.0_w3_p0.236_s6.0_t30.0_INV_cd60_mh600_mw300_ml0.0,7.0,3,0.236,6.0,30.0,True,60,600,300,0.0,9568,138.7,29.1,16.5,69.1,14.4,31313.0,453.8,3.27,1099.0,342.9,6042,691.1,3526,27.9,433.0
i5.0_w4_p0.236_s6.0_t24.0_INV_cd60_mh600_mw300_ml0.0,5.0,4,0.236,6.0,24.0,True,60,600,300,0.0,10530,152.6,32.5,20.3,65.1,14.5,31180.0,451.9,2.96,962.0,295.5,6882,795.4,3648,32.3,418.0
i7.0_w4_p0.236_s6.0_t30.0_INV_cd60_mh600_mw300_ml0.0,7.0,4,0.236,6.0,30.0,True,60,600,300,0.0,9716,140.8,29.8,15.9,68.4,15.7,30307.0,439.2,3.12,830.0,325.0,6201,685.0,3515,28.3,606.0
i3.0_w5_p0.236_s8.0_t30.0_INV_cd60_mh600_mw300_ml0.0,3.0,5,0.236,8.0,30.0,True,60,600,300,0.0,10521,152.5,35.3,16.7,59.5,23.7,29990.0,434.6,2.85,997.0,277.5,6834,780.6,3687,34.0,626.0
i3.0_w3_p0.236_s8.0_t30.0_INV_cd60_mh600_mw300_ml0.0,3.0,3,0.236,8.0,30.0,True,60,600,300,0.0,10620,153.9,34.8,17.2,60.3,22.4,29839.0,432.5,2.81,1432.0,307.6,6882,703.2,3738,32.8,856.0
i3.0_w3_p0.236_s6.0_t18.0_INV_cd60_mh600_mw300_ml0.0,3.0,3,0.236,6.0,18.0,True,60,600,300,0.0,11391,165.1,36.5,27.2,61.3,11.5,29208.0,423.3,2.56,914.0,307.5,7569,673.4,3822,36.7,420.0
i3.0_w4_p0.236_s6.0_t18.0_INV_cd60_mh600_mw300_ml0.0,3.0,4,0.236,6.0,18.0,True,60,600,300,0.0,11316,164.0,36.5,27.0,61.0,12.0,28806.0,417.5,2.55,1024.0,286.1,7571,704.2,3745,37.2,429.0
i5.0_w3_p0.236_s8.0_t30.0_INV_cd60_mh600_mw300_ml0.0,5.0,3,0.236,8.0,30.0,True,60,600,300,0.0,10117,146.6,34.2,17.7,61.9,20.5,28795.0,417.3,2.85,1336.0,310.9,6477,645.8,3640,32.5,649.0
i7.0_w3_p0.236_s6.0_t24.0_INV_cd60_mh600_mw300_ml0.0,7.0,3,0.236,6.0,24.0,True,60,600,300,0.0,9828,142.4,31.1,21.6,67.2,11.2,28542.0,413.7,2.9,886.0,313.5,6247,627.7,3581,30.5,353.0
i5.0_w5_p0.236_s6.0_t18.0_INV_cd60_mh600_mw300_ml0.0,5.0,5,0.236,6.0,18.0,True,60,600,300,0.0,10833,157.0,36.4,27.7,61.4,10.9,28525.0,413.4,2.63,1005.0,255.3,7139,762.6,3694,38.1,304.0
i3.0_w3_p0.236_s8.0_t24.0_INV_cd60_mh600_mw300_ml0.0,3.0,3,0.236,8.0,24.0,True,60,600,300,0.0,10874,157.6,37.0,22.5,58.3,19.2,28481.0,412.8,2.62,1526.0,263.5,7072,741.5,3802,36.7,520.0
i7.0_w5_p0.236_s6.0_t24.0_INV_cd60_mh600_mw300_ml0.0,7.0,5,0.236,6.0,24.0,True,60,600,300,0.0,10028,145.3,31.8,20.9,66.1,13.0,28404.0,411.6,2.83,1167.0,262.6,6450,739.9,3578,32.2,622.0
i3.0_w5_p0.236_s8.0_t24.0_INV_cd60_mh600_mw300_ml0.0,3.0,5,0.236,8.0,24.0,True,60,600,300,0.0,10780,156.2,37.2,22.3,58.0,19.7,27632.0,400.5,2.56,1285.0,244.6,7065,745.0,3715,36.7,749.0
i3.0_w4_p0.236_s8.0_t30.0_INV_cd60_mh600_mw300_ml0.0,3.0,4,0.236,8.0,30.0,True,60,600,300,0.0,10553,152.9,34.8,16.9,60.4,22.7,27517.0,398.8,2.61,1281.0,270.1,6873,680.0,3680,32.9,812.0
i3.0_w3_p0.382_s6.0_t30.0_INV_cd60_mh600_mw300_ml0.0,3.0,3,0.382,6.0,30.0,True,60,600,300,0.0,10340,149.9,30.7,14.2,66.2,19.6,27516.0,398.8,2.66,2079.0,273.5,6684,672.1,3656,28.7,563.0
i3.0_w4_p0.382_s6.0_t30.0_INV_cd60_mh600_mw300_ml0.0,3.0,4,0.382,6.0,30.0,True,60,600,300,0.0,10231,148.3,31.1,13.9,65.7,20.3,27352.0,396.4,2.67,1567.0,302.9,6656,595.7,3575,28.5,681.0
i7.0_w4_p0.236_s6.0_t24.0_INV_cd60_mh600_mw300_ml0.0,7.0,4,0.236,6.0,24.0,True,60,600,300,0.0,9909,143.6,31.6,20.6,66.7,12.7,26798.0,388.4,2.7,893.0,258.6,6358,672.8,3551,31.2,421.0
i3.0_w4_p0.236_s8.0_t24.0_INV_cd60_mh600_mw300_ml0.0,3.0,4,0.236,8.0,24.0,True,60,600,300,0.0,10813,156.7,36.9,22.1,58.5,19.3,26202.0,379.7,2.42,1643.0,228.2,7085,715.2,3728,36.5,672.0
i3.0_w5_p0.382_s6.0_t30.0_INV_cd60_mh600_mw300_ml0.0,3.0,5,0.382,6.0,30.0,True,60,600,300,0.0,10014,145.1,31.2,13.9,65.7,20.4,25964.0,376.3,2.59,1778.0,256.6,6503,637.7,3511,29.3,720.0
i7.0_w5_p0.236_s6.0_t18.0_INV_cd60_mh600_mw300_ml0.0,7.0,5,0.236,6.0,18.0,True,60,600,300,0.0,10285,149.1,35.7,28.0,62.5,9.5,25895.0,375.3,2.52,970.0,226.6,6676,704.4,3609,37.5,407.0
i3.0_w3_p0.382_s6.0_t24.0_INV_cd60_mh600_mw300_ml0.0,3.0,3,0.382,6.0,24.0,True,60,600,300,0.0,10594,153.5,32.3,19.0,64.8,16.2,25706.0,372.5,2.43,1957.0,266.6,6900,602.1,3694,30.8,736.0
i5.0_w5_p0.236_s8.0_t30.0_INV_cd60_mh600_mw300_ml0.0,5.0,5,0.236,8.0,30.0,True,60,600,300,0.0,10095,146.3,34.0,16.9,61.2,21.9,25399.0,368.1,2.52,1571.0,216.0,6495,705.4,3600,33.2,810.0
i5.0_w3_p0.236_s8.0_t24.0_INV_cd60_mh600_mw300_ml0.0,5.0,3,0.236,8.0,24.0,True,60,600,300,0.0,10376,150.4,36.1,23.0,60.2,16.8,25107.0,363.9,2.42,1200.0,237.3,6677,642.0,3699,35.8,557.0
i3.0_w4_p0.382_s6.0_t24.0_INV_cd60_mh600_mw300_ml0.0,3.0,4,0.382,6.0,24.0,True,60,600,300,0.0,10459,151.6,32.6,18.6,64.4,17.0,24951.0,361.6,2.39,1698.0,275.6,6858,545.1,3601,30.8,528.0
i5.0_w4_p0.236_s6.0_t18.0_INV_cd60_mh600_mw300_ml0.0,5.0,4,0.236,6.0,18.0,True,60,600,300,0.0,10798,156.5,35.6,27.0,62.2,10.8,24879.0,360.6,2.3,1063.0,235.0,7133,636.3,3665,36.4,429.0
i5.0_w3_p0.236_s6.0_t18.0_INV_cd60_mh600_mw300_ml0.0,5.0,3,0.236,6.0,18.0,True,60,600,300,0.0,10850,157.2,35.3,27.3,62.8,9.9,24670.0,357.5,2.27,1052.0,263.1,7093,560.9,3757,35.5,418.0
i7.0_w4_p0.236_s8.0_t30.0_INV_cd60_mh600_mw300_ml0.0,7.0,4,0.236,8.0,30.0,True,60,600,300,0.0,9495,137.6,33.6,17.8,63.0,19.2,24622.0,356.8,2.59,1420.0,255.7,5999,575.8,3496,32.2,1039.0
i7.0_w3_p0.236_s8.0_t30.0_INV_cd60_mh600_mw300_ml0.0,7.0,3,0.236,8.0,30.0,True,60,600,300,0.0,9361,135.7,33.1,18.1,63.6,18.3,24557.0,355.9,2.62,1250.0,246.5,5877,594.2,3484,32.1,841.0
i3.0_w5_p0.236_s8.0_t18.0_INV_cd60_mh600_mw300_ml0.0,3.0,5,0.236,8.0,18.0,True,60,600,300,0.0,11064,160.3,41.0,29.9,54.8,15.3,24366.0,353.1,2.2,1069.0,199.7,7324,694.2,3740,42.2,683.0
i5.0_w4_p0.236_s8.0_t24.0_INV_cd60_mh600_mw300_ml0.0,5.0,4,0.236,8.0,24.0,True,60,600,300,0.0,10328,149.7,36.3,22.4,59.5,18.1,23985.0,347.6,2.32,1774.0,196.7,6693,683.0,3635,36.2,711.0
i5.0_w4_p0.236_s8.0_t30.0_INV_cd60_mh600_mw300_ml0.0,5.0,4,0.236,8.0,30.0,True,60,600,300,0.0,10104,146.4,33.8,17.1,61.9,21.1,23839.0,345.5,2.36,1590.0,216.4,6519,630.2,3585,32.6,1329.0
i5.0_w3_p0.236_s10.0_t30.0_INV_cd60_mh600_mw300_ml0.0,5.0,3,0.236,10.0,30.0,True,60,600,300,0.0,9939,144.0,37.3,19.4,56.7,23.9,23796.0,344.9,2.39,1540.0,239.6,6303,574.1,3636,35.8,1007.0
i3.0_w3_p0.236_s10.0_t30.0_INV_cd60_mh600_mw300_ml0.0,3.0,3,0.236,10.0,30.0,True,60,600,300,0.0,10419,151.0,37.5,18.7,55.5,25.8,23796.0,344.9,2.28,1398.0,232.4,6696,591.0,3723,35.8,1056.0
i7.0_w5_p0.236_s8.0_t30.0_INV_cd60_mh600_mw300_ml0.0,7.0,5,0.236,8.0,30.0,True,60,600,300,0.0,9577,138.8,33.7,17.3,62.6,20.1,23774.0,344.6,2.48,1546.0,176.3,6087,720.8,3490,33.6,905.0
i3.0_w3_p0.5_s6.0_t30.0_INV_cd60_mh600_mw300_ml0.0,3.0,3,0.5,6.0,30.0,True,60,600,300,0.0,9795,142.0,30.3,13.9,66.5,19.6,23550.0,341.3,2.4,1758.0,253.2,6327,530.7,3468,28.0,576.0
i5.0_w5_p0.236_s8.0_t24.0_INV_cd60_mh600_mw300_ml0.0,5.0,5,0.236,8.0,24.0,True,60,600,300,0.0,10359,150.1,36.0,22.4,59.4,18.2,23346.0,338.3,2.25,1477.0,173.1,6714,707.7,3645,36.4,785.0
i3.0_w5_p0.382_s6.0_t24.0_INV_cd60_mh600_mw300_ml0.0,3.0,5,0.382,6.0,24.0,True,60,600,300,0.0,10252,148.6,32.5,18.4,64.6,17.1,23209.0,336.4,2.26,1823.0,223.2,6684,584.3,3568,31.2,693.0
i5.0_w3_p0.382_s6.0_t30.0_INV_cd60_mh600_mw300_ml0.0,5.0,3,0.382,6.0,30.0,True,60,600,300,0.0,9637,139.7,29.6,14.3,68.2,17.4,22745.0,329.6,2.36,1518.0,208.5,6165,596.7,3472,28.3,724.0
i7.0_w4_p0.236_s6.0_t18.0_INV_cd60_mh600_mw300_ml0.0,7.0,4,0.236,6.0,18.0,True,60,600,300,0.0,10173,147.4,35.1,27.6,63.4,9.1,22560.0,327.0,2.22,732.0,221.7,6593,557.0,3580,35.6,370.0
i7.0_w4_p0.236_s8.0_t24.0_INV_cd60_mh600_mw300_ml0.0,7.0,4,0.236,8.0,24.0,True,60,600,300,0.0,9713,140.8,35.8,23.0,61.0,16.0,22355.0,324.0,2.3,1278.0,213.1,6188,567.3,3525,35.3,578.0
i7.0_w3_p0.236_s8.0_t24.0_INV_cd60_mh600_mw300_ml0.0,7.0,3,0.236,8.0,24.0,True,60,600,300,0.0,9638,139.7,35.2,23.6,61.6,14.7,22337.0,323.7,2.32,1103.0,218.6,6086,553.6,3552,34.8,530.0
i3.0_w3_p0.382_s8.0_t30.0_INV_cd60_mh600_mw300_ml0.0,3.0,3,0.382,8.0,30.0,True,60,600,300,0.0,10051,145.7,34.4,16.0,60.4,23.7,22269.0,322.7,2.22,2549.0,198.0,6418,598.5,3633,32.9,602.0
i3.0_w3_p0.5_s8.0_t30.0_INV_cd60_mh600_mw300_ml0.0,3.0,3,0.5,8.0,30.0,True,60,600,300,0.0,9537,138.2,34.8,15.8,60.0,24.2,22081.0,320.0,2.32,2105.0,235.8,6115,501.2,3422,32.4,779.0
i3.0_w3_p0.236_s8.0_t18.0_INV_cd60_mh600_mw300_ml0.0,3.0,3,0.236,8.0,18.0,True,60,600,300,0.0,11211,162.5,40.3,29.6,55.5,14.9,21909.0,317.5,1.95,1465.0,212.7,7386,547.0,3825,40.5,593.0
i7.0_w5_p0.236_s8.0_t24.0_INV_cd60_mh600_mw300_ml0.0,7.0,5,0.236,8.0,24.0,True,60,600,300,0.0,9827,142.4,35.8,22.8,60.7,16.5,21841.0,316.5,2.22,2105.0,155.7,6291,676.8,3536,36.5,784.0
i5.0_w5_p0.382_s6.0_t30.0_INV_cd60_mh600_mw300_ml0.0,5.0,5,0.382,6.0,30.0,True,60,600,300,0.0,9513,137.9,29.7,14.0,67.8,18.2,21602.0,313.1,2.27,2387.0,208.7,6085,541.6,3428,28.4,729.0
i5.0_w4_p0.382_s6.0_t30.0_INV_cd60_mh600_mw300_ml0.0,5.0,4,0.382,6.0,30.0,True,60,600,300,0.0,9593,139.0,29.4,14.1,68.1,17.9,21524.0,311.9,2.24,1212.0,245.2,6134,452.8,3459,26.9,840.0
i3.0_w4_p0.236_s10.0_t30.0_INV_cd60_mh600_mw300_ml0.0,3.0,4,0.236,10.0,30.0,True,60,600,300,0.0,10335,149.8,37.4,18.2,55.5,26.3,21492.0,311.5,2.08,1613.0,186.1,6683,589.3,3652,35.8,961.0
i5.0_w5_p0.236_s8.0_t18.0_INV_cd60_mh600_mw300_ml0.0,5.0,5,0.236,8.0,18.0,True,60,600,300,0.0,10660,154.5,40.0,30.2,55.9,13.9,21180.0,307.0,1.99,1442.0,159.2,6983,637.1,3677,41.6,606.0
i3.0_w5_p0.236_s10.0_t24.0_INV_cd60_mh600_mw300_ml0.0,3.0,5,0.236,10.0,24.0,True,60,600,300,0.0,10549,152.9,40.1,23.8,53.2,23.0,20907.0,303.0,1.98,1846.0,152.0,6837,640.8,3712,40.1,890.0
i7.0_w3_p0.236_s6.0_t18.0_INV_cd60_mh600_mw300_ml0.0,7.0,3,0.236,6.0,18.0,True,60,600,300,0.0,10092,146.3,34.2,27.6,64.2,8.1,20850.0,302.2,2.07,1124.0,211.8,6472,498.7,3620,34.7,433.0
i3.0_w5_p0.236_s10.0_t30.0_INV_cd60_mh600_mw300_ml0.0,3.0,5,0.236,10.0,30.0,True,60,600,300,0.0,10280,149.0,37.7,17.8,55.2,27.0,20521.0,297.4,2.0,1885.0,150.3,6613,626.4,3667,36.8,967.0
i3.0_w5_p0.236_s6.0_t12.0_INV_cd60_mh600_mw300_ml0.0,3.0,5,0.236,6.0,12.0,True,60,600,300,0.0,11590,168.0,43.0,37.2,55.1,7.7,20508.0,297.2,1.77,1126.0,188.7,7844,536.4,3746,45.3,436.0
i3.0_w5_p0.382_s8.0_t30.0_INV_cd60_mh600_mw300_ml0.0,3.0,5,0.382,8.0,30.0,True,60,600,300,0.0,9722,140.9,34.7,15.5,59.8,24.7,20378.0,295.3,2.1,2492.0,188.9,6270,529.7,3452,32.9,1291.0
i3.0_w4_p0.236_s10.0_t24.0_INV_cd60_mh600_mw300_ml0.0,3.0,4,0.236,10.0,24.0,True,60,600,300,0.0,10584,153.4,39.6,23.8,53.5,22.6,20272.0,293.8,1.92,2272.0,168.0,6882,573.3,3702,39.1,1004.0
i5.0_w3_p0.236_s10.0_t24.0_INV_cd60_mh600_mw300_ml0.0,5.0,3,0.236,10.0,24.0,True,60,600,300,0.0,10171,147.4,39.3,24.8,54.9,20.2,20005.0,289.9,1.97,1403.0,178.9,6487,535.3,3684,38.9,788.0
i3.0_w4_p0.236_s8.0_t18.0_INV_cd60_mh600_mw300_ml0.0,3.0,4,0.236,8.0,18.0,True,60,600,300,0.0,11111,161.0,40.1,29.3,55.6,15.1,19938.0,289.0,1.79,1351.0,146.7,7366,607.2,3745,41.3,544.0
i3.0_w3_p0.236_s10.0_t24.0_INV_cd60_mh600_mw300_ml0.0,3.0,3,0.236,10.0,24.0,True,60,600,300,0.0,10702,155.1,39.4,24.1,53.9,22.0,19921.0,288.7,1.86,1753.0,163.1,6916,568.1,3786,39.0,764.0
i5.0_w3_p0.382_s8.0_t30.0_INV_cd60_mh600_mw300_ml0.0,5.0,3,0.382,8.0,30.0,True,60,600,300,0.0,9368,135.8,33.7,16.4,62.0,21.6,19917.0,288.7,2.13,1439.0,189.6,5922,506.0,3446,32.3,700.0
i5.0_w3_p0.382_s6.0_t24.0_INV_cd60_mh600_mw300_ml0.0,5.0,3,0.382,6.0,24.0,True,60,600,300,0.0,9887,143.3,30.9,19.0,66.9,14.1,19857.0,287.8,2.01,1413.0,174.6,6366,538.2,3521,30.6,680.0
i3.0_w4_p0.382_s8.0_t30.0_INV_cd60_mh600_mw300_ml0.0,3.0,4,0.382,8.0,30.0,True,60,600,300,0.0,9949,144.2,34.3,15.5,60.3,24.2,19781.0,286.7,1.99,2530.0,218.5,6401,432.2,3548,31.7,916.0
i7.0_w3_p0.382_s6.0_t30.0_INV_cd60_mh600_mw300_ml0.0,7.0,3,0.382,6.0,30.0,True,60,600,300,0.0,8717,126.3,28.0,15.1,70.2,14.8,19689.0,285.3,2.26,846.0,185.4,5457,505.0,3260,27.1,591.0
i3.0_w3_p0.382_s8.0_t24.0_INV_cd60_mh600_mw300_ml0.0,3.0,3,0.382,8.0,24.0,True,60,600,300,0.0,10333,149.8,36.0,21.1,59.0,19.9,19611.0,284.2,1.9,2645.0,191.6,6658,486.8,3675,34.8,803.0
i7.0_w3_p0.236_s10.0_t30.0_INV_cd60_mh600_mw300_ml0.0,7.0,3,0.236,10.0,30.0,True,60,600,300,0.0,9170,132.9,36.3,19.7,58.7,21.6,19513.0,282.8,2.13,1446.0,168.3,5710,536.6,3460,35.4,1031.0
i5.0_w5_p0.382_s6.0_t24.0_INV_cd60_mh600_mw300_ml0.0,5.0,5,0.382,6.0,24.0,True,60,600,300,0.0,9728,141.0,31.2,18.7,66.4,14.9,19506.0,282.7,2.01,2015.0,180.1,6264,508.6,3464,30.5,598.0
i5.0_w4_p0.382_s6.0_t24.0_INV_cd60_mh600_mw300_ml0.0,5.0,4,0.382,6.0,24.0,True,60,600,300,0.0,9800,142.0,31.1,18.6,66.4,14.9,19424.0,281.5,1.98,1251.0,223.2,6304,404.1,3496,29.3,804.0
i5.0_w4_p0.236_s8.0_t18.0_INV_cd60_mh600_mw300_ml0.0,5.0,4,0.236,8.0,18.0,True,60,600,300,0.0,10608,153.7,39.9,29.7,56.4,14.0,19334.0,280.2,1.82,1461.0,161.7,6954,543.3,3654,40.5,525.0
i3.0_w4_p0.236_s6.0_t12.0_INV_cd60_mh600_mw300_ml0.0,3.0,4,0.236,6.0,12.0,True,60,600,300,0.0,11626,168.5,42.4,37.0,55.4,7.6,19167.0,277.8,1.65,1116.0,183.7,7891,484.0,3735,44.3,414.0
i7.0_w5_p0.236_s8.0_t18.0_INV_cd60_mh600_mw300_ml0.0,7.0,5,0.236,8.0,18.0,True,60,600,300,0.0,10110,146.5,39.6,30.6,57.1,12.3,18901.0,273.9,1.87,1312.0,127.1,6527,603.4,3583,41.4,596.0
i3.0_w4_p0.5_s6.0_t30.0_INV_cd60_mh600_mw300_ml0.0,3.0,4,0.5,6.0,30.0,True,60,600,300,0.0,9601,139.1,30.2,12.9,66.4,20.7,18745.0,271.7,1.95,2060.0,220.1,6187,378.9,3414,27.0,581.0
i7.0_w4_p0.382_s6.0_t30.0_INV_cd60_mh600_mw300_ml0.0,7.0,4,0.382,6.0,30.0,True,60,600,300,0.0,8774,127.2,28.3,14.5,69.7,15.8,18515.0,268.3,2.11,1115.0,223.3,5519,360.7,3255,26.2,825.0
i3.0_w3_p0.382_s6.0_t18.0_INV_cd60_mh600_mw300_ml0.0,3.0,3,0.382,6.0,18.0,True,60,600,300,0.0,10909,158.1,34.8,25.3,62.6,12.1,18408.0,266.8,1.69,2128.0,184.4,7195,446.4,3714,34.4,477.0
i3.0_w3_p0.236_s6.0_t12.0_INV_cd60_mh600_mw300_ml0.0,3.0,3,0.236,6.0,12.0,True,60,600,300,0.0,11739,170.1,42.1,36.8,55.9,7.3,18235.0,264.3,1.55,1336.0,216.3,7921,363.6,3818,42.5,710.0
i5.0_w3_p0.5_s6.0_t30.0_INV_cd60_mh600_mw300_ml0.0,5.0,3,0.5,6.0,30.0,True,60,600,300,0.0,9042,131.0,28.6,14.1,69.0,16.9,18234.0,264.3,2.02,1579.0,204.7,5760,390.6,3282,26.4,776.0
i5.0_w4_p0.236_s6.0_t12.0_INV_cd60_mh600_mw300_ml0.0,5.0,4,0.236,6.0,12.0,True,60,600,300,0.0,11098,160.8,42.1,37.4,56.0,6.6,18171.0,263.4,1.64,985.0,175.8,7409,455.1,3689,43.9,365.0
i5.0_w3_p0.236_s8.0_t18.0_INV_cd60_mh600_mw300_ml0.0,5.0,3,0.236,8.0,18.0,True,60,600,300,0.0,10679,154.8,39.4,29.9,57.2,13.0,18067.0,261.8,1.69,1528.0,161.2,6933,484.2,3746,39.9,541.0
i5.0_w5_p0.236_s6.0_t12.0_INV_cd60_mh600_mw300_ml0.0,5.0,5,0.236,6.0,12.0,True,60,600,300,0.0,11151,161.6,42.1,37.4,56.0,6.7,17985.0,260.7,1.61,1492.0,150.7,7448,504.8,3703,44.8,389.0
i7.0_w5_p0.236_s6.0_t12.0_INV_cd60_mh600_mw300_ml0.0,7.0,5,0.236,6.0,12.0,True,60,600,300,0.0,10543,152.8,42.1,38.1,56.5,5.4,17859.0,258.8,1.69,989.0,167.6,6915,459.2,3628,44.2,320.0
i7.0_w4_p0.236_s8.0_t18.0_INV_cd60_mh600_mw300_ml0.0,7.0,4,0.236,8.0,18.0,True,60,600,300,0.0,10008,145.0,39.4,30.5,57.6,11.9,17778.0,257.7,1.78,1002.0,155.6,6432,483.6,3576,40.0,480.0
i3.0_w4_p0.382_s8.0_t24.0_INV_cd60_mh600_mw300_ml0.0,3.0,4,0.382,8.0,24.0,True,60,600,300,0.0,10196,147.8,36.1,20.6,58.8,20.6,17717.0,256.8,1.74,2172.0,194.8,6610,389.2,3586,34.3,726.0
i5.0_w4_p0.236_s10.0_t30.0_INV_cd60_mh600_mw300_ml0.0,5.0,4,0.236,10.0,30.0,True,60,600,300,0.0,9859,142.9,36.7,18.2,57.0,24.7,17668.0,256.1,1.79,1650.0,163.5,6295,459.9,3564,34.9,1650.0
i5.0_w5_p0.236_s10.0_t24.0_INV_cd60_mh600_mw300_ml0.0,5.0,5,0.236,10.0,24.0,True,60,600,300,0.0,10131,146.8,39.1,24.0,54.5,21.5,17563.0,254.5,1.73,1788.0,125.3,6501,543.9,3630,39.1,1066.0
i3.0_w4_p0.5_s6.0_t24.0_INV_cd60_mh600_mw300_ml0.0,3.0,4,0.5,6.0,24.0,True,60,600,300,0.0,9825,142.4,31.7,17.4,65.2,17.4,17530.0,254.1,1.78,1887.0,205.6,6376,355.0,3449,29.2,508.0
i3.0_w5_p0.236_s10.0_t18.0_INV_cd60_mh600_mw300_ml0.0,3.0,5,0.236,10.0,18.0,True,60,600,300,0.0,10860,157.4,44.0,31.6,49.8,18.5,17478.0,253.3,1.61,2001.0,94.9,7109,610.8,3751,45.7,820.0
i3.0_w4_p0.382_s6.0_t18.0_INV_cd60_mh600_mw300_ml0.0,3.0,4,0.382,6.0,18.0,True,60,600,300,0.0,10751,155.8,35.0,24.8,62.3,12.9,17406.0,252.3,1.62,1770.0,196.9,7093,369.6,3658,33.7,660.0
i3.0_w5_p0.382_s6.0_t18.0_INV_cd60_mh600_mw300_ml0.0,3.0,5,0.382,6.0,18.0,True,60,600,300,0.0,10573,153.2,35.1,24.7,62.1,13.1,17360.0,251.6,1.64,1540.0,171.9,6969,425.7,3604,34.5,998.0
i3.0_w3_p0.5_s6.0_t24.0_INV_cd60_mh600_mw300_ml0.0,3.0,3,0.5,6.0,24.0,True,60,600,300,0.0,10020,145.2,31.2,17.8,65.9,16.4,17290.0,250.6,1.73,1279.0,197.1,6478,363.4,3542,28.9,509.0
i3.0_w3_p0.382_s10.0_t30.0_INV_cd60_mh600_mw300_ml0.0,3.0,3,0.382,10.0,30.0,True,60,600,300,0.0,9813,142.2,37.4,17.3,55.0,27.7,17199.0,249.3,1.75,2806.0,143.3,6270,484.5,3543,35.9,794.0
i3.0_w5_p0.382_s8.0_t24.0_INV_cd60_mh600_mw300_ml0.0,3.0,5,0.382,8.0,24.0,True,60,600,300,0.0,9982,144.7,36.3,20.4,58.5,21.0,17182.0,249.0,1.72,2270.0,164.8,6455,433.7,3527,34.6,795.0
i5.0_w5_p0.236_s10.0_t30.0_INV_cd60_mh600_mw300_ml0.0,5.0,5,0.236,10.0,30.0,True,60,600,300,0.0,9865,143.0,36.6,18.0,56.6,25.4,17101.0,247.8,1.73,1861.0,127.9,6296,515.8,3569,35.6,1188.0
i7.0_w4_p0.236_s10.0_t30.0_INV_cd60_mh600_mw300_ml0.0,7.0,4,0.236,10.0,30.0,True,60,600,300,0.0,9261,134.2,36.3,18.8,58.2,22.9,16951.0,245.7,1.83,1763.0,175.0,5812,399.0,3449,34.7,1214.0
i7.0_w5_p0.236_s10.0_t24.0_INV_cd60_mh600_mw300_ml0.0,7.0,5,0.236,10.0,24.0,True,60,600,300,0.0,9607,139.2,39.0,24.7,55.6,19.8,16843.0,244.1,1.75,3213.0,106.6,6100,553.3,3507,39.5,992.0
i5.0_w4_p0.236_s10.0_t24.0_INV_cd60_mh600_mw300_ml0.0,5.0,4,0.236,10.0,24.0,True,60,600,300,0.0,10093,146.3,39.1,23.9,54.9,21.2,16822.0,243.8,1.67,2711.0,123.5,6472,513.0,3621,38.6,774.0
i7.0_w4_p0.236_s6.0_t12.0_INV_cd60_mh600_mw300_ml0.0,7.0,4,0.236,6.0,12.0,True,60,600,300,0.0,10454,151.5,41.9,38.0,56.8,5.2,16756.0,242.8,1.6,843.0,165.6,6838,411.4,3616,43.3,362.0
i3.0_w3_p0.236_s12.0_t30.0_INV_cd60_mh600_mw300_ml0.0,3.0,3,0.236,12.0,30.0,True,60,600,300,0.0,10229,148.2,39.6,19.7,51.3,28.9,16610.0,240.7,1.62,1697.0,149.5,6527,442.1,3702,38.2,1697.0
i5.0_w3_p0.236_s12.0_t30.0_INV_cd60_mh600_mw300_ml0.0,5.0,3,0.236,12.0,30.0,True,60,600,300,0.0,9716,140.8,39.6,20.3,52.3,27.4,16568.0,240.1,1.71,1686.0,151.1,6119,436.4,3597,38.3,1657.0
i5.0_w4_p0.382_s8.0_t30.0_INV_cd60_mh600_mw300_ml0.0,5.0,4,0.382,8.0,30.0,True,60,600,300,0.0,9315,135.0,33.2,15.7,61.9,22.4,16552.0,239.9,1.78,1990.0,186.5,5918,353.0,3397,30.9,1198.0
i7.0_w3_p0.236_s8.0_t18.0_INV_cd60_mh600_mw300_ml0.0,7.0,3,0.236,8.0,18.0,True,60,600,300,0.0,9923,143.8,38.9,30.6,58.4,11.0,16324.0,236.6,1.65,1291.0,142.8,6329,444.2,3594,39.5,550.0
i7.0_w4_p0.382_s6.0_t24.0_INV_cd60_mh600_mw300_ml0.0,7.0,4,0.382,6.0,24.0,True,60,600,300,0.0,8999,130.4,30.0,19.0,68.0,12.9,16296.0,236.2,1.81,1148.0,174.0,5693,370.0,3306,29.0,507.0
i3.0_w3_p0.5_s8.0_t24.0_INV_cd60_mh600_mw300_ml0.0,3.0,3,0.5,8.0,24.0,True,60,600,300,0.0,9748,141.3,35.9,20.5,59.1,20.4,16286.0,236.0,1.67,1722.0,176.2,6272,364.4,3476,33.9,733.0
i7.0_w5_p0.382_s6.0_t30.0_INV_cd60_mh600_mw300_ml0.0,7.0,5,0.382,6.0,30.0,True,60,600,300,0.0,8881,128.7,27.9,14.2,69.9,15.8,16176.0,234.4,1.82,2136.0,167.9,5598,378.6,3283,26.5,730.0
i3.0_w4_p0.5_s8.0_t30.0_INV_cd60_mh600_mw300_ml0.0,3.0,4,0.5,8.0,30.0,True,60,600,300,0.0,9274,134.4,34.5,14.7,59.7,25.6,16124.0,233.7,1.74,2554.0,192.7,5922,318.2,3352,31.3,846.0
i5.0_w5_p0.236_s10.0_t18.0_INV_cd60_mh600_mw300_ml0.0,5.0,5,0.236,10.0,18.0,True,60,600,300,0.0,10447,151.4,43.3,32.4,50.8,16.8,16058.0,232.7,1.54,1526.0,92.4,6782,549.1,3665,44.9,872.0
i3.0_w3_p0.618_s8.0_t30.0_INV_cd60_mh600_mw300_ml0.0,3.0,3,0.618,8.0,30.0,True,60,600,300,0.0,8937,129.5,34.3,14.8,60.4,24.8,15913.0,230.6,1.78,1941.0,205.7,5684,277.9,3253,31.0,1331.0
i5.0_w5_p0.382_s8.0_t30.0_INV_cd60_mh600_mw300_ml0.0,5.0,5,0.382,8.0,30.0,True,60,600,300,0.0,9216,133.6,33.6,15.6,61.5,22.9,15798.0,229.0,1.71,2408.0,137.1,5866,432.5,3350,32.2,764.0
i7.0_w3_p0.236_s10.0_t24.0_INV_cd60_mh600_mw300_ml0.0,7.0,3,0.236,10.0,24.0,True,60,600,300,0.0,9448,136.9,38.3,25.3,56.9,17.9,15751.0,228.3,1.67,2309.0,127.4,5916,452.8,3532,38.1,827.0
i3.0_w5_p0.236_s12.0_t30.0_INV_cd60_mh600_mw300_ml0.0,3.0,5,0.236,12.0,30.0,True,60,600,300,0.0,10025,145.3,39.9,18.7,50.4,30.9,15740.0,228.1,1.57,1886.0,126.5,6374,454.4,3651,38.5,1374.0
i3.0_w3_p0.5_s10.0_t30.0_INV_cd60_mh600_mw300_ml0.0,3.0,3,0.5,10.0,30.0,True,60,600,300,0.0,9272,134.4,37.7,17.1,54.9,28.0,15696.0,227.5,1.69,2647.0,156.4,5910,382.5,3362,35.6,937.0
i3.0_w5_p0.5_s6.0_t24.0_INV_cd60_mh600_mw300_ml0.0,3.0,5,0.5,6.0,24.0,True,60,600,300,0.0,9561,138.6,31.4,17.1,65.2,17.7,15689.0,227.4,1.64,1383.0,139.1,6184,422.4,3377,29.9,579.0
i3.0_w5_p0.236_s12.0_t24.0_INV_cd60_mh600_mw300_ml0.0,3.0,5,0.236,12.0,24.0,True,60,600,300,0.0,10322,149.6,42.3,25.0,48.8,26.1,15646.0,226.8,1.52,2304.0,106.5,6641,496.4,3681,41.9,1503.0
i5.0_w3_p0.5_s8.0_t30.0_INV_cd60_mh600_mw300_ml0.0,5.0,3,0.5,8.0,30.0,True,60,600,300,0.0,8768,127.1,33.3,16.1,62.4,21.5,15641.0,226.7,1.78,2153.0,176.0,5546,334.1,3222,30.8,787.0
i7.0_w4_p0.236_s10.0_t24.0_INV_cd60_mh600_mw300_ml0.0,7.0,4,0.236,10.0,24.0,True,60,600,300,0.0,9484,137.4,38.7,24.5,56.1,19.4,15635.0,226.6,1.65,1915.0,150.4,5984,393.5,3500,37.7,799.0
i3.0_w3_p0.618_s6.0_t30.0_INV_cd60_mh600_mw300_ml0.0,3.0,3,0.618,6.0,30.0,True,60,600,300,0.0,9255,134.1,29.5,12.6,67.4,20.0,15625.0,226.5,1.69,1666.0,200.8,5893,275.6,3362,26.3,1505.0
i5.0_w3_p0.382_s10.0_t30.0_INV_cd60_mh600_mw300_ml0.0,5.0,3,0.382,10.0,30.0,True,60,600,300,0.0,9138,132.4,36.8,17.8,56.8,25.4,15564.0,225.6,1.7,1984.0,123.0,5763,454.3,3375,35.8,962.0
i7.0_w3_p0.382_s6.0_t24.0_INV_cd60_mh600_mw300_ml0.0,7.0,3,0.382,6.0,24.0,True,60,600,300,0.0,8939,129.6,29.4,19.6,68.9,11.5,15469.0,224.2,1.73,1169.0,148.4,5614,390.4,3325,28.7,754.0
i3.0_w5_p0.5_s6.0_t30.0_INV_cd60_mh600_mw300_ml0.0,3.0,5,0.5,6.0,30.0,True,60,600,300,0.0,9372,135.8,29.6,12.5,66.8,20.7,15287.0,221.6,1.63,1434.0,137.8,6027,406.4,3345,27.1,718.0
i3.0_w4_p0.5_s8.0_t24.0_INV_cd60_mh600_mw300_ml0.0,3.0,4,0.5,8.0,24.0,True,60,600,300,0.0,9519,138.0,36.2,19.8,58.3,21.9,15222.0,220.6,1.6,2504.0,177.6,6132,310.4,3387,33.7,631.0
i5.0_w3_p0.236_s6.0_t12.0_INV_cd60_mh600_mw300_ml0.0,5.0,3,0.236,6.0,12.0,True,60,600,300,0.0,11126,161.2,41.3,36.8,57.0,6.2,15127.0,219.2,1.36,972.0,176.8,7369,307.7,3757,41.7,542.0
i5.0_w3_p0.382_s8.0_t24.0_INV_cd60_mh600_mw300_ml0.0,5.0,3,0.382,8.0,24.0,True,60,600,300,0.0,9628,139.5,35.1,21.2,60.8,18.0,15112.0,219.0,1.57,1614.0,128.9,6150,418.8,3478,34.6,758.0
i3.0_w5_p0.236_s8.0_t12.0_INV_cd60_mh600_mw300_ml0.0,3.0,5,0.236,8.0,12.0,True,60,600,300,0.0,11419,165.5,47.2,40.5,49.0,10.4,14884.0,215.7,1.3,1664.0,102.4,7657,469.8,3762,49.7,521.0
i7.0_w3_p0.382_s8.0_t30.0_INV_cd60_mh600_mw300_ml0.0,7.0,3,0.382,8.0,30.0,True,60,600,300,0.0,8486,123.0,32.0,16.8,64.6,18.6,14796.0,214.4,1.74,1038.0,129.5,5276,402.4,3210,30.9,745.0
i5.0_w5_p0.382_s8.0_t24.0_INV_cd60_mh600_mw300_ml0.0,5.0,5,0.382,8.0,24.0,True,60,600,300,0.0,9460,137.1,35.4,20.9,60.0,19.1,14707.0,213.1,1.55,2155.0,120.9,6044,418.2,3416,34.7,634.0
i5.0_w4_p0.5_s6.0_t30.0_INV_cd60_mh600_mw300_ml0.0,5.0,4,0.5,6.0,30.0,True,60,600,300,0.0,8925,129.3,28.7,13.2,68.6,18.2,14517.0,210.4,1.63,1162.0,168.7,5660,297.8,3265,25.9,659.0
i7.0_w5_p0.236_s10.0_t30.0_INV_cd60_mh600_mw300_ml0.0,7.0,5,0.236,10.0,30.0,True,60,600,300,0.0,9335,135.3,36.2,18.2,58.0,23.7,14389.0,208.5,1.54,3364.0,63.7,5897,536.6,3438,36.0,1257.0
i7.0_w3_p0.5_s6.0_t30.0_INV_cd60_mh600_mw300_ml0.0,7.0,3,0.5,6.0,30.0,True,60,600,300,0.0,7991,115.8,27.1,14.6,70.8,14.7,14369.0,208.2,1.8,1386.0,174.8,4959,276.4,3032,25.1,1045.0
i3.0_w5_p0.5_s8.0_t30.0_INV_cd60_mh600_mw300_ml0.0,3.0,5,0.5,8.0,30.0,True,60,600,300,0.0,9042,131.0,34.3,14.3,59.5,26.2,14213.0,206.0,1.57,2116.0,114.7,5758,409.1,3284,32.3,970.0
i7.0_w5_p0.382_s6.0_t24.0_INV_cd60_mh600_mw300_ml0.0,7.0,5,0.382,6.0,24.0,True,60,600,300,0.0,9068,131.4,29.6,18.7,68.4,12.9,14112.0,204.5,1.56,2316.0,125.0,5754,380.4,3314,29.1,619.0
i5.0_w4_p0.236_s10.0_t18.0_INV_cd60_mh600_mw300_ml0.0,5.0,4,0.236,10.0,18.0,True,60,600,300,0.0,10419,151.0,43.0,31.9,51.3,16.8,14084.0,204.1,1.35,2187.0,82.5,6761,478.1,3658,44.1,674.0
i3.0_w3_p0.382_s10.0_t24.0_INV_cd60_mh600_mw300_ml0.0,3.0,3,0.382,10.0,24.0,True,60,600,300,0.0,10124,146.7,39.2,22.7,53.7,23.6,13947.0,202.1,1.38,2953.0,120.4,6503,383.2,3621,38.1,1146.0
i7.0_w5_p0.236_s8.0_t12.0_INV_cd60_mh600_mw300_ml0.0,7.0,5,0.236,8.0,12.0,True,60,600,300,0.0,10400,150.7,46.8,42.0,50.4,7.6,13732.0,199.0,1.32,1418.0,96.0,6777,429.9,3623,49.3,452.0
i3.0_w4_p0.236_s10.0_t18.0_INV_cd60_mh600_mw300_ml0.0,3.0,4,0.236,10.0,18.0,True,60,600,300,0.0,10917,158.2,42.9,31.4,50.7,17.8,13718.0,198.8,1.26,2089.0,66.0,7171,499.2,3746,44.2,724.0
i5.0_w3_p0.382_s6.0_t18.0_INV_cd60_mh600_mw300_ml0.0,5.0,3,0.382,6.0,18.0,True,60,600,300,0.0,10187,147.6,33.6,25.2,64.4,10.4,13702.0,198.6,1.35,1605.0,114.4,6602,385.6,3585,33.8,610.0
i3.0_w3_p0.618_s10.0_t30.0_INV_cd60_mh600_mw300_ml0.0,3.0,3,0.618,10.0,30.0,True,60,600,300,0.0,8637,125.2,37.8,16.3,54.1,29.6,13671.0,198.1,1.58,2257.0,154.0,5458,291.6,3179,35.7,1611.0
i3.0_w5_p0.5_s10.0_t30.0_INV_cd60_mh600_mw300_ml0.0,3.0,5,0.5,10.0,30.0,True,60,600,300,0.0,8753,126.9,38.1,15.9,53.4,30.6,13663.0,198.0,1.56,2024.0,110.2,5537,393.4,3216,36.1,1346.0
i3.0_w5_p0.382_s10.0_t30.0_INV_cd60_mh600_mw300_ml0.0,3.0,5,0.382,10.0,30.0,True,60,600,300,0.0,9451,137.0,37.6,16.6,54.6,28.8,13611.0,197.3,1.44,2700.0,107.3,6054,397.8,3397,35.7,1480.0
i3.0_w5_p0.5_s8.0_t24.0_INV_cd60_mh600_mw300_ml0.0,3.0,5,0.5,8.0,24.0,True,60,600,300,0.0,9285,134.6,35.9,19.5,58.3,22.2,13575.0,196.7,1.46,2059.0,115.8,5954,376.2,3331,34.7,785.0
i5.0_w4_p0.5_s6.0_t24.0_INV_cd60_mh600_mw300_ml0.0,5.0,4,0.5,6.0,24.0,True,60,600,300,0.0,9133,132.4,30.3,17.8,67.2,15.0,13565.0,196.6,1.49,1041.0,166.0,5820,258.6,3313,28.0,748.0
i7.0_w4_p0.236_s10.0_t18.0_INV_cd60_mh600_mw300_ml0.0,7.0,4,0.236,10.0,18.0,True,60,600,300,0.0,9830,142.5,42.8,32.9,52.3,14.8,13524.0,196.0,1.38,1158.0,108.0,6261,392.0,3569,43.4,662.0
i5.0_w5_p0.382_s6.0_t18.0_INV_cd60_mh600_mw300_ml0.0,5.0,5,0.382,6.0,18.0,True,60,600,300,0.0,10018,145.2,33.8,24.9,64.0,11.1,13438.0,194.8,1.34,1855.0,121.0,6505,357.5,3513,33.7,492.0
i5.0_w5_p0.236_s12.0_t24.0_INV_cd60_mh600_mw300_ml0.0,5.0,5,0.236,12.0,24.0,True,60,600,300,0.0,9913,143.7,41.5,25.5,49.8,24.8,13377.0,193.9,1.35,2388.0,79.3,6318,451.9,3595,41.5,1425.0
i3.0_w3_p0.236_s10.0_t18.0_INV_cd60_mh600_mw300_ml0.0,3.0,3,0.236,10.0,18.0,True,60,600,300,0.0,11015,159.6,42.9,31.3,50.9,17.7,13314.0,193.0,1.21,2319.0,110.2,7191,376.9,3824,43.1,991.0
i3.0_w3_p0.618_s12.0_t30.0_INV_cd60_mh600_mw300_ml0.0,3.0,3,0.618,12.0,30.0,True,60,600,300,0.0,8401,121.8,40.6,17.7,48.6,33.7,13264.0,192.2,1.58,2447.0,171.3,5289,231.9,3112,38.2,1963.0
i5.0_w4_p0.236_s8.0_t12.0_INV_cd60_mh600_mw300_ml0.0,5.0,4,0.236,8.0,12.0,True,60,600,300,0.0,10930,158.4,46.6,41.0,50.1,8.9,13193.0,191.2,1.21,1552.0,107.4,7249,377.5,3681,48.3,462.0
i7.0_w4_p0.236_s8.0_t12.0_INV_cd60_mh600_mw300_ml0.0,7.0,4,0.236,8.0,12.0,True,60,600,300,0.0,10323,149.6,46.7,41.9,50.8,7.3,13120.0,190.1,1.27,1232.0,111.6,6708,364.2,3615,48.2,447.0
i7.0_w3_p0.236_s6.0_t12.0_INV_cd60_mh600_mw300_ml0.0,7.0,3,0.236,6.0,12.0,True,60,600,300,0.0,10291,149.1,40.7,37.3,58.0,4.7,13068.0,189.4,1.27,1250.0,141.0,6662,293.4,3629,41.4,444.0
i7.0_w3_p0.5_s8.0_t30.0_INV_cd60_mh600_mw300_ml0.0,7.0,3,0.5,8.0,30.0,True,60,600,300,0.0,7749,112.3,31.9,16.8,64.5,18.7,12951.0,187.7,1.67,2028.0,151.4,4774,263.4,2975,29.8,1119.0
i5.0_w3_p0.5_s6.0_t24.0_INV_cd60_mh600_mw300_ml0.0,5.0,3,0.5,6.0,24.0,True,60,600,300,0.0,9242,133.9,29.7,18.0,68.0,13.9,12840.0,186.1,1.39,1281.0,134.3,5904,298.1,3338,28.1,579.0
i7.0_w5_p0.236_s10.0_t18.0_INV_cd60_mh600_mw300_ml0.0,7.0,5,0.236,10.0,18.0,True,60,600,300,0.0,9910,143.6,42.7,32.6,52.1,15.3,12834.0,186.0,1.3,2861.0,63.5,6343,463.1,3567,44.2,818.0
i3.0_w4_p0.236_s12.0_t30.0_INV_cd60_mh600_mw300_ml0.0,3.0,4,0.236,12.0,30.0,True,60,600,300,0.0,10123,146.7,39.3,18.9,51.3,29.8,12824.0,185.9,1.27,2900.0,97.2,6468,383.9,3655,37.6,1900.0
i5.0_w4_p0.382_s8.0_t24.0_INV_cd60_mh600_mw300_ml0.0,5.0,4,0.382,8.0,24.0,True,60,600,300,0.0,9556,138.5,34.7,20.5,60.7,18.8,12819.0,185.8,1.34,2029.0,139.2,6109,285.7,3447,33.1,1263.0
i5.0_w5_p0.236_s8.0_t12.0_INV_cd60_mh600_mw300_ml0.0,5.0,5,0.236,8.0,12.0,True,60,600,300,0.0,10984,159.2,46.5,40.9,49.9,9.2,12800.0,185.5,1.17,2045.0,66.3,7277,454.9,3707,49.5,513.0
i3.0_w3_p0.618_s6.0_t24.0_INV_cd60_mh600_mw300_ml0.0,3.0,3,0.618,6.0,24.0,True,60,600,300,0.0,9462,137.1,30.8,16.9,66.3,16.8,12712.0,184.2,1.34,1751.0,148.9,6055,257.8,3407,28.3,1222.0
i3.0_w3_p0.5_s12.0_t30.0_INV_cd60_mh600_mw300_ml0.0,3.0,3,0.5,12.0,30.0,True,60,600,300,0.0,9026,130.8,40.5,18.1,49.9,32.0,12632.0,183.1,1.4,2501.0,163.5,5726,220.1,3300,37.8,1694.0
i3.0_w4_p0.236_s8.0_t12.0_INV_cd60_mh600_mw300_ml0.0,3.0,4,0.236,8.0,12.0,True,60,600,300,0.0,11449,165.9,46.6,40.1,49.7,10.2,12600.0,182.6,1.1,1944.0,86.8,7714,397.4,3735,48.5,542.0
i5.0_w4_p0.382_s6.0_t18.0_INV_cd60_mh600_mw300_ml0.0,5.0,4,0.382,6.0,18.0,True,60,600,300,0.0,10085,146.2,33.6,24.6,64.3,11.1,12561.0,182.0,1.25,1688.0,140.2,6526,271.1,3559,32.6,1058.0
i3.0_w5_p0.236_s12.0_t18.0_INV_cd60_mh600_mw300_ml0.0,3.0,5,0.236,12.0,18.0,True,60,600,300,0.0,10667,154.6,46.1,33.5,45.6,20.9,12463.0,180.6,1.17,1948.0,53.8,6936,467.9,3731,47.5,1242.0
i7.0_w3_p0.236_s12.0_t30.0_INV_cd60_mh600_mw300_ml0.0,7.0,3,0.236,12.0,30.0,True,60,600,300,0.0,8986,130.2,38.4,20.7,54.5,24.8,12460.0,180.6,1.39,2605.0,98.3,5557,364.0,3429,37.4,1870.0
i3.0_w3_p0.236_s12.0_t24.0_INV_cd60_mh600_mw300_ml0.0,3.0,3,0.236,12.0,24.0,True,60,600,300,0.0,10502,152.2,41.6,25.3,49.7,25.1,12442.0,180.3,1.18,3643.0,69.3,6704,430.7,3798,41.4,1462.0
i7.0_w4_p0.382_s8.0_t30.0_INV_cd60_mh600_mw300_ml0.0,7.0,4,0.382,8.0,30.0,True,60,600,300,0.0,8523,123.5,32.2,16.1,64.1,19.8,12438.0,180.3,1.46,1779.0,149.1,5327,244.3,3196,30.0,1022.0
i5.0_w4_p0.5_s8.0_t30.0_INV_cd60_mh600_mw300_ml0.0,5.0,4,0.5,8.0,30.0,True,60,600,300,0.0,8592,124.5,33.1,15.1,61.8,23.1,12375.0,179.4,1.44,1506.0,136.3,5412,271.3,3180,30.6,908.0
i3.0_w4_p0.382_s10.0_t30.0_INV_cd60_mh600_mw300_ml0.0,3.0,4,0.382,10.0,30.0,True,60,600,300,0.0,9695,140.5,37.0,16.6,55.3,28.2,12338.0,178.8,1.27,3045.0,112.9,6219,324.2,3476,35.0,862.0
i3.0_w3_p0.5_s6.0_t18.0_INV_cd60_mh600_mw300_ml0.0,3.0,3,0.5,6.0,18.0,True,60,600,300,0.0,10324,149.6,33.8,24.2,63.5,12.4,12263.0,177.7,1.19,1866.0,138.0,6726,262.1,3598,32.4,579.0
i3.0_w5_p0.5_s6.0_t18.0_INV_cd60_mh600_mw300_ml0.0,3.0,5,0.5,6.0,18.0,True,60,600,300,0.0,9842,142.6,34.1,23.7,62.7,13.6,12234.0,177.3,1.24,1454.0,105.8,6387,335.6,3455,33.5,646.0
i5.0_w5_p0.236_s12.0_t30.0_INV_cd60_mh600_mw300_ml0.0,5.0,5,0.236,12.0,30.0,True,60,600,300,0.0,9640,139.7,39.0,19.1,51.9,29.0,12228.0,177.2,1.27,2083.0,86.8,6111,379.8,3529,37.7,1318.0
i7.0_w4_p0.5_s6.0_t30.0_INV_cd60_mh600_mw300_ml0.0,7.0,4,0.5,6.0,30.0,True,60,600,300,0.0,7997,115.9,27.3,13.8,70.5,15.7,12198.0,176.8,1.53,967.0,141.8,4956,250.1,3041,25.4,689.0
i5.0_w3_p0.236_s12.0_t24.0_INV_cd60_mh600_mw300_ml0.0,5.0,3,0.236,12.0,24.0,True,60,600,300,0.0,9969,144.5,41.6,25.9,50.8,23.3,12112.0,175.5,1.22,2840.0,78.3,6300,394.1,3669,41.2,1396.0
i5.0_w3_p0.382_s10.0_t24.0_INV_cd60_mh600_mw300_ml0.0,5.0,3,0.382,10.0,24.0,True,60,600,300,0.0,9415,136.4,38.5,23.3,55.4,21.3,11889.0,172.3,1.26,2400.0,95.9,5987,342.4,3428,37.9,1031.0
i7.0_w5_p0.382_s8.0_t24.0_INV_cd60_mh600_mw300_ml0.0,7.0,5,0.382,8.0,24.0,True,60,600,300,0.0,8823,127.9,34.5,21.4,61.8,16.8,11866.0,172.0,1.34,2383.0,82.5,5549,372.5,3274,34.1,832.0
i7.0_w3_p0.382_s10.0_t30.0_INV_cd60_mh600_mw300_ml0.0,7.0,3,0.382,10.0,30.0,True,60,600,300,0.0,8265,119.8,35.5,18.4,59.2,22.4,11854.0,171.8,1.43,1435.0,105.2,5112,319.1,3153,34.6,902.0
i3.0_w3_p0.236_s8.0_t12.0_INV_cd60_mh600_mw300_ml0.0,3.0,3,0.236,8.0,12.0,True,60,600,300,0.0,11571,167.7,46.3,40.1,50.1,9.8,11750.0,170.3,1.02,1989.0,109.8,7752,303.3,3819,47.3,823.0
i5.0_w4_p0.5_s8.0_t24.0_INV_cd60_mh600_mw300_ml0.0,5.0,4,0.5,8.0,24.0,True,60,600,300,0.0,8831,128.0,34.9,20.3,60.2,19.5,11726.0,169.9,1.33,1628.0,145.4,5589,219.2,3242,32.5,932.0
i7.0_w5_p0.382_s8.0_t30.0_INV_cd60_mh600_mw300_ml0.0,7.0,5,0.382,8.0,30.0,True,60,600,300,0.0,8596,124.6,32.2,16.1,63.8,20.1,11645.0,168.8,1.35,2705.0,99.5,5397,322.4,3199,30.9,1170.0
i3.0_w4_p0.5_s10.0_t30.0_INV_cd60_mh600_mw300_ml0.0,3.0,4,0.5,10.0,30.0,True,60,600,300,0.0,9019,130.7,37.3,16.1,54.5,29.4,11568.0,167.7,1.28,3540.0,111.7,5739,290.2,3280,35.1,976.0
i3.0_w3_p0.382_s8.0_t18.0_INV_cd60_mh600_mw300_ml0.0,3.0,3,0.382,8.0,18.0,True,60,600,300,0.0,10687,154.9,38.8,27.7,56.8,15.5,11560.0,167.5,1.08,2509.0,102.4,6981,311.5,3706,38.3,761.0
i3.0_w5_p0.5_s10.0_t24.0_INV_cd60_mh600_mw300_ml0.0,3.0,5,0.5,10.0,24.0,True,60,600,300,0.0,9025,130.8,39.4,21.4,52.3,26.4,11528.0,167.1,1.28,2376.0,112.0,5735,287.5,3290,37.8,1342.0
i3.0_w4_p0.5_s6.0_t18.0_INV_cd60_mh600_mw300_ml0.0,3.0,4,0.5,6.0,18.0,True,60,600,300,0.0,10121,146.7,33.8,23.7,63.3,13.0,11521.0,167.0,1.14,1750.0,123.4,6635,260.6,3486,32.4,663.0
i5.0_w3_p0.236_s10.0_t18.0_INV_cd60_mh600_mw300_ml0.0,5.0,3,0.236,10.0,18.0,True,60,600,300,0.0,10503,152.2,42.5,31.9,52.2,15.9,11408.0,165.3,1.09,1540.0,88.8,6773,336.0,3730,42.7,1191.0
i3.0_w5_p0.382_s8.0_t18.0_INV_cd60_mh600_mw300_ml0.0,3.0,5,0.382,8.0,18.0,True,60,600,300,0.0,10334,149.8,39.1,27.2,56.0,16.7,11356.0,164.6,1.1,2202.0,101.2,6761,304.6,3573,38.3,1061.0
i5.0_w5_p0.5_s6.0_t30.0_INV_cd60_mh600_mw300_ml0.0,5.0,5,0.5,6.0,30.0,True,60,600,300,0.0,8715,126.3,28.1,12.6,68.7,18.7,11249.0,163.0,1.29,1935.0,83.8,5511,340.2,3204,26.5,995.0
i5.0_w3_p0.5_s10.0_t30.0_INV_cd60_mh600_mw300_ml0.0,5.0,3,0.5,10.0,30.0,True,60,600,300,0.0,8539,123.8,36.3,17.3,57.1,25.6,11236.0,162.8,1.32,2832.0,135.1,5364,219.8,3175,33.8,1180.0
i3.0_w3_p0.618_s8.0_t24.0_INV_cd60_mh600_mw300_ml0.0,3.0,3,0.618,8.0,24.0,True,60,600,300,0.0,9136,132.4,35.5,19.3,59.3,21.4,11214.0,162.5,1.23,2240.0,146.3,5815,192.6,3321,32.9,1474.0
i7.0_w3_p0.382_s6.0_t18.0_INV_cd60_mh600_mw300_ml0.0,7.0,3,0.382,6.0,18.0,True,60,600,300,0.0,9208,133.4,32.6,25.9,65.8,8.3,11206.0,162.4,1.22,1134.0,104.7,5819,289.4,3389,32.5,632.0
i7.0_w4_p0.382_s8.0_t24.0_INV_cd60_mh600_mw300_ml0.0,7.0,4,0.382,8.0,24.0,True,60,600,300,0.0,8766,127.0,34.2,21.3,62.3,16.5,11188.0,162.1,1.28,1932.0,112.7,5514,269.8,3252,33.0,708.0
i5.0_w3_p0.5_s8.0_t24.0_INV_cd60_mh600_mw300_ml0.0,5.0,3,0.5,8.0,24.0,True,60,600,300,0.0,8984,130.2,34.7,20.7,61.3,17.9,11173.0,161.9,1.24,1733.0,118.0,5714,256.8,3270,32.8,700.0
i7.0_w5_p0.236_s12.0_t24.0_INV_cd60_mh600_mw300_ml0.0,7.0,5,0.236,12.0,24.0,True,60,600,300,0.0,9408,136.3,41.3,25.9,51.1,23.1,11098.0,160.8,1.18,4741.0,36.7,5927,442.8,3481,41.9,1492.0
i7.0_w4_p0.382_s6.0_t18.0_INV_cd60_mh600_mw300_ml0.0,7.0,4,0.382,6.0,18.0,True,60,600,300,0.0,9286,134.6,32.9,25.3,65.4,9.3,11060.0,160.3,1.19,1728.0,119.2,5898,248.6,3388,32.3,621.0
i5.0_w4_p0.382_s10.0_t30.0_INV_cd60_mh600_mw300_ml0.0,5.0,4,0.382,10.0,30.0,True,60,600,300,0.0,9053,131.2,36.3,17.0,56.8,26.2,11058.0,160.3,1.22,1994.0,101.9,5715,288.7,3338,34.4,1363.0
i3.0_w5_p0.382_s10.0_t24.0_INV_cd60_mh600_mw300_ml0.0,3.0,5,0.382,10.0,24.0,True,60,600,300,0.0,9759,141.4,39.1,22.1,53.4,24.5,10974.0,159.0,1.12,3166.0,87.3,6265,318.9,3494,37.6,1064.0
i3.0_w5_p0.236_s10.0_t12.0_INV_cd60_mh600_mw300_ml0.0,3.0,5,0.236,10.0,12.0,True,60,600,300,0.0,11235,162.8,50.7,43.2,43.8,13.0,10897.0,157.9,0.97,2368.0,46.4,7465,410.6,3770,53.3,584.0
i7.0_w4_p0.5_s8.0_t30.0_INV_cd60_mh600_mw300_ml0.0,7.0,4,0.5,8.0,30.0,True,60,600,300,0.0,7739,112.2,32.1,15.9,63.7,20.4,10881.0,157.7,1.41,1553.0,111.9,4779,257.0,2960,30.6,812.0
i5.0_w3_p0.618_s12.0_t30.0_INV_cd60_mh600_mw300_ml0.0,5.0,3,0.618,12.0,30.0,True,60,600,300,0.0,7511,108.9,39.8,18.5,51.1,30.4,10865.0,157.5,1.45,2062.0,173.5,4660,112.5,2851,36.7,1604.0
i3.0_w3_p0.5_s10.0_t24.0_INV_cd60_mh600_mw300_ml0.0,3.0,3,0.5,10.0,24.0,True,60,600,300,0.0,9503,137.7,39.1,22.1,53.9,24.1,10845.0,157.2,1.14,2859.0,100.1,6088,282.9,3415,37.7,846.0
i5.0_w3_p0.618_s8.0_t30.0_INV_cd60_mh600_mw300_ml0.0,5.0,3,0.618,8.0,30.0,True,60,600,300,0.0,8042,116.6,32.7,15.3,63.2,21.5,10833.0,157.0,1.35,1818.0,141.3,5051,186.1,2991,29.7,887.0
i7.0_w3_p0.382_s8.0_t24.0_INV_cd60_mh600_mw300_ml0.0,7.0,3,0.382,8.0,24.0,True,60,600,300,0.0,8741,126.7,33.6,22.0,63.2,14.9,10811.0,156.7,1.24,1698.0,90.0,5456,304.8,3285,33.0,811.0
i3.0_w4_p0.382_s10.0_t24.0_INV_cd60_mh600_mw300_ml0.0,3.0,4,0.382,10.0,24.0,True,60,600,300,0.0,9983,144.7,38.9,22.1,53.8,24.2,10625.0,154.0,1.06,2579.0,97.6,6428,278.1,3555,37.5,1065.0
i3.0_w3_p0.618_s10.0_t24.0_INV_cd60_mh600_mw300_ml0.0,3.0,3,0.618,10.0,24.0,True,60,600,300,0.0,8878,128.7,39.3,21.5,53.1,25.4,10623.0,154.0,1.2,2509.0,118.8,5615,228.6,3263,37.7,1693.0
i5.0_w5_p0.5_s6.0_t24.0_INV_cd60_mh600_mw300_ml0.0,5.0,5,0.5,6.0,24.0,True,60,600,300,0.0,8888,128.8,29.7,17.1,67.3,15.6,10515.0,152.4,1.18,1612.0,86.5,5669,298.9,3219,28.5,737.0
i5.0_w3_p0.618_s6.0_t30.0_INV_cd60_mh600_mw300_ml0.0,5.0,3,0.618,6.0,30.0,True,60,600,300,0.0,8367,121.3,27.4,13.1,70.3,16.6,10367.0,150.2,1.24,1992.0,133.2,5264,182.9,3103,24.7,1031.0
i7.0_w5_p0.236_s10.0_t12.0_INV_cd60_mh600_mw300_ml0.0,7.0,5,0.236,10.0,12.0,True,60,600,300,0.0,10235,148.3,50.3,44.9,45.1,10.1,10330.0,149.7,1.01,2034.0,67.2,6633,335.1,3602,52.5,651.0
i3.0_w4_p0.382_s8.0_t18.0_INV_cd60_mh600_mw300_ml0.0,3.0,4,0.382,8.0,18.0,True,60,600,300,0.0,10519,152.4,38.6,27.4,56.7,15.9,10319.0,149.5,0.98,2656.0,95.9,6876,267.6,3643,37.7,945.0
i7.0_w4_p0.382_s10.0_t30.0_INV_cd60_mh600_mw300_ml0.0,7.0,4,0.382,10.0,30.0,True,60,600,300,0.0,8297,120.2,36.0,17.7,58.4,23.9,10258.0,148.7,1.24,1992.0,113.3,5149,224.2,3148,34.0,1530.0
i3.0_w4_p0.236_s12.0_t24.0_INV_cd60_mh600_mw300_ml0.0,3.0,4,0.236,12.0,24.0,True,60,600,300,0.0,10370,150.3,41.3,24.6,49.8,25.6,10245.0,148.5,0.99,3387.0,45.0,6682,382.9,3688,40.7,1754.0
i5.0_w5_p0.382_s10.0_t30.0_INV_cd60_mh600_mw300_ml0.0,5.0,5,0.382,10.0,30.0,True,60,600,300,0.0,8983,130.2,36.6,16.9,56.3,26.9,10214.0,148.0,1.14,2526.0,78.9,5684,302.3,3299,34.8,1137.0
i3.0_w4_p0.382_s6.0_t12.0_INV_cd60_mh600_mw300_ml0.0,3.0,4,0.382,6.0,12.0,True,60,600,300,0.0,11115,161.1,40.6,34.8,57.1,8.1,10208.0,147.9,0.92,1714.0,112.7,7410,223.2,3705,40.4,450.0
i7.0_w3_p0.236_s10.0_t18.0_INV_cd60_mh600_mw300_ml0.0,7.0,3,0.236,10.0,18.0,True,60,600,300,0.0,9751,141.3,42.1,32.6,53.5,13.9,10174.0,147.5,1.04,2287.0,75.6,6176,308.1,3575,42.5,1021.0
i5.0_w3_p0.236_s8.0_t12.0_INV_cd60_mh600_mw300_ml0.0,5.0,3,0.236,8.0,12.0,True,60,600,300,0.0,10987,159.2,45.9,40.5,51.2,8.3,10169.0,147.4,0.93,2139.0,97.9,7243,255.8,3744,46.7,639.0
i3.0_w3_p0.618_s12.0_t24.0_INV_cd60_mh600_mw300_ml0.0,3.0,3,0.618,12.0,24.0,True,60,600,300,0.0,8652,125.4,42.2,23.4,47.4,29.2,10150.0,147.1,1.17,2230.0,115.5,5471,213.8,3181,40.7,2230.0
i5.0_w5_p0.236_s12.0_t18.0_INV_cd60_mh600_mw300_ml0.0,5.0,5,0.236,12.0,18.0,True,60,600,300,0.0,10247,148.5,45.5,34.0,46.6,19.4,10137.0,146.9,0.99,2003.0,34.6,6614,401.9,3633,46.8,963.0
i7.0_w5_p0.382_s6.0_t18.0_INV_cd60_mh600_mw300_ml0.0,7.0,5,0.382,6.0,18.0,True,60,600,300,0.0,9329,135.2,32.6,25.1,65.5,9.4,10063.0,145.8,1.08,1998.0,87.1,5959,276.1,3370,32.6,624.0
i3.0_w5_p0.5_s12.0_t30.0_INV_cd60_mh600_mw300_ml0.0,3.0,5,0.5,12.0,30.0,True,60,600,300,0.0,8546,123.9,40.3,17.0,48.3,34.6,10010.0,145.1,1.17,2751.0,73.9,5405,304.3,3141,38.7,1583.0
i7.0_w4_p0.5_s6.0_t24.0_INV_cd60_mh600_mw300_ml0.0,7.0,4,0.5,6.0,24.0,True,60,600,300,0.0,8189,118.7,28.8,18.3,69.2,12.6,9918.0,143.7,1.21,1000.0,126.1,5096,178.1,3093,27.0,781.0
i3.0_w3_p0.618_s6.0_t18.0_INV_cd60_mh600_mw300_ml0.0,3.0,3,0.618,6.0,18.0,True,60,600,300,0.0,9722,140.9,33.4,23.8,63.9,12.3,9859.0,142.9,1.01,1260.0,126.1,6254,175.2,3468,31.5,848.0
i7.0_w4_p0.236_s12.0_t30.0_INV_cd60_mh600_mw300_ml0.0,7.0,4,0.236,12.0,30.0,True,60,600,300,0.0,9066,131.4,38.4,19.8,54.0,26.2,9815.0,142.2,1.08,3627.0,96.4,5646,242.5,3420,36.5,2055.0
i7.0_w3_p0.5_s6.0_t24.0_INV_cd60_mh600_mw300_ml0.0,7.0,3,0.5,6.0,24.0,True,60,600,300,0.0,8159,118.2,28.4,18.6,69.7,11.7,9785.0,141.8,1.2,1064.0,123.3,5073,178.3,3086,26.6,911.0
i3.0_w4_p0.618_s6.0_t24.0_INV_cd60_mh600_mw300_ml0.0,3.0,4,0.618,6.0,24.0,True,60,600,300,0.0,9178,133.0,30.3,16.3,66.5,17.2,9744.0,141.2,1.06,2322.0,127.5,5897,166.4,3281,27.4,1283.0
i3.0_w3_p0.618_s8.0_t18.0_INV_cd60_mh600_mw300_ml0.0,3.0,3,0.618,8.0,18.0,True,60,600,300,0.0,9422,136.6,38.7,27.3,56.5,16.2,9652.0,139.9,1.02,1439.0,134.1,6023,146.6,3399,36.5,869.0
i3.0_w5_p0.382_s12.0_t30.0_INV_cd60_mh600_mw300_ml0.0,3.0,5,0.382,12.0,30.0,True,60,600,300,0.0,9225,133.7,39.8,17.6,49.6,32.8,9649.0,139.8,1.05,2643.0,68.3,5863,300.1,3362,38.1,1705.0
i3.0_w4_p0.618_s6.0_t30.0_INV_cd60_mh600_mw300_ml0.0,3.0,4,0.618,6.0,30.0,True,60,600,300,0.0,9040,131.0,28.7,11.7,67.9,20.3,9631.0,139.6,1.07,2002.0,138.2,5799,136.1,3241,25.0,1393.0
i3.0_w5_p0.382_s6.0_t12.0_INV_cd60_mh600_mw300_ml0.0,3.0,5,0.382,6.0,12.0,True,60,600,300,0.0,10908,158.1,40.5,34.7,57.0,8.2,9598.0,139.1,0.88,1476.0,84.9,7266,259.0,3642,41.0,757.0
i7.0_w3_p0.236_s12.0_t24.0_INV_cd60_mh600_mw300_ml0.0,7.0,3,0.236,12.0,24.0,True,60,600,300,0.0,9268,134.3,40.6,26.7,52.6,20.7,9562.0,138.6,1.03,3675.0,52.0,5767,334.0,3501,40.4,1439.0
i5.0_w3_p0.618_s10.0_t30.0_INV_cd60_mh600_mw300_ml0.0,5.0,3,0.618,10.0,30.0,True,60,600,300,0.0,7759,112.4,36.4,16.9,57.1,26.0,9477.0,137.3,1.22,2710.0,129.8,4848,148.5,2911,33.6,1195.0
i5.0_w5_p0.5_s8.0_t24.0_INV_cd60_mh600_mw300_ml0.0,5.0,5,0.5,8.0,24.0,True,60,600,300,0.0,8633,125.1,34.6,19.7,60.2,20.1,9445.0,136.9,1.09,2316.0,57.3,5463,316.0,3170,34.1,754.0
i7.0_w4_p0.236_s10.0_t12.0_INV_cd60_mh600_mw300_ml0.0,7.0,4,0.236,10.0,12.0,True,60,600,300,0.0,10167,147.3,50.3,44.8,45.5,9.7,9441.0,136.8,0.93,1459.0,70.3,6554,285.5,3613,51.6,562.0
i7.0_w5_p0.236_s12.0_t30.0_INV_cd60_mh600_mw300_ml0.0,7.0,5,0.236,12.0,30.0,True,60,600,300,0.0,9157,132.7,38.5,19.4,53.3,27.3,9369.0,135.8,1.02,4147.0,22.8,5726,392.9,3431,38.1,1683.0
i7.0_w3_p0.5_s10.0_t30.0_INV_cd60_mh600_mw300_ml0.0,7.0,3,0.5,10.0,30.0,True,60,600,300,0.0,7550,109.4,35.2,18.2,59.2,22.6,9365.0,135.7,1.24,2869.0,98.3,4640,216.6,2910,33.7,1617.0
i5.0_w5_p0.236_s10.0_t12.0_INV_cd60_mh600_mw300_ml0.0,5.0,5,0.236,10.0,12.0,True,60,600,300,0.0,10810,156.7,50.1,43.9,44.6,11.5,9274.0,134.4,0.86,2587.0,36.5,7118,356.4,3692,52.6,549.0
i5.0_w4_p0.236_s12.0_t24.0_INV_cd60_mh600_mw300_ml0.0,5.0,4,0.236,12.0,24.0,True,60,600,300,0.0,9876,143.1,41.2,25.1,50.6,24.3,9265.0,134.3,0.94,4671.0,25.1,6296,382.7,3580,40.7,1764.0
i5.0_w5_p0.5_s8.0_t30.0_INV_cd60_mh600_mw300_ml0.0,5.0,5,0.5,8.0,30.0,True,60,600,300,0.0,8429,122.2,32.8,14.4,61.9,23.6,9254.0,134.1,1.1,2501.0,53.3,5299,316.2,3130,31.4,903.0
i5.0_w4_p0.236_s12.0_t30.0_INV_cd60_mh600_mw300_ml0.0,5.0,4,0.236,12.0,30.0,True,60,600,300,0.0,9654,139.9,38.8,19.0,52.7,28.3,9104.0,131.9,0.94,3850.0,87.5,6111,229.4,3543,36.4,2497.0
i3.0_w4_p0.618_s8.0_t24.0_INV_cd60_mh600_mw300_ml0.0,3.0,4,0.618,8.0,24.0,True,60,600,300,0.0,8826,127.9,35.3,18.7,59.0,22.2,9073.0,131.5,1.03,2688.0,128.9,5640,131.4,3186,32.2,1277.0
i3.0_w3_p0.5_s8.0_t18.0_INV_cd60_mh600_mw300_ml0.0,3.0,3,0.5,8.0,18.0,True,60,600,300,0.0,10088,146.2,38.5,27.2,56.9,16.0,9057.0,131.3,0.9,2273.0,97.2,6523,204.5,3565,37.2,928.0
i7.0_w3_p0.236_s8.0_t12.0_INV_cd60_mh600_mw300_ml0.0,7.0,3,0.236,8.0,12.0,True,60,600,300,0.0,10169,147.4,45.6,41.3,52.0,6.8,8965.0,129.9,0.88,2607.0,84.2,6547,230.5,3622,46.3,617.0
i3.0_w4_p0.618_s8.0_t30.0_INV_cd60_mh600_mw300_ml0.0,3.0,4,0.618,8.0,30.0,True,60,600,300,0.0,8633,125.1,33.6,13.5,60.5,26.0,8916.0,129.2,1.03,2852.0,133.9,5504,112.0,3129,29.6,1267.0
i3.0_w3_p0.382_s12.0_t30.0_INV_cd60_mh600_mw300_ml0.0,3.0,3,0.382,12.0,30.0,True,60,600,300,0.0,9607,139.2,39.1,18.2,50.9,30.9,8911.0,129.1,0.93,3841.0,51.6,6101,303.8,3506,37.8,1206.0
i5.0_w3_p0.382_s12.0_t30.0_INV_cd60_mh600_mw300_ml0.0,5.0,3,0.382,12.0,30.0,True,60,600,300,0.0,8938,129.5,38.9,18.7,52.3,29.0,8898.0,129.0,1.0,2169.0,39.7,5624,331.0,3314,38.3,1178.0
i5.0_w4_p0.236_s10.0_t12.0_INV_cd60_mh600_mw300_ml0.0,5.0,4,0.236,10.0,12.0,True,60,600,300,0.0,10769,156.1,50.1,43.8,45.0,11.2,8894.0,128.9,0.83,2499.0,34.1,7084,343.9,3685,52.2,547.0
i3.0_w5_p0.5_s8.0_t18.0_INV_cd60_mh600_mw300_ml0.0,3.0,5,0.5,8.0,18.0,True,60,600,300,0.0,9586,138.9,38.6,26.5,56.0,17.5,8818.0,127.8,0.92,1729.0,60.0,6177,279.8,3409,38.3,868.0
i5.0_w5_p0.382_s10.0_t24.0_INV_cd60_mh600_mw300_ml0.0,5.0,5,0.382,10.0,24.0,True,60,600,300,0.0,9248,134.0,38.4,22.5,54.7,22.8,8817.0,127.8,0.95,2478.0,60.9,5854,277.9,3394,37.5,810.0
i7.0_w4_p0.236_s12.0_t24.0_INV_cd60_mh600_mw300_ml0.0,7.0,4,0.236,12.0,24.0,True,60,600,300,0.0,9304,134.8,40.8,25.9,52.0,22.1,8760.0,127.0,0.94,4106.0,51.4,5830,297.1,3474,40.0,1576.0
i3.0_w3_p0.618_s10.0_t18.0_INV_cd60_mh600_mw300_ml0.0,3.0,3,0.618,10.0,18.0,True,60,600,300,0.0,9175,133.0,42.7,30.0,50.3,19.6,8729.0,126.5,0.95,1883.0,106.9,5829,166.1,3346,41.5,1002.0
i5.0_w4_p0.5_s10.0_t30.0_INV_cd60_mh600_mw300_ml0.0,5.0,4,0.5,10.0,30.0,True,60,600,300,0.0,8376,121.4,36.4,16.5,56.3,27.2,8678.0,125.8,1.04,2650.0,73.2,5259,242.4,3117,34.5,988.0
i5.0_w3_p0.618_s12.0_t24.0_INV_cd60_mh600_mw300_ml0.0,5.0,3,0.618,12.0,24.0,True,60,600,300,0.0,7747,112.3,41.7,24.5,49.8,25.7,8673.0,125.7,1.12,2412.0,112.1,4828,151.4,2919,39.9,1202.0
i7.0_w5_p0.5_s6.0_t24.0_INV_cd60_mh600_mw300_ml0.0,7.0,5,0.5,6.0,24.0,True,60,600,300,0.0,8123,117.7,28.7,17.7,68.9,13.4,8543.0,123.8,1.05,1316.0,78.6,5071,223.5,3052,27.9,637.0
i5.0_w5_p0.382_s8.0_t18.0_INV_cd60_mh600_mw300_ml0.0,5.0,5,0.382,8.0,18.0,True,60,600,300,0.0,9797,142.0,38.2,27.7,57.7,14.7,8507.0,123.3,0.87,2769.0,49.1,6321,290.4,3476,38.3,721.0
i5.0_w3_p0.382_s8.0_t18.0_INV_cd60_mh600_mw300_ml0.0,5.0,3,0.382,8.0,18.0,True,60,600,300,0.0,9974,144.6,38.0,27.8,58.3,13.9,8466.0,122.7,0.85,2433.0,72.3,6416,234.4,3558,37.6,778.0
i7.0_w5_p0.5_s8.0_t30.0_INV_cd60_mh600_mw300_ml0.0,7.0,5,0.5,8.0,30.0,True,60,600,300,0.0,7673,111.2,32.0,15.2,63.7,21.2,8459.0,122.6,1.1,2895.0,56.7,4719,270.6,2954,31.0,752.0
i7.0_w4_p0.5_s8.0_t24.0_INV_cd60_mh600_mw300_ml0.0,7.0,4,0.5,8.0,24.0,True,60,600,300,0.0,7934,115.0,33.7,20.9,62.3,16.8,8402.0,121.8,1.06,1432.0,90.1,4909,189.9,3025,32.5,816.0
i7.0_w5_p0.236_s12.0_t18.0_INV_cd60_mh600_mw300_ml0.0,7.0,5,0.236,12.0,18.0,True,60,600,300,0.0,9738,141.1,45.2,34.4,47.6,18.0,8365.0,121.2,0.86,3560.0,5.4,6203,385.7,3535,47.0,1091.0
i7.0_w5_p0.382_s10.0_t30.0_INV_cd60_mh600_mw300_ml0.0,7.0,5,0.382,10.0,30.0,True,60,600,300,0.0,8378,121.4,35.7,17.6,58.2,24.2,8346.0,120.9,1.0,3314.0,67.5,5228,239.8,3150,34.0,1815.0
i3.0_w4_p0.5_s10.0_t24.0_INV_cd60_mh600_mw300_ml0.0,3.0,4,0.5,10.0,24.0,True,60,600,300,0.0,9287,134.6,38.7,21.3,53.5,25.2,8246.0,119.5,0.89,3143.0,82.9,5957,199.3,3330,37.0,819.0
i7.0_w5_p0.5_s6.0_t30.0_INV_cd60_mh600_mw300_ml0.0,7.0,5,0.5,6.0,30.0,True,60,600,300,0.0,7967,115.5,26.7,13.1,70.7,16.2,8236.0,119.4,1.03,1851.0,68.7,4928,231.9,3039,25.4,745.0
i7.0_w3_p0.5_s8.0_t24.0_INV_cd60_mh600_mw300_ml0.0,7.0,3,0.5,8.0,24.0,True,60,600,300,0.0,7935,115.0,33.4,21.4,63.3,15.4,8210.0,119.0,1.03,1799.0,103.7,4901,149.0,3034,31.5,1183.0
i3.0_w5_p0.5_s12.0_t24.0_INV_cd60_mh600_mw300_ml0.0,3.0,5,0.5,12.0,24.0,True,60,600,300,0.0,8818,127.8,41.9,22.9,47.2,29.9,8182.0,118.6,0.93,2278.0,72.6,5607,220.1,3211,40.7,1441.0
i5.0_w5_p0.5_s10.0_t30.0_INV_cd60_mh600_mw300_ml0.0,5.0,5,0.5,10.0,30.0,True,60,600,300,0.0,8129,117.8,36.4,16.1,55.7,28.2,8170.0,118.4,1.01,2986.0,40.3,5079,295.1,3050,35.2,1117.0
i3.0_w3_p0.382_s6.0_t12.0_INV_cd60_mh600_mw300_ml0.0,3.0,3,0.382,6.0,12.0,True,60,600,300,0.0,11318,164.0,39.8,34.5,57.9,7.6,8151.0,118.1,0.72,2122.0,65.8,7545,234.7,3773,40.4,503.0
i7.0_w4_p0.382_s10.0_t24.0_INV_cd60_mh600_mw300_ml0.0,7.0,4,0.382,10.0,24.0,True,60,600,300,0.0,8563,124.1,37.9,23.2,56.7,20.2,8140.0,118.0,0.95,2223.0,88.4,5339,181.4,3224,36.5,1117.0
i7.0_w5_p0.5_s10.0_t30.0_INV_cd60_mh600_mw300_ml0.0,7.0,5,0.5,10.0,30.0,True,60,600,300,0.0,7390,107.1,36.1,16.8,57.3,25.9,8129.0,117.8,1.1,3121.0,51.8,4529,266.2,2861,35.1,904.0
i3.0_w4_p0.5_s12.0_t30.0_INV_cd60_mh600_mw300_ml0.0,3.0,4,0.5,12.0,30.0,True,60,600,300,0.0,8796,127.5,39.9,17.3,49.5,33.2,7981.0,115.7,0.91,3960.0,44.9,5584,275.3,3212,38.4,1019.0
i7.0_w3_p0.382_s10.0_t24.0_INV_cd60_mh600_mw300_ml0.0,7.0,3,0.382,10.0,24.0,True,60,600,300,0.0,8563,124.1,37.2,24.1,57.7,18.2,7970.0,115.5,0.93,2313.0,72.8,5325,209.6,3238,36.5,1232.0
i5.0_w3_p0.618_s6.0_t24.0_INV_cd60_mh600_mw300_ml0.0,5.0,3,0.618,6.0,24.0,True,60,600,300,0.0,8517,123.4,28.9,17.4,68.9,13.7,7929.0,114.9,0.93,2134.0,88.5,5366,171.0,3151,26.8,1347.0
i7.0_w5_p0.5_s8.0_t24.0_INV_cd60_mh600_mw300_ml0.0,7.0,5,0.5,8.0,24.0,True,60,600,300,0.0,7873,114.1,33.9,20.4,62.0,17.7,7907.0,114.6,1.0,2438.0,54.0,4880,250.6,2993,33.5,748.0
i5.0_w4_p0.5_s6.0_t18.0_INV_cd60_mh600_mw300_ml0.0,5.0,4,0.5,6.0,18.0,True,60,600,300,0.0,9374,135.9,32.7,23.9,65.0,11.1,7899.0,114.5,0.84,2040.0,81.5,6016,186.0,3358,31.5,699.0
i3.0_w4_p0.236_s10.0_t12.0_INV_cd60_mh600_mw300_ml0.0,3.0,4,0.236,10.0,12.0,True,60,600,300,0.0,11277,163.4,50.0,42.8,44.5,12.7,7858.0,113.9,0.7,2408.0,20.6,7522,326.2,3755,52.1,576.0
i5.0_w5_p0.5_s6.0_t18.0_INV_cd60_mh600_mw300_ml0.0,5.0,5,0.5,6.0,18.0,True,60,600,300,0.0,9149,132.6,32.6,23.7,64.7,11.6,7839.0,113.6,0.86,2569.0,41.6,5851,276.2,3298,32.7,686.0
i7.0_w4_p0.5_s10.0_t30.0_INV_cd60_mh600_mw300_ml0.0,7.0,4,0.5,10.0,30.0,True,60,600,300,0.0,7510,108.8,35.7,17.3,58.3,24.4,7782.0,112.8,1.04,2025.0,61.1,4630,228.0,2880,34.4,1086.0
i3.0_w5_p0.618_s8.0_t30.0_INV_cd60_mh600_mw300_ml0.0,3.0,5,0.618,8.0,30.0,True,60,600,300,0.0,8364,121.2,33.5,13.5,60.5,26.0,7709.0,111.7,0.92,2484.0,125.3,5325,74.8,3039,29.7,1563.0
i5.0_w5_p0.382_s6.0_t12.0_INV_cd60_mh600_mw300_ml0.0,5.0,5,0.382,6.0,12.0,True,60,600,300,0.0,10358,150.1,39.8,35.1,58.3,6.6,7676.0,111.3,0.74,1252.0,60.7,6802,223.9,3556,40.5,495.0
i3.0_w4_p0.5_s8.0_t18.0_INV_cd60_mh600_mw300_ml0.0,3.0,4,0.5,8.0,18.0,True,60,600,300,0.0,9849,142.7,38.3,26.6,56.5,16.9,7539.0,109.3,0.77,2867.0,67.8,6414,200.8,3435,37.2,748.0
i5.0_w3_p0.5_s6.0_t18.0_INV_cd60_mh600_mw300_ml0.0,5.0,3,0.5,6.0,18.0,True,60,600,300,0.0,9515,137.9,32.3,24.1,65.7,10.3,7485.0,108.5,0.79,2293.0,74.2,6087,183.4,3428,31.2,735.0
i7.0_w3_p0.618_s8.0_t30.0_INV_cd60_mh600_mw300_ml0.0,7.0,3,0.618,8.0,30.0,True,60,600,300,0.0,6967,101.0,30.9,16.1,65.5,18.4,7463.0,108.2,1.07,1473.0,80.0,4277,168.8,2690,29.4,1108.0
i3.0_w4_p0.618_s12.0_t30.0_INV_cd60_mh600_mw300_ml0.0,3.0,4,0.618,12.0,30.0,True,60,600,300,0.0,8082,117.1,40.1,16.5,48.5,35.0,7459.0,108.1,0.92,3782.0,108.3,5126,102.6,2956,37.3,1211.0
i7.0_w5_p0.382_s10.0_t24.0_INV_cd60_mh600_mw300_ml0.0,7.0,5,0.382,10.0,24.0,True,60,600,300,0.0,8616,124.9,37.9,23.1,56.3,20.6,7431.0,107.7,0.86,3247.0,38.5,5368,264.1,3248,37.4,1281.0
i3.0_w5_p0.382_s12.0_t24.0_INV_cd60_mh600_mw300_ml0.0,3.0,5,0.382,12.0,24.0,True,60,600,300,0.0,9524,138.0,41.5,23.4,48.4,28.2,7293.0,105.7,0.77,2598.0,49.8,6071,231.0,3453,40.4,1410.0
i3.0_w4_p0.618_s10.0_t30.0_INV_cd60_mh600_mw300_ml0.0,3.0,4,0.618,10.0,30.0,True,60,600,300,0.0,8355,121.1,37.0,15.1,54.5,30.4,7215.0,104.6,0.86,3327.0,114.6,5306,76.2,3049,33.7,984.0
i5.0_w4_p0.382_s8.0_t18.0_INV_cd60_mh600_mw300_ml0.0,5.0,4,0.382,8.0,18.0,True,60,600,300,0.0,9882,143.2,37.6,27.5,58.3,14.2,7005.0,101.5,0.71,3168.0,60.7,6359,191.9,3523,37.0,1435.0
i7.0_w3_p0.382_s8.0_t18.0_INV_cd60_mh600_mw300_ml0.0,7.0,3,0.382,8.0,18.0,True,60,600,300,0.0,9027,130.8,37.1,28.9,59.8,11.2,6990.0,101.3,0.77,2437.0,61.3,5676,189.9,3351,36.9,818.0
i5.0_w4_p0.236_s12.0_t18.0_INV_cd60_mh600_mw300_ml0.0,5.0,4,0.236,12.0,18.0,True,60,600,300,0.0,10234,148.3,45.3,33.4,47.1,19.5,6966.0,101.0,0.68,4858.0,-19.1,6597,376.2,3637,46.4,917.0
i3.0_w5_p0.618_s12.0_t30.0_INV_cd60_mh600_mw300_ml0.0,3.0,5,0.618,12.0,30.0,True,60,600,300,0.0,7787,112.9,40.2,16.2,47.7,36.1,6922.0,100.3,0.89,2653.0,93.8,4910,110.7,2877,38.0,1481.0
i7.0_w5_p0.236_s12.0_t12.0_INV_cd60_mh600_mw300_ml0.0,7.0,5,0.236,12.0,12.0,True,60,600,300,0.0,10120,146.7,53.1,47.1,40.8,12.0,6921.0,100.3,0.68,2338.0,23.2,6524,275.5,3596,55.3,792.0
i7.0_w4_p0.382_s8.0_t18.0_INV_cd60_mh600_mw300_ml0.0,7.0,4,0.382,8.0,18.0,True,60,600,300,0.0,9079,131.6,37.5,28.4,59.4,12.2,6915.0,100.2,0.76,2860.0,65.3,5745,176.9,3334,37.0,839.0
i3.0_w3_p0.382_s12.0_t24.0_INV_cd60_mh600_mw300_ml0.0,3.0,3,0.382,12.0,24.0,True,60,600,300,0.0,9885,143.3,41.2,23.7,49.4,26.9,6853.0,99.3,0.69,4415.0,36.9,6319,240.3,3566,40.5,1208.0
i5.0_w5_p0.5_s10.0_t24.0_INV_cd60_mh600_mw300_ml0.0,5.0,5,0.5,10.0,24.0,True,60,600,300,0.0,8367,121.3,38.2,21.5,54.3,24.2,6789.0,98.4,0.81,3203.0,43.8,5263,221.0,3104,37.4,1059.0
i7.0_w3_p0.618_s6.0_t30.0_INV_cd60_mh600_mw300_ml0.0,7.0,3,0.618,6.0,30.0,True,60,600,300,0.0,7239,104.9,25.7,13.7,72.6,13.7,6775.0,98.2,0.94,1973.0,78.1,4446,140.5,2793,24.0,1136.0
i3.0_w5_p0.618_s10.0_t30.0_INV_cd60_mh600_mw300_ml0.0,3.0,5,0.618,10.0,30.0,True,60,600,300,0.0,8057,116.8,37.3,14.9,53.9,31.3,6772.0,98.1,0.84,2224.0,99.8,5112,89.6,2945,34.2,1464.0
i5.0_w4_p0.382_s10.0_t24.0_INV_cd60_mh600_mw300_ml0.0,5.0,4,0.382,10.0,24.0,True,60,600,300,0.0,9342,135.4,37.9,22.1,55.5,22.4,6703.0,97.1,0.72,2674.0,57.9,5924,184.0,3418,36.4,1369.0
i5.0_w4_p0.5_s10.0_t24.0_INV_cd60_mh600_mw300_ml0.0,5.0,4,0.5,10.0,24.0,True,60,600,300,0.0,8594,124.6,38.1,21.9,55.0,23.2,6698.0,97.1,0.78,1981.0,89.7,5418,109.8,3176,36.0,1007.0
i7.0_w5_p0.5_s6.0_t18.0_INV_cd60_mh600_mw300_ml0.0,7.0,5,0.5,6.0,18.0,True,60,600,300,0.0,8342,120.9,31.9,24.5,66.0,9.5,6672.0,96.7,0.8,1717.0,36.5,5212,232.5,3130,32.3,487.0
i7.0_w5_p0.382_s8.0_t18.0_INV_cd60_mh600_mw300_ml0.0,7.0,5,0.382,8.0,18.0,True,60,600,300,0.0,9130,132.3,37.5,28.2,59.1,12.7,6647.0,96.3,0.73,2803.0,21.0,5781,267.4,3349,37.9,798.0
i3.0_w4_p0.618_s6.0_t18.0_INV_cd60_mh600_mw300_ml0.0,3.0,4,0.618,6.0,18.0,True,60,600,300,0.0,9412,136.4,32.9,22.7,64.1,13.2,6633.0,96.1,0.7,2284.0,85.4,6097,116.6,3315,30.9,936.0
i5.0_w5_p0.5_s12.0_t30.0_INV_cd60_mh600_mw300_ml0.0,5.0,5,0.5,12.0,30.0,True,60,600,300,0.0,7923,114.8,39.3,17.4,50.2,32.4,6581.0,95.4,0.83,3926.0,16.8,4953,274.3,2970,38.5,1376.0
i5.0_w3_p0.618_s8.0_t24.0_INV_cd60_mh600_mw300_ml0.0,5.0,3,0.618,8.0,24.0,True,60,600,300,0.0,8211,119.0,33.9,19.9,62.1,18.0,6561.0,95.1,0.8,2169.0,79.7,5160,126.3,3051,31.7,912.0
i5.0_w3_p0.236_s12.0_t18.0_INV_cd60_mh600_mw300_ml0.0,5.0,3,0.236,12.0,18.0,True,60,600,300,0.0,10334,149.8,45.2,33.7,47.7,18.6,6499.0,94.2,0.63,3136.0,6.9,6601,293.4,3733,46.0,1508.0
i5.0_w3_p0.5_s10.0_t24.0_INV_cd60_mh600_mw300_ml0.0,5.0,3,0.5,10.0,24.0,True,60,600,300,0.0,8762,127.0,37.6,22.4,55.9,21.7,6463.0,93.7,0.74,3297.0,80.1,5538,120.9,3224,35.7,1589.0
i7.0_w3_p0.618_s10.0_t30.0_INV_cd60_mh600_mw300_ml0.0,7.0,3,0.618,10.0,30.0,True,60,600,300,0.0,6715,97.3,34.8,17.9,59.9,22.2,6387.0,92.6,0.95,2355.0,82.0,4102,112.9,2613,32.9,1478.0
i5.0_w3_p0.5_s12.0_t30.0_INV_cd60_mh600_mw300_ml0.0,5.0,3,0.5,12.0,30.0,True,60,600,300,0.0,8323,120.6,38.6,18.4,52.6,29.1,6384.0,92.5,0.77,3327.0,128.0,5187,5.3,3136,35.3,3327.0
i7.0_w5_p0.5_s10.0_t24.0_INV_cd60_mh600_mw300_ml0.0,7.0,5,0.5,10.0,24.0,True,60,600,300,0.0,7610,110.3,37.8,22.3,55.8,21.8,6362.0,92.2,0.84,2674.0,48.5,4703,189.9,2907,37.2,986.0
i3.0_w3_p0.382_s10.0_t18.0_INV_cd60_mh600_mw300_ml0.0,3.0,3,0.382,10.0,18.0,True,60,600,300,0.0,10482,151.9,41.9,30.0,51.6,18.4,6362.0,92.2,0.61,2952.0,42.8,6803,203.1,3679,41.3,1176.0
i3.0_w4_p0.618_s12.0_t24.0_INV_cd60_mh600_mw300_ml0.0,3.0,4,0.618,12.0,24.0,True,60,600,300,0.0,8304,120.3,41.8,22.3,47.2,30.5,6286.0,91.1,0.76,4127.0,73.5,5287,127.8,3017,40.0,990.0
i3.0_w5_p0.618_s12.0_t24.0_INV_cd60_mh600_mw300_ml0.0,3.0,5,0.618,12.0,24.0,True,60,600,300,0.0,7998,115.9,42.0,22.0,46.5,31.5,6275.0,90.9,0.78,2695.0,76.4,5050,120.6,2948,40.6,1413.0
i3.0_w5_p0.5_s10.0_t18.0_INV_cd60_mh600_mw300_ml0.0,3.0,5,0.5,10.0,18.0,True,60,600,300,0.0,9320,135.1,42.3,28.7,50.1,21.1,6272.0,90.9,0.67,2434.0,44.6,5970,194.7,3350,41.7,1263.0
i3.0_w4_p0.618_s8.0_t18.0_INV_cd60_mh600_mw300_ml0.0,3.0,4,0.618,8.0,18.0,True,60,600,300,0.0,9106,132.0,38.2,26.1,56.6,17.3,6228.0,90.3,0.68,2542.0,74.9,5865,121.8,3241,36.5,783.0
i7.0_w3_p0.5_s6.0_t18.0_INV_cd60_mh600_mw300_ml0.0,7.0,3,0.5,6.0,18.0,True,60,600,300,0.0,8423,122.1,31.4,24.9,66.8,8.3,6219.0,90.1,0.74,1166.0,71.1,5244,130.3,3179,30.4,1166.0
i5.0_w3_p0.618_s10.0_t24.0_INV_cd60_mh600_mw300_ml0.0,5.0,3,0.618,10.0,24.0,True,60,600,300,0.0,7959,115.3,37.9,22.3,56.0,21.7,6207.0,90.0,0.78,3005.0,71.4,4982,128.9,2977,36.1,1140.0
i7.0_w3_p0.236_s12.0_t18.0_INV_cd60_mh600_mw300_ml0.0,7.0,3,0.236,12.0,18.0,True,60,600,300,0.0,9582,138.9,44.9,34.7,49.0,16.3,6162.0,89.3,0.64,3055.0,14.0,6029,260.7,3553,45.5,1587.0
i3.0_w3_p0.5_s12.0_t24.0_INV_cd60_mh600_mw300_ml0.0,3.0,3,0.5,12.0,24.0,True,60,600,300,0.0,9295,134.7,41.6,23.4,49.1,27.5,6133.0,88.9,0.66,3042.0,67.2,5908,135.2,3387,39.9,1258.0
i7.0_w4_p0.236_s12.0_t18.0_INV_cd60_mh600_mw300_ml0.0,7.0,4,0.236,12.0,18.0,True,60,600,300,0.0,9644,139.8,45.0,34.4,48.5,17.1,6114.0,88.6,0.63,3657.0,9.4,6096,269.2,3548,45.6,851.0
i3.0_w4_p0.5_s12.0_t24.0_INV_cd60_mh600_mw300_ml0.0,3.0,4,0.5,12.0,24.0,True,60,600,300,0.0,9095,131.8,41.6,23.0,48.3,28.7,6017.0,87.2,0.66,3221.0,46.2,5800,178.6,3295,40.3,1066.0
i5.0_w4_p0.382_s6.0_t12.0_INV_cd60_mh600_mw300_ml0.0,5.0,4,0.382,6.0,12.0,True,60,600,300,0.0,10413,150.9,39.4,34.4,58.8,6.8,5966.0,86.5,0.57,2527.0,53.8,6809,158.6,3604,39.4,814.0
i3.0_w3_p0.618_s12.0_t18.0_INV_cd60_mh600_mw300_ml0.0,3.0,3,0.618,12.0,18.0,True,60,600,300,0.0,9018,130.7,45.4,31.9,45.3,22.8,5927.0,85.9,0.66,1869.0,76.5,5699,103.8,3319,44.6,1171.0
i3.0_w5_p0.382_s10.0_t18.0_INV_cd60_mh600_mw300_ml0.0,3.0,5,0.382,10.0,18.0,True,60,600,300,0.0,10120,146.7,42.2,29.4,50.9,19.6,5923.0,85.8,0.59,3502.0,20.9,6569,233.4,3551,42.0,712.0
i3.0_w5_p0.618_s6.0_t30.0_INV_cd60_mh600_mw300_ml0.0,3.0,5,0.618,6.0,30.0,True,60,600,300,0.0,8735,126.6,28.2,11.4,68.2,20.4,5914.0,85.7,0.68,2066.0,79.9,5578,95.2,3157,24.6,1513.0
i7.0_w4_p0.5_s12.0_t30.0_INV_cd60_mh600_mw300_ml0.0,7.0,4,0.5,12.0,30.0,True,60,600,300,0.0,7326,106.2,38.5,18.7,53.3,28.0,5910.0,85.7,0.81,1730.0,48.9,4494,167.4,2832,37.0,1316.0
i3.0_w3_p0.236_s12.0_t18.0_INV_cd60_mh600_mw300_ml0.0,3.0,3,0.236,12.0,18.0,True,60,600,300,0.0,10831,157.0,45.2,32.9,47.1,20.0,5869.0,85.1,0.54,4060.0,-16.6,7022,318.1,3809,46.1,1576.0
i3.0_w3_p0.236_s10.0_t12.0_INV_cd60_mh600_mw300_ml0.0,3.0,3,0.236,10.0,12.0,True,60,600,300,0.0,11396,165.2,49.4,42.7,45.2,12.1,5822.0,84.4,0.51,3202.0,34.5,7566,196.7,3830,50.5,1080.0
i3.0_w5_p0.618_s8.0_t24.0_INV_cd60_mh600_mw300_ml0.0,3.0,5,0.618,8.0,24.0,True,60,600,300,0.0,8520,123.5,34.9,18.1,59.4,22.5,5779.0,83.7,0.68,2614.0,92.0,5428,60.5,3092,31.9,1447.0
i7.0_w4_p0.5_s6.0_t18.0_INV_cd60_mh600_mw300_ml0.0,7.0,4,0.5,6.0,18.0,True,60,600,300,0.0,8444,122.4,31.6,24.5,66.7,8.8,5773.0,83.7,0.68,1994.0,69.9,5272,111.8,3172,30.6,1100.0
i3.0_w5_p0.382_s8.0_t12.0_INV_cd60_mh600_mw300_ml0.0,3.0,5,0.382,8.0,12.0,True,60,600,300,0.0,10720,155.4,45.3,38.4,50.6,11.0,5764.0,83.5,0.54,1998.0,17.9,7089,232.8,3631,46.3,823.0
i7.0_w5_p0.5_s12.0_t30.0_INV_cd60_mh600_mw300_ml0.0,7.0,5,0.5,12.0,30.0,True,60,600,300,0.0,7183,104.1,38.7,18.2,52.1,29.8,5745.0,83.3,0.8,3857.0,27.5,4392,209.3,2791,37.9,1549.0
i3.0_w5_p0.236_s12.0_t12.0_INV_cd60_mh600_mw300_ml0.0,3.0,5,0.236,12.0,12.0,True,60,600,300,0.0,11049,160.1,52.9,45.3,39.9,14.8,5659.0,82.0,0.51,2853.0,-22.1,7288,321.0,3761,55.7,693.0
i5.0_w3_p0.382_s6.0_t12.0_INV_cd60_mh600_mw300_ml0.0,5.0,3,0.382,6.0,12.0,True,60,600,300,0.0,10532,152.6,39.1,34.7,59.4,6.0,5618.0,81.4,0.53,1885.0,45.7,6897,160.8,3635,39.5,614.0
i5.0_w3_p0.5_s10.0_t30.0_WITH_cd60_mh600_mw300_ml0.0,5.0,3,0.5,10.0,30.0,False,60,600,300,0.0,8637,125.2,35.1,17.1,58.1,24.7,5616.0,81.4,0.65,2020.0,70.1,5409,103.9,3228,32.6,1668.0
i5.0_w3_p0.236_s10.0_t12.0_INV_cd60_mh600_mw300_ml0.0,5.0,3,0.236,10.0,12.0,True,60,600,300,0.0,10850,157.2,49.3,43.4,46.0,10.6,5583.0,80.9,0.51,2956.0,42.8,7097,165.9,3753,50.1,1484.0
i7.0_w4_p0.5_s10.0_t24.0_INV_cd60_mh600_mw300_ml0.0,7.0,4,0.5,10.0,24.0,True,60,600,300,0.0,7726,112.0,37.5,22.8,56.7,20.5,5567.0,80.7,0.72,1873.0,57.3,4775,131.3,2951,36.2,869.0
i3.0_w5_p0.618_s10.0_t24.0_INV_cd60_mh600_mw300_ml0.0,3.0,5,0.618,10.0,24.0,True,60,600,300,0.0,8247,119.5,38.8,20.1,52.7,27.1,5520.0,80.0,0.67,2599.0,78.5,5239,79.7,3008,36.5,1348.0
i3.0_w4_p0.618_s10.0_t24.0_INV_cd60_mh600_mw300_ml0.0,3.0,4,0.618,10.0,24.0,True,60,600,300,0.0,8544,123.8,38.5,20.5,53.3,26.2,5447.0,78.9,0.64,3772.0,72.6,5453,90.0,3091,36.2,977.0
i3.0_w4_p0.236_s12.0_t18.0_INV_cd60_mh600_mw300_ml0.0,3.0,4,0.236,12.0,18.0,True,60,600,300,0.0,10713,155.3,44.9,32.7,46.8,20.6,5265.0,76.3,0.49,4929.0,-51.0,6989,369.7,3724,46.3,974.0
i7.0_w3_p0.618_s12.0_t30.0_INV_cd60_mh600_mw300_ml0.0,7.0,3,0.618,12.0,30.0,True,60,600,300,0.0,6530,94.6,37.9,19.3,54.5,26.3,5259.0,76.2,0.81,2419.0,56.4,3977,118.8,2553,36.6,1818.0
i5.0_w4_p0.618_s6.0_t24.0_INV_cd60_mh600_mw300_ml0.0,5.0,4,0.618,6.0,24.0,True,60,600,300,0.0,8290,120.1,28.9,16.5,68.6,14.9,5259.0,76.2,0.63,2209.0,74.0,5228,77.7,3062,26.3,1271.0
i7.0_w3_p0.382_s6.0_t12.0_INV_cd60_mh600_mw300_ml0.0,7.0,3,0.382,6.0,12.0,True,60,600,300,0.0,9509,137.8,38.7,35.5,60.1,4.4,5214.0,75.6,0.55,1459.0,52.2,6075,126.4,3434,38.8,537.0
i5.0_w4_p0.618_s8.0_t30.0_INV_cd60_mh600_mw300_ml0.0,5.0,4,0.618,8.0,30.0,True,60,600,300,0.0,7824,113.4,32.3,14.1,63.0,23.0,5195.0,75.3,0.66,1707.0,89.7,4906,38.2,2918,28.9,1138.0
i5.0_w4_p0.618_s8.0_t24.0_INV_cd60_mh600_mw300_ml0.0,5.0,4,0.618,8.0,24.0,True,60,600,300,0.0,8008,116.1,34.0,19.2,61.4,19.4,5184.0,75.1,0.65,1843.0,80.7,5032,58.5,2976,31.3,1374.0
i3.0_w3_p0.5_s6.0_t12.0_INV_cd60_mh600_mw300_ml0.0,3.0,3,0.5,6.0,12.0,True,60,600,300,0.0,10697,155.0,39.3,33.7,58.4,7.9,5175.0,75.0,0.48,2438.0,52.0,7055,125.2,3642,38.9,728.0
i7.0_w3_p0.382_s12.0_t30.0_INV_cd60_mh600_mw300_ml0.0,7.0,3,0.382,12.0,30.0,True,60,600,300,0.0,8082,117.1,37.5,19.5,54.8,25.7,5168.0,74.9,0.64,2387.0,22.5,4973,193.5,3109,36.7,1487.0
i7.0_w5_p0.382_s6.0_t12.0_INV_cd60_mh600_mw300_ml0.0,7.0,5,0.382,6.0,12.0,True,60,600,300,0.0,9659,140.0,38.9,35.0,59.5,5.5,5165.0,74.9,0.53,1648.0,35.4,6221,163.3,3438,39.5,602.0
i5.0_w5_p0.236_s12.0_t12.0_INV_cd60_mh600_mw300_ml0.0,5.0,5,0.236,12.0,12.0,True,60,600,300,0.0,10644,154.3,52.6,46.0,40.3,13.7,5146.0,74.6,0.48,2723.0,-12.7,6972,274.7,3672,55.1,847.0
i3.0_w5_p0.5_s6.0_t12.0_INV_cd60_mh600_mw300_ml0.0,3.0,5,0.5,6.0,12.0,True,60,600,300,0.0,10207,147.9,39.3,33.6,58.0,8.4,5121.0,74.2,0.5,2732.0,19.0,6702,199.5,3505,40.2,831.0
i5.0_w3_p0.382_s10.0_t18.0_INV_cd60_mh600_mw300_ml0.0,5.0,3,0.382,10.0,18.0,True,60,600,300,0.0,9759,141.4,41.6,30.4,52.9,16.8,4983.0,72.2,0.51,3325.0,27.7,6245,172.7,3514,41.3,982.0
i5.0_w3_p0.618_s6.0_t18.0_INV_cd60_mh600_mw300_ml0.0,5.0,3,0.618,6.0,18.0,True,60,600,300,0.0,8743,126.7,31.7,24.0,66.3,9.8,4823.0,69.9,0.55,2166.0,49.8,5523,113.5,3220,30.4,890.0
i5.0_w5_p0.5_s8.0_t18.0_INV_cd60_mh600_mw300_ml0.0,5.0,5,0.5,8.0,18.0,True,60,600,300,0.0,8920,129.3,37.4,26.6,57.8,15.5,4763.0,69.0,0.53,3475.0,-12.4,5674,255.8,3246,38.0,569.0
i5.0_w3_p0.382_s12.0_t24.0_INV_cd60_mh600_mw300_ml0.0,5.0,3,0.382,12.0,24.0,True,60,600,300,0.0,9201,133.3,40.6,24.3,50.9,24.9,4731.0,68.6,0.51,4986.0,-7.9,5828,243.8,3373,40.6,1295.0
i5.0_w3_p0.618_s8.0_t18.0_INV_cd60_mh600_mw300_ml0.0,5.0,3,0.618,8.0,18.0,True,60,600,300,0.0,8463,122.7,37.2,27.6,59.0,13.3,4728.0,68.5,0.56,1965.0,50.3,5327,107.7,3136,36.1,802.0
i7.0_w4_p0.618_s8.0_t30.0_INV_cd60_mh600_mw300_ml0.0,7.0,4,0.618,8.0,30.0,True,60,600,300,0.0,6864,99.5,31.1,15.1,65.2,19.7,4717.0,68.4,0.69,1854.0,96.3,4212,-0.1,2652,28.0,1531.0
i5.0_w5_p0.618_s8.0_t30.0_INV_cd60_mh600_mw300_ml0.0,5.0,5,0.618,8.0,30.0,True,60,600,300,0.0,7577,109.8,32.3,13.9,62.4,23.7,4693.0,68.0,0.62,1848.0,77.5,4742,42.6,2835,29.2,1554.0
i5.0_w4_p0.5_s8.0_t18.0_INV_cd60_mh600_mw300_ml0.0,5.0,4,0.5,8.0,18.0,True,60,600,300,0.0,9097,131.8,37.3,26.8,58.2,15.0,4668.0,67.7,0.51,3436.0,35.4,5802,139.6,3295,36.5,807.0
i5.0_w4_p0.5_s12.0_t30.0_INV_cd60_mh600_mw300_ml0.0,5.0,4,0.5,12.0,30.0,True,60,600,300,0.0,8149,118.1,38.9,17.6,51.6,30.9,4638.0,67.2,0.57,3048.0,21.8,5097,170.1,3052,37.4,1232.0
i5.0_w3_p0.5_s8.0_t18.0_INV_cd60_mh600_mw300_ml0.0,5.0,3,0.5,8.0,18.0,True,60,600,300,0.0,9311,134.9,37.4,27.2,59.0,13.8,4631.0,67.1,0.5,2941.0,39.8,5930,127.7,3381,36.1,1201.0
i5.0_w4_p0.5_s12.0_t24.0_INV_cd60_mh600_mw300_ml0.0,5.0,4,0.5,12.0,24.0,True,60,600,300,0.0,8406,121.8,40.9,23.7,50.0,26.3,4622.0,67.0,0.55,2464.0,56.5,5274,88.2,3132,39.4,1174.0
i7.0_w5_p0.5_s12.0_t24.0_INV_cd60_mh600_mw300_ml0.0,7.0,5,0.5,12.0,24.0,True,60,600,300,0.0,7420,107.5,40.7,24.2,50.5,25.3,4607.0,66.8,0.62,3275.0,28.8,4572,152.2,2848,40.2,1703.0
i7.0_w3_p0.618_s8.0_t24.0_INV_cd60_mh600_mw300_ml0.0,7.0,3,0.618,8.0,24.0,True,60,600,300,0.0,7153,103.7,32.5,20.7,64.1,15.1,4564.0,66.1,0.64,2089.0,36.7,4403,131.7,2750,31.7,1121.0
i3.0_w5_p0.618_s6.0_t24.0_INV_cd60_mh600_mw300_ml0.0,3.0,5,0.618,6.0,24.0,True,60,600,300,0.0,8858,128.4,29.5,15.4,66.9,17.7,4563.0,66.1,0.52,2184.0,66.1,5664,62.9,3194,26.5,1440.0
i7.0_w4_p0.618_s8.0_t24.0_INV_cd60_mh600_mw300_ml0.0,7.0,4,0.618,8.0,24.0,True,60,600,300,0.0,7017,101.7,33.1,20.2,63.3,16.5,4391.0,63.6,0.63,1979.0,69.0,4316,48.2,2701,31.1,1124.0
i7.0_w3_p0.5_s10.0_t24.0_INV_cd60_mh600_mw300_ml0.0,7.0,3,0.5,10.0,24.0,True,60,600,300,0.0,7743,112.2,36.7,23.2,58.0,18.8,4375.0,63.4,0.57,2811.0,58.0,4765,73.1,2978,35.2,1776.0
i5.0_w5_p0.382_s10.0_t18.0_INV_cd60_mh600_mw300_ml0.0,5.0,5,0.382,10.0,18.0,True,60,600,300,0.0,9590,139.0,41.6,30.0,52.1,17.9,4372.0,63.4,0.46,4032.0,-3.3,6133,215.8,3457,41.9,781.0
i7.0_w4_p0.382_s6.0_t12.0_INV_cd60_mh600_mw300_ml0.0,7.0,4,0.382,6.0,12.0,True,60,600,300,0.0,9575,138.8,38.7,34.9,59.9,5.2,4333.0,62.8,0.45,2279.0,49.8,6141,90.2,3434,38.4,790.0
i5.0_w5_p0.5_s12.0_t24.0_INV_cd60_mh600_mw300_ml0.0,5.0,5,0.5,12.0,24.0,True,60,600,300,0.0,8170,118.4,40.9,23.1,49.1,27.8,4309.0,62.5,0.53,3868.0,16.7,5126,166.3,3044,40.4,1452.0
i7.0_w5_p0.618_s12.0_t24.0_INV_cd60_mh600_mw300_ml0.0,7.0,5,0.618,12.0,24.0,True,60,600,300,0.0,6470,93.8,40.9,24.1,50.6,25.3,4290.0,62.2,0.66,1635.0,39.1,3960,112.9,2510,40.3,1180.0
i7.0_w4_p0.618_s6.0_t30.0_INV_cd60_mh600_mw300_ml0.0,7.0,4,0.618,6.0,30.0,True,60,600,300,0.0,7170,103.9,25.8,12.8,72.3,14.8,4277.0,62.0,0.6,2074.0,92.5,4417,-12.1,2753,22.6,2074.0
i5.0_w5_p0.618_s12.0_t30.0_INV_cd60_mh600_mw300_ml0.0,5.0,5,0.618,12.0,30.0,True,60,600,300,0.0,7057,102.3,39.6,16.8,50.2,32.9,4253.0,61.6,0.6,2474.0,34.4,4399,122.2,2658,38.2,1203.0
i7.0_w3_p0.618_s6.0_t24.0_INV_cd60_mh600_mw300_ml0.0,7.0,3,0.618,6.0,24.0,True,60,600,300,0.0,7388,107.1,27.2,17.7,71.2,11.0,4191.0,60.7,0.57,2511.0,39.4,4545,107.5,2843,26.1,1748.0
i7.0_w4_p0.618_s6.0_t24.0_INV_cd60_mh600_mw300_ml0.0,7.0,4,0.618,6.0,24.0,True,60,600,300,0.0,7287,105.6,27.7,17.3,70.5,12.2,4178.0,60.5,0.57,1581.0,73.8,4491,26.8,2796,25.4,1137.0
i7.0_w3_p0.236_s10.0_t12.0_INV_cd60_mh600_mw300_ml0.0,7.0,3,0.236,10.0,12.0,True,60,600,300,0.0,10047,145.6,49.0,44.1,47.1,8.8,4130.0,59.9,0.41,4055.0,28.1,6440,131.1,3607,49.7,1374.0
i3.0_w3_p0.382_s12.0_t30.0_WITH_cd60_mh600_mw300_ml0.0,3.0,3,0.382,12.0,30.0,False,60,600,300,0.0,9600,139.1,38.6,17.8,51.5,30.7,4124.0,59.8,0.43,3265.0,68.2,6080,37.2,3520,35.3,1955.0
i7.0_w5_p0.5_s8.0_t18.0_INV_cd60_mh600_mw300_ml0.0,7.0,5,0.5,8.0,18.0,True,60,600,300,0.0,8125,117.8,36.9,27.5,59.3,13.1,4099.0,59.4,0.5,2702.0,2.6,5051,189.1,3074,37.4,621.0
i7.0_w4_p0.236_s12.0_t12.0_INV_cd60_mh600_mw300_ml0.0,7.0,4,0.236,12.0,12.0,True,60,600,300,0.0,10059,145.8,52.7,46.9,41.6,11.6,4008.0,58.1,0.4,3217.0,1.3,6445,187.8,3614,54.0,1141.0
i5.0_w4_p0.618_s6.0_t30.0_INV_cd60_mh600_mw300_ml0.0,5.0,4,0.618,6.0,30.0,True,60,600,300,0.0,8156,118.2,26.8,11.9,70.5,17.6,4007.0,58.1,0.49,1797.0,72.9,5132,20.7,3024,23.4,1669.0
i5.0_w5_p0.382_s8.0_t12.0_INV_cd60_mh600_mw300_ml0.0,5.0,5,0.382,8.0,12.0,True,60,600,300,0.0,10191,147.7,44.7,38.9,51.9,9.2,3916.0,56.8,0.38,2305.0,-5.3,6651,198.9,3540,46.0,763.0
i3.0_w3_p0.5_s10.0_t18.0_INV_cd60_mh600_mw300_ml0.0,3.0,3,0.5,10.0,18.0,True,60,600,300,0.0,9871,143.1,41.7,29.3,51.7,19.0,3914.0,56.7,0.4,3917.0,9.4,6363,164.5,3508,41.3,1317.0
i7.0_w3_p0.5_s12.0_t30.0_INV_cd60_mh600_mw300_ml0.0,7.0,3,0.5,12.0,30.0,True,60,600,300,0.0,7361,106.7,37.5,19.1,54.9,25.9,3837.0,55.6,0.52,3077.0,69.7,4497,20.2,2864,35.4,3077.0
i7.0_w4_p0.5_s12.0_t24.0_INV_cd60_mh600_mw300_ml0.0,7.0,4,0.5,12.0,24.0,True,60,600,300,0.0,7565,109.6,40.3,24.7,51.8,23.4,3833.0,55.5,0.51,1946.0,41.8,4657,84.9,2908,39.2,1152.0
i3.0_w4_p0.382_s8.0_t12.0_INV_cd60_mh600_mw300_ml0.0,3.0,4,0.382,8.0,12.0,True,60,600,300,0.0,10930,158.4,44.7,38.2,51.3,10.5,3813.0,55.3,0.35,2712.0,25.2,7229,122.8,3701,44.7,802.0
i5.0_w3_p0.5_s12.0_t30.0_WITH_cd60_mh600_mw300_ml0.0,5.0,3,0.5,12.0,30.0,False,60,600,300,0.0,8389,121.6,38.0,18.6,52.8,28.6,3809.0,55.2,0.45,2677.0,42.4,5214,82.5,3175,36.1,1884.0
i7.0_w3_p0.5_s8.0_t18.0_INV_cd60_mh600_mw300_ml0.0,7.0,3,0.5,8.0,18.0,True,60,600,300,0.0,8235,119.3,36.5,28.2,60.5,11.3,3749.0,54.3,0.46,1528.0,44.8,5088,74.0,3147,35.3,1432.0
i3.0_w3_p0.5_s10.0_t30.0_WITH_cd60_mh600_mw300_ml0.0,3.0,3,0.5,10.0,30.0,False,60,600,300,0.0,9368,135.8,35.1,16.1,57.3,26.6,3657.0,53.0,0.39,2472.0,34.6,5955,93.5,3413,32.3,1776.0
i3.0_w4_p0.5_s6.0_t12.0_INV_cd60_mh600_mw300_ml0.0,3.0,4,0.5,6.0,12.0,True,60,600,300,0.0,10471,151.8,38.8,33.3,58.6,8.0,3655.0,53.0,0.35,2256.0,37.3,6916,87.0,3555,38.1,1227.0
i3.0_w3_p0.382_s10.0_t30.0_WITH_cd60_mh600_mw300_ml0.0,3.0,3,0.382,10.0,30.0,False,60,600,300,0.0,9855,142.8,35.3,16.3,57.1,26.6,3608.0,52.3,0.37,2862.0,41.3,6278,75.3,3577,32.1,2104.0
i5.0_w3_p0.618_s10.0_t18.0_INV_cd60_mh600_mw300_ml0.0,5.0,3,0.618,10.0,18.0,True,60,600,300,0.0,8262,119.7,41.3,30.5,53.2,16.2,3601.0,52.2,0.44,2431.0,34.2,5173,91.7,3089,40.6,787.0
i7.0_w4_p0.5_s8.0_t18.0_INV_cd60_mh600_mw300_ml0.0,7.0,4,0.5,8.0,18.0,True,60,600,300,0.0,8230,119.3,36.5,27.9,59.8,12.3,3489.0,50.6,0.42,3385.0,39.5,5120,73.9,3110,35.8,1226.0
i5.0_w5_p0.618_s12.0_t24.0_INV_cd60_mh600_mw300_ml0.0,5.0,5,0.618,12.0,24.0,True,60,600,300,0.0,7253,105.1,41.4,22.6,48.9,28.5,3453.0,50.0,0.48,2714.0,22.4,4522,112.1,2731,40.6,1493.0
i3.0_w3_p0.5_s6.0_t30.0_WITH_cd60_mh600_mw300_ml0.0,3.0,3,0.5,6.0,30.0,False,60,600,300,0.0,10042,145.5,26.4,12.0,70.7,17.3,3452.0,50.0,0.34,2283.0,9.8,6491,141.6,3551,23.5,1835.0
i7.0_w3_p0.5_s10.0_t30.0_WITH_cd60_mh600_mw300_ml0.0,7.0,3,0.5,10.0,30.0,False,60,600,300,0.0,7735,112.1,34.1,17.8,60.6,21.6,3370.0,48.8,0.44,2606.0,54.1,4752,34.3,2983,31.7,1682.0
i5.0_w5_p0.382_s12.0_t30.0_INV_cd60_mh600_mw300_ml0.0,5.0,5,0.382,12.0,30.0,True,60,600,300,0.0,8779,127.2,38.4,17.6,51.7,30.7,3335.0,48.3,0.38,2894.0,-0.8,5516,160.6,3263,37.0,1452.0
i5.0_w4_p0.236_s12.0_t12.0_INV_cd60_mh600_mw300_ml0.0,5.0,4,0.236,12.0,12.0,True,60,600,300,0.0,10640,154.2,52.4,45.7,40.8,13.5,3302.0,47.9,0.31,3499.0,-30.6,6954,228.6,3686,54.3,1108.0
i5.0_w5_p0.618_s10.0_t30.0_INV_cd60_mh600_mw300_ml0.0,5.0,5,0.618,10.0,30.0,True,60,600,300,0.0,7304,105.9,36.1,15.3,56.3,28.4,3281.0,47.5,0.45,2207.0,38.4,4560,66.7,2744,34.1,1321.0
i7.0_w3_p0.382_s10.0_t18.0_INV_cd60_mh600_mw300_ml0.0,7.0,3,0.382,10.0,18.0,True,60,600,300,0.0,8863,128.4,40.7,31.5,54.6,13.9,3269.0,47.4,0.37,3203.0,27.4,5555,91.8,3308,40.4,1056.0
i3.0_w4_p0.618_s10.0_t18.0_INV_cd60_mh600_mw300_ml0.0,3.0,4,0.618,10.0,18.0,True,60,600,300,0.0,8878,128.7,41.5,28.6,50.9,20.6,3259.0,47.2,0.37,3650.0,26.3,5707,93.9,3171,40.6,685.0
i7.0_w3_p0.618_s10.0_t24.0_INV_cd60_mh600_mw300_ml0.0,7.0,3,0.618,10.0,24.0,True,60,600,300,0.0,6919,100.3,36.5,23.2,58.7,18.2,3257.0,47.2,0.47,2983.0,25.1,4231,96.6,2688,35.5,1222.0
i5.0_w3_p0.5_s6.0_t30.0_WITH_cd60_mh600_mw300_ml0.0,5.0,3,0.5,6.0,30.0,False,60,600,300,0.0,9251,134.1,25.7,12.6,71.9,15.5,3249.0,47.1,0.35,3077.0,9.1,5893,133.6,3358,23.3,1344.0
i3.0_w5_p0.618_s8.0_t18.0_INV_cd60_mh600_mw300_ml0.0,3.0,5,0.618,8.0,18.0,True,60,600,300,0.0,8770,127.1,37.6,25.6,56.9,17.5,3226.0,46.8,0.37,2748.0,52.5,5617,31.2,3153,35.4,1115.0
i7.0_w4_p0.382_s10.0_t18.0_INV_cd60_mh600_mw300_ml0.0,7.0,4,0.382,10.0,18.0,True,60,600,300,0.0,8898,129.0,41.3,30.7,54.0,15.4,3193.0,46.3,0.36,3448.0,33.6,5589,73.6,3309,40.4,1621.0
i7.0_w4_p0.618_s12.0_t30.0_INV_cd60_mh600_mw300_ml0.0,7.0,4,0.618,12.0,30.0,True,60,600,300,0.0,6439,93.3,38.0,18.4,53.5,28.1,3167.0,45.9,0.49,2358.0,70.4,3959,-13.4,2480,35.2,1810.0
i7.0_w5_p0.618_s12.0_t30.0_INV_cd60_mh600_mw300_ml0.0,7.0,5,0.618,12.0,30.0,True,60,600,300,0.0,6282,91.0,38.3,17.9,52.6,29.5,3165.0,45.9,0.5,1787.0,26.9,3832,87.9,2450,37.1,1062.0
i7.0_w3_p0.618_s6.0_t30.0_WITH_cd60_mh600_mw300_ml0.0,7.0,3,0.618,6.0,30.0,False,60,600,300,0.0,7456,108.1,24.3,13.7,74.1,12.3,3162.0,45.8,0.42,1002.0,30.2,4598,80.1,2858,22.7,1002.0
i3.0_w5_p0.618_s12.0_t18.0_INV_cd60_mh600_mw300_ml0.0,3.0,5,0.618,12.0,18.0,True,60,600,300,0.0,8286,120.1,45.0,30.2,44.3,25.5,3158.0,45.8,0.38,2914.0,36.0,5254,66.4,3032,44.4,1254.0
i5.0_w5_p0.618_s6.0_t30.0_INV_cd60_mh600_mw300_ml0.0,5.0,5,0.618,6.0,30.0,True,60,600,300,0.0,7915,114.7,26.7,11.8,70.6,17.6,3152.0,45.7,0.4,1862.0,59.8,4952,10.5,2963,23.5,1847.0
i3.0_w5_p0.382_s10.0_t12.0_INV_cd60_mh600_mw300_ml0.0,3.0,5,0.382,10.0,12.0,True,60,600,300,0.0,10530,152.6,49.1,41.5,45.0,13.5,3102.0,45.0,0.29,2641.0,-16.8,6915,186.9,3615,50.3,828.0
i5.0_w3_p0.618_s12.0_t18.0_INV_cd60_mh600_mw300_ml0.0,5.0,3,0.618,12.0,18.0,True,60,600,300,0.0,8086,117.2,44.5,32.9,47.5,19.6,3102.0,45.0,0.38,2094.0,53.2,5023,23.5,3063,43.5,1162.0
i7.0_w5_p0.5_s10.0_t18.0_INV_cd60_mh600_mw300_ml0.0,7.0,5,0.5,10.0,18.0,True,60,600,300,0.0,7899,114.5,41.1,30.2,53.1,16.7,3069.0,44.5,0.39,3231.0,-0.4,4897,147.2,3002,41.3,792.0
i3.0_w5_p0.382_s12.0_t18.0_INV_cd60_mh600_mw300_ml0.0,3.0,5,0.382,12.0,18.0,True,60,600,300,0.0,9896,143.4,45.0,31.2,45.9,22.9,3062.0,44.4,0.31,3331.0,-6.1,6366,160.1,3530,45.0,990.0
i5.0_w5_p0.618_s8.0_t24.0_INV_cd60_mh600_mw300_ml0.0,5.0,5,0.618,8.0,24.0,True,60,600,300,0.0,7735,112.1,33.7,18.6,61.2,20.2,3057.0,44.3,0.4,2024.0,49.8,4847,29.4,2888,31.3,1373.0
i7.0_w3_p0.618_s12.0_t24.0_INV_cd60_mh600_mw300_ml0.0,7.0,3,0.618,12.0,24.0,True,60,600,300,0.0,6745,97.8,39.9,25.2,53.1,21.7,3018.0,43.7,0.45,3148.0,18.9,4110,99.5,2635,39.2,1295.0
i7.0_w3_p0.5_s6.0_t30.0_WITH_cd60_mh600_mw300_ml0.0,7.0,3,0.5,6.0,30.0,False,60,600,300,0.0,8284,120.1,24.8,13.4,73.7,13.0,2945.0,42.7,0.36,3357.0,11.6,5165,113.2,3119,23.0,1267.0
i3.0_w5_p0.5_s8.0_t12.0_INV_cd60_mh600_mw300_ml0.0,3.0,5,0.5,8.0,12.0,True,60,600,300,0.0,10021,145.2,44.5,37.7,51.0,11.3,2903.0,42.1,0.29,2102.0,-3.5,6533,146.4,3488,45.2,970.0
i3.0_w5_p0.5_s12.0_t18.0_INV_cd60_mh600_mw300_ml0.0,3.0,5,0.5,12.0,18.0,True,60,600,300,0.0,9157,132.7,44.9,30.6,45.2,24.1,2902.0,42.1,0.32,2998.0,-0.9,5858,140.3,3299,44.9,1223.0
i3.0_w4_p0.382_s10.0_t18.0_INV_cd60_mh600_mw300_ml0.0,3.0,4,0.382,10.0,18.0,True,60,600,300,0.0,10317,149.5,41.5,29.2,51.7,19.1,2880.0,41.7,0.28,4007.0,9.5,6706,115.1,3611,40.6,1292.0
i3.0_w3_p0.5_s8.0_t30.0_WITH_cd60_mh600_mw300_ml0.0,3.0,3,0.5,8.0,30.0,False,60,600,300,0.0,9702,140.6,31.2,14.3,63.7,22.0,2792.0,40.5,0.29,2443.0,19.1,6207,88.4,3495,28.0,1605.0
i5.0_w5_p0.618_s10.0_t24.0_INV_cd60_mh600_mw300_ml0.0,5.0,5,0.618,10.0,24.0,True,60,600,300,0.0,7476,108.3,37.9,20.7,54.8,24.5,2790.0,40.4,0.37,2363.0,32.6,4669,56.9,2807,36.4,1373.0
i5.0_w4_p0.618_s10.0_t24.0_INV_cd60_mh600_mw300_ml0.0,5.0,4,0.618,10.0,24.0,True,60,600,300,0.0,7772,112.6,37.5,21.2,55.4,23.4,2785.0,40.4,0.36,2911.0,50.6,4889,14.4,2883,35.2,1478.0
i7.0_w5_p0.382_s10.0_t18.0_INV_cd60_mh600_mw300_ml0.0,7.0,5,0.382,10.0,18.0,True,60,600,300,0.0,8950,129.7,41.1,30.5,53.6,15.9,2778.0,40.3,0.31,4147.0,-17.5,5612,173.1,3338,41.4,1145.0
i5.0_w5_p0.382_s12.0_t24.0_INV_cd60_mh600_mw300_ml0.0,5.0,5,0.382,12.0,24.0,True,60,600,300,0.0,9020,130.7,40.5,23.5,50.1,26.4,2743.0,39.8,0.3,3466.0,-8.5,5684,150.5,3336,40.0,1298.0
i3.0_w3_p0.5_s12.0_t30.0_WITH_cd60_mh600_mw300_ml0.0,3.0,3,0.5,12.0,30.0,False,60,600,300,0.0,9084,131.7,38.1,17.5,51.1,31.4,2703.0,39.2,0.3,3710.0,21.9,5721,77.6,3363,35.9,1573.0
i5.0_w5_p0.5_s6.0_t12.0_INV_cd60_mh600_mw300_ml0.0,5.0,5,0.5,6.0,12.0,True,60,600,300,0.0,9491,137.6,38.4,33.7,59.5,6.8,2696.0,39.1,0.28,2864.0,-17.2,6121,168.6,3370,39.8,661.0
i5.0_w4_p0.618_s10.0_t30.0_INV_cd60_mh600_mw300_ml0.0,5.0,4,0.618,10.0,30.0,True,60,600,300,0.0,7600,110.1,35.5,15.6,57.1,27.3,2694.0,39.0,0.35,2527.0,61.9,4754,-16.0,2846,32.5,1649.0
i3.0_w4_p0.618_s12.0_t18.0_INV_cd60_mh600_mw300_ml0.0,3.0,4,0.618,12.0,18.0,True,60,600,300,0.0,8683,125.8,44.7,30.7,45.2,24.1,2615.0,37.9,0.3,4358.0,16.5,5559,86.1,3124,44.1,822.0
i7.0_w4_p0.618_s8.0_t18.0_INV_cd60_mh600_mw300_ml0.0,7.0,4,0.618,8.0,18.0,True,60,600,300,0.0,7230,104.8,36.6,27.6,60.1,12.4,2586.0,37.5,0.36,1964.0,37.1,4462,36.5,2768,35.4,993.0
i5.0_w5_p0.5_s10.0_t18.0_INV_cd60_mh600_mw300_ml0.0,5.0,5,0.5,10.0,18.0,True,60,600,300,0.0,8665,125.6,41.3,29.0,51.9,19.1,2576.0,37.3,0.3,4115.0,-16.4,5480,160.9,3185,41.4,833.0
i7.0_w4_p0.382_s12.0_t30.0_INV_cd60_mh600_mw300_ml0.0,7.0,4,0.382,12.0,30.0,True,60,600,300,0.0,8116,117.6,37.9,18.4,54.1,27.5,2549.0,36.9,0.31,3314.0,30.6,4997,49.9,3119,35.9,2056.0
i3.0_w5_p0.618_s10.0_t18.0_INV_cd60_mh600_mw300_ml0.0,3.0,5,0.618,10.0,18.0,True,60,600,300,0.0,8528,123.6,41.7,28.0,50.4,21.6,2440.0,35.4,0.29,2415.0,28.8,5437,49.0,3091,40.5,1079.0
i5.0_w3_p0.5_s8.0_t30.0_WITH_cd60_mh600_mw300_ml0.0,5.0,3,0.5,8.0,30.0,False,60,600,300,0.0,8947,129.7,30.4,14.9,65.2,19.9,2438.0,35.3,0.27,2386.0,26.2,5640,55.0,3307,27.6,1567.0
i3.0_w4_p0.382_s12.0_t30.0_INV_cd60_mh600_mw300_ml0.0,3.0,4,0.382,12.0,30.0,True,60,600,300,0.0,9479,137.4,38.5,17.2,51.1,31.7,2414.0,35.0,0.25,4816.0,-2.8,6036,121.6,3443,36.4,1577.0
i7.0_w3_p0.618_s8.0_t30.0_WITH_cd60_mh600_mw300_ml0.0,7.0,3,0.618,8.0,30.0,False,60,600,300,0.0,7160,103.8,29.3,15.9,67.6,16.5,2406.0,34.9,0.34,1781.0,42.2,4386,16.1,2774,27.2,1781.0
i5.0_w4_p0.618_s12.0_t24.0_INV_cd60_mh600_mw300_ml0.0,5.0,4,0.618,12.0,24.0,True,60,600,300,0.0,7537,109.2,40.9,22.9,49.8,27.3,2400.0,34.8,0.32,3687.0,32.5,4723,38.5,2814,39.1,1304.0
i7.0_w4_p0.618_s10.0_t24.0_INV_cd60_mh600_mw300_ml0.0,7.0,4,0.618,10.0,24.0,True,60,600,300,0.0,6791,98.4,36.7,22.3,57.4,20.3,2376.0,34.4,0.35,2829.0,34.9,4185,31.6,2606,35.1,1482.0
i7.0_w4_p0.618_s10.0_t30.0_INV_cd60_mh600_mw300_ml0.0,7.0,4,0.618,10.0,30.0,True,60,600,300,0.0,6639,96.2,34.6,16.7,59.3,24.1,2331.0,33.8,0.35,2213.0,66.0,4084,-43.1,2555,31.6,2213.0
i5.0_w3_p0.618_s6.0_t30.0_WITH_cd60_mh600_mw300_ml0.0,5.0,3,0.618,6.0,30.0,False,60,600,300,0.0,8535,123.7,25.3,12.5,72.5,15.0,2319.0,33.6,0.27,1790.0,11.3,5372,84.1,3163,23.0,1455.0
i7.0_w4_p0.618_s12.0_t24.0_INV_cd60_mh600_mw300_ml0.0,7.0,4,0.618,12.0,24.0,True,60,600,300,0.0,6592,95.5,40.1,24.3,51.9,23.8,2313.0,33.5,0.35,2686.0,30.5,4059,38.9,2533,38.6,1305.0
i5.0_w5_p0.382_s10.0_t12.0_INV_cd60_mh600_mw300_ml0.0,5.0,5,0.382,10.0,12.0,True,60,600,300,0.0,10011,145.1,48.8,42.2,45.9,11.9,2272.0,32.9,0.23,2486.0,-21.9,6484,159.3,3527,50.0,787.0
i7.0_w5_p0.382_s12.0_t30.0_INV_cd60_mh600_mw300_ml0.0,7.0,5,0.382,12.0,30.0,True,60,600,300,0.0,8194,118.8,37.7,18.4,53.5,28.1,2271.0,32.9,0.28,3683.0,11.5,5080,81.4,3114,36.0,2320.0
i7.0_w3_p0.618_s8.0_t18.0_INV_cd60_mh600_mw300_ml0.0,7.0,3,0.618,8.0,18.0,True,60,600,300,0.0,7389,107.1,36.0,28.3,61.0,10.8,2219.0,32.2,0.3,2517.0,17.7,4543,64.3,2846,35.4,1055.0
i5.0_w5_p0.618_s6.0_t24.0_INV_cd60_mh600_mw300_ml0.0,5.0,5,0.618,6.0,24.0,True,60,600,300,0.0,8047,116.6,28.2,15.9,69.2,14.9,2206.0,32.0,0.27,2163.0,47.0,5036,-4.6,3011,25.4,1905.0
i5.0_w3_p0.5_s12.0_t24.0_INV_cd60_mh600_mw300_ml0.0,5.0,3,0.5,12.0,24.0,True,60,600,300,0.0,8564,124.1,40.1,23.9,51.4,24.7,2175.0,31.5,0.25,3346.0,55.6,5378,-26.2,3186,37.8,2591.0
i3.0_w3_p0.382_s8.0_t12.0_INV_cd60_mh600_mw300_ml0.0,3.0,3,0.382,8.0,12.0,True,60,600,300,0.0,11137,161.4,44.2,37.8,51.9,10.3,2062.0,29.9,0.19,4073.0,-21.7,7364,148.8,3773,45.1,759.0
i5.0_w4_p0.618_s8.0_t18.0_INV_cd60_mh600_mw300_ml0.0,5.0,4,0.618,8.0,18.0,True,60,600,300,0.0,8216,119.1,37.0,26.2,58.8,15.0,2027.0,29.4,0.25,2812.0,23.3,5193,42.1,3023,35.6,1229.0
i7.0_w3_p0.382_s12.0_t24.0_INV_cd60_mh600_mw300_ml0.0,7.0,3,0.382,12.0,24.0,True,60,600,300,0.0,8362,121.2,39.5,25.3,53.2,21.5,2012.0,29.2,0.24,4436.0,-13.0,5178,126.1,3184,39.2,1464.0
i7.0_w3_p0.5_s12.0_t30.0_WITH_cd60_mh600_mw300_ml0.0,7.0,3,0.5,12.0,30.0,False,60,600,300,0.0,7479,108.4,37.4,19.3,55.3,25.4,2011.0,29.1,0.27,2927.0,29.8,4561,26.1,2918,35.3,1997.0
i7.0_w3_p0.618_s10.0_t30.0_WITH_cd60_mh600_mw300_ml0.0,7.0,3,0.618,10.0,30.0,False,60,600,300,0.0,6866,99.5,33.7,17.7,61.3,21.0,2004.0,29.0,0.29,1905.0,23.8,4192,40.0,2674,31.9,1598.0
i5.0_w4_p0.618_s6.0_t18.0_INV_cd60_mh600_mw300_ml0.0,5.0,4,0.618,6.0,18.0,True,60,600,300,0.0,8485,123.0,31.5,22.6,66.1,11.3,1975.0,28.6,0.23,2907.0,33.3,5378,16.3,3107,29.5,1203.0
i5.0_w4_p0.382_s12.0_t30.0_INV_cd60_mh600_mw300_ml0.0,5.0,4,0.382,12.0,30.0,True,60,600,300,0.0,8828,127.9,38.1,17.7,52.6,29.7,1974.0,28.6,0.22,3797.0,14.2,5536,60.8,3292,36.0,1736.0
i3.0_w4_p0.236_s12.0_t12.0_INV_cd60_mh600_mw300_ml0.0,3.0,4,0.236,12.0,12.0,True,60,600,300,0.0,11127,161.3,52.2,44.6,40.5,14.8,1899.0,27.5,0.17,4064.0,-56.5,7364,222.3,3763,54.4,1297.0
i7.0_w5_p0.382_s8.0_t12.0_INV_cd60_mh600_mw300_ml0.0,7.0,5,0.382,8.0,12.0,True,60,600,300,0.0,9506,137.8,44.0,39.0,53.1,7.9,1894.0,27.4,0.2,2693.0,-22.0,6081,141.5,3425,45.2,890.0
i3.0_w4_p0.618_s6.0_t12.0_INV_cd60_mh600_mw300_ml0.0,3.0,4,0.618,6.0,12.0,True,60,600,300,0.0,9736,141.1,38.5,32.8,59.2,7.9,1889.0,27.4,0.19,2141.0,23.3,6359,35.7,3377,37.6,756.0
i3.0_w4_p0.5_s10.0_t18.0_INV_cd60_mh600_mw300_ml0.0,3.0,4,0.5,10.0,18.0,True,60,600,300,0.0,9628,139.5,41.3,28.6,51.4,20.0,1854.0,26.9,0.19,4418.0,-4.3,6209,98.3,3419,40.5,1158.0
i3.0_w5_p0.618_s6.0_t18.0_INV_cd60_mh600_mw300_ml0.0,3.0,5,0.618,6.0,18.0,True,60,600,300,0.0,9065,131.4,32.0,21.7,64.7,13.6,1831.0,26.5,0.2,2665.0,27.1,5829,23.9,3236,29.7,1432.0
i3.0_w3_p0.382_s6.0_t30.0_WITH_cd60_mh600_mw300_ml0.0,3.0,3,0.382,6.0,30.0,False,60,600,300,0.0,10506,152.3,26.3,11.9,70.6,17.5,1814.0,26.3,0.17,3597.0,-0.3,6825,87.0,3681,23.0,1965.0
i3.0_w3_p0.5_s10.0_t24.0_WITH_cd60_mh600_mw300_ml0.0,3.0,3,0.5,10.0,24.0,False,60,600,300,0.0,9649,139.8,36.9,21.3,55.9,22.8,1804.0,26.1,0.19,2528.0,10.5,6162,61.4,3487,35.0,1634.0
i5.0_w3_p0.618_s10.0_t30.0_WITH_cd60_mh600_mw300_ml0.0,5.0,3,0.618,10.0,30.0,False,60,600,300,0.0,7853,113.8,34.5,16.6,59.0,24.4,1724.0,25.0,0.22,1659.0,8.2,4876,62.9,2977,32.5,1659.0
i3.0_w3_p0.618_s6.0_t12.0_INV_cd60_mh600_mw300_ml0.0,3.0,3,0.618,6.0,12.0,True,60,600,300,0.0,10075,146.0,38.4,33.0,59.3,7.7,1724.0,25.0,0.17,1798.0,31.5,6562,8.7,3513,37.0,1434.0
i7.0_w3_p0.618_s6.0_t18.0_INV_cd60_mh600_mw300_ml0.0,7.0,3,0.618,6.0,18.0,True,60,600,300,0.0,7589,110.0,30.2,24.2,68.4,7.4,1654.0,24.0,0.22,3349.0,2.0,4682,74.2,2907,29.8,1474.0
i7.0_w3_p0.5_s8.0_t30.0_WITH_cd60_mh600_mw300_ml0.0,7.0,3,0.5,8.0,30.0,False,60,600,300,0.0,8018,116.2,29.5,15.7,67.3,17.0,1630.0,23.6,0.2,2993.0,22.6,4951,25.0,3067,27.1,1551.0
i5.0_w3_p0.5_s10.0_t18.0_INV_cd60_mh600_mw300_ml0.0,5.0,3,0.5,10.0,18.0,True,60,600,300,0.0,9124,132.2,40.8,29.8,53.5,16.7,1536.0,22.3,0.17,4009.0,-8.9,5782,94.0,3342,40.2,1473.0
i7.0_w4_p0.382_s12.0_t24.0_INV_cd60_mh600_mw300_ml0.0,7.0,4,0.382,12.0,24.0,True,60,600,300,0.0,8380,121.4,40.1,24.2,52.4,23.4,1510.0,21.9,0.18,3643.0,20.7,5185,23.6,3195,38.6,2058.0
i7.0_w5_p0.5_s6.0_t12.0_INV_cd60_mh600_mw300_ml0.0,7.0,5,0.5,6.0,12.0,True,60,600,300,0.0,8637,125.2,37.7,34.1,60.4,5.5,1477.0,21.4,0.17,3189.0,-29.6,5435,139.4,3202,39.3,541.0
i5.0_w3_p0.5_s6.0_t12.0_INV_cd60_mh600_mw300_ml0.0,5.0,3,0.5,6.0,12.0,True,60,600,300,0.0,9845,142.7,38.0,33.7,60.4,5.9,1469.0,21.3,0.15,3151.0,6.2,6367,55.4,3478,37.6,1048.0
i7.0_w5_p0.382_s12.0_t24.0_INV_cd60_mh600_mw300_ml0.0,7.0,5,0.382,12.0,24.0,True,60,600,300,0.0,8424,122.1,40.1,24.0,51.6,24.4,1466.0,21.2,0.17,3667.0,-9.9,5226,92.9,3198,39.4,1782.0
i3.0_w3_p0.5_s12.0_t24.0_WITH_cd60_mh600_mw300_ml0.0,3.0,3,0.5,12.0,24.0,False,60,600,300,0.0,9381,136.0,40.1,23.1,49.8,27.1,1439.0,20.9,0.15,2481.0,3.9,5938,59.4,3443,38.7,1630.0
i7.0_w4_p0.618_s6.0_t18.0_INV_cd60_mh600_mw300_ml0.0,7.0,4,0.618,6.0,18.0,True,60,600,300,0.0,7457,108.1,30.6,23.4,67.7,8.9,1433.0,20.8,0.19,1925.0,38.4,4613,-21.4,2844,28.8,1406.0
i5.0_w4_p0.382_s10.0_t18.0_INV_cd60_mh600_mw300_ml0.0,5.0,4,0.382,10.0,18.0,True,60,600,300,0.0,9672,140.2,40.9,29.5,53.0,17.5,1384.0,20.1,0.14,4988.0,-12.6,6171,95.3,3501,40.3,1415.0
i5.0_w4_p0.618_s12.0_t30.0_INV_cd60_mh600_mw300_ml0.0,5.0,4,0.618,12.0,30.0,True,60,600,300,0.0,7344,106.4,38.5,16.9,51.4,31.7,1378.0,20.0,0.19,3464.0,50.5,4578,-52.2,2766,35.6,2372.0
i3.0_w5_p0.5_s10.0_t12.0_INV_cd60_mh600_mw300_ml0.0,3.0,5,0.5,10.0,12.0,True,60,600,300,0.0,9802,142.1,48.6,41.0,45.2,13.8,1368.0,19.8,0.14,3488.0,-31.4,6348,138.4,3454,49.8,948.0
i5.0_w4_p0.5_s6.0_t12.0_INV_cd60_mh600_mw300_ml0.0,5.0,4,0.5,6.0,12.0,True,60,600,300,0.0,9678,140.3,38.1,33.2,60.1,6.7,1229.0,17.8,0.13,2534.0,17.6,6242,17.4,3436,37.1,1628.0
i7.0_w5_p0.5_s12.0_t18.0_INV_cd60_mh600_mw300_ml0.0,7.0,5,0.5,12.0,18.0,True,60,600,300,0.0,7745,112.2,44.1,32.4,47.9,19.7,1161.0,16.8,0.15,3774.0,-28.8,4766,122.5,2979,44.6,1126.0
i3.0_w3_p0.618_s8.0_t12.0_INV_cd60_mh600_mw300_ml0.0,3.0,3,0.618,8.0,12.0,True,60,600,300,0.0,9827,142.4,44.1,37.6,51.8,10.6,1124.0,16.3,0.11,1638.0,24.4,6351,-3.5,3476,43.1,1322.0
i5.0_w3_p0.382_s8.0_t12.0_INV_cd60_mh600_mw300_ml0.0,5.0,3,0.382,8.0,12.0,True,60,600,300,0.0,10376,150.4,44.0,38.4,53.0,8.6,1118.0,16.2,0.11,3315.0,-16.1,6740,90.7,3636,44.6,722.0
i7.0_w4_p0.5_s10.0_t18.0_INV_cd60_mh600_mw300_ml0.0,7.0,4,0.5,10.0,18.0,True,60,600,300,0.0,8041,116.5,40.5,30.5,54.2,15.3,1080.0,15.7,0.13,4088.0,-1.4,4988,54.7,3053,40.1,1418.0
i7.0_w5_p0.618_s10.0_t24.0_INV_cd60_mh600_mw300_ml0.0,7.0,5,0.618,10.0,24.0,True,60,600,300,0.0,6670,96.7,36.5,21.9,57.4,20.7,1075.0,15.6,0.16,2603.0,5.2,4084,39.1,2586,35.5,1515.0
i5.0_w4_p0.618_s6.0_t30.0_WITH_cd60_mh600_mw300_ml0.0,5.0,4,0.618,6.0,30.0,False,60,600,300,0.0,8307,120.4,25.7,12.1,72.0,16.0,1037.0,15.0,0.12,2888.0,-21.1,5257,98.5,3050,23.6,1589.0
i3.0_w4_p0.618_s8.0_t12.0_INV_cd60_mh600_mw300_ml0.0,3.0,4,0.618,8.0,12.0,True,60,600,300,0.0,9500,137.7,43.9,37.2,51.6,11.2,969.0,14.0,0.1,2262.0,22.0,6168,-5.1,3332,42.9,1051.0
i7.0_w3_p0.382_s8.0_t12.0_INV_cd60_mh600_mw300_ml0.0,7.0,3,0.382,8.0,12.0,True,60,600,300,0.0,9390,136.1,43.6,39.5,54.0,6.5,941.0,13.6,0.1,3362.0,-5.9,5967,58.7,3423,43.9,853.0
i3.0_w3_p0.382_s12.0_t18.0_INV_cd60_mh600_mw300_ml0.0,3.0,3,0.382,12.0,18.0,True,60,600,300,0.0,10271,148.9,44.3,31.7,47.2,21.2,935.0,13.6,0.09,3392.0,-15.8,6634,81.5,3637,43.8,1682.0
i7.0_w3_p0.618_s12.0_t30.0_WITH_cd60_mh600_mw300_ml0.0,7.0,3,0.618,12.0,30.0,False,60,600,300,0.0,6620,95.9,37.1,19.2,56.0,24.8,900.0,13.0,0.14,2247.0,20.2,4018,-4.3,2602,35.1,1691.0
i7.0_w3_p0.5_s6.0_t12.0_INV_cd60_mh600_mw300_ml0.0,7.0,3,0.5,6.0,12.0,True,60,600,300,0.0,8703,126.1,37.4,34.3,61.2,4.5,846.0,12.3,0.1,2425.0,0.9,5461,38.1,3242,37.3,1258.0
i5.0_w3_p0.618_s8.0_t30.0_WITH_cd60_mh600_mw300_ml0.0,5.0,3,0.618,8.0,30.0,False,60,600,300,0.0,8179,118.5,30.1,14.5,65.8,19.7,838.0,12.1,0.1,2465.0,17.4,5094,-0.7,3085,27.5,2465.0
i5.0_w3_p0.382_s6.0_t30.0_WITH_cd60_mh600_mw300_ml0.0,5.0,3,0.382,6.0,30.0,False,60,600,300,0.0,9869,143.0,25.3,12.3,72.3,15.4,795.0,11.5,0.08,3499.0,-7.3,6322,54.8,3547,22.5,2050.0
i7.0_w3_p0.5_s10.0_t18.0_INV_cd60_mh600_mw300_ml0.0,7.0,3,0.5,10.0,18.0,True,60,600,300,0.0,8079,117.1,40.2,30.9,55.1,14.0,783.0,11.3,0.1,3516.0,-9.5,4980,59.4,3099,39.9,1327.0
i5.0_w5_p0.382_s12.0_t18.0_INV_cd60_mh600_mw300_ml0.0,5.0,5,0.382,12.0,18.0,True,60,600,300,0.0,9396,136.2,44.3,31.8,47.3,20.9,779.0,11.3,0.08,4062.0,-26.5,5977,98.9,3419,44.4,1039.0
i5.0_w3_p0.236_s12.0_t12.0_INV_cd60_mh600_mw300_ml0.0,5.0,3,0.236,12.0,12.0,True,60,600,300,0.0,10699,155.1,52.0,45.5,41.7,12.9,778.0,11.3,0.07,3953.0,-24.0,6933,93.1,3766,53.1,1868.0
i5.0_w3_p0.618_s6.0_t24.0_WITH_cd60_mh600_mw300_ml0.0,5.0,3,0.618,6.0,24.0,False,60,600,300,0.0,8726,126.5,26.8,16.8,71.2,12.1,585.0,8.5,0.07,2274.0,-3.2,5500,35.3,3226,25.0,2274.0
i5.0_w4_p0.382_s8.0_t12.0_INV_cd60_mh600_mw300_ml0.0,5.0,4,0.382,8.0,12.0,True,60,600,300,0.0,10261,148.7,43.7,38.1,52.8,9.1,551.0,8.0,0.05,3588.0,-28.0,6671,91.5,3590,44.3,1174.0
i7.0_w4_p0.382_s8.0_t12.0_INV_cd60_mh600_mw300_ml0.0,7.0,4,0.382,8.0,12.0,True,60,600,300,0.0,9436,136.8,43.7,39.0,53.7,7.2,550.0,8.0,0.06,3227.0,-10.0,6017,49.5,3419,43.9,1134.0
i7.0_w3_p0.618_s6.0_t24.0_WITH_cd60_mh600_mw300_ml0.0,7.0,3,0.618,6.0,24.0,False,60,600,300,0.0,7639,110.7,25.8,17.8,72.7,9.6,543.0,7.9,0.07,2451.0,13.1,4708,-4.8,2931,24.2,2451.0
i5.0_w4_p0.5_s10.0_t18.0_INV_cd60_mh600_mw300_ml0.0,5.0,4,0.5,10.0,18.0,True,60,600,300,0.0,8903,129.0,40.8,29.0,52.8,18.2,484.0,7.0,0.05,3849.0,-4.2,5633,33.0,3270,39.8,1146.0
i7.0_w4_p0.618_s12.0_t18.0_INV_cd60_mh600_mw300_ml0.0,7.0,4,0.618,12.0,18.0,True,60,600,300,0.0,6890,99.9,43.9,32.9,49.0,18.1,465.0,6.7,0.07,3639.0,2.5,4249,16.2,2641,43.2,1361.0
i7.0_w3_p0.236_s12.0_t12.0_INV_cd60_mh600_mw300_ml0.0,7.0,3,0.236,12.0,12.0,True,60,600,300,0.0,9922,143.8,52.0,46.6,42.8,10.6,463.0,6.7,0.05,4560.0,-22.1,6318,73.7,3604,52.9,1955.0
i7.0_w3_p0.618_s10.0_t18.0_INV_cd60_mh600_mw300_ml0.0,7.0,3,0.618,10.0,18.0,True,60,600,300,0.0,7197,104.3,40.1,31.3,55.7,13.0,462.0,6.7,0.06,2652.0,10.9,4392,-3.5,2805,39.1,1688.0
i7.0_w4_p0.618_s6.0_t30.0_WITH_cd60_mh600_mw300_ml0.0,7.0,4,0.618,6.0,30.0,False,60,600,300,0.0,7351,106.5,24.4,12.8,73.8,13.4,444.0,6.4,0.06,2487.0,-9.8,4560,43.9,2791,22.5,2095.0
i7.0_w4_p0.5_s6.0_t12.0_INV_cd60_mh600_mw300_ml0.0,7.0,4,0.5,6.0,12.0,True,60,600,300,0.0,8756,126.9,37.4,33.9,61.1,5.0,432.0,6.3,0.05,2627.0,7.5,5511,3.0,3245,36.9,1299.0
i7.0_w4_p0.5_s8.0_t30.0_WITH_cd60_mh600_mw300_ml0.0,7.0,4,0.5,8.0,30.0,False,60,600,300,0.0,7973,115.6,29.8,15.0,66.7,18.3,418.0,6.1,0.05,3654.0,1.6,4915,16.2,3058,27.2,1816.0
i5.0_w4_p0.5_s6.0_t30.0_WITH_cd60_mh600_mw300_ml0.0,5.0,4,0.5,6.0,30.0,False,60,600,300,0.0,9182,133.1,25.4,12.1,72.0,15.9,397.0,5.8,0.04,2891.0,-16.6,5850,57.7,3332,22.9,2206.0
i5.0_w5_p0.5_s8.0_t12.0_INV_cd60_mh600_mw300_ml0.0,5.0,5,0.5,8.0,12.0,True,60,600,300,0.0,9315,135.0,43.7,37.9,52.3,9.8,381.0,5.5,0.04,3500.0,-45.2,5973,123.5,3342,45.1,956.0
i5.0_w5_p0.618_s8.0_t18.0_INV_cd60_mh600_mw300_ml0.0,5.0,5,0.618,8.0,18.0,True,60,600,300,0.0,7974,115.6,36.6,25.9,58.8,15.4,334.0,4.8,0.04,3181.0,11.1,5034,-9.9,2940,34.7,1286.0
i7.0_w5_p0.618_s10.0_t30.0_INV_cd60_mh600_mw300_ml0.0,7.0,5,0.618,10.0,30.0,True,60,600,300,0.0,6498,94.2,34.1,16.3,59.4,24.3,315.0,4.6,0.05,2994.0,-0.6,3966,16.4,2532,32.4,1851.0
i5.0_w3_p0.5_s10.0_t24.0_WITH_cd60_mh600_mw300_ml0.0,5.0,3,0.5,10.0,24.0,False,60,600,300,0.0,8892,128.9,36.4,22.1,57.2,20.7,309.0,4.5,0.03,3463.0,1.0,5609,12.4,3283,34.7,1940.0
i3.0_w4_p0.5_s8.0_t12.0_INV_cd60_mh600_mw300_ml0.0,3.0,4,0.5,8.0,12.0,True,60,600,300,0.0,10272,148.9,43.8,37.3,51.8,10.9,273.0,4.0,0.03,3454.0,-5.2,6733,25.2,3539,43.4,1839.0
i3.0_w3_p0.5_s8.0_t24.0_WITH_cd60_mh600_mw300_ml0.0,3.0,3,0.5,8.0,24.0,False,60,600,300,0.0,9930,143.9,32.7,18.9,62.4,18.7,213.0,3.1,0.02,2198.0,-13.1,6391,40.8,3539,30.3,2008.0
i7.0_w4_p0.5_s10.0_t30.0_WITH_cd60_mh600_mw300_ml0.0,7.0,4,0.5,10.0,30.0,False,60,600,300,0.0,7675,111.2,34.0,16.6,60.5,22.9,210.0,3.0,0.03,3510.0,-2.5,4718,15.7,2957,31.7,1857.0
i7.0_w4_p0.5_s6.0_t30.0_WITH_cd60_mh600_mw300_ml0.0,7.0,4,0.5,6.0,30.0,False,60,600,300,0.0,8299,120.3,24.6,12.5,73.5,14.0,181.0,2.6,0.02,2876.0,-7.3,5156,25.7,3143,22.2,2110.0
i7.0_w5_p0.618_s6.0_t24.0_INV_cd60_mh600_mw300_ml0.0,7.0,5,0.618,6.0,24.0,True,60,600,300,0.0,7164,103.8,27.0,16.3,71.1,12.5,177.0,2.6,0.02,2719.0,2.9,4403,1.8,2761,25.3,1563.0
i5.0_w5_p0.618_s6.0_t18.0_INV_cd60_mh600_mw300_ml0.0,5.0,5,0.618,6.0,18.0,True,60,600,300,0.0,8231,119.3,30.9,22.3,66.8,11.0,136.0,2.0,0.02,3390.0,8.6,5191,-13.6,3040,28.9,1819.0
i5.0_w5_p0.618_s10.0_t18.0_INV_cd60_mh600_mw300_ml0.0,5.0,5,0.618,10.0,18.0,True,60,600,300,0.0,7734,112.1,40.9,28.5,52.4,19.0,61.0,0.9,0.01,4033.0,-11.6,4860,29.9,2874,40.0,1118.0
i3.0_w3_p0.236_s12.0_t12.0_INV_cd60_mh600_mw300_ml0.0,3.0,3,0.236,12.0,12.0,True,60,600,300,0.0,11227,162.7,51.8,44.5,41.0,14.5,59.0,0.9,0.01,5002.0,-58.7,7384,139.8,3843,53.7,1590.0
i5.0_w3_p0.5_s6.0_t24.0_WITH_cd60_mh600_mw300_ml0.0,5.0,3,0.5,6.0,24.0,False,60,600,300,0.0,9429,136.7,27.0,16.5,70.7,12.8,55.0,0.8,0.01,2649.0,-24.0,6046,58.6,3383,25.2,1444.0
i3.0_w3_p0.618_s10.0_t12.0_INV_cd60_mh600_mw300_ml0.0,3.0,3,0.618,10.0,12.0,True,60,600,300,0.0,9640,139.7,48.2,41.2,45.7,13.1,36.0,0.5,0.0,1796.0,3.3,6196,-5.9,3444,48.0,1480.0
i7.0_w5_p0.618_s8.0_t24.0_INV_cd60_mh600_mw300_ml0.0,7.0,5,0.618,8.0,24.0,True,60,600,300,0.0,6904,100.1,32.1,19.2,63.8,16.9,30.0,0.4,0.0,2839.0,6.0,4244,-12.5,2660,30.3,1405.0
i7.0_w5_p0.382_s10.0_t12.0_INV_cd60_mh600_mw300_ml0.0,7.0,5,0.382,10.0,12.0,True,60,600,300,0.0,9349,135.5,48.2,42.4,47.3,10.4,12.0,0.2,0.0,3672.0,-40.7,5938,95.7,3411,49.3,979.0
i7.0_w3_p0.382_s10.0_t30.0_WITH_cd60_mh600_mw300_ml0.0,7.0,3,0.382,10.0,30.0,False,60,600,300,0.0,8417,122.0,33.5,17.5,61.2,21.3,-18.0,-0.3,-0.0,3926.0,-11.8,5241,26.6,3176,31.6,1901.0
i7.0_w4_p0.618_s10.0_t18.0_INV_cd60_mh600_mw300_ml0.0,7.0,4,0.618,10.0,18.0,True,60,600,300,0.0,7043,102.1,40.2,30.1,54.4,15.5,-25.0,-0.4,-0.0,3048.0,4.5,4355,-11.6,2688,39.2,1199.0
i5.0_w5_p0.618_s12.0_t18.0_INV_cd60_mh600_mw300_ml0.0,5.0,5,0.618,12.0,18.0,True,60,600,300,0.0,7529,109.1,44.2,31.0,46.7,22.3,-32.0,-0.5,-0.0,4559.0,-21.0,4724,47.4,2805,44.0,1190.0
i3.0_w3_p0.382_s6.0_t24.0_WITH_cd60_mh600_mw300_ml0.0,3.0,3,0.382,6.0,24.0,False,60,600,300,0.0,10685,154.9,27.8,15.7,69.2,15.1,-54.0,-0.8,-0.01,3227.0,-5.6,6968,10.4,3717,24.8,1859.0
i7.0_w3_p0.5_s12.0_t24.0_INV_cd60_mh600_mw300_ml0.0,7.0,3,0.5,12.0,24.0,True,60,600,300,0.0,7584,109.9,39.3,24.7,53.6,21.8,-61.0,-0.9,-0.01,3390.0,31.3,4645,-76.0,2939,37.3,3299.0
i7.0_w5_p0.618_s8.0_t30.0_INV_cd60_mh600_mw300_ml0.0,7.0,5,0.618,8.0,30.0,True,60,600,300,0.0,6743,97.7,30.1,14.3,65.7,20.1,-77.0,-1.1,-0.01,2790.0,5.2,4132,-15.8,2611,27.7,1831.0
i7.0_w5_p0.618_s6.0_t30.0_INV_cd60_mh600_mw300_ml0.0,7.0,5,0.618,6.0,30.0,True,60,600,300,0.0,7043,102.1,25.1,12.1,72.9,15.0,-121.0,-1.8,-0.02,2956.0,2.9,4320,-12.6,2723,22.9,1751.0
i3.0_w3_p0.5_s12.0_t18.0_INV_cd60_mh600_mw300_ml0.0,3.0,3,0.5,12.0,18.0,True,60,600,300,0.0,9679,140.3,44.5,31.1,46.9,22.0,-122.0,-1.8,-0.01,3883.0,5.1,6194,-17.7,3485,43.3,2197.0
i5.0_w3_p0.382_s10.0_t30.0_WITH_cd60_mh600_mw300_ml0.0,5.0,3,0.382,10.0,30.0,False,60,600,300,0.0,9250,134.1,33.7,16.8,59.5,23.7,-143.0,-2.1,-0.02,2784.0,8.6,5833,-26.8,3417,30.9,2429.0
i3.0_w3_p0.618_s6.0_t30.0_WITH_cd60_mh600_mw300_ml0.0,3.0,3,0.618,6.0,30.0,False,60,600,300,0.0,9483,137.4,25.9,11.5,71.4,17.1,-165.0,-2.4,-0.02,2531.0,-15.5,6086,28.4,3397,22.6,2531.0
i5.0_w4_p0.618_s10.0_t18.0_INV_cd60_mh600_mw300_ml0.0,5.0,4,0.618,10.0,18.0,True,60,600,300,0.0,8036,116.5,40.6,28.8,52.8,18.4,-169.0,-2.5,-0.02,3922.0,-0.2,5072,-7.6,2964,39.5,1220.0
i3.0_w3_p0.5_s6.0_t24.0_WITH_cd60_mh600_mw300_ml0.0,3.0,3,0.5,6.0,24.0,False,60,600,300,0.0,10233,148.3,27.5,15.8,69.6,14.5,-190.0,-2.7,-0.02,2936.0,-27.8,6645,55.9,3588,25.1,2241.0
i7.0_w5_p0.618_s6.0_t30.0_WITH_cd60_mh600_mw300_ml0.0,7.0,5,0.618,6.0,30.0,False,60,600,300,0.0,7223,104.7,24.9,12.2,73.4,14.5,-201.0,-2.9,-0.03,2276.0,9.0,4476,-30.5,2747,22.1,2276.0
i3.0_w4_p0.5_s12.0_t18.0_INV_cd60_mh600_mw300_ml0.0,3.0,4,0.5,12.0,18.0,True,60,600,300,0.0,9451,137.0,44.4,30.5,46.3,23.2,-297.0,-4.3,-0.03,4966.0,-37.2,6052,72.5,3399,44.0,980.0
i5.0_w5_p0.5_s12.0_t18.0_INV_cd60_mh600_mw300_ml0.0,5.0,5,0.5,12.0,18.0,True,60,600,300,0.0,8504,123.2,44.0,31.0,46.7,22.3,-300.0,-4.4,-0.04,4764.0,-54.7,5341,113.4,3163,44.5,1307.0
i3.0_w4_p0.5_s12.0_t24.0_WITH_cd60_mh600_mw300_ml0.0,3.0,4,0.5,12.0,24.0,False,60,600,300,0.0,9106,132.0,40.3,22.5,49.7,27.8,-311.0,-4.5,-0.03,2732.0,3.4,5769,-22.7,3337,38.2,2718.0
i5.0_w3_p0.618_s8.0_t24.0_WITH_cd60_mh600_mw300_ml0.0,5.0,3,0.618,8.0,24.0,False,60,600,300,0.0,8417,122.0,31.8,19.8,64.3,15.9,-384.0,-5.6,-0.05,3061.0,-5.4,5263,-5.7,3154,29.9,3061.0
i5.0_w4_p0.618_s12.0_t18.0_INV_cd60_mh600_mw300_ml0.0,5.0,4,0.618,12.0,18.0,True,60,600,300,0.0,7848,113.7,44.1,31.2,47.3,21.4,-447.0,-6.5,-0.06,4522.0,-12.0,4927,6.6,2921,43.3,1340.0
i3.0_w3_p0.5_s8.0_t12.0_INV_cd60_mh600_mw300_ml0.0,3.0,3,0.5,8.0,12.0,True,60,600,300,0.0,10516,152.4,43.7,37.3,52.4,10.4,-518.0,-7.5,-0.05,4816.0,-35.8,6889,58.9,3627,44.1,940.0
i3.0_w4_p0.618_s6.0_t30.0_WITH_cd60_mh600_mw300_ml0.0,3.0,4,0.618,6.0,30.0,False,60,600,300,0.0,9135,132.4,26.4,11.2,70.7,18.1,-521.0,-7.5,-0.06,4552.0,-26.2,5880,36.4,3255,22.9,1972.0
i5.0_w5_p0.5_s10.0_t12.0_INV_cd60_mh600_mw300_ml0.0,5.0,5,0.5,10.0,12.0,True,60,600,300,0.0,9100,131.9,48.0,41.4,46.3,12.3,-528.0,-7.7,-0.06,4497.0,-62.9,5794,121.6,3306,49.7,842.0
i3.0_w4_p0.382_s12.0_t24.0_INV_cd60_mh600_mw300_ml0.0,3.0,4,0.382,12.0,24.0,True,60,600,300,0.0,9769,141.6,40.2,22.7,49.8,27.6,-534.0,-7.7,-0.05,5247.0,-18.1,6248,16.8,3521,38.4,2670.0
i5.0_w3_p0.5_s8.0_t24.0_WITH_cd60_mh600_mw300_ml0.0,5.0,3,0.5,8.0,24.0,False,60,600,300,0.0,9167,132.9,32.0,19.6,63.8,16.6,-550.0,-8.0,-0.06,2365.0,-21.4,5827,23.7,3340,30.1,1806.0
i7.0_w3_p0.618_s12.0_t18.0_INV_cd60_mh600_mw300_ml0.0,7.0,3,0.618,12.0,18.0,True,60,600,300,0.0,7042,102.1,43.5,33.6,50.3,16.1,-568.0,-8.2,-0.08,3262.0,-9.8,4275,-4.2,2767,43.0,1802.0
i3.0_w3_p0.382_s8.0_t30.0_WITH_cd60_mh600_mw300_ml0.0,3.0,3,0.382,8.0,30.0,False,60,600,300,0.0,10194,147.7,30.6,14.1,64.2,21.8,-577.0,-8.4,-0.06,4305.0,-21.9,6570,23.7,3624,27.4,2682.0
i7.0_w3_p0.382_s12.0_t18.0_INV_cd60_mh600_mw300_ml0.0,7.0,3,0.382,12.0,18.0,True,60,600,300,0.0,8691,126.0,43.4,33.5,49.9,16.6,-611.0,-8.9,-0.07,4650.0,-23.3,5431,25.3,3260,43.4,1502.0
i7.0_w5_p0.5_s8.0_t12.0_INV_cd60_mh600_mw300_ml0.0,7.0,5,0.5,8.0,12.0,True,60,600,300,0.0,8478,122.9,43.2,38.4,53.7,7.9,-652.0,-9.4,-0.08,3624.0,-54.1,5310,95.1,3168,44.6,822.0
i7.0_w4_p0.5_s12.0_t30.0_WITH_cd60_mh600_mw300_ml0.0,7.0,4,0.5,12.0,30.0,False,60,600,300,0.0,7433,107.7,37.4,18.2,54.8,27.0,-683.0,-9.9,-0.09,3629.0,-1.4,4537,-29.2,2896,35.0,2347.0
i5.0_w4_p0.5_s12.0_t24.0_WITH_cd60_mh600_mw300_ml0.0,5.0,4,0.5,12.0,24.0,False,60,600,300,0.0,8456,122.6,39.7,23.1,51.2,25.7,-749.0,-10.9,-0.09,4159.0,-22.4,5283,16.7,3173,38.5,2360.0
i3.0_w4_p0.5_s8.0_t30.0_WITH_cd60_mh600_mw300_ml0.0,3.0,4,0.5,8.0,30.0,False,60,600,300,0.0,9446,136.9,31.2,13.4,63.4,23.1,-774.0,-11.2,-0.08,4575.0,-27.2,6078,26.5,3368,27.9,1881.0
i5.0_w3_p0.5_s12.0_t24.0_WITH_cd60_mh600_mw300_ml0.0,5.0,3,0.5,12.0,24.0,False,60,600,300,0.0,8664,125.6,39.5,23.9,51.7,24.4,-804.0,-11.7,-0.09,3903.0,-23.2,5418,16.0,3246,38.5,1752.0
i3.0_w5_p0.618_s6.0_t30.0_WITH_cd60_mh600_mw300_ml0.0,3.0,5,0.618,6.0,30.0,False,60,600,300,0.0,8814,127.7,26.5,10.9,70.4,18.7,-807.0,-11.7,-0.09,2784.0,-24.7,5658,19.1,3156,23.4,2223.0
i5.0_w4_p0.5_s12.0_t30.0_WITH_cd60_mh600_mw300_ml0.0,5.0,4,0.5,12.0,30.0,False,60,600,300,0.0,8219,119.1,37.7,17.2,52.8,29.9,-835.0,-12.1,-0.1,4861.0,-19.4,5111,5.5,3108,35.5,1952.0
i7.0_w3_p0.5_s6.0_t24.0_WITH_cd60_mh600_mw300_ml0.0,7.0,3,0.5,6.0,24.0,False,60,600,300,0.0,8450,122.5,25.9,17.2,72.5,10.3,-878.0,-12.7,-0.1,3800.0,-33.2,5309,35.7,3141,24.7,1409.0
i7.0_w4_p0.5_s6.0_t24.0_WITH_cd60_mh600_mw300_ml0.0,7.0,4,0.5,6.0,24.0,False,60,600,300,0.0,8488,123.0,26.3,16.7,71.9,11.4,-893.0,-12.9,-0.11,2861.0,-22.7,5290,10.4,3198,24.7,2016.0
i5.0_w3_p0.382_s12.0_t30.0_WITH_cd60_mh600_mw300_ml0.0,5.0,3,0.382,12.0,30.0,False,60,600,300,0.0,8968,130.0,36.8,18.2,53.7,28.1,-906.0,-13.1,-0.1,3648.0,11.7,5631,-70.5,3337,34.2,2712.0
i3.0_w5_p0.382_s12.0_t12.0_INV_cd60_mh600_mw300_ml0.0,3.0,5,0.382,12.0,12.0,True,60,600,300,0.0,10339,149.8,51.7,43.4,40.5,16.1,-907.0,-13.2,-0.09,3592.0,-51.3,6730,76.4,3609,52.7,1381.0
i3.0_w4_p0.5_s8.0_t24.0_WITH_cd60_mh600_mw300_ml0.0,3.0,4,0.5,8.0,24.0,False,60,600,300,0.0,9673,140.2,33.0,18.4,62.0,19.6,-909.0,-13.2,-0.09,4423.0,-32.7,6244,33.0,3429,30.7,1719.0
i7.0_w5_p0.618_s12.0_t18.0_INV_cd60_mh600_mw300_ml0.0,7.0,5,0.618,12.0,18.0,True,60,600,300,0.0,6726,97.5,43.7,31.9,48.5,19.5,-929.0,-13.5,-0.14,3980.0,-41.6,4135,52.8,2591,44.1,1218.0
i5.0_w4_p0.382_s12.0_t30.0_WITH_cd60_mh600_mw300_ml0.0,5.0,4,0.382,12.0,30.0,False,60,600,300,0.0,8866,128.5,37.3,17.6,53.3,29.1,-935.0,-13.6,-0.11,3650.0,-24.8,5552,13.3,3314,35.2,3478.0
i3.0_w3_p0.382_s10.0_t24.0_WITH_cd60_mh600_mw300_ml0.0,3.0,3,0.382,10.0,24.0,False,60,600,300,0.0,10115,146.6,36.7,21.0,56.2,22.8,-956.0,-13.9,-0.09,3027.0,11.2,6472,-71.6,3643,33.8,2544.0
i5.0_w4_p0.5_s8.0_t30.0_WITH_cd60_mh600_mw300_ml0.0,5.0,4,0.5,8.0,30.0,False,60,600,300,0.0,8795,127.5,30.2,14.1,65.3,20.7,-993.0,-14.4,-0.11,5093.0,-37.4,5561,40.1,3234,27.9,1920.0
i5.0_w3_p0.382_s6.0_t24.0_WITH_cd60_mh600_mw300_ml0.0,5.0,3,0.382,6.0,24.0,False,60,600,300,0.0,10053,145.7,26.9,16.3,70.8,12.9,-1000.0,-14.5,-0.1,2736.0,-9.0,6469,-26.6,3584,24.1,2069.0
i3.0_w3_p0.618_s6.0_t24.0_WITH_cd60_mh600_mw300_ml0.0,3.0,3,0.618,6.0,24.0,False,60,600,300,0.0,9664,140.1,27.4,15.7,69.9,14.4,-1000.0,-14.5,-0.1,2853.0,-13.7,6220,-15.8,3444,24.6,2853.0
i3.0_w4_p0.382_s10.0_t12.0_INV_cd60_mh600_mw300_ml0.0,3.0,4,0.382,10.0,12.0,True,60,600,300,0.0,10730,155.5,48.2,40.8,46.0,13.1,-1027.0,-14.9,-0.1,3564.0,-37.2,7052,38.0,3678,48.4,1514.0
i7.0_w3_p0.5_s8.0_t24.0_WITH_cd60_mh600_mw300_ml0.0,7.0,3,0.5,8.0,24.0,False,60,600,300,0.0,8211,119.0,31.1,20.4,65.8,13.7,-1054.0,-15.3,-0.13,3483.0,-20.7,5105,-1.8,3106,29.6,1478.0
i3.0_w4_p0.5_s6.0_t24.0_WITH_cd60_mh600_mw300_ml0.0,3.0,4,0.5,6.0,24.0,False,60,600,300,0.0,10007,145.0,27.8,15.6,69.4,15.1,-1077.0,-15.6,-0.11,4009.0,-40.0,6499,42.1,3508,25.4,2746.0
i7.0_w3_p0.618_s8.0_t24.0_WITH_cd60_mh600_mw300_ml0.0,7.0,3,0.618,8.0,24.0,False,60,600,300,0.0,7381,107.0,30.8,20.6,66.4,13.0,-1088.0,-15.8,-0.15,3114.0,-4.9,4529,-40.5,2852,29.1,3114.0
i5.0_w3_p0.382_s12.0_t18.0_INV_cd60_mh600_mw300_ml0.0,5.0,3,0.382,12.0,18.0,True,60,600,300,0.0,9587,138.9,43.8,32.1,48.3,19.7,-1090.0,-15.8,-0.11,5103.0,-60.8,6113,90.0,3474,44.2,1156.0
i7.0_w5_p0.5_s10.0_t12.0_INV_cd60_mh600_mw300_ml0.0,7.0,5,0.5,10.0,12.0,True,60,600,300,0.0,8296,120.2,47.8,42.2,47.5,10.4,-1129.0,-16.4,-0.14,4786.0,-70.1,5169,109.7,3127,49.5,806.0
i7.0_w4_p0.5_s8.0_t24.0_WITH_cd60_mh600_mw300_ml0.0,7.0,4,0.5,8.0,24.0,False,60,600,300,0.0,8190,118.7,31.6,19.8,65.0,15.2,-1156.0,-16.8,-0.14,3330.0,-20.1,5080,-8.1,3110,29.8,1872.0
i5.0_w4_p0.5_s6.0_t24.0_WITH_cd60_mh600_mw300_ml0.0,5.0,4,0.5,6.0,24.0,False,60,600,300,0.0,9361,135.7,27.0,16.1,70.6,13.2,-1187.0,-17.2,-0.13,3103.0,-34.6,5974,24.1,3387,25.0,2479.0
i5.0_w4_p0.5_s10.0_t30.0_WITH_cd60_mh600_mw300_ml0.0,5.0,4,0.5,10.0,30.0,False,60,600,300,0.0,8492,123.1,34.4,15.7,58.9,25.5,-1208.0,-17.5,-0.14,4679.0,-32.6,5316,18.5,3176,32.0,1690.0
i3.0_w4_p0.618_s10.0_t12.0_INV_cd60_mh600_mw300_ml0.0,3.0,4,0.618,10.0,12.0,True,60,600,300,0.0,9302,134.8,47.7,40.5,45.7,13.8,-1251.0,-18.1,-0.13,3824.0,-14.9,6009,-24.7,3293,47.5,1361.0
i5.0_w3_p0.618_s10.0_t24.0_WITH_cd60_mh600_mw300_ml0.0,5.0,3,0.618,10.0,24.0,False,60,600,300,0.0,8121,117.7,36.0,22.0,58.1,19.9,-1347.0,-19.5,-0.17,2795.0,-31.5,5049,9.4,3072,34.6,2794.0
i5.0_w4_p0.618_s6.0_t12.0_INV_cd60_mh600_mw300_ml0.0,5.0,4,0.618,6.0,12.0,True,60,600,300,0.0,8778,127.2,37.2,32.5,60.8,6.7,-1362.0,-19.7,-0.16,3633.0,-6.4,5615,-50.0,3163,36.0,1916.0
i3.0_w3_p0.618_s10.0_t30.0_WITH_cd60_mh600_mw300_ml0.0,3.0,3,0.618,10.0,30.0,False,60,600,300,0.0,8733,126.6,34.9,15.2,57.5,27.3,-1395.0,-20.2,-0.16,2826.0,-43.3,5530,34.6,3203,32.4,2676.0
i5.0_w4_p0.382_s10.0_t30.0_WITH_cd60_mh600_mw300_ml0.0,5.0,4,0.382,10.0,30.0,False,60,600,300,0.0,9141,132.5,34.0,15.9,58.9,25.2,-1459.0,-21.1,-0.16,4202.0,-23.4,5762,-14.9,3379,31.7,3133.0
i7.0_w4_p0.382_s12.0_t30.0_WITH_cd60_mh600_mw300_ml0.0,7.0,4,0.382,12.0,30.0,False,60,600,300,0.0,8205,118.9,36.7,18.3,55.1,26.6,-1460.0,-21.2,-0.18,4604.0,-22.8,5054,-16.4,3151,34.9,3505.0
i3.0_w5_p0.618_s6.0_t24.0_WITH_cd60_mh600_mw300_ml0.0,3.0,5,0.618,6.0,24.0,False,60,600,300,0.0,8982,130.2,27.9,15.1,69.1,15.7,-1462.0,-21.2,-0.16,3030.0,-23.2,5776,-15.6,3206,25.1,2520.0
i5.0_w4_p0.382_s6.0_t30.0_WITH_cd60_mh600_mw300_ml0.0,5.0,4,0.382,6.0,30.0,False,60,600,300,0.0,9817,142.3,24.9,11.9,72.4,15.7,-1462.0,-21.2,-0.15,6196.0,-66.3,6338,85.2,3479,23.0,2416.0
i3.0_w4_p0.5_s10.0_t24.0_WITH_cd60_mh600_mw300_ml0.0,3.0,4,0.5,10.0,24.0,False,60,600,300,0.0,9391,136.1,36.9,20.5,55.7,23.8,-1469.0,-21.3,-0.16,4290.0,-43.4,5994,31.4,3397,34.9,2081.0
i3.0_w5_p0.618_s6.0_t12.0_INV_cd60_mh600_mw300_ml0.0,3.0,5,0.618,6.0,12.0,True,60,600,300,0.0,9378,135.9,37.5,31.7,59.6,8.7,-1503.0,-21.8,-0.16,3786.0,-20.8,6092,-23.0,3286,36.5,1732.0
i5.0_w4_p0.5_s12.0_t18.0_INV_cd60_mh600_mw300_ml0.0,5.0,4,0.5,12.0,18.0,True,60,600,300,0.0,8733,126.6,44.0,31.2,47.7,21.1,-1512.0,-21.9,-0.17,4450.0,-33.3,5494,5.7,3239,43.3,1189.0
i3.0_w4_p0.5_s6.0_t30.0_WITH_cd60_mh600_mw300_ml0.0,3.0,4,0.5,6.0,30.0,False,60,600,300,0.0,9821,142.3,26.2,11.3,70.9,17.8,-1544.0,-22.4,-0.16,5235.0,-54.7,6366,54.1,3455,23.0,2506.0
i5.0_w4_p0.618_s6.0_t24.0_WITH_cd60_mh600_mw300_ml0.0,5.0,4,0.618,6.0,24.0,False,60,600,300,0.0,8471,122.8,27.0,15.9,70.7,13.3,-1544.0,-22.4,-0.18,3742.0,-52.5,5375,49.1,3096,25.5,1907.0
i5.0_w5_p0.618_s6.0_t30.0_WITH_cd60_mh600_mw300_ml0.0,5.0,5,0.618,6.0,30.0,False,60,600,300,0.0,8046,116.6,25.5,11.4,72.1,16.5,-1599.0,-23.2,-0.2,3147.0,-30.3,5098,-5.4,2948,23.0,2187.0
i7.0_w3_p0.382_s6.0_t30.0_WITH_cd60_mh600_mw300_ml0.0,7.0,3,0.382,6.0,30.0,False,60,600,300,0.0,8966,129.9,23.9,12.7,74.3,13.0,-1603.0,-23.2,-0.18,3912.0,-34.7,5653,4.6,3313,21.6,1898.0
i7.0_w4_p0.5_s10.0_t24.0_WITH_cd60_mh600_mw300_ml0.0,7.0,4,0.5,10.0,24.0,False,60,600,300,0.0,7923,114.8,35.8,22.0,58.9,19.1,-1606.0,-23.3,-0.2,3857.0,-32.8,4885,0.1,3038,34.5,1644.0
i3.0_w5_p0.5_s12.0_t12.0_INV_cd60_mh600_mw300_ml0.0,3.0,5,0.5,12.0,12.0,True,60,600,300,0.0,9639,139.7,51.4,43.1,40.3,16.6,-1607.0,-23.3,-0.17,4535.0,-63.0,6202,70.5,3437,52.8,1035.0
i7.0_w3_p0.618_s10.0_t24.0_WITH_cd60_mh600_mw300_ml0.0,7.0,3,0.618,10.0,24.0,False,60,600,300,0.0,7105,103.0,35.2,22.9,60.1,17.0,-1614.0,-23.4,-0.23,3406.0,-8.3,4334,-57.5,2771,33.4,3406.0
i7.0_w5_p0.382_s12.0_t18.0_INV_cd60_mh600_mw300_ml0.0,7.0,5,0.382,12.0,18.0,True,60,600,300,0.0,8763,127.0,43.6,32.2,48.8,19.0,-1791.0,-26.0,-0.2,4885.0,-49.2,5470,29.4,3293,43.6,1516.0
i7.0_w4_p0.618_s6.0_t24.0_WITH_cd60_mh600_mw300_ml0.0,7.0,4,0.618,6.0,24.0,False,60,600,300,0.0,7515,108.9,25.8,16.7,72.4,11.0,-1821.0,-26.4,-0.24,3147.0,-27.3,4678,-23.0,2837,24.2,2404.0
i7.0_w5_p0.618_s6.0_t18.0_INV_cd60_mh600_mw300_ml0.0,7.0,5,0.618,6.0,18.0,True,60,600,300,0.0,7330,106.2,29.8,22.3,68.5,9.2,-1831.0,-26.5,-0.25,4241.0,-34.0,4535,-7.9,2795,29.0,1581.0
i5.0_w4_p0.5_s10.0_t24.0_WITH_cd60_mh600_mw300_ml0.0,5.0,4,0.5,10.0,24.0,False,60,600,300,0.0,8743,126.7,36.2,21.1,57.3,21.7,-1869.0,-27.1,-0.21,4023.0,-47.0,5499,20.6,3244,34.7,2236.0
i5.0_w4_p0.382_s12.0_t24.0_INV_cd60_mh600_mw300_ml0.0,5.0,4,0.382,12.0,24.0,True,60,600,300,0.0,9114,132.1,39.8,22.9,51.2,25.9,-1918.0,-27.8,-0.21,4620.0,-32.1,5741,-16.5,3373,38.2,2369.0
i7.0_w3_p0.382_s10.0_t12.0_INV_cd60_mh600_mw300_ml0.0,7.0,3,0.382,10.0,12.0,True,60,600,300,0.0,9258,134.2,47.5,42.9,48.5,8.6,-1921.0,-27.8,-0.21,3904.0,-46.0,5862,15.9,3396,48.1,1201.0
i7.0_w3_p0.5_s10.0_t24.0_WITH_cd60_mh600_mw300_ml0.0,7.0,3,0.5,10.0,24.0,False,60,600,300,0.0,7965,115.4,35.4,22.8,59.7,17.5,-1927.0,-27.9,-0.24,4761.0,-8.8,4923,-71.3,3042,33.4,2661.0
i7.0_w5_p0.618_s8.0_t30.0_WITH_cd60_mh600_mw300_ml0.0,7.0,5,0.618,8.0,30.0,False,60,600,300,0.0,6907,100.1,29.8,14.2,66.7,19.1,-1952.0,-28.3,-0.28,3160.0,-15.6,4273,-56.5,2634,27.3,2498.0
i7.0_w5_p0.618_s6.0_t24.0_WITH_cd60_mh600_mw300_ml0.0,7.0,5,0.618,6.0,24.0,False,60,600,300,0.0,7374,106.9,26.2,16.3,72.1,11.6,-1957.0,-28.4,-0.27,3102.0,-7.4,4577,-75.8,2797,23.7,3102.0
i5.0_w4_p0.618_s8.0_t12.0_INV_cd60_mh600_mw300_ml0.0,5.0,4,0.618,8.0,12.0,True,60,600,300,0.0,8582,124.4,43.0,37.3,53.3,9.4,-2023.0,-29.3,-0.24,4013.0,-12.7,5464,-66.7,3118,41.9,1952.0
i5.0_w3_p0.382_s8.0_t30.0_WITH_cd60_mh600_mw300_ml0.0,5.0,3,0.382,8.0,30.0,False,60,600,300,0.0,9566,138.6,29.7,14.5,66.1,19.4,-2028.0,-29.4,-0.21,4285.0,-31.0,6085,-24.1,3481,26.7,2590.0
i5.0_w3_p0.5_s12.0_t18.0_INV_cd60_mh600_mw300_ml0.0,5.0,3,0.5,12.0,18.0,True,60,600,300,0.0,8928,129.4,43.6,31.8,48.7,19.5,-2050.0,-29.7,-0.23,4719.0,-29.0,5634,-29.9,3294,42.8,2320.0
i3.0_w5_p0.618_s10.0_t12.0_INV_cd60_mh600_mw300_ml0.0,3.0,5,0.618,10.0,12.0,True,60,600,300,0.0,8931,129.4,47.6,39.9,45.4,14.7,-2091.0,-30.3,-0.23,4541.0,-34.5,5734,-19.1,3197,47.6,1400.0
i7.0_w4_p0.618_s8.0_t12.0_INV_cd60_mh600_mw300_ml0.0,7.0,4,0.618,8.0,12.0,True,60,600,300,0.0,7537,109.2,42.6,38.3,54.5,7.2,-2133.0,-30.9,-0.28,4056.0,-16.0,4706,-64.2,2831,41.9,1806.0
i7.0_w4_p0.5_s12.0_t18.0_INV_cd60_mh600_mw300_ml0.0,7.0,4,0.5,12.0,18.0,True,60,600,300,0.0,7886,114.3,43.3,32.6,49.5,17.9,-2135.0,-30.9,-0.27,3984.0,-30.8,4868,-29.8,3018,42.7,1952.0
i7.0_w4_p0.382_s6.0_t30.0_WITH_cd60_mh600_mw300_ml0.0,7.0,4,0.382,6.0,30.0,False,60,600,300,0.0,9048,131.1,24.1,12.2,73.9,13.9,-2187.0,-31.7,-0.24,5779.0,-58.5,5726,32.5,3322,22.2,2755.0
i3.0_w4_p0.5_s12.0_t30.0_WITH_cd60_mh600_mw300_ml0.0,3.0,4,0.5,12.0,30.0,False,60,600,300,0.0,8851,128.3,38.0,16.3,51.2,32.4,-2200.0,-31.9,-0.25,4264.0,-37.7,5605,-16.9,3246,35.2,2509.0
i7.0_w4_p0.5_s12.0_t24.0_WITH_cd60_mh600_mw300_ml0.0,7.0,4,0.5,12.0,24.0,False,60,600,300,0.0,7681,111.3,39.3,23.9,53.3,22.9,-2203.0,-31.9,-0.29,3869.0,-36.1,4702,-20.7,2979,38.1,2578.0
i5.0_w4_p0.5_s8.0_t24.0_WITH_cd60_mh600_mw300_ml0.0,5.0,4,0.5,8.0,24.0,False,60,600,300,0.0,9021,130.7,32.0,18.8,63.7,17.6,-2298.0,-33.3,-0.25,4714.0,-50.4,5718,8.3,3303,30.3,2366.0
i5.0_w4_p0.5_s8.0_t12.0_INV_cd60_mh600_mw300_ml0.0,5.0,4,0.5,8.0,12.0,True,60,600,300,0.0,9485,137.5,43.1,37.2,53.4,9.4,-2300.0,-33.3,-0.24,4589.0,-40.1,6068,-15.9,3417,42.8,2144.0
i3.0_w5_p0.618_s12.0_t12.0_INV_cd60_mh600_mw300_ml0.0,3.0,5,0.618,12.0,12.0,True,60,600,300,0.0,8757,126.9,51.0,42.5,39.9,17.6,-2301.0,-33.4,-0.26,4692.0,-46.8,5584,-0.5,3173,52.0,1578.0
i7.0_w4_p0.382_s10.0_t12.0_INV_cd60_mh600_mw300_ml0.0,7.0,4,0.382,10.0,12.0,True,60,600,300,0.0,9290,134.6,47.7,42.2,48.2,9.5,-2304.0,-33.4,-0.25,4051.0,-39.4,5899,-17.8,3391,47.7,2227.0
i7.0_w5_p0.618_s10.0_t18.0_INV_cd60_mh600_mw300_ml0.0,7.0,5,0.618,10.0,18.0,True,60,600,300,0.0,6901,100.0,39.7,29.2,54.8,16.0,-2321.0,-33.6,-0.34,4574.0,-44.5,4248,-6.7,2653,39.3,1372.0
i7.0_w4_p0.618_s6.0_t12.0_INV_cd60_mh600_mw300_ml0.0,7.0,4,0.618,6.0,12.0,True,60,600,300,0.0,7709,111.7,36.5,33.0,62.1,4.9,-2323.0,-33.7,-0.3,4352.0,-4.1,4813,-101.1,2896,34.9,2636.0
i5.0_w5_p0.618_s6.0_t12.0_INV_cd60_mh600_mw300_ml0.0,5.0,5,0.618,6.0,12.0,True,60,600,300,0.0,8528,123.6,36.8,32.2,61.2,6.6,-2415.0,-35.0,-0.28,3853.0,-30.4,5451,-44.2,3077,36.0,1810.0
i3.0_w5_p0.618_s8.0_t12.0_INV_cd60_mh600_mw300_ml0.0,3.0,5,0.618,8.0,12.0,True,60,600,300,0.0,9156,132.7,43.0,36.3,52.2,11.5,-2453.0,-35.5,-0.27,4988.0,-40.7,5901,-21.7,3255,42.7,1425.0
i3.0_w4_p0.5_s10.0_t30.0_WITH_cd60_mh600_mw300_ml0.0,3.0,4,0.5,10.0,30.0,False,60,600,300,0.0,9132,132.3,34.9,14.9,57.3,27.8,-2481.0,-36.0,-0.27,5151.0,-53.9,5818,7.5,3314,32.0,2309.0
i3.0_w3_p0.236_s12.0_t30.0_WITH_cd60_mh600_mw300_ml0.0,3.0,3,0.236,12.0,30.0,False,60,600,300,0.0,10130,146.8,36.9,17.7,53.4,28.9,-2555.0,-37.0,-0.25,5974.0,-14.4,6442,-88.1,3688,33.7,3955.0
i3.0_w3_p0.618_s8.0_t30.0_WITH_cd60_mh600_mw300_ml0.0,3.0,3,0.618,8.0,30.0,False,60,600,300,0.0,9069,131.4,30.6,13.4,64.4,22.3,-2567.0,-37.2,-0.28,3449.0,-35.6,5774,-39.2,3295,27.3,3449.0
i5.0_w5_p0.382_s12.0_t12.0_INV_cd60_mh600_mw300_ml0.0,5.0,5,0.382,12.0,12.0,True,60,600,300,0.0,9830,142.5,51.2,44.0,41.6,14.4,-2598.0,-37.7,-0.26,4807.0,-75.3,6316,51.9,3514,52.4,1339.0
i7.0_w3_p0.618_s12.0_t24.0_WITH_cd60_mh600_mw300_ml0.0,7.0,3,0.618,12.0,24.0,False,60,600,300,0.0,6886,99.8,38.7,24.8,54.8,20.4,-2672.0,-38.7,-0.39,3764.0,-10.0,4179,-104.0,2707,36.8,3291.0
i7.0_w4_p0.5_s8.0_t12.0_INV_cd60_mh600_mw300_ml0.0,7.0,4,0.5,8.0,12.0,True,60,600,300,0.0,8600,124.6,42.6,38.1,54.4,7.6,-2717.0,-39.4,-0.32,4539.0,-32.6,5383,-53.4,3217,42.2,2303.0
i7.0_w3_p0.5_s12.0_t18.0_INV_cd60_mh600_mw300_ml0.0,7.0,3,0.5,12.0,18.0,True,60,600,300,0.0,7918,114.8,43.1,32.9,50.5,16.6,-2739.0,-39.7,-0.35,4860.0,-22.4,4857,-78.2,3061,42.2,3117.0
i3.0_w4_p0.618_s8.0_t30.0_WITH_cd60_mh600_mw300_ml0.0,3.0,4,0.618,8.0,30.0,False,60,600,300,0.0,8767,127.1,30.8,13.0,63.8,23.1,-2740.0,-39.7,-0.31,4298.0,-42.5,5576,-31.4,3191,27.6,2394.0
i7.0_w3_p0.382_s8.0_t30.0_WITH_cd60_mh600_mw300_ml0.0,7.0,3,0.382,8.0,30.0,False,60,600,300,0.0,8669,125.6,28.9,15.0,67.8,17.2,-2768.0,-40.1,-0.32,4822.0,-53.9,5444,-6.1,3225,26.9,2304.0
i5.0_w5_p0.618_s6.0_t24.0_WITH_cd60_mh600_mw300_ml0.0,5.0,5,0.618,6.0,24.0,False,60,600,300,0.0,8197,118.8,26.9,15.5,70.8,13.7,-2780.0,-40.3,-0.34,4080.0,-35.9,5205,-48.6,2992,24.7,2687.0
i7.0_w5_p0.5_s12.0_t12.0_INV_cd60_mh600_mw300_ml0.0,7.0,5,0.5,12.0,12.0,True,60,600,300,0.0,8172,118.4,50.9,44.8,42.3,12.9,-2806.0,-40.7,-0.34,5412.0,-87.0,5055,69.5,3117,52.7,1178.0
i7.0_w5_p0.618_s8.0_t18.0_INV_cd60_mh600_mw300_ml0.0,7.0,5,0.618,8.0,18.0,True,60,600,300,0.0,7107,103.0,35.1,26.0,61.2,12.8,-2832.0,-41.0,-0.4,4690.0,-43.0,4398,-34.6,2709,34.1,1510.0
i5.0_w3_p0.618_s6.0_t12.0_INV_cd60_mh600_mw300_ml0.0,5.0,3,0.618,6.0,12.0,True,60,600,300,0.0,9035,130.9,36.6,32.6,61.8,5.6,-2843.0,-41.2,-0.31,4902.0,-30.9,5768,-63.3,3267,35.6,2639.0
i3.0_w4_p0.618_s10.0_t30.0_WITH_cd60_mh600_mw300_ml0.0,3.0,4,0.618,10.0,30.0,False,60,600,300,0.0,8407,121.8,35.0,14.7,57.2,28.2,-2856.0,-41.4,-0.34,3893.0,-53.1,5293,-12.2,3114,32.2,2789.0
i5.0_w4_p0.618_s10.0_t30.0_WITH_cd60_mh600_mw300_ml0.0,5.0,4,0.618,10.0,30.0,False,60,600,300,0.0,7622,110.5,34.2,15.4,58.9,25.6,-2857.0,-41.4,-0.37,4161.0,-62.9,4741,10.6,2881,32.0,2267.0
i7.0_w3_p0.5_s8.0_t12.0_INV_cd60_mh600_mw300_ml0.0,7.0,3,0.5,8.0,12.0,True,60,600,300,0.0,8579,124.3,42.6,38.4,55.1,6.5,-2870.0,-41.6,-0.33,4144.0,-50.9,5346,-17.8,3233,42.7,1405.0
i5.0_w5_p0.5_s12.0_t12.0_INV_cd60_mh600_mw300_ml0.0,5.0,5,0.5,12.0,12.0,True,60,600,300,0.0,8938,129.5,50.9,43.8,41.4,14.9,-2896.0,-42.0,-0.32,5672.0,-90.5,5642,73.2,3296,52.8,1115.0
i5.0_w3_p0.618_s12.0_t30.0_WITH_cd60_mh600_mw300_ml0.0,5.0,3,0.618,12.0,30.0,False,60,600,300,0.0,7606,110.2,37.1,17.6,54.3,28.1,-2938.0,-42.6,-0.39,3854.0,-29.9,4698,-70.2,2908,34.9,2878.0
i5.0_w4_p0.382_s10.0_t12.0_INV_cd60_mh600_mw300_ml0.0,5.0,4,0.382,10.0,12.0,True,60,600,300,0.0,10076,146.0,47.5,41.2,47.4,11.4,-2955.0,-42.8,-0.29,4433.0,-58.3,6509,-4.8,3567,47.8,1755.0
i5.0_w4_p0.618_s8.0_t30.0_WITH_cd60_mh600_mw300_ml0.0,5.0,4,0.618,8.0,30.0,False,60,600,300,0.0,7955,115.3,30.1,13.7,65.5,20.8,-2966.0,-43.0,-0.37,4701.0,-72.6,4997,28.1,2958,28.1,1557.0
i3.0_w4_p0.618_s6.0_t24.0_WITH_cd60_mh600_mw300_ml0.0,3.0,4,0.618,6.0,24.0,False,60,600,300,0.0,9318,135.0,27.6,15.0,69.6,15.4,-2976.0,-43.1,-0.32,4494.0,-33.4,6017,-63.8,3301,24.2,3294.0
i5.0_w3_p0.5_s8.0_t12.0_INV_cd60_mh600_mw300_ml0.0,5.0,3,0.5,8.0,12.0,True,60,600,300,0.0,9695,140.5,42.9,37.6,54.2,8.3,-2979.0,-43.2,-0.31,5070.0,-60.9,6225,0.3,3470,43.0,1185.0
i5.0_w3_p0.382_s10.0_t12.0_INV_cd60_mh600_mw300_ml0.0,5.0,3,0.382,10.0,12.0,True,60,600,300,0.0,10201,147.8,47.5,41.5,47.7,10.9,-3027.0,-43.9,-0.3,5064.0,-71.8,6604,23.5,3597,48.4,1389.0
i7.0_w3_p0.5_s12.0_t24.0_WITH_cd60_mh600_mw300_ml0.0,7.0,3,0.5,12.0,24.0,False,60,600,300,0.0,7737,112.1,38.7,24.7,54.3,21.0,-3095.0,-44.9,-0.4,4902.0,-25.6,4739,-87.6,2998,37.1,3116.0
i3.0_w3_p0.382_s12.0_t24.0_WITH_cd60_mh600_mw300_ml0.0,3.0,3,0.382,12.0,24.0,False,60,600,300,0.0,9883,143.2,39.5,22.7,50.8,26.5,-3189.0,-46.2,-0.32,5352.0,11.0,6287,-177.5,3596,36.6,3783.0
i3.0_w3_p0.382_s10.0_t12.0_INV_cd60_mh600_mw300_ml0.0,3.0,3,0.382,10.0,12.0,True,60,600,300,0.0,10945,158.6,47.6,40.6,46.7,12.7,-3201.0,-46.4,-0.29,6317.0,-88.7,7196,54.5,3749,48.7,1426.0
i5.0_w5_p0.618_s8.0_t12.0_INV_cd60_mh600_mw300_ml0.0,5.0,5,0.618,8.0,12.0,True,60,600,300,0.0,8325,120.7,42.6,36.8,53.4,9.8,-3266.0,-47.3,-0.39,4642.0,-39.3,5293,-63.9,3032,42.0,1771.0
i3.0_w3_p0.382_s8.0_t24.0_WITH_cd60_mh600_mw300_ml0.0,3.0,3,0.382,8.0,24.0,False,60,600,300,0.0,10402,150.8,32.1,18.3,62.8,18.9,-3271.0,-47.4,-0.31,4952.0,-39.4,6739,-63.9,3663,29.3,3161.0
i7.0_w4_p0.618_s8.0_t30.0_WITH_cd60_mh600_mw300_ml0.0,7.0,4,0.618,8.0,30.0,False,60,600,300,0.0,7066,102.4,28.7,14.5,67.7,17.8,-3339.0,-48.4,-0.47,3842.0,-49.1,4355,-44.4,2711,26.7,2687.0
i5.0_w3_p0.618_s8.0_t12.0_INV_cd60_mh600_mw300_ml0.0,5.0,3,0.618,8.0,12.0,True,60,600,300,0.0,8823,127.9,42.6,37.5,54.3,8.3,-3382.0,-49.0,-0.38,4713.0,-41.1,5599,-65.2,3224,42.0,2164.0
i7.0_w5_p0.618_s6.0_t12.0_INV_cd60_mh600_mw300_ml0.0,7.0,5,0.618,6.0,12.0,True,60,600,300,0.0,7568,109.7,36.1,32.5,62.5,5.1,-3405.0,-49.3,-0.45,4731.0,-61.5,4737,-18.7,2831,36.4,968.0
i7.0_w4_p0.618_s10.0_t30.0_WITH_cd60_mh600_mw300_ml0.0,7.0,4,0.618,10.0,30.0,False,60,600,300,0.0,6765,98.0,32.8,16.5,61.4,22.1,-3407.0,-49.4,-0.5,4236.0,-57.3,4134,-28.5,2631,31.0,2694.0
i7.0_w3_p0.382_s12.0_t30.0_WITH_cd60_mh600_mw300_ml0.0,7.0,3,0.382,12.0,30.0,False,60,600,300,0.0,8207,118.9,36.2,18.9,56.5,24.5,-3441.0,-49.9,-0.42,5685.0,-31.0,5085,-91.6,3122,34.0,3310.0
i3.0_w4_p0.382_s6.0_t30.0_WITH_cd60_mh600_mw300_ml0.0,3.0,4,0.382,6.0,30.0,False,60,600,300,0.0,10405,150.8,25.6,11.1,71.3,17.5,-3458.0,-50.1,-0.33,7879.0,-96.4,6778,60.3,3627,23.1,2599.0
i5.0_w4_p0.382_s12.0_t24.0_WITH_cd60_mh600_mw300_ml0.0,5.0,4,0.382,12.0,24.0,False,60,600,300,0.0,9148,132.6,39.2,23.2,51.9,24.9,-3505.0,-50.8,-0.38,4720.0,-42.7,5747,-67.2,3401,37.5,4189.0
i7.0_w4_p0.382_s10.0_t30.0_WITH_cd60_mh600_mw300_ml0.0,7.0,4,0.382,10.0,30.0,False,60,600,300,0.0,8456,122.6,33.2,16.3,61.0,22.6,-3527.0,-51.1,-0.42,6119.0,-47.8,5253,-56.3,3203,31.1,3308.0
i5.0_w4_p0.382_s10.0_t24.0_WITH_cd60_mh600_mw300_ml0.0,5.0,4,0.382,10.0,24.0,False,60,600,300,0.0,9387,136.0,35.8,21.1,57.5,21.4,-3533.0,-51.2,-0.38,5271.0,-55.0,5939,-39.9,3448,34.1,3519.0
i3.0_w4_p0.618_s12.0_t12.0_INV_cd60_mh600_mw300_ml0.0,3.0,4,0.618,12.0,12.0,True,60,600,300,0.0,9112,132.1,50.5,42.7,40.6,16.7,-3535.0,-51.2,-0.39,5999.0,-62.3,5858,-22.9,3254,51.4,1606.0
i7.0_w4_p0.382_s12.0_t18.0_INV_cd60_mh600_mw300_ml0.0,7.0,4,0.382,12.0,18.0,True,60,600,300,0.0,8733,126.6,43.3,32.1,49.9,18.0,-3583.0,-51.9,-0.41,5479.0,-55.9,5455,-40.1,3278,42.9,2358.0
i5.0_w3_p0.5_s6.0_t18.0_WITH_cd60_mh600_mw300_ml0.0,5.0,3,0.5,6.0,18.0,False,60,600,300,0.0,9647,139.8,29.8,22.0,68.1,10.0,-3607.0,-52.3,-0.37,3912.0,-57.7,6218,-37.0,3429,28.3,2188.0
i3.0_w3_p0.618_s12.0_t12.0_INV_cd60_mh600_mw300_ml0.0,3.0,3,0.618,12.0,12.0,True,60,600,300,0.0,9468,137.2,50.9,43.2,41.2,15.6,-3609.0,-52.3,-0.38,4849.0,-57.9,6052,-36.7,3416,51.5,1604.0
i3.0_w5_p0.618_s8.0_t30.0_WITH_cd60_mh600_mw300_ml0.0,3.0,5,0.618,8.0,30.0,False,60,600,300,0.0,8421,122.0,31.0,12.6,63.4,24.0,-3617.0,-52.4,-0.43,4769.0,-36.5,5365,-87.1,3056,27.4,3052.0
i5.0_w4_p0.618_s12.0_t30.0_WITH_cd60_mh600_mw300_ml0.0,5.0,4,0.618,12.0,30.0,False,60,600,300,0.0,7358,106.6,37.3,16.8,53.1,30.1,-3620.0,-52.5,-0.49,4661.0,-69.6,4552,-10.1,2806,35.6,1907.0
i7.0_w5_p0.5_s6.0_t30.0_WITH_cd60_mh600_mw300_ml0.0,7.0,5,0.5,6.0,30.0,False,60,600,300,0.0,8268,119.8,24.3,11.7,73.8,14.4,-3654.0,-53.0,-0.44,5374.0,-62.6,5143,-28.0,3125,22.0,3213.0
i5.0_w4_p0.382_s6.0_t24.0_WITH_cd60_mh600_mw300_ml0.0,5.0,4,0.382,6.0,24.0,False,60,600,300,0.0,9981,144.7,26.3,15.8,71.2,13.1,-3763.0,-54.5,-0.38,6229.0,-80.7,6450,9.2,3531,24.7,2930.0
i3.0_w4_p0.382_s12.0_t30.0_WITH_cd60_mh600_mw300_ml0.0,3.0,4,0.382,12.0,30.0,False,60,600,300,0.0,9451,137.0,37.5,16.8,52.6,30.6,-3765.0,-54.6,-0.4,6103.0,-70.3,5985,-15.3,3466,35.1,3750.0
i7.0_w3_p0.236_s12.0_t30.0_WITH_cd60_mh600_mw300_ml0.0,7.0,3,0.236,12.0,30.0,False,60,600,300,0.0,8901,129.0,35.7,19.0,56.6,24.4,-3782.0,-54.8,-0.42,5427.0,-69.8,5513,-17.4,3388,34.0,3370.0
i5.0_w3_p0.382_s10.0_t24.0_WITH_cd60_mh600_mw300_ml0.0,5.0,3,0.382,10.0,24.0,False,60,600,300,0.0,9483,137.4,35.5,21.6,58.1,20.3,-3804.0,-55.1,-0.4,4804.0,-7.3,5996,-164.0,3487,32.6,3479.0
i7.0_w4_p0.618_s10.0_t12.0_INV_cd60_mh600_mw300_ml0.0,7.0,4,0.618,10.0,12.0,True,60,600,300,0.0,7415,107.5,46.7,41.9,48.8,9.3,-3808.0,-55.2,-0.51,5216.0,-39.1,4615,-90.1,2800,46.2,2228.0
i5.0_w3_p0.236_s12.0_t30.0_WITH_cd60_mh600_mw300_ml0.0,5.0,3,0.236,12.0,30.0,False,60,600,300,0.0,9654,139.9,36.3,18.3,54.8,27.0,-3903.0,-56.6,-0.4,6371.0,-41.7,6068,-88.5,3586,33.6,4831.0
i7.0_w5_p0.5_s6.0_t24.0_WITH_cd60_mh600_mw300_ml0.0,7.0,5,0.5,6.0,24.0,False,60,600,300,0.0,8419,122.0,26.0,15.9,72.2,11.9,-3916.0,-56.8,-0.47,5493.0,-50.5,5260,-68.7,3159,24.0,3852.0
i7.0_w5_p0.382_s12.0_t12.0_INV_cd60_mh600_mw300_ml0.0,7.0,5,0.382,12.0,12.0,True,60,600,300,0.0,9198,133.3,50.8,44.5,42.8,12.7,-3949.0,-57.2,-0.43,5494.0,-88.0,5804,17.4,3394,52.1,1439.0
i5.0_w5_p0.618_s10.0_t12.0_INV_cd60_mh600_mw300_ml0.0,5.0,5,0.618,10.0,12.0,True,60,600,300,0.0,8137,117.9,47.1,40.4,47.1,12.5,-3949.0,-57.2,-0.49,5039.0,-60.3,5149,-47.4,2988,47.3,1637.0
i5.0_w5_p0.618_s12.0_t12.0_INV_cd60_mh600_mw300_ml0.0,5.0,5,0.618,12.0,12.0,True,60,600,300,0.0,7967,115.5,50.6,43.3,41.7,15.0,-3994.0,-57.9,-0.5,5651.0,-65.3,5026,-37.7,2941,51.3,2047.0
i3.0_w3_p0.618_s8.0_t24.0_WITH_cd60_mh600_mw300_ml0.0,3.0,3,0.618,8.0,24.0,False,60,600,300,0.0,9318,135.0,32.1,18.1,63.1,18.8,-4040.0,-58.5,-0.43,4365.0,-43.8,5947,-90.2,3371,29.2,4198.0
i5.0_w4_p0.618_s10.0_t12.0_INV_cd60_mh600_mw300_ml0.0,5.0,4,0.618,10.0,12.0,True,60,600,300,0.0,8444,122.4,46.9,40.7,47.5,11.9,-4052.0,-58.7,-0.48,5650.0,-37.9,5347,-104.6,3097,46.3,2485.0
i5.0_w5_p0.5_s6.0_t30.0_WITH_cd60_mh600_mw300_ml0.0,5.0,5,0.5,6.0,30.0,False,60,600,300,0.0,9042,131.0,25.0,11.2,72.6,16.2,-4111.0,-59.6,-0.45,6191.0,-69.7,5733,-33.1,3309,22.2,3332.0
i5.0_w5_p0.5_s6.0_t24.0_WITH_cd60_mh600_mw300_ml0.0,5.0,5,0.5,6.0,24.0,False,60,600,300,0.0,9197,133.3,26.6,15.4,71.0,13.6,-4161.0,-60.3,-0.45,6030.0,-54.4,5856,-71.3,3341,24.2,3997.0
i5.0_w5_p0.618_s8.0_t30.0_WITH_cd60_mh600_mw300_ml0.0,5.0,5,0.618,8.0,30.0,False,60,600,300,0.0,7683,111.3,30.1,13.2,65.2,21.7,-4177.0,-60.5,-0.54,5428.0,-58.1,4845,-63.4,2838,27.5,2733.0
i3.0_w3_p0.5_s6.0_t18.0_WITH_cd60_mh600_mw300_ml0.0,3.0,3,0.5,6.0,18.0,False,60,600,300,0.0,10448,151.4,30.2,21.2,67.2,11.6,-4207.0,-61.0,-0.4,4564.0,-60.2,6850,-60.0,3598,28.1,2916.0
i3.0_w4_p0.618_s12.0_t30.0_WITH_cd60_mh600_mw300_ml0.0,3.0,4,0.618,12.0,30.0,False,60,600,300,0.0,8161,118.3,38.0,15.8,51.4,32.8,-4273.0,-61.9,-0.52,4827.0,-59.3,5127,-65.1,3034,35.4,2914.0
i7.0_w5_p0.618_s10.0_t30.0_WITH_cd60_mh600_mw300_ml0.0,7.0,5,0.618,10.0,30.0,False,60,600,300,0.0,6594,95.6,33.6,15.7,60.7,23.6,-4322.0,-62.6,-0.66,4928.0,-57.8,4049,-70.9,2545,31.6,2901.0
i5.0_w3_p0.382_s8.0_t24.0_WITH_cd60_mh600_mw300_ml0.0,5.0,3,0.382,8.0,24.0,False,60,600,300,0.0,9769,141.6,31.4,18.9,64.5,16.6,-4325.0,-62.7,-0.44,5167.0,-39.2,6240,-114.5,3529,28.4,3082.0
i7.0_w3_p0.618_s8.0_t12.0_INV_cd60_mh600_mw300_ml0.0,7.0,3,0.618,8.0,12.0,True,60,600,300,0.0,7675,111.2,41.7,38.1,55.6,6.3,-4328.0,-62.7,-0.56,5396.0,-57.0,4752,-73.2,2923,41.6,2041.0
i5.0_w3_p0.618_s10.0_t12.0_INV_cd60_mh600_mw300_ml0.0,5.0,3,0.618,10.0,12.0,True,60,600,300,0.0,8669,125.6,47.0,41.4,48.4,10.2,-4394.0,-63.7,-0.51,5266.0,-55.7,5469,-79.2,3200,46.9,2345.0
i5.0_w3_p0.382_s12.0_t24.0_WITH_cd60_mh600_mw300_ml0.0,5.0,3,0.382,12.0,24.0,False,60,600,300,0.0,9239,133.9,38.8,23.5,52.5,24.0,-4503.0,-65.3,-0.49,5881.0,-9.6,5819,-192.0,3420,36.2,4082.0
i3.0_w4_p0.5_s10.0_t12.0_INV_cd60_mh600_mw300_ml0.0,3.0,4,0.5,10.0,12.0,True,60,600,300,0.0,10071,146.0,47.3,40.0,46.6,13.4,-4554.0,-66.0,-0.45,6365.0,-87.5,6542,-12.7,3529,47.8,1936.0
i7.0_w4_p0.618_s12.0_t12.0_INV_cd60_mh600_mw300_ml0.0,7.0,4,0.618,12.0,12.0,True,60,600,300,0.0,7281,105.5,50.3,44.8,43.7,11.5,-4563.0,-66.1,-0.63,6138.0,-65.6,4527,-64.2,2754,50.7,2019.0
i7.0_w4_p0.382_s8.0_t30.0_WITH_cd60_mh600_mw300_ml0.0,7.0,4,0.382,8.0,30.0,False,60,600,300,0.0,8724,126.4,28.9,14.3,67.4,18.4,-4629.0,-67.1,-0.53,7371.0,-91.6,5471,-6.7,3253,27.1,3028.0
i3.0_w4_p0.382_s10.0_t30.0_WITH_cd60_mh600_mw300_ml0.0,3.0,4,0.382,10.0,30.0,False,60,600,300,0.0,9747,141.3,34.2,15.2,58.2,26.6,-4635.0,-67.2,-0.48,7661.0,-93.0,6216,-3.7,3531,31.9,3564.0
i3.0_w3_p0.618_s12.0_t30.0_WITH_cd60_mh600_mw300_ml0.0,3.0,3,0.618,12.0,30.0,False,60,600,300,0.0,8475,122.8,37.5,16.4,52.3,31.3,-4652.0,-67.4,-0.55,5707.0,-68.1,5330,-62.6,3145,35.0,3248.0
i7.0_w3_p0.618_s6.0_t12.0_INV_cd60_mh600_mw300_ml0.0,7.0,3,0.618,6.0,12.0,True,60,600,300,0.0,7832,113.5,35.4,32.7,63.4,3.9,-4704.0,-68.2,-0.6,6218.0,-62.1,4870,-79.2,2962,35.1,2661.0
i7.0_w5_p0.618_s8.0_t24.0_WITH_cd60_mh600_mw300_ml0.0,7.0,5,0.618,8.0,24.0,False,60,600,300,0.0,7092,102.8,31.0,18.7,65.7,15.6,-4785.0,-69.3,-0.67,5619.0,-50.8,4381,-109.2,2711,28.8,3906.0
i7.0_w5_p0.618_s8.0_t12.0_INV_cd60_mh600_mw300_ml0.0,7.0,5,0.618,8.0,12.0,True,60,600,300,0.0,7392,107.1,41.7,37.2,55.2,7.6,-4818.0,-69.8,-0.65,6186.0,-80.3,4607,-42.2,2785,42.1,1475.0
i5.0_w3_p0.5_s8.0_t18.0_WITH_cd60_mh600_mw300_ml0.0,5.0,3,0.5,8.0,18.0,False,60,600,300,0.0,9413,136.4,35.0,25.7,61.1,13.2,-4823.0,-69.9,-0.51,4966.0,-53.3,6017,-105.3,3396,33.3,3318.0
i3.0_w3_p0.5_s10.0_t12.0_INV_cd60_mh600_mw300_ml0.0,3.0,3,0.5,10.0,12.0,True,60,600,300,0.0,10336,149.8,47.4,40.1,46.9,13.0,-4833.0,-70.0,-0.47,6811.0,-115.6,6732,39.6,3604,48.8,904.0
i5.0_w3_p0.618_s12.0_t24.0_WITH_cd60_mh600_mw300_ml0.0,5.0,3,0.618,12.0,24.0,False,60,600,300,0.0,7898,114.5,38.9,23.4,53.1,23.5,-4880.0,-70.7,-0.62,5460.0,-63.5,4877,-84.1,3021,37.6,3399.0
i7.0_w4_p0.382_s12.0_t24.0_WITH_cd60_mh600_mw300_ml0.0,7.0,4,0.382,12.0,24.0,False,60,600,300,0.0,8439,122.3,38.6,23.7,53.7,22.5,-4889.0,-70.9,-0.58,6183.0,-77.3,5219,-52.4,3220,37.7,3686.0
i7.0_w3_p0.618_s10.0_t12.0_INV_cd60_mh600_mw300_ml0.0,7.0,3,0.618,10.0,12.0,True,60,600,300,0.0,7541,109.3,46.5,42.2,49.9,7.9,-4946.0,-71.7,-0.66,5557.0,-60.5,4638,-94.3,2903,46.3,2624.0
i7.0_w3_p0.382_s10.0_t24.0_WITH_cd60_mh600_mw300_ml0.0,7.0,3,0.382,10.0,24.0,False,60,600,300,0.0,8658,125.5,35.0,22.1,60.0,17.9,-4992.0,-72.4,-0.58,6261.0,-34.8,5390,-156.4,3268,32.7,3766.0
i7.0_w5_p0.618_s12.0_t12.0_INV_cd60_mh600_mw300_ml0.0,7.0,5,0.618,12.0,12.0,True,60,600,300,0.0,7102,102.9,50.1,44.3,43.4,12.4,-4996.0,-72.4,-0.7,6840.0,-90.5,4397,-26.6,2705,51.3,2053.0
i5.0_w4_p0.382_s8.0_t30.0_WITH_cd60_mh600_mw300_ml0.0,5.0,4,0.382,8.0,30.0,False,60,600,300,0.0,9472,137.3,29.4,13.9,66.0,20.2,-5003.0,-72.5,-0.53,7458.0,-98.5,6043,-8.3,3429,27.4,3687.0
i3.0_w4_p0.382_s6.0_t24.0_WITH_cd60_mh600_mw300_ml0.0,3.0,4,0.382,6.0,24.0,False,60,600,300,0.0,10583,153.4,26.9,15.0,70.1,14.9,-5031.0,-72.9,-0.48,8109.0,-109.3,6924,15.4,3659,25.0,2642.0
i7.0_w4_p0.382_s10.0_t24.0_WITH_cd60_mh600_mw300_ml0.0,7.0,4,0.382,10.0,24.0,False,60,600,300,0.0,8679,125.8,35.2,21.6,59.4,19.0,-5055.0,-73.3,-0.58,6452.0,-77.3,5414,-60.4,3265,33.8,3341.0
i7.0_w4_p0.5_s10.0_t12.0_INV_cd60_mh600_mw300_ml0.0,7.0,4,0.5,10.0,12.0,True,60,600,300,0.0,8457,122.6,46.6,41.5,48.9,9.6,-5068.0,-73.4,-0.6,6439.0,-89.8,5278,-31.9,3179,47.5,1978.0
i7.0_w3_p0.5_s10.0_t12.0_INV_cd60_mh600_mw300_ml0.0,7.0,3,0.5,10.0,12.0,True,60,600,300,0.0,8455,122.5,46.7,42.0,49.5,8.5,-5072.0,-73.5,-0.6,5967.0,-88.0,5247,-36.1,3208,47.4,1706.0
i7.0_w5_p0.618_s10.0_t12.0_INV_cd60_mh600_mw300_ml0.0,7.0,5,0.618,10.0,12.0,True,60,600,300,0.0,7259,105.2,46.4,41.2,49.1,9.7,-5104.0,-74.0,-0.7,6339.0,-85.5,4502,-43.4,2757,47.1,1597.0
i5.0_w5_p0.5_s8.0_t30.0_WITH_cd60_mh600_mw300_ml0.0,5.0,5,0.5,8.0,30.0,False,60,600,300,0.0,8654,125.4,29.9,13.3,65.6,21.1,-5113.0,-74.1,-0.59,7326.0,-40.8,5425,-148.4,3229,26.2,4139.0
i7.0_w3_p0.5_s6.0_t18.0_WITH_cd60_mh600_mw300_ml0.0,7.0,3,0.5,6.0,18.0,False,60,600,300,0.0,8638,125.2,28.7,22.5,70.0,7.6,-5114.0,-74.1,-0.59,5388.0,-81.9,5438,-52.5,3200,27.9,2094.0
i7.0_w4_p0.382_s6.0_t24.0_WITH_cd60_mh600_mw300_ml0.0,7.0,4,0.382,6.0,24.0,False,60,600,300,0.0,9229,133.8,25.4,16.0,72.7,11.3,-5151.0,-74.7,-0.56,6787.0,-91.6,5849,-31.5,3380,23.9,3084.0
i7.0_w3_p0.382_s6.0_t24.0_WITH_cd60_mh600_mw300_ml0.0,7.0,3,0.382,6.0,24.0,False,60,600,300,0.0,9161,132.8,25.2,16.3,73.0,10.6,-5161.0,-74.8,-0.56,6073.0,-76.7,5791,-66.9,3370,23.4,2493.0
i5.0_w3_p0.618_s12.0_t12.0_INV_cd60_mh600_mw300_ml0.0,5.0,3,0.618,12.0,12.0,True,60,600,300,0.0,8515,123.4,50.4,44.2,42.9,12.9,-5176.0,-75.0,-0.61,6146.0,-65.0,5340,-94.7,3175,50.6,2794.0
i3.0_w3_p0.236_s8.0_t30.0_WITH_cd60_mh600_mw300_ml0.0,3.0,3,0.236,8.0,30.0,False,60,600,300,0.0,10652,154.4,29.6,13.7,65.6,20.7,-5184.0,-75.1,-0.49,9545.0,-106.5,6901,1.6,3751,26.9,4552.0
i7.0_w3_p0.236_s10.0_t30.0_WITH_cd60_mh600_mw300_ml0.0,7.0,3,0.236,10.0,30.0,False,60,600,300,0.0,9135,132.4,32.4,17.0,62.5,20.4,-5210.0,-75.5,-0.57,7315.0,-102.5,5712,-8.9,3423,30.8,3332.0
i5.0_w5_p0.5_s8.0_t24.0_WITH_cd60_mh600_mw300_ml0.0,5.0,5,0.5,8.0,24.0,False,60,600,300,0.0,8849,128.2,31.7,18.2,64.0,17.8,-5237.0,-75.9,-0.59,7159.0,-37.5,5566,-161.9,3283,28.6,4863.0
i7.0_w3_p0.618_s6.0_t18.0_WITH_cd60_mh600_mw300_ml0.0,7.0,3,0.618,6.0,18.0,False,60,600,300,0.0,7810,113.2,28.2,22.7,70.4,6.9,-5239.0,-75.9,-0.67,5633.0,-47.5,4835,-138.6,2975,26.5,3558.0
i5.0_w4_p0.618_s12.0_t12.0_INV_cd60_mh600_mw300_ml0.0,5.0,4,0.618,12.0,12.0,True,60,600,300,0.0,8262,119.7,50.3,43.3,42.3,14.5,-5276.0,-76.5,-0.64,6551.0,-64.6,5213,-100.6,3049,50.3,2320.0
i3.0_w3_p0.5_s8.0_t18.0_WITH_cd60_mh600_mw300_ml0.0,3.0,3,0.5,8.0,18.0,False,60,600,300,0.0,10189,147.7,35.4,24.9,60.1,14.9,-5295.0,-76.7,-0.52,5526.0,-56.2,6619,-120.9,3570,33.3,3811.0
i5.0_w3_p0.5_s10.0_t18.0_WITH_cd60_mh600_mw300_ml0.0,5.0,3,0.5,10.0,18.0,False,60,600,300,0.0,9188,133.2,39.4,29.0,54.8,16.3,-5296.0,-76.8,-0.58,5770.0,-43.3,5821,-151.2,3367,37.6,4205.0
i5.0_w4_p0.382_s8.0_t24.0_WITH_cd60_mh600_mw300_ml0.0,5.0,4,0.382,8.0,24.0,False,60,600,300,0.0,9695,140.5,31.3,18.6,64.4,17.0,-5488.0,-79.5,-0.57,7456.0,-79.7,6190,-75.4,3505,29.3,3972.0
i7.0_w4_p0.618_s12.0_t30.0_WITH_cd60_mh600_mw300_ml0.0,7.0,4,0.618,12.0,30.0,False,60,600,300,0.0,6540,94.8,35.9,17.6,55.9,26.5,-5518.0,-80.0,-0.84,6415.0,-66.5,3981,-107.6,2559,34.2,3136.0
i3.0_w3_p0.5_s10.0_t18.0_WITH_cd60_mh600_mw300_ml0.0,3.0,3,0.5,10.0,18.0,False,60,600,300,0.0,9943,144.1,39.7,27.8,53.6,18.6,-5553.0,-80.5,-0.56,6362.0,-51.5,6407,-144.3,3536,37.8,4589.0
i7.0_w3_p0.236_s8.0_t30.0_WITH_cd60_mh600_mw300_ml0.0,7.0,3,0.236,8.0,30.0,False,60,600,300,0.0,9389,136.1,28.1,14.8,68.6,16.6,-5588.0,-81.0,-0.6,8858.0,-143.2,5941,68.0,3448,27.3,2852.0
i5.0_w4_p0.5_s10.0_t12.0_INV_cd60_mh600_mw300_ml0.0,5.0,4,0.5,10.0,12.0,True,60,600,300,0.0,9330,135.2,46.8,40.3,47.9,11.8,-5656.0,-82.0,-0.61,7010.0,-87.9,5936,-64.1,3394,47.0,2266.0
i5.0_w5_p0.5_s12.0_t30.0_WITH_cd60_mh600_mw300_ml0.0,5.0,5,0.5,12.0,30.0,False,60,600,300,0.0,8027,116.3,37.2,16.3,53.7,30.0,-5846.0,-84.7,-0.73,7361.0,-54.6,4997,-150.9,3030,34.4,4124.0
i3.0_w5_p0.5_s6.0_t30.0_WITH_cd60_mh600_mw300_ml0.0,3.0,5,0.5,6.0,30.0,False,60,600,300,0.0,9669,140.1,25.3,10.8,71.8,17.4,-5852.0,-84.8,-0.61,8010.0,-92.0,6223,-64.0,3446,22.3,3591.0
i3.0_w5_p0.5_s6.0_t24.0_WITH_cd60_mh600_mw300_ml0.0,3.0,5,0.5,6.0,24.0,False,60,600,300,0.0,9817,142.3,26.9,14.8,70.3,15.0,-5919.0,-85.8,-0.6,7640.0,-94.8,6349,-60.6,3468,24.6,3854.0
i7.0_w4_p0.382_s12.0_t12.0_INV_cd60_mh600_mw300_ml0.0,7.0,4,0.382,12.0,12.0,True,60,600,300,0.0,9152,132.6,50.5,44.6,43.8,11.6,-5948.0,-86.2,-0.65,6758.0,-64.4,5784,-132.9,3368,50.2,3600.0
i3.0_w4_p0.618_s10.0_t24.0_WITH_cd60_mh600_mw300_ml0.0,3.0,4,0.618,10.0,24.0,False,60,600,300,0.0,8649,125.3,36.2,19.7,56.3,24.0,-5953.0,-86.3,-0.69,6491.0,-77.6,5466,-102.4,3183,33.8,3767.0
i3.0_w3_p0.618_s10.0_t24.0_WITH_cd60_mh600_mw300_ml0.0,3.0,3,0.618,10.0,24.0,False,60,600,300,0.0,9023,130.8,36.0,20.2,56.9,22.9,-5969.0,-86.5,-0.66,6621.0,-74.6,5711,-110.3,3312,33.6,4719.0
i7.0_w5_p0.618_s12.0_t30.0_WITH_cd60_mh600_mw300_ml0.0,7.0,5,0.618,12.0,30.0,False,60,600,300,0.0,6366,92.3,36.5,16.9,55.5,27.6,-6042.0,-87.6,-0.95,6943.0,-76.7,3885,-108.7,2481,34.5,3310.0
i3.0_w5_p0.5_s8.0_t24.0_WITH_cd60_mh600_mw300_ml0.0,3.0,5,0.5,8.0,24.0,False,60,600,300,0.0,9475,137.3,32.0,17.6,62.8,19.6,-6045.0,-87.6,-0.64,7577.0,-68.9,6059,-127.1,3416,29.2,4419.0
i7.0_w3_p0.5_s8.0_t18.0_WITH_cd60_mh600_mw300_ml0.0,7.0,3,0.5,8.0,18.0,False,60,600,300,0.0,8437,122.3,34.0,26.6,63.1,10.4,-6047.0,-87.6,-0.72,6281.0,-68.3,5246,-128.7,3191,32.6,3523.0
i5.0_w3_p0.618_s6.0_t18.0_WITH_cd60_mh600_mw300_ml0.0,5.0,3,0.618,6.0,18.0,False,60,600,300,0.0,8914,129.2,28.9,21.7,69.2,9.1,-6063.0,-87.9,-0.68,6581.0,-71.1,5650,-122.8,3264,27.2,3461.0
i7.0_w3_p0.382_s12.0_t12.0_INV_cd60_mh600_mw300_ml0.0,7.0,3,0.382,12.0,12.0,True,60,600,300,0.0,9115,132.1,50.2,45.1,44.1,10.8,-6071.0,-88.0,-0.67,6409.0,-102.2,5751,-50.6,3364,51.2,2156.0
i3.0_w4_p0.382_s8.0_t30.0_WITH_cd60_mh600_mw300_ml0.0,3.0,4,0.382,8.0,30.0,False,60,600,300,0.0,10068,145.9,29.9,13.3,64.9,21.9,-6098.0,-88.4,-0.61,8840.0,-114.2,6502,-23.8,3566,27.3,3313.0
i3.0_w5_p0.5_s8.0_t30.0_WITH_cd60_mh600_mw300_ml0.0,3.0,5,0.5,8.0,30.0,False,60,600,300,0.0,9274,134.4,30.3,12.8,64.3,22.9,-6106.0,-88.5,-0.66,7911.0,-61.7,5890,-146.8,3384,26.5,4277.0
i7.0_w5_p0.618_s6.0_t18.0_WITH_cd60_mh600_mw300_ml0.0,7.0,5,0.618,6.0,18.0,False,60,600,300,0.0,7523,109.0,28.6,21.4,69.8,8.8,-6112.0,-88.6,-0.81,6427.0,-47.4,4693,-180.4,2830,26.1,4388.0
i7.0_w3_p0.5_s10.0_t18.0_WITH_cd60_mh600_mw300_ml0.0,7.0,3,0.5,10.0,18.0,False,60,600,300,0.0,8219,119.1,38.7,29.8,56.8,13.4,-6167.0,-89.4,-0.75,6720.0,-59.5,5078,-154.9,3141,37.2,4169.0
i3.0_w5_p0.618_s8.0_t24.0_WITH_cd60_mh600_mw300_ml0.0,3.0,5,0.618,8.0,24.0,False,60,600,300,0.0,8635,125.1,32.2,17.1,62.4,20.5,-6193.0,-89.8,-0.72,6936.0,-61.2,5509,-152.1,3126,28.9,4391.0
i5.0_w3_p0.5_s10.0_t12.0_INV_cd60_mh600_mw300_ml0.0,5.0,3,0.5,10.0,12.0,True,60,600,300,0.0,9531,138.1,46.8,40.7,48.5,10.8,-6199.0,-89.8,-0.65,7245.0,-113.1,6078,-31.4,3453,47.5,1454.0
i7.0_w4_p0.5_s6.0_t18.0_WITH_cd60_mh600_mw300_ml0.0,7.0,4,0.5,6.0,18.0,False,60,600,300,0.0,8675,125.7,28.7,21.9,69.7,8.4,-6218.0,-90.1,-0.72,6752.0,-75.6,5442,-119.7,3233,27.3,3193.0
i5.0_w4_p0.618_s8.0_t24.0_WITH_cd60_mh600_mw300_ml0.0,5.0,4,0.618,8.0,24.0,False,60,600,300,0.0,8166,118.3,31.2,18.1,64.6,17.3,-6255.0,-90.7,-0.77,6748.0,-110.0,5145,-41.2,3021,29.9,2332.0
i3.0_w4_p0.382_s12.0_t18.0_INV_cd60_mh600_mw300_ml0.0,3.0,4,0.382,12.0,18.0,True,60,600,300,0.0,10114,146.6,43.3,30.1,47.7,22.2,-6281.0,-91.0,-0.62,7454.0,-105.3,6524,-53.5,3590,42.5,2751.0
i7.0_w4_p0.618_s6.0_t18.0_WITH_cd60_mh600_mw300_ml0.0,7.0,4,0.618,6.0,18.0,False,60,600,300,0.0,7672,111.2,28.2,21.7,70.1,8.2,-6305.0,-91.4,-0.82,6491.0,-76.7,4798,-121.2,2874,26.8,3206.0
i7.0_w3_p0.618_s12.0_t12.0_INV_cd60_mh600_mw300_ml0.0,7.0,3,0.618,12.0,12.0,True,60,600,300,0.0,7421,107.6,49.9,45.0,44.9,10.1,-6324.0,-91.7,-0.85,7062.0,-76.7,4541,-122.3,2880,50.1,3210.0
i7.0_w5_p0.5_s8.0_t30.0_WITH_cd60_mh600_mw300_ml0.0,7.0,5,0.5,8.0,30.0,False,60,600,300,0.0,7936,115.0,28.9,13.7,67.6,18.8,-6335.0,-91.8,-0.8,7726.0,-63.2,4882,-154.1,3054,26.0,4306.0
i5.0_w4_p0.382_s12.0_t18.0_INV_cd60_mh600_mw300_ml0.0,5.0,4,0.382,12.0,18.0,True,60,600,300,0.0,9494,137.6,42.9,30.8,48.9,20.3,-6385.0,-92.5,-0.67,7115.0,-99.8,6023,-71.3,3471,42.3,2516.0
i7.0_w5_p0.5_s8.0_t24.0_WITH_cd60_mh600_mw300_ml0.0,7.0,5,0.5,8.0,24.0,False,60,600,300,0.0,8112,117.6,30.8,18.6,65.8,15.6,-6402.0,-92.8,-0.79,7567.0,-59.3,5014,-166.6,3098,28.4,4915.0
i5.0_w3_p0.236_s8.0_t30.0_WITH_cd60_mh600_mw300_ml0.0,5.0,3,0.236,8.0,30.0,False,60,600,300,0.0,10151,147.1,28.8,14.1,67.2,18.7,-6423.0,-93.1,-0.63,10437.0,-155.0,6507,55.9,3644,27.3,3726.0
i5.0_w3_p0.236_s10.0_t30.0_WITH_cd60_mh600_mw300_ml0.0,5.0,3,0.236,10.0,30.0,False,60,600,300,0.0,9903,143.5,32.9,16.2,60.8,23.0,-6489.0,-94.1,-0.66,9032.0,-107.7,6275,-57.7,3628,30.5,4026.0
i7.0_w5_p0.5_s10.0_t24.0_WITH_cd60_mh600_mw300_ml0.0,7.0,5,0.5,10.0,24.0,False,60,600,300,0.0,7829,113.5,35.1,20.9,59.3,19.8,-6523.0,-94.5,-0.83,7872.0,-72.2,4803,-142.2,3026,33.2,4976.0
i3.0_w4_p0.618_s12.0_t24.0_WITH_cd60_mh600_mw300_ml0.0,3.0,4,0.618,12.0,24.0,False,60,600,300,0.0,8402,121.8,39.5,21.4,50.4,28.2,-6553.0,-95.0,-0.78,6949.0,-87.3,5305,-108.4,3097,37.4,3481.0
i3.0_w3_p0.382_s6.0_t18.0_WITH_cd60_mh600_mw300_ml0.0,3.0,3,0.382,6.0,18.0,False,60,600,300,0.0,10986,159.2,29.8,20.8,67.4,11.8,-6595.0,-95.6,-0.6,7141.0,-91.0,7246,-101.6,3740,27.8,3958.0
i7.0_w3_p0.236_s6.0_t30.0_WITH_cd60_mh600_mw300_ml0.0,7.0,3,0.236,6.0,30.0,False,60,600,300,0.0,9674,140.2,22.8,12.3,75.4,12.3,-6619.0,-95.9,-0.68,8797.0,-154.3,6159,44.8,3515,21.8,3101.0
i7.0_w4_p0.618_s8.0_t24.0_WITH_cd60_mh600_mw300_ml0.0,7.0,4,0.618,8.0,24.0,False,60,600,300,0.0,7272,105.4,30.0,18.9,66.7,14.4,-6624.0,-96.0,-0.91,7010.0,-76.2,4499,-137.6,2773,28.2,3960.0
i7.0_w3_p0.382_s8.0_t24.0_WITH_cd60_mh600_mw300_ml0.0,7.0,3,0.382,8.0,24.0,False,60,600,300,0.0,8901,129.0,30.3,19.3,66.5,14.2,-6642.0,-96.3,-0.75,7576.0,-75.1,5586,-141.1,3315,28.2,3455.0
i3.0_w3_p0.5_s12.0_t18.0_WITH_cd60_mh600_mw300_ml0.0,3.0,3,0.5,12.0,18.0,False,60,600,300,0.0,9716,140.8,42.9,30.0,47.8,22.2,-6689.0,-96.9,-0.69,6805.0,-81.8,6205,-127.6,3511,41.8,4630.0
i5.0_w5_p0.618_s8.0_t24.0_WITH_cd60_mh600_mw300_ml0.0,5.0,5,0.618,8.0,24.0,False,60,600,300,0.0,7891,114.4,31.3,17.6,64.1,18.3,-6692.0,-97.0,-0.85,7776.0,-83.6,4973,-123.6,2918,29.2,4227.0
i3.0_w4_p0.382_s12.0_t24.0_WITH_cd60_mh600_mw300_ml0.0,3.0,4,0.382,12.0,24.0,False,60,600,300,0.0,9732,141.0,39.2,22.2,51.2,26.6,-6706.0,-97.2,-0.69,7383.0,-86.7,6190,-117.1,3542,37.2,4423.0
i7.0_w5_p0.5_s12.0_t30.0_WITH_cd60_mh600_mw300_ml0.0,7.0,5,0.5,12.0,30.0,False,60,600,300,0.0,7365,106.7,36.4,17.1,55.5,27.4,-6716.0,-97.3,-0.91,8056.0,-65.9,4485,-166.1,2880,33.7,5234.0
i7.0_w4_p0.5_s8.0_t18.0_WITH_cd60_mh600_mw300_ml0.0,7.0,4,0.5,8.0,18.0,False,60,600,300,0.0,8441,122.3,34.3,26.0,62.7,11.3,-6743.0,-97.7,-0.8,7320.0,-67.9,5275,-162.6,3166,32.5,3710.0
i5.0_w5_p0.5_s12.0_t24.0_WITH_cd60_mh600_mw300_ml0.0,5.0,5,0.5,12.0,24.0,False,60,600,300,0.0,8278,120.0,38.9,22.2,52.3,25.5,-6746.0,-97.8,-0.81,8134.0,-58.1,5165,-185.7,3113,36.7,5763.0
i5.0_w3_p0.382_s6.0_t18.0_WITH_cd60_mh600_mw300_ml0.0,5.0,3,0.382,6.0,18.0,False,60,600,300,0.0,10292,149.2,29.3,21.3,68.6,10.0,-6757.0,-97.9,-0.66,7230.0,-82.1,6690,-130.3,3602,27.3,3928.0
i7.0_w5_p0.618_s10.0_t24.0_WITH_cd60_mh600_mw300_ml0.0,7.0,5,0.618,10.0,24.0,False,60,600,300,0.0,6788,98.4,35.0,20.8,59.6,19.6,-6775.0,-98.2,-1.0,7084.0,-82.8,4161,-129.4,2627,33.2,4104.0
i7.0_w3_p0.618_s8.0_t18.0_WITH_cd60_mh600_mw300_ml0.0,7.0,3,0.618,8.0,18.0,False,60,600,300,0.0,7568,109.7,33.6,26.6,63.8,9.6,-6856.0,-99.4,-0.91,7203.0,-66.9,4663,-170.4,2905,32.0,4066.0
i5.0_w3_p0.5_s12.0_t18.0_WITH_cd60_mh600_mw300_ml0.0,5.0,3,0.5,12.0,18.0,False,60,600,300,0.0,8984,130.2,42.6,31.1,49.4,19.5,-6926.0,-100.4,-0.77,7030.0,-68.0,5641,-171.2,3343,41.5,4735.0
i3.0_w4_p0.618_s8.0_t24.0_WITH_cd60_mh600_mw300_ml0.0,3.0,4,0.618,8.0,24.0,False,60,600,300,0.0,8985,130.2,31.7,17.4,63.1,19.5,-6929.0,-100.4,-0.77,7413.0,-73.7,5739,-157.9,3246,28.6,4217.0
i5.0_w5_p0.5_s10.0_t30.0_WITH_cd60_mh600_mw300_ml0.0,5.0,5,0.5,10.0,30.0,False,60,600,300,0.0,8324,120.6,33.5,14.9,59.7,25.4,-6969.0,-101.0,-0.84,9113.0,-64.6,5189,-181.0,3135,30.1,4996.0
i7.0_w4_p0.382_s8.0_t24.0_WITH_cd60_mh600_mw300_ml0.0,7.0,4,0.382,8.0,24.0,False,60,600,300,0.0,8955,129.8,30.5,18.8,66.0,15.2,-7033.0,-101.9,-0.79,8599.0,-103.9,5617,-92.4,3338,28.9,3330.0
i3.0_w5_p0.618_s10.0_t30.0_WITH_cd60_mh600_mw300_ml0.0,3.0,5,0.618,10.0,30.0,False,60,600,300,0.0,8109,117.5,34.5,13.9,57.1,29.1,-7040.0,-102.0,-0.87,8165.0,-92.8,5150,-118.7,2959,31.5,3832.0
i7.0_w4_p0.618_s10.0_t24.0_WITH_cd60_mh600_mw300_ml0.0,7.0,4,0.618,10.0,24.0,False,60,600,300,0.0,6982,101.2,34.2,21.3,60.4,18.3,-7094.0,-102.8,-1.02,7727.0,-79.8,4274,-151.5,2708,32.5,4476.0
i7.0_w5_p0.5_s12.0_t24.0_WITH_cd60_mh600_mw300_ml0.0,7.0,5,0.5,12.0,24.0,False,60,600,300,0.0,7586,109.9,38.6,22.8,53.9,23.3,-7111.0,-103.1,-0.94,8335.0,-64.0,4640,-189.4,2946,36.5,6274.0
i5.0_w4_p0.618_s10.0_t24.0_WITH_cd60_mh600_mw300_ml0.0,5.0,4,0.618,10.0,24.0,False,60,600,300,0.0,7859,113.9,35.3,20.3,58.2,21.5,-7124.0,-103.2,-0.91,7587.0,-108.0,4885,-87.3,2974,33.5,3454.0
i3.0_w4_p0.382_s10.0_t24.0_WITH_cd60_mh600_mw300_ml0.0,3.0,4,0.382,10.0,24.0,False,60,600,300,0.0,9982,144.7,35.8,20.1,56.8,23.1,-7165.0,-103.8,-0.72,8850.0,-101.4,6397,-104.7,3585,33.5,4695.0
i3.0_w3_p0.382_s10.0_t18.0_WITH_cd60_mh600_mw300_ml0.0,3.0,3,0.382,10.0,18.0,False,60,600,300,0.0,10479,151.9,39.7,27.9,54.0,18.1,-7165.0,-103.8,-0.68,7728.0,-54.8,6774,-213.2,3705,37.2,4738.0
i5.0_w5_p0.618_s10.0_t30.0_WITH_cd60_mh600_mw300_ml0.0,5.0,5,0.618,10.0,30.0,False,60,600,300,0.0,7367,106.8,33.8,14.5,59.0,26.5,-7183.0,-104.1,-0.98,8000.0,-94.8,4612,-120.9,2755,31.4,3682.0
i3.0_w3_p0.236_s12.0_t24.0_WITH_cd60_mh600_mw300_ml0.0,3.0,3,0.236,12.0,24.0,False,60,600,300,0.0,10390,150.6,38.7,22.7,51.9,25.4,-7287.0,-105.6,-0.7,9645.0,-45.2,6630,-241.5,3760,35.8,5544.0
i7.0_w3_p0.382_s12.0_t24.0_WITH_cd60_mh600_mw300_ml0.0,7.0,3,0.382,12.0,24.0,False,60,600,300,0.0,8471,122.8,38.1,24.0,55.0,21.0,-7303.0,-105.8,-0.86,8121.0,-41.2,5249,-251.7,3222,35.5,5451.0
i5.0_w5_p0.618_s6.0_t18.0_WITH_cd60_mh600_mw300_ml0.0,5.0,5,0.618,6.0,18.0,False,60,600,300,0.0,8386,121.5,29.1,20.6,68.8,10.6,-7385.0,-107.0,-0.88,7855.0,-78.7,5357,-168.0,3029,26.8,4163.0
i3.0_w5_p0.618_s6.0_t18.0_WITH_cd60_mh600_mw300_ml0.0,3.0,5,0.618,6.0,18.0,False,60,600,300,0.0,9188,133.2,29.7,20.1,67.5,12.4,-7399.0,-107.2,-0.81,7872.0,-81.0,5945,-163.3,3243,26.9,3972.0
i3.0_w4_p0.5_s8.0_t18.0_WITH_cd60_mh600_mw300_ml0.0,3.0,4,0.5,8.0,18.0,False,60,600,300,0.0,9956,144.3,35.4,24.3,59.9,15.8,-7417.0,-107.5,-0.74,8092.0,-79.6,6455,-167.5,3501,33.0,3720.0
i5.0_w4_p0.618_s12.0_t24.0_WITH_cd60_mh600_mw300_ml0.0,5.0,4,0.618,12.0,24.0,False,60,600,300,0.0,7599,110.1,38.5,22.1,52.3,25.5,-7493.0,-108.6,-0.99,8062.0,-116.6,4702,-84.7,2897,37.3,2847.0
i3.0_w5_p0.618_s12.0_t30.0_WITH_cd60_mh600_mw300_ml0.0,3.0,5,0.618,12.0,30.0,False,60,600,300,0.0,7831,113.5,37.6,15.0,51.0,34.0,-7513.0,-108.9,-0.96,8427.0,-88.2,4930,-152.0,2901,34.8,3804.0
i5.0_w3_p0.382_s12.0_t12.0_INV_cd60_mh600_mw300_ml0.0,5.0,3,0.382,12.0,12.0,True,60,600,300,0.0,10053,145.7,50.2,43.6,43.1,13.3,-7521.0,-109.0,-0.75,8031.0,-129.4,6482,-56.1,3571,51.3,2328.0
i5.0_w5_p0.5_s10.0_t24.0_WITH_cd60_mh600_mw300_ml0.0,5.0,5,0.5,10.0,24.0,False,60,600,300,0.0,8549,123.9,35.3,20.2,58.1,21.7,-7542.0,-109.3,-0.88,9266.0,-71.5,5347,-192.4,3202,32.7,5993.0
i3.0_w4_p0.382_s8.0_t24.0_WITH_cd60_mh600_mw300_ml0.0,3.0,4,0.382,8.0,24.0,False,60,600,300,0.0,10297,149.2,31.5,17.7,63.5,18.8,-7584.0,-109.9,-0.74,9733.0,-120.4,6666,-80.3,3631,29.2,3892.0
i5.0_w4_p0.618_s6.0_t18.0_WITH_cd60_mh600_mw300_ml0.0,5.0,4,0.618,6.0,18.0,False,60,600,300,0.0,8677,125.8,28.9,20.8,69.0,10.3,-7626.0,-110.5,-0.88,7754.0,-113.0,5532,-99.4,3145,27.7,3319.0
i7.0_w5_p0.5_s10.0_t30.0_WITH_cd60_mh600_mw300_ml0.0,7.0,5,0.5,10.0,30.0,False,60,600,300,0.0,7629,110.6,32.9,15.3,61.3,23.3,-7654.0,-110.9,-1.0,9316.0,-92.3,4659,-149.1,2970,30.4,4425.0
i3.0_w4_p0.5_s6.0_t18.0_WITH_cd60_mh600_mw300_ml0.0,3.0,4,0.5,6.0,18.0,False,60,600,300,0.0,10276,148.9,29.9,20.4,67.5,12.1,-7683.0,-111.4,-0.75,8238.0,-101.0,6708,-130.1,3568,27.5,3729.0
i3.0_w3_p0.382_s12.0_t12.0_INV_cd60_mh600_mw300_ml0.0,3.0,3,0.382,12.0,12.0,True,60,600,300,0.0,10775,156.2,50.2,42.7,42.2,15.1,-7693.0,-111.5,-0.71,8877.0,-147.7,7047,-21.7,3728,51.7,1823.0
i5.0_w3_p0.236_s6.0_t30.0_WITH_cd60_mh600_mw300_ml0.0,5.0,3,0.236,6.0,30.0,False,60,600,300,0.0,10500,152.2,23.7,11.6,74.3,14.2,-7724.0,-111.9,-0.74,10685.0,-180.3,6808,52.9,3692,22.2,3896.0
i5.0_w4_p0.5_s6.0_t18.0_WITH_cd60_mh600_mw300_ml0.0,5.0,4,0.5,6.0,18.0,False,60,600,300,0.0,9577,138.8,29.0,21.1,68.7,10.2,-7738.0,-112.1,-0.81,8058.0,-103.7,6157,-126.5,3420,27.4,3350.0
i7.0_w4_p0.5_s12.0_t18.0_WITH_cd60_mh600_mw300_ml0.0,7.0,4,0.5,12.0,18.0,False,60,600,300,0.0,7996,115.9,42.4,31.6,50.9,17.5,-7811.0,-113.2,-0.98,8355.0,-83.5,4931,-177.0,3065,41.3,4315.0
i3.0_w5_p0.5_s12.0_t30.0_WITH_cd60_mh600_mw300_ml0.0,3.0,5,0.5,12.0,30.0,False,60,600,300,0.0,8645,125.3,37.3,15.6,52.2,32.2,-7860.0,-113.9,-0.91,8687.0,-103.5,5462,-132.8,3183,35.0,3390.0
i3.0_w3_p0.382_s8.0_t18.0_WITH_cd60_mh600_mw300_ml0.0,3.0,3,0.382,8.0,18.0,False,60,600,300,0.0,10747,155.8,34.9,24.7,60.5,14.8,-7955.0,-115.3,-0.74,8430.0,-90.3,7036,-168.1,3711,32.7,4877.0
i3.0_w4_p0.382_s12.0_t12.0_INV_cd60_mh600_mw300_ml0.0,3.0,4,0.382,12.0,12.0,True,60,600,300,0.0,10578,153.3,50.2,42.4,42.0,15.6,-7989.0,-115.8,-0.76,8960.0,-119.5,6898,-101.7,3680,50.5,3268.0
i7.0_w4_p0.5_s12.0_t12.0_INV_cd60_mh600_mw300_ml0.0,7.0,4,0.5,12.0,12.0,True,60,600,300,0.0,8315,120.5,49.6,44.1,44.3,11.6,-8000.0,-115.9,-0.96,8566.0,-113.7,5173,-115.6,3142,50.2,3248.0
i3.0_w5_p0.5_s10.0_t30.0_WITH_cd60_mh600_mw300_ml0.0,3.0,5,0.5,10.0,30.0,False,60,600,300,0.0,8927,129.4,33.8,14.3,58.3,27.4,-8024.0,-116.3,-0.9,9651.0,-86.3,5634,-180.8,3293,30.4,4659.0
i7.0_w3_p0.5_s12.0_t18.0_WITH_cd60_mh600_mw300_ml0.0,7.0,3,0.5,12.0,18.0,False,60,600,300,0.0,8023,116.3,42.1,32.0,51.6,16.4,-8046.0,-116.6,-1.0,8250.0,-89.1,4914,-175.1,3109,41.2,4634.0
i5.0_w4_p0.382_s12.0_t12.0_INV_cd60_mh600_mw300_ml0.0,5.0,4,0.382,12.0,12.0,True,60,600,300,0.0,9924,143.8,50.0,43.2,43.0,13.7,-8095.0,-117.3,-0.82,8669.0,-112.6,6377,-122.7,3547,50.2,3401.0
i7.0_w4_p0.5_s10.0_t18.0_WITH_cd60_mh600_mw300_ml0.0,7.0,4,0.5,10.0,18.0,False,60,600,300,0.0,8196,118.8,38.6,28.8,56.7,14.5,-8183.0,-118.6,-1.0,8815.0,-88.1,5093,-184.0,3103,37.1,4045.0
i7.0_w5_p0.382_s6.0_t30.0_WITH_cd60_mh600_mw300_ml0.0,7.0,5,0.382,6.0,30.0,False,60,600,300,0.0,9178,133.0,23.3,11.5,74.5,14.0,-8203.0,-118.9,-0.89,9499.0,-154.2,5828,-30.7,3350,21.5,2942.0
i3.0_w5_p0.5_s10.0_t24.0_WITH_cd60_mh600_mw300_ml0.0,3.0,5,0.5,10.0,24.0,False,60,600,300,0.0,9177,133.0,35.5,19.6,56.9,23.5,-8256.0,-119.7,-0.9,9496.0,-90.6,5824,-181.7,3353,32.9,5640.0
i3.0_w5_p0.5_s12.0_t24.0_WITH_cd60_mh600_mw300_ml0.0,3.0,5,0.5,12.0,24.0,False,60,600,300,0.0,8897,128.9,39.0,21.4,51.0,27.6,-8323.0,-120.6,-0.94,8993.0,-98.5,5639,-166.5,3258,37.1,5035.0
i5.0_w5_p0.618_s12.0_t30.0_WITH_cd60_mh600_mw300_ml0.0,5.0,5,0.618,12.0,30.0,False,60,600,300,0.0,7111,103.1,36.8,15.7,53.8,30.5,-8401.0,-121.8,-1.18,9300.0,-98.2,4431,-171.0,2680,34.3,4489.0
i7.0_w5_p0.618_s8.0_t18.0_WITH_cd60_mh600_mw300_ml0.0,7.0,5,0.618,8.0,18.0,False,60,600,300,0.0,7259,105.2,33.8,24.8,63.1,12.1,-8429.0,-122.2,-1.16,8823.0,-79.9,4507,-214.8,2752,31.6,4931.0
i3.0_w3_p0.618_s12.0_t24.0_WITH_cd60_mh600_mw300_ml0.0,3.0,3,0.618,12.0,24.0,False,60,600,300,0.0,8803,127.6,38.7,21.8,51.6,26.6,-8455.0,-122.5,-0.96,8986.0,-101.6,5533,-165.4,3270,36.7,4651.0
i7.0_w3_p0.236_s12.0_t24.0_WITH_cd60_mh600_mw300_ml0.0,7.0,3,0.236,12.0,24.0,False,60,600,300,0.0,9177,133.0,37.6,24.3,55.1,20.6,-8477.0,-122.9,-0.92,8622.0,-108.6,5713,-150.3,3464,36.1,4104.0
i3.0_w4_p0.618_s6.0_t18.0_WITH_cd60_mh600_mw300_ml0.0,3.0,4,0.618,6.0,18.0,False,60,600,300,0.0,9535,138.2,29.5,20.1,67.8,12.1,-8483.0,-122.9,-0.89,8589.0,-103.0,6200,-163.5,3335,26.9,4149.0
i5.0_w4_p0.5_s12.0_t12.0_INV_cd60_mh600_mw300_ml0.0,5.0,4,0.5,12.0,12.0,True,60,600,300,0.0,9171,132.9,49.9,42.8,43.1,14.1,-8508.0,-123.3,-0.93,9317.0,-124.5,5805,-114.6,3366,50.3,3124.0
i7.0_w5_p0.5_s6.0_t18.0_WITH_cd60_mh600_mw300_ml0.0,7.0,5,0.5,6.0,18.0,False,60,600,300,0.0,8596,124.6,28.3,21.2,70.0,8.8,-8512.0,-123.4,-0.99,8930.0,-102.8,5406,-165.4,3190,26.7,4883.0
i3.0_w4_p0.5_s12.0_t18.0_WITH_cd60_mh600_mw300_ml0.0,3.0,4,0.5,12.0,18.0,False,60,600,300,0.0,9453,137.0,42.8,29.4,47.9,22.7,-8603.0,-124.7,-0.91,8940.0,-69.8,6036,-246.7,3417,40.8,5661.0
i7.0_w3_p0.5_s12.0_t12.0_INV_cd60_mh600_mw300_ml0.0,7.0,3,0.5,12.0,12.0,True,60,600,300,0.0,8339,120.9,49.6,44.4,45.1,10.6,-8638.0,-125.2,-1.04,8990.0,-120.1,5148,-131.2,3191,50.1,3211.0
i5.0_w4_p0.382_s6.0_t18.0_WITH_cd60_mh600_mw300_ml0.0,5.0,4,0.382,6.0,18.0,False,60,600,300,0.0,10213,148.0,28.8,20.9,68.9,10.2,-8701.0,-126.1,-0.85,9963.0,-139.1,6642,-89.9,3571,27.8,3812.0
i3.0_w4_p0.5_s10.0_t18.0_WITH_cd60_mh600_mw300_ml0.0,3.0,4,0.5,10.0,18.0,False,60,600,300,0.0,9709,140.7,39.3,27.1,53.8,19.1,-8706.0,-126.2,-0.9,9074.0,-91.3,6251,-201.5,3458,37.2,4584.0
i7.0_w4_p0.618_s12.0_t24.0_WITH_cd60_mh600_mw300_ml0.0,7.0,4,0.618,12.0,24.0,False,60,600,300,0.0,6761,98.0,37.3,23.1,54.9,22.0,-8757.0,-126.9,-1.3,9253.0,-98.8,4126,-186.5,2635,35.9,4398.0
i5.0_w4_p0.5_s12.0_t18.0_WITH_cd60_mh600_mw300_ml0.0,5.0,4,0.5,12.0,18.0,False,60,600,300,0.0,8804,127.6,42.2,30.5,49.3,20.3,-8848.0,-128.2,-1.01,9399.0,-97.2,5533,-194.5,3271,41.1,4653.0
i3.0_w3_p0.618_s6.0_t18.0_WITH_cd60_mh600_mw300_ml0.0,3.0,3,0.618,6.0,18.0,False,60,600,300,0.0,9872,143.1,29.2,20.4,68.4,11.2,-8925.0,-129.3,-0.9,9178.0,-99.0,6396,-193.9,3476,26.4,4571.0
i5.0_w3_p0.618_s8.0_t18.0_WITH_cd60_mh600_mw300_ml0.0,5.0,3,0.618,8.0,18.0,False,60,600,300,0.0,8640,125.2,33.8,25.3,62.5,12.2,-8953.0,-129.7,-1.04,9311.0,-107.3,5441,-175.9,3199,32.4,4647.0
i3.0_w4_p0.382_s6.0_t18.0_WITH_cd60_mh600_mw300_ml0.0,3.0,4,0.382,6.0,18.0,False,60,600,300,0.0,10838,157.1,29.3,20.3,67.8,11.9,-8988.0,-130.3,-0.83,10691.0,-143.8,7140,-92.4,3698,28.0,3002.0
i3.0_w3_p0.236_s6.0_t30.0_WITH_cd60_mh600_mw300_ml0.0,3.0,3,0.236,6.0,30.0,False,60,600,300,0.0,10985,159.2,24.0,11.1,73.2,15.7,-9034.0,-130.9,-0.82,11710.0,-164.8,7225,-45.8,3760,21.4,5973.0
i3.0_w3_p0.5_s12.0_t12.0_INV_cd60_mh600_mw300_ml0.0,3.0,3,0.5,12.0,12.0,True,60,600,300,0.0,10158,147.2,50.1,42.1,42.3,15.6,-9050.0,-131.2,-0.89,9666.0,-148.4,6580,-84.8,3578,51.1,2289.0
i3.0_w4_p0.5_s12.0_t12.0_INV_cd60_mh600_mw300_ml0.0,3.0,4,0.5,12.0,12.0,True,60,600,300,0.0,9896,143.4,49.8,41.9,42.0,16.1,-9096.0,-131.8,-0.92,9990.0,-144.7,6390,-95.4,3506,50.6,2677.0
i5.0_w4_p0.5_s8.0_t18.0_WITH_cd60_mh600_mw300_ml0.0,5.0,4,0.5,8.0,18.0,False,60,600,300,0.0,9296,134.7,34.3,24.8,61.7,13.6,-9156.0,-132.7,-0.98,9761.0,-106.0,5923,-188.8,3373,32.6,4100.0
i3.0_w3_p0.236_s10.0_t30.0_WITH_cd60_mh600_mw300_ml0.0,3.0,3,0.236,10.0,30.0,False,60,600,300,0.0,10388,150.6,33.0,15.5,60.0,24.5,-9180.0,-133.0,-0.88,12134.0,-116.9,6656,-164.4,3732,29.8,5672.0
i7.0_w4_p0.618_s8.0_t18.0_WITH_cd60_mh600_mw300_ml0.0,7.0,4,0.618,8.0,18.0,False,60,600,300,0.0,7450,108.0,33.2,25.2,63.8,10.9,-9218.0,-133.6,-1.24,9482.0,-113.1,4634,-175.0,2816,31.9,3991.0
i3.0_w3_p0.236_s8.0_t24.0_WITH_cd60_mh600_mw300_ml0.0,3.0,3,0.236,8.0,24.0,False,60,600,300,0.0,10867,157.5,31.0,17.9,64.3,17.8,-9227.0,-133.7,-0.85,10458.0,-141.2,7060,-110.0,3807,28.8,4731.0
i5.0_w5_p0.618_s10.0_t24.0_WITH_cd60_mh600_mw300_ml0.0,5.0,5,0.618,10.0,24.0,False,60,600,300,0.0,7580,109.9,35.2,19.5,57.9,22.6,-9256.0,-134.1,-1.22,9835.0,-123.3,4743,-153.2,2837,33.3,4458.0
i7.0_w3_p0.618_s10.0_t18.0_WITH_cd60_mh600_mw300_ml0.0,7.0,3,0.618,10.0,18.0,False,60,600,300,0.0,7330,106.2,37.6,29.3,58.1,12.6,-9304.0,-134.8,-1.27,9581.0,-96.2,4492,-218.7,2838,36.2,4958.0
i5.0_w5_p0.382_s8.0_t24.0_WITH_cd60_mh600_mw300_ml0.0,5.0,5,0.382,8.0,24.0,False,60,600,300,0.0,9637,139.7,30.9,17.7,64.6,17.7,-9360.0,-135.7,-0.97,11006.0,-144.1,6136,-109.5,3501,28.8,3620.0
i5.0_w5_p0.382_s6.0_t30.0_WITH_cd60_mh600_mw300_ml0.0,5.0,5,0.382,6.0,30.0,False,60,600,300,0.0,9809,142.2,23.9,10.8,73.5,15.7,-9361.0,-135.7,-0.95,10927.0,-153.4,6292,-88.0,3517,21.3,4238.0
i7.0_w5_p0.382_s6.0_t24.0_WITH_cd60_mh600_mw300_ml0.0,7.0,5,0.382,6.0,24.0,False,60,600,300,0.0,9314,135.0,24.9,15.2,72.9,11.9,-9384.0,-136.0,-1.01,10511.0,-159.5,5917,-74.7,3397,23.4,3539.0
i5.0_w5_p0.382_s6.0_t24.0_WITH_cd60_mh600_mw300_ml0.0,5.0,5,0.382,6.0,24.0,False,60,600,300,0.0,9961,144.4,25.5,14.8,71.9,13.3,-9466.0,-137.2,-0.95,10977.0,-146.8,6400,-108.3,3561,23.3,4201.0
i7.0_w5_p0.618_s12.0_t24.0_WITH_cd60_mh600_mw300_ml0.0,7.0,5,0.618,12.0,24.0,False,60,600,300,0.0,6571,95.2,37.9,22.2,54.6,23.2,-9474.0,-137.3,-1.44,10156.0,-116.7,4010,-178.8,2561,36.3,4555.0
i5.0_w5_p0.5_s6.0_t18.0_WITH_cd60_mh600_mw300_ml0.0,5.0,5,0.5,6.0,18.0,False,60,600,300,0.0,9391,136.1,28.7,20.5,69.1,10.5,-9620.0,-139.4,-1.02,10112.0,-116.9,6023,-185.4,3368,26.6,5071.0
i7.0_w4_p0.382_s6.0_t18.0_WITH_cd60_mh600_mw300_ml0.0,7.0,4,0.382,6.0,18.0,False,60,600,300,0.0,9448,136.9,28.0,21.2,70.3,8.5,-9742.0,-141.2,-1.03,10504.0,-148.7,6038,-116.8,3410,27.2,3637.0
i7.0_w5_p0.618_s10.0_t18.0_WITH_cd60_mh600_mw300_ml0.0,7.0,5,0.618,10.0,18.0,False,60,600,300,0.0,7006,101.5,38.1,27.6,56.9,15.4,-9777.0,-141.7,-1.4,10081.0,-106.0,4313,-218.2,2693,36.3,4850.0
i7.0_w4_p0.618_s10.0_t18.0_WITH_cd60_mh600_mw300_ml0.0,7.0,4,0.618,10.0,18.0,False,60,600,300,0.0,7194,104.3,37.7,28.4,57.5,14.1,-9901.0,-143.5,-1.38,10233.0,-116.1,4435,-200.5,2759,36.4,4746.0
i5.0_w4_p0.382_s10.0_t18.0_WITH_cd60_mh600_mw300_ml0.0,5.0,4,0.382,10.0,18.0,False,60,600,300,0.0,9734,141.1,38.6,28.0,55.4,16.6,-9909.0,-143.6,-1.02,11219.0,-102.5,6222,-232.7,3512,36.8,5968.0
i5.0_w3_p0.236_s12.0_t24.0_WITH_cd60_mh600_mw300_ml0.0,5.0,3,0.236,12.0,24.0,False,60,600,300,0.0,9922,143.8,37.9,23.2,53.6,23.2,-9949.0,-144.2,-1.0,11042.0,-104.8,6274,-229.2,3648,35.6,5828.0
i5.0_w4_p0.5_s10.0_t18.0_WITH_cd60_mh600_mw300_ml0.0,5.0,4,0.5,10.0,18.0,False,60,600,300,0.0,9035,130.9,38.6,27.7,55.4,16.9,-9972.0,-144.5,-1.1,10179.0,-108.3,5720,-222.2,3315,36.7,4864.0
i7.0_w4_p0.618_s6.0_t12.0_WITH_cd60_mh600_mw300_ml0.0,7.0,4,0.618,6.0,12.0,False,60,600,300,0.0,7862,113.9,33.8,30.4,64.8,4.7,-10007.0,-145.0,-1.27,10091.0,-119.1,4969,-198.7,2893,32.8,4292.0
i3.0_w3_p0.236_s10.0_t24.0_WITH_cd60_mh600_mw300_ml0.0,3.0,3,0.236,10.0,24.0,False,60,600,300,0.0,10619,153.9,35.1,20.3,58.2,21.5,-10119.0,-146.7,-0.95,11857.0,-101.2,6823,-245.7,3796,32.1,5992.0
i7.0_w5_p0.382_s8.0_t24.0_WITH_cd60_mh600_mw300_ml0.0,7.0,5,0.382,8.0,24.0,False,60,600,300,0.0,9029,130.9,30.0,18.2,66.0,15.8,-10125.0,-146.7,-1.12,11408.0,-160.2,5682,-108.5,3347,28.5,3463.0
i3.0_w5_p0.618_s8.0_t18.0_WITH_cd60_mh600_mw300_ml0.0,3.0,5,0.618,8.0,18.0,False,60,600,300,0.0,8871,128.6,34.6,23.2,60.3,16.5,-10136.0,-146.9,-1.14,10494.0,-113.0,5694,-219.0,3177,32.0,4898.0
i7.0_w5_p0.382_s8.0_t30.0_WITH_cd60_mh600_mw300_ml0.0,7.0,5,0.382,8.0,30.0,False,60,600,300,0.0,8840,128.1,28.1,13.6,67.8,18.6,-10148.0,-147.1,-1.15,11170.0,-169.5,5565,-87.7,3275,26.2,3684.0
i3.0_w5_p0.618_s10.0_t24.0_WITH_cd60_mh600_mw300_ml0.0,3.0,5,0.618,10.0,24.0,False,60,600,300,0.0,8333,120.8,35.7,18.6,56.3,25.1,-10214.0,-148.0,-1.23,11089.0,-132.6,5286,-176.9,3047,33.1,4491.0
i5.0_w3_p0.382_s8.0_t18.0_WITH_cd60_mh600_mw300_ml0.0,5.0,3,0.382,8.0,18.0,False,60,600,300,0.0,10080,146.1,34.1,24.8,62.3,12.9,-10390.0,-150.6,-1.03,10408.0,-108.5,6497,-241.6,3583,31.7,5192.0
i7.0_w5_p0.382_s12.0_t30.0_WITH_cd60_mh600_mw300_ml0.0,7.0,5,0.382,12.0,30.0,False,60,600,300,0.0,8281,120.0,35.5,17.0,55.5,27.5,-10415.0,-150.9,-1.26,11368.0,-146.2,5134,-154.8,3147,33.6,3708.0
i7.0_w3_p0.382_s6.0_t18.0_WITH_cd60_mh600_mw300_ml0.0,7.0,3,0.382,6.0,18.0,False,60,600,300,0.0,9378,135.9,27.6,21.4,70.8,7.8,-10443.0,-151.4,-1.11,10854.0,-135.3,5963,-181.7,3415,26.3,3969.0
i7.0_w3_p0.236_s10.0_t24.0_WITH_cd60_mh600_mw300_ml0.0,7.0,3,0.236,10.0,24.0,False,60,600,300,0.0,9406,136.3,33.9,21.9,61.2,16.9,-10444.0,-151.4,-1.11,10573.0,-143.3,5904,-163.0,3502,32.3,4548.0
i3.0_w5_p0.382_s6.0_t24.0_WITH_cd60_mh600_mw300_ml0.0,3.0,5,0.382,6.0,24.0,False,60,600,300,0.0,10465,151.7,26.0,14.3,71.0,14.6,-10516.0,-152.4,-1.0,12291.0,-162.6,6823,-121.3,3642,23.4,4325.0
i3.0_w5_p0.618_s12.0_t24.0_WITH_cd60_mh600_mw300_ml0.0,3.0,5,0.618,12.0,24.0,False,60,600,300,0.0,8069,116.9,38.9,20.1,50.4,29.5,-10599.0,-153.6,-1.31,11444.0,-114.0,5080,-238.8,2989,36.5,5347.0
i5.0_w5_p0.618_s8.0_t18.0_WITH_cd60_mh600_mw300_ml0.0,5.0,5,0.618,8.0,18.0,False,60,600,300,0.0,8111,117.6,33.9,23.6,61.8,14.6,-10638.0,-154.2,-1.31,11075.0,-123.7,5142,-217.9,2969,32.0,5247.0
i7.0_w3_p0.618_s12.0_t18.0_WITH_cd60_mh600_mw300_ml0.0,7.0,3,0.618,12.0,18.0,False,60,600,300,0.0,7127,103.3,41.2,31.6,52.7,15.6,-10685.0,-154.9,-1.5,10902.0,-112.6,4348,-246.1,2779,39.9,5337.0
i5.0_w5_p0.618_s12.0_t24.0_WITH_cd60_mh600_mw300_ml0.0,5.0,5,0.618,12.0,24.0,False,60,600,300,0.0,7326,106.2,38.3,21.0,52.7,26.3,-10739.0,-155.6,-1.47,11513.0,-124.1,4568,-221.8,2758,36.3,5252.0
i5.0_w4_p0.382_s12.0_t18.0_WITH_cd60_mh600_mw300_ml0.0,5.0,4,0.382,12.0,18.0,False,60,600,300,0.0,9507,137.8,42.1,30.5,50.0,19.5,-10824.0,-156.9,-1.14,11498.0,-105.5,6022,-269.2,3485,40.4,6774.0
i5.0_w3_p0.5_s12.0_t12.0_INV_cd60_mh600_mw300_ml0.0,5.0,3,0.5,12.0,12.0,True,60,600,300,0.0,9373,135.8,49.5,42.8,44.0,13.3,-10826.0,-156.9,-1.16,11310.0,-153.8,5945,-156.6,3428,49.8,3675.0
i5.0_w4_p0.618_s8.0_t18.0_WITH_cd60_mh600_mw300_ml0.0,5.0,4,0.618,8.0,18.0,False,60,600,300,0.0,8393,121.6,33.8,24.0,62.3,13.7,-10981.0,-159.1,-1.31,11265.0,-160.9,5319,-147.6,3074,32.8,3659.0
i7.0_w5_p0.382_s12.0_t24.0_WITH_cd60_mh600_mw300_ml0.0,7.0,5,0.382,12.0,24.0,False,60,600,300,0.0,8511,123.3,37.6,22.5,53.9,23.5,-10983.0,-159.2,-1.29,12361.0,-138.3,5291,-200.3,3220,36.1,4423.0
i7.0_w5_p0.382_s6.0_t18.0_WITH_cd60_mh600_mw300_ml0.0,7.0,5,0.382,6.0,18.0,False,60,600,300,0.0,9539,138.2,27.9,20.7,70.1,9.2,-11000.0,-159.4,-1.15,11242.0,-170.5,6081,-126.1,3458,27.0,4426.0
i3.0_w5_p0.382_s8.0_t24.0_WITH_cd60_mh600_mw300_ml0.0,3.0,5,0.382,8.0,24.0,False,60,600,300,0.0,10159,147.2,31.1,17.2,64.0,18.8,-11034.0,-159.9,-1.09,12832.0,-164.0,6551,-142.8,3608,28.9,4098.0
i7.0_w5_p0.618_s6.0_t12.0_WITH_cd60_mh600_mw300_ml0.0,7.0,5,0.618,6.0,12.0,False,60,600,300,0.0,7708,111.7,33.6,29.7,65.2,5.1,-11046.0,-160.1,-1.43,11119.0,-106.1,4839,-278.4,2869,31.2,5976.0
i5.0_w3_p0.618_s10.0_t18.0_WITH_cd60_mh600_mw300_ml0.0,5.0,3,0.618,10.0,18.0,False,60,600,300,0.0,8390,121.6,38.0,27.8,56.6,15.6,-11053.0,-160.2,-1.32,11311.0,-137.9,5244,-204.6,3146,37.0,5021.0
i5.0_w5_p0.382_s8.0_t30.0_WITH_cd60_mh600_mw300_ml0.0,5.0,5,0.382,8.0,30.0,False,60,600,300,0.0,9463,137.1,28.8,12.8,66.5,20.7,-11065.0,-160.4,-1.17,12490.0,-182.0,6027,-102.2,3436,26.5,4007.0
i5.0_w5_p0.5_s8.0_t18.0_WITH_cd60_mh600_mw300_ml0.0,5.0,5,0.5,8.0,18.0,False,60,600,300,0.0,9088,131.7,34.1,24.2,62.0,13.8,-11085.0,-160.7,-1.22,11550.0,-113.2,5772,-263.7,3316,31.4,6033.0
i3.0_w5_p0.382_s6.0_t30.0_WITH_cd60_mh600_mw300_ml0.0,3.0,5,0.382,6.0,30.0,False,60,600,300,0.0,10320,149.6,24.5,10.4,72.6,17.1,-11142.0,-161.5,-1.08,12846.0,-176.9,6717,-117.8,3603,21.3,4938.0
i7.0_w5_p0.382_s10.0_t30.0_WITH_cd60_mh600_mw300_ml0.0,7.0,5,0.382,10.0,30.0,False,60,600,300,0.0,8561,124.1,32.1,15.4,61.6,23.0,-11186.0,-162.1,-1.31,12258.0,-144.6,5333,-195.2,3228,29.6,5035.0
i3.0_w3_p0.618_s8.0_t18.0_WITH_cd60_mh600_mw300_ml0.0,3.0,3,0.618,8.0,18.0,False,60,600,300,0.0,9567,138.7,34.3,23.8,61.3,14.9,-11225.0,-162.7,-1.17,11597.0,-114.8,6163,-266.6,3404,31.5,5924.0
i7.0_w3_p0.236_s8.0_t24.0_WITH_cd60_mh600_mw300_ml0.0,7.0,3,0.236,8.0,24.0,False,60,600,300,0.0,9636,139.7,29.4,19.1,67.5,13.5,-11241.0,-162.9,-1.17,11415.0,-192.0,6119,-87.3,3517,28.5,3576.0
i7.0_w5_p0.5_s8.0_t18.0_WITH_cd60_mh600_mw300_ml0.0,7.0,5,0.5,8.0,18.0,False,60,600,300,0.0,8341,120.9,33.4,24.7,63.5,11.8,-11321.0,-164.1,-1.36,11457.0,-114.3,5197,-272.5,3144,31.1,6143.0
i7.0_w3_p0.236_s6.0_t24.0_WITH_cd60_mh600_mw300_ml0.0,7.0,3,0.236,6.0,24.0,False,60,600,300,0.0,9873,143.1,24.1,15.6,74.3,10.1,-11336.0,-164.3,-1.15,11741.0,-196.4,6303,-81.6,3570,23.3,3654.0
i5.0_w4_p0.382_s8.0_t18.0_WITH_cd60_mh600_mw300_ml0.0,5.0,4,0.382,8.0,18.0,False,60,600,300,0.0,9982,144.7,33.7,24.7,62.2,13.1,-11391.0,-165.1,-1.14,12643.0,-141.4,6436,-212.6,3546,32.1,5510.0
i5.0_w3_p0.236_s6.0_t24.0_WITH_cd60_mh600_mw300_ml0.0,5.0,3,0.236,6.0,24.0,False,60,600,300,0.0,10690,154.9,25.1,15.0,72.9,12.1,-11434.0,-165.7,-1.07,12235.0,-210.6,6949,-53.0,3741,24.0,3902.0
i3.0_w5_p0.5_s6.0_t18.0_WITH_cd60_mh600_mw300_ml0.0,3.0,5,0.5,6.0,18.0,False,60,600,300,0.0,10012,145.1,28.9,19.7,68.5,11.8,-11440.0,-165.8,-1.14,11811.0,-156.7,6518,-179.0,3494,27.0,4956.0
i5.0_w3_p0.236_s10.0_t24.0_WITH_cd60_mh600_mw300_ml0.0,5.0,3,0.236,10.0,24.0,False,60,600,300,0.0,10172,147.4,34.4,21.0,59.7,19.4,-11449.0,-165.9,-1.13,12142.0,-141.5,6474,-214.9,3698,32.1,5586.0
i3.0_w4_p0.382_s10.0_t18.0_WITH_cd60_mh600_mw300_ml0.0,3.0,4,0.382,10.0,18.0,False,60,600,300,0.0,10314,149.5,38.8,27.0,54.5,18.5,-11518.0,-166.9,-1.12,12639.0,-134.7,6682,-234.3,3632,36.9,5475.0
i5.0_w3_p0.382_s10.0_t18.0_WITH_cd60_mh600_mw300_ml0.0,5.0,3,0.382,10.0,18.0,False,60,600,300,0.0,9823,142.4,38.3,28.0,56.0,16.0,-11596.0,-168.1,-1.18,11719.0,-115.6,6282,-282.4,3541,36.3,6022.0
i3.0_w4_p0.618_s8.0_t18.0_WITH_cd60_mh600_mw300_ml0.0,3.0,4,0.618,8.0,18.0,False,60,600,300,0.0,9223,133.7,34.3,23.4,60.9,15.6,-11601.0,-168.1,-1.26,11886.0,-130.1,5942,-248.8,3281,31.6,5504.0
i3.0_w5_p0.382_s8.0_t30.0_WITH_cd60_mh600_mw300_ml0.0,3.0,5,0.382,8.0,30.0,False,60,600,300,0.0,9952,144.2,29.5,12.4,65.5,22.1,-11623.0,-168.4,-1.17,13482.0,-172.5,6423,-150.9,3529,26.6,4987.0
i7.0_w4_p0.618_s12.0_t18.0_WITH_cd60_mh600_mw300_ml0.0,7.0,4,0.618,12.0,18.0,False,60,600,300,0.0,6996,101.4,40.8,30.7,52.1,17.2,-11713.0,-169.8,-1.67,11897.0,-142.0,4295,-226.4,2701,39.9,4945.0
i7.0_w3_p0.618_s6.0_t12.0_WITH_cd60_mh600_mw300_ml0.0,7.0,3,0.618,6.0,12.0,False,60,600,300,0.0,7982,115.7,33.1,30.4,65.8,3.8,-11724.0,-169.9,-1.47,12014.0,-132.6,4989,-248.8,2993,31.8,5488.0
i7.0_w4_p0.382_s8.0_t18.0_WITH_cd60_mh600_mw300_ml0.0,7.0,4,0.382,8.0,18.0,False,60,600,300,0.0,9209,133.5,33.3,25.1,63.5,11.4,-11731.0,-170.0,-1.27,12763.0,-148.0,5832,-213.3,3377,32.0,4934.0
i7.0_w3_p0.382_s8.0_t18.0_WITH_cd60_mh600_mw300_ml0.0,7.0,3,0.382,8.0,18.0,False,60,600,300,0.0,9164,132.8,33.1,25.4,64.0,10.6,-11766.0,-170.5,-1.28,11834.0,-137.5,5791,-239.4,3373,31.5,5051.0
i5.0_w4_p0.618_s10.0_t18.0_WITH_cd60_mh600_mw300_ml0.0,5.0,4,0.618,10.0,18.0,False,60,600,300,0.0,8116,117.6,38.1,26.9,55.9,17.2,-11792.0,-170.9,-1.45,12014.0,-154.1,5083,-202.0,3033,36.9,5015.0
i7.0_w4_p0.382_s10.0_t18.0_WITH_cd60_mh600_mw300_ml0.0,7.0,4,0.382,10.0,18.0,False,60,600,300,0.0,8987,130.2,38.0,28.4,57.2,14.5,-11832.0,-171.5,-1.32,12821.0,-136.9,5650,-243.9,3337,36.7,5644.0
i7.0_w5_p0.382_s10.0_t24.0_WITH_cd60_mh600_mw300_ml0.0,7.0,5,0.382,10.0,24.0,False,60,600,300,0.0,8766,127.0,34.1,20.5,59.9,19.6,-11850.0,-171.7,-1.35,13148.0,-149.7,5466,-215.1,3300,32.2,5429.0
i5.0_w3_p0.5_s6.0_t12.0_WITH_cd60_mh600_mw300_ml0.0,5.0,3,0.5,6.0,12.0,False,60,600,300,0.0,9937,144.0,34.2,30.1,64.0,6.0,-11910.0,-172.6,-1.2,11920.0,-173.8,6467,-161.5,3470,33.9,3563.0
i3.0_w4_p0.382_s8.0_t18.0_WITH_cd60_mh600_mw300_ml0.0,3.0,4,0.382,8.0,18.0,False,60,600,300,0.0,10572,153.2,34.2,23.9,61.1,15.0,-11928.0,-172.9,-1.13,13614.0,-150.0,6888,-217.9,3684,32.2,4755.0
i5.0_w5_p0.382_s12.0_t30.0_WITH_cd60_mh600_mw300_ml0.0,5.0,5,0.382,12.0,30.0,False,60,600,300,0.0,8857,128.4,35.9,16.0,54.4,29.6,-11968.0,-173.5,-1.35,12886.0,-176.2,5589,-158.8,3268,34.0,3614.0
i5.0_w5_p0.382_s10.0_t24.0_WITH_cd60_mh600_mw300_ml0.0,5.0,5,0.382,10.0,24.0,False,60,600,300,0.0,9364,135.7,34.5,19.9,58.6,21.5,-11991.0,-173.8,-1.28,13227.0,-153.2,5922,-213.5,3442,32.4,5244.0
i3.0_w3_p0.382_s12.0_t18.0_WITH_cd60_mh600_mw300_ml0.0,3.0,3,0.382,12.0,18.0,False,60,600,300,0.0,10263,148.7,42.1,29.9,49.2,20.9,-11996.0,-173.8,-1.17,12492.0,-106.6,6603,-322.5,3660,39.8,6815.0
i5.0_w3_p0.236_s8.0_t24.0_WITH_cd60_mh600_mw300_ml0.0,5.0,3,0.236,8.0,24.0,False,60,600,300,0.0,10399,150.7,30.1,18.2,66.1,15.7,-11996.0,-173.9,-1.15,12607.0,-209.5,6691,-82.5,3708,28.9,4248.0
i3.0_w4_p0.618_s10.0_t18.0_WITH_cd60_mh600_mw300_ml0.0,3.0,4,0.618,10.0,18.0,False,60,600,300,0.0,8933,129.5,38.8,26.2,54.4,19.4,-12012.0,-174.1,-1.34,12333.0,-130.4,5679,-267.7,3254,36.4,6079.0
i5.0_w5_p0.382_s10.0_t30.0_WITH_cd60_mh600_mw300_ml0.0,5.0,5,0.382,10.0,30.0,False,60,600,300,0.0,9159,132.7,32.6,14.5,60.1,25.4,-12073.0,-175.0,-1.32,12911.0,-170.5,5791,-177.0,3368,30.2,4639.0
i7.0_w5_p0.618_s12.0_t18.0_WITH_cd60_mh600_mw300_ml0.0,7.0,5,0.618,12.0,18.0,False,60,600,300,0.0,6798,98.5,41.1,29.7,51.9,18.4,-12187.0,-176.6,-1.79,12860.0,-139.2,4160,-255.6,2638,39.7,5777.0
i5.0_w5_p0.382_s6.0_t18.0_WITH_cd60_mh600_mw300_ml0.0,5.0,5,0.382,6.0,18.0,False,60,600,300,0.0,10188,147.7,28.1,20.1,69.4,10.5,-12222.0,-177.1,-1.2,12599.0,-174.6,6591,-174.6,3597,26.5,5360.0
i7.0_w3_p0.382_s10.0_t18.0_WITH_cd60_mh600_mw300_ml0.0,7.0,3,0.382,10.0,18.0,False,60,600,300,0.0,8985,130.2,37.8,28.7,57.8,13.5,-12295.0,-178.2,-1.37,12535.0,-134.8,5639,-271.0,3346,36.2,5888.0
i5.0_w5_p0.382_s12.0_t24.0_WITH_cd60_mh600_mw300_ml0.0,5.0,5,0.382,12.0,24.0,False,60,600,300,0.0,9085,131.7,37.8,21.7,52.9,25.4,-12327.0,-178.7,-1.36,13573.0,-166.4,5743,-198.6,3342,36.4,4241.0
i5.0_w4_p0.618_s6.0_t12.0_WITH_cd60_mh600_mw300_ml0.0,5.0,4,0.618,6.0,12.0,False,60,600,300,0.0,8909,129.1,34.0,29.3,64.3,6.4,-12337.0,-178.8,-1.38,12407.0,-156.4,5739,-222.6,3170,32.9,4746.0
i7.0_w4_p0.382_s12.0_t18.0_WITH_cd60_mh600_mw300_ml0.0,7.0,4,0.382,12.0,18.0,False,60,600,300,0.0,8784,127.3,41.5,31.0,51.7,17.3,-12348.0,-179.0,-1.41,12672.0,-140.7,5486,-259.6,3298,40.5,5868.0
i7.0_w3_p0.5_s6.0_t12.0_WITH_cd60_mh600_mw300_ml0.0,7.0,3,0.5,6.0,12.0,False,60,600,300,0.0,8846,128.2,33.4,30.4,65.5,4.1,-12459.0,-180.6,-1.41,12482.0,-174.4,5605,-186.3,3241,33.3,3986.0
i7.0_w5_p0.5_s10.0_t18.0_WITH_cd60_mh600_mw300_ml0.0,7.0,5,0.5,10.0,18.0,False,60,600,300,0.0,8095,117.3,37.7,27.6,57.2,15.2,-12550.0,-181.9,-1.55,12816.0,-140.3,4998,-270.2,3097,36.0,6420.0
i5.0_w3_p0.618_s6.0_t12.0_WITH_cd60_mh600_mw300_ml0.0,5.0,3,0.618,6.0,12.0,False,60,600,300,0.0,9153,132.7,33.7,29.8,64.6,5.5,-12576.0,-182.3,-1.37,12863.0,-152.8,5865,-242.4,3288,32.5,5353.0
i3.0_w3_p0.236_s6.0_t24.0_WITH_cd60_mh600_mw300_ml0.0,3.0,3,0.236,6.0,24.0,False,60,600,300,0.0,11171,161.9,25.4,14.4,72.0,13.6,-12592.0,-182.5,-1.13,13756.0,-198.4,7359,-136.6,3812,23.1,5754.0
i7.0_w4_p0.5_s6.0_t12.0_WITH_cd60_mh600_mw300_ml0.0,7.0,4,0.5,6.0,12.0,False,60,600,300,0.0,8877,128.7,33.5,29.9,65.2,4.9,-12647.0,-183.3,-1.42,12755.0,-164.0,5618,-219.4,3259,33.0,4716.0
i5.0_w3_p0.382_s12.0_t18.0_WITH_cd60_mh600_mw300_ml0.0,5.0,3,0.382,12.0,18.0,False,60,600,300,0.0,9614,139.3,41.6,30.6,50.6,18.8,-12662.0,-183.5,-1.32,12801.0,-120.3,6117,-322.2,3497,39.8,6909.0
i5.0_w5_p0.618_s6.0_t12.0_WITH_cd60_mh600_mw300_ml0.0,5.0,5,0.618,6.0,12.0,False,60,600,300,0.0,8621,124.9,33.7,28.9,64.4,6.7,-12668.0,-183.6,-1.47,12736.0,-157.1,5541,-236.8,3080,32.5,5092.0
i5.0_w5_p0.618_s10.0_t18.0_WITH_cd60_mh600_mw300_ml0.0,5.0,5,0.618,10.0,18.0,False,60,600,300,0.0,7835,113.6,38.0,26.1,55.6,18.3,-12691.0,-183.9,-1.62,13034.0,-148.2,4921,-258.4,2914,36.2,5625.0
i5.0_w5_p0.382_s8.0_t18.0_WITH_cd60_mh600_mw300_ml0.0,5.0,5,0.382,8.0,18.0,False,60,600,300,0.0,9890,143.3,33.6,24.0,62.1,13.9,-12944.0,-187.6,-1.31,13674.0,-173.9,6354,-210.6,3536,32.0,5475.0
i3.0_w5_p0.382_s12.0_t30.0_WITH_cd60_mh600_mw300_ml0.0,3.0,5,0.382,12.0,30.0,False,60,600,300,0.0,9335,135.3,36.4,15.5,53.1,31.3,-12969.0,-188.0,-1.39,14257.0,-207.1,5949,-134.4,3386,34.6,4246.0
i3.0_w4_p0.382_s12.0_t18.0_WITH_cd60_mh600_mw300_ml0.0,3.0,4,0.382,12.0,18.0,False,60,600,300,0.0,10101,146.4,42.0,29.4,49.3,21.4,-13048.0,-189.1,-1.29,13427.0,-152.1,6486,-266.4,3615,40.5,5744.0
i7.0_w5_p0.5_s12.0_t18.0_WITH_cd60_mh600_mw300_ml0.0,7.0,5,0.5,12.0,18.0,False,60,600,300,0.0,7871,114.1,41.4,30.1,51.6,18.2,-13090.0,-189.7,-1.66,13237.0,-140.9,4832,-294.5,3039,39.9,6781.0
i7.0_w5_p0.382_s8.0_t18.0_WITH_cd60_mh600_mw300_ml0.0,7.0,5,0.382,8.0,18.0,False,60,600,300,0.0,9267,134.3,33.1,24.5,63.2,12.3,-13103.0,-189.9,-1.41,13367.0,-181.2,5864,-201.1,3403,32.0,5362.0
i3.0_w3_p0.5_s6.0_t12.0_WITH_cd60_mh600_mw300_ml0.0,3.0,3,0.5,6.0,12.0,False,60,600,300,0.0,10782,156.3,34.4,29.5,63.3,7.2,-13115.0,-190.1,-1.22,13112.0,-180.5,7164,-203.5,3618,33.4,4296.0
i5.0_w4_p0.618_s12.0_t18.0_WITH_cd60_mh600_mw300_ml0.0,5.0,4,0.618,12.0,18.0,False,60,600,300,0.0,7877,114.2,41.3,29.1,50.3,20.6,-13161.0,-190.7,-1.67,13341.0,-166.6,4910,-238.0,2967,40.3,5493.0
i3.0_w5_p0.618_s10.0_t18.0_WITH_cd60_mh600_mw300_ml0.0,3.0,5,0.618,10.0,18.0,False,60,600,300,0.0,8598,124.6,38.4,25.5,54.1,20.4,-13208.0,-191.4,-1.54,13529.0,-166.1,5480,-241.4,3118,36.5,5272.0
i3.0_w4_p0.618_s12.0_t18.0_WITH_cd60_mh600_mw300_ml0.0,3.0,4,0.618,12.0,18.0,False,60,600,300,0.0,8721,126.4,42.0,28.4,48.7,22.9,-13226.0,-191.7,-1.52,13436.0,-146.4,5528,-288.1,3193,40.0,6417.0
i7.0_w5_p0.5_s6.0_t12.0_WITH_cd60_mh600_mw300_ml0.0,7.0,5,0.5,6.0,12.0,False,60,600,300,0.0,8796,127.5,33.4,29.3,65.1,5.6,-13295.0,-192.7,-1.51,13289.0,-160.3,5565,-259.1,3231,32.2,5619.0
i7.0_w5_p0.618_s8.0_t12.0_WITH_cd60_mh600_mw300_ml0.0,7.0,5,0.618,8.0,12.0,False,60,600,300,0.0,7486,108.5,39.3,34.1,58.2,7.6,-13314.0,-193.0,-1.78,13391.0,-128.0,4681,-335.3,2805,36.9,7171.0
i5.0_w4_p0.236_s12.0_t30.0_WITH_cd60_mh600_mw300_ml0.0,5.0,4,0.236,12.0,30.0,False,60,600,300,0.0,9655,139.9,35.6,16.7,55.6,27.7,-13353.0,-193.5,-1.38,14295.0,-162.7,6105,-256.3,3550,33.0,6430.0
i3.0_w5_p0.5_s8.0_t18.0_WITH_cd60_mh600_mw300_ml0.0,3.0,5,0.5,8.0,18.0,False,60,600,300,0.0,9725,140.9,34.0,23.2,61.3,15.5,-13516.0,-195.9,-1.39,14053.0,-151.5,6269,-290.1,3456,31.3,6292.0
i5.0_w5_p0.5_s12.0_t18.0_WITH_cd60_mh600_mw300_ml0.0,5.0,5,0.5,12.0,18.0,False,60,600,300,0.0,8596,124.6,41.6,29.3,50.3,20.4,-13651.0,-197.8,-1.59,13978.0,-148.1,5381,-304.6,3215,39.9,6865.0
i3.0_w4_p0.236_s12.0_t30.0_WITH_cd60_mh600_mw300_ml0.0,3.0,4,0.236,12.0,30.0,False,60,600,300,0.0,10113,146.6,35.5,16.5,54.5,29.0,-13723.0,-198.9,-1.36,14702.0,-188.1,6473,-214.6,3640,33.3,5592.0
i5.0_w5_p0.5_s10.0_t18.0_WITH_cd60_mh600_mw300_ml0.0,5.0,5,0.5,10.0,18.0,False,60,600,300,0.0,8823,127.9,37.9,26.8,56.1,17.1,-13724.0,-198.9,-1.56,14320.0,-141.6,5562,-323.2,3261,35.6,7523.0
i3.0_w5_p0.382_s6.0_t18.0_WITH_cd60_mh600_mw300_ml0.0,3.0,5,0.382,6.0,18.0,False,60,600,300,0.0,10714,155.3,28.5,19.4,68.8,11.8,-13767.0,-199.5,-1.28,14400.0,-190.3,7034,-211.6,3680,26.3,5855.0
i7.0_w3_p0.618_s8.0_t12.0_WITH_cd60_mh600_mw300_ml0.0,7.0,3,0.618,8.0,12.0,False,60,600,300,0.0,7791,112.9,39.0,35.3,58.9,5.8,-13771.0,-199.6,-1.77,14000.0,-161.9,4824,-278.0,2967,38.1,6033.0
i3.0_w3_p0.618_s10.0_t18.0_WITH_cd60_mh600_mw300_ml0.0,3.0,3,0.618,10.0,18.0,False,60,600,300,0.0,9292,134.7,38.3,26.2,55.1,18.7,-13784.0,-199.8,-1.48,14395.0,-154.9,5917,-295.0,3375,36.2,6765.0
i3.0_w4_p0.618_s6.0_t12.0_WITH_cd60_mh600_mw300_ml0.0,3.0,4,0.618,6.0,12.0,False,60,600,300,0.0,9805,142.1,34.2,28.5,63.5,7.9,-13846.0,-200.7,-1.41,13893.0,-156.5,6450,-294.1,3355,31.9,6247.0
i7.0_w4_p0.236_s12.0_t30.0_WITH_cd60_mh600_mw300_ml0.0,7.0,4,0.236,12.0,30.0,False,60,600,300,0.0,9063,131.3,34.8,17.5,57.5,25.0,-13980.0,-202.6,-1.54,14944.0,-187.5,5659,-228.3,3404,33.0,5759.0
i5.0_w4_p0.5_s6.0_t12.0_WITH_cd60_mh600_mw300_ml0.0,5.0,4,0.5,6.0,12.0,False,60,600,300,0.0,9822,142.3,33.7,29.2,64.4,6.4,-14132.0,-204.8,-1.44,14208.0,-184.9,6367,-241.5,3455,32.9,5140.0
i5.0_w5_p0.618_s12.0_t18.0_WITH_cd60_mh600_mw300_ml0.0,5.0,5,0.618,12.0,18.0,False,60,600,300,0.0,7599,110.1,41.2,28.3,50.4,21.3,-14169.0,-205.3,-1.86,14753.0,-175.7,4750,-264.8,2849,40.1,5888.0
i3.0_w4_p0.5_s6.0_t12.0_WITH_cd60_mh600_mw300_ml0.0,3.0,4,0.5,6.0,12.0,False,60,600,300,0.0,10590,153.5,34.3,28.8,63.3,7.9,-14321.0,-207.6,-1.35,14426.0,-174.5,7005,-274.9,3585,32.5,5884.0
i7.0_w4_p0.236_s10.0_t30.0_WITH_cd60_mh600_mw300_ml0.0,7.0,4,0.236,10.0,30.0,False,60,600,300,0.0,9299,134.8,31.4,15.6,63.1,21.3,-14476.0,-209.8,-1.56,15350.0,-194.0,5828,-236.6,3471,29.2,6054.0
i5.0_w3_p0.618_s12.0_t18.0_WITH_cd60_mh600_mw300_ml0.0,5.0,3,0.618,12.0,18.0,False,60,600,300,0.0,8159,118.2,41.0,29.7,51.5,18.8,-14534.0,-210.6,-1.78,14674.0,-166.1,5075,-304.5,3084,39.9,6489.0
i3.0_w5_p0.382_s10.0_t24.0_WITH_cd60_mh600_mw300_ml0.0,3.0,5,0.382,10.0,24.0,False,60,600,300,0.0,9869,143.0,34.7,19.1,57.8,23.1,-14594.0,-211.5,-1.48,15914.0,-189.8,6314,-252.0,3555,32.5,5884.0
i7.0_w3_p0.5_s8.0_t12.0_WITH_cd60_mh600_mw300_ml0.0,7.0,3,0.5,8.0,12.0,False,60,600,300,0.0,8685,125.9,39.1,35.3,58.5,6.2,-14640.0,-212.2,-1.69,14664.0,-180.7,5444,-275.4,3241,38.4,5810.0
i3.0_w5_p0.618_s12.0_t18.0_WITH_cd60_mh600_mw300_ml0.0,3.0,5,0.618,12.0,18.0,False,60,600,300,0.0,8395,121.7,41.7,27.5,48.6,23.8,-14647.0,-212.3,-1.74,15219.0,-182.2,5301,-272.3,3094,40.2,6011.0
i5.0_w4_p0.236_s10.0_t30.0_WITH_cd60_mh600_mw300_ml0.0,5.0,4,0.236,10.0,30.0,False,60,600,300,0.0,9906,143.6,32.2,14.9,61.4,23.7,-14656.0,-212.4,-1.48,15672.0,-185.3,6293,-265.5,3613,29.3,6786.0
i7.0_w4_p0.236_s6.0_t30.0_WITH_cd60_mh600_mw300_ml0.0,7.0,4,0.236,6.0,30.0,False,60,600,300,0.0,9820,142.3,22.1,10.9,76.0,13.1,-14755.0,-213.8,-1.5,15213.0,-229.8,6280,-166.5,3540,20.3,5323.0
i3.0_w5_p0.618_s6.0_t12.0_WITH_cd60_mh600_mw300_ml0.0,3.0,5,0.618,6.0,12.0,False,60,600,300,0.0,9453,137.0,33.7,28.0,63.8,8.2,-14833.0,-215.0,-1.57,14878.0,-191.4,6186,-259.8,3267,32.3,5544.0
i7.0_w3_p0.382_s12.0_t18.0_WITH_cd60_mh600_mw300_ml0.0,7.0,3,0.382,12.0,18.0,False,60,600,300,0.0,8804,127.6,41.0,31.1,52.8,16.1,-14872.0,-215.5,-1.69,15127.0,-152.0,5499,-353.6,3305,39.3,7639.0
i3.0_w5_p0.382_s12.0_t24.0_WITH_cd60_mh600_mw300_ml0.0,3.0,5,0.382,12.0,24.0,False,60,600,300,0.0,9586,138.9,37.9,21.0,52.0,27.0,-14885.0,-215.7,-1.55,15779.0,-211.3,6103,-215.8,3483,36.5,4651.0
i5.0_w3_p0.5_s8.0_t12.0_WITH_cd60_mh600_mw300_ml0.0,5.0,3,0.5,8.0,12.0,False,60,600,300,0.0,9751,141.3,39.7,34.6,57.0,8.4,-14991.0,-217.3,-1.54,14997.0,-192.2,6280,-265.4,3471,39.0,5691.0
i3.0_w3_p0.382_s6.0_t12.0_WITH_cd60_mh600_mw300_ml0.0,3.0,3,0.382,6.0,12.0,False,60,600,300,0.0,11319,164.0,34.2,28.9,63.4,7.7,-15049.0,-218.1,-1.33,15045.0,-197.5,7566,-255.7,3753,32.9,5465.0
i5.0_w5_p0.382_s10.0_t18.0_WITH_cd60_mh600_mw300_ml0.0,5.0,5,0.382,10.0,18.0,False,60,600,300,0.0,9659,140.0,37.6,26.8,55.9,17.3,-15124.0,-219.2,-1.57,15633.0,-180.5,6157,-299.0,3502,35.9,7093.0
i7.0_w5_p0.382_s12.0_t18.0_WITH_cd60_mh600_mw300_ml0.0,7.0,5,0.382,12.0,18.0,False,60,600,300,0.0,8840,128.1,40.9,30.1,51.4,18.5,-15129.0,-219.3,-1.71,15516.0,-194.5,5528,-266.7,3312,40.1,5763.0
i3.0_w4_p0.236_s10.0_t30.0_WITH_cd60_mh600_mw300_ml0.0,3.0,4,0.236,10.0,30.0,False,60,600,300,0.0,10383,150.5,32.3,14.7,60.3,24.9,-15147.0,-219.5,-1.46,16343.0,-192.5,6663,-272.1,3720,29.2,7083.0
i7.0_w4_p0.618_s8.0_t12.0_WITH_cd60_mh600_mw300_ml0.0,7.0,4,0.618,8.0,12.0,False,60,600,300,0.0,7674,111.2,38.5,34.3,59.0,6.7,-15183.0,-220.0,-1.98,15255.0,-190.5,4821,-278.6,2853,37.9,5975.0
i5.0_w5_p0.5_s6.0_t12.0_WITH_cd60_mh600_mw300_ml0.0,5.0,5,0.5,6.0,12.0,False,60,600,300,0.0,9623,139.5,33.5,28.4,64.6,7.0,-15220.0,-220.6,-1.58,15206.0,-192.5,6216,-275.5,3407,32.3,5831.0
i7.0_w5_p0.382_s10.0_t18.0_WITH_cd60_mh600_mw300_ml0.0,7.0,5,0.382,10.0,18.0,False,60,600,300,0.0,9069,131.4,37.2,27.5,57.2,15.3,-15439.0,-223.7,-1.7,15572.0,-187.5,5688,-297.7,3381,35.7,7029.0
i7.0_w5_p0.618_s10.0_t12.0_WITH_cd60_mh600_mw300_ml0.0,7.0,5,0.618,10.0,12.0,False,60,600,300,0.0,7288,105.6,43.5,37.6,52.3,10.1,-15516.0,-224.9,-2.13,15584.0,-152.9,4526,-382.1,2762,41.5,8156.0
i5.0_w3_p0.618_s8.0_t12.0_WITH_cd60_mh600_mw300_ml0.0,5.0,3,0.618,8.0,12.0,False,60,600,300,0.0,8939,129.6,39.2,34.3,57.7,8.0,-15734.0,-228.0,-1.76,15971.0,-196.6,5673,-290.4,3266,38.5,6313.0
i5.0_w5_p0.618_s8.0_t12.0_WITH_cd60_mh600_mw300_ml0.0,5.0,5,0.618,8.0,12.0,False,60,600,300,0.0,8382,121.5,39.0,33.0,57.3,9.8,-15784.0,-228.8,-1.88,15855.0,-194.6,5361,-297.5,3021,38.1,6387.0
i7.0_w3_p0.618_s10.0_t12.0_WITH_cd60_mh600_mw300_ml0.0,7.0,3,0.618,10.0,12.0,False,60,600,300,0.0,7612,110.3,43.4,39.1,53.1,7.8,-15790.0,-228.8,-2.07,15948.0,-193.9,4687,-299.5,2925,43.1,6431.0
i3.0_w5_p0.382_s10.0_t30.0_WITH_cd60_mh600_mw300_ml0.0,3.0,5,0.382,10.0,30.0,False,60,600,300,0.0,9638,139.7,32.8,13.7,59.4,26.9,-15860.0,-229.8,-1.65,16845.0,-190.1,6153,-311.6,3485,29.5,7232.0
i7.0_w4_p0.5_s8.0_t12.0_WITH_cd60_mh600_mw300_ml0.0,7.0,4,0.5,8.0,12.0,False,60,600,300,0.0,8705,126.2,39.0,34.4,58.4,7.2,-15897.0,-230.4,-1.83,15956.0,-189.3,5480,-315.3,3225,38.0,6681.0
i3.0_w3_p0.618_s6.0_t12.0_WITH_cd60_mh600_mw300_ml0.0,3.0,3,0.618,6.0,12.0,False,60,600,300,0.0,10152,147.1,33.6,28.4,64.2,7.4,-15913.0,-230.6,-1.57,16039.0,-198.5,6678,-294.5,3474,31.8,6289.0
i3.0_w3_p0.5_s8.0_t12.0_WITH_cd60_mh600_mw300_ml0.0,3.0,3,0.5,8.0,12.0,False,60,600,300,0.0,10572,153.2,40.0,33.9,56.2,9.9,-15946.0,-231.1,-1.51,15943.0,-209.4,6950,-270.8,3622,39.0,5721.0
i5.0_w5_p0.382_s12.0_t18.0_WITH_cd60_mh600_mw300_ml0.0,5.0,5,0.382,12.0,18.0,False,60,600,300,0.0,9415,136.4,41.0,29.3,50.5,20.2,-16051.0,-232.6,-1.7,16536.0,-200.7,5985,-296.1,3430,40.0,6338.0
i7.0_w4_p0.236_s8.0_t30.0_WITH_cd60_mh600_mw300_ml0.0,7.0,4,0.236,8.0,30.0,False,60,600,300,0.0,9564,138.6,26.8,13.5,69.7,16.8,-16172.0,-234.4,-1.69,16842.0,-222.8,6047,-250.3,3517,24.5,6703.0
i5.0_w3_p0.382_s6.0_t12.0_WITH_cd60_mh600_mw300_ml0.0,5.0,3,0.382,6.0,12.0,False,60,600,300,0.0,10586,153.4,33.4,29.0,64.7,6.3,-16202.0,-234.8,-1.53,16212.0,-204.9,6952,-293.4,3634,32.1,6176.0
i3.0_w5_p0.382_s8.0_t18.0_WITH_cd60_mh600_mw300_ml0.0,3.0,5,0.382,8.0,18.0,False,60,600,300,0.0,10437,151.3,33.5,23.1,61.8,15.1,-16338.0,-236.8,-1.57,17375.0,-228.2,6777,-245.6,3660,31.9,6129.0
i7.0_w3_p0.382_s6.0_t12.0_WITH_cd60_mh600_mw300_ml0.0,7.0,3,0.382,6.0,12.0,False,60,600,300,0.0,9588,139.0,32.7,29.2,66.0,4.7,-16418.0,-237.9,-1.71,16448.0,-206.1,6148,-300.8,3440,31.7,6340.0
i3.0_w5_p0.5_s12.0_t18.0_WITH_cd60_mh600_mw300_ml0.0,3.0,5,0.5,12.0,18.0,False,60,600,300,0.0,9199,133.3,41.2,28.2,49.2,22.6,-16420.0,-238.0,-1.79,16655.0,-170.7,5859,-383.6,3340,39.2,8207.0
i3.0_w5_p0.5_s10.0_t18.0_WITH_cd60_mh600_mw300_ml0.0,3.0,5,0.5,10.0,18.0,False,60,600,300,0.0,9463,137.1,37.6,25.8,55.3,18.9,-16441.0,-238.3,-1.74,16864.0,-174.9,6041,-374.9,3422,35.1,8093.0
i7.0_w4_p0.382_s6.0_t12.0_WITH_cd60_mh600_mw300_ml0.0,7.0,4,0.382,6.0,12.0,False,60,600,300,0.0,9684,140.3,32.8,29.0,65.9,5.1,-16486.0,-238.9,-1.7,16473.0,-223.2,6235,-264.3,3449,32.3,5554.0
i7.0_w4_p0.618_s10.0_t12.0_WITH_cd60_mh600_mw300_ml0.0,7.0,4,0.618,10.0,12.0,False,60,600,300,0.0,7468,108.2,43.1,38.2,52.9,8.9,-16514.0,-239.3,-2.21,16606.0,-194.0,4657,-333.7,2811,42.3,7170.0
i7.0_w4_p0.236_s6.0_t24.0_WITH_cd60_mh600_mw300_ml0.0,7.0,4,0.236,6.0,24.0,False,60,600,300,0.0,9988,144.8,23.5,14.5,74.6,10.9,-16551.0,-239.9,-1.66,16878.0,-247.2,6401,-211.4,3587,22.1,4962.0
i7.0_w3_p0.5_s10.0_t12.0_WITH_cd60_mh600_mw300_ml0.0,7.0,3,0.5,10.0,12.0,False,60,600,300,0.0,8525,123.6,43.8,39.1,52.6,8.3,-16569.0,-240.1,-1.94,16645.0,-198.1,5306,-326.7,3219,43.1,6947.0
i3.0_w4_p0.382_s6.0_t12.0_WITH_cd60_mh600_mw300_ml0.0,3.0,4,0.382,6.0,12.0,False,60,600,300,0.0,11141,161.5,33.8,28.4,63.8,7.7,-16704.0,-242.1,-1.5,16759.0,-220.5,7423,-281.0,3718,32.6,6035.0
i5.0_w3_p0.5_s10.0_t12.0_WITH_cd60_mh600_mw300_ml0.0,5.0,3,0.5,10.0,12.0,False,60,600,300,0.0,9565,138.6,44.1,38.2,50.9,10.9,-17129.0,-248.2,-1.79,17158.0,-201.9,6111,-344.6,3454,43.3,7326.0
i3.0_w5_p0.382_s10.0_t18.0_WITH_cd60_mh600_mw300_ml0.0,3.0,5,0.382,10.0,18.0,False,60,600,300,0.0,10186,147.6,37.8,26.0,55.2,18.8,-17162.0,-248.7,-1.68,17897.0,-209.7,6550,-327.9,3636,35.9,7392.0
i3.0_w3_p0.618_s12.0_t18.0_WITH_cd60_mh600_mw300_ml0.0,3.0,3,0.618,12.0,18.0,False,60,600,300,0.0,9069,131.4,41.1,28.2,50.0,21.9,-17214.0,-249.5,-1.9,17529.0,-189.3,5743,-378.1,3326,39.1,8109.0
i3.0_w4_p0.5_s8.0_t12.0_WITH_cd60_mh600_mw300_ml0.0,3.0,4,0.5,8.0,12.0,False,60,600,300,0.0,10333,149.8,39.8,33.1,56.1,10.8,-17272.0,-250.3,-1.67,17409.0,-200.8,6769,-353.9,3564,38.0,7555.0
i5.0_w4_p0.5_s8.0_t12.0_WITH_cd60_mh600_mw300_ml0.0,5.0,4,0.5,8.0,12.0,False,60,600,300,0.0,9597,139.1,39.2,33.6,57.4,9.0,-17293.0,-250.6,-1.8,17370.0,-212.6,6164,-327.3,3433,38.2,6922.0
i5.0_w4_p0.618_s8.0_t12.0_WITH_cd60_mh600_mw300_ml0.0,5.0,4,0.618,8.0,12.0,False,60,600,300,0.0,8683,125.8,38.8,33.0,58.0,9.0,-17536.0,-254.1,-2.02,17675.0,-234.7,5555,-287.3,3128,38.4,6221.0
i5.0_w4_p0.236_s6.0_t30.0_WITH_cd60_mh600_mw300_ml0.0,5.0,4,0.236,6.0,30.0,False,60,600,300,0.0,10465,151.7,22.4,10.2,75.1,14.6,-17538.0,-254.2,-1.68,17694.0,-287.4,6817,-164.6,3648,20.8,5139.0
i7.0_w4_p0.5_s10.0_t12.0_WITH_cd60_mh600_mw300_ml0.0,7.0,4,0.5,10.0,12.0,False,60,600,300,0.0,8500,123.2,43.6,38.2,52.3,9.4,-17601.0,-255.1,-2.07,17689.0,-210.5,5323,-347.0,3177,42.9,7425.0
i3.0_w4_p0.236_s6.0_t30.0_WITH_cd60_mh600_mw300_ml0.0,3.0,4,0.236,6.0,30.0,False,60,600,300,0.0,10927,158.4,23.1,10.0,73.9,16.0,-17614.0,-255.3,-1.61,18387.0,-298.9,7203,-141.2,3724,21.0,4999.0
i5.0_w5_p0.236_s6.0_t30.0_WITH_cd60_mh600_mw300_ml0.0,5.0,5,0.236,6.0,30.0,False,60,600,300,0.0,10447,151.4,22.4,10.5,75.2,14.3,-17654.0,-255.9,-1.69,19171.0,-271.7,6802,-206.7,3645,19.9,6544.0
i3.0_w3_p0.236_s10.0_t18.0_WITH_cd60_mh600_mw300_ml0.0,3.0,3,0.236,10.0,18.0,False,60,600,300,0.0,10974,159.0,37.7,26.9,55.9,17.2,-17668.0,-256.1,-1.61,17953.0,-221.2,7144,-325.3,3830,35.9,7431.0
i3.0_w5_p0.5_s6.0_t12.0_WITH_cd60_mh600_mw300_ml0.0,3.0,5,0.5,6.0,12.0,False,60,600,300,0.0,10285,149.1,33.3,27.6,64.3,8.1,-17680.0,-256.2,-1.72,17709.0,-243.4,6771,-273.9,3514,32.5,5923.0
i7.0_w3_p0.236_s6.0_t18.0_WITH_cd60_mh600_mw300_ml0.0,7.0,3,0.236,6.0,18.0,False,60,600,300,0.0,10084,146.1,26.1,20.3,72.4,7.3,-17692.0,-256.4,-1.75,17825.0,-255.0,6486,-247.6,3598,25.4,5749.0
i3.0_w3_p0.236_s8.0_t18.0_WITH_cd60_mh600_mw300_ml0.0,3.0,3,0.236,8.0,18.0,False,60,600,300,0.0,11194,162.2,33.2,23.6,62.5,14.0,-17723.0,-256.8,-1.58,17826.0,-234.6,7357,-296.5,3837,31.3,7082.0
i7.0_w5_p0.618_s12.0_t12.0_WITH_cd60_mh600_mw300_ml0.0,7.0,5,0.618,12.0,12.0,False,60,600,300,0.0,7118,103.2,46.8,40.3,47.4,12.4,-17877.0,-259.1,-2.51,18056.0,-177.2,4407,-437.9,2711,44.9,9357.0
i5.0_w4_p0.382_s6.0_t12.0_WITH_cd60_mh600_mw300_ml0.0,5.0,4,0.382,6.0,12.0,False,60,600,300,0.0,10490,152.0,32.9,28.4,65.1,6.5,-17951.0,-260.2,-1.71,18012.0,-237.6,6887,-300.3,3603,32.0,6415.0
i7.0_w5_p0.5_s8.0_t12.0_WITH_cd60_mh600_mw300_ml0.0,7.0,5,0.5,8.0,12.0,False,60,600,300,0.0,8584,124.4,38.5,33.4,58.8,7.8,-17957.0,-260.3,-2.09,17940.0,-207.9,5394,-370.0,3190,37.1,7777.0
i3.0_w5_p0.618_s8.0_t12.0_WITH_cd60_mh600_mw300_ml0.0,3.0,5,0.618,8.0,12.0,False,60,600,300,0.0,9183,133.1,39.0,32.0,56.5,11.5,-17959.0,-260.3,-1.96,17990.0,-218.1,5953,-346.3,3230,37.6,7321.0
i7.0_w5_p0.236_s12.0_t30.0_WITH_cd60_mh600_mw300_ml0.0,7.0,5,0.236,12.0,30.0,False,60,600,300,0.0,9106,132.0,34.3,17.0,57.7,25.4,-18045.0,-261.5,-1.98,19581.0,-177.8,5692,-444.6,3414,30.9,9571.0
i5.0_w3_p0.618_s10.0_t12.0_WITH_cd60_mh600_mw300_ml0.0,5.0,3,0.618,10.0,12.0,False,60,600,300,0.0,8725,126.4,43.6,37.9,51.9,10.2,-18097.0,-262.3,-2.07,18273.0,-226.7,5495,-332.7,3230,43.2,7139.0
i7.0_w3_p0.618_s12.0_t12.0_WITH_cd60_mh600_mw300_ml0.0,7.0,3,0.618,12.0,12.0,False,60,600,300,0.0,7443,107.9,46.8,41.9,48.2,10.0,-18136.0,-262.8,-2.44,18322.0,-216.2,4562,-359.2,2881,46.5,7681.0
i7.0_w4_p0.618_s12.0_t12.0_WITH_cd60_mh600_mw300_ml0.0,7.0,4,0.618,12.0,12.0,False,60,600,300,0.0,7294,105.7,46.6,41.0,47.5,11.4,-18139.0,-262.9,-2.49,18212.0,-205.4,4524,-384.4,2770,45.7,8216.0
i5.0_w4_p0.236_s8.0_t30.0_WITH_cd60_mh600_mw300_ml0.0,5.0,4,0.236,8.0,30.0,False,60,600,300,0.0,10180,147.5,27.4,12.7,68.3,19.0,-18278.0,-264.9,-1.8,18885.0,-260.9,6542,-261.6,3638,24.8,6911.0
i3.0_w4_p0.236_s8.0_t30.0_WITH_cd60_mh600_mw300_ml0.0,3.0,4,0.236,8.0,30.0,False,60,600,300,0.0,10645,154.3,27.7,12.4,67.1,20.5,-18318.0,-265.5,-1.72,18922.0,-291.9,6937,-191.1,3708,25.6,5713.0
i5.0_w5_p0.236_s12.0_t30.0_WITH_cd60_mh600_mw300_ml0.0,5.0,5,0.236,12.0,30.0,False,60,600,300,0.0,9622,139.4,34.8,16.4,56.4,27.2,-18321.0,-265.5,-1.9,20105.0,-184.8,6089,-441.2,3533,31.4,9328.0
i5.0_w3_p0.5_s12.0_t12.0_WITH_cd60_mh600_mw300_ml0.0,5.0,3,0.5,12.0,12.0,False,60,600,300,0.0,9376,135.9,47.6,41.2,45.5,13.3,-18441.0,-267.3,-1.97,18483.0,-209.8,5935,-388.5,3441,47.1,8258.0
i7.0_w4_p0.5_s12.0_t12.0_WITH_cd60_mh600_mw300_ml0.0,7.0,4,0.5,12.0,12.0,False,60,600,300,0.0,8343,120.9,47.4,41.4,46.9,11.7,-18447.0,-267.3,-2.21,18456.0,-207.2,5191,-394.9,3152,46.6,8351.0
i5.0_w5_p0.236_s6.0_t24.0_WITH_cd60_mh600_mw300_ml0.0,5.0,5,0.236,6.0,24.0,False,60,600,300,0.0,10620,153.9,23.9,13.9,73.8,12.3,-18485.0,-267.9,-1.74,19535.0,-257.5,6936,-279.4,3684,21.7,6820.0
i5.0_w4_p0.236_s8.0_t24.0_WITH_cd60_mh600_mw300_ml0.0,5.0,4,0.236,8.0,24.0,False,60,600,300,0.0,10357,150.1,29.3,17.0,66.7,16.3,-18490.0,-268.0,-1.79,18594.0,-242.0,6679,-315.8,3678,26.8,7073.0
i7.0_w3_p0.5_s12.0_t12.0_WITH_cd60_mh600_mw300_ml0.0,7.0,3,0.5,12.0,12.0,False,60,600,300,0.0,8358,121.1,47.3,42.1,47.4,10.5,-18527.0,-268.5,-2.22,18641.0,-209.9,5163,-392.4,3195,46.5,8360.0
i7.0_w4_p0.236_s8.0_t24.0_WITH_cd60_mh600_mw300_ml0.0,7.0,4,0.236,8.0,24.0,False,60,600,300,0.0,9745,141.2,28.4,17.7,68.3,14.1,-18539.0,-268.7,-1.9,18647.0,-247.0,6177,-306.4,3568,26.7,6689.0
i3.0_w5_p0.236_s12.0_t30.0_WITH_cd60_mh600_mw300_ml0.0,3.0,5,0.236,12.0,30.0,False,60,600,300,0.0,10077,146.0,35.2,16.0,55.1,28.9,-18617.0,-269.8,-1.85,20283.0,-183.0,6421,-459.5,3656,31.3,9780.0
i5.0_w4_p0.236_s10.0_t24.0_WITH_cd60_mh600_mw300_ml0.0,5.0,4,0.236,10.0,24.0,False,60,600,300,0.0,10103,146.4,33.5,19.5,60.3,20.1,-18628.0,-270.0,-1.84,19152.0,-217.1,6454,-380.5,3649,31.0,8409.0
i7.0_w5_p0.382_s6.0_t12.0_WITH_cd60_mh600_mw300_ml0.0,7.0,5,0.382,6.0,12.0,False,60,600,300,0.0,9753,141.3,32.2,28.3,66.1,5.6,-18732.0,-271.5,-1.92,18859.0,-248.0,6278,-313.2,3475,31.4,6731.0
i7.0_w5_p0.236_s6.0_t30.0_WITH_cd60_mh600_mw300_ml0.0,7.0,5,0.236,6.0,30.0,False,60,600,300,0.0,9926,143.9,21.4,10.7,76.7,12.6,-18739.0,-271.6,-1.89,19417.0,-273.5,6369,-254.1,3557,19.3,6497.0
i5.0_w3_p0.236_s6.0_t18.0_WITH_cd60_mh600_mw300_ml0.0,5.0,3,0.236,6.0,18.0,False,60,600,300,0.0,10909,158.1,26.8,19.6,71.3,9.1,-18879.0,-273.6,-1.73,18933.0,-288.1,7154,-226.8,3755,26.0,5554.0
i5.0_w4_p0.618_s10.0_t12.0_WITH_cd60_mh600_mw300_ml0.0,5.0,4,0.618,10.0,12.0,False,60,600,300,0.0,8467,122.7,43.3,36.7,51.6,11.7,-18923.0,-274.2,-2.23,19021.0,-238.0,5355,-345.7,3112,42.7,7478.0
i7.0_w4_p0.236_s10.0_t24.0_WITH_cd60_mh600_mw300_ml0.0,7.0,4,0.236,10.0,24.0,False,60,600,300,0.0,9531,138.1,32.9,20.1,62.0,17.9,-18989.0,-275.2,-1.99,19352.0,-231.0,5999,-365.2,3532,30.8,8031.0
i3.0_w4_p0.618_s8.0_t12.0_WITH_cd60_mh600_mw300_ml0.0,3.0,4,0.618,8.0,12.0,False,60,600,300,0.0,9559,138.5,39.1,32.4,57.0,10.7,-19020.0,-275.7,-1.99,19135.0,-222.3,6228,-386.9,3331,37.0,8410.0
i5.0_w4_p0.236_s12.0_t24.0_WITH_cd60_mh600_mw300_ml0.0,5.0,4,0.236,12.0,24.0,False,60,600,300,0.0,9892,143.4,36.9,21.7,54.8,23.5,-19022.0,-275.7,-1.92,19289.0,-212.9,6296,-409.0,3596,34.6,8815.0
i3.0_w5_p0.236_s6.0_t30.0_WITH_cd60_mh600_mw300_ml0.0,3.0,5,0.236,6.0,30.0,False,60,600,300,0.0,10892,157.9,22.6,10.1,74.5,15.4,-19069.0,-276.4,-1.75,20065.0,-296.8,7151,-215.5,3741,20.0,6692.0
i7.0_w4_p0.236_s12.0_t24.0_WITH_cd60_mh600_mw300_ml0.0,7.0,4,0.236,12.0,24.0,False,60,600,300,0.0,9320,135.1,36.4,22.3,56.4,21.3,-19107.0,-276.9,-2.05,19404.0,-224.5,5853,-386.1,3467,34.6,8400.0
i5.0_w4_p0.5_s10.0_t12.0_WITH_cd60_mh600_mw300_ml0.0,5.0,4,0.5,10.0,12.0,False,60,600,300,0.0,9388,136.1,43.7,37.2,51.2,11.6,-19143.0,-277.4,-2.04,19223.0,-227.5,5986,-380.7,3402,42.6,8040.0
i5.0_w4_p0.236_s6.0_t24.0_WITH_cd60_mh600_mw300_ml0.0,5.0,4,0.236,6.0,24.0,False,60,600,300,0.0,10611,153.8,23.8,13.8,73.9,12.4,-19151.0,-277.6,-1.8,19545.0,-285.7,6914,-245.4,3697,22.2,5974.0
i5.0_w5_p0.5_s8.0_t12.0_WITH_cd60_mh600_mw300_ml0.0,5.0,5,0.5,8.0,12.0,False,60,600,300,0.0,9367,135.8,38.9,32.6,57.8,9.6,-19158.0,-277.6,-2.05,19140.0,-227.5,6003,-381.4,3364,37.2,8033.0
i3.0_w3_p0.618_s8.0_t12.0_WITH_cd60_mh600_mw300_ml0.0,3.0,3,0.618,8.0,12.0,False,60,600,300,0.0,9924,143.8,39.1,32.7,57.0,10.3,-19177.0,-277.9,-1.93,19282.0,-240.2,6454,-352.8,3470,37.8,7485.0
i5.0_w5_p0.618_s10.0_t12.0_WITH_cd60_mh600_mw300_ml0.0,5.0,5,0.618,10.0,12.0,False,60,600,300,0.0,8170,118.4,43.0,36.0,51.5,12.5,-19197.0,-278.2,-2.35,19265.0,-228.7,5178,-380.4,2992,42.0,8142.0
i7.0_w5_p0.236_s6.0_t24.0_WITH_cd60_mh600_mw300_ml0.0,7.0,5,0.236,6.0,24.0,False,60,600,300,0.0,10088,146.2,23.1,14.2,75.1,10.6,-19198.0,-278.2,-1.9,19513.0,-266.6,6515,-292.2,3573,21.3,6527.0
i3.0_w3_p0.236_s12.0_t18.0_WITH_cd60_mh600_mw300_ml0.0,3.0,3,0.236,12.0,18.0,False,60,600,300,0.0,10784,156.3,41.0,29.2,50.6,20.2,-19234.0,-278.8,-1.78,19491.0,-216.2,6978,-411.4,3806,39.0,8872.0
i5.0_w5_p0.236_s10.0_t30.0_WITH_cd60_mh600_mw300_ml0.0,5.0,5,0.236,10.0,30.0,False,60,600,300,0.0,9891,143.3,31.1,14.6,62.2,23.2,-19310.0,-279.9,-1.95,20713.0,-203.8,6291,-444.1,3600,27.8,9400.0
i5.0_w5_p0.382_s6.0_t12.0_WITH_cd60_mh600_mw300_ml0.0,5.0,5,0.382,6.0,12.0,False,60,600,300,0.0,10430,151.2,32.6,27.9,65.3,6.7,-19336.0,-280.2,-1.85,19420.0,-236.9,6819,-368.0,3611,30.9,7838.0
i3.0_w5_p0.236_s10.0_t30.0_WITH_cd60_mh600_mw300_ml0.0,3.0,5,0.236,10.0,30.0,False,60,600,300,0.0,10294,149.2,31.9,14.2,60.9,24.9,-19363.0,-280.6,-1.88,20987.0,-198.0,6611,-460.1,3683,27.9,9739.0
i7.0_w3_p0.236_s8.0_t18.0_WITH_cd60_mh600_mw300_ml0.0,7.0,3,0.236,8.0,18.0,False,60,600,300,0.0,9905,143.6,31.5,24.5,65.6,9.9,-19379.0,-280.9,-1.96,19501.0,-275.5,6339,-280.1,3566,31.0,6410.0
i7.0_w4_p0.382_s8.0_t12.0_WITH_cd60_mh600_mw300_ml0.0,7.0,4,0.382,8.0,12.0,False,60,600,300,0.0,9498,137.7,38.5,33.8,59.0,7.2,-19573.0,-283.7,-2.06,19562.0,-244.0,6070,-362.6,3428,37.6,7607.0
i3.0_w3_p0.382_s8.0_t12.0_WITH_cd60_mh600_mw300_ml0.0,3.0,3,0.382,8.0,12.0,False,60,600,300,0.0,11140,161.4,39.3,33.2,56.8,10.0,-19625.0,-284.4,-1.76,19637.0,-229.2,7388,-399.7,3752,37.5,8512.0
i3.0_w5_p0.382_s12.0_t18.0_WITH_cd60_mh600_mw300_ml0.0,3.0,5,0.382,12.0,18.0,False,60,600,300,0.0,9944,144.1,40.7,28.2,50.0,21.8,-19659.0,-284.9,-1.98,20394.0,-245.1,6383,-364.4,3561,39.6,7825.0
i3.0_w3_p0.236_s6.0_t18.0_WITH_cd60_mh600_mw300_ml0.0,3.0,3,0.236,6.0,18.0,False,60,600,300,0.0,11444,165.9,27.1,19.1,70.5,10.5,-19713.0,-285.7,-1.72,19824.0,-290.9,7620,-260.0,3824,25.7,6783.0
i3.0_w4_p0.236_s6.0_t24.0_WITH_cd60_mh600_mw300_ml0.0,3.0,4,0.236,6.0,24.0,False,60,600,300,0.0,11090,160.7,24.2,13.4,72.8,13.8,-19740.0,-286.1,-1.78,19845.0,-301.7,7321,-236.1,3769,22.4,6037.0
i7.0_w3_p0.236_s10.0_t18.0_WITH_cd60_mh600_mw300_ml0.0,7.0,3,0.236,10.0,18.0,False,60,600,300,0.0,9707,140.7,36.3,27.9,59.2,12.9,-19830.0,-287.4,-2.04,19993.0,-243.8,6149,-375.3,3558,34.8,8210.0
i7.0_w3_p0.236_s12.0_t18.0_WITH_cd60_mh600_mw300_ml0.0,7.0,3,0.236,12.0,18.0,False,60,600,300,0.0,9535,138.2,39.8,30.8,53.4,15.8,-19837.0,-287.5,-2.08,19902.0,-232.2,5996,-402.8,3539,38.5,8598.0
i3.0_w3_p0.5_s10.0_t12.0_WITH_cd60_mh600_mw300_ml0.0,3.0,3,0.5,10.0,12.0,False,60,600,300,0.0,10356,150.1,43.8,37.0,50.4,12.7,-19930.0,-288.8,-1.92,20000.0,-234.9,6758,-400.9,3598,42.6,8554.0
i5.0_w3_p0.236_s10.0_t18.0_WITH_cd60_mh600_mw300_ml0.0,5.0,3,0.236,10.0,18.0,False,60,600,300,0.0,10453,151.5,37.0,27.0,57.6,15.4,-19938.0,-289.0,-1.91,20094.0,-255.7,6725,-352.7,3728,35.4,7709.0
i3.0_w4_p0.5_s10.0_t12.0_WITH_cd60_mh600_mw300_ml0.0,3.0,4,0.5,10.0,12.0,False,60,600,300,0.0,10106,146.5,43.8,36.5,50.1,13.3,-20011.0,-290.0,-1.98,20236.0,-216.9,6563,-446.9,3543,42.1,9563.0
i7.0_w5_p0.236_s10.0_t30.0_WITH_cd60_mh600_mw300_ml0.0,7.0,5,0.236,10.0,30.0,False,60,600,300,0.0,9365,135.7,30.5,15.1,63.7,21.2,-20018.0,-290.1,-2.14,21184.0,-221.0,5885,-437.6,3480,27.2,9446.0
i5.0_w5_p0.236_s8.0_t30.0_WITH_cd60_mh600_mw300_ml0.0,5.0,5,0.236,8.0,30.0,False,60,600,300,0.0,10171,147.4,27.0,12.6,68.7,18.8,-20104.0,-291.4,-1.98,21382.0,-249.7,6548,-374.7,3623,23.6,8495.0
i5.0_w4_p0.5_s12.0_t12.0_WITH_cd60_mh600_mw300_ml0.0,5.0,4,0.5,12.0,12.0,False,60,600,300,0.0,9198,133.3,47.2,40.3,45.7,14.0,-20154.0,-292.1,-2.19,20228.0,-232.8,5828,-416.4,3370,46.6,8769.0
i3.0_w5_p0.236_s6.0_t24.0_WITH_cd60_mh600_mw300_ml0.0,3.0,5,0.236,6.0,24.0,False,60,600,300,0.0,11050,160.1,24.1,13.5,73.2,13.3,-20198.0,-292.7,-1.83,21103.0,-281.1,7271,-305.9,3779,21.5,7290.0
i7.0_w5_p0.236_s8.0_t30.0_WITH_cd60_mh600_mw300_ml0.0,7.0,5,0.236,8.0,30.0,False,60,600,300,0.0,9632,139.6,26.3,13.0,70.0,17.1,-20218.0,-293.0,-2.1,21229.0,-257.2,6114,-362.8,3518,23.5,7852.0
i3.0_w5_p0.236_s8.0_t30.0_WITH_cd60_mh600_mw300_ml0.0,3.0,5,0.236,8.0,30.0,False,60,600,300,0.0,10615,153.8,27.6,12.3,67.5,20.3,-20322.0,-294.5,-1.91,21224.0,-237.9,6871,-412.6,3744,23.7,9136.0
i5.0_w5_p0.382_s8.0_t12.0_WITH_cd60_mh600_mw300_ml0.0,5.0,5,0.382,8.0,12.0,False,60,600,300,0.0,10210,148.0,38.7,32.9,57.5,9.5,-20417.0,-295.9,-2.0,20476.0,-255.2,6639,-376.7,3571,37.5,7975.0
i3.0_w4_p0.236_s10.0_t24.0_WITH_cd60_mh600_mw300_ml0.0,3.0,4,0.236,10.0,24.0,False,60,600,300,0.0,10602,153.7,33.6,19.0,59.5,21.6,-20432.0,-296.1,-1.93,20871.0,-258.0,6850,-370.9,3752,31.2,8176.0
i5.0_w3_p0.236_s12.0_t18.0_WITH_cd60_mh600_mw300_ml0.0,5.0,3,0.236,12.0,18.0,False,60,600,300,0.0,10275,148.9,40.4,29.8,51.8,18.4,-20484.0,-296.9,-1.99,20569.0,-238.8,6562,-418.1,3713,38.9,8923.0
i5.0_w3_p0.382_s8.0_t12.0_WITH_cd60_mh600_mw300_ml0.0,5.0,3,0.382,8.0,12.0,False,60,600,300,0.0,10416,151.0,38.8,33.3,58.2,8.5,-20533.0,-297.6,-1.97,20539.0,-238.3,6792,-421.8,3624,37.0,8887.0
i7.0_w5_p0.5_s10.0_t12.0_WITH_cd60_mh600_mw300_ml0.0,7.0,5,0.5,10.0,12.0,False,60,600,300,0.0,8372,121.3,42.8,36.8,52.8,10.3,-20623.0,-298.9,-2.46,20631.0,-234.8,5210,-434.2,3162,41.5,9234.0
i7.0_w3_p0.382_s8.0_t12.0_WITH_cd60_mh600_mw300_ml0.0,7.0,3,0.382,8.0,12.0,False,60,600,300,0.0,9433,136.7,38.1,33.8,59.7,6.6,-20655.0,-299.4,-2.19,20702.0,-249.8,6014,-400.8,3419,36.9,8463.0
i5.0_w5_p0.618_s12.0_t12.0_WITH_cd60_mh600_mw300_ml0.0,5.0,5,0.618,12.0,12.0,False,60,600,300,0.0,7960,115.4,46.4,38.8,46.2,15.0,-20677.0,-299.7,-2.6,20930.0,-231.6,5019,-444.1,2941,45.4,9497.0
i3.0_w4_p0.236_s8.0_t24.0_WITH_cd60_mh600_mw300_ml0.0,3.0,4,0.236,8.0,24.0,False,60,600,300,0.0,10839,157.1,29.2,16.4,66.0,17.6,-20801.0,-301.5,-1.92,21005.0,-308.5,7078,-270.7,3761,27.4,6106.0
i3.0_w4_p0.236_s12.0_t24.0_WITH_cd60_mh600_mw300_ml0.0,3.0,4,0.236,12.0,24.0,False,60,600,300,0.0,10353,150.0,36.8,21.1,53.8,25.1,-20895.0,-302.8,-2.02,21143.0,-248.3,6666,-415.5,3687,34.6,8918.0
i3.0_w4_p0.5_s12.0_t12.0_WITH_cd60_mh600_mw300_ml0.0,3.0,4,0.5,12.0,12.0,False,60,600,300,0.0,9897,143.4,47.4,39.4,44.7,15.9,-20960.0,-303.8,-2.12,21085.0,-231.6,6403,-457.7,3494,46.4,9747.0
i5.0_w4_p0.618_s12.0_t12.0_WITH_cd60_mh600_mw300_ml0.0,5.0,4,0.618,12.0,12.0,False,60,600,300,0.0,8267,119.8,46.5,39.4,46.2,14.3,-20997.0,-304.3,-2.54,21101.0,-254.0,5205,-407.3,3062,46.0,8651.0
i7.0_w4_p0.382_s10.0_t12.0_WITH_cd60_mh600_mw300_ml0.0,7.0,4,0.382,10.0,12.0,False,60,600,300,0.0,9314,135.0,43.2,37.9,52.7,9.4,-21013.0,-304.5,-2.26,21023.0,-251.6,5927,-413.5,3387,42.3,8693.0
i5.0_w3_p0.236_s8.0_t18.0_WITH_cd60_mh600_mw300_ml0.0,5.0,3,0.236,8.0,18.0,False,60,600,300,0.0,10686,154.9,32.1,23.5,64.3,12.1,-21025.0,-304.7,-1.97,21023.0,-311.5,6946,-274.3,3740,31.3,6416.0
i5.0_w4_p0.382_s10.0_t12.0_WITH_cd60_mh600_mw300_ml0.0,5.0,4,0.382,10.0,12.0,False,60,600,300,0.0,10085,146.2,43.5,37.2,51.3,11.5,-21078.0,-305.5,-2.09,21121.0,-254.2,6524,-410.7,3561,42.7,8625.0
i3.0_w4_p0.382_s8.0_t12.0_WITH_cd60_mh600_mw300_ml0.0,3.0,4,0.382,8.0,12.0,False,60,600,300,0.0,10930,158.4,39.0,32.7,57.0,10.3,-21210.0,-307.4,-1.94,21243.0,-260.8,7222,-401.5,3708,37.5,8486.0
i7.0_w3_p0.382_s10.0_t12.0_WITH_cd60_mh600_mw300_ml0.0,7.0,3,0.382,10.0,12.0,False,60,600,300,0.0,9278,134.5,43.2,38.0,53.2,8.8,-21303.0,-308.7,-2.3,21414.0,-257.7,5890,-413.1,3388,42.3,8787.0
i7.0_w5_p0.382_s8.0_t12.0_WITH_cd60_mh600_mw300_ml0.0,7.0,5,0.382,8.0,12.0,False,60,600,300,0.0,9554,138.5,37.9,33.1,59.0,7.9,-21366.0,-309.7,-2.24,21478.0,-271.5,6109,-384.0,3445,37.0,8176.0
i3.0_w4_p0.618_s10.0_t12.0_WITH_cd60_mh600_mw300_ml0.0,3.0,4,0.618,10.0,12.0,False,60,600,300,0.0,9323,135.1,43.4,35.6,50.8,13.6,-21391.0,-310.0,-2.29,21470.0,-249.5,6000,-436.4,3323,41.7,9457.0
i3.0_w3_p0.382_s10.0_t12.0_WITH_cd60_mh600_mw300_ml0.0,3.0,3,0.382,10.0,12.0,False,60,600,300,0.0,10936,158.5,43.9,36.8,50.4,12.7,-21396.0,-310.1,-1.96,21397.0,-236.4,7203,-467.2,3733,42.1,9893.0
i5.0_w3_p0.618_s12.0_t12.0_WITH_cd60_mh600_mw300_ml0.0,5.0,3,0.618,12.0,12.0,False,60,600,300,0.0,8541,123.8,46.7,40.3,47.0,12.7,-21449.0,-310.9,-2.51,21540.0,-263.6,5354,-406.2,3187,46.4,8576.0
i3.0_w5_p0.5_s8.0_t12.0_WITH_cd60_mh600_mw300_ml0.0,3.0,5,0.5,8.0,12.0,False,60,600,300,0.0,10031,145.4,38.6,31.9,57.2,10.9,-21539.0,-312.2,-2.15,21557.0,-263.7,6535,-410.3,3496,36.9,8675.0
i5.0_w4_p0.382_s8.0_t12.0_WITH_cd60_mh600_mw300_ml0.0,5.0,4,0.382,8.0,12.0,False,60,600,300,0.0,10293,149.2,38.4,33.0,58.3,8.8,-21714.0,-314.7,-2.11,21776.0,-266.6,6701,-412.0,3592,37.1,8700.0
i5.0_w5_p0.236_s8.0_t24.0_WITH_cd60_mh600_mw300_ml0.0,5.0,5,0.236,8.0,24.0,False,60,600,300,0.0,10372,150.3,28.7,16.7,67.3,16.1,-21775.0,-315.6,-2.1,22469.0,-266.8,6710,-414.4,3662,25.6,8801.0
i3.0_w5_p0.618_s10.0_t12.0_WITH_cd60_mh600_mw300_ml0.0,3.0,5,0.618,10.0,12.0,False,60,600,300,0.0,8968,130.0,42.9,34.9,50.6,14.6,-21881.0,-317.1,-2.44,21992.0,-267.6,5774,-417.5,3194,41.7,8905.0
i7.0_w4_p0.236_s6.0_t18.0_WITH_cd60_mh600_mw300_ml0.0,7.0,4,0.236,6.0,18.0,False,60,600,300,0.0,10201,147.8,25.6,19.0,72.7,8.2,-21909.0,-317.5,-2.15,21951.0,-314.4,6585,-309.6,3616,24.9,6533.0
i7.0_w5_p0.236_s8.0_t24.0_WITH_cd60_mh600_mw300_ml0.0,7.0,5,0.236,8.0,24.0,False,60,600,300,0.0,9839,142.6,28.0,17.2,68.5,14.3,-21911.0,-317.5,-2.23,22423.0,-279.1,6295,-392.2,3544,25.8,8352.0
i7.0_w5_p0.236_s12.0_t24.0_WITH_cd60_mh600_mw300_ml0.0,7.0,5,0.236,12.0,24.0,False,60,600,300,0.0,9337,135.3,36.0,22.0,56.4,21.6,-21961.0,-318.3,-2.35,22750.0,-235.3,5872,-496.7,3465,33.2,10522.0
i3.0_w3_p0.618_s10.0_t12.0_WITH_cd60_mh600_mw300_ml0.0,3.0,3,0.618,10.0,12.0,False,60,600,300,0.0,9724,140.9,43.3,36.0,50.9,13.0,-22033.0,-319.3,-2.27,22358.0,-274.2,6257,-409.3,3467,42.4,8829.0
i3.0_w4_p0.236_s6.0_t18.0_WITH_cd60_mh600_mw300_ml0.0,3.0,4,0.236,6.0,18.0,False,60,600,300,0.0,11305,163.8,26.7,18.5,70.5,10.9,-22114.0,-320.5,-1.96,22216.0,-305.1,7518,-341.2,3787,24.7,7222.0
i3.0_w5_p0.382_s6.0_t12.0_WITH_cd60_mh600_mw300_ml0.0,3.0,5,0.382,6.0,12.0,False,60,600,300,0.0,10981,159.1,32.5,27.0,65.1,7.9,-22115.0,-320.5,-2.01,22198.0,-272.1,7299,-418.3,3682,30.3,8815.0
i7.0_w5_p0.236_s6.0_t18.0_WITH_cd60_mh600_mw300_ml0.0,7.0,5,0.236,6.0,18.0,False,60,600,300,0.0,10301,149.3,25.6,19.2,72.8,8.0,-22143.0,-320.9,-2.15,22300.0,-300.7,6700,-352.7,3601,24.3,7541.0
i3.0_w5_p0.236_s12.0_t24.0_WITH_cd60_mh600_mw300_ml0.0,3.0,5,0.236,12.0,24.0,False,60,600,300,0.0,10298,149.2,36.7,20.8,54.1,25.1,-22170.0,-321.3,-2.15,23426.0,-220.8,6597,-540.5,3701,33.3,11430.0
i3.0_w3_p0.5_s12.0_t12.0_WITH_cd60_mh600_mw300_ml0.0,3.0,3,0.5,12.0,12.0,False,60,600,300,0.0,10150,147.1,47.0,39.6,44.8,15.5,-22217.0,-322.0,-2.19,22348.0,-252.2,6570,-469.5,3580,46.1,9987.0
i3.0_w5_p0.236_s8.0_t24.0_WITH_cd60_mh600_mw300_ml0.0,3.0,5,0.236,8.0,24.0,False,60,600,300,0.0,10809,156.7,29.1,16.2,66.2,17.6,-22234.0,-322.2,-2.06,23049.0,-256.5,7030,-460.3,3779,25.4,9743.0
i7.0_w4_p0.382_s12.0_t12.0_WITH_cd60_mh600_mw300_ml0.0,7.0,4,0.382,12.0,12.0,False,60,600,300,0.0,9150,132.6,46.8,41.0,47.3,11.7,-22609.0,-327.7,-2.47,22740.0,-291.9,5786,-395.6,3364,46.9,8524.0
i5.0_w3_p0.382_s10.0_t12.0_WITH_cd60_mh600_mw300_ml0.0,5.0,3,0.382,10.0,12.0,False,60,600,300,0.0,10215,148.0,43.2,37.2,51.9,10.9,-22633.0,-328.0,-2.22,22635.0,-253.4,6624,-486.4,3591,41.7,10240.0
i5.0_w5_p0.236_s6.0_t18.0_WITH_cd60_mh600_mw300_ml0.0,5.0,5,0.236,6.0,18.0,False,60,600,300,0.0,10842,157.1,26.1,18.7,71.8,9.5,-22801.0,-330.4,-2.1,23129.0,-307.5,7139,-368.2,3703,24.3,7754.0
i5.0_w4_p0.236_s6.0_t18.0_WITH_cd60_mh600_mw300_ml0.0,5.0,4,0.236,6.0,18.0,False,60,600,300,0.0,10828,156.9,26.0,18.7,71.8,9.5,-22907.0,-332.0,-2.12,22963.0,-326.6,7120,-328.8,3708,24.9,6949.0
i5.0_w5_p0.236_s12.0_t24.0_WITH_cd60_mh600_mw300_ml0.0,5.0,5,0.236,12.0,24.0,False,60,600,300,0.0,9865,143.0,36.4,21.1,55.2,23.6,-22918.0,-332.1,-2.32,23969.0,-240.8,6287,-529.6,3578,33.5,11175.0
i7.0_w5_p0.236_s10.0_t24.0_WITH_cd60_mh600_mw300_ml0.0,7.0,5,0.236,10.0,24.0,False,60,600,300,0.0,9573,138.7,32.2,19.8,62.2,18.0,-22947.0,-332.6,-2.4,23659.0,-248.7,6059,-512.4,3514,29.1,10865.0
i5.0_w4_p0.382_s12.0_t12.0_WITH_cd60_mh600_mw300_ml0.0,5.0,4,0.382,12.0,12.0,False,60,600,300,0.0,9917,143.7,46.9,40.2,46.1,13.7,-23050.0,-334.1,-2.32,23322.0,-285.2,6375,-432.2,3542,46.7,9317.0
i5.0_w5_p0.236_s10.0_t24.0_WITH_cd60_mh600_mw300_ml0.0,5.0,5,0.236,10.0,24.0,False,60,600,300,0.0,10105,146.4,32.7,19.0,60.9,20.0,-23071.0,-334.4,-2.28,23906.0,-247.4,6471,-521.4,3634,29.6,11045.0
i3.0_w4_p0.382_s10.0_t12.0_WITH_cd60_mh600_mw300_ml0.0,3.0,4,0.382,10.0,12.0,False,60,600,300,0.0,10739,155.6,43.5,36.3,50.7,13.0,-23165.0,-335.7,-2.16,23189.0,-276.6,7047,-457.8,3692,42.2,9619.0
i3.0_w5_p0.236_s10.0_t24.0_WITH_cd60_mh600_mw300_ml0.0,3.0,5,0.236,10.0,24.0,False,60,600,300,0.0,10521,152.5,33.1,18.5,59.9,21.6,-23190.0,-336.1,-2.2,24202.0,-228.4,6794,-571.3,3727,29.2,12057.0
i7.0_w3_p0.382_s12.0_t12.0_WITH_cd60_mh600_mw300_ml0.0,7.0,3,0.382,12.0,12.0,False,60,600,300,0.0,9124,132.2,46.9,41.1,48.1,10.8,-23222.0,-336.6,-2.55,23336.0,-269.8,5764,-476.2,3360,45.9,10115.0
i7.0_w5_p0.5_s12.0_t12.0_WITH_cd60_mh600_mw300_ml0.0,7.0,5,0.5,12.0,12.0,False,60,600,300,0.0,8191,118.7,46.1,39.5,47.7,12.8,-23237.0,-336.8,-2.84,23324.0,-242.0,5074,-541.8,3117,44.4,11585.0
i5.0_w5_p0.5_s10.0_t12.0_WITH_cd60_mh600_mw300_ml0.0,5.0,5,0.5,10.0,12.0,False,60,600,300,0.0,9139,132.4,42.7,35.7,52.1,12.2,-23330.0,-338.1,-2.55,23309.0,-255.5,5816,-514.8,3323,40.7,10895.0
i3.0_w5_p0.618_s12.0_t12.0_WITH_cd60_mh600_mw300_ml0.0,3.0,5,0.618,12.0,12.0,False,60,600,300,0.0,8767,127.1,46.2,37.4,45.2,17.5,-23758.0,-344.3,-2.71,23930.0,-277.8,5590,-483.1,3177,45.2,10320.0
i3.0_w5_p0.382_s8.0_t12.0_WITH_cd60_mh600_mw300_ml0.0,3.0,5,0.382,8.0,12.0,False,60,600,300,0.0,10742,155.7,38.2,31.8,57.7,10.5,-24090.0,-349.1,-2.24,24176.0,-300.6,7085,-445.7,3657,36.8,9372.0
i5.0_w3_p0.382_s12.0_t12.0_WITH_cd60_mh600_mw300_ml0.0,5.0,3,0.382,12.0,12.0,False,60,600,300,0.0,10052,145.7,46.8,40.2,46.6,13.3,-24093.0,-349.2,-2.4,24091.0,-270.4,6491,-516.4,3561,45.6,10866.0
i3.0_w4_p0.382_s12.0_t12.0_WITH_cd60_mh600_mw300_ml0.0,3.0,4,0.382,12.0,12.0,False,60,600,300,0.0,10585,153.4,46.9,39.3,45.3,15.4,-24539.0,-355.6,-2.32,24718.0,-302.3,6901,-463.2,3684,46.4,9945.0
i5.0_w4_p0.236_s8.0_t18.0_WITH_cd60_mh600_mw300_ml0.0,5.0,4,0.236,8.0,18.0,False,60,600,300,0.0,10621,153.9,31.6,22.5,64.5,13.0,-24656.0,-357.3,-2.32,24736.0,-306.2,6920,-459.7,3701,29.5,9711.0
i3.0_w4_p0.618_s12.0_t12.0_WITH_cd60_mh600_mw300_ml0.0,3.0,4,0.618,12.0,12.0,False,60,600,300,0.0,9111,132.0,46.3,37.8,45.6,16.6,-24677.0,-357.6,-2.71,24785.0,-275.4,5844,-532.6,3267,44.7,11347.0
i5.0_w4_p0.236_s10.0_t18.0_WITH_cd60_mh600_mw300_ml0.0,5.0,4,0.236,10.0,18.0,False,60,600,300,0.0,10418,151.0,36.3,25.8,58.0,16.2,-24832.0,-359.9,-2.38,24932.0,-284.4,6738,-518.9,3680,33.9,10975.0
i7.0_w4_p0.236_s8.0_t18.0_WITH_cd60_mh600_mw300_ml0.0,7.0,4,0.236,8.0,18.0,False,60,600,300,0.0,10011,145.1,30.8,22.9,66.1,11.0,-24843.0,-360.0,-2.48,24883.0,-314.0,6408,-450.2,3603,29.3,9489.0
i5.0_w5_p0.382_s10.0_t12.0_WITH_cd60_mh600_mw300_ml0.0,5.0,5,0.382,10.0,12.0,False,60,600,300,0.0,10033,145.4,42.6,36.2,51.8,12.0,-24852.0,-360.2,-2.48,24947.0,-297.3,6483,-489.8,3550,41.4,10384.0
i5.0_w5_p0.5_s12.0_t12.0_WITH_cd60_mh600_mw300_ml0.0,5.0,5,0.5,12.0,12.0,False,60,600,300,0.0,8957,129.8,46.3,38.6,46.7,14.7,-24852.0,-360.2,-2.77,24942.0,-266.6,5662,-561.3,3295,44.6,12014.0
i3.0_w3_p0.382_s12.0_t12.0_WITH_cd60_mh600_mw300_ml0.0,3.0,3,0.382,12.0,12.0,False,60,600,300,0.0,10755,155.9,46.9,39.5,45.4,15.1,-24871.0,-360.5,-2.31,24938.0,-281.0,7045,-528.7,3710,45.6,11122.0
i3.0_w5_p0.5_s10.0_t12.0_WITH_cd60_mh600_mw300_ml0.0,3.0,5,0.5,10.0,12.0,False,60,600,300,0.0,9806,142.1,42.6,35.1,51.2,13.7,-24879.0,-360.6,-2.54,24945.0,-283.9,6325,-522.3,3481,40.8,11061.0
i3.0_w4_p0.236_s8.0_t18.0_WITH_cd60_mh600_mw300_ml0.0,3.0,4,0.236,8.0,18.0,False,60,600,300,0.0,11110,161.0,31.8,22.3,63.6,14.1,-24881.0,-360.6,-2.24,25049.0,-317.8,7308,-443.4,3802,29.7,9431.0
i5.0_w4_p0.236_s12.0_t18.0_WITH_cd60_mh600_mw300_ml0.0,5.0,4,0.236,12.0,18.0,False,60,600,300,0.0,10219,148.1,39.8,28.7,52.5,18.9,-25009.0,-362.5,-2.45,25199.0,-275.9,6572,-547.2,3647,37.7,11659.0
i7.0_w5_p0.382_s12.0_t12.0_WITH_cd60_mh600_mw300_ml0.0,7.0,5,0.382,12.0,12.0,False,60,600,300,0.0,9211,133.5,46.0,39.9,47.3,12.7,-25364.0,-367.6,-2.75,25475.0,-297.5,5820,-513.5,3391,45.0,10950.0
i7.0_w4_p0.236_s10.0_t18.0_WITH_cd60_mh600_mw300_ml0.0,7.0,4,0.236,10.0,18.0,False,60,600,300,0.0,9835,142.5,35.6,26.3,59.9,13.8,-25752.0,-373.2,-2.62,25898.0,-309.4,6251,-504.4,3584,33.8,10734.0
i7.0_w5_p0.382_s10.0_t12.0_WITH_cd60_mh600_mw300_ml0.0,7.0,5,0.382,10.0,12.0,False,60,600,300,0.0,9396,136.2,41.8,36.4,53.4,10.2,-25959.0,-376.2,-2.76,26082.0,-312.6,5971,-506.7,3425,40.8,10765.0
i3.0_w4_p0.236_s12.0_t18.0_WITH_cd60_mh600_mw300_ml0.0,3.0,4,0.236,12.0,18.0,False,60,600,300,0.0,10683,154.8,39.8,28.1,51.5,20.3,-25996.0,-376.8,-2.43,26285.0,-287.1,6938,-568.0,3745,37.6,12162.0
i7.0_w5_p0.236_s8.0_t18.0_WITH_cd60_mh600_mw300_ml0.0,7.0,5,0.236,8.0,18.0,False,60,600,300,0.0,10095,146.3,30.8,22.8,66.1,11.1,-26050.0,-377.5,-2.58,26229.0,-326.7,6504,-478.1,3591,29.0,10230.0
i3.0_w5_p0.236_s6.0_t18.0_WITH_cd60_mh600_mw300_ml0.0,3.0,5,0.236,6.0,18.0,False,60,600,300,0.0,11287,163.6,25.9,17.8,71.5,10.7,-26139.0,-378.8,-2.32,26272.0,-339.3,7496,-453.1,3791,23.5,9502.0
i3.0_w3_p0.618_s12.0_t12.0_WITH_cd60_mh600_mw300_ml0.0,3.0,3,0.618,12.0,12.0,False,60,600,300,0.0,9490,137.5,46.1,38.3,46.1,15.6,-26176.0,-379.4,-2.76,26355.0,-321.0,6072,-497.6,3418,45.6,10509.0
i3.0_w4_p0.236_s10.0_t18.0_WITH_cd60_mh600_mw300_ml0.0,3.0,4,0.236,10.0,18.0,False,60,600,300,0.0,10888,157.8,36.3,25.1,57.2,17.6,-26463.0,-383.5,-2.43,26623.0,-316.4,7100,-521.9,3788,34.0,11068.0
i7.0_w3_p0.236_s6.0_t12.0_WITH_cd60_mh600_mw300_ml0.0,7.0,3,0.236,6.0,12.0,False,60,600,300,0.0,10325,149.6,30.1,27.1,68.6,4.3,-26667.0,-386.5,-2.58,26725.0,-376.6,6700,-391.2,3625,30.4,8222.0
i7.0_w4_p0.236_s12.0_t18.0_WITH_cd60_mh600_mw300_ml0.0,7.0,4,0.236,12.0,18.0,False,60,600,300,0.0,9659,140.0,39.1,29.0,54.4,16.6,-26967.0,-390.8,-2.79,27164.0,-314.3,6112,-550.8,3547,37.6,11760.0
i7.0_w5_p0.236_s12.0_t18.0_WITH_cd60_mh600_mw300_ml0.0,7.0,5,0.236,12.0,18.0,False,60,600,300,0.0,9680,140.3,39.2,28.9,53.9,17.2,-27145.0,-393.4,-2.8,27397.0,-289.2,6139,-617.9,3541,36.6,13157.0
i5.0_w5_p0.236_s8.0_t18.0_WITH_cd60_mh600_mw300_ml0.0,5.0,5,0.236,8.0,18.0,False,60,600,300,0.0,10617,153.9,31.1,22.1,65.1,12.8,-27332.0,-396.1,-2.57,27419.0,-335.4,6925,-519.0,3692,28.7,10959.0
i3.0_w5_p0.236_s12.0_t18.0_WITH_cd60_mh600_mw300_ml0.0,3.0,5,0.236,12.0,18.0,False,60,600,300,0.0,10612,153.8,39.6,27.8,51.8,20.4,-27427.0,-397.5,-2.58,27535.0,-276.4,6873,-661.1,3739,36.6,13939.0
i3.0_w5_p0.382_s10.0_t12.0_WITH_cd60_mh600_mw300_ml0.0,3.0,5,0.382,10.0,12.0,False,60,600,300,0.0,10536,152.7,42.4,35.2,51.4,13.4,-27433.0,-397.6,-2.6,27513.0,-320.2,6897,-559.3,3639,40.8,11856.0
i5.0_w5_p0.236_s12.0_t18.0_WITH_cd60_mh600_mw300_ml0.0,5.0,5,0.236,12.0,18.0,False,60,600,300,0.0,10223,148.2,39.4,28.2,52.8,19.0,-27671.0,-401.0,-2.71,27744.0,-291.8,6569,-636.7,3654,36.9,13400.0
i5.0_w3_p0.236_s6.0_t12.0_WITH_cd60_mh600_mw300_ml0.0,5.0,3,0.236,6.0,12.0,False,60,600,300,0.0,11157,161.7,30.7,26.7,67.7,5.6,-27761.0,-402.3,-2.49,27796.0,-391.1,7399,-409.3,3758,30.5,8627.0
i7.0_w5_p0.236_s10.0_t18.0_WITH_cd60_mh600_mw300_ml0.0,7.0,5,0.236,10.0,18.0,False,60,600,300,0.0,9872,143.1,35.2,25.9,59.7,14.3,-27797.0,-402.8,-2.82,27989.0,-305.7,6294,-610.2,3578,32.5,12993.0
i3.0_w5_p0.5_s12.0_t12.0_WITH_cd60_mh600_mw300_ml0.0,3.0,5,0.5,12.0,12.0,False,60,600,300,0.0,9635,139.6,45.8,37.7,46.0,16.3,-27981.0,-405.5,-2.9,28085.0,-313.2,6208,-601.6,3427,44.3,12860.0
i5.0_w5_p0.382_s12.0_t12.0_WITH_cd60_mh600_mw300_ml0.0,5.0,5,0.382,12.0,12.0,False,60,600,300,0.0,9831,142.5,45.8,38.8,46.8,14.4,-28168.0,-408.2,-2.87,28280.0,-333.0,6323,-564.3,3508,44.9,12041.0
i7.0_w4_p0.236_s6.0_t12.0_WITH_cd60_mh600_mw300_ml0.0,7.0,4,0.236,6.0,12.0,False,60,600,300,0.0,10469,151.7,29.8,26.3,68.7,5.1,-28595.0,-414.4,-2.73,28643.0,-391.9,6833,-447.2,3636,29.6,9465.0
i3.0_w5_p0.236_s8.0_t18.0_WITH_cd60_mh600_mw300_ml0.0,3.0,5,0.236,8.0,18.0,False,60,600,300,0.0,11066,160.4,31.3,21.6,64.4,14.1,-28697.0,-415.9,-2.59,28758.0,-326.2,7274,-605.3,3792,28.0,12695.0
i5.0_w5_p0.236_s10.0_t18.0_WITH_cd60_mh600_mw300_ml0.0,5.0,5,0.236,10.0,18.0,False,60,600,300,0.0,10400,150.7,35.4,25.2,58.7,16.1,-28807.0,-417.5,-2.77,28881.0,-313.8,6709,-639.6,3691,32.6,13474.0
i3.0_w3_p0.236_s6.0_t12.0_WITH_cd60_mh600_mw300_ml0.0,3.0,3,0.236,6.0,12.0,False,60,600,300,0.0,11728,170.0,31.0,26.1,66.9,7.0,-29004.0,-420.4,-2.47,29061.0,-405.2,7920,-435.8,3808,30.1,9211.0
i3.0_w3_p0.236_s8.0_t12.0_WITH_cd60_mh600_mw300_ml0.0,3.0,3,0.236,8.0,12.0,False,60,600,300,0.0,11553,167.4,37.5,31.7,58.8,9.5,-29012.0,-420.5,-2.51,29103.0,-379.7,7719,-495.7,3834,36.4,10497.0
i7.0_w3_p0.236_s8.0_t12.0_WITH_cd60_mh600_mw300_ml0.0,7.0,3,0.236,8.0,12.0,False,60,600,300,0.0,10197,147.8,36.2,32.4,61.3,6.3,-29130.0,-422.2,-2.86,29178.0,-395.4,6584,-464.6,3613,36.3,9813.0
i3.0_w5_p0.236_s10.0_t18.0_WITH_cd60_mh600_mw300_ml0.0,3.0,5,0.236,10.0,18.0,False,60,600,300,0.0,10827,156.9,35.6,24.7,57.8,17.5,-29377.0,-425.8,-2.71,29441.0,-309.6,7065,-676.6,3762,32.3,14236.0
i7.0_w5_p0.236_s6.0_t12.0_WITH_cd60_mh600_mw300_ml0.0,7.0,5,0.236,6.0,12.0,False,60,600,300,0.0,10570,153.2,29.8,26.1,68.8,5.1,-29511.0,-427.7,-2.79,29595.0,-381.5,6938,-515.1,3632,28.6,10936.0
i5.0_w3_p0.236_s8.0_t12.0_WITH_cd60_mh600_mw300_ml0.0,5.0,3,0.236,8.0,12.0,False,60,600,300,0.0,11010,159.6,37.0,31.9,60.0,8.1,-29809.0,-432.0,-2.71,29816.0,-411.7,7246,-458.8,3764,36.7,9646.0
i5.0_w5_p0.236_s6.0_t12.0_WITH_cd60_mh600_mw300_ml0.0,5.0,5,0.236,6.0,12.0,False,60,600,300,0.0,11141,161.5,30.1,25.7,68.1,6.2,-30540.0,-442.6,-2.74,30527.0,-396.6,7435,-529.0,3706,28.6,11106.0
i3.0_w4_p0.236_s6.0_t12.0_WITH_cd60_mh600_mw300_ml0.0,3.0,4,0.236,6.0,12.0,False,60,600,300,0.0,11618,168.4,30.3,25.4,67.2,7.4,-31280.0,-453.3,-2.69,31326.0,-423.5,7854,-501.3,3764,29.1,10561.0
i5.0_w4_p0.236_s6.0_t12.0_WITH_cd60_mh600_mw300_ml0.0,5.0,4,0.236,6.0,12.0,False,60,600,300,0.0,11112,161.0,29.8,25.4,68.2,6.3,-31281.0,-453.3,-2.82,31311.0,-428.2,7399,-490.3,3713,29.2,10340.0
i3.0_w5_p0.382_s12.0_t12.0_WITH_cd60_mh600_mw300_ml0.0,3.0,5,0.382,12.0,12.0,False,60,600,300,0.0,10342,149.9,45.3,37.7,46.4,15.9,-31366.0,-454.6,-3.03,31464.0,-375.7,6734,-617.1,3608,44.4,13096.0
i7.0_w3_p0.236_s10.0_t12.0_WITH_cd60_mh600_mw300_ml0.0,7.0,3,0.236,10.0,12.0,False,60,600,300,0.0,10065,145.9,41.1,36.5,55.2,8.3,-31393.0,-455.0,-3.12,31428.0,-395.6,6446,-571.9,3619,40.3,12116.0
i5.0_w3_p0.236_s10.0_t12.0_WITH_cd60_mh600_mw300_ml0.0,5.0,3,0.236,10.0,12.0,False,60,600,300,0.0,10861,157.4,41.5,35.7,54.0,10.3,-32701.0,-473.9,-3.01,32752.0,-422.1,7090,-572.2,3771,40.8,12079.0
i7.0_w4_p0.236_s8.0_t12.0_WITH_cd60_mh600_mw300_ml0.0,7.0,4,0.236,8.0,12.0,False,60,600,300,0.0,10334,149.8,35.6,31.1,61.8,7.1,-32706.0,-474.0,-3.16,32749.0,-417.8,6707,-582.5,3627,34.7,12302.0
i3.0_w5_p0.236_s6.0_t12.0_WITH_cd60_mh600_mw300_ml0.0,3.0,5,0.236,6.0,12.0,False,60,600,300,0.0,11571,167.7,30.0,25.0,67.8,7.2,-32963.0,-477.7,-2.85,32973.0,-422.4,7818,-584.1,3753,27.9,12263.0
i3.0_w3_p0.236_s10.0_t12.0_WITH_cd60_mh600_mw300_ml0.0,3.0,3,0.236,10.0,12.0,False,60,600,300,0.0,11403,165.3,41.8,35.1,52.9,12.0,-33143.0,-480.3,-2.91,33253.0,-420.1,7554,-598.0,3849,40.7,12651.0
i5.0_w4_p0.236_s8.0_t12.0_WITH_cd60_mh600_mw300_ml0.0,5.0,4,0.236,8.0,12.0,False,60,600,300,0.0,10973,159.0,36.0,30.5,60.6,8.9,-33915.0,-491.5,-3.09,33965.0,-427.8,7262,-616.8,3711,34.5,12994.0
i7.0_w5_p0.236_s8.0_t12.0_WITH_cd60_mh600_mw300_ml0.0,7.0,5,0.236,8.0,12.0,False,60,600,300,0.0,10430,151.2,35.5,30.7,61.8,7.5,-34104.0,-494.3,-3.27,34240.0,-422.1,6787,-639.1,3643,34.0,13597.0
i3.0_w3_p0.236_s12.0_t12.0_WITH_cd60_mh600_mw300_ml0.0,3.0,3,0.236,12.0,12.0,False,60,600,300,0.0,11227,162.7,45.5,38.4,47.2,14.4,-34178.0,-495.3,-3.04,34282.0,-385.0,7392,-729.3,3835,43.6,15358.0
i7.0_w3_p0.236_s12.0_t12.0_WITH_cd60_mh600_mw300_ml0.0,7.0,3,0.236,12.0,12.0,False,60,600,300,0.0,9928,143.9,44.6,39.6,49.8,10.6,-34315.0,-497.3,-3.46,34313.0,-416.2,6326,-663.0,3602,43.8,13964.0
i7.0_w4_p0.236_s10.0_t12.0_WITH_cd60_mh600_mw300_ml0.0,7.0,4,0.236,10.0,12.0,False,60,600,300,0.0,10181,147.6,40.5,35.4,55.4,9.2,-34621.0,-501.8,-3.4,34710.0,-426.7,6562,-652.9,3619,39.5,13825.0
i5.0_w5_p0.236_s8.0_t12.0_WITH_cd60_mh600_mw300_ml0.0,5.0,5,0.236,8.0,12.0,False,60,600,300,0.0,10971,159.0,35.9,30.3,60.8,8.9,-34816.0,-504.6,-3.17,34877.0,-424.2,7258,-668.2,3713,33.7,14099.0
i5.0_w3_p0.236_s12.0_t12.0_WITH_cd60_mh600_mw300_ml0.0,5.0,3,0.236,12.0,12.0,False,60,600,300,0.0,10710,155.2,45.1,38.9,48.5,12.7,-34862.0,-505.3,-3.26,34881.0,-416.2,6940,-688.9,3770,44.0,14486.0
i5.0_w4_p0.236_s10.0_t12.0_WITH_cd60_mh600_mw300_ml0.0,5.0,4,0.236,10.0,12.0,False,60,600,300,0.0,10816,156.8,41.0,34.7,54.1,11.2,-35428.0,-513.5,-3.28,35494.0,-422.0,7112,-702.4,3704,39.2,14802.0
i3.0_w4_p0.236_s8.0_t12.0_WITH_cd60_mh600_mw300_ml0.0,3.0,4,0.236,8.0,12.0,False,60,600,300,0.0,11472,166.3,35.8,30.1,60.1,9.8,-35926.0,-520.7,-3.13,35972.0,-461.2,7696,-634.6,3776,34.3,13355.0
i3.0_w5_p0.236_s8.0_t12.0_WITH_cd60_mh600_mw300_ml0.0,3.0,5,0.236,8.0,12.0,False,60,600,300,0.0,11402,165.2,35.9,29.8,60.2,10.0,-36085.0,-523.0,-3.16,36093.0,-427.2,7629,-721.4,3773,33.1,15139.0
i7.0_w4_p0.236_s12.0_t12.0_WITH_cd60_mh600_mw300_ml0.0,7.0,4,0.236,12.0,12.0,False,60,600,300,0.0,10056,145.7,44.4,38.7,49.9,11.4,-36153.0,-524.0,-3.6,36268.0,-424.9,6455,-730.2,3601,43.2,15475.0
i5.0_w4_p0.236_s12.0_t12.0_WITH_cd60_mh600_mw300_ml0.0,5.0,4,0.236,12.0,12.0,False,60,600,300,0.0,10654,154.4,44.7,38.0,48.7,13.3,-36872.0,-534.4,-3.46,36959.0,-422.5,6967,-770.1,3687,43.1,16245.0
i7.0_w5_p0.236_s10.0_t12.0_WITH_cd60_mh600_mw300_ml0.0,7.0,5,0.236,10.0,12.0,False,60,600,300,0.0,10255,148.6,40.2,34.5,55.4,10.1,-37153.0,-538.5,-3.62,37267.0,-427.0,6626,-772.8,3629,37.9,16410.0
i7.0_w5_p0.236_s12.0_t12.0_WITH_cd60_mh600_mw300_ml0.0,7.0,5,0.236,12.0,12.0,False,60,600,300,0.0,10121,146.7,44.3,38.1,49.7,12.2,-37843.0,-548.5,-3.74,37920.0,-420.0,6521,-822.1,3600,42.0,17412.0
i3.0_w4_p0.236_s10.0_t12.0_WITH_cd60_mh600_mw300_ml0.0,3.0,4,0.236,10.0,12.0,False,60,600,300,0.0,11302,163.8,40.6,34.0,53.6,12.4,-37874.0,-548.9,-3.35,37944.0,-449.8,7521,-754.0,3781,38.6,15861.0
i3.0_w4_p0.236_s12.0_t12.0_WITH_cd60_mh600_mw300_ml0.0,3.0,4,0.236,12.0,12.0,False,60,600,300,0.0,11143,161.5,44.5,37.5,47.8,14.7,-37962.0,-550.2,-3.41,38080.0,-438.3,7376,-785.0,3767,42.9,16555.0
i5.0_w5_p0.236_s10.0_t12.0_WITH_cd60_mh600_mw300_ml0.0,5.0,5,0.236,10.0,12.0,False,60,600,300,0.0,10781,156.2,40.3,33.9,54.5,11.5,-38295.0,-555.0,-3.55,38324.0,-447.3,7078,-780.0,3703,38.1,16434.0
i5.0_w5_p0.236_s12.0_t12.0_WITH_cd60_mh600_mw300_ml0.0,5.0,5,0.236,12.0,12.0,False,60,600,300,0.0,10642,154.2,44.4,37.5,48.7,13.7,-38344.0,-555.7,-3.6,38365.0,-425.0,6963,-834.3,3679,42.2,17563.0
i3.0_w5_p0.236_s12.0_t12.0_WITH_cd60_mh600_mw300_ml0.0,3.0,5,0.236,12.0,12.0,False,60,600,300,0.0,11050,160.1,44.6,37.3,47.8,14.9,-38432.0,-557.0,-3.48,38478.0,-411.1,7292,-870.8,3758,41.9,18306.0
i3.0_w5_p0.236_s10.0_t12.0_WITH_cd60_mh600_mw300_ml0.0,3.0,5,0.236,10.0,12.0,False,60,600,300,0.0,11201,162.3,40.2,33.7,53.8,12.5,-38965.0,-564.7,-3.48,38995.0,-449.9,7436,-805.8,3765,37.8,16927.0
