name,imp,W,pull,stop,tgt,htf,n,tr_day,wr,to%,net,per_day,per_trade,maxDD,worst_month,months
i2.0_w3_p0.118_s5.0_t24.0_htf0,2.0,3,0.118,5.0,24.0,0,11573,167.7,34.0,14.2,28565.0,414.0,2.47,3032.0,95.0,"{'2025-12': 372.0, '2026-01': 95.0, '2026-02': 793.0}"
i2.0_w3_p0.118_s5.0_t24.0_htf30,2.0,3,0.118,5.0,24.0,30,8698,126.1,32.4,16.1,8050.0,116.7,0.93,4898.0,-25.0,"{'2025-12': -25.0, '2026-01': -13.0, '2026-02': 369.0}"
i2.0_w3_p0.118_s5.0_t24.0_htf60,2.0,3,0.118,5.0,24.0,60,8950,129.7,32.6,16.0,9679.0,140.3,1.08,4241.0,-15.0,"{'2025-12': -15.0, '2026-01': 7.0, '2026-02': 408.0}"
i2.0_w3_p0.118_s5.0_t40.0_htf0,2.0,3,0.118,5.0,40.0,0,10983,159.2,30.3,21.2,38025.0,551.1,3.46,3917.0,268.0,"{'2025-12': 346.0, '2026-01': 268.0, '2026-02': 1020.0}"
i2.0_w3_p0.118_s5.0_t40.0_htf30,2.0,3,0.118,5.0,40.0,30,8491,123.1,28.0,22.3,4911.0,71.2,0.58,7238.0,-122.0,"{'2025-12': -122.0, '2026-01': -4.0, '2026-02': 305.0}"
i2.0_w3_p0.118_s5.0_t40.0_htf60,2.0,3,0.118,5.0,40.0,60,8728,126.5,28.1,22.2,5863.0,85.0,0.67,6301.0,-158.0,"{'2025-12': -158.0, '2026-01': 7.0, '2026-02': 361.0}"
i2.0_w3_p0.118_s5.0_t60.0_htf0,2.0,3,0.118,5.0,60.0,0,10498,152.1,30.2,27.1,44440.0,644.1,4.23,3132.0,322.0,"{'2025-12': 442.0, '2026-01': 322.0, '2026-02': 1153.0}"
i2.0_w3_p0.118_s5.0_t60.0_htf30,2.0,3,0.118,5.0,60.0,30,8379,121.4,26.6,25.7,1404.0,20.3,0.17,8342.0,-132.0,"{'2025-12': -132.0, '2026-01': -36.0, '2026-02': 201.0}"
i2.0_w3_p0.118_s5.0_t60.0_htf60,2.0,3,0.118,5.0,60.0,60,8635,125.1,26.6,25.6,2992.0,43.4,0.35,6967.0,-181.0,"{'2025-12': -181.0, '2026-01': 8.0, '2026-02': 260.0}"
i2.0_w3_p0.118_s8.0_t24.0_htf0,2.0,3,0.118,8.0,24.0,0,11245,163.0,38.5,19.2,15156.0,219.6,1.35,5062.0,-1.0,"{'2025-12': 67.0, '2026-01': -1.0, '2026-02': 579.0}"
i2.0_w3_p0.118_s8.0_t24.0_htf30,2.0,3,0.118,8.0,24.0,30,8293,120.2,38.5,22.8,4868.0,70.5,0.59,6979.0,-86.0,"{'2025-12': -58.0, '2026-01': -86.0, '2026-02': 342.0}"
i2.0_w3_p0.118_s8.0_t24.0_htf60,2.0,3,0.118,8.0,24.0,60,8516,123.4,38.6,22.4,5310.0,77.0,0.62,6257.0,-80.0,"{'2025-12': -80.0, '2026-01': -58.0, '2026-02': 347.0}"
i2.0_w3_p0.118_s8.0_t40.0_htf0,2.0,3,0.118,8.0,40.0,0,10633,154.1,34.3,27.5,20623.0,298.9,1.94,5435.0,19.0,"{'2025-12': 19.0, '2026-01': 94.0, '2026-02': 742.0}"
i2.0_w3_p0.118_s8.0_t40.0_htf30,2.0,3,0.118,8.0,40.0,30,8046,116.6,33.8,30.3,1355.0,19.6,0.17,9558.0,-148.0,"{'2025-12': -148.0, '2026-01': -93.0, '2026-02': 273.0}"
i2.0_w3_p0.118_s8.0_t40.0_htf60,2.0,3,0.118,8.0,40.0,60,8236,119.4,33.5,30.2,-375.0,-5.4,-0.05,9486.0,-231.0,"{'2025-12': -231.0, '2026-01': -80.0, '2026-02': 254.0}"
i2.0_w3_p0.118_s8.0_t60.0_htf0,2.0,3,0.118,8.0,60.0,0,10125,146.7,34.0,33.9,30795.0,446.3,3.04,4265.0,171.0,"{'2025-12': 196.0, '2026-01': 171.0, '2026-02': 943.0}"
i2.0_w3_p0.118_s8.0_t60.0_htf30,2.0,3,0.118,8.0,60.0,30,7909,114.6,32.1,34.3,-2920.0,-42.3,-0.37,10732.0,-159.0,"{'2025-12': -159.0, '2026-01': -120.0, '2026-02': 133.0}"
i2.0_w3_p0.118_s8.0_t60.0_htf60,2.0,3,0.118,8.0,60.0,60,8130,117.8,31.8,34.1,-4821.0,-69.9,-0.59,10678.0,-295.0,"{'2025-12': -295.0, '2026-01': -89.0, '2026-02': 129.0}"
i2.0_w3_p0.118_s10.0_t24.0_htf0,2.0,3,0.118,10.0,24.0,0,11064,160.3,40.9,22.3,7956.0,115.3,0.72,6692.0,-156.0,"{'2025-12': -156.0, '2026-01': -44.0, '2026-02': 503.0}"
i2.0_w3_p0.118_s10.0_t24.0_htf30,2.0,3,0.118,10.0,24.0,30,8053,116.7,41.2,27.1,1733.0,25.1,0.22,7579.0,-118.0,"{'2025-12': -69.0, '2026-01': -118.0, '2026-02': 255.0}"
i2.0_w3_p0.118_s10.0_t24.0_htf60,2.0,3,0.118,10.0,24.0,60,8265,119.8,41.4,26.5,3067.0,44.4,0.37,6639.0,-112.0,"{'2025-12': -112.0, '2026-01': -69.0, '2026-02': 291.0}"
i2.0_w3_p0.118_s10.0_t40.0_htf0,2.0,3,0.118,10.0,40.0,0,10404,150.8,36.8,30.9,15218.0,220.6,1.46,6348.0,-61.0,"{'2025-12': -61.0, '2026-01': 28.0, '2026-02': 652.0}"
i2.0_w3_p0.118_s10.0_t40.0_htf30,2.0,3,0.118,10.0,40.0,30,7772,112.6,36.2,35.3,-2381.0,-34.5,-0.31,9998.0,-150.0,"{'2025-12': -150.0, '2026-01': -136.0, '2026-02': 167.0}"
i2.0_w3_p0.118_s10.0_t40.0_htf60,2.0,3,0.118,10.0,40.0,60,7979,115.6,36.0,35.1,-4030.0,-58.4,-0.51,9859.0,-268.0,"{'2025-12': -268.0, '2026-01': -90.0, '2026-02': 142.0}"
i2.0_w3_p0.118_s10.0_t60.0_htf0,2.0,3,0.118,10.0,60.0,0,9847,142.7,35.9,38.0,20801.0,301.5,2.11,5802.0,65.0,"{'2025-12': 65.0, '2026-01': 67.0, '2026-02': 743.0}"
i2.0_w3_p0.118_s10.0_t60.0_htf30,2.0,3,0.118,10.0,60.0,30,7640,110.7,34.4,39.6,-7528.0,-109.1,-0.99,12447.0,-199.0,"{'2025-12': -199.0, '2026-01': -188.0, '2026-02': 47.0}"
i2.0_w3_p0.118_s10.0_t60.0_htf60,2.0,3,0.118,10.0,60.0,60,7858,113.9,34.2,39.1,-8630.0,-125.1,-1.1,11943.0,-351.0,"{'2025-12': -351.0, '2026-01': -110.0, '2026-02': 38.0}"
i2.0_w3_p0.118_s14.0_t24.0_htf0,2.0,3,0.118,14.0,24.0,0,10669,154.6,44.2,27.6,-4156.0,-60.2,-0.39,11792.0,-334.0,"{'2025-12': -334.0, '2026-01': -170.0, '2026-02': 275.0}"
i2.0_w3_p0.118_s14.0_t24.0_htf30,2.0,3,0.118,14.0,24.0,30,7668,111.1,46.0,34.2,1605.0,23.3,0.21,6258.0,-74.0,"{'2025-12': -74.0, '2026-01': -73.0, '2026-02': 205.0}"
i2.0_w3_p0.118_s14.0_t24.0_htf60,2.0,3,0.118,14.0,24.0,60,7831,113.5,46.8,34.1,5454.0,79.0,0.7,5588.0,-140.0,"{'2025-12': -140.0, '2026-01': -26.0, '2026-02': 367.0}"
i2.0_w3_p0.118_s14.0_t40.0_htf0,2.0,3,0.118,14.0,40.0,0,9989,144.8,39.0,37.9,-3964.0,-57.4,-0.4,11286.0,-413.0,"{'2025-12': -413.0, '2026-01': -63.0, '2026-02': 230.0}"
i2.0_w3_p0.118_s14.0_t40.0_htf30,2.0,3,0.118,14.0,40.0,30,7323,106.1,40.9,44.2,-3002.0,-43.5,-0.41,10179.0,-209.0,"{'2025-12': -209.0, '2026-01': -107.0, '2026-02': 156.0}"
i2.0_w3_p0.118_s14.0_t40.0_htf60,2.0,3,0.118,14.0,40.0,60,7458,108.1,40.9,44.4,-3778.0,-54.7,-0.51,9424.0,-327.0,"{'2025-12': -327.0, '2026-01': -54.0, '2026-02': 160.0}"
i2.0_w3_p0.118_s14.0_t60.0_htf0,2.0,3,0.118,14.0,60.0,0,9424,136.6,38.7,45.4,7909.0,114.6,0.84,7552.0,-251.0,"{'2025-12': -251.0, '2026-01': 31.0, '2026-02': 495.0}"
i2.0_w3_p0.118_s14.0_t60.0_htf30,2.0,3,0.118,14.0,60.0,30,7161,103.8,38.9,49.3,-9003.0,-130.5,-1.26,12140.0,-238.0,"{'2025-12': -238.0, '2026-01': -153.0, '2026-02': -21.0}"
i2.0_w3_p0.118_s14.0_t60.0_htf60,2.0,3,0.118,14.0,60.0,60,7316,106.0,38.8,49.3,-9276.0,-134.4,-1.27,12138.0,-399.0,"{'2025-12': -399.0, '2026-01': -96.0, '2026-02': 33.0}"
i2.0_w3_p0.236_s5.0_t24.0_htf0,2.0,3,0.236,5.0,24.0,0,11363,164.7,31.7,13.9,12464.0,180.6,1.1,6532.0,-35.0,"{'2025-12': 157.0, '2026-01': -35.0, '2026-02': 432.0}"
i2.0_w3_p0.236_s5.0_t24.0_htf30,2.0,3,0.236,5.0,24.0,30,8492,123.1,28.1,15.7,-11586.0,-167.9,-1.36,13508.0,-248.0,"{'2025-12': -248.0, '2026-01': -247.0, '2026-02': -19.0}"
i2.0_w3_p0.236_s5.0_t24.0_htf60,2.0,3,0.236,5.0,24.0,60,8767,127.1,28.8,15.5,-8492.0,-123.1,-0.97,13412.0,-267.0,"{'2025-12': -231.0, '2026-01': -267.0, '2026-02': 118.0}"
i2.0_w3_p0.236_s5.0_t40.0_htf0,2.0,3,0.236,5.0,40.0,0,10762,156.0,28.8,20.7,24205.0,350.8,2.25,4059.0,30.0,"{'2025-12': 388.0, '2026-01': 30.0, '2026-02': 669.0}"
i2.0_w3_p0.236_s5.0_t40.0_htf30,2.0,3,0.236,5.0,40.0,30,8346,121.0,24.9,21.4,-13157.0,-190.7,-1.58,15754.0,-324.0,"{'2025-12': -324.0, '2026-01': -255.0, '2026-02': -16.0}"
i2.0_w3_p0.236_s5.0_t40.0_htf60,2.0,3,0.236,5.0,40.0,60,8598,124.6,25.3,21.3,-10698.0,-155.0,-1.24,14960.0,-323.0,"{'2025-12': -323.0, '2026-01': -249.0, '2026-02': 80.0}"
i2.0_w3_p0.236_s5.0_t60.0_htf0,2.0,3,0.236,5.0,60.0,0,10429,151.1,27.8,25.4,25845.0,374.6,2.48,3805.0,95.0,"{'2025-12': 318.0, '2026-01': 95.0, '2026-02': 722.0}"
i2.0_w3_p0.236_s5.0_t60.0_htf30,2.0,3,0.236,5.0,60.0,30,8272,119.9,23.9,24.0,-13878.0,-201.1,-1.68,16873.0,-331.0,"{'2025-12': -331.0, '2026-01': -255.0, '2026-02': -40.0}"
i2.0_w3_p0.236_s5.0_t60.0_htf60,2.0,3,0.236,5.0,60.0,60,8529,123.6,24.0,23.9,-13174.0,-190.9,-1.54,16225.0,-359.0,"{'2025-12': -359.0, '2026-01': -250.0, '2026-02': 6.0}"
i2.0_w3_p0.236_s8.0_t24.0_htf0,2.0,3,0.236,8.0,24.0,0,11087,160.7,36.8,19.5,2136.0,31.0,0.19,8815.0,-108.0,"{'2025-12': -87.0, '2026-01': -108.0, '2026-02': 275.0}"
i2.0_w3_p0.236_s8.0_t24.0_htf30,2.0,3,0.236,8.0,24.0,30,8097,117.3,34.4,22.4,-14516.0,-210.4,-1.79,16086.0,-324.0,"{'2025-12': -324.0, '2026-01': -263.0, '2026-02': -64.0}"
i2.0_w3_p0.236_s8.0_t24.0_htf60,2.0,3,0.236,8.0,24.0,60,8362,121.2,35.5,22.5,-10289.0,-149.1,-1.23,14541.0,-298.0,"{'2025-12': -298.0, '2026-01': -278.0, '2026-02': 108.0}"
i2.0_w3_p0.236_s8.0_t40.0_htf0,2.0,3,0.236,8.0,40.0,0,10432,151.2,33.1,27.8,10587.0,153.4,1.01,5156.0,4.0,"{'2025-12': 57.0, '2026-01': 4.0, '2026-02': 392.0}"
i2.0_w3_p0.236_s8.0_t40.0_htf30,2.0,3,0.236,8.0,40.0,30,7878,114.2,30.8,29.5,-16545.0,-239.8,-2.1,18924.0,-389.0,"{'2025-12': -389.0, '2026-01': -286.0, '2026-02': -71.0}"
i2.0_w3_p0.236_s8.0_t40.0_htf60,2.0,3,0.236,8.0,40.0,60,8134,117.9,31.4,29.8,-14510.0,-210.3,-1.78,17351.0,-393.0,"{'2025-12': -393.0, '2026-01': -292.0, '2026-02': 23.0}"
i2.0_w3_p0.236_s8.0_t60.0_htf0,2.0,3,0.236,8.0,60.0,0,9988,144.8,32.7,33.7,17005.0,246.4,1.7,4301.0,33.0,"{'2025-12': 134.0, '2026-01': 33.0, '2026-02': 567.0}"
i2.0_w3_p0.236_s8.0_t60.0_htf30,2.0,3,0.236,8.0,60.0,30,7769,112.6,29.5,33.0,-19773.0,-286.6,-2.55,22394.0,-412.0,"{'2025-12': -412.0, '2026-01': -317.0, '2026-02': -155.0}"
i2.0_w3_p0.236_s8.0_t60.0_htf60,2.0,3,0.236,8.0,60.0,60,8046,116.6,29.8,33.2,-18366.0,-266.2,-2.28,20982.0,-455.0,"{'2025-12': -455.0, '2026-01': -303.0, '2026-02': -77.0}"
i2.0_w3_p0.236_s10.0_t24.0_htf0,2.0,3,0.236,10.0,24.0,0,10882,157.7,38.8,22.4,-6331.0,-91.8,-0.58,11470.0,-215.0,"{'2025-12': -215.0, '2026-01': -201.0, '2026-02': 124.0}"
i2.0_w3_p0.236_s10.0_t24.0_htf30,2.0,3,0.236,10.0,24.0,30,7849,113.8,38.0,26.7,-14743.0,-213.7,-1.88,16265.0,-313.0,"{'2025-12': -313.0, '2026-01': -288.0, '2026-02': -54.0}"
i2.0_w3_p0.236_s10.0_t24.0_htf60,2.0,3,0.236,10.0,24.0,60,8082,117.1,38.9,27.0,-10950.0,-158.7,-1.35,15031.0,-311.0,"{'2025-12': -283.0, '2026-01': -311.0, '2026-02': 105.0}"
i2.0_w3_p0.236_s10.0_t40.0_htf0,2.0,3,0.236,10.0,40.0,0,10194,147.7,35.6,31.3,5535.0,80.2,0.54,6191.0,-39.0,"{'2025-12': 33.0, '2026-01': -39.0, '2026-02': 246.0}"
i2.0_w3_p0.236_s10.0_t40.0_htf30,2.0,3,0.236,10.0,40.0,30,7622,110.5,33.9,34.4,-18406.0,-266.7,-2.41,20475.0,-406.0,"{'2025-12': -406.0, '2026-01': -293.0, '2026-02': -128.0}"
i2.0_w3_p0.236_s10.0_t40.0_htf60,2.0,3,0.236,10.0,40.0,60,7821,113.3,34.3,34.9,-16539.0,-239.7,-2.11,18432.0,-386.0,"{'2025-12': -386.0, '2026-01': -334.0, '2026-02': -22.0}"
i2.0_w3_p0.236_s10.0_t60.0_htf0,2.0,3,0.236,10.0,60.0,0,9733,141.1,34.5,37.9,8113.0,117.6,0.83,5711.0,23.0,"{'2025-12': 23.0, '2026-01': 27.0, '2026-02': 291.0}"
i2.0_w3_p0.236_s10.0_t60.0_htf30,2.0,3,0.236,10.0,60.0,30,7499,108.7,32.5,38.4,-21557.0,-312.4,-2.87,23771.0,-421.0,"{'2025-12': -421.0, '2026-01': -325.0, '2026-02': -213.0}"
i2.0_w3_p0.236_s10.0_t60.0_htf60,2.0,3,0.236,10.0,60.0,60,7723,111.9,32.4,38.5,-21728.0,-314.9,-2.81,24106.0,-452.0,"{'2025-12': -452.0, '2026-01': -359.0, '2026-02': -158.0}"
i2.0_w3_p0.236_s14.0_t24.0_htf0,2.0,3,0.236,14.0,24.0,0,10477,151.8,43.0,28.5,-15530.0,-225.1,-1.48,16769.0,-287.0,"{'2025-12': -287.0, '2026-01': -269.0, '2026-02': -129.0}"
i2.0_w3_p0.236_s14.0_t24.0_htf30,2.0,3,0.236,14.0,24.0,30,7430,107.7,42.6,34.4,-16281.0,-236.0,-2.19,17592.0,-318.0,"{'2025-12': -318.0, '2026-01': -312.0, '2026-02': -89.0}"
i2.0_w3_p0.236_s14.0_t24.0_htf60,2.0,3,0.236,14.0,24.0,60,7640,110.7,43.8,34.7,-10598.0,-153.6,-1.39,13634.0,-285.0,"{'2025-12': -262.0, '2026-01': -285.0, '2026-02': 74.0}"
i2.0_w3_p0.236_s14.0_t40.0_htf0,2.0,3,0.236,14.0,40.0,0,9753,141.3,38.8,38.3,-10140.0,-147.0,-1.04,12431.0,-246.0,"{'2025-12': -246.0, '2026-01': -137.0, '2026-02': -79.0}"
i2.0_w3_p0.236_s14.0_t40.0_htf30,2.0,3,0.236,14.0,40.0,30,7146,103.6,38.2,43.8,-20415.0,-295.9,-2.86,22251.0,-407.0,"{'2025-12': -407.0, '2026-01': -345.0, '2026-02': -155.0}"
i2.0_w3_p0.236_s14.0_t40.0_htf60,2.0,3,0.236,14.0,40.0,60,7337,106.3,39.0,44.4,-17244.0,-249.9,-2.35,18583.0,-397.0,"{'2025-12': -397.0, '2026-01': -321.0, '2026-02': -56.0}"
i2.0_w3_p0.236_s14.0_t60.0_htf0,2.0,3,0.236,14.0,60.0,0,9233,133.8,38.3,45.8,609.0,8.8,0.07,8303.0,-165.0,"{'2025-12': -165.0, '2026-01': -50.0, '2026-02': 210.0}"
i2.0_w3_p0.236_s14.0_t60.0_htf30,2.0,3,0.236,14.0,60.0,30,6993,101.3,36.8,48.6,-23546.0,-341.2,-3.37,25892.0,-400.0,"{'2025-12': -400.0, '2026-01': -382.0, '2026-02': -251.0}"
i2.0_w3_p0.236_s14.0_t60.0_htf60,2.0,3,0.236,14.0,60.0,60,7201,104.4,37.3,48.6,-20394.0,-295.6,-2.83,22331.0,-444.0,"{'2025-12': -444.0, '2026-01': -332.0, '2026-02': -138.0}"
i2.0_w3_p0.382_s5.0_t24.0_htf0,2.0,3,0.382,5.0,24.0,0,10953,158.7,30.0,14.8,446.0,6.5,0.04,9252.0,-115.0,"{'2025-12': -102.0, '2026-01': -115.0, '2026-02': 224.0}"
i2.0_w3_p0.382_s5.0_t24.0_htf30,2.0,3,0.382,5.0,24.0,30,8026,116.3,26.9,15.4,-17130.0,-248.3,-2.13,18403.0,-345.0,"{'2025-12': -345.0, '2026-01': -319.0, '2026-02': -95.0}"
i2.0_w3_p0.382_s5.0_t24.0_htf60,2.0,3,0.382,5.0,24.0,60,8252,119.6,27.4,15.6,-15434.0,-223.7,-1.87,16671.0,-343.0,"{'2025-12': -343.0, '2026-01': -264.0, '2026-02': -86.0}"
i2.0_w3_p0.382_s5.0_t40.0_htf0,2.0,3,0.382,5.0,40.0,0,10422,151.0,27.9,22.1,8313.0,120.5,0.8,7361.0,-34.0,"{'2025-12': 7.0, '2026-01': -34.0, '2026-02': 378.0}"
i2.0_w3_p0.382_s5.0_t40.0_htf30,2.0,3,0.382,5.0,40.0,30,7872,114.1,23.5,20.6,-21546.0,-312.3,-2.74,23241.0,-404.0,"{'2025-12': -404.0, '2026-01': -319.0, '2026-02': -232.0}"
i2.0_w3_p0.382_s5.0_t40.0_htf60,2.0,3,0.382,5.0,40.0,60,8102,117.4,24.3,21.3,-18164.0,-263.2,-2.24,19744.0,-422.0,"{'2025-12': -422.0, '2026-01': -252.0, '2026-02': -149.0}"
i2.0_w3_p0.382_s5.0_t60.0_htf0,2.0,3,0.382,5.0,60.0,0,10104,146.4,27.4,26.0,14353.0,208.0,1.42,5979.0,-24.0,"{'2025-12': 141.0, '2026-01': -24.0, '2026-02': 512.0}"
i2.0_w3_p0.382_s5.0_t60.0_htf30,2.0,3,0.382,5.0,60.0,30,7829,113.5,22.9,23.1,-20044.0,-290.5,-2.56,22040.0,-356.0,"{'2025-12': -356.0, '2026-01': -328.0, '2026-02': -198.0}"
i2.0_w3_p0.382_s5.0_t60.0_htf60,2.0,3,0.382,5.0,60.0,60,8037,116.5,23.5,23.9,-17920.0,-259.7,-2.23,19825.0,-409.0,"{'2025-12': -409.0, '2026-01': -258.0, '2026-02': -143.0}"
i2.0_w3_p0.382_s8.0_t24.0_htf0,2.0,3,0.382,8.0,24.0,0,10576,153.3,35.2,20.3,-9267.0,-134.3,-0.88,13768.0,-257.0,"{'2025-12': -257.0, '2026-01': -228.0, '2026-02': 64.0}"
i2.0_w3_p0.382_s8.0_t24.0_htf30,2.0,3,0.382,8.0,24.0,30,7571,109.7,33.5,22.6,-18863.0,-273.4,-2.49,20064.0,-385.0,"{'2025-12': -385.0, '2026-01': -306.0, '2026-02': -150.0}"
i2.0_w3_p0.382_s8.0_t24.0_htf60,2.0,3,0.382,8.0,24.0,60,7822,113.4,33.7,22.8,-18469.0,-267.7,-2.36,19532.0,-381.0,"{'2025-12': -381.0, '2026-01': -276.0, '2026-02': -169.0}"
i2.0_w3_p0.382_s8.0_t40.0_htf0,2.0,3,0.382,8.0,40.0,0,9967,144.4,32.5,28.9,-246.0,-3.6,-0.02,11226.0,-128.0,"{'2025-12': -81.0, '2026-01': -128.0, '2026-02': 192.0}"
i2.0_w3_p0.382_s8.0_t40.0_htf30,2.0,3,0.382,8.0,40.0,30,7376,106.9,29.4,29.3,-24062.0,-348.7,-3.26,25755.0,-434.0,"{'2025-12': -434.0, '2026-01': -323.0, '2026-02': -308.0}"
i2.0_w3_p0.382_s8.0_t40.0_htf60,2.0,3,0.382,8.0,40.0,60,7638,110.7,29.9,29.9,-22823.0,-330.8,-2.99,24447.0,-479.0,"{'2025-12': -479.0, '2026-01': -257.0, '2026-02': -293.0}"
i2.0_w3_p0.382_s8.0_t60.0_htf0,2.0,3,0.382,8.0,60.0,0,9590,139.0,32.1,34.3,5743.0,83.2,0.6,8585.0,-65.0,"{'2025-12': 10.0, '2026-01': -65.0, '2026-02': 302.0}"
i2.0_w3_p0.382_s8.0_t60.0_htf30,2.0,3,0.382,8.0,60.0,30,7310,105.9,28.5,32.4,-24068.0,-348.8,-3.29,25755.0,-441.0,"{'2025-12': -441.0, '2026-01': -336.0, '2026-02': -289.0}"
i2.0_w3_p0.382_s8.0_t60.0_htf60,2.0,3,0.382,8.0,60.0,60,7569,109.7,28.8,33.0,-23060.0,-334.2,-3.05,24740.0,-488.0,"{'2025-12': -488.0, '2026-01': -254.0, '2026-02': -299.0}"
i2.0_w3_p0.382_s10.0_t24.0_htf0,2.0,3,0.382,10.0,24.0,0,10366,150.2,38.4,23.9,-12924.0,-187.3,-1.25,15298.0,-265.0,"{'2025-12': -221.0, '2026-01': -265.0, '2026-02': -77.0}"
i2.0_w3_p0.382_s10.0_t24.0_htf30,2.0,3,0.382,10.0,24.0,30,7337,106.3,37.0,27.2,-19398.0,-281.1,-2.64,20570.0,-387.0,"{'2025-12': -387.0, '2026-01': -303.0, '2026-02': -174.0}"
i2.0_w3_p0.382_s10.0_t24.0_htf60,2.0,3,0.382,10.0,24.0,60,7586,109.9,37.3,27.2,-18681.0,-270.7,-2.46,19552.0,-387.0,"{'2025-12': -387.0, '2026-01': -267.0, '2026-02': -182.0}"
i2.0_w3_p0.382_s10.0_t40.0_htf0,2.0,3,0.382,10.0,40.0,0,9665,140.1,35.2,33.3,-2614.0,-37.9,-0.27,9317.0,-134.0,"{'2025-12': -134.0, '2026-01': -65.0, '2026-02': 67.0}"
i2.0_w3_p0.382_s10.0_t40.0_htf30,2.0,3,0.382,10.0,40.0,30,7109,103.0,32.9,34.7,-23392.0,-339.0,-3.29,25249.0,-414.0,"{'2025-12': -414.0, '2026-01': -330.0, '2026-02': -290.0}"
i2.0_w3_p0.382_s10.0_t40.0_htf60,2.0,3,0.382,10.0,40.0,60,7359,106.7,33.2,35.3,-23745.0,-344.1,-3.23,25303.0,-482.0,"{'2025-12': -482.0, '2026-01': -269.0, '2026-02': -316.0}"
i2.0_w3_p0.382_s10.0_t60.0_htf0,2.0,3,0.382,10.0,60.0,0,9291,134.7,34.8,39.3,1761.0,25.5,0.19,8547.0,-61.0,"{'2025-12': -25.0, '2026-01': -61.0, '2026-02': 159.0}"
i2.0_w3_p0.382_s10.0_t60.0_htf30,2.0,3,0.382,10.0,60.0,30,7028,101.9,31.7,38.4,-24757.0,-358.8,-3.52,26249.0,-429.0,"{'2025-12': -429.0, '2026-01': -355.0, '2026-02': -308.0}"
i2.0_w3_p0.382_s10.0_t60.0_htf60,2.0,3,0.382,10.0,60.0,60,7283,105.6,31.8,38.6,-25867.0,-374.9,-3.55,27376.0,-504.0,"{'2025-12': -504.0, '2026-01': -280.0, '2026-02': -375.0}"
i2.0_w3_p0.382_s14.0_t24.0_htf0,2.0,3,0.382,14.0,24.0,0,9942,144.1,41.9,30.2,-22442.0,-325.3,-2.26,23647.0,-349.0,"{'2025-12': -349.0, '2026-01': -324.0, '2026-02': -307.0}"
i2.0_w3_p0.382_s14.0_t24.0_htf30,2.0,3,0.382,14.0,24.0,30,6909,100.1,41.5,35.2,-20852.0,-302.2,-3.02,21769.0,-339.0,"{'2025-12': -339.0, '2026-01': -332.0, '2026-02': -241.0}"
i2.0_w3_p0.382_s14.0_t24.0_htf60,2.0,3,0.382,14.0,24.0,60,7171,103.9,42.2,35.1,-18883.0,-273.7,-2.63,19540.0,-353.0,"{'2025-12': -353.0, '2026-01': -277.0, '2026-02': -207.0}"
i2.0_w3_p0.382_s14.0_t40.0_htf0,2.0,3,0.382,14.0,40.0,0,9224,133.7,38.5,40.7,-10712.0,-155.2,-1.16,13528.0,-258.0,"{'2025-12': -258.0, '2026-01': -133.0, '2026-02': -98.0}"
i2.0_w3_p0.382_s14.0_t40.0_htf30,2.0,3,0.382,14.0,40.0,30,6668,96.6,37.0,43.9,-25344.0,-367.3,-3.8,26794.0,-397.0,"{'2025-12': -397.0, '2026-01': -361.0, '2026-02': -350.0}"
i2.0_w3_p0.382_s14.0_t40.0_htf60,2.0,3,0.382,14.0,40.0,60,6894,99.9,37.8,44.6,-24578.0,-356.2,-3.57,25505.0,-475.0,"{'2025-12': -475.0, '2026-01': -301.0, '2026-02': -322.0}"
i2.0_w3_p0.382_s14.0_t60.0_htf0,2.0,3,0.382,14.0,60.0,0,8757,126.9,37.9,47.4,-5177.0,-75.0,-0.59,9935.0,-190.0,"{'2025-12': -190.0, '2026-01': -75.0, '2026-02': 16.0}"
i2.0_w3_p0.382_s14.0_t60.0_htf30,2.0,3,0.382,14.0,60.0,30,6565,95.1,35.9,48.5,-27048.0,-392.0,-4.12,28471.0,-414.0,"{'2025-12': -414.0, '2026-01': -397.0, '2026-02': -369.0}"
i2.0_w3_p0.382_s14.0_t60.0_htf60,2.0,3,0.382,14.0,60.0,60,6794,98.5,36.4,48.9,-27116.0,-393.0,-3.99,28220.0,-522.0,"{'2025-12': -522.0, '2026-01': -312.0, '2026-02': -378.0}"
i2.0_w3_p0.5_s5.0_t24.0_htf0,2.0,3,0.5,5.0,24.0,0,10535,152.7,28.9,14.9,-7592.0,-110.0,-0.72,11418.0,-206.0,"{'2025-12': -67.0, '2026-01': -206.0, '2026-02': -40.0}"
i2.0_w3_p0.5_s5.0_t24.0_htf30,2.0,3,0.5,5.0,24.0,30,7522,109.0,25.6,15.5,-21586.0,-312.8,-2.87,22797.0,-333.0,"{'2025-12': -333.0, '2026-01': -330.0, '2026-02': -279.0}"
i2.0_w3_p0.5_s5.0_t24.0_htf60,2.0,3,0.5,5.0,24.0,60,7745,112.2,25.6,15.5,-21624.0,-313.4,-2.79,22769.0,-351.0,"{'2025-12': -351.0, '2026-01': -304.0, '2026-02': -294.0}"
i2.0_w3_p0.5_s5.0_t40.0_htf0,2.0,3,0.5,5.0,40.0,0,10078,146.1,26.9,21.6,1270.0,18.4,0.13,7600.0,-64.0,"{'2025-12': 39.0, '2026-01': -64.0, '2026-02': 92.0}"
i2.0_w3_p0.5_s5.0_t40.0_htf30,2.0,3,0.5,5.0,40.0,30,7410,107.4,22.6,20.2,-24370.0,-353.2,-3.29,25836.0,-389.0,"{'2025-12': -389.0, '2026-01': -356.0, '2026-02': -322.0}"
i2.0_w3_p0.5_s5.0_t40.0_htf60,2.0,3,0.5,5.0,40.0,60,7621,110.4,22.6,20.6,-23743.0,-344.1,-3.12,24998.0,-441.0,"{'2025-12': -441.0, '2026-01': -295.0, '2026-02': -320.0}"
i2.0_w3_p0.5_s5.0_t60.0_htf0,2.0,3,0.5,5.0,60.0,0,9818,142.3,26.3,25.7,3101.0,44.9,0.32,6684.0,-50.0,"{'2025-12': 74.0, '2026-01': -50.0, '2026-02': 124.0}"
i2.0_w3_p0.5_s5.0_t60.0_htf30,2.0,3,0.5,5.0,60.0,30,7360,106.7,22.1,22.6,-23749.0,-344.2,-3.23,25567.0,-363.0,"{'2025-12': -358.0, '2026-01': -363.0, '2026-02': -313.0}"
i2.0_w3_p0.5_s5.0_t60.0_htf60,2.0,3,0.5,5.0,60.0,60,7579,109.8,21.7,22.8,-24724.0,-358.3,-3.26,26437.0,-430.0,"{'2025-12': -430.0, '2026-01': -296.0, '2026-02': -369.0}"
i2.0_w3_p0.5_s8.0_t24.0_htf0,2.0,3,0.5,8.0,24.0,0,10079,146.1,35.0,21.5,-12218.0,-177.1,-1.21,15035.0,-251.0,"{'2025-12': -203.0, '2026-01': -251.0, '2026-02': -76.0}"
i2.0_w3_p0.5_s8.0_t24.0_htf30,2.0,3,0.5,8.0,24.0,30,7105,103.0,32.5,23.4,-22291.0,-323.1,-3.14,23653.0,-347.0,"{'2025-12': -331.0, '2026-01': -347.0, '2026-02': -291.0}"
i2.0_w3_p0.5_s8.0_t24.0_htf60,2.0,3,0.5,8.0,24.0,60,7309,105.9,32.8,23.7,-20789.0,-301.3,-2.84,21834.0,-389.0,"{'2025-12': -389.0, '2026-01': -291.0, '2026-02': -243.0}"
i2.0_w3_p0.5_s8.0_t40.0_htf0,2.0,3,0.5,8.0,40.0,0,9566,138.6,32.5,29.5,-1540.0,-22.3,-0.16,10276.0,-113.0,"{'2025-12': -49.0, '2026-01': -113.0, '2026-02': 98.0}"
i2.0_w3_p0.5_s8.0_t40.0_htf30,2.0,3,0.5,8.0,40.0,30,6958,100.8,29.1,29.9,-25637.0,-371.6,-3.68,27062.0,-417.0,"{'2025-12': -417.0, '2026-01': -372.0, '2026-02': -335.0}"
i2.0_w3_p0.5_s8.0_t40.0_htf60,2.0,3,0.5,8.0,40.0,60,7147,103.6,29.3,30.7,-24501.0,-355.1,-3.43,25660.0,-488.0,"{'2025-12': -488.0, '2026-01': -297.0, '2026-02': -313.0}"
i2.0_w3_p0.5_s8.0_t60.0_htf0,2.0,3,0.5,8.0,60.0,0,9225,133.7,31.8,34.5,-117.0,-1.7,-0.01,9603.0,-121.0,"{'2025-12': -22.0, '2026-01': -121.0, '2026-02': 144.0}"
i2.0_w3_p0.5_s8.0_t60.0_htf30,2.0,3,0.5,8.0,60.0,30,6899,100.0,28.3,32.9,-26016.0,-377.1,-3.77,28004.0,-399.0,"{'2025-12': -386.0, '2026-01': -399.0, '2026-02': -347.0}"
i2.0_w3_p0.5_s8.0_t60.0_htf60,2.0,3,0.5,8.0,60.0,60,7081,102.6,28.3,33.6,-25785.0,-373.7,-3.64,27446.0,-469.0,"{'2025-12': -469.0, '2026-01': -305.0, '2026-02': -372.0}"
i2.0_w3_p0.5_s10.0_t24.0_htf0,2.0,3,0.5,10.0,24.0,0,9841,142.6,38.0,25.1,-15678.0,-227.2,-1.59,18266.0,-290.0,"{'2025-12': -290.0, '2026-01': -260.0, '2026-02': -142.0}"
i2.0_w3_p0.5_s10.0_t24.0_htf30,2.0,3,0.5,10.0,24.0,30,6858,99.4,35.9,28.5,-22939.0,-332.5,-3.34,24469.0,-346.0,"{'2025-12': -324.0, '2026-01': -346.0, '2026-02': -325.0}"
i2.0_w3_p0.5_s10.0_t24.0_htf60,2.0,3,0.5,10.0,24.0,60,7054,102.2,36.3,28.5,-20643.0,-299.2,-2.93,22087.0,-397.0,"{'2025-12': -397.0, '2026-01': -281.0, '2026-02': -242.0}"
i2.0_w3_p0.5_s10.0_t40.0_htf0,2.0,3,0.5,10.0,40.0,0,9279,134.5,35.1,34.1,-6393.0,-92.7,-0.69,12387.0,-151.0,"{'2025-12': -131.0, '2026-01': -151.0, '2026-02': 1.0}"
i2.0_w3_p0.5_s10.0_t40.0_htf30,2.0,3,0.5,10.0,40.0,30,6689,96.9,32.3,35.6,-25853.0,-374.7,-3.87,27899.0,-401.0,"{'2025-12': -401.0, '2026-01': -354.0, '2026-02': -376.0}"
i2.0_w3_p0.5_s10.0_t40.0_htf60,2.0,3,0.5,10.0,40.0,60,6863,99.5,32.6,36.1,-24522.0,-355.4,-3.57,26271.0,-504.0,"{'2025-12': -504.0, '2026-01': -283.0, '2026-02': -316.0}"
i2.0_w3_p0.5_s10.0_t60.0_htf0,2.0,3,0.5,10.0,60.0,0,8933,129.5,33.8,39.2,-7114.0,-103.1,-0.8,12998.0,-213.0,"{'2025-12': -94.0, '2026-01': -213.0, '2026-02': 9.0}"
i2.0_w3_p0.5_s10.0_t60.0_htf30,2.0,3,0.5,10.0,60.0,30,6622,96.0,31.2,38.9,-26965.0,-390.8,-4.07,29418.0,-411.0,"{'2025-12': -377.0, '2026-01': -382.0, '2026-02': -411.0}"
i2.0_w3_p0.5_s10.0_t60.0_htf60,2.0,3,0.5,10.0,60.0,60,6798,98.5,31.5,39.5,-25416.0,-368.3,-3.74,27663.0,-488.0,"{'2025-12': -488.0, '2026-01': -283.0, '2026-02': -366.0}"
i2.0_w3_p0.5_s14.0_t24.0_htf0,2.0,3,0.5,14.0,24.0,0,9431,136.7,42.2,31.5,-20734.0,-300.5,-2.2,22602.0,-326.0,"{'2025-12': -326.0, '2026-01': -285.0, '2026-02': -297.0}"
i2.0_w3_p0.5_s14.0_t24.0_htf30,2.0,3,0.5,14.0,24.0,30,6529,94.6,40.5,36.4,-22889.0,-331.7,-3.51,24670.0,-374.0,"{'2025-12': -265.0, '2026-01': -374.0, '2026-02': -339.0}"
i2.0_w3_p0.5_s14.0_t24.0_htf60,2.0,3,0.5,14.0,24.0,60,6715,97.3,41.2,36.6,-18895.0,-273.8,-2.81,20449.0,-394.0,"{'2025-12': -394.0, '2026-01': -266.0, '2026-02': -187.0}"
i2.0_w3_p0.5_s14.0_t40.0_htf0,2.0,3,0.5,14.0,40.0,0,8746,126.8,39.4,42.7,-10550.0,-152.9,-1.21,15328.0,-259.0,"{'2025-12': -16.0, '2026-01': -155.0, '2026-02': -259.0}"
i2.0_w3_p0.5_s14.0_t40.0_htf30,2.0,3,0.5,14.0,40.0,30,6310,91.4,36.7,45.3,-26398.0,-382.6,-4.18,28554.0,-413.0,"{'2025-12': -341.0, '2026-01': -385.0, '2026-02': -413.0}"
i2.0_w3_p0.5_s14.0_t40.0_htf60,2.0,3,0.5,14.0,40.0,60,6468,93.7,36.9,45.8,-24148.0,-350.0,-3.73,26045.0,-492.0,"{'2025-12': -492.0, '2026-01': -305.0, '2026-02': -287.0}"
i2.0_w3_p0.5_s14.0_t60.0_htf0,2.0,3,0.5,14.0,60.0,0,8372,121.3,38.2,49.0,-8215.0,-119.1,-0.98,13688.0,-197.0,"{'2025-12': 7.0, '2026-01': -139.0, '2026-02': -197.0}"
i2.0_w3_p0.5_s14.0_t60.0_htf30,2.0,3,0.5,14.0,60.0,30,6231,90.3,35.5,49.4,-27516.0,-398.8,-4.42,30151.0,-445.0,"{'2025-12': -336.0, '2026-01': -402.0, '2026-02': -445.0}"
i2.0_w3_p0.5_s14.0_t60.0_htf60,2.0,3,0.5,14.0,60.0,60,6377,92.4,35.7,50.2,-26157.0,-379.1,-4.1,28510.0,-488.0,"{'2025-12': -488.0, '2026-01': -308.0, '2026-02': -370.0}"
i2.0_w3_p0.618_s5.0_t24.0_htf0,2.0,3,0.618,5.0,24.0,0,10046,145.6,28.0,15.3,-13301.0,-192.8,-1.32,16609.0,-263.0,"{'2025-12': -263.0, '2026-01': -189.0, '2026-02': -141.0}"
i2.0_w3_p0.618_s5.0_t24.0_htf30,2.0,3,0.618,5.0,24.0,30,6821,98.9,24.6,15.7,-24171.0,-350.3,-3.54,25432.0,-407.0,"{'2025-12': -337.0, '2026-01': -407.0, '2026-02': -299.0}"
i2.0_w3_p0.618_s5.0_t24.0_htf60,2.0,3,0.618,5.0,24.0,60,7074,102.5,25.3,15.9,-21831.0,-316.4,-3.09,22987.0,-357.0,"{'2025-12': -357.0, '2026-01': -325.0, '2026-02': -275.0}"
i2.0_w3_p0.618_s5.0_t40.0_htf0,2.0,3,0.618,5.0,40.0,0,9669,140.1,25.6,21.4,-7907.0,-114.6,-0.82,12384.0,-151.0,"{'2025-12': -151.0, '2026-01': -126.0, '2026-02': -73.0}"
i2.0_w3_p0.618_s5.0_t40.0_htf30,2.0,3,0.618,5.0,40.0,30,6716,97.3,22.0,20.1,-25750.0,-373.2,-3.83,27054.0,-390.0,"{'2025-12': -367.0, '2026-01': -363.0, '2026-02': -390.0}"
i2.0_w3_p0.618_s5.0_t40.0_htf60,2.0,3,0.618,5.0,40.0,60,6982,101.2,22.7,20.8,-23572.0,-341.6,-3.38,25020.0,-392.0,"{'2025-12': -392.0, '2026-01': -276.0, '2026-02': -372.0}"
i2.0_w3_p0.618_s5.0_t60.0_htf0,2.0,3,0.618,5.0,60.0,0,9503,137.7,24.9,24.8,-6790.0,-98.4,-0.71,12243.0,-109.0,"{'2025-12': -76.0, '2026-01': -105.0, '2026-02': -109.0}"
i2.0_w3_p0.618_s5.0_t60.0_htf30,2.0,3,0.618,5.0,60.0,30,6685,96.9,21.4,22.1,-24649.0,-357.2,-3.69,26030.0,-370.0,"{'2025-12': -338.0, '2026-01': -359.0, '2026-02': -370.0}"
i2.0_w3_p0.618_s5.0_t60.0_htf60,2.0,3,0.618,5.0,60.0,60,6942,100.6,22.1,22.9,-22292.0,-323.1,-3.21,24029.0,-391.0,"{'2025-12': -391.0, '2026-01': -253.0, '2026-02': -345.0}"
i2.0_w3_p0.618_s8.0_t24.0_htf0,2.0,3,0.618,8.0,24.0,0,9555,138.5,35.1,22.0,-12560.0,-182.0,-1.31,15394.0,-258.0,"{'2025-12': -258.0, '2026-01': -169.0, '2026-02': -136.0}"
i2.0_w3_p0.618_s8.0_t24.0_htf30,2.0,3,0.618,8.0,24.0,30,6460,93.6,32.3,23.6,-21738.0,-315.0,-3.37,23304.0,-336.0,"{'2025-12': -290.0, '2026-01': -336.0, '2026-02': -313.0}"
i2.0_w3_p0.618_s8.0_t24.0_htf60,2.0,3,0.618,8.0,24.0,60,6683,96.9,33.0,24.0,-19583.0,-283.8,-2.93,20409.0,-357.0,"{'2025-12': -357.0, '2026-01': -280.0, '2026-02': -230.0}"
i2.0_w3_p0.618_s8.0_t40.0_htf0,2.0,3,0.618,8.0,40.0,0,9054,131.2,32.5,30.6,-6601.0,-95.7,-0.73,11062.0,-115.0,"{'2025-12': -115.0, '2026-01': -97.0, '2026-02': -78.0}"
i2.0_w3_p0.618_s8.0_t40.0_htf30,2.0,3,0.618,8.0,40.0,30,6319,91.6,28.9,29.9,-24651.0,-357.3,-3.9,26474.0,-427.0,"{'2025-12': -310.0, '2026-01': -328.0, '2026-02': -427.0}"
i2.0_w3_p0.618_s8.0_t40.0_htf60,2.0,3,0.618,8.0,40.0,60,6546,94.9,29.6,30.5,-22735.0,-329.5,-3.47,23846.0,-400.0,"{'2025-12': -400.0, '2026-01': -245.0, '2026-02': -365.0}"
i2.0_w3_p0.618_s8.0_t60.0_htf0,2.0,3,0.618,8.0,60.0,0,8837,128.1,31.8,34.9,-3618.0,-52.4,-0.41,7973.0,-86.0,"{'2025-12': -86.0, '2026-01': -60.0, '2026-02': -17.0}"
i2.0_w3_p0.618_s8.0_t60.0_htf30,2.0,3,0.618,8.0,60.0,30,6278,91.0,28.0,32.7,-24635.0,-357.0,-3.92,26385.0,-438.0,"{'2025-12': -312.0, '2026-01': -315.0, '2026-02': -438.0}"
i2.0_w3_p0.618_s8.0_t60.0_htf60,2.0,3,0.618,8.0,60.0,60,6485,94.0,28.7,33.5,-22749.0,-329.7,-3.51,24020.0,-424.0,"{'2025-12': -424.0, '2026-01': -217.0, '2026-02': -377.0}"
i2.0_w3_p0.618_s10.0_t24.0_htf0,2.0,3,0.618,10.0,24.0,0,9277,134.4,38.7,26.5,-11701.0,-169.6,-1.26,14176.0,-293.0,"{'2025-12': -293.0, '2026-01': -95.0, '2026-02': -153.0}"
i2.0_w3_p0.618_s10.0_t24.0_htf30,2.0,3,0.618,10.0,24.0,30,6282,91.0,36.1,28.1,-20702.0,-300.0,-3.3,22279.0,-316.0,"{'2025-12': -301.0, '2026-01': -316.0, '2026-02': -281.0}"
i2.0_w3_p0.618_s10.0_t24.0_htf60,2.0,3,0.618,10.0,24.0,60,6476,93.9,36.9,28.8,-17294.0,-250.6,-2.67,18259.0,-356.0,"{'2025-12': -356.0, '2026-01': -202.0, '2026-02': -220.0}"
i2.0_w3_p0.618_s10.0_t40.0_htf0,2.0,3,0.618,10.0,40.0,0,8739,126.7,35.5,35.4,-6573.0,-95.3,-0.75,10520.0,-147.0,"{'2025-12': -130.0, '2026-01': -23.0, '2026-02': -147.0}"
i2.0_w3_p0.618_s10.0_t40.0_htf30,2.0,3,0.618,10.0,40.0,30,6130,88.8,32.1,35.2,-25081.0,-363.5,-4.09,26842.0,-426.0,"{'2025-12': -341.0, '2026-01': -322.0, '2026-02': -426.0}"
i2.0_w3_p0.618_s10.0_t40.0_htf60,2.0,3,0.618,10.0,40.0,60,6321,91.6,33.0,36.3,-21815.0,-316.2,-3.45,23060.0,-407.0,"{'2025-12': -407.0, '2026-01': -189.0, '2026-02': -382.0}"
i2.0_w3_p0.618_s10.0_t60.0_htf0,2.0,3,0.618,10.0,60.0,0,8511,123.3,34.7,40.4,-3019.0,-43.8,-0.35,7431.0,-84.0,"{'2025-12': -84.0, '2026-01': 21.0, '2026-02': -81.0}"
i2.0_w3_p0.618_s10.0_t60.0_htf30,2.0,3,0.618,10.0,60.0,30,6084,88.2,31.2,38.5,-25270.0,-366.2,-4.15,26934.0,-432.0,"{'2025-12': -355.0, '2026-01': -314.0, '2026-02': -432.0}"
i2.0_w3_p0.618_s10.0_t60.0_htf60,2.0,3,0.618,10.0,60.0,60,6255,90.7,32.1,39.9,-21557.0,-312.4,-3.45,23032.0,-415.0,"{'2025-12': -415.0, '2026-01': -160.0, '2026-02': -397.0}"
i2.0_w3_p0.618_s14.0_t24.0_htf0,2.0,3,0.618,14.0,24.0,0,8807,127.6,43.0,33.7,-13857.0,-200.8,-1.57,16594.0,-233.0,"{'2025-12': -233.0, '2026-01': -218.0, '2026-02': -156.0}"
i2.0_w3_p0.618_s14.0_t24.0_htf30,2.0,3,0.618,14.0,24.0,30,5949,86.2,41.6,37.1,-18689.0,-270.8,-3.14,20308.0,-288.0,"{'2025-12': -288.0, '2026-01': -278.0, '2026-02': -249.0}"
i2.0_w3_p0.618_s14.0_t24.0_htf60,2.0,3,0.618,14.0,24.0,60,6137,88.9,42.1,37.2,-15568.0,-225.6,-2.54,16725.0,-358.0,"{'2025-12': -358.0, '2026-01': -193.0, '2026-02': -156.0}"
i2.0_w3_p0.618_s14.0_t40.0_htf0,2.0,3,0.618,14.0,40.0,0,8233,119.3,39.6,44.2,-8025.0,-116.3,-0.97,11993.0,-194.0,"{'2025-12': -88.0, '2026-01': -65.0, '2026-02': -194.0}"
i2.0_w3_p0.618_s14.0_t40.0_htf30,2.0,3,0.618,14.0,40.0,30,5756,83.4,37.8,45.8,-22042.0,-319.4,-3.83,24140.0,-364.0,"{'2025-12': -300.0, '2026-01': -292.0, '2026-02': -364.0}"
i2.0_w3_p0.618_s14.0_t40.0_htf60,2.0,3,0.618,14.0,40.0,60,5936,86.0,38.2,46.6,-19590.0,-283.9,-3.3,21144.0,-402.0,"{'2025-12': -402.0, '2026-01': -190.0, '2026-02': -292.0}"
i2.0_w3_p0.618_s14.0_t60.0_htf0,2.0,3,0.618,14.0,60.0,0,7928,114.9,38.5,50.0,-5686.0,-82.4,-0.72,10355.0,-134.0,"{'2025-12': -72.0, '2026-01': -42.0, '2026-02': -134.0}"
i2.0_w3_p0.618_s14.0_t60.0_htf30,2.0,3,0.618,14.0,60.0,30,5704,82.7,36.4,49.6,-23486.0,-340.4,-4.12,25585.0,-413.0,"{'2025-12': -311.0, '2026-01': -295.0, '2026-02': -413.0}"
i2.0_w3_p0.618_s14.0_t60.0_htf60,2.0,3,0.618,14.0,60.0,60,5868,85.0,37.1,50.7,-19558.0,-283.4,-3.33,21388.0,-397.0,"{'2025-12': -397.0, '2026-01': -165.0, '2026-02': -322.0}"
i2.0_w4_p0.118_s5.0_t24.0_htf0,2.0,4,0.118,5.0,24.0,0,11537,167.2,34.6,14.2,32672.0,473.5,2.83,2117.0,113.0,"{'2025-12': 509.0, '2026-01': 113.0, '2026-02': 836.0}"
i2.0_w4_p0.118_s5.0_t24.0_htf30,2.0,4,0.118,5.0,24.0,30,8351,121.0,33.4,16.7,11407.0,165.3,1.37,5251.0,-20.0,"{'2025-12': 20.0, '2026-01': -20.0, '2026-02': 481.0}"
i2.0_w4_p0.118_s5.0_t24.0_htf60,2.0,4,0.118,5.0,24.0,60,8671,125.7,33.7,16.7,15155.0,219.6,1.75,4279.0,-9.0,"{'2025-12': 29.0, '2026-01': -9.0, '2026-02': 618.0}"
i2.0_w4_p0.118_s5.0_t40.0_htf0,2.0,4,0.118,5.0,40.0,0,10975,159.1,30.8,21.8,39157.0,567.5,3.57,2397.0,243.0,"{'2025-12': 555.0, '2026-01': 243.0, '2026-02': 929.0}"
i2.0_w4_p0.118_s5.0_t40.0_htf30,2.0,4,0.118,5.0,40.0,30,8128,117.8,28.7,23.2,5421.0,78.6,0.67,7558.0,-95.0,"{'2025-12': -73.0, '2026-01': -95.0, '2026-02': 387.0}"
i2.0_w4_p0.118_s5.0_t40.0_htf60,2.0,4,0.118,5.0,40.0,60,8447,122.4,28.8,23.4,9095.0,131.8,1.08,6339.0,-97.0,"{'2025-12': -97.0, '2026-01': -36.0, '2026-02': 495.0}"
i2.0_w4_p0.118_s5.0_t60.0_htf0,2.0,4,0.118,5.0,60.0,0,10574,153.2,29.8,26.7,42724.0,619.2,4.04,2591.0,239.0,"{'2025-12': 586.0, '2026-01': 239.0, '2026-02': 1057.0}"
i2.0_w4_p0.118_s5.0_t60.0_htf30,2.0,4,0.118,5.0,60.0,30,8049,116.7,27.4,26.4,4085.0,59.2,0.51,8973.0,-133.0,"{'2025-12': -68.0, '2026-01': -133.0, '2026-02': 368.0}"
i2.0_w4_p0.118_s5.0_t60.0_htf60,2.0,4,0.118,5.0,60.0,60,8364,121.2,27.5,26.8,7789.0,112.9,0.93,7039.0,-115.0,"{'2025-12': -115.0, '2026-01': -40.0, '2026-02': 459.0}"
i2.0_w4_p0.118_s8.0_t24.0_htf0,2.0,4,0.118,8.0,24.0,0,11207,162.4,38.8,18.6,16991.0,246.2,1.52,4885.0,37.0,"{'2025-12': 79.0, '2026-01': 37.0, '2026-02': 605.0}"
i2.0_w4_p0.118_s8.0_t24.0_htf30,2.0,4,0.118,8.0,24.0,30,7935,115.0,39.3,23.2,8485.0,123.0,1.07,6165.0,-72.0,"{'2025-12': 11.0, '2026-01': -72.0, '2026-02': 423.0}"
i2.0_w4_p0.118_s8.0_t24.0_htf60,2.0,4,0.118,8.0,24.0,60,8259,119.7,39.6,22.8,10890.0,157.8,1.32,5710.0,-57.0,"{'2025-12': -26.0, '2026-01': -57.0, '2026-02': 537.0}"
i2.0_w4_p0.118_s8.0_t40.0_htf0,2.0,4,0.118,8.0,40.0,0,10601,153.6,34.6,27.5,23497.0,340.5,2.22,4905.0,78.0,"{'2025-12': 78.0, '2026-01': 220.0, '2026-02': 679.0}"
i2.0_w4_p0.118_s8.0_t40.0_htf30,2.0,4,0.118,8.0,40.0,30,7660,111.0,34.3,31.4,1643.0,23.8,0.21,9795.0,-170.0,"{'2025-12': -91.0, '2026-01': -170.0, '2026-02': 325.0}"
i2.0_w4_p0.118_s8.0_t40.0_htf60,2.0,4,0.118,8.0,40.0,60,7981,115.7,34.0,30.9,1567.0,22.7,0.2,9295.0,-179.0,"{'2025-12': -179.0, '2026-01': -122.0, '2026-02': 339.0}"
i2.0_w4_p0.118_s8.0_t60.0_htf0,2.0,4,0.118,8.0,60.0,0,10130,146.8,33.9,33.7,28574.0,414.1,2.82,3890.0,110.0,"{'2025-12': 295.0, '2026-01': 110.0, '2026-02': 838.0}"
i2.0_w4_p0.118_s8.0_t60.0_htf30,2.0,4,0.118,8.0,60.0,30,7557,109.5,32.6,35.1,-2156.0,-31.2,-0.29,11523.0,-216.0,"{'2025-12': -91.0, '2026-01': -216.0, '2026-02': 217.0}"
i2.0_w4_p0.118_s8.0_t60.0_htf60,2.0,4,0.118,8.0,60.0,60,7862,113.9,32.4,34.8,-1297.0,-18.8,-0.17,9933.0,-186.0,"{'2025-12': -186.0, '2026-01': -132.0, '2026-02': 236.0}"
i2.0_w4_p0.118_s10.0_t24.0_htf0,2.0,4,0.118,10.0,24.0,0,10978,159.1,41.3,22.1,11351.0,164.5,1.03,5426.0,-85.0,"{'2025-12': -85.0, '2026-01': 7.0, '2026-02': 533.0}"
i2.0_w4_p0.118_s10.0_t24.0_htf30,2.0,4,0.118,10.0,24.0,30,7717,111.8,42.3,27.3,6171.0,89.4,0.8,7140.0,-118.0,"{'2025-12': -15.0, '2026-01': -118.0, '2026-02': 396.0}"
i2.0_w4_p0.118_s10.0_t24.0_htf60,2.0,4,0.118,10.0,24.0,60,8015,116.2,42.9,26.9,10922.0,158.3,1.36,4903.0,-42.0,"{'2025-12': -7.0, '2026-01': -42.0, '2026-02': 506.0}"
i2.0_w4_p0.118_s10.0_t40.0_htf0,2.0,4,0.118,10.0,40.0,0,10362,150.2,36.8,31.4,17354.0,251.5,1.67,3640.0,83.0,"{'2025-12': 83.0, '2026-01': 105.0, '2026-02': 544.0}"
i2.0_w4_p0.118_s10.0_t40.0_htf30,2.0,4,0.118,10.0,40.0,30,7411,107.4,36.9,36.3,-1500.0,-21.7,-0.2,10535.0,-191.0,"{'2025-12': -141.0, '2026-01': -191.0, '2026-02': 256.0}"
i2.0_w4_p0.118_s10.0_t40.0_htf60,2.0,4,0.118,10.0,40.0,60,7687,111.4,36.9,36.0,-390.0,-5.6,-0.05,9268.0,-188.0,"{'2025-12': -188.0, '2026-01': -132.0, '2026-02': 276.0}"
i2.0_w4_p0.118_s10.0_t60.0_htf0,2.0,4,0.118,10.0,60.0,0,9857,142.9,35.9,37.9,21041.0,304.9,2.13,5110.0,50.0,"{'2025-12': 162.0, '2026-01': 50.0, '2026-02': 694.0}"
i2.0_w4_p0.118_s10.0_t60.0_htf30,2.0,4,0.118,10.0,60.0,30,7295,105.7,35.1,40.2,-6120.0,-88.7,-0.84,12719.0,-251.0,"{'2025-12': -148.0, '2026-01': -251.0, '2026-02': 134.0}"
i2.0_w4_p0.118_s10.0_t60.0_htf60,2.0,4,0.118,10.0,60.0,60,7559,109.6,35.1,40.0,-4392.0,-63.7,-0.58,10381.0,-216.0,"{'2025-12': -216.0, '2026-01': -144.0, '2026-02': 144.0}"
i2.0_w4_p0.118_s14.0_t24.0_htf0,2.0,4,0.118,14.0,24.0,0,10580,153.3,44.9,27.7,-1259.0,-18.2,-0.12,9156.0,-258.0,"{'2025-12': -258.0, '2026-01': -110.0, '2026-02': 270.0}"
i2.0_w4_p0.118_s14.0_t24.0_htf30,2.0,4,0.118,14.0,24.0,30,7315,106.0,47.4,35.0,8428.0,122.1,1.15,4989.0,-66.0,"{'2025-12': 20.0, '2026-01': -66.0, '2026-02': 406.0}"
i2.0_w4_p0.118_s14.0_t24.0_htf60,2.0,4,0.118,14.0,24.0,60,7565,109.6,47.8,34.4,11599.0,168.1,1.53,4258.0,-42.0,"{'2025-12': -42.0, '2026-01': 15.0, '2026-02': 500.0}"
i2.0_w4_p0.118_s14.0_t40.0_htf0,2.0,4,0.118,14.0,40.0,0,9903,143.5,40.0,37.9,3441.0,49.9,0.35,6454.0,-203.0,"{'2025-12': -203.0, '2026-01': 30.0, '2026-02': 272.0}"
i2.0_w4_p0.118_s14.0_t40.0_htf30,2.0,4,0.118,14.0,40.0,30,6941,100.6,41.8,45.5,366.0,5.3,0.05,7977.0,-129.0,"{'2025-12': -129.0, '2026-01': -101.0, '2026-02': 227.0}"
i2.0_w4_p0.118_s14.0_t40.0_htf60,2.0,4,0.118,14.0,40.0,60,7197,104.3,41.8,45.0,1893.0,27.4,0.26,7396.0,-224.0,"{'2025-12': -224.0, '2026-01': -13.0, '2026-02': 271.0}"
i2.0_w4_p0.118_s14.0_t60.0_htf0,2.0,4,0.118,14.0,60.0,0,9400,136.2,38.6,45.3,5059.0,73.3,0.54,9628.0,-122.0,"{'2025-12': -122.0, '2026-01': -69.0, '2026-02': 382.0}"
i2.0_w4_p0.118_s14.0_t60.0_htf30,2.0,4,0.118,14.0,60.0,30,6800,98.6,40.0,50.7,-4228.0,-61.3,-0.62,10254.0,-147.0,"{'2025-12': -147.0, '2026-01': -145.0, '2026-02': 97.0}"
i2.0_w4_p0.118_s14.0_t60.0_htf60,2.0,4,0.118,14.0,60.0,60,7043,102.1,39.8,50.0,-3876.0,-56.2,-0.55,9361.0,-286.0,"{'2025-12': -286.0, '2026-01': -46.0, '2026-02': 114.0}"
i2.0_w4_p0.236_s5.0_t24.0_htf0,2.0,4,0.236,5.0,24.0,0,11314,164.0,31.5,14.3,9660.0,140.0,0.85,8128.0,-87.0,"{'2025-12': 91.0, '2026-01': -87.0, '2026-02': 425.0}"
i2.0_w4_p0.236_s5.0_t24.0_htf30,2.0,4,0.236,5.0,24.0,30,8177,118.5,28.6,15.8,-9829.0,-142.4,-1.2,12591.0,-246.0,"{'2025-12': -237.0, '2026-01': -246.0, '2026-02': 44.0}"
i2.0_w4_p0.236_s5.0_t24.0_htf60,2.0,4,0.236,5.0,24.0,60,8482,122.9,29.0,15.7,-7058.0,-102.3,-0.83,12109.0,-275.0,"{'2025-12': -275.0, '2026-01': -180.0, '2026-02': 118.0}"
i2.0_w4_p0.236_s5.0_t40.0_htf0,2.0,4,0.236,5.0,40.0,0,10737,155.6,28.9,21.5,21008.0,304.5,1.96,4822.0,51.0,"{'2025-12': 335.0, '2026-01': 51.0, '2026-02': 555.0}"
i2.0_w4_p0.236_s5.0_t40.0_htf30,2.0,4,0.236,5.0,40.0,30,8021,116.2,25.2,21.4,-11692.0,-169.4,-1.46,14670.0,-293.0,"{'2025-12': -293.0, '2026-01': -260.0, '2026-02': 27.0}"
i2.0_w4_p0.236_s5.0_t40.0_htf60,2.0,4,0.236,5.0,40.0,60,8330,120.7,25.3,21.4,-9843.0,-142.6,-1.18,14237.0,-351.0,"{'2025-12': -351.0, '2026-01': -182.0, '2026-02': 65.0}"
i2.0_w4_p0.236_s5.0_t60.0_htf0,2.0,4,0.236,5.0,60.0,0,10373,150.3,28.4,26.5,24528.0,355.5,2.36,5082.0,73.0,"{'2025-12': 391.0, '2026-01': 73.0, '2026-02': 633.0}"
i2.0_w4_p0.236_s5.0_t60.0_htf30,2.0,4,0.236,5.0,60.0,30,7949,115.2,24.3,24.3,-12881.0,-186.7,-1.62,15826.0,-284.0,"{'2025-12': -261.0, '2026-01': -284.0, '2026-02': -23.0}"
i2.0_w4_p0.236_s5.0_t60.0_htf60,2.0,4,0.236,5.0,60.0,60,8264,119.8,24.1,24.1,-11333.0,-164.2,-1.37,14994.0,-353.0,"{'2025-12': -353.0, '2026-01': -183.0, '2026-02': 6.0}"
i2.0_w4_p0.236_s8.0_t24.0_htf0,2.0,4,0.236,8.0,24.0,0,10958,158.8,36.2,19.8,-1664.0,-24.1,-0.15,10060.0,-195.0,"{'2025-12': -140.0, '2026-01': -195.0, '2026-02': 253.0}"
i2.0_w4_p0.236_s8.0_t24.0_htf30,2.0,4,0.236,8.0,24.0,30,7760,112.5,35.1,22.7,-10884.0,-157.7,-1.4,14104.0,-279.0,"{'2025-12': -267.0, '2026-01': -279.0, '2026-02': 61.0}"
i2.0_w4_p0.236_s8.0_t24.0_htf60,2.0,4,0.236,8.0,24.0,60,8001,116.0,35.9,23.0,-8243.0,-119.5,-1.03,13099.0,-292.0,"{'2025-12': -292.0, '2026-01': -219.0, '2026-02': 125.0}"
i2.0_w4_p0.236_s8.0_t40.0_htf0,2.0,4,0.236,8.0,40.0,0,10374,150.3,33.2,28.2,7450.0,108.0,0.72,7026.0,-71.0,"{'2025-12': 23.0, '2026-01': -71.0, '2026-02': 370.0}"
i2.0_w4_p0.236_s8.0_t40.0_htf30,2.0,4,0.236,8.0,40.0,30,7543,109.3,31.0,29.7,-13977.0,-202.6,-1.85,16275.0,-332.0,"{'2025-12': -332.0, '2026-01': -283.0, '2026-02': -12.0}"
i2.0_w4_p0.236_s8.0_t40.0_htf60,2.0,4,0.236,8.0,40.0,60,7775,112.7,31.5,30.2,-12824.0,-185.9,-1.65,15928.0,-419.0,"{'2025-12': -419.0, '2026-01': -211.0, '2026-02': 26.0}"
i2.0_w4_p0.236_s8.0_t60.0_htf0,2.0,4,0.236,8.0,60.0,0,9953,144.2,32.7,33.9,11024.0,159.8,1.11,5923.0,-39.0,"{'2025-12': 136.0, '2026-01': -39.0, '2026-02': 394.0}"
i2.0_w4_p0.236_s8.0_t60.0_htf30,2.0,4,0.236,8.0,60.0,30,7448,107.9,29.5,33.3,-18731.0,-271.5,-2.51,21771.0,-337.0,"{'2025-12': -330.0, '2026-01': -337.0, '2026-02': -153.0}"
i2.0_w4_p0.236_s8.0_t60.0_htf60,2.0,4,0.236,8.0,60.0,60,7694,111.5,30.0,33.6,-16107.0,-233.4,-2.09,18826.0,-421.0,"{'2025-12': -421.0, '2026-01': -248.0, '2026-02': -69.0}"
i2.0_w4_p0.236_s10.0_t24.0_htf0,2.0,4,0.236,10.0,24.0,0,10744,155.7,38.7,22.7,-7607.0,-110.2,-0.71,13154.0,-265.0,"{'2025-12': -265.0, '2026-01': -232.0, '2026-02': 144.0}"
i2.0_w4_p0.236_s10.0_t24.0_htf30,2.0,4,0.236,10.0,24.0,30,7507,108.8,38.5,27.2,-10734.0,-155.6,-1.43,13660.0,-276.0,"{'2025-12': -254.0, '2026-01': -276.0, '2026-02': 53.0}"
i2.0_w4_p0.236_s10.0_t24.0_htf60,2.0,4,0.236,10.0,24.0,60,7742,112.2,39.3,27.5,-7282.0,-105.5,-0.94,12412.0,-290.0,"{'2025-12': -290.0, '2026-01': -196.0, '2026-02': 138.0}"
i2.0_w4_p0.236_s10.0_t40.0_htf0,2.0,4,0.236,10.0,40.0,0,10116,146.6,35.8,32.1,3783.0,54.8,0.37,6715.0,-67.0,"{'2025-12': -36.0, '2026-01': -67.0, '2026-02': 258.0}"
i2.0_w4_p0.236_s10.0_t40.0_htf30,2.0,4,0.236,10.0,40.0,30,7272,105.4,34.2,35.2,-14049.0,-203.6,-1.93,16186.0,-311.0,"{'2025-12': -311.0, '2026-01': -291.0, '2026-02': -23.0}"
i2.0_w4_p0.236_s10.0_t40.0_htf60,2.0,4,0.236,10.0,40.0,60,7481,108.4,34.7,35.6,-13541.0,-196.2,-1.81,15579.0,-421.0,"{'2025-12': -421.0, '2026-01': -198.0, '2026-02': -16.0}"
i2.0_w4_p0.236_s10.0_t60.0_htf0,2.0,4,0.236,10.0,60.0,0,9703,140.6,35.1,38.2,6152.0,89.2,0.63,6475.0,-60.0,"{'2025-12': 84.0, '2026-01': -60.0, '2026-02': 255.0}"
i2.0_w4_p0.236_s10.0_t60.0_htf30,2.0,4,0.236,10.0,60.0,30,7156,103.7,32.6,39.4,-19671.0,-285.1,-2.75,22705.0,-365.0,"{'2025-12': -296.0, '2026-01': -365.0, '2026-02': -190.0}"
i2.0_w4_p0.236_s10.0_t60.0_htf60,2.0,4,0.236,10.0,60.0,60,7387,107.1,33.1,39.4,-16590.0,-240.4,-2.25,19152.0,-426.0,"{'2025-12': -426.0, '2026-01': -227.0, '2026-02': -107.0}"
i2.0_w4_p0.236_s14.0_t24.0_htf0,2.0,4,0.236,14.0,24.0,0,10333,149.8,42.8,29.0,-16060.0,-232.7,-1.55,16988.0,-365.0,"{'2025-12': -365.0, '2026-01': -237.0, '2026-02': -123.0}"
i2.0_w4_p0.236_s14.0_t24.0_htf30,2.0,4,0.236,14.0,24.0,30,7102,102.9,43.2,35.0,-11633.0,-168.6,-1.64,13509.0,-299.0,"{'2025-12': -232.0, '2026-01': -299.0, '2026-02': 22.0}"
i2.0_w4_p0.236_s14.0_t24.0_htf60,2.0,4,0.236,14.0,24.0,60,7319,106.1,44.6,34.9,-4749.0,-68.8,-0.65,10209.0,-243.0,"{'2025-12': -243.0, '2026-01': -151.0, '2026-02': 157.0}"
i2.0_w4_p0.236_s14.0_t40.0_htf0,2.0,4,0.236,14.0,40.0,0,9688,140.4,38.9,39.2,-10059.0,-145.8,-1.04,12924.0,-225.0,"{'2025-12': -225.0, '2026-01': -202.0, '2026-02': -22.0}"
i2.0_w4_p0.236_s14.0_t40.0_htf30,2.0,4,0.236,14.0,40.0,30,6825,98.9,38.5,44.4,-15892.0,-230.3,-2.33,17701.0,-338.0,"{'2025-12': -297.0, '2026-01': -338.0, '2026-02': -61.0}"
i2.0_w4_p0.236_s14.0_t40.0_htf60,2.0,4,0.236,14.0,40.0,60,7011,101.6,39.3,44.6,-12776.0,-185.2,-1.82,14366.0,-368.0,"{'2025-12': -368.0, '2026-01': -201.0, '2026-02': -23.0}"
i2.0_w4_p0.236_s14.0_t60.0_htf0,2.0,4,0.236,14.0,60.0,0,9186,133.1,37.8,45.9,-8698.0,-126.1,-0.95,13130.0,-239.0,"{'2025-12': -84.0, '2026-01': -239.0, '2026-02': -37.0}"
i2.0_w4_p0.236_s14.0_t60.0_htf30,2.0,4,0.236,14.0,60.0,30,6694,97.0,36.7,49.4,-22183.0,-321.5,-3.31,24553.0,-389.0,"{'2025-12': -306.0, '2026-01': -389.0, '2026-02': -260.0}"
i2.0_w4_p0.236_s14.0_t60.0_htf60,2.0,4,0.236,14.0,60.0,60,6896,99.9,37.4,49.4,-17992.0,-260.7,-2.61,20214.0,-407.0,"{'2025-12': -407.0, '2026-01': -228.0, '2026-02': -180.0}"
i2.0_w4_p0.382_s5.0_t24.0_htf0,2.0,4,0.382,5.0,24.0,0,10799,156.5,29.9,15.1,-1843.0,-26.7,-0.17,9880.0,-175.0,"{'2025-12': 4.0, '2026-01': -175.0, '2026-02': 109.0}"
i2.0_w4_p0.382_s5.0_t24.0_htf30,2.0,4,0.382,5.0,24.0,30,7604,110.2,26.7,16.0,-17592.0,-255.0,-2.31,18705.0,-310.0,"{'2025-12': -310.0, '2026-01': -308.0, '2026-02': -154.0}"
i2.0_w4_p0.382_s5.0_t24.0_htf60,2.0,4,0.382,5.0,24.0,60,7934,115.0,27.4,16.1,-15109.0,-219.0,-1.9,16375.0,-296.0,"{'2025-12': -296.0, '2026-01': -236.0, '2026-02': -139.0}"
i2.0_w4_p0.382_s5.0_t40.0_htf0,2.0,4,0.382,5.0,40.0,0,10181,147.6,27.9,22.3,8089.0,117.2,0.79,7691.0,-97.0,"{'2025-12': 179.0, '2026-01': -97.0, '2026-02': 300.0}"
i2.0_w4_p0.382_s5.0_t40.0_htf30,2.0,4,0.382,5.0,40.0,30,7467,108.2,23.6,21.2,-20861.0,-302.3,-2.79,22546.0,-353.0,"{'2025-12': -353.0, '2026-01': -312.0, '2026-02': -253.0}"
i2.0_w4_p0.382_s5.0_t40.0_htf60,2.0,4,0.382,5.0,40.0,60,7788,112.9,24.3,21.3,-17791.0,-257.8,-2.28,19495.0,-364.0,"{'2025-12': -364.0, '2026-01': -255.0, '2026-02': -177.0}"
i2.0_w4_p0.382_s5.0_t60.0_htf0,2.0,4,0.382,5.0,60.0,0,9909,143.6,27.1,26.3,10719.0,155.4,1.08,6623.0,-53.0,"{'2025-12': 195.0, '2026-01': -53.0, '2026-02': 350.0}"
i2.0_w4_p0.382_s5.0_t60.0_htf30,2.0,4,0.382,5.0,60.0,30,7429,107.7,22.9,23.7,-20262.0,-293.7,-2.73,22411.0,-329.0,"{'2025-12': -315.0, '2026-01': -329.0, '2026-02': -239.0}"
i2.0_w4_p0.382_s5.0_t60.0_htf60,2.0,4,0.382,5.0,60.0,60,7751,112.3,23.5,23.8,-17487.0,-253.4,-2.26,19567.0,-354.0,"{'2025-12': -354.0, '2026-01': -246.0, '2026-02': -183.0}"
i2.0_w4_p0.382_s8.0_t24.0_htf0,2.0,4,0.382,8.0,24.0,0,10403,150.8,35.5,21.0,-6988.0,-101.3,-0.67,9744.0,-146.0,"{'2025-12': -88.0, '2026-01': -146.0, '2026-02': -63.0}"
i2.0_w4_p0.382_s8.0_t24.0_htf30,2.0,4,0.382,8.0,24.0,30,7178,104.0,33.0,23.5,-19683.0,-285.3,-2.74,20547.0,-343.0,"{'2025-12': -343.0, '2026-01': -329.0, '2026-02': -192.0}"
i2.0_w4_p0.382_s8.0_t24.0_htf60,2.0,4,0.382,8.0,24.0,60,7486,108.5,33.9,23.6,-17045.0,-247.0,-2.28,17660.0,-376.0,"{'2025-12': -376.0, '2026-01': -251.0, '2026-02': -141.0}"
i2.0_w4_p0.382_s8.0_t40.0_htf0,2.0,4,0.382,8.0,40.0,0,9783,141.8,32.7,29.5,-519.0,-7.5,-0.05,8556.0,-157.0,"{'2025-12': 79.0, '2026-01': -157.0, '2026-02': 86.0}"
i2.0_w4_p0.382_s8.0_t40.0_htf30,2.0,4,0.382,8.0,40.0,30,7017,101.7,29.5,30.1,-23405.0,-339.2,-3.34,24929.0,-400.0,"{'2025-12': -400.0, '2026-01': -315.0, '2026-02': -318.0}"
i2.0_w4_p0.382_s8.0_t40.0_htf60,2.0,4,0.382,8.0,40.0,60,7293,105.7,30.0,30.2,-22160.0,-321.2,-3.04,23426.0,-440.0,"{'2025-12': -440.0, '2026-01': -277.0, '2026-02': -274.0}"
i2.0_w4_p0.382_s8.0_t60.0_htf0,2.0,4,0.382,8.0,60.0,0,9460,137.1,32.2,34.7,4273.0,61.9,0.45,8029.0,-122.0,"{'2025-12': 122.0, '2026-01': -122.0, '2026-02': 214.0}"
i2.0_w4_p0.382_s8.0_t60.0_htf30,2.0,4,0.382,8.0,60.0,30,6954,100.8,28.5,33.2,-24468.0,-354.6,-3.52,26365.0,-370.0,"{'2025-12': -370.0, '2026-01': -359.0, '2026-02': -337.0}"
i2.0_w4_p0.382_s8.0_t60.0_htf60,2.0,4,0.382,8.0,60.0,60,7235,104.9,28.9,33.1,-22953.0,-332.6,-3.17,24620.0,-432.0,"{'2025-12': -432.0, '2026-01': -272.0, '2026-02': -320.0}"
i2.0_w4_p0.382_s10.0_t24.0_htf0,2.0,4,0.382,10.0,24.0,0,10203,147.9,38.0,24.2,-13822.0,-200.3,-1.35,15646.0,-268.0,"{'2025-12': -268.0, '2026-01': -229.0, '2026-02': -115.0}"
i2.0_w4_p0.382_s10.0_t24.0_htf30,2.0,4,0.382,10.0,24.0,30,6922,100.3,36.4,28.0,-19211.0,-278.4,-2.78,20267.0,-319.0,"{'2025-12': -278.0, '2026-01': -319.0, '2026-02': -235.0}"
i2.0_w4_p0.382_s10.0_t24.0_htf60,2.0,4,0.382,10.0,24.0,60,7230,104.8,37.5,27.7,-17001.0,-246.4,-2.35,17753.0,-357.0,"{'2025-12': -357.0, '2026-01': -253.0, '2026-02': -152.0}"
i2.0_w4_p0.382_s10.0_t40.0_htf0,2.0,4,0.382,10.0,40.0,0,9530,138.1,35.0,33.7,-6277.0,-91.0,-0.66,11765.0,-209.0,"{'2025-12': -104.0, '2026-01': -209.0, '2026-02': 47.0}"
i2.0_w4_p0.382_s10.0_t40.0_htf30,2.0,4,0.382,10.0,40.0,30,6728,97.5,32.5,35.5,-23723.0,-343.8,-3.53,25328.0,-361.0,"{'2025-12': -320.0, '2026-01': -346.0, '2026-02': -361.0}"
i2.0_w4_p0.382_s10.0_t40.0_htf60,2.0,4,0.382,10.0,40.0,60,7011,101.6,33.3,35.3,-22552.0,-326.8,-3.22,23768.0,-425.0,"{'2025-12': -425.0, '2026-01': -296.0, '2026-02': -283.0}"
i2.0_w4_p0.382_s10.0_t60.0_htf0,2.0,4,0.382,10.0,60.0,0,9168,132.9,34.6,39.5,-355.0,-5.1,-0.04,10237.0,-127.0,"{'2025-12': -88.0, '2026-01': -127.0, '2026-02': 193.0}"
i2.0_w4_p0.382_s10.0_t60.0_htf30,2.0,4,0.382,10.0,60.0,30,6653,96.4,31.3,39.0,-25961.0,-376.2,-3.9,27793.0,-401.0,"{'2025-12': -333.0, '2026-01': -385.0, '2026-02': -401.0}"
i2.0_w4_p0.382_s10.0_t60.0_htf60,2.0,4,0.382,10.0,60.0,60,6930,100.4,32.1,38.8,-23475.0,-340.2,-3.39,24984.0,-436.0,"{'2025-12': -436.0, '2026-01': -284.0, '2026-02': -326.0}"
i2.0_w4_p0.382_s14.0_t24.0_htf0,2.0,4,0.382,14.0,24.0,0,9765,141.5,41.3,30.7,-26542.0,-384.7,-2.72,27336.0,-509.0,"{'2025-12': -509.0, '2026-01': -321.0, '2026-02': -355.0}"
i2.0_w4_p0.382_s14.0_t24.0_htf30,2.0,4,0.382,14.0,24.0,30,6505,94.3,41.5,36.7,-18023.0,-261.2,-2.77,18843.0,-281.0,"{'2025-12': -261.0, '2026-01': -281.0, '2026-02': -240.0}"
i2.0_w4_p0.382_s14.0_t24.0_htf60,2.0,4,0.382,14.0,24.0,60,6796,98.5,42.5,36.5,-15353.0,-222.5,-2.26,15759.0,-343.0,"{'2025-12': -343.0, '2026-01': -213.0, '2026-02': -137.0}"
i2.0_w4_p0.382_s14.0_t40.0_htf0,2.0,4,0.382,14.0,40.0,0,9070,131.4,38.0,41.0,-19553.0,-283.4,-2.16,21852.0,-364.0,"{'2025-12': -364.0, '2026-01': -317.0, '2026-02': -184.0}"
i2.0_w4_p0.382_s14.0_t40.0_htf30,2.0,4,0.382,14.0,40.0,30,6268,90.8,37.4,45.8,-23156.0,-335.6,-3.69,24759.0,-378.0,"{'2025-12': -314.0, '2026-01': -313.0, '2026-02': -378.0}"
i2.0_w4_p0.382_s14.0_t40.0_htf60,2.0,4,0.382,14.0,40.0,60,6532,94.7,38.2,45.4,-20114.0,-291.5,-3.08,21234.0,-403.0,"{'2025-12': -403.0, '2026-01': -237.0, '2026-02': -262.0}"
i2.0_w4_p0.382_s14.0_t60.0_htf0,2.0,4,0.382,14.0,60.0,0,8693,126.0,37.6,47.5,-11219.0,-162.6,-1.29,14741.0,-220.0,"{'2025-12': -162.0, '2026-01': -220.0, '2026-02': -100.0}"
i2.0_w4_p0.382_s14.0_t60.0_htf30,2.0,4,0.382,14.0,60.0,30,6181,89.6,36.1,50.0,-25756.0,-373.3,-4.17,27488.0,-433.0,"{'2025-12': -332.0, '2026-01': -348.0, '2026-02': -433.0}"
i2.0_w4_p0.382_s14.0_t60.0_htf60,2.0,4,0.382,14.0,60.0,60,6433,93.2,36.8,49.9,-22965.0,-332.8,-3.57,24282.0,-446.0,"{'2025-12': -446.0, '2026-01': -239.0, '2026-02': -344.0}"
i2.0_w4_p0.5_s5.0_t24.0_htf0,2.0,4,0.5,5.0,24.0,0,10289,149.1,29.0,15.4,-8299.0,-120.3,-0.81,11953.0,-183.0,"{'2025-12': -130.0, '2026-01': -183.0, '2026-02': -44.0}"
i2.0_w4_p0.5_s5.0_t24.0_htf30,2.0,4,0.5,5.0,24.0,30,7023,101.8,25.4,15.9,-20330.0,-294.6,-2.89,21484.0,-316.0,"{'2025-12': -294.0, '2026-01': -316.0, '2026-02': -272.0}"
i2.0_w4_p0.5_s5.0_t24.0_htf60,2.0,4,0.5,5.0,24.0,60,7363,106.7,26.0,15.7,-19163.0,-277.7,-2.6,20511.0,-304.0,"{'2025-12': -304.0, '2026-01': -248.0, '2026-02': -289.0}"
i2.0_w4_p0.5_s5.0_t40.0_htf0,2.0,4,0.5,5.0,40.0,0,9846,142.7,26.7,22.1,-1249.0,-18.1,-0.13,10544.0,-126.0,"{'2025-12': -13.0, '2026-01': -126.0, '2026-02': 95.0}"
i2.0_w4_p0.5_s5.0_t40.0_htf30,2.0,4,0.5,5.0,40.0,30,6915,100.2,22.8,20.6,-20965.0,-303.8,-3.03,22546.0,-330.0,"{'2025-12': -330.0, '2026-01': -319.0, '2026-02': -267.0}"
i2.0_w4_p0.5_s5.0_t40.0_htf60,2.0,4,0.5,5.0,40.0,60,7242,105.0,23.4,20.9,-20071.0,-290.9,-2.77,21931.0,-359.0,"{'2025-12': -359.0, '2026-01': -253.0, '2026-02': -278.0}"
i2.0_w4_p0.5_s5.0_t60.0_htf0,2.0,4,0.5,5.0,60.0,0,9649,139.8,26.2,25.9,1779.0,25.8,0.18,9743.0,-120.0,"{'2025-12': 71.0, '2026-01': -120.0, '2026-02': 148.0}"
i2.0_w4_p0.5_s5.0_t60.0_htf30,2.0,4,0.5,5.0,60.0,30,6875,99.6,22.0,23.3,-21827.0,-316.3,-3.17,23800.0,-331.0,"{'2025-12': -331.0, '2026-01': -324.0, '2026-02': -297.0}"
i2.0_w4_p0.5_s5.0_t60.0_htf60,2.0,4,0.5,5.0,60.0,60,7202,104.4,22.7,23.3,-19716.0,-285.7,-2.74,21861.0,-353.0,"{'2025-12': -353.0, '2026-01': -233.0, '2026-02': -290.0}"
i2.0_w4_p0.5_s8.0_t24.0_htf0,2.0,4,0.5,8.0,24.0,0,9804,142.1,35.7,22.1,-8242.0,-119.5,-0.84,11312.0,-199.0,"{'2025-12': -199.0, '2026-01': -105.0, '2026-02': -72.0}"
i2.0_w4_p0.5_s8.0_t24.0_htf30,2.0,4,0.5,8.0,24.0,30,6590,95.5,32.5,23.6,-21025.0,-304.7,-3.19,22336.0,-313.0,"{'2025-12': -300.0, '2026-01': -313.0, '2026-02': -300.0}"
i2.0_w4_p0.5_s8.0_t24.0_htf60,2.0,4,0.5,8.0,24.0,60,6909,100.1,33.2,23.8,-18660.0,-270.4,-2.7,20037.0,-313.0,"{'2025-12': -313.0, '2026-01': -226.0, '2026-02': -285.0}"
i2.0_w4_p0.5_s8.0_t40.0_htf0,2.0,4,0.5,8.0,40.0,0,9304,134.8,32.6,30.4,-4376.0,-63.4,-0.47,9712.0,-107.0,"{'2025-12': -44.0, '2026-01': -107.0, '2026-02': -32.0}"
i2.0_w4_p0.5_s8.0_t40.0_htf30,2.0,4,0.5,8.0,40.0,30,6455,93.6,29.2,30.1,-24504.0,-355.1,-3.8,26096.0,-369.0,"{'2025-12': -369.0, '2026-01': -344.0, '2026-02': -356.0}"
i2.0_w4_p0.5_s8.0_t40.0_htf60,2.0,4,0.5,8.0,40.0,60,6749,97.8,30.0,30.8,-21251.0,-308.0,-3.15,23273.0,-369.0,"{'2025-12': -369.0, '2026-01': -251.0, '2026-02': -321.0}"
i2.0_w4_p0.5_s8.0_t60.0_htf0,2.0,4,0.5,8.0,60.0,0,9001,130.4,31.9,35.2,-1463.0,-21.2,-0.16,8186.0,-58.0,"{'2025-12': 29.0, '2026-01': -58.0, '2026-02': -21.0}"
i2.0_w4_p0.5_s8.0_t60.0_htf30,2.0,4,0.5,8.0,60.0,30,6403,92.8,28.3,33.3,-25037.0,-362.8,-3.91,26899.0,-391.0,"{'2025-12': -345.0, '2026-01': -350.0, '2026-02': -391.0}"
i2.0_w4_p0.5_s8.0_t60.0_htf60,2.0,4,0.5,8.0,60.0,60,6699,97.1,29.2,34.0,-20650.0,-299.3,-3.08,22983.0,-350.0,"{'2025-12': -338.0, '2026-01': -224.0, '2026-02': -350.0}"
i2.0_w4_p0.5_s10.0_t24.0_htf0,2.0,4,0.5,10.0,24.0,0,9556,138.5,38.6,26.0,-12207.0,-176.9,-1.28,14660.0,-233.0,"{'2025-12': -233.0, '2026-01': -171.0, '2026-02': -139.0}"
i2.0_w4_p0.5_s10.0_t24.0_htf30,2.0,4,0.5,10.0,24.0,30,6352,92.1,36.0,28.7,-20521.0,-297.4,-3.23,21949.0,-335.0,"{'2025-12': -271.0, '2026-01': -335.0, '2026-02': -278.0}"
i2.0_w4_p0.5_s10.0_t24.0_htf60,2.0,4,0.5,10.0,24.0,60,6687,96.9,36.4,28.9,-18805.0,-272.5,-2.81,19973.0,-325.0,"{'2025-12': -325.0, '2026-01': -242.0, '2026-02': -263.0}"
i2.0_w4_p0.5_s10.0_t40.0_htf0,2.0,4,0.5,10.0,40.0,0,8982,130.2,35.9,35.4,-3302.0,-47.9,-0.37,9863.0,-113.0,"{'2025-12': -80.0, '2026-01': -113.0, '2026-02': 48.0}"
i2.0_w4_p0.5_s10.0_t40.0_htf30,2.0,4,0.5,10.0,40.0,30,6198,89.8,32.4,36.0,-24362.0,-353.1,-3.93,26094.0,-356.0,"{'2025-12': -346.0, '2026-01': -356.0, '2026-02': -356.0}"
i2.0_w4_p0.5_s10.0_t40.0_htf60,2.0,4,0.5,10.0,40.0,60,6502,94.2,32.9,36.8,-22244.0,-322.4,-3.42,24085.0,-389.0,"{'2025-12': -389.0, '2026-01': -259.0, '2026-02': -338.0}"
i2.0_w4_p0.5_s10.0_t60.0_htf0,2.0,4,0.5,10.0,60.0,0,8673,125.7,35.1,40.8,-2169.0,-31.4,-0.25,9443.0,-122.0,"{'2025-12': 8.0, '2026-01': -122.0, '2026-02': 35.0}"
i2.0_w4_p0.5_s10.0_t60.0_htf30,2.0,4,0.5,10.0,60.0,30,6130,88.8,31.5,39.6,-25476.0,-369.2,-4.16,27579.0,-410.0,"{'2025-12': -315.0, '2026-01': -370.0, '2026-02': -410.0}"
i2.0_w4_p0.5_s10.0_t60.0_htf60,2.0,4,0.5,10.0,60.0,60,6444,93.4,32.1,40.4,-21976.0,-318.5,-3.41,24137.0,-371.0,"{'2025-12': -371.0, '2026-01': -240.0, '2026-02': -362.0}"
i2.0_w4_p0.5_s14.0_t24.0_htf0,2.0,4,0.5,14.0,24.0,0,9153,132.7,42.5,32.3,-17397.0,-252.1,-1.9,19262.0,-284.0,"{'2025-12': -284.0, '2026-01': -241.0, '2026-02': -239.0}"
i2.0_w4_p0.5_s14.0_t24.0_htf30,2.0,4,0.5,14.0,24.0,30,6002,87.0,41.1,37.8,-19086.0,-276.6,-3.18,20417.0,-327.0,"{'2025-12': -209.0, '2026-01': -327.0, '2026-02': -276.0}"
i2.0_w4_p0.5_s14.0_t24.0_htf60,2.0,4,0.5,14.0,24.0,60,6325,91.7,41.5,37.8,-16652.0,-241.3,-2.63,17878.0,-299.0,"{'2025-12': -299.0, '2026-01': -225.0, '2026-02': -214.0}"
i2.0_w4_p0.5_s14.0_t40.0_htf0,2.0,4,0.5,14.0,40.0,0,8526,123.6,39.6,42.9,-9564.0,-138.6,-1.12,13206.0,-170.0,"{'2025-12': -170.0, '2026-01': -103.0, '2026-02': -153.0}"
i2.0_w4_p0.5_s14.0_t40.0_htf30,2.0,4,0.5,14.0,40.0,30,5811,84.2,37.1,46.6,-23745.0,-344.1,-4.09,25285.0,-368.0,"{'2025-12': -307.0, '2026-01': -350.0, '2026-02': -368.0}"
i2.0_w4_p0.5_s14.0_t40.0_htf60,2.0,4,0.5,14.0,40.0,60,6095,88.3,37.6,47.2,-21088.0,-305.6,-3.46,22651.0,-370.0,"{'2025-12': -370.0, '2026-01': -254.0, '2026-02': -310.0}"
i2.0_w4_p0.5_s14.0_t60.0_htf0,2.0,4,0.5,14.0,60.0,0,8155,118.2,38.5,49.3,-8539.0,-123.8,-1.05,13629.0,-161.0,"{'2025-12': -101.0, '2026-01': -161.0, '2026-02': -101.0}"
i2.0_w4_p0.5_s14.0_t60.0_htf30,2.0,4,0.5,14.0,60.0,30,5737,83.1,36.0,50.8,-25286.0,-366.5,-4.41,27332.0,-438.0,"{'2025-12': -275.0, '2026-01': -367.0, '2026-02': -438.0}"
i2.0_w4_p0.5_s14.0_t60.0_htf60,2.0,4,0.5,14.0,60.0,60,6023,87.3,36.5,51.4,-21251.0,-308.0,-3.53,23301.0,-358.0,"{'2025-12': -358.0, '2026-01': -240.0, '2026-02': -342.0}"
i2.0_w4_p0.618_s5.0_t24.0_htf0,2.0,4,0.618,5.0,24.0,0,9735,141.1,27.1,15.7,-17829.0,-258.4,-1.83,20975.0,-290.0,"{'2025-12': -231.0, '2026-01': -290.0, '2026-02': -245.0}"
i2.0_w4_p0.618_s5.0_t24.0_htf30,2.0,4,0.618,5.0,24.0,30,6328,91.7,24.8,15.7,-21915.0,-317.6,-3.46,22925.0,-366.0,"{'2025-12': -262.0, '2026-01': -366.0, '2026-02': -309.0}"
i2.0_w4_p0.618_s5.0_t24.0_htf60,2.0,4,0.618,5.0,24.0,60,6649,96.4,25.2,16.0,-22300.0,-323.2,-3.35,23394.0,-334.0,"{'2025-12': -329.0, '2026-01': -309.0, '2026-02': -334.0}"
i2.0_w4_p0.618_s5.0_t40.0_htf0,2.0,4,0.618,5.0,40.0,0,9434,136.7,24.5,21.4,-16773.0,-243.1,-1.78,21163.0,-280.0,"{'2025-12': -159.0, '2026-01': -270.0, '2026-02': -280.0}"
i2.0_w4_p0.618_s5.0_t40.0_htf30,2.0,4,0.618,5.0,40.0,30,6250,90.6,21.9,20.1,-24595.0,-356.5,-3.94,25631.0,-381.0,"{'2025-12': -299.0, '2026-01': -376.0, '2026-02': -381.0}"
i2.0_w4_p0.618_s5.0_t40.0_htf60,2.0,4,0.618,5.0,40.0,60,6552,95.0,22.8,20.7,-22696.0,-328.9,-3.46,24023.0,-362.0,"{'2025-12': -362.0, '2026-01': -279.0, '2026-02': -357.0}"
i2.0_w4_p0.618_s5.0_t60.0_htf0,2.0,4,0.618,5.0,60.0,0,9313,135.0,23.9,24.2,-13618.0,-197.4,-1.46,19853.0,-252.0,"{'2025-12': -59.0, '2026-01': -247.0, '2026-02': -252.0}"
i2.0_w4_p0.618_s5.0_t60.0_htf30,2.0,4,0.618,5.0,60.0,30,6228,90.3,21.3,22.3,-24548.0,-355.8,-3.94,26049.0,-389.0,"{'2025-12': -271.0, '2026-01': -387.0, '2026-02': -389.0}"
i2.0_w4_p0.618_s5.0_t60.0_htf60,2.0,4,0.618,5.0,60.0,60,6519,94.5,22.2,22.9,-21608.0,-313.2,-3.31,23309.0,-363.0,"{'2025-12': -316.0, '2026-01': -265.0, '2026-02': -363.0}"
i2.0_w4_p0.618_s8.0_t24.0_htf0,2.0,4,0.618,8.0,24.0,0,9167,132.9,34.9,22.9,-13383.0,-194.0,-1.46,16819.0,-215.0,"{'2025-12': -193.0, '2026-01': -215.0, '2026-02': -171.0}"
i2.0_w4_p0.618_s8.0_t24.0_htf30,2.0,4,0.618,8.0,24.0,30,5943,86.1,32.1,24.5,-21177.0,-306.9,-3.56,22417.0,-340.0,"{'2025-12': -263.0, '2026-01': -340.0, '2026-02': -306.0}"
i2.0_w4_p0.618_s8.0_t24.0_htf60,2.0,4,0.618,8.0,24.0,60,6235,90.4,32.6,24.6,-19717.0,-285.8,-3.16,20867.0,-307.0,"{'2025-12': -300.0, '2026-01': -255.0, '2026-02': -307.0}"
i2.0_w4_p0.618_s8.0_t40.0_htf0,2.0,4,0.618,8.0,40.0,0,8773,127.1,32.1,30.9,-11819.0,-171.3,-1.35,16935.0,-249.0,"{'2025-12': -96.0, '2026-01': -155.0, '2026-02': -249.0}"
i2.0_w4_p0.618_s8.0_t40.0_htf30,2.0,4,0.618,8.0,40.0,30,5826,84.4,28.7,30.6,-24780.0,-359.1,-4.25,26283.0,-402.0,"{'2025-12': -291.0, '2026-01': -370.0, '2026-02': -402.0}"
i2.0_w4_p0.618_s8.0_t40.0_htf60,2.0,4,0.618,8.0,40.0,60,6111,88.6,29.6,31.3,-21520.0,-311.9,-3.52,22925.0,-366.0,"{'2025-12': -339.0, '2026-01': -242.0, '2026-02': -366.0}"
i2.0_w4_p0.618_s8.0_t60.0_htf0,2.0,4,0.618,8.0,60.0,0,8629,125.1,31.3,35.0,-8936.0,-129.5,-1.04,15295.0,-222.0,"{'2025-12': 18.0, '2026-01': -151.0, '2026-02': -222.0}"
i2.0_w4_p0.618_s8.0_t60.0_htf30,2.0,4,0.618,8.0,60.0,30,5796,84.0,28.0,33.5,-24254.0,-351.5,-4.18,26080.0,-414.0,"{'2025-12': -258.0, '2026-01': -362.0, '2026-02': -414.0}"
i2.0_w4_p0.618_s8.0_t60.0_htf60,2.0,4,0.618,8.0,60.0,60,6072,88.0,28.9,34.2,-20694.0,-299.9,-3.41,22442.0,-367.0,"{'2025-12': -301.0, '2026-01': -238.0, '2026-02': -367.0}"
i2.0_w4_p0.618_s10.0_t24.0_htf0,2.0,4,0.618,10.0,24.0,0,8904,129.0,37.9,26.7,-15869.0,-230.0,-1.78,19036.0,-292.0,"{'2025-12': -292.0, '2026-01': -244.0, '2026-02': -166.0}"
i2.0_w4_p0.618_s10.0_t24.0_htf30,2.0,4,0.618,10.0,24.0,30,5755,83.4,36.2,29.4,-19103.0,-276.9,-3.32,20292.0,-310.0,"{'2025-12': -271.0, '2026-01': -310.0, '2026-02': -245.0}"
i2.0_w4_p0.618_s10.0_t24.0_htf60,2.0,4,0.618,10.0,24.0,60,6028,87.4,36.4,29.6,-18653.0,-270.3,-3.09,19724.0,-328.0,"{'2025-12': -328.0, '2026-01': -250.0, '2026-02': -247.0}"
i2.0_w4_p0.618_s10.0_t40.0_htf0,2.0,4,0.618,10.0,40.0,0,8439,122.3,34.8,36.1,-12431.0,-180.2,-1.47,16754.0,-208.0,"{'2025-12': -161.0, '2026-01': -168.0, '2026-02': -208.0}"
i2.0_w4_p0.618_s10.0_t40.0_htf30,2.0,4,0.618,10.0,40.0,30,5619,81.4,32.5,36.5,-22607.0,-327.6,-4.02,24213.0,-337.0,"{'2025-12': -311.0, '2026-01': -331.0, '2026-02': -337.0}"
i2.0_w4_p0.618_s10.0_t40.0_htf60,2.0,4,0.618,10.0,40.0,60,5879,85.2,33.0,37.3,-21485.0,-311.4,-3.65,22981.0,-362.0,"{'2025-12': -362.0, '2026-01': -243.0, '2026-02': -346.0}"
i2.0_w4_p0.618_s10.0_t60.0_htf0,2.0,4,0.618,10.0,60.0,0,8264,119.8,34.1,40.7,-9523.0,-138.0,-1.15,15420.0,-206.0,"{'2025-12': -29.0, '2026-01': -156.0, '2026-02': -206.0}"
i2.0_w4_p0.618_s10.0_t60.0_htf30,2.0,4,0.618,10.0,60.0,30,5578,80.8,31.6,40.0,-22896.0,-331.8,-4.1,24743.0,-359.0,"{'2025-12': -282.0, '2026-01': -344.0, '2026-02': -359.0}"
i2.0_w4_p0.618_s10.0_t60.0_htf60,2.0,4,0.618,10.0,60.0,60,5835,84.6,32.2,40.6,-20046.0,-290.5,-3.44,21932.0,-339.0,"{'2025-12': -313.0, '2026-01': -229.0, '2026-02': -339.0}"
i2.0_w4_p0.618_s14.0_t24.0_htf0,2.0,4,0.618,14.0,24.0,0,8450,122.5,42.7,34.6,-15162.0,-219.7,-1.79,17694.0,-226.0,"{'2025-12': -226.0, '2026-01': -209.0, '2026-02': -226.0}"
i2.0_w4_p0.618_s14.0_t24.0_htf30,2.0,4,0.618,14.0,24.0,30,5444,78.9,40.8,38.3,-18361.0,-266.1,-3.37,19560.0,-322.0,"{'2025-12': -215.0, '2026-01': -322.0, '2026-02': -246.0}"
i2.0_w4_p0.618_s14.0_t24.0_htf60,2.0,4,0.618,14.0,24.0,60,5726,83.0,41.4,38.4,-17697.0,-256.5,-3.09,18495.0,-319.0,"{'2025-12': -319.0, '2026-01': -232.0, '2026-02': -234.0}"
i2.0_w4_p0.618_s14.0_t40.0_htf0,2.0,4,0.618,14.0,40.0,0,7901,114.5,39.5,45.3,-11840.0,-171.6,-1.5,16671.0,-218.0,"{'2025-12': -95.0, '2026-01': -185.0, '2026-02': -218.0}"
i2.0_w4_p0.618_s14.0_t40.0_htf30,2.0,4,0.618,14.0,40.0,30,5282,76.6,37.0,47.0,-21865.0,-316.9,-4.14,23520.0,-358.0,"{'2025-12': -238.0, '2026-01': -358.0, '2026-02': -335.0}"
i2.0_w4_p0.618_s14.0_t40.0_htf60,2.0,4,0.618,14.0,40.0,60,5541,80.3,37.8,47.7,-20282.0,-293.9,-3.66,21629.0,-335.0,"{'2025-12': -335.0, '2026-01': -236.0, '2026-02': -324.0}"
i2.0_w4_p0.618_s14.0_t60.0_htf0,2.0,4,0.618,14.0,60.0,0,7683,111.3,38.8,50.9,-8128.0,-117.8,-1.06,13906.0,-189.0,"{'2025-12': 4.0, '2026-01': -189.0, '2026-02': -137.0}"
i2.0_w4_p0.618_s14.0_t60.0_htf30,2.0,4,0.618,14.0,60.0,30,5230,75.8,36.1,51.2,-21964.0,-318.3,-4.2,23939.0,-358.0,"{'2025-12': -215.0, '2026-01': -357.0, '2026-02': -358.0}"
i2.0_w4_p0.618_s14.0_t60.0_htf60,2.0,4,0.618,14.0,60.0,60,5483,79.5,36.9,51.7,-19174.0,-277.9,-3.5,21135.0,-336.0,"{'2025-12': -282.0, '2026-01': -221.0, '2026-02': -336.0}"
i3.0_w3_p0.118_s5.0_t24.0_htf0,3.0,3,0.118,5.0,24.0,0,11399,165.2,34.0,13.9,28360.0,411.0,2.49,2501.0,107.0,"{'2025-12': 365.0, '2026-01': 107.0, '2026-02': 777.0}"
i3.0_w3_p0.118_s5.0_t24.0_htf30,3.0,3,0.118,5.0,24.0,30,8188,118.7,32.1,15.1,7869.0,114.0,0.96,4808.0,-50.0,"{'2025-12': -16.0, '2026-01': -50.0, '2026-02': 394.0}"
i3.0_w3_p0.118_s5.0_t24.0_htf60,3.0,3,0.118,5.0,24.0,60,8465,122.7,32.4,15.1,9381.0,136.0,1.11,4533.0,-41.0,"{'2025-12': 9.0, '2026-01': -41.0, '2026-02': 429.0}"
i3.0_w3_p0.118_s5.0_t40.0_htf0,3.0,3,0.118,5.0,40.0,0,10795,156.4,29.9,20.8,33378.0,483.7,3.09,3034.0,234.0,"{'2025-12': 340.0, '2026-01': 234.0, '2026-02': 869.0}"
i3.0_w3_p0.118_s5.0_t40.0_htf30,3.0,3,0.118,5.0,40.0,30,8010,116.1,27.7,21.3,5324.0,77.2,0.66,6841.0,-80.0,"{'2025-12': -80.0, '2026-01': -51.0, '2026-02': 340.0}"
i3.0_w3_p0.118_s5.0_t40.0_htf60,3.0,3,0.118,5.0,40.0,60,8269,119.8,27.9,21.5,6204.0,89.9,0.75,6196.0,-99.0,"{'2025-12': -99.0, '2026-01': -43.0, '2026-02': 384.0}"
i3.0_w3_p0.118_s5.0_t60.0_htf0,3.0,3,0.118,5.0,60.0,0,10326,149.7,29.9,26.7,41145.0,596.3,3.98,2710.0,290.0,"{'2025-12': 452.0, '2026-01': 290.0, '2026-02': 1042.0}"
i3.0_w3_p0.118_s5.0_t60.0_htf30,3.0,3,0.118,5.0,60.0,30,7896,114.4,26.2,24.9,1759.0,25.5,0.22,8362.0,-97.0,"{'2025-12': -84.0, '2026-01': -97.0, '2026-02': 245.0}"
i3.0_w3_p0.118_s5.0_t60.0_htf60,3.0,3,0.118,5.0,60.0,60,8170,118.4,26.3,24.9,3614.0,52.4,0.44,6952.0,-114.0,"{'2025-12': -114.0, '2026-01': -40.0, '2026-02': 284.0}"
i3.0_w3_p0.118_s8.0_t24.0_htf0,3.0,3,0.118,8.0,24.0,0,11116,161.1,38.4,18.9,13629.0,197.5,1.23,5726.0,-67.0,"{'2025-12': 104.0, '2026-01': -67.0, '2026-02': 558.0}"
i3.0_w3_p0.118_s8.0_t24.0_htf30,3.0,3,0.118,8.0,24.0,30,7825,113.4,38.0,21.4,3412.0,49.4,0.44,7856.0,-140.0,"{'2025-12': -69.0, '2026-01': -140.0, '2026-02': 348.0}"
i3.0_w3_p0.118_s8.0_t24.0_htf60,3.0,3,0.118,8.0,24.0,60,8085,117.2,38.0,21.0,3883.0,56.3,0.48,7333.0,-125.0,"{'2025-12': -85.0, '2026-01': -125.0, '2026-02': 364.0}"
i3.0_w3_p0.118_s8.0_t40.0_htf0,3.0,3,0.118,8.0,40.0,0,10477,151.8,33.8,26.8,17046.0,247.0,1.63,4626.0,31.0,"{'2025-12': 54.0, '2026-01': 31.0, '2026-02': 634.0}"
i3.0_w3_p0.118_s8.0_t40.0_htf30,3.0,3,0.118,8.0,40.0,30,7595,110.1,33.1,28.9,-123.0,-1.8,-0.02,10072.0,-154.0,"{'2025-12': -139.0, '2026-01': -154.0, '2026-02': 272.0}"
i3.0_w3_p0.118_s8.0_t40.0_htf60,3.0,3,0.118,8.0,40.0,60,7819,113.3,32.9,28.8,-1976.0,-28.6,-0.25,10719.0,-225.0,"{'2025-12': -225.0, '2026-01': -155.0, '2026-02': 263.0}"
i3.0_w3_p0.118_s8.0_t60.0_htf0,3.0,3,0.118,8.0,60.0,0,9997,144.9,33.0,32.8,22222.0,322.1,2.22,4252.0,81.0,"{'2025-12': 148.0, '2026-01': 81.0, '2026-02': 720.0}"
i3.0_w3_p0.118_s8.0_t60.0_htf30,3.0,3,0.118,8.0,60.0,30,7471,108.3,31.2,32.9,-5239.0,-75.9,-0.7,12245.0,-211.0,"{'2025-12': -147.0, '2026-01': -211.0, '2026-02': 126.0}"
i3.0_w3_p0.118_s8.0_t60.0_htf60,3.0,3,0.118,8.0,60.0,60,7709,111.7,31.1,32.7,-5558.0,-80.6,-0.72,12320.0,-275.0,"{'2025-12': -275.0, '2026-01': -164.0, '2026-02': 163.0}"
i3.0_w3_p0.118_s10.0_t24.0_htf0,3.0,3,0.118,10.0,24.0,0,10906,158.1,40.8,22.1,7209.0,104.5,0.66,6339.0,-100.0,"{'2025-12': -100.0, '2026-01': -85.0, '2026-02': 472.0}"
i3.0_w3_p0.118_s10.0_t24.0_htf30,3.0,3,0.118,10.0,24.0,30,7595,110.1,40.9,25.5,922.0,13.4,0.12,7840.0,-145.0,"{'2025-12': -87.0, '2026-01': -145.0, '2026-02': 265.0}"
i3.0_w3_p0.118_s10.0_t24.0_htf60,3.0,3,0.118,10.0,24.0,60,7839,113.6,40.9,25.0,2406.0,34.9,0.31,7183.0,-123.0,"{'2025-12': -93.0, '2026-01': -123.0, '2026-02': 307.0}"
i3.0_w3_p0.118_s10.0_t40.0_htf0,3.0,3,0.118,10.0,40.0,0,10241,148.4,36.5,30.8,12009.0,174.0,1.17,5231.0,-56.0,"{'2025-12': -56.0, '2026-01': 31.0, '2026-02': 511.0}"
i3.0_w3_p0.118_s10.0_t40.0_htf30,3.0,3,0.118,10.0,40.0,30,7329,106.2,35.8,33.9,-3165.0,-45.9,-0.43,10170.0,-166.0,"{'2025-12': -161.0, '2026-01': -166.0, '2026-02': 175.0}"
i3.0_w3_p0.118_s10.0_t40.0_htf60,3.0,3,0.118,10.0,40.0,60,7559,109.6,35.4,33.7,-4259.0,-61.7,-0.56,10723.0,-242.0,"{'2025-12': -242.0, '2026-01': -150.0, '2026-02': 177.0}"
i3.0_w3_p0.118_s10.0_t60.0_htf0,3.0,3,0.118,10.0,60.0,0,9668,140.1,36.2,37.8,20911.0,303.1,2.16,4401.0,86.0,"{'2025-12': 95.0, '2026-01': 86.0, '2026-02': 703.0}"
i3.0_w3_p0.118_s10.0_t60.0_htf30,3.0,3,0.118,10.0,60.0,30,7194,104.3,33.8,38.2,-8504.0,-123.3,-1.18,12849.0,-231.0,"{'2025-12': -185.0, '2026-01': -231.0, '2026-02': 42.0}"
i3.0_w3_p0.118_s10.0_t60.0_htf60,3.0,3,0.118,10.0,60.0,60,7435,107.8,33.5,37.8,-9012.0,-130.6,-1.21,12736.0,-318.0,"{'2025-12': -318.0, '2026-01': -169.0, '2026-02': 60.0}"
i3.0_w3_p0.118_s14.0_t24.0_htf0,3.0,3,0.118,14.0,24.0,0,10514,152.4,44.2,27.6,-7003.0,-101.5,-0.67,12390.0,-324.0,"{'2025-12': -324.0, '2026-01': -197.0, '2026-02': 178.0}"
i3.0_w3_p0.118_s14.0_t24.0_htf30,3.0,3,0.118,14.0,24.0,30,7222,104.7,45.5,32.5,-935.0,-13.5,-0.13,7445.0,-152.0,"{'2025-12': -82.0, '2026-01': -152.0, '2026-02': 191.0}"
i3.0_w3_p0.118_s14.0_t24.0_htf60,3.0,3,0.118,14.0,24.0,60,7403,107.3,46.3,32.6,4194.0,60.8,0.57,6410.0,-109.0,"{'2025-12': -109.0, '2026-01': -99.0, '2026-02': 369.0}"
i3.0_w3_p0.118_s14.0_t40.0_htf0,3.0,3,0.118,14.0,40.0,0,9818,142.3,38.9,37.4,-7156.0,-103.7,-0.73,11277.0,-389.0,"{'2025-12': -389.0, '2026-01': -80.0, '2026-02': 96.0}"
i3.0_w3_p0.118_s14.0_t40.0_htf30,3.0,3,0.118,14.0,40.0,30,6889,99.8,40.1,42.4,-5338.0,-77.4,-0.77,10374.0,-209.0,"{'2025-12': -209.0, '2026-01': -148.0, '2026-02': 104.0}"
i3.0_w3_p0.118_s14.0_t40.0_htf60,3.0,3,0.118,14.0,40.0,60,7068,102.4,40.4,43.1,-4479.0,-64.9,-0.63,10043.0,-292.0,"{'2025-12': -292.0, '2026-01': -108.0, '2026-02': 162.0}"
i3.0_w3_p0.118_s14.0_t60.0_htf0,3.0,3,0.118,14.0,60.0,0,9255,134.1,38.5,44.8,3314.0,48.0,0.36,7772.0,-252.0,"{'2025-12': -252.0, '2026-01': 26.0, '2026-02': 309.0}"
i3.0_w3_p0.118_s14.0_t60.0_htf30,3.0,3,0.118,14.0,60.0,30,6738,97.7,38.0,47.4,-11538.0,-167.2,-1.71,13696.0,-242.0,"{'2025-12': -230.0, '2026-01': -242.0, '2026-02': -37.0}"
i3.0_w3_p0.118_s14.0_t60.0_htf60,3.0,3,0.118,14.0,60.0,60,6928,100.4,38.2,47.8,-9856.0,-142.8,-1.42,12654.0,-361.0,"{'2025-12': -361.0, '2026-01': -145.0, '2026-02': 32.0}"
i3.0_w3_p0.236_s5.0_t24.0_htf0,3.0,3,0.236,5.0,24.0,0,11191,162.2,31.1,13.5,9725.0,140.9,0.87,6040.0,-71.0,"{'2025-12': 104.0, '2026-01': -71.0, '2026-02': 400.0}"
i3.0_w3_p0.236_s5.0_t24.0_htf30,3.0,3,0.236,5.0,24.0,30,7954,115.3,27.5,14.7,-12146.0,-176.0,-1.53,13607.0,-240.0,"{'2025-12': -240.0, '2026-01': -240.0, '2026-02': -55.0}"
i3.0_w3_p0.236_s5.0_t24.0_htf60,3.0,3,0.236,5.0,24.0,60,8247,119.5,28.4,14.5,-8575.0,-124.3,-1.04,12895.0,-278.0,"{'2025-12': -202.0, '2026-01': -278.0, '2026-02': 104.0}"
i3.0_w3_p0.236_s5.0_t40.0_htf0,3.0,3,0.236,5.0,40.0,0,10571,153.2,28.4,20.2,23253.0,337.0,2.2,3618.0,101.0,"{'2025-12': 319.0, '2026-01': 101.0, '2026-02': 608.0}"
i3.0_w3_p0.236_s5.0_t40.0_htf30,3.0,3,0.236,5.0,40.0,30,7807,113.1,24.4,20.4,-12669.0,-183.6,-1.62,14657.0,-288.0,"{'2025-12': -288.0, '2026-01': -245.0, '2026-02': -35.0}"
i3.0_w3_p0.236_s5.0_t40.0_htf60,3.0,3,0.236,5.0,40.0,60,8072,117.0,24.9,20.4,-9789.0,-141.9,-1.21,13851.0,-267.0,"{'2025-12': -267.0, '2026-01': -249.0, '2026-02': 73.0}"
i3.0_w3_p0.236_s5.0_t60.0_htf0,3.0,3,0.236,5.0,60.0,0,10247,148.5,27.6,25.0,24528.0,355.5,2.39,4511.0,114.0,"{'2025-12': 315.0, '2026-01': 114.0, '2026-02': 649.0}"
i3.0_w3_p0.236_s5.0_t60.0_htf30,3.0,3,0.236,5.0,60.0,30,7739,112.2,23.4,23.1,-13168.0,-190.8,-1.7,15725.0,-288.0,"{'2025-12': -288.0, '2026-01': -239.0, '2026-02': -62.0}"
i3.0_w3_p0.236_s5.0_t60.0_htf60,3.0,3,0.236,5.0,60.0,60,8007,116.0,23.7,23.1,-10945.0,-158.6,-1.37,14698.0,-300.0,"{'2025-12': -300.0, '2026-01': -227.0, '2026-02': 27.0}"
i3.0_w3_p0.236_s8.0_t24.0_htf0,3.0,3,0.236,8.0,24.0,0,10873,157.6,36.3,19.2,-1076.0,-15.6,-0.1,9553.0,-162.0,"{'2025-12': -118.0, '2026-01': -162.0, '2026-02': 225.0}"
i3.0_w3_p0.236_s8.0_t24.0_htf30,3.0,3,0.236,8.0,24.0,30,7598,110.1,34.2,21.5,-13984.0,-202.7,-1.84,15100.0,-295.0,"{'2025-12': -295.0, '2026-01': -267.0, '2026-02': -60.0}"
i3.0_w3_p0.236_s8.0_t24.0_htf60,3.0,3,0.236,8.0,24.0,60,7857,113.9,35.1,21.2,-10243.0,-148.5,-1.3,14030.0,-285.0,"{'2025-12': -285.0, '2026-01': -274.0, '2026-02': 96.0}"
i3.0_w3_p0.236_s8.0_t40.0_htf0,3.0,3,0.236,8.0,40.0,0,10230,148.3,32.5,27.3,4652.0,67.4,0.45,7069.0,-94.0,"{'2025-12': 9.0, '2026-01': -94.0, '2026-02': 288.0}"
i3.0_w3_p0.236_s8.0_t40.0_htf30,3.0,3,0.236,8.0,40.0,30,7376,106.9,30.5,28.4,-15284.0,-221.5,-2.07,17214.0,-345.0,"{'2025-12': -345.0, '2026-01': -282.0, '2026-02': -58.0}"
i3.0_w3_p0.236_s8.0_t40.0_htf60,3.0,3,0.236,8.0,40.0,60,7623,110.5,31.1,28.8,-13095.0,-189.8,-1.72,16019.0,-356.0,"{'2025-12': -356.0, '2026-01': -273.0, '2026-02': 32.0}"
i3.0_w3_p0.236_s8.0_t60.0_htf0,3.0,3,0.236,8.0,60.0,0,9767,141.6,32.3,33.0,12282.0,178.0,1.26,6045.0,-38.0,"{'2025-12': 106.0, '2026-01': -38.0, '2026-02': 469.0}"
i3.0_w3_p0.236_s8.0_t60.0_htf30,3.0,3,0.236,8.0,60.0,30,7271,105.4,29.2,32.0,-18284.0,-265.0,-2.51,20246.0,-371.0,"{'2025-12': -371.0, '2026-01': -297.0, '2026-02': -147.0}"
i3.0_w3_p0.236_s8.0_t60.0_htf60,3.0,3,0.236,8.0,60.0,60,7535,109.2,29.6,32.2,-15555.0,-225.4,-2.06,17953.0,-405.0,"{'2025-12': -405.0, '2026-01': -260.0, '2026-02': -47.0}"
i3.0_w3_p0.236_s10.0_t24.0_htf0,3.0,3,0.236,10.0,24.0,0,10701,155.1,38.5,22.0,-8171.0,-118.4,-0.76,12087.0,-237.0,"{'2025-12': -237.0, '2026-01': -216.0, '2026-02': 81.0}"
i3.0_w3_p0.236_s10.0_t24.0_htf30,3.0,3,0.236,10.0,24.0,30,7352,106.6,37.6,25.6,-15024.0,-217.7,-2.04,16032.0,-304.0,"{'2025-12': -304.0, '2026-01': -302.0, '2026-02': -58.0}"
i3.0_w3_p0.236_s10.0_t24.0_htf60,3.0,3,0.236,10.0,24.0,60,7612,110.3,38.8,25.6,-10404.0,-150.8,-1.37,14639.0,-304.0,"{'2025-12': -278.0, '2026-01': -304.0, '2026-02': 117.0}"
i3.0_w3_p0.236_s10.0_t40.0_htf0,3.0,3,0.236,10.0,40.0,0,9988,144.8,35.0,30.9,613.0,8.9,0.06,7172.0,-93.0,"{'2025-12': -59.0, '2026-01': -93.0, '2026-02': 173.0}"
i3.0_w3_p0.236_s10.0_t40.0_htf30,3.0,3,0.236,10.0,40.0,30,7132,103.4,33.4,33.2,-18100.0,-262.3,-2.54,19802.0,-392.0,"{'2025-12': -392.0, '2026-01': -326.0, '2026-02': -91.0}"
i3.0_w3_p0.236_s10.0_t40.0_htf60,3.0,3,0.236,10.0,40.0,60,7346,106.5,34.3,33.9,-14966.0,-216.9,-2.04,17191.0,-361.0,"{'2025-12': -361.0, '2026-01': -319.0, '2026-02': 8.0}"
i3.0_w3_p0.236_s10.0_t60.0_htf0,3.0,3,0.236,10.0,60.0,0,9544,138.3,34.2,37.0,5532.0,80.2,0.58,7133.0,-75.0,"{'2025-12': -75.0, '2026-01': -18.0, '2026-02': 310.0}"
i3.0_w3_p0.236_s10.0_t60.0_htf30,3.0,3,0.236,10.0,60.0,30,7017,101.7,32.0,37.2,-21522.0,-311.9,-3.07,23245.0,-408.0,"{'2025-12': -408.0, '2026-01': -346.0, '2026-02': -198.0}"
i3.0_w3_p0.236_s10.0_t60.0_htf60,3.0,3,0.236,10.0,60.0,60,7246,105.0,32.6,37.5,-18341.0,-265.8,-2.53,20377.0,-433.0,"{'2025-12': -433.0, '2026-01': -308.0, '2026-02': -89.0}"
i3.0_w3_p0.236_s14.0_t24.0_htf0,3.0,3,0.236,14.0,24.0,0,10304,149.3,42.1,28.2,-19688.0,-285.3,-1.91,20756.0,-399.0,"{'2025-12': -399.0, '2026-01': -320.0, '2026-02': -157.0}"
i3.0_w3_p0.236_s14.0_t24.0_htf30,3.0,3,0.236,14.0,24.0,30,6972,101.0,42.4,32.8,-16102.0,-233.4,-2.31,16993.0,-319.0,"{'2025-12': -308.0, '2026-01': -319.0, '2026-02': -81.0}"
i3.0_w3_p0.236_s14.0_t24.0_htf60,3.0,3,0.236,14.0,24.0,60,7185,104.1,43.7,33.0,-10598.0,-153.6,-1.47,13708.0,-321.0,"{'2025-12': -234.0, '2026-01': -321.0, '2026-02': 92.0}"
i3.0_w3_p0.236_s14.0_t40.0_htf0,3.0,3,0.236,14.0,40.0,0,9552,138.4,38.3,38.1,-11083.0,-160.6,-1.16,12900.0,-284.0,"{'2025-12': -284.0, '2026-01': -181.0, '2026-02': -41.0}"
i3.0_w3_p0.236_s14.0_t40.0_htf30,3.0,3,0.236,14.0,40.0,30,6682,96.8,37.9,42.6,-19803.0,-287.0,-2.96,21322.0,-409.0,"{'2025-12': -409.0, '2026-01': -359.0, '2026-02': -112.0}"
i3.0_w3_p0.236_s14.0_t40.0_htf60,3.0,3,0.236,14.0,40.0,60,6891,99.9,38.8,42.7,-16310.0,-236.4,-2.37,17464.0,-356.0,"{'2025-12': -351.0, '2026-01': -356.0, '2026-02': -16.0}"
i3.0_w3_p0.236_s14.0_t60.0_htf0,3.0,3,0.236,14.0,60.0,0,9075,131.5,37.4,45.1,-4866.0,-70.5,-0.54,11031.0,-195.0,"{'2025-12': -195.0, '2026-01': -169.0, '2026-02': 135.0}"
i3.0_w3_p0.236_s14.0_t60.0_htf30,3.0,3,0.236,14.0,60.0,30,6538,94.8,36.5,47.4,-23202.0,-336.3,-3.55,25085.0,-416.0,"{'2025-12': -416.0, '2026-01': -390.0, '2026-02': -215.0}"
i3.0_w3_p0.236_s14.0_t60.0_htf60,3.0,3,0.236,14.0,60.0,60,6765,98.0,37.0,47.1,-19561.0,-283.5,-2.89,21324.0,-400.0,"{'2025-12': -400.0, '2026-01': -361.0, '2026-02': -107.0}"
i3.0_w3_p0.382_s5.0_t24.0_htf0,3.0,3,0.382,5.0,24.0,0,10700,155.1,29.4,13.9,-1550.0,-22.5,-0.14,9179.0,-136.0,"{'2025-12': -100.0, '2026-01': -136.0, '2026-02': 162.0}"
i3.0_w3_p0.382_s5.0_t24.0_htf30,3.0,3,0.382,5.0,24.0,30,7419,107.5,26.9,14.7,-14788.0,-214.3,-1.99,15848.0,-285.0,"{'2025-12': -285.0, '2026-01': -258.0, '2026-02': -111.0}"
i3.0_w3_p0.382_s5.0_t24.0_htf60,3.0,3,0.382,5.0,24.0,60,7698,111.6,27.2,14.6,-13225.0,-191.7,-1.72,14237.0,-285.0,"{'2025-12': -285.0, '2026-01': -242.0, '2026-02': -63.0}"
i3.0_w3_p0.382_s5.0_t40.0_htf0,3.0,3,0.382,5.0,40.0,0,10178,147.5,26.5,20.8,2190.0,31.7,0.22,9516.0,-131.0,"{'2025-12': -0.0, '2026-01': -131.0, '2026-02': 233.0}"
i3.0_w3_p0.382_s5.0_t40.0_htf30,3.0,3,0.382,5.0,40.0,30,7273,105.4,23.4,20.1,-18720.0,-271.3,-2.57,19916.0,-347.0,"{'2025-12': -347.0, '2026-01': -249.0, '2026-02': -236.0}"
i3.0_w3_p0.382_s5.0_t40.0_htf60,3.0,3,0.382,5.0,40.0,60,7556,109.5,24.0,20.4,-15508.0,-224.8,-2.05,16615.0,-383.0,"{'2025-12': -383.0, '2026-01': -230.0, '2026-02': -93.0}"
i3.0_w3_p0.382_s5.0_t60.0_htf0,3.0,3,0.382,5.0,60.0,0,9873,143.1,26.1,24.7,8594.0,124.5,0.87,8057.0,-97.0,"{'2025-12': 73.0, '2026-01': -97.0, '2026-02': 406.0}"
i3.0_w3_p0.382_s5.0_t60.0_htf30,3.0,3,0.382,5.0,60.0,30,7228,104.8,22.6,22.7,-17868.0,-259.0,-2.47,19323.0,-313.0,"{'2025-12': -313.0, '2026-01': -264.0, '2026-02': -210.0}"
i3.0_w3_p0.382_s5.0_t60.0_htf60,3.0,3,0.382,5.0,60.0,60,7493,108.6,23.2,23.1,-15298.0,-221.7,-2.04,16852.0,-374.0,"{'2025-12': -374.0, '2026-01': -226.0, '2026-02': -96.0}"
i3.0_w3_p0.382_s8.0_t24.0_htf0,3.0,3,0.382,8.0,24.0,0,10332,149.7,35.2,19.9,-8754.0,-126.9,-0.85,11507.0,-239.0,"{'2025-12': -239.0, '2026-01': -167.0, '2026-02': 5.0}"
i3.0_w3_p0.382_s8.0_t24.0_htf30,3.0,3,0.382,8.0,24.0,30,7040,102.0,33.5,21.8,-16988.0,-246.2,-2.41,17981.0,-351.0,"{'2025-12': -351.0, '2026-01': -267.0, '2026-02': -141.0}"
i3.0_w3_p0.382_s8.0_t24.0_htf60,3.0,3,0.382,8.0,24.0,60,7346,106.5,33.8,21.6,-16025.0,-232.3,-2.18,16710.0,-322.0,"{'2025-12': -322.0, '2026-01': -284.0, '2026-02': -105.0}"
i3.0_w3_p0.382_s8.0_t40.0_htf0,3.0,3,0.382,8.0,40.0,0,9731,141.0,32.2,28.2,-2434.0,-35.3,-0.25,9956.0,-117.0,"{'2025-12': -102.0, '2026-01': -117.0, '2026-02': 106.0}"
i3.0_w3_p0.382_s8.0_t40.0_htf30,3.0,3,0.382,8.0,40.0,30,6849,99.3,29.3,28.7,-22317.0,-323.4,-3.26,23531.0,-409.0,"{'2025-12': -409.0, '2026-01': -272.0, '2026-02': -311.0}"
i3.0_w3_p0.382_s8.0_t40.0_htf60,3.0,3,0.382,8.0,40.0,60,7154,103.7,29.8,28.8,-20591.0,-298.4,-2.88,21696.0,-435.0,"{'2025-12': -435.0, '2026-01': -277.0, '2026-02': -213.0}"
i3.0_w3_p0.382_s8.0_t60.0_htf0,3.0,3,0.382,8.0,60.0,0,9366,135.7,31.8,33.5,4123.0,59.8,0.44,8440.0,-64.0,"{'2025-12': -44.0, '2026-01': -64.0, '2026-02': 276.0}"
i3.0_w3_p0.382_s8.0_t60.0_htf30,3.0,3,0.382,8.0,60.0,30,6780,98.3,28.3,31.9,-22560.0,-327.0,-3.33,23913.0,-409.0,"{'2025-12': -409.0, '2026-01': -304.0, '2026-02': -287.0}"
i3.0_w3_p0.382_s8.0_t60.0_htf60,3.0,3,0.382,8.0,60.0,60,7077,102.6,28.8,32.0,-20317.0,-294.5,-2.87,21614.0,-433.0,"{'2025-12': -433.0, '2026-01': -264.0, '2026-02': -218.0}"
i3.0_w3_p0.382_s10.0_t24.0_htf0,3.0,3,0.382,10.0,24.0,0,10122,146.7,38.2,23.6,-12627.0,-183.0,-1.25,14899.0,-274.0,"{'2025-12': -199.0, '2026-01': -274.0, '2026-02': -72.0}"
i3.0_w3_p0.382_s10.0_t24.0_htf30,3.0,3,0.382,10.0,24.0,30,6820,98.8,36.9,26.2,-17745.0,-257.2,-2.6,18705.0,-345.0,"{'2025-12': -345.0, '2026-01': -291.0, '2026-02': -151.0}"
i3.0_w3_p0.382_s10.0_t24.0_htf60,3.0,3,0.382,10.0,24.0,60,7118,103.2,37.3,26.0,-16157.0,-234.2,-2.27,16638.0,-331.0,"{'2025-12': -331.0, '2026-01': -279.0, '2026-02': -109.0}"
i3.0_w3_p0.382_s10.0_t40.0_htf0,3.0,3,0.382,10.0,40.0,0,9461,137.1,35.0,32.2,-5090.0,-73.8,-0.54,10191.0,-154.0,"{'2025-12': -111.0, '2026-01': -154.0, '2026-02': 43.0}"
i3.0_w3_p0.382_s10.0_t40.0_htf30,3.0,3,0.382,10.0,40.0,30,6606,95.7,32.9,33.9,-20944.0,-303.5,-3.17,22188.0,-372.0,"{'2025-12': -372.0, '2026-01': -292.0, '2026-02': -261.0}"
i3.0_w3_p0.382_s10.0_t40.0_htf60,3.0,3,0.382,10.0,40.0,60,6906,100.1,33.1,34.3,-19913.0,-288.6,-2.88,20998.0,-425.0,"{'2025-12': -425.0, '2026-01': -271.0, '2026-02': -200.0}"
i3.0_w3_p0.382_s10.0_t60.0_htf0,3.0,3,0.382,10.0,60.0,0,9062,131.3,34.5,38.2,324.0,4.7,0.04,9722.0,-101.0,"{'2025-12': -62.0, '2026-01': -101.0, '2026-02': 172.0}"
i3.0_w3_p0.382_s10.0_t60.0_htf30,3.0,3,0.382,10.0,60.0,30,6521,94.5,31.6,37.6,-22401.0,-324.7,-3.44,23381.0,-393.0,"{'2025-12': -393.0, '2026-01': -328.0, '2026-02': -268.0}"
i3.0_w3_p0.382_s10.0_t60.0_htf60,3.0,3,0.382,10.0,60.0,60,6818,98.8,31.7,37.8,-21968.0,-318.4,-3.22,23111.0,-439.0,"{'2025-12': -439.0, '2026-01': -278.0, '2026-02': -266.0}"
i3.0_w3_p0.382_s14.0_t24.0_htf0,3.0,3,0.382,14.0,24.0,0,9718,140.8,41.8,29.7,-22970.0,-332.9,-2.36,24266.0,-359.0,"{'2025-12': -359.0, '2026-01': -348.0, '2026-02': -296.0}"
i3.0_w3_p0.382_s14.0_t24.0_htf30,3.0,3,0.382,14.0,24.0,30,6426,93.1,41.8,34.1,-18538.0,-268.7,-2.88,19273.0,-315.0,"{'2025-12': -315.0, '2026-01': -313.0, '2026-02': -184.0}"
i3.0_w3_p0.382_s14.0_t24.0_htf60,3.0,3,0.382,14.0,24.0,60,6727,97.5,42.3,33.4,-16967.0,-245.9,-2.52,17432.0,-322.0,"{'2025-12': -322.0, '2026-01': -303.0, '2026-02': -124.0}"
i3.0_w3_p0.382_s14.0_t40.0_htf0,3.0,3,0.382,14.0,40.0,0,8994,130.3,38.0,39.6,-14738.0,-213.6,-1.64,16898.0,-274.0,"{'2025-12': -274.0, '2026-01': -252.0, '2026-02': -125.0}"
i3.0_w3_p0.382_s14.0_t40.0_htf30,3.0,3,0.382,14.0,40.0,30,6194,89.8,37.3,43.0,-22881.0,-331.6,-3.69,23866.0,-377.0,"{'2025-12': -377.0, '2026-01': -324.0, '2026-02': -305.0}"
i3.0_w3_p0.382_s14.0_t40.0_htf60,3.0,3,0.382,14.0,40.0,60,6470,93.8,37.8,43.2,-21622.0,-313.4,-3.34,22346.0,-431.0,"{'2025-12': -431.0, '2026-01': -312.0, '2026-02': -221.0}"
i3.0_w3_p0.382_s14.0_t60.0_htf0,3.0,3,0.382,14.0,60.0,0,8556,124.0,37.6,46.5,-8138.0,-117.9,-0.95,12166.0,-250.0,"{'2025-12': -250.0, '2026-01': -164.0, '2026-02': 37.0}"
i3.0_w3_p0.382_s14.0_t60.0_htf30,3.0,3,0.382,14.0,60.0,30,6094,88.3,35.9,47.7,-25121.0,-364.1,-4.12,26079.0,-393.0,"{'2025-12': -393.0, '2026-01': -371.0, '2026-02': -334.0}"
i3.0_w3_p0.382_s14.0_t60.0_htf60,3.0,3,0.382,14.0,60.0,60,6364,92.2,36.1,47.7,-25029.0,-362.7,-3.93,25990.0,-493.0,"{'2025-12': -493.0, '2026-01': -327.0, '2026-02': -298.0}"
i3.0_w3_p0.5_s5.0_t24.0_htf0,3.0,3,0.5,5.0,24.0,0,10199,147.8,28.2,13.9,-9981.0,-144.7,-0.98,13486.0,-240.0,"{'2025-12': -111.0, '2026-01': -240.0, '2026-02': -68.0}"
i3.0_w3_p0.5_s5.0_t24.0_htf30,3.0,3,0.5,5.0,24.0,30,6882,99.7,25.3,14.4,-19659.0,-284.9,-2.86,20782.0,-335.0,"{'2025-12': -275.0, '2026-01': -335.0, '2026-02': -239.0}"
i3.0_w3_p0.5_s5.0_t24.0_htf60,3.0,3,0.5,5.0,24.0,60,7151,103.6,25.2,14.3,-20380.0,-295.4,-2.85,21279.0,-328.0,"{'2025-12': -278.0, '2026-01': -328.0, '2026-02': -274.0}"
i3.0_w3_p0.5_s5.0_t40.0_htf0,3.0,3,0.5,5.0,40.0,0,9763,141.5,26.1,20.4,-305.0,-4.4,-0.03,8546.0,-86.0,"{'2025-12': -1.0, '2026-01': -86.0, '2026-02': 81.0}"
i3.0_w3_p0.5_s5.0_t40.0_htf30,3.0,3,0.5,5.0,40.0,30,6753,97.9,22.4,19.3,-21809.0,-316.1,-3.23,23074.0,-351.0,"{'2025-12': -321.0, '2026-01': -351.0, '2026-02': -275.0}"
i3.0_w3_p0.5_s5.0_t40.0_htf60,3.0,3,0.5,5.0,40.0,60,7022,101.8,22.1,19.5,-22874.0,-331.5,-3.26,23920.0,-379.0,"{'2025-12': -379.0, '2026-01': -325.0, '2026-02': -302.0}"
i3.0_w3_p0.5_s5.0_t60.0_htf0,3.0,3,0.5,5.0,60.0,0,9498,137.7,25.5,24.5,1269.0,18.4,0.13,7611.0,-82.0,"{'2025-12': 71.0, '2026-01': -82.0, '2026-02': 85.0}"
i3.0_w3_p0.5_s5.0_t60.0_htf30,3.0,3,0.5,5.0,60.0,30,6711,97.3,21.7,21.8,-21451.0,-310.9,-3.2,23077.0,-359.0,"{'2025-12': -290.0, '2026-01': -359.0, '2026-02': -275.0}"
i3.0_w3_p0.5_s5.0_t60.0_htf60,3.0,3,0.5,5.0,60.0,60,6986,101.2,21.2,21.8,-23532.0,-341.0,-3.37,25131.0,-368.0,"{'2025-12': -368.0, '2026-01': -322.0, '2026-02': -340.0}"
i3.0_w3_p0.5_s8.0_t24.0_htf0,3.0,3,0.5,8.0,24.0,0,9746,141.2,35.1,20.4,-10414.0,-150.9,-1.07,12839.0,-196.0,"{'2025-12': -196.0, '2026-01': -186.0, '2026-02': -77.0}"
i3.0_w3_p0.5_s8.0_t24.0_htf30,3.0,3,0.5,8.0,24.0,30,6517,94.4,32.5,21.9,-19560.0,-283.5,-3.0,20747.0,-343.0,"{'2025-12': -283.0, '2026-01': -343.0, '2026-02': -220.0}"
i3.0_w3_p0.5_s8.0_t24.0_htf60,3.0,3,0.5,8.0,24.0,60,6773,98.2,32.6,22.1,-19709.0,-285.6,-2.91,20562.0,-328.0,"{'2025-12': -312.0, '2026-01': -328.0, '2026-02': -219.0}"
i3.0_w3_p0.5_s8.0_t40.0_htf0,3.0,3,0.5,8.0,40.0,0,9237,133.9,32.5,28.7,-2590.0,-37.5,-0.28,8840.0,-66.0,"{'2025-12': -60.0, '2026-01': -66.0, '2026-02': 11.0}"
i3.0_w3_p0.5_s8.0_t40.0_htf30,3.0,3,0.5,8.0,40.0,30,6348,92.0,29.0,28.7,-22410.0,-324.8,-3.53,23566.0,-368.0,"{'2025-12': -368.0, '2026-01': -357.0, '2026-02': -255.0}"
i3.0_w3_p0.5_s8.0_t40.0_htf60,3.0,3,0.5,8.0,40.0,60,6602,95.7,29.1,29.2,-22857.0,-331.3,-3.46,23796.0,-422.0,"{'2025-12': -422.0, '2026-01': -329.0, '2026-02': -262.0}"
i3.0_w3_p0.5_s8.0_t60.0_htf0,3.0,3,0.5,8.0,60.0,0,8901,129.0,32.0,34.0,1227.0,17.8,0.14,6534.0,-54.0,"{'2025-12': 38.0, '2026-01': -54.0, '2026-02': 80.0}"
i3.0_w3_p0.5_s8.0_t60.0_htf30,3.0,3,0.5,8.0,60.0,30,6289,91.1,28.1,31.9,-22838.0,-331.0,-3.63,24512.0,-376.0,"{'2025-12': -334.0, '2026-01': -376.0, '2026-02': -280.0}"
i3.0_w3_p0.5_s8.0_t60.0_htf60,3.0,3,0.5,8.0,60.0,60,6542,94.8,28.0,32.2,-23835.0,-345.4,-3.64,25395.0,-402.0,"{'2025-12': -402.0, '2026-01': -321.0, '2026-02': -328.0}"
i3.0_w3_p0.5_s10.0_t24.0_htf0,3.0,3,0.5,10.0,24.0,0,9500,137.7,38.2,24.1,-14103.0,-204.4,-1.48,16577.0,-255.0,"{'2025-12': -255.0, '2026-01': -244.0, '2026-02': -121.0}"
i3.0_w3_p0.5_s10.0_t24.0_htf30,3.0,3,0.5,10.0,24.0,30,6293,91.2,35.9,26.7,-20397.0,-295.6,-3.24,21777.0,-338.0,"{'2025-12': -292.0, '2026-01': -338.0, '2026-02': -253.0}"
i3.0_w3_p0.5_s10.0_t24.0_htf60,3.0,3,0.5,10.0,24.0,60,6524,94.6,36.3,26.8,-18988.0,-275.2,-2.91,20089.0,-340.0,"{'2025-12': -340.0, '2026-01': -298.0, '2026-02': -199.0}"
i3.0_w3_p0.5_s10.0_t40.0_htf0,3.0,3,0.5,10.0,40.0,0,8936,129.5,35.0,33.2,-6696.0,-97.0,-0.75,11376.0,-162.0,"{'2025-12': -162.0, '2026-01': -143.0, '2026-02': 5.0}"
i3.0_w3_p0.5_s10.0_t40.0_htf30,3.0,3,0.5,10.0,40.0,30,6111,88.6,32.2,34.0,-22875.0,-331.5,-3.74,24567.0,-370.0,"{'2025-12': -370.0, '2026-01': -344.0, '2026-02': -288.0}"
i3.0_w3_p0.5_s10.0_t40.0_htf60,3.0,3,0.5,10.0,40.0,60,6337,91.8,32.3,34.6,-22908.0,-332.0,-3.61,24196.0,-450.0,"{'2025-12': -450.0, '2026-01': -305.0, '2026-02': -268.0}"
i3.0_w3_p0.5_s10.0_t60.0_htf0,3.0,3,0.5,10.0,60.0,0,8578,124.3,34.4,39.0,-3162.0,-45.8,-0.37,9029.0,-109.0,"{'2025-12': -68.0, '2026-01': -109.0, '2026-02': 41.0}"
i3.0_w3_p0.5_s10.0_t60.0_htf30,3.0,3,0.5,10.0,60.0,30,6050,87.7,31.1,37.5,-23848.0,-345.6,-3.94,25939.0,-359.0,"{'2025-12': -346.0, '2026-01': -359.0, '2026-02': -331.0}"
i3.0_w3_p0.5_s10.0_t60.0_htf60,3.0,3,0.5,10.0,60.0,60,6273,90.9,31.1,38.0,-23367.0,-338.6,-3.72,25130.0,-435.0,"{'2025-12': -435.0, '2026-01': -288.0, '2026-02': -317.0}"
i3.0_w3_p0.5_s14.0_t24.0_htf0,3.0,3,0.5,14.0,24.0,0,9078,131.6,42.5,30.8,-19732.0,-286.0,-2.17,21633.0,-309.0,"{'2025-12': -309.0, '2026-01': -284.0, '2026-02': -271.0}"
i3.0_w3_p0.5_s14.0_t24.0_htf30,3.0,3,0.5,14.0,24.0,30,5988,86.8,41.0,34.7,-19562.0,-283.5,-3.27,20995.0,-351.0,"{'2025-12': -256.0, '2026-01': -351.0, '2026-02': -232.0}"
i3.0_w3_p0.5_s14.0_t24.0_htf60,3.0,3,0.5,14.0,24.0,60,6197,89.8,41.6,35.0,-16377.0,-237.4,-2.64,17629.0,-352.0,"{'2025-12': -352.0, '2026-01': -250.0, '2026-02': -133.0}"
i3.0_w3_p0.5_s14.0_t40.0_htf0,3.0,3,0.5,14.0,40.0,0,8450,122.5,39.2,41.3,-11427.0,-165.6,-1.35,15415.0,-217.0,"{'2025-12': -50.0, '2026-01': -203.0, '2026-02': -217.0}"
i3.0_w3_p0.5_s14.0_t40.0_htf30,3.0,3,0.5,14.0,40.0,30,5755,83.4,37.0,43.8,-22582.0,-327.3,-3.92,24354.0,-352.0,"{'2025-12': -321.0, '2026-01': -352.0, '2026-02': -306.0}"
i3.0_w3_p0.5_s14.0_t40.0_htf60,3.0,3,0.5,14.0,40.0,60,5965,86.4,37.0,44.4,-21756.0,-315.3,-3.65,23210.0,-457.0,"{'2025-12': -457.0, '2026-01': -292.0, '2026-02': -229.0}"
i3.0_w3_p0.5_s14.0_t60.0_htf0,3.0,3,0.5,14.0,60.0,0,8069,116.9,38.4,47.8,-8082.0,-117.1,-1.0,13070.0,-140.0,"{'2025-12': -74.0, '2026-01': -140.0, '2026-02': -126.0}"
i3.0_w3_p0.5_s14.0_t60.0_htf30,3.0,3,0.5,14.0,60.0,30,5690,82.5,35.8,48.1,-23329.0,-338.1,-4.1,25623.0,-357.0,"{'2025-12': -313.0, '2026-01': -357.0, '2026-02': -338.0}"
i3.0_w3_p0.5_s14.0_t60.0_htf60,3.0,3,0.5,14.0,60.0,60,5885,85.3,35.7,48.8,-23124.0,-335.1,-3.93,25130.0,-449.0,"{'2025-12': -449.0, '2026-01': -277.0, '2026-02': -308.0}"
i3.0_w3_p0.618_s5.0_t24.0_htf0,3.0,3,0.618,5.0,24.0,0,9633,139.6,27.3,14.4,-15134.0,-219.3,-1.57,17932.0,-243.0,"{'2025-12': -231.0, '2026-01': -243.0, '2026-02': -184.0}"
i3.0_w3_p0.618_s5.0_t24.0_htf30,3.0,3,0.618,5.0,24.0,30,6163,89.3,23.4,14.1,-23705.0,-343.5,-3.85,24738.0,-399.0,"{'2025-12': -321.0, '2026-01': -399.0, '2026-02': -301.0}"
i3.0_w3_p0.618_s5.0_t24.0_htf60,3.0,3,0.618,5.0,24.0,60,6453,93.5,24.9,14.2,-19846.0,-287.6,-3.08,20804.0,-310.0,"{'2025-12': -310.0, '2026-01': -306.0, '2026-02': -250.0}"
i3.0_w3_p0.618_s5.0_t40.0_htf0,3.0,3,0.618,5.0,40.0,0,9268,134.3,25.1,20.6,-8780.0,-127.2,-0.95,12717.0,-150.0,"{'2025-12': -93.0, '2026-01': -150.0, '2026-02': -129.0}"
i3.0_w3_p0.618_s5.0_t40.0_htf30,3.0,3,0.618,5.0,40.0,30,6062,87.9,20.6,18.5,-25928.0,-375.8,-4.28,26897.0,-393.0,"{'2025-12': -349.0, '2026-01': -380.0, '2026-02': -393.0}"
i3.0_w3_p0.618_s5.0_t40.0_htf60,3.0,3,0.618,5.0,40.0,60,6346,92.0,22.0,19.4,-22440.0,-325.2,-3.54,23644.0,-356.0,"{'2025-12': -356.0, '2026-01': -279.0, '2026-02': -351.0}"
i3.0_w3_p0.618_s5.0_t60.0_htf0,3.0,3,0.618,5.0,60.0,0,9111,132.0,24.2,23.8,-7932.0,-115.0,-0.87,13471.0,-169.0,"{'2025-12': -7.0, '2026-01': -144.0, '2026-02': -169.0}"
i3.0_w3_p0.618_s5.0_t60.0_htf30,3.0,3,0.618,5.0,60.0,30,6041,87.6,20.0,20.5,-24654.0,-357.3,-4.08,25826.0,-376.0,"{'2025-12': -319.0, '2026-01': -376.0, '2026-02': -368.0}"
i3.0_w3_p0.618_s5.0_t60.0_htf60,3.0,3,0.618,5.0,60.0,60,6311,91.5,21.4,21.5,-21315.0,-308.9,-3.38,22898.0,-351.0,"{'2025-12': -351.0, '2026-01': -266.0, '2026-02': -322.0}"
i3.0_w3_p0.618_s8.0_t24.0_htf0,3.0,3,0.618,8.0,24.0,0,9133,132.4,34.7,21.3,-13711.0,-198.7,-1.5,16289.0,-224.0,"{'2025-12': -224.0, '2026-01': -171.0, '2026-02': -209.0}"
i3.0_w3_p0.618_s8.0_t24.0_htf30,3.0,3,0.618,8.0,24.0,30,5862,85.0,31.3,21.9,-20929.0,-303.3,-3.57,22151.0,-336.0,"{'2025-12': -284.0, '2026-01': -336.0, '2026-02': -283.0}"
i3.0_w3_p0.618_s8.0_t24.0_htf60,3.0,3,0.618,8.0,24.0,60,6122,88.7,32.6,22.2,-18269.0,-264.8,-2.98,18894.0,-307.0,"{'2025-12': -307.0, '2026-01': -283.0, '2026-02': -212.0}"
i3.0_w3_p0.618_s8.0_t40.0_htf0,3.0,3,0.618,8.0,40.0,0,8692,126.0,32.1,29.4,-6278.0,-91.0,-0.72,10362.0,-105.0,"{'2025-12': -105.0, '2026-01': -85.0, '2026-02': -86.0}"
i3.0_w3_p0.618_s8.0_t40.0_htf30,3.0,3,0.618,8.0,40.0,30,5726,83.0,27.8,28.2,-23810.0,-345.1,-4.16,25200.0,-375.0,"{'2025-12': -307.0, '2026-01': -345.0, '2026-02': -375.0}"
i3.0_w3_p0.618_s8.0_t40.0_htf60,3.0,3,0.618,8.0,40.0,60,5982,86.7,29.1,29.0,-21648.0,-313.7,-3.62,22473.0,-350.0,"{'2025-12': -350.0, '2026-01': -271.0, '2026-02': -331.0}"
i3.0_w3_p0.618_s8.0_t60.0_htf0,3.0,3,0.618,8.0,60.0,0,8447,122.4,31.4,33.8,-4093.0,-59.3,-0.48,8571.0,-70.0,"{'2025-12': -37.0, '2026-01': -66.0, '2026-02': -70.0}"
i3.0_w3_p0.618_s8.0_t60.0_htf30,3.0,3,0.618,8.0,60.0,30,5685,82.4,27.0,31.3,-23486.0,-340.4,-4.13,24935.0,-384.0,"{'2025-12': -295.0, '2026-01': -334.0, '2026-02': -384.0}"
i3.0_w3_p0.618_s8.0_t60.0_htf60,3.0,3,0.618,8.0,60.0,60,5926,85.9,28.1,32.1,-21659.0,-313.9,-3.65,22854.0,-364.0,"{'2025-12': -364.0, '2026-01': -262.0, '2026-02': -330.0}"
i3.0_w3_p0.618_s10.0_t24.0_htf0,3.0,3,0.618,10.0,24.0,0,8876,128.6,38.3,25.4,-12528.0,-181.6,-1.41,14782.0,-250.0,"{'2025-12': -250.0, '2026-01': -151.0, '2026-02': -160.0}"
i3.0_w3_p0.618_s10.0_t24.0_htf30,3.0,3,0.618,10.0,24.0,30,5676,82.3,35.2,26.1,-20288.0,-294.0,-3.57,21492.0,-318.0,"{'2025-12': -318.0, '2026-01': -314.0, '2026-02': -254.0}"
i3.0_w3_p0.618_s10.0_t24.0_htf60,3.0,3,0.618,10.0,24.0,60,5933,86.0,36.6,26.4,-16578.0,-240.3,-2.79,17201.0,-323.0,"{'2025-12': -323.0, '2026-01': -233.0, '2026-02': -182.0}"
i3.0_w3_p0.618_s10.0_t40.0_htf0,3.0,3,0.618,10.0,40.0,0,8359,121.1,35.2,34.6,-6506.0,-94.3,-0.78,10056.0,-115.0,"{'2025-12': -115.0, '2026-01': -79.0, '2026-02': -95.0}"
i3.0_w3_p0.618_s10.0_t40.0_htf30,3.0,3,0.618,10.0,40.0,30,5527,80.1,31.2,33.4,-24605.0,-356.6,-4.45,25975.0,-380.0,"{'2025-12': -349.0, '2026-01': -340.0, '2026-02': -380.0}"
i3.0_w3_p0.618_s10.0_t40.0_htf60,3.0,3,0.618,10.0,40.0,60,5773,83.7,32.7,34.4,-21073.0,-305.4,-3.65,21969.0,-375.0,"{'2025-12': -375.0, '2026-01': -228.0, '2026-02': -334.0}"
i3.0_w3_p0.618_s10.0_t60.0_htf0,3.0,3,0.618,10.0,60.0,0,8104,117.4,34.3,39.5,-4753.0,-68.9,-0.59,9138.0,-105.0,"{'2025-12': -31.0, '2026-01': -64.0, '2026-02': -105.0}"
i3.0_w3_p0.618_s10.0_t60.0_htf30,3.0,3,0.618,10.0,60.0,30,5480,79.4,30.2,36.9,-24572.0,-356.1,-4.48,25909.0,-384.0,"{'2025-12': -353.0, '2026-01': -332.0, '2026-02': -384.0}"
i3.0_w3_p0.618_s10.0_t60.0_htf60,3.0,3,0.618,10.0,60.0,60,5708,82.7,31.7,38.1,-20714.0,-300.2,-3.63,21969.0,-378.0,"{'2025-12': -378.0, '2026-01': -217.0, '2026-02': -329.0}"
i3.0_w3_p0.618_s14.0_t24.0_htf0,3.0,3,0.618,14.0,24.0,0,8439,122.3,43.5,32.6,-10886.0,-157.8,-1.29,13637.0,-178.0,"{'2025-12': -165.0, '2026-01': -178.0, '2026-02': -130.0}"
i3.0_w3_p0.618_s14.0_t24.0_htf30,3.0,3,0.618,14.0,24.0,30,5373,77.9,41.0,34.7,-18138.0,-262.9,-3.38,19459.0,-293.0,"{'2025-12': -293.0, '2026-01': -289.0, '2026-02': -210.0}"
i3.0_w3_p0.618_s14.0_t24.0_htf60,3.0,3,0.618,14.0,24.0,60,5618,81.4,41.8,34.4,-15456.0,-224.0,-2.75,16324.0,-312.0,"{'2025-12': -312.0, '2026-01': -227.0, '2026-02': -151.0}"
i3.0_w3_p0.618_s14.0_t40.0_htf0,3.0,3,0.618,14.0,40.0,0,7850,113.8,40.2,43.8,-3494.0,-50.6,-0.45,7721.0,-75.0,"{'2025-12': -2.0, '2026-01': -63.0, '2026-02': -75.0}"
i3.0_w3_p0.618_s14.0_t40.0_htf30,3.0,3,0.618,14.0,40.0,30,5187,75.2,36.8,43.8,-21797.0,-315.9,-4.2,23526.0,-322.0,"{'2025-12': -305.0, '2026-01': -318.0, '2026-02': -322.0}"
i3.0_w3_p0.618_s14.0_t40.0_htf60,3.0,3,0.618,14.0,40.0,60,5425,78.6,37.6,44.5,-19526.0,-283.0,-3.6,20768.0,-352.0,"{'2025-12': -352.0, '2026-01': -231.0, '2026-02': -285.0}"
i3.0_w3_p0.618_s14.0_t60.0_htf0,3.0,3,0.618,14.0,60.0,0,7554,109.5,38.9,49.6,-4693.0,-68.0,-0.62,9459.0,-104.0,"{'2025-12': -28.0, '2026-01': -64.0, '2026-02': -104.0}"
i3.0_w3_p0.618_s14.0_t60.0_htf30,3.0,3,0.618,14.0,60.0,30,5146,74.6,35.6,47.9,-22189.0,-321.6,-4.31,23928.0,-354.0,"{'2025-12': -307.0, '2026-01': -303.0, '2026-02': -354.0}"
i3.0_w3_p0.618_s14.0_t60.0_htf60,3.0,3,0.618,14.0,60.0,60,5361,77.7,36.5,48.6,-19567.0,-283.6,-3.65,21114.0,-347.0,"{'2025-12': -347.0, '2026-01': -214.0, '2026-02': -308.0}"
i3.0_w4_p0.118_s5.0_t24.0_htf0,3.0,4,0.118,5.0,24.0,0,11387,165.0,34.4,14.1,31259.0,453.0,2.75,2003.0,73.0,"{'2025-12': 489.0, '2026-01': 73.0, '2026-02': 837.0}"
i3.0_w4_p0.118_s5.0_t24.0_htf30,3.0,4,0.118,5.0,24.0,30,7900,114.5,33.2,16.0,11594.0,168.0,1.47,5126.0,-14.0,"{'2025-12': 24.0, '2026-01': -14.0, '2026-02': 479.0}"
i3.0_w4_p0.118_s5.0_t24.0_htf60,3.0,4,0.118,5.0,24.0,60,8293,120.2,33.4,16.2,14073.0,204.0,1.7,4506.0,-6.0,"{'2025-12': 8.0, '2026-01': -6.0, '2026-02': 587.0}"
i3.0_w4_p0.118_s5.0_t40.0_htf0,3.0,4,0.118,5.0,40.0,0,10843,157.1,30.4,21.5,37535.0,544.0,3.46,2157.0,204.0,"{'2025-12': 579.0, '2026-01': 204.0, '2026-02': 884.0}"
i3.0_w4_p0.118_s5.0_t40.0_htf30,3.0,4,0.118,5.0,40.0,30,7700,111.6,28.3,22.5,5891.0,85.4,0.77,7234.0,-78.0,"{'2025-12': -59.0, '2026-01': -78.0, '2026-02': 377.0}"
i3.0_w4_p0.118_s5.0_t40.0_htf60,3.0,4,0.118,5.0,40.0,60,8080,117.1,28.5,22.7,8830.0,128.0,1.09,6647.0,-112.0,"{'2025-12': -112.0, '2026-01': -26.0, '2026-02': 484.0}"
i3.0_w4_p0.118_s5.0_t60.0_htf0,3.0,4,0.118,5.0,60.0,0,10428,151.1,29.7,26.4,41478.0,601.1,3.98,2121.0,158.0,"{'2025-12': 630.0, '2026-01': 158.0, '2026-02': 1058.0}"
i3.0_w4_p0.118_s5.0_t60.0_htf30,3.0,4,0.118,5.0,60.0,30,7609,110.3,27.1,25.8,5181.0,75.1,0.68,8486.0,-93.0,"{'2025-12': -71.0, '2026-01': -93.0, '2026-02': 373.0}"
i3.0_w4_p0.118_s5.0_t60.0_htf60,3.0,4,0.118,5.0,60.0,60,7997,115.9,27.2,26.2,8100.0,117.4,1.01,6856.0,-140.0,"{'2025-12': -140.0, '2026-01': -2.0, '2026-02': 451.0}"
i3.0_w4_p0.118_s8.0_t24.0_htf0,3.0,4,0.118,8.0,24.0,0,11075,160.5,38.7,18.7,16453.0,238.4,1.49,4466.0,-4.0,"{'2025-12': 134.0, '2026-01': -4.0, '2026-02': 583.0}"
i3.0_w4_p0.118_s8.0_t24.0_htf30,3.0,4,0.118,8.0,24.0,30,7518,109.0,39.0,22.0,8009.0,116.1,1.07,6264.0,-68.0,"{'2025-12': -3.0, '2026-01': -68.0, '2026-02': 410.0}"
i3.0_w4_p0.118_s8.0_t24.0_htf60,3.0,4,0.118,8.0,24.0,60,7896,114.4,39.2,21.9,9462.0,137.1,1.2,5969.0,-48.0,"{'2025-12': -36.0, '2026-01': -48.0, '2026-02': 474.0}"
i3.0_w4_p0.118_s8.0_t40.0_htf0,3.0,4,0.118,8.0,40.0,0,10459,151.6,34.1,27.1,20542.0,297.7,1.96,4669.0,61.0,"{'2025-12': 61.0, '2026-01': 177.0, '2026-02': 617.0}"
i3.0_w4_p0.118_s8.0_t40.0_htf30,3.0,4,0.118,8.0,40.0,30,7256,105.2,33.8,30.3,922.0,13.4,0.13,9891.0,-155.0,"{'2025-12': -108.0, '2026-01': -155.0, '2026-02': 292.0}"
i3.0_w4_p0.118_s8.0_t40.0_htf60,3.0,4,0.118,8.0,40.0,60,7635,110.7,33.5,29.9,1010.0,14.6,0.13,9834.0,-184.0,"{'2025-12': -184.0, '2026-01': -128.0, '2026-02': 326.0}"
i3.0_w4_p0.118_s8.0_t60.0_htf0,3.0,4,0.118,8.0,60.0,0,10023,145.3,33.1,32.9,23472.0,340.2,2.34,4463.0,30.0,"{'2025-12': 191.0, '2026-01': 30.0, '2026-02': 795.0}"
i3.0_w4_p0.118_s8.0_t60.0_htf30,3.0,4,0.118,8.0,60.0,30,7146,103.6,32.3,34.0,-1958.0,-28.4,-0.27,11361.0,-185.0,"{'2025-12': -118.0, '2026-01': -185.0, '2026-02': 212.0}"
i3.0_w4_p0.118_s8.0_t60.0_htf60,3.0,4,0.118,8.0,60.0,60,7536,109.2,32.0,33.8,-1131.0,-16.4,-0.15,10294.0,-201.0,"{'2025-12': -201.0, '2026-01': -121.0, '2026-02': 243.0}"
i3.0_w4_p0.118_s10.0_t24.0_htf0,3.0,4,0.118,10.0,24.0,0,10847,157.2,41.1,21.8,10050.0,145.6,0.93,7075.0,-85.0,"{'2025-12': -3.0, '2026-01': -85.0, '2026-02': 513.0}"
i3.0_w4_p0.118_s10.0_t24.0_htf30,3.0,4,0.118,10.0,24.0,30,7307,105.9,41.8,26.0,5123.0,74.2,0.7,7370.0,-125.0,"{'2025-12': -27.0, '2026-01': -125.0, '2026-02': 370.0}"
i3.0_w4_p0.118_s10.0_t24.0_htf60,3.0,4,0.118,10.0,24.0,60,7648,110.8,42.4,25.8,9237.0,133.9,1.21,5774.0,-51.0,"{'2025-12': -21.0, '2026-01': -51.0, '2026-02': 457.0}"
i3.0_w4_p0.118_s10.0_t40.0_htf0,3.0,4,0.118,10.0,40.0,0,10192,147.7,36.7,31.1,14902.0,216.0,1.46,4641.0,15.0,"{'2025-12': 15.0, '2026-01': 82.0, '2026-02': 521.0}"
i3.0_w4_p0.118_s10.0_t40.0_htf30,3.0,4,0.118,10.0,40.0,30,7005,101.5,36.4,35.1,-2234.0,-32.4,-0.32,10503.0,-174.0,"{'2025-12': -143.0, '2026-01': -174.0, '2026-02': 209.0}"
i3.0_w4_p0.118_s10.0_t40.0_htf60,3.0,4,0.118,10.0,40.0,60,7349,106.5,36.4,34.9,-769.0,-11.1,-0.1,9848.0,-192.0,"{'2025-12': -192.0, '2026-01': -136.0, '2026-02': 268.0}"
i3.0_w4_p0.118_s10.0_t60.0_htf0,3.0,4,0.118,10.0,60.0,0,9718,140.8,35.6,37.2,17021.0,246.7,1.75,5625.0,-57.0,"{'2025-12': 147.0, '2026-01': -57.0, '2026-02': 655.0}"
i3.0_w4_p0.118_s10.0_t60.0_htf30,3.0,4,0.118,10.0,60.0,30,6885,99.8,34.6,39.1,-5906.0,-85.6,-0.86,12435.0,-214.0,"{'2025-12': -169.0, '2026-01': -214.0, '2026-02': 119.0}"
i3.0_w4_p0.118_s10.0_t60.0_htf60,3.0,4,0.118,10.0,60.0,60,7228,104.8,34.8,39.0,-2837.0,-41.1,-0.39,10475.0,-224.0,"{'2025-12': -224.0, '2026-01': -118.0, '2026-02': 187.0}"
i3.0_w4_p0.118_s14.0_t24.0_htf0,3.0,4,0.118,14.0,24.0,0,10430,151.2,44.6,27.7,-2946.0,-42.7,-0.28,9929.0,-264.0,"{'2025-12': -264.0, '2026-01': -159.0, '2026-02': 258.0}"
i3.0_w4_p0.118_s14.0_t24.0_htf30,3.0,4,0.118,14.0,24.0,30,6919,100.3,46.9,33.6,5600.0,81.2,0.81,6213.0,-84.0,"{'2025-12': -28.0, '2026-01': -84.0, '2026-02': 347.0}"
i3.0_w4_p0.118_s14.0_t24.0_htf60,3.0,4,0.118,14.0,24.0,60,7211,104.5,47.2,33.4,8303.0,120.3,1.15,5545.0,-55.0,"{'2025-12': -55.0, '2026-01': -37.0, '2026-02': 429.0}"
i3.0_w4_p0.118_s14.0_t40.0_htf0,3.0,4,0.118,14.0,40.0,0,9764,141.5,40.0,37.7,1629.0,23.6,0.17,5896.0,-221.0,"{'2025-12': -221.0, '2026-01': 28.0, '2026-02': 213.0}"
i3.0_w4_p0.118_s14.0_t40.0_htf30,3.0,4,0.118,14.0,40.0,30,6576,95.3,41.2,44.2,-2318.0,-33.6,-0.35,9231.0,-173.0,"{'2025-12': -173.0, '2026-01': -121.0, '2026-02': 171.0}"
i3.0_w4_p0.118_s14.0_t40.0_htf60,3.0,4,0.118,14.0,40.0,60,6872,99.6,41.3,43.9,-691.0,-10.0,-0.1,8983.0,-237.0,"{'2025-12': -237.0, '2026-01': -83.0, '2026-02': 249.0}"
i3.0_w4_p0.118_s14.0_t60.0_htf0,3.0,4,0.118,14.0,60.0,0,9283,134.5,38.1,44.6,1466.0,21.2,0.16,10095.0,-124.0,"{'2025-12': -111.0, '2026-01': -124.0, '2026-02': 283.0}"
i3.0_w4_p0.118_s14.0_t60.0_htf30,3.0,4,0.118,14.0,60.0,30,6438,93.3,39.5,49.3,-6107.0,-88.5,-0.95,10978.0,-188.0,"{'2025-12': -188.0, '2026-01': -148.0, '2026-02': 55.0}"
i3.0_w4_p0.118_s14.0_t60.0_htf60,3.0,4,0.118,14.0,60.0,60,6731,97.6,39.5,48.7,-3998.0,-57.9,-0.59,10395.0,-289.0,"{'2025-12': -289.0, '2026-01': -78.0, '2026-02': 147.0}"
i3.0_w4_p0.236_s5.0_t24.0_htf0,3.0,4,0.236,5.0,24.0,0,11135,161.4,30.8,14.0,7061.0,102.3,0.63,8048.0,-108.0,"{'2025-12': 66.0, '2026-01': -108.0, '2026-02': 358.0}"
i3.0_w4_p0.236_s5.0_t24.0_htf30,3.0,4,0.236,5.0,24.0,30,7723,111.9,28.4,15.1,-9204.0,-133.4,-1.19,11732.0,-225.0,"{'2025-12': -205.0, '2026-01': -225.0, '2026-02': 23.0}"
i3.0_w4_p0.236_s5.0_t24.0_htf60,3.0,4,0.236,5.0,24.0,60,8048,116.6,28.7,14.8,-7260.0,-105.2,-0.9,11928.0,-274.0,"{'2025-12': -274.0, '2026-01': -180.0, '2026-02': 110.0}"
i3.0_w4_p0.236_s5.0_t40.0_htf0,3.0,4,0.236,5.0,40.0,0,10597,153.6,28.1,20.9,16417.0,237.9,1.55,6602.0,-39.0,"{'2025-12': 245.0, '2026-01': -39.0, '2026-02': 532.0}"
i3.0_w4_p0.236_s5.0_t40.0_htf30,3.0,4,0.236,5.0,40.0,30,7587,110.0,24.8,20.8,-11833.0,-171.5,-1.56,14069.0,-259.0,"{'2025-12': -259.0, '2026-01': -250.0, '2026-02': -18.0}"
i3.0_w4_p0.236_s5.0_t40.0_htf60,3.0,4,0.236,5.0,40.0,60,7907,114.6,24.8,20.5,-10384.0,-150.5,-1.31,13713.0,-352.0,"{'2025-12': -352.0, '2026-01': -171.0, '2026-02': 32.0}"
i3.0_w4_p0.236_s5.0_t60.0_htf0,3.0,4,0.236,5.0,60.0,0,10271,148.9,27.1,25.4,18811.0,272.6,1.83,5031.0,5.0,"{'2025-12': 294.0, '2026-01': 5.0, '2026-02': 546.0}"
i3.0_w4_p0.236_s5.0_t60.0_htf30,3.0,4,0.236,5.0,60.0,30,7518,109.0,23.9,23.6,-12621.0,-182.9,-1.68,15453.0,-289.0,"{'2025-12': -238.0, '2026-01': -289.0, '2026-02': -24.0}"
i3.0_w4_p0.236_s5.0_t60.0_htf60,3.0,4,0.236,5.0,60.0,60,7851,113.8,23.7,23.3,-11809.0,-171.2,-1.5,14771.0,-366.0,"{'2025-12': -366.0, '2026-01': -185.0, '2026-02': -2.0}"
i3.0_w4_p0.236_s8.0_t24.0_htf0,3.0,4,0.236,8.0,24.0,0,10813,156.7,36.1,19.3,-3305.0,-47.9,-0.31,11185.0,-211.0,"{'2025-12': -182.0, '2026-01': -211.0, '2026-02': 235.0}"
i3.0_w4_p0.236_s8.0_t24.0_htf30,3.0,4,0.236,8.0,24.0,30,7334,106.3,35.0,21.8,-9588.0,-139.0,-1.31,12639.0,-238.0,"{'2025-12': -235.0, '2026-01': -238.0, '2026-02': 44.0}"
i3.0_w4_p0.236_s8.0_t24.0_htf60,3.0,4,0.236,8.0,24.0,60,7600,110.1,35.9,21.9,-7660.0,-111.0,-1.01,12295.0,-283.0,"{'2025-12': -283.0, '2026-01': -195.0, '2026-02': 116.0}"
i3.0_w4_p0.236_s8.0_t40.0_htf0,3.0,4,0.236,8.0,40.0,0,10227,148.2,32.8,27.6,4668.0,67.6,0.46,7869.0,-87.0,"{'2025-12': -63.0, '2026-01': -87.0, '2026-02': 339.0}"
i3.0_w4_p0.236_s8.0_t40.0_htf30,3.0,4,0.236,8.0,40.0,30,7136,103.4,30.9,29.2,-12953.0,-187.7,-1.82,15059.0,-304.0,"{'2025-12': -304.0, '2026-01': -252.0, '2026-02': -27.0}"
i3.0_w4_p0.236_s8.0_t40.0_htf60,3.0,4,0.236,8.0,40.0,60,7404,107.3,31.5,29.2,-11589.0,-168.0,-1.57,14558.0,-403.0,"{'2025-12': -403.0, '2026-01': -175.0, '2026-02': 25.0}"
i3.0_w4_p0.236_s8.0_t60.0_htf0,3.0,4,0.236,8.0,60.0,0,9842,142.6,32.0,32.8,8522.0,123.5,0.87,7616.0,-61.0,"{'2025-12': 36.0, '2026-01': -61.0, '2026-02': 393.0}"
i3.0_w4_p0.236_s8.0_t60.0_htf30,3.0,4,0.236,8.0,60.0,30,7047,102.1,29.4,32.7,-17122.0,-248.1,-2.43,19970.0,-311.0,"{'2025-12': -302.0, '2026-01': -311.0, '2026-02': -137.0}"
i3.0_w4_p0.236_s8.0_t60.0_htf60,3.0,4,0.236,8.0,60.0,60,7336,106.3,30.0,32.7,-13864.0,-200.9,-1.89,16237.0,-398.0,"{'2025-12': -398.0, '2026-01': -211.0, '2026-02': -34.0}"
i3.0_w4_p0.236_s10.0_t24.0_htf0,3.0,4,0.236,10.0,24.0,0,10584,153.4,38.6,22.6,-7505.0,-108.8,-0.71,12787.0,-267.0,"{'2025-12': -267.0, '2026-01': -221.0, '2026-02': 139.0}"
i3.0_w4_p0.236_s10.0_t24.0_htf30,3.0,4,0.236,10.0,24.0,30,7093,102.8,38.5,26.0,-9831.0,-142.5,-1.39,13021.0,-249.0,"{'2025-12': -235.0, '2026-01': -249.0, '2026-02': 46.0}"
i3.0_w4_p0.236_s10.0_t24.0_htf60,3.0,4,0.236,10.0,24.0,60,7341,106.4,39.3,26.3,-7155.0,-103.7,-0.97,11590.0,-268.0,"{'2025-12': -268.0, '2026-01': -189.0, '2026-02': 119.0}"
i3.0_w4_p0.236_s10.0_t40.0_htf0,3.0,4,0.236,10.0,40.0,0,10004,145.0,34.9,31.2,-240.0,-3.5,-0.02,9376.0,-159.0,"{'2025-12': -81.0, '2026-01': -159.0, '2026-02': 226.0}"
i3.0_w4_p0.236_s10.0_t40.0_htf30,3.0,4,0.236,10.0,40.0,30,6866,99.5,34.1,34.2,-12562.0,-182.1,-1.83,14858.0,-297.0,"{'2025-12': -297.0, '2026-01': -249.0, '2026-02': -18.0}"
i3.0_w4_p0.236_s10.0_t40.0_htf60,3.0,4,0.236,10.0,40.0,60,7112,103.1,34.5,34.4,-12704.0,-184.1,-1.79,14469.0,-392.0,"{'2025-12': -392.0, '2026-01': -173.0, '2026-02': -32.0}"
i3.0_w4_p0.236_s10.0_t60.0_htf0,3.0,4,0.236,10.0,60.0,0,9596,139.1,34.2,37.2,2151.0,31.2,0.22,8597.0,-100.0,"{'2025-12': -23.0, '2026-01': -100.0, '2026-02': 216.0}"
i3.0_w4_p0.236_s10.0_t60.0_htf30,3.0,4,0.236,10.0,60.0,30,6759,98.0,32.4,38.3,-17149.0,-248.5,-2.54,19867.0,-324.0,"{'2025-12': -285.0, '2026-01': -324.0, '2026-02': -139.0}"
i3.0_w4_p0.236_s10.0_t60.0_htf60,3.0,4,0.236,10.0,60.0,60,7034,101.9,33.0,38.2,-14819.0,-214.8,-2.11,17099.0,-396.0,"{'2025-12': -396.0, '2026-01': -199.0, '2026-02': -88.0}"
i3.0_w4_p0.236_s14.0_t24.0_htf0,3.0,4,0.236,14.0,24.0,0,10159,147.2,42.5,28.5,-17506.0,-253.7,-1.72,18265.0,-402.0,"{'2025-12': -402.0, '2026-01': -273.0, '2026-02': -115.0}"
i3.0_w4_p0.236_s14.0_t24.0_htf30,3.0,4,0.236,14.0,24.0,30,6707,97.2,43.0,33.6,-11122.0,-161.2,-1.66,12840.0,-265.0,"{'2025-12': -228.0, '2026-01': -265.0, '2026-02': 4.0}"
i3.0_w4_p0.236_s14.0_t24.0_htf60,3.0,4,0.236,14.0,24.0,60,6936,100.5,44.6,33.6,-5190.0,-75.2,-0.75,9929.0,-228.0,"{'2025-12': -228.0, '2026-01': -157.0, '2026-02': 135.0}"
i3.0_w4_p0.236_s14.0_t40.0_htf0,3.0,4,0.236,14.0,40.0,0,9543,138.3,38.8,38.6,-11542.0,-167.3,-1.21,13233.0,-291.0,"{'2025-12': -291.0, '2026-01': -167.0, '2026-02': -70.0}"
i3.0_w4_p0.236_s14.0_t40.0_htf30,3.0,4,0.236,14.0,40.0,30,6429,93.2,38.2,43.5,-15633.0,-226.6,-2.43,17402.0,-311.0,"{'2025-12': -311.0, '2026-01': -298.0, '2026-02': -83.0}"
i3.0_w4_p0.236_s14.0_t40.0_htf60,3.0,4,0.236,14.0,40.0,60,6657,96.5,39.2,43.7,-12907.0,-187.1,-1.94,14350.0,-340.0,"{'2025-12': -340.0, '2026-01': -201.0, '2026-02': -52.0}"
i3.0_w4_p0.236_s14.0_t60.0_htf0,3.0,4,0.236,14.0,60.0,0,9065,131.4,37.8,45.2,-8636.0,-125.2,-0.95,12454.0,-201.0,"{'2025-12': -129.0, '2026-01': -201.0, '2026-02': -40.0}"
i3.0_w4_p0.236_s14.0_t60.0_htf30,3.0,4,0.236,14.0,60.0,30,6311,91.5,36.4,48.2,-20494.0,-297.0,-3.25,22609.0,-336.0,"{'2025-12': -317.0, '2026-01': -336.0, '2026-02': -239.0}"
i3.0_w4_p0.236_s14.0_t60.0_htf60,3.0,4,0.236,14.0,60.0,60,6556,95.0,37.4,48.3,-16664.0,-241.5,-2.54,18461.0,-378.0,"{'2025-12': -378.0, '2026-01': -221.0, '2026-02': -156.0}"
i3.0_w4_p0.382_s5.0_t24.0_htf0,3.0,4,0.382,5.0,24.0,0,10584,153.4,29.5,14.6,-4169.0,-60.4,-0.39,9268.0,-155.0,"{'2025-12': -47.0, '2026-01': -155.0, '2026-02': 32.0}"
i3.0_w4_p0.382_s5.0_t24.0_htf30,3.0,4,0.382,5.0,24.0,30,7068,102.4,26.3,15.0,-16102.0,-233.4,-2.28,17508.0,-289.0,"{'2025-12': -274.0, '2026-01': -289.0, '2026-02': -142.0}"
i3.0_w4_p0.382_s5.0_t24.0_htf60,3.0,4,0.382,5.0,24.0,60,7460,108.1,26.9,15.1,-14939.0,-216.5,-2.0,16133.0,-290.0,"{'2025-12': -290.0, '2026-01': -227.0, '2026-02': -147.0}"
i3.0_w4_p0.382_s5.0_t40.0_htf0,3.0,4,0.382,5.0,40.0,0,10037,145.5,26.9,21.3,2585.0,37.5,0.26,8717.0,-127.0,"{'2025-12': 88.0, '2026-01': -127.0, '2026-02': 175.0}"
i3.0_w4_p0.382_s5.0_t40.0_htf30,3.0,4,0.382,5.0,40.0,30,6942,100.6,23.1,20.1,-19372.0,-280.8,-2.79,21233.0,-323.0,"{'2025-12': -323.0, '2026-01': -285.0, '2026-02': -243.0}"
i3.0_w4_p0.382_s5.0_t40.0_htf60,3.0,4,0.382,5.0,40.0,60,7328,106.2,23.6,20.3,-17560.0,-254.5,-2.4,19092.0,-346.0,"{'2025-12': -346.0, '2026-01': -237.0, '2026-02': -201.0}"
i3.0_w4_p0.382_s5.0_t60.0_htf0,3.0,4,0.382,5.0,60.0,0,9780,141.7,26.4,25.1,6597.0,95.6,0.67,7893.0,-80.0,"{'2025-12': 85.0, '2026-01': -80.0, '2026-02': 294.0}"
i3.0_w4_p0.382_s5.0_t60.0_htf30,3.0,4,0.382,5.0,60.0,30,6904,100.1,22.4,22.6,-18468.0,-267.6,-2.67,20678.0,-307.0,"{'2025-12': -297.0, '2026-01': -307.0, '2026-02': -201.0}"
i3.0_w4_p0.382_s5.0_t60.0_htf60,3.0,4,0.382,5.0,60.0,60,7290,105.7,22.8,22.9,-17062.0,-247.3,-2.34,18889.0,-344.0,"{'2025-12': -344.0, '2026-01': -224.0, '2026-02': -195.0}"
i3.0_w4_p0.382_s8.0_t24.0_htf0,3.0,4,0.382,8.0,24.0,0,10196,147.8,35.2,20.6,-10159.0,-147.2,-1.0,12768.0,-187.0,"{'2025-12': -145.0, '2026-01': -187.0, '2026-02': -106.0}"
i3.0_w4_p0.382_s8.0_t24.0_htf30,3.0,4,0.382,8.0,24.0,30,6687,96.9,32.7,22.3,-18148.0,-263.0,-2.71,19329.0,-321.0,"{'2025-12': -321.0, '2026-01': -299.0, '2026-02': -179.0}"
i3.0_w4_p0.382_s8.0_t24.0_htf60,3.0,4,0.382,8.0,24.0,60,7059,102.3,33.6,22.4,-16586.0,-240.4,-2.35,17404.0,-356.0,"{'2025-12': -356.0, '2026-01': -251.0, '2026-02': -137.0}"
i3.0_w4_p0.382_s8.0_t40.0_htf0,3.0,4,0.382,8.0,40.0,0,9617,139.4,32.2,28.6,-2844.0,-41.2,-0.3,10153.0,-142.0,"{'2025-12': 1.0, '2026-01': -142.0, '2026-02': 35.0}"
i3.0_w4_p0.382_s8.0_t40.0_htf30,3.0,4,0.382,8.0,40.0,30,6545,94.9,29.0,29.0,-21808.0,-316.1,-3.33,23589.0,-366.0,"{'2025-12': -366.0, '2026-01': -286.0, '2026-02': -309.0}"
i3.0_w4_p0.382_s8.0_t40.0_htf60,3.0,4,0.382,8.0,40.0,60,6878,99.7,29.7,29.1,-20659.0,-299.4,-3.0,21864.0,-399.0,"{'2025-12': -399.0, '2026-01': -261.0, '2026-02': -262.0}"
i3.0_w4_p0.382_s8.0_t60.0_htf0,3.0,4,0.382,8.0,60.0,0,9305,134.9,31.6,33.7,3553.0,51.5,0.38,9060.0,-128.0,"{'2025-12': 40.0, '2026-01': -128.0, '2026-02': 255.0}"
i3.0_w4_p0.382_s8.0_t60.0_htf30,3.0,4,0.382,8.0,60.0,30,6487,94.0,28.0,32.1,-21934.0,-317.9,-3.38,23949.0,-335.0,"{'2025-12': -335.0, '2026-01': -328.0, '2026-02': -294.0}"
i3.0_w4_p0.382_s8.0_t60.0_htf60,3.0,4,0.382,8.0,60.0,60,6826,98.9,28.6,32.2,-21281.0,-308.4,-3.12,22775.0,-390.0,"{'2025-12': -390.0, '2026-01': -258.0, '2026-02': -298.0}"
i3.0_w4_p0.382_s10.0_t24.0_htf0,3.0,4,0.382,10.0,24.0,0,9983,144.7,37.9,24.2,-15555.0,-225.4,-1.56,17323.0,-270.0,"{'2025-12': -270.0, '2026-01': -247.0, '2026-02': -167.0}"
i3.0_w4_p0.382_s10.0_t24.0_htf30,3.0,4,0.382,10.0,24.0,30,6449,93.5,36.2,26.7,-17985.0,-260.7,-2.79,19358.0,-295.0,"{'2025-12': -270.0, '2026-01': -295.0, '2026-02': -216.0}"
i3.0_w4_p0.382_s10.0_t24.0_htf60,3.0,4,0.382,10.0,24.0,60,6813,98.7,37.4,26.7,-15985.0,-231.7,-2.35,16953.0,-342.0,"{'2025-12': -342.0, '2026-01': -227.0, '2026-02': -150.0}"
i3.0_w4_p0.382_s10.0_t40.0_htf0,3.0,4,0.382,10.0,40.0,0,9371,135.8,34.7,32.9,-8643.0,-125.3,-0.92,13400.0,-238.0,"{'2025-12': -154.0, '2026-01': -238.0, '2026-02': 20.0}"
i3.0_w4_p0.382_s10.0_t40.0_htf30,3.0,4,0.382,10.0,40.0,30,6267,90.8,32.2,34.2,-22316.0,-323.4,-3.56,24118.0,-342.0,"{'2025-12': -312.0, '2026-01': -314.0, '2026-02': -342.0}"
i3.0_w4_p0.382_s10.0_t40.0_htf60,3.0,4,0.382,10.0,40.0,60,6612,95.8,33.2,34.4,-20691.0,-299.9,-3.13,21881.0,-394.0,"{'2025-12': -394.0, '2026-01': -257.0, '2026-02': -272.0}"
i3.0_w4_p0.382_s10.0_t60.0_htf0,3.0,4,0.382,10.0,60.0,0,8978,130.1,34.6,39.1,-1248.0,-18.1,-0.14,11622.0,-191.0,"{'2025-12': -88.0, '2026-01': -191.0, '2026-02': 225.0}"
i3.0_w4_p0.382_s10.0_t60.0_htf30,3.0,4,0.382,10.0,60.0,30,6187,89.7,31.0,37.9,-23415.0,-339.3,-3.78,25319.0,-350.0,"{'2025-12': -319.0, '2026-01': -345.0, '2026-02': -350.0}"
i3.0_w4_p0.382_s10.0_t60.0_htf60,3.0,4,0.382,10.0,60.0,60,6541,94.8,32.0,38.1,-21283.0,-308.5,-3.25,22621.0,-400.0,"{'2025-12': -400.0, '2026-01': -242.0, '2026-02': -308.0}"
i3.0_w4_p0.382_s14.0_t24.0_htf0,3.0,4,0.382,14.0,24.0,0,9517,137.9,41.6,31.0,-25144.0,-364.4,-2.64,25945.0,-450.0,"{'2025-12': -450.0, '2026-01': -281.0, '2026-02': -387.0}"
i3.0_w4_p0.382_s14.0_t24.0_htf30,3.0,4,0.382,14.0,24.0,30,6072,88.0,41.3,35.3,-17379.0,-251.9,-2.86,18541.0,-283.0,"{'2025-12': -256.0, '2026-01': -283.0, '2026-02': -215.0}"
i3.0_w4_p0.382_s14.0_t24.0_htf60,3.0,4,0.382,14.0,24.0,60,6382,92.5,42.5,35.1,-15097.0,-218.8,-2.37,15778.0,-340.0,"{'2025-12': -340.0, '2026-01': -202.0, '2026-02': -141.0}"
i3.0_w4_p0.382_s14.0_t40.0_htf0,3.0,4,0.382,14.0,40.0,0,8880,128.7,37.6,40.8,-21093.0,-305.7,-2.38,23044.0,-369.0,"{'2025-12': -369.0, '2026-01': -310.0, '2026-02': -251.0}"
i3.0_w4_p0.382_s14.0_t40.0_htf30,3.0,4,0.382,14.0,40.0,30,5843,84.7,37.1,44.6,-21987.0,-318.7,-3.76,23797.0,-336.0,"{'2025-12': -315.0, '2026-01': -306.0, '2026-02': -336.0}"
i3.0_w4_p0.382_s14.0_t40.0_htf60,3.0,4,0.382,14.0,40.0,60,6137,88.9,38.0,44.1,-19321.0,-280.0,-3.15,20456.0,-385.0,"{'2025-12': -385.0, '2026-01': -222.0, '2026-02': -260.0}"
i3.0_w4_p0.382_s14.0_t60.0_htf0,3.0,4,0.382,14.0,60.0,0,8487,123.0,37.6,47.7,-10588.0,-153.4,-1.25,14068.0,-215.0,"{'2025-12': -166.0, '2026-01': -215.0, '2026-02': -77.0}"
i3.0_w4_p0.382_s14.0_t60.0_htf30,3.0,4,0.382,14.0,60.0,30,5756,83.4,35.8,48.9,-23298.0,-337.7,-4.05,25212.0,-343.0,"{'2025-12': -332.0, '2026-01': -336.0, '2026-02': -343.0}"
i3.0_w4_p0.382_s14.0_t60.0_htf60,3.0,4,0.382,14.0,60.0,60,6042,87.6,36.6,48.7,-21463.0,-311.1,-3.55,22783.0,-415.0,"{'2025-12': -415.0, '2026-01': -237.0, '2026-02': -309.0}"
i3.0_w4_p0.5_s5.0_t24.0_htf0,3.0,4,0.5,5.0,24.0,0,9989,144.8,28.2,15.0,-11881.0,-172.2,-1.19,15058.0,-247.0,"{'2025-12': -110.0, '2026-01': -247.0, '2026-02': -140.0}"
i3.0_w4_p0.5_s5.0_t24.0_htf30,3.0,4,0.5,5.0,24.0,30,6438,93.3,24.9,15.0,-19469.0,-282.2,-3.02,20712.0,-304.0,"{'2025-12': -255.0, '2026-01': -282.0, '2026-02': -304.0}"
i3.0_w4_p0.5_s5.0_t24.0_htf60,3.0,4,0.5,5.0,24.0,60,6833,99.0,25.4,14.7,-18910.0,-274.1,-2.77,20113.0,-312.0,"{'2025-12': -263.0, '2026-01': -247.0, '2026-02': -312.0}"
i3.0_w4_p0.5_s5.0_t40.0_htf0,3.0,4,0.5,5.0,40.0,0,9602,139.2,25.8,21.2,-4844.0,-70.2,-0.5,12012.0,-175.0,"{'2025-12': -45.0, '2026-01': -175.0, '2026-02': 23.0}"
i3.0_w4_p0.5_s5.0_t40.0_htf30,3.0,4,0.5,5.0,40.0,30,6338,91.9,22.1,19.8,-20920.0,-303.2,-3.3,22518.0,-311.0,"{'2025-12': -309.0, '2026-01': -292.0, '2026-02': -311.0}"
i3.0_w4_p0.5_s5.0_t40.0_htf60,3.0,4,0.5,5.0,40.0,60,6712,97.3,22.6,20.0,-20329.0,-294.6,-3.03,21912.0,-354.0,"{'2025-12': -354.0, '2026-01': -243.0, '2026-02': -304.0}"
i3.0_w4_p0.5_s5.0_t60.0_htf0,3.0,4,0.5,5.0,60.0,0,9400,136.2,25.2,24.8,-2500.0,-36.2,-0.27,10682.0,-152.0,"{'2025-12': 21.0, '2026-01': -152.0, '2026-02': 44.0}"
i3.0_w4_p0.5_s5.0_t60.0_htf30,3.0,4,0.5,5.0,60.0,30,6306,91.4,21.4,22.2,-21047.0,-305.0,-3.34,22996.0,-325.0,"{'2025-12': -308.0, '2026-01': -284.0, '2026-02': -325.0}"
i3.0_w4_p0.5_s5.0_t60.0_htf60,3.0,4,0.5,5.0,60.0,60,6674,96.7,21.8,22.3,-19973.0,-289.5,-2.99,21754.0,-362.0,"{'2025-12': -362.0, '2026-01': -224.0, '2026-02': -303.0}"
i3.0_w4_p0.5_s8.0_t24.0_htf0,3.0,4,0.5,8.0,24.0,0,9519,138.0,35.3,21.9,-10719.0,-155.3,-1.13,13534.0,-200.0,"{'2025-12': -200.0, '2026-01': -128.0, '2026-02': -150.0}"
i3.0_w4_p0.5_s8.0_t24.0_htf30,3.0,4,0.5,8.0,24.0,30,6058,87.8,32.1,22.7,-20227.0,-293.1,-3.34,21606.0,-303.0,"{'2025-12': -274.0, '2026-01': -298.0, '2026-02': -303.0}"
i3.0_w4_p0.5_s8.0_t24.0_htf60,3.0,4,0.5,8.0,24.0,60,6433,93.2,32.8,22.8,-17890.0,-259.3,-2.78,19011.0,-293.0,"{'2025-12': -277.0, '2026-01': -215.0, '2026-02': -293.0}"
i3.0_w4_p0.5_s8.0_t40.0_htf0,3.0,4,0.5,8.0,40.0,0,9036,131.0,32.3,29.8,-5806.0,-84.1,-0.64,10541.0,-114.0,"{'2025-12': -78.0, '2026-01': -114.0, '2026-02': -57.0}"
i3.0_w4_p0.5_s8.0_t40.0_htf30,3.0,4,0.5,8.0,40.0,30,5939,86.1,28.8,29.2,-23043.0,-334.0,-3.88,24635.0,-352.0,"{'2025-12': -350.0, '2026-01': -305.0, '2026-02': -352.0}"
i3.0_w4_p0.5_s8.0_t40.0_htf60,3.0,4,0.5,8.0,40.0,60,6284,91.1,29.4,29.8,-20248.0,-293.5,-3.22,21891.0,-355.0,"{'2025-12': -355.0, '2026-01': -229.0, '2026-02': -314.0}"
i3.0_w4_p0.5_s8.0_t60.0_htf0,3.0,4,0.5,8.0,60.0,0,8760,127.0,31.5,34.6,-3947.0,-57.2,-0.45,9625.0,-102.0,"{'2025-12': -10.0, '2026-01': -102.0, '2026-02': -46.0}"
i3.0_w4_p0.5_s8.0_t60.0_htf30,3.0,4,0.5,8.0,60.0,30,5897,85.5,27.9,32.3,-23080.0,-334.5,-3.91,24902.0,-369.0,"{'2025-12': -334.0, '2026-01': -303.0, '2026-02': -369.0}"
i3.0_w4_p0.5_s8.0_t60.0_htf60,3.0,4,0.5,8.0,60.0,60,6231,90.3,28.6,33.0,-19174.0,-277.9,-3.08,21008.0,-339.0,"{'2025-12': -339.0, '2026-01': -196.0, '2026-02': -318.0}"
i3.0_w4_p0.5_s10.0_t24.0_htf0,3.0,4,0.5,10.0,24.0,0,9287,134.6,37.8,25.2,-15972.0,-231.5,-1.72,18282.0,-265.0,"{'2025-12': -265.0, '2026-01': -223.0, '2026-02': -214.0}"
i3.0_w4_p0.5_s10.0_t24.0_htf30,3.0,4,0.5,10.0,24.0,30,5863,85.0,35.4,27.4,-20488.0,-296.9,-3.49,21884.0,-329.0,"{'2025-12': -268.0, '2026-01': -329.0, '2026-02': -284.0}"
i3.0_w4_p0.5_s10.0_t24.0_htf60,3.0,4,0.5,10.0,24.0,60,6223,90.2,36.2,27.7,-17620.0,-255.4,-2.83,18546.0,-297.0,"{'2025-12': -297.0, '2026-01': -225.0, '2026-02': -255.0}"
i3.0_w4_p0.5_s10.0_t40.0_htf0,3.0,4,0.5,10.0,40.0,0,8728,126.5,35.4,34.4,-5887.0,-85.3,-0.67,10361.0,-127.0,"{'2025-12': -127.0, '2026-01': -110.0, '2026-02': -25.0}"
i3.0_w4_p0.5_s10.0_t40.0_htf30,3.0,4,0.5,10.0,40.0,30,5726,83.0,31.7,34.6,-23652.0,-342.8,-4.13,25300.0,-351.0,"{'2025-12': -346.0, '2026-01': -332.0, '2026-02': -351.0}"
i3.0_w4_p0.5_s10.0_t40.0_htf60,3.0,4,0.5,10.0,40.0,60,6054,87.7,32.5,35.7,-20720.0,-300.3,-3.42,22173.0,-385.0,"{'2025-12': -385.0, '2026-01': -226.0, '2026-02': -314.0}"
i3.0_w4_p0.5_s10.0_t60.0_htf0,3.0,4,0.5,10.0,60.0,0,8423,122.1,34.7,39.9,-2849.0,-41.3,-0.34,8771.0,-105.0,"{'2025-12': -20.0, '2026-01': -105.0, '2026-02': 10.0}"
i3.0_w4_p0.5_s10.0_t60.0_htf30,3.0,4,0.5,10.0,60.0,30,5672,82.2,30.7,38.1,-24254.0,-351.5,-4.28,26240.0,-383.0,"{'2025-12': -329.0, '2026-01': -339.0, '2026-02': -383.0}"
i3.0_w4_p0.5_s10.0_t60.0_htf60,3.0,4,0.5,10.0,60.0,60,5997,86.9,31.6,39.4,-20061.0,-290.7,-3.35,21748.0,-373.0,"{'2025-12': -373.0, '2026-01': -196.0, '2026-02': -329.0}"
i3.0_w4_p0.5_s14.0_t24.0_htf0,3.0,4,0.5,14.0,24.0,0,8889,128.8,42.2,31.7,-19638.0,-284.6,-2.21,21132.0,-305.0,"{'2025-12': -305.0, '2026-01': -252.0, '2026-02': -303.0}"
i3.0_w4_p0.5_s14.0_t24.0_htf30,3.0,4,0.5,14.0,24.0,30,5545,80.4,40.7,36.2,-19323.0,-280.0,-3.48,20634.0,-349.0,"{'2025-12': -212.0, '2026-01': -349.0, '2026-02': -260.0}"
i3.0_w4_p0.5_s14.0_t24.0_htf60,3.0,4,0.5,14.0,24.0,60,5901,85.5,41.2,36.2,-16408.0,-237.8,-2.78,17327.0,-293.0,"{'2025-12': -293.0, '2026-01': -220.0, '2026-02': -214.0}"
i3.0_w4_p0.5_s14.0_t40.0_htf0,3.0,4,0.5,14.0,40.0,0,8283,120.0,39.0,42.2,-11844.0,-171.7,-1.43,15017.0,-253.0,"{'2025-12': -253.0, '2026-01': -157.0, '2026-02': -123.0}"
i3.0_w4_p0.5_s14.0_t40.0_htf30,3.0,4,0.5,14.0,40.0,30,5367,77.8,36.9,44.9,-22081.0,-320.0,-4.11,23527.0,-334.0,"{'2025-12': -305.0, '2026-01': -334.0, '2026-02': -316.0}"
i3.0_w4_p0.5_s14.0_t40.0_htf60,3.0,4,0.5,14.0,40.0,60,5688,82.4,37.2,45.7,-20039.0,-290.4,-3.52,21185.0,-370.0,"{'2025-12': -370.0, '2026-01': -239.0, '2026-02': -283.0}"
i3.0_w4_p0.5_s14.0_t60.0_htf0,3.0,4,0.5,14.0,60.0,0,7932,115.0,38.1,48.5,-9640.0,-139.7,-1.22,14182.0,-172.0,"{'2025-12': -172.0, '2026-01': -148.0, '2026-02': -105.0}"
i3.0_w4_p0.5_s14.0_t60.0_htf30,3.0,4,0.5,14.0,60.0,30,5302,76.8,35.7,49.3,-23100.0,-334.8,-4.36,24986.0,-358.0,"{'2025-12': -276.0, '2026-01': -358.0, '2026-02': -356.0}"
i3.0_w4_p0.5_s14.0_t60.0_htf60,3.0,4,0.5,14.0,60.0,60,5608,81.3,36.0,50.0,-20351.0,-294.9,-3.63,21828.0,-364.0,"{'2025-12': -364.0, '2026-01': -214.0, '2026-02': -328.0}"
i3.0_w4_p0.618_s5.0_t24.0_htf0,3.0,4,0.618,5.0,24.0,0,9357,135.6,26.7,14.7,-18304.0,-265.3,-1.96,21266.0,-284.0,"{'2025-12': -235.0, '2026-01': -270.0, '2026-02': -284.0}"
i3.0_w4_p0.618_s5.0_t24.0_htf30,3.0,4,0.618,5.0,24.0,30,5713,82.8,23.8,14.0,-20665.0,-299.5,-3.62,21760.0,-330.0,"{'2025-12': -240.0, '2026-01': -330.0, '2026-02': -314.0}"
i3.0_w4_p0.618_s5.0_t24.0_htf60,3.0,4,0.618,5.0,24.0,60,6093,88.3,24.0,14.2,-22044.0,-319.5,-3.62,23035.0,-351.0,"{'2025-12': -289.0, '2026-01': -313.0, '2026-02': -351.0}"
i3.0_w4_p0.618_s5.0_t40.0_htf0,3.0,4,0.618,5.0,40.0,0,9080,131.6,24.1,20.3,-17575.0,-254.7,-1.94,21259.0,-305.0,"{'2025-12': -180.0, '2026-01': -262.0, '2026-02': -305.0}"
i3.0_w4_p0.618_s5.0_t40.0_htf30,3.0,4,0.618,5.0,40.0,30,5642,81.8,21.0,18.5,-22181.0,-321.5,-3.93,23197.0,-345.0,"{'2025-12': -284.0, '2026-01': -327.0, '2026-02': -345.0}"
i3.0_w4_p0.618_s5.0_t40.0_htf60,3.0,4,0.618,5.0,40.0,60,6012,87.1,21.5,19.1,-22216.0,-322.0,-3.7,23400.0,-346.0,"{'2025-12': -333.0, '2026-01': -292.0, '2026-02': -346.0}"
i3.0_w4_p0.618_s5.0_t60.0_htf0,3.0,4,0.618,5.0,60.0,0,8958,129.8,23.4,23.3,-15059.0,-218.2,-1.68,19856.0,-280.0,"{'2025-12': -96.0, '2026-01': -280.0, '2026-02': -248.0}"
i3.0_w4_p0.618_s5.0_t60.0_htf30,3.0,4,0.618,5.0,60.0,30,5619,81.4,20.2,20.8,-22451.0,-325.4,-4.0,23851.0,-352.0,"{'2025-12': -260.0, '2026-01': -352.0, '2026-02': -348.0}"
i3.0_w4_p0.618_s5.0_t60.0_htf60,3.0,4,0.618,5.0,60.0,60,5980,86.7,20.9,21.4,-21217.0,-307.5,-3.55,22624.0,-349.0,"{'2025-12': -297.0, '2026-01': -277.0, '2026-02': -349.0}"
i3.0_w4_p0.618_s8.0_t24.0_htf0,3.0,4,0.618,8.0,24.0,0,8826,127.9,34.5,22.2,-14917.0,-216.2,-1.69,17988.0,-242.0,"{'2025-12': -201.0, '2026-01': -204.0, '2026-02': -242.0}"
i3.0_w4_p0.618_s8.0_t24.0_htf30,3.0,4,0.618,8.0,24.0,30,5389,78.1,31.2,22.6,-19703.0,-285.5,-3.66,21000.0,-310.0,"{'2025-12': -236.0, '2026-01': -299.0, '2026-02': -310.0}"
i3.0_w4_p0.618_s8.0_t24.0_htf60,3.0,4,0.618,8.0,24.0,60,5717,82.9,31.9,22.9,-19264.0,-279.2,-3.37,20280.0,-324.0,"{'2025-12': -280.0, '2026-01': -237.0, '2026-02': -324.0}"
i3.0_w4_p0.618_s8.0_t40.0_htf0,3.0,4,0.618,8.0,40.0,0,8446,122.4,31.5,30.0,-13025.0,-188.8,-1.54,17212.0,-236.0,"{'2025-12': -156.0, '2026-01': -169.0, '2026-02': -236.0}"
i3.0_w4_p0.618_s8.0_t40.0_htf30,3.0,4,0.618,8.0,40.0,30,5294,76.7,27.7,28.9,-22705.0,-329.1,-4.29,24164.0,-383.0,"{'2025-12': -277.0, '2026-01': -317.0, '2026-02': -383.0}"
i3.0_w4_p0.618_s8.0_t40.0_htf60,3.0,4,0.618,8.0,40.0,60,5612,81.3,28.9,29.8,-20634.0,-299.0,-3.68,21812.0,-375.0,"{'2025-12': -332.0, '2026-01': -205.0, '2026-02': -375.0}"
i3.0_w4_p0.618_s8.0_t60.0_htf0,3.0,4,0.618,8.0,60.0,0,8298,120.3,30.9,34.1,-9981.0,-144.6,-1.2,15162.0,-183.0,"{'2025-12': -56.0, '2026-01': -183.0, '2026-02': -173.0}"
i3.0_w4_p0.618_s8.0_t60.0_htf30,3.0,4,0.618,8.0,60.0,30,5263,76.3,27.0,31.9,-22154.0,-321.1,-4.21,23856.0,-371.0,"{'2025-12': -252.0, '2026-01': -326.0, '2026-02': -371.0}"
i3.0_w4_p0.618_s8.0_t60.0_htf60,3.0,4,0.618,8.0,60.0,60,5573,80.8,28.1,32.7,-19671.0,-285.1,-3.53,21073.0,-361.0,"{'2025-12': -307.0, '2026-01': -199.0, '2026-02': -361.0}"
i3.0_w4_p0.618_s10.0_t24.0_htf0,3.0,4,0.618,10.0,24.0,0,8544,123.8,37.6,26.2,-16939.0,-245.5,-1.98,19761.0,-278.0,"{'2025-12': -278.0, '2026-01': -208.0, '2026-02': -260.0}"
i3.0_w4_p0.618_s10.0_t24.0_htf30,3.0,4,0.618,10.0,24.0,30,5230,75.8,35.1,27.2,-18912.0,-274.1,-3.62,20118.0,-293.0,"{'2025-12': -259.0, '2026-01': -293.0, '2026-02': -265.0}"
i3.0_w4_p0.618_s10.0_t24.0_htf60,3.0,4,0.618,10.0,24.0,60,5536,80.2,35.4,27.6,-18901.0,-273.9,-3.41,19838.0,-314.0,"{'2025-12': -314.0, '2026-01': -239.0, '2026-02': -279.0}"
i3.0_w4_p0.618_s10.0_t40.0_htf0,3.0,4,0.618,10.0,40.0,0,8125,117.8,34.6,35.2,-12635.0,-183.1,-1.56,16396.0,-213.0,"{'2025-12': -204.0, '2026-01': -140.0, '2026-02': -213.0}"
i3.0_w4_p0.618_s10.0_t40.0_htf30,3.0,4,0.618,10.0,40.0,30,5114,74.1,31.5,34.4,-21844.0,-316.6,-4.27,23352.0,-341.0,"{'2025-12': -306.0, '2026-01': -302.0, '2026-02': -341.0}"
i3.0_w4_p0.618_s10.0_t40.0_htf60,3.0,4,0.618,10.0,40.0,60,5417,78.5,32.1,35.4,-21152.0,-306.6,-3.9,22387.0,-364.0,"{'2025-12': -364.0, '2026-01': -220.0, '2026-02': -355.0}"
i3.0_w4_p0.618_s10.0_t60.0_htf0,3.0,4,0.618,10.0,60.0,0,7947,115.2,33.8,39.9,-9385.0,-136.0,-1.18,14718.0,-187.0,"{'2025-12': -90.0, '2026-01': -123.0, '2026-02': -187.0}"
i3.0_w4_p0.618_s10.0_t60.0_htf30,3.0,4,0.618,10.0,60.0,30,5073,73.5,30.6,38.0,-21930.0,-317.8,-4.32,23600.0,-341.0,"{'2025-12': -283.0, '2026-01': -321.0, '2026-02': -341.0}"
i3.0_w4_p0.618_s10.0_t60.0_htf60,3.0,4,0.618,10.0,60.0,60,5378,77.9,31.4,38.8,-19330.0,-280.1,-3.59,20794.0,-328.0,"{'2025-12': -328.0, '2026-01': -202.0, '2026-02': -326.0}"
i3.0_w4_p0.618_s14.0_t24.0_htf0,3.0,4,0.618,14.0,24.0,0,8103,117.4,42.6,34.1,-15419.0,-223.5,-1.9,17440.0,-288.0,"{'2025-12': -288.0, '2026-01': -172.0, '2026-02': -228.0}"
i3.0_w4_p0.618_s14.0_t24.0_htf30,3.0,4,0.618,14.0,24.0,30,4944,71.7,40.0,35.9,-18090.0,-262.2,-3.66,19278.0,-303.0,"{'2025-12': -194.0, '2026-01': -303.0, '2026-02': -272.0}"
i3.0_w4_p0.618_s14.0_t24.0_htf60,3.0,4,0.618,14.0,24.0,60,5255,76.2,40.8,36.3,-17021.0,-246.7,-3.24,17846.0,-279.0,"{'2025-12': -279.0, '2026-01': -215.0, '2026-02': -256.0}"
i3.0_w4_p0.618_s14.0_t40.0_htf0,3.0,4,0.618,14.0,40.0,0,7592,110.0,39.0,44.6,-12330.0,-178.7,-1.62,16294.0,-223.0,"{'2025-12': -159.0, '2026-01': -153.0, '2026-02': -223.0}"
i3.0_w4_p0.618_s14.0_t40.0_htf30,3.0,4,0.618,14.0,40.0,30,4806,69.7,36.2,44.7,-21136.0,-306.3,-4.4,22670.0,-346.0,"{'2025-12': -236.0, '2026-01': -321.0, '2026-02': -346.0}"
i3.0_w4_p0.618_s14.0_t40.0_htf60,3.0,4,0.618,14.0,40.0,60,5102,73.9,37.1,45.7,-19576.0,-283.7,-3.84,20755.0,-343.0,"{'2025-12': -312.0, '2026-01': -208.0, '2026-02': -343.0}"
i3.0_w4_p0.618_s14.0_t60.0_htf0,3.0,4,0.618,14.0,60.0,0,7363,106.7,38.3,50.3,-8707.0,-126.2,-1.18,13443.0,-190.0,"{'2025-12': -64.0, '2026-01': -190.0, '2026-02': -106.0}"
i3.0_w4_p0.618_s14.0_t60.0_htf30,3.0,4,0.618,14.0,60.0,30,4762,69.0,35.2,48.9,-21228.0,-307.7,-4.46,23002.0,-354.0,"{'2025-12': -218.0, '2026-01': -331.0, '2026-02': -354.0}"
i3.0_w4_p0.618_s14.0_t60.0_htf60,3.0,4,0.618,14.0,60.0,60,5053,73.2,36.1,49.8,-18404.0,-266.7,-3.64,19998.0,-340.0,"{'2025-12': -271.0, '2026-01': -196.0, '2026-02': -340.0}"
i5.0_w3_p0.118_s5.0_t24.0_htf0,5.0,3,0.118,5.0,24.0,0,10913,158.2,33.2,12.5,25073.0,363.4,2.3,1588.0,67.0,"{'2025-12': 337.0, '2026-01': 67.0, '2026-02': 705.0}"
i5.0_w3_p0.118_s5.0_t24.0_htf30,5.0,3,0.118,5.0,24.0,30,7100,102.9,30.8,12.5,6080.0,88.1,0.86,5455.0,-57.0,"{'2025-12': -45.0, '2026-01': -57.0, '2026-02': 351.0}"
i5.0_w3_p0.118_s5.0_t24.0_htf60,5.0,3,0.118,5.0,24.0,60,7492,108.6,31.6,13.1,9323.0,135.1,1.24,3348.0,-11.0,"{'2025-12': -4.0, '2026-01': -11.0, '2026-02': 403.0}"
i5.0_w3_p0.118_s5.0_t40.0_htf0,5.0,3,0.118,5.0,40.0,0,10368,150.3,29.4,19.4,32972.0,477.9,3.18,2696.0,196.0,"{'2025-12': 410.0, '2026-01': 196.0, '2026-02': 838.0}"
i5.0_w3_p0.118_s5.0_t40.0_htf30,5.0,3,0.118,5.0,40.0,30,6944,100.6,26.4,18.8,4867.0,70.5,0.7,5808.0,-53.0,"{'2025-12': -53.0, '2026-01': -41.0, '2026-02': 289.0}"
i5.0_w3_p0.118_s5.0_t40.0_htf60,5.0,3,0.118,5.0,40.0,60,7338,106.3,27.0,19.5,7337.0,106.3,1.0,4553.0,-42.0,"{'2025-12': -42.0, '2026-01': -17.0, '2026-02': 357.0}"
i5.0_w3_p0.118_s5.0_t60.0_htf0,5.0,3,0.118,5.0,60.0,0,9918,143.7,28.5,24.8,34130.0,494.6,3.44,2227.0,204.0,"{'2025-12': 414.0, '2026-01': 204.0, '2026-02': 874.0}"
i5.0_w3_p0.118_s5.0_t60.0_htf30,5.0,3,0.118,5.0,60.0,30,6850,99.3,25.0,22.5,3104.0,45.0,0.45,7527.0,-90.0,"{'2025-12': -51.0, '2026-01': -90.0, '2026-02': 267.0}"
i5.0_w3_p0.118_s5.0_t60.0_htf60,5.0,3,0.118,5.0,60.0,60,7247,105.0,25.4,23.1,5149.0,74.6,0.71,5018.0,-56.0,"{'2025-12': -56.0, '2026-01': -15.0, '2026-02': 275.0}"
i5.0_w3_p0.118_s8.0_t24.0_htf0,5.0,3,0.118,8.0,24.0,0,10637,154.2,37.9,17.2,12101.0,175.4,1.14,4583.0,-75.0,"{'2025-12': 129.0, '2026-01': -75.0, '2026-02': 483.0}"
i5.0_w3_p0.118_s8.0_t24.0_htf30,5.0,3,0.118,8.0,24.0,30,6792,98.4,36.7,18.6,1588.0,23.0,0.23,8427.0,-137.0,"{'2025-12': -118.0, '2026-01': -137.0, '2026-02': 308.0}"
i5.0_w3_p0.118_s8.0_t24.0_htf60,5.0,3,0.118,8.0,24.0,60,7173,104.0,37.4,18.8,4670.0,67.7,0.65,6368.0,-89.0,"{'2025-12': -87.0, '2026-01': -89.0, '2026-02': 360.0}"
i5.0_w3_p0.118_s8.0_t40.0_htf0,5.0,3,0.118,8.0,40.0,0,10035,145.4,33.6,25.3,18780.0,272.2,1.87,2720.0,109.0,"{'2025-12': 122.0, '2026-01': 109.0, '2026-02': 568.0}"
i5.0_w3_p0.118_s8.0_t40.0_htf30,5.0,3,0.118,8.0,40.0,30,6585,95.4,31.9,26.2,-522.0,-7.6,-0.08,9391.0,-143.0,"{'2025-12': -143.0, '2026-01': -135.0, '2026-02': 237.0}"
i5.0_w3_p0.118_s8.0_t40.0_htf60,5.0,3,0.118,8.0,40.0,60,6947,100.7,32.3,26.6,1094.0,15.9,0.16,7939.0,-157.0,"{'2025-12': -157.0, '2026-01': -95.0, '2026-02': 273.0}"
i5.0_w3_p0.118_s8.0_t60.0_htf0,5.0,3,0.118,8.0,60.0,0,9518,137.9,32.7,31.4,22715.0,329.2,2.39,2621.0,122.0,"{'2025-12': 155.0, '2026-01': 122.0, '2026-02': 691.0}"
i5.0_w3_p0.118_s8.0_t60.0_htf30,5.0,3,0.118,8.0,60.0,30,6479,93.9,30.0,30.2,-4241.0,-61.5,-0.65,11388.0,-195.0,"{'2025-12': -141.0, '2026-01': -195.0, '2026-02': 146.0}"
i5.0_w3_p0.118_s8.0_t60.0_htf60,5.0,3,0.118,8.0,60.0,60,6846,99.2,30.4,30.6,-1723.0,-25.0,-0.25,9254.0,-191.0,"{'2025-12': -191.0, '2026-01': -110.0, '2026-02': 198.0}"
i5.0_w3_p0.118_s10.0_t24.0_htf0,5.0,3,0.118,10.0,24.0,0,10427,151.1,40.3,20.1,5088.0,73.7,0.49,7794.0,-170.0,"{'2025-12': 13.0, '2026-01': -170.0, '2026-02': 386.0}"
i5.0_w3_p0.118_s10.0_t24.0_htf30,5.0,3,0.118,10.0,24.0,30,6622,96.0,39.9,22.2,284.0,4.1,0.04,8356.0,-134.0,"{'2025-12': -129.0, '2026-01': -134.0, '2026-02': 259.0}"
i5.0_w3_p0.118_s10.0_t24.0_htf60,5.0,3,0.118,10.0,24.0,60,6968,101.0,40.5,22.6,3373.0,48.9,0.48,7256.0,-126.0,"{'2025-12': -88.0, '2026-01': -126.0, '2026-02': 347.0}"
i5.0_w3_p0.118_s10.0_t40.0_htf0,5.0,3,0.118,10.0,40.0,0,9797,142.0,36.1,29.1,12630.0,183.0,1.29,4190.0,10.0,"{'2025-12': 27.0, '2026-01': 10.0, '2026-02': 494.0}"
i5.0_w3_p0.118_s10.0_t40.0_htf30,5.0,3,0.118,10.0,40.0,30,6379,92.4,34.6,30.9,-3193.0,-46.3,-0.5,10083.0,-166.0,"{'2025-12': -166.0, '2026-01': -160.0, '2026-02': 172.0}"
i5.0_w3_p0.118_s10.0_t40.0_htf60,5.0,3,0.118,10.0,40.0,60,6719,97.4,35.0,31.2,-719.0,-10.4,-0.11,8517.0,-181.0,"{'2025-12': -181.0, '2026-01': -115.0, '2026-02': 237.0}"
i5.0_w3_p0.118_s10.0_t60.0_htf0,5.0,3,0.118,10.0,60.0,0,9276,134.4,35.1,35.4,16760.0,242.9,1.81,4239.0,20.0,"{'2025-12': 85.0, '2026-01': 20.0, '2026-02': 609.0}"
i5.0_w3_p0.118_s10.0_t60.0_htf30,5.0,3,0.118,10.0,60.0,30,6249,90.6,32.7,35.3,-7376.0,-106.9,-1.18,12427.0,-226.0,"{'2025-12': -184.0, '2026-01': -226.0, '2026-02': 84.0}"
i5.0_w3_p0.118_s10.0_t60.0_htf60,5.0,3,0.118,10.0,60.0,60,6602,95.7,33.0,35.6,-3761.0,-54.5,-0.57,10088.0,-225.0,"{'2025-12': -225.0, '2026-01': -134.0, '2026-02': 167.0}"
i5.0_w3_p0.118_s14.0_t24.0_htf0,5.0,3,0.118,14.0,24.0,0,10008,145.0,44.1,25.7,-5342.0,-77.4,-0.53,10285.0,-208.0,"{'2025-12': -208.0, '2026-01': -203.0, '2026-02': 162.0}"
i5.0_w3_p0.118_s14.0_t24.0_htf30,5.0,3,0.118,14.0,24.0,30,6257,90.7,44.7,28.9,-2713.0,-39.3,-0.43,8930.0,-158.0,"{'2025-12': -138.0, '2026-01': -158.0, '2026-02': 167.0}"
i5.0_w3_p0.118_s14.0_t24.0_htf60,5.0,3,0.118,14.0,24.0,60,6565,95.1,46.0,29.6,3454.0,50.1,0.53,6666.0,-110.0,"{'2025-12': -110.0, '2026-01': -107.0, '2026-02': 347.0}"
i5.0_w3_p0.118_s14.0_t40.0_htf0,5.0,3,0.118,14.0,40.0,0,9343,135.4,39.0,35.5,-3359.0,-48.7,-0.36,9517.0,-232.0,"{'2025-12': -232.0, '2026-01': -137.0, '2026-02': 193.0}"
i5.0_w3_p0.118_s14.0_t40.0_htf30,5.0,3,0.118,14.0,40.0,30,5978,86.6,38.9,38.9,-7839.0,-113.6,-1.31,11441.0,-214.0,"{'2025-12': -214.0, '2026-01': -189.0, '2026-02': 47.0}"
i5.0_w3_p0.118_s14.0_t40.0_htf60,5.0,3,0.118,14.0,40.0,60,6272,90.9,39.8,39.8,-3353.0,-48.6,-0.53,9077.0,-250.0,"{'2025-12': -250.0, '2026-01': -112.0, '2026-02': 179.0}"
i5.0_w3_p0.118_s14.0_t60.0_htf0,5.0,3,0.118,14.0,60.0,0,8818,127.8,38.3,43.1,5670.0,82.2,0.64,6836.0,-142.0,"{'2025-12': -142.0, '2026-01': -31.0, '2026-02': 382.0}"
i5.0_w3_p0.118_s14.0_t60.0_htf30,5.0,3,0.118,14.0,60.0,30,5834,84.6,36.9,44.1,-12115.0,-175.6,-2.08,14064.0,-258.0,"{'2025-12': -218.0, '2026-01': -258.0, '2026-02': -53.0}"
i5.0_w3_p0.118_s14.0_t60.0_htf60,5.0,3,0.118,14.0,60.0,60,6127,88.8,37.7,45.1,-7536.0,-109.2,-1.23,11080.0,-290.0,"{'2025-12': -290.0, '2026-01': -148.0, '2026-02': 77.0}"
i5.0_w3_p0.236_s5.0_t24.0_htf0,5.0,3,0.236,5.0,24.0,0,10684,154.8,29.7,11.8,4617.0,66.9,0.43,6831.0,-104.0,"{'2025-12': 100.0, '2026-01': -104.0, '2026-02': 226.0}"
i5.0_w3_p0.236_s5.0_t24.0_htf30,5.0,3,0.236,5.0,24.0,30,6785,98.3,26.5,11.9,-10613.0,-153.8,-1.56,11735.0,-216.0,"{'2025-12': -193.0, '2026-01': -216.0, '2026-02': -55.0}"
i5.0_w3_p0.236_s5.0_t24.0_htf60,5.0,3,0.236,5.0,24.0,60,7173,104.0,27.8,12.2,-5666.0,-82.1,-0.79,9262.0,-184.0,"{'2025-12': -184.0, '2026-01': -152.0, '2026-02': 74.0}"
i5.0_w3_p0.236_s5.0_t40.0_htf0,5.0,3,0.236,5.0,40.0,0,10122,146.7,27.0,18.4,17853.0,258.7,1.76,3220.0,89.0,"{'2025-12': 271.0, '2026-01': 89.0, '2026-02': 433.0}"
i5.0_w3_p0.236_s5.0_t40.0_htf30,5.0,3,0.236,5.0,40.0,30,6661,96.5,23.4,17.8,-9584.0,-138.9,-1.44,11273.0,-212.0,"{'2025-12': -212.0, '2026-01': -180.0, '2026-02': -37.0}"
i5.0_w3_p0.236_s5.0_t40.0_htf60,5.0,3,0.236,5.0,40.0,60,7031,101.9,24.1,18.4,-6207.0,-90.0,-0.88,9551.0,-191.0,"{'2025-12': -191.0, '2026-01': -133.0, '2026-02': 36.0}"
i5.0_w3_p0.236_s5.0_t60.0_htf0,5.0,3,0.236,5.0,60.0,0,9771,141.6,26.1,22.9,20130.0,291.7,2.06,3454.0,118.0,"{'2025-12': 217.0, '2026-01': 118.0, '2026-02': 539.0}"
i5.0_w3_p0.236_s5.0_t60.0_htf30,5.0,3,0.236,5.0,60.0,30,6596,95.6,22.1,20.6,-10373.0,-150.3,-1.57,12704.0,-210.0,"{'2025-12': -210.0, '2026-01': -180.0, '2026-02': -71.0}"
i5.0_w3_p0.236_s5.0_t60.0_htf60,5.0,3,0.236,5.0,60.0,60,6972,101.0,22.8,21.2,-6429.0,-93.2,-0.92,10013.0,-203.0,"{'2025-12': -203.0, '2026-01': -89.0, '2026-02': -10.0}"
i5.0_w3_p0.236_s8.0_t24.0_htf0,5.0,3,0.236,8.0,24.0,0,10376,150.4,35.4,16.8,-3505.0,-50.8,-0.34,9490.0,-209.0,"{'2025-12': -80.0, '2026-01': -209.0, '2026-02': 144.0}"
i5.0_w3_p0.236_s8.0_t24.0_htf30,5.0,3,0.236,8.0,24.0,30,6507,94.3,33.7,18.1,-11262.0,-163.2,-1.73,12215.0,-263.0,"{'2025-12': -263.0, '2026-01': -230.0, '2026-02': -12.0}"
i5.0_w3_p0.236_s8.0_t24.0_htf60,5.0,3,0.236,8.0,24.0,60,6869,99.6,34.7,18.4,-7076.0,-102.6,-1.03,10680.0,-252.0,"{'2025-12': -252.0, '2026-01': -175.0, '2026-02': 93.0}"
i5.0_w3_p0.236_s8.0_t40.0_htf0,5.0,3,0.236,8.0,40.0,0,9743,141.2,32.2,25.2,7903.0,114.5,0.81,5244.0,-38.0,"{'2025-12': 52.0, '2026-01': -38.0, '2026-02': 329.0}"
i5.0_w3_p0.236_s8.0_t40.0_htf30,5.0,3,0.236,8.0,40.0,30,6334,91.8,29.8,25.4,-11895.0,-172.4,-1.88,13616.0,-281.0,"{'2025-12': -281.0, '2026-01': -222.0, '2026-02': -33.0}"
i5.0_w3_p0.236_s8.0_t40.0_htf60,5.0,3,0.236,8.0,40.0,60,6672,96.7,30.5,26.3,-9139.0,-132.4,-1.37,12368.0,-276.0,"{'2025-12': -276.0, '2026-01': -189.0, '2026-02': 42.0}"
i5.0_w3_p0.236_s8.0_t60.0_htf0,5.0,3,0.236,8.0,60.0,0,9308,134.9,31.3,30.7,10155.0,147.2,1.09,5656.0,-42.0,"{'2025-12': 100.0, '2026-01': -42.0, '2026-02': 389.0}"
i5.0_w3_p0.236_s8.0_t60.0_htf30,5.0,3,0.236,8.0,60.0,30,6227,90.2,28.3,29.2,-14714.0,-213.2,-2.36,16880.0,-301.0,"{'2025-12': -301.0, '2026-01': -244.0, '2026-02': -111.0}"
i5.0_w3_p0.236_s8.0_t60.0_htf60,5.0,3,0.236,8.0,60.0,60,6588,95.5,29.0,30.0,-9821.0,-142.3,-1.49,13431.0,-307.0,"{'2025-12': -307.0, '2026-01': -169.0, '2026-02': 16.0}"
i5.0_w3_p0.236_s10.0_t24.0_htf0,5.0,3,0.236,10.0,24.0,0,10171,147.4,38.5,20.2,-6727.0,-97.5,-0.66,10519.0,-233.0,"{'2025-12': -158.0, '2026-01': -233.0, '2026-02': 97.0}"
i5.0_w3_p0.236_s10.0_t24.0_htf30,5.0,3,0.236,10.0,24.0,30,6325,91.7,37.4,22.0,-11284.0,-163.5,-1.78,12511.0,-260.0,"{'2025-12': -260.0, '2026-01': -260.0, '2026-02': 17.0}"
i5.0_w3_p0.236_s10.0_t24.0_htf60,5.0,3,0.236,10.0,24.0,60,6664,96.6,38.5,22.4,-6826.0,-98.9,-1.02,10828.0,-256.0,"{'2025-12': -256.0, '2026-01': -194.0, '2026-02': 128.0}"
i5.0_w3_p0.236_s10.0_t40.0_htf0,5.0,3,0.236,10.0,40.0,0,9525,138.0,34.8,29.1,1805.0,26.2,0.19,5446.0,-73.0,"{'2025-12': -26.0, '2026-01': -73.0, '2026-02': 175.0}"
i5.0_w3_p0.236_s10.0_t40.0_htf30,5.0,3,0.236,10.0,40.0,30,6131,88.9,33.1,30.0,-13064.0,-189.3,-2.13,14636.0,-306.0,"{'2025-12': -306.0, '2026-01': -259.0, '2026-02': -22.0}"
i5.0_w3_p0.236_s10.0_t40.0_htf60,5.0,3,0.236,10.0,40.0,60,6437,93.3,33.9,31.2,-9846.0,-142.7,-1.53,12869.0,-276.0,"{'2025-12': -276.0, '2026-01': -226.0, '2026-02': 54.0}"
i5.0_w3_p0.236_s10.0_t60.0_htf0,5.0,3,0.236,10.0,60.0,0,9063,131.3,34.0,35.2,4851.0,70.3,0.54,6258.0,-84.0,"{'2025-12': 19.0, '2026-01': -84.0, '2026-02': 278.0}"
i5.0_w3_p0.236_s10.0_t60.0_htf30,5.0,3,0.236,10.0,60.0,30,6003,87.0,31.4,34.3,-16627.0,-241.0,-2.77,18391.0,-324.0,"{'2025-12': -324.0, '2026-01': -286.0, '2026-02': -126.0}"
i5.0_w3_p0.236_s10.0_t60.0_htf60,5.0,3,0.236,10.0,60.0,60,6339,91.9,32.2,35.2,-11948.0,-173.2,-1.88,14253.0,-324.0,"{'2025-12': -324.0, '2026-01': -209.0, '2026-02': -15.0}"
i5.0_w3_p0.236_s14.0_t24.0_htf0,5.0,3,0.236,14.0,24.0,0,9801,142.0,42.1,25.9,-18188.0,-263.6,-1.86,19078.0,-369.0,"{'2025-12': -369.0, '2026-01': -330.0, '2026-02': -108.0}"
i5.0_w3_p0.236_s14.0_t24.0_htf30,5.0,3,0.236,14.0,24.0,30,5989,86.8,41.9,28.9,-13948.0,-202.1,-2.33,14568.0,-288.0,"{'2025-12': -288.0, '2026-01': -285.0, '2026-02': -44.0}"
i5.0_w3_p0.236_s14.0_t24.0_htf60,5.0,3,0.236,14.0,24.0,60,6315,91.5,43.3,29.6,-8432.0,-122.2,-1.34,11280.0,-253.0,"{'2025-12': -253.0, '2026-01': -237.0, '2026-02': 105.0}"
i5.0_w3_p0.236_s14.0_t40.0_htf0,5.0,3,0.236,14.0,40.0,0,9078,131.6,38.4,36.0,-9996.0,-144.9,-1.1,11271.0,-236.0,"{'2025-12': -236.0, '2026-01': -168.0, '2026-02': -48.0}"
i5.0_w3_p0.236_s14.0_t40.0_htf30,5.0,3,0.236,14.0,40.0,30,5728,83.0,37.3,38.8,-15515.0,-224.8,-2.71,17163.0,-320.0,"{'2025-12': -320.0, '2026-01': -283.0, '2026-02': -86.0}"
i5.0_w3_p0.236_s14.0_t40.0_htf60,5.0,3,0.236,14.0,40.0,60,6038,87.5,38.2,40.0,-13167.0,-190.8,-2.18,14460.0,-329.0,"{'2025-12': -329.0, '2026-01': -266.0, '2026-02': -0.0}"
i5.0_w3_p0.236_s14.0_t60.0_htf0,5.0,3,0.236,14.0,60.0,0,8568,124.2,37.8,43.4,-2993.0,-43.4,-0.35,8724.0,-199.0,"{'2025-12': -199.0, '2026-01': -70.0, '2026-02': 109.0}"
i5.0_w3_p0.236_s14.0_t60.0_htf30,5.0,3,0.236,14.0,60.0,30,5589,81.0,35.6,44.1,-19007.0,-275.5,-3.4,21075.0,-332.0,"{'2025-12': -332.0, '2026-01': -308.0, '2026-02': -196.0}"
i5.0_w3_p0.236_s14.0_t60.0_htf60,5.0,3,0.236,14.0,60.0,60,5926,85.9,36.4,44.4,-14381.0,-208.4,-2.43,16226.0,-360.0,"{'2025-12': -360.0, '2026-01': -230.0, '2026-02': -65.0}"
i5.0_w3_p0.382_s5.0_t24.0_htf0,5.0,3,0.382,5.0,24.0,0,10005,145.0,27.8,12.1,-7844.0,-113.7,-0.78,11994.0,-256.0,"{'2025-12': -132.0, '2026-01': -256.0, '2026-02': 55.0}"
i5.0_w3_p0.382_s5.0_t24.0_htf30,5.0,3,0.382,5.0,24.0,30,6133,88.9,25.4,11.8,-13324.0,-193.1,-2.17,14002.0,-238.0,"{'2025-12': -238.0, '2026-01': -220.0, '2026-02': -129.0}"
i5.0_w3_p0.382_s5.0_t24.0_htf60,5.0,3,0.382,5.0,24.0,60,6502,94.2,26.2,12.0,-11609.0,-168.3,-1.79,12183.0,-248.0,"{'2025-12': -248.0, '2026-01': -203.0, '2026-02': -67.0}"
i5.0_w3_p0.382_s5.0_t40.0_htf0,5.0,3,0.382,5.0,40.0,0,9525,138.0,25.3,18.5,-1416.0,-20.5,-0.15,10819.0,-176.0,"{'2025-12': -16.0, '2026-01': -176.0, '2026-02': 144.0}"
i5.0_w3_p0.382_s5.0_t40.0_htf30,5.0,3,0.382,5.0,40.0,30,6004,87.0,21.9,17.3,-15432.0,-223.7,-2.57,16269.0,-277.0,"{'2025-12': -277.0, '2026-01': -198.0, '2026-02': -209.0}"
i5.0_w3_p0.382_s5.0_t40.0_htf60,5.0,3,0.382,5.0,40.0,60,6368,92.3,22.7,17.6,-12748.0,-184.8,-2.0,13345.0,-320.0,"{'2025-12': -320.0, '2026-01': -186.0, '2026-02': -77.0}"
i5.0_w3_p0.382_s5.0_t60.0_htf0,5.0,3,0.382,5.0,60.0,0,9223,133.7,24.8,22.5,3341.0,48.4,0.36,8900.0,-133.0,"{'2025-12': 94.0, '2026-01': -133.0, '2026-02': 209.0}"
i5.0_w3_p0.382_s5.0_t60.0_htf30,5.0,3,0.382,5.0,60.0,30,5959,86.4,21.0,19.9,-14587.0,-211.4,-2.45,15802.0,-245.0,"{'2025-12': -245.0, '2026-01': -217.0, '2026-02': -179.0}"
i5.0_w3_p0.382_s5.0_t60.0_htf60,5.0,3,0.382,5.0,60.0,60,6322,91.6,21.7,20.5,-12667.0,-183.6,-2.0,13809.0,-298.0,"{'2025-12': -298.0, '2026-01': -184.0, '2026-02': -93.0}"
i5.0_w3_p0.382_s8.0_t24.0_htf0,5.0,3,0.382,8.0,24.0,0,9628,139.5,34.4,18.0,-11626.0,-168.5,-1.21,14409.0,-301.0,"{'2025-12': -149.0, '2026-01': -301.0, '2026-02': -40.0}"
i5.0_w3_p0.382_s8.0_t24.0_htf30,5.0,3,0.382,8.0,24.0,30,5866,85.0,32.4,18.2,-15322.0,-222.1,-2.61,16123.0,-265.0,"{'2025-12': -265.0, '2026-01': -222.0, '2026-02': -188.0}"
i5.0_w3_p0.382_s8.0_t24.0_htf60,5.0,3,0.382,8.0,24.0,60,6235,90.4,33.0,18.7,-13867.0,-201.0,-2.22,14260.0,-267.0,"{'2025-12': -267.0, '2026-01': -242.0, '2026-02': -105.0}"
i5.0_w3_p0.382_s8.0_t40.0_htf0,5.0,3,0.382,8.0,40.0,0,9075,131.5,31.6,26.1,-3377.0,-48.9,-0.37,9824.0,-157.0,"{'2025-12': -85.0, '2026-01': -157.0, '2026-02': 97.0}"
i5.0_w3_p0.382_s8.0_t40.0_htf30,5.0,3,0.382,8.0,40.0,30,5703,82.7,28.4,25.3,-17542.0,-254.2,-3.08,18534.0,-298.0,"{'2025-12': -298.0, '2026-01': -201.0, '2026-02': -277.0}"
i5.0_w3_p0.382_s8.0_t40.0_htf60,5.0,3,0.382,8.0,40.0,60,6072,88.0,28.8,25.8,-16892.0,-244.8,-2.78,17525.0,-341.0,"{'2025-12': -341.0, '2026-01': -244.0, '2026-02': -169.0}"
i5.0_w3_p0.382_s8.0_t60.0_htf0,5.0,3,0.382,8.0,60.0,0,8705,126.2,31.1,31.5,1104.0,16.0,0.13,8750.0,-99.0,"{'2025-12': -29.0, '2026-01': -99.0, '2026-02': 176.0}"
i5.0_w3_p0.382_s8.0_t60.0_htf30,5.0,3,0.382,8.0,60.0,30,5641,81.8,27.3,28.6,-17714.0,-256.7,-3.14,19188.0,-288.0,"{'2025-12': -288.0, '2026-01': -236.0, '2026-02': -254.0}"
i5.0_w3_p0.382_s8.0_t60.0_htf60,5.0,3,0.382,8.0,60.0,60,6012,87.1,27.6,29.3,-16924.0,-245.3,-2.81,18012.0,-324.0,"{'2025-12': -324.0, '2026-01': -244.0, '2026-02': -185.0}"
i5.0_w3_p0.382_s10.0_t24.0_htf0,5.0,3,0.382,10.0,24.0,0,9415,136.4,37.6,21.3,-13124.0,-190.2,-1.39,15452.0,-298.0,"{'2025-12': -136.0, '2026-01': -298.0, '2026-02': -117.0}"
i5.0_w3_p0.382_s10.0_t24.0_htf30,5.0,3,0.382,10.0,24.0,30,5700,82.6,35.7,22.3,-16605.0,-240.6,-2.91,17343.0,-291.0,"{'2025-12': -291.0, '2026-01': -259.0, '2026-02': -181.0}"
i5.0_w3_p0.382_s10.0_t24.0_htf60,5.0,3,0.382,10.0,24.0,60,6061,87.8,36.5,22.7,-14623.0,-211.9,-2.41,14771.0,-314.0,"{'2025-12': -314.0, '2026-01': -242.0, '2026-02': -98.0}"
i5.0_w3_p0.382_s10.0_t40.0_htf0,5.0,3,0.382,10.0,40.0,0,8808,127.7,34.2,30.1,-6576.0,-95.3,-0.75,10084.0,-169.0,"{'2025-12': -56.0, '2026-01': -169.0, '2026-02': -47.0}"
i5.0_w3_p0.382_s10.0_t40.0_htf30,5.0,3,0.382,10.0,40.0,30,5528,80.1,31.6,30.1,-18150.0,-263.0,-3.28,19250.0,-307.0,"{'2025-12': -307.0, '2026-01': -249.0, '2026-02': -244.0}"
i5.0_w3_p0.382_s10.0_t40.0_htf60,5.0,3,0.382,10.0,40.0,60,5878,85.2,32.1,30.8,-18051.0,-261.6,-3.07,18673.0,-385.0,"{'2025-12': -385.0, '2026-01': -246.0, '2026-02': -181.0}"
i5.0_w3_p0.382_s10.0_t60.0_htf0,5.0,3,0.382,10.0,60.0,0,8384,121.5,33.9,36.5,771.0,11.2,0.09,7319.0,-85.0,"{'2025-12': 29.0, '2026-01': -85.0, '2026-02': 101.0}"
i5.0_w3_p0.382_s10.0_t60.0_htf30,5.0,3,0.382,10.0,60.0,30,5452,79.0,30.3,33.9,-19130.0,-277.3,-3.51,20280.0,-307.0,"{'2025-12': -307.0, '2026-01': -288.0, '2026-02': -242.0}"
i5.0_w3_p0.382_s10.0_t60.0_htf60,5.0,3,0.382,10.0,60.0,60,5805,84.1,30.6,34.7,-19032.0,-275.8,-3.28,19987.0,-376.0,"{'2025-12': -376.0, '2026-01': -248.0, '2026-02': -227.0}"
i5.0_w3_p0.382_s14.0_t24.0_htf0,5.0,3,0.382,14.0,24.0,0,9023,130.8,41.6,27.8,-21393.0,-310.0,-2.37,22808.0,-380.0,"{'2025-12': -242.0, '2026-01': -380.0, '2026-02': -288.0}"
i5.0_w3_p0.382_s14.0_t24.0_htf30,5.0,3,0.382,14.0,24.0,30,5390,78.1,41.2,29.9,-16581.0,-240.3,-3.08,17189.0,-280.0,"{'2025-12': -251.0, '2026-01': -280.0, '2026-02': -189.0}"
i5.0_w3_p0.382_s14.0_t24.0_htf60,5.0,3,0.382,14.0,24.0,60,5741,83.2,42.0,30.0,-13858.0,-200.8,-2.41,14122.0,-288.0,"{'2025-12': -288.0, '2026-01': -263.0, '2026-02': -64.0}"
i5.0_w3_p0.382_s14.0_t40.0_htf0,5.0,3,0.382,14.0,40.0,0,8356,121.1,38.4,37.9,-12947.0,-187.6,-1.55,15355.0,-201.0,"{'2025-12': -169.0, '2026-01': -189.0, '2026-02': -201.0}"
i5.0_w3_p0.382_s14.0_t40.0_htf30,5.0,3,0.382,14.0,40.0,30,5180,75.1,36.6,39.2,-19497.0,-282.6,-3.76,20333.0,-299.0,"{'2025-12': -280.0, '2026-01': -299.0, '2026-02': -267.0}"
i5.0_w3_p0.382_s14.0_t40.0_htf60,5.0,3,0.382,14.0,40.0,60,5516,79.9,37.3,40.0,-17782.0,-257.7,-3.22,18297.0,-363.0,"{'2025-12': -363.0, '2026-01': -269.0, '2026-02': -162.0}"
i5.0_w3_p0.382_s14.0_t60.0_htf0,5.0,3,0.382,14.0,60.0,0,7886,114.3,37.7,44.8,-5420.0,-78.6,-0.69,9509.0,-165.0,"{'2025-12': -71.0, '2026-01': -165.0, '2026-02': 9.0}"
i5.0_w3_p0.382_s14.0_t60.0_htf30,5.0,3,0.382,14.0,60.0,30,5091,73.8,35.1,43.8,-21133.0,-306.3,-4.15,22155.0,-334.0,"{'2025-12': -294.0, '2026-01': -334.0, '2026-02': -286.0}"
i5.0_w3_p0.382_s14.0_t60.0_htf60,5.0,3,0.382,14.0,60.0,60,5429,78.7,35.5,44.6,-19929.0,-288.8,-3.67,20706.0,-396.0,"{'2025-12': -396.0, '2026-01': -274.0, '2026-02': -220.0}"
i5.0_w3_p0.5_s5.0_t24.0_htf0,5.0,3,0.5,5.0,24.0,0,9391,136.1,26.6,11.8,-13732.0,-199.0,-1.46,16598.0,-261.0,"{'2025-12': -158.0, '2026-01': -261.0, '2026-02': -164.0}"
i5.0_w3_p0.5_s5.0_t24.0_htf30,5.0,3,0.5,5.0,24.0,30,5608,81.3,23.6,11.1,-17368.0,-251.7,-3.1,18211.0,-302.0,"{'2025-12': -212.0, '2026-01': -302.0, '2026-02': -229.0}"
i5.0_w3_p0.5_s5.0_t24.0_htf60,5.0,3,0.5,5.0,24.0,60,5910,85.7,24.2,11.4,-16392.0,-237.6,-2.77,17369.0,-259.0,"{'2025-12': -209.0, '2026-01': -259.0, '2026-02': -237.0}"
i5.0_w3_p0.5_s5.0_t40.0_htf0,5.0,3,0.5,5.0,40.0,0,8996,130.4,24.1,17.8,-6555.0,-95.0,-0.73,10738.0,-151.0,"{'2025-12': -47.0, '2026-01': -151.0, '2026-02': -72.0}"
i5.0_w3_p0.5_s5.0_t40.0_htf30,5.0,3,0.5,5.0,40.0,30,5498,79.7,20.4,16.0,-19046.0,-276.0,-3.46,19871.0,-298.0,"{'2025-12': -271.0, '2026-01': -298.0, '2026-02': -256.0}"
i5.0_w3_p0.5_s5.0_t40.0_htf60,5.0,3,0.5,5.0,40.0,60,5800,84.1,20.9,16.6,-17508.0,-253.7,-3.02,18358.0,-289.0,"{'2025-12': -289.0, '2026-01': -249.0, '2026-02': -231.0}"
i5.0_w3_p0.5_s5.0_t60.0_htf0,5.0,3,0.5,5.0,60.0,0,8738,126.6,23.6,21.7,-1527.0,-22.1,-0.17,7440.0,-80.0,"{'2025-12': 77.0, '2026-01': -80.0, '2026-02': -38.0}"
i5.0_w3_p0.5_s5.0_t60.0_htf30,5.0,3,0.5,5.0,60.0,30,5459,79.1,19.6,18.5,-18634.0,-270.1,-3.41,19846.0,-306.0,"{'2025-12': -257.0, '2026-01': -306.0, '2026-02': -242.0}"
i5.0_w3_p0.5_s5.0_t60.0_htf60,5.0,3,0.5,5.0,60.0,60,5762,83.5,19.9,19.2,-18085.0,-262.1,-3.14,19402.0,-288.0,"{'2025-12': -288.0, '2026-01': -233.0, '2026-02': -274.0}"
i5.0_w3_p0.5_s8.0_t24.0_htf0,5.0,3,0.5,8.0,24.0,0,8984,130.2,33.9,17.9,-13869.0,-201.0,-1.54,15978.0,-224.0,"{'2025-12': -202.0, '2026-01': -224.0, '2026-02': -175.0}"
i5.0_w3_p0.5_s8.0_t24.0_htf30,5.0,3,0.5,8.0,24.0,30,5372,77.9,31.7,18.5,-16435.0,-238.2,-3.06,17429.0,-268.0,"{'2025-12': -226.0, '2026-01': -268.0, '2026-02': -216.0}"
i5.0_w3_p0.5_s8.0_t24.0_htf60,5.0,3,0.5,8.0,24.0,60,5662,82.1,32.1,18.3,-15788.0,-228.8,-2.79,16763.0,-249.0,"{'2025-12': -249.0, '2026-01': -238.0, '2026-02': -203.0}"
i5.0_w3_p0.5_s8.0_t40.0_htf0,5.0,3,0.5,8.0,40.0,0,8496,123.1,31.3,25.9,-5822.0,-84.4,-0.69,10001.0,-120.0,"{'2025-12': -65.0, '2026-01': -120.0, '2026-02': -62.0}"
i5.0_w3_p0.5_s8.0_t40.0_htf30,5.0,3,0.5,8.0,40.0,30,5230,75.8,27.9,25.3,-18860.0,-273.3,-3.61,19888.0,-283.0,"{'2025-12': -281.0, '2026-01': -283.0, '2026-02': -257.0}"
i5.0_w3_p0.5_s8.0_t40.0_htf60,5.0,3,0.5,8.0,40.0,60,5514,79.9,28.2,25.5,-18435.0,-267.2,-3.34,19385.0,-329.0,"{'2025-12': -329.0, '2026-01': -263.0, '2026-02': -222.0}"
i5.0_w3_p0.5_s8.0_t60.0_htf0,5.0,3,0.5,8.0,60.0,0,8175,118.5,30.7,31.1,-498.0,-7.2,-0.06,6786.0,-68.0,"{'2025-12': 64.0, '2026-01': -68.0, '2026-02': 2.0}"
i5.0_w3_p0.5_s8.0_t60.0_htf30,5.0,3,0.5,8.0,60.0,30,5181,75.1,26.7,28.5,-19638.0,-284.6,-3.79,21117.0,-294.0,"{'2025-12': -267.0, '2026-01': -294.0, '2026-02': -288.0}"
i5.0_w3_p0.5_s8.0_t60.0_htf60,5.0,3,0.5,8.0,60.0,60,5464,79.2,26.9,28.8,-18937.0,-274.4,-3.47,20269.0,-319.0,"{'2025-12': -319.0, '2026-01': -248.0, '2026-02': -267.0}"
i5.0_w3_p0.5_s10.0_t24.0_htf0,5.0,3,0.5,10.0,24.0,0,8761,127.0,36.9,21.7,-16872.0,-244.5,-1.93,19088.0,-269.0,"{'2025-12': -221.0, '2026-01': -239.0, '2026-02': -269.0}"
i5.0_w3_p0.5_s10.0_t24.0_htf30,5.0,3,0.5,10.0,24.0,30,5206,75.4,35.5,23.0,-16580.0,-240.3,-3.18,18003.0,-266.0,"{'2025-12': -214.0, '2026-01': -266.0, '2026-02': -233.0}"
i5.0_w3_p0.5_s10.0_t24.0_htf60,5.0,3,0.5,10.0,24.0,60,5478,79.4,36.0,23.0,-15111.0,-219.0,-2.76,16141.0,-272.0,"{'2025-12': -272.0, '2026-01': -207.0, '2026-02': -191.0}"
i5.0_w3_p0.5_s10.0_t40.0_htf0,5.0,3,0.5,10.0,40.0,0,8209,119.0,33.8,30.6,-10280.0,-149.0,-1.25,14313.0,-172.0,"{'2025-12': -110.0, '2026-01': -157.0, '2026-02': -172.0}"
i5.0_w3_p0.5_s10.0_t40.0_htf30,5.0,3,0.5,10.0,40.0,30,5051,73.2,31.5,30.5,-18651.0,-270.3,-3.69,20331.0,-277.0,"{'2025-12': -263.0, '2026-01': -270.0, '2026-02': -277.0}"
i5.0_w3_p0.5_s10.0_t40.0_htf60,5.0,3,0.5,10.0,40.0,60,5312,77.0,31.7,30.9,-18071.0,-261.9,-3.4,19244.0,-348.0,"{'2025-12': -348.0, '2026-01': -239.0, '2026-02': -218.0}"
i5.0_w3_p0.5_s10.0_t60.0_htf0,5.0,3,0.5,10.0,60.0,0,7882,114.2,33.1,36.1,-5540.0,-80.3,-0.7,10831.0,-143.0,"{'2025-12': 5.0, '2026-01': -85.0, '2026-02': -143.0}"
i5.0_w3_p0.5_s10.0_t60.0_htf30,5.0,3,0.5,10.0,60.0,30,4998,72.4,30.1,34.1,-19627.0,-284.4,-3.93,21665.0,-317.0,"{'2025-12': -254.0, '2026-01': -277.0, '2026-02': -317.0}"
i5.0_w3_p0.5_s10.0_t60.0_htf60,5.0,3,0.5,10.0,60.0,60,5260,76.2,30.4,34.7,-18236.0,-264.3,-3.47,19884.0,-336.0,"{'2025-12': -336.0, '2026-01': -221.0, '2026-02': -254.0}"
i5.0_w3_p0.5_s14.0_t24.0_htf0,5.0,3,0.5,14.0,24.0,0,8359,121.1,41.4,28.0,-22273.0,-322.8,-2.66,23982.0,-406.0,"{'2025-12': -260.0, '2026-01': -292.0, '2026-02': -406.0}"
i5.0_w3_p0.5_s14.0_t24.0_htf30,5.0,3,0.5,14.0,24.0,30,4973,72.1,41.0,30.7,-15819.0,-229.3,-3.18,17197.0,-287.0,"{'2025-12': -194.0, '2026-01': -287.0, '2026-02': -194.0}"
i5.0_w3_p0.5_s14.0_t24.0_htf60,5.0,3,0.5,14.0,24.0,60,5230,75.8,41.6,30.7,-13495.0,-195.6,-2.58,14868.0,-291.0,"{'2025-12': -291.0, '2026-01': -183.0, '2026-02': -133.0}"
i5.0_w3_p0.5_s14.0_t40.0_htf0,5.0,3,0.5,14.0,40.0,0,7775,112.7,38.5,38.7,-12384.0,-179.5,-1.59,16299.0,-261.0,"{'2025-12': -99.0, '2026-01': -163.0, '2026-02': -261.0}"
i5.0_w3_p0.5_s14.0_t40.0_htf30,5.0,3,0.5,14.0,40.0,30,4774,69.2,36.6,39.9,-19045.0,-276.0,-3.99,20704.0,-292.0,"{'2025-12': -237.0, '2026-01': -292.0, '2026-02': -290.0}"
i5.0_w3_p0.5_s14.0_t40.0_htf60,5.0,3,0.5,14.0,40.0,60,5028,72.9,36.8,40.5,-17817.0,-258.2,-3.54,19263.0,-364.0,"{'2025-12': -364.0, '2026-01': -239.0, '2026-02': -195.0}"
i5.0_w3_p0.5_s14.0_t60.0_htf0,5.0,3,0.5,14.0,60.0,0,7404,107.3,37.5,45.2,-7038.0,-102.0,-0.95,12035.0,-138.0,"{'2025-12': -31.0, '2026-01': -121.0, '2026-02': -138.0}"
i5.0_w3_p0.5_s14.0_t60.0_htf30,5.0,3,0.5,14.0,60.0,30,4709,68.2,35.1,44.4,-20320.0,-294.5,-4.32,22388.0,-327.0,"{'2025-12': -230.0, '2026-01': -312.0, '2026-02': -327.0}"
i5.0_w3_p0.5_s14.0_t60.0_htf60,5.0,3,0.5,14.0,60.0,60,4957,71.8,35.2,45.1,-18415.0,-266.9,-3.71,20354.0,-345.0,"{'2025-12': -345.0, '2026-01': -213.0, '2026-02': -264.0}"
i5.0_w3_p0.618_s5.0_t24.0_htf0,5.0,3,0.618,5.0,24.0,0,8658,125.5,25.5,11.6,-17469.0,-253.2,-2.02,19878.0,-305.0,"{'2025-12': -213.0, '2026-01': -305.0, '2026-02': -229.0}"
i5.0_w3_p0.618_s5.0_t24.0_htf30,5.0,3,0.618,5.0,24.0,30,4938,71.6,22.2,11.1,-19236.0,-278.8,-3.9,20077.0,-293.0,"{'2025-12': -249.0, '2026-01': -293.0, '2026-02': -287.0}"
i5.0_w3_p0.618_s5.0_t24.0_htf60,5.0,3,0.618,5.0,24.0,60,5239,75.9,23.6,11.2,-16185.0,-234.6,-3.09,17080.0,-260.0,"{'2025-12': -204.0, '2026-01': -260.0, '2026-02': -232.0}"
i5.0_w3_p0.618_s5.0_t40.0_htf0,5.0,3,0.618,5.0,40.0,0,8343,120.9,22.6,17.1,-14219.0,-206.1,-1.7,17682.0,-266.0,"{'2025-12': -110.0, '2026-01': -266.0, '2026-02': -217.0}"
i5.0_w3_p0.618_s5.0_t40.0_htf30,5.0,3,0.618,5.0,40.0,30,4843,70.2,18.9,15.5,-21387.0,-310.0,-4.42,22110.0,-368.0,"{'2025-12': -283.0, '2026-01': -277.0, '2026-02': -368.0}"
i5.0_w3_p0.618_s5.0_t40.0_htf60,5.0,3,0.618,5.0,40.0,60,5137,74.4,20.3,16.3,-18093.0,-262.2,-3.52,19044.0,-313.0,"{'2025-12': -259.0, '2026-01': -218.0, '2026-02': -313.0}"
i5.0_w3_p0.618_s5.0_t60.0_htf0,5.0,3,0.618,5.0,60.0,0,8158,118.2,21.9,20.5,-11806.0,-171.1,-1.45,16875.0,-246.0,"{'2025-12': -3.0, '2026-01': -246.0, '2026-02': -222.0}"
i5.0_w3_p0.618_s5.0_t60.0_htf30,5.0,3,0.618,5.0,60.0,30,4823,69.9,18.2,17.6,-20369.0,-295.2,-4.22,21354.0,-358.0,"{'2025-12': -244.0, '2026-01': -275.0, '2026-02': -358.0}"
i5.0_w3_p0.618_s5.0_t60.0_htf60,5.0,3,0.618,5.0,60.0,60,5104,74.0,19.5,18.6,-17551.0,-254.4,-3.44,18826.0,-310.0,"{'2025-12': -245.0, '2026-01': -210.0, '2026-02': -310.0}"
i5.0_w3_p0.618_s8.0_t24.0_htf0,5.0,3,0.618,8.0,24.0,0,8210,119.0,33.4,18.0,-16327.0,-236.6,-1.99,18407.0,-264.0,"{'2025-12': -223.0, '2026-01': -222.0, '2026-02': -264.0}"
i5.0_w3_p0.618_s8.0_t24.0_htf30,5.0,3,0.618,8.0,24.0,30,4722,68.4,30.7,18.0,-16841.0,-244.1,-3.57,17854.0,-269.0,"{'2025-12': -208.0, '2026-01': -269.0, '2026-02': -246.0}"
i5.0_w3_p0.618_s8.0_t24.0_htf60,5.0,3,0.618,8.0,24.0,60,5003,72.5,31.7,18.2,-15097.0,-218.8,-3.02,15678.0,-234.0,"{'2025-12': -218.0, '2026-01': -234.0, '2026-02': -203.0}"
i5.0_w3_p0.618_s8.0_t40.0_htf0,5.0,3,0.618,8.0,40.0,0,7791,112.9,30.7,26.0,-9151.0,-132.6,-1.17,12917.0,-182.0,"{'2025-12': -65.0, '2026-01': -182.0, '2026-02': -133.0}"
i5.0_w3_p0.618_s8.0_t40.0_htf30,5.0,3,0.618,8.0,40.0,30,4610,66.8,26.9,24.8,-19200.0,-278.3,-4.16,20200.0,-325.0,"{'2025-12': -238.0, '2026-01': -265.0, '2026-02': -325.0}"
i5.0_w3_p0.618_s8.0_t40.0_htf60,5.0,3,0.618,8.0,40.0,60,4887,70.8,28.1,25.4,-17148.0,-248.5,-3.51,17732.0,-291.0,"{'2025-12': -268.0, '2026-01': -196.0, '2026-02': -291.0}"
i5.0_w3_p0.618_s8.0_t60.0_htf0,5.0,3,0.618,8.0,60.0,0,7561,109.6,29.8,30.5,-7168.0,-103.9,-0.95,11739.0,-160.0,"{'2025-12': -2.0, '2026-01': -160.0, '2026-02': -125.0}"
i5.0_w3_p0.618_s8.0_t60.0_htf30,5.0,3,0.618,8.0,60.0,30,4560,66.1,26.0,28.0,-19002.0,-275.4,-4.17,20121.0,-347.0,"{'2025-12': -224.0, '2026-01': -246.0, '2026-02': -347.0}"
i5.0_w3_p0.618_s8.0_t60.0_htf60,5.0,3,0.618,8.0,60.0,60,4830,70.0,26.9,28.7,-17682.0,-256.3,-3.66,18590.0,-315.0,"{'2025-12': -279.0, '2026-01': -185.0, '2026-02': -315.0}"
i5.0_w3_p0.618_s10.0_t24.0_htf0,5.0,3,0.618,10.0,24.0,0,7959,115.3,37.3,21.7,-15015.0,-217.6,-1.89,16715.0,-264.0,"{'2025-12': -264.0, '2026-01': -148.0, '2026-02': -256.0}"
i5.0_w3_p0.618_s10.0_t24.0_htf30,5.0,3,0.618,10.0,24.0,30,4596,66.6,34.8,22.1,-16210.0,-234.9,-3.53,17259.0,-237.0,"{'2025-12': -231.0, '2026-01': -237.0, '2026-02': -236.0}"
i5.0_w3_p0.618_s10.0_t24.0_htf60,5.0,3,0.618,10.0,24.0,60,4875,70.7,35.8,22.8,-13843.0,-200.6,-2.84,14429.0,-240.0,"{'2025-12': -240.0, '2026-01': -180.0, '2026-02': -191.0}"
i5.0_w3_p0.618_s10.0_t40.0_htf0,5.0,3,0.618,10.0,40.0,0,7498,108.7,34.1,31.0,-9089.0,-131.7,-1.21,12621.0,-192.0,"{'2025-12': -83.0, '2026-01': -111.0, '2026-02': -192.0}"
i5.0_w3_p0.618_s10.0_t40.0_htf30,5.0,3,0.618,10.0,40.0,30,4469,64.8,30.7,29.9,-18857.0,-273.3,-4.22,19966.0,-333.0,"{'2025-12': -253.0, '2026-01': -233.0, '2026-02': -333.0}"
i5.0_w3_p0.618_s10.0_t40.0_htf60,5.0,3,0.618,10.0,40.0,60,4740,68.7,31.9,31.1,-16263.0,-235.7,-3.43,16964.0,-295.0,"{'2025-12': -292.0, '2026-01': -140.0, '2026-02': -295.0}"
i5.0_w3_p0.618_s10.0_t60.0_htf0,5.0,3,0.618,10.0,60.0,0,7235,104.9,33.6,36.5,-5267.0,-76.3,-0.73,9574.0,-158.0,"{'2025-12': -2.0, '2026-01': -56.0, '2026-02': -158.0}"
i5.0_w3_p0.618_s10.0_t60.0_htf30,5.0,3,0.618,10.0,60.0,30,4418,64.0,29.7,33.7,-19006.0,-275.5,-4.3,20264.0,-354.0,"{'2025-12': -245.0, '2026-01': -225.0, '2026-02': -354.0}"
i5.0_w3_p0.618_s10.0_t60.0_htf60,5.0,3,0.618,10.0,60.0,60,4682,67.9,30.8,35.0,-15910.0,-230.6,-3.4,17031.0,-306.0,"{'2025-12': -283.0, '2026-01': -122.0, '2026-02': -306.0}"
i5.0_w3_p0.618_s14.0_t24.0_htf0,5.0,3,0.618,14.0,24.0,0,7565,109.6,43.4,28.8,-9279.0,-134.5,-1.23,11816.0,-161.0,"{'2025-12': -161.0, '2026-01': -91.0, '2026-02': -161.0}"
i5.0_w3_p0.618_s14.0_t24.0_htf30,5.0,3,0.618,14.0,24.0,30,4370,63.3,41.0,30.0,-14536.0,-210.7,-3.33,15630.0,-215.0,"{'2025-12': -205.0, '2026-01': -215.0, '2026-02': -211.0}"
i5.0_w3_p0.618_s14.0_t24.0_htf60,5.0,3,0.618,14.0,24.0,60,4642,67.3,41.3,30.4,-13429.0,-194.6,-2.89,14114.0,-240.0,"{'2025-12': -240.0, '2026-01': -190.0, '2026-02': -164.0}"
i5.0_w3_p0.618_s14.0_t40.0_htf0,5.0,3,0.618,14.0,40.0,0,7021,101.8,39.2,40.0,-6662.0,-96.5,-0.95,11505.0,-181.0,"{'2025-12': 45.0, '2026-01': -122.0, '2026-02': -181.0}"
i5.0_w3_p0.618_s14.0_t40.0_htf30,5.0,3,0.618,14.0,40.0,30,4220,61.2,36.9,39.8,-16508.0,-239.2,-3.91,17993.0,-304.0,"{'2025-12': -201.0, '2026-01': -208.0, '2026-02': -304.0}"
i5.0_w3_p0.618_s14.0_t40.0_htf60,5.0,3,0.618,14.0,40.0,60,4485,65.0,37.0,40.7,-16055.0,-232.7,-3.58,17012.0,-279.0,"{'2025-12': -279.0, '2026-01': -159.0, '2026-02': -276.0}"
i5.0_w3_p0.618_s14.0_t60.0_htf0,5.0,3,0.618,14.0,60.0,0,6764,98.0,37.9,45.9,-6272.0,-90.9,-0.93,11859.0,-182.0,"{'2025-12': 42.0, '2026-01': -103.0, '2026-02': -182.0}"
i5.0_w3_p0.618_s14.0_t60.0_htf30,5.0,3,0.618,14.0,60.0,30,4168,60.4,35.5,44.3,-17210.0,-249.4,-4.13,18890.0,-349.0,"{'2025-12': -201.0, '2026-01': -193.0, '2026-02': -349.0}"
i5.0_w3_p0.618_s14.0_t60.0_htf60,5.0,3,0.618,14.0,60.0,60,4428,64.2,35.6,45.0,-16809.0,-243.6,-3.8,18129.0,-319.0,"{'2025-12': -287.0, '2026-01': -142.0, '2026-02': -319.0}"
i5.0_w4_p0.118_s5.0_t24.0_htf0,5.0,4,0.118,5.0,24.0,0,11016,159.7,33.5,13.0,26935.0,390.4,2.45,2699.0,110.0,"{'2025-12': 362.0, '2026-01': 110.0, '2026-02': 717.0}"
i5.0_w4_p0.118_s5.0_t24.0_htf30,5.0,4,0.118,5.0,24.0,30,6906,100.1,32.5,14.0,10531.0,152.6,1.52,4010.0,-20.0,"{'2025-12': -20.0, '2026-01': 6.0, '2026-02': 449.0}"
i5.0_w4_p0.118_s5.0_t24.0_htf60,5.0,4,0.118,5.0,24.0,60,7362,106.7,32.7,13.8,12001.0,173.9,1.63,3754.0,-15.0,"{'2025-12': -2.0, '2026-01': -15.0, '2026-02': 518.0}"
i5.0_w4_p0.118_s5.0_t40.0_htf0,5.0,4,0.118,5.0,40.0,0,10461,151.6,29.4,20.1,31320.0,453.9,2.99,2202.0,207.0,"{'2025-12': 432.0, '2026-01': 207.0, '2026-02': 739.0}"
i5.0_w4_p0.118_s5.0_t40.0_htf30,5.0,4,0.118,5.0,40.0,30,6719,97.4,27.6,20.6,7056.0,102.3,1.05,4990.0,-52.0,"{'2025-12': -52.0, '2026-01': -16.0, '2026-02': 353.0}"
i5.0_w4_p0.118_s5.0_t40.0_htf60,5.0,4,0.118,5.0,40.0,60,7171,103.9,27.5,20.4,7476.0,108.3,1.04,5925.0,-71.0,"{'2025-12': -71.0, '2026-01': -54.0, '2026-02': 427.0}"
i5.0_w4_p0.118_s5.0_t60.0_htf0,5.0,4,0.118,5.0,60.0,0,10038,145.5,28.6,25.2,34850.0,505.1,3.47,2168.0,203.0,"{'2025-12': 514.0, '2026-01': 203.0, '2026-02': 825.0}"
i5.0_w4_p0.118_s5.0_t60.0_htf30,5.0,4,0.118,5.0,60.0,30,6643,96.3,26.1,24.2,5758.0,83.4,0.87,5856.0,-61.0,"{'2025-12': -61.0, '2026-01': -45.0, '2026-02': 337.0}"
i5.0_w4_p0.118_s5.0_t60.0_htf60,5.0,4,0.118,5.0,60.0,60,7084,102.7,26.0,24.0,5848.0,84.8,0.83,5907.0,-78.0,"{'2025-12': -78.0, '2026-01': -54.0, '2026-02': 363.0}"
i5.0_w4_p0.118_s8.0_t24.0_htf0,5.0,4,0.118,8.0,24.0,0,10676,154.7,38.0,17.6,13045.0,189.1,1.22,4699.0,-6.0,"{'2025-12': 55.0, '2026-01': -6.0, '2026-02': 507.0}"
i5.0_w4_p0.118_s8.0_t24.0_htf30,5.0,4,0.118,8.0,24.0,30,6572,95.2,38.4,19.5,7037.0,102.0,1.07,5412.0,-76.0,"{'2025-12': -76.0, '2026-01': -36.0, '2026-02': 392.0}"
i5.0_w4_p0.118_s8.0_t24.0_htf60,5.0,4,0.118,8.0,24.0,60,7010,101.6,38.6,19.3,8441.0,122.3,1.2,6110.0,-90.0,"{'2025-12': -90.0, '2026-01': -53.0, '2026-02': 481.0}"
i5.0_w4_p0.118_s8.0_t40.0_htf0,5.0,4,0.118,8.0,40.0,0,10094,146.3,33.6,25.8,16354.0,237.0,1.62,3564.0,47.0,"{'2025-12': 47.0, '2026-01': 102.0, '2026-02': 533.0}"
i5.0_w4_p0.118_s8.0_t40.0_htf30,5.0,4,0.118,8.0,40.0,30,6336,91.8,33.2,27.8,2075.0,30.1,0.33,7624.0,-121.0,"{'2025-12': -121.0, '2026-01': -93.0, '2026-02': 283.0}"
i5.0_w4_p0.118_s8.0_t40.0_htf60,5.0,4,0.118,8.0,40.0,60,6775,98.2,32.9,27.4,1401.0,20.3,0.21,9117.0,-188.0,"{'2025-12': -188.0, '2026-01': -119.0, '2026-02': 337.0}"
i5.0_w4_p0.118_s8.0_t60.0_htf0,5.0,4,0.118,8.0,60.0,0,9666,140.1,32.4,31.4,20246.0,293.4,2.09,3271.0,49.0,"{'2025-12': 140.0, '2026-01': 49.0, '2026-02': 680.0}"
i5.0_w4_p0.118_s8.0_t60.0_htf30,5.0,4,0.118,8.0,60.0,30,6234,90.3,31.4,31.7,-1230.0,-17.8,-0.2,9444.0,-143.0,"{'2025-12': -143.0, '2026-01': -137.0, '2026-02': 211.0}"
i5.0_w4_p0.118_s8.0_t60.0_htf60,5.0,4,0.118,8.0,60.0,60,6660,96.5,31.1,31.4,-1639.0,-23.7,-0.25,9845.0,-196.0,"{'2025-12': -196.0, '2026-01': -151.0, '2026-02': 250.0}"
i5.0_w4_p0.118_s10.0_t24.0_htf0,5.0,4,0.118,10.0,24.0,0,10452,151.5,41.1,20.9,9748.0,141.3,0.93,4649.0,-55.0,"{'2025-12': 8.0, '2026-01': -55.0, '2026-02': 459.0}"
i5.0_w4_p0.118_s10.0_t24.0_htf30,5.0,4,0.118,10.0,24.0,30,6400,92.8,41.3,23.1,3654.0,53.0,0.57,6543.0,-95.0,"{'2025-12': -95.0, '2026-01': -91.0, '2026-02': 326.0}"
i5.0_w4_p0.118_s10.0_t24.0_htf60,5.0,4,0.118,10.0,24.0,60,6796,98.5,41.7,22.7,7137.0,103.4,1.05,6897.0,-94.0,"{'2025-12': -78.0, '2026-01': -94.0, '2026-02': 461.0}"
i5.0_w4_p0.118_s10.0_t40.0_htf0,5.0,4,0.118,10.0,40.0,0,9850,142.8,36.2,29.6,12308.0,178.4,1.25,3602.0,-29.0,"{'2025-12': -29.0, '2026-01': 75.0, '2026-02': 454.0}"
i5.0_w4_p0.118_s10.0_t40.0_htf30,5.0,4,0.118,10.0,40.0,30,6145,89.1,35.8,32.2,-1754.0,-25.4,-0.29,9017.0,-153.0,"{'2025-12': -153.0, '2026-01': -149.0, '2026-02': 209.0}"
i5.0_w4_p0.118_s10.0_t40.0_htf60,5.0,4,0.118,10.0,40.0,60,6534,94.7,35.4,31.7,-1772.0,-25.7,-0.27,10195.0,-206.0,"{'2025-12': -206.0, '2026-01': -164.0, '2026-02': 267.0}"
i5.0_w4_p0.118_s10.0_t60.0_htf0,5.0,4,0.118,10.0,60.0,0,9409,136.4,34.7,35.5,12520.0,181.4,1.33,5774.0,-52.0,"{'2025-12': 29.0, '2026-01': -52.0, '2026-02': 555.0}"
i5.0_w4_p0.118_s10.0_t60.0_htf30,5.0,4,0.118,10.0,60.0,30,6024,87.3,33.8,36.5,-6180.0,-89.6,-1.03,10917.0,-197.0,"{'2025-12': -178.0, '2026-01': -197.0, '2026-02': 97.0}"
i5.0_w4_p0.118_s10.0_t60.0_htf60,5.0,4,0.118,10.0,60.0,60,6403,92.8,33.5,36.1,-5628.0,-81.6,-0.88,11641.0,-231.0,"{'2025-12': -231.0, '2026-01': -205.0, '2026-02': 170.0}"
i5.0_w4_p0.118_s14.0_t24.0_htf0,5.0,4,0.118,14.0,24.0,0,10058,145.8,44.4,26.0,-3223.0,-46.7,-0.32,8004.0,-178.0,"{'2025-12': -178.0, '2026-01': -151.0, '2026-02': 170.0}"
i5.0_w4_p0.118_s14.0_t24.0_htf30,5.0,4,0.118,14.0,24.0,30,6037,87.5,46.3,30.3,3627.0,52.6,0.6,5908.0,-102.0,"{'2025-12': -102.0, '2026-01': -80.0, '2026-02': 319.0}"
i5.0_w4_p0.118_s14.0_t24.0_htf60,5.0,4,0.118,14.0,24.0,60,6405,92.8,46.8,29.8,6716.0,97.3,1.05,6805.0,-102.0,"{'2025-12': -102.0, '2026-01': -72.0, '2026-02': 439.0}"
i5.0_w4_p0.118_s14.0_t40.0_htf0,5.0,4,0.118,14.0,40.0,0,9412,136.4,39.4,36.2,-1840.0,-26.7,-0.2,7397.0,-239.0,"{'2025-12': -239.0, '2026-01': -26.0, '2026-02': 141.0}"
i5.0_w4_p0.118_s14.0_t40.0_htf30,5.0,4,0.118,14.0,40.0,30,5742,83.2,40.6,41.0,-2011.0,-29.1,-0.35,7929.0,-174.0,"{'2025-12': -174.0, '2026-01': -113.0, '2026-02': 176.0}"
i5.0_w4_p0.118_s14.0_t40.0_htf60,5.0,4,0.118,14.0,40.0,60,6104,88.5,40.3,40.3,-2317.0,-33.6,-0.38,9415.0,-242.0,"{'2025-12': -242.0, '2026-01': -120.0, '2026-02': 226.0}"
i5.0_w4_p0.118_s14.0_t60.0_htf0,5.0,4,0.118,14.0,60.0,0,8967,130.0,37.6,42.8,-3561.0,-51.6,-0.4,9930.0,-208.0,"{'2025-12': -208.0, '2026-01': -116.0, '2026-02': 142.0}"
i5.0_w4_p0.118_s14.0_t60.0_htf30,5.0,4,0.118,14.0,60.0,30,5610,81.3,38.6,46.3,-6866.0,-99.5,-1.22,9706.0,-189.0,"{'2025-12': -189.0, '2026-01': -145.0, '2026-02': 20.0}"
i5.0_w4_p0.118_s14.0_t60.0_htf60,5.0,4,0.118,14.0,60.0,60,5962,86.4,38.0,45.5,-7828.0,-113.5,-1.31,10819.0,-295.0,"{'2025-12': -295.0, '2026-01': -142.0, '2026-02': 61.0}"
i5.0_w4_p0.236_s5.0_t24.0_htf0,5.0,4,0.236,5.0,24.0,0,10626,154.0,29.9,12.8,3490.0,50.6,0.33,8949.0,-181.0,"{'2025-12': 36.0, '2026-01': -181.0, '2026-02': 313.0}"
i5.0_w4_p0.236_s5.0_t24.0_htf30,5.0,4,0.236,5.0,24.0,30,6650,96.4,27.6,13.0,-7929.0,-114.9,-1.19,9672.0,-187.0,"{'2025-12': -165.0, '2026-01': -187.0, '2026-02': 3.0}"
i5.0_w4_p0.236_s5.0_t24.0_htf60,5.0,4,0.236,5.0,24.0,60,7035,102.0,28.1,13.0,-5985.0,-86.7,-0.85,9239.0,-189.0,"{'2025-12': -189.0, '2026-01': -178.0, '2026-02': 93.0}"
i5.0_w4_p0.236_s5.0_t40.0_htf0,5.0,4,0.236,5.0,40.0,0,10153,147.1,26.8,19.3,11042.0,160.0,1.09,6910.0,-103.0,"{'2025-12': 232.0, '2026-01': -103.0, '2026-02': 388.0}"
i5.0_w4_p0.236_s5.0_t40.0_htf30,5.0,4,0.236,5.0,40.0,30,6535,94.7,23.7,18.9,-10539.0,-152.7,-1.61,12425.0,-210.0,"{'2025-12': -210.0, '2026-01': -205.0, '2026-02': -51.0}"
i5.0_w4_p0.236_s5.0_t40.0_htf60,5.0,4,0.236,5.0,40.0,60,6911,100.2,23.9,18.9,-8893.0,-128.9,-1.29,10949.0,-247.0,"{'2025-12': -247.0, '2026-01': -181.0, '2026-02': 21.0}"
i5.0_w4_p0.236_s5.0_t60.0_htf0,5.0,4,0.236,5.0,60.0,0,9830,142.5,26.2,23.7,15568.0,225.6,1.58,3521.0,18.0,"{'2025-12': 267.0, '2026-01': 18.0, '2026-02': 418.0}"
i5.0_w4_p0.236_s5.0_t60.0_htf30,5.0,4,0.236,5.0,60.0,30,6471,93.8,22.9,21.7,-10310.0,-149.4,-1.59,12524.0,-202.0,"{'2025-12': -194.0, '2026-01': -202.0, '2026-02': -57.0}"
i5.0_w4_p0.236_s5.0_t60.0_htf60,5.0,4,0.236,5.0,60.0,60,6859,99.4,22.9,21.9,-9503.0,-137.7,-1.39,11626.0,-243.0,"{'2025-12': -243.0, '2026-01': -180.0, '2026-02': -9.0}"
i5.0_w4_p0.236_s8.0_t24.0_htf0,5.0,4,0.236,8.0,24.0,0,10328,149.7,35.5,18.1,-4489.0,-65.1,-0.43,11870.0,-267.0,"{'2025-12': -138.0, '2026-01': -267.0, '2026-02': 211.0}"
i5.0_w4_p0.236_s8.0_t24.0_htf30,5.0,4,0.236,8.0,24.0,30,6329,91.7,34.4,19.2,-8682.0,-125.8,-1.37,10342.0,-193.0,"{'2025-12': -193.0, '2026-01': -190.0, '2026-02': -4.0}"
i5.0_w4_p0.236_s8.0_t24.0_htf60,5.0,4,0.236,8.0,24.0,60,6650,96.4,35.3,19.3,-6481.0,-93.9,-0.97,10121.0,-238.0,"{'2025-12': -238.0, '2026-01': -184.0, '2026-02': 118.0}"
i5.0_w4_p0.236_s8.0_t40.0_htf0,5.0,4,0.236,8.0,40.0,0,9767,141.6,31.6,25.8,609.0,8.8,0.06,9509.0,-210.0,"{'2025-12': -38.0, '2026-01': -210.0, '2026-02': 283.0}"
i5.0_w4_p0.236_s8.0_t40.0_htf30,5.0,4,0.236,8.0,40.0,30,6156,89.2,29.8,26.5,-12465.0,-180.6,-2.02,13995.0,-261.0,"{'2025-12': -261.0, '2026-01': -220.0, '2026-02': -74.0}"
i5.0_w4_p0.236_s8.0_t40.0_htf60,5.0,4,0.236,8.0,40.0,60,6470,93.8,30.6,26.8,-10628.0,-154.0,-1.64,12410.0,-330.0,"{'2025-12': -330.0, '2026-01': -191.0, '2026-02': 26.0}"
i5.0_w4_p0.236_s8.0_t60.0_htf0,5.0,4,0.236,8.0,60.0,0,9402,136.3,30.9,31.2,2648.0,38.4,0.28,8834.0,-182.0,"{'2025-12': 46.0, '2026-01': -182.0, '2026-02': 270.0}"
i5.0_w4_p0.236_s8.0_t60.0_htf30,5.0,4,0.236,8.0,60.0,30,6077,88.1,28.6,30.1,-13763.0,-199.5,-2.26,15901.0,-234.0,"{'2025-12': -234.0, '2026-01': -225.0, '2026-02': -144.0}"
i5.0_w4_p0.236_s8.0_t60.0_htf60,5.0,4,0.236,8.0,60.0,60,6402,92.8,29.3,30.5,-11631.0,-168.6,-1.82,13595.0,-307.0,"{'2025-12': -307.0, '2026-01': -203.0, '2026-02': -22.0}"
i5.0_w4_p0.236_s10.0_t24.0_htf0,5.0,4,0.236,10.0,24.0,0,10093,146.3,38.2,21.2,-9955.0,-144.3,-0.99,13264.0,-299.0,"{'2025-12': -203.0, '2026-01': -299.0, '2026-02': 70.0}"
i5.0_w4_p0.236_s10.0_t24.0_htf30,5.0,4,0.236,10.0,24.0,30,6115,88.6,38.1,23.1,-8468.0,-122.7,-1.38,10716.0,-205.0,"{'2025-12': -205.0, '2026-01': -196.0, '2026-02': 22.0}"
i5.0_w4_p0.236_s10.0_t24.0_htf60,5.0,4,0.236,10.0,24.0,60,6417,93.0,38.7,23.3,-7098.0,-102.9,-1.11,10537.0,-250.0,"{'2025-12': -250.0, '2026-01': -195.0, '2026-02': 114.0}"
i5.0_w4_p0.236_s10.0_t40.0_htf0,5.0,4,0.236,10.0,40.0,0,9505,137.8,34.2,29.5,-4685.0,-67.9,-0.49,9984.0,-207.0,"{'2025-12': -91.0, '2026-01': -207.0, '2026-02': 101.0}"
i5.0_w4_p0.236_s10.0_t40.0_htf30,5.0,4,0.236,10.0,40.0,30,5911,85.7,33.5,31.4,-10527.0,-152.6,-1.78,12735.0,-260.0,"{'2025-12': -260.0, '2026-01': -226.0, '2026-02': 11.0}"
i5.0_w4_p0.236_s10.0_t40.0_htf60,5.0,4,0.236,10.0,40.0,60,6206,89.9,33.5,31.8,-12792.0,-185.4,-2.06,14024.0,-344.0,"{'2025-12': -344.0, '2026-01': -207.0, '2026-02': -36.0}"
i5.0_w4_p0.236_s10.0_t60.0_htf0,5.0,4,0.236,10.0,60.0,0,9127,132.3,33.1,35.1,-2542.0,-36.8,-0.28,9683.0,-182.0,"{'2025-12': -14.0, '2026-01': -182.0, '2026-02': 103.0}"
i5.0_w4_p0.236_s10.0_t60.0_htf30,5.0,4,0.236,10.0,60.0,30,5818,84.3,32.0,35.6,-13261.0,-192.2,-2.28,15340.0,-255.0,"{'2025-12': -224.0, '2026-01': -255.0, '2026-02': -99.0}"
i5.0_w4_p0.236_s10.0_t60.0_htf60,5.0,4,0.236,10.0,60.0,60,6133,88.9,32.0,35.6,-13890.0,-201.3,-2.26,15691.0,-310.0,"{'2025-12': -310.0, '2026-01': -228.0, '2026-02': -86.0}"
i5.0_w4_p0.236_s14.0_t24.0_htf0,5.0,4,0.236,14.0,24.0,0,9676,140.2,41.7,27.1,-20949.0,-303.6,-2.17,21803.0,-380.0,"{'2025-12': -379.0, '2026-01': -380.0, '2026-02': -161.0}"
i5.0_w4_p0.236_s14.0_t24.0_htf30,5.0,4,0.236,14.0,24.0,30,5756,83.4,42.8,30.4,-10346.0,-149.9,-1.8,11116.0,-224.0,"{'2025-12': -224.0, '2026-01': -199.0, '2026-02': -38.0}"
i5.0_w4_p0.236_s14.0_t24.0_htf60,5.0,4,0.236,14.0,24.0,60,6070,88.0,44.1,30.4,-6069.0,-88.0,-1.0,9595.0,-231.0,"{'2025-12': -231.0, '2026-01': -169.0, '2026-02': 114.0}"
i5.0_w4_p0.236_s14.0_t40.0_htf0,5.0,4,0.236,14.0,40.0,0,9083,131.6,37.4,36.8,-17258.0,-250.1,-1.9,18762.0,-337.0,"{'2025-12': -244.0, '2026-01': -337.0, '2026-02': -160.0}"
i5.0_w4_p0.236_s14.0_t40.0_htf30,5.0,4,0.236,14.0,40.0,30,5512,79.9,38.0,40.0,-12548.0,-181.9,-2.28,13894.0,-273.0,"{'2025-12': -273.0, '2026-01': -246.0, '2026-02': -40.0}"
i5.0_w4_p0.236_s14.0_t40.0_htf60,5.0,4,0.236,14.0,40.0,60,5810,84.2,38.4,40.5,-12922.0,-187.3,-2.22,13837.0,-311.0,"{'2025-12': -311.0, '2026-01': -230.0, '2026-02': -42.0}"
i5.0_w4_p0.236_s14.0_t60.0_htf0,5.0,4,0.236,14.0,60.0,0,8616,124.9,36.4,43.5,-14386.0,-208.5,-1.67,16854.0,-348.0,"{'2025-12': -167.0, '2026-01': -348.0, '2026-02': -91.0}"
i5.0_w4_p0.236_s14.0_t60.0_htf30,5.0,4,0.236,14.0,60.0,30,5394,78.2,36.2,45.1,-17304.0,-250.8,-3.21,19039.0,-268.0,"{'2025-12': -252.0, '2026-01': -268.0, '2026-02': -232.0}"
i5.0_w4_p0.236_s14.0_t60.0_htf60,5.0,4,0.236,14.0,60.0,60,5718,82.9,36.5,45.2,-16162.0,-234.2,-2.83,17642.0,-326.0,"{'2025-12': -326.0, '2026-01': -236.0, '2026-02': -160.0}"
i5.0_w4_p0.382_s5.0_t24.0_htf0,5.0,4,0.382,5.0,24.0,0,9940,144.1,27.8,12.8,-9250.0,-134.1,-0.93,12093.0,-235.0,"{'2025-12': -61.0, '2026-01': -235.0, '2026-02': -82.0}"
i5.0_w4_p0.382_s5.0_t24.0_htf30,5.0,4,0.382,5.0,24.0,30,5950,86.2,24.8,12.6,-15372.0,-222.8,-2.58,16362.0,-261.0,"{'2025-12': -234.0, '2026-01': -261.0, '2026-02': -172.0}"
i5.0_w4_p0.382_s5.0_t24.0_htf60,5.0,4,0.382,5.0,24.0,60,6400,92.8,25.5,12.5,-13762.0,-199.4,-2.15,14447.0,-214.0,"{'2025-12': -214.0, '2026-01': -208.0, '2026-02': -178.0}"
i5.0_w4_p0.382_s5.0_t40.0_htf0,5.0,4,0.382,5.0,40.0,0,9456,137.0,25.1,18.9,-3214.0,-46.6,-0.34,8386.0,-165.0,"{'2025-12': 41.0, '2026-01': -165.0, '2026-02': 12.0}"
i5.0_w4_p0.382_s5.0_t40.0_htf30,5.0,4,0.382,5.0,40.0,30,5829,84.5,21.5,17.7,-17961.0,-260.3,-3.08,19377.0,-271.0,"{'2025-12': -263.0, '2026-01': -271.0, '2026-02': -246.0}"
i5.0_w4_p0.382_s5.0_t40.0_htf60,5.0,4,0.382,5.0,40.0,60,6262,90.8,22.2,18.2,-15827.0,-229.4,-2.53,16843.0,-267.0,"{'2025-12': -267.0, '2026-01': -216.0, '2026-02': -214.0}"
i5.0_w4_p0.382_s5.0_t60.0_htf0,5.0,4,0.382,5.0,60.0,0,9194,133.2,24.5,22.8,860.0,12.5,0.09,7922.0,-144.0,"{'2025-12': 77.0, '2026-01': -144.0, '2026-02': 131.0}"
i5.0_w4_p0.382_s5.0_t60.0_htf30,5.0,4,0.382,5.0,60.0,30,5791,83.9,20.6,20.1,-17445.0,-252.8,-3.01,19101.0,-284.0,"{'2025-12': -248.0, '2026-01': -284.0, '2026-02': -223.0}"
i5.0_w4_p0.382_s5.0_t60.0_htf60,5.0,4,0.382,5.0,60.0,60,6226,90.2,21.3,20.8,-15070.0,-218.4,-2.42,16420.0,-268.0,"{'2025-12': -268.0, '2026-01': -197.0, '2026-02': -203.0}"
i5.0_w4_p0.382_s8.0_t24.0_htf0,5.0,4,0.382,8.0,24.0,0,9556,138.5,34.1,18.8,-13689.0,-198.4,-1.43,15455.0,-243.0,"{'2025-12': -184.0, '2026-01': -243.0, '2026-02': -162.0}"
i5.0_w4_p0.382_s8.0_t24.0_htf30,5.0,4,0.382,8.0,24.0,30,5678,82.3,31.5,19.1,-16764.0,-243.0,-2.95,17555.0,-280.0,"{'2025-12': -268.0, '2026-01': -280.0, '2026-02': -183.0}"
i5.0_w4_p0.382_s8.0_t24.0_htf60,5.0,4,0.382,8.0,24.0,60,6085,88.2,32.5,19.1,-15024.0,-217.7,-2.47,15471.0,-282.0,"{'2025-12': -282.0, '2026-01': -230.0, '2026-02': -153.0}"
i5.0_w4_p0.382_s8.0_t40.0_htf0,5.0,4,0.382,8.0,40.0,0,9016,130.7,31.1,26.6,-6055.0,-87.7,-0.67,10254.0,-209.0,"{'2025-12': -30.0, '2026-01': -209.0, '2026-02': -2.0}"
i5.0_w4_p0.382_s8.0_t40.0_htf30,5.0,4,0.382,8.0,40.0,30,5538,80.3,27.7,26.2,-19660.0,-284.9,-3.55,20602.0,-317.0,"{'2025-12': -317.0, '2026-01': -280.0, '2026-02': -265.0}"
i5.0_w4_p0.382_s8.0_t40.0_htf60,5.0,4,0.382,8.0,40.0,60,5910,85.7,28.3,26.3,-18631.0,-270.0,-3.15,19379.0,-344.0,"{'2025-12': -344.0, '2026-01': -246.0, '2026-02': -237.0}"
i5.0_w4_p0.382_s8.0_t60.0_htf0,5.0,4,0.382,8.0,60.0,0,8719,126.4,30.5,31.8,-3303.0,-47.9,-0.38,9602.0,-170.0,"{'2025-12': -12.0, '2026-01': -170.0, '2026-02': 55.0}"
i5.0_w4_p0.382_s8.0_t60.0_htf30,5.0,4,0.382,8.0,60.0,30,5483,79.5,26.6,29.3,-20117.0,-291.6,-3.67,21422.0,-321.0,"{'2025-12': -291.0, '2026-01': -321.0, '2026-02': -260.0}"
i5.0_w4_p0.382_s8.0_t60.0_htf60,5.0,4,0.382,8.0,60.0,60,5860,84.9,27.2,29.6,-18536.0,-268.6,-3.16,19618.0,-322.0,"{'2025-12': -322.0, '2026-01': -244.0, '2026-02': -253.0}"
i5.0_w4_p0.382_s10.0_t24.0_htf0,5.0,4,0.382,10.0,24.0,0,9342,135.4,37.1,22.4,-18128.0,-262.7,-1.94,19237.0,-301.0,"{'2025-12': -216.0, '2026-01': -301.0, '2026-02': -258.0}"
i5.0_w4_p0.382_s10.0_t24.0_htf30,5.0,4,0.382,10.0,24.0,30,5474,79.3,35.2,23.2,-16512.0,-239.3,-3.02,17302.0,-275.0,"{'2025-12': -229.0, '2026-01': -275.0, '2026-02': -210.0}"
i5.0_w4_p0.382_s10.0_t24.0_htf60,5.0,4,0.382,10.0,24.0,60,5870,85.1,36.4,23.3,-14333.0,-207.7,-2.44,14861.0,-274.0,"{'2025-12': -274.0, '2026-01': -219.0, '2026-02': -143.0}"
i5.0_w4_p0.382_s10.0_t40.0_htf0,5.0,4,0.382,10.0,40.0,0,8754,126.9,33.9,31.1,-10584.0,-153.4,-1.21,12726.0,-251.0,"{'2025-12': -125.0, '2026-01': -251.0, '2026-02': -70.0}"
i5.0_w4_p0.382_s10.0_t40.0_htf30,5.0,4,0.382,10.0,40.0,30,5315,77.0,31.1,31.4,-20052.0,-290.6,-3.77,21063.0,-300.0,"{'2025-12': -272.0, '2026-01': -300.0, '2026-02': -295.0}"
i5.0_w4_p0.382_s10.0_t40.0_htf60,5.0,4,0.382,10.0,40.0,60,5683,82.4,31.7,31.4,-19229.0,-278.7,-3.38,19863.0,-353.0,"{'2025-12': -353.0, '2026-01': -248.0, '2026-02': -253.0}"
i5.0_w4_p0.382_s10.0_t60.0_htf0,5.0,4,0.382,10.0,60.0,0,8381,121.5,33.4,37.1,-5585.0,-80.9,-0.67,9592.0,-189.0,"{'2025-12': -58.0, '2026-01': -189.0, '2026-02': 18.0}"
i5.0_w4_p0.382_s10.0_t60.0_htf30,5.0,4,0.382,10.0,60.0,30,5245,76.0,29.8,35.1,-21107.0,-305.9,-4.02,22206.0,-322.0,"{'2025-12': -276.0, '2026-01': -322.0, '2026-02': -312.0}"
i5.0_w4_p0.382_s10.0_t60.0_htf60,5.0,4,0.382,10.0,60.0,60,5617,81.4,30.5,35.3,-19552.0,-283.4,-3.48,20479.0,-351.0,"{'2025-12': -351.0, '2026-01': -237.0, '2026-02': -280.0}"
i5.0_w4_p0.382_s14.0_t24.0_htf0,5.0,4,0.382,14.0,24.0,0,8925,129.3,40.8,29.2,-27461.0,-398.0,-3.08,28096.0,-444.0,"{'2025-12': -343.0, '2026-01': -395.0, '2026-02': -444.0}"
i5.0_w4_p0.382_s14.0_t24.0_htf30,5.0,4,0.382,14.0,24.0,30,5148,74.6,41.0,32.1,-15429.0,-223.6,-3.0,16042.0,-242.0,"{'2025-12': -222.0, '2026-01': -242.0, '2026-02': -206.0}"
i5.0_w4_p0.382_s14.0_t24.0_htf60,5.0,4,0.382,14.0,24.0,60,5518,80.0,41.7,31.5,-14197.0,-205.8,-2.57,14407.0,-283.0,"{'2025-12': -283.0, '2026-01': -208.0, '2026-02': -142.0}"
i5.0_w4_p0.382_s14.0_t40.0_htf0,5.0,4,0.382,14.0,40.0,0,8294,120.2,37.1,39.0,-20360.0,-295.1,-2.45,21464.0,-374.0,"{'2025-12': -291.0, '2026-01': -374.0, '2026-02': -213.0}"
i5.0_w4_p0.382_s14.0_t40.0_htf30,5.0,4,0.382,14.0,40.0,30,4960,71.9,36.9,41.8,-18541.0,-268.7,-3.74,19812.0,-294.0,"{'2025-12': -239.0, '2026-01': -294.0, '2026-02': -265.0}"
i5.0_w4_p0.382_s14.0_t40.0_htf60,5.0,4,0.382,14.0,40.0,60,5302,76.8,36.9,41.3,-18920.0,-274.2,-3.57,19469.0,-334.0,"{'2025-12': -334.0, '2026-01': -245.0, '2026-02': -258.0}"
i5.0_w4_p0.382_s14.0_t60.0_htf0,5.0,4,0.382,14.0,60.0,0,7931,114.9,36.7,45.6,-14428.0,-209.1,-1.82,16944.0,-311.0,"{'2025-12': -134.0, '2026-01': -311.0, '2026-02': -158.0}"
i5.0_w4_p0.382_s14.0_t60.0_htf30,5.0,4,0.382,14.0,60.0,30,4877,70.7,35.6,46.5,-19678.0,-285.2,-4.03,20958.0,-313.0,"{'2025-12': -260.0, '2026-01': -313.0, '2026-02': -276.0}"
i5.0_w4_p0.382_s14.0_t60.0_htf60,5.0,4,0.382,14.0,60.0,60,5215,75.6,35.5,46.1,-20268.0,-293.7,-3.89,21164.0,-362.0,"{'2025-12': -362.0, '2026-01': -232.0, '2026-02': -307.0}"
i5.0_w4_p0.5_s5.0_t24.0_htf0,5.0,4,0.5,5.0,24.0,0,9279,134.5,27.0,12.7,-13127.0,-190.2,-1.41,15708.0,-257.0,"{'2025-12': -99.0, '2026-01': -257.0, '2026-02': -190.0}"
i5.0_w4_p0.5_s5.0_t24.0_htf30,5.0,4,0.5,5.0,24.0,30,5290,76.7,24.1,12.6,-16325.0,-236.6,-3.09,17340.0,-291.0,"{'2025-12': -171.0, '2026-01': -234.0, '2026-02': -291.0}"
i5.0_w4_p0.5_s5.0_t24.0_htf60,5.0,4,0.5,5.0,24.0,60,5689,82.4,24.5,12.2,-15693.0,-227.4,-2.76,16614.0,-284.0,"{'2025-12': -193.0, '2026-01': -200.0, '2026-02': -284.0}"
i5.0_w4_p0.5_s5.0_t40.0_htf0,5.0,4,0.5,5.0,40.0,0,8887,128.8,24.3,18.8,-8474.0,-122.8,-0.95,12186.0,-209.0,"{'2025-12': -45.0, '2026-01': -209.0, '2026-02': -91.0}"
i5.0_w4_p0.5_s5.0_t40.0_htf30,5.0,4,0.5,5.0,40.0,30,5199,75.3,20.9,17.4,-18642.0,-270.2,-3.59,19659.0,-326.0,"{'2025-12': -227.0, '2026-01': -251.0, '2026-02': -326.0}"
i5.0_w4_p0.5_s5.0_t40.0_htf60,5.0,4,0.5,5.0,40.0,60,5575,80.8,21.2,17.4,-17438.0,-252.7,-3.13,18636.0,-294.0,"{'2025-12': -261.0, '2026-01': -209.0, '2026-02': -294.0}"
i5.0_w4_p0.5_s5.0_t60.0_htf0,5.0,4,0.5,5.0,60.0,0,8681,125.8,23.8,22.4,-4880.0,-70.7,-0.56,9444.0,-166.0,"{'2025-12': 27.0, '2026-01': -166.0, '2026-02': -45.0}"
i5.0_w4_p0.5_s5.0_t60.0_htf30,5.0,4,0.5,5.0,60.0,30,5172,75.0,20.1,19.8,-18139.0,-262.9,-3.51,19479.0,-324.0,"{'2025-12': -218.0, '2026-01': -239.0, '2026-02': -324.0}"
i5.0_w4_p0.5_s5.0_t60.0_htf60,5.0,4,0.5,5.0,60.0,60,5541,80.3,20.3,19.9,-16763.0,-242.9,-3.03,18254.0,-280.0,"{'2025-12': -265.0, '2026-01': -193.0, '2026-02': -280.0}"
i5.0_w4_p0.5_s8.0_t24.0_htf0,5.0,4,0.5,8.0,24.0,0,8831,128.0,34.2,19.5,-12700.0,-184.1,-1.44,15202.0,-208.0,"{'2025-12': -129.0, '2026-01': -202.0, '2026-02': -208.0}"
i5.0_w4_p0.5_s8.0_t24.0_htf30,5.0,4,0.5,8.0,24.0,30,5027,72.9,31.4,19.9,-17499.0,-253.6,-3.48,18612.0,-285.0,"{'2025-12': -202.0, '2026-01': -263.0, '2026-02': -285.0}"
i5.0_w4_p0.5_s8.0_t24.0_htf60,5.0,4,0.5,8.0,24.0,60,5391,78.1,32.0,19.6,-15806.0,-229.1,-2.93,16625.0,-286.0,"{'2025-12': -189.0, '2026-01': -206.0, '2026-02': -286.0}"
i5.0_w4_p0.5_s8.0_t40.0_htf0,5.0,4,0.5,8.0,40.0,0,8350,121.0,30.9,27.3,-9480.0,-137.4,-1.14,12476.0,-161.0,"{'2025-12': -97.0, '2026-01': -161.0, '2026-02': -144.0}"
i5.0_w4_p0.5_s8.0_t40.0_htf30,5.0,4,0.5,8.0,40.0,30,4912,71.2,27.6,26.4,-20809.0,-301.6,-4.24,21849.0,-330.0,"{'2025-12': -287.0, '2026-01': -286.0, '2026-02': -330.0}"
i5.0_w4_p0.5_s8.0_t40.0_htf60,5.0,4,0.5,8.0,40.0,60,5252,76.1,28.2,26.7,-18821.0,-272.8,-3.58,20066.0,-318.0,"{'2025-12': -267.0, '2026-01': -236.0, '2026-02': -318.0}"
i5.0_w4_p0.5_s8.0_t60.0_htf0,5.0,4,0.5,8.0,60.0,0,8097,117.3,30.0,31.8,-7343.0,-106.4,-0.91,11038.0,-165.0,"{'2025-12': 1.0, '2026-01': -130.0, '2026-02': -165.0}"
i5.0_w4_p0.5_s8.0_t60.0_htf30,5.0,4,0.5,8.0,60.0,30,4873,70.6,26.7,29.6,-20236.0,-293.3,-4.15,21464.0,-327.0,"{'2025-12': -263.0, '2026-01': -284.0, '2026-02': -327.0}"
i5.0_w4_p0.5_s8.0_t60.0_htf60,5.0,4,0.5,8.0,60.0,60,5207,75.5,27.4,30.1,-17634.0,-255.6,-3.39,19167.0,-305.0,"{'2025-12': -240.0, '2026-01': -222.0, '2026-02': -305.0}"
i5.0_w4_p0.5_s10.0_t24.0_htf0,5.0,4,0.5,10.0,24.0,0,8594,124.6,37.3,23.2,-15972.0,-231.5,-1.86,18076.0,-278.0,"{'2025-12': -188.0, '2026-01': -221.0, '2026-02': -278.0}"
i5.0_w4_p0.5_s10.0_t24.0_htf30,5.0,4,0.5,10.0,24.0,30,4889,70.9,34.9,24.1,-18167.0,-263.3,-3.72,19209.0,-287.0,"{'2025-12': -224.0, '2026-01': -270.0, '2026-02': -287.0}"
i5.0_w4_p0.5_s10.0_t24.0_htf60,5.0,4,0.5,10.0,24.0,60,5244,76.0,35.4,23.8,-16306.0,-236.3,-3.11,17074.0,-252.0,"{'2025-12': -248.0, '2026-01': -213.0, '2026-02': -252.0}"
i5.0_w4_p0.5_s10.0_t40.0_htf0,5.0,4,0.5,10.0,40.0,0,8084,117.2,34.2,32.2,-8844.0,-128.2,-1.09,11533.0,-187.0,"{'2025-12': -137.0, '2026-01': -187.0, '2026-02': -57.0}"
i5.0_w4_p0.5_s10.0_t40.0_htf30,5.0,4,0.5,10.0,40.0,30,4757,68.9,30.9,31.7,-21526.0,-312.0,-4.53,22454.0,-338.0,"{'2025-12': -313.0, '2026-01': -287.0, '2026-02': -338.0}"
i5.0_w4_p0.5_s10.0_t40.0_htf60,5.0,4,0.5,10.0,40.0,60,5080,73.6,31.3,32.2,-19534.0,-283.1,-3.85,20641.0,-329.0,"{'2025-12': -329.0, '2026-01': -229.0, '2026-02': -305.0}"
i5.0_w4_p0.5_s10.0_t60.0_htf0,5.0,4,0.5,10.0,60.0,0,7811,113.2,33.8,37.8,-4546.0,-65.9,-0.58,8348.0,-143.0,"{'2025-12': -20.0, '2026-01': -143.0, '2026-02': -18.0}"
i5.0_w4_p0.5_s10.0_t60.0_htf30,5.0,4,0.5,10.0,60.0,30,4709,68.2,29.9,35.3,-21445.0,-310.8,-4.55,22672.0,-352.0,"{'2025-12': -288.0, '2026-01': -290.0, '2026-02': -352.0}"
i5.0_w4_p0.5_s10.0_t60.0_htf60,5.0,4,0.5,10.0,60.0,60,5032,72.9,30.4,36.2,-18828.0,-272.9,-3.74,20240.0,-311.0,"{'2025-12': -311.0, '2026-01': -211.0, '2026-02': -310.0}"
i5.0_w4_p0.5_s14.0_t24.0_htf0,5.0,4,0.5,14.0,24.0,0,8225,119.2,41.9,29.6,-19506.0,-282.7,-2.37,20916.0,-331.0,"{'2025-12': -234.0, '2026-01': -273.0, '2026-02': -331.0}"
i5.0_w4_p0.5_s14.0_t24.0_htf30,5.0,4,0.5,14.0,24.0,30,4609,66.8,40.2,32.1,-17851.0,-258.7,-3.87,18808.0,-304.0,"{'2025-12': -199.0, '2026-01': -304.0, '2026-02': -257.0}"
i5.0_w4_p0.5_s14.0_t24.0_htf60,5.0,4,0.5,14.0,24.0,60,4944,71.7,40.8,31.8,-15648.0,-226.8,-3.17,16456.0,-261.0,"{'2025-12': -261.0, '2026-01': -216.0, '2026-02': -211.0}"
i5.0_w4_p0.5_s14.0_t40.0_htf0,5.0,4,0.5,14.0,40.0,0,7638,110.7,38.3,40.0,-12241.0,-177.4,-1.6,14886.0,-231.0,"{'2025-12': -231.0, '2026-01': -187.0, '2026-02': -124.0}"
i5.0_w4_p0.5_s14.0_t40.0_htf30,5.0,4,0.5,14.0,40.0,30,4461,64.7,36.0,41.3,-21215.0,-307.5,-4.76,21900.0,-316.0,"{'2025-12': -295.0, '2026-01': -308.0, '2026-02': -316.0}"
i5.0_w4_p0.5_s14.0_t40.0_htf60,5.0,4,0.5,14.0,40.0,60,4754,68.9,36.6,41.9,-18596.0,-269.5,-3.91,19485.0,-320.0,"{'2025-12': -320.0, '2026-01': -239.0, '2026-02': -263.0}"
i5.0_w4_p0.5_s14.0_t60.0_htf0,5.0,4,0.5,14.0,60.0,0,7328,106.2,37.5,46.4,-9413.0,-136.4,-1.28,12859.0,-156.0,"{'2025-12': -132.0, '2026-01': -121.0, '2026-02': -156.0}"
i5.0_w4_p0.5_s14.0_t60.0_htf30,5.0,4,0.5,14.0,60.0,30,4405,63.8,34.8,45.6,-21421.0,-310.4,-4.86,22426.0,-335.0,"{'2025-12': -260.0, '2026-01': -325.0, '2026-02': -335.0}"
i5.0_w4_p0.5_s14.0_t60.0_htf60,5.0,4,0.5,14.0,60.0,60,4694,68.0,35.3,46.5,-19024.0,-275.7,-4.05,20202.0,-316.0,"{'2025-12': -306.0, '2026-01': -217.0, '2026-02': -316.0}"
i5.0_w4_p0.618_s5.0_t24.0_htf0,5.0,4,0.618,5.0,24.0,0,8436,122.3,25.1,12.4,-20498.0,-297.1,-2.43,23203.0,-341.0,"{'2025-12': -207.0, '2026-01': -341.0, '2026-02': -321.0}"
i5.0_w4_p0.618_s5.0_t24.0_htf30,5.0,4,0.618,5.0,24.0,30,4573,66.3,22.8,11.8,-16920.0,-245.2,-3.7,17893.0,-286.0,"{'2025-12': -188.0, '2026-01': -286.0, '2026-02': -246.0}"
i5.0_w4_p0.618_s5.0_t24.0_htf60,5.0,4,0.618,5.0,24.0,60,4953,71.8,22.5,11.5,-19289.0,-279.5,-3.89,20030.0,-309.0,"{'2025-12': -221.0, '2026-01': -295.0, '2026-02': -309.0}"
i5.0_w4_p0.618_s5.0_t40.0_htf0,5.0,4,0.618,5.0,40.0,0,8184,118.6,22.0,17.8,-21228.0,-307.6,-2.59,23900.0,-384.0,"{'2025-12': -190.0, '2026-01': -323.0, '2026-02': -384.0}"
i5.0_w4_p0.618_s5.0_t40.0_htf30,5.0,4,0.618,5.0,40.0,30,4508,65.3,19.4,16.1,-19081.0,-276.5,-4.23,19906.0,-319.0,"{'2025-12': -217.0, '2026-01': -281.0, '2026-02': -319.0}"
i5.0_w4_p0.618_s5.0_t40.0_htf60,5.0,4,0.618,5.0,40.0,60,4877,70.7,19.6,16.2,-20371.0,-295.2,-4.18,21243.0,-355.0,"{'2025-12': -245.0, '2026-01': -276.0, '2026-02': -355.0}"
i5.0_w4_p0.618_s5.0_t60.0_htf0,5.0,4,0.618,5.0,60.0,0,8071,117.0,21.6,20.6,-16763.0,-242.9,-2.08,20322.0,-306.0,"{'2025-12': -95.0, '2026-01': -306.0, '2026-02': -292.0}"
i5.0_w4_p0.618_s5.0_t60.0_htf30,5.0,4,0.618,5.0,60.0,30,4484,65.0,18.7,18.6,-18989.0,-275.2,-4.23,20038.0,-322.0,"{'2025-12': -198.0, '2026-01': -288.0, '2026-02': -322.0}"
i5.0_w4_p0.618_s5.0_t60.0_htf60,5.0,4,0.618,5.0,60.0,60,4849,70.3,19.0,18.6,-19289.0,-279.6,-3.98,20476.0,-353.0,"{'2025-12': -220.0, '2026-01': -255.0, '2026-02': -353.0}"
i5.0_w4_p0.618_s8.0_t24.0_htf0,5.0,4,0.618,8.0,24.0,0,8007,116.0,33.4,19.4,-16946.0,-245.6,-2.12,19748.0,-306.0,"{'2025-12': -171.0, '2026-01': -244.0, '2026-02': -306.0}"
i5.0_w4_p0.618_s8.0_t24.0_htf30,5.0,4,0.618,8.0,24.0,30,4357,63.1,30.2,19.0,-16807.0,-243.6,-3.86,17931.0,-268.0,"{'2025-12': -185.0, '2026-01': -268.0, '2026-02': -263.0}"
i5.0_w4_p0.618_s8.0_t24.0_htf60,5.0,4,0.618,8.0,24.0,60,4710,68.3,30.5,19.2,-18132.0,-262.8,-3.85,18879.0,-302.0,"{'2025-12': -229.0, '2026-01': -252.0, '2026-02': -302.0}"
i5.0_w4_p0.618_s8.0_t40.0_htf0,5.0,4,0.618,8.0,40.0,0,7631,110.6,30.3,27.2,-14328.0,-207.7,-1.88,17143.0,-265.0,"{'2025-12': -135.0, '2026-01': -207.0, '2026-02': -265.0}"
i5.0_w4_p0.618_s8.0_t40.0_htf30,5.0,4,0.618,8.0,40.0,30,4269,61.9,26.4,25.6,-19383.0,-280.9,-4.54,20436.0,-339.0,"{'2025-12': -218.0, '2026-01': -274.0, '2026-02': -339.0}"
i5.0_w4_p0.618_s8.0_t40.0_htf60,5.0,4,0.618,8.0,40.0,60,4610,66.8,27.1,26.2,-19786.0,-286.8,-4.29,20625.0,-361.0,"{'2025-12': -267.0, '2026-01': -232.0, '2026-02': -361.0}"
i5.0_w4_p0.618_s8.0_t60.0_htf0,5.0,4,0.618,8.0,60.0,0,7470,108.3,29.6,31.4,-11081.0,-160.6,-1.48,15259.0,-229.0,"{'2025-12': -23.0, '2026-01': -198.0, '2026-02': -229.0}"
i5.0_w4_p0.618_s8.0_t60.0_htf30,5.0,4,0.618,8.0,60.0,30,4241,61.5,25.8,28.9,-18059.0,-261.7,-4.26,19348.0,-314.0,"{'2025-12': -200.0, '2026-01': -258.0, '2026-02': -314.0}"
i5.0_w4_p0.618_s8.0_t60.0_htf60,5.0,4,0.618,8.0,60.0,60,4577,66.3,26.4,29.3,-18312.0,-265.4,-4.0,19379.0,-341.0,"{'2025-12': -250.0, '2026-01': -207.0, '2026-02': -341.0}"
i5.0_w4_p0.618_s10.0_t24.0_htf0,5.0,4,0.618,10.0,24.0,0,7772,112.6,36.8,23.4,-17841.0,-258.6,-2.3,20375.0,-305.0,"{'2025-12': -239.0, '2026-01': -230.0, '2026-02': -305.0}"
i5.0_w4_p0.618_s10.0_t24.0_htf30,5.0,4,0.618,10.0,24.0,30,4252,61.6,34.3,24.0,-16481.0,-238.9,-3.88,17521.0,-256.0,"{'2025-12': -203.0, '2026-01': -256.0, '2026-02': -249.0}"
i5.0_w4_p0.618_s10.0_t24.0_htf60,5.0,4,0.618,10.0,24.0,60,4586,66.5,34.2,23.9,-18131.0,-262.8,-3.95,18796.0,-291.0,"{'2025-12': -272.0, '2026-01': -230.0, '2026-02': -291.0}"
i5.0_w4_p0.618_s10.0_t40.0_htf0,5.0,4,0.618,10.0,40.0,0,7379,106.9,33.2,32.2,-15771.0,-228.6,-2.14,18329.0,-311.0,"{'2025-12': -175.0, '2026-01': -192.0, '2026-02': -311.0}"
i5.0_w4_p0.618_s10.0_t40.0_htf30,5.0,4,0.618,10.0,40.0,30,4152,60.2,30.5,31.4,-18870.0,-273.5,-4.54,19902.0,-312.0,"{'2025-12': -246.0, '2026-01': -257.0, '2026-02': -312.0}"
i5.0_w4_p0.618_s10.0_t40.0_htf60,5.0,4,0.618,10.0,40.0,60,4474,64.8,30.6,32.1,-20403.0,-295.7,-4.56,21240.0,-372.0,"{'2025-12': -309.0, '2026-01': -216.0, '2026-02': -372.0}"
i5.0_w4_p0.618_s10.0_t60.0_htf0,5.0,4,0.618,10.0,60.0,0,7210,104.5,32.5,36.8,-11700.0,-169.6,-1.62,15549.0,-299.0,"{'2025-12': -48.0, '2026-01': -139.0, '2026-02': -299.0}"
i5.0_w4_p0.618_s10.0_t60.0_htf30,5.0,4,0.618,10.0,60.0,30,4119,59.7,29.7,35.2,-18092.0,-262.2,-4.39,19229.0,-304.0,"{'2025-12': -233.0, '2026-01': -245.0, '2026-02': -304.0}"
i5.0_w4_p0.618_s10.0_t60.0_htf60,5.0,4,0.618,10.0,60.0,60,4439,64.3,30.0,35.6,-18642.0,-270.2,-4.2,19710.0,-357.0,"{'2025-12': -292.0, '2026-01': -174.0, '2026-02': -357.0}"
i5.0_w4_p0.618_s14.0_t24.0_htf0,5.0,4,0.618,14.0,24.0,0,7326,106.2,42.2,31.0,-16773.0,-243.1,-2.29,18656.0,-314.0,"{'2025-12': -258.0, '2026-01': -166.0, '2026-02': -314.0}"
i5.0_w4_p0.618_s14.0_t24.0_htf30,5.0,4,0.618,14.0,24.0,30,4049,58.7,39.8,31.9,-15582.0,-225.8,-3.85,16470.0,-256.0,"{'2025-12': -177.0, '2026-01': -234.0, '2026-02': -256.0}"
i5.0_w4_p0.618_s14.0_t24.0_htf60,5.0,4,0.618,14.0,24.0,60,4360,63.2,39.9,31.6,-16831.0,-243.9,-3.86,17409.0,-274.0,"{'2025-12': -274.0, '2026-01': -197.0, '2026-02': -271.0}"
i5.0_w4_p0.618_s14.0_t40.0_htf0,5.0,4,0.618,14.0,40.0,0,6869,99.6,38.0,41.4,-15871.0,-230.0,-2.31,18463.0,-376.0,"{'2025-12': -154.0, '2026-01': -151.0, '2026-02': -376.0}"
i5.0_w4_p0.618_s14.0_t40.0_htf30,5.0,4,0.618,14.0,40.0,30,3927,56.9,35.9,41.2,-17593.0,-255.0,-4.48,18625.0,-316.0,"{'2025-12': -208.0, '2026-01': -233.0, '2026-02': -316.0}"
i5.0_w4_p0.618_s14.0_t40.0_htf60,5.0,4,0.618,14.0,40.0,60,4219,61.1,36.0,41.6,-19160.0,-277.7,-4.54,19877.0,-367.0,"{'2025-12': -299.0, '2026-01': -179.0, '2026-02': -367.0}"
i5.0_w4_p0.618_s14.0_t60.0_htf0,5.0,4,0.618,14.0,60.0,0,6670,96.7,36.8,46.7,-13607.0,-197.2,-2.04,17064.0,-346.0,"{'2025-12': -55.0, '2026-01': -164.0, '2026-02': -346.0}"
i5.0_w4_p0.618_s14.0_t60.0_htf30,5.0,4,0.618,14.0,60.0,30,3889,56.4,34.8,45.8,-17306.0,-250.8,-4.45,18549.0,-325.0,"{'2025-12': -193.0, '2026-01': -224.0, '2026-02': -325.0}"
i5.0_w4_p0.618_s14.0_t60.0_htf60,5.0,4,0.618,14.0,60.0,60,4176,60.5,35.1,45.8,-17698.0,-256.5,-4.24,18777.0,-358.0,"{'2025-12': -280.0, '2026-01': -145.0, '2026-02': -358.0}"
