name,imp,W,pull,stop,tgt,htf,n,tr_day,per_day,maxDD,sharpe,worst_block,trend_pd,chop_pd,blocks
i2.0_w3_p0.118_s5.0_t20.0_htf0,2.0,3,0.118,5.0,20.0,0,11790,170.9,346.1,3942.0,6.08,-144.4,368.8,335.4,"[np.float64(696.7), np.float64(-144.4), np.float64(-48.9), np.float64(2.4), np.float64(1129.3), np.float64(355.1)]"
i2.0_w3_p0.118_s5.0_t20.0_htf20,2.0,3,0.118,5.0,20.0,20,8448,122.4,176.1,2208.0,6.1,-70.1,265.3,134.4,"[np.float64(222.7), np.float64(-70.1), np.float64(-0.2), np.float64(67.9), np.float64(675.4), np.float64(122.7)]"
i2.0_w3_p0.118_s5.0_t20.0_htf40,2.0,3,0.118,5.0,20.0,40,8963,129.9,106.4,4788.0,3.16,-113.9,172.9,75.3,"[np.float64(59.0), np.float64(-113.9), np.float64(-56.5), np.float64(-30.3), np.float64(656.4), np.float64(94.5)]"
i2.0_w3_p0.118_s5.0_t30.0_htf0,2.0,3,0.118,5.0,30.0,0,11339,164.3,506.3,3029.0,6.91,-103.7,399.9,556.1,"[np.float64(991.6), np.float64(-103.7), np.float64(47.6), np.float64(211.8), np.float64(1495.6), np.float64(286.1)]"
i2.0_w3_p0.118_s5.0_t30.0_htf20,2.0,3,0.118,5.0,30.0,20,8233,119.3,158.6,3188.0,5.04,-103.3,185.8,145.9,"[np.float64(226.1), np.float64(-103.3), np.float64(6.9), np.float64(59.4), np.float64(680.4), np.float64(47.6)]"
i2.0_w3_p0.118_s5.0_t30.0_htf40,2.0,3,0.118,5.0,30.0,40,8776,127.2,93.3,6093.0,2.61,-155.2,139.2,71.9,"[np.float64(47.3), np.float64(-155.2), np.float64(-42.4), np.float64(-20.1), np.float64(688.6), np.float64(16.7)]"
i2.0_w3_p0.118_s5.0_t44.0_htf0,2.0,3,0.118,5.0,44.0,0,10856,157.3,571.3,3175.0,7.73,-43.8,310.9,693.3,"[np.float64(836.3), np.float64(-43.8), np.float64(94.9), np.float64(433.4), np.float64(1534.6), np.float64(465.9)]"
i2.0_w3_p0.118_s5.0_t44.0_htf20,2.0,3,0.118,5.0,44.0,20,8086,117.2,107.5,4294.0,3.41,-164.6,94.6,113.5,"[np.float64(151.9), np.float64(-164.6), np.float64(20.6), np.float64(131.5), np.float64(530.2), np.float64(-40.7)]"
i2.0_w3_p0.118_s5.0_t44.0_htf40,2.0,3,0.118,5.0,44.0,40,8616,124.9,56.3,7294.0,1.58,-240.1,74.6,47.7,"[np.float64(-46.6), np.float64(-240.1), np.float64(-13.3), np.float64(47.9), np.float64(575.9), np.float64(3.6)]"
i2.0_w3_p0.118_s8.0_t20.0_htf0,2.0,3,0.118,8.0,20.0,0,11480,166.4,176.9,7063.0,3.79,-208.2,201.6,165.3,"[np.float64(320.0), np.float64(-208.2), np.float64(-27.1), np.float64(-179.0), np.float64(843.7), np.float64(252.9)]"
i2.0_w3_p0.118_s8.0_t20.0_htf20,2.0,3,0.118,8.0,20.0,20,8062,116.8,121.9,3625.0,4.24,-88.6,220.8,75.6,"[np.float64(127.1), np.float64(-88.6), np.float64(0.5), np.float64(12.4), np.float64(578.2), np.float64(72.1)]"
i2.0_w3_p0.118_s8.0_t20.0_htf40,2.0,3,0.118,8.0,20.0,40,8573,124.2,61.6,6596.0,1.87,-156.2,126.8,31.0,"[np.float64(-26.3), np.float64(-156.2), np.float64(-109.8), np.float64(-25.6), np.float64(626.0), np.float64(43.9)]"
i2.0_w3_p0.118_s8.0_t30.0_htf0,2.0,3,0.118,8.0,30.0,0,11015,159.6,304.1,5018.0,5.45,-119.5,226.6,340.4,"[np.float64(328.8), np.float64(-119.5), np.float64(75.7), np.float64(15.9), np.float64(1192.7), np.float64(256.4)]"
i2.0_w3_p0.118_s8.0_t30.0_htf20,2.0,3,0.118,8.0,30.0,20,7796,113.0,107.3,5135.0,3.32,-129.2,137.6,93.0,"[np.float64(130.5), np.float64(-129.2), np.float64(-8.8), np.float64(39.8), np.float64(549.5), np.float64(38.4)]"
i2.0_w3_p0.118_s8.0_t30.0_htf40,2.0,3,0.118,8.0,30.0,40,8328,120.7,30.5,8518.0,0.87,-205.4,80.4,7.2,"[np.float64(-73.7), np.float64(-205.4), np.float64(-81.6), np.float64(-27.6), np.float64(618.9), np.float64(-57.3)]"
i2.0_w3_p0.118_s8.0_t44.0_htf0,2.0,3,0.118,8.0,44.0,0,10516,152.4,320.9,4815.0,5.66,-103.1,182.8,385.6,"[np.float64(331.0), np.float64(-103.1), np.float64(160.5), np.float64(7.6), np.float64(1127.2), np.float64(322.6)]"
i2.0_w3_p0.118_s8.0_t44.0_htf20,2.0,3,0.118,8.0,44.0,20,7619,110.4,62.7,5836.0,1.99,-164.1,54.3,66.6,"[np.float64(80.3), np.float64(-164.1), np.float64(-5.9), np.float64(63.6), np.float64(392.0), np.float64(-0.2)]"
i2.0_w3_p0.118_s8.0_t44.0_htf40,2.0,3,0.118,8.0,44.0,40,8126,117.8,-24.1,10024.0,-0.67,-272.8,27.1,-48.1,"[np.float64(-180.7), np.float64(-272.8), np.float64(-67.0), np.float64(-24.1), np.float64(525.5), np.float64(-121.4)]"
i2.0_w3_p0.118_s12.0_t20.0_htf0,2.0,3,0.118,12.0,20.0,0,11083,160.6,-33.1,11356.0,-0.89,-360.2,-26.7,-36.1,"[np.float64(-277.1), np.float64(-255.5), np.float64(13.5), np.float64(-360.2), np.float64(446.6), np.float64(212.4)]"
i2.0_w3_p0.118_s12.0_t20.0_htf20,2.0,3,0.118,12.0,20.0,20,7671,111.2,83.7,3764.0,3.09,-86.3,159.3,48.3,"[np.float64(65.6), np.float64(-86.3), np.float64(-28.0), np.float64(-30.1), np.float64(473.1), np.float64(84.3)]"
i2.0_w3_p0.118_s12.0_t20.0_htf40,2.0,3,0.118,12.0,20.0,40,8135,117.9,33.9,6304.0,1.17,-148.0,84.4,10.2,"[np.float64(-129.1), np.float64(-148.0), np.float64(-58.4), np.float64(-48.2), np.float64(493.5), np.float64(81.0)]"
i2.0_w3_p0.118_s12.0_t30.0_htf0,2.0,3,0.118,12.0,30.0,0,10596,153.6,47.3,8486.0,1.06,-248.4,-56.8,96.0,"[np.float64(-165.8), np.float64(-157.2), np.float64(-31.7), np.float64(-248.4), np.float64(645.7), np.float64(208.7)]"
i2.0_w3_p0.118_s12.0_t30.0_htf20,2.0,3,0.118,12.0,30.0,20,7330,106.2,83.9,5142.0,2.81,-102.3,93.7,79.4,"[np.float64(92.1), np.float64(-102.3), np.float64(-21.6), np.float64(-40.6), np.float64(441.6), np.float64(110.1)]"
i2.0_w3_p0.118_s12.0_t30.0_htf40,2.0,3,0.118,12.0,30.0,40,7819,113.3,-5.4,9071.0,-0.16,-236.9,54.3,-33.4,"[np.float64(-168.4), np.float64(-236.9), np.float64(-16.4), np.float64(-105.4), np.float64(436.0), np.float64(51.1)]"
i2.0_w3_p0.118_s12.0_t44.0_htf0,2.0,3,0.118,12.0,44.0,0,10042,145.5,105.6,6439.0,2.56,-136.3,-55.2,180.9,"[np.float64(-111.2), np.float64(-136.3), np.float64(122.2), np.float64(-93.8), np.float64(575.9), np.float64(242.6)]"
i2.0_w3_p0.118_s12.0_t44.0_htf20,2.0,3,0.118,12.0,44.0,20,7141,103.5,15.1,5787.0,0.53,-158.9,-3.6,23.8,"[np.float64(18.9), np.float64(-158.9), np.float64(-17.1), np.float64(-1.0), np.float64(289.1), np.float64(-44.5)]"
i2.0_w3_p0.118_s12.0_t44.0_htf40,2.0,3,0.118,12.0,44.0,40,7600,110.1,-77.2,11010.0,-2.28,-296.2,-34.6,-97.1,"[np.float64(-267.5), np.float64(-296.2), np.float64(-29.3), np.float64(-85.8), np.float64(305.9), np.float64(-78.0)]"
i2.0_w3_p0.236_s5.0_t20.0_htf0,2.0,3,0.236,5.0,20.0,0,11578,167.8,89.4,8396.0,2.21,-291.7,101.1,84.0,"[np.float64(350.0), np.float64(-291.7), np.float64(-121.4), np.float64(-115.8), np.float64(735.8), np.float64(-52.4)]"
i2.0_w3_p0.236_s5.0_t20.0_htf20,2.0,3,0.236,5.0,20.0,20,8202,118.9,-88.6,9450.0,-4.19,-187.5,-115.5,-76.0,"[np.float64(-84.3), np.float64(-187.5), np.float64(-138.7), np.float64(-182.5), np.float64(177.6), np.float64(-109.2)]"
i2.0_w3_p0.236_s5.0_t20.0_htf40,2.0,3,0.236,5.0,20.0,40,8729,126.5,-153.6,13122.0,-5.77,-275.1,-182.6,-140.1,"[np.float64(-260.7), np.float64(-275.1), np.float64(-158.9), np.float64(-264.0), np.float64(278.0), np.float64(-224.7)]"
i2.0_w3_p0.236_s5.0_t30.0_htf0,2.0,3,0.236,5.0,30.0,0,11137,161.4,241.4,4944.0,4.19,-241.6,230.5,246.5,"[np.float64(674.6), np.float64(-241.6), np.float64(9.0), np.float64(-17.0), np.float64(1040.3), np.float64(-78.6)]"
i2.0_w3_p0.236_s5.0_t30.0_htf20,2.0,3,0.236,5.0,30.0,20,8034,116.4,-90.8,9486.0,-3.56,-205.1,-150.1,-63.0,"[np.float64(-61.5), np.float64(-163.6), np.float64(-159.7), np.float64(-161.9), np.float64(216.1), np.float64(-205.1)]"
i2.0_w3_p0.236_s5.0_t30.0_htf40,2.0,3,0.236,5.0,30.0,40,8577,124.3,-164.2,13950.0,-5.38,-315.2,-179.3,-157.2,"[np.float64(-287.6), np.float64(-281.9), np.float64(-191.4), np.float64(-231.0), np.float64(343.6), np.float64(-315.2)]"
i2.0_w3_p0.236_s5.0_t44.0_htf0,2.0,3,0.236,5.0,44.0,0,10692,155.0,315.9,4661.0,4.86,-233.3,258.8,342.5,"[np.float64(788.7), np.float64(-233.3), np.float64(64.7), np.float64(-33.6), np.float64(1161.9), np.float64(65.0)]"
i2.0_w3_p0.236_s5.0_t44.0_htf20,2.0,3,0.236,5.0,44.0,20,7923,114.8,-133.0,11358.0,-5.32,-224.5,-192.6,-105.1,"[np.float64(-136.8), np.float64(-188.4), np.float64(-212.8), np.float64(-184.6), np.float64(166.9), np.float64(-224.5)]"
i2.0_w3_p0.236_s5.0_t44.0_htf40,2.0,3,0.236,5.0,44.0,40,8485,123.0,-198.9,15774.0,-6.44,-348.8,-202.4,-197.3,"[np.float64(-348.8), np.float64(-333.9), np.float64(-204.8), np.float64(-216.4), np.float64(276.9), np.float64(-335.0)]"
i2.0_w3_p0.236_s8.0_t20.0_htf0,2.0,3,0.236,8.0,20.0,0,11283,163.5,-41.0,10073.0,-1.3,-319.4,-95.3,-15.6,"[np.float64(38.7), np.float64(-319.4), np.float64(-124.3), np.float64(-229.4), np.float64(426.3), np.float64(-46.9)]"
i2.0_w3_p0.236_s8.0_t20.0_htf20,2.0,3,0.236,8.0,20.0,20,7844,113.7,-122.8,10234.0,-5.4,-187.9,-150.1,-110.1,"[np.float64(-187.9), np.float64(-183.5), np.float64(-133.3), np.float64(-177.1), np.float64(109.2), np.float64(-148.5)]"
i2.0_w3_p0.236_s8.0_t20.0_htf40,2.0,3,0.236,8.0,20.0,40,8351,121.0,-197.0,14903.0,-7.59,-338.9,-202.2,-194.6,"[np.float64(-338.9), np.float64(-311.7), np.float64(-157.7), np.float64(-271.7), np.float64(155.1), np.float64(-230.7)]"
i2.0_w3_p0.236_s8.0_t30.0_htf0,2.0,3,0.236,8.0,30.0,0,10803,156.6,69.7,7646.0,1.64,-308.2,-62.3,131.5,"[np.float64(235.1), np.float64(-308.2), np.float64(-12.5), np.float64(-169.1), np.float64(706.4), np.float64(-64.9)]"
i2.0_w3_p0.236_s8.0_t30.0_htf20,2.0,3,0.236,8.0,30.0,20,7615,110.4,-135.4,11790.0,-4.66,-255.7,-239.1,-86.9,"[np.float64(-178.6), np.float64(-190.3), np.float64(-178.2), np.float64(-147.5), np.float64(159.5), np.float64(-255.7)]"
i2.0_w3_p0.236_s8.0_t30.0_htf40,2.0,3,0.236,8.0,30.0,40,8149,118.1,-231.7,17576.0,-7.51,-370.6,-250.9,-222.7,"[np.float64(-370.6), np.float64(-330.1), np.float64(-229.5), np.float64(-216.9), np.float64(162.2), np.float64(-365.4)]"
i2.0_w3_p0.236_s8.0_t44.0_htf0,2.0,3,0.236,8.0,44.0,0,10289,149.1,205.3,5551.0,4.04,-189.8,86.7,260.8,"[np.float64(359.3), np.float64(-189.8), np.float64(122.9), np.float64(-186.4), np.float64(868.3), np.float64(190.6)]"
i2.0_w3_p0.236_s8.0_t44.0_htf20,2.0,3,0.236,8.0,44.0,20,7467,108.2,-182.2,14640.0,-6.4,-271.6,-299.2,-127.4,"[np.float64(-233.9), np.float64(-222.4), np.float64(-225.4), np.float64(-215.6), np.float64(103.5), np.float64(-271.6)]"
i2.0_w3_p0.236_s8.0_t44.0_htf40,2.0,3,0.236,8.0,44.0,40,8032,116.4,-271.2,20416.0,-8.69,-425.3,-296.5,-259.3,"[np.float64(-425.3), np.float64(-377.6), np.float64(-248.5), np.float64(-235.5), np.float64(105.2), np.float64(-397.2)]"
i2.0_w3_p0.236_s12.0_t20.0_htf0,2.0,3,0.236,12.0,20.0,0,10903,158.0,-268.9,19922.0,-8.86,-443.7,-339.5,-235.9,"[np.float64(-408.0), np.float64(-342.8), np.float64(-234.2), np.float64(-443.7), np.float64(-9.2), np.float64(-145.3)]"
i2.0_w3_p0.236_s12.0_t20.0_htf20,2.0,3,0.236,12.0,20.0,20,7425,107.6,-140.0,10813.0,-5.79,-256.2,-169.6,-126.1,"[np.float64(-256.2), np.float64(-151.8), np.float64(-132.9), np.float64(-163.3), np.float64(73.4), np.float64(-187.7)]"
i2.0_w3_p0.236_s12.0_t20.0_htf40,2.0,3,0.236,12.0,20.0,40,7879,114.2,-205.7,15143.0,-7.68,-320.4,-210.7,-203.4,"[np.float64(-320.4), np.float64(-319.8), np.float64(-198.5), np.float64(-214.8), np.float64(102.9), np.float64(-250.2)]"
i2.0_w3_p0.236_s12.0_t30.0_htf0,2.0,3,0.236,12.0,30.0,0,10386,150.5,-115.3,12710.0,-3.22,-416.4,-275.2,-40.4,"[np.float64(-40.8), np.float64(-232.5), np.float64(-165.3), np.float64(-416.4), np.float64(314.0), np.float64(-156.5)]"
i2.0_w3_p0.236_s12.0_t30.0_htf20,2.0,3,0.236,12.0,30.0,20,7151,103.6,-134.4,11682.0,-4.7,-283.3,-212.2,-97.9,"[np.float64(-182.1), np.float64(-166.8), np.float64(-208.2), np.float64(-87.4), np.float64(147.8), np.float64(-283.3)]"
i2.0_w3_p0.236_s12.0_t30.0_htf40,2.0,3,0.236,12.0,30.0,40,7615,110.4,-228.7,17198.0,-7.04,-415.2,-191.3,-246.1,"[np.float64(-415.2), np.float64(-337.7), np.float64(-215.6), np.float64(-182.7), np.float64(205.0), np.float64(-383.8)]"
i2.0_w3_p0.236_s12.0_t44.0_htf0,2.0,3,0.236,12.0,44.0,0,9801,142.0,16.9,7967.0,0.44,-256.3,-118.1,80.1,"[np.float64(83.3), np.float64(-256.3), np.float64(18.6), np.float64(-65.8), np.float64(492.0), np.float64(-180.2)]"
i2.0_w3_p0.236_s12.0_t44.0_htf20,2.0,3,0.236,12.0,44.0,20,6975,101.1,-198.0,15695.0,-6.84,-313.6,-291.1,-154.4,"[np.float64(-254.3), np.float64(-191.1), np.float64(-253.7), np.float64(-153.6), np.float64(14.7), np.float64(-313.6)]"
i2.0_w3_p0.236_s12.0_t44.0_htf40,2.0,3,0.236,12.0,44.0,40,7451,108.0,-300.7,22086.0,-9.29,-474.9,-279.3,-310.7,"[np.float64(-474.9), np.float64(-411.5), np.float64(-254.3), np.float64(-214.9), np.float64(54.8), np.float64(-446.0)]"
i2.0_w3_p0.382_s5.0_t20.0_htf0,2.0,3,0.382,5.0,20.0,0,11184,162.1,-66.9,11554.0,-2.05,-324.5,-157.7,-24.5,"[np.float64(25.5), np.float64(-324.5), np.float64(-159.0), np.float64(-230.4), np.float64(343.5), np.float64(-59.3)]"
i2.0_w3_p0.382_s5.0_t20.0_htf20,2.0,3,0.382,5.0,20.0,20,7748,112.3,-231.7,17028.0,-12.65,-298.3,-249.9,-223.1,"[np.float64(-195.6), np.float64(-198.9), np.float64(-298.3), np.float64(-291.5), np.float64(-96.9), np.float64(-258.7)]"
i2.0_w3_p0.382_s5.0_t20.0_htf40,2.0,3,0.382,5.0,20.0,40,8228,119.2,-259.1,19032.0,-12.08,-341.6,-307.9,-236.2,"[np.float64(-316.3), np.float64(-274.1), np.float64(-261.1), np.float64(-341.6), np.float64(-73.8), np.float64(-251.2)]"
i2.0_w3_p0.382_s5.0_t30.0_htf0,2.0,3,0.382,5.0,30.0,0,10718,155.3,50.2,9387.0,0.99,-257.1,-157.7,147.5,"[np.float64(162.3), np.float64(-257.1), np.float64(-73.9), np.float64(-129.3), np.float64(699.1), np.float64(-101.6)]"
i2.0_w3_p0.382_s5.0_t30.0_htf20,2.0,3,0.382,5.0,30.0,20,7605,110.2,-271.0,20252.0,-12.92,-372.9,-320.5,-247.9,"[np.float64(-254.5), np.float64(-225.6), np.float64(-303.9), np.float64(-300.3), np.float64(-126.3), np.float64(-372.9)]"
i2.0_w3_p0.382_s5.0_t30.0_htf40,2.0,3,0.382,5.0,30.0,40,8084,117.2,-263.2,19646.0,-11.18,-356.4,-343.3,-225.7,"[np.float64(-356.4), np.float64(-271.9), np.float64(-268.8), np.float64(-293.3), np.float64(-32.9), np.float64(-314.6)]"
i2.0_w3_p0.382_s5.0_t44.0_htf0,2.0,3,0.382,5.0,44.0,0,10334,149.8,137.7,7238.0,2.36,-167.0,-87.9,243.3,"[np.float64(334.9), np.float64(-167.0), np.float64(-43.9), np.float64(-119.6), np.float64(846.7), np.float64(-55.3)]"
i2.0_w3_p0.382_s5.0_t44.0_htf20,2.0,3,0.382,5.0,44.0,20,7520,109.0,-308.5,23047.0,-13.43,-419.7,-350.1,-289.0,"[np.float64(-310.3), np.float64(-227.9), np.float64(-313.0), np.float64(-318.7), np.float64(-210.6), np.float64(-419.7)]"
i2.0_w3_p0.382_s5.0_t44.0_htf40,2.0,3,0.382,5.0,44.0,40,7989,115.8,-309.7,22992.0,-11.67,-418.1,-339.6,-295.7,"[np.float64(-418.1), np.float64(-256.7), np.float64(-268.4), np.float64(-336.0), np.float64(-129.1), np.float64(-400.3)]"
i2.0_w3_p0.382_s8.0_t20.0_htf0,2.0,3,0.382,8.0,20.0,0,10804,156.6,-193.7,15542.0,-6.91,-385.4,-238.0,-173.0,"[np.float64(-227.6), np.float64(-375.3), np.float64(-182.1), np.float64(-385.4), np.float64(196.4), np.float64(-171.9)]"
i2.0_w3_p0.382_s8.0_t20.0_htf20,2.0,3,0.382,8.0,20.0,20,7347,106.5,-267.6,19625.0,-13.84,-323.5,-299.3,-252.7,"[np.float64(-269.8), np.float64(-195.3), np.float64(-299.2), np.float64(-323.5), np.float64(-213.9), np.float64(-247.5)]"
i2.0_w3_p0.382_s8.0_t20.0_htf40,2.0,3,0.382,8.0,20.0,40,7822,113.4,-310.5,22078.0,-13.55,-436.6,-378.4,-278.7,"[np.float64(-436.6), np.float64(-246.2), np.float64(-260.4), np.float64(-430.6), np.float64(-164.9), np.float64(-282.4)]"
i2.0_w3_p0.382_s8.0_t30.0_htf0,2.0,3,0.382,8.0,30.0,0,10307,149.4,-84.0,13842.0,-1.98,-333.9,-256.0,-3.5,"[np.float64(-56.0), np.float64(-333.9), np.float64(-216.3), np.float64(-171.2), np.float64(481.6), np.float64(-173.6)]"
i2.0_w3_p0.382_s8.0_t30.0_htf20,2.0,3,0.382,8.0,30.0,20,7176,104.0,-317.4,23358.0,-13.39,-397.5,-382.8,-286.7,"[np.float64(-293.0), np.float64(-224.4), np.float64(-312.3), np.float64(-358.7), np.float64(-268.7), np.float64(-397.5)]"
i2.0_w3_p0.382_s8.0_t30.0_htf40,2.0,3,0.382,8.0,30.0,40,7654,110.9,-331.2,24091.0,-12.21,-465.7,-409.4,-294.5,"[np.float64(-465.7), np.float64(-268.3), np.float64(-285.3), np.float64(-416.0), np.float64(-149.2), np.float64(-354.3)]"
i2.0_w3_p0.382_s8.0_t44.0_htf0,2.0,3,0.382,8.0,44.0,0,9868,143.0,57.7,8870.0,1.18,-279.7,-136.7,148.7,"[np.float64(315.8), np.float64(-279.7), np.float64(-108.3), np.float64(-50.3), np.float64(557.8), np.float64(-107.8)]"
i2.0_w3_p0.382_s8.0_t44.0_htf20,2.0,3,0.382,8.0,44.0,20,7073,102.5,-349.8,25730.0,-13.6,-460.6,-402.8,-325.0,"[np.float64(-338.0), np.float64(-226.4), np.float64(-319.2), np.float64(-406.7), np.float64(-294.6), np.float64(-460.6)]"
i2.0_w3_p0.382_s8.0_t44.0_htf40,2.0,3,0.382,8.0,44.0,40,7527,109.1,-382.2,27969.0,-12.36,-516.0,-408.6,-369.8,"[np.float64(-516.0), np.float64(-267.8), np.float64(-298.6), np.float64(-460.2), np.float64(-259.2), np.float64(-433.8)]"
i2.0_w3_p0.382_s12.0_t20.0_htf0,2.0,3,0.382,12.0,20.0,0,10400,150.7,-386.0,27489.0,-12.89,-578.0,-513.9,-326.1,"[np.float64(-479.8), np.float64(-400.5), np.float64(-191.2), np.float64(-578.0), np.float64(-239.5), np.float64(-378.6)]"
i2.0_w3_p0.382_s12.0_t20.0_htf20,2.0,3,0.382,12.0,20.0,20,6943,100.6,-262.6,19067.0,-11.76,-306.9,-304.3,-243.0,"[np.float64(-301.3), np.float64(-173.9), np.float64(-283.9), np.float64(-306.9), np.float64(-262.4), np.float64(-192.5)]"
i2.0_w3_p0.382_s12.0_t20.0_htf40,2.0,3,0.382,12.0,20.0,40,7376,106.9,-296.0,20894.0,-11.48,-470.0,-351.6,-270.0,"[np.float64(-470.0), np.float64(-270.8), np.float64(-199.0), np.float64(-400.4), np.float64(-161.1), np.float64(-234.2)]"
i2.0_w3_p0.382_s12.0_t30.0_htf0,2.0,3,0.382,12.0,30.0,0,9797,142.0,-186.7,14628.0,-5.78,-325.1,-383.3,-94.7,"[np.float64(-178.4), np.float64(-325.1), np.float64(-64.6), np.float64(-279.1), np.float64(-60.5), np.float64(-189.0)]"
i2.0_w3_p0.382_s12.0_t30.0_htf20,2.0,3,0.382,12.0,30.0,20,6702,97.1,-309.2,22516.0,-12.17,-380.3,-337.4,-296.0,"[np.float64(-374.1), np.float64(-186.1), np.float64(-290.7), np.float64(-380.3), np.float64(-251.8), np.float64(-311.0)]"
i2.0_w3_p0.382_s12.0_t30.0_htf40,2.0,3,0.382,12.0,30.0,40,7140,103.5,-320.5,23171.0,-10.18,-522.8,-358.2,-302.8,"[np.float64(-522.8), np.float64(-278.2), np.float64(-227.6), np.float64(-395.8), np.float64(-49.6), np.float64(-401.9)]"
i2.0_w3_p0.382_s12.0_t44.0_htf0,2.0,3,0.382,12.0,44.0,0,9315,135.0,-91.0,10590.0,-2.42,-295.8,-301.7,7.7,"[np.float64(14.4), np.float64(-258.2), np.float64(43.8), np.float64(-295.0), np.float64(243.1), np.float64(-295.8)]"
i2.0_w3_p0.382_s12.0_t44.0_htf20,2.0,3,0.382,12.0,44.0,20,6583,95.4,-343.9,25094.0,-13.01,-403.7,-396.9,-319.1,"[np.float64(-403.5), np.float64(-206.8), np.float64(-299.2), np.float64(-380.5), np.float64(-298.4), np.float64(-403.7)]"
i2.0_w3_p0.382_s12.0_t44.0_htf40,2.0,3,0.382,12.0,44.0,40,6991,101.3,-387.7,28021.0,-12.05,-569.0,-403.9,-380.1,"[np.float64(-569.0), np.float64(-291.8), np.float64(-249.3), np.float64(-422.5), np.float64(-221.1), np.float64(-510.7)]"
i2.0_w3_p0.5_s5.0_t20.0_htf0,2.0,3,0.5,5.0,20.0,0,10706,155.2,-188.9,16126.0,-7.47,-295.8,-283.0,-144.9,"[np.float64(-50.5), np.float64(-210.5), np.float64(-295.8), np.float64(-268.0), np.float64(-49.6), np.float64(-234.0)]"
i2.0_w3_p0.5_s5.0_t20.0_htf20,2.0,3,0.5,5.0,20.0,20,7256,105.2,-304.2,22340.0,-15.01,-365.7,-377.3,-270.0,"[np.float64(-241.1), np.float64(-219.0), np.float64(-276.0), np.float64(-350.7), np.float64(-365.7), np.float64(-325.8)]"
i2.0_w3_p0.5_s5.0_t20.0_htf40,2.0,3,0.5,5.0,20.0,40,7673,111.2,-298.9,21684.0,-14.51,-368.1,-338.6,-280.3,"[np.float64(-368.1), np.float64(-203.1), np.float64(-289.3), np.float64(-335.6), np.float64(-257.2), np.float64(-293.3)]"
i2.0_w3_p0.5_s5.0_t30.0_htf0,2.0,3,0.5,5.0,30.0,0,10322,149.6,-31.2,8900.0,-0.92,-213.3,-194.4,45.2,"[np.float64(234.2), np.float64(-174.6), np.float64(-213.3), np.float64(-73.0), np.float64(163.9), np.float64(-122.9)]"
i2.0_w3_p0.5_s5.0_t30.0_htf20,2.0,3,0.5,5.0,30.0,20,7145,103.6,-303.4,22522.0,-13.89,-358.1,-384.2,-265.5,"[np.float64(-224.3), np.float64(-258.1), np.float64(-274.3), np.float64(-320.2), np.float64(-336.1), np.float64(-358.1)]"
i2.0_w3_p0.5_s5.0_t30.0_htf40,2.0,3,0.5,5.0,30.0,40,7544,109.3,-312.6,23212.0,-12.96,-414.3,-351.7,-294.4,"[np.float64(-414.3), np.float64(-221.7), np.float64(-308.3), np.float64(-348.0), np.float64(-214.7), np.float64(-319.7)]"
i2.0_w3_p0.5_s5.0_t44.0_htf0,2.0,3,0.5,5.0,44.0,0,10015,145.1,51.3,6211.0,1.31,-146.9,-115.1,129.1,"[np.float64(308.9), np.float64(-110.0), np.float64(-146.9), np.float64(70.9), np.float64(217.9), np.float64(-40.1)]"
i2.0_w3_p0.5_s5.0_t44.0_htf20,2.0,3,0.5,5.0,44.0,20,7080,102.6,-312.6,23288.0,-14.42,-384.4,-385.8,-278.3,"[np.float64(-253.9), np.float64(-241.0), np.float64(-253.8), np.float64(-315.7), np.float64(-374.8), np.float64(-384.4)]"
i2.0_w3_p0.5_s5.0_t44.0_htf40,2.0,3,0.5,5.0,44.0,40,7460,108.1,-345.6,25137.0,-13.82,-461.8,-375.4,-331.7,"[np.float64(-461.8), np.float64(-206.7), np.float64(-306.3), np.float64(-374.4), np.float64(-299.0), np.float64(-370.4)]"
i2.0_w3_p0.5_s8.0_t20.0_htf0,2.0,3,0.5,8.0,20.0,0,10306,149.4,-212.1,16657.0,-8.15,-274.2,-226.8,-205.2,"[np.float64(-183.6), np.float64(-230.5), np.float64(-274.2), np.float64(-267.7), np.float64(-44.0), np.float64(-241.8)]"
i2.0_w3_p0.5_s8.0_t20.0_htf20,2.0,3,0.5,8.0,20.0,20,6853,99.3,-304.8,22301.0,-13.86,-418.3,-386.7,-266.5,"[np.float64(-256.9), np.float64(-180.3), np.float64(-304.7), np.float64(-361.6), np.float64(-418.3), np.float64(-246.0)]"
i2.0_w3_p0.5_s8.0_t20.0_htf40,2.0,3,0.5,8.0,20.0,40,7269,105.3,-297.4,21234.0,-13.93,-412.3,-305.4,-293.6,"[np.float64(-412.3), np.float64(-173.4), np.float64(-264.5), np.float64(-333.9), np.float64(-281.2), np.float64(-272.5)]"
i2.0_w3_p0.5_s8.0_t30.0_htf0,2.0,3,0.5,8.0,30.0,0,9868,143.0,-62.6,10432.0,-1.72,-209.0,-160.3,-16.9,"[np.float64(68.9), np.float64(-209.0), np.float64(-162.6), np.float64(-157.0), np.float64(201.6), np.float64(-115.0)]"
i2.0_w3_p0.5_s8.0_t30.0_htf20,2.0,3,0.5,8.0,30.0,20,6701,97.1,-320.2,23615.0,-13.36,-403.8,-412.1,-277.2,"[np.float64(-285.2), np.float64(-222.4), np.float64(-283.0), np.float64(-349.6), np.float64(-403.8), np.float64(-308.0)]"
i2.0_w3_p0.5_s8.0_t30.0_htf40,2.0,3,0.5,8.0,30.0,40,7096,102.8,-327.2,23928.0,-12.78,-463.2,-338.0,-322.1,"[np.float64(-463.2), np.float64(-210.4), np.float64(-283.7), np.float64(-331.4), np.float64(-283.9), np.float64(-336.3)]"
i2.0_w3_p0.5_s8.0_t44.0_htf0,2.0,3,0.5,8.0,44.0,0,9467,137.2,-1.2,9840.0,-0.03,-226.9,-90.7,40.7,"[np.float64(227.2), np.float64(-226.9), np.float64(-111.0), np.float64(-114.4), np.float64(193.9), np.float64(14.6)]"
i2.0_w3_p0.5_s8.0_t44.0_htf20,2.0,3,0.5,8.0,44.0,20,6606,95.7,-335.7,24820.0,-13.18,-484.6,-427.0,-293.0,"[np.float64(-296.3), np.float64(-207.6), np.float64(-278.9), np.float64(-332.7), np.float64(-484.6), np.float64(-340.6)]"
i2.0_w3_p0.5_s8.0_t44.0_htf40,2.0,3,0.5,8.0,44.0,40,6989,101.3,-388.9,27900.0,-13.9,-510.5,-368.3,-398.5,"[np.float64(-510.5), np.float64(-200.6), np.float64(-297.7), np.float64(-392.2), np.float64(-444.2), np.float64(-423.6)]"
i2.0_w3_p0.5_s12.0_t20.0_htf0,2.0,3,0.5,12.0,20.0,0,9897,143.4,-330.4,24476.0,-12.58,-438.0,-367.7,-313.0,"[np.float64(-366.7), np.float64(-210.9), np.float64(-262.5), np.float64(-438.0), np.float64(-267.3), np.float64(-391.0)]"
i2.0_w3_p0.5_s12.0_t20.0_htf20,2.0,3,0.5,12.0,20.0,20,6469,93.8,-304.3,22464.0,-13.09,-461.0,-374.4,-271.5,"[np.float64(-245.9), np.float64(-167.4), np.float64(-288.4), np.float64(-376.8), np.float64(-461.0), np.float64(-241.8)]"
i2.0_w3_p0.5_s12.0_t20.0_htf40,2.0,3,0.5,12.0,20.0,40,6873,99.6,-316.6,22509.0,-13.19,-462.2,-348.3,-301.7,"[np.float64(-462.2), np.float64(-207.9), np.float64(-211.1), np.float64(-347.1), np.float64(-352.8), np.float64(-268.1)]"
i2.0_w3_p0.5_s12.0_t30.0_htf0,2.0,3,0.5,12.0,30.0,0,9354,135.6,-165.4,15913.0,-4.4,-334.4,-285.3,-109.3,"[np.float64(-10.4), np.float64(-170.0), np.float64(-160.3), np.float64(-231.4), np.float64(-64.0), np.float64(-334.4)]"
i2.0_w3_p0.5_s12.0_t30.0_htf20,2.0,3,0.5,12.0,30.0,20,6297,91.3,-309.9,23438.0,-11.86,-429.3,-387.8,-273.5,"[np.float64(-288.5), np.float64(-193.0), np.float64(-233.5), np.float64(-361.1), np.float64(-429.3), np.float64(-306.7)]"
i2.0_w3_p0.5_s12.0_t30.0_htf40,2.0,3,0.5,12.0,30.0,40,6674,96.7,-343.1,25351.0,-11.67,-483.7,-365.4,-332.7,"[np.float64(-483.7), np.float64(-241.4), np.float64(-271.3), np.float64(-355.5), np.float64(-310.4), np.float64(-340.3)]"
i2.0_w3_p0.5_s12.0_t44.0_htf0,2.0,3,0.5,12.0,44.0,0,8909,129.1,-146.5,15315.0,-3.45,-344.7,-292.4,-78.2,"[np.float64(118.3), np.float64(-146.1), np.float64(-128.0), np.float64(-344.7), np.float64(-114.0), np.float64(-256.6)]"
i2.0_w3_p0.5_s12.0_t44.0_htf20,2.0,3,0.5,12.0,44.0,20,6150,89.1,-324.4,24868.0,-11.08,-580.1,-403.8,-287.2,"[np.float64(-272.7), np.float64(-195.2), np.float64(-242.7), np.float64(-316.3), np.float64(-580.1), np.float64(-284.5)]"
i2.0_w3_p0.5_s12.0_t44.0_htf40,2.0,3,0.5,12.0,44.0,40,6520,94.5,-400.9,29395.0,-13.09,-494.8,-361.5,-419.4,"[np.float64(-487.4), np.float64(-238.9), np.float64(-276.7), np.float64(-399.0), np.float64(-494.8), np.float64(-441.8)]"
i2.0_w4_p0.118_s5.0_t20.0_htf0,2.0,4,0.118,5.0,20.0,0,11752,170.3,408.8,1977.0,7.16,-3.9,410.2,408.1,"[np.float64(725.2), np.float64(-3.9), np.float64(40.4), np.float64(22.8), np.float64(1242.2), np.float64(325.6)]"
i2.0_w4_p0.118_s5.0_t20.0_htf20,2.0,4,0.118,5.0,20.0,20,8065,116.9,224.6,2871.0,6.93,-111.3,284.5,196.6,"[np.float64(241.9), np.float64(-111.3), np.float64(57.2), np.float64(59.1), np.float64(746.6), np.float64(303.0)]"
i2.0_w4_p0.118_s5.0_t20.0_htf40,2.0,4,0.118,5.0,20.0,40,8610,124.8,187.2,3724.0,5.54,-86.9,216.5,173.5,"[np.float64(148.5), np.float64(-86.9), np.float64(-49.6), np.float64(39.4), np.float64(779.6), np.float64(248.8)]"
i2.0_w4_p0.118_s5.0_t30.0_htf0,2.0,4,0.118,5.0,30.0,0,11293,163.7,530.3,1797.0,7.7,52.5,454.2,566.0,"[np.float64(1040.6), np.float64(52.5), np.float64(85.9), np.float64(160.2), np.float64(1472.2), np.float64(251.4)]"
i2.0_w4_p0.118_s5.0_t30.0_htf20,2.0,4,0.118,5.0,30.0,20,7811,113.2,188.8,4149.0,5.3,-126.1,217.5,175.4,"[np.float64(253.4), np.float64(-126.1), np.float64(29.2), np.float64(-93.3), np.float64(772.5), np.float64(242.1)]"
i2.0_w4_p0.118_s5.0_t30.0_htf40,2.0,4,0.118,5.0,30.0,40,8406,121.8,157.2,5563.0,4.09,-122.3,201.3,136.6,"[np.float64(155.1), np.float64(-122.3), np.float64(-105.0), np.float64(-37.8), np.float64(828.1), np.float64(182.9)]"
i2.0_w4_p0.118_s5.0_t44.0_htf0,2.0,4,0.118,5.0,44.0,0,10886,157.8,539.5,2503.0,7.19,62.5,375.9,616.0,"[np.float64(989.2), np.float64(62.5), np.float64(146.0), np.float64(136.1), np.float64(1412.4), np.float64(367.0)]"
i2.0_w4_p0.118_s5.0_t44.0_htf20,2.0,4,0.118,5.0,44.0,20,7683,111.3,165.8,4554.0,4.64,-162.7,178.9,159.7,"[np.float64(203.5), np.float64(-162.7), np.float64(40.0), np.float64(-70.8), np.float64(749.1), np.float64(188.5)]"
i2.0_w4_p0.118_s5.0_t44.0_htf40,2.0,4,0.118,5.0,44.0,40,8261,119.7,108.3,6726.0,2.83,-155.3,123.7,101.1,"[np.float64(33.1), np.float64(-155.3), np.float64(-84.2), np.float64(-60.2), np.float64(739.4), np.float64(145.1)]"
i2.0_w4_p0.118_s8.0_t20.0_htf0,2.0,4,0.118,8.0,20.0,0,11419,165.5,226.8,3904.0,5.14,-158.9,212.3,233.6,"[np.float64(337.0), np.float64(-158.9), np.float64(117.1), np.float64(-122.2), np.float64(879.7), np.float64(241.2)]"
i2.0_w4_p0.118_s8.0_t20.0_htf20,2.0,4,0.118,8.0,20.0,20,7702,111.6,181.9,3426.0,5.87,-64.5,251.1,149.5,"[np.float64(163.4), np.float64(-64.5), np.float64(17.6), np.float64(-2.3), np.float64(689.6), np.float64(242.1)]"
i2.0_w4_p0.118_s8.0_t20.0_htf40,2.0,4,0.118,8.0,20.0,40,8196,118.8,152.3,4550.0,4.48,-99.6,238.4,111.9,"[np.float64(101.4), np.float64(-99.6), np.float64(-55.8), np.float64(-13.5), np.float64(699.9), np.float64(242.1)]"
i2.0_w4_p0.118_s8.0_t30.0_htf0,2.0,4,0.118,8.0,30.0,0,10936,158.5,303.1,3779.0,5.61,-91.0,178.2,361.5,"[np.float64(402.4), np.float64(-91.0), np.float64(108.6), np.float64(25.7), np.float64(1174.1), np.float64(124.9)]"
i2.0_w4_p0.118_s8.0_t30.0_htf20,2.0,4,0.118,8.0,30.0,20,7430,107.7,135.0,5180.0,4.19,-93.8,168.1,119.5,"[np.float64(179.7), np.float64(-93.8), np.float64(-3.8), np.float64(-82.6), np.float64(640.8), np.float64(129.3)]"
i2.0_w4_p0.118_s8.0_t30.0_htf40,2.0,4,0.118,8.0,30.0,40,7946,115.2,98.4,6590.0,2.62,-122.3,158.6,70.3,"[np.float64(11.7), np.float64(-122.3), np.float64(-95.3), np.float64(-106.0), np.float64(766.0), np.float64(103.1)]"
i2.0_w4_p0.118_s8.0_t44.0_htf0,2.0,4,0.118,8.0,44.0,0,10470,151.7,380.9,5442.0,5.98,-134.2,190.2,470.2,"[np.float64(470.5), np.float64(-134.2), np.float64(218.0), np.float64(152.3), np.float64(1232.3), np.float64(264.0)]"
i2.0_w4_p0.118_s8.0_t44.0_htf20,2.0,4,0.118,8.0,44.0,20,7269,105.3,83.4,6390.0,2.56,-145.1,114.1,69.1,"[np.float64(131.8), np.float64(-145.1), np.float64(-14.8), np.float64(-108.0), np.float64(613.7), np.float64(-6.9)]"
i2.0_w4_p0.118_s8.0_t44.0_htf40,2.0,4,0.118,8.0,44.0,40,7783,112.8,12.3,9732.0,0.34,-179.3,46.5,-3.7,"[np.float64(-131.7), np.float64(-178.5), np.float64(-82.7), np.float64(-179.3), np.float64(579.3), np.float64(48.5)]"
i2.0_w4_p0.118_s12.0_t20.0_htf0,2.0,4,0.118,12.0,20.0,0,11001,159.4,79.6,6213.0,2.12,-203.8,35.9,100.1,"[np.float64(-129.0), np.float64(-203.8), np.float64(78.9), np.float64(-193.3), np.float64(629.3), np.float64(259.8)]"
i2.0_w4_p0.118_s12.0_t20.0_htf20,2.0,4,0.118,12.0,20.0,20,7284,105.6,169.9,3151.0,5.66,-112.8,244.8,134.9,"[np.float64(150.4), np.float64(-112.8), np.float64(64.8), np.float64(-7.1), np.float64(687.5), np.float64(193.8)]"
i2.0_w4_p0.118_s12.0_t20.0_htf40,2.0,4,0.118,12.0,20.0,40,7776,112.7,142.4,4570.0,4.24,-140.3,249.4,92.4,"[np.float64(63.1), np.float64(-140.3), np.float64(-14.5), np.float64(80.1), np.float64(642.2), np.float64(195.0)]"
i2.0_w4_p0.118_s12.0_t30.0_htf0,2.0,4,0.118,12.0,30.0,0,10509,152.3,87.0,4358.0,2.06,-137.0,40.1,109.0,"[np.float64(20.9), np.float64(-113.4), np.float64(93.2), np.float64(-137.0), np.float64(639.8), np.float64(-14.5)]"
i2.0_w4_p0.118_s12.0_t30.0_htf20,2.0,4,0.118,12.0,30.0,20,6958,100.8,131.9,4775.0,4.23,-138.4,208.6,96.0,"[np.float64(184.8), np.float64(-127.0), np.float64(49.3), np.float64(-138.4), np.float64(681.5), np.float64(96.7)]"
i2.0_w4_p0.118_s12.0_t30.0_htf40,2.0,4,0.118,12.0,30.0,40,7464,108.2,94.6,5430.0,2.58,-155.1,197.5,46.4,"[np.float64(-26.3), np.float64(-155.1), np.float64(-58.9), np.float64(48.5), np.float64(670.9), np.float64(68.8)]"
i2.0_w4_p0.118_s12.0_t44.0_htf0,2.0,4,0.118,12.0,44.0,0,9977,144.6,186.1,5808.0,3.75,-154.4,65.9,242.4,"[np.float64(142.6), np.float64(-154.4), np.float64(185.4), np.float64(-7.2), np.float64(792.6), np.float64(110.8)]"
i2.0_w4_p0.118_s12.0_t44.0_htf20,2.0,4,0.118,12.0,44.0,20,6772,98.1,63.4,5399.0,2.18,-176.8,121.1,36.3,"[np.float64(135.6), np.float64(-176.8), np.float64(28.1), np.float64(-94.0), np.float64(546.1), np.float64(-82.6)]"
i2.0_w4_p0.118_s12.0_t44.0_htf40,2.0,4,0.118,12.0,44.0,40,7254,105.1,-27.6,8534.0,-0.82,-227.4,20.2,-50.1,"[np.float64(-191.7), np.float64(-227.4), np.float64(-76.8), np.float64(7.0), np.float64(368.7), np.float64(-38.1)]"
i2.0_w4_p0.236_s5.0_t20.0_htf0,2.0,4,0.236,5.0,20.0,0,11514,166.9,61.7,8521.0,1.6,-288.8,-54.5,116.2,"[np.float64(302.8), np.float64(-288.8), np.float64(-147.0), np.float64(-77.7), np.float64(560.8), np.float64(-1.7)]"
i2.0_w4_p0.236_s5.0_t20.0_htf20,2.0,4,0.236,5.0,20.0,20,7814,113.2,-30.2,8370.0,-1.38,-215.9,-39.0,-26.1,"[np.float64(-32.5), np.float64(-215.9), np.float64(-125.9), np.float64(-131.3), np.float64(375.5), np.float64(-54.4)]"
i2.0_w4_p0.236_s5.0_t20.0_htf40,2.0,4,0.236,5.0,20.0,40,8412,121.9,-82.4,10671.0,-3.08,-295.0,-155.3,-48.3,"[np.float64(-185.9), np.float64(-295.0), np.float64(-118.9), np.float64(-135.5), np.float64(294.9), np.float64(-44.7)]"
i2.0_w4_p0.236_s5.0_t30.0_htf0,2.0,4,0.236,5.0,30.0,0,11079,160.6,188.4,6644.0,3.61,-265.2,37.1,259.2,"[np.float64(556.0), np.float64(-265.2), np.float64(-82.5), np.float64(-7.3), np.float64(956.0), np.float64(-74.5)]"
i2.0_w4_p0.236_s5.0_t30.0_htf20,2.0,4,0.236,5.0,30.0,20,7645,110.8,-56.4,9872.0,-2.3,-213.9,-71.7,-49.3,"[np.float64(-83.8), np.float64(-213.9), np.float64(-152.7), np.float64(-207.5), np.float64(407.0), np.float64(-90.8)]"
i2.0_w4_p0.236_s5.0_t30.0_htf40,2.0,4,0.236,5.0,30.0,40,8257,119.7,-110.4,12496.0,-3.7,-300.5,-153.4,-90.2,"[np.float64(-223.7), np.float64(-300.5), np.float64(-152.6), np.float64(-188.0), np.float64(324.1), np.float64(-109.5)]"
i2.0_w4_p0.236_s5.0_t44.0_htf0,2.0,4,0.236,5.0,44.0,0,10650,154.3,309.1,4816.0,4.88,-257.2,128.3,393.8,"[np.float64(891.3), np.float64(-257.2), np.float64(43.1), np.float64(87.6), np.float64(1126.5), np.float64(-106.4)]"
i2.0_w4_p0.236_s5.0_t44.0_htf20,2.0,4,0.236,5.0,44.0,20,7546,109.4,-91.1,10956.0,-3.44,-253.3,-121.9,-76.7,"[np.float64(-69.2), np.float64(-253.3), np.float64(-178.0), np.float64(-204.8), np.float64(347.4), np.float64(-183.1)]"
i2.0_w4_p0.236_s5.0_t44.0_htf40,2.0,4,0.236,5.0,44.0,40,8168,118.4,-138.0,13736.0,-4.23,-318.0,-211.8,-103.5,"[np.float64(-318.0), np.float64(-302.2), np.float64(-160.4), np.float64(-163.9), np.float64(257.4), np.float64(-119.9)]"
i2.0_w4_p0.236_s8.0_t20.0_htf0,2.0,4,0.236,8.0,20.0,0,11181,162.0,-70.0,11578.0,-2.06,-284.6,-175.7,-20.5,"[np.float64(-49.2), np.float64(-270.1), np.float64(-191.6), np.float64(-284.6), np.float64(430.0), np.float64(-60.9)]"
i2.0_w4_p0.236_s8.0_t20.0_htf20,2.0,4,0.236,8.0,20.0,20,7430,107.7,-49.4,9123.0,-2.25,-203.5,-70.0,-39.8,"[np.float64(-68.6), np.float64(-203.5), np.float64(-187.1), np.float64(-74.0), np.float64(304.0), np.float64(-61.0)]"
i2.0_w4_p0.236_s8.0_t20.0_htf40,2.0,4,0.236,8.0,20.0,40,7988,115.8,-113.9,11809.0,-4.1,-303.5,-170.1,-87.6,"[np.float64(-254.1), np.float64(-303.5), np.float64(-182.1), np.float64(-142.1), np.float64(282.8), np.float64(-67.7)]"
i2.0_w4_p0.236_s8.0_t30.0_htf0,2.0,4,0.236,8.0,30.0,0,10699,155.1,23.0,8760.0,0.51,-282.4,-115.8,88.0,"[np.float64(157.6), np.float64(-215.2), np.float64(-65.1), np.float64(-282.4), np.float64(683.5), np.float64(-169.7)]"
i2.0_w4_p0.236_s8.0_t30.0_htf20,2.0,4,0.236,8.0,30.0,20,7206,104.4,-90.5,10576.0,-3.92,-219.9,-138.3,-68.2,"[np.float64(-126.9), np.float64(-216.8), np.float64(-219.9), np.float64(-145.7), np.float64(270.0), np.float64(-93.4)]"
i2.0_w4_p0.236_s8.0_t30.0_htf40,2.0,4,0.236,8.0,30.0,40,7785,112.8,-157.9,14236.0,-4.86,-336.8,-186.3,-144.6,"[np.float64(-336.8), np.float64(-311.2), np.float64(-219.6), np.float64(-199.7), np.float64(309.8), np.float64(-167.1)]"
i2.0_w4_p0.236_s8.0_t44.0_htf0,2.0,4,0.236,8.0,44.0,0,10257,148.7,158.5,5891.0,3.49,-213.6,35.0,216.4,"[np.float64(389.2), np.float64(-213.6), np.float64(1.5), np.float64(-102.8), np.float64(851.9), np.float64(-23.1)]"
i2.0_w4_p0.236_s8.0_t44.0_htf20,2.0,4,0.236,8.0,44.0,20,7081,102.6,-138.4,12169.0,-5.8,-262.4,-202.6,-108.3,"[np.float64(-136.1), np.float64(-255.4), np.float64(-262.4), np.float64(-147.0), np.float64(183.2), np.float64(-190.3)]"
i2.0_w4_p0.236_s8.0_t44.0_htf40,2.0,4,0.236,8.0,44.0,40,7663,111.1,-218.0,17020.0,-6.64,-462.3,-259.8,-198.5,"[np.float64(-462.3), np.float64(-319.9), np.float64(-194.0), np.float64(-250.3), np.float64(179.7), np.float64(-227.8)]"
i2.0_w4_p0.236_s12.0_t20.0_htf0,2.0,4,0.236,12.0,20.0,0,10768,156.1,-239.8,17457.0,-7.18,-424.6,-391.3,-168.9,"[np.float64(-424.6), np.float64(-315.6), np.float64(-164.4), np.float64(-393.0), np.float64(65.7), np.float64(-179.8)]"
i2.0_w4_p0.236_s12.0_t20.0_htf20,2.0,4,0.236,12.0,20.0,20,6991,101.3,-30.2,8302.0,-1.29,-170.1,-47.1,-22.3,"[np.float64(-134.5), np.float64(-170.1), np.float64(-129.1), np.float64(-56.7), np.float64(337.8), np.float64(-25.9)]"
i2.0_w4_p0.236_s12.0_t20.0_htf40,2.0,4,0.236,12.0,20.0,40,7511,108.9,-118.6,11866.0,-4.19,-315.3,-164.3,-97.1,"[np.float64(-315.3), np.float64(-273.3), np.float64(-170.2), np.float64(-100.0), np.float64(230.6), np.float64(-61.8)]"
i2.0_w4_p0.236_s12.0_t30.0_htf0,2.0,4,0.236,12.0,30.0,0,10287,149.1,-112.6,12423.0,-2.5,-318.1,-256.7,-45.1,"[np.float64(-168.6), np.float64(-238.3), np.float64(-136.4), np.float64(-318.1), np.float64(436.0), np.float64(-228.4)]"
i2.0_w4_p0.236_s12.0_t30.0_htf20,2.0,4,0.236,12.0,30.0,20,6710,97.2,-84.8,9651.0,-3.61,-225.7,-76.6,-88.7,"[np.float64(-95.6), np.float64(-225.7), np.float64(-177.8), np.float64(-87.2), np.float64(212.8), np.float64(-121.5)]"
i2.0_w4_p0.236_s12.0_t30.0_htf40,2.0,4,0.236,12.0,30.0,40,7272,105.4,-187.8,14725.0,-5.59,-354.2,-164.7,-198.6,"[np.float64(-354.2), np.float64(-305.6), np.float64(-197.8), np.float64(-238.8), np.float64(207.7), np.float64(-210.9)]"
i2.0_w4_p0.236_s12.0_t44.0_htf0,2.0,4,0.236,12.0,44.0,0,9754,141.4,-4.8,9237.0,-0.12,-300.3,-152.1,64.1,"[np.float64(294.0), np.float64(-203.0), np.float64(-54.6), np.float64(-300.3), np.float64(505.3), np.float64(-294.4)]"
i2.0_w4_p0.236_s12.0_t44.0_htf20,2.0,4,0.236,12.0,44.0,20,6557,95.0,-123.6,11328.0,-5.11,-264.2,-130.6,-120.3,"[np.float64(-113.9), np.float64(-264.2), np.float64(-205.5), np.float64(-97.1), np.float64(100.7), np.float64(-138.8)]"
i2.0_w4_p0.236_s12.0_t44.0_htf40,2.0,4,0.236,12.0,44.0,40,7107,103.0,-243.9,18853.0,-7.56,-437.6,-234.0,-248.6,"[np.float64(-437.6), np.float64(-326.7), np.float64(-183.7), np.float64(-278.6), np.float64(64.3), np.float64(-263.5)]"
i2.0_w4_p0.382_s5.0_t20.0_htf0,2.0,4,0.382,5.0,20.0,0,10981,159.1,-91.7,10656.0,-3.27,-251.2,-190.6,-45.4,"[np.float64(70.8), np.float64(-215.8), np.float64(-251.2), np.float64(-140.5), np.float64(183.7), np.float64(-167.9)]"
i2.0_w4_p0.382_s5.0_t20.0_htf20,2.0,4,0.382,5.0,20.0,20,7263,105.3,-195.6,14444.0,-10.29,-277.2,-262.0,-164.5,"[np.float64(-188.3), np.float64(-209.5), np.float64(-267.1), np.float64(-277.2), np.float64(-26.1), np.float64(-162.1)]"
i2.0_w4_p0.382_s5.0_t20.0_htf40,2.0,4,0.382,5.0,20.0,40,7858,113.9,-221.2,16403.0,-10.12,-304.2,-302.5,-183.2,"[np.float64(-304.2), np.float64(-253.8), np.float64(-229.3), np.float64(-274.3), np.float64(-0.8), np.float64(-232.6)]"
i2.0_w4_p0.382_s5.0_t30.0_htf0,2.0,4,0.382,5.0,30.0,0,10515,152.4,54.2,8900.0,1.31,-252.1,-182.7,165.1,"[np.float64(256.8), np.float64(-179.3), np.float64(-252.1), np.float64(24.6), np.float64(553.0), np.float64(-89.4)]"
i2.0_w4_p0.382_s5.0_t30.0_htf20,2.0,4,0.382,5.0,30.0,20,7135,103.4,-228.2,17256.0,-10.96,-317.8,-307.1,-191.3,"[np.float64(-188.9), np.float64(-226.6), np.float64(-317.8), np.float64(-247.5), np.float64(-61.2), np.float64(-272.1)]"
i2.0_w4_p0.382_s5.0_t30.0_htf40,2.0,4,0.382,5.0,30.0,40,7727,112.0,-241.7,18449.0,-9.48,-353.0,-366.3,-183.4,"[np.float64(-341.8), np.float64(-245.9), np.float64(-227.6), np.float64(-226.2), np.float64(-14.2), np.float64(-353.0)]"
i2.0_w4_p0.382_s5.0_t44.0_htf0,2.0,4,0.382,5.0,44.0,0,10101,146.4,134.5,7700.0,2.52,-217.0,-129.2,257.9,"[np.float64(504.1), np.float64(-117.6), np.float64(-217.0), np.float64(-43.2), np.float64(775.7), np.float64(-132.2)]"
i2.0_w4_p0.382_s5.0_t44.0_htf20,2.0,4,0.382,5.0,44.0,20,7050,102.2,-243.1,18465.0,-10.29,-340.5,-339.9,-197.8,"[np.float64(-200.7), np.float64(-223.7), np.float64(-326.4), np.float64(-262.0), np.float64(-47.9), np.float64(-340.5)]"
i2.0_w4_p0.382_s5.0_t44.0_htf40,2.0,4,0.382,5.0,44.0,40,7636,110.7,-274.6,20587.0,-10.13,-398.0,-381.4,-224.6,"[np.float64(-398.0), np.float64(-257.5), np.float64(-258.4), np.float64(-239.3), np.float64(-49.2), np.float64(-396.4)]"
i2.0_w4_p0.382_s8.0_t20.0_htf0,2.0,4,0.382,8.0,20.0,0,10645,154.3,-178.4,13986.0,-6.98,-291.1,-267.6,-136.6,"[np.float64(-88.7), np.float64(-291.1), np.float64(-262.7), np.float64(-172.2), np.float64(34.1), np.float64(-259.5)]"
i2.0_w4_p0.382_s8.0_t20.0_htf20,2.0,4,0.382,8.0,20.0,20,6879,99.7,-220.5,16233.0,-11.97,-311.7,-254.3,-204.7,"[np.float64(-257.0), np.float64(-189.9), np.float64(-258.9), np.float64(-311.7), np.float64(-119.7), np.float64(-140.8)]"
i2.0_w4_p0.382_s8.0_t20.0_htf40,2.0,4,0.382,8.0,20.0,40,7453,108.0,-248.9,18018.0,-10.46,-399.7,-321.4,-215.0,"[np.float64(-399.7), np.float64(-257.3), np.float64(-245.8), np.float64(-283.3), np.float64(-39.3), np.float64(-207.8)]"
i2.0_w4_p0.382_s8.0_t30.0_htf0,2.0,4,0.382,8.0,30.0,0,10137,146.9,-50.8,9799.0,-1.59,-273.1,-205.8,21.7,"[np.float64(134.8), np.float64(-273.1), np.float64(-217.6), np.float64(-39.6), np.float64(323.5), np.float64(-223.5)]"
i2.0_w4_p0.382_s8.0_t30.0_htf20,2.0,4,0.382,8.0,30.0,20,6691,97.0,-255.5,19028.0,-11.75,-324.4,-293.2,-237.9,"[np.float64(-250.8), np.float64(-211.8), np.float64(-324.4), np.float64(-290.4), np.float64(-131.5), np.float64(-266.9)]"
i2.0_w4_p0.382_s8.0_t30.0_htf40,2.0,4,0.382,8.0,30.0,40,7262,105.2,-302.9,22221.0,-10.65,-447.4,-376.9,-268.3,"[np.float64(-447.4), np.float64(-264.1), np.float64(-280.3), np.float64(-336.7), np.float64(-36.0), np.float64(-383.4)]"
i2.0_w4_p0.382_s8.0_t44.0_htf0,2.0,4,0.382,8.0,44.0,0,9687,140.4,29.8,7447.0,0.71,-214.1,-166.2,121.5,"[np.float64(382.9), np.float64(-135.0), np.float64(-125.9), np.float64(-214.1), np.float64(435.2), np.float64(-178.4)]"
i2.0_w4_p0.382_s8.0_t44.0_htf20,2.0,4,0.382,8.0,44.0,20,6594,95.6,-275.9,20529.0,-11.61,-327.1,-329.7,-250.7,"[np.float64(-268.6), np.float64(-208.1), np.float64(-317.2), np.float64(-273.0), np.float64(-197.5), np.float64(-327.1)]"
i2.0_w4_p0.382_s8.0_t44.0_htf40,2.0,4,0.382,8.0,44.0,40,7144,103.5,-341.9,24788.0,-11.45,-481.4,-408.5,-310.7,"[np.float64(-481.4), np.float64(-287.2), np.float64(-309.7), np.float64(-325.5), np.float64(-102.1), np.float64(-463.2)]"
i2.0_w4_p0.382_s12.0_t20.0_htf0,2.0,4,0.382,12.0,20.0,0,10214,148.0,-402.5,28195.0,-13.13,-571.1,-544.4,-336.1,"[np.float64(-571.1), np.float64(-331.4), np.float64(-354.8), np.float64(-331.0), np.float64(-326.5), np.float64(-427.0)]"
i2.0_w4_p0.382_s12.0_t20.0_htf20,2.0,4,0.382,12.0,20.0,20,6461,93.6,-215.5,15741.0,-10.94,-279.4,-244.9,-201.7,"[np.float64(-218.7), np.float64(-180.3), np.float64(-231.1), np.float64(-279.4), np.float64(-180.3), np.float64(-157.4)]"
i2.0_w4_p0.382_s12.0_t20.0_htf40,2.0,4,0.382,12.0,20.0,40,6977,101.1,-244.8,17502.0,-9.43,-375.7,-316.1,-211.4,"[np.float64(-375.7), np.float64(-229.7), np.float64(-193.3), np.float64(-301.3), np.float64(-104.3), np.float64(-209.1)]"
i2.0_w4_p0.382_s12.0_t30.0_htf0,2.0,4,0.382,12.0,30.0,0,9684,140.3,-302.8,22714.0,-10.0,-377.6,-390.4,-261.8,"[np.float64(-377.6), np.float64(-337.6), np.float64(-340.3), np.float64(-293.3), np.float64(-40.7), np.float64(-376.3)]"
i2.0_w4_p0.382_s12.0_t30.0_htf20,2.0,4,0.382,12.0,30.0,20,6223,90.2,-251.5,18810.0,-11.39,-304.0,-253.8,-250.4,"[np.float64(-182.7), np.float64(-226.4), np.float64(-245.1), np.float64(-304.0), np.float64(-200.0), np.float64(-294.6)]"
i2.0_w4_p0.382_s12.0_t30.0_htf40,2.0,4,0.382,12.0,30.0,40,6754,97.9,-305.1,22520.0,-10.2,-431.1,-337.7,-289.8,"[np.float64(-431.1), np.float64(-254.9), np.float64(-217.4), np.float64(-364.9), np.float64(-107.3), np.float64(-387.8)]"
i2.0_w4_p0.382_s12.0_t44.0_htf0,2.0,4,0.382,12.0,44.0,0,9173,132.9,-176.9,15159.0,-5.16,-280.4,-374.3,-84.5,"[np.float64(-72.0), np.float64(-254.7), np.float64(-260.1), np.float64(-280.4), np.float64(-9.0), np.float64(-164.4)]"
i2.0_w4_p0.382_s12.0_t44.0_htf20,2.0,4,0.382,12.0,44.0,20,6096,88.3,-292.0,21890.0,-12.2,-366.6,-313.1,-282.0,"[np.float64(-232.4), np.float64(-228.4), np.float64(-237.4), np.float64(-301.1), np.float64(-318.9), np.float64(-366.6)]"
i2.0_w4_p0.382_s12.0_t44.0_htf40,2.0,4,0.382,12.0,44.0,40,6606,95.7,-366.1,26538.0,-11.45,-514.0,-396.4,-351.9,"[np.float64(-514.0), np.float64(-280.5), np.float64(-252.0), np.float64(-370.7), np.float64(-275.4), np.float64(-419.8)]"
i2.0_w4_p0.5_s5.0_t20.0_htf0,2.0,4,0.5,5.0,20.0,0,10458,151.6,-153.3,13059.0,-6.73,-245.4,-274.8,-96.5,"[np.float64(-2.3), np.float64(-223.0), np.float64(-230.5), np.float64(-245.4), np.float64(-17.3), np.float64(-183.8)]"
i2.0_w4_p0.5_s5.0_t20.0_htf20,2.0,4,0.5,5.0,20.0,20,6753,97.9,-266.0,19245.0,-15.88,-359.2,-315.5,-242.9,"[np.float64(-211.2), np.float64(-147.0), np.float64(-224.3), np.float64(-352.9), np.float64(-252.1), np.float64(-359.2)]"
i2.0_w4_p0.5_s5.0_t20.0_htf40,2.0,4,0.5,5.0,20.0,40,7285,105.6,-295.2,21356.0,-15.02,-351.9,-386.8,-252.3,"[np.float64(-351.9), np.float64(-163.7), np.float64(-329.6), np.float64(-254.2), np.float64(-273.0), np.float64(-332.4)]"
i2.0_w4_p0.5_s5.0_t30.0_htf0,2.0,4,0.5,5.0,30.0,0,10081,146.1,-80.3,10365.0,-2.5,-203.3,-299.6,22.3,"[np.float64(78.6), np.float64(-203.3), np.float64(-188.8), np.float64(-119.4), np.float64(176.8), np.float64(-198.8)]"
i2.0_w4_p0.5_s5.0_t30.0_htf20,2.0,4,0.5,5.0,30.0,20,6635,96.2,-281.8,20758.0,-14.0,-414.0,-344.3,-252.5,"[np.float64(-220.3), np.float64(-182.9), np.float64(-259.5), np.float64(-345.0), np.float64(-212.0), np.float64(-414.0)]"
i2.0_w4_p0.5_s5.0_t30.0_htf40,2.0,4,0.5,5.0,30.0,40,7177,104.0,-299.8,22244.0,-13.0,-399.1,-386.8,-259.1,"[np.float64(-399.1), np.float64(-165.4), np.float64(-354.4), np.float64(-250.7), np.float64(-226.2), np.float64(-335.4)]"
i2.0_w4_p0.5_s5.0_t44.0_htf0,2.0,4,0.5,5.0,44.0,0,9788,141.9,-0.4,9909.0,-0.01,-198.3,-173.3,80.5,"[np.float64(231.4), np.float64(-198.3), np.float64(-159.7), np.float64(-109.3), np.float64(335.6), np.float64(-94.7)]"
i2.0_w4_p0.5_s5.0_t44.0_htf20,2.0,4,0.5,5.0,44.0,20,6565,95.1,-303.5,22443.0,-14.37,-442.1,-341.3,-285.9,"[np.float64(-224.6), np.float64(-180.4), np.float64(-234.5), np.float64(-404.2), np.float64(-278.2), np.float64(-442.1)]"
i2.0_w4_p0.5_s5.0_t44.0_htf40,2.0,4,0.5,5.0,44.0,40,7117,103.1,-315.6,23394.0,-13.24,-419.5,-382.2,-284.4,"[np.float64(-419.5), np.float64(-186.9), np.float64(-325.1), np.float64(-232.0), np.float64(-259.4), np.float64(-395.3)]"
i2.0_w4_p0.5_s8.0_t20.0_htf0,2.0,4,0.5,8.0,20.0,0,10019,145.2,-165.6,13735.0,-7.33,-224.2,-334.0,-86.8,"[np.float64(-100.4), np.float64(-224.2), np.float64(-208.8), np.float64(-197.8), np.float64(-75.6), np.float64(-162.1)]"
i2.0_w4_p0.5_s8.0_t20.0_htf20,2.0,4,0.5,8.0,20.0,20,6360,92.2,-258.6,18688.0,-13.61,-348.1,-280.7,-248.3,"[np.float64(-214.1), np.float64(-162.0), np.float64(-165.7), np.float64(-348.1), np.float64(-292.1), np.float64(-320.6)]"
i2.0_w4_p0.5_s8.0_t20.0_htf40,2.0,4,0.5,8.0,20.0,40,6857,99.4,-288.7,20779.0,-12.91,-376.8,-357.5,-256.4,"[np.float64(-376.8), np.float64(-208.6), np.float64(-271.2), np.float64(-263.1), np.float64(-241.6), np.float64(-303.2)]"
i2.0_w4_p0.5_s8.0_t30.0_htf0,2.0,4,0.5,8.0,30.0,0,9535,138.2,-109.8,11097.0,-3.34,-271.5,-340.7,-1.8,"[np.float64(-65.6), np.float64(-169.7), np.float64(-133.9), np.float64(-170.5), np.float64(165.3), np.float64(-271.5)]"
i2.0_w4_p0.5_s8.0_t30.0_htf20,2.0,4,0.5,8.0,30.0,20,6219,90.1,-291.6,21402.0,-13.3,-408.2,-310.2,-282.9,"[np.float64(-253.5), np.float64(-179.8), np.float64(-217.5), np.float64(-358.7), np.float64(-273.9), np.float64(-408.2)]"
i2.0_w4_p0.5_s8.0_t30.0_htf40,2.0,4,0.5,8.0,30.0,40,6718,97.4,-303.3,22676.0,-11.75,-426.1,-364.2,-274.8,"[np.float64(-426.1), np.float64(-207.1), np.float64(-309.5), np.float64(-260.8), np.float64(-218.7), np.float64(-326.5)]"
i2.0_w4_p0.5_s8.0_t44.0_htf0,2.0,4,0.5,8.0,44.0,0,9216,133.6,-24.5,8681.0,-0.61,-198.5,-213.2,63.9,"[np.float64(144.2), np.float64(-198.5), np.float64(6.7), np.float64(-176.2), np.float64(263.2), np.float64(-194.7)]"
i2.0_w4_p0.5_s8.0_t44.0_htf20,2.0,4,0.5,8.0,44.0,20,6111,88.6,-319.0,23726.0,-13.43,-412.7,-329.9,-313.9,"[np.float64(-249.7), np.float64(-178.8), np.float64(-197.9), np.float64(-412.7), np.float64(-411.8), np.float64(-402.7)]"
i2.0_w4_p0.5_s8.0_t44.0_htf40,2.0,4,0.5,8.0,44.0,40,6629,96.1,-327.8,24657.0,-12.24,-429.0,-391.5,-297.9,"[np.float64(-429.0), np.float64(-237.2), np.float64(-311.8), np.float64(-281.0), np.float64(-288.2), np.float64(-341.1)]"
i2.0_w4_p0.5_s12.0_t20.0_htf0,2.0,4,0.5,12.0,20.0,0,9594,139.0,-280.3,20380.0,-12.85,-368.3,-373.1,-236.9,"[np.float64(-368.3), np.float64(-254.1), np.float64(-275.0), np.float64(-300.4), np.float64(-265.2), np.float64(-173.7)]"
i2.0_w4_p0.5_s12.0_t20.0_htf20,2.0,4,0.5,12.0,20.0,20,6012,87.1,-259.5,18734.0,-12.19,-377.7,-232.6,-272.1,"[np.float64(-209.7), np.float64(-152.8), np.float64(-139.2), np.float64(-377.7), np.float64(-309.9), np.float64(-334.4)]"
i2.0_w4_p0.5_s12.0_t20.0_htf40,2.0,4,0.5,12.0,20.0,40,6480,93.9,-295.7,20917.0,-11.88,-398.7,-320.4,-284.2,"[np.float64(-398.7), np.float64(-220.6), np.float64(-253.6), np.float64(-270.2), np.float64(-260.4), np.float64(-300.9)]"
i2.0_w4_p0.5_s12.0_t30.0_htf0,2.0,4,0.5,12.0,30.0,0,9060,131.3,-177.8,14726.0,-5.81,-259.1,-370.8,-87.4,"[np.float64(-149.8), np.float64(-238.0), np.float64(-133.3), np.float64(-259.1), np.float64(-8.2), np.float64(-255.5)]"
i2.0_w4_p0.5_s12.0_t30.0_htf20,2.0,4,0.5,12.0,30.0,20,5821,84.4,-284.8,20620.0,-12.41,-429.1,-240.5,-305.5,"[np.float64(-252.4), np.float64(-177.7), np.float64(-168.7), np.float64(-382.9), np.float64(-258.5), np.float64(-429.1)]"
i2.0_w4_p0.5_s12.0_t30.0_htf40,2.0,4,0.5,12.0,30.0,40,6297,91.3,-332.2,24005.0,-11.38,-493.8,-360.9,-318.7,"[np.float64(-493.8), np.float64(-230.9), np.float64(-279.5), np.float64(-289.9), np.float64(-254.6), np.float64(-366.3)]"
i2.0_w4_p0.5_s12.0_t44.0_htf0,2.0,4,0.5,12.0,44.0,0,8661,125.5,-108.3,11700.0,-3.0,-226.7,-357.2,8.2,"[np.float64(3.3), np.float64(-226.7), np.float64(-136.7), np.float64(-204.5), np.float64(15.5), np.float64(-90.7)]"
i2.0_w4_p0.5_s12.0_t44.0_htf20,2.0,4,0.5,12.0,44.0,20,5706,82.7,-330.7,24213.0,-13.6,-461.8,-312.8,-339.0,"[np.float64(-250.1), np.float64(-189.6), np.float64(-174.2), np.float64(-442.1), np.float64(-420.4), np.float64(-461.8)]"
i2.0_w4_p0.5_s12.0_t44.0_htf40,2.0,4,0.5,12.0,44.0,40,6186,89.7,-359.8,26207.0,-12.0,-469.6,-378.4,-351.1,"[np.float64(-469.6), np.float64(-256.4), np.float64(-297.8), np.float64(-289.9), np.float64(-376.3), np.float64(-381.6)]"
i3.0_w3_p0.118_s5.0_t20.0_htf0,3.0,3,0.118,5.0,20.0,0,11647,168.8,330.8,3347.0,6.33,-121.1,371.2,311.9,"[np.float64(657.0), np.float64(-121.1), np.float64(-14.7), np.float64(-2.6), np.float64(1106.0), np.float64(277.4)]"
i3.0_w3_p0.118_s5.0_t20.0_htf20,3.0,3,0.118,5.0,20.0,20,7894,114.4,160.3,2357.0,5.74,-35.9,217.7,133.4,"[np.float64(171.3), np.float64(-35.9), np.float64(-33.2), np.float64(41.4), np.float64(646.7), np.float64(134.6)]"
i3.0_w3_p0.118_s5.0_t20.0_htf40,3.0,3,0.118,5.0,20.0,40,8493,123.1,97.4,4764.0,3.12,-119.7,166.4,65.1,"[np.float64(54.2), np.float64(-119.7), np.float64(-61.8), np.float64(-36.6), np.float64(637.2), np.float64(83.6)]"
i3.0_w3_p0.118_s5.0_t30.0_htf0,3.0,3,0.118,5.0,30.0,0,11164,161.8,475.5,2674.0,7.09,-86.8,407.6,507.2,"[np.float64(921.6), np.float64(-86.8), np.float64(34.8), np.float64(204.2), np.float64(1430.3), np.float64(246.8)]"
i3.0_w3_p0.118_s5.0_t30.0_htf20,3.0,3,0.118,5.0,30.0,20,7697,111.6,146.9,3288.0,4.88,-60.3,145.4,147.6,"[np.float64(165.3), np.float64(-52.8), np.float64(-60.3), np.float64(70.7), np.float64(652.2), np.float64(75.6)]"
i3.0_w3_p0.118_s5.0_t30.0_htf40,3.0,3,0.118,5.0,30.0,40,8305,120.4,90.6,5894.0,2.72,-161.7,129.3,72.5,"[np.float64(36.4), np.float64(-161.7), np.float64(-64.0), np.float64(5.6), np.float64(681.3), np.float64(23.9)]"
i3.0_w3_p0.118_s5.0_t44.0_htf0,3.0,3,0.118,5.0,44.0,0,10666,154.6,533.1,3144.0,7.69,-18.0,273.0,654.8,"[np.float64(742.1), np.float64(-18.0), np.float64(92.9), np.float64(435.8), np.float64(1418.5), np.float64(430.3)]"
i3.0_w3_p0.118_s5.0_t44.0_htf20,3.0,3,0.118,5.0,44.0,20,7555,109.5,93.9,4491.0,3.19,-109.5,67.9,106.0,"[np.float64(134.8), np.float64(-109.5), np.float64(-77.3), np.float64(105.7), np.float64(523.9), np.float64(-29.0)]"
i3.0_w3_p0.118_s5.0_t44.0_htf40,3.0,3,0.118,5.0,44.0,40,8162,118.3,60.9,7454.0,1.76,-243.8,108.7,38.5,"[np.float64(-34.3), np.float64(-243.8), np.float64(-60.4), np.float64(59.8), np.float64(616.6), np.float64(17.0)]"
i3.0_w3_p0.118_s8.0_t20.0_htf0,3.0,3,0.118,8.0,20.0,0,11348,164.5,163.5,6002.0,3.98,-206.0,160.5,164.8,"[np.float64(296.2), np.float64(-206.0), np.float64(-27.2), np.float64(-128.9), np.float64(798.2), np.float64(196.8)]"
i3.0_w3_p0.118_s8.0_t20.0_htf20,3.0,3,0.118,8.0,20.0,20,7553,109.5,119.2,3468.0,4.27,-49.4,197.5,82.5,"[np.float64(94.1), np.float64(-49.4), np.float64(-41.3), np.float64(-28.0), np.float64(573.5), np.float64(134.1)]"
i3.0_w3_p0.118_s8.0_t20.0_htf40,3.0,3,0.118,8.0,20.0,40,8136,117.9,29.9,7513.0,0.98,-165.7,96.8,-1.4,"[np.float64(-57.2), np.float64(-165.7), np.float64(-134.2), np.float64(-92.9), np.float64(596.0), np.float64(18.2)]"
i3.0_w3_p0.118_s8.0_t30.0_htf0,3.0,3,0.118,8.0,30.0,0,10855,157.3,229.7,5372.0,4.38,-145.8,96.5,292.0,"[np.float64(279.8), np.float64(-145.8), np.float64(-1.8), np.float64(6.1), np.float64(1030.3), np.float64(152.7)]"
i3.0_w3_p0.118_s8.0_t30.0_htf20,3.0,3,0.118,8.0,30.0,20,7293,105.7,93.1,5020.0,3.09,-99.3,112.4,84.1,"[np.float64(97.8), np.float64(-99.3), np.float64(-54.4), np.float64(-13.5), np.float64(518.3), np.float64(85.6)]"
i3.0_w3_p0.118_s8.0_t30.0_htf40,3.0,3,0.118,8.0,30.0,40,7905,114.6,-3.1,9849.0,-0.1,-229.9,50.5,-28.3,"[np.float64(-104.3), np.float64(-229.9), np.float64(-107.0), np.float64(-117.8), np.float64(607.3), np.float64(-76.2)]"
i3.0_w3_p0.118_s8.0_t44.0_htf0,3.0,3,0.118,8.0,44.0,0,10360,150.1,227.5,4732.0,4.58,-130.7,38.9,315.8,"[np.float64(283.6), np.float64(-130.7), np.float64(44.3), np.float64(27.1), np.float64(866.5), np.float64(219.8)]"
i3.0_w3_p0.118_s8.0_t44.0_htf20,3.0,3,0.118,8.0,44.0,20,7125,103.3,58.5,5116.0,1.91,-116.3,59.2,58.1,"[np.float64(94.9), np.float64(-116.3), np.float64(-62.4), np.float64(-0.2), np.float64(409.4), np.float64(10.9)]"
i3.0_w3_p0.118_s8.0_t44.0_htf40,3.0,3,0.118,8.0,44.0,40,7722,111.9,-60.2,11516.0,-1.8,-296.0,8.6,-92.4,"[np.float64(-201.1), np.float64(-296.0), np.float64(-124.6), np.float64(-96.7), np.float64(504.7), np.float64(-140.6)]"
i3.0_w3_p0.118_s12.0_t20.0_htf0,3.0,3,0.118,12.0,20.0,0,10954,158.8,-43.1,10735.0,-1.3,-381.6,-47.8,-40.8,"[np.float64(-169.1), np.float64(-226.1), np.float64(-52.6), np.float64(-381.6), np.float64(419.2), np.float64(130.8)]"
i3.0_w3_p0.118_s12.0_t20.0_htf20,3.0,3,0.118,12.0,20.0,20,7180,104.1,55.7,4375.0,2.15,-75.0,91.8,38.7,"[np.float64(17.0), np.float64(-75.0), np.float64(-47.5), np.float64(-70.2), np.float64(415.9), np.float64(74.1)]"
i3.0_w3_p0.118_s12.0_t20.0_htf40,3.0,3,0.118,12.0,20.0,40,7708,111.7,17.4,7276.0,0.6,-162.5,96.7,-19.8,"[np.float64(-128.0), np.float64(-162.5), np.float64(-78.7), np.float64(-134.5), np.float64(502.4), np.float64(89.8)]"
i3.0_w3_p0.118_s12.0_t30.0_htf0,3.0,3,0.118,12.0,30.0,0,10436,151.2,0.3,9634.0,0.01,-280.4,-124.8,58.8,"[np.float64(-216.6), np.float64(-119.8), np.float64(-105.9), np.float64(-280.4), np.float64(642.7), np.float64(58.4)]"
i3.0_w3_p0.118_s12.0_t30.0_htf20,3.0,3,0.118,12.0,30.0,20,6868,99.5,58.7,5375.0,1.98,-81.7,41.5,66.7,"[np.float64(7.8), np.float64(-81.7), np.float64(-44.2), np.float64(-76.8), np.float64(385.0), np.float64(140.9)]"
i3.0_w3_p0.118_s12.0_t30.0_htf40,3.0,3,0.118,12.0,30.0,40,7406,107.3,-24.3,9788.0,-0.74,-248.9,60.1,-63.9,"[np.float64(-198.6), np.float64(-248.9), np.float64(-56.7), np.float64(-139.5), np.float64(424.4), np.float64(67.8)]"
i3.0_w3_p0.118_s12.0_t44.0_htf0,3.0,3,0.118,12.0,44.0,0,9896,143.4,14.6,8680.0,0.37,-202.8,-125.0,79.9,"[np.float64(-93.6), np.float64(-158.9), np.float64(-71.9), np.float64(-202.8), np.float64(455.4), np.float64(138.7)]"
i3.0_w3_p0.118_s12.0_t44.0_htf20,3.0,3,0.118,12.0,44.0,20,6680,96.8,-0.2,6156.0,-0.01,-123.2,-41.3,19.0,"[np.float64(-26.4), np.float64(-123.2), np.float64(-55.8), np.float64(-67.5), np.float64(279.3), np.float64(-13.4)]"
i3.0_w3_p0.118_s12.0_t44.0_htf40,3.0,3,0.118,12.0,44.0,40,7206,104.4,-102.5,12207.0,-3.15,-324.9,-42.7,-130.5,"[np.float64(-298.0), np.float64(-324.9), np.float64(-96.2), np.float64(-91.8), np.float64(282.7), np.float64(-68.8)]"
i3.0_w3_p0.236_s5.0_t20.0_htf0,3.0,3,0.236,5.0,20.0,0,11385,165.0,62.0,7838.0,1.67,-271.9,23.4,80.1,"[np.float64(259.7), np.float64(-271.9), np.float64(-145.7), np.float64(-84.7), np.float64(638.1), np.float64(-46.0)]"
i3.0_w3_p0.236_s5.0_t20.0_htf20,3.0,3,0.236,5.0,20.0,20,7602,110.2,-85.6,8305.0,-4.28,-176.3,-119.9,-69.5,"[np.float64(-62.8), np.float64(-161.2), np.float64(-161.8), np.float64(-123.6), np.float64(183.3), np.float64(-176.3)]"
i3.0_w3_p0.236_s5.0_t20.0_htf40,3.0,3,0.236,5.0,20.0,40,8210,119.0,-143.7,11467.0,-6.37,-267.6,-148.0,-141.7,"[np.float64(-221.1), np.float64(-267.6), np.float64(-131.6), np.float64(-223.8), np.float64(233.5), np.float64(-234.5)]"
i3.0_w3_p0.236_s5.0_t30.0_htf0,3.0,3,0.236,5.0,30.0,0,10955,158.8,256.0,4277.0,4.76,-193.4,207.3,278.8,"[np.float64(620.5), np.float64(-193.4), np.float64(-6.3), np.float64(70.1), np.float64(1030.0), np.float64(-43.3)]"
i3.0_w3_p0.236_s5.0_t30.0_htf20,3.0,3,0.236,5.0,30.0,20,7451,108.0,-83.4,8535.0,-3.35,-249.4,-141.0,-56.4,"[np.float64(-58.3), np.float64(-143.9), np.float64(-179.4), np.float64(-93.6), np.float64(237.6), np.float64(-249.4)]"
i3.0_w3_p0.236_s5.0_t30.0_htf40,3.0,3,0.236,5.0,30.0,40,8066,116.9,-145.1,12269.0,-5.4,-285.7,-152.3,-141.8,"[np.float64(-245.8), np.float64(-285.7), np.float64(-159.4), np.float64(-191.0), np.float64(301.6), np.float64(-270.2)]"
i3.0_w3_p0.236_s5.0_t44.0_htf0,3.0,3,0.236,5.0,44.0,0,10479,151.9,322.7,3962.0,5.24,-180.5,198.1,381.1,"[np.float64(692.3), np.float64(-180.5), np.float64(113.9), np.float64(68.2), np.float64(1058.3), np.float64(109.1)]"
i3.0_w3_p0.236_s5.0_t44.0_htf20,3.0,3,0.236,5.0,44.0,20,7346,106.5,-122.6,10548.0,-4.74,-275.1,-177.6,-96.8,"[np.float64(-118.8), np.float64(-162.8), np.float64(-237.7), np.float64(-139.1), np.float64(216.9), np.float64(-275.1)]"
i3.0_w3_p0.236_s5.0_t44.0_htf40,3.0,3,0.236,5.0,44.0,40,7970,115.5,-166.2,13249.0,-5.95,-301.0,-168.1,-165.3,"[np.float64(-296.0), np.float64(-301.0), np.float64(-164.3), np.float64(-166.6), np.float64(248.6), np.float64(-290.0)]"
i3.0_w3_p0.236_s8.0_t20.0_htf0,3.0,3,0.236,8.0,20.0,0,11079,160.6,-76.2,10186.0,-2.78,-315.2,-160.3,-36.8,"[np.float64(2.7), np.float64(-315.2), np.float64(-186.4), np.float64(-177.3), np.float64(307.3), np.float64(-83.8)]"
i3.0_w3_p0.236_s8.0_t20.0_htf20,3.0,3,0.236,8.0,20.0,20,7299,105.8,-115.2,9325.0,-5.65,-185.0,-127.7,-109.3,"[np.float64(-169.1), np.float64(-185.0), np.float64(-141.9), np.float64(-124.4), np.float64(110.2), np.float64(-162.3)]"
i3.0_w3_p0.236_s8.0_t20.0_htf40,3.0,3,0.236,8.0,20.0,40,7856,113.9,-188.4,13927.0,-8.34,-320.7,-184.1,-190.4,"[np.float64(-320.7), np.float64(-295.0), np.float64(-112.7), np.float64(-293.4), np.float64(125.0), np.float64(-211.1)]"
i3.0_w3_p0.236_s8.0_t30.0_htf0,3.0,3,0.236,8.0,30.0,0,10619,153.9,7.6,7885.0,0.2,-285.8,-140.7,77.1,"[np.float64(175.1), np.float64(-285.8), np.float64(-117.7), np.float64(-127.6), np.float64(597.1), np.float64(-207.8)]"
i3.0_w3_p0.236_s8.0_t30.0_htf20,3.0,3,0.236,8.0,30.0,20,7086,102.7,-129.4,11077.0,-4.83,-247.9,-203.7,-94.7,"[np.float64(-177.9), np.float64(-180.7), np.float64(-194.1), np.float64(-114.6), np.float64(161.4), np.float64(-247.9)]"
i3.0_w3_p0.236_s8.0_t30.0_htf40,3.0,3,0.236,8.0,30.0,40,7665,111.1,-214.6,15976.0,-7.56,-351.0,-231.7,-206.6,"[np.float64(-351.0), np.float64(-331.3), np.float64(-189.1), np.float64(-224.8), np.float64(152.4), np.float64(-309.0)]"
i3.0_w3_p0.236_s8.0_t44.0_htf0,3.0,3,0.236,8.0,44.0,0,10120,146.7,114.9,6614.0,2.44,-200.4,-64.7,199.0,"[np.float64(261.7), np.float64(-200.4), np.float64(22.5), np.float64(-85.8), np.float64(760.6), np.float64(-105.1)]"
i3.0_w3_p0.236_s8.0_t44.0_htf20,3.0,3,0.236,8.0,44.0,20,6956,100.8,-165.8,13380.0,-6.21,-263.8,-244.1,-129.2,"[np.float64(-224.3), np.float64(-211.6), np.float64(-225.2), np.float64(-158.6), np.float64(116.5), np.float64(-263.8)]"
i3.0_w3_p0.236_s8.0_t44.0_htf40,3.0,3,0.236,8.0,44.0,40,7535,109.2,-232.1,17391.0,-7.97,-388.7,-238.2,-229.2,"[np.float64(-388.7), np.float64(-350.4), np.float64(-180.6), np.float64(-204.5), np.float64(110.2), np.float64(-337.6)]"
i3.0_w3_p0.236_s12.0_t20.0_htf0,3.0,3,0.236,12.0,20.0,0,10718,155.3,-297.5,21635.0,-9.46,-434.9,-374.3,-261.5,"[np.float64(-434.9), np.float64(-352.3), np.float64(-288.8), np.float64(-356.1), np.float64(-118.6), np.float64(-189.6)]"
i3.0_w3_p0.236_s12.0_t20.0_htf20,3.0,3,0.236,12.0,20.0,20,6926,100.4,-138.1,10531.0,-6.22,-226.8,-141.8,-136.4,"[np.float64(-226.8), np.float64(-185.2), np.float64(-141.4), np.float64(-141.3), np.float64(98.7), np.float64(-209.8)]"
i3.0_w3_p0.236_s12.0_t20.0_htf40,3.0,3,0.236,12.0,20.0,40,7415,107.5,-193.6,14101.0,-7.54,-327.2,-182.1,-199.0,"[np.float64(-312.9), np.float64(-327.2), np.float64(-196.1), np.float64(-208.3), np.float64(141.0), np.float64(-227.3)]"
i3.0_w3_p0.236_s12.0_t30.0_htf0,3.0,3,0.236,12.0,30.0,0,10228,148.2,-141.5,12603.0,-3.85,-310.1,-266.4,-83.0,"[np.float64(-161.8), np.float64(-176.2), np.float64(-243.2), np.float64(-310.1), np.float64(323.0), np.float64(-271.0)]"
i3.0_w3_p0.236_s12.0_t30.0_htf20,3.0,3,0.236,12.0,30.0,20,6655,96.4,-125.7,10787.0,-4.84,-284.6,-154.9,-112.1,"[np.float64(-175.7), np.float64(-176.6), np.float64(-192.6), np.float64(-96.8), np.float64(195.4), np.float64(-284.6)]"
i3.0_w3_p0.236_s12.0_t30.0_htf40,3.0,3,0.236,12.0,30.0,40,7189,104.2,-216.1,16035.0,-6.97,-386.4,-171.4,-236.9,"[np.float64(-386.4), np.float64(-346.2), np.float64(-229.6), np.float64(-175.6), np.float64(222.3), np.float64(-341.4)]"
i3.0_w3_p0.236_s12.0_t44.0_htf0,3.0,3,0.236,12.0,44.0,0,9640,139.7,-38.9,9296.0,-1.08,-275.1,-175.2,24.9,"[np.float64(-48.4), np.float64(-275.1), np.float64(-24.9), np.float64(-144.9), np.float64(454.5), np.float64(-197.1)]"
i3.0_w3_p0.236_s12.0_t44.0_htf20,3.0,3,0.236,12.0,44.0,20,6492,94.1,-179.1,14275.0,-6.92,-319.2,-226.2,-157.1,"[np.float64(-228.3), np.float64(-197.6), np.float64(-240.4), np.float64(-156.1), np.float64(98.6), np.float64(-319.2)]"
i3.0_w3_p0.236_s12.0_t44.0_htf40,3.0,3,0.236,12.0,44.0,40,7027,101.8,-275.6,20212.0,-8.95,-449.1,-232.6,-295.7,"[np.float64(-449.1), np.float64(-391.1), np.float64(-244.9), np.float64(-163.7), np.float64(48.0), np.float64(-397.8)]"
i3.0_w3_p0.382_s5.0_t20.0_htf0,3.0,3,0.382,5.0,20.0,0,10913,158.2,-101.4,11023.0,-3.2,-314.0,-155.1,-76.3,"[np.float64(-34.2), np.float64(-314.0), np.float64(-141.1), np.float64(-206.1), np.float64(261.2), np.float64(-165.9)]"
i3.0_w3_p0.382_s5.0_t20.0_htf20,3.0,3,0.382,5.0,20.0,20,7094,102.8,-196.0,14572.0,-12.29,-276.1,-241.6,-174.7,"[np.float64(-160.9), np.float64(-150.2), np.float64(-265.4), np.float64(-276.1), np.float64(-46.2), np.float64(-238.6)]"
i3.0_w3_p0.382_s5.0_t20.0_htf40,3.0,3,0.382,5.0,20.0,40,7662,111.0,-223.2,16256.0,-12.1,-281.8,-277.0,-198.0,"[np.float64(-272.3), np.float64(-213.0), np.float64(-245.3), np.float64(-281.8), np.float64(-60.7), np.float64(-216.1)]"
i3.0_w3_p0.382_s5.0_t30.0_htf0,3.0,3,0.382,5.0,30.0,0,10446,151.4,-2.7,10081.0,-0.06,-288.6,-198.4,88.9,"[np.float64(102.5), np.float64(-288.6), np.float64(-163.8), np.float64(-19.4), np.float64(535.3), np.float64(-159.3)]"
i3.0_w3_p0.382_s5.0_t30.0_htf20,3.0,3,0.382,5.0,30.0,20,6968,101.0,-238.0,17917.0,-12.52,-386.6,-314.0,-202.4,"[np.float64(-211.7), np.float64(-191.6), np.float64(-279.7), np.float64(-270.8), np.float64(-50.6), np.float64(-386.6)]"
i3.0_w3_p0.382_s5.0_t30.0_htf40,3.0,3,0.382,5.0,30.0,40,7522,109.0,-222.8,16356.0,-10.78,-338.4,-316.7,-178.8,"[np.float64(-338.4), np.float64(-215.2), np.float64(-267.8), np.float64(-187.6), np.float64(-8.8), np.float64(-260.9)]"
i3.0_w3_p0.382_s5.0_t44.0_htf0,3.0,3,0.382,5.0,44.0,0,10081,146.1,57.0,9161.0,1.12,-259.5,-109.8,135.0,"[np.float64(311.5), np.float64(-259.5), np.float64(-152.9), np.float64(-99.9), np.float64(679.5), np.float64(-137.9)]"
i3.0_w3_p0.382_s5.0_t44.0_htf20,3.0,3,0.382,5.0,44.0,20,6877,99.7,-258.2,19509.0,-12.75,-424.3,-329.4,-224.8,"[np.float64(-252.3), np.float64(-184.0), np.float64(-283.8), np.float64(-246.8), np.float64(-113.8), np.float64(-424.3)]"
i3.0_w3_p0.382_s5.0_t44.0_htf40,3.0,3,0.382,5.0,44.0,40,7430,107.7,-260.7,19037.0,-11.64,-384.1,-302.1,-241.3,"[np.float64(-384.1), np.float64(-204.2), np.float64(-274.9), np.float64(-228.9), np.float64(-64.3), np.float64(-344.6)]"
i3.0_w3_p0.382_s8.0_t20.0_htf0,3.0,3,0.382,8.0,20.0,0,10570,153.2,-192.2,15151.0,-7.29,-318.5,-268.5,-156.5,"[np.float64(-230.7), np.float64(-313.8), np.float64(-150.8), np.float64(-318.5), np.float64(121.8), np.float64(-239.9)]"
i3.0_w3_p0.382_s8.0_t20.0_htf20,3.0,3,0.382,8.0,20.0,20,6751,97.8,-226.0,16710.0,-13.21,-305.7,-251.2,-214.1,"[np.float64(-264.1), np.float64(-166.3), np.float64(-239.7), np.float64(-305.7), np.float64(-106.4), np.float64(-228.8)]"
i3.0_w3_p0.382_s8.0_t20.0_htf40,3.0,3,0.382,8.0,20.0,40,7312,106.0,-276.8,19655.0,-14.6,-386.0,-315.9,-258.4,"[np.float64(-386.0), np.float64(-228.6), np.float64(-267.9), np.float64(-380.1), np.float64(-101.7), np.float64(-239.8)]"
i3.0_w3_p0.382_s8.0_t30.0_htf0,3.0,3,0.382,8.0,30.0,0,10050,145.7,-81.4,11165.0,-2.22,-340.4,-293.0,17.6,"[np.float64(-49.7), np.float64(-340.4), np.float64(-202.9), np.float64(-82.8), np.float64(375.7), np.float64(-175.1)]"
i3.0_w3_p0.382_s8.0_t30.0_htf20,3.0,3,0.382,8.0,30.0,20,6590,95.5,-275.0,20300.0,-12.82,-385.3,-336.2,-246.3,"[np.float64(-289.8), np.float64(-216.9), np.float64(-269.0), np.float64(-308.2), np.float64(-137.7), np.float64(-385.3)]"
i3.0_w3_p0.382_s8.0_t30.0_htf40,3.0,3,0.382,8.0,30.0,40,7146,103.6,-294.8,21050.0,-12.87,-421.6,-366.5,-261.3,"[np.float64(-421.6), np.float64(-252.8), np.float64(-289.4), np.float64(-336.6), np.float64(-107.2), np.float64(-294.8)]"
i3.0_w3_p0.382_s8.0_t44.0_htf0,3.0,3,0.382,8.0,44.0,0,9632,139.6,3.7,8769.0,0.09,-291.4,-202.5,100.2,"[np.float64(301.7), np.float64(-291.4), np.float64(-105.2), np.float64(-131.1), np.float64(368.8), np.float64(-132.5)]"
i3.0_w3_p0.382_s8.0_t44.0_htf20,3.0,3,0.382,8.0,44.0,20,6486,94.0,-296.9,22039.0,-12.47,-443.1,-353.2,-270.5,"[np.float64(-324.2), np.float64(-205.7), np.float64(-283.0), np.float64(-330.0), np.float64(-148.7), np.float64(-443.1)]"
i3.0_w3_p0.382_s8.0_t44.0_htf40,3.0,3,0.382,8.0,44.0,40,7034,101.9,-335.8,24227.0,-13.14,-471.5,-360.3,-324.3,"[np.float64(-471.5), np.float64(-248.4), np.float64(-299.8), np.float64(-376.9), np.float64(-178.5), np.float64(-366.3)]"
i3.0_w3_p0.382_s12.0_t20.0_htf0,3.0,3,0.382,12.0,20.0,0,10137,146.9,-357.2,25522.0,-13.62,-471.6,-526.4,-278.1,"[np.float64(-471.6), np.float64(-321.7), np.float64(-240.0), np.float64(-445.8), np.float64(-213.0), np.float64(-399.3)]"
i3.0_w3_p0.382_s12.0_t20.0_htf20,3.0,3,0.382,12.0,20.0,20,6379,92.4,-219.8,16084.0,-11.07,-305.3,-251.7,-204.8,"[np.float64(-280.6), np.float64(-158.3), np.float64(-230.8), np.float64(-305.3), np.float64(-119.4), np.float64(-181.5)]"
i3.0_w3_p0.382_s12.0_t20.0_htf40,3.0,3,0.382,12.0,20.0,40,6913,100.2,-276.0,19252.0,-12.65,-441.8,-324.8,-253.1,"[np.float64(-441.8), np.float64(-241.3), np.float64(-228.2), np.float64(-351.1), np.float64(-143.3), np.float64(-190.4)]"
i3.0_w3_p0.382_s12.0_t30.0_htf0,3.0,3,0.382,12.0,30.0,0,9605,139.2,-225.9,17327.0,-7.55,-324.7,-415.4,-137.1,"[np.float64(-207.7), np.float64(-324.7), np.float64(-202.8), np.float64(-301.2), np.float64(2.8), np.float64(-290.4)]"
i3.0_w3_p0.382_s12.0_t30.0_htf20,3.0,3,0.382,12.0,30.0,20,6162,89.3,-262.8,19215.0,-11.67,-335.4,-303.2,-243.9,"[np.float64(-335.4), np.float64(-180.6), np.float64(-267.9), np.float64(-326.6), np.float64(-96.3), np.float64(-316.6)]"
i3.0_w3_p0.382_s12.0_t30.0_htf40,3.0,3,0.382,12.0,30.0,40,6684,96.9,-292.4,20671.0,-10.7,-487.3,-358.9,-261.4,"[np.float64(-487.3), np.float64(-265.3), np.float64(-244.0), np.float64(-307.6), np.float64(-59.9), np.float64(-320.8)]"
i3.0_w3_p0.382_s12.0_t44.0_htf0,3.0,3,0.382,12.0,44.0,0,9110,132.0,-135.4,12544.0,-4.05,-307.6,-287.3,-64.2,"[np.float64(38.6), np.float64(-307.6), np.float64(-119.7), np.float64(-293.4), np.float64(104.0), np.float64(-224.7)]"
i3.0_w3_p0.382_s12.0_t44.0_htf20,3.0,3,0.382,12.0,44.0,20,6044,87.6,-288.4,21133.0,-11.44,-377.0,-346.4,-261.3,"[np.float64(-377.0), np.float64(-182.9), np.float64(-275.0), np.float64(-332.8), np.float64(-130.2), np.float64(-372.9)]"
i3.0_w3_p0.382_s12.0_t44.0_htf40,3.0,3,0.382,12.0,44.0,40,6536,94.7,-344.8,24563.0,-12.39,-520.7,-377.6,-329.5,"[np.float64(-520.7), np.float64(-263.4), np.float64(-269.6), np.float64(-340.5), np.float64(-182.5), np.float64(-412.5)]"
i3.0_w3_p0.5_s5.0_t20.0_htf0,3.0,3,0.5,5.0,20.0,0,10375,150.4,-201.2,16726.0,-8.4,-322.6,-291.8,-158.8,"[np.float64(-72.3), np.float64(-191.5), np.float64(-322.6), np.float64(-249.3), np.float64(-124.2), np.float64(-217.8)]"
i3.0_w3_p0.5_s5.0_t20.0_htf20,3.0,3,0.5,5.0,20.0,20,6593,95.6,-275.0,20176.0,-14.42,-372.5,-358.3,-236.1,"[np.float64(-208.3), np.float64(-151.5), np.float64(-271.5), np.float64(-372.5), np.float64(-303.9), np.float64(-292.1)]"
i3.0_w3_p0.5_s5.0_t20.0_htf40,3.0,3,0.5,5.0,20.0,40,7046,102.1,-274.9,19900.0,-14.53,-317.3,-281.7,-271.7,"[np.float64(-294.8), np.float64(-192.3), np.float64(-307.6), np.float64(-317.3), np.float64(-218.8), np.float64(-276.2)]"
i3.0_w3_p0.5_s5.0_t30.0_htf0,3.0,3,0.5,5.0,30.0,0,9979,144.6,-75.4,11097.0,-2.37,-310.5,-261.4,11.7,"[np.float64(169.8), np.float64(-210.7), np.float64(-310.5), np.float64(-86.9), np.float64(111.7), np.float64(-114.1)]"
i3.0_w3_p0.5_s5.0_t30.0_htf20,3.0,3,0.5,5.0,30.0,20,6466,93.7,-278.8,20693.0,-13.56,-344.9,-364.2,-238.8,"[np.float64(-201.9), np.float64(-169.1), np.float64(-281.0), np.float64(-336.5), np.float64(-283.4), np.float64(-344.9)]"
i3.0_w3_p0.5_s5.0_t30.0_htf40,3.0,3,0.5,5.0,30.0,40,6913,100.2,-295.3,21719.0,-13.6,-373.6,-313.4,-286.8,"[np.float64(-373.6), np.float64(-201.6), np.float64(-341.5), np.float64(-326.1), np.float64(-198.4), np.float64(-283.8)]"
i3.0_w3_p0.5_s5.0_t44.0_htf0,3.0,3,0.5,5.0,44.0,0,9686,140.4,7.4,7800.0,0.2,-239.3,-185.2,97.6,"[np.float64(275.4), np.float64(-153.1), np.float64(-239.3), np.float64(44.5), np.float64(189.5), np.float64(-70.5)]"
i3.0_w3_p0.5_s5.0_t44.0_htf20,3.0,3,0.5,5.0,44.0,20,6409,92.9,-287.4,21390.0,-13.15,-387.9,-358.2,-254.2,"[np.float64(-215.8), np.float64(-157.0), np.float64(-249.1), np.float64(-342.3), np.float64(-315.7), np.float64(-387.9)]"
i3.0_w3_p0.5_s5.0_t44.0_htf40,3.0,3,0.5,5.0,44.0,40,6840,99.1,-317.7,23061.0,-14.16,-396.1,-327.6,-313.0,"[np.float64(-396.1), np.float64(-203.4), np.float64(-349.3), np.float64(-348.2), np.float64(-242.0), np.float64(-316.6)]"
i3.0_w3_p0.5_s8.0_t20.0_htf0,3.0,3,0.5,8.0,20.0,0,9973,144.5,-214.4,16705.0,-9.13,-269.6,-247.3,-199.0,"[np.float64(-180.1), np.float64(-218.0), np.float64(-269.6), np.float64(-234.6), np.float64(-104.9), np.float64(-245.2)]"
i3.0_w3_p0.5_s8.0_t20.0_htf20,3.0,3,0.5,8.0,20.0,20,6260,90.7,-263.7,19327.0,-13.32,-406.8,-330.2,-232.6,"[np.float64(-220.7), np.float64(-132.8), np.float64(-246.8), np.float64(-406.8), np.float64(-304.0), np.float64(-228.1)]"
i3.0_w3_p0.5_s8.0_t20.0_htf40,3.0,3,0.5,8.0,20.0,40,6716,97.3,-272.3,19371.0,-14.38,-347.5,-253.7,-280.9,"[np.float64(-314.9), np.float64(-185.0), np.float64(-291.3), np.float64(-347.5), np.float64(-217.9), np.float64(-237.9)]"
i3.0_w3_p0.5_s8.0_t30.0_htf0,3.0,3,0.5,8.0,30.0,0,9535,138.2,-60.9,9550.0,-1.98,-213.3,-187.2,-1.9,"[np.float64(-5.5), np.float64(-213.3), np.float64(-177.6), np.float64(-56.0), np.float64(183.4), np.float64(-86.1)]"
i3.0_w3_p0.5_s8.0_t30.0_htf20,3.0,3,0.5,8.0,30.0,20,6098,88.4,-279.4,20590.0,-12.89,-357.2,-367.1,-238.3,"[np.float64(-226.7), np.float64(-176.1), np.float64(-251.2), np.float64(-357.2), np.float64(-304.1), np.float64(-306.1)]"
i3.0_w3_p0.5_s8.0_t30.0_htf40,3.0,3,0.5,8.0,30.0,40,6542,94.8,-299.2,21716.0,-13.2,-389.2,-309.0,-294.5,"[np.float64(-389.2), np.float64(-216.2), np.float64(-328.6), np.float64(-304.2), np.float64(-237.0), np.float64(-270.4)]"
i3.0_w3_p0.5_s8.0_t44.0_htf0,3.0,3,0.5,8.0,44.0,0,9149,132.6,-17.7,8277.0,-0.47,-223.6,-148.0,43.3,"[np.float64(195.5), np.float64(-223.6), np.float64(-130.6), np.float64(4.7), np.float64(160.4), np.float64(-107.7)]"
i3.0_w3_p0.5_s8.0_t44.0_htf20,3.0,3,0.5,8.0,44.0,20,6006,87.0,-295.3,21802.0,-12.53,-376.1,-368.1,-261.2,"[np.float64(-229.0), np.float64(-171.9), np.float64(-226.5), np.float64(-367.4), np.float64(-376.1), np.float64(-343.1)]"
i3.0_w3_p0.5_s8.0_t44.0_htf40,3.0,3,0.5,8.0,44.0,40,6443,93.4,-350.4,25013.0,-14.12,-426.0,-332.2,-359.0,"[np.float64(-426.0), np.float64(-228.4), np.float64(-355.3), np.float64(-350.9), np.float64(-347.5), np.float64(-336.2)]"
i3.0_w3_p0.5_s12.0_t20.0_htf0,3.0,3,0.5,12.0,20.0,0,9545,138.3,-325.6,24147.0,-13.7,-395.8,-368.6,-305.4,"[np.float64(-313.0), np.float64(-202.0), np.float64(-294.2), np.float64(-344.5), np.float64(-351.2), np.float64(-395.8)]"
i3.0_w3_p0.5_s12.0_t20.0_htf20,3.0,3,0.5,12.0,20.0,20,5921,85.8,-264.5,19375.0,-12.59,-381.0,-312.3,-242.1,"[np.float64(-222.7), np.float64(-130.7), np.float64(-222.7), np.float64(-381.0), np.float64(-361.5), np.float64(-223.0)]"
i3.0_w3_p0.5_s12.0_t20.0_htf40,3.0,3,0.5,12.0,20.0,40,6362,92.2,-282.6,19871.0,-13.37,-386.8,-281.0,-283.4,"[np.float64(-386.8), np.float64(-216.1), np.float64(-237.9), np.float64(-369.9), np.float64(-230.6), np.float64(-214.5)]"
i3.0_w3_p0.5_s12.0_t30.0_htf0,3.0,3,0.5,12.0,30.0,0,9024,130.8,-150.9,14457.0,-4.68,-262.7,-241.9,-108.2,"[np.float64(15.4), np.float64(-219.0), np.float64(-180.9), np.float64(-134.0), np.float64(-97.4), np.float64(-262.7)]"
i3.0_w3_p0.5_s12.0_t30.0_htf20,3.0,3,0.5,12.0,30.0,20,5737,83.1,-264.4,20010.0,-11.6,-332.1,-324.3,-236.3,"[np.float64(-222.8), np.float64(-158.7), np.float64(-210.2), np.float64(-331.5), np.float64(-332.1), np.float64(-279.3)]"
i3.0_w3_p0.5_s12.0_t30.0_htf40,3.0,3,0.5,12.0,30.0,40,6168,89.4,-297.9,21806.0,-11.46,-424.2,-304.7,-294.7,"[np.float64(-424.2), np.float64(-232.3), np.float64(-279.5), np.float64(-335.3), np.float64(-216.3), np.float64(-253.3)]"
i3.0_w3_p0.5_s12.0_t44.0_htf0,3.0,3,0.5,12.0,44.0,0,8627,125.0,-128.5,13424.0,-3.49,-224.5,-265.0,-64.5,"[np.float64(95.3), np.float64(-179.0), np.float64(-142.8), np.float64(-224.5), np.float64(-81.8), np.float64(-224.5)]"
i3.0_w3_p0.5_s12.0_t44.0_htf20,3.0,3,0.5,12.0,44.0,20,5604,81.2,-278.3,21477.0,-10.49,-465.5,-314.5,-261.3,"[np.float64(-185.8), np.float64(-159.1), np.float64(-192.0), np.float64(-337.4), np.float64(-465.5), np.float64(-275.0)]"
i3.0_w3_p0.5_s12.0_t44.0_htf40,3.0,3,0.5,12.0,44.0,40,6024,87.3,-348.0,25418.0,-12.61,-416.8,-298.0,-371.4,"[np.float64(-416.8), np.float64(-232.4), np.float64(-296.1), np.float64(-369.2), np.float64(-376.4), np.float64(-340.9)]"
i3.0_w4_p0.118_s5.0_t20.0_htf0,3.0,4,0.118,5.0,20.0,0,11590,168.0,382.5,1984.0,7.27,-3.6,362.3,391.9,"[np.float64(680.9), np.float64(27.2), np.float64(37.4), np.float64(-3.6), np.float64(1161.1), np.float64(295.7)]"
i3.0_w4_p0.118_s5.0_t20.0_htf20,3.0,4,0.118,5.0,20.0,20,7545,109.3,207.7,3122.0,6.85,-107.9,272.4,177.4,"[np.float64(241.6), np.float64(-107.9), np.float64(-24.5), np.float64(66.5), np.float64(716.9), np.float64(307.3)]"
i3.0_w4_p0.118_s5.0_t20.0_htf40,3.0,4,0.118,5.0,20.0,40,8200,118.8,155.1,4014.0,4.78,-105.8,187.0,140.2,"[np.float64(119.4), np.float64(-105.8), np.float64(-49.1), np.float64(7.0), np.float64(677.1), np.float64(244.1)]"
i3.0_w4_p0.118_s5.0_t30.0_htf0,3.0,4,0.118,5.0,30.0,0,11147,161.6,474.3,1758.0,7.19,21.6,394.9,511.5,"[np.float64(1025.9), np.float64(21.6), np.float64(34.6), np.float64(76.1), np.float64(1387.8), np.float64(187.6)]"
i3.0_w4_p0.118_s5.0_t30.0_htf20,3.0,4,0.118,5.0,30.0,20,7307,105.9,189.8,4868.0,5.62,-118.7,235.6,168.3,"[np.float64(267.1), np.float64(-118.7), np.float64(-34.5), np.float64(-75.8), np.float64(773.3), np.float64(273.5)]"
i3.0_w4_p0.118_s5.0_t30.0_htf40,3.0,4,0.118,5.0,30.0,40,8012,116.1,140.0,6124.0,3.83,-143.4,175.4,123.4,"[np.float64(126.9), np.float64(-143.4), np.float64(-74.8), np.float64(-62.9), np.float64(774.9), np.float64(178.9)]"
i3.0_w4_p0.118_s5.0_t44.0_htf0,3.0,4,0.118,5.0,44.0,0,10750,155.8,525.6,2358.0,7.04,60.6,397.6,585.6,"[np.float64(1016.8), np.float64(107.8), np.float64(87.7), np.float64(60.6), np.float64(1535.8), np.float64(218.9)]"
i3.0_w4_p0.118_s5.0_t44.0_htf20,3.0,4,0.118,5.0,44.0,20,7187,104.2,165.5,5084.0,4.95,-156.6,175.5,160.9,"[np.float64(196.5), np.float64(-156.6), np.float64(4.4), np.float64(-47.4), np.float64(728.3), np.float64(222.7)]"
i3.0_w4_p0.118_s5.0_t44.0_htf40,3.0,4,0.118,5.0,44.0,40,7888,114.3,87.9,7381.0,2.33,-187.6,80.4,91.4,"[np.float64(0.9), np.float64(-187.6), np.float64(-56.1), np.float64(-52.2), np.float64(667.9), np.float64(128.3)]"
i3.0_w4_p0.118_s8.0_t20.0_htf0,3.0,4,0.118,8.0,20.0,0,11266,163.3,195.2,4228.0,4.49,-216.7,192.1,196.6,"[np.float64(344.6), np.float64(-140.9), np.float64(104.8), np.float64(-216.7), np.float64(798.8), np.float64(213.5)]"
i3.0_w4_p0.118_s8.0_t20.0_htf20,3.0,4,0.118,8.0,20.0,20,7179,104.0,167.9,4103.0,5.74,-81.7,254.7,127.3,"[np.float64(155.2), np.float64(-81.7), np.float64(-22.4), np.float64(-8.0), np.float64(649.7), np.float64(272.3)]"
i3.0_w4_p0.118_s8.0_t20.0_htf40,3.0,4,0.118,8.0,20.0,40,7797,113.0,116.0,5263.0,3.67,-104.8,163.9,93.6,"[np.float64(58.2), np.float64(-104.8), np.float64(-88.7), np.float64(-18.3), np.float64(563.7), np.float64(255.5)]"
i3.0_w4_p0.118_s8.0_t30.0_htf0,3.0,4,0.118,8.0,30.0,0,10799,156.5,253.7,3855.0,4.95,-141.3,148.1,303.1,"[np.float64(450.6), np.float64(-141.3), np.float64(167.6), np.float64(-88.8), np.float64(972.5), np.float64(90.6)]"
i3.0_w4_p0.118_s8.0_t30.0_htf20,3.0,4,0.118,8.0,30.0,20,6920,100.3,124.3,6372.0,3.98,-126.4,192.2,92.4,"[np.float64(208.5), np.float64(-126.4), np.float64(-44.0), np.float64(-116.4), np.float64(636.7), np.float64(146.4)]"
i3.0_w4_p0.118_s8.0_t30.0_htf40,3.0,4,0.118,8.0,30.0,40,7568,109.7,74.3,7406.0,2.15,-174.9,116.0,54.8,"[np.float64(0.4), np.float64(-174.9), np.float64(-104.4), np.float64(-99.5), np.float64(665.0), np.float64(132.3)]"
i3.0_w4_p0.118_s8.0_t44.0_htf0,3.0,4,0.118,8.0,44.0,0,10356,150.1,315.5,5480.0,5.42,-124.3,197.4,370.8,"[np.float64(384.5), np.float64(-124.3), np.float64(201.6), np.float64(-12.6), np.float64(1181.7), np.float64(182.3)]"
i3.0_w4_p0.118_s8.0_t44.0_htf20,3.0,4,0.118,8.0,44.0,20,6782,98.3,88.7,6970.0,2.84,-173.4,141.0,64.2,"[np.float64(136.9), np.float64(-173.4), np.float64(-33.7), np.float64(-95.6), np.float64(602.6), np.float64(65.4)]"
i3.0_w4_p0.118_s8.0_t44.0_htf40,3.0,4,0.118,8.0,44.0,40,7420,107.5,-16.4,10646.0,-0.46,-234.4,-9.3,-19.7,"[np.float64(-165.8), np.float64(-234.4), np.float64(-89.3), np.float64(-159.5), np.float64(466.3), np.float64(75.1)]"
i3.0_w4_p0.118_s12.0_t20.0_htf0,3.0,4,0.118,12.0,20.0,0,10831,157.0,58.1,7486.0,1.57,-239.7,55.9,59.1,"[np.float64(-26.5), np.float64(-239.7), np.float64(12.9), np.float64(-228.7), np.float64(540.7), np.float64(256.2)]"
i3.0_w4_p0.118_s12.0_t20.0_htf20,3.0,4,0.118,12.0,20.0,20,6809,98.7,163.7,3778.0,5.66,-109.1,245.1,125.6,"[np.float64(122.8), np.float64(-109.1), np.float64(34.6), np.float64(-1.0), np.float64(681.0), np.float64(212.7)]"
i3.0_w4_p0.118_s12.0_t20.0_htf40,3.0,4,0.118,12.0,20.0,40,7381,107.0,107.0,5303.0,3.34,-118.9,174.9,75.2,"[np.float64(34.7), np.float64(-118.9), np.float64(-92.8), np.float64(23.3), np.float64(566.0), np.float64(204.9)]"
i3.0_w4_p0.118_s12.0_t30.0_htf0,3.0,4,0.118,12.0,30.0,0,10360,150.1,14.1,7481.0,0.37,-286.2,6.3,17.7,"[np.float64(-24.0), np.float64(-198.0), np.float64(25.2), np.float64(-286.2), np.float64(552.3), np.float64(-12.3)]"
i3.0_w4_p0.118_s12.0_t30.0_htf20,3.0,4,0.118,12.0,30.0,20,6507,94.3,131.0,5489.0,4.32,-145.2,235.3,82.2,"[np.float64(178.6), np.float64(-145.2), np.float64(27.3), np.float64(-117.8), np.float64(685.3), np.float64(115.3)]"
i3.0_w4_p0.118_s12.0_t30.0_htf40,3.0,4,0.118,12.0,30.0,40,7102,102.9,59.9,6789.0,1.67,-162.4,142.4,21.3,"[np.float64(-40.7), np.float64(-162.4), np.float64(-115.7), np.float64(-36.3), np.float64(622.4), np.float64(73.9)]"
i3.0_w4_p0.118_s12.0_t44.0_htf0,3.0,4,0.118,12.0,44.0,0,9856,142.8,108.1,6717.0,2.31,-223.0,3.9,156.9,"[np.float64(-36.7), np.float64(-154.0), np.float64(151.1), np.float64(-223.0), np.float64(795.5), np.float64(70.0)]"
i3.0_w4_p0.118_s12.0_t44.0_htf20,3.0,4,0.118,12.0,44.0,20,6330,91.7,71.6,6027.0,2.64,-197.9,138.2,40.4,"[np.float64(108.0), np.float64(-197.9), np.float64(16.4), np.float64(-58.8), np.float64(526.5), np.float64(12.6)]"
i3.0_w4_p0.118_s12.0_t44.0_htf40,3.0,4,0.118,12.0,44.0,40,6906,100.1,-59.4,10481.0,-1.68,-237.8,-38.9,-68.9,"[np.float64(-232.7), np.float64(-237.8), np.float64(-124.4), np.float64(-68.0), np.float64(338.5), np.float64(-22.5)]"
i3.0_w4_p0.236_s5.0_t20.0_htf0,3.0,4,0.236,5.0,20.0,0,11337,164.3,54.2,7407.0,1.52,-238.6,-38.4,97.6,"[np.float64(299.0), np.float64(-238.6), np.float64(-118.2), np.float64(-127.6), np.float64(476.7), np.float64(9.9)]"
i3.0_w4_p0.236_s5.0_t20.0_htf20,3.0,4,0.236,5.0,20.0,20,7263,105.3,-12.8,7599.0,-0.64,-182.8,-6.7,-15.6,"[np.float64(-24.3), np.float64(-182.8), np.float64(-129.9), np.float64(-74.6), np.float64(328.0), np.float64(3.9)]"
i3.0_w4_p0.236_s5.0_t20.0_htf40,3.0,4,0.236,5.0,20.0,40,7940,115.1,-96.8,10897.0,-4.15,-249.8,-153.7,-70.2,"[np.float64(-185.1), np.float64(-249.8), np.float64(-170.1), np.float64(-156.7), np.float64(213.3), np.float64(-21.4)]"
i3.0_w4_p0.236_s5.0_t30.0_htf0,3.0,4,0.236,5.0,30.0,0,10917,158.2,131.7,6968.0,2.68,-200.2,49.2,170.3,"[np.float64(432.8), np.float64(-200.2), np.float64(-104.8), np.float64(-132.5), np.float64(884.7), np.float64(-134.0)]"
i3.0_w4_p0.236_s5.0_t30.0_htf20,3.0,4,0.236,5.0,30.0,20,7093,102.8,-38.2,9193.0,-1.66,-173.8,-16.4,-48.4,"[np.float64(-63.0), np.float64(-173.8), np.float64(-156.5), np.float64(-145.4), np.float64(362.8), np.float64(-55.7)]"
i3.0_w4_p0.236_s5.0_t30.0_htf40,3.0,4,0.236,5.0,30.0,40,7801,113.1,-120.5,12582.0,-4.43,-255.1,-137.6,-112.5,"[np.float64(-206.6), np.float64(-255.1), np.float64(-193.2), np.float64(-215.9), np.float64(273.8), np.float64(-113.8)]"
i3.0_w4_p0.236_s5.0_t44.0_htf0,3.0,4,0.236,5.0,44.0,0,10523,152.5,219.4,6817.0,3.75,-179.8,84.4,282.7,"[np.float64(703.9), np.float64(-179.8), np.float64(-83.8), np.float64(-43.9), np.float64(988.9), np.float64(-127.2)]"
i3.0_w4_p0.236_s5.0_t44.0_htf20,3.0,4,0.236,5.0,44.0,20,7008,101.6,-73.7,10067.0,-2.93,-198.4,-85.2,-68.3,"[np.float64(-73.1), np.float64(-198.4), np.float64(-169.5), np.float64(-141.9), np.float64(288.3), np.float64(-140.8)]"
i3.0_w4_p0.236_s5.0_t44.0_htf40,3.0,4,0.236,5.0,44.0,40,7717,111.8,-142.5,13375.0,-4.72,-311.7,-190.4,-120.1,"[np.float64(-311.7), np.float64(-252.7), np.float64(-175.0), np.float64(-199.4), np.float64(208.0), np.float64(-105.2)]"
i3.0_w4_p0.236_s8.0_t20.0_htf0,3.0,4,0.236,8.0,20.0,0,11006,159.5,-95.0,12840.0,-2.72,-305.0,-182.4,-54.1,"[np.float64(-153.3), np.float64(-287.5), np.float64(-183.6), np.float64(-305.0), np.float64(399.4), np.float64(-41.7)]"
i3.0_w4_p0.236_s8.0_t20.0_htf20,3.0,4,0.236,8.0,20.0,20,6912,100.2,-38.5,8894.0,-1.77,-236.1,-28.1,-43.4,"[np.float64(-60.2), np.float64(-236.1), np.float64(-150.5), np.float64(-36.9), np.float64(269.4), np.float64(-10.2)]"
i3.0_w4_p0.236_s8.0_t20.0_htf40,3.0,4,0.236,8.0,20.0,40,7541,109.3,-118.4,11860.0,-4.7,-269.5,-144.0,-106.4,"[np.float64(-259.4), np.float64(-269.5), np.float64(-181.3), np.float64(-164.8), np.float64(236.0), np.float64(-55.5)]"
i3.0_w4_p0.236_s8.0_t30.0_htf0,3.0,4,0.236,8.0,30.0,0,10553,152.9,-25.2,10980.0,-0.58,-340.5,-152.7,34.5,"[np.float64(91.0), np.float64(-208.1), np.float64(-141.2), np.float64(-340.5), np.float64(602.7), np.float64(-177.1)]"
i3.0_w4_p0.236_s8.0_t30.0_htf20,3.0,4,0.236,8.0,30.0,20,6686,96.9,-71.0,10102.0,-3.12,-249.9,-71.9,-70.6,"[np.float64(-88.4), np.float64(-249.9), np.float64(-179.0), np.float64(-95.7), np.float64(263.7), np.float64(-67.0)]"
i3.0_w4_p0.236_s8.0_t30.0_htf40,3.0,4,0.236,8.0,30.0,40,7352,106.6,-158.6,13830.0,-5.59,-296.1,-153.0,-161.3,"[np.float64(-290.6), np.float64(-296.1), np.float64(-232.5), np.float64(-215.7), np.float64(240.9), np.float64(-136.1)]"
i3.0_w4_p0.236_s8.0_t44.0_htf0,3.0,4,0.236,8.0,44.0,0,10123,146.7,98.1,7173.0,2.2,-184.5,27.7,131.0,"[np.float64(240.1), np.float64(-143.3), np.float64(-41.3), np.float64(-184.5), np.float64(833.8), np.float64(-156.2)]"
i3.0_w4_p0.236_s8.0_t44.0_htf20,3.0,4,0.236,8.0,44.0,20,6581,95.4,-113.7,11634.0,-4.71,-278.7,-135.4,-103.5,"[np.float64(-118.8), np.float64(-278.7), np.float64(-210.2), np.float64(-96.9), np.float64(177.7), np.float64(-134.7)]"
i3.0_w4_p0.236_s8.0_t44.0_htf40,3.0,4,0.236,8.0,44.0,40,7246,105.0,-209.7,16198.0,-7.06,-431.8,-217.0,-206.2,"[np.float64(-431.8), np.float64(-298.9), np.float64(-188.8), np.float64(-287.4), np.float64(150.2), np.float64(-172.8)]"
i3.0_w4_p0.236_s12.0_t20.0_htf0,3.0,4,0.236,12.0,20.0,0,10602,153.7,-270.6,19445.0,-8.03,-491.7,-371.8,-223.2,"[np.float64(-482.4), np.float64(-259.1), np.float64(-229.2), np.float64(-491.7), np.float64(32.1), np.float64(-166.5)]"
i3.0_w4_p0.236_s12.0_t20.0_htf20,3.0,4,0.236,12.0,20.0,20,6533,94.7,-26.1,8172.0,-1.08,-181.2,-31.8,-23.3,"[np.float64(-135.8), np.float64(-181.2), np.float64(-133.0), np.float64(-20.0), np.float64(294.9), np.float64(23.7)]"
i3.0_w4_p0.236_s12.0_t20.0_htf40,3.0,4,0.236,12.0,20.0,40,7107,103.0,-131.1,11514.0,-4.84,-308.5,-157.3,-118.9,"[np.float64(-308.5), np.float64(-258.8), np.float64(-143.4), np.float64(-121.2), np.float64(134.2), np.float64(-66.4)]"
i3.0_w4_p0.236_s12.0_t30.0_htf0,3.0,4,0.236,12.0,30.0,0,10124,146.7,-194.4,14838.0,-4.81,-363.6,-384.8,-105.3,"[np.float64(-320.1), np.float64(-189.7), np.float64(-196.4), np.float64(-363.6), np.float64(155.9), np.float64(-234.6)]"
i3.0_w4_p0.236_s12.0_t30.0_htf20,3.0,4,0.236,12.0,30.0,20,6265,90.8,-58.2,9168.0,-2.42,-218.4,-33.1,-69.9,"[np.float64(-68.2), np.float64(-218.4), np.float64(-159.4), np.float64(-47.0), np.float64(203.2), np.float64(-48.6)]"
i3.0_w4_p0.236_s12.0_t30.0_htf40,3.0,4,0.236,12.0,30.0,40,6890,99.9,-196.4,15101.0,-6.35,-343.9,-168.2,-209.5,"[np.float64(-343.9), np.float64(-299.5), np.float64(-197.2), np.float64(-211.2), np.float64(73.5), np.float64(-168.4)]"
i3.0_w4_p0.236_s12.0_t44.0_htf0,3.0,4,0.236,12.0,44.0,0,9620,139.4,-82.7,10363.0,-2.16,-318.8,-229.5,-13.9,"[np.float64(69.5), np.float64(-217.9), np.float64(-76.7), np.float64(-318.8), np.float64(339.8), np.float64(-297.9)]"
i3.0_w4_p0.236_s12.0_t44.0_htf20,3.0,4,0.236,12.0,44.0,20,6129,88.8,-104.2,10709.0,-4.08,-249.3,-81.0,-115.1,"[np.float64(-117.4), np.float64(-249.3), np.float64(-151.8), np.float64(-103.1), np.float64(102.8), np.float64(-89.0)]"
i3.0_w4_p0.236_s12.0_t44.0_htf40,3.0,4,0.236,12.0,44.0,40,6729,97.5,-254.2,19370.0,-8.06,-432.7,-225.0,-267.8,"[np.float64(-432.7), np.float64(-320.6), np.float64(-187.2), np.float64(-292.0), np.float64(-35.4), np.float64(-218.1)]"
i3.0_w4_p0.382_s5.0_t20.0_htf0,3.0,4,0.382,5.0,20.0,0,10770,156.1,-119.3,11476.0,-4.45,-245.3,-182.2,-89.9,"[np.float64(24.5), np.float64(-195.6), np.float64(-245.3), np.float64(-160.2), np.float64(127.8), np.float64(-234.3)]"
i3.0_w4_p0.382_s5.0_t20.0_htf20,3.0,4,0.382,5.0,20.0,20,6675,96.7,-176.0,13261.0,-9.73,-259.8,-196.6,-166.4,"[np.float64(-177.9), np.float64(-182.6), np.float64(-181.0), np.float64(-259.8), np.float64(-31.1), np.float64(-186.2)]"
i3.0_w4_p0.382_s5.0_t20.0_htf40,3.0,4,0.382,5.0,20.0,40,7366,106.8,-229.5,17074.0,-11.17,-299.9,-268.1,-211.4,"[np.float64(-276.9), np.float64(-244.8), np.float64(-257.1), np.float64(-299.9), np.float64(-35.7), np.float64(-230.0)]"
i3.0_w4_p0.382_s5.0_t30.0_htf0,3.0,4,0.382,5.0,30.0,0,10357,150.1,-13.8,9387.0,-0.35,-250.0,-245.5,94.6,"[np.float64(183.4), np.float64(-153.3), np.float64(-250.0), np.float64(-56.7), np.float64(405.3), np.float64(-200.1)]"
i3.0_w4_p0.382_s5.0_t30.0_htf20,3.0,4,0.382,5.0,30.0,20,6552,95.0,-200.8,15467.0,-9.97,-280.0,-239.6,-182.6,"[np.float64(-160.7), np.float64(-215.2), np.float64(-208.8), np.float64(-235.9), np.float64(-73.7), np.float64(-280.0)]"
i3.0_w4_p0.382_s5.0_t30.0_htf40,3.0,4,0.382,5.0,30.0,40,7253,105.1,-248.3,18943.0,-10.75,-331.4,-343.8,-203.5,"[np.float64(-312.6), np.float64(-237.5), np.float64(-237.9), np.float64(-271.7), np.float64(-59.0), np.float64(-331.4)]"
i3.0_w4_p0.382_s5.0_t44.0_htf0,3.0,4,0.382,5.0,44.0,0,9958,144.3,50.8,9042.0,1.01,-207.4,-165.6,152.2,"[np.float64(344.1), np.float64(-166.3), np.float64(-207.4), np.float64(-113.1), np.float64(633.4), np.float64(-193.9)]"
i3.0_w4_p0.382_s5.0_t44.0_htf20,3.0,4,0.382,5.0,44.0,20,6474,93.8,-220.8,16906.0,-9.78,-332.7,-277.8,-194.1,"[np.float64(-176.9), np.float64(-206.5), np.float64(-217.3), np.float64(-267.4), np.float64(-91.2), np.float64(-332.7)]"
i3.0_w4_p0.382_s5.0_t44.0_htf40,3.0,4,0.382,5.0,44.0,40,7167,103.9,-285.6,21424.0,-11.51,-390.5,-372.2,-245.1,"[np.float64(-390.5), np.float64(-255.6), np.float64(-280.9), np.float64(-283.9), np.float64(-99.4), np.float64(-355.8)]"
i3.0_w4_p0.382_s8.0_t20.0_htf0,3.0,4,0.382,8.0,20.0,0,10401,150.7,-212.9,16405.0,-8.72,-301.2,-312.3,-166.4,"[np.float64(-149.3), np.float64(-265.3), np.float64(-301.2), np.float64(-206.2), np.float64(-27.0), np.float64(-292.7)]"
i3.0_w4_p0.382_s8.0_t20.0_htf20,3.0,4,0.382,8.0,20.0,20,6365,92.2,-193.0,14349.0,-10.64,-272.2,-185.8,-196.4,"[np.float64(-228.1), np.float64(-182.8), np.float64(-178.8), np.float64(-272.2), np.float64(-125.8), np.float64(-129.7)]"
i3.0_w4_p0.382_s8.0_t20.0_htf40,3.0,4,0.382,8.0,20.0,40,7003,101.5,-242.4,17616.0,-11.03,-352.9,-266.3,-231.2,"[np.float64(-352.9), np.float64(-227.5), np.float64(-259.3), np.float64(-283.3), np.float64(-114.9), np.float64(-160.5)]"
i3.0_w4_p0.382_s8.0_t30.0_htf0,3.0,4,0.382,8.0,30.0,0,9949,144.2,-112.1,11336.0,-3.86,-287.1,-269.6,-38.4,"[np.float64(80.6), np.float64(-227.5), np.float64(-243.9), np.float64(-141.0), np.float64(162.2), np.float64(-287.1)]"
i3.0_w4_p0.382_s8.0_t30.0_htf20,3.0,4,0.382,8.0,30.0,20,6190,89.7,-217.3,16522.0,-9.97,-262.9,-233.1,-209.9,"[np.float64(-207.9), np.float64(-218.8), np.float64(-190.8), np.float64(-262.9), np.float64(-136.9), np.float64(-254.2)]"
i3.0_w4_p0.382_s8.0_t30.0_htf40,3.0,4,0.382,8.0,30.0,40,6836,99.1,-278.9,20646.0,-10.56,-397.5,-309.3,-264.6,"[np.float64(-397.5), np.float64(-231.3), np.float64(-263.0), np.float64(-325.7), np.float64(-69.7), np.float64(-324.1)]"
i3.0_w4_p0.382_s8.0_t44.0_htf0,3.0,4,0.382,8.0,44.0,0,9530,138.1,-9.4,9456.0,-0.23,-230.5,-228.8,93.3,"[np.float64(301.7), np.float64(-176.6), np.float64(-140.3), np.float64(-230.5), np.float64(347.3), np.float64(-174.9)]"
i3.0_w4_p0.382_s8.0_t44.0_htf20,3.0,4,0.382,8.0,44.0,20,6101,88.4,-239.3,18069.0,-10.03,-294.8,-274.0,-223.1,"[np.float64(-231.5), np.float64(-226.8), np.float64(-192.3), np.float64(-247.5), np.float64(-203.8), np.float64(-294.8)]"
i3.0_w4_p0.382_s8.0_t44.0_htf40,3.0,4,0.382,8.0,44.0,40,6734,97.6,-317.0,23100.0,-11.53,-445.3,-354.2,-299.6,"[np.float64(-445.3), np.float64(-264.4), np.float64(-303.8), np.float64(-317.7), np.float64(-125.9), np.float64(-370.1)]"
i3.0_w4_p0.382_s12.0_t20.0_htf0,3.0,4,0.382,12.0,20.0,0,9975,144.6,-416.8,29164.0,-15.1,-504.0,-569.2,-345.4,"[np.float64(-504.0), np.float64(-248.9), np.float64(-398.6), np.float64(-410.8), np.float64(-417.2), np.float64(-430.5)]"
i3.0_w4_p0.382_s12.0_t20.0_htf20,3.0,4,0.382,12.0,20.0,20,5976,86.6,-175.7,13063.0,-9.62,-223.7,-164.6,-180.9,"[np.float64(-180.4), np.float64(-160.7), np.float64(-163.4), np.float64(-223.7), np.float64(-158.6), np.float64(-128.8)]"
i3.0_w4_p0.382_s12.0_t20.0_htf40,3.0,4,0.382,12.0,20.0,40,6549,94.9,-236.8,17165.0,-9.48,-337.1,-242.9,-233.9,"[np.float64(-337.1), np.float64(-211.4), np.float64(-208.7), np.float64(-262.8), np.float64(-149.9), np.float64(-195.9)]"
i3.0_w4_p0.382_s12.0_t30.0_htf0,3.0,4,0.382,12.0,30.0,0,9479,137.4,-318.6,23679.0,-11.02,-449.6,-457.8,-253.4,"[np.float64(-356.7), np.float64(-292.8), np.float64(-259.9), np.float64(-350.7), np.float64(-151.6), np.float64(-449.6)]"
i3.0_w4_p0.382_s12.0_t30.0_htf20,3.0,4,0.382,12.0,30.0,20,5760,83.5,-203.1,15625.0,-9.44,-265.3,-171.6,-217.8,"[np.float64(-150.1), np.float64(-205.6), np.float64(-132.7), np.float64(-250.0), np.float64(-167.8), np.float64(-265.3)]"
i3.0_w4_p0.382_s12.0_t30.0_htf40,3.0,4,0.382,12.0,30.0,40,6338,91.9,-273.4,20390.0,-9.75,-397.5,-272.9,-273.5,"[np.float64(-397.5), np.float64(-214.0), np.float64(-186.7), np.float64(-292.9), np.float64(-137.1), np.float64(-350.1)]"
i3.0_w4_p0.382_s12.0_t44.0_htf0,3.0,4,0.382,12.0,44.0,0,8995,130.4,-184.8,15778.0,-5.41,-371.9,-431.1,-69.5,"[np.float64(-156.7), np.float64(-144.8), np.float64(-153.9), np.float64(-371.9), np.float64(12.9), np.float64(-279.2)]"
i3.0_w4_p0.382_s12.0_t44.0_htf20,3.0,4,0.382,12.0,44.0,20,5637,81.7,-240.9,18365.0,-10.31,-314.2,-224.6,-248.5,"[np.float64(-196.0), np.float64(-203.7), np.float64(-151.5), np.float64(-263.7), np.float64(-261.2), np.float64(-314.2)]"
i3.0_w4_p0.382_s12.0_t44.0_htf40,3.0,4,0.382,12.0,44.0,40,6201,89.9,-332.5,24194.0,-11.08,-489.3,-330.8,-333.3,"[np.float64(-489.3), np.float64(-257.2), np.float64(-238.3), np.float64(-303.2), np.float64(-253.7), np.float64(-374.1)]"
i3.0_w4_p0.5_s5.0_t20.0_htf0,3.0,4,0.5,5.0,20.0,0,10133,146.9,-203.6,16535.0,-9.84,-293.5,-341.3,-139.1,"[np.float64(-45.9), np.float64(-193.6), np.float64(-279.6), np.float64(-293.5), np.float64(-144.3), np.float64(-238.0)]"
i3.0_w4_p0.5_s5.0_t20.0_htf20,3.0,4,0.5,5.0,20.0,20,6121,88.7,-249.6,18139.0,-16.04,-356.6,-275.9,-237.4,"[np.float64(-157.6), np.float64(-128.8), np.float64(-218.0), np.float64(-334.5), np.float64(-267.9), np.float64(-356.6)]"
i3.0_w4_p0.5_s5.0_t20.0_htf40,3.0,4,0.5,5.0,20.0,40,6703,97.1,-276.5,20024.0,-15.73,-308.6,-340.9,-246.4,"[np.float64(-290.8), np.float64(-157.0), np.float64(-284.4), np.float64(-270.5), np.float64(-301.3), np.float64(-308.6)]"
i3.0_w4_p0.5_s5.0_t30.0_htf0,3.0,4,0.5,5.0,30.0,0,9798,142.0,-134.2,13046.0,-4.87,-247.9,-372.6,-22.6,"[np.float64(14.9), np.float64(-188.8), np.float64(-236.9), np.float64(-138.3), np.float64(13.8), np.float64(-247.9)]"
i3.0_w4_p0.5_s5.0_t30.0_htf20,3.0,4,0.5,5.0,30.0,20,6008,87.1,-273.4,20148.0,-14.46,-424.6,-315.4,-253.8,"[np.float64(-200.3), np.float64(-161.5), np.float64(-259.1), np.float64(-323.8), np.float64(-230.0), np.float64(-424.6)]"
i3.0_w4_p0.5_s5.0_t30.0_htf40,3.0,4,0.5,5.0,30.0,40,6593,95.6,-293.1,21560.0,-13.79,-363.0,-360.1,-261.7,"[np.float64(-363.0), np.float64(-152.7), np.float64(-296.6), np.float64(-281.9), np.float64(-291.6), np.float64(-322.8)]"
i3.0_w4_p0.5_s5.0_t44.0_htf0,3.0,4,0.5,5.0,44.0,0,9560,138.6,-58.0,11544.0,-1.65,-209.7,-271.5,42.0,"[np.float64(150.0), np.float64(-191.7), np.float64(-209.7), np.float64(-160.9), np.float64(246.7), np.float64(-181.1)]"
i3.0_w4_p0.5_s5.0_t44.0_htf20,3.0,4,0.5,5.0,44.0,20,5963,86.4,-291.3,21481.0,-14.82,-436.0,-313.4,-280.9,"[np.float64(-218.6), np.float64(-167.9), np.float64(-240.4), np.float64(-372.6), np.float64(-270.4), np.float64(-436.0)]"
i3.0_w4_p0.5_s5.0_t44.0_htf40,3.0,4,0.5,5.0,44.0,40,6538,94.8,-316.7,23227.0,-14.47,-399.6,-363.2,-295.0,"[np.float64(-399.6), np.float64(-186.8), np.float64(-280.6), np.float64(-301.7), np.float64(-314.9), np.float64(-362.7)]"
i3.0_w4_p0.5_s8.0_t20.0_htf0,3.0,4,0.5,8.0,20.0,0,9731,141.0,-215.0,17009.0,-10.35,-243.7,-386.9,-134.5,"[np.float64(-163.1), np.float64(-202.2), np.float64(-243.7), np.float64(-243.2), np.float64(-179.4), np.float64(-224.8)]"
i3.0_w4_p0.5_s8.0_t20.0_htf20,3.0,4,0.5,8.0,20.0,20,5787,83.9,-243.9,17711.0,-13.69,-353.8,-250.3,-241.0,"[np.float64(-185.6), np.float64(-136.9), np.float64(-212.1), np.float64(-353.8), np.float64(-293.4), np.float64(-250.3)]"
i3.0_w4_p0.5_s8.0_t20.0_htf40,3.0,4,0.5,8.0,20.0,40,6331,91.8,-282.0,20255.0,-13.57,-308.1,-327.1,-260.9,"[np.float64(-308.1), np.float64(-168.5), np.float64(-280.6), np.float64(-293.2), np.float64(-290.7), np.float64(-305.0)]"
i3.0_w4_p0.5_s8.0_t30.0_htf0,3.0,4,0.5,8.0,30.0,0,9274,134.4,-136.6,12699.0,-4.68,-256.3,-378.9,-23.2,"[np.float64(-96.0), np.float64(-137.2), np.float64(-99.8), np.float64(-189.0), np.float64(-23.1), np.float64(-256.3)]"
i3.0_w4_p0.5_s8.0_t30.0_htf20,3.0,4,0.5,8.0,30.0,20,5652,81.9,-276.4,20337.0,-13.48,-356.2,-281.9,-273.8,"[np.float64(-231.5), np.float64(-163.2), np.float64(-244.3), np.float64(-356.2), np.float64(-284.2), np.float64(-339.4)]"
i3.0_w4_p0.5_s8.0_t30.0_htf40,3.0,4,0.5,8.0,30.0,40,6197,89.8,-293.6,21711.0,-12.02,-368.9,-341.4,-271.2,"[np.float64(-368.9), np.float64(-168.3), np.float64(-271.3), np.float64(-289.0), np.float64(-302.6), np.float64(-312.1)]"
i3.0_w4_p0.5_s8.0_t44.0_htf0,3.0,4,0.5,8.0,44.0,0,8976,130.1,-45.5,8704.0,-1.35,-219.7,-254.8,52.4,"[np.float64(89.4), np.float64(-152.6), np.float64(-24.8), np.float64(-183.2), np.float64(213.8), np.float64(-219.7)]"
i3.0_w4_p0.5_s8.0_t44.0_htf20,3.0,4,0.5,8.0,44.0,20,5573,80.8,-302.9,22508.0,-13.85,-429.7,-298.1,-305.2,"[np.float64(-242.0), np.float64(-172.6), np.float64(-221.5), np.float64(-429.7), np.float64(-370.9), np.float64(-340.9)]"
i3.0_w4_p0.5_s8.0_t44.0_htf40,3.0,4,0.5,8.0,44.0,40,6127,88.8,-324.4,24059.0,-12.74,-386.8,-376.9,-299.8,"[np.float64(-386.8), np.float64(-205.7), np.float64(-284.5), np.float64(-322.1), np.float64(-361.1), np.float64(-332.0)]"
i3.0_w4_p0.5_s12.0_t20.0_htf0,3.0,4,0.5,12.0,20.0,0,9343,135.4,-296.2,21361.0,-13.71,-392.3,-393.2,-250.8,"[np.float64(-369.3), np.float64(-238.8), np.float64(-235.6), np.float64(-392.3), np.float64(-288.4), np.float64(-211.6)]"
i3.0_w4_p0.5_s12.0_t20.0_htf20,3.0,4,0.5,12.0,20.0,20,5490,79.6,-244.6,17668.0,-12.12,-394.8,-215.1,-258.5,"[np.float64(-210.3), np.float64(-133.6), np.float64(-163.2), np.float64(-394.8), np.float64(-270.8), np.float64(-266.9)]"
i3.0_w4_p0.5_s12.0_t20.0_htf40,3.0,4,0.5,12.0,20.0,40,5988,86.8,-291.1,20477.0,-12.37,-362.2,-307.2,-283.6,"[np.float64(-362.2), np.float64(-189.1), np.float64(-279.3), np.float64(-288.6), np.float64(-295.1), np.float64(-283.9)]"
i3.0_w4_p0.5_s12.0_t30.0_htf0,3.0,4,0.5,12.0,30.0,0,8796,127.5,-208.0,16437.0,-7.21,-335.4,-445.5,-96.8,"[np.float64(-229.4), np.float64(-227.4), np.float64(-157.0), np.float64(-335.4), np.float64(-66.6), np.float64(-208.0)]"
i3.0_w4_p0.5_s12.0_t30.0_htf20,3.0,4,0.5,12.0,30.0,20,5307,76.9,-276.4,20010.0,-12.56,-428.6,-229.1,-298.6,"[np.float64(-251.9), np.float64(-159.8), np.float64(-156.1), np.float64(-428.6), np.float64(-261.3), np.float64(-367.4)]"
i3.0_w4_p0.5_s12.0_t30.0_htf40,3.0,4,0.5,12.0,30.0,40,5811,84.2,-324.0,23140.0,-11.49,-470.0,-356.9,-308.7,"[np.float64(-470.0), np.float64(-200.2), np.float64(-252.4), np.float64(-318.4), np.float64(-316.9), np.float64(-331.9)]"
i3.0_w4_p0.5_s12.0_t44.0_htf0,3.0,4,0.5,12.0,44.0,0,8425,122.1,-109.1,12113.0,-3.14,-284.1,-388.3,21.6,"[np.float64(4.7), np.float64(-216.7), np.float64(-93.9), np.float64(-284.1), np.float64(77.8), np.float64(-138.8)]"
i3.0_w4_p0.5_s12.0_t44.0_htf20,3.0,4,0.5,12.0,44.0,20,5212,75.5,-315.9,23038.0,-13.52,-498.5,-276.7,-334.2,"[np.float64(-245.8), np.float64(-171.8), np.float64(-163.5), np.float64(-498.5), np.float64(-380.2), np.float64(-398.0)]"
i3.0_w4_p0.5_s12.0_t44.0_htf40,3.0,4,0.5,12.0,44.0,40,5712,82.8,-350.1,25148.0,-12.16,-453.4,-376.4,-337.7,"[np.float64(-453.4), np.float64(-232.5), np.float64(-275.2), np.float64(-314.7), np.float64(-410.6), np.float64(-352.6)]"
i4.0_w3_p0.118_s5.0_t20.0_htf0,4.0,3,0.118,5.0,20.0,0,11414,165.4,291.5,3366.0,6.18,-107.2,316.0,280.0,"[np.float64(547.6), np.float64(-107.2), np.float64(-86.4), np.float64(55.1), np.float64(990.3), np.float64(281.4)]"
i4.0_w3_p0.118_s5.0_t20.0_htf20,4.0,3,0.118,5.0,20.0,20,7301,105.8,131.7,2945.0,5.1,-57.6,178.0,109.9,"[np.float64(76.6), np.float64(-39.5), np.float64(-57.6), np.float64(44.9), np.float64(633.1), np.float64(103.3)]"
i4.0_w3_p0.118_s5.0_t20.0_htf40,4.0,3,0.118,5.0,20.0,40,7948,115.2,85.9,5058.0,2.94,-84.6,157.8,52.2,"[np.float64(-3.2), np.float64(-84.6), np.float64(-72.6), np.float64(-43.4), np.float64(614.2), np.float64(79.9)]"
i4.0_w3_p0.118_s5.0_t30.0_htf0,4.0,3,0.118,5.0,30.0,0,10955,158.8,429.1,3218.0,6.82,-87.3,379.1,452.4,"[np.float64(832.3), np.float64(-87.3), np.float64(-57.7), np.float64(189.7), np.float64(1314.6), np.float64(291.3)]"
i4.0_w3_p0.118_s5.0_t30.0_htf20,4.0,3,0.118,5.0,30.0,20,7127,103.3,116.4,4830.0,3.89,-109.1,142.6,104.2,"[np.float64(74.0), np.float64(-65.4), np.float64(-109.1), np.float64(49.1), np.float64(689.9), np.float64(35.0)]"
i4.0_w3_p0.118_s5.0_t30.0_htf40,4.0,3,0.118,5.0,30.0,40,7793,112.9,87.3,5977.0,2.74,-142.6,155.4,55.4,"[np.float64(4.5), np.float64(-142.6), np.float64(-71.7), np.float64(11.6), np.float64(676.0), np.float64(25.1)]"
i4.0_w3_p0.118_s5.0_t44.0_htf0,4.0,3,0.118,5.0,44.0,0,10484,151.9,502.3,2771.0,7.73,-59.7,349.7,573.8,"[np.float64(778.6), np.float64(-59.7), np.float64(39.9), np.float64(380.7), np.float64(1311.8), np.float64(468.8)]"
i4.0_w3_p0.118_s5.0_t44.0_htf20,4.0,3,0.118,5.0,44.0,20,6993,101.3,91.2,4661.0,3.19,-94.9,80.6,96.2,"[np.float64(74.3), np.float64(-94.9), np.float64(-72.8), np.float64(125.2), np.float64(565.0), np.float64(-61.9)]"
i4.0_w3_p0.118_s5.0_t44.0_htf40,4.0,3,0.118,5.0,44.0,40,7670,111.2,67.8,6720.0,2.03,-191.6,132.6,37.5,"[np.float64(-54.3), np.float64(-191.6), np.float64(-47.0), np.float64(98.2), np.float64(611.2), np.float64(-18.5)]"
i4.0_w3_p0.118_s8.0_t20.0_htf0,4.0,3,0.118,8.0,20.0,0,11130,161.3,138.0,5444.0,3.65,-158.1,138.5,137.8,"[np.float64(236.0), np.float64(-158.1), np.float64(-94.6), np.float64(-50.3), np.float64(691.2), np.float64(165.2)]"
i4.0_w3_p0.118_s8.0_t20.0_htf20,4.0,3,0.118,8.0,20.0,20,6988,101.3,81.1,4852.0,3.1,-93.6,156.7,45.7,"[np.float64(0.9), np.float64(-55.0), np.float64(-93.6), np.float64(-42.6), np.float64(565.1), np.float64(87.8)]"
i4.0_w3_p0.118_s8.0_t20.0_htf40,4.0,3,0.118,8.0,20.0,40,7620,110.4,36.8,6790.0,1.25,-114.7,111.0,2.1,"[np.float64(-108.1), np.float64(-114.7), np.float64(-97.2), np.float64(-67.1), np.float64(575.2), np.float64(17.8)]"
i4.0_w3_p0.118_s8.0_t30.0_htf0,4.0,3,0.118,8.0,30.0,0,10650,154.3,220.2,4530.0,4.66,-97.8,123.8,265.3,"[np.float64(293.8), np.float64(-97.8), np.float64(-47.1), np.float64(34.6), np.float64(895.5), np.float64(189.7)]"
i4.0_w3_p0.118_s8.0_t30.0_htf20,4.0,3,0.118,8.0,30.0,20,6755,97.9,68.3,6388.0,2.26,-127.5,141.9,33.9,"[np.float64(39.3), np.float64(-100.6), np.float64(-127.5), np.float64(-34.8), np.float64(595.4), np.float64(18.2)]"
i4.0_w3_p0.118_s8.0_t30.0_htf40,4.0,3,0.118,8.0,30.0,40,7407,107.3,6.4,8663.0,0.2,-204.8,120.7,-47.1,"[np.float64(-105.5), np.float64(-204.8), np.float64(-79.6), np.float64(-93.8), np.float64(606.8), np.float64(-94.3)]"
i4.0_w3_p0.118_s8.0_t44.0_htf0,4.0,3,0.118,8.0,44.0,0,10143,147.0,289.2,3854.0,5.8,-57.9,114.9,370.8,"[np.float64(242.1), np.float64(-57.9), np.float64(8.6), np.float64(114.1), np.float64(975.5), np.float64(390.1)]"
i4.0_w3_p0.118_s8.0_t44.0_htf20,4.0,3,0.118,8.0,44.0,20,6596,95.6,42.6,5595.0,1.46,-111.4,84.9,22.8,"[np.float64(53.7), np.float64(-111.4), np.float64(-102.5), np.float64(1.1), np.float64(493.3), np.float64(-89.3)]"
i4.0_w3_p0.118_s8.0_t44.0_htf40,4.0,3,0.118,8.0,44.0,40,7238,104.9,-45.4,9667.0,-1.37,-255.1,63.0,-96.1,"[np.float64(-204.7), np.float64(-255.1), np.float64(-70.6), np.float64(-55.2), np.float64(479.9), np.float64(-159.8)]"
i4.0_w3_p0.118_s12.0_t20.0_htf0,4.0,3,0.118,12.0,20.0,0,10736,155.6,-56.1,11290.0,-1.69,-291.9,-103.3,-34.0,"[np.float64(-193.6), np.float64(-205.9), np.float64(-190.8), np.float64(-291.9), np.float64(358.5), np.float64(176.8)]"
i4.0_w3_p0.118_s12.0_t20.0_htf20,4.0,3,0.118,12.0,20.0,20,6618,95.9,40.3,5188.0,1.63,-80.6,88.2,17.8,"[np.float64(-36.6), np.float64(-76.0), np.float64(-80.6), np.float64(-36.4), np.float64(418.0), np.float64(39.9)]"
i4.0_w3_p0.118_s12.0_t20.0_htf40,4.0,3,0.118,12.0,20.0,40,7230,104.8,5.2,7560.0,0.18,-166.8,105.1,-41.6,"[np.float64(-166.8), np.float64(-110.7), np.float64(-87.1), np.float64(-147.6), np.float64(461.2), np.float64(68.5)]"
i4.0_w3_p0.118_s12.0_t30.0_htf0,4.0,3,0.118,12.0,30.0,0,10217,148.1,-14.1,10518.0,-0.34,-224.6,-87.3,20.1,"[np.float64(-224.6), np.float64(-181.1), np.float64(-204.3), np.float64(-165.3), np.float64(594.6), np.float64(85.9)]"
i4.0_w3_p0.118_s12.0_t30.0_htf20,4.0,3,0.118,12.0,30.0,20,6331,91.8,39.8,6861.0,1.33,-111.6,84.9,18.6,"[np.float64(-30.3), np.float64(-89.9), np.float64(-111.6), np.float64(-65.9), np.float64(469.2), np.float64(51.6)]"
i4.0_w3_p0.118_s12.0_t30.0_htf40,4.0,3,0.118,12.0,30.0,40,6954,100.8,-19.8,9204.0,-0.6,-206.3,114.8,-82.8,"[np.float64(-198.6), np.float64(-206.3), np.float64(-73.8), np.float64(-114.1), np.float64(426.6), np.float64(42.8)]"
i4.0_w3_p0.118_s12.0_t44.0_htf0,4.0,3,0.118,12.0,44.0,0,9690,140.4,40.3,7132.0,0.97,-132.2,-84.3,98.6,"[np.float64(-122.2), np.float64(-94.7), np.float64(-132.2), np.float64(-82.5), np.float64(480.9), np.float64(175.5)]"
i4.0_w3_p0.118_s12.0_t44.0_htf20,4.0,3,0.118,12.0,44.0,20,6151,89.1,-6.7,6372.0,-0.24,-116.9,9.7,-14.3,"[np.float64(-36.9), np.float64(-116.9), np.float64(-81.6), np.float64(-41.1), np.float64(351.7), np.float64(-116.9)]"
i4.0_w3_p0.118_s12.0_t44.0_htf40,4.0,3,0.118,12.0,44.0,40,6766,98.1,-107.6,11678.0,-3.27,-317.1,16.4,-165.7,"[np.float64(-317.1), np.float64(-280.3), np.float64(-109.3), np.float64(-72.1), np.float64(253.9), np.float64(-99.9)]"
i4.0_w3_p0.236_s5.0_t20.0_htf0,4.0,3,0.236,5.0,20.0,0,11149,161.6,41.9,7113.0,1.23,-181.9,18.0,53.1,"[np.float64(260.1), np.float64(-181.9), np.float64(-152.8), np.float64(-81.1), np.float64(511.1), np.float64(-120.9)]"
i4.0_w3_p0.236_s5.0_t20.0_htf20,4.0,3,0.236,5.0,20.0,20,6977,101.1,-91.9,7672.0,-4.92,-204.3,-127.8,-75.1,"[np.float64(-84.4), np.float64(-109.5), np.float64(-171.1), np.float64(-137.3), np.float64(166.7), np.float64(-204.3)]"
i4.0_w3_p0.236_s5.0_t20.0_htf40,4.0,3,0.236,5.0,20.0,40,7667,111.1,-140.9,11061.0,-6.52,-231.4,-149.1,-137.0,"[np.float64(-218.2), np.float64(-200.5), np.float64(-137.6), np.float64(-230.4), np.float64(188.7), np.float64(-231.4)]"
i4.0_w3_p0.236_s5.0_t30.0_htf0,4.0,3,0.236,5.0,30.0,0,10735,155.6,205.6,3837.0,4.26,-163.1,105.4,252.5,"[np.float64(572.6), np.float64(-163.1), np.float64(-43.1), np.float64(81.6), np.float64(818.1), np.float64(-77.0)]"
i4.0_w3_p0.236_s5.0_t30.0_htf20,4.0,3,0.236,5.0,30.0,20,6833,99.0,-91.4,8303.0,-3.88,-268.3,-149.3,-64.3,"[np.float64(-64.7), np.float64(-100.6), np.float64(-204.0), np.float64(-105.8), np.float64(209.0), np.float64(-268.3)]"
i4.0_w3_p0.236_s5.0_t30.0_htf40,4.0,3,0.236,5.0,30.0,40,7544,109.3,-134.8,11043.0,-5.43,-283.8,-128.3,-137.9,"[np.float64(-216.3), np.float64(-207.1), np.float64(-154.1), np.float64(-179.6), np.float64(250.8), np.float64(-283.8)]"
i4.0_w3_p0.236_s5.0_t44.0_htf0,4.0,3,0.236,5.0,44.0,0,10274,148.9,287.9,3098.0,4.89,-137.5,118.5,367.1,"[np.float64(687.9), np.float64(-137.5), np.float64(114.3), np.float64(59.9), np.float64(901.9), np.float64(33.6)]"
i4.0_w3_p0.236_s5.0_t44.0_htf20,4.0,3,0.236,5.0,44.0,20,6739,97.7,-114.4,9782.0,-4.46,-327.7,-179.1,-84.2,"[np.float64(-111.4), np.float64(-115.8), np.float64(-229.1), np.float64(-104.2), np.float64(221.6), np.float64(-327.7)]"
i4.0_w3_p0.236_s5.0_t44.0_htf40,4.0,3,0.236,5.0,44.0,40,7443,107.9,-156.2,12575.0,-5.72,-312.5,-154.2,-157.2,"[np.float64(-275.2), np.float64(-224.3), np.float64(-154.3), np.float64(-158.6), np.float64(213.4), np.float64(-312.5)]"
i4.0_w3_p0.236_s8.0_t20.0_htf0,4.0,3,0.236,8.0,20.0,0,10853,157.3,-100.5,10059.0,-3.84,-241.8,-124.2,-89.4,"[np.float64(-33.8), np.float64(-230.9), np.float64(-190.2), np.float64(-241.8), np.float64(249.6), np.float64(-150.9)]"
i4.0_w3_p0.236_s8.0_t20.0_htf20,4.0,3,0.236,8.0,20.0,20,6719,97.4,-119.9,9438.0,-5.64,-199.7,-97.6,-130.3,"[np.float64(-175.3), np.float64(-155.4), np.float64(-152.1), np.float64(-160.7), np.float64(140.6), np.float64(-199.7)]"
i4.0_w3_p0.236_s8.0_t20.0_htf40,4.0,3,0.236,8.0,20.0,40,7349,106.5,-178.5,13532.0,-7.66,-314.9,-159.5,-187.3,"[np.float64(-306.0), np.float64(-253.2), np.float64(-116.2), np.float64(-314.9), np.float64(146.9), np.float64(-209.0)]"
i4.0_w3_p0.236_s8.0_t30.0_htf0,4.0,3,0.236,8.0,30.0,0,10406,150.8,27.6,7139.0,0.7,-245.2,-58.3,67.7,"[np.float64(195.3), np.float64(-188.3), np.float64(-106.8), np.float64(-185.0), np.float64(673.0), np.float64(-245.2)]"
i4.0_w3_p0.236_s8.0_t30.0_htf20,4.0,3,0.236,8.0,30.0,20,6521,94.5,-131.8,11207.0,-5.01,-321.8,-147.1,-124.7,"[np.float64(-132.9), np.float64(-148.4), np.float64(-199.9), np.float64(-133.8), np.float64(167.7), np.float64(-321.8)]"
i4.0_w3_p0.236_s8.0_t30.0_htf40,4.0,3,0.236,8.0,30.0,40,7167,103.9,-198.0,15060.0,-7.19,-317.6,-169.9,-211.1,"[np.float64(-294.4), np.float64(-274.4), np.float64(-188.2), np.float64(-246.5), np.float64(162.3), np.float64(-317.6)]"
i4.0_w3_p0.236_s8.0_t44.0_htf0,4.0,3,0.236,8.0,44.0,0,9879,143.2,116.9,4873.0,2.53,-175.7,-36.0,188.5,"[np.float64(242.0), np.float64(-175.7), np.float64(54.9), np.float64(-94.8), np.float64(764.1), np.float64(-126.3)]"
i4.0_w3_p0.236_s8.0_t44.0_htf20,4.0,3,0.236,8.0,44.0,20,6407,92.9,-159.4,13041.0,-5.81,-363.5,-177.5,-150.9,"[np.float64(-158.0), np.float64(-177.2), np.float64(-192.3), np.float64(-225.0), np.float64(181.0), np.float64(-363.5)]"
i4.0_w3_p0.236_s8.0_t44.0_htf40,4.0,3,0.236,8.0,44.0,40,7045,102.1,-218.7,16612.0,-7.71,-351.1,-186.5,-233.8,"[np.float64(-351.1), np.float64(-299.9), np.float64(-191.1), np.float64(-222.8), np.float64(131.3), np.float64(-342.7)]"
i4.0_w3_p0.236_s12.0_t20.0_htf0,4.0,3,0.236,12.0,20.0,0,10469,151.7,-282.1,20038.0,-10.19,-415.8,-290.8,-278.0,"[np.float64(-415.8), np.float64(-307.8), np.float64(-307.9), np.float64(-405.8), np.float64(5.7), np.float64(-224.3)]"
i4.0_w3_p0.236_s12.0_t20.0_htf20,4.0,3,0.236,12.0,20.0,20,6368,92.3,-132.5,10133.0,-5.92,-233.3,-96.3,-149.5,"[np.float64(-195.7), np.float64(-153.5), np.float64(-161.9), np.float64(-152.1), np.float64(121.8), np.float64(-233.3)]"
i4.0_w3_p0.236_s12.0_t20.0_htf40,4.0,3,0.236,12.0,20.0,40,6939,100.6,-180.4,13251.0,-7.16,-322.9,-175.1,-182.9,"[np.float64(-322.9), np.float64(-274.7), np.float64(-170.4), np.float64(-208.8), np.float64(110.6), np.float64(-188.4)]"
i4.0_w3_p0.236_s12.0_t30.0_htf0,4.0,3,0.236,12.0,30.0,0,9981,144.7,-164.8,14688.0,-4.53,-479.7,-242.2,-128.5,"[np.float64(-157.4), np.float64(-223.3), np.float64(-261.0), np.float64(-479.7), np.float64(413.7), np.float64(-279.7)]"
i4.0_w3_p0.236_s12.0_t30.0_htf20,4.0,3,0.236,12.0,30.0,20,6125,88.8,-113.3,10086.0,-4.36,-309.6,-98.6,-120.2,"[np.float64(-123.5), np.float64(-149.4), np.float64(-235.5), np.float64(-79.7), np.float64(239.5), np.float64(-309.6)]"
i4.0_w3_p0.236_s12.0_t30.0_htf40,4.0,3,0.236,12.0,30.0,40,6727,97.5,-196.4,14747.0,-6.55,-349.3,-130.8,-227.1,"[np.float64(-349.3), np.float64(-301.5), np.float64(-221.2), np.float64(-171.1), np.float64(200.1), np.float64(-300.6)]"
i4.0_w3_p0.236_s12.0_t44.0_htf0,4.0,3,0.236,12.0,44.0,0,9440,136.8,-80.7,10935.0,-2.19,-260.7,-257.2,1.9,"[np.float64(-47.0), np.float64(-227.1), np.float64(-125.6), np.float64(-260.7), np.float64(318.1), np.float64(-143.3)]"
i4.0_w3_p0.236_s12.0_t44.0_htf20,4.0,3,0.236,12.0,44.0,20,5975,86.6,-148.0,12413.0,-5.55,-359.3,-134.0,-154.5,"[np.float64(-136.7), np.float64(-181.6), np.float64(-231.1), np.float64(-119.2), np.float64(167.1), np.float64(-359.3)]"
i4.0_w3_p0.236_s12.0_t44.0_htf40,4.0,3,0.236,12.0,44.0,40,6574,95.3,-252.4,18690.0,-8.56,-430.4,-175.3,-288.4,"[np.float64(-430.4), np.float64(-328.6), np.float64(-240.2), np.float64(-188.0), np.float64(68.0), np.float64(-347.5)]"
i4.0_w3_p0.382_s5.0_t20.0_htf0,4.0,3,0.382,5.0,20.0,0,10575,153.3,-145.1,12571.0,-4.83,-256.9,-197.0,-120.8,"[np.float64(-134.5), np.float64(-227.9), np.float64(-256.9), np.float64(-246.4), np.float64(213.3), np.float64(-202.6)]"
i4.0_w3_p0.382_s5.0_t20.0_htf20,4.0,3,0.382,5.0,20.0,20,6406,92.8,-186.4,13702.0,-12.13,-281.2,-230.4,-165.9,"[np.float64(-153.8), np.float64(-104.4), np.float64(-244.3), np.float64(-276.8), np.float64(-25.9), np.float64(-281.2)]"
i4.0_w3_p0.382_s5.0_t20.0_htf40,4.0,3,0.382,5.0,20.0,40,7011,101.6,-217.7,15768.0,-12.45,-279.0,-261.4,-197.2,"[np.float64(-276.9), np.float64(-170.2), np.float64(-218.2), np.float64(-279.0), np.float64(-74.7), np.float64(-241.6)]"
i4.0_w3_p0.382_s5.0_t30.0_htf0,4.0,3,0.382,5.0,30.0,0,10151,147.1,-21.5,10282.0,-0.47,-225.5,-179.3,52.4,"[np.float64(27.3), np.float64(-225.5), np.float64(-208.7), np.float64(-102.4), np.float64(565.7), np.float64(-188.6)]"
i4.0_w3_p0.382_s5.0_t30.0_htf20,4.0,3,0.382,5.0,30.0,20,6301,91.3,-227.5,16837.0,-12.23,-408.3,-305.8,-190.9,"[np.float64(-197.5), np.float64(-123.6), np.float64(-277.6), np.float64(-254.4), np.float64(-57.7), np.float64(-408.3)]"
i4.0_w3_p0.382_s5.0_t30.0_htf40,4.0,3,0.382,5.0,30.0,40,6905,100.1,-205.9,15038.0,-10.19,-343.5,-273.7,-174.2,"[np.float64(-343.5), np.float64(-172.1), np.float64(-213.9), np.float64(-182.6), np.float64(-8.0), np.float64(-265.0)]"
i4.0_w3_p0.382_s5.0_t44.0_htf0,4.0,3,0.382,5.0,44.0,0,9809,142.2,33.7,9681.0,0.7,-190.7,-98.9,95.7,"[np.float64(245.5), np.float64(-189.3), np.float64(-182.3), np.float64(-190.7), np.float64(630.4), np.float64(-136.0)]"
i4.0_w3_p0.382_s5.0_t44.0_htf20,4.0,3,0.382,5.0,44.0,20,6221,90.2,-241.2,18029.0,-12.69,-434.0,-329.1,-200.1,"[np.float64(-209.8), np.float64(-115.2), np.float64(-262.4), np.float64(-254.1), np.float64(-123.1), np.float64(-434.0)]"
i4.0_w3_p0.382_s5.0_t44.0_htf40,4.0,3,0.382,5.0,44.0,40,6808,98.7,-242.8,17643.0,-11.04,-391.6,-278.3,-226.1,"[np.float64(-391.6), np.float64(-170.7), np.float64(-222.2), np.float64(-222.5), np.float64(-67.9), np.float64(-325.4)]"
i4.0_w3_p0.382_s8.0_t20.0_htf0,4.0,3,0.382,8.0,20.0,0,10258,148.7,-218.5,16597.0,-8.47,-338.8,-304.2,-178.4,"[np.float64(-277.1), np.float64(-279.2), np.float64(-254.6), np.float64(-338.8), np.float64(79.6), np.float64(-214.6)]"
i4.0_w3_p0.382_s8.0_t20.0_htf20,4.0,3,0.382,8.0,20.0,20,6118,88.7,-207.9,15193.0,-12.82,-279.3,-239.9,-193.0,"[np.float64(-212.1), np.float64(-141.2), np.float64(-189.1), np.float64(-271.4), np.float64(-113.4), np.float64(-279.3)]"
i4.0_w3_p0.382_s8.0_t20.0_htf40,4.0,3,0.382,8.0,20.0,40,6700,97.1,-242.2,17073.0,-13.18,-364.2,-266.7,-230.7,"[np.float64(-364.2), np.float64(-205.1), np.float64(-189.9), np.float64(-335.3), np.float64(-91.2), np.float64(-218.0)]"
i4.0_w3_p0.382_s8.0_t30.0_htf0,4.0,3,0.382,8.0,30.0,0,9759,141.4,-67.1,10460.0,-1.84,-291.2,-235.0,11.4,"[np.float64(30.0), np.float64(-291.2), np.float64(-209.5), np.float64(-160.8), np.float64(390.5), np.float64(-158.5)]"
i4.0_w3_p0.382_s8.0_t30.0_htf20,4.0,3,0.382,8.0,30.0,20,5978,86.6,-252.1,18527.0,-12.83,-419.0,-323.4,-218.7,"[np.float64(-240.3), np.float64(-158.6), np.float64(-238.9), np.float64(-256.4), np.float64(-157.7), np.float64(-419.0)]"
i4.0_w3_p0.382_s8.0_t30.0_htf40,4.0,3,0.382,8.0,30.0,40,6560,95.1,-249.9,17835.0,-11.17,-417.2,-302.9,-225.0,"[np.float64(-417.2), np.float64(-202.4), np.float64(-211.1), np.float64(-292.2), np.float64(-80.9), np.float64(-240.4)]"
i4.0_w3_p0.382_s8.0_t44.0_htf0,4.0,3,0.382,8.0,44.0,0,9331,135.2,-28.7,9344.0,-0.72,-257.6,-207.4,54.9,"[np.float64(255.0), np.float64(-257.6), np.float64(-138.6), np.float64(-189.4), np.float64(251.7), np.float64(-102.1)]"
i4.0_w3_p0.382_s8.0_t44.0_htf20,4.0,3,0.382,8.0,44.0,20,5887,85.3,-270.9,20148.0,-12.41,-456.2,-345.7,-235.8,"[np.float64(-245.4), np.float64(-150.9), np.float64(-236.0), np.float64(-288.4), np.float64(-204.6), np.float64(-456.2)]"
i4.0_w3_p0.382_s8.0_t44.0_htf40,4.0,3,0.382,8.0,44.0,40,6443,93.4,-284.0,20549.0,-11.63,-443.0,-302.0,-275.5,"[np.float64(-443.0), np.float64(-208.8), np.float64(-222.0), np.float64(-327.1), np.float64(-150.4), np.float64(-291.2)]"
i4.0_w3_p0.382_s12.0_t20.0_htf0,4.0,3,0.382,12.0,20.0,0,9846,142.7,-353.3,24905.0,-13.82,-531.4,-452.6,-306.8,"[np.float64(-438.6), np.float64(-321.6), np.float64(-307.7), np.float64(-531.4), np.float64(-161.5), np.float64(-315.0)]"
i4.0_w3_p0.382_s12.0_t20.0_htf20,4.0,3,0.382,12.0,20.0,20,5772,83.7,-200.0,14477.0,-10.37,-255.1,-232.7,-184.7,"[np.float64(-255.1), np.float64(-130.9), np.float64(-203.2), np.float64(-238.5), np.float64(-124.9), np.float64(-206.5)]"
i4.0_w3_p0.382_s12.0_t20.0_htf40,4.0,3,0.382,12.0,20.0,40,6340,91.9,-242.8,16821.0,-10.93,-448.2,-258.7,-235.4,"[np.float64(-448.2), np.float64(-222.4), np.float64(-172.8), np.float64(-308.9), np.float64(-100.0), np.float64(-151.1)]"
i4.0_w3_p0.382_s12.0_t30.0_htf0,4.0,3,0.382,12.0,30.0,0,9299,134.8,-217.1,16577.0,-7.97,-349.2,-426.9,-118.9,"[np.float64(-195.0), np.float64(-274.8), np.float64(-273.5), np.float64(-349.2), np.float64(46.4), np.float64(-231.4)]"
i4.0_w3_p0.382_s12.0_t30.0_htf20,4.0,3,0.382,12.0,30.0,20,5589,81.0,-246.6,17991.0,-11.52,-324.0,-305.1,-219.1,"[np.float64(-290.4), np.float64(-160.2), np.float64(-257.8), np.float64(-280.3), np.float64(-115.0), np.float64(-324.0)]"
i4.0_w3_p0.382_s12.0_t30.0_htf40,4.0,3,0.382,12.0,30.0,40,6145,89.1,-265.1,18668.0,-9.67,-496.3,-303.3,-247.3,"[np.float64(-496.3), np.float64(-234.1), np.float64(-196.6), np.float64(-301.0), np.float64(-40.4), np.float64(-261.6)]"
i4.0_w3_p0.382_s12.0_t44.0_htf0,4.0,3,0.382,12.0,44.0,0,8794,127.4,-122.9,11759.0,-3.83,-269.7,-316.6,-32.2,"[np.float64(19.4), np.float64(-257.7), np.float64(-158.8), np.float64(-269.7), np.float64(174.2), np.float64(-236.3)]"
i4.0_w3_p0.382_s12.0_t44.0_htf20,4.0,3,0.382,12.0,44.0,20,5481,79.4,-269.0,19852.0,-11.5,-382.9,-346.5,-232.7,"[np.float64(-312.0), np.float64(-173.0), np.float64(-277.0), np.float64(-255.9), np.float64(-152.7), np.float64(-382.9)]"
i4.0_w3_p0.382_s12.0_t44.0_htf40,4.0,3,0.382,12.0,44.0,40,5993,86.9,-308.5,21973.0,-11.04,-515.6,-312.8,-306.5,"[np.float64(-515.6), np.float64(-230.4), np.float64(-213.0), np.float64(-327.3), np.float64(-164.8), np.float64(-331.1)]"
i4.0_w3_p0.5_s5.0_t20.0_htf0,4.0,3,0.5,5.0,20.0,0,9984,144.7,-224.0,18013.0,-10.1,-338.0,-336.3,-171.4,"[np.float64(-212.6), np.float64(-162.2), np.float64(-338.0), np.float64(-247.3), np.float64(-138.3), np.float64(-210.2)]"
i4.0_w3_p0.5_s5.0_t20.0_htf20,4.0,3,0.5,5.0,20.0,20,5884,85.3,-268.9,19561.0,-15.13,-370.3,-346.9,-232.4,"[np.float64(-207.2), np.float64(-134.0), np.float64(-280.1), np.float64(-370.3), np.float64(-312.5), np.float64(-273.0)]"
i4.0_w3_p0.5_s5.0_t20.0_htf40,4.0,3,0.5,5.0,20.0,40,6402,92.8,-256.0,18668.0,-14.99,-320.8,-235.0,-265.8,"[np.float64(-272.7), np.float64(-163.6), np.float64(-279.1), np.float64(-320.8), np.float64(-236.4), np.float64(-226.1)]"
i4.0_w3_p0.5_s5.0_t30.0_htf0,4.0,3,0.5,5.0,30.0,0,9630,139.6,-100.4,11496.0,-3.33,-365.9,-271.9,-20.1,"[np.float64(85.2), np.float64(-162.8), np.float64(-365.9), np.float64(-106.7), np.float64(113.6), np.float64(-149.6)]"
i4.0_w3_p0.5_s5.0_t30.0_htf20,4.0,3,0.5,5.0,30.0,20,5775,83.7,-264.0,19352.0,-13.82,-317.5,-335.0,-230.8,"[np.float64(-209.9), np.float64(-149.1), np.float64(-301.4), np.float64(-317.5), np.float64(-260.6), np.float64(-306.1)]"
i4.0_w3_p0.5_s5.0_t30.0_htf40,4.0,3,0.5,5.0,30.0,40,6288,91.1,-257.0,18851.0,-13.26,-326.0,-236.5,-266.7,"[np.float64(-313.8), np.float64(-166.3), np.float64(-326.0), np.float64(-298.7), np.float64(-164.3), np.float64(-233.8)]"
i4.0_w3_p0.5_s5.0_t44.0_htf0,4.0,3,0.5,5.0,44.0,0,9336,135.3,-50.7,9104.0,-1.5,-270.0,-195.2,16.9,"[np.float64(176.4), np.float64(-120.6), np.float64(-270.0), np.float64(-23.2), np.float64(110.4), np.float64(-166.6)]"
i4.0_w3_p0.5_s5.0_t44.0_htf20,4.0,3,0.5,5.0,44.0,20,5721,82.9,-267.0,19750.0,-12.86,-344.1,-311.0,-246.3,"[np.float64(-213.3), np.float64(-142.1), np.float64(-265.4), np.float64(-325.8), np.float64(-271.4), np.float64(-344.1)]"
i4.0_w3_p0.5_s5.0_t44.0_htf40,4.0,3,0.5,5.0,44.0,40,6224,90.2,-270.0,19590.0,-13.6,-349.8,-226.8,-290.3,"[np.float64(-349.8), np.float64(-171.4), np.float64(-315.1), np.float64(-302.9), np.float64(-190.4), np.float64(-248.3)]"
i4.0_w3_p0.5_s8.0_t20.0_htf0,4.0,3,0.5,8.0,20.0,0,9606,139.2,-221.3,16859.0,-9.5,-366.4,-253.8,-206.0,"[np.float64(-248.1), np.float64(-176.5), np.float64(-366.4), np.float64(-165.9), np.float64(-112.4), np.float64(-216.8)]"
i4.0_w3_p0.5_s8.0_t20.0_htf20,4.0,3,0.5,8.0,20.0,20,5644,81.8,-264.3,19169.0,-14.6,-420.1,-322.0,-237.2,"[np.float64(-231.8), np.float64(-142.5), np.float64(-267.2), np.float64(-420.1), np.float64(-303.2), np.float64(-189.6)]"
i4.0_w3_p0.5_s8.0_t20.0_htf40,4.0,3,0.5,8.0,20.0,40,6140,89.0,-262.9,18699.0,-14.34,-346.0,-235.7,-275.7,"[np.float64(-336.4), np.float64(-167.2), np.float64(-260.1), np.float64(-346.0), np.float64(-231.4), np.float64(-199.4)]"
i4.0_w3_p0.5_s8.0_t30.0_htf0,4.0,3,0.5,8.0,30.0,0,9190,133.2,-101.4,10672.0,-3.4,-321.2,-257.2,-28.5,"[np.float64(-51.5), np.float64(-154.5), np.float64(-321.2), np.float64(-75.3), np.float64(84.0), np.float64(-71.2)]"
i4.0_w3_p0.5_s8.0_t30.0_htf20,4.0,3,0.5,8.0,30.0,20,5497,79.7,-268.7,19564.0,-13.46,-338.8,-329.0,-240.5,"[np.float64(-230.3), np.float64(-170.7), np.float64(-284.4), np.float64(-338.8), np.float64(-262.5), np.float64(-286.7)]"
i4.0_w3_p0.5_s8.0_t30.0_htf40,4.0,3,0.5,8.0,30.0,40,6000,87.0,-273.5,19749.0,-12.73,-377.3,-266.8,-276.6,"[np.float64(-377.3), np.float64(-184.2), np.float64(-309.1), np.float64(-281.9), np.float64(-209.6), np.float64(-234.0)]"
i4.0_w3_p0.5_s8.0_t44.0_htf0,4.0,3,0.5,8.0,44.0,0,8801,127.6,-37.5,9443.0,-1.03,-221.4,-197.6,37.4,"[np.float64(68.2), np.float64(-161.0), np.float64(-221.4), np.float64(-21.6), np.float64(170.1), np.float64(-51.8)]"
i4.0_w3_p0.5_s8.0_t44.0_htf20,4.0,3,0.5,8.0,44.0,20,5412,78.4,-286.8,21079.0,-12.48,-360.8,-327.3,-267.9,"[np.float64(-226.9), np.float64(-168.6), np.float64(-254.7), np.float64(-360.8), np.float64(-348.2), np.float64(-320.2)]"
i4.0_w3_p0.5_s8.0_t44.0_htf40,4.0,3,0.5,8.0,44.0,40,5912,85.7,-310.3,22144.0,-13.19,-418.1,-271.2,-328.6,"[np.float64(-418.1), np.float64(-195.8), np.float64(-306.8), np.float64(-314.2), np.float64(-290.4), np.float64(-285.2)]"
i4.0_w3_p0.5_s12.0_t20.0_htf0,4.0,3,0.5,12.0,20.0,0,9211,133.5,-316.8,23196.0,-13.35,-376.9,-409.4,-273.5,"[np.float64(-376.9), np.float64(-181.6), np.float64(-331.5), np.float64(-257.9), np.float64(-356.8), np.float64(-338.5)]"
i4.0_w3_p0.5_s12.0_t20.0_htf20,4.0,3,0.5,12.0,20.0,20,5336,77.3,-259.8,18964.0,-13.45,-369.2,-316.7,-233.2,"[np.float64(-203.2), np.float64(-150.8), np.float64(-238.0), np.float64(-369.2), np.float64(-356.2), np.float64(-207.3)]"
i4.0_w3_p0.5_s12.0_t20.0_htf40,4.0,3,0.5,12.0,20.0,40,5823,84.4,-263.9,18703.0,-12.96,-402.4,-247.2,-271.7,"[np.float64(-402.4), np.float64(-209.8), np.float64(-209.9), np.float64(-324.8), np.float64(-214.3), np.float64(-183.3)]"
i4.0_w3_p0.5_s12.0_t30.0_htf0,4.0,3,0.5,12.0,30.0,0,8714,126.3,-190.0,16469.0,-6.28,-308.8,-340.4,-119.5,"[np.float64(-15.4), np.float64(-164.6), np.float64(-258.1), np.float64(-121.5), np.float64(-234.0), np.float64(-308.8)]"
i4.0_w3_p0.5_s12.0_t30.0_htf20,4.0,3,0.5,12.0,30.0,20,5174,75.0,-253.5,19048.0,-11.76,-331.8,-320.2,-222.2,"[np.float64(-190.7), np.float64(-171.2), np.float64(-238.6), np.float64(-331.8), np.float64(-294.7), np.float64(-258.1)]"
i4.0_w3_p0.5_s12.0_t30.0_htf40,4.0,3,0.5,12.0,30.0,40,5664,82.1,-264.5,19446.0,-10.95,-412.0,-269.7,-262.1,"[np.float64(-412.0), np.float64(-231.2), np.float64(-246.3), np.float64(-271.8), np.float64(-175.9), np.float64(-206.3)]"
i4.0_w3_p0.5_s12.0_t44.0_htf0,4.0,3,0.5,12.0,44.0,0,8256,119.7,-83.7,10164.0,-2.43,-172.1,-244.9,-8.3,"[np.float64(66.3), np.float64(-112.3), np.float64(-172.1), np.float64(-82.4), np.float64(-68.1), np.float64(-119.5)]"
i4.0_w3_p0.5_s12.0_t44.0_htf20,4.0,3,0.5,12.0,44.0,20,5051,73.2,-265.1,20532.0,-10.68,-415.7,-305.2,-246.3,"[np.float64(-143.6), np.float64(-179.6), np.float64(-217.7), np.float64(-334.0), np.float64(-415.7), np.float64(-261.5)]"
i4.0_w3_p0.5_s12.0_t44.0_htf40,4.0,3,0.5,12.0,44.0,40,5532,80.2,-305.0,22408.0,-11.64,-414.9,-252.8,-329.5,"[np.float64(-414.9), np.float64(-229.9), np.float64(-259.3), np.float64(-290.1), np.float64(-310.5), np.float64(-273.3)]"
i4.0_w4_p0.118_s5.0_t20.0_htf0,4.0,4,0.118,5.0,20.0,0,11392,165.1,367.8,2004.0,7.3,15.6,372.5,365.6,"[np.float64(599.7), np.float64(15.6), np.float64(22.6), np.float64(76.9), np.float64(1145.3), np.float64(261.0)]"
i4.0_w4_p0.118_s5.0_t20.0_htf20,4.0,4,0.118,5.0,20.0,20,6964,100.9,196.3,3324.0,6.82,-101.1,270.3,161.7,"[np.float64(225.8), np.float64(-101.1), np.float64(-49.5), np.float64(85.4), np.float64(697.0), np.float64(278.4)]"
i4.0_w4_p0.118_s5.0_t20.0_htf40,4.0,4,0.118,5.0,20.0,40,7695,111.5,146.4,3737.0,4.78,-84.0,176.1,132.5,"[np.float64(85.4), np.float64(-84.0), np.float64(-83.4), np.float64(35.5), np.float64(659.6), np.float64(231.6)]"
i4.0_w4_p0.118_s5.0_t30.0_htf0,4.0,4,0.118,5.0,30.0,0,10946,158.6,433.4,1762.0,7.26,6.0,427.6,436.2,"[np.float64(899.9), np.float64(6.0), np.float64(50.7), np.float64(46.9), np.float64(1322.4), np.float64(170.2)]"
i4.0_w4_p0.118_s5.0_t30.0_htf20,4.0,4,0.118,5.0,30.0,20,6743,97.7,169.7,4621.0,5.43,-121.4,194.2,158.3,"[np.float64(227.9), np.float64(-121.4), np.float64(-87.4), np.float64(-3.4), np.float64(726.1), np.float64(233.8)]"
i4.0_w4_p0.118_s5.0_t30.0_htf40,4.0,4,0.118,5.0,30.0,40,7515,108.9,117.7,5825.0,3.51,-138.6,161.0,97.4,"[np.float64(93.4), np.float64(-138.6), np.float64(-118.4), np.float64(-18.1), np.float64(720.4), np.float64(136.3)]"
i4.0_w4_p0.118_s5.0_t44.0_htf0,4.0,4,0.118,5.0,44.0,0,10578,153.3,490.6,1836.0,7.17,22.2,382.0,541.5,"[np.float64(944.0), np.float64(61.2), np.float64(22.2), np.float64(110.9), np.float64(1450.1), np.float64(242.0)]"
i4.0_w4_p0.118_s5.0_t44.0_htf20,4.0,4,0.118,5.0,44.0,20,6633,96.1,155.7,4890.0,4.98,-146.5,175.2,146.6,"[np.float64(184.8), np.float64(-146.5), np.float64(-80.4), np.float64(49.4), np.float64(707.4), np.float64(184.9)]"
i4.0_w4_p0.118_s5.0_t44.0_htf40,4.0,4,0.118,5.0,44.0,40,7398,107.2,74.6,7423.0,2.14,-168.1,101.8,61.9,"[np.float64(-8.4), np.float64(-168.1), np.float64(-135.7), np.float64(-22.8), np.float64(661.2), np.float64(100.8)]"
i4.0_w4_p0.118_s8.0_t20.0_htf0,4.0,4,0.118,8.0,20.0,0,11072,160.5,201.1,3714.0,4.9,-126.6,200.5,201.4,"[np.float64(294.7), np.float64(-85.5), np.float64(55.1), np.float64(-126.6), np.float64(794.2), np.float64(213.8)]"
i4.0_w4_p0.118_s8.0_t20.0_htf20,4.0,4,0.118,8.0,20.0,20,6656,96.5,154.1,4273.0,5.54,-102.0,241.8,113.0,"[np.float64(134.5), np.float64(-102.0), np.float64(-55.1), np.float64(42.1), np.float64(611.3), np.float64(258.7)]"
i4.0_w4_p0.118_s8.0_t20.0_htf40,4.0,4,0.118,8.0,20.0,40,7312,106.0,103.5,4540.0,3.36,-98.0,152.2,80.7,"[np.float64(18.9), np.float64(-89.5), np.float64(-98.0), np.float64(-0.0), np.float64(540.2), np.float64(223.6)]"
i4.0_w4_p0.118_s8.0_t30.0_htf0,4.0,4,0.118,8.0,30.0,0,10593,153.5,219.6,3940.0,4.49,-133.2,169.9,242.9,"[np.float64(425.4), np.float64(-133.2), np.float64(64.0), np.float64(-69.0), np.float64(915.7), np.float64(54.4)]"
i4.0_w4_p0.118_s8.0_t30.0_htf20,4.0,4,0.118,8.0,30.0,20,6415,93.0,110.9,6141.0,3.82,-149.0,163.8,86.2,"[np.float64(173.5), np.float64(-149.0), np.float64(-91.4), np.float64(-53.9), np.float64(592.3), np.float64(161.9)]"
i4.0_w4_p0.118_s8.0_t30.0_htf40,4.0,4,0.118,8.0,30.0,40,7093,102.8,46.4,7524.0,1.42,-169.7,108.3,17.4,"[np.float64(-35.3), np.float64(-169.7), np.float64(-122.4), np.float64(-86.2), np.float64(611.0), np.float64(62.2)]"
i4.0_w4_p0.118_s8.0_t44.0_htf0,4.0,4,0.118,8.0,44.0,0,10190,147.7,280.9,4942.0,4.8,-70.9,191.3,322.9,"[np.float64(333.6), np.float64(-42.4), np.float64(112.7), np.float64(-70.9), np.float64(1184.1), np.float64(92.5)]"
i4.0_w4_p0.118_s8.0_t44.0_htf20,4.0,4,0.118,8.0,44.0,20,6292,91.2,89.1,6751.0,3.03,-200.5,142.0,64.3,"[np.float64(125.9), np.float64(-200.5), np.float64(-85.9), np.float64(-2.0), np.float64(584.8), np.float64(89.6)]"
i4.0_w4_p0.118_s8.0_t44.0_htf40,4.0,4,0.118,8.0,44.0,40,6961,100.9,-23.0,10181.0,-0.68,-198.1,25.4,-45.7,"[np.float64(-195.2), np.float64(-198.1), np.float64(-133.7), np.float64(-106.7), np.float64(445.1), np.float64(47.4)]"
i4.0_w4_p0.118_s12.0_t20.0_htf0,4.0,4,0.118,12.0,20.0,0,10672,154.7,72.3,5259.0,1.96,-191.3,106.7,56.2,"[np.float64(-63.8), np.float64(-146.5), np.float64(65.1), np.float64(-191.3), np.float64(512.1), np.float64(224.3)]"
i4.0_w4_p0.118_s12.0_t20.0_htf20,4.0,4,0.118,12.0,20.0,20,6305,91.4,153.8,4153.0,5.23,-123.8,221.3,122.3,"[np.float64(97.8), np.float64(-123.8), np.float64(-29.5), np.float64(22.5), np.float64(695.2), np.float64(224.3)]"
i4.0_w4_p0.118_s12.0_t20.0_htf40,4.0,4,0.118,12.0,20.0,40,6915,100.2,87.7,5235.0,2.74,-139.9,135.5,65.4,"[np.float64(-8.1), np.float64(-91.1), np.float64(-139.9), np.float64(-1.4), np.float64(539.0), np.float64(205.7)]"
i4.0_w4_p0.118_s12.0_t30.0_htf0,4.0,4,0.118,12.0,30.0,0,10168,147.4,59.7,5074.0,1.49,-175.5,101.2,40.2,"[np.float64(47.0), np.float64(-120.9), np.float64(64.9), np.float64(-175.5), np.float64(591.2), np.float64(-78.4)]"
i4.0_w4_p0.118_s12.0_t30.0_htf20,4.0,4,0.118,12.0,30.0,20,6011,87.1,119.8,6069.0,3.98,-161.0,202.2,81.3,"[np.float64(155.2), np.float64(-161.0), np.float64(-68.7), np.float64(-52.4), np.float64(665.2), np.float64(146.3)]"
i4.0_w4_p0.118_s12.0_t30.0_htf40,4.0,4,0.118,12.0,30.0,40,6649,96.4,38.9,7215.0,1.1,-166.0,107.5,6.8,"[np.float64(-77.4), np.float64(-166.0), np.float64(-141.8), np.float64(-28.7), np.float64(557.4), np.float64(77.7)]"
i4.0_w4_p0.118_s12.0_t44.0_htf0,4.0,4,0.118,12.0,44.0,0,9704,140.6,103.8,6381.0,2.25,-164.9,12.5,146.6,"[np.float64(-106.3), np.float64(-141.0), np.float64(123.1), np.float64(-164.9), np.float64(798.9), np.float64(73.4)]"
i4.0_w4_p0.118_s12.0_t44.0_htf20,4.0,4,0.118,12.0,44.0,20,5862,85.0,76.6,6243.0,2.77,-223.7,116.9,57.7,"[np.float64(90.7), np.float64(-223.7), np.float64(-70.4), np.float64(25.8), np.float64(565.7), np.float64(54.5)]"
i4.0_w4_p0.118_s12.0_t44.0_htf40,4.0,4,0.118,12.0,44.0,40,6467,93.7,-81.0,11213.0,-2.28,-276.7,-53.2,-94.0,"[np.float64(-276.7), np.float64(-239.9), np.float64(-189.5), np.float64(-27.7), np.float64(265.8), np.float64(0.1)]"
i4.0_w4_p0.236_s5.0_t20.0_htf0,4.0,4,0.236,5.0,20.0,0,11094,160.8,35.5,8060.0,1.08,-174.8,-40.5,71.0,"[np.float64(184.3), np.float64(-174.8), np.float64(-159.5), np.float64(-146.1), np.float64(475.8), np.float64(12.0)]"
i4.0_w4_p0.236_s5.0_t20.0_htf20,4.0,4,0.236,5.0,20.0,20,6684,96.9,-24.7,7352.0,-1.32,-165.0,-14.0,-29.7,"[np.float64(-36.0), np.float64(-165.0), np.float64(-148.4), np.float64(-65.8), np.float64(315.3), np.float64(-47.5)]"
i4.0_w4_p0.236_s5.0_t20.0_htf40,4.0,4,0.236,5.0,20.0,40,7409,107.4,-94.7,9652.0,-4.42,-180.6,-123.3,-81.3,"[np.float64(-145.7), np.float64(-180.6), np.float64(-175.8), np.float64(-168.2), np.float64(176.7), np.float64(-64.7)]"
i4.0_w4_p0.236_s5.0_t30.0_htf0,4.0,4,0.236,5.0,30.0,0,10704,155.1,132.7,6600.0,2.79,-161.5,53.3,169.8,"[np.float64(446.2), np.float64(-155.2), np.float64(-118.2), np.float64(-161.5), np.float64(890.6), np.float64(-152.4)]"
i4.0_w4_p0.236_s5.0_t30.0_htf20,4.0,4,0.236,5.0,30.0,20,6527,94.6,-42.2,8628.0,-1.9,-187.8,-26.2,-49.7,"[np.float64(-34.9), np.float64(-161.1), np.float64(-187.8), np.float64(-100.7), np.float64(357.5), np.float64(-124.2)]"
i4.0_w4_p0.236_s5.0_t30.0_htf40,4.0,4,0.236,5.0,30.0,40,7286,105.6,-104.0,10615.0,-4.21,-188.7,-95.0,-108.2,"[np.float64(-155.3), np.float64(-188.7), np.float64(-178.8), np.float64(-181.4), np.float64(241.1), np.float64(-149.8)]"
i4.0_w4_p0.236_s5.0_t44.0_htf0,4.0,4,0.236,5.0,44.0,0,10300,149.3,199.5,5492.0,3.68,-159.9,89.9,250.8,"[np.float64(618.5), np.float64(-129.3), np.float64(-63.2), np.float64(-77.4), np.float64(952.0), np.float64(-159.9)]"
i4.0_w4_p0.236_s5.0_t44.0_htf20,4.0,4,0.236,5.0,44.0,20,6446,93.4,-63.0,9081.0,-2.6,-196.6,-77.3,-56.3,"[np.float64(-44.5), np.float64(-176.3), np.float64(-196.6), np.float64(-65.0), np.float64(294.4), np.float64(-179.6)]"
i4.0_w4_p0.236_s5.0_t44.0_htf40,4.0,4,0.236,5.0,44.0,40,7193,104.2,-131.7,11644.0,-4.93,-238.2,-165.7,-115.8,"[np.float64(-238.2), np.float64(-196.1), np.float64(-165.0), np.float64(-205.2), np.float64(181.2), np.float64(-151.1)]"
i4.0_w4_p0.236_s8.0_t20.0_htf0,4.0,4,0.236,8.0,20.0,0,10768,156.1,-88.6,11829.0,-2.82,-298.8,-150.3,-59.7,"[np.float64(-140.9), np.float64(-231.1), np.float64(-188.5), np.float64(-298.8), np.float64(384.7), np.float64(-59.7)]"
i4.0_w4_p0.236_s8.0_t20.0_htf20,4.0,4,0.236,8.0,20.0,20,6385,92.5,-52.8,8899.0,-2.64,-205.2,-41.2,-58.2,"[np.float64(-58.2), np.float64(-205.2), np.float64(-203.2), np.float64(-49.5), np.float64(259.5), np.float64(-50.9)]"
i4.0_w4_p0.236_s8.0_t20.0_htf40,4.0,4,0.236,8.0,20.0,40,7045,102.1,-118.0,11204.0,-5.1,-229.1,-136.6,-109.3,"[np.float64(-229.1), np.float64(-227.1), np.float64(-217.0), np.float64(-149.9), np.float64(213.4), np.float64(-81.2)]"
i4.0_w4_p0.236_s8.0_t30.0_htf0,4.0,4,0.236,8.0,30.0,0,10331,149.7,-43.3,11094.0,-1.04,-357.9,-141.0,2.5,"[np.float64(31.0), np.float64(-187.7), np.float64(-172.3), np.float64(-357.9), np.float64(612.9), np.float64(-204.5)]"
i4.0_w4_p0.236_s8.0_t30.0_htf20,4.0,4,0.236,8.0,30.0,20,6182,89.6,-75.5,10276.0,-3.35,-235.3,-90.1,-68.7,"[np.float64(-75.4), np.float64(-235.3), np.float64(-231.4), np.float64(-63.3), np.float64(281.1), np.float64(-115.1)]"
i4.0_w4_p0.236_s8.0_t30.0_htf40,4.0,4,0.236,8.0,30.0,40,6869,99.6,-153.1,12736.0,-5.89,-253.5,-141.4,-158.6,"[np.float64(-253.3), np.float64(-253.5), np.float64(-245.1), np.float64(-179.1), np.float64(223.0), np.float64(-187.2)]"
i4.0_w4_p0.236_s8.0_t44.0_htf0,4.0,4,0.236,8.0,44.0,0,9882,143.2,52.8,8818.0,1.29,-214.8,-17.6,85.8,"[np.float64(96.0), np.float64(-155.3), np.float64(-121.3), np.float64(-214.8), np.float64(776.2), np.float64(-94.9)]"
i4.0_w4_p0.236_s8.0_t44.0_htf20,4.0,4,0.236,8.0,44.0,20,6085,88.2,-95.8,11051.0,-4.06,-255.3,-121.2,-83.9,"[np.float64(-82.6), np.float64(-255.3), np.float64(-251.8), np.float64(-55.2), np.float64(238.5), np.float64(-149.1)]"
i4.0_w4_p0.236_s8.0_t44.0_htf40,4.0,4,0.236,8.0,44.0,40,6770,98.1,-191.5,14783.0,-7.22,-371.7,-190.4,-192.1,"[np.float64(-371.7), np.float64(-254.2), np.float64(-193.5), np.float64(-250.1), np.float64(163.6), np.float64(-216.4)]"
i4.0_w4_p0.236_s12.0_t20.0_htf0,4.0,4,0.236,12.0,20.0,0,10382,150.5,-256.3,18459.0,-7.89,-458.5,-374.8,-200.8,"[np.float64(-426.8), np.float64(-273.3), np.float64(-219.4), np.float64(-458.5), np.float64(22.5), np.float64(-156.4)]"
i4.0_w4_p0.236_s12.0_t20.0_htf20,4.0,4,0.236,12.0,20.0,20,6029,87.4,-48.2,8413.0,-2.14,-184.6,-52.7,-46.0,"[np.float64(-136.9), np.float64(-176.8), np.float64(-184.6), np.float64(-26.5), np.float64(265.2), np.float64(-19.6)]"
i4.0_w4_p0.236_s12.0_t20.0_htf40,4.0,4,0.236,12.0,20.0,40,6642,96.3,-134.6,10715.0,-5.37,-308.0,-147.4,-128.6,"[np.float64(-308.0), np.float64(-223.9), np.float64(-168.5), np.float64(-101.8), np.float64(116.6), np.float64(-96.9)]"
i4.0_w4_p0.236_s12.0_t30.0_htf0,4.0,4,0.236,12.0,30.0,0,9908,143.6,-214.6,16371.0,-5.24,-416.4,-343.5,-154.3,"[np.float64(-242.8), np.float64(-192.6), np.float64(-221.2), np.float64(-416.4), np.float64(126.0), np.float64(-321.8)]"
i4.0_w4_p0.236_s12.0_t30.0_htf20,4.0,4,0.236,12.0,30.0,20,5770,83.6,-62.9,9274.0,-2.67,-223.2,-66.5,-61.2,"[np.float64(-70.3), np.float64(-223.2), np.float64(-213.7), np.float64(-7.0), np.float64(213.4), np.float64(-61.4)]"
i4.0_w4_p0.236_s12.0_t30.0_htf40,4.0,4,0.236,12.0,30.0,40,6430,93.2,-181.5,13872.0,-6.44,-315.9,-128.7,-206.2,"[np.float64(-315.9), np.float64(-260.7), np.float64(-197.2), np.float64(-167.0), np.float64(85.1), np.float64(-202.0)]"
i4.0_w4_p0.236_s12.0_t44.0_htf0,4.0,4,0.236,12.0,44.0,0,9440,136.8,-138.4,12634.0,-3.73,-307.3,-255.8,-83.5,"[np.float64(-66.6), np.float64(-210.8), np.float64(-151.4), np.float64(-307.3), np.float64(221.5), np.float64(-306.9)]"
i4.0_w4_p0.236_s12.0_t44.0_htf20,4.0,4,0.236,12.0,44.0,20,5640,81.7,-95.5,10550.0,-3.9,-250.3,-93.9,-96.2,"[np.float64(-93.0), np.float64(-250.3), np.float64(-218.8), np.float64(-62.5), np.float64(158.0), np.float64(-87.6)]"
i4.0_w4_p0.236_s12.0_t44.0_htf40,4.0,4,0.236,12.0,44.0,40,6288,91.1,-231.7,17544.0,-8.14,-388.1,-173.1,-259.1,"[np.float64(-388.1), np.float64(-272.8), np.float64(-174.7), np.float64(-273.0), np.float64(-18.3), np.float64(-228.1)]"
i4.0_w4_p0.382_s5.0_t20.0_htf0,4.0,4,0.382,5.0,20.0,0,10479,151.9,-161.6,14064.0,-6.34,-302.1,-214.3,-136.9,"[np.float64(40.7), np.float64(-213.8), np.float64(-302.1), np.float64(-251.2), np.float64(58.3), np.float64(-264.2)]"
i4.0_w4_p0.382_s5.0_t20.0_htf20,4.0,4,0.382,5.0,20.0,20,6049,87.7,-167.6,12676.0,-10.17,-230.0,-184.7,-159.6,"[np.float64(-139.8), np.float64(-159.5), np.float64(-210.8), np.float64(-230.0), np.float64(-57.7), np.float64(-185.3)]"
i4.0_w4_p0.382_s5.0_t20.0_htf40,4.0,4,0.382,5.0,20.0,40,6787,98.4,-219.8,16354.0,-11.93,-271.2,-263.8,-199.2,"[np.float64(-257.3), np.float64(-204.1), np.float64(-253.3), np.float64(-271.2), np.float64(-128.7), np.float64(-171.9)]"
i4.0_w4_p0.382_s5.0_t30.0_htf0,4.0,4,0.382,5.0,30.0,0,10088,146.2,-70.9,10714.0,-2.0,-276.0,-256.5,16.0,"[np.float64(114.7), np.float64(-179.7), np.float64(-276.0), np.float64(-122.2), np.float64(326.4), np.float64(-266.2)]"
i4.0_w4_p0.382_s5.0_t30.0_htf20,4.0,4,0.382,5.0,30.0,20,5942,86.1,-179.2,13904.0,-9.65,-293.0,-218.1,-161.0,"[np.float64(-90.7), np.float64(-197.4), np.float64(-225.7), np.float64(-188.3), np.float64(-50.9), np.float64(-293.0)]"
i4.0_w4_p0.382_s5.0_t30.0_htf40,4.0,4,0.382,5.0,30.0,40,6679,96.8,-234.8,17797.0,-11.45,-279.8,-324.1,-193.0,"[np.float64(-279.8), np.float64(-211.5), np.float64(-251.3), np.float64(-239.3), np.float64(-118.6), np.float64(-269.5)]"
i4.0_w4_p0.382_s5.0_t44.0_htf0,4.0,4,0.382,5.0,44.0,0,9736,141.1,4.3,9935.0,0.1,-228.7,-165.3,83.7,"[np.float64(225.7), np.float64(-142.0), np.float64(-228.7), np.float64(-208.6), np.float64(589.9), np.float64(-217.2)]"
i4.0_w4_p0.382_s5.0_t44.0_htf20,4.0,4,0.382,5.0,44.0,20,5869,85.1,-191.8,14860.0,-9.11,-341.7,-247.2,-165.9,"[np.float64(-116.6), np.float64(-191.4), np.float64(-214.1), np.float64(-200.7), np.float64(-55.0), np.float64(-341.7)]"
i4.0_w4_p0.382_s5.0_t44.0_htf40,4.0,4,0.382,5.0,44.0,40,6595,95.6,-267.3,20082.0,-11.79,-350.6,-335.5,-235.3,"[np.float64(-350.6), np.float64(-223.0), np.float64(-290.8), np.float64(-263.7), np.float64(-157.7), np.float64(-273.0)]"
i4.0_w4_p0.382_s8.0_t20.0_htf0,4.0,4,0.382,8.0,20.0,0,10112,146.6,-216.2,16381.0,-8.69,-296.4,-279.0,-186.8,"[np.float64(-106.7), np.float64(-294.1), np.float64(-285.6), np.float64(-249.9), np.float64(-31.4), np.float64(-296.4)]"
i4.0_w4_p0.382_s8.0_t20.0_htf20,4.0,4,0.382,8.0,20.0,20,5784,83.8,-175.9,13111.0,-10.49,-241.4,-155.3,-185.6,"[np.float64(-182.5), np.float64(-180.6), np.float64(-193.1), np.float64(-241.4), np.float64(-88.5), np.float64(-145.4)]"
i4.0_w4_p0.382_s8.0_t20.0_htf40,4.0,4,0.382,8.0,20.0,40,6468,93.7,-237.7,17197.0,-11.83,-318.8,-254.1,-230.0,"[np.float64(-318.8), np.float64(-222.4), np.float64(-261.8), np.float64(-263.2), np.float64(-172.8), np.float64(-149.7)]"
i4.0_w4_p0.382_s8.0_t30.0_htf0,4.0,4,0.382,8.0,30.0,0,9676,140.2,-124.6,11739.0,-4.59,-286.5,-232.0,-74.3,"[np.float64(85.7), np.float64(-258.3), np.float64(-242.3), np.float64(-203.1), np.float64(171.2), np.float64(-286.5)]"
i4.0_w4_p0.382_s8.0_t30.0_htf20,4.0,4,0.382,8.0,30.0,20,5634,81.7,-196.5,14929.0,-9.9,-287.2,-189.5,-199.7,"[np.float64(-142.8), np.float64(-217.6), np.float64(-206.0), np.float64(-221.5), np.float64(-72.9), np.float64(-287.2)]"
i4.0_w4_p0.382_s8.0_t30.0_htf40,4.0,4,0.382,8.0,30.0,40,6301,91.3,-273.8,19974.0,-11.32,-356.7,-299.1,-261.9,"[np.float64(-356.7), np.float64(-246.9), np.float64(-285.4), np.float64(-284.7), np.float64(-116.0), np.float64(-308.2)]"
i4.0_w4_p0.382_s8.0_t44.0_htf0,4.0,4,0.382,8.0,44.0,0,9276,134.4,-44.9,10818.0,-1.19,-267.4,-220.1,37.1,"[np.float64(236.6), np.float64(-212.8), np.float64(-209.1), np.float64(-267.4), np.float64(379.0), np.float64(-206.7)]"
i4.0_w4_p0.382_s8.0_t44.0_htf20,4.0,4,0.382,8.0,44.0,20,5552,80.5,-222.8,16800.0,-10.12,-329.1,-224.1,-222.2,"[np.float64(-180.3), np.float64(-233.5), np.float64(-205.2), np.float64(-224.4), np.float64(-127.3), np.float64(-329.1)]"
i4.0_w4_p0.382_s8.0_t44.0_htf40,4.0,4,0.382,8.0,44.0,40,6205,89.9,-298.1,21667.0,-11.18,-410.9,-315.7,-289.9,"[np.float64(-410.9), np.float64(-273.2), np.float64(-316.7), np.float64(-276.1), np.float64(-143.9), np.float64(-316.3)]"
i4.0_w4_p0.382_s12.0_t20.0_htf0,4.0,4,0.382,12.0,20.0,0,9714,140.8,-393.6,27427.0,-14.65,-428.8,-508.4,-339.8,"[np.float64(-394.4), np.float64(-279.3), np.float64(-409.9), np.float64(-373.5), np.float64(-408.1), np.float64(-428.8)]"
i4.0_w4_p0.382_s12.0_t20.0_htf20,4.0,4,0.382,12.0,20.0,20,5449,79.0,-158.9,11823.0,-8.41,-211.0,-132.2,-171.4,"[np.float64(-163.3), np.float64(-160.8), np.float64(-211.0), np.float64(-157.3), np.float64(-80.3), np.float64(-154.1)]"
i4.0_w4_p0.382_s12.0_t20.0_htf40,4.0,4,0.382,12.0,20.0,40,6045,87.6,-221.5,15844.0,-9.64,-320.3,-224.9,-219.9,"[np.float64(-320.3), np.float64(-198.2), np.float64(-241.4), np.float64(-177.5), np.float64(-158.8), np.float64(-192.4)]"
i4.0_w4_p0.382_s12.0_t30.0_htf0,4.0,4,0.382,12.0,30.0,0,9198,133.3,-328.8,24012.0,-12.34,-442.3,-450.3,-271.9,"[np.float64(-329.0), np.float64(-278.3), np.float64(-296.9), np.float64(-384.6), np.float64(-191.4), np.float64(-442.3)]"
i4.0_w4_p0.382_s12.0_t30.0_htf20,4.0,4,0.382,12.0,30.0,20,5256,76.2,-186.3,14283.0,-8.82,-283.5,-154.4,-201.2,"[np.float64(-115.1), np.float64(-221.4), np.float64(-187.5), np.float64(-181.9), np.float64(-96.7), np.float64(-283.5)]"
i4.0_w4_p0.382_s12.0_t30.0_htf40,4.0,4,0.382,12.0,30.0,40,5847,84.7,-265.5,19514.0,-10.4,-369.2,-280.6,-258.4,"[np.float64(-369.2), np.float64(-231.3), np.float64(-257.0), np.float64(-210.9), np.float64(-166.9), np.float64(-308.8)]"
i4.0_w4_p0.382_s12.0_t44.0_htf0,4.0,4,0.382,12.0,44.0,0,8740,126.7,-196.2,15724.0,-6.42,-413.4,-370.5,-114.7,"[np.float64(-155.1), np.float64(-148.7), np.float64(-214.8), np.float64(-413.4), np.float64(92.1), np.float64(-323.0)]"
i4.0_w4_p0.382_s12.0_t44.0_htf20,4.0,4,0.382,12.0,44.0,20,5135,74.4,-226.1,17149.0,-9.68,-338.7,-201.5,-237.6,"[np.float64(-160.0), np.float64(-222.3), np.float64(-210.4), np.float64(-183.2), np.float64(-200.8), np.float64(-338.7)]"
i4.0_w4_p0.382_s12.0_t44.0_htf40,4.0,4,0.382,12.0,44.0,40,5725,83.0,-317.9,22970.0,-11.43,-450.7,-305.9,-323.6,"[np.float64(-450.7), np.float64(-265.8), np.float64(-286.6), np.float64(-256.8), np.float64(-279.1), np.float64(-310.6)]"
i4.0_w4_p0.5_s5.0_t20.0_htf0,4.0,4,0.5,5.0,20.0,0,9793,141.9,-230.8,18270.0,-11.31,-322.9,-345.1,-177.4,"[np.float64(-69.4), np.float64(-210.5), np.float64(-237.7), np.float64(-322.9), np.float64(-208.3), np.float64(-287.9)]"
i4.0_w4_p0.5_s5.0_t20.0_htf20,4.0,4,0.5,5.0,20.0,20,5458,79.1,-221.9,16266.0,-15.4,-318.3,-254.8,-206.4,"[np.float64(-102.1), np.float64(-107.8), np.float64(-204.5), np.float64(-291.7), np.float64(-275.7), np.float64(-318.3)]"
i4.0_w4_p0.5_s5.0_t20.0_htf40,4.0,4,0.5,5.0,20.0,40,6075,88.0,-264.9,19230.0,-15.55,-306.2,-314.3,-241.7,"[np.float64(-231.1), np.float64(-154.7), np.float64(-274.2), np.float64(-285.8), np.float64(-294.9), np.float64(-306.2)]"
i4.0_w4_p0.5_s5.0_t30.0_htf0,4.0,4,0.5,5.0,30.0,0,9457,137.1,-144.2,12901.0,-5.55,-259.7,-337.2,-53.9,"[np.float64(4.0), np.float64(-186.1), np.float64(-183.0), np.float64(-196.0), np.float64(-9.2), np.float64(-259.7)]"
i4.0_w4_p0.5_s5.0_t30.0_htf20,4.0,4,0.5,5.0,30.0,20,5364,77.7,-238.8,17783.0,-13.43,-379.5,-281.9,-218.7,"[np.float64(-134.3), np.float64(-137.5), np.float64(-216.7), np.float64(-289.5), np.float64(-239.9), np.float64(-379.5)]"
i4.0_w4_p0.5_s5.0_t30.0_htf40,4.0,4,0.5,5.0,30.0,40,5977,86.6,-275.1,20265.0,-14.09,-310.1,-336.7,-246.3,"[np.float64(-286.3), np.float64(-158.7), np.float64(-262.8), np.float64(-282.6), np.float64(-304.9), np.float64(-310.1)]"
i4.0_w4_p0.5_s5.0_t44.0_htf0,4.0,4,0.5,5.0,44.0,0,9206,133.4,-78.7,10379.0,-2.59,-235.0,-224.7,-10.4,"[np.float64(140.9), np.float64(-202.7), np.float64(-132.8), np.float64(-216.6), np.float64(192.5), np.float64(-235.0)]"
i4.0_w4_p0.5_s5.0_t44.0_htf20,4.0,4,0.5,5.0,44.0,20,5312,77.0,-256.4,19168.0,-13.93,-385.3,-275.6,-247.5,"[np.float64(-155.9), np.float64(-129.6), np.float64(-198.5), np.float64(-362.9), np.float64(-272.6), np.float64(-385.3)]"
i4.0_w4_p0.5_s5.0_t44.0_htf40,4.0,4,0.5,5.0,44.0,40,5925,85.9,-290.7,21484.0,-13.92,-339.6,-315.3,-279.1,"[np.float64(-315.2), np.float64(-181.8), np.float64(-235.7), np.float64(-299.8), np.float64(-324.2), np.float64(-339.6)]"
i4.0_w4_p0.5_s8.0_t20.0_htf0,4.0,4,0.5,8.0,20.0,0,9388,136.1,-236.8,18369.0,-11.55,-264.0,-370.3,-174.4,"[np.float64(-153.1), np.float64(-172.0), np.float64(-261.1), np.float64(-264.0), np.float64(-258.8), np.float64(-260.4)]"
i4.0_w4_p0.5_s8.0_t20.0_htf20,4.0,4,0.5,8.0,20.0,20,5186,75.2,-233.4,17079.0,-14.11,-320.4,-270.7,-215.9,"[np.float64(-141.6), np.float64(-123.4), np.float64(-232.5), np.float64(-320.4), np.float64(-297.9), np.float64(-252.6)]"
i4.0_w4_p0.5_s8.0_t20.0_htf40,4.0,4,0.5,8.0,20.0,40,5767,83.6,-272.9,19639.0,-13.15,-311.1,-311.0,-255.1,"[np.float64(-272.5), np.float64(-181.8), np.float64(-256.0), np.float64(-303.1), np.float64(-311.1), np.float64(-270.2)]"
i4.0_w4_p0.5_s8.0_t30.0_htf0,4.0,4,0.5,8.0,30.0,0,8959,129.8,-147.0,12674.0,-5.33,-217.6,-363.6,-45.6,"[np.float64(-82.2), np.float64(-140.3), np.float64(-157.3), np.float64(-204.5), np.float64(-48.6), np.float64(-217.6)]"
i4.0_w4_p0.5_s8.0_t30.0_htf20,4.0,4,0.5,8.0,30.0,20,5076,73.6,-256.4,18990.0,-12.94,-337.2,-287.7,-241.7,"[np.float64(-179.8), np.float64(-148.0), np.float64(-256.1), np.float64(-318.2), np.float64(-261.3), np.float64(-337.2)]"
i4.0_w4_p0.5_s8.0_t30.0_htf40,4.0,4,0.5,8.0,30.0,40,5643,81.8,-290.2,21336.0,-12.48,-330.5,-324.0,-274.4,"[np.float64(-329.0), np.float64(-187.9), np.float64(-243.1), np.float64(-330.5), np.float64(-317.3), np.float64(-288.3)]"
i4.0_w4_p0.5_s8.0_t44.0_htf0,4.0,4,0.5,8.0,44.0,0,8663,125.6,-86.7,9489.0,-2.94,-230.1,-272.7,0.3,"[np.float64(50.9), np.float64(-166.2), np.float64(-79.7), np.float64(-230.1), np.float64(105.9), np.float64(-184.8)]"
i4.0_w4_p0.5_s8.0_t44.0_htf20,4.0,4,0.5,8.0,44.0,20,4995,72.4,-278.5,20865.0,-13.24,-392.2,-300.2,-268.3,"[np.float64(-196.5), np.float64(-149.9), np.float64(-235.2), np.float64(-392.2), np.float64(-331.7), np.float64(-328.4)]"
i4.0_w4_p0.5_s8.0_t44.0_htf40,4.0,4,0.5,8.0,44.0,40,5575,80.8,-303.5,22605.0,-12.18,-353.8,-310.8,-300.0,"[np.float64(-330.9), np.float64(-217.3), np.float64(-230.3), np.float64(-353.8), np.float64(-347.5), np.float64(-294.6)]"
i4.0_w4_p0.5_s12.0_t20.0_htf0,4.0,4,0.5,12.0,20.0,0,9006,130.5,-318.2,22953.0,-14.96,-402.2,-399.0,-280.4,"[np.float64(-339.2), np.float64(-220.9), np.float64(-271.3), np.float64(-316.2), np.float64(-402.2), np.float64(-287.9)]"
i4.0_w4_p0.5_s12.0_t20.0_htf20,4.0,4,0.5,12.0,20.0,20,4937,71.6,-232.3,16807.0,-12.75,-322.8,-228.5,-234.1,"[np.float64(-168.1), np.float64(-129.4), np.float64(-193.5), np.float64(-322.8), np.float64(-260.2), np.float64(-288.9)]"
i4.0_w4_p0.5_s12.0_t20.0_htf40,4.0,4,0.5,12.0,20.0,40,5466,79.2,-282.4,19902.0,-12.39,-358.4,-277.9,-284.5,"[np.float64(-358.4), np.float64(-193.3), np.float64(-234.7), np.float64(-259.0), np.float64(-300.3), np.float64(-299.8)]"
i4.0_w4_p0.5_s12.0_t30.0_htf0,4.0,4,0.5,12.0,30.0,0,8509,123.3,-212.7,16613.0,-8.05,-252.1,-396.8,-126.5,"[np.float64(-234.6), np.float64(-177.1), np.float64(-165.4), np.float64(-252.1), np.float64(-186.3), np.float64(-228.4)]"
i4.0_w4_p0.5_s12.0_t30.0_htf20,4.0,4,0.5,12.0,30.0,20,4778,69.2,-253.2,18549.0,-12.19,-369.3,-245.8,-256.7,"[np.float64(-209.2), np.float64(-156.7), np.float64(-204.2), np.float64(-321.6), np.float64(-221.9), np.float64(-369.3)]"
i4.0_w4_p0.5_s12.0_t30.0_htf40,4.0,4,0.5,12.0,30.0,40,5307,76.9,-309.1,22075.0,-11.66,-447.1,-304.5,-311.3,"[np.float64(-447.1), np.float64(-209.7), np.float64(-195.7), np.float64(-299.7), np.float64(-314.4), np.float64(-335.7)]"
i4.0_w4_p0.5_s12.0_t44.0_htf0,4.0,4,0.5,12.0,44.0,0,8138,117.9,-115.3,11909.0,-3.95,-208.1,-314.6,-22.0,"[np.float64(-40.4), np.float64(-179.4), np.float64(-101.1), np.float64(-208.1), np.float64(-44.2), np.float64(-106.9)]"
i4.0_w4_p0.5_s12.0_t44.0_htf20,4.0,4,0.5,12.0,44.0,20,4690,68.0,-285.1,20988.0,-12.79,-386.0,-283.6,-285.7,"[np.float64(-209.7), np.float64(-154.0), np.float64(-208.0), np.float64(-372.3), np.float64(-340.2), np.float64(-386.0)]"
i4.0_w4_p0.5_s12.0_t44.0_htf40,4.0,4,0.5,12.0,44.0,40,5210,75.5,-329.2,23719.0,-11.73,-428.9,-305.1,-340.5,"[np.float64(-428.9), np.float64(-237.2), np.float64(-211.6), np.float64(-281.5), np.float64(-389.9), np.float64(-367.4)]"
