20240225 162800;2017.3;2017.3;2017.3;2017.3;4
20240225 164600;2017.3;2017.3;2017.3;2017.3;2
20240225 230100;2018;2020.7;2017.3;2018.2;109
20240225 230200;2017.8;2018.7;2017.8;2018.4;27
20240225 230300;2018.4;2018.7;2018.3;2018.7;20
20240225 230400;2018.8;2019.8;2018.6;2019.6;70
20240225 230500;2019.4;2019.9;2019.4;2019.4;22
20240225 230600;2019.4;2019.5;2019.3;2019.3;8
20240225 230700;2019.4;2020.5;2019.4;2020.4;29
20240225 230800;2020.5;2021.8;2020.4;2021.4;80
20240225 230900;2021.5;2021.9;2021.2;2021.2;14
20240225 231000;2021.4;2021.9;2021.4;2021.9;5
20240225 231100;2022.1;2022.3;2020.9;2021.1;26
20240225 231200;2021;2021.3;2020.9;2021.1;13
20240225 231300;2021.3;2021.3;2020.5;2020.6;20
20240225 231400;2020.6;2020.6;2020.1;2020.1;16
20240225 231500;2020.2;2020.2;2019.9;2020.2;22
20240225 231600;2020.4;2021.2;2020.4;2021.2;19
20240225 231700;2021.3;2021.7;2021.2;2021.6;22
20240225 231800;2021.4;2022.1;2021.4;2021.7;17
20240225 231900;2021.9;2022.3;2021.6;2021.8;26
20240225 232000;2021.8;2021.8;2021.3;2021.3;4
20240225 232100;2021.5;2021.8;2021.5;2021.6;12
20240225 232200;2021.8;2022.3;2021.8;2022.1;19
20240225 232300;2022.1;2022.5;2022.1;2022.4;10
20240225 232400;2022.5;2022.8;2022.5;2022.6;13
20240225 232500;2022.6;2022.8;2022.4;2022.8;13
20240225 232600;2022.7;2023.5;2022.7;2023.3;18
20240225 232700;2023.3;2023.9;2023.1;2023.2;48
20240225 232800;2023;2023;2022.6;2022.9;10
20240225 232900;2023;2023;2022.8;2022.8;5
20240225 233000;2022.8;2022.9;2022.8;2022.9;2
20240225 233100;2022.8;2023;2022.7;2023;10
20240225 233200;2023.1;2023.6;2023.1;2023.6;14
20240225 233300;2023.7;2023.9;2023.5;2023.5;13
20240225 233400;2023.4;2023.6;2022.9;2023.1;41
20240225 233500;2023.2;2023.2;2022.7;2023;8
20240225 233600;2023;2023;2022.8;2022.9;4
20240225 233700;2023;2023.2;2023;2023.2;5
20240225 233800;2023.3;2023.3;2022.5;2022.5;18
20240225 233900;2022.5;2022.8;2022.5;2022.6;13
20240225 234000;2022.5;2022.9;2022.5;2022.9;24
20240225 234200;2023;2023.6;2023;2023.3;22
20240225 234300;2023.5;2023.5;2023.4;2023.5;13
20240225 234400;2023.4;2023.7;2023.4;2023.5;16
20240225 234500;2023.4;2023.6;2023.4;2023.4;5
20240225 234600;2023.5;2023.5;2022.5;2022.5;45
20240225 234700;2022.6;2022.8;2022.6;2022.7;7
20240225 234800;2022.8;2023;2022.7;2023;29
20240225 234900;2023;2023.2;2022.6;2023.2;34
20240225 235000;2023.1;2023.4;2022.8;2023.1;43
20240225 235100;2022.9;2022.9;2022.5;2022.7;13
20240225 235200;2022.7;2022.7;2022.4;2022.7;11
20240225 235300;2022.5;2022.8;2022.4;2022.5;22
20240225 235400;2022.4;2022.6;2022.1;2022.2;20
20240225 235500;2022.2;2022.2;2022;2022;14
20240225 235600;2022.1;2022.1;2021.6;2021.8;17
20240225 235700;2021.7;2021.8;2021.4;2021.7;12
20240225 235800;2021.7;2022;2021.7;2022;13
20240225 235900;2021.9;2021.9;2021.6;2021.6;8
20240226 000000;2021.5;2021.5;2021.2;2021.2;13
20240226 000100;2021.1;2021.8;2021;2021.5;25
20240226 000200;2021.3;2021.3;2020.9;2020.9;13
20240226 000300;2020.7;2020.7;2019.7;2019.8;35
20240226 000400;2019.7;2019.7;2019.4;2019.6;19
20240226 000500;2019.6;2019.9;2019.3;2019.3;36
20240226 000600;2019.2;2019.2;2018.8;2019.2;27
20240226 000700;2019.1;2020;2018.8;2019.5;106
20240226 000800;2019.4;2019.8;2019.1;2019.3;29
20240226 000900;2019.3;2019.3;2018.9;2019;10
20240226 001000;2018.8;2019.1;2018.8;2019.1;5
20240226 001100;2019.4;2019.9;2019.3;2019.7;22
20240226 001200;2019.7;2020.5;2019.7;2020.2;33
20240226 001300;2020.1;2020.1;2019.5;2019.5;14
20240226 001400;2019.5;2019.8;2019.5;2019.8;16
20240226 001500;2019.7;2019.8;2019.7;2019.8;9
20240226 001600;2019.6;2019.8;2019.6;2019.6;5
20240226 001700;2019.7;2020.2;2019.7;2020.2;16
20240226 001800;2020;2020.1;2019.9;2020.1;12
20240226 001900;2019.8;2019.8;2019.5;2019.5;9
20240226 002000;2019.3;2019.3;2019;2019.3;6
20240226 002100;2019;2019;2018.3;2018.3;25
20240226 002200;2018.4;2018.5;2018.3;2018.3;23
20240226 002300;2018.4;2018.4;2017.6;2017.7;27
20240226 002400;2017.7;2018.1;2017.4;2017.7;29
20240226 002500;2017.7;2018;2017.5;2017.6;27
20240226 002600;2017.6;2018;2017.1;2018;33
20240226 002700;2018;2018.2;2017.9;2018;8
20240226 002800;2018.1;2018.2;2017.8;2018;9
20240226 002900;2017.9;2017.9;2017.1;2017.2;49
20240226 003000;2017.3;2017.9;2017.3;2017.8;20
20240226 003100;2017.7;2018.1;2017.7;2018.1;4
20240226 003200;2018.1;2018.4;2017.6;2017.6;13
20240226 003300;2017.5;2017.6;2017.4;2017.5;5
20240226 003400;2017.4;2017.7;2017.4;2017.6;17
20240226 003500;2017.6;2017.9;2017.6;2017.8;10
20240226 003600;2017.9;2018;2017.9;2018;6
20240226 003700;2017.7;2017.7;2017.6;2017.6;2
20240226 003800;2017.7;2017.7;2017.2;2017.3;11
20240226 003900;2017.3;2017.3;2017.3;2017.3;3
20240226 004000;2017.2;2017.2;2016.6;2016.9;36
20240226 004100;2016.9;2017.1;2016.9;2017;11
20240226 004200;2017;2017.5;2017;2017.4;24
20240226 004300;2017.1;2017.1;2015.8;2016.1;95
20240226 004400;2016.1;2016.4;2015.9;2016;30
20240226 004500;2015.9;2016.4;2015.9;2016.3;24
20240226 004600;2016;2016;2015.3;2015.3;21
20240226 004700;2015.3;2015.6;2015.1;2015.4;26
20240226 004800;2015.5;2015.5;2014;2014.2;72
20240226 004900;2014.2;2014.5;2014.2;2014.3;30
20240226 005000;2014.3;2014.6;2014.3;2014.6;9
20240226 005100;2014.4;2014.4;2013.4;2013.7;63
20240226 005200;2013.7;2013.9;2013.6;2013.9;17
20240226 005300;2014.1;2014.6;2014.1;2014.5;44
20240226 005400;2014.2;2014.9;2014.2;2014.9;17
20240226 005500;2014.7;2014.7;2014.4;2014.4;6
20240226 005600;2014.3;2014.4;2013.9;2013.9;15
20240226 005700;2013.8;2014.4;2013.6;2014.1;42
20240226 005800;2013.7;2014;2013.7;2014;5
20240226 005900;2013.9;2014.1;2013.8;2013.9;14
20240226 010000;2013.7;2013.8;2013.7;2013.7;5
20240226 010100;2013.6;2014.5;2013.3;2014.3;38
20240226 010200;2014.2;2014.7;2014.2;2014.3;31
20240226 010300;2014.4;2014.4;2013.8;2013.8;9
20240226 010400;2013.8;2014.3;2013.8;2014.3;8
20240226 010500;2014.3;2014.4;2014.2;2014.2;4
20240226 010600;2014.2;2014.8;2014.2;2014.7;34
20240226 010700;2014.7;2014.7;2013.1;2013.2;65
20240226 010800;2013.2;2013.4;2012.7;2013.1;140
20240226 010900;2013;2013.3;2012.2;2012.4;46
20240226 011000;2012.3;2013.2;2012.3;2013;19
20240226 011100;2012.7;2012.7;2012.4;2012.4;10
20240226 011200;2012.3;2012.4;2011.8;2012.4;39
20240226 011300;2012.3;2012.7;2011.8;2011.8;111
20240226 011400;2011.9;2012.3;2011.9;2012.2;49
20240226 011500;2012.3;2012.5;2012.2;2012.2;28
20240226 011600;2012.1;2012.2;2011.6;2011.7;23
20240226 011700;2011.6;2011.7;2011.3;2011.5;47
20240226 011800;2011.5;2011.6;2011.3;2011.5;50
20240226 011900;2011.4;2011.4;2011.2;2011.3;27
20240226 012000;2011.3;2012;2011.1;2012;41
20240226 012100;2012.1;2012.7;2012.1;2012.4;60
20240226 012200;2012.4;2013;2012.2;2012.9;48
20240226 012300;2012.7;2012.8;2012.4;2012.5;5
20240226 012400;2012.5;2012.9;2012.5;2012.7;10
20240226 012500;2012.9;2013.4;2012.9;2013.4;22
20240226 012600;2013.3;2013.4;2012.9;2013.4;30
20240226 012700;2013.3;2013.4;2013.1;2013.4;8
20240226 012800;2013.4;2013.9;2013.4;2013.9;20
20240226 012900;2013.8;2013.9;2013.6;2013.9;7
20240226 013000;2014;2014.1;2013.9;2014;10
20240226 013100;2013.9;2014.3;2013.8;2014.3;15
20240226 013200;2014.2;2014.7;2014.2;2014.7;32
20240226 013300;2014.6;2014.7;2014.3;2014.4;19
20240226 013400;2014.5;2015.1;2014.5;2014.7;23
20240226 013500;2014.8;2014.8;2014.7;2014.7;5
20240226 013600;2014.6;2014.8;2014.4;2014.7;14
20240226 013700;2014.7;2014.7;2014;2014.1;9
20240226 013800;2014;2014.3;2013.9;2014.3;20
20240226 013900;2014.3;2014.7;2014.2;2014.6;6
20240226 014000;2014.8;2015;2014.7;2015;15
20240226 014100;2015;2015.3;2014.9;2015.3;11
20240226 014200;2015.4;2015.5;2015.2;2015.5;9
20240226 014300;2015.3;2015.5;2015.3;2015.3;6
20240226 014400;2015.3;2015.3;2015.2;2015.2;7
20240226 014500;2015.3;2015.3;2015.2;2015.2;5
20240226 014600;2015.3;2015.5;2015.3;2015.5;2
20240226 014700;2015.3;2015.3;2015.1;2015.2;9
20240226 014800;2015.1;2015.2;2015;2015.2;9
20240226 014900;2015.1;2015.1;2014.7;2014.7;13
20240226 015000;2014.9;2014.9;2014.5;2014.5;24
20240226 015100;2014.5;2014.7;2014.5;2014.6;12
20240226 015200;2014.6;2014.6;2014;2014.1;23
20240226 015300;2014.1;2014.1;2013.5;2013.6;27
20240226 015400;2013.4;2013.5;2013.3;2013.4;11
20240226 015500;2013.5;2013.5;2013.3;2013.4;11
20240226 015600;2013.4;2013.9;2013.4;2013.9;12
20240226 015700;2014;2014.4;2014;2014.4;5
20240226 015800;2014.4;2014.5;2014.4;2014.5;6
20240226 015900;2014.3;2014.3;2013.9;2014.2;6
20240226 020000;2013.7;2013.7;2013.4;2013.4;6
20240226 020100;2013.4;2013.4;2012.9;2013.3;27
20240226 020200;2013.3;2013.6;2013.3;2013.6;6
20240226 020300;2013.5;2013.6;2013.5;2013.6;9
20240226 020400;2013.3;2013.3;2013.3;2013.3;1
20240226 020500;2013.6;2013.8;2013.6;2013.8;2
20240226 020600;2013.5;2013.6;2013.5;2013.6;3
20240226 020700;2013.7;2013.7;2013.6;2013.6;4
20240226 020800;2013.6;2013.8;2013.6;2013.8;14
20240226 020900;2013.8;2013.8;2013.7;2013.8;4
20240226 021000;2013.6;2013.8;2013.6;2013.8;3
20240226 021100;2013.8;2014;2013.8;2013.9;7
20240226 021200;2013.9;2013.9;2013.9;2013.9;3
20240226 021300;2014.1;2014.2;2014.1;2014.1;46
20240226 021400;2014.1;2014.1;2014.1;2014.1;7
20240226 021500;2014.3;2014.5;2014.3;2014.5;5
20240226 021600;2014.4;2014.8;2014.4;2014.7;12
20240226 021700;2014.7;2014.8;2014.6;2014.6;6
20240226 021800;2014.5;2014.5;2014.4;2014.4;3
20240226 021900;2014.4;2014.6;2014.4;2014.5;7
20240226 022000;2014.3;2014.3;2014.1;2014.2;8
20240226 022100;2014.1;2014.1;2013.8;2013.8;5
20240226 022200;2013.8;2014.2;2013.8;2014.2;9
20240226 022300;2014.1;2014.2;2014;2014.2;7
20240226 022400;2014.2;2014.3;2014.2;2014.3;6
20240226 022500;2014.2;2014.8;2014.1;2014.6;19
20240226 022600;2014.6;2014.6;2014.5;2014.6;5
20240226 022700;2014.3;2014.6;2014.3;2014.6;2
20240226 022800;2014.5;2014.6;2014.5;2014.6;8
20240226 022900;2014.6;2014.6;2014.5;2014.5;7
20240226 023000;2014.6;2014.7;2014.5;2014.5;4
20240226 023100;2014.5;2014.6;2014.3;2014.6;7
20240226 023200;2014.3;2014.3;2014;2014.1;8
20240226 023300;2013.9;2013.9;2013.7;2013.8;8
20240226 023400;2013.6;2014;2013.4;2013.5;26
20240226 023500;2013.7;2013.8;2013.4;2013.4;14
20240226 023600;2013.8;2013.8;2013.8;2013.8;1
20240226 023700;2013.9;2013.9;2013.9;2013.9;2
20240226 023800;2014.3;2014.4;2014.3;2014.4;6
20240226 023900;2014.6;2014.6;2014.3;2014.3;16
20240226 024000;2014.4;2014.8;2014.4;2014.8;7
20240226 024100;2014.9;2015.2;2014.9;2015.2;12
20240226 024200;2015.1;2015.4;2015.1;2015.2;11
20240226 024300;2014.9;2015.1;2014.9;2015.1;4
20240226 024400;2015.2;2015.5;2015.2;2015.3;11
20240226 024500;2015.3;2015.7;2015.3;2015.6;8
20240226 024600;2015.6;2015.6;2014.8;2015.1;18
20240226 024700;2015;2015;2013.9;2013.9;21
20240226 024800;2014.1;2014.1;2013.8;2013.8;5
20240226 024900;2014.2;2014.2;2014.1;2014.1;2
20240226 025000;2014.2;2014.2;2014.2;2014.2;1
20240226 025100;2014;2014;2014;2014;1
20240226 025200;2014.1;2014.1;2013.9;2014.1;15
20240226 025300;2014.2;2014.2;2014.1;2014.1;3
20240226 025400;2013.9;2013.9;2013.8;2013.8;2
20240226 025600;2014;2014.3;2013.9;2014.3;12
20240226 025700;2014.4;2014.6;2014.4;2014.5;6
20240226 025800;2014.4;2014.7;2014.4;2014.7;5
20240226 025900;2014.7;2014.7;2014.5;2014.5;5
20240226 030000;2014.4;2014.4;2014.4;2014.4;1
20240226 030100;2014;2014.6;2014;2014.6;5
20240226 030200;2014.5;2014.5;2014.1;2014.2;13
20240226 030400;2014.1;2014.3;2013.8;2014;26
20240226 030500;2013.9;2014.1;2013.9;2014.1;3
20240226 030600;2014;2014.4;2013.6;2014.4;18
20240226 030700;2014.4;2014.4;2014.1;2014.1;15
20240226 030800;2014;2014;2013.9;2013.9;6
20240226 030900;2014.4;2014.4;2014.4;2014.4;1
20240226 031000;2014.3;2014.3;2014.1;2014.1;2
20240226 031100;2014.2;2014.5;2014.2;2014.5;27
20240226 031200;2014.5;2014.6;2014.4;2014.5;21
20240226 031300;2014.3;2014.3;2014.1;2014.1;5
20240226 031500;2014.3;2014.3;2014.3;2014.3;2
20240226 031600;2014.3;2014.5;2014.3;2014.5;3
20240226 031700;2014.5;2015;2014.5;2014.8;14
20240226 031800;2014.9;2015.4;2014.9;2015.3;34
20240226 031900;2015.3;2015.3;2015.2;2015.2;2
20240226 032000;2015.1;2015.1;2015;2015.1;4
20240226 032100;2014.8;2014.8;2014.7;2014.7;3
20240226 032200;2014.8;2015;2014.8;2015;3
20240226 032300;2015;2015;2014.8;2015;4
20240226 032400;2015;2015;2014.8;2014.8;2
20240226 032500;2014.6;2014.7;2014.6;2014.7;4
20240226 032600;2014.6;2014.7;2014.6;2014.7;5
20240226 032700;2014.9;2015;2014.9;2015;3
20240226 032800;2015;2015;2014.8;2014.9;5
20240226 032900;2015;2015;2014.9;2014.9;2
20240226 033000;2015;2015.2;2015;2015;17
20240226 033100;2015;2015.4;2015;2015.2;24
20240226 033200;2015.3;2015.3;2015.1;2015.2;9
20240226 033300;2015.2;2015.2;2015.2;2015.2;1
20240226 033400;2015;2015.1;2014.9;2014.9;20
20240226 033500;2014.8;2015.2;2014.8;2015.2;4
20240226 033600;2015.3;2015.3;2015.2;2015.2;5
20240226 033700;2015.3;2015.4;2015.2;2015.2;5
20240226 033900;2015;2015.1;2015;2015.1;5
20240226 034000;2015.2;2015.3;2015.2;2015.3;3
20240226 034100;2015.2;2015.4;2015.2;2015.4;6
20240226 034200;2015.3;2015.4;2015.3;2015.3;8
20240226 034300;2015.3;2015.4;2015.2;2015.2;9
20240226 034400;2015.2;2015.3;2015.2;2015.3;2
20240226 034500;2015.2;2015.2;2015.2;2015.2;1
20240226 034600;2015.1;2015.3;2015.1;2015.3;5
20240226 034700;2015.3;2015.5;2015.3;2015.5;3
20240226 034900;2015.4;2015.5;2015.4;2015.5;4
20240226 035000;2015.3;2015.3;2015.3;2015.3;1
20240226 035100;2015.3;2015.4;2015.3;2015.4;2
20240226 035300;2015.7;2015.7;2015.5;2015.6;6
20240226 035400;2015.6;2015.6;2015.6;2015.6;1
20240226 035500;2015.6;2015.6;2015.6;2015.6;1
20240226 035600;2015.5;2015.5;2015.1;2015.1;8
20240226 035700;2015.1;2015.1;2015.1;2015.1;2
20240226 035800;2015;2015.1;2014.8;2015.1;13
20240226 035900;2015;2015.1;2015;2015.1;5
20240226 040000;2015.2;2015.3;2015.2;2015.2;3
20240226 040100;2015.3;2015.3;2014.8;2014.8;14
20240226 040200;2014.8;2014.8;2014.5;2014.7;20
20240226 040300;2014.9;2015.3;2014.9;2015.3;7
20240226 040400;2015.4;2015.7;2015.4;2015.7;15
20240226 040500;2015.6;2015.6;2015.5;2015.5;3
20240226 040600;2015.3;2015.4;2015.3;2015.4;3
20240226 040800;2015.2;2015.3;2015.2;2015.2;6
20240226 040900;2015.3;2015.4;2015.2;2015.2;4
20240226 041000;2015.3;2015.4;2015.3;2015.4;7
20240226 041100;2015.4;2015.4;2015.4;2015.4;1
20240226 041200;2015.5;2015.5;2015.5;2015.5;1
20240226 041300;2015.4;2015.5;2015.4;2015.4;4
20240226 041400;2015.4;2015.4;2015.4;2015.4;1
20240226 041500;2015.5;2015.6;2015.5;2015.6;3
20240226 041600;2015.4;2015.5;2015.3;2015.5;8
20240226 041700;2015.7;2015.8;2015.7;2015.8;2
20240226 041800;2015.8;2015.9;2015.7;2015.7;13
20240226 041900;2015.6;2015.7;2015.3;2015.3;7
20240226 042000;2015.1;2015.1;2015.1;2015.1;1
20240226 042200;2015.2;2015.2;2015.2;2015.2;3
20240226 042300;2015.5;2015.5;2015.4;2015.4;3
20240226 042400;2015.6;2015.7;2015.6;2015.6;6
20240226 042500;2015.5;2015.5;2015.5;2015.5;1
20240226 042600;2015.5;2015.5;2015.2;2015.2;12
20240226 042700;2015.2;2015.2;2014.7;2014.7;8
20240226 042800;2014.7;2014.8;2014.4;2014.8;35
20240226 042900;2014.8;2014.9;2014.8;2014.9;4
20240226 043000;2014.7;2014.7;2014.7;2014.7;1
20240226 043100;2014.5;2014.8;2014.2;2014.8;7
20240226 043200;2014.7;2014.9;2014.7;2014.9;7
20240226 043300;2015;2015;2015;2015;2
20240226 043500;2014.8;2014.8;2014.8;2014.8;1
20240226 043600;2014.9;2015.2;2014.9;2015;13
20240226 043700;2015;2015;2015;2015;1
20240226 043900;2015.3;2015.3;2015.2;2015.3;4
20240226 044000;2015.3;2015.3;2015.3;2015.3;1
20240226 044100;2015.3;2015.4;2015.3;2015.4;6
20240226 044300;2015.3;2015.5;2015.3;2015.5;24
20240226 044400;2015.5;2015.5;2015.3;2015.3;5
20240226 044600;2015.4;2015.4;2015.3;2015.4;7
20240226 044800;2015.3;2015.3;2015.3;2015.3;1
20240226 044900;2015.5;2015.5;2015.4;2015.5;5
20240226 045000;2015.5;2015.5;2015.5;2015.5;1
20240226 045100;2015.5;2015.6;2015.5;2015.5;5
20240226 045300;2015.5;2015.5;2015.4;2015.4;2
20240226 045400;2015.3;2015.3;2015.3;2015.3;1
20240226 045600;2015.4;2015.4;2015.4;2015.4;2
20240226 045700;2015.5;2015.5;2015.5;2015.5;1
20240226 045900;2015.4;2015.4;2015.3;2015.4;6
20240226 050000;2015.5;2015.5;2015.5;2015.5;1
20240226 050100;2015.5;2015.5;2015.4;2015.4;4
20240226 050200;2015.4;2015.5;2015.4;2015.4;4
20240226 050300;2015.5;2015.7;2015.5;2015.6;15
20240226 050400;2015.8;2015.8;2015.6;2015.6;6
20240226 050500;2015.7;2015.8;2015.7;2015.7;4
20240226 050600;2015.8;2015.8;2015.7;2015.7;2
20240226 050700;2015.7;2015.7;2015.7;2015.7;1
20240226 050800;2015.9;2016.2;2015.9;2016.2;7
20240226 050900;2016;2016.5;2016;2016.4;13
20240226 051000;2016.5;2016.7;2016.4;2016.5;12
20240226 051100;2016.4;2016.5;2016.1;2016.1;7
20240226 051300;2016;2016;2016;2016;2
20240226 051400;2016.2;2016.2;2016.2;2016.2;1
20240226 051500;2016.1;2016.1;2016.1;2016.1;1
20240226 051600;2016;2016.5;2015.8;2016.4;19
20240226 051700;2016.5;2016.5;2016.4;2016.4;7
20240226 051800;2016.6;2016.6;2016.6;2016.6;1
20240226 051900;2016.5;2016.7;2016.4;2016.6;11
20240226 052000;2016.6;2016.7;2016.5;2016.5;6
20240226 052100;2016.6;2016.6;2016.6;2016.6;1
20240226 052200;2016.6;2016.6;2016.5;2016.5;3
20240226 052300;2016.5;2016.5;2016.5;2016.5;1
20240226 052500;2016.4;2016.5;2016.3;2016.5;3
20240226 052600;2016.5;2016.5;2016.5;2016.5;2
20240226 052800;2016.5;2016.6;2016.4;2016.5;25
20240226 052900;2016.5;2016.8;2016.5;2016.8;7
20240226 053000;2016.7;2016.7;2016.6;2016.6;6
20240226 053100;2016.7;2016.7;2016.4;2016.4;3
20240226 053200;2016.4;2016.8;2016.4;2016.7;22
20240226 053300;2016.7;2016.7;2016.7;2016.7;1
20240226 053400;2016.7;2016.7;2016.7;2016.7;1
20240226 053500;2016.7;2016.7;2016.7;2016.7;2
20240226 053600;2016.7;2016.7;2016.7;2016.7;1
20240226 053700;2016.6;2016.6;2016.6;2016.6;1
20240226 053800;2016.7;2016.7;2016.7;2016.7;2
20240226 053900;2016.6;2016.6;2016.6;2016.6;2
20240226 054100;2016.5;2016.6;2016.5;2016.6;4
20240226 054200;2016.6;2017;2016.6;2017;9
20240226 054300;2017;2017.2;2017;2017.1;13
20240226 054400;2017;2017;2016.6;2016.6;5
20240226 054500;2016.4;2016.4;2016.4;2016.4;1
20240226 054600;2016.3;2016.7;2016.3;2016.5;8
20240226 054700;2016.2;2016.2;2015.7;2015.7;15
20240226 054800;2016.1;2016.2;2016.1;2016.2;6
20240226 054900;2016.3;2016.3;2016.3;2016.3;1
20240226 055000;2016.5;2016.5;2016.5;2016.5;3
20240226 055100;2016.5;2016.5;2016.1;2016.1;7
20240226 055300;2016.4;2016.6;2016.4;2016.6;13
20240226 055400;2016.6;2016.7;2016.3;2016.3;8
20240226 055500;2016.2;2016.2;2015.9;2015.9;6
20240226 055600;2016.1;2016.1;2015.9;2015.9;2
20240226 055700;2015.8;2015.8;2015.8;2015.8;1
20240226 055800;2015.9;2016;2015.9;2016;2
20240226 055900;2016.1;2016.1;2016.1;2016.1;4
20240226 060000;2016.2;2016.3;2016;2016;17
20240226 060100;2016;2016.2;2016;2016.2;4
20240226 060200;2016.2;2016.3;2016.2;2016.3;9
20240226 060300;2016.3;2016.6;2016.3;2016.6;5
20240226 060400;2016.6;2016.6;2016.5;2016.6;9
20240226 060500;2016.5;2016.5;2016.5;2016.5;1
20240226 060600;2016.4;2016.6;2016.4;2016.6;7
20240226 060700;2016.5;2016.5;2016.5;2016.5;2
20240226 060800;2016.3;2016.3;2016.3;2016.3;1
20240226 061000;2016.2;2016.2;2016;2016.1;6
20240226 061100;2016;2016.2;2016;2016.2;4
20240226 061200;2016.3;2016.5;2016.3;2016.4;25
20240226 061300;2016.5;2016.5;2015.9;2015.9;12
20240226 061400;2016.1;2016.1;2016.1;2016.1;1
20240226 061500;2016.4;2016.4;2016.2;2016.3;3
20240226 061600;2016.2;2016.2;2015.6;2015.8;12
20240226 061700;2015.8;2015.8;2015.8;2015.8;1
20240226 061800;2015.8;2015.8;2015.8;2015.8;2
20240226 062000;2016.1;2016.1;2016.1;2016.1;1
20240226 062100;2016.2;2016.3;2016.1;2016.3;9
20240226 062200;2016.4;2016.5;2016.3;2016.3;9
20240226 062300;2016.2;2016.2;2016.1;2016.1;7
20240226 062400;2016.1;2016.1;2015.8;2015.8;4
20240226 062500;2015.9;2015.9;2015.8;2015.8;2
20240226 062700;2015.8;2015.8;2015.7;2015.8;7
20240226 062800;2015.8;2015.8;2015.8;2015.8;3
20240226 062900;2015.7;2015.7;2015.6;2015.6;5
20240226 063000;2015.6;2015.6;2015.6;2015.6;4
20240226 063100;2015.6;2015.7;2015.3;2015.3;14
20240226 063200;2015.3;2015.6;2015.3;2015.5;9
20240226 063300;2015.4;2015.4;2015.2;2015.2;5
20240226 063400;2015.2;2015.2;2015.1;2015.1;6
20240226 063500;2015;2015;2014.3;2014.3;23
20240226 063600;2014.4;2014.6;2014.3;2014.6;11
20240226 063700;2014.9;2014.9;2014.7;2014.7;3
20240226 063800;2014.6;2014.6;2014.5;2014.5;4
20240226 063900;2014.3;2014.6;2014.3;2014.6;9
20240226 064000;2014.6;2014.8;2014.6;2014.8;2
20240226 064100;2015.1;2015.2;2015.1;2015.2;10
20240226 064200;2015.1;2015.1;2015;2015.1;3
20240226 064300;2015.1;2015.1;2015.1;2015.1;2
20240226 064400;2015;2015;2014.9;2015;4
20240226 064600;2015;2015;2014.9;2015;7
20240226 064700;2014.9;2014.9;2014.6;2014.6;6
20240226 064800;2014.5;2014.7;2014.4;2014.7;13
20240226 064900;2014.8;2014.9;2014.8;2014.8;7
20240226 065000;2014.7;2014.7;2014.3;2014.6;20
20240226 065100;2014.8;2014.9;2014.7;2014.7;5
20240226 065200;2014.9;2015.6;2014.9;2015.6;19
20240226 065300;2015.5;2015.8;2015.4;2015.7;11
20240226 065400;2015.8;2015.9;2015.7;2015.8;8
20240226 065500;2015.8;2015.8;2015.8;2015.8;1
20240226 065600;2015.7;2015.7;2015.6;2015.6;2
20240226 065700;2015.5;2015.8;2015.4;2015.8;17
20240226 065800;2015.8;2016;2015.8;2015.9;10
20240226 065900;2015.8;2015.8;2015.7;2015.7;6
20240226 070000;2015.6;2015.9;2015.3;2015.9;44
20240226 070100;2016;2016;2015.5;2015.5;31
20240226 070200;2015.5;2015.5;2015.3;2015.3;14
20240226 070300;2015.2;2015.4;2015;2015.2;26
20240226 070400;2015.2;2015.3;2015.2;2015.3;2
20240226 070500;2015.3;2015.7;2015.3;2015.7;8
20240226 070600;2015.6;2015.9;2015.5;2015.9;17
20240226 070700;2015.8;2015.8;2015.5;2015.7;11
20240226 070900;2016.1;2016.4;2016.1;2016.4;10
20240226 071000;2016.4;2016.6;2016.1;2016.5;29
20240226 071100;2016.4;2016.4;2016.2;2016.2;21
20240226 071200;2016.3;2016.6;2016.3;2016.6;8
20240226 071300;2016.7;2017.2;2016.7;2017.2;10
20240226 071400;2017.3;2017.6;2017.3;2017.6;18
20240226 071500;2017.7;2018;2017.7;2017.7;83
20240226 071600;2017.5;2017.7;2016;2016.4;62
20240226 071700;2016.4;2016.7;2016.3;2016.5;13
20240226 071800;2016.3;2016.5;2016.2;2016.2;11
20240226 071900;2016.1;2016.1;2015.8;2015.9;10
20240226 072000;2015.8;2015.8;2015.3;2015.4;14
20240226 072100;2015.8;2015.9;2015.7;2015.9;6
20240226 072200;2015.8;2015.9;2015.8;2015.9;4
20240226 072300;2015.7;2015.8;2015.4;2015.5;9
20240226 072400;2015.6;2016.4;2015.6;2016.3;65
20240226 072500;2016.2;2016.3;2016.2;2016.3;5
20240226 072600;2016.3;2016.6;2016.3;2016.5;7
20240226 072700;2016.4;2016.4;2016.3;2016.3;3
20240226 072800;2016.4;2016.6;2016.3;2016.6;8
20240226 072900;2016.8;2016.8;2016.6;2016.8;7
20240226 073000;2016.7;2016.8;2016.7;2016.7;6
20240226 073100;2016.8;2016.9;2016.3;2016.4;19
20240226 073200;2016.4;2016.5;2016.2;2016.5;4
20240226 073300;2016.5;2016.5;2016.3;2016.4;9
20240226 073400;2016.4;2016.4;2016.1;2016.2;22
20240226 073500;2016.2;2016.3;2016;2016;19
20240226 073600;2016.1;2016.3;2016.1;2016.3;8
20240226 073700;2016.4;2016.5;2016.2;2016.4;12
20240226 073800;2016.3;2016.3;2016.2;2016.3;8
20240226 073900;2016.3;2016.9;2016.2;2016.8;38
20240226 074000;2016.8;2016.9;2016.7;2016.7;13
20240226 074100;2016.7;2016.8;2016.6;2016.8;5
20240226 074200;2016.8;2016.8;2016.7;2016.8;4
20240226 074300;2016.7;2016.9;2016.6;2016.6;16
20240226 074400;2016.5;2016.6;2016.3;2016.5;17
20240226 074500;2016.4;2016.4;2015.9;2016;19
20240226 074600;2016;2016.7;2016;2016.6;15
20240226 074700;2016.5;2016.5;2016.4;2016.5;12
20240226 074800;2016.4;2016.4;2016.1;2016.1;15
20240226 074900;2016;2016.2;2015.9;2016.1;25
20240226 075000;2016;2016.1;2015.8;2016;11
20240226 075100;2015.8;2015.9;2015.7;2015.7;10
20240226 075200;2015.6;2015.6;2015.3;2015.4;21
20240226 075300;2015.5;2015.6;2015.4;2015.6;8
20240226 075400;2015.7;2015.7;2015.4;2015.5;15
20240226 075500;2015.5;2015.7;2015.5;2015.6;8
20240226 075600;2015.7;2016;2015.6;2016;21
20240226 075700;2016.1;2016.1;2015.9;2015.9;15
20240226 075800;2015.8;2015.9;2015.5;2015.6;31
20240226 075900;2015.7;2015.8;2015.7;2015.7;7
20240226 080000;2015.6;2015.7;2015.5;2015.7;14
20240226 080100;2015.6;2015.6;2015;2015.6;58
20240226 080200;2015.6;2015.9;2015.5;2015.5;21
20240226 080300;2015.4;2015.7;2015.2;2015.7;17
20240226 080400;2015.6;2015.8;2015.5;2015.8;7
20240226 080500;2015.7;2016.5;2015.7;2016.3;35
20240226 080600;2016.4;2019.1;2016.4;2018.8;151
20240226 080700;2018.7;2018.7;2017;2017;26
20240226 080800;2016.8;2017.1;2016.4;2016.9;24
20240226 080900;2016.6;2016.8;2016.5;2016.7;7
20240226 081000;2016.6;2016.6;2015.1;2015.3;77
20240226 081100;2015.4;2016.6;2015.4;2015.8;75
20240226 081200;2015.7;2016.3;2015.7;2016.2;15
20240226 081300;2016;2016.1;2015.8;2015.8;7
20240226 081400;2015.8;2016.3;2015.8;2016.3;9
20240226 081500;2016.4;2016.7;2016.2;2016.4;31
20240226 081600;2016.5;2017.4;2016.5;2017.1;27
20240226 081700;2017.1;2017.6;2017.1;2017.5;44
20240226 081800;2017.3;2017.9;2017.1;2017.7;20
20240226 081900;2017.7;2017.9;2017.3;2017.6;29
20240226 082000;2017.8;2018.3;2017.6;2018.1;33
20240226 082100;2018;2018.5;2017.9;2018.5;9
20240226 082200;2018.5;2018.5;2017.8;2018.1;20
20240226 082300;2018.1;2018.4;2017.8;2018.2;13
20240226 082400;2018;2018;2018;2018;6
20240226 082500;2018.2;2018.2;2017.7;2017.9;21
20240226 082600;2018;2018.1;2017.6;2017.8;19
20240226 082700;2017.9;2017.9;2017.2;2017.3;18
20240226 082800;2017.2;2017.2;2016.6;2016.6;19
20240226 082900;2016.5;2016.6;2016.2;2016.3;22
20240226 083000;2016.2;2016.7;2016;2016.7;20
20240226 083100;2016.6;2017.4;2016.6;2017.4;25
20240226 083200;2017.3;2017.9;2017.2;2017.9;30
20240226 083300;2017.9;2018.2;2017.7;2017.7;34
20240226 083400;2017.8;2017.9;2017.4;2017.4;21
20240226 083500;2017.2;2017.5;2016.1;2016.2;19
20240226 083600;2016.2;2016.3;2015.6;2015.9;28
20240226 083700;2015.5;2015.9;2014.9;2015.2;38
20240226 083800;2015.3;2015.6;2015.2;2015.5;19
20240226 083900;2015.4;2015.6;2015.4;2015.5;7
20240226 084000;2015.4;2015.4;2014.7;2015.1;13
20240226 084100;2015.1;2015.5;2014.9;2015.4;30
20240226 084200;2015.3;2015.4;2015.3;2015.4;8
20240226 084300;2015.2;2015.4;2014.5;2014.7;19
20240226 084400;2014.5;2014.5;2014.1;2014.5;55
20240226 084500;2014.4;2014.6;2013.9;2013.9;11
20240226 084600;2014;2014.1;2013.5;2013.5;25
20240226 084700;2013.4;2014.1;2013.4;2013.7;34
20240226 084800;2013.6;2013.6;2013.1;2013.1;35
20240226 084900;2013.3;2013.7;2013.3;2013.3;15
20240226 085000;2013.3;2013.4;2013.1;2013.1;23
20240226 085100;2013.1;2013.1;2012.2;2012.5;56
20240226 085200;2012.7;2012.7;2012.3;2012.4;17
20240226 085300;2012.5;2012.8;2012.3;2012.4;21
20240226 085400;2012.2;2012.2;2011.6;2011.9;46
20240226 085500;2011.9;2011.9;2011.5;2011.7;21
20240226 085600;2011.6;2011.9;2011.6;2011.9;20
20240226 085700;2011.9;2012;2011.5;2011.7;16
20240226 085800;2011.5;2011.9;2011.5;2011.8;20
20240226 085900;2011.8;2012;2011.5;2011.7;19
20240226 090000;2011.8;2012.1;2011.8;2012.1;16
20240226 090100;2012.1;2012.3;2011.5;2012;55
20240226 090200;2011.8;2012.6;2011.7;2012.4;38
20240226 090300;2012.1;2012.9;2012.1;2012.8;32
20240226 090400;2012.6;2012.8;2012.4;2012.7;21
20240226 090500;2012.6;2012.8;2012.3;2012.4;26
20240226 090600;2012.4;2012.4;2012.1;2012.3;11
20240226 090700;2012.2;2013.1;2012.2;2012.9;34
20240226 090800;2012.6;2012.6;2011.7;2011.7;18
20240226 090900;2011.8;2011.8;2010.6;2011.1;101
20240226 091000;2011;2011;2010.2;2010.9;74
20240226 091100;2010.8;2012;2010.6;2011.9;52
20240226 091200;2012;2012.3;2011.6;2011.7;34
20240226 091300;2011.8;2012.2;2011.7;2012.2;12
20240226 091400;2012;2012;2011.7;2011.8;10
20240226 091500;2011.9;2011.9;2011.4;2011.9;36
20240226 091600;2011.8;2011.9;2011.6;2011.9;29
20240226 091700;2011.8;2012.5;2011.8;2012.5;18
20240226 091800;2012.4;2012.6;2011.9;2012.1;46
20240226 091900;2011.9;2012.1;2011.5;2011.5;22
20240226 092000;2011.3;2011.4;2010.9;2010.9;43
20240226 092100;2010.9;2011.2;2010.8;2011.1;28
20240226 092200;2011.1;2011.6;2011.1;2011.5;37
20240226 092300;2011.2;2011.4;2011;2011;28
20240226 092400;2011.1;2011.1;2010.8;2011;22
20240226 092500;2011.1;2011.5;2011;2011.4;37
20240226 092600;2011.3;2011.6;2011.3;2011.6;17
20240226 092700;2011.5;2011.8;2011.5;2011.5;17
20240226 092800;2011.6;2011.6;2010.5;2010.5;88
20240226 092900;2010.5;2010.6;2010.1;2010.3;42
20240226 093000;2010.3;2010.4;2009.7;2009.9;74
20240226 093100;2009.7;2009.8;2009.3;2009.4;119
20240226 093200;2009.3;2010.4;2009.3;2010.4;48
20240226 093300;2010.3;2011.3;2010.3;2011.3;94
20240226 093400;2011.4;2012;2011.4;2011.8;44
20240226 093500;2011.7;2012.3;2011.7;2012.3;40
20240226 093600;2012.2;2012.2;2011.7;2011.7;11
20240226 093700;2011.7;2011.7;2010.8;2010.8;109
20240226 093800;2010.6;2011.1;2010.6;2011.1;4
20240226 093900;2011;2011.2;2010.9;2011.2;14
20240226 094000;2011.2;2011.2;2010.9;2010.9;7
20240226 094100;2010.8;2010.9;2010.7;2010.7;10
20240226 094200;2010.7;2010.7;2010.1;2010.1;22
20240226 094300;2010;2010.4;2009.7;2010.4;28
20240226 094400;2010.5;2010.6;2010.5;2010.6;6
20240226 094500;2010.5;2010.7;2010.5;2010.7;14
20240226 094600;2010.8;2011.2;2010.6;2011.2;23
20240226 094700;2011.2;2011.6;2011.2;2011.5;36
20240226 094800;2011.4;2011.7;2011.3;2011.5;55
20240226 094900;2011.5;2011.8;2011.4;2011.6;31
20240226 095000;2011.6;2011.6;2011.5;2011.5;4
20240226 095100;2011.5;2011.5;2011.2;2011.4;19
20240226 095200;2011.3;2011.3;2010.6;2010.6;16
20240226 095300;2010.5;2010.9;2010.4;2010.6;22
20240226 095400;2010.5;2010.7;2010.2;2010.2;17
20240226 095500;2010.2;2010.4;2010.1;2010.4;15
20240226 095600;2010.4;2010.9;2010.3;2010.8;18
20240226 095700;2010.8;2011.7;2010.8;2011.7;34
20240226 095800;2011.4;2012.4;2011.4;2012.4;42
20240226 095900;2012.2;2012.2;2011.6;2011.6;31
20240226 100000;2011.8;2011.8;2011.3;2011.3;20
20240226 100100;2011.2;2011.2;2010.7;2011.1;40
20240226 100200;2010.9;2010.9;2010.9;2010.9;2
20240226 100300;2011;2011.7;2010.9;2011.1;86
20240226 100400;2010.9;2011.1;2010.7;2011.1;9
20240226 100500;2011.2;2011.2;2010.9;2011;12
20240226 100600;2010.9;2010.9;2010.3;2010.7;23
20240226 100700;2010.7;2011.3;2010.5;2011.2;34
20240226 100800;2011.3;2011.3;2011.2;2011.3;5
20240226 100900;2011.2;2011.2;2011.2;2011.2;3
20240226 101000;2011.4;2011.4;2010.9;2011.1;20
20240226 101100;2011;2011.1;2010.8;2011.1;20
20240226 101200;2011.1;2011.2;2010.9;2011.2;16
20240226 101300;2011.2;2011.2;2011.2;2011.2;2
20240226 101400;2011.3;2011.4;2011.2;2011.3;20
20240226 101500;2011.3;2011.5;2011.3;2011.5;7
20240226 101600;2011.3;2011.3;2010.9;2011.1;19
20240226 101700;2011.1;2011.6;2011.1;2011.3;19
20240226 101800;2011.2;2011.5;2011.2;2011.5;11
20240226 101900;2011.5;2011.6;2011.5;2011.5;6
20240226 102000;2011.5;2011.7;2011.4;2011.7;13
20240226 102100;2011.4;2012.1;2011.4;2011.9;50
20240226 102200;2011.9;2011.9;2011.5;2011.6;8
20240226 102300;2011.5;2012;2011.4;2011.8;14
20240226 102400;2011.6;2011.6;2011.2;2011.4;16
20240226 102500;2011.3;2011.7;2011.3;2011.3;12
20240226 102600;2011.3;2011.9;2011.3;2011.9;11
20240226 102700;2012.1;2012.9;2012.1;2012.9;28
20240226 102800;2012.7;2013.6;2012.7;2013.4;45
20240226 102900;2013.2;2013.4;2012.9;2013;16
20240226 103000;2013;2013;2012.7;2012.7;12
20240226 103100;2012.6;2012.6;2011.9;2012;18
20240226 103200;2012;2012.6;2012;2012.5;15
20240226 103300;2012.5;2012.5;2011.9;2012;16
20240226 103400;2011.8;2012.4;2011.7;2012.2;19
20240226 103500;2012;2012.8;2012;2012.8;30
20240226 103600;2012.8;2012.8;2012.3;2012.5;17
20240226 103700;2012.4;2012.7;2012.3;2012.5;13
20240226 103800;2012.5;2012.6;2012.3;2012.3;20
20240226 103900;2012.3;2012.4;2012.1;2012.1;10
20240226 104000;2011.9;2012.3;2011.8;2012.3;12
20240226 104100;2012.4;2012.7;2012.2;2012.7;24
20240226 104200;2012.6;2012.8;2012.5;2012.6;13
20240226 104300;2012.5;2013.1;2012.5;2013;45
20240226 104400;2012.8;2013.1;2012.5;2012.7;22
20240226 104500;2012.8;2012.9;2012.6;2012.8;25
20240226 104600;2012.6;2013.3;2012.5;2013.2;49
20240226 104700;2013;2013.5;2013;2013.4;17
20240226 104800;2013.2;2013.4;2012.6;2012.9;24
20240226 104900;2012.7;2013;2012.7;2012.9;11
20240226 105000;2012.9;2013;2012.7;2012.7;10
20240226 105100;2012.7;2013;2012.5;2013;8
20240226 105200;2012.8;2012.9;2012.6;2012.7;16
20240226 105300;2013;2013.1;2012.8;2013;20
20240226 105400;2012.8;2013;2012.6;2012.7;24
20240226 105500;2012.7;2013.2;2012.6;2013.2;15
20240226 105600;2012.9;2013;2012.6;2012.9;29
20240226 105700;2012.7;2013;2012.6;2012.8;8
20240226 105800;2012.8;2013;2012.8;2012.9;8
20240226 105900;2012.7;2012.8;2012.5;2012.8;7
20240226 110000;2012.6;2012.9;2012.6;2012.8;27
20240226 110100;2012.7;2012.8;2012.6;2012.6;12
20240226 110200;2012.6;2012.8;2012.5;2012.8;21
20240226 110300;2012.8;2013.2;2012.7;2012.9;44
20240226 110400;2012.8;2013;2012.7;2012.8;15
20240226 110500;2012.6;2012.9;2012.5;2012.9;16
20240226 110600;2012.9;2013;2012.4;2012.4;9
20240226 110700;2012.3;2012.8;2012.3;2012.8;21
20240226 110800;2012.7;2012.9;2012.7;2012.8;13
20240226 110900;2012.9;2012.9;2012.3;2012.3;27
20240226 111000;2012.5;2012.9;2012.5;2012.9;11
20240226 111100;2013;2013;2012.8;2013;20
20240226 111200;2013;2013;2012.9;2012.9;4
20240226 111300;2012.9;2012.9;2012.8;2012.9;6
20240226 111400;2012.8;2012.9;2012.6;2012.6;12
20240226 111500;2012.8;2012.8;2012.7;2012.7;4
20240226 111600;2012.6;2012.8;2012.6;2012.8;9
20240226 111700;2012.8;2012.8;2012.6;2012.7;15
20240226 111800;2012.6;2012.9;2012.5;2012.9;11
20240226 111900;2012.8;2012.9;2012.7;2012.7;16
20240226 112000;2012.6;2013;2012.6;2012.9;11
20240226 112100;2012.9;2012.9;2012.7;2012.7;9
20240226 112200;2012.7;2013;2012.5;2012.9;22
20240226 112300;2012.8;2012.9;2012.6;2012.8;24
20240226 112400;2012.9;2013.2;2012.7;2013.2;21
20240226 112500;2013;2013.4;2013;2013.4;16
20240226 112600;2013.4;2013.6;2013.4;2013.5;18
20240226 112700;2013.6;2013.6;2013.4;2013.4;12
20240226 112800;2013.6;2013.6;2013.4;2013.4;7
20240226 112900;2013.4;2013.4;2013.3;2013.4;6
20240226 113000;2013.3;2013.5;2013.2;2013.3;40
20240226 113100;2013.2;2013.2;2013;2013;24
20240226 113200;2012.9;2013.5;2012.9;2013.4;25
20240226 113300;2013.4;2013.4;2013.2;2013.2;9
20240226 113400;2013;2013.1;2013;2013.1;14
20240226 113500;2013.3;2013.4;2013.2;2013.4;13
20240226 113600;2013.3;2013.3;2013.2;2013.2;5
20240226 113700;2013.2;2013.2;2013.1;2013.2;6
20240226 113800;2013.2;2013.3;2013.2;2013.3;5
20240226 113900;2013.2;2013.2;2012.8;2013;14
20240226 114000;2012.8;2013.4;2012.8;2013.4;21
20240226 114100;2013.3;2013.6;2013.3;2013.6;23
20240226 114200;2013.7;2013.7;2013.5;2013.7;18
20240226 114300;2013.8;2013.9;2013.7;2013.8;48
20240226 114400;2013.9;2014.7;2013.8;2014.5;459
20240226 114500;2014.4;2014.4;2014.1;2014.1;31
20240226 114600;2014.1;2014.3;2013.7;2013.7;34
20240226 114700;2013.7;2013.8;2013.2;2013.3;99
20240226 114800;2013.3;2013.3;2012.8;2012.8;92
20240226 114900;2013;2013.1;2012.9;2012.9;8
20240226 115000;2013;2013.1;2012.8;2012.8;26
20240226 115100;2012.6;2012.7;2012.3;2012.5;39
20240226 115200;2012.6;2012.6;2012.2;2012.2;23
20240226 115300;2012;2012.1;2011.5;2011.7;46
20240226 115400;2011.6;2011.7;2011.2;2011.6;23
20240226 115500;2011.8;2012.4;2011.8;2012.2;25
20240226 115600;2012.3;2012.5;2012.3;2012.4;49
20240226 115700;2012.5;2012.6;2012.4;2012.6;21
20240226 115800;2012.6;2013.1;2012.5;2013;23
20240226 115900;2013;2013.3;2013;2013.3;16
20240226 120000;2013.1;2013.1;2012.6;2012.7;7
20240226 120100;2012.8;2013.9;2012.8;2013.8;53
20240226 120200;2013.6;2013.6;2013.2;2013.3;15
20240226 120300;2013.3;2013.4;2012.8;2013.4;93
20240226 120400;2013.4;2013.4;2011.9;2012;35
20240226 120500;2012;2012.3;2011.8;2012.3;16
20240226 120600;2012;2012.3;2011.8;2012.2;21
20240226 120700;2012.1;2012.7;2012.1;2012.6;17
20240226 120800;2012.5;2012.8;2011.9;2011.9;35
20240226 120900;2012;2012.2;2011.9;2012;15
20240226 121000;2012;2012;2011.9;2012;12
20240226 121100;2012.2;2012.3;2012.2;2012.3;11
20240226 121200;2012.4;2013.1;2012.4;2012.9;17
20240226 121300;2013;2013.3;2013;2013.3;20
20240226 121400;2013;2013.4;2013;2013.4;11
20240226 121500;2013.3;2013.3;2013;2013;10
20240226 121600;2013;2013.2;2012.9;2013;27
20240226 121700;2012.9;2013.3;2012.9;2013.3;10
20240226 121800;2013.4;2013.5;2013.1;2013.1;14
20240226 121900;2012.9;2013;2012.8;2013;10
20240226 122000;2012.9;2013.6;2012.9;2013.6;39
20240226 122100;2013.6;2013.8;2013.6;2013.8;9
20240226 122200;2013.8;2014.2;2013.8;2014.2;18
20240226 122300;2013.9;2014.2;2013.9;2014.1;10
20240226 122400;2013.9;2014.2;2013.9;2014.2;10
20240226 122500;2014.2;2014.4;2014.1;2014.3;17
20240226 122600;2014.3;2014.4;2013.4;2013.4;38
20240226 122700;2013.3;2013.7;2013.2;2013.6;15
20240226 122800;2013.5;2013.7;2013.4;2013.4;18
20240226 122900;2013.5;2013.5;2012.8;2012.9;23
20240226 123000;2012.6;2013;2012.6;2012.8;12
20240226 123100;2012.6;2012.8;2012;2012;22
20240226 123200;2012.1;2012.2;2011.7;2012.2;37
20240226 123300;2012.2;2012.5;2012.1;2012.5;16
20240226 123400;2012.6;2012.8;2012.6;2012.8;10
20240226 123500;2012.4;2012.4;2012.3;2012.3;10
20240226 123600;2012.3;2013.2;2012.3;2013.2;32
20240226 123700;2013.1;2013.8;2013.1;2013.8;16
20240226 123800;2013.8;2014;2013.6;2013.6;10
20240226 123900;2013.6;2013.6;2012.7;2012.8;29
20240226 124000;2012.7;2013;2012.6;2013;9
20240226 124100;2013.1;2013.1;2013;2013.1;10
20240226 124200;2013.2;2013.2;2013.1;2013.1;5
20240226 124300;2013;2013.2;2013;2013;9
20240226 124400;2012.9;2013.1;2012.8;2012.8;10
20240226 124500;2012.8;2012.9;2012.5;2012.9;14
20240226 124600;2012.9;2012.9;2012.7;2012.8;15
20240226 124700;2013.2;2013.5;2012.8;2012.8;43
20240226 124800;2012.8;2012.8;2011.9;2011.9;24
20240226 124900;2012.1;2012.3;2011.8;2012.3;17
20240226 125000;2012;2012;2011.7;2011.9;19
20240226 125100;2011.8;2011.9;2011.1;2011.3;68
20240226 125200;2011.3;2011.5;2011.2;2011.3;24
20240226 125300;2011.5;2011.8;2011.4;2011.8;37
20240226 125400;2011.9;2012.2;2011.3;2011.4;82
20240226 125500;2011.6;2011.6;2011.4;2011.5;40
20240226 125600;2011.6;2011.7;2011.4;2011.6;46
20240226 125700;2011.5;2011.6;2011.1;2011.5;37
20240226 125800;2011.4;2011.6;2011.3;2011.6;22
20240226 125900;2011.5;2011.7;2011.2;2011.4;53
20240226 130000;2011.4;2011.9;2011.4;2011.9;30
20240226 130100;2011.9;2011.9;2010.9;2011.3;101
20240226 130200;2011.3;2011.3;2010.9;2010.9;35
20240226 130300;2010.9;2011.1;2010.5;2010.5;67
20240226 130400;2010.4;2010.9;2010.4;2010.7;65
20240226 130500;2010.8;2010.8;2010.2;2010.5;44
20240226 130600;2010.4;2010.6;2009.8;2010.6;83
20240226 130700;2010.6;2011.6;2010.6;2011.6;39
20240226 130800;2011.5;2012.1;2011.4;2012.1;37
20240226 130900;2011.8;2011.9;2011.6;2011.6;17
20240226 131000;2011.5;2011.5;2010.7;2011.1;82
20240226 131100;2011.2;2012;2011;2011.2;107
20240226 131200;2011;2011.2;2010.2;2010.2;80
20240226 131300;2010.2;2010.9;2010.2;2010.7;90
20240226 131400;2010.8;2011.3;2010.8;2011;89
20240226 131500;2011;2011.4;2011;2011.2;105
20240226 131600;2011.3;2012;2011.2;2011.9;59
20240226 131700;2011.9;2012.3;2011.9;2012.2;40
20240226 131800;2012.2;2012.5;2011.9;2011.9;48
20240226 131900;2011.9;2012.5;2011.5;2012.4;116
20240226 132000;2012.5;2013.8;2012.5;2013.6;105
20240226 132100;2013.6;2014.3;2013.6;2013.6;116
20240226 132200;2013.7;2013.8;2013.3;2013.4;62
20240226 132300;2013.3;2013.5;2012.9;2013.1;57
20240226 132400;2013.2;2013.2;2012;2012;69
20240226 132500;2012.2;2013;2012.2;2013;79
20240226 132600;2013.1;2013.4;2012.3;2012.8;54
20240226 132700;2012.8;2013.4;2012.8;2013.1;38
20240226 132800;2012.9;2013.2;2012.8;2013.2;34
20240226 132900;2012.9;2013;2012.6;2012.8;45
20240226 133000;2012.7;2013.5;2012.7;2013.1;108
20240226 133100;2013.1;2013.3;2013;2013.2;42
20240226 133200;2013.3;2014.7;2012.9;2014.6;112
20240226 133300;2014.6;2015.5;2014.5;2015.4;110
20240226 133400;2015.3;2015.7;2015.2;2015.2;74
20240226 133500;2015.2;2015.4;2015;2015;57
20240226 133600;2015;2017.1;2015;2016.4;502
20240226 133700;2016.3;2018.6;2015.8;2018.5;611
20240226 133800;2018.5;2018.6;2017.2;2017.2;114
20240226 133900;2017.2;2018;2017.2;2017.9;76
20240226 134000;2017.8;2019.9;2017.8;2019.1;239
20240226 134100;2019.3;2020.5;2019.3;2020.3;168
20240226 134200;2020.3;2021;2019.7;2020.6;157
20240226 134300;2020.5;2020.6;2019.9;2020.4;152
20240226 134400;2020.3;2020.3;2019.6;2019.7;85
20240226 134500;2019.6;2019.9;2019.2;2019.9;88
20240226 134600;2020.2;2020.9;2020.2;2020.3;89
20240226 134700;2020.3;2020.3;2019.5;2020;66
20240226 134800;2020.1;2020.8;2019.7;2020.6;69
20240226 134900;2020.8;2021;2020.4;2020.5;72
20240226 135000;2020.7;2020.7;2019.4;2019.7;52
20240226 135100;2019.7;2020.4;2019.6;2020.3;59
20240226 135200;2020.5;2021.6;2020.4;2021.6;105
20240226 135300;2021.5;2021.5;2020.7;2021;81
20240226 135400;2020.9;2021;2020.3;2020.9;47
20240226 135500;2020.8;2020.8;2019.6;2019.6;60
20240226 135600;2019.7;2020.2;2019.4;2020.1;51
20240226 135700;2020;2020;2019.4;2019.7;67
20240226 135800;2019.8;2019.9;2018.9;2019.4;87
20240226 135900;2019.4;2020.2;2019.4;2019.9;68
20240226 140000;2020;2020.1;2018.9;2019.6;55
20240226 140100;2019.7;2020.7;2019.6;2019.8;80
20240226 140200;2019.9;2020.1;2019.2;2019.6;62
20240226 140300;2019.6;2019.7;2019.3;2019.6;26
20240226 140400;2019.7;2019.7;2019;2019.4;86
20240226 140500;2019.4;2019.5;2018.4;2018.7;139
20240226 140600;2018.8;2019.2;2018.6;2018.7;73
20240226 140700;2018.8;2019.1;2018.6;2019.1;26
20240226 140800;2019.1;2019.1;2018.4;2018.5;45
20240226 140900;2018.5;2018.8;2018;2018;78
20240226 141000;2017.9;2018.2;2017.7;2018.1;101
20240226 141100;2018.1;2018.2;2017.2;2017.4;120
20240226 141200;2017.4;2017.5;2017.1;2017.2;49
20240226 141300;2016.9;2017.9;2016.9;2017.3;200
20240226 141400;2017.2;2017.3;2016.2;2016.3;47
20240226 141500;2016.2;2016.4;2015.8;2016;186
20240226 141600;2016;2016.6;2015.7;2016.6;154
20240226 141700;2016.5;2016.6;2016.1;2016.3;48
20240226 141800;2016.4;2016.4;2015.3;2015.6;350
20240226 141900;2015.6;2016.3;2015.6;2016.2;62
20240226 142000;2016.1;2016.1;2015.8;2016.1;102
20240226 142100;2016.2;2017.1;2016.2;2016.5;181
20240226 142200;2016.3;2016.7;2016.2;2016.3;61
20240226 142300;2016.3;2016.8;2016.2;2016.8;54
20240226 142400;2016.5;2016.9;2016.4;2016.4;26
20240226 142500;2016.3;2016.7;2016;2016.1;48
20240226 142600;2016.2;2016.6;2015.9;2016.6;155
20240226 142700;2016.7;2017;2016.2;2016.6;161
20240226 142800;2016.5;2016.7;2015.7;2015.7;252
20240226 142900;2015.8;2015.9;2014.6;2014.8;185
20240226 143000;2014.7;2016.9;2013.7;2016.7;709
20240226 143100;2016.8;2017.5;2011.2;2014.1;3490
20240226 143200;2014.2;2016.4;2011.9;2013.1;2130
20240226 143300;2012.9;2017;2012.1;2016.3;1427
20240226 143400;2016.2;2018.9;2015.8;2018.2;921
20240226 143500;2018.1;2019.5;2017.8;2019;848
20240226 143600;2019.1;2021.3;2017.4;2019.3;1045
20240226 143700;2019.2;2020.6;2018.4;2020.2;716
20240226 143800;2020.2;2021;2018.5;2019.2;678
20240226 143900;2019.1;2020.8;2018;2020.6;595
20240226 144000;2020.5;2023.1;2019.9;2023;747
20240226 144100;2023;2023.5;2021.5;2023.4;773
20240226 144200;2023.1;2025.7;2022.9;2025.1;943
20240226 144300;2025.1;2026;2024.4;2025.7;656
20240226 144400;2025.9;2026.7;2024.7;2026.2;608
20240226 144500;2026.4;2027.7;2025.8;2025.9;606
20240226 144600;2026.1;2028.1;2026.1;2026.7;1095
20240226 144700;2026.8;2028.1;2026.4;2028.1;328
20240226 144800;2028.1;2028.6;2026.5;2028.1;903
20240226 144900;2028;2028.8;2027.4;2028.6;522
20240226 145000;2028.6;2030.2;2028.1;2030.1;594
20240226 145100;2030.1;2031.2;2029.6;2030.9;793
20240226 145200;2030.7;2032.2;2030.2;2031;964
20240226 145300;2030.9;2033.9;2030.9;2033.8;920
20240226 145400;2033.8;2034;2032.1;2032.5;921
20240226 145500;2032.5;2033.1;2031.5;2032;433
20240226 145600;2031.9;2033.4;2031.8;2033.2;437
20240226 145700;2033.2;2034.4;2032.5;2034.2;414
20240226 145800;2034;2035.6;2033.8;2035;554
20240226 145900;2034.9;2036.1;2034.4;2036;545
20240226 150000;2036.2;2036.3;2035.4;2035.8;288
20240226 150100;2035.6;2036.7;2034.1;2034.3;775
20240226 150200;2034.4;2034.7;2031.8;2032.2;860
20240226 150300;2032.2;2034.6;2032.2;2033.2;621
20240226 150400;2033.2;2033.8;2030.8;2031.3;486
20240226 150500;2031.5;2034.2;2031.5;2033.3;460
20240226 150600;2033.3;2034.5;2031.8;2034;454
20240226 150700;2033.9;2034;2030.8;2031.6;469
20240226 150800;2031.5;2032.8;2031.1;2032.8;348
20240226 150900;2032.8;2033.2;2031.9;2033;312
20240226 151000;2033;2033.1;2030.4;2031.2;608
20240226 151100;2031.3;2032.2;2030.2;2031.6;418
20240226 151200;2031.6;2032.4;2030.7;2032.2;308
20240226 151300;2032.3;2033.1;2031.5;2032;398
20240226 151400;2032.1;2032.2;2030.3;2030.7;294
20240226 151500;2030.6;2030.7;2029.2;2030.3;541
20240226 151600;2030.3;2030.6;2029.2;2030.4;349
20240226 151700;2030.5;2031.2;2028.5;2028.9;614
20240226 151800;2028.8;2029.4;2027.1;2027.3;568
20240226 151900;2027.3;2028.9;2026.6;2028.9;537
20240226 152000;2028.8;2028.9;2027.1;2028.6;411
20240226 152100;2028.6;2028.9;2027.6;2027.6;327
20240226 152200;2027.5;2029.7;2027.4;2029.2;306
20240226 152300;2029.2;2030.8;2028.5;2030.8;379
20240226 152400;2030.7;2032.3;2030.1;2031.4;554
20240226 152500;2031.5;2031.7;2030.2;2030.4;369
20240226 152600;2030.5;2031.9;2030.5;2031.8;177
20240226 152700;2031.8;2032.5;2030.7;2031.3;226
20240226 152800;2031.4;2032;2030.6;2031.8;298
20240226 152900;2031.7;2033.3;2031.4;2033.2;373
20240226 153000;2033.1;2033.3;2032.3;2032.7;250
20240226 153100;2032.8;2033.4;2030.5;2031;553
20240226 153200;2031.1;2032.5;2031.1;2032.1;259
20240226 153300;2032;2034;2031.9;2033;381
20240226 153400;2033;2033.9;2032.8;2033.8;249
20240226 153500;2033.9;2034.2;2033.4;2033.7;244
20240226 153600;2033.9;2034.1;2032.8;2032.9;338
20240226 153700;2033;2033.2;2032;2032.9;338
20240226 153800;2032.8;2033.8;2032.6;2033.3;225
20240226 153900;2033.4;2033.5;2032.3;2032.9;223
20240226 154000;2032.9;2033.4;2031.2;2031.4;278
20240226 154100;2031.5;2031.7;2031;2031.4;171
20240226 154200;2031.3;2032.7;2031.2;2032.7;126
20240226 154300;2032.6;2032.9;2031.5;2031.5;140
20240226 154400;2031.5;2031.6;2030;2030.1;229
20240226 154500;2030.1;2030.5;2029.5;2030;254
20240226 154600;2030.1;2030.7;2029.4;2030.6;288
20240226 154700;2030.7;2031.9;2030.7;2031.4;207
20240226 154800;2031.4;2032.6;2031.1;2032.6;260
20240226 154900;2032.6;2033;2032;2032.1;251
20240226 155000;2032;2032;2031;2031.1;278
20240226 155100;2031.2;2032.1;2030.7;2031.6;301
20240226 155200;2031.6;2033.2;2031.6;2032.9;212
20240226 155300;2032.8;2033.1;2032.1;2032.3;206
20240226 155400;2032.4;2033;2032.4;2032.9;91
20240226 155500;2033;2033.8;2032.8;2033;332
20240226 155600;2033.1;2033.7;2032.3;2033.5;135
20240226 155700;2033.6;2034.3;2033.6;2033.9;480
20240226 155800;2034;2034.1;2032.6;2032.6;381
20240226 155900;2032.7;2033.2;2032.2;2032.9;242
20240226 160000;2033;2033.3;2032.6;2033.3;194
20240226 160100;2033.4;2033.6;2032.8;2033.6;242
20240226 160200;2033.5;2034;2033.1;2033.7;190
20240226 160300;2033.6;2034.2;2032.6;2033.1;269
20240226 160400;2033.1;2033.4;2032.2;2032.6;119
20240226 160500;2032.8;2032.9;2031.6;2031.7;155
20240226 160600;2031.7;2032.3;2031.3;2031.8;184
20240226 160700;2031.9;2032.1;2030.8;2031.3;207
20240226 160800;2031.3;2031.3;2029.4;2030.1;512
20240226 160900;2030.1;2030.6;2029.7;2029.7;316
20240226 161000;2029.8;2031.1;2029.4;2030.7;292
20240226 161100;2030.6;2030.6;2029.6;2029.9;186
20240226 161200;2029.9;2031.3;2029.4;2031.1;454
20240226 161300;2031.3;2032.1;2030.8;2031.7;253
20240226 161400;2031.7;2032.3;2031.3;2031.9;118
20240226 161500;2032;2032.7;2032;2032.7;152
20240226 161600;2032.7;2033;2032.1;2032.2;152
20240226 161700;2032.3;2032.8;2032.1;2032.7;162
20240226 161800;2032.8;2033.7;2032.7;2033.5;203
20240226 161900;2033.6;2034.6;2033.6;2033.8;670
20240226 162000;2033.8;2034.4;2033.2;2033.3;312
20240226 162100;2033.3;2033.8;2032.8;2032.9;169
20240226 162200;2033.1;2033.6;2032.5;2032.6;242
20240226 162300;2032.6;2032.8;2031.1;2031.5;164
20240226 162400;2031.4;2031.5;2030.1;2030.1;236
20240226 162500;2030.2;2030.8;2029.6;2030.1;238
20240226 162600;2030.1;2030.9;2029.5;2030.9;315
20240226 162700;2030.8;2031.3;2030.6;2030.7;116
20240226 162800;2030.7;2031.3;2030.7;2031.2;148
20240226 162900;2031.3;2031.4;2030.7;2031;98
20240226 163000;2031.1;2031.5;2031;2031.2;149
20240226 163100;2031.2;2031.8;2031;2031.5;150
20240226 163200;2031.3;2031.6;2030.8;2031;140
20240226 163300;2031;2031.3;2030.4;2030.7;147
20240226 163400;2030.7;2031;2030.7;2030.9;103
20240226 163500;2030.9;2030.9;2029.8;2029.9;164
20240226 163600;2029.8;2029.8;2027.9;2028.5;433
20240226 163700;2028.5;2030.7;2028.4;2030.3;286
20240226 163800;2030.4;2030.6;2029.5;2030.6;135
20240226 163900;2030.7;2031.9;2030.7;2031.7;210
20240226 164000;2031.7;2031.7;2031;2031.6;237
20240226 164100;2031.6;2032.3;2031.3;2031.3;189
20240226 164200;2031.3;2031.8;2030.7;2030.9;119
20240226 164300;2030.8;2031;2030.4;2030.7;133
20240226 164400;2030.5;2030.7;2030.1;2030.5;111
20240226 164500;2030.6;2031.2;2030.5;2030.9;120
20240226 164600;2031.1;2031.3;2030.4;2031.3;150
20240226 164700;2031.4;2031.5;2030.7;2030.7;66
20240226 164800;2030.7;2031.5;2030.6;2031;96
20240226 164900;2031;2031.5;2030.8;2031.2;69
20240226 165000;2031.4;2032.1;2031.2;2032.1;89
20240226 165100;2032.1;2032.7;2032.1;2032.3;190
20240226 165200;2032.4;2032.7;2031.9;2032.5;150
20240226 165300;2032.7;2033;2032.1;2032.3;108
20240226 165400;2032.4;2033;2032.2;2032.8;188
20240226 165500;2032.8;2033;2032.4;2032.8;105
20240226 165600;2032.8;2033;2032.3;2033;124
20240226 165700;2033;2033.7;2032.7;2033.7;132
20240226 165800;2033.7;2034.2;2033.6;2034.1;133
20240226 165900;2034.2;2034.2;2033.6;2034;87
20240226 170000;2034;2034.2;2033.5;2034;87
20240226 170100;2034;2034.2;2032.3;2033.1;244
20240226 170200;2033;2033;2031.9;2032.1;135
20240226 170300;2032.3;2033.3;2032.1;2032.1;126
20240226 170400;2032.1;2032.7;2032;2032.7;90
20240226 170500;2032.7;2033;2032;2032;166
20240226 170600;2032.2;2032.4;2031.6;2031.7;165
20240226 170700;2031.7;2031.8;2030.9;2031.1;111
20240226 170800;2031.2;2032.4;2030.8;2032.4;124
20240226 170900;2032.6;2032.6;2032;2032.3;89
20240226 171000;2032.4;2032.5;2031.5;2031.6;107
20240226 171100;2031.7;2031.8;2031.2;2031.7;87
20240226 171200;2031.9;2032.5;2031.5;2032.3;82
20240226 171300;2032.3;2032.7;2032.2;2032.3;84
20240226 171400;2032.2;2032.2;2031.7;2032.1;85
20240226 171500;2032.1;2032.3;2031.6;2032.1;65
20240226 171600;2032.2;2032.3;2031.9;2032.1;88
20240226 171700;2032.2;2032.7;2032.2;2032.7;61
20240226 171800;2032.9;2032.9;2032.1;2032.2;56
20240226 171900;2032.2;2032.3;2031.7;2031.9;72
20240226 172000;2032;2032;2031;2031;90
20240226 172100;2031.1;2031.6;2030.9;2031.4;134
20240226 172200;2031.4;2032;2031.1;2031.7;88
20240226 172300;2031.9;2032.4;2031.3;2032.3;86
20240226 172400;2032.5;2032.9;2032.3;2032.7;158
20240226 172500;2032.7;2033.8;2032.6;2033.6;90
20240226 172600;2033.6;2033.6;2032.8;2033;101
20240226 172700;2033.1;2033.2;2032.8;2032.8;70
20240226 172800;2032.7;2033;2032.5;2032.5;77
20240226 172900;2032.4;2033.3;2032.4;2033.3;41
20240226 173000;2033.3;2033.6;2033.1;2033.3;175
20240226 173100;2033.5;2033.5;2032.3;2032.3;123
20240226 173200;2032.3;2033.4;2032.3;2033.2;97
20240226 173300;2033.2;2033.2;2031.7;2032;124
20240226 173400;2032.1;2032.3;2031.7;2032.2;69
20240226 173500;2032.1;2032.1;2031.6;2032;53
20240226 173600;2031.9;2032;2031;2031.1;99
20240226 173700;2031.2;2031.8;2031;2031.4;161
20240226 173800;2031.4;2031.6;2031;2031.4;199
20240226 173900;2031.4;2032;2030.9;2031.3;92
20240226 174000;2031.3;2031.7;2031.2;2031.4;76
20240226 174100;2031.5;2031.8;2030.6;2031;112
20240226 174200;2031.1;2031.5;2030.9;2031.4;73
20240226 174300;2031.6;2032;2031.6;2031.8;96
20240226 174400;2031.8;2032;2031.5;2032;93
20240226 174500;2032.1;2032.2;2031;2031.3;120
20240226 174600;2031.3;2031.5;2030.8;2031.5;110
20240226 174700;2031.6;2032.2;2031.6;2032.1;90
20240226 174800;2032.2;2032.2;2031.4;2031.4;77
20240226 174900;2031.6;2031.6;2031.1;2031.4;61
20240226 175000;2031.5;2031.6;2030.9;2031.5;89
20240226 175100;2031.6;2031.6;2030.3;2030.4;127
20240226 175200;2030.4;2030.8;2029.7;2030.7;343
20240226 175300;2030.7;2031;2030.1;2030.3;227
20240226 175400;2030.3;2030.4;2029.5;2029.5;148
20240226 175500;2029.5;2029.9;2029;2029.8;298
20240226 175600;2029.8;2030.1;2029.3;2030.1;141
20240226 175700;2030.1;2030.6;2030.1;2030.5;101
20240226 175800;2030.3;2030.6;2029.9;2030;155
20240226 175900;2030;2030.8;2030;2030.8;102
20240226 180000;2030.9;2031.4;2030.5;2031.3;59
20240226 180100;2031.3;2031.5;2030.5;2030.9;147
20240226 180200;2031;2031;2028;2029.1;525
20240226 180300;2029.3;2029.4;2028.6;2028.7;274
20240226 180400;2028.8;2030.1;2028.6;2030;149
20240226 180500;2030;2030.1;2029.6;2029.6;97
20240226 180600;2029.7;2029.9;2029.1;2029.3;75
20240226 180700;2029.2;2029.6;2028.5;2028.7;211
20240226 180800;2028.6;2029.6;2028.3;2029.5;121
20240226 180900;2029.5;2029.8;2028.9;2029;108
20240226 181000;2029.1;2029.2;2028.3;2028.6;96
20240226 181100;2028.7;2029.9;2028.7;2029.6;147
20240226 181200;2029.7;2029.9;2029;2029.4;158
20240226 181300;2029.4;2029.4;2028.7;2029;58
20240226 181400;2029;2029.5;2028.6;2029.4;224
20240226 181500;2029.6;2030.3;2029.6;2029.9;166
20240226 181600;2029.9;2029.9;2029.4;2029.6;69
20240226 181700;2029.7;2030.6;2029.5;2030.2;203
20240226 181800;2030.3;2030.4;2029.6;2029.6;67
20240226 181900;2029.7;2029.8;2028.7;2028.8;122
20240226 182000;2028.7;2028.7;2026.4;2026.5;544
20240226 182100;2026.7;2026.7;2025.3;2025.5;555
20240226 182200;2025.7;2027;2025.7;2026.4;199
20240226 182300;2026.7;2026.7;2025.5;2025.7;113
20240226 182400;2025.8;2026.2;2025.5;2026;116
20240226 182500;2026;2026.3;2024.9;2025.2;655
20240226 182600;2025.2;2025.2;2023.7;2024.2;336
20240226 182700;2024.2;2024.2;2021.4;2021.7;925
20240226 182800;2021.6;2023.3;2021.6;2022.8;546
20240226 182900;2022.9;2023.9;2022.3;2023.4;232
20240226 183000;2023.5;2023.5;2022;2022.5;185
20240226 183100;2022.6;2022.7;2021;2022.5;724
20240226 183200;2022.4;2023.3;2022.4;2023.2;210
20240226 183300;2023.2;2023.4;2021.9;2022.3;332
20240226 183400;2022.3;2023.3;2022.3;2022.8;507
20240226 183500;2022.9;2022.9;2021.4;2021.8;392
20240226 183600;2021.9;2022.4;2020.9;2021.8;277
20240226 183700;2021.8;2022;2020.9;2021.7;336
20240226 183800;2021.7;2022.3;2021;2021.5;224
20240226 183900;2021.4;2022.9;2021.1;2022.7;233
20240226 184000;2022.9;2023.8;2022.8;2023.6;195
20240226 184100;2023.5;2024.4;2023.2;2024.2;219
20240226 184200;2024.2;2024.4;2023.6;2024.1;237
20240226 184300;2024.1;2024.8;2024.1;2024.5;119
20240226 184400;2024.5;2025.2;2024.5;2025;193
20240226 184500;2025;2025.1;2024.1;2024.8;143
20240226 184600;2024.8;2025.4;2024.7;2025;196
20240226 184700;2024.9;2025.3;2024.5;2024.8;152
20240226 184800;2024.9;2024.9;2023.8;2024.6;154
20240226 184900;2024.6;2025.4;2024.1;2025;161
20240226 185000;2025;2025.3;2024.5;2024.8;118
20240226 185100;2024.9;2025.1;2023.9;2024.2;262
20240226 185200;2024.1;2024.8;2023.9;2024;146
20240226 185300;2023.9;2024.7;2023.9;2024.5;106
20240226 185400;2024.6;2025.2;2024.3;2025;140
20240226 185500;2025;2025.3;2024.8;2025.1;101
20240226 185600;2025.2;2026.4;2025.2;2026.1;714
20240226 185700;2026.1;2026.6;2025.7;2025.9;168
20240226 185800;2025.9;2026.1;2025.6;2026.1;67
20240226 185900;2026;2026.7;2025.6;2026.6;147
20240226 190000;2026.6;2027.2;2026.4;2027;265
20240226 190100;2026.9;2027.7;2026.7;2027.5;247
20240226 190200;2027.4;2028;2027.2;2027.3;132
20240226 190300;2027.2;2028;2027.2;2027.5;184
20240226 190400;2027.5;2027.5;2026.5;2026.7;123
20240226 190500;2026.4;2027.2;2026.4;2027;72
20240226 190600;2027.1;2027.4;2026.9;2027.2;97
20240226 190700;2027.2;2028.4;2027.2;2028.2;276
20240226 190800;2028;2028.6;2027.8;2027.9;146
20240226 190900;2027.9;2028.3;2027.3;2027.4;128
20240226 191000;2027.4;2027.6;2026.9;2027;137
20240226 191100;2027.1;2027.7;2026.6;2026.7;95
20240226 191200;2026.6;2026.6;2025.4;2026;223
20240226 191300;2026.1;2026.6;2025.6;2026.5;385
20240226 191400;2026.7;2026.7;2025.8;2025.8;113
20240226 191500;2025.8;2025.9;2025.1;2025.4;278
20240226 191600;2025.4;2025.8;2024.6;2024.7;212
20240226 191700;2024.7;2025.5;2024.5;2025.2;156
20240226 191800;2025.3;2025.8;2024.9;2025.5;82
20240226 191900;2025.5;2026.3;2025.3;2025.8;108
20240226 192000;2025.7;2026.6;2025.5;2026.5;69
20240226 192100;2026.5;2026.8;2026.2;2026.5;63
20240226 192200;2026.4;2026.6;2026.4;2026.6;46
20240226 192300;2026.6;2027.8;2026.5;2027.6;140
20240226 192400;2027.6;2028.4;2027.6;2028.4;135
20240226 192500;2028.4;2028.7;2027.9;2028.7;131
20240226 192600;2028.8;2029.2;2028.6;2028.6;228
20240226 192700;2028.6;2028.9;2028.4;2028.7;74
20240226 192800;2028.8;2028.9;2028.3;2028.4;78
20240226 192900;2028.6;2029.3;2028.5;2029.3;113
20240226 193000;2029.3;2030.2;2029.2;2029.8;293
20240226 193100;2029.8;2031;2029.8;2030.5;197
20240226 193200;2030.5;2031;2029.9;2029.9;150
20240226 193300;2030;2030.1;2029.1;2029.2;128
20240226 193400;2029.2;2029.3;2027.6;2027.9;183
20240226 193500;2028;2028.4;2027.7;2028.3;73
20240226 193600;2028.4;2029;2028.4;2028.4;68
20240226 193700;2028.2;2028.8;2027.6;2028.4;297
20240226 193800;2028.4;2028.4;2027.4;2028.4;176
20240226 193900;2028.4;2029.6;2028.4;2029.4;140
20240226 194000;2029.4;2030.3;2029.2;2030;150
20240226 194100;2029.9;2030.3;2029.6;2029.6;113
20240226 194200;2029.6;2030.2;2029.5;2030.2;73
20240226 194300;2030.3;2030.3;2029.5;2029.5;81
20240226 194400;2029.5;2029.9;2029;2029.9;107
20240226 194500;2030;2030.5;2029.7;2030.3;140
20240226 194600;2030.2;2030.2;2029.3;2030.1;100
20240226 194700;2030.2;2030.4;2030;2030.4;72
20240226 194800;2030.5;2030.5;2029.9;2030.5;83
20240226 194900;2030.5;2030.6;2029.7;2029.8;156
20240226 195000;2029.9;2030;2029.5;2029.8;72
20240226 195100;2029.6;2030.2;2029.6;2030;89
20240226 195200;2030.1;2031.6;2030;2031.5;276
20240226 195300;2031.5;2031.9;2030.3;2030.4;277
20240226 195400;2030.4;2031.2;2030.4;2031.1;99
20240226 195500;2031.1;2031.2;2030.3;2030.8;172
20240226 195600;2030.8;2031.5;2030.7;2031.3;98
20240226 195700;2031.5;2031.8;2031.1;2031.2;169
20240226 195800;2031.2;2031.4;2030.7;2031.3;165
20240226 195900;2031.2;2032.1;2031.2;2031.7;164
20240226 200000;2031.8;2031.9;2031.2;2031.5;189
20240226 200100;2031.6;2032.4;2031.6;2032;240
20240226 200200;2032;2032.1;2031.3;2031.4;164
20240226 200300;2031.5;2032;2031.4;2031.7;170
20240226 200400;2031.8;2032.6;2031.8;2032.6;213
20240226 200500;2032.6;2032.6;2032;2032.2;187
20240226 200600;2032.3;2032.7;2031.8;2031.9;204
20240226 200700;2032;2032.4;2031.8;2032.1;112
20240226 200800;2032;2032.3;2031.8;2032.1;108
20240226 200900;2032.1;2032.7;2032.1;2032.4;273
20240226 201000;2032.4;2033.4;2032.2;2033.3;255
20240226 201100;2033.3;2034.6;2033.3;2034.4;373
20240226 201200;2034.3;2034.3;2033.1;2033.8;252
20240226 201300;2033.8;2035.5;2033.7;2035.1;454
20240226 201400;2035.1;2036.3;2034.8;2035.7;539
20240226 201500;2035.8;2036;2035.1;2035.1;301
20240226 201600;2035;2035.7;2034.7;2035.3;559
20240226 201700;2035.4;2035.8;2035.1;2035.5;234
20240226 201800;2035.6;2035.6;2033.5;2033.5;385
20240226 201900;2033.6;2033.9;2033.1;2033.4;193
20240226 202000;2033.3;2033.6;2032.3;2033.1;138
20240226 202100;2033;2033.4;2032.4;2032.5;195
20240226 202200;2032.5;2033.6;2032.5;2033.4;99
20240226 202300;2033.4;2034.1;2033.3;2033.6;160
20240226 202400;2033.6;2033.8;2032.9;2033.5;293
20240226 202500;2033.3;2034.1;2033.2;2033.6;145
20240226 202600;2033.4;2034.3;2033.3;2033.9;119
20240226 202700;2033.9;2035.1;2033.9;2034.7;229
20240226 202800;2034.7;2035;2034;2034.3;135
20240226 202900;2034.3;2034.4;2033.7;2034.1;79
20240226 203000;2034.1;2034.6;2033.9;2034.5;216
20240226 203100;2034.6;2034.6;2032.7;2032.7;371
20240226 203200;2032.8;2032.9;2032.1;2032.2;272
20240226 203300;2032.2;2032.4;2031.1;2031.4;472
20240226 203400;2031.4;2031.6;2029.6;2030;728
20240226 203500;2029.9;2031;2029.5;2031;358
20240226 203600;2031;2031;2029.6;2030.2;243
20240226 203700;2030.2;2030.9;2030.1;2030.7;140
20240226 203800;2030.8;2031.4;2030.5;2031.2;142
20240226 203900;2031.2;2031.4;2030.7;2031.2;86
20240226 204000;2031.3;2031.9;2031.1;2031.3;215
20240226 204100;2031.5;2031.8;2031.2;2031.5;146
20240226 204200;2031.5;2032.1;2031.2;2031.9;146
20240226 204300;2031.9;2032.7;2031.5;2032.2;305
20240226 204400;2032.3;2033.1;2032.3;2032.6;268
20240226 204500;2032.7;2033.5;2032.7;2033.2;339
20240226 204600;2033.2;2034.5;2033.1;2034.4;390
20240226 204700;2034.4;2034.9;2033.5;2034;334
20240226 204800;2034.1;2035.5;2033.9;2035.4;410
20240226 204900;2035.4;2036.4;2035.4;2035.6;466
20240226 205000;2035.6;2036;2034.9;2036;413
20240226 205100;2036;2036.4;2034.4;2034.5;545
20240226 205200;2034.5;2034.6;2033;2033.2;398
20240226 205300;2033.6;2034.4;2033.6;2034.2;189
20240226 205400;2034.2;2035.5;2034.2;2035;364
20240226 205500;2035;2035;2034;2034.2;314
20240226 205600;2034.3;2035.2;2034.1;2034.4;519
20240226 205700;2034.4;2034.4;2033.1;2033.2;508
20240226 205800;2033.3;2033.3;2032.6;2032.9;524
20240226 205900;2032.9;2033.3;2032.5;2032.8;1230
20240226 210000;2032.7;2032.7;2031.5;2032.2;6648
20240226 210100;2032.2;2032.6;2031.3;2032.1;2053
20240226 210200;2032.1;2032.4;2031.3;2031.7;728
20240226 210300;2031.7;2032;2030.9;2031;499
20240226 210400;2031.1;2031.1;2030.5;2030.5;841
20240226 210500;2030.5;2031.3;2030.3;2031;441
20240226 210600;2031;2031.4;2031;2031.4;240
20240226 210700;2031.5;2031.5;2031.2;2031.5;116
20240226 210800;2031.5;2031.6;2031.3;2031.6;172
20240226 210900;2031.5;2031.9;2031.2;2031.2;396
20240226 211000;2031.2;2031.6;2031.1;2031.4;132
20240226 211100;2031.3;2031.7;2031.3;2031.4;182
20240226 211200;2031.5;2031.6;2031.2;2031.3;118
20240226 211300;2031.4;2031.4;2031;2031.1;54
20240226 211400;2031.1;2031.1;2030.6;2030.8;112
20240226 211500;2030.9;2031.2;2030.8;2031;109
20240226 211600;2031;2031.1;2030.9;2030.9;16
20240226 211700;2030.9;2030.9;2030.8;2030.9;14
20240226 211800;2031;2031.1;2031;2031;35
20240226 211900;2031;2031;2030.8;2030.9;29
20240226 212000;2030.8;2031;2030.8;2030.8;35
20240226 212100;2030.9;2030.9;2030.9;2030.9;17
20240226 212200;2030.9;2031;2030.5;2030.9;144
20240226 212300;2031;2031.3;2030.9;2031;84
20240226 212400;2030.9;2031;2030.8;2030.9;27
20240226 212500;2031;2031;2030.9;2030.9;22
20240226 212600;2031;2031.1;2030.8;2031.1;58
20240226 212700;2031.2;2031.3;2031.1;2031.1;18
20240226 212800;2031;2031;2030.7;2030.8;30
20240226 212900;2030.9;2031.1;2030.8;2031;35
20240226 213000;2030.9;2031.2;2030.7;2031;113
20240226 213100;2031;2031.2;2030.9;2031.2;40
20240226 213200;2031.1;2031.2;2031.1;2031.2;14
20240226 213300;2031.2;2031.4;2031.2;2031.4;16
20240226 213400;2031.4;2031.5;2031.3;2031.4;5
20240226 213500;2031.5;2031.5;2031.5;2031.5;3
20240226 213600;2031.4;2031.5;2031.4;2031.5;7
20240226 213700;2031.5;2031.5;2031.3;2031.4;22
20240226 213800;2031.3;2031.3;2031.1;2031.1;16
20240226 213900;2031.2;2031.2;2031.1;2031.1;23
20240226 214000;2031.2;2031.2;2030.9;2030.9;21
20240226 214100;2030.9;2030.9;2030.8;2030.8;3
20240226 214200;2030.7;2030.7;2030.5;2030.5;10
20240226 214300;2030.6;2031;2030.6;2030.8;50
20240226 214400;2030.8;2030.8;2030.7;2030.7;12
20240226 214500;2030.8;2030.8;2030.7;2030.7;18
20240226 214600;2030.7;2030.9;2030.5;2030.5;73
20240226 214700;2030.6;2030.6;2030.5;2030.6;17
20240226 214800;2030.6;2031.1;2030.6;2031.1;38
20240226 214900;2031.1;2031.1;2030.7;2030.7;37
20240226 215000;2030.7;2030.7;2030.5;2030.5;30
20240226 215100;2030.6;2030.7;2030.3;2030.6;19
20240226 215200;2030.6;2030.6;2030.4;2030.5;21
20240226 215300;2030.7;2030.7;2030.6;2030.7;19
20240226 215400;2030.8;2030.9;2030.4;2030.4;22
20240226 215500;2030.5;2030.5;2030.3;2030.3;18
20240226 215600;2030.2;2030.5;2030.1;2030.5;70
20240226 215700;2030.4;2030.6;2030.3;2030.4;35
20240226 215800;2030.3;2030.5;2030.3;2030.5;18
20240226 215900;2030.4;2031;2030.4;2030.9;61
20240226 220000;2030.8;2031.3;2030.6;2031;74
20240226 230100;2031;2031.9;2030.8;2031.8;76
20240226 230200;2031.9;2032.5;2031.7;2032.4;78
20240226 230300;2032.2;2032.3;2031.9;2031.9;34
20240226 230400;2031.6;2031.8;2031.3;2031.8;18
20240226 230500;2031.9;2031.9;2031.6;2031.7;21
20240226 230600;2031.8;2032;2031.7;2032;17
20240226 230700;2032;2032.1;2031.8;2032.1;17
20240226 230800;2032.1;2032.2;2032.1;2032.2;19
20240226 230900;2032.2;2032.8;2032.2;2032.4;28
20240226 231000;2032.5;2032.7;2032.5;2032.6;11
20240226 231100;2032.3;2032.3;2032.1;2032.3;14
20240226 231200;2032.2;2032.8;2032.2;2032.8;21
20240226 231300;2032.8;2033;2032.7;2033;11
20240226 231400;2033;2033.2;2032.8;2033;17
20240226 231500;2033;2033.3;2032.9;2033.1;16
20240226 231600;2033.2;2033.2;2033.1;2033.1;3
20240226 231700;2032.9;2033.1;2032.8;2033;26
20240226 231800;2033;2033.1;2032.8;2033.1;20
20240226 231900;2033.2;2033.2;2032.8;2033;17
20240226 232000;2033.1;2033.1;2032.8;2033;8
20240226 232100;2033.1;2033.3;2033.1;2033.1;7
20240226 232200;2033.1;2033.1;2033.1;2033.1;6
20240226 232300;2033.1;2033.2;2033;2033.1;11
20240226 232400;2033.1;2033.1;2033;2033;3
20240226 232500;2032.9;2032.9;2032.8;2032.8;6
20240226 232600;2032.7;2032.7;2032.6;2032.6;17
20240226 232700;2032.6;2032.6;2032.6;2032.6;3
20240226 232800;2032.4;2032.4;2032.4;2032.4;3
20240226 232900;2032.2;2032.4;2032.2;2032.4;9
20240226 233000;2032.4;2032.6;2032.4;2032.4;8
20240226 233100;2032.6;2032.8;2032.6;2032.8;8
20240226 233200;2032.8;2032.9;2032.7;2032.7;8
20240226 233300;2032.7;2032.7;2032.5;2032.7;9
20240226 233400;2032.7;2032.8;2032.7;2032.8;7
20240226 233500;2033.2;2033.2;2033.2;2033.2;1
20240226 233600;2033.2;2033.2;2032.9;2033.1;6
20240226 233700;2033.1;2033.1;2033;2033;4
20240226 233800;2032.9;2033.1;2032.8;2033.1;8
20240226 233900;2033.1;2033.2;2033.1;2033.2;6
20240226 234000;2033.2;2033.5;2033.2;2033.3;23
20240226 234100;2033.4;2033.6;2033.3;2033.6;26
20240226 234200;2033.5;2034.2;2033.5;2034.2;22
20240226 234300;2034;2034.1;2034;2034.1;4
20240226 234400;2034;2034.1;2034;2034;5
20240226 234500;2033.9;2034;2033.9;2034;7
20240226 234600;2034;2034.7;2033.5;2034.3;47
20240226 234700;2034.4;2034.4;2034.2;2034.2;10
20240226 234800;2034.4;2034.4;2033.8;2033.8;11
20240226 234900;2033.8;2033.8;2033.4;2033.4;5
20240226 235000;2033.3;2033.6;2033.3;2033.5;9
20240226 235100;2033.4;2033.5;2033.4;2033.5;2
20240226 235200;2033.3;2033.3;2032.4;2032.9;29
20240226 235300;2032.7;2033;2032.7;2033;5
20240226 235500;2032.8;2032.9;2032.4;2032.4;9
20240226 235600;2032.5;2032.8;2032.4;2032.8;7
20240226 235700;2032.7;2032.7;2032.6;2032.6;8
20240226 235800;2032.5;2032.5;2032.1;2032.3;17
20240226 235900;2032.3;2032.3;2032.2;2032.2;3
20240227 000000;2032.2;2032.2;2032;2032.1;7
20240227 000100;2032.1;2032.2;2031.6;2031.8;35
20240227 000200;2031.8;2031.8;2031.2;2031.3;100
20240227 000300;2031.5;2031.7;2031.2;2031.2;19
20240227 000400;2031.3;2031.5;2031.3;2031.3;9
20240227 000500;2031.4;2031.4;2030;2030;56
20240227 000600;2030.2;2030.4;2028.1;2028.3;146
20240227 000700;2028.4;2028.9;2027.8;2028.9;77
20240227 000800;2028.9;2028.9;2028.4;2028.8;16
20240227 000900;2028.8;2029.2;2028.8;2029.1;12
20240227 001000;2029.3;2029.8;2028.8;2029.1;38
20240227 001100;2029.1;2029.9;2029.1;2029.6;32
20240227 001200;2029.5;2030.3;2029.4;2030.2;19
20240227 001300;2030.2;2030.8;2030.1;2030.8;14
20240227 001400;2030.7;2030.7;2030.4;2030.4;6
20240227 001500;2030.3;2030.3;2029.9;2030.1;20
20240227 001600;2030.1;2030.1;2029.4;2029.4;8
20240227 001700;2029.3;2029.4;2028.9;2029.4;39
20240227 001800;2029.1;2029.3;2029.1;2029.2;20
20240227 001900;2029.4;2029.8;2029.4;2029.7;14
20240227 002000;2029.8;2030;2029.8;2029.9;8
20240227 002100;2030;2030.5;2030;2030.3;16
20240227 002200;2030.2;2030.3;2030;2030.3;8
20240227 002300;2030.2;2030.2;2030;2030;17
20240227 002400;2030.2;2030.4;2030.2;2030.3;10
20240227 002500;2030.3;2030.4;2030.3;2030.4;8
20240227 002600;2030.4;2030.4;2029.7;2029.7;9
20240227 002700;2029.7;2029.8;2029.5;2029.8;8
20240227 002800;2029.8;2030.2;2029.8;2030.2;6
20240227 002900;2029.8;2029.8;2029.8;2029.8;2
20240227 003000;2029.9;2030;2029.9;2030;3
20240227 003100;2030;2030;2029.8;2029.9;4
20240227 003200;2029.9;2030.4;2029.9;2030.3;8
20240227 003300;2030.4;2031;2030.4;2031;23
20240227 003400;2030.9;2030.9;2030.3;2030.4;27
20240227 003500;2030.4;2030.5;2030.3;2030.4;12
20240227 003600;2030.5;2030.5;2030.3;2030.4;12
20240227 003700;2030.2;2030.3;2030.2;2030.3;6
20240227 003800;2030.3;2030.5;2030.3;2030.4;16
20240227 003900;2030.5;2030.7;2030.4;2030.5;18
20240227 004000;2030.4;2030.4;2030.4;2030.4;1
20240227 004100;2030.4;2030.7;2030.4;2030.6;12
20240227 004200;2030.6;2030.9;2030.6;2030.6;7
20240227 004300;2030.6;2031.5;2030.6;2031.5;29
20240227 004400;2031.4;2031.4;2031.2;2031.2;6
20240227 004500;2031.1;2031.3;2031.1;2031.1;5
20240227 004600;2031.1;2031.1;2030.9;2031;6
20240227 004700;2030.9;2031.4;2030.9;2031.4;6
20240227 004800;2031.2;2031.2;2031.2;2031.2;1
20240227 004900;2030.9;2031.5;2030.9;2031.5;6
20240227 005000;2031.3;2031.4;2031.3;2031.3;4
20240227 005100;2031.3;2031.9;2031.3;2031.5;16
20240227 005200;2031.3;2031.5;2031.1;2031.1;10
20240227 005300;2031.1;2031.5;2031.1;2031.5;5
20240227 005400;2031.4;2031.5;2031.3;2031.3;4
20240227 005500;2031.2;2031.5;2031.2;2031.3;4
20240227 005600;2031.3;2031.3;2031.1;2031.1;3
20240227 005700;2031.1;2031.1;2030.8;2030.9;11
20240227 005800;2030.8;2031;2030.7;2030.8;14
20240227 005900;2031;2031.2;2031;2031;5
20240227 010000;2030.8;2030.9;2030.8;2030.9;5
20240227 010100;2031;2031.2;2030.9;2031.2;6
20240227 010200;2030.9;2031.1;2030.6;2031.1;12
20240227 010300;2030.9;2031.1;2030.8;2031;17
20240227 010400;2031.3;2031.5;2031.3;2031.5;3
20240227 010500;2031.3;2031.6;2031.3;2031.5;25
20240227 010600;2031.5;2031.7;2031.2;2031.3;20
20240227 010700;2031.4;2031.4;2031.2;2031.3;8
20240227 010800;2031.3;2031.4;2031.1;2031.4;6
20240227 010900;2031.4;2031.4;2031.4;2031.4;1
20240227 011000;2031.5;2031.5;2031.2;2031.3;5
20240227 011100;2031.7;2032;2031.7;2031.7;33
20240227 011200;2031.4;2031.4;2031.3;2031.3;6
20240227 011300;2031.1;2031.1;2031;2031;10
20240227 011400;2031;2031.4;2031;2031.1;16
20240227 011500;2031.2;2031.4;2031;2031;13
20240227 011600;2031;2031.4;2030.3;2030.3;36
20240227 011700;2030.5;2030.5;2029.9;2030;38
20240227 011800;2029.9;2030.6;2029.9;2030.3;28
20240227 011900;2030.4;2030.4;2029.7;2029.8;20
20240227 012000;2029.6;2029.8;2029.6;2029.7;5
20240227 012100;2029.8;2029.9;2029.8;2029.9;3
20240227 012200;2030;2030.5;2029.9;2030.5;8
20240227 012300;2030.6;2030.6;2030.3;2030.4;8
20240227 012400;2030.6;2031;2030.6;2031;11
20240227 012500;2031.1;2031.2;2031.1;2031.1;8
20240227 012600;2030.6;2030.7;2030.6;2030.7;3
20240227 012700;2031.1;2031.7;2031.1;2031.4;52
20240227 012800;2031.3;2031.3;2031.2;2031.2;3
20240227 012900;2031.3;2031.3;2031.1;2031.1;5
20240227 013000;2031.1;2031.1;2030.6;2030.7;6
20240227 013100;2030.7;2031;2030.7;2031;7
20240227 013200;2030.9;2031.2;2030.9;2031.2;11
20240227 013300;2031.3;2032.1;2031.3;2032.1;17
20240227 013400;2031.8;2031.8;2031.3;2031.3;17
20240227 013500;2031.2;2031.2;2030.8;2030.8;8
20240227 013600;2030.8;2030.8;2030.6;2030.7;7
20240227 013700;2030.5;2030.5;2030.4;2030.4;6
20240227 013800;2030.5;2030.7;2030.5;2030.6;8
20240227 013900;2030.5;2030.5;2030.5;2030.5;2
20240227 014000;2030.4;2030.4;2029.8;2030.1;11
20240227 014100;2030.1;2030.3;2030.1;2030.2;9
20240227 014200;2030.2;2030.2;2029.8;2030.1;45
20240227 014300;2030;2030.2;2029.9;2030.2;10
20240227 014400;2030.1;2030.2;2029.9;2030.1;5
20240227 014500;2030.2;2030.5;2030.2;2030.4;11
20240227 014600;2030.6;2030.8;2030.6;2030.6;16
20240227 014700;2030.4;2030.4;2030.1;2030.1;8
20240227 014800;2030.1;2030.1;2030;2030;4
20240227 014900;2030.2;2030.2;2030;2030;4
20240227 015000;2029.7;2029.7;2029.4;2029.6;15
20240227 015100;2029.6;2030.1;2029.6;2029.9;15
20240227 015200;2029.8;2030.4;2029.7;2030.2;16
20240227 015300;2030.2;2030.2;2030.1;2030.1;7
20240227 015400;2030;2030.6;2030;2030.6;9
20240227 015500;2030.5;2030.6;2030.5;2030.6;4
20240227 015600;2030.5;2030.7;2030.3;2030.7;10
20240227 015700;2030.7;2031.2;2030.6;2031;54
20240227 015800;2031.1;2031.1;2030.3;2030.3;21
20240227 015900;2030.3;2030.4;2030.2;2030.4;47
20240227 020000;2030.2;2030.4;2030.2;2030.4;15
20240227 020100;2030.2;2031;2030.2;2031;21
20240227 020200;2030.9;2031.3;2030.8;2031.3;14
20240227 020300;2031.3;2032;2031.3;2031.9;12
20240227 020400;2032;2032;2031.9;2031.9;3
20240227 020500;2031.8;2031.9;2031.6;2031.6;7
20240227 020600;2031.5;2031.5;2031.4;2031.5;3
20240227 020700;2031.5;2031.6;2031.5;2031.6;7
20240227 020800;2031.6;2031.8;2031.5;2031.8;6
20240227 020900;2032;2032.4;2031.8;2031.9;22
20240227 021000;2032.2;2032.2;2032;2032.1;8
20240227 021100;2032;2032;2031.7;2031.7;6
20240227 021200;2031.7;2031.7;2031.5;2031.5;5
20240227 021300;2031.4;2031.6;2031.4;2031.6;2
20240227 021400;2031.6;2031.6;2031.2;2031.2;11
20240227 021500;2031.3;2031.4;2031.2;2031.2;7
20240227 021600;2031.1;2031.1;2031.1;2031.1;5
20240227 021700;2031;2031;2030.3;2030.3;20
20240227 021800;2030.1;2030.3;2029.9;2030.3;7
20240227 021900;2030.1;2030.1;2029.7;2029.9;9
20240227 022000;2029.8;2029.8;2029.1;2029.4;77
20240227 022100;2029.9;2030.1;2029.8;2030.1;15
20240227 022200;2029.9;2029.9;2029.2;2029.4;21
20240227 022300;2029.3;2029.4;2028.5;2028.5;55
20240227 022400;2028.5;2028.9;2028;2028.5;118
20240227 022500;2028.5;2028.9;2028.3;2028.8;11
20240227 022600;2029;2029.1;2028.9;2029;15
20240227 022700;2029.1;2029.3;2029;2029;14
20240227 022800;2028.9;2029;2028.5;2028.9;17
20240227 022900;2028.8;2028.8;2028.3;2028.3;13
20240227 023000;2028.3;2028.8;2028.3;2028.8;3
20240227 023100;2028.6;2029.2;2028.6;2028.9;33
20240227 023200;2029;2029.2;2028.9;2029.2;9
20240227 023300;2029.1;2029.1;2028.6;2028.6;6
20240227 023400;2028.5;2028.6;2028.5;2028.5;8
20240227 023500;2028.5;2028.5;2028.4;2028.4;3
20240227 023600;2028.5;2029.2;2028.5;2029.2;13
20240227 023700;2029.1;2029.1;2028.7;2028.7;13
20240227 023800;2028.8;2029.1;2028.8;2029;4
20240227 023900;2029;2029;2028.8;2028.9;3
20240227 024000;2028.7;2028.7;2028.5;2028.5;2
20240227 024100;2028.5;2029;2028.4;2029;10
20240227 024200;2028.9;2028.9;2028.7;2028.7;17
20240227 024300;2028.8;2028.8;2028.2;2028.3;9
20240227 024400;2028.3;2028.3;2028.3;2028.3;5
20240227 024500;2028.6;2028.6;2028.4;2028.5;12
20240227 024600;2028.4;2028.5;2028.3;2028.3;7
20240227 024700;2028.4;2028.5;2028.4;2028.5;6
20240227 024800;2028.4;2028.4;2028.4;2028.4;2
20240227 025000;2028.4;2028.7;2028.4;2028.6;4
20240227 025100;2028.7;2028.9;2028.7;2028.7;9
20240227 025200;2028.6;2028.6;2028.6;2028.6;1
20240227 025300;2028.7;2028.9;2028.7;2028.9;6
20240227 025400;2029.1;2029.2;2029;2029;6
20240227 025500;2028.8;2028.8;2028.8;2028.8;3
20240227 025600;2028.6;2028.7;2028.6;2028.6;6
20240227 025700;2028.8;2029;2028.8;2028.9;4
20240227 025800;2028.8;2028.8;2028.8;2028.8;2
20240227 025900;2028.9;2028.9;2028.9;2028.9;4
20240227 030000;2028.7;2028.9;2028.7;2028.8;8
20240227 030100;2028.8;2028.8;2028.5;2028.5;9
20240227 030200;2028.2;2028.5;2028.2;2028.5;6
20240227 030300;2028.4;2028.4;2028.3;2028.3;6
20240227 030400;2028.3;2028.3;2027.9;2028.1;11
20240227 030500;2028.1;2028.4;2028;2028.3;10
20240227 030600;2028.4;2028.5;2028.3;2028.4;11
20240227 030800;2028.2;2028.2;2027.9;2028.2;8
20240227 030900;2028.3;2028.3;2028.3;2028.3;1
20240227 031000;2028.2;2028.2;2028.2;2028.2;1
20240227 031100;2028.1;2028.4;2028.1;2028.4;8
20240227 031200;2028.4;2028.7;2028.4;2028.7;3
20240227 031300;2028.6;2028.6;2028.4;2028.5;9
20240227 031500;2028.4;2028.4;2028.3;2028.3;8
20240227 031600;2028.3;2028.3;2028.2;2028.3;6
20240227 031700;2028.2;2028.3;2028.2;2028.3;5
20240227 031800;2028.3;2028.5;2028.3;2028.5;5
20240227 031900;2028.6;2028.6;2028.5;2028.5;3
20240227 032000;2028.5;2028.5;2028.3;2028.3;5
20240227 032100;2028.6;2028.7;2028.5;2028.5;3
20240227 032200;2028.6;2028.6;2028.4;2028.4;4
20240227 032300;2028.6;2028.6;2028.6;2028.6;1
20240227 032400;2028.7;2029.5;2028.7;2029.5;151
20240227 032500;2029.4;2029.5;2029.4;2029.4;6
20240227 032600;2029.4;2029.8;2029.3;2029.7;30
20240227 032700;2029.6;2029.8;2029.5;2029.5;5
20240227 032800;2029.4;2029.4;2029.3;2029.3;2
20240227 032900;2029.4;2029.4;2029.4;2029.4;2
20240227 033000;2029.3;2029.3;2029.1;2029.3;11
20240227 033100;2029.3;2029.7;2029.2;2029.7;8
20240227 033200;2029.8;2029.9;2029.6;2029.6;10
20240227 033300;2029.8;2029.8;2029.8;2029.8;1
20240227 033400;2029.8;2030.1;2029.8;2030.1;4
20240227 033500;2030;2030.2;2030;2030.1;19
20240227 033600;2030.1;2030.5;2030.1;2030.5;7
20240227 033700;2030.6;2030.7;2030.5;2030.7;7
20240227 033800;2030.7;2030.7;2030.3;2030.6;30
20240227 033900;2030.4;2030.4;2030;2030.1;7
20240227 034000;2030.1;2030.1;2029.9;2029.9;5
20240227 034100;2029.9;2029.9;2029.8;2029.8;3
20240227 034200;2029.9;2029.9;2029.5;2029.6;17
20240227 034300;2029.5;2029.5;2029.3;2029.3;14
20240227 034400;2029.3;2029.3;2029.3;2029.3;2
20240227 034500;2029.7;2029.7;2029.6;2029.7;5
20240227 034600;2029.6;2030;2029.6;2030;8
20240227 034700;2030;2030;2029.9;2029.9;2
20240227 034800;2029.9;2029.9;2029.9;2029.9;2
20240227 034900;2030;2030;2030;2030;1
20240227 035000;2030;2030;2030;2030;1
20240227 035100;2030.1;2030.1;2030;2030;3
20240227 035200;2030;2030.1;2029.7;2029.7;18
20240227 035300;2029.6;2029.6;2029.5;2029.5;9
20240227 035400;2029.6;2029.6;2029.5;2029.6;3
20240227 035500;2029.7;2029.7;2029.7;2029.7;1
20240227 035600;2029.9;2030.1;2029.9;2029.9;14
20240227 035700;2029.8;2030.1;2029.8;2030.1;5
20240227 035800;2030.3;2030.4;2030.2;2030.4;9
20240227 035900;2030.5;2030.5;2030;2030.1;10
20240227 040000;2030.1;2030.1;2030.1;2030.1;2
20240227 040100;2030.2;2030.3;2030.1;2030.3;5
20240227 040200;2030.2;2030.3;2030.2;2030.3;2
20240227 040300;2030.2;2030.2;2030;2030.1;13
20240227 040400;2030.1;2030.1;2030;2030;2
20240227 040500;2030.1;2030.2;2030.1;2030.2;6
20240227 040600;2030.1;2030.2;2030.1;2030.1;7
20240227 040700;2030.2;2030.2;2030.1;2030.1;3
20240227 040800;2030.1;2030.1;2030;2030;2
20240227 041000;2030.2;2030.2;2030.1;2030.1;2
20240227 041100;2030.2;2030.2;2030.1;2030.1;2
20240227 041200;2030.3;2030.3;2030.2;2030.2;2
20240227 041300;2029.9;2029.9;2029.9;2029.9;1
20240227 041400;2029.9;2029.9;2029.9;2029.9;1
20240227 041600;2030.1;2030.2;2030.1;2030.2;8
20240227 041700;2030.4;2030.4;2030.2;2030.2;5
20240227 041800;2030.3;2030.3;2030.3;2030.3;1
20240227 041900;2030.5;2030.5;2030.5;2030.5;1
20240227 042000;2030.2;2030.3;2030.2;2030.2;4
20240227 042100;2030.5;2030.5;2030.4;2030.5;3
20240227 042200;2030.1;2030.2;2029.9;2030;13
20240227 042300;2029.8;2029.8;2029.8;2029.8;5
20240227 042400;2029.9;2030.1;2029.9;2030;3
20240227 042500;2030.2;2030.2;2029.8;2029.8;6
20240227 042600;2029.7;2029.9;2029.6;2029.9;3
20240227 042700;2029.8;2029.8;2029.8;2029.8;1
20240227 042800;2029.8;2030;2029.8;2030;6
20240227 042900;2030.1;2030.1;2030.1;2030.1;2
20240227 043000;2030.2;2030.3;2030.2;2030.3;4
20240227 043300;2030.3;2030.3;2030.3;2030.3;1
20240227 043400;2030.3;2030.3;2030.1;2030.1;4
20240227 043500;2030;2030.1;2030;2030.1;2
20240227 043600;2030.2;2030.2;2030.2;2030.2;1
20240227 043700;2030.3;2030.5;2030.3;2030.5;4
20240227 043800;2030.5;2030.5;2030.5;2030.5;2
20240227 043900;2030.4;2030.4;2030.4;2030.4;1
20240227 044000;2030.3;2030.3;2030.2;2030.2;2
20240227 044100;2030.5;2030.6;2030.4;2030.5;7
20240227 044200;2030.4;2030.8;2030.4;2030.8;12
20240227 044300;2030.7;2030.8;2030.7;2030.8;8
20240227 044400;2030.8;2030.8;2030.5;2030.5;4
20240227 044600;2030.5;2030.7;2030.5;2030.6;8
20240227 044700;2030.6;2030.6;2030.1;2030.1;30
20240227 044800;2030.1;2030.2;2030.1;2030.2;4
20240227 044900;2030.2;2030.2;2030;2030;3
20240227 045000;2030.3;2030.3;2030.3;2030.3;1
20240227 045400;2030.4;2030.5;2030.3;2030.5;6
20240227 045500;2030.5;2030.7;2030.5;2030.6;10
20240227 045600;2030.4;2030.4;2030.4;2030.4;2
20240227 045800;2030.6;2030.7;2030.6;2030.7;6
20240227 045900;2030.7;2030.7;2030.6;2030.6;4
20240227 050000;2030.5;2030.5;2030.5;2030.5;1
20240227 050100;2030.5;2030.5;2030.3;2030.3;6
20240227 050300;2030.5;2030.5;2030.5;2030.5;1
20240227 050400;2030.2;2030.4;2030.2;2030.4;5
20240227 050500;2030.3;2030.3;2030.3;2030.3;1
20240227 050600;2030.4;2030.4;2030.4;2030.4;2
20240227 050700;2030.6;2030.8;2030.6;2030.8;3
20240227 050800;2030.7;2030.7;2030.6;2030.6;3
20240227 050900;2030.6;2030.8;2030.6;2030.8;2
20240227 051000;2030.9;2030.9;2030.7;2030.7;3
20240227 051200;2030.7;2030.7;2030.7;2030.7;1
20240227 051300;2030.8;2030.8;2030.8;2030.8;1
20240227 051400;2030.7;2030.9;2030.7;2030.7;7
20240227 051500;2031;2031.5;2031;2031.3;12
20240227 051600;2031.4;2031.5;2031;2031;24
20240227 051800;2031.2;2031.3;2031.2;2031.2;4
20240227 051900;2031.1;2031.1;2031;2031;2
20240227 052100;2031;2031;2030.3;2030.4;10
20240227 052200;2030.3;2030.4;2030.1;2030.1;5
20240227 052300;2030.2;2030.2;2030.2;2030.2;1
20240227 052400;2030.1;2030.1;2030.1;2030.1;1
20240227 052500;2030.4;2030.4;2030.3;2030.3;3
20240227 052600;2030.3;2030.3;2029.9;2029.9;10
20240227 052700;2030;2030;2030;2030;1
20240227 052800;2030;2030;2029.1;2029.3;39
20240227 052900;2029.3;2029.7;2029.3;2029.5;40
20240227 053000;2029.5;2029.5;2029.5;2029.5;2
20240227 053100;2029.7;2029.8;2029.5;2029.6;8
20240227 053200;2029.7;2029.7;2029.7;2029.7;1
20240227 053300;2029.4;2029.4;2029.4;2029.4;1
20240227 053500;2029.3;2029.5;2029.1;2029.3;8
20240227 053600;2029.4;2029.4;2029.3;2029.3;7
20240227 053700;2029.3;2029.3;2029.3;2029.3;2
20240227 053800;2029.1;2029.1;2028.7;2028.7;11
20240227 053900;2028.6;2029;2028.4;2028.9;19
20240227 054000;2028.7;2028.7;2028.6;2028.6;2
20240227 054100;2028.4;2028.4;2027.4;2027.5;89
20240227 054200;2027.6;2027.6;2027.5;2027.6;6
20240227 054300;2027.9;2027.9;2027.7;2027.7;6
20240227 054400;2027.6;2027.6;2027.1;2027.4;24
20240227 054600;2027.8;2028.1;2027.7;2028;13
20240227 054700;2028;2028;2028;2028;1
20240227 054800;2028.2;2028.3;2028.2;2028.2;7
20240227 054900;2028.2;2028.5;2028.1;2028.1;16
20240227 055100;2028.2;2028.2;2028.2;2028.2;3
20240227 055300;2028.6;2028.6;2028.3;2028.3;5
20240227 055400;2028.3;2028.3;2028.2;2028.2;5
20240227 055500;2028.5;2028.9;2028.5;2028.7;9
20240227 055600;2028.7;2029.2;2028.7;2029;18
20240227 055700;2029.1;2029.5;2029.1;2029.5;12
20240227 055800;2029.4;2029.4;2029.2;2029.3;11
20240227 055900;2029.2;2029.2;2029.2;2029.2;3
20240227 060000;2029.1;2029.3;2029.1;2029.3;5
20240227 060100;2029.6;2029.6;2029.4;2029.4;10
20240227 060200;2029.3;2029.3;2029.1;2029.1;7
20240227 060400;2029.5;2029.5;2029.3;2029.3;7
20240227 060500;2029.2;2029.2;2029;2029;8
20240227 060600;2028.9;2029.1;2028.8;2028.8;24
20240227 060700;2028.8;2029.2;2028.7;2029.2;20
20240227 060800;2029.1;2029.3;2028.9;2028.9;12
20240227 060900;2028.9;2028.9;2028.9;2028.9;1
20240227 061000;2028.7;2028.7;2028.4;2028.4;14
20240227 061100;2028.7;2029.1;2028.7;2029.1;8
20240227 061200;2029.2;2029.5;2029.2;2029.2;15
20240227 061300;2029.1;2029.2;2028.8;2029.2;8
20240227 061400;2029.2;2029.2;2029.1;2029.2;6
20240227 061500;2029.5;2029.6;2029;2029;17
20240227 061600;2029;2029.1;2028.9;2029;17
20240227 061700;2028.9;2029;2028.6;2028.6;6
20240227 061800;2028.6;2028.6;2028.5;2028.5;10
20240227 061900;2028.6;2028.7;2028.5;2028.6;8
20240227 062000;2028.9;2028.9;2028.8;2028.8;2
20240227 062100;2028.9;2029;2028.9;2029;2
20240227 062200;2029;2029;2029;2029;1
20240227 062300;2028.9;2029;2028.9;2028.9;5
20240227 062500;2028.8;2028.8;2028.4;2028.5;12
20240227 062600;2028.6;2028.7;2028;2028;108
20240227 062700;2028;2028.2;2028;2028.2;10
20240227 062800;2028.2;2028.2;2027.9;2028;47
20240227 062900;2028;2028;2027.9;2027.9;5
20240227 063000;2027.7;2027.7;2027.7;2027.7;2
20240227 063100;2027.8;2027.8;2027.8;2027.8;2
20240227 063200;2027.8;2028.4;2027.8;2028.4;27
20240227 063300;2028.5;2029.1;2028.4;2028.9;14
20240227 063400;2028.9;2028.9;2028.9;2028.9;2
20240227 063500;2029.2;2029.6;2029.2;2029.6;7
20240227 063600;2029.8;2030.3;2029.8;2030.3;12
20240227 063700;2030;2030;2029.8;2029.8;4
20240227 063800;2029.8;2029.8;2029.8;2029.8;1
20240227 063900;2029.7;2029.7;2029.7;2029.7;1
20240227 064000;2029.8;2029.8;2029.5;2029.5;5
20240227 064100;2029.5;2029.5;2029.4;2029.4;5
20240227 064200;2029.3;2029.3;2028.8;2028.8;8
20240227 064300;2028.7;2028.8;2028.7;2028.8;2
20240227 064400;2028.5;2028.5;2028.4;2028.5;8
20240227 064500;2028.8;2029.2;2028.8;2029.2;4
20240227 064600;2029.1;2029.6;2029.1;2029.6;8
20240227 064700;2029.5;2029.6;2029.5;2029.6;2
20240227 064800;2029.4;2029.4;2029.2;2029.2;2
20240227 065000;2029.1;2029.1;2029.1;2029.1;4
20240227 065100;2029.3;2029.3;2029.3;2029.3;1
20240227 065200;2029.4;2029.4;2029.3;2029.3;2
20240227 065300;2029.3;2029.3;2029.1;2029.1;5
20240227 065400;2029.2;2029.2;2029.2;2029.2;3
20240227 065600;2029.3;2029.3;2029.3;2029.3;5
20240227 065800;2029.2;2029.2;2029.1;2029.1;2
20240227 065900;2029;2029;2028.8;2028.8;6
20240227 070000;2028.8;2028.9;2028.8;2028.9;8
20240227 070100;2029.2;2029.4;2028.7;2029.2;26
20240227 070200;2029.4;2029.4;2029.3;2029.3;3
20240227 070300;2029.4;2029.4;2029.3;2029.3;2
20240227 070400;2029.1;2029.1;2028.9;2028.9;2
20240227 070500;2028.8;2029;2028.8;2029;3
20240227 070600;2029;2029;2029;2029;1
20240227 070700;2028.8;2029.1;2028.8;2029.1;6
20240227 070800;2029.2;2029.2;2029.1;2029.1;3
20240227 070900;2029;2029;2028.8;2029;7
20240227 071000;2029.2;2029.8;2029.2;2029.7;31
20240227 071100;2029.3;2029.6;2029.3;2029.5;11
20240227 071200;2029.7;2030.1;2029.7;2030;9
20240227 071300;2029.9;2030.1;2029.7;2030.1;10
20240227 071400;2030.3;2030.7;2030.2;2030.7;30
20240227 071500;2030.7;2030.9;2030.6;2030.7;13
20240227 071600;2030.7;2030.8;2030.5;2030.8;8
20240227 071700;2030.9;2031.2;2030.7;2031.2;21
20240227 071800;2031.3;2032.2;2031.1;2032.1;92
20240227 071900;2032;2032;2031.5;2031.5;16
20240227 072000;2031.7;2031.8;2031.7;2031.8;6
20240227 072100;2031.9;2032;2031.6;2032;17
20240227 072200;2031.9;2031.9;2031.5;2031.6;10
20240227 072300;2031.8;2032;2031.6;2031.6;13
20240227 072400;2031.6;2031.6;2031.4;2031.6;7
20240227 072500;2031.5;2031.6;2031.5;2031.6;4
20240227 072600;2031.7;2032.3;2031.7;2032.2;36
20240227 072700;2032.4;2033.3;2032.3;2033.3;57
20240227 072800;2033.2;2033.4;2032.9;2033.2;29
20240227 072900;2033.1;2033.1;2032.4;2032.7;9
20240227 073000;2032.6;2033.1;2032.3;2033.1;19
20240227 073100;2033.2;2033.2;2032.7;2033.1;32
20240227 073200;2033.2;2034.1;2033.2;2033.5;69
20240227 073300;2033.7;2033.8;2033.2;2033.8;44
20240227 073400;2033.9;2034.8;2033.9;2034.4;35
20240227 073500;2034.5;2034.6;2034.1;2034.4;42
20240227 073600;2034.5;2035;2034.5;2034.8;35
20240227 073700;2035;2035.3;2034.9;2035.1;50
20240227 073800;2034.9;2035.2;2034.8;2035.2;14
20240227 073900;2035.1;2035.4;2035;2035.3;17
20240227 074000;2035.2;2035.8;2035.2;2035.7;90
20240227 074100;2035.5;2036.1;2035.4;2036;55
20240227 074200;2035.9;2035.9;2035.4;2035.5;72
20240227 074300;2035.5;2035.7;2035.3;2035.7;11
20240227 074400;2035.8;2036;2035.4;2035.7;17
20240227 074500;2035.6;2035.9;2035.5;2035.6;84
20240227 074600;2035.7;2035.7;2035.2;2035.5;26
20240227 074700;2035.5;2035.5;2034.8;2034.8;39
20240227 074800;2034.9;2035.1;2034.9;2034.9;15
20240227 074900;2035.1;2035.1;2034.7;2034.8;19
20240227 075000;2034.8;2035;2034.8;2035;9
20240227 075100;2035.1;2035.7;2035;2035.5;48
20240227 075200;2035.6;2035.6;2035.2;2035.4;21
20240227 075300;2035.4;2035.6;2035.4;2035.5;10
20240227 075400;2035.5;2035.7;2035.1;2035.5;18
20240227 075500;2035.7;2035.7;2035.1;2035.1;13
20240227 075600;2035;2035.3;2034.9;2035.3;20
20240227 075700;2035.2;2035.4;2035.2;2035.4;5
20240227 075800;2035.3;2035.9;2035.3;2035.8;72
20240227 075900;2035.6;2035.8;2035.2;2035.5;25
20240227 080000;2035.6;2035.8;2035.4;2035.5;46
20240227 080100;2035.6;2035.7;2034.2;2034.7;89
20240227 080200;2034.7;2035.5;2034.5;2035.1;72
20240227 080300;2035.1;2035.3;2035.1;2035.2;17
20240227 080400;2035.3;2035.4;2034.9;2035.2;23
20240227 080500;2035.4;2036.6;2035.4;2036.3;47
20240227 080600;2036.2;2036.4;2036.1;2036.2;34
20240227 080700;2036;2036.3;2035.5;2035.5;43
20240227 080800;2035.5;2036;2034.5;2036;52
20240227 080900;2036.2;2036.2;2035.8;2035.8;14
20240227 081000;2036.1;2036.2;2035.8;2036.2;13
20240227 081100;2036.3;2037.4;2036;2037.2;168
20240227 081200;2037.1;2037.1;2036.7;2036.8;24
20240227 081300;2036.8;2036.9;2036.5;2036.5;19
20240227 081400;2036.4;2036.4;2035.5;2035.6;62
20240227 081500;2035.6;2035.9;2035.4;2035.6;71
20240227 081600;2035.6;2036;2035.3;2035.9;30
20240227 081700;2035.9;2035.9;2034.5;2034.8;28
20240227 081800;2034.9;2035.2;2034.7;2034.7;11
20240227 081900;2034.7;2034.7;2034.2;2034.6;14
20240227 082000;2034.7;2035.1;2034.6;2035.1;11
20240227 082100;2035;2035.2;2034.8;2035;23
20240227 082200;2035.2;2035.5;2035.2;2035.4;5
20240227 082300;2035.2;2035.2;2034.5;2034.8;43
20240227 082400;2034.9;2035.1;2034.7;2034.8;7
20240227 082500;2034.9;2035;2034.2;2034.2;44
20240227 082600;2034.2;2035.2;2034.2;2035.2;6
20240227 082700;2035.4;2035.8;2035.3;2035.8;26
20240227 082800;2035.7;2035.7;2035.6;2035.6;13
20240227 082900;2035.5;2035.5;2034.8;2035.1;34
20240227 083000;2035;2035.2;2034.9;2035.2;10
20240227 083100;2035.2;2035.2;2035;2035;11
20240227 083200;2035;2036;2034.9;2036;79
20240227 083300;2036;2036.3;2035.6;2035.6;54
20240227 083400;2035.8;2035.9;2034.6;2034.8;48
20240227 083500;2035;2035.4;2035;2035.4;6
20240227 083600;2035.4;2036.1;2035.4;2035.9;85
20240227 083700;2035.9;2035.9;2035.3;2035.4;23
20240227 083800;2035.4;2035.4;2034.1;2034.4;26
20240227 083900;2034.1;2034.4;2033.6;2034.3;20
20240227 084000;2034.3;2035.3;2034.1;2035.1;47
20240227 084100;2035;2035.7;2035;2035.6;29
20240227 084200;2035.5;2035.6;2035;2035.1;20
20240227 084300;2034.9;2035.1;2034.6;2034.6;3
20240227 084500;2034.3;2034.3;2034.1;2034.1;8
20240227 084600;2034.1;2034.3;2034.1;2034.2;18
20240227 084700;2034.3;2034.4;2034.1;2034.1;21
20240227 084800;2034.3;2034.3;2033.8;2033.9;13
20240227 084900;2034.1;2034.3;2033.6;2034;34
20240227 085000;2033.8;2033.9;2033.2;2033.2;14
20240227 085100;2033;2033.9;2033;2033.9;15
20240227 085200;2033.8;2034.1;2033.6;2033.8;27
20240227 085300;2033.9;2034;2033.5;2033.7;31
20240227 085400;2033.4;2033.5;2033.1;2033.5;19
20240227 085500;2033.3;2033.9;2033.3;2033.8;8
20240227 085600;2033.8;2033.9;2033.4;2033.4;13
20240227 085700;2033.4;2033.5;2033;2033.1;7
20240227 085800;2032.9;2032.9;2032.1;2032.5;20
20240227 085900;2032.4;2032.5;2032.1;2032.3;30
20240227 090000;2032.1;2032.4;2031.8;2031.9;18
20240227 090100;2031.9;2032.9;2031.9;2032.5;48
20240227 090200;2032.6;2033.4;2032.6;2033.1;70
20240227 090300;2033.2;2034.1;2032.6;2034;66
20240227 090400;2033.9;2034.8;2033.9;2034.8;88
20240227 090500;2034.9;2036.7;2034.9;2036.6;74
20240227 090600;2036.4;2037.3;2036.3;2037.2;146
20240227 090700;2037.2;2037.2;2036.3;2036.3;32
20240227 090800;2036.2;2036.2;2035.3;2035.3;34
20240227 090900;2035.3;2035.4;2034.9;2034.9;13
20240227 091000;2034.8;2035.3;2034.8;2035.2;14
20240227 091100;2035.3;2035.3;2035;2035;13
20240227 091200;2034.9;2035.4;2034.7;2035.4;19
20240227 091300;2035.1;2035.2;2034.9;2035;8
20240227 091400;2035;2035;2034.7;2035;14
20240227 091500;2034.9;2035.4;2034.9;2035.4;40
20240227 091600;2035.5;2035.9;2035.3;2035.9;22
20240227 091700;2035.9;2036.4;2035.9;2036.1;21
20240227 091800;2036.2;2036.4;2036.2;2036.2;5
20240227 091900;2036;2036;2035.6;2035.6;16
20240227 092000;2035.6;2035.6;2035.3;2035.5;19
20240227 092100;2035.7;2036;2035.6;2036;19
20240227 092200;2035.9;2036.4;2035.9;2036.4;51
20240227 092300;2036.5;2036.7;2036.5;2036.7;12
20240227 092400;2036.6;2036.9;2036.5;2036.9;11
20240227 092500;2036.9;2037.1;2036.6;2036.7;34
20240227 092600;2036.9;2037.8;2036.8;2037.7;41
20240227 092700;2037.4;2037.7;2037.2;2037.6;21
20240227 092800;2037.8;2039.4;2037.7;2039.2;98
20240227 092900;2039.1;2039.2;2038.4;2038.7;27
20240227 093000;2038.7;2039;2038.5;2038.8;35
20240227 093100;2039;2039.1;2038.6;2038.6;17
20240227 093200;2038.6;2039;2038.4;2038.7;16
20240227 093300;2038.4;2038.9;2038.3;2038.7;46
20240227 093400;2038.7;2038.8;2038.4;2038.8;11
20240227 093500;2038.7;2038.9;2038.7;2038.9;15
20240227 093600;2038.6;2038.9;2038.5;2038.9;20
20240227 093700;2038.9;2039.5;2038.9;2039.4;23
20240227 093800;2039.3;2039.3;2038.8;2038.8;12
20240227 093900;2038.5;2038.7;2038.1;2038.6;30
20240227 094000;2038.8;2038.9;2038.7;2038.7;8
20240227 094100;2038.7;2038.8;2038.3;2038.4;19
20240227 094200;2038.4;2038.4;2038.3;2038.4;11
20240227 094300;2038.4;2038.4;2037.9;2037.9;18
20240227 094400;2038;2038.6;2038;2038.1;11
20240227 094500;2038;2038.5;2037.9;2038.5;8
20240227 094600;2038.4;2038.4;2038.1;2038.3;21
20240227 094700;2038.4;2038.5;2038.3;2038.3;8
20240227 094800;2038.3;2038.8;2038.3;2038.7;15
20240227 094900;2038.5;2038.5;2038.3;2038.5;6
20240227 095000;2038.4;2038.5;2038.1;2038.1;10
20240227 095100;2038.1;2038.1;2037.7;2038;52
20240227 095200;2038.1;2038.3;2037.9;2038.1;22
20240227 095300;2038;2038.1;2037.9;2038.1;8
20240227 095400;2038.2;2038.3;2038.1;2038.1;11
20240227 095500;2038.1;2038.5;2038.1;2038.5;9
20240227 095600;2038.3;2038.6;2038.2;2038.5;20
20240227 095700;2038.8;2038.8;2038.6;2038.6;16
20240227 095800;2038.5;2038.7;2038.2;2038.3;12
20240227 095900;2038.2;2038.4;2038.2;2038.4;10
20240227 100000;2038.5;2038.6;2038.3;2038.5;12
20240227 100100;2038.5;2038.6;2038.3;2038.3;19
20240227 100200;2038.3;2038.3;2037.9;2037.9;21
20240227 100300;2038;2038;2037.7;2037.8;21
20240227 100400;2037.9;2038;2037.8;2038;8
20240227 100500;2038;2038;2037.3;2037.5;22
20240227 100600;2037.4;2038;2037.3;2037.5;22
20240227 100700;2037.5;2037.7;2037.5;2037.6;8
20240227 100800;2037.6;2037.9;2037.5;2037.7;19
20240227 100900;2037.6;2038.2;2037.6;2038;23
20240227 101000;2038;2038.4;2037.7;2037.7;27
20240227 101100;2037.8;2037.9;2037.7;2037.8;15
20240227 101200;2037.9;2038;2037.8;2037.8;9
20240227 101300;2037.6;2037.6;2037.3;2037.3;10
20240227 101400;2037.2;2037.6;2037.2;2037.6;17
20240227 101500;2037.6;2037.6;2036.8;2036.9;36
20240227 101600;2036.8;2037.2;2036.4;2037.2;30
20240227 101700;2037.4;2037.6;2037.1;2037.6;22
20240227 101800;2037.5;2037.8;2037.4;2037.8;25
20240227 101900;2037.9;2037.9;2037.7;2037.7;11
20240227 102000;2037.8;2038.1;2037.8;2038.1;7
20240227 102100;2037.9;2038;2037.5;2037.5;18
20240227 102200;2037.6;2037.8;2037.6;2037.7;6
20240227 102300;2037.6;2037.9;2037.5;2037.8;12
20240227 102400;2037.6;2037.7;2037.6;2037.6;7
20240227 102500;2037.6;2037.6;2037.5;2037.5;8
20240227 102600;2037.7;2038.4;2037.7;2038.1;63
20240227 102700;2038.3;2038.6;2038.1;2038.4;25
20240227 102800;2038.1;2038.2;2038;2038.2;9
20240227 102900;2038.2;2038.2;2038.1;2038.2;8
20240227 103000;2038.3;2038.3;2037.8;2037.8;8
20240227 103100;2038;2038;2037.7;2037.7;19
20240227 103200;2037.9;2038.2;2037.9;2037.9;22
20240227 103300;2038;2038.2;2037.8;2037.8;12
20240227 103400;2037.8;2038;2037.7;2037.8;14
20240227 103500;2037.7;2037.9;2037.5;2037.5;10
20240227 103600;2037.4;2037.7;2037.4;2037.5;17
20240227 103700;2037.6;2037.6;2037.3;2037.3;15
20240227 103800;2037.6;2037.6;2037.2;2037.2;12
20240227 103900;2037.2;2037.3;2037;2037;22
20240227 104000;2037;2037.1;2037;2037.1;7
20240227 104100;2036.9;2037.1;2036.9;2037.1;15
20240227 104200;2037;2037.6;2037;2037.6;19
20240227 104300;2037.4;2037.5;2037.1;2037.1;9
20240227 104400;2036.8;2037.4;2036.8;2037.4;30
20240227 104500;2037.4;2037.5;2037.3;2037.5;22
20240227 104600;2037.5;2037.9;2037.2;2037.8;38
20240227 104700;2037.9;2038.4;2037.9;2038;28
20240227 104800;2038.1;2038.6;2038.1;2038.6;22
20240227 104900;2038.6;2038.6;2037.9;2038.3;32
20240227 105000;2038.4;2038.7;2038.3;2038.4;24
20240227 105100;2038.5;2039;2038.5;2038.9;31
20240227 105200;2038.8;2039.3;2038.8;2039.3;35
20240227 105300;2039.2;2039.5;2039.2;2039.5;22
20240227 105400;2040;2040.1;2039.5;2039.6;44
20240227 105500;2039.7;2039.7;2039.4;2039.4;18
20240227 105600;2039.4;2039.7;2039.3;2039.7;53
20240227 105700;2039.7;2040.1;2039.4;2040.1;158
20240227 105800;2040;2040;2039.6;2039.7;35
20240227 105900;2040;2040.1;2039.7;2040.1;18
20240227 110000;2040.2;2040.4;2040.2;2040.2;46
20240227 110100;2040.3;2040.4;2040.1;2040.3;30
20240227 110200;2040.3;2040.4;2040.1;2040.1;7
20240227 110300;2040.1;2040.1;2040;2040;13
20240227 110400;2039.8;2039.9;2039.5;2039.5;29
20240227 110500;2039.4;2039.5;2039.3;2039.5;6
20240227 110600;2039.5;2039.6;2039.3;2039.5;26
20240227 110700;2039.6;2039.8;2039.6;2039.8;23
20240227 110800;2039.8;2039.8;2039.3;2039.5;20
20240227 110900;2039.6;2039.8;2039.4;2039.8;24
20240227 111000;2039.9;2040.3;2039.9;2040.3;21
20240227 111100;2040;2040;2039.6;2039.8;6
20240227 111200;2039.8;2039.9;2039.5;2039.9;17
20240227 111300;2039.9;2040.2;2039.9;2040;30
20240227 111400;2040;2040.3;2040;2040;30
20240227 111500;2039.9;2040.1;2039.8;2039.8;11
20240227 111600;2039.8;2040.1;2039.8;2039.9;8
20240227 111700;2040.1;2040.1;2039.4;2039.5;25
20240227 111800;2039.5;2039.7;2039.5;2039.6;8
20240227 111900;2039.7;2040;2039.7;2039.9;8
20240227 112000;2040;2040.1;2039.7;2039.7;13
20240227 112100;2039.7;2039.8;2039.6;2039.7;21
20240227 112200;2039.8;2040;2039.4;2039.4;30
20240227 112300;2039.3;2039.3;2038.9;2038.9;9
20240227 112400;2039;2039.2;2038.6;2039;57
20240227 112500;2039.2;2039.7;2039;2039.7;27
20240227 112600;2039.5;2040;2039.5;2039.9;34
20240227 112700;2040.1;2040.9;2039.8;2040.8;134
20240227 112800;2040.9;2041.4;2040.8;2041.1;78
20240227 112900;2041.2;2041.2;2040.5;2040.5;43
20240227 113000;2040.5;2040.6;2040;2040.1;32
20240227 113100;2040;2040.2;2039.7;2040.2;28
20240227 113200;2040.2;2040.2;2039.6;2039.6;14
20240227 113300;2039.9;2039.9;2038.9;2039.3;48
20240227 113400;2039.2;2039.4;2039.2;2039.4;6
20240227 113500;2039.3;2039.7;2039.3;2039.7;10
20240227 113600;2039.8;2039.8;2039.4;2039.6;15
20240227 113700;2039.8;2039.8;2039.5;2039.5;13
20240227 113800;2039.6;2039.6;2039.4;2039.6;9
20240227 113900;2039.4;2039.5;2039.3;2039.5;6
20240227 114000;2039.6;2039.7;2039.6;2039.6;10
20240227 114100;2039.6;2039.7;2039.4;2039.5;9
20240227 114200;2039.4;2039.5;2039.3;2039.4;5
20240227 114300;2039.5;2039.5;2039.3;2039.5;14
20240227 114400;2039.4;2039.4;2039.2;2039.3;7
20240227 114500;2039.2;2039.3;2039.1;2039.3;31
20240227 114600;2039.4;2039.5;2039.4;2039.4;8
20240227 114700;2039.3;2040;2039.3;2039.9;28
20240227 114800;2039.9;2039.9;2039.7;2039.9;10
20240227 114900;2039.7;2039.7;2039.3;2039.4;9
20240227 115000;2039.3;2039.3;2039.1;2039.2;15
20240227 115100;2039.1;2039.4;2039.1;2039.4;22
20240227 115200;2039.5;2039.6;2039.4;2039.5;22
20240227 115300;2039.5;2039.5;2039.5;2039.5;4
20240227 115400;2039.6;2040.1;2039.6;2040.1;6
20240227 115500;2039.9;2040.1;2039.9;2039.9;7
20240227 115600;2039.9;2040;2039.8;2040;4
20240227 115700;2040;2040;2039.9;2039.9;8
20240227 115800;2039.9;2040.6;2039.9;2040.6;36
20240227 115900;2040.9;2041.1;2040.7;2040.9;21
20240227 120000;2040.7;2040.8;2040.4;2040.5;17
20240227 120100;2040.7;2040.8;2040;2040.3;62
20240227 120200;2040.4;2041;2040.3;2041;7
20240227 120300;2041;2041.5;2040.9;2041.5;40
20240227 120400;2041.5;2041.6;2040.9;2041.3;24
20240227 120500;2041.3;2041.3;2041.2;2041.2;10
20240227 120600;2041.1;2041.2;2041;2041.1;12
20240227 120700;2041.1;2041.2;2040.7;2040.8;17
20240227 120800;2040.7;2040.8;2040.5;2040.6;36
20240227 120900;2040.6;2041.1;2040.6;2041;63
20240227 121000;2040.8;2041.5;2040.8;2041.5;20
20240227 121100;2041.5;2042.2;2041.5;2042.1;52
20240227 121200;2042;2042.5;2041.9;2042.5;24
20240227 121300;2042.4;2042.7;2042.3;2042.7;65
20240227 121400;2042.8;2043.1;2042.4;2043;60
20240227 121500;2043;2043.7;2043;2043.6;69
20240227 121600;2043.5;2043.7;2043.2;2043.4;43
20240227 121700;2043.5;2043.6;2043.3;2043.6;23
20240227 121800;2043.5;2043.5;2043;2043.5;30
20240227 121900;2043.6;2043.7;2043.3;2043.7;41
20240227 122000;2043.8;2044.4;2043.3;2043.7;86
20240227 122100;2043.7;2043.7;2043.4;2043.6;38
20240227 122200;2043.6;2043.6;2043.1;2043.1;24
20240227 122300;2043.2;2043.4;2043.2;2043.4;21
20240227 122400;2043.3;2043.5;2043.2;2043.5;31
20240227 122500;2043.6;2043.9;2043.1;2043.3;250
20240227 122600;2043.3;2043.4;2042.7;2043.4;92
20240227 122700;2043.5;2043.8;2043;2043.7;42
20240227 122800;2043.8;2044.1;2043.7;2043.8;48
20240227 122900;2043.9;2044.3;2043.9;2044.2;17
20240227 123000;2044.3;2044.8;2044.2;2044.8;71
20240227 123100;2044.7;2045.3;2044.7;2044.9;70
20240227 123200;2045;2046.2;2045;2046.2;203
20240227 123300;2046.2;2046.4;2045.9;2046.3;102
20240227 123400;2046.3;2046.7;2046.3;2046.7;82
20240227 123500;2046.6;2047.4;2046.5;2046.8;86
20240227 123600;2046.8;2047.2;2046.3;2047.2;98
20240227 123700;2047.2;2047.8;2047.2;2047.4;83
20240227 123800;2047.5;2047.5;2045.3;2045.4;273
20240227 123900;2045.4;2045.4;2044.8;2044.8;62
20240227 124000;2044.8;2045.6;2044.7;2045.2;53
20240227 124100;2045.3;2045.5;2044.8;2045.3;59
20240227 124200;2045.2;2046.4;2045.1;2046;73
20240227 124300;2046.1;2047.2;2046.1;2047;56
20240227 124400;2046.9;2047.3;2046.7;2047.2;44
20240227 124500;2047.3;2047.3;2046.3;2047.1;180
20240227 124600;2047;2048.5;2047;2048.4;107
20240227 124700;2048.4;2048.5;2047.6;2047.9;83
20240227 124800;2048.2;2048.9;2048.1;2048.8;81
20240227 124900;2048.8;2049.6;2048.8;2049.4;88
20240227 125000;2049.5;2049.7;2048.1;2048.5;240
20240227 125100;2048.5;2049.6;2048.5;2049.3;261
20240227 125200;2049.4;2050;2049.3;2049.7;137
20240227 125300;2049.7;2050.1;2049.3;2049.4;53
20240227 125400;2049.3;2049.3;2048.6;2048.7;76
20240227 125500;2048.7;2049;2048.1;2049;70
20240227 125600;2049.1;2049.6;2048.6;2049.6;49
20240227 125700;2049.5;2050;2049.5;2049.9;50
20240227 125800;2049.9;2050.2;2049.6;2049.7;67
20240227 125900;2049.8;2050.2;2049.6;2049.8;73
20240227 130000;2049.9;2050.1;2049.7;2049.7;75
20240227 130100;2049.6;2050;2048.8;2048.9;127
20240227 130200;2048.9;2049.7;2048.6;2049.6;93
20240227 130300;2049.4;2050.4;2049.4;2050.4;93
20240227 130400;2050.5;2050.7;2050.2;2050.3;96
20240227 130500;2050.2;2050.2;2049.3;2049.7;145
20240227 130600;2049.7;2050;2049.4;2049.4;56
20240227 130700;2049.3;2049.4;2048.6;2048.9;119
20240227 130800;2049;2049;2048.3;2048.7;95
20240227 130900;2048.6;2050;2048.6;2049.2;122
20240227 131000;2049.3;2049.7;2049.2;2049.5;72
20240227 131100;2049.5;2049.6;2048.6;2049.2;76
20240227 131200;2049.3;2049.5;2048.9;2049.5;42
20240227 131300;2049.3;2049.6;2048.9;2049.4;104
20240227 131400;2049.5;2049.8;2049.2;2049.2;76
20240227 131500;2049.2;2049.5;2048.9;2049;74
20240227 131600;2049;2049.5;2048.3;2048.5;102
20240227 131700;2048.7;2048.7;2047.1;2047.1;158
20240227 131800;2047.2;2047.2;2044.6;2045.5;316
20240227 131900;2045.3;2046.5;2045;2045.7;202
20240227 132000;2045.5;2046.2;2045.1;2045.7;149
20240227 132100;2045.7;2047.5;2045.3;2046.6;155
20240227 132200;2046.6;2046.6;2045.3;2046.4;260
20240227 132300;2046.3;2046.6;2046.1;2046.4;119
20240227 132400;2046.5;2046.5;2044.8;2045.4;271
20240227 132500;2045.4;2046.1;2045.2;2045.4;63
20240227 132600;2045.4;2045.5;2044.6;2044.9;116
20240227 132700;2045;2045.5;2044.7;2045;67
20240227 132800;2045;2045.1;2044.2;2044.7;64
20240227 132900;2044.8;2045.5;2044.6;2045.3;99
20240227 133000;2045.3;2045.5;2044.5;2044.9;73
20240227 133100;2044.9;2047.2;2044.9;2045.5;266
20240227 133200;2045.9;2046.5;2044.6;2045.7;151
20240227 133300;2045.8;2046.6;2044.7;2046.1;116
20240227 133400;2046.1;2047;2045.9;2046.9;102
20240227 133500;2046.8;2046.8;2045.5;2045.7;58
20240227 133600;2045.8;2046.6;2045.5;2046.5;126
20240227 133700;2046.4;2048.2;2046.4;2048;244
20240227 133800;2047.9;2047.9;2046;2046.2;132
20240227 133900;2046.1;2046.1;2044.8;2045.7;158
20240227 134000;2045.8;2046.9;2045.6;2046.9;69
20240227 134100;2046.8;2048.2;2046.8;2047.7;176
20240227 134200;2047.6;2047.7;2047.2;2047.6;43
20240227 134300;2046.9;2047.8;2046.4;2047.2;242
20240227 134400;2047.2;2047.7;2047;2047.6;52
20240227 134500;2047.5;2047.7;2046.8;2047.1;70
20240227 134600;2047.1;2047.4;2046.1;2047.4;78
20240227 134700;2047.4;2048.3;2047.2;2047.9;130
20240227 134800;2048.1;2048.9;2048.1;2048.5;89
20240227 134900;2048.4;2049.2;2048.3;2048.8;72
20240227 135000;2048.9;2049.3;2048.4;2048.4;56
20240227 135100;2048.6;2049.2;2048.4;2049.1;80
20240227 135200;2049.2;2049.5;2049.2;2049.4;41
20240227 135300;2049.1;2050.1;2049.1;2049.7;116
20240227 135400;2049.7;2050.4;2049.7;2050.1;58
20240227 135500;2050;2050.1;2049.8;2050.1;49
20240227 135600;2050.3;2050.3;2049.6;2050.3;115
20240227 135700;2050.4;2051.7;2050.2;2051.4;250
20240227 135800;2051.5;2053.7;2051.4;2053.4;451
20240227 135900;2053.4;2053.9;2051.6;2051.7;536
20240227 140000;2051.7;2052.6;2051.6;2052.5;174
20240227 140100;2052.4;2052.6;2050.6;2050.7;252
20240227 140200;2050.8;2051.6;2049.7;2049.9;188
20240227 140300;2049.9;2051.3;2049.8;2050.8;203
20240227 140400;2050.7;2050.8;2050;2050.7;90
20240227 140500;2050.6;2051.2;2050.4;2051;63
20240227 140600;2051;2051.1;2050.1;2050.4;119
20240227 140700;2050.3;2050.6;2050;2050.5;67
20240227 140800;2050.6;2050.9;2050.2;2050.4;66
20240227 140900;2050.4;2051;2050.2;2050.8;38
20240227 141000;2050.7;2051.3;2050.3;2051.1;92
20240227 141100;2051.1;2051.4;2050.7;2051.4;152
20240227 141200;2051.4;2051.7;2050.3;2051;113
20240227 141300;2051.1;2052.3;2051;2051.9;142
20240227 141400;2051.8;2051.8;2050.8;2051;56
20240227 141500;2051;2051.3;2050.4;2050.5;75
20240227 141600;2050.5;2051.2;2050.4;2050.8;97
20240227 141700;2050.7;2050.8;2050.1;2050.2;76
20240227 141800;2050.1;2050.8;2050.1;2050.4;115
20240227 141900;2050.3;2050.6;2050;2050.1;104
20240227 142000;2050.2;2050.6;2050.2;2050.5;58
20240227 142100;2050.4;2051.6;2050.4;2051.4;123
20240227 142200;2051.5;2051.6;2050.2;2050.4;117
20240227 142300;2050.4;2050.8;2050.1;2050.3;104
20240227 142400;2050.3;2050.4;2049.9;2050.1;74
20240227 142500;2049.9;2050.2;2049.5;2049.7;178
20240227 142600;2050;2050.3;2049.8;2050;102
20240227 142700;2050;2050.4;2049.5;2049.7;101
20240227 142800;2049.6;2049.6;2048.7;2049.2;217
20240227 142900;2049.2;2049.6;2048.7;2048.8;207
20240227 143000;2048.8;2051.1;2048.8;2050.8;515
20240227 143100;2050.8;2054.8;2048.9;2053.6;3157
20240227 143200;2053.8;2056.6;2053.2;2056.3;1724
20240227 143300;2056.3;2058;2052.7;2053.2;2513
20240227 143400;2053.1;2054;2051.3;2052;1180
20240227 143500;2052;2053.2;2050.9;2051.1;945
20240227 143600;2051;2051.7;2049;2050.1;1050
20240227 143700;2050.2;2051.2;2049.6;2050.8;715
20240227 143800;2050.9;2051.3;2048.5;2049.6;979
20240227 143900;2049.9;2051.6;2049.7;2051.5;870
20240227 144000;2051.6;2053.5;2050.9;2052.2;862
20240227 144100;2052.2;2052.7;2049.7;2050.3;973
20240227 144200;2050.5;2052.4;2049.5;2050;738
20240227 144300;2049.8;2052.9;2049.3;2051.5;645
20240227 144400;2051.7;2053.2;2051.1;2051.9;613
20240227 144500;2051.9;2052.1;2048.1;2048.2;802
20240227 144600;2048.3;2049.3;2046.5;2047.1;1341
20240227 144700;2047.1;2048.5;2047.1;2048.5;861
20240227 144800;2048.5;2049.7;2047.7;2048.2;674
20240227 144900;2048.1;2049.3;2047;2049.1;691
20240227 145000;2049.2;2049.8;2047.7;2048.1;933
20240227 145100;2047.9;2048.1;2046.3;2046.7;1208
20240227 145200;2046.5;2047.6;2045.6;2045.9;539
20240227 145300;2045.8;2047.6;2045.3;2047.5;422
20240227 145400;2047.6;2049.6;2047.5;2048.3;507
20240227 145500;2048.3;2049.4;2048;2049.4;505
20240227 145600;2049.4;2051.2;2049.3;2050.6;507
20240227 145700;2050.5;2051.4;2049.8;2051.4;519
20240227 145800;2051.5;2052.5;2051.2;2051.6;423
20240227 145900;2051.5;2052.1;2050.6;2051.4;275
20240227 150000;2051.4;2052.4;2051.1;2051.7;256
20240227 150100;2051.8;2054.7;2051.3;2051.6;1206
20240227 150200;2051.7;2052.6;2050.6;2050.8;487
20240227 150300;2050.9;2053.5;2050.9;2053.5;467
20240227 150400;2053.4;2053.7;2051.7;2052.8;461
20240227 150500;2053;2053.3;2051.8;2053;337
20240227 150600;2052.8;2053.1;2049.9;2051.4;849
20240227 150700;2051.4;2051.6;2050;2051.5;311
20240227 150800;2051.5;2052.7;2051.5;2052.2;304
20240227 150900;2052.1;2053;2051.1;2051.6;420
20240227 151000;2051.7;2052.1;2050;2050.2;223
20240227 151100;2050;2051;2049.6;2049.6;431
20240227 151200;2049.5;2049.8;2048.3;2049.7;272
20240227 151300;2049.9;2051;2049;2049;340
20240227 151400;2049;2049.9;2048.7;2049.2;320
20240227 151500;2049.3;2050;2048.8;2049.5;348
20240227 151600;2049.4;2051.4;2049;2051.3;343
20240227 151700;2051.4;2051.5;2050.5;2050.8;219
20240227 151800;2050.9;2052.5;2050.8;2052;302
20240227 151900;2052.1;2053.1;2051.5;2051.7;507
20240227 152000;2051.8;2052.9;2051.4;2052.6;403
20240227 152100;2052.6;2052.9;2051.7;2051.9;460
20240227 152200;2052.1;2052.5;2051.1;2052.1;204
20240227 152300;2052.1;2052.1;2050.5;2050.6;208
20240227 152400;2050.7;2051.9;2049.8;2051.7;369
20240227 152500;2051.7;2052.6;2050.6;2050.8;328
20240227 152600;2050.8;2052.3;2050;2052;338
20240227 152700;2052.1;2052.9;2052.1;2052.7;191
20240227 152800;2052.6;2053.5;2051.7;2051.9;540
20240227 152900;2052.1;2053.4;2052;2052.3;199
20240227 153000;2052.3;2054.2;2052.2;2054;319
20240227 153100;2053.9;2055.7;2053.8;2055.6;774
20240227 153200;2055.6;2056.4;2054.9;2056.3;643
20240227 153300;2056.3;2056.3;2055.4;2055.6;485
20240227 153400;2055.5;2056.7;2055.5;2056.1;526
20240227 153500;2056;2057.4;2055.8;2057.3;604
20240227 153600;2057.2;2057.3;2055.5;2055.5;729
20240227 153700;2055.5;2057.1;2055.3;2056.3;429
20240227 153800;2056.2;2056.6;2055.2;2055.9;352
20240227 153900;2055.8;2056.2;2055.2;2055.8;238
20240227 154000;2055.6;2055.6;2053.7;2054;398
20240227 154100;2054.1;2054.8;2053.7;2054.6;220
20240227 154200;2054.8;2056.3;2054.6;2056.2;274
20240227 154300;2056.2;2056.4;2055;2055.1;270
20240227 154400;2055.2;2055.4;2053.8;2054.1;325
20240227 154500;2054.2;2054.4;2052;2052.2;939
20240227 154600;2052.3;2053.2;2051.3;2053;592
20240227 154700;2053.2;2053.6;2052.5;2052.7;405
20240227 154800;2052.8;2053.7;2052.4;2053.5;339
20240227 154900;2053.5;2054.3;2053;2054.2;411
20240227 155000;2054.3;2054.6;2052.9;2053.7;283
20240227 155100;2053.8;2054.8;2053.6;2054.5;285
20240227 155200;2054.5;2056.1;2054.5;2055.1;431
20240227 155300;2055.1;2055.2;2053.5;2053.7;190
20240227 155400;2053.7;2054;2052.4;2052.4;167
20240227 155500;2052.5;2053.2;2051.8;2052.1;210
20240227 155600;2052.3;2054.3;2052.3;2054.1;222
20240227 155700;2054.3;2055;2053.7;2054;231
20240227 155800;2054.2;2054.5;2053.1;2054.5;161
20240227 155900;2054.5;2055.1;2054.3;2054.9;104
20240227 160000;2055;2055;2054.2;2055;95
20240227 160100;2055;2055.9;2055;2055.4;276
20240227 160200;2055.3;2056.3;2055.3;2056.1;356
20240227 160300;2056.1;2057.4;2055.9;2057.4;557
20240227 160400;2057.3;2058.1;2057.1;2057.8;376
20240227 160500;2057.8;2057.9;2057.3;2057.6;189
20240227 160600;2057.5;2057.7;2057;2057.3;309
20240227 160700;2057.3;2057.4;2056;2056;318
20240227 160800;2056.1;2056.3;2055.7;2056.1;207
20240227 160900;2056.1;2056.8;2055.9;2056.8;244
20240227 161000;2056.8;2058;2055.7;2055.8;402
20240227 161100;2055.8;2056.1;2055.1;2056.1;347
20240227 161200;2056;2056.3;2055.5;2056.2;375
20240227 161300;2056.1;2057.1;2055.8;2056.1;332
20240227 161400;2056.1;2056.1;2055;2055.4;259
20240227 161500;2055.5;2056.7;2055.5;2056.6;84
20240227 161600;2056.4;2056.9;2056;2056;165
20240227 161700;2056.1;2056.2;2054.9;2055.3;239
20240227 161800;2055.3;2055.6;2054.7;2055.5;109
20240227 161900;2055.5;2055.9;2054.5;2055.9;180
20240227 162000;2055.8;2056.6;2055.3;2056.5;267
20240227 162100;2056.5;2056.6;2055.5;2055.8;244
20240227 162200;2055.7;2056.2;2055.5;2055.8;95
20240227 162300;2055.7;2056.2;2055.5;2055.9;107
20240227 162400;2055.9;2057.1;2055.8;2056.9;141
20240227 162500;2057;2057.4;2056.7;2056.9;214
20240227 162600;2056.9;2058.4;2056.7;2058.3;466
20240227 162700;2058.3;2058.4;2057.2;2057.4;356
20240227 162800;2057.5;2058.5;2057.4;2058.2;174
20240227 162900;2058.2;2058.3;2057.5;2057.5;169
20240227 163000;2057.5;2058;2056.7;2057.4;287
20240227 163100;2057.5;2058.5;2056.9;2058;410
20240227 163200;2058.2;2059.2;2057.6;2059;425
20240227 163300;2059.1;2060;2057.9;2058.3;880
20240227 163400;2058.3;2058.8;2058.1;2058.5;262
20240227 163500;2058.5;2059.6;2058.5;2059.5;228
20240227 163600;2059.6;2059.8;2058.5;2059;266
20240227 163700;2059.1;2059.7;2058.5;2059;244
20240227 163800;2059.1;2059.1;2058;2059;331
20240227 163900;2059;2059.8;2058.6;2059.6;180
20240227 164000;2059.7;2060.4;2059.5;2059.9;377
20240227 164100;2059.8;2060;2059.1;2059.1;266
20240227 164200;2059.3;2059.5;2058.6;2059.1;161
20240227 164300;2059.1;2059.4;2058.4;2058.4;240
20240227 164400;2058.4;2058.6;2057.6;2058;337
20240227 164500;2057.9;2058.3;2057.4;2058.3;171
20240227 164600;2058.3;2059.3;2057.9;2059.2;342
20240227 164700;2059.2;2059.3;2058.4;2058.4;289
20240227 164800;2058.5;2059.3;2058.1;2059.1;142
20240227 164900;2059.1;2059.3;2058.6;2058.9;104
20240227 165000;2059;2059.4;2058.6;2059;158
20240227 165100;2059.1;2060.1;2058.9;2059.8;274
20240227 165200;2059.9;2060.3;2059.8;2059.9;161
20240227 165300;2060;2060;2059.1;2059.2;226
20240227 165400;2059.4;2059.5;2058.6;2058.9;102
20240227 165500;2059;2059.8;2059;2059.7;104
20240227 165600;2059.8;2060.2;2059.8;2060.2;115
20240227 165700;2060.2;2060.8;2060.2;2060.8;247
20240227 165800;2060.9;2061.5;2060.9;2061.3;316
20240227 165900;2061.3;2061.6;2060.4;2060.5;544
20240227 170000;2060.5;2061.1;2060.4;2060.8;210
20240227 170100;2060.8;2061.3;2060.6;2061;231
20240227 170200;2061;2061.5;2061;2061.4;187
20240227 170300;2061.4;2061.5;2060.6;2060.6;178
20240227 170400;2060.6;2061;2060.3;2060.6;204
20240227 170500;2060.6;2060.6;2059.4;2059.7;258
20240227 170600;2059.7;2060;2058.6;2059.1;316
20240227 170700;2059;2059.6;2058.8;2059.5;154
20240227 170800;2059.4;2059.9;2059.1;2059.8;128
20240227 170900;2059.8;2059.8;2058.9;2059.1;143
20240227 171000;2059.1;2059.8;2058.8;2058.8;117
20240227 171100;2058.8;2059.5;2058.3;2059;199
20240227 171200;2059.1;2059.1;2057.4;2057.6;344
20240227 171300;2057.7;2058;2057.6;2057.7;179
20240227 171400;2057.8;2058.3;2057.4;2057.5;135
20240227 171500;2057.6;2057.6;2056.4;2056.7;271
20240227 171600;2056.6;2057.3;2056.6;2057.1;133
20240227 171700;2057.2;2057.6;2055.8;2056;263
20240227 171800;2056.2;2056.6;2055.3;2055.9;390
20240227 171900;2055.9;2056.7;2055.6;2056.6;161
20240227 172000;2056.6;2057.1;2056.2;2057;185
20240227 172100;2057;2058.3;2056.8;2058.2;221
20240227 172200;2058.2;2058.3;2057.4;2057.5;88
20240227 172300;2057.4;2057.6;2056.2;2056.4;265
20240227 172400;2056.5;2057.1;2056.2;2056.9;339
20240227 172500;2056.9;2056.9;2055.6;2056.1;167
20240227 172600;2056;2057.3;2055.7;2057.3;220
20240227 172700;2057.3;2057.5;2056.5;2056.7;93
20240227 172800;2056.8;2057.5;2056.8;2057.1;101
20240227 172900;2057.1;2058.3;2057.1;2057.7;261
20240227 173000;2057.8;2057.9;2057.2;2057.2;394
20240227 173100;2057.2;2057.6;2057;2057.2;108
20240227 173200;2057.3;2058;2056.9;2057.7;277
20240227 173300;2057.8;2058.4;2057.8;2058.4;198
20240227 173400;2058.4;2058.5;2057.5;2057.6;96
20240227 173500;2057.7;2057.7;2057;2057.5;113
20240227 173600;2057.6;2058.2;2057.6;2057.9;105
20240227 173700;2058;2058.5;2057.6;2057.6;125
20240227 173800;2057.6;2057.9;2057;2057;91
20240227 173900;2057.1;2057.1;2056.1;2056.2;361
20240227 174000;2056.2;2056.3;2055.1;2055.5;175
20240227 174100;2055.3;2056.6;2054.8;2056.3;392
20240227 174200;2056.4;2056.7;2056.1;2056.4;133
20240227 174300;2056.4;2056.6;2055.5;2056.2;98
20240227 174400;2056.3;2056.9;2056.2;2056.5;98
20240227 174500;2056.6;2056.9;2056.3;2056.7;179
20240227 174600;2056.7;2057.4;2056.5;2056.9;176
20240227 174700;2057;2057.5;2056.3;2056.4;84
20240227 174800;2056.5;2056.5;2055.6;2055.9;130
20240227 174900;2056;2056.3;2055.6;2055.8;99
20240227 175000;2055.9;2056;2055.5;2055.9;60
20240227 175100;2055.9;2056.6;2055.9;2056.3;72
20240227 175200;2056.4;2056.8;2056.1;2056.3;96
20240227 175300;2056.4;2056.4;2055.5;2055.6;124
20240227 175400;2055.6;2056.5;2055.5;2056.4;101
20240227 175500;2056.3;2057;2056.3;2056.5;77
20240227 175600;2056.4;2056.4;2054.6;2055.1;346
20240227 175700;2055.1;2055.4;2054.7;2054.7;387
20240227 175800;2054.7;2055;2053.7;2053.7;561
20240227 175900;2053.7;2054.2;2052.8;2053.4;553
20240227 180000;2053.4;2053.4;2052.9;2053.3;212
20240227 180100;2053.2;2053.4;2051.5;2052.9;831
20240227 180200;2052.9;2053.7;2052.2;2053.7;291
20240227 180300;2053.5;2055.8;2053.5;2055.6;524
20240227 180400;2055.6;2056.2;2055.1;2055.6;479
20240227 180500;2055.5;2056.3;2055.5;2055.5;194
20240227 180600;2055.6;2056.8;2055.5;2056.6;241
20240227 180700;2056.5;2057.7;2056.4;2056.6;879
20240227 180800;2056.6;2057;2055.8;2056.7;226
20240227 180900;2056.7;2056.7;2055.4;2055.6;120
20240227 181000;2055.7;2056.9;2055.3;2056.7;169
20240227 181100;2056.8;2057.3;2056.5;2057.1;249
20240227 181200;2057.1;2058.1;2057.1;2058;190
20240227 181300;2057.9;2058;2057;2057.2;168
20240227 181400;2057.1;2057.8;2057.1;2057.4;276
20240227 181500;2057.3;2057.3;2056.3;2056.5;171
20240227 181600;2056.6;2057.1;2056.4;2056.7;181
20240227 181700;2056.8;2057.2;2056.3;2057;99
20240227 181800;2056.5;2057.2;2056.5;2056.9;118
20240227 181900;2056.8;2057;2056.3;2056.7;72
20240227 182000;2056.7;2056.8;2055.5;2055.5;165
20240227 182100;2055.6;2056.2;2055.2;2055.8;161
20240227 182200;2055.7;2055.9;2055.1;2055.9;197
20240227 182300;2056;2056.2;2055;2055.2;177
20240227 182400;2055.2;2056.7;2055;2056.6;242
20240227 182500;2056.7;2057.2;2056.1;2056.1;214
20240227 182600;2056.3;2056.7;2055.9;2056.2;135
20240227 182700;2056.2;2056.5;2055;2055.2;110
20240227 182800;2055.2;2055.8;2055.1;2055.8;128
20240227 182900;2055.8;2056;2055.3;2055.5;191
20240227 183000;2055.4;2055.4;2054.1;2054.3;192
20240227 183100;2054.5;2054.6;2053.2;2054.2;290
20240227 183200;2054.2;2055.1;2053.8;2055;131
20240227 183300;2055;2055.4;2054.6;2055.2;77
20240227 183400;2055.2;2055.5;2054.9;2055.2;91
20240227 183500;2055.3;2055.4;2054.9;2055.1;71
20240227 183600;2055;2055.9;2055;2055.2;120
20240227 183700;2055.2;2055.3;2054.8;2054.8;113
20240227 183800;2054.7;2055.2;2054.4;2055;105
20240227 183900;2054.9;2055.6;2054.9;2055.5;92
20240227 184000;2055.3;2055.9;2055.1;2055.7;102
20240227 184100;2055.6;2056.1;2055.5;2055.5;121
20240227 184200;2055.5;2055.5;2054.6;2054.8;122
20240227 184300;2054.8;2055.1;2053.7;2053.8;200
20240227 184400;2053.8;2054.7;2053.6;2054.4;136
20240227 184500;2054.5;2054.8;2054.4;2054.8;60
20240227 184600;2054.8;2054.8;2053.4;2053.4;181
20240227 184700;2053.4;2054.2;2053;2054.1;131
20240227 184800;2054.1;2054.3;2053.6;2054.2;87
20240227 184900;2054.4;2055;2054.2;2054.6;149
20240227 185000;2054.6;2055.6;2054.4;2055.2;152
20240227 185100;2055.2;2056.4;2055.1;2056.1;310
20240227 185200;2056.2;2056.5;2055.9;2056.4;151
20240227 185300;2056.5;2056.6;2055.8;2055.8;149
20240227 185400;2055.9;2056;2055.2;2055.6;214
20240227 185500;2055.7;2056.2;2055.7;2056.1;48
20240227 185600;2056.2;2056.2;2055.6;2056;104
20240227 185700;2056.1;2056.4;2056;2056.3;119
20240227 185800;2056.4;2056.7;2056;2056.7;131
20240227 185900;2056.7;2057.1;2056.1;2056.4;423
20240227 190000;2056.4;2056.7;2055.5;2056;173
20240227 190100;2056;2056.1;2055.2;2055.4;204
20240227 190200;2055.6;2056.2;2055.2;2056.2;236
20240227 190300;2056.2;2056.2;2055.6;2055.9;221
20240227 190400;2055.9;2055.9;2054.1;2054.1;158
20240227 190500;2054.2;2054.9;2053.8;2054.5;102
20240227 190600;2054.6;2055.3;2054.5;2054.9;83
20240227 190700;2054.9;2056.2;2054.7;2056.2;134
20240227 190800;2056.1;2056.9;2056;2056.6;152
20240227 190900;2056.5;2056.5;2056;2056.2;71
20240227 191000;2056.2;2056.2;2055.7;2055.9;85
20240227 191100;2055.9;2056.3;2055.9;2055.9;100
20240227 191200;2055.8;2056.2;2055.6;2056;91
20240227 191300;2056;2056.3;2055.9;2056.2;104
20240227 191400;2056.3;2057.1;2056.2;2057;127
20240227 191500;2057;2057;2056.5;2056.6;122
20240227 191600;2056.7;2057.1;2056.5;2056.7;113
20240227 191700;2057;2057.5;2056.7;2057.1;172
20240227 191800;2057.1;2057.6;2056.7;2056.7;340
20240227 191900;2056.8;2056.9;2056.2;2056.3;153
20240227 192000;2056.4;2056.4;2055.5;2056.1;173
20240227 192100;2056.1;2056.2;2055.4;2056;97
20240227 192200;2056.1;2056.1;2054.9;2055;106
20240227 192300;2054.9;2055.7;2054.6;2055.7;112
20240227 192400;2055.8;2056;2055.6;2056;83
20240227 192500;2056;2056.1;2055.5;2056.1;143
20240227 192600;2056.1;2056.2;2055.2;2055.3;136
20240227 192700;2055.4;2055.8;2055.3;2055.8;116
20240227 192800;2055.8;2056.8;2055.8;2056.4;153
20240227 192900;2056.5;2057.1;2056.4;2056.9;76
20240227 193000;2056.9;2057.2;2056.2;2056.4;229
20240227 193100;2056.4;2056.8;2056.4;2056.8;134
20240227 193200;2056.9;2057;2056.4;2056.4;118
20240227 193300;2056.5;2056.8;2056.1;2056.6;105
20240227 193400;2056.6;2057.4;2056.6;2057.3;71
20240227 193500;2057.2;2057.2;2056.4;2056.6;127
20240227 193600;2056.6;2056.6;2056.1;2056.3;132
20240227 193700;2056.3;2056.7;2056.1;2056.1;264
20240227 193800;2056.1;2056.5;2055.9;2056.4;211
20240227 193900;2056.3;2056.3;2055.1;2055.2;311
20240227 194000;2055.2;2055.7;2054.9;2055.2;142
20240227 194100;2055.2;2055.7;2054.9;2054.9;85
20240227 194200;2054.9;2055.3;2054.6;2054.8;95
20240227 194300;2054.9;2055;2054.1;2054.1;121
20240227 194400;2054.2;2054.3;2053.8;2054.3;213
20240227 194500;2054.1;2054.8;2054.1;2054.7;172
20240227 194600;2054.7;2054.8;2053.9;2054.7;139
20240227 194700;2054.6;2054.6;2053.9;2054;46
20240227 194800;2053.9;2054.5;2053.5;2053.8;215
20240227 194900;2053.9;2054.1;2053.1;2053.5;412
20240227 195000;2053.6;2054;2053.4;2053.6;267
20240227 195100;2053.6;2053.6;2052.4;2052.6;344
20240227 195200;2052.6;2053.5;2052.5;2053;271
20240227 195300;2053.2;2054.7;2053.1;2054.6;141
20240227 195400;2054.7;2055.4;2054.7;2055.4;146
20240227 195500;2055.3;2055.6;2053.9;2054.1;150
20240227 195600;2054;2054.9;2054;2054.9;150
20240227 195700;2054.9;2055.9;2054.9;2055.7;128
20240227 195800;2055.8;2055.9;2055.3;2055.9;123
20240227 195900;2055.9;2056.1;2055.6;2055.9;135
20240227 200000;2056;2056.6;2055.9;2056.5;237
20240227 200100;2056.5;2056.9;2056.2;2056.4;243
20240227 200200;2056.5;2056.8;2056.1;2056.2;131
20240227 200300;2056.2;2056.2;2055.6;2055.7;155
20240227 200400;2055.6;2055.8;2054.9;2055.7;154
20240227 200500;2055.8;2056.4;2055.6;2056.3;116
20240227 200600;2056.3;2056.7;2055.8;2055.9;311
20240227 200700;2055.9;2056.6;2055.7;2056.2;110
20240227 200800;2056.3;2056.6;2055.7;2055.9;88
20240227 200900;2056;2056.8;2056;2056.7;169
20240227 201000;2056.7;2057.2;2056.6;2057.1;164
20240227 201100;2057.1;2058.1;2057.1;2057.7;296
20240227 201200;2057.8;2058.5;2057.5;2057.6;183
20240227 201300;2057.7;2058.1;2057.4;2057.4;149
20240227 201400;2057.3;2057.6;2057;2057.2;94
20240227 201500;2057.2;2057.8;2056.9;2057.6;255
20240227 201600;2057.6;2057.9;2056.8;2057.1;383
20240227 201700;2057.2;2058;2057;2057.7;183
20240227 201800;2057.6;2057.8;2057.2;2057.6;87
20240227 201900;2057.5;2057.7;2056.7;2056.9;124
20240227 202000;2057;2057.2;2056.1;2056.6;368
20240227 202100;2056.5;2056.8;2055.8;2056.3;211
20240227 202200;2056.5;2057;2056.4;2056.9;146
20240227 202300;2056.8;2057.7;2056.8;2057.7;150
20240227 202400;2057.7;2058.6;2057.7;2058.4;274
20240227 202500;2058.3;2058.6;2058;2058.4;220
20240227 202600;2058.4;2058.4;2057.8;2057.8;157
20240227 202700;2057.9;2058.1;2057.4;2057.8;138
20240227 202800;2058;2059;2057.9;2058.9;402
20240227 202900;2058.9;2059;2058.3;2058.5;296
20240227 203000;2058.4;2058.9;2058.1;2058.8;292
20240227 203100;2058.9;2059;2058.4;2058.5;252
20240227 203200;2058.4;2058.4;2057.3;2057.6;331
20240227 203300;2057.6;2058;2057.1;2058;306
20240227 203400;2058;2058.6;2057.7;2058.6;165
20240227 203500;2058.6;2058.7;2058.1;2058.3;168
20240227 203600;2058.3;2058.4;2057.7;2058.1;195
20240227 203700;2058.2;2058.8;2058.2;2058.3;247
20240227 203800;2058.3;2059.3;2058.1;2059.2;196
20240227 203900;2059.3;2059.3;2058.7;2059.2;352
20240227 204000;2059.2;2060;2059.2;2059.8;300
20240227 204100;2059.9;2060;2059.5;2059.5;159
20240227 204200;2059.4;2060;2059.3;2059.7;174
20240227 204300;2059.7;2060;2058.8;2058.9;251
20240227 204400;2058.8;2059.7;2058.5;2059.7;327
20240227 204500;2059.7;2060.1;2059.3;2059.8;373
20240227 204600;2059.9;2060.4;2059.6;2059.9;278
20240227 204700;2059.9;2061.1;2059.7;2060.4;414
20240227 204800;2060.4;2061.3;2060.4;2060.9;371
20240227 204900;2060.8;2060.9;2060.3;2060.5;341
20240227 205000;2060.5;2061.3;2060.3;2061.3;338
20240227 205100;2061.3;2062.4;2061.2;2061.2;1039
20240227 205200;2061.3;2061.4;2060.5;2060.7;581
20240227 205300;2060.6;2061.5;2060.6;2060.7;521
20240227 205400;2060.8;2061.4;2060.4;2060.5;316
20240227 205500;2060.6;2061;2059.2;2059.7;705
20240227 205600;2059.6;2060.1;2059.3;2059.9;847
20240227 205700;2059.8;2059.9;2059.4;2059.6;552
20240227 205800;2059.6;2060;2059.3;2059.5;739
20240227 205900;2059.5;2060.3;2059.4;2060.1;1184
20240227 210000;2060.1;2060.3;2059.5;2059.7;9149
20240227 210100;2059.6;2060.2;2059.5;2060;2052
20240227 210200;2060.1;2060.1;2059.6;2059.6;398
20240227 210300;2059.7;2059.9;2059.4;2059.5;365
20240227 210400;2059.5;2059.9;2059.5;2059.5;318
20240227 210500;2059.6;2059.9;2059.5;2059.7;389
20240227 210600;2059.6;2059.8;2059.5;2059.6;364
20240227 210700;2059.6;2059.8;2059.6;2059.7;74
20240227 210800;2059.7;2059.9;2059.5;2059.7;224
20240227 210900;2059.6;2059.8;2059.5;2059.7;121
20240227 211000;2059.7;2059.7;2059.2;2059.2;89
20240227 211100;2059.3;2059.4;2059;2059.4;153
20240227 211200;2059.3;2059.7;2059.3;2059.5;83
20240227 211300;2059.5;2059.8;2059.5;2059.8;178
20240227 211400;2059.7;2060.1;2059.7;2060;169
20240227 211500;2060.1;2061;2060.1;2060.7;452
20240227 211600;2060.6;2060.7;2060.4;2060.4;135
20240227 211700;2060.4;2060.7;2060.3;2060.6;70
20240227 211800;2060.6;2060.6;2060.3;2060.4;94
20240227 211900;2060.4;2060.4;2060.2;2060.3;79
20240227 212000;2060.2;2060.2;2059.8;2059.9;129
20240227 212100;2060;2060;2059.7;2059.8;80
20240227 212200;2059.8;2060.1;2059.8;2060.1;24
20240227 212300;2060.1;2060.3;2060.1;2060.3;79
20240227 212400;2060.3;2060.4;2060.3;2060.4;30
20240227 212500;2060.5;2060.8;2060.5;2060.8;21
20240227 212600;2060.8;2060.8;2060.6;2060.6;78
20240227 212700;2060.6;2060.7;2060.5;2060.5;30
20240227 212800;2060.6;2060.6;2060.4;2060.4;8
20240227 212900;2060.4;2060.4;2060.2;2060.3;11
20240227 213000;2060.4;2060.4;2060.2;2060.2;18
20240227 213100;2060.2;2060.3;2060;2060;42
20240227 213200;2060;2060;2060;2060;7
20240227 213300;2060;2060;2059.7;2059.9;59
20240227 213400;2059.9;2059.9;2059.9;2059.9;16
20240227 213500;2059.8;2059.9;2059.8;2059.8;20
20240227 213600;2059.8;2059.8;2059.7;2059.7;74
20240227 213700;2059.7;2059.7;2059.5;2059.6;49
20240227 213800;2059.6;2059.6;2059.4;2059.4;51
20240227 213900;2059.5;2059.5;2059.2;2059.2;52
20240227 214000;2059.2;2059.2;2058.8;2058.8;61
20240227 214100;2058.7;2059;2058.7;2058.9;45
20240227 214200;2059;2059.1;2059;2059.1;28
20240227 214300;2059.1;2059.1;2059.1;2059.1;6
20240227 214400;2059.1;2059.1;2058.8;2058.8;29
20240227 214500;2058.9;2059.1;2058.8;2059;44
20240227 214600;2059;2059;2059;2059;46
20240227 214700;2058.9;2059;2058.9;2058.9;25
20240227 214800;2058.9;2059;2058.9;2059;36
20240227 214900;2059;2059;2058.7;2058.8;50
20240227 215000;2058.8;2058.8;2058.7;2058.7;20
20240227 215100;2058.7;2058.8;2058.7;2058.7;28
20240227 215200;2058.7;2058.9;2058.7;2058.9;34
20240227 215300;2058.9;2059.1;2058.9;2059.1;21
20240227 215400;2059.1;2059.3;2059.1;2059.3;18
20240227 215500;2059;2059;2059;2059;19
20240227 215600;2059;2059.1;2058.7;2058.9;43
20240227 215700;2058.7;2058.7;2058.6;2058.6;39
20240227 215800;2058.7;2058.7;2058.4;2058.6;48
20240227 215900;2058.6;2058.6;2058.3;2058.3;19
20240227 220000;2058.2;2058.3;2057.7;2057.8;51
20240227 230100;2059.1;2059.7;2058.3;2059.7;113
20240227 230200;2059.7;2059.8;2059.2;2059.8;95
20240227 230300;2059.7;2059.7;2059.3;2059.6;29
20240227 230400;2059.7;2059.8;2059.5;2059.5;24
20240227 230500;2059.7;2059.7;2059.7;2059.7;8
20240227 230600;2059.8;2059.8;2059.7;2059.8;23
20240227 230700;2059.9;2059.9;2059.5;2059.5;16
20240227 230800;2059.6;2059.8;2059.5;2059.7;25
20240227 230900;2059.6;2059.9;2059.6;2059.8;12
20240227 231000;2059.7;2059.7;2059.6;2059.6;17
20240227 231100;2059.5;2059.7;2059.5;2059.5;16
20240227 231200;2059.7;2059.7;2059.3;2059.4;23
20240227 231300;2059.5;2059.5;2059;2059.1;26
20240227 231400;2059;2059.1;2058.8;2058.8;18
20240227 231500;2058.7;2059.2;2058.7;2059;21
20240227 231600;2059.1;2059.4;2058.9;2059.4;24
20240227 231700;2059.3;2059.6;2059.3;2059.6;54
20240227 231800;2059.4;2059.5;2059;2059;16
20240227 231900;2059;2059.1;2058.8;2058.9;33
20240227 232000;2059;2059;2058.8;2058.8;7
20240227 232100;2058.7;2058.9;2058.7;2058.7;12
20240227 232200;2058.7;2058.8;2058.7;2058.7;12
20240227 232300;2058.6;2058.8;2058.6;2058.8;3
20240227 232400;2058.8;2058.8;2058.7;2058.7;8
20240227 232500;2058.6;2058.7;2058.5;2058.6;4
20240227 232600;2058.6;2058.6;2058.5;2058.5;8
20240227 232700;2058.6;2058.6;2058.5;2058.5;2
20240227 232800;2058.6;2058.6;2058.4;2058.6;7
20240227 232900;2058.6;2058.8;2058.6;2058.8;6
20240227 233000;2058.9;2059.1;2058.8;2058.9;26
20240227 233100;2058.8;2058.8;2058.6;2058.6;7
20240227 233200;2058.5;2058.6;2058.2;2058.3;24
20240227 233300;2058.2;2058.2;2057.9;2058;24
20240227 233400;2057.9;2058.1;2057.9;2058.1;14
20240227 233500;2057.9;2058.1;2057.8;2058.1;15
20240227 233600;2058.1;2058.1;2057.8;2057.9;10
20240227 233700;2057.9;2057.9;2057.9;2057.9;1
20240227 233800;2057.8;2057.8;2057.5;2057.7;11
20240227 233900;2057.8;2057.8;2057.7;2057.7;5
20240227 234000;2057.8;2058;2057.8;2057.8;10
20240227 234100;2057.7;2057.7;2057.7;2057.7;7
20240227 234200;2057.9;2057.9;2057.9;2057.9;6
20240227 234300;2057.8;2057.8;2057.6;2057.7;4
20240227 234400;2057.6;2057.7;2057.6;2057.6;4
20240227 234500;2057.6;2057.8;2057.6;2057.8;8
20240227 234600;2057.6;2057.7;2057.5;2057.6;12
20240227 234700;2057.6;2057.6;2057.6;2057.6;2
20240227 234800;2057.5;2057.5;2057.4;2057.4;9
20240227 234900;2057.4;2057.4;2057;2057;30
20240227 235000;2057.1;2057.3;2057;2057.3;11
20240227 235100;2057.4;2057.6;2057.4;2057.6;4
20240227 235200;2057.7;2057.7;2057.7;2057.7;1
20240227 235300;2057.6;2057.6;2057.2;2057.2;6
20240227 235400;2057.1;2057.3;2057.1;2057.3;4
20240227 235500;2057.2;2057.2;2057;2057.1;7
20240227 235600;2057.2;2057.2;2057;2057.1;6
20240227 235700;2057;2057;2056.9;2056.9;4
20240227 235800;2056.9;2057.2;2056.9;2057.2;14
20240227 235900;2057.2;2057.2;2057.2;2057.2;2
20240228 000000;2057.2;2057.3;2057.1;2057.2;30
20240228 000100;2057.3;2057.5;2057.3;2057.4;10
20240228 000200;2057.2;2057.4;2057.1;2057.2;19
20240228 000300;2057.2;2057.6;2057.2;2057.3;20
20240228 000400;2057.2;2057.4;2057.1;2057.4;11
20240228 000500;2057.5;2057.6;2057.2;2057.2;21
20240228 000600;2057.3;2057.3;2057.2;2057.3;9
20240228 000700;2057.6;2057.6;2057.6;2057.6;5
20240228 000800;2057.4;2057.5;2057.4;2057.5;3
20240228 000900;2057.5;2057.5;2057.4;2057.4;8
20240228 001000;2057.3;2057.3;2057.3;2057.3;2
20240228 001100;2057.5;2057.6;2057.4;2057.4;13
20240228 001200;2057.4;2057.5;2057.4;2057.4;5
20240228 001300;2057.5;2057.5;2057.2;2057.4;8
20240228 001400;2057.3;2057.3;2057.3;2057.3;3
20240228 001500;2057.2;2057.4;2057.2;2057.4;15
20240228 001600;2057.5;2057.8;2057.5;2057.8;7
20240228 001700;2057.8;2057.8;2057.6;2057.6;11
20240228 001800;2057.6;2057.7;2057.6;2057.7;10
20240228 001900;2058;2058.1;2057.8;2058.1;13
20240228 002000;2058.2;2058.2;2057.9;2057.9;13
20240228 002100;2057.9;2057.9;2057.5;2057.5;6
20240228 002200;2057.5;2057.5;2057.3;2057.3;11
20240228 002300;2057.2;2057.2;2056.7;2056.9;27
20240228 002400;2057;2057.4;2056.9;2057.1;23
20240228 002500;2057.1;2057.2;2057.1;2057.2;7
20240228 002600;2057.2;2057.2;2057.2;2057.2;1
20240228 002700;2057.1;2057.3;2057.1;2057.3;15
20240228 002800;2057.3;2057.3;2057.3;2057.3;1
20240228 002900;2057.4;2057.6;2057.4;2057.4;3
20240228 003100;2057.3;2057.4;2057.2;2057.3;11
20240228 003200;2057.2;2057.5;2057;2057.5;18
20240228 003300;2057.5;2057.5;2057.4;2057.4;8
20240228 003400;2057.3;2057.3;2057.3;2057.3;3
20240228 003500;2057.2;2057.4;2057.2;2057.4;4
20240228 003600;2057.5;2057.5;2057.5;2057.5;1
20240228 003700;2057.6;2057.6;2057.6;2057.6;4
20240228 003800;2057.3;2057.3;2057.3;2057.3;1
20240228 003900;2057.2;2057.2;2057.2;2057.2;5
20240228 004000;2057.1;2057.2;2057.1;2057.2;7
20240228 004100;2057.2;2057.2;2057.2;2057.2;1
20240228 004200;2057.2;2057.3;2057.2;2057.2;4
20240228 004300;2057.4;2057.4;2057.4;2057.4;2
20240228 004400;2057.3;2057.3;2057.3;2057.3;2
20240228 004500;2057.5;2057.5;2057.4;2057.4;2
20240228 004600;2057.3;2057.3;2057.1;2057.2;30
20240228 004700;2057.2;2057.3;2057.2;2057.2;7
20240228 004800;2057.1;2057.1;2056.9;2056.9;9
20240228 004900;2057;2057.1;2057;2057.1;2
20240228 005000;2057.1;2057.2;2057.1;2057.2;31
20240228 005100;2057.3;2057.3;2056.7;2057;33
20240228 005200;2057;2057;2056.7;2056.8;13
20240228 005300;2056.8;2057;2056.7;2057;9
20240228 005400;2057;2057.2;2056.9;2057.2;14
20240228 005500;2057.1;2057.2;2056.9;2057.2;12
20240228 005600;2057.2;2057.2;2056.9;2057;16
20240228 005700;2057.2;2057.2;2057.1;2057.1;2
20240228 005800;2057.2;2057.3;2057.2;2057.3;3
20240228 005900;2057.1;2057.1;2056.9;2056.9;3
20240228 010000;2056.7;2056.7;2056.4;2056.5;15
20240228 010100;2056.5;2056.5;2055.6;2055.7;61
20240228 010200;2055.6;2056.2;2055.5;2056.1;32
20240228 010300;2055.9;2056.3;2055.7;2056.3;23
20240228 010400;2056.4;2056.4;2055.8;2055.8;8
20240228 010500;2056;2056.2;2056;2056;19
20240228 010600;2055.9;2056.5;2055.9;2056.5;28
20240228 010700;2056.6;2056.6;2056.4;2056.4;4
20240228 010800;2056.3;2056.4;2056.3;2056.4;2
20240228 010900;2056.3;2056.3;2056.1;2056.3;4
20240228 011000;2056.3;2056.3;2056.1;2056.1;8
20240228 011100;2056;2056.1;2056;2056.1;9
20240228 011200;2056.1;2056.2;2056;2056.2;6
20240228 011300;2056.3;2056.3;2056.1;2056.2;11
20240228 011400;2056.1;2056.1;2055.9;2056;8
20240228 011500;2056.2;2056.5;2056.2;2056.3;11
20240228 011600;2056.2;2056.7;2056.1;2056.7;27
20240228 011700;2056.6;2056.9;2056.5;2056.9;10
20240228 011800;2056.8;2057.5;2056.7;2057.2;34
20240228 011900;2057.2;2057.3;2057;2057.1;10
20240228 012000;2057.2;2057.4;2057.2;2057.4;8
20240228 012100;2057.5;2058;2057.5;2058;30
20240228 012200;2058;2058.2;2057.9;2057.9;22
20240228 012300;2057.9;2057.9;2057.7;2057.7;5
20240228 012400;2058;2058.2;2058;2058.2;6
20240228 012500;2058.3;2058.3;2058;2058.1;6
20240228 012600;2058.1;2058.4;2058.1;2058.4;25
20240228 012700;2058.3;2058.4;2058.3;2058.3;10
20240228 012800;2058.2;2058.2;2057.9;2058;15
20240228 012900;2057.9;2057.9;2057.9;2057.9;2
20240228 013000;2057.6;2057.7;2057.4;2057.4;10
20240228 013100;2057.7;2057.7;2057.4;2057.6;21
20240228 013200;2057.5;2057.7;2057.5;2057.5;6
20240228 013300;2057.6;2057.6;2057.6;2057.6;2
20240228 013400;2057.8;2057.8;2056.7;2056.8;22
20240228 013500;2056.8;2056.8;2056.3;2056.4;17
20240228 013600;2056.3;2057;2056.1;2057;45
20240228 013700;2057;2057.3;2056.9;2057.2;11
20240228 013800;2057.3;2057.3;2056.8;2056.8;7
20240228 013900;2057.1;2057.1;2056.9;2057;3
20240228 014000;2057.1;2057.1;2057;2057;8
20240228 014100;2057;2057;2056.5;2056.6;9
20240228 014200;2056.8;2057;2056.8;2057;3
20240228 014300;2057.2;2057.3;2057;2057.2;4
20240228 014400;2057.4;2058;2057.3;2057.7;24
20240228 014500;2058;2058.5;2058;2058.3;26
20240228 014600;2058.3;2058.4;2057.8;2058;16
20240228 014700;2058;2058;2057.9;2058;10
20240228 014900;2058.2;2058.2;2058.2;2058.2;2
20240228 015000;2058.1;2058.2;2057.6;2057.6;11
20240228 015100;2057.6;2057.6;2057.4;2057.4;2
20240228 015200;2057.8;2058;2057.7;2057.8;13
20240228 015300;2057.8;2057.9;2057.7;2057.7;7
20240228 015400;2058.1;2058.2;2058;2058;5
20240228 015500;2058.2;2058.2;2057.8;2057.8;12
20240228 015600;2057.6;2057.6;2057.5;2057.5;3
20240228 015700;2057.9;2057.9;2057.7;2057.8;8
20240228 015800;2057.9;2057.9;2057.7;2057.9;16
20240228 015900;2057.9;2057.9;2057.9;2057.9;2
20240228 020000;2057.8;2057.9;2057.6;2057.7;12
20240228 020100;2057.8;2057.8;2057.6;2057.6;14
20240228 020200;2057.6;2057.9;2057.4;2057.4;34
20240228 020300;2057.2;2057.2;2057.1;2057.2;4
20240228 020400;2057.2;2057.4;2056.8;2056.9;26
20240228 020500;2057.1;2057.2;2057;2057;3
20240228 020600;2057;2057.1;2057;2057.1;3
20240228 020700;2057.2;2057.2;2056.8;2057;8
20240228 020800;2057;2057;2056.8;2056.9;4
20240228 020900;2057;2057;2057;2057;1
20240228 021000;2057;2057;2056.9;2056.9;5
20240228 021100;2056.8;2056.8;2056.7;2056.7;3
20240228 021200;2056.9;2056.9;2056.6;2056.6;6
20240228 021300;2056.7;2056.7;2056.7;2056.7;1
20240228 021400;2057;2057.1;2056.9;2056.9;5
20240228 021600;2057.1;2057.1;2057.1;2057.1;3
20240228 021700;2056.9;2057;2056.9;2057;3
20240228 021800;2056.9;2056.9;2056.9;2056.9;1
20240228 021900;2057.2;2057.2;2057;2057.2;7
20240228 022000;2057.2;2057.2;2057;2057.1;3
20240228 022100;2057;2057;2057;2057;1
20240228 022200;2056.9;2057;2056.8;2057;5
20240228 022400;2057.5;2057.5;2057.4;2057.4;3
20240228 022500;2057.6;2057.6;2057.6;2057.6;1
20240228 022600;2057.4;2057.6;2057.4;2057.6;2
20240228 022700;2057.5;2057.5;2057.4;2057.4;4
20240228 022800;2057.7;2058.1;2057.7;2058.1;16
20240228 022900;2058;2058;2058;2058;1
20240228 023000;2058.1;2058.2;2057.7;2057.7;13
20240228 023100;2057.7;2057.7;2057.6;2057.6;2
20240228 023300;2057.5;2057.8;2057.5;2057.6;15
20240228 023700;2057.4;2057.4;2057.4;2057.4;1
20240228 023800;2057.4;2057.5;2057.4;2057.5;2
20240228 023900;2057.5;2057.5;2057.5;2057.5;2
20240228 024000;2057.6;2057.7;2057.5;2057.5;5
20240228 024100;2057.5;2057.5;2057.3;2057.3;5
20240228 024200;2057.4;2057.4;2057.2;2057.2;3
20240228 024300;2057.4;2057.4;2057.4;2057.4;1
20240228 024400;2057.2;2057.2;2057;2057.1;7
20240228 024500;2057.1;2057.1;2056.7;2056.7;8
20240228 024600;2056.7;2056.7;2056.7;2056.7;3
20240228 024700;2057;2057;2056.8;2056.8;3
20240228 024800;2056.8;2056.9;2056.8;2056.9;10
20240228 024900;2057;2057;2056.8;2056.9;5
20240228 025000;2057;2057.1;2057;2057.1;2
20240228 025100;2056.9;2057;2056.9;2056.9;5
20240228 025300;2056.9;2056.9;2056.7;2056.7;3
20240228 025400;2056.9;2057.1;2056.9;2057;6
20240228 025500;2057.2;2057.2;2056.9;2056.9;4
20240228 025700;2057;2057.2;2057;2057.2;3
20240228 025800;2057.2;2057.2;2057;2057;7
20240228 025900;2057;2057.3;2057;2057.3;13
20240228 030000;2057;2057.2;2057;2057.1;6
20240228 030100;2057.2;2057.2;2057;2057;2
20240228 030300;2057.2;2057.5;2057.1;2057.3;8
20240228 030400;2057.3;2057.3;2057.3;2057.3;1
20240228 030500;2057.1;2057.1;2056.9;2057.1;10
20240228 030600;2056.9;2056.9;2056.9;2056.9;4
20240228 030700;2057.1;2057.1;2057;2057;6
20240228 030800;2057.2;2057.2;2057.2;2057.2;1
20240228 030900;2057.2;2057.2;2057.2;2057.2;1
20240228 031000;2057;2057;2056.9;2056.9;4
20240228 031100;2057;2057;2057;2057;2
20240228 031200;2056.9;2057;2056.9;2056.9;8
20240228 031400;2057;2057;2057;2057;3
20240228 031500;2056.9;2056.9;2056.8;2056.9;4
20240228 031600;2056.8;2056.8;2056.6;2056.7;6
20240228 031700;2056.5;2056.6;2056.5;2056.5;15
20240228 031800;2056.3;2056.3;2056.1;2056.3;14
20240228 031900;2056.2;2056.4;2056.2;2056.3;7
20240228 032000;2056.3;2056.4;2056.2;2056.4;7
20240228 032100;2056.5;2056.5;2056.4;2056.5;6
20240228 032300;2056.8;2056.8;2056.8;2056.8;1
20240228 032500;2056.6;2056.8;2056.6;2056.8;6
20240228 032600;2056.7;2056.7;2056.7;2056.7;2
20240228 032700;2056.6;2056.8;2056.6;2056.7;3
20240228 032800;2056.8;2056.8;2056.7;2056.7;3
20240228 032900;2056.8;2057;2056.8;2056.9;3
20240228 033000;2056.9;2056.9;2056.7;2056.9;6
20240228 033100;2057.2;2057.2;2057.1;2057.1;5
20240228 033200;2057.2;2057.2;2057.2;2057.2;5
20240228 033300;2057.3;2057.3;2057.1;2057.1;6
20240228 033400;2057.2;2057.3;2057.1;2057.2;8
20240228 033500;2057.2;2057.2;2057.2;2057.2;3
20240228 033600;2057.2;2057.3;2057;2057.2;30
20240228 033800;2057.1;2057.1;2057;2057.1;7
20240228 033900;2057.2;2057.2;2057;2057.1;8
20240228 034000;2057.2;2057.2;2056.9;2057.1;12
20240228 034100;2057.1;2057.1;2057;2057.1;5
20240228 034200;2057.1;2057.1;2057.1;2057.1;2
20240228 034300;2057.3;2057.4;2057.2;2057.3;22
20240228 034400;2057.2;2057.2;2057.1;2057.1;9
20240228 034500;2057;2057;2057;2057;2
20240228 034600;2057.1;2057.1;2057;2057;8
20240228 034700;2057.1;2057.3;2056.9;2057.3;9
20240228 034800;2057.4;2057.8;2057.4;2057.7;18
20240228 034900;2057.8;2058.1;2057.7;2057.9;12
20240228 035000;2057.8;2057.9;2057.7;2057.7;5
20240228 035100;2057.7;2057.9;2057.6;2057.8;16
20240228 035200;2057.7;2057.9;2057.7;2057.8;11
20240228 035300;2057.8;2057.8;2057.5;2057.5;13
20240228 035400;2057.4;2057.5;2057.2;2057.4;22
20240228 035500;2057.3;2057.4;2057.2;2057.3;13
20240228 035600;2057.3;2057.4;2057.3;2057.4;2
20240228 035700;2057.5;2057.6;2057.4;2057.6;7
20240228 035800;2057.7;2058.2;2057.6;2058.1;12
20240228 035900;2058.2;2058.2;2058;2058.2;32
20240228 040000;2058.3;2058.3;2058.2;2058.2;3
20240228 040100;2058.1;2058.1;2057.9;2057.9;6
20240228 040200;2058;2058;2058;2058;1
20240228 040300;2057.9;2058;2057.7;2058;8
20240228 040400;2058;2058;2057.5;2057.5;11
20240228 040500;2057.5;2057.6;2057.5;2057.6;11
20240228 040600;2057.5;2057.5;2057.3;2057.3;22
20240228 040700;2057.5;2057.5;2057.3;2057.4;9
20240228 040800;2057.4;2057.4;2057.4;2057.4;2
20240228 040900;2057.3;2057.4;2057.2;2057.3;10
20240228 041000;2057.3;2057.3;2057.1;2057.2;12
20240228 041100;2057.1;2057.1;2057;2057;3
20240228 041200;2057.1;2057.1;2056.9;2056.9;12
20240228 041300;2056.9;2056.9;2056.8;2056.8;7
20240228 041400;2056.9;2056.9;2056.9;2056.9;2
20240228 041500;2056.8;2056.8;2056.7;2056.8;14
20240228 041600;2056.7;2056.8;2056.7;2056.7;9
20240228 041700;2056.7;2056.9;2056.7;2056.9;17
20240228 041800;2057;2057.3;2056.7;2056.8;26
20240228 041900;2056.7;2056.7;2056.5;2056.5;8
20240228 042000;2056.5;2056.6;2056.5;2056.6;3
20240228 042100;2056.6;2056.8;2056.6;2056.7;9
20240228 042200;2056.6;2056.8;2056.6;2056.8;5
20240228 042300;2056.7;2056.7;2056.5;2056.5;4
20240228 042400;2056.4;2056.4;2056.4;2056.4;1
20240228 042500;2056.4;2056.4;2056.3;2056.3;9
20240228 042600;2056.5;2056.6;2056.4;2056.6;10
20240228 042800;2056.4;2056.4;2056.4;2056.4;2
20240228 043000;2056.4;2056.5;2056.3;2056.5;9
20240228 043100;2056.5;2056.5;2056.5;2056.5;1
20240228 043200;2056.3;2056.4;2056.3;2056.4;3
20240228 043300;2056.3;2056.3;2056.2;2056.2;4
20240228 043400;2056.2;2056.3;2056.2;2056.3;5
20240228 043500;2056.2;2056.2;2056.2;2056.2;1
20240228 043600;2056.3;2056.4;2056.2;2056.4;8
20240228 043700;2056.2;2056.2;2056.2;2056.2;3
20240228 044000;2056.2;2056.3;2056.1;2056.3;7
20240228 044100;2056.2;2056.5;2056.1;2056.5;15
20240228 044200;2056.4;2056.4;2056.1;2056.1;15
20240228 044300;2056.1;2056.1;2055.9;2055.9;17
20240228 044400;2055.9;2055.9;2055.8;2055.8;4
20240228 044500;2055.8;2055.9;2055.4;2055.4;29
20240228 044600;2055.3;2056.1;2055.2;2056.1;39
20240228 044700;2056;2056.1;2055.9;2055.9;12
20240228 044800;2056.1;2056.1;2056.1;2056.1;1
20240228 044900;2056.1;2056.2;2056;2056;5
20240228 045000;2055.9;2055.9;2055.9;2055.9;1
20240228 045200;2056;2056.1;2056;2056;3
20240228 045300;2056.1;2056.1;2056.1;2056.1;1
20240228 045400;2056.4;2056.4;2056.1;2056.1;10
20240228 045500;2056.1;2056.3;2056.1;2056.3;4
20240228 045600;2056.1;2056.1;2055.9;2055.9;13
20240228 045700;2055.8;2055.8;2055.8;2055.8;2
20240228 045800;2055.9;2056.1;2055.8;2056.1;7
20240228 045900;2055.9;2055.9;2055.6;2055.7;18
20240228 050000;2055.7;2055.7;2055.5;2055.6;13
20240228 050100;2055.6;2055.9;2055.6;2055.9;4
20240228 050200;2055.7;2055.8;2055.7;2055.8;9
20240228 050300;2055.8;2055.8;2055.8;2055.8;4
20240228 050400;2055.6;2055.7;2055.6;2055.7;2
20240228 050500;2055.6;2055.7;2055.5;2055.7;8
20240228 050600;2055.7;2055.8;2055.7;2055.8;8
20240228 050700;2055.8;2055.9;2055.8;2055.9;2
20240228 050800;2056;2056.1;2055.9;2055.9;7
20240228 050900;2056;2056;2055.9;2055.9;4
20240228 051000;2056.1;2056.1;2056;2056;7
20240228 051100;2056;2056.2;2055.9;2056.1;12
20240228 051200;2056.4;2056.7;2056.4;2056.5;18
20240228 051300;2056.4;2056.5;2056.3;2056.3;12
20240228 051600;2056.4;2056.4;2056.4;2056.4;2
20240228 051700;2056.1;2056.1;2055.9;2056.1;4
20240228 051800;2055.9;2055.9;2055.9;2055.9;1
20240228 051900;2056.2;2056.2;2056.2;2056.2;1
20240228 052100;2056.2;2056.3;2056.2;2056.3;2
20240228 052300;2056.3;2056.3;2056;2056;2
20240228 052400;2056;2056.1;2055.6;2055.8;14
20240228 052600;2055.7;2055.7;2055.5;2055.5;4
20240228 052700;2055.7;2055.7;2055.4;2055.4;2
20240228 052800;2055.4;2055.5;2055.4;2055.4;3
20240228 052900;2055.4;2055.4;2055.1;2055.2;15
20240228 053000;2055.2;2055.3;2055.2;2055.3;5
20240228 053100;2055.3;2055.3;2055.2;2055.3;12
20240228 053200;2055.4;2055.4;2055.4;2055.4;2
20240228 053300;2055.4;2055.4;2055.4;2055.4;4
20240228 053400;2055.3;2055.3;2054.9;2054.9;14
20240228 053500;2055;2055.3;2055;2055.2;6
20240228 053600;2055.1;2055.2;2055.1;2055.1;11
20240228 053700;2055;2055;2054.8;2054.8;13
20240228 053800;2054.8;2054.8;2054.6;2054.7;18
20240228 053900;2054.7;2054.8;2054.7;2054.7;7
20240228 054000;2054.8;2055;2054.8;2055;5
20240228 054100;2055;2055.2;2055;2055.2;5
20240228 054200;2055.2;2055.2;2055;2055;35
20240228 054300;2054.9;2055;2054.9;2055;3
20240228 054400;2054.9;2054.9;2054.9;2054.9;3
20240228 054500;2055;2055.1;2055;2055.1;10
20240228 054600;2055.1;2055.3;2055.1;2055.1;7
20240228 054700;2055.1;2055.4;2055.1;2055.4;3
20240228 054800;2055.4;2055.5;2055.3;2055.3;12
20240228 054900;2055.3;2055.4;2055.3;2055.4;4
20240228 055000;2055.3;2055.3;2055.3;2055.3;1
20240228 055100;2055.2;2055.2;2055.2;2055.2;2
20240228 055200;2055.2;2055.3;2055.2;2055.2;4
20240228 055300;2055.4;2055.4;2055.4;2055.4;1
20240228 055400;2055.3;2055.3;2055.2;2055.2;2
20240228 055500;2055.3;2055.4;2055.3;2055.3;4
20240228 055600;2055.3;2055.4;2055.3;2055.4;8
20240228 055700;2055.5;2055.7;2055.5;2055.7;10
20240228 055800;2055.7;2055.8;2055.6;2055.7;9
20240228 060000;2055.7;2055.7;2055.6;2055.6;3
20240228 060100;2055.5;2055.7;2055.5;2055.6;20
20240228 060200;2055.5;2055.5;2055.4;2055.4;4
20240228 060300;2055.5;2055.7;2055.5;2055.7;8
20240228 060400;2055.7;2055.8;2055.6;2055.7;7
20240228 060500;2055.6;2055.7;2055.5;2055.7;5
20240228 060600;2055.7;2056.1;2055.7;2056.1;19
20240228 060700;2056.2;2056.2;2056;2056;28
20240228 060800;2055.9;2055.9;2055.8;2055.8;2
20240228 060900;2055.8;2055.9;2055.6;2055.6;19
20240228 061000;2055.6;2055.8;2055.3;2055.8;17
20240228 061100;2055.8;2055.8;2055.6;2055.8;10
20240228 061200;2055.9;2056;2055.7;2055.9;10
20240228 061300;2055.9;2056;2055.9;2056;2
20240228 061400;2056;2056.1;2055.9;2055.9;5
20240228 061500;2055.9;2055.9;2055.8;2055.9;4
20240228 061600;2055.7;2055.9;2055.7;2055.8;7
20240228 061700;2055.8;2055.8;2055.6;2055.7;8
20240228 061800;2055.7;2055.8;2055.5;2055.8;10
20240228 061900;2055.7;2055.7;2055.6;2055.6;3
20240228 062000;2055.6;2055.6;2055.5;2055.5;3
20240228 062100;2055.5;2055.5;2055.4;2055.4;4
20240228 062200;2055.3;2055.3;2055.2;2055.2;3
20240228 062300;2055.1;2055.1;2054.8;2054.8;16
20240228 062400;2054.8;2054.9;2054.8;2054.9;8
20240228 062500;2054.9;2055.2;2054.3;2055.1;30
20240228 062600;2055.1;2055.1;2055.1;2055.1;4
20240228 062700;2055.3;2055.3;2055.2;2055.2;5
20240228 062800;2055.1;2055.3;2055.1;2055.3;2
20240228 062900;2055.3;2055.4;2055.3;2055.4;4
20240228 063000;2055.4;2055.4;2055.3;2055.3;7
20240228 063100;2055.5;2055.6;2055.5;2055.5;5
20240228 063200;2055.7;2055.7;2055.5;2055.5;2
20240228 063300;2055.5;2055.5;2055.5;2055.5;3
20240228 063400;2055.5;2055.6;2055.5;2055.6;2
20240228 063500;2055.5;2055.5;2055.5;2055.5;1
20240228 063600;2055.5;2055.6;2055.5;2055.6;6
20240228 063700;2055.6;2055.6;2055.6;2055.6;5
20240228 063800;2055.6;2055.6;2055.6;2055.6;1
20240228 063900;2055.7;2055.7;2055.7;2055.7;1
20240228 064000;2055.6;2055.7;2055.5;2055.5;4
20240228 064100;2055.5;2055.6;2055.4;2055.6;6
20240228 064200;2055.6;2055.6;2055.6;2055.6;4
20240228 064300;2055.8;2055.8;2055.6;2055.6;6
20240228 064400;2055.6;2055.6;2055.4;2055.4;3
20240228 064500;2055.5;2055.5;2055.1;2055.3;13
20240228 064600;2055.3;2055.5;2055.3;2055.5;3
20240228 064800;2055.6;2055.6;2055.5;2055.5;3
20240228 064900;2055.4;2055.6;2055.4;2055.5;8
20240228 065000;2055.5;2055.5;2055.5;2055.5;2
20240228 065100;2055.5;2055.5;2055.5;2055.5;2
20240228 065200;2055.5;2055.5;2055.2;2055.2;11
20240228 065300;2055.3;2055.3;2055.2;2055.3;5
20240228 065400;2055.3;2055.3;2055.2;2055.2;8
20240228 065500;2055.3;2055.4;2055.3;2055.4;7
20240228 065600;2055.6;2055.6;2055.3;2055.4;15
20240228 065800;2055.5;2055.5;2055.4;2055.4;2
20240228 065900;2055.5;2055.5;2055.5;2055.5;1
20240228 070100;2055.4;2055.7;2055.4;2055.6;6
20240228 070200;2055.6;2056.1;2055.5;2055.6;36
20240228 070300;2055.7;2055.9;2055.7;2055.8;28
20240228 070400;2055.9;2056.6;2055.9;2056.6;40
20240228 070500;2056.8;2057.2;2056.7;2056.9;28
20240228 070600;2056.9;2056.9;2056.4;2056.4;7
20240228 070700;2056.3;2056.3;2056.1;2056.1;13
20240228 070800;2056.1;2056.4;2056.1;2056.4;9
20240228 070900;2056.2;2056.2;2056.2;2056.2;2
20240228 071000;2056.3;2056.3;2056.1;2056.3;7
20240228 071100;2056.3;2056.3;2056.1;2056.2;21
20240228 071200;2056.2;2056.2;2056.2;2056.2;4
20240228 071300;2056.1;2056.3;2056.1;2056.2;10
20240228 071400;2056.4;2056.4;2056;2056;40
20240228 071500;2055.8;2055.8;2055.6;2055.6;8
20240228 071600;2055.7;2056;2055.5;2055.9;14
20240228 071700;2056;2056.1;2056;2056;8
20240228 071800;2055.9;2055.9;2055.4;2055.6;13
20240228 071900;2055.5;2055.5;2055.2;2055.2;8
20240228 072000;2055.2;2055.2;2055.2;2055.2;2
20240228 072100;2055.2;2055.4;2055;2055;45
20240228 072200;2055.1;2055.1;2054.7;2054.7;11
20240228 072300;2054.5;2054.5;2054.3;2054.3;2
20240228 072400;2054.4;2055;2054.4;2055;19
20240228 072500;2054.8;2054.8;2054.6;2054.6;13
20240228 072600;2054.6;2054.8;2054.5;2054.7;31
20240228 072700;2054.8;2054.8;2054.7;2054.7;12
20240228 072800;2054.4;2054.4;2054.3;2054.4;7
20240228 072900;2054.4;2054.4;2053.7;2053.7;26
20240228 073000;2053.6;2053.7;2053.5;2053.6;15
20240228 073100;2053.6;2054.3;2053.6;2054.2;27
20240228 073200;2054.1;2054.7;2054.1;2054.7;20
20240228 073300;2054.7;2054.8;2054.6;2054.7;26
20240228 073400;2054.7;2054.7;2054.4;2054.7;22
20240228 073500;2054.6;2055.4;2054.6;2055.4;53
20240228 073600;2055.3;2055.4;2055.2;2055.4;28
20240228 073700;2055.4;2055.4;2055;2055.1;22
20240228 073800;2054.8;2054.8;2054.5;2054.5;14
20240228 073900;2054.4;2054.4;2053.8;2054.3;34
20240228 074000;2054.5;2054.6;2054.3;2054.6;27
20240228 074100;2054.4;2054.4;2054.2;2054.3;8
20240228 074200;2054.3;2054.3;2053.9;2054.1;13
20240228 074300;2054.2;2054.2;2053.8;2054;13
20240228 074400;2054.1;2054.3;2054.1;2054.1;16
20240228 074500;2054.4;2055;2054.4;2054.7;29
20240228 074600;2054.9;2055.1;2054.8;2055;14
20240228 074700;2054.9;2054.9;2054.7;2054.7;4
20240228 074800;2054.9;2055.2;2054.7;2055;11
20240228 074900;2055.1;2055.4;2055.1;2055.2;15
20240228 075000;2055;2055;2054.5;2055;29
20240228 075100;2055.2;2055.2;2055.2;2055.2;1
20240228 075200;2055.1;2055.6;2055.1;2055.6;9
20240228 075300;2055.6;2055.7;2055.6;2055.7;9
20240228 075400;2055.6;2055.6;2055.3;2055.3;5
20240228 075500;2055.2;2055.2;2055.2;2055.2;3
20240228 075600;2055.3;2055.7;2055.3;2055.7;5
20240228 075700;2055.8;2055.8;2055.8;2055.8;3
20240228 075800;2055.7;2056.6;2055.6;2056.5;61
20240228 075900;2056.3;2057;2056.2;2056.9;74
20240228 080000;2057;2057;2056.4;2056.4;48
20240228 080100;2056.4;2056.5;2055.5;2055.6;73
20240228 080200;2055.8;2056;2055.4;2055.7;26
20240228 080300;2055.8;2055.8;2055.6;2055.8;6
20240228 080400;2055.8;2056.6;2055.6;2056.6;28
20240228 080500;2056.4;2056.6;2056.3;2056.6;13
20240228 080600;2056.7;2057;2056.4;2056.5;29
20240228 080700;2056.8;2057;2056.2;2056.2;29
20240228 080800;2056.2;2057;2056.1;2056.4;73
20240228 080900;2056.6;2056.6;2056.1;2056.1;16
20240228 081000;2056;2056;2055.4;2055.6;19
20240228 081100;2055.6;2055.7;2055.3;2055.7;27
20240228 081200;2055.7;2055.7;2054.8;2054.8;14
20240228 081300;2054.7;2055;2054.1;2055;18
20240228 081400;2055;2055;2054.7;2055;10
20240228 081500;2055;2055.4;2055;2055.3;15
20240228 081600;2055.2;2056.1;2055.2;2056.1;26
20240228 081700;2056;2056.3;2055.9;2056;50
20240228 081800;2055.8;2055.8;2055.7;2055.7;29
20240228 081900;2055.6;2055.8;2055.1;2055.2;12
20240228 082000;2055.3;2055.5;2055.2;2055.5;9
20240228 082100;2055.4;2055.4;2054.3;2054.6;22
20240228 082200;2054.3;2054.4;2053.9;2054.1;18
20240228 082300;2053.9;2053.9;2053.4;2053.5;19
20240228 082400;2053.7;2054.3;2053.7;2053.7;73
20240228 082500;2053.7;2053.7;2053.3;2053.6;28
20240228 082600;2053.4;2053.9;2053.3;2053.7;23
20240228 082700;2053.9;2054.4;2053.9;2054.1;39
20240228 082800;2054;2054;2053.4;2053.6;25
20240228 082900;2054.1;2054.1;2053.6;2053.9;24
20240228 083000;2053.8;2053.8;2053.7;2053.8;6
20240228 083100;2053.8;2054.4;2053.7;2053.9;46
20240228 083200;2053.7;2053.9;2052.6;2052.7;94
20240228 083300;2052.6;2053.2;2052.6;2053.2;44
20240228 083400;2053.1;2053.4;2052.9;2053.1;50
20240228 083500;2053.3;2053.4;2052.9;2053.1;15
20240228 083600;2053.3;2053.6;2053.1;2053.5;44
20240228 083700;2053.6;2053.9;2053.3;2053.4;49
20240228 083800;2053.2;2053.5;2052.9;2053.1;66
20240228 083900;2053.2;2053.2;2052.8;2053.1;14
20240228 084000;2053;2053.3;2052.9;2052.9;17
20240228 084100;2052.9;2052.9;2052.5;2052.8;128
20240228 084200;2052.9;2053.4;2052.9;2053;24
20240228 084300;2052.9;2053.1;2052.8;2053;15
20240228 084400;2053;2053.3;2052.5;2053.3;96
20240228 084500;2053.3;2053.3;2052.8;2052.9;45
20240228 084600;2052.9;2053.2;2052.8;2053.1;29
20240228 084700;2053;2053.1;2052.7;2053;23
20240228 084800;2052.9;2052.9;2052.5;2052.6;65
20240228 084900;2052.7;2052.9;2052.6;2052.8;11
20240228 085000;2052.7;2052.8;2052.5;2052.8;75
20240228 085100;2052.9;2053.2;2052.6;2052.7;33
20240228 085200;2052.6;2052.7;2052.1;2052.2;136
20240228 085300;2052.1;2052.2;2051.2;2051.7;73
20240228 085400;2051.6;2051.9;2051;2051.4;62
20240228 085500;2051.4;2051.4;2050.5;2050.5;57
20240228 085600;2050.6;2051;2050.1;2050.3;56
20240228 085700;2050.2;2050.4;2049.1;2049.5;167
20240228 085800;2049.6;2049.7;2049.2;2049.4;44
20240228 085900;2049.3;2049.8;2049.2;2049.3;48
20240228 090000;2049.1;2049.4;2048.8;2049;70
20240228 090100;2049.1;2050.8;2048.8;2050.7;140
20240228 090200;2050.6;2051.4;2050.6;2051.1;37
20240228 090300;2051;2051.6;2051;2051.3;42
20240228 090400;2051.4;2051.4;2050;2050.1;34
20240228 090500;2050;2050.9;2049.9;2050.8;24
20240228 090600;2050.8;2051;2050.5;2050.5;72
20240228 090700;2050.7;2050.7;2049.5;2049.5;66
20240228 090800;2049.4;2050.1;2049.1;2050.1;50
20240228 090900;2050.1;2050.2;2050;2050.2;15
20240228 091000;2050.4;2050.6;2049.5;2049.9;81
20240228 091100;2050.2;2050.6;2050.2;2050.3;37
20240228 091200;2050.3;2051.2;2050.2;2051.1;41
20240228 091300;2051;2051.1;2050.6;2050.8;28
20240228 091400;2050.7;2050.7;2049.5;2049.5;173
20240228 091500;2049.6;2049.9;2049.6;2049.6;17
20240228 091600;2049.6;2050.6;2049.5;2050.3;46
20240228 091700;2049.8;2049.8;2049.2;2049.3;24
20240228 091800;2049.2;2050.4;2049.2;2050.2;11
20240228 091900;2050.2;2050.3;2049.9;2050.1;21
20240228 092000;2050.1;2050.3;2049.9;2050;24
20240228 092100;2049.9;2050.1;2049.9;2050.1;22
20240228 092200;2049.9;2050.3;2049.9;2050;12
20240228 092300;2049.9;2049.9;2049.6;2049.6;22
20240228 092400;2049.5;2049.5;2048.8;2049.1;32
20240228 092500;2049.3;2049.6;2049.3;2049.5;10
20240228 092600;2049.4;2049.9;2049.4;2049.7;16
20240228 092700;2049.6;2049.6;2048.8;2049;49
20240228 092800;2048.9;2049;2047.4;2047.5;72
20240228 092900;2047.5;2047.7;2047.2;2047.4;30
20240228 093000;2047.5;2047.6;2046.5;2047;59
20240228 093100;2047;2047.4;2046.2;2046.8;114
20240228 093200;2047.2;2047.7;2047.2;2047.6;15
20240228 093300;2047.5;2047.7;2046.2;2046.4;30
20240228 093400;2046.4;2046.4;2045.7;2046.4;40
20240228 093500;2046.4;2047;2046.3;2046.6;32
20240228 093600;2046.6;2046.6;2046.2;2046.5;42
20240228 093700;2046.7;2046.8;2046.4;2046.6;23
20240228 093800;2046.5;2046.7;2046.3;2046.5;32
20240228 093900;2046.6;2046.8;2046.3;2046.8;29
20240228 094000;2046.9;2047.2;2046.6;2046.6;43
20240228 094100;2046.7;2046.8;2045.9;2045.9;65
20240228 094200;2045.7;2045.8;2042.2;2042.4;442
20240228 094300;2042.5;2044;2042.5;2043.5;80
20240228 094400;2043.7;2044.3;2043.5;2044.2;156
20240228 094500;2044.3;2044.3;2043.1;2043.3;37
20240228 094600;2043.3;2043.3;2042;2042.7;106
20240228 094700;2042.6;2043.3;2042.4;2042.9;24
20240228 094800;2042.6;2043.7;2042.6;2042.6;99
20240228 094900;2042.5;2042.8;2042.1;2042.5;45
20240228 095000;2042.5;2042.9;2042.3;2042.9;32
20240228 095100;2042.8;2043.5;2042.7;2043.3;62
20240228 095200;2043.3;2043.6;2043.3;2043.5;26
20240228 095300;2043.6;2043.8;2043.1;2043.3;38
20240228 095400;2043.2;2043.3;2042.9;2043.3;22
20240228 095500;2043.2;2043.4;2042.9;2042.9;25
20240228 095600;2043;2044;2043;2044;66
20240228 095700;2043.8;2044.6;2043.7;2044.6;36
20240228 095800;2044.6;2044.7;2044.1;2044.7;28
20240228 095900;2044.5;2044.6;2044.3;2044.6;28
20240228 100000;2044.2;2044.2;2043;2043.4;63
20240228 100100;2043.2;2044.5;2043.1;2044.5;38
20240228 100200;2044.3;2044.3;2043.6;2044.1;21
20240228 100300;2044;2045.1;2044;2044.9;22
20240228 100400;2044.9;2045.6;2044.6;2045.3;34
20240228 100500;2045.2;2045.4;2044.4;2044.4;47
20240228 100600;2044.4;2044.9;2044.3;2044.6;18
20240228 100700;2044.6;2045.2;2044.6;2044.8;15
20240228 100800;2044.7;2045;2044.4;2044.7;23
20240228 100900;2044.7;2044.9;2044.7;2044.9;11
20240228 101000;2045;2045;2043.6;2043.8;60
20240228 101100;2043.6;2043.9;2042.9;2043.1;40
20240228 101200;2043.2;2044.2;2043.2;2044.1;38
20240228 101300;2044.3;2044.3;2043.6;2043.6;15
20240228 101400;2043.4;2043.4;2043;2043.1;38
20240228 101500;2042.9;2042.9;2042.2;2042.7;100
20240228 101600;2042.8;2043.5;2042.7;2043.4;27
20240228 101700;2043.5;2043.7;2043.3;2043.7;9
20240228 101800;2043.8;2044.1;2043.8;2044.1;12
20240228 101900;2043.9;2044;2042.4;2042.7;92
20240228 102000;2042.6;2043.2;2042.5;2042.9;26
20240228 102100;2043.1;2043.2;2042.6;2042.8;15
20240228 102200;2042.7;2043.9;2042.7;2043.7;46
20240228 102300;2043.6;2044.2;2043.6;2044;15
20240228 102400;2043.9;2044.9;2043.9;2044.8;31
20240228 102500;2044.9;2045;2044.5;2044.9;26
20240228 102600;2045.1;2045.1;2044.5;2045.1;33
20240228 102700;2044.9;2045.5;2044.8;2045.1;81
20240228 102800;2045;2045.5;2044.6;2045;72
20240228 102900;2045.2;2045.4;2044.6;2044.9;88
20240228 103000;2045.2;2045.4;2044.9;2045;33
20240228 103100;2044.8;2045.2;2044.7;2044.7;20
20240228 103200;2044.7;2044.8;2044.4;2044.5;23
20240228 103300;2044.6;2045.4;2044.6;2045.4;7
20240228 103400;2045.3;2046.1;2045.3;2045.7;36
20240228 103500;2045.7;2045.9;2045.3;2045.5;44
20240228 103600;2045.4;2046.3;2045.4;2046.3;48
20240228 103700;2046.3;2046.7;2046.2;2046.6;54
20240228 103800;2046.2;2047.2;2046.2;2046.4;73
20240228 103900;2046.2;2047.1;2046.2;2046.9;33
20240228 104000;2046.8;2047.1;2046.7;2046.9;26
20240228 104100;2047;2047.3;2046.7;2047.1;38
20240228 104200;2047;2047.2;2046.7;2047.1;43
20240228 104300;2047;2047.1;2046.5;2046.6;26
20240228 104400;2046.8;2046.9;2046.3;2046.3;15
20240228 104500;2046.6;2046.6;2046;2046.1;22
20240228 104600;2046.1;2046.2;2045.6;2046.1;42
20240228 104700;2046;2046.2;2045.6;2045.8;29
20240228 104800;2045.7;2045.7;2045.5;2045.5;19
20240228 104900;2045.4;2046.2;2045.4;2045.8;32
20240228 105000;2045.7;2046.2;2045.7;2046.1;12
20240228 105100;2046;2046;2045.1;2045.4;11
20240228 105200;2045.1;2045.5;2045.1;2045.5;32
20240228 105300;2045.6;2045.6;2045.3;2045.6;21
20240228 105400;2045.6;2045.7;2045.6;2045.6;7
20240228 105500;2045.5;2045.5;2044.9;2045.2;30
20240228 105600;2045.3;2045.4;2045.2;2045.2;13
20240228 105700;2045.2;2045.3;2045;2045.2;24
20240228 105800;2045.3;2045.5;2045;2045.2;29
20240228 105900;2045.3;2045.4;2045.3;2045.4;9
20240228 110000;2045.1;2045.2;2045;2045;5
20240228 110100;2044.8;2044.9;2044.6;2044.8;33
20240228 110200;2044.7;2044.8;2044.2;2044.2;52
20240228 110300;2044.2;2044.4;2044.1;2044.1;13
20240228 110400;2044;2044.3;2044;2044.3;25
20240228 110500;2044.2;2044.7;2044;2044.5;24
20240228 110600;2044.5;2045.7;2044.5;2045.5;61
20240228 110700;2045.4;2046;2045.3;2046;35
20240228 110800;2045.7;2045.9;2045.6;2045.6;6
20240228 110900;2045;2045.5;2045;2045.3;27
20240228 111000;2045.1;2045.1;2044.1;2044.1;25
20240228 111100;2044.2;2045;2044.2;2045;21
20240228 111200;2044.9;2045.2;2044.8;2045.1;11
20240228 111300;2045;2045.7;2044.9;2045.7;46
20240228 111400;2045.8;2046.1;2045.6;2046;46
20240228 111500;2045.7;2046.4;2045.7;2046.4;55
20240228 111600;2046.3;2046.6;2045.9;2046.5;42
20240228 111700;2046.5;2047.4;2046.4;2047.4;60
20240228 111800;2047.2;2047.2;2046.9;2046.9;12
20240228 111900;2046.8;2046.9;2046.2;2046.9;37
20240228 112000;2046.7;2046.7;2046.5;2046.6;8
20240228 112100;2046.6;2046.7;2046.6;2046.7;8
20240228 112200;2046.7;2047;2046.7;2047;7
20240228 112300;2046.9;2046.9;2046.6;2046.6;4
20240228 112400;2046.6;2046.6;2046.2;2046.3;5
20240228 112500;2046.3;2046.5;2046.3;2046.5;8
20240228 112600;2046.5;2047;2046.4;2046.8;33
20240228 112700;2046.7;2046.8;2046.7;2046.8;10
20240228 112800;2046.7;2046.8;2046.6;2046.7;6
20240228 112900;2046.8;2046.8;2045.9;2046;61
20240228 113000;2045.9;2045.9;2045.2;2045.4;30
20240228 113100;2045.3;2046.1;2045.3;2046.1;49
20240228 113200;2046;2047.7;2046;2047.4;117
20240228 113300;2047.5;2047.5;2046.8;2047.3;70
20240228 113400;2047.3;2047.4;2046.6;2046.6;23
20240228 113500;2046.7;2046.7;2046.4;2046.4;4
20240228 113600;2046.2;2046.7;2046.1;2046.6;12
20240228 113700;2046.7;2046.8;2046.6;2046.6;8
20240228 113800;2046.7;2046.9;2046.7;2046.9;16
20240228 113900;2046.7;2046.7;2046.3;2046.6;19
20240228 114000;2046.6;2046.8;2046.5;2046.8;5
20240228 114100;2047;2047.5;2047;2047.3;49
20240228 114200;2047.4;2047.4;2047.1;2047.1;31
20240228 114300;2047.2;2047.8;2047.2;2047.6;27
20240228 114400;2047.5;2047.7;2047.3;2047.5;17
20240228 114500;2047.5;2047.7;2046.8;2047;25
20240228 114600;2047.1;2047.1;2046.8;2047;28
20240228 114700;2046.9;2046.9;2046.6;2046.8;28
20240228 114800;2046.8;2047.1;2046.8;2047.1;33
20240228 114900;2047;2047.1;2046.5;2046.6;39
20240228 115000;2046.5;2046.9;2046;2046.8;83
20240228 115100;2046.7;2046.7;2045.2;2045.3;127
20240228 115200;2045.4;2045.4;2044.3;2044.3;84
20240228 115300;2044.4;2045.4;2044.4;2045.3;70
20240228 115400;2045.1;2045.5;2045;2045.2;24
20240228 115500;2045.3;2045.4;2044.9;2045;79
20240228 115600;2044.9;2045;2043.2;2043.2;127
20240228 115700;2043.2;2043.3;2042.9;2043;78
20240228 115800;2043;2043;2042.7;2042.9;31
20240228 115900;2042.8;2043;2042.4;2043;42
20240228 120000;2043.1;2043.1;2043;2043.1;17
20240228 120100;2043.2;2043.3;2042.4;2042.4;95
20240228 120200;2042.3;2043.3;2042.3;2043;77
20240228 120300;2042.8;2043.3;2042.8;2043.3;35
20240228 120400;2043.2;2044.6;2043.2;2044.6;65
20240228 120500;2044.5;2044.9;2044.5;2044.9;63
20240228 120600;2044.9;2045.3;2044.3;2045.2;47
20240228 120700;2045.1;2046;2044.8;2045.3;99
20240228 120800;2045.4;2045.4;2044.8;2045;74
20240228 120900;2044.7;2044.8;2044.2;2044.3;28
20240228 121000;2044.2;2044.3;2043.7;2043.7;27
20240228 121100;2043.8;2044;2043;2043.9;154
20240228 121200;2043.9;2044.1;2043.7;2043.9;27
20240228 121300;2043.7;2043.8;2043;2043;35
20240228 121400;2042.9;2043.3;2042.7;2042.8;95
20240228 121500;2042.6;2043.3;2042.4;2043.3;25
20240228 121600;2043.4;2043.5;2043.1;2043.2;43
20240228 121700;2043.2;2043.6;2042.9;2042.9;55
20240228 121800;2043;2043;2042;2042.2;93
20240228 121900;2042.2;2042.6;2042.2;2042.6;28
20240228 122000;2042.4;2042.7;2042.4;2042.7;15
20240228 122100;2042.6;2042.7;2042.5;2042.7;13
20240228 122200;2042.8;2043;2042.7;2042.8;38
20240228 122300;2042.7;2042.9;2042.7;2042.8;8
20240228 122400;2042.7;2044.1;2042.7;2043.8;54
20240228 122500;2044;2044.1;2043.8;2043.9;14
20240228 122600;2044;2044.7;2044;2044.6;36
20240228 122700;2044.6;2044.6;2043.6;2043.7;18
20240228 122800;2043.5;2044;2043.5;2044;21
20240228 122900;2043.5;2043.5;2043;2043.1;19
20240228 123000;2043.2;2043.6;2043.1;2043.4;31
20240228 123100;2043.5;2044.3;2043.3;2044.3;69
20240228 123200;2044.2;2044.5;2043.9;2044.2;51
20240228 123300;2044.3;2045.5;2044.3;2045.2;129
20240228 123400;2045.1;2045.3;2044.8;2045.1;32
20240228 123500;2045;2045;2044.4;2044.9;29
20240228 123600;2044.9;2045.3;2044.9;2045.1;33
20240228 123700;2045.1;2045.1;2044.4;2045;63
20240228 123800;2044.8;2045;2044.6;2045;39
20240228 123900;2044.9;2045.1;2044.9;2045.1;32
20240228 124000;2044.8;2044.9;2044.6;2044.6;23
20240228 124100;2044.5;2044.6;2043.8;2044.1;43
20240228 124200;2044;2044.1;2043.6;2044.1;25
20240228 124300;2044.1;2044.2;2044;2044.2;15
20240228 124400;2044;2044;2043.8;2044;18
20240228 124500;2044;2044;2043.6;2043.9;17
20240228 124600;2044;2044.4;2043.6;2044.4;48
20240228 124700;2044.5;2044.5;2044.1;2044.4;20
20240228 124800;2044.4;2044.4;2043.9;2044.1;28
20240228 124900;2044.1;2044.1;2043.7;2043.8;16
20240228 125000;2043.6;2043.8;2043.2;2043.8;30
20240228 125100;2043.7;2044;2043.3;2044;32
20240228 125200;2043.9;2043.9;2043.3;2043.4;29
20240228 125300;2043.1;2043.5;2043;2043.3;36
20240228 125400;2043.3;2043.4;2043.2;2043.2;11
20240228 125500;2043.1;2043.3;2042.5;2042.8;60
20240228 125600;2042.9;2043.2;2042.2;2043.1;65
20240228 125700;2043.2;2044.4;2043;2044.2;198
20240228 125800;2044.1;2044.2;2043.4;2043.7;24
20240228 125900;2043.6;2043.9;2043.6;2043.9;10
20240228 130000;2043.8;2043.9;2043.5;2043.8;10
20240228 130100;2043.6;2044.4;2043.1;2044.3;164
20240228 130200;2044.4;2045.5;2044.4;2045;106
20240228 130300;2045;2045.9;2045;2045.8;54
20240228 130400;2045.8;2046.4;2045.7;2046;95
20240228 130500;2045.9;2046;2045.1;2045.3;29
20240228 130600;2045.2;2045.4;2045;2045;29
20240228 130700;2045;2045.9;2045;2045.5;32
20240228 130800;2045.4;2046.5;2045.4;2046.5;19
20240228 130900;2046.4;2046.9;2046.2;2046.2;49
20240228 131000;2046.3;2046.7;2046.3;2046.5;29
20240228 131100;2046.5;2047.1;2046.4;2046.7;54
20240228 131200;2046.6;2047.1;2046.4;2047;140
20240228 131300;2047;2047;2046.2;2046.4;42
20240228 131400;2046.4;2047;2046;2047;132
20240228 131500;2047.1;2047.3;2046.9;2047.2;70
20240228 131600;2047.1;2047.5;2046.9;2047;85
20240228 131700;2047;2047.2;2046.6;2047.1;77
20240228 131800;2047;2048.5;2047;2048.3;160
20240228 131900;2048.2;2048.2;2047.5;2047.5;111
20240228 132000;2047.6;2047.6;2047.1;2047.2;66
20240228 132100;2047.2;2047.8;2047;2047.4;77
20240228 132200;2047.3;2048.1;2047.2;2047.9;97
20240228 132300;2047.8;2047.9;2047.5;2047.5;34
20240228 132400;2047.2;2047.5;2047.2;2047.3;66
20240228 132500;2047.3;2047.3;2046.5;2046.6;78
20240228 132600;2046.5;2047.3;2046.5;2047.2;63
20240228 132700;2047.3;2047.6;2046.6;2046.8;141
20240228 132800;2046.9;2047.8;2046.6;2047.1;219
20240228 132900;2046.8;2046.9;2046.3;2046.3;27
20240228 133000;2046.4;2046.5;2045.6;2046.3;87
20240228 133100;2046.3;2046.6;2044.2;2046;455
20240228 133200;2046.1;2047.4;2045.6;2047.2;289
20240228 133300;2047.3;2049.6;2047.3;2049.1;698
20240228 133400;2049;2049.8;2049;2049.4;206
20240228 133500;2049.4;2050.1;2048.8;2049.2;225
20240228 133600;2049.2;2050.3;2048.5;2048.9;135
20240228 133700;2049;2049.3;2048.1;2049;124
20240228 133800;2048.8;2049.1;2048.5;2048.7;38
20240228 133900;2048.6;2048.8;2048.3;2048.6;84
20240228 134000;2048.6;2048.6;2046.8;2046.8;167
20240228 134100;2046.7;2046.8;2045.5;2046;120
20240228 134200;2046.1;2046.5;2044.8;2045;121
20240228 134300;2045;2045.6;2044.1;2044.2;170
20240228 134400;2044.3;2045.6;2044.1;2045.5;155
20240228 134500;2045.4;2046.4;2045.4;2046.1;65
20240228 134600;2046.1;2047.9;2046.1;2047.6;120
20240228 134700;2047.6;2047.8;2047;2047.5;117
20240228 134800;2047.4;2047.5;2046.9;2047.5;54
20240228 134900;2047.6;2048.9;2047.3;2048.3;301
20240228 135000;2048.3;2048.4;2047.6;2047.6;44
20240228 135100;2047.5;2048.1;2047.5;2048.1;42
20240228 135200;2048;2048.3;2047.4;2047.7;46
20240228 135300;2047.5;2047.5;2046.8;2047;106
20240228 135400;2046.8;2046.9;2045.8;2046.3;121
20240228 135500;2046.3;2046.9;2046.3;2046.6;39
20240228 135600;2046.2;2046.5;2045.8;2045.9;51
20240228 135700;2045.9;2046.9;2045.8;2046.7;106
20240228 135800;2046.7;2047.6;2046.7;2047.6;35
20240228 135900;2047.4;2047.6;2047.2;2047.2;23
20240228 140000;2047.3;2048.3;2047.3;2048.1;57
20240228 140100;2048.2;2048.2;2047.1;2047.1;71
20240228 140200;2047;2047.7;2046.5;2047.4;105
20240228 140300;2047.4;2047.5;2046.9;2047.2;52
20240228 140400;2047;2048.1;2047;2047.9;66
20240228 140500;2048;2048;2047.5;2047.6;33
20240228 140600;2047.6;2048.1;2046.8;2047;114
20240228 140700;2046.9;2047;2044.8;2045.3;190
20240228 140800;2045.2;2046;2044.5;2044.5;73
20240228 140900;2044.5;2045.1;2044.4;2044.7;94
20240228 141000;2044.6;2045.4;2044;2045;120
20240228 141100;2044.8;2044.8;2043.8;2043.9;103
20240228 141200;2043.8;2044.2;2043.7;2044;88
20240228 141300;2044.2;2044.2;2043.6;2044;92
20240228 141400;2044;2045;2043.9;2044.6;134
20240228 141500;2044.5;2045.2;2044.1;2045.1;60
20240228 141600;2044.9;2045.3;2044.6;2045.3;127
20240228 141700;2045.2;2046.1;2045.2;2045.9;155
20240228 141800;2045.8;2045.9;2045.4;2045.4;113
20240228 141900;2045.3;2046;2045.2;2045.9;114
20240228 142000;2046;2046.2;2045.5;2045.7;59
20240228 142100;2045.8;2046.8;2045.7;2046.8;83
20240228 142200;2046.9;2047.3;2046.5;2046.5;101
20240228 142300;2046.4;2046.6;2046;2046.3;64
20240228 142400;2046.1;2046.2;2045.4;2045.7;64
20240228 142500;2045.8;2046.2;2045.6;2045.6;85
20240228 142600;2045.7;2045.9;2045;2045;60
20240228 142700;2045;2045.1;2044.4;2044.6;81
20240228 142800;2044.5;2044.5;2043.8;2044.3;109
20240228 142900;2044.1;2044.4;2043.9;2044;103
20240228 143000;2044;2044.5;2043.5;2043.7;450
20240228 143100;2043.9;2045.5;2038.2;2040.8;2979
20240228 143200;2041;2043.2;2040.4;2042.1;2290
20240228 143300;2042;2042.9;2039.4;2042.6;1303
20240228 143400;2042.6;2045;2040.4;2044.8;1036
20240228 143500;2044.9;2046.5;2044.1;2046.3;951
20240228 143600;2046.2;2048.3;2045.8;2048.1;937
20240228 143700;2048;2049;2046.4;2048.5;1590
20240228 143800;2048.5;2048.8;2046.4;2046.6;709
20240228 143900;2046.5;2047.3;2045;2045.2;1082
20240228 144000;2045.3;2046.9;2044.7;2046.2;690
20240228 144100;2046.4;2048.5;2045.7;2048.3;775
20240228 144200;2048.2;2050.8;2047.7;2050.7;857
20240228 144300;2050.6;2051.3;2050;2050.6;784
20240228 144400;2050.7;2051;2049.4;2049.7;497
20240228 144500;2049.8;2051.5;2049.4;2051.3;483
20240228 144600;2051.2;2052.2;2049.8;2050.4;578
20240228 144700;2050.5;2052.1;2050;2050.3;702
20240228 144800;2050;2050.6;2048.7;2049.3;625
20240228 144900;2049.4;2050.5;2048.7;2050.1;496
20240228 145000;2050.1;2051.2;2049.9;2050.5;306
20240228 145100;2050.6;2050.6;2049.1;2050.1;446
20240228 145200;2050.1;2051.1;2048.9;2050;520
20240228 145300;2049.9;2050.5;2049.1;2049.8;444
20240228 145400;2049.8;2049.8;2047.9;2048.6;692
20240228 145500;2048.6;2048.6;2046.4;2048;685
20240228 145600;2048;2049.4;2047.5;2048.2;367
20240228 145700;2048.3;2048.8;2045.8;2045.9;608
20240228 145800;2045.9;2049.8;2045.8;2049.5;491
20240228 145900;2049.6;2051.3;2048.8;2051.1;369
20240228 150000;2051;2051.6;2050.5;2050.6;442
20240228 150100;2050.9;2051.6;2048.6;2048.9;455
20240228 150200;2048.9;2051;2048.2;2049.8;349
20240228 150300;2049.7;2049.8;2047.7;2048.2;404
20240228 150400;2048.2;2049.8;2047.3;2049.3;470
20240228 150500;2049.3;2049.7;2047.7;2047.9;645
20240228 150600;2048;2049.6;2047.4;2049.5;363
20240228 150700;2049.5;2051.5;2049.3;2051.4;540
20240228 150800;2051.4;2053.4;2051.3;2053.4;839
20240228 150900;2053.3;2055.5;2053.1;2055.2;988
20240228 151000;2055.1;2056;2054.9;2055.7;725
20240228 151100;2055.6;2056.8;2055.2;2055.7;710
20240228 151200;2055.6;2056.5;2055.5;2056.4;413
20240228 151300;2056.5;2057.6;2056;2057.3;628
20240228 151400;2057.2;2057.3;2056;2057;430
20240228 151500;2057;2057.8;2055.7;2055.7;337
20240228 151600;2055.7;2056.3;2055;2055.3;417
20240228 151700;2055.2;2055.4;2054.7;2055.4;587
20240228 151800;2055.4;2055.4;2053.3;2054.5;599
20240228 151900;2054.4;2054.7;2052.8;2053.3;452
20240228 152000;2053.3;2054.1;2052.2;2052.3;388
20240228 152100;2052.2;2052.7;2051.3;2052.1;417
20240228 152200;2052.3;2053.7;2052;2053.2;339
20240228 152300;2053.1;2053.9;2052.8;2053.7;355
20240228 152400;2053.8;2054;2052.8;2053.5;251
20240228 152500;2053.6;2053.7;2052;2052.2;191
20240228 152600;2052.4;2053.6;2052.4;2053.4;273
20240228 152700;2053.5;2055;2053.5;2054.8;248
20240228 152800;2054.7;2055.1;2053.4;2053.6;342
20240228 152900;2053.5;2054.8;2052.7;2054.5;518
20240228 153000;2054.5;2055.1;2053.3;2053.5;508
20240228 153100;2053.5;2053.8;2052.2;2052.5;415
20240228 153200;2052.5;2054.9;2052.1;2054.8;357
20240228 153300;2054.9;2056;2054.8;2055.9;338
20240228 153400;2056.1;2056.9;2055.7;2056.9;210
20240228 153500;2056.9;2057;2056;2056.9;219
20240228 153600;2056.9;2058.5;2056.9;2057.4;665
20240228 153700;2057.5;2057.7;2055.8;2056.2;264
20240228 153800;2056.2;2056.7;2055.5;2056;176
20240228 153900;2056.1;2056.9;2055.3;2055.8;204
20240228 154000;2055.9;2056;2054.3;2054.5;370
20240228 154100;2054.6;2055;2053.7;2053.7;403
20240228 154200;2053.7;2054.5;2053.4;2054;282
20240228 154300;2053.9;2054.2;2053.3;2054.2;206
20240228 154400;2054;2055.3;2053.9;2055.1;178
20240228 154500;2055.1;2055.3;2054.1;2054.5;146
20240228 154600;2054.8;2055.4;2054.3;2054.7;176
20240228 154700;2054.7;2054.7;2052.3;2053;330
20240228 154800;2053;2055.2;2052.8;2054.9;808
20240228 154900;2054.8;2055.3;2054.4;2055.1;162
20240228 155000;2055.1;2055.5;2054.8;2055.3;140
20240228 155100;2055.3;2055.7;2054.6;2055.6;142
20240228 155200;2055.5;2056.1;2054.6;2055.9;294
20240228 155300;2055.9;2056.4;2055.6;2056.4;140
20240228 155400;2056.5;2057;2056.1;2056.2;271
20240228 155500;2056.3;2056.3;2054.8;2055.5;428
20240228 155600;2055.6;2055.6;2054.4;2055.2;201
20240228 155700;2055.2;2055.9;2054.3;2054.6;138
20240228 155800;2054.6;2054.8;2054;2054.3;127
20240228 155900;2054.4;2055.7;2054.4;2055.5;347
20240228 160000;2055.6;2055.6;2054.7;2055.2;183
20240228 160100;2055.1;2056.4;2055.1;2056.4;996
20240228 160200;2056.3;2057.4;2055.9;2056;511
20240228 160300;2056;2056.3;2054.7;2054.7;248
20240228 160400;2054.7;2055.1;2054.4;2054.6;103
20240228 160500;2054.6;2055.4;2054.3;2055.3;260
20240228 160600;2055.3;2056.2;2055.3;2055.9;208
20240228 160700;2055.9;2057.4;2055.9;2056.8;199
20240228 160800;2056.9;2056.9;2056.3;2056.4;216
20240228 160900;2056.5;2056.5;2054.8;2055;192
20240228 161000;2055;2055.3;2054;2054.1;509
20240228 161100;2054.1;2054.9;2053.2;2053.7;447
20240228 161200;2053.8;2054;2053;2053.3;295
20240228 161300;2053.2;2053.8;2052.6;2052.7;252
20240228 161400;2052.8;2052.8;2051.8;2052.8;347
20240228 161500;2052.6;2053.1;2052.3;2052.8;252
20240228 161600;2052.6;2053.3;2052.1;2052.7;199
20240228 161700;2052.7;2053.3;2052.3;2052.8;134
20240228 161800;2052.9;2052.9;2051.8;2052.2;189
20240228 161900;2052.2;2052.3;2051.9;2052;126
20240228 162000;2051.9;2051.9;2050.9;2051;402
20240228 162100;2051.1;2051.6;2050.5;2051.2;443
20240228 162200;2051.3;2052.2;2050.9;2052.2;133
20240228 162300;2052.2;2053;2051.9;2052.1;316
20240228 162400;2052.1;2052.1;2051.3;2051.3;104
20240228 162500;2051.1;2051.7;2050.9;2051.4;116
20240228 162600;2051.4;2051.6;2050.7;2050.8;154
20240228 162700;2050.8;2050.8;2049.9;2050.4;362
20240228 162800;2050.5;2051;2050.4;2050.7;234
20240228 162900;2050.8;2051.1;2050;2051;293
20240228 163000;2051;2053.3;2051;2053.2;305
20240228 163100;2053.3;2053.8;2052.3;2052.4;311
20240228 163200;2052.6;2052.7;2051.7;2051.8;126
20240228 163300;2051.9;2052.2;2051.1;2051.2;172
20240228 163400;2051.3;2052.1;2050.8;2052;144
20240228 163500;2052.1;2052.4;2051;2051;141
20240228 163600;2051.1;2051.9;2050.7;2051.7;193
20240228 163700;2051.6;2051.7;2051.1;2051.3;132
20240228 163800;2051;2052.2;2051;2051.6;197
20240228 163900;2051.4;2052.4;2051.3;2051.6;193
20240228 164000;2051.6;2052.2;2051.6;2052.2;146
20240228 164100;2052.3;2052.8;2051.9;2052.6;136
20240228 164200;2052.6;2053.6;2052.4;2053.3;110
20240228 164300;2053.5;2053.5;2052.4;2052.8;86
20240228 164400;2052.8;2053.1;2052;2052.3;203
20240228 164500;2052.4;2052.9;2052;2052.9;86
20240228 164600;2052.9;2053.7;2052.6;2053.7;136
20240228 164700;2053.8;2054;2053;2053.9;90
20240228 164800;2053.9;2054.2;2053.5;2053.6;132
20240228 164900;2053.5;2054.7;2053.4;2054.5;165
20240228 165000;2054.6;2054.7;2053.6;2053.7;136
20240228 165100;2053.8;2054.3;2053.6;2054.2;133
20240228 165200;2054.2;2055.6;2054.2;2055.5;152
20240228 165300;2055.5;2055.6;2054.9;2055;104
20240228 165400;2055.1;2055.5;2054.9;2055.3;72
20240228 165500;2055.5;2055.9;2055.2;2055.3;128
20240228 165600;2055.2;2055.4;2054.2;2054.6;175
20240228 165700;2054.7;2055.7;2054.7;2055.4;154
20240228 165800;2055.2;2055.7;2055;2055.4;116
20240228 165900;2055.4;2055.7;2054.6;2054.9;116
20240228 170000;2054.9;2055.6;2054.8;2055.6;314
20240228 170100;2055.7;2055.9;2054.3;2054.4;134
20240228 170200;2054.5;2055.6;2054.3;2055.5;121
20240228 170300;2055.6;2055.7;2055;2055.6;84
20240228 170400;2055.7;2056.9;2055.7;2056.8;203
20240228 170500;2056.7;2057.3;2056.7;2057.1;108
20240228 170600;2057.1;2057.1;2055.4;2055.7;188
20240228 170700;2055.8;2056;2055.1;2055.4;60
20240228 170800;2055.5;2055.5;2054.6;2054.7;137
20240228 170900;2054.7;2055.1;2054.2;2054.2;98
20240228 171000;2054.3;2054.5;2053.8;2054.4;118
20240228 171100;2054.4;2054.7;2054;2054.4;120
20240228 171200;2054.3;2055.5;2054.1;2055.5;115
20240228 171300;2055.5;2056.4;2055.4;2056.3;89
20240228 171400;2056.2;2056.2;2055.5;2055.5;90
20240228 171500;2055.4;2055.7;2055.2;2055.5;193
20240228 171600;2055.6;2055.8;2055;2055.7;78
20240228 171700;2055.7;2055.8;2055.1;2055.2;33
20240228 171800;2055.2;2055.5;2055;2055.1;79
20240228 171900;2055;2055.5;2054.5;2054.5;93
20240228 172000;2054.5;2054.8;2053.9;2054.1;151
20240228 172100;2054.1;2054.5;2053.4;2054.3;235
20240228 172200;2054.3;2054.5;2053.2;2053.2;87
20240228 172300;2053.2;2053.9;2053.2;2053.4;118
20240228 172400;2053.5;2053.5;2053;2053;59
20240228 172500;2053;2053.7;2052.7;2052.8;96
20240228 172600;2052.9;2052.9;2052.2;2052.4;164
20240228 172700;2052.5;2053.5;2052.5;2053.3;112
20240228 172800;2053.3;2053.6;2052.6;2052.7;143
20240228 172900;2052.6;2053.8;2052.6;2053.5;140
20240228 173000;2053.4;2053.8;2053;2053.2;138
20240228 173100;2053.2;2053.2;2052.2;2052.3;137
20240228 173200;2052.5;2052.5;2051.4;2051.7;120
20240228 173300;2051.8;2051.8;2050.5;2051.5;137
20240228 173400;2051.4;2051.5;2050;2050.9;199
20240228 173500;2050.8;2051.6;2050.7;2051.3;137
20240228 173600;2051.3;2051.8;2051;2051.2;80
20240228 173700;2051.4;2051.7;2050.8;2051.2;108
20240228 173800;2051.2;2051.5;2050.5;2050.5;94
20240228 173900;2050.5;2050.6;2049.1;2049.9;382
20240228 174000;2049.8;2050;2048.6;2048.8;320
20240228 174100;2048.8;2049.3;2048.1;2049;234
20240228 174200;2048.9;2049.8;2048.7;2048.9;136
20240228 174300;2049;2050.9;2048.8;2050.9;152
20240228 174400;2050.9;2051.7;2050.8;2051.7;145
20240228 174500;2051.6;2051.6;2051.3;2051.4;191
20240228 174600;2051.5;2051.5;2050.6;2050.6;179
20240228 174700;2050.7;2051.4;2050.4;2051.1;89
20240228 174800;2051.1;2052.1;2051;2052;105
20240228 174900;2051.9;2052.9;2051.9;2052.5;186
20240228 175000;2052.7;2053.1;2052.4;2052.6;88
20240228 175100;2052.6;2052.7;2052.1;2052.6;77
20240228 175200;2052.5;2052.6;2052;2052;67
20240228 175300;2051.9;2052.4;2051.3;2051.3;138
20240228 175400;2051.3;2052;2051.3;2052;69
20240228 175500;2052;2052.5;2051.9;2052.5;62
20240228 175600;2052.4;2053;2052.4;2052.8;87
20240228 175700;2052.8;2053.3;2052.7;2052.7;75
20240228 175800;2052.7;2052.7;2051.9;2052.2;74
20240228 175900;2052.3;2052.3;2051.5;2051.9;53
20240228 180000;2051.8;2051.8;2051.2;2051.5;53
20240228 180100;2051.3;2051.4;2049.9;2050.3;156
20240228 180200;2050.2;2050.9;2050.1;2050.9;55
20240228 180300;2051.1;2051.4;2050.6;2050.8;119
20240228 180400;2050.6;2050.9;2050.1;2050.6;66
20240228 180500;2050.5;2050.6;2049.9;2049.9;49
20240228 180600;2049.8;2049.8;2049;2049.2;299
20240228 180700;2049.1;2049.8;2048.5;2049.8;205
20240228 180800;2049.8;2049.8;2047.8;2048;254
20240228 180900;2048.1;2048.9;2047.9;2048.2;199
20240228 181000;2048.3;2049.3;2048.1;2049.3;98
20240228 181100;2049.3;2049.4;2048.3;2048.5;139
20240228 181200;2048.6;2048.8;2047.9;2048.7;160
20240228 181300;2048.8;2049.5;2048.8;2049.4;92
20240228 181400;2049.5;2050.4;2049.5;2050;252
20240228 181500;2050;2050.6;2049.8;2050.5;142
20240228 181600;2050.6;2050.8;2049.7;2050;152
20240228 181700;2050;2050.8;2049.8;2050.7;133
20240228 181800;2050.6;2051.8;2050.6;2051.6;178
20240228 181900;2051.7;2052.3;2051.2;2051.4;347
20240228 182000;2051.3;2051.8;2051;2051.2;115
20240228 182100;2051.1;2051.4;2051.1;2051.4;86
20240228 182200;2051.5;2051.8;2051;2051.1;145
20240228 182300;2051.3;2051.3;2050.6;2050.6;221
20240228 182400;2050.7;2050.9;2050.6;2050.6;83
20240228 182500;2050.8;2051.7;2050.7;2051.2;205
20240228 182600;2051.4;2051.6;2050.9;2051.4;101
20240228 182700;2051.4;2052.7;2051.4;2052.7;169
20240228 182800;2052.7;2053;2052.4;2052.4;158
20240228 182900;2052.4;2052.6;2052.1;2052.4;103
20240228 183000;2052.4;2053.2;2052.4;2053.2;109
20240228 183100;2053.3;2054;2052.7;2052.9;239
20240228 183200;2053;2054;2052.6;2053.9;142
20240228 183300;2053.8;2054;2053.4;2053.4;60
20240228 183400;2053.4;2053.6;2052.2;2052.3;165
20240228 183500;2052.4;2052.5;2052.1;2052.5;70
20240228 183600;2052.6;2052.7;2052.1;2052.2;98
20240228 183700;2052.2;2052.5;2051.8;2052.2;111
20240228 183800;2052;2052;2051.2;2051.7;89
20240228 183900;2051.7;2052.3;2051.4;2052.1;93
20240228 184000;2052;2052.2;2051.8;2052.2;15
20240228 184100;2052.3;2052.6;2051.6;2052;93
20240228 184200;2052.1;2052.2;2051.6;2051.9;46
20240228 184300;2051.9;2052.5;2051.8;2051.9;75
20240228 184400;2051.7;2052.3;2051.4;2052.2;85
20240228 184500;2052.1;2052.7;2052;2052.6;80
20240228 184600;2052.7;2053;2052.2;2052.6;82
20240228 184700;2052.8;2053.3;2052.8;2053.2;47
20240228 184800;2053;2053;2052.4;2052.5;69
20240228 184900;2052.5;2052.5;2051.6;2051.6;87
20240228 185000;2051.7;2052;2051.7;2051.9;60
20240228 185100;2051.8;2052.3;2051.5;2051.7;82
20240228 185200;2051.9;2051.9;2051.3;2051.4;43
20240228 185300;2051.2;2051.7;2051.1;2051.4;50
20240228 185400;2051.4;2051.6;2051.2;2051.6;64
20240228 185500;2051.7;2051.9;2051.5;2051.5;56
20240228 185600;2051.7;2052.1;2051.5;2052.1;95
20240228 185700;2052.1;2052.4;2051.9;2052.3;81
20240228 185800;2052.3;2052.7;2052.3;2052.5;71
20240228 185900;2052.5;2053;2052.4;2052.5;145
20240228 190000;2052.6;2053;2052.5;2053;52
20240228 190100;2053;2053.3;2052.5;2052.6;140
20240228 190200;2052.6;2053;2052.1;2052.4;212
20240228 190300;2052.4;2052.7;2052.4;2052.7;105
20240228 190400;2052.7;2053;2052.5;2052.6;90
20240228 190500;2052.5;2052.5;2051.1;2051.6;237
20240228 190600;2051.5;2051.5;2050.2;2050.4;227
20240228 190700;2050.5;2051.2;2049.8;2050.4;214
20240228 190800;2050.5;2050.5;2049.4;2049.7;274
20240228 190900;2049.7;2049.7;2049;2049;343
20240228 191000;2049.1;2050.2;2049.1;2049.4;228
20240228 191100;2049.5;2049.7;2048.3;2048.3;247
20240228 191200;2048.4;2048.4;2047.3;2047.6;484
20240228 191300;2047.6;2048.6;2047.5;2048.1;185
20240228 191400;2048.1;2048.1;2046.1;2046.8;292
20240228 191500;2047;2047;2045.8;2046.2;215
20240228 191600;2046.2;2046.3;2044.9;2045.2;407
20240228 191700;2045.2;2047.5;2045.1;2047.4;424
20240228 191800;2047.4;2049.2;2047.1;2049;581
20240228 191900;2049;2049.8;2048.8;2049.6;487
20240228 192000;2049.5;2049.9;2049;2049.1;198
20240228 192100;2049.1;2049.2;2048.5;2048.8;141
20240228 192200;2048.7;2049;2048.4;2048.8;202
20240228 192300;2048.8;2048.9;2048.4;2048.4;190
20240228 192400;2048.5;2049.4;2048.4;2049.2;174
20240228 192500;2049.1;2049.2;2048.4;2048.7;74
20240228 192600;2048.8;2049.1;2048.6;2048.8;65
20240228 192700;2048.9;2048.9;2047.6;2047.8;157
20240228 192800;2047.8;2048.2;2047.8;2048;58
20240228 192900;2048.2;2048.8;2048.2;2048.7;92
20240228 193000;2048.7;2048.7;2047.5;2047.8;206
20240228 193100;2047.7;2047.7;2046.3;2046.8;230
20240228 193200;2046.9;2047.6;2046.2;2047.4;118
20240228 193300;2047.3;2047.4;2046.4;2046.5;149
20240228 193400;2046.4;2047.3;2046.2;2046.5;94
20240228 193500;2046.5;2047.1;2046.3;2046.5;179
20240228 193600;2046.4;2046.4;2044.6;2044.8;390
20240228 193700;2044.8;2045.4;2044.1;2044.8;310
20240228 193800;2044.6;2045.4;2044.2;2044.7;216
20240228 193900;2044.9;2045.6;2044.3;2045.4;143
20240228 194000;2045.3;2045.5;2044.9;2045.1;81
20240228 194100;2045.1;2045.3;2044.4;2044.5;98
20240228 194200;2044.4;2044.9;2044.1;2044.4;166
20240228 194300;2044.4;2045;2044.1;2044.4;88
20240228 194400;2044.4;2045.3;2044;2045.3;156
20240228 194500;2045.3;2045.9;2045.1;2045.8;255
20240228 194600;2045.7;2045.7;2044.7;2045.3;169
20240228 194700;2045.1;2046.8;2045.1;2046.5;329
20240228 194800;2046.4;2046.4;2045.6;2046.1;103
20240228 194900;2046;2046.5;2045.6;2046.3;82
20240228 195000;2046.2;2046.7;2046;2046.2;95
20240228 195100;2046.4;2046.6;2045.8;2045.9;71
20240228 195200;2045.9;2046;2045;2045.3;153
20240228 195300;2045.3;2045.8;2045.1;2045.6;157
20240228 195400;2045.6;2045.8;2044.9;2045.8;77
20240228 195500;2045.9;2047.5;2045.9;2046.9;394
20240228 195600;2046.9;2047.5;2046.9;2047.3;441
20240228 195700;2047.3;2048.6;2047.2;2048.6;201
20240228 195800;2048.7;2048.7;2048.2;2048.3;174
20240228 195900;2048.4;2048.9;2048.3;2048.9;109
20240228 200000;2048.9;2048.9;2048.5;2048.8;113
20240228 200100;2049;2049.3;2048.7;2049;138
20240228 200200;2048.9;2049.6;2048.7;2049.4;137
20240228 200300;2049.4;2050;2049.2;2049.8;195
20240228 200400;2049.7;2050;2049.2;2049.4;125
20240228 200500;2049.5;2049.8;2049.3;2049.4;82
20240228 200600;2049.7;2049.7;2048.5;2048.8;171
20240228 200700;2048.9;2049.2;2048.7;2048.9;146
20240228 200800;2048.9;2049;2047.9;2048;162
20240228 200900;2048;2048.1;2046.8;2046.9;216
20240228 201000;2046.9;2047.9;2046.9;2047.8;147
20240228 201100;2047.8;2047.8;2046.6;2046.8;98
20240228 201200;2046.9;2047.3;2046.6;2047;243
20240228 201300;2046.9;2047.7;2046.9;2047.2;123
20240228 201400;2047.2;2047.3;2046.5;2046.5;92
20240228 201500;2046.5;2046.5;2045.9;2045.9;184
20240228 201600;2046;2046.5;2045.6;2046.3;232
20240228 201700;2046.3;2046.9;2046;2046;147
20240228 201800;2045.9;2046.2;2045.6;2045.7;128
20240228 201900;2045.8;2046.9;2045.8;2046.7;135
20240228 202000;2046.6;2046.8;2046.4;2046.7;132
20240228 202100;2046.8;2047.3;2046.3;2046.4;147
20240228 202200;2046.5;2046.5;2045.6;2045.8;161
20240228 202300;2045.8;2046.7;2045.7;2046.3;297
20240228 202400;2046.4;2046.9;2046;2046.8;186
20240228 202500;2046.8;2046.8;2045.8;2045.9;97
20240228 202600;2045.9;2046.1;2045.4;2046;115
20240228 202700;2045.9;2045.9;2045.3;2045.4;97
20240228 202800;2045.5;2046.2;2045.2;2046.1;137
20240228 202900;2046.1;2046.6;2046;2046.4;109
20240228 203000;2046.3;2047.2;2045.8;2046.8;634
20240228 203100;2046.9;2047;2045.7;2046.1;152
20240228 203200;2046.1;2046.6;2046;2046.3;120
20240228 203300;2046.2;2046.7;2045.7;2046.6;169
20240228 203400;2046.3;2046.9;2046.3;2046.9;90
20240228 203500;2047;2047;2046.7;2046.9;75
20240228 203600;2047;2047.1;2046.2;2046.6;167
20240228 203700;2046.7;2046.7;2046.3;2046.3;78
20240228 203800;2046.3;2046.3;2045.6;2045.8;116
20240228 203900;2045.8;2046.4;2045.7;2046.3;199
20240228 204000;2046.2;2046.4;2046.1;2046.2;43
20240228 204100;2046.1;2047.1;2046.1;2047.1;150
20240228 204200;2047.1;2047.5;2046.8;2046.8;202
20240228 204300;2046.8;2047.1;2045.6;2045.7;207
20240228 204400;2045.7;2045.8;2045;2045.5;359
20240228 204500;2045.5;2045.5;2044.3;2044.7;289
20240228 204600;2044.9;2045.2;2043.8;2043.9;231
20240228 204700;2044;2044.7;2043.2;2043.2;327
20240228 204800;2043.4;2044.1;2043.2;2043.9;318
20240228 204900;2043.8;2044.5;2043.4;2044.3;248
20240228 205000;2044.3;2044.6;2043.7;2044.6;100
20240228 205100;2044.6;2045.2;2042.7;2042.7;447
20240228 205200;2042.7;2043.2;2041;2041.1;693
20240228 205300;2041.1;2041.6;2040.5;2041.3;571
20240228 205400;2041.3;2042.5;2041;2041.5;326
20240228 205500;2041.6;2042.2;2041.1;2042.1;375
20240228 205600;2042.2;2042.9;2041.8;2042.8;786
20240228 205700;2042.7;2043.1;2042.2;2042.8;478
20240228 205800;2042.8;2043.4;2042.7;2042.8;450
20240228 205900;2042.8;2043.6;2042.8;2043.6;1513
20240228 210000;2043.6;2044.1;2042.6;2043.7;7537
20240228 210100;2043.8;2044.1;2043;2043.1;2257
20240228 210200;2043;2043.2;2042.1;2042.4;831
20240228 210300;2042.3;2042.4;2040.1;2040.2;646
20240228 210400;2040.1;2040.3;2039.3;2039.9;391
20240228 210500;2040;2040.6;2039.7;2040.5;250
20240228 210600;2040.5;2041.1;2040.3;2040.7;451
20240228 210700;2040.6;2041;2040.2;2040.6;220
20240228 210800;2040.6;2040.8;2040.3;2040.5;253
20240228 210900;2040.6;2041;2040.6;2040.9;192
20240228 211000;2040.9;2041.1;2040.7;2041.1;180
20240228 211100;2041.1;2041.4;2040.9;2041;358
20240228 211200;2041;2041.3;2040.7;2040.7;220
20240228 211300;2040.6;2040.9;2040.3;2040.7;213
20240228 211400;2040.8;2041.3;2040.8;2040.9;241
20240228 211500;2041;2041.2;2040.9;2041;130
20240228 211600;2041;2041.8;2041;2041.6;257
20240228 211700;2041.6;2041.6;2040.9;2040.9;107
20240228 211800;2040.9;2041.2;2040.7;2040.9;206
20240228 211900;2041;2041.3;2040.8;2041.2;84
20240228 212000;2041.1;2041.1;2040.8;2041.1;28
20240228 212100;2041;2041.4;2041;2041.2;75
20240228 212200;2041.1;2041.1;2040.7;2040.7;105
20240228 212300;2040.8;2041.4;2040.8;2041.3;81
20240228 212400;2041.3;2041.4;2041.3;2041.4;22
20240228 212500;2041.3;2041.8;2041.3;2041.4;71
20240228 212600;2041.5;2041.7;2041.4;2041.6;61
20240228 212700;2041.6;2041.8;2041.5;2041.8;51
20240228 212800;2041.7;2041.7;2041.4;2041.4;34
20240228 212900;2041.5;2041.5;2041.2;2041.3;42
20240228 213000;2041.2;2041.4;2041.1;2041.4;28
20240228 213100;2041.3;2041.3;2040.9;2041.3;72
20240228 213200;2041.3;2041.6;2041.1;2041.5;51
20240228 213300;2041.5;2041.6;2041.2;2041.2;34
20240228 213400;2041.2;2041.2;2041.1;2041.2;19
20240228 213500;2041.2;2041.2;2041.2;2041.2;4
20240228 213600;2041.2;2041.3;2040.8;2040.8;79
20240228 213700;2040.8;2040.8;2040.5;2040.5;43
20240228 213800;2040.4;2040.4;2040.3;2040.3;26
20240228 213900;2040.4;2040.6;2040.3;2040.3;78
20240228 214000;2040.3;2040.3;2040.1;2040.2;24
20240228 214100;2040.1;2040.3;2040.1;2040.3;26
20240228 214200;2040.2;2040.4;2040.2;2040.3;19
20240228 214300;2040.2;2040.2;2040;2040;33
20240228 214400;2039.8;2040;2039.8;2039.9;15
20240228 214500;2040;2040.1;2039.8;2039.8;22
20240228 214600;2039.9;2040.1;2039.4;2039.4;37
20240228 214700;2039.4;2039.6;2039.4;2039.5;53
20240228 214800;2039.6;2039.7;2039.5;2039.6;24
20240228 214900;2039.6;2039.7;2039.5;2039.6;12
20240228 215000;2039.5;2039.9;2039.5;2039.9;117
20240228 215100;2039.9;2040;2039.8;2039.9;44
20240228 215200;2039.9;2040.2;2039.8;2040.2;19
20240228 215300;2040.1;2040.1;2040;2040;35
20240228 215400;2040;2040;2039.9;2039.9;23
20240228 215500;2040.1;2040.8;2040;2040.7;36
20240228 215600;2041;2041.6;2041;2041.3;161
20240228 215700;2041.4;2041.6;2041.4;2041.5;35
20240228 215800;2041.5;2041.5;2041.2;2041.4;38
20240228 215900;2041.4;2041.5;2041.2;2041.2;35
20240228 220000;2041.1;2041.5;2041.1;2041.5;31
20240228 230100;2041;2041.7;2040.4;2041.5;88
20240228 230200;2041.5;2041.8;2040.9;2041.6;68
20240228 230300;2041.6;2042.3;2041.6;2042.3;30
20240228 230400;2042.4;2042.6;2041.8;2041.8;95
20240228 230500;2041.7;2042.1;2041.5;2041.6;15
20240228 230600;2041.8;2042.4;2041.8;2042.4;14
20240228 230700;2042.5;2042.5;2041.8;2041.8;11
20240228 230800;2041.9;2042.3;2041.9;2042.3;2
20240228 230900;2042.4;2042.4;2042.3;2042.3;8
20240228 231000;2042.3;2042.5;2042.3;2042.4;10
20240228 231100;2042.4;2042.5;2041.8;2041.8;14
20240228 231200;2041.9;2042;2041.7;2041.9;27
20240228 231300;2041.8;2041.9;2041.7;2041.8;48
20240228 231400;2041.9;2041.9;2041.6;2041.6;35
20240228 231500;2041.7;2041.7;2041.5;2041.5;8
20240228 231600;2041.6;2041.8;2041.6;2041.8;7
20240228 231700;2041.9;2041.9;2041.6;2041.6;7
20240228 231800;2041.7;2041.7;2041.5;2041.5;6
20240228 231900;2041.5;2041.6;2041.3;2041.5;12
20240228 232000;2041.4;2041.5;2041.1;2041.1;38
20240228 232100;2041.4;2041.4;2041.1;2041.1;4
20240228 232200;2041.2;2041.2;2040.7;2040.7;26
20240228 232300;2040.8;2040.9;2040.4;2040.4;24
20240228 232400;2040.4;2040.5;2040.4;2040.5;17
20240228 232500;2040.5;2041;2040.5;2040.8;31
20240228 232600;2040.8;2041;2040.8;2040.9;5
20240228 232700;2040.8;2040.8;2040.5;2040.8;49
20240228 232800;2040.9;2041.1;2040.6;2040.6;10
20240228 232900;2040.7;2040.7;2040.7;2040.7;5
20240228 233000;2040.8;2041.1;2040.8;2040.8;26
20240228 233100;2040.8;2041.2;2040.8;2040.9;20
20240228 233200;2040.9;2041.2;2040.8;2041.2;11
20240228 233300;2041;2041;2040.9;2041;9
20240228 233400;2040.9;2040.9;2040.9;2040.9;6
20240228 233500;2041;2041;2040.5;2040.6;17
20240228 233600;2040.7;2040.7;2040.5;2040.5;7
20240228 233700;2040.5;2040.5;2040.4;2040.4;3
20240228 233800;2040.2;2040.6;2040.2;2040.5;8
20240228 233900;2040.3;2040.3;2040.1;2040.1;3
20240228 234000;2040.1;2040.5;2040.1;2040.4;9
20240228 234100;2040.4;2040.5;2040.2;2040.5;5
20240228 234200;2040.6;2040.7;2040.4;2040.4;6
20240228 234300;2040.4;2040.7;2040.4;2040.7;3
20240228 234400;2040.7;2040.9;2040.7;2040.9;5
20240228 234500;2040.7;2040.8;2040.5;2040.6;6
20240228 234600;2040.5;2040.5;2040.2;2040.3;10
20240228 234700;2040.2;2040.3;2040.1;2040.3;8
20240228 234800;2040.3;2040.4;2040.3;2040.4;11
20240228 234900;2040.4;2040.4;2040.4;2040.4;2
20240228 235000;2040.5;2040.5;2040.3;2040.3;5
20240228 235100;2040.4;2040.4;2040.1;2040.4;12
20240228 235200;2040.2;2040.2;2040;2040;7
20240228 235300;2040;2040.1;2040;2040.1;4
20240228 235400;2039.8;2039.8;2039.5;2039.6;18
20240228 235500;2039.6;2039.6;2039.3;2039.3;8
20240228 235600;2039.2;2039.5;2039.2;2039.5;14
20240228 235700;2039.5;2039.5;2039.4;2039.5;15
20240228 235800;2039.5;2039.7;2039.5;2039.7;3
20240228 235900;2039.5;2039.7;2039.5;2039.6;34
20240229 000000;2039.4;2039.4;2039.4;2039.4;1
20240229 000100;2039.3;2040;2039.2;2040;31
20240229 000200;2039.9;2039.9;2039.5;2039.5;13
20240229 000300;2039.5;2039.7;2039.4;2039.5;14
20240229 000400;2039.5;2039.6;2039.3;2039.6;29
20240229 000500;2039.5;2039.7;2039.5;2039.7;15
20240229 000600;2039.6;2040;2039.6;2039.9;16
20240229 000700;2039.8;2040.4;2039.8;2040.3;16
20240229 000800;2040.5;2040.7;2040.3;2040.3;14
20240229 000900;2040.4;2040.6;2040.3;2040.3;7
20240229 001000;2040.4;2040.4;2040.4;2040.4;1
20240229 001100;2040.2;2040.4;2040.2;2040.4;5
20240229 001200;2040.4;2040.6;2040.4;2040.4;5
20240229 001300;2040.5;2040.5;2040.4;2040.4;3
20240229 001400;2040.5;2040.6;2040.5;2040.6;4
20240229 001500;2040.7;2040.7;2040.6;2040.7;4
20240229 001600;2040.6;2040.6;2040.6;2040.6;2
20240229 001700;2040.4;2040.4;2040.3;2040.4;10
20240229 001800;2040.4;2040.5;2040.4;2040.4;3
20240229 001900;2040.6;2040.6;2040.5;2040.5;2
20240229 002000;2040.6;2040.7;2040.6;2040.6;22
20240229 002100;2040.6;2040.8;2040.6;2040.7;5
20240229 002200;2040.7;2040.8;2040.7;2040.7;8
20240229 002300;2040.8;2041.3;2040.7;2041.2;18
20240229 002400;2041.3;2041.4;2041;2041.1;8
20240229 002500;2041.1;2041.1;2040.8;2041;11
20240229 002600;2041.1;2041.3;2041.1;2041.2;14
20240229 002700;2041.2;2041.3;2041.1;2041.1;5
20240229 002800;2041;2041;2040.9;2040.9;2
20240229 002900;2041.1;2041.3;2040.9;2040.9;14
20240229 003000;2041;2041.2;2041;2041.2;8
20240229 003100;2041.1;2041.3;2041.1;2041.2;10
20240229 003200;2041.2;2041.4;2041.1;2041.1;11
20240229 003300;2041.1;2041.2;2040.9;2041.2;13
20240229 003400;2041.1;2041.1;2041;2041;3
20240229 003500;2041.2;2041.5;2041.1;2041.1;24
20240229 003600;2041.2;2041.6;2041.1;2041.6;14
20240229 003700;2041.6;2041.7;2041.4;2041.4;36
20240229 003800;2041.5;2041.5;2041.2;2041.3;4
20240229 003900;2041.3;2041.7;2041.3;2041.6;16
20240229 004000;2041.5;2041.5;2041.5;2041.5;2
20240229 004100;2041.4;2041.5;2041.4;2041.4;5
20240229 004200;2041.5;2041.7;2041.5;2041.5;12
20240229 004300;2041.5;2041.6;2041.5;2041.6;23
20240229 004400;2041.7;2042.2;2041.7;2041.9;26
20240229 004500;2041.9;2042.5;2041.9;2042.5;47
20240229 004600;2042.4;2042.6;2042.1;2042.1;19
20240229 004700;2042.3;2042.4;2042;2042;14
20240229 004800;2042.1;2042.6;2042.1;2042.6;17
20240229 004900;2042.6;2042.8;2042.6;2042.8;19
20240229 005000;2042.6;2042.8;2042.4;2042.8;21
20240229 005100;2042.7;2042.7;2042.6;2042.6;7
20240229 005200;2042.8;2043.5;2042.7;2043.4;65
20240229 005300;2043.1;2043.1;2042.6;2042.8;13
20240229 005400;2042.6;2043.1;2042.6;2043;15
20240229 005500;2043;2043;2042.7;2043;16
20240229 005600;2042.9;2043.1;2042.8;2042.9;15
20240229 005700;2042.9;2043;2042.7;2042.7;15
20240229 005800;2042.9;2043;2042.9;2043;3
20240229 005900;2043.1;2043.6;2043;2043.2;56
20240229 010000;2043;2043.4;2043;2043.4;15
20240229 010100;2043;2043.4;2042.9;2043.4;13
20240229 010200;2043.2;2043.4;2043;2043.3;28
20240229 010300;2043.3;2043.5;2043.3;2043.3;11
20240229 010400;2043.4;2043.8;2043.4;2043.6;16
20240229 010500;2043.7;2043.9;2043.6;2043.6;18
20240229 010600;2043.6;2044.2;2043.5;2044.1;76
20240229 010700;2044;2044;2043.6;2043.6;5
20240229 010800;2043.7;2043.7;2043.6;2043.6;3
20240229 010900;2043.7;2044.1;2043.7;2044.1;15
20240229 011000;2043.9;2044;2043.9;2044;6
20240229 011100;2044.1;2044.1;2044;2044;12
20240229 011200;2044.1;2044.4;2044.1;2044.4;24
20240229 011300;2044.2;2044.3;2044.1;2044.3;9
20240229 011400;2043.9;2044;2043.8;2044;15
20240229 011500;2043.8;2043.9;2043.8;2043.9;7
20240229 011600;2043.9;2044.2;2043.9;2044;24
20240229 011700;2044.2;2044.7;2044.2;2044.7;7
20240229 011800;2044.5;2044.9;2044.5;2044.6;18
20240229 011900;2044.5;2044.5;2044.5;2044.5;3
20240229 012000;2044.7;2045;2044.7;2045;28
20240229 012100;2044.8;2045.2;2044.8;2044.9;30
20240229 012200;2044.9;2044.9;2044.6;2044.7;13
20240229 012300;2044.9;2045;2044.8;2044.8;12
20240229 012400;2044.8;2044.9;2044.4;2044.4;14
20240229 012500;2044.4;2044.6;2044.4;2044.6;5
20240229 012600;2044.4;2044.8;2044.4;2044.6;14
20240229 012700;2044.6;2044.9;2044.6;2044.9;34
20240229 012800;2044.8;2045;2044.8;2045;15
20240229 012900;2045.2;2045.2;2045;2045;8
20240229 013000;2045;2045.2;2044.9;2045.2;13
20240229 013100;2045.2;2045.6;2045.2;2045.3;33
20240229 013200;2045;2045.3;2045;2045.1;26
20240229 013300;2045;2045;2044.7;2044.7;15
20240229 013400;2044.7;2045;2044.7;2045;12
20240229 013500;2044.8;2045.2;2044.8;2045.2;17
20240229 013600;2045;2045.6;2045;2045.5;11
20240229 013700;2045.5;2045.6;2045.3;2045.3;14
20240229 013800;2045.4;2045.7;2045.4;2045.7;28
20240229 013900;2045.7;2045.8;2045.5;2045.6;17
20240229 014000;2045.4;2045.7;2045.4;2045.7;16
20240229 014100;2045.7;2046;2045.6;2045.9;45
20240229 014200;2045.9;2045.9;2045.5;2045.5;13
20240229 014300;2045.4;2045.9;2045.4;2045.8;29
20240229 014400;2045.9;2046;2045.7;2045.8;27
20240229 014500;2045.7;2045.9;2045.5;2045.5;35
20240229 014600;2045.5;2045.6;2045.5;2045.6;11
20240229 014700;2045.7;2045.8;2045.4;2045.8;22
20240229 014800;2045.8;2045.8;2045.4;2045.7;11
20240229 014900;2045.7;2045.7;2045.4;2045.4;8
20240229 015000;2045.3;2045.4;2045.2;2045.2;4
20240229 015100;2045.2;2045.2;2044.7;2045.1;30
20240229 015200;2045.1;2045.2;2044.9;2044.9;12
20240229 015300;2045;2045;2044.7;2044.8;7
20240229 015400;2044.7;2045.1;2044.6;2045;20
20240229 015500;2045;2045.2;2044.9;2044.9;10
20240229 015600;2044.9;2045;2044.9;2044.9;9
20240229 015700;2044.9;2045;2044.9;2045;5
20240229 015800;2044.9;2045;2044.7;2044.8;17
20240229 015900;2044.9;2045.1;2044.9;2045.1;5
20240229 020000;2045;2045.4;2045;2045.4;8
20240229 020100;2045.4;2045.8;2045.4;2045.6;26
20240229 020200;2045.7;2046.3;2045.6;2046.1;34
20240229 020300;2046.1;2046.1;2045.9;2045.9;12
20240229 020400;2046;2046.4;2046;2046.4;15
20240229 020500;2046.3;2046.4;2046.1;2046.1;34
20240229 020600;2046;2046;2046;2046;2
20240229 020700;2045.9;2045.9;2045.8;2045.8;7
20240229 020800;2045.8;2046.1;2045.8;2046.1;11
20240229 020900;2045.9;2046;2045.9;2046;4
20240229 021000;2046.1;2046.4;2046;2046.2;27
20240229 021100;2046.1;2046.2;2046;2046.1;12
20240229 021200;2046.1;2046.2;2046;2046.1;9
20240229 021300;2046.1;2046.1;2045.9;2045.9;3
20240229 021400;2045.9;2046;2045.9;2046;7
20240229 021500;2045.9;2046.1;2045.9;2046.1;2
20240229 021600;2046;2046.1;2045.9;2046;6
20240229 021700;2046.2;2046.4;2046.1;2046.3;19
20240229 021800;2046.3;2046.6;2046.3;2046.5;41
20240229 021900;2046.4;2046.5;2046.1;2046.3;15
20240229 022000;2046.3;2046.4;2046.3;2046.4;9
20240229 022100;2046.3;2046.5;2046.2;2046.4;9
20240229 022200;2046.3;2046.4;2046.3;2046.4;2
20240229 022300;2046.2;2046.3;2046.1;2046.1;4
20240229 022400;2046;2046.3;2046;2046.3;11
20240229 022500;2046.1;2046.1;2046.1;2046.1;3
20240229 022600;2046.1;2046.3;2046.1;2046.2;38
20240229 022700;2046.1;2046.3;2046.1;2046.2;8
20240229 022800;2046.3;2046.4;2046.1;2046.3;39
20240229 022900;2046.2;2046.6;2046.2;2046.4;20
20240229 023000;2046.3;2046.5;2046.2;2046.3;15
20240229 023100;2046.3;2046.5;2046.2;2046.2;15
20240229 023200;2046.2;2046.2;2045.7;2045.9;19
20240229 023300;2045.8;2046;2045.8;2046;15
20240229 023400;2046;2046.3;2046;2046.2;10
20240229 023500;2046.3;2046.5;2046.2;2046.5;14
20240229 023600;2046.3;2046.4;2046.3;2046.3;24
20240229 023700;2046.3;2046.3;2046.1;2046.2;3
20240229 023800;2046.2;2046.2;2046.1;2046.1;2
20240229 023900;2045.9;2046.1;2045.8;2046.1;7
20240229 024000;2046.1;2046.2;2046;2046.2;5
20240229 024100;2046.2;2046.2;2046;2046;19
20240229 024200;2046.1;2046.3;2046.1;2046.2;5
20240229 024300;2046.2;2046.4;2046.2;2046.2;13
20240229 024400;2046.3;2046.4;2046.1;2046.4;6
20240229 024500;2046.3;2046.3;2046.2;2046.3;7
20240229 024600;2046.3;2046.4;2046.2;2046.2;6
20240229 024700;2046.2;2046.3;2046.2;2046.3;8
20240229 024800;2046.2;2046.2;2046.2;2046.2;1
20240229 024900;2046.1;2046.1;2045.9;2046;5
20240229 025000;2045.9;2046;2045.8;2046;5
20240229 025100;2046;2046.3;2046;2046.3;11
20240229 025200;2046.3;2046.6;2046.3;2046.6;9
20240229 025300;2046.6;2047;2046.5;2046.9;117
20240229 025400;2046.9;2048;2046.9;2047.8;237
20240229 025500;2047.8;2048;2047.6;2047.9;59
20240229 025600;2047.8;2048;2047.7;2048;41
20240229 025700;2048;2048.6;2048;2048.2;53
20240229 025800;2048;2048;2047.5;2047.7;18
20240229 025900;2047.7;2047.7;2047.4;2047.5;8
20240229 030000;2047.4;2047.6;2047.4;2047.6;4
20240229 030100;2047.7;2048.1;2047.7;2048.1;14
20240229 030200;2048.1;2048.3;2048.1;2048.1;11
20240229 030300;2048.1;2048.5;2048.1;2048.4;28
20240229 030400;2048.4;2048.4;2048.2;2048.3;41
20240229 030500;2048.2;2048.2;2048;2048;10
20240229 030600;2048.1;2048.1;2047.9;2047.9;27
20240229 030700;2048;2048;2047.8;2047.9;15
20240229 030800;2048;2048;2047.8;2047.8;10
20240229 030900;2047.7;2047.9;2047.6;2047.9;10
20240229 031000;2047.8;2048;2047.8;2048;5
20240229 031100;2047.8;2048;2047.7;2047.8;7
20240229 031200;2047.7;2047.9;2047.6;2047.6;11
20240229 031300;2047.7;2047.9;2047.7;2047.9;11
20240229 031400;2047.9;2048.1;2047.8;2048.1;29
20240229 031500;2048;2048.2;2047.9;2048;42
20240229 031600;2048.1;2048.4;2048;2048.4;37
20240229 031700;2048.4;2048.8;2048.3;2048.6;40
20240229 031800;2048.6;2048.7;2048.5;2048.7;16
20240229 031900;2048.6;2048.8;2048.6;2048.6;18
20240229 032000;2048.4;2048.5;2048.3;2048.5;28
20240229 032100;2048.4;2048.6;2048.4;2048.4;20
20240229 032200;2048.3;2048.3;2047.9;2048;7
20240229 032300;2047.9;2048;2047.7;2048;12
20240229 032400;2047.7;2048;2047.7;2048;21
20240229 032500;2047.9;2048;2047.6;2047.6;9
20240229 032600;2047.5;2047.6;2047.4;2047.6;6
20240229 032700;2047.6;2048;2047.6;2048;17
20240229 032800;2047.9;2047.9;2047.6;2047.6;5
20240229 032900;2047.7;2048;2047.7;2048;8
20240229 033000;2048;2048;2047.8;2047.9;8
20240229 033100;2047.9;2048;2047.8;2048;15
20240229 033200;2048;2048;2047.6;2047.9;14
20240229 033300;2048;2048;2047.9;2047.9;7
20240229 033400;2048;2048.1;2047.9;2048;33
20240229 033500;2047.9;2048.1;2047.9;2047.9;9
20240229 033600;2047.9;2047.9;2047.8;2047.8;2
20240229 033700;2047.9;2048.2;2047.9;2048.2;3
20240229 033800;2048.1;2048.3;2048.1;2048.3;9
20240229 033900;2048.3;2048.4;2048.1;2048.4;7
20240229 034000;2048.3;2048.7;2048.3;2048.7;12
20240229 034100;2048.6;2048.7;2048.6;2048.6;9
20240229 034200;2048.6;2048.7;2048.4;2048.7;13
20240229 034300;2048.8;2048.8;2048.6;2048.6;10
20240229 034400;2048.4;2048.6;2048.4;2048.4;11
20240229 034500;2048.6;2048.6;2048.4;2048.4;2
20240229 034600;2048.5;2048.8;2048.5;2048.8;14
20240229 034700;2048.7;2048.7;2048.6;2048.7;3
20240229 034800;2048.7;2048.8;2048.7;2048.8;2
20240229 034900;2048.7;2048.9;2048.6;2048.9;11
20240229 035000;2048.8;2049.1;2048.7;2048.7;10
20240229 035100;2048.7;2049;2048.6;2049;9
20240229 035200;2048.9;2049.1;2048.9;2049;16
20240229 035300;2048.9;2049;2048.9;2049;2
20240229 035400;2048.9;2049.1;2048.9;2049.1;12
20240229 035500;2048.9;2048.9;2048.8;2048.8;2
20240229 035600;2048.9;2049;2048.9;2049;3
20240229 035700;2049;2049.3;2049;2049.3;7
20240229 035800;2049.1;2049.3;2049.1;2049.3;3
20240229 035900;2049.1;2049.2;2049.1;2049.2;5
20240229 040000;2049.1;2049.3;2049.1;2049.3;7
20240229 040100;2049.3;2049.5;2049.2;2049.4;18
20240229 040200;2049.5;2049.5;2049.4;2049.4;4
20240229 040300;2049.3;2049.3;2049.2;2049.2;9
20240229 040400;2049.1;2049.4;2049;2049.4;10
20240229 040500;2049.4;2049.5;2049.4;2049.5;9
20240229 040600;2049.5;2049.8;2049.5;2049.7;79
20240229 040700;2049.6;2049.7;2049.6;2049.7;3
20240229 040800;2049.6;2049.6;2049.5;2049.5;4
20240229 040900;2049.4;2049.6;2049.2;2049.6;11
20240229 041000;2049.5;2050.1;2049.5;2050.1;25
20240229 041100;2050.1;2050.1;2049.9;2049.9;4
20240229 041200;2049.8;2050;2049.8;2050;10
20240229 041300;2049.9;2050;2049.9;2050;9
20240229 041400;2050;2050;2050;2050;2
20240229 041500;2050;2050.4;2050;2050.3;30
20240229 041600;2050.3;2050.4;2050.3;2050.3;13
20240229 041700;2050.4;2050.4;2050.3;2050.3;7
20240229 041800;2050.3;2050.3;2050.3;2050.3;4
20240229 041900;2050.2;2050.4;2050.2;2050.2;6
20240229 042000;2050.2;2050.4;2050.2;2050.4;6
20240229 042100;2050.3;2050.7;2050.3;2050.6;29
20240229 042200;2050.4;2050.6;2050.4;2050.6;6
20240229 042300;2050.6;2050.6;2050.6;2050.6;3
20240229 042400;2050.5;2050.6;2050.3;2050.5;11
20240229 042500;2050.4;2050.6;2050.4;2050.5;6
20240229 042600;2050.6;2050.7;2050.5;2050.5;11
20240229 042700;2050.4;2050.4;2050.3;2050.3;2
20240229 042800;2050.4;2050.5;2050.2;2050.3;11
20240229 042900;2050.3;2050.6;2050.3;2050.5;14
20240229 043000;2050.4;2050.4;2050.4;2050.4;8
20240229 043100;2050.4;2050.5;2050.4;2050.5;14
20240229 043200;2050.5;2050.5;2050.1;2050.1;25
20240229 043300;2050.2;2050.5;2050.2;2050.3;20
20240229 043400;2050.1;2050.2;2050;2050.2;14
20240229 043500;2050.1;2050.5;2050.1;2050.5;12
20240229 043600;2050.4;2050.4;2050.2;2050.2;4
20240229 043700;2050.2;2050.5;2050.2;2050.5;20
20240229 043800;2050.4;2050.6;2050.4;2050.5;21
20240229 043900;2050.5;2050.5;2050.2;2050.3;7
20240229 044000;2050.1;2050.3;2050.1;2050.2;6
20240229 044100;2050.2;2050.3;2050.2;2050.2;12
20240229 044200;2050.3;2050.3;2050.2;2050.3;15
20240229 044300;2050.2;2050.4;2050.2;2050.2;21
20240229 044400;2050.1;2050.2;2050;2050.1;14
20240229 044500;2050;2050.1;2049.9;2050.1;10
20240229 044600;2050.1;2050.1;2049.9;2049.9;14
20240229 044700;2049.9;2049.9;2049.8;2049.8;12
20240229 044800;2049.9;2049.9;2049.7;2049.8;8
20240229 044900;2049.8;2049.8;2049.7;2049.8;6
20240229 045000;2050;2050.2;2049.8;2050.2;26
20240229 045100;2050.1;2050.4;2050.1;2050.3;17
20240229 045200;2050.3;2050.5;2050.3;2050.5;9
20240229 045300;2050.4;2050.5;2050.4;2050.4;5
20240229 045400;2050.4;2050.4;2050.3;2050.3;2
20240229 045500;2050.2;2050.2;2050.2;2050.2;1
20240229 045600;2050.2;2050.3;2050.1;2050.1;9
20240229 045700;2050.3;2050.3;2050.3;2050.3;2
20240229 045800;2050.3;2050.5;2050.3;2050.5;7
20240229 045900;2050.6;2050.6;2050.6;2050.6;6
20240229 050000;2050.5;2050.5;2050.4;2050.4;7
20240229 050100;2050.5;2050.6;2050.4;2050.5;6
20240229 050200;2050.4;2050.6;2050.4;2050.6;4
20240229 050300;2050.7;2051.2;2050.7;2050.8;63
20240229 050400;2050.8;2051;2050.7;2051;6
20240229 050500;2051.1;2051.1;2050.8;2050.8;7
20240229 050600;2051;2051.2;2051;2051.2;10
20240229 050700;2051.1;2051.1;2050.7;2050.7;6
20240229 050800;2050.7;2050.7;2050.7;2050.7;1
20240229 050900;2050.7;2050.8;2050.6;2050.7;10
20240229 051000;2050.5;2050.5;2050.3;2050.4;9
20240229 051100;2050.3;2050.3;2050.3;2050.3;1
20240229 051200;2050.2;2050.2;2050;2050.1;19
20240229 051400;2050.2;2050.3;2050.2;2050.3;3
20240229 051600;2050.2;2050.3;2050.1;2050.3;5
20240229 051700;2050.1;2050.1;2050.1;2050.1;1
20240229 051800;2050;2050.2;2050;2050.1;6
20240229 051900;2050;2050.1;2049.9;2050;6
20240229 052000;2050;2050.2;2050;2050.2;2
20240229 052100;2050;2050;2049.9;2049.9;7
20240229 052200;2050;2050.1;2049.9;2050.1;9
20240229 052300;2050;2050;2049.8;2049.8;13
20240229 052400;2050;2050;2050;2050;3
20240229 052500;2049.9;2050.1;2049.9;2050.1;13
20240229 052700;2050;2050;2049.7;2049.9;19
20240229 052800;2049.8;2049.9;2049.6;2049.7;22
20240229 052900;2049.5;2049.5;2049.5;2049.5;2
20240229 053000;2049.4;2049.4;2049.2;2049.3;9
20240229 053100;2049.3;2049.3;2049.1;2049.3;6
20240229 053200;2049.3;2049.5;2049.2;2049.5;13
20240229 053300;2049.4;2049.4;2049.3;2049.3;11
20240229 053400;2049.3;2049.3;2049.3;2049.3;2
20240229 053500;2049.4;2049.8;2049.4;2049.7;14
20240229 053600;2049.5;2049.9;2049.5;2049.8;18
20240229 053700;2049.8;2049.8;2049.7;2049.7;4
20240229 053800;2049.8;2049.8;2049.8;2049.8;2
20240229 053900;2049.7;2049.9;2049.7;2049.9;6
20240229 054000;2049.9;2050;2049.9;2050;4
20240229 054100;2050;2050.3;2049.9;2050.2;21
20240229 054200;2050.1;2050.1;2049.9;2049.9;5
20240229 054300;2050.2;2050.3;2050.2;2050.3;3
20240229 054400;2050.3;2050.6;2050.3;2050.6;11
20240229 054500;2050.5;2050.9;2050.4;2050.8;28
20240229 054600;2050.8;2050.9;2050.8;2050.8;8
20240229 054700;2050.9;2051;2050.9;2051;9
20240229 054800;2051;2051.1;2050.8;2050.9;18
20240229 054900;2050.8;2050.8;2050.7;2050.7;4
20240229 055000;2050.6;2050.6;2050.1;2050.2;11
20240229 055100;2050.2;2050.2;2050.2;2050.2;1
20240229 055200;2050.3;2050.3;2050.3;2050.3;1
20240229 055300;2050.2;2050.2;2050.2;2050.2;1
20240229 055400;2050.1;2050.2;2050.1;2050.2;3
20240229 055500;2050;2050.1;2050;2050.1;6
20240229 055600;2050.2;2050.2;2050.2;2050.2;2
20240229 055700;2050;2050.1;2050;2050.1;4
20240229 055800;2050.2;2050.2;2050.2;2050.2;1
20240229 055900;2050;2050.1;2050;2050;7
20240229 060000;2050;2050;2050;2050;1
20240229 060100;2050;2050.2;2049.9;2050.2;10
20240229 060200;2050.1;2050.1;2049.9;2049.9;2
20240229 060300;2049.9;2049.9;2049.9;2049.9;2
20240229 060400;2049.8;2049.9;2049.5;2049.6;25
20240229 060500;2049.5;2049.5;2049.4;2049.4;11
20240229 060600;2049.5;2049.5;2049.3;2049.4;9
20240229 060700;2049.3;2049.5;2049.3;2049.4;5
20240229 060800;2049.4;2049.4;2049.4;2049.4;1
20240229 060900;2049.4;2049.5;2049.4;2049.4;6
20240229 061000;2049.6;2049.6;2049.5;2049.5;3
20240229 061100;2049.4;2049.5;2049.2;2049.5;13
20240229 061200;2049.4;2049.5;2049.4;2049.5;5
20240229 061300;2049.5;2049.5;2049.4;2049.5;5
20240229 061400;2049.5;2049.5;2049.4;2049.4;2
20240229 061500;2049.2;2049.2;2049.1;2049.2;7
20240229 061600;2049.1;2049.1;2048.8;2048.8;30
20240229 061700;2048.8;2049.2;2048.8;2049;10
20240229 061800;2049.1;2049.3;2049.1;2049.3;8
20240229 061900;2049.5;2049.9;2049.5;2049.6;15
20240229 062000;2049.6;2049.7;2049.6;2049.7;7
20240229 062100;2049.8;2050;2049.7;2049.8;31
20240229 062200;2049.8;2050.1;2049.8;2049.8;15
20240229 062300;2049.9;2049.9;2049.4;2049.4;8
20240229 062400;2049.5;2049.5;2049.2;2049.4;9
20240229 062500;2049.4;2050;2049.3;2050;22
20240229 062600;2050.1;2050.1;2049.7;2049.7;19
20240229 062700;2049.7;2049.7;2049.5;2049.5;7
20240229 062800;2049.5;2049.5;2049.3;2049.3;4
20240229 062900;2049.5;2049.7;2049.3;2049.3;5
20240229 063000;2049.3;2049.3;2049.3;2049.3;1
20240229 063100;2049.4;2049.5;2049.3;2049.5;5
20240229 063200;2049.5;2049.6;2049.2;2049.5;21
20240229 063300;2049.5;2049.5;2049.1;2049.1;4
20240229 063400;2049.1;2049.1;2048.9;2049.1;6
20240229 063500;2049.2;2049.3;2049.1;2049.1;4
20240229 063600;2049.3;2049.6;2049.3;2049.5;24
20240229 063700;2049.7;2049.8;2049.6;2049.6;11
20240229 063800;2049.7;2049.7;2049.6;2049.7;14
20240229 063900;2049.9;2049.9;2049.7;2049.8;10
20240229 064000;2049.8;2049.8;2049.5;2049.5;6
20240229 064100;2049.6;2049.7;2049.3;2049.4;12
20240229 064200;2049.4;2049.6;2049.3;2049.6;5
20240229 064300;2049.4;2049.4;2049.4;2049.4;1
20240229 064400;2049.6;2049.7;2049.6;2049.7;4
20240229 064500;2049.5;2049.5;2048.8;2049.1;53
20240229 064600;2049.1;2049.1;2048.8;2049.1;30
20240229 064700;2049.1;2049.3;2049;2049;26
20240229 064800;2049;2049;2048.5;2048.7;20
20240229 064900;2048.7;2049.1;2048.7;2049.1;7
20240229 065000;2049.1;2049.5;2049;2049.3;25
20240229 065100;2049.5;2049.8;2049.5;2049.6;21
20240229 065200;2049.5;2049.6;2049.4;2049.4;4
20240229 065300;2049.3;2049.3;2049.1;2049.1;3
20240229 065500;2049.1;2049.1;2049;2049;2
20240229 065600;2049.1;2049.1;2048.6;2048.9;15
20240229 065700;2048.7;2048.8;2048.7;2048.8;4
20240229 065800;2048.7;2048.7;2048.7;2048.7;1
20240229 065900;2048.6;2048.6;2048.4;2048.4;12
20240229 070000;2048.3;2048.4;2048.3;2048.4;5
20240229 070100;2048.2;2048.6;2047.8;2047.8;27
20240229 070200;2048;2048;2047.9;2047.9;5
20240229 070300;2047.9;2048.5;2047.9;2048.2;27
20240229 070400;2048.2;2048.5;2048.2;2048.5;3
20240229 070500;2048.8;2048.9;2048.7;2048.7;12
20240229 070600;2048.8;2049;2048.7;2048.8;10
20240229 070700;2049.2;2049.5;2049.1;2049.2;23
20240229 070800;2049.3;2049.6;2049.3;2049.4;28
20240229 070900;2049.4;2049.8;2049.4;2049.7;24
20240229 071000;2049.7;2050.2;2049.7;2050.2;39
20240229 071100;2050.2;2050.5;2050.2;2050.5;40
20240229 071200;2050.2;2050.3;2049.8;2050;17
20240229 071400;2049.9;2050.1;2049.9;2049.9;4
20240229 071500;2049.6;2049.6;2049.5;2049.5;3
20240229 071600;2049.4;2049.8;2049.3;2049.5;10
20240229 071700;2049.7;2049.7;2049.5;2049.5;4
20240229 071800;2049.3;2049.3;2049.2;2049.3;6
20240229 071900;2048.8;2048.8;2048.3;2048.6;32
20240229 072000;2048.7;2048.7;2048.6;2048.6;10
20240229 072100;2048.9;2049.1;2048.8;2048.8;14
20240229 072200;2048.5;2048.5;2048.1;2048.5;27
20240229 072300;2048.4;2048.5;2048.1;2048.2;10
20240229 072400;2048;2048.2;2047.5;2047.5;30
20240229 072500;2047.7;2047.9;2047.5;2047.5;19
20240229 072600;2047.9;2047.9;2047.4;2047.4;35
20240229 072700;2047.3;2047.6;2047.2;2047.6;9
20240229 072800;2047.9;2048.1;2047.9;2048.1;9
20240229 072900;2048;2048;2047.6;2047.6;6
20240229 073000;2047.5;2047.5;2047.2;2047.2;2
20240229 073100;2047.2;2047.2;2046.8;2046.8;25
20240229 073200;2046.8;2046.9;2046.7;2046.9;16
20240229 073300;2046.9;2047;2046.7;2046.7;13
20240229 073400;2046.6;2046.8;2046.6;2046.8;13
20240229 073500;2046.6;2047.1;2046.5;2047;42
20240229 073600;2047;2047;2046.8;2046.8;13
20240229 073700;2046.6;2047.1;2046.4;2047;33
20240229 073800;2047.1;2047.2;2047.1;2047.1;9
20240229 073900;2047.2;2047.2;2046.9;2046.9;15
20240229 074000;2046.9;2047.1;2046.6;2046.6;18
20240229 074100;2046.6;2046.7;2046.6;2046.7;3
20240229 074200;2046.6;2047;2046.5;2047;13
20240229 074300;2047;2047.2;2047;2047;3
20240229 074400;2047;2047.1;2046.8;2047.1;13
20240229 074500;2047.2;2047.3;2046.9;2046.9;27
20240229 074600;2046.9;2047;2046.6;2047;56
20240229 074700;2047;2047.4;2047;2047.2;10
20240229 074800;2047.5;2047.5;2047.1;2047.1;12
20240229 074900;2047.1;2047.1;2046.3;2046.3;13
20240229 075000;2046.4;2046.7;2046.4;2046.4;18
20240229 075100;2046.4;2046.4;2045.3;2046;69
20240229 075200;2046;2046.4;2045.9;2046.4;6
20240229 075300;2046.3;2047.1;2046.2;2046.9;31
20240229 075400;2047.1;2047.3;2047.1;2047.3;8
20240229 075500;2047.2;2047.5;2046.9;2046.9;65
20240229 075600;2046.9;2047.1;2046.4;2046.6;38
20240229 075700;2046.7;2046.7;2046;2046;86
20240229 075800;2045.9;2045.9;2044.7;2045;43
20240229 075900;2045;2045.2;2044.3;2044.5;82
20240229 080000;2044.6;2045;2043.7;2043.7;96
20240229 080100;2043.7;2043.9;2042.5;2042.8;176
20240229 080200;2042.9;2043.1;2041.6;2042.1;159
20240229 080300;2042.4;2045.9;2042.4;2045.1;137
20240229 080400;2045.1;2046;2044.2;2045.6;70
20240229 080500;2045.9;2046.2;2044.9;2045.1;33
20240229 080600;2044.9;2045.3;2043.7;2043.7;60
20240229 080700;2043.8;2044.8;2043.7;2044.8;30
20240229 080800;2044.8;2045.2;2044.7;2044.7;32
20240229 080900;2044.6;2044.6;2043;2043;36
20240229 081000;2043;2044.2;2042.3;2043.9;80
20240229 081100;2043.6;2043.6;2039.3;2041.1;314
20240229 081200;2040.7;2041.6;2039;2041.4;156
20240229 081300;2041.3;2042.4;2040;2041.6;166
20240229 081400;2041.4;2041.5;2039.8;2040.1;92
20240229 081500;2040;2041.5;2039.7;2041.1;97
20240229 081600;2041;2041.6;2040.3;2041.6;146
20240229 081700;2041.7;2042;2041.2;2041.4;104
20240229 081800;2041.3;2042.6;2041.2;2042.4;59
20240229 081900;2042.4;2043.4;2042.4;2043.1;39
20240229 082000;2042.9;2043.7;2042.2;2042.8;107
20240229 082100;2042.8;2043.2;2041.6;2041.7;45
20240229 082200;2041.7;2042.8;2041.2;2042.6;49
20240229 082300;2042.3;2042.8;2041.4;2041.5;54
20240229 082400;2041.3;2042.5;2041.3;2042.3;26
20240229 082500;2042;2043.3;2041.7;2042.9;66
20240229 082600;2043;2043;2042;2042.4;41
20240229 082700;2042.5;2042.5;2041.5;2041.8;35
20240229 082800;2041.6;2042;2041.2;2041.7;32
20240229 082900;2041.5;2042.4;2041.3;2042.4;26
20240229 083000;2042.5;2042.9;2042.3;2042.7;67
20240229 083100;2042.6;2042.9;2041.4;2041.4;31
20240229 083200;2041.2;2042.5;2040.9;2042.3;44
20240229 083300;2042.4;2042.7;2041.5;2041.9;29
20240229 083400;2041.9;2041.9;2041.5;2041.8;14
20240229 083500;2041.6;2042.3;2041.4;2041.7;20
20240229 083600;2041.7;2042.7;2041.4;2042.4;16
20240229 083700;2042.4;2042.5;2042;2042.3;51
20240229 083800;2042.4;2042.9;2042.2;2042.9;21
20240229 083900;2042.9;2043;2042;2042;27
20240229 084000;2042.4;2044;2042.4;2043.9;118
20240229 084100;2043.9;2043.9;2043;2043;31
20240229 084200;2042.9;2044;2042.8;2043.7;30
20240229 084300;2043.5;2043.7;2042.8;2043.4;20
20240229 084400;2043.2;2043.2;2042.4;2042.4;20
20240229 084500;2042.5;2042.8;2042.2;2042.6;30
20240229 084600;2042.6;2043.2;2042.3;2042.9;25
20240229 084700;2042.6;2042.6;2042;2042.1;11
20240229 084800;2041.9;2042;2041.2;2041.4;26
20240229 084900;2041.2;2042.2;2041.2;2041.8;24
20240229 085000;2041.9;2042.7;2041.8;2042.2;66
20240229 085100;2042.4;2042.5;2041.9;2042.2;15
20240229 085200;2042.2;2043.2;2042.2;2043.2;21
20240229 085300;2043.2;2043.7;2043.2;2043.6;24
20240229 085400;2043.6;2044.3;2043.6;2044.3;88
20240229 085500;2044.4;2044.9;2044.2;2044.2;46
20240229 085600;2044.1;2044.2;2043.6;2043.7;29
20240229 085700;2043.8;2044.7;2043.7;2044.5;27
20240229 085800;2044.9;2045.1;2044.4;2044.8;28
20240229 085900;2044.5;2044.5;2043.3;2044;67
20240229 090000;2043.8;2044.2;2043.4;2043.9;20
20240229 090100;2043.8;2045.1;2042.8;2043.3;186
20240229 090200;2043.3;2043.5;2041.9;2041.9;41
20240229 090300;2041.8;2042.4;2041.1;2041.4;48
20240229 090400;2041.3;2041.6;2040.7;2041.5;46
20240229 090500;2041.5;2041.7;2040.4;2040.5;44
20240229 090600;2040.5;2040.9;2039.9;2040.1;62
20240229 090700;2039.9;2040.6;2039.5;2040.3;33
20240229 090800;2040.3;2042.2;2040.3;2041.9;33
20240229 090900;2042.1;2042.1;2040.7;2041.2;45
20240229 091000;2041;2042.4;2040.9;2042.2;37
20240229 091100;2041.8;2042.8;2041.7;2042.1;36
20240229 091200;2042.3;2043.5;2042.3;2043.5;31
20240229 091300;2043.6;2043.9;2042.9;2042.9;30
20240229 091400;2042.8;2042.8;2041.3;2041.3;26
20240229 091500;2041.1;2041.7;2040.6;2041.7;26
20240229 091600;2041.6;2042.5;2041.6;2042.3;24
20240229 091700;2042.4;2042.8;2041.9;2042.1;20
20240229 091800;2041.9;2042.4;2041.6;2041.7;13
20240229 091900;2041.4;2041.4;2040.7;2040.9;21
20240229 092000;2041.1;2041.5;2041;2041.3;35
20240229 092100;2041.4;2042;2041.3;2041.9;44
20240229 092200;2041.7;2041.9;2040.5;2040.6;22
20240229 092300;2040.9;2041.2;2040.8;2041.2;12
20240229 092400;2041.6;2041.7;2041.1;2041.1;18
20240229 092500;2041.3;2041.5;2041.1;2041.4;29
20240229 092600;2041.3;2041.3;2039.3;2040.4;129
20240229 092700;2040.1;2040.5;2039.8;2039.9;13
20240229 092800;2040;2040;2039.4;2039.9;27
20240229 092900;2040.1;2040.5;2040.1;2040.1;18
20240229 093000;2040;2040.6;2040;2040.1;36
20240229 093100;2040.2;2041;2040.2;2041;29
20240229 093200;2041.1;2041.8;2040;2040.5;80
20240229 093300;2040.5;2040.7;2040.2;2040.6;32
20240229 093400;2040.6;2041.9;2040.6;2041.8;71
20240229 093500;2041.7;2042.5;2041.6;2042.2;62
20240229 093600;2042.2;2042.9;2042.1;2042.9;43
20240229 093700;2043;2044.6;2043;2044.4;115
20240229 093800;2044.4;2044.4;2043.9;2044.2;37
20240229 093900;2044.1;2044.6;2044;2044;58
20240229 094000;2043.9;2044.1;2042.7;2044;77
20240229 094100;2044;2045;2043.7;2043.9;83
20240229 094200;2044;2044.4;2044;2044.4;32
20240229 094300;2044.3;2045.7;2044.3;2045.7;76
20240229 094400;2045.4;2045.4;2044.6;2045;87
20240229 094500;2045.2;2045.4;2045.1;2045.2;11
20240229 094600;2045.6;2045.8;2045.2;2045.7;33
20240229 094700;2045.6;2046.4;2045.6;2045.9;71
20240229 094800;2046;2046.7;2046;2046.6;37
20240229 094900;2046.4;2047.1;2046.1;2047.1;73
20240229 095000;2047;2047.1;2046.5;2047.1;36
20240229 095100;2047;2047.9;2047;2047.8;48
20240229 095200;2047.3;2047.4;2046.7;2046.9;42
20240229 095300;2047;2047.2;2046.4;2046.8;36
20240229 095400;2046.7;2047.2;2046.3;2046.4;49
20240229 095500;2046.6;2047.1;2046.5;2047;92
20240229 095600;2046.8;2047.4;2046.8;2047.2;43
20240229 095700;2047.2;2047.5;2046.7;2047.1;38
20240229 095800;2046.9;2047;2046.6;2046.9;37
20240229 095900;2046.9;2047.4;2046.9;2047.1;28
20240229 100000;2047.2;2047.8;2047.1;2047.5;18
20240229 100100;2047.4;2047.6;2047.1;2047.3;23
20240229 100200;2047.3;2047.5;2046.9;2047.5;15
20240229 100300;2047.5;2047.8;2047.3;2047.3;17
20240229 100400;2047.2;2048.3;2047.1;2048.1;28
20240229 100500;2048.2;2048.8;2047.9;2048.6;149
20240229 100600;2048.5;2048.7;2048;2048;44
20240229 100700;2048.1;2048.5;2048;2048;14
20240229 100800;2048.1;2048.1;2046.8;2046.8;160
20240229 100900;2047;2047;2046.3;2046.5;55
20240229 101000;2046.6;2046.6;2046.1;2046.4;43
20240229 101100;2046.5;2047.6;2046.5;2047.2;70
20240229 101200;2047;2047.2;2046.8;2047;17
20240229 101300;2047;2047.4;2046.9;2047.2;35
20240229 101400;2047.2;2047.5;2047;2047.4;29
20240229 101500;2047.3;2047.5;2046.6;2046.8;29
20240229 101600;2046.9;2046.9;2046;2046.1;26
20240229 101700;2046.2;2046.8;2046.2;2046.5;24
20240229 101800;2046.4;2046.6;2046.2;2046.3;18
20240229 101900;2046.3;2046.6;2046.3;2046.4;32
20240229 102000;2046.4;2046.5;2046;2046.5;16
20240229 102100;2046.4;2046.5;2046.1;2046.4;24
20240229 102200;2046.3;2046.6;2046.1;2046.5;15
20240229 102300;2046.3;2046.8;2046.3;2046.7;47
20240229 102400;2046.7;2047.3;2046.6;2046.9;31
20240229 102500;2046.7;2046.8;2046.6;2046.7;25
20240229 102600;2046.8;2047.6;2046.5;2047.5;58
20240229 102700;2047.5;2047.5;2046.9;2047.4;22
20240229 102800;2047.3;2047.5;2047;2047.5;22
20240229 102900;2047.5;2048.2;2047.5;2048.2;25
20240229 103000;2048.3;2048.3;2047.9;2048.1;28
20240229 103100;2048.2;2048.2;2047.3;2047.3;21
20240229 103200;2047.3;2047.5;2047.2;2047.5;18
20240229 103300;2047.6;2048.3;2047.4;2048.1;27
20240229 103400;2047.9;2047.9;2047.3;2047.4;32
20240229 103500;2047.6;2047.6;2046.7;2046.9;16
20240229 103600;2046.7;2047.1;2046.4;2046.5;52
20240229 103700;2046.5;2046.6;2046.4;2046.5;10
20240229 103800;2046.4;2046.4;2046;2046.1;15
20240229 103900;2046.2;2046.2;2046;2046.1;21
20240229 104000;2046.1;2046.1;2045.9;2045.9;14
20240229 104100;2045.8;2046.2;2045.5;2045.9;70
20240229 104200;2046.2;2046.2;2045.8;2045.8;11
20240229 104300;2045.8;2046.8;2045.8;2046.4;68
20240229 104400;2046.2;2046.4;2046.1;2046.4;7
20240229 104500;2046.3;2046.5;2046;2046.3;12
20240229 104600;2046.2;2046.4;2046.1;2046.1;23
20240229 104700;2046.1;2046.1;2045.2;2045.4;52
20240229 104800;2045.4;2046.2;2045.2;2045.4;126
20240229 104900;2045.5;2045.6;2044.8;2044.8;53
20240229 105000;2044.8;2045.9;2044.8;2045.8;28
20240229 105100;2045.9;2046.7;2045.8;2046.6;68
20240229 105200;2046.5;2046.8;2046.4;2046.7;25
20240229 105300;2046.7;2047.2;2046.6;2046.6;62
20240229 105400;2046;2046.3;2045.9;2045.9;49
20240229 105500;2045.9;2046.2;2045.6;2046.2;46
20240229 105600;2046.2;2046.7;2045.8;2046.7;38
20240229 105700;2046.3;2046.8;2046.3;2046.5;19
20240229 105800;2046.4;2046.5;2046.1;2046.2;23
20240229 105900;2046.4;2046.4;2045.8;2046.1;25
20240229 110000;2046.2;2046.2;2045.7;2045.7;13
20240229 110100;2045.7;2046.1;2045.7;2045.8;17
20240229 110200;2045.9;2046;2045.4;2045.9;18
20240229 110300;2045.8;2046.2;2045.7;2046.1;23
20240229 110400;2046;2047.1;2045.6;2047.1;69
20240229 110500;2047.1;2047.4;2046.9;2047.4;46
20240229 110600;2047.3;2047.5;2047;2047.5;17
20240229 110700;2047.4;2048.4;2047.4;2048;51
20240229 110800;2047.5;2048.1;2047.2;2047.4;50
20240229 110900;2047.5;2048.4;2047.5;2048.4;20
20240229 111000;2048.3;2048.7;2048.2;2048.6;34
20240229 111100;2048.7;2049.3;2048.6;2049.3;59
20240229 111200;2049.3;2049.9;2049.3;2049.6;86
20240229 111300;2049.5;2050.4;2049.2;2050.4;103
20240229 111400;2050.4;2050.7;2050.3;2050.4;73
20240229 111500;2050.3;2050.5;2049.8;2049.8;46
20240229 111600;2049.9;2050.1;2049.6;2049.7;56
20240229 111700;2049.7;2049.7;2048.8;2049.1;49
20240229 111800;2049.2;2050.4;2049.1;2049.8;132
20240229 111900;2049.7;2049.7;2048.1;2048.1;42
20240229 112000;2048.1;2048.3;2047.4;2047.8;44
20240229 112100;2048;2048.2;2048;2048.2;32
20240229 112200;2048.1;2048.4;2048.1;2048.2;13
20240229 112300;2047.9;2047.9;2047.5;2047.6;21
20240229 112400;2047.6;2048.2;2047.5;2048.2;14
20240229 112500;2048.4;2049.3;2048.2;2048.9;100
20240229 112600;2048.7;2048.8;2048.4;2048.8;11
20240229 112700;2048.8;2048.8;2047.2;2047.2;117
20240229 112800;2047.2;2047.2;2046.2;2046.7;83
20240229 112900;2046.7;2046.7;2046.3;2046.7;40
20240229 113000;2046.8;2046.8;2046.4;2046.7;14
20240229 113100;2046.7;2047.1;2046.5;2046.8;37
20240229 113200;2047;2047.6;2046.9;2047.4;27
20240229 113300;2047.3;2047.4;2046.8;2046.9;14
20240229 113400;2047;2047;2046.6;2047;8
20240229 113500;2047.1;2047.1;2046.9;2047.1;14
20240229 113600;2047.2;2048.3;2047.1;2048.2;43
20240229 113700;2048.1;2049.3;2048.1;2048.1;173
20240229 113800;2048;2048;2047.7;2048;7
20240229 113900;2048.2;2048.2;2047.7;2047.8;17
20240229 114000;2048;2048.1;2047.7;2047.8;15
20240229 114100;2047.6;2047.8;2047.4;2047.8;26
20240229 114200;2047.8;2048;2047.4;2047.5;16
20240229 114300;2047.5;2047.8;2047.4;2047.8;9
20240229 114400;2047.8;2048;2047.6;2048;13
20240229 114500;2047.7;2047.9;2047.4;2047.4;8
20240229 114600;2047.4;2047.8;2047.3;2047.6;26
20240229 114700;2047.7;2047.9;2047.4;2047.9;10
20240229 114800;2047.6;2047.8;2047.6;2047.8;14
20240229 114900;2047.7;2048.4;2047.7;2048.4;9
20240229 115000;2048.4;2048.6;2048.2;2048.5;16
20240229 115100;2048.6;2049.3;2048.6;2049.2;46
20240229 115200;2049.2;2050.2;2049.2;2050.1;21
20240229 115300;2050;2050;2049.5;2049.6;16
20240229 115400;2049.4;2049.8;2049.4;2049.8;5
20240229 115500;2049.8;2049.9;2049.6;2049.6;10
20240229 115600;2049.7;2049.9;2049.6;2049.6;26
20240229 115700;2049.6;2050.1;2049.3;2049.5;47
20240229 115800;2049.6;2049.9;2049.4;2049.9;37
20240229 115900;2049.8;2050.2;2049.6;2049.7;27
20240229 120000;2049.6;2049.6;2048.7;2048.8;99
20240229 120100;2048.9;2049.4;2048.3;2048.5;110
20240229 120200;2048.7;2049;2048.6;2048.9;26
20240229 120300;2049;2049.7;2048.9;2049.5;70
20240229 120400;2049.5;2049.5;2049.2;2049.2;32
20240229 120500;2049.3;2049.4;2049;2049.1;18
20240229 120600;2048.8;2048.8;2048.1;2048.2;33
20240229 120700;2048.2;2048.3;2047.6;2047.7;14
20240229 120800;2047.7;2049.3;2047.7;2048.2;76
20240229 120900;2048.2;2048.5;2048.1;2048.3;50
20240229 121000;2048.3;2048.6;2048.3;2048.3;15
20240229 121100;2048.6;2049;2048.5;2048.9;17
20240229 121200;2048.9;2049.3;2048.6;2048.8;57
20240229 121300;2048.8;2048.8;2048;2048.4;14
20240229 121400;2048.2;2048.8;2048.2;2048.4;21
20240229 121500;2048.5;2049.1;2048.4;2049;25
20240229 121600;2048.9;2049;2048.5;2048.7;29
20240229 121700;2048.6;2049.1;2048.6;2049.1;30
20240229 121800;2049.1;2049.2;2048.7;2049;34
20240229 121900;2049;2049.2;2048.9;2048.9;35
20240229 122000;2049;2049;2048.1;2048.2;61
20240229 122100;2048.5;2048.5;2047.5;2047.8;27
20240229 122200;2047.8;2048;2047;2047.2;24
20240229 122300;2047.4;2048.6;2047.4;2048.2;118
20240229 122400;2048.4;2049.2;2048.4;2049.1;97
20240229 122500;2049;2049.7;2048.6;2048.8;88
20240229 122600;2048.9;2049.4;2048.7;2049.4;50
20240229 122700;2049.3;2050.2;2049.3;2049.8;71
20240229 122800;2050;2050;2049.2;2049.2;49
20240229 122900;2049.2;2049.2;2048.2;2048.3;41
20240229 123000;2048.4;2048.8;2048.2;2048.6;31
20240229 123100;2048.5;2049;2048.5;2048.7;19
20240229 123200;2048.7;2049.3;2048.7;2048.9;25
20240229 123300;2049.1;2049.5;2049;2049.1;31
20240229 123400;2049.2;2049.3;2049.1;2049.1;23
20240229 123500;2049;2049.4;2048.9;2049.4;14
20240229 123600;2049.6;2049.9;2049.4;2049.8;26
20240229 123700;2049.8;2050;2048.4;2048.5;40
20240229 123800;2048.4;2049.4;2048.4;2048.9;53
20240229 123900;2048.8;2049;2048.5;2048.8;58
20240229 124000;2048.9;2049;2048.6;2048.6;24
20240229 124100;2048.7;2048.7;2048.2;2048.4;54
20240229 124200;2048.5;2048.7;2048.4;2048.4;45
20240229 124300;2048.4;2048.6;2048.2;2048.4;33
20240229 124400;2048.4;2048.4;2047.7;2047.9;52
20240229 124500;2047.9;2048.4;2047.9;2048.2;32
20240229 124600;2048.2;2048.3;2047.8;2048.1;47
20240229 124700;2048.1;2048.1;2047.3;2047.7;38
20240229 124800;2047.6;2047.6;2046.9;2047.1;193
20240229 124900;2047;2047;2046.3;2046.8;73
20240229 125000;2046.8;2046.9;2046.3;2046.5;37
20240229 125100;2046.2;2046.5;2045.9;2046.3;132
20240229 125200;2046.6;2046.7;2045.7;2045.7;45
20240229 125300;2045.8;2046.1;2045.3;2045.5;53
20240229 125400;2045.4;2046.4;2045.4;2046.1;89
20240229 125500;2046.3;2046.3;2046.1;2046.3;51
20240229 125600;2046.5;2046.8;2046.3;2046.8;70
20240229 125700;2046.9;2047.1;2046.6;2047;52
20240229 125800;2046.9;2047;2046.5;2046.6;45
20240229 125900;2046.6;2046.9;2046.6;2046.8;36
20240229 130000;2046.8;2046.8;2045.6;2045.9;113
20240229 130100;2045.8;2046;2044.8;2045.6;187
20240229 130200;2045.4;2045.4;2043.8;2044.8;138
20240229 130300;2044.3;2044.4;2043.5;2044;93
20240229 130400;2043.9;2044.3;2043.8;2043.9;52
20240229 130500;2044;2044;2043.2;2043.2;82
20240229 130600;2043.4;2044.9;2043.4;2044.7;100
20240229 130700;2044.8;2045.6;2044.6;2044.6;161
20240229 130800;2044.4;2045.4;2043.6;2045.4;109
20240229 130900;2045.3;2045.3;2044.6;2044.7;44
20240229 131000;2044.6;2044.6;2043.9;2044;43
20240229 131100;2044.1;2044.4;2044;2044.4;24
20240229 131200;2044.1;2044.2;2043.3;2043.4;48
20240229 131300;2043.8;2043.8;2042.9;2043.2;54
20240229 131400;2043;2043.4;2042.8;2042.8;74
20240229 131500;2042.8;2043.3;2042.8;2043.3;25
20240229 131600;2043.2;2043.6;2043;2043.2;92
20240229 131700;2043.1;2043.3;2041.5;2041.6;111
20240229 131800;2041.5;2041.8;2041.2;2041.5;147
20240229 131900;2041.5;2041.7;2041.3;2041.6;77
20240229 132000;2041.6;2041.6;2041;2041.5;108
20240229 132100;2041.6;2041.7;2040.7;2040.9;182
20240229 132200;2040.9;2041;2039.6;2039.6;147
20240229 132300;2039.6;2039.6;2037.7;2038.7;480
20240229 132400;2038.7;2038.9;2038;2038.1;112
20240229 132500;2038.1;2040;2037.7;2040;205
20240229 132600;2040.1;2040.1;2037.9;2038.1;163
20240229 132700;2038.2;2039;2037.2;2038.6;416
20240229 132800;2038.4;2039.3;2038.1;2039.2;177
20240229 132900;2039.4;2039.6;2038.4;2038.9;135
20240229 133000;2038.9;2040.2;2038.8;2039.1;156
20240229 133100;2038.9;2050.4;2038.9;2048.8;1881
20240229 133200;2049;2056.7;2047.1;2056.2;1999
20240229 133300;2056;2064.1;2053.9;2062.4;2743
20240229 133400;2062.4;2065.5;2059.2;2061.5;1786
20240229 133500;2061.4;2063.7;2057.9;2063.3;1558
20240229 133600;2063.4;2066.6;2061.8;2064.3;1773
20240229 133700;2064.3;2065.5;2062.7;2065.2;989
20240229 133800;2065.3;2066.8;2064.7;2066.6;650
20240229 133900;2066.5;2068.5;2065.7;2065.9;1438
20240229 134000;2065.9;2068.5;2065.8;2066.6;756
20240229 134100;2066.7;2067.4;2065.2;2066.4;753
20240229 134200;2066.5;2066.9;2064.2;2065;580
20240229 134300;2064.9;2066.5;2064.9;2066.3;526
20240229 134400;2066.5;2066.6;2064.2;2066.2;710
20240229 134500;2066.4;2067.7;2065.6;2067.2;485
20240229 134600;2067.3;2070.1;2067.1;2070;764
20240229 134700;2070;2072.7;2069.5;2072.4;1025
20240229 134800;2072.5;2073.1;2071.3;2071.7;670
20240229 134900;2071.8;2073.8;2071.6;2073.2;645
20240229 135000;2073.3;2074.2;2072.2;2072.4;566
20240229 135100;2072.5;2073.1;2070.6;2072.5;586
20240229 135200;2072.6;2074.6;2071.7;2074.6;402
20240229 135300;2074.5;2075.3;2073.7;2074.8;517
20240229 135400;2074.7;2076.1;2074.2;2075.7;417
20240229 135500;2075.6;2076.4;2074.8;2074.9;438
20240229 135600;2074.8;2075.5;2073.1;2073.2;419
20240229 135700;2073.1;2073.6;2071.9;2072.7;444
20240229 135800;2072.7;2074.2;2072.4;2072.6;479
20240229 135900;2072.6;2074.3;2072.6;2074.3;350
20240229 140000;2074.3;2075;2073.3;2073.6;584
20240229 140100;2073.5;2075.5;2073.5;2075.4;483
20240229 140200;2075.4;2076.2;2074.7;2075.4;410
20240229 140300;2075.5;2075.8;2075.1;2075.6;216
20240229 140400;2075.6;2076;2075;2075.6;281
20240229 140500;2075.7;2079.5;2075.5;2079.3;928
20240229 140600;2079.1;2083.4;2078.8;2082.6;1453
20240229 140700;2082.4;2083.4;2080.5;2080.6;924
20240229 140800;2080.8;2081.4;2079.3;2079.6;694
20240229 140900;2079.5;2080.1;2078;2078.1;520
20240229 141000;2078.2;2078.6;2077.1;2077.7;375
20240229 141100;2077.7;2079.1;2077.2;2078.4;293
20240229 141200;2078.1;2078.8;2077.8;2077.9;181
20240229 141300;2078;2080.1;2077.8;2079.5;442
20240229 141400;2079.6;2080;2076.4;2076.7;641
20240229 141500;2076.8;2077;2076.1;2076.1;514
20240229 141600;2076.2;2076.3;2074.2;2074.9;582
20240229 141700;2075;2075.6;2074.3;2074.5;388
20240229 141800;2074.7;2075.4;2074.4;2074.9;149
20240229 141900;2074.9;2076.1;2074.5;2075.8;227
20240229 142000;2075.7;2075.7;2074.7;2075.3;125
20240229 142100;2075.3;2076.7;2073.8;2076.5;622
20240229 142200;2076.5;2076.5;2073.9;2074.6;348
20240229 142300;2074.8;2074.9;2073.6;2073.8;244
20240229 142400;2073.9;2074.4;2073.6;2074.2;288
20240229 142500;2074.2;2074.6;2073.6;2073.7;129
20240229 142600;2073.7;2075.4;2073.2;2075.4;355
20240229 142700;2075.5;2075.9;2073.6;2073.9;242
20240229 142800;2073.9;2074.5;2073.4;2073.6;201
20240229 142900;2073.5;2073.8;2071.5;2072.4;469
20240229 143000;2072.4;2072.9;2070.2;2070.9;742
20240229 143100;2070.7;2073.9;2069.2;2070.9;4113
20240229 143200;2070.9;2073.6;2068.2;2073.4;2583
20240229 143300;2073.2;2074.5;2072.1;2074.2;1550
20240229 143400;2074.1;2074.8;2071.4;2072.5;1123
20240229 143500;2072.6;2073.7;2071;2072.2;811
20240229 143600;2072.2;2073.1;2071.7;2072.1;940
20240229 143700;2071.8;2075.6;2071.4;2075.1;1116
20240229 143800;2075.1;2076.9;2075.1;2076.7;1071
20240229 143900;2076.8;2077.7;2076.1;2076.2;1046
20240229 144000;2076.2;2078;2075.9;2076.6;822
20240229 144100;2076.7;2077.3;2075.7;2076.4;757
20240229 144200;2076.6;2076.9;2073;2073.4;779
20240229 144300;2073.6;2076.5;2073.2;2073.2;1051
20240229 144400;2073.4;2074.9;2072.9;2074.1;610
20240229 144500;2074;2075.3;2072.8;2075.3;517
20240229 144600;2075.4;2076;2071.9;2072.3;909
20240229 144700;2072.2;2072.5;2070.5;2072.1;999
20240229 144800;2072.2;2074.2;2072.2;2072.6;786
20240229 144900;2072.6;2074.5;2072.5;2074.5;701
20240229 145000;2074.5;2076;2074.2;2074.3;633
20240229 145100;2074.5;2076.4;2073.8;2075.7;683
20240229 145200;2075.8;2076.7;2075.6;2075.7;692
20240229 145300;2075.8;2076.3;2075;2075.1;847
20240229 145400;2075;2075.3;2072.7;2073.3;575
20240229 145500;2073.3;2073.6;2071.2;2071.2;386
20240229 145600;2071.2;2073;2070.6;2072.7;800
20240229 145700;2072.7;2073.3;2071.8;2072.6;448
20240229 145800;2072.7;2073.3;2072;2072.1;484
20240229 145900;2072;2074.4;2071.9;2073.5;647
20240229 150000;2073.5;2073.8;2072.7;2073.7;337
20240229 150100;2073.7;2076.1;2073.7;2076.1;800
20240229 150200;2076.1;2076.1;2073.2;2073.2;694
20240229 150300;2073.3;2076.5;2072.6;2076.4;1344
20240229 150400;2076.4;2078.4;2076.2;2078.4;1206
20240229 150500;2078.3;2079.2;2077.9;2078.8;1251
20240229 150600;2078.8;2079.9;2075.8;2076.1;843
20240229 150700;2076.2;2077.9;2075.7;2076.5;482
20240229 150800;2076.4;2076.5;2073.8;2074.1;603
20240229 150900;2074.2;2075.9;2073.6;2075.5;696
20240229 151000;2075.4;2075.4;2073.7;2074;618
20240229 151100;2074;2074.4;2070.3;2070.4;1405
20240229 151200;2070.4;2070.4;2067.4;2067.7;1479
20240229 151300;2067.7;2068.5;2066.2;2068.2;971
20240229 151400;2068.2;2068.6;2064;2064.2;1489
20240229 151500;2064.2;2065.2;2063;2064.6;1252
20240229 151600;2064.7;2067.8;2064.2;2067.6;947
20240229 151700;2067.6;2068.1;2066;2067;506
20240229 151800;2067.1;2068;2065.4;2066.3;458
20240229 151900;2066.4;2067.9;2066.1;2066.4;424
20240229 152000;2066.3;2067.3;2065.8;2066.5;218
20240229 152100;2066.6;2067.3;2065;2065;328
20240229 152200;2065;2065.1;2063.2;2063.4;522
20240229 152300;2063.5;2064.7;2061.9;2062.2;708
20240229 152400;2062.2;2065.2;2062;2065;579
20240229 152500;2065.1;2065.4;2063.7;2063.9;642
20240229 152600;2064;2065.8;2063.6;2065.6;535
20240229 152700;2065.7;2065.7;2064;2064.2;592
20240229 152800;2064.3;2065.9;2064.2;2065.4;560
20240229 152900;2065.5;2067.3;2065.1;2067.2;466
20240229 153000;2067.3;2068.6;2066.3;2068.4;729
20240229 153100;2068.3;2069.6;2068.3;2069.3;820
20240229 153200;2069.2;2069.8;2067.4;2067.4;378
20240229 153300;2067.4;2068;2066.3;2066.5;322
20240229 153400;2066.4;2068.4;2066.4;2067.5;337
20240229 153500;2067.6;2068;2066;2066.5;179
20240229 153600;2066.5;2066.6;2066;2066.3;271
20240229 153700;2066.4;2067.3;2066;2067;274
20240229 153800;2067;2067.3;2064.4;2065;366
20240229 153900;2065.1;2065.2;2064;2064.1;416
20240229 154000;2064.3;2065.6;2063.9;2065;368
20240229 154100;2064.9;2065.5;2064.1;2064.7;252
20240229 154200;2064.6;2066.4;2063.6;2065.6;395
20240229 154300;2065.5;2066.5;2065;2065.1;367
20240229 154400;2065.2;2065.2;2062.3;2062.5;425
20240229 154500;2062.6;2064.3;2062.3;2062.9;380
20240229 154600;2063;2063.6;2061.9;2063.3;717
20240229 154700;2063.4;2063.5;2060.7;2060.8;421
20240229 154800;2060.7;2063;2060.5;2062.6;266
20240229 154900;2062.9;2064.9;2062.6;2064.7;286
20240229 155000;2064.6;2066;2064.4;2065.3;352
20240229 155100;2065.3;2066.2;2063.9;2064;267
20240229 155200;2064.1;2064.2;2062.1;2063;291
20240229 155300;2063.1;2064;2061.9;2062.7;270
20240229 155400;2062.6;2062.9;2061.8;2061.8;267
20240229 155500;2061.9;2062.4;2060.2;2060.5;354
20240229 155600;2060.6;2062.2;2059.4;2061.9;694
20240229 155700;2061.8;2062.9;2060.9;2062.1;328
20240229 155800;2062;2062.5;2060.8;2061.7;421
20240229 155900;2061.8;2062;2060.6;2061.2;278
20240229 160000;2061.1;2061.2;2059.8;2060.6;262
20240229 160100;2060.8;2062.8;2060.5;2062.7;353
20240229 160200;2062.7;2062.7;2059.5;2059.6;378
20240229 160300;2059.5;2060;2057.8;2058.1;581
20240229 160400;2058;2060.1;2057.7;2060.1;419
20240229 160500;2060.1;2060.6;2059;2060.6;264
20240229 160600;2060.8;2062.3;2060.2;2062.1;370
20240229 160700;2062.2;2062.5;2060.7;2061;325
20240229 160800;2061;2063.2;2061;2062.3;297
20240229 160900;2062.5;2062.5;2060.7;2060.8;220
20240229 161000;2060.8;2061.3;2060.2;2060.2;261
20240229 161100;2060.2;2062;2060;2061.6;391
20240229 161200;2061.7;2062.5;2061;2062.5;214
20240229 161300;2062.6;2062.6;2061.1;2061.1;215
20240229 161400;2061;2061.2;2059;2059.1;240
20240229 161500;2059.2;2060.7;2059.2;2060.7;157
20240229 161600;2060.5;2061.3;2060.2;2061.2;339
20240229 161700;2061.2;2062.1;2060.8;2060.9;193
20240229 161800;2060.8;2060.8;2059.7;2060.2;147
20240229 161900;2060.3;2060.6;2059.8;2059.8;107
20240229 162000;2059.8;2061.1;2059.2;2061;120
20240229 162100;2061;2061.3;2060.5;2060.7;201
20240229 162200;2060.8;2060.9;2059.2;2059.7;211
20240229 162300;2059.4;2059.5;2057.9;2058.4;343
20240229 162400;2058.5;2058.9;2057;2057.3;655
20240229 162500;2057.2;2058;2056.7;2057.6;258
20240229 162600;2057.6;2058.6;2057.5;2058.4;235
20240229 162700;2058.4;2059;2056.4;2056.6;198
20240229 162800;2056.7;2057.3;2056.4;2056.8;148
20240229 162900;2056.8;2057.2;2055.8;2056.1;231
20240229 163000;2056;2056;2054.1;2054.2;797
20240229 163100;2054.1;2054.2;2052;2052.2;1302
20240229 163200;2052.3;2053.4;2051.9;2052.3;810
20240229 163300;2052.4;2053.2;2051.4;2052.6;994
20240229 163400;2052.5;2052.6;2051.7;2052;323
20240229 163500;2052;2052.1;2050.7;2051.2;546
20240229 163600;2051.2;2053.4;2051.1;2053.1;530
20240229 163700;2053.2;2053.5;2052.5;2052.6;250
20240229 163800;2052.6;2052.7;2051.2;2051.3;245
20240229 163900;2051.3;2051.6;2048.5;2048.7;1106
20240229 164000;2048.7;2048.7;2046;2046.1;1145
20240229 164100;2046.2;2046.6;2044.2;2045.3;1219
20240229 164200;2045.3;2048.2;2044;2047.9;902
20240229 164300;2047.9;2048.2;2047;2048;431
20240229 164400;2047.9;2048.5;2047.4;2047.6;426
20240229 164500;2047.9;2050.2;2047.6;2049.9;429
20240229 164600;2049.9;2050;2048;2048;268
20240229 164700;2048;2049.3;2047.4;2048.5;505
20240229 164800;2048.5;2051;2048.4;2051;736
20240229 164900;2050.9;2052;2050.7;2051.9;628
20240229 165000;2051.8;2052.7;2051.6;2052.4;494
20240229 165100;2052.2;2053;2051.5;2051.8;452
20240229 165200;2051.8;2052.4;2050.9;2051.4;292
20240229 165300;2051.4;2051.7;2050.9;2051.4;174
20240229 165400;2051.6;2051.8;2050.4;2051;152
20240229 165500;2051;2052.5;2050.9;2052.5;236
20240229 165600;2052.5;2053.6;2052.5;2053.1;257
20240229 165700;2053.1;2054.4;2052.9;2053.2;252
20240229 165800;2053.3;2054;2053.1;2053.3;302
20240229 165900;2053.3;2054.2;2053.2;2053.2;112
20240229 170000;2053.1;2053.7;2052.3;2053.6;208
20240229 170100;2053.5;2053.9;2052.8;2053.7;274
20240229 170200;2053.6;2055.6;2053.5;2055.6;296
20240229 170300;2055.5;2056.5;2055.5;2056.4;780
20240229 170400;2056.2;2056.2;2054.5;2054.8;470
20240229 170500;2054.7;2055.2;2053.9;2054.1;178
20240229 170600;2054.1;2055;2053.9;2054.3;200
20240229 170700;2054.2;2054.7;2053;2053.5;182
20240229 170800;2053.4;2054.5;2052.9;2053.2;260
20240229 170900;2053.1;2053.2;2051.7;2051.7;383
20240229 171000;2051.9;2052.6;2050.6;2052.4;956
20240229 171100;2052.5;2053.5;2052.3;2053.2;199
20240229 171200;2053.1;2053.8;2053;2053.4;111
20240229 171300;2053.1;2053.1;2052.3;2052.5;140
20240229 171400;2052.4;2054.2;2052.4;2053.9;141
20240229 171500;2053.9;2054.1;2052.9;2053.6;125
20240229 171600;2053.7;2054.7;2053.7;2054.4;195
20240229 171700;2054.3;2054.4;2052.9;2052.9;99
20240229 171800;2052.7;2052.9;2052.2;2052.3;152
20240229 171900;2052.3;2053.1;2052;2053;119
20240229 172000;2052.9;2052.9;2051.8;2052.5;309
20240229 172100;2052.5;2053.4;2052.2;2053;299
20240229 172200;2053;2053.2;2052.3;2052.8;132
20240229 172300;2052.7;2053.3;2052;2052.2;57
20240229 172400;2052.1;2052.2;2051.1;2051.1;136
20240229 172500;2051.1;2052.6;2051;2052.6;85
20240229 172600;2052.5;2052.6;2050.7;2050.9;123
20240229 172700;2051;2051.4;2049.4;2050.2;430
20240229 172800;2050.2;2051;2049.5;2050.4;197
20240229 172900;2050.5;2050.6;2049.6;2049.6;200
20240229 173000;2049.6;2049.7;2048.3;2048.9;518
20240229 173100;2049;2049.9;2048.7;2049.8;151
20240229 173200;2049.9;2050;2048.9;2049.9;86
20240229 173300;2049.8;2049.8;2048.6;2048.9;85
20240229 173400;2048.8;2049.9;2048.1;2049.7;273
20240229 173500;2049.7;2050;2049;2049.1;121
20240229 173600;2049.1;2049.7;2048.7;2049.6;110
20240229 173700;2049.6;2050.7;2049.5;2049.8;108
20240229 173800;2049.8;2050.4;2049.4;2049.8;80
20240229 173900;2050.1;2050.2;2048.8;2049.4;94
20240229 174000;2049.7;2050;2049;2050;60
20240229 174100;2050.1;2051.3;2050.1;2050.6;245
20240229 174200;2050.6;2051.2;2050.4;2050.4;221
20240229 174300;2050.4;2051.3;2050.1;2050.2;107
20240229 174400;2049.9;2050.1;2049.4;2050;97
20240229 174500;2050.1;2051.7;2049.9;2051.3;138
20240229 174600;2051.4;2052.2;2050.7;2052.1;221
20240229 174700;2052.1;2053.1;2051.8;2052.5;223
20240229 174800;2052.5;2052.9;2051.6;2051.8;196
20240229 174900;2051.7;2053;2051.7;2053;140
20240229 175000;2053;2053.2;2052.1;2052.3;133
20240229 175100;2052.4;2052.9;2052.2;2052.5;86
20240229 175200;2052.5;2052.8;2051.7;2051.8;108
20240229 175300;2051.7;2053.1;2051.4;2053;124
20240229 175400;2053;2053.7;2053;2053.5;124
20240229 175500;2053.5;2054.9;2053.4;2054.5;192
20240229 175600;2054.6;2054.9;2054;2054.1;228
20240229 175700;2054.1;2054.5;2053.5;2054.1;190
20240229 175800;2054;2054.4;2053.7;2054.2;105
20240229 175900;2054.3;2054.7;2054.1;2054.5;124
20240229 180000;2054.5;2055.3;2054.5;2055.2;116
20240229 180100;2055.1;2055.5;2054.8;2055.4;345
20240229 180200;2055.4;2055.8;2054.9;2055.5;209
20240229 180300;2055.5;2056.5;2055.5;2056.2;338
20240229 180400;2056.2;2056.4;2055.3;2055.7;130
20240229 180500;2055.8;2056.8;2055.8;2056.1;174
20240229 180600;2056.1;2056.4;2055.5;2055.7;81
20240229 180700;2055.7;2056.4;2054.7;2054.8;155
20240229 180800;2054.9;2055.6;2054.8;2055;198
20240229 180900;2055;2055.1;2054.1;2054.3;124
20240229 181000;2054.4;2054.8;2053.9;2054.8;105
20240229 181100;2054.8;2056.4;2054.5;2056.2;253
20240229 181200;2056;2056.9;2055.7;2056.7;164
20240229 181300;2056.7;2056.8;2056.3;2056.6;189
20240229 181400;2056.4;2057;2056;2056.9;141
20240229 181500;2056.9;2057;2056.6;2056.7;82
20240229 181600;2056.8;2057.3;2056.7;2057.1;136
20240229 181700;2057.1;2057.1;2055.5;2055.8;195
20240229 181800;2055.6;2056.2;2055.4;2055.5;229
20240229 181900;2055.5;2055.5;2054.9;2055.4;137
20240229 182000;2055.1;2056.2;2055.1;2056.2;78
20240229 182100;2056.1;2056.4;2056;2056.2;118
20240229 182200;2055.9;2056;2054.9;2055;135
20240229 182300;2055;2055.2;2054.6;2055;59
20240229 182400;2054.9;2055;2053.7;2054;130
20240229 182500;2053.9;2055.2;2053.9;2055.1;93
20240229 182600;2055;2055.8;2054.8;2055.8;60
20240229 182700;2055.8;2056.7;2055.6;2056.4;306
20240229 182800;2056.3;2056.5;2055.9;2055.9;96
20240229 182900;2055.8;2056.1;2055.5;2056.1;53
20240229 183000;2056.1;2057.1;2056.1;2056.5;254
20240229 183100;2056.5;2057.1;2056.1;2056.3;161
20240229 183200;2056.5;2057;2056.3;2056.5;96
20240229 183300;2056.6;2056.7;2056.1;2056.3;147
20240229 183400;2056.2;2056.5;2056;2056.3;86
20240229 183500;2056.2;2056.4;2056;2056.1;131
20240229 183600;2056;2056.6;2055.7;2056.5;100
20240229 183700;2056.5;2056.8;2055.9;2055.9;71
20240229 183800;2055.8;2056;2055.6;2055.7;43
20240229 183900;2055.8;2055.8;2054.9;2055;118
20240229 184000;2054.9;2055.5;2054.9;2055.1;91
20240229 184100;2055;2055.4;2054.2;2054.6;175
20240229 184200;2054.8;2055.2;2054;2054.3;117
20240229 184300;2054.3;2055.1;2054.3;2055;361
20240229 184400;2055.1;2055.3;2054.4;2054.5;66
20240229 184500;2054.4;2055.1;2054.2;2055.1;94
20240229 184600;2055.1;2056.4;2055.1;2056.2;180
20240229 184700;2056.3;2056.6;2055.7;2055.7;104
20240229 184800;2055.7;2055.8;2055.2;2055.2;84
20240229 184900;2055.3;2055.5;2054.6;2054.9;91
20240229 185000;2054.7;2055.2;2054.3;2055.1;114
20240229 185100;2055.2;2055.6;2054.8;2055.5;39
20240229 185200;2055.5;2056.1;2055.5;2056.1;62
20240229 185300;2056;2056.4;2055.9;2056;98
20240229 185400;2056;2056.1;2055.5;2055.6;107
20240229 185500;2055.6;2056.1;2055.5;2055.8;111
20240229 185600;2055.8;2056.5;2055.7;2056.5;116
20240229 185700;2056.5;2056.5;2055.8;2056.4;81
20240229 185800;2056.5;2056.7;2056.2;2056.4;198
20240229 185900;2056.4;2057.2;2056.4;2057.1;207
20240229 190000;2057;2057.7;2056.9;2057.5;132
20240229 190100;2057.5;2057.9;2057.3;2057.6;302
20240229 190200;2057.8;2058.6;2057.7;2058.5;226
20240229 190300;2058.6;2058.7;2057.6;2057.9;262
20240229 190400;2057.9;2058;2057.6;2057.9;88
20240229 190500;2057.8;2058.6;2057.8;2058.3;222
20240229 190600;2058.5;2058.5;2056.6;2056.6;213
20240229 190700;2056.7;2057.2;2056.4;2056.4;140
20240229 190800;2056.4;2057.3;2056.4;2057.3;88
20240229 190900;2057.2;2057.9;2057.2;2057.3;102
20240229 191000;2057.3;2057.7;2057.2;2057.3;50
20240229 191100;2057.1;2057.5;2056.9;2057.4;115
20240229 191200;2057.3;2057.3;2056.3;2056.3;108
20240229 191300;2056.4;2056.4;2055.7;2056.3;201
20240229 191400;2056.4;2057.3;2056.3;2057.1;146
20240229 191500;2057.1;2057.5;2056.6;2057.1;194
20240229 191600;2057.2;2057.4;2056.5;2056.6;108
20240229 191700;2056.5;2057.2;2055.9;2057;369
20240229 191800;2056.9;2057.3;2056.7;2056.9;114
20240229 191900;2057.1;2058;2057.1;2057.8;182
20240229 192000;2057.8;2057.8;2057;2057.1;285
20240229 192100;2057.2;2057.5;2056.7;2057.2;119
20240229 192200;2057.1;2057.1;2055.9;2056.4;199
20240229 192300;2056.3;2057;2055.8;2055.8;196
20240229 192400;2055.7;2056.1;2054.8;2054.8;183
20240229 192500;2054.9;2055.2;2054.2;2054.7;179
20240229 192600;2054.7;2054.7;2053.6;2053.7;310
20240229 192700;2053.9;2054.1;2052.7;2053.3;267
20240229 192800;2053.2;2053.9;2052.9;2053.3;220
20240229 192900;2053.1;2053.4;2052.2;2052.8;222
20240229 193000;2052.9;2053.8;2052.6;2053.5;100
20240229 193100;2053.4;2053.7;2053.1;2053.6;105
20240229 193200;2053.6;2055;2053.6;2055;157
20240229 193300;2054.9;2055.5;2054.9;2055.4;110
20240229 193400;2055.5;2055.5;2053.6;2053.9;127
20240229 193500;2053.9;2055.1;2053.7;2055.1;211
20240229 193600;2055.2;2055.3;2054.5;2054.9;111
20240229 193700;2055;2055.2;2054.6;2054.6;97
20240229 193800;2054.6;2055.2;2054.5;2055.2;168
20240229 193900;2055.2;2055.2;2054.6;2054.7;69
20240229 194000;2054.6;2055.1;2054.3;2054.5;73
20240229 194100;2054.6;2055.9;2054.6;2055.5;113
20240229 194200;2055.5;2055.5;2054.1;2054.5;128
20240229 194300;2054.5;2054.8;2053.7;2053.9;104
20240229 194400;2053.9;2054.4;2053.8;2054.1;116
20240229 194500;2054.1;2054.4;2053.2;2053.2;172
20240229 194600;2053.3;2053.3;2052;2052.2;289
20240229 194700;2052.2;2053.1;2052.1;2052.7;141
20240229 194800;2052.5;2052.7;2052.2;2052.6;128
20240229 194900;2052.6;2052.9;2051.6;2052.3;217
20240229 195000;2052.1;2052.4;2051.7;2052.1;106
20240229 195100;2052.1;2052.2;2051.3;2051.4;154
20240229 195200;2051.4;2051.6;2050.8;2051.4;174
20240229 195300;2051.5;2051.8;2050.5;2050.5;115
20240229 195400;2050.4;2050.8;2050.2;2050.7;137
20240229 195500;2050.5;2050.9;2050.3;2050.8;94
20240229 195600;2050.8;2051;2050.4;2050.8;124
20240229 195700;2050.7;2052.1;2050.7;2051.8;189
20240229 195800;2051.7;2051.8;2051.1;2051.2;106
20240229 195900;2051.1;2051.7;2050.7;2051.7;175
20240229 200000;2051.8;2052.9;2051.8;2052.8;224
20240229 200100;2052.9;2053.9;2052.9;2053.9;287
20240229 200200;2053.8;2054.5;2053.4;2054.1;191
20240229 200300;2054;2054.2;2052.8;2053;163
20240229 200400;2053.1;2054.1;2053.1;2053.9;72
20240229 200500;2053.7;2054.3;2053.5;2054.1;143
20240229 200600;2054;2054.7;2054;2054.1;105
20240229 200700;2054.1;2054.9;2054.1;2054.5;119
20240229 200800;2054.4;2055.1;2053.8;2053.9;147
20240229 200900;2053.9;2054.4;2053.7;2053.9;93
20240229 201000;2053.9;2054.6;2053.9;2054.6;123
20240229 201100;2054.6;2055;2054.2;2054.9;167
20240229 201200;2054.7;2055.1;2054.4;2054.8;99
20240229 201300;2054.8;2054.9;2054.4;2054.6;71
20240229 201400;2054.5;2054.8;2054.4;2054.8;99
20240229 201500;2054.9;2055.3;2053.9;2054.1;160
20240229 201600;2054.1;2055.1;2053.7;2055.1;127
20240229 201700;2055.2;2055.3;2054.4;2054.8;99
20240229 201800;2054.7;2055.2;2054.5;2054.6;50
20240229 201900;2054.7;2055.1;2054.4;2054.4;59
20240229 202000;2054.6;2055;2054.4;2054.9;80
20240229 202100;2054.9;2055.4;2054.5;2055.3;135
20240229 202200;2055.4;2055.4;2055.1;2055.2;90
20240229 202300;2055.3;2055.5;2054.5;2054.5;91
20240229 202400;2054.6;2055.3;2054.6;2054.9;160
20240229 202500;2055;2055.6;2055;2055.2;108
20240229 202600;2055.1;2055.3;2054.9;2054.9;144
20240229 202700;2055;2055.4;2054.5;2054.8;137
20240229 202800;2054.7;2055.3;2054.6;2055.2;106
20240229 202900;2055.1;2055.2;2054.7;2054.8;103
20240229 203000;2054.7;2055.6;2054.7;2055.4;160
20240229 203100;2055.4;2056;2055.3;2055.9;199
20240229 203200;2055.9;2056.4;2055.6;2055.6;486
20240229 203300;2055.6;2056.2;2055.3;2055.4;167
20240229 203400;2055.5;2056.6;2055.5;2056.4;335
20240229 203500;2056.4;2056.9;2056.2;2056.6;169
20240229 203600;2056.5;2057.4;2056.4;2056.5;245
20240229 203700;2056.6;2056.9;2055.9;2056.1;262
20240229 203800;2055.9;2056.1;2055.8;2056;206
20240229 203900;2056;2056.5;2055.4;2056.1;241
20240229 204000;2056.1;2057.1;2056.1;2056.9;737
20240229 204100;2056.8;2057.2;2056.5;2056.9;261
20240229 204200;2056.9;2058.3;2056.8;2058.1;527
20240229 204300;2058.1;2058.4;2057;2057.2;525
20240229 204400;2057.1;2057.1;2056.3;2056.8;355
20240229 204500;2056.9;2056.9;2055.4;2055.7;468
20240229 204600;2055.8;2056.9;2055.8;2056.9;285
20240229 204700;2057;2057.1;2056.3;2056.4;264
20240229 204800;2056.5;2057.2;2056.3;2056.5;264
20240229 204900;2056.5;2058.1;2056.5;2057.8;476
20240229 205000;2057.7;2057.9;2056.4;2056.5;403
20240229 205100;2056.7;2057.3;2056.2;2056.2;637
20240229 205200;2056.1;2057.2;2056;2056.5;480
20240229 205300;2056.6;2057.3;2056.1;2056.1;453
20240229 205400;2056.1;2057.7;2056.1;2057.6;1018
20240229 205500;2057.5;2058;2057.1;2057.9;525
20240229 205600;2058;2061.7;2057.8;2061.5;1744
20240229 205700;2061.5;2061.8;2060.8;2061.4;1339
20240229 205800;2061.5;2062.7;2061.3;2062.2;1954
20240229 205900;2062.1;2062.3;2059.6;2060.9;4912
20240229 210000;2060.8;2060.9;2054.7;2055.4;16189
20240229 210100;2055.4;2056.7;2054.2;2056.6;4906
20240229 210200;2056.7;2057;2055.8;2056.6;1286
20240229 210300;2056.7;2057.4;2056.4;2056.8;795
20240229 210400;2056.9;2057.3;2056.2;2056.9;487
20240229 210500;2056.7;2056.8;2055.7;2055.9;523
20240229 210600;2055.8;2055.8;2054.1;2054.8;612
20240229 210700;2054.8;2055.2;2054.4;2054.8;264
20240229 210800;2055;2055.5;2054.6;2055.3;246
20240229 210900;2055.4;2056.4;2055.3;2055.9;192
20240229 211000;2055.9;2056.5;2055.9;2056.1;237
20240229 211100;2056.1;2056.3;2055.3;2056;565
20240229 211200;2056;2056.1;2055.7;2055.9;178
20240229 211300;2055.9;2056.1;2055.4;2056;237
20240229 211400;2056;2056.5;2055.9;2055.9;172
20240229 211500;2056;2056.3;2055.4;2055.6;357
20240229 211600;2055.5;2056.1;2055.5;2055.6;128
20240229 211700;2055.6;2055.7;2055.4;2055.7;45
20240229 211800;2055.8;2055.9;2055.5;2055.8;54
20240229 211900;2055.8;2055.9;2055;2055.2;200
20240229 212000;2055.3;2055.4;2054.4;2054.7;196
20240229 212100;2054.6;2054.9;2053.2;2053.3;474
20240229 212200;2053.4;2054;2053.4;2053.9;136
20240229 212300;2054;2054.5;2053.8;2054.4;63
20240229 212400;2054.2;2054.5;2054;2054;74
20240229 212500;2054.1;2054.2;2053.6;2053.8;61
20240229 212600;2053.8;2053.9;2053.2;2053.4;132
20240229 212700;2053.4;2053.5;2053.2;2053.3;121
20240229 212800;2053.3;2053.3;2053.1;2053.1;43
20240229 212900;2053.2;2053.3;2053.1;2053.2;56
20240229 213000;2053.3;2053.5;2053.1;2053.4;79
20240229 213100;2053.4;2053.9;2053.3;2053.6;88
20240229 213200;2053.6;2053.6;2052.6;2053.1;81
20240229 213300;2053.2;2053.2;2052.8;2052.9;34
20240229 213400;2052.9;2053;2052.8;2053;21
20240229 213500;2052.9;2052.9;2052.6;2052.8;32
20240229 213600;2052.8;2052.9;2052.5;2052.9;76
20240229 213700;2053.1;2053.1;2053;2053;12
20240229 213800;2053;2053;2052.9;2052.9;10
20240229 213900;2053;2053.1;2052.9;2053.1;10
20240229 214000;2053;2053.2;2052.7;2053;65
20240229 214100;2053;2053.1;2052.8;2053;34
20240229 214200;2052.8;2052.8;2052.6;2052.6;41
20240229 214300;2052.5;2052.7;2052.4;2052.4;23
20240229 214400;2052.4;2052.4;2052.2;2052.2;35
20240229 214500;2052.4;2052.4;2052.2;2052.3;45
20240229 214600;2052.2;2052.2;2051.8;2052;67
20240229 214700;2052.1;2052.4;2051.9;2052.4;63
20240229 214800;2052.3;2052.5;2052.2;2052.3;41
20240229 214900;2052.3;2052.6;2052.1;2052.2;63
20240229 215000;2052.3;2052.3;2051.7;2051.8;167
20240229 215100;2051.8;2052.1;2051.8;2052.1;41
20240229 215200;2052;2052.3;2052;2052.3;21
20240229 215300;2052.3;2052.3;2052.2;2052.2;12
20240229 215400;2052.2;2052.4;2052.2;2052.4;88
20240229 215500;2052.5;2052.6;2052.5;2052.5;16
20240229 215600;2052.6;2052.7;2052.1;2052.7;80
20240229 215700;2052.7;2052.9;2052.6;2052.9;49
20240229 215800;2052.9;2053.2;2052.9;2053.2;28
20240229 215900;2053.4;2053.6;2053.3;2053.6;55
20240229 220000;2053.6;2053.9;2053.5;2053.9;18
20240229 230100;2053.6;2055.4;2053.6;2055.4;71
20240229 230200;2055.3;2055.5;2054.9;2055.5;21
20240229 230300;2055.6;2055.7;2055.3;2055.5;11
20240229 230400;2055.7;2056;2055.4;2056;31
20240229 230500;2056.1;2056.3;2055.7;2055.9;42
20240229 230600;2055.6;2055.6;2055;2055;16
20240229 230700;2055.1;2055.3;2054.9;2055.1;24
20240229 230800;2055;2055;2054.8;2054.8;15
20240229 230900;2054.8;2054.9;2054.5;2054.8;32
20240229 231000;2054.6;2054.6;2054.1;2054.4;18
20240229 231100;2054.3;2054.5;2054.2;2054.2;16
20240229 231200;2054.3;2054.4;2053.7;2054.1;38
20240229 231300;2054.2;2054.2;2053.7;2053.8;15
20240229 231400;2053.9;2054.1;2053.9;2054.1;8
20240229 231500;2054;2054;2053.6;2053.9;22
20240229 231600;2054;2054.4;2054;2054.4;10
20240229 231700;2054.3;2054.3;2053.5;2053.5;17
20240229 231800;2053.4;2053.5;2053.4;2053.4;13
20240229 231900;2053.3;2053.4;2053.1;2053.1;31
20240229 232000;2053;2053;2052.5;2052.5;30
20240229 232100;2052.7;2052.7;2051.9;2052.3;64
20240229 232200;2052.4;2052.9;2052.3;2052.7;24
20240229 232300;2052.4;2052.6;2051.9;2052;38
20240229 232400;2052.1;2052.1;2051.6;2051.6;20
20240229 232500;2051.6;2052.1;2051.6;2051.9;13
20240229 232600;2051.7;2052.2;2051.7;2052.2;14
20240229 232700;2052.1;2052.1;2052;2052;4
20240229 232800;2051.9;2052;2051.6;2051.9;11
20240229 232900;2052;2052;2052;2052;1
20240229 233000;2052;2052;2051.8;2052;6
20240229 233100;2051.9;2052.4;2051.5;2051.6;31
20240229 233200;2051.5;2051.8;2051.3;2051.7;46
20240229 233300;2051.7;2051.7;2050.5;2050.5;51
20240229 233400;2050.5;2051.3;2050;2050.2;122
20240229 233500;2050.2;2050.9;2050.2;2050.7;23
20240229 233600;2050.6;2050.9;2050.2;2050.7;49
20240229 233700;2050.8;2051.1;2050.1;2050.5;22
20240229 233800;2050.7;2050.8;2050.5;2050.6;10
20240229 233900;2050.6;2050.6;2050.3;2050.3;4
20240229 234000;2050.3;2050.4;2050;2050.4;11
20240229 234100;2050.4;2050.5;2050.4;2050.5;2
20240229 234200;2050.4;2050.5;2050.3;2050.4;10
20240229 234300;2050.2;2050.8;2050.2;2050.6;27
20240229 234400;2050.4;2050.5;2050.4;2050.4;7
20240229 234500;2050.4;2050.4;2050.2;2050.4;9
20240229 234600;2050.3;2050.9;2050.1;2050.9;13
20240229 234700;2051;2051;2050.8;2050.9;11
20240229 234800;2051;2051;2050.8;2050.8;8
20240229 234900;2050.8;2051.3;2050.8;2050.9;19
20240229 235000;2051;2051.6;2051;2051.6;25
20240229 235100;2051.6;2051.8;2051.5;2051.6;22
20240229 235200;2051.7;2052;2051.7;2052;29
20240229 235300;2051.9;2052;2051.7;2051.7;25
20240229 235400;2051.7;2051.8;2051.7;2051.8;22
20240229 235500;2052.1;2052.1;2051.8;2051.8;7
20240229 235600;2051.9;2052.5;2051.9;2051.9;59
20240229 235700;2052.1;2052.2;2052.1;2052.2;2
20240229 235800;2052.2;2052.4;2051.8;2052.1;15
20240301 000000;2052.2;2052.4;2052.2;2052.2;4
20240301 000100;2052.5;2053.3;2052.5;2053.3;28
20240301 000200;2053.3;2053.6;2053.2;2053.5;33
20240301 000300;2053.3;2053.9;2053.3;2053.9;7
20240301 000400;2053.7;2054;2053.7;2053.9;15
20240301 000500;2054.1;2054.6;2053.9;2054.6;21
20240301 000600;2054.3;2054.4;2054.1;2054.3;43
20240301 000700;2054.3;2054.3;2053.8;2053.9;12
20240301 000800;2054;2054.3;2054;2054.2;7
20240301 000900;2054.2;2054.3;2054.1;2054.1;11
20240301 001000;2054.2;2054.7;2054.2;2054.7;47
20240301 001100;2054.4;2054.7;2054.3;2054.6;18
20240301 001200;2054.7;2054.7;2054.7;2054.7;4
20240301 001300;2054.7;2054.7;2054.5;2054.6;8
20240301 001400;2054.7;2054.7;2054.4;2054.6;11
20240301 001500;2054.5;2054.6;2054.4;2054.6;7
20240301 001600;2054.4;2054.5;2054.2;2054.2;14
20240301 001700;2054.3;2054.3;2054.3;2054.3;4
20240301 001800;2054.2;2054.3;2054.2;2054.3;5
20240301 001900;2054.4;2054.7;2054.4;2054.6;10
20240301 002000;2054.6;2055;2054.5;2055;19
20240301 002100;2054.9;2055.2;2054.9;2055;33
20240301 002200;2055.1;2055.5;2055;2055.3;41
20240301 002300;2055.2;2055.2;2054.7;2054.9;24
20240301 002400;2055;2055.3;2054.9;2054.9;41
20240301 002500;2054.9;2054.9;2054.2;2054.2;47
20240301 002600;2054.2;2054.3;2054.2;2054.3;5
20240301 002700;2054;2054;2054;2054;2
20240301 002800;2053.9;2053.9;2053.5;2053.7;58
20240301 002900;2053.6;2053.7;2053.6;2053.6;4
20240301 003000;2053.6;2053.6;2053.2;2053.2;12
20240301 003100;2053.2;2053.2;2053.1;2053.2;5
20240301 003200;2053.2;2053.2;2052.6;2052.9;41
20240301 003300;2052.9;2053.1;2052.9;2053.1;6
20240301 003400;2053.2;2053.3;2053.2;2053.3;2
20240301 003500;2053;2053.3;2053;2053.3;3
20240301 003600;2053.5;2053.5;2053.5;2053.5;1
20240301 003700;2053.6;2053.7;2053.6;2053.7;11
20240301 003800;2053.8;2053.9;2053.7;2053.7;3
20240301 003900;2053.7;2053.7;2053.4;2053.4;6
20240301 004000;2053.4;2053.5;2053.4;2053.5;3
20240301 004100;2053.6;2053.6;2053.1;2053.3;9
20240301 004200;2053.6;2053.8;2053.6;2053.8;6
20240301 004300;2053.9;2053.9;2053.7;2053.7;11
20240301 004400;2053.5;2053.5;2053.2;2053.3;27
20240301 004500;2053.3;2053.5;2053.2;2053.5;3
20240301 004600;2053.4;2053.4;2053.2;2053.3;4
20240301 004700;2053;2053;2052.5;2052.6;9
20240301 004800;2052.5;2053.6;2052.4;2053.4;38
20240301 005000;2053.5;2053.7;2053.5;2053.6;11
20240301 005100;2053.6;2054.5;2053.6;2054.5;61
20240301 005200;2054.5;2054.8;2054.5;2054.7;13
20240301 005300;2054.5;2055.3;2054.5;2055.2;21
20240301 005400;2055.4;2055.6;2055.2;2055.2;9
20240301 005500;2055.2;2055.3;2055.2;2055.2;10
20240301 005600;2055.2;2055.2;2054.9;2054.9;5
20240301 005700;2055;2055.1;2054.8;2054.8;11
20240301 005800;2054.8;2055.1;2054.7;2055.1;4
20240301 005900;2055;2055.1;2055;2055.1;3
20240301 010000;2055;2055.5;2055;2055.3;17
20240301 010100;2055.4;2055.5;2055.4;2055.4;6
20240301 010200;2055.5;2055.9;2055.5;2055.9;13
20240301 010300;2055.9;2056.5;2055.9;2056.3;28
20240301 010400;2056.2;2056.2;2056;2056;5
20240301 010500;2055.9;2055.9;2055.6;2055.6;6
20240301 010600;2055.5;2055.6;2054.8;2054.8;28
20240301 010700;2054.9;2054.9;2054.9;2054.9;1
20240301 010800;2055.1;2055.2;2054.5;2054.7;41
20240301 010900;2054.9;2055.1;2054.8;2055.1;5
20240301 011000;2055.2;2055.3;2055;2055;5
20240301 011100;2054.9;2055.1;2054.9;2055.1;3
20240301 011200;2055.2;2055.2;2055.2;2055.2;1
20240301 011300;2055.5;2055.5;2055.5;2055.5;1
20240301 011500;2055.6;2055.6;2055.4;2055.5;7
20240301 011600;2055.4;2055.6;2055.2;2055.5;17
20240301 011700;2055.8;2056;2055.5;2056;10
20240301 011800;2056;2056.2;2055.9;2056;15
20240301 011900;2055.9;2055.9;2055.3;2055.4;9
20240301 012000;2055.4;2055.4;2055.4;2055.4;1
20240301 012100;2056;2056;2055.4;2055.4;8
20240301 012200;2055.5;2055.5;2055.2;2055.5;3
20240301 012300;2055.2;2055.2;2055.2;2055.2;1
20240301 012400;2055.1;2055.3;2055.1;2055.2;17
20240301 012500;2055.3;2055.4;2055.2;2055.4;3
20240301 012600;2055.7;2055.7;2055.7;2055.7;1
20240301 012700;2055.7;2055.9;2055.7;2055.9;5
20240301 012800;2055.9;2056;2055.9;2056;6
20240301 013000;2056;2056;2056;2056;1
20240301 013100;2055.8;2056.7;2055.7;2056.6;24
20240301 013200;2056.9;2056.9;2056.1;2056.1;12
20240301 013300;2056.7;2057;2056.7;2056.8;24
20240301 013400;2056.8;2056.8;2056.6;2056.6;10
20240301 013500;2056.6;2056.7;2056.6;2056.7;2
20240301 013600;2056.8;2057.3;2056.8;2057.3;16
20240301 013700;2057.4;2057.7;2057.2;2057.7;15
20240301 013800;2057.7;2058.4;2057.7;2058.1;29
20240301 013900;2058.4;2058.5;2058.3;2058.5;21
20240301 014000;2058.5;2058.6;2058.2;2058.3;11
20240301 014100;2058.3;2058.7;2058.2;2058.2;12
20240301 014200;2058.3;2058.5;2058.1;2058.4;12
20240301 014300;2058.3;2058.5;2058;2058.2;17
20240301 014400;2058;2058.1;2057.8;2057.9;11
20240301 014500;2057.7;2057.9;2057.7;2057.9;11
20240301 014600;2058;2058.1;2057.7;2058;10
20240301 014700;2058.1;2058.2;2058.1;2058.1;9
20240301 014800;2058.4;2058.8;2058.3;2058.8;23
20240301 014900;2059;2059;2058.6;2058.7;15
20240301 015000;2058.7;2058.8;2058.4;2058.4;11
20240301 015100;2058.4;2058.8;2058.4;2058.7;6
20240301 015200;2058.5;2058.7;2058.5;2058.7;10
20240301 015300;2058.8;2059.1;2058.8;2059;6
20240301 015400;2058.9;2059;2058.8;2058.9;7
20240301 015500;2059.1;2059.1;2058.9;2058.9;7
20240301 015600;2058.8;2059.8;2058.8;2059.7;28
20240301 015700;2059.7;2060.5;2059.7;2060.1;68
20240301 015800;2060.3;2060.3;2059.7;2060.2;48
20240301 015900;2059.9;2060.6;2059.8;2060.4;39
20240301 020000;2060.4;2060.5;2060.1;2060.4;16
20240301 020100;2060.4;2060.4;2060.1;2060.2;12
20240301 020200;2060.2;2060.2;2059.8;2059.9;16
20240301 020300;2059.8;2059.8;2059.8;2059.8;4
20240301 020400;2059.7;2059.8;2059.7;2059.7;5
20240301 020500;2059.5;2059.7;2059.5;2059.6;10
20240301 020600;2059.7;2059.7;2059.6;2059.7;3
20240301 020700;2059.4;2059.4;2059.2;2059.3;6
20240301 020800;2059.3;2059.5;2059.3;2059.5;6
20240301 020900;2059.4;2059.5;2059.4;2059.5;5
20240301 021000;2059.4;2059.7;2059.4;2059.7;12
20240301 021100;2059.5;2059.5;2059.5;2059.5;1
20240301 021200;2059.6;2059.6;2059.6;2059.6;2
20240301 021300;2059.3;2059.7;2059.3;2059.5;9
20240301 021400;2059.4;2059.5;2059.3;2059.5;20
20240301 021500;2059.6;2059.6;2059.3;2059.6;6
20240301 021600;2059.6;2059.6;2059.4;2059.5;8
20240301 021700;2059.5;2059.5;2059.3;2059.3;4
20240301 021800;2059.4;2059.5;2059.3;2059.3;3
20240301 021900;2059.4;2059.4;2059.2;2059.3;4
20240301 022000;2059.3;2059.3;2059;2059;14
20240301 022100;2059.1;2059.1;2058.8;2059;16
20240301 022200;2058.9;2059.1;2058.9;2059.1;4
20240301 022300;2059.3;2059.5;2059.3;2059.5;5
20240301 022400;2059.3;2059.9;2059.3;2059.7;10
20240301 022500;2059.6;2059.6;2059.6;2059.6;1
20240301 022600;2059.6;2059.6;2059.5;2059.5;3
20240301 022700;2059.4;2059.4;2059.1;2059.1;3
20240301 022800;2059.4;2059.4;2059.3;2059.3;3
20240301 022900;2059.5;2059.7;2059.5;2059.6;12
20240301 023000;2059.7;2059.8;2059.4;2059.4;10
20240301 023100;2059.7;2061;2059.7;2060.7;155
20240301 023200;2060.6;2060.6;2060.4;2060.6;29
20240301 023300;2060.5;2060.5;2060;2060;17
20240301 023400;2060;2060;2059.7;2059.7;11
20240301 023500;2059.8;2060.3;2059.6;2060;24
20240301 023600;2060;2060;2059.9;2059.9;5
20240301 023700;2059.8;2059.8;2059.6;2059.7;6
20240301 023800;2059.8;2059.8;2059.7;2059.7;5
20240301 023900;2059.7;2059.7;2059.5;2059.7;13
20240301 024000;2059.8;2059.8;2059.6;2059.6;4
20240301 024100;2059.4;2059.5;2059.4;2059.5;4
20240301 024200;2059.6;2059.6;2059.5;2059.5;2
20240301 024300;2059.6;2059.9;2059.6;2059.7;8
20240301 024400;2059.9;2060;2059.8;2059.8;5
20240301 024500;2060;2060;2059.8;2059.8;2
20240301 024600;2059.7;2059.7;2059.3;2059.3;19
20240301 024700;2059.3;2059.3;2059.2;2059.2;23
20240301 024800;2059.2;2059.4;2058.9;2059.3;28
20240301 024900;2059.4;2059.6;2059.4;2059.6;3
20240301 025000;2059.6;2059.6;2059.5;2059.6;9
20240301 025100;2059.4;2059.4;2059.3;2059.3;2
20240301 025200;2059.6;2059.6;2059.6;2059.6;1
20240301 025300;2059.8;2060.3;2059.8;2060.1;12
20240301 025400;2060.3;2060.3;2060;2060;10
20240301 025500;2060.1;2060.1;2060.1;2060.1;10
20240301 025600;2060.1;2060.1;2060;2060;5
20240301 025700;2059.9;2060;2059.9;2060;5
20240301 025800;2060.1;2060.1;2059.8;2059.8;10
20240301 025900;2059.8;2060;2059.8;2060;16
20240301 030000;2060.1;2060.3;2060.1;2060.1;7
20240301 030100;2060.2;2060.6;2060.1;2060.5;23
20240301 030200;2060.6;2060.9;2060.5;2060.9;33
20240301 030300;2061;2061;2060.9;2060.9;7
20240301 030400;2060.9;2061;2060.7;2060.7;16
20240301 030500;2060.6;2060.9;2060.3;2060.3;38
20240301 030600;2060.5;2060.7;2060.4;2060.5;17
20240301 030700;2060.5;2060.5;2060;2060.3;50
20240301 030800;2060.2;2060.2;2059.4;2059.4;38
20240301 030900;2059.7;2059.7;2059.7;2059.7;4
20240301 031000;2059.5;2059.6;2059.4;2059.4;8
20240301 031100;2059.5;2059.8;2059.5;2059.8;33
20240301 031200;2059.5;2059.5;2059.3;2059.5;13
20240301 031300;2059.6;2059.6;2059.4;2059.5;5
20240301 031400;2059.6;2059.8;2059.6;2059.6;6
20240301 031500;2059.6;2059.7;2059.4;2059.5;8
20240301 031600;2059.4;2059.6;2059.4;2059.6;9
20240301 031700;2059.5;2059.6;2059.5;2059.6;5
20240301 031800;2059.5;2059.5;2059.4;2059.5;5
20240301 031900;2059.5;2059.6;2059.3;2059.3;12
20240301 032000;2059.2;2059.2;2059.1;2059.2;14
20240301 032100;2059.2;2059.2;2059.1;2059.1;4
20240301 032200;2059;2059;2058.8;2059;20
20240301 032300;2058.9;2059;2058.9;2059;18
20240301 032400;2059;2059.2;2059;2059;7
20240301 032500;2059.2;2059.2;2058.8;2058.8;8
20240301 032600;2058.9;2059.1;2058.9;2059.1;6
20240301 032700;2059;2059.5;2059;2059.4;7
20240301 032800;2059.2;2059.7;2059.2;2059.5;11
20240301 032900;2059.4;2059.4;2059.3;2059.3;3
20240301 033000;2059.4;2059.4;2059.4;2059.4;4
20240301 033100;2059.2;2059.3;2059.1;2059.1;8
20240301 033200;2059;2059.1;2058.9;2059.1;9
20240301 033300;2058.9;2058.9;2058.9;2058.9;2
20240301 033400;2058.9;2059.1;2058.9;2059.1;14
20240301 033500;2059.1;2059.1;2059;2059;2
20240301 033600;2058.9;2058.9;2058.4;2058.5;19
20240301 033700;2058.7;2059;2058.7;2058.7;9
20240301 033800;2058.7;2058.7;2058.4;2058.6;8
20240301 033900;2058.6;2058.6;2058.5;2058.5;8
20240301 034000;2058.5;2058.8;2058.5;2058.8;6
20240301 034100;2058.7;2058.7;2058.7;2058.7;1
20240301 034200;2058.5;2058.7;2058.5;2058.7;2
20240301 034300;2058.8;2058.8;2058.7;2058.7;5
20240301 034400;2058.4;2058.6;2058.4;2058.6;3
20240301 034500;2058.6;2058.6;2058.4;2058.6;12
20240301 034600;2058.6;2058.8;2058.6;2058.8;7
20240301 034700;2058.9;2058.9;2058.8;2058.8;5
20240301 034800;2058.6;2058.8;2058.5;2058.5;27
20240301 034900;2058.5;2058.6;2058.5;2058.6;6
20240301 035000;2058.8;2058.8;2058.6;2058.6;4
20240301 035100;2058.6;2058.7;2058.3;2058.3;20
20240301 035200;2058.2;2058.8;2058.2;2058.8;9
20240301 035300;2059;2059.1;2058.9;2059;12
20240301 035400;2058.8;2058.9;2058.8;2058.8;8
20240301 035500;2058.8;2058.8;2058.8;2058.8;2
20240301 035600;2058.9;2059;2058.6;2058.6;9
20240301 035700;2058.7;2058.7;2058.6;2058.6;4
20240301 035800;2058.6;2058.6;2058.6;2058.6;8
20240301 035900;2058.6;2058.7;2058.6;2058.6;3
20240301 040000;2058.7;2058.7;2058.6;2058.7;3
20240301 040100;2058.8;2058.8;2058.7;2058.7;4
20240301 040200;2058.6;2059;2058.6;2059;13
20240301 040300;2058.9;2058.9;2058.7;2058.8;7
20240301 040400;2058.7;2058.8;2058.5;2058.5;6
20240301 040500;2058.4;2058.4;2058.3;2058.3;5
20240301 040600;2058.4;2058.6;2058.4;2058.5;9
20240301 040700;2058.4;2058.4;2058.1;2058.1;8
20240301 040800;2058.2;2058.3;2058.2;2058.3;2
20240301 040900;2058.3;2058.3;2058.1;2058.1;2
20240301 041000;2058.2;2058.3;2058;2058;5
20240301 041100;2058.1;2058.1;2057.8;2058.1;23
20240301 041200;2057.8;2057.9;2057.8;2057.9;5
20240301 041300;2057.8;2058.1;2057.8;2058.1;12
20240301 041400;2058.1;2058.1;2058.1;2058.1;4
20240301 041500;2058.2;2058.2;2057.1;2057.6;164
20240301 041600;2057.7;2058;2057.7;2057.8;8
20240301 041700;2057.8;2057.9;2057.7;2057.9;9
20240301 041800;2057.9;2058.1;2057.9;2057.9;9
20240301 041900;2057.9;2058;2057.8;2057.9;13
20240301 042000;2057.8;2057.8;2057.8;2057.8;4
20240301 042100;2057.7;2057.8;2057.7;2057.8;7
20240301 042200;2057.7;2057.9;2057.7;2057.9;9
20240301 042300;2058.1;2058.3;2058.1;2058.3;6
20240301 042400;2058.3;2058.3;2058.3;2058.3;2
20240301 042500;2058.4;2058.4;2058.1;2058.1;7
20240301 042600;2058.2;2058.2;2058.2;2058.2;2
20240301 042700;2058.3;2058.4;2058;2058;10
20240301 042800;2057.9;2058.1;2057.9;2058;6
20240301 042900;2058;2058.1;2057.9;2058.1;4
20240301 043000;2058.1;2058.1;2058.1;2058.1;4
20240301 043100;2058.1;2058.2;2058.1;2058.1;4
20240301 043200;2058;2058;2057.8;2057.8;9
20240301 043300;2057.8;2057.8;2057.8;2057.8;3
20240301 043400;2057.9;2058.1;2057.8;2058.1;5
20240301 043500;2058;2058;2057.9;2058;7
20240301 043600;2057.8;2057.9;2057.8;2057.9;4
20240301 043700;2057.9;2057.9;2057.9;2057.9;1
20240301 043800;2058;2058;2057.7;2057.7;4
20240301 043900;2057.7;2057.9;2057.7;2057.9;5
20240301 044000;2057.8;2057.8;2057.8;2057.8;2
20240301 044100;2057.8;2057.9;2057.7;2057.9;3
20240301 044200;2057.8;2057.8;2057.6;2057.8;10
20240301 044300;2057.7;2057.7;2057.5;2057.5;8
20240301 044400;2057.4;2057.5;2057.2;2057.2;19
20240301 044500;2057.2;2057.2;2057.1;2057.2;5
20240301 044600;2057.3;2057.5;2057.3;2057.3;10
20240301 044700;2057.4;2057.4;2057.2;2057.2;2
20240301 044800;2057.1;2057.1;2057;2057.1;7
20240301 044900;2057.2;2057.2;2057.2;2057.2;1
20240301 045000;2057.1;2057.2;2057.1;2057.1;4
20240301 045100;2057.1;2057.1;2057;2057.1;3
20240301 045200;2057.2;2057.2;2057.1;2057.1;3
20240301 045300;2057.1;2057.1;2057.1;2057.1;2
20240301 045400;2057.1;2057.1;2056.8;2056.9;17
20240301 045500;2056.9;2057.1;2056.9;2057.1;4
20240301 045600;2057.2;2057.2;2056.9;2056.9;50
20240301 045700;2057;2057;2056.9;2056.9;13
20240301 045800;2056.9;2056.9;2056.9;2056.9;2
20240301 045900;2056.9;2057;2056.9;2057;9
20240301 050000;2056.9;2056.9;2056.7;2056.7;14
20240301 050100;2056.8;2056.8;2056.5;2056.7;28
20240301 050200;2056.8;2057;2056.5;2057;14
20240301 050300;2056.9;2056.9;2056.7;2056.9;11
20240301 050400;2056.9;2057;2056.8;2056.8;6
20240301 050500;2056.7;2056.8;2056.7;2056.8;6
20240301 050600;2056.6;2056.6;2056.4;2056.6;63
20240301 050700;2056.6;2056.6;2056.5;2056.5;5
20240301 050800;2056.4;2056.5;2056.3;2056.5;8
20240301 050900;2056.5;2056.5;2056.5;2056.5;3
20240301 051000;2056.3;2056.3;2056.1;2056.3;7
20240301 051100;2056.3;2056.5;2056.3;2056.4;7
20240301 051200;2056.5;2056.8;2056.5;2056.7;13
20240301 051300;2056.8;2057;2056.8;2056.9;5
20240301 051400;2056.8;2057;2056.8;2057;9
20240301 051500;2057;2057.2;2057;2057.2;10
20240301 051600;2057.2;2057.3;2057.1;2057.1;10
20240301 051700;2057;2057.1;2057;2057.1;4
20240301 051800;2057.4;2057.4;2057.1;2057.1;12
20240301 051900;2057.2;2057.2;2057.2;2057.2;3
20240301 052000;2057;2057;2056.9;2057;4
20240301 052100;2056.9;2057.1;2056.8;2057.1;9
20240301 052200;2057.2;2057.3;2057;2057;7
20240301 052300;2057.1;2057.1;2057.1;2057.1;2
20240301 052400;2056.9;2056.9;2056.8;2056.8;3
20240301 052600;2056.7;2057.2;2056.7;2057.2;10
20240301 052700;2057.2;2057.2;2057.2;2057.2;2
20240301 052800;2057.1;2057.2;2057.1;2057.1;3
20240301 052900;2057.1;2057.1;2057.1;2057.1;2
20240301 053000;2057.3;2057.3;2057.3;2057.3;1
20240301 053100;2057.3;2057.5;2057.2;2057.2;12
20240301 053200;2057.1;2057.2;2057.1;2057.2;3
20240301 053300;2057.3;2057.3;2057.1;2057.1;2
20240301 053400;2057.1;2057.3;2057.1;2057.2;18
20240301 053500;2057.3;2057.4;2057.3;2057.4;5
20240301 053600;2057.6;2057.6;2057.6;2057.6;1
20240301 053700;2057.7;2058.1;2057.7;2057.8;27
20240301 053800;2057.8;2058;2057.8;2058;4
20240301 053900;2057.9;2058.1;2057.9;2058.1;2
20240301 054000;2058.1;2058.1;2058;2058;6
20240301 054100;2058;2058.1;2058;2058.1;6
20240301 054200;2058.2;2058.2;2058.2;2058.2;7
20240301 054300;2058.1;2058.1;2058.1;2058.1;1
20240301 054500;2058.1;2058.3;2058;2058.3;13
20240301 054600;2058.4;2058.7;2058.4;2058.7;5
20240301 054700;2058.9;2059.2;2058.9;2059.1;15
20240301 054800;2059.2;2059.2;2059.2;2059.2;2
20240301 054900;2059.2;2059.2;2059.2;2059.2;5
20240301 055000;2058.8;2058.9;2058.8;2058.9;3
20240301 055100;2058.8;2058.9;2058.8;2058.9;9
20240301 055200;2059;2059;2059;2059;1
20240301 055300;2058.7;2059;2058.7;2059;15
20240301 055400;2058.9;2059;2058.9;2059;2
20240301 055500;2059;2059;2059;2059;1
20240301 055600;2058.8;2058.8;2058.7;2058.7;2
20240301 055700;2058.5;2058.6;2058.3;2058.5;8
20240301 055800;2058.3;2058.3;2058.3;2058.3;4
20240301 055900;2058.3;2058.3;2058.3;2058.3;1
20240301 060000;2058.2;2058.2;2058.2;2058.2;2
20240301 060100;2058.4;2058.5;2058.3;2058.3;4
20240301 060200;2058.3;2058.4;2058.3;2058.4;2
20240301 060300;2058.6;2058.6;2058.4;2058.4;3
20240301 060400;2058.4;2058.4;2058.4;2058.4;2
20240301 060500;2058.2;2058.2;2058.1;2058.2;7
20240301 060700;2058.2;2058.6;2058.2;2058.6;5
20240301 060800;2058.9;2059;2058.9;2059;3
20240301 060900;2059.1;2059.1;2059;2059;2
20240301 061000;2059;2059;2058.5;2058.5;9
20240301 061100;2058.4;2058.5;2058.3;2058.5;3
20240301 061200;2058.6;2058.6;2058.6;2058.6;1
20240301 061300;2058.8;2059.3;2058.8;2059.1;9
20240301 061400;2058.9;2058.9;2058.8;2058.9;5
20240301 061500;2058.9;2059.4;2058.9;2059.4;20
20240301 061600;2059.4;2059.8;2059.4;2059.8;10
20240301 061700;2059.8;2059.9;2059.8;2059.9;5
20240301 061800;2059.8;2060.1;2059.8;2060.1;8
20240301 061900;2060;2060;2060;2060;5
20240301 062000;2059.9;2059.9;2059.7;2059.8;5
20240301 062100;2059.7;2059.8;2059.7;2059.7;4
20240301 062200;2059.7;2059.7;2059.5;2059.6;4
20240301 062300;2059.5;2059.5;2059.1;2059.1;10
20240301 062400;2059;2059.2;2059;2059;6
20240301 062500;2058.9;2059;2058.8;2059;4
20240301 062600;2058.9;2058.9;2058.7;2058.7;3
20240301 062700;2058.8;2058.8;2058.8;2058.8;3
20240301 062800;2058.7;2058.9;2058.7;2058.9;2
20240301 062900;2059.1;2059.2;2059;2059;5
20240301 063000;2058.9;2058.9;2058.7;2058.9;7
20240301 063100;2059;2059;2058.9;2058.9;2
20240301 063200;2058.7;2058.7;2058.4;2058.4;8
20240301 063300;2058.6;2058.6;2058.6;2058.6;3
20240301 063400;2058.5;2058.5;2058.2;2058.2;6
20240301 063500;2058.2;2058.3;2058.1;2058.3;7
20240301 063800;2058.5;2058.6;2058.5;2058.6;2
20240301 063900;2058.5;2058.5;2058.5;2058.5;2
20240301 064000;2058.3;2058.3;2058.3;2058.3;2
20240301 064100;2058.5;2058.5;2058.4;2058.4;2
20240301 064200;2058.6;2058.7;2058.6;2058.7;3
20240301 064300;2058.5;2058.6;2058.5;2058.6;3
20240301 064500;2058.4;2058.5;2058.4;2058.5;4
20240301 064600;2058.6;2058.6;2058.6;2058.6;1
20240301 064700;2058.8;2058.8;2058.7;2058.7;5
20240301 064800;2058.8;2059.1;2058.8;2058.8;12
20240301 064900;2058.6;2058.6;2058.4;2058.5;5
20240301 065000;2058.7;2058.7;2058.7;2058.7;2
20240301 065100;2058.6;2058.6;2058.5;2058.5;6
20240301 065200;2058.4;2058.5;2058.4;2058.5;2
20240301 065300;2058.6;2058.9;2058.6;2058.9;6
20240301 065400;2058.8;2058.8;2058.7;2058.8;5
20240301 065500;2058.8;2058.9;2058.7;2058.7;6
20240301 065600;2058.7;2058.7;2058.7;2058.7;1
20240301 065700;2058.8;2058.8;2058.8;2058.8;1
20240301 065800;2058.7;2059;2058.6;2059;17
20240301 065900;2059.1;2059.6;2059.1;2059.6;42
20240301 070000;2059.6;2060.3;2059.6;2060.3;51
20240301 070100;2060.3;2060.4;2059.5;2059.9;60
20240301 070200;2059.9;2060.7;2059.8;2060.7;51
20240301 070300;2060.7;2060.7;2060.4;2060.5;19
20240301 070400;2060.7;2061.5;2060.1;2060.1;88
20240301 070500;2060;2060.7;2059.7;2060.7;33
20240301 070600;2060.7;2060.7;2060.1;2060.1;44
20240301 070700;2060;2060.2;2059.9;2060.2;16
20240301 070800;2060.4;2061.2;2060.4;2061.1;41
20240301 070900;2060.9;2061;2060.9;2060.9;5
20240301 071000;2061;2061.2;2061;2061;6
20240301 071100;2061.1;2061.2;2060.6;2060.6;12
20240301 071200;2060.7;2060.9;2060.6;2060.6;17
20240301 071300;2060.5;2060.5;2060.3;2060.3;12
20240301 071400;2060.4;2060.6;2060.4;2060.6;8
20240301 071500;2060.6;2060.7;2060.6;2060.6;8
20240301 071600;2060.6;2060.7;2060.3;2060.7;26
20240301 071700;2060.7;2060.8;2060.7;2060.7;9
20240301 071800;2060.7;2060.7;2060.4;2060.7;8
20240301 071900;2060.6;2060.6;2060.1;2060.3;21
20240301 072000;2060.1;2060.2;2059.9;2060;8
20240301 072100;2060.2;2060.2;2059.9;2059.9;5
20240301 072200;2059.8;2059.9;2059.8;2059.9;2
20240301 072300;2059.8;2059.8;2059.4;2059.6;17
20240301 072400;2059.4;2060.2;2059.4;2060.1;25
20240301 072500;2060.1;2060.3;2059.9;2059.9;14
20240301 072600;2059.9;2060.2;2059.9;2060;15
20240301 072700;2059.9;2060;2059.7;2059.7;7
20240301 072800;2059.5;2059.6;2059.4;2059.6;6
20240301 072900;2059.4;2059.4;2058.9;2059.2;45
20240301 073000;2059.2;2059.5;2059.1;2059.5;19
20240301 073100;2059.3;2059.4;2059.1;2059.4;8
20240301 073200;2059.4;2059.8;2059.4;2059.7;13
20240301 073300;2059.7;2059.8;2059.3;2059.3;19
20240301 073400;2059.5;2059.6;2059.3;2059.6;12
20240301 073500;2059.8;2060.2;2059.5;2059.5;26
20240301 073600;2059.4;2060;2059.4;2060;70
20240301 073700;2059.7;2060;2059.7;2060;11
20240301 073800;2060.1;2060.5;2060.1;2060.3;21
20240301 073900;2060.2;2060.3;2060.2;2060.2;4
20240301 074000;2060.1;2060.1;2060;2060.1;41
20240301 074100;2060.2;2060.3;2060.1;2060.1;16
20240301 074200;2060;2060.2;2060;2060.2;8
20240301 074300;2060.2;2060.2;2059.9;2060.1;12
20240301 074400;2059.9;2060.1;2059.9;2060;4
20240301 074500;2059.9;2059.9;2059.9;2059.9;6
20240301 074600;2059.9;2059.9;2059.5;2059.5;12
20240301 074700;2059.5;2059.5;2059.1;2059.3;24
20240301 074800;2059.2;2059.2;2058.9;2059.1;38
20240301 074900;2059.1;2059.4;2059.1;2059.4;7
20240301 075000;2059.2;2059.2;2059;2059;41
20240301 075100;2059;2059.2;2059;2059.2;6
20240301 075200;2059.4;2059.4;2059.2;2059.2;5
20240301 075300;2059.1;2059.2;2059;2059;7
20240301 075400;2059.1;2059.9;2059.1;2059.9;26
20240301 075500;2060;2060.2;2059.8;2060.2;25
20240301 075600;2060.1;2060.2;2060;2060;6
20240301 075700;2059.9;2060.2;2059.8;2060.2;16
20240301 075800;2060.2;2060.5;2060.2;2060.5;28
20240301 075900;2060.4;2060.7;2060.3;2060.3;15
20240301 080000;2060.1;2060.2;2059.5;2059.5;9
20240301 080100;2059.5;2059.5;2058.4;2059.2;77
20240301 080200;2059.1;2059.3;2058.5;2058.5;67
20240301 080300;2058.4;2058.5;2057.5;2058.1;169
20240301 080400;2058.1;2058.3;2057.6;2057.8;20
20240301 080500;2057.6;2057.7;2057;2057.7;87
20240301 080600;2057.9;2058.5;2057.4;2057.8;111
20240301 080700;2057.8;2058.1;2057.6;2057.6;34
20240301 080800;2057.4;2057.5;2056.7;2057;47
20240301 080900;2057.2;2057.7;2057.2;2057.5;31
20240301 081000;2057.5;2057.9;2057.5;2057.6;24
20240301 081100;2057.5;2057.5;2056.5;2056.7;26
20240301 081200;2056.6;2057;2056.6;2057;37
20240301 081300;2056.8;2057;2056.5;2057;34
20240301 081400;2056.6;2056.6;2055.6;2056;111
20240301 081500;2056.2;2056.7;2056;2056.1;31
20240301 081600;2056;2056.3;2055.8;2055.8;29
20240301 081700;2055.9;2056.3;2055.8;2056.1;18
20240301 081800;2056.1;2056.6;2056;2056.3;8
20240301 081900;2056.1;2056.2;2055.8;2055.8;7
20240301 082000;2055.5;2056;2055.3;2055.9;32
20240301 082100;2055.8;2056;2055.6;2055.9;14
20240301 082200;2055.9;2055.9;2055.4;2055.4;22
20240301 082300;2055.5;2055.6;2055;2055.4;19
20240301 082400;2055.5;2055.5;2054.8;2055.1;26
20240301 082500;2055;2055.4;2054.8;2055.3;20
20240301 082600;2055.1;2055.1;2054.8;2054.9;13
20240301 082700;2054.7;2055;2054.7;2055;21
20240301 082800;2054.9;2055;2054.9;2055;3
20240301 082900;2054.9;2055.3;2054.9;2055.2;17
20240301 083000;2055.1;2055.1;2054.9;2054.9;8
20240301 083100;2054.9;2055.2;2054.8;2054.9;18
20240301 083200;2054.8;2055.4;2054.8;2055.4;18
20240301 083300;2055.4;2056.1;2055.3;2055.8;64
20240301 083400;2055.8;2056.2;2055.2;2055.2;26
20240301 083500;2055.3;2055.3;2054.8;2054.9;23
20240301 083600;2054.8;2055.2;2054.8;2054.9;14
20240301 083700;2054.9;2055.1;2054.7;2055.1;14
20240301 083800;2055.1;2055.1;2054.8;2055.1;9
20240301 083900;2055.1;2055.1;2055.1;2055.1;1
20240301 084000;2055.1;2056;2054.9;2055.8;39
20240301 084100;2055.7;2055.7;2055.3;2055.4;11
20240301 084200;2055.3;2055.7;2055.3;2055.6;6
20240301 084300;2055.6;2056.6;2055.6;2056.6;25
20240301 084400;2056.4;2057;2056.4;2056.7;29
20240301 084500;2056.2;2056.3;2055.3;2055.7;44
20240301 084600;2055.7;2056.1;2055.7;2055.9;21
20240301 084700;2056.1;2056.5;2056.1;2056.3;11
20240301 084800;2056.2;2056.4;2055.9;2055.9;13
20240301 084900;2055.9;2056.2;2055.7;2056;20
20240301 085000;2055.7;2056.3;2055.6;2056.3;24
20240301 085100;2056.4;2056.5;2056.2;2056.2;19
20240301 085200;2056.3;2056.6;2056.3;2056.5;39
20240301 085300;2056.6;2056.7;2056;2056.2;53
20240301 085400;2056.2;2056.5;2056.2;2056.2;30
20240301 085500;2056.3;2056.7;2056.3;2056.7;12
20240301 085600;2056.7;2057;2056.5;2056.9;51
20240301 085700;2056.9;2057.5;2056.8;2057.4;69
20240301 085800;2057.4;2057.5;2057;2057.1;46
20240301 085900;2057;2057.3;2056.9;2057.3;67
20240301 090000;2057.2;2057.6;2057.2;2057.5;40
20240301 090100;2057.4;2058.5;2057.2;2058.5;89
20240301 090200;2058.4;2058.4;2058.1;2058.1;34
20240301 090300;2058;2058;2056.4;2056.4;43
20240301 090400;2056.3;2056.4;2055.7;2055.7;32
20240301 090500;2055.6;2056;2055.5;2056;30
20240301 090600;2056.1;2056.1;2054.3;2055.3;186
20240301 090700;2055.4;2056.1;2055.2;2055.9;45
20240301 090800;2055.9;2056.2;2055.3;2055.4;50
20240301 090900;2055.7;2057.5;2055.7;2057.3;42
20240301 091000;2057.3;2058.2;2057.3;2057.9;21
20240301 091100;2057.7;2057.7;2056.5;2057.1;82
20240301 091200;2057.2;2057.3;2056.4;2056.5;38
20240301 091300;2056.5;2056.5;2055.4;2056;36
20240301 091400;2056.1;2056.3;2055.6;2055.9;31
20240301 091500;2056;2056.7;2055.9;2056.7;26
20240301 091600;2056.6;2057.9;2056.6;2057.8;94
20240301 091700;2057.4;2057.4;2056.5;2056.5;35
20240301 091800;2056.3;2056.3;2055.8;2056;26
20240301 091900;2056;2056.1;2055.7;2056.1;24
20240301 092000;2056.2;2056.3;2055.9;2056.2;35
20240301 092100;2056.1;2056.5;2056.1;2056.4;58
20240301 092200;2056.2;2056.4;2055.9;2055.9;34
20240301 092300;2056.1;2056.2;2055.8;2055.9;47
20240301 092400;2055.6;2056;2055.4;2055.6;41
20240301 092500;2055.6;2055.8;2055;2055;50
20240301 092600;2054.8;2055.1;2053.9;2054;60
20240301 092700;2054.2;2054.4;2053.7;2054;36
20240301 092800;2053.8;2054.1;2053.8;2053.9;41
20240301 092900;2054;2054.2;2054;2054.1;9
20240301 093000;2054.1;2054.5;2054.1;2054.2;23
20240301 093100;2054.1;2054.5;2053.5;2054;65
20240301 093200;2054;2054;2052.6;2052.6;86
20240301 093300;2052.6;2053.6;2052.3;2053.5;48
20240301 093400;2053.5;2054.3;2053.4;2054.3;34
20240301 093500;2054.2;2055.1;2054.2;2055.1;43
20240301 093600;2054.9;2055.5;2054.7;2055.5;71
20240301 093700;2055.6;2057.1;2055.4;2056.9;172
20240301 093800;2056.9;2056.9;2055.8;2055.9;41
20240301 093900;2055.8;2056.5;2055.7;2056.3;28
20240301 094000;2056.2;2056.4;2056.1;2056.3;13
20240301 094100;2056.1;2056.8;2056;2056.7;19
20240301 094200;2056.8;2056.8;2056.5;2056.7;15
20240301 094300;2056.8;2057.1;2056.5;2056.5;34
20240301 094400;2056.4;2056.7;2056.3;2056.3;12
20240301 094500;2056.4;2056.4;2056;2056.1;10
20240301 094600;2056.1;2056.3;2055.7;2056.1;25
20240301 094700;2056.3;2057.1;2056.2;2056.6;34
20240301 094800;2056.5;2056.8;2056.3;2056.5;32
20240301 094900;2056.5;2056.6;2056.2;2056.4;15
20240301 095000;2056.4;2056.9;2056.2;2056.3;21
20240301 095100;2056.2;2056.2;2056;2056;7
20240301 095200;2056.1;2056.1;2055.7;2055.7;16
20240301 095300;2055.6;2055.8;2055.3;2055.5;25
20240301 095400;2055.7;2055.8;2055.6;2055.8;19
20240301 095500;2055.9;2056.2;2055;2055;23
20240301 095600;2054.9;2054.9;2054.2;2054.5;36
20240301 095700;2054.6;2054.6;2054.3;2054.4;18
20240301 095800;2054.3;2054.9;2054.3;2054.5;14
20240301 095900;2054.5;2055.3;2054.5;2055.3;17
20240301 100000;2055.3;2055.3;2055;2055.3;18
20240301 100100;2055.1;2055.1;2054.1;2054.1;36
20240301 100200;2054.3;2054.7;2053.3;2053.4;54
20240301 100300;2053.5;2053.7;2053;2053.6;35
20240301 100400;2053.1;2053.1;2052.4;2052.6;74
20240301 100500;2052.7;2053.4;2052.7;2053.4;14
20240301 100600;2053.3;2053.3;2053.2;2053.3;5
20240301 100700;2053.3;2054.1;2053.2;2054;20
20240301 100800;2054.2;2054.8;2054.2;2054.7;23
20240301 100900;2054.7;2055.4;2054.5;2054.8;21
20240301 101000;2054.7;2055.2;2054.7;2055.1;17
20240301 101100;2055.1;2055.1;2054.6;2054.6;7
20240301 101200;2054.7;2054.7;2054.1;2054.3;53
20240301 101300;2054.1;2054.1;2052.5;2052.9;45
20240301 101400;2052.8;2053.2;2052.5;2052.5;28
20240301 101500;2052.4;2052.5;2051.5;2052.5;95
20240301 101600;2052.6;2052.9;2050.6;2050.6;111
20240301 101700;2050.8;2051.4;2049.8;2050;70
20240301 101800;2049.8;2050.8;2049.5;2050.8;54
20240301 101900;2050.7;2051.3;2049.3;2051.2;70
20240301 102000;2051;2051;2048.6;2048.8;214
20240301 102100;2048.9;2049.3;2047.7;2048.3;151
20240301 102200;2048.1;2049.4;2048.1;2048.5;110
20240301 102300;2048.4;2048.6;2047.1;2048.5;164
20240301 102400;2048.6;2049.1;2047.9;2048.2;61
20240301 102500;2048.1;2048.3;2047.4;2047.5;85
20240301 102600;2047.3;2048;2047.1;2047.3;127
20240301 102700;2047;2047.4;2046.4;2047.2;129
20240301 102800;2046.9;2046.9;2045.5;2045.8;124
20240301 102900;2045.8;2046;2044.9;2045.3;144
20240301 103000;2045.2;2045.9;2045.1;2045.9;74
20240301 103100;2046;2048.2;2045.7;2048.2;120
20240301 103200;2048.1;2048.5;2047.3;2048;27
20240301 103300;2047.8;2048.1;2047.6;2047.9;38
20240301 103400;2047.7;2048.1;2047.6;2047.9;24
20240301 103500;2048.1;2048.7;2048.1;2048.5;44
20240301 103600;2048.6;2048.9;2047.8;2047.8;62
20240301 103700;2047.7;2048.8;2047.7;2048.8;28
20240301 103800;2048.9;2050;2048.9;2050;69
20240301 103900;2050.1;2050.7;2049.9;2050.3;70
20240301 104000;2050.3;2050.8;2050.1;2050.2;41
20240301 104100;2050.4;2050.5;2049.2;2049.4;29
20240301 104200;2049.4;2050.1;2049.2;2049.7;42
20240301 104300;2050;2050.1;2049.4;2049.9;63
20240301 104400;2049.6;2050.1;2049.2;2050;17
20240301 104500;2050.2;2050.5;2049.9;2050;16
20240301 104600;2049.9;2049.9;2049;2049;42
20240301 104700;2048.9;2049.3;2048.8;2049.3;29
20240301 104800;2049.4;2050;2049.2;2050;18
20240301 104900;2049.8;2050;2048.2;2048.3;93
20240301 105000;2048.2;2049;2048.1;2048.9;12
20240301 105100;2049.2;2049.2;2048.4;2048.8;33
20240301 105200;2048.6;2048.8;2048.6;2048.7;21
20240301 105300;2048.5;2048.8;2048.1;2048.8;72
20240301 105400;2048.8;2048.9;2048.1;2048.2;32
20240301 105500;2048.3;2048.9;2048.3;2048.8;52
20240301 105600;2048.7;2050;2048.6;2049.8;72
20240301 105700;2049.7;2050.7;2049.7;2050.5;45
20240301 105800;2050.6;2051.7;2050.6;2051.4;105
20240301 105900;2051.4;2051.9;2051.2;2051.9;31
20240301 110000;2051.8;2052.4;2051.8;2052.2;103
20240301 110100;2052.2;2052.7;2051.4;2052.5;148
20240301 110200;2052.7;2053.6;2052.6;2053.4;106
20240301 110300;2053.4;2053.5;2052.8;2053.3;36
20240301 110400;2053.3;2053.3;2052.7;2053;34
20240301 110500;2052.9;2053.1;2052.6;2052.7;35
20240301 110600;2052.7;2053.1;2052.3;2052.8;91
20240301 110700;2053.2;2053.2;2052.2;2052.2;43
20240301 110800;2052.2;2052.6;2052.2;2052.3;24
20240301 110900;2052.3;2052.4;2052;2052;48
20240301 111000;2052;2052.1;2051.6;2051.6;31
20240301 111100;2051.9;2051.9;2050.5;2051;103
20240301 111200;2050.8;2051.1;2050.5;2051.1;39
20240301 111300;2051.3;2051.4;2050.2;2050.4;88
20240301 111400;2050.5;2050.7;2049.3;2049.4;181
20240301 111500;2049.3;2050.1;2049.2;2049.7;88
20240301 111600;2049.7;2050.4;2049.7;2050;64
20240301 111700;2050;2051;2050;2050.6;56
20240301 111800;2050.5;2051;2050.1;2050.5;43
20240301 111900;2050.7;2051.2;2050.7;2050.9;30
20240301 112000;2050.7;2051.7;2050.7;2051.7;75
20240301 112100;2051.9;2053.2;2051.9;2053.2;93
20240301 112200;2053.1;2053.1;2051.3;2052.2;105
20240301 112300;2052;2052.1;2051.1;2051.2;42
20240301 112400;2051.3;2051.9;2051.3;2051.9;61
20240301 112500;2051.8;2051.8;2050.8;2051.3;41
20240301 112600;2051.5;2051.5;2051.3;2051.5;19
20240301 112700;2051.5;2051.7;2051.4;2051.4;13
20240301 112800;2051.1;2051.4;2050.9;2051.4;15
20240301 112900;2051.5;2051.5;2051.1;2051.2;23
20240301 113000;2051.2;2051.3;2051.2;2051.3;8
20240301 113100;2051.4;2051.5;2050.7;2051;29
20240301 113200;2051.1;2051.7;2051;2051.7;10
20240301 113300;2051.7;2052.1;2051.7;2051.9;24
20240301 113400;2052.3;2052.6;2052.3;2052.4;17
20240301 113500;2052.3;2052.3;2052.1;2052.3;17
20240301 113600;2052.4;2052.5;2052.2;2052.2;13
20240301 113700;2052.1;2052.1;2051.6;2051.8;32
20240301 113800;2052;2052.3;2051.9;2052;40
20240301 113900;2051.9;2052.7;2051.9;2052.7;29
20240301 114000;2052.8;2053.2;2052.4;2052.4;17
20240301 114100;2052.5;2053.4;2052.4;2053.4;54
20240301 114200;2053.4;2053.8;2053;2053.3;79
20240301 114300;2053.3;2053.6;2053.2;2053.3;21
20240301 114400;2053.1;2053.6;2053;2053.2;29
20240301 114500;2053.3;2053.7;2053.2;2053.4;37
20240301 114600;2053.3;2053.8;2053.1;2053.8;19
20240301 114700;2053.9;2054.8;2053.9;2054.5;61
20240301 114800;2054.4;2054.8;2054.4;2054.7;7
20240301 114900;2054.9;2055.2;2054.7;2054.8;32
20240301 115000;2054.8;2054.8;2054.2;2054.2;9
20240301 115100;2054.3;2054.8;2054.3;2054.6;30
20240301 115200;2054.6;2054.6;2054.2;2054.3;32
20240301 115300;2054.4;2054.4;2054.1;2054.3;30
20240301 115400;2054.3;2054.3;2053.6;2053.7;35
20240301 115500;2053.6;2053.6;2053.2;2053.3;35
20240301 115600;2053.5;2053.6;2053.5;2053.6;16
20240301 115700;2053.8;2054.1;2053.7;2054;18
20240301 115800;2054;2054;2053.2;2053.2;25
20240301 115900;2053.4;2053.6;2053.4;2053.6;9
20240301 120000;2053.8;2053.8;2053.4;2053.8;17
20240301 120100;2053.9;2054.7;2053.7;2053.9;41
20240301 120200;2054;2054;2053.4;2053.8;38
20240301 120300;2053.8;2053.9;2053.5;2053.7;29
20240301 120400;2053.9;2054.6;2053.9;2054.6;22
20240301 120500;2054.4;2054.4;2053.6;2053.6;24
20240301 120600;2053.5;2053.6;2053.2;2053.3;36
20240301 120700;2053.4;2054.2;2053.4;2054.2;16
20240301 120800;2054.2;2054.6;2054.2;2054.5;7
20240301 120900;2054.7;2054.7;2054.3;2054.3;12
20240301 121000;2054.1;2054.1;2053.3;2053.7;31
20240301 121100;2053.4;2053.9;2053.4;2053.7;21
20240301 121200;2053.6;2053.6;2053;2053.2;12
20240301 121300;2053.3;2053.6;2053.3;2053.5;7
20240301 121400;2053.7;2053.7;2053.5;2053.6;5
20240301 121500;2053.8;2053.9;2053.8;2053.9;6
20240301 121600;2054;2054.3;2053.7;2054.3;33
20240301 121700;2054;2054;2053.7;2053.8;8
20240301 121800;2054.1;2054.4;2054;2054;21
20240301 121900;2053.8;2054.4;2053.8;2054;23
20240301 122000;2053.9;2054;2053.7;2053.8;29
20240301 122100;2053.9;2054.3;2053.9;2054.2;6
20240301 122200;2054.3;2054.4;2053.9;2054.2;25
20240301 122300;2054.4;2054.4;2053.7;2054.1;27
20240301 122400;2054.2;2054.2;2053.3;2053.5;25
20240301 122500;2053.5;2054;2053.5;2053.6;32
20240301 122600;2053.7;2054.1;2053.6;2053.8;29
20240301 122700;2053.7;2054.6;2053.7;2054.6;47
20240301 122800;2054.7;2054.8;2054.3;2054.4;43
20240301 122900;2054.2;2054.3;2053.8;2053.8;22
20240301 123000;2053.5;2053.6;2053.4;2053.5;10
20240301 123100;2053.7;2053.7;2053.4;2053.6;16
20240301 123200;2053.5;2053.6;2052.9;2053.6;33
20240301 123300;2053.7;2053.9;2053.5;2053.7;15
20240301 123400;2053.8;2053.8;2053.6;2053.8;8
20240301 123500;2053.8;2054.3;2053.8;2054.1;18
20240301 123600;2054.4;2054.9;2054.4;2054.4;29
20240301 123700;2054.1;2054.6;2054;2054.5;17
20240301 123800;2054.5;2055;2054.2;2054.8;31
20240301 123900;2054.9;2055.5;2054.9;2055.4;44
20240301 124000;2055.4;2055.6;2054.9;2055.6;50
20240301 124100;2055.7;2056.1;2055.4;2055.5;51
20240301 124200;2055.4;2055.6;2055.1;2055.4;26
20240301 124300;2055.5;2055.9;2055.5;2055.6;18
20240301 124400;2055.6;2055.6;2055.5;2055.5;4
20240301 124500;2055.2;2055.4;2054.9;2055.3;27
20240301 124600;2055.2;2055.5;2055.2;2055.5;7
20240301 124700;2055.3;2055.4;2055.2;2055.3;24
20240301 124800;2055.2;2055.2;2055.1;2055.2;10
20240301 124900;2055.4;2055.4;2055.2;2055.4;14
20240301 125000;2055.3;2055.9;2055.3;2055.8;28
20240301 125100;2055.8;2056;2055.6;2055.7;17
20240301 125200;2055.6;2056.3;2055.5;2056.3;55
20240301 125300;2056.5;2056.6;2056;2056.3;45
20240301 125400;2056.2;2056.7;2056.2;2056.6;33
20240301 125500;2056.6;2057.1;2056.5;2056.7;64
20240301 125600;2056.7;2056.8;2056.6;2056.6;13
20240301 125700;2056.4;2056.6;2056.2;2056.3;29
20240301 125800;2056.4;2056.5;2056.1;2056.4;56
20240301 125900;2056.3;2056.6;2056.2;2056.6;31
20240301 130000;2056.4;2056.4;2055.8;2055.8;50
20240301 130100;2055.7;2056.2;2055.6;2055.7;43
20240301 130200;2056;2056.6;2055.4;2055.8;90
20240301 130300;2055.9;2056.7;2055.7;2055.9;86
20240301 130400;2055.7;2056.1;2055.7;2055.9;55
20240301 130500;2055.8;2056.9;2055.8;2056.8;66
20240301 130600;2056.6;2057.6;2056.6;2057.4;131
20240301 130700;2057.4;2058.1;2057.3;2057.8;123
20240301 130800;2057.7;2058.3;2057.2;2057.3;121
20240301 130900;2057.4;2058.1;2057.4;2057.9;45
20240301 131000;2057.9;2058.4;2057.9;2058;55
20240301 131100;2058.2;2058.3;2057.8;2057.8;18
20240301 131200;2057.7;2057.7;2057.1;2057.3;29
20240301 131300;2057.3;2057.7;2057.3;2057.7;19
20240301 131400;2057.6;2057.9;2057.4;2057.9;18
20240301 131500;2057.9;2057.9;2057.5;2057.5;28
20240301 131600;2057.6;2057.9;2056.6;2057.9;139
20240301 131700;2057.7;2057.9;2057.1;2057.4;63
20240301 131800;2057.5;2058.2;2057.4;2058;129
20240301 131900;2057.9;2057.9;2057.3;2057.4;43
20240301 132000;2057.3;2058;2057.3;2057.5;71
20240301 132100;2057.4;2057.4;2056.4;2056.9;133
20240301 132200;2057.4;2058;2057.1;2057.1;66
20240301 132300;2057.3;2057.7;2057.1;2057.4;42
20240301 132400;2057.5;2057.5;2056.7;2056.7;41
20240301 132500;2056.8;2057.1;2056.1;2057.1;69
20240301 132600;2057.2;2057.3;2056.4;2057.2;63
20240301 132700;2057.1;2057.1;2056.7;2056.9;101
20240301 132800;2056.8;2058.2;2056.8;2058;99
20240301 132900;2058.1;2058.4;2057.8;2058.1;51
20240301 133000;2058.2;2058.4;2058.2;2058.2;29
20240301 133100;2058.1;2058.6;2058;2058.2;52
20240301 133200;2058.1;2058.1;2057;2057.2;120
20240301 133300;2056.9;2057.1;2055.3;2055.5;187
20240301 133400;2055.4;2056.7;2055.4;2056;99
20240301 133500;2055.9;2056.9;2055.6;2056.7;190
20240301 133600;2056.7;2058.4;2052.8;2057.2;1360
20240301 133700;2057.3;2058.5;2056.2;2057.2;369
20240301 133800;2057;2058.1;2056.5;2058;269
20240301 133900;2058.2;2059.3;2057.8;2058.6;161
20240301 134000;2058.5;2059.1;2058.1;2059;47
20240301 134100;2058.9;2060.2;2058.7;2059.9;248
20240301 134200;2059.6;2059.6;2057.6;2058.3;118
20240301 134300;2058.4;2058.5;2056.7;2057.2;144
20240301 134400;2057;2057.6;2056.6;2056.6;137
20240301 134500;2056.5;2056.9;2056.1;2056.2;200
20240301 134600;2056.1;2056.5;2055.9;2056;133
20240301 134700;2056.1;2058;2056.1;2058;80
20240301 134800;2057.9;2058.9;2057.7;2058.6;76
20240301 134900;2058.5;2058.6;2057.7;2058.4;63
20240301 135000;2058.5;2059.8;2058.5;2059.5;78
20240301 135100;2059.5;2059.7;2058.5;2058.7;46
20240301 135200;2058.8;2059.6;2058.3;2059.4;52
20240301 135300;2059.2;2059.5;2058.3;2058.3;43
20240301 135400;2058.4;2059.6;2058.2;2059.4;47
20240301 135500;2059.2;2059.8;2058.9;2059.1;41
20240301 135600;2059;2059.7;2058.7;2058.9;49
20240301 135700;2058.9;2060.5;2058.9;2060.5;188
20240301 135800;2060.4;2061.3;2060;2060.6;161
20240301 135900;2060.7;2061.5;2060.4;2061.4;121
20240301 140000;2061.3;2061.8;2061.2;2061.4;153
20240301 140100;2061.3;2061.8;2060.4;2061.5;140
20240301 140200;2061.6;2061.6;2060.7;2060.8;83
20240301 140300;2060.7;2061.7;2060.7;2061.5;61
20240301 140400;2061.4;2061.6;2060.4;2060.5;67
20240301 140500;2060.4;2061.1;2060.4;2060.8;63
20240301 140600;2060.6;2060.6;2059.4;2060.2;135
20240301 140700;2060.1;2060.4;2059.9;2060.2;67
20240301 140800;2060.2;2060.6;2058.8;2058.8;242
20240301 140900;2058.9;2059.5;2058.2;2058.4;106
20240301 141000;2058.5;2058.7;2058.1;2058.7;81
20240301 141100;2058.8;2059.6;2058.5;2058.7;179
20240301 141200;2058.8;2058.8;2058.2;2058.4;88
20240301 141300;2058.5;2058.6;2057.6;2057.7;90
20240301 141400;2057.8;2057.9;2056.9;2057;86
20240301 141500;2057;2058;2057;2057.2;302
20240301 141600;2057;2058.3;2057;2057.9;145
20240301 141700;2057.9;2059.1;2057.9;2059.1;102
20240301 141800;2058.9;2060.3;2058.8;2060;125
20240301 141900;2060.1;2060.3;2059.5;2059.7;77
20240301 142000;2059.9;2060.6;2059.6;2060.6;51
20240301 142100;2060.6;2061.2;2060.5;2061.2;97
20240301 142200;2061.3;2062.4;2061.3;2062;169
20240301 142300;2061.9;2062.2;2061.7;2061.8;127
20240301 142400;2061.8;2062.4;2061.8;2062.4;56
20240301 142500;2062.5;2063.4;2062.3;2063;207
20240301 142600;2062.8;2063.7;2062.8;2063.6;199
20240301 142700;2063.6;2064;2063.3;2063.8;103
20240301 142800;2063.8;2063.9;2063.2;2063.2;148
20240301 142900;2063.2;2063.2;2062.5;2062.5;215
20240301 143000;2062.5;2064.7;2062.4;2064.4;340
20240301 143100;2064.5;2064.8;2060.3;2064.2;2544
20240301 143200;2064.1;2066.9;2062.4;2063;1611
20240301 143300;2063.2;2063.6;2061;2062.7;831
20240301 143400;2062.6;2064.3;2061.4;2064.3;735
20240301 143500;2064.4;2064.8;2060.9;2061.7;521
20240301 143600;2061.7;2061.8;2060;2061.5;715
20240301 143700;2061.2;2062.2;2059.3;2059.5;588
20240301 143800;2059.3;2060.5;2058.6;2059.7;852
20240301 143900;2059.5;2059.5;2056.4;2056.4;607
20240301 144000;2056.5;2056.5;2053.4;2054.1;1332
20240301 144100;2054.1;2054.3;2051.4;2052.4;1359
20240301 144200;2052.4;2052.6;2050.8;2051;690
20240301 144300;2051;2052;2050.2;2050.7;612
20240301 144400;2050.7;2053.7;2050.3;2052.4;847
20240301 144500;2052.5;2054.2;2052.1;2053.8;427
20240301 144600;2053.7;2054.4;2052.1;2053.3;844
20240301 144700;2053.4;2054.4;2051.4;2052.2;494
20240301 144800;2052.5;2054.2;2051.7;2054.2;556
20240301 144900;2054.2;2054.2;2051.3;2054;398
20240301 145000;2054.1;2054.4;2052.6;2053.9;256
20240301 145100;2054;2054.1;2052.5;2054;374
20240301 145200;2054;2054.8;2052.8;2054.7;574
20240301 145300;2054.8;2055.7;2054.2;2055.4;545
20240301 145400;2055.4;2055.4;2053.9;2054.8;403
20240301 145500;2054.6;2056;2054.2;2054.8;502
20240301 145600;2054.8;2055;2053.1;2054.7;411
20240301 145700;2054.8;2056.4;2054.1;2056.2;425
20240301 145800;2056.1;2056.6;2055.4;2055.5;389
20240301 145900;2055.7;2056.4;2055.6;2056.1;237
20240301 150000;2056;2056.5;2055.6;2056.5;263
20240301 150100;2056.6;2065.1;2056.6;2061.8;2785
20240301 150200;2061.6;2063;2060.8;2062.1;1178
20240301 150300;2062.3;2062.3;2057.9;2058.8;1227
20240301 150400;2058.9;2062.3;2058.3;2061.6;1111
20240301 150500;2061.7;2062.2;2058.3;2058.6;984
20240301 150600;2058.7;2063.7;2058.7;2062.7;896
20240301 150700;2062.8;2063;2060.9;2061.3;289
20240301 150800;2061.4;2063.1;2060.6;2062.2;600
20240301 150900;2062.2;2063.9;2062.1;2063.5;652
20240301 151000;2063.6;2064.1;2062.5;2063;483
20240301 151100;2063.1;2065.8;2063.1;2065.5;763
20240301 151200;2065.5;2065.6;2063.2;2063.4;659
20240301 151300;2063.6;2065.4;2063.6;2064.5;394
20240301 151400;2064.5;2066;2064.1;2065.6;641
20240301 151500;2065.7;2066;2065;2065.1;390
20240301 151600;2065.1;2067.8;2065.1;2067.4;955
20240301 151700;2067.5;2068.8;2067.3;2068.8;722
20240301 151800;2068.8;2069.8;2068.4;2068.4;1637
20240301 151900;2068.5;2069.4;2067.7;2068.9;699
20240301 152000;2068.7;2069.2;2067.7;2068.2;369
20240301 152100;2068.2;2071;2068.2;2070.8;704
20240301 152200;2070.8;2073.6;2070.8;2072.9;1852
20240301 152300;2072.9;2073.7;2072.3;2073.2;1067
20240301 152400;2073.2;2073.9;2072;2073.6;733
20240301 152500;2073.8;2075.5;2073.7;2075.2;679
20240301 152600;2075.3;2077.5;2075.3;2075.6;1356
20240301 152700;2075.6;2077.4;2075.6;2077.2;652
20240301 152800;2077.3;2077.6;2075.3;2076.1;446
20240301 152900;2076.1;2076.6;2074.8;2075;380
20240301 153000;2075.1;2075.4;2074.2;2075.2;827
20240301 153100;2075.4;2076.4;2074.3;2074.6;497
20240301 153200;2074.7;2074.7;2072;2073.2;861
20240301 153300;2073.2;2073.9;2071.7;2073.6;383
20240301 153400;2073.5;2073.9;2072.4;2072.4;420
20240301 153500;2072.3;2072.8;2071;2072.6;881
20240301 153600;2072.5;2074.5;2072.4;2074.1;487
20240301 153700;2074.2;2074.9;2073.1;2073.1;496
20240301 153800;2073.1;2073.6;2071.4;2071.4;385
20240301 153900;2071.5;2071.6;2069.3;2069.6;1120
20240301 154000;2069.6;2071;2069;2069.8;539
20240301 154100;2069.7;2072.3;2069.3;2072.3;343
20240301 154200;2072.2;2073;2071.7;2072.9;243
20240301 154300;2073;2074.1;2072.9;2073.3;347
20240301 154400;2073;2074;2072.7;2073.7;183
20240301 154500;2073.8;2074.2;2073;2073.1;321
20240301 154600;2073.1;2075;2072.9;2073.9;464
20240301 154700;2073.9;2075.8;2073.9;2075.4;301
20240301 154800;2075.4;2077.5;2075.3;2076.7;475
20240301 154900;2076.6;2077.2;2075.4;2075.9;566
20240301 155000;2075.9;2076.9;2075.9;2076.6;221
20240301 155100;2076.8;2078.4;2076.8;2078.3;383
20240301 155200;2078.4;2078.7;2077.1;2078;255
20240301 155300;2078;2078.1;2076.6;2076.8;197
20240301 155400;2076.9;2077.2;2075.1;2075.5;307
20240301 155500;2075.6;2076.1;2075;2075.8;195
20240301 155600;2075.6;2078.5;2075.4;2078.4;327
20240301 155700;2078.4;2079;2077.1;2077.2;362
20240301 155800;2077.1;2077.3;2076.3;2076.4;164
20240301 155900;2076.5;2076.7;2075;2076.1;603
20240301 160000;2076.3;2077.8;2076.3;2077.7;180
20240301 160100;2077.6;2078.5;2077;2078.2;362
20240301 160200;2078.1;2078.5;2077.3;2078.1;377
20240301 160300;2078.2;2079;2077.6;2078.3;656
20240301 160400;2078.4;2079.3;2077.2;2077.3;430
20240301 160500;2077.3;2079.4;2077.3;2079.2;532
20240301 160600;2079.2;2079.5;2078.8;2079.1;873
20240301 160700;2079.2;2079.7;2079;2079.4;407
20240301 160800;2079.4;2080.4;2079.2;2080.2;780
20240301 160900;2080.1;2081;2079.1;2079.3;558
20240301 161000;2079.4;2079.5;2079;2079.3;446
20240301 161100;2079.4;2081.1;2079;2080.9;703
20240301 161200;2080.9;2080.9;2080;2080.3;309
20240301 161300;2080.3;2080.4;2077.5;2077.6;605
20240301 161400;2077.8;2079.3;2077.3;2079.3;457
20240301 161500;2079.3;2079.6;2078.2;2079;225
20240301 161600;2079.1;2080.4;2078.8;2080.4;185
20240301 161700;2080.4;2081.7;2080.4;2081.3;341
20240301 161800;2081.4;2082.1;2081.2;2081.8;605
20240301 161900;2081.9;2081.9;2080.2;2080.3;311
20240301 162000;2080.4;2081.4;2079.9;2081.2;192
20240301 162100;2081.2;2082;2081.2;2081.8;554
20240301 162200;2081.9;2082.1;2080.7;2080.8;779
20240301 162300;2080.9;2081.3;2079.4;2079.5;545
20240301 162400;2079.5;2080.2;2078;2078.1;629
20240301 162500;2078.2;2078.6;2077.8;2078.1;508
20240301 162600;2078;2078.1;2075.8;2075.9;690
20240301 162700;2075.9;2077;2075;2077;741
20240301 162800;2076.8;2077.1;2076.1;2076.3;294
20240301 162900;2076.2;2076.5;2074.8;2075.4;348
20240301 163000;2075.5;2075.8;2074.9;2075.2;308
20240301 163100;2075.2;2075.7;2074.6;2075.6;313
20240301 163200;2075.8;2076.6;2075.6;2075.7;327
20240301 163300;2075.7;2075.9;2074.7;2074.7;461
20240301 163400;2074.9;2075.9;2074.3;2074.6;261
20240301 163500;2074.6;2074.9;2073.7;2073.7;464
20240301 163600;2073.8;2074;2072;2072.4;1226
20240301 163700;2072.5;2075.1;2072.4;2074.7;601
20240301 163800;2074.7;2076;2074.6;2075.2;464
20240301 163900;2075.2;2075.6;2074.1;2074.6;378
20240301 164000;2074.6;2076;2074.6;2075.8;244
20240301 164100;2075.9;2076.9;2075.9;2076.4;443
20240301 164200;2076.5;2076.6;2075.3;2075.6;277
20240301 164300;2075.7;2076;2074.6;2074.7;242
20240301 164400;2074.8;2074.9;2073.8;2074.5;235
20240301 164500;2074.5;2075.3;2073.8;2073.8;138
20240301 164600;2073.8;2074.8;2073.8;2074.1;218
20240301 164700;2074.2;2074.5;2074.1;2074.1;154
20240301 164800;2074.2;2074.9;2073.7;2074.4;232
20240301 164900;2074.4;2075.7;2074.2;2075.3;221
20240301 165000;2075.4;2075.6;2074.8;2075.6;136
20240301 165100;2075.6;2075.7;2074.8;2075.4;223
20240301 165200;2075.3;2076.1;2075.3;2075.6;144
20240301 165300;2075.6;2076;2074.7;2074.7;182
20240301 165400;2074.9;2075.7;2074.9;2075.6;68
20240301 165500;2075.8;2077.7;2075.7;2077.4;363
20240301 165600;2077.5;2078.4;2077.1;2077.2;503
20240301 165700;2077.1;2078.1;2076.8;2078;202
20240301 165800;2077.8;2078.2;2076.5;2076.5;334
20240301 165900;2076.6;2076.7;2076.1;2076.6;132
20240301 170000;2076.6;2077.2;2076.5;2077.1;109
20240301 170100;2077.1;2077.1;2075.4;2075.5;177
20240301 170200;2075.4;2076.3;2074.9;2076.1;209
20240301 170300;2076.1;2076.5;2075.4;2076.3;127
20240301 170400;2076.3;2076.7;2075.4;2076.4;100
20240301 170500;2076.5;2077.2;2076.5;2076.6;69
20240301 170600;2076.8;2077.6;2076.7;2076.9;94
20240301 170700;2077;2077.2;2076.1;2076.7;74
20240301 170800;2076.6;2077.1;2076.1;2076.3;58
20240301 170900;2076.4;2076.4;2075.8;2076.1;95
20240301 171000;2076.1;2076.8;2075.9;2076.6;76
20240301 171100;2076.7;2077;2076.2;2077;110
20240301 171200;2077.1;2078.1;2076.9;2078.1;156
20240301 171300;2078.2;2078.6;2077.8;2077.8;199
20240301 171400;2077.7;2078.2;2077.6;2077.7;91
20240301 171500;2077.8;2078.9;2077.7;2078.9;144
20240301 171600;2078.8;2079;2078.3;2078.3;197
20240301 171700;2078.4;2078.4;2077.9;2078.3;90
20240301 171800;2078.4;2079.3;2078.3;2078.7;190
20240301 171900;2078.7;2078.7;2078.3;2078.5;76
20240301 172000;2078.5;2078.9;2078.3;2078.9;52
20240301 172100;2078.8;2079.7;2078.8;2079.5;198
20240301 172200;2079.4;2079.4;2078.4;2078.7;82
20240301 172300;2078.8;2079.1;2078.3;2079;131
20240301 172400;2079.1;2079.1;2078.6;2078.8;68
20240301 172500;2078.8;2079.2;2078.7;2078.8;141
20240301 172600;2078.8;2079.2;2078.4;2079;82
20240301 172700;2079.1;2079.4;2078.9;2079.4;82
20240301 172800;2079.5;2080.2;2078.9;2079;210
20240301 172900;2079.1;2079.3;2078.5;2078.7;109
20240301 173000;2078.8;2079.1;2078.3;2078.5;282
20240301 173100;2078.6;2078.9;2078;2078.8;203
20240301 173200;2078.8;2078.9;2078.2;2078.7;210
20240301 173300;2078.6;2080;2078.6;2079.7;479
20240301 173400;2079.7;2080.1;2079.2;2079.8;185
20240301 173500;2079.7;2080.2;2079.5;2080.1;68
20240301 173600;2080;2080.5;2079.8;2080.1;121
20240301 173700;2080.1;2080.3;2079.2;2079.3;83
20240301 173800;2079.5;2080.3;2079.4;2079.6;280
20240301 173900;2079.7;2079.7;2078.7;2078.7;217
20240301 174000;2078.9;2079.2;2077.8;2077.9;277
20240301 174100;2077.9;2078.6;2077.8;2078.2;153
20240301 174200;2078.3;2078.3;2077.2;2077.9;164
20240301 174300;2077.9;2078.4;2077.7;2078.1;164
20240301 174400;2078.1;2078.1;2077;2077.4;344
20240301 174500;2077.5;2078.4;2077.4;2078.2;310
20240301 174600;2078.2;2078.7;2078;2078;100
20240301 174700;2078.3;2078.4;2077.1;2077.2;142
20240301 174800;2077.3;2078.2;2077.2;2077.9;148
20240301 174900;2078;2078.8;2078;2078.7;190
20240301 175000;2078.8;2079.6;2078.7;2079.3;179
20240301 175100;2079.3;2079.8;2079.2;2079.3;122
20240301 175200;2079.3;2079.8;2078.7;2078.9;153
20240301 175300;2078.9;2079.4;2078.8;2079.1;125
20240301 175400;2079;2079.3;2078.6;2078.8;94
20240301 175500;2078.6;2079.4;2078.3;2079.2;92
20240301 175600;2079.2;2079.7;2078.9;2079.6;95
20240301 175700;2079.7;2079.7;2078.8;2078.9;59
20240301 175800;2079.1;2079.3;2079;2079.1;49
20240301 175900;2079.2;2079.3;2078;2078;124
20240301 180000;2077.9;2078.1;2077.7;2077.8;140
20240301 180100;2077.8;2077.9;2077.1;2077.8;158
20240301 180200;2077.8;2077.9;2076.9;2077;248
20240301 180300;2077;2077.3;2076.7;2077;252
20240301 180400;2077;2077.2;2075.7;2076.1;295
20240301 180500;2076.1;2077.2;2075.9;2076.5;309
20240301 180600;2076.4;2076.8;2076.1;2076.6;110
20240301 180700;2076.6;2076.9;2076.1;2076.6;187
20240301 180800;2076.5;2077.5;2076.2;2076.9;379
20240301 180900;2077;2077;2076.4;2076.6;143
20240301 181000;2076.7;2076.8;2076.2;2076.4;125
20240301 181100;2076.4;2078;2076.4;2078;143
20240301 181200;2078;2078.4;2077.7;2078;169
20240301 181300;2078.1;2078.2;2077.5;2077.6;117
20240301 181400;2077.5;2077.5;2076.6;2076.6;122
20240301 181500;2076.7;2077;2076.1;2076.3;152
20240301 181600;2076.3;2076.9;2076.3;2076.9;132
20240301 181700;2076.9;2077.7;2076.9;2077.5;192
20240301 181800;2077.5;2077.5;2075.8;2075.8;142
20240301 181900;2075.9;2076;2075.6;2075.9;135
20240301 182000;2075.8;2076.4;2075.3;2075.8;271
20240301 182100;2075.7;2075.8;2075.1;2075.7;243
20240301 182200;2075.8;2076.3;2075.1;2076.1;221
20240301 182300;2076.2;2076.5;2075.9;2076.2;212
20240301 182400;2076.2;2076.4;2075.7;2076.2;133
20240301 182500;2076.2;2077;2076.1;2076.7;267
20240301 182600;2076.8;2077;2076;2076.1;172
20240301 182700;2076.2;2078.2;2076.2;2078.1;307
20240301 182800;2078;2078.3;2077.5;2077.8;305
20240301 182900;2077.9;2078.6;2077.9;2078.2;155
20240301 183000;2078.1;2078.2;2077.1;2077.3;143
20240301 183100;2077.3;2077.5;2076.9;2077.3;183
20240301 183200;2077.3;2077.3;2076.5;2076.9;141
20240301 183300;2077;2077.6;2077;2077;97
20240301 183400;2077.1;2077.4;2076.9;2077.2;93
20240301 183500;2077.1;2077.7;2076.9;2077.4;119
20240301 183600;2077.4;2077.8;2077;2077.2;150
20240301 183700;2077.2;2078;2077.2;2077.8;100
20240301 183800;2077.9;2077.9;2076.9;2077.1;129
20240301 183900;2077.1;2077.8;2077;2077.6;144
20240301 184000;2077.7;2077.8;2077.2;2077.2;87
20240301 184100;2077.2;2077.8;2077;2077.4;158
20240301 184200;2077.4;2077.8;2077.1;2077.2;218
20240301 184300;2077.2;2077.9;2077;2077;182
20240301 184400;2077;2077.3;2077;2077.3;134
20240301 184500;2077.3;2077.8;2077.1;2077.4;275
20240301 184600;2077.5;2077.7;2077.1;2077.5;88
20240301 184700;2077.6;2077.6;2077.2;2077.4;108
20240301 184800;2077.4;2077.6;2076.7;2077.4;154
20240301 184900;2077.4;2077.4;2076.3;2076.4;186
20240301 185000;2076.5;2076.6;2075.6;2076.4;298
20240301 185100;2076.5;2076.5;2075.8;2076;153
20240301 185200;2075.9;2076.4;2075.2;2076.3;224
20240301 185300;2076.3;2076.6;2076;2076.6;75
20240301 185400;2076.6;2077;2076.5;2076.9;83
20240301 185500;2076.9;2077;2076.6;2076.9;58
20240301 185600;2076.9;2078;2076.8;2077.9;57
20240301 185700;2078;2078.8;2077.9;2078.7;204
20240301 185800;2078.7;2079.1;2078.6;2078.9;215
20240301 185900;2078.9;2079;2078.3;2078.3;115
20240301 190000;2078.4;2079.5;2078.4;2079.3;247
20240301 190100;2079.3;2080.7;2079.1;2080.5;537
20240301 190200;2080.5;2081.1;2080.4;2080.7;452
20240301 190300;2080.8;2080.9;2080.1;2080.5;202
20240301 190400;2080.6;2080.9;2080.2;2080.3;156
20240301 190500;2080.4;2080.6;2080;2080.4;106
20240301 190600;2080.3;2081.1;2080.3;2080.7;139
20240301 190700;2080.6;2080.6;2078.9;2079.1;328
20240301 190800;2079.1;2079.5;2078.4;2078.7;146
20240301 190900;2078.8;2079.4;2078.7;2079.2;81
20240301 191000;2079.4;2080.1;2079;2079.7;138
20240301 191100;2079.7;2080;2079.2;2079.5;107
20240301 191200;2079.4;2079.7;2079.3;2079.4;66
20240301 191300;2079.5;2079.5;2078.4;2078.6;141
20240301 191400;2078.7;2079;2078.1;2078.5;333
20240301 191500;2078.6;2079.5;2078.4;2079.3;95
20240301 191600;2079.3;2080.1;2079.2;2080.1;106
20240301 191700;2080.1;2080.3;2079.8;2080.2;176
20240301 191800;2080.3;2080.3;2079.5;2079.6;104
20240301 191900;2079.9;2079.9;2079;2079.1;73
20240301 192000;2079;2079.4;2078.7;2079;140
20240301 192100;2078.9;2079.5;2078.7;2079.4;116
20240301 192200;2079.2;2079.9;2079.1;2079.7;130
20240301 192300;2079.7;2079.8;2078.8;2079;103
20240301 192400;2079;2079;2077.9;2078.3;321
20240301 192500;2078.4;2079;2077;2078.8;575
20240301 192600;2078.7;2079.2;2078.3;2078.9;120
20240301 192700;2079.1;2080.1;2079.1;2079.7;165
20240301 192800;2079.7;2080.2;2079.3;2080;194
20240301 192900;2080.1;2080.3;2079.4;2079.5;116
20240301 193000;2079.4;2080.5;2079.3;2080.5;178
20240301 193100;2080.5;2080.7;2080.1;2080.2;234
20240301 193200;2080.3;2080.4;2079.2;2079.2;195
20240301 193300;2079.3;2080;2079.3;2080;104
20240301 193400;2079.9;2079.9;2079;2079.1;165
20240301 193500;2079.2;2079.7;2078.8;2079.5;366
20240301 193600;2079.5;2079.7;2078.9;2079.1;208
20240301 193700;2079.1;2079.5;2078.9;2079.3;281
20240301 193800;2079.4;2079.6;2079.1;2079.6;140
20240301 193900;2079.5;2079.6;2079;2079.3;183
20240301 194000;2079.4;2079.7;2079;2079.1;244
20240301 194100;2079.2;2079.6;2079;2079.4;340
20240301 194200;2079.4;2079.4;2079;2079.1;242
20240301 194300;2079.2;2079.6;2079.1;2079.2;301
20240301 194400;2079.1;2079.7;2079.1;2079.4;166
20240301 194500;2079.5;2079.9;2079.2;2079.9;288
20240301 194600;2079.8;2080;2079;2079;207
20240301 194700;2079.1;2079.6;2078.9;2079.1;344
20240301 194800;2079.1;2079.7;2078.9;2079.7;115
20240301 194900;2079.8;2079.8;2079;2079.1;129
20240301 195000;2079.1;2079.7;2079;2079.5;90
20240301 195100;2079.6;2079.9;2079.3;2079.4;88
20240301 195200;2079.4;2079.5;2079;2079.2;123
20240301 195300;2079.3;2079.6;2079.3;2079.3;66
20240301 195400;2079.4;2079.7;2079.3;2079.4;120
20240301 195500;2079.6;2079.8;2079.4;2079.4;80
20240301 195600;2079.6;2080;2079.5;2079.5;171
20240301 195700;2079.6;2080.3;2079.5;2080.3;87
20240301 195800;2080.4;2080.8;2080.4;2080.5;239
20240301 195900;2080.5;2080.8;2080.2;2080.5;115
20240301 200000;2080.5;2081.1;2080.5;2080.7;197
20240301 200100;2080.7;2080.7;2079.9;2080.5;365
20240301 200200;2080.6;2080.9;2079.4;2079.4;245
20240301 200300;2079.4;2079.8;2079.2;2079.6;167
20240301 200400;2079.6;2079.6;2077.8;2078.1;319
20240301 200500;2078.1;2078.1;2076.6;2076.7;381
20240301 200600;2076.8;2078.6;2076.7;2078;310
20240301 200700;2077.9;2078.3;2077;2077.2;130
20240301 200800;2077.3;2077.3;2075.5;2075.5;232
20240301 200900;2075.7;2076.3;2074.7;2076.2;419
20240301 201000;2076.2;2076.7;2075.7;2076.3;379
20240301 201100;2076.3;2076.5;2074.4;2074.4;498
20240301 201200;2074.4;2075;2074.2;2074.9;331
20240301 201300;2074.8;2075.3;2074;2075.2;193
20240301 201400;2075.1;2075.9;2074.3;2075.6;192
20240301 201500;2075.6;2076.6;2075.4;2075.5;309
20240301 201600;2075.5;2076.1;2075.1;2075.7;179
20240301 201700;2075.8;2075.8;2074.7;2074.7;191
20240301 201800;2074.6;2074.9;2073.6;2073.8;347
20240301 201900;2073.7;2074.7;2073.7;2074;297
20240301 202000;2073.8;2075.8;2073.8;2075.5;208
20240301 202100;2075.4;2077;2075.4;2076.6;608
20240301 202200;2076.8;2077.5;2076.4;2076.8;430
20240301 202300;2076.8;2076.9;2075.6;2075.8;200
20240301 202400;2075.9;2076.5;2075.5;2076.4;174
20240301 202500;2076.5;2076.7;2074.5;2074.7;312
20240301 202600;2074.7;2075.6;2074.7;2075.6;263
20240301 202700;2075.6;2076.1;2075.2;2075.8;206
20240301 202800;2075.9;2076.3;2075.5;2076.2;135
20240301 202900;2076.2;2076.4;2075.4;2076.1;100
20240301 203000;2076.1;2076.7;2075.9;2076.6;150
20240301 203100;2076.6;2077.2;2076.3;2077.2;264
20240301 203200;2077.2;2077.4;2076.1;2076.2;148
20240301 203300;2076.2;2076.6;2075.1;2075.3;214
20240301 203400;2075.3;2075.7;2074.9;2075.2;145
20240301 203500;2075.3;2075.8;2074.8;2075.3;162
20240301 203600;2075.2;2075.3;2074.4;2075.1;235
20240301 203700;2075.1;2075.8;2074.8;2075.7;138
20240301 203800;2075.6;2075.7;2075.1;2075.5;77
20240301 203900;2075.5;2075.5;2074.4;2074.6;665
20240301 204000;2074.5;2075.4;2074.5;2075;235
20240301 204100;2075;2075;2074;2074.5;309
20240301 204200;2074.5;2074.8;2074.3;2074.8;153
20240301 204300;2074.8;2075.3;2074.4;2074.7;448
20240301 204400;2074.7;2075.3;2074.6;2074.8;193
20240301 204500;2074.7;2075.8;2074.7;2075.3;350
20240301 204600;2075.2;2075.8;2074.9;2075.6;534
20240301 204700;2075.6;2076.5;2075.6;2076.3;513
20240301 204800;2076.4;2077.2;2075.9;2077.2;327
20240301 204900;2077.2;2077.5;2076.5;2076.9;337
20240301 205000;2076.8;2077.2;2076.3;2077.2;267
20240301 205100;2077.1;2077.2;2075.6;2075.6;552
20240301 205200;2075.6;2076;2074.8;2075.6;483
20240301 205300;2075.6;2076.3;2075.1;2076.2;352
20240301 205400;2076.3;2076.9;2076;2076.9;351
20240301 205500;2076.9;2077.2;2076.4;2076.8;450
20240301 205600;2076.7;2078.3;2076.6;2077.8;916
20240301 205700;2077.7;2078.4;2077.4;2078.4;726
20240301 205800;2078.5;2078.6;2077.4;2077.7;591
20240301 205900;2077.7;2078.4;2077.5;2078.4;910
20240301 210000;2078.3;2078.7;2077.2;2077.9;7280
20240301 210100;2077.9;2077.9;2076.1;2076.3;2762
20240301 210200;2076.3;2076.3;2075.2;2075.4;464
20240301 210300;2075.4;2076;2075.1;2075.7;616
20240301 210400;2075.9;2075.9;2075.5;2075.6;239
20240301 210500;2075.6;2075.7;2075.2;2075.3;281
20240301 210600;2075.3;2075.8;2075.2;2075.8;359
20240301 210700;2075.9;2075.9;2075;2075.1;270
20240301 210800;2075.1;2075.2;2074.9;2074.9;395
20240301 210900;2074.9;2075;2074.5;2075;314
20240301 211000;2075;2075.1;2074.9;2074.9;194
20240301 211100;2074.9;2075.1;2074.8;2075;72
20240301 211200;2074.9;2074.9;2074.2;2074.4;265
20240301 211300;2074.3;2074.3;2074;2074;210
20240301 211400;2074;2074.5;2073.8;2074.3;313
20240301 211500;2074.2;2074.8;2074;2074.2;399
20240301 211600;2074.2;2074.2;2073.5;2073.7;176
20240301 211700;2073.6;2073.6;2072.8;2072.8;277
20240301 211800;2072.8;2072.9;2072.8;2072.9;101
20240301 211900;2072.9;2073.1;2072.7;2072.8;185
20240301 212000;2073;2073.2;2072.8;2072.8;132
20240301 212100;2072.9;2072.9;2072.7;2072.8;217
20240301 212200;2072.8;2073.1;2072.8;2073.1;123
20240301 212300;2073.2;2073.4;2073;2073.4;73
20240301 212400;2073.4;2073.4;2073.2;2073.2;59
20240301 212500;2073.2;2073.6;2073.2;2073.5;43
20240301 212600;2073.6;2073.8;2073.3;2073.3;194
20240301 212700;2073.2;2073.3;2072.9;2073;48
20240301 212800;2073;2073.3;2073;2073.2;8
20240301 212900;2073.4;2073.5;2073;2073.1;33
20240301 213000;2073.2;2073.2;2073.1;2073.2;17
20240301 213100;2073.2;2073.2;2073.1;2073.2;60
20240301 213200;2073.3;2073.3;2073;2073.2;28
20240301 213300;2073.2;2073.2;2073.1;2073.1;6
20240301 213400;2073;2073.1;2073;2073.1;13
20240301 213500;2073.1;2073.3;2073;2073.2;26
20240301 213600;2073.3;2073.5;2073.2;2073.3;27
20240301 213700;2073.4;2073.8;2073.4;2073.8;33
20240301 213800;2073.7;2073.8;2073.6;2073.6;22
20240301 213900;2073.6;2073.7;2073.6;2073.7;8
20240301 214000;2073.7;2073.7;2073.6;2073.7;22
20240301 214100;2073.5;2073.5;2073.1;2073.1;80
20240301 214200;2073.2;2073.2;2072.8;2072.9;53
20240301 214300;2073.1;2073.2;2072.9;2073.1;39
20240301 214400;2073.2;2073.2;2073.2;2073.2;1
20240301 214500;2073.2;2073.2;2073;2073;7
20240301 214600;2072.9;2072.9;2072.7;2072.9;21
20240301 214700;2073;2073;2072.8;2072.9;36
20240301 214800;2073;2073.1;2072.9;2073;13
20240301 214900;2073;2073.3;2073;2073.3;130
20240301 215000;2073.4;2073.4;2073;2073;46
20240301 215100;2073.1;2073.1;2072.8;2072.9;57
20240301 215200;2072.9;2072.9;2072.6;2072.8;67
20240301 215300;2072.8;2072.8;2072.6;2072.8;53
20240301 215400;2072.6;2072.8;2072.6;2072.6;44
20240301 215500;2072.8;2072.8;2072.5;2072.5;130
20240301 215600;2072.4;2072.5;2072.2;2072.5;141
20240301 215700;2072.6;2072.8;2072.3;2072.5;44
20240301 215800;2072.5;2072.5;2071.9;2071.9;81
20240301 215900;2072.1;2072.2;2071.8;2072;62
20240301 220000;2072;2072.4;2071.6;2071.7;100
20240303 230100;2076;2080.8;2075.5;2080.5;464
20240303 230200;2080.5;2080.5;2078.5;2078.8;213
20240303 230300;2078.8;2078.9;2078.2;2078.2;48
20240303 230400;2078.5;2078.5;2077.4;2077.6;77
20240303 230500;2077.4;2078;2076.7;2078;63
20240303 230600;2078.5;2078.7;2078.4;2078.4;17
20240303 230700;2078.5;2078.9;2078.5;2078.8;33
20240303 230800;2078.9;2079.3;2078.8;2079;23
20240303 230900;2078.8;2079.3;2078.7;2078.8;63
20240303 231000;2078.6;2078.9;2078.2;2078.9;22
20240303 231100;2079.1;2079.1;2078.5;2078.5;29
20240303 231200;2078.6;2078.6;2077.9;2078.1;83
20240303 231300;2078;2078.1;2077.6;2077.8;69
20240303 231400;2077.8;2077.8;2077.4;2077.6;59
20240303 231500;2077.4;2077.6;2077.2;2077.3;37
20240303 231600;2077.2;2077.5;2077;2077.5;20
20240303 231700;2077.5;2077.9;2077.5;2077.6;20
20240303 231800;2077.3;2077.5;2077.3;2077.4;17
20240303 231900;2077.4;2077.4;2077;2077.2;16
20240303 232000;2077.1;2077.1;2076.6;2076.6;23
20240303 232100;2076.6;2076.6;2075.8;2075.8;42
20240303 232200;2075.7;2075.7;2075.1;2075.5;68
20240303 232300;2075.5;2076.1;2075.1;2075.1;40
20240303 232400;2075.1;2075.9;2074.7;2075.8;74
20240303 232500;2075.8;2075.8;2075.4;2075.4;31
20240303 232600;2075.4;2075.8;2075.3;2075.8;29
20240303 232700;2075.8;2075.9;2075.6;2075.9;19
20240303 232800;2075.8;2076.2;2075.8;2076.2;37
20240303 232900;2076.1;2076.3;2076;2076.2;58
20240303 233000;2076.1;2076.3;2075.9;2075.9;12
20240303 233100;2075.8;2075.9;2075.3;2075.9;49
20240303 233200;2076.1;2076.5;2076;2076.3;22
20240303 233300;2076.4;2076.4;2076.1;2076.4;20
20240303 233400;2076.4;2076.6;2076.2;2076.6;41
20240303 233500;2076.5;2076.5;2075.2;2075.2;28
20240303 233600;2075.4;2075.6;2075.4;2075.6;10
20240303 233700;2075.4;2075.4;2075;2075.2;20
20240303 233800;2075.4;2075.6;2075.4;2075.5;4
20240303 233900;2075.7;2075.7;2075.5;2075.5;3
20240303 234000;2075.5;2075.5;2075;2075;6
20240303 234100;2075;2075.3;2075;2075.2;16
20240303 234200;2075.3;2075.3;2074.4;2074.4;25
20240303 234300;2074.4;2074.4;2073.9;2074;44
20240303 234400;2074;2074.7;2074;2074.7;13
20240303 234500;2074.7;2074.7;2074.6;2074.6;4
20240303 234600;2074.6;2074.6;2074.5;2074.5;2
20240303 234700;2074.6;2074.6;2074.2;2074.5;14
20240303 234800;2074.7;2075.3;2074.7;2075.2;28
20240303 234900;2074.9;2075.2;2074.9;2075.1;23
20240303 235000;2075.1;2075.1;2075;2075;5
20240303 235100;2075.3;2075.4;2075.3;2075.3;14
20240303 235200;2075.2;2075.2;2075.1;2075.1;7
20240303 235400;2075.3;2075.3;2075.3;2075.3;2
20240303 235500;2075.5;2075.6;2075.2;2075.2;29
20240303 235600;2075.1;2075.4;2075;2075.1;14
20240303 235700;2075.3;2075.6;2075.3;2075.6;9
20240303 235800;2075.7;2075.9;2075.7;2075.9;3
20240303 235900;2075.9;2076;2075.8;2075.8;4
20240304 000000;2076;2076.3;2076;2076;23
20240304 000100;2076.1;2076.2;2076;2076;12
20240304 000200;2076;2076;2074.9;2075.5;36
20240304 000300;2075.4;2075.4;2075;2075.2;10
20240304 000400;2075.5;2075.7;2075.2;2075.3;15
20240304 000500;2075.5;2075.5;2075.5;2075.5;1
20240304 000600;2075.4;2075.4;2075.3;2075.3;6
20240304 000700;2075.2;2075.2;2074.9;2074.9;3
20240304 000800;2074.6;2075;2074.1;2075;56
20240304 000900;2074.6;2074.7;2074.5;2074.5;13
20240304 001000;2074.5;2074.9;2074.5;2074.8;13
20240304 001100;2074.7;2075;2074.7;2075;19
20240304 001200;2074.8;2074.8;2074.3;2074.3;24
20240304 001400;2074.5;2074.6;2074.2;2074.6;33
20240304 001500;2074.8;2074.8;2074.5;2074.8;4
20240304 001600;2074.8;2074.9;2074.8;2074.9;9
20240304 001700;2074.9;2075.2;2074.6;2075.1;35
20240304 001800;2075.1;2075.3;2075;2075.2;54
20240304 001900;2075;2075;2074.5;2074.9;12
20240304 002000;2074.8;2075;2074.8;2075;16
20240304 002100;2075;2075;2074.8;2074.9;13
20240304 002200;2075.2;2075.5;2075.2;2075.3;40
20240304 002300;2075.5;2075.8;2075.5;2075.8;5
20240304 002400;2075.7;2075.8;2075.6;2075.8;8
20240304 002500;2075.8;2076.2;2075.8;2076;53
20240304 002600;2075.9;2076;2075.8;2076;16
20240304 002700;2076.1;2076.1;2075.8;2075.9;23
20240304 002800;2076;2076.3;2076;2076.3;5
20240304 002900;2076.4;2076.4;2076.2;2076.3;9
20240304 003000;2076.2;2076.3;2076.1;2076.3;5
20240304 003100;2076.2;2076.7;2076.2;2076.7;9
20240304 003200;2076.6;2077.3;2076.5;2077.3;42
20240304 003300;2077.2;2077.3;2076.9;2077.2;15
20240304 003400;2077.2;2077.7;2077.2;2077.6;22
20240304 003500;2077.7;2077.8;2077.5;2077.5;25
20240304 003600;2077.6;2077.8;2077.4;2077.5;22
20240304 003700;2077.6;2077.7;2077.4;2077.6;11
20240304 003800;2077.8;2077.8;2077.6;2077.6;6
20240304 003900;2077.6;2077.7;2077.6;2077.7;6
20240304 004000;2077.7;2077.8;2077.5;2077.7;24
20240304 004100;2077.6;2077.6;2077.4;2077.5;4
20240304 004200;2077.4;2077.4;2077.2;2077.2;4
20240304 004300;2077.3;2077.3;2077.3;2077.3;5
20240304 004400;2077.1;2077.1;2076.8;2076.8;26
20240304 004500;2076.7;2076.8;2076.7;2076.8;8
20240304 004600;2076.6;2076.7;2076.3;2076.3;16
20240304 004700;2076.4;2076.4;2076.4;2076.4;2
20240304 004800;2076.5;2076.5;2076.3;2076.4;14
20240304 004900;2076.3;2076.3;2076;2076;10
20240304 005000;2075.9;2076.2;2075.9;2076.2;8
20240304 005100;2076.2;2076.5;2076;2076;15
20240304 005200;2076.1;2076.2;2076.1;2076.1;4
20240304 005300;2076.2;2076.4;2076.2;2076.3;9
20240304 005400;2076.3;2076.3;2076.1;2076.2;5
20240304 005600;2076.1;2076.2;2076.1;2076.2;5
20240304 005700;2076;2076;2075.8;2075.8;3
20240304 005800;2075.9;2076;2075.9;2075.9;3
20240304 005900;2075.8;2075.8;2075.7;2075.8;6
20240304 010000;2075.8;2076.2;2075.8;2076.2;7
20240304 010100;2076.2;2076.7;2076.2;2076.6;19
20240304 010200;2076.5;2076.7;2076.2;2076.4;28
20240304 010300;2076.3;2076.3;2076.1;2076.1;11
20240304 010400;2076.3;2076.4;2076.1;2076.1;11
20240304 010500;2076.1;2076.2;2076.1;2076.2;5
20240304 010600;2076.3;2076.3;2075.9;2075.9;14
20240304 010700;2075.7;2075.7;2075.2;2075.4;39
20240304 010800;2075.1;2075.3;2074.7;2074.8;32
20240304 010900;2074.8;2074.9;2074.6;2074.9;31
20240304 011000;2075;2075.2;2075;2075.2;12
20240304 011100;2075;2075;2074.5;2074.6;16
20240304 011200;2074.7;2074.7;2074.4;2074.7;13
20240304 011300;2074.6;2075;2074.6;2074.9;11
20240304 011400;2075.3;2075.3;2075.1;2075.1;2
20240304 011500;2075.1;2075.1;2075;2075.1;5
20240304 011600;2075;2075;2074.9;2074.9;5
20240304 011700;2075;2075.1;2075;2075.1;5
20240304 011800;2075.1;2075.2;2075.1;2075.1;13
20240304 011900;2075.1;2075.1;2075.1;2075.1;1
20240304 012000;2075.4;2075.5;2075.2;2075.2;8
20240304 012100;2075.1;2075.1;2075;2075.1;6
20240304 012200;2074.9;2074.9;2074.8;2074.8;3
20240304 012300;2074.8;2074.9;2074.8;2074.8;5
20240304 012400;2074.9;2075;2074.9;2074.9;5
20240304 012500;2074.7;2074.7;2074.4;2074.4;6
20240304 012600;2074.3;2074.3;2074.3;2074.3;1
20240304 012700;2074.5;2074.9;2074.5;2074.9;6
20240304 012800;2075.1;2075.2;2075.1;2075.2;2
20240304 012900;2075.3;2075.3;2075;2075.1;9
20240304 013000;2075;2075.4;2075;2075.4;5
20240304 013100;2075.5;2075.6;2075.2;2075.2;11
20240304 013200;2075;2075;2075;2075;1
20240304 013300;2074.7;2074.7;2074.5;2074.7;13
20240304 013400;2074.6;2075.1;2074.6;2075;25
20240304 013500;2075;2075;2074.8;2074.8;2
20240304 013600;2075.2;2075.4;2075.1;2075.4;7
20240304 013700;2075.5;2075.6;2075.3;2075.3;8
20240304 013800;2075.4;2075.4;2075.2;2075.2;4
20240304 013900;2075.2;2075.2;2075.2;2075.2;1
20240304 014000;2075.4;2075.7;2075.3;2075.7;29
20240304 014100;2075.5;2075.5;2075.2;2075.2;9
20240304 014200;2075.2;2075.2;2075.2;2075.2;1
20240304 014300;2075.1;2075.1;2074.8;2074.9;15
20240304 014400;2075;2075;2074.9;2075;9
20240304 014500;2074.9;2075;2074.6;2074.6;16
20240304 014600;2074.7;2075.1;2074.5;2075.1;12
20240304 014700;2075.2;2075.2;2075;2075;9
20240304 014800;2075;2075;2075;2075;1
20240304 014900;2074.8;2074.9;2074.8;2074.9;3
20240304 015000;2074.8;2075;2074.8;2075;5
20240304 015100;2075;2075.1;2074.8;2074.8;8
20240304 015200;2074.7;2074.7;2074.3;2074.4;29
20240304 015300;2074.3;2074.3;2073.8;2074;29
20240304 015400;2073.9;2073.9;2073.7;2073.9;32
20240304 015500;2073.9;2073.9;2073.7;2073.8;13
20240304 015600;2073.8;2073.9;2073.7;2073.7;16
20240304 015700;2073.6;2074;2073.6;2074;16
20240304 015800;2074;2074.4;2074;2074.4;9
20240304 015900;2074.1;2074.3;2074.1;2074.3;7
20240304 020000;2074.2;2074.6;2074.2;2074.4;22
20240304 020100;2074.3;2074.6;2074.3;2074.3;13
20240304 020200;2074;2074;2073.9;2073.9;5
20240304 020300;2073.9;2074.7;2073.9;2074.5;30
20240304 020400;2074.4;2074.7;2074.4;2074.7;6
20240304 020500;2074.7;2074.7;2074.6;2074.7;9
20240304 020600;2074.3;2074.4;2074.3;2074.4;4
20240304 020700;2074.4;2074.4;2074;2074.3;9
20240304 020800;2074.1;2074.2;2074.1;2074.1;10
20240304 020900;2074.1;2074.1;2073.8;2073.8;2
20240304 021000;2073.9;2073.9;2073.9;2073.9;1
20240304 021100;2073.6;2073.9;2073.6;2073.8;21
20240304 021200;2073.9;2074.5;2073.9;2074.5;20
20240304 021300;2074.4;2074.6;2074.3;2074.3;9
20240304 021400;2074.2;2074.2;2074;2074.1;12
20240304 021500;2074.2;2074.2;2074.1;2074.1;3
20240304 021600;2074.2;2074.2;2074.1;2074.1;7
20240304 021700;2074.2;2074.7;2074.2;2074.5;12
20240304 021800;2074.5;2074.6;2074.3;2074.5;16
20240304 021900;2074.5;2074.8;2074.3;2074.8;12
20240304 022000;2074.9;2075;2074.9;2074.9;12
20240304 022100;2074.7;2074.7;2074.5;2074.7;11
20240304 022200;2074.7;2074.9;2074.7;2074.9;5
20240304 022300;2074.7;2074.7;2074.5;2074.5;7
20240304 022400;2074.4;2074.9;2074.4;2074.9;25
20240304 022500;2074.8;2075;2074.7;2075;11
20240304 022600;2074.9;2075;2074.7;2075;21
20240304 022700;2074.9;2075;2074.8;2074.9;20
20240304 022800;2074.8;2074.9;2074.8;2074.9;4
20240304 022900;2075;2075.2;2075;2075.1;9
20240304 023000;2075;2075.4;2075;2075.4;12
20240304 023100;2075.3;2075.4;2075.2;2075.2;7
20240304 023200;2074.9;2074.9;2074.9;2074.9;3
20240304 023300;2074.8;2075;2074.8;2075;18
20240304 023400;2075;2075.3;2075;2075.3;6
20240304 023500;2075.4;2075.9;2075.4;2075.5;18
20240304 023600;2075.4;2075.4;2075.2;2075.2;8
20240304 023700;2075.3;2075.4;2075.3;2075.3;4
20240304 023800;2075.4;2075.4;2074.9;2075;8
20240304 023900;2075;2075;2074.8;2074.9;8
20240304 024000;2074.9;2074.9;2074.9;2074.9;3
20240304 024100;2075;2075.1;2075;2075.1;5
20240304 024300;2074.9;2075.3;2074.9;2075.3;18
20240304 024400;2075.2;2075.2;2075.1;2075.1;6
20240304 024500;2075.3;2075.3;2075.1;2075.1;6
20240304 024600;2075.1;2075.1;2075;2075;30
20240304 024700;2075;2075.1;2075;2075.1;3
20240304 024800;2074.9;2075.3;2074.9;2075.3;5
20240304 024900;2075.1;2075.1;2075;2075;6
20240304 025000;2075;2075;2074.8;2075;13
20240304 025100;2074.8;2075;2074.8;2074.8;14
20240304 025200;2074.7;2074.7;2074.6;2074.6;5
20240304 025300;2074.6;2074.6;2074.6;2074.6;2
20240304 025500;2074.4;2074.5;2074.3;2074.3;16
20240304 025600;2074.3;2074.4;2074.2;2074.4;4
20240304 025700;2074.5;2074.5;2074.5;2074.5;2
20240304 025800;2074.6;2074.8;2074.6;2074.8;3
20240304 025900;2074.4;2074.4;2074.4;2074.4;1
20240304 030000;2074.4;2074.4;2074.2;2074.3;5
20240304 030100;2074.3;2074.6;2074.3;2074.4;10
20240304 030200;2074.3;2074.3;2074.2;2074.2;2
20240304 030300;2074.2;2074.2;2074.1;2074.1;5
20240304 030400;2074.1;2074.1;2074.1;2074.1;3
20240304 030500;2074.1;2074.3;2074;2074.3;5
20240304 030600;2074.2;2074.2;2074;2074.1;4
20240304 030700;2074;2074;2074;2074;1
20240304 030800;2074;2074;2074;2074;1
20240304 030900;2073.9;2074.2;2073.9;2074.2;17
20240304 031000;2074.2;2074.3;2074.1;2074.1;4
20240304 031100;2074.1;2074.1;2074;2074;6
20240304 031200;2073.9;2074;2073.9;2074;3
20240304 031400;2073.9;2074.1;2073.8;2074.1;14
20240304 031500;2074;2074;2073.9;2073.9;5
20240304 031600;2073.9;2073.9;2073.9;2073.9;3
20240304 031700;2074.1;2074.5;2074.1;2074.5;40
20240304 031800;2074.4;2074.5;2074.3;2074.3;11
20240304 031900;2074.3;2074.7;2074.3;2074.5;15
20240304 032100;2074.6;2074.7;2074.5;2074.6;5
20240304 032200;2074.5;2074.5;2074.3;2074.4;12
20240304 032300;2074.4;2074.4;2074.4;2074.4;3
20240304 032400;2074.5;2074.6;2074.5;2074.6;8
20240304 032500;2074.5;2074.7;2074.4;2074.6;9
20240304 032600;2074.5;2074.5;2074.2;2074.2;5
20240304 032700;2074.3;2074.3;2074.3;2074.3;1
20240304 032800;2074.5;2074.5;2074.4;2074.4;2
20240304 033000;2074.3;2074.5;2074.3;2074.4;9
20240304 033100;2074.3;2074.5;2074.3;2074.5;7
20240304 033200;2074.4;2074.4;2074.4;2074.4;2
20240304 033400;2074.1;2074.1;2074.1;2074.1;5
20240304 033500;2074.2;2074.2;2074.2;2074.2;6
20240304 033600;2074.2;2074.2;2074;2074.2;9
20240304 033700;2074.1;2074.4;2074.1;2074.3;12
20240304 033800;2074.3;2074.4;2074.3;2074.3;23
20240304 033900;2074.4;2074.7;2074.4;2074.5;21
20240304 034000;2074.5;2074.7;2074.5;2074.6;15
20240304 034100;2074.6;2074.6;2074.5;2074.5;26
20240304 034200;2074.5;2074.5;2074;2074;13
20240304 034300;2074;2074.1;2073.7;2073.7;17
20240304 034400;2073.6;2073.7;2073.6;2073.7;14
20240304 034500;2073.7;2073.8;2073.7;2073.8;3
20240304 034700;2073.8;2073.9;2073.8;2073.8;5
20240304 034800;2073.8;2074;2073.8;2074;3
20240304 034900;2074;2074;2074;2074;1
20240304 035100;2074.1;2074.4;2074.1;2074.4;17
20240304 035200;2074.5;2074.5;2074.3;2074.3;5
20240304 035300;2074.5;2074.5;2074.5;2074.5;2
20240304 035500;2074.4;2074.6;2074.4;2074.6;8
20240304 035600;2074.6;2074.6;2074.6;2074.6;2
20240304 035800;2074.4;2074.4;2074.2;2074.2;15
20240304 035900;2074.1;2074.1;2073.8;2073.8;5
20240304 040000;2073.7;2073.9;2073.7;2073.9;10
20240304 040100;2073.9;2073.9;2073.9;2073.9;1
20240304 040200;2073.9;2074;2073.9;2074;2
20240304 040300;2074;2074.2;2074;2074.2;6
20240304 040400;2074.3;2074.5;2074.3;2074.3;18
20240304 040500;2074.2;2074.2;2074.2;2074.2;1
20240304 040600;2074.3;2074.6;2074.3;2074.6;6
20240304 040800;2074.5;2075;2074.5;2074.8;31
20240304 040900;2074.6;2074.8;2074.6;2074.8;5
20240304 041000;2074.8;2074.8;2074.5;2074.7;6
20240304 041100;2074.6;2074.6;2074.6;2074.6;4
20240304 041300;2074.4;2074.6;2074.4;2074.5;17
20240304 041400;2074.5;2074.6;2074.5;2074.6;9
20240304 041500;2074.8;2074.9;2074.8;2074.9;5
20240304 041600;2074.7;2074.9;2074.6;2074.7;20
20240304 041700;2074.8;2074.8;2074.6;2074.6;7
20240304 041800;2074.5;2074.8;2074.5;2074.6;9
20240304 041900;2074.6;2074.6;2074.6;2074.6;2
20240304 042000;2074.6;2074.8;2074.6;2074.8;10
20240304 042100;2074.7;2074.8;2074.6;2074.6;11
20240304 042200;2074.7;2075;2074.7;2074.9;6
20240304 042300;2075;2075.2;2074.9;2075;14
20240304 042400;2075;2075.3;2075;2075.3;19
20240304 042500;2075.4;2075.4;2075.3;2075.4;5
20240304 042600;2075.3;2075.5;2075.3;2075.3;7
20240304 042700;2075.3;2075.4;2075.3;2075.4;12
20240304 042800;2075.2;2075.3;2075.1;2075.3;9
20240304 042900;2074.9;2074.9;2074.7;2074.9;14
20240304 043000;2074.8;2074.8;2074.5;2074.5;5
20240304 043100;2074.6;2074.6;2074.6;2074.6;3
20240304 043300;2074.5;2074.5;2074.5;2074.5;2
20240304 043400;2074.7;2074.7;2074.7;2074.7;1
20240304 043500;2074.6;2074.8;2074.6;2074.8;3
20240304 043600;2074.7;2074.7;2074.6;2074.6;8
20240304 043700;2074.5;2074.5;2074.3;2074.4;3
20240304 043800;2074.4;2074.4;2074.4;2074.4;2
20240304 043900;2074.4;2074.4;2074.3;2074.4;3
20240304 044000;2074.4;2074.7;2074.4;2074.7;16
20240304 044100;2074.7;2074.8;2074.6;2074.8;16
20240304 044200;2074.7;2074.9;2074.7;2074.8;10
20240304 044300;2074.8;2074.8;2074.8;2074.8;2
20240304 044400;2074.7;2074.7;2074.7;2074.7;1
20240304 044600;2074.5;2074.6;2074.5;2074.5;5
20240304 044700;2074.4;2074.4;2074.2;2074.2;8
20240304 044800;2074.1;2074.1;2074.1;2074.1;1
20240304 045000;2074;2074;2074;2074;5
20240304 045100;2073.9;2074;2073.8;2073.8;8
20240304 045200;2073.7;2073.7;2073.6;2073.6;3
20240304 045300;2073.8;2073.8;2073.8;2073.8;1
20240304 045500;2074;2074.2;2074;2074.2;7
20240304 045600;2074;2074;2073.8;2073.8;30
20240304 045700;2073.7;2073.8;2073.7;2073.8;6
20240304 045900;2073.8;2073.9;2073.7;2073.7;24
20240304 050000;2073.7;2074.1;2073.7;2074.1;4
20240304 050100;2074.1;2074.2;2074;2074.1;12
20240304 050200;2074.3;2074.3;2074.1;2074.3;5
20240304 050300;2074.1;2074.1;2074.1;2074.1;1
20240304 050400;2074.1;2074.1;2074.1;2074.1;1
20240304 050500;2074.2;2074.5;2074.2;2074.5;5
20240304 050600;2074.3;2074.4;2074.2;2074.4;14
20240304 050800;2074.2;2074.3;2074.2;2074.3;3
20240304 050900;2074.5;2074.5;2074.3;2074.3;3
20240304 051000;2074.3;2074.4;2074.2;2074.3;4
20240304 051100;2074.5;2074.5;2074.5;2074.5;1
20240304 051200;2074.3;2074.4;2074.2;2074.2;5
20240304 051300;2074.2;2074.4;2074.2;2074.4;3
20240304 051400;2074.4;2074.4;2074.4;2074.4;2
20240304 051500;2074.3;2074.3;2074.2;2074.2;4
20240304 051600;2074.2;2074.6;2074.2;2074.4;22
20240304 051800;2074.5;2074.6;2074.5;2074.6;7
20240304 051900;2074.4;2074.4;2074.3;2074.3;3
20240304 052000;2074.2;2074.3;2074.2;2074.3;2
20240304 052100;2074.2;2074.2;2074.1;2074.1;6
20240304 052200;2073.9;2074;2073.9;2074;5
20240304 052300;2074.1;2074.3;2074.1;2074.3;2
20240304 052400;2074.1;2074.1;2074.1;2074.1;2
20240304 052600;2074.2;2074.2;2074.1;2074.2;3
20240304 052700;2074.1;2074.1;2074.1;2074.1;8
20240304 052900;2074.2;2074.3;2073.9;2074;11
20240304 053000;2073.9;2073.9;2073.7;2073.9;11
20240304 053100;2073.7;2073.9;2073.6;2073.7;23
20240304 053200;2073.6;2073.7;2073.3;2073.4;29
20240304 053300;2073.5;2073.5;2073.4;2073.5;5
20240304 053500;2073.3;2073.7;2073.3;2073.6;13
20240304 053600;2073.5;2073.5;2073.5;2073.5;7
20240304 053700;2073.5;2073.5;2073.5;2073.5;4
20240304 053900;2073.4;2073.4;2073.4;2073.4;1
20240304 054000;2073.3;2073.4;2073.1;2073.4;23
20240304 054100;2073.3;2073.3;2073.2;2073.2;7
20240304 054200;2073.2;2073.3;2073.1;2073.3;5
20240304 054300;2073.4;2073.5;2073.3;2073.3;5
20240304 054400;2073.2;2073.4;2073.2;2073.4;3
20240304 054500;2073.5;2073.6;2073.4;2073.4;8
20240304 054600;2073.4;2073.4;2073.3;2073.3;8
20240304 054700;2073.2;2073.3;2073.2;2073.3;5
20240304 054900;2073.3;2073.4;2073.2;2073.2;3
20240304 055000;2073.2;2073.3;2073.2;2073.2;3
20240304 055100;2073.2;2073.2;2073.2;2073.2;1
20240304 055200;2073.3;2073.3;2073.3;2073.3;1
20240304 055300;2073.3;2073.4;2073.2;2073.4;5
20240304 055400;2073.5;2073.5;2073.5;2073.5;1
20240304 055500;2073.4;2073.6;2073.4;2073.5;5
20240304 055600;2073.6;2073.6;2073.5;2073.6;6
20240304 055700;2073.7;2074;2073.7;2074;11
20240304 055800;2073.9;2074.1;2073.9;2073.9;15
20240304 055900;2073.9;2073.9;2073.8;2073.8;3
20240304 060000;2073.6;2073.6;2073.3;2073.5;15
20240304 060100;2073.4;2073.6;2073.3;2073.4;11
20240304 060300;2073.6;2074.1;2073.4;2073.9;21
20240304 060400;2074;2074;2073.7;2073.7;4
20240304 060500;2073.6;2073.7;2073.5;2073.6;12
20240304 060600;2073.6;2073.6;2073.3;2073.5;7
20240304 060700;2073.6;2073.6;2073.3;2073.4;9
20240304 060800;2073.4;2073.4;2073.3;2073.4;3
20240304 060900;2073.5;2073.5;2073.5;2073.5;2
20240304 061000;2073.6;2073.7;2073.5;2073.6;4
20240304 061100;2073.7;2073.7;2073.6;2073.6;2
20240304 061200;2073.6;2074;2073.6;2074;19
20240304 061300;2073.9;2074;2073.9;2074;7
20240304 061400;2074.2;2074.3;2074.2;2074.3;5
20240304 061500;2074.2;2074.5;2074.2;2074.5;11
20240304 061600;2074.4;2074.5;2074.3;2074.5;12
20240304 061700;2074.4;2074.4;2074.2;2074.2;7
20240304 061800;2074.2;2074.4;2074.2;2074.3;7
20240304 061900;2074.3;2074.3;2074.2;2074.2;4
20240304 062000;2074.2;2074.5;2074.2;2074.5;15
20240304 062100;2074.4;2074.4;2074.4;2074.4;2
20240304 062200;2074.2;2074.4;2074;2074.1;17
20240304 062300;2074.2;2074.2;2074;2074;3
20240304 062400;2073.9;2074.1;2073.9;2073.9;9
20240304 062500;2073.7;2073.9;2073.6;2073.6;28
20240304 062600;2073.6;2073.6;2073.6;2073.6;2
20240304 062700;2073.6;2073.8;2073.5;2073.7;18
20240304 062800;2073.7;2073.7;2073.6;2073.6;3
20240304 062900;2073.7;2073.9;2073.6;2073.6;8
20240304 063000;2073.7;2073.9;2073.6;2073.8;10
20240304 063100;2073.6;2073.6;2073.6;2073.6;4
20240304 063200;2073.7;2073.8;2073.7;2073.8;2
20240304 063300;2074.1;2074.4;2074;2074.3;23
20240304 063400;2074.2;2074.3;2074.1;2074.3;6
20240304 063500;2074.1;2074.2;2074;2074.2;4
20240304 063600;2074.3;2074.3;2074.2;2074.2;2
20240304 063700;2074.2;2074.5;2074.2;2074.5;15
20240304 063800;2074.5;2074.5;2074.4;2074.5;4
20240304 063900;2074.4;2074.5;2073.9;2074.1;17
20240304 064000;2074;2074;2074;2074;1
20240304 064100;2073.8;2073.8;2073.7;2073.7;7
20240304 064200;2073.7;2073.9;2073.7;2073.9;7
20240304 064300;2073.7;2073.7;2073.6;2073.7;6
20240304 064400;2073.6;2073.7;2073.5;2073.6;14
20240304 064500;2073.5;2073.5;2073.4;2073.4;8
20240304 064600;2073.5;2073.5;2073.2;2073.5;23
20240304 064700;2073.4;2073.5;2073.3;2073.5;9
20240304 064800;2073.6;2073.6;2073.5;2073.5;3
20240304 064900;2073.5;2073.5;2073.5;2073.5;7
20240304 065000;2073.5;2073.5;2073.4;2073.4;2
20240304 065100;2073.5;2073.5;2073.4;2073.4;10
20240304 065200;2073.4;2073.9;2073.4;2073.8;17
20240304 065300;2073.7;2073.8;2073.6;2073.7;17
20240304 065400;2073.6;2074.3;2073.6;2074.2;17
20240304 065500;2074.3;2074.7;2074.3;2074.6;23
20240304 065600;2074.6;2074.6;2074.5;2074.5;11
20240304 065700;2074.6;2074.7;2074.2;2074.2;8
20240304 065800;2074.1;2074.3;2074.1;2074.3;16
20240304 065900;2074.5;2074.5;2074.4;2074.4;6
20240304 070000;2074.5;2074.6;2074.3;2074.3;17
20240304 070100;2074.5;2074.5;2074.3;2074.3;22
20240304 070200;2074.3;2074.5;2074.2;2074.5;35
20240304 070300;2074.4;2075.3;2074.4;2075.3;99
20240304 070400;2075.2;2075.5;2075;2075.4;55
20240304 070500;2075.4;2075.8;2075.2;2075.3;69
20240304 070600;2075.4;2076;2075.4;2075.6;70
20240304 070700;2075.7;2076.1;2075.6;2076.1;48
20240304 070800;2076.1;2076.7;2076.1;2076.5;61
20240304 070900;2076.4;2076.9;2076.4;2076.8;46
20240304 071000;2076.7;2076.7;2076.1;2076.7;49
20240304 071100;2076.7;2076.8;2076.5;2076.6;36
20240304 071200;2076.5;2076.7;2076.5;2076.5;30
20240304 071300;2076.5;2076.5;2076.2;2076.4;29
20240304 071400;2076.3;2076.6;2076.3;2076.4;18
20240304 071500;2076.6;2076.6;2076.2;2076.4;34
20240304 071600;2076.3;2076.5;2075.8;2076;34
20240304 071700;2076;2076.3;2075.8;2076.1;21
20240304 071800;2076;2076.1;2075.9;2076;11
20240304 071900;2075.9;2075.9;2075.6;2075.6;7
20240304 072000;2075.5;2075.5;2075.1;2075.3;36
20240304 072100;2075.2;2075.4;2075.2;2075.2;27
20240304 072200;2075.3;2075.5;2075.3;2075.4;12
20240304 072300;2075.3;2075.6;2075.3;2075.4;12
20240304 072400;2075.3;2075.3;2075.3;2075.3;1
20240304 072500;2075.2;2075.3;2075.1;2075.1;15
20240304 072600;2075.3;2075.3;2075.3;2075.3;1
20240304 072700;2075.2;2075.2;2074.8;2074.9;25
20240304 072800;2074.8;2075;2074.7;2075;14
20240304 072900;2075.1;2075.1;2074.8;2074.9;9
20240304 073000;2075;2075.5;2074.9;2075.5;17
20240304 073100;2075.4;2076;2075.4;2075.8;57
20240304 073200;2075.7;2075.7;2075.6;2075.6;11
20240304 073300;2075.6;2075.7;2075.3;2075.6;18
20240304 073400;2075.5;2075.6;2075.4;2075.4;14
20240304 073500;2075.4;2075.4;2075;2075;30
20240304 073600;2075.1;2075.1;2074.9;2074.9;25
20240304 073700;2075;2075;2074.5;2074.5;23
20240304 073800;2074.4;2074.8;2074.4;2074.5;27
20240304 073900;2074.4;2075;2074.3;2075;16
20240304 074000;2075.1;2075.2;2075.1;2075.1;9
20240304 074100;2075.2;2075.4;2075.1;2075.3;15
20240304 074200;2075.3;2075.3;2075.2;2075.3;8
20240304 074300;2075;2075.1;2074.9;2075.1;6
20240304 074400;2075.2;2075.3;2075.1;2075.3;12
20240304 074500;2075.4;2075.7;2075.4;2075.6;14
20240304 074600;2075.6;2075.6;2075.5;2075.6;13
20240304 074700;2075.6;2075.7;2075.5;2075.7;8
20240304 074800;2075.5;2075.8;2075.5;2075.8;8
20240304 074900;2075.9;2076;2075.8;2076;13
20240304 075000;2076.1;2076.2;2076;2076.2;6
20240304 075100;2076.2;2076.2;2075.9;2076;17
20240304 075200;2075.8;2076.1;2075.7;2075.7;21
20240304 075300;2075.7;2075.9;2075.7;2075.7;7
20240304 075400;2075.5;2075.5;2075.5;2075.5;8
20240304 075500;2075.6;2075.7;2075.6;2075.6;9
20240304 075600;2075.6;2075.9;2075.3;2075.3;15
20240304 075700;2075.2;2075.9;2075.2;2075.7;34
20240304 075800;2075.7;2075.7;2075.7;2075.7;1
20240304 075900;2075.8;2075.8;2075.7;2075.8;5
20240304 080000;2075.8;2075.8;2075.6;2075.6;6
20240304 080100;2075.7;2076.2;2075.5;2075.8;46
20240304 080200;2075.7;2075.8;2075.5;2075.7;21
20240304 080300;2075.5;2075.7;2075.4;2075.4;21
20240304 080400;2075.3;2075.6;2075.2;2075.5;16
20240304 080500;2075.6;2075.8;2075.6;2075.7;3
20240304 080600;2075.9;2075.9;2075.7;2075.8;6
20240304 080700;2075.7;2076.1;2075.7;2076;92
20240304 080800;2076.1;2076.3;2076.1;2076.3;17
20240304 080900;2076.4;2077.2;2076.3;2077;67
20240304 081000;2077.2;2078.5;2076.7;2078.2;200
20240304 081100;2078.1;2078.1;2077.5;2077.7;45
20240304 081200;2077.6;2077.6;2076.9;2077.2;54
20240304 081300;2077.1;2077.2;2076.9;2077.2;41
20240304 081400;2076.8;2078.3;2076.8;2078.2;31
20240304 081500;2078.2;2078.6;2078.2;2078.6;30
20240304 081600;2078.5;2078.8;2077.9;2078.1;55
20240304 081700;2078;2079;2078;2079;83
20240304 081800;2079;2079.8;2078.9;2079.5;88
20240304 081900;2079.5;2080.1;2079.4;2080.1;93
20240304 082000;2080.2;2080.2;2079.7;2080.2;57
20240304 082100;2080.2;2080.4;2079.9;2080.2;64
20240304 082200;2080.2;2080.3;2079.6;2079.6;48
20240304 082300;2079.5;2080;2079.3;2079.7;52
20240304 082400;2079.8;2079.8;2079.2;2079.3;24
20240304 082500;2079.4;2079.8;2079.4;2079.6;26
20240304 082600;2079.3;2079.8;2079.3;2079.8;19
20240304 082700;2079.8;2080.1;2079.7;2079.9;42
20240304 082800;2079.8;2080;2079.8;2080;15
20240304 082900;2080;2080.1;2079.7;2079.7;23
20240304 083000;2079.7;2079.7;2079.4;2079.4;15
20240304 083100;2079.4;2079.7;2079.1;2079.3;44
20240304 083200;2079.3;2079.4;2078.9;2079.3;31
20240304 083300;2079.3;2079.8;2079.3;2079.6;50
20240304 083400;2079.5;2079.7;2079.5;2079.7;4
20240304 083500;2079.5;2079.8;2079.3;2079.6;41
20240304 083600;2079.6;2079.7;2078.9;2079.1;15
20240304 083700;2079.1;2079.5;2079.1;2079.3;75
20240304 083800;2079.2;2079.3;2078.9;2078.9;13
20240304 083900;2078.7;2078.8;2078.7;2078.8;39
20240304 084000;2078.9;2079.2;2078.9;2079;9
20240304 084100;2079;2079.1;2078.7;2079;33
20240304 084200;2079;2079.4;2079;2079.2;24
20240304 084300;2079.1;2079.2;2079;2079.2;27
20240304 084400;2079.1;2079.2;2079;2079;35
20240304 084500;2078.9;2080;2078.6;2079.5;752
20240304 084600;2079.5;2080;2079;2079.6;1357
20240304 084700;2079.5;2082.8;2079.5;2082.6;1792
20240304 084800;2082.7;2084.5;2082;2083.3;1062
20240304 084900;2083.1;2083.1;2082.5;2083.1;46
20240304 085000;2083;2083;2082.3;2082.3;41
20240304 085100;2082.3;2082.4;2081.3;2081.3;69
20240304 085200;2081.5;2081.6;2080.6;2080.9;52
20240304 085300;2080.5;2080.9;2080.4;2080.5;40
20240304 085400;2080.1;2080.2;2079.7;2079.9;28
20240304 085500;2079.9;2080;2079.5;2079.5;40
20240304 085600;2079.8;2080;2079;2079;43
20240304 085700;2079.1;2079.3;2078.7;2078.7;41
20240304 085800;2078.7;2078.7;2078.4;2078.6;43
20240304 085900;2078.5;2078.7;2078.3;2078.5;39
20240304 090000;2078.3;2079;2078.2;2079;23
20240304 090100;2078.9;2079.7;2078.7;2079.3;71
20240304 090200;2079.4;2079.5;2078.9;2078.9;32
20240304 090300;2078.9;2079.6;2078.6;2079.6;55
20240304 090400;2079.6;2079.6;2078.8;2079.5;27
20240304 090500;2079.3;2080.3;2079.3;2080.3;37
20240304 090600;2080.2;2080.5;2079.8;2080.1;46
20240304 090700;2080.2;2080.9;2080.1;2080.8;65
20240304 090800;2080.7;2081;2079.8;2079.8;49
20240304 090900;2079.9;2080.6;2079.7;2080.4;42
20240304 091000;2080.5;2081;2080.5;2081;43
20240304 091100;2080.9;2081.5;2080.1;2080.1;52
20240304 091200;2080.3;2080.6;2079.8;2080.6;69
20240304 091300;2080.6;2080.7;2079.3;2080.3;98
20240304 091400;2080.5;2081.7;2080.4;2081.6;49
20240304 091500;2081.7;2081.7;2081.4;2081.6;23
20240304 091600;2081.6;2081.7;2080.9;2081;42
20240304 091700;2081.2;2081.2;2080.5;2080.6;24
20240304 091800;2080.6;2081.2;2080.6;2081.2;48
20240304 091900;2081.3;2081.3;2080.4;2080.6;28
20240304 092000;2080.6;2080.8;2080.4;2080.4;27
20240304 092100;2080.6;2080.7;2080.1;2080.6;26
20240304 092200;2080.5;2080.8;2080.4;2080.7;31
20240304 092300;2080.6;2080.7;2080.5;2080.7;7
20240304 092400;2080.8;2081.1;2080.8;2081;41
20240304 092500;2081.1;2081.4;2081.1;2081.3;20
20240304 092600;2081.3;2081.8;2081.3;2081.5;23
20240304 092700;2081.7;2081.7;2081.4;2081.6;43
20240304 092800;2081.7;2082.2;2081.7;2082;76
20240304 092900;2082;2082.1;2081.9;2082;29
20240304 093000;2081.9;2082.5;2081.9;2082.3;32
20240304 093100;2082.4;2082.9;2082.3;2082.7;58
20240304 093200;2082.9;2083.5;2082.8;2083.4;33
20240304 093300;2083.5;2083.6;2083.2;2083.4;37
20240304 093400;2083.5;2083.7;2083.3;2083.7;62
20240304 093500;2083.6;2084.1;2083.6;2084.1;57
20240304 093600;2083.8;2083.8;2082.7;2082.7;49
20240304 093700;2082.8;2083.6;2082.8;2083.6;38
20240304 093800;2083.8;2083.9;2083.7;2083.8;17
20240304 093900;2084;2085.5;2083.8;2085.1;202
20240304 094000;2085.2;2085.2;2084.4;2085;86
20240304 094100;2085.2;2085.6;2085.2;2085.2;63
20240304 094200;2085.2;2085.5;2085;2085.3;52
20240304 094300;2085.4;2086.2;2085.4;2085.9;104
20240304 094400;2085.8;2085.9;2085.4;2085.4;77
20240304 094500;2085.4;2086;2085.4;2085.8;50
20240304 094600;2085.8;2086.7;2085.8;2086.6;83
20240304 094700;2086.3;2087;2086.2;2087;183
20240304 094800;2087.1;2087.5;2087;2087.4;101
20240304 094900;2087.4;2087.5;2087.3;2087.5;35
20240304 095000;2087.5;2087.9;2087.5;2087.5;89
20240304 095100;2087.6;2087.6;2086.9;2086.9;77
20240304 095200;2087;2087.7;2086.8;2087.7;41
20240304 095300;2087.6;2088.4;2087.6;2088.1;131
20240304 095400;2088.2;2088.2;2087.7;2087.9;73
20240304 095500;2087.7;2088;2087.7;2087.9;40
20240304 095600;2087.9;2088.1;2087.8;2088.1;45
20240304 095700;2088;2088.3;2087.8;2088.2;67
20240304 095800;2088.3;2088.5;2088.1;2088.4;53
20240304 095900;2088.5;2088.5;2087.4;2087.5;122
20240304 100000;2087.5;2087.8;2087.3;2087.3;38
20240304 100100;2087.4;2087.8;2087.2;2087.8;83
20240304 100200;2087.8;2088.1;2087.6;2088.1;74
20240304 100300;2088.1;2088.2;2087.6;2087.6;76
20240304 100400;2087.6;2087.9;2087.2;2087.3;41
20240304 100500;2087.4;2087.5;2087.3;2087.4;31
20240304 100600;2087.6;2088;2087.5;2088;50
20240304 100700;2087.8;2088.5;2087.7;2088.4;65
20240304 100800;2088.2;2089;2088.2;2088.7;76
20240304 100900;2088.8;2089.3;2088.8;2089.2;48
20240304 101000;2089.3;2089.3;2089;2089.1;35
20240304 101100;2089.1;2089.3;2088.9;2089;34
20240304 101200;2088.9;2089.7;2088.9;2089.7;70
20240304 101300;2089.8;2090;2089.7;2089.7;74
20240304 101400;2089.8;2090.1;2089.6;2089.9;60
20240304 101500;2090;2090.1;2089;2089.3;130
20240304 101600;2089.4;2089.7;2089.2;2089.7;22
20240304 101700;2089.8;2090.3;2089.8;2090.2;35
20240304 101800;2090;2090.7;2090;2090.4;33
20240304 101900;2090.2;2090.2;2089.8;2089.8;32
20240304 102000;2089.8;2090;2089.7;2090;25
20240304 102100;2089.9;2089.9;2088.9;2089.1;30
20240304 102200;2089.3;2089.7;2088.9;2089.5;33
20240304 102300;2089.6;2089.8;2089.4;2089.7;29
20240304 102400;2089.7;2090.2;2089.7;2090;32
20240304 102500;2090.1;2090.2;2089.9;2089.9;23
20240304 102600;2089.9;2090.3;2089.8;2090.2;31
20240304 102700;2090;2090;2089.7;2089.7;11
20240304 102800;2089.5;2089.7;2089.5;2089.5;15
20240304 102900;2089.7;2090.1;2089.6;2090.1;28
20240304 103000;2090;2090.1;2089.5;2089.8;28
20240304 103100;2089.7;2090.1;2089.7;2090;43
20240304 103200;2090;2090.1;2089.7;2089.7;19
20240304 103300;2089.7;2089.7;2089.6;2089.6;4
20240304 103400;2089.7;2089.9;2089.5;2089.8;40
20240304 103500;2089.9;2091;2089.9;2090.8;141
20240304 103600;2090.8;2091.2;2090.7;2090.7;72
20240304 103700;2090.6;2090.9;2090.5;2090.7;90
20240304 103800;2090.6;2090.6;2090.3;2090.3;17
20240304 103900;2090.4;2090.4;2089.8;2089.9;37
20240304 104000;2089.8;2090.4;2089.8;2090.4;43
20240304 104100;2090.5;2091;2090.4;2090.8;32
20240304 104200;2090.8;2091;2090.7;2091;24
20240304 104300;2091;2091.2;2090.8;2091.2;27
20240304 104400;2091.2;2091.3;2091.1;2091.1;19
20240304 104500;2090.9;2091;2090.6;2090.9;21
20240304 104600;2091;2091.3;2091;2091.3;37
20240304 104700;2091.1;2091.1;2090.7;2090.8;33
20240304 104800;2090.8;2090.8;2090.4;2090.5;30
20240304 104900;2090.7;2090.7;2090;2090.6;76
20240304 105000;2090.4;2090.8;2090.4;2090.8;20
20240304 105100;2090.9;2090.9;2090.6;2090.6;16
20240304 105200;2090.4;2090.4;2090.2;2090.3;44
20240304 105300;2090.2;2090.2;2089.5;2089.5;39
20240304 105400;2089.6;2090.1;2089.6;2090.1;21
20240304 105500;2090;2090;2089.7;2089.9;27
20240304 105600;2090;2090;2089.8;2090;24
20240304 105700;2090.1;2090.4;2090;2090.1;29
20240304 105800;2090.2;2090.7;2090.2;2090.4;53
20240304 105900;2090.4;2090.8;2090.4;2090.8;14
20240304 110000;2090.9;2090.9;2090.3;2090.3;35
20240304 110100;2090.1;2090.3;2089.9;2090.3;54
20240304 110200;2090.5;2090.6;2090.3;2090.4;32
20240304 110300;2090.2;2090.4;2089.8;2089.8;66
20240304 110400;2089.7;2089.8;2089;2089.8;51
20240304 110500;2089.9;2090.3;2089.8;2090.1;23
20240304 110600;2090.1;2090.2;2089.8;2090;36
20240304 110700;2089.9;2090.1;2089.8;2089.8;29
20240304 110800;2089.9;2090;2089;2089.3;133
20240304 110900;2089.3;2089.3;2088;2088.8;138
20240304 111000;2088.9;2089.3;2088.7;2089.3;48
20240304 111100;2089.1;2089.4;2088.7;2089.4;58
20240304 111200;2089.6;2090.2;2089.6;2090;42
20240304 111300;2090;2090.9;2090;2090.7;58
20240304 111400;2090.7;2090.7;2090.2;2090.5;27
20240304 111500;2090.5;2090.5;2089.6;2090;66
20240304 111600;2090;2090;2089.5;2089.7;34
20240304 111700;2089.5;2089.9;2089.1;2089.9;60
20240304 111800;2090;2090.7;2089.9;2090.2;75
20240304 111900;2090.2;2090.9;2090.2;2090.9;24
20240304 112000;2090.9;2090.9;2090.7;2090.8;21
20240304 112100;2090.9;2090.9;2090.4;2090.7;51
20240304 112200;2090.9;2091.2;2090.8;2090.8;31
20240304 112300;2090.9;2092;2090.9;2091.8;171
20240304 112400;2091.6;2091.6;2091.5;2091.5;8
20240304 112500;2091.4;2091.5;2091.3;2091.4;14
20240304 112600;2091.2;2091.3;2090.6;2090.9;55
20240304 112700;2090.9;2091.3;2090.9;2091;32
20240304 112800;2091.1;2091.1;2090.4;2090.4;28
20240304 112900;2090.6;2090.8;2090.2;2090.2;27
20240304 113000;2090.2;2090.3;2089.1;2089.5;129
20240304 113100;2089.6;2090.7;2089.6;2090.3;52
20240304 113200;2090.3;2090.5;2089.9;2089.9;21
20240304 113300;2089.9;2089.9;2089.5;2089.6;7
20240304 113400;2089.5;2089.7;2089.3;2089.6;37
20240304 113500;2089.7;2089.7;2089.6;2089.6;6
20240304 113600;2089.7;2090;2089.7;2089.8;26
20240304 113700;2089.8;2090;2089.1;2089.2;66
20240304 113800;2089.3;2089.5;2089.1;2089.1;28
20240304 113900;2089.3;2089.7;2089.3;2089.5;24
20240304 114000;2089.8;2089.9;2089.7;2089.8;26
20240304 114100;2089.8;2089.8;2089.2;2089.3;28
20240304 114200;2089.1;2089.4;2089;2089;20
20240304 114300;2088.9;2089.1;2088.7;2089.1;30
20240304 114400;2089.1;2089.6;2089;2089.6;30
20240304 114500;2089.4;2089.9;2089.4;2089.9;24
20240304 114600;2090;2090.4;2090;2090;43
20240304 114700;2090.1;2090.5;2090.1;2090.2;37
20240304 114800;2090.2;2090.9;2090.2;2090.6;27
20240304 114900;2090.7;2091.1;2090.7;2091;60
20240304 115000;2090.9;2091.6;2090.9;2091.6;49
20240304 115100;2091.6;2091.7;2091.5;2091.7;23
20240304 115200;2091.7;2091.8;2091.6;2091.7;40
20240304 115300;2091.6;2091.8;2091.6;2091.6;26
20240304 115400;2091.7;2091.7;2091.2;2091.2;48
20240304 115500;2091.3;2091.6;2091.3;2091.4;39
20240304 115600;2091.5;2091.6;2091.4;2091.4;39
20240304 115700;2091.4;2091.7;2091.4;2091.7;28
20240304 115800;2091.8;2091.9;2091.7;2091.8;51
20240304 115900;2091.8;2092;2091.8;2092;148
20240304 120000;2091.9;2092;2091.7;2091.7;55
20240304 120100;2091.6;2091.6;2090.9;2090.9;97
20240304 120200;2091;2091;2090.2;2090.7;156
20240304 120300;2090.6;2090.9;2090.5;2090.7;54
20240304 120400;2090.5;2091.4;2090.5;2090.9;112
20240304 120500;2090.8;2091.1;2090.5;2091.1;177
20240304 120600;2091.1;2091.1;2090.8;2091;45
20240304 120700;2091.1;2091.6;2091;2091.4;37
20240304 120800;2091.2;2091.2;2090.6;2091.2;39
20240304 120900;2091.1;2091.3;2091.1;2091.1;21
20240304 121000;2091.1;2091.1;2090.9;2091;21
20240304 121100;2090.9;2091.1;2090.8;2090.8;40
20240304 121200;2090.7;2091.3;2090.5;2091.1;39
20240304 121300;2091.1;2091.4;2091.1;2091.3;50
20240304 121400;2091.4;2091.8;2091.4;2091.5;61
20240304 121500;2091.5;2092;2091.5;2091.9;24
20240304 121600;2091.9;2092;2091.7;2091.7;54
20240304 121700;2091.7;2091.9;2091.7;2091.9;16
20240304 121800;2091.8;2092;2091.7;2091.9;142
20240304 121900;2091.9;2091.9;2090.9;2090.9;61
20240304 122000;2090.9;2091.2;2090.8;2090.9;48
20240304 122100;2090.9;2090.9;2090.5;2090.9;45
20240304 122200;2090.8;2091;2090.4;2090.7;72
20240304 122300;2090.7;2090.9;2090.5;2090.7;48
20240304 122400;2090.7;2090.8;2090.5;2090.8;23
20240304 122500;2090.7;2090.8;2090.3;2090.3;50
20240304 122600;2090.5;2090.6;2090.2;2090.4;36
20240304 122700;2090.4;2090.5;2090.1;2090.2;39
20240304 122800;2090.2;2090.2;2089.6;2090;153
20240304 122900;2090.1;2090.8;2090;2090.6;75
20240304 123000;2090.7;2091.4;2090.7;2091.1;49
20240304 123100;2091.1;2091.2;2090.4;2090.5;97
20240304 123200;2090.6;2090.9;2090.6;2090.7;35
20240304 123300;2090.8;2091.1;2090.5;2090.6;46
20240304 123400;2090.7;2091;2090.5;2090.9;43
20240304 123500;2090.7;2091.2;2090.7;2091.1;109
20240304 123600;2090.9;2090.9;2090.4;2090.8;50
20240304 123700;2090.8;2091.3;2090.7;2091.2;65
20240304 123800;2091;2091.2;2091;2091.1;39
20240304 123900;2091;2091.3;2090.4;2090.4;108
20240304 124000;2090.5;2090.7;2090.2;2090.3;83
20240304 124100;2090.2;2090.7;2090.1;2090.7;63
20240304 124200;2090.6;2091.2;2090.6;2090.8;97
20240304 124300;2091;2091.2;2090.9;2090.9;46
20240304 124400;2090.9;2091.2;2090.9;2091.1;24
20240304 124500;2091.1;2091.7;2091.1;2091.5;203
20240304 124600;2091.4;2091.5;2091.1;2091.2;78
20240304 124700;2091.2;2091.3;2091;2091.2;47
20240304 124800;2091.1;2091.2;2090.4;2090.8;49
20240304 124900;2090.8;2090.8;2090.4;2090.5;39
20240304 125000;2090.4;2090.9;2090.3;2090.9;36
20240304 125100;2091;2091.1;2090.7;2090.7;44
20240304 125200;2090.8;2091;2090.4;2090.4;67
20240304 125300;2090.6;2090.7;2090.2;2090.5;44
20240304 125400;2090.5;2090.5;2090.2;2090.4;13
20240304 125500;2090.3;2090.7;2090.3;2090.3;43
20240304 125600;2090.4;2090.6;2090.2;2090.2;61
20240304 125700;2090.3;2090.8;2090.3;2090.7;72
20240304 125800;2090.8;2091;2090.7;2091;31
20240304 125900;2090.9;2091.5;2090.9;2091.3;49
20240304 130000;2091.3;2091.6;2091.2;2091.3;36
20240304 130100;2091.4;2091.5;2090.1;2090.1;160
20240304 130200;2090.2;2090.2;2089.9;2090.2;93
20240304 130300;2090.3;2090.3;2089.2;2089.4;88
20240304 130400;2089.4;2089.4;2088.8;2089.1;118
20240304 130500;2089.2;2089.2;2088.8;2088.8;87
20240304 130600;2088.7;2089.1;2088.6;2089.1;82
20240304 130700;2089.2;2090.2;2089.2;2090.2;111
20240304 130800;2090.1;2090.5;2089.6;2090.5;73
20240304 130900;2090.6;2091.3;2090.5;2091;120
20240304 131000;2090.9;2091.5;2090.9;2091.3;63
20240304 131100;2091.5;2091.6;2090.7;2090.9;86
20240304 131200;2090.8;2090.9;2090;2090.9;81
20240304 131300;2091;2091.1;2090.8;2091;41
20240304 131400;2090.9;2091.5;2090.8;2091.5;45
20240304 131500;2091.5;2091.7;2091.4;2091.6;45
20240304 131600;2091.6;2091.9;2091.5;2091.9;40
20240304 131700;2091.8;2091.9;2091.5;2091.6;54
20240304 131800;2091.7;2091.7;2091.3;2091.3;53
20240304 131900;2091.2;2091.9;2091.2;2091.9;76
20240304 132000;2091.9;2091.9;2091.3;2091.6;81
20240304 132100;2091.7;2091.8;2090.9;2091.4;146
20240304 132200;2091.2;2091.2;2090.2;2090.3;130
20240304 132300;2090.4;2090.6;2089.9;2090.1;104
20240304 132400;2090.2;2090.4;2089.7;2089.7;134
20240304 132500;2089.7;2090.4;2089.4;2090.3;69
20240304 132600;2090.4;2090.7;2089.5;2089.6;87
20240304 132700;2089.6;2090.3;2089.5;2090.1;102
20240304 132800;2090.2;2090.2;2089.5;2089.6;108
20240304 132900;2089.7;2089.7;2088.7;2088.8;287
20240304 133000;2088.9;2089.1;2087.9;2087.9;232
20240304 133100;2088;2088.1;2087.1;2087.7;326
20240304 133200;2087.8;2088.6;2087.3;2088.5;289
20240304 133300;2088.5;2089;2088.4;2088.8;123
20240304 133400;2088.9;2090;2088.9;2089.8;109
20240304 133500;2089.8;2089.8;2089.2;2089.5;49
20240304 133600;2089.6;2090.8;2089.4;2090.8;76
20240304 133700;2090.9;2091;2088.7;2088.9;192
20240304 133800;2089;2089.2;2086.6;2086.7;310
20240304 133900;2086.6;2086.6;2085.6;2086.1;330
20240304 134000;2085.9;2087.1;2085.7;2086.1;195
20240304 134100;2086.2;2086.2;2085.5;2086.1;149
20240304 134200;2086.1;2087.6;2086.1;2087.1;199
20240304 134300;2087.2;2088.2;2087.2;2087.8;81
20240304 134400;2087.8;2087.8;2086.9;2087.7;128
20240304 134500;2087.8;2087.8;2086.9;2087;91
20240304 134600;2086.6;2087.3;2086.6;2087.2;57
20240304 134700;2087.2;2087.6;2087.2;2087.5;50
20240304 134800;2087.5;2087.9;2087.4;2087.6;90
20240304 134900;2087.6;2087.6;2086.9;2087.1;67
20240304 135000;2086.9;2087;2085.6;2086.7;303
20240304 135100;2086.7;2087.8;2086.6;2087.6;97
20240304 135200;2087.6;2088;2087.6;2087.6;71
20240304 135300;2087.5;2087.5;2086.8;2087.4;81
20240304 135400;2087.5;2087.8;2087.2;2087.5;76
20240304 135500;2087.9;2088.8;2087.9;2088.8;109
20240304 135600;2088.7;2089.5;2088.1;2088.9;106
20240304 135700;2089.1;2089.2;2087.2;2087.2;200
20240304 135800;2087.3;2088.7;2087;2088.2;142
20240304 135900;2088.3;2088.9;2088.3;2088.6;123
20240304 140000;2088.5;2089.1;2088.5;2089;71
20240304 140100;2089.2;2089.6;2088.4;2088.6;136
20240304 140200;2088.5;2088.6;2088;2088.2;94
20240304 140300;2088.3;2088.7;2087.7;2088.4;135
20240304 140400;2088.6;2089.2;2088.2;2089;118
20240304 140500;2088.9;2088.9;2087.7;2088.6;129
20240304 140600;2088.5;2089;2087.5;2088.8;179
20240304 140700;2089;2089;2088;2088.2;78
20240304 140800;2088.1;2088.6;2087.7;2088.5;91
20240304 140900;2088.5;2088.6;2087.6;2088.5;100
20240304 141000;2088.5;2088.5;2087.4;2088.3;120
20240304 141100;2088.4;2089.1;2087.9;2088.8;178
20240304 141200;2088.9;2088.9;2087.7;2088.3;221
20240304 141300;2088.2;2088.5;2087.5;2087.6;149
20240304 141400;2087.4;2087.4;2086.3;2087.1;120
20240304 141500;2087.1;2087.7;2086.8;2087.7;106
20240304 141600;2087.6;2088.9;2087.5;2088.9;110
20240304 141700;2089;2089.6;2088.7;2089.6;119
20240304 141800;2089.5;2089.6;2088.8;2089;181
20240304 141900;2088.9;2089.7;2088.8;2089;248
20240304 142000;2088.9;2089;2088;2088.6;201
20240304 142100;2088.5;2088.5;2087.3;2088.2;253
20240304 142200;2088.3;2088.3;2086.4;2087.5;436
20240304 142300;2087.7;2087.8;2086.6;2087.2;220
20240304 142400;2087.3;2087.9;2087.1;2087.3;176
20240304 142500;2087.4;2087.7;2087;2087.5;126
20240304 142600;2087.6;2087.7;2087;2087;165
20240304 142700;2086.9;2087.8;2086.9;2087.7;120
20240304 142800;2087.9;2089.2;2087.8;2088.7;202
20240304 142900;2088.8;2089.2;2088.4;2088.8;120
20240304 143000;2088.7;2090.5;2088.4;2089;687
20240304 143100;2089.1;2095.7;2088;2093;5273
20240304 143200;2092.8;2094.5;2090.1;2093.9;1812
20240304 143300;2093.9;2094.2;2088.1;2089.1;1754
20240304 143400;2089.2;2090.8;2087.9;2089.4;1264
20240304 143500;2089.3;2090.2;2088.1;2089.2;732
20240304 143600;2089.3;2090.9;2087.8;2090.7;844
20240304 143700;2090.6;2092;2088.8;2089.9;907
20240304 143800;2089.9;2090.9;2088.8;2089.3;764
20240304 143900;2089.1;2092.9;2088.8;2092.6;1171
20240304 144000;2092.6;2094;2091.2;2094;976
20240304 144100;2093.9;2094.6;2093.2;2094.4;790
20240304 144200;2094.3;2095.6;2093.9;2095.2;1187
20240304 144300;2095.1;2096.5;2094.5;2094.7;1025
20240304 144400;2094.6;2095.5;2093.1;2093.6;684
20240304 144500;2093.5;2094.4;2092.6;2093;719
20240304 144600;2093;2095.2;2092.8;2094.6;781
20240304 144700;2094.5;2094.6;2092.4;2093.8;705
20240304 144800;2093.8;2094.7;2093.2;2093.4;705
20240304 144900;2093.6;2096.1;2093.2;2095.8;792
20240304 145000;2095.8;2096.2;2094.8;2094.8;845
20240304 145100;2095;2095.1;2093.4;2094.2;504
20240304 145200;2094.3;2095.1;2094.2;2094.7;514
20240304 145300;2094.8;2096.8;2094.4;2096.2;686
20240304 145400;2096.1;2096.5;2094.9;2095.5;517
20240304 145500;2095.4;2095.4;2093.3;2094.1;498
20240304 145600;2094.1;2096.3;2094;2095.6;625
20240304 145700;2095.7;2096.3;2094.8;2094.9;414
20240304 145800;2095;2095.4;2094;2095.4;286
20240304 145900;2095.4;2096.3;2095.4;2096;301
20240304 150000;2095.9;2095.9;2093.8;2093.8;433
20240304 150100;2093.9;2094;2090.6;2091;852
20240304 150200;2090.9;2091.5;2089.9;2090.3;617
20240304 150300;2090.3;2090.9;2089.7;2089.9;663
20240304 150400;2090;2090.4;2088.9;2088.9;526
20240304 150500;2088.9;2089.1;2088.2;2088.3;392
20240304 150600;2088.2;2088.9;2086.8;2086.8;510
20240304 150700;2086.9;2088.8;2086.9;2088.6;452
20240304 150800;2088.7;2088.7;2086.5;2086.7;436
20240304 150900;2086.7;2087.5;2086.2;2086.4;494
20240304 151000;2086.3;2086.7;2085.7;2086.4;523
20240304 151100;2086.5;2087.2;2085.9;2086.5;582
20240304 151200;2086.3;2086.8;2085.4;2085.4;406
20240304 151300;2085.5;2086.5;2085.1;2085.3;392
20240304 151400;2085.2;2086.7;2084.6;2085;619
20240304 151500;2085;2085.3;2083.5;2083.6;746
20240304 151600;2083.5;2084.9;2082.8;2084.5;1034
20240304 151700;2084.5;2084.6;2082.5;2082.5;697
20240304 151800;2082.5;2082.8;2081.5;2082.6;650
20240304 151900;2082.6;2082.6;2080.8;2080.9;751
20240304 152000;2080.9;2082.1;2080.5;2082;780
20240304 152100;2082;2082.1;2080.2;2080.8;558
20240304 152200;2080.7;2082.1;2080.4;2080.7;585
20240304 152300;2080.7;2080.7;2079.9;2080.5;393
20240304 152400;2080.6;2081.1;2079.7;2080.1;436
20240304 152500;2080.2;2082.7;2079.8;2082.6;464
20240304 152600;2082.7;2083.9;2082;2083.7;697
20240304 152700;2083.6;2084.8;2083.5;2084.6;836
20240304 152800;2084.7;2084.7;2083;2083.2;433
20240304 152900;2083.3;2083.5;2081.3;2081.5;508
20240304 153000;2081.5;2083.2;2081.5;2083.1;247
20240304 153100;2083.2;2083.2;2081.1;2081.4;355
20240304 153200;2081.5;2083.3;2081.3;2082.9;304
20240304 153300;2082.9;2083.5;2081.2;2081.4;344
20240304 153400;2081.5;2082;2080.8;2081.7;266
20240304 153500;2081.7;2083.3;2081.4;2083;258
20240304 153600;2083;2083.8;2082.4;2083.1;243
20240304 153700;2083.1;2084.1;2082.3;2082.3;317
20240304 153800;2082.3;2082.7;2081.4;2081.9;277
20240304 153900;2081.8;2082;2080.8;2081.3;481
20240304 154000;2081.2;2081.7;2080.8;2081.2;339
20240304 154100;2081.1;2081.5;2080.5;2081.5;199
20240304 154200;2081.4;2082.4;2080.8;2082.3;290
20240304 154300;2082.4;2082.5;2081;2081.8;257
20240304 154400;2081.7;2082.7;2081.2;2082.6;201
20240304 154500;2082.7;2083.7;2082.4;2083.7;322
20240304 154600;2083.8;2084.3;2082.2;2082.3;431
20240304 154700;2082.3;2082.9;2081;2081.9;289
20240304 154800;2082;2083;2081.5;2082.9;187
20240304 154900;2082.8;2083.7;2082.2;2083.2;323
20240304 155000;2083.2;2083.5;2082.3;2083.4;104
20240304 155100;2083.4;2083.6;2082.5;2083.6;138
20240304 155200;2083.7;2084.1;2082.9;2084.1;154
20240304 155300;2084;2084.4;2083.5;2083.6;286
20240304 155400;2083.7;2083.7;2081.5;2082.4;238
20240304 155500;2082.4;2083;2081.8;2083;331
20240304 155600;2082.9;2082.9;2081.4;2082.9;99
20240304 155700;2082.8;2083.7;2082.3;2082.6;223
20240304 155800;2082.5;2082.8;2081.7;2082.8;121
20240304 155900;2082.7;2082.7;2082.2;2082.2;118
20240304 160000;2082.1;2082.3;2081.6;2082.1;174
20240304 160100;2082.2;2083.5;2082.2;2083;143
20240304 160200;2082.9;2084.7;2082.9;2084.5;482
20240304 160300;2084.5;2085.8;2084.1;2085.5;500
20240304 160400;2085.5;2086.5;2085.1;2086;641
20240304 160500;2086;2087;2085.7;2086.4;425
20240304 160600;2086.4;2086.9;2085.7;2086;449
20240304 160700;2086;2087;2086;2087;398
20240304 160800;2087;2087.2;2086.4;2086.8;292
20240304 160900;2086.8;2087.9;2086.6;2087.9;181
20240304 161000;2087.9;2089.1;2087.9;2088.9;451
20240304 161100;2089;2089.9;2088.6;2088.6;472
20240304 161200;2088.7;2089.4;2088.3;2088.3;356
20240304 161300;2088.4;2088.9;2088.2;2088.2;283
20240304 161400;2088.3;2088.6;2087.7;2088;256
20240304 161500;2087.9;2088.5;2087.4;2088.3;363
20240304 161600;2088.2;2088.7;2087.9;2088.2;243
20240304 161700;2088.3;2089.3;2088.3;2088.7;345
20240304 161800;2088.7;2089;2088.2;2088.5;284
20240304 161900;2088.6;2089.9;2088.4;2089.8;296
20240304 162000;2089.7;2089.8;2089;2089.4;212
20240304 162100;2089.5;2089.7;2088.1;2089;643
20240304 162200;2089;2089.5;2088.5;2088.7;147
20240304 162300;2088.7;2089.1;2087.3;2087.7;570
20240304 162400;2087.8;2087.9;2086.6;2086.7;303
20240304 162500;2086.7;2087.4;2086.2;2087.3;368
20240304 162600;2087.4;2087.6;2086.8;2087.1;178
20240304 162700;2087.1;2087.2;2086.5;2087.1;205
20240304 162800;2087;2087.4;2086.9;2087.3;105
20240304 162900;2087.3;2087.7;2087;2087.3;183
20240304 163000;2087.4;2087.9;2087.2;2087.2;161
20240304 163100;2087.3;2087.9;2087;2087.2;206
20240304 163200;2087.2;2087.5;2086.8;2086.9;149
20240304 163300;2086.9;2088;2086.8;2087.3;242
20240304 163400;2087.3;2087.6;2087.1;2087.1;159
20240304 163500;2087.1;2087.1;2085.4;2085.7;609
20240304 163600;2085.7;2086;2084.5;2084.5;393
20240304 163700;2084.6;2085.8;2084.6;2085.6;244
20240304 163800;2085.6;2086.5;2085.6;2086.3;196
20240304 163900;2086.2;2086.6;2085.7;2086.4;113
20240304 164000;2086.4;2087.3;2086.2;2087.1;239
20240304 164100;2087.1;2087.2;2085.9;2086.3;177
20240304 164200;2086.5;2087.8;2086;2087.8;113
20240304 164300;2087.8;2088.5;2087.5;2088.2;235
20240304 164400;2088.1;2088.2;2087.4;2087.6;130
20240304 164500;2087.8;2088.1;2086.6;2086.7;139
20240304 164600;2086.8;2088.3;2086.8;2088.2;197
20240304 164700;2088.3;2088.9;2087.4;2087.5;191
20240304 164800;2087.6;2088.1;2087.2;2088.1;84
20240304 164900;2088;2089;2087.9;2088.9;97
20240304 165000;2088.9;2089;2088.4;2088.4;67
20240304 165100;2088.4;2089.2;2088.3;2089.1;116
20240304 165200;2089.1;2089.4;2088.7;2089;76
20240304 165300;2089;2089;2088;2088.3;113
20240304 165400;2088.4;2089.1;2088.4;2089;198
20240304 165500;2088.9;2089.1;2088.4;2088.6;129
20240304 165600;2088.7;2089.3;2088.4;2089.1;142
20240304 165700;2089;2089.4;2088.7;2089.3;88
20240304 165800;2089.4;2089.9;2089.1;2089.7;166
20240304 165900;2089.6;2090.6;2089.5;2090.5;182
20240304 170000;2090.6;2090.9;2090.4;2090.8;344
20240304 170100;2090.8;2091.2;2088.8;2088.8;280
20240304 170200;2088.8;2089;2088.1;2088.4;221
20240304 170300;2088.4;2089;2087.8;2088.2;257
20240304 170400;2088.3;2088.9;2088.2;2088.7;74
20240304 170500;2088.7;2088.7;2088.1;2088.3;76
20240304 170600;2088.3;2088.6;2087.8;2087.8;84
20240304 170700;2088;2088.3;2087.7;2088.1;112
20240304 170800;2088.3;2088.5;2087.3;2087.4;175
20240304 170900;2087.5;2087.7;2087.2;2087.6;107
20240304 171000;2087.6;2088;2087.4;2088;105
20240304 171100;2088;2088.3;2087.7;2088;105
20240304 171200;2088.1;2088.6;2087.5;2088.6;77
20240304 171300;2088.7;2088.9;2088;2088.3;101
20240304 171400;2088.3;2088.3;2087.6;2087.6;61
20240304 171500;2087.6;2087.8;2086.8;2086.9;140
20240304 171600;2086.8;2087.6;2086.6;2087.5;163
20240304 171700;2087.5;2088;2087.3;2087.3;89
20240304 171800;2087.2;2087.7;2086.6;2087.7;198
20240304 171900;2087.7;2088;2087.5;2087.7;67
20240304 172000;2087.7;2088.4;2087.4;2088.4;48
20240304 172100;2088.5;2089.2;2088.3;2089.1;120
20240304 172200;2089.1;2089.2;2088.2;2088.3;112
20240304 172300;2088.1;2088.2;2087.4;2088.1;99
20240304 172400;2088;2089.3;2088;2089.1;163
20240304 172500;2089.1;2089.1;2087.8;2087.8;53
20240304 172600;2087.8;2088.6;2087.7;2088.5;43
20240304 172700;2088.6;2089;2088.5;2088.6;70
20240304 172800;2088.6;2089.2;2088.4;2089.1;39
20240304 172900;2089.1;2089.5;2088.5;2089.2;163
20240304 173000;2089.3;2090;2089;2089.8;140
20240304 173100;2089.7;2090.3;2089.4;2089.4;178
20240304 173200;2089.5;2089.5;2088.7;2089.1;95
20240304 173300;2089.1;2089.4;2088.7;2089.1;82
20240304 173400;2089;2089;2088.4;2088.4;94
20240304 173500;2088.3;2088.6;2088.1;2088.6;61
20240304 173600;2088.6;2089;2087.7;2087.8;107
20240304 173700;2087.7;2087.8;2086.6;2086.7;189
20240304 173800;2086.8;2087.2;2086.6;2087.1;92
20240304 173900;2087.1;2087.7;2086.9;2087.2;89
20240304 174000;2087.1;2087.5;2086.5;2086.8;113
20240304 174100;2086.8;2087.6;2086.8;2087.2;92
20240304 174200;2087.2;2088.5;2087.2;2088;116
20240304 174300;2088.1;2088.4;2087;2087.2;91
20240304 174400;2087.1;2087.2;2086.6;2086.9;89
20240304 174500;2086.8;2087.4;2086.6;2086.6;114
20240304 174600;2086.5;2087.2;2086.5;2087.1;138
20240304 174700;2087.1;2087.5;2086.8;2086.8;61
20240304 174800;2086.9;2087.6;2086.9;2087.6;65
20240304 174900;2087.5;2087.5;2086.7;2087.1;126
20240304 175000;2087;2087.2;2086.7;2086.9;43
20240304 175100;2086.8;2087.7;2086.8;2086.8;124
20240304 175200;2086.8;2087.4;2086.5;2086.9;63
20240304 175300;2086.9;2087.4;2086.3;2086.8;163
20240304 175400;2086.8;2086.8;2086.3;2086.6;64
20240304 175500;2086.9;2087.3;2086.8;2086.8;79
20240304 175600;2086.9;2086.9;2086.4;2086.6;152
20240304 175700;2086.5;2086.8;2086.2;2086.4;157
20240304 175800;2086.5;2087.2;2086.4;2087.2;72
20240304 175900;2087.1;2087.1;2086.5;2086.9;78
20240304 180000;2086.8;2087.4;2086.8;2087.1;52
20240304 180100;2087;2087.8;2086.9;2087.7;121
20240304 180200;2087.7;2087.7;2086.9;2087.1;97
20240304 180300;2087.2;2088.4;2087.2;2088.1;162
20240304 180400;2088.1;2088.2;2087.8;2087.9;154
20240304 180500;2088;2088.3;2087.9;2088;113
20240304 180600;2088;2089.2;2087.9;2089;191
20240304 180700;2088.9;2089.7;2088.9;2089;117
20240304 180800;2089;2089.2;2087.5;2087.7;229
20240304 180900;2087.7;2088.6;2087.4;2088.4;165
20240304 181000;2088.4;2089;2088.4;2088.5;101
20240304 181100;2088.6;2088.6;2086.9;2087.2;142
20240304 181200;2087.3;2087.9;2086.8;2087.7;133
20240304 181300;2087.6;2087.9;2087.3;2087.4;84
20240304 181400;2087.4;2088.2;2087.3;2087.8;101
20240304 181500;2087.7;2087.7;2086.7;2087.1;157
20240304 181600;2087.1;2087.1;2086.3;2086.9;155
20240304 181700;2086.8;2087;2085.5;2085.5;344
20240304 181800;2085.6;2086.9;2085.6;2086.9;161
20240304 181900;2086.8;2086.8;2085.8;2085.9;140
20240304 182000;2085.9;2085.9;2085.1;2085.4;205
20240304 182100;2085.4;2086.1;2084.7;2084.9;233
20240304 182200;2084.9;2086.1;2084.9;2086;160
20240304 182300;2086.1;2086.1;2085.3;2086;173
20240304 182400;2085.9;2085.9;2085.1;2085.2;155
20240304 182500;2085.2;2085.7;2084.2;2084.4;319
20240304 182600;2084.3;2084.9;2083.8;2084.7;240
20240304 182700;2084.7;2085.4;2084.7;2085.2;124
20240304 182800;2085.3;2085.7;2085;2085.4;101
20240304 182900;2085.4;2085.7;2084.7;2084.7;75
20240304 183000;2084.8;2085.4;2084.4;2085.2;125
20240304 183100;2085.2;2086.4;2084.8;2086.2;236
20240304 183200;2086.1;2086.1;2085.3;2085.7;220
20240304 183300;2085.7;2086.9;2085.7;2086.6;158
20240304 183400;2086.6;2086.9;2086.3;2086.5;170
20240304 183500;2086.6;2087.2;2086.6;2086.8;212
20240304 183600;2086.8;2086.9;2085.8;2086;85
20240304 183700;2085.9;2085.9;2085.5;2085.7;82
20240304 183800;2085.5;2086;2085.4;2085.8;84
20240304 183900;2085.9;2086.2;2085.2;2085.7;79
20240304 184000;2085.7;2085.7;2085;2085;93
20240304 184100;2085;2085.6;2085;2085.5;111
20240304 184200;2085.6;2085.7;2085.2;2085.7;88
20240304 184300;2085.6;2085.6;2085;2085.5;115
20240304 184400;2085.5;2086;2085.5;2085.9;125
20240304 184500;2085.8;2085.8;2085.4;2085.7;57
20240304 184600;2085.7;2085.7;2084.6;2084.7;92
20240304 184700;2084.8;2085.4;2084.7;2085.3;69
20240304 184800;2085.3;2085.8;2085.3;2085.5;51
20240304 184900;2085.6;2086.2;2085.4;2085.5;94
20240304 185000;2085.5;2085.5;2085.1;2085.1;48
20240304 185100;2085.2;2085.3;2084.6;2084.8;89
20240304 185200;2084.7;2085.2;2084.5;2085.2;57
20240304 185300;2085.1;2085.1;2084.6;2084.9;49
20240304 185400;2085;2085;2084.4;2084.8;86
20240304 185500;2085;2085.4;2084.8;2085.2;48
20240304 185600;2085.2;2085.4;2084.9;2084.9;67
20240304 185700;2084.9;2085;2084.4;2084.4;145
20240304 185800;2084.4;2084.7;2084;2084.4;148
20240304 185900;2084.3;2084.3;2083.6;2084;125
20240304 190000;2084;2084.6;2083.9;2084.5;115
20240304 190100;2084.4;2084.5;2083.4;2083.5;159
20240304 190200;2083.6;2085;2083.5;2085;96
20240304 190300;2084.9;2085.1;2084.4;2084.7;115
20240304 190400;2084.7;2084.9;2084.5;2084.9;61
20240304 190500;2084.8;2085.1;2084.8;2084.8;55
20240304 190600;2084.8;2084.9;2084.1;2084.2;94
20240304 190700;2084.3;2085;2084.3;2085;50
20240304 190800;2085;2085.2;2084.3;2084.7;112
20240304 190900;2084.8;2084.9;2084.6;2084.7;48
20240304 191000;2084.8;2085;2084.6;2084.7;51
20240304 191100;2084.7;2084.9;2084.1;2084.2;105
20240304 191200;2084.2;2085;2084.1;2085;50
20240304 191300;2085;2085.4;2084.8;2085.3;65
20240304 191400;2085.2;2085.4;2084.8;2085.4;45
20240304 191500;2085.4;2085.5;2084.6;2084.6;73
20240304 191600;2084.5;2084.5;2083.7;2083.8;126
20240304 191700;2083.7;2083.8;2082.8;2083.2;188
20240304 191800;2083.1;2083.8;2082.6;2083.8;107
20240304 191900;2083.7;2083.9;2083.6;2083.7;74
20240304 192000;2083.7;2084.4;2083.6;2084.4;72
20240304 192100;2084.3;2084.3;2083.3;2083.4;112
20240304 192200;2083.4;2083.7;2083.2;2083.4;114
20240304 192300;2083.2;2083.3;2082.8;2082.9;107
20240304 192400;2082.8;2082.9;2082.2;2082.4;156
20240304 192500;2082.4;2082.9;2082.4;2082.8;94
20240304 192600;2082.8;2082.8;2082.1;2082.5;174
20240304 192700;2082.6;2083;2082.2;2082.4;202
20240304 192800;2082.3;2082.7;2081.9;2082.5;132
20240304 192900;2082.4;2082.8;2082;2082.2;109
20240304 193000;2082.1;2083.3;2082;2083;187
20240304 193100;2083;2083.5;2083;2083.4;135
20240304 193200;2083.4;2083.6;2082.9;2082.9;162
20240304 193300;2083;2083.7;2082.6;2083.5;83
20240304 193400;2083.6;2084.4;2083.4;2084.4;141
20240304 193500;2084.4;2084.8;2084.3;2084.4;124
20240304 193600;2084.3;2084.7;2084.1;2084.7;164
20240304 193700;2084.8;2086.4;2084.8;2086.1;1147
20240304 193800;2086;2086.3;2085.7;2086.3;227
20240304 193900;2086.4;2086.8;2085.9;2086.7;487
20240304 194000;2086.7;2088;2086.7;2087.8;570
20240304 194100;2087.8;2087.9;2086.6;2086.6;401
20240304 194200;2086.6;2086.8;2085.7;2086.4;273
20240304 194300;2086.4;2086.9;2086.2;2086.5;363
20240304 194400;2086.5;2086.5;2084.5;2084.8;1148
20240304 194500;2084.9;2085.7;2084.4;2085.7;236
20240304 194600;2085.7;2086.2;2085.2;2085.6;244
20240304 194700;2085.7;2086.2;2085.5;2085.7;194
20240304 194800;2085.6;2085.7;2084.2;2084.4;299
20240304 194900;2084.4;2085.5;2084.3;2085.3;409
20240304 195000;2085.3;2085.6;2084.9;2085;309
20240304 195100;2085;2085.5;2084.4;2084.6;204
20240304 195200;2084.6;2085.9;2084.5;2085.9;166
20240304 195300;2085.8;2085.8;2084.8;2085.1;194
20240304 195400;2085.2;2086.1;2084.7;2085;238
20240304 195500;2085.1;2085.8;2084.7;2085.5;111
20240304 195600;2085.6;2086.6;2085.6;2086.2;149
20240304 195700;2086.2;2086.2;2085.2;2085.3;121
20240304 195800;2085.3;2085.6;2084.9;2084.9;148
20240304 195900;2084.9;2085.6;2084.9;2085.5;140
20240304 200000;2085.5;2085.6;2084.9;2084.9;182
20240304 200100;2085;2085.4;2084.3;2085.1;291
20240304 200200;2085;2085.7;2084.8;2085.7;146
20240304 200300;2085.6;2085.8;2085.1;2085.7;163
20240304 200400;2085.7;2086;2085.4;2085.5;201
20240304 200500;2085.5;2085.8;2085.3;2085.3;212
20240304 200600;2085.3;2085.3;2084.6;2085.2;165
20240304 200700;2085.2;2085.5;2084.4;2084.4;157
20240304 200800;2084.5;2084.9;2083.9;2084.8;229
20240304 200900;2084.7;2085.5;2084.7;2085.3;129
20240304 201000;2085.3;2086.3;2085.3;2085.8;116
20240304 201100;2085.7;2086;2085.4;2085.7;105
20240304 201200;2085.7;2086.3;2085.4;2086.3;103
20240304 201300;2086.4;2086.4;2085.6;2085.7;107
20240304 201400;2085.8;2086.2;2085.7;2086.2;64
20240304 201500;2086.2;2086.6;2085.9;2086.1;169
20240304 201600;2086.1;2086.2;2085;2085.8;256
20240304 201700;2085.8;2086;2085;2085.2;519
20240304 201800;2085.3;2085.4;2084.4;2084.6;144
20240304 201900;2084.7;2084.7;2084.1;2084.5;156
20240304 202000;2084.6;2084.6;2083.9;2083.9;131
20240304 202100;2084;2084;2083.1;2083.8;275
20240304 202200;2083.8;2083.9;2083.4;2083.5;75
20240304 202300;2083.6;2083.8;2083.3;2083.6;122
20240304 202400;2083.5;2083.6;2083;2083.2;89
20240304 202500;2083.3;2083.7;2083.1;2083.1;134
20240304 202600;2083.2;2083.4;2082.3;2083;261
20240304 202700;2083.1;2083.6;2083;2083.1;159
20240304 202800;2083;2083.1;2082.5;2083;222
20240304 202900;2082.9;2083.6;2082.8;2083.6;137
20240304 203000;2083.6;2083.6;2081.3;2081.7;429
20240304 203100;2081.7;2081.9;2080.8;2081;367
20240304 203200;2081;2081.7;2080.6;2080.8;319
20240304 203300;2080.7;2080.9;2079.5;2080.2;414
20240304 203400;2080.2;2081.4;2080.2;2080.8;314
20240304 203500;2081;2081.3;2079.9;2080.1;424
20240304 203600;2079.9;2080.3;2078.3;2078.6;935
20240304 203700;2078.7;2078.7;2077.5;2077.6;572
20240304 203800;2077.7;2079.5;2077.7;2079.2;396
20240304 203900;2079.3;2080.3;2078.6;2080.3;244
20240304 204000;2080.4;2080.8;2079.8;2080.1;288
20240304 204100;2080.2;2080.8;2079.8;2080.4;612
20240304 204200;2080.4;2080.6;2079.7;2080;170
20240304 204300;2080.1;2080.7;2080.1;2080.2;150
20240304 204400;2080.2;2081;2079.9;2080.2;184
20240304 204500;2080.1;2080.2;2078.1;2078.3;485
20240304 204600;2078.3;2078.4;2076.1;2076.4;803
20240304 204700;2076.3;2077;2075.6;2076.1;763
20240304 204800;2076.1;2076.5;2074;2074.7;883
20240304 204900;2074.7;2075;2073.3;2074.7;600
20240304 205000;2074.8;2075.4;2073.4;2075;512
20240304 205100;2074.9;2076.4;2073.6;2074.3;835
20240304 205200;2074.3;2074.9;2073.4;2073.4;608
20240304 205300;2073.5;2074.6;2073.2;2074.4;615
20240304 205400;2074.4;2074.6;2073.6;2074.3;472
20240304 205500;2074.4;2075.3;2073.1;2075.2;412
20240304 205600;2075.3;2076.3;2074.4;2075;779
20240304 205700;2074.7;2075.8;2074.5;2075.7;497
20240304 205800;2075.6;2075.7;2075.1;2075.3;470
20240304 205900;2075.3;2076.4;2075.3;2076.1;1137
20240304 210000;2076.1;2076.6;2075.3;2075.5;6636
20240304 210100;2075.5;2076.3;2075;2075.2;2285
20240304 210200;2075.1;2075.5;2074.8;2075.4;623
20240304 210300;2075.3;2075.9;2075.3;2075.5;380
20240304 210400;2075.5;2075.7;2075.1;2075.3;369
20240304 210500;2075.4;2075.5;2075;2075.5;229
20240304 210600;2075.4;2075.5;2074.6;2074.7;422
20240304 210700;2074.6;2074.8;2074.4;2074.6;277
20240304 210800;2074.7;2074.7;2074.3;2074.4;166
20240304 210900;2074.4;2074.4;2073.9;2074;335
20240304 211000;2074;2074.2;2074;2074.2;195
20240304 211100;2074.3;2074.3;2073.2;2073.4;337
20240304 211200;2073.3;2073.8;2073.2;2073.2;173
20240304 211300;2073.2;2073.6;2073.1;2073.5;225
20240304 211400;2073.5;2074.1;2073.4;2073.7;443
20240304 211500;2073.7;2073.7;2073.4;2073.5;157
20240304 211600;2073.5;2073.8;2073.3;2073.7;48
20240304 211700;2073.8;2073.8;2073.4;2073.4;33
20240304 211800;2073.5;2073.8;2073.3;2073.6;48
20240304 211900;2073.5;2073.6;2073.3;2073.6;76
20240304 212000;2073.6;2074;2073.4;2073.9;67
20240304 212100;2074;2074.1;2073.9;2073.9;32
20240304 212200;2073.9;2074.1;2073.9;2074.1;28
20240304 212300;2074.2;2074.2;2074;2074;27
20240304 212400;2074;2074.2;2074;2074.1;43
20240304 212500;2074;2074;2073.9;2073.9;13
20240304 212600;2074;2074;2073.8;2073.9;78
20240304 212700;2073.8;2073.9;2073.5;2073.6;127
20240304 212800;2073.5;2073.8;2073.5;2073.7;85
20240304 212900;2073.6;2073.8;2073.6;2073.7;21
20240304 213000;2073.7;2073.7;2073.4;2073.5;76
20240304 213100;2073.5;2073.7;2073.4;2073.6;67
20240304 213200;2073.5;2073.5;2073.3;2073.5;34
20240304 213300;2073.4;2073.7;2073.4;2073.6;46
20240304 213400;2073.7;2073.7;2073.6;2073.6;30
20240304 213500;2073.6;2073.9;2073.6;2073.9;19
20240304 213600;2073.8;2073.9;2073.5;2073.5;35
20240304 213700;2073.5;2073.9;2073.5;2073.7;34
20240304 213800;2073.7;2073.9;2073.6;2073.9;29
20240304 213900;2073.9;2073.9;2073.9;2073.9;6
20240304 214000;2073.9;2073.9;2073.9;2073.9;20
20240304 214100;2073.8;2074;2073.8;2074;60
20240304 214200;2073.9;2074.1;2073.9;2074;59
20240304 214300;2073.9;2074;2073.8;2073.8;25
20240304 214400;2073.9;2074;2073.7;2074;67
20240304 214500;2074;2074;2073.8;2073.9;13
20240304 214600;2073.8;2074;2073.7;2073.9;43
20240304 214700;2073.8;2074;2073.8;2074;22
20240304 214800;2073.9;2074;2073.8;2073.9;28
20240304 214900;2073.8;2074;2073.8;2074;6
20240304 215000;2073.9;2073.9;2073.6;2073.8;64
20240304 215100;2073.8;2074;2073.7;2074;24
20240304 215200;2074;2074.1;2073.9;2074.1;24
20240304 215300;2073.9;2073.9;2073.9;2073.9;82
20240304 215400;2073.9;2073.9;2073.7;2073.8;30
20240304 215500;2073.9;2073.9;2073.8;2073.8;89
20240304 215600;2073.9;2074;2073.9;2074;8
20240304 215700;2074.1;2074.1;2073.6;2073.7;6
20240304 215800;2073.6;2074;2073.6;2074;13
20240304 215900;2073.9;2074.2;2073.8;2073.8;50
20240304 220000;2073.9;2074;2073.8;2073.9;48
20240304 230100;2073.3;2074.2;2070.1;2074;218
20240304 230200;2074.2;2074.3;2073.6;2073.7;51
20240304 230300;2073.8;2073.8;2073.4;2073.4;9
20240304 230400;2073.4;2073.4;2073.2;2073.4;7
20240304 230500;2073.5;2073.5;2072.5;2072.5;17
20240304 230600;2072.6;2072.9;2072.6;2072.9;6
20240304 230700;2072.9;2073.2;2072.9;2073.2;12
20240304 230800;2073.1;2073.2;2072.7;2072.7;21
20240304 230900;2073;2073;2072.7;2072.7;4
20240304 231000;2072.5;2072.6;2072.2;2072.4;18
20240304 231100;2072.4;2072.4;2070.9;2071;109
20240304 231200;2071.1;2072;2070.9;2071.1;94
20240304 231300;2070.9;2071.2;2070.7;2070.9;16
20240304 231400;2071;2071.2;2071;2071.2;2
20240304 231500;2071.2;2071.2;2071;2071;15
20240304 231600;2071.1;2071.1;2071;2071;5
20240304 231700;2070.8;2071;2070.8;2071;9
20240304 231800;2070.9;2071;2070.7;2070.7;9
20240304 231900;2070.7;2070.8;2070.6;2070.8;11
20240304 232000;2070.8;2071;2070.7;2071;12
20240304 232100;2071.2;2072;2071;2071.9;15
20240304 232200;2072;2072;2071.8;2071.8;8
20240304 232300;2071.6;2071.6;2071.6;2071.6;3
20240304 232400;2071.8;2072.2;2071.7;2072.2;13
20240304 232500;2072.4;2072.4;2072;2072.2;31
20240304 232600;2072.2;2072.3;2071.9;2071.9;25
20240304 232700;2072;2072;2071.8;2072;4
20240304 232800;2071.9;2071.9;2071.7;2071.7;9
20240304 232900;2071.7;2071.8;2071.5;2071.6;18
20240304 233000;2071.7;2072;2071.7;2071.9;13
20240304 233100;2071.9;2072.1;2071.8;2072;12
20240304 233200;2071.9;2072.2;2071.9;2072.2;7
20240304 233300;2072.2;2072.2;2072.2;2072.2;1
20240304 233400;2072;2072.2;2072;2072.2;9
20240304 233500;2072.1;2072.2;2072;2072;6
20240304 233600;2072.3;2072.3;2072.3;2072.3;2
20240304 233700;2072.4;2072.4;2072.1;2072.1;3
20240304 233800;2072.2;2072.4;2072.2;2072.4;8
20240304 233900;2072.5;2072.6;2072.4;2072.4;8
20240304 234000;2072.5;2072.5;2072.4;2072.4;2
20240304 234100;2072.4;2072.4;2072.2;2072.2;9
20240304 234200;2072.4;2072.4;2072.2;2072.2;4
20240304 234300;2072.2;2072.2;2072.1;2072.1;3
20240304 234500;2072;2072;2071.8;2071.9;7
20240304 234600;2072;2072;2071.5;2071.9;15
20240304 234700;2071.7;2071.7;2071.6;2071.6;2
20240304 234800;2071.5;2071.5;2071.4;2071.4;10
20240304 234900;2071.3;2071.4;2071.1;2071.1;4
20240304 235000;2071;2071.4;2070.9;2070.9;15
20240304 235100;2071;2071;2070.9;2071;3
20240304 235200;2070.8;2070.8;2070.4;2070.4;16
20240304 235300;2070.7;2070.8;2070.3;2070.3;13
20240304 235400;2070.5;2070.7;2070.3;2070.4;38
20240304 235500;2070.5;2070.6;2070.4;2070.4;28
20240304 235600;2070.4;2070.4;2070.2;2070.2;4
20240304 235700;2070.3;2070.4;2070.2;2070.4;9
20240304 235900;2070.3;2070.6;2070.3;2070.6;15
20240305 000000;2070.5;2070.7;2070.2;2070.2;12
20240305 000100;2070.1;2070.2;2069.5;2069.7;60
20240305 000200;2069.6;2069.9;2069.3;2069.9;25
20240305 000300;2069.9;2070.1;2069.9;2070;16
20240305 000400;2070;2070.6;2070;2070.6;9
20240305 000500;2070.7;2071.3;2070.6;2071.1;27
20240305 000600;2071.2;2071.6;2071.2;2071.3;20
20240305 000700;2071.3;2071.4;2071.2;2071.2;8
20240305 000800;2071.2;2071.6;2071.2;2071.6;9
20240305 000900;2071.7;2071.8;2071.7;2071.7;21
20240305 001000;2071.7;2071.7;2071.6;2071.6;5
20240305 001100;2071.7;2071.7;2071.3;2071.3;14
20240305 001200;2071.2;2071.5;2071.1;2071.5;8
20240305 001300;2071.3;2071.3;2071.2;2071.2;2
20240305 001400;2071;2071;2070.8;2070.8;12
20240305 001500;2071;2071.3;2071;2071.3;5
20240305 001600;2071.4;2071.9;2071.4;2071.8;9
20240305 001700;2071.8;2072.2;2071.4;2071.4;24
20240305 001800;2071.4;2071.4;2071.2;2071.2;7
20240305 001900;2071.1;2071.2;2071.1;2071.2;3
20240305 002000;2071;2071;2070.8;2070.8;5
20240305 002100;2070.9;2071;2070.6;2070.6;11
20240305 002200;2070.7;2070.7;2070.5;2070.5;3
20240305 002300;2070.6;2070.9;2070.6;2070.7;8
20240305 002400;2070.6;2070.6;2070.5;2070.5;4
20240305 002500;2070.5;2070.6;2070.5;2070.6;3
20240305 002600;2070.5;2070.5;2070.3;2070.3;7
20240305 002700;2070.5;2070.6;2070.5;2070.5;4
20240305 002800;2070.4;2071;2070.3;2071;16
20240305 002900;2071.2;2071.3;2071;2071;8
20240305 003000;2070.8;2070.8;2070.8;2070.8;1
20240305 003100;2070.6;2070.7;2070.6;2070.6;3
20240305 003200;2070.6;2070.8;2070.4;2070.4;9
20240305 003300;2070.5;2070.7;2070.5;2070.7;5
20240305 003400;2070.7;2070.7;2070.6;2070.6;2
20240305 003500;2070.8;2070.9;2070.8;2070.9;8
20240305 003600;2071;2071.6;2071;2071.2;25
20240305 003700;2071.1;2071.1;2071.1;2071.1;3
20240305 003800;2071.2;2071.4;2071;2071;29
20240305 003900;2071.1;2071.1;2070.5;2070.5;24
20240305 004000;2070.6;2070.8;2070.5;2070.7;11
20240305 004100;2070.9;2071.8;2070.9;2070.9;66
20240305 004200;2071;2071;2070;2070.3;221
20240305 004300;2070.2;2070.4;2069.7;2070.3;23
20240305 004400;2070.1;2070.3;2069.8;2070.3;15
20240305 004500;2070.5;2070.6;2070.5;2070.6;2
20240305 004600;2070.4;2070.4;2069.7;2070;34
20240305 004700;2069.9;2069.9;2069.5;2069.5;7
20240305 004800;2069.5;2069.6;2068.9;2069.2;45
20240305 004900;2069.3;2069.6;2068.9;2069.5;43
20240305 005000;2069.6;2069.9;2069.6;2069.8;27
20240305 005100;2069.7;2070.8;2069.6;2070.8;51
20240305 005200;2070.8;2070.9;2070.4;2070.9;36
20240305 005300;2071;2071.2;2070.9;2070.9;26
20240305 005400;2070.9;2071.1;2070.8;2070.9;19
20240305 005500;2070.9;2070.9;2070.8;2070.8;3
20240305 005600;2070.7;2070.9;2070.5;2070.6;12
20240305 005700;2070.5;2070.8;2070.3;2070.8;8
20240305 005800;2070.5;2070.6;2070.3;2070.6;10
20240305 005900;2070.8;2070.9;2070.2;2070.3;20
20240305 010000;2070.3;2070.4;2069.9;2070.2;40
20240305 010100;2070.2;2070.2;2070.1;2070.1;4
20240305 010200;2069.9;2069.9;2069.5;2069.6;9
20240305 010300;2069.8;2070.3;2069.8;2070.2;9
20240305 010400;2070.2;2070.7;2070.2;2070.6;14
20240305 010500;2070.8;2070.8;2070.6;2070.7;8
20240305 010600;2070.8;2070.8;2070.6;2070.7;13
20240305 010700;2070.8;2071;2070.8;2071;3
20240305 010800;2071.1;2071.3;2071.1;2071.3;8
20240305 010900;2071.5;2071.5;2071.4;2071.4;7
20240305 011000;2071.4;2071.4;2071.2;2071.2;9
20240305 011100;2071.2;2071.2;2071.2;2071.2;8
20240305 011200;2071.1;2071.2;2071;2071.2;11
20240305 011300;2071.3;2071.3;2071;2071;10
20240305 011400;2071;2071.1;2071;2071.1;7
20240305 011500;2071.1;2071.1;2071;2071.1;5
20240305 011600;2071;2071;2070.9;2071;5
20240305 011700;2070.9;2070.9;2070.7;2070.7;5
20240305 011800;2070.7;2070.7;2069.4;2069.6;135
20240305 011900;2069.6;2069.7;2069.2;2069.6;71
20240305 012000;2069.8;2070.2;2069.8;2069.9;21
20240305 012100;2069.8;2069.8;2069.2;2069.4;20
20240305 012200;2069.3;2069.3;2068.7;2069;25
20240305 012300;2069;2069.1;2068.8;2069.1;14
20240305 012400;2069.4;2069.6;2069.4;2069.6;10
20240305 012500;2069.8;2070.4;2069.6;2070.2;17
20240305 012600;2070;2070;2069.9;2069.9;10
20240305 012700;2069.6;2069.8;2069.3;2069.3;5
20240305 012800;2069.2;2069.6;2069.2;2069.5;14
20240305 012900;2069.7;2069.7;2069.6;2069.6;6
20240305 013000;2069.4;2069.4;2068.6;2068.8;36
20240305 013100;2068.6;2069;2068.4;2068.7;31
20240305 013200;2068.7;2068.7;2067.4;2067.9;84
20240305 013300;2067.9;2068;2067.4;2067.6;16
20240305 013400;2067.5;2067.7;2067.4;2067.4;11
20240305 013500;2067.3;2067.6;2067.1;2067.2;30
20240305 013600;2067.5;2067.7;2067.3;2067.6;27
20240305 013700;2067.7;2067.9;2067.5;2067.9;12
20240305 013800;2067.9;2068;2067.7;2068;13
20240305 013900;2067.9;2068;2067.6;2067.7;45
20240305 014000;2067.7;2067.7;2067.3;2067.7;28
20240305 014100;2068;2068.5;2067.9;2068.5;30
20240305 014200;2068.4;2068.4;2068.1;2068.4;14
20240305 014300;2068.3;2068.7;2068.3;2068.6;12
20240305 014400;2068.8;2069.1;2068.8;2069.1;13
20240305 014500;2069.1;2069.1;2068.8;2068.8;6
20240305 014600;2068.6;2068.6;2068.1;2068.2;46
20240305 014700;2068.1;2068.3;2068;2068.3;31
20240305 014800;2068.1;2068.3;2068.1;2068.3;23
20240305 014900;2068.3;2068.3;2068.1;2068.1;8
20240305 015000;2068;2068.2;2067.9;2067.9;17
20240305 015100;2067.6;2067.9;2067.3;2067.9;42
20240305 015200;2068;2068;2067.7;2067.7;6
20240305 015300;2067.6;2067.7;2067.3;2067.3;26
20240305 015400;2067.5;2067.7;2067.3;2067.7;21
20240305 015500;2067.7;2068.1;2067.7;2068.1;10
20240305 015600;2067.9;2068.1;2067.9;2068.1;11
20240305 015700;2068.1;2068.2;2067.9;2067.9;8
20240305 015800;2068;2068.4;2068;2068.3;40
20240305 015900;2068.4;2068.5;2068.3;2068.5;7
20240305 020000;2068.6;2068.8;2068.4;2068.7;13
20240305 020100;2068.8;2069;2068.6;2068.6;41
20240305 020200;2068.6;2068.6;2068.4;2068.4;20
20240305 020300;2068.3;2068.4;2068.3;2068.3;15
20240305 020400;2068.2;2068.5;2068.2;2068.5;10
20240305 020500;2068.4;2068.4;2068.4;2068.4;5
20240305 020600;2068.4;2068.4;2068.4;2068.4;11
20240305 020700;2068.5;2068.6;2068.4;2068.5;12
20240305 020800;2068.5;2068.6;2068.5;2068.6;14
20240305 020900;2068.7;2068.8;2068.7;2068.8;6
20240305 021000;2068.9;2069.2;2068.9;2069;17
20240305 021100;2069;2069.1;2069;2069;13
20240305 021200;2069;2069.1;2068.9;2069.1;16
20240305 021300;2068.8;2069;2068.8;2069;9
20240305 021400;2069.1;2069.1;2068.9;2068.9;7
20240305 021500;2068.9;2068.9;2068.8;2068.9;6
20240305 021600;2068.8;2069;2068.8;2069;6
20240305 021700;2068.8;2068.8;2068.7;2068.7;10
20240305 021800;2068.7;2068.9;2068.6;2068.9;7
20240305 022000;2069.1;2069.3;2069;2069.3;8
20240305 022100;2069.5;2069.5;2069.3;2069.3;4
20240305 022200;2069.5;2069.6;2069.4;2069.4;4
20240305 022300;2069.6;2069.7;2069.6;2069.6;3
20240305 022400;2069.8;2069.8;2069.7;2069.7;7
20240305 022500;2069.7;2069.9;2069.7;2069.9;9
20240305 022600;2069.7;2069.7;2069.6;2069.7;12
20240305 022700;2069.4;2069.4;2068.9;2068.9;13
20240305 022800;2068.8;2068.8;2068.6;2068.8;17
20240305 022900;2068.8;2068.9;2068.7;2068.7;16
20240305 023000;2068.8;2068.8;2068.8;2068.8;7
20240305 023100;2069;2069.2;2068.9;2069;24
20240305 023200;2069.1;2069.2;2068.9;2069.2;11
20240305 023300;2069.2;2069.4;2069.2;2069.4;2
20240305 023400;2069.3;2069.5;2069.3;2069.5;2
20240305 023500;2069.6;2069.7;2069.6;2069.7;18
20240305 023600;2069.8;2069.8;2069.6;2069.8;20
20240305 023700;2069.8;2069.8;2069.6;2069.6;8
20240305 023800;2069.5;2069.6;2069.5;2069.6;15
20240305 023900;2069.7;2069.7;2069.6;2069.6;2
20240305 024000;2069.5;2069.6;2069.5;2069.6;2
20240305 024100;2069.5;2069.5;2069.4;2069.4;2
20240305 024200;2069.4;2069.4;2069.1;2069.1;6
20240305 024300;2069.1;2069.1;2069;2069.1;9
20240305 024400;2068.9;2068.9;2068.6;2068.7;20
20240305 024600;2069.2;2069.2;2068.8;2068.8;11
20240305 024700;2069;2069;2069;2069;3
20240305 024800;2068.7;2068.7;2068.6;2068.6;8
20240305 024900;2068.5;2068.7;2068.4;2068.7;10
20240305 025000;2068.7;2068.7;2068.2;2068.4;12
20240305 025100;2068.4;2068.4;2068.2;2068.2;22
20240305 025200;2068.3;2068.3;2068;2068;18
20240305 025300;2068;2068.1;2067.8;2067.9;19
20240305 025400;2067.9;2068;2067.5;2067.5;48
20240305 025500;2067.6;2067.6;2067.6;2067.6;5
20240305 025600;2068.2;2068.2;2068.1;2068.1;5
20240305 025700;2068.2;2068.3;2068;2068.1;12
20240305 025800;2068;2068.2;2067.6;2068;74
20240305 025900;2067.9;2068.1;2067.6;2068.1;14
20240305 030000;2068.2;2068.2;2068.2;2068.2;5
20240305 030100;2068.2;2068.6;2068.2;2068.5;32
20240305 030200;2068.6;2068.7;2068.6;2068.7;9
20240305 030300;2068.7;2068.8;2068.4;2068.7;74
20240305 030400;2068.6;2068.8;2068.5;2068.5;113
20240305 030500;2068.6;2068.6;2068.6;2068.6;2
20240305 030600;2068.5;2068.6;2068.4;2068.5;13
20240305 030700;2068.5;2068.6;2068.2;2068.2;18
20240305 030800;2068.3;2068.5;2068.3;2068.4;12
20240305 030900;2068.4;2068.4;2068.3;2068.3;4
20240305 031000;2068.3;2068.4;2068.3;2068.3;5
20240305 031100;2068.2;2068.2;2068.2;2068.2;4
20240305 031200;2068.1;2068.3;2068.1;2068.3;8
20240305 031300;2068.3;2068.3;2068.3;2068.3;1
20240305 031400;2068.3;2068.4;2068.2;2068.3;15
20240305 031500;2068.4;2068.4;2068.4;2068.4;2
20240305 031600;2068.4;2068.5;2068.4;2068.5;5
20240305 031700;2068.5;2068.5;2068.5;2068.5;4
20240305 031800;2068.6;2068.6;2068.5;2068.5;5
20240305 031900;2068.6;2068.6;2068.4;2068.6;6
20240305 032000;2068.5;2068.5;2068.4;2068.4;9
20240305 032100;2068.5;2068.5;2068.3;2068.4;14
20240305 032200;2068.5;2068.7;2068.5;2068.7;4
20240305 032300;2068.6;2068.6;2068.4;2068.4;7
20240305 032400;2068.4;2068.4;2068.3;2068.4;7
20240305 032500;2068.4;2068.4;2068.3;2068.4;10
20240305 032600;2068.3;2068.5;2068.3;2068.5;14
20240305 032700;2068.5;2068.6;2068.5;2068.6;10
20240305 032800;2068.5;2068.5;2068.4;2068.4;7
20240305 032900;2068.4;2068.5;2068.4;2068.5;3
20240305 033000;2068.4;2068.6;2068.4;2068.6;14
20240305 033100;2068.7;2068.7;2068.4;2068.5;9
20240305 033200;2068.6;2068.6;2068.6;2068.6;1
20240305 033300;2068.7;2068.9;2068.7;2068.8;15
20240305 033400;2068.9;2069.1;2068.9;2069;16
20240305 033500;2069;2069.1;2068.9;2069.1;10
20240305 033600;2069.2;2069.2;2069;2069.2;22
20240305 033700;2069.2;2069.4;2069.2;2069.4;7
20240305 033800;2069.4;2069.6;2069.3;2069.6;13
20240305 033900;2069.6;2069.7;2069.6;2069.7;7
20240305 034000;2069.8;2069.8;2069.5;2069.6;16
20240305 034100;2069.7;2069.8;2069.7;2069.8;26
20240305 034200;2069.9;2070.2;2069.9;2070.1;38
20240305 034300;2070.2;2070.4;2070.1;2070.3;24
20240305 034400;2070.2;2070.7;2070.2;2070.5;39
20240305 034500;2070.2;2070.2;2070.1;2070.2;16
20240305 034600;2070.2;2070.4;2070.2;2070.3;16
20240305 034700;2070.3;2070.3;2070;2070;7
20240305 034800;2070;2070;2069.9;2070;4
20240305 034900;2069.9;2070;2069.6;2069.6;10
20240305 035000;2069.7;2069.7;2069.6;2069.6;7
20240305 035100;2069.7;2069.9;2069.7;2069.9;11
20240305 035200;2069.7;2069.7;2069.7;2069.7;3
20240305 035300;2069.9;2069.9;2069.9;2069.9;4
20240305 035400;2069.7;2069.7;2069.7;2069.7;1
20240305 035500;2069.8;2069.9;2069.7;2069.7;6
20240305 035600;2069.7;2069.8;2069.6;2069.6;4
20240305 035700;2069.5;2069.5;2069.5;2069.5;2
20240305 035800;2069.6;2069.8;2069.6;2069.8;5
20240305 035900;2070;2070;2070;2070;1
20240305 040000;2070.2;2070.2;2069.7;2069.8;16
20240305 040100;2070;2070.3;2069.9;2070.3;17
20240305 040200;2070.4;2070.4;2070.1;2070.4;16
20240305 040300;2070.5;2070.5;2070.4;2070.5;11
20240305 040400;2070.6;2070.7;2070.5;2070.6;15
20240305 040500;2070.3;2070.4;2070.3;2070.3;3
20240305 040600;2070.3;2070.5;2070.3;2070.4;5
20240305 040700;2070.5;2070.5;2070.5;2070.5;2
20240305 040800;2070.3;2070.3;2070.3;2070.3;2
20240305 040900;2070.2;2070.2;2069.8;2069.9;103
20240305 041000;2070;2070.3;2070;2070.2;11
20240305 041100;2070.3;2070.3;2070.2;2070.3;4
20240305 041200;2070.2;2070.2;2070.2;2070.2;1
20240305 041400;2070.1;2070.1;2070.1;2070.1;1
20240305 041500;2070;2070;2069.9;2069.9;7
20240305 041600;2069.9;2069.9;2069.8;2069.8;7
20240305 041700;2069.8;2069.8;2069.8;2069.8;2
20240305 041800;2069.9;2069.9;2069.7;2069.7;3
20240305 041900;2069.7;2069.7;2069.7;2069.7;5
20240305 042000;2069.7;2069.9;2069.7;2069.9;8
20240305 042100;2069.7;2069.7;2069.5;2069.5;11
20240305 042200;2069.4;2069.4;2069.2;2069.3;17
20240305 042300;2069.2;2069.4;2069.2;2069.4;3
20240305 042500;2069.5;2069.5;2069.4;2069.4;2
20240305 042600;2069.2;2069.3;2069.2;2069.3;4
20240305 042700;2069.2;2069.2;2069.2;2069.2;4
20240305 042800;2069.2;2069.3;2069.1;2069.3;6
20240305 042900;2069.3;2069.4;2069.3;2069.3;9
20240305 043000;2069.3;2069.3;2069.3;2069.3;2
20240305 043100;2069.5;2069.5;2069.5;2069.5;4
20240305 043200;2069.5;2069.5;2069.4;2069.4;4
20240305 043300;2069.5;2069.5;2069.5;2069.5;3
20240305 043400;2069.5;2069.5;2069.2;2069.2;13
20240305 043500;2069.1;2069.1;2069;2069.1;7
20240305 043600;2069.2;2069.2;2069.1;2069.2;7
20240305 043700;2069.2;2069.2;2069;2069;8
20240305 043800;2069;2069.1;2068.9;2069;15
20240305 043900;2068.9;2068.9;2068.8;2068.8;6
20240305 044000;2068.9;2068.9;2068.7;2068.8;13
20240305 044100;2068.9;2068.9;2068.6;2068.7;32
20240305 044200;2068.6;2068.7;2068.6;2068.6;5
20240305 044300;2068.7;2068.7;2068.6;2068.6;14
20240305 044500;2068.5;2068.6;2068.5;2068.5;9
20240305 044600;2068.6;2068.6;2068.4;2068.6;21
20240305 044700;2068.5;2068.5;2068.4;2068.4;6
20240305 044800;2068.7;2068.7;2068.5;2068.5;3
20240305 044900;2068.6;2068.6;2068.5;2068.5;2
20240305 045000;2068.5;2068.5;2068.4;2068.5;5
20240305 045100;2068.6;2068.6;2068.5;2068.5;3
20240305 045200;2068.6;2068.7;2068.5;2068.5;5
20240305 045300;2068.7;2068.8;2068.7;2068.8;3
20240305 045400;2068.8;2068.8;2068.5;2068.6;5
20240305 045600;2068.5;2068.5;2068.2;2068.2;11
20240305 045700;2068.4;2068.4;2068.2;2068.2;10
20240305 045800;2068.2;2068.5;2068.2;2068.3;41
20240305 045900;2068.2;2068.2;2068.2;2068.2;1
20240305 050100;2068.3;2068.4;2068.2;2068.4;17
20240305 050200;2068.4;2068.4;2068.3;2068.4;6
20240305 050300;2068.3;2068.3;2068.3;2068.3;3
20240305 050400;2068.3;2068.3;2068;2068;13
20240305 050500;2068.2;2068.2;2068.1;2068.1;5
20240305 050700;2068.1;2068.1;2067.9;2067.9;5
20240305 050800;2067.9;2068;2067.8;2067.9;14
20240305 050900;2068;2068;2068;2068;2
20240305 051000;2068;2068;2068;2068;3
20240305 051100;2068;2068;2067.9;2067.9;2
20240305 051200;2067.9;2067.9;2067.9;2067.9;1
20240305 051300;2067.9;2068;2067.9;2068;2
20240305 051400;2068;2068;2067.9;2067.9;8
20240305 051500;2068.1;2068.1;2068;2068;7
20240305 051600;2068.1;2068.1;2068;2068.1;7
20240305 051700;2068;2068;2068;2068;1
20240305 051800;2068;2068;2068;2068;4
20240305 051900;2068.1;2068.2;2067.9;2067.9;16
20240305 052000;2067.9;2067.9;2067.8;2067.8;2
20240305 052100;2067.9;2068;2067.8;2068;11
20240305 052200;2067.9;2068;2067.8;2067.9;6
20240305 052300;2068;2068;2067.9;2067.9;6
20240305 052400;2068;2068.1;2067.8;2068;14
20240305 052500;2068;2068;2067.7;2067.7;10
20240305 052600;2067.7;2067.7;2067.3;2067.4;33
20240305 052700;2067.5;2067.5;2067.5;2067.5;6
20240305 052800;2067.6;2067.7;2067.6;2067.7;2
20240305 052900;2067.6;2067.6;2067.3;2067.6;15
20240305 053000;2067.5;2067.6;2067.4;2067.4;5
20240305 053100;2067.6;2067.6;2067.6;2067.6;1
20240305 053200;2067.5;2067.6;2066.9;2067;34
20240305 053300;2067;2067.9;2067;2067.9;45
20240305 053400;2068;2068;2067.6;2067.8;33
20240305 053500;2067.7;2067.7;2067.3;2067.3;19
20240305 053600;2067.3;2067.3;2067.1;2067.3;29
20240305 053700;2067.5;2067.5;2067.2;2067.3;22
20240305 053800;2067.4;2067.5;2067.2;2067.4;11
20240305 053900;2067.4;2067.4;2067.3;2067.3;13
20240305 054000;2067.4;2067.4;2067.2;2067.2;17
20240305 054100;2067.2;2067.2;2067.1;2067.1;16
20240305 054200;2067;2067;2066.7;2066.7;26
20240305 054300;2066.7;2066.7;2066.6;2066.7;9
20240305 054400;2066.9;2067;2066.7;2066.8;14
20240305 054500;2066.7;2066.7;2066.6;2066.7;5
20240305 054600;2066.7;2066.7;2065.6;2066.4;252
20240305 054700;2066.5;2066.5;2066.1;2066.2;130
20240305 054800;2066.1;2066.2;2066.1;2066.2;14
20240305 054900;2066.3;2066.3;2066.3;2066.3;4
20240305 055000;2066.4;2066.8;2066.4;2066.8;68
20240305 055100;2066.7;2066.7;2066.1;2066.5;70
20240305 055200;2066.4;2066.4;2066.4;2066.4;3
20240305 055300;2066.2;2066.2;2065.9;2066.1;24
20240305 055400;2066.1;2066.1;2065.8;2066;7
20240305 055500;2066;2066.1;2065.9;2065.9;6
20240305 055600;2066;2066.1;2065.8;2065.9;24
20240305 055700;2066;2066.4;2066;2066.4;12
20240305 055800;2066.4;2066.5;2066.4;2066.5;3
20240305 055900;2066.4;2066.5;2066.1;2066.4;40
20240305 060000;2066.5;2066.9;2066.4;2066.4;30
20240305 060100;2066.5;2066.5;2066.4;2066.4;18
20240305 060200;2066.6;2066.8;2066.6;2066.8;2
20240305 060300;2066.8;2066.8;2066.6;2066.7;22
20240305 060400;2066.7;2066.9;2066.6;2066.6;11
20240305 060500;2066.5;2066.6;2066.5;2066.6;10
20240305 060600;2066.6;2066.7;2066.4;2066.4;20
20240305 060700;2066.6;2066.7;2066.5;2066.6;8
20240305 060800;2066.5;2066.5;2066.5;2066.5;2
20240305 060900;2066.5;2066.5;2066.2;2066.2;22
20240305 061000;2066.3;2066.3;2066.3;2066.3;2
20240305 061100;2066.1;2066.6;2066.1;2066.6;7
20240305 061200;2066.4;2066.4;2066.4;2066.4;2
20240305 061300;2066.5;2066.5;2066.5;2066.5;6
20240305 061400;2066.4;2066.4;2066.2;2066.2;13
20240305 061500;2066;2066.1;2066;2066.1;3
20240305 061600;2066.3;2066.3;2066.1;2066.3;10
20240305 061700;2066.4;2066.4;2066.3;2066.4;6
20240305 061800;2066.5;2066.5;2066.4;2066.4;3
20240305 061900;2066.2;2066.2;2066;2066.1;6
20240305 062000;2066.1;2066.3;2066;2066;21
20240305 062100;2066;2066.2;2066;2066.1;8
20240305 062200;2066;2066;2065.3;2065.6;95
20240305 062300;2065.5;2065.5;2064.7;2064.8;60
20240305 062400;2064.9;2065.3;2064.9;2065.2;21
20240305 062500;2065.2;2065.6;2065;2065.4;22
20240305 062600;2065.4;2065.5;2065.3;2065.3;5
20240305 062700;2065.2;2065.2;2065.1;2065.2;17
20240305 062800;2065.2;2065.3;2065;2065.3;30
20240305 062900;2065.4;2065.5;2065.3;2065.5;22
20240305 063000;2065.5;2065.8;2065.5;2065.8;13
20240305 063100;2065.6;2065.6;2065.1;2065.2;12
20240305 063200;2065.1;2065.2;2065.1;2065.1;18
20240305 063300;2065.2;2065.7;2065.2;2065.7;10
20240305 063400;2065.7;2065.7;2065.7;2065.7;3
20240305 063500;2065.5;2065.5;2065.4;2065.5;4
20240305 063600;2065.5;2065.7;2065.5;2065.5;9
20240305 063700;2065.5;2065.6;2065.5;2065.5;8
20240305 063800;2065.4;2065.4;2065.3;2065.3;3
20240305 063900;2065.3;2065.6;2065.3;2065.6;8
20240305 064000;2065.7;2065.7;2065.5;2065.5;16
20240305 064100;2065.4;2065.7;2065.4;2065.6;33
20240305 064200;2065.7;2065.7;2065.3;2065.5;21
20240305 064300;2065.4;2065.6;2065.4;2065.6;16
20240305 064400;2065.6;2065.6;2065.5;2065.6;11
20240305 064500;2065.6;2065.6;2065.5;2065.5;3
20240305 064600;2065.5;2065.5;2065.1;2065.1;19
20240305 064700;2065.2;2065.2;2065.2;2065.2;2
20240305 064800;2065.4;2065.8;2065.4;2065.8;16
20240305 064900;2065.9;2066;2065.7;2066;22
20240305 065000;2066.1;2066.2;2066;2066.1;17
20240305 065100;2066.1;2066.3;2066;2066;33
20240305 065200;2066;2066.1;2066;2066;4
20240305 065300;2066;2066;2066;2066;8
20240305 065400;2066.1;2066.2;2066.1;2066.1;28
20240305 065500;2066.3;2066.4;2066.2;2066.2;6
20240305 065600;2066.1;2066.3;2066.1;2066.3;10
20240305 065700;2066.3;2066.3;2066.3;2066.3;3
20240305 065800;2066.3;2066.6;2066.3;2066.6;21
20240305 065900;2066.5;2066.5;2066.4;2066.5;14
20240305 070000;2066.5;2066.5;2066.3;2066.5;5
20240305 070100;2066.5;2066.9;2066.5;2066.9;15
20240305 070200;2066.7;2067.3;2066.7;2067;20
20240305 070300;2067;2067.3;2066.9;2067.3;17
20240305 070400;2067.4;2067.6;2067.4;2067.4;21
20240305 070500;2067.2;2067.2;2066.8;2066.8;8
20240305 070600;2066.8;2066.9;2066.8;2066.9;12
20240305 070700;2066.9;2067;2066.9;2066.9;5
20240305 070800;2066.7;2066.8;2066.7;2066.8;11
20240305 070900;2066.8;2067.3;2066.8;2067.2;9
20240305 071000;2066.9;2067.7;2066.9;2067.4;55
20240305 071100;2067.5;2068.6;2067.5;2068.2;234
20240305 071200;2068.1;2068.1;2067.9;2068;5
20240305 071300;2067.9;2068;2067.5;2067.6;7
20240305 071400;2067.7;2067.7;2067.4;2067.5;11
20240305 071500;2067.4;2067.4;2066.9;2067.2;21
20240305 071600;2067.1;2067.2;2066.9;2067.1;19
20240305 071700;2067.1;2067.2;2066.9;2067.2;13
20240305 071800;2067.1;2067.6;2067.1;2067.6;31
20240305 071900;2067.7;2067.7;2067.2;2067.7;40
20240305 072000;2067.8;2067.8;2067.3;2067.6;27
20240305 072100;2067.4;2067.7;2067.4;2067.5;25
20240305 072200;2067.7;2068.2;2067.7;2068.2;23
20240305 072300;2068.1;2068.6;2068;2068.6;23
20240305 072400;2068.5;2068.7;2068.3;2068.5;52
20240305 072500;2068.6;2068.6;2067.5;2067.9;98
20240305 072600;2067.9;2067.9;2067.1;2067.3;111
20240305 072700;2067.4;2067.8;2067.4;2067.7;11
20240305 072800;2068;2068.2;2067.9;2068.2;21
20240305 072900;2068.4;2068.4;2068.1;2068.4;18
20240305 073000;2068.8;2069.3;2068.8;2069.3;42
20240305 073100;2069.2;2069.4;2069;2069.1;12
20240305 073200;2069;2069;2068.9;2068.9;16
20240305 073300;2068.8;2069.2;2068.8;2069.1;20
20240305 073400;2069.3;2069.3;2068.9;2068.9;12
20240305 073500;2069;2069.1;2068.7;2069.1;18
20240305 073600;2069.3;2069.4;2068.8;2068.8;23
20240305 073700;2068.5;2068.8;2068.4;2068.5;24
20240305 073800;2068.6;2068.7;2068.6;2068.7;12
20240305 073900;2068.6;2068.6;2068.3;2068.4;20
20240305 074000;2068.3;2068.3;2067.8;2067.8;14
20240305 074100;2067.7;2068.4;2067.7;2068.2;11
20240305 074200;2068.4;2068.4;2068.2;2068.2;11
20240305 074300;2068.3;2068.4;2068.2;2068.4;18
20240305 074400;2068.5;2068.8;2068.5;2068.6;7
20240305 074500;2068.7;2068.8;2068.6;2068.6;5
20240305 074600;2068.8;2068.8;2068.7;2068.7;5
20240305 074700;2068.8;2068.8;2068.5;2068.6;11
20240305 074800;2068.6;2068.7;2068.6;2068.7;3
20240305 074900;2068.8;2069.1;2068.8;2069.1;10
20240305 075000;2069.3;2069.3;2069.1;2069.2;8
20240305 075100;2069;2069.6;2068.9;2069.6;29
20240305 075200;2069.6;2069.8;2069.6;2069.8;39
20240305 075300;2069.9;2070.1;2069.9;2070;21
20240305 075400;2070;2070;2069.8;2069.8;17
20240305 075500;2069.9;2070.3;2069.9;2070.3;8
20240305 075600;2070.2;2070.4;2070.1;2070.4;22
20240305 075700;2070.3;2070.5;2070.1;2070.3;17
20240305 075800;2070.4;2070.8;2070.4;2070.6;28
20240305 075900;2070.6;2070.6;2070.5;2070.5;3
20240305 080000;2070.5;2070.9;2070.5;2070.7;17
20240305 080100;2070.8;2071.6;2070.6;2071.5;68
20240305 080200;2071.3;2072.4;2071.2;2072.4;78
20240305 080300;2072.5;2072.6;2072;2072;27
20240305 080400;2072;2072.4;2072;2072.1;18
20240305 080500;2072.4;2072.4;2072;2072.3;10
20240305 080600;2072.1;2072.7;2072.1;2072.5;26
20240305 080700;2072.5;2072.5;2072.4;2072.4;12
20240305 080800;2072.6;2072.7;2072.2;2072.6;47
20240305 080900;2072.7;2072.9;2072.6;2072.7;21
20240305 081000;2072.7;2072.7;2072.4;2072.4;10
20240305 081100;2072.5;2072.6;2072.4;2072.4;6
20240305 081200;2072.4;2072.4;2071.5;2071.9;92
20240305 081300;2071.9;2072;2071.2;2071.2;56
20240305 081400;2071.3;2072.1;2071.2;2072.1;29
20240305 081500;2072;2072.2;2071.7;2072.1;32
20240305 081600;2072.2;2073.1;2072.2;2073;30
20240305 081700;2073;2073.3;2072.5;2073;29
20240305 081800;2073;2073.2;2072.8;2073.2;12
20240305 081900;2073.2;2073.5;2073;2073.1;34
20240305 082000;2073;2073.1;2072.1;2072.1;95
20240305 082100;2072.2;2072.2;2071.7;2072.2;28
20240305 082200;2072.1;2072.1;2072;2072;6
20240305 082300;2072;2072;2070.4;2070.4;35
20240305 082400;2070.3;2070.3;2069.8;2070;47
20240305 082500;2070.1;2070.5;2070.1;2070.4;21
20240305 082600;2070.7;2071.4;2070.7;2071.1;15
20240305 082700;2071.1;2071.2;2071.1;2071.2;2
20240305 082800;2071.2;2071.3;2071.1;2071.3;9
20240305 082900;2071.6;2071.8;2071.4;2071.7;10
20240305 083000;2071.6;2071.6;2071.6;2071.6;3
20240305 083100;2071.4;2072.2;2071.4;2071.8;13
20240305 083200;2071.8;2072.3;2071.3;2072;454
20240305 083300;2071.8;2072.5;2071.4;2072;510
20240305 083400;2072;2072;2071.1;2071.5;115
20240305 083500;2071.6;2072.1;2071.3;2071.3;246
20240305 083600;2071.5;2071.9;2070.8;2071.2;303
20240305 083700;2071.2;2071.3;2070.3;2070.3;25
20240305 083800;2070.4;2070.4;2070;2070.1;25
20240305 083900;2070;2070;2069.6;2070;25
20240305 084000;2070.1;2070.2;2069.3;2069.4;26
20240305 084100;2069.5;2069.6;2069.1;2069.1;18
20240305 084200;2069;2069.2;2068.7;2068.8;114
20240305 084300;2068.6;2068.7;2067.7;2068.7;81
20240305 084400;2068.5;2068.8;2068.2;2068.3;38
20240305 084500;2068.6;2069.1;2068.6;2069.1;13
20240305 084600;2068.9;2069.1;2068.7;2068.7;19
20240305 084700;2068.5;2068.5;2067.2;2067.4;192
20240305 084800;2067.7;2068.2;2067.7;2068.1;10
20240305 084900;2068;2068.3;2068;2068.3;19
20240305 085000;2068.4;2069.7;2068.4;2069.2;62
20240305 085100;2069;2069;2067.6;2068.1;92
20240305 085200;2068.4;2068.4;2067.5;2067.5;14
20240305 085300;2067.7;2068;2067.3;2067.9;38
20240305 085400;2067.7;2068.2;2067.7;2068.1;14
20240305 085500;2068.2;2068.4;2068.2;2068.3;10
20240305 085600;2068.3;2068.3;2068;2068;13
20240305 085700;2067.9;2067.9;2067.6;2067.6;4
20240305 085800;2067.7;2067.7;2067.3;2067.3;6
20240305 085900;2067.2;2067.2;2065.4;2065.8;171
20240305 090000;2065.8;2066.6;2065.6;2066.4;30
20240305 090100;2066.7;2067.3;2065;2067.2;343
20240305 090200;2067.3;2067.4;2066.5;2067.2;74
20240305 090300;2067.3;2067.3;2066.4;2066.4;32
20240305 090400;2066.5;2066.8;2066.1;2066.3;40
20240305 090500;2066.4;2067.1;2066.4;2066.9;39
20240305 090600;2067;2068.1;2067;2067.4;210
20240305 090700;2067.4;2067.7;2066.8;2066.8;26
20240305 090800;2067;2067.3;2066.8;2067.3;14
20240305 090900;2067.2;2067.8;2067.2;2067.6;15
20240305 091000;2067.3;2067.3;2066.7;2067.1;21
20240305 091100;2067.3;2067.9;2067.3;2067.9;28
20240305 091200;2067.9;2068.2;2067.9;2067.9;23
20240305 091300;2067.9;2068;2066.8;2067.2;36
20240305 091400;2067.1;2067.5;2067;2067.2;17
20240305 091500;2067.3;2067.4;2067.1;2067.3;18
20240305 091600;2067.4;2068.1;2067.4;2068;44
20240305 091700;2068.2;2068.3;2067.9;2068.3;20
20240305 091800;2068.3;2068.3;2068.1;2068.3;13
20240305 091900;2068.1;2068.3;2067.5;2068.3;41
20240305 092000;2068.1;2068.5;2068;2068.3;19
20240305 092100;2068.7;2068.9;2068.4;2068.5;21
20240305 092200;2068.7;2069.1;2068.6;2069.1;16
20240305 092300;2069.2;2069.7;2069.2;2069.5;28
20240305 092400;2069.3;2069.5;2069;2069.4;22
20240305 092500;2069.3;2069.5;2069.1;2069.2;7
20240305 092600;2069;2069.2;2068.7;2069.1;26
20240305 092700;2069.1;2069.3;2069.1;2069.1;13
20240305 092800;2069.2;2069.5;2069.2;2069.4;9
20240305 092900;2069.6;2069.7;2069.4;2069.4;11
20240305 093000;2069.7;2070;2069.6;2069.7;14
20240305 093100;2069.6;2069.8;2069.5;2069.5;19
20240305 093200;2069.7;2069.9;2069.5;2069.7;12
20240305 093300;2069.9;2070.3;2069.9;2070.1;24
20240305 093400;2070.2;2070.2;2070;2070.1;8
20240305 093500;2070.2;2070.3;2070;2070.2;14
20240305 093600;2070;2070;2069.2;2069.4;39
20240305 093700;2069.5;2069.5;2068.7;2068.9;23
20240305 093800;2068.7;2068.7;2068.5;2068.5;15
20240305 093900;2068.4;2068.6;2068.1;2068.4;27
20240305 094000;2068.3;2068.5;2068.3;2068.4;12
20240305 094100;2068.6;2068.8;2068;2068.4;43
20240305 094200;2068.5;2068.7;2068.5;2068.7;9
20240305 094300;2068.4;2068.4;2068.1;2068.1;11
20240305 094400;2068;2068;2067.3;2067.3;19
20240305 094500;2067.3;2067.4;2067.1;2067.4;7
20240305 094600;2067.2;2067.2;2066.7;2066.9;22
20240305 094700;2066.8;2066.8;2066.4;2066.6;18
20240305 094800;2066.7;2066.8;2066.6;2066.6;24
20240305 094900;2066.6;2066.6;2066.2;2066.2;29
20240305 095000;2066;2066.2;2065.8;2066.2;48
20240305 095100;2066;2066.2;2065.8;2065.8;34
20240305 095200;2065.9;2065.9;2065.5;2065.8;40
20240305 095300;2065.8;2065.9;2065.6;2065.7;29
20240305 095400;2065.6;2066;2065.5;2065.5;27
20240305 095500;2065.6;2066.1;2065.6;2066.1;43
20240305 095600;2066;2066.5;2065.9;2066.3;29
20240305 095700;2066.5;2066.8;2065.9;2065.9;62
20240305 095800;2066.2;2066.4;2065.9;2065.9;21
20240305 095900;2065.9;2065.9;2065.6;2065.7;22
20240305 100000;2065.7;2065.8;2065.5;2065.6;17
20240305 100100;2065.7;2067;2065.7;2067;32
20240305 100200;2066.8;2067.5;2066.7;2067.5;71
20240305 100300;2067.3;2067.3;2067.1;2067.1;16
20240305 100400;2067.1;2067.3;2067;2067.2;34
20240305 100500;2067.1;2067.1;2066.3;2066.8;25
20240305 100600;2066.7;2067;2066.6;2067;34
20240305 100700;2066.9;2066.9;2066.5;2066.6;6
20240305 100800;2066.7;2066.7;2066.4;2066.6;12
20240305 100900;2066.6;2066.7;2066.2;2066.6;36
20240305 101000;2066.5;2067;2066.3;2067;28
20240305 101100;2066.9;2066.9;2066.6;2066.9;10
20240305 101200;2067;2067.4;2066.7;2067.1;41
20240305 101300;2067.1;2067.2;2066.9;2066.9;9
20240305 101400;2067;2067.7;2067;2067.7;19
20240305 101500;2067.8;2068.1;2067.8;2067.9;16
20240305 101600;2067.8;2067.8;2067.8;2067.8;1
20240305 101700;2067.8;2068.4;2067.8;2068.4;21
20240305 101800;2068.1;2068.8;2068.1;2068.8;9
20240305 101900;2068.7;2068.9;2068.7;2068.9;13
20240305 102000;2068.8;2069;2068.8;2069;4
20240305 102100;2068.9;2069.3;2068.9;2069.3;17
20240305 102200;2069;2069;2068.7;2068.8;11
20240305 102300;2069;2069.2;2069;2069.2;16
20240305 102400;2069.1;2069.4;2069.1;2069.4;13
20240305 102500;2069.5;2069.5;2069.3;2069.3;23
20240305 102600;2069.3;2069.5;2069.1;2069.3;26
20240305 102700;2069.3;2069.4;2069;2069;22
20240305 102800;2069.1;2069.1;2068.9;2069;12
20240305 102900;2069;2069;2068.4;2068.6;24
20240305 103000;2068.5;2068.5;2068.1;2068.2;28
20240305 103100;2068.3;2068.6;2068.3;2068.5;22
20240305 103200;2068.3;2068.3;2068;2068;3
20240305 103300;2068.1;2068.2;2067.7;2068.1;24
20240305 103400;2068;2068.2;2068;2068.2;3
20240305 103500;2068.3;2068.4;2068;2068.1;15
20240305 103600;2068;2068.1;2068;2068;7
20240305 103700;2068;2068.3;2068;2068.3;18
20240305 103800;2068.1;2068.2;2067.9;2068;9
20240305 103900;2068.1;2068.2;2068;2068.1;12
20240305 104000;2068.3;2068.7;2068.3;2068.7;25
20240305 104100;2068.6;2068.6;2068;2068.5;58
20240305 104200;2068.4;2068.5;2068.3;2068.3;21
20240305 104300;2068.1;2068.4;2068.1;2068.4;9
20240305 104400;2068.2;2068.2;2067.6;2067.9;25
20240305 104500;2067.9;2068;2067.9;2068;34
20240305 104600;2067.9;2068.2;2067.8;2068.2;22
20240305 104700;2068.3;2068.3;2068;2068.1;5
20240305 104800;2067.9;2067.9;2067.7;2067.8;15
20240305 104900;2067.9;2067.9;2067.7;2067.7;12
20240305 105000;2067.6;2067.6;2067.4;2067.6;11
20240305 105100;2067.5;2068.1;2067.5;2068.1;15
20240305 105200;2068.1;2068.1;2068.1;2068.1;2
20240305 105300;2068.1;2068.2;2067.9;2067.9;10
20240305 105400;2067.9;2067.9;2067.5;2067.5;8
20240305 105500;2067.4;2068.1;2067.4;2068.1;10
20240305 105600;2068;2068.4;2068;2068.4;25
20240305 105700;2068.4;2068.5;2068.2;2068.2;10
20240305 105800;2068.2;2068.3;2068;2068.2;30
20240305 105900;2068.3;2068.6;2068.2;2068.4;31
20240305 110100;2068.3;2068.8;2068.3;2068.7;37
20240305 110200;2068.8;2069.4;2068.8;2069.4;36
20240305 110300;2069.3;2069.7;2069.1;2069.7;51
20240305 110400;2069.7;2070.1;2069.7;2070.1;25
20240305 110500;2070.2;2070.7;2070.1;2070.6;46
20240305 110600;2070.7;2071;2070.6;2070.8;38
20240305 110700;2070.7;2071.2;2070.7;2071.2;8
20240305 110800;2071.1;2071.1;2070.5;2070.8;20
20240305 110900;2070.7;2070.7;2070.1;2070.1;10
20240305 111000;2070.2;2070.2;2069.8;2069.8;20
20240305 111100;2069.9;2070.2;2069.9;2070.2;17
20240305 111200;2069.9;2070.2;2069.8;2070.2;17
20240305 111300;2070.2;2070.2;2070.1;2070.1;5
20240305 111400;2070;2070;2069.8;2069.8;16
20240305 111500;2069.7;2069.7;2069.4;2069.4;12
20240305 111600;2069.7;2069.7;2069.5;2069.5;10
20240305 111700;2069.4;2069.4;2069.1;2069.1;19
20240305 111800;2069.1;2069.1;2068.8;2068.8;17
20240305 111900;2068.9;2069.4;2068.9;2069.4;23
20240305 112000;2069.4;2070.2;2069.4;2070;38
20240305 112100;2069.9;2071.1;2069.7;2071.1;40
20240305 112200;2071.2;2071.5;2071.1;2071.2;16
20240305 112300;2071.2;2071.2;2070.4;2070.4;27
20240305 112400;2070.4;2070.5;2070.3;2070.5;9
20240305 112500;2070.5;2070.9;2070.5;2070.9;7
20240305 112600;2070.7;2070.7;2070.4;2070.6;7
20240305 112700;2070.6;2070.9;2070.6;2070.8;6
20240305 112800;2070.7;2070.9;2070.7;2070.9;7
20240305 112900;2070.8;2070.8;2070.4;2070.4;8
20240305 113000;2070.3;2070.6;2070.2;2070.4;21
20240305 113100;2070.5;2071.9;2070.5;2071.4;187
20240305 113200;2071.7;2072.1;2071.5;2072.1;19
20240305 113300;2072;2072.2;2071.9;2071.9;46
20240305 113400;2072;2072.4;2071.9;2071.9;51
20240305 113500;2072;2072.6;2072;2072.5;90
20240305 113600;2072.3;2072.6;2072.2;2072.4;30
20240305 113700;2072.2;2072.2;2071.4;2071.4;32
20240305 113800;2071.3;2071.4;2070.8;2070.9;16
20240305 113900;2070.8;2071.1;2070.7;2071.1;32
20240305 114000;2071.3;2071.3;2070.7;2070.8;27
20240305 114100;2070.7;2071.1;2070.3;2070.6;64
20240305 114200;2070.5;2070.5;2070.1;2070.1;10
20240305 114300;2070.1;2070.5;2070.1;2070.5;19
20240305 114400;2070.3;2070.3;2070.1;2070.1;5
20240305 114500;2070.1;2070.1;2070;2070.1;16
20240305 114600;2070.1;2070.1;2069.6;2069.8;22
20240305 114700;2069.7;2070.1;2069.7;2070.1;9
20240305 114800;2070;2070.4;2070;2070.4;9
20240305 114900;2070.4;2070.4;2070.3;2070.3;6
20240305 115000;2070.5;2071;2070.5;2070.6;36
20240305 115100;2070.8;2070.9;2070.7;2070.7;4
20240305 115200;2070.7;2070.8;2070.7;2070.7;3
20240305 115300;2070.3;2070.5;2070.3;2070.5;4
20240305 115400;2070.5;2070.7;2070.5;2070.7;13
20240305 115500;2070.7;2070.9;2070.7;2070.9;20
20240305 115600;2070.9;2070.9;2070.8;2070.8;8
20240305 115700;2070.6;2070.7;2070.4;2070.7;10
20240305 115800;2070.8;2071;2070.8;2070.8;19
20240305 115900;2070.9;2071.2;2070.8;2071.2;35
20240305 120000;2071.1;2071.1;2070.8;2070.8;13
20240305 120100;2071;2071.5;2070.9;2071.3;52
20240305 120200;2071.2;2071.3;2070.7;2071.3;15
20240305 120300;2071.1;2071.1;2070.7;2070.8;27
20240305 120400;2070.5;2070.5;2070;2070.1;22
20240305 120500;2069.7;2069.8;2069.6;2069.7;19
20240305 120600;2069.7;2069.8;2069.6;2069.8;15
20240305 120700;2069.8;2070.2;2069.7;2070.2;10
20240305 120800;2070.4;2071.2;2070.4;2070.8;17
20240305 120900;2070.8;2070.8;2070.3;2070.5;23
20240305 121000;2070.5;2070.6;2070.3;2070.6;13
20240305 121100;2070.5;2071;2070.5;2070.5;10
20240305 121200;2070.5;2070.9;2070.3;2070.9;24
20240305 121300;2071;2071;2070.8;2070.8;11
20240305 121400;2070.9;2070.9;2070.8;2070.8;3
20240305 121500;2071;2071.2;2070.7;2070.9;30
20240305 121600;2070.8;2071.2;2070.8;2071.1;13
20240305 121700;2071.1;2071.2;2070.8;2070.8;7
20240305 121800;2070.9;2070.9;2070.3;2070.3;6
20240305 121900;2070.1;2070.5;2069.9;2070.4;25
20240305 122000;2070.3;2070.5;2070.1;2070.3;33
20240305 122100;2070.2;2070.6;2070.2;2070.3;8
20240305 122200;2070.3;2070.5;2069.9;2069.9;18
20240305 122300;2069.7;2070.2;2069.7;2070.2;11
20240305 122400;2070.3;2070.3;2069.9;2069.9;15
20240305 122500;2069.8;2070.3;2069.8;2070.3;16
20240305 122600;2070.3;2070.8;2070.3;2070.8;11
20240305 122700;2070.8;2070.8;2070.5;2070.7;5
20240305 122800;2070.5;2070.9;2070.5;2070.8;22
20240305 122900;2070.7;2070.8;2070.7;2070.8;6
20240305 123000;2070.6;2070.6;2070.3;2070.4;16
20240305 123100;2070.6;2070.6;2070.3;2070.3;12
20240305 123200;2070.1;2070.1;2069.4;2069.5;41
20240305 123300;2069.4;2069.6;2068.8;2068.9;22
20240305 123400;2068.8;2069;2068.3;2068.4;49
20240305 123500;2068.6;2068.7;2068.3;2068.4;21
20240305 123600;2068.2;2068.8;2068.2;2068.4;16
20240305 123700;2068.3;2068.3;2067.4;2067.5;37
20240305 123800;2067.4;2068.1;2067.4;2068.1;26
20240305 123900;2068;2068;2067.5;2067.6;24
20240305 124000;2067.7;2068;2067.6;2067.9;24
20240305 124100;2067.9;2068.1;2067.7;2067.7;45
20240305 124200;2067.8;2067.8;2066.6;2066.8;205
20240305 124300;2066.9;2067.5;2066.9;2067;36
20240305 124400;2067;2067.3;2066.6;2067.3;58
20240305 124500;2067.3;2067.6;2067.1;2067.3;61
20240305 124600;2067.3;2067.7;2067;2067.7;30
20240305 124700;2067.8;2067.8;2067.1;2067.3;28
20240305 124800;2067.1;2067.2;2066.3;2066.8;70
20240305 124900;2066.8;2066.8;2066.6;2066.8;46
20240305 125000;2066.9;2067.1;2065.8;2067.1;145
20240305 125100;2067;2067;2066.2;2066.7;43
20240305 125200;2066.5;2066.6;2066;2066;50
20240305 125300;2066.1;2066.4;2065.9;2066;72
20240305 125400;2066.1;2066.4;2065.9;2065.9;37
20240305 125500;2066;2066.1;2065.9;2066;22
20240305 125600;2065.9;2066.2;2065.8;2066.2;24
20240305 125700;2066.2;2066.4;2065.9;2066;50
20240305 125800;2066;2066;2065.6;2065.8;41
20240305 125900;2065.9;2066;2065.6;2065.6;28
20240305 130000;2065.5;2065.6;2065.1;2065.2;53
20240305 130100;2065.1;2066.2;2065.1;2066.2;89
20240305 130200;2066;2067.3;2065.4;2067.1;143
20240305 130300;2066.8;2066.8;2065.8;2066.6;93
20240305 130400;2066.4;2066.4;2065.7;2065.9;63
20240305 130500;2065.7;2065.7;2064.8;2064.9;85
20240305 130600;2064.8;2065.1;2063.7;2065;323
20240305 130700;2064.9;2065.4;2064.3;2065.2;131
20240305 130800;2065.2;2066.1;2064.5;2065.8;180
20240305 130900;2065.8;2065.8;2065;2065.2;105
20240305 131000;2065.1;2065.1;2064.4;2064.9;64
20240305 131100;2064.9;2064.9;2064.4;2064.9;88
20240305 131200;2064.7;2064.8;2063.9;2064.7;93
20240305 131300;2064.5;2064.5;2063.9;2064.2;89
20240305 131400;2064.1;2064.2;2063.7;2064.1;78
20240305 131500;2064.1;2064.2;2063.6;2063.7;126
20240305 131600;2063.8;2064;2063.2;2064;122
20240305 131700;2063.9;2064.4;2063.8;2064.4;81
20240305 131800;2064.4;2064.4;2063.4;2063.7;62
20240305 131900;2063.6;2063.7;2063.3;2063.5;55
20240305 132000;2063.6;2064.2;2063.5;2064.1;94
20240305 132100;2064;2064.7;2063.9;2064.3;138
20240305 132200;2064.3;2064.8;2064;2064.8;81
20240305 132300;2064.8;2065.1;2063.7;2063.9;138
20240305 132400;2063.9;2064.2;2063.6;2064.1;84
20240305 132500;2064.1;2064.7;2064.1;2064.4;62
20240305 132600;2064;2064.1;2063.4;2063.6;78
20240305 132700;2063.7;2063.9;2063.2;2063.2;90
20240305 132800;2063.3;2063.3;2062.7;2062.9;111
20240305 132900;2063;2063.3;2062.7;2062.8;75
20240305 133000;2062.9;2063.1;2062.4;2062.6;81
20240305 133100;2062.6;2063;2062.5;2062.6;80
20240305 133200;2062.5;2063.7;2062.4;2063.6;157
20240305 133300;2063.8;2064.1;2063.6;2064;90
20240305 133400;2064;2064.8;2063.5;2064.8;98
20240305 133500;2064.9;2065.6;2064.8;2065.6;127
20240305 133600;2065.5;2065.5;2064.8;2065.3;68
20240305 133700;2065.4;2065.6;2065;2065.2;35
20240305 133800;2065.1;2065.7;2065.1;2065.6;58
20240305 133900;2065.7;2066.2;2065.5;2065.9;113
20240305 134000;2066;2066.3;2065.9;2065.9;44
20240305 134100;2065.8;2065.8;2064.9;2065.3;71
20240305 134200;2065.3;2065.6;2063.8;2063.8;95
20240305 134300;2063.8;2063.9;2062.4;2062.8;201
20240305 134400;2062.7;2063.9;2062.6;2063.9;125
20240305 134500;2063.9;2065.4;2063.6;2065.4;105
20240305 134600;2065.3;2065.8;2064.8;2065.8;101
20240305 134700;2065.9;2067.2;2065.7;2067.2;116
20240305 134800;2067.2;2067.6;2066.9;2067.2;120
20240305 134900;2067.1;2067.3;2066.1;2066.1;58
20240305 135000;2066.3;2066.3;2065.3;2065.6;71
20240305 135100;2065.6;2066.4;2065.6;2066.3;81
20240305 135200;2066.3;2066.7;2066.2;2066.6;26
20240305 135300;2066.6;2066.8;2065.7;2065.9;52
20240305 135400;2065.7;2066.3;2065.3;2066.1;72
20240305 135500;2066;2066;2064.5;2064.5;55
20240305 135600;2064.7;2065.4;2064.7;2065.3;28
20240305 135700;2065.3;2065.6;2064.9;2065.2;35
20240305 135800;2065.2;2065.2;2064.6;2064.9;54
20240305 135900;2064.9;2064.9;2064.3;2064.6;30
20240305 140000;2064.7;2065.8;2064.7;2065.8;82
20240305 140100;2065.9;2065.9;2063.6;2063.7;124
20240305 140200;2063.8;2064.6;2063.6;2064;124
20240305 140300;2063.9;2064.2;2063.6;2063.7;62
20240305 140400;2063.8;2064;2063.5;2063.8;92
20240305 140500;2063.8;2063.9;2063.5;2063.8;49
20240305 140600;2063.8;2064.5;2063.6;2064.2;78
20240305 140700;2064.2;2064.8;2064;2064.8;47
20240305 140800;2064.6;2064.7;2064.2;2064.4;68
20240305 140900;2064.6;2064.9;2064;2064.5;114
20240305 141000;2064.3;2065.2;2064.2;2065;79
20240305 141100;2064.9;2065.2;2064.4;2064.6;57
20240305 141200;2064.6;2064.7;2063.8;2064;44
20240305 141300;2063.8;2064.4;2063.5;2064.4;83
20240305 141400;2064.5;2064.5;2063.9;2064.4;51
20240305 141500;2064.3;2064.5;2064.1;2064.4;39
20240305 141600;2064.3;2064.6;2063.5;2063.6;102
20240305 141700;2063.6;2063.7;2063.3;2063.5;55
20240305 141800;2063.4;2063.9;2063.4;2063.9;46
20240305 141900;2063.8;2064;2063.5;2063.8;31
20240305 142000;2063.6;2064;2063.6;2063.9;28
20240305 142100;2064;2064.3;2063.9;2063.9;51
20240305 142200;2063.8;2063.8;2063.1;2063.1;39
20240305 142300;2063;2063.1;2062.3;2062.4;86
20240305 142400;2062.4;2062.4;2061.3;2061.4;457
20240305 142500;2061.5;2061.8;2061;2061.3;154
20240305 142600;2061.4;2062.3;2061.2;2062.2;132
20240305 142700;2062.2;2062.8;2062.2;2062.4;85
20240305 142800;2062.4;2062.5;2061.9;2062.2;65
20240305 142900;2062.3;2062.3;2061.8;2061.9;92
20240305 143000;2062;2062.7;2061.4;2061.4;261
20240305 143100;2061.4;2063.7;2059.2;2061.8;2862
20240305 143200;2061.9;2064.7;2060;2064.7;1423
20240305 143300;2064.8;2066.8;2062.8;2064.4;2949
20240305 143400;2064.3;2065;2062.7;2064;916
20240305 143500;2063.9;2066.5;2063.1;2066;750
20240305 143600;2066;2066.1;2063.3;2065.5;1218
20240305 143700;2065.1;2066.5;2064.4;2065.3;758
20240305 143800;2065.1;2068.4;2064.7;2067.4;888
20240305 143900;2067.3;2068.3;2066.3;2068;934
20240305 144000;2068.1;2068.7;2067.4;2068.6;547
20240305 144100;2068.7;2069.6;2067.8;2069.1;854
20240305 144200;2069.1;2069.5;2066.5;2067.9;604
20240305 144300;2068;2071.2;2067.7;2071.2;689
20240305 144400;2071.2;2072.4;2071;2072.1;625
20240305 144500;2072.1;2073;2071.8;2072.5;493
20240305 144600;2072.2;2072.2;2069.4;2070.5;1098
20240305 144700;2070.4;2070.9;2068.6;2069;720
20240305 144800;2069.1;2070.7;2068.6;2070.6;654
20240305 144900;2070.5;2071.2;2069.2;2069.2;528
20240305 145000;2069.2;2069.8;2068;2068.4;581
20240305 145100;2068.5;2070.7;2067.6;2070.4;543
20240305 145200;2070.5;2071.2;2069.3;2070.8;345
20240305 145300;2070.8;2070.8;2067.3;2068;515
20240305 145400;2068;2070.2;2067.8;2070.2;293
20240305 145500;2070.2;2070.3;2067.5;2068;380
20240305 145600;2068.1;2068.8;2067.2;2067.2;390
20240305 145700;2067.2;2067.6;2066;2067.2;478
20240305 145800;2067.3;2068;2066.7;2067.8;295
20240305 145900;2067.6;2067.8;2066.9;2067.3;145
20240305 150000;2067.3;2067.8;2067.2;2067.8;213
20240305 150100;2067.9;2073.1;2067.9;2071.9;2436
20240305 150200;2071.8;2074.3;2071;2073.1;1005
20240305 150300;2073;2075.9;2072.8;2075.4;1825
20240305 150400;2075.3;2077.1;2074.7;2076.6;1314
20240305 150500;2076.5;2077.4;2074.8;2074.8;1253
20240305 150600;2074.7;2074.8;2072;2073;1022
20240305 150700;2072.9;2073.9;2071.6;2073.5;755
20240305 150800;2073.5;2073.5;2071.4;2071.5;788
20240305 150900;2071.5;2071.8;2068.6;2069;1002
20240305 151000;2069.1;2069.4;2067.2;2067.6;882
20240305 151100;2067.5;2069.6;2065.9;2069.2;939
20240305 151200;2069.3;2070.7;2068.5;2068.8;415
20240305 151300;2068.8;2069.8;2068.5;2069.7;637
20240305 151400;2069.8;2069.9;2068;2069;405
20240305 151500;2069.1;2070.9;2068.9;2070;445
20240305 151600;2069.8;2070.7;2069.3;2070.1;310
20240305 151700;2070.3;2070.9;2067.2;2067.6;368
20240305 151800;2067.7;2067.9;2066.2;2066.5;491
20240305 151900;2066.5;2066.5;2063.1;2063.8;1089
20240305 152000;2063.7;2065.4;2063.3;2064.1;571
20240305 152100;2064;2064.3;2062.1;2062.1;465
20240305 152200;2062.1;2064.3;2061.8;2063.7;604
20240305 152300;2063.7;2065.1;2063.7;2064.9;576
20240305 152400;2064.8;2065;2063.6;2064.5;398
20240305 152500;2064.5;2064.7;2061.9;2062.1;545
20240305 152600;2062.1;2063.4;2061.4;2062;774
20240305 152700;2061.9;2063.2;2061.3;2062.5;348
20240305 152800;2062.7;2063.8;2062.5;2063.6;299
20240305 152900;2063.5;2065.9;2063.1;2065.4;418
20240305 153000;2065.4;2065.6;2064.1;2064.7;291
20240305 153100;2064.6;2064.6;2062.6;2063.2;441
20240305 153200;2063.2;2064.5;2062.7;2062.9;343
20240305 153300;2062.7;2062.7;2061.1;2061.2;471
20240305 153400;2061.1;2061.3;2059.6;2059.8;1182
20240305 153500;2059.8;2061.7;2059.8;2061.6;410
20240305 153600;2061.7;2062.8;2061.3;2062.8;409
20240305 153700;2062.9;2063.5;2062.1;2062.6;393
20240305 153800;2062.4;2062.4;2060.7;2061.3;275
20240305 153900;2061.1;2062.1;2060.2;2061.4;268
20240305 154000;2061.3;2062.2;2060.9;2061.8;174
20240305 154100;2061.8;2064.3;2061.6;2063.7;395
20240305 154200;2063.6;2064.7;2063.2;2063.5;408
20240305 154300;2063.5;2065;2063.2;2064;429
20240305 154400;2063.9;2064.7;2063.3;2064.6;304
20240305 154500;2064.7;2065.6;2063.9;2064.2;451
20240305 154600;2064.1;2064.9;2063.7;2064.8;378
20240305 154700;2064.7;2065.8;2064.1;2065.7;312
20240305 154800;2065.7;2067;2065.5;2066.3;580
20240305 154900;2066.3;2066.4;2064.5;2065;330
20240305 155000;2064.9;2065.1;2062.6;2062.7;467
20240305 155100;2062.7;2065.5;2062.7;2065.2;242
20240305 155200;2065.3;2065.4;2062.4;2062.4;164
20240305 155300;2062.3;2064.3;2062.3;2064.2;185
20240305 155400;2064.1;2065.2;2063.6;2064.6;267
20240305 155500;2064.8;2064.9;2063.5;2063.7;160
20240305 155600;2063.9;2065.4;2063.9;2065.1;183
20240305 155700;2065.2;2065.4;2064.4;2065;116
20240305 155800;2065;2065.2;2063.8;2064.2;195
20240305 155900;2064.1;2064.8;2063.2;2063.5;173
20240305 160000;2063.6;2064.6;2063.4;2064.2;117
20240305 160100;2064.2;2065.2;2063.5;2064.9;211
20240305 160200;2064.9;2064.9;2063.4;2064.2;178
20240305 160300;2064.6;2064.7;2062.7;2063;306
20240305 160400;2062.9;2064.4;2062.7;2063.7;193
20240305 160500;2063.8;2064.7;2063.4;2063.6;176
20240305 160600;2063.4;2064.1;2063.4;2063.4;190
20240305 160700;2063.4;2065.1;2063.3;2065.1;165
20240305 160800;2065.2;2065.9;2064.5;2064.8;249
20240305 160900;2064.9;2065.1;2063.9;2064;114
20240305 161000;2063.8;2065.2;2063.8;2064.6;158
20240305 161100;2064.5;2064.6;2061.9;2062.4;415
20240305 161200;2062.7;2062.7;2060.5;2060.7;381
20240305 161300;2060.7;2061.5;2060;2060;399
20240305 161400;2060;2060.7;2059.4;2060.1;371
20240305 161500;2060.2;2061.6;2059.8;2060.7;396
20240305 161600;2060.8;2061.1;2058.6;2058.9;387
20240305 161700;2058.8;2059.8;2058.7;2059.2;298
20240305 161800;2059.2;2060.1;2058.7;2058.8;221
20240305 161900;2058.9;2059.6;2058.4;2059.4;197
20240305 162000;2059.3;2060.5;2059.1;2060.4;306
20240305 162100;2060.3;2060.4;2058.7;2058.7;178
20240305 162200;2058.6;2060.5;2058;2060.3;350
20240305 162300;2060.5;2061.8;2060.2;2061.8;202
20240305 162400;2061.6;2062.2;2061.1;2061.5;207
20240305 162500;2061.5;2062.5;2061;2062.4;334
20240305 162600;2062.3;2062.4;2061.4;2061.6;160
20240305 162700;2061.6;2061.7;2060.3;2061.6;224
20240305 162800;2061.6;2062;2061.1;2061.2;213
20240305 162900;2061.1;2062.8;2061;2062.8;219
20240305 163000;2062.8;2063.2;2062.4;2062.9;139
20240305 163100;2062.9;2064.1;2062.8;2064.1;221
20240305 163200;2064;2064.5;2063.6;2064.4;241
20240305 163300;2064.5;2064.7;2063.2;2063.4;202
20240305 163400;2063.3;2064.2;2063.3;2063.9;154
20240305 163500;2063.9;2064;2063.1;2063.4;282
20240305 163600;2063.4;2064;2062.8;2063.9;229
20240305 163700;2063.9;2064.5;2063.3;2064.1;121
20240305 163800;2064.2;2064.5;2063.6;2064.4;157
20240305 163900;2064.3;2064.3;2062.5;2062.7;156
20240305 164000;2062.7;2063;2062.2;2062.7;150
20240305 164100;2062.8;2063.5;2062;2063.2;156
20240305 164200;2063.1;2063.4;2062.8;2063;67
20240305 164300;2062.8;2062.9;2061.2;2061.4;170
20240305 164400;2061.4;2061.4;2059.3;2059.6;546
20240305 164500;2059.8;2060.5;2058.7;2060.4;328
20240305 164600;2060.4;2060.5;2059.2;2060.2;179
20240305 164700;2060.1;2061;2059.9;2060.9;133
20240305 164800;2060.9;2062.1;2060.9;2061.9;185
20240305 164900;2061.8;2062.9;2061.2;2062.6;184
20240305 165000;2062.6;2062.8;2061.4;2061.8;94
20240305 165100;2061.9;2062.5;2061.4;2061.7;224
20240305 165200;2061.9;2062.9;2061.8;2062.4;122
20240305 165300;2062.4;2062.5;2061;2061.2;135
20240305 165400;2061.3;2061.7;2060.5;2061.4;309
20240305 165500;2061.3;2061.5;2060.4;2060.8;113
20240305 165600;2060.7;2061.4;2060.1;2060.7;133
20240305 165700;2060.7;2061;2060.2;2060.5;185
20240305 165800;2060.7;2062.6;2060.6;2062.6;91
20240305 165900;2062.5;2063.5;2062.4;2063.4;221
20240305 170000;2063.3;2064.9;2063.3;2064.1;536
20240305 170100;2064.3;2064.8;2064;2064.3;185
20240305 170200;2064.3;2064.7;2063.8;2064.5;169
20240305 170300;2064.5;2064.9;2063.7;2064.6;166
20240305 170400;2064.5;2064.9;2064;2064.4;127
20240305 170500;2064.5;2065.4;2064.4;2065.3;156
20240305 170600;2065.1;2065.2;2064.2;2065.1;88
20240305 170700;2065;2065.5;2064.5;2065.4;98
20240305 170800;2065.4;2065.4;2064.6;2064.7;70
20240305 170900;2064.6;2065;2064.2;2064.9;103
20240305 171000;2064.9;2065.2;2064.7;2064.8;83
20240305 171100;2064.9;2066;2064.7;2065.8;171
20240305 171200;2065.9;2067.2;2065.9;2067;264
20240305 171300;2067;2067.4;2066.4;2066.5;115
20240305 171400;2066.6;2066.6;2065.3;2065.5;120
20240305 171500;2065.7;2067;2065.4;2067;152
20240305 171600;2067;2067.2;2066.5;2067.2;149
20240305 171700;2067.2;2067.5;2066.9;2067.5;190
20240305 171800;2067.4;2067.4;2066.2;2066.3;135
20240305 171900;2066.4;2067;2065.9;2066.8;271
20240305 172000;2066.8;2066.8;2066.2;2066.8;93
20240305 172100;2066.6;2067.4;2066.4;2067.2;170
20240305 172200;2067.2;2067.3;2066.5;2067.2;86
20240305 172300;2067.2;2068;2067.1;2067.5;214
20240305 172400;2067.5;2068.2;2067;2067.8;144
20240305 172500;2067.4;2068.3;2067.1;2068.2;131
20240305 172600;2068.3;2068.9;2068.2;2068.4;388
20240305 172700;2068.6;2069.1;2068.1;2069.1;101
20240305 172800;2069.1;2069.6;2068.9;2069;121
20240305 172900;2069.2;2070;2068.8;2069.9;281
20240305 173000;2069.9;2070.3;2069.6;2070;368
20240305 173100;2069.9;2070;2069.1;2069.3;212
20240305 173200;2069.1;2069.3;2068;2068.1;158
20240305 173300;2068.1;2069.5;2067.7;2069.3;220
20240305 173400;2069.3;2069.4;2068.6;2069.1;206
20240305 173500;2069;2069.1;2068.2;2068.6;203
20240305 173600;2068.7;2069.6;2068.7;2069.5;322
20240305 173700;2069.6;2069.8;2068.4;2068.8;194
20240305 173800;2068.7;2068.7;2068;2068.1;170
20240305 173900;2068.2;2069.1;2068.2;2069;109
20240305 174000;2069.1;2069.1;2068.4;2068.6;232
20240305 174100;2068.7;2068.7;2067.2;2068.1;272
20240305 174200;2068.1;2068.5;2067.8;2067.8;138
20240305 174300;2067.7;2069.1;2067.4;2068.9;156
20240305 174400;2068.8;2069.3;2068.6;2068.9;154
20240305 174500;2069;2069.6;2068.4;2069.5;232
20240305 174600;2069.4;2069.9;2069;2069.8;145
20240305 174700;2069.8;2070.1;2069.4;2069.9;114
20240305 174800;2070;2070.1;2069.4;2069.9;84
20240305 174900;2070;2070.2;2069.3;2069.5;108
20240305 175000;2069.6;2069.6;2068.2;2068.3;145
20240305 175100;2068.3;2068.7;2067.9;2068.5;99
20240305 175200;2068.5;2068.5;2066.5;2066.8;184
20240305 175300;2066.9;2067.4;2066.6;2067.1;140
20240305 175400;2067.2;2068.5;2067.2;2068.5;58
20240305 175500;2068.6;2069.1;2068.1;2068.2;103
20240305 175600;2068.3;2069.2;2067.9;2068.8;100
20240305 175700;2069;2069;2068.4;2068.5;56
20240305 175800;2068.5;2068.5;2067.4;2067.8;107
20240305 175900;2067.8;2069;2067.8;2068.9;56
20240305 180000;2069.2;2069.2;2068.5;2068.6;50
20240305 180100;2068.7;2069;2067.9;2068.2;166
20240305 180200;2068.2;2068.7;2067.9;2068.1;74
20240305 180300;2068.1;2068.2;2067;2067.4;101
20240305 180400;2067.3;2067.8;2067.2;2067.8;117
20240305 180500;2067.9;2068.4;2067.8;2067.8;96
20240305 180600;2067.8;2068.1;2067;2067.2;168
20240305 180700;2067.1;2068.1;2066.8;2068.1;113
20240305 180800;2067.9;2068.6;2067.7;2068.4;132
20240305 180900;2068.4;2069.6;2068.4;2069.5;110
20240305 181000;2069.4;2070.2;2069.2;2070.2;263
20240305 181100;2070.3;2070.6;2068.9;2069;124
20240305 181200;2069.1;2069.1;2067.9;2068.1;76
20240305 181300;2068.3;2069.1;2068.2;2068.5;213
20240305 181400;2068.6;2069.1;2068.4;2068.8;67
20240305 181500;2068.8;2068.8;2068.4;2068.6;72
20240305 181600;2068.7;2069.4;2068.4;2069;72
20240305 181700;2069.1;2069.1;2068.6;2069.1;55
20240305 181800;2069.1;2069.1;2067.3;2067.4;103
20240305 181900;2067.3;2067.4;2065.7;2065.9;346
20240305 182000;2065.9;2067.1;2065.9;2066.1;154
20240305 182100;2066.2;2067.6;2065.5;2067.1;378
20240305 182200;2067;2067;2066;2066.6;116
20240305 182300;2066.7;2067;2066.1;2066.2;244
20240305 182400;2066.3;2066.3;2065.3;2066;87
20240305 182500;2065.9;2066.2;2065.4;2065.6;96
20240305 182600;2065.5;2066.5;2065.4;2066.5;92
20240305 182700;2066.5;2066.8;2065.9;2066.5;140
20240305 182800;2066.6;2067.7;2066.6;2067;189
20240305 182900;2067;2067.8;2066.9;2067.3;80
20240305 183000;2067.4;2067.5;2066.8;2067;66
20240305 183100;2067.1;2067.3;2066.1;2067.1;154
20240305 183200;2067.3;2067.7;2066.7;2067.7;102
20240305 183300;2067.9;2068.6;2067.6;2067.6;100
20240305 183400;2067.9;2068.1;2067.7;2068;55
20240305 183500;2068;2068.8;2067.8;2068.1;257
20240305 183600;2068.2;2068.8;2067.8;2067.8;373
20240305 183700;2067.8;2067.8;2065.9;2066.1;187
20240305 183800;2066.3;2066.3;2064.9;2066.2;204
20240305 183900;2066;2066.2;2064.9;2065.3;117
20240305 184000;2065.5;2066.5;2065.5;2065.6;116
20240305 184100;2065.7;2065.7;2064.6;2065.7;478
20240305 184200;2065.5;2065.5;2064.4;2064.5;115
20240305 184300;2064.6;2065.4;2064.4;2064.5;94
20240305 184400;2064.7;2064.9;2064.1;2064.7;169
20240305 184500;2064.8;2064.9;2062.8;2063.8;291
20240305 184600;2063.8;2064.1;2063;2063.3;229
20240305 184700;2063.3;2063.3;2062.3;2062.4;259
20240305 184800;2062.4;2064.1;2062.4;2063.6;172
20240305 184900;2063.7;2064.2;2062.9;2063;127
20240305 185000;2063;2063.1;2061.7;2062.2;282
20240305 185100;2062.2;2062.6;2060.9;2061;183
20240305 185200;2060.9;2061.9;2060.5;2061.9;182
20240305 185300;2061.8;2062.7;2061.8;2062.7;177
20240305 185400;2062.6;2063.6;2062.6;2063.4;115
20240305 185500;2063.3;2063.3;2062;2062;118
20240305 185600;2062;2062;2061.2;2061.5;176
20240305 185700;2061.5;2062.4;2061.5;2062.1;116
20240305 185800;2062;2062;2061.1;2061.4;84
20240305 185900;2061.4;2061.7;2061;2061.2;112
20240305 190000;2061.2;2061.3;2060.3;2060.9;194
20240305 190100;2061;2061;2060.1;2060.2;234
20240305 190200;2060.2;2061.3;2060.1;2061.2;149
20240305 190300;2060.9;2061.9;2060.9;2061.1;137
20240305 190400;2061;2062;2061;2061.6;169
20240305 190500;2061.6;2062;2061.1;2061.3;196
20240305 190600;2061.3;2061.5;2060.3;2060.5;129
20240305 190700;2060.3;2061.1;2059.9;2060.9;168
20240305 190800;2060.9;2061.2;2060.3;2060.8;87
20240305 190900;2060.8;2062.6;2060.8;2062.6;186
20240305 191000;2062.7;2063.1;2062.1;2062.1;94
20240305 191100;2062.2;2062.3;2061.6;2062.1;94
20240305 191200;2062.2;2063;2062.2;2063;93
20240305 191300;2062.9;2063.3;2062.7;2062.8;173
20240305 191400;2062.9;2063.1;2061.9;2062.6;290
20240305 191500;2062.6;2062.6;2061.7;2062.4;106
20240305 191600;2062.4;2063.3;2062.2;2063.3;153
20240305 191700;2063.2;2063.8;2062.8;2063.7;141
20240305 191800;2063.6;2063.6;2062.7;2062.7;125
20240305 191900;2062.6;2062.9;2062.1;2062.3;327
20240305 192000;2062.3;2062.3;2061.3;2061.6;178
20240305 192100;2061.6;2061.6;2061.1;2061.3;208
20240305 192200;2061.3;2062.6;2061.3;2062.3;124
20240305 192300;2062.2;2063.3;2062.2;2062.7;152
20240305 192400;2062.7;2063.1;2062.4;2063;241
20240305 192500;2062.9;2063;2062;2062.2;223
20240305 192600;2062.1;2063.3;2062.1;2063.3;93
20240305 192700;2063.3;2063.6;2062.5;2062.6;146
20240305 192800;2062.7;2063.5;2062.7;2062.7;89
20240305 192900;2062.7;2063.3;2062.3;2063;121
20240305 193000;2063;2063;2062.4;2062.8;201
20240305 193100;2062.8;2062.9;2061.6;2061.6;218
20240305 193200;2061.5;2061.7;2060.2;2061;624
20240305 193300;2061.1;2061.1;2059.8;2059.8;197
20240305 193400;2059.7;2060.2;2059.1;2059.6;315
20240305 193500;2059.5;2060.2;2059.4;2059.4;108
20240305 193600;2059.4;2059.7;2059;2059.1;142
20240305 193700;2059.3;2059.7;2058.8;2059.1;181
20240305 193800;2059.3;2060;2059;2059.4;137
20240305 193900;2059.4;2059.5;2058.3;2059.1;186
20240305 194000;2059.2;2060.1;2059.1;2059.7;155
20240305 194100;2059.5;2060;2059.3;2059.5;188
20240305 194200;2059.6;2059.8;2059.2;2059.5;126
20240305 194300;2059.4;2059.7;2059;2059.7;150
20240305 194400;2059.6;2059.6;2058.4;2058.7;168
20240305 194500;2058.6;2058.6;2057.6;2057.9;401
20240305 194600;2057.9;2058.1;2056.9;2057.1;417
20240305 194700;2057.1;2057.1;2055.4;2057;681
20240305 194800;2056.9;2057;2055.4;2055.4;293
20240305 194900;2055.5;2055.5;2053.8;2054.7;821
20240305 195000;2054.6;2055.3;2054;2054.2;294
20240305 195100;2054.3;2054.6;2053.9;2054;445
20240305 195200;2054;2055.7;2054;2055.2;386
20240305 195300;2055.2;2055.2;2054.1;2054.5;232
20240305 195400;2054.5;2055.1;2054.1;2054.1;323
20240305 195500;2054;2054.6;2053.8;2054.1;201
20240305 195600;2054;2054;2052.4;2052.7;336
20240305 195700;2052.7;2053.7;2052.6;2053.1;299
20240305 195800;2053.1;2053.1;2051.9;2052.4;178
20240305 195900;2052.3;2052.5;2051.4;2051.8;312
20240305 200000;2051.6;2052.4;2050.8;2052.2;485
20240305 200100;2052.1;2052.4;2051;2051.1;449
20240305 200200;2051;2051;2050.1;2050.2;505
20240305 200300;2050.1;2052;2049.9;2051.7;446
20240305 200400;2051.6;2051.8;2050;2050;358
20240305 200500;2049.9;2051.3;2049.5;2051.3;400
20240305 200600;2051.4;2052.5;2051.4;2052.5;275
20240305 200700;2052.5;2052.8;2051.2;2051.7;280
20240305 200800;2051.8;2052.5;2051.1;2052.5;206
20240305 200900;2052.6;2052.6;2051.6;2051.8;352
20240305 201000;2051.8;2052.3;2051.3;2051.9;196
20240305 201100;2052;2053.2;2051.8;2052.6;324
20240305 201200;2052.5;2053.5;2052.3;2053.1;336
20240305 201300;2053.1;2053.3;2051.3;2051.4;407
20240305 201400;2051.5;2051.6;2050.8;2051.1;270
20240305 201500;2051.2;2051.2;2049.8;2050.6;514
20240305 201600;2050.7;2051.5;2050.4;2051;316
20240305 201700;2050.8;2050.8;2048.7;2049;584
20240305 201800;2048.8;2049.8;2048.6;2049.4;353
20240305 201900;2049.3;2050.1;2049;2050;219
20240305 202000;2050;2051;2050;2050.5;191
20240305 202100;2050.5;2051.1;2049.8;2050;160
20240305 202200;2050.1;2050.1;2049.1;2049.1;180
20240305 202300;2049.2;2050;2048.8;2049.1;327
20240305 202400;2049;2050;2048.6;2049.6;315
20240305 202500;2049.6;2051.3;2049.6;2050.8;266
20240305 202600;2050.7;2051.3;2050.2;2050.7;174
20240305 202700;2050.5;2051.9;2050.1;2050.7;897
20240305 202800;2050.8;2051;2049.9;2050.2;319
20240305 202900;2050.3;2050.7;2049.9;2049.9;154
20240305 203000;2050;2050;2048.9;2049.7;374
20240305 203100;2049.6;2050.4;2048.6;2050.3;362
20240305 203200;2050.4;2050.4;2048.6;2048.7;313
20240305 203300;2048.7;2050.8;2048.4;2050.7;313
20240305 203400;2050.7;2051.4;2050.6;2051.1;377
20240305 203500;2051.2;2052.3;2051.1;2052.3;459
20240305 203600;2052.2;2052.3;2051.6;2051.9;268
20240305 203700;2051.8;2052.3;2051.6;2051.8;210
20240305 203800;2051.8;2052.9;2051.6;2052.9;196
20240305 203900;2052.8;2053.4;2052.5;2053.1;461
20240305 204000;2053;2053.2;2051.8;2052.1;354
20240305 204100;2052.1;2053.1;2051.8;2053;772
20240305 204200;2053.1;2053.3;2051.6;2051.7;221
20240305 204300;2051.7;2052.2;2051.4;2052.1;314
20240305 204400;2052.1;2053.7;2051.4;2053.6;496
20240305 204500;2053.6;2053.8;2052.9;2053;483
20240305 204600;2053;2053.2;2052.1;2052.5;451
20240305 204700;2052.4;2052.7;2051.4;2051.6;445
20240305 204800;2051.7;2053.5;2051.7;2053.4;524
20240305 204900;2053.3;2053.5;2052.6;2052.7;357
20240305 205000;2052.8;2054.3;2052.8;2054.2;325
20240305 205100;2054.2;2055.4;2052.8;2053;823
20240305 205200;2053.1;2055.4;2052.7;2054.9;1358
20240305 205300;2054.9;2055.9;2054.6;2055.2;634
20240305 205400;2055.2;2057;2055.2;2056.7;451
20240305 205500;2056.7;2057.2;2055.9;2057.1;802
20240305 205600;2057.2;2057.6;2056.3;2056.4;901
20240305 205700;2056.4;2056.5;2055.5;2055.6;671
20240305 205800;2055.6;2056.5;2055.3;2055.6;874
20240305 205900;2055.6;2056;2055.3;2055.6;1678
20240305 210000;2055.7;2056.4;2054.8;2055.6;8365
20240305 210100;2055.5;2056.3;2055.4;2056.2;1646
20240305 210200;2056.2;2057.1;2056.2;2056.9;920
20240305 210300;2056.9;2057.6;2056.8;2057.1;1017
20240305 210400;2057.1;2057.5;2057;2057.4;241
20240305 210500;2057.4;2057.7;2057.2;2057.5;256
20240305 210600;2057.4;2058.1;2057.2;2057.6;531
20240305 210700;2057.6;2057.9;2057.1;2057.2;242
20240305 210800;2057.1;2057.3;2056.9;2057.2;149
20240305 210900;2057.1;2057.5;2056.8;2057.4;206
20240305 211000;2057.5;2057.9;2057.2;2057.6;181
20240305 211100;2057.7;2057.8;2057.5;2057.7;105
20240305 211200;2057.7;2057.9;2057.3;2057.8;147
20240305 211300;2057.6;2058.1;2057.6;2057.8;91
20240305 211400;2057.9;2058.1;2057.5;2057.9;226
20240305 211500;2057.8;2058.1;2057.4;2057.7;268
20240305 211600;2057.7;2057.7;2057.2;2057.3;130
20240305 211700;2057.3;2057.3;2056.7;2056.9;184
20240305 211800;2056.9;2057.2;2056.4;2056.4;182
20240305 211900;2056.5;2056.8;2056.3;2056.5;173
20240305 212000;2056.5;2057.2;2056.5;2057.2;102
20240305 212100;2057;2057.3;2056.9;2057.2;57
20240305 212200;2057.2;2057.3;2057;2057.2;54
20240305 212300;2057.2;2057.2;2057;2057;39
20240305 212400;2057.1;2057.1;2057.1;2057.1;21
20240305 212500;2057.1;2057.4;2057.1;2057.3;67
20240305 212600;2057.3;2057.4;2057.2;2057.3;32
20240305 212700;2057.4;2057.4;2057.3;2057.3;16
20240305 212800;2057.3;2057.3;2057;2057.1;68
20240305 212900;2057.2;2057.2;2056.8;2056.9;62
20240305 213000;2056.9;2056.9;2056.7;2056.7;162
20240305 213100;2056.7;2057;2056.7;2056.7;52
20240305 213200;2056.8;2056.9;2056.2;2056.5;128
20240305 213300;2056.3;2056.5;2056;2056;78
20240305 213400;2056.1;2056.1;2055.9;2056;77
20240305 213500;2056;2056;2055.9;2055.9;55
20240305 213600;2056;2056;2055.8;2055.8;84
20240305 213700;2055.8;2056;2055.7;2055.9;103
20240305 213800;2055.9;2056;2055.8;2056;43
20240305 213900;2056;2056.1;2055.9;2056;52
20240305 214000;2056;2056.2;2056;2056.2;37
20240305 214100;2056.1;2056.1;2055.9;2055.9;45
20240305 214200;2056;2056;2055.8;2055.8;119
20240305 214300;2055.8;2055.9;2055.6;2055.6;288
20240305 214400;2055.6;2055.8;2055.6;2055.8;53
20240305 214500;2055.7;2055.8;2055.5;2055.6;102
20240305 214600;2055.6;2055.9;2055.6;2055.8;45
20240305 214700;2055.7;2055.8;2055.6;2055.8;10
20240305 214800;2055.9;2056;2055.8;2056;34
20240305 214900;2056.1;2056.1;2055.8;2056;13
20240305 215000;2055.9;2056.1;2055.8;2055.8;30
20240305 215100;2055.9;2055.9;2055.8;2055.8;11
20240305 215200;2055.9;2055.9;2055.6;2055.7;52
20240305 215300;2055.8;2055.9;2055.7;2055.8;8
20240305 215400;2055.8;2055.9;2055.7;2055.8;16
20240305 215500;2055.7;2055.8;2055.7;2055.8;11
20240305 215600;2055.8;2055.9;2055.8;2055.8;36
20240305 215700;2055.9;2056;2055.8;2056;12
20240305 215800;2055.8;2055.9;2055.8;2055.9;12
20240305 215900;2055.8;2055.9;2055.8;2055.9;4
20240305 220000;2055.9;2056;2055.4;2055.5;98
20240305 230100;2054.7;2055.7;2054.1;2054.5;152
20240305 230200;2054.6;2054.8;2054.3;2054.6;53
20240305 230300;2054.6;2054.8;2054.4;2054.5;20
20240305 230400;2054.7;2055;2054.7;2055;15
20240305 230500;2055;2055.2;2054.6;2054.6;40
20240305 230600;2054.6;2054.6;2054.1;2054.3;49
20240305 230700;2054.3;2054.3;2054.1;2054.1;17
20240305 230800;2054.2;2054.2;2053.7;2053.7;98
20240305 230900;2053.6;2054;2053.5;2054;30
20240305 231000;2054.3;2054.3;2054.2;2054.2;5
20240305 231100;2054.3;2055.5;2054.3;2055.5;47
20240305 231200;2055.4;2055.6;2055.2;2055.6;77
20240305 231300;2055.7;2055.7;2055;2055;34
20240305 231400;2055;2055;2054.4;2054.4;44
20240305 231500;2054.3;2054.7;2054.3;2054.5;33
20240305 231600;2054.5;2054.7;2054.3;2054.3;23
20240305 231700;2054.4;2054.7;2054.4;2054.7;8
20240305 231800;2055;2055.2;2055;2055;20
20240305 231900;2054.9;2054.9;2054.9;2054.9;2
20240305 232000;2055.1;2055.3;2055.1;2055.3;9
20240305 232100;2055.5;2055.6;2055.2;2055.2;22
20240305 232200;2055.1;2055.4;2055.1;2055.4;17
20240305 232300;2055.5;2055.6;2055.1;2055.1;33
20240305 232400;2055.1;2055.2;2055;2055.2;7
20240305 232500;2055.2;2055.3;2055.2;2055.3;7
20240305 232600;2055.3;2055.3;2055;2055;14
20240305 232700;2055.1;2055.1;2055;2055;6
20240305 232800;2055;2055.1;2055;2055.1;5
20240305 232900;2055.1;2055.2;2055.1;2055.2;36
20240305 233000;2055.3;2055.4;2055.3;2055.4;4
20240305 233100;2055.5;2055.7;2055.5;2055.6;16
20240305 233200;2055.6;2055.6;2055;2055;20
20240305 233300;2054.8;2055;2054.3;2054.9;71
20240305 233400;2055;2055.2;2055;2055.2;8
20240305 233500;2055;2055.2;2055;2055.2;4
20240305 233600;2055.3;2055.7;2055.3;2055.7;5
20240305 233700;2055.8;2055.9;2055.8;2055.8;3
20240305 233800;2056;2056;2055.7;2056;13
20240305 233900;2055.8;2055.9;2055.6;2055.9;4
20240305 234000;2055.9;2056;2055.6;2055.6;10
20240305 234100;2055.7;2056;2055.7;2055.9;15
20240305 234200;2055.8;2056.2;2055.8;2056.2;8
20240305 234300;2056.2;2056.3;2056.2;2056.2;5
20240305 234400;2056.3;2056.3;2056.2;2056.2;4
20240305 234500;2056.4;2056.4;2056.4;2056.4;2
20240305 234600;2056.2;2056.6;2056;2056.6;18
20240305 234700;2056.5;2056.5;2056.3;2056.3;3
20240305 234800;2056.2;2056.3;2056.2;2056.3;2
20240305 234900;2056.1;2056.3;2056.1;2056.1;5
20240305 235000;2056.1;2056.4;2056.1;2056.3;28
20240305 235100;2056.1;2056.3;2056.1;2056.2;11
20240305 235200;2056.1;2056.1;2055.8;2056;7
20240305 235300;2056.1;2056.3;2056.1;2056.3;4
20240305 235400;2056.2;2056.2;2056.2;2056.2;1
20240305 235500;2056.3;2056.4;2056.2;2056.2;6
20240305 235700;2056.1;2056.1;2055.8;2055.8;7
20240305 235800;2055.9;2055.9;2055.9;2055.9;4
20240305 235900;2056;2056;2056;2056;1
20240306 000000;2056.2;2056.2;2056.2;2056.2;2
20240306 000100;2056;2056.1;2055.4;2055.4;18
20240306 000200;2055.5;2055.5;2055.3;2055.3;13
20240306 000300;2055.6;2055.6;2055.5;2055.5;3
20240306 000400;2055.3;2055.3;2055.3;2055.3;1
20240306 000500;2055.3;2055.3;2054.9;2054.9;16
20240306 000600;2055.1;2055.2;2054.6;2054.6;20
20240306 000700;2054.7;2054.7;2054.3;2054.5;25
20240306 000800;2054.7;2055.1;2054.7;2055.1;9
20240306 000900;2055.2;2055.4;2055.1;2055.4;33
20240306 001000;2055.2;2055.4;2055.2;2055.3;12
20240306 001100;2055.3;2055.4;2055.1;2055.2;51
20240306 001200;2055.6;2055.6;2055.5;2055.5;3
20240306 001300;2055.5;2055.5;2055.3;2055.4;7
20240306 001400;2055.4;2055.4;2055.3;2055.3;4
20240306 001500;2055.5;2055.5;2055.5;2055.5;1
20240306 001600;2055.6;2055.6;2055.3;2055.3;7
20240306 001700;2055.3;2056.1;2055.3;2056;42
20240306 001800;2055.9;2055.9;2055.5;2055.5;9
20240306 001900;2055.5;2055.7;2055.5;2055.6;18
20240306 002000;2055.4;2055.4;2055.2;2055.2;3
20240306 002100;2055.1;2055.1;2055.1;2055.1;1
20240306 002200;2055.2;2055.2;2055.2;2055.2;2
20240306 002300;2055;2055;2054.8;2054.8;2
20240306 002400;2054.6;2054.6;2054.6;2054.6;5
20240306 002500;2054.8;2055;2054.7;2055;7
20240306 002600;2054.8;2054.9;2054.8;2054.9;5
20240306 002700;2054.9;2054.9;2054.8;2054.8;3
20240306 002800;2055;2055;2054.8;2054.9;14
20240306 002900;2055.1;2055.7;2055.1;2055.5;69
20240306 003000;2055.5;2055.6;2055.4;2055.6;7
20240306 003100;2055.8;2055.9;2055.6;2055.6;5
20240306 003200;2055.6;2055.6;2055.5;2055.5;2
20240306 003300;2055.7;2055.7;2055.4;2055.4;3
20240306 003400;2055.5;2055.6;2055.4;2055.6;12
20240306 003500;2055.6;2055.8;2055.5;2055.5;12
20240306 003600;2055.3;2055.3;2055.2;2055.2;7
20240306 003700;2055.1;2055.1;2054.9;2055;8
20240306 003800;2055;2055;2055;2055;2
20240306 003900;2055;2055;2055;2055;1
20240306 004000;2054.9;2054.9;2054.7;2054.9;11
20240306 004100;2054.6;2054.6;2054.3;2054.6;13
20240306 004200;2054.5;2054.5;2054.2;2054.3;16
20240306 004300;2054.5;2054.6;2054.4;2054.6;10
20240306 004400;2054.6;2054.6;2054.3;2054.3;8
20240306 004500;2054.3;2054.4;2054.1;2054.1;14
20240306 004600;2054.2;2054.2;2054.1;2054.1;6
20240306 004700;2054;2054.2;2054;2054;8
20240306 004800;2054.1;2054.2;2054;2054;5
20240306 004900;2053.9;2053.9;2053.3;2053.4;28
20240306 005000;2053.2;2053.6;2053.2;2053.6;17
20240306 005100;2053.5;2053.5;2052.5;2052.7;87
20240306 005200;2052.7;2053.1;2052.6;2053.1;12
20240306 005300;2052.9;2053;2052.9;2053;4
20240306 005400;2053;2053.2;2053;2053.1;6
20240306 005500;2053.2;2053.3;2053.2;2053.3;8
20240306 005600;2053.3;2053.3;2053.2;2053.2;3
20240306 005700;2053.3;2053.3;2052.8;2052.8;25
20240306 005800;2052.9;2053.1;2052.8;2052.9;9
20240306 005900;2052.9;2053;2052.8;2052.9;6
20240306 010000;2053.1;2053.1;2052.4;2052.7;67
20240306 010100;2052.6;2052.8;2052.1;2052.5;29
20240306 010200;2052.6;2053.2;2052.6;2052.9;29
20240306 010300;2052.8;2053.5;2052.8;2053.5;10
20240306 010400;2053.3;2053.6;2053.3;2053.6;16
20240306 010500;2053.7;2054.3;2053.7;2054.2;70
20240306 010600;2054.1;2054.3;2054;2054.2;8
20240306 010700;2054.4;2054.9;2054.4;2054.6;15
20240306 010800;2054.5;2054.6;2054.3;2054.4;6
20240306 010900;2054.4;2054.6;2054.4;2054.6;3
20240306 011000;2054.4;2054.7;2054.3;2054.3;32
20240306 011100;2054.3;2054.4;2054.3;2054.3;3
20240306 011200;2054.4;2054.6;2054.4;2054.6;4
20240306 011300;2054.5;2054.5;2054.5;2054.5;1
20240306 011400;2054.7;2054.7;2054.7;2054.7;1
20240306 011500;2054.7;2054.7;2054.5;2054.5;4
20240306 011600;2054.6;2054.7;2054.6;2054.7;3
20240306 011700;2054.8;2054.9;2054.8;2054.9;6
20240306 011800;2054.7;2054.7;2054.7;2054.7;1
20240306 011900;2054.7;2054.8;2054.7;2054.8;4
20240306 012000;2054.8;2055;2054.8;2055;4
20240306 012100;2055;2055;2055;2055;9
20240306 012200;2055.1;2055.5;2055.1;2055.5;26
20240306 012300;2055.4;2055.4;2055.1;2055.1;15
20240306 012400;2055.1;2055.1;2054.9;2054.9;15
20240306 012500;2054.6;2054.7;2054.6;2054.6;7
20240306 012600;2054.7;2055;2054.7;2054.9;18
20240306 012700;2055;2055.1;2055;2055;6
20240306 012800;2055.1;2055.1;2055;2055;4
20240306 012900;2054.5;2054.5;2054.4;2054.5;7
20240306 013000;2054.5;2054.7;2054.5;2054.7;2
20240306 013100;2054.9;2054.9;2054.7;2054.7;5
20240306 013200;2054.8;2054.8;2054.8;2054.8;1
20240306 013300;2054.7;2054.7;2054.7;2054.7;1
20240306 013400;2054.8;2054.8;2054.8;2054.8;4
20240306 013500;2054.9;2054.9;2054.6;2054.6;4
20240306 013600;2054.4;2054.4;2054.3;2054.4;5
20240306 013700;2054.1;2054.1;2053.9;2054;11
20240306 013800;2053.9;2053.9;2053.4;2053.5;12
20240306 013900;2053.3;2053.4;2052.9;2053.4;28
20240306 014000;2053.2;2053.6;2053;2053.6;6
20240306 014100;2053.6;2053.7;2053.4;2053.4;7
20240306 014200;2053.5;2053.9;2053.5;2053.7;16
20240306 014300;2053.7;2053.7;2053.5;2053.5;2
20240306 014400;2053.7;2053.7;2053.7;2053.7;12
20240306 014500;2053.6;2053.7;2053.6;2053.7;5
20240306 014600;2053.7;2053.7;2053.7;2053.7;1
20240306 014700;2053.9;2053.9;2053.8;2053.8;7
20240306 014900;2053.6;2053.6;2053.6;2053.6;1
20240306 015000;2053.3;2053.4;2053.3;2053.4;2
20240306 015200;2053.6;2053.8;2053.6;2053.6;4
20240306 015300;2053.7;2053.7;2053.4;2053.4;8
20240306 015400;2053.5;2053.6;2053.4;2053.6;5
20240306 015500;2053.8;2053.8;2053.6;2053.6;5
20240306 015600;2053.5;2053.5;2053.4;2053.4;2
20240306 015700;2053.7;2053.8;2053.6;2053.6;5
20240306 015800;2053.8;2053.9;2053.7;2053.8;16
20240306 015900;2053.9;2054.2;2053.9;2054.2;5
20240306 020000;2054;2054.1;2054;2054;7
20240306 020100;2053.8;2053.9;2053.8;2053.9;6
20240306 020200;2053.9;2053.9;2053.8;2053.8;2
20240306 020300;2053.9;2053.9;2053.9;2053.9;2
20240306 020400;2054;2054.2;2054;2054.2;6
20240306 020500;2054.2;2054.2;2054.2;2054.2;1
20240306 020600;2054.2;2054.4;2054.2;2054.4;3
20240306 020700;2054.5;2054.7;2054.5;2054.7;5
20240306 020800;2054.5;2054.5;2054.5;2054.5;2
20240306 020900;2054.3;2054.5;2054.3;2054.5;6
20240306 021000;2054.5;2054.5;2054.4;2054.4;3
20240306 021100;2054.3;2054.3;2054.3;2054.3;4
20240306 021200;2054.3;2054.4;2054.3;2054.4;2
20240306 021300;2054.5;2054.5;2054.4;2054.4;6
20240306 021500;2054.7;2054.7;2054.7;2054.7;2
20240306 021600;2054.8;2054.8;2054.7;2054.7;3
20240306 021700;2055;2055;2055;2055;1
20240306 021800;2054.7;2054.8;2054.7;2054.8;2
20240306 021900;2054.7;2054.7;2054.7;2054.7;1
20240306 022200;2054.8;2054.8;2054.7;2054.7;3
20240306 022400;2054.7;2054.7;2054.6;2054.6;3
20240306 022500;2054.6;2055.4;2054.6;2055.4;54
20240306 022600;2055.3;2055.4;2054.5;2054.5;20
20240306 022700;2054.6;2055.2;2054.6;2055.2;6
20240306 022800;2055.1;2055.1;2054.8;2054.8;7
20240306 022900;2054.7;2054.9;2054.7;2054.8;3
20240306 023000;2054.7;2054.7;2054.6;2054.6;3
20240306 023100;2054.8;2054.9;2054.8;2054.8;5
20240306 023200;2055;2055;2054.9;2054.9;2
20240306 023500;2055.1;2055.1;2055;2055.1;4
20240306 023600;2055;2055;2055;2055;2
20240306 023700;2054.9;2054.9;2054.9;2054.9;1
20240306 023800;2054.9;2054.9;2054.9;2054.9;1
20240306 023900;2055;2055.1;2054.9;2055;7
20240306 024100;2055.3;2055.4;2055.2;2055.3;6
20240306 024200;2055.3;2055.5;2055.3;2055.5;3
20240306 024300;2055.3;2055.7;2055.3;2055.7;16
20240306 024500;2055.8;2055.8;2055.7;2055.7;6
20240306 024600;2055.5;2055.7;2055.4;2055.6;9
20240306 024700;2055.6;2055.6;2055.6;2055.6;1
20240306 024800;2055.9;2055.9;2055.9;2055.9;3
20240306 024900;2055.8;2055.8;2055.6;2055.6;2
20240306 025100;2055.4;2055.4;2055.3;2055.4;4
20240306 025200;2055.3;2055.3;2055;2055.1;7
20240306 025300;2055.3;2055.3;2055.3;2055.3;5
20240306 025400;2055.5;2055.5;2055.5;2055.5;1
20240306 025500;2055.6;2055.6;2055.6;2055.6;1
20240306 025600;2055.5;2055.5;2055.5;2055.5;1
20240306 025700;2055.5;2055.5;2055.1;2055.1;3
20240306 025900;2054.9;2055;2054.9;2055;3
20240306 030000;2055;2055.1;2054.9;2055;9
20240306 030100;2055.2;2055.3;2055.2;2055.2;9
20240306 030200;2055;2055;2054.9;2054.9;2
20240306 030300;2054.9;2055;2054.9;2055;5
20240306 030400;2055;2055;2055;2055;5
20240306 030600;2055.1;2055.3;2055.1;2055.3;8
20240306 030700;2055.5;2055.5;2055.5;2055.5;2
20240306 030800;2055.5;2055.5;2055.5;2055.5;3
20240306 030900;2055.3;2055.3;2055.3;2055.3;1
20240306 031000;2055.1;2055.2;2055.1;2055.2;2
20240306 031100;2055.2;2055.2;2055.2;2055.2;1
20240306 031200;2055.5;2055.5;2055.3;2055.4;3
20240306 031300;2055.3;2055.3;2055.3;2055.3;1
20240306 031400;2055.4;2055.4;2055.2;2055.4;5
20240306 031500;2055.3;2055.3;2055.3;2055.3;1
20240306 031600;2055.4;2055.4;2055.4;2055.4;1
20240306 031700;2055.1;2055.3;2055;2055.3;3
20240306 031800;2055.1;2055.1;2054.9;2055.1;12
20240306 031900;2055;2055;2054.9;2055;7
20240306 032000;2054.9;2055;2054.9;2055;4
20240306 032300;2055;2055;2055;2055;7
20240306 032400;2055.2;2055.3;2055.2;2055.2;4
20240306 032500;2055.1;2055.1;2055;2055.1;6
20240306 032600;2055.3;2055.6;2055.3;2055.6;6
20240306 032700;2055.7;2056;2055.7;2055.9;11
20240306 032800;2056.1;2056.2;2056.1;2056.1;10
20240306 032900;2056.1;2056.2;2055.9;2056.1;5
20240306 033100;2056.1;2056.2;2056;2056;9
20240306 033200;2056.1;2056.1;2056.1;2056.1;2
20240306 033300;2056.2;2056.2;2055.9;2055.9;6
20240306 033600;2056.1;2056.1;2055.8;2055.8;5
20240306 033700;2055.8;2056;2055.8;2055.8;14
20240306 033800;2055.8;2055.8;2055.6;2055.7;17
20240306 033900;2055.8;2055.8;2055.8;2055.8;1
20240306 034000;2055.8;2055.8;2055.7;2055.7;3
20240306 034100;2055.8;2055.8;2055.8;2055.8;1
20240306 034300;2055.8;2055.8;2055.8;2055.8;1
20240306 034400;2055.7;2055.8;2055.7;2055.8;7
20240306 034500;2055.6;2055.6;2055.6;2055.6;5
20240306 034600;2055.8;2055.8;2055.7;2055.7;2
20240306 034700;2055.6;2055.8;2055.6;2055.8;7
20240306 034800;2055.7;2055.8;2055.6;2055.7;10
20240306 035000;2055.6;2055.7;2055.5;2055.7;6
20240306 035100;2055.8;2055.8;2055.7;2055.7;2
20240306 035200;2055.9;2056.3;2055.7;2055.8;23
20240306 035400;2056;2056.1;2055.9;2055.9;22
20240306 035500;2056.2;2056.4;2056.2;2056.2;9
20240306 035600;2056.3;2056.4;2056.2;2056.3;7
20240306 035700;2056.2;2056.2;2056.2;2056.2;3
20240306 035800;2056;2056.2;2056;2056;3
20240306 035900;2056.2;2056.3;2056.2;2056.3;2
20240306 040000;2056.4;2056.6;2056.4;2056.6;7
20240306 040100;2056.6;2056.7;2056.6;2056.7;9
20240306 040200;2056.6;2056.6;2056.5;2056.5;2
20240306 040300;2056.6;2056.8;2056.5;2056.5;5
20240306 040400;2056.6;2056.7;2056.6;2056.7;2
20240306 040500;2056.8;2056.9;2056.6;2056.8;11
20240306 040600;2056.7;2056.8;2056.7;2056.8;2
20240306 040700;2056.6;2056.6;2056.6;2056.6;2
20240306 041000;2056.6;2056.6;2056.6;2056.6;1
20240306 041100;2056.3;2056.3;2056.3;2056.3;1
20240306 041200;2056.3;2056.5;2056.3;2056.3;13
20240306 041300;2056.6;2056.6;2056.4;2056.4;2
20240306 041400;2056.3;2056.5;2056.2;2056.2;6
20240306 041500;2056.3;2056.5;2056.3;2056.3;4
20240306 041600;2056.4;2056.4;2056.4;2056.4;1
20240306 041700;2056.6;2056.7;2056.4;2056.7;5
20240306 041800;2056.9;2056.9;2056.7;2056.9;4
20240306 041900;2056.8;2056.8;2056.8;2056.8;1
20240306 042000;2056.7;2056.8;2056.6;2056.6;3
20240306 042100;2056.7;2056.7;2056.7;2056.7;2
20240306 042300;2056.4;2056.5;2056.3;2056.4;5
20240306 042400;2056.6;2056.6;2056.6;2056.6;3
20240306 042500;2056.4;2056.4;2056.3;2056.3;4
20240306 042700;2056.1;2056.1;2056.1;2056.1;1
20240306 043000;2055.9;2055.9;2055.8;2055.9;7
20240306 043100;2055.9;2055.9;2055.8;2055.8;4
20240306 043200;2055.7;2055.9;2055.7;2055.9;8
20240306 043500;2055.9;2056;2055.9;2056;2
20240306 043600;2055.9;2055.9;2055.9;2055.9;6
20240306 043700;2055.8;2055.8;2055.8;2055.8;2
20240306 043900;2055.7;2056;2055.7;2056;5
20240306 044000;2056;2056;2056;2056;7
20240306 044100;2056.1;2056.3;2056.1;2056.3;6
20240306 044200;2056.4;2056.5;2056.4;2056.4;5
20240306 044300;2056.2;2056.3;2056.2;2056.3;3
20240306 044400;2056.4;2056.4;2056.4;2056.4;1
20240306 044500;2056.4;2056.4;2056.4;2056.4;1
20240306 044600;2056.4;2056.5;2056.4;2056.5;4
20240306 044700;2056.5;2056.6;2056.5;2056.6;2
20240306 044800;2056.6;2056.7;2056.6;2056.7;10
20240306 044900;2056.6;2056.7;2056.6;2056.7;5
20240306 045100;2056.7;2057.1;2056.7;2056.9;31
20240306 045200;2057;2057;2057;2057;1
20240306 045300;2057.1;2057.1;2057;2057;5
20240306 045400;2057.2;2057.3;2057.2;2057.3;4
20240306 045500;2057.3;2057.3;2057.2;2057.2;2
20240306 045600;2057;2057;2057;2057;2
20240306 045700;2057;2057;2057;2057;2
20240306 045900;2057;2057.1;2057;2057;7
20240306 050000;2057;2057;2057;2057;2
20240306 050100;2057.1;2057.3;2057.1;2057.1;4
20240306 050200;2057.2;2057.3;2057.2;2057.3;2
20240306 050400;2057.5;2057.5;2057.4;2057.4;3
20240306 050500;2057.5;2057.6;2057.5;2057.6;12
20240306 050600;2057.5;2057.5;2057.4;2057.4;10
20240306 050700;2057.5;2057.5;2057.5;2057.5;4
20240306 051000;2057.3;2057.4;2057.2;2057.3;12
20240306 051400;2057.4;2057.8;2057.4;2057.8;6
20240306 051500;2057.7;2057.8;2057.7;2057.8;7
20240306 051600;2057.8;2057.8;2057.4;2057.5;15
20240306 051700;2057.3;2057.3;2057.3;2057.3;1
20240306 051800;2057.5;2057.5;2057.5;2057.5;1
20240306 051900;2057.4;2057.5;2057.4;2057.5;5
20240306 052000;2057.5;2057.5;2057.5;2057.5;2
20240306 052100;2057.5;2057.5;2057.5;2057.5;6
20240306 052200;2057.3;2057.3;2057.3;2057.3;2
20240306 052500;2057.2;2057.2;2057.2;2057.2;1
20240306 052600;2057.3;2057.3;2057.3;2057.3;4
20240306 052700;2057.1;2057.1;2057.1;2057.1;1
20240306 052900;2057.1;2057.1;2057.1;2057.1;3
20240306 053000;2057.1;2057.1;2056.9;2056.9;8
20240306 053100;2057;2057.7;2057;2057.6;16
20240306 053200;2057.7;2057.8;2057.7;2057.7;19
20240306 053500;2057.6;2057.6;2057.6;2057.6;1
20240306 053600;2057.7;2057.8;2057.7;2057.8;4
20240306 053700;2057.7;2057.7;2057.7;2057.7;1
20240306 053900;2057.6;2057.8;2057.6;2057.8;8
20240306 054000;2057.8;2057.8;2057.8;2057.8;1
20240306 054100;2057.7;2057.8;2057.7;2057.8;3
20240306 054300;2057.9;2057.9;2057.9;2057.9;2
20240306 054400;2058;2058;2058;2058;2
20240306 054500;2057.9;2057.9;2057.9;2057.9;3
20240306 054600;2057.9;2058;2057.8;2057.8;4
20240306 054700;2057.7;2057.8;2057.7;2057.7;13
20240306 054800;2057.7;2057.7;2057.7;2057.7;2
20240306 054900;2057.6;2057.6;2057.6;2057.6;2
20240306 055000;2057.7;2057.7;2057.4;2057.4;12
20240306 055100;2057.5;2057.6;2057.5;2057.6;4
20240306 055200;2057.7;2057.7;2057.7;2057.7;1
20240306 055300;2057.6;2057.6;2057.6;2057.6;1
20240306 055400;2057.4;2057.4;2057.4;2057.4;1
20240306 055500;2057.5;2057.5;2057.5;2057.5;3
20240306 055600;2057.5;2057.5;2057.5;2057.5;1
20240306 055800;2057.6;2057.6;2057.6;2057.6;4
20240306 055900;2057.5;2057.5;2057.5;2057.5;1
20240306 060100;2057.5;2057.9;2057.5;2057.9;8
20240306 060200;2057.9;2057.9;2057.8;2057.9;7
20240306 060300;2057.9;2057.9;2057.9;2057.9;1
20240306 060400;2057.8;2057.8;2057.3;2057.3;6
20240306 060500;2057.4;2057.4;2057.2;2057.2;10
20240306 060600;2057.3;2057.4;2057.3;2057.3;8
20240306 060700;2057.2;2057.2;2056.7;2057;15
20240306 060800;2057.1;2057.2;2057.1;2057.2;4
20240306 060900;2057.3;2057.3;2057.3;2057.3;1
20240306 061000;2057.3;2057.4;2057.1;2057.3;16
20240306 061100;2057.2;2057.4;2057.1;2057.1;22
20240306 061200;2056.9;2057.1;2056.9;2057.1;10
20240306 061300;2057.2;2057.2;2057.2;2057.2;1
20240306 061400;2057.2;2057.3;2057.1;2057.1;8
20240306 061500;2057.1;2057.1;2057;2057.1;6
20240306 061600;2057.2;2057.3;2057.2;2057.3;3
20240306 061700;2057.3;2057.3;2057.1;2057.3;5
20240306 061900;2057.1;2057.3;2057.1;2057.3;3
20240306 062000;2057.4;2057.4;2057.4;2057.4;1
20240306 062100;2057.6;2057.6;2057.4;2057.5;24
20240306 062200;2057.5;2057.5;2057.4;2057.4;2
20240306 062300;2057.3;2057.3;2057.3;2057.3;1
20240306 062400;2057.2;2057.3;2057.2;2057.3;3
20240306 062600;2057.1;2057.1;2056.8;2056.8;16
20240306 062700;2056.7;2056.7;2056.7;2056.7;3
20240306 062800;2056.5;2056.5;2056.4;2056.5;5
20240306 062900;2056.5;2056.5;2056.4;2056.4;2
20240306 063000;2056.5;2056.5;2056.5;2056.5;2
20240306 063100;2056.7;2056.7;2056.7;2056.7;2
20240306 063200;2056.6;2056.6;2056.5;2056.6;14
20240306 063300;2056.6;2056.6;2056.6;2056.6;2
20240306 063400;2056.7;2056.8;2056.7;2056.8;5
20240306 063500;2056.8;2057;2056.8;2057;5
20240306 063600;2057.1;2057.2;2057.1;2057.2;6
20240306 063700;2057.2;2057.2;2057.2;2057.2;1
20240306 063800;2057;2057;2057;2057;2
20240306 064000;2057;2057;2057;2057;2
20240306 064100;2057;2057;2057;2057;5
20240306 064200;2057.2;2057.4;2057.2;2057.4;9
20240306 064400;2057.2;2057.2;2057.2;2057.2;3
20240306 064500;2057.3;2057.3;2057.2;2057.2;2
20240306 064600;2057;2057.1;2057;2057.1;3
20240306 064700;2057.3;2057.3;2057.1;2057.2;4
20240306 064800;2057.2;2057.2;2057.2;2057.2;1
20240306 064900;2056.9;2056.9;2056.9;2056.9;1
20240306 065000;2057;2057;2056.9;2056.9;2
20240306 065200;2056.7;2056.8;2056.6;2056.6;6
20240306 065300;2056.8;2056.8;2056.7;2056.7;3
20240306 065400;2056.9;2057;2056.9;2056.9;3
20240306 065500;2056.7;2056.8;2056.7;2056.8;2
20240306 065600;2057;2057;2056.8;2056.8;11
20240306 065700;2056.7;2056.7;2056.7;2056.7;4
20240306 065800;2056.7;2056.7;2056.4;2056.4;9
20240306 065900;2056.5;2056.9;2056.5;2056.9;13
20240306 070000;2057;2057.1;2057;2057;10
20240306 070100;2057.1;2058;2057.1;2057.5;41
20240306 070200;2057.4;2057.4;2056.9;2057.1;14
20240306 070300;2056.7;2056.7;2056.7;2056.7;2
20240306 070400;2056.7;2056.7;2056.7;2056.7;2
20240306 070600;2056.9;2057;2056.8;2057;5
20240306 070700;2057;2057.2;2057;2057;9
20240306 070800;2057.1;2057.1;2056.8;2056.8;6
20240306 070900;2057.1;2057.1;2057.1;2057.1;3
20240306 071000;2056.9;2056.9;2056.8;2056.8;6
20240306 071100;2057;2057.1;2056.9;2057.1;14
20240306 071300;2056.9;2056.9;2056.6;2056.6;9
20240306 071400;2056.6;2056.9;2056.6;2056.7;7
20240306 071500;2056.6;2056.7;2056.6;2056.7;3
20240306 071600;2056.6;2056.7;2056;2056;14
20240306 071700;2056.1;2056.1;2056;2056;4
20240306 071800;2056.1;2056.1;2056.1;2056.1;3
20240306 071900;2056.3;2056.4;2056.3;2056.4;2
20240306 072000;2056.5;2057.1;2056.5;2057.1;18
20240306 072100;2057.1;2057.1;2056.9;2057;5
20240306 072200;2057;2057;2057;2057;1
20240306 072300;2056.9;2057.1;2056.6;2056.6;5
20240306 072400;2056.8;2056.8;2056.8;2056.8;1
20240306 072500;2056.6;2056.7;2056.6;2056.7;4
20240306 072600;2056.3;2056.5;2056.2;2056.5;8
20240306 072700;2056.7;2056.7;2056.6;2056.6;4
20240306 072800;2056.4;2056.4;2056.2;2056.2;8
20240306 072900;2056.3;2056.4;2056.3;2056.4;3
20240306 073000;2056.3;2056.6;2056.3;2056.6;6
20240306 073100;2056.5;2056.5;2056.2;2056.4;7
20240306 073200;2056.4;2056.4;2056.1;2056.1;7
20240306 073300;2056.2;2056.3;2056.1;2056.1;12
20240306 073400;2056;2056.2;2056;2056.2;2
20240306 073500;2056.2;2056.2;2056.1;2056.1;9
20240306 073600;2056;2056.1;2055.9;2056.1;6
20240306 073700;2056.2;2056.2;2056.2;2056.2;2
20240306 073800;2056.6;2057.4;2056.6;2057.2;43
20240306 073900;2057.4;2057.4;2056.8;2056.9;16
20240306 074000;2057.1;2057.3;2057.1;2057.2;7
20240306 074200;2057.1;2057.1;2057;2057;2
20240306 074300;2057;2057;2056.9;2056.9;3
20240306 074500;2057;2057.1;2056.7;2057.1;28
20240306 074600;2057.1;2057.3;2056.9;2056.9;16
20240306 074700;2056.8;2056.8;2056.8;2056.8;3
20240306 074800;2056.9;2057.1;2056.8;2057.1;10
20240306 074900;2057.3;2057.4;2057;2057.1;26
20240306 075000;2056.9;2056.9;2056.5;2056.5;16
20240306 075100;2056.3;2056.3;2056;2056;6
20240306 075200;2056;2056;2055.9;2056;5
20240306 075300;2056.1;2056.1;2055.4;2055.8;10
20240306 075400;2055.7;2056;2055.6;2056;13
20240306 075500;2056.2;2056.8;2056.2;2056.5;70
20240306 075600;2056.5;2056.5;2056.5;2056.5;2
20240306 075700;2056.8;2056.8;2056.6;2056.6;8
20240306 075800;2056.7;2056.7;2056.3;2056.3;4
20240306 075900;2056.4;2057;2056.4;2057;33
20240306 080000;2056.8;2057;2056.8;2056.9;10
20240306 080100;2056.7;2057;2055.9;2056.3;87
20240306 080200;2056.2;2056.2;2055.3;2055.6;72
20240306 080300;2055.7;2056.1;2055.4;2055.5;33
20240306 080400;2055.5;2055.6;2055.3;2055.6;29
20240306 080500;2055.7;2057.3;2055.7;2057;74
20240306 080600;2057.3;2058.4;2057.3;2058;37
20240306 080700;2058.1;2059;2058;2058.5;24
20240306 080800;2058.7;2059.5;2058.7;2059.3;66
20240306 080900;2059.2;2059.3;2058.5;2058.9;23
20240306 081000;2058.9;2059.7;2058.9;2059.7;24
20240306 081100;2059.7;2059.8;2059.7;2059.7;8
20240306 081200;2059.6;2060.4;2059.6;2060.4;41
20240306 081300;2060.6;2061.7;2060.6;2061.7;46
20240306 081400;2061.6;2062.2;2061.6;2062.1;52
20240306 081500;2062;2062.4;2061.9;2062.1;64
20240306 081600;2062;2062.1;2061.7;2061.7;19
20240306 081700;2061.6;2061.6;2060.3;2060.5;56
20240306 081800;2060.5;2060.5;2059.6;2059.9;57
20240306 081900;2060;2060.2;2059;2059.1;77
20240306 082000;2059;2059.6;2059;2059.2;42
20240306 082100;2059.2;2059.2;2058.1;2058.7;36
20240306 082200;2058.6;2058.7;2058;2058.4;19
20240306 082300;2058.4;2059.1;2058.4;2058.8;29
20240306 082400;2058.6;2058.6;2058.2;2058.6;14
20240306 082500;2058.5;2059;2058.5;2059;12
20240306 082600;2059;2059.4;2059;2059.2;13
20240306 082700;2059.4;2060;2059.4;2060;24
20240306 082800;2060;2060.1;2059.6;2059.8;24
20240306 082900;2059.3;2059.8;2059.2;2059.6;15
20240306 083000;2059.5;2059.9;2059.4;2059.9;8
20240306 083100;2059.9;2060.1;2059.6;2060;31
20240306 083200;2060.3;2061;2060.3;2060.8;45
20240306 083300;2061;2061;2060.2;2060.8;35
20240306 083400;2060.9;2061.5;2060.9;2061.4;27
20240306 083500;2061.3;2061.4;2060.4;2060.4;28
20240306 083600;2060.7;2061.1;2060.6;2061;13
20240306 083700;2060.9;2061.6;2060.9;2061.4;27
20240306 083800;2061.4;2061.6;2061.3;2061.6;15
20240306 083900;2061.5;2061.6;2061.1;2061.1;12
20240306 084000;2061.3;2061.8;2061.1;2061.7;38
20240306 084100;2061.5;2061.6;2060.9;2061.4;44
20240306 084200;2061.2;2061.2;2059.8;2059.8;46
20240306 084300;2059.9;2060;2059.6;2059.9;45
20240306 084400;2059.9;2060.1;2059.9;2059.9;30
20240306 084500;2059.9;2060.2;2059.9;2059.9;20
20240306 084600;2059.7;2059.9;2059.5;2059.6;16
20240306 084700;2059.9;2060.3;2059.9;2060.3;10
20240306 084800;2060.2;2060.2;2059.7;2060;11
20240306 084900;2060.2;2060.8;2060.2;2060.8;26
20240306 085000;2060.7;2061.2;2060.7;2060.8;17
20240306 085100;2060.8;2061.1;2060.8;2061;4
20240306 085200;2061;2061.1;2059.9;2060.2;19
20240306 085300;2060.5;2060.5;2059.6;2059.7;27
20240306 085400;2059.9;2060.3;2059.9;2060.3;8
20240306 085500;2060.5;2060.6;2060.3;2060.3;75
20240306 085600;2060.1;2061;2060.1;2060.9;27
20240306 085700;2061;2061.3;2060.8;2061.1;26
20240306 085800;2061.3;2061.5;2061;2061.4;24
20240306 085900;2061.4;2061.9;2061.2;2061.7;28
20240306 090000;2061.8;2062;2061.6;2062;25
20240306 090100;2061.9;2062;2061.4;2061.7;49
20240306 090200;2061.8;2061.8;2061.4;2061.5;7
20240306 090300;2061.4;2061.6;2061.1;2061.6;38
20240306 090400;2061.6;2062.1;2061.3;2061.6;37
20240306 090500;2061.7;2062.2;2061.7;2062.1;32
20240306 090600;2061.9;2062.2;2061.8;2062;17
20240306 090700;2062;2062.1;2061.6;2061.6;24
20240306 090800;2061.7;2061.7;2061.4;2061.4;34
20240306 090900;2061.3;2062;2061.2;2061.9;28
20240306 091000;2061.8;2061.8;2061.1;2061.1;29
20240306 091100;2061.3;2061.3;2060.8;2061;25
20240306 091200;2061;2061.1;2060.9;2060.9;12
20240306 091300;2060.7;2060.9;2060.7;2060.9;5
20240306 091400;2060.7;2061.1;2060.7;2061.1;13
20240306 091500;2061;2061.1;2060.6;2060.8;22
20240306 091600;2060.9;2061.1;2060.8;2060.9;70
20240306 091700;2061;2061.9;2061;2061.9;38
20240306 091800;2061.9;2062.2;2061.9;2062;40
20240306 091900;2062;2062.2;2061.9;2061.9;37
20240306 092000;2061.9;2062.5;2061.6;2062.4;49
20240306 092100;2062.6;2062.6;2062;2062.3;24
20240306 092200;2062.2;2063;2062.2;2062.8;22
20240306 092300;2062.7;2062.9;2062.5;2062.8;16
20240306 092400;2062.7;2063.4;2062.6;2063.4;25
20240306 092500;2063.4;2064.1;2063.4;2064;63
20240306 092600;2063.7;2064;2063.7;2064;59
20240306 092700;2064.1;2064.2;2063.6;2063.9;12
20240306 092800;2063.9;2064.9;2063.8;2064.6;51
20240306 092900;2064.5;2064.8;2064.1;2064.5;46
20240306 093000;2064.3;2064.5;2064.2;2064.5;9
20240306 093100;2064.4;2064.5;2064;2064;15
20240306 093200;2063.9;2064.4;2063.9;2064.4;12
20240306 093300;2064.4;2064.8;2064.3;2064.5;32
20240306 093400;2064.6;2065;2064.3;2064.3;44
20240306 093500;2064.1;2064.5;2063.8;2064.3;30
20240306 093600;2064.2;2064.5;2063.9;2064;45
20240306 093700;2064;2064.6;2064;2064.6;8
20240306 093800;2064.8;2064.8;2064.6;2064.8;11
20240306 093900;2064.8;2064.8;2064.6;2064.6;10
20240306 094000;2064.7;2064.9;2064.3;2064.5;28
20240306 094100;2064.6;2064.6;2064.4;2064.5;7
20240306 094200;2064.3;2064.6;2064.2;2064.3;29
20240306 094300;2064.5;2065;2064.5;2064.6;47
20240306 094400;2064.7;2064.7;2064.4;2064.4;19
20240306 094500;2064.2;2064.2;2063.7;2063.8;54
20240306 094600;2063.7;2064.3;2063.5;2064.3;26
20240306 094700;2064.4;2064.7;2063.6;2063.7;60
20240306 094800;2063.7;2064.2;2063.7;2064.1;72
20240306 094900;2064;2064.3;2063.8;2064.3;39
20240306 095000;2064.1;2064.7;2064;2064.7;83
20240306 095100;2064.6;2064.9;2064.6;2064.9;29
20240306 095200;2065;2065.2;2064.4;2064.4;57
20240306 095300;2064.4;2064.6;2064.2;2064.5;21
20240306 095400;2064.7;2065.1;2064.7;2064.8;36
20240306 095500;2064.7;2064.9;2064.6;2064.8;27
20240306 095600;2064.9;2065.2;2064.8;2065;32
20240306 095700;2065.2;2065.3;2064.9;2065.3;36
20240306 095800;2065.4;2065.9;2065.3;2065.7;38
20240306 095900;2065.7;2065.8;2065.6;2065.8;15
20240306 100000;2065.7;2065.9;2065.6;2065.7;37
20240306 100100;2065.8;2066.2;2065.8;2066.1;69
20240306 100200;2066.1;2067.3;2066.1;2067.1;156
20240306 100300;2067.1;2067.2;2066.7;2066.7;25
20240306 100400;2066.6;2067;2066.6;2066.8;19
20240306 100500;2066.6;2066.7;2066.4;2066.6;20
20240306 100600;2066.5;2067.2;2066.5;2067.2;58
20240306 100700;2067.2;2067.4;2067;2067.4;63
20240306 100800;2067.6;2068.1;2067.3;2067.5;138
20240306 100900;2067.5;2067.9;2067.4;2067.9;19
20240306 101000;2067.7;2068.5;2067.6;2068.3;131
20240306 101100;2068.4;2069.5;2068.4;2069.3;500
20240306 101200;2069.4;2069.5;2068.5;2068.9;40
20240306 101300;2068.6;2068.7;2068.2;2068.6;32
20240306 101400;2068.6;2068.7;2068.2;2068.6;23
20240306 101500;2068.6;2068.6;2068.2;2068.2;15
20240306 101600;2068.2;2068.2;2067.5;2067.6;58
20240306 101700;2067.6;2068.1;2067.5;2067.7;40
20240306 101800;2067.6;2067.6;2066.7;2066.8;40
20240306 101900;2066.7;2066.7;2066.3;2066.6;36
20240306 102000;2066.6;2067.3;2066.2;2067.1;117
20240306 102100;2067.1;2068;2067.1;2067.8;128
20240306 102200;2067.4;2067.8;2067.4;2067.8;19
20240306 102300;2067.8;2067.9;2067.6;2067.8;16
20240306 102400;2067.9;2068.6;2067.9;2068.5;44
20240306 102500;2068.4;2068.5;2068.2;2068.3;33
20240306 102600;2068.4;2068.9;2068.4;2068.5;33
20240306 102700;2068.7;2068.7;2068.5;2068.6;32
20240306 102800;2068.9;2069.4;2068.9;2069.4;32
20240306 102900;2069.2;2069.2;2068.7;2069;50
20240306 103000;2069;2069;2068.5;2068.6;35
20240306 103100;2068.7;2069.3;2068.7;2069.3;30
20240306 103200;2069.3;2069.3;2068.6;2068.8;61
20240306 103300;2068.8;2068.8;2068.1;2068.7;37
20240306 103400;2068.7;2068.7;2068.3;2068.3;29
20240306 103500;2068.2;2068.6;2068.2;2068.5;23
20240306 103600;2068.6;2068.7;2068.4;2068.4;34
20240306 103700;2068.6;2068.9;2068.3;2068.7;38
20240306 103800;2068.8;2068.8;2068;2068;22
20240306 103900;2068.1;2068.8;2068;2068.3;64
20240306 104000;2068.3;2068.7;2068.1;2068.3;145
20240306 104100;2068.3;2068.4;2068.1;2068.1;49
20240306 104200;2068;2068.3;2068;2068;26
20240306 104300;2068;2068;2067.7;2067.7;11
20240306 104400;2067.3;2067.3;2066.3;2066.4;48
20240306 104500;2066.7;2066.9;2066.1;2066.4;46
20240306 104600;2066.5;2066.7;2065.4;2066.6;309
20240306 104700;2066.6;2067.3;2066.5;2067;46
20240306 104800;2066.9;2067;2066.4;2066.5;34
20240306 104900;2066.4;2066.4;2066.1;2066.4;26
20240306 105000;2066.4;2066.8;2066.3;2066.8;14
20240306 105100;2066.6;2066.7;2066.4;2066.7;14
20240306 105200;2066.7;2066.9;2066.6;2066.7;9
20240306 105300;2066.7;2066.9;2066.1;2066.3;89
20240306 105400;2066.3;2066.3;2066.1;2066.1;17
20240306 105500;2066;2066;2065.6;2065.8;34
20240306 105600;2065.8;2065.9;2065.7;2065.8;13
20240306 105700;2065.7;2065.9;2065.7;2065.8;13
20240306 105800;2065.8;2065.9;2065.7;2065.8;42
20240306 105900;2065.7;2065.8;2065.7;2065.8;8
20240306 110000;2065.9;2065.9;2065.7;2065.7;18
20240306 110100;2065.8;2066.5;2065.8;2066.4;55
20240306 110200;2066.4;2066.7;2066.2;2066.2;29
20240306 110300;2066.4;2067.1;2066.4;2067.1;16
20240306 110400;2067;2067;2066.7;2066.9;21
20240306 110500;2066.9;2067.3;2066.7;2067;32
20240306 110600;2066.9;2066.9;2066.4;2066.4;26
20240306 110700;2066.4;2066.8;2066.4;2066.7;16
20240306 110800;2066.9;2066.9;2066.5;2066.5;6
20240306 110900;2066.6;2066.9;2066.6;2066.7;17
20240306 111000;2066.7;2066.8;2066.3;2066.5;27
20240306 111100;2066.4;2066.5;2066.2;2066.2;14
20240306 111200;2066.1;2066.3;2065.9;2066.2;27
20240306 111300;2066.3;2066.3;2066.3;2066.3;1
20240306 111400;2066.3;2066.3;2066.3;2066.3;1
20240306 111500;2066.3;2066.6;2066.3;2066.4;20
20240306 111600;2066.5;2066.8;2066.5;2066.6;41
20240306 111700;2066.7;2066.9;2066.4;2066.9;14
20240306 111800;2066.8;2066.9;2066.8;2066.9;2
20240306 111900;2066.8;2066.8;2066.4;2066.4;14
20240306 112000;2066.4;2066.4;2066.1;2066.1;10
20240306 112100;2066.1;2066.7;2066.1;2066.7;26
20240306 112200;2066.7;2066.9;2066.2;2066.2;23
20240306 112300;2066.4;2066.4;2066;2066.1;10
20240306 112400;2066.2;2066.5;2066;2066;18
20240306 112500;2066.3;2066.3;2065.9;2065.9;9
20240306 112600;2065.9;2066;2065.4;2065.9;44
20240306 112700;2066.1;2066.3;2066;2066.3;14
20240306 112800;2066.2;2066.2;2066;2066.1;17
20240306 112900;2066;2066;2065.8;2065.8;6
20240306 113000;2065.7;2066.4;2065.7;2065.9;27
20240306 113100;2066.1;2066.2;2065.9;2065.9;15
20240306 113200;2065.8;2065.8;2065.4;2065.5;59
20240306 113300;2065.4;2065.4;2065.1;2065.1;25
20240306 113400;2065.1;2065.3;2065;2065;23
20240306 113500;2064.9;2064.9;2064.7;2064.7;35
20240306 113600;2064.7;2065.2;2064.7;2065.2;15
20240306 113700;2065.1;2065.2;2064.9;2064.9;10
20240306 113800;2064.8;2065;2064.8;2064.9;10
20240306 113900;2065;2065.2;2065;2065.2;9
20240306 114000;2065.2;2065.2;2065.1;2065.2;14
20240306 114100;2065.2;2065.2;2065.2;2065.2;3
20240306 114200;2065.3;2065.3;2065.1;2065.1;14
20240306 114300;2065;2065.3;2064.9;2064.9;31
20240306 114400;2064.9;2065.1;2064.6;2065.1;44
20240306 114500;2065.1;2065.1;2064.2;2064.3;59
20240306 114600;2064.3;2064.4;2063.9;2064.2;47
20240306 114700;2064.3;2064.7;2064.1;2064.6;43
20240306 114800;2064.6;2064.7;2064.4;2064.5;12
20240306 114900;2064.5;2064.5;2064.1;2064.1;11
20240306 115000;2064.1;2064.2;2063.7;2063.8;31
20240306 115100;2063.8;2063.9;2063.4;2063.4;67
20240306 115200;2063.3;2063.6;2062.6;2063.6;150
20240306 115300;2063.7;2064;2063.7;2063.7;10
20240306 115400;2063.3;2063.3;2063;2063.1;11
20240306 115500;2063.1;2063.7;2063.1;2063.3;34
20240306 115600;2063.4;2063.6;2062.7;2063.6;55
20240306 115700;2063.5;2063.9;2063.5;2063.5;21
20240306 115800;2063.5;2063.7;2063.4;2063.7;29
20240306 115900;2063.7;2063.7;2063.3;2063.3;11
20240306 120000;2063.5;2063.7;2063.5;2063.7;8
20240306 120100;2063.5;2065.2;2063.4;2065;117
20240306 120200;2065;2065;2064.3;2064.3;52
20240306 120300;2064.3;2064.9;2064.2;2064.8;25
20240306 120400;2064.9;2065;2063.9;2063.9;36
20240306 120500;2064.1;2064.6;2064.1;2064.6;24
20240306 120600;2064.5;2064.6;2064.3;2064.6;13
20240306 120700;2064.7;2065.2;2064.7;2065.2;15
20240306 120800;2065.1;2065.8;2065;2065.7;78
20240306 120900;2065.8;2066.8;2065.6;2066.7;44
20240306 121000;2066.7;2067.1;2066.5;2066.6;28
20240306 121100;2066.7;2066.8;2066.1;2066.2;26
20240306 121200;2066.3;2067.1;2066.3;2066.8;80
20240306 121300;2066.9;2067;2066.7;2066.8;17
20240306 121400;2066.7;2067.2;2066.7;2066.9;26
20240306 121500;2067;2067.2;2066.4;2066.5;36
20240306 121600;2066.6;2066.7;2066.3;2066.6;45
20240306 121700;2066.6;2066.8;2066.2;2066.3;56
20240306 121800;2066.1;2066.1;2065.2;2065.7;31
20240306 121900;2065.8;2066.2;2065.6;2066.1;13
20240306 122000;2066;2066;2065.4;2065.4;23
20240306 122100;2065.6;2065.9;2065.2;2065.2;18
20240306 122200;2065;2065.8;2064.8;2065.8;46
20240306 122300;2065.5;2065.5;2065;2065.1;15
20240306 122400;2065.1;2065.3;2065;2065.2;14
20240306 122500;2065.1;2065.1;2065.1;2065.1;1
20240306 122600;2065.1;2065.4;2064.9;2065.3;29
20240306 122700;2065.4;2065.4;2064.2;2064.5;86
20240306 122800;2064.5;2065.6;2064.5;2065.6;25
20240306 122900;2065.5;2065.6;2065.4;2065.5;9
20240306 123000;2065.6;2065.6;2065.3;2065.4;8
20240306 123100;2065.5;2066;2065.2;2065.8;25
20240306 123200;2066;2066.2;2065.1;2065.1;38
20240306 123300;2064.7;2065.4;2064.5;2064.8;60
20240306 123400;2064.8;2065.5;2064.7;2065.5;14
20240306 123500;2065.4;2065.4;2064.7;2064.7;34
20240306 123600;2064.9;2065.3;2064.9;2065.1;10
20240306 123700;2065.1;2065.1;2064.9;2064.9;6
20240306 123800;2065;2065;2064.7;2064.8;23
20240306 123900;2064.8;2065.1;2064.8;2065;5
20240306 124000;2065;2065.2;2064.9;2065;19
20240306 124100;2065;2065.5;2065;2065.5;4
20240306 124200;2065.5;2065.6;2065.2;2065.2;16
20240306 124300;2065.3;2065.4;2064.9;2065.2;23
20240306 124400;2065.4;2065.8;2065.4;2065.7;29
20240306 124500;2065.4;2065.7;2065.3;2065.5;21
20240306 124600;2065.4;2065.6;2065.1;2065.4;45
20240306 124700;2065.4;2065.4;2065.1;2065.1;16
20240306 124800;2065.2;2065.5;2065.1;2065.2;37
20240306 124900;2065.1;2065.8;2064.9;2065.8;42
20240306 125000;2065.8;2065.8;2065.3;2065.3;17
20240306 125100;2065.4;2065.8;2065.3;2065.7;36
20240306 125200;2065.7;2066.1;2065.7;2065.9;35
20240306 125300;2065.8;2066;2065.2;2065.7;46
20240306 125400;2065.7;2065.9;2065.6;2065.9;11
20240306 125500;2066;2066.4;2065.7;2065.8;52
20240306 125600;2065.9;2065.9;2065.5;2065.7;24
20240306 125700;2065.9;2066.2;2065.6;2065.9;39
20240306 125800;2065.6;2065.7;2064.9;2064.9;84
20240306 125900;2064.9;2065;2064.5;2064.7;66
20240306 130000;2064.6;2064.6;2063.7;2063.9;101
20240306 130100;2063.5;2065.1;2063.3;2064.5;165
20240306 130200;2064.4;2064.6;2063;2063.6;172
20240306 130300;2063.5;2065;2063.4;2064.3;217
20240306 130400;2064.3;2065.2;2064.3;2064.4;179
20240306 130500;2064.3;2064.8;2063.6;2064.7;123
20240306 130600;2064.5;2066;2064.5;2065;160
20240306 130700;2064.8;2065.1;2064.8;2065;21
20240306 130800;2065.1;2065.1;2064.7;2064.7;26
20240306 130900;2064.5;2064.6;2063.7;2063.7;26
20240306 131000;2063.6;2065;2063.6;2065;29
20240306 131100;2065;2065.4;2064.5;2065.1;40
20240306 131200;2065.2;2066;2065.1;2065.1;66
20240306 131300;2065;2065.1;2064.4;2064.5;28
20240306 131400;2064.3;2065;2064.3;2064.6;27
20240306 131500;2064.5;2064.9;2064.3;2064.5;35
20240306 131600;2064.2;2066.3;2063.8;2065.8;313
20240306 131700;2065.7;2066;2065;2065.9;108
20240306 131800;2065.8;2066.9;2065.5;2066.9;204
20240306 131900;2066.6;2067.4;2066.1;2066.9;114
20240306 132000;2066.7;2066.9;2066.3;2066.4;43
20240306 132100;2066.6;2068.1;2066.5;2067.8;166
20240306 132200;2067.8;2067.8;2066.8;2067.6;100
20240306 132300;2067.6;2068.3;2067.3;2067.8;61
20240306 132400;2067.6;2068.8;2067.6;2068.5;139
20240306 132500;2068.6;2069;2068.2;2068.9;78
20240306 132600;2068.8;2069.7;2068.1;2069.2;144
20240306 132700;2069;2069.2;2068.3;2068.6;83
20240306 132800;2068.5;2068.8;2068.2;2068.8;71
20240306 132900;2068.8;2068.8;2067.5;2067.6;82
20240306 133000;2067.4;2068;2067.3;2067.4;68
20240306 133100;2067.5;2071;2062.6;2069.6;1859
20240306 133200;2069.5;2070.4;2068.2;2069.4;355
20240306 133300;2069.5;2071.2;2068.2;2068.5;254
20240306 133400;2068.7;2068.7;2066;2067.3;369
20240306 133500;2067.6;2069;2067;2068.9;148
20240306 133600;2069;2069.3;2068.3;2068.8;146
20240306 133700;2068.9;2070.4;2068.2;2068.2;180
20240306 133800;2068.2;2069.6;2068.2;2069.6;216
20240306 133900;2069.5;2069.5;2067.5;2067.9;198
20240306 134000;2068;2069;2068;2068.4;60
20240306 134100;2068.5;2070.1;2068.5;2069.7;161
20240306 134200;2069.6;2070;2069.4;2069.6;72
20240306 134300;2069.7;2070.5;2069.6;2070.5;48
20240306 134400;2070.3;2070.4;2069.7;2069.7;77
20240306 134500;2069.7;2070.3;2069.4;2070.1;60
20240306 134600;2070.1;2070.6;2069.1;2069.2;61
20240306 134700;2069.2;2071.2;2069.2;2071.1;103
20240306 134800;2071.1;2072.5;2071;2071.5;270
20240306 134900;2071.5;2072;2071.4;2071.5;107
20240306 135000;2071.6;2072.1;2070.9;2072.1;109
20240306 135100;2072.1;2072.3;2071.4;2071.8;90
20240306 135200;2071.9;2071.9;2070.6;2070.8;71
20240306 135300;2070.8;2071.4;2070.8;2071.1;92
20240306 135400;2071.1;2071.8;2070.7;2071.2;132
20240306 135500;2071;2071.7;2070.8;2071.7;90
20240306 135600;2071.6;2072.2;2071.4;2072.2;212
20240306 135700;2072.1;2073.2;2072.1;2072.8;127
20240306 135800;2072.8;2073.2;2072.4;2072.6;130
20240306 135900;2072.6;2073.1;2072.4;2072.6;45
20240306 140000;2072.7;2073.4;2072.7;2073.2;81
20240306 140100;2073.2;2073.9;2072.6;2073.3;229
20240306 140200;2073.2;2073.8;2073;2073;163
20240306 140300;2073;2073.1;2072.3;2073;123
20240306 140400;2072.9;2073.4;2072.6;2073.2;130
20240306 140500;2073.4;2073.6;2073.1;2073.5;74
20240306 140600;2073.4;2073.4;2072.8;2073.2;62
20240306 140700;2073.2;2076.4;2073.1;2076;732
20240306 140800;2075.9;2076.1;2074.8;2075.2;276
20240306 140900;2075.1;2075.4;2074.8;2075;127
20240306 141000;2075;2075.4;2074.6;2074.6;121
20240306 141100;2074.7;2075;2074.1;2074.5;144
20240306 141200;2074.4;2074.8;2074.1;2074.8;122
20240306 141300;2074.7;2075;2074.6;2075;73
20240306 141400;2074.9;2076;2074.8;2075.7;127
20240306 141500;2075.6;2076.1;2075.4;2075.4;71
20240306 141600;2075.3;2076.1;2075;2076;215
20240306 141700;2075.8;2076.3;2075.7;2076.1;64
20240306 141800;2076;2076.8;2075.9;2076.4;78
20240306 141900;2076.4;2076.9;2076.3;2076.5;103
20240306 142000;2076.6;2076.9;2076.5;2076.9;79
20240306 142100;2076.8;2077.5;2076.6;2076.8;192
20240306 142200;2076.8;2077.4;2076.8;2077.1;97
20240306 142300;2077;2077.3;2076.5;2076.8;99
20240306 142400;2076.7;2076.7;2075.9;2076.1;154
20240306 142500;2076.1;2077.1;2075.9;2076.9;63
20240306 142600;2076.9;2077.8;2076.8;2077.4;193
20240306 142700;2077.4;2077.9;2077.4;2077.8;140
20240306 142800;2077.9;2078.5;2077.6;2078.1;307
20240306 142900;2078.2;2078.5;2077.7;2077.8;169
20240306 143000;2077.7;2079.2;2077.7;2078.3;260
20240306 143100;2078.2;2078.2;2075.5;2075.5;2741
20240306 143200;2075.5;2079.3;2074.6;2074.9;1583
20240306 143300;2074.8;2076.8;2074.1;2074.8;1173
20240306 143400;2074.7;2076.9;2073.6;2076.9;793
20240306 143500;2076.9;2077.6;2073.1;2073.4;787
20240306 143600;2073.3;2074.7;2072.7;2073.1;1115
20240306 143700;2072.9;2073.5;2071.2;2071.2;1049
20240306 143800;2071.4;2071.6;2068.3;2068.6;1025
20240306 143900;2068.5;2069.9;2067.5;2067.7;1101
20240306 144000;2067.6;2069.1;2067;2067.3;669
20240306 144100;2067.2;2068.8;2066.6;2068.1;647
20240306 144200;2068;2068;2065.4;2065.7;907
20240306 144300;2065.7;2067.3;2065.3;2065.9;612
20240306 144400;2065.7;2066.6;2064.3;2066.2;619
20240306 144500;2066.1;2067;2065.2;2065.4;489
20240306 144600;2065.5;2068;2065.2;2065.6;622
20240306 144700;2065.5;2067.1;2064.8;2066.7;676
20240306 144800;2066.7;2067.2;2065;2067.2;425
20240306 144900;2067.2;2068;2065.3;2065.6;616
20240306 145000;2065.5;2067.4;2065.2;2067.3;386
20240306 145100;2067.2;2067.2;2065.7;2066.3;367
20240306 145200;2066.1;2067.6;2065.6;2067;404
20240306 145300;2067.1;2068.7;2066.8;2068.4;408
20240306 145400;2068.5;2069.3;2067.9;2069;541
20240306 145500;2069;2070.4;2068.9;2069.4;561
20240306 145600;2069.5;2070.2;2068.2;2068.5;447
20240306 145700;2068.5;2069.4;2067.6;2068.7;336
20240306 145800;2068.8;2069.1;2067.1;2067.2;271
20240306 145900;2067.1;2067.6;2066.5;2067.4;298
20240306 150000;2067.4;2068.5;2067.2;2068.1;156
20240306 150100;2068.2;2068.2;2060.4;2066.2;1573
20240306 150200;2066;2067.5;2064;2065.4;636
20240306 150300;2065.6;2067;2064.3;2066.6;527
20240306 150400;2066.5;2067.2;2065.3;2065.3;398
20240306 150500;2065.4;2065.9;2062.1;2062.4;1254
20240306 150600;2062.5;2064.4;2061.6;2062.2;696
20240306 150700;2062.3;2062.8;2058.9;2060.8;815
20240306 150800;2060.9;2061.1;2059.2;2059.8;464
20240306 150900;2059.8;2063.4;2059.6;2063.3;681
20240306 151000;2063.3;2063.9;2061.3;2062.9;422
20240306 151100;2063.1;2065.9;2062.7;2065.9;350
20240306 151200;2066;2069.3;2066;2069.1;647
20240306 151300;2069;2069.2;2066.1;2066.2;518
20240306 151400;2066.3;2067.4;2065.9;2066.3;380
20240306 151500;2066.4;2067.8;2065.6;2067.1;555
20240306 151600;2067.2;2068.4;2066.4;2068.1;343
20240306 151700;2068.2;2069.1;2067.8;2068.9;338
20240306 151800;2068.8;2069.6;2067.9;2069.1;572
20240306 151900;2069.2;2069.9;2067.4;2068.3;502
20240306 152000;2068.3;2069.8;2067.9;2068.2;502
20240306 152100;2068.3;2069.1;2067;2067.5;426
20240306 152200;2067.6;2067.6;2065.4;2065.6;398
20240306 152300;2065.5;2066.4;2064.5;2065.2;359
20240306 152400;2065.3;2066.5;2064.9;2066.1;289
20240306 152500;2066.2;2066.3;2063.9;2064.8;359
20240306 152600;2064.6;2064.7;2062.8;2063.3;384
20240306 152700;2063.4;2064.1;2061.7;2063.6;436
20240306 152800;2063.9;2064.1;2061.3;2062.1;318
20240306 152900;2062;2064.3;2062;2064.3;306
20240306 153000;2064.4;2065.4;2064.1;2065;227
20240306 153100;2065;2065.2;2062.5;2063.3;240
20240306 153200;2063.1;2063.4;2062;2062.3;218
20240306 153300;2062.4;2064.5;2062;2064.1;292
20240306 153400;2063.9;2064.3;2062.6;2064.3;130
20240306 153500;2064.2;2067.6;2064.2;2067;420
20240306 153600;2066.7;2067.3;2065.8;2066.6;236
20240306 153700;2066.7;2066.7;2064.8;2065;234
20240306 153800;2065;2066.6;2064;2066.4;151
20240306 153900;2066.4;2067;2065.6;2066.9;418
20240306 154000;2066.9;2067.8;2066.8;2067.8;236
20240306 154100;2067.7;2067.7;2066.4;2066.5;127
20240306 154200;2066.5;2068.2;2066.5;2067.8;166
20240306 154300;2067.9;2068.9;2066.7;2068.8;264
20240306 154400;2068.8;2069;2067.7;2067.7;224
20240306 154500;2067.6;2068.4;2066.9;2068.4;153
20240306 154600;2068.5;2069.1;2067.8;2068.9;231
20240306 154700;2068.9;2069.5;2068.5;2069.2;204
20240306 154800;2069.3;2069.7;2068.8;2069.2;173
20240306 154900;2068.9;2069.6;2068.1;2068.8;187
20240306 155000;2068.8;2069.7;2068.3;2069.5;202
20240306 155100;2069.5;2071.4;2068.8;2071.2;366
20240306 155200;2071.3;2072.5;2071;2071;444
20240306 155300;2071;2071.4;2070.5;2070.6;189
20240306 155400;2070.6;2071.3;2070.4;2071.2;137
20240306 155500;2071;2071.9;2071;2071.9;153
20240306 155600;2072;2072.1;2071.2;2071.4;220
20240306 155700;2071.4;2071.7;2070.9;2070.9;134
20240306 155800;2070.9;2071.4;2070.3;2071;180
20240306 155900;2070.9;2071.8;2070.7;2071.7;106
20240306 160000;2071.7;2072.2;2071.3;2071.3;195
20240306 160100;2071.4;2072.2;2070.8;2071;462
20240306 160200;2071;2072.3;2070.6;2071.9;333
20240306 160300;2072;2073.3;2072;2073.2;367
20240306 160400;2073.2;2073.2;2071.8;2072.4;373
20240306 160500;2072.5;2072.8;2071.7;2072.1;235
20240306 160600;2072.2;2073;2071.7;2073;181
20240306 160700;2072.9;2073;2072.4;2072.8;138
20240306 160800;2072.8;2073.9;2072.4;2073;232
20240306 160900;2073;2074.2;2073;2074;180
20240306 161000;2074.1;2074.2;2073.6;2073.9;139
20240306 161100;2074;2074.6;2073.8;2074.2;246
20240306 161200;2074.2;2074.3;2073.5;2073.9;213
20240306 161300;2074.1;2074.8;2074.1;2074.1;234
20240306 161400;2074.2;2075.1;2073.8;2075.1;193
20240306 161500;2075;2075.2;2074.4;2074.9;183
20240306 161600;2075;2075.9;2074.6;2075.4;270
20240306 161700;2075.4;2075.8;2074.9;2075;248
20240306 161800;2075;2075.2;2074.7;2075.2;141
20240306 161900;2075.1;2075.5;2075.1;2075.3;150
20240306 162000;2075.2;2076.4;2075.2;2076.2;210
20240306 162100;2076.4;2076.5;2075.8;2076;302
20240306 162200;2076;2076;2075.2;2075.3;240
20240306 162300;2075.3;2075.5;2073.7;2073.8;356
20240306 162400;2073.9;2074.5;2073.5;2074;269
20240306 162500;2073.9;2074.5;2073.3;2074.4;201
20240306 162600;2074.4;2075.1;2073.9;2074.5;309
20240306 162700;2074.6;2075.5;2074.2;2075.5;287
20240306 162800;2075.5;2076.1;2075.3;2075.5;203
20240306 162900;2075.5;2076.1;2075.3;2076;171
20240306 163000;2075.9;2076.8;2075.9;2076.5;239
20240306 163100;2076.6;2076.9;2075.4;2075.5;257
20240306 163200;2075.5;2075.8;2074.4;2074.4;277
20240306 163300;2074.3;2074.4;2073.5;2073.6;280
20240306 163400;2073.5;2073.5;2071.3;2071.3;603
20240306 163500;2071.3;2072;2070.7;2071.9;440
20240306 163600;2071.8;2072.8;2071.2;2072.5;362
20240306 163700;2072.4;2074;2072.1;2073.6;309
20240306 163800;2073.7;2074;2073.3;2073.6;247
20240306 163900;2073.7;2075.3;2073.7;2074.7;320
20240306 164000;2074.7;2075.5;2074.3;2075.4;200
20240306 164100;2075.4;2076;2075.2;2076;302
20240306 164200;2076.1;2076.8;2075.7;2076.8;365
20240306 164300;2076.8;2078;2076.8;2077.9;524
20240306 164400;2077.8;2078.1;2075.6;2075.7;344
20240306 164500;2075.7;2076.8;2075.7;2076.7;120
20240306 164600;2076.7;2077.3;2076.2;2076.3;168
20240306 164700;2076.4;2076.7;2076;2076.4;133
20240306 164800;2076.3;2076.5;2075.7;2075.9;156
20240306 164900;2076;2076.9;2075.6;2076.9;200
20240306 165000;2077;2077.2;2076.3;2076.3;119
20240306 165100;2076.4;2078.1;2076.4;2077.2;261
20240306 165200;2077.3;2077.7;2076.7;2077.5;215
20240306 165300;2077.5;2077.9;2077.4;2077.9;149
20240306 165400;2077.9;2077.9;2077.4;2077.8;125
20240306 165500;2077.7;2078.2;2076.3;2076.7;592
20240306 165600;2076.6;2077.3;2075.6;2076;1200
20240306 165700;2076;2076;2073.8;2073.9;856
20240306 165800;2073.9;2074.3;2072.1;2072.3;824
20240306 165900;2072.3;2073.6;2072.1;2072.7;608
20240306 170000;2072.6;2073.2;2070.8;2071;582
20240306 170100;2071.2;2072.8;2071;2071.5;458
20240306 170200;2071.4;2071.7;2069.9;2071;480
20240306 170300;2071;2071.5;2070.5;2070.7;284
20240306 170400;2070.5;2071.1;2069.3;2069.4;288
20240306 170500;2069.3;2071.3;2069.2;2071.2;299
20240306 170600;2071.2;2072.2;2069.8;2070;340
20240306 170700;2070;2070.1;2068.9;2069.4;373
20240306 170800;2069.3;2069.7;2068.5;2069.3;306
20240306 170900;2069.1;2071;2069.1;2070.9;424
20240306 171000;2070.9;2071.3;2070.1;2070.7;314
20240306 171100;2070.7;2071.8;2070.6;2071.4;346
20240306 171200;2071.5;2072.2;2071;2072;380
20240306 171300;2072;2073.8;2072;2073.6;527
20240306 171400;2073.5;2073.7;2072.5;2073.3;318
20240306 171500;2073.3;2074.1;2073.1;2074.1;273
20240306 171600;2073.9;2074.9;2073.8;2074.6;382
20240306 171700;2074.7;2074.8;2073.5;2074.5;253
20240306 171800;2074.7;2075.6;2074.5;2075.3;375
20240306 171900;2075.3;2076.2;2075;2076.1;262
20240306 172000;2076.1;2076.6;2075.7;2076.4;240
20240306 172100;2076.5;2076.7;2075.7;2076.1;206
20240306 172200;2076.2;2077.5;2076.1;2077.4;281
20240306 172300;2077.5;2077.5;2075.9;2076.4;372
20240306 172400;2076.2;2076.5;2075.6;2076.3;161
20240306 172500;2076.3;2076.4;2075.2;2075.3;136
20240306 172600;2075.4;2076.4;2075.3;2076.3;195
20240306 172700;2076.2;2077.1;2076.2;2076.7;198
20240306 172800;2076.7;2077;2076.1;2076.4;148
20240306 172900;2076.5;2076.8;2075.9;2076.5;167
20240306 173000;2076.3;2076.6;2075.8;2076.2;133
20240306 173100;2076.4;2076.4;2075.3;2075.8;158
20240306 173200;2075.9;2077;2075.8;2076.2;154
20240306 173300;2076.2;2076.6;2075.9;2076.4;137
20240306 173400;2076.5;2077;2076;2076.3;147
20240306 173500;2076.2;2076.9;2076.1;2076.4;95
20240306 173600;2076.3;2076.7;2076.1;2076.4;73
20240306 173700;2076.6;2077.6;2076.6;2077;363
20240306 173800;2077.2;2078.1;2077.2;2078.1;319
20240306 173900;2078.1;2078.5;2077.6;2077.7;324
20240306 174000;2077.6;2078.2;2077.2;2077.9;134
20240306 174100;2077.9;2078.2;2077.3;2077.6;129
20240306 174200;2077.5;2077.7;2076.8;2077;155
20240306 174300;2077.1;2077.4;2076.7;2076.8;135
20240306 174400;2076.9;2077.7;2076.8;2077.6;129
20240306 174500;2077.6;2078;2077.3;2077.4;96
20240306 174600;2077.4;2077.8;2076.7;2076.7;145
20240306 174700;2076.8;2076.9;2075.6;2075.7;223
20240306 174800;2075.6;2076.2;2075.3;2076.1;224
20240306 174900;2076.1;2076.4;2075.7;2076.4;90
20240306 175000;2076.2;2076.4;2075.6;2076.4;106
20240306 175100;2076.4;2077.1;2076.4;2076.5;120
20240306 175200;2076.4;2076.9;2076.2;2076.4;389
20240306 175300;2076.4;2076.7;2076;2076.1;189
20240306 175400;2076;2076.9;2076;2076.7;140
20240306 175500;2076.7;2076.7;2075.3;2075.5;215
20240306 175600;2075.5;2075.5;2074.2;2074.7;308
20240306 175700;2074.8;2075.2;2074.4;2075.1;116
20240306 175800;2075.2;2075.4;2074.4;2075;85
20240306 175900;2074.9;2075.5;2074.4;2074.9;144
20240306 180000;2074.9;2075.4;2074.9;2075.3;129
20240306 180100;2075.4;2075.4;2074.4;2074.4;157
20240306 180200;2074.5;2075.7;2074.3;2075;123
20240306 180300;2075.1;2076.1;2075.1;2075.8;145
20240306 180400;2075.6;2076;2075.5;2076;108
20240306 180500;2076.1;2076.5;2076;2076.4;120
20240306 180600;2076.4;2076.4;2074.9;2075.1;159
20240306 180700;2075.3;2075.3;2074.6;2074.7;131
20240306 180800;2074.5;2075;2074.2;2074.9;159
20240306 180900;2075;2075.3;2074.6;2074.6;94
20240306 181000;2074.7;2074.7;2074.2;2074.7;68
20240306 181100;2074.7;2075;2074.4;2074.6;82
20240306 181200;2074.5;2074.7;2074.1;2074.3;74
20240306 181300;2074.4;2074.6;2073.9;2074;110
20240306 181400;2074;2074.7;2073.9;2074.4;144
20240306 181500;2074.6;2074.9;2074.3;2074.8;148
20240306 181600;2074.9;2074.9;2074.4;2074.9;131
20240306 181700;2074.9;2075.1;2074.3;2074.3;137
20240306 181800;2074.4;2074.6;2073.9;2074.6;122
20240306 181900;2074.6;2075.4;2074.4;2075.1;149
20240306 182000;2075.2;2075.7;2075.1;2075.7;139
20240306 182100;2075.7;2076.2;2075.7;2076.2;177
20240306 182200;2076.3;2076.5;2075.8;2076.1;181
20240306 182300;2076;2076.8;2076;2076.6;90
20240306 182400;2076.5;2076.7;2076.3;2076.4;120
20240306 182500;2076.4;2076.6;2076.1;2076.5;80
20240306 182600;2076.4;2077.2;2076.4;2076.8;165
20240306 182700;2076.9;2076.9;2076.2;2076.3;114
20240306 182800;2076.4;2076.9;2076.4;2076.7;83
20240306 182900;2076.8;2077.6;2076.7;2077.5;154
20240306 183000;2077.4;2077.6;2077.1;2077.2;163
20240306 183100;2077.3;2077.4;2076.6;2076.9;102
20240306 183200;2076.9;2077;2076.2;2076.5;90
20240306 183300;2076.6;2076.6;2074.5;2074.5;260
20240306 183400;2074.4;2074.4;2067.7;2069.5;1474
20240306 183500;2069.6;2071.9;2069.3;2069.7;574
20240306 183600;2069.7;2070.7;2068.3;2068.9;415
20240306 183700;2068.8;2068.8;2066.6;2066.9;639
20240306 183800;2066.7;2067.8;2064.8;2067.5;635
20240306 183900;2067.5;2067.6;2065.5;2066.4;427
20240306 184000;2066.3;2069.4;2066.3;2069.4;420
20240306 184100;2069.5;2071.3;2069;2071.2;651
20240306 184200;2071.1;2071.9;2070.5;2070.9;487
20240306 184300;2071;2071.4;2070.5;2071.1;170
20240306 184400;2071.2;2071.4;2070.6;2071.4;126
20240306 184500;2071.5;2072.7;2070.8;2072.7;239
20240306 184600;2072.7;2072.9;2071.8;2071.9;173
20240306 184700;2072.1;2072.2;2069.9;2070;191
20240306 184800;2069.9;2070.2;2066.1;2067.3;648
20240306 184900;2067.3;2067.8;2064.1;2064.2;456
20240306 185000;2064.2;2065.3;2064.1;2064.2;310
20240306 185100;2064;2066;2062.8;2064.4;717
20240306 185200;2064.5;2064.7;2063.2;2064.4;243
20240306 185300;2064.2;2065.6;2063.6;2065.3;265
20240306 185400;2065.5;2067.1;2065.3;2066.5;360
20240306 185500;2066.3;2066.8;2065.4;2065.6;489
20240306 185600;2065.8;2067.2;2065.2;2066.7;242
20240306 185700;2066.3;2068.5;2066.2;2067.3;396
20240306 185800;2067.1;2068.5;2067.1;2067.8;104
20240306 185900;2068;2068.2;2067.4;2067.9;116
20240306 190000;2067.8;2069.4;2067.5;2068.9;244
20240306 190100;2068.6;2068.6;2066.2;2066.6;438
20240306 190200;2066.6;2067.2;2065.3;2066.4;185
20240306 190300;2066.7;2067;2064.8;2065.6;214
20240306 190400;2065.2;2065.7;2064;2065;254
20240306 190500;2064.8;2065.3;2063.4;2064.6;388
20240306 190600;2064.6;2069.9;2064.6;2069.7;1337
20240306 190700;2070;2071.6;2069.7;2070.8;1020
20240306 190800;2070.9;2071.1;2069.9;2070.3;557
20240306 190900;2070.4;2071.9;2070.4;2071;550
20240306 191000;2070.8;2073.5;2070.7;2072.6;530
20240306 191100;2072.7;2072.7;2069.5;2069.8;594
20240306 191200;2069.9;2070.5;2068.3;2068.5;646
20240306 191300;2068.4;2069.4;2068.3;2069.2;308
20240306 191400;2069.2;2071.5;2069.2;2071.3;335
20240306 191500;2071.3;2071.5;2066.3;2067.2;1140
20240306 191600;2067.3;2067.7;2063.5;2063.5;916
20240306 191700;2063.4;2065.6;2063.4;2064.7;677
20240306 191800;2064.7;2068.2;2064.7;2067.7;491
20240306 191900;2067.7;2069.1;2067.2;2068.6;314
20240306 192000;2068.6;2068.7;2067.4;2067.9;230
20240306 192100;2067.8;2069.8;2067.6;2069.2;378
20240306 192200;2069.3;2069.7;2068.5;2069.3;240
20240306 192300;2069.5;2070.3;2069.1;2069.7;244
20240306 192400;2069.8;2071.4;2069.8;2071.1;295
20240306 192500;2071;2072.1;2070.6;2071.8;248
20240306 192600;2071.7;2071.8;2069.3;2069.7;330
20240306 192700;2070.1;2072.3;2070.1;2072.3;271
20240306 192800;2072.4;2073.5;2072;2073.3;422
20240306 192900;2073.3;2074.4;2072.9;2074;358
20240306 193000;2073.9;2074.6;2073.3;2074.2;348
20240306 193100;2074.4;2075.4;2073.2;2073.7;382
20240306 193200;2073.8;2074;2072.6;2073.5;350
20240306 193300;2073.5;2073.5;2070.9;2071.5;872
20240306 193400;2071.8;2073.3;2071.8;2072.4;222
20240306 193500;2072.5;2072.8;2071.3;2072.6;209
20240306 193600;2072.7;2072.7;2070.6;2072.3;229
20240306 193700;2072.1;2073.7;2072.1;2073.6;141
20240306 193800;2073.6;2074.3;2073.3;2074;224
20240306 193900;2074;2074.4;2072.9;2073;130
20240306 194000;2073;2073.8;2072.2;2072.3;163
20240306 194100;2072.2;2072.3;2070.8;2072.3;263
20240306 194200;2072.2;2073.8;2071.4;2073.7;163
20240306 194300;2073.5;2074.6;2072.9;2072.9;450
20240306 194400;2072.9;2073.1;2072.1;2072.9;105
20240306 194500;2072.8;2073.8;2072.8;2073;176
20240306 194600;2073;2073.2;2070.2;2070.2;289
20240306 194700;2070.1;2071.5;2069.5;2071.4;316
20240306 194800;2071.5;2071.6;2068.4;2069.2;262
20240306 194900;2069.2;2071.4;2069.1;2071.2;216
20240306 195000;2071.2;2071.5;2070;2070.6;159
20240306 195100;2070.4;2072.6;2070.1;2072.5;181
20240306 195200;2072.5;2073.2;2072.2;2072.9;227
20240306 195300;2072.9;2073.7;2071.7;2071.7;397
20240306 195400;2071.8;2072.6;2071.4;2072;89
20240306 195500;2072.1;2072.6;2071.7;2072.5;75
20240306 195600;2072.5;2072.6;2070.7;2070.9;111
20240306 195700;2070.9;2072;2070.8;2071.8;125
20240306 195800;2071.8;2072.7;2069.9;2070;369
20240306 195900;2069.9;2070.3;2068.4;2070.2;543
20240306 200000;2070.1;2070.5;2068.9;2069.9;290
20240306 200100;2069.7;2069.8;2068.5;2068.8;322
20240306 200200;2068.7;2070.3;2068.5;2069;233
20240306 200300;2069;2071;2068.1;2070.7;260
20240306 200400;2070.6;2071.3;2069.7;2071.2;166
20240306 200500;2071.1;2072.4;2071;2072.2;357
20240306 200600;2072.2;2072.2;2071.4;2072.1;190
20240306 200700;2072.1;2073.4;2071.9;2073.2;247
20240306 200800;2073.2;2073.2;2071.5;2072.1;253
20240306 200900;2072.2;2072.3;2070.4;2071.7;284
20240306 201000;2071.8;2072.3;2070.8;2072.3;140
20240306 201100;2072.2;2073;2071.6;2072.3;167
20240306 201200;2072.3;2073.2;2071.9;2073.2;198
20240306 201300;2073.2;2073.9;2072.5;2073.8;281
20240306 201400;2073.9;2074;2071.5;2071.5;242
20240306 201500;2071.7;2072.1;2068.4;2069.3;569
20240306 201600;2069.5;2071.8;2069.5;2071.6;270
20240306 201700;2071.4;2072;2070.6;2071.9;171
20240306 201800;2071.7;2072;2070.7;2072;117
20240306 201900;2072;2072.5;2070.3;2070.3;157
20240306 202000;2070.3;2071.2;2070.2;2070.5;113
20240306 202100;2070.4;2070.9;2069.6;2070.1;212
20240306 202200;2070;2070.1;2068.4;2068.5;198
20240306 202300;2068.4;2068.9;2067.2;2067.7;306
20240306 202400;2067.6;2068.2;2066.8;2067.6;282
20240306 202500;2067.6;2067.7;2066.4;2067.5;245
20240306 202600;2067.3;2068.5;2066.8;2068.2;248
20240306 202700;2068.2;2068.8;2067.3;2067.3;190
20240306 202800;2067.3;2068.4;2067;2068.3;127
20240306 202900;2068.3;2068.5;2067.3;2068.3;151
20240306 203000;2068.5;2069.5;2068.5;2069.1;306
20240306 203100;2069.4;2070.2;2067.9;2068.3;347
20240306 203200;2068.3;2068.8;2067.9;2068;128
20240306 203300;2068.1;2068.7;2067;2067;132
20240306 203400;2067.1;2067.7;2066.3;2066.9;258
20240306 203500;2066.9;2067;2065.3;2065.4;312
20240306 203600;2065.5;2065.5;2063.2;2063.3;480
20240306 203700;2063.3;2063.6;2062.5;2062.6;321
20240306 203800;2062.6;2063.8;2061.9;2063.3;361
20240306 203900;2063.2;2063.7;2062.2;2063.7;403
20240306 204000;2063.6;2066.2;2063.6;2066.1;457
20240306 204100;2066;2067.8;2065.9;2067.6;486
20240306 204200;2067.6;2068.7;2067.5;2068.5;504
20240306 204300;2068.5;2068.8;2067.7;2067.9;272
20240306 204400;2068;2068.3;2066.9;2068;247
20240306 204500;2067.8;2068.6;2067.5;2068.3;225
20240306 204600;2068.4;2069.4;2067.6;2069.2;317
20240306 204700;2069.2;2069.8;2068.7;2069.7;300
20240306 204800;2069.6;2070.5;2069.3;2070.1;381
20240306 204900;2070.1;2070.2;2068.8;2069.8;292
20240306 205000;2069.8;2069.8;2068.6;2069.1;314
20240306 205100;2069.2;2069.2;2066.2;2067;822
20240306 205200;2067.2;2068.7;2066.8;2068.3;340
20240306 205300;2068.4;2068.9;2066.3;2066.4;288
20240306 205400;2066.4;2066.6;2065.5;2066.4;343
20240306 205500;2066.5;2069.1;2066.3;2069.1;415
20240306 205600;2069.2;2070.8;2069.1;2069.4;737
20240306 205700;2069.5;2069.7;2068.7;2069;641
20240306 205800;2068.9;2069.7;2068.5;2069.1;661
20240306 205900;2069.1;2069.9;2069;2069.8;1165
20240306 210000;2069.8;2070.5;2068;2069.9;7965
20240306 210100;2070;2071.2;2069.3;2071.1;2360
20240306 210200;2071.1;2071.5;2070.9;2071;785
20240306 210300;2071;2071.6;2070.4;2070.6;324
20240306 210400;2070.6;2071;2070.6;2070.7;173
20240306 210500;2070.7;2070.8;2070.4;2070.6;104
20240306 210600;2070.6;2071.1;2070.5;2071.1;128
20240306 210700;2071;2071;2070.7;2070.8;103
20240306 210800;2070.9;2071;2070.5;2070.5;79
20240306 210900;2070.6;2070.9;2070.5;2070.8;134
20240306 211000;2070.8;2070.9;2070.5;2070.7;116
20240306 211100;2070.7;2070.7;2070.5;2070.5;40
20240306 211200;2070.4;2070.6;2070.3;2070.4;78
20240306 211300;2070.3;2070.7;2070.2;2070.5;152
20240306 211400;2070.6;2070.6;2070;2070.5;179
20240306 211500;2070.5;2070.7;2070.4;2070.5;141
20240306 211600;2070.5;2070.6;2070.3;2070.6;51
20240306 211700;2070.6;2070.8;2070.5;2070.8;26
20240306 211800;2070.7;2070.9;2070.7;2070.9;46
20240306 211900;2070.9;2070.9;2070.8;2070.8;105
20240306 212000;2070.8;2070.9;2070.7;2070.9;82
20240306 212100;2070.9;2070.9;2070.8;2070.8;89
20240306 212200;2070.9;2070.9;2070.5;2070.8;121
20240306 212300;2070.9;2070.9;2070.8;2070.8;44
20240306 212400;2070.8;2070.8;2070.3;2070.6;76
20240306 212500;2070.5;2070.6;2070.3;2070.6;61
20240306 212600;2070.6;2070.7;2070.4;2070.5;61
20240306 212700;2070.4;2070.5;2070.3;2070.4;22
20240306 212800;2070.3;2070.4;2070.2;2070.2;91
20240306 212900;2070.1;2070.2;2070;2070.1;102
20240306 213000;2070.1;2070.1;2069.7;2069.8;155
20240306 213100;2069.8;2070.1;2069.8;2070.1;39
20240306 213200;2070.1;2070.4;2070.1;2070.2;63
20240306 213300;2070.1;2070.1;2070;2070;22
20240306 213400;2070.1;2070.2;2070.1;2070.2;14
20240306 213500;2070.4;2070.6;2070.4;2070.5;15
20240306 213600;2070.4;2070.5;2070.3;2070.3;11
20240306 213700;2070.4;2070.4;2070.4;2070.4;9
20240306 213800;2070.4;2070.7;2070.4;2070.7;14
20240306 213900;2070.8;2070.9;2070.8;2070.8;28
20240306 214000;2070.8;2070.8;2070.7;2070.8;3
20240306 214100;2070.9;2070.9;2070.8;2070.8;21
20240306 214200;2070.9;2070.9;2070.8;2070.8;12
20240306 214300;2070.9;2070.9;2070.8;2070.9;10
20240306 214400;2070.9;2071;2070.9;2071;3
20240306 214500;2070.9;2071;2070.9;2071;26
20240306 214600;2071;2071.1;2070.9;2070.9;62
20240306 214700;2070.9;2070.9;2070.5;2070.6;16
20240306 214800;2070.5;2070.6;2070.5;2070.5;12
20240306 214900;2070.6;2070.6;2070.3;2070.3;28
20240306 215000;2070.2;2070.3;2070.1;2070.3;19
20240306 215100;2070.5;2070.7;2070.3;2070.3;31
20240306 215200;2070.2;2070.2;2070.2;2070.2;3
20240306 215300;2070.3;2070.7;2070.3;2070.6;132
20240306 215400;2070.7;2070.7;2070.4;2070.4;8
20240306 215500;2070.4;2070.4;2070.1;2070.2;38
20240306 215600;2070.2;2070.3;2070.2;2070.3;12
20240306 215700;2070.1;2070.2;2070;2070.2;20
20240306 215800;2070.2;2070.2;2070;2070.1;50
20240306 215900;2070.2;2070.2;2070.2;2070.2;3
20240306 220000;2070.2;2070.6;2070.2;2070.6;36
20240306 230100;2070.6;2070.6;2069.3;2069.8;52
20240306 230200;2070.2;2070.3;2069.8;2070;13
20240306 230300;2070;2070;2069.8;2069.8;11
20240306 230400;2069.8;2069.8;2069.1;2069.1;10
20240306 230500;2069.1;2069.2;2068.9;2068.9;12
20240306 230600;2068.9;2069;2068.8;2068.9;12
20240306 230700;2069;2069;2068.6;2068.8;16
20240306 230800;2068.9;2069.3;2068.8;2069.3;12
20240306 230900;2069.1;2069.3;2069;2069.2;23
20240306 231000;2069.1;2069.5;2069.1;2069.3;11
20240306 231100;2069.3;2069.3;2069;2069;29
20240306 231200;2069.2;2069.3;2068.8;2068.8;15
20240306 231300;2068.8;2069.1;2068.8;2069;14
20240306 231400;2068.8;2069;2068.6;2068.6;16
20240306 231500;2068.6;2068.8;2068.6;2068.6;14
20240306 231600;2068.4;2068.4;2068.1;2068.2;24
20240306 231700;2068.4;2068.4;2068.1;2068.4;23
20240306 231800;2068.5;2068.5;2068;2068;30
20240306 231900;2068.2;2068.3;2068.1;2068.1;12
20240306 232000;2068.1;2068.3;2067.7;2068;33
20240306 232100;2067.8;2068;2067.8;2067.8;20
20240306 232200;2067.8;2067.9;2067.6;2067.8;17
20240306 232300;2067.7;2067.7;2067.5;2067.6;24
20240306 232400;2067.6;2067.7;2067.5;2067.5;13
20240306 232500;2067.4;2067.8;2067.4;2067.7;35
20240306 232600;2067.8;2068.1;2067.8;2068;37
20240306 232700;2067.9;2068;2067.8;2067.9;18
20240306 232800;2067.7;2067.9;2067.7;2067.8;18
20240306 232900;2067.7;2068;2067.7;2068;24
20240306 233000;2068.1;2068.3;2068;2068;62
20240306 233100;2068.1;2068.2;2068;2068.1;20
20240306 233200;2068.1;2068.4;2068.1;2068.4;11
20240306 233300;2068.3;2068.3;2068.1;2068.1;9
20240306 233400;2068.3;2068.3;2068;2068;14
20240306 233500;2068;2068.2;2067.8;2067.8;25
20240306 233600;2067.6;2067.8;2067.4;2067.5;37
20240306 233700;2067.5;2067.6;2067.3;2067.4;36
20240306 233800;2067.3;2067.6;2067.3;2067.4;37
20240306 233900;2067.4;2067.4;2067;2067.1;35
20240306 234000;2067;2067;2066.7;2066.8;39
20240306 234100;2066.9;2066.9;2066.6;2066.6;39
20240306 234200;2066.7;2066.8;2066.5;2066.6;38
20240306 234300;2066.6;2066.7;2066.4;2066.4;40
20240306 234400;2066.5;2066.5;2066.2;2066.2;36
20240306 234500;2066.2;2066.5;2066.1;2066.4;34
20240306 234600;2066.4;2066.7;2066.3;2066.7;55
20240306 234700;2066.6;2066.7;2066.3;2066.3;46
20240306 234800;2066.4;2066.7;2066.4;2066.6;36
20240306 234900;2066.6;2066.7;2066.5;2066.7;49
20240306 235000;2066.8;2066.8;2066;2066.1;31
20240306 235100;2066.2;2066.5;2066.1;2066.5;25
20240306 235200;2066.6;2066.8;2066.6;2066.8;15
20240306 235300;2066.9;2067.3;2066.9;2067.3;16
20240306 235400;2067.4;2067.4;2067.1;2067.1;16
20240306 235500;2067.1;2067.1;2066.4;2066.5;28
20240306 235600;2066.5;2066.5;2066;2066.1;23
20240306 235700;2066.1;2066.2;2065.7;2065.9;62
20240306 235800;2066;2066;2065.6;2065.6;36
20240306 235900;2065.7;2065.7;2064.9;2064.9;145
20240307 000000;2064.9;2065;2064.4;2064.4;42
20240307 000100;2064.6;2064.6;2063.9;2064.2;64
20240307 000200;2064.3;2065.4;2064.3;2065.4;17
20240307 000300;2065.5;2066.1;2065.5;2065.9;15
20240307 000400;2065.9;2066.2;2065.9;2066.2;13
20240307 000500;2066.3;2066.5;2066.3;2066.5;11
20240307 000600;2066.5;2066.5;2066.2;2066.2;11
20240307 000700;2066.2;2066.3;2065.9;2065.9;14
20240307 000800;2065.9;2066.2;2065.6;2065.6;31
20240307 000900;2065.7;2066;2065.6;2065.8;41
20240307 001000;2065.9;2066;2065.3;2065.3;73
20240307 001100;2065.5;2065.5;2064.9;2065;52
20240307 001200;2064.9;2065.4;2064.9;2065.3;28
20240307 001300;2065.2;2065.4;2064.9;2064.9;30
20240307 001400;2064.9;2065.1;2064.9;2065;7
20240307 001500;2065;2065;2064.9;2064.9;5
20240307 001600;2064.8;2065;2064.6;2064.9;20
20240307 001700;2064.8;2064.9;2064.5;2064.5;29
20240307 001800;2064.8;2064.9;2064.7;2064.9;15
20240307 001900;2065.2;2065.3;2065.2;2065.3;6
20240307 002000;2065.2;2065.2;2064.7;2064.8;10
20240307 002100;2064.8;2064.9;2064.5;2064.6;10
20240307 002200;2064.5;2064.6;2064.1;2064.1;20
20240307 002300;2064;2064.2;2063.9;2064.1;10
20240307 002400;2064.2;2064.2;2063.5;2063.9;24
20240307 002500;2064;2064.1;2063.8;2063.9;8
20240307 002600;2063.8;2063.8;2063.6;2063.6;3
20240307 002700;2063.7;2063.7;2063.3;2063.6;12
20240307 002800;2063.8;2063.8;2063.8;2063.8;1
20240307 002900;2063.9;2063.9;2063.7;2063.8;4
20240307 003000;2063.5;2063.7;2063.5;2063.7;8
20240307 003100;2063.4;2063.4;2062.7;2063.4;32
20240307 003200;2063.3;2063.4;2062.9;2063.3;21
20240307 003300;2063.2;2063.7;2062.9;2063.7;24
20240307 003400;2063.6;2063.6;2063.4;2063.6;10
20240307 003500;2063.5;2063.5;2063.2;2063.3;11
20240307 003600;2063.5;2063.5;2063.3;2063.3;3
20240307 003700;2063.5;2063.7;2063.5;2063.6;33
20240307 003800;2063.5;2063.5;2063.5;2063.5;2
20240307 003900;2063.6;2063.7;2063.6;2063.7;12
20240307 004000;2063.7;2064;2063.4;2063.5;93
20240307 004100;2063.6;2063.6;2063.1;2063.5;44
20240307 004200;2063.5;2063.5;2063.5;2063.5;1
20240307 004300;2063.6;2063.6;2063.6;2063.6;2
20240307 004400;2063.3;2063.4;2063.2;2063.3;5
20240307 004500;2063.2;2063.5;2063.1;2063.4;14
20240307 004600;2063.3;2063.4;2063.1;2063.4;10
20240307 004700;2063.5;2063.7;2062.9;2063;33
20240307 004800;2062.8;2062.9;2062.5;2062.7;37
20240307 004900;2062.7;2062.9;2062.5;2062.8;16
20240307 005000;2062.8;2063;2062.5;2062.5;24
20240307 005100;2062.5;2062.7;2062.3;2062.7;65
20240307 005200;2062.6;2063.3;2062.6;2063.3;17
20240307 005300;2063.3;2063.4;2063.2;2063.2;9
20240307 005400;2063.3;2063.3;2063.2;2063.2;4
20240307 005500;2063.1;2063.3;2063.1;2063.3;4
20240307 005600;2063.4;2063.4;2063;2063.1;14
20240307 005700;2063.1;2063.2;2062.9;2063.2;43
20240307 005800;2063.1;2063.4;2063.1;2063.4;25
20240307 005900;2063.3;2063.4;2063.2;2063.3;13
20240307 010000;2063.2;2063.3;2062.7;2063;54
20240307 010100;2063;2063;2062;2062;61
20240307 010200;2061.9;2063.5;2061.9;2062.7;82
20240307 010300;2062.3;2062.6;2062;2062;23
20240307 010400;2062.1;2062.9;2062.1;2062.3;22
20240307 010500;2062.1;2062.1;2061.4;2061.4;41
20240307 010600;2061.4;2061.4;2060.1;2060.3;121
20240307 010700;2060.5;2061.3;2060.2;2061;153
20240307 010800;2061.4;2061.8;2061.3;2061.8;20
20240307 010900;2061.2;2062;2061.2;2061.8;10
20240307 011000;2062;2062.2;2061.9;2062;10
20240307 011100;2061.9;2061.9;2061.4;2061.6;30
20240307 011200;2061.7;2061.9;2061.7;2061.9;4
20240307 011300;2062;2062.1;2061.8;2061.8;15
20240307 011400;2061.9;2062.3;2061.8;2062.3;36
20240307 011500;2062.1;2063.2;2062.1;2063.2;39
20240307 011600;2063.1;2063.6;2062.9;2063.5;67
20240307 011700;2063.5;2064.4;2063.5;2064;148
20240307 011800;2064.1;2064.7;2064.1;2064.3;21
20240307 011900;2064.2;2064.5;2064.2;2064.5;10
20240307 012000;2064.6;2064.6;2063.9;2063.9;14
20240307 012100;2063.9;2064.3;2063.8;2064.3;21
20240307 012200;2064.3;2064.6;2064.3;2064.4;26
20240307 012300;2064.3;2064.6;2064.2;2064.2;10
20240307 012400;2064.1;2064.1;2063.6;2063.8;24
20240307 012500;2063.8;2064.1;2063.8;2064;23
20240307 012600;2064;2064.3;2064;2064.3;8
20240307 012700;2064.3;2064.3;2064.3;2064.3;1
20240307 012800;2064.3;2064.6;2064.2;2064.5;13
20240307 012900;2064.3;2064.4;2064;2064.3;13
20240307 013000;2064.2;2064.2;2064;2064;4
20240307 013100;2063.9;2064.7;2063.9;2064.5;23
20240307 013200;2064.4;2064.4;2064;2064;11
20240307 013300;2064.2;2064.2;2063.6;2063.6;20
20240307 013400;2063.7;2064.1;2063.6;2064.1;13
20240307 013500;2064.3;2064.4;2064;2064.1;14
20240307 013600;2064;2064;2063.2;2063.4;20
20240307 013700;2063.2;2063.2;2062.9;2062.9;6
20240307 013800;2062.9;2063;2062.3;2062.6;24
20240307 013900;2062.4;2062.7;2061.9;2062.3;16
20240307 014000;2062.4;2062.8;2062.4;2062.8;11
20240307 014200;2062.7;2062.7;2062.3;2062.3;4
20240307 014300;2062.4;2062.4;2062.1;2062.3;11
20240307 014400;2062.3;2062.7;2062.3;2062.6;6
20240307 014500;2062.6;2062.6;2062.6;2062.6;3
20240307 014600;2062.4;2062.7;2062.4;2062.7;7
20240307 014700;2062.5;2062.5;2062.2;2062.4;10
20240307 014800;2062.4;2062.4;2061.8;2061.9;13
20240307 014900;2062;2062;2062;2062;1
20240307 015000;2061.5;2061.6;2061.3;2061.6;11
20240307 015100;2061.7;2062.1;2061.6;2061.9;5
20240307 015200;2061.8;2062.2;2061.8;2062.2;4
20240307 015300;2061.4;2061.4;2061.1;2061.1;7
20240307 015400;2061.1;2061.1;2060.6;2060.7;19
20240307 015500;2060.6;2060.7;2060.4;2060.6;20
20240307 015600;2060.3;2060.6;2060.2;2060.4;58
20240307 015700;2060.5;2060.5;2060.3;2060.3;9
20240307 015800;2060.3;2060.5;2060.1;2060.1;23
20240307 015900;2060;2060;2059.3;2059.5;63
20240307 020000;2059.6;2059.9;2059.4;2059.7;11
20240307 020100;2059.7;2060.2;2059.6;2060.2;41
20240307 020200;2060.1;2060.5;2060.1;2060.5;14
20240307 020300;2060.6;2060.6;2060.3;2060.4;23
20240307 020400;2060.4;2060.4;2060.4;2060.4;5
20240307 020500;2060.2;2060.3;2060;2060.2;18
20240307 020600;2060.1;2060.4;2060.1;2060.2;11
20240307 020700;2060.2;2060.2;2060.2;2060.2;2
20240307 020800;2060.2;2060.2;2060.2;2060.2;2
20240307 020900;2060.2;2060.2;2059.8;2059.8;15
20240307 021000;2059.7;2059.8;2059.2;2059.4;42
20240307 021100;2059.2;2059.5;2059;2059.4;32
20240307 021200;2059.4;2059.4;2058.8;2059.1;29
20240307 021300;2059.2;2059.4;2058.9;2059.4;10
20240307 021400;2059.5;2060;2059.5;2059.6;49
20240307 021500;2059.5;2059.5;2059;2059.2;11
20240307 021600;2059.2;2059.8;2059.2;2059.8;9
20240307 021700;2059.4;2059.9;2059.4;2059.7;9
20240307 021800;2059.7;2059.7;2059.5;2059.5;4
20240307 021900;2059.7;2059.8;2059.7;2059.8;5
20240307 022000;2059.7;2059.8;2059.7;2059.8;5
20240307 022100;2059.8;2059.8;2059.5;2059.6;12
20240307 022200;2059.6;2059.6;2059;2059.2;24
20240307 022300;2059.1;2059.1;2058.6;2058.8;40
20240307 022400;2058.8;2058.9;2058.2;2058.3;34
20240307 022500;2058.3;2058.3;2057.3;2057.5;73
20240307 022600;2057.5;2058.4;2057.3;2058.1;25
20240307 022700;2058;2058.2;2058;2058.2;4
20240307 022800;2058.4;2058.5;2057.8;2057.9;24
20240307 022900;2057.7;2057.9;2057.5;2057.8;17
20240307 023000;2057.8;2058;2057.7;2057.7;18
20240307 023100;2057.5;2058;2057.4;2057.9;16
20240307 023200;2057.8;2058.5;2057.7;2058.5;37
20240307 023300;2058.5;2058.5;2057.9;2058.4;13
20240307 023400;2058.2;2058.5;2058.2;2058.2;10
20240307 023500;2058;2058.3;2057.9;2058.2;13
20240307 023600;2058.2;2058.8;2058.2;2058.6;18
20240307 023700;2058.5;2058.7;2058.5;2058.7;2
20240307 023800;2058.5;2058.5;2058.1;2058.1;17
20240307 023900;2058.1;2058.2;2058.1;2058.2;4
20240307 024000;2058;2058.4;2057.9;2058.3;9
20240307 024100;2058.2;2058.5;2058.2;2058.5;2
20240307 024200;2058.4;2058.6;2058.3;2058.3;17
20240307 024400;2058.1;2058.6;2058.1;2058.4;22
20240307 024500;2058.7;2058.9;2058.7;2058.8;12
20240307 024600;2058.5;2058.9;2058.5;2058.5;21
20240307 024700;2058.5;2059;2058.4;2058.9;21
20240307 024800;2058.7;2058.8;2058.5;2058.7;21
20240307 024900;2058.6;2058.8;2058.6;2058.8;4
20240307 025000;2058.8;2058.8;2058.8;2058.8;1
20240307 025100;2058.6;2058.8;2058.6;2058.8;5
20240307 025200;2058.9;2058.9;2058.8;2058.9;6
20240307 025300;2059.1;2059.4;2059.1;2059.4;8
20240307 025400;2059.4;2059.4;2059;2059;8
20240307 025500;2059.1;2059.1;2059;2059;7
20240307 025600;2059;2059.3;2059;2059.3;10
20240307 025700;2059.2;2059.2;2059.1;2059.1;4
20240307 025800;2058.9;2058.9;2058.9;2058.9;1
20240307 025900;2059;2059;2058.8;2058.8;5
20240307 030000;2058.6;2058.9;2058.6;2058.7;11
20240307 030100;2058.7;2059.1;2058.7;2059;6
20240307 030200;2059;2059.1;2059;2059.1;2
20240307 030300;2059;2059.2;2059;2059.2;6
20240307 030400;2058.8;2058.8;2058.5;2058.7;6
20240307 030500;2058.8;2059;2058.8;2059;7
20240307 030600;2058.9;2059.4;2058.9;2059.4;8
20240307 030700;2059.4;2059.4;2059.2;2059.2;3
20240307 030800;2059.1;2059.1;2059.1;2059.1;1
20240307 030900;2059.1;2059.1;2059.1;2059.1;1
20240307 031000;2059;2059.1;2059;2059.1;2
20240307 031100;2059.2;2059.5;2059.2;2059.5;7
20240307 031200;2059.6;2059.7;2059.5;2059.6;8
20240307 031300;2059.4;2059.8;2059.4;2059.8;12
20240307 031400;2059.8;2060.1;2059.8;2060;31
20240307 031500;2060;2060.3;2060;2060;5
20240307 031600;2060.1;2060.1;2059.9;2060;3
20240307 031700;2060;2060;2060;2060;2
20240307 031800;2060.1;2060.1;2060.1;2060.1;1
20240307 031900;2060.3;2060.4;2060;2060;13
20240307 032000;2059.8;2059.9;2059.8;2059.9;3
20240307 032100;2059.8;2059.8;2059.5;2059.6;3
20240307 032200;2059.5;2059.5;2059.4;2059.4;6
20240307 032300;2059.2;2059.2;2058.8;2058.8;22
20240307 032400;2058.7;2059.2;2058.6;2059.2;10
20240307 032500;2059;2059;2058.9;2059;7
20240307 032600;2059.5;2059.5;2059.4;2059.4;2
20240307 032800;2059.4;2059.4;2059.4;2059.4;1
20240307 032900;2059.3;2059.4;2059.2;2059.2;3
20240307 033000;2059.2;2059.4;2059.2;2059.2;5
20240307 033100;2059.1;2059.6;2059.1;2059.6;4
20240307 033200;2059.6;2059.6;2059.6;2059.6;2
20240307 033300;2059.6;2059.7;2059.6;2059.7;2
20240307 033400;2059.8;2059.8;2059.8;2059.8;1
20240307 033500;2059.6;2059.6;2059.6;2059.6;1
20240307 033600;2059.2;2059.2;2059.1;2059.1;5
20240307 033700;2059.2;2059.4;2059.2;2059.4;4
20240307 033800;2059.3;2059.3;2059.2;2059.2;6
20240307 033900;2059.2;2059.4;2059;2059.4;6
20240307 034000;2059.6;2059.7;2059.6;2059.7;2
20240307 034100;2059.8;2060.1;2059.8;2060.1;8
20240307 034200;2060.1;2060.4;2060.1;2060.3;11
20240307 034300;2060.4;2060.4;2060.2;2060.2;2
20240307 034400;2060.2;2060.2;2060.1;2060.1;3
20240307 034500;2060.2;2060.2;2060.2;2060.2;1
20240307 034600;2060.2;2060.2;2060;2060;7
20240307 034700;2060;2060;2059.8;2059.9;7
20240307 034900;2060.1;2060.1;2060.1;2060.1;1
20240307 035000;2060.4;2060.4;2060.2;2060.2;7
20240307 035100;2060.5;2060.9;2060.5;2060.9;18
20240307 035200;2060.7;2061.3;2060.7;2061.3;5
20240307 035300;2061.1;2061.1;2060.9;2060.9;5
20240307 035400;2061.1;2061.3;2061.1;2061.3;9
20240307 035500;2061.3;2061.3;2061.1;2061.2;6
20240307 035600;2061.2;2061.5;2061.2;2061.5;8
20240307 035700;2061.3;2061.6;2061.3;2061.4;10
20240307 035800;2061.4;2061.6;2061.4;2061.6;4
20240307 035900;2061.6;2061.6;2061.3;2061.5;6
20240307 040000;2061.6;2062.3;2061.6;2061.9;72
20240307 040100;2061.9;2062.4;2061.9;2062.2;33
20240307 040200;2062.2;2062.5;2062.2;2062.5;23
20240307 040300;2062.4;2062.5;2062.3;2062.3;27
20240307 040400;2062.3;2062.3;2062;2062.1;6
20240307 040500;2061.8;2061.8;2061.8;2061.8;2
20240307 040600;2061.4;2061.5;2061.4;2061.4;8
20240307 040700;2061.4;2061.4;2061.1;2061.1;7
20240307 040800;2061.1;2061.1;2060.9;2060.9;6
20240307 040900;2061;2061.1;2061;2061;3
20240307 041000;2061;2061.1;2060.9;2060.9;10
20240307 041100;2060.8;2060.8;2060.7;2060.8;8
20240307 041200;2060.9;2060.9;2060.9;2060.9;1
20240307 041300;2060.7;2060.7;2060.7;2060.7;1
20240307 041500;2060.6;2060.9;2060.5;2060.7;6
20240307 041600;2060.8;2061.3;2060.8;2061.1;30
20240307 041700;2061.1;2061.2;2061;2061;3
20240307 041800;2060.9;2061;2060.9;2061;3
20240307 041900;2060.9;2060.9;2060.9;2060.9;3
20240307 042000;2060.9;2061.1;2060.9;2061.1;4
20240307 042100;2061;2061;2061;2061;1
20240307 042200;2061;2061;2060.9;2060.9;2
20240307 042400;2061;2061.4;2061;2061.4;3
20240307 042600;2061.3;2061.4;2061.2;2061.2;11
20240307 042700;2061.4;2061.4;2061.4;2061.4;1
20240307 042800;2061.5;2061.5;2061.5;2061.5;5
20240307 042900;2061.7;2061.7;2061.6;2061.6;2
20240307 043000;2061.6;2061.9;2061.6;2061.9;4
20240307 043100;2061.9;2062.3;2061.9;2062.3;10
20240307 043200;2062.1;2062.1;2061.9;2061.9;10
20240307 043300;2061.9;2061.9;2061.7;2061.7;2
20240307 043400;2062;2062;2061.9;2061.9;3
20240307 043500;2061.9;2061.9;2061.8;2061.8;3
20240307 043600;2061.8;2061.9;2061.7;2061.7;7
20240307 043700;2061.7;2061.7;2061.6;2061.6;4
20240307 043800;2061.5;2061.5;2061.5;2061.5;1
20240307 043900;2061.8;2061.8;2061.8;2061.8;3
20240307 044000;2061.8;2061.9;2061.7;2061.7;4
20240307 044100;2061.7;2062.1;2061.7;2062.1;6
20240307 044200;2062.1;2062.4;2062.1;2062.4;13
20240307 044300;2062.2;2062.6;2062.2;2062.4;11
20240307 044400;2062.4;2062.6;2062.4;2062.5;6
20240307 044500;2062.5;2062.5;2062.4;2062.4;17
20240307 044600;2062.5;2062.5;2062.4;2062.4;7
20240307 044700;2062.5;2062.5;2062.4;2062.4;3
20240307 044800;2062.4;2062.4;2062.4;2062.4;2
20240307 045000;2062.4;2062.4;2062.4;2062.4;2
20240307 045100;2062.7;2062.8;2062.7;2062.7;13
20240307 045200;2062.6;2062.7;2062.6;2062.7;9
20240307 045300;2062.7;2062.7;2062.6;2062.6;7
20240307 045400;2062.5;2062.6;2062.4;2062.4;3
20240307 045500;2062.5;2062.5;2062.4;2062.4;3
20240307 045600;2062.6;2062.6;2062.6;2062.6;1
20240307 045700;2062.7;2062.7;2062.5;2062.6;4
20240307 045800;2062.6;2062.7;2062.6;2062.6;5
20240307 045900;2062.4;2062.4;2062.4;2062.4;3
20240307 050000;2062.3;2062.3;2062.3;2062.3;5
20240307 050100;2062.4;2062.6;2062.4;2062.6;9
20240307 050200;2062.7;2062.7;2062.5;2062.5;7
20240307 050300;2062.3;2062.9;2062.3;2062.9;13
20240307 050400;2063;2063.1;2062.9;2063;21
20240307 050500;2062.8;2062.8;2062.6;2062.6;4
20240307 050600;2062.8;2062.8;2062.5;2062.7;6
20240307 050700;2062.6;2062.6;2062.6;2062.6;4
20240307 050800;2063;2063.1;2063;2063.1;4
20240307 050900;2063.2;2063.2;2063.1;2063.1;7
20240307 051000;2063.1;2063.1;2063;2063;4
20240307 051100;2063;2063.1;2063;2063.1;5
20240307 051200;2063;2063.1;2063;2063;6
20240307 051300;2063.2;2063.3;2063;2063;7
20240307 051400;2063.1;2063.4;2063.1;2063.4;5
20240307 051500;2063.5;2063.5;2063.5;2063.5;7
20240307 051600;2063.5;2063.5;2063.3;2063.3;7
20240307 051800;2063.5;2063.5;2063.4;2063.4;3
20240307 051900;2063.7;2063.7;2063.7;2063.7;1
20240307 052000;2063.8;2063.9;2063.6;2063.9;10
20240307 052100;2063.8;2063.8;2063.6;2063.8;5
20240307 052200;2063.9;2063.9;2063.9;2063.9;3
20240307 052300;2064;2064.2;2064;2064.2;15
20240307 052400;2064.1;2064.1;2064;2064;9
20240307 052500;2064.1;2064.1;2063.9;2063.9;3
20240307 052600;2063.7;2063.7;2063.6;2063.6;4
20240307 052700;2063.7;2063.7;2063.6;2063.6;6
20240307 052800;2063.6;2063.6;2063.6;2063.6;1
20240307 052900;2063.6;2063.6;2063.5;2063.5;9
20240307 053000;2063.5;2063.5;2063.5;2063.5;1
20240307 053100;2063.5;2063.8;2063.1;2063.8;53
20240307 053200;2063.7;2063.8;2063.6;2063.8;26
20240307 053300;2063.8;2063.8;2063.2;2063.5;29
20240307 053400;2063.5;2063.6;2063.5;2063.6;13
20240307 053500;2063.4;2063.5;2063.1;2063.4;72
20240307 053600;2063.3;2063.6;2063.1;2063.4;27
20240307 053700;2063;2063.1;2062.8;2062.9;20
20240307 053800;2062.9;2063;2062.9;2063;4
20240307 053900;2063;2063.2;2063;2063.1;5
20240307 054000;2062.9;2063;2062.9;2063;3
20240307 054100;2063.1;2063.7;2063.1;2063.5;70
20240307 054200;2063.3;2063.5;2063.2;2063.5;7
20240307 054300;2063.4;2063.4;2063.1;2063.1;10
20240307 054400;2063.2;2063.2;2063.2;2063.2;2
20240307 054600;2063.1;2063.2;2063;2063.2;4
20240307 054700;2063.1;2063.1;2063;2063;10
20240307 054800;2063.2;2063.3;2063;2063.1;14
20240307 054900;2063;2063.1;2063;2063.1;5
20240307 055000;2063;2063.5;2063;2063.4;5
20240307 055100;2063.3;2063.3;2063.3;2063.3;1
20240307 055200;2063;2063.3;2063;2063.3;34
20240307 055300;2063.4;2063.5;2063.4;2063.5;10
20240307 055400;2063.7;2063.7;2063.6;2063.6;6
20240307 055500;2063.5;2063.6;2063.4;2063.5;10
20240307 055600;2063.6;2063.6;2063.5;2063.5;2
20240307 055700;2063.7;2064.1;2063.7;2063.9;12
20240307 055800;2063.9;2064.2;2063.9;2064.1;19
20240307 055900;2064.1;2064.1;2063.8;2063.8;11
20240307 060100;2063.5;2063.5;2063.2;2063.2;7
20240307 060200;2063.1;2063.1;2063.1;2063.1;1
20240307 060300;2063.3;2063.3;2063.1;2063.1;2
20240307 060400;2063.3;2063.8;2063.3;2063.6;16
20240307 060500;2063.7;2063.7;2063.7;2063.7;1
20240307 060600;2063.7;2064.1;2063.7;2064.1;10
20240307 060700;2063.9;2064;2063.9;2064;12
20240307 060800;2064.2;2064.2;2064.1;2064.1;15
20240307 060900;2064.3;2064.3;2064.3;2064.3;1
20240307 061000;2064.2;2064.2;2064.1;2064.2;4
20240307 061100;2063.9;2063.9;2063.4;2063.4;16
20240307 061200;2063.3;2063.7;2063.3;2063.7;8
20240307 061300;2063.5;2063.5;2063.3;2063.3;13
20240307 061400;2063.6;2063.8;2063.6;2063.7;5
20240307 061600;2063.9;2063.9;2063.9;2063.9;1
20240307 061700;2064;2064;2063.6;2063.8;6
20240307 061800;2063.9;2064;2063.7;2064;17
20240307 062000;2064.1;2064.2;2064.1;2064.1;9
20240307 062100;2064.1;2064.1;2064;2064.1;13
20240307 062300;2064.1;2064.1;2064;2064;2
20240307 062400;2064.2;2064.8;2064.2;2064.8;19
20240307 062500;2064.8;2065.4;2064.8;2065.4;22
20240307 062600;2065.4;2065.4;2065.1;2065.2;26
20240307 062700;2065.2;2065.2;2065;2065;4
20240307 062800;2065.1;2065.6;2065.1;2065.4;14
20240307 062900;2065.6;2065.6;2065.5;2065.5;6
20240307 063000;2065.3;2065.5;2065.3;2065.5;3
20240307 063100;2065.5;2065.5;2065.4;2065.4;10
20240307 063200;2065.4;2065.7;2065.4;2065.7;7
20240307 063300;2065.6;2065.6;2065.6;2065.6;3
20240307 063500;2065.5;2065.5;2065.5;2065.5;3
20240307 063600;2065.6;2065.6;2065.5;2065.5;7
20240307 063700;2065.7;2065.8;2065.7;2065.8;2
20240307 063800;2065.7;2065.7;2065.6;2065.6;4
20240307 063900;2065.7;2065.7;2065.5;2065.5;6
20240307 064000;2065.3;2065.4;2065.3;2065.4;3
20240307 064100;2065.4;2065.4;2065.4;2065.4;1
20240307 064200;2065.4;2065.5;2065.4;2065.5;4
20240307 064300;2065.3;2065.5;2065;2065.1;50
20240307 064400;2065.1;2065.1;2064.6;2064.7;68
20240307 064500;2064.6;2064.6;2064.1;2064.2;57
20240307 064600;2064.1;2064.1;2063.5;2064;80
20240307 064700;2063.9;2063.9;2063.4;2063.6;105
20240307 064800;2063.5;2063.6;2063.1;2063.2;35
20240307 064900;2063.2;2063.2;2062.8;2062.9;50
20240307 065000;2062.9;2063.1;2062.9;2063.1;23
20240307 065100;2063;2063.1;2062.8;2062.8;25
20240307 065200;2062.7;2062.7;2062;2062;38
20240307 065300;2062.1;2062.3;2061.8;2061.8;42
20240307 065400;2061.8;2061.8;2061.2;2061.6;59
20240307 065500;2061.4;2061.5;2061.2;2061.2;9
20240307 065600;2061.5;2062.2;2061.5;2062.2;18
20240307 065700;2062.3;2062.3;2061.3;2061.3;32
20240307 065800;2061.4;2061.4;2061.2;2061.4;12
20240307 065900;2061.6;2062.1;2061.5;2062.1;42
20240307 070000;2061.9;2062.1;2061.9;2062;8
20240307 070100;2062.2;2062.2;2061.6;2061.8;17
20240307 070200;2061.8;2061.8;2061.6;2061.6;8
20240307 070300;2061.7;2061.8;2061.7;2061.7;4
20240307 070400;2062;2062;2060.9;2061.1;31
20240307 070500;2061.1;2061.2;2061;2061.1;9
20240307 070600;2061.1;2061.2;2060.8;2061.1;16
20240307 070700;2061;2061.2;2060.9;2061;16
20240307 070800;2060.9;2060.9;2060.6;2060.7;27
20240307 070900;2060.8;2060.8;2060.2;2060.4;22
20240307 071000;2060.3;2060.5;2060.3;2060.5;15
20240307 071100;2060.5;2060.6;2060;2060.4;23
20240307 071200;2060.4;2060.4;2060.2;2060.3;10
20240307 071300;2060.5;2060.5;2060.2;2060.2;5
20240307 071400;2060.3;2060.4;2060.2;2060.4;5
20240307 071500;2060.3;2060.5;2060.1;2060.3;13
20240307 071600;2060.2;2060.2;2059.5;2059.7;30
20240307 071700;2059.8;2060;2059.5;2059.7;27
20240307 071800;2059.6;2059.8;2059.3;2059.3;28
20240307 071900;2059.4;2059.4;2059.1;2059.3;19
20240307 072000;2059.5;2059.6;2059.2;2059.6;5
20240307 072100;2059.6;2059.6;2059.1;2059.1;10
20240307 072200;2059.3;2059.3;2058.8;2059.2;18
20240307 072300;2058.8;2058.8;2058.6;2058.8;20
20240307 072400;2058.9;2059.3;2058.9;2058.9;15
20240307 072500;2059;2059.6;2058.9;2059.5;16
20240307 072600;2059.4;2060;2059.4;2060;19
20240307 072700;2059.7;2059.8;2059.7;2059.8;6
20240307 072800;2059.6;2060;2059.3;2060;29
20240307 072900;2059.9;2060;2059.5;2059.8;25
20240307 073000;2059.7;2059.7;2059.3;2059.4;14
20240307 073100;2059.4;2059.9;2059.3;2059.8;35
20240307 073200;2059.8;2060.3;2059.6;2060.3;40
20240307 073300;2060.3;2060.3;2059.7;2060.1;21
20240307 073400;2060;2060.1;2059.7;2060;38
20240307 073500;2060.1;2060.4;2060;2060;29
20240307 073600;2060.2;2061;2060.1;2061;38
20240307 073700;2060.9;2061;2060.2;2060.3;73
20240307 073800;2060.3;2060.5;2059.8;2060.1;22
20240307 073900;2060;2060;2059.5;2059.9;46
20240307 074000;2060;2060.4;2060;2060.4;14
20240307 074100;2060.4;2060.4;2060;2060.1;11
20240307 074200;2060.1;2060.5;2060;2060.4;34
20240307 074300;2060.3;2060.3;2060;2060;7
20240307 074400;2060;2060;2059.7;2059.9;9
20240307 074500;2059.8;2060.3;2059.8;2060;10
20240307 074600;2059.8;2059.8;2059.5;2059.6;11
20240307 074700;2059.7;2060.5;2059.7;2060.2;47
20240307 074800;2060.2;2060.6;2059.9;2060;35
20240307 074900;2060.2;2060.2;2059.8;2059.8;13
20240307 075000;2059.8;2059.8;2059.8;2059.8;4
20240307 075100;2060.2;2060.7;2060.2;2060.5;14
20240307 075200;2060.9;2060.9;2060.2;2060.4;27
20240307 075300;2060.4;2060.4;2059.6;2059.6;17
20240307 075400;2059.6;2060.4;2059.6;2060.3;25
20240307 075500;2060.2;2060.2;2060;2060.1;11
20240307 075600;2060;2060.4;2060;2060.1;11
20240307 075700;2059.8;2060;2059.6;2059.8;24
20240307 075800;2059.8;2060;2059.6;2059.6;6
20240307 075900;2059.4;2059.9;2059.1;2059.7;32
20240307 080000;2059.8;2060.1;2059.3;2059.5;18
20240307 080100;2059.6;2060.4;2059.5;2060.4;100
20240307 080200;2060.5;2061.1;2060.4;2061.1;47
20240307 080300;2061.1;2063.1;2061.1;2062.7;102
20240307 080400;2062.5;2063;2062.5;2062.8;85
20240307 080500;2062.7;2063;2062.3;2063;60
20240307 080600;2063;2064.2;2062.9;2063.2;121
20240307 080700;2063.3;2063.3;2062.1;2062.5;77
20240307 080800;2062.8;2063.3;2062.8;2063.1;40
20240307 080900;2063.1;2063.2;2062.3;2062.5;71
20240307 081000;2062.4;2062.6;2062.1;2062.4;39
20240307 081100;2062.4;2062.4;2059.4;2059.6;119
20240307 081200;2059.4;2059.9;2059;2059.3;44
20240307 081300;2059.4;2059.6;2057.6;2058.4;117
20240307 081400;2058.3;2059.8;2058.3;2059.3;75
20240307 081500;2059.4;2061.6;2059.4;2061.6;125
20240307 081600;2061.7;2062.2;2061;2061.6;72
20240307 081700;2061.5;2062.9;2060.9;2062.6;59
20240307 081800;2062.5;2062.6;2061.9;2062.4;22
20240307 081900;2062.3;2062.6;2061.6;2062;47
20240307 082000;2062;2062;2061.1;2061.3;31
20240307 082100;2061.2;2062.6;2061.2;2062.5;33
20240307 082200;2062.5;2063.4;2062.5;2063;36
20240307 082300;2063.2;2063.4;2062.8;2063.1;40
20240307 082400;2063.1;2063.7;2063.1;2063.6;48
20240307 082500;2063.8;2063.8;2063.1;2063.7;30
20240307 082600;2063.6;2063.7;2063.5;2063.6;7
20240307 082700;2063.8;2064.5;2063.6;2064.4;44
20240307 082800;2064.4;2064.8;2064.3;2064.8;25
20240307 082900;2064.9;2065.1;2064.6;2065;53
20240307 083000;2064.9;2064.9;2064.5;2064.5;21
20240307 083100;2064.7;2064.8;2064.2;2064.4;40
20240307 083200;2064.5;2064.7;2064.2;2064.6;54
20240307 083300;2064.6;2064.8;2064.4;2064.5;15
20240307 083400;2064.5;2064.8;2064.4;2064.7;11
20240307 083500;2064.7;2064.7;2064;2064.3;23
20240307 083600;2064.2;2064.7;2064.1;2064.4;23
20240307 083700;2064.5;2065.1;2064.4;2064.9;51
20240307 083800;2065.1;2065.3;2064.9;2065;41
20240307 083900;2064.8;2065;2064.3;2065;17
20240307 084000;2064.9;2065;2064.1;2064.1;22
20240307 084100;2064.4;2064.4;2063.2;2063.2;45
20240307 084200;2063.3;2064.2;2063.3;2064;15
20240307 084300;2063.8;2063.8;2063.2;2063.6;12
20240307 084400;2063.6;2064.1;2063.6;2063.9;7
20240307 084500;2063.7;2064.1;2063.6;2064.1;8
20240307 084600;2064;2064.2;2063.7;2064.1;14
20240307 084700;2064.1;2064.1;2064;2064.1;14
20240307 084800;2064.1;2064.1;2063.6;2063.8;18
20240307 084900;2063.7;2063.7;2063.2;2063.2;17
20240307 085000;2063.1;2063.4;2063;2063.4;17
20240307 085100;2063.3;2063.3;2062.5;2062.5;38
20240307 085200;2062.3;2062.7;2062.1;2062.2;20
20240307 085300;2062.3;2062.5;2062.1;2062.4;7
20240307 085400;2062.3;2062.5;2062;2062.2;40
20240307 085500;2062.3;2062.3;2061.6;2061.8;14
20240307 085600;2061.7;2062.3;2061.7;2062.3;18
20240307 085700;2062.2;2062.2;2061.2;2061.3;41
20240307 085800;2061.4;2062.9;2061.4;2062.9;185
20240307 085900;2062.9;2063.1;2062.4;2062.5;24
20240307 090000;2062.5;2062.7;2062.1;2062.7;83
20240307 090100;2062.8;2063;2062.2;2062.2;41
20240307 090200;2062.2;2062.7;2062;2062.7;20
20240307 090300;2062.9;2064.1;2062.8;2064;121
20240307 090400;2064.1;2064.9;2063.6;2064.6;64
20240307 090500;2064.8;2064.9;2064.3;2064.4;16
20240307 090600;2064.3;2064.8;2064.2;2064.8;26
20240307 090700;2064.8;2064.8;2064.4;2064.5;16
20240307 090800;2064.6;2064.8;2064.4;2064.8;27
20240307 090900;2064.9;2065.4;2064.5;2064.5;62
20240307 091000;2064.4;2064.4;2064;2064;33
20240307 091100;2064;2065;2064;2064.8;66
20240307 091200;2064.7;2064.8;2064.2;2064.4;33
20240307 091300;2064.4;2064.8;2064.4;2064.7;21
20240307 091400;2064.6;2065;2064.3;2064.3;31
20240307 091500;2064.3;2064.5;2064.2;2064.3;13
20240307 091600;2064.4;2065.2;2064.4;2065.2;31
20240307 091700;2065.2;2066.4;2064.9;2065.5;75
20240307 091800;2065.6;2065.7;2065;2065;18
20240307 091900;2065.1;2065.7;2065.1;2065.7;14
20240307 092000;2065.6;2065.7;2065.5;2065.7;12
20240307 092100;2065.7;2066.3;2065.5;2066.1;41
20240307 092200;2066;2066;2065.5;2065.8;55
20240307 092300;2065.6;2066;2065.5;2065.6;28
20240307 092400;2065.6;2066.1;2065.6;2065.8;26
20240307 092500;2066;2066;2065.2;2065.4;21
20240307 092600;2065.3;2066.1;2065.3;2066;22
20240307 092700;2065.9;2065.9;2065.4;2065.4;16
20240307 092800;2065.4;2065.6;2065.1;2065.2;27
20240307 092900;2065.3;2065.9;2065.3;2065.9;22
20240307 093000;2066;2066.9;2066;2066.8;42
20240307 093100;2066.8;2067.4;2066.5;2066.8;54
20240307 093200;2066.9;2068;2066.7;2067.7;60
20240307 093300;2067.8;2067.8;2066.8;2067;38
20240307 093400;2067.2;2067.7;2067.2;2067.7;15
20240307 093500;2067.8;2067.8;2067.1;2067.2;23
20240307 093600;2067;2067.7;2066.9;2067.7;16
20240307 093700;2067.8;2068.2;2067.5;2068.2;24
20240307 093800;2068;2068.4;2068;2068.4;34
20240307 093900;2068.4;2068.8;2068.3;2068.4;66
20240307 094000;2068.5;2069.3;2068.5;2068.7;17
20240307 094100;2068.8;2068.8;2068.2;2068.4;25
20240307 094200;2068.3;2068.4;2068.2;2068.3;28
20240307 094300;2068.4;2068.7;2067.8;2068;63
20240307 094400;2068;2068.1;2067.7;2067.9;32
20240307 094500;2068;2068.3;2068;2068.3;4
20240307 094600;2068.3;2068.3;2067.8;2068;18
20240307 094700;2068;2068;2067.8;2067.9;5
20240307 094800;2067.7;2067.7;2067.4;2067.6;15
20240307 094900;2067.7;2067.8;2067.4;2067.6;17
20240307 095000;2067.4;2067.4;2066.7;2066.8;32
20240307 095100;2066.8;2067;2066.7;2067;12
20240307 095200;2067.1;2068;2067;2068;20
20240307 095300;2067.9;2067.9;2067.4;2067.4;16
20240307 095400;2067.4;2067.4;2067.1;2067.1;8
20240307 095500;2067.1;2067.4;2067.1;2067.4;12
20240307 095600;2067.5;2067.7;2067.5;2067.6;7
20240307 095700;2067.6;2067.6;2067.1;2067.3;14
20240307 095800;2067.1;2067.5;2067.1;2067.5;8
20240307 095900;2067.7;2067.7;2067.5;2067.7;16
20240307 100000;2067.5;2067.5;2067.2;2067.3;22
20240307 100100;2067.3;2067.6;2067.1;2067.3;21
20240307 100200;2067.3;2067.7;2067.3;2067.6;22
20240307 100300;2067.7;2067.8;2067.5;2067.7;8
20240307 100400;2067.7;2067.7;2067.6;2067.6;4
20240307 100500;2067.5;2068.5;2067.1;2068.2;186
20240307 100600;2068.2;2068.4;2068;2068.4;25
20240307 100700;2068.4;2069.2;2068.3;2069.1;94
20240307 100800;2069.3;2069.8;2069.2;2069.7;52
20240307 100900;2069.9;2069.9;2069.7;2069.7;13
20240307 101000;2069.6;2069.6;2069.2;2069.3;10
20240307 101100;2069.3;2069.4;2068.9;2069.4;29
20240307 101200;2069.4;2069.6;2069.3;2069.5;26
20240307 101300;2069.5;2070.2;2069.5;2069.9;45
20240307 101400;2069.9;2070.5;2069.9;2070.1;25
20240307 101500;2070.2;2070.2;2069.5;2069.7;84
20240307 101600;2069.7;2069.8;2068.9;2069.1;70
20240307 101700;2069;2069.6;2069;2069.2;14
20240307 101800;2069;2069.9;2069;2069.8;36
20240307 101900;2070;2070.3;2070;2070.2;23
20240307 102000;2070.1;2070.1;2069.8;2070;5
20240307 102100;2069.8;2070.4;2069.8;2070.3;12
20240307 102200;2069.7;2070;2069.7;2070;49
20240307 102300;2070.2;2070.5;2070.1;2070.4;64
20240307 102400;2070.2;2070.2;2069.6;2069.7;16
20240307 102500;2069.8;2069.9;2069.8;2069.9;2
20240307 102600;2070.1;2070.1;2069.1;2069.2;18
20240307 102700;2069.4;2069.4;2068.5;2068.6;30
20240307 102800;2068.6;2069.2;2068.6;2069.1;31
20240307 102900;2069.2;2069.8;2069.1;2069.7;18
20240307 103000;2069.7;2070;2069.5;2069.9;31
20240307 103100;2070;2070.3;2069.8;2069.8;17
20240307 103200;2070.1;2070.1;2070;2070;2
20240307 103300;2069.8;2070.1;2069.7;2069.9;8
20240307 103400;2069.8;2070;2069.4;2069.4;27
20240307 103500;2069.5;2070;2069.5;2069.9;22
20240307 103600;2069.9;2070;2069.9;2069.9;6
20240307 103700;2070;2070;2069.6;2069.6;7
20240307 103800;2069.7;2069.8;2069.2;2069.4;17
20240307 103900;2069.4;2069.9;2069.2;2069.9;18
20240307 104000;2069.9;2070.1;2069.7;2069.9;25
20240307 104100;2069.8;2070.7;2069.7;2070.7;36
20240307 104200;2070.7;2070.7;2070.1;2070.3;94
20240307 104300;2070.3;2070.7;2070.2;2070.3;40
20240307 104400;2070.3;2070.4;2070.1;2070.3;12
20240307 104500;2070.5;2071.1;2070.4;2071.1;50
20240307 104600;2071.3;2071.8;2071.3;2071.8;68
20240307 104700;2071.8;2072.1;2071.7;2071.9;31
20240307 104800;2072;2072.2;2071.5;2072.1;112
20240307 104900;2072;2072.8;2072;2072.7;124
20240307 105000;2072.5;2072.9;2072.3;2072.9;29
20240307 105100;2072.9;2073.1;2072.5;2072.7;40
20240307 105200;2072.7;2072.7;2071.6;2071.9;48
20240307 105300;2072;2072;2071;2071;35
20240307 105400;2071;2071.2;2070.6;2070.6;65
20240307 105500;2070.8;2070.8;2070.6;2070.6;11
20240307 105600;2070.8;2071;2070.5;2071;36
20240307 105700;2071.1;2071.4;2071;2071.3;61
20240307 105800;2071.5;2071.5;2071.3;2071.4;10
20240307 105900;2071.3;2071.4;2071.3;2071.4;3
20240307 110000;2071.3;2071.3;2070.9;2071.1;17
20240307 110100;2071;2071.5;2070.3;2070.3;48
20240307 110200;2070.4;2070.7;2070.2;2070.2;18
20240307 110300;2070.1;2070.2;2069.8;2070.1;20
20240307 110400;2070.3;2070.5;2070.2;2070.4;16
20240307 110500;2070.5;2070.6;2070.1;2070.5;21
20240307 110600;2070.6;2070.9;2070.3;2070.7;23
20240307 110700;2070.9;2070.9;2070.6;2070.8;16
20240307 110800;2070.8;2070.8;2070.1;2070.3;17
20240307 110900;2070.1;2070.2;2069.8;2070.1;21
20240307 111000;2070.6;2070.6;2070.2;2070.3;14
20240307 111100;2070.4;2070.5;2070.1;2070.1;15
20240307 111200;2070.1;2070.1;2069.6;2069.6;14
20240307 111300;2069.6;2069.7;2069.2;2069.2;58
20240307 111400;2069.3;2069.8;2069.1;2069.8;27
20240307 111500;2069.8;2069.8;2069.3;2069.3;16
20240307 111600;2069.5;2069.5;2069;2069;21
20240307 111700;2069;2069.6;2069;2069.5;41
20240307 111800;2069.3;2069.6;2069.3;2069.5;18
20240307 111900;2069.6;2069.7;2069.4;2069.4;16
20240307 112000;2069.5;2069.5;2069;2069;17
20240307 112100;2069.1;2069.5;2068.9;2069.2;52
20240307 112200;2069.3;2069.6;2069.2;2069.5;12
20240307 112300;2069.2;2069.6;2069.2;2069.6;5
20240307 112400;2069.8;2070.4;2069.8;2069.9;56
20240307 112500;2069.8;2069.9;2069.8;2069.8;3
20240307 112600;2069.9;2070;2069.7;2070;18
20240307 112700;2070.1;2070.3;2070;2070.2;12
20240307 112800;2070;2070.1;2069.7;2069.8;10
20240307 112900;2069.8;2069.8;2069.5;2069.7;11
20240307 113000;2069.5;2070;2069.5;2070;7
20240307 113100;2070;2070.4;2069.5;2069.7;59
20240307 113200;2069.9;2070;2069.9;2069.9;6
20240307 113300;2069.8;2070.3;2069.7;2070.2;16
20240307 113400;2070;2070.1;2069.8;2070.1;14
20240307 113500;2069.8;2069.8;2069.8;2069.8;2
20240307 113600;2069.7;2070.2;2069.7;2070;25
20240307 113700;2069.9;2070.3;2069.7;2070;33
20240307 113800;2069.9;2070.5;2069.9;2070.3;21
20240307 113900;2070.3;2070.7;2070.3;2070.5;22
20240307 114000;2070.4;2070.4;2070.3;2070.3;3
20240307 114100;2070.4;2070.7;2070.4;2070.7;17
20240307 114200;2070.6;2070.6;2070.3;2070.3;7
20240307 114300;2070.3;2070.3;2069.8;2069.9;39
20240307 114400;2070;2070;2069.8;2069.8;11
20240307 114500;2069.6;2069.9;2069.6;2069.6;18
20240307 114600;2069.6;2070.3;2069.6;2070.3;22
20240307 114700;2070.3;2070.6;2070.1;2070.3;38
20240307 114800;2070.1;2070.2;2069.9;2069.9;13
20240307 114900;2069.8;2070;2069.8;2069.8;16
20240307 115000;2069.9;2070;2069.9;2069.9;4
20240307 115100;2069.9;2070;2069.8;2069.8;5
20240307 115200;2069.8;2069.8;2069.6;2069.6;3
20240307 115300;2069.4;2069.5;2069.1;2069.1;48
20240307 115400;2069;2069.3;2069;2069.3;9
20240307 115500;2069.1;2069.2;2069.1;2069.2;6
20240307 115600;2069.1;2069.5;2069.1;2069.2;23
20240307 115700;2069;2069;2068.6;2068.9;18
20240307 115800;2069;2069;2068.9;2068.9;9
20240307 115900;2069.1;2069.1;2068.9;2068.9;3
20240307 120000;2069;2069;2068.9;2068.9;2
20240307 120100;2069.1;2070.2;2069;2069.9;69
20240307 120200;2069.9;2069.9;2069.5;2069.6;24
20240307 120300;2069.7;2070.3;2069.7;2070.3;9
20240307 120400;2070.3;2070.5;2070.1;2070.4;42
20240307 120500;2070.3;2070.5;2070;2070;9
20240307 120600;2070.1;2070.6;2069.5;2070.3;48
20240307 120700;2070.4;2070.4;2069.7;2070.1;25
20240307 120800;2070;2070.4;2069.9;2070.2;28
20240307 120900;2070.1;2070.8;2070.1;2070.6;38
20240307 121000;2070.6;2070.6;2070.4;2070.4;6
20240307 121100;2070.5;2070.5;2070.2;2070.2;18
20240307 121200;2070.3;2070.7;2070.3;2070.6;10
20240307 121300;2070.7;2070.9;2070.7;2070.9;6
20240307 121400;2070.9;2071;2070.7;2070.7;11
20240307 121500;2070.8;2071;2070.6;2070.8;18
20240307 121600;2070.9;2071.2;2070.7;2071;57
20240307 121700;2070.9;2070.9;2070.6;2070.7;8
20240307 121800;2070.5;2071.1;2070.5;2071;11
20240307 121900;2071;2071;2070.9;2070.9;5
20240307 122000;2070.9;2071.1;2070.8;2070.9;16
20240307 122100;2070.8;2071;2070.7;2071;25
20240307 122200;2071.1;2072.7;2071.1;2072.4;160
20240307 122300;2072.3;2072.7;2072.2;2072.3;44
20240307 122400;2072.3;2072.3;2071.9;2071.9;11
20240307 122500;2072;2072.8;2072;2072.2;56
20240307 122600;2072.2;2072.2;2071.7;2071.7;28
20240307 122700;2071.8;2071.9;2071.1;2071.2;43
20240307 122800;2071.3;2071.8;2071.2;2071.2;26
20240307 122900;2071.3;2071.3;2070.8;2071;56
20240307 123000;2071;2071.1;2071;2071.1;6
20240307 123100;2071.2;2071.4;2071.1;2071.3;20
20240307 123200;2071.2;2071.2;2070.1;2070.1;47
20240307 123300;2070.1;2070.2;2069.7;2069.9;49
20240307 123400;2070;2070.2;2069.8;2070.1;23
20240307 123500;2070;2070.4;2070;2070.4;14
20240307 123600;2070.3;2070.3;2070;2070.1;48
20240307 123700;2070;2070;2069.4;2069.5;34
20240307 123800;2069.7;2069.8;2069.5;2069.6;33
20240307 123900;2069.4;2070;2069.4;2069.7;56
20240307 124000;2069.8;2070.1;2069.5;2069.5;72
20240307 124100;2069.4;2069.5;2069.1;2069.1;37
20240307 124200;2069;2069.5;2068.2;2069.2;273
20240307 124300;2069.3;2069.4;2068.8;2068.8;24
20240307 124400;2068.9;2069.5;2068.9;2069.5;11
20240307 124500;2069.5;2069.5;2068.8;2068.9;26
20240307 124600;2069;2069;2068.6;2068.9;38
20240307 124700;2069;2069.2;2068.8;2069.1;38
20240307 124800;2069.1;2069.6;2069.1;2069.5;32
20240307 124900;2069.4;2069.6;2069;2069.3;42
20240307 125000;2069.2;2069.3;2068.8;2068.8;25
20240307 125100;2068.8;2069.1;2068.6;2069.1;37
20240307 125200;2069.2;2069.3;2068.7;2068.7;35
20240307 125300;2068.8;2068.9;2068;2068;50
20240307 125400;2068.1;2068.7;2068.1;2068.3;49
20240307 125500;2068.4;2068.5;2067.9;2068;56
20240307 125600;2067.9;2068.8;2067.8;2068.6;63
20240307 125700;2068.9;2069.6;2068.9;2069.5;45
20240307 125800;2069.4;2069.4;2068.9;2069.1;18
20240307 125900;2069.1;2069.3;2069;2069;20
20240307 130000;2069;2069.1;2068.8;2068.8;26
20240307 130100;2068.9;2069.8;2068.9;2069.5;77
20240307 130200;2069.6;2070;2069.4;2069.4;32
20240307 130300;2069.3;2069.3;2068.8;2069;48
20240307 130400;2069;2069.4;2068.8;2069.4;49
20240307 130500;2069.3;2069.6;2069.3;2069.3;29
20240307 130600;2069.1;2069.3;2068.2;2068.6;63
20240307 130700;2068.7;2068.8;2067.9;2067.9;45
20240307 130800;2067.9;2069.1;2067.4;2069;83
20240307 130900;2068.9;2069.1;2068.6;2068.6;34
20240307 131000;2068.6;2069.5;2068.6;2068.9;35
20240307 131100;2069.1;2069.5;2068.8;2069.3;48
20240307 131200;2069.4;2070;2069.4;2069.6;28
20240307 131300;2069.6;2069.8;2069.4;2069.7;22
20240307 131400;2069.8;2070.4;2069.8;2070;69
20240307 131500;2070;2070;2069.3;2069.6;36
20240307 131600;2069.8;2071.6;2069.8;2070.9;262
20240307 131700;2071.1;2074.8;2071;2074.7;484
20240307 131800;2074.8;2074.8;2073;2073.1;164
20240307 131900;2073.2;2074.2;2072.3;2073.6;135
20240307 132000;2073.4;2074.7;2073.4;2074.3;127
20240307 132100;2074.7;2074.7;2073.2;2073.4;118
20240307 132200;2073.4;2073.6;2071.8;2072.5;158
20240307 132300;2072.7;2074;2072.5;2074;46
20240307 132400;2074.1;2075.1;2073.8;2074.9;78
20240307 132500;2074.8;2074.8;2073.7;2073.7;66
20240307 132600;2073.9;2074.7;2073.8;2074.5;46
20240307 132700;2074.6;2075.2;2073.9;2073.9;217
20240307 132800;2073.9;2074.2;2073.4;2074.2;79
20240307 132900;2074.2;2074.3;2073.5;2073.5;9
20240307 133000;2073.4;2074.2;2073.1;2073.5;54
20240307 133100;2073.7;2078.9;2072.2;2078.5;756
20240307 133200;2078.5;2079.7;2077;2078.3;295
20240307 133300;2078.4;2085.1;2078.4;2083;1847
20240307 133400;2083;2083.1;2080.3;2080.9;448
20240307 133500;2080.8;2081.8;2080.2;2081.8;212
20240307 133600;2082;2082.3;2080.5;2081.5;152
20240307 133700;2081.6;2081.9;2079.8;2080;201
20240307 133800;2080;2080.2;2079.4;2080.2;133
20240307 133900;2080.1;2080.1;2077.9;2078.3;314
20240307 134000;2078.3;2079.4;2078.3;2078.8;65
20240307 134100;2078.6;2078.8;2077.1;2077.4;130
20240307 134200;2077.5;2079.8;2077.4;2079.6;196
20240307 134300;2079.6;2079.6;2078.8;2079.4;131
20240307 134400;2079.6;2081.9;2079.4;2081.8;220
20240307 134500;2081.7;2081.9;2080.6;2081.5;174
20240307 134600;2081.5;2081.8;2081;2081.3;144
20240307 134700;2081.3;2081.6;2080.8;2081.3;134
20240307 134800;2081.4;2081.7;2080;2080.2;124
20240307 134900;2080.1;2080.3;2079.3;2079.5;89
20240307 135000;2079.5;2080.6;2079;2079.5;144
20240307 135100;2079.5;2080.1;2078.9;2079.6;210
20240307 135200;2079.7;2080.5;2079.5;2079.9;133
20240307 135300;2079.7;2079.9;2078.6;2079;87
20240307 135400;2079.1;2079.5;2078.8;2079.5;41
20240307 135500;2079.5;2080.1;2079.2;2079.8;100
20240307 135600;2079.9;2081.4;2079.9;2080.9;115
20240307 135700;2080.9;2081.6;2080.1;2080.1;81
20240307 135800;2080;2080.6;2079.8;2080.2;88
20240307 135900;2080.3;2081.3;2080;2081.3;97
20240307 140000;2081.1;2081.3;2079.9;2080;79
20240307 140100;2079.9;2081.4;2079.9;2080.6;250
20240307 140200;2080.8;2081.7;2080.4;2081.6;189
20240307 140300;2081.5;2081.5;2080.3;2080.4;159
20240307 140400;2080.4;2081;2079.5;2079.5;124
20240307 140500;2079.6;2083.7;2079.6;2083.1;1008
20240307 140600;2083;2084.2;2081.4;2081.7;343
20240307 140700;2081.7;2082.1;2080.5;2080.8;266
20240307 140800;2080.7;2081.9;2080.7;2081.9;93
20240307 140900;2082;2082.2;2080.5;2080.7;115
20240307 141000;2080.4;2081.6;2079.6;2081.6;212
20240307 141100;2081.7;2082.6;2081.6;2082.3;192
20240307 141200;2082.2;2082.4;2081.9;2082.2;102
20240307 141300;2082.2;2082.9;2082.2;2082.4;68
20240307 141400;2082.3;2082.7;2081.7;2082.2;76
20240307 141500;2082.1;2082.8;2082;2082.7;76
20240307 141600;2082.8;2083.4;2082.5;2083;110
20240307 141700;2083;2083.1;2082.1;2082.4;77
20240307 141800;2082.5;2083;2082.5;2082.8;40
20240307 141900;2082.7;2084.7;2082.7;2084.3;318
20240307 142000;2084.1;2086.8;2084.1;2085.7;557
20240307 142100;2085.6;2086;2085;2085.3;336
20240307 142200;2085.3;2086.5;2085.3;2086.3;293
20240307 142300;2086.2;2086.7;2085.9;2086.1;247
20240307 142400;2086;2086;2084;2084.2;233
20240307 142500;2084.2;2084.5;2083.5;2084.2;117
20240307 142600;2084.1;2085.2;2083.3;2084.9;180
20240307 142700;2084.8;2085.2;2084;2084.1;107
20240307 142800;2084.1;2085.1;2084.1;2084.6;214
20240307 142900;2084.6;2085.1;2084.2;2084.4;144
20240307 143000;2084.6;2085.9;2084.4;2084.5;387
20240307 143100;2084.3;2086.3;2081.5;2084.3;3065
20240307 143200;2084.4;2087.5;2083.4;2086.6;1116
20240307 143300;2086.5;2089.2;2086.1;2088.6;1030
20240307 143400;2088.6;2089.3;2086.9;2089;1016
20240307 143500;2088.9;2091.5;2088.8;2090.6;1839
20240307 143600;2090.6;2099;2090.2;2096.9;5312
20240307 143700;2096.8;2097.6;2093.8;2093.8;1542
20240307 143800;2093.7;2095.1;2093.4;2094.2;702
20240307 143900;2094.3;2094.9;2092.2;2092.2;912
20240307 144000;2092.1;2094.5;2091.4;2094.2;920
20240307 144100;2094.2;2095;2092.3;2093;1329
20240307 144200;2093;2093.4;2089.7;2089.8;807
20240307 144300;2089.9;2092.8;2089.8;2092.1;452
20240307 144400;2092.1;2092.2;2089.8;2090.5;599
20240307 144500;2090.4;2092.1;2089.6;2090.2;499
20240307 144600;2090.4;2091;2086.7;2087;967
20240307 144700;2086.9;2087.5;2085.4;2086.5;867
20240307 144800;2086.4;2087.6;2085.3;2085.6;1008
20240307 144900;2085.5;2087.9;2085.4;2086.6;920
20240307 145000;2086.9;2088.7;2086.6;2088.2;582
20240307 145100;2088.3;2088.6;2086.7;2088.4;550
20240307 145200;2088.5;2090.4;2088;2089.6;495
20240307 145300;2089.7;2091.5;2089.7;2090.5;545
20240307 145400;2090.4;2090.4;2089.2;2089.4;375
20240307 145500;2089.7;2090.2;2087.7;2088;320
20240307 145600;2087.9;2089.7;2087.3;2089.6;692
20240307 145700;2089.6;2089.7;2088.2;2089.1;666
20240307 145800;2089.2;2089.4;2086.9;2087.3;436
20240307 145900;2087.3;2089.2;2087.2;2089;320
20240307 150000;2088.8;2089.6;2088.3;2088.6;259
20240307 150100;2088.7;2090.4;2088.1;2089;429
20240307 150200;2089;2090.5;2088.2;2088.6;342
20240307 150300;2088.6;2089.3;2087.5;2088;253
20240307 150400;2087.9;2087.9;2086.2;2086.6;270
20240307 150500;2086.7;2087;2084.8;2085.6;391
20240307 150600;2085.5;2086;2083.7;2085;429
20240307 150700;2085.2;2086.2;2083;2083.5;282
20240307 150800;2083.6;2084;2082.7;2083.2;240
20240307 150900;2083.1;2083.6;2081;2082.7;767
20240307 151000;2082.8;2083.5;2082.4;2082.5;369
20240307 151100;2082.6;2088.6;2082.6;2087.9;2980
20240307 151200;2087.7;2088.6;2086;2088.4;514
20240307 151300;2088.5;2089.1;2086.5;2088.2;526
20240307 151400;2088.4;2088.5;2087.2;2087.4;332
20240307 151500;2087.6;2088.8;2087;2088.5;289
20240307 151600;2088.6;2090.4;2088.6;2089.6;891
20240307 151700;2089.6;2090.1;2087.4;2088.3;444
20240307 151800;2088.4;2088.7;2086.5;2086.5;436
20240307 151900;2086.6;2087.6;2086;2086.7;336
20240307 152000;2086.6;2088.7;2086.6;2086.8;211
20240307 152100;2086.8;2088.8;2086.2;2088.6;353
20240307 152200;2088.8;2089.2;2085.6;2085.6;454
20240307 152300;2085.9;2087;2085.1;2087;246
20240307 152400;2087.2;2088;2086;2086.4;256
20240307 152500;2086.5;2088.2;2086.4;2088.2;211
20240307 152600;2088.2;2089.6;2087.1;2089.2;426
20240307 152700;2089.1;2090.2;2088.7;2089;303
20240307 152800;2088.9;2089.2;2088;2088;171
20240307 152900;2088;2088.3;2086.4;2087.2;345
20240307 153000;2087.6;2088.4;2087.1;2088.1;194
20240307 153100;2088;2089;2086.3;2086.8;463
20240307 153200;2086.8;2087.8;2086.1;2087.3;329
20240307 153300;2086.9;2087.5;2086;2086.2;239
20240307 153400;2086.3;2087;2085.6;2086.4;310
20240307 153500;2086.3;2087.5;2086.1;2086.9;191
20240307 153600;2087;2088.1;2086.3;2088.1;173
20240307 153700;2088.1;2088.3;2086.5;2087.2;277
20240307 153800;2087.2;2088.3;2087;2087.6;172
20240307 153900;2087.8;2088.7;2087.8;2088.6;240
20240307 154000;2088.7;2089.9;2087.9;2089.7;320
20240307 154100;2089.7;2090.7;2089.3;2090.6;384
20240307 154200;2090.6;2091.2;2089;2089.1;311
20240307 154300;2089.3;2090.5;2089.2;2090;708
20240307 154400;2089.8;2091.4;2089.5;2090.5;298
20240307 154500;2090.7;2090.9;2089.8;2090.5;189
20240307 154600;2090.7;2091.7;2090.4;2091.2;207
20240307 154700;2091.2;2092.2;2090.8;2091.3;232
20240307 154800;2091.2;2091.5;2089.9;2090.6;352
20240307 154900;2090.6;2092;2090.6;2091.8;291
20240307 155000;2091.9;2092.3;2091.2;2091.8;368
20240307 155100;2091.9;2092;2090.5;2091.2;341
20240307 155200;2091.2;2091.2;2088.9;2089.9;419
20240307 155300;2090.1;2090.4;2088.9;2090;187
20240307 155400;2090;2090;2088.9;2089.5;209
20240307 155500;2089.5;2089.7;2088.2;2088.7;339
20240307 155600;2088.7;2088.9;2087.9;2088.2;213
20240307 155700;2088.3;2088.9;2087.7;2088.9;173
20240307 155800;2088.9;2089;2088;2088.2;255
20240307 155900;2088.3;2089.2;2088;2088;192
20240307 160000;2088.2;2088.5;2087.5;2088.5;186
20240307 160100;2088.3;2089;2088.2;2089;194
20240307 160200;2088.9;2089;2087;2087;328
20240307 160300;2087;2087.3;2086.3;2086.3;252
20240307 160400;2086.3;2087.4;2086.3;2087;131
20240307 160500;2087;2087.1;2085.5;2085.6;272
20240307 160600;2085.6;2086.2;2085.1;2086;346
20240307 160700;2086;2086.1;2085.1;2085.8;160
20240307 160800;2085.7;2086;2085.1;2085.6;160
20240307 160900;2085.6;2086.4;2085.6;2086.3;269
20240307 161000;2086.4;2086.4;2085.3;2085.4;152
20240307 161100;2085.5;2085.9;2084.7;2084.7;205
20240307 161200;2084.6;2085;2083.6;2084.8;283
20240307 161300;2084.8;2085;2084.2;2084.3;146
20240307 161400;2084.3;2085;2084.2;2084.7;190
20240307 161500;2084.6;2084.6;2083.3;2083.4;186
20240307 161600;2083.4;2083.9;2083;2083.9;221
20240307 161700;2083.9;2084.2;2083.2;2083.3;341
20240307 161800;2083.4;2083.7;2082.5;2082.7;329
20240307 161900;2082.7;2084.3;2082.5;2084.2;244
20240307 162000;2084.2;2084.9;2083.8;2083.9;245
20240307 162100;2083.9;2084.7;2083.6;2084.5;193
20240307 162200;2084.6;2084.7;2083.4;2083.6;178
20240307 162300;2083.6;2084.6;2083.5;2083.8;182
20240307 162400;2083.9;2084;2083.5;2083.9;117
20240307 162500;2083.9;2085.8;2083.9;2085.6;515
20240307 162600;2085.6;2085.7;2084.5;2084.6;327
20240307 162700;2084.6;2084.7;2083.9;2084.5;434
20240307 162800;2084.5;2085.8;2084.2;2085.8;249
20240307 162900;2085.9;2086.8;2085.2;2086.8;316
20240307 163000;2086.8;2087.7;2086.8;2087.2;678
20240307 163100;2087.1;2087.2;2084;2084.9;455
20240307 163200;2084.8;2085.2;2083.4;2085.2;180
20240307 163300;2085.1;2085.1;2083.5;2083.5;296
20240307 163400;2083.6;2083.7;2081.9;2082.3;433
20240307 163500;2082.4;2083.1;2082.1;2083;305
20240307 163600;2082.9;2083.1;2081.6;2082.7;315
20240307 163700;2082.6;2083.6;2082.4;2083.1;171
20240307 163800;2083.2;2084.4;2083.2;2083.9;198
20240307 163900;2084;2084.2;2083.1;2084.2;124
20240307 164000;2084.2;2084.5;2083.6;2084.2;92
20240307 164100;2084.3;2084.3;2083.8;2083.8;136
20240307 164200;2083.8;2083.9;2082.7;2083.5;389
20240307 164300;2083.6;2083.9;2083.1;2083.7;121
20240307 164400;2083.7;2084.5;2083.2;2084.4;118
20240307 164500;2084.4;2084.7;2084;2084.7;138
20240307 164600;2084.8;2084.9;2083.8;2083.8;120
20240307 164700;2083.9;2084.1;2083.2;2083.8;99
20240307 164800;2083.9;2084.3;2083.6;2083.6;94
20240307 164900;2083.7;2084.6;2083.7;2084.4;132
20240307 165000;2084.4;2084.5;2084.1;2084.4;131
20240307 165100;2084.3;2085.4;2084.2;2085.4;155
20240307 165200;2085.5;2085.6;2084.8;2084.9;101
20240307 165300;2085;2085.6;2084.9;2085.4;73
20240307 165400;2085.3;2085.5;2084.8;2084.8;109
20240307 165500;2085;2085.8;2085;2085.5;191
20240307 165600;2085.6;2086.5;2085.5;2085.7;165
20240307 165700;2085.6;2086.6;2085.5;2086;137
20240307 165800;2085.9;2086.3;2085.7;2086.1;132
20240307 165900;2086.2;2087.1;2085.8;2086.8;188
20240307 170000;2086.7;2086.7;2085.9;2086.5;126
20240307 170100;2086.6;2086.9;2086;2086;162
20240307 170200;2086;2086;2085.3;2085.3;108
20240307 170300;2085.3;2085.3;2084.5;2084.9;328
20240307 170400;2084.9;2085.1;2084.5;2084.6;94
20240307 170500;2084.6;2085.9;2084.5;2085.9;74
20240307 170600;2086;2086.2;2085.7;2085.8;140
20240307 170700;2085.8;2086;2085;2085;111
20240307 170800;2085;2085;2084.5;2084.9;106
20240307 170900;2084.9;2085.4;2084.7;2084.7;116
20240307 171000;2085;2085.7;2085;2085.5;60
20240307 171100;2085.4;2085.9;2085.3;2085.9;78
20240307 171200;2086;2086.8;2086;2086.7;223
20240307 171300;2086.7;2086.7;2086;2086;150
20240307 171400;2086.1;2086.4;2085.6;2085.6;118
20240307 171500;2085.7;2085.7;2084.7;2084.8;116
20240307 171600;2084.8;2085.8;2084.7;2085.3;124
20240307 171700;2085.3;2085.7;2084.9;2085.7;188
20240307 171800;2085.8;2086;2085.2;2085.3;112
20240307 171900;2085.5;2086.7;2085.5;2086;194
20240307 172000;2086.1;2086.4;2086;2086.3;94
20240307 172100;2086.3;2087.1;2086.3;2086.9;245
20240307 172200;2086.9;2087;2085.6;2085.7;97
20240307 172300;2085.8;2086.5;2085.6;2086.3;98
20240307 172400;2086.4;2086.5;2085.5;2086;87
20240307 172500;2086.2;2087.4;2086.2;2087.2;191
20240307 172600;2087.2;2087.3;2086.6;2086.9;81
20240307 172700;2087.1;2087.5;2086.4;2086.5;142
20240307 172800;2086.5;2086.5;2085.8;2086.1;97
20240307 172900;2086.2;2086.7;2086.2;2086.7;92
20240307 173000;2086.7;2086.9;2086.5;2086.5;86
20240307 173100;2086.4;2086.8;2085.5;2085.7;223
20240307 173200;2085.7;2086.1;2084.9;2085.3;189
20240307 173300;2085.4;2086.5;2085.3;2086.5;105
20240307 173400;2086.4;2086.4;2085.3;2085.6;46
20240307 173500;2085.5;2086.4;2085.5;2086.1;32
20240307 173600;2086;2086.5;2085.5;2086.4;65
20240307 173700;2086.4;2086.9;2086.4;2086.9;56
20240307 173800;2086.8;2087;2086;2086.2;123
20240307 173900;2086.2;2086.5;2085.7;2086;37
20240307 174000;2086.1;2086.1;2085.1;2085.8;94
20240307 174100;2085.9;2086;2084.7;2085;77
20240307 174200;2085.1;2085.2;2084.1;2084.2;216
20240307 174300;2084.4;2085.3;2084.1;2085.1;108
20240307 174400;2085.2;2086.1;2085;2085.4;192
20240307 174500;2085.4;2086.4;2085.4;2086.2;164
20240307 174600;2086.2;2086.2;2085.5;2085.6;89
20240307 174700;2085.5;2086.6;2085.5;2086.4;101
20240307 174800;2086.4;2087.7;2086;2087.6;138
20240307 174900;2087.5;2087.8;2086.6;2086.6;164
20240307 175000;2086.6;2086.7;2086;2086.5;94
20240307 175100;2086.6;2086.6;2085.7;2086.4;92
20240307 175200;2086.6;2087.4;2086.6;2087.2;56
20240307 175300;2087.3;2088.3;2087.1;2088.3;320
20240307 175400;2088.4;2088.6;2087.7;2087.7;176
20240307 175500;2087.7;2088;2087;2087.2;140
20240307 175600;2087.3;2087.6;2086.5;2086.5;113
20240307 175700;2086.6;2087.1;2086.5;2086.9;106
20240307 175800;2086.9;2087.3;2086.6;2087.2;137
20240307 175900;2087.3;2087.7;2087.2;2087.7;78
20240307 180000;2087.8;2088.4;2087.8;2088.1;175
20240307 180100;2088.1;2088.3;2087.6;2087.9;176
20240307 180200;2087.9;2088.6;2087.8;2087.9;111
20240307 180300;2088;2088.6;2087.8;2088.5;80
20240307 180400;2088.4;2088.6;2088.1;2088.3;174
20240307 180500;2088.4;2088.6;2088.2;2088.3;73
20240307 180600;2088.4;2088.9;2087.3;2087.4;216
20240307 180700;2087.6;2088.3;2087.5;2088.2;42
20240307 180800;2088;2088.6;2087.8;2088.4;63
20240307 180900;2088.3;2088.9;2088.3;2088.4;138
20240307 181000;2088.4;2089.1;2088.4;2088.7;203
20240307 181100;2088.7;2089.3;2088.6;2089.3;156
20240307 181200;2089.4;2090;2089.3;2089.7;362
20240307 181300;2089.8;2089.8;2088.8;2089;185
20240307 181400;2088.9;2089;2088.5;2088.7;110
20240307 181500;2088.6;2088.7;2088.3;2088.6;67
20240307 181600;2088.6;2089.3;2088.6;2089.1;75
20240307 181700;2089.2;2089.3;2088.9;2089.2;103
20240307 181800;2089.3;2089.6;2089.1;2089.5;175
20240307 181900;2089.6;2089.8;2088.9;2089.1;93
20240307 182000;2089.1;2089.4;2088.9;2089.4;82
20240307 182100;2089.3;2089.9;2089.3;2089.3;88
20240307 182200;2089.3;2089.6;2089.1;2089.4;110
20240307 182300;2089.4;2089.6;2088.6;2088.6;165
20240307 182400;2088.7;2089.6;2088.7;2089.6;93
20240307 182500;2089.8;2090.2;2089.6;2089.8;69
20240307 182600;2089.7;2090.3;2089.6;2089.6;80
20240307 182700;2089.7;2090.3;2089;2090.3;572
20240307 182800;2090.2;2090.2;2089.6;2090;90
20240307 182900;2090;2090.6;2090;2090.5;72
20240307 183000;2090.5;2090.9;2090.5;2090.8;123
20240307 183100;2090.9;2091.3;2090.2;2090.5;324
20240307 183200;2090.5;2090.9;2090;2090.3;121
20240307 183300;2090.4;2090.9;2090;2090.2;195
20240307 183400;2090.2;2090.6;2090.1;2090.4;134
20240307 183500;2090.4;2090.4;2089.9;2090.2;165
20240307 183600;2090.3;2090.3;2089.1;2089.5;183
20240307 183700;2089.4;2089.7;2088.9;2089.5;99
20240307 183800;2089.6;2090;2089.2;2089.2;178
20240307 183900;2089.1;2090.2;2089;2090.2;109
20240307 184000;2090.2;2090.3;2089.9;2089.9;147
20240307 184100;2089.9;2090.1;2089.2;2089.7;144
20240307 184200;2089.6;2090.1;2089.6;2089.9;191
20240307 184300;2090;2090.2;2089.4;2089.5;168
20240307 184400;2089.5;2090.2;2089.5;2090;140
20240307 184500;2090;2090.8;2089.9;2090.8;127
20240307 184600;2090.8;2090.9;2090.4;2090.8;123
20240307 184700;2090.7;2090.9;2090.6;2090.8;138
20240307 184800;2090.8;2091.5;2090.2;2090.5;609
20240307 184900;2090.6;2091.5;2090.5;2091.2;119
20240307 185000;2091.1;2091.4;2090.9;2091.2;60
20240307 185100;2091.3;2091.5;2090.7;2090.7;142
20240307 185200;2090.7;2090.9;2090.5;2090.7;91
20240307 185300;2090.8;2091;2090.4;2090.4;101
20240307 185400;2090.3;2090.7;2089.9;2090.1;140
20240307 185500;2090;2090.6;2090;2090.5;62
20240307 185600;2090.8;2091.2;2090.7;2090.9;62
20240307 185700;2091;2091.3;2091;2091.2;104
20240307 185800;2091.3;2091.5;2090.9;2091.2;148
20240307 185900;2091.3;2091.4;2090.8;2091.1;108
20240307 190000;2091.1;2091.3;2090.4;2090.7;138
20240307 190100;2090.8;2090.9;2088.9;2089.9;298
20240307 190200;2089.9;2090.3;2089.5;2090;87
20240307 190300;2090;2090.5;2089.8;2090.4;107
20240307 190400;2090.4;2090.8;2090.1;2090.2;113
20240307 190500;2090.3;2090.3;2089.3;2089.3;139
20240307 190600;2089.4;2089.4;2088.5;2088.5;163
20240307 190700;2088.6;2089.1;2088.2;2088.2;214
20240307 190800;2088.2;2088.2;2087.4;2087.7;254
20240307 190900;2087.7;2087.7;2087.1;2087.2;225
20240307 191000;2087.2;2087.2;2086.1;2086.2;268
20240307 191100;2086.3;2087.6;2086.1;2087.6;151
20240307 191200;2087.5;2088;2087.3;2087.3;103
20240307 191300;2087.2;2087.7;2087.1;2087.6;87
20240307 191400;2087.5;2087.5;2086.6;2087.1;168
20240307 191500;2087.2;2088.2;2087.2;2087.5;296
20240307 191600;2087.5;2088.3;2087.5;2087.8;94
20240307 191700;2087.8;2088;2087.3;2087.7;112
20240307 191800;2087.7;2088;2086.8;2086.9;82
20240307 191900;2086.9;2087;2086.5;2086.8;203
20240307 192000;2086.8;2088;2086.8;2087.9;126
20240307 192100;2087.9;2088;2086.8;2087.3;108
20240307 192200;2087.4;2087.9;2087.4;2087.6;52
20240307 192300;2087.5;2088.3;2087.5;2088;94
20240307 192400;2088;2088.4;2086.5;2086.7;396
20240307 192500;2086.6;2086.8;2086.1;2086.3;130
20240307 192600;2086.2;2086.6;2086;2086.3;143
20240307 192700;2086.3;2086.4;2085.9;2086.4;126
20240307 192800;2086.3;2087.1;2086.2;2087.1;107
20240307 192900;2087.1;2087.2;2085.5;2085.8;141
20240307 193000;2085.9;2086.1;2085.5;2085.7;174
20240307 193100;2085.6;2086.6;2085.4;2086.3;158
20240307 193200;2086.3;2086.4;2085.7;2085.7;138
20240307 193300;2085.8;2086.6;2085.8;2086.3;97
20240307 193400;2086.1;2086.6;2085.9;2086.1;89
20240307 193500;2086.2;2087.1;2086.2;2086.6;118
20240307 193600;2086.6;2086.8;2086.2;2086.3;72
20240307 193700;2086.4;2086.5;2086;2086.4;132
20240307 193800;2086.4;2086.9;2086.2;2086.4;58
20240307 193900;2086.4;2086.5;2086;2086.1;97
20240307 194000;2086.3;2086.6;2085.8;2086.6;86
20240307 194100;2086.7;2087;2086.4;2086.7;80
20240307 194200;2086.7;2086.9;2086.5;2086.6;94
20240307 194300;2086.5;2086.6;2086.3;2086.5;61
20240307 194400;2086.4;2086.4;2085.9;2086.1;65
20240307 194500;2086.2;2086.5;2086;2086.1;143
20240307 194600;2086.1;2086.6;2085.8;2086.5;188
20240307 194700;2086.5;2086.6;2085.9;2086;125
20240307 194800;2085.9;2086.4;2085.8;2086.3;97
20240307 194900;2086.4;2086.5;2086.1;2086.2;109
20240307 195000;2086.2;2086.7;2086;2086;183
20240307 195100;2086;2086.4;2085.9;2086.2;114
20240307 195200;2086.3;2086.6;2086.2;2086.5;85
20240307 195300;2086.5;2086.7;2086.3;2086.6;68
20240307 195400;2086.6;2087;2086.6;2086.8;132
20240307 195500;2086.9;2087;2086.6;2086.7;129
20240307 195600;2086.7;2086.8;2086.4;2086.5;112
20240307 195700;2086.5;2087.1;2086.5;2086.9;221
20240307 195800;2086.8;2086.8;2086.1;2086.1;232
20240307 195900;2086.1;2086.3;2085.2;2085.9;338
20240307 200000;2086;2086.4;2085.6;2086.4;170
20240307 200100;2086.4;2086.4;2082.8;2083.5;837
20240307 200200;2083.7;2084.6;2083.3;2083.3;298
20240307 200300;2083.4;2085.6;2082.8;2084.7;395
20240307 200400;2084.8;2084.9;2083.7;2084.5;138
20240307 200500;2084.4;2085.8;2083.9;2085.6;170
20240307 200600;2085.5;2086;2084.6;2085.5;178
20240307 200700;2085.6;2086.4;2085;2086.1;119
20240307 200800;2086;2086;2085.3;2085.8;103
20240307 200900;2085.9;2085.9;2084.2;2084.9;241
20240307 201000;2084.8;2085.5;2084.7;2085.5;126
20240307 201100;2085.5;2085.9;2084.7;2084.9;201
20240307 201200;2085;2085.3;2084.5;2084.7;211
20240307 201300;2084.8;2084.8;2084.4;2084.7;407
20240307 201400;2084.7;2085.6;2084.4;2085.6;676
20240307 201500;2085.6;2086.5;2085.5;2086.2;339
20240307 201600;2086.2;2086.6;2085.4;2085.6;233
20240307 201700;2085.7;2086.4;2085.6;2085.9;248
20240307 201800;2085.8;2085.8;2084.9;2085.1;129
20240307 201900;2085.2;2085.3;2084.4;2084.8;144
20240307 202000;2084.9;2085.1;2084.4;2085;124
20240307 202100;2084.9;2085.2;2084.4;2085.2;336
20240307 202200;2085.2;2085.4;2084.5;2085;142
20240307 202300;2085;2085;2084.4;2084.9;139
20240307 202400;2084.9;2085;2084.2;2084.5;271
20240307 202500;2084.6;2085.2;2084.3;2084.7;198
20240307 202600;2084.7;2085;2084.4;2084.8;173
20240307 202700;2084.7;2084.9;2084.5;2084.7;141
20240307 202800;2084.8;2085.2;2084.6;2084.9;112
20240307 202900;2085;2085;2084.4;2084.5;157
20240307 203000;2084.5;2084.9;2084.3;2084.5;246
20240307 203100;2084.6;2084.7;2084.3;2084.6;259
20240307 203200;2084.6;2085.3;2084.6;2085;177
20240307 203300;2085.1;2086.1;2085.1;2085.7;243
20240307 203400;2085.7;2085.9;2085.5;2085.5;156
20240307 203500;2085.5;2086;2085.5;2086;175
20240307 203600;2086;2086;2085.3;2085.5;179
20240307 203700;2085.5;2085.5;2084.9;2085.2;132
20240307 203800;2085.3;2085.4;2084.8;2085;186
20240307 203900;2085.1;2085.6;2084.9;2085.4;153
20240307 204000;2085.5;2085.6;2085.2;2085.3;132
20240307 204100;2085.3;2085.8;2085.1;2085.3;227
20240307 204200;2085.3;2085.7;2085.2;2085.7;164
20240307 204300;2085.7;2086.4;2085.7;2086.1;452
20240307 204400;2086.1;2086.1;2085.4;2085.6;198
20240307 204500;2085.7;2086.1;2085.7;2086.1;224
20240307 204600;2086;2086.1;2085.4;2085.5;169
20240307 204700;2085.4;2085.8;2085.1;2085.6;182
20240307 204800;2085.6;2085.8;2084.5;2084.9;254
20240307 204900;2084.8;2084.9;2084.4;2084.7;353
20240307 205000;2084.6;2085.1;2084.4;2084.4;283
20240307 205100;2084.4;2086;2084.2;2084.5;609
20240307 205200;2084.5;2085.6;2084.2;2085.6;384
20240307 205300;2085.5;2086;2084.7;2085.4;418
20240307 205400;2085.5;2086;2085.2;2085.8;301
20240307 205500;2085.8;2087.9;2085.8;2087.8;877
20240307 205600;2087.7;2088.1;2086.5;2086.7;736
20240307 205700;2086.7;2087.1;2085.6;2085.7;433
20240307 205800;2085.8;2085.9;2084.7;2085.2;947
20240307 205900;2085.2;2086.5;2085;2086.3;977
20240307 210000;2086.3;2087.3;2086;2086.1;8495
20240307 210100;2086.1;2086.4;2084.8;2085.4;2335
20240307 210200;2085.4;2085.9;2085.2;2085.4;464
20240307 210300;2085.4;2085.5;2084.6;2085;431
20240307 210400;2085.1;2085.1;2084.5;2084.7;319
20240307 210500;2084.8;2085;2084.3;2084.3;206
20240307 210600;2084.3;2085.2;2083.8;2085.2;398
20240307 210700;2085.2;2085.2;2083.9;2084.3;318
20240307 210800;2084.3;2084.7;2084;2084.1;102
20240307 210900;2084.2;2084.4;2084;2084.4;93
20240307 211000;2084.4;2084.8;2084.3;2084.5;204
20240307 211100;2084.4;2084.8;2083.9;2084;139
20240307 211200;2084;2084.4;2083.7;2083.9;96
20240307 211300;2084;2084;2083.4;2083.6;80
20240307 211400;2083.7;2084.3;2083.5;2084.2;94
20240307 211500;2084.3;2084.5;2083.7;2083.8;193
20240307 211600;2083.7;2084.3;2083.3;2084.2;307
20240307 211700;2084.1;2084.2;2082.5;2082.7;309
20240307 211800;2082.7;2083.3;2082.5;2083;127
20240307 211900;2083;2084;2082.7;2083.9;268
20240307 212000;2083.8;2084.4;2083.6;2084.2;142
20240307 212100;2084;2084.3;2083.8;2084;81
20240307 212200;2084.1;2084.5;2083.9;2084.2;106
20240307 212300;2084.1;2084.4;2083.8;2084;154
20240307 212400;2084;2084.4;2083.7;2084.4;72
20240307 212500;2084.4;2084.5;2083.9;2084.2;94
20240307 212600;2084;2084;2082.8;2083;80
20240307 212700;2083.2;2084.1;2083.2;2083.9;43
20240307 212800;2083.8;2084.3;2083.8;2084.3;39
20240307 212900;2084.3;2084.4;2084;2084.2;92
20240307 213000;2084.2;2084.6;2084.1;2084.5;64
20240307 213100;2084.5;2085.2;2084.5;2085.1;45
20240307 213200;2085;2085;2084.3;2084.5;22
20240307 213300;2084.6;2085;2084.6;2084.8;18
20240307 213400;2084.7;2084.9;2084.7;2084.9;8
20240307 213500;2084.7;2085.3;2084.7;2084.9;57
20240307 213600;2084.9;2085.2;2084.7;2085.1;22
20240307 213700;2085.2;2085.4;2085;2085.3;41
20240307 213800;2085.5;2085.9;2085.2;2085.5;166
20240307 213900;2085.3;2085.5;2085.2;2085.5;35
20240307 214000;2085.4;2085.9;2085.3;2085.7;35
20240307 214100;2085.6;2085.6;2085.3;2085.3;8
20240307 214200;2085.3;2085.3;2085.2;2085.3;5
20240307 214300;2085.2;2085.8;2085.2;2085.5;71
20240307 214400;2085.5;2085.5;2085.2;2085.3;8
20240307 214500;2085.3;2085.6;2085.3;2085.6;30
20240307 214600;2085.5;2085.8;2085.4;2085.6;32
20240307 214700;2085.8;2086;2085.7;2086;41
20240307 214800;2085.9;2086;2085.8;2086;12
20240307 214900;2085.8;2086;2085.8;2085.9;8
20240307 215000;2085.8;2085.9;2085.4;2085.9;37
20240307 215100;2085.7;2085.9;2085.7;2085.8;39
20240307 215200;2085.9;2086;2085.8;2085.9;9
20240307 215300;2086;2086.5;2086;2086.5;20
20240307 215400;2086.5;2086.8;2086.5;2086.7;22
20240307 215500;2086.7;2087;2086.7;2087;41
20240307 215600;2086.9;2087.1;2086.7;2087.1;26
20240307 215700;2087.2;2088.2;2087.2;2087.5;83
20240307 215800;2087.4;2087.4;2086.8;2087.1;16
20240307 215900;2087.1;2087.6;2087;2087.6;26
20240307 220000;2087.1;2087.6;2086.9;2087.2;34
20240307 230100;2088.5;2088.9;2086.6;2088;101
20240307 230200;2087.4;2087.4;2087.4;2087.4;3
20240307 230300;2087.4;2087.4;2086.9;2086.9;15
20240307 230400;2086.9;2087.3;2086.4;2086.6;50
20240307 230500;2086.7;2086.7;2086.7;2086.7;10
20240307 230600;2086.7;2086.7;2086.5;2086.6;14
20240307 230700;2086.6;2087.7;2086.6;2087.5;42
20240307 230800;2087.5;2087.5;2087.2;2087.2;5
20240307 230900;2087.6;2087.8;2087.6;2087.6;8
20240307 231000;2087.7;2087.7;2086.8;2086.9;16
20240307 231100;2087.4;2087.5;2087.4;2087.5;6
20240307 231200;2087.7;2087.7;2087.5;2087.7;10
20240307 231300;2087.8;2088.4;2087.8;2088.4;14
20240307 231400;2088.4;2088.5;2088.2;2088.2;55
20240307 231500;2088.2;2088.4;2088.2;2088.4;28
20240307 231600;2088.3;2089;2088.3;2088.8;21
20240307 231700;2088.8;2089.1;2088.6;2089.1;75
20240307 231800;2089;2089.2;2088.9;2089.1;14
20240307 231900;2089.1;2089.2;2088.9;2089.1;12
20240307 232000;2089;2089.1;2088.7;2088.8;21
20240307 232100;2088.8;2089.4;2088.6;2089.2;20
20240307 232200;2089.3;2089.7;2089.3;2089.7;44
20240307 232300;2089.6;2089.6;2089.6;2089.6;1
20240307 232400;2089.3;2089.5;2089.3;2089.4;11
20240307 232500;2089.3;2089.3;2089;2089;13
20240307 232600;2088.9;2089.3;2088.8;2089.3;8
20240307 232700;2089;2089;2089;2089;3
20240307 232800;2088.6;2088.9;2088.3;2088.3;32
20240307 232900;2088.2;2088.2;2088;2088;9
20240307 233100;2087.9;2088;2087.9;2088;2
20240307 233200;2088;2088;2087.8;2087.8;7
20240307 233300;2087.7;2087.7;2087.7;2087.7;1
20240307 233400;2087.8;2087.8;2087.7;2087.7;6
20240307 233500;2087.6;2087.7;2087.6;2087.7;9
20240307 233600;2087.6;2087.6;2087.4;2087.4;7
20240307 233700;2087.4;2087.4;2086.6;2086.8;24
20240307 233800;2086.7;2086.8;2086.7;2086.8;2
20240307 233900;2086.9;2086.9;2086.9;2086.9;1
20240307 234200;2087.1;2087.1;2087.1;2087.1;1
20240307 234300;2087;2087.1;2087;2087.1;6
20240307 234500;2087.4;2087.4;2087.3;2087.3;2
20240307 234600;2087.1;2087.1;2087.1;2087.1;2
20240307 234700;2087.2;2087.3;2087.2;2087.3;4
20240307 234800;2087.3;2087.3;2087.2;2087.2;2
20240307 235000;2087.2;2087.2;2087.2;2087.2;2
20240307 235100;2087.2;2087.2;2087.1;2087.1;3
20240307 235200;2087.1;2087.2;2086.7;2086.7;19
20240307 235300;2086.6;2086.6;2086.6;2086.6;3
20240307 235400;2086.5;2086.9;2086.5;2086.9;8
20240307 235500;2086.7;2086.7;2086.5;2086.6;8
20240307 235700;2086.4;2086.5;2086.4;2086.5;6
20240307 235800;2086.6;2086.6;2086.6;2086.6;2
20240308 000000;2086.9;2087;2086.9;2087;5
20240308 000100;2087.1;2087.6;2087.1;2087.4;43
20240308 000200;2087.2;2087.4;2086.6;2086.7;16
20240308 000300;2086.7;2087.2;2086.7;2087.2;7
20240308 000400;2087.1;2087.1;2087.1;2087.1;1
20240308 000500;2086.6;2086.7;2086.6;2086.7;4
20240308 000600;2086.9;2086.9;2086.9;2086.9;1
20240308 000700;2086.8;2087.6;2086.8;2087.2;84
20240308 000800;2087.1;2087.3;2087.1;2087.3;2
20240308 000900;2087.1;2087.1;2086.6;2086.6;12
20240308 001000;2086.5;2086.5;2086.5;2086.5;3
20240308 001100;2086.6;2086.6;2086.4;2086.4;2
20240308 001200;2086.4;2086.4;2085.8;2086.2;25
20240308 001300;2086.1;2086.4;2086.1;2086.4;2
20240308 001400;2086.5;2086.5;2086.5;2086.5;1
20240308 001500;2086.6;2086.6;2086.6;2086.6;2
20240308 001600;2087.1;2087.1;2087.1;2087.1;1
20240308 001700;2087.4;2087.4;2087;2087;25
20240308 001800;2087.5;2087.6;2087.5;2087.6;3
20240308 001900;2087.6;2087.6;2087.3;2087.6;4
20240308 002000;2087.7;2087.8;2087.6;2087.6;7
20240308 002200;2087.4;2087.4;2087.2;2087.3;20
20240308 002300;2087.1;2087.1;2087.1;2087.1;11
20240308 002400;2087;2087;2087;2087;2
20240308 002500;2087.1;2087.4;2087.1;2087.2;19
20240308 002600;2087.1;2087.1;2087;2087;4
20240308 002700;2087.3;2087.6;2087.3;2087.6;2
20240308 002800;2088.1;2088.1;2087.9;2087.9;11
20240308 003000;2087.5;2087.5;2087.2;2087.2;5
20240308 003100;2087.2;2087.2;2087.2;2087.2;1
20240308 003200;2087.5;2087.5;2087.5;2087.5;1
20240308 003300;2087.5;2087.7;2087.2;2087.5;4
20240308 003500;2087.5;2087.5;2087.5;2087.5;1
20240308 003700;2087.6;2087.6;2087.5;2087.5;2
20240308 003800;2087.8;2087.8;2087.5;2087.5;2
20240308 003900;2087.9;2087.9;2087.6;2087.6;2
20240308 004000;2087.6;2087.6;2087.6;2087.6;1
20240308 004200;2087.9;2088.1;2087.9;2088;21
20240308 004300;2088.1;2088.4;2087.8;2088.2;20
20240308 004400;2088.1;2088.2;2088.1;2088.1;5
20240308 004500;2088.4;2088.6;2088.2;2088.6;10
20240308 004600;2088.4;2088.7;2088.4;2088.5;12
20240308 004700;2088.4;2088.7;2088.4;2088.7;14
20240308 004800;2088.6;2089;2088.5;2089;19
20240308 004900;2089.2;2089.4;2089.2;2089.3;17
20240308 005000;2089;2089.4;2088.9;2088.9;23
20240308 005100;2088.8;2089;2088.7;2088.8;9
20240308 005200;2088.9;2089;2088.7;2088.7;11
20240308 005300;2088.7;2088.9;2088.7;2088.7;8
20240308 005500;2088.6;2088.6;2088.6;2088.6;2
20240308 005700;2088.7;2089.1;2088.3;2088.6;20
20240308 005800;2088.3;2088.3;2088.3;2088.3;1
20240308 005900;2088.3;2088.4;2088.2;2088.4;4
20240308 010000;2088.4;2088.5;2088.2;2088.5;17
20240308 010100;2088.4;2088.6;2088.4;2088.6;8
20240308 010200;2088.4;2088.4;2088.4;2088.4;4
20240308 010300;2088.3;2088.3;2088;2088;10
20240308 010400;2087.9;2087.9;2087.7;2087.9;6
20240308 010500;2087.7;2087.8;2087.7;2087.8;4
20240308 010600;2087.8;2087.8;2087.7;2087.7;5
20240308 010700;2087.7;2087.7;2087.7;2087.7;2
20240308 010800;2087.7;2087.7;2087.5;2087.5;4
20240308 010900;2087.4;2087.4;2087.2;2087.2;9
20240308 011100;2087.2;2087.5;2087.2;2087.5;6
20240308 011300;2087.2;2087.2;2087.2;2087.2;2
20240308 011400;2087;2087;2087;2087;1
20240308 011500;2087.5;2087.6;2087.3;2087.6;5
20240308 011600;2087.3;2087.3;2087.1;2087.1;7
20240308 011700;2087;2087.4;2087;2087.4;8
20240308 011800;2087.6;2087.6;2087.5;2087.5;3
20240308 011900;2087.5;2087.6;2087.5;2087.6;4
20240308 012000;2087.7;2087.7;2087.7;2087.7;1
20240308 012100;2087.6;2087.6;2086.9;2086.9;11
20240308 012200;2086.9;2087.2;2086.9;2087.2;10
20240308 012600;2087.2;2087.2;2087.1;2087.1;4
20240308 012700;2086.9;2086.9;2086.9;2086.9;1
20240308 012800;2087.1;2087.3;2087.1;2087.3;3
20240308 013100;2087.3;2087.3;2087.3;2087.3;1
20240308 013200;2087.9;2087.9;2087.9;2087.9;1
20240308 013300;2087.8;2088.7;2087.6;2088.4;19
20240308 013400;2088.7;2088.7;2088.7;2088.7;3
20240308 013500;2088.3;2088.6;2088.2;2088.3;8
20240308 013600;2088.5;2088.5;2087.9;2087.9;7
20240308 013700;2087.8;2087.9;2087.8;2087.9;3
20240308 013800;2087.9;2087.9;2087.9;2087.9;4
20240308 013900;2088.2;2088.6;2088.2;2088.6;11
20240308 014000;2088.3;2088.3;2088.3;2088.3;1
20240308 014100;2087.9;2087.9;2087.8;2087.8;6
20240308 014200;2087.9;2087.9;2087.9;2087.9;1
20240308 014300;2087.8;2087.8;2087.8;2087.8;1
20240308 014400;2087.7;2087.7;2087.5;2087.5;4
20240308 014600;2087.8;2087.8;2087.7;2087.7;3
20240308 014800;2087.8;2087.8;2087.7;2087.7;2
20240308 014900;2087.6;2087.6;2087.6;2087.6;1
20240308 015000;2087.8;2087.8;2087.7;2087.7;6
20240308 015100;2087.7;2087.7;2087.6;2087.6;2
20240308 015200;2087.8;2087.8;2087.8;2087.8;5
20240308 015300;2087.8;2087.8;2087.8;2087.8;1
20240308 015500;2088.1;2088.1;2088;2088;2
20240308 015600;2087.9;2087.9;2087.9;2087.9;2
20240308 015700;2087.7;2087.7;2087.7;2087.7;2
20240308 015800;2088;2088.4;2088;2088.4;10
20240308 020000;2088.5;2088.5;2088.3;2088.5;10
20240308 020100;2088.2;2088.4;2088.2;2088.4;5
20240308 020300;2088;2088;2087.8;2087.8;3
20240308 020400;2087.6;2087.6;2087.6;2087.6;1
20240308 020500;2087.6;2087.6;2087.5;2087.5;4
20240308 020700;2087.5;2087.5;2087.5;2087.5;1
20240308 020800;2087.4;2087.4;2087.3;2087.3;18
20240308 020900;2087.2;2087.2;2087;2087;5
20240308 021000;2087.4;2087.6;2087.4;2087.4;15
20240308 021100;2087.4;2087.4;2087.4;2087.4;6
20240308 021200;2087.3;2087.5;2087.3;2087.5;2
20240308 021300;2087.3;2087.3;2087.3;2087.3;1
20240308 021400;2087.5;2087.5;2087.5;2087.5;1
20240308 021500;2087.6;2087.6;2087.6;2087.6;1
20240308 021600;2087.7;2087.8;2087.6;2087.6;6
20240308 021800;2087.5;2087.5;2087.5;2087.5;1
20240308 021900;2087.6;2087.6;2087.6;2087.6;1
20240308 022000;2087.6;2087.6;2087.6;2087.6;2
20240308 022100;2087.5;2087.5;2087.5;2087.5;1
20240308 022200;2087.5;2087.5;2087.5;2087.5;1
20240308 022400;2087.5;2087.6;2087.5;2087.6;2
20240308 022500;2087.6;2087.8;2087.6;2087.7;7
20240308 022600;2087.4;2087.4;2087.4;2087.4;1
20240308 022700;2087.2;2087.3;2087.1;2087.3;8
20240308 022800;2087.3;2087.3;2087.3;2087.3;2
20240308 023000;2087.2;2087.2;2087.2;2087.2;1
20240308 023100;2087.1;2087.2;2087.1;2087.2;4
20240308 023200;2087.2;2087.3;2087.2;2087.3;4
20240308 023400;2087;2087;2087;2087;1
20240308 023600;2087.2;2087.2;2087.2;2087.2;1
20240308 024000;2087.1;2087.1;2087.1;2087.1;2
20240308 024100;2087.2;2087.2;2087.1;2087.1;2
20240308 024200;2087;2087;2087;2087;2
20240308 024300;2087;2087;2087;2087;2
20240308 024400;2087.1;2087.2;2087.1;2087.2;3
20240308 024600;2087.1;2087.1;2086.7;2086.7;8
20240308 024700;2086.7;2086.7;2086.4;2086.4;4
20240308 024800;2086.5;2086.7;2086.5;2086.7;4
20240308 024900;2086.7;2086.7;2086.7;2086.7;2
20240308 025000;2086.8;2086.9;2086.8;2086.9;4
20240308 025100;2086.9;2086.9;2086.9;2086.9;2
20240308 025200;2086.8;2086.9;2086.8;2086.9;2
20240308 025300;2086.9;2086.9;2086.7;2086.8;6
20240308 025600;2087;2087;2087;2087;5
20240308 025700;2087;2087;2087;2087;2
20240308 025900;2086.8;2086.8;2086.8;2086.8;1
20240308 030000;2086.8;2086.8;2086.8;2086.8;1
20240308 030100;2086.9;2086.9;2086.8;2086.8;3
20240308 030200;2086.8;2086.8;2086.8;2086.8;2
20240308 030400;2086.6;2086.6;2086.6;2086.6;2
20240308 030500;2086.4;2086.4;2085.9;2085.9;23
20240308 030600;2086;2086.1;2086;2086.1;2
20240308 030700;2086.1;2086.2;2086.1;2086.1;5
20240308 030800;2086.8;2086.9;2086.8;2086.9;17
20240308 030900;2086.7;2086.7;2086.2;2086.2;6
20240308 031000;2086.2;2086.3;2086.2;2086.2;4
20240308 031100;2086.3;2086.4;2086.3;2086.4;3
20240308 031200;2086.5;2086.8;2086.5;2086.8;5
20240308 031300;2086.8;2086.8;2086.8;2086.8;4
20240308 031600;2086.8;2086.8;2086.3;2086.3;9
20240308 031700;2086.5;2086.7;2086.5;2086.6;10
20240308 031900;2086.5;2086.5;2086.5;2086.5;2
20240308 032000;2086.5;2086.5;2086.5;2086.5;1
20240308 032300;2086.5;2086.7;2086.5;2086.5;7
20240308 032500;2087.1;2087.2;2087.1;2087.2;4
20240308 032600;2087.1;2087.1;2087.1;2087.1;21
20240308 032800;2087.4;2087.5;2087.3;2087.3;6
20240308 032900;2087.6;2087.9;2087.6;2087.8;11
20240308 033000;2087.8;2087.9;2087.8;2087.8;5
20240308 033100;2087.7;2087.9;2087.7;2087.8;4
20240308 033200;2087.8;2087.8;2087.7;2087.7;9
20240308 033300;2087.7;2087.9;2087.7;2087.8;12
20240308 033400;2087.8;2087.8;2087.6;2087.6;3
20240308 033600;2088.1;2088.4;2087.8;2088.2;36
20240308 033700;2088.1;2088.1;2088.1;2088.1;3
20240308 033800;2088.1;2088.3;2088.1;2088.3;6
20240308 033900;2088.4;2088.4;2088.1;2088.1;6
20240308 034000;2088.4;2088.4;2088.2;2088.2;3
20240308 034100;2088.1;2088.1;2088;2088;6
20240308 034200;2088;2088;2087.9;2087.9;5
20240308 034400;2087.9;2087.9;2087.8;2087.8;5
20240308 034500;2087.7;2087.8;2087.7;2087.8;7
20240308 034600;2087.8;2087.8;2087.8;2087.8;1
20240308 034700;2087.8;2087.9;2087.8;2087.9;3
20240308 034900;2088.2;2088.2;2088.2;2088.2;1
20240308 035000;2088.2;2088.6;2088.2;2088.3;13
20240308 035100;2088.4;2088.4;2088.4;2088.4;3
20240308 035200;2088.6;2088.6;2088.6;2088.6;1
20240308 035300;2088.5;2088.5;2088.5;2088.5;4
20240308 035400;2088.6;2088.7;2088.6;2088.7;8
20240308 035500;2088.8;2088.8;2088.8;2088.8;24
20240308 035600;2088.7;2088.8;2088.7;2088.7;5
20240308 035700;2088.7;2088.7;2088.7;2088.7;3
20240308 035800;2088.5;2088.6;2088.3;2088.3;7
20240308 035900;2088.4;2088.4;2088.4;2088.4;1
20240308 040000;2088.3;2088.3;2088.2;2088.2;5
20240308 040100;2088.4;2088.5;2088.3;2088.3;7
20240308 040200;2088.5;2088.5;2088.4;2088.4;3
20240308 040300;2088.5;2088.5;2088.5;2088.5;2
20240308 040500;2088.8;2088.8;2088.8;2088.8;1
20240308 040600;2088.8;2089.1;2088.8;2088.9;11
20240308 040700;2088.9;2089.1;2088.9;2089.1;2
20240308 040800;2089.2;2089.2;2089.2;2089.2;2
20240308 040900;2089.2;2089.2;2089.1;2089.2;5
20240308 041000;2089.3;2089.3;2089.3;2089.3;2
20240308 041100;2089.2;2089.6;2089.2;2089.5;21
20240308 041200;2089.6;2089.8;2089.6;2089.6;22
20240308 041300;2089.6;2089.8;2089.5;2089.5;3
20240308 041400;2089.6;2090.2;2089.6;2090.2;19
20240308 041500;2090.2;2090.3;2090.1;2090.3;9
20240308 041600;2090.2;2090.4;2090.2;2090.3;9
20240308 041700;2090.3;2090.5;2090.3;2090.5;6
20240308 041800;2090.6;2090.7;2090.5;2090.7;9
20240308 041900;2090.7;2090.8;2090.7;2090.8;7
20240308 042000;2090.7;2091;2090.7;2091;16
20240308 042100;2090.9;2091.2;2090.9;2091.1;23
20240308 042200;2091.2;2091.3;2091;2091.2;22
20240308 042300;2091;2091.2;2090.9;2090.9;6
20240308 042400;2090.7;2090.9;2090.6;2090.9;6
20240308 042500;2091;2091;2090.9;2091;6
20240308 042600;2091.2;2091.3;2091.2;2091.3;9
20240308 042700;2091.4;2091.4;2091.1;2091.1;11
20240308 042800;2091.3;2091.3;2091.2;2091.2;6
20240308 042900;2091.2;2091.3;2090.9;2090.9;11
20240308 043100;2090.8;2091.3;2090.7;2091.3;108
20240308 043200;2091.3;2091.3;2090.8;2091;66
20240308 043300;2091;2091;2091;2091;1
20240308 043500;2091;2091;2090.9;2090.9;7
20240308 043600;2090.8;2090.8;2090.6;2090.6;7
20240308 043700;2090.7;2090.8;2090.7;2090.8;5
20240308 043900;2090.5;2090.5;2089.9;2090;15
20240308 044000;2089.7;2089.7;2089.7;2089.7;1
20240308 044100;2089.7;2089.8;2089.7;2089.8;6
20240308 044200;2090.1;2090.2;2090.1;2090.2;2
20240308 044300;2090.1;2090.1;2090;2090.1;3
20240308 044500;2090;2090.1;2090;2090.1;2
20240308 044600;2090;2090;2089.7;2089.7;6
20240308 044700;2089.6;2089.8;2089.6;2089.8;11
20240308 044900;2089.6;2089.6;2089.6;2089.6;4
20240308 045000;2089.7;2089.8;2089.7;2089.8;2
20240308 045100;2089.8;2089.9;2089.8;2089.9;2
20240308 045200;2090.2;2090.2;2090.2;2090.2;1
20240308 045300;2090.1;2090.1;2089.5;2089.5;13
20240308 045400;2089.6;2089.6;2089.5;2089.5;5
20240308 045500;2089.6;2090;2089.6;2090;5
20240308 045600;2090.1;2090.1;2089.7;2089.7;5
20240308 045700;2089.5;2089.5;2089.5;2089.5;3
20240308 045800;2089.5;2089.5;2089.5;2089.5;5
20240308 045900;2089.3;2089.3;2089.3;2089.3;1
20240308 050000;2089.3;2089.4;2089.3;2089.4;4
20240308 050100;2089.5;2089.5;2089.3;2089.3;2
20240308 050300;2089.2;2089.2;2089.2;2089.2;1
20240308 050400;2089.5;2089.6;2089.4;2089.4;4
20240308 050700;2089.8;2089.9;2089.7;2089.9;12
20240308 050800;2089.7;2089.7;2089.7;2089.7;1
20240308 050900;2089.4;2089.5;2089.2;2089.2;18
20240308 051000;2089.4;2089.4;2089.4;2089.4;2
20240308 051100;2089.3;2089.3;2089.3;2089.3;1
20240308 051200;2089.2;2089.2;2089.2;2089.2;1
20240308 051300;2089.5;2089.5;2089.5;2089.5;2
20240308 051400;2089.6;2089.6;2089.5;2089.5;4
20240308 051500;2089.7;2089.8;2089.7;2089.8;2
20240308 051600;2089.7;2089.9;2089.7;2089.9;4
20240308 051700;2089.3;2089.3;2089.3;2089.3;1
20240308 051900;2089.6;2089.6;2089.6;2089.6;2
20240308 052100;2090;2090;2089.9;2089.9;4
20240308 052200;2089.9;2089.9;2089.9;2089.9;1
20240308 052400;2089.5;2089.5;2089.5;2089.5;2
20240308 052500;2089.6;2089.8;2089.5;2089.5;6
20240308 052800;2089.6;2089.7;2089.6;2089.7;2
20240308 052900;2090;2090.1;2090;2090.1;4
20240308 053000;2090.2;2090.2;2090.2;2090.2;1
20240308 053100;2090.3;2090.3;2090.1;2090.1;5
20240308 053200;2090.3;2090.3;2090.3;2090.3;1
20240308 053300;2090.2;2090.4;2090.2;2090.4;5
20240308 053400;2090.3;2090.4;2090.3;2090.4;7
20240308 053500;2090.4;2090.4;2090.4;2090.4;3
20240308 053600;2090.4;2090.4;2090.2;2090.3;8
20240308 053700;2090.3;2090.4;2090.2;2090.4;6
20240308 053800;2090.4;2090.5;2090.4;2090.5;6
20240308 053900;2090.5;2090.5;2090.3;2090.3;4
20240308 054000;2090.3;2090.3;2090.2;2090.3;7
20240308 054100;2090.2;2090.3;2090.2;2090.3;3
20240308 054300;2090.3;2090.3;2090.3;2090.3;1
20240308 054600;2090.3;2090.3;2090.3;2090.3;1
20240308 054800;2090.3;2090.3;2090.3;2090.3;1
20240308 054900;2090.4;2090.4;2090.3;2090.3;2
20240308 055100;2090.2;2090.2;2090.2;2090.2;1
20240308 055200;2090.3;2090.3;2090.3;2090.3;2
20240308 055300;2090.1;2090.1;2090.1;2090.1;3
20240308 055400;2090;2090.1;2090;2090.1;5
20240308 060000;2090.4;2090.6;2090.4;2090.6;11
20240308 060100;2090.6;2090.6;2090.2;2090.2;23
20240308 060300;2090;2090.5;2090;2090.5;6
20240308 060400;2090.2;2090.2;2090.2;2090.2;1
20240308 060500;2090;2090.1;2090;2090.1;7
20240308 060600;2090.1;2090.3;2089.9;2090.2;10
20240308 060700;2090;2090;2089.4;2089.4;12
20240308 060800;2089.2;2089.7;2089.1;2089.7;10
20240308 060900;2089.5;2089.5;2089.5;2089.5;4
20240308 061000;2089.7;2089.7;2089.7;2089.7;2
20240308 061100;2089.5;2089.5;2089.4;2089.4;3
20240308 061200;2089.4;2089.4;2089.3;2089.3;2
20240308 061400;2089.5;2089.5;2089.5;2089.5;1
20240308 061500;2089.7;2090;2089.7;2090;4
20240308 061600;2089.9;2089.9;2089.7;2089.8;18
20240308 061700;2089.8;2089.8;2089.7;2089.7;3
20240308 061800;2089.6;2089.6;2089.4;2089.4;3
20240308 061900;2089.2;2089.2;2089;2089;5
20240308 062000;2089;2089.4;2089;2089.4;7
20240308 062100;2089.4;2089.4;2089.4;2089.4;1
20240308 062200;2089.4;2089.4;2089.4;2089.4;1
20240308 062300;2089.4;2089.4;2089.4;2089.4;1
20240308 062500;2089.4;2089.5;2089.3;2089.3;4
20240308 062600;2089.4;2089.4;2089.4;2089.4;2
20240308 062800;2089.5;2089.5;2089.5;2089.5;1
20240308 062900;2089.7;2089.7;2089.6;2089.6;5
20240308 063100;2089.4;2089.4;2089.4;2089.4;2
20240308 063300;2089.8;2090;2089.8;2089.8;11
20240308 063400;2089.9;2090.2;2089.9;2090.2;14
20240308 063600;2090.3;2090.3;2090.1;2090.1;8
20240308 063700;2090;2090.2;2089.9;2089.9;11
20240308 063900;2090;2090;2090;2090;2
20240308 064000;2089.8;2089.8;2089.8;2089.8;2
20240308 064100;2089.8;2089.8;2089.8;2089.8;3
20240308 064200;2089.8;2089.8;2089.6;2089.6;5
20240308 064300;2089.7;2089.7;2089.5;2089.5;13
20240308 064400;2089.5;2089.5;2089.5;2089.5;1
20240308 064600;2089.4;2089.5;2089.4;2089.5;3
20240308 065200;2089.6;2089.6;2089.6;2089.6;1
20240308 065300;2089.8;2090;2089.8;2090;6
20240308 065400;2089.9;2089.9;2089.7;2089.7;3
20240308 065500;2089.6;2089.6;2089.6;2089.6;1
20240308 065600;2089.4;2089.4;2089.3;2089.3;3
20240308 065700;2089.3;2089.4;2089.3;2089.4;3
20240308 065800;2089.7;2090;2089.7;2090;5
20240308 065900;2090;2090.1;2090;2090.1;2
20240308 070000;2090;2090.1;2090;2090.1;4
20240308 070100;2090;2090;2089.5;2090;35
20240308 070200;2089.9;2090.5;2089.9;2090.3;14
20240308 070300;2090.2;2090.2;2089.4;2089.5;11
20240308 070400;2089.6;2089.6;2089.6;2089.6;1
20240308 070500;2090;2090.3;2090;2090.3;4
20240308 070600;2090.6;2090.9;2090.4;2090.4;27
20240308 070700;2090.3;2090.4;2090.1;2090.1;5
20240308 070800;2089.9;2089.9;2089.8;2089.9;14
20240308 070900;2090;2090;2090;2090;1
20240308 071100;2089.8;2090.1;2089.8;2090.1;9
20240308 071200;2089.9;2089.9;2089.4;2089.7;17
20240308 071300;2089.8;2089.9;2089.7;2089.9;19
20240308 071400;2090;2090;2089.6;2089.6;6
20240308 071500;2089.5;2089.7;2089.4;2089.6;26
20240308 071600;2089.5;2089.7;2089.4;2089.4;26
20240308 071700;2089.4;2089.4;2088.7;2088.7;26
20240308 071800;2088.8;2088.9;2088.8;2088.9;13
20240308 071900;2089;2089;2088.5;2088.5;29
20240308 072000;2088.6;2088.6;2088.3;2088.6;13
20240308 072100;2088.5;2088.5;2088.1;2088.1;14
20240308 072200;2088.3;2088.3;2088.3;2088.3;4
20240308 072300;2088.5;2088.5;2087.8;2088.1;28
20240308 072400;2088.3;2088.3;2088.3;2088.3;4
20240308 072500;2088.2;2088.3;2087.9;2088.1;19
20240308 072600;2088;2088.3;2087.9;2088.3;18
20240308 072700;2088.1;2088.3;2087.9;2088.2;28
20240308 072800;2088.2;2088.2;2088;2088.1;20
20240308 072900;2088.2;2088.9;2088.2;2088.9;16
20240308 073000;2088.7;2088.7;2088.4;2088.4;5
20240308 073100;2088.5;2088.5;2088.3;2088.5;26
20240308 073200;2088.3;2088.3;2088.3;2088.3;5
20240308 073300;2088.1;2088.1;2087.8;2087.9;15
20240308 073400;2088;2088.2;2088;2088.2;5
20240308 073500;2088;2088.2;2088;2088.2;4
20240308 073600;2088.4;2088.4;2088;2088;9
20240308 073700;2087.9;2088.5;2087.8;2088.5;15
20240308 073800;2088.7;2088.9;2088.5;2088.5;8
20240308 073900;2088.6;2089.4;2088.6;2089.4;28
20240308 074000;2089.5;2089.5;2089.5;2089.5;4
20240308 074100;2089.7;2090.4;2089.7;2090.4;20
20240308 074200;2090.5;2090.7;2090.3;2090.4;16
20240308 074300;2090.3;2090.6;2090.3;2090.6;5
20240308 074400;2090.6;2090.9;2090.6;2090.7;7
20240308 074500;2090.5;2090.7;2090.5;2090.7;4
20240308 074600;2090.7;2090.7;2090.6;2090.6;11
20240308 074700;2090.5;2090.6;2090.3;2090.5;9
20240308 074800;2090.4;2090.4;2090.3;2090.4;8
20240308 074900;2090.5;2090.7;2090.5;2090.6;5
20240308 075000;2090.4;2090.4;2090.2;2090.4;6
20240308 075100;2090.3;2090.3;2089.8;2090.1;8
20240308 075200;2089.8;2089.8;2089.5;2089.6;10
20240308 075500;2089.8;2090.1;2089.8;2090.1;7
20240308 075600;2090.1;2090.1;2090.1;2090.1;1
20240308 075700;2089.8;2089.8;2089.4;2089.4;8
20240308 075800;2089.3;2089.5;2089.3;2089.5;3
20240308 075900;2089.3;2089.4;2089.2;2089.4;5
20240308 080000;2089.4;2090;2089.4;2090;9
20240308 080100;2090.1;2090.2;2088.9;2088.9;44
20240308 080200;2088.8;2089.3;2088.4;2089.1;34
20240308 080300;2088.8;2089.2;2088.7;2089.2;11
20240308 080400;2089;2089.4;2089;2089.3;13
20240308 080500;2089.5;2089.7;2089.3;2089.7;12
20240308 080600;2089.6;2090.1;2089.6;2089.8;31
20240308 080700;2089.6;2090.5;2089.6;2090.4;41
20240308 080800;2090.3;2091.1;2090.3;2090.6;72
20240308 080900;2090.5;2090.5;2089.4;2089.5;25
20240308 081000;2089.4;2089.4;2088.7;2088.7;25
20240308 081100;2088.8;2090.1;2088.7;2089.8;62
20240308 081200;2089.7;2089.7;2089.4;2089.6;13
20240308 081300;2089.5;2090;2089.4;2090;18
20240308 081400;2089.7;2090.3;2089.7;2090.3;12
20240308 081500;2090.3;2090.9;2090.3;2090.8;16
20240308 081600;2090.9;2091.2;2089.8;2090;54
20240308 081700;2089.7;2089.7;2088.9;2088.9;26
20240308 081800;2088.9;2089.7;2088.5;2089.5;48
20240308 081900;2089.4;2089.4;2089;2089;10
20240308 082000;2088.9;2090.5;2088.9;2090.1;91
20240308 082100;2090.1;2090.1;2090.1;2090.1;3
20240308 082200;2090.1;2090.3;2089.5;2089.5;32
20240308 082300;2089.5;2089.6;2089.2;2089.5;22
20240308 082400;2089.4;2089.6;2088.8;2088.9;24
20240308 082500;2089;2089;2088.5;2088.6;13
20240308 082600;2088.5;2088.5;2088;2088;32
20240308 082700;2088.3;2089;2088.3;2088.7;21
20240308 082800;2088.9;2088.9;2087.9;2088.1;23
20240308 082900;2088.2;2088.2;2087.9;2088.1;18
20240308 083000;2088.2;2088.4;2088;2088.4;15
20240308 083100;2088.5;2088.7;2088.5;2088.6;13
20240308 083200;2088.3;2088.3;2088;2088.1;13
20240308 083300;2088.5;2088.5;2088.3;2088.3;2
20240308 083400;2088.6;2088.9;2088.6;2088.7;10
20240308 083500;2088.6;2089.5;2088.5;2089.5;15
20240308 083600;2089.4;2089.4;2088.9;2089.1;12
20240308 083700;2088.9;2089;2088.3;2088.8;17
20240308 083800;2088.9;2088.9;2088.9;2088.9;1
20240308 083900;2088.6;2088.6;2088.6;2088.6;1
20240308 084000;2088.6;2088.8;2088.6;2088.6;3
20240308 084100;2088.6;2089.5;2088.6;2089.5;28
20240308 084200;2089.3;2089.9;2089.3;2089.8;17
20240308 084300;2090;2090;2089.4;2089.9;72
20240308 084400;2089.8;2089.8;2089.5;2089.5;5
20240308 084500;2089.5;2089.6;2089.5;2089.5;5
20240308 084600;2089.5;2089.5;2088.7;2088.9;32
20240308 084700;2088.9;2090;2088.9;2089.7;129
20240308 084800;2089.8;2090.8;2089.1;2090.5;94
20240308 084900;2090.3;2090.9;2090.1;2090.1;27
20240308 085000;2090.1;2090.8;2089.9;2090.8;27
20240308 085100;2090.6;2090.9;2090.5;2090.8;11
20240308 085200;2090.8;2091.2;2090.6;2091.1;27
20240308 085300;2091.1;2092.5;2091.1;2092.4;91
20240308 085400;2092.2;2092.2;2092.1;2092.2;9
20240308 085500;2092.4;2092.4;2092.2;2092.3;14
20240308 085600;2092.4;2093.4;2092.4;2093.2;157
20240308 085700;2093.2;2093.4;2093.1;2093.3;28
20240308 085800;2093.4;2093.6;2093.1;2093.6;22
20240308 085900;2093.7;2093.7;2092.9;2093.1;38
20240308 090000;2093;2093;2092.1;2092.2;54
20240308 090100;2092.2;2093.3;2091.6;2091.7;166
20240308 090200;2091.8;2092;2091;2091.7;53
20240308 090300;2091.5;2091.5;2090.8;2090.8;34
20240308 090400;2090.8;2091.4;2090.3;2090.5;47
20240308 090500;2090.6;2091.1;2090.6;2090.9;30
20240308 090600;2090.7;2090.7;2089.5;2089.7;61
20240308 090700;2090.1;2090.5;2090.1;2090.3;13
20240308 090800;2090.2;2090.2;2089.8;2090;14
20240308 090900;2089.9;2090.2;2089.8;2089.9;35
20240308 091000;2089.8;2090.3;2089.5;2090.3;21
20240308 091100;2090.1;2090.1;2089.3;2089.8;123
20240308 091200;2090;2090;2089.5;2089.5;20
20240308 091300;2089.5;2090.3;2089.1;2090.3;35
20240308 091400;2090.2;2091.1;2090.2;2090.3;66
20240308 091500;2090.2;2090.6;2089.5;2089.7;49
20240308 091600;2089.5;2089.6;2089.1;2089.4;24
20240308 091700;2089.3;2089.3;2088.4;2088.8;54
20240308 091800;2088.7;2089.4;2088.7;2089.4;12
20240308 091900;2089.7;2090.6;2089.7;2090.6;39
20240308 092000;2090.5;2090.5;2089.7;2089.7;42
20240308 092100;2089.6;2090.2;2089.6;2090;24
20240308 092200;2089.7;2090.1;2089.4;2089.8;26
20240308 092300;2090;2090.1;2089.8;2090;18
20240308 092400;2090;2090.4;2089.7;2090.3;26
20240308 092500;2090.4;2090.7;2090.1;2090.5;38
20240308 092600;2090.2;2090.2;2089.8;2089.8;30
20240308 092700;2089.7;2089.9;2089.5;2089.9;14
20240308 092800;2090.1;2090.2;2090.1;2090.1;12
20240308 092900;2090.1;2090.4;2089.9;2090;25
20240308 093000;2089.8;2090.3;2089.5;2090.1;26
20240308 093100;2090.3;2091.4;2089.9;2090;108
20240308 093200;2090;2091.4;2090;2091.1;51
20240308 093300;2091.1;2091.7;2090.5;2090.8;61
20240308 093400;2090.6;2091.5;2090.6;2091.4;25
20240308 093500;2091.5;2091.7;2091.2;2091.6;61
20240308 093600;2091.7;2092.1;2091.6;2091.9;51
20240308 093700;2092;2092.2;2091.2;2091.6;48
20240308 093800;2091.4;2091.5;2090.3;2090.9;57
20240308 093900;2091;2091.6;2090.8;2091.2;24
20240308 094000;2091;2091.2;2090.9;2091.2;13
20240308 094100;2091.1;2092;2091.1;2091.3;69
20240308 094200;2091.5;2091.9;2091.4;2091.8;28
20240308 094300;2091.6;2092;2091.3;2092;28
20240308 094400;2091.9;2092.2;2091.9;2092.2;22
20240308 094500;2092.1;2092.3;2091.9;2092.2;22
20240308 094600;2092.3;2093.4;2092.3;2093.2;207
20240308 094700;2093;2093;2092.4;2092.5;39
20240308 094800;2092.6;2093;2092.6;2092.6;20
20240308 094900;2092.6;2092.9;2091.8;2091.9;53
20240308 095000;2091.9;2092.4;2091.7;2092.3;20
20240308 095100;2092;2092.2;2091.6;2091.9;23
20240308 095200;2091.7;2092.6;2091.7;2092.5;25
20240308 095300;2092.5;2092.9;2092.4;2092.9;8
20240308 095400;2092.7;2092.9;2092.4;2092.7;18
20240308 095500;2092.7;2092.7;2092.4;2092.4;7
20240308 095600;2092.3;2092.3;2091.9;2092.2;12
20240308 095700;2092.1;2092.2;2091.8;2092;15
20240308 095800;2091.9;2091.9;2091.9;2091.9;4
20240308 095900;2092.1;2092.2;2091.9;2091.9;9
20240308 100000;2091.9;2092.2;2091.9;2091.9;10
20240308 100100;2091.8;2092.1;2090.9;2090.9;47
20240308 100200;2091;2091.9;2091;2091.9;22
20240308 100300;2091.7;2091.7;2090.7;2090.7;56
20240308 100400;2090.8;2091.1;2090.8;2090.9;12
20240308 100500;2091;2091.4;2091;2091.1;21
20240308 100600;2091.1;2091.1;2090.2;2090.3;132
20240308 100700;2090.3;2090.3;2089.9;2090;27
20240308 100800;2090.3;2090.9;2090.3;2090.8;23
20240308 100900;2090.7;2090.7;2090.4;2090.7;8
20240308 101000;2090.5;2091.1;2090.5;2091.1;9
20240308 101100;2091;2091.2;2090.8;2090.8;8
20240308 101200;2090.6;2090.7;2090.4;2090.7;14
20240308 101300;2090.6;2091.1;2090.2;2090.3;27
20240308 101400;2090.4;2090.5;2090.4;2090.5;2
20240308 101500;2090.6;2090.8;2090.4;2090.5;10
20240308 101600;2090.5;2090.8;2090.3;2090.8;37
20240308 101700;2090.7;2090.7;2090.7;2090.7;1
20240308 101800;2090.7;2090.7;2090.7;2090.7;1
20240308 101900;2090.8;2090.8;2090.4;2090.5;20
20240308 102000;2090.5;2090.9;2090.5;2090.7;20
20240308 102100;2091;2091;2090.7;2090.8;18
20240308 102200;2090.8;2090.9;2090.8;2090.8;11
20240308 102300;2090.9;2091;2090.3;2090.5;14
20240308 102400;2090.8;2090.9;2090.5;2090.9;14
20240308 102500;2091.1;2091.1;2090.8;2090.8;11
20240308 102600;2090.8;2091.1;2090.5;2090.9;14
20240308 102700;2090.9;2091;2090.7;2090.7;9
20240308 102800;2091;2091.4;2090.7;2091.1;12
20240308 102900;2091.2;2091.2;2090.5;2090.5;25
20240308 103000;2090.4;2090.4;2090.4;2090.4;2
20240308 103100;2090.5;2090.8;2090.5;2090.5;10
20240308 103200;2090.9;2091;2090.6;2091;9
20240308 103300;2090.9;2091;2089.2;2089.3;82
20240308 103400;2089.2;2089.2;2088.3;2088.6;68
20240308 103500;2088.7;2088.7;2088;2088.3;76
20240308 103600;2088.3;2088.8;2088.3;2088.8;9
20240308 103700;2088.6;2088.6;2088.4;2088.4;13
20240308 103800;2088.3;2088.6;2088.3;2088.4;16
20240308 103900;2088.3;2088.4;2088.3;2088.4;3
20240308 104000;2088.6;2089.3;2088.4;2089.3;32
20240308 104100;2089.2;2090.1;2089.2;2089.9;40
20240308 104200;2089.9;2090.1;2089.8;2090;15
20240308 104300;2090;2090.3;2089.8;2090;14
20240308 104400;2090.4;2090.7;2090.4;2090.7;21
20240308 104500;2090.5;2090.7;2090.1;2090.2;52
20240308 104600;2090;2090.2;2089.1;2089.5;32
20240308 104700;2089.7;2090;2089.7;2090;4
20240308 104800;2090;2090.4;2089.6;2090;26
20240308 104900;2090.1;2090.2;2090.1;2090.2;2
20240308 105000;2090;2090.3;2089.9;2090.2;16
20240308 105100;2090.3;2090.3;2089.8;2089.8;5
20240308 105200;2089.9;2089.9;2089.8;2089.9;6
20240308 105300;2090;2090.7;2090;2090.4;34
20240308 105400;2090.6;2090.9;2090.6;2090.7;15
20240308 105500;2090.9;2090.9;2090.9;2090.9;1
20240308 105600;2090.8;2091;2090.5;2090.5;16
20240308 105700;2090.5;2091;2090.5;2091;19
20240308 105800;2090.8;2091;2090.7;2091;4
20240308 105900;2091;2091.2;2090.8;2090.8;20
20240308 110000;2090.8;2090.9;2090.5;2090.8;12
20240308 110100;2091;2091.1;2090.4;2090.5;28
20240308 110200;2090.5;2091.5;2090.5;2091;42
20240308 110300;2091.2;2091.6;2091.2;2091.5;21
20240308 110400;2091.2;2091.2;2090.8;2090.8;13
20240308 110500;2090.9;2091.3;2090.7;2090.8;21
20240308 110600;2090.8;2090.8;2090.4;2090.4;4
20240308 110700;2090.6;2090.6;2090.2;2090.5;12
20240308 110900;2090.3;2090.5;2090.2;2090.5;6
20240308 111000;2090.7;2090.7;2090.3;2090.3;6
20240308 111100;2090.3;2090.3;2089;2089.3;37
20240308 111200;2089.4;2089.7;2089;2089.7;16
20240308 111300;2089.3;2089.8;2089.3;2089.8;7
20240308 111400;2090;2090;2089.6;2089.6;18
20240308 111500;2089.5;2089.7;2089.5;2089.5;6
20240308 111600;2089.5;2089.5;2088.9;2088.9;19
20240308 111700;2089.2;2089.3;2089.2;2089.3;4
20240308 111800;2089.3;2089.4;2089.1;2089.4;10
20240308 111900;2089.5;2089.7;2089.5;2089.6;14
20240308 112000;2089.8;2089.9;2089.7;2089.8;12
20240308 112100;2089.9;2090.4;2089.9;2090;20
20240308 112200;2090;2090.2;2089.6;2089.8;29
20240308 112300;2089.6;2089.8;2089.5;2089.8;8
20240308 112400;2089.5;2089.7;2089.5;2089.6;9
20240308 112500;2089.7;2089.8;2089.7;2089.8;10
20240308 112600;2089.8;2090.3;2089.8;2090.2;9
20240308 112700;2090;2090;2089.3;2089.3;20
20240308 112800;2089.2;2089.9;2089.2;2089.7;7
20240308 113000;2089.5;2090.2;2089.5;2090.2;22
20240308 113100;2090.1;2090.2;2089.6;2089.7;27
20240308 113200;2089.6;2090;2089.6;2089.6;20
20240308 113300;2089.6;2089.9;2089.3;2089.9;20
20240308 113400;2090;2090;2089.6;2089.9;20
20240308 113500;2089.7;2089.7;2089;2089;10
20240308 113600;2088.9;2088.9;2088.3;2088.3;31
20240308 113700;2088.4;2088.5;2088.2;2088.5;12
20240308 113800;2088.3;2088.3;2087.5;2087.5;55
20240308 113900;2087.4;2087.8;2087.4;2087.8;9
20240308 114000;2087.8;2088;2087.3;2087.4;27
20240308 114100;2087.5;2087.5;2087;2087.1;40
20240308 114200;2087;2087;2086.7;2087;16
20240308 114300;2087.2;2087.3;2087;2087.1;13
20240308 114400;2087.2;2087.8;2087.2;2087.8;30
20240308 114500;2087.9;2088.3;2087.8;2088.1;30
20240308 114600;2088;2088;2086.8;2087.5;181
20240308 114700;2087.6;2088;2087.3;2087.9;19
20240308 114800;2087.8;2087.8;2086.9;2087.1;20
20240308 114900;2086.9;2086.9;2086.4;2086.5;34
20240308 115000;2086.6;2087.1;2086.6;2087.1;14
20240308 115100;2086.9;2087.1;2086.6;2086.8;36
20240308 115200;2086.7;2086.9;2086.3;2086.4;33
20240308 115300;2086.3;2086.3;2085.9;2086.1;30
20240308 115400;2086.2;2086.2;2085.7;2085.9;10
20240308 115500;2085.9;2086.6;2085.9;2086.5;16
20240308 115600;2086.4;2086.6;2086.1;2086.1;16
20240308 115700;2086.2;2086.4;2085.9;2086;25
20240308 115800;2085.8;2086.2;2085.7;2086.1;15
20240308 115900;2086.2;2086.2;2085.9;2086.1;8
20240308 120000;2086.2;2086.7;2085.8;2086.4;65
20240308 120100;2086.6;2087;2086.4;2086.8;50
20240308 120200;2086.8;2086.8;2086.3;2086.5;31
20240308 120300;2086.2;2086.2;2085.7;2085.8;29
20240308 120400;2085.8;2085.8;2085.4;2085.8;33
20240308 120500;2085.8;2086.7;2085.8;2086.6;23
20240308 120600;2086.6;2086.6;2086.3;2086.5;11
20240308 120700;2086.1;2086.1;2085.7;2086;19
20240308 120800;2085.9;2085.9;2085.2;2085.2;23
20240308 120900;2085.3;2085.5;2085.2;2085.3;5
20240308 121000;2085.5;2085.5;2085.2;2085.3;11
20240308 121100;2085.2;2085.6;2084.8;2085.4;50
20240308 121200;2085.5;2085.6;2085.5;2085.5;6
20240308 121300;2085.7;2086;2085.3;2085.9;61
20240308 121400;2086;2086.3;2085.9;2086.3;14
20240308 121500;2086;2086;2085.9;2085.9;7
20240308 121600;2085.8;2085.9;2085;2085;18
20240308 121700;2085.1;2085.1;2084.3;2084.5;41
20240308 121800;2084.5;2084.5;2083.7;2083.8;49
20240308 121900;2083.6;2083.6;2083.1;2083.5;39
20240308 122000;2083.5;2083.6;2082.3;2082.5;92
20240308 122100;2082.5;2082.8;2080.8;2081.6;167
20240308 122200;2081.5;2081.7;2080.7;2080.9;45
20240308 122300;2080.8;2083.6;2080.8;2083.5;134
20240308 122400;2083.6;2083.7;2083.2;2083.4;21
20240308 122500;2083.3;2083.3;2083;2083.2;19
20240308 122600;2083.2;2083.8;2083.1;2083.6;28
20240308 122700;2083.5;2083.6;2082.8;2083;21
20240308 122800;2082.9;2083.2;2082.4;2083.2;42
20240308 122900;2082.9;2083.5;2082.9;2082.9;40
20240308 123000;2082.9;2083.4;2082.9;2083.4;29
20240308 123100;2083.3;2083.3;2081.8;2082;74
20240308 123200;2081.9;2082.5;2081.6;2082.5;39
20240308 123300;2082.4;2082.6;2081.9;2082;47
20240308 123400;2082;2082.3;2081.9;2082.3;20
20240308 123500;2082.5;2082.9;2082.4;2082.6;66
20240308 123600;2082.5;2082.7;2082.4;2082.7;28
20240308 123700;2082.7;2082.8;2082.6;2082.6;21
20240308 123800;2082.5;2082.5;2082.3;2082.3;11
20240308 123900;2082.3;2082.3;2081.3;2081.7;50
20240308 124000;2081.8;2082.5;2081.8;2082.5;42
20240308 124100;2082.5;2083;2082.1;2082.1;149
20240308 124200;2082;2082.2;2081.7;2082.2;41
20240308 124300;2082;2082.1;2081.8;2081.9;31
20240308 124400;2082;2082;2081.7;2081.8;10
20240308 124500;2081.9;2082.1;2081.9;2081.9;12
20240308 124600;2081.8;2082;2081.6;2081.6;32
20240308 124700;2081.6;2081.7;2081;2081.4;47
20240308 124800;2081.4;2082.1;2081.4;2081.7;65
20240308 124900;2081.6;2081.9;2081.4;2081.6;35
20240308 125000;2081.4;2081.7;2081.3;2081.5;14
20240308 125100;2081.3;2081.3;2080.5;2080.8;126
20240308 125200;2080.9;2081.1;2080.4;2080.9;39
20240308 125300;2080.8;2080.9;2080.5;2080.8;48
20240308 125400;2080.9;2081.7;2080.9;2081.3;46
20240308 125500;2081.3;2081.5;2081.3;2081.4;21
20240308 125600;2081.4;2081.4;2081;2081.2;19
20240308 125700;2081.1;2081.6;2081.1;2081.6;17
20240308 125800;2081.6;2081.8;2081.4;2081.7;32
20240308 125900;2081.9;2081.9;2081.5;2081.5;18
20240308 130000;2081.6;2082.1;2081.6;2082;35
20240308 130100;2081.8;2082.2;2081.7;2081.9;69
20240308 130200;2081.9;2082.7;2081.8;2082.7;130
20240308 130300;2082.6;2082.6;2082;2082.2;47
20240308 130400;2082.3;2082.3;2081.9;2082.3;44
20240308 130500;2082.4;2082.4;2081.7;2082;45
20240308 130600;2081.9;2082.1;2081.8;2081.8;51
20240308 130700;2082;2082.1;2081.6;2081.9;61
20240308 130800;2081.8;2082.3;2081.8;2082.3;32
20240308 130900;2082.1;2082.1;2081.6;2081.7;41
20240308 131000;2081.8;2082;2081.2;2081.4;57
20240308 131100;2081.5;2081.9;2081.5;2081.9;16
20240308 131200;2081.7;2082;2081.7;2081.9;24
20240308 131300;2082;2082;2081.8;2081.8;21
20240308 131400;2082;2082.1;2081.7;2082;47
20240308 131500;2082;2082.5;2082;2082.4;34
20240308 131600;2082.5;2083.7;2082.3;2083.5;126
20240308 131700;2083.5;2084.5;2083.5;2084.5;118
20240308 131800;2084.6;2085.5;2084.6;2085.2;91
20240308 131900;2085.1;2085.3;2084.3;2084.3;41
20240308 132000;2084.4;2084.5;2084.2;2084.4;31
20240308 132100;2084.3;2084.3;2083.5;2084.1;64
20240308 132200;2083.9;2084.4;2083.9;2084.2;53
20240308 132300;2084.3;2086;2084.2;2085.9;98
20240308 132400;2086.1;2087.3;2086;2087.3;120
20240308 132500;2087.4;2088.3;2087.3;2088.1;133
20240308 132600;2088.2;2088.9;2087.7;2087.9;190
20240308 132700;2087.7;2087.8;2086.3;2086.3;90
20240308 132800;2086.1;2086.1;2084.8;2085.4;53
20240308 132900;2085.7;2085.8;2083.8;2084.6;122
20240308 133000;2084.3;2084.8;2083.5;2084.8;60
20240308 133100;2084.2;2094.9;2070.7;2094.8;2425
20240308 133200;2094.6;2105;2094.3;2105;2210
20240308 133300;2105;2108;2099.4;2101;2235
20240308 133400;2100.8;2102.4;2094.2;2098.5;1052
20240308 133500;2098.9;2099.5;2093.5;2096.3;1260
20240308 133600;2096.3;2104.1;2095.8;2103.2;1088
20240308 133700;2103.3;2104.1;2098.5;2100.4;789
20240308 133800;2100.8;2102.1;2100;2101.2;727
20240308 133900;2101.4;2104.3;2100.7;2103.6;491
20240308 134000;2103.9;2107.4;2102.8;2107.2;746
20240308 134100;2107;2108.7;2104.9;2105.6;871
20240308 134200;2105.4;2106.2;2103.9;2105.9;509
20240308 134300;2105.8;2111;2105.8;2110;1456
20240308 134400;2110.4;2111.9;2108.3;2108.8;1168
20240308 134500;2108.8;2110.4;2106.3;2109.6;569
20240308 134600;2109.3;2114.4;2109.1;2111.7;1553
20240308 134700;2111.7;2114.6;2111.4;2114.4;859
20240308 134800;2114.1;2115.2;2113.4;2114.6;581
20240308 134900;2114.4;2114.5;2111.8;2112.9;510
20240308 135000;2112.6;2112.9;2108.7;2109;322
20240308 135100;2108.9;2110.7;2106.8;2110.4;1101
20240308 135200;2110.6;2113.9;2110.6;2113.9;376
20240308 135300;2113.9;2114.7;2113.1;2113.5;529
20240308 135400;2113.6;2114.4;2112.1;2112.1;329
20240308 135500;2112;2112.6;2111.6;2112.3;220
20240308 135600;2112.6;2113.5;2111.5;2112.2;306
20240308 135700;2112.3;2112.6;2111.5;2112.3;293
20240308 135800;2112.3;2112.3;2106.3;2107.7;575
20240308 135900;2107.9;2111.5;2107.5;2110.9;229
20240308 140000;2110.9;2111.2;2108.7;2108.9;149
20240308 140100;2108.9;2110.5;2107.5;2110.5;247
20240308 140200;2110.5;2112.3;2109.7;2112.1;228
20240308 140300;2112.1;2113.2;2111.1;2111.1;267
20240308 140400;2111.4;2112.4;2110.9;2110.9;136
20240308 140500;2110.8;2112.4;2110.8;2110.9;171
20240308 140600;2111.1;2111.1;2109.9;2110.7;142
20240308 140700;2110.6;2110.6;2108.2;2108.6;279
20240308 140800;2108.6;2108.8;2107.5;2107.8;218
20240308 140900;2107.8;2107.9;2104;2104.1;275
20240308 141000;2104.1;2104.6;2102.5;2103.7;616
20240308 141100;2103.6;2106.2;2103.6;2106;209
20240308 141200;2105.9;2109.7;2105.9;2109.6;275
20240308 141300;2109.2;2109.2;2106.8;2107;259
20240308 141400;2107.1;2108.9;2106;2106.3;153
20240308 141500;2106;2107.1;2105.8;2106.4;53
20240308 141600;2106.3;2106.3;2102.2;2104;303
20240308 141700;2104.2;2104.7;2103.3;2103.6;149
20240308 141800;2103.8;2104.7;2102.3;2104.5;274
20240308 141900;2104.3;2105.2;2103;2103.4;166
20240308 142000;2103;2104.3;2102.9;2103.7;143
20240308 142100;2103.5;2104.2;2102.8;2103.7;186
20240308 142200;2103.4;2104.9;2102.4;2104.2;217
20240308 142300;2104.2;2104.5;2103.4;2104;79
20240308 142400;2103.9;2105.1;2103.3;2104.3;122
20240308 142500;2104.1;2104.8;2103.7;2104;89
20240308 142600;2103.9;2105.6;2103.9;2105.4;211
20240308 142700;2105.1;2107.7;2105.1;2107.4;265
20240308 142800;2107.5;2108.3;2107;2107.6;127
20240308 142900;2107.5;2108;2102.7;2104.5;423
20240308 143000;2104.4;2104.9;2101.7;2104.5;483
20240308 143100;2104.5;2106.3;2101.6;2102.3;1748
20240308 143200;2102.2;2108.8;2101.5;2107.7;1343
20240308 143300;2107.8;2110.8;2107.4;2110.6;1393
20240308 143400;2110.7;2113.8;2110.6;2112.7;1353
20240308 143500;2112.8;2113.2;2110.9;2112.8;778
20240308 143600;2112.8;2114.3;2112.3;2113.1;1151
20240308 143700;2113;2115.1;2111.7;2112.7;1182
20240308 143800;2112.9;2113.7;2109.3;2109.8;734
20240308 143900;2109.7;2111.2;2109.3;2111.2;763
20240308 144000;2111.2;2112.2;2110.7;2111.8;448
20240308 144100;2111.7;2113.4;2111.3;2113.2;850
20240308 144200;2113.1;2114.7;2112;2114.5;663
20240308 144300;2114.7;2115.8;2113.5;2115;1226
20240308 144400;2114.8;2117.7;2114.6;2117.1;1023
20240308 144500;2117;2117.4;2115.2;2117;806
20240308 144600;2116.9;2119.2;2116.4;2119.1;801
20240308 144700;2119;2121.1;2118.7;2120.1;942
20240308 144800;2120;2121.4;2118.9;2119.2;773
20240308 144900;2119;2120.3;2117.9;2119.9;1007
20240308 145000;2119.8;2120.2;2115.6;2115.8;856
20240308 145100;2115.8;2116.9;2114.2;2115.2;801
20240308 145200;2115.2;2116;2112.8;2113.7;721
20240308 145300;2113.6;2115.4;2113.2;2115.4;572
20240308 145400;2115.5;2117.4;2114.2;2116.6;760
20240308 145500;2116.6;2117;2115;2115.9;455
20240308 145600;2115.7;2117.9;2115.5;2117;467
20240308 145700;2116.8;2116.8;2113.8;2114;648
20240308 145800;2113.8;2114.6;2113.1;2113.3;621
20240308 145900;2113.3;2116.1;2113.2;2115.1;499
20240308 150000;2115;2117.2;2115;2116.5;650
20240308 150100;2116.5;2117.6;2116.3;2117.3;442
20240308 150200;2117.3;2117.4;2115;2115.6;469
20240308 150300;2115.5;2116.6;2115.1;2115.9;454
20240308 150400;2115.9;2117;2115;2116.8;258
20240308 150500;2116.7;2116.8;2114.7;2115.9;348
20240308 150600;2115.8;2116.6;2114;2114.4;404
20240308 150700;2114.4;2118.1;2114.4;2117.3;527
20240308 150800;2117.3;2119.4;2117.3;2118.3;614
20240308 150900;2118.1;2118.5;2116;2116.1;453
20240308 151000;2116;2118.8;2116;2118.6;367
20240308 151100;2118.5;2118.8;2115.9;2116.2;350
20240308 151200;2116.2;2116.7;2114.6;2116.2;452
20240308 151300;2116.2;2116.3;2114.5;2115.1;334
20240308 151400;2115.1;2116.8;2114.4;2116.4;383
20240308 151500;2116.3;2117.8;2116.3;2117.4;344
20240308 151600;2117.2;2118.9;2116.2;2118.2;557
20240308 151700;2118.2;2118.5;2116.6;2117.1;440
20240308 151800;2117;2118.4;2116.8;2118.2;389
20240308 151900;2118.4;2119;2117;2117.3;380
20240308 152000;2117;2118.9;2116.5;2116.7;383
20240308 152100;2116.7;2116.7;2115.4;2116.3;349
20240308 152200;2116.3;2117.3;2115.4;2115.8;265
20240308 152300;2115.7;2115.8;2114.1;2114.7;489
20240308 152400;2114.6;2114.7;2112.7;2113.2;782
20240308 152500;2113.1;2114.3;2112.8;2114.2;407
20240308 152600;2114.1;2115.6;2114;2114.4;277
20240308 152700;2114.6;2114.9;2112.6;2112.9;279
20240308 152800;2113;2114.4;2112.4;2114.2;362
20240308 152900;2114.2;2115.5;2113.8;2115.4;290
20240308 153000;2115.3;2115.6;2113.8;2114.2;499
20240308 153100;2114.5;2115;2112.6;2112.9;317
20240308 153200;2112.8;2113.6;2112.5;2113.3;240
20240308 153300;2113.2;2113.7;2111.1;2111.7;579
20240308 153400;2111.6;2111.8;2109.7;2110.4;469
20240308 153500;2110.3;2111.2;2109.3;2110.5;536
20240308 153600;2110.4;2111;2108.4;2108.9;445
20240308 153700;2108.9;2109.4;2108.2;2109;382
20240308 153800;2108.9;2111.3;2108.3;2111;483
20240308 153900;2110.9;2111.9;2110.3;2110.5;306
20240308 154000;2110.6;2112.8;2110.5;2112.8;293
20240308 154100;2112.6;2113.5;2111.4;2112.9;444
20240308 154200;2112.9;2115.5;2112.9;2114.5;706
20240308 154300;2114.3;2114.8;2113.2;2113.6;357
20240308 154400;2113.5;2114.6;2112.7;2112.7;342
20240308 154500;2112.7;2113.6;2111.9;2111.9;169
20240308 154600;2111.8;2111.9;2107.8;2108.1;702
20240308 154700;2107.9;2110.4;2107.5;2110.4;387
20240308 154800;2110.5;2111.5;2109.6;2111.5;409
20240308 154900;2111.4;2113.8;2111.4;2112.7;1193
20240308 155000;2112.6;2116.5;2112;2115.7;1228
20240308 155100;2115.6;2115.8;2113.9;2114.4;404
20240308 155200;2114.3;2115.4;2113;2114.5;358
20240308 155300;2114.9;2117.1;2114.5;2115.5;742
20240308 155400;2115.4;2116.6;2114.8;2116;296
20240308 155500;2115.8;2115.9;2114.7;2115.3;164
20240308 155600;2115.5;2117.3;2115.5;2116.1;315
20240308 155700;2116;2116.7;2115.6;2115.8;215
20240308 155800;2115.6;2116.8;2115;2116.4;182
20240308 155900;2116.2;2117.7;2115.8;2117.2;269
20240308 160000;2117.1;2117.3;2114.5;2115.2;195
20240308 160100;2115;2115.6;2113;2114;313
20240308 160200;2113.9;2114.1;2111.2;2112.4;451
20240308 160300;2112.4;2113;2109.7;2109.9;429
20240308 160400;2109.9;2109.9;2108.1;2109.3;610
20240308 160500;2109.2;2109.9;2107.7;2107.8;356
20240308 160600;2107.7;2108.4;2106.9;2108.2;754
20240308 160700;2108;2109.4;2107.3;2109.1;236
20240308 160800;2108.9;2109.7;2108.3;2109.4;226
20240308 160900;2109.3;2109.9;2106.2;2106.3;259
20240308 161000;2106.4;2106.5;2104.6;2105.3;527
20240308 161100;2105.2;2105.3;2103.4;2104.3;740
20240308 161200;2104.1;2105.1;2102.8;2104.1;414
20240308 161300;2104;2104.8;2103.1;2104.2;647
20240308 161400;2104.2;2106.1;2103.8;2105.4;301
20240308 161500;2105.3;2105.8;2104.2;2105.1;207
20240308 161600;2104.9;2105.2;2103.6;2103.6;234
20240308 161700;2103.9;2105;2103.3;2103.8;233
20240308 161800;2103.6;2103.7;2100.5;2100.6;438
20240308 161900;2100.5;2101.3;2099.5;2100.5;439
20240308 162000;2100.5;2101.9;2100.3;2101.5;301
20240308 162100;2101.4;2102.9;2100.5;2102.2;420
20240308 162200;2102.2;2102.7;2101;2101.3;275
20240308 162300;2101.3;2102.1;2100.3;2101.3;214
20240308 162400;2101.2;2101.2;2099.7;2099.8;221
20240308 162500;2100.2;2100.4;2098.1;2098.6;474
20240308 162600;2098.4;2099.4;2098.3;2098.6;330
20240308 162700;2098.8;2098.8;2096.3;2098;378
20240308 162800;2098;2099.1;2096.6;2096.6;366
20240308 162900;2096.6;2096.7;2093.9;2094.3;551
20240308 163000;2094.2;2095;2092.5;2092.6;601
20240308 163100;2092.7;2095.7;2092.1;2094.2;619
20240308 163200;2094.2;2094.6;2092.2;2092.5;392
20240308 163300;2092.4;2092.5;2090.1;2091.1;622
20240308 163400;2091.2;2093.6;2090.7;2093;421
20240308 163500;2092.9;2095.4;2092.5;2094.8;547
20240308 163600;2094.7;2097.4;2094.7;2095.5;873
20240308 163700;2095.4;2096.5;2094;2095.8;283
20240308 163800;2096;2098.5;2095.5;2097.7;773
20240308 163900;2097.7;2097.7;2094.5;2095.8;755
20240308 164000;2095.7;2097.1;2094.7;2097.1;289
20240308 164100;2096.9;2097.4;2093.6;2094.1;640
20240308 164200;2094.3;2094.7;2093.1;2093.6;361
20240308 164300;2093.7;2096.1;2093.7;2094.9;377
20240308 164400;2094.7;2096.5;2093.7;2096.4;248
20240308 164500;2096.6;2096.9;2094.6;2095.9;284
20240308 164600;2096.2;2096.7;2094.4;2094.8;523
20240308 164700;2094.7;2096.3;2094.2;2094.2;198
20240308 164800;2094.4;2094.6;2093.2;2093.4;316
20240308 164900;2093.4;2095.2;2091.7;2095.1;826
20240308 165000;2095.1;2095.7;2094;2094.3;242
20240308 165100;2094.4;2096.9;2094.3;2096.3;315
20240308 165200;2096.1;2099.2;2095.6;2098.1;717
20240308 165300;2098.1;2098.2;2095.6;2095.6;304
20240308 165400;2095.5;2095.7;2092.9;2092.9;251
20240308 165500;2092.8;2093.7;2092.4;2093.1;324
20240308 165600;2092.9;2094.7;2092.8;2093.2;213
20240308 165700;2093;2093.5;2092.1;2092.9;331
20240308 165800;2092.7;2093.6;2091.3;2091.5;225
20240308 165900;2091.4;2092.4;2090.9;2091.8;323
20240308 170000;2091.7;2092.6;2091.4;2091.4;215
20240308 170100;2091.2;2092.4;2089.1;2091.7;714
20240308 170200;2091.7;2094.7;2091.7;2094;251
20240308 170300;2094.2;2094.4;2093.1;2094.2;171
20240308 170400;2094;2095.3;2092.6;2093.6;237
20240308 170500;2093.6;2094.5;2093.3;2093.3;220
20240308 170600;2093.1;2094.4;2092.8;2094;328
20240308 170700;2094.1;2096.2;2093.5;2095.8;285
20240308 170800;2095.8;2098.1;2095.7;2096.2;541
20240308 170900;2095.9;2096.2;2094;2094;256
20240308 171000;2094;2094;2090.7;2091.6;478
20240308 171100;2091.4;2091.8;2089.1;2089.9;573
20240308 171200;2090;2092.1;2089.2;2091.7;262
20240308 171300;2091.9;2092;2090;2090.7;190
20240308 171400;2090.6;2092.9;2090.4;2091.8;256
20240308 171500;2091.7;2093.3;2091.2;2092.3;433
20240308 171600;2092.1;2092.9;2090.9;2091.1;187
20240308 171700;2091.2;2092.6;2089.8;2092.2;282
20240308 171800;2092.3;2092.8;2091.3;2091.7;201
20240308 171900;2091.6;2092.4;2090.7;2091.2;223
20240308 172000;2091.4;2092.2;2090.4;2090.4;179
20240308 172100;2090.5;2092.2;2090;2091.9;207
20240308 172200;2092.1;2092.2;2090.5;2091.2;120
20240308 172300;2091.1;2091.6;2089.8;2089.9;150
20240308 172400;2089.9;2090.6;2089.6;2090.2;120
20240308 172500;2090.1;2091;2088.9;2088.9;145
20240308 172600;2089.2;2091.8;2089.1;2091.6;222
20240308 172700;2091.7;2094.2;2091.6;2093;267
20240308 172800;2093.1;2094.7;2092.9;2093.2;410
20240308 172900;2093.4;2094.2;2092.5;2092.6;190
20240308 173000;2092.8;2093.8;2092.1;2093.8;185
20240308 173100;2093.8;2094;2092.6;2093.1;167
20240308 173200;2093.2;2094.6;2092.3;2093.2;200
20240308 173300;2093.3;2094.6;2093.2;2094.1;169
20240308 173400;2094.1;2095.3;2094;2095.1;227
20240308 173500;2095.2;2095.3;2093.2;2093.6;181
20240308 173600;2093.8;2094.2;2092.6;2093.6;137
20240308 173700;2093.6;2093.8;2093.1;2093.5;80
20240308 173800;2093.3;2093.3;2091.5;2092.9;229
20240308 173900;2093;2094.1;2092.4;2093.4;96
20240308 174000;2093.4;2094.2;2092.8;2093.7;119
20240308 174100;2093.8;2094.9;2093;2093;132
20240308 174200;2092.9;2094.5;2092.3;2094;141
20240308 174300;2093.8;2094.1;2093.4;2094.1;82
20240308 174400;2094.3;2094.4;2092.2;2092.4;133
20240308 174500;2092.4;2093;2091.7;2092.9;369
20240308 174600;2092.9;2092.9;2090.6;2091.4;216
20240308 174700;2091.2;2091.6;2089.4;2089.5;287
20240308 174800;2089.5;2091.4;2089.5;2089.9;251
20240308 174900;2089.7;2090.7;2089.4;2090.2;162
20240308 175000;2090.1;2090.9;2089.5;2089.7;130
20240308 175100;2089.8;2090.6;2087.5;2087.6;646
20240308 175200;2087.9;2089.8;2087.5;2087.7;516
20240308 175300;2087.7;2087.8;2086.3;2086.7;635
20240308 175400;2086.9;2087.1;2084.5;2085.1;402
20240308 175500;2085.4;2085.9;2084.3;2084.7;231
20240308 175600;2084.7;2085.1;2083.9;2084.3;239
20240308 175700;2084.1;2085.2;2083.8;2083.9;342
20240308 175800;2083.9;2085.8;2083.9;2084.9;460
20240308 175900;2084.9;2085.9;2084.5;2085.8;275
20240308 180000;2085.7;2086.6;2084.1;2085.1;290
20240308 180100;2085.1;2085.1;2083.2;2083.2;576
20240308 180200;2083.1;2084.1;2082.5;2082.9;484
20240308 180300;2082.6;2084.4;2082.6;2083.2;370
20240308 180400;2083.1;2083.1;2081.1;2081.2;382
20240308 180500;2081.1;2082.1;2080.5;2081.5;388
20240308 180600;2081.5;2081.9;2080.6;2081;307
20240308 180700;2080.9;2082.1;2080.8;2081.9;220
20240308 180800;2082;2082.8;2081.7;2082.4;243
20240308 180900;2082.1;2084.1;2081.6;2083.7;283
20240308 181000;2083.7;2085.7;2083.7;2084.6;371
20240308 181100;2084.6;2086;2084.6;2084.8;315
20240308 181200;2084.9;2085.2;2083.6;2084.3;201
20240308 181300;2084.2;2085.7;2084.1;2085.5;302
20240308 181400;2085.4;2086.2;2085.2;2085.2;181
20240308 181500;2085.3;2085.7;2084.2;2084.5;229
20240308 181600;2084.7;2085.8;2084.6;2085.6;190
20240308 181700;2085.6;2085.7;2084.4;2085.1;115
20240308 181800;2084.5;2085.1;2084;2084.1;132
20240308 181900;2084.2;2084.7;2083.1;2084.7;289
20240308 182000;2084.5;2084.5;2083.4;2083.4;125
20240308 182100;2083.4;2084.7;2083.3;2084;144
20240308 182200;2083.9;2084.4;2082.6;2083.1;197
20240308 182300;2083;2084.1;2082.6;2083;295
20240308 182400;2083.2;2084.7;2082.8;2084;182
20240308 182500;2084;2084.3;2082.5;2082.6;127
20240308 182600;2082.6;2083.4;2082.1;2082.6;346
20240308 182700;2082.7;2084.1;2082.7;2082.8;107
20240308 182800;2082.9;2084.5;2082.9;2083.1;243
20240308 182900;2083.1;2083.9;2082.9;2083.7;190
20240308 183000;2083.5;2084;2082.4;2082.8;156
20240308 183100;2082.4;2083.3;2081.4;2083.2;362
20240308 183200;2083.1;2083.8;2082.5;2082.5;222
20240308 183300;2082.4;2083.1;2081.6;2081.6;310
20240308 183400;2081.5;2082;2081.1;2081.4;250
20240308 183500;2081.4;2081.7;2080.3;2080.4;202
20240308 183600;2080.5;2080.7;2079.1;2079.2;434
20240308 183700;2079.3;2079.3;2076.8;2077.2;814
20240308 183800;2077.3;2077.7;2076.2;2076.6;814
20240308 183900;2076.4;2077.5;2076.3;2076.3;497
20240308 184000;2076.2;2078.1;2076.1;2076.4;342
20240308 184100;2076.3;2076.6;2075.8;2076.4;185
20240308 184200;2076.2;2076.2;2075;2075.5;268
20240308 184300;2075.5;2075.9;2074.8;2075.9;168
20240308 184400;2075.8;2076.5;2075.6;2075.9;178
20240308 184500;2075.7;2076.3;2075.2;2076.3;162
20240308 184600;2076.1;2077.6;2076;2076.8;191
20240308 184700;2076.7;2077.6;2076.4;2077.5;280
20240308 184800;2077.4;2078.8;2077.4;2077.4;187
20240308 184900;2077.4;2077.8;2076.9;2077;150
20240308 185000;2077;2077.6;2076.7;2076.8;131
20240308 185100;2077;2077.9;2076.7;2077.6;169
20240308 185200;2077.6;2078.8;2077.6;2077.9;141
20240308 185300;2078.2;2078.8;2077.8;2078.7;121
20240308 185400;2078.6;2078.6;2077.2;2077.2;129
20240308 185500;2077.1;2078.1;2077.1;2077.8;109
20240308 185600;2077.9;2078;2076.7;2076.8;146
20240308 185700;2076.8;2077.8;2076.8;2077.5;101
20240308 185800;2077.7;2079.3;2077.7;2079.2;213
20240308 185900;2079.3;2079.5;2078;2078.3;166
20240308 190000;2078.3;2078.7;2078;2078.6;142
20240308 190100;2078.7;2079.6;2078.2;2079.2;323
20240308 190200;2079.1;2080.4;2079.1;2080;306
20240308 190300;2079.9;2081.7;2079.7;2081.6;319
20240308 190400;2081.6;2084.5;2081.5;2084;526
20240308 190500;2084;2084;2082.8;2083.7;256
20240308 190600;2083.7;2084.3;2081.8;2082;263
20240308 190700;2082.2;2082.7;2081.6;2082.7;123
20240308 190800;2082.7;2084;2082.5;2083.5;138
20240308 190900;2083.6;2083.7;2082.9;2083.4;190
20240308 191000;2083.4;2084.5;2083.1;2084.2;163
20240308 191100;2084.3;2084.6;2083.8;2084.5;147
20240308 191200;2084.3;2084.4;2083.5;2083.5;130
20240308 191300;2083.8;2084.5;2083.2;2083.6;145
20240308 191400;2083.7;2084.6;2083.7;2084.6;137
20240308 191500;2084.4;2084.8;2083.8;2084.3;124
20240308 191600;2084.5;2085.5;2084.5;2085.5;256
20240308 191700;2085.4;2085.5;2085;2085.1;141
20240308 191800;2085.1;2085.8;2084.6;2085.8;146
20240308 191900;2085.7;2087.3;2085.7;2087.1;270
20240308 192000;2087;2088.1;2086.5;2087;250
20240308 192100;2087.2;2088.6;2087.2;2088.5;232
20240308 192200;2088.6;2089.3;2088.3;2088.5;227
20240308 192300;2088.7;2089.9;2088.3;2089.3;425
20240308 192400;2089.4;2089.8;2087.7;2088.4;180
20240308 192500;2088.4;2088.4;2087.4;2087.6;194
20240308 192600;2087.7;2088.4;2086.1;2086.6;277
20240308 192700;2086.6;2087.6;2085.9;2087.5;206
20240308 192800;2087.6;2088.8;2087.5;2088.4;224
20240308 192900;2088.4;2088.9;2088;2088.6;189
20240308 193000;2088.6;2089.2;2088.5;2089;326
20240308 193100;2089;2090.7;2089;2089.8;513
20240308 193200;2089.8;2090.6;2088.9;2089.5;252
20240308 193300;2089.3;2090.2;2089;2089;140
20240308 193400;2089;2089.8;2088.7;2089.7;148
20240308 193500;2089.7;2090.2;2089;2090;84
20240308 193600;2090.1;2090.4;2089.6;2090.4;146
20240308 193700;2090.3;2090.6;2089.8;2090.2;217
20240308 193800;2090.4;2091.4;2090.3;2091.4;161
20240308 193900;2091.5;2091.7;2089.5;2090.6;272
20240308 194000;2090.5;2090.6;2089;2089;108
20240308 194100;2089.1;2089.7;2088.8;2089.6;108
20240308 194200;2089.5;2090.2;2089.4;2089.5;116
20240308 194300;2089.5;2091.3;2089.4;2090.5;157
20240308 194400;2090.4;2092.4;2090.4;2091.8;491
20240308 194500;2091.8;2092.9;2091.7;2092.8;224
20240308 194600;2092.8;2093.2;2092.1;2092.1;290
20240308 194700;2092.1;2092.2;2091.2;2092;300
20240308 194800;2092;2092.6;2092;2092.6;159
20240308 194900;2092.5;2092.8;2091.7;2092.5;177
20240308 195000;2092.3;2092.9;2092.1;2092.7;147
20240308 195100;2092.8;2094.5;2092.8;2094.3;403
20240308 195200;2094.4;2094.8;2093.2;2093.4;265
20240308 195300;2093.5;2093.7;2092.6;2093.5;184
20240308 195400;2093.5;2094.1;2093.3;2093.6;237
20240308 195500;2093.8;2094.3;2091.2;2091.6;402
20240308 195600;2091.8;2093;2091.8;2092.6;200
20240308 195700;2092.7;2092.8;2092;2092.4;135
20240308 195800;2092.3;2092.6;2091.3;2091.8;241
20240308 195900;2091.5;2092.6;2091.1;2092.5;318
20240308 200000;2092.5;2093;2091.8;2091.8;229
20240308 200100;2091.7;2093.6;2091.7;2093.6;228
20240308 200200;2093.5;2093.6;2092.6;2092.7;161
20240308 200300;2092.9;2094.1;2092.6;2094.1;241
20240308 200400;2094;2094.1;2092.9;2093.1;125
20240308 200500;2093.2;2093.3;2092.2;2092.7;97
20240308 200600;2092.8;2092.8;2090.4;2091.2;324
20240308 200700;2091.3;2091.7;2089.6;2089.9;253
20240308 200800;2090;2090.9;2089.9;2089.9;146
20240308 200900;2089.9;2090.3;2089;2090.3;232
20240308 201000;2090.4;2090.5;2088.8;2088.8;192
20240308 201100;2088.9;2089;2086.1;2087.2;679
20240308 201200;2087.4;2088.7;2087;2087.3;333
20240308 201300;2087.5;2088.2;2087;2087.4;201
20240308 201400;2087.5;2088.1;2086.5;2086.6;168
20240308 201500;2086.6;2087.8;2086.3;2087;141
20240308 201600;2087.1;2088.1;2086.8;2087.3;269
20240308 201700;2087.1;2087.5;2086;2086.6;231
20240308 201800;2086.8;2087.8;2086.7;2087.2;142
20240308 201900;2087.2;2088.2;2086.8;2088;185
20240308 202000;2087.9;2088.8;2087.8;2088.4;227
20240308 202100;2088;2088.4;2087.3;2088;171
20240308 202200;2088.3;2089.2;2087.8;2088;184
20240308 202300;2087.9;2088.2;2087.2;2087.5;160
20240308 202400;2087.4;2088.7;2087.4;2087.9;98
20240308 202500;2087.9;2089;2087.7;2088.3;102
20240308 202600;2088.4;2089.6;2087;2087.9;238
20240308 202700;2088;2088.4;2087.2;2087.9;123
20240308 202800;2088;2088.2;2086.6;2086.9;164
20240308 202900;2086.8;2087.1;2084.4;2084.8;628
20240308 203000;2084.8;2085;2082;2082.6;515
20240308 203100;2082.6;2083.9;2081.9;2083.9;400
20240308 203200;2084;2084.1;2083;2084;308
20240308 203300;2083.9;2084.6;2083.1;2084.3;218
20240308 203400;2084.5;2086;2084.5;2085.5;396
20240308 203500;2085.3;2085.9;2084.7;2085;339
20240308 203600;2085.1;2085.2;2084.3;2084.4;136
20240308 203700;2084.5;2084.8;2083.2;2084.1;162
20240308 203800;2084.3;2085.4;2084.3;2084.5;176
20240308 203900;2084.4;2084.8;2083.6;2084.1;123
20240308 204000;2084.2;2084.3;2082.3;2082.3;150
20240308 204100;2082.4;2085.3;2082.4;2085.2;303
20240308 204200;2085.4;2086.1;2084.3;2084.3;315
20240308 204300;2084.6;2085.5;2084.4;2085.1;152
20240308 204400;2085.3;2086.1;2084.7;2085.9;156
20240308 204500;2085.7;2085.9;2083.9;2084.1;232
20240308 204600;2084.1;2085.5;2084;2085.1;255
20240308 204700;2085.1;2086.1;2084.6;2085.7;202
20240308 204800;2085.8;2087.5;2085.8;2087.2;273
20240308 204900;2087.2;2087.4;2085.2;2085.2;291
20240308 205000;2085.2;2086;2084.9;2085.4;277
20240308 205100;2085.6;2087.4;2083.5;2084.1;675
20240308 205200;2084.3;2085.4;2084.1;2085.3;217
20240308 205300;2085.4;2086.8;2085;2085;324
20240308 205400;2085.1;2086.4;2085;2086.2;196
20240308 205500;2086.2;2088;2086.1;2087.8;417
20240308 205600;2087.8;2087.8;2084.1;2084.5;681
20240308 205700;2084.5;2085.8;2084.2;2084.8;391
20240308 205800;2084.8;2085.6;2084.4;2085.4;323
20240308 205900;2085.3;2085.9;2084.9;2085.2;832
20240308 210000;2085.4;2085.6;2084.2;2084.5;4752
20240308 210100;2084.6;2087.8;2084.3;2087.8;1371
20240308 210200;2087.9;2089.6;2087.7;2088.7;641
20240308 210300;2088.8;2089.5;2088.2;2088.2;239
20240308 210400;2088.3;2088.6;2088.2;2088.2;311
20240308 210500;2088.3;2088.8;2088.2;2088.4;237
20240308 210600;2088.7;2088.7;2087.9;2088.2;122
20240308 210700;2088.2;2088.2;2087.8;2087.9;73
20240308 210800;2087.8;2087.8;2087.4;2087.6;111
20240308 210900;2087.4;2087.9;2087.4;2087.6;44
20240308 211000;2087.6;2087.7;2087.2;2087.3;68
20240308 211100;2087.3;2087.7;2086.8;2087;281
20240308 211200;2087;2087.2;2086.8;2086.9;168
20240308 211300;2086.8;2087;2086.6;2086.6;59
20240308 211400;2086.9;2088;2086.9;2087.7;76
20240308 211500;2087.5;2087.5;2086.7;2087.2;135
20240308 211600;2087.2;2087.9;2087.2;2087.9;45
20240308 211700;2087.8;2087.8;2087.6;2087.8;28
20240308 211800;2087.9;2088.1;2087.9;2087.9;16
20240308 211900;2088;2088;2087.7;2087.8;16
20240308 212000;2087.7;2087.9;2087.6;2087.9;22
20240308 212100;2087.7;2087.9;2087.7;2087.9;6
20240308 212200;2087.8;2088;2087.3;2087.5;40
20240308 212300;2087.5;2087.5;2087.1;2087.3;31
20240308 212500;2087.4;2087.6;2087.3;2087.6;24
20240308 212600;2087.5;2087.7;2087.4;2087.7;17
20240308 212700;2087.7;2087.7;2087.1;2087.2;17
20240308 212800;2087.1;2087.3;2087;2087.3;33
20240308 212900;2087.2;2087.9;2087.2;2087.9;31
20240308 213000;2087.7;2087.8;2087.3;2087.3;25
20240308 213100;2087.4;2087.8;2087.3;2087.3;17
20240308 213200;2087.4;2087.6;2087.4;2087.6;10
20240308 213300;2087.5;2087.7;2087.3;2087.7;30
20240308 213400;2087.6;2087.6;2087.4;2087.5;13
20240308 213500;2087.6;2087.8;2087.5;2087.6;51
20240308 213600;2087.7;2087.8;2087.6;2087.8;28
20240308 213700;2087.8;2087.9;2087.7;2087.7;33
20240308 213800;2087.8;2087.8;2087.4;2087.5;33
20240308 213900;2087.5;2087.8;2087.5;2087.8;20
20240308 214000;2087.7;2087.7;2087.6;2087.6;9
20240308 214100;2087.6;2087.7;2087.5;2087.7;15
20240308 214200;2087.7;2087.9;2087.7;2087.9;68
20240308 214300;2087.9;2088;2087.4;2087.6;57
20240308 214400;2087.6;2087.8;2087.5;2087.8;19
20240308 214500;2087.7;2087.9;2087.6;2087.9;33
20240308 214600;2088;2088.2;2087.8;2087.9;58
20240308 214700;2087.7;2088;2087.7;2088;65
20240308 214800;2088.1;2088.1;2088;2088.1;25
20240308 214900;2088.2;2088.2;2087.9;2088.1;28
20240308 215000;2088.2;2088.4;2088;2088.2;33
20240308 215100;2088.2;2088.2;2087.9;2088.1;101
20240308 215200;2088;2088.1;2088;2088.1;32
20240308 215300;2088;2088.1;2087.9;2087.9;38
20240308 215400;2088;2088.1;2088;2088.1;47
20240308 215500;2088.1;2088.1;2087.9;2087.9;25
20240308 215600;2087.8;2088.2;2087.7;2087.9;43
20240308 215700;2087.8;2087.8;2087.6;2087.6;21
20240308 215800;2087.7;2087.7;2087.3;2087.3;63
20240308 215900;2087.2;2087.3;2086.5;2086.8;80
20240308 220000;2086.9;2087.1;2086.8;2086.9;87
20240309 154400;2086.9;2086.9;2086.9;2086.9;1
20240310 004300;2086.9;2086.9;2086.9;2086.9;1
20240310 054500;2086.9;2086.9;2086.9;2086.9;1
20240310 121000;2086.9;2086.9;2086.9;2086.9;1
20240310 121700;2086.9;2086.9;2086.9;2086.9;1
