NQM6,1781041500580999737,389289421,82753774,1781041500580999737,29147.750000000,1,1781038800068010019,29131.500000000,1,4,2026-06-10
NQM6,1781041500944022785,389289474,82753776,1781041500580999737,29147.750000000,1,1781041500944022785,29145.000000000,1,4,2026-06-10
NQM6,1781041538611828221,389289886,82753778,1781041538611828221,29155.000000000,1,1781041500944022785,29145.000000000,1,4,2026-06-10
NQM6,1781041579328224101,389290092,82753786,1781041579328224101,29145.000000000,1,1781041500944022785,29145.000000000,1,4,2026-06-10
NQM6,1781041665838691739,389290522,82753788,1781041665838691739,29145.000000000,2,1781041500944022785,29145.000000000,1,4,2026-06-10
NQM6,1781041737986053463,389290828,82753795,1781041665838691739,29145.000000000,2,1781041737986053463,29145.000000000,3,4,2026-06-10
NQM6,1781041799889748565,389291033,82753797,1781041799889748565,29145.000000000,3,1781041737986053463,29145.000000000,3,4,2026-06-10
NQM6,1781041893209118059,389291383,82753809,1781041893209118059,29145.000000000,2,1781041737986053463,29145.000000000,3,4,2026-06-10
NQM6,1781042012248869025,389291734,82753818,1781042012248869025,29145.000000000,3,1781041737986053463,29145.000000000,3,4,2026-06-10
NQM6,1781042022492311243,389291782,82753835,1781042022492311243,29170.250000000,13,1781042022492311243,29170.250000000,10,4,2026-06-10
NQM6,1781042024839611041,389291793,82753843,1781042024839611041,29176.000000000,12,1781042024839611041,29176.000000000,10,4,2026-06-10
NQM6,1781042046540610591,389291869,82753846,1781042046540610591,29176.000000000,11,1781042024839611041,29176.000000000,10,4,2026-06-10
NQM6,1781042047699882007,389291871,82753852,1781042047699882007,29175.000000000,14,1781042047699882007,29175.000000000,10,4,2026-06-10
NQM6,1781042055135452685,389291892,82753854,1781042055135452685,29175.000000000,15,1781042047699882007,29175.000000000,10,4,2026-06-10
NQM6,1781042061521142353,389291930,82753856,1781042061521142353,29175.000000000,14,1781042047699882007,29175.000000000,10,4,2026-06-10
NQM6,1781042062807616467,389291933,82753857,1781042062807616467,29175.000000000,13,1781042047699882007,29175.000000000,10,4,2026-06-10
NQM6,1781042073734019873,389291981,82753858,1781042073734019873,29175.000000000,14,1781042047699882007,29175.000000000,10,4,2026-06-10
NQM6,1781042078108439195,389291994,82753861,1781042078108439195,29175.000000000,13,1781042047699882007,29175.000000000,10,4,2026-06-10
NQM6,1781042101109515715,389292400,82753869,1781042101109515715,29175.000000000,14,1781042047699882007,29175.000000000,10,4,2026-06-10
NQM6,1781042101109649763,389292401,82753878,1781042101109649763,29155.750000000,10,1781042101109649763,29155.750000000,10,4,2026-06-10
NQM6,1781042103116955671,389292646,82753884,1781042103116955671,29155.000000000,11,1781042103116955671,29155.000000000,10,4,2026-06-10
NQM6,1781042232611509557,389293931,82753891,1781042232611509557,29155.000000000,14,1781042103116955671,29155.000000000,10,4,2026-06-10
NQM6,1781042247768086195,389294027,82753892,1781042247768086195,29155.000000000,15,1781042103116955671,29155.000000000,10,4,2026-06-10
NQM6,1781042256905143163,389294079,82753893,1781042256905143163,29155.000000000,14,1781042103116955671,29155.000000000,10,4,2026-06-10
NQM6,1781042257914128029,389294092,82753894,1781042257914128029,29155.000000000,15,1781042103116955671,29155.000000000,10,4,2026-06-10
NQM6,1781042270362106109,389294147,82753895,1781042270362106109,29155.000000000,19,1781042103116955671,29155.000000000,10,4,2026-06-10
NQM6,1781042272430198841,389294157,82753899,1781042272430198841,29150.000000000,10,1781042272430198841,29150.000000000,10,4,2026-06-10
NQM6,1781042304141707153,389295308,82753902,1781042304141707153,29150.000000000,11,1781042272430198841,29150.000000000,10,4,2026-06-10
NQM6,1781042307523484819,389295346,82753907,1781042307523484819,29145.000000000,12,1781042307523484819,29145.000000000,13,4,2026-06-10
NQM6,1781042311600628931,389295376,82753912,1781042311600628931,29140.000000000,14,1781042311600628931,29140.000000000,13,4,2026-06-10
NQM6,1781042320123132433,389295457,82753915,1781042320123132433,29140.000000000,15,1781042311600628931,29140.000000000,13,4,2026-06-10
NQM6,1781042323927266915,389295477,82753916,1781042323927266915,29140.000000000,16,1781042311600628931,29140.000000000,13,4,2026-06-10
NQM6,1781042328058640105,389295496,82753921,1781042328058640105,29130.000000000,15,1781042328058640105,29130.000000000,13,4,2026-06-10
NQM6,1781042337857132793,389295846,82753930,1781042337857132793,29140.000000000,15,1781042337857132793,29140.000000000,13,4,2026-06-10
NQM6,1781042337976331183,389295847,82753935,1781042337976331183,29130.000000000,15,1781042337976331183,29130.000000000,13,4,2026-06-10
NQM6,1781042363064940595,389296599,82753941,1781042363064940595,29130.000000000,17,1781042337976331183,29130.000000000,13,4,2026-06-10
NQM6,1781042364641159235,389296608,82753942,1781042364641159235,29130.000000000,18,1781042337976331183,29130.000000000,13,4,2026-06-10
NQM6,1781042366558273867,389296616,82753948,1781042366558273867,29129.750000000,14,1781042366558273867,29129.750000000,13,4,2026-06-10
NQM6,1781042367307511191,389296618,82753951,1781042367307511191,29129.750000000,16,1781042366558273867,29129.750000000,13,4,2026-06-10
NQM6,1781042367454776091,389296620,82753952,1781042367307511191,29129.750000000,16,1781042367454776091,29129.750000000,15,4,2026-06-10
NQM6,1781042367945297875,389296621,82753954,1781042367945297875,29129.750000000,17,1781042367454776091,29129.750000000,15,4,2026-06-10
NQM6,1781042380241494547,389296773,82753956,1781042380241494547,29129.750000000,19,1781042367454776091,29129.750000000,15,4,2026-06-10
NQM6,1781042383409868965,389296776,82753960,1781042383409868965,29129.000000000,15,1781042383409868965,29129.000000000,15,4,2026-06-10
NQM6,1781042383968237405,389296783,82753965,1781042383968237405,29128.250000000,15,1781042383968237405,29128.250000000,15,4,2026-06-10
NQM6,1781042384546190211,389296785,82753967,1781042384546190211,29128.250000000,16,1781042383968237405,29128.250000000,15,4,2026-06-10
NQM6,1781042384973559641,389296802,82753971,1781042384973559641,29128.000000000,15,1781042384973559641,29128.000000000,15,4,2026-06-10
NQM6,1781042387088662967,389296810,82753976,1781042387088662967,29126.500000000,15,1781042387088662967,29126.500000000,15,4,2026-06-10
NQM6,1781042389241322201,389296821,82753984,1781042389241322201,29125.000000000,15,1781042389241322201,29125.000000000,15,4,2026-06-10
NQM6,1781042389612865437,389296825,82753986,1781042389612865437,29125.000000000,16,1781042389241322201,29125.000000000,15,4,2026-06-10
NQM6,1781042391705782611,389296837,82753992,1781042391705782611,29120.250000000,15,1781042391705782611,29120.250000000,15,4,2026-06-10
NQM6,1781042391731581607,389296838,82753999,1781042391731581607,29120.000000000,16,1781042391731581607,29120.000000000,16,4,2026-06-10
NQM6,1781042393587844141,389296861,82754001,1781042393587844141,29120.000000000,17,1781042391731581607,29120.000000000,16,4,2026-06-10
NQM6,1781042394443209439,389296869,82754003,1781042394443209439,29120.000000000,18,1781042391731581607,29120.000000000,16,4,2026-06-10
NQM6,1781042394603524573,389296872,82754005,1781042394603524573,29120.000000000,19,1781042391731581607,29120.000000000,16,4,2026-06-10
NQM6,1781042394696035565,389296873,82754011,1781042394696035565,29117.500000000,20,1781042394696035565,29117.500000000,16,4,2026-06-10
NQM6,1781042394736982645,389296874,82754016,1781042394736982645,29117.000000000,20,1781042394736982645,29117.000000000,16,4,2026-06-10
NQM6,1781042395274484849,389296878,82754023,1781042395274484849,29115.750000000,21,1781042395274484849,29115.750000000,17,4,2026-06-10
NQM6,1781042395370398851,389296880,82754028,1781042395370398851,29117.000000000,21,1781042395370398851,29117.000000000,17,4,2026-06-10
NQM6,1781042396550245715,389296889,82754034,1781042396550245715,29116.750000000,21,1781042396550245715,29116.750000000,17,4,2026-06-10
NQM6,1781042397359785341,389296898,82754041,1781042397359785341,29115.750000000,22,1781042397359785341,29115.750000000,18,4,2026-06-10
NQM6,1781042397653693935,389296903,82754050,1781042397653693935,29112.000000000,21,1781042397653693935,29112.000000000,23,4,2026-06-10
NQM6,1781042397774719025,389296905,82754052,1781042397774719025,29112.000000000,22,1781042397653693935,29112.000000000,23,4,2026-06-10
NQM6,1781042397914581449,389296908,82754054,1781042397914581449,29112.000000000,23,1781042397653693935,29112.000000000,23,4,2026-06-10
NQM6,1781042398061343963,389296910,82754056,1781042398061343963,29112.000000000,24,1781042397653693935,29112.000000000,23,4,2026-06-10
NQM6,1781042398616170673,389296917,82754072,1781042398616170673,29100.000000000,27,1781042398616170673,29100.000000000,27,4,2026-06-10
NQM6,1781042398936795251,389296921,82754079,1781042398936795251,29096.750000000,23,1781042398936795251,29096.750000000,27,4,2026-06-10
NQM6,1781042398940828781,389296922,82754081,1781042398940828781,29096.750000000,24,1781042398936795251,29096.750000000,27,4,2026-06-10
NQM6,1781042399031585991,389296930,82754085,1781042399031585991,29096.500000000,25,1781042399031585991,29096.500000000,27,4,2026-06-10
NQM6,1781042399065078925,389296942,82754090,1781042399065078925,29096.250000000,25,1781042399065078925,29096.250000000,27,4,2026-06-10
NQM6,1781042399115060101,389296943,82754096,1781042399115060101,29096.000000000,26,1781042399115060101,29096.000000000,27,4,2026-06-10
NQM6,1781042399428326957,389296950,82754098,1781042399428326957,29096.000000000,27,1781042399115060101,29096.000000000,27,4,2026-06-10
NQM6,1781042399444718087,389296951,82754099,1781042399444718087,29096.000000000,28,1781042399115060101,29096.000000000,27,4,2026-06-10
NQM6,1781042399655758707,389296953,82754100,1781042399655758707,29096.000000000,29,1781042399115060101,29096.000000000,27,4,2026-06-10
NQM6,1781042399677396635,389296954,82754101,1781042399677396635,29096.000000000,30,1781042399115060101,29096.000000000,27,4,2026-06-10
NQM6,1781042399900640515,389296994,82754108,1781042399900640515,29095.000000000,23,1781042399900640515,29095.000000000,29,4,2026-06-10
NQM6,1781042399901386709,389297031,82754117,1781042399901386709,29094.750000000,23,1781042399901386709,29094.750000000,29,4,2026-06-10
NQM6,1781042399934263947,389297032,82754124,1781042399934263947,29093.500000000,23,1781042399934263947,29093.500000000,29,4,2026-06-10
NQM6,1781042399934418595,389297033,82754131,1781042399934418595,29090.250000000,25,1781042399934418595,29090.250000000,30,4,2026-06-10
NQM6,1781042399995043487,389297068,82754138,1781042399995043487,29094.750000000,30,1781042399995043487,29094.750000000,36,4,2026-06-10
NQM6,1781042400000000000,389297128,82754146,1781042400000000000,29095.000000000,1,1781042400000000000,29090.250000000,1,4,2026-06-10
NQM6,1781042400014147627,389297293,82754162,1781042400014147627,29096.000000000,12,1781042400000000000,29090.250000000,1,4,2026-06-10
NQM6,1781042400015321771,389297309,82754164,1781042400015321771,29095.000000000,1,1781042400000000000,29090.250000000,1,4,2026-06-10
NQM6,1781042400015729271,389297321,82754168,1781042400015729271,29096.000000000,12,1781042400000000000,29090.250000000,1,4,2026-06-10
NQM6,1781042400015868621,389297322,82754173,1781042400015729271,29096.000000000,12,1781042400015868621,29090.000000000,1,4,2026-06-10
NQM6,1781042400015916463,389297322,82754175,1781042400015916463,29090.250000000,1,1781042400015868621,29090.000000000,1,4,2026-06-10
NQM6,1781042400015986943,389297322,82754177,1781042400015986943,29090.250000000,2,1781042400015868621,29090.000000000,1,4,2026-06-10
NQM6,1781042400016553645,389297337,82754184,1781042400016553645,29096.000000000,13,1781042400015868621,29090.000000000,1,4,2026-06-10
NQM6,1781042400017955661,389297380,82754186,1781042400017955661,29095.750000000,1,1781042400015868621,29090.000000000,1,4,2026-06-10
NQM6,1781042400019068789,389297413,82754189,1781042400019068789,29095.750000000,2,1781042400015868621,29090.000000000,1,4,2026-06-10
NQM6,1781042400019365185,389297436,82754190,1781042400019365185,29095.500000000,1,1781042400015868621,29090.000000000,1,4,2026-06-10
NQM6,1781042400019397749,389297439,82754198,1781042400019397749,29096.000000000,13,1781042400015868621,29090.000000000,1,4,2026-06-10
NQM6,1781042400019603333,389297441,82754200,1781042400019603333,29095.500000000,1,1781042400015868621,29090.000000000,1,4,2026-06-10
NQM6,1781042400019797397,389297448,82754201,1781042400019797397,29095.500000000,2,1781042400015868621,29090.000000000,1,4,2026-06-10
NQM6,1781042400019802831,389297450,82754202,1781042400019797397,29095.500000000,2,1781042400019802831,29090.250000000,1,4,2026-06-10
NQM6,1781042400019975701,389297467,82754203,1781042400019975701,29095.250000000,1,1781042400019802831,29090.250000000,1,4,2026-06-10
NQM6,1781042400020179767,389297488,82754209,1781042400019975701,29095.250000000,1,1781042400020179767,29090.000000000,1,4,2026-06-10
NQM6,1781042400020524467,389297495,82754212,1781042400020524467,29095.250000000,2,1781042400020179767,29090.000000000,1,4,2026-06-10
NQM6,1781042400020549235,389297496,82754213,1781042400020549235,29095.250000000,1,1781042400020179767,29090.000000000,1,4,2026-06-10
NQM6,1781042400020666447,389297507,82754214,1781042400020666447,29095.000000000,1,1781042400020179767,29090.000000000,1,4,2026-06-10
NQM6,1781042400020802279,389297518,82754215,1781042400020802279,29095.000000000,2,1781042400020179767,29090.000000000,1,4,2026-06-10
NQM6,1781042400021087061,389297529,82754218,1781042400021087061,29094.750000000,1,1781042400020179767,29090.000000000,1,4,2026-06-10
NQM6,1781042400021244051,389297544,82754220,1781042400021244051,29094.750000000,2,1781042400020179767,29090.000000000,1,4,2026-06-10
NQM6,1781042400021363623,389297548,82754226,1781042400021244051,29094.750000000,2,1781042400021363623,29085.000000000,1,4,2026-06-10
NQM6,1781042400021560915,389297548,82754228,1781042400021560915,29094.500000000,1,1781042400021363623,29085.000000000,1,4,2026-06-10
NQM6,1781042400021784181,389297555,82754230,1781042400021784181,29094.500000000,2,1781042400021363623,29085.000000000,1,4,2026-06-10
NQM6,1781042400021785945,389297558,82754233,1781042400021784181,29094.500000000,2,1781042400021785945,29085.250000000,1,4,2026-06-10
NQM6,1781042400024235047,389297671,82754236,1781042400024235047,29094.500000000,1,1781042400021785945,29085.250000000,1,4,2026-06-10
NQM6,1781042400024452285,389297672,82754237,1781042400024452285,29094.250000000,1,1781042400021785945,29085.250000000,1,4,2026-06-10
NQM6,1781042400024471983,389297675,82754238,1781042400024452285,29094.250000000,1,1781042400024471983,29085.250000000,2,4,2026-06-10
NQM6,1781042400024473519,389297676,82754239,1781042400024452285,29094.250000000,1,1781042400024473519,29085.250000000,3,4,2026-06-10
NQM6,1781042400024563257,389297683,82754240,1781042400024563257,29094.250000000,2,1781042400024473519,29085.250000000,3,4,2026-06-10
NQM6,1781042400024594379,389297687,82754243,1781042400024563257,29094.250000000,2,1781042400024594379,29085.500000000,1,4,2026-06-10
NQM6,1781042400024667585,389297692,82754245,1781042400024667585,29094.000000000,1,1781042400024594379,29085.500000000,1,4,2026-06-10
NQM6,1781042400024711493,389297696,82754248,1781042400024667585,29094.000000000,1,1781042400024711493,29085.500000000,2,4,2026-06-10
NQM6,1781042400024766537,389297703,82754250,1781042400024766537,29094.000000000,2,1781042400024711493,29085.500000000,2,4,2026-06-10
NQM6,1781042400024810139,389297706,82754253,1781042400024766537,29094.000000000,2,1781042400024810139,29085.750000000,1,4,2026-06-10
NQM6,1781042400024875321,389297714,82754258,1781042400024875321,29093.750000000,1,1781042400024810139,29085.750000000,1,4,2026-06-10
NQM6,1781042400024909801,389297718,82754260,1781042400024875321,29093.750000000,1,1781042400024909801,29085.750000000,2,4,2026-06-10
NQM6,1781042400024985983,389297725,82754262,1781042400024985983,29093.750000000,2,1781042400024909801,29085.750000000,2,4,2026-06-10
NQM6,1781042400024992339,389297727,82754263,1781042400024985983,29093.750000000,2,1781042400024992339,29085.750000000,3,4,2026-06-10
NQM6,1781042400025027875,389297729,82754266,1781042400024985983,29093.750000000,2,1781042400025027875,29086.000000000,1,4,2026-06-10
NQM6,1781042400025103847,389297738,82754270,1781042400025103847,29093.500000000,1,1781042400025027875,29086.000000000,1,4,2026-06-10
NQM6,1781042400025167493,389297742,82754272,1781042400025103847,29093.500000000,1,1781042400025167493,29086.000000000,2,4,2026-06-10
NQM6,1781042400025168567,389297743,82754273,1781042400025103847,29093.500000000,1,1781042400025168567,29086.000000000,3,4,2026-06-10
NQM6,1781042400025238221,389297752,82754275,1781042400025238221,29093.500000000,2,1781042400025168567,29086.000000000,3,4,2026-06-10
NQM6,1781042400025273663,389297755,82754278,1781042400025238221,29093.500000000,2,1781042400025273663,29086.250000000,1,4,2026-06-10
NQM6,1781042400025357947,389297763,82754282,1781042400025357947,29093.250000000,1,1781042400025273663,29086.250000000,1,4,2026-06-10
NQM6,1781042400025386401,389297767,82754284,1781042400025357947,29093.250000000,1,1781042400025386401,29086.250000000,2,4,2026-06-10
NQM6,1781042400025387475,389297768,82754285,1781042400025357947,29093.250000000,1,1781042400025387475,29086.250000000,3,4,2026-06-10
NQM6,1781042400025457091,389297776,82754287,1781042400025457091,29093.250000000,2,1781042400025387475,29086.250000000,3,4,2026-06-10
NQM6,1781042400025495297,389297779,82754290,1781042400025457091,29093.250000000,2,1781042400025495297,29086.500000000,1,4,2026-06-10
NQM6,1781042400025586265,389297789,82754294,1781042400025586265,29093.000000000,1,1781042400025495297,29086.500000000,1,4,2026-06-10
NQM6,1781042400025617713,389297793,82754296,1781042400025586265,29093.000000000,1,1781042400025617713,29086.500000000,2,4,2026-06-10
NQM6,1781042400025618613,389297794,82754297,1781042400025586265,29093.000000000,1,1781042400025618613,29086.500000000,3,4,2026-06-10
NQM6,1781042400025712863,389297800,82754299,1781042400025712863,29093.000000000,2,1781042400025618613,29086.500000000,3,4,2026-06-10
NQM6,1781042400025750359,389297804,82754302,1781042400025712863,29093.000000000,2,1781042400025750359,29086.750000000,1,4,2026-06-10
NQM6,1781042400025816787,389297813,82754306,1781042400025816787,29092.750000000,1,1781042400025750359,29086.750000000,1,4,2026-06-10
NQM6,1781042400025862243,389297817,82754308,1781042400025816787,29092.750000000,1,1781042400025862243,29086.750000000,2,4,2026-06-10
NQM6,1781042400025863173,389297818,82754309,1781042400025816787,29092.750000000,1,1781042400025863173,29086.750000000,3,4,2026-06-10
NQM6,1781042400025942695,389297825,82754311,1781042400025942695,29092.750000000,2,1781042400025863173,29086.750000000,3,4,2026-06-10
NQM6,1781042400025975949,389297828,82754314,1781042400025942695,29092.750000000,2,1781042400025975949,29087.000000000,1,4,2026-06-10
NQM6,1781042400026039785,389297837,82754318,1781042400026039785,29092.500000000,1,1781042400025975949,29087.000000000,1,4,2026-06-10
NQM6,1781042400026076995,389297841,82754320,1781042400026039785,29092.500000000,1,1781042400026076995,29087.000000000,2,4,2026-06-10
NQM6,1781042400026077991,389297842,82754321,1781042400026039785,29092.500000000,1,1781042400026077991,29087.000000000,3,4,2026-06-10
NQM6,1781042400026152601,389297847,82754323,1781042400026152601,29092.500000000,2,1781042400026077991,29087.000000000,3,4,2026-06-10
NQM6,1781042400026190231,389297854,82754326,1781042400026152601,29092.500000000,2,1781042400026190231,29087.250000000,1,4,2026-06-10
NQM6,1781042400026245485,389297863,82754330,1781042400026245485,29092.250000000,1,1781042400026190231,29087.250000000,1,4,2026-06-10
NQM6,1781042400026344129,389297867,82754332,1781042400026245485,29092.250000000,1,1781042400026344129,29087.250000000,2,4,2026-06-10
NQM6,1781042400026345109,389297868,82754333,1781042400026245485,29092.250000000,1,1781042400026345109,29087.250000000,3,4,2026-06-10
NQM6,1781042400026427857,389297877,82754335,1781042400026427857,29092.250000000,2,1781042400026345109,29087.250000000,3,4,2026-06-10
NQM6,1781042400026463395,389297882,82754338,1781042400026427857,29092.250000000,2,1781042400026463395,29087.500000000,1,4,2026-06-10
NQM6,1781042400026551135,389297890,82754342,1781042400026551135,29092.000000000,1,1781042400026463395,29087.500000000,1,4,2026-06-10
NQM6,1781042400026601053,389297893,82754344,1781042400026551135,29092.000000000,1,1781042400026601053,29087.500000000,2,4,2026-06-10
NQM6,1781042400026601975,389297894,82754345,1781042400026551135,29092.000000000,1,1781042400026601975,29087.500000000,3,4,2026-06-10
NQM6,1781042400026673301,389297902,82754347,1781042400026673301,29092.000000000,2,1781042400026601975,29087.500000000,3,4,2026-06-10
NQM6,1781042400026708529,389297905,82754350,1781042400026673301,29092.000000000,2,1781042400026708529,29087.750000000,1,4,2026-06-10
NQM6,1781042400026792641,389297919,82754354,1781042400026792641,29091.750000000,1,1781042400026708529,29087.750000000,1,4,2026-06-10
NQM6,1781042400026949173,389297929,82754356,1781042400026949173,29091.750000000,2,1781042400026708529,29087.750000000,1,4,2026-06-10
NQM6,1781042400027058991,389297941,82754360,1781042400027058991,29091.500000000,1,1781042400026708529,29087.750000000,1,4,2026-06-10
NQM6,1781042400027181749,389297949,82754362,1781042400027181749,29091.500000000,2,1781042400026708529,29087.750000000,1,4,2026-06-10
NQM6,1781042400027296503,389297959,82754366,1781042400027296503,29091.250000000,1,1781042400026708529,29087.750000000,1,4,2026-06-10
NQM6,1781042400027390963,389297969,82754371,1781042400027390963,29091.250000000,2,1781042400026708529,29087.750000000,1,4,2026-06-10
NQM6,1781042400027421875,389297974,82754375,1781042400027390963,29091.250000000,2,1781042400027421875,29085.000000000,2,4,2026-06-10
NQM6,1781042400027497979,389297980,82754376,1781042400027497979,29091.000000000,1,1781042400027421875,29085.000000000,2,4,2026-06-10
NQM6,1781042400027609103,389297993,82754379,1781042400027609103,29091.000000000,2,1781042400027421875,29085.000000000,2,4,2026-06-10
NQM6,1781042400027610909,389297994,82754380,1781042400027609103,29091.000000000,2,1781042400027610909,29085.250000000,1,4,2026-06-10
NQM6,1781042400027732727,389298004,82754384,1781042400027732727,29090.750000000,1,1781042400027610909,29085.250000000,1,4,2026-06-10
NQM6,1781042400027744553,389298006,82754386,1781042400027732727,29090.750000000,1,1781042400027744553,29085.250000000,2,4,2026-06-10
NQM6,1781042400027842757,389298017,82754387,1781042400027732727,29090.750000000,1,1781042400027842757,29085.250000000,3,4,2026-06-10
NQM6,1781042400027849785,389298020,82754391,1781042400027849785,29090.750000000,2,1781042400027842757,29085.250000000,3,4,2026-06-10
NQM6,1781042400027852625,389298021,82754392,1781042400027849785,29090.750000000,2,1781042400027852625,29085.500000000,1,4,2026-06-10
NQM6,1781042400027976209,389298030,82754394,1781042400027976209,29090.750000000,1,1781042400027852625,29085.500000000,1,4,2026-06-10
NQM6,1781042400027991531,389298033,82754396,1781042400027991531,29096.000000000,13,1781042400027852625,29085.500000000,1,4,2026-06-10
NQM6,1781042400028002955,389298034,82754397,1781042400027991531,29096.000000000,13,1781042400028002955,29085.500000000,2,4,2026-06-10
NQM6,1781042400028087335,389298041,82754398,1781042400027991531,29096.000000000,13,1781042400028087335,29085.500000000,3,4,2026-06-10
NQM6,1781042400028122777,389298046,82754400,1781042400027991531,29096.000000000,13,1781042400028122777,29085.750000000,1,4,2026-06-10
NQM6,1781042400028195847,389298054,82754402,1781042400028195847,29095.750000000,1,1781042400028122777,29085.750000000,1,4,2026-06-10
NQM6,1781042400028248781,389298061,82754406,1781042400028195847,29095.750000000,1,1781042400028248781,29085.750000000,2,4,2026-06-10
NQM6,1781042400028249817,389298061,82754407,1781042400028195847,29095.750000000,1,1781042400028249817,29085.750000000,3,4,2026-06-10
NQM6,1781042400028389243,389298069,82754409,1781042400028195847,29095.750000000,1,1781042400028389243,29086.000000000,1,4,2026-06-10
NQM6,1781042400028394751,389298069,82754411,1781042400028394751,29095.750000000,2,1781042400028389243,29086.000000000,1,4,2026-06-10
NQM6,1781042400028646645,389298073,82754414,1781042400028394751,29095.750000000,2,1781042400028646645,29086.000000000,2,4,2026-06-10
NQM6,1781042400028647969,389298075,82754416,1781042400028647969,29095.500000000,1,1781042400028646645,29086.000000000,2,4,2026-06-10
NQM6,1781042400028648149,389298076,82754417,1781042400028647969,29095.500000000,1,1781042400028648149,29086.000000000,3,4,2026-06-10
NQM6,1781042400028777335,389298089,82754421,1781042400028777335,29095.500000000,2,1781042400028648149,29086.000000000,3,4,2026-06-10
NQM6,1781042400028923171,389298103,82754424,1781042400028923171,29095.250000000,1,1781042400028648149,29086.000000000,3,4,2026-06-10
NQM6,1781042400028959745,389298106,82754426,1781042400028959745,29095.000000000,1,1781042400028648149,29086.000000000,3,4,2026-06-10
NQM6,1781042400029101727,389298116,82754430,1781042400029101727,29094.750000000,1,1781042400028648149,29086.000000000,3,4,2026-06-10
NQM6,1781042400029138737,389298119,82754431,1781042400029138737,29091.750000000,1,1781042400028648149,29086.000000000,3,4,2026-06-10
NQM6,1781042400029264743,389298127,82754434,1781042400029264743,29091.500000000,1,1781042400028648149,29086.000000000,3,4,2026-06-10
NQM6,1781042400029371451,389298136,82754438,1781042400029371451,29091.500000000,2,1781042400028648149,29086.000000000,3,4,2026-06-10
NQM6,1781042400029484457,389298142,82754441,1781042400029484457,29091.250000000,1,1781042400028648149,29086.000000000,3,4,2026-06-10
NQM6,1781042400029577573,389298151,82754443,1781042400029577573,29091.250000000,2,1781042400028648149,29086.000000000,3,4,2026-06-10
NQM6,1781042400029684455,389298164,82754446,1781042400029684455,29091.000000000,1,1781042400028648149,29086.000000000,3,4,2026-06-10
NQM6,1781042400029806971,389298182,82754448,1781042400029806971,29091.000000000,2,1781042400028648149,29086.000000000,3,4,2026-06-10
NQM6,1781042400029976281,389298198,82754451,1781042400029976281,29090.750000000,1,1781042400028648149,29086.000000000,3,4,2026-06-10
NQM6,1781042400030378233,389298240,82754457,1781042400030378233,29091.750000000,2,1781042400028648149,29086.000000000,3,4,2026-06-10
NQM6,1781042400030380365,389298241,82754458,1781042400030380365,29091.750000000,1,1781042400028648149,29086.000000000,3,4,2026-06-10
NQM6,1781042400030623869,389298256,82754459,1781042400030623869,29091.500000000,1,1781042400028648149,29086.000000000,3,4,2026-06-10
NQM6,1781042400030726603,389298260,82754460,1781042400030726603,29091.500000000,2,1781042400028648149,29086.000000000,3,4,2026-06-10
NQM6,1781042400030848325,389298266,82754461,1781042400030848325,29091.250000000,1,1781042400028648149,29086.000000000,3,4,2026-06-10
NQM6,1781042400030941517,389298276,82754463,1781042400030941517,29091.250000000,2,1781042400028648149,29086.000000000,3,4,2026-06-10
NQM6,1781042400031346363,389298280,82754466,1781042400031346363,29091.000000000,1,1781042400028648149,29086.000000000,3,4,2026-06-10
NQM6,1781042400031813523,389298299,82754472,1781042400031813523,29091.750000000,2,1781042400028648149,29086.000000000,3,4,2026-06-10
NQM6,1781042400032147453,389298318,82754474,1781042400032147453,29091.500000000,1,1781042400028648149,29086.000000000,3,4,2026-06-10
NQM6,1781042400032307131,389298328,82754475,1781042400032307131,29091.500000000,2,1781042400028648149,29086.000000000,3,4,2026-06-10
NQM6,1781042400032430065,389298340,82754476,1781042400032430065,29091.250000000,1,1781042400028648149,29086.000000000,3,4,2026-06-10
NQM6,1781042400032554379,389298350,82754478,1781042400032554379,29091.250000000,2,1781042400028648149,29086.000000000,3,4,2026-06-10
NQM6,1781042400032684147,389298360,82754481,1781042400032684147,29091.000000000,1,1781042400028648149,29086.000000000,3,4,2026-06-10
NQM6,1781042400032901787,389298375,82754486,1781042400032901787,29091.750000000,2,1781042400028648149,29086.000000000,3,4,2026-06-10
NQM6,1781042400033254323,389298395,82754488,1781042400033254323,29091.500000000,1,1781042400028648149,29086.000000000,3,4,2026-06-10
NQM6,1781042400033527911,389298414,82754490,1781042400033527911,29091.000000000,1,1781042400028648149,29086.000000000,3,4,2026-06-10
NQM6,1781042400033635145,389298420,82754491,1781042400033635145,29090.750000000,1,1781042400028648149,29086.000000000,3,4,2026-06-10
NQM6,1781042400034885175,389298453,82754496,1781042400034885175,29090.750000000,2,1781042400028648149,29086.000000000,3,4,2026-06-10
NQM6,1781042400034976275,389298457,82754497,1781042400034976275,29090.750000000,1,1781042400028648149,29086.000000000,3,4,2026-06-10
NQM6,1781042400041159587,389298571,82754503,1781042400041159587,29090.750000000,2,1781042400028648149,29086.000000000,3,4,2026-06-10
NQM6,1781042400045234373,389298608,82754505,1781042400045234373,29090.750000000,3,1781042400028648149,29086.000000000,3,4,2026-06-10
NQM6,1781042400054610963,389299054,82754509,1781042400054610963,29090.750000000,4,1781042400028648149,29086.000000000,3,4,2026-06-10
NQM6,1781042400071614011,389299278,82754524,1781042400054610963,29090.750000000,4,1781042400071614011,29080.000000000,1,4,2026-06-10
NQM6,1781042400071945905,389299280,82754526,1781042400054610963,29090.750000000,4,1781042400071945905,29086.250000000,1,4,2026-06-10
NQM6,1781042400072002625,389299292,82754527,1781042400072002625,29090.500000000,1,1781042400071945905,29086.250000000,1,4,2026-06-10
NQM6,1781042400072004463,389299294,82754528,1781042400072004463,29090.500000000,2,1781042400071945905,29086.250000000,1,4,2026-06-10
NQM6,1781042400072441147,389299330,82754533,1781042400072004463,29090.500000000,2,1781042400072441147,29080.000000000,1,4,2026-06-10
NQM6,1781042400072585737,389299335,82754535,1781042400072585737,29090.500000000,3,1781042400072441147,29080.000000000,1,4,2026-06-10
NQM6,1781042400072841853,389299345,82754536,1781042400072841853,29090.500000000,4,1781042400072441147,29080.000000000,1,4,2026-06-10
NQM6,1781042400072887701,389299346,82754537,1781042400072841853,29090.500000000,4,1781042400072887701,29080.250000000,1,4,2026-06-10
NQM6,1781042400073077023,389299354,82754538,1781042400073077023,29090.250000000,1,1781042400072887701,29080.250000000,1,4,2026-06-10
NQM6,1781042400073078615,389299354,82754539,1781042400073078615,29090.250000000,2,1781042400072887701,29080.250000000,1,4,2026-06-10
NQM6,1781042400073175033,389299358,82754543,1781042400073078615,29090.250000000,2,1781042400073175033,29080.250000000,2,4,2026-06-10
NQM6,1781042400073409225,389299361,82754545,1781042400073409225,29090.250000000,3,1781042400073175033,29080.250000000,2,4,2026-06-10
NQM6,1781042400073549993,389299363,82754548,1781042400073409225,29090.250000000,3,1781042400073549993,29080.500000000,1,4,2026-06-10
NQM6,1781042400073701783,389299365,82754551,1781042400073701783,29090.250000000,2,1781042400073549993,29080.500000000,1,4,2026-06-10
NQM6,1781042400073720617,389299369,82754552,1781042400073701783,29090.250000000,2,1781042400073720617,29080.500000000,2,4,2026-06-10
NQM6,1781042400073817765,389299373,82754554,1781042400073701783,29090.250000000,2,1781042400073817765,29080.500000000,3,4,2026-06-10
NQM6,1781042400073879661,389299373,82754555,1781042400073701783,29090.250000000,2,1781042400073879661,29080.750000000,1,4,2026-06-10
NQM6,1781042400074052281,389299379,82754559,1781042400073701783,29090.250000000,2,1781042400074052281,29080.750000000,2,4,2026-06-10
NQM6,1781042400074053491,389299381,82754561,1781042400073701783,29090.250000000,2,1781042400074053491,29080.750000000,3,4,2026-06-10
NQM6,1781042400074161199,389299387,82754562,1781042400073701783,29090.250000000,2,1781042400074161199,29081.000000000,1,4,2026-06-10
NQM6,1781042400074255369,389299392,82754566,1781042400073701783,29090.250000000,2,1781042400074255369,29081.000000000,2,4,2026-06-10
NQM6,1781042400074256617,389299394,82754568,1781042400073701783,29090.250000000,2,1781042400074256617,29081.000000000,3,4,2026-06-10
NQM6,1781042400074347717,389299397,82754569,1781042400073701783,29090.250000000,2,1781042400074347717,29081.250000000,1,4,2026-06-10
NQM6,1781042400074440545,389299405,82754573,1781042400073701783,29090.250000000,2,1781042400074440545,29081.250000000,2,4,2026-06-10
NQM6,1781042400074441851,389299407,82754575,1781042400073701783,29090.250000000,2,1781042400074441851,29081.250000000,3,4,2026-06-10
NQM6,1781042400074539535,389299411,82754576,1781042400073701783,29090.250000000,2,1781042400074539535,29081.500000000,1,4,2026-06-10
NQM6,1781042400074629983,389299417,82754580,1781042400073701783,29090.250000000,2,1781042400074629983,29081.500000000,2,4,2026-06-10
NQM6,1781042400074631269,389299419,82754582,1781042400073701783,29090.250000000,2,1781042400074631269,29081.500000000,3,4,2026-06-10
NQM6,1781042400074733485,389299422,82754583,1781042400073701783,29090.250000000,2,1781042400074733485,29081.750000000,1,4,2026-06-10
NQM6,1781042400074824183,389299427,82754587,1781042400073701783,29090.250000000,2,1781042400074824183,29081.750000000,2,4,2026-06-10
NQM6,1781042400074825449,389299429,82754589,1781042400073701783,29090.250000000,2,1781042400074825449,29081.750000000,3,4,2026-06-10
NQM6,1781042400074915667,389299432,82754590,1781042400073701783,29090.250000000,2,1781042400074915667,29082.000000000,1,4,2026-06-10
NQM6,1781042400075004251,389299437,82754594,1781042400073701783,29090.250000000,2,1781042400075004251,29082.000000000,2,4,2026-06-10
NQM6,1781042400075005615,389299439,82754596,1781042400073701783,29090.250000000,2,1781042400075005615,29082.000000000,3,4,2026-06-10
NQM6,1781042400075095869,389299441,82754597,1781042400073701783,29090.250000000,2,1781042400075095869,29082.250000000,1,4,2026-06-10
NQM6,1781042400075184819,389299447,82754601,1781042400073701783,29090.250000000,2,1781042400075184819,29082.250000000,2,4,2026-06-10
NQM6,1781042400075186009,389299449,82754603,1781042400073701783,29090.250000000,2,1781042400075186009,29082.250000000,3,4,2026-06-10
NQM6,1781042400075275881,389299451,82754604,1781042400073701783,29090.250000000,2,1781042400075275881,29082.500000000,1,4,2026-06-10
NQM6,1781042400075365943,389299456,82754608,1781042400073701783,29090.250000000,2,1781042400075365943,29082.500000000,2,4,2026-06-10
NQM6,1781042400075367153,389299458,82754610,1781042400073701783,29090.250000000,2,1781042400075367153,29082.500000000,3,4,2026-06-10
NQM6,1781042400075456737,389299461,82754613,1781042400073701783,29090.250000000,2,1781042400075456737,29082.750000000,1,4,2026-06-10
NQM6,1781042400075478047,389299463,82754617,1781042400075478047,29090.250000000,1,1781042400075456737,29082.750000000,1,4,2026-06-10
NQM6,1781042400075549775,389299467,82754618,1781042400075478047,29090.250000000,1,1781042400075549775,29082.750000000,2,4,2026-06-10
NQM6,1781042400075550965,389299469,82754620,1781042400075478047,29090.250000000,1,1781042400075550965,29082.750000000,3,4,2026-06-10
NQM6,1781042400075638955,389299472,82754621,1781042400075478047,29090.250000000,1,1781042400075638955,29083.000000000,1,4,2026-06-10
NQM6,1781042400075726505,389299481,82754629,1781042400075478047,29090.250000000,1,1781042400075726505,29083.000000000,2,4,2026-06-10
NQM6,1781042400075727925,389299483,82754631,1781042400075478047,29090.250000000,1,1781042400075727925,29083.000000000,3,4,2026-06-10
NQM6,1781042400075823555,389299485,82754632,1781042400075478047,29090.250000000,1,1781042400075823555,29083.250000000,1,4,2026-06-10
NQM6,1781042400075914233,389299490,82754636,1781042400075478047,29090.250000000,1,1781042400075914233,29083.250000000,2,4,2026-06-10
NQM6,1781042400075915367,389299492,82754638,1781042400075478047,29090.250000000,1,1781042400075915367,29083.250000000,3,4,2026-06-10
NQM6,1781042400076016067,389299496,82754639,1781042400075478047,29090.250000000,1,1781042400076016067,29083.500000000,1,4,2026-06-10
NQM6,1781042400076114057,389299502,82754643,1781042400075478047,29090.250000000,1,1781042400076114057,29083.500000000,2,4,2026-06-10
NQM6,1781042400076115267,389299504,82754645,1781042400075478047,29090.250000000,1,1781042400076115267,29083.500000000,3,4,2026-06-10
NQM6,1781042400076212933,389299506,82754646,1781042400075478047,29090.250000000,1,1781042400076212933,29083.750000000,1,4,2026-06-10
NQM6,1781042400076238513,389299510,82754651,1781042400076238513,29090.250000000,2,1781042400076212933,29083.750000000,1,4,2026-06-10
NQM6,1781042400076301481,389299512,82754652,1781042400076238513,29090.250000000,2,1781042400076301481,29083.750000000,2,4,2026-06-10
NQM6,1781042400076302613,389299515,82754654,1781042400076238513,29090.250000000,2,1781042400076302613,29083.750000000,3,4,2026-06-10
NQM6,1781042400076394595,389299517,82754655,1781042400076238513,29090.250000000,2,1781042400076394595,29084.000000000,1,4,2026-06-10
NQM6,1781042400076491417,389299525,82754659,1781042400076238513,29090.250000000,2,1781042400076491417,29084.000000000,2,4,2026-06-10
NQM6,1781042400076492665,389299528,82754661,1781042400076238513,29090.250000000,2,1781042400076492665,29084.000000000,3,4,2026-06-10
NQM6,1781042400076585415,389299529,82754662,1781042400076238513,29090.250000000,2,1781042400076585415,29084.250000000,1,4,2026-06-10
NQM6,1781042400076684005,389299534,82754666,1781042400076238513,29090.250000000,2,1781042400076684005,29084.250000000,2,4,2026-06-10
NQM6,1781042400076685365,389299536,82754668,1781042400076238513,29090.250000000,2,1781042400076685365,29084.250000000,3,4,2026-06-10
NQM6,1781042400076775891,389299539,82754669,1781042400076238513,29090.250000000,2,1781042400076775891,29084.500000000,1,4,2026-06-10
NQM6,1781042400076861229,389299547,82754673,1781042400076238513,29090.250000000,2,1781042400076861229,29084.500000000,2,4,2026-06-10
NQM6,1781042400076862557,389299549,82754675,1781042400076238513,29090.250000000,2,1781042400076862557,29084.500000000,3,4,2026-06-10
NQM6,1781042400076952773,389299554,82754676,1781042400076238513,29090.250000000,2,1781042400076952773,29084.750000000,1,4,2026-06-10
NQM6,1781042400077040533,389299562,82754680,1781042400076238513,29090.250000000,2,1781042400077040533,29084.750000000,2,4,2026-06-10
NQM6,1781042400077041607,389299564,82754682,1781042400076238513,29090.250000000,2,1781042400077041607,29084.750000000,3,4,2026-06-10
NQM6,1781042400077134205,389299570,82754683,1781042400076238513,29090.250000000,2,1781042400077134205,29085.000000000,1,4,2026-06-10
NQM6,1781042400077221369,389299578,82754687,1781042400076238513,29090.250000000,2,1781042400077221369,29085.000000000,2,4,2026-06-10
NQM6,1781042400077222597,389299580,82754689,1781042400076238513,29090.250000000,2,1781042400077222597,29085.000000000,3,4,2026-06-10
NQM6,1781042400077321433,389299582,82754690,1781042400076238513,29090.250000000,2,1781042400077321433,29085.250000000,1,4,2026-06-10
NQM6,1781042400077417181,389299589,82754694,1781042400076238513,29090.250000000,2,1781042400077417181,29085.250000000,2,4,2026-06-10
NQM6,1781042400077418293,389299591,82754696,1781042400076238513,29090.250000000,2,1781042400077418293,29085.250000000,3,4,2026-06-10
NQM6,1781042400077513215,389299596,82754697,1781042400076238513,29090.250000000,2,1781042400077513215,29085.500000000,1,4,2026-06-10
NQM6,1781042400077614529,389299606,82754701,1781042400076238513,29090.250000000,2,1781042400077614529,29085.500000000,2,4,2026-06-10
NQM6,1781042400077615967,389299606,82754703,1781042400076238513,29090.250000000,2,1781042400077615967,29085.500000000,3,4,2026-06-10
NQM6,1781042400077866785,389299612,82754704,1781042400076238513,29090.250000000,2,1781042400077866785,29085.750000000,1,4,2026-06-10
NQM6,1781042400078000047,389299621,82754708,1781042400076238513,29090.250000000,2,1781042400078000047,29085.750000000,2,4,2026-06-10
NQM6,1781042400078001351,389299623,82754710,1781042400076238513,29090.250000000,2,1781042400078001351,29085.750000000,3,4,2026-06-10
NQM6,1781042400078093507,389299631,82754711,1781042400076238513,29090.250000000,2,1781042400078093507,29086.000000000,1,4,2026-06-10
NQM6,1781042400078181115,389299642,82754716,1781042400076238513,29090.250000000,2,1781042400078181115,29086.000000000,2,4,2026-06-10
NQM6,1781042400078182341,389299643,82754718,1781042400076238513,29090.250000000,2,1781042400078182341,29086.000000000,3,4,2026-06-10
NQM6,1781042400078280891,389299650,82754719,1781042400076238513,29090.250000000,2,1781042400078280891,29086.250000000,1,4,2026-06-10
NQM6,1781042400078403363,389299658,82754723,1781042400076238513,29090.250000000,2,1781042400078403363,29086.250000000,2,4,2026-06-10
NQM6,1781042400078404667,389299660,82754725,1781042400076238513,29090.250000000,2,1781042400078404667,29086.250000000,3,4,2026-06-10
NQM6,1781042400078512511,389299669,82754726,1781042400076238513,29090.250000000,2,1781042400078512511,29086.500000000,1,4,2026-06-10
NQM6,1781042400078611789,389299678,82754730,1781042400076238513,29090.250000000,2,1781042400078611789,29086.500000000,2,4,2026-06-10
NQM6,1781042400078613017,389299680,82754732,1781042400076238513,29090.250000000,2,1781042400078613017,29086.500000000,3,4,2026-06-10
NQM6,1781042400078719917,389299685,82754733,1781042400076238513,29090.250000000,2,1781042400078719917,29086.750000000,1,4,2026-06-10
NQM6,1781042400078811077,389299695,82754737,1781042400076238513,29090.250000000,2,1781042400078811077,29086.750000000,2,4,2026-06-10
NQM6,1781042400078812189,389299695,82754739,1781042400076238513,29090.250000000,2,1781042400078812189,29086.750000000,3,4,2026-06-10
NQM6,1781042400079078345,389299704,82754740,1781042400076238513,29090.250000000,2,1781042400079078345,29087.000000000,1,4,2026-06-10
NQM6,1781042400079183309,389299714,82754746,1781042400079183309,29090.250000000,3,1781042400079078345,29087.000000000,1,4,2026-06-10
NQM6,1781042400079194693,389299715,82754747,1781042400079183309,29090.250000000,3,1781042400079194693,29087.000000000,2,4,2026-06-10
NQM6,1781042400079195941,389299717,82754749,1781042400079183309,29090.250000000,3,1781042400079195941,29087.000000000,3,4,2026-06-10
NQM6,1781042400079308351,389299719,82754750,1781042400079183309,29090.250000000,3,1781042400079308351,29087.000000000,2,4,2026-06-10
NQM6,1781042400079419035,389299726,82754753,1781042400079183309,29090.250000000,3,1781042400079419035,29087.000000000,1,4,2026-06-10
NQM6,1781042400079419785,389299727,82754755,1781042400079183309,29090.250000000,3,1781042400079419785,29078.000000000,2,4,2026-06-10
NQM6,1781042400079524881,389299734,82754756,1781042400079183309,29090.250000000,3,1781042400079524881,29078.250000000,1,4,2026-06-10
NQM6,1781042400079530293,389299739,82754757,1781042400079530293,29090.250000000,4,1781042400079524881,29078.250000000,1,4,2026-06-10
NQM6,1781042400079626233,389299743,82754758,1781042400079530293,29090.250000000,4,1781042400079626233,29078.250000000,2,4,2026-06-10
NQM6,1781042400079627077,389299745,82754759,1781042400079530293,29090.250000000,4,1781042400079627077,29078.250000000,3,4,2026-06-10
NQM6,1781042400079723879,389299752,82754760,1781042400079530293,29090.250000000,4,1781042400079723879,29078.500000000,1,4,2026-06-10
NQM6,1781042400079828323,389299757,82754763,1781042400079530293,29090.250000000,4,1781042400079828323,29078.500000000,2,4,2026-06-10
NQM6,1781042400079829571,389299759,82754765,1781042400079530293,29090.250000000,4,1781042400079829571,29078.500000000,3,4,2026-06-10
NQM6,1781042400079923801,389299761,82754767,1781042400079923801,29090.250000000,5,1781042400079829571,29078.500000000,3,4,2026-06-10
NQM6,1781042400079952177,389299763,82754768,1781042400079923801,29090.250000000,5,1781042400079952177,29078.750000000,1,4,2026-06-10
NQM6,1781042400080040703,389299771,82754773,1781042400079923801,29090.250000000,5,1781042400080040703,29078.750000000,2,4,2026-06-10
NQM6,1781042400080042009,389299773,82754775,1781042400079923801,29090.250000000,5,1781042400080042009,29078.750000000,3,4,2026-06-10
NQM6,1781042400080133781,389299774,82754776,1781042400079923801,29090.250000000,5,1781042400080133781,29079.000000000,1,4,2026-06-10
NQM6,1781042400080230775,389299777,82754780,1781042400079923801,29090.250000000,5,1781042400080230775,29079.000000000,2,4,2026-06-10
NQM6,1781042400080232311,389299779,82754782,1781042400079923801,29090.250000000,5,1781042400080232311,29079.000000000,3,4,2026-06-10
NQM6,1781042400080319129,389299780,82754783,1781042400079923801,29090.250000000,5,1781042400080319129,29079.250000000,1,4,2026-06-10
NQM6,1781042400080408445,389299785,82754787,1781042400079923801,29090.250000000,5,1781042400080408445,29079.250000000,2,4,2026-06-10
NQM6,1781042400080409789,389299787,82754789,1781042400079923801,29090.250000000,5,1781042400080409789,29079.250000000,3,4,2026-06-10
NQM6,1781042400080497029,389299792,82754790,1781042400079923801,29090.250000000,5,1781042400080497029,29079.500000000,1,4,2026-06-10
NQM6,1781042400080547811,389299795,82754795,1781042400080547811,29090.250000000,6,1781042400080497029,29079.500000000,1,4,2026-06-10
NQM6,1781042400080591085,389299796,82754796,1781042400080547811,29090.250000000,6,1781042400080591085,29079.500000000,2,4,2026-06-10
NQM6,1781042400080592295,389299798,82754798,1781042400080547811,29090.250000000,6,1781042400080592295,29079.500000000,3,4,2026-06-10
NQM6,1781042400080694051,389299800,82754801,1781042400080547811,29090.250000000,6,1781042400080694051,29079.750000000,1,4,2026-06-10
NQM6,1781042400080779487,389299806,82754805,1781042400080547811,29090.250000000,6,1781042400080779487,29079.750000000,2,4,2026-06-10
NQM6,1781042400080780717,389299808,82754807,1781042400080547811,29090.250000000,6,1781042400080780717,29079.750000000,3,4,2026-06-10
NQM6,1781042400080868609,389299813,82754808,1781042400080547811,29090.250000000,6,1781042400080868609,29080.000000000,1,4,2026-06-10
NQM6,1781042400080980099,389299818,82754812,1781042400080547811,29090.250000000,6,1781042400080980099,29080.000000000,2,4,2026-06-10
NQM6,1781042400080981385,389299820,82754814,1781042400080547811,29090.250000000,6,1781042400080981385,29080.000000000,3,4,2026-06-10
NQM6,1781042400081078091,389299822,82754815,1781042400080547811,29090.250000000,6,1781042400081078091,29080.250000000,1,4,2026-06-10
NQM6,1781042400081163565,389299826,82754819,1781042400080547811,29090.250000000,6,1781042400081163565,29080.250000000,2,4,2026-06-10
NQM6,1781042400081164661,389299828,82754821,1781042400080547811,29090.250000000,6,1781042400081164661,29080.250000000,3,4,2026-06-10
NQM6,1781042400081254743,389299831,82754822,1781042400080547811,29090.250000000,6,1781042400081254743,29080.500000000,1,4,2026-06-10
NQM6,1781042400081340217,389299834,82754826,1781042400080547811,29090.250000000,6,1781042400081340217,29080.500000000,2,4,2026-06-10
NQM6,1781042400081341387,389299836,82754828,1781042400080547811,29090.250000000,6,1781042400081341387,29080.500000000,3,4,2026-06-10
NQM6,1781042400081432373,389299838,82754829,1781042400080547811,29090.250000000,6,1781042400081432373,29080.750000000,1,4,2026-06-10
NQM6,1781042400081523281,389299844,82754833,1781042400080547811,29090.250000000,6,1781042400081523281,29080.750000000,2,4,2026-06-10
NQM6,1781042400081524337,389299845,82754835,1781042400080547811,29090.250000000,6,1781042400081524337,29080.750000000,3,4,2026-06-10
NQM6,1781042400081625515,389299848,82754836,1781042400080547811,29090.250000000,6,1781042400081625515,29081.000000000,1,4,2026-06-10
NQM6,1781042400081710685,389299853,82754840,1781042400080547811,29090.250000000,6,1781042400081710685,29081.000000000,2,4,2026-06-10
NQM6,1781042400081711875,389299854,82754842,1781042400080547811,29090.250000000,6,1781042400081711875,29081.000000000,3,4,2026-06-10
NQM6,1781042400081814743,389299856,82754845,1781042400080547811,29090.250000000,6,1781042400081814743,29081.250000000,1,4,2026-06-10
NQM6,1781042400081904999,389299858,82754847,1781042400080547811,29090.250000000,6,1781042400081904999,29081.250000000,2,4,2026-06-10
NQM6,1781042400081906169,389299860,82754849,1781042400080547811,29090.250000000,6,1781042400081906169,29081.250000000,3,4,2026-06-10
NQM6,1781042400081993351,389299861,82754850,1781042400080547811,29090.250000000,6,1781042400081993351,29081.500000000,1,4,2026-06-10
NQM6,1781042400082079211,389299865,82754854,1781042400080547811,29090.250000000,6,1781042400082079211,29081.500000000,2,4,2026-06-10
NQM6,1781042400082080307,389299866,82754856,1781042400080547811,29090.250000000,6,1781042400082080307,29081.500000000,3,4,2026-06-10
NQM6,1781042400082323999,389299869,82754859,1781042400080547811,29090.250000000,6,1781042400082323999,29081.750000000,1,4,2026-06-10
NQM6,1781042400082433359,389299871,82754861,1781042400080547811,29090.250000000,6,1781042400082433359,29081.750000000,2,4,2026-06-10
NQM6,1781042400082434473,389299873,82754863,1781042400080547811,29090.250000000,6,1781042400082434473,29081.750000000,3,4,2026-06-10
NQM6,1781042400082530159,389299874,82754864,1781042400080547811,29090.250000000,6,1781042400082530159,29082.000000000,1,4,2026-06-10
NQM6,1781042400082621797,389299878,82754868,1781042400080547811,29090.250000000,6,1781042400082621797,29082.000000000,2,4,2026-06-10
NQM6,1781042400082622891,389299880,82754870,1781042400080547811,29090.250000000,6,1781042400082622891,29082.000000000,3,4,2026-06-10
NQM6,1781042400082709807,389299883,82754871,1781042400080547811,29090.250000000,6,1781042400082709807,29082.250000000,1,4,2026-06-10
NQM6,1781042400082735975,389299886,82754876,1781042400082735975,29090.250000000,7,1781042400082709807,29082.250000000,1,4,2026-06-10
NQM6,1781042400082794859,389299888,82754877,1781042400082735975,29090.250000000,7,1781042400082794859,29082.250000000,2,4,2026-06-10
NQM6,1781042400082796241,389299888,82754879,1781042400082735975,29090.250000000,7,1781042400082796241,29082.250000000,3,4,2026-06-10
NQM6,1781042400083176741,389299891,82754884,1781042400082735975,29090.250000000,7,1781042400083176741,29082.500000000,1,4,2026-06-10
NQM6,1781042400083306901,389299900,82754886,1781042400082735975,29090.250000000,7,1781042400083306901,29082.500000000,2,4,2026-06-10
NQM6,1781042400083308053,389299901,82754887,1781042400082735975,29090.250000000,7,1781042400083308053,29082.500000000,3,4,2026-06-10
NQM6,1781042400083413475,389299907,82754889,1781042400082735975,29090.250000000,7,1781042400083413475,29082.750000000,1,4,2026-06-10
NQM6,1781042400083666289,389299912,82754893,1781042400082735975,29090.250000000,7,1781042400083666289,29082.750000000,2,4,2026-06-10
NQM6,1781042400083667421,389299912,82754895,1781042400082735975,29090.250000000,7,1781042400083667421,29082.750000000,3,4,2026-06-10
NQM6,1781042400129195605,389300182,82754903,1781042400129195605,29086.500000000,1,1781042400083667421,29082.750000000,3,4,2026-06-10
NQM6,1781042400129300413,389300183,82754905,1781042400129300413,29086.250000000,1,1781042400083667421,29082.750000000,3,4,2026-06-10
NQM6,1781042400133467011,389300209,82754918,1781042400129300413,29086.250000000,1,1781042400133467011,29082.750000000,1,4,2026-06-10
NQM6,1781042400133668641,389300210,82754919,1781042400129300413,29086.250000000,1,1781042400133668641,29083.000000000,1,4,2026-06-10
NQM6,1781042400133856215,389300213,82754923,1781042400129300413,29086.250000000,1,1781042400133856215,29078.000000000,2,4,2026-06-10
NQM6,1781042400133911011,389300215,82754926,1781042400133911011,29086.250000000,2,1781042400133856215,29078.000000000,2,4,2026-06-10
NQM6,1781042400133928157,389300216,82754928,1781042400133928157,29086.250000000,3,1781042400133856215,29078.000000000,2,4,2026-06-10
NQM6,1781042400133954939,389300217,82754929,1781042400133928157,29086.250000000,3,1781042400133954939,29078.000000000,3,4,2026-06-10
NQM6,1781042400133972507,389300218,82754931,1781042400133972507,29086.250000000,4,1781042400133954939,29078.000000000,3,4,2026-06-10
NQM6,1781042400134000805,389300220,82754932,1781042400134000805,29086.000000000,1,1781042400133954939,29078.000000000,3,4,2026-06-10
NQM6,1781042400135701157,389300227,82754938,1781042400135701157,29086.000000000,2,1781042400133954939,29078.000000000,3,4,2026-06-10
NQM6,1781042400135795481,389300228,82754939,1781042400135795481,29085.750000000,1,1781042400133954939,29078.000000000,3,4,2026-06-10
NQM6,1781042400136027849,389300230,82754944,1781042400136027849,29085.750000000,2,1781042400133954939,29078.000000000,3,4,2026-06-10
NQM6,1781042400136131371,389300231,82754945,1781042400136131371,29085.500000000,1,1781042400133954939,29078.000000000,3,4,2026-06-10
NQM6,1781042400136791861,389300238,82754949,1781042400136791861,29085.500000000,2,1781042400133954939,29078.000000000,3,4,2026-06-10
NQM6,1781042400136879369,389300239,82754950,1781042400136879369,29085.250000000,1,1781042400133954939,29078.000000000,3,4,2026-06-10
NQM6,1781042400139851551,389300266,82754960,1781042400139851551,29085.250000000,2,1781042400133954939,29078.000000000,3,4,2026-06-10
NQM6,1781042400139943341,389300268,82754961,1781042400139943341,29085.000000000,1,1781042400133954939,29078.000000000,3,4,2026-06-10
NQM6,1781042400140167587,389300273,82754965,1781042400140167587,29085.000000000,2,1781042400133954939,29078.000000000,3,4,2026-06-10
NQM6,1781042400140181621,389300274,82754967,1781042400140181621,29085.000000000,3,1781042400133954939,29078.000000000,3,4,2026-06-10
NQM6,1781042400140264927,389300276,82754968,1781042400140264927,29084.750000000,1,1781042400133954939,29078.000000000,3,4,2026-06-10
NQM6,1781042400141814125,389300295,82754978,1781042400141814125,29084.750000000,2,1781042400133954939,29078.000000000,3,4,2026-06-10
NQM6,1781042400141904955,389300296,82754979,1781042400141904955,29084.500000000,1,1781042400133954939,29078.000000000,3,4,2026-06-10
NQM6,1781042400142125401,389300302,82754984,1781042400142125401,29084.500000000,2,1781042400133954939,29078.000000000,3,4,2026-06-10
NQM6,1781042400142214177,389300306,82754985,1781042400142214177,29084.250000000,1,1781042400133954939,29078.000000000,3,4,2026-06-10
NQM6,1781042400142436311,389300313,82754992,1781042400142436311,29084.250000000,2,1781042400133954939,29078.000000000,3,4,2026-06-10
NQM6,1781042400142524857,389300317,82754993,1781042400142524857,29084.000000000,1,1781042400133954939,29078.000000000,3,4,2026-06-10
NQM6,1781042400144046275,389300418,82754998,1781042400144046275,29084.000000000,2,1781042400133954939,29078.000000000,3,4,2026-06-10
NQM6,1781042400144202977,389300428,82755001,1781042400144202977,29083.750000000,1,1781042400133954939,29078.000000000,3,4,2026-06-10
NQM6,1781042400144529517,389300436,82755008,1781042400144529517,29083.750000000,2,1781042400133954939,29078.000000000,3,4,2026-06-10
NQM6,1781042400144613589,389300438,82755009,1781042400144613589,29083.500000000,1,1781042400133954939,29078.000000000,3,4,2026-06-10
NQM6,1781042400144818809,389300445,82755017,1781042400144818809,29083.500000000,2,1781042400133954939,29078.000000000,3,4,2026-06-10
NQM6,1781042400144850199,389300446,82755020,1781042400144850199,29083.500000000,3,1781042400133954939,29078.000000000,3,4,2026-06-10
NQM6,1781042400144927151,389300447,82755021,1781042400144927151,29083.250000000,1,1781042400133954939,29078.000000000,3,4,2026-06-10
NQM6,1781042400146522521,389300458,82755027,1781042400146522521,29083.250000000,2,1781042400133954939,29078.000000000,3,4,2026-06-10
NQM6,1781042400146607477,389300459,82755028,1781042400146607477,29083.000000000,1,1781042400133954939,29078.000000000,3,4,2026-06-10
NQM6,1781042400146838041,389300464,82755033,1781042400146838041,29083.000000000,2,1781042400133954939,29078.000000000,3,4,2026-06-10
NQM6,1781042400146922381,389300465,82755034,1781042400146922381,29082.750000000,1,1781042400133954939,29078.000000000,3,4,2026-06-10
NQM6,1781042400147137413,389300468,82755040,1781042400147137413,29082.750000000,2,1781042400133954939,29078.000000000,3,4,2026-06-10
NQM6,1781042400147225787,389300470,82755043,1781042400147225787,29082.500000000,1,1781042400133954939,29078.000000000,3,4,2026-06-10
NQM6,1781042400148721745,389300495,82755054,1781042400148721745,29082.500000000,2,1781042400133954939,29078.000000000,3,4,2026-06-10
NQM6,1781042400148828607,389300504,82755055,1781042400148828607,29082.250000000,1,1781042400133954939,29078.000000000,3,4,2026-06-10
NQM6,1781042400149086469,389300517,82755060,1781042400149086469,29082.250000000,2,1781042400133954939,29078.000000000,3,4,2026-06-10
NQM6,1781042400149181853,389300522,82755061,1781042400149181853,29082.000000000,1,1781042400133954939,29078.000000000,3,4,2026-06-10
NQM6,1781042400149432497,389300533,82755066,1781042400149432497,29082.000000000,2,1781042400133954939,29078.000000000,3,4,2026-06-10
NQM6,1781042400149520353,389300537,82755067,1781042400149520353,29081.750000000,1,1781042400133954939,29078.000000000,3,4,2026-06-10
NQM6,1781042400151018269,389300588,82755078,1781042400151018269,29081.750000000,2,1781042400133954939,29078.000000000,3,4,2026-06-10
NQM6,1781042400151104587,389300591,82755079,1781042400151104587,29081.500000000,1,1781042400133954939,29078.000000000,3,4,2026-06-10
NQM6,1781042400152448125,389300637,82755085,1781042400152448125,29081.500000000,2,1781042400133954939,29078.000000000,3,4,2026-06-10
NQM6,1781042400152545503,389300641,82755086,1781042400152545503,29081.250000000,1,1781042400133954939,29078.000000000,3,4,2026-06-10
NQM6,1781042400152801541,389300658,82755093,1781042400152801541,29081.250000000,2,1781042400133954939,29078.000000000,3,4,2026-06-10
NQM6,1781042400152916525,389300664,82755097,1781042400152916525,29081.000000000,1,1781042400133954939,29078.000000000,3,4,2026-06-10
NQM6,1781042400154457141,389300713,82755105,1781042400154457141,29081.000000000,2,1781042400133954939,29078.000000000,3,4,2026-06-10
NQM6,1781042400154937523,389300726,82755108,1781042400154937523,29081.000000000,3,1781042400133954939,29078.000000000,3,4,2026-06-10
NQM6,1781042400155633723,389300749,82755110,1781042400155633723,29081.000000000,4,1781042400133954939,29078.000000000,3,4,2026-06-10
NQM6,1781042400155635949,389300750,82755111,1781042400155633723,29081.000000000,4,1781042400155635949,29078.250000000,1,4,2026-06-10
NQM6,1781042400155747457,389300753,82755112,1781042400155633723,29081.000000000,4,1781042400155747457,29078.250000000,2,4,2026-06-10
NQM6,1781042400155748973,389300755,82755114,1781042400155633723,29081.000000000,4,1781042400155748973,29078.250000000,3,4,2026-06-10
NQM6,1781042400156045101,389300765,82755117,1781042400156045101,29081.000000000,5,1781042400155748973,29078.250000000,3,4,2026-06-10
NQM6,1781042400208805391,389300970,82755124,1781042400156045101,29081.000000000,5,1781042400208805391,29078.250000000,1,4,2026-06-10
NQM6,1781042400211803355,389300987,82755131,1781042400156045101,29081.000000000,5,1781042400211803355,29078.000000000,2,4,2026-06-10
NQM6,1781042400229255527,389301026,82755137,1781042400156045101,29081.000000000,5,1781042400229255527,29078.000000000,1,4,2026-06-10
NQM6,1781042400271670955,389301110,82755142,1781042400271670955,29078.250000000,1,1781042400229255527,29078.000000000,1,4,2026-06-10
NQM6,1781042400271784231,389301112,82755147,1781042400271670955,29078.250000000,1,1781042400271784231,29076.000000000,3,4,2026-06-10
NQM6,1781042400271793677,389301113,82755153,1781042400271793677,29080.000000000,1,1781042400271784231,29076.000000000,3,4,2026-06-10
NQM6,1781042400272144465,389301117,82755155,1781042400272144465,29080.750000000,1,1781042400271784231,29076.000000000,3,4,2026-06-10
NQM6,1781042400272145307,389301118,82755156,1781042400272144465,29080.750000000,1,1781042400272145307,29076.250000000,1,4,2026-06-10
NQM6,1781042400272277899,389301122,82755157,1781042400272144465,29080.750000000,1,1781042400272277899,29076.500000000,1,4,2026-06-10
NQM6,1781042400272398697,389301123,82755158,1781042400272144465,29080.750000000,1,1781042400272398697,29076.750000000,1,4,2026-06-10
NQM6,1781042400272541155,389301127,82755161,1781042400272144465,29080.750000000,1,1781042400272541155,29077.000000000,1,4,2026-06-10
NQM6,1781042400272702967,389301130,82755167,1781042400272144465,29080.750000000,1,1781042400272702967,29076.000000000,3,4,2026-06-10
NQM6,1781042400273831721,389301138,82755168,1781042400272144465,29080.750000000,1,1781042400273831721,29076.250000000,1,4,2026-06-10
NQM6,1781042400273928927,389301140,82755169,1781042400272144465,29080.750000000,1,1781042400273928927,29076.500000000,1,4,2026-06-10
NQM6,1781042400274148009,389301144,82755171,1781042400272144465,29080.750000000,1,1781042400274148009,29076.250000000,1,4,2026-06-10
NQM6,1781042400279097143,389301165,82755173,1781042400279097143,29078.250000000,1,1781042400274148009,29076.250000000,1,4,2026-06-10
NQM6,1781042400279207423,389301169,82755176,1781042400279207423,29078.250000000,2,1781042400274148009,29076.250000000,1,4,2026-06-10
NQM6,1781042400279215717,389301171,82755179,1781042400279215717,29078.250000000,1,1781042400274148009,29076.250000000,1,4,2026-06-10
NQM6,1781042400279470931,389301174,82755183,1781042400279470931,29081.000000000,3,1781042400274148009,29076.250000000,1,4,2026-06-10
NQM6,1781042400280770925,389301188,82755187,1781042400280770925,29080.750000000,1,1781042400274148009,29076.250000000,1,4,2026-06-10
NQM6,1781042400284795025,389301194,82755189,1781042400284795025,29080.750000000,2,1781042400274148009,29076.250000000,1,4,2026-06-10
NQM6,1781042400291028487,389301210,82755191,1781042400284795025,29080.750000000,2,1781042400291028487,29076.000000000,3,4,2026-06-10
NQM6,1781042400295896275,389301219,82755197,1781042400295896275,29078.250000000,1,1781042400291028487,29076.000000000,3,4,2026-06-10
NQM6,1781042400296019765,389301226,82755201,1781042400296019765,29080.750000000,2,1781042400291028487,29076.000000000,3,4,2026-06-10
NQM6,1781042400296340543,389301231,82755202,1781042400296019765,29080.750000000,2,1781042400296340543,29076.250000000,1,4,2026-06-10
NQM6,1781042400296442703,389301233,82755203,1781042400296019765,29080.750000000,2,1781042400296442703,29076.500000000,1,4,2026-06-10
NQM6,1781042400296624939,389301234,82755204,1781042400296624939,29080.500000000,1,1781042400296442703,29076.500000000,1,4,2026-06-10
NQM6,1781042400298146529,389301241,82755207,1781042400298146529,29078.250000000,1,1781042400296442703,29076.500000000,1,4,2026-06-10
NQM6,1781042400298246441,389301242,82755209,1781042400298146529,29078.250000000,1,1781042400298246441,29076.250000000,1,4,2026-06-10
NQM6,1781042400298251317,389301243,82755211,1781042400298146529,29078.250000000,1,1781042400298251317,29076.000000000,3,4,2026-06-10
NQM6,1781042400298256003,389301246,82755217,1781042400298256003,29080.750000000,1,1781042400298251317,29076.000000000,3,4,2026-06-10
NQM6,1781042400298508261,389301248,82755218,1781042400298256003,29080.750000000,1,1781042400298508261,29076.250000000,1,4,2026-06-10
NQM6,1781042400298636817,389301251,82755219,1781042400298256003,29080.750000000,1,1781042400298636817,29076.500000000,1,4,2026-06-10
NQM6,1781042400300037989,389301258,82755222,1781042400300037989,29080.500000000,1,1781042400298636817,29076.500000000,1,4,2026-06-10
NQM6,1781042400316460779,389301305,82755223,1781042400300037989,29080.500000000,1,1781042400316460779,29076.750000000,1,4,2026-06-10
NQM6,1781042400316640791,389301322,82755227,1781042400300037989,29080.500000000,1,1781042400316640791,29076.500000000,1,4,2026-06-10
NQM6,1781042400316645033,389301322,82755229,1781042400300037989,29080.500000000,1,1781042400316645033,29076.000000000,3,4,2026-06-10
NQM6,1781042400316763071,389301326,82755232,1781042400300037989,29080.500000000,1,1781042400316763071,29076.000000000,2,4,2026-06-10
NQM6,1781042400316797973,389301326,82755234,1781042400316797973,29080.250000000,1,1781042400316763071,29076.000000000,2,4,2026-06-10
NQM6,1781042400317030131,389301330,82755236,1781042400317030131,29080.000000000,1,1781042400316763071,29076.000000000,2,4,2026-06-10
NQM6,1781042400317037983,389301332,82755237,1781042400317030131,29080.000000000,1,1781042400317037983,29076.250000000,1,4,2026-06-10
NQM6,1781042400317175409,389301338,82755239,1781042400317030131,29080.000000000,1,1781042400317175409,29076.000000000,2,4,2026-06-10
NQM6,1781042400317404399,389301360,82755243,1781042400317404399,29080.500000000,1,1781042400317175409,29076.000000000,2,4,2026-06-10
NQM6,1781042400317589055,389301375,82755244,1781042400317589055,29080.250000000,1,1781042400317175409,29076.000000000,2,4,2026-06-10
NQM6,1781042400318092457,389301400,82755246,1781042400318092457,29080.000000000,1,1781042400317175409,29076.000000000,2,4,2026-06-10
NQM6,1781042400318211529,389301404,82755247,1781042400318211529,29079.750000000,1,1781042400317175409,29076.000000000,2,4,2026-06-10
NQM6,1781042400318399433,389301409,82755253,1781042400318399433,29080.500000000,1,1781042400317175409,29076.000000000,2,4,2026-06-10
NQM6,1781042400318558497,389301413,82755254,1781042400318558497,29080.250000000,1,1781042400317175409,29076.000000000,2,4,2026-06-10
NQM6,1781042400318565487,389301414,82755255,1781042400318565487,29080.250000000,2,1781042400317175409,29076.000000000,2,4,2026-06-10
NQM6,1781042400318656279,389301416,82755256,1781042400318656279,29080.000000000,1,1781042400317175409,29076.000000000,2,4,2026-06-10
NQM6,1781042400318664859,389301418,82755257,1781042400318664859,29080.000000000,2,1781042400317175409,29076.000000000,2,4,2026-06-10
NQM6,1781042400318753771,389301428,82755264,1781042400318664859,29080.000000000,2,1781042400318753771,29075.000000000,2,4,2026-06-10
NQM6,1781042400318772587,389301428,82755265,1781042400318772587,29079.750000000,1,1781042400318753771,29075.000000000,2,4,2026-06-10
NQM6,1781042400319074875,389301433,82755270,1781042400319074875,29080.500000000,1,1781042400318753771,29075.000000000,2,4,2026-06-10
NQM6,1781042400319407369,389301436,82755273,1781042400319407369,29080.000000000,1,1781042400318753771,29075.000000000,2,4,2026-06-10
NQM6,1781042400319532297,389301447,82755275,1781042400319532297,29079.750000000,1,1781042400318753771,29075.000000000,2,4,2026-06-10
NQM6,1781042400323539905,389301529,82755284,1781042400323539905,29079.750000000,2,1781042400318753771,29075.000000000,2,4,2026-06-10
NQM6,1781042400323635689,389301530,82755285,1781042400323635689,29079.500000000,1,1781042400318753771,29075.000000000,2,4,2026-06-10
NQM6,1781042400324005849,389301532,82755289,1781042400324005849,29079.500000000,2,1781042400318753771,29075.000000000,2,4,2026-06-10
NQM6,1781042400324097103,389301533,82755290,1781042400324097103,29079.250000000,1,1781042400318753771,29075.000000000,2,4,2026-06-10
NQM6,1781042400324446987,389301535,82755294,1781042400324446987,29079.250000000,2,1781042400318753771,29075.000000000,2,4,2026-06-10
NQM6,1781042400324535707,389301537,82755295,1781042400324535707,29079.000000000,1,1781042400318753771,29075.000000000,2,4,2026-06-10
NQM6,1781042400326561907,389301558,82755299,1781042400326561907,29079.000000000,2,1781042400318753771,29075.000000000,2,4,2026-06-10
NQM6,1781042400326663259,389301562,82755300,1781042400326663259,29078.750000000,1,1781042400318753771,29075.000000000,2,4,2026-06-10
NQM6,1781042400332170745,389301653,82755304,1781042400326663259,29078.750000000,1,1781042400332170745,29075.000000000,1,4,2026-06-10
NQM6,1781042400332355421,389301655,82755307,1781042400326663259,29078.750000000,1,1781042400332355421,29070.000000000,3,4,2026-06-10
NQM6,1781042400332359547,389301655,82755308,1781042400332359547,29078.500000000,1,1781042400332355421,29070.000000000,3,4,2026-06-10
NQM6,1781042400332495267,389301662,82755309,1781042400332495267,29078.250000000,1,1781042400332355421,29070.000000000,3,4,2026-06-10
NQM6,1781042400332496765,389301665,82755310,1781042400332495267,29078.250000000,1,1781042400332496765,29070.250000000,1,4,2026-06-10
NQM6,1781042400332737387,389301676,82755316,1781042400332737387,29079.000000000,1,1781042400332496765,29070.250000000,1,4,2026-06-10
NQM6,1781042400332867769,389301688,82755321,1781042400332867769,29078.750000000,1,1781042400332496765,29070.250000000,1,4,2026-06-10
NQM6,1781042400334474525,389301699,82755325,1781042400334474525,29078.500000000,1,1781042400332496765,29070.250000000,1,4,2026-06-10
NQM6,1781042400334568659,389301705,82755326,1781042400334568659,29078.250000000,1,1781042400332496765,29070.250000000,1,4,2026-06-10
NQM6,1781042400334705337,389301714,82755330,1781042400334568659,29078.250000000,1,1781042400334705337,29070.250000000,2,4,2026-06-10
NQM6,1781042400334803541,389301716,82755331,1781042400334568659,29078.250000000,1,1781042400334803541,29070.500000000,1,4,2026-06-10
NQM6,1781042400335061213,389301722,82755335,1781042400334568659,29078.250000000,1,1781042400335061213,29070.500000000,2,4,2026-06-10
NQM6,1781042400335151641,389301723,82755336,1781042400334568659,29078.250000000,1,1781042400335151641,29070.750000000,1,4,2026-06-10
NQM6,1781042400335363655,389301725,82755340,1781042400334568659,29078.250000000,1,1781042400335363655,29070.750000000,2,4,2026-06-10
NQM6,1781042400335456657,389301729,82755341,1781042400334568659,29078.250000000,1,1781042400335456657,29071.000000000,1,4,2026-06-10
NQM6,1781042400337492535,389301745,82755348,1781042400334568659,29078.250000000,1,1781042400337492535,29071.000000000,2,4,2026-06-10
NQM6,1781042400337591159,389301746,82755349,1781042400334568659,29078.250000000,1,1781042400337591159,29071.000000000,1,4,2026-06-10
NQM6,1781042400339019363,389301751,82755350,1781042400334568659,29078.250000000,1,1781042400339019363,29071.250000000,1,4,2026-06-10
NQM6,1781042400339370075,389301755,82755353,1781042400334568659,29078.250000000,1,1781042400339370075,29071.250000000,2,4,2026-06-10
NQM6,1781042400339469565,389301756,82755354,1781042400334568659,29078.250000000,1,1781042400339469565,29071.500000000,1,4,2026-06-10
NQM6,1781042400339571819,389301757,82755355,1781042400334568659,29078.250000000,1,1781042400339571819,29071.750000000,1,4,2026-06-10
NQM6,1781042400339788635,389301762,82755361,1781042400334568659,29078.250000000,1,1781042400339788635,29071.500000000,2,4,2026-06-10
NQM6,1781042400341539309,389301777,82755362,1781042400334568659,29078.250000000,1,1781042400341539309,29071.750000000,1,4,2026-06-10
NQM6,1781042400341940379,389301781,82755364,1781042400334568659,29078.250000000,1,1781042400341940379,29071.750000000,2,4,2026-06-10
NQM6,1781042400347284825,389301829,82755370,1781042400334568659,29078.250000000,1,1781042400347284825,29071.750000000,1,4,2026-06-10
NQM6,1781042400347504615,389301830,82755372,1781042400347504615,29078.000000000,1,1781042400347284825,29071.750000000,1,4,2026-06-10
NQM6,1781042400347603741,389301831,82755374,1781042400347603741,29077.750000000,1,1781042400347284825,29071.750000000,1,4,2026-06-10
NQM6,1781042400347614703,389301835,82755378,1781042400347614703,29077.750000000,2,1781042400347284825,29071.750000000,1,4,2026-06-10
NQM6,1781042400347730051,389301836,82755379,1781042400347730051,29077.500000000,1,1781042400347284825,29071.750000000,1,4,2026-06-10
NQM6,1781042400347934601,389301840,82755387,1781042400347934601,29078.500000000,1,1781042400347284825,29071.750000000,1,4,2026-06-10
NQM6,1781042400348026467,389301847,82755388,1781042400348026467,29078.250000000,1,1781042400347284825,29071.750000000,1,4,2026-06-10
NQM6,1781042400348109773,389301849,82755389,1781042400348109773,29078.250000000,2,1781042400347284825,29071.750000000,1,4,2026-06-10
NQM6,1781042400348184033,389301850,82755390,1781042400348184033,29078.000000000,1,1781042400347284825,29071.750000000,1,4,2026-06-10
NQM6,1781042400348194613,389301851,82755391,1781042400348194613,29078.000000000,2,1781042400347284825,29071.750000000,1,4,2026-06-10
NQM6,1781042400348295141,389301853,82755393,1781042400348295141,29077.750000000,1,1781042400347284825,29071.750000000,1,4,2026-06-10
NQM6,1781042400348296121,389301854,82755394,1781042400348296121,29077.750000000,2,1781042400347284825,29071.750000000,1,4,2026-06-10
NQM6,1781042400348392441,389301856,82755396,1781042400348392441,29077.500000000,1,1781042400347284825,29071.750000000,1,4,2026-06-10
NQM6,1781042400349059553,389301865,82755405,1781042400349059553,29078.500000000,1,1781042400347284825,29071.750000000,1,4,2026-06-10
NQM6,1781042400349171311,389301866,82755406,1781042400349171311,29078.250000000,1,1781042400347284825,29071.750000000,1,4,2026-06-10
NQM6,1781042400349276063,389301867,82755407,1781042400349276063,29078.000000000,1,1781042400347284825,29071.750000000,1,4,2026-06-10
NQM6,1781042400349286353,389301868,82755408,1781042400349286353,29078.000000000,2,1781042400347284825,29071.750000000,1,4,2026-06-10
NQM6,1781042400349374093,389301869,82755409,1781042400349374093,29077.750000000,1,1781042400347284825,29071.750000000,1,4,2026-06-10
NQM6,1781042400349385229,389301870,82755410,1781042400349385229,29077.750000000,2,1781042400347284825,29071.750000000,1,4,2026-06-10
NQM6,1781042400349478807,389301872,82755412,1781042400349478807,29077.500000000,1,1781042400347284825,29071.750000000,1,4,2026-06-10
NQM6,1781042400349675481,389301877,82755421,1781042400349675481,29078.500000000,1,1781042400347284825,29071.750000000,1,4,2026-06-10
NQM6,1781042400351615651,389301883,82755422,1781042400351615651,29078.250000000,1,1781042400347284825,29071.750000000,1,4,2026-06-10
NQM6,1781042400351708075,389301885,82755423,1781042400351708075,29078.000000000,1,1781042400347284825,29071.750000000,1,4,2026-06-10
NQM6,1781042400371693265,389301975,82755426,1781042400351708075,29078.000000000,1,1781042400371693265,29072.000000000,1,4,2026-06-10
NQM6,1781042400371973861,389301982,82755429,1781042400351708075,29078.000000000,1,1781042400371973861,29072.000000000,2,4,2026-06-10
NQM6,1781042400372067169,389301983,82755430,1781042400351708075,29078.000000000,1,1781042400372067169,29072.250000000,1,4,2026-06-10
NQM6,1781042400372285117,389301985,82755434,1781042400351708075,29078.000000000,1,1781042400372285117,29072.250000000,2,4,2026-06-10
NQM6,1781042400372374835,389301986,82755435,1781042400351708075,29078.000000000,1,1781042400372374835,29072.500000000,1,4,2026-06-10
NQM6,1781042400372587349,389301988,82755439,1781042400351708075,29078.000000000,1,1781042400372587349,29072.500000000,2,4,2026-06-10
NQM6,1781042400372677663,389301989,82755440,1781042400351708075,29078.000000000,1,1781042400372677663,29072.750000000,1,4,2026-06-10
NQM6,1781042400372884783,389301991,82755444,1781042400351708075,29078.000000000,1,1781042400372884783,29072.750000000,2,4,2026-06-10
NQM6,1781042400372971523,389301992,82755445,1781042400351708075,29078.000000000,1,1781042400372971523,29073.000000000,1,4,2026-06-10
NQM6,1781042400374978795,389302010,82755452,1781042400351708075,29078.000000000,1,1781042400374978795,29073.000000000,2,4,2026-06-10
NQM6,1781042400375065307,389302011,82755453,1781042400351708075,29078.000000000,1,1781042400375065307,29073.250000000,1,4,2026-06-10
NQM6,1781042400375286691,389302014,82755457,1781042400351708075,29078.000000000,1,1781042400375286691,29073.250000000,2,4,2026-06-10
NQM6,1781042400375375373,389302017,82755458,1781042400351708075,29078.000000000,1,1781042400375375373,29073.500000000,1,4,2026-06-10
NQM6,1781042400375585909,389302019,82755462,1781042400351708075,29078.000000000,1,1781042400375585909,29073.500000000,2,4,2026-06-10
NQM6,1781042400375676453,389302020,82755463,1781042400351708075,29078.000000000,1,1781042400375676453,29073.750000000,1,4,2026-06-10
NQM6,1781042400377605045,389302031,82755468,1781042400351708075,29078.000000000,1,1781042400377605045,29073.750000000,2,4,2026-06-10
NQM6,1781042400377700829,389302032,82755469,1781042400351708075,29078.000000000,1,1781042400377700829,29073.750000000,1,4,2026-06-10
NQM6,1781042400390861591,389302060,82755472,1781042400390861591,29077.750000000,1,1781042400377700829,29073.750000000,1,4,2026-06-10
NQM6,1781042400390956375,389302062,82755473,1781042400390956375,29077.500000000,1,1781042400377700829,29073.750000000,1,4,2026-06-10
NQM6,1781042400390968777,389302067,82755476,1781042400390968777,29077.500000000,2,1781042400377700829,29073.750000000,1,4,2026-06-10
NQM6,1781042400391103883,389302068,82755477,1781042400391103883,29077.250000000,1,1781042400377700829,29073.750000000,1,4,2026-06-10
NQM6,1781042400391118319,389302071,82755482,1781042400391118319,29077.250000000,2,1781042400377700829,29073.750000000,1,4,2026-06-10
NQM6,1781042400391242251,389302073,82755483,1781042400391242251,29077.000000000,1,1781042400377700829,29073.750000000,1,4,2026-06-10
NQM6,1781042400391258821,389302076,82755488,1781042400391258821,29077.000000000,2,1781042400377700829,29073.750000000,1,4,2026-06-10
NQM6,1781042400391379755,389302078,82755491,1781042400391379755,29076.750000000,1,1781042400377700829,29073.750000000,1,4,2026-06-10
NQM6,1781042400391487865,389302081,82755496,1781042400391487865,29076.500000000,1,1781042400377700829,29073.750000000,1,4,2026-06-10
NQM6,1781042400391647447,389302086,82755505,1781042400391647447,29086.500000000,1,1781042400377700829,29073.750000000,1,4,2026-06-10
NQM6,1781042400391731695,389302090,82755506,1781042400391731695,29086.250000000,1,1781042400377700829,29073.750000000,1,4,2026-06-10
NQM6,1781042400391733383,389302092,82755507,1781042400391733383,29086.250000000,2,1781042400377700829,29073.750000000,1,4,2026-06-10
NQM6,1781042400391734843,389302094,82755508,1781042400391733383,29086.250000000,2,1781042400391734843,29074.000000000,1,4,2026-06-10
NQM6,1781042400391745919,389302097,82755509,1781042400391733383,29086.250000000,2,1781042400391745919,29074.000000000,2,4,2026-06-10
NQM6,1781042400391749375,389302098,82755510,1781042400391749375,29086.250000000,3,1781042400391745919,29074.000000000,2,4,2026-06-10
NQM6,1781042400391818127,389302101,82755511,1781042400391818127,29086.250000000,4,1781042400391745919,29074.000000000,2,4,2026-06-10
NQM6,1781042400391860789,389302104,82755512,1781042400391860789,29086.000000000,1,1781042400391745919,29074.000000000,2,4,2026-06-10
NQM6,1781042400391893447,389302105,82755513,1781042400391860789,29086.000000000,1,1781042400391893447,29074.250000000,1,4,2026-06-10
NQM6,1781042400391903623,389302106,82755514,1781042400391903623,29086.000000000,2,1781042400391893447,29074.250000000,1,4,2026-06-10
NQM6,1781042400391905197,389302107,82755515,1781042400391905197,29086.000000000,3,1781042400391893447,29074.250000000,1,4,2026-06-10
NQM6,1781042400392020199,389302113,82755520,1781042400392020199,29085.750000000,1,1781042400391893447,29074.250000000,1,4,2026-06-10
NQM6,1781042400392021793,389302114,82755521,1781042400392021793,29085.750000000,2,1781042400391893447,29074.250000000,1,4,2026-06-10
NQM6,1781042400392043353,389302116,82755522,1781042400392021793,29085.750000000,2,1781042400392043353,29074.500000000,1,4,2026-06-10
NQM6,1781042400392142671,389302121,82755527,1781042400392142671,29085.500000000,1,1781042400392043353,29074.500000000,1,4,2026-06-10
NQM6,1781042400392154825,389302122,82755528,1781042400392142671,29085.500000000,1,1781042400392154825,29074.750000000,1,4,2026-06-10
NQM6,1781042400392237745,389302128,82755533,1781042400392237745,29085.250000000,1,1781042400392154825,29074.750000000,1,4,2026-06-10
NQM6,1781042400392239319,389302129,82755534,1781042400392239319,29085.250000000,2,1781042400392154825,29074.750000000,1,4,2026-06-10
NQM6,1781042400392368531,389302131,82755540,1781042400392239319,29085.250000000,2,1781042400392368531,29074.750000000,2,4,2026-06-10
NQM6,1781042400392369107,389302132,82755543,1781042400392369107,29085.000000000,1,1781042400392368531,29074.750000000,2,4,2026-06-10
NQM6,1781042400392473645,389302133,82755544,1781042400392369107,29085.000000000,1,1781042400392473645,29075.000000000,1,4,2026-06-10
NQM6,1781042400392485011,389302135,82755546,1781042400392485011,29084.750000000,1,1781042400392473645,29075.000000000,1,4,2026-06-10
NQM6,1781042400392486641,389302136,82755547,1781042400392486641,29084.750000000,2,1781042400392473645,29075.000000000,1,4,2026-06-10
NQM6,1781042400392608153,389302143,82755553,1781042400392608153,29084.500000000,1,1781042400392473645,29075.000000000,1,4,2026-06-10
NQM6,1781042400392677347,389302144,82755555,1781042400392608153,29084.500000000,1,1781042400392677347,29074.000000000,1,4,2026-06-10
NQM6,1781042400392702557,389302145,82755556,1781042400392702557,29084.250000000,1,1781042400392677347,29074.000000000,1,4,2026-06-10
NQM6,1781042400392704131,389302146,82755557,1781042400392704131,29084.250000000,2,1781042400392677347,29074.000000000,1,4,2026-06-10
NQM6,1781042400392795211,389302149,82755561,1781042400392704131,29084.250000000,2,1781042400392795211,29074.250000000,1,4,2026-06-10
NQM6,1781042400392805445,389302150,82755564,1781042400392805445,29084.000000000,1,1781042400392795211,29074.250000000,1,4,2026-06-10
NQM6,1781042400392895065,389302151,82755565,1781042400392895065,29083.750000000,1,1781042400392795211,29074.250000000,1,4,2026-06-10
NQM6,1781042400392896275,389302152,82755566,1781042400392895065,29083.750000000,1,1781042400392896275,29074.500000000,1,4,2026-06-10
NQM6,1781042400392998263,389302158,82755570,1781042400392895065,29083.750000000,1,1781042400392998263,29074.750000000,1,4,2026-06-10
NQM6,1781042400393000335,389302159,82755573,1781042400393000335,29083.500000000,1,1781042400392998263,29074.750000000,1,4,2026-06-10
NQM6,1781042400393111921,389302165,82755576,1781042400393111921,29083.250000000,1,1781042400392998263,29074.750000000,1,4,2026-06-10
NQM6,1781042400393114263,389302166,82755579,1781042400393111921,29083.250000000,1,1781042400393114263,29075.000000000,1,4,2026-06-10
NQM6,1781042400393212217,389302168,82755584,1781042400393212217,29083.000000000,1,1781042400393114263,29075.000000000,1,4,2026-06-10
NQM6,1781042400393220973,389302169,82755585,1781042400393212217,29083.000000000,1,1781042400393220973,29075.250000000,1,4,2026-06-10
NQM6,1781042400393302837,389302171,82755588,1781042400393302837,29082.750000000,1,1781042400393220973,29075.250000000,1,4,2026-06-10
NQM6,1781042400393405821,389302176,82755595,1781042400393405821,29082.500000000,1,1781042400393220973,29075.250000000,1,4,2026-06-10
NQM6,1781042400393434311,389302178,82755597,1781042400393405821,29082.500000000,1,1781042400393434311,29074.000000000,1,4,2026-06-10
NQM6,1781042400393511225,389302179,82755598,1781042400393511225,29082.250000000,1,1781042400393434311,29074.000000000,1,4,2026-06-10
NQM6,1781042400393599233,389302182,82755601,1781042400393511225,29082.250000000,1,1781042400393599233,29074.250000000,1,4,2026-06-10
NQM6,1781042400393612635,389302183,82755604,1781042400393612635,29082.000000000,1,1781042400393599233,29074.250000000,1,4,2026-06-10
NQM6,1781042400393695095,389302184,82755605,1781042400393612635,29082.000000000,1,1781042400393695095,29074.250000000,2,4,2026-06-10
NQM6,1781042400393710377,389302185,82755606,1781042400393710377,29081.750000000,1,1781042400393695095,29074.250000000,2,4,2026-06-10
NQM6,1781042400393789727,389302187,82755609,1781042400393710377,29081.750000000,1,1781042400393789727,29074.500000000,1,4,2026-06-10
NQM6,1781042400393810595,389302189,82755611,1781042400393710377,29081.750000000,1,1781042400393810595,29074.500000000,2,4,2026-06-10
NQM6,1781042400393893383,389302191,82755616,1781042400393893383,29081.500000000,1,1781042400393810595,29074.500000000,2,4,2026-06-10
NQM6,1781042400393898835,389302192,82755617,1781042400393893383,29081.500000000,1,1781042400393898835,29074.750000000,1,4,2026-06-10
NQM6,1781042400393986941,389302194,82755618,1781042400393986941,29081.250000000,1,1781042400393898835,29074.750000000,1,4,2026-06-10
NQM6,1781042400394097931,389302200,82755626,1781042400394097931,29081.000000000,1,1781042400393898835,29074.750000000,1,4,2026-06-10
NQM6,1781042400394205157,389302201,82755627,1781042400394205157,29080.750000000,1,1781042400393898835,29074.750000000,1,4,2026-06-10
NQM6,1781042400394307835,389302203,82755632,1781042400394205157,29080.750000000,1,1781042400394307835,29074.750000000,2,4,2026-06-10
NQM6,1781042400394393387,389302207,82755633,1781042400394205157,29080.750000000,1,1781042400394393387,29075.000000000,1,4,2026-06-10
NQM6,1781042400394507007,389302210,82755637,1781042400394507007,29080.750000000,2,1781042400394393387,29075.000000000,1,4,2026-06-10
NQM6,1781042400394612621,389302211,82755638,1781042400394612621,29080.500000000,1,1781042400394393387,29075.000000000,1,4,2026-06-10
NQM6,1781042400394806821,389302216,82755643,1781042400394806821,29085.000000000,1,1781042400394393387,29075.000000000,1,4,2026-06-10
NQM6,1781042400394906713,389302220,82755645,1781042400394906713,29086.500000000,1,1781042400394393387,29075.000000000,1,4,2026-06-10
NQM6,1781042400394929849,389302221,82755646,1781042400394929849,29084.750000000,1,1781042400394393387,29075.000000000,1,4,2026-06-10
NQM6,1781042400394931423,389302222,82755647,1781042400394931423,29084.750000000,2,1781042400394393387,29075.000000000,1,4,2026-06-10
NQM6,1781042400395038535,389302229,82755653,1781042400395038535,29084.500000000,1,1781042400394393387,29075.000000000,1,4,2026-06-10
NQM6,1781042400395137737,389302234,82755658,1781042400395137737,29084.250000000,1,1781042400394393387,29075.000000000,1,4,2026-06-10
NQM6,1781042400395246211,389302239,82755664,1781042400395137737,29084.250000000,1,1781042400395246211,29075.250000000,1,4,2026-06-10
NQM6,1781042400395296051,389302240,82755666,1781042400395296051,29086.500000000,1,1781042400395246211,29075.250000000,1,4,2026-06-10
NQM6,1781042400395352325,389302241,82755667,1781042400395296051,29086.500000000,1,1781042400395352325,29075.500000000,1,4,2026-06-10
NQM6,1781042400395442945,389302244,82755670,1781042400395442945,29086.250000000,1,1781042400395352325,29075.500000000,1,4,2026-06-10
NQM6,1781042400395444501,389302246,82755671,1781042400395444501,29086.250000000,2,1781042400395352325,29075.500000000,1,4,2026-06-10
NQM6,1781042400395452853,389302247,82755674,1781042400395444501,29086.250000000,2,1781042400395452853,29075.500000000,2,4,2026-06-10
NQM6,1781042400395542109,389302248,82755675,1781042400395542109,29086.000000000,1,1781042400395452853,29075.500000000,2,4,2026-06-10
NQM6,1781042400395562153,389302249,82755676,1781042400395542109,29086.000000000,1,1781042400395562153,29075.750000000,1,4,2026-06-10
NQM6,1781042400395629983,389302252,82755680,1781042400395629983,29085.750000000,1,1781042400395562153,29075.750000000,1,4,2026-06-10
NQM6,1781042400395631577,389302253,82755681,1781042400395631577,29085.750000000,2,1781042400395562153,29075.750000000,1,4,2026-06-10
NQM6,1781042400395720219,389302257,82755686,1781042400395631577,29085.750000000,2,1781042400395720219,29074.750000000,1,4,2026-06-10
NQM6,1781042400395738055,389302258,82755689,1781042400395738055,29085.500000000,1,1781042400395720219,29074.750000000,1,4,2026-06-10
NQM6,1781042400395849449,389302262,82755690,1781042400395849449,29085.250000000,1,1781042400395720219,29074.750000000,1,4,2026-06-10
NQM6,1781042400395851099,389302263,82755691,1781042400395851099,29085.250000000,2,1781042400395720219,29074.750000000,1,4,2026-06-10
NQM6,1781042400395852731,389302264,82755692,1781042400395851099,29085.250000000,2,1781042400395852731,29075.000000000,1,4,2026-06-10
NQM6,1781042400395983573,389302268,82755696,1781042400395851099,29085.250000000,2,1781042400395983573,29075.000000000,2,4,2026-06-10
NQM6,1781042400395984207,389302269,82755699,1781042400395984207,29085.000000000,1,1781042400395983573,29075.000000000,2,4,2026-06-10
NQM6,1781042400396078629,389302270,82755700,1781042400395984207,29085.000000000,1,1781042400396078629,29075.250000000,1,4,2026-06-10
NQM6,1781042400396088573,389302272,82755702,1781042400396088573,29084.750000000,1,1781042400396078629,29075.250000000,1,4,2026-06-10
NQM6,1781042400396204671,389302277,82755708,1781042400396204671,29084.500000000,1,1781042400396078629,29075.250000000,1,4,2026-06-10
NQM6,1781042400396278243,389302279,82755711,1781042400396204671,29084.500000000,1,1781042400396278243,29074.750000000,1,4,2026-06-10
NQM6,1781042400396294147,389302280,82755712,1781042400396294147,29084.250000000,1,1781042400396278243,29074.750000000,1,4,2026-06-10
NQM6,1781042400396399253,389302284,82755718,1781042400396399253,29084.000000000,1,1781042400396278243,29074.750000000,1,4,2026-06-10
NQM6,1781042400396454893,389302285,82755719,1781042400396399253,29084.000000000,1,1781042400396454893,29075.000000000,1,4,2026-06-10
NQM6,1781042400396481561,389302286,82755720,1781042400396399253,29084.000000000,1,1781042400396481561,29075.000000000,2,4,2026-06-10
NQM6,1781042400396497075,389302287,82755721,1781042400396497075,29083.750000000,1,1781042400396481561,29075.000000000,2,4,2026-06-10
NQM6,1781042400396580417,389302289,82755724,1781042400396497075,29083.750000000,1,1781042400396580417,29075.250000000,1,4,2026-06-10
NQM6,1781042400396605241,389302291,82755726,1781042400396497075,29083.750000000,1,1781042400396605241,29075.250000000,2,4,2026-06-10
NQM6,1781042400396605913,389302292,82755729,1781042400396605913,29083.500000000,1,1781042400396605241,29075.250000000,2,4,2026-06-10
NQM6,1781042400396706307,389302296,82755735,1781042400396605913,29083.500000000,1,1781042400396706307,29075.500000000,1,4,2026-06-10
NQM6,1781042400396716231,389302300,82755737,1781042400396716231,29083.250000000,1,1781042400396706307,29075.500000000,1,4,2026-06-10
NQM6,1781042400396845979,389302306,82755744,1781042400396845979,29083.000000000,1,1781042400396706307,29075.500000000,1,4,2026-06-10
NQM6,1781042400396942589,389302307,82755746,1781042400396845979,29083.000000000,1,1781042400396942589,29074.750000000,1,4,2026-06-10
NQM6,1781042400396949731,389302308,82755747,1781042400396949731,29082.750000000,1,1781042400396942589,29074.750000000,1,4,2026-06-10
NQM6,1781042400397056883,389302311,82755752,1781042400397056883,29082.750000000,2,1781042400396942589,29074.750000000,1,4,2026-06-10
NQM6,1781042400397120701,389302314,82755754,1781042400397056883,29082.750000000,2,1781042400397120701,29075.000000000,1,4,2026-06-10
NQM6,1781042400397146675,389302315,82755755,1781042400397146675,29082.500000000,1,1781042400397120701,29075.000000000,1,4,2026-06-10
NQM6,1781042400397204197,389302317,82755759,1781042400397204197,29082.500000000,2,1781042400397120701,29075.000000000,1,4,2026-06-10
NQM6,1781042400397246109,389302318,82755760,1781042400397246109,29082.250000000,1,1781042400397120701,29075.000000000,1,4,2026-06-10
NQM6,1781042400397287349,389302319,82755761,1781042400397287349,29082.250000000,2,1781042400397120701,29075.000000000,1,4,2026-06-10
NQM6,1781042400397372497,389302326,82755765,1781042400397372497,29082.000000000,1,1781042400397120701,29075.000000000,1,4,2026-06-10
NQM6,1781042400397487057,389302330,82755769,1781042400397487057,29081.750000000,1,1781042400397120701,29075.000000000,1,4,2026-06-10
NQM6,1781042400397579311,389302331,82755770,1781042400397579311,29081.500000000,1,1781042400397120701,29075.000000000,1,4,2026-06-10
NQM6,1781042400397682523,389302334,82755773,1781042400397579311,29081.500000000,1,1781042400397682523,29075.000000000,2,4,2026-06-10
NQM6,1781042400397782305,389302335,82755774,1781042400397579311,29081.500000000,1,1781042400397782305,29075.250000000,1,4,2026-06-10
NQM6,1781042400397892507,389302338,82755778,1781042400397892507,29081.250000000,1,1781042400397782305,29075.250000000,1,4,2026-06-10
NQM6,1781042400397981455,389302341,82755781,1781042400397981455,29081.000000000,1,1781042400397782305,29075.250000000,1,4,2026-06-10
NQM6,1781042400397995239,389302341,82755785,1781042400397981455,29081.000000000,1,1781042400397995239,29074.750000000,1,4,2026-06-10
NQM6,1781042400398189997,389302343,82755786,1781042400397981455,29081.000000000,1,1781042400398189997,29075.000000000,1,4,2026-06-10
NQM6,1781042400398200999,389302344,82755789,1781042400398200999,29081.000000000,2,1781042400398189997,29075.000000000,1,4,2026-06-10
NQM6,1781042400398590953,389302348,82755792,1781042400398200999,29081.000000000,2,1781042400398590953,29075.500000000,1,4,2026-06-10
NQM6,1781042400398684125,389302352,82755793,1781042400398200999,29081.000000000,2,1781042400398684125,29075.750000000,1,4,2026-06-10
NQM6,1781042400402185259,389302371,82755798,1781042400398200999,29081.000000000,2,1781042400402185259,29075.750000000,2,4,2026-06-10
NQM6,1781042400402275439,389302375,82755799,1781042400398200999,29081.000000000,2,1781042400402275439,29076.000000000,1,4,2026-06-10
NQM6,1781042400402517119,389302390,82755803,1781042400398200999,29081.000000000,2,1781042400402517119,29076.000000000,2,4,2026-06-10
NQM6,1781042400402619891,389302394,82755804,1781042400398200999,29081.000000000,2,1781042400402619891,29076.250000000,1,4,2026-06-10
NQM6,1781042400402845693,389302400,82755808,1781042400398200999,29081.000000000,2,1781042400402845693,29076.250000000,2,4,2026-06-10
NQM6,1781042400402942975,389302403,82755809,1781042400398200999,29081.000000000,2,1781042400402942975,29076.500000000,1,4,2026-06-10
NQM6,1781042400404897255,389302430,82755813,1781042400398200999,29081.000000000,2,1781042400404897255,29076.500000000,2,4,2026-06-10
NQM6,1781042400404989485,389302432,82755814,1781042400398200999,29081.000000000,2,1781042400404989485,29076.500000000,1,4,2026-06-10
NQM6,1781042400405088305,389302433,82755816,1781042400405088305,29080.750000000,1,1781042400404989485,29076.500000000,1,4,2026-06-10
NQM6,1781042400405188275,389302436,82755819,1781042400405188275,29080.500000000,1,1781042400404989485,29076.500000000,1,4,2026-06-10
NQM6,1781042400434378339,389302511,82755827,1781042400434378339,29080.250000000,1,1781042400404989485,29076.500000000,1,4,2026-06-10
NQM6,1781042400434481821,389302512,82755828,1781042400434481821,29080.000000000,1,1781042400404989485,29076.500000000,1,4,2026-06-10
NQM6,1781042400434491517,389302514,82755831,1781042400434491517,29080.000000000,2,1781042400404989485,29076.500000000,1,4,2026-06-10
NQM6,1781042400434593271,389302518,82755835,1781042400434593271,29079.750000000,1,1781042400404989485,29076.500000000,1,4,2026-06-10
NQM6,1781042400434605329,389302520,82755837,1781042400434605329,29079.750000000,2,1781042400404989485,29076.500000000,1,4,2026-06-10
NQM6,1781042400434722599,389302526,82755842,1781042400434722599,29079.500000000,1,1781042400404989485,29076.500000000,1,4,2026-06-10
NQM6,1781042400434828749,389302529,82755845,1781042400434828749,29079.250000000,1,1781042400404989485,29076.500000000,1,4,2026-06-10
NQM6,1781042400434932233,389302531,82755848,1781042400434932233,29079.000000000,1,1781042400404989485,29076.500000000,1,4,2026-06-10
NQM6,1781042400435033373,389302534,82755851,1781042400435033373,29078.750000000,1,1781042400404989485,29076.500000000,1,4,2026-06-10
NQM6,1781042400435143557,389302539,82755854,1781042400435143557,29078.500000000,1,1781042400404989485,29076.500000000,1,4,2026-06-10
NQM6,1781042400435241761,389302542,82755860,1781042400435143557,29078.500000000,1,1781042400435241761,29070.000000000,3,4,2026-06-10
NQM6,1781042400435251457,389302542,82755861,1781042400435251457,29078.250000000,1,1781042400435241761,29070.000000000,3,4,2026-06-10
NQM6,1781042400435480981,389302543,82755864,1781042400435480981,29078.250000000,2,1781042400435241761,29070.000000000,3,4,2026-06-10
NQM6,1781042400435485325,389302545,82755865,1781042400435485325,29078.250000000,3,1781042400435241761,29070.000000000,3,4,2026-06-10
NQM6,1781042400435499375,389302545,82755866,1781042400435485325,29078.250000000,3,1781042400435499375,29070.250000000,1,4,2026-06-10
NQM6,1781042400435506785,389302545,82755867,1781042400435506785,29078.250000000,2,1781042400435499375,29070.250000000,1,4,2026-06-10
NQM6,1781042400435581029,389302545,82755868,1781042400435581029,29078.000000000,1,1781042400435499375,29070.250000000,1,4,2026-06-10
NQM6,1781042400435581297,389302546,82755869,1781042400435581029,29078.000000000,1,1781042400435581297,29070.250000000,2,4,2026-06-10
NQM6,1781042400435590361,389302546,82755870,1781042400435590361,29078.000000000,2,1781042400435581297,29070.250000000,2,4,2026-06-10
NQM6,1781042400435840833,389302558,82755876,1781042400435840833,29077.750000000,1,1781042400435581297,29070.250000000,2,4,2026-06-10
NQM6,1781042400435852141,389302560,82755878,1781042400435852141,29077.750000000,2,1781042400435581297,29070.250000000,2,4,2026-06-10
NQM6,1781042400435916957,389302564,82755883,1781042400435852141,29077.750000000,2,1781042400435916957,29070.500000000,1,4,2026-06-10
NQM6,1781042400436002931,389302579,82755887,1781042400436002931,29077.500000000,1,1781042400435916957,29070.500000000,1,4,2026-06-10
NQM6,1781042400436008613,389302581,82755888,1781042400436008613,29077.500000000,2,1781042400435916957,29070.500000000,1,4,2026-06-10
NQM6,1781042400436036625,389302583,82755891,1781042400436008613,29077.500000000,2,1781042400436036625,29070.750000000,1,4,2026-06-10
NQM6,1781042400436201141,389302596,82755896,1781042400436201141,29077.250000000,1,1781042400436036625,29070.750000000,1,4,2026-06-10
NQM6,1781042400436231919,389302600,82755903,1781042400436201141,29077.250000000,1,1781042400436231919,29070.750000000,2,4,2026-06-10
NQM6,1781042400436287173,389302601,82755904,1781042400436201141,29077.250000000,1,1781042400436287173,29071.000000000,1,4,2026-06-10
NQM6,1781042400436361475,389302609,82755907,1781042400436201141,29077.250000000,1,1781042400436361475,29071.000000000,2,4,2026-06-10
NQM6,1781042400436386221,389302611,82755910,1781042400436386221,29080.000000000,1,1781042400436361475,29071.000000000,2,4,2026-06-10
NQM6,1781042400436489801,389302619,82755913,1781042400436386221,29080.000000000,1,1781042400436489801,29071.250000000,1,4,2026-06-10
NQM6,1781042400436525781,389302624,82755915,1781042400436525781,29081.750000000,1,1781042400436489801,29071.250000000,1,4,2026-06-10
NQM6,1781042400436543253,389302626,82755917,1781042400436543253,29079.750000000,1,1781042400436489801,29071.250000000,1,4,2026-06-10
NQM6,1781042400436605209,389302632,82755920,1781042400436543253,29079.750000000,1,1781042400436605209,29071.500000000,1,4,2026-06-10
NQM6,1781042400436662441,389302636,82755922,1781042400436662441,29079.750000000,2,1781042400436605209,29071.500000000,1,4,2026-06-10
NQM6,1781042400436691585,389302640,82755923,1781042400436691585,29079.750000000,1,1781042400436605209,29071.500000000,1,4,2026-06-10
NQM6,1781042400436729387,389302646,82755924,1781042400436691585,29079.750000000,1,1781042400436729387,29071.750000000,1,4,2026-06-10
NQM6,1781042400436744151,389302648,82755927,1781042400436744151,29079.500000000,1,1781042400436729387,29071.750000000,1,4,2026-06-10
NQM6,1781042400436782071,389302651,82755930,1781042400436782071,29079.500000000,2,1781042400436729387,29071.750000000,1,4,2026-06-10
NQM6,1781042400436876299,389302659,82755935,1781042400436782071,29079.500000000,2,1781042400436876299,29072.000000000,1,4,2026-06-10
NQM6,1781042400436911893,389302661,82755936,1781042400436911893,29079.250000000,1,1781042400436876299,29072.000000000,1,4,2026-06-10
NQM6,1781042400436991899,389302667,82755938,1781042400436911893,29079.250000000,1,1781042400436991899,29072.250000000,1,4,2026-06-10
NQM6,1781042400437131495,389302677,82755943,1781042400436911893,29079.250000000,1,1781042400437131495,29072.250000000,2,4,2026-06-10
NQM6,1781042400437204547,389302681,82755944,1781042400436911893,29079.250000000,1,1781042400437204547,29072.500000000,1,4,2026-06-10
NQM6,1781042400437236265,389302687,82755945,1781042400436911893,29079.250000000,1,1781042400437236265,29072.500000000,2,4,2026-06-10
NQM6,1781042400437358007,389302696,82755950,1781042400436911893,29079.250000000,1,1781042400437358007,29072.750000000,1,4,2026-06-10
NQM6,1781042400437494069,389302701,82755954,1781042400436911893,29079.250000000,1,1781042400437494069,29072.750000000,2,4,2026-06-10
NQM6,1781042400437501271,389302702,82755955,1781042400436911893,29079.250000000,1,1781042400437501271,29073.000000000,1,4,2026-06-10
NQM6,1781042400437584881,389302705,82755956,1781042400436911893,29079.250000000,1,1781042400437584881,29073.000000000,2,4,2026-06-10
NQM6,1781042400437671779,389302709,82755960,1781042400436911893,29079.250000000,1,1781042400437671779,29073.250000000,1,4,2026-06-10
NQM6,1781042400437770691,389302712,82755964,1781042400436911893,29079.250000000,1,1781042400437770691,29073.250000000,2,4,2026-06-10
NQM6,1781042400437874693,389302716,82755965,1781042400436911893,29079.250000000,1,1781042400437874693,29073.500000000,1,4,2026-06-10
NQM6,1781042400473335521,389302861,82755967,1781042400473335521,29079.000000000,1,1781042400437874693,29073.500000000,1,4,2026-06-10
NQM6,1781042400473442039,389302862,82755968,1781042400473442039,29078.750000000,1,1781042400437874693,29073.500000000,1,4,2026-06-10
NQM6,1781042400473452463,389302871,82755971,1781042400473452463,29078.750000000,2,1781042400437874693,29073.500000000,1,4,2026-06-10
NQM6,1781042400473605865,389302874,82755974,1781042400473605865,29078.500000000,1,1781042400437874693,29073.500000000,1,4,2026-06-10
NQM6,1781042400473617923,389302876,82755976,1781042400473617923,29078.500000000,2,1781042400437874693,29073.500000000,1,4,2026-06-10
NQM6,1781042400473642823,389302877,82755978,1781042400473617923,29078.500000000,2,1781042400473642823,29070.250000000,1,4,2026-06-10
NQM6,1781042400473724995,389302881,82755979,1781042400473724995,29078.250000000,1,1781042400473642823,29070.250000000,1,4,2026-06-10
NQM6,1781042400473737033,389302885,82755986,1781042400473737033,29078.250000000,2,1781042400473642823,29070.250000000,1,4,2026-06-10
NQM6,1781042400473750281,389302886,82755987,1781042400473737033,29078.250000000,2,1781042400473750281,29070.500000000,1,4,2026-06-10
NQM6,1781042400473751165,389302887,82755988,1781042400473751165,29078.250000000,3,1781042400473750281,29070.500000000,1,4,2026-06-10
NQM6,1781042400473798623,389302891,82755989,1781042400473751165,29078.250000000,3,1781042400473798623,29070.500000000,2,4,2026-06-10
NQM6,1781042400473853841,389302895,82755992,1781042400473853841,29078.000000000,1,1781042400473798623,29070.500000000,2,4,2026-06-10
NQM6,1781042400473859005,389302897,82755994,1781042400473859005,29078.000000000,2,1781042400473798623,29070.500000000,2,4,2026-06-10
NQM6,1781042400473869123,389302897,82755995,1781042400473869123,29078.000000000,3,1781042400473798623,29070.500000000,2,4,2026-06-10
NQM6,1781042400473906101,389302902,82755998,1781042400473869123,29078.000000000,3,1781042400473906101,29070.750000000,1,4,2026-06-10
NQM6,1781042400473975103,389302905,82756002,1781042400473975103,29077.750000000,1,1781042400473906101,29070.750000000,1,4,2026-06-10
NQM6,1781042400473976005,389302906,82756003,1781042400473976005,29077.750000000,2,1781042400473906101,29070.750000000,1,4,2026-06-10
NQM6,1781042400474027075,389302909,82756007,1781042400473976005,29077.750000000,2,1781042400474027075,29071.000000000,1,4,2026-06-10
NQM6,1781042400474076723,389302911,82756010,1781042400474076723,29077.500000000,1,1781042400474027075,29071.000000000,1,4,2026-06-10
NQM6,1781042400474099033,389302915,82756013,1781042400474099033,29077.500000000,2,1781042400474027075,29071.000000000,1,4,2026-06-10
NQM6,1781042400474127659,389302917,82756015,1781042400474099033,29077.500000000,2,1781042400474127659,29071.250000000,1,4,2026-06-10
NQM6,1781042400474205127,389302923,82756021,1781042400474205127,29077.250000000,1,1781042400474127659,29071.250000000,1,4,2026-06-10
NQM6,1781042400474221005,389302925,82756023,1781042400474221005,29077.250000000,2,1781042400474127659,29071.250000000,1,4,2026-06-10
NQM6,1781042400474307671,389302926,82756026,1781042400474221005,29077.250000000,2,1781042400474307671,29071.500000000,1,4,2026-06-10
NQM6,1781042400474329519,389302928,82756029,1781042400474329519,29077.000000000,1,1781042400474307671,29071.500000000,1,4,2026-06-10
NQM6,1781042400474408101,389302931,82756032,1781042400474329519,29077.000000000,1,1781042400474408101,29071.750000000,1,4,2026-06-10
NQM6,1781042400474494401,389302937,82756039,1781042400474494401,29077.500000000,1,1781042400474408101,29071.750000000,1,4,2026-06-10
NQM6,1781042400474529765,389302939,82756042,1781042400474494401,29077.500000000,1,1781042400474529765,29071.750000000,2,4,2026-06-10
NQM6,1781042400474583083,389302941,82756046,1781042400474583083,29081.750000000,1,1781042400474529765,29071.750000000,2,4,2026-06-10
NQM6,1781042400474621269,389302942,82756047,1781042400474583083,29081.750000000,1,1781042400474621269,29072.000000000,1,4,2026-06-10
NQM6,1781042400474672685,389302952,82756049,1781042400474672685,29081.500000000,1,1781042400474621269,29072.000000000,1,4,2026-06-10
NQM6,1781042400474676407,389302954,82756052,1781042400474672685,29081.500000000,1,1781042400474676407,29072.000000000,2,4,2026-06-10
NQM6,1781042400474709911,389302958,82756053,1781042400474709911,29081.500000000,2,1781042400474676407,29072.000000000,2,4,2026-06-10
NQM6,1781042400474723601,389302959,82756054,1781042400474709911,29081.500000000,2,1781042400474723601,29072.250000000,1,4,2026-06-10
NQM6,1781042400474814191,389302961,82756055,1781042400474814191,29081.250000000,1,1781042400474723601,29072.250000000,1,4,2026-06-10
NQM6,1781042400474824147,389302963,82756056,1781042400474814191,29081.250000000,1,1781042400474824147,29072.250000000,2,4,2026-06-10
NQM6,1781042400474869131,389302967,82756058,1781042400474869131,29081.250000000,2,1781042400474824147,29072.250000000,2,4,2026-06-10
NQM6,1781042400474922523,389302970,82756061,1781042400474869131,29081.250000000,2,1781042400474922523,29072.500000000,1,4,2026-06-10
NQM6,1781042400474982943,389302975,82756064,1781042400474982943,29081.000000000,1,1781042400474922523,29072.500000000,1,4,2026-06-10
NQM6,1781042400475025315,389302976,82756067,1781042400474982943,29081.000000000,1,1781042400475025315,29072.750000000,1,4,2026-06-10
NQM6,1781042400475095085,389302978,82756071,1781042400475095085,29080.750000000,1,1781042400475025315,29072.750000000,1,4,2026-06-10
NQM6,1781042400475129681,389302979,82756072,1781042400475095085,29080.750000000,1,1781042400475129681,29073.000000000,1,4,2026-06-10
NQM6,1781042400475184553,389302981,82756075,1781042400475184553,29080.500000000,1,1781042400475129681,29073.000000000,1,4,2026-06-10
NQM6,1781042400475282449,389302984,82756080,1781042400475282449,29080.500000000,2,1781042400475129681,29073.000000000,1,4,2026-06-10
NQM6,1781042400475374585,389302985,82756081,1781042400475374585,29080.250000000,1,1781042400475129681,29073.000000000,1,4,2026-06-10
NQM6,1781042400479061741,389302996,82756085,1781042400479061741,29080.250000000,2,1781042400475129681,29073.000000000,1,4,2026-06-10
NQM6,1781042400479153321,389302998,82756086,1781042400479153321,29080.000000000,1,1781042400475129681,29073.000000000,1,4,2026-06-10
NQM6,1781042400482545021,389303011,82756088,1781042400482545021,29080.000000000,2,1781042400475129681,29073.000000000,1,4,2026-06-10
NQM6,1781042400482636161,389303012,82756089,1781042400482636161,29079.750000000,1,1781042400475129681,29073.000000000,1,4,2026-06-10
NQM6,1781042400482643665,389303014,82756093,1781042400482643665,29079.750000000,2,1781042400475129681,29073.000000000,1,4,2026-06-10
NQM6,1781042400482748783,389303016,82756094,1781042400482748783,29079.500000000,1,1781042400475129681,29073.000000000,1,4,2026-06-10
NQM6,1781042400482855357,389303019,82756098,1781042400482855357,29079.500000000,2,1781042400475129681,29073.000000000,1,4,2026-06-10
NQM6,1781042400482952563,389303022,82756099,1781042400482952563,29079.250000000,1,1781042400475129681,29073.000000000,1,4,2026-06-10
NQM6,1781042400512345561,389303100,82756108,1781042400482952563,29079.250000000,1,1781042400512345561,29072.750000000,1,4,2026-06-10
NQM6,1781042400512602637,389303102,82756111,1781042400512602637,29079.000000000,1,1781042400512345561,29072.750000000,1,4,2026-06-10
NQM6,1781042400512602907,389303103,82756113,1781042400512602637,29079.000000000,1,1781042400512602907,29070.250000000,1,4,2026-06-10
NQM6,1781042400512698843,389303105,82756114,1781042400512698843,29078.750000000,1,1781042400512602907,29070.250000000,1,4,2026-06-10
NQM6,1781042400514719649,389303117,82756122,1781042400514719649,29078.500000000,1,1781042400512602907,29070.250000000,1,4,2026-06-10
NQM6,1781042400514812841,389303118,82756123,1781042400514812841,29078.250000000,1,1781042400512602907,29070.250000000,1,4,2026-06-10
NQM6,1781042400514821193,389303119,82756126,1781042400514821193,29078.250000000,2,1781042400512602907,29070.250000000,1,4,2026-06-10
NQM6,1781042400514911179,389303124,82756130,1781042400514911179,29078.000000000,1,1781042400512602907,29070.250000000,1,4,2026-06-10
NQM6,1781042400514918647,389303125,82756131,1781042400514918647,29078.000000000,2,1781042400512602907,29070.250000000,1,4,2026-06-10
NQM6,1781042400514931875,389303127,82756134,1781042400514931875,29078.000000000,3,1781042400512602907,29070.250000000,1,4,2026-06-10
NQM6,1781042400515024147,389303132,82756137,1781042400515024147,29077.750000000,1,1781042400512602907,29070.250000000,1,4,2026-06-10
NQM6,1781042400515049585,389303134,82756140,1781042400515049585,29077.750000000,2,1781042400512602907,29070.250000000,1,4,2026-06-10
NQM6,1781042400515053983,389303135,82756141,1781042400515053983,29077.750000000,3,1781042400512602907,29070.250000000,1,4,2026-06-10
NQM6,1781042400515082071,389303137,82756144,1781042400515053983,29077.750000000,3,1781042400515082071,29070.500000000,1,4,2026-06-10
NQM6,1781042400515147175,389303138,82756145,1781042400515147175,29077.500000000,1,1781042400515082071,29070.500000000,1,4,2026-06-10
NQM6,1781042400515165125,389303141,82756149,1781042400515165125,29077.500000000,2,1781042400515082071,29070.500000000,1,4,2026-06-10
NQM6,1781042400515167987,389303142,82756150,1781042400515167987,29077.500000000,3,1781042400515082071,29070.500000000,1,4,2026-06-10
NQM6,1781042400515264749,389303147,82756152,1781042400515264749,29077.250000000,1,1781042400515082071,29070.500000000,1,4,2026-06-10
NQM6,1781042400515281013,389303150,82756156,1781042400515281013,29077.250000000,2,1781042400515082071,29070.500000000,1,4,2026-06-10
NQM6,1781042400515284411,389303151,82756157,1781042400515284411,29077.250000000,3,1781042400515082071,29070.500000000,1,4,2026-06-10
NQM6,1781042400515388085,389303153,82756159,1781042400515388085,29077.000000000,1,1781042400515082071,29070.500000000,1,4,2026-06-10
NQM6,1781042400515406229,389303156,82756163,1781042400515406229,29077.000000000,2,1781042400515082071,29070.500000000,1,4,2026-06-10
NQM6,1781042400515560993,389303158,82756164,1781042400515560993,29076.750000000,1,1781042400515082071,29070.500000000,1,4,2026-06-10
NQM6,1781042400515571379,389303161,82756168,1781042400515571379,29076.750000000,2,1781042400515082071,29070.500000000,1,4,2026-06-10
NQM6,1781042400515686613,389303167,82756171,1781042400515686613,29076.500000000,1,1781042400515082071,29070.500000000,1,4,2026-06-10
NQM6,1781042400515696961,389303170,82756174,1781042400515696961,29076.500000000,2,1781042400515082071,29070.500000000,1,4,2026-06-10
NQM6,1781042400515759627,389303171,82756176,1781042400515696961,29076.500000000,2,1781042400515759627,29070.000000000,3,4,2026-06-10
NQM6,1781042400515800771,389303173,82756177,1781042400515696961,29076.500000000,2,1781042400515800771,29070.000000000,4,4,2026-06-10
NQM6,1781042400515813559,389303174,82756178,1781042400515813559,29076.250000000,1,1781042400515800771,29070.000000000,4,4,2026-06-10
NQM6,1781042400515892063,389303183,82756183,1781042400515892063,29076.250000000,2,1781042400515800771,29070.000000000,4,4,2026-06-10
NQM6,1781042400515929789,389303186,82756185,1781042400515892063,29076.250000000,2,1781042400515929789,29070.250000000,1,4,2026-06-10
NQM6,1781042400516005607,389303187,82756186,1781042400516005607,29076.000000000,1,1781042400515929789,29070.250000000,1,4,2026-06-10
NQM6,1781042400516036845,389303192,82756191,1781042400516036845,29076.000000000,2,1781042400515929789,29070.250000000,1,4,2026-06-10
NQM6,1781042400516150235,389303202,82756192,1781042400516150235,29075.750000000,1,1781042400515929789,29070.250000000,1,4,2026-06-10
NQM6,1781042400516168935,389303208,82756197,1781042400516168935,29075.750000000,2,1781042400515929789,29070.250000000,1,4,2026-06-10
NQM6,1781042400516320743,389303213,82756198,1781042400516320743,29075.500000000,1,1781042400515929789,29070.250000000,1,4,2026-06-10
NQM6,1781042400516429429,389303218,82756208,1781042400516320743,29075.500000000,1,1781042400516429429,29070.000000000,2,4,2026-06-10
NQM6,1781042400516717915,389303221,82756210,1781042400516717915,29075.250000000,1,1781042400516429429,29070.000000000,2,4,2026-06-10
NQM6,1781042400517101265,389303223,82756212,1781042400517101265,29075.000000000,1,1781042400516429429,29070.000000000,2,4,2026-06-10
NQM6,1781042400517409313,389303234,82756218,1781042400517409313,29074.750000000,1,1781042400516429429,29070.000000000,2,4,2026-06-10
NQM6,1781042400517503351,389303237,82756220,1781042400517503351,29074.500000000,1,1781042400516429429,29070.000000000,2,4,2026-06-10
NQM6,1781042400517808581,389303247,82756226,1781042400517808581,29074.250000000,1,1781042400516429429,29070.000000000,2,4,2026-06-10
NQM6,1781042400517917169,389303249,82756228,1781042400517917169,29074.000000000,1,1781042400516429429,29070.000000000,2,4,2026-06-10
NQM6,1781042400518116073,389303260,82756239,1781042400518116073,29077.250000000,1,1781042400516429429,29070.000000000,2,4,2026-06-10
NQM6,1781042400518122505,389303261,82756240,1781042400518122505,29077.000000000,1,1781042400516429429,29070.000000000,2,4,2026-06-10
NQM6,1781042400518290361,389303268,82756241,1781042400518290361,29076.750000000,1,1781042400516429429,29070.000000000,2,4,2026-06-10
NQM6,1781042400518378141,389303269,82756242,1781042400518378141,29076.500000000,1,1781042400516429429,29070.000000000,2,4,2026-06-10
NQM6,1781042400527386799,389303434,82756245,1781042400518378141,29076.500000000,1,1781042400527386799,29070.000000000,3,4,2026-06-10
NQM6,1781042400534494551,389303556,82756249,1781042400534494551,29076.500000000,2,1781042400527386799,29070.000000000,3,4,2026-06-10
NQM6,1781042400534620573,389303560,82756250,1781042400534620573,29076.250000000,1,1781042400527386799,29070.000000000,3,4,2026-06-10
NQM6,1781042400551925697,389303716,82756252,1781042400551925697,29076.000000000,1,1781042400527386799,29070.000000000,3,4,2026-06-10
NQM6,1781042400552040087,389303734,82756255,1781042400552040087,29075.750000000,1,1781042400527386799,29070.000000000,3,4,2026-06-10
NQM6,1781042400552242023,389303750,82756258,1781042400552040087,29075.750000000,1,1781042400552242023,29070.250000000,1,4,2026-06-10
NQM6,1781042400552578853,389303772,82756266,1781042400552578853,29076.500000000,1,1781042400552242023,29070.250000000,1,4,2026-06-10
NQM6,1781042400561756753,389303978,82756267,1781042400561756753,29076.250000000,1,1781042400552242023,29070.250000000,1,4,2026-06-10
NQM6,1781042400561859947,389303984,82756268,1781042400561859947,29076.000000000,1,1781042400552242023,29070.250000000,1,4,2026-06-10
NQM6,1781042400561866877,389303985,82756269,1781042400561866877,29076.000000000,2,1781042400552242023,29070.250000000,1,4,2026-06-10
NQM6,1781042400561958113,389303989,82756272,1781042400561958113,29075.750000000,1,1781042400552242023,29070.250000000,1,4,2026-06-10
NQM6,1781042400561958291,389303990,82756273,1781042400561958291,29075.750000000,2,1781042400552242023,29070.250000000,1,4,2026-06-10
NQM6,1781042400562058391,389303995,82756277,1781042400562058391,29075.500000000,1,1781042400552242023,29070.250000000,1,4,2026-06-10
NQM6,1781042400562061595,389303996,82756278,1781042400562061595,29075.500000000,2,1781042400552242023,29070.250000000,1,4,2026-06-10
NQM6,1781042400562174581,389303998,82756280,1781042400562174581,29075.250000000,1,1781042400552242023,29070.250000000,1,4,2026-06-10
NQM6,1781042400562187925,389303999,82756281,1781042400562174581,29075.250000000,1,1781042400562187925,29070.250000000,2,4,2026-06-10
NQM6,1781042400562204841,389304001,82756284,1781042400562204841,29075.250000000,2,1781042400562187925,29070.250000000,2,4,2026-06-10
NQM6,1781042400562310263,389304008,82756288,1781042400562310263,29075.000000000,1,1781042400562187925,29070.250000000,2,4,2026-06-10
NQM6,1781042400562594255,389304027,82756296,1781042400562594255,29076.500000000,1,1781042400562187925,29070.250000000,2,4,2026-06-10
NQM6,1781042400562696453,389304031,82756297,1781042400562696453,29076.250000000,1,1781042400562187925,29070.250000000,2,4,2026-06-10
NQM6,1781042400562796021,389304034,82756298,1781042400562796021,29076.000000000,1,1781042400562187925,29070.250000000,2,4,2026-06-10
NQM6,1781042400562984843,389304039,82756301,1781042400562796021,29076.000000000,1,1781042400562984843,29070.500000000,1,4,2026-06-10
NQM6,1781042400563096449,389304044,82756303,1781042400562796021,29076.000000000,1,1781042400563096449,29070.750000000,1,4,2026-06-10
NQM6,1781042400563215119,389304049,82756306,1781042400562796021,29076.000000000,1,1781042400563215119,29071.000000000,1,4,2026-06-10
NQM6,1781042400563318121,389304053,82756309,1781042400562796021,29076.000000000,1,1781042400563318121,29071.250000000,1,4,2026-06-10
NQM6,1781042400563436619,389304059,82756312,1781042400562796021,29076.000000000,1,1781042400563436619,29071.500000000,1,4,2026-06-10
NQM6,1781042400563537281,389304062,82756315,1781042400562796021,29076.000000000,1,1781042400563537281,29071.750000000,1,4,2026-06-10
NQM6,1781042400563652457,389304064,82756318,1781042400562796021,29076.000000000,1,1781042400563652457,29072.000000000,1,4,2026-06-10
NQM6,1781042400563748261,389304066,82756321,1781042400562796021,29076.000000000,1,1781042400563748261,29072.250000000,1,4,2026-06-10
NQM6,1781042400563864875,389304068,82756324,1781042400562796021,29076.000000000,1,1781042400563864875,29072.500000000,1,4,2026-06-10
NQM6,1781042400566792609,389304089,82756327,1781042400562796021,29076.000000000,1,1781042400566792609,29072.250000000,1,4,2026-06-10
NQM6,1781042400566898109,389304094,82756329,1781042400562796021,29076.000000000,1,1781042400566898109,29070.250000000,1,4,2026-06-10
NQM6,1781042400570299237,389304208,82756334,1781042400570299237,29076.500000000,1,1781042400566898109,29070.250000000,1,4,2026-06-10
NQM6,1781042400570496219,389304215,82756335,1781042400570299237,29076.500000000,1,1781042400570496219,29070.500000000,1,4,2026-06-10
NQM6,1781042400572076423,389304294,82756338,1781042400570299237,29076.500000000,1,1781042400572076423,29072.500000000,1,4,2026-06-10
NQM6,1781042400572209395,389304301,82756342,1781042400570299237,29076.500000000,1,1781042400572209395,29072.750000000,1,4,2026-06-10
NQM6,1781042400573913935,389304376,82756350,1781042400573913935,29076.750000000,1,1781042400572209395,29072.750000000,1,4,2026-06-10
NQM6,1781042400574164425,389304378,82756351,1781042400574164425,29076.500000000,1,1781042400572209395,29072.750000000,1,4,2026-06-10
NQM6,1781042400574981599,389304412,82756354,1781042400574164425,29076.500000000,1,1781042400574981599,29072.750000000,2,4,2026-06-10
NQM6,1781042400583032047,389304510,82756356,1781042400574164425,29076.500000000,1,1781042400583032047,29073.000000000,1,4,2026-06-10
NQM6,1781042400587458735,389304578,82756363,1781042400574164425,29076.500000000,1,1781042400587458735,29072.750000000,2,4,2026-06-10
NQM6,1781042400587923777,389304583,82756364,1781042400574164425,29076.500000000,1,1781042400587923777,29073.000000000,1,4,2026-06-10
NQM6,1781042400591209133,389304591,82756369,1781042400574164425,29076.500000000,1,1781042400591209133,29073.000000000,2,4,2026-06-10
NQM6,1781042400593714947,389304613,82756371,1781042400574164425,29076.500000000,1,1781042400593714947,29073.250000000,1,4,2026-06-10
NQM6,1781042400593939059,389304618,82756374,1781042400574164425,29076.500000000,1,1781042400593939059,29073.250000000,2,4,2026-06-10
NQM6,1781042400594054599,389304621,82756376,1781042400574164425,29076.500000000,1,1781042400594054599,29073.500000000,1,4,2026-06-10
NQM6,1781042400594146659,389304623,82756378,1781042400594146659,29076.750000000,1,1781042400594054599,29073.500000000,1,4,2026-06-10
NQM6,1781042400595639757,389304667,82756381,1781042400594146659,29076.750000000,1,1781042400595639757,29073.500000000,2,4,2026-06-10
NQM6,1781042400595762631,389304673,82756383,1781042400594146659,29076.750000000,1,1781042400595762631,29073.750000000,1,4,2026-06-10
NQM6,1781042400595997781,389304683,82756386,1781042400594146659,29076.750000000,1,1781042400595997781,29073.750000000,2,4,2026-06-10
NQM6,1781042400596140009,389304685,82756388,1781042400594146659,29076.750000000,1,1781042400596140009,29074.000000000,1,4,2026-06-10
NQM6,1781042400597699441,389304722,82756392,1781042400594146659,29076.750000000,1,1781042400597699441,29074.000000000,2,4,2026-06-10
NQM6,1781042400597819033,389304731,82756394,1781042400594146659,29076.750000000,1,1781042400597819033,29074.250000000,1,4,2026-06-10
NQM6,1781042400598033197,389304738,82756397,1781042400594146659,29076.750000000,1,1781042400598033197,29074.250000000,2,4,2026-06-10
NQM6,1781042400598145935,389304741,82756399,1781042400594146659,29076.750000000,1,1781042400598145935,29074.500000000,1,4,2026-06-10
NQM6,1781042400598488793,389304743,82756402,1781042400594146659,29076.750000000,1,1781042400598488793,29074.500000000,2,4,2026-06-10
NQM6,1781042400598636339,389304754,82756404,1781042400594146659,29076.750000000,1,1781042400598636339,29074.750000000,1,4,2026-06-10
NQM6,1781042400600220651,389304813,82756407,1781042400594146659,29076.750000000,1,1781042400600220651,29074.750000000,2,4,2026-06-10
NQM6,1781042400600345023,389304820,82756409,1781042400594146659,29076.750000000,1,1781042400600345023,29075.000000000,1,4,2026-06-10
NQM6,1781042400600553431,389304832,82756412,1781042400594146659,29076.750000000,1,1781042400600553431,29075.000000000,2,4,2026-06-10
NQM6,1781042400600693237,389304849,82756414,1781042400594146659,29076.750000000,1,1781042400600693237,29075.250000000,1,4,2026-06-10
NQM6,1781042400600938027,389304863,82756417,1781042400594146659,29076.750000000,1,1781042400600938027,29075.250000000,2,4,2026-06-10
NQM6,1781042400601057351,389304868,82756419,1781042400594146659,29076.750000000,1,1781042400601057351,29075.500000000,1,4,2026-06-10
NQM6,1781042400602573467,389304920,82756422,1781042400594146659,29076.750000000,1,1781042400602573467,29075.500000000,2,4,2026-06-10
NQM6,1781042400602713603,389304927,82756424,1781042400594146659,29076.750000000,1,1781042400602713603,29075.750000000,1,4,2026-06-10
NQM6,1781042400602926175,389304938,82756427,1781042400594146659,29076.750000000,1,1781042400602926175,29075.750000000,2,4,2026-06-10
NQM6,1781042400603053849,389304948,82756429,1781042400594146659,29076.750000000,1,1781042400603053849,29076.000000000,1,4,2026-06-10
NQM6,1781042400603152937,389304956,82756433,1781042400603152937,29079.250000000,1,1781042400603053849,29076.000000000,1,4,2026-06-10
NQM6,1781042400603259127,389304956,82756436,1781042400603152937,29079.250000000,1,1781042400603259127,29076.000000000,2,4,2026-06-10
NQM6,1781042400603435931,389304965,82756437,1781042400603435931,29079.000000000,1,1781042400603259127,29076.000000000,2,4,2026-06-10
NQM6,1781042400603483085,389304971,82756439,1781042400603435931,29079.000000000,1,1781042400603483085,29076.250000000,1,4,2026-06-10
NQM6,1781042400603639615,389304972,82756440,1781042400603639615,29078.750000000,1,1781042400603483085,29076.250000000,1,4,2026-06-10
NQM6,1781042400603762893,389304981,82756441,1781042400603762893,29078.500000000,1,1781042400603483085,29076.250000000,1,4,2026-06-10
NQM6,1781042400603897767,389304988,82756444,1781042400603897767,29078.250000000,1,1781042400603483085,29076.250000000,1,4,2026-06-10
NQM6,1781042400604029531,389304993,82756452,1781042400603897767,29078.250000000,1,1781042400604029531,29076.000000000,1,4,2026-06-10
NQM6,1781042400604275221,389304997,82756455,1781042400604275221,29078.000000000,1,1781042400604029531,29076.000000000,1,4,2026-06-10
NQM6,1781042400604387363,389305005,82756458,1781042400604387363,29077.750000000,1,1781042400604029531,29076.000000000,1,4,2026-06-10
NQM6,1781042400604520049,389305011,82756462,1781042400604520049,29079.250000000,1,1781042400604029531,29076.000000000,1,4,2026-06-10
NQM6,1781042400604560137,389305013,82756463,1781042400604560137,29079.000000000,1,1781042400604029531,29076.000000000,1,4,2026-06-10
NQM6,1781042400616869953,389305473,82756468,1781042400604560137,29079.000000000,1,1781042400616869953,29072.750000000,1,4,2026-06-10
NQM6,1781042400616968425,389305474,82756469,1781042400604560137,29079.000000000,1,1781042400616968425,29073.000000000,1,4,2026-06-10
NQM6,1781042400616970075,389305475,82756470,1781042400616970075,29078.750000000,1,1781042400616968425,29073.000000000,1,4,2026-06-10
NQM6,1781042400617093161,389305480,82756473,1781042400616970075,29078.750000000,1,1781042400617093161,29073.250000000,1,4,2026-06-10
NQM6,1781042400617196645,389305487,82756474,1781042400616970075,29078.750000000,1,1781042400617196645,29073.500000000,1,4,2026-06-10
NQM6,1781042400618105053,389305521,82756480,1781042400618105053,29079.000000000,1,1781042400617196645,29073.500000000,1,4,2026-06-10
NQM6,1781042400618349477,389305523,82756483,1781042400618349477,29078.750000000,1,1781042400617196645,29073.500000000,1,4,2026-06-10
NQM6,1781042400618377873,389305527,82756486,1781042400618349477,29078.750000000,1,1781042400618377873,29073.750000000,1,4,2026-06-10
NQM6,1781042400618522941,389305537,82756488,1781042400618349477,29078.750000000,1,1781042400618522941,29074.000000000,1,4,2026-06-10
NQM6,1781042400619987239,389305598,82756492,1781042400618349477,29078.750000000,1,1781042400619987239,29074.000000000,2,4,2026-06-10
NQM6,1781042400620075421,389305602,82756493,1781042400618349477,29078.750000000,1,1781042400620075421,29074.250000000,1,4,2026-06-10
NQM6,1781042400620297575,389305610,82756497,1781042400618349477,29078.750000000,1,1781042400620297575,29074.250000000,2,4,2026-06-10
NQM6,1781042400620403651,389305612,82756498,1781042400618349477,29078.750000000,1,1781042400620403651,29074.500000000,1,4,2026-06-10
NQM6,1781042400621963351,389305661,82756502,1781042400618349477,29078.750000000,1,1781042400621963351,29074.500000000,2,4,2026-06-10
NQM6,1781042400622053549,389305662,82756503,1781042400618349477,29078.750000000,1,1781042400622053549,29074.750000000,1,4,2026-06-10
NQM6,1781042400622256559,389305664,82756507,1781042400618349477,29078.750000000,1,1781042400622256559,29074.750000000,2,4,2026-06-10
NQM6,1781042400622346911,389305665,82756508,1781042400618349477,29078.750000000,1,1781042400622346911,29075.000000000,1,4,2026-06-10
NQM6,1781042400622544411,389305667,82756512,1781042400618349477,29078.750000000,1,1781042400622544411,29075.000000000,2,4,2026-06-10
NQM6,1781042400622643825,389305668,82756513,1781042400618349477,29078.750000000,1,1781042400622643825,29075.250000000,1,4,2026-06-10
NQM6,1781042400624137211,389305740,82756517,1781042400618349477,29078.750000000,1,1781042400624137211,29075.250000000,2,4,2026-06-10
NQM6,1781042400624243229,389305752,82756518,1781042400618349477,29078.750000000,1,1781042400624243229,29075.500000000,1,4,2026-06-10
NQM6,1781042400624460821,389305771,82756522,1781042400618349477,29078.750000000,1,1781042400624460821,29075.500000000,2,4,2026-06-10
NQM6,1781042400624578867,389305782,82756523,1781042400618349477,29078.750000000,1,1781042400624578867,29075.750000000,1,4,2026-06-10
NQM6,1781042400624819087,389305809,82756527,1781042400618349477,29078.750000000,1,1781042400624819087,29075.750000000,2,4,2026-06-10
NQM6,1781042400624966575,389305815,82756528,1781042400618349477,29078.750000000,1,1781042400624966575,29076.000000000,1,4,2026-06-10
NQM6,1781042400624969301,389305815,82756531,1781042400624969301,29079.000000000,1,1781042400624966575,29076.000000000,1,4,2026-06-10
NQM6,1781042400625236285,389305825,82756533,1781042400625236285,29079.250000000,1,1781042400624966575,29076.000000000,1,4,2026-06-10
NQM6,1781042400625373637,389305833,82756534,1781042400625373637,29079.000000000,1,1781042400624966575,29076.000000000,1,4,2026-06-10
NQM6,1781042400627235337,389305872,82756544,1781042400625373637,29079.000000000,1,1781042400627235337,29072.500000000,1,4,2026-06-10
NQM6,1781042400627318183,389305874,82756557,1781042400625373637,29079.000000000,1,1781042400627318183,29065.000000000,1,4,2026-06-10
NQM6,1781042400627385589,389305874,82756562,1781042400625373637,29079.000000000,1,1781042400627385589,29061.000000000,1,4,2026-06-10
NQM6,1781042400627468127,389305875,82756567,1781042400625373637,29079.000000000,1,1781042400627468127,29060.000000000,3,4,2026-06-10
NQM6,1781042400627558689,389305880,82756569,1781042400625373637,29079.000000000,1,1781042400627558689,29072.750000000,1,4,2026-06-10
NQM6,1781042400627561013,389305882,82756573,1781042400625373637,29079.000000000,1,1781042400627561013,29060.000000000,3,4,2026-06-10
NQM6,1781042400627653225,389305882,82756576,1781042400625373637,29079.000000000,1,1781042400627653225,29060.000000000,1,4,2026-06-10
NQM6,1781042400627692185,389305885,82756578,1781042400627692185,29079.000000000,2,1781042400627653225,29060.000000000,1,4,2026-06-10
NQM6,1781042400627694639,389305885,82756579,1781042400627694639,29076.500000000,1,1781042400627653225,29060.000000000,1,4,2026-06-10
NQM6,1781042400628201611,389305907,82756581,1781042400627694639,29076.500000000,1,1781042400628201611,29060.250000000,1,4,2026-06-10
NQM6,1781042400628246517,389305908,82756585,1781042400627694639,29076.500000000,1,1781042400628246517,29060.000000000,1,4,2026-06-10
NQM6,1781042400628496471,389305910,82756586,1781042400628496471,29076.250000000,1,1781042400628246517,29060.000000000,1,4,2026-06-10
NQM6,1781042400628498045,389305910,82756587,1781042400628498045,29076.250000000,2,1781042400628246517,29060.000000000,1,4,2026-06-10
NQM6,1781042400628510659,389305911,82756589,1781042400628510659,29076.250000000,3,1781042400628246517,29060.000000000,1,4,2026-06-10
NQM6,1781042400629416147,389305934,82756599,1781042400629416147,29076.000000000,1,1781042400628246517,29060.000000000,1,4,2026-06-10
NQM6,1781042400629786595,389305958,82756602,1781042400629786595,29075.750000000,1,1781042400628246517,29060.000000000,1,4,2026-06-10
NQM6,1781042400629788131,389305960,82756603,1781042400629788131,29075.750000000,2,1781042400628246517,29060.000000000,1,4,2026-06-10
NQM6,1781042400630021267,389305975,82756608,1781042400630021267,29075.500000000,1,1781042400628246517,29060.000000000,1,4,2026-06-10
NQM6,1781042400630167085,389305987,82756609,1781042400630167085,29075.250000000,1,1781042400628246517,29060.000000000,1,4,2026-06-10
NQM6,1781042400630168563,389305989,82756610,1781042400630168563,29075.250000000,2,1781042400628246517,29060.000000000,1,4,2026-06-10
NQM6,1781042400630293665,389305998,82756616,1781042400630293665,29075.000000000,1,1781042400628246517,29060.000000000,1,4,2026-06-10
NQM6,1781042400630406229,389306006,82756617,1781042400630406229,29074.750000000,1,1781042400628246517,29060.000000000,1,4,2026-06-10
NQM6,1781042400630407823,389306008,82756618,1781042400630407823,29074.750000000,2,1781042400628246517,29060.000000000,1,4,2026-06-10
NQM6,1781042400630510519,389306017,82756624,1781042400630510519,29074.500000000,1,1781042400628246517,29060.000000000,1,4,2026-06-10
NQM6,1781042400630621145,389306025,82756625,1781042400630621145,29074.250000000,1,1781042400628246517,29060.000000000,1,4,2026-06-10
NQM6,1781042400630622681,389306027,82756626,1781042400630622681,29074.250000000,2,1781042400628246517,29060.000000000,1,4,2026-06-10
NQM6,1781042400630728487,389306035,82756632,1781042400630728487,29074.000000000,1,1781042400628246517,29060.000000000,1,4,2026-06-10
NQM6,1781042400630817591,389306045,82756633,1781042400630817591,29073.750000000,1,1781042400628246517,29060.000000000,1,4,2026-06-10
NQM6,1781042400630819127,389306047,82756635,1781042400630819127,29073.750000000,2,1781042400628246517,29060.000000000,1,4,2026-06-10
NQM6,1781042400630943609,389306060,82756639,1781042400630943609,29073.500000000,1,1781042400628246517,29060.000000000,1,4,2026-06-10
NQM6,1781042400631072305,389306069,82756641,1781042400631072305,29073.250000000,1,1781042400628246517,29060.000000000,1,4,2026-06-10
NQM6,1781042400631073861,389306071,82756643,1781042400631073861,29073.250000000,2,1781042400628246517,29060.000000000,1,4,2026-06-10
NQM6,1781042400631177959,389306082,82756649,1781042400631177959,29073.000000000,1,1781042400628246517,29060.000000000,1,4,2026-06-10
NQM6,1781042400631291963,389306089,82756651,1781042400631291963,29072.750000000,1,1781042400628246517,29060.000000000,1,4,2026-06-10
NQM6,1781042400631293537,389306091,82756653,1781042400631293537,29072.750000000,2,1781042400628246517,29060.000000000,1,4,2026-06-10
NQM6,1781042400631390837,389306100,82756659,1781042400631390837,29072.500000000,1,1781042400628246517,29060.000000000,1,4,2026-06-10
NQM6,1781042400631501847,389306110,82756661,1781042400631501847,29072.250000000,1,1781042400628246517,29060.000000000,1,4,2026-06-10
NQM6,1781042400631503305,389306111,82756663,1781042400631503305,29072.250000000,2,1781042400628246517,29060.000000000,1,4,2026-06-10
NQM6,1781042400631648683,389306123,82756669,1781042400631648683,29072.000000000,1,1781042400628246517,29060.000000000,1,4,2026-06-10
NQM6,1781042400631768619,389306131,82756671,1781042400631768619,29071.750000000,1,1781042400628246517,29060.000000000,1,4,2026-06-10
NQM6,1781042400631770193,389306132,82756673,1781042400631770193,29071.750000000,2,1781042400628246517,29060.000000000,1,4,2026-06-10
NQM6,1781042400631911057,389306147,82756679,1781042400631911057,29071.500000000,1,1781042400628246517,29060.000000000,1,4,2026-06-10
NQM6,1781042400632045163,389306155,82756681,1781042400632045163,29071.250000000,1,1781042400628246517,29060.000000000,1,4,2026-06-10
NQM6,1781042400632046699,389306156,82756683,1781042400632046699,29071.250000000,2,1781042400628246517,29060.000000000,1,4,2026-06-10
NQM6,1781042400634979713,389306244,82756687,1781042400632046699,29071.250000000,2,1781042400634979713,29060.000000000,2,4,2026-06-10
NQM6,1781042400635237499,389306255,82756691,1781042400632046699,29071.250000000,2,1781042400635237499,29059.750000000,3,4,2026-06-10
NQM6,1781042400635507941,389306269,82756694,1781042400635507941,29071.000000000,1,1781042400635237499,29059.750000000,3,4,2026-06-10
NQM6,1781042400635723873,389306271,82756696,1781042400635723873,29070.750000000,1,1781042400635237499,29059.750000000,3,4,2026-06-10
NQM6,1781042400635725561,389306272,82756698,1781042400635725561,29070.750000000,2,1781042400635237499,29059.750000000,3,4,2026-06-10
NQM6,1781042400637552915,389306322,82756705,1781042400635725561,29070.750000000,2,1781042400637552915,29060.000000000,1,4,2026-06-10
NQM6,1781042400638676565,389306361,82756706,1781042400635725561,29070.750000000,2,1781042400638676565,29060.000000000,2,4,2026-06-10
NQM6,1781042400638790801,389306362,82756709,1781042400638790801,29070.500000000,1,1781042400638676565,29060.000000000,2,4,2026-06-10
NQM6,1781042400638896491,389306365,82756711,1781042400638896491,29070.250000000,1,1781042400638676565,29060.000000000,2,4,2026-06-10
NQM6,1781042400638898085,389306366,82756713,1781042400638898085,29070.250000000,2,1781042400638676565,29060.000000000,2,4,2026-06-10
NQM6,1781042400640190763,389306387,82756721,1781042400640190763,29070.250000000,1,1781042400638676565,29060.000000000,2,4,2026-06-10
NQM6,1781042400640192107,389306388,82756723,1781042400640192107,29073.750000000,2,1781042400638676565,29060.000000000,2,4,2026-06-10
NQM6,1781042400640346429,389306416,82756724,1781042400640346429,29073.500000000,1,1781042400638676565,29060.000000000,2,4,2026-06-10
NQM6,1781042400640573575,389306420,82756725,1781042400640573575,29073.250000000,1,1781042400638676565,29060.000000000,2,4,2026-06-10
NQM6,1781042400640575129,389306421,82756726,1781042400640575129,29073.250000000,2,1781042400638676565,29060.000000000,2,4,2026-06-10
NQM6,1781042400641885067,389306466,82756733,1781042400641885067,29073.000000000,1,1781042400638676565,29060.000000000,2,4,2026-06-10
NQM6,1781042400641971425,389306468,82756734,1781042400641971425,29072.750000000,1,1781042400638676565,29060.000000000,2,4,2026-06-10
NQM6,1781042400641973153,389306469,82756735,1781042400641973153,29072.750000000,2,1781042400638676565,29060.000000000,2,4,2026-06-10
NQM6,1781042400642380559,389306474,82756739,1781042400642380559,29072.500000000,1,1781042400638676565,29060.000000000,2,4,2026-06-10
NQM6,1781042400642585703,389306475,82756741,1781042400642585703,29072.500000000,2,1781042400638676565,29060.000000000,2,4,2026-06-10
NQM6,1781042400642608663,389306480,82756744,1781042400642608663,29072.250000000,1,1781042400638676565,29060.000000000,2,4,2026-06-10
NQM6,1781042400642610297,389306481,82756745,1781042400642610297,29072.250000000,2,1781042400638676565,29060.000000000,2,4,2026-06-10
NQM6,1781042400642768843,389306490,82756749,1781042400642768843,29072.000000000,1,1781042400638676565,29060.000000000,2,4,2026-06-10
NQM6,1781042400642779919,389306491,82756750,1781042400642779919,29072.000000000,2,1781042400638676565,29060.000000000,2,4,2026-06-10
NQM6,1781042400642907401,389306493,82756752,1781042400642907401,29071.750000000,1,1781042400638676565,29060.000000000,2,4,2026-06-10
NQM6,1781042400642909071,389306494,82756753,1781042400642909071,29071.750000000,2,1781042400638676565,29060.000000000,2,4,2026-06-10
NQM6,1781042400643025649,389306498,82756760,1781042400643025649,29071.500000000,1,1781042400638676565,29060.000000000,2,4,2026-06-10
NQM6,1781042400643103291,389306501,82756766,1781042400643103291,29071.750000000,2,1781042400638676565,29060.000000000,2,4,2026-06-10
NQM6,1781042400643144013,389306501,82756767,1781042400643144013,29071.250000000,1,1781042400638676565,29060.000000000,2,4,2026-06-10
NQM6,1781042400643145585,389306501,82756768,1781042400643145585,29071.250000000,2,1781042400638676565,29060.000000000,2,4,2026-06-10
NQM6,1781042400643360443,389306506,82756774,1781042400643360443,29071.250000000,1,1781042400638676565,29060.000000000,2,4,2026-06-10
NQM6,1781042400643361807,389306506,82756776,1781042400643361807,29073.500000000,2,1781042400638676565,29060.000000000,2,4,2026-06-10
NQM6,1781042400643439469,389306509,82756779,1781042400643439469,29073.000000000,1,1781042400638676565,29060.000000000,2,4,2026-06-10
NQM6,1781042400643575033,389306513,82756781,1781042400643575033,29072.750000000,1,1781042400638676565,29060.000000000,2,4,2026-06-10
NQM6,1781042400643666767,389306518,82756785,1781042400643666767,29072.750000000,2,1781042400638676565,29060.000000000,2,4,2026-06-10
NQM6,1781042400647996365,389306547,82756790,1781042400647996365,29072.750000000,3,1781042400638676565,29060.000000000,2,4,2026-06-10
NQM6,1781042400648091075,389306548,82756791,1781042400648091075,29072.500000000,1,1781042400638676565,29060.000000000,2,4,2026-06-10
NQM6,1781042400648092803,389306550,82756792,1781042400648092803,29072.500000000,2,1781042400638676565,29060.000000000,2,4,2026-06-10
NQM6,1781042400648346231,389306553,82756799,1781042400648346231,29072.500000000,3,1781042400638676565,29060.000000000,2,4,2026-06-10
NQM6,1781042400648431437,389306554,82756800,1781042400648431437,29072.250000000,1,1781042400638676565,29060.000000000,2,4,2026-06-10
NQM6,1781042400648433047,389306555,82756801,1781042400648433047,29072.250000000,2,1781042400638676565,29060.000000000,2,4,2026-06-10
NQM6,1781042400648865069,389306559,82756806,1781042400648865069,29072.250000000,3,1781042400638676565,29060.000000000,2,4,2026-06-10
NQM6,1781042400648951867,389306561,82756807,1781042400648951867,29072.000000000,1,1781042400638676565,29060.000000000,2,4,2026-06-10
NQM6,1781042400648953443,389306562,82756808,1781042400648953443,29072.000000000,2,1781042400638676565,29060.000000000,2,4,2026-06-10
NQM6,1781042400650482865,389306566,82756813,1781042400650482865,29072.000000000,3,1781042400638676565,29060.000000000,2,4,2026-06-10
NQM6,1781042400650571065,389306568,82756814,1781042400650571065,29071.750000000,1,1781042400638676565,29060.000000000,2,4,2026-06-10
NQM6,1781042400650572601,389306569,82756815,1781042400650572601,29071.750000000,2,1781042400638676565,29060.000000000,2,4,2026-06-10
NQM6,1781042400650800169,389306583,82756820,1781042400650800169,29071.750000000,3,1781042400638676565,29060.000000000,2,4,2026-06-10
NQM6,1781042400650889559,389306590,82756821,1781042400650889559,29071.500000000,1,1781042400638676565,29060.000000000,2,4,2026-06-10
NQM6,1781042400650891133,389306591,82756822,1781042400650891133,29071.500000000,2,1781042400638676565,29060.000000000,2,4,2026-06-10
NQM6,1781042400651098081,389306604,82756827,1781042400651098081,29071.500000000,3,1781042400638676565,29060.000000000,2,4,2026-06-10
NQM6,1781042400651204157,389306610,82756828,1781042400651204157,29071.250000000,1,1781042400638676565,29060.000000000,2,4,2026-06-10
NQM6,1781042400651205751,389306611,82756829,1781042400651205751,29071.250000000,2,1781042400638676565,29060.000000000,2,4,2026-06-10
NQM6,1781042400652679129,389306701,82756834,1781042400652679129,29071.250000000,3,1781042400638676565,29060.000000000,2,4,2026-06-10
NQM6,1781042400652768079,389306707,82756835,1781042400652768079,29071.000000000,1,1781042400638676565,29060.000000000,2,4,2026-06-10
NQM6,1781042400652769557,389306708,82756836,1781042400652769557,29071.000000000,2,1781042400638676565,29060.000000000,2,4,2026-06-10
NQM6,1781042400653318653,389306738,82756839,1781042400653318653,29071.000000000,3,1781042400638676565,29060.000000000,2,4,2026-06-10
NQM6,1781042400653419103,389306743,82756840,1781042400653419103,29070.750000000,1,1781042400638676565,29060.000000000,2,4,2026-06-10
NQM6,1781042400653421599,389306744,82756841,1781042400653421599,29070.750000000,2,1781042400638676565,29060.000000000,2,4,2026-06-10
NQM6,1781042400653528079,389306749,82756846,1781042400653528079,29070.750000000,3,1781042400638676565,29060.000000000,2,4,2026-06-10
NQM6,1781042400653615299,389306756,82756850,1781042400653615299,29070.500000000,1,1781042400638676565,29060.000000000,2,4,2026-06-10
NQM6,1781042400653616933,389306757,82756851,1781042400653616933,29070.500000000,2,1781042400638676565,29060.000000000,2,4,2026-06-10
NQM6,1781042400653684361,389306766,82756856,1781042400653684361,29070.500000000,3,1781042400638676565,29060.000000000,2,4,2026-06-10
NQM6,1781042400653797307,389306771,82756857,1781042400653797307,29070.250000000,1,1781042400638676565,29060.000000000,2,4,2026-06-10
NQM6,1781042400653798901,389306772,82756858,1781042400653798901,29070.250000000,2,1781042400638676565,29060.000000000,2,4,2026-06-10
NQM6,1781042400675703775,389306871,82756861,1781042400653798901,29070.250000000,2,1781042400675703775,29060.250000000,1,4,2026-06-10
NQM6,1781042400675815993,389306873,82756863,1781042400653798901,29070.250000000,2,1781042400675815993,29060.500000000,1,4,2026-06-10
NQM6,1781042400675816453,389306874,82756866,1781042400675816453,29070.000000000,1,1781042400675815993,29060.500000000,1,4,2026-06-10
NQM6,1781042400675922739,389306877,82756869,1781042400675922739,29069.750000000,1,1781042400675815993,29060.500000000,1,4,2026-06-10
NQM6,1781042400675926465,389306878,82756871,1781042400675926465,29069.750000000,2,1781042400675815993,29060.500000000,1,4,2026-06-10
NQM6,1781042400675945953,389306881,82756876,1781042400675926465,29069.750000000,2,1781042400675945953,29060.750000000,1,4,2026-06-10
NQM6,1781042400676063469,389306885,82756879,1781042400676063469,29069.500000000,1,1781042400675945953,29060.750000000,1,4,2026-06-10
NQM6,1781042400676085433,389306888,82756883,1781042400676063469,29069.500000000,1,1781042400676085433,29061.000000000,1,4,2026-06-10
NQM6,1781042400676170485,389306893,82756884,1781042400676170485,29069.250000000,1,1781042400676085433,29061.000000000,1,4,2026-06-10
NQM6,1781042400676174403,389306894,82756887,1781042400676174403,29069.250000000,2,1781042400676085433,29061.000000000,1,4,2026-06-10
NQM6,1781042400676229773,389306898,82756892,1781042400676174403,29069.250000000,2,1781042400676229773,29061.250000000,1,4,2026-06-10
NQM6,1781042400676335157,389306903,82756895,1781042400676174403,29069.250000000,2,1781042400676335157,29061.500000000,1,4,2026-06-10
NQM6,1781042400676335637,389306904,82756898,1781042400676335637,29069.250000000,3,1781042400676335157,29061.500000000,1,4,2026-06-10
NQM6,1781042400676544139,389306909,82756901,1781042400676335637,29069.250000000,3,1781042400676544139,29061.750000000,1,4,2026-06-10
NQM6,1781042400676561533,389306910,82756903,1781042400676561533,29069.000000000,2,1781042400676544139,29061.750000000,1,4,2026-06-10
NQM6,1781042400676670987,389306915,82756908,1781042400676670987,29069.000000000,3,1781042400676544139,29061.750000000,1,4,2026-06-10
NQM6,1781042400676719965,389306916,82756911,1781042400676670987,29069.000000000,3,1781042400676719965,29062.000000000,1,4,2026-06-10
NQM6,1781042400676846123,389306917,82756914,1781042400676670987,29069.000000000,3,1781042400676846123,29062.250000000,1,4,2026-06-10
NQM6,1781042400678878813,389306938,82756920,1781042400678878813,29068.750000000,1,1781042400676846123,29062.250000000,1,4,2026-06-10
NQM6,1781042400678919841,389306940,82756924,1781042400678878813,29068.750000000,1,1781042400678919841,29062.000000000,1,4,2026-06-10
NQM6,1781042400678973369,389306941,82756925,1781042400678973369,29068.500000000,1,1781042400678919841,29062.000000000,1,4,2026-06-10
NQM6,1781042400678977247,389306942,82756928,1781042400678977247,29068.500000000,2,1781042400678919841,29062.000000000,1,4,2026-06-10
NQM6,1781042400679018391,389306946,82756930,1781042400678977247,29068.500000000,2,1781042400679018391,29060.000000000,2,4,2026-06-10
NQM6,1781042400679087353,389306951,82756931,1781042400678977247,29068.500000000,2,1781042400679087353,29060.250000000,1,4,2026-06-10
NQM6,1781042400687814861,389307025,82756941,1781042400687814861,29068.500000000,1,1781042400679087353,29060.250000000,1,4,2026-06-10
NQM6,1781042400688049993,389307026,82756942,1781042400688049993,29068.500000000,2,1781042400679087353,29060.250000000,1,4,2026-06-10
NQM6,1781042400688063545,389307028,82756944,1781042400688063545,29068.250000000,1,1781042400679087353,29060.250000000,1,4,2026-06-10
NQM6,1781042400688169219,389307032,82756949,1781042400688169219,29068.250000000,2,1781042400679087353,29060.250000000,1,4,2026-06-10
NQM6,1781042400688177129,389307033,82756950,1781042400688177129,29068.000000000,1,1781042400679087353,29060.250000000,1,4,2026-06-10
NQM6,1781042400688185461,389307034,82756952,1781042400688185461,29068.000000000,2,1781042400679087353,29060.250000000,1,4,2026-06-10
NQM6,1781042400688192333,389307035,82756954,1781042400688192333,29068.000000000,3,1781042400679087353,29060.250000000,1,4,2026-06-10
NQM6,1781042400688300215,389307036,82756955,1781042400688300215,29067.750000000,1,1781042400679087353,29060.250000000,1,4,2026-06-10
NQM6,1781042400688315265,389307038,82756957,1781042400688315265,29067.750000000,2,1781042400679087353,29060.250000000,1,4,2026-06-10
NQM6,1781042400688400895,389307041,82756961,1781042400688400895,29067.500000000,1,1781042400679087353,29060.250000000,1,4,2026-06-10
NQM6,1781042400688404311,389307042,82756964,1781042400688404311,29067.500000000,2,1781042400679087353,29060.250000000,1,4,2026-06-10
NQM6,1781042400688414391,389307046,82756968,1781042400688414391,29067.500000000,3,1781042400679087353,29060.250000000,1,4,2026-06-10
NQM6,1781042400688546923,389307048,82756970,1781042400688546923,29067.250000000,1,1781042400679087353,29060.250000000,1,4,2026-06-10
NQM6,1781042400688549151,389307050,82756975,1781042400688549151,29067.250000000,3,1781042400679087353,29060.250000000,1,4,2026-06-10
NQM6,1781042400688555333,389307051,82756976,1781042400688555333,29067.250000000,4,1781042400679087353,29060.250000000,1,4,2026-06-10
NQM6,1781042400688701227,389307055,82756980,1781042400688701227,29067.000000000,1,1781042400679087353,29060.250000000,1,4,2026-06-10
NQM6,1781042400688800447,389307059,82756982,1781042400688800447,29066.750000000,1,1781042400679087353,29060.250000000,1,4,2026-06-10
NQM6,1781042400688803845,389307060,82756985,1781042400688803845,29066.750000000,2,1781042400679087353,29060.250000000,1,4,2026-06-10
NQM6,1781042400688811563,389307064,82756988,1781042400688811563,29066.750000000,3,1781042400679087353,29060.250000000,1,4,2026-06-10
NQM6,1781042400688815481,389307065,82756989,1781042400688815481,29066.750000000,4,1781042400679087353,29060.250000000,1,4,2026-06-10
NQM6,1781042400688954079,389307070,82756993,1781042400688954079,29066.500000000,2,1781042400679087353,29060.250000000,1,4,2026-06-10
NQM6,1781042400688968325,389307072,82756996,1781042400688968325,29066.500000000,3,1781042400679087353,29060.250000000,1,4,2026-06-10
NQM6,1781042400688968921,389307073,82756998,1781042400688968325,29066.500000000,3,1781042400688968921,29060.000000000,1,4,2026-06-10
NQM6,1781042400688989079,389307075,82757000,1781042400688989079,29066.500000000,4,1781042400688968921,29060.000000000,1,4,2026-06-10
NQM6,1781042400689086189,389307079,82757002,1781042400688989079,29066.500000000,4,1781042400689086189,29060.000000000,2,4,2026-06-10
NQM6,1781042400689100087,389307080,82757003,1781042400689100087,29066.250000000,1,1781042400689086189,29060.000000000,2,4,2026-06-10
NQM6,1781042400689115371,389307083,82757008,1781042400689115371,29066.250000000,2,1781042400689086189,29060.000000000,2,4,2026-06-10
NQM6,1781042400689219871,389307090,82757009,1781042400689219871,29066.000000000,1,1781042400689086189,29060.000000000,2,4,2026-06-10
NQM6,1781042400689222847,389307091,82757012,1781042400689222847,29066.000000000,2,1781042400689086189,29060.000000000,2,4,2026-06-10
NQM6,1781042400689257599,389307094,82757015,1781042400689257599,29066.000000000,3,1781042400689086189,29060.000000000,2,4,2026-06-10
NQM6,1781042400689359757,389307100,82757017,1781042400689359757,29066.000000000,4,1781042400689086189,29060.000000000,2,4,2026-06-10
NQM6,1781042400689361023,389307102,82757021,1781042400689361023,29065.750000000,2,1781042400689086189,29060.000000000,2,4,2026-06-10
NQM6,1781042400689368819,389307103,82757023,1781042400689368819,29065.750000000,3,1781042400689086189,29060.000000000,2,4,2026-06-10
NQM6,1781042400689490233,389307113,82757027,1781042400689490233,29065.500000000,1,1781042400689086189,29060.000000000,2,4,2026-06-10
NQM6,1781042400689496109,389307115,82757031,1781042400689490233,29065.500000000,1,1781042400689496109,29060.000000000,1,4,2026-06-10
NQM6,1781042400689586499,389307119,82757032,1781042400689586499,29065.250000000,1,1781042400689496109,29060.000000000,1,4,2026-06-10
NQM6,1781042400689589665,389307120,82757035,1781042400689589665,29065.250000000,2,1781042400689496109,29060.000000000,1,4,2026-06-10
NQM6,1781042400689597635,389307123,82757038,1781042400689597635,29065.250000000,3,1781042400689496109,29060.000000000,1,4,2026-06-10
NQM6,1781042400689724041,389307130,82757042,1781042400689724041,29065.000000000,2,1781042400689496109,29060.000000000,1,4,2026-06-10
NQM6,1781042400689731527,389307132,82757046,1781042400689731527,29065.000000000,3,1781042400689496109,29060.000000000,1,4,2026-06-10
NQM6,1781042400689843939,389307139,82757049,1781042400689843939,29064.750000000,1,1781042400689496109,29060.000000000,1,4,2026-06-10
NQM6,1781042400689963301,389307148,82757051,1781042400689963301,29064.500000000,1,1781042400689496109,29060.000000000,1,4,2026-06-10
NQM6,1781042400689966661,389307150,82757056,1781042400689966661,29064.500000000,2,1781042400689496109,29060.000000000,1,4,2026-06-10
NQM6,1781042400689974187,389307152,82757057,1781042400689974187,29064.500000000,3,1781042400689496109,29060.000000000,1,4,2026-06-10
NQM6,1781042400690133615,389307162,82757060,1781042400690133615,29064.250000000,1,1781042400689496109,29060.000000000,1,4,2026-06-10
NQM6,1781042400690135151,389307163,82757063,1781042400690135151,29064.250000000,3,1781042400689496109,29060.000000000,1,4,2026-06-10
NQM6,1781042400690242975,389307169,82757067,1781042400690242975,29064.000000000,1,1781042400689496109,29060.000000000,1,4,2026-06-10
NQM6,1781042400690337377,389307174,82757069,1781042400690337377,29063.750000000,1,1781042400689496109,29060.000000000,1,4,2026-06-10
NQM6,1781042400690340371,389307175,82757072,1781042400690340371,29063.750000000,2,1781042400689496109,29060.000000000,1,4,2026-06-10
NQM6,1781042400690348109,389307178,82757075,1781042400690348109,29063.750000000,3,1781042400689496109,29060.000000000,1,4,2026-06-10
NQM6,1781042400690481139,389307192,82757078,1781042400690481139,29063.750000000,2,1781042400689496109,29060.000000000,1,4,2026-06-10
NQM6,1781042400690494885,389307194,82757080,1781042400690494885,29063.500000000,2,1781042400689496109,29060.000000000,1,4,2026-06-10
NQM6,1781042400690689143,389307208,82757089,1781042400690689143,29063.750000000,2,1781042400689496109,29060.000000000,1,4,2026-06-10
NQM6,1781042400690762561,389307210,82757091,1781042400690762561,29063.750000000,1,1781042400689496109,29060.000000000,1,4,2026-06-10
NQM6,1781042400690851953,389307212,82757093,1781042400690851953,29065.250000000,1,1781042400689496109,29060.000000000,1,4,2026-06-10
NQM6,1781042400691041985,389307218,82757098,1781042400691041985,29067.000000000,1,1781042400689496109,29060.000000000,1,4,2026-06-10
NQM6,1781042400691145353,389307224,82757099,1781042400691145353,29066.750000000,1,1781042400689496109,29060.000000000,1,4,2026-06-10
NQM6,1781042400691150959,389307225,82757100,1781042400691145353,29066.750000000,1,1781042400691150959,29060.250000000,1,4,2026-06-10
NQM6,1781042400691252581,389307229,82757102,1781042400691252581,29066.500000000,1,1781042400691150959,29060.250000000,1,4,2026-06-10
NQM6,1781042400691312713,389307231,82757106,1781042400691312713,29066.500000000,2,1781042400691150959,29060.250000000,1,4,2026-06-10
NQM6,1781042400693802821,389307251,82757111,1781042400691312713,29066.500000000,2,1781042400693802821,29060.250000000,2,4,2026-06-10
NQM6,1781042400693994755,389307254,82757115,1781042400693994755,29066.500000000,1,1781042400693802821,29060.250000000,2,4,2026-06-10
NQM6,1781042400693996119,389307255,82757117,1781042400693996119,29067.000000000,1,1781042400693802821,29060.250000000,2,4,2026-06-10
NQM6,1781042400694132913,389307259,82757118,1781042400694132913,29067.000000000,2,1781042400693802821,29060.250000000,2,4,2026-06-10
NQM6,1781042400699064499,389307291,82757119,1781042400699064499,29067.000000000,3,1781042400693802821,29060.250000000,2,4,2026-06-10
NQM6,1781042400699158727,389307295,82757121,1781042400699158727,29066.750000000,2,1781042400693802821,29060.250000000,2,4,2026-06-10
NQM6,1781042400710391145,389307479,82757127,1781042400699158727,29066.750000000,2,1781042400710391145,29060.500000000,1,4,2026-06-10
NQM6,1781042400710821457,389307493,82757129,1781042400699158727,29066.750000000,2,1781042400710821457,29060.500000000,2,4,2026-06-10
NQM6,1781042400721284315,389307529,82757131,1781042400699158727,29066.750000000,2,1781042400721284315,29060.750000000,1,4,2026-06-10
NQM6,1781042400722002959,389307531,82757135,1781042400699158727,29066.750000000,2,1781042400722002959,29060.500000000,1,4,2026-06-10
NQM6,1781042400722245041,389307532,82757138,1781042400722245041,29066.500000000,1,1781042400722002959,29060.500000000,1,4,2026-06-10
NQM6,1781042400722339365,389307534,82757139,1781042400722339365,29066.250000000,1,1781042400722002959,29060.500000000,1,4,2026-06-10
NQM6,1781042400722343377,389307535,82757142,1781042400722343377,29066.250000000,2,1781042400722002959,29060.500000000,1,4,2026-06-10
NQM6,1781042400729090051,389307570,82757148,1781042400722343377,29066.250000000,2,1781042400729090051,29060.250000000,1,4,2026-06-10
NQM6,1781042400729244413,389307572,82757154,1781042400722343377,29066.250000000,2,1781042400729244413,29059.750000000,2,4,2026-06-10
NQM6,1781042400729297979,389307572,82757156,1781042400729297979,29066.000000000,1,1781042400729244413,29059.750000000,2,4,2026-06-10
NQM6,1781042400729337165,389307572,82757159,1781042400729337165,29066.000000000,2,1781042400729244413,29059.750000000,2,4,2026-06-10
NQM6,1781042400729352907,389307574,82757166,1781042400729337165,29066.000000000,2,1781042400729352907,29048.000000000,1,4,2026-06-10
NQM6,1781042400729533091,389307577,82757174,1781042400729337165,29066.000000000,2,1781042400729533091,29038.000000000,5,4,2026-06-10
NQM6,1781042400729564615,389307577,82757176,1781042400729564615,29065.750000000,1,1781042400729533091,29038.000000000,5,4,2026-06-10
NQM6,1781042400729569185,389307577,82757178,1781042400729569185,29065.750000000,2,1781042400729533091,29038.000000000,5,4,2026-06-10
NQM6,1781042400729575309,389307578,82757181,1781042400729575309,29065.750000000,3,1781042400729533091,29038.000000000,5,4,2026-06-10
NQM6,1781042400729577997,389307578,82757182,1781042400729577997,29065.750000000,4,1781042400729533091,29038.000000000,5,4,2026-06-10
NQM6,1781042400729879521,389307641,82757186,1781042400729577997,29065.750000000,4,1781042400729879521,29038.000000000,4,4,2026-06-10
NQM6,1781042400729880289,389307641,82757188,1781042400729880289,29065.500000000,1,1781042400729879521,29038.000000000,4,4,2026-06-10
NQM6,1781042400729880883,389307641,82757189,1781042400729880289,29065.500000000,1,1781042400729880883,29038.000000000,9,4,2026-06-10
NQM6,1781042400729884301,389307641,82757190,1781042400729884301,29065.500000000,2,1781042400729880883,29038.000000000,9,4,2026-06-10
NQM6,1781042400730914103,389307663,82757196,1781042400730914103,29065.250000000,1,1781042400729880883,29038.000000000,9,4,2026-06-10
NQM6,1781042400730915697,389307664,82757197,1781042400730915697,29065.250000000,2,1781042400729880883,29038.000000000,9,4,2026-06-10
NQM6,1781042400730925661,389307669,82757201,1781042400730925661,29065.250000000,3,1781042400729880883,29038.000000000,9,4,2026-06-10
NQM6,1781042400730931115,389307671,82757202,1781042400730931115,29065.250000000,4,1781042400729880883,29038.000000000,9,4,2026-06-10
NQM6,1781042400731473739,389307693,82757204,1781042400731473739,29065.000000000,1,1781042400729880883,29038.000000000,9,4,2026-06-10
NQM6,1781042400731475255,389307694,82757205,1781042400731475255,29065.000000000,2,1781042400729880883,29038.000000000,9,4,2026-06-10
NQM6,1781042400731495281,389307697,82757208,1781042400731495281,29065.000000000,3,1781042400729880883,29038.000000000,9,4,2026-06-10
NQM6,1781042400731734599,389307705,82757211,1781042400731734599,29064.750000000,1,1781042400729880883,29038.000000000,9,4,2026-06-10
NQM6,1781042400731736191,389307706,82757212,1781042400731736191,29064.750000000,2,1781042400729880883,29038.000000000,9,4,2026-06-10
NQM6,1781042400731743467,389307709,82757215,1781042400731743467,29064.750000000,3,1781042400729880883,29038.000000000,9,4,2026-06-10
NQM6,1781042400731887653,389307718,82757218,1781042400731887653,29064.500000000,1,1781042400729880883,29038.000000000,9,4,2026-06-10
NQM6,1781042400731889209,389307719,82757219,1781042400731889209,29064.500000000,2,1781042400729880883,29038.000000000,9,4,2026-06-10
NQM6,1781042400731897483,389307722,82757222,1781042400731897483,29064.500000000,3,1781042400729880883,29038.000000000,9,4,2026-06-10
NQM6,1781042400732016921,389307728,82757224,1781042400732016921,29064.250000000,1,1781042400729880883,29038.000000000,9,4,2026-06-10
NQM6,1781042400732018477,389307730,82757227,1781042400732018477,29064.250000000,2,1781042400729880883,29038.000000000,9,4,2026-06-10
NQM6,1781042400732026195,389307733,82757230,1781042400732026195,29064.250000000,3,1781042400729880883,29038.000000000,9,4,2026-06-10
NQM6,1781042400732161471,389307740,82757233,1781042400732161471,29064.000000000,1,1781042400729880883,29038.000000000,9,4,2026-06-10
NQM6,1781042400732162931,389307741,82757234,1781042400732162931,29064.000000000,2,1781042400729880883,29038.000000000,9,4,2026-06-10
NQM6,1781042400732166099,389307744,82757236,1781042400732166099,29064.000000000,3,1781042400729880883,29038.000000000,9,4,2026-06-10
NQM6,1781042400732307501,389307750,82757238,1781042400732307501,29063.750000000,1,1781042400729880883,29038.000000000,9,4,2026-06-10
NQM6,1781042400732309113,389307752,82757241,1781042400732309113,29063.750000000,2,1781042400729880883,29038.000000000,9,4,2026-06-10
NQM6,1781042400732314065,389307755,82757244,1781042400732314065,29063.750000000,3,1781042400729880883,29038.000000000,9,4,2026-06-10
NQM6,1781042400732447271,389307761,82757247,1781042400732447271,29063.500000000,1,1781042400729880883,29038.000000000,9,4,2026-06-10
NQM6,1781042400732449247,389307762,82757248,1781042400732449247,29063.500000000,2,1781042400729880883,29038.000000000,9,4,2026-06-10
NQM6,1781042400732450821,389307763,82757249,1781042400732450821,29063.500000000,3,1781042400729880883,29038.000000000,9,4,2026-06-10
NQM6,1781042400732482117,389307766,82757252,1781042400732450821,29063.500000000,3,1781042400732482117,29038.000000000,10,4,2026-06-10
NQM6,1781042400732501679,389307768,82757253,1781042400732450821,29063.500000000,3,1781042400732501679,29038.000000000,11,4,2026-06-10
NQM6,1781042400732551079,389307776,82757260,1781042400732551079,29063.250000000,1,1781042400732501679,29038.000000000,11,4,2026-06-10
NQM6,1781042400732559065,389307777,82757262,1781042400732559065,29063.250000000,2,1781042400732501679,29038.000000000,11,4,2026-06-10
NQM6,1781042400732560737,389307777,82757263,1781042400732560737,29063.250000000,3,1781042400732501679,29038.000000000,11,4,2026-06-10
NQM6,1781042400732682555,389307787,82757268,1781042400732682555,29063.000000000,1,1781042400732501679,29038.000000000,11,4,2026-06-10
NQM6,1781042400732682735,389307788,82757270,1781042400732682735,29063.000000000,2,1781042400732501679,29038.000000000,11,4,2026-06-10
NQM6,1781042400732684225,389307789,82757271,1781042400732684225,29063.000000000,3,1781042400732501679,29038.000000000,11,4,2026-06-10
NQM6,1781042400732808349,389307794,82757276,1781042400732808349,29062.750000000,1,1781042400732501679,29038.000000000,11,4,2026-06-10
NQM6,1781042400732814857,389307795,82757278,1781042400732814857,29062.750000000,2,1781042400732501679,29038.000000000,11,4,2026-06-10
NQM6,1781042400732816471,389307796,82757279,1781042400732816471,29062.750000000,3,1781042400732501679,29038.000000000,11,4,2026-06-10
NQM6,1781042400732935505,389307806,82757284,1781042400732935505,29062.500000000,1,1781042400732501679,29038.000000000,11,4,2026-06-10
NQM6,1781042400732948137,389307807,82757286,1781042400732948137,29062.500000000,2,1781042400732501679,29038.000000000,11,4,2026-06-10
NQM6,1781042400732949693,389307808,82757287,1781042400732949693,29062.500000000,3,1781042400732501679,29038.000000000,11,4,2026-06-10
NQM6,1781042400733054807,389307815,82757292,1781042400733054807,29062.250000000,1,1781042400732501679,29038.000000000,11,4,2026-06-10
NQM6,1781042400733067153,389307817,82757294,1781042400733067153,29062.250000000,2,1781042400732501679,29038.000000000,11,4,2026-06-10
NQM6,1781042400733068767,389307817,82757295,1781042400733068767,29062.250000000,3,1781042400732501679,29038.000000000,11,4,2026-06-10
NQM6,1781042400733181969,389307825,82757300,1781042400733181969,29062.000000000,1,1781042400732501679,29038.000000000,11,4,2026-06-10
NQM6,1781042400733195039,389307826,82757302,1781042400733195039,29062.000000000,2,1781042400732501679,29038.000000000,11,4,2026-06-10
NQM6,1781042400733196689,389307827,82757303,1781042400733196689,29062.000000000,3,1781042400732501679,29038.000000000,11,4,2026-06-10
NQM6,1781042400733325879,389307836,82757308,1781042400733325879,29061.750000000,1,1781042400732501679,29038.000000000,11,4,2026-06-10
NQM6,1781042400733335827,389307837,82757310,1781042400733335827,29061.750000000,2,1781042400732501679,29038.000000000,11,4,2026-06-10
NQM6,1781042400733337379,389307837,82757311,1781042400733337379,29061.750000000,3,1781042400732501679,29038.000000000,11,4,2026-06-10
NQM6,1781042400733461157,389307845,82757316,1781042400733461157,29061.500000000,1,1781042400732501679,29038.000000000,11,4,2026-06-10
NQM6,1781042400733465957,389307846,82757318,1781042400733465957,29061.500000000,2,1781042400732501679,29038.000000000,11,4,2026-06-10
NQM6,1781042400733467607,389307846,82757319,1781042400733467607,29061.500000000,3,1781042400732501679,29038.000000000,11,4,2026-06-10
NQM6,1781042400733580711,389307852,82757324,1781042400733580711,29061.250000000,1,1781042400732501679,29038.000000000,11,4,2026-06-10
NQM6,1781042400733585087,389307853,82757326,1781042400733585087,29061.250000000,2,1781042400732501679,29038.000000000,11,4,2026-06-10
NQM6,1781042400733586701,389307854,82757327,1781042400733586701,29061.250000000,3,1781042400732501679,29038.000000000,11,4,2026-06-10
NQM6,1781042400733694465,389307859,82757332,1781042400733694465,29061.000000000,1,1781042400732501679,29038.000000000,11,4,2026-06-10
NQM6,1781042400733702491,389307859,82757334,1781042400733702491,29061.000000000,2,1781042400732501679,29038.000000000,11,4,2026-06-10
NQM6,1781042400733704065,389307859,82757335,1781042400733704065,29061.000000000,3,1781042400732501679,29038.000000000,11,4,2026-06-10
NQM6,1781042400733908803,389307860,82757338,1781042400733908803,29060.750000000,1,1781042400732501679,29038.000000000,11,4,2026-06-10
NQM6,1781042400733910457,389307861,82757340,1781042400733910457,29060.750000000,2,1781042400732501679,29038.000000000,11,4,2026-06-10
NQM6,1781042400733923433,389307867,82757344,1781042400733923433,29060.750000000,3,1781042400732501679,29038.000000000,11,4,2026-06-10
NQM6,1781042400734071037,389307874,82757346,1781042400734071037,29060.500000000,1,1781042400732501679,29038.000000000,11,4,2026-06-10
NQM6,1781042400734072689,389307876,82757348,1781042400734072689,29060.500000000,2,1781042400732501679,29038.000000000,11,4,2026-06-10
NQM6,1781042400734079583,389307878,82757353,1781042400734079583,29060.500000000,3,1781042400732501679,29038.000000000,11,4,2026-06-10
NQM6,1781042400734243735,389307887,82757356,1781042400734243735,29060.250000000,1,1781042400732501679,29038.000000000,11,4,2026-06-10
NQM6,1781042400734245385,389307888,82757358,1781042400734245385,29060.250000000,2,1781042400732501679,29038.000000000,11,4,2026-06-10
NQM6,1781042400734250089,389307890,82757360,1781042400734250089,29060.250000000,3,1781042400732501679,29038.000000000,11,4,2026-06-10
NQM6,1781042400734382717,389307900,82757362,1781042400734382717,29060.000000000,1,1781042400732501679,29038.000000000,11,4,2026-06-10
NQM6,1781042400734384387,389307902,82757366,1781042400734384387,29060.000000000,2,1781042400732501679,29038.000000000,11,4,2026-06-10
NQM6,1781042400734390781,389307904,82757368,1781042400734390781,29060.000000000,3,1781042400732501679,29038.000000000,11,4,2026-06-10
NQM6,1781042400734534333,389307912,82757370,1781042400734534333,29059.750000000,1,1781042400732501679,29038.000000000,11,4,2026-06-10
NQM6,1781042400734535887,389307914,82757374,1781042400734535887,29059.750000000,2,1781042400732501679,29038.000000000,11,4,2026-06-10
NQM6,1781042400734542435,389307915,82757375,1781042400734542435,29059.750000000,3,1781042400732501679,29038.000000000,11,4,2026-06-10
NQM6,1781042400734662871,389307923,82757378,1781042400734662871,29059.500000000,1,1781042400732501679,29038.000000000,11,4,2026-06-10
NQM6,1781042400734664349,389307925,82757382,1781042400734664349,29059.500000000,2,1781042400732501679,29038.000000000,11,4,2026-06-10
NQM6,1781042400734672663,389307926,82757383,1781042400734672663,29059.500000000,3,1781042400732501679,29038.000000000,11,4,2026-06-10
NQM6,1781042400734804061,389307934,82757386,1781042400734804061,29059.250000000,1,1781042400732501679,29038.000000000,11,4,2026-06-10
NQM6,1781042400734805693,389307935,82757388,1781042400734805693,29059.250000000,2,1781042400732501679,29038.000000000,11,4,2026-06-10
NQM6,1781042400734814889,389307937,82757392,1781042400734814889,29059.250000000,3,1781042400732501679,29038.000000000,11,4,2026-06-10
NQM6,1781042400734940183,389307943,82757394,1781042400734940183,29059.000000000,1,1781042400732501679,29038.000000000,11,4,2026-06-10
NQM6,1781042400734941757,389307944,82757396,1781042400734941757,29059.000000000,2,1781042400732501679,29038.000000000,11,4,2026-06-10
NQM6,1781042400734950205,389307946,82757400,1781042400734950205,29059.000000000,3,1781042400732501679,29038.000000000,11,4,2026-06-10
NQM6,1781042400735078167,389307953,82757402,1781042400735078167,29058.750000000,1,1781042400732501679,29038.000000000,11,4,2026-06-10
NQM6,1781042400735079741,389307955,82757406,1781042400735079741,29058.750000000,2,1781042400732501679,29038.000000000,11,4,2026-06-10
NQM6,1781042400735086499,389307956,82757407,1781042400735086499,29058.750000000,3,1781042400732501679,29038.000000000,11,4,2026-06-10
NQM6,1781042400735204863,389307964,82757410,1781042400735204863,29058.500000000,1,1781042400732501679,29038.000000000,11,4,2026-06-10
NQM6,1781042400735206359,389307966,82757414,1781042400735206359,29058.500000000,2,1781042400732501679,29038.000000000,11,4,2026-06-10
NQM6,1781042400735212927,389307968,82757416,1781042400735212927,29058.500000000,3,1781042400732501679,29038.000000000,11,4,2026-06-10
NQM6,1781042400735352177,389307974,82757420,1781042400735352177,29058.250000000,1,1781042400732501679,29038.000000000,11,4,2026-06-10
NQM6,1781042400735353789,389307975,82757422,1781042400735353789,29058.250000000,2,1781042400732501679,29038.000000000,11,4,2026-06-10
NQM6,1781042400735358973,389307977,82757424,1781042400735358973,29058.250000000,3,1781042400732501679,29038.000000000,11,4,2026-06-10
NQM6,1781042400735498935,389307983,82757426,1781042400735498935,29058.000000000,1,1781042400732501679,29038.000000000,11,4,2026-06-10
NQM6,1781042400735500511,389307983,82757430,1781042400735500511,29058.000000000,2,1781042400732501679,29038.000000000,11,4,2026-06-10
NQM6,1781042400735507459,389307983,82757431,1781042400735507459,29058.000000000,3,1781042400732501679,29038.000000000,11,4,2026-06-10
NQM6,1781042400735888255,389307985,82757434,1781042400735888255,29058.000000000,2,1781042400732501679,29038.000000000,11,4,2026-06-10
NQM6,1781042400735897855,389307988,82757437,1781042400735897855,29057.750000000,1,1781042400732501679,29038.000000000,11,4,2026-06-10
NQM6,1781042400736026201,389307992,82757442,1781042400736026201,29057.500000000,1,1781042400732501679,29038.000000000,11,4,2026-06-10
NQM6,1781042400736027813,389307993,82757444,1781042400736027813,29057.500000000,2,1781042400732501679,29038.000000000,11,4,2026-06-10
NQM6,1781042400736036915,389307998,82757447,1781042400736036915,29057.500000000,3,1781042400732501679,29038.000000000,11,4,2026-06-10
NQM6,1781042400736192523,389308005,82757448,1781042400736192523,29057.250000000,1,1781042400732501679,29038.000000000,11,4,2026-06-10
NQM6,1781042400736194097,389308006,82757450,1781042400736194097,29057.250000000,2,1781042400732501679,29038.000000000,11,4,2026-06-10
NQM6,1781042400736202315,389308010,82757455,1781042400736202315,29057.250000000,3,1781042400732501679,29038.000000000,11,4,2026-06-10
NQM6,1781042400736387241,389308017,82757456,1781042400736387241,29057.000000000,1,1781042400732501679,29038.000000000,11,4,2026-06-10
NQM6,1781042400736388795,389308019,82757460,1781042400736388795,29057.000000000,2,1781042400732501679,29038.000000000,11,4,2026-06-10
NQM6,1781042400736395401,389308020,82757462,1781042400736395401,29057.000000000,3,1781042400732501679,29038.000000000,11,4,2026-06-10
NQM6,1781042400736535113,389308027,82757466,1781042400736535113,29056.750000000,1,1781042400732501679,29038.000000000,11,4,2026-06-10
NQM6,1781042400736536571,389308028,82757468,1781042400736536571,29056.750000000,2,1781042400732501679,29038.000000000,11,4,2026-06-10
NQM6,1781042400736536749,389308029,82757469,1781042400736536749,29056.750000000,3,1781042400732501679,29038.000000000,11,4,2026-06-10
NQM6,1781042400736647659,389308037,82757474,1781042400736647659,29056.500000000,1,1781042400732501679,29038.000000000,11,4,2026-06-10
NQM6,1781042400736656949,389308038,82757476,1781042400736656949,29056.500000000,2,1781042400732501679,29038.000000000,11,4,2026-06-10
NQM6,1781042400736658543,389308039,82757477,1781042400736658543,29056.500000000,3,1781042400732501679,29038.000000000,11,4,2026-06-10
NQM6,1781042400736748203,389308049,82757482,1781042400736748203,29056.250000000,1,1781042400732501679,29038.000000000,11,4,2026-06-10
NQM6,1781042400736769609,389308051,82757484,1781042400736769609,29056.250000000,2,1781042400732501679,29038.000000000,11,4,2026-06-10
NQM6,1781042400736771109,389308052,82757485,1781042400736771109,29056.250000000,3,1781042400732501679,29038.000000000,11,4,2026-06-10
NQM6,1781042400736876031,389308061,82757490,1781042400736876031,29056.000000000,1,1781042400732501679,29038.000000000,11,4,2026-06-10
NQM6,1781042400736903043,389308062,82757492,1781042400736903043,29056.000000000,2,1781042400732501679,29038.000000000,11,4,2026-06-10
NQM6,1781042400736904563,389308063,82757493,1781042400736904563,29056.000000000,3,1781042400732501679,29038.000000000,11,4,2026-06-10
NQM6,1781042400737021703,389308075,82757498,1781042400737021703,29055.750000000,1,1781042400732501679,29038.000000000,11,4,2026-06-10
NQM6,1781042400737027857,389308076,82757500,1781042400737027857,29055.750000000,2,1781042400732501679,29038.000000000,11,4,2026-06-10
NQM6,1781042400737029585,389308077,82757501,1781042400737029585,29055.750000000,3,1781042400732501679,29038.000000000,11,4,2026-06-10
NQM6,1781042400737159795,389308087,82757506,1781042400737159795,29055.500000000,1,1781042400732501679,29038.000000000,11,4,2026-06-10
NQM6,1781042400737162349,389308089,82757508,1781042400737162349,29055.500000000,2,1781042400732501679,29038.000000000,11,4,2026-06-10
NQM6,1781042400737163903,389308090,82757509,1781042400737163903,29055.500000000,3,1781042400732501679,29038.000000000,11,4,2026-06-10
NQM6,1781042400737276239,389308101,82757514,1781042400737276239,29055.250000000,1,1781042400732501679,29038.000000000,11,4,2026-06-10
NQM6,1781042400737291653,389308102,82757516,1781042400737291653,29055.250000000,2,1781042400732501679,29038.000000000,11,4,2026-06-10
NQM6,1781042400737293247,389308103,82757517,1781042400737293247,29055.250000000,3,1781042400732501679,29038.000000000,11,4,2026-06-10
NQM6,1781042400737416045,389308107,82757520,1781042400737416045,29055.000000000,1,1781042400732501679,29038.000000000,11,4,2026-06-10
NQM6,1781042400737417791,389308108,82757522,1781042400737417791,29055.000000000,2,1781042400732501679,29038.000000000,11,4,2026-06-10
NQM6,1781042400737716205,389308120,82757527,1781042400737716205,29054.750000000,1,1781042400732501679,29038.000000000,11,4,2026-06-10
NQM6,1781042400737839001,389308127,82757531,1781042400737839001,29054.500000000,1,1781042400732501679,29038.000000000,11,4,2026-06-10
NQM6,1781042400737840537,389308128,82757533,1781042400737840537,29054.500000000,2,1781042400732501679,29038.000000000,11,4,2026-06-10
NQM6,1781042400737940047,389308133,82757537,1781042400737940047,29054.500000000,3,1781042400732501679,29038.000000000,11,4,2026-06-10
NQM6,1781042400738030553,389308138,82757538,1781042400738030553,29054.250000000,1,1781042400732501679,29038.000000000,11,4,2026-06-10
NQM6,1781042400738032165,389308139,82757540,1781042400738032165,29054.250000000,2,1781042400732501679,29038.000000000,11,4,2026-06-10
NQM6,1781042400738042801,389308144,82757545,1781042400738042801,29054.250000000,3,1781042400732501679,29038.000000000,11,4,2026-06-10
NQM6,1781042400738172875,389308154,82757546,1781042400738172875,29054.000000000,1,1781042400732501679,29038.000000000,11,4,2026-06-10
NQM6,1781042400738174547,389308156,82757550,1781042400738174547,29054.000000000,2,1781042400732501679,29038.000000000,11,4,2026-06-10
NQM6,1781042400738181227,389308159,82757553,1781042400738181227,29054.000000000,3,1781042400732501679,29038.000000000,11,4,2026-06-10
NQM6,1781042400738338315,389308166,82757556,1781042400738338315,29053.750000000,1,1781042400732501679,29038.000000000,11,4,2026-06-10
NQM6,1781042400738339927,389308168,82757558,1781042400738339927,29053.750000000,2,1781042400732501679,29038.000000000,11,4,2026-06-10
NQM6,1781042400738354059,389308171,82757561,1781042400738354059,29053.750000000,3,1781042400732501679,29038.000000000,11,4,2026-06-10
NQM6,1781042400738492023,389308178,82757562,1781042400738492023,29053.500000000,1,1781042400732501679,29038.000000000,11,4,2026-06-10
NQM6,1781042400738493559,389308179,82757564,1781042400738493559,29053.500000000,2,1781042400732501679,29038.000000000,11,4,2026-06-10
NQM6,1781042400738525257,389308184,82757569,1781042400738525257,29053.500000000,3,1781042400732501679,29038.000000000,11,4,2026-06-10
NQM6,1781042400738642485,389308190,82757570,1781042400738642485,29053.250000000,1,1781042400732501679,29038.000000000,11,4,2026-06-10
NQM6,1781042400738644041,389308191,82757572,1781042400738644041,29053.250000000,2,1781042400732501679,29038.000000000,11,4,2026-06-10
NQM6,1781042400738684111,389308194,82757575,1781042400738684111,29053.250000000,3,1781042400732501679,29038.000000000,11,4,2026-06-10
NQM6,1781042400739133467,389308197,82757582,1781042400739133467,29053.000000000,1,1781042400732501679,29038.000000000,11,4,2026-06-10
NQM6,1781042400739135003,389308198,82757584,1781042400739135003,29053.000000000,2,1781042400732501679,29038.000000000,11,4,2026-06-10
NQM6,1781042400739294873,389308210,82757591,1781042400739294873,29053.000000000,1,1781042400732501679,29038.000000000,11,4,2026-06-10
NQM6,1781042400739296237,389308211,82757593,1781042400739296237,29058.000000000,2,1781042400732501679,29038.000000000,11,4,2026-06-10
NQM6,1781042400739418689,389308214,82757594,1781042400739418689,29057.750000000,1,1781042400732501679,29038.000000000,11,4,2026-06-10
NQM6,1781042400739516719,389308220,82757595,1781042400739516719,29057.500000000,1,1781042400732501679,29038.000000000,11,4,2026-06-10
NQM6,1781042400739518295,389308221,82757596,1781042400739518295,29057.500000000,2,1781042400732501679,29038.000000000,11,4,2026-06-10
NQM6,1781042400741997765,389308241,82757602,1781042400739518295,29057.500000000,2,1781042400741997765,29038.000000000,12,4,2026-06-10
NQM6,1781042400744360201,389308246,82757605,1781042400744360201,29057.500000000,1,1781042400741997765,29038.000000000,12,4,2026-06-10
NQM6,1781042400744576673,389308247,82757606,1781042400744576673,29057.500000000,2,1781042400741997765,29038.000000000,12,4,2026-06-10
NQM6,1781042400745757055,389308252,82757607,1781042400744576673,29057.500000000,2,1781042400745757055,29038.000000000,13,4,2026-06-10
NQM6,1781042400769410029,389308335,82757608,1781042400744576673,29057.500000000,2,1781042400769410029,29038.000000000,12,4,2026-06-10
NQM6,1781042400781107449,389308399,82757609,1781042400781107449,29057.250000000,1,1781042400769410029,29038.000000000,12,4,2026-06-10
NQM6,1781042400781205327,389308400,82757610,1781042400781205327,29057.000000000,1,1781042400769410029,29038.000000000,12,4,2026-06-10
NQM6,1781042400781207015,389308401,82757611,1781042400781207015,29057.000000000,2,1781042400769410029,29038.000000000,12,4,2026-06-10
NQM6,1781042400781215157,389308404,82757615,1781042400781215157,29057.000000000,3,1781042400769410029,29038.000000000,12,4,2026-06-10
NQM6,1781042400781342639,389308407,82757618,1781042400781342639,29056.750000000,1,1781042400769410029,29038.000000000,12,4,2026-06-10
NQM6,1781042400781344501,389308408,82757619,1781042400781344501,29056.750000000,2,1781042400769410029,29038.000000000,12,4,2026-06-10
NQM6,1781042400781350395,389308411,82757622,1781042400781350395,29056.750000000,3,1781042400769410029,29038.000000000,12,4,2026-06-10
NQM6,1781042400781497709,389308416,82757625,1781042400781497709,29056.500000000,1,1781042400769410029,29038.000000000,12,4,2026-06-10
NQM6,1781042400781499419,389308417,82757626,1781042400781499419,29056.500000000,2,1781042400769410029,29038.000000000,12,4,2026-06-10
NQM6,1781042400781501031,389308418,82757627,1781042400781501031,29056.500000000,3,1781042400769410029,29038.000000000,12,4,2026-06-10
NQM6,1781042400781614691,389308424,82757632,1781042400781614691,29056.250000000,1,1781042400769410029,29038.000000000,12,4,2026-06-10
NQM6,1781042400781623695,389308425,82757633,1781042400781623695,29056.250000000,2,1781042400769410029,29038.000000000,12,4,2026-06-10
NQM6,1781042400781625289,389308426,82757634,1781042400781625289,29056.250000000,3,1781042400769410029,29038.000000000,12,4,2026-06-10
NQM6,1781042400781723069,389308433,82757639,1781042400781723069,29056.000000000,1,1781042400769410029,29038.000000000,12,4,2026-06-10
NQM6,1781042400781734301,389308434,82757640,1781042400781734301,29056.000000000,2,1781042400769410029,29038.000000000,12,4,2026-06-10
NQM6,1781042400781735877,389308435,82757641,1781042400781735877,29056.000000000,3,1781042400769410029,29038.000000000,12,4,2026-06-10
NQM6,1781042400781836997,389308442,82757646,1781042400781836997,29055.750000000,1,1781042400769410029,29038.000000000,12,4,2026-06-10
NQM6,1781042400781846175,389308444,82757647,1781042400781846175,29055.750000000,2,1781042400769410029,29038.000000000,12,4,2026-06-10
NQM6,1781042400781847749,389308445,82757648,1781042400781847749,29055.750000000,3,1781042400769410029,29038.000000000,12,4,2026-06-10
NQM6,1781042400781948703,389308453,82757653,1781042400781948703,29055.500000000,1,1781042400769410029,29038.000000000,12,4,2026-06-10
NQM6,1781042400781962867,389308457,82757654,1781042400781962867,29055.500000000,2,1781042400769410029,29038.000000000,12,4,2026-06-10
NQM6,1781042400781964403,389308457,82757655,1781042400781964403,29055.500000000,3,1781042400769410029,29038.000000000,12,4,2026-06-10
NQM6,1781042400782082017,389308461,82757660,1781042400782082017,29055.250000000,1,1781042400769410029,29038.000000000,12,4,2026-06-10
NQM6,1781042400782106361,389308466,82757661,1781042400782106361,29055.250000000,2,1781042400769410029,29038.000000000,12,4,2026-06-10
NQM6,1781042400782108031,389308467,82757662,1781042400782108031,29055.250000000,3,1781042400769410029,29038.000000000,12,4,2026-06-10
NQM6,1781042400782204449,389308474,82757667,1781042400782204449,29055.000000000,1,1781042400769410029,29038.000000000,12,4,2026-06-10
NQM6,1781042400782256499,389308480,82757668,1781042400782256499,29055.000000000,2,1781042400769410029,29038.000000000,12,4,2026-06-10
NQM6,1781042400782258015,389308481,82757669,1781042400782258015,29055.000000000,3,1781042400769410029,29038.000000000,12,4,2026-06-10
NQM6,1781042400782326403,389308488,82757674,1781042400782326403,29054.750000000,1,1781042400769410029,29038.000000000,12,4,2026-06-10
NQM6,1781042400782384325,389308490,82757675,1781042400782384325,29054.750000000,2,1781042400769410029,29038.000000000,12,4,2026-06-10
NQM6,1781042400782385939,389308491,82757676,1781042400782385939,29054.750000000,3,1781042400769410029,29038.000000000,12,4,2026-06-10
NQM6,1781042400782455785,389308501,82757681,1781042400782455785,29054.500000000,1,1781042400769410029,29038.000000000,12,4,2026-06-10
NQM6,1781042400782490709,389308502,82757682,1781042400782490709,29054.500000000,2,1781042400769410029,29038.000000000,12,4,2026-06-10
NQM6,1781042400782492323,389308503,82757683,1781042400782492323,29054.500000000,3,1781042400769410029,29038.000000000,12,4,2026-06-10
NQM6,1781042400782609551,389308512,82757688,1781042400782609551,29054.250000000,1,1781042400769410029,29038.000000000,12,4,2026-06-10
NQM6,1781042400782622051,389308515,82757689,1781042400782622051,29054.250000000,2,1781042400769410029,29038.000000000,12,4,2026-06-10
NQM6,1781042400782623663,389308516,82757690,1781042400782623663,29054.250000000,3,1781042400769410029,29038.000000000,12,4,2026-06-10
NQM6,1781042400782724669,389308524,82757695,1781042400782724669,29054.000000000,1,1781042400769410029,29038.000000000,12,4,2026-06-10
NQM6,1781042400782756695,389308530,82757696,1781042400782756695,29054.000000000,2,1781042400769410029,29038.000000000,12,4,2026-06-10
NQM6,1781042400782758479,389308531,82757697,1781042400782758479,29054.000000000,3,1781042400769410029,29038.000000000,12,4,2026-06-10
NQM6,1781042400782841343,389308535,82757702,1781042400782841343,29053.750000000,1,1781042400769410029,29038.000000000,12,4,2026-06-10
NQM6,1781042400782900975,389308539,82757703,1781042400782900975,29053.750000000,2,1781042400769410029,29038.000000000,12,4,2026-06-10
NQM6,1781042400782902569,389308540,82757704,1781042400782902569,29053.750000000,3,1781042400769410029,29038.000000000,12,4,2026-06-10
NQM6,1781042400782953369,389308547,82757709,1781042400782953369,29053.500000000,1,1781042400769410029,29038.000000000,12,4,2026-06-10
NQM6,1781042400783029743,389308549,82757710,1781042400783029743,29053.500000000,2,1781042400769410029,29038.000000000,12,4,2026-06-10
NQM6,1781042400783031299,389308550,82757711,1781042400783031299,29053.500000000,3,1781042400769410029,29038.000000000,12,4,2026-06-10
NQM6,1781042400783102527,389308558,82757716,1781042400783102527,29053.250000000,1,1781042400769410029,29038.000000000,12,4,2026-06-10
NQM6,1781042400783126085,389308559,82757717,1781042400783126085,29053.250000000,2,1781042400769410029,29038.000000000,12,4,2026-06-10
NQM6,1781042400783127697,389308561,82757718,1781042400783127697,29053.250000000,3,1781042400769410029,29038.000000000,12,4,2026-06-10
NQM6,1781042400783234981,389308569,82757723,1781042400783234981,29053.000000000,1,1781042400769410029,29038.000000000,12,4,2026-06-10
NQM6,1781042400783247519,389308571,82757724,1781042400783247519,29053.000000000,2,1781042400769410029,29038.000000000,12,4,2026-06-10
NQM6,1781042400783249093,389308572,82757725,1781042400783249093,29053.000000000,3,1781042400769410029,29038.000000000,12,4,2026-06-10
NQM6,1781042400783347835,389308578,82757730,1781042400783347835,29052.750000000,1,1781042400769410029,29038.000000000,12,4,2026-06-10
NQM6,1781042400783365229,389308580,82757732,1781042400783365229,29052.750000000,2,1781042400769410029,29038.000000000,12,4,2026-06-10
NQM6,1781042400783366843,389308581,82757733,1781042400783366843,29052.750000000,3,1781042400769410029,29038.000000000,12,4,2026-06-10
NQM6,1781042400783461339,389308589,82757738,1781042400783461339,29052.500000000,1,1781042400769410029,29038.000000000,12,4,2026-06-10
NQM6,1781042400783481383,389308594,82757740,1781042400783481383,29052.500000000,2,1781042400769410029,29038.000000000,12,4,2026-06-10
NQM6,1781042400783482939,389308595,82757741,1781042400783482939,29052.500000000,3,1781042400769410029,29038.000000000,12,4,2026-06-10
NQM6,1781042400783585423,389308599,82757746,1781042400783585423,29052.250000000,1,1781042400769410029,29038.000000000,12,4,2026-06-10
NQM6,1781042400783625781,389308601,82757748,1781042400783625781,29052.250000000,2,1781042400769410029,29038.000000000,12,4,2026-06-10
NQM6,1781042400783627355,389308601,82757749,1781042400783627355,29052.250000000,3,1781042400769410029,29038.000000000,12,4,2026-06-10
NQM6,1781042400783694993,389308602,82757754,1781042400783694993,29052.000000000,1,1781042400769410029,29038.000000000,12,4,2026-06-10
NQM6,1781042400783935405,389308605,82757756,1781042400783935405,29052.000000000,2,1781042400769410029,29038.000000000,12,4,2026-06-10
NQM6,1781042400783936959,389308606,82757757,1781042400783936959,29052.000000000,3,1781042400769410029,29038.000000000,12,4,2026-06-10
NQM6,1781042400783956101,389308613,82757762,1781042400783956101,29051.750000000,1,1781042400769410029,29038.000000000,12,4,2026-06-10
NQM6,1781042400784069011,389308618,82757764,1781042400784069011,29051.750000000,2,1781042400769410029,29038.000000000,12,4,2026-06-10
NQM6,1781042400784070703,389308618,82757765,1781042400784070703,29051.750000000,3,1781042400769410029,29038.000000000,12,4,2026-06-10
NQM6,1781042400784156139,389308626,82757770,1781042400784156139,29051.500000000,1,1781042400769410029,29038.000000000,12,4,2026-06-10
NQM6,1781042400784192155,389308635,82757772,1781042400784192155,29051.500000000,2,1781042400769410029,29038.000000000,12,4,2026-06-10
NQM6,1781042400784193613,389308636,82757773,1781042400784193613,29051.500000000,3,1781042400769410029,29038.000000000,12,4,2026-06-10
NQM6,1781042400784271005,389308645,82757778,1781042400784271005,29051.250000000,1,1781042400769410029,29038.000000000,12,4,2026-06-10
NQM6,1781042400784360225,389308647,82757780,1781042400784360225,29051.250000000,2,1781042400769410029,29038.000000000,12,4,2026-06-10
NQM6,1781042400784361741,389308647,82757781,1781042400784361741,29051.250000000,3,1781042400769410029,29038.000000000,12,4,2026-06-10
NQM6,1781042400784944683,389308657,82757786,1781042400784944683,29051.000000000,1,1781042400769410029,29038.000000000,12,4,2026-06-10
NQM6,1781042400784953613,389308658,82757788,1781042400784953613,29051.000000000,2,1781042400769410029,29038.000000000,12,4,2026-06-10
NQM6,1781042400784955167,389308659,82757789,1781042400784955167,29051.000000000,3,1781042400769410029,29038.000000000,12,4,2026-06-10
NQM6,1781042400785077427,389308669,82757794,1781042400785077427,29050.750000000,1,1781042400769410029,29038.000000000,12,4,2026-06-10
NQM6,1781042400785078983,389308670,82757796,1781042400785078983,29050.750000000,2,1781042400769410029,29038.000000000,12,4,2026-06-10
NQM6,1781042400785086547,389308671,82757797,1781042400785086547,29050.750000000,3,1781042400769410029,29038.000000000,12,4,2026-06-10
NQM6,1781042400785219387,389308679,82757800,1781042400785219387,29050.500000000,1,1781042400769410029,29038.000000000,12,4,2026-06-10
NQM6,1781042400785220979,389308680,82757802,1781042400785220979,29050.500000000,2,1781042400769410029,29038.000000000,12,4,2026-06-10
NQM6,1781042400785230503,389308682,82757805,1781042400785230503,29050.500000000,3,1781042400769410029,29038.000000000,12,4,2026-06-10
NQM6,1781042400785369561,389308687,82757810,1781042400785369561,29050.250000000,1,1781042400769410029,29038.000000000,12,4,2026-06-10
NQM6,1781042400785371135,389308688,82757812,1781042400785371135,29050.250000000,2,1781042400769410029,29038.000000000,12,4,2026-06-10
NQM6,1781042400785374719,389308689,82757814,1781042400785374719,29050.250000000,3,1781042400769410029,29038.000000000,12,4,2026-06-10
NQM6,1781042400785491017,389308694,82757816,1781042400785491017,29050.000000000,1,1781042400769410029,29038.000000000,12,4,2026-06-10
NQM6,1781042400785492513,389308696,82757820,1781042400785492513,29050.000000000,2,1781042400769410029,29038.000000000,12,4,2026-06-10
NQM6,1781042400785499387,389308698,82757821,1781042400785499387,29050.000000000,3,1781042400769410029,29038.000000000,12,4,2026-06-10
NQM6,1781042400785624335,389308704,82757824,1781042400785624335,29049.750000000,1,1781042400769410029,29038.000000000,12,4,2026-06-10
NQM6,1781042400785625947,389308705,82757826,1781042400785625947,29049.750000000,2,1781042400769410029,29038.000000000,12,4,2026-06-10
NQM6,1781042400785637353,389308707,82757829,1781042400785637353,29049.750000000,3,1781042400769410029,29038.000000000,12,4,2026-06-10
NQM6,1781042400785775411,389308712,82757834,1781042400785775411,29049.500000000,1,1781042400769410029,29038.000000000,12,4,2026-06-10
NQM6,1781042400785776987,389308713,82757836,1781042400785776987,29049.500000000,2,1781042400769410029,29038.000000000,12,4,2026-06-10
NQM6,1781042400785780231,389308714,82757837,1781042400785780231,29049.500000000,3,1781042400769410029,29038.000000000,12,4,2026-06-10
NQM6,1781042400785902301,389308720,82757842,1781042400785902301,29049.250000000,1,1781042400769410029,29038.000000000,12,4,2026-06-10
NQM6,1781042400785903855,389308721,82757844,1781042400785903855,29049.250000000,2,1781042400769410029,29038.000000000,12,4,2026-06-10
NQM6,1781042400785906869,389308722,82757845,1781042400785906869,29049.250000000,3,1781042400769410029,29038.000000000,12,4,2026-06-10
NQM6,1781042400786042205,389308726,82757848,1781042400786042205,29049.000000000,1,1781042400769410029,29038.000000000,12,4,2026-06-10
NQM6,1781042400786043835,389308727,82757852,1781042400786043835,29049.000000000,2,1781042400769410029,29038.000000000,12,4,2026-06-10
NQM6,1781042400786049787,389308730,82757855,1781042400786049787,29049.000000000,3,1781042400769410029,29038.000000000,12,4,2026-06-10
NQM6,1781042400786181915,389308733,82757858,1781042400786181915,29048.750000000,1,1781042400769410029,29038.000000000,12,4,2026-06-10
NQM6,1781042400786183413,389308734,82757860,1781042400786183413,29048.750000000,2,1781042400769410029,29038.000000000,12,4,2026-06-10
NQM6,1781042400803354585,389309178,82757864,1781042400786183413,29048.750000000,2,1781042400803354585,29038.000000000,13,4,2026-06-10
NQM6,1781042400807748441,389309402,82757865,1781042400807748441,29048.500000000,1,1781042400803354585,29038.000000000,13,4,2026-06-10
NQM6,1781042400807860643,389309411,82757867,1781042400807860643,29048.250000000,1,1781042400803354585,29038.000000000,13,4,2026-06-10
NQM6,1781042400807862275,389309412,82757869,1781042400807862275,29048.250000000,2,1781042400803354585,29038.000000000,13,4,2026-06-10
NQM6,1781042400807970019,389309423,82757875,1781042400807970019,29048.000000000,1,1781042400803354585,29038.000000000,13,4,2026-06-10
NQM6,1781042400808065133,389309434,82757877,1781042400808065133,29047.750000000,1,1781042400803354585,29038.000000000,13,4,2026-06-10
NQM6,1781042400808993219,389309496,82757884,1781042400808993219,29047.500000000,1,1781042400803354585,29038.000000000,13,4,2026-06-10
NQM6,1781042400809086641,389309499,82757886,1781042400809086641,29047.250000000,1,1781042400803354585,29038.000000000,13,4,2026-06-10
NQM6,1781042400809097337,389309502,82757892,1781042400809097337,29047.250000000,2,1781042400803354585,29038.000000000,13,4,2026-06-10
NQM6,1781042400809214183,389309511,82757895,1781042400809214183,29047.000000000,1,1781042400803354585,29038.000000000,13,4,2026-06-10
NQM6,1781042400818041447,389309653,82757898,1781042400818041447,29046.750000000,1,1781042400803354585,29038.000000000,13,4,2026-06-10
NQM6,1781042400818140225,389309656,82757900,1781042400818140225,29046.500000000,1,1781042400803354585,29038.000000000,13,4,2026-06-10
NQM6,1781042400818152743,389309660,82757906,1781042400818152743,29046.500000000,2,1781042400803354585,29038.000000000,13,4,2026-06-10
NQM6,1781042400818280285,389309670,82757909,1781042400818280285,29046.250000000,1,1781042400803354585,29038.000000000,13,4,2026-06-10
NQM6,1781042400818402697,389309682,82757912,1781042400818402697,29046.000000000,1,1781042400803354585,29038.000000000,13,4,2026-06-10
NQM6,1781042400818537053,389309686,82757914,1781042400818537053,29045.750000000,1,1781042400803354585,29038.000000000,13,4,2026-06-10
NQM6,1781042400818546347,389309690,82757920,1781042400818546347,29045.750000000,2,1781042400803354585,29038.000000000,13,4,2026-06-10
NQM6,1781042400818612371,389309692,82757921,1781042400818546347,29045.750000000,2,1781042400818612371,29038.250000000,1,4,2026-06-10
NQM6,1781042400818680913,389309699,82757924,1781042400818680913,29045.500000000,1,1781042400818612371,29038.250000000,1,4,2026-06-10
NQM6,1781042400819517957,389309751,82757927,1781042400819517957,29045.250000000,1,1781042400818612371,29038.250000000,1,4,2026-06-10
NQM6,1781042400819610073,389309755,82757929,1781042400819610073,29045.000000000,1,1781042400818612371,29038.250000000,1,4,2026-06-10
NQM6,1781042400819623207,389309759,82757935,1781042400819623207,29045.000000000,2,1781042400818612371,29038.250000000,1,4,2026-06-10
NQM6,1781042400819741607,389309776,82757938,1781042400819741607,29044.750000000,1,1781042400818612371,29038.250000000,1,4,2026-06-10
NQM6,1781042400821351723,389309842,82757942,1781042400819741607,29044.750000000,1,1781042400821351723,29038.250000000,2,4,2026-06-10
NQM6,1781042400821495545,389309850,82757944,1781042400819741607,29044.750000000,1,1781042400821495545,29038.500000000,1,4,2026-06-10
NQM6,1781042400821647275,389309856,82757946,1781042400819741607,29044.750000000,1,1781042400821647275,29038.500000000,7,4,2026-06-10
NQM6,1781042400821732463,389309862,82757949,1781042400819741607,29044.750000000,1,1781042400821732463,29038.500000000,8,4,2026-06-10
NQM6,1781042400821779097,389309866,82757955,1781042400819741607,29044.750000000,1,1781042400821779097,29038.750000000,1,4,2026-06-10
NQM6,1781042400821844641,389309871,82757958,1781042400821844641,29045.000000000,1,1781042400821779097,29038.750000000,1,4,2026-06-10
NQM6,1781042400821981781,389309882,82757962,1781042400821981781,29056.250000000,2,1781042400821779097,29038.750000000,1,4,2026-06-10
NQM6,1781042400821982627,389309883,82757964,1781042400821981781,29056.250000000,2,1781042400821982627,29038.750000000,2,4,2026-06-10
NQM6,1781042400822012981,389309884,82757965,1781042400822012981,29056.250000000,1,1781042400821982627,29038.750000000,2,4,2026-06-10
NQM6,1781042400822082635,389309892,82757966,1781042400822082635,29056.000000000,1,1781042400821982627,29038.750000000,2,4,2026-06-10
NQM6,1781042400822114197,389309906,82757968,1781042400822082635,29056.000000000,1,1781042400822114197,29039.000000000,1,4,2026-06-10
NQM6,1781042400822205509,389309914,82757970,1781042400822205509,29055.750000000,1,1781042400822114197,29039.000000000,1,4,2026-06-10
NQM6,1781042400822207103,389309915,82757971,1781042400822207103,29055.750000000,2,1781042400822114197,29039.000000000,1,4,2026-06-10
NQM6,1781042400824366219,389310018,82757982,1781042400822207103,29055.750000000,2,1781042400824366219,29039.000000000,2,4,2026-06-10
NQM6,1781042400824475827,389310023,82757984,1781042400822207103,29055.750000000,2,1781042400824475827,29039.000000000,7,4,2026-06-10
NQM6,1781042400824507563,389310027,82757986,1781042400822207103,29055.750000000,2,1781042400824507563,29039.250000000,1,4,2026-06-10
NQM6,1781042400824802749,389310041,82757993,1781042400822207103,29055.750000000,2,1781042400824802749,29039.250000000,2,4,2026-06-10
NQM6,1781042400824922071,389310048,82757995,1781042400822207103,29055.750000000,2,1781042400824922071,29039.500000000,1,4,2026-06-10
NQM6,1781042400825169741,389310071,82757999,1781042400822207103,29055.750000000,2,1781042400825169741,29039.500000000,2,4,2026-06-10
NQM6,1781042400825174367,389310072,82758002,1781042400822207103,29055.750000000,2,1781042400825174367,29039.500000000,3,4,2026-06-10
NQM6,1781042400825305421,389310082,82758004,1781042400822207103,29055.750000000,2,1781042400825305421,29039.750000000,1,4,2026-06-10
NQM6,1781042400825557507,389310085,82758005,1781042400822207103,29055.750000000,2,1781042400825557507,29039.750000000,5,4,2026-06-10
NQM6,1781042400825696987,389310090,82758007,1781042400822207103,29055.750000000,2,1781042400825696987,29040.000000000,1,4,2026-06-10
NQM6,1781042400831540629,389310213,82758013,1781042400831540629,29055.500000000,1,1781042400825696987,29040.000000000,1,4,2026-06-10
NQM6,1781042400831578587,389310217,82758015,1781042400831540629,29055.500000000,1,1781042400831578587,29039.750000000,6,4,2026-06-10
NQM6,1781042400831645629,389310220,82758016,1781042400831645629,29055.250000000,1,1781042400831578587,29039.750000000,6,4,2026-06-10
NQM6,1781042400831647319,389310223,82758017,1781042400831647319,29055.250000000,2,1781042400831578587,29039.750000000,6,4,2026-06-10
NQM6,1781042400831659663,389310226,82758021,1781042400831659663,29055.250000000,3,1781042400831578587,29039.750000000,6,4,2026-06-10
NQM6,1781042400831812085,389310233,82758022,1781042400831812085,29055.000000000,1,1781042400831578587,29039.750000000,6,4,2026-06-10
NQM6,1781042400831813679,389310234,82758023,1781042400831813679,29055.000000000,2,1781042400831578587,29039.750000000,6,4,2026-06-10
NQM6,1781042400831829767,389310243,82758028,1781042400831829767,29055.000000000,3,1781042400831578587,29039.750000000,6,4,2026-06-10
NQM6,1781042400832008071,389310249,82758029,1781042400832008071,29054.750000000,1,1781042400831578587,29039.750000000,6,4,2026-06-10
NQM6,1781042400832009683,389310251,82758032,1781042400832009683,29054.750000000,2,1781042400831578587,29039.750000000,6,4,2026-06-10
NQM6,1781042400832017671,389310253,82758035,1781042400832017671,29054.750000000,3,1781042400831578587,29039.750000000,6,4,2026-06-10
NQM6,1781042400832164679,389310256,82758036,1781042400832164679,29054.500000000,1,1781042400831578587,29039.750000000,6,4,2026-06-10
NQM6,1781042400832166273,389310258,82758039,1781042400832166273,29054.500000000,2,1781042400831578587,29039.750000000,6,4,2026-06-10
NQM6,1781042400832173797,389310259,82758041,1781042400832173797,29054.500000000,3,1781042400831578587,29039.750000000,6,4,2026-06-10
NQM6,1781042400832256413,389310263,82758043,1781042400832173797,29054.500000000,3,1781042400832256413,29040.000000000,1,4,2026-06-10
NQM6,1781042400832287745,389310265,82758044,1781042400832287745,29054.250000000,1,1781042400832256413,29040.000000000,1,4,2026-06-10
NQM6,1781042400832289357,389310266,82758045,1781042400832289357,29054.250000000,2,1781042400832256413,29040.000000000,1,4,2026-06-10
NQM6,1781042400832301645,389310268,82758048,1781042400832301645,29054.250000000,3,1781042400832256413,29040.000000000,1,4,2026-06-10
NQM6,1781042400832409507,389310273,82758050,1781042400832409507,29054.000000000,1,1781042400832256413,29040.000000000,1,4,2026-06-10
NQM6,1781042400832411099,389310274,82758051,1781042400832411099,29054.000000000,2,1781042400832256413,29040.000000000,1,4,2026-06-10
NQM6,1781042400832518077,389310280,82758052,1781042400832518077,29053.750000000,1,1781042400832256413,29040.000000000,1,4,2026-06-10
NQM6,1781042400832613093,389310281,82758053,1781042400832613093,29053.500000000,1,1781042400832256413,29040.000000000,1,4,2026-06-10
NQM6,1781042400832614707,389310282,82758054,1781042400832614707,29053.500000000,2,1781042400832256413,29040.000000000,1,4,2026-06-10
NQM6,1781042400832624883,389310284,82758056,1781042400832624883,29053.500000000,3,1781042400832256413,29040.000000000,1,4,2026-06-10
NQM6,1781042400832724393,389310289,82758059,1781042400832724393,29053.250000000,1,1781042400832256413,29040.000000000,1,4,2026-06-10
NQM6,1781042400832725965,389310289,82758060,1781042400832725965,29053.250000000,2,1781042400832256413,29040.000000000,1,4,2026-06-10
NQM6,1781042400832740519,389310289,82758062,1781042400832740519,29053.250000000,3,1781042400832256413,29040.000000000,1,4,2026-06-10
NQM6,1781042400833051045,389310296,82758066,1781042400833051045,29053.250000000,2,1781042400832256413,29040.000000000,1,4,2026-06-10
NQM6,1781042400833938353,389310332,82758077,1781042400833938353,29053.000000000,1,1781042400832256413,29040.000000000,1,4,2026-06-10
NQM6,1781042400834045599,389310352,82758078,1781042400834045599,29052.750000000,1,1781042400832256413,29040.000000000,1,4,2026-06-10
NQM6,1781042400834047173,389310353,82758079,1781042400834047173,29052.750000000,2,1781042400832256413,29040.000000000,1,4,2026-06-10
NQM6,1781042400834262875,389310362,82758089,1781042400834262875,29052.750000000,1,1781042400832256413,29040.000000000,1,4,2026-06-10
NQM6,1781042400834264277,389310362,82758091,1781042400834264277,29056.250000000,2,1781042400832256413,29040.000000000,1,4,2026-06-10
NQM6,1781042400836685289,389310395,82758094,1781042400834264277,29056.250000000,2,1781042400836685289,29040.000000000,2,4,2026-06-10
NQM6,1781042400842299771,389310496,82758098,1781042400834264277,29056.250000000,2,1781042400842299771,29040.000000000,3,4,2026-06-10
NQM6,1781042400854674881,389310780,82758099,1781042400834264277,29056.250000000,2,1781042400854674881,29040.250000000,1,4,2026-06-10
NQM6,1781042400854787907,389310783,82758102,1781042400834264277,29056.250000000,2,1781042400854787907,29040.250000000,6,4,2026-06-10
NQM6,1781042400854928059,389310789,82758104,1781042400834264277,29056.250000000,2,1781042400854928059,29040.500000000,1,4,2026-06-10
NQM6,1781042400856261345,389310853,82758107,1781042400856261345,29056.000000000,1,1781042400854928059,29040.500000000,1,4,2026-06-10
NQM6,1781042400856360469,389310855,82758108,1781042400856360469,29055.750000000,1,1781042400854928059,29040.500000000,1,4,2026-06-10
NQM6,1781042400856362083,389310856,82758109,1781042400856362083,29055.750000000,2,1781042400854928059,29040.500000000,1,4,2026-06-10
NQM6,1781042400856492771,389310863,82758114,1781042400856362083,29055.750000000,2,1781042400856492771,29040.500000000,2,4,2026-06-10
NQM6,1781042400856624401,389310873,82758119,1781042400856624401,29055.750000000,1,1781042400856492771,29040.500000000,2,4,2026-06-10
NQM6,1781042400856625725,389310874,82758121,1781042400856625725,29056.250000000,2,1781042400856492771,29040.500000000,2,4,2026-06-10
NQM6,1781042400856647113,389310875,82758123,1781042400856625725,29056.250000000,2,1781042400856647113,29040.750000000,1,4,2026-06-10
NQM6,1781042400856765227,389310877,82758126,1781042400856625725,29056.250000000,2,1781042400856765227,29040.750000000,6,4,2026-06-10
NQM6,1781042400856900889,389310878,82758128,1781042400856625725,29056.250000000,2,1781042400856900889,29041.000000000,1,4,2026-06-10
NQM6,1781042400866869253,389310927,82758136,1781042400856625725,29056.250000000,2,1781042400866869253,29041.000000000,2,4,2026-06-10
NQM6,1781042400866889221,389310928,82758139,1781042400856625725,29056.250000000,2,1781042400866889221,29041.000000000,3,4,2026-06-10
NQM6,1781042400867002803,389310929,82758141,1781042400856625725,29056.250000000,2,1781042400867002803,29041.250000000,1,4,2026-06-10
NQM6,1781042400867231945,389310931,82758145,1781042400856625725,29056.250000000,2,1781042400867231945,29041.250000000,2,4,2026-06-10
NQM6,1781042400867239259,389310932,82758148,1781042400856625725,29056.250000000,2,1781042400867239259,29041.250000000,3,4,2026-06-10
NQM6,1781042400867359099,389310934,82758150,1781042400856625725,29056.250000000,2,1781042400867359099,29041.500000000,1,4,2026-06-10
NQM6,1781042400867570923,389310935,82758152,1781042400856625725,29056.250000000,2,1781042400867570923,29041.500000000,2,4,2026-06-10
NQM6,1781042400867694527,389310936,82758154,1781042400856625725,29056.250000000,2,1781042400867694527,29041.750000000,1,4,2026-06-10
NQM6,1781042400869834407,389310946,82758159,1781042400856625725,29056.250000000,2,1781042400869834407,29041.750000000,2,4,2026-06-10
NQM6,1781042400869965019,389310949,82758161,1781042400856625725,29056.250000000,2,1781042400869965019,29042.000000000,1,4,2026-06-10
NQM6,1781042400870183621,389310950,82758164,1781042400856625725,29056.250000000,2,1781042400870183621,29042.000000000,2,4,2026-06-10
NQM6,1781042400870227431,389310951,82758167,1781042400856625725,29056.250000000,2,1781042400870227431,29042.000000000,3,4,2026-06-10
NQM6,1781042400874312395,389310976,82758177,1781042400856625725,29056.250000000,2,1781042400874312395,29042.000000000,2,4,2026-06-10
NQM6,1781042400876926473,389311047,82758179,1781042400876926473,29056.000000000,1,1781042400874312395,29042.000000000,2,4,2026-06-10
NQM6,1781042400877054491,389311048,82758180,1781042400877054491,29055.750000000,1,1781042400874312395,29042.000000000,2,4,2026-06-10
NQM6,1781042400877056027,389311049,82758181,1781042400877056027,29055.750000000,2,1781042400874312395,29042.000000000,2,4,2026-06-10
NQM6,1781042400877057161,389311050,82758182,1781042400877057161,29055.750000000,3,1781042400874312395,29042.000000000,2,4,2026-06-10
NQM6,1781042400877171607,389311053,82758186,1781042400877171607,29055.500000000,1,1781042400874312395,29042.000000000,2,4,2026-06-10
NQM6,1781042400877173219,389311054,82758187,1781042400877173219,29055.500000000,2,1781042400874312395,29042.000000000,2,4,2026-06-10
NQM6,1781042400877177327,389311055,82758188,1781042400877177327,29055.500000000,3,1781042400874312395,29042.000000000,2,4,2026-06-10
NQM6,1781042400877311281,389311058,82758191,1781042400877311281,29055.250000000,1,1781042400874312395,29042.000000000,2,4,2026-06-10
NQM6,1781042400877312873,389311060,82758194,1781042400877312873,29055.250000000,2,1781042400874312395,29042.000000000,2,4,2026-06-10
NQM6,1781042400877319939,389311062,82758195,1781042400877319939,29055.250000000,3,1781042400874312395,29042.000000000,2,4,2026-06-10
NQM6,1781042400877466795,389311069,82758198,1781042400877466795,29055.000000000,1,1781042400874312395,29042.000000000,2,4,2026-06-10
NQM6,1781042400877468445,389311070,82758199,1781042400877468445,29055.000000000,2,1781042400874312395,29042.000000000,2,4,2026-06-10
NQM6,1781042400877480387,389311072,82758203,1781042400877480387,29055.000000000,3,1781042400874312395,29042.000000000,2,4,2026-06-10
NQM6,1781042400877624611,389311076,82758207,1781042400877624611,29054.750000000,1,1781042400874312395,29042.000000000,2,4,2026-06-10
NQM6,1781042400877626281,389311077,82758208,1781042400877626281,29054.750000000,2,1781042400874312395,29042.000000000,2,4,2026-06-10
NQM6,1781042400877629141,389311078,82758209,1781042400877629141,29054.750000000,3,1781042400874312395,29042.000000000,2,4,2026-06-10
NQM6,1781042400877753725,389311083,82758212,1781042400877753725,29054.500000000,1,1781042400874312395,29042.000000000,2,4,2026-06-10
NQM6,1781042400877755337,389311084,82758213,1781042400877755337,29054.500000000,2,1781042400874312395,29042.000000000,2,4,2026-06-10
NQM6,1781042400877771139,389311086,82758217,1781042400877771139,29054.500000000,3,1781042400874312395,29042.000000000,2,4,2026-06-10
NQM6,1781042400877892725,389311090,82758221,1781042400877892725,29054.250000000,1,1781042400874312395,29042.000000000,2,4,2026-06-10
NQM6,1781042400877894301,389311091,82758222,1781042400877894301,29054.250000000,2,1781042400874312395,29042.000000000,2,4,2026-06-10
NQM6,1781042400877898735,389311092,82758223,1781042400877898735,29054.250000000,3,1781042400874312395,29042.000000000,2,4,2026-06-10
NQM6,1781042400878011647,389311098,82758228,1781042400878011647,29054.000000000,1,1781042400874312395,29042.000000000,2,4,2026-06-10
NQM6,1781042400878013221,389311099,82758229,1781042400878013221,29054.000000000,2,1781042400874312395,29042.000000000,2,4,2026-06-10
NQM6,1781042400878017405,389311100,82758230,1781042400878017405,29054.000000000,3,1781042400874312395,29042.000000000,2,4,2026-06-10
NQM6,1781042400878128377,389311105,82758233,1781042400878128377,29053.750000000,1,1781042400874312395,29042.000000000,2,4,2026-06-10
NQM6,1781042400878129971,389311106,82758234,1781042400878129971,29053.750000000,2,1781042400874312395,29042.000000000,2,4,2026-06-10
NQM6,1781042400878141835,389311109,82758237,1781042400878141835,29053.750000000,3,1781042400874312395,29042.000000000,2,4,2026-06-10
NQM6,1781042400878273099,389311116,82758244,1781042400878273099,29053.500000000,1,1781042400874312395,29042.000000000,2,4,2026-06-10
NQM6,1781042400878274733,389311117,82758245,1781042400878274733,29053.500000000,2,1781042400874312395,29042.000000000,2,4,2026-06-10
NQM6,1781042400878464189,389311139,82758252,1781042400878464189,29053.500000000,1,1781042400874312395,29042.000000000,2,4,2026-06-10
NQM6,1781042400878465533,389311140,82758254,1781042400878465533,29056.250000000,2,1781042400874312395,29042.000000000,2,4,2026-06-10
NQM6,1781042400878615439,389311153,82758255,1781042400878615439,29056.000000000,1,1781042400874312395,29042.000000000,2,4,2026-06-10
NQM6,1781042400878757591,389311159,82758257,1781042400878757591,29055.750000000,1,1781042400874312395,29042.000000000,2,4,2026-06-10
NQM6,1781042400878759163,389311160,82758258,1781042400878759163,29055.750000000,2,1781042400874312395,29042.000000000,2,4,2026-06-10
NQM6,1781042400887423315,389311297,82758266,1781042400887423315,29055.750000000,1,1781042400874312395,29042.000000000,2,4,2026-06-10
NQM6,1781042400887520941,389311299,82758273,1781042400887520941,29056.500000000,1,1781042400874312395,29042.000000000,2,4,2026-06-10
NQM6,1781042400887632871,389311299,82758274,1781042400887632871,29055.750000000,1,1781042400874312395,29042.000000000,2,4,2026-06-10
NQM6,1781042400887634447,389311299,82758275,1781042400887632871,29055.750000000,1,1781042400887634447,29042.250000000,1,4,2026-06-10
NQM6,1781042400887743247,389311300,82758276,1781042400887743247,29055.750000000,2,1781042400887634447,29042.250000000,1,4,2026-06-10
NQM6,1781042400887786637,389311303,82758277,1781042400887786637,29055.750000000,1,1781042400887634447,29042.250000000,1,4,2026-06-10
NQM6,1781042400887788231,389311304,82758278,1781042400887786637,29055.750000000,1,1781042400887788231,29042.250000000,2,4,2026-06-10
NQM6,1781042400887906863,389311308,82758281,1781042400887906863,29056.250000000,2,1781042400887788231,29042.250000000,2,4,2026-06-10
NQM6,1781042400887917883,389311309,82758282,1781042400887906863,29056.250000000,2,1781042400887917883,29042.500000000,1,4,2026-06-10
NQM6,1781042400887995449,389311312,82758286,1781042400887995449,29056.500000000,1,1781042400887917883,29042.500000000,1,4,2026-06-10
NQM6,1781042400888019677,389311313,82758287,1781042400887995449,29056.500000000,1,1781042400888019677,29042.750000000,1,4,2026-06-10
NQM6,1781042400888028201,389311315,82758289,1781042400887995449,29056.500000000,1,1781042400888028201,29042.750000000,2,4,2026-06-10
NQM6,1781042400888111333,389311317,82758290,1781042400888111333,29056.250000000,1,1781042400888028201,29042.750000000,2,4,2026-06-10
NQM6,1781042400888112909,389311318,82758291,1781042400888112909,29056.250000000,2,1781042400888028201,29042.750000000,2,4,2026-06-10
NQM6,1781042400888114271,389311319,82758292,1781042400888114271,29052.750000000,1,1781042400888028201,29042.750000000,2,4,2026-06-10
NQM6,1781042400888134891,389311321,82758294,1781042400888114271,29052.750000000,1,1781042400888134891,29043.000000000,1,4,2026-06-10
NQM6,1781042400888140285,389311323,82758295,1781042400888114271,29052.750000000,1,1781042400888140285,29043.000000000,2,4,2026-06-10
NQM6,1781042400888221689,389311332,82758297,1781042400888221689,29052.500000000,1,1781042400888140285,29043.000000000,2,4,2026-06-10
NQM6,1781042400888257901,389311340,82758301,1781042400888221689,29052.500000000,1,1781042400888257901,29043.250000000,1,4,2026-06-10
NQM6,1781042400888267787,389311342,82758304,1781042400888221689,29052.500000000,1,1781042400888267787,29043.250000000,2,4,2026-06-10
NQM6,1781042400888457131,389311345,82758306,1781042400888221689,29052.500000000,1,1781042400888457131,29043.500000000,1,4,2026-06-10
NQM6,1781042400888479305,389311345,82758309,1781042400888221689,29052.500000000,1,1781042400888479305,29043.500000000,2,4,2026-06-10
NQM6,1781042400888680417,389311350,82758313,1781042400888221689,29052.500000000,1,1781042400888680417,29043.750000000,1,4,2026-06-10
NQM6,1781042400888784763,389311352,82758314,1781042400888221689,29052.500000000,1,1781042400888784763,29044.000000000,1,4,2026-06-10
NQM6,1781042400888794631,389311355,82758318,1781042400888221689,29052.500000000,1,1781042400888794631,29044.000000000,2,4,2026-06-10
NQM6,1781042400888930005,389311357,82758321,1781042400888221689,29052.500000000,1,1781042400888930005,29044.250000000,1,4,2026-06-10
NQM6,1781042400888932463,389311358,82758322,1781042400888221689,29052.500000000,1,1781042400888932463,29044.250000000,2,4,2026-06-10
NQM6,1781042400889047963,389311362,82758324,1781042400888221689,29052.500000000,1,1781042400889047963,29044.500000000,1,4,2026-06-10
NQM6,1781042400889056257,389311366,82758327,1781042400888221689,29052.500000000,1,1781042400889056257,29044.500000000,2,4,2026-06-10
NQM6,1781042400889206011,389311371,82758329,1781042400888221689,29052.500000000,1,1781042400889206011,29044.750000000,1,4,2026-06-10
NQM6,1781042400889211617,389311373,82758333,1781042400888221689,29052.500000000,1,1781042400889211617,29044.750000000,2,4,2026-06-10
NQM6,1781042400889318423,389311375,82758334,1781042400888221689,29052.500000000,1,1781042400889318423,29045.000000000,1,4,2026-06-10
NQM6,1781042400890234739,389311386,82758338,1781042400888221689,29052.500000000,1,1781042400890234739,29045.250000000,1,4,2026-06-10
NQM6,1781042400890367119,389311391,82758339,1781042400888221689,29052.500000000,1,1781042400890367119,29045.500000000,1,4,2026-06-10
NQM6,1781042400890620335,389311401,82758349,1781042400888221689,29052.500000000,1,1781042400890620335,29042.250000000,1,4,2026-06-10
NQM6,1781042400890627151,389311402,82758350,1781042400890627151,29052.500000000,2,1781042400890620335,29042.250000000,1,4,2026-06-10
NQM6,1781042400890719055,389311405,82758351,1781042400890627151,29052.500000000,2,1781042400890719055,29042.500000000,1,4,2026-06-10
NQM6,1781042400890747337,389311407,82758355,1781042400890627151,29052.500000000,2,1781042400890747337,29042.500000000,2,4,2026-06-10
NQM6,1781042400890816011,389311409,82758356,1781042400890627151,29052.500000000,2,1781042400890816011,29042.750000000,1,4,2026-06-10
NQM6,1781042400890840587,389311410,82758357,1781042400890627151,29052.500000000,2,1781042400890840587,29042.750000000,2,4,2026-06-10
NQM6,1781042400890917019,389311416,82758359,1781042400890627151,29052.500000000,2,1781042400890917019,29043.000000000,1,4,2026-06-10
NQM6,1781042400890936353,389311418,82758360,1781042400890627151,29052.500000000,2,1781042400890936353,29043.000000000,2,4,2026-06-10
NQM6,1781042400890941057,389311419,82758361,1781042400890941057,29052.500000000,1,1781042400890936353,29043.000000000,2,4,2026-06-10
NQM6,1781042400891024899,389311422,82758365,1781042400890941057,29052.500000000,1,1781042400891024899,29043.250000000,1,4,2026-06-10
NQM6,1781042400891038223,389311425,82758366,1781042400890941057,29052.500000000,1,1781042400891038223,29043.250000000,2,4,2026-06-10
NQM6,1781042400891104115,389311427,82758370,1781042400890941057,29052.500000000,1,1781042400891104115,29045.000000000,1,4,2026-06-10
NQM6,1781042400891193391,389311431,82758375,1781042400890941057,29052.500000000,1,1781042400891193391,29045.250000000,1,4,2026-06-10
NQM6,1781042400891295165,389311435,82758381,1781042400890941057,29052.500000000,1,1781042400891295165,29045.500000000,1,4,2026-06-10
NQM6,1781042400891385133,389311437,82758383,1781042400890941057,29052.500000000,1,1781042400891385133,29045.750000000,1,4,2026-06-10
NQM6,1781042400891392505,389311439,82758386,1781042400890941057,29052.500000000,1,1781042400891392505,29045.750000000,2,4,2026-06-10
NQM6,1781042400891496123,389311442,82758391,1781042400890941057,29052.500000000,1,1781042400891496123,29046.000000000,1,4,2026-06-10
NQM6,1781042400891645569,389311446,82758396,1781042400890941057,29052.500000000,1,1781042400891645569,29045.000000000,1,4,2026-06-10
NQM6,1781042400891765083,389311448,82758397,1781042400890941057,29052.500000000,1,1781042400891765083,29045.250000000,1,4,2026-06-10
NQM6,1781042400891859677,389311450,82758398,1781042400890941057,29052.500000000,1,1781042400891859677,29045.500000000,1,4,2026-06-10
NQM6,1781042400892365517,389311451,82758399,1781042400890941057,29052.500000000,1,1781042400892365517,29045.750000000,1,4,2026-06-10
NQM6,1781042400892460957,389311452,82758400,1781042400890941057,29052.500000000,1,1781042400892460957,29046.000000000,1,4,2026-06-10
NQM6,1781042400892789223,389311463,82758408,1781042400890941057,29052.500000000,1,1781042400892789223,29045.000000000,1,4,2026-06-10
NQM6,1781042400892915381,389311467,82758409,1781042400890941057,29052.500000000,1,1781042400892915381,29045.250000000,1,4,2026-06-10
NQM6,1781042400892920449,389311468,82758410,1781042400890941057,29052.500000000,1,1781042400892920449,29045.250000000,2,4,2026-06-10
NQM6,1781042400893020421,389311469,82758411,1781042400890941057,29052.500000000,1,1781042400893020421,29045.500000000,1,4,2026-06-10
NQM6,1781042400893854565,389311485,82758415,1781042400890941057,29052.500000000,1,1781042400893854565,29045.750000000,1,4,2026-06-10
NQM6,1781042400893958757,389311488,82758416,1781042400890941057,29052.500000000,1,1781042400893958757,29046.000000000,1,4,2026-06-10
NQM6,1781042400894180009,389311492,82758423,1781042400890941057,29052.500000000,1,1781042400894180009,29046.000000000,2,4,2026-06-10
NQM6,1781042400894270303,389311494,82758424,1781042400890941057,29052.500000000,1,1781042400894270303,29046.250000000,1,4,2026-06-10
NQM6,1781042400894501807,389311496,82758428,1781042400890941057,29052.500000000,1,1781042400894501807,29046.250000000,2,4,2026-06-10
NQM6,1781042400894594731,389311497,82758429,1781042400890941057,29052.500000000,1,1781042400894594731,29046.500000000,1,4,2026-06-10
NQM6,1781042400896095565,389311501,82758433,1781042400890941057,29052.500000000,1,1781042400896095565,29046.500000000,2,4,2026-06-10
NQM6,1781042400896181097,389311506,82758434,1781042400890941057,29052.500000000,1,1781042400896181097,29046.750000000,1,4,2026-06-10
NQM6,1781042400896189947,389311510,82758435,1781042400890941057,29052.500000000,1,1781042400896189947,29046.750000000,2,4,2026-06-10
NQM6,1781042400896325263,389311513,82758437,1781042400890941057,29052.500000000,1,1781042400896325263,29047.000000000,1,4,2026-06-10
NQM6,1781042400896334823,389311514,82758438,1781042400890941057,29052.500000000,1,1781042400896334823,29047.000000000,2,4,2026-06-10
NQM6,1781042400896437367,389311517,82758440,1781042400890941057,29052.500000000,1,1781042400896437367,29047.250000000,1,4,2026-06-10
NQM6,1781042400896441551,389311519,82758444,1781042400890941057,29052.500000000,1,1781042400896441551,29047.250000000,2,4,2026-06-10
NQM6,1781042400896546013,389311526,82758449,1781042400890941057,29052.500000000,1,1781042400896546013,29047.500000000,1,4,2026-06-10
NQM6,1781042400896553003,389311527,82758450,1781042400890941057,29052.500000000,1,1781042400896553003,29047.500000000,2,4,2026-06-10
NQM6,1781042400896668429,389311529,82758454,1781042400890941057,29052.500000000,1,1781042400896668429,29047.750000000,1,4,2026-06-10
NQM6,1781042400896855101,389311532,82758459,1781042400890941057,29052.500000000,1,1781042400896855101,29046.750000000,1,4,2026-06-10
NQM6,1781042400897082821,389311534,82758460,1781042400890941057,29052.500000000,1,1781042400897082821,29047.000000000,1,4,2026-06-10
NQM6,1781042400898007665,389311535,82758463,1781042400890941057,29052.500000000,1,1781042400898007665,29047.000000000,2,4,2026-06-10
NQM6,1781042400898100705,389311536,82758464,1781042400890941057,29052.500000000,1,1781042400898100705,29047.250000000,1,4,2026-06-10
NQM6,1781042400908877009,389311655,82758472,1781042400890941057,29052.500000000,1,1781042400908877009,29047.250000000,2,4,2026-06-10
NQM6,1781042400908966493,389311661,82758473,1781042400890941057,29052.500000000,1,1781042400908966493,29047.500000000,1,4,2026-06-10
NQM6,1781042400908971967,389311663,82758475,1781042400890941057,29052.500000000,1,1781042400908971967,29047.500000000,2,4,2026-06-10
NQM6,1781042400909087487,389311665,82758476,1781042400890941057,29052.500000000,1,1781042400909087487,29047.750000000,1,4,2026-06-10
NQM6,1781042400909294837,389311670,82758481,1781042400890941057,29052.500000000,1,1781042400909294837,29047.250000000,1,4,2026-06-10
NQM6,1781042400909467821,389311674,82758482,1781042400890941057,29052.500000000,1,1781042400909467821,29047.500000000,1,4,2026-06-10
NQM6,1781042400909690397,389311679,82758485,1781042400890941057,29052.500000000,1,1781042400909690397,29047.750000000,1,4,2026-06-10
NQM6,1781042400909784071,389311683,82758486,1781042400890941057,29052.500000000,1,1781042400909784071,29048.000000000,1,4,2026-06-10
NQM6,1781042400916090699,389311813,82758493,1781042400890941057,29052.500000000,1,1781042400916090699,29048.000000000,2,4,2026-06-10
NQM6,1781042400916183891,389311816,82758494,1781042400890941057,29052.500000000,1,1781042400916183891,29048.250000000,1,4,2026-06-10
NQM6,1781042400920552905,389311882,82758497,1781042400920552905,29052.250000000,1,1781042400916183891,29048.250000000,1,4,2026-06-10
NQM6,1781042400920672325,389311884,82758498,1781042400920672325,29052.000000000,1,1781042400916183891,29048.250000000,1,4,2026-06-10
NQM6,1781042400920673093,389311885,82758499,1781042400920673093,29052.000000000,2,1781042400916183891,29048.250000000,1,4,2026-06-10
NQM6,1781042400920676317,389311886,82758501,1781042400920673093,29052.000000000,2,1781042400920676317,29048.000000000,1,4,2026-06-10
NQM6,1781042400920774503,389311892,82758504,1781042400920774503,29051.750000000,1,1781042400920676317,29048.000000000,1,4,2026-06-10
NQM6,1781042400920838741,389311896,82758506,1781042400920774503,29051.750000000,1,1781042400920838741,29048.250000000,1,4,2026-06-10
NQM6,1781042400921036897,389311906,82758512,1781042400921036897,29052.750000000,1,1781042400920838741,29048.250000000,1,4,2026-06-10
NQM6,1781042400921165909,389311912,82758513,1781042400921165909,29052.500000000,1,1781042400920838741,29048.250000000,1,4,2026-06-10
NQM6,1781042400921293417,389311920,82758514,1781042400921293417,29052.250000000,1,1781042400920838741,29048.250000000,1,4,2026-06-10
NQM6,1781042400921399819,389311923,82758515,1781042400921399819,29052.000000000,1,1781042400920838741,29048.250000000,1,4,2026-06-10
NQM6,1781042400928846049,389312059,82758523,1781042400921399819,29052.000000000,1,1781042400928846049,29048.250000000,2,4,2026-06-10
NQM6,1781042400936716353,389312157,82758533,1781042400936716353,29056.500000000,1,1781042400928846049,29048.250000000,2,4,2026-06-10
NQM6,1781042400936989807,389312158,82758534,1781042400936989807,29052.000000000,1,1781042400928846049,29048.250000000,2,4,2026-06-10
NQM6,1781042400936994645,389312159,82758536,1781042400936989807,29052.000000000,1,1781042400936994645,29048.500000000,2,4,2026-06-10
NQM6,1781042400937503057,389312171,82758538,1781042400937503057,29056.500000000,1,1781042400936994645,29048.500000000,2,4,2026-06-10
NQM6,1781042400937892165,389312181,82758539,1781042400937892165,29056.250000000,1,1781042400936994645,29048.500000000,2,4,2026-06-10
NQM6,1781042400978216579,389312591,82758540,1781042400937892165,29056.250000000,1,1781042400978216579,29048.750000000,1,4,2026-06-10
NQM6,1781042400978321885,389312592,82758541,1781042400937892165,29056.250000000,1,1781042400978321885,29049.000000000,1,4,2026-06-10
NQM6,1781042400978325943,389312595,82758544,1781042400937892165,29056.250000000,1,1781042400978325943,29049.000000000,2,4,2026-06-10
NQM6,1781042400978660041,389312601,82758547,1781042400937892165,29056.250000000,1,1781042400978660041,29049.250000000,1,4,2026-06-10
NQM6,1781042400978952405,389312607,82758552,1781042400937892165,29056.250000000,1,1781042400978952405,29049.500000000,1,4,2026-06-10
NQM6,1781042400978988807,389312611,82758557,1781042400937892165,29056.250000000,1,1781042400978988807,29049.500000000,2,4,2026-06-10
NQM6,1781042400979205429,389312618,82758559,1781042400937892165,29056.250000000,1,1781042400979205429,29049.500000000,1,4,2026-06-10
NQM6,1781042400979206831,389312619,82758561,1781042400937892165,29056.250000000,1,1781042400979206831,29048.500000000,1,4,2026-06-10
NQM6,1781042400979366721,389312624,82758564,1781042400979366721,29056.000000000,1,1781042400979206831,29048.500000000,1,4,2026-06-10
NQM6,1781042400979371427,389312626,82758565,1781042400979366721,29056.000000000,1,1781042400979371427,29048.500000000,2,4,2026-06-10
NQM6,1781042400979492343,389312633,82758567,1781042400979492343,29055.750000000,1,1781042400979371427,29048.500000000,2,4,2026-06-10
NQM6,1781042400980648225,389312697,82758574,1781042400980648225,29055.500000000,1,1781042400979371427,29048.500000000,2,4,2026-06-10
NQM6,1781042400980739037,389312703,82758575,1781042400980739037,29055.250000000,1,1781042400979371427,29048.500000000,2,4,2026-06-10
NQM6,1781042400982843207,389312724,82758581,1781042400982843207,29055.000000000,1,1781042400979371427,29048.500000000,2,4,2026-06-10
NQM6,1781042400982945173,389312726,82758582,1781042400982945173,29054.750000000,1,1781042400979371427,29048.500000000,2,4,2026-06-10
NQM6,1781042400983274227,389312738,82758585,1781042400982945173,29054.750000000,1,1781042400983274227,29048.750000000,1,4,2026-06-10
NQM6,1781042400983384467,389312746,82758586,1781042400982945173,29054.750000000,1,1781042400983384467,29049.000000000,1,4,2026-06-10
NQM6,1781042400983389191,389312747,82758588,1781042400982945173,29054.750000000,1,1781042400983389191,29049.000000000,2,4,2026-06-10
NQM6,1781042400985032367,389312765,82758593,1781042400985032367,29054.500000000,1,1781042400983389191,29049.000000000,2,4,2026-06-10
NQM6,1781042400985121259,389312766,82758594,1781042400985121259,29054.250000000,1,1781042400983389191,29049.000000000,2,4,2026-06-10
NQM6,1781042400986870705,389312780,82758599,1781042400985121259,29054.250000000,1,1781042400986870705,29049.000000000,1,4,2026-06-10
NQM6,1781042400987174973,389312784,82758605,1781042400987174973,29056.500000000,1,1781042400986870705,29049.000000000,1,4,2026-06-10
NQM6,1781042400987209303,389312786,82758608,1781042400987174973,29056.500000000,1,1781042400987209303,29048.500000000,1,4,2026-06-10
NQM6,1781042400987293797,389312790,82758609,1781042400987293797,29056.250000000,1,1781042400987209303,29048.500000000,1,4,2026-06-10
NQM6,1781042401000037247,389312998,82758627,1781042401000037247,29056.000000000,1,1781042400987209303,29048.500000000,1,4,2026-06-10
NQM6,1781042401000357563,389313029,82758628,1781042401000357563,29055.750000000,1,1781042400987209303,29048.500000000,1,4,2026-06-10
NQM6,1781042401000868261,389313076,82758631,1781042401000357563,29055.750000000,1,1781042401000868261,29048.500000000,2,4,2026-06-10
NQM6,1781042401001236539,389313091,82758637,1781042401000357563,29055.750000000,1,1781042401001236539,29048.750000000,1,4,2026-06-10
NQM6,1781042401001408025,389313104,82758641,1781042401001408025,29055.500000000,1,1781042401001236539,29048.750000000,1,4,2026-06-10
NQM6,1781042401001535775,389313111,82758642,1781042401001535775,29055.250000000,1,1781042401001236539,29048.750000000,1,4,2026-06-10
NQM6,1781042401017347265,389313735,82758652,1781042401001535775,29055.250000000,1,1781042401017347265,29048.750000000,2,4,2026-06-10
NQM6,1781042401017462823,389313740,82758653,1781042401001535775,29055.250000000,1,1781042401017462823,29049.000000000,1,4,2026-06-10
NQM6,1781042401017586619,389313747,82758657,1781042401017586619,29055.000000000,1,1781042401017462823,29049.000000000,1,4,2026-06-10
NQM6,1781042401017686627,389313753,82758658,1781042401017686627,29054.750000000,1,1781042401017462823,29049.000000000,1,4,2026-06-10
NQM6,1781042401025102679,389313908,82758663,1781042401017686627,29054.750000000,1,1781042401025102679,29049.250000000,1,4,2026-06-10
NQM6,1781042401025233503,389313917,82758666,1781042401017686627,29054.750000000,1,1781042401025233503,29049.500000000,1,4,2026-06-10
NQM6,1781042401025249631,389313921,82758670,1781042401025249631,29056.500000000,1,1781042401025233503,29049.500000000,1,4,2026-06-10
NQM6,1781042401025394815,389313932,82758673,1781042401025249631,29056.500000000,1,1781042401025394815,29049.750000000,1,4,2026-06-10
NQM6,1781042401025441909,389313939,82758674,1781042401025441909,29056.250000000,1,1781042401025394815,29049.750000000,1,4,2026-06-10
NQM6,1781042401025554015,389313944,82758675,1781042401025441909,29056.250000000,1,1781042401025554015,29050.000000000,1,4,2026-06-10
NQM6,1781042401025715863,389313954,82758678,1781042401025715863,29056.250000000,2,1781042401025554015,29050.000000000,1,4,2026-06-10
NQM6,1781042401025802315,389313956,82758679,1781042401025802315,29056.000000000,1,1781042401025554015,29050.000000000,1,4,2026-06-10
NQM6,1781042401025808921,389313957,82758680,1781042401025808921,29056.000000000,2,1781042401025554015,29050.000000000,1,4,2026-06-10
NQM6,1781042401025910003,389313966,82758684,1781042401025910003,29055.750000000,1,1781042401025554015,29050.000000000,1,4,2026-06-10
NQM6,1781042401025959019,389313967,82758687,1781042401025910003,29055.750000000,1,1781042401025959019,29050.000000000,2,4,2026-06-10
NQM6,1781042401026031131,389313973,82758694,1781042401026031131,29055.750000000,2,1781042401025959019,29050.000000000,2,4,2026-06-10
NQM6,1781042401026058105,389313976,82758695,1781042401026031131,29055.750000000,2,1781042401026058105,29050.250000000,1,4,2026-06-10
NQM6,1781042401026075193,389313978,82758697,1781042401026075193,29055.750000000,1,1781042401026058105,29050.250000000,1,4,2026-06-10
NQM6,1781042401026141757,389313988,82758700,1781042401026141757,29055.500000000,1,1781042401026058105,29050.250000000,1,4,2026-06-10
NQM6,1781042401026211429,389313990,82758704,1781042401026141757,29055.500000000,1,1781042401026211429,29048.250000000,1,4,2026-06-10
NQM6,1781042401026218725,389313991,82758705,1781042401026141757,29055.500000000,1,1781042401026218725,29050.250000000,1,4,2026-06-10
NQM6,1781042401026310881,389313995,82758708,1781042401026310881,29056.500000000,1,1781042401026218725,29050.250000000,1,4,2026-06-10
NQM6,1781042401026314453,389313996,82758709,1781042401026314453,29055.500000000,1,1781042401026218725,29050.250000000,1,4,2026-06-10
NQM6,1781042401026335131,389313997,82758710,1781042401026314453,29055.500000000,1,1781042401026335131,29050.500000000,1,4,2026-06-10
NQM6,1781042401026445583,389314008,82758715,1781042401026445583,29055.250000000,1,1781042401026335131,29050.500000000,1,4,2026-06-10
NQM6,1781042401026463015,389314011,82758717,1781042401026445583,29055.250000000,1,1781042401026463015,29050.500000000,2,4,2026-06-10
NQM6,1781042401026492967,389314016,82758720,1781042401026445583,29055.250000000,1,1781042401026492967,29050.500000000,1,4,2026-06-10
NQM6,1781042401026631353,389314022,82758725,1781042401026445583,29055.250000000,1,1781042401026631353,29050.750000000,1,4,2026-06-10
NQM6,1781042401026661977,389314024,82758727,1781042401026661977,29056.500000000,1,1781042401026631353,29050.750000000,1,4,2026-06-10
NQM6,1781042401026696881,389314031,82758730,1781042401026696881,29055.250000000,1,1781042401026631353,29050.750000000,1,4,2026-06-10
NQM6,1781042401026775213,389314036,82758737,1781042401026696881,29055.250000000,1,1781042401026775213,29049.250000000,1,4,2026-06-10
NQM6,1781042401026834903,389314042,82758739,1781042401026834903,29055.000000000,1,1781042401026775213,29049.250000000,1,4,2026-06-10
NQM6,1781042401026854389,389314043,82758740,1781042401026834903,29055.000000000,1,1781042401026854389,29049.500000000,1,4,2026-06-10
NQM6,1781042401026953879,389314053,82758748,1781042401026953879,29055.000000000,2,1781042401026854389,29049.500000000,1,4,2026-06-10
NQM6,1781042401026990607,389314055,82758749,1781042401026990607,29055.000000000,1,1781042401026854389,29049.500000000,1,4,2026-06-10
NQM6,1781042401027037761,389314061,82758752,1781042401026990607,29055.000000000,1,1781042401027037761,29048.500000000,1,4,2026-06-10
NQM6,1781042401027082149,389314069,82758753,1781042401027082149,29054.750000000,1,1781042401027037761,29048.500000000,1,4,2026-06-10
NQM6,1781042401027113309,389314071,82758756,1781042401027082149,29054.750000000,1,1781042401027113309,29049.500000000,1,4,2026-06-10
NQM6,1781042401027140917,389314072,82758757,1781042401027082149,29054.750000000,1,1781042401027140917,29049.750000000,1,4,2026-06-10
NQM6,1781042401027289789,389314082,82758760,1781042401027082149,29054.750000000,1,1781042401027289789,29049.750000000,2,4,2026-06-10
NQM6,1781042401027318279,389314084,82758764,1781042401027318279,29056.500000000,1,1781042401027289789,29049.750000000,2,4,2026-06-10
NQM6,1781042401027342779,389314088,82758767,1781042401027318279,29056.500000000,1,1781042401027342779,29049.750000000,1,4,2026-06-10
NQM6,1781042401027412183,389314090,82758768,1781042401027318279,29056.500000000,1,1781042401027412183,29050.000000000,1,4,2026-06-10
NQM6,1781042401027463021,389314094,82758769,1781042401027318279,29056.500000000,1,1781042401027463021,29050.000000000,2,4,2026-06-10
NQM6,1781042401027510827,389314100,82758772,1781042401027510827,29056.250000000,1,1781042401027463021,29050.000000000,2,4,2026-06-10
NQM6,1781042401027599835,389314104,82758773,1781042401027510827,29056.250000000,1,1781042401027599835,29050.250000000,1,4,2026-06-10
NQM6,1781042401027608935,389314107,82758775,1781042401027510827,29056.250000000,1,1781042401027608935,29050.250000000,2,4,2026-06-10
NQM6,1781042401027761415,389314111,82758778,1781042401027761415,29056.000000000,1,1781042401027608935,29050.250000000,2,4,2026-06-10
NQM6,1781042401027786431,389314115,82758779,1781042401027761415,29056.000000000,1,1781042401027786431,29050.500000000,1,4,2026-06-10
NQM6,1781042401027857027,389314118,82758781,1781042401027857027,29055.750000000,1,1781042401027786431,29050.500000000,1,4,2026-06-10
NQM6,1781042401028136373,389314148,82758787,1781042401028136373,29056.500000000,1,1781042401027786431,29050.500000000,1,4,2026-06-10
NQM6,1781042401028421751,389314163,82758788,1781042401028421751,29056.250000000,1,1781042401027786431,29050.500000000,1,4,2026-06-10
NQM6,1781042401028629811,389314168,82758791,1781042401028421751,29056.250000000,1,1781042401028629811,29050.750000000,1,4,2026-06-10
NQM6,1781042401028787973,389314175,82758792,1781042401028421751,29056.250000000,1,1781042401028787973,29051.000000000,1,4,2026-06-10
NQM6,1781042401029048757,389314189,82758799,1781042401028421751,29056.250000000,1,1781042401029048757,29048.500000000,1,4,2026-06-10
NQM6,1781042401036435817,389314287,82758802,1781042401036435817,29056.250000000,2,1781042401029048757,29048.500000000,1,4,2026-06-10
NQM6,1781042401036527397,389314290,82758803,1781042401036527397,29056.000000000,1,1781042401029048757,29048.500000000,1,4,2026-06-10
NQM6,1781042401054060625,389314688,82758807,1781042401036527397,29056.000000000,1,1781042401054060625,29048.750000000,1,4,2026-06-10
NQM6,1781042401054157793,389314692,82758808,1781042401036527397,29056.000000000,1,1781042401054157793,29049.000000000,1,4,2026-06-10
NQM6,1781042401054172327,389314695,82758811,1781042401036527397,29056.000000000,1,1781042401054172327,29049.000000000,2,4,2026-06-10
NQM6,1781042401054264329,389314700,82758816,1781042401054264329,29056.000000000,2,1781042401054172327,29049.000000000,2,4,2026-06-10
NQM6,1781042401054280515,389314701,82758817,1781042401054264329,29056.000000000,2,1781042401054280515,29049.250000000,1,4,2026-06-10
NQM6,1781042401054289077,389314703,82758818,1781042401054264329,29056.000000000,2,1781042401054289077,29049.250000000,2,4,2026-06-10
NQM6,1781042401054381001,389314709,82758822,1781042401054381001,29055.750000000,1,1781042401054289077,29049.250000000,2,4,2026-06-10
NQM6,1781042401054411011,389314711,82758824,1781042401054381001,29055.750000000,1,1781042401054411011,29049.500000000,1,4,2026-06-10
NQM6,1781042401054420073,389314712,82758825,1781042401054381001,29055.750000000,1,1781042401054420073,29049.500000000,2,4,2026-06-10
NQM6,1781042401054524265,389314722,82758831,1781042401054381001,29055.750000000,1,1781042401054524265,29049.750000000,1,4,2026-06-10
NQM6,1781042401054586777,389314727,82758834,1781042401054586777,29056.500000000,1,1781042401054524265,29049.750000000,1,4,2026-06-10
NQM6,1781042401054716871,389314735,82758837,1781042401054586777,29056.500000000,1,1781042401054716871,29050.000000000,1,4,2026-06-10
NQM6,1781042401054736129,389314736,82758838,1781042401054736129,29056.250000000,1,1781042401054716871,29050.000000000,1,4,2026-06-10
NQM6,1781042401054807299,389314740,82758839,1781042401054736129,29056.250000000,1,1781042401054807299,29050.250000000,1,4,2026-06-10
NQM6,1781042401056915883,389314798,82758845,1781042401056915883,29056.250000000,2,1781042401054807299,29050.250000000,1,4,2026-06-10
NQM6,1781042401057016275,389314803,82758846,1781042401057016275,29056.000000000,1,1781042401054807299,29050.250000000,1,4,2026-06-10
NQM6,1781042401070749669,389314854,82758857,1781042401057016275,29056.000000000,1,1781042401070749669,29047.000000000,1,4,2026-06-10
NQM6,1781042401071012697,389314855,82758858,1781042401057016275,29056.000000000,1,1781042401071012697,29050.250000000,1,4,2026-06-10
NQM6,1781042401071054975,389314861,82758861,1781042401071054975,29055.750000000,1,1781042401071012697,29050.250000000,1,4,2026-06-10
NQM6,1781042401071148761,389314866,82758863,1781042401071054975,29055.750000000,1,1781042401071148761,29047.000000000,1,4,2026-06-10
NQM6,1781042401071186527,389314866,82758864,1781042401071186527,29055.500000000,1,1781042401071148761,29047.000000000,1,4,2026-06-10
NQM6,1781042401071750231,389314871,82758868,1781042401071186527,29055.500000000,1,1781042401071750231,29047.250000000,1,4,2026-06-10
NQM6,1781042401071772887,389314871,82758869,1781042401071772887,29055.250000000,1,1781042401071750231,29047.250000000,1,4,2026-06-10
NQM6,1781042401071949941,389314876,82758870,1781042401071949941,29055.000000000,1,1781042401071750231,29047.250000000,1,4,2026-06-10
NQM6,1781042401072143393,389314880,82758873,1781042401072143393,29054.750000000,1,1781042401071750231,29047.250000000,1,4,2026-06-10
NQM6,1781042401072248413,389314886,82758877,1781042401072248413,29054.500000000,1,1781042401071750231,29047.250000000,1,4,2026-06-10
NQM6,1781042401072251963,389314887,82758878,1781042401072248413,29054.500000000,1,1781042401072251963,29047.500000000,1,4,2026-06-10
NQM6,1781042401072364987,389314891,82758883,1781042401072364987,29054.250000000,1,1781042401072251963,29047.500000000,1,4,2026-06-10
NQM6,1781042401072369403,389314892,82758884,1781042401072364987,29054.250000000,1,1781042401072369403,29047.750000000,1,4,2026-06-10
NQM6,1781042401072379061,389314894,82758887,1781042401072364987,29054.250000000,1,1781042401072379061,29047.750000000,2,4,2026-06-10
NQM6,1781042401072465905,389314897,82758888,1781042401072465905,29054.000000000,1,1781042401072379061,29047.750000000,2,4,2026-06-10
NQM6,1781042401072490033,389314902,82758892,1781042401072465905,29054.000000000,1,1781042401072490033,29048.000000000,1,4,2026-06-10
NQM6,1781042401072580577,389314907,82758896,1781042401072465905,29054.000000000,1,1781042401072580577,29048.000000000,2,4,2026-06-10
NQM6,1781042401072646677,389314911,82758899,1781042401072646677,29054.000000000,2,1781042401072580577,29048.000000000,2,4,2026-06-10
NQM6,1781042401072652053,389314912,82758900,1781042401072652053,29053.750000000,1,1781042401072580577,29048.000000000,2,4,2026-06-10
NQM6,1781042401072669661,389314913,82758901,1781042401072652053,29053.750000000,1,1781042401072669661,29048.250000000,1,4,2026-06-10
NQM6,1781042401072750525,389314918,82758905,1781042401072750525,29053.750000000,2,1781042401072669661,29048.250000000,1,4,2026-06-10
NQM6,1781042401072842337,389314925,82758913,1781042401072842337,29053.500000000,1,1781042401072669661,29048.250000000,1,4,2026-06-10
NQM6,1781042401072868427,389314928,82758916,1781042401072842337,29053.500000000,1,1781042401072868427,29042.000000000,1,4,2026-06-10
NQM6,1781042401072877549,389314929,82758917,1781042401072877549,29053.500000000,2,1781042401072868427,29042.000000000,1,4,2026-06-10
NQM6,1781042401072949985,389314933,82758920,1781042401072949985,29053.250000000,1,1781042401072868427,29042.000000000,1,4,2026-06-10
NQM6,1781042401072984911,389314941,82758923,1781042401072949985,29053.250000000,1,1781042401072984911,29042.250000000,1,4,2026-06-10
NQM6,1781042401073017241,389314949,82758924,1781042401072949985,29053.250000000,1,1781042401073017241,29042.250000000,2,4,2026-06-10
NQM6,1781042401073023999,389314953,82758927,1781042401072949985,29053.250000000,1,1781042401073023999,29042.250000000,3,4,2026-06-10
NQM6,1781042401073041431,389314953,82758928,1781042401073041431,29053.000000000,1,1781042401073023999,29042.250000000,3,4,2026-06-10
NQM6,1781042401073042949,389314954,82758929,1781042401073042949,29053.000000000,2,1781042401073023999,29042.250000000,3,4,2026-06-10
NQM6,1781042401073139155,389314961,82758934,1781042401073042949,29053.000000000,2,1781042401073139155,29042.500000000,1,4,2026-06-10
NQM6,1781042401073198347,389314962,82758935,1781042401073042949,29053.000000000,2,1781042401073198347,29042.500000000,2,4,2026-06-10
NQM6,1781042401073256713,389314965,82758939,1781042401073256713,29052.750000000,1,1781042401073198347,29042.500000000,2,4,2026-06-10
NQM6,1781042401073278427,389314969,82758943,1781042401073256713,29052.750000000,1,1781042401073278427,29042.500000000,3,4,2026-06-10
NQM6,1781042401073310411,389314973,82758944,1781042401073256713,29052.750000000,1,1781042401073310411,29042.750000000,1,4,2026-06-10
NQM6,1781042401073315921,389314974,82758945,1781042401073256713,29052.750000000,1,1781042401073315921,29042.750000000,2,4,2026-06-10
NQM6,1781042401073347215,389314980,82758952,1781042401073256713,29052.750000000,1,1781042401073347215,29042.750000000,3,4,2026-06-10
NQM6,1781042401073352399,389314981,82758953,1781042401073352399,29052.500000000,1,1781042401073347215,29042.750000000,3,4,2026-06-10
NQM6,1781042401073354109,389314982,82758954,1781042401073354109,29052.500000000,2,1781042401073347215,29042.750000000,3,4,2026-06-10
NQM6,1781042401073451833,389314985,82758958,1781042401073354109,29052.500000000,2,1781042401073451833,29043.000000000,1,4,2026-06-10
NQM6,1781042401073460971,389314986,82758959,1781042401073354109,29052.500000000,2,1781042401073460971,29043.000000000,2,4,2026-06-10
NQM6,1781042401073487831,389314990,82758961,1781042401073354109,29052.500000000,2,1781042401073487831,29043.000000000,3,4,2026-06-10
NQM6,1781042401073532891,389314994,82758966,1781042401073532891,29052.250000000,1,1781042401073487831,29043.000000000,3,4,2026-06-10
NQM6,1781042401073557195,389314998,82758969,1781042401073532891,29052.250000000,1,1781042401073557195,29043.250000000,1,4,2026-06-10
NQM6,1781042401073578623,389315000,82758972,1781042401073532891,29052.250000000,1,1781042401073578623,29043.250000000,2,4,2026-06-10
NQM6,1781042401073587533,389315000,82758974,1781042401073532891,29052.250000000,1,1781042401073587533,29043.250000000,3,4,2026-06-10
NQM6,1781042401073648067,389315005,82758977,1781042401073648067,29052.000000000,1,1781042401073587533,29043.250000000,3,4,2026-06-10
NQM6,1781042401073688943,389315008,82758982,1781042401073648067,29052.000000000,1,1781042401073688943,29043.500000000,1,4,2026-06-10
NQM6,1781042401073703417,389315009,82758983,1781042401073648067,29052.000000000,1,1781042401073703417,29043.500000000,2,4,2026-06-10
NQM6,1781042401073729471,389315011,82758987,1781042401073648067,29052.000000000,1,1781042401073729471,29043.500000000,3,4,2026-06-10
NQM6,1781042401073740029,389315012,82758988,1781042401073740029,29052.000000000,2,1781042401073729471,29043.500000000,3,4,2026-06-10
NQM6,1781042401073799319,389315016,82758992,1781042401073740029,29052.000000000,2,1781042401073799319,29043.750000000,1,4,2026-06-10
NQM6,1781042401073801795,389315017,82758993,1781042401073740029,29052.000000000,2,1781042401073801795,29043.750000000,2,4,2026-06-10
NQM6,1781042401073831169,389315020,82758997,1781042401073740029,29052.000000000,2,1781042401073831169,29043.750000000,3,4,2026-06-10
NQM6,1781042401073831361,389315021,82758998,1781042401073831361,29052.000000000,1,1781042401073831169,29043.750000000,3,4,2026-06-10
NQM6,1781042401073850099,389315022,82758999,1781042401073850099,29052.000000000,2,1781042401073831169,29043.750000000,3,4,2026-06-10
NQM6,1781042401073858719,389315023,82759000,1781042401073858719,29051.750000000,1,1781042401073831169,29043.750000000,3,4,2026-06-10
NQM6,1781042401073903013,389315028,82759004,1781042401073858719,29051.750000000,1,1781042401073903013,29044.000000000,1,4,2026-06-10
NQM6,1781042401073905451,389315029,82759005,1781042401073858719,29051.750000000,1,1781042401073905451,29044.000000000,2,4,2026-06-10
NQM6,1781042401073948707,389315031,82759007,1781042401073948707,29051.750000000,2,1781042401073905451,29044.000000000,2,4,2026-06-10
NQM6,1781042401073950299,389315032,82759008,1781042401073950299,29051.750000000,3,1781042401073905451,29044.000000000,2,4,2026-06-10
NQM6,1781042401074024945,389315038,82759015,1781042401073950299,29051.750000000,3,1781042401074024945,29044.250000000,1,4,2026-06-10
NQM6,1781042401074026309,389315039,82759016,1781042401073950299,29051.750000000,3,1781042401074026309,29044.250000000,2,4,2026-06-10
NQM6,1781042401074038271,389315041,82759017,1781042401074038271,29051.750000000,2,1781042401074026309,29044.250000000,2,4,2026-06-10
NQM6,1781042401074058871,389315042,82759018,1781042401074058871,29051.500000000,1,1781042401074026309,29044.250000000,2,4,2026-06-10
NQM6,1781042401074061059,389315043,82759019,1781042401074061059,29051.500000000,2,1781042401074026309,29044.250000000,2,4,2026-06-10
NQM6,1781042401074067375,389315044,82759021,1781042401074067375,29051.500000000,3,1781042401074026309,29044.250000000,2,4,2026-06-10
NQM6,1781042401074147015,389315048,82759025,1781042401074067375,29051.500000000,3,1781042401074147015,29044.500000000,1,4,2026-06-10
NQM6,1781042401074155865,389315050,82759027,1781042401074067375,29051.500000000,3,1781042401074155865,29044.500000000,2,4,2026-06-10
NQM6,1781042401074190155,389315053,82759030,1781042401074190155,29051.250000000,1,1781042401074155865,29044.500000000,2,4,2026-06-10
NQM6,1781042401074191785,389315054,82759031,1781042401074191785,29051.250000000,2,1781042401074155865,29044.500000000,2,4,2026-06-10
NQM6,1781042401074264859,389315060,82759034,1781042401074191785,29051.250000000,2,1781042401074264859,29044.750000000,1,4,2026-06-10
NQM6,1781042401074275245,389315062,82759037,1781042401074191785,29051.250000000,2,1781042401074275245,29044.750000000,2,4,2026-06-10
NQM6,1781042401074286285,389315063,82759041,1781042401074286285,29051.250000000,3,1781042401074275245,29044.750000000,2,4,2026-06-10
NQM6,1781042401074395739,389315069,82759046,1781042401074286285,29051.250000000,3,1781042401074395739,29045.000000000,1,4,2026-06-10
NQM6,1781042401074400539,389315070,82759047,1781042401074286285,29051.250000000,3,1781042401074400539,29045.000000000,2,4,2026-06-10
NQM6,1781042401074406451,389315071,82759048,1781042401074406451,29051.000000000,1,1781042401074400539,29045.000000000,2,4,2026-06-10
NQM6,1781042401074408065,389315072,82759049,1781042401074408065,29051.000000000,2,1781042401074400539,29045.000000000,2,4,2026-06-10
NQM6,1781042401074522895,389315076,82759053,1781042401074408065,29051.000000000,2,1781042401074522895,29045.250000000,1,4,2026-06-10
NQM6,1781042401074532091,389315078,82759056,1781042401074408065,29051.000000000,2,1781042401074532091,29045.250000000,2,4,2026-06-10
NQM6,1781042401074644637,389315080,82759058,1781042401074408065,29051.000000000,2,1781042401074644637,29045.500000000,1,4,2026-06-10
NQM6,1781042401074651107,389315082,82759061,1781042401074408065,29051.000000000,2,1781042401074651107,29045.500000000,2,4,2026-06-10
NQM6,1781042401074784099,389315083,82759063,1781042401074408065,29051.000000000,2,1781042401074784099,29045.750000000,1,4,2026-06-10
NQM6,1781042401074793277,389315085,82759066,1781042401074408065,29051.000000000,2,1781042401074793277,29045.750000000,2,4,2026-06-10
NQM6,1781042401074896953,389315088,82759070,1781042401074408065,29051.000000000,2,1781042401074896953,29046.000000000,1,4,2026-06-10
NQM6,1781042401074901905,389315089,82759071,1781042401074408065,29051.000000000,2,1781042401074901905,29046.000000000,2,4,2026-06-10
NQM6,1781042401075017887,389315091,82759073,1781042401074408065,29051.000000000,2,1781042401075017887,29046.250000000,1,4,2026-06-10
NQM6,1781042401075024435,389315094,82759078,1781042401074408065,29051.000000000,2,1781042401075024435,29046.250000000,2,4,2026-06-10
NQM6,1781042401075148845,389315097,82759081,1781042401075148845,29051.000000000,1,1781042401075024435,29046.250000000,2,4,2026-06-10
NQM6,1781042401075150207,389315098,82759083,1781042401075150207,29055.000000000,2,1781042401075024435,29046.250000000,2,4,2026-06-10
NQM6,1781042401075156063,389315100,82759086,1781042401075150207,29055.000000000,2,1781042401075156063,29046.500000000,1,4,2026-06-10
NQM6,1781042401075159347,389315101,82759087,1781042401075150207,29055.000000000,2,1781042401075159347,29046.500000000,2,4,2026-06-10
NQM6,1781042401075278631,389315104,82759089,1781042401075150207,29055.000000000,2,1781042401075278631,29046.750000000,1,4,2026-06-10
NQM6,1781042401075284409,389315105,82759091,1781042401075284409,29055.250000000,1,1781042401075278631,29046.750000000,1,4,2026-06-10
NQM6,1781042401075292493,389315107,82759094,1781042401075284409,29055.250000000,1,1781042401075292493,29046.750000000,2,4,2026-06-10
NQM6,1781042401075298637,389315108,82759096,1781042401075298637,29054.750000000,1,1781042401075292493,29046.750000000,2,4,2026-06-10
NQM6,1781042401075411855,389315114,82759100,1781042401075298637,29054.750000000,1,1781042401075411855,29047.000000000,1,4,2026-06-10
NQM6,1781042401075420321,389315118,82759104,1781042401075298637,29054.750000000,1,1781042401075420321,29047.000000000,2,4,2026-06-10
NQM6,1781042401075423701,389315119,82759105,1781042401075423701,29054.500000000,1,1781042401075420321,29047.000000000,2,4,2026-06-10
NQM6,1781042401075425369,389315120,82759106,1781042401075425369,29054.500000000,2,1781042401075420321,29047.000000000,2,4,2026-06-10
NQM6,1781042401075541505,389315123,82759109,1781042401075425369,29054.500000000,2,1781042401075541505,29047.250000000,1,4,2026-06-10
NQM6,1781042401075563893,389315126,82759113,1781042401075425369,29054.500000000,2,1781042401075563893,29047.250000000,2,4,2026-06-10
NQM6,1781042401075567443,389315128,82759115,1781042401075567443,29054.250000000,1,1781042401075563893,29047.250000000,2,4,2026-06-10
NQM6,1781042401075687053,389315132,82759121,1781042401075567443,29054.250000000,1,1781042401075687053,29047.500000000,1,4,2026-06-10
NQM6,1781042401075697711,389315133,82759122,1781042401075697711,29054.000000000,1,1781042401075687053,29047.500000000,1,4,2026-06-10
NQM6,1781042401075699265,389315134,82759123,1781042401075699265,29054.000000000,2,1781042401075687053,29047.500000000,1,4,2026-06-10
NQM6,1781042401075785123,389315138,82759129,1781042401075699265,29054.000000000,2,1781042401075785123,29047.500000000,2,4,2026-06-10
NQM6,1781042401075817109,389315139,82759130,1781042401075817109,29053.750000000,1,1781042401075785123,29047.500000000,2,4,2026-06-10
NQM6,1781042401075878125,389315143,82759135,1781042401075817109,29053.750000000,1,1781042401075878125,29047.750000000,1,4,2026-06-10
NQM6,1781042401075913009,389315146,82759139,1781042401075913009,29053.500000000,1,1781042401075878125,29047.750000000,1,4,2026-06-10
NQM6,1781042401075914621,389315147,82759140,1781042401075914621,29053.500000000,2,1781042401075878125,29047.750000000,1,4,2026-06-10
NQM6,1781042401075955689,389315149,82759143,1781042401075914621,29053.500000000,2,1781042401075955689,29047.750000000,2,4,2026-06-10
NQM6,1781042401076020351,389315152,82759147,1781042401076020351,29053.250000000,1,1781042401075955689,29047.750000000,2,4,2026-06-10
NQM6,1781042401076061667,389315155,82759151,1781042401076020351,29053.250000000,1,1781042401076061667,29048.000000000,1,4,2026-06-10
NQM6,1781042401076114677,389315159,82759156,1781042401076114677,29053.000000000,1,1781042401076061667,29048.000000000,1,4,2026-06-10
NQM6,1781042401076116385,389315160,82759157,1781042401076116385,29053.000000000,2,1781042401076061667,29048.000000000,1,4,2026-06-10
NQM6,1781042401076121781,389315161,82759158,1781042401076116385,29053.000000000,2,1781042401076121781,29048.000000000,2,4,2026-06-10
NQM6,1781042401076242657,389315167,82759168,1781042401076116385,29053.000000000,2,1781042401076242657,29048.250000000,1,4,2026-06-10
NQM6,1781042401076247515,389315169,82759170,1781042401076116385,29053.000000000,2,1781042401076247515,29048.250000000,2,4,2026-06-10
NQM6,1781042401076267387,389315170,82759171,1781042401076267387,29053.000000000,1,1781042401076247515,29048.250000000,2,4,2026-06-10
NQM6,1781042401076269363,389315170,82759173,1781042401076269363,29054.750000000,1,1781042401076247515,29048.250000000,2,4,2026-06-10
NQM6,1781042401076286125,389315172,82759174,1781042401076286125,29054.500000000,2,1781042401076247515,29048.250000000,2,4,2026-06-10
NQM6,1781042401076365187,389315175,82759177,1781042401076286125,29054.500000000,2,1781042401076365187,29048.500000000,1,4,2026-06-10
NQM6,1781042401076447877,389315179,82759181,1781042401076447877,29054.250000000,1,1781042401076365187,29048.500000000,1,4,2026-06-10
NQM6,1781042401076538613,389315182,82759186,1781042401076538613,29054.000000000,1,1781042401076365187,29048.500000000,1,4,2026-06-10
NQM6,1781042401076540283,389315183,82759187,1781042401076540283,29054.000000000,2,1781042401076365187,29048.500000000,1,4,2026-06-10
NQM6,1781042401076557447,389315185,82759191,1781042401076540283,29054.000000000,2,1781042401076557447,29043.750000000,1,4,2026-06-10
NQM6,1781042401076650525,389315186,82759194,1781042401076650525,29053.750000000,1,1781042401076557447,29043.750000000,1,4,2026-06-10
NQM6,1781042401076660759,389315187,82759195,1781042401076650525,29053.750000000,1,1781042401076660759,29044.000000000,1,4,2026-06-10
NQM6,1781042401076699213,389315189,82759197,1781042401076699213,29051.250000000,1,1781042401076660759,29044.000000000,1,4,2026-06-10
NQM6,1781042401076748919,389315192,82759200,1781042401076699213,29051.250000000,1,1781042401076748919,29044.000000000,2,4,2026-06-10
NQM6,1781042401076790659,389315196,82759204,1781042401076790659,29051.000000000,1,1781042401076748919,29044.000000000,2,4,2026-06-10
NQM6,1781042401076792963,389315197,82759205,1781042401076792963,29051.000000000,2,1781042401076748919,29044.000000000,2,4,2026-06-10
NQM6,1781042401076835663,389315199,82759208,1781042401076835663,29051.000000000,3,1781042401076748919,29044.000000000,2,4,2026-06-10
NQM6,1781042401076856837,389315200,82759209,1781042401076835663,29051.000000000,3,1781042401076856837,29044.250000000,1,4,2026-06-10
NQM6,1781042401076903511,389315204,82759214,1781042401076903511,29050.750000000,1,1781042401076856837,29044.250000000,1,4,2026-06-10
NQM6,1781042401076924305,389315208,82759215,1781042401076924305,29050.750000000,2,1781042401076856837,29044.250000000,1,4,2026-06-10
NQM6,1781042401076926435,389315209,82759216,1781042401076926435,29050.750000000,3,1781042401076856837,29044.250000000,1,4,2026-06-10
NQM6,1781042401077057507,389315212,82759221,1781042401077057507,29050.500000000,1,1781042401076856837,29044.250000000,1,4,2026-06-10
NQM6,1781042401077059159,389315213,82759222,1781042401077059159,29050.500000000,2,1781042401076856837,29044.250000000,1,4,2026-06-10
NQM6,1781042401079314271,389315227,82759227,1781042401077059159,29050.500000000,2,1781042401079314271,29044.250000000,2,4,2026-06-10
NQM6,1781042401079415329,389315229,82759230,1781042401079415329,29050.500000000,3,1781042401079314271,29044.250000000,2,4,2026-06-10
NQM6,1781042401079439755,389315230,82759231,1781042401079415329,29050.500000000,3,1781042401079439755,29044.500000000,1,4,2026-06-10
NQM6,1781042401079514593,389315232,82759233,1781042401079514593,29050.250000000,1,1781042401079439755,29044.500000000,1,4,2026-06-10
NQM6,1781042401079516187,389315233,82759234,1781042401079516187,29050.250000000,2,1781042401079439755,29044.500000000,1,4,2026-06-10
NQM6,1781042401079639313,389315236,82759239,1781042401079516187,29050.250000000,2,1781042401079639313,29044.500000000,2,4,2026-06-10
NQM6,1781042401079732773,389315237,82759240,1781042401079516187,29050.250000000,2,1781042401079732773,29044.750000000,1,4,2026-06-10
NQM6,1781042401079976469,389315240,82759244,1781042401079516187,29050.250000000,2,1781042401079976469,29044.750000000,2,4,2026-06-10
NQM6,1781042401080064919,389315241,82759245,1781042401079516187,29050.250000000,2,1781042401080064919,29045.000000000,1,4,2026-06-10
NQM6,1781042401080142829,389315243,82759249,1781042401080142829,29050.250000000,3,1781042401080064919,29045.000000000,1,4,2026-06-10
NQM6,1781042401080228687,389315246,82759250,1781042401080228687,29050.000000000,1,1781042401080064919,29045.000000000,1,4,2026-06-10
NQM6,1781042401080230415,389315247,82759251,1781042401080230415,29050.000000000,2,1781042401080064919,29045.000000000,1,4,2026-06-10
NQM6,1781042401080260425,389315250,82759256,1781042401080230415,29050.000000000,2,1781042401080260425,29045.000000000,2,4,2026-06-10
NQM6,1781042401080353501,389315254,82759257,1781042401080230415,29050.000000000,2,1781042401080353501,29045.250000000,1,4,2026-06-10
NQM6,1781042401080561409,389315256,82759261,1781042401080230415,29050.000000000,2,1781042401080561409,29045.250000000,2,4,2026-06-10
NQM6,1781042401080653795,389315257,82759262,1781042401080230415,29050.000000000,2,1781042401080653795,29045.500000000,1,4,2026-06-10
NQM6,1781042401080854271,389315259,82759266,1781042401080854271,29050.000000000,3,1781042401080653795,29045.500000000,1,4,2026-06-10
NQM6,1781042401080943453,389315260,82759267,1781042401080943453,29049.750000000,1,1781042401080653795,29045.500000000,1,4,2026-06-10
NQM6,1781042401080945181,389315261,82759268,1781042401080945181,29049.750000000,2,1781042401080653795,29045.500000000,1,4,2026-06-10
NQM6,1781042401081549107,389315267,82759273,1781042401081549107,29049.750000000,3,1781042401080653795,29045.500000000,1,4,2026-06-10
NQM6,1781042401081638633,389315268,82759274,1781042401081638633,29049.500000000,1,1781042401080653795,29045.500000000,1,4,2026-06-10
NQM6,1781042401081640283,389315269,82759275,1781042401081640283,29049.500000000,2,1781042401080653795,29045.500000000,1,4,2026-06-10
NQM6,1781042401081643723,389315270,82759277,1781042401081640283,29049.500000000,2,1781042401081643723,29045.250000000,1,4,2026-06-10
NQM6,1781042401082142553,389315279,82759282,1781042401081640283,29049.500000000,2,1781042401082142553,29045.500000000,1,4,2026-06-10
NQM6,1781042401082573553,389315283,82759285,1781042401082573553,29049.500000000,3,1781042401082142553,29045.500000000,1,4,2026-06-10
NQM6,1781042401082663907,389315284,82759286,1781042401082663907,29049.250000000,1,1781042401082142553,29045.500000000,1,4,2026-06-10
NQM6,1781042401082665501,389315285,82759287,1781042401082665501,29049.250000000,2,1781042401082142553,29045.500000000,1,4,2026-06-10
NQM6,1781042401083192901,389315293,82759293,1781042401082665501,29049.250000000,2,1781042401083192901,29044.000000000,1,4,2026-06-10
NQM6,1781042401083447635,389315295,82759294,1781042401082665501,29049.250000000,2,1781042401083447635,29044.250000000,1,4,2026-06-10
NQM6,1781042401085698021,389315299,82759299,1781042401085698021,29049.250000000,3,1781042401083447635,29044.250000000,1,4,2026-06-10
NQM6,1781042401085797245,389315300,82759300,1781042401085797245,29049.000000000,1,1781042401083447635,29044.250000000,1,4,2026-06-10
NQM6,1781042401085798933,389315301,82759301,1781042401085798933,29049.000000000,2,1781042401083447635,29044.250000000,1,4,2026-06-10
NQM6,1781042401088230697,389315318,82759305,1781042401088230697,29049.000000000,3,1781042401083447635,29044.250000000,1,4,2026-06-10
NQM6,1781042401088324063,389315319,82759306,1781042401088324063,29048.750000000,1,1781042401083447635,29044.250000000,1,4,2026-06-10
NQM6,1781042401088325751,389315320,82759307,1781042401088325751,29048.750000000,2,1781042401083447635,29044.250000000,1,4,2026-06-10
NQM6,1781042401109416465,389315364,82759310,1781042401088325751,29048.750000000,2,1781042401109416465,29044.500000000,1,4,2026-06-10
NQM6,1781042401109534503,389315367,82759313,1781042401088325751,29048.750000000,2,1781042401109534503,29044.750000000,1,4,2026-06-10
NQM6,1781042401109659067,389315370,82759316,1781042401088325751,29048.750000000,2,1781042401109659067,29045.000000000,1,4,2026-06-10
NQM6,1781042401109764143,389315377,82759319,1781042401088325751,29048.750000000,2,1781042401109764143,29045.250000000,1,4,2026-06-10
NQM6,1781042401109882949,389315380,82759322,1781042401109882949,29048.750000000,1,1781042401109764143,29045.250000000,1,4,2026-06-10
NQM6,1781042401109884541,389315381,82759323,1781042401109882949,29048.750000000,1,1781042401109884541,29045.500000000,1,4,2026-06-10
NQM6,1781042401110003845,389315383,82759326,1781042401109882949,29048.750000000,1,1781042401110003845,29045.750000000,1,4,2026-06-10
NQM6,1781042401110102221,389315385,82759330,1781042401110102221,29049.000000000,1,1781042401110003845,29045.750000000,1,4,2026-06-10
NQM6,1781042401110106521,389315386,82759331,1781042401110102221,29049.000000000,1,1781042401110106521,29046.000000000,1,4,2026-06-10
NQM6,1781042401110210715,389315388,82759334,1781042401110102221,29049.000000000,1,1781042401110210715,29046.250000000,1,4,2026-06-10
NQM6,1781042401110316195,389315390,82759337,1781042401110102221,29049.000000000,1,1781042401110316195,29046.500000000,1,4,2026-06-10
NQM6,1781042401110414169,389315392,82759340,1781042401110102221,29049.000000000,1,1781042401110414169,29046.750000000,1,4,2026-06-10
NQM6,1781042401110517171,389315394,82759343,1781042401110102221,29049.000000000,1,1781042401110517171,29047.000000000,1,4,2026-06-10
NQM6,1781042401110622135,389315400,82759348,1781042401110102221,29049.000000000,1,1781042401110622135,29047.250000000,1,4,2026-06-10
NQM6,1781042401110799899,389315405,82759352,1781042401110102221,29049.000000000,1,1781042401110799899,29043.750000000,1,4,2026-06-10
NQM6,1781042401110885563,389315406,82759353,1781042401110885563,29048.750000000,1,1781042401110799899,29043.750000000,1,4,2026-06-10
NQM6,1781042401110887139,389315407,82759354,1781042401110887139,29048.750000000,2,1781042401110799899,29043.750000000,1,4,2026-06-10
NQM6,1781042401110888655,389315408,82759355,1781042401110887139,29048.750000000,2,1781042401110888655,29044.000000000,1,4,2026-06-10
NQM6,1781042401110983635,389315411,82759356,1781042401110887139,29048.750000000,2,1781042401110983635,29044.000000000,2,4,2026-06-10
NQM6,1781042401111072237,389315412,82759357,1781042401110887139,29048.750000000,2,1781042401111072237,29044.250000000,1,4,2026-06-10
NQM6,1781042401113913749,389315448,82759361,1781042401110887139,29048.750000000,2,1781042401113913749,29044.250000000,2,4,2026-06-10
NQM6,1781042401113976319,389315450,82759362,1781042401110887139,29048.750000000,2,1781042401113976319,29044.500000000,1,4,2026-06-10
NQM6,1781042401114006443,389315451,82759363,1781042401110887139,29048.750000000,2,1781042401114006443,29044.500000000,2,4,2026-06-10
NQM6,1781042401114120371,389315453,82759366,1781042401110887139,29048.750000000,2,1781042401114120371,29044.750000000,1,4,2026-06-10
NQM6,1781042401114166391,389315455,82759369,1781042401110887139,29048.750000000,2,1781042401114166391,29044.750000000,2,4,2026-06-10
NQM6,1781042401114299135,389315460,82759373,1781042401110887139,29048.750000000,2,1781042401114299135,29045.000000000,1,4,2026-06-10
NQM6,1781042401117302299,389315467,82759376,1781042401117302299,29048.750000000,1,1781042401114299135,29045.000000000,1,4,2026-06-10
NQM6,1781042401117513819,389315469,82759377,1781042401117513819,29048.750000000,2,1781042401114299135,29045.000000000,1,4,2026-06-10
NQM6,1781042401117518695,389315470,82759378,1781042401117513819,29048.750000000,2,1781042401117518695,29045.250000000,1,4,2026-06-10
NQM6,1781042401121137903,389315507,82759385,1781042401117513819,29048.750000000,2,1781042401121137903,29045.500000000,1,4,2026-06-10
NQM6,1781042401121238855,389315510,82759388,1781042401117513819,29048.750000000,2,1781042401121238855,29045.750000000,1,4,2026-06-10
NQM6,1781042401121240313,389315511,82759389,1781042401121240313,29048.750000000,1,1781042401121238855,29045.750000000,1,4,2026-06-10
NQM6,1781042401125899983,389315528,82759393,1781042401125899983,29049.000000000,1,1781042401121238855,29045.750000000,1,4,2026-06-10
NQM6,1781042401126106065,389315529,82759394,1781042401125899983,29049.000000000,1,1781042401126106065,29045.750000000,2,4,2026-06-10
NQM6,1781042401127333603,389315536,82759397,1781042401127333603,29049.000000000,2,1781042401126106065,29045.750000000,2,4,2026-06-10
NQM6,1781042401127614349,389315538,82759400,1781042401127614349,29049.000000000,1,1781042401126106065,29045.750000000,2,4,2026-06-10
NQM6,1781042401127998487,389315554,82759409,1781042401127998487,29048.750000000,2,1781042401126106065,29045.750000000,2,4,2026-06-10
NQM6,1781042401128003095,389315554,82759413,1781042401127998487,29048.750000000,2,1781042401128003095,29042.250000000,2,4,2026-06-10
NQM6,1781042401128295661,389315560,82759414,1781042401127998487,29048.750000000,2,1781042401128295661,29042.500000000,1,4,2026-06-10
NQM6,1781042401128412841,389315568,82759415,1781042401127998487,29048.750000000,2,1781042401128412841,29042.750000000,1,4,2026-06-10
NQM6,1781042401128416547,389315569,82759417,1781042401127998487,29048.750000000,2,1781042401128416547,29042.750000000,2,4,2026-06-10
NQM6,1781042401129677969,389315603,82759427,1781042401127998487,29048.750000000,2,1781042401129677969,29043.000000000,1,4,2026-06-10
NQM6,1781042401129679353,389315604,82759429,1781042401129679353,29055.500000000,2,1781042401129677969,29043.000000000,1,4,2026-06-10
NQM6,1781042401129787327,389315605,82759430,1781042401129679353,29055.500000000,2,1781042401129787327,29043.250000000,1,4,2026-06-10
NQM6,1781042401129790955,389315606,82759432,1781042401129679353,29055.500000000,2,1781042401129790955,29043.250000000,2,4,2026-06-10
NQM6,1781042401129808619,389315610,82759435,1781042401129808619,29055.250000000,1,1781042401129790955,29043.250000000,2,4,2026-06-10
NQM6,1781042401129934047,389315612,82759438,1781042401129808619,29055.250000000,1,1781042401129934047,29043.500000000,1,4,2026-06-10
NQM6,1781042401129956761,389315613,82759439,1781042401129956761,29055.000000000,2,1781042401129934047,29043.500000000,1,4,2026-06-10
NQM6,1781042401130023363,389315615,82759442,1781042401129956761,29055.000000000,2,1781042401130023363,29043.750000000,1,4,2026-06-10
NQM6,1781042401130026703,389315616,82759444,1781042401129956761,29055.000000000,2,1781042401130026703,29043.750000000,2,4,2026-06-10
NQM6,1781042401130068289,389315619,82759449,1781042401130068289,29054.750000000,1,1781042401130026703,29043.750000000,2,4,2026-06-10
NQM6,1781042401130121873,389315620,82759452,1781042401130068289,29054.750000000,1,1781042401130121873,29044.000000000,1,4,2026-06-10
NQM6,1781042401130160887,389315621,82759453,1781042401130160887,29054.500000000,2,1781042401130121873,29044.000000000,1,4,2026-06-10
NQM6,1781042401130208673,389315623,82759456,1781042401130160887,29054.500000000,2,1781042401130208673,29044.250000000,1,4,2026-06-10
NQM6,1781042401130212147,389315624,82759458,1781042401130160887,29054.500000000,2,1781042401130212147,29044.250000000,2,4,2026-06-10
NQM6,1781042401130269053,389315626,82759463,1781042401130269053,29054.500000000,3,1781042401130212147,29044.250000000,2,4,2026-06-10
NQM6,1781042401130318971,389315628,82759466,1781042401130269053,29054.500000000,3,1781042401130318971,29044.500000000,1,4,2026-06-10
NQM6,1781042401130319259,389315629,82759467,1781042401130319259,29054.250000000,1,1781042401130318971,29044.500000000,1,4,2026-06-10
NQM6,1781042401130364205,389315630,82759468,1781042401130364205,29054.250000000,3,1781042401130318971,29044.500000000,1,4,2026-06-10
NQM6,1781042401130417579,389315633,82759472,1781042401130364205,29054.250000000,3,1781042401130417579,29044.750000000,1,4,2026-06-10
NQM6,1781042401130421091,389315634,82759474,1781042401130364205,29054.250000000,3,1781042401130421091,29044.750000000,2,4,2026-06-10
NQM6,1781042401130427715,389315636,82759477,1781042401130427715,29054.000000000,2,1781042401130421091,29044.750000000,2,4,2026-06-10
NQM6,1781042401130530027,389315639,82759479,1781042401130427715,29054.000000000,2,1781042401130530027,29044.750000000,3,4,2026-06-10
NQM6,1781042401130548439,389315640,82759482,1781042401130548439,29053.750000000,1,1781042401130530027,29044.750000000,3,4,2026-06-10
NQM6,1781042401130598991,389315641,82759483,1781042401130548439,29053.750000000,1,1781042401130598991,29045.000000000,1,4,2026-06-10
NQM6,1781042401130618285,389315642,82759485,1781042401130548439,29053.750000000,1,1781042401130618285,29045.000000000,3,4,2026-06-10
NQM6,1781042401130651883,389315644,82759487,1781042401130651883,29053.500000000,2,1781042401130618285,29045.000000000,3,4,2026-06-10
NQM6,1781042401130714819,389315647,82759492,1781042401130651883,29053.500000000,2,1781042401130714819,29045.250000000,1,4,2026-06-10
NQM6,1781042401130760973,389315649,82759496,1781042401130760973,29053.250000000,1,1781042401130714819,29045.250000000,1,4,2026-06-10
NQM6,1781042401130816537,389315650,82759497,1781042401130760973,29053.250000000,1,1781042401130816537,29045.500000000,1,4,2026-06-10
NQM6,1781042401130820261,389315651,82759500,1781042401130760973,29053.250000000,1,1781042401130820261,29045.500000000,2,4,2026-06-10
NQM6,1781042401130851459,389315652,82759501,1781042401130851459,29053.000000000,2,1781042401130820261,29045.500000000,2,4,2026-06-10
NQM6,1781042401130962277,389315654,82759506,1781042401130851459,29053.000000000,2,1781042401130962277,29045.750000000,1,4,2026-06-10
NQM6,1781042401131058541,389315655,82759507,1781042401130851459,29053.000000000,2,1781042401131058541,29046.000000000,1,4,2026-06-10
NQM6,1781042401131062247,389315656,82759509,1781042401130851459,29053.000000000,2,1781042401131062247,29046.000000000,2,4,2026-06-10
NQM6,1781042401131166229,389315659,82759514,1781042401131166229,29052.750000000,1,1781042401131062247,29046.000000000,2,4,2026-06-10
NQM6,1781042401131259191,389315660,82759515,1781042401131259191,29052.500000000,2,1781042401131062247,29046.000000000,2,4,2026-06-10
NQM6,1781042401131361311,389315662,82759520,1781042401131259191,29052.500000000,2,1781042401131361311,29046.250000000,1,4,2026-06-10
NQM6,1781042401131458001,389315665,82759523,1781042401131259191,29052.500000000,2,1781042401131458001,29046.500000000,1,4,2026-06-10
NQM6,1781042401131461589,389315666,82759525,1781042401131259191,29052.500000000,2,1781042401131461589,29046.500000000,2,4,2026-06-10
NQM6,1781042401131573309,389315668,82759530,1781042401131573309,29052.250000000,1,1781042401131461589,29046.500000000,2,4,2026-06-10
NQM6,1781042401131668999,389315670,82759533,1781042401131668999,29052.000000000,2,1781042401131461589,29046.500000000,2,4,2026-06-10
NQM6,1781042401131682859,389315673,82759537,1781042401131668999,29052.000000000,2,1781042401131682859,29046.500000000,1,4,2026-06-10
NQM6,1781042401131684241,389315674,82759539,1781042401131668999,29052.000000000,2,1781042401131684241,29044.750000000,1,4,2026-06-10
NQM6,1781042401131817599,389315677,82759542,1781042401131817599,29051.750000000,1,1781042401131684241,29044.750000000,1,4,2026-06-10
NQM6,1781042401131881417,389315679,82759544,1781042401131817599,29051.750000000,1,1781042401131881417,29044.750000000,2,4,2026-06-10
NQM6,1781042401131921197,389315681,82759547,1781042401131921197,29051.500000000,2,1781042401131881417,29044.750000000,2,4,2026-06-10
NQM6,1781042401131996361,389315683,82759550,1781042401131921197,29051.500000000,2,1781042401131996361,29045.000000000,1,4,2026-06-10
NQM6,1781042401132019191,389315686,82759555,1781042401132019191,29051.500000000,3,1781042401131996361,29045.000000000,1,4,2026-06-10
NQM6,1781042401132099479,389315690,82759560,1781042401132019191,29051.500000000,3,1781042401132099479,29045.250000000,1,4,2026-06-10
NQM6,1781042401132112709,389315692,82759561,1781042401132112709,29051.500000000,1,1781042401132099479,29045.250000000,1,4,2026-06-10
NQM6,1781042401132128567,389315693,82759562,1781042401132128567,29051.250000000,2,1781042401132099479,29045.250000000,1,4,2026-06-10
NQM6,1781042401132195209,389315697,82759568,1781042401132128567,29051.250000000,2,1781042401132195209,29045.250000000,2,4,2026-06-10
NQM6,1781042401132222317,389315699,82759571,1781042401132128567,29051.250000000,2,1781042401132222317,29045.500000000,1,4,2026-06-10
NQM6,1781042401132322691,389315704,82759579,1781042401132128567,29051.250000000,2,1781042401132322691,29045.750000000,1,4,2026-06-10
NQM6,1781042401132378483,389315705,82759582,1781042401132378483,29051.000000000,1,1781042401132322691,29045.750000000,1,4,2026-06-10
NQM6,1781042401132467375,389315707,82759585,1781042401132467375,29050.750000000,2,1781042401132322691,29045.750000000,1,4,2026-06-10
NQM6,1781042401132471273,389315708,82759586,1781042401132467375,29050.750000000,2,1781042401132471273,29045.750000000,2,4,2026-06-10
NQM6,1781042401132481813,389315710,82759590,1781042401132467375,29050.750000000,2,1781042401132481813,29045.750000000,1,4,2026-06-10
NQM6,1781042401132579709,389315711,82759591,1781042401132467375,29050.750000000,2,1781042401132579709,29046.000000000,1,4,2026-06-10
NQM6,1781042401132670367,389315714,82759596,1781042401132467375,29050.750000000,2,1781042401132670367,29046.250000000,1,4,2026-06-10
NQM6,1781042401132683941,389315716,82759601,1781042401132683941,29056.250000000,2,1781042401132670367,29046.250000000,1,4,2026-06-10
NQM6,1781042401132760603,389315719,82759604,1781042401132683941,29056.250000000,2,1781042401132760603,29046.250000000,2,4,2026-06-10
NQM6,1781042401132769799,389315720,82759605,1781042401132769799,29050.750000000,1,1781042401132760603,29046.250000000,2,4,2026-06-10
NQM6,1781042401132793107,389315721,82759606,1781042401132769799,29050.750000000,1,1781042401132793107,29046.250000000,1,4,2026-06-10
NQM6,1781042401132852451,389315723,82759608,1781042401132769799,29050.750000000,1,1781042401132852451,29046.500000000,1,4,2026-06-10
NQM6,1781042401132856561,389315724,82759609,1781042401132856561,29050.500000000,2,1781042401132852451,29046.500000000,1,4,2026-06-10
NQM6,1781042401132981565,389315730,82759619,1781042401132856561,29050.500000000,2,1781042401132981565,29046.750000000,1,4,2026-06-10
NQM6,1781042401132985117,389315732,82759623,1781042401132985117,29056.000000000,1,1781042401132981565,29046.750000000,1,4,2026-06-10
NQM6,1781042401133059245,389315733,82759624,1781042401132985117,29056.000000000,1,1781042401133059245,29046.750000000,2,4,2026-06-10
NQM6,1781042401133095647,389315734,82759625,1781042401133095647,29055.750000000,2,1781042401133059245,29046.750000000,2,4,2026-06-10
NQM6,1781042401133112735,389315736,82759627,1781042401133095647,29055.750000000,2,1781042401133112735,29047.000000000,1,4,2026-06-10
NQM6,1781042401133198477,389315740,82759633,1781042401133198477,29055.500000000,1,1781042401133112735,29047.000000000,1,4,2026-06-10
NQM6,1781042401133212895,389315741,82759634,1781042401133198477,29055.500000000,1,1781042401133212895,29047.250000000,1,4,2026-06-10
NQM6,1781042401133299617,389315746,82759641,1781042401133299617,29055.250000000,2,1781042401133212895,29047.250000000,1,4,2026-06-10
NQM6,1781042401133303515,389315747,82759642,1781042401133299617,29055.250000000,2,1781042401133303515,29047.250000000,2,4,2026-06-10
NQM6,1781042401133363743,389315749,82759645,1781042401133299617,29055.250000000,2,1781042401133363743,29047.250000000,1,4,2026-06-10
NQM6,1781042401133404425,389315751,82759647,1781042401133404425,29055.000000000,1,1781042401133363743,29047.250000000,1,4,2026-06-10
NQM6,1781042401133423453,389315752,82759649,1781042401133404425,29055.000000000,1,1781042401133423453,29042.250000000,1,4,2026-06-10
NQM6,1781042401133502649,389315755,82759653,1781042401133502649,29054.750000000,2,1781042401133423453,29042.250000000,1,4,2026-06-10
NQM6,1781042401133519103,389315757,82759654,1781042401133502649,29054.750000000,2,1781042401133519103,29042.500000000,1,4,2026-06-10
NQM6,1781042401133605077,389315761,82759660,1781042401133605077,29054.500000000,1,1781042401133519103,29042.500000000,1,4,2026-06-10
NQM6,1781042401133615541,389315762,82759661,1781042401133605077,29054.500000000,1,1781042401133615541,29042.750000000,1,4,2026-06-10
NQM6,1781042401133697751,389315765,82759667,1781042401133605077,29054.500000000,1,1781042401133697751,29042.750000000,2,4,2026-06-10
NQM6,1781042401133705643,389315766,82759668,1781042401133705643,29054.250000000,2,1781042401133697751,29042.750000000,2,4,2026-06-10
NQM6,1781042401133728565,389315767,82759671,1781042401133705643,29054.250000000,2,1781042401133728565,29043.000000000,1,4,2026-06-10
NQM6,1781042401133812005,389315769,82759674,1781042401133812005,29054.000000000,1,1781042401133728565,29043.000000000,1,4,2026-06-10
NQM6,1781042401133821567,389315771,82759675,1781042401133812005,29054.000000000,1,1781042401133821567,29043.250000000,1,4,2026-06-10
NQM6,1781042401133825003,389315772,82759677,1781042401133812005,29054.000000000,1,1781042401133825003,29043.250000000,2,4,2026-06-10
NQM6,1781042401133906235,389315775,82759683,1781042401133906235,29053.750000000,2,1781042401133825003,29043.250000000,2,4,2026-06-10
NQM6,1781042401133965425,389315776,82759686,1781042401133906235,29053.750000000,2,1781042401133965425,29043.500000000,1,4,2026-06-10
NQM6,1781042401134007779,389315779,82759691,1781042401134007779,29053.500000000,1,1781042401133965425,29043.500000000,1,4,2026-06-10
NQM6,1781042401134057755,389315780,82759692,1781042401134007779,29053.500000000,1,1781042401134057755,29043.750000000,1,4,2026-06-10
NQM6,1781042401134061095,389315781,82759694,1781042401134007779,29053.500000000,1,1781042401134061095,29043.750000000,2,4,2026-06-10
NQM6,1781042401134107211,389315784,82759699,1781042401134107211,29053.250000000,2,1781042401134061095,29043.750000000,2,4,2026-06-10
NQM6,1781042401134153653,389315785,82759702,1781042401134107211,29053.250000000,2,1781042401134153653,29044.000000000,1,4,2026-06-10
NQM6,1781042401134206835,389315787,82759705,1781042401134206835,29053.000000000,1,1781042401134153653,29044.000000000,1,4,2026-06-10
NQM6,1781042401134243103,389315788,82759706,1781042401134206835,29053.000000000,1,1781042401134243103,29044.250000000,1,4,2026-06-10
NQM6,1781042401134246213,389315789,82759708,1781042401134206835,29053.000000000,1,1781042401134246213,29044.250000000,2,4,2026-06-10
NQM6,1781042401134294709,389315793,82759714,1781042401134294709,29052.750000000,2,1781042401134246213,29044.250000000,2,4,2026-06-10
NQM6,1781042401134343839,389315794,82759717,1781042401134294709,29052.750000000,2,1781042401134343839,29044.500000000,1,4,2026-06-10
NQM6,1781042401134400613,389315795,82759720,1781042401134400613,29052.500000000,1,1781042401134343839,29044.500000000,1,4,2026-06-10
NQM6,1781042401134456309,389315796,82759721,1781042401134400613,29052.500000000,1,1781042401134456309,29044.750000000,1,4,2026-06-10
NQM6,1781042401134459629,389315797,82759723,1781042401134400613,29052.500000000,1,1781042401134459629,29044.750000000,2,4,2026-06-10
NQM6,1781042401134495841,389315801,82759730,1781042401134495841,29052.250000000,2,1781042401134459629,29044.750000000,2,4,2026-06-10
NQM6,1781042401134575401,389315803,82759733,1781042401134495841,29052.250000000,2,1781042401134575401,29045.000000000,1,4,2026-06-10
NQM6,1781042401134588687,389315807,82759740,1781042401134495841,29052.250000000,2,1781042401134588687,29042.000000000,1,4,2026-06-10
NQM6,1781042401134592067,389315807,82759741,1781042401134495841,29052.250000000,2,1781042401134592067,29042.250000000,1,4,2026-06-10
NQM6,1781042401134642369,389315807,82759742,1781042401134642369,29051.250000000,1,1781042401134592067,29042.250000000,1,4,2026-06-10
NQM6,1781042401134667921,389315807,82759743,1781042401134642369,29051.250000000,1,1781042401134667921,29045.250000000,1,4,2026-06-10
NQM6,1781042401134870781,389315810,82759747,1781042401134870781,29051.000000000,2,1781042401134667921,29045.250000000,1,4,2026-06-10
NQM6,1781042401134874811,389315811,82759749,1781042401134870781,29051.000000000,2,1781042401134874811,29042.250000000,1,4,2026-06-10
NQM6,1781042401134976547,389315814,82759754,1781042401134976547,29050.750000000,1,1781042401134874811,29042.250000000,1,4,2026-06-10
NQM6,1781042401135064787,389315818,82759755,1781042401135064787,29050.500000000,2,1781042401134874811,29042.250000000,1,4,2026-06-10
NQM6,1781042401135164911,389315822,82759756,1781042401135164911,29050.250000000,1,1781042401134874811,29042.250000000,1,4,2026-06-10
NQM6,1781042401135262019,389315823,82759757,1781042401135262019,29050.000000000,2,1781042401134874811,29042.250000000,1,4,2026-06-10
NQM6,1781042401135365581,389315828,82759760,1781042401135365581,29049.750000000,1,1781042401134874811,29042.250000000,1,4,2026-06-10
NQM6,1781042401135455451,389315831,82759761,1781042401135365581,29049.750000000,1,1781042401135455451,29042.250000000,2,4,2026-06-10
NQM6,1781042401135462459,389315833,82759764,1781042401135462459,29049.500000000,2,1781042401135455451,29042.250000000,2,4,2026-06-10
NQM6,1781042401135584699,389315838,82759775,1781042401135584699,29049.500000000,3,1781042401135455451,29042.250000000,2,4,2026-06-10
NQM6,1781042401135691907,389315840,82759776,1781042401135691907,29049.250000000,2,1781042401135455451,29042.250000000,2,4,2026-06-10
NQM6,1781042401135963747,389315846,82759780,1781042401135691907,29049.250000000,2,1781042401135963747,29046.250000000,1,4,2026-06-10
NQM6,1781042401136035475,389315848,82759782,1781042401136035475,29051.250000000,1,1781042401135963747,29046.250000000,1,4,2026-06-10
NQM6,1781042401136054983,389315849,82759783,1781042401136035475,29051.250000000,1,1781042401136054983,29046.500000000,1,4,2026-06-10
NQM6,1781042401136059551,389315851,82759785,1781042401136035475,29051.250000000,1,1781042401136059551,29046.500000000,2,4,2026-06-10
NQM6,1781042401136162441,389315854,82759788,1781042401136162441,29051.000000000,2,1781042401136059551,29046.500000000,2,4,2026-06-10
NQM6,1781042401137045679,389315877,82759793,1781042401137045679,29051.000000000,1,1781042401136059551,29046.500000000,2,4,2026-06-10
NQM6,1781042401138366827,389315937,82759796,1781042401138366827,29051.000000000,2,1781042401136059551,29046.500000000,2,4,2026-06-10
NQM6,1781042401138454703,389315941,82759797,1781042401138454703,29050.750000000,1,1781042401136059551,29046.500000000,2,4,2026-06-10
NQM6,1781042401138544113,389315946,82759799,1781042401138454703,29050.750000000,1,1781042401138544113,29050.250000000,1,4,2026-06-10
NQM6,1781042401138657311,389315954,82759803,1781042401138454703,29050.750000000,1,1781042401138657311,29046.500000000,2,4,2026-06-10
NQM6,1781042401138662399,389315954,82759805,1781042401138454703,29050.750000000,1,1781042401138662399,29049.000000000,2,4,2026-06-10
NQM6,1781042401138665029,389315954,82759809,1781042401138665029,29051.000000000,1,1781042401138662399,29049.000000000,2,4,2026-06-10
NQM6,1781042401138959757,389315957,82759813,1781042401138665029,29051.000000000,1,1781042401138959757,29046.500000000,2,4,2026-06-10
NQM6,1781042401139117937,389315963,82759814,1781042401139117937,29050.750000000,1,1781042401138959757,29046.500000000,2,4,2026-06-10
NQM6,1781042401145388069,389316081,82759818,1781042401145388069,29051.000000000,1,1781042401138959757,29046.500000000,2,4,2026-06-10
NQM6,1781042401148627481,389316125,82759825,1781042401148627481,29051.000000000,2,1781042401138959757,29046.500000000,2,4,2026-06-10
NQM6,1781042401148719945,389316128,82759826,1781042401148627481,29051.000000000,2,1781042401148719945,29046.750000000,1,4,2026-06-10
NQM6,1781042401148819531,389316131,82759828,1781042401148627481,29051.000000000,2,1781042401148819531,29047.000000000,2,4,2026-06-10
NQM6,1781042401148823657,389316131,82759831,1781042401148627481,29051.000000000,2,1781042401148823657,29047.000000000,3,4,2026-06-10
NQM6,1781042401148861115,389316131,82759832,1781042401148627481,29051.000000000,2,1781042401148861115,29049.000000000,1,4,2026-06-10
NQM6,1781042401149085573,389316135,82759839,1781042401149085573,29056.500000000,1,1781042401148861115,29049.000000000,1,4,2026-06-10
NQM6,1781042401149089125,389316135,82759841,1781042401149085573,29056.500000000,1,1781042401149089125,29049.000000000,3,4,2026-06-10
NQM6,1781042401149351213,389316141,82759847,1781042401149085573,29056.500000000,1,1781042401149351213,29049.000000000,4,4,2026-06-10
NQM6,1781042401149351769,389316142,82759848,1781042401149351769,29056.500000000,2,1781042401149351213,29049.000000000,4,4,2026-06-10
NQM6,1781042401149381835,389316143,82759849,1781042401149381835,29056.250000000,1,1781042401149351213,29049.000000000,4,4,2026-06-10
NQM6,1781042401149472435,389316146,82759850,1781042401149381835,29056.250000000,1,1781042401149472435,29049.250000000,1,4,2026-06-10
NQM6,1781042401149569871,389316150,82759852,1781042401149381835,29056.250000000,1,1781042401149569871,29049.500000000,1,4,2026-06-10
NQM6,1781042401149573941,389316152,82759855,1781042401149381835,29056.250000000,1,1781042401149573941,29049.500000000,2,4,2026-06-10
NQM6,1781042401151143241,389316176,82759856,1781042401151143241,29056.250000000,2,1781042401149573941,29049.500000000,2,4,2026-06-10
NQM6,1781042401151219481,389316182,82759857,1781042401151143241,29056.250000000,2,1781042401151219481,29049.750000000,1,4,2026-06-10
NQM6,1781042401151341861,389316190,82759858,1781042401151143241,29056.250000000,2,1781042401151341861,29050.000000000,1,4,2026-06-10
NQM6,1781042401151345907,389316191,82759860,1781042401151143241,29056.250000000,2,1781042401151345907,29050.000000000,2,4,2026-06-10
NQM6,1781042401151593881,389316213,82759869,1781042401151143241,29056.250000000,2,1781042401151593881,29050.000000000,1,4,2026-06-10
NQM6,1781042401151595381,389316214,82759871,1781042401151143241,29056.250000000,2,1781042401151595381,29049.250000000,1,4,2026-06-10
NQM6,1781042401151830743,389316228,82759872,1781042401151143241,29056.250000000,2,1781042401151830743,29049.250000000,2,4,2026-06-10
NQM6,1781042401151943653,389316238,82759873,1781042401151143241,29056.250000000,2,1781042401151943653,29049.500000000,1,4,2026-06-10
NQM6,1781042401152048441,389316246,82759874,1781042401151143241,29056.250000000,2,1781042401152048441,29049.750000000,1,4,2026-06-10
NQM6,1781042401152052339,389316247,82759876,1781042401151143241,29056.250000000,2,1781042401152052339,29049.750000000,2,4,2026-06-10
NQM6,1781042401155071999,389316356,82759881,1781042401155071999,29056.250000000,3,1781042401152052339,29049.750000000,2,4,2026-06-10
NQM6,1781042401155262187,389316364,82759885,1781042401155071999,29056.250000000,3,1781042401155262187,29049.750000000,1,4,2026-06-10
NQM6,1781042401155263781,389316365,82759887,1781042401155071999,29056.250000000,3,1781042401155263781,29049.250000000,1,4,2026-06-10
NQM6,1781042401155614239,389316373,82759888,1781042401155071999,29056.250000000,3,1781042401155614239,29049.250000000,2,4,2026-06-10
NQM6,1781042401175983107,389316827,82759893,1781042401155071999,29056.250000000,3,1781042401175983107,29050.500000000,1,4,2026-06-10
NQM6,1781042401176158815,389316830,82759894,1781042401155071999,29056.250000000,3,1781042401176158815,29050.750000000,1,4,2026-06-10
NQM6,1781042401176165439,389316833,82759896,1781042401155071999,29056.250000000,3,1781042401176165439,29050.750000000,2,4,2026-06-10
NQM6,1781042401176179435,389316837,82759901,1781042401176179435,29056.250000000,2,1781042401176165439,29050.750000000,2,4,2026-06-10
NQM6,1781042401176571329,389316853,82759902,1781042401176179435,29056.250000000,2,1781042401176571329,29051.000000000,1,4,2026-06-10
NQM6,1781042401176710195,389316861,82759903,1781042401176179435,29056.250000000,2,1781042401176710195,29051.250000000,1,4,2026-06-10
NQM6,1781042401176714305,389316862,82759905,1781042401176179435,29056.250000000,2,1781042401176714305,29051.250000000,2,4,2026-06-10
NQM6,1781042401176716377,389316864,82759908,1781042401176179435,29056.250000000,2,1781042401176716377,29051.250000000,3,4,2026-06-10
NQM6,1781042401176879955,389316871,82759911,1781042401176179435,29056.250000000,2,1781042401176879955,29051.500000000,1,4,2026-06-10
NQM6,1781042401176900477,389316874,82759913,1781042401176179435,29056.250000000,2,1781042401176900477,29051.500000000,3,4,2026-06-10
NQM6,1781042401179226685,389316925,82759922,1781042401176179435,29056.250000000,2,1781042401179226685,29053.750000000,1,4,2026-06-10
NQM6,1781042401179325253,389316927,82759924,1781042401176179435,29056.250000000,2,1781042401179325253,29054.000000000,2,4,2026-06-10
NQM6,1781042401183839203,389317046,82759929,1781042401183839203,29056.250000000,1,1781042401179325253,29054.000000000,2,4,2026-06-10
NQM6,1781042401187225295,389317137,82759932,1781042401183839203,29056.250000000,1,1781042401187225295,29054.000000000,1,4,2026-06-10
NQM6,1781042401187463019,389317140,82759933,1781042401183839203,29056.250000000,1,1781042401187463019,29054.000000000,2,4,2026-06-10
NQM6,1781042401194097051,389317188,82759940,1781042401194097051,29056.000000000,1,1781042401187463019,29054.000000000,2,4,2026-06-10
NQM6,1781042401194098913,389317189,82759941,1781042401194098913,29056.000000000,2,1781042401187463019,29054.000000000,2,4,2026-06-10
NQM6,1781042401194102083,389317190,82759944,1781042401194098913,29056.000000000,2,1781042401194102083,29042.250000000,2,4,2026-06-10
NQM6,1781042401194244137,389317196,82759945,1781042401194098913,29056.000000000,2,1781042401194244137,29042.500000000,1,4,2026-06-10
NQM6,1781042401194252929,389317199,82759946,1781042401194098913,29056.000000000,2,1781042401194252929,29042.500000000,2,4,2026-06-10
NQM6,1781042401194253333,389317200,82759947,1781042401194253333,29055.750000000,1,1781042401194252929,29042.500000000,2,4,2026-06-10
NQM6,1781042401194267367,389317202,82759948,1781042401194253333,29055.750000000,1,1781042401194267367,29042.500000000,3,4,2026-06-10
NQM6,1781042401194372731,389317203,82759949,1781042401194253333,29055.750000000,1,1781042401194372731,29042.750000000,1,4,2026-06-10
NQM6,1781042401194377301,389317205,82759951,1781042401194253333,29055.750000000,1,1781042401194377301,29042.750000000,2,4,2026-06-10
NQM6,1781042401194405523,389317209,82759956,1781042401194405523,29055.500000000,1,1781042401194377301,29042.750000000,2,4,2026-06-10
NQM6,1781042401194407117,389317210,82759957,1781042401194407117,29055.500000000,2,1781042401194377301,29042.750000000,2,4,2026-06-10
NQM6,1781042401194407293,389317211,82759958,1781042401194407117,29055.500000000,2,1781042401194407293,29042.750000000,3,4,2026-06-10
NQM6,1781042401194453003,389317215,82759964,1781042401194407117,29055.500000000,2,1781042401194453003,29042.750000000,4,4,2026-06-10
NQM6,1781042401194523233,389317216,82759966,1781042401194407117,29055.500000000,2,1781042401194523233,29043.000000000,1,4,2026-06-10
NQM6,1781042401194543737,389317217,82759968,1781042401194407117,29055.500000000,2,1781042401194543737,29043.000000000,3,4,2026-06-10
NQM6,1781042401194551053,389317218,82759969,1781042401194407117,29055.500000000,2,1781042401194551053,29043.000000000,4,4,2026-06-10
NQM6,1781042401194551457,389317219,82759970,1781042401194551457,29055.250000000,1,1781042401194551053,29043.000000000,4,4,2026-06-10
NQM6,1781042401194632247,389317223,82759974,1781042401194551457,29055.250000000,1,1781042401194632247,29043.250000000,1,4,2026-06-10
NQM6,1781042401194673851,389317224,82759975,1781042401194673851,29055.000000000,1,1781042401194632247,29043.250000000,1,4,2026-06-10
NQM6,1781042401194675445,389317225,82759976,1781042401194675445,29055.000000000,2,1781042401194632247,29043.250000000,1,4,2026-06-10
NQM6,1781042401194679531,389317227,82759981,1781042401194675445,29055.000000000,2,1781042401194679531,29043.250000000,2,4,2026-06-10
NQM6,1781042401194727493,389317229,82759983,1781042401194675445,29055.000000000,2,1781042401194727493,29043.500000000,1,4,2026-06-10
NQM6,1781042401194731889,389317230,82759986,1781042401194675445,29055.000000000,2,1781042401194731889,29043.500000000,2,4,2026-06-10
NQM6,1781042401194808897,389317232,82759987,1781042401194808897,29054.750000000,1,1781042401194731889,29043.500000000,2,4,2026-06-10
NQM6,1781042401194838849,389317233,82759989,1781042401194808897,29054.750000000,1,1781042401194838849,29043.500000000,3,4,2026-06-10
NQM6,1781042401194869107,389317234,82759992,1781042401194808897,29054.750000000,1,1781042401194869107,29043.750000000,1,4,2026-06-10
NQM6,1781042401194887097,389317235,82759994,1781042401194808897,29054.750000000,1,1781042401194887097,29043.750000000,2,4,2026-06-10
NQM6,1781042401194909771,389317236,82759995,1781042401194909771,29054.500000000,1,1781042401194887097,29043.750000000,2,4,2026-06-10
NQM6,1781042401194911441,389317238,82759996,1781042401194911441,29054.500000000,2,1781042401194887097,29043.750000000,2,4,2026-06-10
NQM6,1781042401194926071,389317241,82760001,1781042401194911441,29054.500000000,2,1781042401194926071,29043.750000000,4,4,2026-06-10
NQM6,1781042401194984167,389317243,82760004,1781042401194911441,29054.500000000,2,1781042401194984167,29044.000000000,1,4,2026-06-10
NQM6,1781042401194997875,389317245,82760007,1781042401194911441,29054.500000000,2,1781042401194997875,29044.000000000,2,4,2026-06-10
NQM6,1781042401195013657,389317246,82760010,1781042401195013657,29054.250000000,1,1781042401194997875,29044.000000000,2,4,2026-06-10
NQM6,1781042401195087055,389317247,82760011,1781042401195013657,29054.250000000,1,1781042401195087055,29044.250000000,1,4,2026-06-10
NQM6,1781042401195091489,389317248,82760014,1781042401195013657,29054.250000000,1,1781042401195091489,29044.250000000,2,4,2026-06-10
NQM6,1781042401195120863,389317251,82760015,1781042401195120863,29054.000000000,1,1781042401195091489,29044.250000000,2,4,2026-06-10
NQM6,1781042401195122477,389317252,82760016,1781042401195122477,29054.000000000,2,1781042401195091489,29044.250000000,2,4,2026-06-10
NQM6,1781042401195137665,389317255,82760021,1781042401195122477,29054.000000000,2,1781042401195137665,29044.250000000,3,4,2026-06-10
NQM6,1781042401195194839,389317257,82760026,1781042401195122477,29054.000000000,2,1781042401195194839,29044.500000000,1,4,2026-06-10
NQM6,1781042401195225287,389317260,82760028,1781042401195122477,29054.000000000,2,1781042401195225287,29044.500000000,2,4,2026-06-10
NQM6,1781042401195257985,389317262,82760029,1781042401195257985,29054.000000000,3,1781042401195225287,29044.500000000,2,4,2026-06-10
NQM6,1781042401195278817,389317263,82760031,1781042401195257985,29054.000000000,3,1781042401195278817,29044.500000000,4,4,2026-06-10
NQM6,1781042401195280161,389317264,82760032,1781042401195280161,29054.000000000,2,1781042401195278817,29044.500000000,4,4,2026-06-10
NQM6,1781042401195290815,389317267,82760036,1781042401195290815,29054.000000000,1,1781042401195278817,29044.500000000,4,4,2026-06-10
NQM6,1781042401195352079,389317269,82760040,1781042401195290815,29054.000000000,1,1781042401195352079,29044.750000000,1,4,2026-06-10
NQM6,1781042401195364539,389317270,82760041,1781042401195364539,29053.750000000,1,1781042401195352079,29044.750000000,1,4,2026-06-10
NQM6,1781042401195399021,389317271,82760042,1781042401195364539,29053.750000000,1,1781042401195399021,29048.250000000,1,4,2026-06-10
NQM6,1781042401195494001,389317274,82760049,1781042401195364539,29053.750000000,1,1781042401195494001,29048.500000000,1,4,2026-06-10
NQM6,1781042401195737233,389317282,82760055,1781042401195364539,29053.750000000,1,1781042401195737233,29048.500000000,2,4,2026-06-10
NQM6,1781042401195931587,389317300,82760060,1781042401195931587,29055.250000000,1,1781042401195737233,29048.500000000,2,4,2026-06-10
NQM6,1781042401196058435,389317309,82760066,1781042401195931587,29055.250000000,1,1781042401196058435,29048.500000000,3,4,2026-06-10
NQM6,1781042401196058895,389317310,82760068,1781042401196058895,29055.750000000,1,1781042401196058435,29048.500000000,3,4,2026-06-10
NQM6,1781042401196059087,389317311,82760070,1781042401196059087,29056.250000000,1,1781042401196058435,29048.500000000,3,4,2026-06-10
NQM6,1781042401196096795,389317313,82760071,1781042401196096795,29055.000000000,1,1781042401196058435,29048.500000000,3,4,2026-06-10
NQM6,1781042401196171769,389317316,82760073,1781042401196096795,29055.000000000,1,1781042401196171769,29048.750000000,2,4,2026-06-10
NQM6,1781042401196224739,389317320,82760075,1781042401196224739,29054.750000000,1,1781042401196171769,29048.750000000,2,4,2026-06-10
NQM6,1781042401196319775,389317328,82760078,1781042401196319775,29054.500000000,1,1781042401196171769,29048.750000000,2,4,2026-06-10
NQM6,1781042401196497423,389317337,82760082,1781042401196497423,29056.250000000,1,1781042401196171769,29048.750000000,2,4,2026-06-10
NQM6,1781042401196603191,389317338,82760085,1781042401196497423,29056.250000000,1,1781042401196603191,29048.750000000,3,4,2026-06-10
NQM6,1781042401196603459,389317339,82760086,1781042401196603459,29056.250000000,2,1781042401196603191,29048.750000000,3,4,2026-06-10
NQM6,1781042401196611523,389317341,82760089,1781042401196611523,29056.250000000,1,1781042401196603191,29048.750000000,3,4,2026-06-10
NQM6,1781042401196694157,389317341,82760090,1781042401196694157,29056.000000000,1,1781042401196603191,29048.750000000,3,4,2026-06-10
NQM6,1781042401196837113,389317343,82760091,1781042401196694157,29056.000000000,1,1781042401196837113,29049.000000000,1,4,2026-06-10
NQM6,1781042401196882367,389317345,82760095,1781042401196882367,29056.000000000,2,1781042401196837113,29049.000000000,1,4,2026-06-10
NQM6,1781042401196927601,389317347,82760096,1781042401196882367,29056.000000000,2,1781042401196927601,29049.250000000,1,4,2026-06-10
NQM6,1781042401196931939,389317348,82760099,1781042401196882367,29056.000000000,2,1781042401196931939,29049.250000000,2,4,2026-06-10
NQM6,1781042401197038955,389317349,82760101,1781042401197038955,29055.750000000,1,1781042401196931939,29049.250000000,2,4,2026-06-10
NQM6,1781042401197129267,389317352,82760104,1781042401197129267,29055.500000000,1,1781042401196931939,29049.250000000,2,4,2026-06-10
NQM6,1781042401197233921,389317354,82760109,1781042401197129267,29055.500000000,1,1781042401197233921,29049.250000000,3,4,2026-06-10
NQM6,1781042401197335179,389317355,82760111,1781042401197129267,29055.500000000,1,1781042401197335179,29049.500000000,2,4,2026-06-10
NQM6,1781042401198350871,389317363,82760113,1781042401198350871,29055.250000000,1,1781042401197335179,29049.500000000,2,4,2026-06-10
NQM6,1781042401198538273,389317366,82760114,1781042401198350871,29055.250000000,1,1781042401198538273,29051.500000000,1,4,2026-06-10
NQM6,1781042401198609731,389317368,82760115,1781042401198609731,29055.000000000,1,1781042401198538273,29051.500000000,1,4,2026-06-10
NQM6,1781042401198646057,389317371,82760122,1781042401198609731,29055.000000000,1,1781042401198646057,29051.750000000,2,4,2026-06-10
NQM6,1781042401198736965,389317372,82760124,1781042401198736965,29055.750000000,1,1781042401198646057,29051.750000000,2,4,2026-06-10
NQM6,1781042401198834419,389317374,82760126,1781042401198834419,29056.500000000,1,1781042401198646057,29051.750000000,2,4,2026-06-10
NQM6,1781042401198922985,389317381,82760127,1781042401198922985,29056.250000000,1,1781042401198646057,29051.750000000,2,4,2026-06-10
NQM6,1781042401201701351,389317403,82760131,1781042401201701351,29056.500000000,1,1781042401198646057,29051.750000000,2,4,2026-06-10
NQM6,1781042401205503547,389317443,82760136,1781042401205503547,29059.250000000,1,1781042401198646057,29051.750000000,2,4,2026-06-10
NQM6,1781042401205737603,389317449,82760139,1781042401205503547,29059.250000000,1,1781042401205737603,29052.000000000,1,4,2026-06-10
NQM6,1781042401205875089,389317450,82760140,1781042401205503547,29059.250000000,1,1781042401205875089,29052.250000000,1,4,2026-06-10
NQM6,1781042401205880177,389317451,82760143,1781042401205503547,29059.250000000,1,1781042401205880177,29052.250000000,2,4,2026-06-10
NQM6,1781042401206512137,389317462,82760144,1781042401205503547,29059.250000000,1,1781042401206512137,29052.500000000,1,4,2026-06-10
NQM6,1781042401206610981,389317472,82760145,1781042401205503547,29059.250000000,1,1781042401206610981,29052.750000000,1,4,2026-06-10
NQM6,1781042401206616177,389317474,82760147,1781042401205503547,29059.250000000,1,1781042401206616177,29052.750000000,2,4,2026-06-10
NQM6,1781042401206634839,389317476,82760150,1781042401205503547,29059.250000000,1,1781042401206634839,29053.250000000,1,4,2026-06-10
NQM6,1781042401206795555,389317487,82760154,1781042401205503547,29059.250000000,1,1781042401206795555,29053.500000000,1,4,2026-06-10
NQM6,1781042401206877189,389317496,82760157,1781042401205503547,29059.250000000,1,1781042401206877189,29053.500000000,2,4,2026-06-10
NQM6,1781042401208978477,389317582,82760160,1781042401205503547,29059.250000000,1,1781042401208978477,29053.500000000,3,4,2026-06-10
NQM6,1781042401209024997,389317584,82760161,1781042401205503547,29059.250000000,1,1781042401209024997,29053.750000000,1,4,2026-06-10
NQM6,1781042401209184847,389317586,82760162,1781042401205503547,29059.250000000,1,1781042401209184847,29053.750000000,2,4,2026-06-10
NQM6,1781042401209214395,389317593,82760164,1781042401205503547,29059.250000000,1,1781042401209214395,29053.750000000,4,4,2026-06-10
NQM6,1781042401209299409,389317598,82760167,1781042401205503547,29059.250000000,1,1781042401209299409,29054.500000000,1,4,2026-06-10
NQM6,1781042401209481071,389317616,82760170,1781042401205503547,29059.250000000,1,1781042401209481071,29054.750000000,1,4,2026-06-10
NQM6,1781042401209496317,389317618,82760172,1781042401205503547,29059.250000000,1,1781042401209496317,29054.750000000,2,4,2026-06-10
NQM6,1781042401209770959,389317639,82760175,1781042401205503547,29059.250000000,1,1781042401209770959,29055.000000000,1,4,2026-06-10
NQM6,1781042401209892661,389317650,82760177,1781042401205503547,29059.250000000,1,1781042401209892661,29055.250000000,2,4,2026-06-10
NQM6,1781042401210150525,389317670,82760185,1781042401205503547,29059.250000000,1,1781042401210150525,29054.750000000,2,4,2026-06-10
NQM6,1781042401218345275,389317789,82760188,1781042401205503547,29059.250000000,1,1781042401218345275,29056.250000000,1,4,2026-06-10
NQM6,1781042401218354529,389317789,82760191,1781042401205503547,29059.250000000,1,1781042401218354529,29056.250000000,2,4,2026-06-10
NQM6,1781042401218469457,389317795,82760193,1781042401205503547,29059.250000000,1,1781042401218469457,29056.500000000,2,4,2026-06-10
NQM6,1781042401218607919,389317808,82760198,1781042401205503547,29059.250000000,1,1781042401218607919,29056.500000000,1,4,2026-06-10
NQM6,1781042401218823489,389317810,82760199,1781042401205503547,29059.250000000,1,1781042401218823489,29056.500000000,2,4,2026-06-10
NQM6,1781042401227735709,389317900,82760205,1781042401227735709,29059.000000000,1,1781042401218823489,29056.500000000,2,4,2026-06-10
NQM6,1781042401227741505,389317901,82760208,1781042401227735709,29059.000000000,1,1781042401227741505,29054.000000000,2,4,2026-06-10
NQM6,1781042401227888245,389317912,82760209,1781042401227888245,29058.750000000,1,1781042401227741505,29054.000000000,2,4,2026-06-10
NQM6,1781042401228051823,389317917,82760214,1781042401228051823,29058.500000000,1,1781042401227741505,29054.000000000,2,4,2026-06-10
NQM6,1781042401228057601,389317920,82760216,1781042401228051823,29058.500000000,1,1781042401228057601,29054.000000000,1,4,2026-06-10
NQM6,1781042401228060309,389317922,82760220,1781042401228051823,29058.500000000,1,1781042401228060309,29053.750000000,1,4,2026-06-10
NQM6,1781042401228219565,389317926,82760223,1781042401228051823,29058.500000000,1,1781042401228219565,29052.250000000,1,4,2026-06-10
NQM6,1781042401228326793,389317931,82760227,1781042401228326793,29058.250000000,1,1781042401228219565,29052.250000000,1,4,2026-06-10
NQM6,1781042401228398711,389317932,82760228,1781042401228326793,29058.250000000,1,1781042401228398711,29052.250000000,2,4,2026-06-10
NQM6,1781042401228450243,389317933,82760229,1781042401228450243,29058.000000000,1,1781042401228398711,29052.250000000,2,4,2026-06-10
NQM6,1781042401238632583,389317968,82760235,1781042401228450243,29058.000000000,1,1781042401238632583,29052.500000000,1,4,2026-06-10
NQM6,1781042401238726761,389317975,82760236,1781042401228450243,29058.000000000,1,1781042401238726761,29052.750000000,1,4,2026-06-10
NQM6,1781042401238731689,389317976,82760238,1781042401228450243,29058.000000000,1,1781042401238731689,29052.750000000,2,4,2026-06-10
NQM6,1781042401238823327,389317981,82760241,1781042401228450243,29058.000000000,1,1781042401238823327,29056.250000000,1,4,2026-06-10
NQM6,1781042401238919303,389317989,82760246,1781042401228450243,29058.000000000,1,1781042401238919303,29056.250000000,3,4,2026-06-10
NQM6,1781042401238921971,389317991,82760250,1781042401238921971,29058.250000000,1,1781042401238919303,29056.250000000,3,4,2026-06-10
NQM6,1781042401238932167,389317993,82760252,1781042401238932167,29059.250000000,1,1781042401238919303,29056.250000000,3,4,2026-06-10
NQM6,1781042401245874575,389318137,82760258,1781042401238932167,29059.250000000,1,1781042401245874575,29056.250000000,2,4,2026-06-10
NQM6,1781042401246149659,389318139,82760261,1781042401238932167,29059.250000000,1,1781042401246149659,29055.750000000,2,4,2026-06-10
NQM6,1781042401246396139,389318142,82760264,1781042401246396139,29059.000000000,1,1781042401246149659,29055.750000000,2,4,2026-06-10
NQM6,1781042401246401053,389318146,82760268,1781042401246396139,29059.000000000,1,1781042401246401053,29052.250000000,2,4,2026-06-10
NQM6,1781042401246534391,389318151,82760269,1781042401246534391,29058.750000000,1,1781042401246401053,29052.250000000,2,4,2026-06-10
NQM6,1781042401246657649,389318153,82760270,1781042401246657649,29058.500000000,1,1781042401246401053,29052.250000000,2,4,2026-06-10
NQM6,1781042401248381157,389318164,82760273,1781042401248381157,29052.500000000,1,1781042401246401053,29052.250000000,2,4,2026-06-10
NQM6,1781042401248490325,389318173,82760280,1781042401248490325,29058.250000000,1,1781042401246401053,29052.250000000,2,4,2026-06-10
NQM6,1781042401248495873,389318176,82760282,1781042401248490325,29058.250000000,1,1781042401248495873,29052.250000000,1,4,2026-06-10
NQM6,1781042401248497197,389318177,82760284,1781042401248490325,29058.250000000,1,1781042401248497197,29052.000000000,1,4,2026-06-10
NQM6,1781042401248505413,389318177,82760288,1781042401248490325,29058.250000000,1,1781042401248505413,29050.500000000,1,4,2026-06-10
NQM6,1781042401248727837,389318187,82760289,1781042401248727837,29058.000000000,1,1781042401248505413,29050.500000000,1,4,2026-06-10
NQM6,1781042401248787257,389318197,82760292,1781042401248727837,29058.000000000,1,1781042401248787257,29048.500000000,1,4,2026-06-10
NQM6,1781042401248791923,389318198,82760293,1781042401248727837,29058.000000000,1,1781042401248791923,29050.750000000,1,4,2026-06-10
NQM6,1781042401248883311,389318202,82760296,1781042401248883311,29057.750000000,1,1781042401248791923,29050.750000000,1,4,2026-06-10
NQM6,1781042401248974621,389318207,82760297,1781042401248883311,29057.750000000,1,1781042401248974621,29051.000000000,1,4,2026-06-10
NQM6,1781042401249002999,389318218,82760300,1781042401249002999,29057.500000000,1,1781042401248974621,29051.000000000,1,4,2026-06-10
NQM6,1781042401249074437,389318220,82760303,1781042401249002999,29057.500000000,1,1781042401249074437,29051.000000000,2,4,2026-06-10
NQM6,1781042401249167631,389318228,82760306,1781042401249002999,29057.500000000,1,1781042401249167631,29051.000000000,3,4,2026-06-10
NQM6,1781042401249201461,389318237,82760309,1781042401249201461,29057.500000000,2,1781042401249167631,29051.000000000,3,4,2026-06-10
NQM6,1781042401249206451,389318238,82760310,1781042401249201461,29057.500000000,2,1781042401249206451,29051.000000000,2,4,2026-06-10
NQM6,1781042401249217415,389318239,82760311,1781042401249217415,29057.250000000,1,1781042401249206451,29051.000000000,2,4,2026-06-10
NQM6,1781042401249243045,389318240,82760312,1781042401249217415,29057.250000000,1,1781042401249243045,29051.000000000,1,4,2026-06-10
NQM6,1781042401249365573,389318254,82760315,1781042401249365573,29057.250000000,2,1781042401249243045,29051.000000000,1,4,2026-06-10
NQM6,1781042401249378535,389318255,82760317,1781042401249365573,29057.250000000,2,1781042401249378535,29048.500000000,1,4,2026-06-10
NQM6,1781042401249445075,389318261,82760320,1781042401249365573,29057.250000000,2,1781042401249445075,29048.750000000,1,4,2026-06-10
NQM6,1781042401249453045,389318262,82760321,1781042401249365573,29057.250000000,2,1781042401249453045,29051.250000000,1,4,2026-06-10
NQM6,1781042401249453225,389318263,82760322,1781042401249453225,29057.250000000,1,1781042401249453045,29051.250000000,1,4,2026-06-10
NQM6,1781042401249457921,389318264,82760323,1781042401249453225,29057.250000000,1,1781042401249457921,29051.250000000,2,4,2026-06-10
NQM6,1781042401249507397,389318270,82760324,1781042401249507397,29057.000000000,1,1781042401249457921,29051.250000000,2,4,2026-06-10
NQM6,1781042401249520357,389318273,82760327,1781042401249520357,29057.000000000,2,1781042401249457921,29051.250000000,2,4,2026-06-10
NQM6,1781042401249630561,389318282,82760334,1781042401249520357,29057.000000000,2,1781042401249630561,29051.250000000,3,4,2026-06-10
NQM6,1781042401249652453,389318285,82760335,1781042401249520357,29057.000000000,2,1781042401249652453,29051.250000000,2,4,2026-06-10
NQM6,1781042401249665523,389318287,82760336,1781042401249520357,29057.000000000,2,1781042401249665523,29051.250000000,1,4,2026-06-10
NQM6,1781042401249702213,389318289,82760337,1781042401249702213,29056.750000000,1,1781042401249665523,29051.250000000,1,4,2026-06-10
NQM6,1781042401249760231,389318295,82760341,1781042401249702213,29056.750000000,1,1781042401249760231,29051.500000000,1,4,2026-06-10
NQM6,1781042401249834723,389318303,82760349,1781042401249834723,29056.750000000,2,1781042401249760231,29051.500000000,1,4,2026-06-10
NQM6,1781042401249870549,389318308,82760350,1781042401249834723,29056.750000000,2,1781042401249870549,29051.500000000,2,4,2026-06-10
NQM6,1781042401249875809,389318309,82760351,1781042401249834723,29056.750000000,2,1781042401249875809,29051.500000000,3,4,2026-06-10
NQM6,1781042401249899945,389318312,82760352,1781042401249899945,29056.750000000,1,1781042401249875809,29051.500000000,3,4,2026-06-10
NQM6,1781042401249948593,389318317,82760353,1781042401249899945,29056.750000000,1,1781042401249948593,29051.500000000,2,4,2026-06-10
NQM6,1781042401249969081,389318320,82760355,1781042401249969081,29056.500000000,1,1781042401249948593,29051.500000000,2,4,2026-06-10
NQM6,1781042401249975953,389318322,82760356,1781042401249975953,29056.500000000,2,1781042401249948593,29051.500000000,2,4,2026-06-10
NQM6,1781042401250059277,389318332,82760361,1781042401249975953,29056.500000000,2,1781042401250059277,29051.500000000,1,4,2026-06-10
NQM6,1781042401250104491,389318334,82760363,1781042401249975953,29056.500000000,2,1781042401250104491,29048.500000000,1,4,2026-06-10
NQM6,1781042401250136265,389318336,82760364,1781042401250136265,29056.250000000,1,1781042401250104491,29048.500000000,1,4,2026-06-10
NQM6,1781042401250301531,389318355,82760369,1781042401250136265,29056.250000000,1,1781042401250301531,29048.500000000,2,4,2026-06-10
NQM6,1781042401250314125,389318356,82760371,1781042401250314125,29059.000000000,1,1781042401250301531,29048.500000000,2,4,2026-06-10
NQM6,1781042401250501683,389318374,82760373,1781042401250501683,29059.250000000,1,1781042401250301531,29048.500000000,2,4,2026-06-10
NQM6,1781042401250522091,389318375,82760374,1781042401250522091,29059.000000000,1,1781042401250301531,29048.500000000,2,4,2026-06-10
NQM6,1781042401250750427,389318398,82760375,1781042401250750427,29059.000000000,2,1781042401250301531,29048.500000000,2,4,2026-06-10
NQM6,1781042401254211725,389318580,82760376,1781042401250750427,29059.000000000,2,1781042401254211725,29048.750000000,1,4,2026-06-10
NQM6,1781042401254323445,389318586,82760377,1781042401250750427,29059.000000000,2,1781042401254323445,29049.000000000,1,4,2026-06-10
NQM6,1781042401254328551,389318587,82760379,1781042401250750427,29059.000000000,2,1781042401254328551,29049.000000000,2,4,2026-06-10
NQM6,1781042401254355987,389318589,82760382,1781042401250750427,29059.000000000,2,1781042401254355987,29049.000000000,3,4,2026-06-10
NQM6,1781042401254462369,389318594,82760385,1781042401250750427,29059.000000000,2,1781042401254462369,29049.000000000,4,4,2026-06-10
NQM6,1781042401254468493,389318595,82760386,1781042401250750427,29059.000000000,2,1781042401254468493,29049.000000000,3,4,2026-06-10
NQM6,1781042401254487175,389318596,82760388,1781042401250750427,29059.000000000,2,1781042401254487175,29049.250000000,2,4,2026-06-10
NQM6,1781042401258011419,389318655,82760393,1781042401250750427,29059.000000000,2,1781042401258011419,29049.500000000,1,4,2026-06-10
NQM6,1781042401258139485,389318660,82760394,1781042401250750427,29059.000000000,2,1781042401258139485,29049.750000000,1,4,2026-06-10
NQM6,1781042401258143805,389318661,82760397,1781042401250750427,29059.000000000,2,1781042401258143805,29049.750000000,2,4,2026-06-10
NQM6,1781042401258145129,389318662,82760398,1781042401258145129,29059.000000000,1,1781042401258143805,29049.750000000,2,4,2026-06-10
NQM6,1781042401258212039,389318670,82760399,1781042401258145129,29059.000000000,1,1781042401258212039,29049.750000000,3,4,2026-06-10
NQM6,1781042401258247537,389318672,82760402,1781042401258145129,29059.000000000,1,1781042401258247537,29053.000000000,1,4,2026-06-10
NQM6,1781042401258276413,389318677,82760406,1781042401258276413,29059.000000000,2,1781042401258247537,29053.000000000,1,4,2026-06-10
NQM6,1781042401258278641,389318678,82760407,1781042401258276413,29059.000000000,2,1781042401258278641,29053.250000000,1,4,2026-06-10
NQM6,1781042401258351117,389318685,82760412,1781042401258276413,29059.000000000,2,1781042401258351117,29053.250000000,2,4,2026-06-10
NQM6,1781042401258405585,389318692,82760415,1781042401258405585,29058.750000000,1,1781042401258351117,29053.250000000,2,4,2026-06-10
NQM6,1781042401258487583,389318696,82760417,1781042401258405585,29058.750000000,1,1781042401258487583,29053.500000000,1,4,2026-06-10
NQM6,1781042401258505401,389318696,82760421,1781042401258405585,29058.750000000,1,1781042401258505401,29053.500000000,2,4,2026-06-10
NQM6,1781042401265928247,389318758,82760423,1781042401258405585,29058.750000000,1,1781042401265928247,29053.750000000,1,4,2026-06-10
NQM6,1781042401266028487,389318760,82760424,1781042401258405585,29058.750000000,1,1781042401266028487,29054.000000000,1,4,2026-06-10
NQM6,1781042401266033403,389318761,82760426,1781042401258405585,29058.750000000,1,1781042401266033403,29054.000000000,2,4,2026-06-10
NQM6,1781042401266158119,389318771,82760431,1781042401258405585,29058.750000000,1,1781042401266158119,29057.000000000,1,4,2026-06-10
NQM6,1781042401266299539,389318784,82760438,1781042401258405585,29058.750000000,1,1781042401266299539,29057.000000000,3,4,2026-06-10
NQM6,1781042401266302113,389318785,82760442,1781042401266302113,29059.000000000,1,1781042401266299539,29057.000000000,3,4,2026-06-10
NQM6,1781042401276194719,389318838,82760446,1781042401266302113,29059.000000000,1,1781042401276194719,29057.000000000,2,4,2026-06-10
NQM6,1781042401276195199,389318839,82760448,1781042401276195199,29059.250000000,1,1781042401276194719,29057.000000000,2,4,2026-06-10
NQM6,1781042401276294247,389318842,82760452,1781042401276195199,29059.250000000,1,1781042401276294247,29056.250000000,2,4,2026-06-10
NQM6,1781042401276324793,389318850,82760454,1781042401276324793,29059.000000000,1,1781042401276294247,29056.250000000,2,4,2026-06-10
NQM6,1781042401276443177,389318859,82760457,1781042401276324793,29059.000000000,1,1781042401276443177,29051.250000000,2,4,2026-06-10
NQM6,1781042401276585173,389318870,82760458,1781042401276324793,29059.000000000,1,1781042401276585173,29051.500000000,1,4,2026-06-10
NQM6,1781042401276684643,389318878,82760459,1781042401276324793,29059.000000000,1,1781042401276684643,29051.750000000,1,4,2026-06-10
NQM6,1781042401276689769,389318880,82760461,1781042401276324793,29059.000000000,1,1781042401276689769,29051.750000000,2,4,2026-06-10
NQM6,1781042401276931679,389318901,82760467,1781042401276324793,29059.000000000,1,1781042401276931679,29051.750000000,1,4,2026-06-10
NQM6,1781042401276933139,389318903,82760469,1781042401276324793,29059.000000000,1,1781042401276933139,29051.250000000,1,4,2026-06-10
NQM6,1781042401277095159,389318910,82760470,1781042401276324793,29059.000000000,1,1781042401277095159,29051.250000000,2,4,2026-06-10
NQM6,1781042401291135009,389319135,82760473,1781042401276324793,29059.000000000,1,1781042401291135009,29053.750000000,1,4,2026-06-10
NQM6,1781042401291140885,389319136,82760474,1781042401276324793,29059.000000000,1,1781042401291140885,29055.500000000,1,4,2026-06-10
NQM6,1781042401291173139,389319141,82760479,1781042401291173139,29059.250000000,1,1781042401291140885,29055.500000000,1,4,2026-06-10
NQM6,1781042401291489387,389319164,82760486,1781042401291173139,29059.250000000,1,1781042401291489387,29055.750000000,2,4,2026-06-10
NQM6,1781042401295352887,389319229,82760496,1781042401291173139,29059.250000000,1,1781042401295352887,29056.500000000,1,4,2026-06-10
NQM6,1781042401295605645,389319232,82760499,1781042401291173139,29059.250000000,1,1781042401295605645,29056.750000000,2,4,2026-06-10
NQM6,1781042401314117741,389319302,82760502,1781042401291173139,29059.250000000,1,1781042401314117741,29058.250000000,1,4,2026-06-10
NQM6,1781042401314230633,389319307,82760506,1781042401314230633,29062.250000000,1,1781042401314117741,29058.250000000,1,4,2026-06-10
NQM6,1781042401314284065,389319308,82760510,1781042401314284065,29059.250000000,1,1781042401314117741,29058.250000000,1,4,2026-06-10
NQM6,1781042401314529543,389319316,82760513,1781042401314284065,29059.250000000,1,1781042401314529543,29058.500000000,2,4,2026-06-10
NQM6,1781042401314566789,389319323,82760515,1781042401314566789,29062.250000000,1,1781042401314529543,29058.500000000,2,4,2026-06-10
NQM6,1781042401314745361,389319334,82760517,1781042401314566789,29062.250000000,1,1781042401314745361,29058.250000000,1,4,2026-06-10
NQM6,1781042401314786427,389319335,82760519,1781042401314566789,29062.250000000,1,1781042401314786427,29057.250000000,2,4,2026-06-10
NQM6,1781042401314919995,389319353,82760523,1781042401314566789,29062.250000000,1,1781042401314919995,29055.250000000,2,4,2026-06-10
NQM6,1781042401317170537,389319382,82760531,1781042401314566789,29062.250000000,1,1781042401317170537,29055.500000000,1,4,2026-06-10
NQM6,1781042401317280857,389319387,82760532,1781042401314566789,29062.250000000,1,1781042401317280857,29055.750000000,1,4,2026-06-10
NQM6,1781042401317286097,389319387,82760534,1781042401314566789,29062.250000000,1,1781042401317286097,29055.750000000,2,4,2026-06-10
NQM6,1781042401329441111,389319458,82760537,1781042401314566789,29062.250000000,1,1781042401329441111,29057.500000000,1,4,2026-06-10
NQM6,1781042401329546207,389319461,82760538,1781042401314566789,29062.250000000,1,1781042401329546207,29057.750000000,1,4,2026-06-10
NQM6,1781042401329551871,389319463,82760540,1781042401314566789,29062.250000000,1,1781042401329551871,29057.750000000,2,4,2026-06-10
NQM6,1781042401340529709,389319543,82760549,1781042401340529709,29065.750000000,1,1781042401329551871,29057.750000000,2,4,2026-06-10
NQM6,1781042401340935069,389319561,82760552,1781042401340529709,29065.750000000,1,1781042401340935069,29059.250000000,1,4,2026-06-10
NQM6,1781042401341053287,389319564,82760556,1781042401340529709,29065.750000000,1,1781042401341053287,29059.500000000,1,4,2026-06-10
NQM6,1781042401341057569,389319565,82760558,1781042401340529709,29065.750000000,1,1781042401341057569,29059.500000000,2,4,2026-06-10
NQM6,1781042401342340457,389319585,82760564,1781042401342340457,29065.750000000,2,1781042401341057569,29059.500000000,2,4,2026-06-10
NQM6,1781042401346196449,389319620,82760565,1781042401346196449,29062.000000000,1,1781042401341057569,29059.500000000,2,4,2026-06-10
NQM6,1781042401346300239,389319625,82760566,1781042401346196449,29062.000000000,1,1781042401346300239,29059.500000000,1,4,2026-06-10
NQM6,1781042401346382509,389319628,82760569,1781042401346196449,29062.000000000,1,1781042401346382509,29059.750000000,1,4,2026-06-10
NQM6,1781042401346569567,389319640,82760573,1781042401346196449,29062.000000000,1,1781042401346569567,29060.000000000,2,4,2026-06-10
NQM6,1781042401363743963,389319702,82760576,1781042401346196449,29062.000000000,1,1781042401363743963,29060.000000000,3,4,2026-06-10
NQM6,1781042401397111125,389320029,82760586,1781042401397111125,29065.750000000,2,1781042401397111125,29060.000000000,2,4,2026-06-10
NQM6,1781042401397149869,389320029,82760587,1781042401397111125,29065.750000000,2,1781042401397149869,29060.250000000,1,4,2026-06-10
NQM6,1781042401397240757,389320031,82760588,1781042401397111125,29065.750000000,2,1781042401397240757,29060.250000000,2,4,2026-06-10
NQM6,1781042401397390319,389320036,82760589,1781042401397111125,29065.750000000,2,1781042401397390319,29060.500000000,1,4,2026-06-10
NQM6,1781042401397394753,389320040,82760592,1781042401397111125,29065.750000000,2,1781042401397394753,29060.500000000,2,4,2026-06-10
NQM6,1781042401397659095,389320061,82760597,1781042401397659095,29065.500000000,2,1781042401397394753,29060.500000000,2,4,2026-06-10
NQM6,1781042401397662601,389320063,82760598,1781042401397659095,29065.500000000,2,1781042401397662601,29060.500000000,1,4,2026-06-10
NQM6,1781042401397663965,389320064,82760600,1781042401397659095,29065.500000000,2,1781042401397663965,29055.750000000,1,4,2026-06-10
NQM6,1781042401397915973,389320079,82760601,1781042401397659095,29065.500000000,2,1781042401397915973,29055.750000000,2,4,2026-06-10
NQM6,1781042401398526351,389320103,82760602,1781042401397659095,29065.500000000,2,1781042401398526351,29056.000000000,1,4,2026-06-10
NQM6,1781042401398624823,389320105,82760603,1781042401397659095,29065.500000000,2,1781042401398624823,29056.250000000,1,4,2026-06-10
NQM6,1781042401398631159,389320108,82760605,1781042401397659095,29065.500000000,2,1781042401398631159,29056.250000000,2,4,2026-06-10
NQM6,1781042401398633791,389320110,82760609,1781042401398633791,29065.750000000,2,1781042401398631159,29056.250000000,2,4,2026-06-10
NQM6,1781042401398853639,389320118,82760613,1781042401398853639,29065.500000000,2,1781042401398631159,29056.250000000,2,4,2026-06-10
NQM6,1781042401398857749,389320119,82760614,1781042401398853639,29065.500000000,2,1781042401398857749,29056.250000000,1,4,2026-06-10
NQM6,1781042401398859053,389320120,82760616,1781042401398853639,29065.500000000,2,1781042401398859053,29055.750000000,1,4,2026-06-10
NQM6,1781042401399094243,389320124,82760617,1781042401398853639,29065.500000000,2,1781042401399094243,29055.750000000,2,4,2026-06-10
NQM6,1781042401401446445,389320131,82760618,1781042401398853639,29065.500000000,2,1781042401401446445,29056.000000000,1,4,2026-06-10
NQM6,1781042401401544687,389320133,82760619,1781042401398853639,29065.500000000,2,1781042401401544687,29056.250000000,1,4,2026-06-10
NQM6,1781042401401549871,389320134,82760621,1781042401398853639,29065.500000000,2,1781042401401549871,29056.250000000,2,4,2026-06-10
NQM6,1781042401401552577,389320135,82760625,1781042401401552577,29065.750000000,2,1781042401401549871,29056.250000000,2,4,2026-06-10
NQM6,1781042401401765879,389320143,82760629,1781042401401765879,29065.500000000,2,1781042401401549871,29056.250000000,2,4,2026-06-10
NQM6,1781042401401769681,389320143,82760630,1781042401401765879,29065.500000000,2,1781042401401769681,29056.250000000,1,4,2026-06-10
NQM6,1781042401401770987,389320144,82760632,1781042401401765879,29065.500000000,2,1781042401401770987,29055.750000000,1,4,2026-06-10
NQM6,1781042401401981753,389320147,82760633,1781042401401765879,29065.500000000,2,1781042401401981753,29055.750000000,2,4,2026-06-10
NQM6,1781042401403648607,389320150,82760634,1781042401401765879,29065.500000000,2,1781042401403648607,29056.000000000,1,4,2026-06-10
NQM6,1781042401403744255,389320152,82760635,1781042401401765879,29065.500000000,2,1781042401403744255,29056.250000000,1,4,2026-06-10
NQM6,1781042401403749305,389320153,82760637,1781042401401765879,29065.500000000,2,1781042401403749305,29056.250000000,2,4,2026-06-10
NQM6,1781042401403751897,389320154,82760641,1781042401403751897,29065.750000000,2,1781042401403749305,29056.250000000,2,4,2026-06-10
NQM6,1781042401403968003,389320162,82760645,1781042401403968003,29065.500000000,2,1781042401403749305,29056.250000000,2,4,2026-06-10
NQM6,1781042401403971843,389320163,82760646,1781042401403968003,29065.500000000,2,1781042401403971843,29056.250000000,1,4,2026-06-10
NQM6,1781042401403973205,389320164,82760648,1781042401403968003,29065.500000000,2,1781042401403973205,29055.750000000,1,4,2026-06-10
NQM6,1781042401404169613,389320168,82760649,1781042401403968003,29065.500000000,2,1781042401404169613,29055.750000000,2,4,2026-06-10
NQM6,1781042401405884441,389320173,82760650,1781042401403968003,29065.500000000,2,1781042401405884441,29056.000000000,1,4,2026-06-10
NQM6,1781042401405991611,389320182,82760651,1781042401403968003,29065.500000000,2,1781042401405991611,29056.250000000,1,4,2026-06-10
NQM6,1781042401405996583,389320183,82760653,1781042401403968003,29065.500000000,2,1781042401405996583,29056.250000000,2,4,2026-06-10
NQM6,1781042401405999349,389320184,82760657,1781042401405999349,29065.750000000,2,1781042401405996583,29056.250000000,2,4,2026-06-10
NQM6,1781042401406101543,389320189,82760658,1781042401405999349,29065.750000000,2,1781042401406101543,29059.500000000,1,4,2026-06-10
NQM6,1781042401406207429,389320202,82760661,1781042401405999349,29065.750000000,2,1781042401406207429,29059.750000000,1,4,2026-06-10
NQM6,1781042401406212593,389320203,82760663,1781042401405999349,29065.750000000,2,1781042401406212593,29059.750000000,2,4,2026-06-10
NQM6,1781042401406270825,389320210,82760666,1781042401406270825,29065.750000000,1,1781042401406212593,29059.750000000,2,4,2026-06-10
NQM6,1781042401407821001,389320361,82760673,1781042401407821001,29065.750000000,2,1781042401406212593,29059.750000000,2,4,2026-06-10
NQM6,1781042401412609437,389320652,82760674,1781042401412609437,29065.750000000,1,1781042401406212593,29059.750000000,2,4,2026-06-10
NQM6,1781042401416550829,389320756,82760677,1781042401416550829,29065.500000000,1,1781042401406212593,29059.750000000,2,4,2026-06-10
NQM6,1781042401416738443,389320761,82760680,1781042401416550829,29065.500000000,1,1781042401416738443,29060.250000000,1,4,2026-06-10
NQM6,1781042401416839381,389320765,82760681,1781042401416550829,29065.500000000,1,1781042401416839381,29060.500000000,1,4,2026-06-10
NQM6,1781042401416843367,389320767,82760683,1781042401416550829,29065.500000000,1,1781042401416843367,29060.500000000,2,4,2026-06-10
NQM6,1781042401424518125,389320848,82760689,1781042401416550829,29065.500000000,1,1781042401424518125,29060.750000000,1,4,2026-06-10
NQM6,1781042401424562765,389320849,82760690,1781042401416550829,29065.500000000,1,1781042401424562765,29060.750000000,2,4,2026-06-10
NQM6,1781042401424613073,389320855,82760691,1781042401416550829,29065.500000000,1,1781042401424613073,29061.000000000,1,4,2026-06-10
NQM6,1781042401424617155,389320856,82760693,1781042401416550829,29065.500000000,1,1781042401424617155,29061.000000000,2,4,2026-06-10
NQM6,1781042401424659855,389320859,82760696,1781042401416550829,29065.500000000,1,1781042401424659855,29061.000000000,3,4,2026-06-10
NQM6,1781042401424795189,389320871,82760697,1781042401416550829,29065.500000000,1,1781042401424795189,29061.250000000,1,4,2026-06-10
NQM6,1781042401424854227,389320873,82760699,1781042401416550829,29065.500000000,1,1781042401424854227,29061.250000000,3,4,2026-06-10
NQM6,1781042401424962931,389320882,82760702,1781042401416550829,29065.500000000,1,1781042401424962931,29061.500000000,1,4,2026-06-10
NQM6,1781042401425060791,389320890,82760706,1781042401416550829,29065.500000000,1,1781042401425060791,29061.750000000,2,4,2026-06-10
NQM6,1781042401425223771,389320900,82760712,1781042401416550829,29065.500000000,1,1781042401425223771,29061.500000000,2,4,2026-06-10
NQM6,1781042401425388711,389320908,82760716,1781042401416550829,29065.500000000,1,1781042401425388711,29061.000000000,2,4,2026-06-10
NQM6,1781042401425613879,389320922,82760719,1781042401416550829,29065.500000000,1,1781042401425613879,29062.000000000,1,4,2026-06-10
NQM6,1781042401425718149,389320925,82760721,1781042401416550829,29065.500000000,1,1781042401425718149,29062.250000000,2,4,2026-06-10
NQM6,1781042401427329033,389320942,82760725,1781042401427329033,29067.250000000,2,1781042401425718149,29062.250000000,2,4,2026-06-10
NQM6,1781042401427431885,389320949,82760726,1781042401427431885,29067.250000000,1,1781042401425718149,29062.250000000,2,4,2026-06-10
NQM6,1781042401428089801,389320956,82760729,1781042401428089801,29065.250000000,1,1781042401425718149,29062.250000000,2,4,2026-06-10
NQM6,1781042401430003531,389320978,82760734,1781042401428089801,29065.250000000,1,1781042401430003531,29062.250000000,1,4,2026-06-10
NQM6,1781042401430200591,389320980,82760735,1781042401428089801,29065.250000000,1,1781042401430200591,29062.250000000,2,4,2026-06-10
NQM6,1781042401430444151,389320985,82760737,1781042401430444151,29067.250000000,2,1781042401430200591,29062.250000000,2,4,2026-06-10
NQM6,1781042401430540243,389320987,82760738,1781042401430540243,29067.000000000,1,1781042401430200591,29062.250000000,2,4,2026-06-10
NQM6,1781042401434409407,389321012,82760745,1781042401434409407,29067.250000000,2,1781042401430200591,29062.250000000,2,4,2026-06-10
NQM6,1781042401434746929,389321016,82760748,1781042401434409407,29067.250000000,2,1781042401434746929,29062.250000000,3,4,2026-06-10
NQM6,1781042401435077519,389321026,82760749,1781042401435077519,29067.250000000,1,1781042401434746929,29062.250000000,3,4,2026-06-10
NQM6,1781042401435092397,389321028,82760752,1781042401435077519,29067.250000000,1,1781042401435092397,29062.250000000,2,4,2026-06-10
NQM6,1781042401435299499,389321029,82760755,1781042401435299499,29067.000000000,1,1781042401435092397,29062.250000000,2,4,2026-06-10
NQM6,1781042401435305797,389321031,82760757,1781042401435299499,29067.000000000,1,1781042401435305797,29062.500000000,2,4,2026-06-10
NQM6,1781042401439149559,389321055,82760758,1781042401435299499,29067.000000000,1,1781042401439149559,29062.750000000,1,4,2026-06-10
NQM6,1781042401439380909,389321060,82760761,1781042401435299499,29067.000000000,1,1781042401439380909,29063.000000000,2,4,2026-06-10
NQM6,1781042401439559691,389321067,82760767,1781042401435299499,29067.000000000,1,1781042401439559691,29062.500000000,2,4,2026-06-10
NQM6,1781042401443259865,389321083,82760770,1781042401435299499,29067.000000000,1,1781042401443259865,29062.500000000,1,4,2026-06-10
NQM6,1781042401443454581,389321084,82760771,1781042401443454581,29067.000000000,2,1781042401443259865,29062.500000000,1,4,2026-06-10
NQM6,1781042401443459881,389321085,82760772,1781042401443454581,29067.000000000,2,1781042401443459881,29062.500000000,2,4,2026-06-10
NQM6,1781042401450348225,389321239,82760779,1781042401443454581,29067.000000000,2,1781042401450348225,29063.000000000,1,4,2026-06-10
NQM6,1781042401450455587,389321245,82760782,1781042401443454581,29067.000000000,2,1781042401450455587,29063.250000000,2,4,2026-06-10
NQM6,1781042401455137105,389321283,82760785,1781042401443454581,29067.000000000,2,1781042401455137105,29063.250000000,3,4,2026-06-10
NQM6,1781042401528818983,389321650,82760789,1781042401443454581,29067.000000000,2,1781042401528818983,29063.250000000,2,4,2026-06-10
NQM6,1781042401528929091,389321654,82760793,1781042401443454581,29067.000000000,2,1781042401528929091,29061.000000000,2,4,2026-06-10
NQM6,1781042401530840923,389321767,82760794,1781042401530840923,29067.000000000,3,1781042401528929091,29061.000000000,2,4,2026-06-10
NQM6,1781042401530953621,389321773,82760795,1781042401530953621,29066.750000000,2,1781042401528929091,29061.000000000,2,4,2026-06-10
NQM6,1781042401536210825,389321824,82760799,1781042401530953621,29066.750000000,2,1781042401536210825,29061.250000000,1,4,2026-06-10
NQM6,1781042401536308625,389321832,82760800,1781042401530953621,29066.750000000,2,1781042401536308625,29061.500000000,1,4,2026-06-10
NQM6,1781042401536313829,389321833,82760802,1781042401530953621,29066.750000000,2,1781042401536313829,29061.500000000,2,4,2026-06-10
NQM6,1781042401536314251,389321834,82760803,1781042401530953621,29066.750000000,2,1781042401536314251,29061.500000000,3,4,2026-06-10
NQM6,1781042401536401569,389321839,82760806,1781042401530953621,29066.750000000,2,1781042401536401569,29062.000000000,1,4,2026-06-10
NQM6,1781042401536456995,389321848,82760810,1781042401536456995,29066.750000000,3,1781042401536401569,29062.000000000,1,4,2026-06-10
NQM6,1781042401536515725,389321853,82760814,1781042401536456995,29066.750000000,3,1781042401536515725,29062.250000000,1,4,2026-06-10
NQM6,1781042401536597649,389321861,82760817,1781042401536597649,29066.500000000,2,1781042401536515725,29062.250000000,1,4,2026-06-10
NQM6,1781042401536672871,389321865,82760821,1781042401536597649,29066.500000000,2,1781042401536672871,29062.250000000,2,4,2026-06-10
NQM6,1781042401546287051,389322014,82760829,1781042401546287051,29063.000000000,1,1781042401536672871,29062.250000000,2,4,2026-06-10
NQM6,1781042401546399431,389322018,82760833,1781042401546399431,29066.500000000,2,1781042401536672871,29062.250000000,2,4,2026-06-10
NQM6,1781042401546401017,389322018,82760837,1781042401546399431,29066.500000000,2,1781042401546401017,29062.000000000,1,4,2026-06-10
NQM6,1781042401546407871,389322019,82760839,1781042401546407871,29066.750000000,1,1781042401546401017,29062.000000000,1,4,2026-06-10
NQM6,1781042401546455601,389322019,82760840,1781042401546455601,29063.000000000,1,1781042401546401017,29062.000000000,1,4,2026-06-10
NQM6,1781042401546492463,389322019,82760842,1781042401546455601,29063.000000000,1,1781042401546492463,29060.750000000,1,4,2026-06-10
NQM6,1781042401546717439,389322021,82760843,1781042401546455601,29063.000000000,1,1781042401546717439,29062.250000000,1,4,2026-06-10
NQM6,1781042401546718685,389322022,82760845,1781042401546718685,29066.750000000,1,1781042401546717439,29062.250000000,1,4,2026-06-10
NQM6,1781042401546816583,389322033,82760849,1781042401546718685,29066.750000000,1,1781042401546816583,29060.750000000,1,4,2026-06-10
NQM6,1781042401546835955,389322033,82760850,1781042401546835955,29066.500000000,1,1781042401546816583,29060.750000000,1,4,2026-06-10
NQM6,1781042401546837567,389322033,82760851,1781042401546837567,29066.500000000,2,1781042401546816583,29060.750000000,1,4,2026-06-10
NQM6,1781042401547058301,389322035,82760852,1781042401546837567,29066.500000000,2,1781042401547058301,29061.000000000,1,4,2026-06-10
NQM6,1781042401547207267,389322042,82760854,1781042401546837567,29066.500000000,2,1781042401547207267,29060.750000000,1,4,2026-06-10
NQM6,1781042401547419685,389322046,82760856,1781042401546837567,29066.500000000,2,1781042401547419685,29057.000000000,1,4,2026-06-10
NQM6,1781042401547513339,389322054,82760857,1781042401546837567,29066.500000000,2,1781042401547513339,29057.250000000,1,4,2026-06-10
NQM6,1781042401547669371,389322058,82760858,1781042401546837567,29066.500000000,2,1781042401547669371,29057.500000000,1,4,2026-06-10
NQM6,1781042401547786581,389322061,82760859,1781042401546837567,29066.500000000,2,1781042401547786581,29057.750000000,1,4,2026-06-10
NQM6,1781042401547892541,389322065,82760862,1781042401546837567,29066.500000000,2,1781042401547892541,29058.000000000,1,4,2026-06-10
NQM6,1781042401548095533,389322072,82760868,1781042401546837567,29066.500000000,2,1781042401548095533,29057.000000000,1,4,2026-06-10
NQM6,1781042401548277197,389322077,82760869,1781042401546837567,29066.500000000,2,1781042401548277197,29057.250000000,1,4,2026-06-10
NQM6,1781042401554089793,389322138,82760874,1781042401554089793,29066.500000000,3,1781042401548277197,29057.250000000,1,4,2026-06-10
NQM6,1781042401554189665,389322141,82760875,1781042401554189665,29066.500000000,2,1781042401548277197,29057.250000000,1,4,2026-06-10
NQM6,1781042401560134315,389322156,82760878,1781042401554189665,29066.500000000,2,1781042401560134315,29057.500000000,1,4,2026-06-10
NQM6,1781042401560320737,389322158,82760879,1781042401554189665,29066.500000000,2,1781042401560320737,29060.000000000,1,4,2026-06-10
NQM6,1781042401560346351,389322159,82760880,1781042401554189665,29066.500000000,2,1781042401560346351,29060.250000000,1,4,2026-06-10
NQM6,1781042401565551831,389322230,82760885,1781042401554189665,29066.500000000,2,1781042401565551831,29060.500000000,1,4,2026-06-10
NQM6,1781042401567881879,389322249,82760892,1781042401554189665,29066.500000000,2,1781042401567881879,29060.250000000,1,4,2026-06-10
NQM6,1781042401568188623,389322251,82760895,1781042401554189665,29066.500000000,2,1781042401568188623,29060.500000000,1,4,2026-06-10
NQM6,1781042401570036885,389322262,82760896,1781042401570036885,29066.500000000,1,1781042401568188623,29060.500000000,1,4,2026-06-10
NQM6,1781042401570130729,389322264,82760899,1781042401570130729,29066.750000000,1,1781042401568188623,29060.500000000,1,4,2026-06-10
NQM6,1781042401570333743,389322266,82760900,1781042401570333743,29066.750000000,2,1781042401568188623,29060.500000000,1,4,2026-06-10
NQM6,1781042401581350285,389322344,82760904,1781042401570333743,29066.750000000,2,1781042401581350285,29057.500000000,1,4,2026-06-10
NQM6,1781042401581533811,389322346,82760905,1781042401570333743,29066.750000000,2,1781042401581533811,29061.250000000,1,4,2026-06-10
NQM6,1781042401581769441,389322363,82760907,1781042401570333743,29066.750000000,2,1781042401581769441,29061.750000000,1,4,2026-06-10
NQM6,1781042401584433665,389322418,82760908,1781042401584433665,29066.750000000,3,1781042401581769441,29061.750000000,1,4,2026-06-10
NQM6,1781042401584527897,389322419,82760909,1781042401584527897,29066.500000000,1,1781042401581769441,29061.750000000,1,4,2026-06-10
NQM6,1781042401584529393,389322420,82760910,1781042401584529393,29066.500000000,2,1781042401581769441,29061.750000000,1,4,2026-06-10
NQM6,1781042401593329337,389322437,82760918,1781042401584529393,29066.500000000,2,1781042401593329337,29061.250000000,1,4,2026-06-10
NQM6,1781042401593665217,389322439,82760920,1781042401584529393,29066.500000000,2,1781042401593665217,29057.500000000,1,4,2026-06-10
NQM6,1781042401593768019,389322445,82760921,1781042401584529393,29066.500000000,2,1781042401593768019,29057.750000000,1,4,2026-06-10
NQM6,1781042401593890375,389322452,82760922,1781042401584529393,29066.500000000,2,1781042401593890375,29058.000000000,1,4,2026-06-10
NQM6,1781042401594006241,389322458,82760923,1781042401584529393,29066.500000000,2,1781042401594006241,29058.250000000,1,4,2026-06-10
NQM6,1781042401594134531,389322466,82760926,1781042401584529393,29066.500000000,2,1781042401594134531,29058.500000000,1,4,2026-06-10
NQM6,1781042401594275567,389322476,82760931,1781042401584529393,29066.500000000,2,1781042401594275567,29058.750000000,1,4,2026-06-10
NQM6,1781042401594461971,389322484,82760935,1781042401584529393,29066.500000000,2,1781042401594461971,29057.500000000,1,4,2026-06-10
NQM6,1781042401594532357,389322485,82760936,1781042401584529393,29066.500000000,2,1781042401594532357,29057.750000000,1,4,2026-06-10
NQM6,1781042401598154043,389322499,82760939,1781042401598154043,29066.500000000,3,1781042401594532357,29057.750000000,1,4,2026-06-10
NQM6,1781042401598247829,389322500,82760940,1781042401598247829,29066.250000000,1,1781042401594532357,29057.750000000,1,4,2026-06-10
NQM6,1781042401598249423,389322501,82760941,1781042401598249423,29066.250000000,2,1781042401594532357,29057.750000000,1,4,2026-06-10
NQM6,1781042401598330329,389322504,82760944,1781042401598249423,29066.250000000,2,1781042401598330329,29059.500000000,1,4,2026-06-10
NQM6,1781042401598607315,389322516,82760952,1781042401598607315,29066.250000000,3,1781042401598330329,29059.500000000,1,4,2026-06-10
NQM6,1781042401598719495,389322519,82760953,1781042401598719495,29066.000000000,1,1781042401598330329,29059.500000000,1,4,2026-06-10
NQM6,1781042401598721223,389322520,82760954,1781042401598721223,29066.000000000,2,1781042401598330329,29059.500000000,1,4,2026-06-10
NQM6,1781042401610249269,389322578,82760960,1781042401598721223,29066.000000000,2,1781042401610249269,29057.750000000,1,4,2026-06-10
NQM6,1781042401611894577,389322622,82760965,1781042401611894577,29066.000000000,3,1781042401610249269,29057.750000000,1,4,2026-06-10
NQM6,1781042401611986427,389322623,82760966,1781042401611986427,29065.750000000,1,1781042401610249269,29057.750000000,1,4,2026-06-10
NQM6,1781042401611988041,389322624,82760967,1781042401611988041,29065.750000000,2,1781042401610249269,29057.750000000,1,4,2026-06-10
NQM6,1781042401612232983,389322631,82760972,1781042401612232983,29065.750000000,3,1781042401610249269,29057.750000000,1,4,2026-06-10
NQM6,1781042401612318995,389322632,82760973,1781042401612318995,29065.500000000,1,1781042401610249269,29057.750000000,1,4,2026-06-10
NQM6,1781042401612320569,389322633,82760974,1781042401612320569,29065.500000000,2,1781042401610249269,29057.750000000,1,4,2026-06-10
NQM6,1781042401629288287,389322666,82760983,1781042401612320569,29065.500000000,2,1781042401629288287,29059.500000000,1,4,2026-06-10
NQM6,1781042401631128467,389322715,82760987,1781042401631128467,29065.500000000,3,1781042401629288287,29059.500000000,1,4,2026-06-10
NQM6,1781042401631222255,389322716,82760988,1781042401631222255,29065.250000000,1,1781042401629288287,29059.500000000,1,4,2026-06-10
NQM6,1781042401631223887,389322717,82760989,1781042401631223887,29065.250000000,2,1781042401629288287,29059.500000000,1,4,2026-06-10
NQM6,1781042401631426005,389322724,82760996,1781042401631426005,29065.250000000,3,1781042401629288287,29059.500000000,1,4,2026-06-10
NQM6,1781042401631523969,389322725,82760997,1781042401631523969,29065.000000000,1,1781042401629288287,29059.500000000,1,4,2026-06-10
NQM6,1781042401631525563,389322726,82760998,1781042401631525563,29065.000000000,2,1781042401629288287,29059.500000000,1,4,2026-06-10
NQM6,1781042401631749195,389322732,82761003,1781042401631749195,29065.000000000,3,1781042401629288287,29059.500000000,1,4,2026-06-10
NQM6,1781042401631784521,389322733,82761006,1781042401631784521,29065.000000000,4,1781042401629288287,29059.500000000,1,4,2026-06-10
NQM6,1781042401631836839,389322734,82761007,1781042401631836839,29064.750000000,1,1781042401629288287,29059.500000000,1,4,2026-06-10
NQM6,1781042401631838395,389322735,82761008,1781042401631838395,29064.750000000,2,1781042401629288287,29059.500000000,1,4,2026-06-10
NQM6,1781042401633474833,389322754,82761018,1781042401633474833,29064.750000000,3,1781042401629288287,29059.500000000,1,4,2026-06-10
NQM6,1781042401633565953,389322755,82761019,1781042401633565953,29064.500000000,1,1781042401629288287,29059.500000000,1,4,2026-06-10
NQM6,1781042401633567509,389322756,82761020,1781042401633567509,29064.500000000,2,1781042401629288287,29059.500000000,1,4,2026-06-10
NQM6,1781042401646343997,389322795,82761023,1781042401646343997,29064.500000000,3,1781042401629288287,29059.500000000,1,4,2026-06-10
NQM6,1781042401646438879,389322798,82761024,1781042401646438879,29064.250000000,1,1781042401629288287,29059.500000000,1,4,2026-06-10
NQM6,1781042401646440587,389322799,82761025,1781042401646440587,29064.250000000,2,1781042401629288287,29059.500000000,1,4,2026-06-10
NQM6,1781042401646533511,389322803,82761029,1781042401646440587,29064.250000000,2,1781042401646533511,29058.000000000,1,4,2026-06-10
NQM6,1781042401646543439,389322803,82761033,1781042401646440587,29064.250000000,2,1781042401646543439,29052.000000000,2,4,2026-06-10
NQM6,1781042401646686587,389322804,82761034,1781042401646440587,29064.250000000,2,1781042401646686587,29063.750000000,1,4,2026-06-10
NQM6,1781042401646779933,389322820,82761039,1781042401646440587,29064.250000000,2,1781042401646779933,29052.250000000,1,4,2026-06-10
NQM6,1781042401646787189,389322821,82761040,1781042401646787189,29064.250000000,1,1781042401646779933,29052.250000000,1,4,2026-06-10
NQM6,1781042401646788533,389322821,82761042,1781042401646788533,29064.500000000,1,1781042401646779933,29052.250000000,1,4,2026-06-10
NQM6,1781042401646828813,389322823,82761043,1781042401646828813,29064.250000000,2,1781042401646779933,29052.250000000,1,4,2026-06-10
NQM6,1781042401646899159,389322824,82761045,1781042401646828813,29064.250000000,2,1781042401646899159,29052.000000000,2,4,2026-06-10
NQM6,1781042401647093051,389322826,82761046,1781042401646828813,29064.250000000,2,1781042401647093051,29052.250000000,1,4,2026-06-10
NQM6,1781042401647131277,389322826,82761047,1781042401647131277,29064.000000000,1,1781042401647093051,29052.250000000,1,4,2026-06-10
NQM6,1781042401647132889,389322826,82761048,1781042401647132889,29064.000000000,2,1781042401647093051,29052.250000000,1,4,2026-06-10
NQM6,1781042401647230767,389322837,82761054,1781042401647230767,29062.250000000,1,1781042401647093051,29052.250000000,1,4,2026-06-10
NQM6,1781042401647484195,389322847,82761060,1781042401647484195,29062.000000000,1,1781042401647093051,29052.250000000,1,4,2026-06-10
NQM6,1781042401647485865,389322848,82761061,1781042401647485865,29062.000000000,2,1781042401647093051,29052.250000000,1,4,2026-06-10
NQM6,1781042401674710339,389322950,82761073,1781042401647485865,29062.000000000,2,1781042401674710339,29057.500000000,1,4,2026-06-10
NQM6,1781042401674747989,389322955,82761078,1781042401647485865,29062.000000000,2,1781042401674747989,29058.000000000,1,4,2026-06-10
NQM6,1781042401674796659,389322958,82761082,1781042401647485865,29062.000000000,2,1781042401674796659,29060.000000000,1,4,2026-06-10
NQM6,1781042401675110565,389322968,82761087,1781042401675110565,29062.000000000,1,1781042401674796659,29060.000000000,1,4,2026-06-10
NQM6,1781042401675112121,389322969,82761089,1781042401675112121,29064.000000000,2,1781042401674796659,29060.000000000,1,4,2026-06-10
NQM6,1781042401688853251,389323010,82761092,1781042401688853251,29063.750000000,1,1781042401674796659,29060.000000000,1,4,2026-06-10
NQM6,1781042401688958373,389323017,82761101,1781042401688958373,29063.500000000,1,1781042401674796659,29060.000000000,1,4,2026-06-10
NQM6,1781042401688959461,389323018,82761102,1781042401688958373,29063.500000000,1,1781042401688959461,29061.000000000,1,4,2026-06-10
NQM6,1781042401707822193,389323134,82761113,1781042401688958373,29063.500000000,1,1781042401707822193,29061.250000000,1,4,2026-06-10
NQM6,1781042401708522691,389323145,82761115,1781042401688958373,29063.500000000,1,1781042401708522691,29061.000000000,1,4,2026-06-10
NQM6,1781042401717205407,389323161,82761122,1781042401688958373,29063.500000000,1,1781042401717205407,29052.000000000,1,4,2026-06-10
NQM6,1781042401717379829,389323165,82761123,1781042401688958373,29063.500000000,1,1781042401717379829,29061.250000000,1,4,2026-06-10
NQM6,1781042401717451539,389323168,82761124,1781042401717451539,29063.500000000,2,1781042401717379829,29061.250000000,1,4,2026-06-10
NQM6,1781042401717510019,389323174,82761128,1781042401717451539,29063.500000000,2,1781042401717510019,29052.000000000,1,4,2026-06-10
NQM6,1781042401717601331,389323176,82761129,1781042401717601331,29063.500000000,1,1781042401717510019,29052.000000000,1,4,2026-06-10
NQM6,1781042401717739929,389323177,82761132,1781042401717739929,29063.250000000,1,1781042401717510019,29052.000000000,1,4,2026-06-10
NQM6,1781042401717751525,389323178,82761133,1781042401717739929,29063.250000000,1,1781042401717751525,29052.250000000,1,4,2026-06-10
NQM6,1781042401717855987,389323183,82761137,1781042401717855987,29063.000000000,1,1781042401717751525,29052.250000000,1,4,2026-06-10
NQM6,1781042401717857581,389323185,82761140,1781042401717857581,29063.000000000,2,1781042401717751525,29052.250000000,1,4,2026-06-10
NQM6,1781042401717870599,389323187,82761141,1781042401717857581,29063.000000000,2,1781042401717870599,29052.500000000,1,4,2026-06-10
NQM6,1781042401718034061,389323193,82761145,1781042401718034061,29063.000000000,1,1781042401717870599,29052.500000000,1,4,2026-06-10
NQM6,1781042401718046309,389323195,82761146,1781042401718034061,29063.000000000,1,1781042401718046309,29052.750000000,1,4,2026-06-10
NQM6,1781042401718129441,389323198,82761149,1781042401718129441,29064.000000000,1,1781042401718046309,29052.750000000,1,4,2026-06-10
NQM6,1781042401718164289,389323199,82761150,1781042401718164289,29064.000000000,2,1781042401718046309,29052.750000000,1,4,2026-06-10
NQM6,1781042401718176421,389323201,82761153,1781042401718164289,29064.000000000,2,1781042401718176421,29053.000000000,1,4,2026-06-10
NQM6,1781042401718282035,389323204,82761155,1781042401718164289,29064.000000000,2,1781042401718282035,29053.250000000,1,4,2026-06-10
NQM6,1781042401718360003,389323208,82761156,1781042401718360003,29063.750000000,1,1781042401718282035,29053.250000000,1,4,2026-06-10
NQM6,1781042401718394659,389323210,82761159,1781042401718360003,29063.750000000,1,1781042401718394659,29053.500000000,1,4,2026-06-10
NQM6,1781042401718484049,389323212,82761160,1781042401718484049,29063.500000000,1,1781042401718394659,29053.500000000,1,4,2026-06-10
NQM6,1781042401718485625,389323213,82761161,1781042401718485625,29063.500000000,2,1781042401718394659,29053.500000000,1,4,2026-06-10
NQM6,1781042401718507683,389323218,82761169,1781042401718485625,29063.500000000,2,1781042401718507683,29053.750000000,1,4,2026-06-10
NQM6,1781042401718651063,389323223,82761172,1781042401718651063,29063.500000000,1,1781042401718507683,29053.750000000,1,4,2026-06-10
NQM6,1781042401718652387,389323224,82761174,1781042401718652387,29064.250000000,2,1781042401718507683,29053.750000000,1,4,2026-06-10
NQM6,1781042401718660279,389323225,82761175,1781042401718660279,29064.000000000,1,1781042401718507683,29053.750000000,1,4,2026-06-10
NQM6,1781042401718665403,389323226,82761176,1781042401718660279,29064.000000000,1,1781042401718665403,29054.000000000,1,4,2026-06-10
NQM6,1781042401718699387,389323228,82761177,1781042401718699387,29064.000000000,2,1781042401718665403,29054.000000000,1,4,2026-06-10
NQM6,1781042401718782039,389323231,82761180,1781042401718699387,29064.000000000,2,1781042401718782039,29054.250000000,1,4,2026-06-10
NQM6,1781042401718786569,389323232,82761181,1781042401718786569,29063.750000000,1,1781042401718782039,29054.250000000,1,4,2026-06-10
NQM6,1781042401718885331,389323235,82761184,1781042401718786569,29063.750000000,1,1781042401718885331,29054.500000000,1,4,2026-06-10
NQM6,1781042401718888767,389323236,82761185,1781042401718888767,29063.500000000,1,1781042401718885331,29054.500000000,1,4,2026-06-10
NQM6,1781042401718890417,389323237,82761186,1781042401718890417,29063.500000000,2,1781042401718885331,29054.500000000,1,4,2026-06-10
NQM6,1781042401718897791,389323239,82761190,1781042401718897791,29063.500000000,3,1781042401718885331,29054.500000000,1,4,2026-06-10
NQM6,1781042401718982189,389323243,82761193,1781042401718897791,29063.500000000,3,1781042401718982189,29054.750000000,1,4,2026-06-10
NQM6,1781042401719026099,389323245,82761194,1781042401719026099,29063.250000000,1,1781042401718982189,29054.750000000,1,4,2026-06-10
NQM6,1781042401719027597,389323246,82761195,1781042401719027597,29063.250000000,2,1781042401718982189,29054.750000000,1,4,2026-06-10
NQM6,1781042401719034759,389323248,82761197,1781042401719034759,29063.250000000,3,1781042401718982189,29054.750000000,1,4,2026-06-10
NQM6,1781042401719089475,389323252,82761205,1781042401719034759,29063.250000000,3,1781042401719089475,29055.000000000,1,4,2026-06-10
NQM6,1781042401719158669,389323254,82761206,1781042401719158669,29063.000000000,1,1781042401719089475,29055.000000000,1,4,2026-06-10
NQM6,1781042401719160243,389323255,82761207,1781042401719160243,29063.000000000,2,1781042401719089475,29055.000000000,1,4,2026-06-10
NQM6,1781042401719164581,389323256,82761208,1781042401719164581,29063.000000000,3,1781042401719089475,29055.000000000,1,4,2026-06-10
NQM6,1781042401719213425,389323260,82761215,1781042401719164581,29063.000000000,3,1781042401719213425,29055.250000000,1,4,2026-06-10
NQM6,1781042401719285979,389323261,82761216,1781042401719285979,29062.750000000,1,1781042401719213425,29055.250000000,1,4,2026-06-10
NQM6,1781042401719288091,389323262,82761217,1781042401719288091,29062.750000000,2,1781042401719213425,29055.250000000,1,4,2026-06-10
NQM6,1781042401719289723,389323263,82761218,1781042401719289723,29062.750000000,3,1781042401719213425,29055.250000000,1,4,2026-06-10
NQM6,1781042401719331653,389323268,82761225,1781042401719289723,29062.750000000,3,1781042401719331653,29055.500000000,1,4,2026-06-10
NQM6,1781042401719401883,389323269,82761226,1781042401719401883,29062.500000000,1,1781042401719331653,29055.500000000,1,4,2026-06-10
NQM6,1781042401719403457,389323270,82761227,1781042401719403457,29062.500000000,2,1781042401719331653,29055.500000000,1,4,2026-06-10
NQM6,1781042401719405493,389323271,82761228,1781042401719405493,29062.500000000,3,1781042401719331653,29055.500000000,1,4,2026-06-10
NQM6,1781042401719457407,389323276,82761235,1781042401719405493,29062.500000000,3,1781042401719457407,29055.750000000,1,4,2026-06-10
NQM6,1781042401719525833,389323277,82761236,1781042401719525833,29062.250000000,1,1781042401719457407,29055.750000000,1,4,2026-06-10
NQM6,1781042401719527503,389323278,82761237,1781042401719527503,29062.250000000,2,1781042401719457407,29055.750000000,1,4,2026-06-10
NQM6,1781042401719575137,389323283,82761244,1781042401719527503,29062.250000000,2,1781042401719575137,29056.000000000,1,4,2026-06-10
NQM6,1781042401719688775,389323286,82761248,1781042401719688775,29062.250000000,1,1781042401719575137,29056.000000000,1,4,2026-06-10
NQM6,1781042401719690159,389323287,82761250,1781042401719690159,29064.000000000,1,1781042401719575137,29056.000000000,1,4,2026-06-10
NQM6,1781042401719706651,389323288,82761251,1781042401719690159,29064.000000000,1,1781042401719706651,29056.250000000,1,4,2026-06-10
NQM6,1781042401719782679,389323290,82761252,1781042401719782679,29064.000000000,2,1781042401719706651,29056.250000000,1,4,2026-06-10
NQM6,1781042401719825819,389323293,82761255,1781042401719782679,29064.000000000,2,1781042401719825819,29056.500000000,1,4,2026-06-10
NQM6,1781042401719832385,389323294,82761256,1781042401719832385,29063.750000000,1,1781042401719825819,29056.500000000,1,4,2026-06-10
NQM6,1781042401719867617,389323296,82761257,1781042401719832385,29063.750000000,1,1781042401719867617,29059.750000000,1,4,2026-06-10
NQM6,1781042401719942647,389323300,82761261,1781042401719942647,29063.500000000,1,1781042401719867617,29059.750000000,1,4,2026-06-10
NQM6,1781042401719944259,389323302,82761262,1781042401719944259,29063.500000000,2,1781042401719867617,29059.750000000,1,4,2026-06-10
NQM6,1781042401719956663,389323304,82761266,1781042401719956663,29063.500000000,3,1781042401719867617,29059.750000000,1,4,2026-06-10
NQM6,1781042401720083243,389323313,82761273,1781042401720083243,29063.250000000,1,1781042401719867617,29059.750000000,1,4,2026-06-10
NQM6,1781042401720097659,389323315,82761275,1781042401720097659,29063.250000000,2,1781042401719867617,29059.750000000,1,4,2026-06-10
NQM6,1781042401720219901,389323323,82761279,1781042401720219901,29063.000000000,1,1781042401719867617,29059.750000000,1,4,2026-06-10
NQM6,1781042401720236835,389323324,82761282,1781042401720236835,29063.000000000,2,1781042401719867617,29059.750000000,1,4,2026-06-10
NQM6,1781042401720352991,389323329,82761286,1781042401720352991,29062.750000000,1,1781042401719867617,29059.750000000,1,4,2026-06-10
NQM6,1781042401725876333,389323342,82761293,1781042401720352991,29062.750000000,1,1781042401725876333,29052.000000000,1,4,2026-06-10
NQM6,1781042401725903597,389323342,82761294,1781042401720352991,29062.750000000,1,1781042401725903597,29059.750000000,1,4,2026-06-10
NQM6,1781042401726158905,389323344,82761295,1781042401726158905,29062.750000000,2,1781042401725903597,29059.750000000,1,4,2026-06-10
NQM6,1781042401726172423,389323349,82761303,1781042401726158905,29062.750000000,2,1781042401726172423,29052.000000000,1,4,2026-06-10
NQM6,1781042401726179545,389323349,82761304,1781042401726158905,29062.750000000,2,1781042401726179545,29052.250000000,1,4,2026-06-10
NQM6,1781042401726271739,389323349,82761306,1781042401726271739,29062.750000000,1,1781042401726179545,29052.250000000,1,4,2026-06-10
NQM6,1781042401726347287,389323350,82761308,1781042401726347287,29062.500000000,1,1781042401726179545,29052.250000000,1,4,2026-06-10
NQM6,1781042401726444973,389323354,82761313,1781042401726444973,29062.250000000,1,1781042401726179545,29052.250000000,1,4,2026-06-10
NQM6,1781042401726446509,389323356,82761314,1781042401726446509,29062.250000000,2,1781042401726179545,29052.250000000,1,4,2026-06-10
NQM6,1781042401726614271,389323362,82761320,1781042401726614271,29062.250000000,1,1781042401726179545,29052.250000000,1,4,2026-06-10
NQM6,1781042401726615633,389323363,82761322,1781042401726615633,29063.750000000,1,1781042401726179545,29052.250000000,1,4,2026-06-10
NQM6,1781042401726622295,389323364,82761323,1781042401726622295,29063.500000000,1,1781042401726179545,29052.250000000,1,4,2026-06-10
NQM6,1781042401726623869,389323365,82761324,1781042401726623869,29063.500000000,2,1781042401726179545,29052.250000000,1,4,2026-06-10
NQM6,1781042401726824923,389323372,82761331,1781042401726824923,29063.500000000,1,1781042401726179545,29052.250000000,1,4,2026-06-10
NQM6,1781042401726826287,389323373,82761333,1781042401726826287,29063.750000000,2,1781042401726179545,29052.250000000,1,4,2026-06-10
NQM6,1781042401726909055,389323377,82761337,1781042401726909055,29063.250000000,1,1781042401726179545,29052.250000000,1,4,2026-06-10
NQM6,1781042401727008507,389323380,82761342,1781042401727008507,29064.250000000,2,1781042401726179545,29052.250000000,1,4,2026-06-10
NQM6,1781042401727019085,389323381,82761343,1781042401727019085,29063.000000000,1,1781042401726179545,29052.250000000,1,4,2026-06-10
NQM6,1781042401727020601,389323382,82761344,1781042401727020601,29063.000000000,2,1781042401726179545,29052.250000000,1,4,2026-06-10
NQM6,1781042401727185213,389323389,82761347,1781042401727185213,29063.000000000,1,1781042401726179545,29052.250000000,1,4,2026-06-10
NQM6,1781042401727186577,389323390,82761349,1781042401727186577,29064.000000000,2,1781042401726179545,29052.250000000,1,4,2026-06-10
NQM6,1781042401727283725,389323392,82761350,1781042401727283725,29063.750000000,1,1781042401726179545,29052.250000000,1,4,2026-06-10
NQM6,1781042401727382005,389323393,82761351,1781042401727382005,29063.500000000,1,1781042401726179545,29052.250000000,1,4,2026-06-10
NQM6,1781042401727383599,389323394,82761352,1781042401727383599,29063.500000000,2,1781042401726179545,29052.250000000,1,4,2026-06-10
NQM6,1781042401727391971,389323397,82761356,1781042401727391971,29063.500000000,3,1781042401726179545,29052.250000000,1,4,2026-06-10
NQM6,1781042401727512139,389323399,82761357,1781042401727512139,29063.250000000,1,1781042401726179545,29052.250000000,1,4,2026-06-10
NQM6,1781042401727513731,389323400,82761358,1781042401727513731,29063.250000000,2,1781042401726179545,29052.250000000,1,4,2026-06-10
NQM6,1781042401737551367,389323418,82761364,1781042401737551367,29063.250000000,3,1781042401726179545,29052.250000000,1,4,2026-06-10
NQM6,1781042401737648131,389323421,82761365,1781042401737648131,29063.000000000,1,1781042401726179545,29052.250000000,1,4,2026-06-10
NQM6,1781042401737649879,389323422,82761366,1781042401737649879,29063.000000000,2,1781042401726179545,29052.250000000,1,4,2026-06-10
NQM6,1781042401737748869,389323425,82761369,1781042401737748869,29061.000000000,1,1781042401726179545,29052.250000000,1,4,2026-06-10
NQM6,1781042401737750827,389323426,82761370,1781042401737748869,29061.000000000,1,1781042401737750827,29055.500000000,1,4,2026-06-10
NQM6,1781042401737767817,389323430,82761375,1781042401737748869,29061.000000000,1,1781042401737767817,29056.000000000,1,4,2026-06-10
NQM6,1781042401737779951,389323432,82761377,1781042401737748869,29061.000000000,1,1781042401737779951,29056.000000000,2,4,2026-06-10
NQM6,1781042401737783369,389323434,82761387,1781042401737748869,29061.000000000,1,1781042401737783369,29052.000000000,1,4,2026-06-10
NQM6,1781042401737784291,389323434,82761388,1781042401737748869,29061.000000000,1,1781042401737784291,29057.250000000,1,4,2026-06-10
NQM6,1781042401737840813,389323434,82761390,1781042401737840813,29060.750000000,1,1781042401737784291,29057.250000000,1,4,2026-06-10
NQM6,1781042401737842483,389323434,82761391,1781042401737842483,29060.750000000,2,1781042401737784291,29057.250000000,1,4,2026-06-10
NQM6,1781042401738100347,389323439,82761398,1781042401738100347,29060.750000000,3,1781042401737784291,29057.250000000,1,4,2026-06-10
NQM6,1781042401738187087,389323446,82761400,1781042401738187087,29060.750000000,2,1781042401737784291,29057.250000000,1,4,2026-06-10
NQM6,1781042401738210973,389323447,82761401,1781042401738210973,29060.500000000,1,1781042401737784291,29057.250000000,1,4,2026-06-10
NQM6,1781042401738219671,389323449,82761403,1781042401738219671,29060.500000000,2,1781042401737784291,29057.250000000,1,4,2026-06-10
NQM6,1781042401738331755,389323454,82761404,1781042401738331755,29060.250000000,1,1781042401737784291,29057.250000000,1,4,2026-06-10
NQM6,1781042401738336881,389323455,82761405,1781042401738336881,29060.250000000,2,1781042401737784291,29057.250000000,1,4,2026-06-10
NQM6,1781042401738442419,389323459,82761409,1781042401738442419,29060.000000000,1,1781042401737784291,29057.250000000,1,4,2026-06-10
NQM6,1781042401738446643,389323460,82761410,1781042401738446643,29060.000000000,2,1781042401737784291,29057.250000000,1,4,2026-06-10
NQM6,1781042401738544653,389323464,82761414,1781042401738544653,29059.750000000,1,1781042401737784291,29057.250000000,1,4,2026-06-10
NQM6,1781042401738553773,389323465,82761415,1781042401738553773,29059.750000000,2,1781042401737784291,29057.250000000,1,4,2026-06-10
NQM6,1781042401738649135,389323470,82761419,1781042401738649135,29059.500000000,1,1781042401737784291,29057.250000000,1,4,2026-06-10
NQM6,1781042401738657161,389323471,82761420,1781042401738657161,29059.500000000,2,1781042401737784291,29057.250000000,1,4,2026-06-10
NQM6,1781042401738761815,389323474,82761424,1781042401738761815,29059.250000000,1,1781042401737784291,29057.250000000,1,4,2026-06-10
NQM6,1781042401738769745,389323475,82761425,1781042401738769745,29059.250000000,2,1781042401737784291,29057.250000000,1,4,2026-06-10
NQM6,1781042401738867103,389323478,82761429,1781042401738867103,29059.000000000,1,1781042401737784291,29057.250000000,1,4,2026-06-10
NQM6,1781042401738968995,389323480,82761432,1781042401738968995,29059.000000000,2,1781042401737784291,29057.250000000,1,4,2026-06-10
NQM6,1781042401738973179,389323482,82761434,1781042401738973179,29058.750000000,1,1781042401737784291,29057.250000000,1,4,2026-06-10
NQM6,1781042401739098855,389323483,82761435,1781042401739098855,29058.750000000,2,1781042401737784291,29057.250000000,1,4,2026-06-10
NQM6,1781042401739560481,389323492,82761441,1781042401739560481,29058.750000000,1,1781042401737784291,29057.250000000,1,4,2026-06-10
NQM6,1781042401739795939,389323494,82761445,1781042401739795939,29059.000000000,1,1781042401737784291,29057.250000000,1,4,2026-06-10
NQM6,1781042401739801775,389323494,82761447,1781042401739801775,29061.000000000,1,1781042401737784291,29057.250000000,1,4,2026-06-10
NQM6,1781042401740027557,389323497,82761448,1781042401740027557,29060.750000000,1,1781042401737784291,29057.250000000,1,4,2026-06-10
NQM6,1781042401740126125,389323499,82761450,1781042401740027557,29060.750000000,1,1781042401740126125,29056.250000000,1,4,2026-06-10
NQM6,1781042401740237251,389323500,82761451,1781042401740237251,29060.500000000,2,1781042401740126125,29056.250000000,1,4,2026-06-10
NQM6,1781042401746398849,389323513,82761452,1781042401746398849,29060.500000000,3,1781042401740126125,29056.250000000,1,4,2026-06-10
NQM6,1781042401746502333,389323515,82761453,1781042401746502333,29060.250000000,2,1781042401740126125,29056.250000000,1,4,2026-06-10
NQM6,1781042401746600363,389323519,82761460,1781042401746502333,29060.250000000,2,1781042401746600363,29052.000000000,1,4,2026-06-10
NQM6,1781042401746610577,389323519,82761461,1781042401746502333,29060.250000000,2,1781042401746610577,29056.500000000,1,4,2026-06-10
NQM6,1781042401751689459,389323538,82761470,1781042401746502333,29060.250000000,2,1781042401751689459,29056.750000000,1,4,2026-06-10
NQM6,1781042401751804943,389323539,82761471,1781042401751804943,29060.250000000,1,1781042401751689459,29056.750000000,1,4,2026-06-10
NQM6,1781042401751941391,389323542,82761474,1781042401751804943,29060.250000000,1,1781042401751941391,29058.000000000,1,4,2026-06-10
NQM6,1781042401752034757,389323545,82761476,1781042401752034757,29060.500000000,1,1781042401751941391,29058.000000000,1,4,2026-06-10
NQM6,1781042401761316447,389323569,82761483,1781042401761316447,29056.500000000,1,1781042401761316447,29052.000000000,1,4,2026-06-10
NQM6,1781042401761318731,389323571,82761487,1781042401761316447,29056.500000000,1,1781042401761318731,29051.250000000,1,4,2026-06-10
NQM6,1781042401761446061,389323572,82761491,1781042401761446061,29060.500000000,1,1781042401761318731,29051.250000000,1,4,2026-06-10
NQM6,1781042401761447769,389323574,82761492,1781042401761447769,29056.250000000,1,1781042401761318731,29051.250000000,1,4,2026-06-10
NQM6,1781042401761449439,389323574,82761493,1781042401761449439,29056.250000000,2,1781042401761318731,29051.250000000,1,4,2026-06-10
NQM6,1781042401761456523,389323574,82761494,1781042401761449439,29056.250000000,2,1781042401761456523,29052.250000000,1,4,2026-06-10
NQM6,1781042401761702329,389323578,82761499,1781042401761449439,29056.250000000,2,1781042401761702329,29052.250000000,2,4,2026-06-10
NQM6,1781042401761783389,389323580,82761501,1781042401761449439,29056.250000000,2,1781042401761783389,29052.500000000,1,4,2026-06-10
NQM6,1781042401761790243,389323580,82761502,1781042401761790243,29056.250000000,1,1781042401761783389,29052.500000000,1,4,2026-06-10
NQM6,1781042401761791587,389323581,82761504,1781042401761791587,29060.250000000,2,1781042401761783389,29052.500000000,1,4,2026-06-10
NQM6,1781042401764169803,389323661,82761513,1781042401764169803,29053.000000000,1,1781042401761783389,29052.500000000,1,4,2026-06-10
NQM6,1781042401764264337,389323669,82761517,1781042401764264337,29060.250000000,2,1781042401761783389,29052.500000000,1,4,2026-06-10
NQM6,1781042401764269273,389323669,82761519,1781042401764264337,29060.250000000,2,1781042401764269273,29052.250000000,1,4,2026-06-10
NQM6,1781042401764270713,389323669,82761521,1781042401764270713,29060.500000000,1,1781042401764269273,29052.250000000,1,4,2026-06-10
NQM6,1781042401764301085,389323669,82761523,1781042401764301085,29053.000000000,2,1781042401764269273,29052.250000000,1,4,2026-06-10
NQM6,1781042401764360105,389323671,82761526,1781042401764360105,29053.000000000,1,1781042401764269273,29052.250000000,1,4,2026-06-10
NQM6,1781042401764432619,389323672,82761530,1781042401764432619,29060.500000000,1,1781042401764269273,29052.250000000,1,4,2026-06-10
NQM6,1781042401764488085,389323673,82761533,1781042401764432619,29060.500000000,1,1781042401764488085,29052.500000000,1,4,2026-06-10
NQM6,1781042401764712371,389323677,82761534,1781042401764712371,29060.250000000,2,1781042401764488085,29052.500000000,1,4,2026-06-10
NQM6,1781042401782373965,389323848,82761535,1781042401764712371,29060.250000000,2,1781042401782373965,29056.250000000,1,4,2026-06-10
NQM6,1781042401782380071,389323849,82761536,1781042401764712371,29060.250000000,2,1781042401782380071,29058.000000000,1,4,2026-06-10
NQM6,1781042401782499991,389323856,82761543,1781042401782499991,29060.500000000,1,1781042401782380071,29058.000000000,1,4,2026-06-10
NQM6,1781042401782524429,389323858,82761544,1781042401782524429,29060.000000000,1,1781042401782380071,29058.000000000,1,4,2026-06-10
NQM6,1781042401782662297,389323864,82761549,1781042401782662297,29056.500000000,1,1781042401782662297,29056.250000000,1,4,2026-06-10
NQM6,1781042401782672821,389323865,82761552,1781042401782672821,29060.000000000,1,1781042401782672821,29059.750000000,1,4,2026-06-10
NQM6,1781042401782717821,389323867,82761554,1781042401782717821,29060.500000000,1,1781042401782672821,29059.750000000,1,4,2026-06-10
NQM6,1781042401782856401,389323871,82761558,1781042401782717821,29060.500000000,1,1781042401782856401,29056.250000000,1,4,2026-06-10
NQM6,1781042401783208725,389323878,82761562,1781042401783208725,29060.250000000,1,1781042401782856401,29056.250000000,1,4,2026-06-10
NQM6,1781042401783210261,389323879,82761563,1781042401783210261,29060.250000000,2,1781042401782856401,29056.250000000,1,4,2026-06-10
NQM6,1781042401783629147,389323890,82761564,1781042401783629147,29060.000000000,1,1781042401782856401,29056.250000000,1,4,2026-06-10
NQM6,1781042401783734205,389323893,82761565,1781042401783734205,29059.750000000,1,1781042401782856401,29056.250000000,1,4,2026-06-10
NQM6,1781042401783968531,389323903,82761572,1781042401783968531,29060.500000000,1,1781042401782856401,29056.250000000,1,4,2026-06-10
NQM6,1781042401784684639,389323907,82761576,1781042401784684639,29060.250000000,1,1781042401782856401,29056.250000000,1,4,2026-06-10
NQM6,1781042401784686195,389323908,82761577,1781042401784686195,29060.250000000,2,1781042401782856401,29056.250000000,1,4,2026-06-10
NQM6,1781042401786185551,389323923,82761581,1781042401784686195,29060.250000000,2,1781042401786185551,29056.500000000,1,4,2026-06-10
NQM6,1781042401786205307,389323924,82761584,1781042401784686195,29060.250000000,2,1781042401786205307,29056.500000000,2,4,2026-06-10
NQM6,1781042401786283199,389323925,82761585,1781042401786283199,29060.250000000,1,1781042401786205307,29056.500000000,2,4,2026-06-10
NQM6,1781042401789885397,389323948,82761586,1781042401786283199,29060.250000000,1,1781042401789885397,29059.500000000,1,4,2026-06-10
NQM6,1781042401789983717,389323949,82761588,1781042401789983717,29060.500000000,1,1781042401789885397,29059.500000000,1,4,2026-06-10
NQM6,1781042401800566051,389323968,82761593,1781042401800566051,29056.500000000,1,1781042401800566051,29054.500000000,1,4,2026-06-10
NQM6,1781042401800721509,389323970,82761597,1781042401800721509,29060.500000000,1,1781042401800566051,29054.500000000,1,4,2026-06-10
NQM6,1781042401800730763,389323971,82761598,1781042401800721509,29060.500000000,1,1781042401800730763,29054.750000000,1,4,2026-06-10
NQM6,1781042401800948709,389323973,82761599,1781042401800721509,29060.500000000,1,1781042401800948709,29054.750000000,2,4,2026-06-10
NQM6,1781042401800963973,389323976,82761601,1781042401800963973,29060.250000000,1,1781042401800948709,29054.750000000,2,4,2026-06-10
NQM6,1781042401800965549,389323977,82761602,1781042401800965549,29060.250000000,2,1781042401800948709,29054.750000000,2,4,2026-06-10
NQM6,1781042401800987761,389323979,82761603,1781042401800965549,29060.250000000,2,1781042401800987761,29055.000000000,1,4,2026-06-10
NQM6,1781042401801058203,389323980,82761604,1781042401800965549,29060.250000000,2,1781042401801058203,29055.000000000,2,4,2026-06-10
NQM6,1781042401801128585,389323985,82761606,1781042401800965549,29060.250000000,2,1781042401801128585,29055.250000000,1,4,2026-06-10
NQM6,1781042401801148113,389323986,82761607,1781042401800965549,29060.250000000,2,1781042401801148113,29055.250000000,2,4,2026-06-10
NQM6,1781042401801246259,389323990,82761611,1781042401800965549,29060.250000000,2,1781042401801246259,29055.500000000,1,4,2026-06-10
NQM6,1781042401801250829,389323991,82761612,1781042401800965549,29060.250000000,2,1781042401801250829,29055.500000000,2,4,2026-06-10
NQM6,1781042401801363623,389323995,82761616,1781042401800965549,29060.250000000,2,1781042401801363623,29055.750000000,1,4,2026-06-10
NQM6,1781042401801366215,389323996,82761617,1781042401800965549,29060.250000000,2,1781042401801366215,29055.750000000,2,4,2026-06-10
NQM6,1781042401801495061,389324000,82761621,1781042401800965549,29060.250000000,2,1781042401801495061,29056.000000000,1,4,2026-06-10
NQM6,1781042401801501915,389324001,82761622,1781042401800965549,29060.250000000,2,1781042401801501915,29056.000000000,2,4,2026-06-10
NQM6,1781042401801632603,389324006,82761626,1781042401800965549,29060.250000000,2,1781042401801632603,29056.250000000,1,4,2026-06-10
NQM6,1781042401801843197,389324012,82761633,1781042401800965549,29060.250000000,2,1781042401801843197,29054.500000000,1,4,2026-06-10
NQM6,1781042401801943647,389324013,82761634,1781042401800965549,29060.250000000,2,1781042401801943647,29054.750000000,1,4,2026-06-10
NQM6,1781042401802045383,389324015,82761635,1781042401800965549,29060.250000000,2,1781042401802045383,29055.000000000,1,4,2026-06-10
NQM6,1781042401802138077,389324016,82761636,1781042401800965549,29060.250000000,2,1781042401802138077,29055.250000000,1,4,2026-06-10
NQM6,1781042401809277163,389324023,82761642,1781042401809277163,29057.000000000,1,1781042401802138077,29055.250000000,1,4,2026-06-10
NQM6,1781042401809278507,389324024,82761643,1781042401809277163,29057.000000000,1,1781042401809278507,29056.000000000,1,4,2026-06-10
NQM6,1781042401809284649,389324025,82761644,1781042401809277163,29057.000000000,1,1781042401809284649,29056.250000000,1,4,2026-06-10
NQM6,1781042401809391225,389324033,82761657,1781042401809391225,29060.250000000,1,1781042401809284649,29056.250000000,1,4,2026-06-10
NQM6,1781042401816052559,389324117,82761660,1781042401816052559,29060.000000000,1,1781042401809284649,29056.250000000,1,4,2026-06-10
NQM6,1781042401816159459,389324118,82761661,1781042401816159459,29059.750000000,1,1781042401809284649,29056.250000000,1,4,2026-06-10
NQM6,1781042401816237003,389324119,82761664,1781042401816159459,29059.750000000,1,1781042401816237003,29056.500000000,1,4,2026-06-10
NQM6,1781042401816280453,389324120,82761665,1781042401816280453,29058.750000000,1,1781042401816237003,29056.500000000,1,4,2026-06-10
NQM6,1781042401816358189,389324122,82761668,1781042401816280453,29058.750000000,1,1781042401816358189,29056.500000000,2,4,2026-06-10
NQM6,1781042401816380421,389324124,82761672,1781042401816380421,29059.750000000,1,1781042401816358189,29056.500000000,2,4,2026-06-10
NQM6,1781042401816384185,389324124,82761674,1781042401816384185,29060.000000000,1,1781042401816358189,29056.500000000,2,4,2026-06-10
NQM6,1781042401816388965,389324124,82761676,1781042401816388965,29060.250000000,1,1781042401816358189,29056.500000000,2,4,2026-06-10
NQM6,1781042401817495143,389324144,82761681,1781042401817495143,29060.500000000,1,1781042401816358189,29056.500000000,2,4,2026-06-10
NQM6,1781042401838334291,389324223,82761682,1781042401817495143,29060.500000000,1,1781042401838334291,29056.750000000,1,4,2026-06-10
NQM6,1781042401838445589,389324225,82761683,1781042401817495143,29060.500000000,1,1781042401838445589,29057.000000000,1,4,2026-06-10
NQM6,1781042401838540049,389324226,82761685,1781042401817495143,29060.500000000,1,1781042401838540049,29058.000000000,1,4,2026-06-10
NQM6,1781042401838565911,389324229,82761688,1781042401817495143,29060.500000000,1,1781042401838565911,29058.250000000,1,4,2026-06-10
NQM6,1781042401838568175,389324230,82761689,1781042401817495143,29060.500000000,1,1781042401838568175,29058.250000000,2,4,2026-06-10
NQM6,1781042401838572055,389324232,82761693,1781042401838572055,29063.000000000,1,1781042401838568175,29058.250000000,2,4,2026-06-10
NQM6,1781042401838857429,389324236,82761698,1781042401838572055,29063.000000000,1,1781042401838857429,29058.500000000,1,4,2026-06-10
NQM6,1781042401838862153,389324236,82761699,1781042401838862153,29060.250000000,1,1781042401838857429,29058.500000000,1,4,2026-06-10
NQM6,1781042401839135511,389324242,82761704,1781042401838862153,29060.250000000,1,1781042401839135511,29058.250000000,2,4,2026-06-10
NQM6,1781042401839141501,389324244,82761708,1781042401839141501,29063.000000000,1,1781042401839135511,29058.250000000,2,4,2026-06-10
NQM6,1781042401839227533,389324247,82761712,1781042401839141501,29063.000000000,1,1781042401839227533,29058.000000000,1,4,2026-06-10
NQM6,1781042401839547755,389324251,82761713,1781042401839547755,29062.750000000,1,1781042401839227533,29058.000000000,1,4,2026-06-10
NQM6,1781042401839549367,389324252,82761714,1781042401839549367,29062.750000000,2,1781042401839227533,29058.000000000,1,4,2026-06-10
NQM6,1781042401839550863,389324253,82761715,1781042401839549367,29062.750000000,2,1781042401839550863,29058.250000000,1,4,2026-06-10
NQM6,1781042401839628353,389324259,82761718,1781042401839628353,29062.750000000,1,1781042401839550863,29058.250000000,1,4,2026-06-10
NQM6,1781042401839852233,389324260,82761721,1781042401839852233,29062.750000000,2,1781042401839550863,29058.250000000,1,4,2026-06-10
NQM6,1781042401839941357,389324266,82761722,1781042401839852233,29062.750000000,2,1781042401839941357,29058.250000000,2,4,2026-06-10
NQM6,1781042401840029881,389324267,82761723,1781042401839852233,29062.750000000,2,1781042401840029881,29058.500000000,1,4,2026-06-10
NQM6,1781042401859756115,389324327,82761727,1781042401859756115,29059.500000000,1,1781042401840029881,29058.500000000,1,4,2026-06-10
NQM6,1781042401859852397,389324331,82761729,1781042401859756115,29059.500000000,1,1781042401859852397,29058.250000000,1,4,2026-06-10
NQM6,1781042401859878759,389324335,82761734,1781042401859756115,29059.500000000,1,1781042401859878759,29058.000000000,1,4,2026-06-10
NQM6,1781042401859937681,389324336,82761735,1781042401859756115,29059.500000000,1,1781042401859937681,29058.500000000,1,4,2026-06-10
NQM6,1781042401859998523,389324340,82761741,1781042401859998523,29063.000000000,1,1781042401859937681,29058.500000000,1,4,2026-06-10
NQM6,1781042401860203917,389324342,82761747,1781042401859998523,29063.000000000,1,1781042401860203917,29058.250000000,1,4,2026-06-10
NQM6,1781042401860280615,389324343,82761748,1781042401859998523,29063.000000000,1,1781042401860280615,29058.750000000,1,4,2026-06-10
NQM6,1781042401860304001,389324345,82761749,1781042401860304001,29062.750000000,2,1781042401860280615,29058.750000000,1,4,2026-06-10
NQM6,1781042401860492805,389324351,82761755,1781042401860304001,29062.750000000,2,1781042401860492805,29052.500000000,1,4,2026-06-10
NQM6,1781042401860587093,389324355,82761756,1781042401860304001,29062.750000000,2,1781042401860587093,29052.750000000,1,4,2026-06-10
NQM6,1781042401860721581,389324359,82761757,1781042401860304001,29062.750000000,2,1781042401860721581,29053.000000000,1,4,2026-06-10
NQM6,1781042401865297793,389324384,82761762,1781042401865297793,29062.500000000,1,1781042401860721581,29053.000000000,1,4,2026-06-10
NQM6,1781042401865398703,389324385,82761763,1781042401865398703,29062.250000000,1,1781042401860721581,29053.000000000,1,4,2026-06-10
NQM6,1781042401865400393,389324386,82761764,1781042401865400393,29062.250000000,2,1781042401860721581,29053.000000000,1,4,2026-06-10
NQM6,1781042401865408439,389324388,82761767,1781042401865408439,29062.250000000,3,1781042401860721581,29053.000000000,1,4,2026-06-10
NQM6,1781042401865500459,389324389,82761768,1781042401865408439,29062.250000000,3,1781042401865500459,29053.000000000,2,4,2026-06-10
NQM6,1781042401865501265,389324390,82761769,1781042401865501265,29061.000000000,1,1781042401865500459,29053.000000000,2,4,2026-06-10
NQM6,1781042401865508983,389324391,82761770,1781042401865501265,29061.000000000,1,1781042401865508983,29055.000000000,1,4,2026-06-10
NQM6,1781042401865529969,389324394,82761773,1781042401865501265,29061.000000000,1,1781042401865529969,29055.000000000,2,4,2026-06-10
NQM6,1781042401865608781,389324400,82761779,1781042401865608781,29060.750000000,1,1781042401865529969,29055.000000000,2,4,2026-06-10
NQM6,1781042401865610355,389324401,82761780,1781042401865610355,29060.750000000,2,1781042401865529969,29055.000000000,2,4,2026-06-10
NQM6,1781042401865620895,389324403,82761783,1781042401865610355,29060.750000000,2,1781042401865620895,29055.250000000,1,4,2026-06-10
NQM6,1781042401865626079,389324404,82761784,1781042401865626079,29060.750000000,3,1781042401865620895,29055.250000000,1,4,2026-06-10
NQM6,1781042401865681239,389324407,82761788,1781042401865626079,29060.750000000,3,1781042401865681239,29056.000000000,1,4,2026-06-10
NQM6,1781042401865756805,389324411,82761794,1781042401865756805,29060.500000000,1,1781042401865681239,29056.000000000,1,4,2026-06-10
NQM6,1781042401865758381,389324412,82761795,1781042401865758381,29060.500000000,2,1781042401865681239,29056.000000000,1,4,2026-06-10
NQM6,1781042401865802173,389324416,82761798,1781042401865758381,29060.500000000,2,1781042401865802173,29056.250000000,1,4,2026-06-10
NQM6,1781042401866036173,389324422,82761804,1781042401866036173,29060.500000000,1,1781042401865802173,29056.250000000,1,4,2026-06-10
NQM6,1781042401866037709,389324422,82761806,1781042401866037709,29060.750000000,1,1781042401865802173,29056.250000000,1,4,2026-06-10
NQM6,1781042401866241699,389324426,82761807,1781042401866241699,29060.750000000,2,1781042401865802173,29056.250000000,1,4,2026-06-10
NQM6,1781042401870578767,389324446,82761808,1781042401866241699,29060.750000000,2,1781042401870578767,29058.000000000,1,4,2026-06-10
NQM6,1781042401870644311,389324448,82761810,1781042401870644311,29060.500000000,1,1781042401870578767,29058.000000000,1,4,2026-06-10
NQM6,1781042401870688757,389324450,82761811,1781042401870644311,29060.500000000,1,1781042401870688757,29058.250000000,1,4,2026-06-10
NQM6,1781042401870875699,389324461,82761820,1781042401870875699,29061.000000000,1,1781042401870688757,29058.250000000,1,4,2026-06-10
NQM6,1781042401871695773,389324469,82761821,1781042401871695773,29060.750000000,1,1781042401870688757,29058.250000000,1,4,2026-06-10
NQM6,1781042401875536981,389324474,82761823,1781042401875536981,29061.000000000,1,1781042401870688757,29058.250000000,1,4,2026-06-10
NQM6,1781042401875669379,389324475,82761825,1781042401875669379,29063.000000000,1,1781042401870688757,29058.250000000,1,4,2026-06-10
NQM6,1781042401875783871,389324480,82761828,1781042401875669379,29063.000000000,1,1781042401875783871,29058.500000000,1,4,2026-06-10
NQM6,1781042401875851483,389324482,82761829,1781042401875851483,29062.750000000,1,1781042401875783871,29058.500000000,1,4,2026-06-10
NQM6,1781042401875853347,389324483,82761830,1781042401875853347,29062.750000000,2,1781042401875783871,29058.500000000,1,4,2026-06-10
NQM6,1781042401875938859,389324492,82761831,1781042401875853347,29062.750000000,2,1781042401875938859,29058.750000000,1,4,2026-06-10
NQM6,1781042401882278593,389324523,82761836,1781042401882278593,29062.500000000,1,1781042401875938859,29058.750000000,1,4,2026-06-10
NQM6,1781042401882401711,389324525,82761837,1781042401882401711,29062.250000000,1,1781042401875938859,29058.750000000,1,4,2026-06-10
NQM6,1781042401882403325,389324526,82761838,1781042401882403325,29062.250000000,2,1781042401875938859,29058.750000000,1,4,2026-06-10
NQM6,1781042401882499089,389324533,82761844,1781042401882499089,29061.250000000,1,1781042401875938859,29058.750000000,1,4,2026-06-10
NQM6,1781042401882621541,389324538,82761848,1781042401882499089,29061.250000000,1,1781042401882621541,29058.500000000,1,4,2026-06-10
NQM6,1781042401882953935,389324541,82761852,1781042401882953935,29061.000000000,1,1781042401882621541,29058.500000000,1,4,2026-06-10
NQM6,1781042401889153875,389324569,82761861,1781042401889153875,29061.000000000,2,1781042401882621541,29058.500000000,1,4,2026-06-10
NQM6,1781042401889163899,389324570,82761863,1781042401889153875,29061.000000000,2,1781042401889163899,29055.000000000,2,4,2026-06-10
NQM6,1781042401889268917,389324572,82761864,1781042401889268917,29060.750000000,1,1781042401889163899,29055.000000000,2,4,2026-06-10
NQM6,1781042401889270743,389324574,82761865,1781042401889270743,29060.750000000,2,1781042401889163899,29055.000000000,2,4,2026-06-10
NQM6,1781042401889272507,389324575,82761866,1781042401889270743,29060.750000000,2,1781042401889272507,29055.250000000,1,4,2026-06-10
NQM6,1781042401889275289,389324576,82761867,1781042401889270743,29060.750000000,2,1781042401889275289,29055.250000000,2,4,2026-06-10
NQM6,1781042401889429057,389324582,82761868,1781042401889270743,29060.750000000,2,1781042401889429057,29055.500000000,1,4,2026-06-10
NQM6,1781042401889591941,389324592,82761873,1781042401889270743,29060.750000000,2,1781042401889591941,29055.000000000,2,4,2026-06-10
NQM6,1781042401890109915,389324594,82761874,1781042401889270743,29060.750000000,2,1781042401890109915,29055.250000000,1,4,2026-06-10
NQM6,1781042401902040107,389324664,82761875,1781042401889270743,29060.750000000,2,1781042401902040107,29055.500000000,1,4,2026-06-10
NQM6,1781042401902156167,389324669,82761876,1781042401889270743,29060.750000000,2,1781042401902156167,29055.750000000,1,4,2026-06-10
NQM6,1781042401902182239,389324672,82761879,1781042401889270743,29060.750000000,2,1781042401902182239,29055.750000000,2,4,2026-06-10
NQM6,1781042401902261319,389324679,82761886,1781042401902261319,29060.500000000,1,1781042401902182239,29055.750000000,2,4,2026-06-10
NQM6,1781042401902293057,389324680,82761889,1781042401902293057,29060.500000000,2,1781042401902182239,29055.750000000,2,4,2026-06-10
NQM6,1781042401902296397,389324681,82761890,1781042401902293057,29060.500000000,2,1781042401902296397,29056.000000000,1,4,2026-06-10
NQM6,1781042401902311833,389324684,82761893,1781042401902293057,29060.500000000,2,1781042401902311833,29056.000000000,2,4,2026-06-10
NQM6,1781042401902387745,389324692,82761897,1781042401902387745,29060.250000000,1,1781042401902311833,29056.000000000,2,4,2026-06-10
NQM6,1781042401902389403,389324692,82761898,1781042401902389403,29060.250000000,2,1781042401902311833,29056.000000000,2,4,2026-06-10
NQM6,1781042401902485817,389324692,82761902,1781042401902389403,29060.250000000,2,1781042401902485817,29056.000000000,1,4,2026-06-10
NQM6,1781042401902756005,389324698,82761904,1781042401902389403,29060.250000000,2,1781042401902756005,29055.500000000,1,4,2026-06-10
NQM6,1781042401902760863,389324699,82761905,1781042401902389403,29060.250000000,2,1781042401902760863,29055.750000000,1,4,2026-06-10
NQM6,1781042401902867475,389324701,82761906,1781042401902389403,29060.250000000,2,1781042401902867475,29055.750000000,2,4,2026-06-10
NQM6,1781042401902969173,389324704,82761907,1781042401902389403,29060.250000000,2,1781042401902969173,29056.000000000,1,4,2026-06-10
NQM6,1781042401908260819,389324737,82761913,1781042401902389403,29060.250000000,2,1781042401908260819,29058.000000000,1,4,2026-06-10
NQM6,1781042401908375497,389324744,82761921,1781042401908375497,29060.250000000,1,1781042401908260819,29058.000000000,1,4,2026-06-10
NQM6,1781042401908376743,389324745,82761923,1781042401908376743,29060.500000000,1,1781042401908260819,29058.000000000,1,4,2026-06-10
NQM6,1781042401908436549,389324746,82761924,1781042401908436549,29060.000000000,1,1781042401908260819,29058.000000000,1,4,2026-06-10
NQM6,1781042401909420639,389324757,82761929,1781042401909420639,29060.500000000,1,1781042401908260819,29058.000000000,1,4,2026-06-10
NQM6,1781042401915135245,389324779,82761932,1781042401915135245,29059.750000000,1,1781042401908260819,29058.000000000,1,4,2026-06-10
NQM6,1781042401916095373,389324787,82761937,1781042401915135245,29059.750000000,1,1781042401916095373,29052.250000000,1,4,2026-06-10
NQM6,1781042401916183807,389324792,82761938,1781042401916183807,29059.500000000,1,1781042401916095373,29052.250000000,1,4,2026-06-10
NQM6,1781042401916185379,389324793,82761939,1781042401916185379,29059.500000000,2,1781042401916095373,29052.250000000,1,4,2026-06-10
NQM6,1781042401916186839,389324794,82761940,1781042401916185379,29059.500000000,2,1781042401916186839,29052.500000000,1,4,2026-06-10
NQM6,1781042401924035083,389324820,82761945,1781042401916185379,29059.500000000,2,1781042401924035083,29054.500000000,1,4,2026-06-10
NQM6,1781042401924039537,389324821,82761946,1781042401916185379,29059.500000000,2,1781042401924039537,29054.500000000,2,4,2026-06-10
NQM6,1781042401924142347,389324823,82761948,1781042401924142347,29059.500000000,1,1781042401924039537,29054.500000000,2,4,2026-06-10
NQM6,1781042401924143981,389324824,82761950,1781042401924143981,29062.750000000,2,1781042401924039537,29054.500000000,2,4,2026-06-10
NQM6,1781042401924152773,389324825,82761951,1781042401924143981,29062.750000000,2,1781042401924152773,29054.750000000,1,4,2026-06-10
NQM6,1781042401924235311,389324827,82761954,1781042401924235311,29059.250000000,1,1781042401924152773,29054.750000000,1,4,2026-06-10
NQM6,1781042401924337641,389324830,82761957,1781042401924337641,29059.000000000,1,1781042401924152773,29054.750000000,1,4,2026-06-10
NQM6,1781042401924339177,389324831,82761958,1781042401924339177,29059.000000000,2,1781042401924152773,29054.750000000,1,4,2026-06-10
NQM6,1781042401924471651,389324837,82761963,1781042401924471651,29059.000000000,1,1781042401924152773,29054.750000000,1,4,2026-06-10
NQM6,1781042401924473015,389324838,82761965,1781042401924473015,29062.750000000,3,1781042401924152773,29054.750000000,1,4,2026-06-10
NQM6,1781042401924483133,389324839,82761966,1781042401924483133,29062.500000000,2,1781042401924152773,29054.750000000,1,4,2026-06-10
NQM6,1781042401924713675,389324843,82761971,1781042401924713675,29062.750000000,2,1781042401924152773,29054.750000000,1,4,2026-06-10
NQM6,1781042401939849011,389324875,82761974,1781042401924713675,29062.750000000,2,1781042401939849011,29055.000000000,1,4,2026-06-10
NQM6,1781042401939865463,389324876,82761975,1781042401939865463,29059.500000000,1,1781042401939849011,29055.000000000,1,4,2026-06-10
NQM6,1781042401939949881,389324878,82761977,1781042401939865463,29059.500000000,1,1781042401939949881,29055.250000000,1,4,2026-06-10
NQM6,1781042401939963975,389324880,82761980,1781042401939865463,29059.500000000,1,1781042401939963975,29055.250000000,2,4,2026-06-10
NQM6,1781042401939964379,389324881,82761981,1781042401939964379,29059.250000000,1,1781042401939963975,29055.250000000,2,4,2026-06-10
NQM6,1781042401939966343,389324883,82761982,1781042401939966343,29059.250000000,2,1781042401939963975,29055.250000000,2,4,2026-06-10
NQM6,1781042401940078747,389324889,82761989,1781042401939966343,29059.250000000,2,1781042401940078747,29055.500000000,1,4,2026-06-10
NQM6,1781042401940222317,389324895,82761993,1781042401940222317,29059.250000000,1,1781042401940078747,29055.500000000,1,4,2026-06-10
NQM6,1781042401940461943,389324896,82761994,1781042401940461943,29059.250000000,2,1781042401940078747,29055.500000000,1,4,2026-06-10
NQM6,1781042401940468105,389324897,82761995,1781042401940461943,29059.250000000,2,1781042401940468105,29055.750000000,1,4,2026-06-10
NQM6,1781042401940487805,389324899,82761996,1781042401940461943,29059.250000000,2,1781042401940487805,29055.750000000,2,4,2026-06-10
NQM6,1781042401940514797,389324903,82761999,1781042401940514797,29059.250000000,1,1781042401940487805,29055.750000000,2,4,2026-06-10
NQM6,1781042401940649499,389324903,82762002,1781042401940514797,29059.250000000,1,1781042401940649499,29056.000000000,1,4,2026-06-10
NQM6,1781042401940652187,389324903,82762005,1781042401940652187,29059.500000000,1,1781042401940649499,29056.000000000,1,4,2026-06-10
NQM6,1781042401940785813,389324904,82762006,1781042401940652187,29059.500000000,1,1781042401940785813,29056.000000000,2,4,2026-06-10
NQM6,1781042401940804435,389324905,82762007,1781042401940652187,29059.500000000,1,1781042401940804435,29056.000000000,3,4,2026-06-10
NQM6,1781042401940913583,389324907,82762010,1781042401940652187,29059.500000000,1,1781042401940913583,29056.250000000,2,4,2026-06-10
NQM6,1781042401940919977,389324909,82762012,1781042401940652187,29059.500000000,1,1781042401940919977,29056.250000000,3,4,2026-06-10
NQM6,1781042401941020349,389324910,82762013,1781042401940652187,29059.500000000,1,1781042401941020349,29059.000000000,1,4,2026-06-10
NQM6,1781042401941286929,389324924,82762026,1781042401940652187,29059.500000000,1,1781042401941286929,29057.500000000,2,4,2026-06-10
NQM6,1781042401941529089,389324925,82762031,1781042401941529089,29059.250000000,2,1781042401941286929,29057.500000000,2,4,2026-06-10
NQM6,1781042401941533543,389324926,82762033,1781042401941529089,29059.250000000,2,1781042401941533543,29055.000000000,1,4,2026-06-10
NQM6,1781042401942457367,389324930,82762034,1781042401941529089,29059.250000000,2,1781042401942457367,29055.250000000,2,4,2026-06-10
NQM6,1781042401942557527,389324931,82762035,1781042401941529089,29059.250000000,2,1781042401942557527,29055.500000000,1,4,2026-06-10
NQM6,1781042401942672109,389324932,82762036,1781042401941529089,29059.250000000,2,1781042401942672109,29055.750000000,2,4,2026-06-10
NQM6,1781042401942882129,389324935,82762042,1781042401941529089,29059.250000000,2,1781042401942882129,29055.000000000,1,4,2026-06-10
NQM6,1781042401944640731,389324950,82762043,1781042401941529089,29059.250000000,2,1781042401944640731,29055.250000000,2,4,2026-06-10
NQM6,1781042401960483245,389325010,82762044,1781042401960483245,29059.250000000,3,1781042401944640731,29055.250000000,2,4,2026-06-10
NQM6,1781042401960582083,389325013,82762045,1781042401960582083,29059.000000000,2,1781042401944640731,29055.250000000,2,4,2026-06-10
NQM6,1781042401960681765,389325016,82762051,1781042401960582083,29059.000000000,2,1781042401960681765,29056.000000000,1,4,2026-06-10
NQM6,1781042401960738115,389325018,82762054,1781042401960582083,29059.000000000,2,1781042401960738115,29056.750000000,1,4,2026-06-10
NQM6,1781042401960795539,389325021,82762059,1781042401960795539,29059.250000000,1,1781042401960738115,29056.750000000,1,4,2026-06-10
NQM6,1781042401960829905,389325023,82762060,1781042401960795539,29059.250000000,1,1781042401960829905,29057.000000000,2,4,2026-06-10
NQM6,1781042401960989049,389325025,82762063,1781042401960989049,29059.000000000,1,1781042401960829905,29057.000000000,2,4,2026-06-10
NQM6,1781042401961213237,389325028,82762067,1781042401961213237,29059.250000000,1,1781042401960829905,29057.000000000,2,4,2026-06-10
NQM6,1781042401961250041,389325031,82762070,1781042401961213237,29059.250000000,1,1781042401961250041,29056.000000000,1,4,2026-06-10
NQM6,1781042401961502259,389325032,82762071,1781042401961502259,29059.000000000,1,1781042401961250041,29056.000000000,1,4,2026-06-10
NQM6,1781042401961613883,389325033,82762072,1781042401961502259,29059.000000000,1,1781042401961613883,29056.250000000,2,4,2026-06-10
NQM6,1781042401961868963,389325034,82762074,1781042401961868963,29059.250000000,1,1781042401961613883,29056.250000000,2,4,2026-06-10
NQM6,1781042401971566697,389325049,82762078,1781042401961868963,29059.250000000,1,1781042401971566697,29056.500000000,1,4,2026-06-10
NQM6,1781042401971677381,389325050,82762079,1781042401961868963,29059.250000000,1,1781042401971677381,29056.750000000,2,4,2026-06-10
NQM6,1781042401971784647,389325052,82762082,1781042401971784647,29059.250000000,2,1781042401971677381,29056.750000000,2,4,2026-06-10
NQM6,1781042401973648997,389325092,82762087,1781042401971784647,29059.250000000,2,1781042401973648997,29057.000000000,1,4,2026-06-10
NQM6,1781042401973748545,389325094,82762088,1781042401971784647,29059.250000000,2,1781042401973748545,29057.250000000,2,4,2026-06-10
NQM6,1781042401973843159,389325097,82762091,1781042401973843159,29059.250000000,1,1781042401973748545,29057.250000000,2,4,2026-06-10
NQM6,1781042401975572445,389325098,82762094,1781042401973843159,29059.250000000,1,1781042401975572445,29057.500000000,1,4,2026-06-10
NQM6,1781042401989191105,389325139,82762099,1781042401973843159,29059.250000000,1,1781042401989191105,29057.250000000,2,4,2026-06-10
NQM6,1781042401989473621,389325140,82762103,1781042401989473621,29059.000000000,2,1781042401989191105,29057.250000000,2,4,2026-06-10
NQM6,1781042401989478111,389325141,82762105,1781042401989473621,29059.000000000,2,1781042401989478111,29052.250000000,1,4,2026-06-10
NQM6,1781042401989493279,389325143,82762106,1781042401989473621,29059.000000000,2,1781042401989493279,29052.500000000,1,4,2026-06-10
NQM6,1781042401989590101,389325150,82762107,1781042401989473621,29059.000000000,2,1781042401989590101,29057.250000000,1,4,2026-06-10
NQM6,1781042401989724707,389325158,82762113,1781042401989473621,29059.000000000,2,1781042401989724707,29052.500000000,3,4,2026-06-10
NQM6,1781042401989729507,389325158,82762114,1781042401989473621,29059.000000000,2,1781042401989729507,29057.250000000,2,4,2026-06-10
NQM6,1781042401989732097,389325158,82762117,1781042401989732097,29059.250000000,1,1781042401989729507,29057.250000000,2,4,2026-06-10
NQM6,1781042401989786125,389325160,82762122,1781042401989786125,29063.000000000,1,1781042401989729507,29057.250000000,2,4,2026-06-10
NQM6,1781042401989958167,389325161,82762124,1781042401989786125,29063.000000000,1,1781042401989958167,29052.500000000,1,4,2026-06-10
NQM6,1781042401989959551,389325161,82762126,1781042401989786125,29063.000000000,1,1781042401989959551,29052.250000000,1,4,2026-06-10
NQM6,1781042401989960049,389325162,82762127,1781042401989786125,29063.000000000,1,1781042401989960049,29052.750000000,1,4,2026-06-10
NQM6,1781042401989973527,389325163,82762128,1781042401989973527,29059.000000000,2,1781042401989960049,29052.750000000,1,4,2026-06-10
NQM6,1781042401990095097,389325174,82762130,1781042401989973527,29059.000000000,2,1781042401990095097,29052.250000000,1,4,2026-06-10
NQM6,1781042401990096497,389325175,82762131,1781042401989973527,29059.000000000,2,1781042401990096497,29053.000000000,1,4,2026-06-10
NQM6,1781042401990138927,389325176,82762134,1781042401989973527,29059.000000000,2,1781042401990138927,29053.000000000,2,4,2026-06-10
NQM6,1781042401990168801,389325176,82762135,1781042401989973527,29059.000000000,2,1781042401990168801,29053.000000000,3,4,2026-06-10
NQM6,1781042401990170203,389325176,82762137,1781042401990170203,29063.000000000,1,1781042401990168801,29053.000000000,3,4,2026-06-10
NQM6,1781042401990443983,389325179,82762139,1781042401990170203,29063.000000000,1,1781042401990443983,29053.250000000,1,4,2026-06-10
NQM6,1781042401990445615,389325179,82762140,1781042401990445615,29062.750000000,2,1781042401990443983,29053.250000000,1,4,2026-06-10
