20180225 230100;6918.25;6928.75;6918.25;6921.75;730
20180225 230200;6921;6925;6919.75;6924.75;213
20180225 230300;6924.5;6926.25;6923.75;6925.5;192
20180225 230400;6926;6926.25;6925;6925;217
20180225 230500;6925;6925.25;6922;6922.25;97
20180225 230600;6922.5;6922.5;6920.75;6922;89
20180225 230700;6922.25;6923.5;6922.25;6922.5;66
20180225 230800;6922.25;6923.25;6921.5;6921.5;71
20180225 230900;6922;6923.75;6921.5;6923;42
20180225 231000;6923;6923.75;6921;6921.5;49
20180225 231100;6922;6922;6920.25;6920.25;34
20180225 231200;6920.25;6920.75;6919.5;6920.25;55
20180225 231300;6920.75;6921.75;6920.75;6920.75;51
20180225 231400;6920.75;6921.25;6920.25;6921.25;26
20180225 231500;6921;6921.5;6921;6921.25;29
20180225 231600;6921.5;6921.5;6920.25;6920.75;47
20180225 231700;6920.5;6921;6920.5;6920.75;19
20180225 231800;6920.75;6921.25;6920.5;6921;26
20180225 231900;6920.75;6921;6919.25;6919.25;46
20180225 232000;6919;6919.25;6918.75;6919;27
20180225 232100;6919;6919;6918.75;6919;8
20180225 232200;6919;6919.5;6918.75;6919.25;24
20180225 232300;6919.5;6921;6919.5;6921;70
20180225 232400;6921;6921.25;6920.75;6921.25;23
20180225 232500;6921.5;6922.25;6921.5;6921.75;27
20180225 232600;6922.25;6922.5;6921.25;6922;22
20180225 232700;6922;6922;6921.5;6922;45
20180225 232800;6922;6922.5;6921.75;6922.5;20
20180225 232900;6922.5;6922.5;6921.25;6921.75;21
20180225 233000;6921;6921.25;6921;6921;14
20180225 233100;6920.75;6920.75;6919;6919.75;93
20180225 233200;6920;6920.75;6919.75;6920.5;33
20180225 233300;6920.25;6920.25;6919;6919.25;55
20180225 233400;6919.25;6919.25;6916;6916.25;138
20180225 233500;6916.25;6917;6916;6916.5;30
20180225 233600;6916.5;6917.5;6916.5;6917.25;28
20180225 233700;6917.25;6917.5;6916.75;6917.25;26
20180225 233800;6917.5;6919.25;6917.5;6919;46
20180225 233900;6918.5;6919;6917.75;6918.25;46
20180225 234000;6918.75;6921;6918.25;6919.75;94
20180225 234100;6920;6920.5;6919.5;6920;25
20180225 234200;6920;6922.25;6920;6921.25;90
20180225 234300;6921;6921;6918.25;6919.75;107
20180225 234400;6919.75;6920.75;6919.75;6920.75;25
20180225 234500;6920.5;6921;6920;6920.5;37
20180225 234600;6920.5;6920.5;6918.25;6919.5;63
20180225 234700;6919.25;6920.5;6919.25;6920;32
20180225 234800;6919.5;6919.5;6918.75;6918.75;10
20180225 234900;6919.5;6919.75;6919;6919.5;17
20180225 235000;6919.75;6920.5;6919;6919.25;29
20180225 235100;6919;6919.25;6917.75;6918.75;41
20180225 235200;6918.75;6919;6918.25;6919;24
20180225 235300;6918.75;6919.25;6918.75;6918.75;8
20180225 235400;6918.25;6918.75;6916;6916.25;67
20180225 235500;6916;6916.5;6915.5;6916.5;71
20180225 235600;6916.25;6916.5;6913.75;6914;88
20180225 235700;6914;6914.75;6913.5;6914;28
20180225 235800;6914;6914.5;6913;6914.5;70
20180225 235900;6914.5;6915.5;6914.5;6915;53
20180226 000000;6915;6915;6914.5;6914.75;17
20180226 000100;6914.75;6914.75;6911.75;6911.75;88
20180226 000200;6912;6912.25;6910.75;6911.5;188
20180226 000300;6911.75;6912.5;6911.5;6911.75;78
20180226 000400;6911.75;6912.5;6911;6911.5;62
20180226 000500;6911.75;6913.75;6911.75;6913;68
20180226 000600;6913.25;6915;6911.75;6913.5;115
20180226 000700;6914.25;6915.5;6913.25;6913.75;118
20180226 000800;6913.75;6914;6913;6913;79
20180226 000900;6913;6913;6911;6911.75;62
20180226 001000;6911.75;6911.75;6909.75;6910;150
20180226 001100;6909.75;6911;6909.75;6910.25;65
20180226 001200;6910;6910;6907.75;6909.75;174
20180226 001300;6909.75;6910.25;6908;6908.25;75
20180226 001400;6908.5;6909.5;6908.5;6909.25;68
20180226 001500;6909.25;6909.25;6904.5;6908;378
20180226 001600;6907.75;6908.25;6906.25;6907.75;114
20180226 001700;6908.25;6908.25;6906.5;6906.5;84
20180226 001800;6906.5;6908;6906.25;6907.5;86
20180226 001900;6907.5;6909;6907;6908.5;55
20180226 002000;6908.75;6910;6907.75;6908;82
20180226 002100;6908;6908;6905.5;6907.75;96
20180226 002200;6907.5;6908.25;6906.5;6907.75;89
20180226 002300;6907.75;6908.5;6907;6908.5;90
20180226 002400;6908.5;6909;6907.75;6908.25;92
20180226 002500;6908.25;6908.75;6908;6908;71
20180226 002600;6907.75;6908.75;6907.25;6908.25;53
20180226 002700;6908.5;6908.5;6907.5;6907.75;18
20180226 002800;6907.75;6908.5;6905.5;6905.5;66
20180226 002900;6906;6906.5;6905.5;6905.75;59
20180226 003000;6905.5;6905.75;6905;6905.25;55
20180226 003100;6905.5;6905.5;6902.25;6902.5;166
20180226 003200;6902.25;6902.75;6901.25;6901.75;129
20180226 003300;6902.25;6902.75;6901.5;6902;108
20180226 003400;6902;6902.5;6901.5;6902;56
20180226 003500;6902.25;6902.5;6901.5;6901.75;58
20180226 003600;6902;6902.5;6900.5;6901.5;106
20180226 003700;6902;6902.5;6901.75;6901.75;42
20180226 003800;6902.25;6902.5;6901.5;6902.25;25
20180226 003900;6902.25;6903.75;6902;6903.5;71
20180226 004000;6903.25;6904.25;6903.25;6903.75;91
20180226 004100;6904;6904.5;6903.5;6903.5;63
20180226 004200;6903.25;6903.5;6903;6903.25;31
20180226 004300;6903.75;6904.5;6903.25;6903.5;47
20180226 004400;6903.75;6904;6903.25;6903.5;38
20180226 004500;6903.25;6903.75;6902;6902;95
20180226 004600;6902.5;6903.25;6901.25;6902;89
20180226 004700;6901.5;6901.75;6900;6900;140
20180226 004800;6900;6900;6898;6899.5;226
20180226 004900;6899.75;6900.5;6898.5;6899.75;89
20180226 005000;6900;6900.5;6897.25;6897.75;121
20180226 005100;6897.5;6898.5;6896.75;6898.5;113
20180226 005200;6898.25;6900;6898;6899.25;78
20180226 005300;6899.75;6901;6898.25;6898.75;138
20180226 005400;6899;6899.5;6898;6899.25;97
20180226 005500;6899;6899;6897.25;6898.25;78
20180226 005600;6898.25;6898.25;6895.25;6895.75;311
20180226 005700;6896;6896;6890;6890.25;702
20180226 005800;6890.5;6891.5;6890;6891.25;327
20180226 005900;6891.25;6894.25;6891;6893.5;294
20180226 010000;6893.5;6893.75;6892.5;6892.75;103
20180226 010100;6892.5;6894.25;6892.25;6893;272
20180226 010200;6892.75;6895;6892.5;6894.5;122
20180226 010300;6894.5;6895;6892.5;6893.25;193
20180226 010400;6893.5;6895.5;6892.75;6895.25;116
20180226 010500;6895.25;6896.5;6895;6895.5;94
20180226 010600;6895.75;6896;6895;6895.5;62
20180226 010700;6896;6896.5;6895.25;6896;80
20180226 010800;6895.75;6896.25;6894.5;6894.75;57
20180226 010900;6894.75;6895.75;6894.75;6894.75;37
20180226 011000;6895.25;6895.25;6893.25;6894;74
20180226 011100;6893.75;6897.5;6893.75;6897.25;67
20180226 011200;6897.25;6897.75;6896.5;6897.5;125
20180226 011300;6897.75;6898;6896.75;6896.75;62
20180226 011400;6897;6897.25;6896;6897;47
20180226 011500;6897;6897.5;6896.25;6896.5;55
20180226 011600;6896.25;6896.75;6894.25;6895;77
20180226 011700;6895;6898;6895;6897.75;73
20180226 011800;6897.75;6899.75;6897.75;6899;98
20180226 011900;6898.75;6899.75;6898.75;6899.75;36
20180226 012000;6899.5;6900.75;6899.25;6900;81
20180226 012100;6900.25;6901.5;6899.5;6901.5;93
20180226 012200;6901.25;6901.5;6899.25;6899.25;78
20180226 012300;6899;6899.5;6898.25;6898.75;76
20180226 012400;6898.5;6899.75;6898.25;6899.5;38
20180226 012500;6899.75;6900.75;6899.75;6900.25;41
20180226 012600;6900.25;6901;6900;6900.25;59
20180226 012700;6900.5;6900.5;6899.75;6899.75;20
20180226 012800;6899.75;6901.5;6899.75;6901;54
20180226 012900;6901.25;6903;6901;6901.5;119
20180226 013000;6901.5;6901.5;6900.25;6900.25;60
20180226 013100;6900;6902.5;6900;6901;146
20180226 013200;6901.25;6902.25;6900;6902;84
20180226 013300;6902.5;6903.5;6902;6902.5;61
20180226 013400;6902.25;6903.25;6902.25;6903.25;38
20180226 013500;6903.5;6904;6902.75;6903.25;91
20180226 013600;6903.5;6903.5;6901.5;6901.75;107
20180226 013700;6901.75;6903;6901.5;6902.75;52
20180226 013800;6902.5;6903.5;6902.5;6902.75;43
20180226 013900;6903;6903;6901.5;6901.75;25
20180226 014000;6901.75;6902.5;6901.5;6901.5;46
20180226 014100;6901.25;6901.75;6900.5;6900.5;86
20180226 014200;6900.5;6901.25;6900;6900;54
20180226 014300;6900;6900.25;6898.5;6899;74
20180226 014400;6899.25;6900.25;6898.75;6898.75;69
20180226 014500;6898.5;6899;6895.75;6896.5;170
20180226 014600;6897;6897.25;6894.25;6894.75;180
20180226 014700;6894.75;6895.5;6893.75;6895;104
20180226 014800;6895.25;6895.25;6893.5;6894.25;104
20180226 014900;6894.25;6895;6893.5;6894.5;71
20180226 015000;6894.25;6896;6893.75;6896;75
20180226 015100;6895.5;6895.5;6892;6892.25;193
20180226 015200;6892;6893.75;6892;6892.5;143
20180226 015300;6892.5;6895.25;6892.5;6894.75;81
20180226 015400;6894.75;6894.75;6892.25;6893.5;79
20180226 015500;6893.75;6893.75;6892.25;6892.5;54
20180226 015600;6892.5;6893.75;6891.25;6893.75;74
20180226 015700;6893.25;6894;6892.5;6892.5;72
20180226 015800;6892.5;6894;6892.5;6893.5;85
20180226 015900;6893.5;6894;6892.75;6893.5;54
20180226 020000;6893.25;6896.5;6893.25;6896.5;125
20180226 020100;6896;6896.5;6894.75;6896.5;88
20180226 020200;6896.25;6897.5;6895.75;6896.75;69
20180226 020300;6896.75;6898;6896.5;6898;50
20180226 020400;6897.75;6897.75;6894.75;6895.5;82
20180226 020500;6895.5;6896.25;6894.5;6896;49
20180226 020600;6895.75;6897.75;6895.5;6897.5;59
20180226 020700;6897.5;6899;6895.75;6896;81
20180226 020800;6895.75;6897;6894.75;6896.75;41
20180226 020900;6896.5;6896.5;6894.25;6894.25;42
20180226 021000;6894.5;6894.5;6891.5;6892.25;133
20180226 021100;6892;6893.25;6891.25;6892.5;146
20180226 021200;6892.5;6894.5;6891.75;6894.5;169
20180226 021300;6894;6895;6893.25;6894.5;48
20180226 021400;6894.5;6895;6893.5;6893.75;91
20180226 021500;6893.75;6895;6893.75;6894.75;25
20180226 021600;6894.75;6895.25;6893.25;6893.5;45
20180226 021700;6893.5;6896;6893.5;6895;47
20180226 021800;6895;6895.25;6894.5;6895;42
20180226 021900;6895.25;6896;6895.25;6895.5;48
20180226 022000;6895.75;6896.25;6895.75;6896.25;25
20180226 022100;6896.5;6899;6895.75;6898.25;82
20180226 022200;6898.25;6899.25;6896.5;6896.75;62
20180226 022300;6897.25;6899.25;6897;6899;56
20180226 022400;6899.25;6899.75;6898.25;6898.75;48
20180226 022500;6899.25;6899.75;6898.75;6899.75;29
20180226 022600;6899.75;6900;6899.5;6899.75;19
20180226 022700;6899.5;6900;6899;6900;42
20180226 022800;6900.25;6901.5;6900.25;6901.25;48
20180226 022900;6901.5;6901.5;6898.75;6898.75;35
20180226 023000;6898.5;6901.25;6898.25;6900.75;60
20180226 023100;6900.75;6903.5;6900;6903.5;110
20180226 023200;6903.25;6904;6902.25;6902.5;77
20180226 023300;6902.5;6903;6901.75;6903;60
20180226 023400;6903.25;6903.25;6900;6900.5;50
20180226 023500;6900.25;6903;6900;6903;79
20180226 023600;6903;6903.25;6901.5;6901.5;56
20180226 023700;6901.75;6904.25;6901.75;6904.25;50
20180226 023800;6904.25;6905.25;6903.25;6903.25;73
20180226 023900;6903.5;6904;6903;6903.75;37
20180226 024000;6904;6904.75;6904;6904.75;36
20180226 024100;6904.25;6905;6903.75;6903.75;23
20180226 024200;6903.75;6904.75;6903.75;6904.25;11
20180226 024300;6904.25;6904.25;6903.75;6904.25;34
20180226 024400;6903.75;6904;6901.75;6902.5;49
20180226 024500;6902.5;6902.5;6902;6902.5;30
20180226 024600;6903.25;6903.75;6900.25;6900.5;60
20180226 024700;6900.5;6900.75;6899.5;6899.75;63
20180226 024800;6900;6901.25;6900;6901.25;33
20180226 024900;6900.75;6900.75;6898.5;6898.75;39
20180226 025000;6898.5;6899.25;6897.5;6899.25;65
20180226 025100;6899.5;6900.75;6899.5;6900;44
20180226 025200;6899.5;6901;6899.25;6901;27
20180226 025300;6900.75;6900.75;6900.25;6900.5;15
20180226 025400;6901;6901.5;6900.5;6901.5;37
20180226 025500;6901.5;6902.25;6900.5;6901;27
20180226 025600;6901;6901;6899;6899.5;39
20180226 025700;6899.75;6900.25;6899.75;6900;28
20180226 025800;6899.75;6899.75;6898.5;6899.5;20
20180226 025900;6899.25;6900;6899;6899.25;25
20180226 030000;6899.25;6900.5;6899.25;6900;27
20180226 030100;6899.75;6901.5;6899.25;6901.5;41
20180226 030200;6901.5;6902.25;6900.75;6901.25;42
20180226 030300;6901;6902;6900.75;6901.5;19
20180226 030400;6901.75;6902.25;6901;6902;44
20180226 030500;6902.25;6902.5;6901.75;6902;18
20180226 030600;6901.75;6902.5;6901.75;6902;11
20180226 030700;6901.5;6902.5;6901.25;6902;20
20180226 030800;6902;6902.25;6901.5;6901.5;28
20180226 030900;6901.5;6902.5;6901.5;6902.25;20
20180226 031000;6902;6903;6902;6903;46
20180226 031100;6902.5;6902.75;6902;6902.25;34
20180226 031200;6902.5;6903.75;6902.5;6903.25;56
20180226 031300;6903.5;6904.25;6903;6903.25;38
20180226 031400;6903.5;6904;6902.5;6902.5;32
20180226 031500;6902.5;6903;6902.5;6903;19
20180226 031600;6902.75;6903.75;6902.75;6903.25;44
20180226 031700;6904;6904.5;6903.25;6904;20
20180226 031800;6904;6904.25;6902.75;6904;39
20180226 031900;6903.75;6904.75;6903.25;6904.5;13
20180226 032000;6904.5;6905.25;6904.25;6905;38
20180226 032100;6905.5;6906.75;6905.5;6906.5;61
20180226 032200;6906.25;6907.25;6906.25;6906.75;54
20180226 032300;6906.75;6907;6906;6906.75;32
20180226 032400;6906.75;6907;6906.5;6906.75;18
20180226 032500;6906.75;6908;6906.75;6908;74
20180226 032600;6908;6908;6907.25;6907.5;32
20180226 032700;6907.5;6907.5;6905;6905.25;53
20180226 032800;6905.5;6906.5;6905.5;6906;28
20180226 032900;6905.75;6906;6905;6905;21
20180226 033000;6905;6906.5;6905;6905.5;38
20180226 033100;6905.5;6906.25;6905.5;6905.75;13
20180226 033200;6906.25;6907.75;6906.25;6907.25;37
20180226 033300;6907.25;6907.25;6905.75;6905.75;27
20180226 033400;6906;6907;6906;6906.5;11
20180226 033500;6906.5;6907.25;6906.25;6907.25;17
20180226 033600;6907;6907.75;6906.25;6907.5;62
20180226 033700;6907.5;6908.5;6906.25;6906.25;52
20180226 033800;6906.5;6906.5;6905.25;6906.25;45
20180226 033900;6906.25;6906.5;6904.25;6904.5;69
20180226 034000;6904.5;6904.75;6903;6903.25;101
20180226 034100;6903.75;6904.25;6902.75;6903.5;41
20180226 034200;6903.75;6903.75;6902.75;6903;53
20180226 034300;6902.75;6904.5;6902.5;6904.25;47
20180226 034400;6904.25;6904.75;6903.25;6903.25;35
20180226 034500;6903.5;6904.5;6903.5;6904.5;13
20180226 034600;6905;6905.5;6904;6904;33
20180226 034700;6903.75;6904.25;6903.25;6904.25;13
20180226 034800;6904.25;6904.25;6904;6904;6
20180226 034900;6903.75;6903.75;6903;6903.5;14
20180226 035000;6903.75;6903.75;6903;6903;16
20180226 035100;6903;6903.75;6902.5;6903.25;37
20180226 035200;6903;6903;6902.5;6902.75;26
20180226 035300;6902.75;6903;6902.25;6902.75;20
20180226 035400;6902.25;6903;6902.25;6903;13
20180226 035500;6902.75;6903.5;6902.75;6903.5;5
20180226 035600;6903.75;6903.75;6903;6903;10
20180226 035700;6902.75;6902.75;6902.5;6902.75;4
20180226 035800;6902.5;6902.5;6901.5;6902.25;41
20180226 035900;6902.25;6902.25;6901.75;6902;31
20180226 040000;6902;6902.25;6901.75;6902;13
20180226 040100;6901.75;6902.25;6901.5;6901.75;26
20180226 040200;6902;6902.75;6901.5;6901.5;25
20180226 040300;6901.75;6901.75;6900.75;6900.75;9
20180226 040400;6900.75;6901;6899.5;6900;63
20180226 040500;6899.75;6901.25;6899.75;6901;33
20180226 040600;6900.5;6900.5;6900;6900.25;11
20180226 040700;6900.5;6902.25;6900.5;6902;38
20180226 040800;6901.75;6902.25;6901.75;6901.75;19
20180226 040900;6902;6902.25;6901.5;6901.5;14
20180226 041000;6901.25;6901.25;6900.75;6900.75;13
20180226 041100;6901;6901.25;6901;6901;6
20180226 041200;6901.25;6901.25;6900.5;6901;12
20180226 041300;6901;6902.25;6901;6901.75;33
20180226 041400;6902;6902.25;6901.75;6902.25;17
20180226 041500;6902.5;6904;6902.25;6903.75;41
20180226 041600;6904;6904.25;6903.5;6903.5;44
20180226 041700;6903.75;6904.75;6903.75;6904.75;33
20180226 041800;6904.75;6904.75;6904.25;6904.75;21
20180226 041900;6904.5;6904.75;6904.25;6904.75;29
20180226 042000;6904.5;6904.75;6903.75;6904;22
20180226 042100;6903.75;6904;6903.5;6903.75;10
20180226 042200;6903.5;6903.5;6902.75;6903;8
20180226 042300;6903;6904;6903;6903.25;5
20180226 042400;6903.5;6903.5;6903.25;6903.25;3
20180226 042500;6903.5;6904;6903.25;6904;8
20180226 042600;6904;6904.75;6904;6904.25;13
20180226 042700;6904;6904.5;6903.75;6904.25;22
20180226 042800;6904.25;6904.25;6903.5;6903.75;11
20180226 042900;6904;6904;6904;6904;9
20180226 043000;6903.75;6904.5;6903.75;6904.5;24
20180226 043100;6904;6904.5;6904;6904.5;4
20180226 043200;6904.5;6904.75;6904.5;6904.75;8
20180226 043300;6904.75;6905.75;6904.75;6905.25;42
20180226 043400;6905;6905;6904.75;6904.75;3
20180226 043500;6905;6905;6904.25;6904.25;11
20180226 043600;6904.25;6905;6904.25;6905;6
20180226 043700;6904.75;6905;6904.5;6905;6
20180226 043800;6904.75;6904.75;6903.5;6904;41
20180226 043900;6904;6904.25;6903.75;6903.75;21
20180226 044000;6903.5;6903.75;6902.25;6902.25;38
20180226 044100;6902.75;6902.75;6902;6902.25;19
20180226 044200;6902.25;6903;6902.25;6903;17
20180226 044300;6903.5;6904.5;6903.5;6903.5;29
20180226 044400;6903.5;6904.25;6903.25;6903.75;13
20180226 044500;6903.5;6903.5;6902.75;6903.25;28
20180226 044600;6903.25;6903.75;6902.75;6903;44
20180226 044700;6903.25;6904;6903.25;6904;9
20180226 044800;6903.75;6904.25;6903.75;6904;13
20180226 044900;6904;6904.5;6904;6904.25;11
20180226 045000;6903.75;6903.75;6902.5;6902.5;28
20180226 045100;6902.75;6902.75;6902.25;6902.75;26
20180226 045200;6903;6903;6902.75;6903;6
20180226 045300;6902.5;6902.75;6902.5;6902.75;5
20180226 045400;6903;6903.25;6902.75;6903;11
20180226 045500;6902.75;6902.75;6902.75;6902.75;3
20180226 045600;6902.75;6903.5;6902.5;6903.5;25
20180226 045700;6903.25;6903.25;6903;6903.25;12
20180226 045800;6903;6903;6902.75;6902.75;5
20180226 045900;6903;6903;6902.5;6902.5;12
20180226 050000;6902.75;6903.25;6902.75;6903.25;10
20180226 050100;6903;6903.75;6902.25;6902.5;35
20180226 050200;6903;6905;6903;6904.75;32
20180226 050300;6905;6906.5;6904.5;6906.5;49
20180226 050400;6906;6906;6905.25;6905.75;53
20180226 050500;6905.75;6905.75;6905.5;6905.5;4
20180226 050600;6905;6906.25;6905;6905.5;34
20180226 050700;6905.75;6906.25;6905.75;6905.75;19
20180226 050800;6905.75;6906.25;6905.5;6905.75;19
20180226 050900;6905.5;6905.5;6904.5;6905.25;28
20180226 051000;6905.25;6905.25;6903.75;6904.75;49
20180226 051100;6905.25;6906.25;6905;6906.25;23
20180226 051200;6906.25;6906.25;6904.5;6904.75;21
20180226 051300;6905;6905;6903.75;6904.25;24
20180226 051400;6904.25;6905;6904.25;6904.5;8
20180226 051500;6904.5;6905;6904.5;6905;7
20180226 051600;6905;6905;6903.5;6904;32
20180226 051700;6903.75;6904;6903;6904;34
20180226 051800;6904.25;6904.25;6903;6903.25;20
20180226 051900;6903;6903;6902.75;6902.75;3
20180226 052000;6903;6904;6903;6903.75;21
20180226 052100;6903.75;6904;6903.75;6903.75;4
20180226 052200;6903.75;6904.5;6903.75;6904;15
20180226 052300;6904;6905;6904;6904.5;11
20180226 052400;6904.5;6904.5;6904.25;6904.25;6
20180226 052500;6904.5;6905;6904.5;6904.5;15
20180226 052600;6904.75;6904.75;6904.25;6904.25;8
20180226 052700;6904.25;6905;6903.75;6904.75;28
20180226 052800;6904.5;6904.75;6904.25;6904.75;21
20180226 052900;6905;6905.5;6905;6905.5;19
20180226 053000;6905.5;6905.5;6905.25;6905.25;5
20180226 053100;6905.5;6906.25;6905;6906.25;27
20180226 053200;6906;6906.25;6905.75;6905.75;21
20180226 053300;6905.75;6906;6905;6905.5;20
20180226 053400;6906;6907.5;6906;6907.5;76
20180226 053500;6907.25;6909.25;6907;6908.25;103
20180226 053600;6908.25;6909;6907.75;6909;78
20180226 053700;6909;6909.5;6908.75;6908.75;54
20180226 053800;6908.75;6910.75;6908.75;6910.75;99
20180226 053900;6910.75;6911;6910.25;6911;31
20180226 054000;6910.75;6910.75;6909.25;6909.25;33
20180226 054100;6909.5;6909.75;6908.25;6909;28
20180226 054200;6908.75;6908.75;6908;6908.5;19
20180226 054300;6908.5;6910.25;6908.5;6910.25;32
20180226 054400;6909.75;6911.25;6909.75;6910.75;37
20180226 054500;6910.5;6911.75;6910.5;6911.5;58
20180226 054600;6911.25;6911.5;6910.5;6910.5;35
20180226 054700;6910.25;6910.5;6909.75;6909.75;21
20180226 054800;6910;6910;6909.5;6910;28
20180226 054900;6909.75;6910.25;6909;6909;23
20180226 055000;6909;6909.75;6909;6909.25;21
20180226 055100;6909.25;6910;6909;6909.75;15
20180226 055200;6910;6910;6909.75;6909.75;11
20180226 055300;6910;6910.25;6909.75;6909.75;11
20180226 055400;6910;6910;6909.5;6910;13
20180226 055500;6909.75;6909.75;6909.75;6909.75;10
20180226 055600;6909.5;6909.75;6908.75;6909.25;54
20180226 055700;6909.5;6910.25;6909.5;6909.75;17
20180226 055800;6910;6910.75;6910;6910.75;21
20180226 055900;6910.5;6910.75;6909.75;6910;23
20180226 060000;6910;6910.75;6909.5;6910.75;40
20180226 060100;6910.5;6911.5;6910.5;6911.5;34
20180226 060200;6911.5;6912;6911.25;6911.75;57
20180226 060300;6911.25;6912;6911;6911.75;26
20180226 060400;6911.25;6911.5;6910.5;6910.75;50
20180226 060500;6911;6911.25;6911;6911;13
20180226 060600;6911;6911.25;6910.75;6910.75;20
20180226 060700;6910.75;6910.75;6910.5;6910.5;9
20180226 060800;6910.75;6911;6910.5;6911;40
20180226 060900;6911;6911;6910.25;6910.75;28
20180226 061000;6910.5;6911;6910.25;6911;14
20180226 061100;6911;6911;6910.5;6910.75;18
20180226 061200;6910.75;6910.75;6910.25;6910.5;7
20180226 061300;6910.75;6910.75;6909.75;6910.25;16
20180226 061400;6909.75;6910.25;6909.75;6910.25;18
20180226 061500;6910.5;6912.5;6910.5;6912.25;77
20180226 061600;6912.5;6913.25;6912;6912.25;83
20180226 061700;6912;6912.5;6911.5;6912.5;37
20180226 061800;6912.25;6912.5;6911.5;6911.75;21
20180226 061900;6911.75;6911.75;6911.25;6911.5;10
20180226 062000;6911.5;6912.5;6911.5;6912.5;14
20180226 062100;6912;6912.25;6911.75;6912.25;15
20180226 062200;6912.25;6912.25;6911.75;6911.75;14
20180226 062300;6912;6912.25;6911.5;6911.75;17
20180226 062400;6911.75;6912;6911.25;6911.25;23
20180226 062500;6911.25;6911.25;6911;6911;10
20180226 062600;6910.75;6911.75;6910.5;6911.5;36
20180226 062700;6911.5;6912;6911.25;6911.5;25
20180226 062800;6911.5;6911.75;6911.25;6911.75;17
20180226 062900;6911.5;6911.5;6910.75;6910.75;38
20180226 063000;6910.75;6911;6910.5;6911;10
20180226 063100;6911;6911.5;6911;6911.5;11
20180226 063200;6911.5;6912;6911.5;6912;14
20180226 063300;6912;6912.5;6912;6912.5;9
20180226 063400;6912.25;6912.25;6911.5;6911.5;17
20180226 063500;6911.25;6911.5;6911;6911;12
20180226 063600;6911;6911.5;6910.5;6911;20
20180226 063700;6911.25;6911.75;6911.25;6911.75;4
20180226 063800;6911.75;6911.75;6910.75;6910.75;9
20180226 063900;6910.75;6911.25;6910.75;6911.25;18
20180226 064000;6911.25;6911.5;6911;6911.5;10
20180226 064100;6911.5;6912.5;6911.5;6912.25;20
20180226 064200;6912.25;6912.5;6912.25;6912.25;23
20180226 064300;6912.25;6913;6912.25;6912.75;14
20180226 064400;6912.75;6912.75;6912.5;6912.75;15
20180226 064500;6912.75;6912.75;6911.75;6911.75;16
20180226 064600;6911.25;6911.5;6911;6911;25
20180226 064700;6911;6911.75;6911;6911;18
20180226 064800;6911.25;6911.25;6911;6911;6
20180226 064900;6910.75;6910.75;6909.25;6909.5;47
20180226 065000;6909.75;6910.5;6909.75;6910;33
20180226 065100;6910.25;6910.75;6910.25;6910.75;9
20180226 065200;6910.75;6911.25;6910.75;6911.25;10
20180226 065300;6911.25;6911.25;6911;6911;5
20180226 065400;6910.75;6910.75;6910.5;6910.5;4
20180226 065500;6910.25;6910.25;6910;6910.25;6
20180226 065600;6910;6910.5;6909.25;6909.75;43
20180226 065700;6910;6910;6909.5;6910;22
20180226 065800;6910.25;6910.25;6909.75;6909.75;18
20180226 065900;6910;6910.25;6910;6910.25;14
20180226 070000;6910.25;6910.5;6910;6910.5;12
20180226 070100;6910.25;6910.25;6908.5;6909.75;119
20180226 070200;6909.5;6909.5;6907;6908.25;125
20180226 070300;6907.75;6907.75;6906.75;6907;54
20180226 070400;6906.75;6908.25;6906.5;6908;37
20180226 070500;6908;6908.5;6907.5;6907.5;35
20180226 070600;6907.25;6907.25;6905.25;6906.25;103
20180226 070700;6906;6906;6904.5;6905;63
20180226 070800;6905.25;6906.5;6903.75;6903.75;127
20180226 070900;6904;6904.75;6903.75;6904;83
20180226 071000;6903.5;6904;6903.25;6903.75;72
20180226 071100;6903.75;6904;6902.25;6902.75;92
20180226 071200;6902.5;6903;6901.5;6902.5;80
20180226 071300;6902.5;6904;6902.25;6903.5;50
20180226 071400;6903.5;6904.25;6903;6903.25;69
20180226 071500;6903.5;6905.75;6903.5;6905;77
20180226 071600;6905.25;6905.25;6902.25;6904.5;123
20180226 071700;6904.75;6905.25;6904.25;6904.5;27
20180226 071800;6904.75;6905.25;6904.75;6905;22
20180226 071900;6905;6905;6903.5;6904.75;74
20180226 072000;6905.25;6906.5;6904.75;6905;42
20180226 072100;6905.75;6906;6904.5;6904.5;29
20180226 072200;6905;6905.5;6903.75;6905;63
20180226 072300;6904.5;6906.75;6904.5;6906.25;50
20180226 072400;6906.25;6907.5;6905.75;6907.25;49
20180226 072500;6907.25;6909;6906.25;6909;130
20180226 072600;6908.75;6908.75;6907;6907.75;103
20180226 072700;6908;6908;6905;6905;57
20180226 072800;6904.75;6905.25;6903;6904.75;119
20180226 072900;6905;6905.25;6904;6904.25;28
20180226 073000;6904.75;6906.25;6904.5;6904.5;49
20180226 073100;6904.5;6904.75;6902.75;6904;78
20180226 073200;6904;6906.75;6903.75;6906.5;141
20180226 073300;6906.5;6907.5;6905.75;6906.75;46
20180226 073400;6906.5;6906.75;6905;6906.75;46
20180226 073500;6906.75;6907.25;6906;6907.25;48
20180226 073600;6906.75;6907.75;6906.75;6907.5;42
20180226 073700;6907.5;6908;6906.5;6907.5;36
20180226 073800;6907;6910.25;6907;6910;134
20180226 073900;6909.75;6911.25;6909.75;6911;34
20180226 074000;6910.5;6910.75;6909.25;6910.5;41
20180226 074100;6910.5;6911.25;6908.25;6910.25;153
20180226 074200;6910.5;6912;6910.5;6911.75;55
20180226 074300;6912;6912.5;6910.25;6912;151
20180226 074400;6911.75;6912.25;6911;6912;69
20180226 074500;6911.75;6912.25;6911;6911.75;51
20180226 074600;6911.75;6912;6910;6910;85
20180226 074700;6910.25;6910.75;6910.25;6910.5;8
20180226 074800;6910.25;6910.25;6908;6908;94
20180226 074900;6908.25;6910.25;6907.75;6909.75;64
20180226 075000;6910;6910.75;6909.75;6910.5;39
20180226 075100;6910.75;6910.75;6908.5;6908.75;33
20180226 075200;6908.75;6908.75;6904.25;6904.75;129
20180226 075300;6904.75;6905.25;6902.75;6903.25;150
20180226 075400;6903.5;6906;6903.5;6904.75;91
20180226 075500;6905;6905.25;6904.5;6904.5;41
20180226 075600;6905;6905;6904;6904;28
20180226 075700;6904.25;6904.75;6903.5;6904.75;28
20180226 075800;6905.25;6906.75;6905;6906.75;58
20180226 075900;6906.75;6907.75;6904.5;6905.25;75
20180226 080000;6905.25;6906.75;6903.75;6906.75;64
20180226 080100;6906.75;6907.25;6903.25;6905.5;268
20180226 080200;6906;6908;6903.25;6906.25;174
20180226 080300;6905.75;6909.25;6905.75;6907.25;127
20180226 080400;6907.5;6910;6907.25;6908.5;157
20180226 080500;6908.25;6912.25;6908.25;6911;132
20180226 080600;6911.25;6913;6911.25;6912;106
20180226 080700;6911.75;6911.75;6909.75;6910.75;128
20180226 080800;6910.75;6911;6909.75;6910;66
20180226 080900;6910.25;6912;6910.25;6912;60
20180226 081000;6911.75;6912.5;6910.5;6912.25;128
20180226 081100;6912.25;6915.75;6912.25;6915;385
20180226 081200;6915.5;6916.75;6914.25;6915;180
20180226 081300;6915.5;6915.75;6913.75;6913.75;145
20180226 081400;6913.5;6915;6912.75;6913.75;86
20180226 081500;6913.5;6915.5;6913.5;6915;63
20180226 081600;6915.25;6916;6914.75;6915.75;59
20180226 081700;6915.75;6915.75;6914;6915.5;90
20180226 081800;6915.5;6915.5;6913.75;6914.5;56
20180226 081900;6914.5;6916;6914;6915.5;42
20180226 082000;6915;6916.5;6914.5;6916.5;59
20180226 082100;6916.25;6916.75;6915;6916.5;65
20180226 082200;6916.5;6916.75;6915.75;6915.75;86
20180226 082300;6916;6919.75;6915.75;6919.5;272
20180226 082400;6919.75;6923.25;6919.75;6921.5;438
20180226 082500;6921.25;6923;6921.25;6922;131
20180226 082600;6922;6923;6921.5;6921.5;83
20180226 082700;6921.75;6923.75;6920.75;6920.75;179
20180226 082800;6920.75;6921.75;6920;6921.5;129
20180226 082900;6921.75;6923;6921.5;6922.25;67
20180226 083000;6922.5;6923.5;6922;6922;62
20180226 083100;6921.75;6922.5;6921.25;6922.5;74
20180226 083200;6922.5;6923.75;6921.25;6921.25;129
20180226 083300;6921.25;6922;6920.75;6922;56
20180226 083400;6922;6922.5;6921;6922.25;77
20180226 083500;6922.5;6922.5;6921.25;6922;75
20180226 083600;6922;6923.25;6921;6921.25;133
20180226 083700;6920.75;6922.75;6920.5;6921.5;108
20180226 083800;6921.25;6922.25;6921;6921.25;87
20180226 083900;6921;6922;6921;6921.75;62
20180226 084000;6921.75;6922.75;6921.75;6922;55
20180226 084100;6921.75;6921.75;6920.5;6920.75;26
20180226 084200;6920.75;6921;6919;6920.5;70
20180226 084300;6920.25;6921;6920.25;6920.75;34
20180226 084400;6921;6923;6920.5;6922.25;74
20180226 084500;6922.25;6922.25;6918.5;6918.5;75
20180226 084600;6918.75;6920.75;6918.25;6920.75;123
20180226 084700;6920.5;6920.75;6919;6919.75;51
20180226 084800;6919.75;6920.25;6919;6920;66
20180226 084900;6920.25;6920.75;6919.75;6920.25;34
20180226 085000;6920.5;6922.75;6920.5;6922.25;88
20180226 085100;6922.25;6923;6921;6922.75;89
20180226 085200;6922.75;6924.5;6922.75;6923.25;179
20180226 085300;6923.5;6924.5;6923.25;6923.5;68
20180226 085400;6923.25;6924.25;6923.25;6924;52
20180226 085500;6923.75;6924;6920.25;6920.75;172
20180226 085600;6920.75;6922.5;6920.5;6921;108
20180226 085700;6920.75;6922.5;6920.5;6921.5;67
20180226 085800;6921.25;6923.5;6921.25;6922;94
20180226 085900;6922;6924.75;6922;6923.75;156
20180226 090000;6923.5;6924;6923;6923.25;51
20180226 090100;6923;6925.75;6922.25;6925.5;193
20180226 090200;6925.5;6925.75;6922.75;6924.5;184
20180226 090300;6924.25;6926;6924.25;6925.25;127
20180226 090400;6925;6926.5;6925;6926.25;108
20180226 090500;6926.25;6926.75;6925.5;6926;76
20180226 090600;6925.75;6926.75;6924.5;6926;127
20180226 090700;6925.75;6926.25;6925;6926.25;93
20180226 090800;6926;6926.75;6925.5;6925.5;87
20180226 090900;6925.25;6925.5;6923.75;6924.75;82
20180226 091000;6924.75;6925;6924;6924.75;38
20180226 091100;6924.75;6924.75;6922.75;6924.5;73
20180226 091200;6924.25;6924.5;6923.75;6923.75;26
20180226 091300;6924;6924.75;6923.75;6924;61
20180226 091400;6924;6924.25;6923.25;6923.5;44
20180226 091500;6923.25;6923.25;6922.25;6922.25;48
20180226 091600;6922.5;6923;6921.5;6922.25;71
20180226 091700;6922.25;6922.5;6918;6918;209
20180226 091800;6918;6920.5;6918;6919.75;125
20180226 091900;6919.75;6921.5;6919.5;6920.75;98
20180226 092000;6920.75;6922;6920.5;6920.75;76
20180226 092100;6920.5;6920.5;6919;6919.25;59
20180226 092200;6919.75;6920.5;6918.25;6918.75;61
20180226 092300;6918.75;6919.25;6918.5;6919.25;54
20180226 092400;6919;6919;6917.75;6918.75;92
20180226 092500;6918.5;6918.5;6917;6917.5;61
20180226 092600;6917.25;6919.25;6917.25;6918.75;104
20180226 092700;6919.5;6921.25;6919;6920.5;88
20180226 092800;6920.75;6920.75;6918.25;6918.5;47
20180226 092900;6919;6919;6917;6918.25;165
20180226 093000;6918.5;6920.75;6918.5;6919.25;60
20180226 093100;6918.75;6919.75;6917.75;6918.25;61
20180226 093200;6917.75;6918.25;6917;6917.25;43
20180226 093300;6917.5;6917.75;6916.25;6916.5;58
20180226 093400;6916.5;6917.75;6916;6916.25;108
20180226 093500;6916.25;6917.5;6915.75;6917.5;43
20180226 093600;6917;6917;6916;6916.25;39
20180226 093700;6916.5;6918.5;6916.5;6917.25;33
20180226 093800;6917.25;6917.25;6915.25;6915.5;65
20180226 093900;6915.75;6916.5;6915.5;6916.5;19
20180226 094000;6916.5;6918.25;6916.5;6918;25
20180226 094100;6918.25;6919.25;6918;6919.25;38
20180226 094200;6918.75;6919.75;6918.5;6919.25;26
20180226 094300;6919;6920.5;6919;6919.75;58
20180226 094400;6919.25;6920;6919;6919;22
20180226 094500;6919.25;6921.75;6919;6921.25;95
20180226 094600;6921.25;6921.75;6920.5;6921;67
20180226 094700;6921.75;6922.25;6920.75;6920.75;85
20180226 094800;6921;6921.75;6920.25;6921.5;30
20180226 094900;6921.5;6921.5;6920.5;6920.5;19
20180226 095000;6920.25;6920.25;6917;6917.25;181
20180226 095100;6917;6917.75;6916.5;6917.75;83
20180226 095200;6918;6918.25;6917.5;6918;23
20180226 095300;6917.5;6918.25;6916.75;6917.5;49
20180226 095400;6917;6917.5;6916.5;6917;48
20180226 095500;6917.5;6918.25;6917.5;6918.25;26
20180226 095600;6918;6918.5;6917.25;6917.25;42
20180226 095700;6917.5;6917.5;6916.75;6917;34
20180226 095800;6916.75;6917.75;6916.25;6917.25;30
20180226 095900;6917;6917;6915.25;6915.5;65
20180226 100000;6915.75;6916.5;6915.5;6916.5;72
20180226 100100;6916.75;6918.5;6916;6918.5;62
20180226 100200;6918.75;6919.75;6918.75;6919;62
20180226 100300;6919.5;6920;6918;6918;36
20180226 100400;6918.5;6919.25;6918.5;6918.75;25
20180226 100500;6918.75;6919;6917.75;6918;18
20180226 100600;6918;6922;6918;6921.25;106
20180226 100700;6921.5;6921.75;6920.25;6920.75;32
20180226 100800;6920.75;6921.75;6920.25;6921.5;41
20180226 100900;6920.75;6921;6920.5;6921;19
20180226 101000;6921.5;6921.5;6920.25;6921;37
20180226 101100;6921.25;6921.75;6920.5;6920.5;19
20180226 101200;6921;6922;6921;6921.25;23
20180226 101300;6920.75;6921;6920;6920.25;17
20180226 101400;6920.25;6920.25;6918.25;6919.25;48
20180226 101500;6919.25;6920.5;6919.25;6920.5;19
20180226 101600;6920.25;6920.5;6919.75;6920.5;35
20180226 101700;6920.5;6920.5;6920;6920;24
20180226 101800;6920.25;6921.5;6920.25;6921;34
20180226 101900;6921.5;6922.5;6921.5;6922;41
20180226 102000;6921.75;6922.25;6920.25;6921;76
20180226 102100;6921.25;6921.75;6920.75;6921.75;21
20180226 102200;6921.5;6921.5;6920.5;6921.25;17
20180226 102300;6921.25;6921.25;6920.5;6921.25;19
20180226 102400;6920.75;6923.25;6920.5;6922.25;42
20180226 102500;6922.5;6922.5;6921.5;6921.75;46
20180226 102600;6921.5;6922.25;6920.25;6920.25;30
20180226 102700;6920.5;6920.75;6920.25;6920.5;25
20180226 102800;6920.75;6922.25;6920.75;6922;20
20180226 102900;6922;6922.75;6922;6922.5;28
20180226 103000;6922.5;6922.75;6922.25;6922.5;14
20180226 103100;6922.75;6923;6922;6922;18
20180226 103200;6922;6923.25;6922;6923.25;41
20180226 103300;6922.75;6923.25;6922.5;6923;16
20180226 103400;6923.25;6923.75;6922.75;6922.75;35
20180226 103500;6922.75;6923;6921.5;6922;36
20180226 103600;6922;6922.25;6920.75;6921.5;34
20180226 103700;6922;6922.25;6921.25;6921.25;24
20180226 103800;6921.25;6922;6920;6921.75;45
20180226 103900;6921.75;6922;6921.75;6921.75;8
20180226 104000;6922;6922.25;6922;6922;10
20180226 104100;6922.25;6924;6922;6923;72
20180226 104200;6922.75;6923.5;6922.5;6923.25;20
20180226 104300;6923.5;6923.5;6922.25;6922.25;20
20180226 104400;6922.25;6923;6921.75;6922.25;31
20180226 104500;6922.5;6923.25;6921.75;6923;72
20180226 104600;6923;6923.25;6921.5;6921.75;56
20180226 104700;6921.25;6922.75;6921;6922.5;24
20180226 104800;6921.75;6922.75;6921.75;6921.75;19
20180226 104900;6922.25;6922.5;6921.5;6922;22
20180226 105000;6922;6922.5;6920.5;6921;33
20180226 105100;6920.5;6920.5;6918.5;6919.25;136
20180226 105200;6919;6919.75;6919;6919.75;39
20180226 105300;6920;6921.75;6919.5;6921.5;109
20180226 105400;6921.5;6922.75;6921.5;6922;44
20180226 105500;6922.25;6922.25;6921.75;6921.75;25
20180226 105600;6922;6923.5;6922;6923.5;37
20180226 105700;6923.5;6923.75;6922.75;6923.5;49
20180226 105800;6923.5;6924.75;6923.25;6923.75;37
20180226 105900;6923.5;6925;6923.25;6924.5;99
20180226 110000;6924.5;6925.5;6924;6925.5;70
20180226 110100;6925.5;6926.25;6924.75;6925.5;69
20180226 110200;6925.5;6926.5;6924.25;6926.25;124
20180226 110300;6926.25;6927.25;6926;6927;90
20180226 110400;6926.75;6927;6926;6927;42
20180226 110500;6926.75;6927.5;6926.75;6927;30
20180226 110600;6926.5;6927.75;6926.5;6927.75;58
20180226 110700;6927.5;6929.75;6927.5;6928.75;252
20180226 110800;6928.75;6929.25;6928.25;6929;59
20180226 110900;6929;6929.25;6928.75;6928.75;21
20180226 111000;6929;6930.75;6929;6930.5;133
20180226 111100;6930.5;6931;6929.25;6930;117
20180226 111200;6930;6930.25;6929.25;6929.5;49
20180226 111300;6929.25;6929.75;6928.5;6929;65
20180226 111400;6928.75;6928.75;6927;6927.25;143
20180226 111500;6927.25;6928.5;6926.5;6926.75;75
20180226 111600;6927;6927;6926.5;6926.5;79
20180226 111700;6926.5;6928;6926.5;6927.75;42
20180226 111800;6927.75;6927.75;6926.5;6926.75;40
20180226 111900;6926.75;6927.25;6926.5;6927.25;65
20180226 112000;6927.5;6927.75;6926.5;6926.5;69
20180226 112100;6926.75;6927.5;6926.5;6927;72
20180226 112200;6926.75;6927;6926.5;6926.75;64
20180226 112300;6927;6927.5;6927;6927.25;35
20180226 112400;6927.25;6928;6927.25;6927.25;19
20180226 112500;6927;6928.25;6927;6928;44
20180226 112600;6928;6928.5;6928;6928.5;16
20180226 112700;6928.5;6928.5;6928.25;6928.5;13
20180226 112800;6928.25;6930;6928.25;6929;79
20180226 112900;6929;6930;6929;6929.75;40
20180226 113000;6929.25;6929.75;6928.75;6929;43
20180226 113100;6928.5;6928.75;6927.75;6927.75;30
20180226 113200;6928.25;6928.25;6926.5;6926.5;39
20180226 113300;6926.5;6927.5;6926.5;6926.75;57
20180226 113400;6926.75;6927;6926.5;6927;32
20180226 113500;6926.5;6927;6926.5;6926.75;41
20180226 113600;6926.75;6927.75;6926.5;6927.5;47
20180226 113700;6928;6928.25;6927.75;6928.25;19
20180226 113800;6928.25;6928.5;6927.5;6927.5;30
20180226 113900;6927.5;6927.5;6926;6926.5;111
20180226 114000;6926.5;6927.5;6926.25;6927.5;56
20180226 114100;6927.5;6928;6927.5;6928;26
20180226 114200;6928;6928;6927;6927.5;38
20180226 114300;6927.25;6929;6927.25;6928.75;40
20180226 114400;6928.75;6929.75;6928.75;6928.75;41
20180226 114500;6928.5;6929.25;6928.25;6929;67
20180226 114600;6929;6929.25;6928.5;6929;25
20180226 114700;6928.75;6929.25;6928.5;6928.75;61
20180226 114800;6929;6929.5;6928.75;6929.5;25
20180226 114900;6929.5;6929.75;6929;6929.75;29
20180226 115000;6929.75;6929.75;6928.75;6929.75;57
20180226 115100;6929.75;6930;6929.25;6930;44
20180226 115200;6930;6930;6929.25;6929.25;20
20180226 115300;6929;6929;6927.5;6927.75;40
20180226 115400;6928;6928.25;6926.75;6927.25;66
20180226 115500;6927.5;6927.5;6926.25;6926.25;13
20180226 115600;6926.75;6926.75;6926;6926.25;115
20180226 115700;6926.25;6927.75;6926;6927.75;83
20180226 115800;6927.75;6929.75;6927.75;6929;95
20180226 115900;6928.75;6929.5;6928.25;6928.5;138
20180226 120000;6928.5;6928.75;6927.75;6928.75;60
20180226 120100;6928.5;6929;6928.5;6928.5;373
20180226 120200;6928.25;6929;6927.75;6929;52
20180226 120300;6929;6929.75;6928.25;6929.25;63
20180226 120400;6929.25;6929.25;6928;6929;31
20180226 120500;6928.75;6930;6928.75;6929.5;27
20180226 120600;6929.5;6929.5;6928.5;6929.25;76
20180226 120700;6929.5;6930.75;6928.75;6930.75;168
20180226 120800;6930.75;6932.75;6930.75;6931.5;189
20180226 120900;6931.75;6932.5;6931.75;6931.75;71
20180226 121000;6932;6932.75;6931.5;6932.5;52
20180226 121100;6932.75;6932.75;6932;6932.25;49
20180226 121200;6932.25;6933.25;6932;6932;73
20180226 121300;6932;6932;6930.25;6930.5;60
20180226 121400;6930.75;6931.5;6930;6930.75;62
20180226 121500;6931;6931.25;6930.25;6931.25;27
20180226 121600;6931;6931.25;6930.5;6930.75;12
20180226 121700;6930.75;6930.75;6930;6930;25
20180226 121800;6930.25;6930.5;6929.25;6929.25;52
20180226 121900;6929.75;6930.75;6929.75;6930.75;94
20180226 122000;6930.75;6931.75;6930.75;6931.25;106
20180226 122100;6931.25;6931.5;6930.5;6930.5;36
20180226 122200;6930.25;6931.25;6930.25;6931.25;23
20180226 122300;6931.25;6931.25;6930.25;6930.25;101
20180226 122400;6930.25;6930.75;6930;6930.25;41
20180226 122500;6930.25;6930.25;6929.5;6930;57
20180226 122600;6930;6930.5;6929.75;6930.25;33
20180226 122700;6930.25;6930.25;6929;6929.75;85
20180226 122800;6930;6930;6929;6929.75;49
20180226 122900;6929.5;6929.75;6929;6929.25;50
20180226 123000;6929.25;6929.25;6928;6928.5;67
20180226 123100;6928.25;6929.75;6927.5;6929.25;148
20180226 123200;6929.25;6930.75;6929.25;6930;85
20180226 123300;6930;6930.75;6930;6930.75;160
20180226 123400;6930.75;6931.5;6929.75;6930.5;166
20180226 123500;6930.5;6932.25;6930.25;6931.5;213
20180226 123600;6931.75;6931.75;6930;6930.75;203
20180226 123700;6930.25;6931.25;6930;6931;123
20180226 123800;6931;6931.25;6930.25;6931.25;66
20180226 123900;6931.25;6931.25;6930.25;6930.75;90
20180226 124000;6930.75;6931.5;6930;6930.25;193
20180226 124100;6930.25;6931.25;6930;6930.5;175
20180226 124200;6930.25;6931.5;6930.25;6931.25;128
20180226 124300;6931.25;6933.75;6931;6933.5;133
20180226 124400;6933.25;6933.5;6931.75;6932.5;177
20180226 124500;6932.5;6933;6932;6932.5;78
20180226 124600;6932.5;6933.5;6932.5;6933.5;92
20180226 124700;6933.5;6935;6933.25;6934.5;185
20180226 124800;6934.75;6935.5;6933.75;6935.25;157
20180226 124900;6935.5;6936;6935;6935.25;68
20180226 125000;6935.25;6935.75;6934.25;6935;114
20180226 125100;6934.75;6935.5;6934.5;6934.75;55
20180226 125200;6934.5;6935;6933.75;6934;131
20180226 125300;6934;6935.75;6934;6935.5;61
20180226 125400;6935.5;6936;6935;6935.25;47
20180226 125500;6935;6935.25;6934.5;6934.75;57
20180226 125600;6934.5;6934.75;6933;6934;120
20180226 125700;6934.25;6935.75;6934;6935.75;136
20180226 125800;6935.75;6936;6935;6935.25;61
20180226 125900;6935.25;6937.5;6935.25;6937.25;91
20180226 130000;6937.25;6938;6936.25;6937.25;121
20180226 130100;6937.5;6938;6937;6937;105
20180226 130200;6937.5;6939.5;6937.25;6938.5;212
20180226 130300;6938.5;6938.5;6937.75;6938;35
20180226 130400;6938.25;6939.25;6938;6939.25;61
20180226 130500;6939;6940;6939;6940;124
20180226 130600;6939.75;6940.5;6938.75;6939;98
20180226 130700;6939;6939.5;6939;6939;30
20180226 130800;6939;6939;6938;6938.25;71
20180226 130900;6938;6938;6936;6936.25;110
20180226 131000;6936.25;6937;6935.75;6937;98
20180226 131100;6937;6937.5;6936.5;6936.5;47
20180226 131200;6937;6937;6935.25;6935.75;88
20180226 131300;6935.5;6936;6935;6935.25;53
20180226 131400;6935.25;6936.5;6935;6936.25;75
20180226 131500;6936.25;6936.5;6935.5;6936;55
20180226 131600;6936;6936.25;6935;6935;69
20180226 131700;6935.25;6936.75;6935;6935.25;116
20180226 131800;6935.25;6936;6935;6936;81
20180226 131900;6935.5;6936;6935.5;6935.5;44
20180226 132000;6935.5;6935.75;6935;6935.5;49
20180226 132100;6935.5;6935.75;6935;6935;91
20180226 132200;6935;6935.25;6934.5;6934.75;113
20180226 132300;6934.75;6935.25;6934.5;6934.75;106
20180226 132400;6934.5;6935.25;6934.5;6935.25;55
20180226 132500;6935.5;6937.75;6935.5;6937.25;108
20180226 132600;6937;6937.25;6935.5;6935.75;85
20180226 132700;6935.75;6935.75;6934;6934.25;238
20180226 132800;6934.25;6934.75;6932.75;6934;163
20180226 132900;6934.25;6934.75;6933.25;6933.25;65
20180226 133000;6933.25;6933.5;6932;6932.5;297
20180226 133100;6932.25;6934;6932;6933.5;151
20180226 133200;6933.5;6934.25;6933;6934;86
20180226 133300;6934;6935.25;6934;6935.25;94
20180226 133400;6935.25;6936.5;6935.25;6936.25;104
20180226 133500;6936.25;6937.5;6936;6936.5;126
20180226 133600;6936.5;6936.75;6934.5;6934.5;151
20180226 133700;6934.75;6935;6934;6934.75;84
20180226 133800;6934.5;6936.75;6934.5;6936.5;57
20180226 133900;6936.75;6939.25;6936.75;6939;275
20180226 134000;6938.75;6938.75;6936.75;6936.75;76
20180226 134100;6937;6937.75;6936;6936.5;62
20180226 134200;6936.5;6938.25;6936.5;6937.75;144
20180226 134300;6937.75;6938.75;6936.5;6937.75;135
20180226 134400;6937.75;6939.5;6937.75;6939.5;164
20180226 134500;6939.5;6940.25;6937;6937.75;358
20180226 134600;6937.75;6937.75;6936.5;6937.25;163
20180226 134700;6937.25;6937.75;6936.75;6937;85
20180226 134800;6936.75;6937;6935.25;6935.5;130
20180226 134900;6935.25;6935.25;6934.5;6934.5;72
20180226 135000;6934.5;6935.5;6934.5;6935.5;35
20180226 135100;6935.75;6937;6935.5;6935.5;107
20180226 135200;6935.75;6935.75;6934.25;6934.75;79
20180226 135300;6934.5;6935.75;6934.25;6935.75;41
20180226 135400;6935.75;6937;6935.75;6936.75;55
20180226 135500;6937;6937.25;6936;6936;95
20180226 135600;6935.75;6935.75;6934.75;6935.25;92
20180226 135700;6935;6935.25;6933.75;6935.25;131
20180226 135800;6935;6936.25;6934.5;6936.25;77
20180226 135900;6936.25;6936.5;6935.25;6935.25;52
20180226 140000;6935.5;6935.5;6933;6934.25;505
20180226 140100;6934.5;6936;6934;6934.25;101
20180226 140200;6934.5;6935;6934;6934.75;145
20180226 140300;6935;6935.75;6935;6935.5;90
20180226 140400;6935.25;6935.75;6934;6935.75;86
20180226 140500;6935.5;6937;6935.5;6936.25;107
20180226 140600;6936.25;6936.5;6935.5;6935.75;62
20180226 140700;6935.75;6936.5;6935;6936.5;100
20180226 140800;6936.5;6937;6935.5;6935.75;112
20180226 140900;6935.5;6935.5;6933.5;6933.5;96
20180226 141000;6933.75;6934.75;6933.25;6934.25;142
20180226 141100;6934;6934.75;6932.25;6932.25;129
20180226 141200;6932.5;6933.25;6932;6932.75;148
20180226 141300;6932.75;6933;6930.75;6932.75;320
20180226 141400;6932.75;6934;6932.75;6933.75;93
20180226 141500;6933.75;6934;6932.5;6933.25;92
20180226 141600;6933;6933;6932;6932;69
20180226 141700;6932;6932.75;6931.75;6932.5;144
20180226 141800;6932.5;6933;6932;6932.25;61
20180226 141900;6932;6933;6931.5;6933;103
20180226 142000;6933;6934.75;6933;6934.5;120
20180226 142100;6934.5;6934.75;6934;6934.75;72
20180226 142200;6934.75;6937;6934.75;6935.75;296
20180226 142300;6936;6937.25;6936;6937.25;57
20180226 142400;6937;6937.5;6936.25;6936.75;93
20180226 142500;6936.5;6936.5;6935.75;6936.25;55
20180226 142600;6936.5;6937.5;6936.5;6937.25;134
20180226 142700;6937;6938.75;6936.5;6938;288
20180226 142800;6938;6938;6935.25;6936;178
20180226 142900;6935.75;6935.75;6931.75;6934;510
20180226 143000;6933.75;6935;6932.75;6933.5;225
20180226 143100;6933.75;6939.25;6932.75;6936;2476
20180226 143200;6936;6937;6929.5;6930;1861
20180226 143300;6930.25;6939.75;6929.5;6937;1296
20180226 143400;6937;6943.5;6934.75;6942.25;1593
20180226 143500;6942.75;6948;6940.25;6946;1961
20180226 143600;6945.75;6955.5;6945.75;6954.75;3772
20180226 143700;6954.5;6959;6952.5;6957.25;3085
20180226 143800;6957.25;6959.75;6956;6958.5;1294
20180226 143900;6958.5;6960.25;6954;6958;1661
20180226 144000;6958;6964.5;6958;6964.25;1381
20180226 144100;6964.5;6964.75;6959;6961.5;1940
20180226 144200;6961.5;6961.75;6957.5;6959;1220
20180226 144300;6959;6960.75;6956.5;6957.5;921
20180226 144400;6958.25;6960.25;6956.75;6957.5;858
20180226 144500;6957.5;6958;6955;6957;987
20180226 144600;6957.25;6963.25;6957.25;6959.75;1375
20180226 144700;6960;6960;6952.5;6953;1365
20180226 144800;6953;6954.25;6951.25;6953.5;1009
20180226 144900;6953.25;6958.75;6953.25;6958.5;707
20180226 145000;6958.5;6962;6958.25;6960;818
20180226 145100;6960;6962.5;6957.75;6960;854
20180226 145200;6960;6960;6957.25;6957.5;548
20180226 145300;6957.5;6958.75;6956;6956.5;678
20180226 145400;6956.5;6959;6953.5;6959;1191
20180226 145500;6959.25;6961.25;6955.75;6957.5;925
20180226 145600;6957.5;6958.5;6954.5;6958.5;748
20180226 145700;6958.5;6960.5;6956;6956.75;610
20180226 145800;6957.25;6958.75;6954.25;6955.25;1015
20180226 145900;6955.25;6956.5;6951.75;6952.75;693
20180226 150000;6952.75;6958.5;6952.75;6958.5;802
20180226 150100;6958.25;6962.25;6955.25;6960.75;1188
20180226 150200;6960.75;6962.25;6958.75;6962;792
20180226 150300;6962;6962.25;6956.75;6961;1075
20180226 150400;6960.75;6962.25;6958.5;6962;704
20180226 150500;6962;6962.25;6959;6959;518
20180226 150600;6959.5;6960.5;6956.5;6957.75;822
20180226 150700;6957.5;6966.5;6957.5;6963.75;2070
20180226 150800;6964.25;6965;6962.25;6963.5;664
20180226 150900;6963;6964;6957.25;6958;921
20180226 151000;6958;6962.25;6958;6962;815
20180226 151100;6962;6962.75;6958.5;6959.75;1439
20180226 151200;6959.5;6961.5;6955.75;6959;1218
20180226 151300;6959;6960.75;6958;6959.25;478
20180226 151400;6959;6959.5;6954.75;6955;921
20180226 151500;6955.25;6955.75;6952.25;6953.75;1111
20180226 151600;6953.75;6954.5;6949.25;6950.75;1452
20180226 151700;6951;6951.75;6948.25;6949.75;1271
20180226 151800;6950.25;6953.5;6948.75;6953.25;696
20180226 151900;6953;6955.75;6952.25;6955;718
20180226 152000;6955.25;6955.75;6953;6955.25;537
20180226 152100;6955;6955;6949.75;6951.25;786
20180226 152200;6951.25;6954;6949.25;6950.25;649
20180226 152300;6950.25;6953.5;6949.5;6949.75;503
20180226 152400;6949.75;6953;6948.75;6951.5;567
20180226 152500;6951.25;6953.25;6949.75;6952.5;393
20180226 152600;6952.5;6958;6952.5;6955.75;1011
20180226 152700;6955.25;6956;6948.25;6949.5;746
20180226 152800;6949.75;6951;6944.25;6944.5;1340
20180226 152900;6945;6946.5;6941.25;6943;1046
20180226 153000;6943;6946;6943;6946;733
20180226 153100;6946;6947.5;6944;6945.25;656
20180226 153200;6945.25;6946.25;6940.5;6942.5;1121
20180226 153300;6942.5;6945.75;6941.25;6941.5;990
20180226 153400;6941.5;6943;6938.5;6941.25;1350
20180226 153500;6940.75;6941.75;6939.25;6940.5;749
20180226 153600;6940.25;6943.5;6940;6941.5;742
20180226 153700;6941.25;6941.25;6934;6936.5;1571
20180226 153800;6936.5;6940.75;6935.25;6938.25;1140
20180226 153900;6938.25;6942;6937.25;6940.75;1087
20180226 154000;6940.75;6945;6940.25;6944.5;1006
20180226 154100;6944.25;6947;6943.25;6945.25;1138
20180226 154200;6945.25;6951;6944.5;6950.5;1000
20180226 154300;6950.75;6950.75;6948;6948.25;783
20180226 154400;6948.5;6948.5;6946.5;6947.5;549
20180226 154500;6947.75;6947.75;6944.25;6944.75;721
20180226 154600;6945;6949.5;6945;6946.75;903
20180226 154700;6946.75;6947.25;6942;6942.25;722
20180226 154800;6942.25;6942.25;6939;6940.25;925
20180226 154900;6940;6943.75;6939.75;6943.75;461
20180226 155000;6944;6946;6942.25;6945;388
20180226 155100;6945;6945.25;6941;6942;422
20180226 155200;6941;6942.5;6939.25;6940;478
20180226 155300;6940;6942;6938;6938.25;526
20180226 155400;6938.25;6943;6936.75;6941.25;823
20180226 155500;6941;6943.75;6940.75;6942.25;397
20180226 155600;6942;6944.5;6938.25;6938.25;645
20180226 155700;6938;6941.5;6937.75;6940.25;523
20180226 155800;6940.25;6942.75;6939.75;6942.25;581
20180226 155900;6942.5;6942.75;6939;6939.5;574
20180226 160000;6939.5;6941.75;6938;6941.5;477
20180226 160100;6941.5;6942;6936.25;6938.25;1222
20180226 160200;6938;6946.25;6938;6946.25;774
20180226 160300;6946.25;6949.25;6946;6948.25;923
20180226 160400;6948.25;6953.25;6947;6952;1515
20180226 160500;6952.5;6955.25;6951.5;6955;978
20180226 160600;6955.25;6955.5;6952.25;6953.75;864
20180226 160700;6953.5;6955;6951.75;6954.75;769
20180226 160800;6954.5;6956.25;6954;6954.25;485
20180226 160900;6954.25;6955;6953;6954.5;426
20180226 161000;6954.75;6958;6953.75;6955.25;900
20180226 161100;6955.5;6958;6955.25;6956.75;765
20180226 161200;6956.75;6957.5;6955;6956;366
20180226 161300;6956;6956;6952.75;6955.25;583
20180226 161400;6955;6956.25;6953.75;6955.25;578
20180226 161500;6955.25;6958.5;6955.25;6956.25;685
20180226 161600;6956.25;6958;6955.5;6956;445
20180226 161700;6956.25;6956.25;6953.75;6956;587
20180226 161800;6956.25;6960.75;6956.25;6960.25;652
20180226 161900;6960.5;6962;6960;6960.25;591
20180226 162000;6960.25;6964;6959;6963;895
20180226 162100;6963.25;6963.75;6960;6961.5;853
20180226 162200;6961.5;6962.75;6959.5;6960.25;420
20180226 162300;6960.5;6961;6959.5;6959.75;199
20180226 162400;6960;6960;6958.25;6959;289
20180226 162500;6959;6959.5;6957.25;6957.75;276
20180226 162600;6957.75;6958.75;6955.75;6955.75;668
20180226 162700;6955.75;6959.5;6955.5;6958.75;530
20180226 162800;6958.75;6960.25;6958.25;6959.25;299
20180226 162900;6959.25;6962.25;6959.25;6960;447
20180226 163000;6960;6963.25;6960;6962.75;798
20180226 163100;6962.75;6964.5;6961;6961.75;734
20180226 163200;6962;6964.5;6961.75;6964.5;390
20180226 163300;6964.25;6965.5;6962.5;6963.75;485
20180226 163400;6964;6966.25;6963;6963.5;726
20180226 163500;6963.5;6963.5;6961.25;6961.25;477
20180226 163600;6961.5;6964.25;6960.75;6961.75;558
20180226 163700;6962;6962.25;6958;6958.25;549
20180226 163800;6958.25;6962.25;6958.25;6960;502
20180226 163900;6960;6962;6959.5;6961.5;344
20180226 164000;6961.5;6965.75;6961.5;6963.5;872
20180226 164100;6963.75;6965;6961.75;6963.75;452
20180226 164200;6963.75;6964.5;6962.75;6964;367
20180226 164300;6964.25;6965.5;6963.5;6964.5;567
20180226 164400;6964.5;6966.25;6963.75;6965.5;498
20180226 164500;6965.5;6966.25;6963.75;6964.5;520
20180226 164600;6964.5;6965.75;6964.25;6964.25;326
20180226 164700;6964.25;6965.5;6964;6965;349
20180226 164800;6965;6966;6963.5;6965.75;211
20180226 164900;6966;6966;6962;6962.5;406
20180226 165000;6962.5;6962.75;6960.5;6960.75;244
20180226 165100;6960.5;6963.25;6960;6962;355
20180226 165200;6962.25;6962.5;6960;6960.25;221
20180226 165300;6960;6960.5;6957.5;6958;467
20180226 165400;6958.25;6961.25;6957.5;6960.75;356
20180226 165500;6960.75;6961.75;6958.75;6959;234
20180226 165600;6959;6962.25;6958.25;6962.25;377
20180226 165700;6961.75;6962;6959.75;6961;460
20180226 165800;6960.75;6961;6960;6960.5;189
20180226 165900;6960.75;6962.75;6958.25;6958.5;467
20180226 170000;6958.5;6960;6957.75;6958.75;286
20180226 170100;6959;6959.75;6958.25;6958.25;295
20180226 170200;6958.25;6960.5;6957.5;6959.75;288
20180226 170300;6960.25;6960.5;6958.5;6959.5;209
20180226 170400;6959.75;6962.25;6959.25;6961;408
20180226 170500;6961.5;6961.75;6960;6960.5;230
20180226 170600;6961;6964;6960.75;6963;426
20180226 170700;6962.75;6964;6961.75;6963.75;437
20180226 170800;6964;6966;6963;6964.75;528
20180226 170900;6965.25;6965.5;6962.75;6963;355
20180226 171000;6963.25;6964;6962.5;6963.25;291
20180226 171100;6963.25;6966.25;6962.5;6964.75;577
20180226 171200;6964.75;6965.75;6963;6965;513
20180226 171300;6965;6968;6964.5;6964.5;981
20180226 171400;6964.5;6965;6961;6961.75;575
20180226 171500;6961.75;6961.75;6960;6960.75;492
20180226 171600;6961;6961.5;6959.75;6959.75;396
20180226 171700;6959.75;6961;6959.25;6959.75;254
20180226 171800;6960;6961;6958;6960.75;464
20180226 171900;6960.75;6961;6959.5;6960;143
20180226 172000;6960;6962;6960;6962;270
20180226 172100;6961.75;6963.5;6961.5;6962.75;417
20180226 172200;6963;6965;6961.75;6962.25;539
20180226 172300;6962.5;6964.75;6962.5;6964.5;365
20180226 172400;6964.5;6966;6963.75;6964.25;495
20180226 172500;6964.25;6964.5;6962.5;6963.25;217
20180226 172600;6963.25;6965;6962.5;6964.75;211
20180226 172700;6964.75;6965.75;6962.25;6963.25;283
20180226 172800;6963;6964;6962.5;6963;205
20180226 172900;6962.75;6965;6962.75;6964.25;110
20180226 173000;6964;6966;6964;6965.25;240
20180226 173100;6965.75;6967.5;6965.5;6966.25;569
20180226 173200;6966;6966.25;6961.25;6962.25;724
20180226 173300;6961.75;6962.25;6960.75;6962.25;311
20180226 173400;6962.25;6963.5;6961.75;6963.25;268
20180226 173500;6963.25;6964;6961;6961.25;264
20180226 173600;6961;6961.75;6958.5;6959;1071
20180226 173700;6959;6960.25;6958.5;6960;304
20180226 173800;6960;6962;6959;6961.5;409
20180226 173900;6961.5;6963.75;6961;6963.75;444
20180226 174000;6963.5;6964;6961.25;6962;206
20180226 174100;6962;6962;6959.5;6961.5;483
20180226 174200;6961;6961;6958;6960.25;603
20180226 174300;6960;6960;6957.75;6959.5;384
20180226 174400;6959.75;6961.75;6959.75;6961.75;328
20180226 174500;6961.75;6963.25;6961.5;6963;282
20180226 174600;6962.75;6963;6959.5;6962;503
20180226 174700;6962;6963;6961.25;6962.5;275
20180226 174800;6962.5;6963.25;6961.25;6962.5;196
20180226 174900;6962.25;6963;6962;6962.5;161
20180226 175000;6962.75;6967.75;6962.75;6966.75;1291
20180226 175100;6966.75;6971;6966.75;6969.25;1645
20180226 175200;6969.5;6970;6967.75;6967.75;382
20180226 175300;6968;6969;6967.5;6968.5;188
20180226 175400;6968.5;6969.75;6967.5;6968.75;268
20180226 175500;6968.5;6969.25;6968;6968.75;130
20180226 175600;6968.5;6970.25;6968.25;6969.25;470
20180226 175700;6969.25;6970.5;6969;6970.25;225
20180226 175800;6970;6972;6968.75;6970.5;633
20180226 175900;6970.25;6972.75;6969;6971.75;399
20180226 180000;6971.5;6972.25;6969.75;6970.25;296
20180226 180100;6970;6972.25;6970;6970.5;436
20180226 180200;6970.75;6971.75;6969;6971.75;317
20180226 180300;6971.75;6973;6970.75;6973;716
20180226 180400;6972.75;6974.25;6972.25;6972.75;386
20180226 180500;6973;6973.5;6972.25;6972.5;120
20180226 180600;6972.5;6973.5;6971.5;6971.75;181
20180226 180700;6971.75;6972.25;6970;6970.25;231
20180226 180800;6970.75;6971.75;6969;6970.5;346
20180226 180900;6970.5;6971.75;6969.5;6969.5;242
20180226 181000;6970;6972;6969;6971.25;413
20180226 181100;6971;6971.25;6969;6969.25;195
20180226 181200;6969;6971.25;6969;6970.25;229
20180226 181300;6970.25;6970.75;6968.5;6969.25;208
20180226 181400;6969.25;6969.5;6966.25;6966.75;433
20180226 181500;6967.25;6969.75;6967;6969.25;307
20180226 181600;6969;6969.5;6966.75;6967.75;297
20180226 181700;6967.5;6968.75;6967.5;6968.75;208
20180226 181800;6968.75;6969.75;6968.5;6969;133
20180226 181900;6969.25;6970.5;6967.5;6968.25;306
20180226 182000;6968;6969.25;6967.5;6969;179
20180226 182100;6969;6969;6967.75;6968.25;134
20180226 182200;6968.5;6970.75;6968;6970.75;314
20180226 182300;6971;6971;6969.5;6970.5;195
20180226 182400;6970.5;6971.5;6970.25;6971;218
20180226 182500;6971;6972;6970.5;6970.75;257
20180226 182600;6970.25;6972;6970;6971;144
20180226 182700;6971;6973;6969.5;6970;346
20180226 182800;6969.75;6970.5;6968.5;6969;211
20180226 182900;6969.5;6973;6969.5;6973;312
20180226 183000;6972.5;6974.25;6972.25;6974.25;342
20180226 183100;6974.25;6975;6972.5;6972.5;331
20180226 183200;6972.25;6972.5;6969.25;6969.25;407
20180226 183300;6969.5;6972.25;6969.5;6971;418
20180226 183400;6970.75;6971;6968.5;6968.75;261
20180226 183500;6968.75;6970;6968.5;6969;158
20180226 183600;6969.25;6969.5;6967.25;6968;245
20180226 183700;6968;6970.25;6967.75;6969.25;215
20180226 183800;6969.25;6970.25;6968.5;6969.75;131
20180226 183900;6970.25;6970.75;6969;6970.25;148
20180226 184000;6970.25;6970.5;6967.25;6967.75;225
20180226 184100;6967.75;6968.5;6966.5;6966.75;230
20180226 184200;6966.75;6969.5;6966.75;6969.25;174
20180226 184300;6969.25;6970;6968;6968.5;153
20180226 184400;6968.5;6968.75;6967.5;6968;86
20180226 184500;6968.25;6970;6968.25;6969.5;118
20180226 184600;6969.75;6969.75;6968.25;6969;96
20180226 184700;6969;6969.75;6967.75;6969;145
20180226 184800;6969.25;6970.5;6969.25;6970.25;182
20180226 184900;6970.25;6970.5;6969.75;6970.25;74
20180226 185000;6970.25;6970.5;6968.25;6968.5;101
20180226 185100;6968.5;6969.25;6968.25;6969.25;106
20180226 185200;6969.25;6969.5;6968.75;6969;69
20180226 185300;6968.75;6969;6966.75;6968.75;242
20180226 185400;6968.75;6969;6967.5;6968;124
20180226 185500;6968;6969;6967.5;6968;81
20180226 185600;6968;6969;6967.75;6968;88
20180226 185700;6968.25;6971.5;6968.25;6971;234
20180226 185800;6971.25;6971.75;6970.5;6970.75;196
20180226 185900;6970.75;6972.5;6970.75;6971.25;172
20180226 190000;6971.25;6972;6970.5;6971.5;148
20180226 190100;6971.75;6973.25;6971.5;6972.25;308
20180226 190200;6972.5;6973.75;6972.5;6972.75;235
20180226 190300;6973;6974;6972.5;6973.5;261
20180226 190400;6973.5;6977.75;6972.5;6976.75;1294
20180226 190500;6976.5;6977;6975.75;6976.5;277
20180226 190600;6976.75;6977.75;6975.75;6976.25;274
20180226 190700;6976.5;6978.5;6976;6978;356
20180226 190800;6978.25;6978.5;6977;6977.5;323
20180226 190900;6977.25;6977.75;6975.75;6976.75;202
20180226 191000;6976.75;6978;6976;6977.5;237
20180226 191100;6977.5;6978.75;6977.5;6978.75;242
20180226 191200;6978.75;6979.5;6978.5;6979.25;337
20180226 191300;6979.5;6979.5;6978;6979.5;362
20180226 191400;6979.25;6982.25;6979.25;6981.75;864
20180226 191500;6981.75;6983.25;6980.75;6983;486
20180226 191600;6983;6983.5;6981.5;6982;379
20180226 191700;6982;6983;6980.25;6980.5;302
20180226 191800;6980.75;6983.5;6980.5;6983;294
20180226 191900;6983;6985;6982.75;6984;414
20180226 192000;6984.25;6984.5;6983.25;6983.75;245
20180226 192100;6983.75;6984.5;6983;6984.25;201
20180226 192200;6984;6984.25;6982;6982.5;271
20180226 192300;6982.25;6983;6981.5;6982.75;286
20180226 192400;6982.75;6983.5;6982.5;6983.25;101
20180226 192500;6983.25;6984;6982.5;6982.75;146
20180226 192600;6983;6984.5;6982;6982;229
20180226 192700;6982;6982.5;6977;6978.75;1142
20180226 192800;6978.75;6980.75;6976.25;6979.25;1866
20180226 192900;6979.75;6979.75;6977;6977.75;316
20180226 193000;6977.75;6978;6977.25;6977.75;140
20180226 193100;6978;6978.25;6976.5;6977.5;318
20180226 193200;6977.25;6979;6977;6977.75;268
20180226 193300;6978;6979.5;6978;6978.75;206
20180226 193400;6978.75;6979;6977;6978.75;228
20180226 193500;6978.5;6980.5;6978.25;6980.25;261
20180226 193600;6980.25;6982.75;6979.5;6982.5;311
20180226 193700;6982.25;6982.5;6980.5;6981.5;195
20180226 193800;6981.25;6983;6980;6982.75;507
20180226 193900;6983;6984;6981.5;6981.75;617
20180226 194000;6981.75;6983.25;6980.75;6981;182
20180226 194100;6980.75;6981;6979;6980;363
20180226 194200;6980;6981;6979.75;6980.75;181
20180226 194300;6980.75;6983.5;6980.75;6981.5;356
20180226 194400;6982;6982.5;6981;6982;105
20180226 194500;6982.25;6982.25;6978.25;6978.5;285
20180226 194600;6978.25;6978.75;6975.5;6976.75;593
20180226 194700;6976.5;6979.5;6976.5;6977.75;466
20180226 194800;6977.75;6978.25;6975.75;6976;287
20180226 194900;6975.75;6976.5;6972.25;6974.5;1036
20180226 195000;6974.25;6975.5;6974;6975;354
20180226 195100;6974.75;6974.75;6972;6973.75;749
20180226 195200;6974;6977.25;6973.75;6976.5;702
20180226 195300;6976.25;6977.75;6976.25;6976.75;289
20180226 195400;6976.75;6978;6974.5;6976.75;520
20180226 195500;6977;6980;6977;6979;377
20180226 195600;6978.75;6980;6976.25;6977;708
20180226 195700;6977.5;6977.5;6974.75;6976.75;261
20180226 195800;6976.75;6979.5;6976.25;6979.5;191
20180226 195900;6979.5;6980;6977.25;6977.75;238
20180226 200000;6977.75;6977.75;6975;6977.5;267
20180226 200100;6977;6978.25;6975.5;6976.25;304
20180226 200200;6976.5;6978;6975.25;6975.25;231
20180226 200300;6975.25;6979.5;6975;6978;320
20180226 200400;6978;6980.75;6977.75;6979.5;328
20180226 200500;6979.75;6982.5;6979.5;6982.5;547
20180226 200600;6982.5;6983;6980.25;6981;368
20180226 200700;6980.75;6982.75;6980.5;6981.25;211
20180226 200800;6981.25;6984.5;6981.25;6984.25;361
20180226 200900;6984;6989.25;6984;6987.25;1174
20180226 201000;6987.25;6987.75;6985;6987.25;457
20180226 201100;6987;6989.75;6986.75;6989.25;360
20180226 201200;6989;6989.5;6986.5;6988.25;424
20180226 201300;6988;6988.25;6985;6985;379
20180226 201400;6985;6987.5;6984.5;6987.25;349
20180226 201500;6987.25;6987.5;6984.5;6984.5;259
20180226 201600;6984.75;6986;6982.75;6985;432
20180226 201700;6984.75;6985.5;6983.75;6984.5;234
20180226 201800;6984.75;6986.5;6983.75;6984;216
20180226 201900;6984;6987.25;6983.5;6987.25;263
20180226 202000;6987.5;6989;6987;6989;388
20180226 202100;6988.75;6991;6988.25;6989.75;969
20180226 202200;6989.75;6990.25;6987;6989.25;385
20180226 202300;6988.75;6989;6987;6988.5;246
20180226 202400;6988.75;6990.75;6988.75;6989;419
20180226 202500;6989;6991.5;6988.75;6988.75;510
20180226 202600;6988.5;6988.75;6987;6987.25;328
20180226 202700;6987.5;6987.75;6985.5;6986.5;338
20180226 202800;6986.5;6990;6986.5;6989.75;471
20180226 202900;6989.75;6990;6988.25;6989.25;241
20180226 203000;6989;6992;6988.5;6990;550
20180226 203100;6990;6990.25;6985.5;6985.75;468
20180226 203200;6985.75;6988.25;6985.75;6987.75;476
20180226 203300;6987.75;6990.75;6987.25;6990.75;392
20180226 203400;6990.5;6992.5;6990.5;6991.25;628
20180226 203500;6990.75;6992.5;6990.75;6991.25;351
20180226 203600;6991.25;6992;6990.5;6991;239
20180226 203700;6991;6991.25;6988.75;6989.25;249
20180226 203800;6989;6989.75;6988;6988.75;513
20180226 203900;6989;6990.25;6988.25;6989.25;372
20180226 204000;6989.25;6992;6989.25;6991.25;341
20180226 204100;6991.25;6992.5;6990.25;6990.75;502
20180226 204200;6990.5;6990.75;6988.5;6988.75;301
20180226 204300;6988.75;6988.75;6987;6987.75;883
20180226 204400;6988.25;6989;6986.5;6986.75;440
20180226 204500;6987;6987.25;6985.75;6986;592
20180226 204600;6986;6988.5;6985;6987.25;1204
20180226 204700;6987.5;6988.5;6986;6988;428
20180226 204800;6987.5;6987.5;6984.25;6985.5;563
20180226 204900;6985.75;6987.5;6984.25;6984.25;474
20180226 205000;6984.25;6985;6980.25;6980.75;986
20180226 205100;6980.5;6984.75;6980.5;6982.75;1416
20180226 205200;6982.75;6984.25;6980.75;6983;642
20180226 205300;6982.75;6983.25;6979.5;6979.75;607
20180226 205400;6979.75;6980.75;6979;6979.25;528
20180226 205500;6979.75;6979.75;6977.25;6978.5;733
20180226 205600;6978.25;6982.75;6978;6982.25;1439
20180226 205700;6982.5;6986.25;6982.25;6986;1143
20180226 205800;6986.25;6986.25;6982.75;6984;1310
20180226 205900;6984;6986.5;6984;6984.75;918
20180226 210000;6984.5;6993.25;6984.5;6992.5;2920
20180226 210100;6992.25;6993.25;6990;6992.25;1887
20180226 210200;6991.75;6996;6991.5;6995;1085
20180226 210300;6995.25;6995.75;6993;6993;592
20180226 210400;6993;6994.25;6992.5;6993;254
20180226 210500;6993;6995.25;6993;6994.5;415
20180226 210600;6994;6996;6993.25;6993.5;315
20180226 210700;6993.5;6995;6993.5;6994;106
20180226 210800;6994;6996.5;6994;6996;273
20180226 210900;6995.75;6996.25;6995.5;6995.5;140
20180226 211000;6995.5;6996.25;6995.25;6995.5;225
20180226 211100;6995.25;6996;6995.25;6996;166
20180226 211200;6996.25;6997.5;6996;6997;306
20180226 211300;6997;6997.25;6996.25;6997;151
20180226 211400;6997.25;6997.75;6996;6997.25;268
20180226 211500;6997.5;7002;6997.25;7000.25;947
20180226 213100;6999.5;7001;6999.5;7000.5;77
20180226 213200;7001;7004.75;7000.75;7004.5;276
20180226 213300;7004.75;7007.5;7004.25;7004.25;238
20180226 213400;7004.25;7005.5;7004.25;7004.5;61
20180226 213500;7004.75;7005.75;7004.5;7005.25;50
20180226 213600;7005.25;7006.5;7004.75;7006.25;28
20180226 213700;7006.25;7007;7006.25;7006.25;22
20180226 213800;7006.5;7006.5;7005;7005;47
20180226 213900;7005.25;7005.5;7005;7005.5;31
20180226 214000;7005.5;7005.5;7005;7005.25;18
20180226 214100;7005.25;7005.25;7004.5;7004.5;35
20180226 214200;7004.5;7004.5;7004.25;7004.5;27
20180226 214300;7004.5;7005;7004.25;7004.75;31
20180226 214400;7004.75;7005;7004.5;7004.5;20
20180226 214500;7004.5;7004.5;7003.5;7003.75;82
20180226 214600;7004;7004.25;7003.75;7004;17
20180226 214700;7003.75;7004;7003.75;7004;13
20180226 214800;7003.75;7004.25;7003.75;7004.25;33
20180226 214900;7004.25;7004.25;7004;7004;43
20180226 215000;7004;7004.75;7003.75;7003.75;44
20180226 215100;7003.5;7004.75;7003.5;7004.75;69
20180226 215200;7005;7005;7005;7005;15
20180226 215300;7005.25;7005.25;7005.25;7005.25;26
20180226 215400;7005.25;7005.5;7005.25;7005.25;27
20180226 215500;7005.5;7005.5;7005;7005.25;38
20180226 215600;7005;7006;7005;7005.25;73
20180226 215700;7005.5;7006;7005.25;7005.5;47
20180226 215800;7005.75;7005.75;7003.75;7005;108
20180226 215900;7004.75;7004.75;7004;7004;46
20180226 220000;7003.75;7004.25;7003.5;7003.5;57
20180226 230100;7003.5;7004.25;7002;7002.5;224
20180226 230200;7002.5;7003;7002.25;7002.75;80
20180226 230300;7002.75;7003.25;7002.25;7002.75;36
20180226 230400;7002.5;7002.75;7001;7001.75;74
20180226 230500;7001.5;7002.25;7001.25;7002;45
20180226 230600;7002;7002.5;7000.25;7000.5;82
20180226 230700;7000.75;7001;7000;7000.5;46
20180226 230800;7000.25;7000.25;6999.25;6999.5;50
20180226 230900;6999.5;7000.25;6999.25;7000.25;37
20180226 231000;7000;7000.25;6999.75;7000.25;18
20180226 231100;7000;7000;6999.5;6999.5;17
20180226 231200;6999.25;6999.5;6998.75;6998.75;41
20180226 231300;6999;6999.25;6998.75;6998.75;21
20180226 231400;6999;6999.25;6998.25;6998.75;66
20180226 231500;6998.5;6998.75;6998.25;6998.75;12
20180226 231600;6998.75;7000.5;6998.75;7000.5;52
20180226 231700;7000.5;7001;7000.25;7001;26
20180226 231800;7000.75;7001;7000.25;7000.25;51
20180226 231900;7000.5;7001.25;7000.5;7001.25;33
20180226 232000;7001;7001.5;7000.5;7001.25;19
20180226 232100;7001.25;7001.25;7001;7001;8
20180226 232200;7001.25;7001.5;7001.25;7001.25;10
20180226 232300;7001.25;7001.25;7001;7001.25;6
20180226 232400;7001.5;7001.75;7001.25;7001.5;16
20180226 232500;7001.5;7001.5;7000.75;7000.75;29
20180226 232600;7000.75;7001.25;7000.75;7001;13
20180226 232700;7001.25;7001.25;7000.75;7001.25;8
20180226 232800;7001;7001;7000.75;7000.75;5
20180226 232900;7001;7001;7000.75;7001;7
20180226 233000;7001.25;7001.25;7000.5;7000.5;9
20180226 233100;7000.75;7001.5;7000.5;7000.75;31
20180226 233200;7000.5;7000.75;7000.5;7000.75;7
20180226 233300;7000.75;7000.75;6999.5;6999.5;31
20180226 233400;6999.5;6999.75;6999.25;6999.5;13
20180226 233500;6999;6999.5;6999;6999.5;4
20180226 233600;6999.25;6999.5;6998.5;6998.5;40
20180226 233700;6998.75;6999;6998.25;6998.25;16
20180226 233800;6998.25;6998.5;6998.25;6998.5;19
20180226 233900;6998.75;6999;6998.75;6998.75;19
20180226 234000;6999;7000.25;6999;6999.5;49
20180226 234100;6999.5;7000;6999.5;6999.75;5
20180226 234200;7000;7000.75;7000;7000.75;16
20180226 234300;7000.25;7000.5;7000;7000.5;8
20180226 234400;7000.5;7000.75;7000.5;7000.75;14
20180226 234500;7001;7002.75;7001;7002.5;40
20180226 234600;7002.5;7002.75;7002.25;7002.5;16
20180226 234700;7002.5;7003.5;7002.5;7003.5;35
20180226 234800;7003.25;7004;7002.75;7003.25;88
20180226 234900;7003.25;7003.75;7003;7003.75;18
20180226 235000;7003.75;7004.75;7003.75;7004.25;93
20180226 235100;7004.25;7004.75;7004;7004.5;26
20180226 235200;7004.25;7004.5;7003.5;7004.25;66
20180226 235300;7004;7004.25;7003.5;7003.75;73
20180226 235400;7003.5;7003.75;7003.25;7003.5;28
20180226 235500;7003.25;7003.25;7002.5;7002.5;33
20180226 235600;7002.5;7003;7002.5;7002.75;11
20180226 235700;7002.75;7002.75;7001.5;7002.25;48
20180226 235800;7001.75;7002.25;7001.5;7001.5;31
20180226 235900;7001.75;7001.75;7001.25;7001.25;8
20180227 000000;7001.5;7001.75;7001;7001;37
20180227 000100;7001;7002.5;7001;7002.5;84
20180227 000200;7002.5;7002.75;7001.5;7001.5;49
20180227 000300;7001.5;7002;7001.25;7001.25;31
20180227 000400;7001.75;7001.75;6999.25;6999.5;118
20180227 000500;6999.75;7001.25;6999.75;7000;73
20180227 000600;6999.5;7000.25;6999.5;6999.5;46
20180227 000700;6999.75;7001.25;6999.75;7000.25;37
20180227 000800;7000;7000.5;6999.25;7000;96
20180227 000900;6999.75;7000;6999.25;6999.5;33
20180227 001000;6999.75;7000.25;6999.25;6999.5;42
20180227 001100;6999.25;6999.75;6998.5;6999.5;24
20180227 001200;7000;7001;6999.5;7000.75;68
20180227 001300;7001;7002;7000.5;7000.75;53
20180227 001400;7001;7002;7000.25;7001.25;78
20180227 001500;7001;7001.25;7000.75;7001.25;49
20180227 001600;7001;7001.5;7000.75;7001;27
20180227 001700;7001.25;7001.5;7000.75;7000.75;15
20180227 001800;7000.5;7000.5;7000;7000.25;4
20180227 001900;7000;7001;7000;7000.25;24
20180227 002000;7000.5;7001.25;7000.5;7001.25;8
20180227 002100;7001.25;7001.5;7001;7001.5;21
20180227 002200;7001.75;7002;7001;7001;31
20180227 002300;7000.75;7000.75;7000.5;7000.75;14
20180227 002400;7000.75;7001.25;7000.5;7001.25;9
20180227 002500;7001.75;7001.75;7000.5;7000.5;21
20180227 002600;7000.25;7000.5;7000;7000;16
20180227 002700;7000.25;7000.5;7000;7000;44
20180227 002800;7000.25;7000.5;6999.5;6999.75;36
20180227 002900;6999.5;6999.5;6997.25;6998.25;115
20180227 003000;6998.5;6999;6998.25;6998.25;48
20180227 003100;6998.5;6998.5;6997;6997.25;47
20180227 003200;6997.5;6998;6997.25;6997.25;59
20180227 003300;6997.25;6997.75;6996.75;6996.75;51
20180227 003400;6996.75;6997.25;6996.25;6996.25;34
20180227 003500;6996;6996.5;6995.75;6996.25;86
20180227 003600;6996;6997;6996;6996.75;41
20180227 003700;6996.75;6997.75;6996.75;6996.75;77
20180227 003800;6996.5;6998;6996.5;6998;48
20180227 003900;6997.75;6998;6997.25;6997.25;26
20180227 004000;6997.75;6998.75;6997.75;6998;21
20180227 004100;6998;6998.75;6997.75;6997.75;30
20180227 004200;6998;6998.75;6998;6998.25;36
20180227 004300;6998.25;6998.5;6997.5;6997.5;22
20180227 004400;6997.75;6999.5;6997.75;6999.5;68
20180227 004500;6999.5;6999.5;6998;6998;42
20180227 004600;6998;6998.5;6997.5;6998.25;26
20180227 004700;6998;6998;6997.5;6997.5;11
20180227 004800;6998;6998.75;6997.5;6997.5;31
20180227 004900;6997.75;6999;6997.75;6998.25;20
20180227 005000;6998.25;7000;6998.25;6999.5;37
20180227 005100;6999.75;7001.5;6999.5;7000.25;62
20180227 005200;7000.5;7000.5;7000.25;7000.25;9
20180227 005300;7000.5;7000.75;6999.75;6999.75;35
20180227 005400;7000;7000.75;6999.75;7000.75;15
20180227 005500;7000.25;7000.5;6999.75;7000.5;31
20180227 005600;7000;7001;7000;7000.75;30
20180227 005700;7000.75;7001.5;7000.75;7001.5;21
20180227 005800;7001.25;7001.5;7001.25;7001.25;13
20180227 005900;7001.5;7001.75;7000.75;7001.75;23
20180227 010000;7002;7002.5;7002;7002;43
20180227 010100;7002;7002.75;7002;7002.25;55
20180227 010200;7002.25;7002.5;7000.75;7001;42
20180227 010300;7001.25;7001.75;7001.25;7001.75;26
20180227 010400;7001.5;7001.75;7000.5;7000.75;31
20180227 010500;7000.75;7001.5;7000.5;7000.75;34
20180227 010600;7000.5;7002.5;7000.25;7002.25;93
20180227 010700;7002.5;7003.5;7002.5;7003.25;79
20180227 010800;7003.25;7003.5;7003;7003.25;18
20180227 010900;7003.5;7004.5;7003.5;7003.75;57
20180227 011000;7004;7004;7003.5;7004;22
20180227 011100;7004;7004;7003.25;7003.5;28
20180227 011200;7003.75;7004;7003.75;7003.75;8
20180227 011300;7003.75;7004.5;7003.75;7004.25;41
20180227 011400;7004.25;7004.25;7003.75;7003.75;21
20180227 011500;7003.5;7003.75;7003;7003.75;37
20180227 011600;7003.25;7003.75;7002.75;7003.75;24
20180227 011700;7003.75;7003.75;7002.75;7002.75;23
20180227 011800;7003;7003.25;7002.75;7002.75;11
20180227 011900;7003;7004.5;7003;7004.25;39
20180227 012000;7004;7004.25;7003.75;7004.25;18
20180227 012100;7004;7005;7003.75;7004.75;54
20180227 012200;7004.5;7005;7004.5;7004.75;42
20180227 012300;7004.75;7005;7004.75;7004.75;21
20180227 012400;7004.75;7005;7004.5;7004.5;94
20180227 012500;7004.5;7004.75;7004.25;7004.5;64
20180227 012600;7004.75;7005;7004.25;7004.25;62
20180227 012700;7004;7004.5;7003.75;7004;23
20180227 012800;7004.25;7004.25;7003.75;7003.75;17
20180227 012900;7003.75;7004;7003.75;7004;6
20180227 013000;7004;7005;7004;7005;56
20180227 013100;7004.75;7005;7004;7004.5;46
20180227 013200;7004.25;7004.5;7003.5;7004.5;41
20180227 013300;7004;7004.25;7003.5;7004;32
20180227 013400;7003.75;7003.75;7002.75;7003;45
20180227 013500;7003.25;7003.5;7002.75;7003;62
20180227 013600;7002.75;7003.75;7002.75;7003.25;56
20180227 013700;7003.25;7004;7003;7003.75;97
20180227 013800;7003.75;7004;7003.75;7004;27
20180227 013900;7004.25;7004.75;7004;7004.25;31
20180227 014000;7004.25;7004.25;7004;7004.25;18
20180227 014100;7004;7005;7004;7004.75;169
20180227 014200;7005;7006.5;7004.75;7005.75;167
20180227 014300;7006;7008;7006;7007.25;139
20180227 014400;7007.25;7007.75;7006.75;7007;62
20180227 014500;7006.5;7006.75;7005.5;7006.25;62
20180227 014600;7006.25;7009;7005.75;7006.5;284
20180227 014700;7006.5;7007.75;7006.25;7007;132
20180227 014800;7007.25;7007.25;7005.5;7005.75;88
20180227 014900;7006;7007.25;7006;7006;105
20180227 015000;7006;7006.25;7005.5;7005.5;27
20180227 015100;7005.5;7006;7005;7005.25;60
20180227 015200;7005;7005.5;7004.25;7005.5;94
20180227 015300;7005.25;7005.25;7004.5;7004.5;46
20180227 015400;7004.25;7005.75;7004.25;7005.25;105
20180227 015500;7004.75;7005;7003.75;7004.25;41
20180227 015600;7004.5;7004.5;7003.5;7003.75;34
20180227 015700;7003.5;7004.25;7003;7003.75;56
20180227 015800;7003.5;7004.5;7003.5;7004.25;57
20180227 015900;7004.5;7004.75;7004;7004.75;26
20180227 020000;7004.75;7005.75;7004.25;7004.75;41
20180227 020100;7005;7006.25;7005;7005.25;68
20180227 020200;7005;7005.25;7004.75;7005.25;26
20180227 020300;7005.75;7006;7005.25;7005.25;16
20180227 020400;7005.25;7005.25;7004.5;7004.5;50
20180227 020500;7004.5;7005.5;7004.5;7005.5;15
20180227 020600;7005.25;7006.75;7005.25;7006.25;65
20180227 020700;7006;7006.25;7004.75;7005;33
20180227 020800;7005;7005.25;7004;7005;46
20180227 020900;7005;7006.25;7004.75;7006.25;43
20180227 021000;7006.25;7006.5;7005.5;7005.75;29
20180227 021100;7005.75;7005.75;7004.75;7005;24
20180227 021200;7005.25;7005.75;7005;7005;17
20180227 021300;7005;7005.5;7005;7005.5;14
20180227 021400;7005.25;7006;7004.5;7006;30
20180227 021500;7005.75;7005.75;7004.25;7004.25;22
20180227 021600;7004;7004;7003.25;7003.5;39
20180227 021700;7003.75;7003.75;7003.25;7003.5;9
20180227 021800;7003.5;7005;7003.5;7004.75;62
20180227 021900;7004.5;7004.75;7003.25;7003.75;35
20180227 022000;7003.75;7004.25;7003.5;7004.25;21
20180227 022100;7004;7004.5;7003.5;7004.25;16
20180227 022200;7004.25;7004.25;7003.25;7003.75;15
20180227 022300;7003.5;7003.5;7003;7003.25;24
20180227 022400;7003;7004;7002.5;7003.75;63
20180227 022500;7003.5;7003.5;7002;7002.25;40
20180227 022600;7002.5;7002.75;7002.25;7002.75;22
20180227 022700;7002.5;7002.75;7002.5;7002.5;3
20180227 022800;7002.75;7003;7002.5;7002.5;30
20180227 022900;7002.75;7002.75;7002.25;7002.5;20
20180227 023000;7002.75;7002.75;7001.25;7001.75;88
20180227 023100;7002;7002;7000.5;7001;69
20180227 023200;7000.5;7001.75;7000.5;7001.5;41
20180227 023300;7001.5;7001.75;7001.25;7001.5;8
20180227 023400;7001.5;7001.5;7001.25;7001.25;11
20180227 023500;7001.25;7001.5;7001.25;7001.5;8
20180227 023600;7001.5;7002;7001.5;7001.75;13
20180227 023700;7001.5;7002.5;7001.5;7002;23
20180227 023800;7002;7002.25;7001.25;7001.75;41
20180227 023900;7001.25;7001.25;7000.5;7001;28
20180227 024000;7001;7001;7000;7000;38
20180227 024100;7000;7000;6999.5;6999.5;65
20180227 024200;6999.5;7000;6998.75;6999.5;54
20180227 024300;6999.75;6999.75;6998.5;6999.75;76
20180227 024400;6999.75;7001;6999.5;7000.75;53
20180227 024500;7001;7001;7000;7001;34
20180227 024600;7000.75;7001.75;7000.75;7001.5;42
20180227 024700;7001.5;7001.5;7000.5;7000.75;32
20180227 024800;7000.5;7000.75;7000.5;7000.5;9
20180227 024900;7000.75;7001.75;7000;7001.5;85
20180227 025000;7001.75;7002;7001.5;7001.75;31
20180227 025100;7001.75;7002;7001.5;7001.5;10
20180227 025200;7001.5;7001.5;7000.75;7001.25;16
20180227 025300;7000.75;7000.75;7000.75;7000.75;5
20180227 025400;7000.75;7001.25;7000.75;7001.25;33
20180227 025500;7001.25;7001.25;7000.75;7000.75;14
20180227 025600;7000.75;7000.75;7000.5;7000.5;9
20180227 025700;7000;7000;6998.25;6998.5;41
20180227 025800;6999;6999.5;6998.75;6999.25;25
20180227 025900;6999.25;6999.5;6998.25;6998.75;25
20180227 030000;6998.5;6998.5;6997.5;6997.5;52
20180227 030100;6997.75;6998;6997.25;6997.5;31
20180227 030200;6997.25;6997.5;6996.5;6996.5;61
20180227 030300;6996.5;6997.75;6996.5;6996.5;44
20180227 030400;6996.75;6996.75;6995.5;6995.75;59
20180227 030500;6996;6997.75;6996;6997;72
20180227 030600;6996.5;6997.75;6996.5;6996.5;45
20180227 030700;6996.5;6997.75;6996.5;6997.25;74
20180227 030800;6997.25;6998.5;6997.25;6998;62
20180227 030900;6998;6998.5;6997.75;6998.25;35
20180227 031000;6998.5;6998.5;6997.5;6998.25;25
20180227 031100;6998;6998;6997.5;6997.5;32
20180227 031200;6997.25;6997.5;6996.25;6996.75;47
20180227 031300;6997.25;6998.75;6997.25;6998.5;27
20180227 031400;6998.5;6999;6998;6998.5;83
20180227 031500;6998.5;6998.5;6995.5;6996.75;86
20180227 031600;6996.25;6996.75;6995.75;6996;46
20180227 031700;6996;6996;6993.5;6993.75;293
20180227 031800;6993.75;6996;6993.5;6995;108
20180227 031900;6995;6995;6993.75;6994;51
20180227 032000;6994.25;6995.25;6994;6995;77
20180227 032100;6995.25;6995.5;6994;6994.75;73
20180227 032200;6995;6995.75;6994.5;6995;36
20180227 032300;6995;6995;6994;6994.75;25
20180227 032400;6994.5;6995;6994.25;6995;39
20180227 032500;6995.25;6996.25;6995.25;6995.25;49
20180227 032600;6995.25;6995.75;6995.25;6995.75;15
20180227 032700;6995;6995.5;6994.5;6995.5;31
20180227 032800;6995.25;6995.5;6995;6995.25;9
20180227 032900;6995.5;6996;6995.5;6996;36
20180227 033000;6996;6996.25;6995.25;6996;50
20180227 033100;6996.25;6997.75;6995.75;6997;67
20180227 033200;6997.5;6998.25;6997.25;6997.25;21
20180227 033300;6997;6997.25;6996.75;6997.25;9
20180227 033400;6997.5;6997.5;6996.25;6997;20
20180227 033500;6996.75;6997.5;6996.75;6997.5;26
20180227 033600;6997.5;6998;6996.75;6997;34
20180227 033700;6996.75;6996.75;6996.25;6996.5;15
20180227 033800;6996.25;6997.5;6996.25;6997.5;26
20180227 033900;6997.5;6997.5;6997;6997;14
20180227 034000;6997.25;6997.75;6997;6997.75;16
20180227 034100;6997.5;6998;6997.5;6997.5;11
20180227 034200;6997.75;6999.5;6997.75;6999;54
20180227 034300;6998.75;6999.75;6998.5;6999.25;13
20180227 034400;6999.25;6999.25;6998.25;6998.25;27
20180227 034500;6998.25;6998.25;6997;6997;31
20180227 034600;6996.75;6997;6996;6996;22
20180227 034700;6996;6997.75;6996;6996.75;39
20180227 034800;6996.5;6996.5;6996;6996.5;9
20180227 034900;6996;6996;6994.25;6995;76
20180227 035000;6994.5;6994.75;6994.25;6994.25;25
20180227 035100;6994.5;6994.5;6993.25;6993.5;44
20180227 035200;6993.25;6996;6993.25;6994;102
20180227 035300;6994.25;6994.25;6993.5;6994.25;35
20180227 035400;6994.25;6995.25;6993.75;6995;18
20180227 035500;6995.25;6995.25;6994.25;6994.5;24
20180227 035600;6995;6996.25;6995;6996.25;16
20180227 035700;6996.5;6996.5;6995.5;6995.5;36
20180227 035800;6995.25;6995.5;6995.25;6995.25;8
20180227 035900;6995;6995.25;6994.75;6995.25;9
20180227 040000;6995.5;6996.5;6995.5;6995.75;18
20180227 040100;6995.25;6995.5;6995;6995.5;17
20180227 040200;6995.5;6995.5;6995.5;6995.5;1
20180227 040300;6995.75;6996;6995.75;6996;6
20180227 040400;6996;6996.25;6995.5;6995.5;7
20180227 040500;6995.75;6995.75;6995.5;6995.75;10
20180227 040600;6995.5;6996;6995.5;6996;6
20180227 040700;6996;6997.25;6996;6996.5;66
20180227 040800;6996.5;6996.5;6995.25;6995.25;18
20180227 040900;6995.75;6996;6995.5;6995.75;22
20180227 041000;6995.5;6996;6995.5;6995.5;24
20180227 041100;6995.75;6995.75;6995.75;6995.75;1
20180227 041200;6995.75;6995.75;6995.25;6995.5;15
20180227 041300;6995.25;6996.25;6995.25;6996.25;19
20180227 041400;6996.25;6996.75;6996.25;6996.25;4
20180227 041500;6996.25;6996.25;6996.25;6996.25;2
20180227 041600;6996;6996;6993.5;6993.5;64
20180227 041700;6993.5;6993.75;6992.5;6992.75;75
20180227 041800;6992.75;6993.25;6992.75;6992.75;40
20180227 041900;6993;6993;6992;6992;44
20180227 042000;6992.25;6992.75;6992.25;6992.25;35
20180227 042100;6992.75;6992.75;6992.5;6992.75;9
20180227 042200;6992.75;6993;6992.75;6992.75;6
20180227 042300;6992.75;6993.25;6992.25;6993.25;18
20180227 042400;6993.25;6993.5;6993.25;6993.5;14
20180227 042500;6993.5;6994.75;6993.5;6994.5;29
20180227 042600;6994.5;6994.5;6993.5;6993.75;25
20180227 042700;6993.75;6994;6993.75;6993.75;8
20180227 042800;6993;6993;6992;6992;33
20180227 042900;6992.25;6992.75;6992.25;6992.75;11
20180227 043000;6993;6993;6992.5;6993;11
20180227 043100;6993;6993.75;6992.5;6993.5;52
20180227 043200;6993.75;6994.75;6993.75;6994.75;19
20180227 043300;6994.25;6995;6994;6995;30
20180227 043400;6994.75;6994.75;6993.75;6994.25;22
20180227 043500;6994.75;6994.75;6994;6994.75;18
20180227 043600;6995;6995;6995;6995;5
20180227 043700;6995;6995;6995;6995;1
20180227 043800;6995;6995.75;6995;6995.75;32
20180227 043900;6995.75;6995.75;6995.5;6995.75;10
20180227 044000;6996;6996.5;6996;6996.5;43
20180227 044100;6996.25;6996.5;6996.25;6996.5;22
20180227 044200;6996.5;6996.5;6996.25;6996.5;13
20180227 044300;6996.5;6996.5;6996;6996;17
20180227 044400;6996.25;6996.5;6996.25;6996.5;4
20180227 044500;6996.25;6997.5;6996.25;6997.5;25
20180227 044600;6997.5;6997.5;6996.5;6997;13
20180227 044700;6996.75;6996.75;6996.75;6996.75;1
20180227 044800;6996.75;6997.25;6996.75;6997;10
20180227 044900;6996.5;6996.75;6996;6996.75;17
20180227 045000;6996.5;6996.5;6996.25;6996.25;13
20180227 045100;6996.5;6996.5;6995.5;6995.75;27
20180227 045200;6996;6996;6995.75;6995.75;9
20180227 045300;6995.75;6995.75;6995;6995.25;15
20180227 045400;6995;6995.75;6995;6995.75;10
20180227 045500;6995.5;6995.5;6995.25;6995.25;4
20180227 045600;6995.25;6995.5;6995;6995.5;9
20180227 045700;6995;6995.75;6995;6995.75;7
20180227 045800;6995.75;6996.25;6995.5;6995.5;15
20180227 045900;6995.5;6995.5;6995;6995;10
20180227 050000;6995.5;6996;6995.25;6995.5;13
20180227 050100;6995.25;6996;6995.25;6995.75;11
20180227 050200;6995.75;6996.25;6995.5;6995.75;8
20180227 050300;6995.5;6995.75;6995.25;6995.75;6
20180227 050400;6995;6995;6994.5;6994.75;15
20180227 050500;6994.75;6995;6993.25;6993.25;34
20180227 050600;6993.25;6993.5;6992.5;6992.75;38
20180227 050700;6992.5;6993.5;6992.5;6992.5;18
20180227 050800;6993;6993;6991.25;6992.5;137
20180227 050900;6992.75;6994;6992.5;6993.75;41
20180227 051000;6993.5;6993.75;6992.25;6992.25;28
20180227 051100;6992;6992.25;6991.25;6992.25;45
20180227 051200;6992.25;6993;6991.75;6992.25;42
20180227 051300;6992.25;6993;6992;6993;23
20180227 051400;6993.5;6993.5;6993.25;6993.25;12
20180227 051500;6993.25;6993.25;6992;6992;27
20180227 051600;6991.75;6992;6991;6991.25;59
20180227 051700;6991.25;6991.25;6989.75;6989.75;157
20180227 051800;6989.5;6990.5;6989.25;6990.25;90
20180227 051900;6990.25;6991.5;6990.25;6991.25;25
20180227 052000;6991;6992;6991;6991.5;36
20180227 052100;6991.75;6993;6991.5;6991.75;61
20180227 052200;6992;6992.25;6991;6991;36
20180227 052300;6990.75;6990.75;6989.5;6989.75;71
20180227 052400;6989.5;6989.75;6989.25;6989.25;26
20180227 052500;6989.5;6990.75;6989.5;6990.25;20
20180227 052600;6990.25;6990.25;6988.75;6988.75;51
20180227 052700;6989;6990.5;6989;6990.25;39
20180227 052800;6990.25;6990.25;6989.25;6989.25;21
20180227 052900;6989.75;6990.5;6989.75;6990.25;19
20180227 053000;6990.25;6990.25;6990;6990;10
20180227 053100;6990.25;6990.5;6989.5;6990;15
20180227 053200;6990.25;6991;6989.5;6989.5;19
20180227 053300;6989.25;6989.75;6989;6989.25;17
20180227 053400;6989;6989.25;6988;6989.25;81
20180227 053500;6989.5;6989.5;6987.25;6988;50
20180227 053600;6987.5;6988.75;6987.5;6988.25;59
20180227 053700;6988.25;6988.5;6987.75;6988;28
20180227 053800;6988;6989.75;6987.75;6989.75;31
20180227 053900;6990;6990.75;6989.75;6990.5;50
20180227 054000;6990.5;6990.75;6989.75;6989.75;21
20180227 054100;6989.5;6989.5;6989;6989.25;19
20180227 054200;6989;6989.5;6988.75;6989.25;14
20180227 054300;6989;6990.75;6989;6990.5;24
20180227 054400;6990.25;6990.5;6990.25;6990.25;10
20180227 054500;6990.5;6991;6989;6990;72
20180227 054600;6990.25;6990.25;6988.75;6989;21
20180227 054700;6989.25;6989.5;6989;6989.5;16
20180227 054800;6988.75;6989.25;6988.5;6988.75;29
20180227 054900;6988.25;6990.75;6988.25;6990.25;72
20180227 055000;6990.5;6990.75;6990.25;6990.75;27
20180227 055100;6990.5;6990.5;6989.75;6989.75;24
20180227 055200;6989.75;6990.25;6989.75;6990.25;12
20180227 055300;6990.5;6990.5;6989.5;6989.5;16
20180227 055400;6989.75;6990;6989.5;6989.75;11
20180227 055500;6989.75;6990.25;6989.75;6989.75;6
20180227 055600;6989.75;6989.75;6989.25;6989.25;8
20180227 055700;6989.25;6989.75;6989;6989;14
20180227 055800;6989;6989.25;6988.75;6989.25;14
20180227 055900;6989.25;6989.5;6989.25;6989.5;14
20180227 060000;6989.75;6990.5;6989.5;6990.5;32
20180227 060100;6990.75;6991.25;6990.25;6990.75;24
20180227 060200;6990.25;6990.75;6990;6990.25;19
20180227 060300;6990.25;6990.25;6989.75;6989.75;13
20180227 060400;6989.75;6990.25;6989.75;6990.25;16
20180227 060500;6990;6990.25;6989.5;6990;18
20180227 060600;6989.5;6989.75;6989.5;6989.75;6
20180227 060700;6989.75;6990.75;6989.75;6990.5;28
20180227 060800;6990.25;6990.75;6990;6990.75;6
20180227 060900;6990;6990;6989.5;6989.75;6
20180227 061000;6989.25;6989.25;6989;6989.25;13
20180227 061100;6989.5;6990.25;6989.5;6990;24
20180227 061200;6990;6990.5;6989.75;6990.5;13
20180227 061300;6990.25;6991;6990.25;6990.75;31
20180227 061400;6990.75;6990.75;6989.75;6989.75;41
20180227 061500;6990;6990.25;6988.5;6989;54
20180227 061600;6989.25;6989.25;6987.75;6988.25;40
20180227 061700;6988;6988.25;6986.75;6987;43
20180227 061800;6986.75;6987.25;6985.75;6987;121
20180227 061900;6987;6987;6986.5;6986.75;23
20180227 062000;6987.25;6987.75;6987;6987.25;36
20180227 062100;6987;6987.25;6986.5;6987;23
20180227 062200;6986.75;6986.75;6986.25;6986.5;30
20180227 062300;6986.25;6987;6986.25;6986.75;21
20180227 062400;6986.75;6987;6986.5;6986.5;15
20180227 062500;6986.5;6986.5;6986.25;6986.5;11
20180227 062600;6986.5;6986.75;6986.25;6986.75;7
20180227 062700;6987;6987;6986.75;6987;15
20180227 062800;6987.25;6988.25;6987.25;6988.25;30
20180227 062900;6987.75;6988;6987;6987.25;21
20180227 063000;6987.25;6987.25;6986;6986.25;49
20180227 063100;6986;6986.25;6985.25;6985.25;33
20180227 063200;6985.25;6985.25;6984.5;6984.75;25
20180227 063300;6984.75;6985.25;6984.5;6984.75;64
20180227 063400;6985;6985.25;6982.75;6982.75;111
20180227 063500;6983.75;6985.25;6983.5;6984.75;90
20180227 063600;6984.5;6985;6984.25;6984.75;40
20180227 063700;6984.75;6984.75;6984;6984;20
20180227 063800;6983.5;6985;6983.5;6985;30
20180227 063900;6985;6985.25;6984.75;6985;16
20180227 064000;6985;6985.75;6984.5;6985.5;47
20180227 064100;6985.75;6985.75;6985;6985.25;13
20180227 064200;6985.25;6985.5;6985;6985;20
20180227 064300;6985;6986;6985;6985.75;20
20180227 064400;6985.75;6985.75;6985.5;6985.5;30
20180227 064500;6985.75;6986.5;6985.75;6986.5;25
20180227 064600;6986;6986.75;6986;6986.75;32
20180227 064700;6987;6987;6983;6983.5;136
20180227 064800;6983.75;6984;6982.5;6983.75;46
20180227 064900;6984.25;6985.25;6983.75;6984.5;118
20180227 065000;6984.75;6985.25;6984.25;6985;44
20180227 065100;6984.75;6986.5;6984.5;6986.5;57
20180227 065200;6986.25;6987.75;6986.25;6987.75;44
20180227 065300;6987.75;6987.75;6986.5;6987;38
20180227 065400;6987.25;6988;6987.25;6987.75;22
20180227 065500;6988;6988.75;6986.75;6987.5;77
20180227 065600;6987.75;6988.75;6987.75;6988.25;41
20180227 065700;6988;6989.75;6988;6989.75;37
20180227 065800;6990;6990.75;6989.5;6989.75;73
20180227 065900;6989.75;6990.25;6989.75;6989.75;22
20180227 070000;6989.75;6990.5;6989;6990.25;71
20180227 070100;6990.25;6990.25;6989;6989.75;46
20180227 070200;6989.25;6989.25;6987;6988.25;77
20180227 070300;6988.5;6990;6988.5;6989.75;23
20180227 070400;6989.5;6989.75;6987.75;6988.5;53
20180227 070500;6988.75;6988.75;6987.25;6987.25;21
20180227 070600;6987.5;6988.75;6987.5;6988.5;29
20180227 070700;6988;6988.75;6988;6988.5;12
20180227 070800;6988.75;6990.5;6988.75;6989.75;33
20180227 070900;6989.75;6990;6989;6989;19
20180227 071000;6989.5;6989.75;6988.5;6988.75;32
20180227 071100;6988.75;6989;6987.75;6987.75;28
20180227 071200;6988;6990.25;6988;6990.25;51
20180227 071300;6990.25;6991.75;6990;6990.75;85
20180227 071400;6990.75;6990.75;6990.25;6990.5;25
20180227 071500;6990.75;6991;6989.75;6989.75;33
20180227 071600;6989.75;6990.25;6989.25;6989.75;32
20180227 071700;6990;6990.5;6990;6990.5;19
20180227 071800;6990.75;6991;6989.5;6990.25;36
20180227 071900;6990;6990.5;6990;6990.25;18
20180227 072000;6990.25;6990.25;6989;6989;22
20180227 072100;6989;6989.75;6989;6989.25;34
20180227 072200;6989.25;6990.75;6989.25;6990.75;22
20180227 072300;6990.5;6990.5;6989.5;6989.75;19
20180227 072400;6989.5;6989.75;6988.5;6989.75;85
20180227 072500;6990;6990;6988;6988.5;57
20180227 072600;6988.5;6989.5;6988;6989.25;61
20180227 072700;6989.25;6989.5;6988.5;6988.75;30
20180227 072800;6988.5;6989;6987.75;6988.25;43
20180227 072900;6988.25;6989.25;6988;6989.25;54
20180227 073000;6989.25;6989.25;6986;6986;93
20180227 073100;6986.5;6986.75;6984.25;6984.5;141
20180227 073200;6984.75;6986;6984;6984;107
20180227 073300;6983.75;6985.25;6982.75;6983;98
20180227 073400;6983;6984;6983;6983.75;118
20180227 073500;6983.75;6983.75;6982.75;6983.5;97
20180227 073600;6983.75;6984.25;6983.25;6983.75;73
20180227 073700;6984;6984;6983;6983.5;53
20180227 073800;6984.75;6985;6984;6984.75;58
20180227 073900;6984.5;6988;6984.5;6988;72
20180227 074000;6987.75;6989;6987.25;6987.5;78
20180227 074100;6987.5;6987.5;6984.25;6985;78
20180227 074200;6984.75;6985.5;6984.5;6984.5;89
20180227 074300;6985;6987;6984.75;6987;89
20180227 074400;6987;6988;6986.5;6987.25;69
20180227 074500;6987.25;6988;6986.25;6986.25;109
20180227 074600;6986.5;6987;6986;6986.75;39
20180227 074700;6986.75;6989;6986.75;6988.5;62
20180227 074800;6988.75;6988.75;6987;6987.25;40
20180227 074900;6987.25;6987.75;6986.75;6987.5;67
20180227 075000;6987.75;6988.75;6987.5;6988;72
20180227 075100;6988;6990;6988;6990;65
20180227 075200;6990.25;6990.25;6989.25;6989.5;24
20180227 075300;6989.5;6990;6988.75;6989;23
20180227 075400;6989;6989.75;6989;6989;18
20180227 075500;6989.25;6989.25;6988;6988.25;22
20180227 075600;6988.75;6989.5;6988.25;6988.5;40
20180227 075700;6988;6988.25;6987.75;6988.25;14
20180227 075800;6988.75;6989.25;6988;6988;17
20180227 075900;6988;6989;6987.5;6987.5;29
20180227 080000;6987.25;6988.25;6987.25;6988.25;19
20180227 080100;6988.25;6996.5;6988;6996.25;300
20180227 080200;6996.25;6999.5;6996.25;6997.75;474
20180227 080300;6998.25;7001;6997.75;7000.75;271
20180227 080400;7000.75;7001;6993.75;6994.25;263
20180227 080500;6994.5;7000;6994.5;6997.5;184
20180227 080600;6997.75;6999;6987;6989.5;456
20180227 080700;6989;6992.75;6988;6990.75;239
20180227 080800;6990.75;6993;6989;6989.5;252
20180227 080900;6989.75;6991;6987.25;6990.25;136
20180227 081000;6990.5;6990.75;6987.75;6988.75;125
20180227 081100;6988.5;6990.5;6986.75;6989.5;83
20180227 081200;6989.5;6991.25;6989.5;6990.5;47
20180227 081300;6991.5;6992;6988.75;6989.25;59
20180227 081400;6988.5;6990.25;6986.25;6989;113
20180227 081500;6989.5;6991.75;6989.5;6991;48
20180227 081600;6990.75;6991.25;6990;6990;41
20180227 081700;6990.5;6990.5;6987.25;6987.5;129
20180227 081800;6988.25;6988.75;6986.75;6987.25;62
20180227 081900;6987.25;6988.25;6985.25;6986.5;117
20180227 082000;6987;6987.75;6986.25;6986.5;45
20180227 082100;6986.75;6987;6984.5;6985;115
20180227 082200;6985;6988.5;6985;6986.75;87
20180227 082300;6986.25;6986.75;6984;6984.5;50
20180227 082400;6984.75;6986.25;6984;6985.75;106
20180227 082500;6985.75;6987;6984.5;6987;75
20180227 082600;6986.75;6989;6986.5;6988.75;99
20180227 082700;6988.75;6988.75;6987.5;6988.75;48
20180227 082800;6988.75;6994.25;6988.75;6993.75;201
20180227 082900;6993.75;6994;6990;6990.5;217
20180227 083000;6990.5;6990.75;6988.75;6988.75;100
20180227 083100;6989;6991.75;6987.75;6988.75;203
20180227 083200;6989;6990.75;6986.75;6987.25;136
20180227 083300;6987.5;6988.5;6986;6986.75;241
20180227 083400;6987;6987.75;6986;6987;55
20180227 083500;6987;6987.25;6985.5;6986.5;35
20180227 083600;6986.25;6987.75;6984.25;6987.75;110
20180227 083700;6987.75;6988;6986.25;6986.25;25
20180227 083800;6986.25;6986.75;6985.25;6986.25;63
20180227 083900;6986.5;6986.75;6986;6986;7
20180227 084000;6986;6987;6986;6986.75;7
20180227 084100;6986.25;6986.25;6985;6986;33
20180227 084200;6986;6988;6986;6987.5;23
20180227 084300;6987.5;6987.75;6985.75;6986;46
20180227 084400;6985.75;6985.75;6984.75;6985.5;38
20180227 084500;6986;6986.5;6985.75;6986.25;47
20180227 084600;6986.25;6986.5;6985.75;6986.25;16
20180227 084700;6986;6986;6984.5;6985;24
20180227 084800;6985;6986;6984.5;6984.75;23
20180227 084900;6985.25;6985.25;6984.5;6984.5;16
20180227 085000;6985;6985.25;6983.5;6984;41
20180227 085100;6984.25;6985.25;6983.75;6985.25;17
20180227 085200;6984.75;6984.75;6982.5;6984.25;100
20180227 085300;6983.75;6984.25;6982.75;6983;63
20180227 085400;6983;6983.75;6982.25;6983.5;69
20180227 085500;6983.75;6984.5;6983.25;6984.5;41
20180227 085600;6984.25;6984.75;6983.5;6984.25;25
20180227 085700;6984.5;6984.75;6984;6984.25;14
20180227 085800;6984;6985;6984;6985;32
20180227 085900;6984.75;6985.25;6983.75;6984;35
20180227 090000;6983.75;6986.75;6983.25;6986.25;71
20180227 090100;6985.75;6986.25;6984.5;6986.25;65
20180227 090200;6986.5;6987.25;6986;6987.25;49
20180227 090300;6987.25;6987.75;6986.25;6986.75;47
20180227 090400;6986.75;6987.25;6985.75;6986;84
20180227 090500;6985.75;6988.5;6985.5;6987.75;75
20180227 090600;6987.75;6987.75;6984.75;6985.25;49
20180227 090700;6985.75;6986.75;6985.25;6986.25;24
20180227 090800;6986.5;6987;6985.5;6986.25;38
20180227 090900;6986.25;6986.5;6983.25;6983.75;88
20180227 091000;6984;6985.25;6983.5;6984;65
20180227 091100;6984.25;6985.5;6984.25;6984.25;64
20180227 091200;6984.5;6985.5;6982.75;6983.5;60
20180227 091300;6983;6983.25;6982.5;6983;54
20180227 091400;6983.5;6983.75;6982.5;6983;86
20180227 091500;6982.75;6983;6980.75;6981.5;263
20180227 091600;6981.75;6982.5;6981;6981.25;130
20180227 091700;6981.25;6981.25;6978.75;6980.5;186
20180227 091800;6980.5;6980.75;6980;6980;58
20180227 091900;6980;6982.25;6979.75;6982;109
20180227 092000;6981.75;6983.75;6981.25;6983.75;82
20180227 092100;6983.5;6983.75;6983;6983;48
20180227 092200;6983.25;6984.5;6983.25;6984.5;51
20180227 092300;6984.75;6985;6983.25;6984;59
20180227 092400;6984;6984;6982;6984;47
20180227 092500;6983.75;6984.75;6983.25;6983.75;70
20180227 092600;6984;6984.25;6983.5;6984.25;34
20180227 092700;6984.75;6985.25;6983.75;6983.75;55
20180227 092800;6984.25;6984.25;6982.25;6982.75;53
20180227 092900;6982.75;6983;6982;6982;38
20180227 093000;6981.75;6982.25;6980.75;6981.75;68
20180227 093100;6981.5;6982.75;6981;6982.25;40
20180227 093200;6982.25;6982.25;6981.5;6982;32
20180227 093300;6982;6983.75;6982;6982.25;62
20180227 093400;6982.25;6982.75;6981.5;6981.75;39
20180227 093500;6981.75;6982.25;6981;6981.5;40
20180227 093600;6981.5;6982.75;6981.5;6981.75;56
20180227 093700;6981.75;6982.75;6980.75;6981;92
20180227 093800;6981;6981;6979.25;6980.75;87
20180227 093900;6980.75;6981.5;6979.75;6980.25;95
20180227 094000;6980.25;6980.25;6978.25;6979.25;147
20180227 094100;6979.5;6981.75;6979.25;6981.25;61
20180227 094200;6981.25;6982.25;6981.25;6982;62
20180227 094300;6982;6983.25;6982;6982.25;54
20180227 094400;6982.25;6982.25;6981.25;6982;51
20180227 094500;6982;6983.25;6982;6983.25;25
20180227 094600;6983.25;6983.75;6982.5;6983.75;58
20180227 094700;6983.75;6984.5;6983.25;6983.5;43
20180227 094800;6983.25;6984.5;6983.25;6984;63
20180227 094900;6984.5;6985.25;6983.75;6984;76
20180227 095000;6983.75;6985;6983.5;6984.25;32
20180227 095100;6984.25;6985;6984.25;6984.5;32
20180227 095200;6984.75;6985;6983.75;6985;58
20180227 095300;6984.75;6985.25;6984;6984.5;48
20180227 095400;6984.75;6985;6983.75;6984;43
20180227 095500;6984;6985.75;6984;6985.75;34
20180227 095600;6985.5;6986.25;6985.25;6985.25;26
20180227 095700;6985.25;6985.25;6983.75;6984.25;47
20180227 095800;6984;6984;6983.5;6983.5;27
20180227 095900;6983.75;6984;6983.25;6983.75;25
20180227 100000;6983.75;6986.5;6983.75;6985.25;61
20180227 100100;6986;6989.5;6985;6988.75;215
20180227 100200;6988.5;6989;6987.5;6988.5;61
20180227 100300;6988.75;6988.75;6986.75;6986.75;25
20180227 100400;6986.75;6987;6985.25;6986.25;49
20180227 100500;6986.25;6987;6986.25;6986.25;24
20180227 100600;6986.5;6987;6986;6986.5;21
20180227 100700;6986.5;6987.25;6986;6987.25;17
20180227 100800;6987.25;6988.25;6986.75;6987.75;32
20180227 100900;6988.25;6988.5;6987.5;6988;27
20180227 101000;6987.75;6988;6987.75;6988;2
20180227 101100;6988.25;6988.75;6986;6986;39
20180227 101200;6986;6986;6984.25;6985.25;73
20180227 101300;6985;6985.75;6984.25;6985;39
20180227 101400;6985;6986.25;6985;6985.75;105
20180227 101500;6985.75;6986.75;6985.5;6986.75;36
20180227 101600;6987;6987.5;6986.5;6987;35
20180227 101700;6987.25;6987.5;6986.75;6986.75;23
20180227 101800;6987;6988.75;6987;6988.75;27
20180227 101900;6988.5;6988.5;6986.25;6986.25;36
20180227 102000;6986.5;6987.5;6986;6987.25;16
20180227 102100;6987.75;6988.5;6987.5;6988.25;28
20180227 102200;6988.5;6989;6987.75;6988.75;41
20180227 102300;6988.5;6988.5;6987.5;6988.25;20
20180227 102400;6988.25;6989.5;6988;6988;40
20180227 102500;6988;6989;6988;6988.75;25
20180227 102600;6989;6989.75;6988.5;6989;44
20180227 102700;6989;6989.75;6989;6989.25;24
20180227 102800;6989.25;6989.75;6988.75;6989.25;49
20180227 102900;6989.5;6989.5;6988.75;6989.25;23
20180227 103000;6989;6989;6987.5;6987.5;45
20180227 103100;6987.5;6987.75;6986.5;6986.75;74
20180227 103200;6986.5;6987.5;6986.25;6987;55
20180227 103300;6987.25;6988.5;6987.25;6987.75;25
20180227 103400;6987.75;6988.25;6987.75;6988;18
20180227 103500;6988.75;6989.75;6988.75;6989.25;23
20180227 103600;6989.25;6989.5;6988.25;6989.25;25
20180227 103700;6989.75;6992.5;6989.75;6991.75;131
20180227 103800;6991.5;6992;6991;6991.5;49
20180227 103900;6991.75;6993;6991.75;6992.75;64
20180227 104000;6992.5;6993;6992.25;6992.5;31
20180227 104100;6992.75;6994;6992.5;6994;44
20180227 104200;6994;6995.75;6994;6995;142
20180227 104300;6994.5;6995.5;6994;6995.5;55
20180227 104400;6995.25;6995.5;6994.5;6994.5;34
20180227 104500;6994.75;6994.75;6993.75;6994.75;82
20180227 104600;6995;6996.75;6995;6996.25;150
20180227 104700;6996;6996.5;6995;6995.25;58
20180227 104800;6995.5;6995.5;6993.5;6994;48
20180227 104900;6994.25;6995;6994.25;6995;17
20180227 105000;6995;6995.5;6993.75;6995;29
20180227 105100;6995;6996;6994.5;6995;68
20180227 105200;6995.25;6995.5;6994.25;6994.5;76
20180227 105300;6994;6995;6993.5;6994.5;74
20180227 105400;6994.75;6995.25;6994;6994.5;52
20180227 105500;6994.75;6995.5;6992.75;6993;53
20180227 105600;6993.25;6993.25;6991.75;6992;47
20180227 105700;6992.25;6992.5;6991.25;6992.25;49
20180227 105800;6992;6992;6991.25;6991.5;11
20180227 105900;6991.5;6991.5;6990.5;6991;30
20180227 110000;6991;6991.5;6990;6990.25;50
20180227 110100;6990.75;6993;6990.25;6992;102
20180227 110200;6992;6994.5;6992;6993.25;104
20180227 110300;6993;6994;6993;6993.5;51
20180227 110400;6993.75;6994.25;6992;6992;58
20180227 110500;6992;6992;6989.25;6990.75;121
20180227 110600;6990.5;6991;6987.25;6987.5;136
20180227 110700;6987.75;6987.75;6982.75;6984;146
20180227 110800;6984.5;6985.5;6982;6982.25;190
20180227 110900;6982;6985;6981.5;6982.25;247
20180227 111000;6982.5;6983.25;6980;6983;184
20180227 111100;6983.25;6984.75;6982.25;6984.5;123
20180227 111200;6984.75;6985;6983;6983.5;114
20180227 111300;6983.75;6983.75;6981.5;6982.25;93
20180227 111400;6982.75;6983.25;6979;6979.75;140
20180227 111500;6980;6982.75;6979.75;6980.5;147
20180227 111600;6980.75;6982.25;6979.75;6982.25;162
20180227 111700;6982.25;6982.25;6981.25;6982.25;58
20180227 111800;6982.25;6983;6981.75;6981.75;75
20180227 111900;6981.5;6982.75;6981;6982.25;55
20180227 112000;6982.25;6984.75;6981.75;6984.75;100
20180227 112100;6984.5;6985.75;6983.25;6984.75;72
20180227 112200;6984.75;6985;6981.75;6982.75;70
20180227 112300;6982.5;6984.5;6982.25;6984.5;60
20180227 112400;6984.5;6985;6983.75;6984.25;48
20180227 112500;6983.75;6983.75;6982;6982.25;43
20180227 112600;6982.75;6983.5;6982.75;6983;17
20180227 112700;6982.5;6984.25;6982.25;6984.25;33
20180227 112800;6984.25;6985.5;6984;6985.5;65
20180227 112900;6985.5;6985.75;6984.25;6985;110
20180227 113000;6984.25;6984.5;6983.25;6983.75;37
20180227 113100;6983.75;6983.75;6982.25;6983.25;32
20180227 113200;6982.75;6984;6982.75;6983.75;14
20180227 113300;6983.75;6984.25;6982.5;6983.25;104
20180227 113400;6983.25;6983.5;6980.75;6982.5;122
20180227 113500;6982.5;6983;6981.5;6981.5;60
20180227 113600;6981.75;6983;6981.25;6982.75;65
20180227 113700;6982.75;6983;6982.25;6982.75;31
20180227 113800;6983;6984;6983;6983.25;83
20180227 113900;6983.75;6984.5;6983.5;6984;26
20180227 114000;6983.75;6984;6983.75;6983.75;29
20180227 114100;6983.75;6984.5;6983.5;6984.25;34
20180227 114200;6984.25;6985.5;6983.75;6984.75;61
20180227 114300;6984.5;6984.75;6983;6984.5;100
20180227 114400;6984.75;6985.25;6983;6983.25;58
20180227 114500;6983.5;6984;6982.5;6982.75;71
20180227 114600;6983;6983;6980.75;6981.75;97
20180227 114700;6982.25;6982.25;6980;6980.25;62
20180227 114800;6980.25;6981;6977.75;6978.5;197
20180227 114900;6978.5;6979.75;6977.25;6977.75;175
20180227 115000;6977.75;6978.75;6977.25;6978.25;126
20180227 115100;6978;6979.25;6977.75;6978.75;82
20180227 115200;6978.75;6980;6978.5;6979.75;81
20180227 115300;6980;6980.5;6979.75;6980.5;112
20180227 115400;6980.25;6981;6979.5;6980.5;59
20180227 115500;6980;6980.75;6979;6979.75;69
20180227 115600;6980;6981.5;6980;6981;58
20180227 115700;6981.25;6982.25;6981;6981.5;65
20180227 115800;6981.25;6982.75;6981;6981.25;151
20180227 115900;6981;6981.25;6979.75;6979.75;44
20180227 120000;6980;6980;6979;6979.5;60
20180227 120100;6979.75;6984.5;6979.5;6982.25;215
20180227 120200;6982.25;6986.25;6981.5;6985.75;121
20180227 120300;6986;6986.25;6982.75;6984;144
20180227 120400;6984;6985;6982.75;6985;91
20180227 120500;6985.25;6986;6984.5;6985;63
20180227 120600;6984.75;6985.25;6983.5;6984.25;78
20180227 120700;6984.25;6985.25;6983.5;6983.5;48
20180227 120800;6983.5;6983.75;6983.25;6983.75;17
20180227 120900;6984;6984;6983;6983.25;35
20180227 121000;6984;6984.5;6983.5;6984.5;19
20180227 121100;6984.5;6985.75;6984.5;6985.75;41
20180227 121200;6985.75;6987;6985;6985.25;138
20180227 121300;6985.5;6986.5;6984.75;6985.5;92
20180227 121400;6985.25;6986;6984.75;6985.25;53
20180227 121500;6985.25;6985.25;6984.75;6985.25;27
20180227 121600;6985.25;6986.5;6985;6986.5;64
20180227 121700;6986.5;6988.5;6986.25;6988.5;100
20180227 121800;6988.75;6988.75;6987.5;6987.5;99
20180227 121900;6987.5;6988.5;6986.25;6987.75;100
20180227 122000;6988;6989;6987.75;6989;55
20180227 122100;6989;6989.25;6986.75;6986.75;133
20180227 122200;6986.75;6988;6986.75;6987.5;39
20180227 122300;6987.25;6987.75;6987;6987.75;20
20180227 122400;6987.75;6988;6986.25;6986.25;58
20180227 122500;6986.25;6987;6986;6986.5;78
20180227 122600;6986.5;6987;6985.5;6985.75;38
20180227 122700;6985.75;6986;6985;6985.25;30
20180227 122800;6985.5;6987;6985.5;6986.75;35
20180227 122900;6987;6988.5;6987;6987.75;66
20180227 123000;6987.75;6989.25;6987.75;6988.75;57
20180227 123100;6988.75;6989;6988;6988.25;49
20180227 123200;6988.5;6989;6987.75;6987.75;68
20180227 123300;6987.5;6988;6987;6987.5;33
20180227 123400;6987.75;6989;6987.5;6988.5;66
20180227 123500;6988;6988.25;6986.5;6986.75;53
20180227 123600;6986.75;6987.75;6986.75;6987;43
20180227 123700;6986.75;6987.25;6985.5;6987.25;43
20180227 123800;6987.5;6989;6987.5;6988.75;56
20180227 123900;6988.75;6989;6988.5;6988.75;23
20180227 124000;6989;6992.25;6989;6991.25;239
20180227 124100;6991;6992;6990.5;6991;78
20180227 124200;6991;6991;6989.5;6990.5;72
20180227 124300;6990.25;6990.25;6989.25;6989.25;62
20180227 124400;6989.25;6989.5;6989;6989.25;19
20180227 124500;6989.5;6989.5;6987;6988.25;96
20180227 124600;6988;6989.75;6987.75;6989.25;61
20180227 124700;6989.25;6989.25;6987.75;6988;12
20180227 124800;6987.5;6988.75;6987.25;6988;40
20180227 124900;6987.75;6989;6987.5;6989;28
20180227 125000;6989.25;6989.5;6988.75;6988.75;53
20180227 125100;6988.75;6989.5;6988.75;6989;32
20180227 125200;6988.75;6990.25;6988.75;6990.25;58
20180227 125300;6990.25;6992.75;6990;6992.75;185
20180227 125400;6993;6993.25;6991.5;6992.5;119
20180227 125500;6992;6992.75;6992;6992;109
20180227 125600;6992;6993;6992;6992.25;107
20180227 125700;6992;6992;6989.75;6989.75;82
20180227 125800;6989.75;6990.25;6989.75;6990;35
20180227 125900;6990;6991.5;6990;6991;35
20180227 130000;6991;6991;6988.5;6988.5;46
20180227 130100;6989;6990.25;6988.75;6989;48
20180227 130200;6989.5;6991.25;6989.25;6991.25;53
20180227 130300;6991.25;6992.75;6989.75;6990;120
20180227 130400;6990.75;6992;6990.5;6991.75;76
20180227 130500;6991.5;6991.5;6988.25;6989.25;151
20180227 130600;6989;6990.25;6989;6990;45
20180227 130700;6990.25;6990.25;6989.25;6989.25;32
20180227 130800;6989.25;6989.5;6987;6987.25;197
20180227 130900;6987.25;6988.75;6986.75;6988.5;64
20180227 131000;6988;6989;6986.75;6988.5;113
20180227 131100;6988.75;6992;6988.5;6991.5;153
20180227 131200;6991.25;6992.5;6991.25;6992.5;85
20180227 131300;6992.5;6992.75;6990.5;6992.25;172
20180227 131400;6992;6992;6991;6991.25;51
20180227 131500;6991.25;6991.5;6991;6991.25;58
20180227 131600;6991;6992.25;6990;6992.25;85
20180227 131700;6992;6995.5;6992;6995.5;133
20180227 131800;6995.5;6996.25;6994.25;6994.75;101
20180227 131900;6994.75;6996;6992.75;6996;108
20180227 132000;6996;6999.25;6994;6997.75;316
20180227 132100;6997.5;6998;6995.75;6997.5;245
20180227 132200;6997.25;6997.25;6995.5;6995.75;130
20180227 132300;6995.5;6997;6995.5;6996.75;40
20180227 132400;6996.75;6997;6996;6996;69
20180227 132500;6996.25;6996.25;6995;6996;48
20180227 132600;6995.75;6995.75;6994.5;6995.5;71
20180227 132700;6995.25;6995.5;6995;6995.5;20
20180227 132800;6995.25;6995.5;6994.25;6995.5;22
20180227 132900;6995.25;6995.25;6993.5;6994.5;58
20180227 133000;6994;6994;6989.25;6989.25;168
20180227 133100;6989.25;6994.5;6986.75;6988.25;568
20180227 133200;6987.5;6991.5;6985.75;6986.5;304
20180227 133300;6986.25;6986.25;6981.5;6982.75;534
20180227 133400;6982.75;6985.75;6980.25;6984.25;468
20180227 133500;6984.5;6985.75;6981.75;6984.75;292
20180227 133600;6984.5;6987.75;6983.5;6987;454
20180227 133700;6987.25;6988;6985.25;6987;289
20180227 133800;6987;6993;6987;6992.75;604
20180227 133900;6992.75;6996.75;6992.75;6994.75;895
20180227 134000;6995;6998;6992;6992.5;464
20180227 134100;6992.5;6995;6991.5;6993.5;356
20180227 134200;6993.25;6994.5;6991;6991;233
20180227 134300;6991;6992;6988.25;6989.25;239
20180227 134400;6989.25;6990.25;6984.75;6985.5;619
20180227 134500;6985.25;6988;6985.25;6987;255
20180227 134600;6987.25;6990.25;6987.25;6989.25;306
20180227 134700;6989;6991.75;6989;6991.5;403
20180227 134800;6991.75;6993.25;6991;6991.75;242
20180227 134900;6991.75;6993.5;6991.75;6992.75;193
20180227 135000;6992.5;6993;6991;6991.5;112
20180227 135100;6991.5;6993.5;6989.75;6992.5;269
20180227 135200;6992.5;6994.75;6992.25;6994.75;359
20180227 135300;6994.75;6995.75;6994;6995;396
20180227 135400;6994.5;6995.5;6993.5;6994.75;206
20180227 135500;6994.75;6995.75;6993.75;6995;255
20180227 135600;6995;6998;6994.25;6997.75;425
20180227 135700;6997.75;6998.5;6996.5;6998.25;473
20180227 135800;6998;6999.75;6997.75;6998.25;459
20180227 135900;6998.25;6998.5;6994.5;6994.75;427
20180227 140000;6994.75;6995.75;6993.5;6995;222
20180227 140100;6995.5;6997.5;6995.25;6995.5;352
20180227 140200;6996;6997.5;6995.5;6997;185
20180227 140300;6997.25;7000.5;6997.25;6999.75;439
20180227 140400;7000;7000;6996.5;6998.25;338
20180227 140500;6998.25;6999;6996;6997.25;298
20180227 140600;6997.5;6997.75;6996.25;6996.5;95
20180227 140700;6996.75;6998.25;6996.5;6998;144
20180227 140800;6998.25;6999.5;6997.75;6999;168
20180227 140900;6999.5;7000.5;6998.25;6999.25;330
20180227 141000;6999.25;6999.25;6997;6997.75;208
20180227 141100;6997.75;6998.25;6996.5;6996.5;164
20180227 141200;6996.5;6997;6994.75;6995.25;267
20180227 141300;6995.5;6996.5;6994.25;6994.25;219
20180227 141400;6994.25;6995.5;6994;6995.25;110
20180227 141500;6995.5;6996.75;6995.25;6995.25;109
20180227 141600;6995;6995.5;6994.25;6995;199
20180227 141700;6994.5;6994.5;6993.25;6993.5;150
20180227 141800;6993.25;6993.5;6993;6993;70
20180227 141900;6993.25;6993.25;6991.5;6992;121
20180227 142000;6992.25;6992.75;6991.25;6992;152
20180227 142100;6992;6993.5;6991.25;6993;274
20180227 142200;6992.5;6992.75;6991.75;6991.75;115
20180227 142300;6991.75;6991.75;6990;6991.75;301
20180227 142400;6991.75;6993.5;6991;6993.5;200
20180227 142500;6993.25;6995.5;6993;6995.25;247
20180227 142600;6995.5;6996.25;6995.25;6995.25;232
20180227 142700;6995.25;6995.75;6994.5;6995.25;109
20180227 142800;6995;6996;6993.75;6994.75;191
20180227 142900;6994.5;6994.5;6990.25;6992;594
20180227 143000;6991.75;6997.25;6991.5;6996.25;751
20180227 143100;6996.25;6998.5;6988;6989.5;2274
20180227 143200;6989.25;6995.75;6985.5;6995.75;2137
20180227 143300;6996;7000;6993.75;6994.75;2162
20180227 143400;6994.5;6995.75;6988;6990;1352
20180227 143500;6990;6990;6983;6985.25;2147
20180227 143600;6985.5;6992;6984;6989;1916
20180227 143700;6989;6994;6987;6991.25;1429
20180227 143800;6991.25;6994.5;6987.25;6991.75;1236
20180227 143900;6992;6995.25;6991.5;6992.75;1213
20180227 144000;6992.5;6998.5;6992.25;6997.25;1012
20180227 144100;6997.25;6997.25;6993;6994.25;776
20180227 144200;6994;6995;6990.25;6991.75;1063
20180227 144300;6992;6994;6990.75;6990.75;913
20180227 144400;6991;6995;6987.75;6994;1497
20180227 144500;6994;6995;6991;6994.75;608
20180227 144600;6994.25;6994.75;6988.5;6990.25;966
20180227 144700;6990.25;6993.75;6989.25;6993.75;1590
20180227 144800;6993.75;6995.5;6990;6992.75;1211
20180227 144900;6992.5;6992.75;6990;6991.25;657
20180227 145000;6991.25;6991.75;6987.25;6987.5;639
20180227 145100;6987.5;6991.5;6987.25;6990.5;787
20180227 145200;6990;6990.75;6983.25;6984.5;1038
20180227 145300;6985;6986;6979.5;6980;1651
20180227 145400;6980.25;6981;6976.5;6977;1799
20180227 145500;6977.25;6977.25;6971.5;6971.75;1918
20180227 145600;6972;6976.5;6970;6972.75;2328
20180227 145700;6972.75;6976.25;6971.5;6976;1348
20180227 145800;6976.25;6977;6971;6972.5;751
20180227 145900;6972.75;6974;6968.25;6971;1145
20180227 150000;6971;6973.75;6967;6971.5;1528
20180227 150100;6971.5;6976.75;6970.5;6975.5;1202
20180227 150200;6975.5;6977.75;6973;6975.75;1399
20180227 150300;6975.75;6976.25;6969.75;6970.75;1063
20180227 150400;6971;6977.5;6970;6976.5;839
20180227 150500;6976.25;6981.75;6976.25;6979.75;1265
20180227 150600;6979.5;6982.75;6977.5;6982.75;953
20180227 150700;6982.5;6987.5;6980.75;6986.25;1545
20180227 150800;6986.5;6991.5;6985.5;6991.5;1878
20180227 150900;6991.5;6992.25;6988.5;6991.25;928
20180227 151000;6991.25;6994;6990;6992.5;1128
20180227 151100;6992.5;6995.75;6992;6994.5;1100
20180227 151200;6994.5;6994.75;6991.25;6994.5;821
20180227 151300;6994.75;6997.75;6994.75;6996.75;948
20180227 151400;6996.5;7000.5;6996.5;6999.75;1611
20180227 151500;6999.75;7004.5;6999.25;7001.25;1809
20180227 151600;7001.25;7001.75;6998.25;6998.25;907
20180227 151700;6998;6999;6996;6996.25;622
20180227 151800;6996.5;6998.5;6995.5;6996.25;684
20180227 151900;6996.25;6999;6993.5;6994.25;808
20180227 152000;6994.5;7000.25;6993;7000;1067
20180227 152100;7000;7004;6999;7004;1060
20180227 152200;7004;7006;7002.75;7005.5;1462
20180227 152300;7005.5;7007.25;7004.5;7007.25;878
20180227 152400;7007.5;7008.5;7006;7006.5;1097
20180227 152500;7006.25;7007.75;7005.25;7005.75;615
20180227 152600;7005.5;7007.5;7002.25;7002.5;959
20180227 152700;7002.5;7003.5;7000.75;7002.75;817
20180227 152800;7003;7006.5;7003;7005.25;820
20180227 152900;7005;7006.25;7003;7003.75;819
20180227 153000;7003.75;7004.25;7001;7002.5;1469
20180227 153100;7002.5;7005.5;7002.5;7004;667
20180227 153200;7004;7004;6995.75;6998.25;1803
20180227 153300;6998;6999;6994;6994.5;774
20180227 153400;6994.5;6995.75;6992.75;6993.25;1028
20180227 153500;6993.25;6998;6992.75;6992.75;881
20180227 153600;6992.5;6997.75;6991.5;6995.75;841
20180227 153700;6996;6998.25;6996;6997.25;413
20180227 153800;6997;6997.5;6993;6994.5;791
20180227 153900;6994.25;6994.5;6987;6990.25;1491
20180227 154000;6990.5;6991;6984.5;6988.75;1798
20180227 154100;6988.75;6991.25;6987.75;6989.75;1044
20180227 154200;6990;6992.75;6986;6986.75;1371
20180227 154300;6986.75;6989;6977.5;6982.5;2474
20180227 154400;6982.25;6983;6976.75;6978.25;2075
20180227 154500;6978.5;6979.25;6973;6978.5;2961
20180227 154600;6978.5;6980.75;6973.5;6977.25;2341
20180227 154700;6977.25;6979.5;6972;6972.25;1907
20180227 154800;6972.25;6975.5;6970.75;6972.5;2394
20180227 154900;6972.5;6978;6970.25;6976.25;1880
20180227 155000;6976;6976;6970;6970.25;1322
20180227 155100;6970.75;6973.75;6968.5;6971.75;1684
20180227 155200;6972;6973.25;6967.25;6970.75;1768
20180227 155300;6971;6971.25;6963.5;6965.25;3238
20180227 155400;6965.5;6966.75;6955.75;6957.25;3625
20180227 155500;6957;6957.25;6950.75;6951;3522
20180227 155600;6951;6956.25;6948.75;6949.75;2657
20180227 155700;6949.75;6952.75;6948.5;6951.25;2234
20180227 155800;6951.5;6958.25;6950.5;6955.25;1731
20180227 155900;6955.75;6957.25;6953.25;6954.25;1266
20180227 160000;6954.5;6956.5;6954;6956;753
20180227 160100;6956;6956;6945.5;6950.5;2419
20180227 160200;6950.5;6958.75;6950.5;6958.25;1528
20180227 160300;6958.25;6959;6954.75;6955.5;1308
20180227 160400;6955.5;6958;6951.25;6952;1083
20180227 160500;6951.75;6953.25;6946.25;6950.5;1719
20180227 160600;6950.5;6956.75;6948.75;6956;1102
20180227 160700;6955.75;6957.25;6953.5;6956;798
20180227 160800;6956.5;6958.75;6952;6952.5;1167
20180227 160900;6952.75;6961.5;6952.5;6960.25;1593
20180227 161000;6960.25;6961.25;6955.25;6960.75;1601
20180227 161100;6960.75;6963.25;6960;6962.5;1604
20180227 161200;6962.5;6966.25;6960.5;6965.25;2185
20180227 161300;6965;6968.25;6963.75;6968;1477
20180227 161400;6968.25;6969.5;6966.5;6967.5;963
20180227 161500;6967.75;6969.5;6963.75;6964.75;1178
20180227 161600;6965.5;6970.25;6965;6969.75;862
20180227 161700;6969.75;6972.5;6969.75;6971.25;1079
20180227 161800;6971;6972;6966.75;6967.25;1037
20180227 161900;6967.25;6967.5;6962.5;6963.75;1101
20180227 162000;6964;6965;6962.25;6963.25;863
20180227 162100;6963.5;6963.5;6958.5;6961.5;1098
20180227 162200;6961.5;6962.5;6959.25;6960.75;561
20180227 162300;6960;6960;6955.5;6955.5;1350
20180227 162400;6955.25;6955.5;6951;6953;1140
20180227 162500;6952.75;6956.75;6951;6956;895
20180227 162600;6956.25;6959.5;6955.5;6957;1033
20180227 162700;6956.75;6958;6952.5;6952.5;793
20180227 162800;6952.5;6954.5;6947.5;6950.25;1926
20180227 162900;6950.5;6951;6944.5;6947.75;1650
20180227 163000;6947.5;6952;6946.75;6948.25;1292
20180227 163100;6948.5;6950;6944.75;6947.25;2232
20180227 163200;6947;6954.5;6946.5;6952.25;1465
20180227 163300;6952.5;6958;6952.5;6957.5;1351
20180227 163400;6957.75;6960.25;6954;6960;1321
20180227 163500;6960;6961.75;6952.5;6954.75;1606
20180227 163600;6954.75;6955.25;6944.75;6945.5;1436
20180227 163700;6945.5;6947.25;6943.75;6944.75;1176
20180227 163800;6945;6948.5;6945;6946.25;793
20180227 163900;6946.5;6948.75;6942.75;6943.75;1038
20180227 164000;6943.75;6947.5;6938.5;6938.75;2208
20180227 164100;6938.75;6943.25;6938.25;6941.25;1358
20180227 164200;6941;6941.5;6936.5;6938.25;1439
20180227 164300;6938.25;6943;6938.25;6941.75;1209
20180227 164400;6941.75;6944;6939.5;6940;970
20180227 164500;6940.25;6942;6936.25;6941.5;1226
20180227 164600;6942;6947.5;6941;6945.5;1334
20180227 164700;6945.5;6949.75;6943;6948.25;866
20180227 164800;6948.5;6948.75;6940.5;6940.75;1188
20180227 164900;6940.75;6946;6937.5;6946;1549
20180227 165000;6945.75;6954.5;6945;6953.75;1660
20180227 165100;6953.75;6956;6947.75;6953.5;1948
20180227 165200;6953;6954.5;6948.5;6949.75;1237
20180227 165300;6949.75;6952.5;6947.5;6950;844
20180227 165400;6950.25;6950.75;6944.25;6946.5;1037
20180227 165500;6946.25;6946.25;6940.25;6943.25;1096
20180227 165600;6943.5;6949.25;6943.5;6944.5;1319
20180227 165700;6944.25;6944.25;6935.75;6936;1553
20180227 165800;6935.75;6941.5;6935.75;6938.25;1263
20180227 165900;6938.25;6939.75;6934.25;6938.75;1408
20180227 170000;6938.5;6941.25;6935.25;6935.75;1015
20180227 170100;6935.75;6940.25;6934.25;6936.5;1300
20180227 170200;6936.5;6942;6936;6939.5;922
20180227 170300;6939.25;6943;6938.5;6939.5;978
20180227 170400;6939.75;6945.5;6939.75;6943;943
20180227 170500;6943.25;6944.75;6939.25;6942;803
20180227 170600;6942;6948.25;6942;6945;1127
20180227 170700;6945;6947;6941;6941.75;823
20180227 170800;6941.75;6943.75;6938.25;6943.25;817
20180227 170900;6943.5;6945.25;6940.75;6944.75;789
20180227 171000;6944.75;6947.5;6942.5;6946.25;612
20180227 171100;6946.25;6946.25;6940.25;6940.5;822
20180227 171200;6940.75;6944;6939.5;6942.75;614
20180227 171300;6942.5;6947.5;6940.75;6946.25;1010
20180227 171400;6946;6946.5;6940.25;6940.5;709
20180227 171500;6940.25;6941;6937.75;6939.25;767
20180227 171600;6939.25;6941.75;6937.25;6941.5;495
20180227 171700;6941;6941.5;6936.25;6938.75;581
20180227 171800;6938.5;6942;6932.5;6932.75;1557
20180227 171900;6932.5;6934;6928.75;6930.5;1862
20180227 172000;6930.5;6933;6929.25;6931.75;953
20180227 172100;6931.75;6932;6924.5;6926;1789
20180227 172200;6926;6926.25;6920.75;6926;2275
20180227 172300;6926.25;6927;6919.5;6921.5;1334
20180227 172400;6921.75;6923;6916.5;6917.25;1346
20180227 172500;6917.25;6920.75;6913;6917.5;1926
20180227 172600;6917;6917.25;6912.25;6915.25;1187
20180227 172700;6915;6920.25;6914;6920.25;1391
20180227 172800;6920.25;6923.75;6918.25;6923.75;892
20180227 172900;6923.75;6925.25;6921.25;6924.75;877
20180227 173000;6925;6928.5;6921.25;6926.5;920
20180227 173100;6926.5;6931;6925.25;6931;846
20180227 173200;6930.75;6935.25;6930.5;6935.25;1052
20180227 173300;6935.25;6935.5;6928.25;6933;1192
20180227 173400;6932.75;6932.75;6925;6927.25;931
20180227 173500;6927;6929.5;6925.25;6927.75;973
20180227 173600;6927.5;6932.25;6926.25;6930;821
20180227 173700;6930.75;6936.25;6930.75;6936.25;673
20180227 173800;6936.25;6939.5;6935.75;6937;864
20180227 173900;6936.75;6938.25;6934;6937.25;1027
20180227 174000;6937.25;6941.25;6935.25;6940.25;769
20180227 174100;6940;6943;6938;6938.75;987
20180227 174200;6938.75;6938.75;6935.5;6936;659
20180227 174300;6935.75;6942;6935.25;6941.75;752
20180227 174400;6941.5;6941.75;6937.75;6938.5;552
20180227 174500;6938.75;6940;6936.75;6938.25;475
20180227 174600;6937.75;6944.5;6937.5;6941.75;1147
20180227 174700;6941.75;6941.75;6939;6939.75;478
20180227 174800;6940;6944.5;6938.25;6944.25;592
20180227 174900;6944;6946;6941;6945.5;639
20180227 175000;6945.25;6946.5;6942.5;6945.25;656
20180227 175100;6945;6949;6944;6947.75;1059
20180227 175200;6948;6951.75;6947.5;6951.5;967
20180227 175300;6951.5;6953.75;6950;6952.5;932
20180227 175400;6952.5;6953.25;6950.5;6952.75;530
20180227 175500;6952.75;6954.25;6949.25;6952.75;822
20180227 175600;6952.5;6952.5;6949.25;6949.75;483
20180227 175700;6949.5;6950.75;6947.75;6950.75;470
20180227 175800;6950.75;6952.5;6947.5;6951.75;428
20180227 175900;6951.5;6956.75;6951.25;6956.5;609
20180227 180000;6956.5;6958.75;6955.5;6957.25;936
20180227 180100;6957;6957.5;6953.25;6955.5;1021
20180227 180200;6955.75;6956.75;6954;6955.25;230
20180227 180300;6955.25;6955.25;6951.25;6953;515
20180227 180400;6953;6955;6950.75;6954.75;569
20180227 180500;6954.75;6955.5;6952;6953.25;361
20180227 180600;6953.25;6957;6953.25;6956.5;434
20180227 180700;6956.25;6960;6954;6959.75;687
20180227 180800;6959.75;6961.75;6957.5;6959.25;785
20180227 180900;6959;6960.5;6957.5;6958.5;429
20180227 181000;6958.5;6960.25;6956.5;6960.25;653
20180227 181100;6960;6961;6958;6958.75;572
20180227 181200;6958.5;6960.75;6957.25;6957.75;549
20180227 181300;6957.5;6958.5;6955.5;6957;435
20180227 181400;6957;6958.25;6953;6953;470
20180227 181500;6953;6955.75;6952;6952.75;562
20180227 181600;6952.5;6953.75;6951;6953;439
20180227 181700;6953;6953.75;6948;6948.25;523
20180227 181800;6948;6950;6947.75;6949.75;503
20180227 181900;6949.75;6953;6948.75;6952.5;323
20180227 182000;6952.25;6956.5;6952.25;6955.25;706
20180227 182100;6955.5;6959.5;6955.25;6956.5;588
20180227 182200;6956.25;6959;6953.75;6958.5;479
20180227 182300;6958.5;6959.5;6955.5;6957;498
20180227 182400;6956.75;6959.5;6954.75;6956.5;507
20180227 182500;6956;6959;6955.25;6957.75;373
20180227 182600;6957.5;6957.5;6953.75;6955;325
20180227 182700;6954.5;6958.75;6953.25;6958.5;793
20180227 182800;6958.75;6962.75;6957.75;6958;1519
20180227 182900;6957.75;6958.75;6952.5;6954;780
20180227 183000;6954;6958;6953.75;6955;395
20180227 183100;6955;6956.5;6951.5;6954;707
20180227 183200;6954;6954.5;6950.5;6950.75;501
20180227 183300;6950.75;6951;6948.5;6949.75;839
20180227 183400;6949.25;6949.25;6944.25;6946.5;1362
20180227 183500;6946.25;6947.75;6944.25;6944.75;559
20180227 183600;6944.75;6948;6942.75;6946.75;995
20180227 183700;6947;6949.5;6945.5;6948.25;467
20180227 183800;6948.5;6949.75;6947;6949;344
20180227 183900;6948.75;6952.5;6948.5;6949.75;431
20180227 184000;6950;6950.25;6947.25;6947.75;244
20180227 184100;6948;6948;6944.75;6946;469
20180227 184200;6946.25;6949.25;6945.75;6946.25;337
20180227 184300;6946.5;6949.75;6945.5;6949.75;375
20180227 184400;6949.75;6953.25;6949.5;6952.25;643
20180227 184500;6951.75;6953.25;6949;6953.25;390
20180227 184600;6953.5;6957.75;6952.5;6957.75;696
20180227 184700;6957.5;6960;6956.5;6958;504
20180227 184800;6957.75;6958.25;6954.25;6955.25;368
20180227 184900;6955;6955;6948.75;6951.25;704
20180227 185000;6951.25;6952;6949.5;6950.5;446
20180227 185100;6950.25;6950.25;6944.5;6946;1056
20180227 185200;6946.25;6947.5;6943;6945;1046
20180227 185300;6945.25;6947.5;6942.25;6944.75;630
20180227 185400;6945;6947;6943.5;6946;589
20180227 185500;6946;6952;6946;6949.5;845
20180227 185600;6949.25;6950;6944.5;6946.75;481
20180227 185700;6946.5;6946.5;6938.75;6941.25;1150
20180227 185800;6941.5;6947.5;6940.75;6945.5;869
20180227 185900;6945.25;6946.25;6942.5;6946.25;383
20180227 190000;6946;6946.25;6942.5;6944.25;363
20180227 190100;6944.25;6949;6942.25;6942.5;883
20180227 190200;6942.25;6944;6938.75;6942;871
20180227 190300;6942;6942.5;6938;6938.5;637
20180227 190400;6938.25;6940.75;6935.5;6936.25;856
20180227 190500;6936.5;6940;6935.5;6936.25;563
20180227 190600;6936;6937;6932.25;6932.75;1168
20180227 190700;6932.5;6935.25;6928.75;6935.25;1198
20180227 190800;6935.5;6941.25;6934.5;6940.5;1036
20180227 190900;6940.25;6945.5;6938.75;6944;967
20180227 191000;6943.5;6944;6940;6942.75;575
20180227 191100;6942.5;6946.25;6941.25;6943.5;754
20180227 191200;6943.25;6944.5;6939.5;6941.75;710
20180227 191300;6941.75;6943.5;6937.5;6939.25;807
20180227 191400;6939.25;6940.5;6937;6938;657
20180227 191500;6937.75;6944.75;6937.25;6942.75;612
20180227 191600;6942.75;6943.5;6938.5;6940.5;683
20180227 191700;6940.25;6941;6934.75;6935.5;925
20180227 191800;6935;6940.75;6932.5;6940;1082
20180227 191900;6940;6940;6935.5;6939.75;700
20180227 192000;6939.75;6940.5;6933.75;6934.25;881
20180227 192100;6934.75;6937.5;6932.5;6935.25;1168
20180227 192200;6935.5;6935.5;6930.5;6932.5;659
20180227 192300;6933.25;6936.75;6932.75;6934;758
20180227 192400;6933.5;6936.5;6932;6934.25;806
20180227 192500;6934.5;6937.75;6929.75;6930.75;1007
20180227 192600;6930.75;6938;6929.25;6935.75;1034
20180227 192700;6935.5;6939.75;6935.5;6939.25;1044
20180227 192800;6938.75;6942.5;6938.5;6940.25;1001
20180227 192900;6940;6942.5;6939.5;6942;572
20180227 193000;6942.25;6944;6940;6940.75;889
20180227 193100;6941;6943.25;6938.25;6942.25;722
20180227 193200;6942;6944;6938.5;6940.5;687
20180227 193300;6940.5;6951.5;6938.5;6950.75;2528
20180227 193400;6951;6951.5;6946.5;6947.25;739
20180227 193500;6947;6952.75;6946.75;6951.25;714
20180227 193600;6951.25;6952.75;6948.75;6951.75;729
20180227 193700;6952;6955;6950.5;6952.75;952
20180227 193800;6952.5;6953.25;6950;6952.75;465
20180227 193900;6952.5;6952.5;6948.5;6949;452
20180227 194000;6949;6951.75;6948.5;6950;368
20180227 194100;6950.25;6951;6943;6944;1042
20180227 194200;6943.75;6945.5;6943;6944.5;531
20180227 194300;6944.75;6947;6944.25;6946.75;398
20180227 194400;6946.5;6947.5;6944;6945;314
20180227 194500;6944.75;6944.75;6937.75;6941.5;661
20180227 194600;6941.75;6942.25;6934.5;6936.25;808
20180227 194700;6936.75;6937.5;6932.5;6933.25;879
20180227 194800;6933.25;6933.75;6929.75;6930.25;779
20180227 194900;6930;6934;6929.25;6933.75;560
20180227 195000;6933.5;6935.25;6931.25;6931.25;723
20180227 195100;6931.5;6935.5;6931.25;6934;484
20180227 195200;6934;6937.75;6933.5;6937.25;726
20180227 195300;6937.5;6938.25;6935;6935.75;481
20180227 195400;6935.5;6936.75;6932;6933.5;775
20180227 195500;6933.25;6936;6931.75;6936;561
20180227 195600;6936;6943.75;6935.75;6943.75;1252
20180227 195700;6943.5;6945.5;6941;6944.75;740
20180227 195800;6944.25;6947.5;6943;6944.5;718
20180227 195900;6944;6946.75;6942.5;6943.5;818
20180227 200000;6943.5;6945;6940;6940.5;649
20180227 200100;6940.25;6940.75;6934.5;6937;1038
20180227 200200;6937.25;6944.25;6936.25;6944;836
20180227 200300;6944;6945.5;6941;6945;435
20180227 200400;6945;6945.75;6938.25;6939.75;795
20180227 200500;6940;6941;6933.75;6934.25;1304
20180227 200600;6934.5;6936;6930.5;6932;913
20180227 200700;6932.25;6934.75;6928.25;6931;882
20180227 200800;6931;6933.5;6930;6933.5;596
20180227 200900;6933.25;6933.25;6929.75;6931.5;394
20180227 201000;6931.5;6933;6926.5;6927;1123
20180227 201100;6926.75;6931.25;6923.75;6931;1529
20180227 201200;6931.25;6931.5;6925;6925.5;749
20180227 201300;6925.5;6932.25;6924.75;6931.25;1118
20180227 201400;6931;6933.5;6926.75;6927.75;688
20180227 201500;6927.75;6928.5;6923.5;6924.25;682
20180227 201600;6924.25;6926.25;6922.25;6925.5;741
20180227 201700;6925.5;6930.5;6925.25;6926.25;929
20180227 201800;6926;6926;6921.5;6921.5;733
20180227 201900;6921.5;6928.25;6921.25;6925.25;1274
20180227 202000;6925.5;6925.5;6920.5;6921.5;652
20180227 202100;6922;6925;6920;6925;715
20180227 202200;6924.75;6927.75;6922;6922.75;1445
20180227 202300;6922.5;6923;6914.5;6917.25;1566
20180227 202400;6917.75;6918;6914.5;6917.25;708
20180227 202500;6917.25;6922;6914.75;6919.75;1571
20180227 202600;6919.75;6919.75;6912.5;6912.75;1169
20180227 202700;6913;6915.5;6910.5;6912.5;1202
20180227 202800;6912.5;6916.75;6909.75;6915.25;984
20180227 202900;6915.5;6925;6913.5;6922.5;2272
20180227 203000;6922.5;6927.25;6919.5;6925.75;1680
20180227 203100;6926;6930;6926;6929.75;1398
20180227 203200;6930;6933.75;6926.75;6932.25;2096
20180227 203300;6932.5;6934.25;6929.75;6932;1024
20180227 203400;6931.75;6931.75;6927;6927.75;936
20180227 203500;6927.5;6929.5;6924.25;6927;959
20180227 203600;6927;6928.75;6920.25;6920.5;1009
20180227 203700;6920.75;6924.5;6917;6918;689
20180227 203800;6917.25;6921.5;6917;6920.75;437
20180227 203900;6920.75;6926.25;6920.75;6925.25;588
20180227 204000;6925.25;6927.75;6922.5;6926.75;949
20180227 204100;6926.75;6926.75;6919;6923;885
20180227 204200;6923;6924.5;6919;6923.25;697
20180227 204300;6923.25;6928.75;6923;6925;925
20180227 204400;6925.25;6929;6925.25;6927;1054
20180227 204500;6927;6927;6921.75;6922.75;824
20180227 204600;6922.75;6928.5;6921;6925.25;888
20180227 204700;6925;6929;6925;6928.75;760
20180227 204800;6928.75;6933.75;6928.75;6933.5;1078
20180227 204900;6933.75;6934.5;6930.75;6934.25;1152
20180227 205000;6934.5;6938.5;6933.25;6938.5;2521
20180227 205100;6938.75;6939;6925.5;6929.25;2021
20180227 205200;6929.5;6931;6924.25;6924.5;1200
20180227 205300;6924.5;6925.5;6921.25;6924.75;1442
20180227 205400;6924.5;6928;6920.5;6922;1942
20180227 205500;6922;6922.5;6916.75;6920.75;1249
20180227 205600;6920.75;6921.5;6917.75;6918.5;936
20180227 205700;6918.5;6923.75;6917;6918;1954
20180227 205800;6918.25;6919.25;6916;6918.75;1040
20180227 205900;6918.75;6920.5;6913.25;6914.25;2904
20180227 210000;6914;6914.25;6905;6905;5192
20180227 210100;6905.25;6912.5;6904;6909.5;3707
20180227 210200;6909.5;6914.75;6909.5;6912.5;1299
20180227 210300;6912.75;6915;6910.75;6914.75;690
20180227 210400;6914.5;6919.25;6914.5;6915;1391
20180227 210500;6915.25;6917.5;6913.75;6916.75;554
20180227 210600;6917;6919.25;6916.75;6917.25;252
20180227 210700;6917.25;6918.25;6916.25;6917.75;260
20180227 210800;6917.75;6918.5;6917;6917.5;204
20180227 210900;6918;6918;6909.75;6910;782
20180227 211000;6910;6910.75;6906;6906.5;674
20180227 211100;6906.75;6908.25;6904;6907.5;633
20180227 211200;6908;6911.75;6907.5;6911;523
20180227 211300;6911.25;6913;6909;6912.75;901
20180227 211400;6912.5;6918.25;6912.25;6917.75;601
20180227 211500;6917.5;6919.5;6912.25;6917.5;651
20180227 213100;6917.5;6918;6915;6915.5;108
20180227 213200;6915.75;6916.5;6915;6915;40
20180227 213300;6915;6915;6912.5;6912.75;76
20180227 213400;6912.75;6913.25;6911.75;6912;108
20180227 213500;6912;6914.5;6911.5;6912.25;118
20180227 213600;6912.5;6913;6912;6913;37
20180227 213700;6913.25;6913.75;6912.75;6913.25;35
20180227 213800;6913.25;6913.25;6912.25;6912.75;18
20180227 213900;6912.5;6913.75;6912.5;6913.75;16
20180227 214000;6913.75;6914.75;6913.75;6914;20
20180227 214100;6914.25;6916.25;6914.25;6915.5;21
20180227 214200;6915.75;6917.25;6915.75;6917;12
20180227 214300;6916.5;6916.5;6916;6916.25;15
20180227 214400;6916;6917;6916;6916.5;22
20180227 214500;6916.75;6917.75;6916.75;6917.5;36
20180227 214600;6917.25;6919.5;6917;6919.25;54
20180227 214700;6919;6919;6918;6918.75;11
20180227 214800;6918.75;6919;6918.75;6919;4
20180227 214900;6919;6919.25;6918.5;6918.5;9
20180227 215000;6918.75;6918.75;6917.75;6918;32
20180227 215100;6918.5;6919;6917.5;6917.75;30
20180227 215200;6917.75;6917.75;6915.25;6917;54
20180227 215300;6916.5;6916.5;6915.5;6916;30
20180227 215400;6916.5;6918.25;6916.5;6918.25;45
20180227 215500;6918.5;6918.75;6917;6917;22
20180227 215600;6918;6918;6914.25;6914.5;27
20180227 215700;6915;6915;6912.75;6913;35
20180227 215800;6912.75;6912.75;6912;6912.5;17
20180227 215900;6912.5;6913.75;6912;6913.5;59
20180227 220000;6912.75;6914.25;6912.5;6913.75;38
20180227 230100;6913.75;6917.5;6913.5;6917.25;113
20180227 230200;6917.25;6920.25;6917.25;6917.5;127
20180227 230300;6918;6921;6917.25;6920.75;84
20180227 230400;6920.25;6920.75;6919.25;6920.25;58
20180227 230500;6920.5;6922.5;6920.25;6922.5;74
20180227 230600;6922.25;6923;6918.25;6919.25;130
20180227 230700;6919.5;6921;6919;6919.5;79
20180227 230800;6919;6920;6918.5;6919.5;72
20180227 230900;6920;6921.5;6920;6921;77
20180227 231000;6921;6922;6920.5;6921;41
20180227 231100;6920.75;6922;6920.75;6921.75;11
20180227 231200;6921.25;6921.25;6918.25;6919.25;52
20180227 231300;6918.75;6919.25;6918.25;6918.25;34
20180227 231400;6919;6919.25;6915;6917;77
20180227 231500;6916.75;6916.75;6915.5;6916.25;76
20180227 231600;6915.75;6918.5;6915.75;6917.75;63
20180227 231700;6917.75;6919.25;6917.5;6918;64
20180227 231800;6918.25;6921.25;6918.25;6920;47
20180227 231900;6919.5;6920.75;6919;6919;55
20180227 232000;6919.75;6920.75;6917.75;6919;102
20180227 232100;6919.25;6919.5;6918;6919.25;19
20180227 232200;6918.75;6919.25;6918.25;6919.25;24
20180227 232300;6919.25;6919.25;6918;6918;26
20180227 232400;6918.25;6918.25;6917.5;6918.25;12
20180227 232500;6918.5;6919;6918;6918.75;12
20180227 232600;6918.25;6918.5;6918;6918.5;12
20180227 232700;6918.25;6918.5;6918;6918.25;11
20180227 232800;6918;6918.25;6918;6918.25;6
20180227 232900;6918;6918;6917;6917.25;13
20180227 233000;6917.5;6918.5;6917.5;6918.5;15
20180227 233100;6918.25;6919.5;6918.25;6918.75;34
20180227 233200;6918.75;6918.75;6918.5;6918.75;11
20180227 233300;6918.75;6919.25;6918.5;6919;18
20180227 233400;6919;6922;6919;6921.5;103
20180227 233500;6921.5;6924.5;6921.5;6923.5;131
20180227 233600;6923.75;6925.5;6922.75;6924;124
20180227 233700;6924;6927;6924;6925.25;80
20180227 233800;6925.25;6926.75;6925;6926;56
20180227 233900;6925.75;6926;6925.25;6925.25;18
20180227 234000;6925.25;6927;6925.25;6925.75;39
20180227 234100;6925;6925.75;6924;6924.25;62
20180227 234200;6924;6925.5;6923.5;6924;72
20180227 234300;6923.75;6924.5;6923.25;6924.5;18
20180227 234400;6925.5;6925.75;6924.5;6925;30
20180227 234500;6925;6927.5;6925;6927.25;49
20180227 234600;6927.25;6928.5;6926.5;6927.25;93
20180227 234700;6927.25;6927.5;6926.75;6927.25;22
20180227 234800;6927.5;6928;6926.5;6926.5;40
20180227 234900;6927;6927.25;6926.75;6926.75;16
20180227 235000;6926.75;6927.25;6924.75;6924.75;52
20180227 235100;6925;6926.5;6924;6925.25;77
20180227 235200;6925;6925.25;6924.25;6924.75;23
20180227 235300;6924.75;6926;6924.75;6925;20
20180227 235400;6925.25;6926;6925.25;6925.75;23
20180227 235500;6925.25;6926.25;6924.75;6926;43
20180227 235600;6926.25;6926.25;6925.25;6925.25;23
20180227 235700;6926;6927;6925.75;6926.75;25
20180227 235800;6926.75;6927.25;6925.5;6926;63
20180227 235900;6925.75;6927.25;6925.5;6925.75;52
20180228 000000;6926.25;6927.25;6925.75;6927;16
20180228 000100;6927;6929;6927;6929;103
20180228 000200;6929.25;6930;6928.25;6929.5;82
20180228 000300;6929;6930.25;6928.25;6928.75;132
20180228 000400;6928.5;6928.5;6927.75;6928.25;36
20180228 000500;6929;6929.25;6928.75;6928.75;8
20180228 000600;6928.75;6929.5;6928.5;6928.5;67
20180228 000700;6928.75;6930;6928.5;6929;91
20180228 000800;6929.25;6929.5;6928.25;6928.5;64
20180228 000900;6929;6929.25;6928.25;6929;59
20180228 001000;6928.75;6930;6928.75;6929;54
20180228 001100;6928.75;6929.5;6928.25;6928.5;70
20180228 001200;6928.5;6928.5;6926;6926.25;81
20180228 001300;6927;6928.25;6927;6928;61
20180228 001400;6928;6929.75;6927.75;6929.5;55
20180228 001500;6929.25;6930.5;6929;6930.5;122
20180228 001600;6930.5;6930.75;6929.5;6930.5;43
20180228 001700;6930.5;6931.25;6930;6930.5;71
20180228 001800;6930.5;6931;6930.25;6930.5;45
20180228 001900;6931;6931;6930.25;6930.5;45
20180228 002000;6930.25;6930.5;6929.5;6929.5;30
20180228 002100;6929.75;6930.25;6929.75;6929.75;29
20180228 002200;6930;6930.75;6930;6930.5;31
20180228 002300;6930.5;6930.75;6930.25;6930.5;21
20180228 002400;6930.75;6930.75;6929.75;6930.5;31
20180228 002500;6930.75;6930.75;6929.75;6930.25;19
20180228 002600;6930.5;6930.75;6930.25;6930.5;14
20180228 002700;6930.5;6930.5;6929.5;6929.75;40
20180228 002800;6929.75;6929.75;6929;6929.25;40
20180228 002900;6929;6929.5;6928.5;6929;42
20180228 003000;6929;6929;6928.5;6928.5;22
20180228 003100;6928.5;6929.25;6928.5;6929.25;20
20180228 003200;6929.25;6929.25;6928.5;6928.5;17
20180228 003300;6928.5;6928.75;6928.5;6928.75;15
20180228 003400;6928.5;6928.5;6926.75;6927.25;77
20180228 003500;6927.25;6927.5;6926.5;6927.25;39
20180228 003600;6927;6928;6926.5;6928;13
20180228 003700;6928;6928.5;6927.5;6928;46
20180228 003800;6927.75;6927.75;6927.75;6927.75;9
20180228 003900;6927.75;6928;6927.25;6928;54
20180228 004000;6928.25;6928.75;6928;6928.75;7
20180228 004100;6928.5;6929.25;6928.5;6929.25;20
20180228 004200;6929.5;6930.5;6929.25;6930.25;71
20180228 004300;6930.25;6931.75;6930;6931.75;113
20180228 004400;6931.5;6932.5;6931.25;6932;80
20180228 004500;6931.75;6931.75;6931.25;6931.25;38
20180228 004600;6931.25;6931.75;6931.25;6931.25;46
20180228 004700;6931.5;6932;6931.25;6931.5;57
20180228 004800;6931.75;6931.75;6931.25;6931.75;24
20180228 004900;6931.5;6931.75;6931;6931.25;46
20180228 005000;6931.25;6931.5;6930;6930.25;36
20180228 005100;6930.5;6930.75;6929.25;6929.5;48
20180228 005200;6929.25;6929.5;6927.5;6928;98
20180228 005300;6927.5;6927.5;6926.5;6926.75;91
20180228 005400;6926.5;6927.5;6925.5;6927.25;73
20180228 005500;6927.25;6928.25;6926.75;6928;81
20180228 005600;6928.25;6929.5;6928.25;6929;62
20180228 005700;6929.25;6929.5;6928.75;6929.5;45
20180228 005800;6929.25;6929.75;6928.75;6929;67
20180228 005900;6929.25;6929.75;6929.25;6929.25;20
20180228 010000;6929;6929;6928.25;6928.25;9
20180228 010100;6928.5;6930.75;6928.5;6930.5;100
20180228 010200;6930.75;6930.75;6930;6930;30
20180228 010300;6930;6930.5;6928.5;6929.5;42
20180228 010400;6929;6929.5;6928.5;6928.75;25
20180228 010500;6928.5;6928.5;6928.25;6928.5;12
20180228 010600;6928.75;6929.25;6927.75;6928.75;80
20180228 010700;6928.75;6928.75;6928.5;6928.75;14
20180228 010800;6928.75;6929.75;6928.75;6929.25;35
20180228 010900;6929.25;6929.25;6929;6929.25;17
20180228 011000;6929;6929;6928;6928.5;27
20180228 011100;6928.75;6929.5;6927.75;6927.75;55
20180228 011200;6928;6928.25;6927.25;6927.75;94
20180228 011300;6927.75;6928;6927.5;6927.5;23
20180228 011400;6927.5;6927.5;6926.5;6926.75;35
20180228 011500;6927;6927.75;6926.75;6927.25;59
20180228 011600;6927.5;6928.5;6926.75;6928;61
20180228 011700;6927.75;6927.75;6925.75;6926.25;65
20180228 011800;6926;6926;6923;6923.25;161
20180228 011900;6923;6923.75;6922;6922.25;111
20180228 012000;6922;6922;6919.25;6920.25;179
20180228 012100;6920.25;6920.75;6919.5;6920.25;78
20180228 012200;6920.25;6921.5;6918.25;6921;140
20180228 012300;6920.75;6922;6920.25;6921.5;62
20180228 012400;6921.25;6923.25;6919.75;6920.25;112
20180228 012500;6919.75;6920.75;6917.5;6920.75;130
20180228 012600;6920.75;6921.25;6919.5;6919.5;110
20180228 012700;6919.25;6922.5;6919;6922.25;109
20180228 012800;6922.25;6922.25;6920.5;6921.5;50
20180228 012900;6921.5;6921.5;6920.5;6921.25;36
20180228 013000;6921.5;6922.5;6921.25;6922;23
20180228 013100;6921.75;6922;6917.5;6918.5;160
20180228 013200;6918.75;6919;6916.5;6918;199
20180228 013300;6918.25;6918.25;6916.75;6917;66
20180228 013400;6917;6918.5;6917;6917.5;70
20180228 013500;6917.75;6918.25;6916;6916.25;112
20180228 013600;6916.75;6917.5;6916.5;6916.75;67
20180228 013700;6916.5;6917;6915;6917;122
20180228 013800;6917.25;6920;6917;6919;108
20180228 013900;6919.75;6920.25;6918;6918.25;53
20180228 014000;6918.25;6919.75;6917.5;6919.25;74
20180228 014100;6919.5;6921.75;6919.5;6921.5;52
20180228 014200;6921;6921.5;6920.25;6921;43
20180228 014300;6921.25;6921.75;6919.5;6920.25;40
20180228 014400;6919.75;6921.25;6919.75;6920.75;47
20180228 014500;6920.5;6921;6919.75;6920.75;77
20180228 014600;6920.75;6920.75;6914.5;6915;245
20180228 014700;6915.75;6916.25;6915.25;6915.25;69
20180228 014800;6915.5;6917.5;6915.25;6917;109
20180228 014900;6916.75;6916.75;6915.5;6915.75;46
20180228 015000;6915.75;6916.5;6915;6915.25;79
20180228 015100;6915.25;6919.25;6915.25;6919;131
20180228 015200;6918.75;6919.25;6918.25;6919;38
20180228 015300;6919.25;6919.25;6917;6917.5;66
20180228 015400;6917.75;6918.75;6917;6918.5;60
20180228 015500;6918;6918.75;6917.5;6918.5;32
20180228 015600;6919;6920;6918.25;6919.25;86
20180228 015700;6919.25;6919.75;6918.5;6918.75;45
20180228 015800;6918.25;6920.75;6918.25;6920.5;49
20180228 015900;6921;6921.5;6920;6921;70
20180228 020000;6921.25;6921.25;6920.25;6920.5;45
20180228 020100;6920.25;6921.75;6920.25;6921.75;34
20180228 020200;6921.75;6921.75;6921;6921;27
20180228 020300;6921.5;6922.75;6921.5;6922;89
20180228 020400;6922;6922;6920.5;6920.75;44
20180228 020500;6920.5;6922.5;6920;6922.5;33
20180228 020600;6922.75;6923.25;6922.5;6923.25;67
20180228 020700;6923.25;6923.5;6922.75;6922.75;29
20180228 020800;6922.5;6922.5;6921.5;6922.25;58
20180228 020900;6922;6922.75;6921.75;6922.5;20
20180228 021000;6922.5;6922.75;6920;6920.5;56
20180228 021100;6920;6921.25;6920;6921;24
20180228 021200;6921;6921.75;6920.25;6921.5;22
20180228 021300;6921.5;6921.5;6920.25;6920.75;27
20180228 021400;6920.25;6921.25;6919.5;6920.75;52
20180228 021500;6920.5;6920.5;6919.5;6919.5;16
20180228 021600;6919.5;6920.5;6919.25;6919.75;27
20180228 021700;6919.5;6919.5;6917.5;6918;83
20180228 021800;6918;6918.25;6917.75;6918;16
20180228 021900;6918.25;6918.75;6918;6918.25;25
20180228 022000;6918.5;6918.5;6916.75;6916.75;22
20180228 022100;6916.75;6917.75;6916.75;6917;37
20180228 022200;6917;6917.5;6916.25;6916.25;41
20180228 022300;6916;6916;6915.25;6915.75;38
20180228 022400;6916.5;6917.5;6916.25;6917;26
20180228 022500;6917.5;6918.25;6917.5;6917.5;35
20180228 022600;6917.25;6917.25;6916.75;6917.25;14
20180228 022700;6917.5;6918.5;6917.5;6918.5;61
20180228 022800;6918.75;6919.25;6918.25;6919.25;75
20180228 022900;6919.5;6919.5;6919.25;6919.5;11
20180228 023000;6919.75;6921;6919.75;6920;31
20180228 023100;6920.25;6920.25;6919.5;6919.75;21
20180228 023200;6920;6920.25;6919.25;6920.25;42
20180228 023300;6920.25;6920.25;6919.5;6919.5;10
20180228 023400;6920;6920.25;6919.75;6920;27
20180228 023500;6920;6921.25;6920;6921;33
20180228 023600;6921;6921;6920.25;6920.25;30
20180228 023700;6920.25;6920.25;6919.75;6920.25;13
20180228 023800;6920;6920;6919.5;6919.5;15
20180228 023900;6919.5;6919.5;6919.25;6919.25;6
20180228 024000;6919.25;6920.5;6918.75;6920;55
20180228 024100;6919.75;6920.75;6919.75;6920;32
20180228 024200;6920;6920;6919.5;6919.75;9
20180228 024300;6919.5;6920.25;6919.5;6919.75;22
20180228 024400;6920;6920;6918.75;6918.75;18
20180228 024500;6918.75;6919.25;6918.5;6919;41
20180228 024600;6919;6920;6919;6919.75;21
20180228 024700;6919.5;6920.25;6919.25;6920.25;17
20180228 024800;6920.25;6921;6920.25;6920.5;12
20180228 024900;6920;6920;6919.5;6919.75;15
20180228 025000;6919.5;6919.5;6919;6919;17
20180228 025100;6918.75;6919;6918;6918;36
20180228 025200;6918;6918.5;6917;6917;38
20180228 025300;6917;6917;6915.5;6916.25;56
20180228 025400;6915.75;6916.75;6915;6916.25;102
20180228 025500;6916.5;6916.75;6916.25;6916.5;29
20180228 025600;6916.5;6918.25;6915.5;6918.25;72
20180228 025700;6918.25;6918.75;6917.5;6918.75;45
20180228 025800;6918.75;6918.75;6916.5;6916.75;41
20180228 025900;6917;6917;6916;6916.25;33
20180228 030000;6916.5;6918.25;6916.5;6918.25;34
20180228 030100;6918.25;6918.5;6917.75;6917.75;31
20180228 030200;6917.75;6917.75;6916.75;6916.75;31
20180228 030300;6916.75;6917.5;6916.75;6917;26
20180228 030400;6917.25;6917.5;6916.5;6917.25;28
20180228 030500;6917.25;6917.5;6916.75;6917;12
20180228 030600;6917.25;6918;6917;6917.25;20
20180228 030700;6917;6917;6916.25;6916.25;22
20180228 030800;6916.5;6917.5;6916.5;6917.5;36
20180228 030900;6917;6917.25;6905.5;6905.5;700
20180228 031000;6905.75;6909.75;6904.5;6907.75;379
20180228 031100;6907.75;6910.25;6907.75;6908.5;88
20180228 031200;6908.75;6910.5;6908.5;6910.25;54
20180228 031300;6910;6910.25;6905.75;6906.25;91
20180228 031400;6906.25;6907.5;6905.5;6907;117
20180228 031500;6906.25;6906.25;6896.5;6901.25;851
20180228 031600;6900.75;6904.25;6898;6898.25;441
20180228 031700;6898;6902.75;6898;6898.75;267
20180228 031800;6899;6904.5;6899;6904;220
20180228 031900;6904.5;6905;6901.25;6903.25;195
20180228 032000;6902.75;6903.75;6900;6901.25;139
20180228 032100;6901;6903.5;6900.5;6902.25;117
20180228 032200;6902;6904.25;6902;6903.75;158
20180228 032300;6904;6904;6902.25;6903.5;50
20180228 032400;6903.75;6905.25;6902;6902;129
20180228 032500;6902.25;6903.25;6901.5;6902;53
20180228 032600;6902.25;6902.75;6899.75;6900.5;127
20180228 032700;6900.5;6906.75;6900.5;6905.75;193
20180228 032800;6905.5;6905.5;6903.75;6904;62
20180228 032900;6904;6907.5;6904;6905.75;91
20180228 033000;6905.75;6905.75;6904;6904.75;57
20180228 033100;6904.5;6904.75;6902.25;6903.25;62
20180228 033200;6903;6905;6903;6903;63
20180228 033300;6903.25;6904;6902;6903.25;126
20180228 033400;6903.25;6903.25;6901.25;6901.5;86
20180228 033500;6901.25;6902.75;6901;6901.25;92
20180228 033600;6901;6902;6900.5;6901;57
20180228 033700;6900.75;6901;6896.75;6899;299
20180228 033800;6899.25;6901.5;6899.25;6900.25;88
20180228 033900;6900.25;6900.5;6898.5;6898.5;87
20180228 034000;6898.25;6898.75;6895.75;6896;167
20180228 034100;6896.25;6898.75;6893.25;6898.75;304
20180228 034200;6898.75;6900;6898.5;6899;112
20180228 034300;6899;6899.5;6893.75;6895.5;125
20180228 034400;6895.25;6898;6895.25;6897.5;85
20180228 034500;6897.25;6897.25;6894.25;6895.75;122
20180228 034600;6895.25;6896;6894.25;6896;69
20180228 034700;6895.75;6896.5;6895.5;6896;49
20180228 034800;6896;6898.5;6894.5;6898.25;135
20180228 034900;6898;6898.5;6897;6897;54
20180228 035000;6897;6897.5;6896.75;6897.25;16
20180228 035100;6897;6897.5;6895.75;6896.75;84
20180228 035200;6896.5;6897.75;6896.5;6897.75;24
20180228 035300;6897.75;6898.5;6897;6898.25;72
20180228 035400;6898.25;6899.75;6898;6898.75;101
20180228 035500;6898.5;6899;6897.75;6898;56
20180228 035600;6898.25;6898.5;6897.75;6898.25;30
20180228 035700;6898.75;6899.25;6898.75;6899;28
20180228 035800;6899.25;6901;6899.25;6900.25;81
20180228 035900;6900.5;6902.5;6900;6901.5;133
20180228 040000;6901.5;6904.25;6901.5;6903.25;104
20180228 040100;6903.5;6903.75;6901.75;6903;106
20180228 040200;6902.75;6903;6900.25;6900.5;69
20180228 040300;6900.75;6903.25;6900;6901.75;60
20180228 040400;6902;6902.75;6902;6902.75;23
20180228 040500;6903;6903;6902.25;6902.75;31
20180228 040600;6902.75;6903.25;6902.25;6902.25;21
20180228 040700;6902.25;6902.5;6901.75;6902.25;20
20180228 040800;6902.25;6902.5;6900.75;6901;36
20180228 040900;6901;6902;6900;6902;53
20180228 041000;6902;6903.25;6902;6902.5;33
20180228 041100;6901.75;6901.75;6900.75;6901.25;18
20180228 041200;6901;6902;6900.75;6901.75;42
20180228 041300;6902.5;6902.75;6902.25;6902.25;18
20180228 041400;6902.5;6902.5;6901.75;6902;20
20180228 041500;6901.75;6902.5;6901.5;6902.5;19
20180228 041600;6902.5;6902.5;6901.5;6902;29
20180228 041700;6901.5;6901.75;6900.75;6900.75;40
20180228 041800;6900.75;6901;6899.75;6899.75;63
20180228 041900;6900.5;6901.5;6899.75;6900;54
20180228 042000;6900;6900.25;6899.25;6900;39
20180228 042100;6900.25;6902.25;6900.25;6902;51
20180228 042200;6902.25;6902.5;6902.25;6902.5;7
20180228 042300;6902.25;6902.5;6902;6902;8
20180228 042400;6902;6902.5;6901.75;6901.75;21
20180228 042500;6902;6902;6901.75;6902;7
20180228 042600;6901.75;6901.75;6901.5;6901.75;6
20180228 042700;6901.75;6901.75;6901.5;6901.75;11
20180228 042800;6902;6904;6902;6904;41
20180228 042900;6903.25;6903.25;6902.75;6903;6
20180228 043000;6903.25;6904;6903.25;6904;20
20180228 043100;6904;6904.5;6903.75;6904;27
20180228 043200;6904;6906.25;6903.75;6906;84
20180228 043300;6906;6906.25;6905.5;6906.25;33
20180228 043400;6905.75;6906.25;6905.75;6906.25;10
20180228 043500;6906.25;6908.75;6906;6908.75;78
20180228 043600;6908.25;6908.25;6906.5;6906.75;81
20180228 043700;6907;6907;6905.25;6905.5;86
20180228 043800;6905.5;6906.25;6905;6905;18
20180228 043900;6905.5;6906.5;6905.5;6906.5;16
20180228 044000;6906.75;6907.25;6906.5;6907;38
20180228 044100;6907.25;6907.5;6906.75;6907;32
20180228 044200;6907;6907;6906.25;6906.75;12
20180228 044300;6906.75;6906.75;6906.25;6906.5;7
20180228 044400;6906.5;6906.75;6906.25;6906.5;12
20180228 044500;6906.5;6906.5;6906.25;6906.25;10
20180228 044600;6906.25;6906.75;6906.25;6906.75;12
20180228 044700;6906.25;6908.25;6906.25;6908.25;40
20180228 044800;6908.25;6910;6907.5;6909.25;106
20180228 044900;6909.5;6909.5;6907.5;6908;63
20180228 045000;6908.25;6909;6908.25;6908.25;26
20180228 045100;6908.5;6909;6908;6908.5;56
20180228 045200;6908.25;6908.25;6906.75;6906.75;21
20180228 045300;6907.25;6907.75;6907;6907.25;32
20180228 045400;6908;6908;6907.25;6907.5;43
20180228 045500;6907.25;6907.25;6906.75;6906.75;20
20180228 045600;6906.5;6907;6906.5;6906.5;9
20180228 045700;6906.5;6906.5;6905.25;6906;59
20180228 045800;6905.75;6907;6905.75;6906.75;33
20180228 045900;6906.5;6907.5;6906.5;6907;23
20180228 050000;6907.25;6907.5;6906.5;6907;12
20180228 050100;6906.75;6909.5;6906.5;6907.75;60
20180228 050200;6908;6908.25;6906.25;6906.75;43
20180228 050300;6906.5;6908;6906.25;6907.5;22
20180228 050400;6907.75;6907.75;6907.5;6907.75;10
20180228 050500;6907.75;6908.5;6907.5;6907.75;30
20180228 050600;6908;6909;6907.75;6909;36
20180228 050700;6908.75;6910.5;6908.25;6909.5;73
20180228 050800;6909.5;6909.75;6908.75;6909.25;32
20180228 050900;6909.5;6909.5;6908.5;6908.75;16
20180228 051000;6908.5;6908.75;6907;6907.25;70
20180228 051100;6907;6910;6907;6909;70
20180228 051200;6908.75;6909;6907.75;6909;31
20180228 051300;6909.25;6911.75;6909;6911.75;159
20180228 051400;6911.75;6912.75;6911;6911.75;56
20180228 051500;6911.75;6912;6910.75;6911;57
20180228 051600;6911.25;6911.25;6909.25;6909.5;67
20180228 051700;6909.25;6909.5;6908.5;6909;42
20180228 051800;6909;6910.25;6909;6909.75;32
20180228 051900;6910;6910.5;6909.75;6909.75;21
20180228 052000;6909.75;6909.75;6908.5;6909.25;53
20180228 052100;6909.25;6909.75;6908.25;6909.75;29
20180228 052200;6909.5;6910.5;6908.25;6909;56
20180228 052300;6908.75;6909.25;6908.25;6909.25;26
20180228 052400;6909;6910;6907.75;6909.75;44
20180228 052500;6909.5;6909.75;6908.75;6909;37
20180228 052600;6909;6909.25;6909;6909.25;18
20180228 052700;6909;6909;6907.25;6908.25;57
20180228 052800;6908;6909;6908;6908.5;19
20180228 052900;6908.5;6909.25;6908.25;6908.25;19
20180228 053000;6908.25;6910;6908.25;6910;20
20180228 053100;6910.25;6911.25;6907.25;6908.25;168
20180228 053200;6908.25;6908.25;6902;6904.5;131
20180228 053300;6904.75;6906.5;6904.75;6906.25;47
20180228 053400;6906;6906.5;6905;6905.5;29
20180228 053500;6905.75;6907.5;6905.75;6906.25;57
20180228 053600;6906.25;6907;6905;6906.75;42
20180228 053700;6907;6908;6907;6907.5;10
20180228 053800;6907.75;6907.75;6906;6906.25;24
20180228 053900;6906.25;6907.25;6906;6907;22
20180228 054000;6907.5;6908.25;6906.75;6906.75;42
20180228 054100;6906.5;6906.5;6905;6905.5;26
20180228 054200;6905.25;6907;6905.25;6906.5;29
20180228 054300;6906.75;6906.75;6905.5;6905.75;19
20180228 054400;6905.75;6908.25;6905.75;6907.75;47
20180228 054500;6908.25;6909.25;6907.75;6908;52
20180228 054600;6908;6909.5;6907.75;6908;107
20180228 054700;6908.25;6909;6908;6908.75;45
20180228 054800;6908.5;6910.5;6908.5;6909.5;58
20180228 054900;6909.5;6909.5;6907.25;6907.75;36
20180228 055000;6907.75;6909.5;6907.5;6909.5;52
20180228 055100;6909.25;6909.25;6906;6907;62
20180228 055200;6907.25;6907.75;6907;6907.75;25
20180228 055300;6907.75;6907.75;6907;6907.25;16
20180228 055400;6907.5;6908.25;6907.5;6908.25;11
20180228 055500;6907.75;6909.5;6907.5;6909.5;34
20180228 055600;6909.5;6909.75;6908;6908;33
20180228 055700;6907.5;6908.75;6907.5;6908;25
20180228 055800;6907.75;6908.5;6907.25;6908.5;72
20180228 055900;6908.75;6909.75;6907.75;6908;47
20180228 060000;6908.5;6909.5;6907.25;6907.5;48
20180228 060100;6907.75;6908.75;6907;6907.75;42
20180228 060200;6907.75;6908.5;6907.75;6908.25;11
20180228 060300;6907.75;6908;6907.75;6907.75;8
20180228 060400;6907.75;6908;6907.25;6907.5;34
20180228 060500;6907.5;6908;6907.25;6907.25;15
20180228 060600;6907.25;6907.75;6907;6907.75;30
20180228 060700;6907.5;6907.75;6906.75;6907.75;25
20180228 060800;6908;6908.25;6907.25;6907.5;24
20180228 060900;6907;6907.25;6905.75;6906.25;39
20180228 061000;6906.25;6906.75;6905.25;6906.5;79
20180228 061100;6906.25;6907;6905.5;6906;46
20180228 061200;6905.5;6905.75;6904;6904;54
20180228 061300;6904;6906;6903;6906;77
20180228 061400;6906;6906.75;6905.75;6906.5;39
20180228 061500;6906.25;6907;6905.75;6907;36
20180228 061600;6907;6908.25;6907;6907.75;46
20180228 061700;6907.75;6908;6907.5;6907.75;9
20180228 061800;6907.75;6908.5;6907.75;6908.5;9
20180228 061900;6908.25;6908.25;6907.5;6907.75;8
20180228 062000;6907.75;6908.5;6907.25;6908.5;22
20180228 062100;6908.5;6908.75;6907.75;6907.75;17
20180228 062200;6907.75;6908.75;6907.75;6908.75;16
20180228 062300;6908.75;6908.75;6908.75;6908.75;9
20180228 062400;6908.75;6909.5;6908.25;6909.25;29
20180228 062500;6908.75;6908.75;6908.25;6908.5;19
20180228 062600;6908;6908;6907.5;6907.75;15
20180228 062700;6907.75;6908.5;6907.75;6908.25;15
20180228 062800;6908;6908;6907.75;6908;12
20180228 062900;6907.75;6907.75;6906.75;6906.75;21
20180228 063000;6906.5;6907.5;6906.5;6907.25;25
20180228 063100;6907.25;6908;6907.25;6907.75;17
20180228 063200;6907.75;6908;6907.5;6908;12
20180228 063300;6908;6910.5;6908;6910.25;68
20180228 063400;6910.5;6911.75;6910;6911;139
20180228 063500;6911;6911.5;6910.75;6911.25;45
20180228 063600;6911.5;6911.5;6911.25;6911.25;17
20180228 063700;6911;6911;6909.5;6910.25;49
20180228 063800;6910.25;6910.25;6910;6910;25
20180228 063900;6910.25;6910.5;6908.75;6909.5;42
20180228 064000;6909.5;6909.75;6909.5;6909.5;9
20180228 064100;6909.5;6909.75;6909.5;6909.75;6
20180228 064200;6909.5;6910;6908.75;6910;31
20180228 064300;6910;6910.75;6909.75;6910.25;17
20180228 064400;6910.5;6911.25;6910.25;6910.5;32
20180228 064500;6910.75;6910.75;6910.25;6910.75;11
20180228 064600;6910.75;6910.75;6909.25;6909.25;14
20180228 064700;6909.25;6909.75;6908.75;6908.75;22
20180228 064800;6908.75;6909.5;6908.75;6909.5;27
20180228 064900;6909.75;6909.75;6908;6908;22
20180228 065000;6908.25;6908.75;6908.25;6908.75;10
20180228 065100;6908;6908.5;6907;6907;44
20180228 065200;6907;6907.5;6906.5;6907.25;39
20180228 065300;6907.25;6907.75;6907.25;6907.75;12
20180228 065400;6907.5;6908;6907.5;6908;6
20180228 065500;6907.5;6907.5;6907.25;6907.5;8
20180228 065600;6908;6908.25;6907;6907.25;23
20180228 065700;6907;6907.5;6907;6907.5;5
20180228 065800;6907.5;6907.5;6906.5;6907;7
20180228 065900;6906.75;6907.5;6906.5;6907.5;17
20180228 070000;6907.5;6907.5;6906.5;6906.75;28
20180228 070100;6907.25;6912.5;6907.25;6912.25;103
20180228 070200;6912.25;6912.5;6910;6912.5;111
20180228 070300;6912.25;6912.5;6910.5;6910.5;78
20180228 070400;6910.5;6911;6910;6911;49
20180228 070500;6911.25;6912.75;6911.25;6912.25;73
20180228 070600;6912.5;6913.5;6911.25;6913;137
20180228 070700;6913;6913.5;6910.75;6910.75;98
20180228 070800;6910.75;6911;6910;6911;38
20180228 070900;6911.25;6913;6911.25;6913;35
20180228 071000;6913.25;6914.25;6913;6913.75;70
20180228 071100;6913.5;6913.5;6912.25;6912.75;78
20180228 071200;6912.5;6913;6912;6913;30
20180228 071300;6912.25;6912.25;6911.25;6912;35
20180228 071400;6911.75;6913;6911;6911;38
20180228 071500;6910.75;6911;6909.5;6909.75;46
20180228 071600;6909.25;6909.75;6908.25;6909;60
20180228 071700;6908.75;6909.5;6908.25;6909.5;40
20180228 071800;6909.25;6910.75;6909;6909.75;42
20180228 071900;6909.5;6909.5;6908.75;6908.75;12
20180228 072000;6908.5;6910;6908.5;6909.75;33
20180228 072100;6909.5;6911.5;6909.5;6911.5;25
20180228 072200;6911.5;6912;6911;6911;32
20180228 072300;6911.25;6912.5;6911.25;6912.5;19
20180228 072400;6912.25;6913.25;6912;6913.25;28
20180228 072500;6913;6913.5;6912.25;6912.25;22
20180228 072600;6912.75;6912.75;6912;6912;25
20180228 072700;6912.5;6913.25;6912;6912.75;20
20180228 072800;6912.25;6912.25;6911;6911.5;26
20180228 072900;6911;6912;6910.75;6911.75;26
20180228 073000;6911.75;6912;6911.25;6911.25;22
20180228 073100;6911.25;6911.25;6910.25;6910.5;46
20180228 073200;6911.25;6912;6911.25;6911.25;20
20180228 073300;6911;6911.25;6910;6910.75;40
20180228 073400;6911;6912;6910.25;6911.5;36
20180228 073500;6911;6911.5;6909;6909;51
20180228 073600;6908.75;6911;6908.5;6908.5;102
20180228 073700;6908.25;6910;6907.5;6908.75;92
20180228 073800;6909;6910;6908;6908.25;109
20180228 073900;6908.25;6908.25;6903.5;6904.5;239
20180228 074000;6904.25;6906.25;6901;6901.25;195
20180228 074100;6900.75;6904;6900.75;6903.5;128
20180228 074200;6903.75;6905.25;6903.75;6904.5;52
20180228 074300;6904.25;6904.5;6903.5;6903.75;65
20180228 074400;6903.75;6906.75;6903.5;6906.75;66
20180228 074500;6906.5;6907.5;6905;6905.5;138
20180228 074600;6905.25;6907.75;6905;6907.75;134
20180228 074700;6907.25;6908.75;6907.25;6908.75;113
20180228 074800;6908.75;6908.75;6907.25;6907.75;53
20180228 074900;6907.5;6911.75;6907;6911.5;104
20180228 075000;6911.75;6911.75;6908.25;6908.5;82
20180228 075100;6908.25;6908.5;6906.75;6908.25;50
20180228 075200;6908;6910.75;6907.5;6910;59
20180228 075300;6910.5;6911.75;6909.75;6910;80
20180228 075400;6910;6910.5;6908.75;6909;71
20180228 075500;6908.75;6910;6908.25;6909.5;28
20180228 075600;6909.25;6909.25;6906.5;6908.75;66
20180228 075700;6908.75;6909.25;6908;6908;40
20180228 075800;6907.75;6908.75;6906.25;6908.75;55
20180228 075900;6908.5;6910.5;6908.25;6910.5;41
20180228 080000;6911;6912.25;6910.5;6911.75;118
20180228 080100;6911.75;6917;6911.5;6915;491
20180228 080200;6914.75;6916;6913;6915.75;97
20180228 080300;6915.25;6915.25;6912.75;6913.25;81
20180228 080400;6912.75;6915.5;6912.5;6915.5;159
20180228 080500;6915.5;6916.75;6915.25;6915.75;137
20180228 080600;6916.5;6917.25;6914.5;6916.25;153
20180228 080700;6916.5;6919;6915.75;6917.75;260
20180228 080800;6917.75;6919.5;6915.5;6915.75;231
20180228 080900;6916;6917.75;6915.5;6917;157
20180228 081000;6917.75;6917.75;6915;6917;177
20180228 081100;6916.75;6917.75;6914.75;6917.5;147
20180228 081200;6917.5;6918;6916.5;6916.75;155
20180228 081300;6917;6919.25;6916.5;6917.5;265
20180228 081400;6917;6920.75;6916.75;6920.5;139
20180228 081500;6920.5;6923.5;6920;6922.5;244
20180228 081600;6923;6923.75;6921.5;6922.75;77
20180228 081700;6922.25;6922.25;6920.5;6921.75;43
20180228 081800;6922;6922;6919.75;6919.75;190
20180228 081900;6919.5;6921.25;6919.5;6920;42
20180228 082000;6920;6920.5;6918.5;6918.5;51
20180228 082100;6918;6919.5;6917.25;6919.5;99
20180228 082200;6919.5;6919.5;6917;6917;82
20180228 082300;6917;6918.25;6917;6917.75;50
20180228 082400;6918.25;6918.75;6918;6918.25;37
20180228 082500;6918.25;6919;6918;6919;33
20180228 082600;6918.25;6918.5;6917.5;6917.5;31
20180228 082700;6917.25;6918;6916.25;6916.5;46
20180228 082800;6916.5;6917.5;6916.25;6917;25
20180228 082900;6917.25;6918.25;6917;6917.75;34
20180228 083000;6917.75;6919;6916.25;6916.25;75
20180228 083100;6916.5;6917.25;6916;6916;41
20180228 083200;6917.5;6917.5;6915;6915.25;127
20180228 083300;6915;6917.25;6914.5;6916.75;164
20180228 083400;6917;6918.25;6916.5;6916.5;108
20180228 083500;6916.5;6919;6915.25;6918.5;118
20180228 083600;6919;6920;6918.75;6919.25;93
20180228 083700;6919.5;6920.75;6919;6920.75;55
20180228 083800;6921;6921.5;6919.75;6920.75;29
20180228 083900;6921.25;6922.25;6921;6922;54
20180228 084000;6921.25;6921.5;6919.5;6920;48
20180228 084100;6920;6920.5;6918.5;6919.5;58
20180228 084200;6919.75;6924.75;6919.75;6922.5;154
20180228 084300;6922.75;6924.5;6921.75;6924.5;89
20180228 084400;6924.5;6924.75;6922.5;6923.25;104
20180228 084500;6923.25;6924;6922.5;6923.75;36
20180228 084600;6923.5;6924.75;6922.25;6922.25;108
20180228 084700;6922;6922.5;6921;6921;85
20180228 084800;6920.75;6921;6919.25;6919.75;97
20180228 084900;6919.75;6921.75;6919.5;6921.75;73
20180228 085000;6921.5;6922.25;6920.5;6921.5;159
20180228 085100;6921.25;6921.5;6920.25;6920.5;58
20180228 085200;6920.5;6921;6920.25;6921;12
20180228 085300;6921;6922.5;6921;6921.75;34
20180228 085400;6921.5;6921.75;6920.25;6921.25;31
20180228 085500;6920.75;6921.5;6920.25;6920.75;27
20180228 085600;6921;6921;6919.75;6920.75;44
20180228 085700;6920.5;6921.25;6919.75;6920.5;74
20180228 085800;6920;6920;6918.75;6919.5;28
20180228 085900;6919.5;6920;6918.5;6919.5;59
20180228 090000;6919.75;6920.25;6918.25;6919;69
20180228 090100;6918.25;6922;6918;6921.25;148
20180228 090200;6920.5;6921.75;6920.25;6920.25;69
20180228 090300;6919.5;6919.75;6918.25;6918.5;53
20180228 090400;6918.5;6920;6918.5;6920;30
20180228 090500;6920;6921;6919.5;6920.75;42
20180228 090600;6920.5;6923.75;6920.25;6922.75;91
20180228 090700;6922.5;6923;6921.25;6923;60
20180228 090800;6922.75;6925.75;6922.75;6925;136
20180228 090900;6924.75;6925;6924;6924.25;34
20180228 091000;6924.75;6925;6924;6924;19
20180228 091100;6924;6926.25;6923.5;6926.25;136
20180228 091200;6926.25;6926.75;6925.5;6925.75;57
20180228 091300;6925.75;6925.75;6924.25;6925.5;30
20180228 091400;6925;6926.75;6925;6925.25;41
20180228 091500;6925;6925.5;6923.5;6925.5;34
20180228 091600;6925.25;6925.25;6923.75;6924;162
20180228 091700;6924.25;6924.75;6922.75;6923.5;94
20180228 091800;6923.75;6926.75;6923.75;6926;75
20180228 091900;6926.25;6927.25;6925.75;6926.5;70
20180228 092000;6926.75;6927.75;6926.75;6927.75;46
20180228 092100;6927.75;6927.75;6926.75;6927;23
20180228 092200;6927.25;6927.5;6926.75;6927.25;10
20180228 092300;6927.5;6928;6927;6927;57
20180228 092400;6927;6927.75;6926.75;6927.75;23
20180228 092500;6927.5;6928.25;6927;6927.25;59
20180228 092600;6927;6928;6927;6927.5;71
20180228 092700;6927;6927.25;6926.25;6926.5;51
20180228 092800;6926.5;6926.5;6925.25;6925.5;63
20180228 092900;6925.25;6926;6925.25;6925.5;30
20180228 093000;6925.75;6927.5;6925.75;6927.25;51
20180228 093100;6927.25;6927.75;6925.75;6926.5;92
20180228 093200;6925.75;6927.5;6925.25;6926.75;142
20180228 093300;6926.5;6926.5;6925.75;6926;20
20180228 093400;6925.75;6926.25;6925.25;6925.5;30
20180228 093500;6925.25;6926.5;6925.25;6926;56
20180228 093600;6926;6928;6925.25;6928;43
20180228 093700;6927.5;6928.25;6926.5;6926.75;64
20180228 093800;6926.75;6927.25;6926;6926.75;38
20180228 093900;6926.5;6927.25;6926.5;6927;6
20180228 094000;6927.75;6928;6926;6926;28
20180228 094100;6926.25;6926.75;6926;6926;30
20180228 094200;6926;6926.75;6926;6926.75;33
20180228 094300;6926.75;6926.75;6924.25;6924.25;61
20180228 094400;6924.25;6925.5;6924;6925.25;60
20180228 094500;6925.5;6926;6925.5;6925.5;14
20180228 094600;6925;6927;6924.75;6927;21
20180228 094700;6927;6927;6926;6926;17
20180228 094800;6926.5;6928.5;6926.5;6928.25;49
20180228 094900;6928.5;6928.75;6927.5;6928.75;34
20180228 095000;6929;6929.75;6927.75;6927.75;107
20180228 095100;6928;6930;6928;6930;63
20180228 095200;6929.75;6929.75;6928;6928.25;57
20180228 095300;6928;6929.5;6928;6929.25;38
20180228 095400;6929.5;6930;6929.25;6929.75;38
20180228 095500;6929.75;6929.75;6929;6929.25;63
20180228 095600;6929;6929.75;6928.75;6928.75;32
20180228 095700;6929.25;6929.5;6928;6928.75;37
20180228 095800;6928.75;6929.5;6928.5;6928.5;29
20180228 095900;6928.75;6929;6928.25;6928.5;15
20180228 100000;6928.75;6929;6928.25;6929;51
20180228 100100;6929;6930.75;6929;6930;171
20180228 100200;6930;6930.25;6929;6929;109
20180228 100300;6928.75;6929.75;6928.5;6928.75;70
20180228 100400;6928.5;6928.5;6927;6927.25;53
20180228 100500;6927;6927;6924;6926;102
20180228 100600;6926.25;6927.75;6926.25;6927.25;64
20180228 100700;6927;6927.75;6926.5;6926.75;59
20180228 100800;6926;6926.75;6925.5;6926.5;17
20180228 100900;6926.5;6926.75;6925.5;6925.5;26
20180228 101000;6926;6927;6926;6926;42
20180228 101100;6927;6927;6925.75;6926.25;36
20180228 101200;6926.25;6926.75;6926.25;6926.75;10
20180228 101300;6926.75;6926.75;6926;6926.5;35
20180228 101400;6926.75;6927.25;6926.5;6927;25
20180228 101500;6927;6929.5;6926.75;6929.25;78
20180228 101600;6929.25;6929.5;6928.75;6929.25;51
20180228 101700;6929.25;6929.5;6927.25;6928;30
20180228 101800;6928.25;6928.75;6927.75;6928.75;30
20180228 101900;6928.75;6928.75;6928.25;6928.75;21
20180228 102000;6928.25;6929.25;6928.25;6928.25;25
20180228 102100;6928.5;6929.75;6928.5;6929.5;31
20180228 102200;6929.5;6929.75;6929;6929.25;19
20180228 102300;6929.5;6930;6929.5;6930;5
20180228 102400;6929.75;6929.75;6928.25;6928.75;32
20180228 102500;6928.75;6929.25;6928.5;6928.5;13
20180228 102600;6928.75;6929.25;6928;6928;26
20180228 102700;6928;6928.25;6927.75;6928;10
20180228 102800;6928.25;6928.25;6926;6926.5;31
20180228 102900;6925.75;6926.5;6925.75;6926;40
20180228 103000;6926;6927;6926;6926.75;34
20180228 103100;6926.75;6927.25;6926.25;6926.5;52
20180228 103200;6926.75;6927;6926.5;6927;28
20180228 103300;6926.5;6927.5;6926.25;6926.5;15
20180228 103400;6926.5;6927.5;6926.5;6927.5;34
20180228 103500;6927.75;6928.5;6927.5;6928.5;23
20180228 103600;6928.75;6928.75;6928;6928.5;20
20180228 103700;6928.75;6928.75;6928.5;6928.5;9
20180228 103800;6928;6928;6927;6927.75;24
20180228 103900;6927.75;6928.25;6927.25;6927.5;19
20180228 104000;6927.75;6927.75;6926.5;6926.5;18
20180228 104100;6926;6926.5;6924;6925.25;61
20180228 104200;6924.75;6925.75;6924;6925.25;34
20180228 104300;6924.75;6925.5;6923.25;6924.25;84
20180228 104400;6924.25;6925.5;6924.25;6925.25;41
20180228 104500;6925.25;6925.5;6925.25;6925.5;10
20180228 104600;6925.75;6925.75;6924.5;6925.25;22
20180228 104700;6925.25;6925.5;6924.75;6924.75;11
20180228 104800;6924.75;6925.5;6924.5;6924.75;20
20180228 104900;6924.5;6925;6924;6924.75;39
20180228 105000;6924.75;6924.75;6923.25;6923.5;45
20180228 105100;6923.5;6924.25;6922.5;6922.5;50
20180228 105200;6922.5;6922.5;6920.5;6921;122
20180228 105300;6921;6921.5;6918.25;6919.5;230
20180228 105400;6919.75;6919.75;6918.5;6919;75
20180228 105500;6919;6921;6919;6920.25;101
20180228 105600;6920.25;6921.25;6920.25;6920.75;55
20180228 105700;6920.5;6921.75;6920.25;6920.25;38
20180228 105800;6920.5;6920.5;6918.75;6920;49
20180228 105900;6920.25;6920.75;6919.75;6920;38
20180228 110000;6920;6921.5;6920;6920.75;45
20180228 110100;6921.5;6922.25;6921.5;6922;57
20180228 110200;6921.75;6922.5;6921.75;6922;23
20180228 110300;6922;6922.75;6922;6922.75;19
20180228 110400;6922.5;6923.75;6922;6923.75;54
20180228 110500;6923.75;6924;6923;6923.5;35
20180228 110600;6923.25;6924.75;6923;6924.25;54
20180228 110700;6924.25;6925.75;6924;6925;49
20180228 110800;6924.5;6926.25;6924.25;6926;46
20180228 110900;6926;6926.5;6925.5;6926.5;37
20180228 111000;6926;6926.25;6924.75;6925.25;36
20180228 111100;6924.75;6925.25;6924.25;6924.25;71
20180228 111200;6924.25;6924.75;6924;6924.25;19
20180228 111300;6924.25;6925.25;6924.25;6925.25;17
20180228 111400;6925.5;6925.5;6924.5;6924.75;16
20180228 111500;6924.5;6926.75;6924.5;6925.5;75
20180228 111600;6926;6926.25;6925.75;6926.25;43
20180228 111700;6926.25;6926.25;6925;6925;18
20180228 111800;6925.25;6925.75;6924;6925;91
20180228 111900;6925.25;6926.75;6925.25;6926.25;26
20180228 112000;6926;6926;6925.5;6925.75;11
20180228 112100;6925.75;6926.25;6925.5;6926.25;16
20180228 112200;6926.5;6926.75;6926;6926;15
20180228 112300;6925.75;6926.5;6925.5;6925.5;33
20180228 112400;6925.75;6926.5;6925.75;6926;25
20180228 112500;6926.5;6926.75;6926;6926.5;28
20180228 112600;6926.25;6927.25;6926.25;6926.5;88
20180228 112700;6926.25;6926.5;6925.75;6925.75;23
20180228 112800;6926.5;6926.75;6925.25;6925.5;22
20180228 112900;6925.5;6926.5;6925;6926;96
20180228 113000;6925.5;6926;6925.5;6926;15
20180228 113100;6925.75;6926;6924.25;6924.75;56
20180228 113200;6924.75;6925;6922.75;6923;89
20180228 113300;6923;6924.75;6922.75;6922.75;78
20180228 113400;6923;6923.5;6922.5;6923.5;30
20180228 113500;6923.5;6923.75;6922.5;6922.5;38
20180228 113600;6922.5;6922.75;6920.75;6921.75;83
20180228 113700;6921.75;6922.5;6921.5;6922.5;85
20180228 113800;6922.25;6922.25;6919.25;6919.75;57
20180228 113900;6920;6923;6920;6923;120
20180228 114000;6923;6923.25;6921.5;6922.5;44
20180228 114100;6922.25;6922.75;6921.25;6922.5;62
20180228 114200;6922.5;6922.5;6918.5;6919;224
20180228 114300;6919.25;6919.25;6917.5;6917.5;104
20180228 114400;6917.5;6919;6916.75;6917.5;142
20180228 114500;6917.5;6918.5;6917.25;6917.5;54
20180228 114600;6917.75;6917.75;6915;6915.25;112
20180228 114700;6915.5;6916.75;6915.5;6916.25;41
20180228 114800;6916.25;6917;6916;6917;48
20180228 114900;6916.75;6917.75;6916.5;6917.5;65
20180228 115000;6917.25;6917.25;6915;6916;63
20180228 115100;6915.75;6917.5;6915.75;6916.75;45
20180228 115200;6917;6918.25;6917;6917.5;56
20180228 115300;6917.5;6918.5;6917.25;6918;32
20180228 115400;6918.25;6919.25;6918.25;6918.75;39
20180228 115500;6919.25;6919.5;6919;6919;13
20180228 115600;6919;6920.25;6918.75;6920.25;34
20180228 115700;6920;6920.25;6918.75;6919.25;26
20180228 115800;6919.25;6919.25;6917;6917;73
20180228 115900;6917.5;6918;6917;6917.25;46
20180228 120000;6917;6918;6916.5;6917.25;57
20180228 120100;6917.25;6918;6916;6916.75;141
20180228 120200;6916.5;6918;6916.5;6918;21
20180228 120300;6918;6918.5;6917;6917.5;36
20180228 120400;6918;6919;6918;6918.75;14
20180228 120500;6919;6919.5;6918.75;6919;21
20180228 120600;6918.5;6919;6918.5;6918.75;14
20180228 120700;6918.5;6920;6918.5;6919.75;24
20180228 120800;6919.5;6920.5;6919.5;6920;24
20180228 120900;6919.75;6920.5;6919.75;6920.5;23
20180228 121000;6920.5;6920.75;6920.25;6920.75;23
20180228 121100;6920.5;6921.75;6920.5;6921;33
20180228 121200;6921.5;6922.25;6921.25;6921.5;50
20180228 121300;6921.75;6922.75;6921.5;6921.5;60
20180228 121400;6921.75;6922;6920.25;6922;79
20180228 121500;6922;6923.5;6921.75;6922;105
20180228 121600;6922.25;6924;6921.75;6923;84
20180228 121700;6922.5;6923.25;6922.25;6922.25;28
20180228 121800;6922.75;6923.25;6922.75;6923.25;13
20180228 121900;6923;6923.25;6922.75;6922.75;6
20180228 122000;6922.5;6923;6921.75;6922;41
20180228 122100;6922.5;6922.5;6921;6921.25;38
20180228 122200;6921.75;6922.5;6921;6921;32
20180228 122300;6921.25;6921.25;6920.75;6921;20
20180228 122400;6921.25;6921.5;6921;6921.25;33
20180228 122500;6921.5;6923;6921.5;6923;22
20180228 122600;6923;6923.25;6920.25;6920.25;45
20180228 122700;6920.25;6920.25;6917.5;6917.75;153
20180228 122800;6917.75;6917.75;6916;6916.75;138
20180228 122900;6916.75;6917.5;6916;6917.5;79
20180228 123000;6917.25;6917.25;6915;6915;136
20180228 123100;6915;6916.25;6914.5;6915.25;98
20180228 123200;6915;6917.75;6914.5;6917.5;88
20180228 123300;6917;6918;6916.25;6917.25;62
20180228 123400;6917;6918.5;6917;6918.5;35
20180228 123500;6918.75;6919.75;6918;6918.5;61
20180228 123600;6919;6919;6917.75;6918.75;44
20180228 123700;6918.25;6919.25;6918;6918.25;39
20180228 123800;6918.25;6918.75;6918;6918.5;28
20180228 123900;6918.75;6921;6918.75;6920.5;78
20180228 124000;6920.5;6922;6919.75;6922;44
20180228 124100;6921.75;6922.75;6921.25;6921.25;54
20180228 124200;6921;6925.25;6920.25;6923;430
20180228 124300;6922.75;6923.75;6922.25;6923;57
20180228 124400;6923;6923.25;6921;6921;61
20180228 124500;6921.25;6922.75;6921.25;6922.75;32
20180228 124600;6922.5;6922.75;6922.25;6922.5;18
20180228 124700;6922.5;6922.5;6921.75;6922;42
20180228 124800;6922;6922.75;6922;6922;14
20180228 124900;6921.75;6922.25;6921.5;6922.25;13
20180228 125000;6922.5;6926;6922;6926;118
20180228 125100;6926;6927;6925.5;6926.5;92
20180228 125200;6926.5;6926.5;6925.25;6925.5;42
20180228 125300;6925.25;6927;6925.25;6927;58
20180228 125400;6927;6928;6926.5;6926.75;81
20180228 125500;6927.25;6928;6926.75;6927.75;87
20180228 125600;6927;6927.75;6926.75;6927.75;43
20180228 125700;6927.25;6927.5;6926.5;6927.25;19
20180228 125800;6927.25;6928;6927;6927.5;29
20180228 125900;6927.25;6928;6927.25;6928;37
20180228 130000;6928;6929;6927.5;6928.25;118
20180228 130100;6928.5;6929.5;6927.5;6929.5;68
20180228 130200;6929.75;6931.5;6929.25;6930;185
20180228 130300;6930.25;6931.75;6930.25;6931.5;55
20180228 130400;6931.25;6933.25;6931.25;6932.25;251
20180228 130500;6932;6932.25;6931.5;6931.75;46
20180228 130600;6931.75;6931.75;6930;6930.75;80
20180228 130700;6930.5;6932;6930.25;6932;45
20180228 130800;6932;6932;6930;6930.75;162
20180228 130900;6931;6931.5;6931;6931.25;54
20180228 131000;6931.25;6933;6931.25;6932.5;68
20180228 131100;6933;6933.75;6930.75;6931;249
20180228 131200;6930.75;6932.25;6930.5;6931.5;60
20180228 131300;6931.5;6931.75;6930.5;6930.5;32
20180228 131400;6930.75;6931.25;6930.25;6930.75;77
20180228 131500;6931;6932;6931;6931;67
20180228 131600;6931.25;6933;6931.25;6932.75;106
20180228 131700;6932.75;6933.5;6932;6933;138
20180228 131800;6933.25;6933.25;6932.75;6933;68
20180228 131900;6932.75;6934.5;6932.75;6934;184
20180228 132000;6934;6934.25;6933.25;6933.5;143
20180228 132100;6933.75;6935;6933.25;6935;86
20180228 132200;6934.75;6935.75;6934.75;6935.25;132
20180228 132300;6935.5;6935.5;6934.25;6934.75;70
20180228 132400;6934.75;6934.75;6934.25;6934.25;24
20180228 132500;6934.25;6934.25;6933;6933;53
20180228 132600;6933;6933.25;6932.75;6933;72
20180228 132700;6933;6933.5;6933;6933.25;77
20180228 132800;6933.25;6933.75;6933;6933.75;36
20180228 132900;6933.5;6933.5;6931.5;6931.75;107
20180228 133000;6931.5;6932.75;6931.5;6932.5;74
20180228 133100;6933;6937;6932.25;6936.75;165
20180228 133200;6936.25;6939;6935.25;6936.25;369
20180228 133300;6936.75;6937.5;6935.75;6937.25;139
20180228 133400;6937.5;6939.75;6937.25;6939.5;210
20180228 133500;6939.5;6940.5;6939;6940.25;250
20180228 133600;6940.25;6945.5;6939.5;6943.75;1075
20180228 133700;6943.75;6943.75;6941.75;6943;203
20180228 133800;6943;6944;6940.75;6941.25;248
20180228 133900;6941;6943;6941;6941.5;155
20180228 134000;6941.5;6943;6941;6941.5;168
20180228 134100;6941.25;6941.5;6939.5;6939.5;161
20180228 134200;6939.75;6941;6939.5;6940.75;104
20180228 134300;6941;6941;6939.25;6940.75;155
20180228 134400;6940.5;6940.5;6939.25;6939.25;56
20180228 134500;6939;6940;6938.75;6939.25;179
20180228 134600;6939.25;6939.25;6937.75;6938;172
20180228 134700;6938.25;6938.25;6937.5;6938.25;75
20180228 134800;6938.75;6942;6938.25;6941.75;262
20180228 134900;6941.75;6943.25;6938.5;6938.75;289
20180228 135000;6938.5;6940;6937.5;6939.75;200
20180228 135100;6939.75;6941.5;6939.5;6941;62
20180228 135200;6941.5;6943.25;6940.75;6942;167
20180228 135300;6942;6942;6940.5;6941.25;104
20180228 135400;6941.5;6942.25;6938;6940;172
20180228 135500;6940;6940.25;6939.5;6939.75;127
20180228 135600;6939.75;6940.5;6938.75;6939.75;119
20180228 135700;6939.75;6940.25;6938;6940;117
20180228 135800;6940.25;6942.25;6940.25;6941.25;181
20180228 135900;6941.25;6941.75;6939.75;6940.5;118
20180228 140000;6940.5;6940.5;6938.75;6939.25;73
20180228 140100;6939.25;6941.5;6939.25;6941.25;149
20180228 140200;6941.25;6944;6941.25;6943.25;230
20180228 140300;6943.25;6943.75;6942.75;6943.75;101
20180228 140400;6943.5;6946.25;6943.25;6944.5;475
20180228 140500;6944.5;6945.75;6944.5;6945.25;201
20180228 140600;6945.25;6945.75;6944.5;6945.25;273
20180228 140700;6945.25;6946;6944.5;6944.5;123
20180228 140800;6944.25;6944.25;6943.5;6943.75;101
20180228 140900;6943.75;6945.5;6943.75;6944;228
20180228 141000;6944;6944;6942.25;6942.5;94
20180228 141100;6942.75;6943.75;6942.75;6943;60
20180228 141200;6943.25;6944.75;6943.25;6944.75;40
20180228 141300;6944.75;6945;6944.5;6944.5;49
20180228 141400;6944.25;6946.5;6944.25;6946;176
20180228 141500;6945.75;6946;6943.75;6944.75;166
20180228 141600;6944.5;6944.5;6943.25;6944;133
20180228 141700;6944;6944.25;6942.5;6942.75;76
20180228 141800;6942.75;6942.75;6941.5;6942.75;171
20180228 141900;6942.75;6944;6941.75;6943.5;195
20180228 142000;6943.5;6944.25;6942.5;6943.25;137
20180228 142100;6943.25;6944;6942.75;6942.75;162
20180228 142200;6943;6944.5;6943;6944.25;65
20180228 142300;6944.5;6947.25;6944.5;6947.25;243
20180228 142400;6947;6947.25;6945.75;6947;127
20180228 142500;6946.75;6947.75;6946.75;6947.25;173
20180228 142600;6947.5;6947.75;6946.75;6947.25;152
20180228 142700;6947;6947.25;6946;6947;88
20180228 142800;6946.75;6947.75;6946;6946.25;204
20180228 142900;6946;6947.25;6943.25;6947.25;472
20180228 143000;6947;6947.75;6944;6945.25;497
20180228 143100;6945.25;6950;6945.25;6948;2421
20180228 143200;6948;6950.75;6945.25;6946.75;2082
20180228 143300;6946.5;6948.5;6941;6941.75;1608
20180228 143400;6942;6944.5;6940;6942;1376
20180228 143500;6942;6943;6939;6940;1130
20180228 143600;6940;6941;6932;6932.5;1989
20180228 143700;6932.75;6933.75;6931.25;6932.75;1302
20180228 143800;6932.75;6933.5;6931;6932;1091
20180228 143900;6931.75;6936.25;6931;6936;1178
20180228 144000;6936;6936.5;6933.5;6935.75;878
20180228 144100;6935.5;6936.75;6931.25;6931.5;680
20180228 144200;6931.25;6934.75;6929.25;6934;911
20180228 144300;6934;6934;6928;6929.75;633
20180228 144400;6929.75;6932.75;6929;6930.75;917
20180228 144500;6931;6933.75;6929.5;6933.25;613
20180228 144600;6933;6934;6927.5;6930.25;1266
20180228 144700;6930;6931.75;6926.5;6929.25;1235
20180228 144800;6929.25;6935.5;6928.25;6935.5;1584
20180228 144900;6935.25;6940.5;6935;6939;1767
20180228 145000;6939.25;6940.75;6937.5;6940.25;1449
20180228 145100;6940.25;6941.25;6938;6939;1211
20180228 145200;6939;6939.5;6935.75;6937.5;1218
20180228 145300;6937.75;6946;6937.75;6945.75;1922
20180228 145400;6945.75;6949.5;6944.25;6949.25;1627
20180228 145500;6949.25;6952.5;6947.75;6950.5;1426
20180228 145600;6950.25;6950.25;6947.5;6948.5;881
20180228 145700;6948.25;6952.25;6947.75;6949.5;671
20180228 145800;6949.5;6955.25;6948.5;6954.75;1376
20180228 145900;6954.75;6957.25;6953.25;6955.5;1234
20180228 150000;6955.5;6958;6954.75;6958;809
20180228 150100;6958;6959.25;6955.75;6956;1382
20180228 150200;6956.5;6960.75;6955.75;6957.5;1468
20180228 150300;6957.5;6958.25;6953.25;6954.75;1180
20180228 150400;6954.75;6956;6952.5;6955;864
20180228 150500;6955;6957.25;6953.75;6956.5;651
20180228 150600;6956.5;6956.5;6952.75;6954;946
20180228 150700;6954;6954.25;6951.25;6951.75;1018
20180228 150800;6951.75;6954;6950;6950.25;978
20180228 150900;6950.5;6953.75;6950;6952.5;925
20180228 151000;6953;6953;6949.75;6950.5;456
20180228 151100;6950;6950.25;6945.25;6946.75;1571
20180228 151200;6947;6950.25;6946.75;6949.75;646
20180228 151300;6949.5;6951.5;6948.5;6951.25;878
20180228 151400;6951;6952.5;6949;6951.25;843
20180228 151500;6952;6953.5;6950.5;6951.75;825
20180228 151600;6952;6953.5;6950;6953;513
20180228 151700;6953;6958;6952;6958;1192
20180228 151800;6958.25;6959.5;6956.75;6958;744
20180228 151900;6957.75;6958.75;6956.25;6957.5;562
20180228 152000;6957.5;6963.5;6957.25;6961.75;1544
20180228 152100;6961.75;6963.25;6961.25;6962.25;810
20180228 152200;6962.25;6962.5;6958.75;6959;807
20180228 152300;6958.75;6959.5;6957.25;6957.75;707
20180228 152400;6958;6958.5;6956;6957.25;525
20180228 152500;6957;6958.75;6957;6958.5;246
20180228 152600;6958.25;6959;6954.75;6955.75;626
20180228 152700;6955.5;6955.5;6950.75;6951.25;882
20180228 152800;6951.5;6951.75;6948.75;6949.5;560
20180228 152900;6949.25;6954.75;6948.75;6954.75;667
20180228 153000;6954.75;6956.5;6953.25;6955.25;625
20180228 153100;6955.25;6956.75;6952.5;6952.75;598
20180228 153200;6952.75;6953;6947.25;6947.75;1270
20180228 153300;6947.75;6951;6946.75;6951;1016
20180228 153400;6950.5;6954.75;6950.5;6953.75;664
20180228 153500;6954;6957.25;6953.75;6956.75;737
20180228 153600;6956.5;6959.5;6955.25;6959.25;781
20180228 153700;6959.25;6959.75;6957;6959.5;486
20180228 153800;6959.5;6960;6957;6957.75;520
20180228 153900;6957.5;6959;6955.5;6958.5;395
20180228 154000;6958.75;6960;6957;6957.25;464
20180228 154100;6957.5;6959.5;6953.5;6953.75;1014
20180228 154200;6954.25;6955;6950;6951.5;1097
20180228 154300;6951.75;6952.5;6948.25;6949.25;1009
20180228 154400;6949;6950.75;6945.25;6946.25;918
20180228 154500;6946.5;6948;6943.75;6944.75;1393
20180228 154600;6945;6946.75;6944;6944.75;1111
20180228 154700;6944.75;6946;6938.25;6940.5;1343
20180228 154800;6940.5;6942.25;6936.75;6937.25;1351
20180228 154900;6937.25;6939.75;6936.25;6938.25;929
20180228 155000;6938.5;6941.25;6937;6938;807
20180228 155100;6937.75;6941.5;6935;6935.25;1481
20180228 155200;6935;6936.25;6932;6932.5;1214
20180228 155300;6932.5;6935.25;6932.25;6932.5;858
20180228 155400;6932;6933.75;6928;6928;1125
20180228 155500;6928.25;6931.5;6928;6929.25;927
20180228 155600;6929.25;6929.75;6920.5;6920.5;1994
20180228 155700;6920.5;6923.25;6915.25;6916.25;2721
20180228 155800;6916.5;6918.75;6912.75;6917.25;2202
20180228 155900;6917.25;6921.75;6916;6921.5;1431
20180228 160000;6921.25;6924.75;6920.25;6924.75;991
20180228 160100;6924.75;6925.25;6919.25;6922.25;1096
20180228 160200;6922.25;6926;6921.25;6922;1044
20180228 160300;6922;6923.5;6919;6923.25;1237
20180228 160400;6923.25;6925.25;6920.75;6922.75;1206
20180228 160500;6922.75;6926;6922.5;6922.5;934
20180228 160600;6923;6926.75;6922.75;6926;732
20180228 160700;6925.75;6927.5;6924.5;6927.25;656
20180228 160800;6927.5;6930.25;6927.25;6929.75;903
20180228 160900;6930;6930.25;6926.75;6928;736
20180228 161000;6927.75;6927.75;6917.5;6917.75;1666
20180228 161100;6917.5;6919.5;6914;6914.25;2038
20180228 161200;6914.25;6917.25;6913.25;6914.75;1420
20180228 161300;6914.75;6914.75;6906.25;6907.5;2733
20180228 161400;6907.75;6912.25;6906.5;6911.5;1537
20180228 161500;6911.5;6913.5;6910;6912.25;1112
20180228 161600;6912.5;6916.5;6910.75;6916.25;1091
20180228 161700;6916.25;6919.75;6916.25;6917.25;1349
20180228 161800;6917.75;6923.25;6915.5;6921.25;1209
20180228 161900;6921.25;6923;6916.5;6919.25;1151
20180228 162000;6919.5;6923;6919.25;6921.75;753
20180228 162100;6921.5;6924;6918.75;6922.25;1217
20180228 162200;6922;6926;6921;6925.5;989
20180228 162300;6925.25;6926.75;6922.75;6926.25;815
20180228 162400;6926.25;6927.5;6923.75;6924;575
20180228 162500;6924.25;6925.25;6917.25;6918;1559
20180228 162600;6918.25;6919;6913.75;6914;1488
20180228 162700;6914.25;6922.25;6912.75;6921.25;1302
20180228 162800;6921.25;6927.75;6920.75;6927.5;1130
20180228 162900;6927.75;6932;6926.75;6929.5;1365
20180228 163000;6929.5;6929.75;6926.5;6928.5;944
20180228 163100;6928;6931.25;6924.75;6924.75;911
20180228 163200;6925;6929.75;6924.5;6926.75;743
20180228 163300;6926.75;6927.75;6923;6924.5;895
20180228 163400;6924.5;6925.5;6915.75;6917.25;1543
20180228 163500;6917.25;6920.75;6914;6914.5;1308
20180228 163600;6914.5;6918.5;6913.25;6916.25;1091
20180228 163700;6916.75;6922.5;6915.5;6921.5;1026
20180228 163800;6921.75;6924;6918.75;6922.25;884
20180228 163900;6922.25;6925.25;6915;6915;1556
20180228 164000;6915.25;6916;6908;6909;1570
20180228 164100;6908.5;6909;6903;6906.75;1670
20180228 164200;6906.75;6911;6904.5;6909.75;1324
20180228 164300;6910;6912.25;6902;6902.25;1254
20180228 164400;6902.5;6910.5;6902.5;6906.75;1310
20180228 164500;6906.75;6912.75;6906.75;6909.75;877
20180228 164600;6909.75;6911.5;6904.25;6909.5;933
20180228 164700;6909.5;6910.75;6902.5;6903.75;1051
20180228 164800;6903.75;6905;6895.25;6898.5;2311
20180228 164900;6898.25;6898.5;6893;6896.75;1949
20180228 165000;6897.25;6905.25;6897.25;6903;1587
20180228 165100;6903.5;6909;6903.5;6908;1318
20180228 165200;6908.25;6908.25;6904.25;6904.75;791
20180228 165300;6904.5;6906.5;6902;6902.5;947
20180228 165400;6902.5;6904.75;6901.25;6904;809
20180228 165500;6904;6909.25;6904;6908;931
20180228 165600;6908;6911.75;6906.25;6911.5;965
20180228 165700;6911.75;6914;6911;6912.75;1318
20180228 165800;6913.25;6915.75;6912.25;6913.25;978
20180228 165900;6913.25;6915;6911.25;6914;601
20180228 170000;6914.25;6918.25;6913.5;6918.25;770
20180228 170100;6918;6919.5;6915.5;6917;1050
20180228 170200;6917.25;6922;6916.5;6921.25;658
20180228 170300;6921;6923;6919.25;6920.5;960
20180228 170400;6920.25;6921;6916.25;6916.75;687
20180228 170500;6917;6918.5;6915.5;6915.5;541
20180228 170600;6915.5;6916.25;6913;6916.25;735
20180228 170700;6916;6918;6914.5;6917.75;569
20180228 170800;6917.5;6920.25;6916.75;6919;509
20180228 170900;6919;6923.25;6918.25;6923;603
20180228 171000;6923;6924.5;6921.25;6923.25;860
20180228 171100;6923.25;6923.5;6920.25;6920.5;468
20180228 171200;6920.25;6922.5;6918.5;6920.25;508
20180228 171300;6919.75;6922.5;6919.75;6921;427
20180228 171400;6921;6921.75;6918.5;6919;546
20180228 171500;6919.25;6919.25;6915.75;6918.5;530
20180228 171600;6918.5;6921.5;6918.5;6918.5;462
20180228 171700;6918.75;6921.75;6918.25;6920.25;468
20180228 171800;6920.5;6920.5;6915.5;6916.25;556
20180228 171900;6916;6920.25;6915;6918.5;611
20180228 172000;6918.25;6918.75;6913.5;6915.25;634
20180228 172100;6915;6915;6911.25;6912.75;626
20180228 172200;6912.75;6917;6912.75;6915;544
20180228 172300;6914.5;6915.25;6909.5;6911.25;781
20180228 172400;6911.25;6912.25;6908.5;6912;888
20180228 172500;6911.75;6914.5;6908.75;6914.5;546
20180228 172600;6914.25;6919.25;6913.75;6918.5;828
20180228 172700;6918.25;6920;6916.5;6919.75;584
20180228 172800;6919.25;6920.25;6915.75;6916.25;613
20180228 172900;6916;6919.25;6913.5;6917.25;853
20180228 173000;6917.25;6919.25;6913;6914;607
20180228 173100;6913.75;6914;6909.75;6910.75;796
20180228 173200;6911;6912.5;6908;6910.75;705
20180228 173300;6910.5;6914.25;6909.25;6913.5;542
20180228 173400;6913.25;6917.25;6912;6916.25;585
20180228 173500;6916.25;6918.75;6915.5;6916.75;446
20180228 173600;6916.75;6917;6914.75;6915.5;556
20180228 173700;6915.75;6919.5;6912.25;6919.25;840
20180228 173800;6919;6921.75;6918;6920.5;645
20180228 173900;6920.5;6923.75;6920.25;6923.25;554
20180228 174000;6923;6926.75;6922.25;6925.5;822
20180228 174100;6925.5;6926;6921.25;6922;676
20180228 174200;6922.25;6926.5;6922;6926.5;469
20180228 174300;6926.25;6926.5;6923.25;6924;264
20180228 174400;6924.25;6929;6924.25;6927.75;763
20180228 174500;6927.75;6928;6926;6926.5;382
20180228 174600;6926.75;6929;6925.5;6926.75;727
20180228 174700;6926.5;6932;6926;6931.75;976
20180228 174800;6931.75;6936.75;6929.25;6936.5;1191
20180228 174900;6936;6940.25;6935.75;6938.75;1608
20180228 175000;6938.75;6944;6938.5;6943;1434
20180228 175100;6942.75;6943;6939;6941.75;1022
20180228 175200;6941.5;6942.75;6938.75;6939.5;667
20180228 175300;6939.25;6940;6938.5;6938.5;339
20180228 175400;6938.5;6941;6937.25;6939;970
20180228 175500;6939.25;6942.75;6939;6942.5;638
20180228 175600;6942.5;6945.5;6942.5;6944.25;1035
20180228 175700;6944;6946.25;6942;6943.25;885
20180228 175800;6943.25;6943.75;6942;6943.25;481
20180228 175900;6943;6945.25;6942.75;6943.25;657
20180228 180000;6943.25;6943.75;6940.25;6941.25;668
20180228 180100;6941.25;6941.5;6938.5;6940.75;789
20180228 180200;6940.5;6942.25;6940.25;6941.75;320
20180228 180300;6941.75;6942.5;6939.25;6939.5;299
20180228 180400;6939.5;6939.75;6937;6938;717
20180228 180500;6938;6938.25;6936.25;6937;444
20180228 180600;6937;6938.5;6934.75;6937;600
20180228 180700;6937;6942.75;6937;6942.5;800
20180228 180800;6942.25;6942.75;6940;6941.5;405
20180228 180900;6941.5;6942.5;6940.25;6941;249
20180228 181000;6940.75;6942.75;6940.25;6941.5;175
20180228 181100;6941.75;6943;6940.5;6940.75;234
20180228 181200;6941;6947.5;6939;6946;1444
20180228 181300;6945.75;6946;6941.75;6942.75;732
20180228 181400;6942.5;6944.5;6941.25;6943.75;381
20180228 181500;6943.75;6943.75;6938;6938.5;599
20180228 181600;6938.25;6940.75;6938;6939;311
20180228 181700;6939.25;6940.5;6936.5;6937.25;679
20180228 181800;6937.25;6939.75;6935.5;6936.75;510
20180228 181900;6936.75;6940.75;6936.75;6939.75;330
20180228 182000;6939.5;6943.75;6938.25;6943;517
20180228 182100;6943;6943.5;6939;6940.25;380
20180228 182200;6940.5;6944.5;6940.25;6944;403
20180228 182300;6943.5;6945.75;6942;6944.5;490
20180228 182400;6944.25;6945.75;6942;6944.25;371
20180228 182500;6944.5;6948.75;6944;6948.25;734
20180228 182600;6948.25;6950.25;6945.75;6950;669
20180228 182700;6949.75;6950;6946.75;6947.5;362
20180228 182800;6947.5;6947.5;6944.5;6944.5;395
20180228 182900;6945;6945.75;6942.25;6943.75;636
20180228 183000;6944;6951.5;6942.5;6948.5;1240
20180228 183100;6948.75;6951.75;6948;6950.5;464
20180228 183200;6950.5;6950.75;6947;6948.5;398
20180228 183300;6948.25;6949.25;6944.25;6945.5;621
20180228 183400;6945.5;6951.5;6945.5;6950.5;707
20180228 183500;6951;6951;6946.75;6950.5;360
20180228 183600;6950.75;6951.5;6948.5;6949.25;524
20180228 183700;6949.25;6951;6946.75;6947;663
20180228 183800;6947;6953;6947;6952.25;837
20180228 183900;6952.5;6953.5;6949.75;6950.25;522
20180228 184000;6950.5;6951.5;6949;6950.5;283
20180228 184100;6950.5;6952;6949;6950;427
20180228 184200;6950;6953.5;6950;6953.25;458
20180228 184300;6953;6954;6951.75;6953.5;271
20180228 184400;6954;6955.25;6953;6953.75;488
20180228 184500;6953.75;6953.75;6949.75;6950.5;353
20180228 184600;6950.75;6954.5;6950.75;6952.25;273
20180228 184700;6952.5;6954.25;6951.5;6952.5;295
20180228 184800;6952.25;6952.5;6948.75;6949;402
20180228 184900;6949;6949.5;6945;6945.25;721
20180228 185000;6945.25;6947.25;6944.25;6945.75;577
20180228 185100;6945.5;6945.5;6940.25;6941.75;843
20180228 185200;6942;6944.75;6941.5;6944;632
20180228 185300;6944;6946;6943.5;6945;386
20180228 185400;6945.25;6951.5;6945;6949.5;959
20180228 185500;6949.25;6953.5;6948.75;6952.25;991
20180228 185600;6952.25;6957.25;6951.5;6955.75;864
20180228 185700;6955.75;6958.25;6955.25;6956.5;641
20180228 185800;6956.75;6960.25;6956;6960.25;869
20180228 185900;6960.25;6961.25;6958.75;6960.25;595
20180228 190000;6960.25;6962.5;6959.25;6962;591
20180228 190100;6961.75;6968.75;6961;6967.75;1939
20180228 190200;6967.75;6970.5;6966;6967.5;1469
20180228 190300;6967.25;6969.5;6965.75;6967;601
20180228 190400;6966.5;6967.75;6965.5;6965.5;380
20180228 190500;6965.5;6966.5;6962.75;6964.25;613
20180228 190600;6964.5;6966.75;6961.75;6963.25;714
20180228 190700;6963.25;6964.25;6962.25;6964;452
20180228 190800;6963.75;6964.5;6963;6964.25;212
20180228 190900;6964.25;6964.25;6960.75;6962.75;406
20180228 191000;6962.25;6964;6961.5;6963;304
20180228 191100;6963;6966.25;6961;6964.25;724
20180228 191200;6964.5;6965.75;6961;6962.25;451
20180228 191300;6962.25;6962.5;6957.75;6958.5;616
20180228 191400;6958.75;6961.75;6958.25;6959.25;358
20180228 191500;6959.25;6961.25;6958.25;6959.5;403
20180228 191600;6959.5;6964;6959.5;6963.25;383
20180228 191700;6963.25;6964;6959.75;6961.75;323
20180228 191800;6962.25;6963.25;6959.75;6962.25;280
20180228 191900;6962.25;6963.75;6961.25;6962.75;336
20180228 192000;6962.75;6963.5;6960.75;6963.5;394
20180228 192100;6963.5;6964.75;6961.75;6963.75;471
20180228 192200;6963.75;6964.5;6961.25;6962.5;245
20180228 192300;6962.25;6964.75;6961.75;6962.75;398
20180228 192400;6962.75;6963.75;6961.5;6961.75;279
20180228 192500;6961.5;6964.25;6960.75;6962.25;350
20180228 192600;6962.25;6962.75;6960.25;6960.5;265
20180228 192700;6960.5;6964.5;6959.25;6963.75;731
20180228 192800;6964;6964.75;6962.25;6962.75;528
20180228 192900;6963.25;6963.25;6959.75;6962.25;494
20180228 193000;6962.75;6962.75;6957.5;6958;527
20180228 193100;6958;6958.5;6953.5;6956.75;1386
20180228 193200;6956.75;6957.25;6952;6952.25;1035
20180228 193300;6952.5;6955.75;6952.25;6952.5;476
20180228 193400;6952.75;6953.5;6951.5;6953.5;492
20180228 193500;6953.75;6954;6945.5;6948.5;1258
20180228 193600;6948;6950.75;6946;6949.25;700
20180228 193700;6949.5;6952.5;6949.25;6951.75;393
20180228 193800;6952.25;6954;6952;6952.5;506
20180228 193900;6952.25;6952.5;6945.5;6946.5;682
20180228 194000;6947;6948.5;6941.5;6943.75;950
20180228 194100;6943.5;6945;6941;6944.5;694
20180228 194200;6944.5;6946;6942;6944.75;441
20180228 194300;6944.5;6947.25;6941.5;6941.5;562
20180228 194400;6941.5;6944.5;6938.5;6944.5;781
20180228 194500;6944.25;6945;6935.25;6936.5;926
20180228 194600;6936.25;6937;6932;6932.75;1350
20180228 194700;6932.75;6938.25;6932.25;6938;650
20180228 194800;6938.25;6939.5;6935.75;6937.25;779
20180228 194900;6937;6937.25;6930.75;6932.5;879
20180228 195000;6932.75;6936;6931.5;6934.75;714
20180228 195100;6934.75;6934.75;6927;6927.75;1038
20180228 195200;6927.5;6930.5;6925.25;6927.25;1220
20180228 195300;6927.5;6929.5;6924;6926.25;1157
20180228 195400;6926.25;6929.75;6926;6926.25;695
20180228 195500;6926.25;6932;6924.75;6931.25;981
20180228 195600;6931;6933;6930;6930.25;755
20180228 195700;6930.25;6930.75;6924.75;6926.5;797
20180228 195800;6926.5;6928;6923.25;6926.75;820
20180228 195900;6926.5;6926.5;6921.75;6923.5;878
20180228 200000;6923.25;6923.25;6918;6922;1172
20180228 200100;6922;6926.75;6921.5;6924.25;1032
20180228 200200;6924.25;6925.75;6921.25;6921.75;825
20180228 200300;6921.5;6921.5;6913;6914.5;1442
20180228 200400;6914.5;6917.5;6908.5;6909.5;2253
20180228 200500;6909.75;6911.5;6904.25;6911.25;2793
20180228 200600;6911.5;6913;6908.75;6912.5;2157
20180228 200700;6912.25;6914.25;6908.5;6910.25;901
20180228 200800;6910;6910.25;6903.5;6907.5;1823
20180228 200900;6907.75;6913.5;6906.5;6912.5;983
20180228 201000;6912.5;6914.25;6910.25;6913.25;860
20180228 201100;6913.75;6917.75;6912.5;6913.5;1450
20180228 201200;6913.75;6914.5;6906;6907;1201
20180228 201300;6907.25;6910.25;6905.75;6906.25;902
20180228 201400;6906;6908.75;6904.5;6908;938
20180228 201500;6908;6915.5;6907.25;6914.5;930
20180228 201600;6914;6915;6906.25;6907.75;1323
20180228 201700;6907.5;6911.5;6904;6907.75;1063
20180228 201800;6908;6910.25;6904;6908.75;1374
20180228 201900;6909.25;6913.5;6909;6912.5;852
20180228 202000;6912.5;6913.5;6907.75;6909.5;750
20180228 202100;6909.25;6909.5;6903.75;6907.25;1273
20180228 202200;6907.25;6911;6904.5;6905.25;992
20180228 202300;6905;6907.5;6901.75;6905.5;1583
20180228 202400;6905.75;6906.25;6900;6901.5;1660
20180228 202500;6902.25;6905;6897;6904;1832
20180228 202600;6904;6905.5;6895;6898.25;1654
20180228 202700;6898.25;6903.5;6898.25;6901.5;1427
20180228 202800;6901.5;6904.5;6899.25;6901.75;825
20180228 202900;6902;6909.25;6901.75;6907.75;1329
20180228 203000;6908;6911.25;6906.75;6909;1278
20180228 203100;6909.25;6912;6906.5;6906.5;931
20180228 203200;6906.75;6911.75;6904.25;6906.75;1102
20180228 203300;6907.25;6912;6904.5;6904.5;712
20180228 203400;6904.75;6908.25;6899;6899.25;1521
20180228 203500;6899.5;6904.25;6898.5;6899.75;808
20180228 203600;6900;6901.75;6896;6898.25;1054
20180228 203700;6898.25;6909;6898.25;6908.5;1128
20180228 203800;6908.25;6908.75;6902.75;6905.75;686
20180228 203900;6906;6910.25;6905.75;6909.75;678
20180228 204000;6910;6915.5;6907.5;6915.25;1549
20180228 204100;6915.5;6916;6911;6911.75;1642
20180228 204200;6911.75;6914.75;6910.25;6911.5;992
20180228 204300;6911.75;6912.5;6904;6905;1007
20180228 204400;6904.75;6907.25;6902;6906.25;870
20180228 204500;6906.25;6907.25;6903.5;6905;581
20180228 204600;6904.75;6904.75;6874;6884;5393
20180228 204700;6883.75;6888.5;6881.75;6885.5;3047
20180228 204800;6884.75;6890;6882.5;6890;1530
20180228 204900;6889.25;6892.5;6881;6882.25;1674
20180228 205000;6882.25;6883;6878.75;6880.75;1737
20180228 205100;6881.25;6881.5;6866.5;6872.75;3422
20180228 205200;6873;6874.75;6865.5;6874.5;1312
20180228 205300;6874.5;6875;6865.75;6869.75;1206
20180228 205400;6869.5;6871.75;6865.75;6867.75;1353
20180228 205500;6867.75;6871.5;6865.75;6865.75;1376
20180228 205600;6866;6878.25;6865.75;6878.25;1791
20180228 205700;6878;6878.75;6870;6875.75;1480
20180228 205800;6875.75;6876.5;6870.25;6871.75;1113
20180228 205900;6871.75;6873.5;6867.25;6869.5;2339
20180228 210000;6869.5;6874;6860;6860.5;6437
20180228 210100;6860.75;6868.5;6859.25;6862;4750
20180228 210200;6862.25;6865;6860.5;6862.75;1913
20180228 210300;6862.75;6864.25;6858.25;6859.75;2297
20180228 210400;6860.25;6863.5;6857.75;6862.75;1044
20180228 210500;6863.25;6865.75;6862.75;6865.75;1085
20180228 210600;6865.5;6866.75;6863;6865.5;1250
20180228 210700;6865.5;6866.5;6863.75;6864.75;469
20180228 210800;6864.5;6867;6863.75;6865;558
20180228 210900;6865.25;6869;6864.5;6869;389
20180228 211000;6869;6872.75;6869;6871.5;674
20180228 211100;6871;6875.25;6870;6875.25;931
20180228 211200;6875.25;6879.25;6875.25;6879;761
20180228 211300;6878.75;6880.5;6877;6880;752
20180228 211400;6879.75;6883.75;6879.5;6883.25;460
20180228 211500;6883.5;6883.5;6877.5;6881;1294
20180228 213100;6880;6880.5;6874.75;6875.75;257
20180228 213200;6876.5;6877.5;6875.25;6875.25;82
20180228 213300;6875.25;6875.25;6873.75;6873.75;140
20180228 213400;6873.75;6874.25;6872.75;6873.25;124
20180228 213500;6873;6873;6869.25;6870;255
20180228 213600;6870;6873.5;6870;6873.25;74
20180228 213700;6873.25;6873.75;6872.5;6873.5;35
20180228 213800;6873.5;6873.5;6871.75;6872;50
20180228 213900;6872.25;6873.75;6872.25;6872.25;45
20180228 214000;6873;6874.25;6872.5;6873.5;48
20180228 214100;6874;6874.5;6873.25;6873.75;48
20180228 214200;6873.75;6875;6873.5;6874.25;34
20180228 214300;6874.25;6876.5;6874.25;6876.5;56
20180228 214400;6876.75;6878.5;6876.75;6878.5;45
20180228 214500;6878.5;6878.5;6876.5;6878;57
20180228 214600;6878;6880;6877.5;6879.75;73
20180228 214700;6880;6880;6879.75;6880;11
20180228 214800;6880;6882;6879.75;6882;86
20180228 214900;6882;6882.75;6881.5;6882;45
20180228 215000;6882.5;6882.5;6881.75;6882.25;13
20180228 215100;6882;6882.5;6881.5;6882;32
20180228 215200;6882;6882.25;6880.5;6880.5;30
20180228 215300;6880.25;6880.5;6879.25;6879.25;22
20180228 215400;6879.25;6879.25;6876;6876;27
20180228 215500;6875.75;6876.75;6873.5;6874;56
20180228 215600;6874.25;6876.75;6873.75;6876.75;22
20180228 215700;6876.25;6876.5;6875.5;6875.5;22
20180228 215800;6876.25;6877.75;6876.25;6877;18
20180228 215900;6876.75;6880;6876.25;6880;63
20180228 220000;6880.25;6882;6879.5;6879.5;65
20180228 230100;6879.5;6882.5;6878.5;6879.75;295
20180228 230200;6878.75;6882.25;6878.25;6882.25;125
20180228 230300;6882;6884.5;6880;6883.25;141
20180228 230400;6883.25;6884.25;6881.75;6881.75;132
20180228 230500;6882.75;6883.5;6881.25;6882;85
20180228 230600;6882.5;6882.75;6881.5;6882;30
20180228 230700;6882.25;6883.75;6881.75;6883.5;37
20180228 230800;6882.75;6883;6882.5;6882.5;9
20180228 230900;6882.5;6883;6881.75;6882;27
20180228 231000;6881.75;6881.75;6880.25;6880.5;29
20180228 231100;6880.25;6880.25;6878;6878.75;65
20180228 231200;6878.75;6879.25;6875.75;6876.5;105
20180228 231300;6876.5;6878.75;6876.25;6878.5;31
20180228 231400;6878.5;6879.75;6876.75;6877;70
20180228 231500;6876.75;6876.75;6872.75;6872.75;144
20180228 231600;6872.5;6875;6872;6874.5;84
20180228 231700;6873.75;6876.5;6873.75;6876.25;50
20180228 231800;6877.25;6877.25;6876.25;6876.75;24
20180228 231900;6876;6876.5;6875.25;6875.5;38
20180228 232000;6875;6875.25;6873.5;6873.75;50
20180228 232100;6874;6874.25;6873;6874;40
20180228 232200;6874;6874;6872;6872;40
20180228 232300;6871.75;6872.75;6870.5;6872.25;75
20180228 232400;6872.25;6874.75;6871.75;6874.25;35
20180228 232500;6874;6875.75;6874;6875.75;16
20180228 232600;6875.5;6875.5;6873;6873;26
20180228 232700;6873.25;6874.25;6873.25;6873.75;16
20180228 232800;6873.5;6873.5;6871.5;6871.5;28
20180228 232900;6871.25;6872.5;6871;6872;21
20180228 233000;6872.25;6872.5;6871.75;6872.5;19
20180228 233100;6872.5;6873.25;6872.25;6872.75;72
20180228 233200;6872.5;6872.75;6871.75;6872.5;38
20180228 233300;6872.25;6875.75;6872.25;6875.75;37
20180228 233400;6875.5;6876.5;6875.5;6875.75;34
20180228 233500;6876.25;6878.5;6876.25;6878.5;77
20180228 233600;6879;6881.5;6879;6879.75;111
20180228 233700;6879.5;6882.75;6878.25;6882.75;83
20180228 233800;6883;6883;6879.75;6880;74
20180228 233900;6880.25;6881.5;6880.25;6880.75;22
20180228 234000;6881;6881;6880;6881;20
20180228 234100;6881;6882;6881;6882;29
20180228 234200;6882.25;6883.5;6882;6883.25;65
20180228 234300;6883.25;6883.25;6881.75;6882.5;25
20180228 234400;6882.25;6882.25;6881.75;6882;17
20180228 234500;6882;6883;6882;6882.75;13
20180228 234600;6882.5;6886;6882.5;6886;90
20180228 234700;6886;6887;6885.25;6887;60
20180228 234800;6887.25;6887.5;6885;6885;75
20180228 234900;6884.75;6885.75;6884.5;6884.5;33
20180228 235000;6884.25;6886;6883.75;6884.75;101
20180228 235100;6884.25;6886.5;6883.75;6886.25;29
20180228 235200;6886;6886;6883.25;6885.25;81
20180228 235300;6885.5;6885.5;6883.5;6883.5;16
20180228 235400;6884;6884.5;6883.5;6884;11
20180228 235500;6883.75;6883.75;6883.75;6883.75;3
20180228 235600;6883.75;6883.75;6881;6882.25;61
20180228 235700;6881.75;6882;6881;6882;19
20180228 235800;6882.25;6882.25;6881.25;6881.75;27
20180228 235900;6881.75;6882.25;6881.75;6882;22
20180301 000000;6882;6882.75;6881.25;6882.25;59
20180301 000100;6882;6882.25;6879;6879.5;99
20180301 000200;6879.5;6879.5;6878.25;6878.5;68
20180301 000300;6878.75;6880;6878.25;6879.5;50
20180301 000400;6879.5;6881;6879.25;6879.5;37
20180301 000500;6879.5;6880;6878.5;6879.25;47
20180301 000600;6879.25;6881.5;6877.75;6881.5;81
20180301 000700;6881;6881.75;6878;6878;104
20180301 000800;6878;6878.75;6877.5;6877.5;87
20180301 000900;6878;6878;6876;6876.5;121
20180301 001000;6876.5;6878;6874.5;6877.5;136
20180301 001100;6877.5;6879.25;6877.5;6879;68
20180301 001200;6879.5;6880;6878.5;6879.25;90
20180301 001300;6879.75;6880;6878;6878.5;59
20180301 001400;6878;6878;6876.75;6877.5;62
20180301 001500;6877.25;6879;6877;6877.5;113
20180301 001600;6878;6878;6876.75;6877.25;31
20180301 001700;6876.75;6877.75;6876.5;6877.75;67
20180301 001800;6877.5;6878.5;6877.5;6877.75;67
20180301 001900;6877.5;6877.5;6876.5;6876.75;49
20180301 002000;6876.25;6877;6875.75;6875.75;45
20180301 002100;6875.5;6875.5;6873.5;6874.5;138
20180301 002200;6874.75;6875.75;6874.75;6875;82
20180301 002300;6875.5;6876.75;6875.5;6876.75;34
20180301 002400;6876.5;6876.5;6874;6875.5;113
20180301 002500;6875.5;6876;6874.75;6875.5;55
20180301 002600;6875.5;6875.5;6872.25;6872.5;210
20180301 002700;6872.5;6874.25;6872;6874.25;80
20180301 002800;6873.5;6875.25;6872.75;6874;128
20180301 002900;6874.25;6876.5;6874.25;6876.5;83
20180301 003000;6876.5;6877.75;6874.75;6877;83
20180301 003100;6877;6878.75;6876;6878.25;135
20180301 003200;6878.5;6878.5;6877.75;6878.25;42
20180301 003300;6877.75;6877.75;6877.25;6877.25;29
20180301 003400;6877.25;6879.5;6876.25;6879.25;91
20180301 003500;6879.25;6879.75;6878.75;6879.5;65
20180301 003600;6879.5;6881.75;6879;6879.25;186
20180301 003700;6879.25;6881;6879;6880.5;46
20180301 003800;6880.5;6881.25;6879.75;6880.25;79
20180301 003900;6880;6881.5;6879.25;6881.25;85
20180301 004000;6881.25;6884.75;6880.25;6881.5;280
20180301 004100;6881.5;6882;6880.5;6880.75;53
20180301 004200;6881;6881.5;6879.5;6880.5;85
20180301 004300;6880.25;6880.25;6878.5;6879.5;53
20180301 004400;6879.75;6879.75;6878.25;6878.75;37
20180301 004500;6878.75;6878.75;6876;6877;102
20180301 004600;6877.25;6878.25;6876.75;6878.25;92
20180301 004700;6878.5;6879.5;6878;6878.25;51
20180301 004800;6878;6878.25;6876.25;6878;63
20180301 004900;6877.75;6879.75;6877.75;6879.25;87
20180301 005000;6879.25;6879.5;6877.75;6879.25;117
20180301 005100;6879.25;6879.25;6878.25;6878.5;21
20180301 005200;6878.75;6879.75;6878.25;6879.5;35
20180301 005300;6880;6881;6878.75;6879;86
20180301 005400;6879;6879;6877.5;6878;58
20180301 005500;6878.25;6878.5;6876.75;6877;50
20180301 005600;6877.25;6877.75;6875.5;6877;109
20180301 005700;6877;6877.25;6876.5;6876.5;26
20180301 005800;6876.5;6876.75;6875.75;6876.5;33
20180301 005900;6876.5;6876.75;6875.75;6876;53
20180301 010000;6875.75;6877.25;6875.75;6876.5;53
20180301 010100;6876.5;6877.5;6876;6876;145
20180301 010200;6876.25;6877.25;6875.75;6876.5;65
20180301 010300;6876.25;6877;6875.75;6877;52
20180301 010400;6877;6878.25;6877;6877.75;109
20180301 010500;6877.75;6879;6877.5;6878.25;47
20180301 010600;6878;6878.25;6877.25;6877.75;23
20180301 010700;6877.75;6878.25;6877.25;6878;32
20180301 010800;6878;6878.5;6877.25;6877.75;54
20180301 010900;6877.5;6878.25;6877;6878.25;33
20180301 011000;6877.75;6878.25;6877.25;6877.25;30
20180301 011100;6877.25;6878.25;6876.75;6877;78
20180301 011200;6876.75;6877;6868.5;6868.75;302
20180301 011300;6869;6870.5;6868.75;6869.25;148
20180301 011400;6869;6869;6855;6856.75;1035
20180301 011500;6856.75;6859.75;6852;6852.5;420
20180301 011600;6852.5;6859.25;6852.5;6858.5;398
20180301 011700;6859;6861.75;6857.5;6859;249
20180301 011800;6859.25;6860;6849.75;6851.5;381
20180301 011900;6851.75;6852;6843;6846;862
20180301 012000;6845.75;6852.75;6845.75;6851.5;232
20180301 012100;6851.25;6852;6844.75;6845.25;284
20180301 012200;6845.25;6851;6845.25;6849.5;205
20180301 012300;6850.25;6853;6848.75;6848.75;157
20180301 012400;6848.75;6849;6845.25;6849;164
20180301 012500;6848.75;6851.25;6848;6849;143
20180301 012600;6849;6849.5;6845;6847.5;170
20180301 012700;6847.25;6848;6845.25;6845.75;38
20180301 012800;6845.5;6847.75;6843.25;6846.5;216
20180301 012900;6846.5;6851;6846.5;6847.5;175
20180301 013000;6848;6849.75;6845;6847.75;186
20180301 013100;6848;6853.25;6843;6845.75;632
20180301 013200;6845.75;6851.75;6843.5;6851.5;271
20180301 013300;6852;6853.5;6841;6844.5;556
20180301 013400;6845.25;6852;6845.25;6851.5;161
20180301 013500;6851.75;6856;6850.5;6853.75;238
20180301 013600;6854;6855.25;6852.25;6852.75;150
20180301 013700;6853;6854.75;6847.5;6848.5;341
20180301 013800;6847.75;6852;6847.75;6850.75;127
20180301 013900;6851.75;6853.75;6848.25;6848.5;86
20180301 014000;6849;6853.75;6849;6851.75;68
20180301 014100;6851.75;6853.75;6849.75;6851.5;109
20180301 014200;6851;6854.75;6850.5;6852.5;71
20180301 014300;6852.5;6855.25;6852;6855;85
20180301 014400;6855;6855.75;6853.5;6854.75;78
20180301 014500;6855;6857;6855;6857;174
20180301 014600;6856.75;6858.5;6855.75;6857.5;213
20180301 014700;6857.25;6858.5;6855;6857;203
20180301 014800;6856.5;6858.75;6856.5;6857.5;88
20180301 014900;6857.5;6859.5;6857;6859;62
20180301 015000;6859.25;6863.25;6859.25;6860.75;216
20180301 015100;6860.5;6863.25;6859.75;6862.75;126
20180301 015200;6863;6869.5;6862.75;6867.75;329
20180301 015300;6867.5;6869.25;6864.25;6867.25;168
20180301 015400;6868;6868.5;6866.5;6868.25;135
20180301 015500;6867.75;6870.5;6867.25;6867.75;235
20180301 015600;6867.5;6869.75;6866.5;6868.25;211
20180301 015700;6868.25;6868.25;6865.25;6866.25;183
20180301 015800;6866.25;6867.75;6865.25;6865.25;185
20180301 015900;6865.5;6866.25;6864;6866.25;119
20180301 020000;6865.75;6867;6864.75;6864.75;56
20180301 020100;6864.5;6864.75;6863.25;6863.75;67
20180301 020200;6864;6866;6864;6864.75;69
20180301 020300;6864.75;6864.75;6863.25;6863.75;44
20180301 020400;6863.75;6864.5;6863.5;6864;40
20180301 020500;6864;6865.25;6858.25;6861.5;310
20180301 020600;6861.75;6863;6861.25;6863;81
20180301 020700;6863.25;6863.5;6858.75;6859.5;95
20180301 020800;6859.5;6863.25;6859;6860;100
20180301 020900;6859.75;6863.25;6859.5;6863.25;65
20180301 021000;6863.5;6864;6861.5;6861.75;62
20180301 021100;6861.25;6863.75;6861.25;6862.75;65
20180301 021200;6862.75;6862.75;6859.75;6861;115
20180301 021300;6861;6861.75;6858.5;6858.5;145
20180301 021400;6858;6859.25;6857.25;6859;107
20180301 021500;6858.75;6861.75;6858.75;6859.75;171
20180301 021600;6859.25;6859.5;6858.25;6858.5;55
20180301 021700;6858;6859;6856.25;6857.5;80
20180301 021800;6857.25;6857.5;6856.5;6857.5;65
20180301 021900;6857.5;6858;6857;6857.75;28
20180301 022000;6857.25;6857.25;6852.75;6853.25;189
20180301 022100;6853.25;6856;6851;6852.5;161
20180301 022200;6852.5;6855;6852.5;6854.25;48
20180301 022300;6854.5;6854.75;6852;6853;92
20180301 022400;6852.5;6854.75;6850.25;6853.5;266
20180301 022500;6854;6854;6849.5;6850.75;220
20180301 022600;6850.25;6851.75;6850.25;6851;63
20180301 022700;6851.5;6853.25;6851.5;6852.25;56
20180301 022800;6852.5;6856;6852;6855.75;110
20180301 022900;6856.25;6857;6854.75;6856.75;80
20180301 023000;6857.25;6857.75;6856.5;6857.5;64
20180301 023100;6857.5;6859.75;6857.5;6859.75;87
20180301 023200;6860;6861.75;6858.25;6859.5;109
20180301 023300;6858.75;6859;6857;6857;58
20180301 023400;6857.25;6859;6857;6858.5;53
20180301 023500;6858.5;6861.25;6858.5;6860;57
20180301 023600;6860;6861;6858.5;6859;54
20180301 023700;6858.75;6859.75;6858.25;6859;25
20180301 023800;6859;6860.25;6858;6859.75;61
20180301 023900;6860;6862.25;6859;6860.75;73
20180301 024000;6861;6861.25;6859.25;6859.25;37
20180301 024100;6859.75;6860.25;6858.25;6858.75;26
20180301 024200;6858.25;6859.25;6858.25;6858.5;40
20180301 024300;6858.75;6860.25;6858.75;6860;31
20180301 024400;6860.25;6861.25;6859.25;6861.25;31
20180301 024500;6860.75;6864.75;6860.75;6864.5;187
20180301 024600;6864.5;6866;6863.25;6866;179
20180301 024700;6865.5;6867.25;6865.25;6866;101
20180301 024800;6866;6868;6864.75;6867.5;63
20180301 024900;6867;6867.75;6866.5;6866.75;112
20180301 025000;6866.5;6868.5;6866;6868.5;62
20180301 025100;6868.25;6868.75;6867;6867;74
20180301 025200;6867;6869.25;6867;6868.75;116
20180301 025300;6869;6869.5;6866.75;6867.25;79
20180301 025400;6867.75;6867.75;6864.5;6865.25;74
20180301 025500;6865.5;6868;6865;6867.5;106
20180301 025600;6867.25;6868.25;6864.5;6865.5;110
20180301 025700;6865.5;6865.5;6856.75;6860.25;253
20180301 025800;6860.75;6863;6859.75;6860;162
20180301 025900;6860;6861.75;6859;6861.75;95
20180301 030000;6862;6862.75;6860.5;6861;129
20180301 030100;6861.25;6861.5;6856.75;6858.25;196
20180301 030200;6857.75;6858.25;6856.25;6856.75;49
20180301 030300;6856.75;6858.75;6855.25;6858.5;75
20180301 030400;6858;6859.5;6854.75;6854.75;140
20180301 030500;6854.25;6857;6854.25;6856.75;69
20180301 030600;6856.5;6858.5;6856;6856.25;79
20180301 030700;6856;6857;6854.5;6856.5;53
20180301 030800;6856.75;6858.5;6856.5;6858;58
20180301 030900;6858.25;6858.5;6855.75;6857.75;101
20180301 031000;6857.75;6860;6857.75;6858.25;182
20180301 031100;6858.25;6859.5;6858;6858.5;57
20180301 031200;6858.75;6859.5;6857.75;6858;29
20180301 031300;6858.25;6858.5;6856.75;6857.25;59
20180301 031400;6857.5;6859;6857.25;6858.75;40
20180301 031500;6858.75;6859.5;6857.25;6858.5;112
20180301 031600;6858.25;6860.25;6857.75;6859.75;66
20180301 031700;6859.25;6860.25;6858.5;6859.75;57
20180301 031800;6860;6861.5;6859.25;6860.5;85
20180301 031900;6860.25;6861;6859.75;6861;24
20180301 032000;6860.75;6861.25;6859.5;6861.25;61
20180301 032100;6861.5;6862.75;6860.75;6861;112
20180301 032200;6861.25;6862;6860.75;6862;51
20180301 032300;6862;6862;6860.5;6862;94
20180301 032400;6861.5;6863.25;6861.5;6863.25;38
20180301 032500;6862.75;6863.75;6862.25;6862.75;41
20180301 032600;6862.5;6863.25;6862;6862.75;44
20180301 032700;6863.25;6863.25;6861;6861.75;32
20180301 032800;6862;6863.25;6862;6863.25;28
20180301 032900;6862.75;6864.75;6862.75;6864;66
20180301 033000;6863.75;6866.75;6863.75;6866.25;161
20180301 033100;6866.5;6869;6866;6868.75;205
20180301 033200;6868.5;6871;6868;6871;180
20180301 033300;6870.75;6872;6868.5;6868.5;158
20180301 033400;6868.75;6870;6868.75;6869.75;51
20180301 033500;6869.5;6872;6869.5;6871.25;72
20180301 033600;6871.5;6872;6870.25;6871;66
20180301 033700;6870.75;6871;6869.5;6869.5;41
20180301 033800;6869.25;6869.75;6868.75;6869;47
20180301 033900;6868.5;6869;6867.25;6868.5;75
20180301 034000;6868.75;6871.25;6868.75;6870;68
20180301 034100;6870;6871.25;6870;6870.75;29
20180301 034200;6870.5;6870.5;6870;6870.5;21
20180301 034300;6870;6870;6868;6868.25;14
20180301 034400;6868.5;6870.5;6868.25;6870;95
20180301 034500;6869.75;6870.25;6869.5;6870.25;6
20180301 034600;6870;6871;6869.25;6870.5;23
20180301 034700;6870.75;6871.25;6869.5;6869.5;44
20180301 034800;6869;6870.75;6869;6870.5;20
20180301 034900;6870;6870;6869;6870;22
20180301 035000;6870;6870;6869.25;6869.25;10
20180301 035100;6869.75;6870.5;6869.25;6870.5;19
20180301 035200;6870.25;6870.5;6869.5;6870;18
20180301 035300;6870;6870.75;6869.75;6870;11
20180301 035400;6870;6871.5;6870;6871.25;21
20180301 035500;6871.75;6872.75;6871.5;6872;68
20180301 035600;6872;6873;6871.75;6873;34
20180301 035700;6872.5;6873;6872.25;6872.5;17
20180301 035800;6872.5;6873.5;6872.5;6873.25;27
20180301 035900;6873.25;6873.5;6871.75;6872;24
20180301 040000;6872.5;6872.75;6870.75;6871.25;32
20180301 040100;6871.25;6872.5;6871;6871.75;72
20180301 040200;6871.75;6871.75;6871.5;6871.5;7
20180301 040300;6872.25;6872.5;6871.75;6872;12
20180301 040400;6871.5;6872.25;6871.5;6872;5
20180301 040500;6872;6872;6870.75;6871;16
20180301 040600;6871.25;6873;6871.25;6872.5;41
20180301 040700;6872.25;6872.25;6871.5;6872;35
20180301 040800;6871.75;6871.75;6868.25;6868.75;74
20180301 040900;6868.25;6868.75;6864.25;6864.5;175
20180301 041000;6864.75;6867;6864.75;6867;57
20180301 041100;6867;6867.75;6864.5;6865.5;75
20180301 041200;6865;6865.75;6864.25;6864.5;42
20180301 041300;6864.5;6864.5;6863;6864.5;34
20180301 041400;6864.25;6865.5;6863.25;6865.5;32
20180301 041500;6865;6868.5;6865;6867.5;66
20180301 041600;6867.5;6869.25;6867.5;6868.25;47
20180301 041700;6868.5;6869.75;6867.5;6869.75;34
20180301 041800;6869.75;6870;6869;6869;19
20180301 041900;6868.75;6870.75;6868.25;6869.75;29
20180301 042000;6870;6871;6870;6870.75;10
20180301 042100;6870.5;6871;6869.25;6869.5;22
20180301 042200;6870;6870.25;6868.25;6869.5;34
20180301 042300;6869.75;6870;6869.25;6870;15
20180301 042400;6870.25;6871;6870;6871;37
20180301 042500;6870.25;6870.5;6869.5;6870;41
20180301 042600;6869.75;6870.25;6869.75;6869.75;13
20180301 042700;6869.5;6869.5;6869;6869;9
20180301 042800;6869.25;6870.25;6869;6869;20
20180301 042900;6868.75;6868.75;6867.5;6868.25;31
20180301 043000;6868.25;6868.25;6867.5;6867.5;13
20180301 043100;6868;6868;6867.25;6867.75;23
20180301 043200;6867.75;6869.5;6867.75;6868.25;47
20180301 043300;6868.75;6869.25;6868.75;6869.25;6
20180301 043400;6869.25;6869.5;6868.5;6868.5;8
20180301 043500;6868.25;6868.5;6868;6868.25;7
20180301 043600;6867.5;6867.5;6866.25;6867;21
20180301 043700;6866.75;6867.5;6866.75;6867.5;13
20180301 043800;6867.5;6867.75;6867;6867.75;10
20180301 043900;6867.5;6868.5;6867.5;6867.75;15
20180301 044000;6867.75;6867.75;6867.25;6867.75;4
20180301 044100;6866.75;6866.75;6866.25;6866.25;8
20180301 044200;6866.25;6867;6866.25;6867;11
20180301 044300;6866;6866.75;6866;6866.75;5
20180301 044400;6866.25;6866.75;6864.5;6864.5;50
20180301 044500;6864.25;6864.5;6863.75;6864;36
20180301 044600;6864.25;6866;6864.25;6866;35
20180301 044700;6865.25;6866;6865.25;6865.75;13
20180301 044800;6865.75;6867.5;6865.75;6866;26
20180301 044900;6865.75;6867;6865.75;6866.5;15
20180301 045000;6866.5;6866.5;6865.75;6865.75;11
20180301 045100;6865.75;6865.75;6864.75;6865;25
20180301 045200;6865.25;6867.25;6865.25;6867.25;22
20180301 045300;6867.25;6867.25;6865.75;6866.75;33
20180301 045400;6866.75;6867.25;6866.75;6867.25;9
20180301 045500;6868.25;6868.75;6867;6868.75;46
20180301 045600;6868.75;6871;6868.75;6870.25;32
20180301 045700;6870;6870.5;6869;6869.5;27
20180301 045800;6869;6869.25;6868.5;6868.75;12
20180301 045900;6868;6868.75;6867.5;6868.75;30
20180301 050000;6868.5;6868.75;6867.25;6867.25;11
20180301 050100;6867.75;6869.75;6867.75;6868;40
20180301 050200;6867.75;6868.75;6867.5;6868.5;12
20180301 050300;6868;6868.25;6865.5;6865.5;27
20180301 050400;6866;6867.75;6866;6867.25;26
20180301 050500;6867;6867.25;6865.75;6866.25;29
20180301 050600;6866.25;6867.5;6865.75;6867.5;37
20180301 050700;6867;6867.5;6866.25;6866.5;17
20180301 050800;6866.75;6866.75;6866.25;6866.75;11
20180301 050900;6866.75;6867.5;6866.75;6867.5;6
20180301 051000;6866.5;6867;6865.75;6867;25
20180301 051100;6866.75;6866.75;6866;6866.5;10
20180301 051200;6866.5;6866.5;6865;6865.75;37
20180301 051300;6865.5;6865.5;6862.75;6863.5;72
20180301 051400;6863.5;6864;6862;6862.25;79
20180301 051500;6862;6862.25;6860.25;6861;63
20180301 051600;6860.5;6861.25;6859.75;6861.25;75
20180301 051700;6861.25;6861.75;6859.75;6859.75;51
20180301 051800;6860;6862;6859.75;6862;61
20180301 051900;6862;6862;6859.5;6860.5;72
20180301 052000;6861;6861.25;6860.25;6860.25;12
20180301 052100;6859.75;6861.5;6859.5;6860.5;97
20180301 052200;6860.25;6860.25;6859.5;6860.25;9
20180301 052300;6860.5;6860.5;6859.75;6859.75;21
20180301 052400;6859.75;6860.5;6857;6857.25;79
20180301 052500;6856.75;6857;6853.5;6854.5;115
20180301 052600;6855;6856;6853.5;6853.5;52
20180301 052700;6853.25;6855.25;6853;6854;82
20180301 052800;6854;6856.5;6854;6856.25;50
20180301 052900;6857;6857.5;6855.5;6855.75;36
20180301 053000;6856;6857;6856;6857;24
20180301 053100;6857;6857.25;6855.25;6855.75;33
20180301 053200;6856.25;6856.75;6856;6856.75;16
20180301 053300;6856.5;6856.5;6855.5;6855.75;28
20180301 053400;6855.5;6858.25;6855.5;6857.75;93
20180301 053500;6858;6858.25;6857.75;6858.25;44
20180301 053600;6858;6858.75;6856.75;6858.75;56
20180301 053700;6858.75;6859.25;6858;6858.75;49
20180301 053800;6858.5;6859;6858.5;6859;27
20180301 053900;6858.25;6858.5;6857.25;6858;18
20180301 054000;6857.75;6859.25;6857.75;6858.75;47
20180301 054100;6859;6859;6858.25;6858.25;22
20180301 054200;6858;6858;6854.75;6855.25;57
20180301 054300;6855.5;6856.25;6854.5;6854.5;53
20180301 054400;6854.75;6856;6854.5;6854.5;45
20180301 054500;6854.25;6854.25;6851.5;6853;100
20180301 054600;6853;6855.5;6852.5;6853.25;81
20180301 054700;6853.25;6854.75;6853.25;6854.75;24
20180301 054800;6854;6856;6854;6855;26
20180301 054900;6855.75;6856.75;6855.5;6855.5;24
20180301 055000;6855.5;6856;6855.25;6855.75;17
20180301 055100;6855.25;6856;6855.25;6855.75;21
20180301 055200;6856;6856.75;6855.5;6856.25;30
20180301 055300;6855.75;6856.5;6855.25;6856.5;17
20180301 055400;6856.75;6858.5;6856.75;6858;42
20180301 055500;6858.25;6859;6857.75;6858.5;37
20180301 055600;6858.5;6862.25;6858.5;6861.75;80
20180301 055700;6861.25;6862.25;6860.75;6861.25;61
20180301 055800;6861;6861.25;6860;6860;19
20180301 055900;6860;6861;6859.5;6860.25;50
20180301 060000;6861;6862.5;6861;6862.25;41
20180301 060100;6862.25;6863.75;6862.25;6863.5;57
20180301 060200;6863.25;6863.25;6860.75;6860.75;69
20180301 060300;6861;6862.25;6860.25;6860.25;38
20180301 060400;6860;6860.75;6858;6860.75;79
20180301 060500;6860.5;6861;6860;6860;17
20180301 060600;6860;6860.25;6858;6858.5;41
20180301 060700;6859;6859.75;6858.75;6859.75;23
20180301 060800;6859.5;6860.75;6858.75;6860.75;23
20180301 060900;6860.75;6860.75;6858.75;6859.5;38
20180301 061000;6860;6860.75;6860;6860.5;17
20180301 061100;6860.75;6862.5;6860.75;6862.5;21
20180301 061200;6862.25;6864.5;6862;6863.5;97
20180301 061300;6863.75;6869;6863.5;6867.5;126
20180301 061400;6867.75;6867.75;6861.5;6861.75;100
20180301 061500;6861.75;6863.5;6860.25;6860.5;93
20180301 061600;6859.75;6861;6859;6859.5;62
20180301 061700;6859.75;6861.5;6859.75;6861.5;27
20180301 061800;6861.5;6862.5;6861.25;6862.5;25
20180301 061900;6862.5;6862.5;6860.25;6860.25;23
20180301 062000;6860.25;6861.75;6860.25;6861.5;8
20180301 062100;6861.75;6862.75;6861.5;6861.5;24
20180301 062200;6861.25;6861.5;6860.75;6861.5;14
20180301 062300;6862;6862.25;6861;6861;18
20180301 062400;6861;6861.5;6860.25;6860.25;30
20180301 062500;6860.25;6864.25;6859;6863.25;71
20180301 062600;6863.25;6864.75;6863;6863.5;56
20180301 062700;6864;6865.75;6864;6864.75;51
20180301 062800;6864.5;6865;6862.75;6864.5;67
20180301 062900;6864.75;6865.5;6864.25;6864.75;30
20180301 063000;6864.5;6867;6864.5;6866.75;69
20180301 063100;6866.75;6869;6866.75;6869;99
20180301 063200;6869;6869.75;6867.75;6869;107
20180301 063300;6869;6869.75;6868.75;6868.75;16
20180301 063400;6869.25;6869.25;6867;6867.75;44
20180301 063500;6867.25;6867.5;6866;6866;26
20180301 063600;6866.75;6867.5;6866;6867;42
20180301 063700;6866.75;6867.25;6865.75;6866.5;25
20180301 063800;6867;6868;6866.5;6867.5;40
20180301 063900;6867;6868;6866.25;6867.75;37
20180301 064000;6868.75;6869.75;6867.75;6869.25;76
20180301 064100;6869.75;6870;6868.5;6869.75;29
20180301 064200;6869.5;6869.5;6868.25;6868.25;15
20180301 064300;6868.5;6869.5;6868.5;6868.5;20
20180301 064400;6868.75;6868.75;6867.25;6867.75;16
20180301 064500;6867.75;6868.75;6867.75;6868.25;18
20180301 064600;6868.25;6868.25;6866;6867.75;94
20180301 064700;6867.75;6868;6867.25;6867.75;14
20180301 064800;6868.25;6868.75;6868;6868.75;11
20180301 064900;6868.5;6868.75;6867.75;6868.5;12
20180301 065000;6869;6869.5;6868.75;6869.5;17
20180301 065100;6869.25;6869.25;6868.5;6868.5;28
20180301 065200;6868.5;6869.75;6868.5;6868.5;26
20180301 065300;6869;6869;6869;6869;7
20180301 065400;6869;6870.5;6869;6869.75;87
20180301 065500;6870;6872;6870;6872;52
20180301 065600;6872;6872.75;6872;6872.75;49
20180301 065700;6872.75;6873.5;6872.5;6873.25;47
20180301 065800;6873.5;6874.75;6873.5;6874.5;137
20180301 065900;6874.75;6875;6872.75;6873.5;79
20180301 070000;6873.25;6874;6872.5;6873.25;70
20180301 070100;6873.25;6879.75;6871.5;6877.75;388
20180301 070200;6877.75;6882;6876.25;6879.5;215
20180301 070300;6879;6883.25;6879;6881;210
20180301 070400;6881.5;6882.25;6879.5;6881.75;160
20180301 070500;6882;6882.75;6881.25;6882;72
20180301 070600;6882.25;6884;6882;6884;123
20180301 070700;6884.25;6887;6884.25;6886.25;304
20180301 070800;6886.5;6887.75;6882.75;6885.25;279
20180301 070900;6885.5;6887.75;6884.5;6886;204
20180301 071000;6885.25;6885.5;6882;6884.75;206
20180301 071100;6884.5;6884.75;6880.75;6884.5;150
20180301 071200;6884;6884;6882.25;6883.25;41
20180301 071300;6882.75;6884;6882;6883;101
20180301 071400;6883.25;6884;6882.5;6883.25;40
20180301 071500;6883;6883;6880.75;6882.25;55
20180301 071600;6882.5;6884.5;6882.25;6884.5;50
20180301 071700;6884.75;6888.25;6884.5;6887.5;129
20180301 071800;6887.5;6887.75;6885.5;6887;118
20180301 071900;6887;6887.25;6885;6886;171
20180301 072000;6886.5;6886.75;6882;6883.5;184
20180301 072100;6883.75;6883.75;6881.75;6882.75;74
20180301 072200;6882.5;6883;6881.75;6881.75;47
20180301 072300;6881.5;6882.5;6881.25;6881.75;34
20180301 072400;6881.75;6886.5;6881.5;6886;106
20180301 072500;6886.25;6886.25;6885;6885.75;45
20180301 072600;6886.25;6887.25;6885.75;6886.25;88
20180301 072700;6886.25;6889.75;6885.75;6889;219
20180301 072800;6888.75;6889;6885.75;6885.75;132
20180301 072900;6886;6886;6882;6882.25;224
20180301 073000;6882.25;6886;6881.5;6885.5;134
20180301 073100;6884.75;6888.75;6883;6887.5;192
20180301 073200;6887.5;6888.75;6886.75;6887.5;104
20180301 073300;6887.25;6888.25;6886.25;6887.75;117
20180301 073400;6887.5;6889.5;6887;6887.25;105
20180301 073500;6887;6888;6885;6886.5;119
20180301 073600;6886.25;6886.25;6884.5;6884.75;41
20180301 073700;6884.75;6886.25;6884.75;6884.75;45
20180301 073800;6884.5;6884.5;6882.75;6883.5;68
20180301 073900;6883.5;6884.75;6882.25;6882.25;104
20180301 074000;6882.5;6883.25;6882;6882.75;65
20180301 074100;6882.5;6885.5;6882.25;6883.75;94
20180301 074200;6883.75;6886;6883.5;6885.5;71
20180301 074300;6885.25;6885.25;6883;6884;99
20180301 074400;6883.75;6887.25;6883.75;6885;79
20180301 074500;6885.25;6889.25;6884.75;6887.75;154
20180301 074600;6888;6889.25;6886.5;6887.5;126
20180301 074700;6887.5;6889.5;6887.25;6889.25;163
20180301 074800;6888.5;6889.5;6886;6889.25;126
20180301 074900;6889;6891.5;6889;6890.75;210
20180301 075000;6890.5;6891;6889.5;6890.5;48
20180301 075100;6890.5;6892.25;6890;6891.25;103
20180301 075200;6891.5;6891.5;6889;6890.75;162
20180301 075300;6891;6891.75;6890.5;6891.5;57
20180301 075400;6891.75;6892;6890;6890.5;58
20180301 075500;6890.25;6891;6890.25;6891;23
20180301 075600;6890.5;6891;6890;6891;77
20180301 075700;6891.25;6891.25;6888.5;6889.5;61
20180301 075800;6888.5;6889.25;6886.5;6886.5;97
20180301 075900;6886.5;6887.75;6886.25;6887.75;35
20180301 080000;6887.5;6887.5;6886;6886.5;55
20180301 080100;6885.75;6886.25;6882.5;6884.25;168
20180301 080200;6884.25;6887.75;6882;6886.25;237
20180301 080300;6886;6886.25;6884;6884.75;74
20180301 080400;6884.5;6884.75;6883.75;6884.75;58
20180301 080500;6885;6885.5;6883.75;6884.25;123
20180301 080600;6885.25;6887.25;6884.75;6884.75;93
20180301 080700;6884.25;6886.5;6883.25;6886.25;52
20180301 080800;6886.75;6888;6886;6887.25;101
20180301 080900;6887.5;6888.5;6886.25;6888.25;97
20180301 081000;6888;6888.25;6885.5;6886.5;132
20180301 081100;6886.5;6889.5;6886.5;6888;94
20180301 081200;6888;6890;6886.5;6886.5;117
20180301 081300;6887;6888.25;6886.25;6888.25;84
20180301 081400;6888.5;6888.75;6887.25;6888;38
20180301 081500;6888;6889.25;6887.75;6889.25;60
20180301 081600;6888.5;6888.5;6887.25;6887.75;40
20180301 081700;6887.5;6888.25;6884.5;6885.25;133
20180301 081800;6885.25;6885.25;6882.5;6883.75;193
20180301 081900;6884;6885;6883.5;6884.75;59
20180301 082000;6884.5;6886.25;6883.25;6883.5;72
20180301 082100;6883.25;6883.75;6882.25;6882.75;77
20180301 082200;6883;6885.75;6883;6885.75;109
20180301 082300;6886;6888;6885.5;6887.25;137
20180301 082400;6887.75;6887.75;6886.25;6886.25;53
20180301 082500;6886;6886.75;6885;6886.25;70
20180301 082600;6886.25;6886.75;6885.25;6885.5;151
20180301 082700;6885.5;6887.5;6885.5;6887;105
20180301 082800;6887;6888.5;6886.5;6887.5;114
20180301 082900;6887.25;6887.75;6887;6887.25;121
20180301 083000;6887.5;6887.75;6887;6887.25;44
20180301 083100;6887.5;6889;6887.25;6888.25;207
20180301 083200;6888.25;6888.5;6887;6887.5;120
20180301 083300;6887.25;6888.5;6887.25;6888.5;111
20180301 083400;6888.5;6892.25;6888.5;6891.75;143
20180301 083500;6891.75;6893;6891.5;6892.5;134
20180301 083600;6892.5;6893.75;6892.25;6893.25;169
20180301 083700;6893;6894.5;6892.25;6894.5;157
20180301 083800;6894.5;6896.25;6893.5;6895.25;217
20180301 083900;6894.75;6895.25;6893;6895.25;113
20180301 084000;6895;6896;6894;6895;118
20180301 084100;6895;6898.75;6894.5;6898.25;249
20180301 084200;6898;6898.5;6895.5;6895.5;124
20180301 084300;6895.5;6897.5;6895;6895.75;186
20180301 084400;6895.5;6895.75;6894.75;6895.5;93
20180301 084500;6895.25;6895.75;6894.5;6895;37
20180301 084600;6895;6895;6893.5;6893.5;44
20180301 084700;6893.5;6894;6892.75;6893.25;64
20180301 084800;6893.5;6893.5;6891.5;6893;54
20180301 084900;6892.5;6892.75;6891.25;6891.75;36
20180301 085000;6892;6892.75;6891.25;6892;25
20180301 085100;6892;6892.25;6889.25;6889.25;79
20180301 085200;6889;6891.25;6887.25;6889.25;117
20180301 085300;6889.75;6890.25;6888.75;6890.25;52
20180301 085400;6890.5;6891;6889.75;6890.75;30
20180301 085500;6890.75;6894.25;6890.5;6893.5;40
20180301 085600;6893.5;6893.5;6890.5;6891;41
20180301 085700;6891;6892.25;6891;6892.25;16
20180301 085800;6891.75;6892.5;6891.25;6892.25;16
20180301 085900;6891.75;6895.25;6890;6895.25;84
20180301 090000;6894.75;6895.25;6891.25;6891.75;77
20180301 090100;6891.75;6891.75;6888.75;6889.25;158
20180301 090200;6888.75;6889.25;6887.25;6887.75;78
20180301 090300;6887.5;6888.5;6887;6887.75;76
20180301 090400;6887.25;6887.25;6882;6883;279
20180301 090500;6883;6884.25;6881.75;6882.25;230
20180301 090600;6882.25;6883.75;6880.25;6881;113
20180301 090700;6880.5;6881;6875.75;6877.75;279
20180301 090800;6877.5;6879.25;6876.25;6878.5;127
20180301 090900;6878.5;6882;6878.5;6881.75;99
20180301 091000;6881.75;6881.75;6878.5;6881;67
20180301 091100;6880.75;6881.75;6879.75;6880.25;60
20180301 091200;6879.75;6879.75;6878.75;6879.5;26
20180301 091300;6880;6880;6876;6877.25;108
20180301 091400;6877.75;6879.25;6877.75;6879;34
20180301 091500;6878.25;6879.25;6874;6874;118
20180301 091600;6874.75;6877;6874.25;6875.25;166
20180301 091700;6875.5;6879.25;6875.5;6877.5;116
20180301 091800;6877.5;6879;6875.5;6879;179
20180301 091900;6879;6880.25;6878.5;6879.25;56
20180301 092000;6878.75;6880.5;6878.5;6880.25;57
20180301 092100;6879.75;6880.25;6877;6879;32
20180301 092200;6879;6880.5;6877.75;6877.75;37
20180301 092300;6877.75;6878.5;6877.5;6878.25;22
20180301 092400;6878.25;6881.25;6877.5;6881.25;43
20180301 092500;6881;6881.5;6879.25;6881.5;43
20180301 092600;6881.5;6884.75;6881.5;6882.75;117
20180301 092700;6882.75;6883.25;6881.25;6882.75;49
20180301 092800;6882.25;6882.5;6881.5;6882.25;43
20180301 092900;6881.75;6882.5;6880.5;6881.75;33
20180301 093000;6881.75;6882.75;6881.25;6881.25;15
20180301 093100;6881.5;6882.5;6880.75;6881.5;50
20180301 093200;6881.75;6882.5;6881.25;6881.75;32
20180301 093300;6882;6884;6882;6883;36
20180301 093400;6882.5;6882.5;6881;6881;55
20180301 093500;6881.75;6882;6880.75;6881.25;53
20180301 093600;6881.25;6881.75;6878.75;6880.25;94
20180301 093700;6879.5;6879.5;6873.25;6874;242
20180301 093800;6873.75;6875.25;6872.25;6875.25;212
20180301 093900;6875.25;6875.5;6869;6870;165
20180301 094000;6870;6870.75;6867.5;6869.75;167
20180301 094100;6869.75;6870.75;6867.75;6868.75;162
20180301 094200;6869;6869.75;6866;6867;168
20180301 094300;6867.5;6868;6862.5;6863.25;269
20180301 094400;6863.25;6863.75;6858.5;6859.25;356
20180301 094500;6859.5;6861;6858;6859.75;203
20180301 094600;6861.25;6861.5;6859.75;6860.75;94
20180301 094700;6860.75;6862.5;6860.25;6860.75;91
20180301 094800;6861.25;6863.75;6859.75;6862.5;60
20180301 094900;6863.75;6865.25;6862.25;6862.5;166
20180301 095000;6862.75;6864.5;6862.5;6862.5;43
20180301 095100;6862.5;6862.5;6860;6861;113
20180301 095200;6861;6862.5;6858.5;6858.75;88
20180301 095300;6859;6862;6858.25;6862;99
20180301 095400;6862;6862.5;6859.25;6860;71
20180301 095500;6860.5;6861.5;6853.5;6854.25;278
20180301 095600;6853.75;6854.25;6851;6853.5;359
20180301 095700;6853.5;6856.75;6853.25;6856.25;127
20180301 095800;6856.25;6856.75;6854.25;6855;93
20180301 095900;6855;6857.5;6854.75;6855;93
20180301 100000;6855.5;6856.25;6855;6855.75;36
20180301 100100;6855.5;6857.5;6854.5;6857.25;90
20180301 100200;6856.5;6857.25;6854;6856.25;179
20180301 100300;6856.5;6862;6856.5;6861.75;316
20180301 100400;6861.25;6863;6860.5;6862.5;135
20180301 100500;6862.25;6863.5;6860.75;6862;120
20180301 100600;6862.25;6862.75;6861;6862;81
20180301 100700;6862.25;6863.25;6861.25;6861.5;105
20180301 100800;6861;6863.5;6859;6862.75;221
20180301 100900;6862.5;6864.5;6862;6862.25;121
20180301 101000;6862;6862.5;6859.75;6860.75;71
20180301 101100;6860.75;6860.75;6857.25;6857.75;94
20180301 101200;6858;6858.5;6853.5;6854.75;101
20180301 101300;6854.75;6857.5;6854.75;6854.75;88
20180301 101400;6855;6856.75;6854.25;6855.5;51
20180301 101500;6855.75;6857.75;6854.25;6857.5;135
20180301 101600;6857.5;6858.25;6855.5;6856.5;58
20180301 101700;6856.75;6861;6856.75;6860.5;102
20180301 101800;6860.75;6862;6859.75;6862;40
20180301 101900;6862;6862;6857.75;6857.75;40
20180301 102000;6857.75;6859.25;6855.75;6856;70
20180301 102100;6856;6856;6850.75;6852.5;210
20180301 102200;6852.5;6852.75;6850.25;6851;123
20180301 102300;6851;6851.5;6846;6847.5;285
20180301 102400;6847.5;6848.75;6846;6848.75;167
20180301 102500;6849;6852.5;6848.75;6852.5;121
20180301 102600;6852;6855.25;6851.5;6855;88
20180301 102700;6855.25;6856.25;6854.5;6855;106
20180301 102800;6854.5;6854.75;6852.75;6854.25;51
20180301 102900;6854;6855;6853.25;6854.5;34
20180301 103000;6853.5;6853.75;6849.75;6850.75;121
20180301 103100;6850.75;6852.25;6850.75;6851;65
20180301 103200;6851.5;6853.5;6850.75;6853.5;63
20180301 103300;6853.25;6855.5;6853.25;6854.75;110
20180301 103400;6855;6856.5;6854.5;6856.5;57
20180301 103500;6855.75;6857;6851.75;6852.5;222
20180301 103600;6852.5;6852.5;6850.75;6851.5;103
20180301 103700;6852;6852;6851.25;6851.25;48
20180301 103800;6851;6852;6850.25;6851.75;48
20180301 103900;6851.5;6854.25;6851.5;6853.75;98
20180301 104000;6853.5;6854;6851.75;6851.75;50
20180301 104100;6852;6853.5;6850.75;6853.25;43
20180301 104200;6853;6857.5;6853;6857.5;148
20180301 104300;6857.5;6859.25;6857;6859;79
20180301 104400;6858.75;6859.25;6857.5;6857.75;160
20180301 104500;6857.75;6862;6857.75;6860.5;289
20180301 104600;6860.5;6861.75;6860;6861.5;113
20180301 104700;6860.75;6861.75;6860.75;6861;97
20180301 104800;6861;6861.25;6858.75;6858.75;55
20180301 104900;6858.5;6860.5;6858.5;6860.5;34
20180301 105000;6860;6861;6859.5;6859.75;37
20180301 105100;6860;6863;6859.5;6862.25;146
20180301 105200;6862.75;6864.5;6862.75;6863.25;101
20180301 105300;6863;6865.5;6863;6863.5;139
20180301 105400;6864;6864;6861;6863;74
20180301 105500;6863;6864;6862;6862.25;67
20180301 105600;6862.25;6862.25;6859.25;6861.5;93
20180301 105700;6862.25;6862.5;6861.25;6861.5;26
20180301 105800;6861.5;6862.75;6861.5;6862.25;32
20180301 105900;6862.25;6862.25;6860;6860.25;39
20180301 110000;6860;6862.25;6859.5;6861;79
20180301 110100;6860.75;6861.5;6860.25;6860.75;22
20180301 110200;6860.75;6861.5;6860.5;6861.25;25
20180301 110300;6861.5;6861.75;6859.5;6860.5;55
20180301 110400;6860;6863.75;6859.75;6863.5;80
20180301 110500;6863.75;6865;6863.25;6864.25;113
20180301 110600;6864.75;6865.25;6862.5;6864;112
20180301 110700;6864.25;6867.25;6863.5;6866;119
20180301 110800;6866.25;6866.25;6864;6864.25;117
20180301 110900;6864.75;6866.75;6864.75;6865.75;84
20180301 111000;6865.5;6865.75;6864.5;6864.5;34
20180301 111100;6864.5;6864.75;6863;6863;67
20180301 111200;6862.75;6863.75;6862;6863.75;42
20180301 111300;6863;6863;6860.25;6861.5;60
20180301 111400;6861.75;6862.5;6860.75;6861.5;39
20180301 111500;6861.75;6863;6861.75;6862.5;50
20180301 111600;6862.5;6864.75;6862.5;6863.5;80
20180301 111700;6864.25;6864.25;6861;6861.5;88
20180301 111800;6861.25;6861.25;6860.25;6860.75;36
20180301 111900;6860.75;6861.75;6860.25;6861.25;41
20180301 112000;6861.75;6861.75;6860.5;6861.5;53
20180301 112100;6861;6862;6861;6861.75;38
20180301 112200;6861.75;6862;6860;6860.5;56
20180301 112300;6860.5;6861.75;6860.25;6861.25;37
20180301 112400;6861.25;6862;6860.5;6862;43
20180301 112500;6862;6862;6861.25;6861.5;63
20180301 112600;6861.5;6863.75;6861.5;6863.75;100
20180301 112700;6864;6864.5;6862.25;6862.75;60
20180301 112800;6862.75;6863.5;6862;6862.25;81
20180301 112900;6862;6862.75;6860.5;6860.5;66
20180301 113000;6860.5;6861.75;6858.5;6858.75;117
20180301 113100;6859.25;6859.5;6857;6857.5;139
20180301 113200;6857.5;6858.25;6856.5;6858.25;89
20180301 113300;6858.25;6859;6857.5;6858.75;45
20180301 113400;6858.75;6858.75;6856.5;6857;81
20180301 113500;6857;6857.75;6855.5;6855.5;125
20180301 113600;6855.5;6855.75;6851;6852.25;272
20180301 113700;6851.75;6852;6848.75;6849.75;161
20180301 113800;6849.75;6851.75;6849.25;6851.75;70
20180301 113900;6852;6854.5;6852;6852.25;95
20180301 114000;6852.75;6853.25;6850;6851;81
20180301 114100;6850.75;6854;6850.75;6853;69
20180301 114200;6852.5;6852.5;6850.75;6851.75;41
20180301 114300;6852.25;6853;6850.75;6853;31
20180301 114400;6853;6853;6850.75;6852;34
20180301 114500;6851.25;6852.5;6850.5;6850.5;41
20180301 114600;6850.25;6850.5;6846.75;6848;155
20180301 114700;6847.75;6849.25;6843.75;6845.25;186
20180301 114800;6844.75;6848;6844.75;6847;126
20180301 114900;6847.25;6847.25;6843.75;6845.75;131
20180301 115000;6846;6846;6842;6843;164
20180301 115100;6842.75;6843.75;6823;6825.25;1702
20180301 115200;6825;6831.25;6824.5;6831.25;505
20180301 115300;6831;6831.5;6826;6829.5;208
20180301 115400;6830.25;6832.5;6828.25;6831.75;241
20180301 115500;6831;6833.5;6831;6832.75;56
20180301 115600;6833;6835.25;6832.75;6834.75;120
20180301 115700;6834.75;6835.5;6833.5;6834;120
20180301 115800;6833.75;6836.5;6833.5;6835.75;95
20180301 115900;6836.25;6838;6835.75;6838;78
20180301 120000;6837.75;6838.5;6836.75;6837;114
20180301 120100;6837;6837.25;6836;6836.5;140
20180301 120200;6836.75;6837.25;6834;6834;120
20180301 120300;6833.75;6838.25;6832;6837.75;231
20180301 120400;6838;6838.75;6836;6836.75;114
20180301 120500;6837.25;6837.25;6835.25;6835.5;52
20180301 120600;6835.75;6838;6835.75;6838;35
20180301 120700;6838;6838.75;6837.5;6837.5;67
20180301 120800;6837.25;6841.25;6836.5;6841.25;279
20180301 120900;6841;6841.5;6839.5;6841.5;96
20180301 121000;6841.75;6842.75;6840;6841;168
20180301 121100;6840.5;6842.25;6840.5;6841.75;80
20180301 121200;6841.75;6844.25;6841.25;6843;245
20180301 121300;6842.5;6844.5;6841;6843.25;142
20180301 121400;6842.75;6843.75;6842.25;6843.5;153
20180301 121500;6843.25;6846;6843;6845.75;178
20180301 121600;6845.75;6846.5;6845;6846.25;145
20180301 121700;6846;6846.5;6844.5;6846.25;103
20180301 121800;6846.5;6847.75;6845;6845.5;174
20180301 121900;6845.5;6845.5;6844.5;6845;74
20180301 122000;6845.5;6847;6845;6847;110
20180301 122100;6847;6847.5;6845.25;6846.25;69
20180301 122200;6846;6848;6845.25;6846.75;130
20180301 122300;6846;6848.25;6846;6848.25;62
20180301 122400;6848.5;6848.75;6845.5;6846.5;180
20180301 122500;6846.25;6846.25;6842.25;6843.25;201
20180301 122600;6843;6844;6841;6843.75;223
20180301 122700;6843.5;6844.75;6842.5;6843.25;88
20180301 122800;6843.25;6843.75;6842.25;6843.75;54
20180301 122900;6843.25;6843.5;6841.5;6841.75;70
20180301 123000;6842.25;6843.5;6841.5;6843.5;70
20180301 123100;6844;6850.25;6844;6850.25;347
20180301 123200;6850.25;6852.75;6850;6852;250
20180301 123300;6852;6855.75;6852;6855;230
20180301 123400;6854.25;6854.25;6851.5;6852;143
20180301 123500;6852;6852.5;6851.5;6852;45
20180301 123600;6851.75;6851.75;6847.75;6850.25;156
20180301 123700;6850.5;6851.5;6848.25;6848.5;86
20180301 123800;6848.5;6849;6846.75;6847.75;114
20180301 123900;6847.5;6850.25;6847.25;6850.25;54
20180301 124000;6850.25;6851.75;6849.5;6851.25;154
20180301 124100;6851.5;6854.5;6849.75;6851.25;241
20180301 124200;6852.25;6853;6848.25;6848.75;140
20180301 124300;6848.75;6848.75;6847;6847.5;116
20180301 124400;6847.5;6850;6847.5;6847.5;90
20180301 124500;6847.25;6847.75;6845.5;6847.25;122
20180301 124600;6847.25;6849.5;6846.75;6848.75;80
20180301 124700;6849.25;6850.5;6848.25;6850.5;78
20180301 124800;6850.25;6853;6850.25;6850.25;160
20180301 124900;6850;6851.75;6849.5;6851.25;138
20180301 125000;6851.5;6851.5;6845.5;6845.5;134
20180301 125100;6845.5;6846.75;6844.75;6844.75;138
20180301 125200;6844.75;6845;6842.75;6844.5;145
20180301 125300;6845;6845.5;6844;6844;74
20180301 125400;6844;6845.75;6843.25;6845.75;104
20180301 125500;6845.25;6846.25;6844;6845.5;93
20180301 125600;6845.5;6846.25;6845;6846.25;44
20180301 125700;6846;6846;6843;6844;84
20180301 125800;6843.75;6845;6841.25;6842.25;145
20180301 125900;6842.5;6846.5;6841.5;6846.25;93
20180301 130000;6846.5;6847.5;6844;6847;105
20180301 130100;6847.25;6853;6846.5;6853;270
20180301 130200;6853.25;6853.75;6851.25;6852.25;142
20180301 130300;6851.75;6853;6850;6851;174
20180301 130400;6850.5;6852.25;6849.75;6850.5;230
20180301 130500;6850.5;6851;6849.75;6849.75;64
20180301 130600;6849.5;6849.75;6843.5;6844;192
20180301 130700;6843.75;6847;6843.5;6846.5;85
20180301 130800;6846.25;6849.5;6845.25;6849.5;88
20180301 130900;6849.5;6850.5;6847.75;6849.5;99
20180301 131000;6849.5;6851;6849.25;6850;72
20180301 131100;6850.5;6850.75;6848.5;6848.75;102
20180301 131200;6849;6849.75;6847.75;6848.25;613
20180301 131300;6849;6849.5;6846.75;6849;713
20180301 131400;6849.5;6855.75;6849.5;6853.75;429
20180301 131500;6854;6856;6853.25;6856;290
20180301 131600;6855.5;6855.5;6852;6852;231
20180301 131700;6851.75;6852.5;6849.75;6850.5;377
20180301 131800;6850.25;6850.25;6849;6849;78
20180301 131900;6848.75;6850.5;6848;6850.5;326
20180301 132000;6850.75;6851.75;6849.25;6851;400
20180301 132100;6851;6851.5;6849;6851.5;78
20180301 132200;6851.5;6851.75;6850;6850.5;52
20180301 132300;6850.75;6853.25;6850.5;6851.75;82
20180301 132400;6851.75;6852;6850.5;6851.5;81
20180301 132500;6852;6852.5;6849.5;6850.25;75
20180301 132600;6850.25;6851.5;6850;6851;59
20180301 132700;6850.25;6850.75;6848.25;6848.75;105
20180301 132800;6849;6850;6847;6850;135
20180301 132900;6850;6850;6849;6850;45
20180301 133000;6849.25;6852;6847.75;6852;191
20180301 133100;6852;6856;6850.5;6854;240
20180301 133200;6854;6857.75;6854;6856.75;332
20180301 133300;6857.25;6861.25;6856.75;6859.75;479
20180301 133400;6859.75;6860;6856;6856.75;227
20180301 133500;6856.5;6857.25;6854;6854.75;213
20180301 133600;6855.25;6856.75;6855;6856;123
20180301 133700;6856;6859.5;6855.75;6858.75;177
20180301 133800;6859.25;6861.75;6858.5;6861.75;233
20180301 133900;6861.25;6863;6860.5;6862.5;227
20180301 134000;6862.75;6864.75;6862.25;6863.75;306
20180301 134100;6863.5;6864.25;6862;6862.75;193
20180301 134200;6862.5;6862.5;6859;6859;174
20180301 134300;6859;6859.25;6857;6858.25;188
20180301 134400;6858.25;6865.75;6857.75;6865.75;331
20180301 134500;6865.75;6872.5;6865.5;6871.75;836
20180301 134600;6871.75;6873.25;6867.25;6870;613
20180301 134700;6870;6871;6867;6867.5;306
20180301 134800;6867.25;6869.5;6866.75;6867.5;201
20180301 134900;6867.75;6873.75;6867.75;6873.75;410
20180301 135000;6873.75;6876.5;6873;6875.25;597
20180301 135100;6875.25;6877.5;6874.25;6876.75;354
20180301 135200;6877;6879;6876.25;6878.5;276
20180301 135300;6878.5;6878.5;6876;6876;256
20180301 135400;6876;6877.5;6874;6874;301
20180301 135500;6874;6878;6873;6877.75;290
20180301 135600;6877.75;6881.75;6877.75;6880.75;534
20180301 135700;6880.75;6881;6876.25;6876.5;256
20180301 135800;6876.75;6878;6874.75;6875.75;426
20180301 135900;6876;6877.25;6875.5;6877.25;232
20180301 140000;6877.25;6879;6874.75;6878.75;313
20180301 140100;6878.5;6881.75;6878.25;6879.5;389
20180301 140200;6879.75;6882.75;6879.75;6882.5;504
20180301 140300;6882.25;6882.5;6879.5;6881.5;336
20180301 140400;6881.5;6882.5;6877;6877.25;378
20180301 140500;6877.25;6877.25;6874.25;6876;224
20180301 140600;6876.5;6876.75;6874.75;6875.25;245
20180301 140700;6875.25;6877.25;6875.25;6877.25;226
20180301 140800;6877.5;6880;6877.25;6879.5;273
20180301 140900;6879.75;6881.25;6877.25;6877.5;408
20180301 141000;6878;6878.25;6877.25;6878;63
20180301 141100;6878.25;6881;6878;6878.25;210
20180301 141200;6878.5;6879;6878;6878.25;355
20180301 141300;6878.5;6879.5;6877.25;6878.25;492
20180301 141400;6878.25;6878.5;6876.25;6877.25;252
20180301 141500;6876.75;6876.75;6872.25;6874.25;474
20180301 141600;6874;6875.5;6873.5;6874;235
20180301 141700;6873.75;6877;6873.5;6876;223
20180301 141800;6875.75;6880.25;6875.25;6878.5;367
20180301 141900;6878.5;6880;6878.5;6878.5;199
20180301 142000;6878.5;6879;6877.25;6877.5;145
20180301 142100;6877.25;6877.75;6876.25;6876.75;111
20180301 142200;6876.75;6876.75;6874.75;6875.75;115
20180301 142300;6876;6878.75;6876;6877.5;114
20180301 142400;6877.75;6877.75;6874.75;6876.5;200
20180301 142500;6876.25;6877;6874.25;6874.25;310
20180301 142600;6874.5;6877;6874.5;6876;296
20180301 142700;6875.75;6876.75;6873.75;6874.75;309
20180301 142800;6874.25;6874.25;6872.25;6872.75;334
20180301 142900;6872.5;6872.5;6868;6870;880
20180301 143000;6870.25;6870.75;6865;6865.5;1080
20180301 143100;6865.25;6871;6862;6867.5;3242
20180301 143200;6867.25;6885.75;6867;6885.5;3476
20180301 143300;6885.5;6889.25;6881.75;6887.5;2569
20180301 143400;6887.5;6888.75;6874.25;6875.25;2812
20180301 143500;6875.5;6884.25;6875.5;6877.75;2355
20180301 143600;6877.75;6879.75;6862.25;6863.5;2461
20180301 143700;6863.75;6864.5;6855.5;6862;2908
20180301 143800;6861.75;6863;6854.75;6856.25;2018
20180301 143900;6856.25;6861.25;6849.75;6851.5;2959
20180301 144000;6852;6861.25;6851.25;6855.75;2146
20180301 144100;6855.75;6856.25;6844.75;6852.5;2821
20180301 144200;6852;6853;6842.25;6844.5;1941
20180301 144300;6844.75;6849.25;6835.25;6838;2907
20180301 144400;6837.75;6838.5;6824.5;6827.5;3950
20180301 144500;6827.5;6829;6815.75;6819.5;3378
20180301 144600;6819.75;6832;6818.5;6831.5;3252
20180301 144700;6831.25;6834.75;6823.5;6833.25;2233
20180301 144800;6833.25;6834.25;6822.75;6825.75;2050
20180301 144900;6825.75;6836.5;6824.5;6835.25;1660
20180301 145000;6835.5;6836;6827.5;6831;1558
20180301 145100;6831;6837.75;6829.5;6837.75;2220
20180301 145200;6838;6838.5;6829.75;6831;1749
20180301 145300;6830.5;6830.5;6821;6828.75;2450
20180301 145400;6829;6834.5;6812.25;6814.75;4199
20180301 145500;6814.75;6817.25;6805.5;6805.75;2861
20180301 145600;6805.75;6813.25;6801;6807.5;3427
20180301 145700;6807;6811.75;6801.25;6805;1366
20180301 145800;6805.5;6817.75;6804.25;6817;1508
20180301 145900;6817;6817.75;6806.5;6806.75;1007
20180301 150000;6806.75;6815;6806;6806.5;802
20180301 150100;6807.25;6822.5;6796.75;6821.5;2968
20180301 150200;6821.25;6825;6814.25;6815.5;2381
20180301 150300;6815.5;6826.75;6815.25;6826.25;1661
20180301 150400;6826;6837.5;6823.5;6836.25;2954
20180301 150500;6836.25;6844.75;6833;6843.5;2252
20180301 150600;6843.5;6845.5;6837;6843.5;1663
20180301 150700;6843.25;6851.5;6842.25;6849.25;2037
20180301 150800;6849;6853.5;6845.25;6845.75;2521
20180301 150900;6845.5;6849.25;6843.5;6845.75;1088
20180301 151000;6846;6847.75;6843;6843;1072
20180301 151100;6843.25;6843.5;6835.75;6836.5;1449
20180301 151200;6836.5;6841.25;6830;6830.75;2198
20180301 151300;6830.5;6831;6822;6824;2691
20180301 151400;6824.25;6834.5;6824.25;6834;1472
20180301 151500;6834;6839.75;6833.25;6837.5;1641
20180301 151600;6837.5;6843.25;6832;6832.75;1992
20180301 151700;6833;6836.25;6825;6831.25;2217
20180301 151800;6831;6848;6829.75;6847.75;2133
20180301 151900;6847.75;6851.75;6843.25;6848.75;2596
20180301 152000;6848.75;6849.75;6839.25;6843.25;1505
20180301 152100;6843.75;6845;6838;6840.5;1670
20180301 152200;6840.5;6841;6832.75;6834.75;1782
20180301 152300;6835;6843.25;6833.5;6842.25;1455
20180301 152400;6842.25;6844.5;6836;6841.5;1752
20180301 152500;6841.25;6845.5;6832.75;6845;1963
20180301 152600;6845;6845.5;6834.25;6838.5;1493
20180301 152700;6838.75;6853.5;6835.25;6853.25;2916
20180301 152800;6853.5;6866;6852.25;6864;4273
20180301 152900;6863.75;6864;6858;6859.5;1872
20180301 153000;6859.5;6867.25;6859.5;6866.25;1846
20180301 153100;6866;6871.25;6864.5;6869.25;1980
20180301 153200;6869.25;6869.5;6860.25;6862.5;1458
20180301 153300;6862.5;6874;6860;6873;2042
20180301 153400;6873;6880.75;6870.75;6879.5;2382
20180301 153500;6879.25;6885;6874;6885;2911
20180301 153600;6884.75;6895;6883;6894.5;4194
20180301 153700;6894.5;6898;6884.75;6886.75;3160
20180301 153800;6886.75;6889.75;6882.5;6884;2368
20180301 153900;6883.75;6884.25;6877.25;6878.5;1578
20180301 154000;6878.5;6885;6877.5;6881.75;1098
20180301 154100;6881.75;6886.25;6880.25;6884;1853
20180301 154200;6884.25;6886.5;6882.5;6883;1169
20180301 154300;6883;6885.5;6880.75;6880.75;2646
20180301 154400;6881.5;6881.5;6869;6870.25;2478
20180301 154500;6870;6873.5;6866.75;6871.25;1801
20180301 154600;6871.75;6874.5;6868.75;6873;1467
20180301 154700;6873;6878.75;6871.75;6874.5;2133
20180301 154800;6874.25;6874.5;6857.5;6859.5;2429
20180301 154900;6859.75;6862.25;6857;6861.5;2650
20180301 155000;6861.25;6866.5;6861;6864;1629
20180301 155100;6863.75;6864.5;6852.75;6854.25;2507
20180301 155200;6854;6859;6852.5;6853;1635
20180301 155300;6853;6860.25;6852.75;6855.5;1482
20180301 155400;6855.5;6861.75;6853;6861;1184
20180301 155500;6861;6863.25;6858.5;6860;1965
20180301 155600;6859.75;6862;6851;6851.25;1393
20180301 155700;6851;6853;6846.5;6850;1635
20180301 155800;6850.25;6850.25;6842.5;6843.75;2280
20180301 155900;6843.75;6847.25;6840;6842.5;1465
20180301 160000;6842.25;6842.25;6830;6836.25;2650
20180301 160100;6836.5;6842.5;6831.75;6839.5;2554
20180301 160200;6839.5;6844;6838.5;6843.5;1181
20180301 160300;6844;6845;6831.75;6833;2057
20180301 160400;6832.75;6840.25;6832.5;6838.75;1183
20180301 160500;6838.5;6845.75;6836;6845.25;1171
20180301 160600;6845.25;6849.75;6843.5;6849.75;1262
20180301 160700;6849.5;6852.5;6847.25;6851.25;1125
20180301 160800;6851;6857.25;6848;6857.25;1594
20180301 160900;6857;6857;6848.25;6850;1085
20180301 161000;6850.25;6854.5;6848.5;6852.75;876
20180301 161100;6853.25;6853.75;6842.5;6844;1563
20180301 161200;6843.5;6845.75;6838.25;6842.5;2018
20180301 161300;6842;6845.5;6834.25;6835.5;1080
20180301 161400;6836;6845.25;6835.75;6840.25;1255
20180301 161500;6840;6847;6836;6846.75;1046
20180301 161600;6846.25;6855.75;6846;6854.75;1312
20180301 161700;6855.25;6857;6851;6851.5;1187
20180301 161800;6851;6852.25;6846.5;6848;1037
20180301 161900;6848;6856.5;6847.75;6850.75;1447
20180301 162000;6850.25;6861;6848.5;6859.75;1372
20180301 162100;6860;6863.75;6857.5;6861.75;1257
20180301 162200;6861.75;6863.5;6853;6858.25;1901
20180301 162300;6858.75;6862.25;6856.5;6858.75;1286
20180301 162400;6859;6861.5;6855.5;6857.75;783
20180301 162500;6858.5;6859.75;6850.5;6852.75;1521
20180301 162600;6852.75;6855.25;6846.75;6847.5;1909
20180301 162700;6847.5;6847.75;6840;6843.5;1322
20180301 162800;6843.75;6846.75;6836.25;6836.5;1202
20180301 162900;6836;6838.25;6833;6835.75;1344
20180301 163000;6835.75;6839.75;6831.75;6839;1431
20180301 163100;6839.5;6841.25;6835.5;6839;1213
20180301 163200;6839.25;6845;6838.5;6840;1008
20180301 163300;6839.75;6844;6837.25;6842.5;880
20180301 163400;6842.75;6845.25;6839.75;6844;750
20180301 163500;6844.25;6851.25;6843.75;6849.25;1384
20180301 163600;6849.5;6854.5;6847;6851;1460
20180301 163700;6851.5;6853.5;6844;6846.5;1842
20180301 163800;6846.5;6853.5;6845.75;6852.5;3013
20180301 163900;6852.5;6856.25;6850;6851.5;1172
20180301 164000;6851.5;6853.5;6847.5;6853;931
20180301 164100;6852.75;6854.75;6847.5;6847.5;788
20180301 164200;6847.75;6855;6847.75;6851.5;1084
20180301 164300;6851.5;6852.75;6846.25;6852;1169
20180301 164400;6852;6863.75;6852;6862.5;1692
20180301 164500;6862.5;6863.25;6859.75;6861;1724
20180301 164600;6861;6864;6860.5;6863.5;2761
20180301 164700;6864;6868.25;6864;6866.75;1893
20180301 164800;6867;6868.25;6862;6863.5;1244
20180301 164900;6863.25;6866.5;6860.25;6865.75;989
20180301 165000;6865.5;6865.75;6857.25;6857.5;1158
20180301 165100;6857.5;6861;6857;6861;1309
20180301 165200;6860.75;6864.25;6857.5;6864;902
20180301 165300;6864;6867.75;6862.25;6865.75;656
20180301 165400;6866.25;6867;6863;6865.75;607
20180301 165500;6865.5;6874;6865.5;6872.5;1259
20180301 165600;6872.5;6874.5;6868.25;6870.25;1074
20180301 165700;6870.25;6873.75;6868.5;6871.25;1126
20180301 165800;6871;6874.5;6868.25;6869.25;751
20180301 165900;6869.25;6869.5;6863;6863.25;1213
20180301 170000;6863.75;6868.75;6862;6863.5;1444
20180301 170100;6863.5;6866;6861.5;6861.5;2244
20180301 170200;6861.75;6863.25;6858.5;6862;1059
20180301 170300;6861.75;6862.5;6847.75;6848.75;2238
20180301 170400;6848.5;6850.5;6840.25;6844;2780
20180301 170500;6843.75;6847.5;6841;6842.75;1076
20180301 170600;6842.25;6847.25;6840.5;6841.25;1105
20180301 170700;6841.25;6847;6837.5;6840;1486
20180301 170800;6839.75;6845;6838.25;6842.25;895
20180301 170900;6841.75;6845;6836.5;6837.5;1063
20180301 171000;6837.5;6843.25;6834.25;6842.25;1054
20180301 171100;6842.25;6844;6839.25;6842.75;1273
20180301 171200;6842.75;6846.5;6842.25;6845;986
20180301 171300;6844.75;6845;6840.75;6845;1167
20180301 171400;6844.5;6847.5;6839.75;6843.5;768
20180301 171500;6843.5;6845.5;6840.25;6840.5;507
20180301 171600;6840.5;6840.5;6830.5;6831;1229
20180301 171700;6831.25;6835;6830.25;6834.75;930
20180301 171800;6834.75;6837.75;6830.25;6831.25;792
20180301 171900;6831.25;6837.75;6830.5;6834;681
20180301 172000;6833.75;6833.75;6826;6826.75;1488
20180301 172100;6826.25;6826.25;6817.75;6820.25;2225
20180301 172200;6820;6824.25;6819.25;6820.25;1194
20180301 172300;6820.25;6826;6820;6826;707
20180301 172400;6825.75;6831.25;6825.25;6828;1197
20180301 172500;6827.5;6829.75;6822.25;6823;708
20180301 172600;6823;6823.25;6817;6818.5;1449
20180301 172700;6818.5;6828.25;6818.5;6826.5;955
20180301 172800;6826.5;6828.75;6819.25;6820.75;1792
20180301 172900;6820.5;6824.75;6819.75;6821.5;1019
20180301 173000;6821.5;6826.5;6815.25;6824.25;2501
20180301 173100;6824;6824;6812.75;6814;2368
20180301 173200;6813.75;6813.75;6802.75;6806.75;2898
20180301 173300;6806.75;6814.25;6803.75;6806;1660
20180301 173400;6805.75;6811.25;6803.5;6809.5;1213
20180301 173500;6809.5;6811.75;6805.25;6810;651
20180301 173600;6809.5;6816.25;6807.5;6815.5;806
20180301 173700;6815.5;6816.5;6812.25;6815;1674
20180301 173800;6815.25;6816.75;6809.75;6810.5;1113
20180301 173900;6810;6813;6807;6809;677
20180301 174000;6809;6814.75;6807.5;6813.75;779
20180301 174100;6813.75;6816;6805;6805.5;953
20180301 174200;6805.5;6813.5;6805.25;6810.75;1312
20180301 174300;6810.75;6823.25;6809.75;6821.75;1452
20180301 174400;6821.75;6824;6818;6823.25;1019
20180301 174500;6822.75;6825.25;6818.5;6821.25;1041
20180301 174600;6821.75;6822.5;6812.75;6814;1533
20180301 174700;6814;6816.25;6808.5;6809.75;871
20180301 174800;6809.75;6819.75;6809.75;6818.75;681
20180301 174900;6818.5;6821.75;6815.5;6818;1001
20180301 175000;6818.5;6828;6818;6827.25;1034
20180301 175100;6827.75;6829.25;6822;6823.75;1256
20180301 175200;6823.5;6825;6813.75;6814;1760
20180301 175300;6814;6819;6813.25;6814;834
20180301 175400;6814.5;6819.5;6810.75;6819;1344
20180301 175500;6819;6822.5;6818.75;6820;612
20180301 175600;6820.5;6822;6811.25;6812;1542
20180301 175700;6812.5;6813.75;6808.75;6809.25;1558
20180301 175800;6809.75;6820;6808.75;6818.25;1308
20180301 175900;6818.25;6818.75;6808.5;6808.5;894
20180301 180000;6809;6814.25;6804.5;6807;1207
20180301 180100;6807;6807;6784.5;6788.75;4382
20180301 180200;6789.25;6791.25;6777;6783;3946
20180301 180300;6782.5;6786;6780.75;6784.25;1428
20180301 180400;6783.5;6784;6773.5;6775.5;1781
20180301 180500;6775.25;6777.5;6771.75;6772.75;1281
20180301 180600;6773;6775;6765.5;6767.5;1598
20180301 180700;6767;6769.5;6758.5;6764.25;2558
20180301 180800;6764.25;6776.75;6762.75;6775.75;2238
20180301 180900;6775.5;6778.5;6768.75;6774.25;1667
20180301 181000;6773.5;6774.75;6765.25;6770.25;1693
20180301 181100;6770.25;6772.25;6762.75;6772;1869
20180301 181200;6772.25;6773.5;6764.25;6771.75;1631
20180301 181300;6771.5;6783.5;6768.5;6778.25;2766
20180301 181400;6778.25;6783.25;6776;6781.25;1506
20180301 181500;6781;6787.25;6773.25;6785;2232
20180301 181600;6784.75;6785;6777.5;6784;1167
20180301 181700;6784.25;6786.25;6779.5;6780.75;1028
20180301 181800;6780.75;6782.75;6775.5;6780.5;1108
20180301 181900;6780.5;6788;6780.5;6785.75;1009
20180301 182000;6786;6786.75;6780;6782.5;1255
20180301 182100;6782;6783.5;6773.75;6779.75;1643
20180301 182200;6780;6782.25;6777;6780.75;686
20180301 182300;6780.25;6781.75;6774.75;6778;1080
20180301 182400;6778;6778.75;6773.5;6775.5;714
20180301 182500;6775.75;6779.75;6775;6777.5;666
20180301 182600;6777.25;6789.75;6777;6787.25;1725
20180301 182700;6787.75;6789.25;6784;6788;1114
20180301 182800;6788;6791;6786.5;6789;1294
20180301 182900;6789.25;6792.25;6784.5;6785.75;2221
20180301 183000;6786.25;6790.75;6781;6781;777
20180301 183100;6780.75;6783;6775;6778.75;1627
20180301 183200;6779.25;6785.5;6774;6785.25;828
20180301 183300;6784.75;6785;6779.25;6781.25;615
20180301 183400;6781.5;6781.5;6770.5;6770.5;944
20180301 183500;6770.5;6773;6766.75;6767.5;1108
20180301 183600;6767.25;6769.25;6764.25;6765.5;1016
20180301 183700;6765.75;6771.5;6764.75;6769;815
20180301 183800;6768.5;6771;6763.75;6767.5;615
20180301 183900;6767.25;6776.5;6767.25;6774.25;855
20180301 184000;6774.75;6775;6767;6769;813
20180301 184100;6768.5;6769;6763.5;6765;755
20180301 184200;6765.5;6768;6757.25;6760;1331
20180301 184300;6759.75;6769.75;6758.25;6761.5;1506
20180301 184400;6761;6762.5;6755.25;6755.5;1340
20180301 184500;6755.25;6758.25;6752.5;6753;1429
20180301 184600;6752.75;6753.25;6745.5;6752.5;2348
20180301 184700;6752.5;6753;6744.25;6748;1637
20180301 184800;6748;6748.25;6741;6741.25;1570
20180301 184900;6741;6743.25;6735.25;6740;2059
20180301 185000;6740.5;6745.5;6738.5;6743.75;1475
20180301 185100;6744;6749.25;6743.25;6746.5;1475
20180301 185200;6746.25;6752.25;6746.25;6751.25;1457
20180301 185300;6751.75;6754;6744.25;6746;1178
20180301 185400;6746.25;6752.75;6745;6752.25;1159
20180301 185500;6752.25;6753;6743.75;6745.25;957
20180301 185600;6744.75;6745.5;6733;6734;1696
20180301 185700;6733.5;6739.75;6731.25;6733.5;1281
20180301 185800;6733.75;6733.75;6727.25;6729.25;1855
20180301 185900;6729;6734.75;6728.5;6733.75;1493
20180301 190000;6733.75;6734.75;6722.25;6722.5;1862
20180301 190100;6722.75;6726.75;6716.75;6722.25;3596
20180301 190200;6722;6725.25;6707.25;6707.25;4293
20180301 190300;6707.5;6713.5;6697.25;6701.25;5476
20180301 190400;6701.5;6710.5;6699;6703.5;4461
20180301 190500;6703.5;6716.5;6703;6713.25;2933
20180301 190600;6713.25;6714.5;6704.25;6714.5;2029
20180301 190700;6714.25;6725.5;6713.5;6724.75;2754
20180301 190800;6724.25;6727.25;6719.5;6722.5;2989
20180301 190900;6722.75;6728.25;6715.75;6718.75;2005
20180301 191000;6719;6719.75;6711.5;6713.25;2434
20180301 191100;6713.25;6721.25;6710;6714.25;1904
20180301 191200;6714.5;6715.25;6703;6703.75;2097
20180301 191300;6703.5;6704.25;6697;6699.75;2197
20180301 191400;6699.25;6708.25;6697.5;6698;2337
20180301 191500;6698.25;6698.5;6689;6691;3227
20180301 191600;6691.25;6701;6689;6694;2611
20180301 191700;6694.25;6702;6693.25;6700.25;2253
20180301 191800;6700;6709.25;6700;6704.75;2275
20180301 191900;6705;6713.25;6703.25;6713.25;1377
20180301 192000;6713;6722.5;6711.5;6720.75;1808
20180301 192100;6720.75;6727;6717.5;6726.25;1987
20180301 192200;6726.25;6732.5;6722.25;6729.25;1934
20180301 192300;6729.75;6733.75;6719;6721.5;1948
20180301 192400;6721.25;6725.25;6716;6721;2219
20180301 192500;6721.5;6727.5;6720;6723.25;1051
20180301 192600;6723.5;6726.25;6713.5;6718;1972
20180301 192700;6718.5;6722.25;6711.5;6717.75;1639
20180301 192800;6718;6733.75;6715.25;6727.5;1481
20180301 192900;6727.75;6734.75;6727;6729;1265
20180301 193000;6729.25;6737.75;6725.75;6737;1417
20180301 193100;6736.75;6742.5;6729.5;6733.25;2483
20180301 193200;6732.5;6733;6719.25;6724.25;1328
20180301 193300;6724.25;6726.25;6715.25;6716.75;1353
20180301 193400;6716.5;6732.5;6715.75;6727;1489
20180301 193500;6727.25;6734.5;6726.25;6728.5;1163
20180301 193600;6728.25;6731.25;6713.75;6718.25;2224
20180301 193700;6718.25;6719.25;6710.75;6711.5;1907
20180301 193800;6712.25;6727;6711.75;6727;1444
20180301 193900;6727.25;6727.25;6714.75;6715;1065
20180301 194000;6715;6720.75;6712.5;6716.25;1030
20180301 194100;6717;6733.75;6714.5;6731.75;3252
20180301 194200;6732.25;6741.25;6729.25;6739.75;2232
20180301 194300;6739.25;6743.5;6736.25;6737.5;1348
20180301 194400;6737.25;6740;6731.25;6733.25;1864
20180301 194500;6733;6742;6727;6737.25;2365
20180301 194600;6736.75;6744.75;6732.75;6743.75;1945
20180301 194700;6743.25;6750.75;6738;6738.75;2378
20180301 194800;6738.25;6743;6735.75;6736.75;1387
20180301 194900;6737;6746.5;6736.5;6738.5;1064
20180301 195000;6738.5;6740;6728;6730;1388
20180301 195100;6729.5;6740;6729;6736.5;1165
20180301 195200;6736.25;6737.25;6731.5;6736.25;1405
20180301 195300;6736;6737.25;6724.5;6727.75;1363
20180301 195400;6728.25;6744.5;6726.5;6744;1442
20180301 195500;6743.75;6746;6731.75;6733.75;1348
20180301 195600;6733.5;6743.75;6732.5;6739.75;942
20180301 195700;6740.25;6743.75;6734.25;6737.5;851
20180301 195800;6738;6744;6736;6743.5;812
20180301 195900;6743.75;6744.25;6730.25;6734;1540
20180301 200000;6733.75;6744.75;6733.75;6741.75;947
20180301 200100;6741.25;6746.25;6736.25;6739.5;1426
20180301 200200;6739.5;6740.75;6727.5;6728.75;1461
20180301 200300;6728;6729;6720.25;6720.5;1828
20180301 200400;6720.75;6729.25;6720;6728.25;1330
20180301 200500;6728;6728.25;6718.25;6721;1593
20180301 200600;6721.25;6727.75;6720.25;6725.25;1280
20180301 200700;6725.5;6736.25;6723.25;6734.75;1665
20180301 200800;6734.75;6751.25;6733.75;6748.5;2727
20180301 200900;6748;6757.75;6745;6757.5;2675
20180301 201000;6757.25;6758.75;6753.75;6755.5;1726
20180301 201100;6755.25;6755.75;6748.5;6750;1260
20180301 201200;6750;6751.5;6744;6751.5;1682
20180301 201300;6751.25;6762.5;6750.75;6759;1829
20180301 201400;6759;6769.75;6758.5;6768.5;2709
20180301 201500;6768;6774.5;6765;6767;2782
20180301 201600;6767;6771.25;6761.5;6768.5;2207
20180301 201700;6768;6775;6766;6768.25;1810
20180301 201800;6768.25;6774.75;6766.75;6769.25;1241
20180301 201900;6769.75;6773;6763.5;6766.5;1353
20180301 202000;6766.5;6783;6765.5;6783;3413
20180301 202100;6783.25;6788.5;6779;6781;3264
20180301 202200;6780.75;6784;6770.5;6770.75;2850
20180301 202300;6770.75;6771.75;6766.75;6769.25;1796
20180301 202400;6769.25;6783;6769;6782.75;1720
20180301 202500;6782.75;6783.75;6768;6768;1892
20180301 202600;6768;6775.75;6767.25;6771.75;1094
20180301 202700;6772;6778.75;6769.25;6771.75;1226
20180301 202800;6772;6778.25;6769.5;6772;1028
20180301 202900;6772.25;6783.5;6771.5;6782.25;1416
20180301 203000;6782.75;6782.75;6769.25;6771.25;1332
20180301 203100;6771.75;6781.25;6768.25;6769;1490
20180301 203200;6768.75;6771;6758.25;6758.25;2244
20180301 203300;6758.5;6761.5;6749;6749.5;1780
20180301 203400;6749.75;6750.75;6740.75;6740.75;1638
20180301 203500;6741;6755.5;6740.25;6753;1639
20180301 203600;6753;6754.25;6742.75;6743.75;1071
20180301 203700;6744;6751.5;6736.25;6739.75;1681
20180301 203800;6739.75;6746.75;6736.25;6737.25;1753
20180301 203900;6737;6745.25;6736.25;6743.25;900
20180301 204000;6743.75;6743.75;6732.25;6732.5;1188
20180301 204100;6732.25;6733.25;6727;6728.75;1549
20180301 204200;6729;6735.25;6726.5;6726.75;1026
20180301 204300;6726.75;6736.75;6726.75;6736.25;1149
20180301 204400;6736;6745.75;6733.75;6741.5;1273
20180301 204500;6741.25;6742;6733.75;6736;1302
20180301 204600;6736.25;6754.5;6730.25;6753;3213
20180301 204700;6752.75;6755;6744.25;6754.5;2004
20180301 204800;6754.25;6758.75;6746;6746;1505
20180301 204900;6746;6749.75;6739.5;6741.25;1533
20180301 205000;6741.5;6752.5;6739.75;6751.5;1391
20180301 205100;6751.5;6766.5;6751.5;6763.25;3335
20180301 205200;6763;6764;6755;6761.25;2799
20180301 205300;6761.5;6767.25;6758;6766.25;1702
20180301 205400;6766.25;6771;6764;6767.5;1782
20180301 205500;6767.5;6767.75;6757.25;6764.25;1921
20180301 205600;6764.5;6770.75;6764;6766.75;1913
20180301 205700;6767.25;6770.25;6760.75;6769.5;2049
20180301 205800;6769.5;6769.5;6754.5;6755.75;2288
20180301 205900;6756;6759;6747;6750.75;2408
20180301 210000;6750.75;6759;6748;6753;4255
20180301 210100;6752.5;6756.25;6748.75;6754.25;2475
20180301 210200;6754.5;6762.25;6754.5;6761.5;1422
20180301 210300;6761.25;6761.5;6751.75;6752.75;1205
20180301 210400;6752.5;6755.75;6751.75;6755.75;444
20180301 210500;6756;6756.25;6752.25;6754.5;359
20180301 210600;6754.75;6760;6754.75;6760;360
20180301 210700;6760.25;6761;6757;6759;295
20180301 210800;6758.5;6763.5;6757.75;6763.5;346
20180301 210900;6763;6764;6761.25;6762;767
20180301 211000;6761.75;6762.5;6759.25;6761.25;319
20180301 211100;6761.25;6766.5;6761.25;6766;558
20180301 211200;6766;6771;6766;6770.5;751
20180301 211300;6770.25;6771;6766.25;6767;292
20180301 211400;6767.25;6768.25;6766;6768.25;177
20180301 211500;6768;6768.5;6754;6760.5;2423
20180301 213100;6759.75;6760;6755.5;6755.75;71
20180301 213200;6757.25;6761.5;6757;6759;36
20180301 213300;6758.5;6758.5;6756.5;6757;53
20180301 213400;6757.25;6760;6757;6760;13
20180301 213500;6759.5;6761;6759.5;6760.5;33
20180301 213600;6760.25;6763;6760;6762.75;24
20180301 213700;6762.5;6762.5;6760.75;6762.5;26
20180301 213800;6762.75;6766;6762.75;6766;63
20180301 213900;6766.25;6768.25;6765.75;6765.75;74
20180301 214000;6766;6767.75;6765.75;6767.25;16
20180301 214100;6767.75;6768;6765.75;6766.25;27
20180301 214200;6766.75;6768;6766.5;6767.75;42
20180301 214300;6767.75;6767.75;6767.75;6767.75;2
20180301 214400;6767;6768;6766.25;6767.75;15
20180301 214500;6767.75;6767.75;6765;6765.75;52
20180301 214600;6765.5;6765.75;6764.75;6765.75;14
20180301 214700;6765.5;6765.75;6765.5;6765.5;10
20180301 214800;6765;6765;6762.25;6762.25;20
20180301 214900;6762.25;6762.75;6759.25;6760.25;20
20180301 215000;6759.5;6760.5;6759.25;6760.25;26
20180301 215100;6760.5;6761.5;6759.75;6761.5;69
20180301 215200;6761.75;6763.25;6760;6760;35
20180301 215300;6760;6760.5;6758.75;6760.25;29
20180301 215400;6761.75;6762;6760.75;6760.75;23
20180301 215500;6760;6763.5;6760;6763.25;27
20180301 215600;6764;6767.75;6764;6767;27
20180301 215700;6766.5;6767.75;6765.25;6765.25;48
20180301 215800;6766;6767;6764;6765.5;21
20180301 215900;6765.5;6767.75;6765;6765.75;30
20180301 220000;6765.5;6766.75;6764.25;6765.75;26
20180301 230100;6763.75;6769.5;6763.75;6768.5;341
20180301 230200;6768.5;6773;6768.5;6769.75;124
20180301 230300;6769.75;6771;6769;6770.5;83
20180301 230400;6770;6772.5;6770;6772;88
20180301 230500;6772.25;6773.25;6772.25;6773.25;65
20180301 230600;6772.75;6774;6772.5;6773.5;98
20180301 230700;6774;6775.25;6773.75;6774.5;107
20180301 230800;6774.5;6775.25;6772;6773.25;71
20180301 230900;6773.5;6773.5;6771.25;6772;60
20180301 231000;6772.25;6772.75;6771;6771.5;96
20180301 231100;6771.25;6774;6771;6772.75;116
20180301 231200;6772.5;6774.25;6772.5;6773;27
20180301 231300;6772.75;6773;6772.25;6772.25;31
20180301 231400;6772;6772;6771;6771;34
20180301 231500;6771.25;6772;6771;6771.5;20
20180301 231600;6771.5;6771.5;6770;6770.5;64
20180301 231700;6771;6771;6770.25;6770.25;16
20180301 231800;6770.25;6770.25;6768.25;6768.25;44
20180301 231900;6768;6768.25;6766.75;6768;80
20180301 232000;6768.25;6768.25;6766.5;6766.75;25
20180301 232100;6766.5;6767;6764.25;6764.5;64
20180301 232200;6764.5;6765.25;6764;6765.25;29
20180301 232300;6765.5;6767;6764.75;6766.5;42
20180301 232400;6767;6768;6766;6767.25;42
20180301 232500;6766.75;6766.75;6764;6765;38
20180301 232600;6764.75;6764.75;6762;6762.75;66
20180301 232700;6762.5;6762.75;6758.5;6759;63
20180301 232800;6759;6761.5;6758.25;6761.5;63
20180301 232900;6761.25;6761.25;6761;6761;5
20180301 233000;6760.75;6761.5;6759.75;6759.75;54
20180301 233100;6759.75;6763.25;6759.75;6762.25;97
20180301 233200;6762.25;6763.25;6761.5;6763.25;51
20180301 233300;6763;6765.25;6763;6765.25;37
20180301 233400;6764.75;6766.75;6764.75;6765.5;22
20180301 233500;6765.25;6767;6764.75;6767;25
20180301 233600;6766.75;6769.5;6766;6768.75;31
20180301 233700;6768.75;6770.75;6768.75;6769.25;33
20180301 233800;6769.25;6769.75;6769.25;6769.5;13
20180301 233900;6769.25;6770.25;6768.75;6769.25;42
20180301 234000;6769;6769.25;6768.5;6769.25;8
20180301 234100;6769.5;6769.75;6768.75;6768.75;22
20180301 234200;6768.75;6768.75;6767.5;6767.5;27
20180301 234300;6767.25;6768.25;6766.25;6767;40
20180301 234400;6766.75;6766.75;6766;6766;34
20180301 234500;6766.25;6766.75;6765;6765.25;36
20180301 234600;6765;6766.75;6764.75;6766.25;71
20180301 234700;6766.5;6766.5;6765.5;6765.75;13
20180301 234800;6765.5;6765.5;6763.75;6765.5;38
20180301 234900;6765.25;6767;6765.25;6766.75;16
20180301 235000;6767.5;6767.75;6766.75;6767.25;17
20180301 235100;6767.5;6768;6767;6767;51
20180301 235200;6766.5;6768.25;6766.5;6767.75;31
20180301 235300;6767.25;6768.75;6767.25;6767.75;29
20180301 235400;6768.25;6768.25;6767.25;6767.75;25
20180301 235500;6767.75;6768.5;6767.25;6768.5;21
20180301 235600;6768;6768;6766.25;6767.75;69
20180301 235700;6767.5;6768.5;6767;6768.5;38
20180301 235800;6768.25;6768.5;6767.5;6768.5;33
20180301 235900;6768.25;6770.25;6768.25;6769.75;44
20180302 000000;6770;6770.25;6769.75;6770;23
20180302 000100;6770.25;6772.75;6769.75;6772.25;123
20180302 000200;6772.25;6773.5;6769.75;6770;141
20180302 000300;6770;6771;6769.5;6770.25;58
20180302 000400;6770.75;6772;6770.5;6771.5;67
20180302 000500;6771;6772.5;6769.75;6771.25;73
20180302 000600;6771.5;6772.75;6770.75;6772.75;62
20180302 000700;6773;6773.75;6772;6772.75;107
20180302 000800;6772.5;6774.25;6771;6774.25;85
20180302 000900;6774.25;6774.5;6772.25;6772.5;66
20180302 001000;6772.5;6773.25;6771.75;6772.25;73
20180302 001100;6771.75;6773.25;6771;6773.25;56
20180302 001200;6773.5;6773.5;6771.5;6772.5;85
20180302 001300;6772;6772.75;6771;6772.5;58
20180302 001400;6773;6773.5;6772.75;6773;52
20180302 001500;6773.5;6773.75;6772.75;6773.5;22
20180302 001600;6773.5;6775.75;6773.25;6775.5;163
20180302 001700;6775.75;6776.5;6774.75;6775.25;49
20180302 001800;6775.5;6776.5;6775.5;6776;39
20180302 001900;6776;6777;6775;6776.5;57
20180302 002000;6776.5;6776.75;6773;6773.25;96
20180302 002100;6773.5;6775.5;6773.5;6774.5;80
20180302 002200;6773.75;6774.75;6773.75;6774.5;19
20180302 002300;6774.5;6775.75;6774;6775.25;46
20180302 002400;6775.25;6777.75;6775;6776.75;99
20180302 002500;6777;6778;6777;6777.5;33
20180302 002600;6776.75;6777.5;6776;6776.75;63
20180302 002700;6777;6777.5;6776.75;6777.5;16
20180302 002800;6777;6777.5;6776.25;6777;39
20180302 002900;6776.75;6777.5;6776.75;6777.5;36
20180302 003000;6777.5;6778;6776.75;6777.5;52
20180302 003100;6777.25;6777.5;6776.5;6776.75;33
20180302 003200;6777;6777;6774.5;6775;57
20180302 003300;6775;6776.25;6774.5;6776;60
20180302 003400;6776;6776.25;6775.25;6775.5;27
20180302 003500;6775.5;6775.75;6775;6775;28
20180302 003600;6775;6775;6774;6774;47
20180302 003700;6773.75;6774.75;6773.5;6774.75;55
20180302 003800;6775;6775.75;6774.25;6775.75;52
20180302 003900;6775.5;6776;6775.25;6776;17
20180302 004000;6776;6776.75;6775.5;6775.75;23
20180302 004100;6775.75;6776.75;6775.75;6776.25;30
20180302 004200;6775.75;6776.25;6775;6775;24
20180302 004300;6774.75;6776;6774.75;6776;21
20180302 004400;6775.75;6776.75;6775.75;6776.75;32
20180302 004500;6777;6777.5;6776.5;6777;37
20180302 004600;6776.75;6776.75;6775.75;6776.5;37
20180302 004700;6776;6776.5;6775;6775.75;17
20180302 004800;6775.75;6776.25;6775.5;6776.25;23
20180302 004900;6776.25;6776.75;6776;6776;15
20180302 005000;6776;6776;6774.5;6775;15
20180302 005100;6775.25;6775.25;6774.75;6775;16
20180302 005200;6774.75;6775;6772.75;6773.25;51
20180302 005300;6773;6774.5;6773;6774.5;30
20180302 005400;6774.5;6774.5;6773.75;6774;14
20180302 005500;6773.5;6775.25;6773.5;6774.25;56
20180302 005600;6774.5;6776.5;6774.25;6776;56
20180302 005700;6775.75;6776.75;6775.75;6776.5;14
20180302 005800;6776.25;6776.75;6776;6776.75;30
20180302 005900;6776.5;6776.75;6775.75;6775.75;12
20180302 010000;6775.75;6777;6775.25;6776.75;39
20180302 010100;6777;6777.75;6776.25;6777.25;55
20180302 010200;6777.75;6778.25;6777.5;6778;63
20180302 010300;6778;6778;6776.5;6776.75;102
20180302 010400;6776.5;6776.5;6775;6775;41
20180302 010500;6775;6775;6773.5;6774;91
20180302 010600;6774;6774;6773.25;6773.75;67
20180302 010700;6774;6774;6772.75;6773.5;48
20180302 010800;6773.25;6774.5;6772.5;6774.25;40
20180302 010900;6774.25;6775;6774;6775;24
20180302 011000;6775.25;6776.5;6775.25;6776;52
20180302 011100;6775.5;6777.5;6775.25;6776.25;53
20180302 011200;6776;6776;6774.75;6776;33
20180302 011300;6775.25;6775.75;6775;6775;36
20180302 011400;6775;6775.5;6774;6774.25;49
20180302 011500;6774;6774.5;6773.5;6773.5;26
20180302 011600;6773.25;6774;6771.5;6772;100
20180302 011700;6772.25;6773;6771.5;6771.75;65
20180302 011800;6771.75;6773.25;6771.5;6773.25;34
20180302 011900;6773;6773.25;6770.5;6771;88
20180302 012000;6770.75;6771;6765.5;6766;170
20180302 012100;6765.5;6768.75;6765.5;6767.75;113
20180302 012200;6767.5;6767.75;6766.5;6767.75;51
20180302 012300;6768;6768.75;6767.25;6768;34
20180302 012400;6767.75;6768.25;6766.25;6766.25;33
20180302 012500;6766;6766.5;6764;6765;123
20180302 012600;6764.75;6764.75;6762.5;6763.25;86
20180302 012700;6763;6765.5;6762.75;6765.25;114
20180302 012800;6765.25;6765.5;6763;6765;121
20180302 012900;6765.25;6765.25;6762.25;6763.25;69
20180302 013000;6763.25;6766.25;6762;6766.25;166
20180302 013100;6765.75;6768;6764.5;6766.5;231
20180302 013200;6766.75;6770.5;6766.75;6768;139
20180302 013300;6768;6771.25;6767.25;6770.5;95
20180302 013400;6770.5;6771.25;6769;6771.25;72
20180302 013500;6770.5;6771.5;6769.75;6770.5;58
20180302 013600;6770.75;6771;6767.25;6767.5;92
20180302 013700;6767;6767.25;6764.75;6766;102
20180302 013800;6765.75;6765.75;6764;6765.25;53
20180302 013900;6764.75;6765;6755.25;6758.25;437
20180302 014000;6757.75;6759.25;6755.5;6757.25;239
20180302 014100;6757.5;6763;6757.5;6762.75;209
20180302 014200;6762.5;6762.5;6759;6760.5;166
20180302 014300;6761;6762.75;6760.75;6762;82
20180302 014400;6762;6765;6762;6763.75;217
20180302 014500;6763.75;6765.5;6762.5;6764.75;363
20180302 014600;6765.25;6768.25;6763.25;6767.5;637
20180302 014700;6767.5;6769.5;6766.5;6766.5;191
20180302 014800;6766.25;6767.5;6765;6765.75;131
20180302 014900;6765.75;6766;6764.5;6764.75;69
20180302 015000;6765;6765.75;6764.25;6764.75;25
20180302 015100;6764.75;6765;6763.5;6764.25;55
20180302 015200;6763.75;6764.25;6761.5;6762.25;91
20180302 015300;6762.75;6765;6762.5;6763.25;72
20180302 015400;6763.25;6765.5;6761.75;6764.75;142
20180302 015500;6765;6766.5;6764;6765;61
20180302 015600;6765;6766.75;6764.75;6766;104
20180302 015700;6766.75;6768.5;6766.25;6767.5;47
20180302 015800;6767.25;6767.5;6765.25;6766.5;40
20180302 015900;6766;6768.25;6765.25;6767.25;338
20180302 020000;6767.5;6768;6765.75;6766.5;34
20180302 020100;6766.25;6766.25;6764.5;6764.75;54
20180302 020200;6765;6766.25;6764.5;6765.5;47
20180302 020300;6765.5;6765.5;6761.75;6761.75;45
20180302 020400;6762;6764;6761.75;6763.75;36
20180302 020500;6763.75;6764.25;6762;6763.75;69
20180302 020600;6763.5;6763.5;6761;6761.25;48
20180302 020700;6761.25;6761.25;6760;6761;33
20180302 020800;6760.5;6762.5;6760.25;6761;43
20180302 020900;6760.75;6761.75;6760.25;6760.5;22
20180302 021000;6760.25;6760.75;6759.25;6759.75;46
20180302 021100;6759.75;6760;6757.5;6757.5;33
20180302 021200;6757.5;6759.25;6756;6758.5;68
20180302 021300;6758.5;6761;6758.5;6761;58
20180302 021400;6760.5;6762.5;6760;6762.25;83
20180302 021500;6762.5;6762.5;6760.75;6762;49
20180302 021600;6762;6763.25;6761.5;6762.25;66
20180302 021700;6762.25;6762.75;6761.25;6761.25;20
20180302 021800;6761.5;6762;6759;6760;92
20180302 021900;6760;6760.75;6759;6760;368
20180302 022000;6760.5;6761;6759.75;6760.5;54
20180302 022100;6760.75;6762.5;6760.75;6762.5;26
20180302 022200;6762.5;6764.25;6762;6763.5;49
20180302 022300;6763.5;6763.75;6761;6761;57
20180302 022400;6761.5;6762.5;6761.25;6761.75;34
20180302 022500;6762.25;6762.5;6761.75;6762.5;8
20180302 022600;6762.75;6763.75;6761.75;6762.5;39
20180302 022700;6762.75;6764.5;6761;6761.5;276
20180302 022800;6761.75;6763.25;6759.5;6759.5;266
20180302 022900;6760.25;6761;6760;6760;22
20180302 023000;6759.75;6760.25;6758.75;6758.75;37
20180302 023100;6759;6759;6754.5;6755;113
20180302 023200;6755;6755.25;6751;6752.25;262
20180302 023300;6752.25;6752.75;6750;6752.25;176
20180302 023400;6752.25;6754;6752.25;6753.75;48
20180302 023500;6753.75;6753.75;6751.75;6752;44
20180302 023600;6751.75;6752.5;6750.75;6752.5;40
20180302 023700;6752.25;6753.5;6751.25;6751.5;45
20180302 023800;6751;6752;6750.5;6751.25;46
20180302 023900;6751;6752;6749.25;6750.5;119
20180302 024000;6750;6750;6748;6748.75;162
20180302 024100;6748.5;6748.75;6746.5;6746.75;160
20180302 024200;6746.75;6748.75;6746.5;6748.5;83
20180302 024300;6748.75;6751;6748.5;6749.5;79
20180302 024400;6749.5;6751;6749;6750.25;76
20180302 024500;6750.5;6752.25;6750.25;6750.25;157
20180302 024600;6750.5;6750.5;6746;6746.75;71
20180302 024700;6746.5;6746.75;6741;6744;307
20180302 024800;6743.5;6744;6741.25;6741.75;105
20180302 024900;6741.75;6745;6741.75;6743.25;103
20180302 025000;6743.75;6745.25;6743;6745.25;32
20180302 025100;6745;6745.25;6744;6745.25;41
20180302 025200;6745.25;6745.25;6744;6745;29
20180302 025300;6745;6745.5;6744;6745.25;56
20180302 025400;6745.75;6750.75;6745.75;6748.75;225
20180302 025500;6749;6753.5;6749;6752.5;120
20180302 025600;6752.25;6752.25;6750;6751.75;110
20180302 025700;6752;6752.5;6750.25;6751.5;61
20180302 025800;6752.25;6753;6751.25;6752;75
20180302 025900;6752;6752;6750.75;6751.5;29
20180302 030000;6751;6751.5;6748;6751.25;90
20180302 030100;6751.75;6754.25;6751.5;6752;87
20180302 030200;6752.5;6756;6752;6754.25;170
20180302 030300;6753.75;6754.5;6750;6751;83
20180302 030400;6750.75;6754;6750.5;6753;44
20180302 030500;6752.75;6754.5;6752.75;6753.5;29
20180302 030600;6753.75;6755.75;6753.75;6755.25;65
20180302 030700;6755.25;6755.25;6751.5;6751.5;59
20180302 030800;6751.75;6752.5;6750;6750.5;60
20180302 030900;6750.5;6751.75;6749;6751.75;96
20180302 031000;6751.5;6752;6751;6751.25;32
20180302 031100;6751.75;6752.25;6748;6748;54
20180302 031200;6747.75;6750;6747.75;6749.25;43
20180302 031300;6749;6749.5;6748.75;6749.25;11
20180302 031400;6749;6749.25;6744.5;6747.5;164
20180302 031500;6747.75;6750;6747;6748.75;55
20180302 031600;6748.5;6748.75;6746.5;6747.5;41
20180302 031700;6747.5;6749.75;6747.5;6749.75;66
20180302 031800;6749.75;6750.5;6748;6750.5;65
20180302 031900;6750.5;6751;6749.25;6750.75;33
20180302 032000;6750.75;6751.75;6748.25;6749;114
20180302 032100;6749;6752;6749;6751;83
20180302 032200;6750.75;6750.75;6749.25;6749.5;57
20180302 032300;6749.75;6752.5;6749.75;6751;67
20180302 032400;6752;6752.5;6751.25;6752;9
20180302 032500;6751.75;6753.75;6751.75;6753.25;47
20180302 032600;6752.75;6754;6752.5;6753.25;67
20180302 032700;6753.25;6754.25;6753.25;6754;38
20180302 032800;6754.25;6756.5;6754;6756.5;45
20180302 032900;6756.25;6757;6754.75;6756.25;84
20180302 033000;6756.25;6760.25;6755.25;6760.25;224
20180302 033100;6759.75;6760.5;6756.75;6758;102
20180302 033200;6758;6758.5;6755;6757.5;123
20180302 033300;6757.25;6759.5;6756;6758.75;70
20180302 033400;6758.5;6760.5;6758.5;6760;67
20180302 033500;6760;6763.75;6759.5;6760.75;166
20180302 033600;6761;6761.75;6760.5;6760.5;50
20180302 033700;6760.75;6761.75;6759.25;6759.25;48
20180302 033800;6759.75;6761.5;6759.75;6760.25;42
20180302 033900;6760.25;6761.75;6760;6761.5;42
20180302 034000;6761;6761.25;6758;6758.5;43
20180302 034100;6758.5;6760.75;6758.5;6760;48
20180302 034200;6759.25;6759.75;6758.25;6759.75;38
20180302 034300;6759.25;6760.25;6753;6753.25;163
20180302 034400;6753.25;6755;6748.75;6749;244
20180302 034500;6749.5;6752.25;6749.5;6752.25;80
20180302 034600;6751.5;6752.5;6749.75;6750.5;58
20180302 034700;6751.25;6752;6750.75;6751.5;23
20180302 034800;6751.5;6752.5;6751;6751.75;29
20180302 034900;6752.5;6753.25;6750.25;6752.25;73
20180302 035000;6752.5;6753.25;6751.25;6751.75;34
20180302 035100;6752.25;6752.5;6751.5;6752.25;17
20180302 035200;6752.25;6752.25;6749.25;6750.5;77
20180302 035300;6750.5;6752;6750.5;6752;28
20180302 035400;6752;6752.75;6752;6752.5;18
20180302 035500;6752;6752.25;6751.25;6752;25
20180302 035600;6752.25;6752.25;6751;6752.25;21
20180302 035700;6752.25;6754;6752.25;6754;20
20180302 035800;6754.25;6754.5;6750;6750;63
20180302 035900;6750;6750.25;6747.25;6748.25;108
20180302 040000;6748.25;6750.75;6748;6750;80
20180302 040100;6750.25;6751;6749.75;6751;40
20180302 040200;6750.75;6750.75;6749.75;6750.75;19
20180302 040300;6751.25;6752.75;6751;6752.75;29
20180302 040400;6752.5;6753.25;6752;6752.75;25
20180302 040500;6753.25;6754;6752.5;6753.25;51
20180302 040600;6753.25;6754;6752.75;6754;21
20180302 040700;6754;6754.25;6753.25;6753.5;27
20180302 040800;6753.75;6755;6753.75;6755;40
20180302 040900;6754.75;6755.25;6753;6754.25;28
20180302 041000;6754.25;6755;6753.5;6755;25
20180302 041100;6755.25;6755.75;6753.75;6755;75
20180302 041200;6755.25;6755.25;6753;6753.25;42
20180302 041300;6753;6754.5;6753;6754.25;20
20180302 041400;6754.5;6757.5;6754.5;6756.5;81
20180302 041500;6757.25;6758.5;6756.75;6757;86
20180302 041600;6757.5;6757.75;6755.5;6756.75;53
20180302 041700;6756.75;6757;6755.5;6757;38
20180302 041800;6757;6758.25;6756.25;6758;56
20180302 041900;6758.5;6758.5;6757.5;6758.25;23
20180302 042000;6758.25;6758.75;6757;6757;32
20180302 042100;6757;6757;6755;6755.75;102
20180302 042200;6755.75;6756.5;6755.75;6756.5;27
20180302 042300;6756.75;6756.75;6756.25;6756.25;8
20180302 042400;6757;6758.5;6757;6758.5;36
20180302 042500;6758.5;6760.25;6758.25;6759.25;93
20180302 042600;6759.25;6763;6759.25;6762.75;143
20180302 042700;6763;6764.5;6762.75;6763.5;78
20180302 042800;6763.75;6765.5;6763.25;6765.5;117
20180302 042900;6764.75;6766.75;6764.25;6765.25;162
20180302 043000;6765.5;6766.75;6764.5;6766.5;81
20180302 043100;6766.25;6767;6766;6766.5;65
20180302 043200;6766.5;6766.75;6765.75;6766.75;35
20180302 043300;6766.75;6767.25;6766;6766.5;42
20180302 043400;6766.75;6768.75;6765.5;6768.75;104
20180302 043500;6768.75;6771.25;6768;6770;191
20180302 043600;6770.5;6771;6768.75;6769;104
20180302 043700;6769.25;6769.5;6767;6767.75;72
20180302 043800;6768;6768.25;6766.75;6767;29
20180302 043900;6766.5;6767.5;6765.25;6766.5;71
20180302 044000;6766;6767.25;6765.5;6766.75;35
20180302 044100;6766.75;6768.25;6766.75;6767.5;50
20180302 044200;6767.75;6768.25;6766.75;6768.25;45
20180302 044300;6768;6768;6765.75;6766;49
20180302 044400;6765.75;6767.5;6765.25;6767.5;43
20180302 044500;6766.75;6767.5;6766.5;6767;21
20180302 044600;6766.5;6767;6765.25;6767;42
20180302 044700;6767.5;6768.75;6767.5;6768.5;41
20180302 044800;6768.75;6769.5;6767.5;6768.25;78
20180302 044900;6767.25;6768;6766.5;6767;31
20180302 045000;6766.75;6767.5;6765.5;6766.25;50
20180302 045100;6765.5;6766.25;6764.5;6766;68
20180302 045200;6766;6767;6766;6766.75;24
20180302 045300;6767.5;6768.25;6767.5;6767.5;26
20180302 045400;6768;6769;6767.5;6767.5;24
20180302 045500;6767.25;6767.25;6765.25;6766.5;75
20180302 045600;6766.25;6767.25;6766.25;6767;14
20180302 045700;6767.25;6767.75;6766.75;6767.5;15
20180302 045800;6767.25;6767.75;6766.5;6767.75;21
20180302 045900;6767.25;6768;6767.25;6767.75;14
20180302 050000;6767.5;6767.5;6764.75;6764.75;45
20180302 050100;6765;6766.5;6764.25;6765.5;73
20180302 050200;6766.25;6767;6765.5;6765.75;46
20180302 050300;6765.5;6767;6765.5;6766.75;28
20180302 050400;6766.75;6768.25;6766.75;6768.25;32
20180302 050500;6768;6771;6768;6770.75;146
20180302 050600;6770.25;6770.25;6768;6769;49
20180302 050700;6769;6771.25;6768.25;6769.75;83
20180302 050800;6769.75;6769.75;6768;6769;89
20180302 050900;6769.75;6770.75;6769;6769;120
20180302 051000;6769.25;6772;6768.25;6772;70
20180302 051100;6772;6773;6764.75;6767;145
20180302 051200;6766.5;6768;6765.75;6767.25;62
20180302 051300;6767.75;6767.75;6765.25;6765.25;74
20180302 051400;6765.75;6767.5;6765.25;6766.25;50
20180302 051500;6765.75;6766.25;6765.5;6766.25;30
20180302 051600;6766.5;6767;6765.75;6766.5;33
20180302 051700;6766.5;6767.75;6766.5;6767.75;29
20180302 051800;6767.5;6769;6766.75;6767.75;69
20180302 051900;6766.75;6767.25;6766.5;6767.25;13
20180302 052000;6767;6767;6765;6766.5;49
20180302 052100;6766.25;6766.75;6765.75;6766.75;34
20180302 052200;6766.75;6767;6766.25;6767;19
20180302 052300;6767.25;6767.5;6765.25;6766;40
20180302 052400;6766;6767.25;6766;6767.25;6
20180302 052500;6767.25;6768.5;6766.5;6766.5;40
20180302 052600;6767;6767.5;6766.75;6767.25;14
20180302 052700;6766.75;6767.5;6766.75;6767;27
20180302 052800;6767.25;6768;6766.5;6767.25;26
20180302 052900;6767.25;6767.75;6766.25;6767.5;30
20180302 053000;6767.75;6768.75;6767.75;6768.75;17
20180302 053100;6768.5;6769;6767.5;6768;39
20180302 053200;6767.75;6768;6766.75;6767.75;25
20180302 053300;6768;6768.25;6767;6767.75;17
20180302 053400;6767.5;6767.5;6765.25;6765.75;50
20180302 053500;6765.75;6766.75;6765;6766.25;113
20180302 053600;6766;6766.75;6765.5;6766.5;38
20180302 053700;6766.5;6767.75;6766.5;6767;26
20180302 053800;6767.75;6768.5;6767.75;6768.5;10
20180302 053900;6768.75;6768.75;6767.5;6767.75;11
20180302 054000;6768.25;6768.25;6767;6767.25;14
20180302 054100;6766.5;6767.25;6766.5;6766.5;19
20180302 054200;6767.25;6767.25;6766.75;6767;9
20180302 054300;6767;6767.25;6766;6767.25;18
20180302 054400;6767.25;6767.25;6766.5;6767.25;15
20180302 054500;6767;6767.75;6767;6767.75;9
20180302 054600;6768;6769;6767.25;6767.25;34
20180302 054700;6767.25;6768;6767;6767.75;29
20180302 054800;6768;6768;6767.5;6767.5;10
20180302 054900;6767.75;6768.25;6766.75;6767.25;26
20180302 055000;6767;6767.75;6766.5;6766.5;16
20180302 055100;6766.75;6767.75;6766;6766.5;43
20180302 055200;6766;6766.75;6765.5;6766;27
20180302 055300;6766.5;6766.5;6764;6764.5;49
20180302 055400;6764.25;6765;6762.25;6762.5;73
20180302 055500;6762.5;6762.5;6759.5;6760.75;109
20180302 055600;6760.5;6762.5;6759.5;6759.75;118
20180302 055700;6759.75;6760.5;6758.5;6759.75;76
20180302 055800;6759.5;6760;6758.75;6760;51
20180302 055900;6760.25;6760.25;6758.75;6758.75;36
20180302 060000;6759.5;6762.75;6759.5;6762.25;75
20180302 060100;6762.75;6763.25;6760.5;6761.5;91
20180302 060200;6761;6761.5;6760.5;6760.5;20
20180302 060300;6761;6763.5;6760;6762.75;51
20180302 060400;6762.5;6763;6761;6761.25;22
20180302 060500;6761;6762;6760.5;6760.5;20
20180302 060600;6760.75;6761.75;6760.5;6761.75;16
20180302 060700;6761.75;6763.25;6761.75;6762.75;18
20180302 060800;6762.75;6764.75;6762.25;6764;61
20180302 060900;6764;6766;6763.75;6765.5;56
20180302 061000;6765.75;6766.25;6763.25;6764.25;59
20180302 061100;6764.5;6764.75;6763;6764.25;21
20180302 061200;6764.75;6768;6764.75;6767;63
20180302 061300;6767.25;6768.25;6767.25;6767.5;37
20180302 061400;6767.25;6767.5;6766.25;6766.5;26
20180302 061500;6766.75;6767;6765.75;6766;50
20180302 061600;6765.5;6765.5;6762.5;6763.5;93
20180302 061700;6763.5;6765.25;6763.5;6764.5;35
20180302 061800;6764.25;6765.75;6764.25;6765.75;12
20180302 061900;6765.75;6765.75;6765.25;6765.75;25
20180302 062000;6765.5;6766.75;6765.25;6766.75;17
20180302 062100;6766.5;6770.25;6766.5;6770;118
20180302 062200;6769.75;6770;6767.75;6768;56
20180302 062300;6768.25;6771;6768.25;6769.5;55
20180302 062400;6769.5;6769.5;6767.75;6767.75;29
20180302 062500;6767.75;6769.5;6767.5;6768.75;30
20180302 062600;6768.25;6768.75;6767.25;6767.25;22
20180302 062700;6767.5;6768.5;6767.5;6767.75;24
20180302 062800;6767.75;6767.75;6766.75;6767.5;30
20180302 062900;6766.75;6766.75;6765;6765.75;55
20180302 063000;6766.25;6766.75;6765;6765.5;23
20180302 063100;6765;6766.5;6765;6765.75;55
20180302 063200;6765.25;6766;6764.5;6765.5;39
20180302 063300;6765;6765.75;6764.75;6764.75;37
20180302 063400;6764.75;6766.5;6764.25;6766;40
20180302 063500;6765.75;6767.25;6765.75;6767;29
20180302 063600;6766.5;6766.5;6765;6765;34
20180302 063700;6765;6766.25;6764.75;6765.75;34
20180302 063800;6765.75;6766.75;6765.5;6765.75;61
20180302 063900;6765.75;6766.25;6765;6765.5;21
20180302 064000;6764.75;6765.75;6764.5;6765.25;26
20180302 064100;6765.25;6766;6764.75;6765.25;37
20180302 064200;6765;6765.75;6765;6765.5;30
20180302 064300;6765.5;6766.25;6765;6766;41
20180302 064400;6766.25;6766.25;6765.25;6765.5;49
20180302 064500;6765.75;6766;6765;6766;27
20180302 064600;6765.25;6765.5;6764.5;6765;16
20180302 064700;6765.25;6765.75;6764.75;6765.75;24
20180302 064800;6766;6768;6766;6768;61
20180302 064900;6767.75;6768.5;6766.25;6766.25;74
20180302 065000;6766.25;6766.75;6765.75;6766.75;32
20180302 065100;6767;6767.75;6766.25;6767.75;31
20180302 065200;6767.5;6770;6767.25;6768.75;55
20180302 065300;6767.75;6768.5;6765.75;6765.75;28
20180302 065400;6766;6768.75;6766;6767.5;61
20180302 065500;6767;6768.25;6767;6768.25;30
20180302 065600;6768.25;6768.25;6767.75;6767.75;12
20180302 065700;6768;6768.5;6767.75;6768;17
20180302 065800;6768.25;6769;6768;6768.75;26
20180302 065900;6768.5;6768.5;6767;6768.25;23
20180302 070000;6768.25;6770;6767.75;6769.25;26
20180302 070100;6769.75;6776.5;6769.5;6775;349
20180302 070200;6774.5;6775.25;6772.25;6772.25;135
20180302 070300;6772.25;6772.25;6769.25;6771;212
20180302 070400;6770.75;6771;6766.75;6769.25;164
20180302 070500;6769.25;6772.25;6769;6772.25;92
20180302 070600;6772.5;6773;6767.25;6769.75;117
20180302 070700;6769.25;6770.5;6767.5;6768;74
20180302 070800;6768.5;6769.5;6767.5;6769;101
20180302 070900;6768.75;6770.5;6768.5;6769.5;48
20180302 071000;6769.25;6771;6769;6771;59
20180302 071100;6771.25;6772.75;6770.75;6771.25;48
20180302 071200;6771.25;6773.25;6771;6773.25;29
20180302 071300;6773.25;6774;6771.25;6772.75;66
20180302 071400;6773;6773;6771;6771.25;42
20180302 071500;6771.5;6772.5;6771;6772.5;37
20180302 071600;6772.25;6772.75;6771.75;6772;50
20180302 071700;6771.75;6771.75;6770;6770.5;46
20180302 071800;6770.25;6771.5;6770;6771.5;37
20180302 071900;6771.5;6772.5;6771.5;6771.75;18
20180302 072000;6771.5;6772.25;6770.75;6771.25;35
20180302 072100;6771.5;6771.5;6770;6770.25;17
20180302 072200;6770.25;6770.5;6769.75;6770.5;23
20180302 072300;6770.25;6770.25;6769.25;6769.25;23
20180302 072400;6769.25;6769.25;6765.75;6765.75;62
20180302 072500;6765.75;6767.75;6765.25;6767.75;39
20180302 072600;6767.5;6768.25;6767;6767.25;42
20180302 072700;6767;6767;6764.75;6764.75;47
20180302 072800;6764.75;6766.5;6764.75;6766.25;35
20180302 072900;6765.75;6766.75;6764.25;6766.25;65
20180302 073000;6766;6766;6763.75;6764.75;50
20180302 073100;6765.25;6765.25;6761.5;6761.5;70
20180302 073200;6762.25;6762.75;6760.25;6761;106
20180302 073300;6761.25;6763;6760.5;6760.75;53
20180302 073400;6760.75;6762.75;6758.75;6762;112
20180302 073500;6762.5;6763.5;6759.25;6760.25;82
20180302 073600;6760;6760.5;6759;6759.25;30
20180302 073700;6759.25;6761.25;6758.5;6761;89
20180302 073800;6761;6761.5;6760.25;6761.25;51
20180302 073900;6761;6762.75;6759.75;6762.75;86
20180302 074000;6762.25;6764.75;6762;6763.25;58
20180302 074100;6763;6763.25;6761.25;6762;40
20180302 074200;6762;6763.5;6762;6763.5;16
20180302 074300;6763.25;6763.25;6762.25;6762.5;33
20180302 074400;6762.75;6762.75;6761;6761.75;14
20180302 074500;6762.5;6764.25;6762;6763.5;26
20180302 074600;6763.5;6764.5;6761.75;6761.75;58
20180302 074700;6762.75;6763;6761.25;6761.75;28
20180302 074800;6761.5;6762;6761;6761.25;23
20180302 074900;6761.5;6762.5;6761;6761;25
20180302 075000;6761.25;6763.75;6761.25;6762.5;28
20180302 075100;6762.5;6764;6762;6764;23
20180302 075200;6764.5;6764.75;6762.5;6762.75;32
20180302 075300;6762.5;6763;6762.5;6762.5;17
20180302 075400;6762.75;6762.75;6761;6761.5;85
20180302 075500;6761;6762.5;6761;6761.5;23
20180302 075600;6761.75;6762.25;6761.25;6762.25;35
20180302 075700;6762.25;6763;6760.75;6761.5;104
20180302 075800;6761;6761;6754.5;6754.5;223
20180302 075900;6754.5;6757.25;6751;6757.25;249
20180302 080000;6757;6759;6754.5;6755;117
20180302 080100;6754.75;6762.25;6752.75;6761.5;367
20180302 080200;6761.25;6762.5;6759;6759.25;244
20180302 080300;6759.5;6764;6759.5;6760.25;193
20180302 080400;6760.75;6761.5;6754.75;6758;223
20180302 080500;6757.25;6757.25;6751.75;6751.75;193
20180302 080600;6751.75;6756.5;6751.75;6755.5;235
20180302 080700;6755.25;6758.25;6754.25;6757.25;149
20180302 080800;6756.75;6759.5;6755.25;6759;102
20180302 080900;6758.75;6759;6754.75;6756.25;92
20180302 081000;6755.5;6756.5;6755;6755.75;72
20180302 081100;6756.25;6758.25;6755.25;6756.75;75
20180302 081200;6757;6759.25;6755.5;6759.25;71
20180302 081300;6758.75;6763;6758.5;6762.25;121
20180302 081400;6762.25;6763;6761;6762.25;93
20180302 081500;6762.75;6764.75;6762.25;6764.5;103
20180302 081600;6764;6765.5;6763.5;6765.25;100
20180302 081700;6765.5;6766;6763.75;6765;98
20180302 081800;6764.75;6764.75;6763.25;6764.25;43
20180302 081900;6764.5;6765;6763.75;6765;47
20180302 082000;6765.25;6769.25;6765.25;6768.25;181
20180302 082100;6768.25;6772.25;6768;6772;198
20180302 082200;6772;6776.5;6772;6776.5;326
20180302 082300;6776.5;6777.5;6775.25;6777;197
20180302 082400;6777.5;6777.75;6774.75;6775;80
20180302 082500;6774.75;6776.5;6774;6774.5;82
20180302 082600;6774;6775;6772.75;6772.75;122
20180302 082700;6772.75;6772.75;6771.5;6771.75;96
20180302 082800;6771.5;6773.5;6769;6773;167
20180302 082900;6773;6774.75;6772.75;6773.25;99
20180302 083000;6772.75;6774;6772.75;6773;52
20180302 083100;6772.75;6773.25;6771.75;6772.75;51
20180302 083200;6772.75;6773.5;6771.25;6771.25;62
20180302 083300;6771.5;6772.75;6769.75;6772.25;52
20180302 083400;6772.25;6772.5;6771;6771.25;50
20180302 083500;6771;6772.25;6771;6771.75;36
20180302 083600;6771.5;6772.5;6770.25;6771.75;113
20180302 083700;6771.5;6774.75;6771.5;6774.25;112
20180302 083800;6773.75;6775;6773.25;6774;69
20180302 083900;6774;6774.75;6773;6774;43
20180302 084000;6773.75;6773.75;6770.75;6772;113
20180302 084100;6772.25;6772.25;6768.5;6769;88
20180302 084200;6768.75;6769.25;6767;6768.5;70
20180302 084300;6768.75;6770;6766;6767;118
20180302 084400;6767;6767.5;6766;6766.25;46
20180302 084500;6766;6766.25;6765;6765.5;50
20180302 084600;6765.25;6765.5;6760;6761.5;139
20180302 084700;6761.75;6762.75;6760.5;6762;132
20180302 084800;6761.5;6765;6761;6764.5;92
20180302 084900;6764.25;6764.5;6762.5;6763.75;51
20180302 085000;6764.25;6764.25;6759.5;6759.75;67
20180302 085100;6760;6761.75;6759.5;6760.75;75
20180302 085200;6761;6761.75;6760;6761.25;70
20180302 085300;6761;6761;6758.25;6758.25;69
20180302 085400;6758;6760.5;6755.75;6758.25;197
20180302 085500;6758;6759.25;6757.25;6759.25;83
20180302 085600;6759;6760.75;6757;6757;104
20180302 085700;6756.5;6757;6753.25;6753.25;106
20180302 085800;6753.25;6755.5;6752;6752.75;164
20180302 085900;6752.5;6753.75;6752;6752.25;105
20180302 090000;6752;6753;6749;6749.5;215
20180302 090100;6749.25;6752.25;6749.25;6752;123
20180302 090200;6752.25;6754.25;6751.5;6752.5;137
20180302 090300;6752.25;6752.75;6746.5;6747.5;193
20180302 090400;6747.25;6749.75;6747;6748;92
20180302 090500;6748;6748;6746;6746.75;81
20180302 090600;6746.75;6746.75;6745.25;6746;136
20180302 090700;6746;6747.5;6745.25;6746.75;69
20180302 090800;6746.75;6752;6746.75;6752;172
20180302 090900;6751.5;6752.75;6749;6750;106
20180302 091000;6749.75;6750.5;6748.75;6749.75;72
20180302 091100;6749.25;6749.75;6747;6747;66
20180302 091200;6747.25;6749.25;6745.25;6747.75;120
20180302 091300;6747.75;6748.5;6746.5;6747;89
20180302 091400;6747.25;6748.25;6745.5;6746.25;106
20180302 091500;6745.75;6748;6745.75;6747.25;75
20180302 091600;6746.75;6748.5;6745.75;6748.5;131
20180302 091700;6748.25;6748.75;6747.75;6747.75;55
20180302 091800;6747.75;6749.25;6747;6747.5;83
20180302 091900;6747.5;6747.5;6742;6742.25;353
20180302 092000;6742.5;6743.25;6741.25;6743.25;145
20180302 092100;6743.5;6747;6743;6747;129
20180302 092200;6746.75;6749.75;6745.5;6749.75;159
20180302 092300;6749.25;6749.75;6747;6748;74
20180302 092400;6748.25;6748.5;6746.25;6746.5;74
20180302 092500;6746.75;6747.25;6743;6743.5;90
20180302 092600;6743.75;6743.75;6740.25;6740.5;263
20180302 092700;6740.5;6745;6739.5;6745;256
20180302 092800;6745;6745.5;6744;6745;131
20180302 092900;6745.25;6745.75;6743;6743.75;161
20180302 093000;6743.75;6745.25;6743.25;6744.75;96
20180302 093100;6744.75;6746;6743.75;6746;57
20180302 093200;6746;6747.5;6745.25;6746.25;94
20180302 093300;6746;6747;6741;6741.75;173
20180302 093400;6741.25;6743;6738;6738.25;428
20180302 093500;6738.25;6739.75;6736.5;6739.25;347
20180302 093600;6739.5;6741.5;6737;6739.25;240
20180302 093700;6739.5;6743.25;6739.5;6742.5;117
20180302 093800;6742.75;6745;6742.5;6743.75;114
20180302 093900;6743.25;6743.5;6742;6742.75;61
20180302 094000;6742.75;6746.25;6741;6746;156
20180302 094100;6745.75;6746;6744.75;6745.25;79
20180302 094200;6745.25;6746.25;6743.25;6745.25;77
20180302 094300;6745.25;6745.75;6744;6745.5;62
20180302 094400;6745.75;6745.75;6742.75;6743.25;67
20180302 094500;6743.5;6744.25;6741;6741.5;82
20180302 094600;6742;6742;6739.25;6740.25;88
20180302 094700;6740.75;6743;6740.75;6742.25;70
20180302 094800;6742;6742;6740.5;6741;35
20180302 094900;6740.75;6741.75;6740.25;6740.25;44
20180302 095000;6740;6741.75;6739.25;6739.25;62
20180302 095100;6739;6739;6734.25;6737.25;392
20180302 095200;6737.5;6737.5;6736.25;6736.5;69
20180302 095300;6736.5;6736.75;6734.5;6736.75;104
20180302 095400;6736.5;6737.25;6735;6736;62
20180302 095500;6735.75;6737.75;6735;6736.75;75
20180302 095600;6736.75;6737.75;6734;6736;122
20180302 095700;6736.25;6737.5;6735.5;6737;69
20180302 095800;6737;6739.25;6737;6738.5;55
20180302 095900;6738.75;6739.25;6737.5;6737.5;55
20180302 100000;6737.25;6737.25;6735;6736.5;97
20180302 100100;6736;6737.75;6736;6736.75;64
20180302 100200;6736.5;6738.75;6732;6732.5;314
20180302 100300;6733;6734.5;6732.5;6734.25;110
20180302 100400;6734;6735;6731.5;6733;102
20180302 100500;6732.25;6733.5;6731.5;6731.75;102
20180302 100600;6732.25;6734.5;6732;6733.75;85
20180302 100700;6733.75;6734.25;6729.25;6730.25;297
20180302 100800;6730.25;6731;6728.5;6730;324
20180302 100900;6729.75;6733.25;6728.75;6733.25;93
20180302 101000;6733.5;6734.5;6732.5;6734.5;70
20180302 101100;6734;6737.75;6733;6737.75;256
20180302 101200;6738;6738;6733.75;6735;94
20180302 101300;6734.5;6735;6732.75;6734;96
20180302 101400;6734.25;6734.25;6732.5;6734.25;57
20180302 101500;6733.75;6737;6733.75;6737;30
20180302 101600;6736.75;6738.75;6734.5;6738.75;94
20180302 101700;6738.75;6739;6736.5;6736.5;87
20180302 101800;6737.25;6739.5;6736.75;6739.25;95
20180302 101900;6739.25;6739.25;6737.5;6737.75;51
20180302 102000;6738.25;6739.5;6734.25;6734.75;155
20180302 102100;6734.5;6735.25;6734;6734.5;109
20180302 102200;6734;6734;6732;6732.75;84
20180302 102300;6733;6736.5;6733;6735.25;87
20180302 102400;6735.75;6736;6731.5;6733.75;100
20180302 102500;6734;6734.5;6733.25;6733.25;81
20180302 102600;6733.75;6736.75;6733;6736.25;93
20180302 102700;6736.5;6737.5;6735.25;6736.5;152
20180302 102800;6736.75;6737.5;6736.25;6736.75;32
20180302 102900;6737;6737;6735.75;6736.25;53
20180302 103000;6736;6736.25;6733.25;6733.25;83
20180302 103100;6733.75;6737.5;6733.75;6736.75;134
20180302 103200;6736.5;6741;6734.25;6734.25;329
20180302 103300;6734;6734.75;6732;6733.5;150
20180302 103400;6733.25;6737.75;6732.75;6736;91
20180302 103500;6735.5;6738.5;6733;6737.75;134
20180302 103600;6738.75;6742;6736.5;6741.75;147
20180302 103700;6741.5;6743.25;6738.5;6738.75;264
20180302 103800;6738.5;6739.25;6736.25;6737;118
20180302 103900;6737;6737.5;6734.5;6734.5;57
20180302 104000;6735;6737.75;6735;6735.5;47
20180302 104100;6735.25;6735.25;6732;6733;92
20180302 104200;6733;6733.75;6732;6732;94
20180302 104300;6732;6733.5;6730.75;6732;122
20180302 104400;6732.25;6733;6727.5;6728;315
20180302 104500;6727.5;6729.25;6727.25;6727.75;216
20180302 104600;6728;6728.25;6725;6727.5;284
20180302 104700;6727.75;6728;6725;6725.75;59
20180302 104800;6726;6729;6726;6726.5;155
20180302 104900;6727;6727;6724.25;6726.25;189
20180302 105000;6725.75;6727.75;6724.75;6727;138
20180302 105100;6727.25;6727.75;6724.5;6724.5;328
20180302 105200;6724.75;6725.5;6719.75;6721.25;586
20180302 105300;6720.75;6727.25;6720.25;6726.5;211
20180302 105400;6726.75;6727.5;6725;6726.5;120
20180302 105500;6726.75;6727.5;6725.5;6726.25;92
20180302 105600;6725.75;6729;6725.25;6726;196
20180302 105700;6726;6726.25;6722.25;6722.75;99
20180302 105800;6723;6723;6717.25;6720.5;373
20180302 105900;6720.5;6722.75;6719.5;6720.75;140
20180302 110000;6721.75;6723.5;6719.25;6720.5;166
20180302 110100;6721;6721.5;6717.75;6718;172
20180302 110200;6718;6718.75;6715.75;6717.5;282
20180302 110300;6717.25;6717.5;6712.25;6713.5;291
20180302 110400;6713.75;6715.75;6711.75;6714;268
20180302 110500;6714.5;6714.5;6708.25;6709.5;586
20180302 110600;6709.25;6710;6705;6707.5;468
20180302 110700;6707.5;6710.25;6707;6707;218
20180302 110800;6708;6711.5;6708;6711.25;291
20180302 110900;6710.75;6712.75;6709;6711.25;247
20180302 111000;6711.25;6712;6710;6711.5;103
20180302 111100;6711.25;6711.75;6705.75;6705.75;153
20180302 111200;6706.25;6708.5;6703.25;6707.5;434
20180302 111300;6708.25;6710.25;6707;6708;210
20180302 111400;6708.25;6708.75;6704.5;6706.75;232
20180302 111500;6706.75;6708.25;6706;6706.25;172
20180302 111600;6705.75;6707.5;6704.75;6705.5;116
20180302 111700;6706;6706.5;6704;6705.25;106
20180302 111800;6705.25;6706.75;6704.25;6705.5;211
20180302 111900;6705.25;6708.5;6705;6707.5;230
20180302 112000;6707.5;6712;6707.5;6711.25;321
20180302 112100;6711.5;6712.5;6707.25;6710.25;289
20180302 112200;6710.5;6710.75;6704.5;6705.25;276
20180302 112300;6705.75;6707.75;6705;6706.75;251
20180302 112400;6706.25;6709.75;6705.75;6709.5;265
20180302 112500;6709.5;6711;6705.75;6705.75;263
20180302 112600;6705.75;6706.25;6704;6704.75;155
20180302 112700;6705;6705;6702.25;6703.25;177
20180302 112800;6703.5;6706;6701.25;6701.75;251
20180302 112900;6701.5;6702.25;6700;6700;271
20180302 113000;6700;6700.25;6697;6697.5;339
20180302 113100;6697.25;6698.75;6695.75;6698.25;330
20180302 113200;6698.5;6699.5;6692.75;6693.25;326
20180302 113300;6693.25;6700;6692.75;6699.75;271
20180302 113400;6699.75;6701.75;6697;6698;256
20180302 113500;6698.5;6700.75;6698;6699.25;76
20180302 113600;6699.5;6701.75;6698.25;6699.25;145
20180302 113700;6699.75;6700;6697.5;6698.75;186
20180302 113800;6699;6702;6699;6699.75;162
20180302 113900;6699.25;6702;6698.5;6701.25;105
20180302 114000;6701.5;6704.25;6700.25;6703.5;215
20180302 114100;6703.25;6704.75;6701.25;6701.75;159
20180302 114200;6702.5;6702.75;6699;6700;130
20180302 114300;6700.5;6702;6700.25;6700.75;156
20180302 114400;6700.75;6701;6700;6701;114
20180302 114500;6701.75;6702;6700.5;6701.25;64
20180302 114600;6701.25;6702.75;6701.25;6702.25;127
20180302 114700;6702.25;6703;6701;6701.25;202
20180302 114800;6701.25;6701.75;6699.25;6699.25;169
20180302 114900;6699.5;6705;6699.5;6705;334
20180302 115000;6704.5;6705;6703;6704.75;185
20180302 115100;6704.5;6707.75;6704;6706;209
20180302 115200;6706;6706.75;6704.5;6705;168
20180302 115300;6705;6708;6704.5;6708;159
20180302 115400;6708.25;6710;6707;6709.75;201
20180302 115500;6709.5;6710;6706;6706.75;283
20180302 115600;6707;6710;6706;6709.5;226
20180302 115700;6709.25;6712.25;6708.25;6709.5;351
20180302 115800;6709.75;6712.75;6709.5;6711;277
20180302 115900;6711.25;6711.5;6705.5;6706;318
20180302 120000;6706.5;6707.25;6703.5;6707;469
20180302 120100;6706.75;6708.5;6706.25;6708;257
20180302 120200;6708.5;6709;6705;6706;167
20180302 120300;6705.5;6706;6698.75;6699.75;363
20180302 120400;6700;6701.25;6699;6700;242
20180302 120500;6700.5;6701.5;6696;6699.25;296
20180302 120600;6699.25;6703.25;6697.5;6703.25;297
20180302 120700;6703.5;6705.25;6703;6704.25;319
20180302 120800;6704;6706.25;6703.25;6705.75;145
20180302 120900;6705.25;6710.5;6705.25;6709;214
20180302 121000;6709;6711;6707.25;6709.25;247
20180302 121100;6709;6710.75;6708.75;6710;83
20180302 121200;6709.75;6714.25;6709.75;6712.75;230
20180302 121300;6713.25;6713.25;6709.75;6710.25;256
20180302 121400;6709.75;6710.25;6706.5;6710;158
20180302 121500;6709.5;6710.25;6705.5;6709;138
20180302 121600;6709.25;6710.25;6707.25;6708;192
20180302 121700;6708;6709;6706.75;6706.75;137
20180302 121800;6707;6709;6706;6709;105
20180302 121900;6709.25;6714.25;6709.25;6714;243
20180302 122000;6714;6714.75;6711.75;6712.5;124
20180302 122100;6712.75;6716.75;6712.75;6714.5;295
20180302 122200;6714.75;6715;6711.5;6714.25;115
20180302 122300;6714.25;6715.5;6711.5;6714.75;283
20180302 122400;6714.75;6717.75;6714.75;6717;125
20180302 122500;6716.75;6718.25;6716.5;6717.25;138
20180302 122600;6717.25;6719.5;6716.75;6717.5;214
20180302 122700;6717.5;6717.5;6714.25;6714.25;201
20180302 122800;6714.25;6714.75;6712.5;6713.25;222
20180302 122900;6713.25;6713.5;6709.5;6711;250
20180302 123000;6711;6712.75;6710;6710.5;140
20180302 123100;6710.5;6712.75;6710;6711;184
20180302 123200;6710.75;6710.75;6709.5;6710;120
20180302 123300;6710;6710.75;6708;6710.75;155
20180302 123400;6710.75;6711;6708.75;6709.25;110
20180302 123500;6709.25;6710.75;6708.5;6710.25;124
20180302 123600;6710;6714;6710;6712.75;246
20180302 123700;6712.75;6713.75;6709.5;6710;278
20180302 123800;6709.75;6711;6705.25;6706;361
20180302 123900;6706;6706;6701.75;6702.75;482
20180302 124000;6702.75;6704.75;6701.75;6702.75;179
20180302 124100;6702.75;6703;6699.25;6700.25;255
20180302 124200;6700;6701.25;6697.5;6698;326
20180302 124300;6698;6698.25;6695.5;6696;194
20180302 124400;6696.25;6697;6693;6694.25;236
20180302 124500;6694.75;6697;6694.75;6696.5;230
20180302 124600;6696.5;6696.5;6689.5;6690.5;609
20180302 124700;6690.25;6691.25;6684.25;6685.75;859
20180302 124800;6686;6690;6679.25;6679.25;755
20180302 124900;6679.5;6687;6679.25;6685;506
20180302 125000;6685;6688;6684.75;6687.75;261
20180302 125100;6687.75;6688.5;6685;6687.75;340
20180302 125200;6687.5;6690;6687.25;6689.5;242
20180302 125300;6689.25;6690.25;6687.5;6688.25;295
20180302 125400;6687.75;6687.75;6683;6683;277
20180302 125500;6683.25;6683.75;6679.5;6680;401
20180302 125600;6679.75;6680.75;6675;6677.5;698
20180302 125700;6677;6683;6676;6680.75;503
20180302 125800;6680.75;6681;6677.75;6678.5;343
20180302 125900;6679;6682.75;6678;6678.5;208
20180302 130000;6678.25;6681.25;6677;6679.5;285
20180302 130100;6679.75;6683.75;6677.75;6678.5;998
20180302 130200;6678.25;6680.25;6673.75;6676;864
20180302 130300;6675.75;6677.75;6673;6677;532
20180302 130400;6677.25;6680;6676;6679.5;329
20180302 130500;6679.75;6681.75;6674.75;6677.5;509
20180302 130600;6677.75;6677.75;6673.75;6676.75;446
20180302 130700;6676.25;6680.25;6675;6677.5;561
20180302 130800;6677.75;6679.75;6675.25;6677.25;576
20180302 130900;6677.25;6686.75;6677;6684.25;1062
20180302 131000;6684.25;6686.75;6683;6685.5;398
20180302 131100;6685.75;6686;6682.25;6682.75;282
20180302 131200;6682.25;6684.75;6682;6684;386
20180302 131300;6683.75;6687.5;6682.75;6686.25;515
20180302 131400;6686.25;6687.5;6684.75;6686;278
20180302 131500;6686;6687.25;6684.75;6685.25;201
20180302 131600;6685.25;6687.5;6685;6686;257
20180302 131700;6686;6686;6682.75;6682.75;216
20180302 131800;6682.75;6686;6682;6683;356
20180302 131900;6682.75;6683.75;6680;6680.75;526
20180302 132000;6680.75;6684.25;6678.5;6678.5;292
20180302 132100;6679;6682.5;6677;6680;707
20180302 132200;6679.75;6685;6677.75;6682.75;480
20180302 132300;6682.75;6684.75;6681.25;6682.5;279
20180302 132400;6682.5;6683.25;6676.25;6677;271
20180302 132500;6677.25;6677.25;6675;6675.25;308
20180302 132600;6675.5;6678.5;6675.5;6677.5;174
20180302 132700;6677.75;6679.5;6674.5;6675;355
20180302 132800;6675;6675;6668;6673.75;819
20180302 132900;6673.75;6676.75;6672.25;6675.75;271
20180302 133000;6675.75;6678;6674.25;6677.5;320
20180302 133100;6677.25;6678.25;6676.5;6677.25;142
20180302 133200;6677.5;6678.25;6676;6678.25;162
20180302 133300;6678;6678.5;6675.75;6677;198
20180302 133400;6676.75;6683.75;6676.5;6682.75;516
20180302 133500;6682.75;6683.5;6680;6683;162
20180302 133600;6683.25;6684.25;6681.25;6683.5;279
20180302 133700;6683.25;6683.25;6680;6681.75;320
20180302 133800;6681.25;6683.5;6677.5;6679.5;344
20180302 133900;6679.25;6682.75;6678;6682.5;433
20180302 134000;6682.5;6684.25;6682.5;6683.75;165
20180302 134100;6684.25;6685;6683.75;6683.75;241
20180302 134200;6683.75;6685.5;6681.5;6681.5;265
20180302 134300;6681.25;6685.5;6679.75;6685.5;342
20180302 134400;6685.25;6686.25;6684.25;6685.25;272
20180302 134500;6685.25;6686.75;6685.25;6686.25;153
20180302 134600;6686.5;6686.5;6681;6682.25;313
20180302 134700;6682.25;6682.25;6675;6676;967
20180302 134800;6675.5;6679.5;6675.25;6678.75;655
20180302 134900;6678.5;6678.75;6676.25;6676.75;264
20180302 135000;6677;6684.25;6677;6683.75;314
20180302 135100;6683.75;6690.25;6683.5;6689.5;721
20180302 135200;6689.75;6692.5;6689.5;6692;516
20180302 135300;6692;6694;6691.5;6693.75;544
20180302 135400;6694;6694.75;6692.5;6694.75;631
20180302 135500;6694.75;6698.25;6691.5;6692;2207
20180302 135600;6692;6694;6691.75;6693.75;622
20180302 135700;6693.75;6694.75;6691.75;6691.75;579
20180302 135800;6691.75;6693.25;6689;6691;506
20180302 135900;6690.75;6691.75;6688.5;6689.75;520
20180302 140000;6690;6692.25;6688.75;6689.75;291
20180302 140100;6690;6692.75;6688;6691.25;495
20180302 140200;6691;6691;6684.25;6684.75;415
20180302 140300;6684.5;6685.25;6680;6680.5;507
20180302 140400;6680.5;6684;6680;6683.25;393
20180302 140500;6683;6685;6682.5;6682.5;369
20180302 140600;6682.25;6682.25;6677.25;6677.75;546
20180302 140700;6677.5;6678.75;6675.75;6678.25;489
20180302 140800;6678.5;6681;6677.75;6679.5;420
20180302 140900;6679.25;6680.5;6678;6678.25;235
20180302 141000;6678.75;6679.75;6677.5;6679.5;189
20180302 141100;6679.25;6679.5;6677.25;6677.75;242
20180302 141200;6677.5;6677.5;6674.75;6675.25;322
20180302 141300;6675.25;6675.75;6671.75;6672.25;411
20180302 141400;6672.5;6674.75;6671.5;6672.25;304
20180302 141500;6672.5;6672.75;6669.25;6671.5;550
20180302 141600;6671.75;6673.5;6670.25;6671.25;341
20180302 141700;6670.75;6675;6670.75;6672.25;223
20180302 141800;6672;6672.5;6669.25;6672;219
20180302 141900;6672;6672;6669.25;6670;164
20180302 142000;6669.75;6670;6666.25;6668.5;498
20180302 142100;6668.75;6674.25;6668.5;6674.25;726
20180302 142200;6674.5;6675.5;6670.75;6674;475
20180302 142300;6674;6674.75;6670.75;6673.75;280
20180302 142400;6674.25;6674.25;6670.75;6671.5;260
20180302 142500;6671.75;6672.25;6671.25;6671.25;181
20180302 142600;6671;6672.5;6671;6671.25;164
20180302 142700;6671.5;6672;6670.5;6671;157
20180302 142800;6670.75;6671;6664.5;6664.75;507
20180302 142900;6664.75;6670.75;6664.5;6667.75;605
20180302 143000;6667.5;6672.5;6666.25;6672.5;442
20180302 143100;6672.5;6679.5;6665;6678.5;4346
20180302 143200;6678.5;6694.75;6677.5;6691;3962
20180302 143300;6691;6699;6688.75;6692.5;4634
20180302 143400;6692.5;6704.25;6689.5;6703.25;3733
20180302 143500;6703.5;6704;6690.25;6691.75;2842
20180302 143600;6691.5;6696.75;6685.5;6694.25;2436
20180302 143700;6694.75;6699.5;6683;6683.25;2313
20180302 143800;6683;6683.75;6670.5;6671.75;2191
20180302 143900;6671.25;6680;6666.25;6678.25;2597
20180302 144000;6678.5;6686;6666.5;6667.75;2693
20180302 144100;6668.25;6674;6664.5;6673.25;2034
20180302 144200;6673;6685.5;6672.5;6685.5;2137
20180302 144300;6685.75;6688.5;6671.5;6674;1686
20180302 144400;6674;6677.5;6660.5;6660.75;2164
20180302 144500;6660.75;6663;6648.75;6649.25;2891
20180302 144600;6649;6663.75;6646;6660.25;2939
20180302 144700;6660;6669;6658.25;6668.25;1866
20180302 144800;6668;6669.25;6652.75;6659.5;2435
20180302 144900;6659.75;6668;6650.75;6664.75;1884
20180302 145000;6664.25;6670;6659.5;6660.5;1497
20180302 145100;6660.75;6673.75;6659.25;6672;1984
20180302 145200;6672.5;6675;6666.5;6672.5;1902
20180302 145300;6672.5;6681.5;6669.25;6679.5;2485
20180302 145400;6679.5;6681.5;6674.25;6676.5;1591
20180302 145500;6676.5;6676.5;6666;6671.5;2232
20180302 145600;6671;6676.5;6668.25;6672.25;1481
20180302 145700;6671.5;6683.75;6670.5;6683.75;1446
20180302 145800;6683.25;6684.75;6675.75;6675.75;1392
20180302 145900;6676.5;6679.75;6669.5;6676.75;850
20180302 150000;6676;6687;6675.25;6685.25;1236
20180302 150100;6685.5;6690.5;6684;6689;1518
20180302 150200;6689;6698.5;6687.25;6697.5;2394
20180302 150300;6697.75;6699.25;6690.25;6694;1927
20180302 150400;6694.25;6700;6691.25;6693.5;2181
20180302 150500;6693.25;6694.5;6688;6690.75;1325
20180302 150600;6691;6691;6678.5;6679;1821
20180302 150700;6679;6688.5;6677.75;6687;1286
20180302 150800;6687.5;6690;6681;6685.75;1346
20180302 150900;6685.5;6686.5;6674.25;6677.5;1398
20180302 151000;6677.5;6691.75;6677;6688.5;1287
20180302 151100;6688.5;6689.5;6676;6681.75;2165
20180302 151200;6681.75;6684.75;6678.5;6680.75;1129
20180302 151300;6680.5;6688.75;6678.5;6678.75;1290
20180302 151400;6678.75;6694.75;6678.75;6692.75;1619
20180302 151500;6692.75;6695;6688.5;6691.25;1890
20180302 151600;6691;6693.25;6685.5;6688.75;1136
20180302 151700;6689.25;6692.5;6680.25;6680.5;1754
20180302 151800;6680.5;6688;6680.25;6685.5;1070
20180302 151900;6685.5;6690;6682;6687.5;1143
20180302 152000;6687.5;6687.75;6673;6675.5;2091
20180302 152100;6675.75;6678.5;6667;6668.5;1974
20180302 152200;6668.5;6681.25;6668.25;6680.75;1718
20180302 152300;6681;6690.75;6680.75;6686.75;1823
20180302 152400;6686.5;6688.5;6682;6682.75;1352
20180302 152500;6682.75;6684.25;6675;6677.25;1414
20180302 152600;6677.25;6686.75;6674.75;6686.75;1604
20180302 152700;6686.75;6690.75;6683.25;6687.25;1311
20180302 152800;6686.75;6695;6686.25;6694.5;1396
20180302 152900;6694.5;6694.75;6684.75;6685.75;1163
20180302 153000;6686.25;6688;6679.5;6686.75;1418
20180302 153100;6687;6689;6680.5;6688.75;1336
20180302 153200;6688.5;6700;6686.25;6699;2841
20180302 153300;6698.75;6699.75;6691.25;6694.5;2113
20180302 153400;6694.75;6702.75;6694.75;6698.5;1937
20180302 153500;6698.25;6710.75;6697.25;6705;2960
20180302 153600;6705.25;6709.5;6705;6705.5;1503
20180302 153700;6705.5;6712.5;6702.25;6702.25;1905
20180302 153800;6702.25;6711;6701.75;6710.75;1992
20180302 153900;6710.5;6712;6704.75;6705;1463
20180302 154000;6704.75;6713;6702.5;6712.75;1589
20180302 154100;6712.75;6719.75;6711.75;6715.5;2677
20180302 154200;6715.5;6721;6714.75;6720.75;1681
20180302 154300;6720.5;6728;6718.5;6724;2774
20180302 154400;6723.75;6726.5;6720.75;6721.5;1397
20180302 154500;6721.25;6725.5;6721;6723.5;1043
20180302 154600;6723.75;6728;6722;6726.75;1782
20180302 154700;6726.25;6726.25;6712.75;6714.25;1493
20180302 154800;6714.5;6716.75;6708;6710;2001
20180302 154900;6710;6717.75;6709.25;6716.25;954
20180302 155000;6716.25;6719;6715.25;6717.75;1099
20180302 155100;6718;6720.25;6709.5;6711.75;1110
20180302 155200;6711.5;6711.75;6706.25;6707;1594
20180302 155300;6707.5;6713;6705.75;6711.5;1223
20180302 155400;6711.5;6713;6706.5;6706.75;896
20180302 155500;6707;6711.75;6705.75;6708.5;1098
20180302 155600;6708.75;6717.25;6707.75;6716.5;1135
20180302 155700;6716.25;6720.75;6713.75;6715.5;1425
20180302 155800;6715.75;6718.25;6707;6707.75;1088
20180302 155900;6708;6715.5;6708;6709;1061
20180302 160000;6709;6710.5;6702.25;6702.25;1672
20180302 160100;6702.5;6710;6701.25;6705.25;1475
20180302 160200;6705.25;6711.5;6703;6710.75;1071
20180302 160300;6710.75;6712.25;6706.75;6708.25;957
20180302 160400;6708.5;6709;6703.25;6704.25;1031
20180302 160500;6704.5;6709.5;6703.75;6704.5;670
20180302 160600;6704.5;6704.5;6693.75;6697;1712
20180302 160700;6696.75;6701.75;6694.5;6701.75;1768
20180302 160800;6701.75;6702;6698;6701.5;784
20180302 160900;6701.25;6703.5;6698.25;6703.25;812
20180302 161000;6703.25;6703.5;6696.25;6699;980
20180302 161100;6699.25;6699.75;6692.5;6697.25;1607
20180302 161200;6697.5;6701;6695;6700.5;1061
20180302 161300;6700.25;6708.5;6700.25;6704.75;1303
20180302 161400;6704.75;6706.5;6702;6703;840
20180302 161500;6702.75;6707;6701.75;6702.25;616
20180302 161600;6702.25;6708.25;6702;6706.25;745
20180302 161700;6706;6712.25;6706;6708.75;1285
20180302 161800;6709.25;6711.5;6705.25;6705.25;701
20180302 161900;6705.25;6707;6695.75;6697;1649
20180302 162000;6696.75;6699;6693.25;6697;1290
20180302 162100;6696.5;6701;6694;6696.5;1523
20180302 162200;6696.75;6699;6692.75;6695;940
20180302 162300;6695.25;6700;6693.75;6698.5;973
20180302 162400;6698.25;6704.5;6697;6704.5;1021
20180302 162500;6704.5;6708;6703;6707.25;1037
20180302 162600;6707.25;6722;6707.25;6720.25;2248
20180302 162700;6719.75;6726.5;6718.75;6725.5;2090
20180302 162800;6725.5;6728;6722.25;6727.5;1505
20180302 162900;6727.5;6733;6727.25;6732.75;1699
20180302 163000;6732.75;6734.25;6730.75;6732.5;1505
20180302 163100;6732.5;6738.5;6731.75;6732.75;2429
20180302 163200;6732.75;6734.5;6725.75;6728.25;1777
20180302 163300;6728.5;6730.5;6726;6726;1089
20180302 163400;6726;6726.25;6719.5;6720.25;1405
20180302 163500;6720.5;6727;6719.25;6722;1204
20180302 163600;6722;6723.75;6720.25;6720.25;782
20180302 163700;6720.5;6721.25;6714.5;6716.5;1424
20180302 163800;6716.5;6722.5;6716;6721.75;1506
20180302 163900;6722;6724.75;6718.75;6720;1161
20180302 164000;6720.25;6723;6716.25;6723;619
20180302 164100;6723.25;6728.75;6722.5;6728.75;1178
20180302 164200;6728.75;6737.75;6728.5;6737.25;1535
20180302 164300;6737.25;6738.5;6734.5;6737.5;1023
20180302 164400;6737.75;6741.75;6736.25;6736.5;1492
20180302 164500;6736.5;6740.5;6735.5;6738.75;935
20180302 164600;6738.5;6739.75;6734.75;6739.5;943
20180302 164700;6739.5;6747;6739.25;6746.75;1259
20180302 164800;6747;6749.25;6745.25;6747;1506
20180302 164900;6747.25;6748;6738;6738.25;2504
20180302 165000;6738.5;6749.25;6738.5;6748.75;988
20180302 165100;6749;6752;6746.5;6751.75;1651
20180302 165200;6752.25;6752.5;6744.25;6749;1358
20180302 165300;6748.75;6753.5;6743.75;6753;1888
20180302 165400;6752.75;6754.75;6745.5;6752.75;2728
20180302 165500;6752.75;6753.25;6746.75;6748.5;853
20180302 165600;6748.25;6748.5;6741.25;6742.75;1008
20180302 165700;6743;6747;6742.5;6744.25;1015
20180302 165800;6744.5;6750.5;6743.5;6750.25;700
20180302 165900;6750.25;6756.75;6748;6755.25;1562
20180302 170000;6755;6760.5;6753.75;6759.75;1881
20180302 170100;6760;6761.25;6754;6758.75;2036
20180302 170200;6758.5;6764.5;6756.5;6761.5;1424
20180302 170300;6761.25;6763.75;6757;6763.25;1110
20180302 170400;6763.5;6767;6759.5;6761.5;1184
20180302 170500;6762;6762.75;6754;6756;1423
20180302 170600;6756;6756.75;6749.5;6752.5;1524
20180302 170700;6752.25;6756;6748;6755.25;1388
20180302 170800;6755.25;6759.5;6751.75;6754;1402
20180302 170900;6753.75;6754.5;6749.25;6750.75;1758
20180302 171000;6750.75;6756.5;6750.5;6755;1016
20180302 171100;6754.5;6758.5;6749.75;6752;1046
20180302 171200;6751.5;6752.75;6746.75;6747;1014
20180302 171300;6746.75;6750;6744.5;6744.75;897
20180302 171400;6744.5;6748;6743.25;6746.25;1204
20180302 171500;6746;6753.5;6744.75;6753.25;1240
20180302 171600;6752.75;6757;6751.5;6755.75;991
20180302 171700;6755.75;6757.75;6750.5;6750.75;951
20180302 171800;6750.5;6755;6748.25;6754;959
20180302 171900;6753.75;6753.75;6743.75;6744.75;985
20180302 172000;6744.25;6749.25;6744.25;6749;713
20180302 172100;6748.75;6754.25;6748.25;6749.75;696
20180302 172200;6749.5;6752.75;6748.5;6748.5;512
20180302 172300;6748.75;6750.25;6745.75;6748.5;649
20180302 172400;6748;6754.75;6746;6753.75;836
20180302 172500;6753.75;6762;6753.25;6761.75;1650
20180302 172600;6761.25;6768;6760.75;6765.5;1656
20180302 172700;6765.5;6766.5;6761.5;6762.5;860
20180302 172800;6762;6762;6756;6759;923
20180302 172900;6759;6766;6756.5;6764.75;996
20180302 173000;6764.5;6766.25;6761.75;6765.75;817
20180302 173100;6765.5;6767.75;6761;6762.25;984
20180302 173200;6761.75;6764.25;6759.25;6762.75;693
20180302 173300;6762.75;6763.5;6757.5;6759.75;749
20180302 173400;6760;6761.5;6758;6758.25;713
20180302 173500;6758.5;6759.25;6748.5;6751.75;1665
20180302 173600;6752.5;6752.5;6748.25;6751.25;881
20180302 173700;6751.25;6759.5;6751.25;6758.75;1235
20180302 173800;6758.5;6758.75;6752.5;6755;808
20180302 173900;6755.25;6758.5;6752;6752;628
20180302 174000;6752;6752;6746.75;6747.5;1092
20180302 174100;6747.75;6751.75;6746;6751.5;835
20180302 174200;6751.5;6757;6749.5;6755;1115
20180302 174300;6755.75;6757.75;6753;6754.5;841
20180302 174400;6754;6762.75;6753.75;6761.5;1100
20180302 174500;6761.5;6761.5;6755.5;6759.5;967
20180302 174600;6759.25;6762;6757.75;6760.75;549
20180302 174700;6761;6764.5;6758.5;6764.5;875
20180302 174800;6764.5;6769;6764;6767;891
20180302 174900;6767.25;6773;6767;6772.25;1263
20180302 175000;6772.25;6773.25;6768.75;6770.5;1002
20180302 175100;6770.75;6773.25;6770;6773;479
20180302 175200;6773.5;6777.25;6772.75;6777;1043
20180302 175300;6777.25;6777.25;6770.5;6773.5;1170
20180302 175400;6773.5;6780;6773.5;6777.75;1014
20180302 175500;6777.5;6780.5;6776.75;6778.5;1219
20180302 175600;6778.5;6781.75;6777.25;6777.5;797
20180302 175700;6777.75;6781.25;6773.5;6773.75;1025
20180302 175800;6773.75;6775;6770.25;6774.75;1171
20180302 175900;6774.5;6781.5;6774.25;6781.5;1036
20180302 180000;6781.75;6782.5;6775.25;6776;935
20180302 180100;6776;6778.75;6771;6773.75;1139
20180302 180200;6773.75;6774.25;6770.75;6772;1000
20180302 180300;6771.75;6774;6768.5;6769.5;876
20180302 180400;6769.5;6771.25;6768.5;6769.25;531
20180302 180500;6769;6773.75;6768.25;6772.25;789
20180302 180600;6772.25;6772.25;6768;6768;770
20180302 180700;6767.75;6773.5;6766.75;6772.5;609
20180302 180800;6772.75;6773.5;6767.25;6767.25;467
20180302 180900;6767.5;6768.5;6761.5;6762;1302
20180302 181000;6762.25;6764.5;6759.75;6760.5;856
20180302 181100;6760.25;6761;6755.25;6756;1065
20180302 181200;6756.25;6761;6755.5;6756.25;856
20180302 181300;6756.25;6756.5;6746.5;6747;1711
20180302 181400;6746.75;6748.5;6742.75;6747.75;1328
20180302 181500;6748;6748.5;6738;6741.25;1565
20180302 181600;6741;6749;6740;6748.75;1124
20180302 181700;6748.5;6749.5;6744.25;6747.5;884
20180302 181800;6747.5;6752.25;6747.25;6752;1027
20180302 181900;6752;6752.5;6745.5;6748.5;740
20180302 182000;6748.25;6749.5;6744.5;6749.25;907
20180302 182100;6749.25;6754.25;6748;6752.25;824
20180302 182200;6752;6753;6745.75;6747.75;709
20180302 182300;6748;6751;6744.75;6749.25;642
20180302 182400;6749.25;6749.25;6742.5;6743.5;674
20180302 182500;6743.5;6745;6736.25;6737.75;1387
20180302 182600;6738.25;6745.25;6735.75;6741.75;1513
20180302 182700;6741.25;6744.25;6740;6741.25;624
20180302 182800;6741.5;6746.25;6741;6743.25;573
20180302 182900;6743.25;6745.5;6736.75;6740.25;1571
20180302 183000;6740.5;6741;6734.5;6735.75;798
20180302 183100;6735.5;6742.5;6734;6741.75;1285
20180302 183200;6742;6743.5;6739.75;6741.75;701
20180302 183300;6742;6742.75;6734.75;6738;859
20180302 183400;6738.25;6738.75;6726;6727.25;1788
20180302 183500;6727.5;6730.75;6725.75;6726.25;1257
20180302 183600;6726.25;6726.5;6719.75;6723.25;1616
20180302 183700;6723.25;6729.5;6723.25;6728.75;1409
20180302 183800;6729;6730.5;6726.25;6727;778
20180302 183900;6726.75;6728.5;6724.75;6727.25;525
20180302 184000;6727.25;6732.25;6726.75;6729;2167
20180302 184100;6729;6735;6728.5;6734.25;1015
20180302 184200;6734.5;6736;6730.5;6732;1692
20180302 184300;6731.75;6733.25;6727;6731;1789
20180302 184400;6731.25;6732.25;6726.25;6728;934
20180302 184500;6728.25;6732.75;6725.75;6731.5;1470
20180302 184600;6731.25;6740.5;6730.5;6740.25;1209
20180302 184700;6740.5;6743.75;6738.5;6742.25;1544
20180302 184800;6742.25;6744.75;6739.5;6744;897
20180302 184900;6744.25;6747.5;6743;6747;1390
20180302 185000;6747;6750.75;6746;6750.25;750
20180302 185100;6750.25;6751.75;6749.25;6750;686
20180302 185200;6750.25;6751.5;6747.5;6750.5;636
20180302 185300;6750.25;6752.25;6746.75;6751.75;577
20180302 185400;6752;6752.75;6749;6749.25;1393
20180302 185500;6749.25;6749.5;6743.75;6744.5;807
20180302 185600;6744.5;6744.75;6739.5;6742.5;619
20180302 185700;6742;6742;6737.5;6738;665
20180302 185800;6738.5;6741.25;6736.75;6741.25;481
20180302 185900;6741.25;6746.25;6741;6745.5;847
20180302 190000;6745.25;6746;6741.75;6744;1560
20180302 190100;6744.25;6756;6744;6756;1022
20180302 190200;6756;6756.25;6747.25;6748;844
20180302 190300;6748.5;6758;6748.5;6757.5;1045
20180302 190400;6757.75;6764.75;6756.5;6763.75;1323
20180302 190500;6764.25;6765.5;6761.25;6762.25;1000
20180302 190600;6762.25;6764.5;6762;6762.75;569
20180302 190700;6763;6764.75;6758.5;6760.5;661
20180302 190800;6760.5;6763.25;6759.25;6760.25;1687
20180302 190900;6760.5;6763.75;6760;6762.5;776
20180302 191000;6762.5;6766;6761;6761.25;792
20180302 191100;6761.5;6769;6761.25;6769;761
20180302 191200;6768.5;6774;6767;6771.5;1207
20180302 191300;6771.5;6771.75;6769;6770;703
20180302 191400;6769.5;6772.75;6767.5;6772.5;517
20180302 191500;6772.25;6773.5;6769.5;6771.25;746
20180302 191600;6771;6773.75;6769.5;6770.75;1231
20180302 191700;6770.75;6771.25;6765.75;6767.25;571
20180302 191800;6767.5;6777.75;6767.5;6777;1355
20180302 191900;6777;6777.75;6767.75;6768.5;729
20180302 192000;6768.5;6773;6766;6766.75;776
20180302 192100;6767.25;6769.75;6765;6765.5;652
20180302 192200;6765.5;6767.5;6762.75;6763;716
20180302 192300;6763;6767;6758.75;6759.75;1068
20180302 192400;6760;6762;6756;6756.25;1017
20180302 192500;6756;6758.5;6755;6757;508
20180302 192600;6757.25;6764.5;6757;6763.5;749
20180302 192700;6763.75;6768;6763.75;6765.5;652
20180302 192800;6765.75;6768.25;6761.75;6763;572
20180302 192900;6763;6763;6756.5;6756.75;737
20180302 193000;6757;6763.5;6757;6762.25;539
20180302 193100;6762.5;6765.5;6761;6762.25;527
20180302 193200;6762.5;6766.5;6761.25;6765.5;586
20180302 193300;6765.25;6767.5;6764;6764.25;534
20180302 193400;6764.25;6764.5;6757.75;6758.75;660
20180302 193500;6758.75;6760.25;6752.75;6752.75;673
20180302 193600;6752.75;6758.75;6751.75;6756;490
20180302 193700;6756.25;6761;6754.5;6759;533
20180302 193800;6759.25;6762.5;6757.25;6761.75;350
20180302 193900;6762;6768.25;6760.25;6767.5;534
20180302 194000;6767.75;6775.5;6767;6775.5;1278
20180302 194100;6775.5;6778;6773;6775;1107
20180302 194200;6774.5;6778.75;6774.5;6778.25;896
20180302 194300;6778.25;6779;6771.25;6773.5;716
20180302 194400;6773.5;6774;6768;6768.5;508
20180302 194500;6768.5;6776.75;6768.5;6776;461
20180302 194600;6776.25;6778.5;6773.25;6778.5;551
20180302 194700;6778.25;6780;6775.75;6776.75;759
20180302 194800;6776.5;6776.5;6772;6774.5;1014
20180302 194900;6774.25;6778;6774;6776.75;410
20180302 195000;6776.75;6781;6776.75;6779.75;613
20180302 195100;6780;6780.75;6776;6779.75;704
20180302 195200;6780;6787.75;6779;6784.5;1751
20180302 195300;6784.5;6784.75;6775.75;6777;2138
20180302 195400;6777.25;6780;6776;6779.25;1073
20180302 195500;6779.25;6779.5;6774.75;6775.5;703
20180302 195600;6775.5;6775.75;6768.75;6769.75;770
20180302 195700;6769.5;6774;6769;6770.25;935
20180302 195800;6770.25;6774.25;6770;6771.25;1256
20180302 195900;6771.25;6774.25;6768;6769;789
20180302 200000;6769;6769;6763.75;6764;666
20180302 200100;6764;6764.5;6758.25;6763.5;1527
20180302 200200;6763.5;6767;6760.5;6760.75;1101
20180302 200300;6761.25;6761.25;6750.25;6753;1390
20180302 200400;6752.75;6755.75;6751.5;6754.25;655
20180302 200500;6754.25;6759.25;6754;6759;797
20180302 200600;6759.25;6760.25;6754.25;6755.75;1184
20180302 200700;6756;6761.5;6755.25;6755.25;992
20180302 200800;6755.5;6757;6748.25;6750.5;1332
20180302 200900;6750.25;6758.5;6750.25;6758.5;1331
20180302 201000;6759;6765.75;6757.25;6765.5;2045
20180302 201100;6765.5;6768;6759;6762.5;1311
20180302 201200;6762.25;6762.75;6757.75;6759.25;770
20180302 201300;6759.5;6763.75;6757.75;6758;1143
20180302 201400;6758.25;6761.25;6757.25;6761;625
20180302 201500;6761.25;6764;6759.5;6762.5;838
20180302 201600;6762.75;6765;6761;6764.5;1228
20180302 201700;6765;6765.25;6753.5;6759.75;1210
20180302 201800;6760;6765.5;6759.25;6765;1169
20180302 201900;6765.25;6773.5;6764.75;6770;1311
20180302 202000;6770.25;6771.75;6766.75;6770.75;707
20180302 202100;6771;6773.75;6768.5;6769.25;778
20180302 202200;6769.25;6770.25;6766.75;6769.25;493
20180302 202300;6769.25;6773;6769;6770.25;491
20180302 202400;6770.75;6773.5;6770;6773;416
20180302 202500;6773;6776.5;6772.25;6773.75;898
20180302 202600;6773.75;6779.25;6773.75;6779.25;648
20180302 202700;6779.25;6779.5;6774;6774;771
20180302 202800;6774.5;6776.5;6772;6774.25;855
20180302 202900;6774.5;6778.25;6770.25;6777.5;852
20180302 203000;6777.25;6780;6774.25;6775.75;825
20180302 203100;6775.5;6778.75;6773.75;6778.75;750
20180302 203200;6778.5;6781.5;6775.25;6780.5;739
20180302 203300;6780.25;6785.25;6780;6785;1026
20180302 203400;6785;6788.75;6784.25;6787;1108
20180302 203500;6787;6789.5;6785.75;6786.25;861
20180302 203600;6786.75;6787.75;6784.25;6787;886
20180302 203700;6787;6787.5;6784;6784.5;572
20180302 203800;6784.75;6790;6784.75;6789;574
20180302 203900;6789.25;6795;6787.25;6794.5;1441
20180302 204000;6795;6797;6791.5;6795.5;1027
20180302 204100;6795.75;6799;6794.75;6796.75;1550
20180302 204200;6796.75;6796.75;6791.5;6791.75;1195
20180302 204300;6791.5;6797.5;6791;6797;1039
20180302 204400;6797;6801.25;6795.75;6799.25;1231
20180302 204500;6799.5;6802.75;6797.75;6802;1194
20180302 204600;6802;6803.5;6795.5;6798.75;1866
20180302 204700;6798.75;6799.75;6793.75;6796;1215
20180302 204800;6796.5;6797.25;6793.5;6795.5;1286
20180302 204900;6795.5;6795.75;6790;6790.25;1467
20180302 205000;6790.25;6797.25;6789.75;6796.75;1280
20180302 205100;6796.5;6810.75;6796.5;6807.5;3645
20180302 205200;6808;6811.25;6806;6808.5;1695
20180302 205300;6808.75;6814;6808;6813.75;1767
20180302 205400;6813.75;6816.75;6812;6816.5;1414
20180302 205500;6816.5;6816.75;6812;6814.5;1148
20180302 205600;6814.5;6820;6814.5;6819.5;1961
20180302 205700;6819.5;6823.25;6817.75;6822.75;1414
20180302 205800;6823.25;6823.25;6815.5;6816.75;3018
20180302 205900;6817;6817.5;6808.5;6814.25;3007
20180302 210000;6814.25;6817;6809.25;6811.5;5441
20180302 210100;6811.5;6811.75;6805.25;6809.5;3064
20180302 210200;6809.25;6812.75;6806.25;6806.75;1213
20180302 210300;6806.5;6811.25;6806;6811;723
20180302 210400;6811;6811;6807.25;6810;1010
20180302 210500;6810;6811.25;6809;6809.25;510
20180302 210600;6809;6811.25;6808;6810.5;384
20180302 210700;6810.5;6810.75;6807.75;6807.75;316
20180302 210800;6807.75;6809.25;6806.5;6807.5;345
20180302 210900;6807.5;6809.75;6807.5;6809.5;243
20180302 211000;6809.5;6809.5;6806.25;6807.5;286
20180302 211100;6807.5;6807.5;6804;6806;315
20180302 211200;6805.75;6806.75;6803;6804.5;167
20180302 211300;6803.75;6809;6803.25;6806.5;372
20180302 211400;6806.25;6809;6805.75;6806.75;252
20180302 211500;6807.25;6808;6803.25;6805.5;1088
20180302 213100;6806;6807.25;6805.25;6806.75;86
20180302 213200;6807;6808.5;6806.25;6807.75;50
20180302 213300;6807.5;6810.25;6807.5;6810;78
20180302 213400;6810;6810.25;6809.75;6810;63
20180302 213500;6810;6810.5;6809.25;6809.25;21
20180302 213600;6809.25;6810.5;6809.25;6810.5;22
20180302 213700;6810.75;6810.75;6810.5;6810.5;12
20180302 213800;6810.75;6811;6810.75;6810.75;53
20180302 213900;6810.75;6811;6810;6810.25;69
20180302 214000;6810;6810.75;6809.75;6809.75;20
20180302 214100;6810;6810.75;6809.75;6810.5;35
20180302 214200;6810.5;6810.75;6810;6810.5;14
20180302 214300;6810.5;6810.75;6810.5;6810.75;34
20180302 214400;6810.5;6811;6810.5;6810.75;31
20180302 214500;6811;6811;6810.5;6811;32
20180302 214600;6811;6812.25;6810.75;6811.5;89
20180302 214700;6811.25;6811.25;6810.5;6810.5;17
20180302 214800;6810.25;6810.25;6809.5;6809.5;27
20180302 214900;6809.5;6809.75;6809;6809.75;33
20180302 215000;6809.25;6809.5;6807.25;6807.75;94
20180302 215100;6808.25;6808.75;6807.5;6808.75;52
20180302 215200;6808.75;6809.5;6808;6809.5;30
20180302 215300;6810;6810;6808.75;6809.25;12
20180302 215400;6809;6809.75;6808.5;6809;32
20180302 215500;6809;6810.5;6808.25;6809;46
20180302 215600;6808;6809.25;6806;6806.5;93
20180302 215700;6806;6807.5;6806;6806.25;32
20180302 215800;6806.5;6807;6806.25;6807;68
20180302 215900;6807.25;6808;6806.75;6807;39
20180302 220000;6807;6808.5;6806.75;6808.5;33
20180304 144000;6808.5;6808.5;6808.5;6808.5;3
20180304 230100;6795.75;6796;6789;6789.25;389
20180304 230200;6789.5;6790;6785;6787.25;245
20180304 230300;6787.75;6794.5;6787.25;6793.75;153
20180304 230400;6793.5;6800.75;6793;6800;186
20180304 230500;6800;6801.75;6797;6801;126
20180304 230600;6801.25;6802;6799.75;6801;101
20180304 230700;6801.25;6801.5;6799;6799.5;97
20180304 230800;6800;6800;6798;6798.25;76
20180304 230900;6798;6798.5;6796.5;6798.25;63
20180304 231000;6798.75;6798.75;6797.5;6798;46
20180304 231100;6798.5;6799;6797;6797.5;29
20180304 231200;6797.75;6799;6797;6798;14
20180304 231300;6798.25;6798.75;6797;6798.25;16
20180304 231400;6798.25;6801;6797.5;6801;61
20180304 231500;6801.25;6801.25;6799.75;6800.75;34
20180304 231600;6800.75;6801.75;6800;6801.25;92
20180304 231700;6800.75;6800.75;6798.5;6799.5;113
20180304 231800;6799;6800.25;6798.75;6800;49
20180304 231900;6800.25;6801;6800;6800.75;54
20180304 232000;6801;6801;6794.5;6795.75;132
20180304 232100;6795.75;6795.75;6789.5;6793;262
20180304 232200;6793;6793;6789.25;6790.25;68
20180304 232300;6790;6792;6788;6788;81
20180304 232400;6787.75;6787.75;6783;6783;290
20180304 232500;6783.25;6787.25;6781.5;6781.5;141
20180304 232600;6782;6785;6779;6780.75;350
20180304 232700;6780.75;6785.5;6780.5;6783.75;139
20180304 232800;6783.5;6783.5;6781.25;6782.5;32
20180304 232900;6782.5;6785;6782.5;6785;65
20180304 233000;6784.5;6787;6784.5;6786.25;64
20180304 233100;6786;6789.75;6786;6787.75;139
20180304 233200;6786.75;6790;6786.5;6788.75;58
20180304 233300;6789.25;6789.75;6787;6787;71
20180304 233400;6786.75;6789.5;6786.75;6789.5;75
20180304 233500;6789.25;6790.5;6789.25;6790;59
20180304 233600;6790;6791;6789.5;6789.75;58
20180304 233700;6790.25;6791.25;6790;6790.75;40
20180304 233800;6790.5;6793;6790.5;6792.75;113
20180304 233900;6792.25;6794.5;6792;6792.75;99
20180304 234000;6792.75;6794.25;6792.25;6792.5;83
20180304 234100;6792.5;6793;6791;6791;69
20180304 234200;6791;6792.75;6790.75;6792.75;43
20180304 234300;6792.25;6794;6792.25;6793.75;96
20180304 234400;6793.25;6794.75;6793.25;6793.75;73
20180304 234500;6793.75;6794;6793.5;6793.5;32
20180304 234600;6793.5;6794.5;6793.5;6794;29
20180304 234700;6794;6794.25;6791.25;6792.75;87
20180304 234800;6793.25;6794.75;6793.25;6794.5;50
20180304 234900;6794.25;6794.5;6793;6793;56
20180304 235000;6793;6793;6791.25;6791.25;76
20180304 235100;6791.25;6791.25;6789.5;6789.5;57
20180304 235200;6790.25;6794;6790.25;6793;81
20180304 235300;6793.5;6797.5;6793.25;6796.5;113
20180304 235400;6796.75;6797.25;6796;6797;59
20180304 235500;6796.5;6798.25;6795.75;6797.75;152
20180304 235600;6797.5;6797.5;6795.25;6796.75;73
20180304 235700;6796.25;6797.5;6796.25;6797.25;33
20180304 235800;6797.25;6797.25;6792.5;6793.5;100
20180304 235900;6793.5;6794.25;6793;6793;35
20180305 000000;6793.75;6793.75;6791.5;6793.25;56
20180305 000100;6793.25;6797;6793.25;6796.25;128
20180305 000200;6796.25;6804.25;6796.25;6804;250
20180305 000300;6804.25;6806.5;6802.75;6803.5;253
20180305 000400;6803.25;6808.5;6803;6807.75;210
20180305 000500;6807;6807.25;6804.25;6805.5;112
20180305 000600;6805;6806.75;6804.5;6806.75;64
20180305 000700;6807;6807.75;6805.75;6806;127
20180305 000800;6806.25;6807.75;6805.25;6806.75;160
20180305 000900;6806.75;6807.25;6803.75;6804;93
20180305 001000;6804;6805.75;6803.25;6804.5;120
20180305 001100;6804.75;6805.25;6801.5;6801.75;123
20180305 001200;6802.25;6804.25;6801.75;6802;66
20180305 001300;6802;6803.25;6800.5;6803;178
20180305 001400;6802.5;6803.5;6802.5;6803.25;59
20180305 001500;6802.75;6807.5;6802.5;6807.25;134
20180305 001600;6807.5;6807.75;6805;6805.25;110
20180305 001700;6805.25;6805.5;6804.25;6804.25;70
20180305 001800;6804.25;6804.75;6803.25;6804.25;50
20180305 001900;6804.25;6807.5;6804.25;6807.5;59
20180305 002000;6807.75;6809.75;6807.75;6808.5;191
20180305 002100;6808.25;6809.5;6807;6809.25;134
20180305 002200;6808.75;6812;6808.75;6810.5;248
20180305 002300;6809.75;6810;6807.25;6808;120
20180305 002400;6808.25;6808.5;6805;6805.75;126
20180305 002500;6805.25;6807.5;6805;6806.5;60
20180305 002600;6806.25;6806.5;6805.25;6805.5;34
20180305 002700;6805.75;6806.75;6803.25;6803.5;67
20180305 002800;6803.75;6806;6802.75;6805.75;95
20180305 002900;6806;6806;6803.5;6804;43
20180305 003000;6804.5;6804.5;6802.75;6803.25;45
20180305 003100;6803.25;6803.5;6802.25;6802.5;58
20180305 003200;6802.75;6805.25;6802.75;6804.5;94
20180305 003300;6804.5;6804.75;6803.75;6804;48
20180305 003400;6804.25;6805;6804;6804.75;38
20180305 003500;6804.75;6805;6803.5;6804;61
20180305 003600;6804;6807;6804;6805.25;98
20180305 003700;6805.5;6806.25;6804.5;6804.5;48
20180305 003800;6805;6805.25;6802.5;6803;62
20180305 003900;6803.25;6803.25;6800.5;6800.75;88
20180305 004000;6801;6802.75;6800.5;6802;63
20180305 004100;6801.75;6801.75;6799.75;6801;71
20180305 004200;6801;6802.5;6800.75;6800.75;46
20180305 004300;6801.25;6803.25;6801;6803.25;42
20180305 004400;6803.25;6803.25;6801.25;6802.25;36
20180305 004500;6802.25;6802.25;6800.5;6800.5;34
20180305 004600;6800.5;6800.5;6798;6799.25;184
20180305 004700;6799.75;6801.25;6799.25;6800.25;64
20180305 004800;6800.5;6801.25;6798.75;6799;65
20180305 004900;6799.25;6801.25;6799;6800;65
20180305 005000;6800.25;6800.25;6798.25;6799.25;68
20180305 005100;6799.25;6801.75;6799;6801.75;43
20180305 005200;6801.5;6802.75;6801.5;6802.75;49
20180305 005300;6802.5;6802.75;6801;6801.5;24
20180305 005400;6801.75;6802.75;6801.25;6802.25;53
20180305 005500;6801.5;6801.75;6800.25;6801.25;70
20180305 005600;6800.75;6802;6800.25;6801.25;49
20180305 005700;6801.25;6801.75;6800.25;6801;34
20180305 005800;6801;6801.25;6797.75;6798.75;96
20180305 005900;6798.75;6799;6797;6797.75;96
20180305 010000;6797.75;6797.75;6796.25;6797.5;72
20180305 010100;6797;6799.75;6796.75;6798;118
20180305 010200;6798.25;6798.5;6797.25;6798;64
20180305 010300;6797.75;6797.75;6794.25;6796.25;140
20180305 010400;6796;6797.5;6795;6796;98
20180305 010500;6795.5;6796;6794.75;6795;75
20180305 010600;6794.75;6796.5;6793;6796;178
20180305 010700;6795.5;6797.25;6795.25;6797;102
20180305 010800;6797.25;6797.25;6796.25;6796.75;43
20180305 010900;6796.75;6797.75;6794.5;6795.25;87
20180305 011000;6795;6795.5;6793.75;6794.75;71
20180305 011100;6795;6795.25;6791.5;6792.5;210
20180305 011200;6792.75;6793.5;6791.75;6792.5;92
20180305 011300;6792;6793.5;6792;6793;53
20180305 011400;6793.25;6795.5;6793.25;6794.25;66
20180305 011500;6794;6794;6792;6792.75;68
20180305 011600;6792.75;6795.25;6790.5;6794.5;176
20180305 011700;6794;6796.75;6793;6796.25;103
20180305 011800;6796.25;6797.5;6795.25;6796.25;79
20180305 011900;6796.75;6799;6796.5;6798.75;75
20180305 012000;6798.5;6800;6798.25;6798.75;51
20180305 012100;6798.5;6801.75;6798.5;6799.5;117
20180305 012200;6799.75;6799.75;6797.75;6798.25;63
20180305 012300;6797.75;6799;6797.5;6799;28
20180305 012400;6799;6799;6797.25;6798.25;63
20180305 012500;6797.75;6798.75;6797.75;6798.25;28
20180305 012600;6798.5;6798.75;6795.5;6796.5;77
20180305 012700;6796.25;6798;6796;6797.25;38
20180305 012800;6798;6799.5;6798;6798.25;48
20180305 012900;6798.25;6799.25;6797.25;6799.25;62
20180305 013000;6798.75;6799;6796.5;6797.25;40
20180305 013100;6797.5;6803;6797.5;6802.25;232
20180305 013200;6802.5;6803;6800;6802.5;196
20180305 013300;6802.5;6805.5;6801.75;6804.5;198
20180305 013400;6804.5;6805.5;6803.75;6804.5;83
20180305 013500;6804.5;6806.75;6804.25;6806;129
20180305 013600;6805.75;6806.25;6803;6803.25;106
20180305 013700;6803.75;6806;6803.75;6805;76
20180305 013800;6805;6806.75;6804.5;6806.25;84
20180305 013900;6806;6806.25;6803.5;6803.5;93
20180305 014000;6803.75;6805.5;6803.75;6804.75;65
20180305 014100;6804.25;6805;6803.5;6803.5;46
20180305 014200;6803.75;6804.5;6802.25;6804.25;73
20180305 014300;6804.5;6806.75;6804.25;6806;104
20180305 014400;6806;6806.5;6805.75;6805.75;60
20180305 014500;6806;6807.75;6805.25;6805.25;131
20180305 014600;6805.75;6807.5;6805.75;6807.5;51
20180305 014700;6807.75;6809.25;6807.75;6809;128
20180305 014800;6808.75;6810.75;6808.75;6809;151
20180305 014900;6809;6809.75;6807.5;6807.5;71
20180305 015000;6808;6808.75;6807;6807.25;66
20180305 015100;6807;6807.5;6803.5;6803.5;155
20180305 015200;6803.5;6804.75;6802;6803.75;96
20180305 015300;6803;6804;6802.25;6802.25;62
20180305 015400;6802.5;6802.5;6799.25;6800.25;173
20180305 015500;6800.25;6800.75;6799.25;6799.5;93
20180305 015600;6799.25;6800;6797;6798;88
20180305 015700;6798;6798.25;6796.75;6797.5;61
20180305 015800;6797.25;6797.75;6793.5;6793.75;152
20180305 015900;6793.25;6795.75;6793.25;6794;110
20180305 020000;6794;6795;6792.5;6793;130
20180305 020100;6793;6793.25;6788.25;6789;288
20180305 020200;6788.5;6792;6788;6791.5;142
20180305 020300;6791.75;6793;6791.25;6791.5;163
20180305 020400;6792.25;6792.75;6789.25;6791;157
20180305 020500;6790.75;6793.25;6790.75;6793.25;100
20180305 020600;6793.5;6793.75;6791.75;6792;85
20180305 020700;6791.75;6791.75;6789.5;6790.5;99
20180305 020800;6791;6791.5;6789;6790;74
20180305 020900;6790;6790.75;6788.75;6789;75
20180305 021000;6788.5;6789;6787.75;6788.75;90
20180305 021100;6788.5;6790;6787;6789.75;118
20180305 021200;6789.5;6791.5;6788.75;6790.25;99
20180305 021300;6790.25;6791;6789.75;6791;54
20180305 021400;6791;6792.25;6790.25;6791.5;123
20180305 021500;6791.5;6793.75;6791.25;6793.25;104
20180305 021600;6793.5;6793.5;6791.75;6793.25;91
20180305 021700;6793;6794.5;6792.5;6794;89
20180305 021800;6794;6794;6792;6792.5;88
20180305 021900;6792.75;6793.75;6791.75;6793.5;117
20180305 022000;6793.5;6793.75;6792;6793;91
20180305 022100;6792.75;6793.25;6791.25;6791.75;110
20180305 022200;6792;6792;6790.5;6790.75;60
20180305 022300;6791;6791.5;6790.75;6791.25;42
20180305 022400;6791.25;6791.5;6790.25;6790.25;48
20180305 022500;6790;6790.25;6785;6785.5;278
20180305 022600;6785.5;6789;6785;6788.5;181
20180305 022700;6788.75;6789;6787.25;6789;83
20180305 022800;6789;6791.25;6789;6789.5;89
20180305 022900;6789.5;6789.5;6788.5;6789;23
20180305 023000;6789;6789;6787;6789;43
20180305 023100;6788.5;6788.5;6785;6785.25;144
20180305 023200;6785.25;6788.25;6784.25;6787.25;105
20180305 023300;6787.5;6787.5;6785.75;6785.75;35
20180305 023400;6786.5;6786.75;6784.5;6785.25;88
20180305 023500;6785.25;6786.75;6785;6786.25;55
20180305 023600;6787;6788.5;6786.75;6788.25;70
20180305 023700;6788;6788.25;6786.5;6786.5;66
20180305 023800;6786.25;6786.5;6782.5;6783.25;138
20180305 023900;6783;6783.75;6782;6782.75;98
20180305 024000;6782.25;6783;6781;6782;135
20180305 024100;6782.25;6782.5;6780.25;6780.5;122
20180305 024200;6780.75;6783;6780.75;6782.75;72
20180305 024300;6782.5;6784.25;6782;6784.25;51
20180305 024400;6784.25;6784.5;6782.25;6782.75;76
20180305 024500;6782.75;6782.75;6777.25;6778.25;250
20180305 024600;6778.25;6778.25;6775.75;6777.75;186
20180305 024700;6777.75;6779.25;6776.75;6778.25;82
20180305 024800;6777.75;6778;6775.75;6777;135
20180305 024900;6777;6779.25;6776.5;6778;194
20180305 025000;6778;6778.5;6777.25;6777.5;47
20180305 025100;6778;6779;6777.75;6778;116
20180305 025200;6777.75;6777.75;6775.75;6776.75;73
20180305 025300;6776.75;6777.5;6776.25;6777.25;97
20180305 025400;6777.75;6778.5;6777.25;6778;67
20180305 025500;6778;6779.25;6777;6778.5;92
20180305 025600;6778.5;6779.75;6777.25;6779;63
20180305 025700;6778.75;6778.75;6776.75;6777.5;70
20180305 025800;6777.75;6778;6777;6777.25;32
20180305 025900;6777;6777.25;6775.75;6776.5;39
20180305 030000;6777.25;6777.5;6775.75;6776.25;19
20180305 030100;6775.5;6775.5;6772.25;6772.25;214
20180305 030200;6772.25;6773.25;6771.25;6772.25;113
20180305 030300;6772;6773.25;6771.25;6772.5;75
20180305 030400;6772.5;6775;6772.5;6774.25;103
20180305 030500;6774.75;6774.75;6772;6773;51
20180305 030600;6772.5;6772.75;6769.75;6771.5;103
20180305 030700;6771.5;6774.25;6770.75;6774;68
20180305 030800;6774;6777;6774;6775.25;132
20180305 030900;6775;6775.5;6773.5;6775.25;50
20180305 031000;6775;6775.25;6774.5;6774.75;36
20180305 031100;6774.5;6774.75;6772;6774.5;111
20180305 031200;6774.5;6776;6774;6775.75;83
20180305 031300;6775.75;6775.75;6774.25;6774.25;43
20180305 031400;6774.75;6775;6772.5;6773.25;49
20180305 031500;6773.25;6773.5;6771;6772.25;96
20180305 031600;6772;6773.75;6770.75;6773;108
20180305 031700;6773.25;6774;6772.75;6773.5;72
20180305 031800;6773.25;6774.25;6772.75;6773.5;79
20180305 031900;6773.25;6774.75;6773.25;6774.75;60
20180305 032000;6774.75;6775;6774;6774.25;44
20180305 032100;6774.25;6776;6774.25;6774.25;77
20180305 032200;6774.25;6775.75;6774.25;6775;55
20180305 032300;6775;6777;6775;6776.75;77
20180305 032400;6777.25;6777.75;6777;6777.75;62
20180305 032500;6777.75;6778;6776.5;6776.5;54
20180305 032600;6776.75;6778.25;6776.75;6777.5;63
20180305 032700;6777.75;6778.75;6777;6777.75;72
20180305 032800;6777.75;6777.75;6776.5;6777.25;44
20180305 032900;6777.25;6779.25;6777.25;6778.75;58
20180305 033000;6779;6780.25;6779;6779.75;100
20180305 033100;6779.75;6780;6776.5;6777.25;117
20180305 033200;6777;6778.25;6776.75;6777;43
20180305 033300;6777;6778.75;6777;6778.5;40
20180305 033400;6778.5;6778.5;6777;6777.25;41
20180305 033500;6777.25;6777.75;6777;6777.5;32
20180305 033600;6778.25;6778.25;6777.25;6778;21
20180305 033700;6777.75;6778.25;6777.5;6777.5;13
20180305 033800;6778;6778.5;6777.25;6777.5;12
20180305 033900;6777.75;6782.25;6777.75;6780.75;120
20180305 034000;6780.75;6782;6780.75;6782;34
20180305 034100;6781.5;6781.5;6780;6781.25;44
20180305 034200;6780.75;6781;6779.25;6780;34
20180305 034300;6780;6782.25;6780;6781.75;35
20180305 034400;6782;6782.25;6780.75;6781.5;40
20180305 034500;6781.25;6782.25;6781;6782.25;43
20180305 034600;6782.25;6782.25;6780.5;6780.5;33
20180305 034700;6780.5;6781.75;6780.25;6780.5;24
20180305 034800;6780.25;6780.75;6779.5;6780.5;60
20180305 034900;6780;6780;6776.75;6778;87
20180305 035000;6778;6779.25;6777.5;6778.25;42
20180305 035100;6778.25;6781.25;6778.25;6780.5;33
20180305 035200;6780.5;6780.5;6779;6779.25;46
20180305 035300;6779.75;6781;6779.5;6780.25;44
20180305 035400;6780.25;6780.25;6779.25;6779.25;33
20180305 035500;6779.25;6779.25;6778.25;6778.5;31
20180305 035600;6778.75;6779.5;6778.5;6779.5;22
20180305 035700;6780;6782;6780;6780.25;84
20180305 035800;6780.25;6781.5;6780.25;6780.5;46
20180305 035900;6780.5;6782.75;6780.25;6781.75;64
20180305 040000;6781.25;6781.75;6779.5;6780.25;51
20180305 040100;6780.5;6780.75;6780;6780;18
20180305 040200;6780;6781;6780;6781;14
20180305 040300;6781.25;6781.75;6780.75;6781.5;36
20180305 040400;6781.5;6781.75;6780.25;6781.25;53
20180305 040500;6781.5;6782.75;6781.5;6782.25;51
20180305 040600;6782.5;6783;6782;6782.75;25
20180305 040700;6782.25;6782.5;6780.75;6781;32
20180305 040800;6780.75;6781.75;6780.75;6781.75;34
20180305 040900;6782;6782.25;6780.5;6780.5;41
20180305 041000;6780.25;6781.25;6780.25;6780.25;16
20180305 041100;6780.25;6780.75;6780.25;6780.5;18
20180305 041200;6780.5;6781.75;6780.5;6781.75;17
20180305 041300;6782.25;6782.75;6781.75;6782.25;26
20180305 041400;6782.5;6782.5;6780.5;6781;40
20180305 041500;6780.75;6780.75;6780;6780.25;16
20180305 041600;6780.75;6780.75;6780.25;6780.25;13
20180305 041700;6780.25;6780.25;6779;6779;13
20180305 041800;6779;6779.25;6778.5;6778.75;38
20180305 041900;6779;6780;6778;6779;67
20180305 042000;6779.5;6780.25;6779.5;6779.75;22
20180305 042100;6779.75;6781.75;6779.5;6781.25;28
20180305 042200;6781.5;6781.5;6780.75;6781.25;27
20180305 042300;6781.5;6782;6781.25;6781.25;19
20180305 042400;6781.25;6781.75;6781.25;6781.25;19
20180305 042500;6781.75;6781.75;6780;6780;23
20180305 042600;6779.75;6779.75;6779;6779.25;21
20180305 042700;6779.25;6779.25;6779.25;6779.25;4
20180305 042800;6779;6780;6779;6780;16
20180305 042900;6780;6780;6779;6779.25;26
20180305 043000;6779;6779.75;6779;6779.5;8
20180305 043100;6779;6779;6775;6776.75;104
20180305 043200;6776.75;6777.25;6775.5;6775.5;39
20180305 043300;6775.25;6775.75;6774.75;6775;62
20180305 043400;6775.25;6776.25;6775.25;6775.5;9
20180305 043500;6775.75;6777.25;6775.75;6777.25;38
20180305 043600;6777.5;6777.5;6776.25;6777;28
20180305 043700;6777.25;6777.25;6776.5;6777;19
20180305 043800;6776.5;6777;6776.5;6776.75;11
20180305 043900;6776.5;6777.25;6776;6776;20
20180305 044000;6776;6776.5;6776;6776.25;33
20180305 044100;6776.5;6776.5;6775.5;6776.25;34
20180305 044200;6775.75;6777;6775.25;6776.5;61
20180305 044300;6776.5;6777.25;6776.25;6776.5;43
20180305 044400;6776.75;6777;6776.5;6776.75;10
20180305 044500;6777.25;6777.5;6777;6777;22
20180305 044600;6777.25;6777.5;6774;6774;81
20180305 044700;6773.75;6774.5;6772.5;6774.25;249
20180305 044800;6774.25;6774.75;6772;6772.25;66
20180305 044900;6772.25;6772.75;6764.75;6766.5;476
20180305 045000;6766.75;6768.75;6765.5;6768.25;87
20180305 045100;6768;6768.5;6767;6768.25;74
20180305 045200;6768.5;6768.75;6766.5;6768;75
20180305 045300;6767.75;6770;6767.5;6770;57
20180305 045400;6770.25;6770.25;6768.25;6768.5;49
20180305 045500;6768.5;6768.75;6767.5;6767.75;40
20180305 045600;6767.5;6768;6767.25;6767.5;41
20180305 045700;6767.75;6768.25;6766.25;6766.25;42
20180305 045800;6766.25;6766.5;6765.5;6766.5;29
20180305 045900;6766.5;6766.5;6765.5;6766;32
20180305 050000;6765.75;6766.5;6763.75;6764.5;145
20180305 050100;6765;6766.5;6764.25;6765;70
20180305 050200;6764.75;6771.25;6764.25;6769.5;161
20180305 050300;6770.25;6770.25;6768.5;6769.25;62
20180305 050400;6769.75;6771.75;6769.75;6771;100
20180305 050500;6771;6771;6769.5;6770;18
20180305 050600;6770;6770.25;6769.5;6770.25;35
20180305 050700;6770.25;6771.75;6770.25;6771;62
20180305 050800;6771;6772.5;6770.75;6772.5;32
20180305 050900;6772.25;6775.25;6771.75;6773.5;91
20180305 051000;6774;6774;6771.75;6773.25;45
20180305 051100;6773;6773.25;6772.5;6773;21
20180305 051200;6773;6773.75;6772;6772;49
20180305 051300;6771.75;6773;6771.25;6773;64
20180305 051400;6773;6773;6771.25;6772.25;35
20180305 051500;6772.5;6773.5;6772;6773;23
20180305 051600;6773;6773;6770.5;6771;59
20180305 051700;6771;6773;6771;6773;15
20180305 051800;6772;6772.5;6771.5;6771.5;13
20180305 051900;6772;6772.25;6771;6771.25;22
20180305 052000;6771;6771.5;6770.75;6771;23
20180305 052100;6771;6771.25;6770.25;6771;25
20180305 052200;6771;6771.25;6769.25;6770;40
20180305 052300;6770.5;6771.25;6770.25;6771;20
20180305 052400;6770.75;6771.75;6770.75;6771.25;21
20180305 052600;6771.5;6771.5;6771.5;6771.5;3
20180305 052700;6771;6771.75;6770.5;6771.25;49
20180305 052800;6771.25;6771.25;6767.5;6768.25;61
20180305 052900;6768;6769.75;6767.75;6768;64
20180305 053000;6768;6769;6767.5;6768.5;48
20180305 053100;6768;6768.5;6767;6768.5;66
20180305 053200;6768.25;6769.25;6767.75;6768;57
20180305 053300;6768;6768.75;6768;6768;24
20180305 053400;6768;6769.5;6767.75;6768.75;32
20180305 053500;6769.25;6769.25;6768.5;6768.5;15
20180305 053600;6768.5;6770;6768.5;6769.75;13
20180305 053700;6769.75;6771;6769.75;6770.75;33
20180305 053800;6770.5;6773;6770.25;6772.75;53
20180305 053900;6773;6775.75;6773;6774.75;123
20180305 054000;6774.25;6777.5;6774.25;6776;150
20180305 054100;6776.25;6777.5;6775.5;6775.5;61
20180305 054200;6775.25;6776.5;6775.25;6776.5;38
20180305 054300;6776.25;6777.75;6776.25;6777.75;44
20180305 054400;6777.75;6778;6776.75;6778;36
20180305 054500;6778.25;6780;6777.75;6778.75;114
20180305 054600;6778.75;6779.75;6777.75;6778;82
20180305 054700;6778;6778;6777;6777.5;35
20180305 054800;6777.5;6779;6777.25;6778;61
20180305 054900;6778;6779;6777.25;6778.5;44
20180305 055000;6778.5;6778.5;6776.5;6777.75;25
20180305 055100;6777.5;6778;6776.75;6777.75;56
20180305 055200;6778;6778;6777;6777.25;24
20180305 055300;6777;6777.5;6775;6777;92
20180305 055400;6777.25;6777.25;6776.75;6776.75;28
20180305 055500;6777.25;6778;6776.75;6778;46
20180305 055600;6777.75;6777.75;6775.25;6775.75;57
20180305 055700;6775.75;6775.75;6773.5;6774.75;72
20180305 055800;6774.5;6774.5;6772.75;6772.75;37
20180305 055900;6773;6774.25;6773;6773.75;26
20180305 060000;6773.75;6773.75;6771.75;6772.75;57
20180305 060100;6772.5;6773.5;6772.5;6773.25;33
20180305 060200;6773;6773;6769.75;6770.5;45
20180305 060300;6770.5;6771.75;6770.25;6771.5;77
20180305 060400;6771.75;6772.25;6771.75;6772;15
20180305 060500;6772.5;6773.5;6772.5;6772.75;74
20180305 060600;6773;6773.5;6771.75;6771.75;45
20180305 060700;6771.75;6772.25;6770.75;6771;36
20180305 060800;6771;6771.5;6770.5;6770.75;24
20180305 060900;6771;6771;6770.5;6771;31
20180305 061000;6771;6771.25;6770;6770;28
20180305 061100;6769.75;6769.75;6767;6767.5;75
20180305 061200;6767.5;6770;6767.5;6769.75;38
20180305 061300;6769.5;6770;6768.75;6768.75;40
20180305 061400;6768.25;6768.75;6766;6766.25;84
20180305 061500;6766;6766.5;6763.75;6764.25;180
20180305 061600;6764.5;6765.25;6763.75;6764;119
20180305 061700;6764.25;6765;6763.75;6765;34
20180305 061800;6765.25;6766;6765;6765.75;18
20180305 061900;6765.75;6765.75;6764;6764.5;63
20180305 062000;6764.75;6766.5;6764.75;6766.25;48
20180305 062100;6766;6767.25;6765.75;6766.5;28
20180305 062200;6766.75;6766.75;6766.25;6766.75;13
20180305 062300;6766.75;6766.75;6765.5;6766;15
20180305 062400;6765.75;6766.25;6765.75;6765.75;22
20180305 062500;6766;6768;6766;6768;29
20180305 062600;6768;6768.75;6767.25;6767.75;36
20180305 062700;6767.75;6768.5;6767.75;6768.5;8
20180305 062800;6768.75;6770.25;6767.75;6769.75;31
20180305 062900;6769.25;6769.25;6768;6768;29
20180305 063000;6768.5;6769;6768.5;6768.5;13
20180305 063100;6768.75;6769.75;6768.5;6768.5;56
20180305 063200;6768.25;6769.5;6768.25;6769.25;12
20180305 063300;6769;6769;6767.25;6767.25;30
20180305 063400;6767.25;6767.75;6767;6767.75;17
20180305 063500;6767.75;6768.5;6767.5;6768;54
20180305 063600;6768;6768.25;6767.5;6768;12
20180305 063700;6768.25;6768.25;6767.5;6767.5;9
20180305 063800;6767;6768.5;6767;6768.5;26
20180305 063900;6768.75;6769.25;6768;6768.75;38
20180305 064000;6768.5;6770;6768.5;6769.5;22
20180305 064100;6769.75;6769.75;6768;6768;46
20180305 064200;6768;6769;6767.5;6769;13
20180305 064300;6769.25;6770.5;6769;6770.25;37
20180305 064400;6770.5;6770.5;6768;6768;36
20180305 064500;6768;6769.5;6768;6768.75;35
20180305 064600;6769;6769;6766.75;6768.75;92
20180305 064700;6768.5;6768.5;6766.5;6766.5;51
20180305 064800;6766.75;6768.25;6766.25;6768.25;47
20180305 064900;6768;6768;6765.75;6765.75;38
20180305 065000;6766;6767;6765.25;6765.75;71
20180305 065100;6765.5;6765.75;6764.5;6765.5;39
20180305 065200;6765.75;6766.75;6765;6765.5;65
20180305 065300;6765.5;6765.75;6765.25;6765.75;26
20180305 065400;6766;6766.25;6765.25;6765.5;22
20180305 065500;6766;6766;6765.25;6766;16
20180305 065600;6765.75;6766;6765;6765.75;45
20180305 065700;6766;6767.5;6766;6767.25;49
20180305 065800;6767.25;6767.75;6765.75;6765.75;54
20180305 065900;6765.75;6766;6765;6765;34
20180305 070000;6765.5;6766.25;6765.25;6765.5;30
20180305 070100;6765.5;6765.5;6760;6762;203
20180305 070200;6761.75;6762;6756.5;6762;411
20180305 070300;6761.5;6762;6758.75;6759;160
20180305 070400;6759.25;6762.25;6758.75;6762;123
20180305 070500;6762.25;6765;6762.25;6764;108
20180305 070600;6764.25;6765.5;6762.5;6765.5;88
20180305 070700;6765.5;6767.5;6764.75;6766.5;112
20180305 070800;6767;6768;6765;6768;118
20180305 070900;6768;6768;6764.5;6764.5;79
20180305 071000;6764.25;6765.5;6762.5;6763;89
20180305 071100;6763.5;6763.5;6761.25;6761.5;78
20180305 071200;6761.5;6762.75;6760.25;6762.5;81
20180305 071300;6762.25;6764;6761.75;6763.25;53
20180305 071400;6763.75;6765.25;6762.75;6764;83
20180305 071500;6763.75;6763.75;6762.75;6762.75;54
20180305 071600;6763;6765.75;6762;6765.75;121
20180305 071700;6766;6766.75;6764;6764.5;383
20180305 071800;6764.75;6764.75;6762;6762;125
20180305 071900;6762.25;6764.75;6762.25;6764.5;68
20180305 072000;6765;6765;6761.5;6761.75;92
20180305 072100;6762;6762;6757.25;6759;232
20180305 072200;6759.25;6760.5;6753.75;6754.25;217
20180305 072300;6753.75;6757;6752.5;6755.5;235
20180305 072400;6755.75;6759.5;6754.75;6758.5;138
20180305 072500;6758.75;6758.75;6754.5;6756.25;137
20180305 072600;6756.5;6759.25;6756;6757.75;48
20180305 072700;6757.25;6757.5;6754;6754;56
20180305 072800;6754.25;6757;6753.75;6755;80
20180305 072900;6755.25;6756;6754.25;6755;64
20180305 073000;6754.5;6754.5;6751.25;6751.5;71
20180305 073100;6751.5;6754.5;6750.5;6754.5;136
20180305 073200;6754.25;6757.25;6752.5;6753;88
20180305 073300;6752.5;6753.75;6751.75;6752.75;69
20180305 073400;6753.5;6755;6752.75;6754.75;46
20180305 073500;6754.25;6755.25;6753.75;6754.75;33
20180305 073600;6755;6756.5;6752.5;6755.75;100
20180305 073700;6756;6759.5;6755.75;6758;98
20180305 073800;6757.75;6758.25;6756.5;6757.25;36
20180305 073900;6757.75;6759.5;6756.5;6757.75;85
20180305 074000;6757.75;6758;6754.75;6755.75;65
20180305 074100;6756;6756;6752;6752.25;139
20180305 074200;6752.75;6753.25;6751.5;6751.5;108
20180305 074300;6751.25;6752.75;6746.25;6748.5;382
20180305 074400;6749;6750.5;6747.75;6748.75;210
20180305 074500;6749;6750;6742.5;6744.25;337
20180305 074600;6744.5;6748;6744.25;6747.75;126
20180305 074700;6747.75;6750.75;6747.75;6749.5;111
20180305 074800;6749.75;6750;6747.75;6749;133
20180305 074900;6749;6749.25;6747.75;6749.25;69
20180305 075000;6749.25;6750.25;6749.25;6749.75;29
20180305 075100;6749.25;6749.75;6748.5;6748.75;42
20180305 075200;6749;6750.75;6749;6750;32
20180305 075300;6749.75;6751.5;6748.25;6748.75;80
20180305 075400;6749;6749;6744;6744.75;114
20180305 075500;6744.75;6746.5;6744.25;6745;162
20180305 075600;6745;6749;6744.5;6747;112
20180305 075700;6747.5;6748;6746;6747.25;81
20180305 075800;6747.25;6749.5;6746.75;6749;117
20180305 075900;6749.5;6751.75;6748;6751.25;116
20180305 080000;6751.5;6752.25;6749.25;6749.75;100
20180305 080100;6750.25;6750.5;6743.25;6749.5;262
20180305 080200;6749.75;6751.75;6748.25;6751.25;184
20180305 080300;6751.5;6755.25;6750.75;6754.75;201
20180305 080400;6755.5;6758.5;6755.5;6756.25;278
20180305 080500;6756.75;6758;6754;6757;211
20180305 080600;6756.5;6758.5;6755.75;6758.5;104
20180305 080700;6758.75;6758.75;6754.5;6754.5;78
20180305 080800;6754.75;6756;6754.75;6755.75;49
20180305 080900;6755.5;6759;6755;6758.5;125
20180305 081000;6758.75;6759.5;6755.25;6756.75;209
20180305 081100;6756.5;6758.75;6756;6758.25;99
20180305 081200;6758.25;6763.75;6758.25;6763.5;192
20180305 081300;6763.25;6764.5;6760.75;6763.5;119
20180305 081400;6763.5;6765.25;6762.75;6762.75;133
20180305 081500;6763;6763.75;6760.25;6762;97
20180305 081600;6761.75;6763.75;6759.5;6763.75;133
20180305 081700;6763.75;6768.25;6763.5;6767.25;159
20180305 081800;6767.5;6770.75;6766.25;6769.5;262
20180305 081900;6769.5;6773.75;6768.75;6772.75;285
20180305 082000;6772.75;6777.5;6771.25;6777.5;352
20180305 082100;6777.5;6779.25;6774.75;6779.25;313
20180305 082200;6779.5;6779.75;6774;6774.75;313
20180305 082300;6774.25;6776.25;6774.25;6776;165
20180305 082400;6776.25;6780.25;6775.75;6779.75;173
20180305 082500;6780;6782.5;6777.25;6778;221
20180305 082600;6777.75;6778.25;6775.25;6775.25;101
20180305 082700;6775.25;6776.75;6775;6775.25;138
20180305 082800;6775.5;6777;6774.75;6776.75;144
20180305 082900;6776.75;6776.75;6773.75;6775.25;109
20180305 083000;6775;6778.5;6774;6777.25;122
20180305 083100;6777.75;6781.5;6777.75;6778.25;203
20180305 083200;6778.5;6779.25;6777.25;6778.25;47
20180305 083300;6778.5;6780.5;6777.5;6780;124
20180305 083400;6780;6781;6774.25;6774.25;175
20180305 083500;6774.75;6776;6773.25;6776;71
20180305 083600;6776.25;6776.5;6772;6773.25;108
20180305 083700;6772.75;6773.5;6771;6771;100
20180305 083800;6770.75;6773.5;6770.5;6772.75;87
20180305 083900;6773;6774;6772.25;6773.75;42
20180305 084000;6773.75;6779.25;6773.75;6777.75;129
20180305 084100;6778;6788.5;6777.75;6786.5;452
20180305 084200;6787.25;6790.5;6786.75;6787.5;248
20180305 084300;6787.75;6790.5;6786;6788;174
20180305 084400;6787.5;6791;6787.25;6789.25;165
20180305 084500;6789.75;6790.5;6788;6789;102
20180305 084600;6788.75;6793.75;6788.75;6792.5;191
20180305 084700;6792.5;6793.5;6790;6790.75;176
20180305 084800;6790.25;6794;6788.25;6793.5;225
20180305 084900;6793.5;6799.25;6793.5;6797.75;466
20180305 085000;6797.75;6799;6794.25;6796.25;331
20180305 085100;6796.5;6797.5;6793.75;6795;127
20180305 085200;6794.5;6799;6793.75;6797.5;205
20180305 085300;6797.25;6799;6796.75;6798.5;120
20180305 085400;6798.25;6802.75;6797.25;6802.75;423
20180305 085500;6802;6803.75;6800.5;6800.5;202
20180305 085600;6800.25;6800.75;6796.75;6796.75;188
20180305 085700;6797;6798;6795.5;6796.25;149
20180305 085800;6796;6797.5;6795;6796;135
20180305 085900;6796.5;6798;6796;6796;46
20180305 090000;6796.5;6797.5;6795.25;6796.75;54
20180305 090100;6797.25;6797.25;6794;6795.75;183
20180305 090200;6795.75;6800;6795;6798.5;188
20180305 090300;6798.25;6798.5;6793.25;6794.25;152
20180305 090400;6794;6794;6791.5;6792;120
20180305 090500;6791.5;6792.75;6790;6790.5;174
20180305 090600;6790.5;6792.75;6790.5;6792.25;56
20180305 090700;6792.25;6798.25;6792.25;6797;319
20180305 090800;6797;6797;6793.5;6793.75;61
20180305 090900;6793.25;6794;6791.25;6792.5;78
20180305 091000;6792.5;6793.5;6790.25;6791;104
20180305 091100;6791.25;6792.25;6790.75;6790.75;28
20180305 091200;6790.75;6791;6788;6788;164
20180305 091300;6788.75;6792.75;6788.75;6791.75;231
20180305 091400;6792.25;6798.75;6792;6798.75;160
20180305 091500;6798.25;6804;6797.75;6802.5;288
20180305 091600;6802.75;6804.75;6801.75;6803.5;128
20180305 091700;6803.25;6804.75;6797.25;6797.25;184
20180305 091800;6797;6798;6794.5;6795;150
20180305 091900;6794.75;6796.5;6793;6795;117
20180305 092000;6794.75;6794.75;6792.5;6794.5;63
20180305 092100;6795.25;6796.75;6794.25;6796.5;51
20180305 092200;6796;6796.75;6794;6794.5;53
20180305 092300;6794.5;6795.25;6793;6793.75;40
20180305 092400;6793.25;6793.75;6791.5;6792.5;38
20180305 092500;6792.25;6792.25;6788.75;6790;123
20180305 092600;6789;6790.75;6787;6789.5;118
20180305 092700;6789.25;6790;6787.25;6789.75;112
20180305 092800;6789;6789.5;6786.25;6789.5;140
20180305 092900;6789;6789.5;6788.25;6789.5;33
20180305 093000;6788.75;6791.25;6788.25;6790;70
20180305 093100;6789.75;6792.75;6789.25;6792.25;69
20180305 093200;6792;6792.75;6788;6792.25;129
20180305 093300;6791.75;6793;6790.5;6793;72
20180305 093400;6793.25;6793.25;6789;6789.75;64
20180305 093500;6789.5;6792.25;6789;6791;65
20180305 093600;6791;6794.5;6789.5;6794.5;55
20180305 093700;6794;6796;6792.25;6795.75;120
20180305 093800;6795.5;6796.5;6795;6796.5;75
20180305 093900;6796.5;6796.5;6794.75;6796;68
20180305 094000;6796.25;6800.5;6796.25;6799;127
20180305 094100;6799.25;6802.25;6797.75;6801.75;152
20180305 094200;6801.25;6802;6799;6799.5;96
20180305 094300;6799.75;6802.75;6799.5;6802;66
20180305 094400;6802;6803;6800.75;6800.75;119
20180305 094500;6800;6803;6799.5;6802.75;77
20180305 094600;6802;6803;6801.5;6802.75;63
20180305 094700;6802.25;6807.75;6802.25;6806.25;410
20180305 094800;6806.25;6806.25;6802.5;6803;110
20180305 094900;6803.5;6806.75;6803;6806.25;107
20180305 095000;6806.25;6809;6805;6808.5;143
20180305 095100;6808;6813.75;6807;6811.75;414
20180305 095200;6811.75;6811.75;6808.75;6809.75;183
20180305 095300;6810;6811.5;6809;6811;61
20180305 095400;6811;6811.25;6809;6809;100
20180305 095500;6809.25;6809.25;6805.25;6805.5;175
20180305 095600;6807;6807.5;6803.75;6804.5;75
20180305 095700;6804.5;6805.5;6803.75;6805.25;69
20180305 095800;6804.75;6806.5;6803;6805.75;222
20180305 095900;6805.75;6807.25;6805.5;6806.75;39
20180305 100000;6807;6808.25;6804.75;6807.5;77
20180305 100100;6807.75;6810.75;6806.5;6808.75;102
20180305 100200;6808.5;6809.25;6808.25;6808.25;19
20180305 100300;6808.25;6808.25;6806;6807.75;58
20180305 100400;6807.5;6809;6807;6808.5;74
20180305 100500;6808.25;6808.25;6805.5;6806.75;196
20180305 100600;6806.5;6811.25;6806.5;6810;180
20180305 100700;6810.5;6812.75;6810;6812.5;103
20180305 100800;6812.75;6815.5;6812.5;6814.75;290
20180305 100900;6814.75;6816;6811.5;6813.25;197
20180305 101000;6812.75;6812.75;6807.75;6808.25;104
20180305 101100;6808.5;6810.5;6807.5;6807.5;151
20180305 101200;6807.25;6808.75;6806.75;6807.75;109
20180305 101300;6807.5;6809.75;6806.75;6809.25;74
20180305 101400;6809.5;6809.5;6807.25;6808.5;142
20180305 101500;6808;6811.5;6808;6811;53
20180305 101600;6810.25;6810.5;6808;6809.75;58
20180305 101700;6809.5;6809.5;6804.75;6805;119
20180305 101800;6805;6809;6804.75;6807.25;68
20180305 101900;6807;6807.25;6805.25;6806.5;74
20180305 102000;6806;6808.5;6804;6807.75;181
20180305 102100;6807.5;6808.5;6807;6807.25;36
20180305 102200;6807.25;6808;6805.75;6807.75;80
20180305 102300;6807.75;6808.25;6806;6806.5;38
20180305 102400;6806.75;6812.75;6806.75;6810.75;139
20180305 102500;6810.75;6811;6808.75;6809.25;49
20180305 102600;6809.25;6813.25;6809;6813.25;224
20180305 102700;6813;6813;6809.5;6809.5;87
20180305 102800;6809.25;6810.75;6807.25;6808.5;62
20180305 102900;6808.5;6810;6808.25;6810;49
20180305 103000;6809.5;6810.75;6809.5;6810.5;17
20180305 103100;6810.5;6814.5;6809.5;6812.25;103
20180305 103200;6812.25;6813.5;6811.25;6811.25;105
20180305 103300;6811.75;6813.25;6811;6813;50
20180305 103400;6812.5;6813;6812;6812.5;29
20180305 103500;6812.25;6812.25;6811;6811.5;54
20180305 103600;6811.25;6815;6811.25;6814.25;120
20180305 103700;6814.75;6815;6813.25;6814;128
20180305 103800;6814;6816.75;6813.25;6815.5;117
20180305 103900;6815.75;6815.75;6814;6815.25;29
20180305 104000;6815;6819;6814.75;6819;169
20180305 104100;6819;6819.5;6816.75;6818.75;189
20180305 104200;6819;6819.5;6816.25;6818.25;71
20180305 104300;6818.25;6818.5;6815.75;6817.25;87
20180305 104400;6817.25;6820.75;6816.75;6820.25;160
20180305 104500;6820;6820;6813.75;6817.5;232
20180305 104600;6817;6823.5;6816.5;6821.75;398
20180305 104700;6822;6823.5;6821;6823.25;170
20180305 104800;6823.5;6827.5;6822.25;6827.25;416
20180305 104900;6827.25;6829.75;6826.25;6828.75;345
20180305 105000;6828.25;6833;6828.25;6832;379
20180305 105100;6832;6832;6827.75;6828.25;315
20180305 105200;6828.25;6828.25;6825.75;6826.25;129
20180305 105300;6826.25;6827;6824.5;6824.5;151
20180305 105400;6824.25;6824.75;6823;6823.25;73
20180305 105500;6823.25;6827.25;6823.25;6827;141
20180305 105600;6826.5;6827.25;6825.5;6826.75;53
20180305 105700;6826.75;6829.75;6826.5;6827.25;142
20180305 105800;6826.75;6829.75;6826.25;6829;94
20180305 105900;6828.5;6829.5;6827.25;6828;105
20180305 110000;6827.75;6827.75;6825.75;6826.25;37
20180305 110100;6826.25;6827.25;6826;6827;35
20180305 110200;6826.75;6826.75;6824.75;6825.75;85
20180305 110300;6825.75;6826.5;6825.25;6826.25;41
20180305 110400;6825.75;6825.75;6822.5;6822.5;141
20180305 110500;6822.75;6823.25;6820;6820.75;194
20180305 110600;6821;6823.25;6820.5;6821.5;52
20180305 110700;6821.25;6821.5;6820.5;6820.5;31
20180305 110800;6821.5;6823.5;6820.5;6822.75;34
20180305 110900;6822.75;6822.75;6818;6819;92
20180305 111000;6819;6819;6817.5;6819;130
20180305 111100;6819;6821;6818.5;6820;164
20180305 111200;6819.25;6819.25;6817;6817;77
20180305 111300;6816.75;6817.25;6811.25;6811.75;291
20180305 111400;6812;6817;6811.25;6816.25;99
20180305 111500;6816;6817.25;6815.5;6816;120
20180305 111600;6816.25;6817;6814.75;6817;51
20180305 111700;6817;6818;6814.25;6814.75;190
20180305 111800;6815.25;6817.25;6815.25;6815.75;117
20180305 111900;6815.5;6816.5;6814.75;6815.5;37
20180305 112000;6815;6815.25;6814.25;6814.25;25
20180305 112100;6814.5;6816;6813.5;6815.5;46
20180305 112200;6816;6817;6815.5;6815.5;76
20180305 112300;6815.75;6816;6815;6816;20
20180305 112400;6816.25;6817;6813.5;6814.75;310
20180305 112500;6814.5;6815.75;6814;6815.75;250
20180305 112600;6816;6817;6814.25;6817;245
20180305 112700;6817;6818;6815.75;6818;69
20180305 112800;6818.25;6818.75;6817.25;6818.5;55
20180305 112900;6818.75;6818.75;6816.75;6817;65
20180305 113000;6816.75;6816.75;6812.75;6813.5;84
20180305 113100;6813.25;6813.75;6808.75;6809.5;228
20180305 113200;6809.25;6810.75;6807.25;6810.5;281
20180305 113300;6810.5;6811;6809.5;6809.75;41
20180305 113400;6809.5;6811.5;6809.25;6811;169
20180305 113500;6810.75;6812.25;6808.25;6809;390
20180305 113600;6809;6811.25;6808.5;6810.5;271
20180305 113700;6810.5;6810.75;6809.75;6810.25;87
20180305 113800;6810.25;6810.75;6809.5;6809.5;35
20180305 113900;6810;6810.25;6808;6808;42
20180305 114000;6808;6810.25;6808;6810;47
20180305 114100;6810.25;6811.75;6809.5;6811.75;53
20180305 114200;6811.75;6813.5;6811.75;6812.75;53
20180305 114300;6812.5;6813.25;6811;6811;45
20180305 114400;6811.5;6812;6809.25;6809.25;59
20180305 114500;6809.75;6810.5;6807.5;6809.75;64
20180305 114600;6809.25;6812.5;6809;6812.5;79
20180305 114700;6812.5;6814.25;6811.5;6813.5;289
20180305 114800;6813.5;6815.75;6813.5;6814;85
20180305 114900;6813.75;6814;6813.25;6813.75;48
20180305 115000;6813.75;6814.5;6813.25;6813.25;22
20180305 115100;6813.25;6813.25;6811.25;6812.25;66
20180305 115200;6812;6812.5;6811.5;6811.75;23
20180305 115300;6811.5;6812.5;6811.5;6812.5;39
20180305 115400;6812.75;6814;6812.5;6813;51
20180305 115500;6812.75;6813;6810.75;6812;79
20180305 115600;6812.25;6812.5;6811.5;6812;17
20180305 115700;6812.25;6812.25;6810.75;6810.75;24
20180305 115800;6810.5;6810.5;6808.5;6808.75;207
20180305 115900;6808.75;6809;6807.5;6807.5;74
20180305 120000;6807.5;6808.75;6806;6807.5;135
20180305 120100;6807.5;6809.25;6806;6808.75;157
20180305 120200;6808.5;6809;6808.25;6808.75;44
20180305 120300;6808.5;6809.75;6807.75;6809.75;70
20180305 120400;6809;6812;6807.25;6811.5;268
20180305 120500;6811.5;6812.75;6810.75;6811.5;127
20180305 120600;6811.25;6811.25;6810.5;6810.75;29
20180305 120700;6810.75;6810.75;6810.25;6810.75;28
20180305 120800;6810.25;6812.25;6809.75;6811.75;105
20180305 120900;6811.25;6812;6810.5;6811.5;308
20180305 121000;6811.5;6813.75;6810.25;6813.25;323
20180305 121100;6813.5;6814.25;6813;6813.25;43
20180305 121200;6813;6813.25;6810;6810.5;79
20180305 121300;6810.5;6810.5;6809.5;6810.25;52
20180305 121400;6810.25;6812;6808.75;6808.75;200
20180305 121500;6808.5;6809;6803.25;6803.75;377
20180305 121600;6804;6804.5;6798.25;6798.25;526
20180305 121700;6798.5;6803.25;6798.5;6802.75;149
20180305 121800;6802.5;6802.75;6801.25;6801.5;43
20180305 121900;6801.75;6804;6801.5;6803.25;115
20180305 122000;6803.25;6803.5;6801.75;6802.25;82
20180305 122100;6802.5;6802.5;6800.75;6801.25;67
20180305 122200;6801.5;6802;6800;6800.75;107
20180305 122300;6800.75;6802;6800.5;6802;49
20180305 122400;6801.5;6801.5;6800.5;6800.5;49
20180305 122500;6801;6802.5;6800.5;6801.75;45
20180305 122600;6802;6805.25;6801.25;6805.25;73
20180305 122700;6805.25;6805.5;6802.75;6804.25;95
20180305 122800;6804;6804;6802.75;6803;31
20180305 122900;6802.75;6802.75;6801;6802.25;70
20180305 123000;6802.25;6803.5;6801.25;6801.75;290
20180305 123100;6801.75;6801.75;6799.25;6799.75;340
20180305 123200;6799.75;6800;6796;6798;313
20180305 123300;6797.75;6798.25;6795.75;6797;119
20180305 123400;6796.5;6799.5;6793.75;6799.5;222
20180305 123500;6799.25;6799.5;6797.5;6799.25;65
20180305 123600;6799;6800.5;6797;6798.5;139
20180305 123700;6798.25;6802.5;6797.5;6802;231
20180305 123800;6802;6805.5;6801.75;6804;181
20180305 123900;6804.25;6805.25;6801.75;6803.75;193
20180305 124000;6803.5;6803.75;6799.75;6800.75;104
20180305 124100;6801;6801.25;6800.25;6801;57
20180305 124200;6801;6802.75;6801;6801.5;122
20180305 124300;6801.25;6801.25;6797.25;6799;96
20180305 124400;6798.75;6800.75;6798.25;6800.5;106
20180305 124500;6800.5;6801.75;6799.25;6801.75;109
20180305 124600;6801.75;6802.25;6800.25;6801.5;156
20180305 124700;6801.5;6801.75;6799.5;6801.5;117
20180305 124800;6801.25;6801.25;6798.5;6798.5;70
20180305 124900;6798.75;6800.5;6798.75;6799.75;60
20180305 125000;6800;6801;6799.75;6801;47
20180305 125100;6801;6801.5;6798.5;6799.75;66
20180305 125200;6799.5;6800.5;6798.5;6798.75;66
20180305 125300;6798.5;6798.75;6795;6796;118
20180305 125400;6795.75;6797;6792.5;6792.75;293
20180305 125500;6793;6794.5;6791.75;6793.25;241
20180305 125600;6793.5;6794.75;6793.25;6793.75;75
20180305 125700;6794;6794.25;6791.75;6791.75;62
20180305 125800;6792;6793;6791.25;6791.75;70
20180305 125900;6791.75;6792.75;6790.5;6791.25;237
20180305 130000;6791.25;6793;6791;6792.75;94
20180305 130100;6793;6796.25;6792.5;6796;282
20180305 130200;6795.75;6796.75;6791.75;6794;279
20180305 130300;6793.75;6793.75;6790.25;6791;247
20180305 130400;6791.5;6795;6791.5;6795;70
20180305 130500;6795;6796.5;6794.5;6796.25;149
20180305 130600;6796.25;6799.5;6796;6799;121
20180305 130700;6798.75;6803;6798.75;6801.5;474
20180305 130800;6801.75;6804.5;6801;6804.5;241
20180305 130900;6804.75;6805;6800.75;6803.5;256
20180305 131000;6803.75;6805;6803.25;6804;200
20180305 131100;6804.25;6807.25;6801.75;6806;351
20180305 131200;6806.25;6807.5;6803.25;6804.25;398
20180305 131300;6804.5;6807.5;6804;6805;264
20180305 131400;6805.25;6810.75;6805.25;6806.25;655
20180305 131500;6806.25;6807;6804.25;6804.5;132
20180305 131600;6804;6805.75;6803.75;6804;245
20180305 131700;6804.25;6807.5;6804.25;6807;182
20180305 131800;6806.75;6810.5;6805.5;6808.75;820
20180305 131900;6808.75;6809.5;6806.75;6807;631
20180305 132000;6807;6810.75;6806.75;6809.5;323
20180305 132100;6809.75;6810.5;6806;6807;428
20180305 132200;6807.25;6807.5;6804.25;6804.75;242
20180305 132300;6804.75;6805.25;6804.25;6804.25;78
20180305 132400;6804.5;6805.5;6803.75;6804.5;115
20180305 132500;6804.5;6807.25;6804.5;6806;107
20180305 132600;6806;6807;6804;6805.75;173
20180305 132700;6805.75;6806.25;6804.25;6805;217
20180305 132800;6805.5;6806.75;6804.75;6805;81
20180305 132900;6804.75;6805.5;6804;6804.5;66
20180305 133000;6804.75;6805.25;6801;6801.5;208
20180305 133100;6801.5;6802.75;6801;6802.75;138
20180305 133200;6802.5;6802.75;6800;6801.25;169
20180305 133300;6801.5;6804.25;6800.25;6804;318
20180305 133400;6803.5;6805.25;6801.25;6805;406
20180305 133500;6804.75;6806;6804.25;6805.25;284
20180305 133600;6805.25;6807.25;6805;6807;214
20180305 133700;6807;6808.25;6806.5;6807.5;162
20180305 133800;6807.5;6808;6806.75;6808;71
20180305 133900;6807.75;6807.75;6803.75;6804.75;173
20180305 134000;6805;6806.25;6804.25;6805;104
20180305 134100;6804.5;6806.75;6803.75;6806.5;101
20180305 134200;6806.5;6807;6805.75;6806.25;95
20180305 134300;6806.25;6806.25;6804.25;6804.25;103
20180305 134400;6804;6804;6801.25;6801.5;234
20180305 134500;6801.25;6802.25;6797.25;6797.5;387
20180305 134600;6797.5;6803.5;6797.5;6803.25;341
20180305 134700;6803;6804.75;6803;6804.75;129
20180305 134800;6805;6805.25;6803.5;6805;147
20180305 134900;6805;6805.5;6803.25;6803.25;145
20180305 135000;6803;6804;6801.25;6801.25;121
20180305 135100;6801;6803.75;6800.75;6803.5;167
20180305 135200;6804;6804.5;6802.25;6802.25;108
20180305 135300;6802.25;6803.75;6801.25;6801.75;77
20180305 135400;6801.75;6801.75;6795;6796.5;382
20180305 135500;6796.75;6797;6794;6794;227
20180305 135600;6794;6795.25;6793.25;6795.25;326
20180305 135700;6795.25;6795.25;6787.5;6789;611
20180305 135800;6789.25;6790.75;6787;6787.25;457
20180305 135900;6787.25;6792.25;6787.25;6791.5;391
20180305 140000;6791.25;6793.25;6790;6791.75;271
20180305 140100;6791.75;6791.75;6785.75;6787.5;574
20180305 140200;6787.25;6787.75;6785.25;6786;281
20180305 140300;6785.5;6786.25;6781.75;6785;625
20180305 140400;6785.25;6785.5;6781.75;6783.25;350
20180305 140500;6783;6784.25;6782;6782.75;347
20180305 140600;6782.75;6784.5;6782.5;6783.5;138
20180305 140700;6783.5;6783.75;6781.5;6781.75;270
20180305 140800;6782;6783.5;6781.25;6782.5;298
20180305 140900;6782.25;6783;6781.25;6781.25;211
20180305 141000;6781;6782.5;6779.25;6780.25;394
20180305 141100;6780;6781.5;6778.5;6781;411
20180305 141200;6781.25;6783.75;6780.5;6783;457
20180305 141300;6783;6783.75;6781.5;6781.75;321
20180305 141400;6781.75;6784.75;6781.75;6784.75;204
20180305 141500;6784.5;6784.5;6782;6784.25;314
20180305 141600;6784.5;6784.5;6780.25;6780.75;335
20180305 141700;6781.25;6781.25;6778.75;6780.25;314
20180305 141800;6780.75;6782.25;6780;6780.5;200
20180305 141900;6780.25;6780.75;6777;6777.75;537
20180305 142000;6777.5;6779;6777;6777.5;398
20180305 142100;6777.25;6778.25;6776.5;6777.5;282
20180305 142200;6777.5;6777.75;6774.25;6774.5;343
20180305 142300;6774.25;6778.25;6773.75;6777.75;380
20180305 142400;6777.75;6779;6775.75;6779;307
20180305 142500;6779;6782;6778;6779.5;1106
20180305 142600;6779.25;6780;6776;6778;313
20180305 142700;6778.25;6780;6775.5;6776.5;337
20180305 142800;6776.5;6777.25;6773.75;6777;527
20180305 142900;6776.75;6780.25;6775;6780;592
20180305 143000;6779.5;6783;6778.5;6781.75;1129
20180305 143100;6781.5;6789.25;6780;6788.25;3422
20180305 143200;6788.25;6794.25;6785.5;6790.5;4787
20180305 143300;6790.75;6796;6787.25;6793.75;1961
20180305 143400;6794.25;6801.75;6790;6797.5;2535
20180305 143500;6797.75;6799.25;6793;6797.5;1615
20180305 143600;6797.5;6798.5;6790.5;6791.5;1941
20180305 143700;6791.25;6791.25;6786.75;6787.25;1837
20180305 143800;6787.25;6792;6782.5;6782.75;1792
20180305 143900;6782.75;6787.75;6778.75;6784;1657
20180305 144000;6784;6794.25;6783.75;6793.5;1581
20180305 144100;6793.5;6794;6788.5;6788.75;1507
20180305 144200;6789;6791;6785.5;6787.5;1298
20180305 144300;6787.5;6788;6773.5;6774.75;1835
20180305 144400;6775;6783.75;6774.5;6782.5;1829
20180305 144500;6782.25;6787.75;6777.25;6777.25;1599
20180305 144600;6777.75;6789.5;6776.5;6784.5;1304
20180305 144700;6784;6784.75;6776;6778.5;1109
20180305 144800;6778.5;6785.75;6774.75;6783;1700
20180305 144900;6783.25;6788.5;6779.5;6780.5;1242
20180305 145000;6780.75;6781.25;6768.25;6769.5;2203
20180305 145100;6769.5;6774.25;6764.75;6765;1664
20180305 145200;6765;6768;6762;6763.75;1714
20180305 145300;6764;6771;6763.25;6770;1416
20180305 145400;6770.25;6775;6769.75;6772;1344
20180305 145500;6772.5;6778;6770.25;6774.75;1160
20180305 145600;6774.75;6782.25;6774;6781.75;949
20180305 145700;6781.5;6786;6779.25;6785.75;1495
20180305 145800;6785.75;6787;6781.75;6782.25;1005
20180305 145900;6782;6783.25;6776.5;6776.5;668
20180305 150000;6777;6778.75;6774.5;6778.25;526
20180305 150100;6778.25;6786.25;6775;6776.25;1512
20180305 150200;6776.25;6777.5;6768.25;6769;2471
20180305 150300;6769.5;6777.75;6769;6772.25;1310
20180305 150400;6772.25;6781.25;6771.25;6778.25;1444
20180305 150500;6778.25;6784.25;6775.75;6783.75;1276
20180305 150600;6783.75;6786.75;6782.75;6783.5;1398
20180305 150700;6783.5;6783.75;6772.75;6775;1188
20180305 150800;6775;6776.75;6772;6774.75;1124
20180305 150900;6774.75;6781.25;6774.25;6776.5;947
20180305 151000;6776.25;6778;6766.5;6767;1402
20180305 151100;6767.25;6772.5;6764.5;6764.75;1634
20180305 151200;6764.75;6765.25;6759.75;6762.75;1901
20180305 151300;6763;6769;6762.75;6766;926
20180305 151400;6766.25;6766.25;6760;6764.5;1088
20180305 151500;6764.25;6767;6755.5;6757.5;2884
20180305 151600;6757.25;6760;6757.25;6758.75;1802
20180305 151700;6758.75;6764.5;6756.5;6762.5;1339
20180305 151800;6762.75;6764;6757;6761.5;940
20180305 151900;6761.5;6762.75;6753.25;6755.5;1349
20180305 152000;6756;6763.5;6754;6758.75;1397
20180305 152100;6759;6764.25;6757;6764;1045
20180305 152200;6763.75;6765.75;6759.75;6762.5;1127
20180305 152300;6762.75;6769.75;6761.5;6768;1238
20180305 152400;6768;6769.75;6765.25;6765.75;879
20180305 152500;6766;6773.5;6765.75;6772;985
20180305 152600;6771.5;6773;6765.75;6770;894
20180305 152700;6770;6773.5;6768.75;6771;675
20180305 152800;6770.75;6776.75;6769.25;6776.75;1011
20180305 152900;6776.75;6777.5;6773.25;6775.75;638
20180305 153000;6776;6778.5;6774.25;6778.5;741
20180305 153100;6778.75;6780.5;6777.75;6778.25;876
20180305 153200;6778.5;6778.5;6776;6776.5;570
20180305 153300;6776.75;6782;6776.5;6780.5;811
20180305 153400;6780.25;6781.5;6773.25;6774.5;916
20180305 153500;6774.75;6777.75;6773.5;6776.75;692
20180305 153600;6777;6779.75;6775.5;6777.25;519
20180305 153700;6777.5;6789;6777.5;6789;1304
20180305 153800;6789;6793;6788;6791.75;971
20180305 153900;6791.5;6795.5;6791.25;6793.5;889
20180305 154000;6793.25;6795.5;6791.5;6793.25;903
20180305 154100;6793;6795.25;6791.25;6795;560
20180305 154200;6795.25;6797.5;6793;6797.5;1257
20180305 154300;6797.5;6798.75;6795;6796.75;1031
20180305 154400;6796.75;6804.75;6796.5;6804.75;1121
20180305 154500;6805;6806.25;6802.5;6805.25;1005
20180305 154600;6805;6808;6803.25;6805.75;1134
20180305 154700;6805.75;6805.75;6799;6799.25;1137
20180305 154800;6799.5;6803;6797.75;6798.25;1099
20180305 154900;6798.5;6799;6794.75;6796.75;1057
20180305 155000;6796.75;6800.75;6795;6800;1809
20180305 155100;6800;6802.75;6800;6800.5;775
20180305 155200;6800.75;6804.25;6799;6804;606
20180305 155300;6804.25;6804.25;6797.25;6802.25;1411
20180305 155400;6802;6803.5;6797.25;6797.5;598
20180305 155500;6797.5;6803.25;6796.25;6803;703
20180305 155600;6803;6805.75;6802;6805.25;578
20180305 155700;6805.25;6813.75;6804.5;6813.75;1940
20180305 155800;6813.5;6816.25;6811.75;6815.25;2328
20180305 155900;6815;6817.5;6813.25;6816.5;1254
20180305 160000;6816.25;6820.25;6816;6819.5;1226
20180305 160100;6819.25;6826;6816.75;6823.25;2079
20180305 160200;6823.5;6827.5;6821.75;6826.25;2093
20180305 160300;6826.25;6826.25;6820.5;6821;1380
20180305 160400;6821;6823.5;6819;6821.25;928
20180305 160500;6821.25;6825;6820.75;6822.75;617
20180305 160600;6822.5;6824;6819.5;6819.75;479
20180305 160700;6820.5;6824.75;6819.5;6823.5;750
20180305 160800;6823.5;6834.5;6823.5;6833.25;2511
20180305 160900;6833;6833.25;6829.25;6830.5;1399
20180305 161000;6830.5;6831.5;6826;6826.25;1583
20180305 161100;6826;6828.25;6824;6826;1228
20180305 161200;6826;6827.75;6824;6825;1002
20180305 161300;6825;6829.5;6822.75;6828.5;1360
20180305 161400;6828.25;6831;6827.75;6831;699
20180305 161500;6831;6832.25;6827.25;6827.5;667
20180305 161600;6827.75;6829;6825.75;6826.5;843
20180305 161700;6826.75;6827;6822.75;6824.75;723
20180305 161800;6824.75;6825.25;6821;6823.5;942
20180305 161900;6823.25;6827.5;6822.25;6826;668
20180305 162000;6825.75;6831;6825.25;6830;966
20180305 162100;6830;6837.5;6829.75;6837.5;1600
20180305 162200;6837.75;6838;6833.5;6834.5;928
20180305 162300;6834.5;6840.75;6833.5;6840.25;1809
20180305 162400;6840;6844.25;6839;6840.75;2193
20180305 162500;6841;6845.5;6840.25;6844;1251
20180305 162600;6843.75;6847;6843;6846;1371
20180305 162700;6846;6846.75;6842;6842.75;922
20180305 162800;6842.5;6845.25;6841.75;6842.75;633
20180305 162900;6842.75;6843.5;6840.5;6841.75;618
20180305 163000;6842.25;6844.25;6841.25;6842;431
20180305 163100;6841.5;6844.25;6840.5;6841.5;821
20180305 163200;6841.5;6845;6840.5;6844.5;1251
20180305 163300;6844.75;6848;6844;6844.5;1277
20180305 163400;6844.75;6847.75;6843.25;6847.5;801
20180305 163500;6847.5;6847.5;6844;6845.5;725
20180305 163600;6845.25;6846;6843.25;6845.25;733
20180305 163700;6845.25;6846.5;6845;6845.5;531
20180305 163800;6845.25;6847.5;6845;6846.75;720
20180305 163900;6846.75;6848.75;6846.25;6847.5;920
20180305 164000;6847.75;6853.75;6847;6853;1723
20180305 164100;6853;6857.25;6852.75;6856.5;1523
20180305 164200;6856.25;6859.25;6855.5;6858.25;1153
20180305 164300;6858.25;6858.25;6855;6855.75;993
20180305 164400;6856;6857.5;6855;6856.5;756
20180305 164500;6856.5;6857;6855;6856.75;448
20180305 164600;6856.75;6864;6856.75;6862;1608
20180305 164700;6861.75;6864.5;6860.25;6861.25;783
20180305 164800;6861.5;6863.25;6860.25;6863;381
20180305 164900;6863;6866;6862.75;6864.5;1013
20180305 165000;6864.75;6865.5;6861.75;6863.5;1329
20180305 165100;6863.5;6869.25;6862.25;6867.75;1537
20180305 165200;6867.75;6871.5;6867;6868.5;1182
20180305 165300;6868.5;6869.25;6863.5;6864.75;1419
20180305 165400;6864.75;6868;6864.75;6866.25;889
20180305 165500;6866.25;6866.75;6862.25;6862.5;678
20180305 165600;6862.5;6863.75;6861.25;6863.25;819
20180305 165700;6863.25;6864.25;6862;6863.25;451
20180305 165800;6863.5;6866.25;6863.5;6864.25;443
20180305 165900;6864.5;6868.25;6864.5;6868;462
20180305 170000;6867.75;6871.5;6867;6867.75;844
20180305 170100;6867.75;6876;6867.25;6872.25;1901
20180305 170200;6872.5;6875.25;6871.5;6874.75;844
20180305 170300;6875;6882.5;6874.5;6880.75;2092
20180305 170400;6881;6881;6876.5;6877.25;842
20180305 170500;6877.25;6881;6875.5;6880.25;772
20180305 170600;6880;6880.75;6878;6879;641
20180305 170700;6879.25;6880.75;6877.25;6878.5;404
20180305 170800;6878.75;6880.75;6876;6877.75;514
20180305 170900;6878;6878.25;6874.25;6875;730
20180305 171000;6875.25;6877.25;6874.25;6876.25;363
20180305 171100;6876.25;6879.5;6875.5;6878.75;743
20180305 171200;6879;6880.5;6874.75;6875.5;988
20180305 171300;6875.75;6876;6873;6874.5;645
20180305 171400;6875;6875;6872.5;6873;681
20180305 171500;6873.25;6874;6871;6871;733
20180305 171600;6871;6871.25;6869;6870.75;741
20180305 171700;6870.5;6874.25;6870.25;6874;504
20180305 171800;6874;6874;6870.5;6872.5;951
20180305 171900;6872.75;6873.75;6870.5;6870.75;431
20180305 172000;6871;6871.5;6864.75;6865;860
20180305 172100;6865.25;6868;6862.75;6865.5;1194
20180305 172200;6865.5;6866;6858.5;6859.5;1430
20180305 172300;6859.5;6862.75;6858.5;6862.25;1007
20180305 172400;6862.5;6862.75;6857.75;6861;817
20180305 172500;6861.25;6861.5;6856.25;6858.5;892
20180305 172600;6858.75;6862;6857;6861;718
20180305 172700;6861.25;6864.25;6861;6864;664
20180305 172800;6864;6865.25;6863.5;6864;435
20180305 172900;6864;6865;6862.25;6864.75;824
20180305 173000;6864.5;6867.5;6864.25;6867.5;526
20180305 173100;6867.5;6870;6867.25;6867.25;536
20180305 173200;6867.25;6871.75;6861.75;6866;1927
20180305 173300;6866.25;6867;6861.5;6861.5;537
20180305 173400;6861.5;6866.75;6860.75;6864.75;698
20180305 173500;6864.75;6865;6861;6864.25;362
20180305 173600;6864.5;6867.5;6864;6866.25;454
20180305 173700;6866.25;6870.25;6864.75;6869.5;1043
20180305 173800;6869.5;6870;6866.75;6868;469
20180305 173900;6868.25;6870.25;6865;6870.25;461
20180305 174000;6870;6870.75;6869;6870.25;620
20180305 174100;6870.5;6872.5;6869;6871.5;755
20180305 174200;6871.5;6872;6867.5;6869.25;399
20180305 174300;6869.25;6869.75;6867.75;6869;372
20180305 174400;6869;6871;6865.5;6866.25;350
20180305 174500;6866.25;6868.75;6865.75;6868.5;245
20180305 174600;6868.75;6874.5;6868.5;6874.5;487
20180305 174700;6874.25;6875.75;6873.75;6875.75;462
20180305 174800;6875.75;6877.5;6874;6875.25;442
20180305 174900;6875.5;6876;6871.75;6872.25;247
20180305 175000;6872;6874;6871.75;6873.75;161
20180305 175100;6873.75;6876;6873.5;6874.75;294
20180305 175200;6874.5;6875;6872.75;6873;266
20180305 175300;6873;6877.5;6873;6877.25;370
20180305 175400;6877.5;6877.75;6875.25;6876.75;784
20180305 175500;6876.5;6877;6875.5;6877;441
20180305 175600;6877;6877.5;6874.25;6876;320
20180305 175700;6876;6880;6874.5;6880;709
20180305 175800;6879.75;6880.75;6877.75;6880.75;396
20180305 175900;6880.5;6881.5;6878.5;6881.5;465
20180305 180000;6881.25;6882.75;6880.25;6881.75;493
20180305 180100;6882;6884;6881.25;6882.5;708
20180305 180200;6882.75;6886.25;6881.5;6885.5;930
20180305 180300;6885.5;6887.25;6885;6887;734
20180305 180400;6886.75;6890.25;6886.5;6890.25;1596
20180305 180500;6890.25;6892.75;6889.75;6889.75;1541
20180305 180600;6889.75;6893.25;6889;6892.75;785
20180305 180700;6892.75;6895;6890;6890;852
20180305 180800;6890;6891.25;6888;6889.25;606
20180305 180900;6889.5;6891.75;6889;6889.75;342
20180305 181000;6890;6891.75;6888;6891.75;386
20180305 181100;6891.25;6893.25;6890.75;6892.5;320
20180305 181200;6892.5;6894.25;6891;6894.25;484
20180305 181300;6894.25;6896;6892.25;6894.25;971
20180305 181400;6894.5;6896.25;6892.75;6893;541
20180305 181500;6893;6893.25;6887.75;6888.75;802
20180305 181600;6889;6893.25;6889;6891.25;427
20180305 181700;6891;6891.25;6886.25;6887.75;677
20180305 181800;6888;6889.25;6885.75;6886;775
20180305 181900;6886;6888.5;6885.25;6888.25;504
20180305 182000;6888.5;6890;6887;6888.75;353
20180305 182100;6889.25;6891;6887.25;6887.75;308
20180305 182200;6887.75;6890.75;6886.5;6890.5;329
20180305 182300;6890.75;6892;6888.75;6891.75;296
20180305 182400;6891.75;6892;6889;6890.5;399
20180305 182500;6890.5;6891.25;6888.75;6891;315
20180305 182600;6891.25;6891.25;6886;6888;578
20180305 182700;6888.25;6889.25;6885;6886.75;441
20180305 182800;6886.75;6888.25;6885;6885.5;366
20180305 182900;6885.75;6885.75;6880.5;6882.5;1213
20180305 183000;6882.25;6884;6881.5;6882;408
20180305 183100;6882;6884.5;6881.25;6884.25;468
20180305 183200;6884.25;6886.5;6875.5;6878;1634
20180305 183300;6878;6879.25;6873.5;6874.25;805
20180305 183400;6873.75;6878;6873.75;6877.25;855
20180305 183500;6877;6877.75;6872;6873.25;795
20180305 183600;6873.25;6878;6872.75;6877.75;548
20180305 183700;6878;6880;6875.25;6875.75;500
20180305 183800;6875.75;6877.75;6873.75;6877;508
20180305 183900;6877;6878;6871.75;6873.25;459
20180305 184000;6873.5;6876.5;6871.75;6876;523
20180305 184100;6875.75;6878.75;6874.5;6878.5;495
20180305 184200;6878.75;6881.5;6877.75;6879.25;365
20180305 184300;6879.25;6884;6879.25;6883.5;428
20180305 184400;6883.75;6884.5;6880.5;6881;463
20180305 184500;6881.25;6881.25;6873.5;6874.25;768
20180305 184600;6874;6877;6873.25;6876.5;507
20180305 184700;6876.5;6876.5;6869;6870;641
20180305 184800;6870;6870.5;6867.5;6868.5;725
20180305 184900;6868;6868.5;6866.25;6866.5;646
20180305 185000;6866.75;6871.5;6866.25;6870.25;480
20180305 185100;6870;6871.25;6867.75;6871.25;337
20180305 185200;6871;6872;6869;6870.75;414
20180305 185300;6871;6874;6870.5;6873.5;329
20180305 185400;6873.5;6874;6872.25;6873;118
20180305 185500;6873;6873;6869;6872.25;410
20180305 185600;6872.25;6875.25;6872;6874.25;305
20180305 185700;6873.75;6875.5;6871.25;6873.25;270
20180305 185800;6873.25;6875;6871.25;6871.75;251
20180305 185900;6871.75;6876.25;6871.5;6875.5;211
20180305 190000;6875.25;6879.75;6874.75;6879.75;489
20180305 190100;6879.75;6883.25;6878;6883;669
20180305 190200;6883;6883;6879.25;6880.75;903
20180305 190300;6881.25;6882;6879.5;6881.75;300
20180305 190400;6882;6882.5;6875.75;6876.75;340
20180305 190500;6877;6878.25;6875.5;6875.5;233
20180305 190600;6875.25;6875.25;6871.5;6872.5;452
20180305 190700;6872.5;6872.75;6869;6870.5;455
20180305 190800;6870.75;6873.25;6870.25;6872;321
20180305 190900;6872;6873.5;6871.25;6873.5;248
20180305 191000;6873.5;6876.5;6872.5;6875;482
20180305 191100;6875.25;6876;6872.25;6874.75;480
20180305 191200;6874.75;6875;6869;6869.5;554
20180305 191300;6869.75;6869.75;6861;6862.5;1063
20180305 191400;6862.5;6863.5;6858.75;6859.75;789
20180305 191500;6859.75;6861.25;6858.25;6861;779
20180305 191600;6861.25;6864.5;6860.75;6863.75;646
20180305 191700;6863.75;6866;6863.75;6864.75;517
20180305 191800;6864.5;6866.75;6863.25;6865.75;390
20180305 191900;6865.75;6866.25;6863.5;6865.25;330
20180305 192000;6865.25;6865.25;6852.25;6854.75;1861
20180305 192100;6854.75;6859.5;6853.5;6858.5;724
20180305 192200;6858.5;6861.5;6852.75;6860.75;970
20180305 192300;6860.5;6862.25;6855;6855.5;630
20180305 192400;6855.75;6860.75;6854;6859.25;981
20180305 192500;6859.25;6861.75;6856.25;6861.75;510
20180305 192600;6862;6868.75;6861.75;6868.75;722
20180305 192700;6869;6871;6866;6870.75;774
20180305 192800;6871.25;6872.75;6869;6869;632
20180305 192900;6869.25;6871.75;6868.25;6869.25;316
20180305 193000;6868.75;6870;6867;6868.25;1108
20180305 193100;6868.75;6877;6868.25;6874.75;1096
20180305 193200;6875;6875.5;6872.5;6874.5;726
20180305 193300;6874.75;6879.5;6874.75;6875.5;969
20180305 193400;6875.75;6877.25;6873;6875.75;937
20180305 193500;6875.5;6877.75;6875;6875.75;817
20180305 193600;6875.5;6877.5;6873.5;6874.5;742
20180305 193700;6874.25;6876.5;6868.75;6870.5;912
20180305 193800;6870.5;6879.5;6868.75;6877;791
20180305 193900;6877.25;6883.75;6877.25;6882;1117
20180305 194000;6882;6884.5;6881.25;6883.25;1271
20180305 194100;6883.5;6884.5;6881.5;6883.75;687
20180305 194200;6883.5;6885.25;6882;6882;465
20180305 194300;6882;6886.75;6880.75;6881.25;698
20180305 194400;6881.5;6888.25;6880.5;6887.5;841
20180305 194500;6887;6889.5;6886.75;6889.25;400
20180305 194600;6889.5;6889.5;6884;6885.25;531
20180305 194700;6885;6889.5;6884.75;6888.25;550
20180305 194800;6888.5;6888.75;6884.25;6884.75;1081
20180305 194900;6884.5;6889;6884.5;6887.75;561
20180305 195000;6888;6889;6886.25;6889;719
20180305 195100;6889;6889.25;6886.75;6887.75;415
20180305 195200;6887.25;6889.25;6886.25;6887;502
20180305 195300;6887;6888.25;6885;6886.25;242
20180305 195400;6886.25;6887.25;6885.25;6885.5;260
20180305 195500;6885.5;6887.75;6885;6886.75;294
20180305 195600;6886.75;6889;6885.5;6888;933
20180305 195700;6888;6893.25;6887.5;6893;757
20180305 195800;6893;6895;6892.75;6894;544
20180305 195900;6894;6895.5;6893.25;6895.5;491
20180305 200000;6895.25;6897.25;6894.75;6896;586
20180305 200100;6896;6897.5;6895.25;6896.25;523
20180305 200200;6896;6898.25;6896;6897.75;498
20180305 200300;6897.25;6898.5;6894;6896.5;601
20180305 200400;6896.5;6899.75;6896.25;6899.25;408
20180305 200500;6899.5;6899.75;6897.5;6897.5;355
20180305 200600;6898;6902.25;6897.75;6901.5;513
20180305 200700;6901.75;6904.5;6900.5;6900.5;1330
20180305 200800;6900.25;6901.5;6897.25;6901.5;812
20180305 200900;6901.5;6902.25;6900.25;6900.5;303
20180305 201000;6900.75;6901.75;6889.25;6892.25;2585
20180305 201100;6892.5;6894.75;6890.75;6892.5;911
20180305 201200;6892.25;6895.75;6889.25;6889.25;1249
20180305 201300;6889.25;6895;6889.25;6894;683
20180305 201400;6894;6894.75;6891;6891.25;323
20180305 201500;6891.5;6892.75;6890.25;6891.5;514
20180305 201600;6891.25;6893.25;6889.25;6892.25;564
20180305 201700;6892;6892.25;6888;6891.5;594
20180305 201800;6891.5;6894.5;6890.5;6894.5;327
20180305 201900;6894.5;6896;6892;6895.75;427
20180305 202000;6896;6898;6895.75;6898;346
20180305 202100;6898.25;6898.5;6896.5;6898.25;513
20180305 202200;6898;6899.75;6897.25;6899.25;222
20180305 202300;6899;6899.25;6891.75;6891.75;704
20180305 202400;6891.75;6897.75;6891.75;6897;564
20180305 202500;6897;6897.5;6894.5;6897.5;251
20180305 202600;6897.25;6897.25;6890;6890.5;575
20180305 202700;6890.75;6891.25;6888.25;6890.75;669
20180305 202800;6890.75;6891.25;6884;6886.5;680
20180305 202900;6886.25;6889;6885.25;6888.75;609
20180305 203000;6888.75;6889.5;6885.25;6886.75;385
20180305 203100;6887;6887.5;6882;6883.75;835
20180305 203200;6883.75;6893.25;6883.25;6892.75;733
20180305 203300;6893;6895.25;6892.25;6895.25;759
20180305 203400;6895.25;6897;6893;6894;478
20180305 203500;6893.5;6896.5;6891.25;6896.25;479
20180305 203600;6896.25;6896.25;6892.5;6893.75;697
20180305 203700;6893.75;6896.75;6893.75;6894.25;600
20180305 203800;6894.5;6896.25;6893.25;6894.5;342
20180305 203900;6894.75;6897.75;6894.5;6897.25;482
20180305 204000;6897;6899;6895.75;6896.25;460
20180305 204100;6896.25;6897.75;6892.5;6892.5;603
20180305 204200;6892.5;6895.75;6892;6895.25;487
20180305 204300;6895.25;6897.25;6895;6897;477
20180305 204400;6896.5;6900;6895.25;6899.75;1052
20180305 204500;6899.75;6900;6894.5;6896;1202
20180305 204600;6896;6899.5;6895.5;6897.25;569
20180305 204700;6897.5;6897.75;6894.5;6897.25;653
20180305 204800;6897.25;6899.75;6897;6898.25;542
20180305 204900;6898;6898.5;6895;6895;599
20180305 205000;6895;6895;6890.75;6890.75;874
20180305 205100;6890.75;6891;6884.25;6887.5;2091
20180305 205200;6887.5;6889.75;6885.5;6886;1159
20180305 205300;6885.5;6887;6883.5;6884;958
20180305 205400;6884.25;6885.75;6882.5;6884.5;748
20180305 205500;6884.5;6888;6882.75;6887.75;1115
20180305 205600;6887.5;6890.25;6886.5;6887.75;1520
20180305 205700;6887.75;6888;6883.25;6884.5;1571
20180305 205800;6884.25;6889;6884.25;6889;1457
20180305 205900;6889;6889.5;6885;6887.75;925
20180305 210000;6887.75;6889.25;6884;6884.75;3474
20180305 210100;6884.75;6886.25;6882;6882.25;2724
20180305 210200;6882;6884.75;6881.25;6884;655
20180305 210300;6884;6884.25;6882.25;6883;373
20180305 210400;6883;6883;6881.75;6881.75;347
20180305 210500;6881.75;6882.5;6881;6881.25;335
20180305 210600;6881.25;6881.25;6877.5;6878.25;522
20180305 210700;6878.25;6880.25;6878.25;6879;314
20180305 210800;6879;6880.75;6878.5;6879.25;336
20180305 210900;6879;6879.25;6878;6878.75;387
20180305 211000;6878.25;6878.5;6877;6878.25;291
20180305 211100;6878.25;6881;6878;6880.75;427
20180305 211200;6880.75;6880.75;6879.5;6879.5;148
20180305 211300;6879.5;6880;6877.25;6877.75;203
20180305 211400;6877.5;6879.5;6876.75;6878.75;336
20180305 211500;6878.5;6879;6876.75;6877;590
20180305 213100;6878.5;6879.25;6876.5;6877;153
20180305 213200;6877;6877.75;6876;6877.75;87
20180305 213300;6877.75;6877.75;6877;6877;26
20180305 213400;6877;6877.75;6876.75;6877.75;10
20180305 213500;6877.5;6877.5;6877.25;6877.25;7
20180305 213600;6877.5;6877.5;6877.25;6877.5;5
20180305 213700;6877.25;6877.25;6876.5;6877.25;20
20180305 213800;6877;6877.75;6877;6877.75;13
20180305 213900;6877.75;6878.5;6877.75;6877.75;35
20180305 214000;6877.75;6878.5;6877.75;6878.5;23
20180305 214100;6878.5;6878.5;6877.75;6878.5;20
20180305 214200;6878.25;6878.25;6878;6878.25;6
20180305 214300;6878;6878.5;6878;6878;17
20180305 214400;6878;6878.5;6877.75;6877.75;17
20180305 214500;6877.75;6877.75;6877.25;6877.25;22
20180305 214600;6877.5;6877.75;6876.75;6877;23
20180305 214700;6877.25;6877.75;6876.5;6877.75;20
20180305 214800;6877.25;6877.25;6876.75;6876.75;6
20180305 214900;6876.75;6878.25;6876.75;6877.75;48
20180305 215000;6877.5;6877.75;6877.5;6877.75;12
20180305 215100;6877.5;6878.5;6877.25;6878;35
20180305 215200;6878.25;6878.25;6877.5;6877.5;9
20180305 215300;6877.75;6878.25;6877.75;6878.25;5
20180305 215400;6878.25;6878.5;6878;6878;14
20180305 215500;6878;6878.75;6878;6878.75;26
20180305 215600;6878.5;6879;6878;6878.5;35
20180305 215700;6878.5;6878.75;6878.25;6878.5;13
20180305 215800;6878.75;6879.75;6878.25;6879;44
20180305 215900;6878.75;6880;6878.75;6880;48
20180305 220000;6880.25;6881.5;6880;6881.5;90
20180305 230100;6880.5;6883.5;6879.25;6883.5;157
20180305 230200;6883;6883.25;6882;6883;45
20180305 230300;6882.75;6884;6882.75;6884;36
20180305 230400;6884;6884;6882.75;6882.75;58
20180305 230500;6883;6883.75;6882.75;6883.75;27
20180305 230600;6883.5;6883.5;6882.25;6882.5;33
20180305 230700;6882.5;6883;6882.25;6882.75;17
20180305 230800;6882.5;6883.25;6882.25;6882.75;14
20180305 230900;6882.5;6882.75;6882.5;6882.75;3
20180305 231000;6882.75;6884.25;6882.75;6884;42
20180305 231100;6884.25;6884.75;6883;6883;41
20180305 231200;6883.25;6883.75;6883;6883;7
20180305 231300;6882.75;6883.75;6882.75;6883.5;12
20180305 231400;6883.75;6883.75;6883.5;6883.75;6
20180305 231500;6883.5;6884.5;6883.5;6884.5;17
20180305 231600;6884.25;6884.75;6884;6884.75;25
20180305 231700;6884.75;6886.5;6882.25;6883.5;146
20180305 231800;6882.5;6884.75;6882.25;6884.75;35
20180305 231900;6885;6885.25;6884.25;6885;19
20180305 232000;6884.75;6886;6884.75;6885.5;24
20180305 232100;6885.75;6886;6885;6885.25;13
20180305 232200;6885.5;6885.5;6885.5;6885.5;12
20180305 232300;6886;6886;6884.25;6884.5;41
20180305 232400;6884.5;6885.25;6884.25;6885.25;14
20180305 232500;6885.75;6885.75;6884.5;6884.5;21
20180305 232600;6884.25;6884.75;6883.75;6883.75;17
20180305 232700;6883.5;6883.5;6882.75;6882.75;23
20180305 232800;6882.5;6883;6882;6882.75;33
20180305 232900;6882.5;6882.75;6880.25;6881.5;61
20180305 233000;6881.75;6882;6881.25;6881.75;20
20180305 233100;6881.75;6884.5;6881.75;6884;62
20180305 233200;6884.25;6884.25;6883.75;6883.75;23
20180305 233300;6884.5;6885;6884.5;6884.5;13
20180305 233400;6884.25;6885;6883.75;6884.25;28
20180305 233500;6884.25;6885;6884;6884;25
20180305 233600;6884.25;6885.25;6883.75;6885.25;63
20180305 233700;6885.25;6886;6885;6885.25;55
20180305 233800;6885;6885.25;6883.25;6883.25;29
20180305 233900;6883;6883.75;6883;6883.5;23
20180305 234000;6883;6883.25;6881.75;6881.75;16
20180305 234100;6881.75;6881.75;6881.5;6881.5;14
20180305 234200;6881.75;6882.75;6881.75;6882.25;27
20180305 234300;6881.75;6881.75;6880.25;6881.25;29
20180305 234400;6881.25;6883.75;6881.25;6883.75;39
20180305 234500;6884;6885.5;6883.75;6884.25;35
20180305 234600;6884.25;6884.5;6883.5;6884.5;31
20180305 234700;6884.5;6885.75;6884.5;6884.75;31
20180305 234800;6884.25;6884.75;6884;6884.25;15
20180305 234900;6884.75;6885.75;6884;6884;36
20180305 235000;6883.75;6884;6883.25;6884;16
20180305 235100;6883;6885;6883;6883.75;58
20180305 235200;6884;6884;6882.75;6883;19
20180305 235300;6883;6883;6882.25;6882.5;18
20180305 235400;6882.75;6883;6881.25;6881.75;65
20180305 235500;6881.75;6882.25;6881.75;6881.75;14
20180305 235600;6881.5;6882.5;6881.5;6882;22
20180305 235700;6882;6882;6881;6881.25;15
20180305 235800;6881.25;6881.25;6880.5;6881.25;52
20180305 235900;6881;6881.5;6880.25;6881;32
20180306 000000;6881;6881.5;6880.5;6881.5;44
20180306 000100;6881.75;6882.25;6879.75;6879.75;102
20180306 000200;6880;6881.5;6878.25;6879;98
20180306 000300;6879.25;6881.25;6879;6881;138
20180306 000400;6881;6881.25;6880.25;6880.5;50
20180306 000500;6880.75;6881;6880;6880;18
20180306 000600;6880.25;6880.5;6879.75;6880;60
20180306 000700;6880;6880;6877;6878.75;145
20180306 000800;6878.75;6879.5;6878.25;6879.25;83
20180306 000900;6879.25;6880.25;6879;6879.75;60
20180306 001000;6879.75;6882.25;6879.75;6881.5;164
20180306 001100;6882;6882;6880.75;6881;67
20180306 001200;6881;6883;6881;6883;104
20180306 001300;6882.25;6882.75;6881;6881;82
20180306 001400;6881.25;6881.5;6881;6881.25;10
20180306 001500;6881.25;6882.25;6881.25;6882;31
20180306 001600;6882.25;6883;6881.75;6882.25;63
20180306 001700;6881.75;6883.25;6881.75;6883.25;64
20180306 001800;6882.75;6883.5;6882.75;6883.5;27
20180306 001900;6883.25;6883.75;6883.25;6883.5;26
20180306 002000;6883.75;6884.75;6883.75;6884.5;89
20180306 002100;6884.25;6884.75;6883.75;6884.25;53
20180306 002200;6884.25;6885.25;6883.75;6884.25;31
20180306 002300;6884.5;6884.5;6884;6884;21
20180306 002400;6884.25;6884.75;6884;6884.75;66
20180306 002500;6884.5;6884.75;6884.5;6884.75;16
20180306 002600;6884.75;6885;6884;6885;37
20180306 002700;6884.5;6885;6883.5;6884.5;103
20180306 002800;6884.5;6884.75;6882.75;6883;66
20180306 002900;6883.5;6883.5;6883;6883.25;19
20180306 003000;6883;6884.5;6882.75;6884.5;69
20180306 003100;6884.5;6885.25;6884.25;6885.25;36
20180306 003200;6885.5;6885.75;6884;6884.75;122
20180306 003300;6884.75;6885.25;6884.5;6884.75;25
20180306 003400;6884.75;6885.5;6884;6884.5;37
20180306 003500;6884.5;6885.25;6884.5;6885;35
20180306 003600;6885;6885.5;6884.75;6885.5;56
20180306 003700;6885.5;6886.25;6885;6886;81
20180306 003800;6886.25;6886.75;6886.25;6886.25;60
20180306 003900;6886.25;6887.25;6885.75;6886.5;77
20180306 004000;6886.5;6887.5;6886;6887.25;53
20180306 004100;6887.5;6888.5;6887;6887.75;70
20180306 004200;6887.75;6888.5;6887.75;6888;35
20180306 004300;6888.25;6888.5;6886.25;6887;85
20180306 004400;6886.75;6888.75;6886.75;6888.5;48
20180306 004500;6888.75;6889;6887.5;6887.75;42
20180306 004600;6888;6888.25;6887.5;6888.25;74
20180306 004700;6888.75;6889;6887.75;6888.25;127
20180306 004800;6888;6888.75;6887.75;6888;76
20180306 004900;6887.5;6887.5;6886.5;6886.5;55
20180306 005000;6886.5;6887;6886.25;6887;22
20180306 005100;6887;6887.25;6886;6886.25;39
20180306 005200;6886.5;6886.5;6885.5;6885.75;36
20180306 005300;6885.75;6886;6885.5;6885.5;47
20180306 005400;6885.5;6886.5;6884.75;6885.75;109
20180306 005500;6885.75;6886.25;6885.25;6886.25;68
20180306 005600;6885.75;6887.25;6885.75;6886.75;95
20180306 005700;6886.75;6887;6886.25;6886.5;74
20180306 005800;6886.25;6887;6886.25;6886.75;60
20180306 005900;6886.5;6888.25;6886.25;6888.25;128
20180306 010000;6888;6888.25;6887.75;6888;74
20180306 010100;6888;6889;6888;6888.5;110
20180306 010200;6888.25;6889.25;6887.75;6888.25;97
20180306 010300;6888;6889.25;6887.75;6889.25;89
20180306 010400;6889;6890.75;6889;6889.5;71
20180306 010500;6890;6890;6889.25;6889.25;21
20180306 010600;6889.25;6889.75;6889;6889.5;43
20180306 010700;6889.25;6889.25;6888.25;6888.25;26
20180306 010800;6888.25;6888.25;6887.5;6888;64
20180306 010900;6888;6888.75;6887.75;6888;80
20180306 011000;6888;6888;6886.5;6886.5;86
20180306 011100;6886.75;6887.25;6886.5;6886.75;70
20180306 011200;6886.75;6887.25;6886.5;6886.75;48
20180306 011300;6886.75;6886.75;6886.25;6886.25;39
20180306 011400;6886.5;6886.75;6886;6886.5;43
20180306 011500;6886.25;6886.25;6885.75;6886;20
20180306 011600;6885.75;6886.5;6885.25;6886.25;124
20180306 011700;6886.5;6886.75;6884.5;6885.25;89
20180306 011800;6885;6885.75;6885;6885.5;33
20180306 011900;6885.75;6886.75;6885.25;6885.25;70
20180306 012000;6885.75;6885.75;6884.75;6885.5;26
20180306 012100;6885.75;6886.75;6885.5;6886;57
20180306 012200;6886;6887.5;6886;6887.25;54
20180306 012300;6887.5;6889;6887.25;6888.75;65
20180306 012400;6888.5;6889.25;6888.25;6888.75;45
20180306 012500;6888.5;6889.75;6888.25;6889.25;30
20180306 012600;6889.75;6889.75;6888.5;6889.25;54
20180306 012700;6889.25;6889.75;6888.25;6889.5;99
20180306 012800;6889.75;6890.25;6889.25;6889.5;42
20180306 012900;6889.5;6889.75;6888.5;6888.75;41
20180306 013000;6889;6889.5;6888.75;6888.75;31
20180306 013100;6888.75;6889.5;6887.75;6887.75;48
20180306 013200;6887.5;6888.5;6887.25;6888.25;83
20180306 013300;6888;6890;6888;6890;65
20180306 013400;6890.25;6891.75;6890;6890.75;91
20180306 013500;6890.75;6891;6889;6889.25;34
20180306 013600;6889.5;6890.25;6887.75;6888.75;79
20180306 013700;6888.5;6889.5;6888.5;6889;25
20180306 013800;6889;6890;6889;6889.5;47
20180306 013900;6890;6890;6889.5;6890;21
20180306 014000;6890.25;6891.25;6889.75;6890.5;100
20180306 014100;6890.5;6890.5;6889.75;6889.75;19
20180306 014200;6890;6890.25;6889.5;6889.5;18
20180306 014300;6889.5;6890.75;6889.25;6889.75;55
20180306 014400;6890;6890.5;6889.75;6890.25;39
20180306 014500;6890.25;6890.5;6889.75;6890;34
20180306 014600;6890.5;6891.75;6890;6891.5;51
20180306 014700;6891.25;6893;6891;6892.75;109
20180306 014800;6893;6893;6891.75;6892;53
20180306 014900;6892.25;6892.25;6891.5;6891.5;36
20180306 015000;6891.75;6892.75;6891.75;6892.25;21
20180306 015100;6892;6892;6891.25;6892;37
20180306 015200;6891.75;6893;6891.5;6892.75;38
20180306 015300;6892.5;6892.5;6890.25;6890.25;43
20180306 015400;6890.25;6890.75;6889.5;6890;43
20180306 015500;6889.5;6889.5;6888;6888.25;50
20180306 015600;6888.5;6888.75;6886.75;6887.25;53
20180306 015700;6886.75;6889;6886.75;6889;105
20180306 015800;6889.25;6889.25;6888;6888.25;49
20180306 015900;6888.5;6888.5;6886.75;6887.25;68
20180306 020000;6887.5;6888.75;6886;6886.5;116
20180306 020100;6886;6887;6883.5;6886.25;175
20180306 020200;6886.5;6889.75;6885.5;6888.25;118
20180306 020300;6888.25;6889;6887.75;6888.25;45
20180306 020400;6888.25;6889.5;6888;6888;46
20180306 020500;6888.25;6888.25;6885;6885;55
20180306 020600;6885.5;6887.25;6885;6887;94
20180306 020700;6886.75;6887.5;6885.75;6886.5;60
20180306 020800;6886.75;6887.25;6886.5;6887;16
20180306 020900;6887;6889.5;6887;6889;107
20180306 021000;6889;6889;6887.5;6888.25;40
20180306 021100;6888.5;6889.25;6888;6888.5;57
20180306 021200;6888.5;6889.25;6888;6888.25;26
20180306 021300;6888.25;6889;6887.5;6887.5;65
20180306 021400;6887.5;6887.5;6887;6887;18
20180306 021500;6886.75;6887;6884;6884.5;130
20180306 021600;6884;6885;6883;6883.5;88
20180306 021700;6883.25;6883.75;6881.5;6883.75;115
20180306 021800;6884.25;6884.25;6881;6881.25;140
20180306 021900;6881;6882;6878.25;6879.5;205
20180306 022000;6880;6882.5;6879.75;6881.25;73
20180306 022100;6881.25;6883.25;6881.25;6881.75;65
20180306 022200;6882;6882.75;6881.5;6882.75;40
20180306 022300;6882.5;6882.5;6880.5;6881.75;86
20180306 022400;6881.75;6881.75;6880.5;6881;53
20180306 022500;6881.25;6881.25;6880;6881;44
20180306 022600;6881;6882;6879.5;6880;95
20180306 022700;6880.25;6881.5;6880.25;6881.25;49
20180306 022800;6881.5;6882.75;6881;6882.25;56
20180306 022900;6882.5;6882.75;6881.5;6881.5;40
20180306 023000;6881.5;6882.75;6881.5;6882.25;37
20180306 023100;6882;6882.25;6881.25;6882.25;51
20180306 023200;6882.5;6882.75;6882.25;6882.5;12
20180306 023300;6882.5;6883.25;6882.5;6883.25;32
20180306 023400;6883.25;6884.75;6883.25;6883.5;75
20180306 023500;6884;6884.5;6883.5;6883.5;25
20180306 023600;6883.75;6884;6883;6883.25;17
20180306 023700;6883;6884.5;6883;6884.25;59
20180306 023800;6884.5;6884.5;6883.25;6883.75;23
20180306 023900;6883.75;6884;6882.25;6882.5;45
20180306 024000;6882.25;6882.5;6881.25;6881.25;27
20180306 024100;6881.25;6881.25;6880.75;6881;33
20180306 024200;6881.25;6881.75;6880.5;6880.75;58
20180306 024300;6880.5;6881.5;6880.25;6881.5;60
20180306 024400;6881.25;6882;6881.25;6881.75;28
20180306 024500;6881.5;6881.75;6880;6880;40
20180306 024600;6880.25;6881;6880;6880.75;29
20180306 024700;6880.5;6882;6880.25;6881.75;38
20180306 024800;6881;6882;6881;6881.75;20
20180306 024900;6882;6882;6880.25;6881;28
20180306 025000;6881;6881.5;6880;6881.25;51
20180306 025100;6881.25;6881.5;6879.5;6879.5;59
20180306 025200;6880;6880.25;6879.25;6880;38
20180306 025300;6879.75;6881;6879.75;6879.75;59
20180306 025400;6880;6882.5;6880;6882;103
20180306 025500;6881.25;6881.75;6881.25;6881.25;20
20180306 025600;6881;6882.25;6881;6882.25;23
20180306 025700;6882.25;6882.5;6881.75;6882.5;12
20180306 025800;6882.75;6883;6882;6882.5;37
20180306 025900;6883;6884.25;6883;6883.25;46
20180306 030000;6883.5;6885.5;6883.5;6885.5;96
20180306 030100;6885.25;6885.25;6883.25;6884;44
20180306 030200;6883.75;6884.5;6883.25;6883.25;19
20180306 030300;6883.25;6884;6883.25;6884;7
20180306 030400;6884;6884.25;6883.25;6883.25;18
20180306 030500;6884;6884;6883;6884;17
20180306 030600;6884;6884.75;6884;6884.75;32
20180306 030700;6884.75;6885;6884;6885;27
20180306 030800;6885;6887;6885;6886.25;76
20180306 030900;6886;6886.75;6886;6886.5;14
20180306 031000;6886.5;6887;6886.5;6886.5;30
20180306 031100;6887;6887;6886.25;6886.5;30
20180306 031200;6886.75;6887.5;6886.75;6887.25;32
20180306 031300;6887;6887;6886.25;6886.5;20
20180306 031400;6886.75;6888;6886.5;6887.25;34
20180306 031500;6887.5;6887.75;6887;6887.25;32
20180306 031600;6887.25;6887.25;6885.75;6886.75;69
20180306 031700;6886.75;6886.75;6886.5;6886.5;15
20180306 031800;6886.75;6886.75;6886.75;6886.75;1
20180306 031900;6887;6887.5;6886.25;6886.25;22
20180306 032000;6886.25;6887;6886.25;6886.75;25
20180306 032100;6887;6887;6886;6886;18
20180306 032200;6886;6886.75;6885.5;6886.25;22
20180306 032300;6886;6886.75;6886;6886.25;19
20180306 032400;6886;6886.5;6886;6886.5;13
20180306 032500;6886.25;6887.25;6886.25;6886.75;17
20180306 032600;6887;6887.5;6887;6887;11
20180306 032700;6887.5;6887.75;6887.25;6887.5;18
20180306 032800;6887.5;6888.25;6887.5;6887.75;16
20180306 032900;6887.25;6888.25;6887.25;6887.75;13
20180306 033000;6888;6888.25;6887.5;6887.5;21
20180306 033100;6887.75;6888.25;6887.25;6887.25;27
20180306 033200;6887.25;6887.25;6886.5;6887.25;31
20180306 033300;6886.75;6886.75;6886.5;6886.75;8
20180306 033400;6887;6887.75;6887;6887.5;11
20180306 033500;6887.5;6888.5;6887.5;6887.75;41
20180306 033600;6888.25;6889.5;6888.25;6889.5;43
20180306 033700;6889.5;6889.75;6888.5;6889;43
20180306 033800;6889;6889.75;6888.75;6889.5;33
20180306 033900;6889.5;6889.75;6889.5;6889.75;8
20180306 034000;6889.75;6891.5;6889.75;6891.25;55
20180306 034100;6891;6891;6890.5;6890.75;21
20180306 034200;6891;6891.5;6891;6891;27
20180306 034300;6891.25;6892;6891;6891.5;29
20180306 034400;6891.5;6892;6891.25;6891.5;10
20180306 034500;6891.5;6891.75;6890.75;6891.25;51
20180306 034600;6891.5;6891.5;6889.5;6889.75;43
20180306 034700;6889.75;6890.25;6889.5;6890;18
20180306 034800;6890;6890.5;6889.75;6889.75;17
20180306 034900;6890;6891;6890;6891;17
20180306 035000;6890.75;6890.75;6890;6890;17
20180306 035100;6889.75;6889.75;6888.5;6889.25;49
20180306 035200;6889;6890;6888.75;6889.75;29
20180306 035300;6889.5;6889.5;6888.75;6889;34
20180306 035400;6889.25;6889.75;6889.25;6889.5;13
20180306 035500;6889.5;6889.5;6888.75;6888.75;16
20180306 035600;6888.75;6889.75;6888.75;6889.5;14
20180306 035700;6889.5;6889.75;6889.5;6889.75;10
20180306 035800;6889.5;6889.75;6889;6889;18
20180306 035900;6889.25;6889.25;6888.5;6888.75;25
20180306 040000;6888.5;6888.5;6887.75;6887.75;31
20180306 040100;6887.75;6887.75;6887;6887.25;55
20180306 040200;6887.25;6887.75;6887.25;6887.75;25
20180306 040300;6888;6888.25;6887;6887.25;44
20180306 040400;6887.5;6887.5;6884.75;6885.5;65
20180306 040500;6885.25;6886;6885.25;6886;23
20180306 040600;6886;6887.5;6885.75;6886.25;44
20180306 040700;6886.25;6886.25;6885.75;6886;22
20180306 040800;6885.5;6886.25;6885.5;6885.5;18
20180306 040900;6885.5;6886;6885.5;6885.75;11
20180306 041000;6886;6886.75;6886;6886.75;7
20180306 041100;6887;6887.75;6887;6887;42
20180306 041200;6887.25;6887.5;6886.25;6886.5;29
20180306 041300;6886.75;6886.75;6886.5;6886.5;8
20180306 041400;6886.5;6888;6886.5;6888;18
20180306 041500;6888;6888.25;6887.75;6888.25;20
20180306 041600;6888.25;6888.5;6888.25;6888.5;20
20180306 041700;6888.5;6889;6887.5;6887.75;44
20180306 041800;6888.25;6888.25;6887;6887.25;16
20180306 041900;6887.25;6887.5;6887;6887.5;11
20180306 042000;6888;6888.5;6887.75;6888.25;16
20180306 042100;6888;6888.25;6887.75;6888.25;12
20180306 042200;6888.75;6888.75;6887.5;6887.75;13
20180306 042300;6888;6888;6887.5;6887.5;14
20180306 042400;6887.5;6888;6887.5;6887.75;19
20180306 042500;6887.75;6887.75;6887;6887;24
20180306 042600;6887;6888;6887;6888;16
20180306 042700;6888.25;6888.75;6888;6888;21
20180306 042800;6888.25;6888.75;6888.25;6888.5;14
20180306 042900;6889;6889;6888.75;6888.75;8
20180306 043000;6889.25;6889.25;6888.25;6888.25;10
20180306 043100;6888.5;6889;6888.5;6889;9
20180306 043200;6888.75;6889;6888.5;6888.5;7
20180306 043300;6888.25;6888.75;6888;6888.75;8
20180306 043400;6889;6889.25;6889;6889;7
20180306 043500;6889;6889;6889;6889;4
20180306 043600;6889;6889.25;6889;6889.25;5
20180306 043700;6889.5;6890;6889.25;6890;54
20180306 043800;6890;6890.5;6888.75;6888.75;31
20180306 043900;6888.75;6888.75;6888.75;6888.75;7
20180306 044000;6889;6889.25;6888.75;6888.75;13
20180306 044100;6889;6889;6888.5;6888.5;15
20180306 044200;6888.25;6888.75;6888;6888.75;18
20180306 044300;6888.75;6888.75;6888.25;6888.25;13
20180306 044400;6888;6888.5;6888;6888.25;8
20180306 044500;6888.5;6889;6888.5;6888.5;12
20180306 044600;6888.5;6888.5;6888.25;6888.25;15
20180306 044700;6888;6888;6887.25;6887.5;15
20180306 044800;6887.25;6887.5;6886;6886;37
20180306 044900;6886.25;6886.5;6885.75;6885.75;31
20180306 045000;6885.75;6886.25;6885.75;6886;13
20180306 045100;6886.25;6886.5;6885.25;6886.5;23
20180306 045200;6886.75;6887;6886.5;6886.5;19
20180306 045300;6886.25;6887;6886.25;6887;13
20180306 045400;6886.5;6887;6886.25;6886.25;19
20180306 045500;6886.5;6886.5;6885.75;6885.75;13
20180306 045600;6885.5;6886.75;6885.5;6886.75;16
20180306 045700;6886.75;6887.25;6886.5;6886.75;13
20180306 045800;6886.25;6886.25;6884.75;6886;49
20180306 045900;6886.5;6886.75;6886.25;6886.25;16
20180306 050000;6886;6886;6885.25;6885.25;22
20180306 050100;6885.25;6885.75;6884;6884.25;60
20180306 050200;6884.25;6884.5;6883.75;6884.25;35
20180306 050300;6884;6884;6883;6883;31
20180306 050400;6883;6883.5;6882.75;6883.5;24
20180306 050500;6883.5;6884.25;6883;6883.25;36
20180306 050600;6883.25;6884.25;6883.25;6884;37
20180306 050700;6884.25;6885.5;6884;6885.25;38
20180306 050800;6885.25;6885.25;6884.75;6885.25;19
20180306 050900;6885;6885;6883.5;6884.25;38
20180306 051000;6884.5;6885.75;6884.5;6885.25;29
20180306 051100;6885.25;6885.5;6884.75;6885.25;26
20180306 051200;6884.75;6885.25;6884.75;6884.75;19
20180306 051300;6885;6886.25;6885;6885.5;36
20180306 051400;6885.5;6886.5;6885.5;6885.5;29
20180306 051500;6886;6887.25;6886;6887;26
20180306 051600;6887;6887.25;6885.5;6886;38
20180306 051700;6886;6886.5;6885.75;6886;22
20180306 051800;6886;6886.5;6886;6886.25;13
20180306 051900;6886.25;6886.75;6886;6886.5;8
20180306 052000;6886.25;6886.5;6886.25;6886.5;4
20180306 052100;6886.75;6887;6886.5;6886.5;23
20180306 052200;6887;6889;6886.5;6887.75;132
20180306 052300;6887.75;6889.25;6887.5;6888.75;65
20180306 052400;6889.25;6889.5;6888.25;6888.5;33
20180306 052500;6888.5;6889;6888;6888;38
20180306 052600;6887.5;6889.25;6887.5;6888.5;46
20180306 052700;6888.5;6889;6887.5;6889;91
20180306 052800;6888.75;6888.75;6887.5;6887.5;61
20180306 052900;6887.75;6888;6886.25;6886.75;29
20180306 053000;6887;6889;6886.75;6888.75;159
20180306 053100;6888.75;6889;6887.75;6888.5;33
20180306 053200;6888.5;6889.5;6888.5;6889.5;12
20180306 053300;6889.5;6889.75;6889;6889.25;19
20180306 053400;6889.5;6889.5;6889;6889.25;14
20180306 053500;6889;6889.75;6888.75;6889.5;25
20180306 053600;6889.5;6890;6889.5;6890;10
20180306 053700;6889.75;6890.25;6889.5;6890;21
20180306 053800;6890.25;6890.75;6890.25;6890.5;27
20180306 053900;6890.75;6890.75;6890.25;6890.5;16
20180306 054000;6890.5;6890.5;6889.75;6890;11
20180306 054100;6889.75;6890.5;6888.5;6889.5;75
20180306 054200;6889.5;6890.5;6889;6889.75;32
20180306 054300;6890;6890;6889;6889.25;27
20180306 054400;6889.5;6890.25;6889.25;6890;28
20180306 054500;6889.75;6890.5;6889.5;6890.25;20
20180306 054600;6890.5;6891;6890.25;6890.25;52
20180306 054700;6890.75;6890.75;6890.25;6890.25;8
20180306 054800;6890.75;6891;6890;6890.5;51
20180306 054900;6890.5;6890.5;6890;6890.5;15
20180306 055000;6890.75;6890.75;6890.5;6890.5;9
20180306 055100;6890.5;6891.75;6890.5;6891.5;47
20180306 055200;6891.75;6893.5;6891.5;6892.5;157
20180306 055300;6892.5;6893;6892.5;6893;24
20180306 055400;6893.25;6893.5;6893.25;6893.5;14
20180306 055500;6893;6893;6891.75;6892.75;42
20180306 055600;6892.5;6893.5;6892.25;6893;35
20180306 055700;6892.75;6893.25;6892.75;6893;28
20180306 055800;6893;6893.25;6892.5;6893;29
20180306 055900;6892.75;6893.25;6892.75;6893.25;20
20180306 060000;6893;6893.25;6892.75;6893;72
20180306 060100;6892.75;6893;6890.75;6891;122
20180306 060200;6891;6891.25;6888.75;6889.25;88
20180306 060300;6889.25;6889.75;6888.75;6888.75;31
20180306 060400;6888.75;6888.75;6887.75;6888;35
20180306 060500;6888;6889.25;6888;6888.75;23
20180306 060600;6889;6890.5;6889;6889.75;43
20180306 060700;6890;6890.75;6890;6890.5;17
20180306 060800;6890.75;6892;6890.75;6891.5;46
20180306 060900;6891.75;6896;6891.75;6895.25;242
20180306 061000;6895.5;6896.75;6894.5;6896;151
20180306 061100;6895.75;6895.75;6894.25;6895.25;95
20180306 061200;6895;6895.75;6895;6895.5;12
20180306 061300;6895.75;6897.25;6895.75;6897;80
20180306 061400;6897.25;6897.25;6895.25;6895.75;67
20180306 061500;6896;6896;6893.75;6895.5;54
20180306 061600;6895.5;6897;6895.5;6896.75;56
20180306 061700;6896.75;6897.75;6896.75;6896.75;38
20180306 061800;6897;6897;6895.5;6896;33
20180306 061900;6896;6896.75;6896;6896.75;17
20180306 062000;6896.5;6897;6896.5;6896.5;33
20180306 062100;6896.25;6896.25;6895;6895.25;22
20180306 062200;6895.25;6895.75;6895;6895;6
20180306 062300;6895.25;6895.25;6894.5;6895.25;13
20180306 062400;6895.5;6895.75;6895.5;6895.75;8
20180306 062500;6895.75;6897;6895.75;6897;18
20180306 062600;6896.5;6897.25;6896.5;6897.25;9
20180306 062700;6897;6898.75;6897;6898.5;86
20180306 062800;6898.5;6898.5;6896.25;6896.25;35
20180306 062900;6896;6896.75;6896;6896.75;36
20180306 063000;6896.75;6896.75;6895.5;6896.25;60
20180306 063100;6896.25;6896.5;6895.75;6895.75;28
20180306 063200;6895.5;6896;6895.25;6895.5;26
20180306 063300;6895.5;6895.5;6895.25;6895.5;19
20180306 063400;6895.5;6895.5;6895.25;6895.5;7
20180306 063500;6895.5;6896.25;6895.25;6896;26
20180306 063600;6896;6896.5;6895.5;6895.75;42
20180306 063700;6895.5;6895.75;6894.5;6895.75;53
20180306 063800;6895.5;6896;6895.25;6895.75;18
20180306 063900;6895.75;6896;6895.5;6896;9
20180306 064000;6896;6896.5;6896;6896.5;18
20180306 064100;6896.75;6897.5;6896.75;6897.25;49
20180306 064200;6897.25;6897.5;6897.25;6897.5;13
20180306 064300;6897.5;6897.75;6897.25;6897.5;20
20180306 064400;6897.75;6897.75;6897;6897.25;14
20180306 064500;6896.75;6897.25;6896.75;6897;13
20180306 064600;6897;6897.25;6897;6897.25;13
20180306 064700;6897;6897;6896.75;6897;9
20180306 064800;6897;6898.75;6896.75;6898.25;88
20180306 064900;6898.5;6898.75;6898.25;6898.25;18
20180306 065000;6898.5;6899.5;6898.25;6899.25;79
20180306 065100;6899.5;6900;6899.5;6899.75;47
20180306 065200;6900;6900.5;6899.75;6900;60
20180306 065300;6899.75;6899.75;6898.75;6898.75;33
20180306 065400;6898.75;6898.75;6898.25;6898.5;20
20180306 065500;6898.5;6898.5;6898;6898;12
20180306 065600;6898.5;6899;6898.25;6899;16
20180306 065700;6899;6899;6898.5;6898.5;7
20180306 065800;6898.75;6900;6898.5;6900;31
20180306 065900;6900;6900.25;6899.5;6900;42
20180306 070000;6899.75;6900.25;6899.25;6900.25;23
20180306 070100;6900.25;6904;6900.25;6901.75;295
20180306 070200;6902.5;6906.75;6901.75;6905.5;319
20180306 070300;6906;6906.25;6904.25;6904.5;114
20180306 070400;6904.25;6905.5;6903.75;6903.75;71
20180306 070500;6904;6905;6903.75;6904.5;47
20180306 070600;6904.25;6904.25;6899.5;6901.25;156
20180306 070700;6901;6902;6900;6900.5;48
20180306 070800;6900.75;6900.75;6897;6897.5;234
20180306 070900;6898;6899.5;6897.5;6899;130
20180306 071000;6899;6899.5;6897.75;6899.5;60
20180306 071100;6899;6899.25;6898.5;6899;45
20180306 071200;6899.25;6900.5;6899.25;6899.5;86
20180306 071300;6899.5;6900.25;6898.75;6900;48
20180306 071400;6900.25;6903.5;6900.25;6903.5;122
20180306 071500;6903.75;6903.75;6901.5;6902;69
20180306 071600;6901.75;6902.5;6900;6900.5;78
20180306 071700;6900.5;6900.75;6897;6899;118
20180306 071800;6899.5;6901.75;6899;6899.25;92
20180306 071900;6899.5;6900.75;6899;6899.75;86
20180306 072000;6900;6900.75;6898.5;6900;59
20180306 072100;6900;6901.75;6899.75;6900.5;37
20180306 072200;6900.5;6900.75;6898.75;6899.5;62
20180306 072300;6899;6899.5;6897.5;6898.25;51
20180306 072400;6898.25;6899.5;6898.25;6899;46
20180306 072500;6899;6900.5;6899;6900;29
20180306 072600;6899.75;6900.75;6899;6900.5;52
20180306 072700;6900.75;6900.75;6898.5;6898.75;43
20180306 072800;6898.5;6899.25;6898.5;6898.75;26
20180306 072900;6898.75;6901.5;6898.75;6901.5;40
20180306 073000;6901.5;6903.75;6900.5;6903.25;73
20180306 073100;6902.75;6904.75;6902;6904.5;130
20180306 073200;6904;6904.75;6903.25;6904;61
20180306 073300;6904.25;6904.5;6903.5;6904.5;58
20180306 073400;6904.5;6905.5;6903.75;6904.75;99
20180306 073500;6905;6905;6904.5;6904.75;40
20180306 073600;6904.75;6904.75;6902;6903.75;80
20180306 073700;6903.75;6904.5;6903.25;6903.75;53
20180306 073800;6904.25;6905;6904;6905;56
20180306 073900;6904.75;6905.5;6903.75;6905.5;47
20180306 074000;6905.25;6905.25;6903.25;6903.75;57
20180306 074100;6904.25;6904.25;6901;6902.5;102
20180306 074200;6902.75;6903;6902;6902;53
20180306 074300;6902.5;6904.5;6902.5;6904;46
20180306 074400;6903.5;6905.25;6903.25;6904.75;88
20180306 074500;6904.5;6905.75;6903.5;6905;89
20180306 074600;6905.5;6906.5;6905;6905.75;52
20180306 074700;6906;6907.75;6906;6907.25;144
20180306 074800;6907.25;6907.75;6906.75;6907;77
20180306 074900;6906.75;6906.75;6903.5;6904;96
20180306 075000;6903.75;6904.75;6902.25;6902.25;86
20180306 075100;6902.5;6903.75;6902;6903.75;53
20180306 075200;6903.5;6908;6903.25;6907.25;151
20180306 075300;6907;6907.5;6906.5;6907;54
20180306 075400;6907.25;6907.25;6906.5;6907;26
20180306 075500;6907;6907;6905.5;6905.75;46
20180306 075600;6905.75;6906;6902.25;6903.25;166
20180306 075700;6903.75;6909.25;6903.75;6909;298
20180306 075800;6908.5;6908.75;6906;6906.5;76
20180306 075900;6906.25;6908;6905.75;6906.5;92
20180306 080000;6906.5;6906.5;6905;6906.5;59
20180306 080100;6906.5;6907;6904;6905.75;170
20180306 080200;6905.25;6905.25;6902.25;6904.25;209
20180306 080300;6904.5;6904.5;6901.75;6904.25;156
20180306 080400;6904.25;6906.5;6903.25;6904.25;133
20180306 080500;6904;6906;6903.75;6905;71
20180306 080600;6904.5;6904.5;6901.5;6901.75;247
20180306 080700;6902;6905;6900.75;6904.75;126
20180306 080800;6905;6905;6904.25;6905;64
20180306 080900;6904.75;6905;6901.5;6901.75;112
20180306 081000;6902.25;6904.5;6901.75;6904.25;122
20180306 081100;6904.25;6906.5;6903.5;6904.25;120
20180306 081200;6904;6907.25;6903.5;6904.25;180
20180306 081300;6905;6906.5;6905;6905.25;110
20180306 081400;6905;6905.25;6903.5;6904.75;56
20180306 081500;6905;6905.75;6902;6902;93
20180306 081600;6902.5;6903;6898.75;6900;235
20180306 081700;6899.75;6901.5;6898.75;6900.75;151
20180306 081800;6900.75;6902.25;6900.25;6902.25;100
20180306 081900;6902.5;6903.25;6901;6901;88
20180306 082000;6900.75;6901;6899;6899.5;100
20180306 082100;6899.75;6902.25;6899.75;6902;70
20180306 082200;6902;6902.25;6899.75;6900.75;156
20180306 082300;6901.25;6902.25;6900.5;6900.75;56
20180306 082400;6901.5;6902.5;6900.75;6902;94
20180306 082500;6902.5;6903.5;6901.5;6903.25;84
20180306 082600;6903;6904;6902.25;6904;53
20180306 082700;6903.5;6903.75;6902.5;6902.5;82
20180306 082800;6902.5;6904.5;6902.25;6904;90
20180306 082900;6904.25;6905.5;6903.75;6904.75;75
20180306 083000;6904.5;6904.75;6903.75;6903.75;25
20180306 083100;6904;6905.5;6903.25;6905.25;54
20180306 083200;6905.5;6905.5;6903.25;6903.5;39
20180306 083300;6903.75;6906.5;6903.75;6906.5;146
20180306 083400;6906.5;6907.75;6906.25;6906.75;67
20180306 083500;6906.5;6907;6902.75;6902.75;77
20180306 083600;6902.75;6905;6902.25;6904.5;61
20180306 083700;6904.25;6904.5;6901.75;6902.25;64
20180306 083800;6902;6905;6902;6904;74
20180306 083900;6903.5;6903.5;6902.25;6902.5;53
20180306 084000;6902.25;6902.25;6901.5;6901.5;38
20180306 084100;6901.5;6901.5;6900.5;6901.25;46
20180306 084200;6900.75;6900.75;6896.25;6897;219
20180306 084300;6897;6898;6896.25;6896.5;130
20180306 084400;6897;6897.25;6895.5;6895.75;65
20180306 084500;6896.25;6897.25;6896.25;6896.5;55
20180306 084600;6896.75;6898;6896;6897.75;52
20180306 084700;6898;6899.5;6898;6899.25;37
20180306 084800;6899.25;6899.5;6897.75;6897.75;46
20180306 084900;6897.75;6899.75;6897.75;6898.75;47
20180306 085000;6899;6899.5;6897.5;6897.5;66
20180306 085100;6897.25;6898.5;6895.5;6895.5;85
20180306 085200;6895.25;6897.75;6895.25;6897.75;68
20180306 085300;6898.5;6900;6897.75;6899.25;94
20180306 085400;6898.5;6900.5;6898.5;6899.75;45
20180306 085500;6899.25;6900.25;6899.25;6900;36
20180306 085600;6900.25;6900.25;6898.5;6899;21
20180306 085700;6899.25;6901.5;6899.25;6901.5;60
20180306 085800;6901;6901;6899.25;6900.5;33
20180306 085900;6900;6900.75;6899.5;6900.5;38
20180306 090000;6901;6901.25;6901;6901.25;13
20180306 090100;6901.5;6906;6901.25;6904.25;217
20180306 090200;6904.5;6906;6904.25;6904.75;65
20180306 090300;6904.5;6904.75;6903.5;6904.75;50
20180306 090400;6905.25;6905.25;6903.5;6903.75;49
20180306 090500;6904;6904.75;6903.75;6904.75;43
20180306 090600;6904.75;6905.5;6902.75;6903.25;103
20180306 090700;6903.5;6904.5;6903;6903.25;29
20180306 090800;6903.25;6903.25;6902.25;6902.25;35
20180306 090900;6902;6903.25;6902;6902.5;29
20180306 091000;6902.75;6903.5;6902;6902;66
20180306 091100;6902.5;6903.25;6901.75;6901.75;49
20180306 091200;6902;6902;6900.75;6901;61
20180306 091300;6900.75;6901;6899.25;6900;120
20180306 091400;6899.75;6900.25;6898.25;6899.5;105
20180306 091500;6899.25;6899.25;6897.5;6898.25;79
20180306 091600;6898.25;6899.5;6898;6898;67
20180306 091700;6898;6899.25;6896.75;6898.75;118
20180306 091800;6899;6902.5;6899;6902.5;61
20180306 091900;6902.25;6903.75;6901;6903;107
20180306 092000;6903.25;6904.75;6903;6903.5;75
20180306 092100;6903.75;6905.25;6903.5;6904;116
20180306 092200;6904;6905.5;6903.75;6905.5;48
20180306 092300;6905.25;6906.75;6904.5;6905.75;235
20180306 092400;6905.75;6906;6904.25;6904.75;73
20180306 092500;6905;6905.5;6903.5;6903.75;69
20180306 092600;6903.75;6904.25;6903;6904;34
20180306 092700;6904;6904;6902.5;6903;36
20180306 092800;6903.5;6904.5;6902.75;6903.5;56
20180306 092900;6903.75;6904.25;6903.25;6903.25;28
20180306 093000;6902.75;6903;6901.75;6902;69
20180306 093100;6902.25;6902.75;6901.75;6902.25;37
20180306 093200;6902;6903.75;6901.75;6903.25;31
20180306 093300;6902.75;6903.25;6902.5;6903;45
20180306 093400;6903;6905;6902.75;6904.75;81
20180306 093500;6905.25;6906.25;6904;6904.5;115
20180306 093600;6904.25;6904.5;6903;6903.75;60
20180306 093700;6903.5;6905.25;6903;6905.25;105
20180306 093800;6905;6906.5;6905;6906;56
20180306 093900;6906;6907.25;6905.25;6906.5;55
20180306 094000;6907;6907.25;6905.5;6906.5;45
20180306 094100;6906;6906.5;6904.25;6904.5;64
20180306 094200;6904.5;6904.5;6902;6903.5;105
20180306 094300;6903.25;6905.25;6903.25;6904;34
20180306 094400;6903.75;6904.5;6903.75;6904.25;14
20180306 094500;6903.75;6903.75;6900.25;6900.25;102
20180306 094600;6900.25;6902.25;6900.25;6902;65
20180306 094700;6902;6902.75;6901.5;6902;36
20180306 094800;6901.5;6902;6899;6899.5;97
20180306 094900;6899.75;6902.5;6899.5;6902;40
20180306 095000;6902.25;6903.25;6902.25;6902.5;31
20180306 095100;6902.25;6903.25;6902.25;6902.5;18
20180306 095200;6902;6903.75;6901.5;6903.5;30
20180306 095300;6904;6904.5;6902.25;6904.25;51
20180306 095400;6904;6905;6903.75;6904.75;37
20180306 095500;6904.25;6905.75;6904;6905.25;82
20180306 095600;6905;6905.75;6904;6904.25;70
20180306 095700;6904;6904.5;6903.25;6903.75;40
20180306 095800;6903.5;6903.75;6903;6903;68
20180306 095900;6903;6903;6902.5;6902.75;25
20180306 100000;6903.25;6904.75;6903.25;6904.75;36
20180306 100100;6904.5;6905.5;6903.75;6904.25;113
20180306 100200;6904;6904.25;6900.75;6901.75;122
20180306 100300;6901.75;6901.75;6896.25;6896.5;266
20180306 100400;6896.5;6899.5;6896.5;6899.25;63
20180306 100500;6899.25;6901.75;6899.25;6901.75;80
20180306 100600;6901.5;6903;6901.5;6903;40
20180306 100700;6902.75;6904.25;6902;6904;78
20180306 100800;6904;6904.75;6903.75;6904.25;41
20180306 100900;6904;6906;6903.5;6905.75;90
20180306 101000;6905.5;6905.5;6904.5;6904.75;53
20180306 101100;6904.5;6904.5;6903.5;6904.25;37
20180306 101200;6904.25;6904.25;6903;6903.5;37
20180306 101300;6903.25;6904.25;6903;6904.25;38
20180306 101400;6904.25;6904.25;6901.75;6901.75;59
20180306 101500;6901.75;6902.75;6901;6902;47
20180306 101600;6902.25;6903;6902;6902;30
20180306 101700;6902;6902.25;6901;6902;28
20180306 101800;6902;6903;6901.5;6902.75;30
20180306 101900;6902.5;6903.5;6900.75;6901;37
20180306 102000;6901.25;6902.5;6900.5;6901.75;72
20180306 102100;6901.75;6903.5;6901.75;6903;75
20180306 102200;6903.25;6904;6902;6902.25;37
20180306 102300;6901.75;6901.75;6900;6901.25;63
20180306 102400;6901.5;6902.25;6899.5;6900.25;155
20180306 102500;6900.5;6901.5;6899.75;6901;55
20180306 102600;6901.25;6902.25;6900.75;6901;67
20180306 102700;6901.25;6902.5;6901.25;6902.5;19
20180306 102800;6902;6902;6901.25;6901.25;34
20180306 102900;6901.75;6902.5;6901.5;6902.25;22
20180306 103000;6902.5;6902.75;6901;6901;25
20180306 103100;6900.75;6902;6900.75;6901.75;38
20180306 103200;6901.5;6904;6901.25;6904;72
20180306 103300;6903.75;6904;6903;6904;40
20180306 103400;6904;6905.5;6903.5;6905.5;107
20180306 103500;6905.5;6907.5;6904.75;6907.25;166
20180306 103600;6907;6907.75;6906.5;6906.75;77
20180306 103700;6906.5;6906.75;6905.5;6905.5;72
20180306 103800;6905.5;6905.75;6904.75;6905.75;31
20180306 103900;6905.75;6906.25;6905.25;6906;127
20180306 104000;6906.25;6907.75;6905.75;6907.5;88
20180306 104100;6907.25;6907.75;6906.25;6907.75;72
20180306 104200;6907.5;6912.25;6907.5;6911;363
20180306 104300;6911;6911.5;6910;6910.75;200
20180306 104400;6911;6911;6909.25;6910.5;65
20180306 104500;6910.75;6910.75;6909.25;6910.25;30
20180306 104600;6910.75;6910.75;6909.75;6910;74
20180306 104700;6910.25;6911.5;6910;6911.25;82
20180306 104800;6911;6911;6909.75;6909.75;39
20180306 104900;6909.5;6909.5;6908;6908.25;68
20180306 105000;6908.25;6909;6907.75;6908.5;90
20180306 105100;6908.25;6908.25;6907.75;6908;27
20180306 105200;6907.75;6909.25;6907.75;6909.25;39
20180306 105300;6909;6911;6909;6909.75;110
20180306 105400;6909.5;6909.5;6908.25;6909.25;49
20180306 105500;6909;6909;6907.75;6908.75;56
20180306 105600;6908.5;6908.75;6907;6907.5;100
20180306 105700;6907.25;6907.75;6907;6907.5;47
20180306 105800;6907.5;6908.5;6907;6908.5;65
20180306 105900;6908.25;6909.5;6908;6909;83
20180306 110000;6909;6909.5;6907.75;6908.25;55
20180306 110100;6908.5;6909.5;6908.25;6909.5;50
20180306 110200;6909.25;6910.25;6909.25;6909.25;93
20180306 110300;6908.75;6909.25;6908;6909;79
20180306 110400;6909.25;6909.25;6908;6908.25;27
20180306 110500;6908.25;6909;6908;6908.5;38
20180306 110600;6909;6909.25;6907.75;6907.75;83
20180306 110700;6908;6908.75;6907;6908.5;58
20180306 110800;6908.75;6911.75;6908.5;6911.25;182
20180306 110900;6911.75;6917.25;6911.75;6915;447
20180306 111000;6914.75;6914.75;6912.75;6912.75;145
20180306 111100;6913;6913.75;6912.25;6913.25;96
20180306 111200;6912.75;6914;6912.5;6913.25;78
20180306 111300;6913.25;6913.5;6912.25;6913.25;94
20180306 111400;6913.5;6916;6913.25;6915.5;170
20180306 111500;6915.25;6916;6914.75;6915.5;105
20180306 111600;6916;6918;6915;6917.75;169
20180306 111700;6917.5;6919;6917;6918;259
20180306 111800;6917.5;6919.5;6917.25;6919;127
20180306 111900;6918.5;6919.25;6917.75;6918.25;164
20180306 112000;6918.25;6920.5;6918.25;6918.5;220
20180306 112100;6918.75;6918.75;6916.75;6916.75;267
20180306 112200;6916.5;6920.25;6915.25;6919.5;128
20180306 112300;6919.25;6921.5;6918;6920.75;333
20180306 112400;6920.75;6923;6920;6921.5;208
20180306 112500;6921.25;6922.75;6920.5;6921;125
20180306 112600;6921.5;6922.75;6921;6922.25;227
20180306 112700;6922;6922.75;6919.75;6919.75;456
20180306 112800;6920;6921;6918.5;6919.75;516
20180306 112900;6919.5;6920;6918.5;6919.5;109
20180306 113000;6919.5;6920;6918;6919;96
20180306 113100;6919.25;6923;6919.25;6922.25;168
20180306 113200;6922.25;6923;6920.5;6922.5;319
20180306 113300;6922.5;6924.5;6921;6924.5;156
20180306 113400;6924.75;6925;6923.25;6924.5;198
20180306 113500;6924;6924.25;6921.5;6922.25;118
20180306 113600;6922.25;6924.75;6922.25;6923.25;145
20180306 113700;6923.25;6926;6922.5;6924.75;285
20180306 113800;6924.75;6924.75;6921.75;6922.5;142
20180306 113900;6922;6922.5;6921.25;6921.25;95
20180306 114000;6921.5;6921.75;6919.75;6920;93
20180306 114100;6920;6921.25;6916;6917.5;419
20180306 114200;6917.25;6919;6916.5;6919;261
20180306 114300;6918.75;6920;6918;6919.25;125
20180306 114400;6919.75;6922;6918.75;6921.5;298
20180306 114500;6921.25;6923;6920.75;6922.5;90
20180306 114600;6922.25;6923;6920.75;6921.75;153
20180306 114700;6922;6922.75;6920.75;6922.75;109
20180306 114800;6922.75;6923.5;6921.25;6921.25;105
20180306 114900;6921.25;6922.75;6921.25;6922;65
20180306 115000;6922;6922.25;6919.75;6919.75;87
20180306 115100;6920;6921.75;6920;6921;39
20180306 115200;6921;6921;6918.75;6918.75;73
20180306 115300;6918.75;6921.5;6918.5;6920.75;101
20180306 115400;6921.25;6921.75;6920.25;6920.5;62
20180306 115500;6920.75;6922.5;6920.75;6922.5;56
20180306 115600;6922.25;6922.75;6921.5;6922;85
20180306 115700;6922;6922;6921;6921.25;25
20180306 115800;6921.25;6921.25;6918.75;6920.5;111
20180306 115900;6920.25;6923;6920.25;6922.5;90
20180306 120000;6922.5;6923;6921.75;6922.75;54
20180306 120100;6922.75;6923;6919;6919;244
20180306 120200;6919;6919.5;6917.75;6919.5;129
20180306 120300;6919.25;6919.25;6917.75;6918.5;82
20180306 120400;6918.5;6920.25;6917.75;6918.25;86
20180306 120500;6917.75;6917.75;6917;6917.5;65
20180306 120600;6917.25;6919;6916.5;6919;107
20180306 120700;6919;6920.25;6918.5;6918.75;53
20180306 120800;6918.75;6920.25;6918.75;6919;64
20180306 120900;6919.25;6920.25;6918.25;6918.25;74
20180306 121000;6918.5;6920.75;6918;6920.5;69
20180306 121100;6920.25;6921;6919.25;6919.25;63
20180306 121200;6919.5;6919.5;6917.5;6918.75;69
20180306 121300;6919.25;6920.25;6919.25;6919.25;35
20180306 121400;6919.5;6920;6919.5;6919.75;22
20180306 121500;6919.75;6920;6918;6919;79
20180306 121600;6919.25;6921.25;6919;6921.25;70
20180306 121700;6921;6923;6921;6922.75;131
20180306 121800;6922.5;6923;6920;6921.25;257
20180306 121900;6921.25;6923;6921.25;6922.75;357
20180306 122000;6922.75;6922.75;6920.5;6921.25;40
20180306 122100;6921.25;6922.75;6921;6921.25;94
20180306 122200;6921.5;6921.75;6919.75;6919.75;95
20180306 122300;6919.75;6921;6919.75;6920;31
20180306 122400;6919.75;6920.5;6919.25;6919.25;62
20180306 122500;6919.5;6920.25;6919.25;6919.5;36
20180306 122600;6919;6919.25;6918.25;6918.5;32
20180306 122700;6918.5;6919.25;6918;6918.25;119
20180306 122800;6918;6918;6917.25;6917.25;32
20180306 122900;6917.25;6917.75;6917;6917.25;57
20180306 123000;6917;6917;6913;6913.25;228
20180306 123100;6913;6916;6912.25;6914.5;311
20180306 123200;6914.25;6914.25;6912.5;6913.25;100
20180306 123300;6913.25;6915.25;6912.25;6915;59
20180306 123400;6915.5;6916;6913.5;6915.75;128
20180306 123500;6916;6916.75;6914.75;6916.5;152
20180306 123600;6916.25;6918;6915.75;6917.5;115
20180306 123700;6917.5;6918.5;6917.25;6918;98
20180306 123800;6918.25;6918.25;6915.25;6915.75;78
20180306 123900;6915.75;6918.5;6915.25;6916.5;97
20180306 124000;6916.25;6916.75;6915.5;6915.75;20
20180306 124100;6915.25;6916.5;6915.25;6916.5;28
20180306 124200;6916.75;6917.25;6916.25;6916.25;30
20180306 124300;6916.75;6919;6916.75;6918.75;57
20180306 124400;6918.25;6919.25;6917.75;6918;67
20180306 124500;6918.5;6919.75;6918.25;6918.25;95
20180306 124600;6918.25;6920.75;6918.25;6920.25;131
20180306 124700;6920.5;6920.75;6919.75;6919.75;68
20180306 124800;6919.75;6921;6919.5;6920.5;78
20180306 124900;6920.5;6921.5;6920.25;6920.75;68
20180306 125000;6920.75;6921.25;6920;6920;27
20180306 125100;6920;6921;6919.75;6920.5;51
20180306 125200;6920.75;6922;6920.75;6921.75;147
20180306 125300;6921.5;6922.5;6921;6922;52
20180306 125400;6921.5;6921.5;6920;6921.25;99
20180306 125500;6921;6922.5;6920.5;6920.5;92
20180306 125600;6920.75;6921.25;6919.75;6919.75;204
20180306 125700;6919.75;6921.5;6919.25;6920.5;145
20180306 125800;6920.75;6921;6917.25;6920.75;147
20180306 125900;6920.5;6921.75;6919;6921.5;67
20180306 130000;6921.5;6922;6921;6922;53
20180306 130100;6921.75;6922.75;6919.25;6920;216
20180306 130200;6920;6920;6917.75;6919;89
20180306 130300;6919.25;6922.75;6918.75;6922.5;202
20180306 130400;6922.25;6923.75;6922;6923;241
20180306 130500;6923.25;6923.5;6922.75;6923;82
20180306 130600;6923.25;6923.25;6922.75;6922.75;69
20180306 130700;6922.5;6923;6922.25;6923;26
20180306 130800;6922.5;6922.75;6921.75;6922.25;85
20180306 130900;6922;6922.5;6920.25;6922.25;147
20180306 131000;6922;6922;6921;6921;40
20180306 131100;6920.75;6921.5;6920.25;6921.25;56
20180306 131200;6921.25;6922.25;6921;6922.25;71
20180306 131300;6922;6922;6920.5;6920.75;59
20180306 131400;6920.75;6921;6917.5;6918;175
20180306 131500;6918;6921.5;6918;6921.5;131
20180306 131600;6921.5;6922.5;6921.25;6921.75;132
20180306 131700;6921.25;6922.5;6921;6921.75;90
20180306 131800;6922;6922.5;6921.75;6922.25;55
20180306 131900;6922.5;6922.5;6922.25;6922.25;41
20180306 132000;6922;6922.5;6921.75;6922.25;51
20180306 132100;6922.5;6922.75;6918.75;6919.25;213
20180306 132200;6919.25;6920;6917.75;6918.5;337
20180306 132300;6918.5;6919;6917.75;6918.25;123
20180306 132400;6918.25;6919.25;6918.25;6919.25;68
20180306 132500;6919.25;6919.5;6917.25;6917.5;213
20180306 132600;6917.5;6918.25;6916.75;6917.75;132
20180306 132700;6918;6919;6918;6918.5;67
20180306 132800;6918.5;6918.75;6918.25;6918.5;41
20180306 132900;6918.5;6918.5;6916.75;6916.75;143
20180306 133000;6916.75;6917.5;6915.75;6916;127
20180306 133100;6916;6916.25;6913.25;6914;185
20180306 133200;6914.25;6915.75;6913.25;6914.25;184
20180306 133300;6914;6916;6913.75;6915.5;183
20180306 133400;6915.75;6917.25;6915.5;6917.25;91
20180306 133500;6917.25;6918.5;6917;6917.75;138
20180306 133600;6917.5;6918;6916.75;6917.5;161
20180306 133700;6917.25;6918;6917;6917.75;73
20180306 133800;6917.5;6918.5;6916.5;6916.5;92
20180306 133900;6916.5;6916.75;6916;6916.25;71
20180306 134000;6916;6916;6914.5;6914.5;83
20180306 134100;6914.5;6914.75;6913;6913;192
20180306 134200;6913.5;6916.5;6913.25;6916;193
20180306 134300;6916;6917.25;6915;6917;112
20180306 134400;6917.25;6919;6916.5;6917;436
20180306 134500;6917.5;6918.5;6916.5;6917.5;141
20180306 134600;6917.25;6917.5;6914.75;6915.25;115
20180306 134700;6914.75;6917;6914.75;6916;137
20180306 134800;6915.75;6917;6915.5;6916.5;59
20180306 134900;6916.25;6916.25;6913.5;6915.5;164
20180306 135000;6915.5;6915.5;6909.5;6911;379
20180306 135100;6911;6911.5;6909.5;6909.75;269
20180306 135200;6910;6911.5;6909.5;6911.25;233
20180306 135300;6911.5;6911.75;6909.25;6910.5;159
20180306 135400;6910.5;6911.5;6908.25;6909.75;234
20180306 135500;6909.5;6911.5;6908.5;6909;193
20180306 135600;6909;6911.25;6909;6910;145
20180306 135700;6910;6912.5;6910;6910.75;213
20180306 135800;6911;6913.75;6910;6913.5;179
20180306 135900;6913.5;6914.75;6912.75;6914;197
20180306 140000;6914;6914;6912;6913.5;153
20180306 140100;6913.25;6916;6913;6915.25;236
20180306 140200;6915;6915;6908.25;6908.75;416
20180306 140300;6908.5;6911;6908.5;6909.25;204
20180306 140400;6909.25;6915.25;6909;6912.5;566
20180306 140500;6912.5;6917.25;6912.25;6916.5;246
20180306 140600;6916.25;6917;6915;6916.25;202
20180306 140700;6916.25;6917.75;6915.75;6917;143
20180306 140800;6916.75;6916.75;6912.25;6914.5;256
20180306 140900;6915;6917.25;6915;6916.5;105
20180306 141000;6916.75;6919.5;6916.75;6918.5;215
20180306 141100;6918.25;6919.25;6917;6917.25;146
20180306 141200;6917.5;6919;6917;6919;122
20180306 141300;6919;6919.75;6917.5;6917.75;182
20180306 141400;6917.75;6919.5;6916.75;6918.5;105
20180306 141500;6918;6920.75;6917.75;6919.25;209
20180306 141600;6919;6919.5;6918;6918.25;86
20180306 141700;6918.25;6919;6917.75;6918;94
20180306 141800;6918;6918.75;6918;6918.75;37
20180306 141900;6918.5;6918.75;6918;6918;42
20180306 142000;6918.25;6918.5;6917.5;6917.5;75
20180306 142100;6917.5;6917.75;6916;6916.25;190
20180306 142200;6916.5;6920.5;6916.5;6919.75;348
20180306 142300;6920.25;6921.25;6918.75;6919.5;295
20180306 142400;6919.5;6921.5;6919.5;6920;159
20180306 142500;6920.25;6920.25;6917.5;6917.75;278
20180306 142600;6917.75;6918.25;6917;6917.25;149
20180306 142700;6917.5;6918.75;6917.5;6918.25;91
20180306 142800;6918.25;6918.5;6917.75;6917.75;86
20180306 142900;6917.75;6920.5;6917.75;6919.5;384
20180306 143000;6919.5;6920.5;6917;6918.25;628
20180306 143100;6918;6923.5;6916.75;6923.5;2622
20180306 143200;6923.5;6924;6911.25;6918.5;2855
20180306 143300;6918.5;6921.25;6911.75;6915.25;1924
20180306 143400;6914.75;6919.75;6912;6918.75;2353
20180306 143500;6918.5;6925.25;6916.75;6922;2552
20180306 143600;6922;6925;6908.5;6913.25;2941
20180306 143700;6913.25;6920.25;6908.5;6916.5;2922
20180306 143800;6916.5;6917.25;6906.5;6909.25;2530
20180306 143900;6909;6915.25;6907.25;6914.5;1900
20180306 144000;6914.25;6914.75;6906.5;6907.25;1817
20180306 144100;6907;6912;6905.5;6911.75;1990
20180306 144200;6912;6913;6909.25;6910.75;1267
20180306 144300;6910.75;6912;6906;6911.5;1231
20180306 144400;6911.25;6911.75;6905.75;6906.75;1229
20180306 144500;6907;6911.75;6902;6903;2639
20180306 144600;6902.5;6905.25;6899.5;6901.25;2487
20180306 144700;6901.5;6902.75;6898;6902.5;1591
20180306 144800;6902.25;6909.5;6902.25;6908;1748
20180306 144900;6907.75;6913;6905;6912.75;1029
20180306 145000;6912.5;6916;6909.75;6915.75;2069
20180306 145100;6915.75;6919;6915;6917.25;1317
20180306 145200;6917.5;6918.25;6914.5;6915.5;1537
20180306 145300;6915.5;6923.5;6914;6923.25;1757
20180306 145400;6923;6923.5;6920;6920.75;1159
20180306 145500;6920.25;6924;6919.5;6922.75;1746
20180306 145600;6922.75;6927.5;6921.75;6925.5;1428
20180306 145700;6925.25;6933;6925.25;6930.5;2300
20180306 145800;6930.75;6933.75;6929;6929.75;1427
20180306 145900;6929.75;6933;6928.75;6931.75;896
20180306 150000;6931.5;6932.75;6928.5;6929;962
20180306 150100;6929;6936;6928.5;6935.25;1625
20180306 150200;6935.25;6935.5;6927.5;6928.25;1933
20180306 150300;6928.5;6930.25;6925.5;6925.75;1468
20180306 150400;6926;6927.5;6921.5;6922.75;1416
20180306 150500;6922.5;6922.5;6917;6917.5;2046
20180306 150600;6917.75;6922;6915;6921;1282
20180306 150700;6921.25;6922;6917.5;6921.75;967
20180306 150800;6922;6927.25;6919.75;6920;1904
20180306 150900;6919.75;6922;6914.25;6914.25;1550
20180306 151000;6914.5;6917.75;6911.5;6914.25;1815
20180306 151100;6914.5;6916.75;6909;6910.5;1626
20180306 151200;6910.5;6914.75;6908;6912.75;1343
20180306 151300;6912.75;6916.75;6910.25;6916.25;947
20180306 151400;6916.25;6916.25;6913;6915.5;625
20180306 151500;6916;6921;6916;6918.5;1377
20180306 151600;6918.5;6923.75;6917.75;6923.75;1308
20180306 151700;6923.25;6924;6920.5;6922.75;954
20180306 151800;6922.75;6923;6920.25;6920.5;603
20180306 151900;6920.75;6922;6918.5;6921.75;796
20180306 152000;6921.5;6923.75;6921.25;6923;1010
20180306 152100;6922.75;6923.25;6918.5;6921.5;863
20180306 152200;6921.5;6922.75;6916.5;6917.75;990
20180306 152300;6917.75;6918;6913.25;6916.5;921
20180306 152400;6916.5;6926.5;6916.5;6926.25;1559
20180306 152500;6926.25;6930.25;6926;6928.5;1455
20180306 152600;6928.25;6932.75;6926.75;6932.75;1277
20180306 152700;6932.75;6933.75;6928.5;6931.75;1246
20180306 152800;6931.75;6932.5;6928.75;6930.75;839
20180306 152900;6930.75;6935;6928;6933.75;1137
20180306 153000;6934;6937.75;6932.5;6934;1683
20180306 153100;6934;6939.25;6934;6937.5;1880
20180306 153200;6937;6939;6936.5;6937;688
20180306 153300;6936.75;6938.5;6934.75;6935;1002
20180306 153400;6934.75;6938.25;6934.25;6934.25;666
20180306 153500;6934.25;6934.75;6929.75;6932;843
20180306 153600;6932;6932.75;6929;6929;841
20180306 153700;6929;6931.75;6927.75;6931.25;868
20180306 153800;6931.5;6933;6926.25;6927;1064
20180306 153900;6927;6931.5;6925.5;6931.5;809
20180306 154000;6931.5;6935;6929.25;6932.5;1085
20180306 154100;6932.75;6932.75;6927.25;6929.25;1347
20180306 154200;6929.25;6931.5;6927.25;6928.25;900
20180306 154300;6928;6930;6925;6925;674
20180306 154400;6924.75;6931.25;6924.25;6929.5;967
20180306 154500;6929.5;6934;6928.75;6932.5;942
20180306 154600;6932.5;6933.25;6928.5;6929;500
20180306 154700;6928.75;6930.5;6925.25;6929.75;833
20180306 154800;6929.75;6929.75;6919;6920.25;1643
20180306 154900;6920;6921.75;6915.25;6915.75;1211
20180306 155000;6916;6917;6912;6912.5;1290
20180306 155100;6912.75;6914;6909.75;6913.25;1313
20180306 155200;6913;6916;6911.75;6914;1223
20180306 155300;6914;6915;6906.5;6907.25;2172
20180306 155400;6907.25;6910.75;6905;6910.75;1310
20180306 155500;6910.75;6910.75;6900.75;6903;2373
20180306 155600;6903;6906.75;6901;6906;1476
20180306 155700;6906;6908.5;6905;6907.5;991
20180306 155800;6907.25;6908;6889;6889;3290
20180306 155900;6889;6896;6888.5;6891.5;2261
20180306 160000;6891.75;6895.5;6888;6892.25;2286
20180306 160100;6892.5;6892.75;6886.25;6888.75;1936
20180306 160200;6888.5;6897.5;6886.75;6896.75;1431
20180306 160300;6896.75;6900.25;6895.5;6900;990
20180306 160400;6899.5;6900.5;6888.25;6889.75;1564
20180306 160500;6889.5;6897.5;6888.25;6894;1437
20180306 160600;6894.25;6898.75;6893.75;6897.5;939
20180306 160700;6897.5;6900.25;6893;6899;924
20180306 160800;6899;6901.5;6895;6901.25;898
20180306 160900;6901.25;6901.75;6891.75;6892.25;1307
20180306 161000;6892.75;6900.75;6891.75;6898;1374
20180306 161100;6897.5;6900.5;6895.25;6895.5;1009
20180306 161200;6895.25;6897.5;6891.75;6892.75;785
20180306 161300;6893.25;6894.25;6887.5;6888.25;1322
20180306 161400;6888.25;6896.75;6888;6894;2060
20180306 161500;6894;6899.25;6891.25;6897.5;2164
20180306 161600;6897.5;6897.75;6890.25;6893.75;1366
20180306 161700;6893.5;6894.5;6889.25;6892.75;957
20180306 161800;6892.75;6893.75;6885.25;6892.25;1362
20180306 161900;6892.25;6900.75;6892;6900.25;1345
20180306 162000;6900.5;6902.25;6897.5;6898.25;1139
20180306 162100;6898.25;6898.5;6892;6892.5;803
20180306 162200;6892.5;6894;6889.25;6889.5;1074
20180306 162300;6889.5;6893.5;6884.25;6885.75;1379
20180306 162400;6886;6889;6880.5;6881.25;1366
20180306 162500;6881.25;6884;6878.5;6882.75;1527
20180306 162600;6882.75;6883;6875;6882;2426
20180306 162700;6882;6883.25;6878.75;6880.25;1315
20180306 162800;6880.25;6880.25;6873;6874.75;1850
20180306 162900;6875;6879;6873.5;6878.75;1128
20180306 163000;6878.5;6880;6873;6880;1044
20180306 163100;6880;6882.25;6877;6879.75;1125
20180306 163200;6879.5;6880.25;6875.5;6875.5;702
20180306 163300;6876;6883;6875.75;6880;987
20180306 163400;6880;6886;6879;6884.5;1096
20180306 163500;6884.25;6885.25;6881.25;6881.5;512
20180306 163600;6881.5;6886.25;6881.25;6885.5;753
20180306 163700;6885.25;6889.25;6883.75;6888;1010
20180306 163800;6887.75;6888;6879.75;6880.75;1306
20180306 163900;6880.75;6883;6877.25;6879.25;554
20180306 164000;6879.25;6883.75;6877.75;6878.25;570
20180306 164100;6878.25;6879.5;6873.5;6875.5;1094
20180306 164200;6875.5;6882;6871.75;6882;1478
20180306 164300;6882;6885.5;6880.25;6884.5;956
20180306 164400;6884.75;6890.5;6884;6889.75;895
20180306 164500;6890;6890.5;6886.25;6886.75;526
20180306 164600;6887;6892.25;6886.5;6891.5;664
20180306 164700;6891.75;6894.75;6890.25;6894.25;830
20180306 164800;6894;6897;6892;6896.25;1088
20180306 164900;6896.25;6896.5;6893.75;6896;628
20180306 165000;6896;6898.25;6895.25;6897.5;582
20180306 165100;6897.5;6898.75;6892.5;6894;1047
20180306 165200;6894;6896.25;6893.5;6896.25;311
20180306 165300;6896.25;6896.5;6892;6892;382
20180306 165400;6892;6896.5;6892;6896.25;326
20180306 165500;6896.25;6897.75;6894;6897.25;399
20180306 165600;6897.5;6897.75;6891.5;6892.75;699
20180306 165700;6892.5;6896.25;6892.5;6893.25;422
20180306 165800;6893.75;6896.75;6890.75;6896.5;496
20180306 165900;6896.25;6902;6896.25;6900.75;1159
20180306 170000;6900.75;6903.5;6900.25;6903;748
20180306 170100;6902.75;6904.5;6901.5;6903.5;673
20180306 170200;6903.5;6904;6900;6900.75;483
20180306 170300;6901;6903;6898.5;6902.5;655
20180306 170400;6902.25;6903.75;6899.5;6903.25;618
20180306 170500;6903.25;6903.75;6897.25;6901;703
20180306 170600;6901;6904;6900.25;6901.75;470
20180306 170700;6901.75;6902.75;6896.25;6898;578
20180306 170800;6897.5;6898;6893.25;6895.25;1567
20180306 170900;6895.25;6899.75;6895.25;6899.5;549
20180306 171000;6899.5;6902.25;6898;6900.25;668
20180306 171100;6900.25;6902.5;6898.75;6900.5;582
20180306 171200;6900.75;6903.5;6899.25;6900.75;544
20180306 171300;6900.75;6904;6899.75;6902;473
20180306 171400;6902.25;6907.25;6902;6905.5;1126
20180306 171500;6905.75;6906.25;6903.5;6904.25;688
20180306 171600;6904.25;6906.5;6899;6900.75;804
20180306 171700;6900.5;6904;6898.25;6903;542
20180306 171800;6902.75;6905;6901.75;6902.75;310
20180306 171900;6902.75;6905.25;6902.25;6904.75;310
20180306 172000;6904.5;6904.5;6901.75;6902.75;438
20180306 172100;6902.75;6904;6901.75;6903.75;307
20180306 172200;6903.5;6904.75;6902;6902.75;305
20180306 172300;6903;6903;6898;6898.75;618
20180306 172400;6898.75;6899.5;6891.75;6893.75;1109
20180306 172500;6893.75;6897;6893.5;6896;559
20180306 172600;6896.25;6898;6895;6898;364
20180306 172700;6898;6898.75;6894;6898.75;571
20180306 172800;6898.5;6900.25;6895.75;6896.75;611
20180306 172900;6896.75;6899.25;6893.75;6893.75;381
20180306 173000;6893.75;6895;6891.25;6893.25;738
20180306 173100;6893.25;6896;6890.5;6895.5;605
20180306 173200;6895.25;6896.75;6892.25;6896.25;345
20180306 173300;6897;6897.25;6891.5;6891.75;407
20180306 173400;6891.75;6895;6890.5;6891;546
20180306 173500;6891;6896;6891;6895.25;378
20180306 173600;6895.5;6897.5;6892.75;6895;503
20180306 173700;6894.75;6895.75;6891.5;6893.5;331
20180306 173800;6893.5;6899.75;6892.5;6899.25;727
20180306 173900;6899;6901;6896.75;6898.25;760
20180306 174000;6898;6900.5;6896.75;6899.5;333
20180306 174100;6899.25;6899.75;6896.25;6899.75;399
20180306 174200;6899.25;6903.5;6899;6903.25;889
20180306 174300;6902.75;6904;6901.75;6903.5;519
20180306 174400;6903.25;6909.25;6902.25;6909.25;972
20180306 174500;6909.25;6911.75;6908.5;6910;802
20180306 174600;6909.75;6911.75;6909.5;6910.25;569
20180306 174700;6910.5;6910.5;6906.5;6906.75;376
20180306 174800;6906.5;6910;6906.5;6909.25;427
20180306 174900;6909.5;6909.75;6906;6907.25;438
20180306 175000;6906.75;6911;6906;6910.25;288
20180306 175100;6910.5;6913.5;6910;6912.75;798
20180306 175200;6912.75;6915.5;6912;6914.25;646
20180306 175300;6914;6915.75;6913;6915.75;408
20180306 175400;6915.5;6916;6912;6913;618
20180306 175500;6913.25;6913.25;6910.25;6910.75;317
20180306 175600;6910.75;6913.25;6910.25;6911.75;171
20180306 175700;6911.5;6922.25;6911.5;6919.5;2054
20180306 175800;6920;6921;6916.25;6920.5;697
20180306 175900;6920.5;6922;6918.5;6919.5;1016
20180306 180000;6919.25;6922.5;6918;6922;668
20180306 180100;6922.25;6926;6921.25;6925;1310
20180306 180200;6925.5;6926.5;6922.75;6923.75;856
20180306 180300;6923.75;6925.75;6923;6923.25;538
20180306 180400;6923.25;6924;6918.5;6920;949
20180306 180500;6919.75;6921.5;6918.75;6919.25;746
20180306 180600;6919.5;6922.5;6918.5;6921.75;415
20180306 180700;6922.5;6925.75;6920.75;6925.75;950
20180306 180800;6925.25;6926;6922.75;6926;914
20180306 180900;6926.25;6926.25;6923;6924.5;499
20180306 181000;6924.5;6924.5;6920.5;6921.75;378
20180306 181100;6921.75;6925.5;6921.75;6925.25;337
20180306 181200;6925.25;6927.25;6923;6923.75;369
20180306 181300;6924;6924.5;6919.75;6921.5;472
20180306 181400;6921.5;6923;6920.25;6922.75;424
20180306 181500;6923;6924;6920.25;6920.25;616
20180306 181600;6920.5;6924.5;6920.25;6924.5;341
20180306 181700;6924.5;6926.5;6921;6921.25;691
20180306 181800;6921.5;6923.5;6919.75;6923.25;615
20180306 181900;6923;6924;6915.75;6918.25;1125
20180306 182000;6918.25;6918.75;6915.25;6917;650
20180306 182100;6917;6918;6913;6915.5;1153
20180306 182200;6915.75;6916.25;6913.25;6915;441
20180306 182300;6915;6920;6915;6918;545
20180306 182400;6917.5;6920.75;6916.5;6918.25;693
20180306 182500;6918;6918.75;6915.75;6917.75;345
20180306 182600;6917.75;6917.75;6913.75;6915.25;415
20180306 182700;6915;6919.25;6914;6918.75;312
20180306 182800;6918.5;6921.25;6918.5;6920.25;366
20180306 182900;6920;6921.75;6916.75;6917;512
20180306 183000;6917.5;6920.25;6916.75;6917.75;430
20180306 183100;6918.25;6921.75;6916.25;6921.75;416
20180306 183200;6921.5;6921.5;6913;6913;982
20180306 183300;6913;6916.25;6912.25;6913.75;569
20180306 183400;6913.75;6915.5;6912.5;6914.25;405
20180306 183500;6914.25;6916.5;6913;6915.5;343
20180306 183600;6915.25;6916.25;6913.5;6914.25;240
20180306 183700;6914.25;6914.75;6911;6912.5;688
20180306 183800;6912;6912.75;6909.75;6912.75;583
20180306 183900;6912.5;6913.75;6910.5;6913.25;297
20180306 184000;6913;6913.75;6911;6912.5;284
20180306 184100;6912.25;6915.5;6912;6914.75;438
20180306 184200;6914.5;6915.25;6913.5;6915;262
20180306 184300;6915;6915.5;6913.5;6914.75;263
20180306 184400;6914.5;6917.5;6913.75;6914;508
20180306 184500;6913.75;6914.5;6911.25;6914.25;337
20180306 184600;6914.25;6917;6909.75;6911;496
20180306 184700;6910.75;6912.75;6908.25;6909.25;687
20180306 184800;6909;6909.5;6903.25;6903.5;807
20180306 184900;6903.25;6904.5;6901.25;6902.75;625
20180306 185000;6902.5;6904;6899;6900;660
20180306 185100;6900;6903.5;6898.25;6902.5;742
20180306 185200;6902.25;6902.75;6899.75;6902.5;841
20180306 185300;6902.25;6904.25;6900.5;6903.75;551
20180306 185400;6903.75;6904.75;6900.75;6901.25;487
20180306 185500;6901.25;6903.25;6900.25;6903.25;272
20180306 185600;6902.75;6902.75;6896.5;6900;954
20180306 185700;6899.75;6899.75;6894.25;6896;763
20180306 185800;6895.75;6898.5;6895;6896.5;416
20180306 185900;6896.5;6899.75;6895.25;6899.5;297
20180306 190000;6899.5;6901.25;6898.25;6900.5;342
20180306 190100;6900.25;6907.5;6900;6907.25;1787
20180306 190200;6906.75;6906.75;6901.25;6902;810
20180306 190300;6901.75;6904.5;6899.75;6903;573
20180306 190400;6903;6903.5;6901.25;6902.5;382
20180306 190500;6902.5;6904.25;6901.75;6902;512
20180306 190600;6901.75;6901.75;6896.75;6899.5;481
20180306 190700;6899.5;6899.5;6892.25;6895.75;1104
20180306 190800;6896.25;6899;6895.25;6898.25;449
20180306 190900;6898.25;6903.5;6898;6903;588
20180306 191000;6903;6904.75;6901;6902.75;408
20180306 191100;6902.5;6904;6899.5;6904;427
20180306 191200;6904.25;6906.75;6903.25;6903.75;583
20180306 191300;6903.5;6903.5;6899.25;6900;595
20180306 191400;6899.75;6902.5;6897;6900.25;731
20180306 191500;6900.5;6901.75;6897.5;6900;481
20180306 191600;6900;6900.25;6894.75;6897.5;795
20180306 191700;6898;6899;6895;6896.25;467
20180306 191800;6896.25;6900;6895;6899;792
20180306 191900;6899.25;6900.75;6896.75;6899.25;362
20180306 192000;6899.25;6902;6899.25;6899.25;374
20180306 192100;6899.5;6903.5;6899.25;6903;368
20180306 192200;6903;6904;6899.5;6901.25;457
20180306 192300;6901;6906.75;6900;6905.75;655
20180306 192400;6905.5;6906.25;6903.25;6903.25;649
20180306 192500;6903.25;6904.25;6901.75;6903.75;182
20180306 192600;6903.75;6904.75;6902;6902.25;264
20180306 192700;6902;6904.75;6902;6903.25;208
20180306 192800;6903;6903.75;6897.5;6897.75;709
20180306 192900;6897.25;6900.5;6897;6900.25;365
20180306 193000;6900.25;6900.75;6898;6898.75;261
20180306 193100;6899;6901.75;6899;6901.5;262
20180306 193200;6901.5;6904;6901;6904;335
20180306 193300;6903.75;6904.5;6900.5;6904.25;378
20180306 193400;6904.25;6905.5;6903;6904.75;352
20180306 193500;6905.25;6908.75;6903.5;6908.5;734
20180306 193600;6908.25;6913.25;6907.5;6912.75;1220
20180306 193700;6912.75;6914.5;6911.5;6912.5;535
20180306 193800;6912.75;6914.5;6911.25;6913.25;580
20180306 193900;6913.25;6917.25;6911.75;6915.5;779
20180306 194000;6915.25;6916.5;6913.75;6915.75;379
20180306 194100;6915.75;6917.75;6915.25;6916.25;411
20180306 194200;6916.25;6918;6915;6917.25;788
20180306 194300;6917;6918.5;6915.25;6916.5;532
20180306 194400;6916.5;6917;6913;6915;512
20180306 194500;6915;6916.25;6913.25;6916;320
20180306 194600;6915.75;6916;6914.75;6915.25;255
20180306 194700;6915.5;6916.25;6913.25;6914.25;215
20180306 194800;6914;6915.5;6913.5;6915.25;175
20180306 194900;6915.25;6916.75;6914.25;6915.75;294
20180306 195000;6916;6922;6916;6921.75;1242
20180306 195100;6921.5;6922;6919;6919;637
20180306 195200;6919;6921.5;6919;6920.5;201
20180306 195300;6921;6921.5;6919.5;6920.75;254
20180306 195400;6920.5;6920.75;6917.25;6920;297
20180306 195500;6920;6920.25;6915;6915.75;358
20180306 195600;6915;6918.5;6915;6917.5;359
20180306 195700;6917.5;6919;6915;6915.75;313
20180306 195800;6915.75;6916.75;6914.25;6916;259
20180306 195900;6916;6916.5;6914;6915.25;242
20180306 200000;6915.5;6915.75;6913.75;6914.25;254
20180306 200100;6914.5;6914.5;6911.25;6913.75;539
20180306 200200;6913.75;6916.5;6913.25;6915.5;433
20180306 200300;6915.5;6915.5;6911.25;6911.5;407
20180306 200400;6911.25;6911.75;6903.75;6906.25;1034
20180306 200500;6906;6907;6903.75;6906.5;688
20180306 200600;6906.75;6909.75;6906.75;6909.25;414
20180306 200700;6909;6910;6908.5;6909.5;344
20180306 200800;6909.5;6911.5;6908.25;6909.5;311
20180306 200900;6909.25;6911.25;6908;6910.75;229
20180306 201000;6910.75;6912.75;6910.5;6911.5;312
20180306 201100;6911.5;6911.75;6909;6910;148
20180306 201200;6910;6912.5;6909.5;6911.5;239
20180306 201300;6911.5;6911.5;6906.5;6907.25;310
20180306 201400;6907;6907;6904.25;6905.5;352
20180306 201500;6905.25;6906;6900.75;6901.25;617
20180306 201600;6901;6904;6901;6903.5;289
20180306 201700;6903.5;6905.75;6903.25;6905.25;424
20180306 201800;6905;6905.5;6900.75;6901.25;482
20180306 201900;6901.5;6901.5;6898;6900.25;1026
20180306 202000;6900;6904;6899.75;6903.25;386
20180306 202100;6903;6905;6902;6905;346
20180306 202200;6904.75;6906.5;6903.25;6904;369
20180306 202300;6904;6905;6902.5;6904.25;179
20180306 202400;6904.25;6907;6903.75;6906;541
20180306 202500;6906;6906;6902.5;6902.75;186
20180306 202600;6902.75;6904;6900.5;6900.5;518
20180306 202700;6900.25;6911.5;6898.75;6910.25;1664
20180306 202800;6910;6910.25;6907.25;6908.5;524
20180306 202900;6908.25;6910.5;6906.75;6910;403
20180306 203000;6910;6910.5;6907.75;6908;390
20180306 203100;6908;6911.25;6907.5;6911.25;398
20180306 203200;6911.25;6914.75;6911;6914.25;572
20180306 203300;6914.25;6914.75;6912.75;6914.25;390
20180306 203400;6914.25;6916.25;6913.25;6915.25;346
20180306 203500;6915.25;6916;6913.75;6913.75;464
20180306 203600;6913.75;6915;6913.5;6914.25;213
20180306 203700;6914;6915.75;6913.75;6914.25;241
20180306 203800;6914.5;6916;6913.25;6915.25;271
20180306 203900;6915.5;6915.5;6913.5;6914.75;230
20180306 204000;6914.5;6914.75;6910.5;6910.75;374
20180306 204100;6911;6913.75;6910.5;6912.75;369
20180306 204200;6912.75;6915;6911.5;6914.75;218
20180306 204300;6914.5;6915;6911;6912.5;286
20180306 204400;6912.5;6912.5;6907.5;6908;488
20180306 204500;6908.25;6910;6907.75;6908;445
20180306 204600;6908;6913.5;6907.5;6912.75;659
20180306 204700;6912.75;6914;6911;6914;295
20180306 204800;6914;6914;6904.75;6904.75;840
20180306 204900;6904.5;6907.5;6903.25;6905.25;658
20180306 205000;6905;6907.25;6901.5;6905;630
20180306 205100;6905.25;6914;6903.5;6911.5;1595
20180306 205200;6911.5;6913.5;6910.5;6911.25;524
20180306 205300;6911;6911.75;6909.5;6911.25;536
20180306 205400;6911.25;6912.75;6910.75;6910.75;305
20180306 205500;6910.25;6911.25;6908.5;6909;452
20180306 205600;6908.75;6908.75;6903.75;6905.25;784
20180306 205700;6905;6907;6902.75;6907;696
20180306 205800;6906.75;6908.25;6905.5;6906.5;807
20180306 205900;6906.5;6909.75;6904.75;6908.5;1029
20180306 210000;6908.5;6914.75;6907.75;6914.25;3752
20180306 210100;6914.5;6916.75;6910.75;6915.75;2747
20180306 210200;6915.75;6918.5;6915.5;6918.25;822
20180306 210300;6918.25;6918.25;6912.5;6913.25;571
20180306 210400;6913;6913.5;6912;6913;474
20180306 210500;6913.25;6913.25;6912;6912;286
20180306 210600;6912;6913;6910;6910.5;361
20180306 210700;6910.75;6911.5;6909.5;6911;278
20180306 210800;6911;6911;6909.25;6909.5;224
20180306 210900;6909.75;6910.25;6909.5;6910;102
20180306 211000;6909.75;6910.25;6908.75;6909;304
20180306 211100;6908.75;6911.5;6908.5;6911.5;376
20180306 211200;6911.75;6911.75;6909.75;6910.5;153
20180306 211300;6910.75;6911.5;6910.25;6911.25;106
20180306 211400;6911.5;6911.75;6910;6910.5;140
20180306 211500;6910.75;6912.75;6906;6906;1534
20180306 213100;6906.75;6908.5;6905.75;6907.75;101
20180306 213200;6907.75;6908.25;6907;6907;34
20180306 213300;6907.25;6909.25;6907.25;6909.25;36
20180306 213400;6909.25;6909.5;6909;6909.25;17
20180306 213500;6909;6909;6908.75;6908.75;3
20180306 213600;6909;6909;6908.5;6908.75;8
20180306 213700;6908.75;6908.75;6908.75;6908.75;4
20180306 213800;6908.75;6908.75;6908.5;6908.5;5
20180306 213900;6908.75;6909;6908.5;6908.5;7
20180306 214000;6908.25;6908.25;6907.75;6907.75;5
20180306 214100;6907.75;6908;6907.25;6908;24
20180306 214200;6908;6908.5;6908;6908.25;29
20180306 214300;6909;6909.75;6909;6909.75;12
20180306 214400;6909.75;6910.25;6909.75;6910.25;5
20180306 214500;6910.5;6910.75;6910;6910.25;10
20180306 214600;6910.25;6910.5;6910.25;6910.25;12
20180306 214700;6910.5;6910.75;6910.5;6910.5;4
20180306 214800;6910.25;6910.25;6909.25;6909.25;5
20180306 214900;6909;6909.5;6908.5;6909.5;6
20180306 215000;6910;6910.5;6910;6910.5;13
20180306 215100;6910.75;6912.5;6910.5;6911;66
20180306 215200;6911.25;6911.25;6911;6911;10
20180306 215300;6911;6911.25;6911;6911.25;25
20180306 215400;6911;6911.5;6911;6911.5;37
20180306 215500;6911.5;6911.75;6910.25;6910.5;49
20180306 215600;6910;6910.75;6910;6910;17
20180306 215700;6909.75;6910.5;6909;6909.5;18
20180306 215800;6909.5;6910.25;6909;6910.25;51
20180306 215900;6909.5;6910;6909;6909;12
20180306 220000;6909.25;6910.25;6909.25;6910;18
20180306 230100;6858;6858;6828.25;6839.25;1341
20180306 230200;6837.75;6837.75;6825;6835.25;528
20180306 230300;6834.75;6841;6834.5;6836.25;251
20180306 230400;6835.5;6846.25;6833;6845.5;282
20180306 230500;6846.5;6858.25;6844.75;6849;393
20180306 230600;6848.75;6850.75;6844;6849.25;234
20180306 230700;6850;6852.25;6846.25;6849;138
20180306 230800;6848.75;6850;6846.25;6847;281
20180306 230900;6847;6847.25;6842.75;6843.5;227
20180306 231000;6842.75;6845;6841.5;6844.5;268
20180306 231100;6844.5;6845.25;6841.75;6843.75;181
20180306 231200;6842.75;6843.5;6841;6841;114
20180306 231300;6841;6842.25;6835;6835;279
20180306 231400;6835.25;6837;6832.25;6836;365
20180306 231500;6836;6836.25;6831;6833.25;192
20180306 231600;6833.5;6833.5;6830.25;6831.25;143
20180306 231700;6832;6832;6829.25;6830.5;108
20180306 231800;6829.75;6832.75;6828.75;6831.75;228
20180306 231900;6832.5;6835.5;6829.25;6829.25;475
20180306 232000;6829.5;6831.25;6829.25;6829.75;213
20180306 232100;6830.25;6831;6827.75;6828.25;209
20180306 232200;6828.5;6829.25;6827.75;6829;277
20180306 232300;6828.75;6829;6827;6828.75;223
20180306 232400;6828.75;6829.25;6828;6828.75;96
20180306 232500;6828.25;6829.5;6827.25;6828;147
20180306 232600;6827.75;6828;6826.25;6827;106
20180306 232700;6827.25;6827.25;6825;6826.25;202
20180306 232800;6826;6827;6825.5;6826;164
20180306 232900;6826;6826.75;6822;6823;294
20180306 233000;6822.75;6823.25;6820;6820.5;353
20180306 233100;6820.25;6822.25;6818.5;6821.5;423
20180306 233200;6821.75;6822.75;6820.75;6822;243
20180306 233300;6821.75;6823.25;6821.5;6822.5;135
20180306 233400;6823;6823;6820.5;6821.25;191
20180306 233500;6821.5;6824;6821.5;6823;277
20180306 233600;6823.25;6823.75;6822.25;6822.5;326
20180306 233700;6822.5;6826.75;6822;6825.75;435
20180306 233800;6825.5;6828;6825.5;6826.75;136
20180306 233900;6826.75;6828;6825.25;6827;131
20180306 234000;6827;6828;6826.75;6827.25;166
20180306 234100;6827.5;6832;6827;6831.75;173
20180306 234200;6831.75;6833;6831.25;6831.5;191
20180306 234300;6831.75;6832.75;6827;6829.25;496
20180306 234400;6829.25;6830;6826.25;6826.75;147
20180306 234500;6827;6827.25;6824;6825.25;187
20180306 234600;6824.5;6825.25;6822.5;6823;206
20180306 234700;6822.75;6826.75;6820.5;6826.5;196
20180306 234800;6826.5;6828.75;6826.5;6828;245
20180306 234900;6828;6828.5;6823.75;6825.25;137
20180306 235000;6825.5;6827.5;6824.75;6825.75;172
20180306 235100;6825.5;6827.5;6825;6827.5;63
20180306 235200;6827;6830.25;6827;6829.75;177
20180306 235300;6829.25;6830.25;6827.5;6827.75;127
20180306 235400;6827.75;6829;6827.5;6828.75;42
20180306 235500;6829.25;6831;6829.25;6830;133
20180306 235600;6830.25;6830.25;6829;6829;84
20180306 235700;6828.75;6828.75;6825.25;6826.25;211
20180306 235800;6825.75;6826.25;6825;6826;95
20180306 235900;6826.5;6826.5;6825;6826;64
20180307 000000;6826;6826.5;6824.25;6826;169
20180307 000100;6825.75;6830.25;6823.75;6830;319
20180307 000200;6830;6830.5;6825.5;6827.75;363
20180307 000300;6828;6829.75;6826.25;6826.75;176
20180307 000400;6826.75;6826.75;6825;6826.25;126
20180307 000500;6826.25;6828;6826.25;6827.75;62
20180307 000600;6827.5;6828.5;6826.75;6827.75;96
20180307 000700;6828;6828.5;6826.75;6827.25;113
20180307 000800;6827.25;6827.75;6825;6825;117
20180307 000900;6824.75;6824.75;6811.75;6816;875
20180307 001000;6816.5;6816.75;6811.75;6812.75;439
20180307 001100;6813.25;6813.25;6806.75;6811.25;593
20180307 001200;6810.5;6810.75;6808.75;6810.75;140
20180307 001300;6811;6814;6811;6813.25;185
20180307 001400;6813.5;6815.5;6812;6814.5;158
20180307 001500;6814.5;6819.25;6814.5;6818;406
20180307 001600;6817.75;6818.75;6814.75;6816.5;217
20180307 001700;6816.75;6819.5;6816.25;6818.5;195
20180307 001800;6818.5;6818.5;6814.25;6814.75;328
20180307 001900;6815;6816.5;6812.5;6812.75;247
20180307 002000;6812.5;6815.25;6812.5;6813.75;195
20180307 002100;6814;6815.5;6813.5;6814;158
20180307 002200;6813.75;6814.25;6811.75;6812.25;165
20180307 002300;6812;6812.75;6809.5;6811;209
20180307 002400;6811.25;6812.25;6810.25;6812;208
20180307 002500;6812;6812.25;6808.75;6809;370
20180307 002600;6809.25;6809.5;6806;6807;196
20180307 002700;6807.5;6809.75;6806.75;6809.25;183
20180307 002800;6809.5;6810;6803;6805.5;691
20180307 002900;6806;6807.75;6805.25;6805.75;158
20180307 003000;6805.75;6806.5;6801;6802.75;601
20180307 003100;6802.75;6804.75;6801.75;6803.75;343
20180307 003200;6804.25;6805.75;6801.75;6802.5;448
20180307 003300;6802.25;6804;6801.5;6802.5;334
20180307 003400;6803;6806.25;6802;6804.5;275
20180307 003500;6804.5;6804.75;6801;6801.5;320
20180307 003600;6801.25;6803.25;6798.25;6799;515
20180307 003700;6799.25;6803.5;6798.25;6802.25;560
20180307 003800;6802.25;6802.5;6800.75;6801;123
20180307 003900;6801;6801.75;6800.25;6801;154
20180307 004000;6801;6802;6800.25;6801.75;111
20180307 004100;6802;6808;6801.5;6806.25;501
20180307 004200;6806.5;6809.75;6806.25;6809.75;253
20180307 004300;6809.25;6813;6809;6812.5;352
20180307 004400;6811.75;6812.5;6810.25;6811.5;140
20180307 004500;6811.75;6814.75;6811.75;6814.5;132
20180307 004600;6813.75;6816;6813.75;6814.25;236
20180307 004700;6814.75;6815.25;6810.75;6814;241
20180307 004800;6813.75;6815;6812.5;6814.75;72
20180307 004900;6815;6817.75;6814;6814.5;203
20180307 005000;6814.5;6815.25;6812.25;6812.25;85
20180307 005100;6812.5;6813;6811.25;6812.75;75
20180307 005200;6813;6814;6811.25;6811.25;80
20180307 005300;6811;6811.25;6808.25;6808.75;158
20180307 005400;6808.25;6809;6806;6807.5;203
20180307 005500;6807.25;6808.25;6807;6807.25;105
20180307 005600;6807;6808.5;6806.75;6807.5;148
20180307 005700;6807.75;6812.5;6807.75;6812.25;173
20180307 005800;6812;6813.25;6811.5;6813;93
20180307 005900;6813.25;6814.5;6812.5;6814.25;138
20180307 010000;6814.25;6814.75;6811.25;6811.25;122
20180307 010100;6811.5;6814.75;6811;6812.5;149
20180307 010200;6812.75;6813.25;6810.75;6812.5;114
20180307 010300;6812.5;6816.5;6812;6815.75;181
20180307 010400;6815.75;6817.75;6815.25;6817.25;149
20180307 010500;6817;6821;6817;6819.75;364
20180307 010600;6819.5;6820;6817.75;6819.25;200
20180307 010700;6819.75;6820.75;6818.5;6819.75;136
20180307 010800;6820;6821;6818.75;6820;141
20180307 010900;6820;6820.75;6819.5;6820;87
20180307 011000;6820.25;6822.75;6820;6821.5;323
20180307 011100;6821.5;6823.5;6821.25;6822.5;303
20180307 011200;6821.75;6822.25;6821;6821.25;142
20180307 011300;6821.25;6821.75;6820.5;6820.5;64
20180307 011400;6821.25;6823.5;6821.25;6823.25;148
20180307 011500;6823.25;6824.75;6822.75;6824.5;145
20180307 011600;6824.75;6826;6822;6823;242
20180307 011700;6822.75;6824;6820;6820.75;298
20180307 011800;6820.25;6821.75;6817.25;6820.75;219
20180307 011900;6820.5;6822.25;6819.5;6822;144
20180307 012000;6822.5;6824.5;6822;6824.25;114
20180307 012100;6823.75;6823.75;6821.75;6822.75;82
20180307 012200;6822.5;6823;6821;6822;101
20180307 012300;6821.5;6824;6821.5;6823;78
20180307 012400;6823;6824;6822.25;6824;79
20180307 012500;6824;6826.25;6822.5;6825.75;114
20180307 012600;6826;6827.5;6825.5;6826.75;141
20180307 012700;6827;6829.25;6826.5;6828.5;138
20180307 012800;6828.5;6829;6825.75;6826;170
20180307 012900;6826;6827.25;6825.5;6827;118
20180307 013000;6827.25;6827.25;6825.75;6826.75;57
20180307 013100;6827;6828.5;6826.25;6828;123
20180307 013200;6828;6828;6825;6827.75;156
20180307 013300;6827.75;6827.75;6826;6827;63
20180307 013400;6826.75;6827.5;6826.25;6827.25;38
20180307 013500;6827.75;6831;6827.5;6830.5;227
20180307 013600;6830.5;6835.25;6830.25;6834.5;326
20180307 013700;6834.5;6838.25;6833;6837.75;434
20180307 013800;6838;6845;6837.5;6844;553
20180307 013900;6843.75;6847;6843.25;6846.5;373
20180307 014000;6846.5;6846.75;6843.5;6845.75;240
20180307 014100;6845.5;6847.75;6844.25;6847.5;278
20180307 014200;6847.25;6847.5;6844;6844;325
20180307 014300;6844.25;6847;6843.75;6845.75;206
20180307 014400;6845.5;6849.75;6845.5;6849.5;197
20180307 014500;6849.5;6851;6846;6847;261
20180307 014600;6847.25;6847.5;6843.5;6843.5;169
20180307 014700;6843;6847.5;6842.75;6845;156
20180307 014800;6845;6845.25;6842.25;6842.25;135
20180307 014900;6842.25;6844.5;6841.75;6843.25;84
20180307 015000;6844;6845.75;6842.5;6844;191
20180307 015100;6844;6844;6842;6843.25;41
20180307 015200;6843.25;6844.5;6842.5;6844.25;156
20180307 015300;6844.25;6846.75;6844.25;6846.25;124
20180307 015400;6846.5;6846.5;6842.5;6844;220
20180307 015500;6844;6845.5;6843.5;6844.75;93
20180307 015600;6844.75;6847.75;6844.75;6846.75;104
20180307 015700;6846.75;6847.25;6845.5;6846;83
20180307 015800;6845.75;6851.25;6845.75;6851.25;196
20180307 015900;6850.75;6856.75;6849;6855.75;367
20180307 020000;6856.25;6860.5;6855;6859.75;358
20180307 020100;6859.75;6863.25;6859.5;6861.25;342
20180307 020200;6861.25;6861.5;6858.25;6859.5;265
20180307 020300;6859.5;6859.75;6856.25;6857.75;334
20180307 020400;6857.75;6863.75;6857.75;6862.5;318
20180307 020500;6862.5;6862.5;6858.75;6859.25;302
20180307 020600;6859.25;6861.25;6859.25;6861;94
20180307 020700;6861;6861.25;6857.75;6858.75;113
20180307 020800;6858.5;6861.75;6858.5;6860.5;129
20180307 020900;6860.75;6860.75;6854.5;6856;271
20180307 021000;6856;6858;6855.5;6857.5;131
20180307 021100;6857.5;6858.5;6854;6854;165
20180307 021200;6854;6854.25;6850.25;6852;410
20180307 021300;6851.75;6853.25;6851.25;6851.5;102
20180307 021400;6851.5;6853;6851.25;6851.5;108
20180307 021500;6851.25;6851.5;6847.5;6848.5;188
20180307 021600;6848;6851.5;6847.75;6850.75;148
20180307 021700;6850.75;6850.75;6846.25;6846.75;175
20180307 021800;6847.25;6848.75;6847;6847.25;85
20180307 021900;6847.5;6850;6846.5;6848.25;187
20180307 022000;6848.25;6849.25;6848;6848.25;90
20180307 022100;6848.5;6851.25;6848.5;6849.75;94
20180307 022200;6850.25;6850.5;6847.25;6848;88
20180307 022300;6848;6848.5;6845.75;6846.75;90
20180307 022400;6847;6849;6846.5;6848.75;111
20180307 022500;6848.5;6848.75;6847.5;6847.5;49
20180307 022600;6847.5;6850;6847.5;6848.5;247
20180307 022700;6848.75;6850.5;6848.5;6849.5;52
20180307 022800;6849.5;6851.25;6849;6850.75;70
20180307 022900;6850.75;6852;6850.25;6851;56
20180307 023000;6851;6851.25;6846.75;6847;82
20180307 023100;6846.75;6847;6838.5;6839.75;391
20180307 023200;6840.25;6843.75;6839.75;6843.75;151
20180307 023300;6843.75;6844.5;6840.75;6842.5;123
20180307 023400;6842.75;6843.75;6841;6841.75;99
20180307 023500;6842;6843.75;6840;6842.5;382
20180307 023600;6842.5;6843.5;6840.25;6841;86
20180307 023700;6841;6842.75;6840.25;6842.5;68
20180307 023800;6842.5;6844.5;6842.25;6843;100
20180307 023900;6843.5;6844.5;6841;6842.5;108
20180307 024000;6842.75;6843.75;6841.75;6842.5;69
20180307 024100;6842.5;6845.5;6842;6844.75;167
20180307 024200;6844.5;6846.5;6843.5;6846.5;104
20180307 024300;6846.25;6847;6843.5;6844;74
20180307 024400;6844;6844.5;6843;6843;40
20180307 024500;6843.5;6844.75;6843;6844;63
20180307 024600;6844.25;6846;6844;6844.5;92
20180307 024700;6844.5;6844.75;6842.75;6844.25;75
20180307 024800;6844.25;6845.75;6843.75;6845.75;30
20180307 024900;6845.75;6848.5;6845.25;6847.75;103
20180307 025000;6848;6849.25;6847.75;6848.75;54
20180307 025100;6848.5;6852.25;6848.5;6852;184
20180307 025200;6851.5;6851.5;6849;6851;99
20180307 025300;6850.5;6851;6850;6850.25;47
20180307 025400;6850.25;6850.5;6848.75;6849.5;38
20180307 025500;6850;6850.75;6849.5;6850.5;39
20180307 025600;6850.75;6851;6847.5;6848;105
20180307 025700;6848.5;6848.75;6846.25;6846.75;60
20180307 025800;6847;6848.75;6846.5;6846.5;57
20180307 025900;6846.75;6846.75;6843.5;6844.5;165
20180307 030000;6844;6844.75;6843.25;6844.5;59
20180307 030100;6844;6846;6844;6846;52
20180307 030200;6846.25;6848;6846.25;6846.75;42
20180307 030300;6846.75;6846.75;6844.75;6845.5;38
20180307 030400;6845.5;6847.75;6845.5;6847;134
20180307 030500;6846.25;6849;6845.75;6848.75;80
20180307 030600;6848.5;6848.75;6845.5;6845.75;92
20180307 030700;6845.5;6848;6845.5;6847.75;45
20180307 030800;6847.75;6847.75;6844.5;6844.75;33
20180307 030900;6844.5;6845.75;6844;6844.25;62
20180307 031000;6844.25;6844.75;6842.25;6844.75;132
20180307 031100;6844.25;6845;6843.5;6843.75;32
20180307 031200;6843.5;6844.5;6843.25;6843.75;28
20180307 031300;6843.5;6844;6842.25;6842.75;47
20180307 031400;6842.25;6842.75;6841.5;6842;58
20180307 031500;6841.75;6843.5;6841.75;6843.25;65
20180307 031600;6843.25;6844;6842.5;6843.75;50
20180307 031700;6843.5;6844;6841.75;6843;70
20180307 031800;6842.75;6843;6841.75;6842;30
20180307 031900;6842;6842;6838.75;6840.75;221
20180307 032000;6840.5;6840.75;6836.75;6837.5;208
20180307 032100;6837.5;6840;6836.75;6839.25;149
20180307 032200;6839.75;6840;6838.5;6839.75;89
20180307 032300;6839.75;6839.75;6838.5;6839.25;44
20180307 032400;6839.25;6841.5;6839.25;6840.25;69
20180307 032500;6840.5;6840.5;6838.5;6838.75;79
20180307 032600;6839;6839.25;6836;6839;126
20180307 032700;6839.25;6840.5;6839;6840.25;49
20180307 032800;6839.75;6841.75;6839.75;6841;93
20180307 032900;6841;6841;6839.5;6839.5;28
20180307 033000;6839.75;6840.25;6838.75;6839.25;72
20180307 033100;6839.25;6841.5;6838.75;6841.25;78
20180307 033200;6841;6841;6838.75;6839.75;61
20180307 033300;6839.5;6839.5;6837.25;6837.5;123
20180307 033400;6837.5;6838.25;6837.25;6838;57
20180307 033500;6838;6839;6833.5;6835.5;208
20180307 033600;6835.25;6835.25;6833.5;6834.25;136
20180307 033700;6833.75;6835.25;6833.5;6834.75;78
20180307 033800;6834.75;6836;6834.5;6836;40
20180307 033900;6836;6836;6834.5;6835.25;47
20180307 034000;6835.5;6836.25;6834.5;6835;64
20180307 034100;6835;6835.5;6834.25;6835;43
20180307 034200;6835.5;6837;6834.5;6836.5;78
20180307 034300;6836.25;6837.5;6835.5;6837.5;55
20180307 034400;6837.25;6837.75;6835.75;6835.75;41
20180307 034500;6835.5;6836.25;6835;6835.25;49
20180307 034600;6835;6837.5;6835;6837;38
20180307 034700;6836.75;6838.25;6836.25;6837.25;52
20180307 034800;6837;6837.5;6835.75;6836.25;30
20180307 034900;6836.5;6836.75;6835.75;6835.75;47
20180307 035000;6836.25;6837;6835.5;6835.5;93
20180307 035100;6835.25;6835.75;6833.25;6833.75;87
20180307 035200;6834.25;6836.25;6833.75;6835.5;46
20180307 035300;6835.25;6837;6834.5;6837;58
20180307 035400;6837;6838.25;6837;6838.25;41
20180307 035500;6837.75;6838.5;6837.5;6838.25;38
20180307 035600;6837.75;6838.5;6836.75;6837;98
20180307 035700;6837.25;6838.25;6836.75;6836.75;81
20180307 035800;6836.5;6837.5;6836.5;6837.25;22
20180307 035900;6837;6837.75;6836.75;6837.5;20
20180307 040000;6837.5;6837.5;6837;6837.5;14
20180307 040100;6837.25;6838.5;6836.75;6837.25;78
20180307 040200;6837;6837;6836.5;6836.75;6
20180307 040300;6836.25;6836.75;6836.25;6836.5;14
20180307 040400;6836.75;6836.75;6834.5;6834.5;51
20180307 040500;6834.75;6835;6833.25;6834;48
20180307 040600;6833.75;6834.25;6833;6833;56
20180307 040700;6833;6833.25;6831.75;6833;61
20180307 040800;6832.5;6833.25;6832.5;6832.75;14
20180307 040900;6832.5;6833.5;6832.5;6832.75;17
20180307 041000;6833;6833.5;6832;6832;27
20180307 041100;6832.5;6833.25;6832.25;6832.75;15
20180307 041200;6832.25;6833.25;6832.25;6833.25;20
20180307 041300;6833;6834.25;6833;6834.25;30
20180307 041400;6834.25;6834.75;6833.75;6833.75;54
20180307 041500;6833.75;6833.75;6832.25;6832.5;47
20180307 041600;6832.25;6832.75;6831.75;6832;39
20180307 041700;6831.75;6831.75;6830.5;6831.25;116
20180307 041800;6831.25;6832.25;6830.5;6830.5;70
20180307 041900;6831;6832.25;6830.75;6832.25;61
20180307 042000;6832;6832.5;6831.5;6832;35
20180307 042100;6832;6832;6831.25;6831.25;32
20180307 042200;6831.25;6831.25;6828.5;6828.75;107
20180307 042300;6828.5;6830.5;6828.25;6830.25;70
20180307 042400;6830.25;6831.25;6829;6831;59
20180307 042500;6831.25;6831.5;6830.5;6831;28
20180307 042600;6830.25;6831;6829.25;6829.75;41
20180307 042700;6829.75;6829.75;6828.75;6829.25;22
20180307 042800;6829.25;6829.25;6827.25;6827.5;61
20180307 042900;6827.75;6828.25;6827.25;6828;77
20180307 043000;6828;6829.25;6827.25;6829;46
20180307 043100;6829;6829;6828;6828;25
20180307 043200;6828.25;6828.25;6827;6827.25;26
20180307 043300;6827;6828.5;6827;6828.25;20
20180307 043400;6828;6829.25;6828;6829.25;22
20180307 043500;6829.5;6832;6828.75;6831.75;71
20180307 043600;6831.5;6832.5;6831.25;6831.75;58
20180307 043700;6831.75;6832;6830.75;6831.5;29
20180307 043800;6831.75;6831.75;6831.25;6831.5;4
20180307 043900;6832.25;6832.75;6831.75;6832.5;40
20180307 044000;6832.75;6832.75;6831.5;6832;23
20180307 044100;6832;6834.75;6832;6833.75;60
20180307 044200;6834;6834;6832.75;6833.75;24
20180307 044300;6833.25;6833.75;6832.5;6833.25;41
20180307 044400;6833.25;6833.5;6831.5;6832.5;92
20180307 044500;6832.5;6832.5;6830;6831.75;114
20180307 044600;6831.5;6834;6831.5;6834;65
20180307 044700;6833.75;6834.5;6833;6834;46
20180307 044800;6834;6836.75;6834;6836.75;80
20180307 044900;6837.25;6838;6835.75;6836.75;150
20180307 045000;6837.25;6842;6837.25;6841.5;218
20180307 045100;6841.75;6842;6839.5;6840;49
20180307 045200;6840.25;6840.5;6838.75;6840.5;62
20180307 045300;6841;6842;6840.5;6840.5;83
20180307 045400;6840.5;6842.5;6840.5;6842.5;39
20180307 045500;6842.5;6842.75;6840.5;6841.5;76
20180307 045600;6841.5;6843.75;6841.5;6843.5;66
20180307 045700;6843.5;6843.5;6840.75;6841;57
20180307 045800;6840.75;6841.75;6840.5;6840.5;24
20180307 045900;6840.25;6840.5;6839.75;6840.25;30
20180307 050000;6840;6841.25;6839.75;6840.25;40
20180307 050100;6840.75;6841;6838.75;6839.25;32
20180307 050200;6839.25;6842.75;6839;6841.5;73
20180307 050300;6841.5;6842;6840.5;6840.5;27
20180307 050400;6841.25;6841.25;6839.5;6839.75;37
20180307 050500;6839.5;6840;6838.5;6839.5;28
20180307 050600;6839.5;6839.5;6837.75;6839;39
20180307 050700;6838.75;6839.5;6838.25;6839.25;33
20180307 050800;6839;6839;6836;6836.25;58
20180307 050900;6836.5;6838.25;6836.5;6837.25;78
20180307 051000;6837.25;6838;6836.25;6836.25;17
20180307 051100;6836;6836.75;6835.75;6836.25;34
20180307 051200;6837;6837;6835.5;6835.5;21
20180307 051300;6835.5;6835.5;6832.5;6833;74
20180307 051400;6833.5;6835.25;6830.25;6831;100
20180307 051500;6830.5;6832.5;6830.5;6831.75;76
20180307 051600;6831.5;6832.25;6831;6831.5;83
20180307 051700;6831.5;6833.25;6831.5;6832.5;51
20180307 051800;6832.25;6833.25;6832.25;6833.25;21
20180307 051900;6832.75;6834.5;6832.75;6833.75;28
20180307 052000;6834.25;6835.25;6834.25;6834.25;26
20180307 052100;6834.25;6834.25;6832.75;6834;34
20180307 052200;6833.75;6833.75;6832.75;6833.5;17
20180307 052300;6833.25;6833.25;6832.5;6832.5;18
20180307 052400;6832.5;6833;6832;6832.75;17
20180307 052500;6832.5;6832.5;6831.75;6831.75;18
20180307 052600;6831.5;6832.5;6831.5;6832.5;36
20180307 052700;6832.25;6832.25;6830.5;6831.25;45
20180307 052800;6831.25;6832;6831;6831.5;21
20180307 052900;6832;6832;6828.5;6830;79
20180307 053000;6830;6830;6827.75;6829.25;64
20180307 053100;6829.25;6829.25;6828;6828.75;31
20180307 053200;6828.25;6832;6828.25;6831.25;94
20180307 053300;6831.75;6833.75;6831.25;6833.75;78
20180307 053400;6834;6835.75;6833.25;6834.75;78
20180307 053500;6833.75;6834.5;6833.25;6833.75;44
20180307 053600;6834.25;6834.25;6832.75;6833.25;41
20180307 053700;6832.75;6833;6829.75;6830.5;46
20180307 053800;6830.75;6832;6829.25;6831.75;53
20180307 053900;6831.5;6833.25;6831.5;6832.25;30
20180307 054000;6832.5;6833.25;6832;6833;24
20180307 054100;6833.25;6833.25;6831.75;6832;18
20180307 054200;6832;6832;6828.5;6828.5;116
20180307 054300;6828.5;6829.25;6827.25;6828.75;59
20180307 054400;6828.75;6828.75;6827.25;6827.75;93
20180307 054500;6827.5;6828;6822.75;6822.75;411
20180307 054600;6822.75;6824.75;6822.25;6824.5;150
20180307 054700;6824.75;6825;6823.5;6823.5;32
20180307 054800;6823.5;6824.75;6823.5;6824;30
20180307 054900;6824;6825;6822.5;6824;93
20180307 055000;6824.25;6825.25;6824;6824.75;34
20180307 055100;6825;6825.5;6824;6825.25;35
20180307 055200;6825.75;6826.25;6824.75;6825.25;26
20180307 055300;6825.5;6827.5;6825.25;6827.5;41
20180307 055400;6827.25;6827.25;6825.75;6827;50
20180307 055500;6826.5;6827.25;6825.75;6826.25;50
20180307 055600;6826.75;6829.5;6826.5;6829;61
20180307 055700;6829;6829.25;6827.5;6828.25;39
20180307 055800;6827.75;6828;6827;6827.75;38
20180307 055900;6828;6828.75;6827.25;6828.5;50
20180307 060000;6828.25;6830.75;6827.75;6828.75;73
20180307 060100;6829;6833;6828.75;6832.5;87
20180307 060200;6832.75;6833.25;6830;6830.75;73
20180307 060300;6830.5;6830.5;6829;6829.5;54
20180307 060400;6829.5;6829.75;6828.25;6828.25;50
20180307 060500;6828.5;6829.25;6827.75;6829;34
20180307 060600;6829.5;6830;6827.75;6827.75;21
20180307 060700;6827.5;6827.5;6826.5;6826.5;41
20180307 060800;6826.25;6827.5;6825.75;6827.5;37
20180307 060900;6827;6827.25;6825.75;6825.75;21
20180307 061000;6825.75;6826.75;6824.5;6824.5;71
20180307 061100;6824.75;6825.75;6823.5;6825.75;87
20180307 061200;6825.75;6825.75;6824;6825.25;51
20180307 061300;6825.5;6827;6825.25;6825.25;43
20180307 061400;6825.5;6826.75;6825.5;6826.25;30
20180307 061500;6826.25;6826.25;6824.25;6825.25;17
20180307 061600;6825;6825.75;6825;6825.5;13
20180307 061700;6825.75;6826.5;6825.5;6826;14
20180307 061800;6826.75;6826.75;6825.5;6825.75;24
20180307 061900;6826.25;6828.25;6824.25;6824.5;114
20180307 062000;6824.25;6824.5;6823.25;6824.5;64
20180307 062100;6824.5;6825.25;6824.25;6825;15
20180307 062200;6825.5;6826.25;6825.5;6825.75;10
20180307 062300;6825.75;6825.75;6823;6823;35
20180307 062400;6822.75;6823;6822;6822;33
20180307 062500;6822;6823.25;6820.75;6822.75;69
20180307 062600;6822.75;6823;6821.25;6821.5;28
20180307 062700;6821.75;6822.25;6820.5;6821.5;70
20180307 062800;6822;6822.25;6821.25;6821.5;26
20180307 062900;6822.25;6823;6821.25;6822.75;29
20180307 063000;6822.25;6823;6822;6822.25;21
20180307 063100;6822;6822;6820;6822;57
20180307 063200;6822;6823;6821.75;6822.25;40
20180307 063300;6822.75;6822.75;6820.75;6820.75;32
20180307 063400;6821;6821.75;6818.5;6819;77
20180307 063500;6819.25;6820;6818.5;6818.75;35
20180307 063600;6818.75;6819.25;6818.25;6819;30
20180307 063700;6819;6819;6816.5;6816.75;87
20180307 063800;6817;6817.25;6815.5;6815.75;133
20180307 063900;6815.75;6816.25;6815.75;6816.25;71
20180307 064000;6815.75;6818.5;6814.5;6815.75;190
20180307 064100;6815.75;6817.5;6815.75;6817.5;66
20180307 064200;6817.5;6818.5;6817.25;6818.25;35
20180307 064300;6818.25;6818.25;6817;6817.5;23
20180307 064400;6817.5;6820.25;6817.25;6818.75;83
20180307 064500;6818.75;6821.75;6818.25;6821;115
20180307 064600;6821.25;6825.75;6821.25;6823.5;115
20180307 064700;6823.5;6824;6821.25;6823;88
20180307 064800;6822.5;6825;6822.5;6824.25;44
20180307 064900;6824.75;6836.25;6824;6834.5;486
20180307 065000;6835;6835.25;6831.75;6833.75;127
20180307 065100;6833;6836.75;6833;6834.75;176
20180307 065200;6835;6835;6831.75;6832.75;86
20180307 065300;6833.25;6834.25;6832.25;6833.75;52
20180307 065400;6833.75;6834.25;6833;6833;15
20180307 065500;6833.25;6835.75;6833;6834.75;40
20180307 065600;6835;6835.5;6833.5;6835;39
20180307 065700;6834.75;6835.25;6833;6833.5;24
20180307 065800;6833.75;6834.75;6833;6834.5;42
20180307 065900;6835;6836;6834.5;6835.5;47
20180307 070000;6835.5;6838.75;6835;6835.75;141
20180307 070100;6835.75;6836.25;6828.25;6832.5;238
20180307 070200;6832.25;6836;6831;6835.25;146
20180307 070300;6835.5;6835.5;6834;6834.5;72
20180307 070400;6834;6835.75;6832.25;6833;68
20180307 070500;6833.5;6836.25;6833.5;6834.75;58
20180307 070600;6834.25;6835.75;6833;6835.75;73
20180307 070700;6835;6836.75;6833.5;6834.25;74
20180307 070800;6834.5;6835.5;6833;6834.5;131
20180307 070900;6835;6841;6834.5;6840.25;98
20180307 071000;6840;6842.75;6839;6841.5;195
20180307 071100;6840.5;6841.75;6840;6840.25;49
20180307 071200;6840.25;6841.75;6840;6841.25;66
20180307 071300;6841.5;6841.5;6836.75;6837.25;155
20180307 071400;6837.5;6839.5;6837.25;6839.25;65
20180307 071500;6839;6842.25;6839;6840.75;115
20180307 071600;6840.75;6842.5;6840.5;6842;94
20180307 071700;6842;6842.75;6841;6841.5;37
20180307 071800;6841;6842.5;6841;6841;84
20180307 071900;6841.5;6841.5;6840;6840.75;38
20180307 072000;6841;6841.5;6839.25;6839.75;48
20180307 072100;6840;6840.25;6836;6836.75;81
20180307 072200;6836.25;6836.5;6833.75;6834.25;93
20180307 072300;6833.75;6833.75;6828.25;6832.25;174
20180307 072400;6832.5;6833.75;6830;6833;44
20180307 072500;6833.5;6835.25;6833;6835.25;50
20180307 072600;6835.25;6837.75;6835.25;6835.5;75
20180307 072700;6836.25;6836.5;6833.25;6834.75;45
20180307 072800;6835;6837.25;6834.75;6836.75;38
20180307 072900;6836;6837.75;6835.5;6835.75;35
20180307 073000;6835.5;6839.25;6834.75;6838;57
20180307 073100;6838.25;6842.25;6837.75;6842;114
20180307 073200;6841.25;6842;6839;6840.75;91
20180307 073300;6840.5;6841.5;6840;6840.25;51
20180307 073400;6840.5;6840.5;6836.5;6838.25;70
20180307 073500;6837.25;6838.75;6836.5;6838.75;30
20180307 073600;6838.75;6841.25;6838.5;6840.25;89
20180307 073700;6840;6840;6837.25;6838.5;57
20180307 073800;6838.75;6841.5;6838.25;6841.5;88
20180307 073900;6841;6843.75;6841;6843;166
20180307 074000;6842.75;6846;6842.5;6843.25;218
20180307 074100;6843.75;6845;6843;6843;120
20180307 074200;6843;6844.75;6841.75;6844.25;74
20180307 074300;6843.5;6845;6843;6843.75;76
20180307 074400;6843;6843.75;6842;6842;49
20180307 074500;6842;6844.25;6841.75;6842;66
20180307 074600;6841.75;6843;6841;6842.25;59
20180307 074700;6842.25;6845.75;6842.25;6845;79
20180307 074800;6844.5;6844.5;6843;6844.25;47
20180307 074900;6844;6844;6841.5;6843;81
20180307 075000;6842.5;6843;6842;6842.5;44
20180307 075100;6842;6842.75;6840.25;6842.75;92
20180307 075200;6842.75;6845.25;6842.5;6844.25;49
20180307 075300;6844.25;6847.25;6844;6847.25;62
20180307 075400;6847;6849.75;6846.75;6848;188
20180307 075500;6848.5;6853.25;6847.25;6852.5;237
20180307 075600;6852.75;6853.25;6849.5;6851.25;100
20180307 075700;6851.25;6852.75;6850.5;6851;127
20180307 075800;6850.75;6852;6850.75;6852;63
20180307 075900;6852.25;6853;6851.5;6852.5;44
20180307 080000;6852.5;6852.75;6850.5;6851.25;32
20180307 080100;6850.5;6853;6849;6850.25;241
20180307 080200;6850;6854;6849;6852.75;252
20180307 080300;6852.75;6853.5;6851;6851.5;188
20180307 080400;6850.75;6853.75;6850.75;6853.25;93
20180307 080500;6853.5;6853.5;6852;6852.5;64
20180307 080600;6851.75;6852.25;6849.25;6850;217
20180307 080700;6849.75;6851.75;6848.5;6851.75;112
20180307 080800;6851.5;6853.75;6851.5;6853;110
20180307 080900;6852.5;6852.5;6848.75;6849.5;86
20180307 081000;6849.75;6850.75;6848.5;6848.75;86
20180307 081100;6848.25;6849;6845.25;6846;149
20180307 081200;6846;6846.5;6844.5;6844.75;98
20180307 081300;6844.75;6845.75;6843;6844.5;130
20180307 081400;6844;6844;6841.75;6843.75;102
20180307 081500;6843.75;6844.75;6842.25;6843.5;70
20180307 081600;6843.5;6848.25;6843.5;6847.75;68
20180307 081700;6847.75;6851.75;6846.5;6851.25;153
20180307 081800;6851;6857.25;6851;6856;313
20180307 081900;6856.25;6858.75;6856.25;6857.25;201
20180307 082000;6858;6859.25;6857;6858.75;110
20180307 082100;6858.5;6860.5;6858.25;6860.5;168
20180307 082200;6860.5;6860.5;6858;6858.25;103
20180307 082300;6858.25;6859.75;6856.5;6859.25;84
20180307 082400;6859;6860.25;6856.5;6857.5;140
20180307 082500;6857.5;6858;6855.5;6857;87
20180307 082600;6857.25;6858;6855.25;6856;82
20180307 082700;6856.75;6857;6854.25;6854.25;79
20180307 082800;6854.5;6858.25;6854.25;6857.5;48
20180307 082900;6857.5;6857.5;6854.25;6856.75;57
20180307 083000;6857;6857.25;6855.75;6856.75;38
20180307 083100;6857;6857.5;6856.25;6856.5;24
20180307 083200;6857;6857.5;6856;6856.5;49
20180307 083300;6855.75;6855.75;6854.5;6854.75;33
20180307 083400;6855.25;6856;6851.75;6852.75;125
20180307 083500;6853;6853.25;6850.5;6851.5;89
20180307 083600;6851.25;6851.5;6845.75;6847.75;230
20180307 083700;6847.75;6848.25;6845.25;6847.5;127
20180307 083800;6847.25;6849.25;6846.5;6847.25;100
20180307 083900;6847.5;6849.25;6847.5;6849;59
20180307 084000;6848.75;6849.5;6847.75;6847.75;66
20180307 084100;6848;6852.25;6847;6852.25;177
20180307 084200;6852.75;6853.25;6848;6849.25;141
20180307 084300;6849;6851.75;6848.75;6850.25;40
20180307 084400;6850.25;6852.25;6850;6851;63
20180307 084500;6851;6854.5;6850.5;6854;47
20180307 084600;6854;6856.25;6854;6856.25;64
20180307 084700;6856;6856.25;6853.25;6855;98
20180307 084800;6854.75;6855.25;6852.75;6853.75;62
20180307 084900;6853.5;6856.25;6853.5;6855.75;97
20180307 085000;6855.5;6857.75;6855;6856.75;85
20180307 085100;6857;6857.5;6854.5;6855.25;77
20180307 085200;6854.75;6856;6852;6853.25;147
20180307 085300;6853.25;6854.75;6851.5;6851.5;174
20180307 085400;6851.75;6852.75;6850;6850.25;89
20180307 085500;6850.25;6851.25;6849.5;6850.5;38
20180307 085600;6851.25;6852.5;6850.75;6851;53
20180307 085700;6851.5;6852;6848.75;6848.75;48
20180307 085800;6848.75;6850.5;6848.25;6849;111
20180307 085900;6849.5;6851;6849.25;6850;70
20180307 090000;6849.75;6850;6847.75;6849.25;61
20180307 090100;6849;6851.75;6848.75;6851.75;81
20180307 090200;6852;6853.75;6851;6853.75;126
20180307 090300;6852.75;6854.25;6852.5;6853.25;69
20180307 090400;6853.25;6853.75;6849.5;6850.25;85
20180307 090500;6850.25;6852.5;6850;6851.5;97
20180307 090600;6851.5;6851.5;6850;6850.25;45
20180307 090700;6850.5;6851.75;6849.75;6850.75;71
20180307 090800;6851.5;6853;6850.25;6851;107
20180307 090900;6850.75;6851.75;6850.25;6851;20
20180307 091000;6851.25;6851.75;6850.25;6850.75;27
20180307 091100;6850.25;6850.25;6846.75;6846.75;82
20180307 091200;6846.75;6846.75;6844.25;6846.25;192
20180307 091300;6846;6846.5;6844.75;6845.25;98
20180307 091400;6846;6846;6843.75;6845;72
20180307 091500;6845;6848.75;6845;6848.75;66
20180307 091600;6848.5;6849.25;6847;6847.75;68
20180307 091700;6847.75;6848.75;6847.25;6847.25;23
20180307 091800;6847.25;6847.75;6843.25;6844;106
20180307 091900;6844;6844.75;6842.25;6844.25;88
20180307 092000;6843.25;6843.5;6840.75;6841.5;98
20180307 092100;6841.5;6843.25;6839.5;6842;180
20180307 092200;6841.75;6843.5;6840.5;6842;87
20180307 092300;6842;6842.75;6841.5;6842.25;44
20180307 092400;6842.25;6842.25;6841.5;6842;30
20180307 092500;6842;6846;6842;6845.5;78
20180307 092600;6845.75;6846.25;6844.75;6846;52
20180307 092700;6846.5;6849.25;6846.5;6849;196
20180307 092800;6849.25;6849.75;6847.25;6847.75;63
20180307 092900;6847.75;6849.5;6846;6847;94
20180307 093000;6847.25;6848.5;6846.5;6847.25;65
20180307 093100;6847.5;6851;6847.25;6848.5;150
20180307 093200;6848.25;6849.25;6846.75;6847.25;78
20180307 093300;6846.5;6847.5;6844;6844.75;99
20180307 093400;6844.5;6845.75;6843.25;6844.75;67
20180307 093500;6844.75;6845;6843.5;6844;30
20180307 093600;6843.75;6845.75;6843.5;6843.5;102
20180307 093700;6844;6844;6840.75;6840.75;132
20180307 093800;6841;6841.5;6840.25;6840.75;39
20180307 093900;6840.75;6840.75;6836.25;6836.75;175
20180307 094000;6837.25;6838;6835.5;6837.25;155
20180307 094100;6837.25;6838.75;6836.5;6837.75;66
20180307 094200;6837.75;6839.5;6837.5;6838;63
20180307 094300;6838.25;6838.75;6837.75;6838.75;27
20180307 094400;6838.75;6841.5;6838.75;6840.75;48
20180307 094500;6840.75;6841.75;6840.25;6841.25;36
20180307 094600;6841.25;6841.75;6839.25;6839.75;68
20180307 094700;6840;6840.25;6836.75;6837.5;109
20180307 094800;6837.25;6839.75;6837;6839;83
20180307 094900;6839.25;6841.75;6839;6841.75;50
20180307 095000;6842;6842;6840.25;6840.75;58
20180307 095100;6841;6842.5;6840.5;6841.5;77
20180307 095200;6841.5;6842.5;6840.25;6842;64
20180307 095300;6841.75;6842.5;6841.25;6841.25;45
20180307 095400;6841.5;6844;6841.5;6844;98
20180307 095500;6844;6844.75;6843.5;6843.75;37
20180307 095600;6843.5;6844.25;6842.25;6843.75;44
20180307 095700;6843.75;6844;6842.5;6842.75;42
20180307 095800;6842.25;6842.75;6841.5;6842.5;31
20180307 095900;6842.75;6844.5;6842;6844.5;34
20180307 100000;6844.5;6845;6843.25;6844.5;32
20180307 100100;6844.25;6846;6841.5;6841.75;110
20180307 100200;6841.75;6843.25;6841.5;6843;25
20180307 100300;6843;6847;6843;6846.25;64
20180307 100400;6846.25;6846.5;6845.5;6845.75;41
20180307 100500;6845.5;6846;6844;6845.5;52
20180307 100600;6845.25;6845.75;6844.75;6845.25;26
20180307 100700;6844.75;6846.25;6844;6846.25;22
20180307 100800;6846.5;6850.75;6846.5;6849.5;108
20180307 100900;6849.75;6854.25;6849.75;6854;155
20180307 101000;6853.75;6857.5;6853.75;6855.75;154
20180307 101100;6856;6856.75;6855;6856;57
20180307 101200;6856.25;6857.25;6856;6856.5;70
20180307 101300;6857;6858.5;6856.25;6857.75;87
20180307 101400;6857.75;6859.25;6856.25;6859;83
20180307 101500;6859.5;6862.5;6859.5;6861.5;256
20180307 101600;6861.5;6862;6860;6860;174
20180307 101700;6860.5;6862;6860.5;6861.25;157
20180307 101800;6861.25;6862.25;6860.25;6861;99
20180307 101900;6860.5;6861.75;6859.25;6861.25;67
20180307 102000;6861.25;6866;6861.25;6865.5;234
20180307 102100;6865.75;6866.25;6864.75;6864.75;156
20180307 102200;6864.5;6865;6858;6858.25;262
20180307 102300;6858.25;6861.25;6858.25;6858.25;93
20180307 102400;6857.75;6858.75;6855.25;6855.75;189
20180307 102500;6855.75;6856.5;6854.75;6855.25;93
20180307 102600;6855;6857.5;6854.75;6856.25;69
20180307 102700;6856.25;6858;6855.25;6856.75;60
20180307 102800;6856.25;6857.25;6856.25;6856.75;25
20180307 102900;6856.5;6857.75;6855;6857.25;42
20180307 103000;6856.75;6859.25;6856.75;6858.75;20
20180307 103100;6859;6859.25;6857;6858.5;83
20180307 103200;6859;6859.5;6857.5;6858.5;56
20180307 103300;6859;6862.5;6859;6861;132
20180307 103400;6860.75;6864.25;6860.75;6862.5;229
20180307 103500;6862.25;6862.5;6860.5;6861.5;119
20180307 103600;6862;6863.5;6861;6861;80
20180307 103700;6861;6861;6855;6855.5;123
20180307 103800;6855.5;6856.5;6854.25;6855.75;119
20180307 103900;6856.5;6857.25;6853.25;6853.25;106
20180307 104000;6853;6855.75;6852.75;6854.5;120
20180307 104100;6854.25;6856.5;6854.25;6855.25;33
20180307 104200;6855.25;6855.25;6852.25;6853;134
20180307 104300;6853;6856;6851;6853.25;215
20180307 104400;6853.5;6854.5;6852;6854.5;59
20180307 104500;6855;6856.75;6854.25;6856;122
20180307 104600;6856;6856.75;6854.75;6855.5;49
20180307 104700;6855;6855.25;6852.75;6853;35
20180307 104800;6853.75;6854.25;6850.5;6851.25;148
20180307 104900;6851.5;6853.5;6850;6853.5;82
20180307 105000;6852.75;6854;6852.5;6852.75;44
20180307 105100;6853.5;6854;6852;6852.25;38
20180307 105200;6853;6853.75;6850;6851.5;182
20180307 105300;6851.5;6853.5;6851.5;6853.25;35
20180307 105400;6853.25;6853.25;6851.75;6852.5;19
20180307 105500;6852.75;6853.5;6851.25;6851.25;48
20180307 105600;6851.5;6851.75;6850;6850.25;35
20180307 105700;6850.25;6854.25;6850.25;6854;44
20180307 105800;6853.75;6853.75;6851.75;6853.5;49
20180307 105900;6852.5;6853.5;6849;6849;113
20180307 110000;6849;6849.75;6847.5;6849.5;166
20180307 110100;6849.25;6849.75;6847.75;6848.5;91
20180307 110200;6848.75;6849.25;6846.5;6847.5;104
20180307 110300;6847.75;6849;6847.5;6847.75;61
20180307 110400;6847.5;6849.5;6847.25;6849;60
20180307 110500;6849;6851;6849;6851;91
20180307 110600;6851;6852.5;6851;6852.5;48
20180307 110700;6852.25;6852.75;6851;6851.5;81
20180307 110800;6851.5;6851.75;6849.25;6849.75;86
20180307 110900;6849.5;6849.5;6844;6844;187
20180307 111000;6843.75;6847.5;6843.75;6844;130
20180307 111100;6844;6845;6842.25;6843.75;150
20180307 111200;6843.75;6844.25;6841.5;6844.25;126
20180307 111300;6843.5;6844.5;6843.25;6844.5;28
20180307 111400;6844.25;6844.25;6841.25;6842.75;60
20180307 111500;6842.75;6846;6842;6843.25;205
20180307 111600;6843;6844.75;6842.5;6843.5;96
20180307 111700;6843.75;6844.25;6840.5;6841.75;125
20180307 111800;6842.25;6843.75;6840.75;6841.25;105
20180307 111900;6841.25;6844.25;6841.25;6843.75;117
20180307 112000;6843.75;6846.5;6843.75;6844.75;153
20180307 112100;6844.5;6844.5;6843.25;6843.5;92
20180307 112200;6843.5;6843.75;6842.25;6842.75;42
20180307 112300;6843;6846;6842.5;6842.5;92
20180307 112400;6842.5;6842.75;6841.25;6841.5;42
20180307 112500;6841.75;6843.75;6841;6842.75;453
20180307 112600;6843;6844.75;6842.25;6844.75;221
20180307 112700;6844.75;6846.25;6844.5;6844.75;165
20180307 112800;6845;6845.75;6844.5;6844.5;60
20180307 112900;6844;6846.25;6843.75;6845.25;111
20180307 113000;6846;6848;6845.25;6845.25;119
20180307 113100;6846;6848.25;6846;6848;90
20180307 113200;6847.25;6848.25;6847;6847.75;50
20180307 113300;6847.75;6848.5;6846.75;6848.25;75
20180307 113400;6848.25;6849.25;6848;6848.25;63
20180307 113500;6848.5;6849;6848.25;6848.75;31
20180307 113600;6849;6850.25;6847;6847.25;171
20180307 113700;6847.5;6848.75;6846.5;6847;206
20180307 113800;6846.75;6847.25;6845.5;6845.5;130
20180307 113900;6845.5;6848.25;6845.5;6847.5;55
20180307 114000;6847.25;6847.75;6846;6846;65
20180307 114100;6846;6852.5;6846;6851.5;201
20180307 114200;6851.5;6851.75;6850.25;6851.75;58
20180307 114300;6852.25;6854.5;6852;6853;136
20180307 114400;6852.75;6853.25;6850.5;6851.75;356
20180307 114500;6851.75;6853.5;6850.25;6850.25;281
20180307 114600;6850.25;6850.75;6847.75;6847.75;177
20180307 114700;6847.75;6848.5;6844.25;6845.75;160
20180307 114800;6845.75;6847.25;6845;6846.25;136
20180307 114900;6846.25;6848.25;6845.5;6847.75;133
20180307 115000;6848;6850.25;6848;6850;93
20180307 115100;6849.5;6850.5;6848.25;6850.5;49
20180307 115200;6850;6851.25;6849.25;6849.25;318
20180307 115300;6849.5;6851;6847.25;6847.25;313
20180307 115400;6847;6849.25;6846;6848.5;314
20180307 115500;6848.5;6850.5;6847;6849.25;249
20180307 115600;6849.25;6850.25;6848.75;6849.25;39
20180307 115700;6849;6849;6848.25;6848.75;26
20180307 115800;6849;6851;6848.5;6850.25;335
20180307 115900;6850;6850.75;6848.25;6850.5;84
20180307 120000;6851;6851.75;6849.5;6849.75;78
20180307 120100;6849.75;6859.5;6849.25;6859;946
20180307 120200;6858.75;6858.75;6855.75;6857.75;344
20180307 120300;6858;6859.5;6855.25;6857.75;225
20180307 120400;6857.75;6858.25;6855.75;6858;280
20180307 120500;6857.75;6858;6855;6855.75;136
20180307 120600;6855.75;6855.75;6853.25;6854.25;124
20180307 120700;6854.5;6857;6854.5;6856.5;81
20180307 120800;6856.75;6858.5;6856.5;6856.5;184
20180307 120900;6856.75;6858.75;6856.25;6857.25;86
20180307 121000;6857.75;6859.25;6857.5;6858;93
20180307 121100;6858;6863.25;6858;6861.25;345
20180307 121200;6861.25;6862.5;6859.25;6860.25;311
20180307 121300;6860;6865;6860;6863.5;511
20180307 121400;6863.75;6865.75;6862.75;6865.25;230
20180307 121500;6865.5;6866.25;6863.5;6865;416
20180307 121600;6864.75;6868;6864.5;6865.5;258
20180307 121700;6865.25;6865.75;6865;6865;142
20180307 121800;6865;6868.5;6864.25;6868;375
20180307 121900;6868;6872;6868;6871.5;567
20180307 122000;6872;6872.25;6868.25;6869.25;314
20180307 122100;6869;6869;6865.75;6867.5;220
20180307 122200;6867.5;6869.25;6866;6866.75;99
20180307 122300;6866.5;6867.5;6865.75;6866.5;135
20180307 122400;6866.75;6866.75;6864.5;6866.5;294
20180307 122500;6866.25;6866.5;6864.5;6866;102
20180307 122600;6865.75;6868.25;6865.5;6866.5;149
20180307 122700;6867;6867.75;6866;6867;57
20180307 122800;6867;6870;6867;6868.75;106
20180307 122900;6868.5;6872.75;6868.5;6871.25;265
20180307 123000;6871.25;6873.75;6870.5;6872;269
20180307 123100;6872;6872.25;6870.25;6870.25;140
20180307 123200;6870.5;6871.25;6870;6870.75;175
20180307 123300;6871.25;6871.25;6869.5;6869.5;66
20180307 123400;6869.5;6870;6867.25;6867.25;96
20180307 123500;6867;6868.5;6867;6867.5;109
20180307 123600;6867.25;6867.5;6866;6866.25;142
20180307 123700;6866.5;6866.5;6863.25;6863.75;255
20180307 123800;6863.75;6864.5;6862.25;6863.25;165
20180307 123900;6863;6865;6862.75;6864.5;112
20180307 124000;6864.75;6865.75;6864.5;6865.75;87
20180307 124100;6866;6868.75;6866;6868.25;202
20180307 124200;6868.5;6868.5;6866.25;6866.25;108
20180307 124300;6866.5;6866.75;6866;6866.25;77
20180307 124400;6866.25;6867.5;6866;6867.5;116
20180307 124500;6867.5;6868.25;6866.75;6867.25;172
20180307 124600;6867.25;6867.5;6863.5;6864.25;160
20180307 124700;6864.25;6864.75;6863.75;6864.75;79
20180307 124800;6864.75;6866.25;6864.75;6865.25;50
20180307 124900;6865.5;6866.25;6865.25;6865.25;48
20180307 125000;6865.5;6866.25;6865.5;6866;48
20180307 125100;6865.75;6865.75;6864.25;6865.25;72
20180307 125200;6865;6867;6865;6866.5;45
20180307 125300;6866.5;6868.75;6866.5;6868.75;142
20180307 125400;6868.75;6869.5;6868;6868.75;91
20180307 125500;6868.25;6869.5;6868.25;6868.5;78
20180307 125600;6869;6870;6868.75;6868.75;158
20180307 125700;6868.5;6869;6867.25;6868;91
20180307 125800;6867.75;6867.75;6865.5;6865.5;135
20180307 125900;6865;6865.5;6863.5;6864.75;169
20180307 130000;6864.75;6866.25;6864.25;6866.25;107
