Record Date,Type of Account,Opening Balance Today,Opening Balance This Month,Opening Balance This Fiscal Year,Table Number,Table Name,Sub Table Name,Source Line Number,Fiscal Year,Fiscal Quarter Number,Calendar Year,Calendar Quarter Number,Calendar Month Number,Calendar Day Number
2026-04-28,Treasury General Account (TGA) Opening Balance,1002382,893000,890825,I,Operating Cash Balance,Cash Balance Details,1,2026,3,2026,2,04,28
2026-04-28,Total TGA Deposits (Table II),263294,3096598,22725507,I,Operating Cash Balance,Cash Balance Details,2,2026,3,2026,2,04,28
2026-04-28,Total TGA Withdrawals (Table II) (-),275255,2999177,22625910,I,Operating Cash Balance,Cash Balance Details,3,2026,3,2026,2,04,28
2026-04-28,Treasury General Account (TGA) Closing Balance,990422,990422,990422,I,Operating Cash Balance,Cash Balance Details,4,2026,3,2026,2,04,28
2026-04-27,Treasury General Account (TGA) Opening Balance,974251,893000,890825,I,Operating Cash Balance,Cash Balance Details,1,2026,3,2026,2,04,27
2026-04-27,Total TGA Deposits (Table II),45966,2833304,22462212,I,Operating Cash Balance,Cash Balance Details,2,2026,3,2026,2,04,27
2026-04-27,Total TGA Withdrawals (Table II) (-),17835,2723922,22350655,I,Operating Cash Balance,Cash Balance Details,3,2026,3,2026,2,04,27
2026-04-27,Treasury General Account (TGA) Closing Balance,1002382,1002382,1002382,I,Operating Cash Balance,Cash Balance Details,4,2026,3,2026,2,04,27
2026-04-24,Treasury General Account (TGA) Opening Balance,969844,893000,890825,I,Operating Cash Balance,Cash Balance Details,1,2026,3,2026,2,04,24
2026-04-24,Total TGA Deposits (Table II),25794,2787338,22416246,I,Operating Cash Balance,Cash Balance Details,2,2026,3,2026,2,04,24
2026-04-24,Total TGA Withdrawals (Table II) (-),21388,2706087,22332821,I,Operating Cash Balance,Cash Balance Details,3,2026,3,2026,2,04,24
2026-04-24,Treasury General Account (TGA) Closing Balance,974251,974251,974251,I,Operating Cash Balance,Cash Balance Details,4,2026,3,2026,2,04,24
2026-04-23,Treasury General Account (TGA) Opening Balance,1007172,893000,890825,I,Operating Cash Balance,Cash Balance Details,1,2026,3,2026,2,04,23
2026-04-23,Total TGA Deposits (Table II),272244,2761544,22390452,I,Operating Cash Balance,Cash Balance Details,2,2026,3,2026,2,04,23
2026-04-23,Total TGA Withdrawals (Table II) (-),309572,2684700,22311433,I,Operating Cash Balance,Cash Balance Details,3,2026,3,2026,2,04,23
2026-04-23,Treasury General Account (TGA) Closing Balance,969844,969844,969844,I,Operating Cash Balance,Cash Balance Details,4,2026,3,2026,2,04,23
2026-04-22,Treasury General Account (TGA) Opening Balance,1029510,893000,890825,I,Operating Cash Balance,Cash Balance Details,1,2026,3,2026,2,04,22
2026-04-22,Total TGA Deposits (Table II),51277,2489300,22118208,I,Operating Cash Balance,Cash Balance Details,2,2026,3,2026,2,04,22
2026-04-22,Total TGA Withdrawals (Table II) (-),73615,2375128,22001861,I,Operating Cash Balance,Cash Balance Details,3,2026,3,2026,2,04,22
2026-04-22,Treasury General Account (TGA) Closing Balance,1007172,1007172,1007172,I,Operating Cash Balance,Cash Balance Details,4,2026,3,2026,2,04,22
2026-04-21,Treasury General Account (TGA) Opening Balance,1038035,893000,890825,I,Operating Cash Balance,Cash Balance Details,1,2026,3,2026,2,04,21
2026-04-21,Total TGA Deposits (Table II),269503,2438023,22066931,I,Operating Cash Balance,Cash Balance Details,2,2026,3,2026,2,04,21
2026-04-21,Total TGA Withdrawals (Table II) (-),278028,2301513,21928246,I,Operating Cash Balance,Cash Balance Details,3,2026,3,2026,2,04,21
2026-04-21,Treasury General Account (TGA) Closing Balance,1029510,1029510,1029510,I,Operating Cash Balance,Cash Balance Details,4,2026,3,2026,2,04,21
2026-04-20,Treasury General Account (TGA) Opening Balance,998636,893000,890825,I,Operating Cash Balance,Cash Balance Details,1,2026,3,2026,2,04,20
2026-04-20,Total TGA Deposits (Table II),57658,2168520,21797428,I,Operating Cash Balance,Cash Balance Details,2,2026,3,2026,2,04,20
2026-04-20,Total TGA Withdrawals (Table II) (-),18259,2023485,21650218,I,Operating Cash Balance,Cash Balance Details,3,2026,3,2026,2,04,20
2026-04-20,Treasury General Account (TGA) Closing Balance,1038035,1038035,1038035,I,Operating Cash Balance,Cash Balance Details,4,2026,3,2026,2,04,20
2026-04-17,Treasury General Account (TGA) Opening Balance,971155,893000,890825,I,Operating Cash Balance,Cash Balance Details,1,2026,3,2026,2,04,17
2026-04-17,Total TGA Deposits (Table II),62607,2110862,21739770,I,Operating Cash Balance,Cash Balance Details,2,2026,3,2026,2,04,17
2026-04-17,Total TGA Withdrawals (Table II) (-),35126,2005226,21631959,I,Operating Cash Balance,Cash Balance Details,3,2026,3,2026,2,04,17
2026-04-17,Treasury General Account (TGA) Closing Balance,998636,998636,998636,I,Operating Cash Balance,Cash Balance Details,4,2026,3,2026,2,04,17
2026-04-16,Treasury General Account (TGA) Opening Balance,924435,893000,890825,I,Operating Cash Balance,Cash Balance Details,1,2026,3,2026,2,04,16
2026-04-16,Total TGA Deposits (Table II),381713,2048255,21677163,I,Operating Cash Balance,Cash Balance Details,2,2026,3,2026,2,04,16
2026-04-16,Total TGA Withdrawals (Table II) (-),334993,1970100,21596833,I,Operating Cash Balance,Cash Balance Details,3,2026,3,2026,2,04,16
2026-04-16,Treasury General Account (TGA) Closing Balance,971155,971155,971155,I,Operating Cash Balance,Cash Balance Details,4,2026,3,2026,2,04,16
2026-04-15,Treasury General Account (TGA) Opening Balance,779506,893000,890825,I,Operating Cash Balance,Cash Balance Details,1,2026,3,2026,2,04,15
2026-04-15,Total TGA Deposits (Table II),313370,1666542,21295450,I,Operating Cash Balance,Cash Balance Details,2,2026,3,2026,2,04,15
2026-04-15,Total TGA Withdrawals (Table II) (-),168441,1635108,21261841,I,Operating Cash Balance,Cash Balance Details,3,2026,3,2026,2,04,15
2026-04-15,Treasury General Account (TGA) Closing Balance,924435,924435,924435,I,Operating Cash Balance,Cash Balance Details,4,2026,3,2026,2,04,15
2026-04-14,Treasury General Account (TGA) Opening Balance,758910,893000,890825,I,Operating Cash Balance,Cash Balance Details,1,2026,3,2026,2,04,14
2026-04-14,Total TGA Deposits (Table II),308054,1353173,20982081,I,Operating Cash Balance,Cash Balance Details,2,2026,3,2026,2,04,14
2026-04-14,Total TGA Withdrawals (Table II) (-),287458,1466666,21093400,I,Operating Cash Balance,Cash Balance Details,3,2026,3,2026,2,04,14
2026-04-14,Treasury General Account (TGA) Closing Balance,779506,779506,779506,I,Operating Cash Balance,Cash Balance Details,4,2026,3,2026,2,04,14
2026-04-13,Treasury General Account (TGA) Opening Balance,703218,893000,890825,I,Operating Cash Balance,Cash Balance Details,1,2026,3,2026,2,04,13
2026-04-13,Total TGA Deposits (Table II),75880,1045119,20674027,I,Operating Cash Balance,Cash Balance Details,2,2026,3,2026,2,04,13
2026-04-13,Total TGA Withdrawals (Table II) (-),20188,1179208,20805942,I,Operating Cash Balance,Cash Balance Details,3,2026,3,2026,2,04,13
2026-04-13,Treasury General Account (TGA) Closing Balance,758910,758910,758910,I,Operating Cash Balance,Cash Balance Details,4,2026,3,2026,2,04,13
2026-04-10,Treasury General Account (TGA) Opening Balance,686969,893000,890825,I,Operating Cash Balance,Cash Balance Details,1,2026,3,2026,2,04,10
2026-04-10,Total TGA Deposits (Table II),43439,969238,20598146,I,Operating Cash Balance,Cash Balance Details,2,2026,3,2026,2,04,10
2026-04-10,Total TGA Withdrawals (Table II) (-),27191,1159020,20785753,I,Operating Cash Balance,Cash Balance Details,3,2026,3,2026,2,04,10
2026-04-10,Treasury General Account (TGA) Closing Balance,703218,703218,703218,I,Operating Cash Balance,Cash Balance Details,4,2026,3,2026,2,04,10
2026-04-09,Treasury General Account (TGA) Opening Balance,697079,893000,890825,I,Operating Cash Balance,Cash Balance Details,1,2026,3,2026,2,04,09
2026-04-09,Total TGA Deposits (Table II),274618,925799,20554707,I,Operating Cash Balance,Cash Balance Details,2,2026,3,2026,2,04,09
2026-04-09,Total TGA Withdrawals (Table II) (-),284727,1131829,20758563,I,Operating Cash Balance,Cash Balance Details,3,2026,3,2026,2,04,09
2026-04-09,Treasury General Account (TGA) Closing Balance,686969,686969,686969,I,Operating Cash Balance,Cash Balance Details,4,2026,3,2026,2,04,09
2026-04-08,Treasury General Account (TGA) Opening Balance,728227,893000,890825,I,Operating Cash Balance,Cash Balance Details,1,2026,3,2026,2,04,08
2026-04-08,Total TGA Deposits (Table II),27848,651181,20280089,I,Operating Cash Balance,Cash Balance Details,2,2026,3,2026,2,04,08
2026-04-08,Total TGA Withdrawals (Table II) (-),58996,847102,20473835,I,Operating Cash Balance,Cash Balance Details,3,2026,3,2026,2,04,08
2026-04-08,Treasury General Account (TGA) Closing Balance,697079,697079,697079,I,Operating Cash Balance,Cash Balance Details,4,2026,3,2026,2,04,08
2026-04-07,Treasury General Account (TGA) Opening Balance,775433,893000,890825,I,Operating Cash Balance,Cash Balance Details,1,2026,3,2026,2,04,07
2026-04-07,Total TGA Deposits (Table II),246048,623333,20252241,I,Operating Cash Balance,Cash Balance Details,2,2026,3,2026,2,04,07
2026-04-07,Total TGA Withdrawals (Table II) (-),293253,788106,20414839,I,Operating Cash Balance,Cash Balance Details,3,2026,3,2026,2,04,07
2026-04-07,Treasury General Account (TGA) Closing Balance,728227,728227,728227,I,Operating Cash Balance,Cash Balance Details,4,2026,3,2026,2,04,07
2026-04-06,Treasury General Account (TGA) Opening Balance,753938,893000,890825,I,Operating Cash Balance,Cash Balance Details,1,2026,3,2026,2,04,06
2026-04-06,Total TGA Deposits (Table II),37543,377286,20006194,I,Operating Cash Balance,Cash Balance Details,2,2026,3,2026,2,04,06
2026-04-06,Total TGA Withdrawals (Table II) (-),16048,494853,20121586,I,Operating Cash Balance,Cash Balance Details,3,2026,3,2026,2,04,06
2026-04-06,Treasury General Account (TGA) Closing Balance,775433,775433,775433,I,Operating Cash Balance,Cash Balance Details,4,2026,3,2026,2,04,06
2026-04-03,Treasury General Account (TGA) Opening Balance,776076,893000,890825,I,Operating Cash Balance,Cash Balance Details,1,2026,3,2026,2,04,03
2026-04-03,Total TGA Deposits (Table II),21405,339743,19968651,I,Operating Cash Balance,Cash Balance Details,2,2026,3,2026,2,04,03
2026-04-03,Total TGA Withdrawals (Table II) (-),43543,478805,20105538,I,Operating Cash Balance,Cash Balance Details,3,2026,3,2026,2,04,03
2026-04-03,Treasury General Account (TGA) Closing Balance,753938,753938,753938,I,Operating Cash Balance,Cash Balance Details,4,2026,3,2026,2,04,03
2026-04-02,Treasury General Account (TGA) Opening Balance,803553,893000,890825,I,Operating Cash Balance,Cash Balance Details,1,2026,3,2026,2,04,02
2026-04-02,Total TGA Deposits (Table II),273357,318338,19947247,I,Operating Cash Balance,Cash Balance Details,2,2026,3,2026,2,04,02
2026-04-02,Total TGA Withdrawals (Table II) (-),300834,435262,20061996,I,Operating Cash Balance,Cash Balance Details,3,2026,3,2026,2,04,02
2026-04-02,Treasury General Account (TGA) Closing Balance,776076,776076,776076,I,Operating Cash Balance,Cash Balance Details,4,2026,3,2026,2,04,02
2026-04-01,Treasury General Account (TGA) Opening Balance,893000,893000,890825,I,Operating Cash Balance,Cash Balance Details,1,2026,3,2026,2,04,01
2026-04-01,Total TGA Deposits (Table II),44981,44981,19673889,I,Operating Cash Balance,Cash Balance Details,2,2026,3,2026,2,04,01
2026-04-01,Total TGA Withdrawals (Table II) (-),134428,134428,19761162,I,Operating Cash Balance,Cash Balance Details,3,2026,3,2026,2,04,01
2026-04-01,Treasury General Account (TGA) Closing Balance,803553,803553,803553,I,Operating Cash Balance,Cash Balance Details,4,2026,3,2026,2,04,01
2026-03-31,Treasury General Account (TGA) Opening Balance,868478,798943,890825,I,Operating Cash Balance,Cash Balance Details,1,2026,2,2026,1,03,31
2026-03-31,Total TGA Deposits (Table II),496155,3615517,19628908,I,Operating Cash Balance,Cash Balance Details,2,2026,2,2026,1,03,31
2026-03-31,Total TGA Withdrawals (Table II) (-),471633,3521460,19626733,I,Operating Cash Balance,Cash Balance Details,3,2026,2,2026,1,03,31
2026-03-31,Treasury General Account (TGA) Closing Balance,893000,893000,893000,I,Operating Cash Balance,Cash Balance Details,4,2026,2,2026,1,03,31
2026-03-30,Treasury General Account (TGA) Opening Balance,848655,798943,890825,I,Operating Cash Balance,Cash Balance Details,1,2026,2,2026,1,03,30
2026-03-30,Total TGA Deposits (Table II),41713,3119362,19132753,I,Operating Cash Balance,Cash Balance Details,2,2026,2,2026,1,03,30
2026-03-30,Total TGA Withdrawals (Table II) (-),21890,3049826,19155100,I,Operating Cash Balance,Cash Balance Details,3,2026,2,2026,1,03,30
2026-03-30,Treasury General Account (TGA) Closing Balance,868478,868478,868478,I,Operating Cash Balance,Cash Balance Details,4,2026,2,2026,1,03,30
2026-03-27,Treasury General Account (TGA) Opening Balance,823031,798943,890825,I,Operating Cash Balance,Cash Balance Details,1,2026,2,2026,1,03,27
2026-03-27,Total TGA Deposits (Table II),47888,3077649,19091040,I,Operating Cash Balance,Cash Balance Details,2,2026,2,2026,1,03,27
2026-03-27,Total TGA Withdrawals (Table II) (-),22264,3027937,19133210,I,Operating Cash Balance,Cash Balance Details,3,2026,2,2026,1,03,27
2026-03-27,Treasury General Account (TGA) Closing Balance,848655,848655,848655,I,Operating Cash Balance,Cash Balance Details,4,2026,2,2026,1,03,27
2026-03-26,Treasury General Account (TGA) Opening Balance,837412,798943,890825,I,Operating Cash Balance,Cash Balance Details,1,2026,2,2026,1,03,26
2026-03-26,Total TGA Deposits (Table II),269001,3029761,19043152,I,Operating Cash Balance,Cash Balance Details,2,2026,2,2026,1,03,26
2026-03-26,Total TGA Withdrawals (Table II) (-),283382,3005672,19110946,I,Operating Cash Balance,Cash Balance Details,3,2026,2,2026,1,03,26
2026-03-26,Treasury General Account (TGA) Closing Balance,823031,823031,823031,I,Operating Cash Balance,Cash Balance Details,4,2026,2,2026,1,03,26
2026-03-25,Treasury General Account (TGA) Opening Balance,876206,798943,890825,I,Operating Cash Balance,Cash Balance Details,1,2026,2,2026,1,03,25
2026-03-25,Total TGA Deposits (Table II),19640,2760760,18774151,I,Operating Cash Balance,Cash Balance Details,2,2026,2,2026,1,03,25
2026-03-25,Total TGA Withdrawals (Table II) (-),58434,2722290,18827564,I,Operating Cash Balance,Cash Balance Details,3,2026,2,2026,1,03,25
2026-03-25,Treasury General Account (TGA) Closing Balance,837412,837412,837412,I,Operating Cash Balance,Cash Balance Details,4,2026,2,2026,1,03,25
2026-03-24,Treasury General Account (TGA) Opening Balance,909509,798943,890825,I,Operating Cash Balance,Cash Balance Details,1,2026,2,2026,1,03,24
2026-03-24,Total TGA Deposits (Table II),259082,2741120,18754511,I,Operating Cash Balance,Cash Balance Details,2,2026,2,2026,1,03,24
2026-03-24,Total TGA Withdrawals (Table II) (-),292385,2663856,18769130,I,Operating Cash Balance,Cash Balance Details,3,2026,2,2026,1,03,24
2026-03-24,Treasury General Account (TGA) Closing Balance,876206,876206,876206,I,Operating Cash Balance,Cash Balance Details,4,2026,2,2026,1,03,24
2026-03-23,Treasury General Account (TGA) Opening Balance,870864,798943,890825,I,Operating Cash Balance,Cash Balance Details,1,2026,2,2026,1,03,23
2026-03-23,Total TGA Deposits (Table II),56488,2482038,18495429,I,Operating Cash Balance,Cash Balance Details,2,2026,2,2026,1,03,23
2026-03-23,Total TGA Withdrawals (Table II) (-),17843,2371471,18476745,I,Operating Cash Balance,Cash Balance Details,3,2026,2,2026,1,03,23
2026-03-23,Treasury General Account (TGA) Closing Balance,909509,909509,909509,I,Operating Cash Balance,Cash Balance Details,4,2026,2,2026,1,03,23
2026-03-20,Treasury General Account (TGA) Opening Balance,882822,798943,890825,I,Operating Cash Balance,Cash Balance Details,1,2026,2,2026,1,03,20
2026-03-20,Total TGA Deposits (Table II),18005,2425550,18438941,I,Operating Cash Balance,Cash Balance Details,2,2026,2,2026,1,03,20
2026-03-20,Total TGA Withdrawals (Table II) (-),29963,2353628,18458902,I,Operating Cash Balance,Cash Balance Details,3,2026,2,2026,1,03,20
2026-03-20,Treasury General Account (TGA) Closing Balance,870864,870864,870864,I,Operating Cash Balance,Cash Balance Details,4,2026,2,2026,1,03,20
2026-03-19,Treasury General Account (TGA) Opening Balance,875833,798943,890825,I,Operating Cash Balance,Cash Balance Details,1,2026,2,2026,1,03,19
2026-03-19,Total TGA Deposits (Table II),335309,2407545,18420936,I,Operating Cash Balance,Cash Balance Details,2,2026,2,2026,1,03,19
2026-03-19,Total TGA Withdrawals (Table II) (-),328320,2323666,18428939,I,Operating Cash Balance,Cash Balance Details,3,2026,2,2026,1,03,19
2026-03-19,Treasury General Account (TGA) Closing Balance,882822,882822,882822,I,Operating Cash Balance,Cash Balance Details,4,2026,2,2026,1,03,19
2026-03-18,Treasury General Account (TGA) Opening Balance,929668,798943,890825,I,Operating Cash Balance,Cash Balance Details,1,2026,2,2026,1,03,18
2026-03-18,Total TGA Deposits (Table II),20951,2072236,18085627,I,Operating Cash Balance,Cash Balance Details,2,2026,2,2026,1,03,18
2026-03-18,Total TGA Withdrawals (Table II) (-),74786,1995346,18100619,I,Operating Cash Balance,Cash Balance Details,3,2026,2,2026,1,03,18
2026-03-18,Treasury General Account (TGA) Closing Balance,875833,875833,875833,I,Operating Cash Balance,Cash Balance Details,4,2026,2,2026,1,03,18
2026-03-17,Treasury General Account (TGA) Opening Balance,937577,798943,890825,I,Operating Cash Balance,Cash Balance Details,1,2026,2,2026,1,03,17
2026-03-17,Total TGA Deposits (Table II),279075,2051285,18064676,I,Operating Cash Balance,Cash Balance Details,2,2026,2,2026,1,03,17
2026-03-17,Total TGA Withdrawals (Table II) (-),286984,1920559,18025833,I,Operating Cash Balance,Cash Balance Details,3,2026,2,2026,1,03,17
2026-03-17,Treasury General Account (TGA) Closing Balance,929668,929668,929668,I,Operating Cash Balance,Cash Balance Details,4,2026,2,2026,1,03,17
2026-03-16,Treasury General Account (TGA) Opening Balance,806335,798943,890825,I,Operating Cash Balance,Cash Balance Details,1,2026,2,2026,1,03,16
2026-03-16,Total TGA Deposits (Table II),195826,1772209,17785601,I,Operating Cash Balance,Cash Balance Details,2,2026,2,2026,1,03,16
2026-03-16,Total TGA Withdrawals (Table II) (-),64585,1633575,17738849,I,Operating Cash Balance,Cash Balance Details,3,2026,2,2026,1,03,16
2026-03-16,Treasury General Account (TGA) Closing Balance,937577,937577,937577,I,Operating Cash Balance,Cash Balance Details,4,2026,2,2026,1,03,16
2026-03-13,Treasury General Account (TGA) Opening Balance,809284,798943,890825,I,Operating Cash Balance,Cash Balance Details,1,2026,2,2026,1,03,13
2026-03-13,Total TGA Deposits (Table II),28680,1576383,17589774,I,Operating Cash Balance,Cash Balance Details,2,2026,2,2026,1,03,13
2026-03-13,Total TGA Withdrawals (Table II) (-),31629,1568991,17674265,I,Operating Cash Balance,Cash Balance Details,3,2026,2,2026,1,03,13
2026-03-13,Treasury General Account (TGA) Closing Balance,806335,806335,806335,I,Operating Cash Balance,Cash Balance Details,4,2026,2,2026,1,03,13
2026-03-12,Treasury General Account (TGA) Opening Balance,805806,798943,890825,I,Operating Cash Balance,Cash Balance Details,1,2026,2,2026,1,03,12
2026-03-12,Total TGA Deposits (Table II),286038,1547703,17561094,I,Operating Cash Balance,Cash Balance Details,2,2026,2,2026,1,03,12
2026-03-12,Total TGA Withdrawals (Table II) (-),282560,1537361,17642635,I,Operating Cash Balance,Cash Balance Details,3,2026,2,2026,1,03,12
2026-03-12,Treasury General Account (TGA) Closing Balance,809284,809284,809284,I,Operating Cash Balance,Cash Balance Details,4,2026,2,2026,1,03,12
2026-03-11,Treasury General Account (TGA) Opening Balance,862841,798943,890825,I,Operating Cash Balance,Cash Balance Details,1,2026,2,2026,1,03,11
2026-03-11,Total TGA Deposits (Table II),23634,1261665,17275056,I,Operating Cash Balance,Cash Balance Details,2,2026,2,2026,1,03,11
2026-03-11,Total TGA Withdrawals (Table II) (-),80669,1254801,17360075,I,Operating Cash Balance,Cash Balance Details,3,2026,2,2026,1,03,11
2026-03-11,Treasury General Account (TGA) Closing Balance,805806,805806,805806,I,Operating Cash Balance,Cash Balance Details,4,2026,2,2026,1,03,11
2026-03-10,Treasury General Account (TGA) Opening Balance,858548,798943,890825,I,Operating Cash Balance,Cash Balance Details,1,2026,2,2026,1,03,10
2026-03-10,Total TGA Deposits (Table II),287104,1238031,17251422,I,Operating Cash Balance,Cash Balance Details,2,2026,2,2026,1,03,10
2026-03-10,Total TGA Withdrawals (Table II) (-),282811,1174132,17279406,I,Operating Cash Balance,Cash Balance Details,3,2026,2,2026,1,03,10
2026-03-10,Treasury General Account (TGA) Closing Balance,862841,862841,862841,I,Operating Cash Balance,Cash Balance Details,4,2026,2,2026,1,03,10
2026-03-09,Treasury General Account (TGA) Opening Balance,833086,798943,890825,I,Operating Cash Balance,Cash Balance Details,1,2026,2,2026,1,03,09
2026-03-09,Total TGA Deposits (Table II),44750,950927,16964318,I,Operating Cash Balance,Cash Balance Details,2,2026,2,2026,1,03,09
2026-03-09,Total TGA Withdrawals (Table II) (-),19289,891322,16996595,I,Operating Cash Balance,Cash Balance Details,3,2026,2,2026,1,03,09
2026-03-09,Treasury General Account (TGA) Closing Balance,858548,858548,858548,I,Operating Cash Balance,Cash Balance Details,4,2026,2,2026,1,03,09
2026-03-06,Treasury General Account (TGA) Opening Balance,840850,798943,890825,I,Operating Cash Balance,Cash Balance Details,1,2026,2,2026,1,03,06
2026-03-06,Total TGA Deposits (Table II),17677,906177,16919568,I,Operating Cash Balance,Cash Balance Details,2,2026,2,2026,1,03,06
2026-03-06,Total TGA Withdrawals (Table II) (-),25440,872033,16977307,I,Operating Cash Balance,Cash Balance Details,3,2026,2,2026,1,03,06
2026-03-06,Treasury General Account (TGA) Closing Balance,833086,833086,833086,I,Operating Cash Balance,Cash Balance Details,4,2026,2,2026,1,03,06
2026-03-05,Treasury General Account (TGA) Opening Balance,846979,798943,890825,I,Operating Cash Balance,Cash Balance Details,1,2026,2,2026,1,03,05
2026-03-05,Total TGA Deposits (Table II),273574,888499,16901891,I,Operating Cash Balance,Cash Balance Details,2,2026,2,2026,1,03,05
2026-03-05,Total TGA Withdrawals (Table II) (-),279703,846592,16951866,I,Operating Cash Balance,Cash Balance Details,3,2026,2,2026,1,03,05
2026-03-05,Treasury General Account (TGA) Closing Balance,840850,840850,840850,I,Operating Cash Balance,Cash Balance Details,4,2026,2,2026,1,03,05
2026-03-04,Treasury General Account (TGA) Opening Balance,859738,798943,890825,I,Operating Cash Balance,Cash Balance Details,1,2026,2,2026,1,03,04
2026-03-04,Total TGA Deposits (Table II),23806,614926,16628317,I,Operating Cash Balance,Cash Balance Details,2,2026,2,2026,1,03,04
2026-03-04,Total TGA Withdrawals (Table II) (-),36565,566889,16672163,I,Operating Cash Balance,Cash Balance Details,3,2026,2,2026,1,03,04
2026-03-04,Treasury General Account (TGA) Closing Balance,846979,846979,846979,I,Operating Cash Balance,Cash Balance Details,4,2026,2,2026,1,03,04
2026-03-03,Treasury General Account (TGA) Opening Balance,871377,798943,890825,I,Operating Cash Balance,Cash Balance Details,1,2026,2,2026,1,03,03
2026-03-03,Total TGA Deposits (Table II),293801,591120,16604511,I,Operating Cash Balance,Cash Balance Details,2,2026,2,2026,1,03,03
2026-03-03,Total TGA Withdrawals (Table II) (-),305439,530324,16635598,I,Operating Cash Balance,Cash Balance Details,3,2026,2,2026,1,03,03
2026-03-03,Treasury General Account (TGA) Closing Balance,859738,859738,859738,I,Operating Cash Balance,Cash Balance Details,4,2026,2,2026,1,03,03
2026-03-02,Treasury General Account (TGA) Opening Balance,798943,798943,890825,I,Operating Cash Balance,Cash Balance Details,1,2026,2,2026,1,03,02
2026-03-02,Total TGA Deposits (Table II),297319,297319,16310710,I,Operating Cash Balance,Cash Balance Details,2,2026,2,2026,1,03,02
2026-03-02,Total TGA Withdrawals (Table II) (-),224885,224885,16330158,I,Operating Cash Balance,Cash Balance Details,3,2026,2,2026,1,03,02
2026-03-02,Treasury General Account (TGA) Closing Balance,871377,871377,871377,I,Operating Cash Balance,Cash Balance Details,4,2026,2,2026,1,03,02
2026-02-27,Treasury General Account (TGA) Opening Balance,849449,893245,890825,I,Operating Cash Balance,Cash Balance Details,1,2026,2,2026,1,02,27
2026-02-27,Total TGA Deposits (Table II),61230,3118830,16013391,I,Operating Cash Balance,Cash Balance Details,2,2026,2,2026,1,02,27
2026-02-27,Total TGA Withdrawals (Table II) (-),111736,3213132,16105274,I,Operating Cash Balance,Cash Balance Details,3,2026,2,2026,1,02,27
2026-02-27,Treasury General Account (TGA) Closing Balance,798943,798943,798943,I,Operating Cash Balance,Cash Balance Details,4,2026,2,2026,1,02,27
2026-02-26,Treasury General Account (TGA) Opening Balance,838975,893245,890825,I,Operating Cash Balance,Cash Balance Details,1,2026,2,2026,1,02,26
2026-02-26,Total TGA Deposits (Table II),280814,3057599,15952161,I,Operating Cash Balance,Cash Balance Details,2,2026,2,2026,1,02,26
2026-02-26,Total TGA Withdrawals (Table II) (-),270340,3101396,15993537,I,Operating Cash Balance,Cash Balance Details,3,2026,2,2026,1,02,26
2026-02-26,Treasury General Account (TGA) Closing Balance,849449,849449,849449,I,Operating Cash Balance,Cash Balance Details,4,2026,2,2026,1,02,26
2026-02-25,Treasury General Account (TGA) Opening Balance,901173,893245,890825,I,Operating Cash Balance,Cash Balance Details,1,2026,2,2026,1,02,25
2026-02-25,Total TGA Deposits (Table II),21179,2776785,15671347,I,Operating Cash Balance,Cash Balance Details,2,2026,2,2026,1,02,25
2026-02-25,Total TGA Withdrawals (Table II) (-),83378,2831056,15723197,I,Operating Cash Balance,Cash Balance Details,3,2026,2,2026,1,02,25
2026-02-25,Treasury General Account (TGA) Closing Balance,838975,838975,838975,I,Operating Cash Balance,Cash Balance Details,4,2026,2,2026,1,02,25
2026-02-24,Treasury General Account (TGA) Opening Balance,888165,893245,890825,I,Operating Cash Balance,Cash Balance Details,1,2026,2,2026,1,02,24
2026-02-24,Total TGA Deposits (Table II),302651,2755606,15650167,I,Operating Cash Balance,Cash Balance Details,2,2026,2,2026,1,02,24
2026-02-24,Total TGA Withdrawals (Table II) (-),289643,2747678,15639820,I,Operating Cash Balance,Cash Balance Details,3,2026,2,2026,1,02,24
2026-02-24,Treasury General Account (TGA) Closing Balance,901173,901173,901173,I,Operating Cash Balance,Cash Balance Details,4,2026,2,2026,1,02,24
2026-02-23,Treasury General Account (TGA) Opening Balance,893370,893245,890825,I,Operating Cash Balance,Cash Balance Details,1,2026,2,2026,1,02,23
2026-02-23,Total TGA Deposits (Table II),38306,2452955,15347516,I,Operating Cash Balance,Cash Balance Details,2,2026,2,2026,1,02,23
2026-02-23,Total TGA Withdrawals (Table II) (-),43512,2458035,15350177,I,Operating Cash Balance,Cash Balance Details,3,2026,2,2026,1,02,23
2026-02-23,Treasury General Account (TGA) Closing Balance,888165,888165,888165,I,Operating Cash Balance,Cash Balance Details,4,2026,2,2026,1,02,23
2026-02-20,Treasury General Account (TGA) Opening Balance,904858,893245,890825,I,Operating Cash Balance,Cash Balance Details,1,2026,2,2026,1,02,20
2026-02-20,Total TGA Deposits (Table II),19415,2414648,15309210,I,Operating Cash Balance,Cash Balance Details,2,2026,2,2026,1,02,20
2026-02-20,Total TGA Withdrawals (Table II) (-),30902,2414523,15306665,I,Operating Cash Balance,Cash Balance Details,3,2026,2,2026,1,02,20
2026-02-20,Treasury General Account (TGA) Closing Balance,893370,893370,893370,I,Operating Cash Balance,Cash Balance Details,4,2026,2,2026,1,02,20
2026-02-19,Treasury General Account (TGA) Opening Balance,888854,893245,890825,I,Operating Cash Balance,Cash Balance Details,1,2026,2,2026,1,02,19
2026-02-19,Total TGA Deposits (Table II),341021,2395234,15289795,I,Operating Cash Balance,Cash Balance Details,2,2026,2,2026,1,02,19
2026-02-19,Total TGA Withdrawals (Table II) (-),325017,2383621,15275762,I,Operating Cash Balance,Cash Balance Details,3,2026,2,2026,1,02,19
2026-02-19,Treasury General Account (TGA) Closing Balance,904858,904858,904858,I,Operating Cash Balance,Cash Balance Details,4,2026,2,2026,1,02,19
2026-02-18,Treasury General Account (TGA) Opening Balance,924659,893245,890825,I,Operating Cash Balance,Cash Balance Details,1,2026,2,2026,1,02,18
2026-02-18,Total TGA Deposits (Table II),15757,2054213,14948774,I,Operating Cash Balance,Cash Balance Details,2,2026,2,2026,1,02,18
2026-02-18,Total TGA Withdrawals (Table II) (-),51562,2058604,14950745,I,Operating Cash Balance,Cash Balance Details,3,2026,2,2026,1,02,18
2026-02-18,Treasury General Account (TGA) Closing Balance,888854,888854,888854,I,Operating Cash Balance,Cash Balance Details,4,2026,2,2026,1,02,18
2026-02-17,Treasury General Account (TGA) Opening Balance,913645,893245,890825,I,Operating Cash Balance,Cash Balance Details,1,2026,2,2026,1,02,17
2026-02-17,Total TGA Deposits (Table II),494091,2038456,14933017,I,Operating Cash Balance,Cash Balance Details,2,2026,2,2026,1,02,17
2026-02-17,Total TGA Withdrawals (Table II) (-),483076,2007042,14899183,I,Operating Cash Balance,Cash Balance Details,3,2026,2,2026,1,02,17
2026-02-17,Treasury General Account (TGA) Closing Balance,924659,924659,924659,I,Operating Cash Balance,Cash Balance Details,4,2026,2,2026,1,02,17
2026-02-13,Treasury General Account (TGA) Opening Balance,920999,893245,890825,I,Operating Cash Balance,Cash Balance Details,1,2026,2,2026,1,02,13
2026-02-13,Total TGA Deposits (Table II),20717,1544365,14438926,I,Operating Cash Balance,Cash Balance Details,2,2026,2,2026,1,02,13
2026-02-13,Total TGA Withdrawals (Table II) (-),28072,1523965,14416107,I,Operating Cash Balance,Cash Balance Details,3,2026,2,2026,1,02,13
2026-02-13,Treasury General Account (TGA) Closing Balance,913645,913645,913645,I,Operating Cash Balance,Cash Balance Details,4,2026,2,2026,1,02,13
2026-02-12,Treasury General Account (TGA) Opening Balance,910533,893245,890825,I,Operating Cash Balance,Cash Balance Details,1,2026,2,2026,1,02,12
2026-02-12,Total TGA Deposits (Table II),279288,1523647,14418209,I,Operating Cash Balance,Cash Balance Details,2,2026,2,2026,1,02,12
2026-02-12,Total TGA Withdrawals (Table II) (-),268822,1495893,14388035,I,Operating Cash Balance,Cash Balance Details,3,2026,2,2026,1,02,12
2026-02-12,Treasury General Account (TGA) Closing Balance,920999,920999,920999,I,Operating Cash Balance,Cash Balance Details,4,2026,2,2026,1,02,12
2026-02-11,Treasury General Account (TGA) Opening Balance,948634,893245,890825,I,Operating Cash Balance,Cash Balance Details,1,2026,2,2026,1,02,11
2026-02-11,Total TGA Deposits (Table II),19944,1244359,14138921,I,Operating Cash Balance,Cash Balance Details,2,2026,2,2026,1,02,11
2026-02-11,Total TGA Withdrawals (Table II) (-),58045,1227071,14119212,I,Operating Cash Balance,Cash Balance Details,3,2026,2,2026,1,02,11
2026-02-11,Treasury General Account (TGA) Closing Balance,910533,910533,910533,I,Operating Cash Balance,Cash Balance Details,4,2026,2,2026,1,02,11
2026-02-10,Treasury General Account (TGA) Opening Balance,917568,893245,890825,I,Operating Cash Balance,Cash Balance Details,1,2026,2,2026,1,02,10
2026-02-10,Total TGA Deposits (Table II),285615,1224415,14118977,I,Operating Cash Balance,Cash Balance Details,2,2026,2,2026,1,02,10
2026-02-10,Total TGA Withdrawals (Table II) (-),254549,1169026,14061168,I,Operating Cash Balance,Cash Balance Details,3,2026,2,2026,1,02,10
2026-02-10,Treasury General Account (TGA) Closing Balance,948634,948634,948634,I,Operating Cash Balance,Cash Balance Details,4,2026,2,2026,1,02,10
2026-02-09,Treasury General Account (TGA) Opening Balance,905282,893245,890825,I,Operating Cash Balance,Cash Balance Details,1,2026,2,2026,1,02,09
2026-02-09,Total TGA Deposits (Table II),31679,938800,13833362,I,Operating Cash Balance,Cash Balance Details,2,2026,2,2026,1,02,09
2026-02-09,Total TGA Withdrawals (Table II) (-),19392,914477,13806619,I,Operating Cash Balance,Cash Balance Details,3,2026,2,2026,1,02,09
2026-02-09,Treasury General Account (TGA) Closing Balance,917568,917568,917568,I,Operating Cash Balance,Cash Balance Details,4,2026,2,2026,1,02,09
2026-02-06,Treasury General Account (TGA) Opening Balance,914563,893245,890825,I,Operating Cash Balance,Cash Balance Details,1,2026,2,2026,1,02,06
2026-02-06,Total TGA Deposits (Table II),14599,907121,13801683,I,Operating Cash Balance,Cash Balance Details,2,2026,2,2026,1,02,06
2026-02-06,Total TGA Withdrawals (Table II) (-),23881,895085,13787226,I,Operating Cash Balance,Cash Balance Details,3,2026,2,2026,1,02,06
2026-02-06,Treasury General Account (TGA) Closing Balance,905282,905282,905282,I,Operating Cash Balance,Cash Balance Details,4,2026,2,2026,1,02,06
2026-02-05,Treasury General Account (TGA) Opening Balance,907737,893245,890825,I,Operating Cash Balance,Cash Balance Details,1,2026,2,2026,1,02,05
2026-02-05,Total TGA Deposits (Table II),276335,892522,13787083,I,Operating Cash Balance,Cash Balance Details,2,2026,2,2026,1,02,05
2026-02-05,Total TGA Withdrawals (Table II) (-),269509,871204,13763345,I,Operating Cash Balance,Cash Balance Details,3,2026,2,2026,1,02,05
2026-02-05,Treasury General Account (TGA) Closing Balance,914563,914563,914563,I,Operating Cash Balance,Cash Balance Details,4,2026,2,2026,1,02,05
2026-02-04,Treasury General Account (TGA) Opening Balance,907892,893245,890825,I,Operating Cash Balance,Cash Balance Details,1,2026,2,2026,1,02,04
2026-02-04,Total TGA Deposits (Table II),18874,616187,13510748,I,Operating Cash Balance,Cash Balance Details,2,2026,2,2026,1,02,04
2026-02-04,Total TGA Withdrawals (Table II) (-),19029,601695,13493836,I,Operating Cash Balance,Cash Balance Details,3,2026,2,2026,1,02,04
2026-02-04,Treasury General Account (TGA) Closing Balance,907737,907737,907737,I,Operating Cash Balance,Cash Balance Details,4,2026,2,2026,1,02,04
2026-02-03,Treasury General Account (TGA) Opening Balance,897983,893245,890825,I,Operating Cash Balance,Cash Balance Details,1,2026,2,2026,1,02,03
2026-02-03,Total TGA Deposits (Table II),286821,597313,13491874,I,Operating Cash Balance,Cash Balance Details,2,2026,2,2026,1,02,03
2026-02-03,Total TGA Withdrawals (Table II) (-),276911,582666,13474807,I,Operating Cash Balance,Cash Balance Details,3,2026,2,2026,1,02,03
2026-02-03,Treasury General Account (TGA) Closing Balance,907892,907892,907892,I,Operating Cash Balance,Cash Balance Details,4,2026,2,2026,1,02,03
2026-02-02,Treasury General Account (TGA) Opening Balance,893245,893245,890825,I,Operating Cash Balance,Cash Balance Details,1,2026,2,2026,1,02,02
2026-02-02,Total TGA Deposits (Table II),310492,310492,13205053,I,Operating Cash Balance,Cash Balance Details,2,2026,2,2026,1,02,02
2026-02-02,Total TGA Withdrawals (Table II) (-),305754,305754,13197896,I,Operating Cash Balance,Cash Balance Details,3,2026,2,2026,1,02,02
2026-02-02,Treasury General Account (TGA) Closing Balance,897983,897983,897983,I,Operating Cash Balance,Cash Balance Details,4,2026,2,2026,1,02,02
2026-01-30,Treasury General Account (TGA) Opening Balance,968066,872853,890825,I,Operating Cash Balance,Cash Balance Details,1,2026,2,2026,1,01,30
2026-01-30,Total TGA Deposits (Table II),43755,3145054,12894562,I,Operating Cash Balance,Cash Balance Details,2,2026,2,2026,1,01,30
2026-01-30,Total TGA Withdrawals (Table II) (-),118575,3124663,12892142,I,Operating Cash Balance,Cash Balance Details,3,2026,2,2026,1,01,30
2026-01-30,Treasury General Account (TGA) Closing Balance,893245,893245,893245,I,Operating Cash Balance,Cash Balance Details,4,2026,2,2026,1,01,30
2026-01-29,Treasury General Account (TGA) Opening Balance,952705,872853,890825,I,Operating Cash Balance,Cash Balance Details,1,2026,2,2026,1,01,29
2026-01-29,Total TGA Deposits (Table II),282109,3101300,12850807,I,Operating Cash Balance,Cash Balance Details,2,2026,2,2026,1,01,29
2026-01-29,Total TGA Withdrawals (Table II) (-),266748,3006087,12773566,I,Operating Cash Balance,Cash Balance Details,3,2026,2,2026,1,01,29
2026-01-29,Treasury General Account (TGA) Closing Balance,968066,968066,968066,I,Operating Cash Balance,Cash Balance Details,4,2026,2,2026,1,01,29
2026-01-28,Treasury General Account (TGA) Opening Balance,974848,872853,890825,I,Operating Cash Balance,Cash Balance Details,1,2026,2,2026,1,01,28
2026-01-28,Total TGA Deposits (Table II),25787,2819191,12568698,I,Operating Cash Balance,Cash Balance Details,2,2026,2,2026,1,01,28
2026-01-28,Total TGA Withdrawals (Table II) (-),47931,2739340,12506819,I,Operating Cash Balance,Cash Balance Details,3,2026,2,2026,1,01,28
2026-01-28,Treasury General Account (TGA) Closing Balance,952705,952705,952705,I,Operating Cash Balance,Cash Balance Details,4,2026,2,2026,1,01,28
2026-01-27,Treasury General Account (TGA) Opening Balance,943665,872853,890825,I,Operating Cash Balance,Cash Balance Details,1,2026,2,2026,1,01,27
2026-01-27,Total TGA Deposits (Table II),281776,2793403,12542911,I,Operating Cash Balance,Cash Balance Details,2,2026,2,2026,1,01,27
2026-01-27,Total TGA Withdrawals (Table II) (-),250593,2691409,12458888,I,Operating Cash Balance,Cash Balance Details,3,2026,2,2026,1,01,27
2026-01-27,Treasury General Account (TGA) Closing Balance,974848,974848,974848,I,Operating Cash Balance,Cash Balance Details,4,2026,2,2026,1,01,27
2026-01-26,Treasury General Account (TGA) Opening Balance,900542,872853,890825,I,Operating Cash Balance,Cash Balance Details,1,2026,2,2026,1,01,26
2026-01-26,Total TGA Deposits (Table II),59203,2511628,12261135,I,Operating Cash Balance,Cash Balance Details,2,2026,2,2026,1,01,26
2026-01-26,Total TGA Withdrawals (Table II) (-),16079,2440816,12208295,I,Operating Cash Balance,Cash Balance Details,3,2026,2,2026,1,01,26
2026-01-26,Treasury General Account (TGA) Closing Balance,943665,943665,943665,I,Operating Cash Balance,Cash Balance Details,4,2026,2,2026,1,01,26
2026-01-23,Treasury General Account (TGA) Opening Balance,888450,872853,890825,I,Operating Cash Balance,Cash Balance Details,1,2026,2,2026,1,01,23
2026-01-23,Total TGA Deposits (Table II),27520,2452425,12201932,I,Operating Cash Balance,Cash Balance Details,2,2026,2,2026,1,01,23
2026-01-23,Total TGA Withdrawals (Table II) (-),15428,2424737,12192216,I,Operating Cash Balance,Cash Balance Details,3,2026,2,2026,1,01,23
2026-01-23,Treasury General Account (TGA) Closing Balance,900542,900542,900542,I,Operating Cash Balance,Cash Balance Details,4,2026,2,2026,1,01,23
2026-01-22,Treasury General Account (TGA) Opening Balance,871169,872853,890825,I,Operating Cash Balance,Cash Balance Details,1,2026,2,2026,1,01,22
2026-01-22,Total TGA Deposits (Table II),345408,2424905,12174412,I,Operating Cash Balance,Cash Balance Details,2,2026,2,2026,1,01,22
2026-01-22,Total TGA Withdrawals (Table II) (-),328128,2409309,12176788,I,Operating Cash Balance,Cash Balance Details,3,2026,2,2026,1,01,22
2026-01-22,Treasury General Account (TGA) Closing Balance,888450,888450,888450,I,Operating Cash Balance,Cash Balance Details,4,2026,2,2026,1,01,22
2026-01-21,Treasury General Account (TGA) Opening Balance,899869,872853,890825,I,Operating Cash Balance,Cash Balance Details,1,2026,2,2026,1,01,21
2026-01-21,Total TGA Deposits (Table II),19372,2079497,11829004,I,Operating Cash Balance,Cash Balance Details,2,2026,2,2026,1,01,21
2026-01-21,Total TGA Withdrawals (Table II) (-),48072,2081181,11848659,I,Operating Cash Balance,Cash Balance Details,3,2026,2,2026,1,01,21
2026-01-21,Treasury General Account (TGA) Closing Balance,871169,871169,871169,I,Operating Cash Balance,Cash Balance Details,4,2026,2,2026,1,01,21
2026-01-20,Treasury General Account (TGA) Opening Balance,868226,872853,890825,I,Operating Cash Balance,Cash Balance Details,1,2026,2,2026,1,01,20
2026-01-20,Total TGA Deposits (Table II),297770,2060124,11809632,I,Operating Cash Balance,Cash Balance Details,2,2026,2,2026,1,01,20
2026-01-20,Total TGA Withdrawals (Table II) (-),266127,2033109,11800587,I,Operating Cash Balance,Cash Balance Details,3,2026,2,2026,1,01,20
2026-01-20,Treasury General Account (TGA) Closing Balance,899869,899869,899869,I,Operating Cash Balance,Cash Balance Details,4,2026,2,2026,1,01,20
2026-01-16,Treasury General Account (TGA) Opening Balance,840883,872853,890825,I,Operating Cash Balance,Cash Balance Details,1,2026,2,2026,1,01,16
2026-01-16,Total TGA Deposits (Table II),46894,1762355,11511862,I,Operating Cash Balance,Cash Balance Details,2,2026,2,2026,1,01,16
2026-01-16,Total TGA Withdrawals (Table II) (-),19550,1766982,11534461,I,Operating Cash Balance,Cash Balance Details,3,2026,2,2026,1,01,16
2026-01-16,Treasury General Account (TGA) Closing Balance,868226,868226,868226,I,Operating Cash Balance,Cash Balance Details,4,2026,2,2026,1,01,16
2026-01-15,Treasury General Account (TGA) Opening Balance,777061,872853,890825,I,Operating Cash Balance,Cash Balance Details,1,2026,2,2026,1,01,15
2026-01-15,Total TGA Deposits (Table II),481122,1715461,11464968,I,Operating Cash Balance,Cash Balance Details,2,2026,2,2026,1,01,15
2026-01-15,Total TGA Withdrawals (Table II) (-),417300,1747432,11514911,I,Operating Cash Balance,Cash Balance Details,3,2026,2,2026,1,01,15
2026-01-15,Treasury General Account (TGA) Closing Balance,840883,840883,840883,I,Operating Cash Balance,Cash Balance Details,4,2026,2,2026,1,01,15
2026-01-14,Treasury General Account (TGA) Opening Balance,780790,872853,890825,I,Operating Cash Balance,Cash Balance Details,1,2026,2,2026,1,01,14
2026-01-14,Total TGA Deposits (Table II),45093,1234340,10983847,I,Operating Cash Balance,Cash Balance Details,2,2026,2,2026,1,01,14
2026-01-14,Total TGA Withdrawals (Table II) (-),48822,1330132,11097611,I,Operating Cash Balance,Cash Balance Details,3,2026,2,2026,1,01,14
2026-01-14,Treasury General Account (TGA) Closing Balance,777061,777061,777061,I,Operating Cash Balance,Cash Balance Details,4,2026,2,2026,1,01,14
2026-01-13,Treasury General Account (TGA) Opening Balance,797322,872853,890825,I,Operating Cash Balance,Cash Balance Details,1,2026,2,2026,1,01,13
2026-01-13,Total TGA Deposits (Table II),255308,1189247,10938754,I,Operating Cash Balance,Cash Balance Details,2,2026,2,2026,1,01,13
2026-01-13,Total TGA Withdrawals (Table II) (-),271840,1281310,11048788,I,Operating Cash Balance,Cash Balance Details,3,2026,2,2026,1,01,13
2026-01-13,Treasury General Account (TGA) Closing Balance,780790,780790,780790,I,Operating Cash Balance,Cash Balance Details,4,2026,2,2026,1,01,13
2026-01-12,Treasury General Account (TGA) Opening Balance,775114,872853,890825,I,Operating Cash Balance,Cash Balance Details,1,2026,2,2026,1,01,12
2026-01-12,Total TGA Deposits (Table II),40485,933938,10683445,I,Operating Cash Balance,Cash Balance Details,2,2026,2,2026,1,01,12
2026-01-12,Total TGA Withdrawals (Table II) (-),18278,1009469,10776948,I,Operating Cash Balance,Cash Balance Details,3,2026,2,2026,1,01,12
2026-01-12,Treasury General Account (TGA) Closing Balance,797322,797322,797322,I,Operating Cash Balance,Cash Balance Details,4,2026,2,2026,1,01,12
2026-01-09,Treasury General Account (TGA) Opening Balance,773709,872853,890825,I,Operating Cash Balance,Cash Balance Details,1,2026,2,2026,1,01,09
2026-01-09,Total TGA Deposits (Table II),18965,893453,10642960,I,Operating Cash Balance,Cash Balance Details,2,2026,2,2026,1,01,09
2026-01-09,Total TGA Withdrawals (Table II) (-),17559,991192,10758671,I,Operating Cash Balance,Cash Balance Details,3,2026,2,2026,1,01,09
2026-01-09,Treasury General Account (TGA) Closing Balance,775114,775114,775114,I,Operating Cash Balance,Cash Balance Details,4,2026,2,2026,1,01,09
2026-01-08,Treasury General Account (TGA) Opening Balance,783571,872853,890825,I,Operating Cash Balance,Cash Balance Details,1,2026,2,2026,1,01,08
2026-01-08,Total TGA Deposits (Table II),263883,874488,10623995,I,Operating Cash Balance,Cash Balance Details,2,2026,2,2026,1,01,08
2026-01-08,Total TGA Withdrawals (Table II) (-),273746,973633,10741112,I,Operating Cash Balance,Cash Balance Details,3,2026,2,2026,1,01,08
2026-01-08,Treasury General Account (TGA) Closing Balance,773709,773709,773709,I,Operating Cash Balance,Cash Balance Details,4,2026,2,2026,1,01,08
2026-01-07,Treasury General Account (TGA) Opening Balance,771936,872853,890825,I,Operating Cash Balance,Cash Balance Details,1,2026,2,2026,1,01,07
2026-01-07,Total TGA Deposits (Table II),26905,610605,10360112,I,Operating Cash Balance,Cash Balance Details,2,2026,2,2026,1,01,07
2026-01-07,Total TGA Withdrawals (Table II) (-),15269,699887,10467366,I,Operating Cash Balance,Cash Balance Details,3,2026,2,2026,1,01,07
2026-01-07,Treasury General Account (TGA) Closing Balance,783571,783571,783571,I,Operating Cash Balance,Cash Balance Details,4,2026,2,2026,1,01,07
2026-01-06,Treasury General Account (TGA) Opening Balance,801062,872853,890825,I,Operating Cash Balance,Cash Balance Details,1,2026,2,2026,1,01,06
2026-01-06,Total TGA Deposits (Table II),247368,583700,10333207,I,Operating Cash Balance,Cash Balance Details,2,2026,2,2026,1,01,06
2026-01-06,Total TGA Withdrawals (Table II) (-),276495,684618,10452097,I,Operating Cash Balance,Cash Balance Details,3,2026,2,2026,1,01,06
2026-01-06,Treasury General Account (TGA) Closing Balance,771936,771936,771936,I,Operating Cash Balance,Cash Balance Details,4,2026,2,2026,1,01,06
2026-01-05,Treasury General Account (TGA) Opening Balance,781204,872853,890825,I,Operating Cash Balance,Cash Balance Details,1,2026,2,2026,1,01,05
2026-01-05,Total TGA Deposits (Table II),37177,336331,10085839,I,Operating Cash Balance,Cash Balance Details,2,2026,2,2026,1,01,05
2026-01-05,Total TGA Withdrawals (Table II) (-),17319,408123,10175602,I,Operating Cash Balance,Cash Balance Details,3,2026,2,2026,1,01,05
2026-01-05,Treasury General Account (TGA) Closing Balance,801062,801062,801062,I,Operating Cash Balance,Cash Balance Details,4,2026,2,2026,1,01,05
2026-01-02,Treasury General Account (TGA) Opening Balance,872853,872853,890825,I,Operating Cash Balance,Cash Balance Details,1,2026,2,2026,1,01,02
2026-01-02,Total TGA Deposits (Table II),299155,299155,10048662,I,Operating Cash Balance,Cash Balance Details,2,2026,2,2026,1,01,02
2026-01-02,Total TGA Withdrawals (Table II) (-),390804,390804,10158283,I,Operating Cash Balance,Cash Balance Details,3,2026,2,2026,1,01,02
2026-01-02,Treasury General Account (TGA) Closing Balance,781204,781204,781204,I,Operating Cash Balance,Cash Balance Details,4,2026,2,2026,1,01,02
2025-12-31,Treasury General Account (TGA) Opening Balance,826406,956014,890825,I,Operating Cash Balance,Cash Balance Details,1,2026,1,2025,4,12,31
2025-12-31,Total TGA Deposits (Table II),276369,3452567,9749507,I,Operating Cash Balance,Cash Balance Details,2,2026,1,2025,4,12,31
2025-12-31,Total TGA Withdrawals (Table II) (-),229922,3535728,9767479,I,Operating Cash Balance,Cash Balance Details,3,2026,1,2025,4,12,31
2025-12-31,Treasury General Account (TGA) Closing Balance,872853,872853,872853,I,Operating Cash Balance,Cash Balance Details,4,2026,1,2025,4,12,31
2025-12-30,Treasury General Account (TGA) Opening Balance,858993,956014,890825,I,Operating Cash Balance,Cash Balance Details,1,2026,1,2025,4,12,30
2025-12-30,Total TGA Deposits (Table II),255772,3176198,9473138,I,Operating Cash Balance,Cash Balance Details,2,2026,1,2025,4,12,30
2025-12-30,Total TGA Withdrawals (Table II) (-),288359,3305806,9537557,I,Operating Cash Balance,Cash Balance Details,3,2026,1,2025,4,12,30
2025-12-30,Treasury General Account (TGA) Closing Balance,826406,826406,826406,I,Operating Cash Balance,Cash Balance Details,4,2026,1,2025,4,12,30
2025-12-29,Treasury General Account (TGA) Opening Balance,833784,956014,890825,I,Operating Cash Balance,Cash Balance Details,1,2026,1,2025,4,12,29
2025-12-29,Total TGA Deposits (Table II),38156,2920426,9217366,I,Operating Cash Balance,Cash Balance Details,2,2026,1,2025,4,12,29
2025-12-29,Total TGA Withdrawals (Table II) (-),12947,3017448,9249199,I,Operating Cash Balance,Cash Balance Details,3,2026,1,2025,4,12,29
2025-12-29,Treasury General Account (TGA) Closing Balance,858993,858993,858993,I,Operating Cash Balance,Cash Balance Details,4,2026,1,2025,4,12,29
2025-12-26,Treasury General Account (TGA) Opening Balance,801537,956014,890825,I,Operating Cash Balance,Cash Balance Details,1,2026,1,2025,4,12,26
2025-12-26,Total TGA Deposits (Table II),346355,2882270,9179210,I,Operating Cash Balance,Cash Balance Details,2,2026,1,2025,4,12,26
2025-12-26,Total TGA Withdrawals (Table II) (-),314109,3004500,9236251,I,Operating Cash Balance,Cash Balance Details,3,2026,1,2025,4,12,26
2025-12-26,Treasury General Account (TGA) Closing Balance,833784,833784,833784,I,Operating Cash Balance,Cash Balance Details,4,2026,1,2025,4,12,26
2025-12-24,Treasury General Account (TGA) Opening Balance,824439,956014,890825,I,Operating Cash Balance,Cash Balance Details,1,2026,1,2025,4,12,24
2025-12-24,Total TGA Deposits (Table II),25616,2535914,8832855,I,Operating Cash Balance,Cash Balance Details,2,2026,1,2025,4,12,24
2025-12-24,Total TGA Withdrawals (Table II) (-),48518,2690391,8922142,I,Operating Cash Balance,Cash Balance Details,3,2026,1,2025,4,12,24
2025-12-24,Treasury General Account (TGA) Closing Balance,801537,801537,801537,I,Operating Cash Balance,Cash Balance Details,4,2026,1,2025,4,12,24
2025-12-23,Treasury General Account (TGA) Opening Balance,872048,956014,890825,I,Operating Cash Balance,Cash Balance Details,1,2026,1,2025,4,12,23
2025-12-23,Total TGA Deposits (Table II),248269,2510298,8807238,I,Operating Cash Balance,Cash Balance Details,2,2026,1,2025,4,12,23
2025-12-23,Total TGA Withdrawals (Table II) (-),295878,2641874,8873625,I,Operating Cash Balance,Cash Balance Details,3,2026,1,2025,4,12,23
2025-12-23,Treasury General Account (TGA) Closing Balance,824439,824439,824439,I,Operating Cash Balance,Cash Balance Details,4,2026,1,2025,4,12,23
2025-12-22,Treasury General Account (TGA) Opening Balance,839799,956014,890825,I,Operating Cash Balance,Cash Balance Details,1,2026,1,2025,4,12,22
2025-12-22,Total TGA Deposits (Table II),64508,2262030,8558970,I,Operating Cash Balance,Cash Balance Details,2,2026,1,2025,4,12,22
2025-12-22,Total TGA Withdrawals (Table II) (-),32258,2345996,8577747,I,Operating Cash Balance,Cash Balance Details,3,2026,1,2025,4,12,22
2025-12-22,Treasury General Account (TGA) Closing Balance,872048,872048,872048,I,Operating Cash Balance,Cash Balance Details,4,2026,1,2025,4,12,22
2025-12-19,Treasury General Account (TGA) Opening Balance,842422,956014,890825,I,Operating Cash Balance,Cash Balance Details,1,2026,1,2025,4,12,19
2025-12-19,Total TGA Deposits (Table II),22452,2197522,8494462,I,Operating Cash Balance,Cash Balance Details,2,2026,1,2025,4,12,19
2025-12-19,Total TGA Withdrawals (Table II) (-),25076,2313737,8545488,I,Operating Cash Balance,Cash Balance Details,3,2026,1,2025,4,12,19
2025-12-19,Treasury General Account (TGA) Closing Balance,839799,839799,839799,I,Operating Cash Balance,Cash Balance Details,4,2026,1,2025,4,12,19
2025-12-18,Treasury General Account (TGA) Opening Balance,861417,956014,890825,I,Operating Cash Balance,Cash Balance Details,1,2026,1,2025,4,12,18
2025-12-18,Total TGA Deposits (Table II),259892,2175069,8472010,I,Operating Cash Balance,Cash Balance Details,2,2026,1,2025,4,12,18
2025-12-18,Total TGA Withdrawals (Table II) (-),278887,2288662,8520413,I,Operating Cash Balance,Cash Balance Details,3,2026,1,2025,4,12,18
2025-12-18,Treasury General Account (TGA) Closing Balance,842422,842422,842422,I,Operating Cash Balance,Cash Balance Details,4,2026,1,2025,4,12,18
2025-12-17,Treasury General Account (TGA) Opening Balance,887180,956014,890825,I,Operating Cash Balance,Cash Balance Details,1,2026,1,2025,4,12,17
2025-12-17,Total TGA Deposits (Table II),22865,1915178,8212118,I,Operating Cash Balance,Cash Balance Details,2,2026,1,2025,4,12,17
2025-12-17,Total TGA Withdrawals (Table II) (-),48629,2009775,8241526,I,Operating Cash Balance,Cash Balance Details,3,2026,1,2025,4,12,17
2025-12-17,Treasury General Account (TGA) Closing Balance,861417,861417,861417,I,Operating Cash Balance,Cash Balance Details,4,2026,1,2025,4,12,17
2025-12-16,Treasury General Account (TGA) Opening Balance,912994,956014,890825,I,Operating Cash Balance,Cash Balance Details,1,2026,1,2025,4,12,16
2025-12-16,Total TGA Deposits (Table II),267834,1892313,8189253,I,Operating Cash Balance,Cash Balance Details,2,2026,1,2025,4,12,16
2025-12-16,Total TGA Withdrawals (Table II) (-),293648,1961147,8192898,I,Operating Cash Balance,Cash Balance Details,3,2026,1,2025,4,12,16
2025-12-16,Treasury General Account (TGA) Closing Balance,887180,887180,887180,I,Operating Cash Balance,Cash Balance Details,4,2026,1,2025,4,12,16
2025-12-15,Treasury General Account (TGA) Opening Balance,792465,956014,890825,I,Operating Cash Balance,Cash Balance Details,1,2026,1,2025,4,12,15
2025-12-15,Total TGA Deposits (Table II),192018,1624479,7921419,I,Operating Cash Balance,Cash Balance Details,2,2026,1,2025,4,12,15
2025-12-15,Total TGA Withdrawals (Table II) (-),71488,1667499,7899250,I,Operating Cash Balance,Cash Balance Details,3,2026,1,2025,4,12,15
2025-12-15,Treasury General Account (TGA) Closing Balance,912994,912994,912994,I,Operating Cash Balance,Cash Balance Details,4,2026,1,2025,4,12,15
2025-12-12,Treasury General Account (TGA) Opening Balance,792667,956014,890825,I,Operating Cash Balance,Cash Balance Details,1,2026,1,2025,4,12,12
2025-12-12,Total TGA Deposits (Table II),30376,1432461,7729401,I,Operating Cash Balance,Cash Balance Details,2,2026,1,2025,4,12,12
2025-12-12,Total TGA Withdrawals (Table II) (-),30577,1596011,7827762,I,Operating Cash Balance,Cash Balance Details,3,2026,1,2025,4,12,12
2025-12-12,Treasury General Account (TGA) Closing Balance,792465,792465,792465,I,Operating Cash Balance,Cash Balance Details,4,2026,1,2025,4,12,12
2025-12-11,Treasury General Account (TGA) Opening Balance,805827,956014,890825,I,Operating Cash Balance,Cash Balance Details,1,2026,1,2025,4,12,11
2025-12-11,Total TGA Deposits (Table II),265729,1402086,7699026,I,Operating Cash Balance,Cash Balance Details,2,2026,1,2025,4,12,11
2025-12-11,Total TGA Withdrawals (Table II) (-),278890,1565433,7797184,I,Operating Cash Balance,Cash Balance Details,3,2026,1,2025,4,12,11
2025-12-11,Treasury General Account (TGA) Closing Balance,792667,792667,792667,I,Operating Cash Balance,Cash Balance Details,4,2026,1,2025,4,12,11
2025-12-10,Treasury General Account (TGA) Opening Balance,837306,956014,890825,I,Operating Cash Balance,Cash Balance Details,1,2026,1,2025,4,12,10
2025-12-10,Total TGA Deposits (Table II),21458,1136357,7433297,I,Operating Cash Balance,Cash Balance Details,2,2026,1,2025,4,12,10
2025-12-10,Total TGA Withdrawals (Table II) (-),52937,1286543,7518294,I,Operating Cash Balance,Cash Balance Details,3,2026,1,2025,4,12,10
2025-12-10,Treasury General Account (TGA) Closing Balance,805827,805827,805827,I,Operating Cash Balance,Cash Balance Details,4,2026,1,2025,4,12,10
2025-12-09,Treasury General Account (TGA) Opening Balance,880125,956014,890825,I,Operating Cash Balance,Cash Balance Details,1,2026,1,2025,4,12,09
2025-12-09,Total TGA Deposits (Table II),255233,1114898,7411839,I,Operating Cash Balance,Cash Balance Details,2,2026,1,2025,4,12,09
2025-12-09,Total TGA Withdrawals (Table II) (-),298052,1233606,7465358,I,Operating Cash Balance,Cash Balance Details,3,2026,1,2025,4,12,09
2025-12-09,Treasury General Account (TGA) Closing Balance,837306,837306,837306,I,Operating Cash Balance,Cash Balance Details,4,2026,1,2025,4,12,09
2025-12-08,Treasury General Account (TGA) Opening Balance,870232,956014,890825,I,Operating Cash Balance,Cash Balance Details,1,2026,1,2025,4,12,08
2025-12-08,Total TGA Deposits (Table II),32651,859665,7156605,I,Operating Cash Balance,Cash Balance Details,2,2026,1,2025,4,12,08
2025-12-08,Total TGA Withdrawals (Table II) (-),22758,935554,7167305,I,Operating Cash Balance,Cash Balance Details,3,2026,1,2025,4,12,08
2025-12-08,Treasury General Account (TGA) Closing Balance,880125,880125,880125,I,Operating Cash Balance,Cash Balance Details,4,2026,1,2025,4,12,08
2025-12-05,Treasury General Account (TGA) Opening Balance,878666,956014,890825,I,Operating Cash Balance,Cash Balance Details,1,2026,1,2025,4,12,05
2025-12-05,Total TGA Deposits (Table II),15805,827014,7123954,I,Operating Cash Balance,Cash Balance Details,2,2026,1,2025,4,12,05
2025-12-05,Total TGA Withdrawals (Table II) (-),24238,912796,7144547,I,Operating Cash Balance,Cash Balance Details,3,2026,1,2025,4,12,05
2025-12-05,Treasury General Account (TGA) Closing Balance,870232,870232,870232,I,Operating Cash Balance,Cash Balance Details,4,2026,1,2025,4,12,05
2025-12-04,Treasury General Account (TGA) Opening Balance,908523,956014,890825,I,Operating Cash Balance,Cash Balance Details,1,2026,1,2025,4,12,04
2025-12-04,Total TGA Deposits (Table II),253068,811209,7108150,I,Operating Cash Balance,Cash Balance Details,2,2026,1,2025,4,12,04
2025-12-04,Total TGA Withdrawals (Table II) (-),282925,888558,7120309,I,Operating Cash Balance,Cash Balance Details,3,2026,1,2025,4,12,04
2025-12-04,Treasury General Account (TGA) Closing Balance,878666,878666,878666,I,Operating Cash Balance,Cash Balance Details,4,2026,1,2025,4,12,04
2025-12-03,Treasury General Account (TGA) Opening Balance,935847,956014,890825,I,Operating Cash Balance,Cash Balance Details,1,2026,1,2025,4,12,03
2025-12-03,Total TGA Deposits (Table II),19215,558141,6855081,I,Operating Cash Balance,Cash Balance Details,2,2026,1,2025,4,12,03
2025-12-03,Total TGA Withdrawals (Table II) (-),46539,605633,6837384,I,Operating Cash Balance,Cash Balance Details,3,2026,1,2025,4,12,03
2025-12-03,Treasury General Account (TGA) Closing Balance,908523,908523,908523,I,Operating Cash Balance,Cash Balance Details,4,2026,1,2025,4,12,03
2025-12-02,Treasury General Account (TGA) Opening Balance,948079,956014,890825,I,Operating Cash Balance,Cash Balance Details,1,2026,1,2025,4,12,02
2025-12-02,Total TGA Deposits (Table II),273699,538926,6835866,I,Operating Cash Balance,Cash Balance Details,2,2026,1,2025,4,12,02
2025-12-02,Total TGA Withdrawals (Table II) (-),285932,559093,6790844,I,Operating Cash Balance,Cash Balance Details,3,2026,1,2025,4,12,02
2025-12-02,Treasury General Account (TGA) Closing Balance,935847,935847,935847,I,Operating Cash Balance,Cash Balance Details,4,2026,1,2025,4,12,02
2025-12-01,Treasury General Account (TGA) Opening Balance,956014,956014,890825,I,Operating Cash Balance,Cash Balance Details,1,2026,1,2025,4,12,01
2025-12-01,Total TGA Deposits (Table II),265226,265226,6562167,I,Operating Cash Balance,Cash Balance Details,2,2026,1,2025,4,12,01
2025-12-01,Total TGA Withdrawals (Table II) (-),273162,273162,6504913,I,Operating Cash Balance,Cash Balance Details,3,2026,1,2025,4,12,01
2025-12-01,Treasury General Account (TGA) Closing Balance,948079,948079,948079,I,Operating Cash Balance,Cash Balance Details,4,2026,1,2025,4,12,01
2025-11-28,Treasury General Account (TGA) Opening Balance,899678,926328,890825,I,Operating Cash Balance,Cash Balance Details,1,2026,1,2025,4,11,28
2025-11-28,Total TGA Deposits (Table II),380045,2858808,6296940,I,Operating Cash Balance,Cash Balance Details,2,2026,1,2025,4,11,28
2025-11-28,Total TGA Withdrawals (Table II) (-),323708,2829121,6231751,I,Operating Cash Balance,Cash Balance Details,3,2026,1,2025,4,11,28
2025-11-28,Treasury General Account (TGA) Closing Balance,956014,956014,956014,I,Operating Cash Balance,Cash Balance Details,4,2026,1,2025,4,11,28
2025-11-26,Treasury General Account (TGA) Opening Balance,931736,926328,890825,I,Operating Cash Balance,Cash Balance Details,1,2026,1,2025,4,11,26
2025-11-26,Total TGA Deposits (Table II),25308,2478763,5916896,I,Operating Cash Balance,Cash Balance Details,2,2026,1,2025,4,11,26
2025-11-26,Total TGA Withdrawals (Table II) (-),57366,2505413,5908043,I,Operating Cash Balance,Cash Balance Details,3,2026,1,2025,4,11,26
2025-11-26,Treasury General Account (TGA) Closing Balance,899678,899678,899678,I,Operating Cash Balance,Cash Balance Details,4,2026,1,2025,4,11,26
2025-11-25,Treasury General Account (TGA) Opening Balance,906547,926328,890825,I,Operating Cash Balance,Cash Balance Details,1,2026,1,2025,4,11,25
2025-11-25,Total TGA Deposits (Table II),312361,2453455,5891587,I,Operating Cash Balance,Cash Balance Details,2,2026,1,2025,4,11,25
2025-11-25,Total TGA Withdrawals (Table II) (-),287173,2448047,5850677,I,Operating Cash Balance,Cash Balance Details,3,2026,1,2025,4,11,25
2025-11-25,Treasury General Account (TGA) Closing Balance,931736,931736,931736,I,Operating Cash Balance,Cash Balance Details,4,2026,1,2025,4,11,25
2025-11-24,Treasury General Account (TGA) Opening Balance,892074,926328,890825,I,Operating Cash Balance,Cash Balance Details,1,2026,1,2025,4,11,24
2025-11-24,Total TGA Deposits (Table II),34085,2141094,5579226,I,Operating Cash Balance,Cash Balance Details,2,2026,1,2025,4,11,24
2025-11-24,Total TGA Withdrawals (Table II) (-),19612,2160874,5563504,I,Operating Cash Balance,Cash Balance Details,3,2026,1,2025,4,11,24
2025-11-24,Treasury General Account (TGA) Closing Balance,906547,906547,906547,I,Operating Cash Balance,Cash Balance Details,4,2026,1,2025,4,11,24
2025-11-21,Treasury General Account (TGA) Opening Balance,909575,926328,890825,I,Operating Cash Balance,Cash Balance Details,1,2026,1,2025,4,11,21
2025-11-21,Total TGA Deposits (Table II),15964,2107009,5545142,I,Operating Cash Balance,Cash Balance Details,2,2026,1,2025,4,11,21
2025-11-21,Total TGA Withdrawals (Table II) (-),33465,2141263,5543892,I,Operating Cash Balance,Cash Balance Details,3,2026,1,2025,4,11,21
2025-11-21,Treasury General Account (TGA) Closing Balance,892074,892074,892074,I,Operating Cash Balance,Cash Balance Details,4,2026,1,2025,4,11,21
2025-11-20,Treasury General Account (TGA) Opening Balance,900832,926328,890825,I,Operating Cash Balance,Cash Balance Details,1,2026,1,2025,4,11,20
2025-11-20,Total TGA Deposits (Table II),285417,2091045,5529177,I,Operating Cash Balance,Cash Balance Details,2,2026,1,2025,4,11,20
2025-11-20,Total TGA Withdrawals (Table II) (-),276674,2107797,5510427,I,Operating Cash Balance,Cash Balance Details,3,2026,1,2025,4,11,20
2025-11-20,Treasury General Account (TGA) Closing Balance,909575,909575,909575,I,Operating Cash Balance,Cash Balance Details,4,2026,1,2025,4,11,20
2025-11-19,Treasury General Account (TGA) Opening Balance,928422,926328,890825,I,Operating Cash Balance,Cash Balance Details,1,2026,1,2025,4,11,19
2025-11-19,Total TGA Deposits (Table II),24257,1805628,5243760,I,Operating Cash Balance,Cash Balance Details,2,2026,1,2025,4,11,19
2025-11-19,Total TGA Withdrawals (Table II) (-),51848,1831124,5233753,I,Operating Cash Balance,Cash Balance Details,3,2026,1,2025,4,11,19
2025-11-19,Treasury General Account (TGA) Closing Balance,900832,900832,900832,I,Operating Cash Balance,Cash Balance Details,4,2026,1,2025,4,11,19
2025-11-18,Treasury General Account (TGA) Opening Balance,924961,926328,890825,I,Operating Cash Balance,Cash Balance Details,1,2026,1,2025,4,11,18
2025-11-18,Total TGA Deposits (Table II),288436,1781371,5219503,I,Operating Cash Balance,Cash Balance Details,2,2026,1,2025,4,11,18
2025-11-18,Total TGA Withdrawals (Table II) (-),284975,1779276,5181906,I,Operating Cash Balance,Cash Balance Details,3,2026,1,2025,4,11,18
2025-11-18,Treasury General Account (TGA) Closing Balance,928422,928422,928422,I,Operating Cash Balance,Cash Balance Details,4,2026,1,2025,4,11,18
2025-11-17,Treasury General Account (TGA) Opening Balance,959113,926328,890825,I,Operating Cash Balance,Cash Balance Details,1,2026,1,2025,4,11,17
2025-11-17,Total TGA Deposits (Table II),189063,1492935,4931067,I,Operating Cash Balance,Cash Balance Details,2,2026,1,2025,4,11,17
2025-11-17,Total TGA Withdrawals (Table II) (-),223214,1494301,4896931,I,Operating Cash Balance,Cash Balance Details,3,2026,1,2025,4,11,17
2025-11-17,Treasury General Account (TGA) Closing Balance,924961,924961,924961,I,Operating Cash Balance,Cash Balance Details,4,2026,1,2025,4,11,17
2025-11-14,Treasury General Account (TGA) Opening Balance,961929,926328,890825,I,Operating Cash Balance,Cash Balance Details,1,2026,1,2025,4,11,14
2025-11-14,Total TGA Deposits (Table II),20475,1303872,4742005,I,Operating Cash Balance,Cash Balance Details,2,2026,1,2025,4,11,14
2025-11-14,Total TGA Withdrawals (Table II) (-),23292,1271087,4673717,I,Operating Cash Balance,Cash Balance Details,3,2026,1,2025,4,11,14
2025-11-14,Treasury General Account (TGA) Closing Balance,959113,959113,959113,I,Operating Cash Balance,Cash Balance Details,4,2026,1,2025,4,11,14
2025-11-13,Treasury General Account (TGA) Opening Balance,943145,926328,890825,I,Operating Cash Balance,Cash Balance Details,1,2026,1,2025,4,11,13
2025-11-13,Total TGA Deposits (Table II),294086,1283397,4721529,I,Operating Cash Balance,Cash Balance Details,2,2026,1,2025,4,11,13
2025-11-13,Total TGA Withdrawals (Table II) (-),275301,1247795,4650425,I,Operating Cash Balance,Cash Balance Details,3,2026,1,2025,4,11,13
2025-11-13,Treasury General Account (TGA) Closing Balance,961929,961929,961929,I,Operating Cash Balance,Cash Balance Details,4,2026,1,2025,4,11,13
2025-11-12,Treasury General Account (TGA) Opening Balance,965301,926328,890825,I,Operating Cash Balance,Cash Balance Details,1,2026,1,2025,4,11,12
2025-11-12,Total TGA Deposits (Table II),293955,989312,4427444,I,Operating Cash Balance,Cash Balance Details,2,2026,1,2025,4,11,12
2025-11-12,Total TGA Withdrawals (Table II) (-),316111,972494,4375124,I,Operating Cash Balance,Cash Balance Details,3,2026,1,2025,4,11,12
2025-11-12,Treasury General Account (TGA) Closing Balance,943145,943145,943145,I,Operating Cash Balance,Cash Balance Details,4,2026,1,2025,4,11,12
2025-11-10,Treasury General Account (TGA) Opening Balance,949804,926328,890825,I,Operating Cash Balance,Cash Balance Details,1,2026,1,2025,4,11,10
2025-11-10,Total TGA Deposits (Table II),32679,695356,4133489,I,Operating Cash Balance,Cash Balance Details,2,2026,1,2025,4,11,10
2025-11-10,Total TGA Withdrawals (Table II) (-),17183,656384,4059013,I,Operating Cash Balance,Cash Balance Details,3,2026,1,2025,4,11,10
2025-11-10,Treasury General Account (TGA) Closing Balance,965301,965301,965301,I,Operating Cash Balance,Cash Balance Details,4,2026,1,2025,4,11,10
2025-11-07,Treasury General Account (TGA) Opening Balance,953555,926328,890825,I,Operating Cash Balance,Cash Balance Details,1,2026,1,2025,4,11,07
2025-11-07,Total TGA Deposits (Table II),14764,662678,4100810,I,Operating Cash Balance,Cash Balance Details,2,2026,1,2025,4,11,07
2025-11-07,Total TGA Withdrawals (Table II) (-),18515,639201,4041831,I,Operating Cash Balance,Cash Balance Details,3,2026,1,2025,4,11,07
2025-11-07,Treasury General Account (TGA) Closing Balance,949804,949804,949804,I,Operating Cash Balance,Cash Balance Details,4,2026,1,2025,4,11,07
2025-11-06,Treasury General Account (TGA) Opening Balance,942700,926328,890825,I,Operating Cash Balance,Cash Balance Details,1,2026,1,2025,4,11,06
2025-11-06,Total TGA Deposits (Table II),278887,647914,4086046,I,Operating Cash Balance,Cash Balance Details,2,2026,1,2025,4,11,06
2025-11-06,Total TGA Withdrawals (Table II) (-),268031,620686,4023316,I,Operating Cash Balance,Cash Balance Details,3,2026,1,2025,4,11,06
2025-11-06,Treasury General Account (TGA) Closing Balance,953555,953555,953555,I,Operating Cash Balance,Cash Balance Details,4,2026,1,2025,4,11,06
2025-11-05,Treasury General Account (TGA) Opening Balance,939584,926328,890825,I,Operating Cash Balance,Cash Balance Details,1,2026,1,2025,4,11,05
2025-11-05,Total TGA Deposits (Table II),21468,369027,3807159,I,Operating Cash Balance,Cash Balance Details,2,2026,1,2025,4,11,05
2025-11-05,Total TGA Withdrawals (Table II) (-),18353,352654,3755284,I,Operating Cash Balance,Cash Balance Details,3,2026,1,2025,4,11,05
2025-11-05,Treasury General Account (TGA) Closing Balance,942700,942700,942700,I,Operating Cash Balance,Cash Balance Details,4,2026,1,2025,4,11,05
2025-11-04,Treasury General Account (TGA) Opening Balance,924957,926328,890825,I,Operating Cash Balance,Cash Balance Details,1,2026,1,2025,4,11,04
2025-11-04,Total TGA Deposits (Table II),292339,347558,3785691,I,Operating Cash Balance,Cash Balance Details,2,2026,1,2025,4,11,04
2025-11-04,Total TGA Withdrawals (Table II) (-),277712,334302,3736931,I,Operating Cash Balance,Cash Balance Details,3,2026,1,2025,4,11,04
2025-11-04,Treasury General Account (TGA) Closing Balance,939584,939584,939584,I,Operating Cash Balance,Cash Balance Details,4,2026,1,2025,4,11,04
2025-11-03,Treasury General Account (TGA) Opening Balance,926328,926328,890825,I,Operating Cash Balance,Cash Balance Details,1,2026,1,2025,4,11,03
2025-11-03,Total TGA Deposits (Table II),55219,55219,3493351,I,Operating Cash Balance,Cash Balance Details,2,2026,1,2025,4,11,03
2025-11-03,Total TGA Withdrawals (Table II) (-),56590,56590,3459219,I,Operating Cash Balance,Cash Balance Details,3,2026,1,2025,4,11,03
2025-11-03,Treasury General Account (TGA) Closing Balance,924957,924957,924957,I,Operating Cash Balance,Cash Balance Details,4,2026,1,2025,4,11,03
2025-10-31,Treasury General Account (TGA) Opening Balance,1000632,890825,890825,I,Operating Cash Balance,Cash Balance Details,1,2026,1,2025,4,10,31
2025-10-31,Total TGA Deposits (Table II),289542,3438132,3438132,I,Operating Cash Balance,Cash Balance Details,2,2026,1,2025,4,10,31
2025-10-31,Total TGA Withdrawals (Table II) (-),363847,3402630,3402630,I,Operating Cash Balance,Cash Balance Details,3,2026,1,2025,4,10,31
2025-10-31,Treasury General Account (TGA) Closing Balance,926328,926328,926328,I,Operating Cash Balance,Cash Balance Details,4,2026,1,2025,4,10,31
2025-10-30,Treasury General Account (TGA) Opening Balance,983859,890825,890825,I,Operating Cash Balance,Cash Balance Details,1,2026,1,2025,4,10,30
2025-10-30,Total TGA Deposits (Table II),334447,3148590,3148590,I,Operating Cash Balance,Cash Balance Details,2,2026,1,2025,4,10,30
2025-10-30,Total TGA Withdrawals (Table II) (-),317673,3038783,3038783,I,Operating Cash Balance,Cash Balance Details,3,2026,1,2025,4,10,30
2025-10-30,Treasury General Account (TGA) Closing Balance,1000632,1000632,1000632,I,Operating Cash Balance,Cash Balance Details,4,2026,1,2025,4,10,30
2025-10-29,Treasury General Account (TGA) Opening Balance,984857,890825,890825,I,Operating Cash Balance,Cash Balance Details,1,2026,1,2025,4,10,29
2025-10-29,Total TGA Deposits (Table II),20651,2814143,2814143,I,Operating Cash Balance,Cash Balance Details,2,2026,1,2025,4,10,29
2025-10-29,Total TGA Withdrawals (Table II) (-),21649,2721109,2721109,I,Operating Cash Balance,Cash Balance Details,3,2026,1,2025,4,10,29
2025-10-29,Treasury General Account (TGA) Closing Balance,983859,983859,983859,I,Operating Cash Balance,Cash Balance Details,4,2026,1,2025,4,10,29
2025-10-28,Treasury General Account (TGA) Opening Balance,964762,890825,890825,I,Operating Cash Balance,Cash Balance Details,1,2026,1,2025,4,10,28
2025-10-28,Total TGA Deposits (Table II),288481,2793493,2793493,I,Operating Cash Balance,Cash Balance Details,2,2026,1,2025,4,10,28
2025-10-28,Total TGA Withdrawals (Table II) (-),268385,2699460,2699460,I,Operating Cash Balance,Cash Balance Details,3,2026,1,2025,4,10,28
2025-10-28,Treasury General Account (TGA) Closing Balance,984857,984857,984857,I,Operating Cash Balance,Cash Balance Details,4,2026,1,2025,4,10,28
2025-10-27,Treasury General Account (TGA) Opening Balance,942495,890825,890825,I,Operating Cash Balance,Cash Balance Details,1,2026,1,2025,4,10,27
2025-10-27,Total TGA Deposits (Table II),35349,2505011,2505011,I,Operating Cash Balance,Cash Balance Details,2,2026,1,2025,4,10,27
2025-10-27,Total TGA Withdrawals (Table II) (-),13082,2431075,2431075,I,Operating Cash Balance,Cash Balance Details,3,2026,1,2025,4,10,27
2025-10-27,Treasury General Account (TGA) Closing Balance,964762,964762,964762,I,Operating Cash Balance,Cash Balance Details,4,2026,1,2025,4,10,27
2025-10-24,Treasury General Account (TGA) Opening Balance,944965,890825,890825,I,Operating Cash Balance,Cash Balance Details,1,2026,1,2025,4,10,24
2025-10-24,Total TGA Deposits (Table II),15254,2469663,2469663,I,Operating Cash Balance,Cash Balance Details,2,2026,1,2025,4,10,24
2025-10-24,Total TGA Withdrawals (Table II) (-),17725,2417993,2417993,I,Operating Cash Balance,Cash Balance Details,3,2026,1,2025,4,10,24
2025-10-24,Treasury General Account (TGA) Closing Balance,942495,942495,942495,I,Operating Cash Balance,Cash Balance Details,4,2026,1,2025,4,10,24
2025-10-23,Treasury General Account (TGA) Opening Balance,905074,890825,890825,I,Operating Cash Balance,Cash Balance Details,1,2026,1,2025,4,10,23
2025-10-23,Total TGA Deposits (Table II),303217,2454408,2454408,I,Operating Cash Balance,Cash Balance Details,2,2026,1,2025,4,10,23
2025-10-23,Total TGA Withdrawals (Table II) (-),263325,2400268,2400268,I,Operating Cash Balance,Cash Balance Details,3,2026,1,2025,4,10,23
2025-10-23,Treasury General Account (TGA) Closing Balance,944965,944965,944965,I,Operating Cash Balance,Cash Balance Details,4,2026,1,2025,4,10,23
2025-10-22,Total TGA Deposits (Table II),24819,2151192,2151192,I,Operating Cash Balance,Cash Balance Details,2,2026,1,2025,4,10,22
2025-10-22,Treasury General Account (TGA) Opening Balance,929315,890825,890825,I,Operating Cash Balance,Cash Balance Details,1,2026,1,2025,4,10,22
2025-10-22,Total TGA Withdrawals (Table II) (-),49060,2136943,2136943,I,Operating Cash Balance,Cash Balance Details,3,2026,1,2025,4,10,22
2025-10-22,Treasury General Account (TGA) Closing Balance,905074,905074,905074,I,Operating Cash Balance,Cash Balance Details,4,2026,1,2025,4,10,22
2025-10-21,Total TGA Deposits (Table II),289281,2126373,2126373,I,Operating Cash Balance,Cash Balance Details,2,2026,1,2025,4,10,21
2025-10-21,Treasury General Account (TGA) Opening Balance,905754,890825,890825,I,Operating Cash Balance,Cash Balance Details,1,2026,1,2025,4,10,21
2025-10-21,Total TGA Withdrawals (Table II) (-),265720,2087883,2087883,I,Operating Cash Balance,Cash Balance Details,3,2026,1,2025,4,10,21
2025-10-21,Treasury General Account (TGA) Closing Balance,929315,929315,929315,I,Operating Cash Balance,Cash Balance Details,4,2026,1,2025,4,10,21
2025-10-20,Treasury General Account (TGA) Opening Balance,905393,890825,890825,I,Operating Cash Balance,Cash Balance Details,1,2026,1,2025,4,10,20
2025-10-20,Total TGA Deposits (Table II),30162,1837092,1837092,I,Operating Cash Balance,Cash Balance Details,2,2026,1,2025,4,10,20
2025-10-20,Total TGA Withdrawals (Table II) (-),29801,1822163,1822163,I,Operating Cash Balance,Cash Balance Details,3,2026,1,2025,4,10,20
2025-10-20,Treasury General Account (TGA) Closing Balance,905754,905754,905754,I,Operating Cash Balance,Cash Balance Details,4,2026,1,2025,4,10,20
2025-10-17,Treasury General Account (TGA) Opening Balance,899682,890825,890825,I,Operating Cash Balance,Cash Balance Details,1,2026,1,2025,4,10,17
2025-10-17,Total TGA Deposits (Table II),19919,1806930,1806930,I,Operating Cash Balance,Cash Balance Details,2,2026,1,2025,4,10,17
2025-10-17,Total TGA Withdrawals (Table II) (-),14208,1792362,1792362,I,Operating Cash Balance,Cash Balance Details,3,2026,1,2025,4,10,17
2025-10-17,Treasury General Account (TGA) Closing Balance,905393,905393,905393,I,Operating Cash Balance,Cash Balance Details,4,2026,1,2025,4,10,17
2025-10-16,Treasury General Account (TGA) Opening Balance,851952,890825,890825,I,Operating Cash Balance,Cash Balance Details,1,2026,1,2025,4,10,16
2025-10-16,Total TGA Deposits (Table II),311668,1787011,1787011,I,Operating Cash Balance,Cash Balance Details,2,2026,1,2025,4,10,16
2025-10-16,Total TGA Withdrawals (Table II) (-),263938,1778154,1778154,I,Operating Cash Balance,Cash Balance Details,3,2026,1,2025,4,10,16
2025-10-16,Treasury General Account (TGA) Closing Balance,899682,899682,899682,I,Operating Cash Balance,Cash Balance Details,4,2026,1,2025,4,10,16
2025-10-15,Treasury General Account (TGA) Opening Balance,841366,890825,890825,I,Operating Cash Balance,Cash Balance Details,1,2026,1,2025,4,10,15
2025-10-15,Total TGA Deposits (Table II),157796,1475343,1475343,I,Operating Cash Balance,Cash Balance Details,2,2026,1,2025,4,10,15
2025-10-15,Total TGA Withdrawals (Table II) (-),147210,1514216,1514216,I,Operating Cash Balance,Cash Balance Details,3,2026,1,2025,4,10,15
2025-10-15,Treasury General Account (TGA) Closing Balance,851952,851952,851952,I,Operating Cash Balance,Cash Balance Details,4,2026,1,2025,4,10,15
2025-10-14,Treasury General Account (TGA) Opening Balance,794452,890825,890825,I,Operating Cash Balance,Cash Balance Details,1,2026,1,2025,4,10,14
2025-10-14,Total TGA Deposits (Table II),319283,1317547,1317547,I,Operating Cash Balance,Cash Balance Details,2,2026,1,2025,4,10,14
2025-10-14,Total TGA Withdrawals (Table II) (-),272369,1367006,1367006,I,Operating Cash Balance,Cash Balance Details,3,2026,1,2025,4,10,14
2025-10-14,Treasury General Account (TGA) Closing Balance,841366,841366,841366,I,Operating Cash Balance,Cash Balance Details,4,2026,1,2025,4,10,14
2025-10-10,Treasury General Account (TGA) Opening Balance,796023,890825,890825,I,Operating Cash Balance,Cash Balance Details,1,2026,1,2025,4,10,10
2025-10-10,Total TGA Deposits (Table II),19078,998264,998264,I,Operating Cash Balance,Cash Balance Details,2,2026,1,2025,4,10,10
2025-10-10,Total TGA Withdrawals (Table II) (-),20649,1094637,1094637,I,Operating Cash Balance,Cash Balance Details,3,2026,1,2025,4,10,10
2025-10-10,Treasury General Account (TGA) Closing Balance,794452,794452,794452,I,Operating Cash Balance,Cash Balance Details,4,2026,1,2025,4,10,10
2025-10-09,Treasury General Account (TGA) Opening Balance,794054,890825,890825,I,Operating Cash Balance,Cash Balance Details,1,2026,1,2025,4,10,09
2025-10-09,Total TGA Deposits (Table II),270379,979186,979186,I,Operating Cash Balance,Cash Balance Details,2,2026,1,2025,4,10,09
2025-10-09,Total TGA Withdrawals (Table II) (-),268410,1073988,1073988,I,Operating Cash Balance,Cash Balance Details,3,2026,1,2025,4,10,09
2025-10-09,Treasury General Account (TGA) Closing Balance,796023,796023,796023,I,Operating Cash Balance,Cash Balance Details,4,2026,1,2025,4,10,09
2025-10-08,Treasury General Account (TGA) Opening Balance,823736,890825,890825,I,Operating Cash Balance,Cash Balance Details,1,2026,1,2025,4,10,08
2025-10-08,Total TGA Deposits (Table II),20370,708807,708807,I,Operating Cash Balance,Cash Balance Details,2,2026,1,2025,4,10,08
2025-10-08,Total TGA Withdrawals (Table II) (-),50052,805578,805578,I,Operating Cash Balance,Cash Balance Details,3,2026,1,2025,4,10,08
2025-10-08,Treasury General Account (TGA) Closing Balance,794054,794054,794054,I,Operating Cash Balance,Cash Balance Details,4,2026,1,2025,4,10,08
2025-10-07,Treasury General Account (TGA) Opening Balance,815262,890825,890825,I,Operating Cash Balance,Cash Balance Details,1,2026,1,2025,4,10,07
2025-10-07,Total TGA Deposits (Table II),277507,688437,688437,I,Operating Cash Balance,Cash Balance Details,2,2026,1,2025,4,10,07
2025-10-07,Total TGA Withdrawals (Table II) (-),269032,755526,755526,I,Operating Cash Balance,Cash Balance Details,3,2026,1,2025,4,10,07
2025-10-07,Treasury General Account (TGA) Closing Balance,823736,823736,823736,I,Operating Cash Balance,Cash Balance Details,4,2026,1,2025,4,10,07
2025-10-06,Treasury General Account (TGA) Opening Balance,798367,890825,890825,I,Operating Cash Balance,Cash Balance Details,1,2026,1,2025,4,10,06
2025-10-06,Total TGA Deposits (Table II),30873,410931,410931,I,Operating Cash Balance,Cash Balance Details,2,2026,1,2025,4,10,06
2025-10-06,Total TGA Withdrawals (Table II) (-),13978,486494,486494,I,Operating Cash Balance,Cash Balance Details,3,2026,1,2025,4,10,06
2025-10-06,Treasury General Account (TGA) Closing Balance,815262,815262,815262,I,Operating Cash Balance,Cash Balance Details,4,2026,1,2025,4,10,06
2025-10-03,Treasury General Account (TGA) Opening Balance,823845,890825,890825,I,Operating Cash Balance,Cash Balance Details,1,2026,1,2025,4,10,03
2025-10-03,Total TGA Deposits (Table II),17235,380058,380058,I,Operating Cash Balance,Cash Balance Details,2,2026,1,2025,4,10,03
2025-10-03,Total TGA Withdrawals (Table II) (-),42713,472516,472516,I,Operating Cash Balance,Cash Balance Details,3,2026,1,2025,4,10,03
2025-10-03,Treasury General Account (TGA) Closing Balance,798367,798367,798367,I,Operating Cash Balance,Cash Balance Details,4,2026,1,2025,4,10,03
2025-10-02,Treasury General Account (TGA) Opening Balance,819378,890825,890825,I,Operating Cash Balance,Cash Balance Details,1,2026,1,2025,4,10,02
2025-10-02,Total TGA Deposits (Table II),322096,362823,362823,I,Operating Cash Balance,Cash Balance Details,2,2026,1,2025,4,10,02
2025-10-02,Total TGA Withdrawals (Table II) (-),317629,429803,429803,I,Operating Cash Balance,Cash Balance Details,3,2026,1,2025,4,10,02
2025-10-02,Treasury General Account (TGA) Closing Balance,823845,823845,823845,I,Operating Cash Balance,Cash Balance Details,4,2026,1,2025,4,10,02
2025-10-01,Treasury General Account (TGA) Opening Balance,890825,890825,890825,I,Operating Cash Balance,Cash Balance Details,1,2026,1,2025,4,10,01
2025-10-01,Total TGA Deposits (Table II),40728,40728,40728,I,Operating Cash Balance,Cash Balance Details,2,2026,1,2025,4,10,01
2025-10-01,Total TGA Withdrawals (Table II) (-),112174,112174,112174,I,Operating Cash Balance,Cash Balance Details,3,2026,1,2025,4,10,01
2025-10-01,Treasury General Account (TGA) Closing Balance,819378,819378,819378,I,Operating Cash Balance,Cash Balance Details,4,2026,1,2025,4,10,01
2025-09-30,Treasury General Account (TGA) Opening Balance,805674,555224,885725,I,Operating Cash Balance,Cash Balance Details,1,2025,4,2025,3,09,30
2025-09-30,Total TGA Deposits (Table II),511022,3572481,36915506,I,Operating Cash Balance,Cash Balance Details,2,2025,4,2025,3,09,30
2025-09-30,Total TGA Withdrawals (Table II) (-),425871,3236880,36910406,I,Operating Cash Balance,Cash Balance Details,3,2025,4,2025,3,09,30
2025-09-30,Treasury General Account (TGA) Closing Balance,890825,890825,890825,I,Operating Cash Balance,Cash Balance Details,4,2025,4,2025,3,09,30
2025-09-29,Treasury General Account (TGA) Opening Balance,786337,555224,885725,I,Operating Cash Balance,Cash Balance Details,1,2025,4,2025,3,09,29
2025-09-29,Total TGA Deposits (Table II),40055,3061459,36404484,I,Operating Cash Balance,Cash Balance Details,2,2025,4,2025,3,09,29
2025-09-29,Total TGA Withdrawals (Table II) (-),20718,2811009,36484535,I,Operating Cash Balance,Cash Balance Details,3,2025,4,2025,3,09,29
2025-09-29,Treasury General Account (TGA) Closing Balance,805674,805674,805674,I,Operating Cash Balance,Cash Balance Details,4,2025,4,2025,3,09,29
2025-09-26,Treasury General Account (TGA) Opening Balance,761087,555224,885725,I,Operating Cash Balance,Cash Balance Details,1,2025,4,2025,3,09,26
2025-09-26,Total TGA Deposits (Table II),49676,3021404,36364429,I,Operating Cash Balance,Cash Balance Details,2,2025,4,2025,3,09,26
2025-09-26,Total TGA Withdrawals (Table II) (-),24426,2790291,36463817,I,Operating Cash Balance,Cash Balance Details,3,2025,4,2025,3,09,26
2025-09-26,Treasury General Account (TGA) Closing Balance,786337,786337,786337,I,Operating Cash Balance,Cash Balance Details,4,2025,4,2025,3,09,26
2025-09-25,Treasury General Account (TGA) Opening Balance,757970,555224,885725,I,Operating Cash Balance,Cash Balance Details,1,2025,4,2025,3,09,25
2025-09-25,Total TGA Deposits (Table II),267100,2971728,36314753,I,Operating Cash Balance,Cash Balance Details,2,2025,4,2025,3,09,25
2025-09-25,Total TGA Withdrawals (Table II) (-),263983,2765865,36439392,I,Operating Cash Balance,Cash Balance Details,3,2025,4,2025,3,09,25
2025-09-25,Treasury General Account (TGA) Closing Balance,761087,761087,761087,I,Operating Cash Balance,Cash Balance Details,4,2025,4,2025,3,09,25
2025-09-24,Treasury General Account (TGA) Opening Balance,781512,555224,885725,I,Operating Cash Balance,Cash Balance Details,1,2025,4,2025,3,09,24
2025-09-24,Total TGA Deposits (Table II),26915,2704628,36047653,I,Operating Cash Balance,Cash Balance Details,2,2025,4,2025,3,09,24
2025-09-24,Total TGA Withdrawals (Table II) (-),50457,2501883,36175409,I,Operating Cash Balance,Cash Balance Details,3,2025,4,2025,3,09,24
2025-09-24,Treasury General Account (TGA) Closing Balance,757970,757970,757970,I,Operating Cash Balance,Cash Balance Details,4,2025,4,2025,3,09,24
2025-09-23,Treasury General Account (TGA) Opening Balance,822471,555224,885725,I,Operating Cash Balance,Cash Balance Details,1,2025,4,2025,3,09,23
2025-09-23,Total TGA Deposits (Table II),291915,2677714,36020738,I,Operating Cash Balance,Cash Balance Details,2,2025,4,2025,3,09,23
2025-09-23,Total TGA Withdrawals (Table II) (-),332874,2451426,36124952,I,Operating Cash Balance,Cash Balance Details,3,2025,4,2025,3,09,23
2025-09-23,Treasury General Account (TGA) Closing Balance,781512,781512,781512,I,Operating Cash Balance,Cash Balance Details,4,2025,4,2025,3,09,23
2025-09-22,Treasury General Account (TGA) Opening Balance,818530,555224,885725,I,Operating Cash Balance,Cash Balance Details,1,2025,4,2025,3,09,22
2025-09-22,Total TGA Deposits (Table II),37345,2385799,35728823,I,Operating Cash Balance,Cash Balance Details,2,2025,4,2025,3,09,22
2025-09-22,Total TGA Withdrawals (Table II) (-),33404,2118552,35792078,I,Operating Cash Balance,Cash Balance Details,3,2025,4,2025,3,09,22
2025-09-22,Treasury General Account (TGA) Closing Balance,822471,822471,822471,I,Operating Cash Balance,Cash Balance Details,4,2025,4,2025,3,09,22
2025-09-19,Treasury General Account (TGA) Opening Balance,816451,555224,885725,I,Operating Cash Balance,Cash Balance Details,1,2025,4,2025,3,09,19
2025-09-19,Total TGA Deposits (Table II),20390,2348454,35691479,I,Operating Cash Balance,Cash Balance Details,2,2025,4,2025,3,09,19
2025-09-19,Total TGA Withdrawals (Table II) (-),18312,2085148,35758674,I,Operating Cash Balance,Cash Balance Details,3,2025,4,2025,3,09,19
2025-09-19,Treasury General Account (TGA) Closing Balance,818530,818530,818530,I,Operating Cash Balance,Cash Balance Details,4,2025,4,2025,3,09,19
2025-09-18,Treasury General Account (TGA) Opening Balance,807142,555224,885725,I,Operating Cash Balance,Cash Balance Details,1,2025,4,2025,3,09,18
2025-09-18,Total TGA Deposits (Table II),266402,2328063,35671088,I,Operating Cash Balance,Cash Balance Details,2,2025,4,2025,3,09,18
2025-09-18,Total TGA Withdrawals (Table II) (-),257093,2066836,35740363,I,Operating Cash Balance,Cash Balance Details,3,2025,4,2025,3,09,18
2025-09-18,Treasury General Account (TGA) Closing Balance,816451,816451,816451,I,Operating Cash Balance,Cash Balance Details,4,2025,4,2025,3,09,18
2025-09-17,Treasury General Account (TGA) Opening Balance,823741,555224,885725,I,Operating Cash Balance,Cash Balance Details,1,2025,4,2025,3,09,17
2025-09-17,Total TGA Deposits (Table II),31628,2061662,35404687,I,Operating Cash Balance,Cash Balance Details,2,2025,4,2025,3,09,17
2025-09-17,Total TGA Withdrawals (Table II) (-),48226,1809743,35483270,I,Operating Cash Balance,Cash Balance Details,3,2025,4,2025,3,09,17
2025-09-17,Treasury General Account (TGA) Closing Balance,807142,807142,807142,I,Operating Cash Balance,Cash Balance Details,4,2025,4,2025,3,09,17
2025-09-16,Treasury General Account (TGA) Opening Balance,857709,555224,885725,I,Operating Cash Balance,Cash Balance Details,1,2025,4,2025,3,09,16
2025-09-16,Total TGA Deposits (Table II),291628,2030034,35373059,I,Operating Cash Balance,Cash Balance Details,2,2025,4,2025,3,09,16
2025-09-16,Total TGA Withdrawals (Table II) (-),325596,1761517,35435043,I,Operating Cash Balance,Cash Balance Details,3,2025,4,2025,3,09,16
2025-09-16,Treasury General Account (TGA) Closing Balance,823741,823741,823741,I,Operating Cash Balance,Cash Balance Details,4,2025,4,2025,3,09,16
2025-09-15,Treasury General Account (TGA) Opening Balance,707770,555224,885725,I,Operating Cash Balance,Cash Balance Details,1,2025,4,2025,3,09,15
2025-09-15,Total TGA Deposits (Table II),222035,1738406,35081431,I,Operating Cash Balance,Cash Balance Details,2,2025,4,2025,3,09,15
2025-09-15,Total TGA Withdrawals (Table II) (-),72095,1435921,35109448,I,Operating Cash Balance,Cash Balance Details,3,2025,4,2025,3,09,15
2025-09-15,Treasury General Account (TGA) Closing Balance,857709,857709,857709,I,Operating Cash Balance,Cash Balance Details,4,2025,4,2025,3,09,15
2025-09-12,Treasury General Account (TGA) Opening Balance,682732,555224,885725,I,Operating Cash Balance,Cash Balance Details,1,2025,4,2025,3,09,12
2025-09-12,Total TGA Deposits (Table II),46724,1516372,34859396,I,Operating Cash Balance,Cash Balance Details,2,2025,4,2025,3,09,12
2025-09-12,Total TGA Withdrawals (Table II) (-),21686,1363826,35037352,I,Operating Cash Balance,Cash Balance Details,3,2025,4,2025,3,09,12
2025-09-12,Treasury General Account (TGA) Closing Balance,707770,707770,707770,I,Operating Cash Balance,Cash Balance Details,4,2025,4,2025,3,09,12
2025-09-11,Treasury General Account (TGA) Opening Balance,667585,555224,885725,I,Operating Cash Balance,Cash Balance Details,1,2025,4,2025,3,09,11
2025-09-11,Total TGA Deposits (Table II),271069,1469648,34812673,I,Operating Cash Balance,Cash Balance Details,2,2025,4,2025,3,09,11
2025-09-11,Total TGA Withdrawals (Table II) (-),255922,1342140,35015666,I,Operating Cash Balance,Cash Balance Details,3,2025,4,2025,3,09,11
2025-09-11,Treasury General Account (TGA) Closing Balance,682732,682732,682732,I,Operating Cash Balance,Cash Balance Details,4,2025,4,2025,3,09,11
2025-09-10,Treasury General Account (TGA) Opening Balance,690281,555224,885725,I,Operating Cash Balance,Cash Balance Details,1,2025,4,2025,3,09,10
2025-09-10,Total TGA Deposits (Table II),26012,1198579,34541604,I,Operating Cash Balance,Cash Balance Details,2,2025,4,2025,3,09,10
2025-09-10,Total TGA Withdrawals (Table II) (-),48707,1086218,34759744,I,Operating Cash Balance,Cash Balance Details,3,2025,4,2025,3,09,10
2025-09-10,Treasury General Account (TGA) Closing Balance,667585,667585,667585,I,Operating Cash Balance,Cash Balance Details,4,2025,4,2025,3,09,10
2025-09-09,Treasury General Account (TGA) Opening Balance,680369,555224,885725,I,Operating Cash Balance,Cash Balance Details,1,2025,4,2025,3,09,09
2025-09-09,Total TGA Deposits (Table II),265998,1172567,34515592,I,Operating Cash Balance,Cash Balance Details,2,2025,4,2025,3,09,09
2025-09-09,Total TGA Withdrawals (Table II) (-),256086,1037511,34711037,I,Operating Cash Balance,Cash Balance Details,3,2025,4,2025,3,09,09
2025-09-09,Treasury General Account (TGA) Closing Balance,690281,690281,690281,I,Operating Cash Balance,Cash Balance Details,4,2025,4,2025,3,09,09
2025-09-08,Treasury General Account (TGA) Opening Balance,666137,555224,885725,I,Operating Cash Balance,Cash Balance Details,1,2025,4,2025,3,09,08
2025-09-08,Total TGA Deposits (Table II),32472,906570,34249594,I,Operating Cash Balance,Cash Balance Details,2,2025,4,2025,3,09,08
2025-09-08,Total TGA Withdrawals (Table II) (-),18241,781425,34454951,I,Operating Cash Balance,Cash Balance Details,3,2025,4,2025,3,09,08
2025-09-08,Treasury General Account (TGA) Closing Balance,680369,680369,680369,I,Operating Cash Balance,Cash Balance Details,4,2025,4,2025,3,09,08
2025-09-05,Total TGA Deposits (Table II),14977,874097,34217122,I,Operating Cash Balance,Cash Balance Details,2,2025,4,2025,3,09,05
2025-09-05,Treasury General Account (TGA) Opening Balance,669272,555224,885725,I,Operating Cash Balance,Cash Balance Details,1,2025,4,2025,3,09,05
2025-09-05,Total TGA Withdrawals (Table II) (-),18112,763184,34436710,I,Operating Cash Balance,Cash Balance Details,3,2025,4,2025,3,09,05
2025-09-05,Treasury General Account (TGA) Closing Balance,666137,666137,666137,I,Operating Cash Balance,Cash Balance Details,4,2025,4,2025,3,09,05
2025-09-04,Treasury General Account (TGA) Opening Balance,661939,555224,885725,I,Operating Cash Balance,Cash Balance Details,1,2025,4,2025,3,09,04
2025-09-04,Total TGA Deposits (Table II),312315,859120,34202145,I,Operating Cash Balance,Cash Balance Details,2,2025,4,2025,3,09,04
2025-09-04,Total TGA Withdrawals (Table II) (-),304982,745072,34418598,I,Operating Cash Balance,Cash Balance Details,3,2025,4,2025,3,09,04
2025-09-04,Treasury General Account (TGA) Closing Balance,669272,669272,669272,I,Operating Cash Balance,Cash Balance Details,4,2025,4,2025,3,09,04
2025-09-03,Treasury General Account (TGA) Opening Balance,690094,555224,885725,I,Operating Cash Balance,Cash Balance Details,1,2025,4,2025,3,09,03
2025-09-03,Total TGA Deposits (Table II),14416,546805,33889829,I,Operating Cash Balance,Cash Balance Details,2,2025,4,2025,3,09,03
2025-09-03,Total TGA Withdrawals (Table II) (-),42571,440090,34113616,I,Operating Cash Balance,Cash Balance Details,3,2025,4,2025,3,09,03
2025-09-03,Treasury General Account (TGA) Closing Balance,661939,661939,661939,I,Operating Cash Balance,Cash Balance Details,4,2025,4,2025,3,09,03
2025-09-02,Treasury General Account (TGA) Opening Balance,555224,555224,885725,I,Operating Cash Balance,Cash Balance Details,1,2025,4,2025,3,09,02
2025-09-02,Total TGA Deposits (Table II),532388,532388,33875413,I,Operating Cash Balance,Cash Balance Details,2,2025,4,2025,3,09,02
2025-09-02,Total TGA Withdrawals (Table II) (-),397518,397518,34071045,I,Operating Cash Balance,Cash Balance Details,3,2025,4,2025,3,09,02
2025-09-02,Treasury General Account (TGA) Closing Balance,690094,690094,690094,I,Operating Cash Balance,Cash Balance Details,4,2025,4,2025,3,09,02
2025-08-29,Treasury General Account (TGA) Opening Balance,609660,497596,885725,I,Operating Cash Balance,Cash Balance Details,1,2025,4,2025,3,08,29
2025-08-29,Total TGA Deposits (Table II),55825,2698969,33343025,I,Operating Cash Balance,Cash Balance Details,2,2025,4,2025,3,08,29
2025-08-29,Total TGA Withdrawals (Table II) (-),110261,2641341,33673526,I,Operating Cash Balance,Cash Balance Details,3,2025,4,2025,3,08,29
2025-08-29,Treasury General Account (TGA) Closing Balance,555224,555224,555224,I,Operating Cash Balance,Cash Balance Details,4,2025,4,2025,3,08,29
2025-08-28,Treasury General Account (TGA) Opening Balance,595798,497596,885725,I,Operating Cash Balance,Cash Balance Details,1,2025,4,2025,3,08,28
2025-08-28,Total TGA Deposits (Table II),259306,2643144,33287200,I,Operating Cash Balance,Cash Balance Details,2,2025,4,2025,3,08,28
2025-08-28,Total TGA Withdrawals (Table II) (-),245444,2531080,33563265,I,Operating Cash Balance,Cash Balance Details,3,2025,4,2025,3,08,28
2025-08-28,Treasury General Account (TGA) Closing Balance,609660,609660,609660,I,Operating Cash Balance,Cash Balance Details,4,2025,4,2025,3,08,28
2025-08-27,Treasury General Account (TGA) Opening Balance,632894,497596,885725,I,Operating Cash Balance,Cash Balance Details,1,2025,4,2025,3,08,27
2025-08-27,Total TGA Deposits (Table II),19241,2383838,33027893,I,Operating Cash Balance,Cash Balance Details,2,2025,4,2025,3,08,27
2025-08-27,Total TGA Withdrawals (Table II) (-),56337,2285635,33317821,I,Operating Cash Balance,Cash Balance Details,3,2025,4,2025,3,08,27
2025-08-27,Treasury General Account (TGA) Closing Balance,595798,595798,595798,I,Operating Cash Balance,Cash Balance Details,4,2025,4,2025,3,08,27
2025-08-26,Treasury General Account (TGA) Opening Balance,595519,497596,885725,I,Operating Cash Balance,Cash Balance Details,1,2025,4,2025,3,08,26
2025-08-26,Total TGA Deposits (Table II),264917,2364597,33008653,I,Operating Cash Balance,Cash Balance Details,2,2025,4,2025,3,08,26
2025-08-26,Total TGA Withdrawals (Table II) (-),227542,2229298,33261484,I,Operating Cash Balance,Cash Balance Details,3,2025,4,2025,3,08,26
2025-08-26,Treasury General Account (TGA) Closing Balance,632894,632894,632894,I,Operating Cash Balance,Cash Balance Details,4,2025,4,2025,3,08,26
2025-08-25,Treasury General Account (TGA) Opening Balance,581509,497596,885725,I,Operating Cash Balance,Cash Balance Details,1,2025,4,2025,3,08,25
2025-08-25,Total TGA Deposits (Table II),31129,2101609,32745672,I,Operating Cash Balance,Cash Balance Details,2,2025,4,2025,3,08,25
2025-08-25,Total TGA Withdrawals (Table II) (-),17119,2003686,33035878,I,Operating Cash Balance,Cash Balance Details,3,2025,4,2025,3,08,25
2025-08-25,Treasury General Account (TGA) Closing Balance,595519,595519,595519,I,Operating Cash Balance,Cash Balance Details,4,2025,4,2025,3,08,25
2025-08-22,Treasury General Account (TGA) Opening Balance,561249,497596,885725,I,Operating Cash Balance,Cash Balance Details,1,2025,4,2025,3,08,22
2025-08-22,Total TGA Deposits (Table II),35825,2070480,32714542,I,Operating Cash Balance,Cash Balance Details,2,2025,4,2025,3,08,22
2025-08-22,Total TGA Withdrawals (Table II) (-),15565,1986567,33018759,I,Operating Cash Balance,Cash Balance Details,3,2025,4,2025,3,08,22
2025-08-22,Treasury General Account (TGA) Closing Balance,581509,581509,581509,I,Operating Cash Balance,Cash Balance Details,4,2025,4,2025,3,08,22
2025-08-21,Treasury General Account (TGA) Opening Balance,526063,497596,885725,I,Operating Cash Balance,Cash Balance Details,1,2025,4,2025,3,08,21
2025-08-21,Total TGA Deposits (Table II),262909,2034655,32678718,I,Operating Cash Balance,Cash Balance Details,2,2025,4,2025,3,08,21
2025-08-21,Total TGA Withdrawals (Table II) (-),227723,1971002,33003194,I,Operating Cash Balance,Cash Balance Details,3,2025,4,2025,3,08,21
2025-08-21,Treasury General Account (TGA) Closing Balance,561249,561249,561249,I,Operating Cash Balance,Cash Balance Details,4,2025,4,2025,3,08,21
2025-08-20,Treasury General Account (TGA) Opening Balance,562784,497596,885725,I,Operating Cash Balance,Cash Balance Details,1,2025,4,2025,3,08,20
2025-08-20,Total TGA Deposits (Table II),21882,1771746,32415809,I,Operating Cash Balance,Cash Balance Details,2,2025,4,2025,3,08,20
2025-08-20,Total TGA Withdrawals (Table II) (-),58603,1743279,32775472,I,Operating Cash Balance,Cash Balance Details,3,2025,4,2025,3,08,20
2025-08-20,Treasury General Account (TGA) Closing Balance,526063,526063,526063,I,Operating Cash Balance,Cash Balance Details,4,2025,4,2025,3,08,20
2025-08-19,Treasury General Account (TGA) Opening Balance,519490,497596,885725,I,Operating Cash Balance,Cash Balance Details,1,2025,4,2025,3,08,19
2025-08-19,Total TGA Deposits (Table II),268756,1749864,32393920,I,Operating Cash Balance,Cash Balance Details,2,2025,4,2025,3,08,19
2025-08-19,Total TGA Withdrawals (Table II) (-),225462,1684676,32716861,I,Operating Cash Balance,Cash Balance Details,3,2025,4,2025,3,08,19
2025-08-19,Treasury General Account (TGA) Closing Balance,562784,562784,562784,I,Operating Cash Balance,Cash Balance Details,4,2025,4,2025,3,08,19
2025-08-18,Treasury General Account (TGA) Opening Balance,493107,497596,885725,I,Operating Cash Balance,Cash Balance Details,1,2025,4,2025,3,08,18
2025-08-18,Total TGA Deposits (Table II),43871,1481109,32125164,I,Operating Cash Balance,Cash Balance Details,2,2025,4,2025,3,08,18
2025-08-18,Total TGA Withdrawals (Table II) (-),17488,1459215,32491400,I,Operating Cash Balance,Cash Balance Details,3,2025,4,2025,3,08,18
2025-08-18,Treasury General Account (TGA) Closing Balance,519490,519490,519490,I,Operating Cash Balance,Cash Balance Details,4,2025,4,2025,3,08,18
2025-08-15,Treasury General Account (TGA) Opening Balance,549080,497596,885725,I,Operating Cash Balance,Cash Balance Details,1,2025,4,2025,3,08,15
2025-08-15,Total TGA Deposits (Table II),185615,1437238,32081293,I,Operating Cash Balance,Cash Balance Details,2,2025,4,2025,3,08,15
2025-08-15,Total TGA Withdrawals (Table II) (-),241588,1441726,32473912,I,Operating Cash Balance,Cash Balance Details,3,2025,4,2025,3,08,15
2025-08-15,Treasury General Account (TGA) Closing Balance,493107,493107,493107,I,Operating Cash Balance,Cash Balance Details,4,2025,4,2025,3,08,15
2025-08-14,Treasury General Account (TGA) Opening Balance,515469,497596,885725,I,Operating Cash Balance,Cash Balance Details,1,2025,4,2025,3,08,14
2025-08-14,Total TGA Deposits (Table II),266513,1251623,31895678,I,Operating Cash Balance,Cash Balance Details,2,2025,4,2025,3,08,14
2025-08-14,Total TGA Withdrawals (Table II) (-),232903,1200139,32232324,I,Operating Cash Balance,Cash Balance Details,3,2025,4,2025,3,08,14
2025-08-14,Treasury General Account (TGA) Closing Balance,549080,549080,549080,I,Operating Cash Balance,Cash Balance Details,4,2025,4,2025,3,08,14
2025-08-13,Treasury General Account (TGA) Opening Balance,545499,497596,885725,I,Operating Cash Balance,Cash Balance Details,1,2025,4,2025,3,08,13
2025-08-13,Total TGA Deposits (Table II),16541,985110,31629165,I,Operating Cash Balance,Cash Balance Details,2,2025,4,2025,3,08,13
2025-08-13,Total TGA Withdrawals (Table II) (-),46571,967236,31999421,I,Operating Cash Balance,Cash Balance Details,3,2025,4,2025,3,08,13
2025-08-13,Treasury General Account (TGA) Closing Balance,515469,515469,515469,I,Operating Cash Balance,Cash Balance Details,4,2025,4,2025,3,08,13
2025-08-12,Treasury General Account (TGA) Opening Balance,504280,497596,885725,I,Operating Cash Balance,Cash Balance Details,1,2025,4,2025,3,08,12
2025-08-12,Total TGA Deposits (Table II),262338,968568,31612624,I,Operating Cash Balance,Cash Balance Details,2,2025,4,2025,3,08,12
2025-08-12,Total TGA Withdrawals (Table II) (-),221120,920665,31952850,I,Operating Cash Balance,Cash Balance Details,3,2025,4,2025,3,08,12
2025-08-12,Treasury General Account (TGA) Closing Balance,545499,545499,545499,I,Operating Cash Balance,Cash Balance Details,4,2025,4,2025,3,08,12
2025-08-11,Treasury General Account (TGA) Opening Balance,491063,497596,885725,I,Operating Cash Balance,Cash Balance Details,1,2025,4,2025,3,08,11
2025-08-11,Total TGA Deposits (Table II),28732,706230,31350285,I,Operating Cash Balance,Cash Balance Details,2,2025,4,2025,3,08,11
2025-08-11,Total TGA Withdrawals (Table II) (-),15515,699545,31731730,I,Operating Cash Balance,Cash Balance Details,3,2025,4,2025,3,08,11
2025-08-11,Treasury General Account (TGA) Closing Balance,504280,504280,504280,I,Operating Cash Balance,Cash Balance Details,4,2025,4,2025,3,08,11
2025-08-08,Treasury General Account (TGA) Opening Balance,491691,497596,885725,I,Operating Cash Balance,Cash Balance Details,1,2025,4,2025,3,08,08
2025-08-08,Total TGA Deposits (Table II),14780,677498,31321553,I,Operating Cash Balance,Cash Balance Details,2,2025,4,2025,3,08,08
2025-08-08,Total TGA Withdrawals (Table II) (-),15408,684030,31716216,I,Operating Cash Balance,Cash Balance Details,3,2025,4,2025,3,08,08
2025-08-08,Treasury General Account (TGA) Closing Balance,491063,491063,491063,I,Operating Cash Balance,Cash Balance Details,4,2025,4,2025,3,08,08
2025-08-07,Treasury General Account (TGA) Opening Balance,464315,497596,885725,I,Operating Cash Balance,Cash Balance Details,1,2025,4,2025,3,08,07
2025-08-07,Total TGA Deposits (Table II),311574,662718,31306773,I,Operating Cash Balance,Cash Balance Details,2,2025,4,2025,3,08,07
2025-08-07,Total TGA Withdrawals (Table II) (-),284198,668623,31700808,I,Operating Cash Balance,Cash Balance Details,3,2025,4,2025,3,08,07
2025-08-07,Treasury General Account (TGA) Closing Balance,491691,491691,491691,I,Operating Cash Balance,Cash Balance Details,4,2025,4,2025,3,08,07
2025-08-06,Treasury General Account (TGA) Opening Balance,459240,497596,885725,I,Operating Cash Balance,Cash Balance Details,1,2025,4,2025,3,08,06
2025-08-06,Total TGA Deposits (Table II),20385,351144,30995199,I,Operating Cash Balance,Cash Balance Details,2,2025,4,2025,3,08,06
2025-08-06,Total TGA Withdrawals (Table II) (-),15311,384425,31416610,I,Operating Cash Balance,Cash Balance Details,3,2025,4,2025,3,08,06
2025-08-06,Treasury General Account (TGA) Closing Balance,464315,464315,464315,I,Operating Cash Balance,Cash Balance Details,4,2025,4,2025,3,08,06
2025-08-05,Treasury General Account (TGA) Opening Balance,392810,497596,885725,I,Operating Cash Balance,Cash Balance Details,1,2025,4,2025,3,08,05
2025-08-05,Total TGA Deposits (Table II),260275,330758,30974814,I,Operating Cash Balance,Cash Balance Details,2,2025,4,2025,3,08,05
2025-08-05,Total TGA Withdrawals (Table II) (-),193845,369114,31401299,I,Operating Cash Balance,Cash Balance Details,3,2025,4,2025,3,08,05
2025-08-05,Treasury General Account (TGA) Closing Balance,459240,459240,459240,I,Operating Cash Balance,Cash Balance Details,4,2025,4,2025,3,08,05
2025-08-04,Treasury General Account (TGA) Opening Balance,377780,497596,885725,I,Operating Cash Balance,Cash Balance Details,1,2025,4,2025,3,08,04
2025-08-04,Total TGA Deposits (Table II),33914,70483,30714539,I,Operating Cash Balance,Cash Balance Details,2,2025,4,2025,3,08,04
2025-08-04,Total TGA Withdrawals (Table II) (-),18884,175269,31207454,I,Operating Cash Balance,Cash Balance Details,3,2025,4,2025,3,08,04
2025-08-04,Treasury General Account (TGA) Closing Balance,392810,392810,392810,I,Operating Cash Balance,Cash Balance Details,4,2025,4,2025,3,08,04
2025-08-01,Treasury General Account (TGA) Opening Balance,497596,497596,885725,I,Operating Cash Balance,Cash Balance Details,1,2025,4,2025,3,08,01
2025-08-01,Total TGA Deposits (Table II),36569,36569,30680624,I,Operating Cash Balance,Cash Balance Details,2,2025,4,2025,3,08,01
2025-08-01,Total TGA Withdrawals (Table II) (-),156385,156385,31188570,I,Operating Cash Balance,Cash Balance Details,3,2025,4,2025,3,08,01
2025-08-01,Treasury General Account (TGA) Closing Balance,377780,377780,377780,I,Operating Cash Balance,Cash Balance Details,4,2025,4,2025,3,08,01
2025-07-31,Treasury General Account (TGA) Opening Balance,419446,456980,885725,I,Operating Cash Balance,Cash Balance Details,1,2025,4,2025,3,07,31
2025-07-31,Total TGA Deposits (Table II),528382,3205317,30644055,I,Operating Cash Balance,Cash Balance Details,2,2025,4,2025,3,07,31
2025-07-31,Total TGA Withdrawals (Table II) (-),450232,3164701,31032185,I,Operating Cash Balance,Cash Balance Details,3,2025,4,2025,3,07,31
2025-07-31,Treasury General Account (TGA) Closing Balance,497596,497596,497596,I,Operating Cash Balance,Cash Balance Details,4,2025,4,2025,3,07,31
2025-07-30,Treasury General Account (TGA) Opening Balance,417834,456980,885725,I,Operating Cash Balance,Cash Balance Details,1,2025,4,2025,3,07,30
2025-07-30,Total TGA Deposits (Table II),16570,2676935,30115674,I,Operating Cash Balance,Cash Balance Details,2,2025,4,2025,3,07,30
2025-07-30,Total TGA Withdrawals (Table II) (-),14958,2714469,30581953,I,Operating Cash Balance,Cash Balance Details,3,2025,4,2025,3,07,30
2025-07-30,Treasury General Account (TGA) Closing Balance,419446,419446,419446,I,Operating Cash Balance,Cash Balance Details,4,2025,4,2025,3,07,30
2025-07-29,Treasury General Account (TGA) Opening Balance,362570,456980,885725,I,Operating Cash Balance,Cash Balance Details,1,2025,4,2025,3,07,29
2025-07-29,Total TGA Deposits (Table II),260748,2660365,30099104,I,Operating Cash Balance,Cash Balance Details,2,2025,4,2025,3,07,29
2025-07-29,Total TGA Withdrawals (Table II) (-),205483,2699511,30566995,I,Operating Cash Balance,Cash Balance Details,3,2025,4,2025,3,07,29
2025-07-29,Treasury General Account (TGA) Closing Balance,417834,417834,417834,I,Operating Cash Balance,Cash Balance Details,4,2025,4,2025,3,07,29
2025-07-28,Treasury General Account (TGA) Opening Balance,348098,456980,885725,I,Operating Cash Balance,Cash Balance Details,1,2025,4,2025,3,07,28
2025-07-28,Total TGA Deposits (Table II),30762,2399618,29838356,I,Operating Cash Balance,Cash Balance Details,2,2025,4,2025,3,07,28
2025-07-28,Total TGA Withdrawals (Table II) (-),16290,2494028,30361512,I,Operating Cash Balance,Cash Balance Details,3,2025,4,2025,3,07,28
2025-07-28,Treasury General Account (TGA) Closing Balance,362570,362570,362570,I,Operating Cash Balance,Cash Balance Details,4,2025,4,2025,3,07,28
2025-07-25,Treasury General Account (TGA) Opening Balance,349408,456980,885725,I,Operating Cash Balance,Cash Balance Details,1,2025,4,2025,3,07,25
2025-07-25,Total TGA Deposits (Table II),13692,2368856,29807595,I,Operating Cash Balance,Cash Balance Details,2,2025,4,2025,3,07,25
2025-07-25,Total TGA Withdrawals (Table II) (-),15002,2477738,30345222,I,Operating Cash Balance,Cash Balance Details,3,2025,4,2025,3,07,25
2025-07-25,Treasury General Account (TGA) Closing Balance,348098,348098,348098,I,Operating Cash Balance,Cash Balance Details,4,2025,4,2025,3,07,25
2025-07-24,Treasury General Account (TGA) Opening Balance,333538,456980,885725,I,Operating Cash Balance,Cash Balance Details,1,2025,4,2025,3,07,24
2025-07-24,Total TGA Deposits (Table II),250884,2355164,29793903,I,Operating Cash Balance,Cash Balance Details,2,2025,4,2025,3,07,24
2025-07-24,Total TGA Withdrawals (Table II) (-),235014,2462736,30330220,I,Operating Cash Balance,Cash Balance Details,3,2025,4,2025,3,07,24
2025-07-24,Treasury General Account (TGA) Closing Balance,349408,349408,349408,I,Operating Cash Balance,Cash Balance Details,4,2025,4,2025,3,07,24
2025-07-23,Treasury General Account (TGA) Opening Balance,345335,456980,885725,I,Operating Cash Balance,Cash Balance Details,1,2025,4,2025,3,07,23
2025-07-23,Total TGA Deposits (Table II),35019,2104280,29543018,I,Operating Cash Balance,Cash Balance Details,2,2025,4,2025,3,07,23
2025-07-23,Total TGA Withdrawals (Table II) (-),46817,2227722,30095206,I,Operating Cash Balance,Cash Balance Details,3,2025,4,2025,3,07,23
2025-07-23,Treasury General Account (TGA) Closing Balance,333538,333538,333538,I,Operating Cash Balance,Cash Balance Details,4,2025,4,2025,3,07,23
2025-07-22,Treasury General Account (TGA) Opening Balance,319359,456980,885725,I,Operating Cash Balance,Cash Balance Details,1,2025,4,2025,3,07,22
2025-07-22,Total TGA Deposits (Table II),246598,2069261,29508000,I,Operating Cash Balance,Cash Balance Details,2,2025,4,2025,3,07,22
2025-07-22,Total TGA Withdrawals (Table II) (-),220622,2180906,30048390,I,Operating Cash Balance,Cash Balance Details,3,2025,4,2025,3,07,22
2025-07-22,Treasury General Account (TGA) Closing Balance,345335,345335,345335,I,Operating Cash Balance,Cash Balance Details,4,2025,4,2025,3,07,22
2025-07-21,Treasury General Account (TGA) Opening Balance,315658,456980,885725,I,Operating Cash Balance,Cash Balance Details,1,2025,4,2025,3,07,21
2025-07-21,Total TGA Deposits (Table II),31580,1822662,29261401,I,Operating Cash Balance,Cash Balance Details,2,2025,4,2025,3,07,21
2025-07-21,Total TGA Withdrawals (Table II) (-),27879,1960284,29827768,I,Operating Cash Balance,Cash Balance Details,3,2025,4,2025,3,07,21
2025-07-21,Treasury General Account (TGA) Closing Balance,319359,319359,319359,I,Operating Cash Balance,Cash Balance Details,4,2025,4,2025,3,07,21
2025-07-18,Treasury General Account (TGA) Opening Balance,317026,456980,885725,I,Operating Cash Balance,Cash Balance Details,1,2025,4,2025,3,07,18
2025-07-18,Total TGA Deposits (Table II),17721,1791082,29229821,I,Operating Cash Balance,Cash Balance Details,2,2025,4,2025,3,07,18
2025-07-18,Total TGA Withdrawals (Table II) (-),19089,1932405,29799889,I,Operating Cash Balance,Cash Balance Details,3,2025,4,2025,3,07,18
2025-07-18,Treasury General Account (TGA) Closing Balance,315658,315658,315658,I,Operating Cash Balance,Cash Balance Details,4,2025,4,2025,3,07,18
2025-07-17,Treasury General Account (TGA) Opening Balance,312085,456980,885725,I,Operating Cash Balance,Cash Balance Details,1,2025,4,2025,3,07,17
2025-07-17,Total TGA Deposits (Table II),242555,1773361,29212100,I,Operating Cash Balance,Cash Balance Details,2,2025,4,2025,3,07,17
2025-07-17,Total TGA Withdrawals (Table II) (-),237615,1913315,29780799,I,Operating Cash Balance,Cash Balance Details,3,2025,4,2025,3,07,17
2025-07-17,Treasury General Account (TGA) Closing Balance,317026,317026,317026,I,Operating Cash Balance,Cash Balance Details,4,2025,4,2025,3,07,17
2025-07-16,Treasury General Account (TGA) Opening Balance,327937,456980,885725,I,Operating Cash Balance,Cash Balance Details,1,2025,4,2025,3,07,16
2025-07-16,Total TGA Deposits (Table II),29838,1530805,28969544,I,Operating Cash Balance,Cash Balance Details,2,2025,4,2025,3,07,16
2025-07-16,Total TGA Withdrawals (Table II) (-),45690,1675701,29543184,I,Operating Cash Balance,Cash Balance Details,3,2025,4,2025,3,07,16
2025-07-16,Treasury General Account (TGA) Closing Balance,312085,312085,312085,I,Operating Cash Balance,Cash Balance Details,4,2025,4,2025,3,07,16
2025-07-15,Treasury General Account (TGA) Opening Balance,298224,456980,885725,I,Operating Cash Balance,Cash Balance Details,1,2025,4,2025,3,07,15
2025-07-15,Total TGA Deposits (Table II),372370,1500967,28939706,I,Operating Cash Balance,Cash Balance Details,2,2025,4,2025,3,07,15
2025-07-15,Total TGA Withdrawals (Table II) (-),342658,1630010,29497494,I,Operating Cash Balance,Cash Balance Details,3,2025,4,2025,3,07,15
2025-07-15,Treasury General Account (TGA) Closing Balance,327937,327937,327937,I,Operating Cash Balance,Cash Balance Details,4,2025,4,2025,3,07,15
2025-07-14,Treasury General Account (TGA) Opening Balance,282363,456980,885725,I,Operating Cash Balance,Cash Balance Details,1,2025,4,2025,3,07,14
2025-07-14,Total TGA Deposits (Table II),30686,1128597,28567335,I,Operating Cash Balance,Cash Balance Details,2,2025,4,2025,3,07,14
2025-07-14,Total TGA Withdrawals (Table II) (-),14825,1287353,29154837,I,Operating Cash Balance,Cash Balance Details,3,2025,4,2025,3,07,14
2025-07-14,Treasury General Account (TGA) Closing Balance,298224,298224,298224,I,Operating Cash Balance,Cash Balance Details,4,2025,4,2025,3,07,14
2025-07-11,Treasury General Account (TGA) Opening Balance,288395,456980,885725,I,Operating Cash Balance,Cash Balance Details,1,2025,4,2025,3,07,11
2025-07-11,Total TGA Deposits (Table II),15386,1097910,28536649,I,Operating Cash Balance,Cash Balance Details,2,2025,4,2025,3,07,11
2025-07-11,Total TGA Withdrawals (Table II) (-),21419,1272528,29140012,I,Operating Cash Balance,Cash Balance Details,3,2025,4,2025,3,07,11
2025-07-11,Treasury General Account (TGA) Closing Balance,282363,282363,282363,I,Operating Cash Balance,Cash Balance Details,4,2025,4,2025,3,07,11
2025-07-10,Treasury General Account (TGA) Opening Balance,311048,456980,885725,I,Operating Cash Balance,Cash Balance Details,1,2025,4,2025,3,07,10
2025-07-10,Total TGA Deposits (Table II),276849,1082524,28521263,I,Operating Cash Balance,Cash Balance Details,2,2025,4,2025,3,07,10
2025-07-10,Total TGA Withdrawals (Table II) (-),299502,1251109,29118593,I,Operating Cash Balance,Cash Balance Details,3,2025,4,2025,3,07,10
2025-07-10,Treasury General Account (TGA) Closing Balance,288395,288395,288395,I,Operating Cash Balance,Cash Balance Details,4,2025,4,2025,3,07,10
2025-07-09,Treasury General Account (TGA) Opening Balance,343047,456980,885725,I,Operating Cash Balance,Cash Balance Details,1,2025,4,2025,3,07,09
2025-07-09,Total TGA Deposits (Table II),16206,805675,28244414,I,Operating Cash Balance,Cash Balance Details,2,2025,4,2025,3,07,09
2025-07-09,Total TGA Withdrawals (Table II) (-),48205,951608,28819091,I,Operating Cash Balance,Cash Balance Details,3,2025,4,2025,3,07,09
2025-07-09,Treasury General Account (TGA) Closing Balance,311048,311048,311048,I,Operating Cash Balance,Cash Balance Details,4,2025,4,2025,3,07,09
2025-07-08,Treasury General Account (TGA) Opening Balance,332482,456980,885725,I,Operating Cash Balance,Cash Balance Details,1,2025,4,2025,3,07,08
2025-07-08,Total TGA Deposits (Table II),237922,789469,28228208,I,Operating Cash Balance,Cash Balance Details,2,2025,4,2025,3,07,08
2025-07-08,Total TGA Withdrawals (Table II) (-),227357,903403,28770886,I,Operating Cash Balance,Cash Balance Details,3,2025,4,2025,3,07,08
2025-07-08,Treasury General Account (TGA) Closing Balance,343047,343047,343047,I,Operating Cash Balance,Cash Balance Details,4,2025,4,2025,3,07,08
2025-07-07,Treasury General Account (TGA) Opening Balance,313162,456980,885725,I,Operating Cash Balance,Cash Balance Details,1,2025,4,2025,3,07,07
2025-07-07,Total TGA Deposits (Table II),38702,551547,27990286,I,Operating Cash Balance,Cash Balance Details,2,2025,4,2025,3,07,07
2025-07-07,Total TGA Withdrawals (Table II) (-),19382,676045,28543529,I,Operating Cash Balance,Cash Balance Details,3,2025,4,2025,3,07,07
2025-07-07,Treasury General Account (TGA) Closing Balance,332482,332482,332482,I,Operating Cash Balance,Cash Balance Details,4,2025,4,2025,3,07,07
2025-07-03,Treasury General Account (TGA) Opening Balance,372232,456980,885725,I,Operating Cash Balance,Cash Balance Details,1,2025,4,2025,3,07,03
2025-07-03,Total TGA Deposits (Table II),224927,512845,27951584,I,Operating Cash Balance,Cash Balance Details,2,2025,4,2025,3,07,03
2025-07-03,Total TGA Withdrawals (Table II) (-),283997,656663,28524147,I,Operating Cash Balance,Cash Balance Details,3,2025,4,2025,3,07,03
2025-07-03,Treasury General Account (TGA) Closing Balance,313162,313162,313162,I,Operating Cash Balance,Cash Balance Details,4,2025,4,2025,3,07,03
2025-07-02,Treasury General Account (TGA) Opening Balance,367512,456980,885725,I,Operating Cash Balance,Cash Balance Details,1,2025,4,2025,3,07,02
2025-07-02,Total TGA Deposits (Table II),22411,287918,27726657,I,Operating Cash Balance,Cash Balance Details,2,2025,4,2025,3,07,02
2025-07-02,Total TGA Withdrawals (Table II) (-),17691,372667,28240151,I,Operating Cash Balance,Cash Balance Details,3,2025,4,2025,3,07,02
2025-07-02,Treasury General Account (TGA) Closing Balance,372232,372232,372232,I,Operating Cash Balance,Cash Balance Details,4,2025,4,2025,3,07,02
2025-07-01,Treasury General Account (TGA) Opening Balance,456980,456980,885725,I,Operating Cash Balance,Cash Balance Details,1,2025,4,2025,3,07,01
2025-07-01,Total TGA Deposits (Table II),265507,265507,27704246,I,Operating Cash Balance,Cash Balance Details,2,2025,4,2025,3,07,01
2025-07-01,Total TGA Withdrawals (Table II) (-),354975,354975,28222459,I,Operating Cash Balance,Cash Balance Details,3,2025,4,2025,3,07,01
2025-07-01,Treasury General Account (TGA) Closing Balance,367512,367512,367512,I,Operating Cash Balance,Cash Balance Details,4,2025,4,2025,3,07,01
2025-06-30,Treasury General Account (TGA) Opening Balance,338348,351443,885725,I,Operating Cash Balance,Cash Balance Details,1,2025,3,2025,2,06,30
2025-06-30,Total TGA Deposits (Table II),282619,2872213,27438739,I,Operating Cash Balance,Cash Balance Details,2,2025,3,2025,2,06,30
2025-06-30,Total TGA Withdrawals (Table II) (-),163987,2766675,27867484,I,Operating Cash Balance,Cash Balance Details,3,2025,3,2025,2,06,30
2025-06-30,Treasury General Account (TGA) Closing Balance,456980,456980,456980,I,Operating Cash Balance,Cash Balance Details,4,2025,3,2025,2,06,30
2025-06-27,Treasury General Account (TGA) Opening Balance,304841,351443,885725,I,Operating Cash Balance,Cash Balance Details,1,2025,3,2025,2,06,27
2025-06-27,Total TGA Deposits (Table II),50481,2589593,27156119,I,Operating Cash Balance,Cash Balance Details,2,2025,3,2025,2,06,27
2025-06-27,Total TGA Withdrawals (Table II) (-),16974,2602688,27703497,I,Operating Cash Balance,Cash Balance Details,3,2025,3,2025,2,06,27
2025-06-27,Treasury General Account (TGA) Closing Balance,338348,338348,338348,I,Operating Cash Balance,Cash Balance Details,4,2025,3,2025,2,06,27
2025-06-26,Treasury General Account (TGA) Opening Balance,334579,351443,885725,I,Operating Cash Balance,Cash Balance Details,1,2025,3,2025,2,06,26
2025-06-26,Total TGA Deposits (Table II),219365,2539113,27105639,I,Operating Cash Balance,Cash Balance Details,2,2025,3,2025,2,06,26
2025-06-26,Total TGA Withdrawals (Table II) (-),249102,2585714,27686523,I,Operating Cash Balance,Cash Balance Details,3,2025,3,2025,2,06,26
2025-06-26,Treasury General Account (TGA) Closing Balance,304841,304841,304841,I,Operating Cash Balance,Cash Balance Details,4,2025,3,2025,2,06,26
2025-06-25,Treasury General Account (TGA) Opening Balance,358071,351443,885725,I,Operating Cash Balance,Cash Balance Details,1,2025,3,2025,2,06,25
2025-06-25,Total TGA Deposits (Table II),24778,2319748,26886274,I,Operating Cash Balance,Cash Balance Details,2,2025,3,2025,2,06,25
2025-06-25,Total TGA Withdrawals (Table II) (-),48270,2336612,27437421,I,Operating Cash Balance,Cash Balance Details,3,2025,3,2025,2,06,25
2025-06-25,Treasury General Account (TGA) Closing Balance,334579,334579,334579,I,Operating Cash Balance,Cash Balance Details,4,2025,3,2025,2,06,25
2025-06-24,Treasury General Account (TGA) Opening Balance,374568,351443,885725,I,Operating Cash Balance,Cash Balance Details,1,2025,3,2025,2,06,24
2025-06-24,Total TGA Deposits (Table II),226684,2294970,26861496,I,Operating Cash Balance,Cash Balance Details,2,2025,3,2025,2,06,24
2025-06-24,Total TGA Withdrawals (Table II) (-),243181,2288342,27389151,I,Operating Cash Balance,Cash Balance Details,3,2025,3,2025,2,06,24
2025-06-24,Treasury General Account (TGA) Closing Balance,358071,358071,358071,I,Operating Cash Balance,Cash Balance Details,4,2025,3,2025,2,06,24
2025-06-23,Treasury General Account (TGA) Opening Balance,366520,351443,885725,I,Operating Cash Balance,Cash Balance Details,1,2025,3,2025,2,06,23
2025-06-23,Total TGA Deposits (Table II),37417,2068286,26634812,I,Operating Cash Balance,Cash Balance Details,2,2025,3,2025,2,06,23
2025-06-23,Total TGA Withdrawals (Table II) (-),29368,2045161,27145969,I,Operating Cash Balance,Cash Balance Details,3,2025,3,2025,2,06,23
2025-06-23,Treasury General Account (TGA) Closing Balance,374568,374568,374568,I,Operating Cash Balance,Cash Balance Details,4,2025,3,2025,2,06,23
2025-06-20,Treasury General Account (TGA) Opening Balance,383851,351443,885725,I,Operating Cash Balance,Cash Balance Details,1,2025,3,2025,2,06,20
2025-06-20,Total TGA Deposits (Table II),228967,2030869,26597395,I,Operating Cash Balance,Cash Balance Details,2,2025,3,2025,2,06,20
2025-06-20,Total TGA Withdrawals (Table II) (-),246298,2015792,27116601,I,Operating Cash Balance,Cash Balance Details,3,2025,3,2025,2,06,20
2025-06-20,Treasury General Account (TGA) Closing Balance,366520,366520,366520,I,Operating Cash Balance,Cash Balance Details,4,2025,3,2025,2,06,20
2025-06-18,Treasury General Account (TGA) Opening Balance,409139,351443,885725,I,Operating Cash Balance,Cash Balance Details,1,2025,3,2025,2,06,18
2025-06-18,Total TGA Deposits (Table II),29617,1801902,26368428,I,Operating Cash Balance,Cash Balance Details,2,2025,3,2025,2,06,18
2025-06-18,Total TGA Withdrawals (Table II) (-),54904,1769494,26870303,I,Operating Cash Balance,Cash Balance Details,3,2025,3,2025,2,06,18
2025-06-18,Treasury General Account (TGA) Closing Balance,383851,383851,383851,I,Operating Cash Balance,Cash Balance Details,4,2025,3,2025,2,06,18
2025-06-17,Treasury General Account (TGA) Opening Balance,446302,351443,885725,I,Operating Cash Balance,Cash Balance Details,1,2025,3,2025,2,06,17
2025-06-17,Total TGA Deposits (Table II),206443,1772286,26338812,I,Operating Cash Balance,Cash Balance Details,2,2025,3,2025,2,06,17
2025-06-17,Total TGA Withdrawals (Table II) (-),243607,1714590,26815398,I,Operating Cash Balance,Cash Balance Details,3,2025,3,2025,2,06,17
2025-06-17,Treasury General Account (TGA) Closing Balance,409139,409139,409139,I,Operating Cash Balance,Cash Balance Details,4,2025,3,2025,2,06,17
2025-06-16,Treasury General Account (TGA) Opening Balance,288078,351443,885725,I,Operating Cash Balance,Cash Balance Details,1,2025,3,2025,2,06,16
2025-06-16,Total TGA Deposits (Table II),232607,1565842,26132368,I,Operating Cash Balance,Cash Balance Details,2,2025,3,2025,2,06,16
2025-06-16,Total TGA Withdrawals (Table II) (-),74382,1470983,26571792,I,Operating Cash Balance,Cash Balance Details,3,2025,3,2025,2,06,16
2025-06-16,Treasury General Account (TGA) Closing Balance,446302,446302,446302,I,Operating Cash Balance,Cash Balance Details,4,2025,3,2025,2,06,16
2025-06-13,Treasury General Account (TGA) Opening Balance,260807,351443,885725,I,Operating Cash Balance,Cash Balance Details,1,2025,3,2025,2,06,13
2025-06-13,Total TGA Deposits (Table II),49868,1333235,25899761,I,Operating Cash Balance,Cash Balance Details,2,2025,3,2025,2,06,13
2025-06-13,Total TGA Withdrawals (Table II) (-),22597,1396600,26497409,I,Operating Cash Balance,Cash Balance Details,3,2025,3,2025,2,06,13
2025-06-13,Treasury General Account (TGA) Closing Balance,288078,288078,288078,I,Operating Cash Balance,Cash Balance Details,4,2025,3,2025,2,06,13
2025-06-12,Treasury General Account (TGA) Opening Balance,277025,351443,885725,I,Operating Cash Balance,Cash Balance Details,1,2025,3,2025,2,06,12
2025-06-12,Total TGA Deposits (Table II),276648,1283368,25849894,I,Operating Cash Balance,Cash Balance Details,2,2025,3,2025,2,06,12
2025-06-12,Total TGA Withdrawals (Table II) (-),292866,1374003,26474812,I,Operating Cash Balance,Cash Balance Details,3,2025,3,2025,2,06,12
2025-06-12,Treasury General Account (TGA) Closing Balance,260807,260807,260807,I,Operating Cash Balance,Cash Balance Details,4,2025,3,2025,2,06,12
2025-06-11,Treasury General Account (TGA) Opening Balance,309409,351443,885725,I,Operating Cash Balance,Cash Balance Details,1,2025,3,2025,2,06,11
2025-06-11,Total TGA Deposits (Table II),27397,1006720,25573246,I,Operating Cash Balance,Cash Balance Details,2,2025,3,2025,2,06,11
2025-06-11,Total TGA Withdrawals (Table II) (-),59781,1081137,26181946,I,Operating Cash Balance,Cash Balance Details,3,2025,3,2025,2,06,11
2025-06-11,Treasury General Account (TGA) Closing Balance,277025,277025,277025,I,Operating Cash Balance,Cash Balance Details,4,2025,3,2025,2,06,11
2025-06-10,Treasury General Account (TGA) Opening Balance,358796,351443,885725,I,Operating Cash Balance,Cash Balance Details,1,2025,3,2025,2,06,10
2025-06-10,Total TGA Deposits (Table II),199439,979323,25545849,I,Operating Cash Balance,Cash Balance Details,2,2025,3,2025,2,06,10
2025-06-10,Total TGA Withdrawals (Table II) (-),248826,1021356,26122165,I,Operating Cash Balance,Cash Balance Details,3,2025,3,2025,2,06,10
2025-06-10,Treasury General Account (TGA) Closing Balance,309409,309409,309409,I,Operating Cash Balance,Cash Balance Details,4,2025,3,2025,2,06,10
2025-06-09,Treasury General Account (TGA) Opening Balance,344758,351443,885725,I,Operating Cash Balance,Cash Balance Details,1,2025,3,2025,2,06,09
2025-06-09,Total TGA Deposits (Table II),33349,779884,25346410,I,Operating Cash Balance,Cash Balance Details,2,2025,3,2025,2,06,09
2025-06-09,Total TGA Withdrawals (Table II) (-),19312,772530,25873339,I,Operating Cash Balance,Cash Balance Details,3,2025,3,2025,2,06,09
2025-06-09,Treasury General Account (TGA) Closing Balance,358796,358796,358796,I,Operating Cash Balance,Cash Balance Details,4,2025,3,2025,2,06,09
2025-06-06,Treasury General Account (TGA) Opening Balance,350843,351443,885725,I,Operating Cash Balance,Cash Balance Details,1,2025,3,2025,2,06,06
2025-06-06,Total TGA Deposits (Table II),16373,746534,25313060,I,Operating Cash Balance,Cash Balance Details,2,2025,3,2025,2,06,06
2025-06-06,Total TGA Withdrawals (Table II) (-),22458,753219,25854027,I,Operating Cash Balance,Cash Balance Details,3,2025,3,2025,2,06,06
2025-06-06,Treasury General Account (TGA) Closing Balance,344758,344758,344758,I,Operating Cash Balance,Cash Balance Details,4,2025,3,2025,2,06,06
2025-06-05,Treasury General Account (TGA) Opening Balance,376160,351443,885725,I,Operating Cash Balance,Cash Balance Details,1,2025,3,2025,2,06,05
2025-06-05,Total TGA Deposits (Table II),217052,730161,25296687,I,Operating Cash Balance,Cash Balance Details,2,2025,3,2025,2,06,05
2025-06-05,Total TGA Withdrawals (Table II) (-),242369,730760,25831569,I,Operating Cash Balance,Cash Balance Details,3,2025,3,2025,2,06,05
2025-06-05,Treasury General Account (TGA) Closing Balance,350843,350843,350843,I,Operating Cash Balance,Cash Balance Details,4,2025,3,2025,2,06,05
2025-06-04,Treasury General Account (TGA) Opening Balance,382937,351443,885725,I,Operating Cash Balance,Cash Balance Details,1,2025,3,2025,2,06,04
2025-06-04,Total TGA Deposits (Table II),19758,513109,25079635,I,Operating Cash Balance,Cash Balance Details,2,2025,3,2025,2,06,04
2025-06-04,Total TGA Withdrawals (Table II) (-),26536,488392,25589201,I,Operating Cash Balance,Cash Balance Details,3,2025,3,2025,2,06,04
2025-06-04,Treasury General Account (TGA) Closing Balance,376160,376160,376160,I,Operating Cash Balance,Cash Balance Details,4,2025,3,2025,2,06,04
2025-06-03,Treasury General Account (TGA) Opening Balance,439362,351443,885725,I,Operating Cash Balance,Cash Balance Details,1,2025,3,2025,2,06,03
2025-06-03,Total TGA Deposits (Table II),215789,493351,25059877,I,Operating Cash Balance,Cash Balance Details,2,2025,3,2025,2,06,03
2025-06-03,Total TGA Withdrawals (Table II) (-),272214,461856,25562665,I,Operating Cash Balance,Cash Balance Details,3,2025,3,2025,2,06,03
2025-06-03,Treasury General Account (TGA) Closing Balance,382937,382937,382937,I,Operating Cash Balance,Cash Balance Details,4,2025,3,2025,2,06,03
2025-06-02,Treasury General Account (TGA) Opening Balance,351443,351443,885725,I,Operating Cash Balance,Cash Balance Details,1,2025,3,2025,2,06,02
2025-06-02,Total TGA Deposits (Table II),277562,277562,24844088,I,Operating Cash Balance,Cash Balance Details,2,2025,3,2025,2,06,02
2025-06-02,Total TGA Withdrawals (Table II) (-),189642,189642,25290451,I,Operating Cash Balance,Cash Balance Details,3,2025,3,2025,2,06,02
2025-06-02,Treasury General Account (TGA) Closing Balance,439362,439362,439362,I,Operating Cash Balance,Cash Balance Details,4,2025,3,2025,2,06,02
2025-05-30,Treasury General Account (TGA) Opening Balance,399844,677657,885725,I,Operating Cash Balance,Cash Balance Details,1,2025,3,2025,2,05,30
2025-05-30,Total TGA Deposits (Table II),64365,2795483,24566526,I,Operating Cash Balance,Cash Balance Details,2,2025,3,2025,2,05,30
2025-05-30,Total TGA Withdrawals (Table II) (-),112766,3121697,25100809,I,Operating Cash Balance,Cash Balance Details,3,2025,3,2025,2,05,30
2025-05-30,Treasury General Account (TGA) Closing Balance,351443,351443,351443,I,Operating Cash Balance,Cash Balance Details,4,2025,3,2025,2,05,30
2025-05-29,Treasury General Account (TGA) Opening Balance,436627,677657,885725,I,Operating Cash Balance,Cash Balance Details,1,2025,3,2025,2,05,29
2025-05-29,Total TGA Deposits (Table II),241794,2731118,24502161,I,Operating Cash Balance,Cash Balance Details,2,2025,3,2025,2,05,29
2025-05-29,Total TGA Withdrawals (Table II) (-),278577,3008931,24988043,I,Operating Cash Balance,Cash Balance Details,3,2025,3,2025,2,05,29
2025-05-29,Treasury General Account (TGA) Closing Balance,399844,399844,399844,I,Operating Cash Balance,Cash Balance Details,4,2025,3,2025,2,05,29
2025-05-28,Treasury General Account (TGA) Opening Balance,477481,677657,885725,I,Operating Cash Balance,Cash Balance Details,1,2025,3,2025,2,05,28
2025-05-28,Total TGA Deposits (Table II),11373,2489324,24260367,I,Operating Cash Balance,Cash Balance Details,2,2025,3,2025,2,05,28
2025-05-28,Total TGA Withdrawals (Table II) (-),52228,2730354,24709466,I,Operating Cash Balance,Cash Balance Details,3,2025,3,2025,2,05,28
2025-05-28,Treasury General Account (TGA) Closing Balance,436627,436627,436627,I,Operating Cash Balance,Cash Balance Details,4,2025,3,2025,2,05,28
2025-05-27,Treasury General Account (TGA) Opening Balance,470643,677657,885725,I,Operating Cash Balance,Cash Balance Details,1,2025,3,2025,2,05,27
2025-05-27,Total TGA Deposits (Table II),256172,2477950,24248993,I,Operating Cash Balance,Cash Balance Details,2,2025,3,2025,2,05,27
2025-05-27,Total TGA Withdrawals (Table II) (-),249334,2678126,24657238,I,Operating Cash Balance,Cash Balance Details,3,2025,3,2025,2,05,27
2025-05-27,Treasury General Account (TGA) Closing Balance,477481,477481,477481,I,Operating Cash Balance,Cash Balance Details,4,2025,3,2025,2,05,27
2025-05-23,Treasury General Account (TGA) Opening Balance,473748,677657,885725,I,Operating Cash Balance,Cash Balance Details,1,2025,3,2025,2,05,23
2025-05-23,Total TGA Deposits (Table II),17089,2221779,23992822,I,Operating Cash Balance,Cash Balance Details,2,2025,3,2025,2,05,23
2025-05-23,Total TGA Withdrawals (Table II) (-),20194,2428792,24407904,I,Operating Cash Balance,Cash Balance Details,3,2025,3,2025,2,05,23
2025-05-23,Treasury General Account (TGA) Closing Balance,470643,470643,470643,I,Operating Cash Balance,Cash Balance Details,4,2025,3,2025,2,05,23
2025-05-22,Treasury General Account (TGA) Opening Balance,475886,677657,885725,I,Operating Cash Balance,Cash Balance Details,1,2025,3,2025,2,05,22
2025-05-22,Total TGA Deposits (Table II),252947,2204689,23975733,I,Operating Cash Balance,Cash Balance Details,2,2025,3,2025,2,05,22
2025-05-22,Total TGA Withdrawals (Table II) (-),255085,2408598,24387710,I,Operating Cash Balance,Cash Balance Details,3,2025,3,2025,2,05,22
2025-05-22,Treasury General Account (TGA) Closing Balance,473748,473748,473748,I,Operating Cash Balance,Cash Balance Details,4,2025,3,2025,2,05,22
2025-05-21,Treasury General Account (TGA) Opening Balance,511526,677657,885725,I,Operating Cash Balance,Cash Balance Details,1,2025,3,2025,2,05,21
2025-05-21,Total TGA Deposits (Table II),20116,1951742,23722785,I,Operating Cash Balance,Cash Balance Details,2,2025,3,2025,2,05,21
2025-05-21,Total TGA Withdrawals (Table II) (-),55756,2153513,24132625,I,Operating Cash Balance,Cash Balance Details,3,2025,3,2025,2,05,21
2025-05-21,Treasury General Account (TGA) Closing Balance,475886,475886,475886,I,Operating Cash Balance,Cash Balance Details,4,2025,3,2025,2,05,21
2025-05-20,Treasury General Account (TGA) Opening Balance,523207,677657,885725,I,Operating Cash Balance,Cash Balance Details,1,2025,3,2025,2,05,20
2025-05-20,Total TGA Deposits (Table II),233230,1931626,23702669,I,Operating Cash Balance,Cash Balance Details,2,2025,3,2025,2,05,20
2025-05-20,Total TGA Withdrawals (Table II) (-),244911,2097757,24076869,I,Operating Cash Balance,Cash Balance Details,3,2025,3,2025,2,05,20
2025-05-20,Treasury General Account (TGA) Closing Balance,511526,511526,511526,I,Operating Cash Balance,Cash Balance Details,4,2025,3,2025,2,05,20
2025-05-19,Treasury General Account (TGA) Opening Balance,504706,677657,885725,I,Operating Cash Balance,Cash Balance Details,1,2025,3,2025,2,05,19
2025-05-19,Total TGA Deposits (Table II),33868,1698396,23469440,I,Operating Cash Balance,Cash Balance Details,2,2025,3,2025,2,05,19
2025-05-19,Total TGA Withdrawals (Table II) (-),15366,1852846,23831958,I,Operating Cash Balance,Cash Balance Details,3,2025,3,2025,2,05,19
2025-05-19,Treasury General Account (TGA) Closing Balance,523207,523207,523207,I,Operating Cash Balance,Cash Balance Details,4,2025,3,2025,2,05,19
2025-05-16,Treasury General Account (TGA) Opening Balance,496649,677657,885725,I,Operating Cash Balance,Cash Balance Details,1,2025,3,2025,2,05,16
2025-05-16,Total TGA Deposits (Table II),27806,1664529,23435572,I,Operating Cash Balance,Cash Balance Details,2,2025,3,2025,2,05,16
2025-05-16,Total TGA Withdrawals (Table II) (-),19749,1837479,23816591,I,Operating Cash Balance,Cash Balance Details,3,2025,3,2025,2,05,16
2025-05-16,Treasury General Account (TGA) Closing Balance,504706,504706,504706,I,Operating Cash Balance,Cash Balance Details,4,2025,3,2025,2,05,16
2025-05-15,Treasury General Account (TGA) Opening Balance,562433,677657,885725,I,Operating Cash Balance,Cash Balance Details,1,2025,3,2025,2,05,15
2025-05-15,Total TGA Deposits (Table II),471703,1636723,23407766,I,Operating Cash Balance,Cash Balance Details,2,2025,3,2025,2,05,15
2025-05-15,Total TGA Withdrawals (Table II) (-),537487,1817730,23796842,I,Operating Cash Balance,Cash Balance Details,3,2025,3,2025,2,05,15
2025-05-15,Treasury General Account (TGA) Closing Balance,496649,496649,496649,I,Operating Cash Balance,Cash Balance Details,4,2025,3,2025,2,05,15
2025-05-14,Treasury General Account (TGA) Opening Balance,590652,677657,885725,I,Operating Cash Balance,Cash Balance Details,1,2025,3,2025,2,05,14
2025-05-14,Total TGA Deposits (Table II),19408,1165019,22936063,I,Operating Cash Balance,Cash Balance Details,2,2025,3,2025,2,05,14
2025-05-14,Total TGA Withdrawals (Table II) (-),47626,1280243,23259355,I,Operating Cash Balance,Cash Balance Details,3,2025,3,2025,2,05,14
2025-05-14,Treasury General Account (TGA) Closing Balance,562433,562433,562433,I,Operating Cash Balance,Cash Balance Details,4,2025,3,2025,2,05,14
2025-05-13,Treasury General Account (TGA) Opening Balance,583369,677657,885725,I,Operating Cash Balance,Cash Balance Details,1,2025,3,2025,2,05,13
2025-05-13,Total TGA Deposits (Table II),258949,1145612,22916655,I,Operating Cash Balance,Cash Balance Details,2,2025,3,2025,2,05,13
2025-05-13,Total TGA Withdrawals (Table II) (-),251666,1232616,23211728,I,Operating Cash Balance,Cash Balance Details,3,2025,3,2025,2,05,13
2025-05-13,Treasury General Account (TGA) Closing Balance,590652,590652,590652,I,Operating Cash Balance,Cash Balance Details,4,2025,3,2025,2,05,13
2025-05-12,Treasury General Account (TGA) Opening Balance,572746,677657,885725,I,Operating Cash Balance,Cash Balance Details,1,2025,3,2025,2,05,12
2025-05-12,Total TGA Deposits (Table II),32494,886663,22657706,I,Operating Cash Balance,Cash Balance Details,2,2025,3,2025,2,05,12
2025-05-12,Total TGA Withdrawals (Table II) (-),21871,980950,22960062,I,Operating Cash Balance,Cash Balance Details,3,2025,3,2025,2,05,12
2025-05-12,Treasury General Account (TGA) Closing Balance,583369,583369,583369,I,Operating Cash Balance,Cash Balance Details,4,2025,3,2025,2,05,12
2025-05-09,Treasury General Account (TGA) Opening Balance,576228,677657,885725,I,Operating Cash Balance,Cash Balance Details,1,2025,3,2025,2,05,09
2025-05-09,Total TGA Deposits (Table II),16488,854168,22625212,I,Operating Cash Balance,Cash Balance Details,2,2025,3,2025,2,05,09
2025-05-09,Total TGA Withdrawals (Table II) (-),19970,959079,22938191,I,Operating Cash Balance,Cash Balance Details,3,2025,3,2025,2,05,09
2025-05-09,Treasury General Account (TGA) Closing Balance,572746,572746,572746,I,Operating Cash Balance,Cash Balance Details,4,2025,3,2025,2,05,09
2025-05-08,Treasury General Account (TGA) Opening Balance,595860,677657,885725,I,Operating Cash Balance,Cash Balance Details,1,2025,3,2025,2,05,08
2025-05-08,Total TGA Deposits (Table II),236995,837681,22608724,I,Operating Cash Balance,Cash Balance Details,2,2025,3,2025,2,05,08
2025-05-08,Total TGA Withdrawals (Table II) (-),256627,939109,22918221,I,Operating Cash Balance,Cash Balance Details,3,2025,3,2025,2,05,08
2025-05-08,Treasury General Account (TGA) Closing Balance,576228,576228,576228,I,Operating Cash Balance,Cash Balance Details,4,2025,3,2025,2,05,08
2025-05-07,Treasury General Account (TGA) Opening Balance,583753,677657,885725,I,Operating Cash Balance,Cash Balance Details,1,2025,3,2025,2,05,07
2025-05-07,Total TGA Deposits (Table II),29899,600686,22371729,I,Operating Cash Balance,Cash Balance Details,2,2025,3,2025,2,05,07
2025-05-07,Total TGA Withdrawals (Table II) (-),17792,682483,22661595,I,Operating Cash Balance,Cash Balance Details,3,2025,3,2025,2,05,07
2025-05-07,Treasury General Account (TGA) Closing Balance,595860,595860,595860,I,Operating Cash Balance,Cash Balance Details,4,2025,3,2025,2,05,07
2025-05-06,Treasury General Account (TGA) Opening Balance,590351,677657,885725,I,Operating Cash Balance,Cash Balance Details,1,2025,3,2025,2,05,06
2025-05-06,Total TGA Deposits (Table II),235920,570787,22341830,I,Operating Cash Balance,Cash Balance Details,2,2025,3,2025,2,05,06
2025-05-06,Total TGA Withdrawals (Table II) (-),242518,664690,22643802,I,Operating Cash Balance,Cash Balance Details,3,2025,3,2025,2,05,06
2025-05-06,Treasury General Account (TGA) Closing Balance,583753,583753,583753,I,Operating Cash Balance,Cash Balance Details,4,2025,3,2025,2,05,06
2025-05-05,Treasury General Account (TGA) Opening Balance,574345,677657,885725,I,Operating Cash Balance,Cash Balance Details,1,2025,3,2025,2,05,05
2025-05-05,Total TGA Deposits (Table II),33350,334867,22105910,I,Operating Cash Balance,Cash Balance Details,2,2025,3,2025,2,05,05
2025-05-05,Total TGA Withdrawals (Table II) (-),17345,422173,22401285,I,Operating Cash Balance,Cash Balance Details,3,2025,3,2025,2,05,05
2025-05-05,Treasury General Account (TGA) Closing Balance,590351,590351,590351,I,Operating Cash Balance,Cash Balance Details,4,2025,3,2025,2,05,05
2025-05-02,Treasury General Account (TGA) Opening Balance,593088,677657,885725,I,Operating Cash Balance,Cash Balance Details,1,2025,3,2025,2,05,02
2025-05-02,Total TGA Deposits (Table II),23149,301517,22072560,I,Operating Cash Balance,Cash Balance Details,2,2025,3,2025,2,05,02
2025-05-02,Total TGA Withdrawals (Table II) (-),41892,404828,22383940,I,Operating Cash Balance,Cash Balance Details,3,2025,3,2025,2,05,02
2025-05-02,Treasury General Account (TGA) Closing Balance,574345,574345,574345,I,Operating Cash Balance,Cash Balance Details,4,2025,3,2025,2,05,02
2025-05-01,Treasury General Account (TGA) Opening Balance,677657,677657,885725,I,Operating Cash Balance,Cash Balance Details,1,2025,3,2025,2,05,01
2025-05-01,Total TGA Deposits (Table II),278368,278368,22049411,I,Operating Cash Balance,Cash Balance Details,2,2025,3,2025,2,05,01
2025-05-01,Total TGA Withdrawals (Table II) (-),362936,362936,22342048,I,Operating Cash Balance,Cash Balance Details,3,2025,3,2025,2,05,01
2025-05-01,Treasury General Account (TGA) Closing Balance,593088,593088,593088,I,Operating Cash Balance,Cash Balance Details,4,2025,3,2025,2,05,01
2025-04-30,Treasury General Account (TGA) Opening Balance,616705,405786,885725,I,Operating Cash Balance,Cash Balance Details,1,2025,3,2025,2,04,30
2025-04-30,Total TGA Deposits (Table II),307733,3581394,21771043,I,Operating Cash Balance,Cash Balance Details,2,2025,3,2025,2,04,30
2025-04-30,Total TGA Withdrawals (Table II) (-),246782,3309523,21979112,I,Operating Cash Balance,Cash Balance Details,3,2025,3,2025,2,04,30
2025-04-30,Treasury General Account (TGA) Closing Balance,677657,677657,677657,I,Operating Cash Balance,Cash Balance Details,4,2025,3,2025,2,04,30
2025-04-29,Treasury General Account (TGA) Opening Balance,597998,405786,885725,I,Operating Cash Balance,Cash Balance Details,1,2025,3,2025,2,04,29
2025-04-29,Total TGA Deposits (Table II),254501,3273661,21463310,I,Operating Cash Balance,Cash Balance Details,2,2025,3,2025,2,04,29
2025-04-29,Total TGA Withdrawals (Table II) (-),235793,3062741,21732330,I,Operating Cash Balance,Cash Balance Details,3,2025,3,2025,2,04,29
2025-04-29,Treasury General Account (TGA) Closing Balance,616705,616705,616705,I,Operating Cash Balance,Cash Balance Details,4,2025,3,2025,2,04,29
2025-04-28,Treasury General Account (TGA) Opening Balance,571691,405786,885725,I,Operating Cash Balance,Cash Balance Details,1,2025,3,2025,2,04,28
2025-04-28,Total TGA Deposits (Table II),46359,3019160,21208809,I,Operating Cash Balance,Cash Balance Details,2,2025,3,2025,2,04,28
2025-04-28,Total TGA Withdrawals (Table II) (-),20052,2826948,21496537,I,Operating Cash Balance,Cash Balance Details,3,2025,3,2025,2,04,28
2025-04-28,Treasury General Account (TGA) Closing Balance,597998,597998,597998,I,Operating Cash Balance,Cash Balance Details,4,2025,3,2025,2,04,28
2025-04-25,Treasury General Account (TGA) Opening Balance,562759,405786,885725,I,Operating Cash Balance,Cash Balance Details,1,2025,3,2025,2,04,25
2025-04-25,Total TGA Deposits (Table II),28870,2972801,21162451,I,Operating Cash Balance,Cash Balance Details,2,2025,3,2025,2,04,25
2025-04-25,Total TGA Withdrawals (Table II) (-),19939,2806897,21476486,I,Operating Cash Balance,Cash Balance Details,3,2025,3,2025,2,04,25
2025-04-25,Treasury General Account (TGA) Closing Balance,571691,571691,571691,I,Operating Cash Balance,Cash Balance Details,4,2025,3,2025,2,04,25
2025-04-24,Treasury General Account (TGA) Opening Balance,576159,405786,885725,I,Operating Cash Balance,Cash Balance Details,1,2025,3,2025,2,04,24
2025-04-24,Total TGA Deposits (Table II),245127,2943931,21133581,I,Operating Cash Balance,Cash Balance Details,2,2025,3,2025,2,04,24
2025-04-24,Total TGA Withdrawals (Table II) (-),258527,2786958,21456547,I,Operating Cash Balance,Cash Balance Details,3,2025,3,2025,2,04,24
2025-04-24,Treasury General Account (TGA) Closing Balance,562759,562759,562759,I,Operating Cash Balance,Cash Balance Details,4,2025,3,2025,2,04,24
2025-04-23,Treasury General Account (TGA) Opening Balance,606684,405786,885725,I,Operating Cash Balance,Cash Balance Details,1,2025,3,2025,2,04,23
2025-04-23,Total TGA Deposits (Table II),32571,2698804,20888454,I,Operating Cash Balance,Cash Balance Details,2,2025,3,2025,2,04,23
2025-04-23,Total TGA Withdrawals (Table II) (-),63096,2528431,21198020,I,Operating Cash Balance,Cash Balance Details,3,2025,3,2025,2,04,23
2025-04-23,Treasury General Account (TGA) Closing Balance,576159,576159,576159,I,Operating Cash Balance,Cash Balance Details,4,2025,3,2025,2,04,23
2025-04-22,Treasury General Account (TGA) Opening Balance,626444,405786,885725,I,Operating Cash Balance,Cash Balance Details,1,2025,3,2025,2,04,22
2025-04-22,Total TGA Deposits (Table II),275121,2666233,20855882,I,Operating Cash Balance,Cash Balance Details,2,2025,3,2025,2,04,22
2025-04-22,Total TGA Withdrawals (Table II) (-),294880,2465335,21134924,I,Operating Cash Balance,Cash Balance Details,3,2025,3,2025,2,04,22
2025-04-22,Treasury General Account (TGA) Closing Balance,606684,606684,606684,I,Operating Cash Balance,Cash Balance Details,4,2025,3,2025,2,04,22
2025-04-21,Treasury General Account (TGA) Opening Balance,612381,405786,885725,I,Operating Cash Balance,Cash Balance Details,1,2025,3,2025,2,04,21
2025-04-21,Total TGA Deposits (Table II),43567,2391112,20580762,I,Operating Cash Balance,Cash Balance Details,2,2025,3,2025,2,04,21
2025-04-21,Total TGA Withdrawals (Table II) (-),29504,2170454,20840043,I,Operating Cash Balance,Cash Balance Details,3,2025,3,2025,2,04,21
2025-04-21,Treasury General Account (TGA) Closing Balance,626444,626444,626444,I,Operating Cash Balance,Cash Balance Details,4,2025,3,2025,2,04,21
2025-04-18,Treasury General Account (TGA) Opening Balance,599993,405786,885725,I,Operating Cash Balance,Cash Balance Details,1,2025,3,2025,2,04,18
2025-04-18,Total TGA Deposits (Table II),31002,2347545,20537195,I,Operating Cash Balance,Cash Balance Details,2,2025,3,2025,2,04,18
2025-04-18,Total TGA Withdrawals (Table II) (-),18614,2140950,20810539,I,Operating Cash Balance,Cash Balance Details,3,2025,3,2025,2,04,18
2025-04-18,Treasury General Account (TGA) Closing Balance,612381,612381,612381,I,Operating Cash Balance,Cash Balance Details,4,2025,3,2025,2,04,18
2025-04-17,Treasury General Account (TGA) Opening Balance,638783,405786,885725,I,Operating Cash Balance,Cash Balance Details,1,2025,3,2025,2,04,17
2025-04-17,Total TGA Deposits (Table II),324754,2316544,20506193,I,Operating Cash Balance,Cash Balance Details,2,2025,3,2025,2,04,17
2025-04-17,Total TGA Withdrawals (Table II) (-),363544,2122336,20791926,I,Operating Cash Balance,Cash Balance Details,3,2025,3,2025,2,04,17
2025-04-17,Treasury General Account (TGA) Closing Balance,599993,599993,599993,I,Operating Cash Balance,Cash Balance Details,4,2025,3,2025,2,04,17
2025-04-16,Treasury General Account (TGA) Opening Balance,600455,405786,885725,I,Operating Cash Balance,Cash Balance Details,1,2025,3,2025,2,04,16
2025-04-16,Total TGA Deposits (Table II),89851,1991789,20181439,I,Operating Cash Balance,Cash Balance Details,2,2025,3,2025,2,04,16
2025-04-16,Total TGA Withdrawals (Table II) (-),51524,1758793,20428382,I,Operating Cash Balance,Cash Balance Details,3,2025,3,2025,2,04,16
2025-04-16,Treasury General Account (TGA) Closing Balance,638783,638783,638783,I,Operating Cash Balance,Cash Balance Details,4,2025,3,2025,2,04,16
2025-04-15,Treasury General Account (TGA) Opening Balance,415670,405786,885725,I,Operating Cash Balance,Cash Balance Details,1,2025,3,2025,2,04,15
2025-04-15,Total TGA Deposits (Table II),549487,1901938,20091588,I,Operating Cash Balance,Cash Balance Details,2,2025,3,2025,2,04,15
2025-04-15,Total TGA Withdrawals (Table II) (-),364703,1707269,20376858,I,Operating Cash Balance,Cash Balance Details,3,2025,3,2025,2,04,15
2025-04-15,Treasury General Account (TGA) Closing Balance,600455,600455,600455,I,Operating Cash Balance,Cash Balance Details,4,2025,3,2025,2,04,15
2025-04-14,Treasury General Account (TGA) Opening Balance,330503,405786,885725,I,Operating Cash Balance,Cash Balance Details,1,2025,3,2025,2,04,14
2025-04-14,Total TGA Deposits (Table II),105437,1352451,19542100,I,Operating Cash Balance,Cash Balance Details,2,2025,3,2025,2,04,14
2025-04-14,Total TGA Withdrawals (Table II) (-),20270,1342566,20012155,I,Operating Cash Balance,Cash Balance Details,3,2025,3,2025,2,04,14
2025-04-14,Treasury General Account (TGA) Closing Balance,415670,415670,415670,I,Operating Cash Balance,Cash Balance Details,4,2025,3,2025,2,04,14
2025-04-11,Treasury General Account (TGA) Opening Balance,314467,405786,885725,I,Operating Cash Balance,Cash Balance Details,1,2025,3,2025,2,04,11
2025-04-11,Total TGA Deposits (Table II),50474,1247013,19436663,I,Operating Cash Balance,Cash Balance Details,2,2025,3,2025,2,04,11
2025-04-11,Total TGA Withdrawals (Table II) (-),34438,1322297,19991886,I,Operating Cash Balance,Cash Balance Details,3,2025,3,2025,2,04,11
2025-04-11,Treasury General Account (TGA) Closing Balance,330503,330503,330503,I,Operating Cash Balance,Cash Balance Details,4,2025,3,2025,2,04,11
2025-04-10,Treasury General Account (TGA) Opening Balance,315189,405786,885725,I,Operating Cash Balance,Cash Balance Details,1,2025,3,2025,2,04,10
2025-04-10,Total TGA Deposits (Table II),260870,1196540,19386189,I,Operating Cash Balance,Cash Balance Details,2,2025,3,2025,2,04,10
2025-04-10,Total TGA Withdrawals (Table II) (-),261591,1287858,19957447,I,Operating Cash Balance,Cash Balance Details,3,2025,3,2025,2,04,10
2025-04-10,Treasury General Account (TGA) Closing Balance,314467,314467,314467,I,Operating Cash Balance,Cash Balance Details,4,2025,3,2025,2,04,10
2025-04-09,Treasury General Account (TGA) Opening Balance,346635,405786,885725,I,Operating Cash Balance,Cash Balance Details,1,2025,3,2025,2,04,09
2025-04-09,Total TGA Deposits (Table II),26367,935670,19125319,I,Operating Cash Balance,Cash Balance Details,2,2025,3,2025,2,04,09
2025-04-09,Total TGA Withdrawals (Table II) (-),57813,1026267,19695856,I,Operating Cash Balance,Cash Balance Details,3,2025,3,2025,2,04,09
2025-04-09,Treasury General Account (TGA) Closing Balance,315189,315189,315189,I,Operating Cash Balance,Cash Balance Details,4,2025,3,2025,2,04,09
2025-04-08,Treasury General Account (TGA) Opening Balance,309989,405786,885725,I,Operating Cash Balance,Cash Balance Details,1,2025,3,2025,2,04,08
2025-04-08,Total TGA Deposits (Table II),288345,909303,19098952,I,Operating Cash Balance,Cash Balance Details,2,2025,3,2025,2,04,08
2025-04-08,Total TGA Withdrawals (Table II) (-),251699,968454,19638043,I,Operating Cash Balance,Cash Balance Details,3,2025,3,2025,2,04,08
2025-04-08,Treasury General Account (TGA) Closing Balance,346635,346635,346635,I,Operating Cash Balance,Cash Balance Details,4,2025,3,2025,2,04,08
2025-04-07,Treasury General Account (TGA) Opening Balance,291391,405786,885725,I,Operating Cash Balance,Cash Balance Details,1,2025,3,2025,2,04,07
2025-04-07,Total TGA Deposits (Table II),35099,620958,18810607,I,Operating Cash Balance,Cash Balance Details,2,2025,3,2025,2,04,07
2025-04-07,Total TGA Withdrawals (Table II) (-),16502,716755,19386344,I,Operating Cash Balance,Cash Balance Details,3,2025,3,2025,2,04,07
2025-04-07,Treasury General Account (TGA) Closing Balance,309989,309989,309989,I,Operating Cash Balance,Cash Balance Details,4,2025,3,2025,2,04,07
2025-04-04,Treasury General Account (TGA) Opening Balance,296360,405786,885725,I,Operating Cash Balance,Cash Balance Details,1,2025,3,2025,2,04,04
2025-04-04,Total TGA Deposits (Table II),19612,585858,18775508,I,Operating Cash Balance,Cash Balance Details,2,2025,3,2025,2,04,04
2025-04-04,Total TGA Withdrawals (Table II) (-),24580,700253,19369842,I,Operating Cash Balance,Cash Balance Details,3,2025,3,2025,2,04,04
2025-04-04,Treasury General Account (TGA) Closing Balance,291391,291391,291391,I,Operating Cash Balance,Cash Balance Details,4,2025,3,2025,2,04,04
2025-04-03,Treasury General Account (TGA) Opening Balance,301624,405786,885725,I,Operating Cash Balance,Cash Balance Details,1,2025,3,2025,2,04,03
2025-04-03,Total TGA Deposits (Table II),288860,566247,18755896,I,Operating Cash Balance,Cash Balance Details,2,2025,3,2025,2,04,03
2025-04-03,Total TGA Withdrawals (Table II) (-),294124,675673,19345262,I,Operating Cash Balance,Cash Balance Details,3,2025,3,2025,2,04,03
2025-04-03,Treasury General Account (TGA) Closing Balance,296360,296360,296360,I,Operating Cash Balance,Cash Balance Details,4,2025,3,2025,2,04,03
2025-04-02,Treasury General Account (TGA) Opening Balance,299858,405786,885725,I,Operating Cash Balance,Cash Balance Details,1,2025,3,2025,2,04,02
2025-04-02,Total TGA Deposits (Table II),27109,277387,18467036,I,Operating Cash Balance,Cash Balance Details,2,2025,3,2025,2,04,02
2025-04-02,Total TGA Withdrawals (Table II) (-),25342,381548,19051137,I,Operating Cash Balance,Cash Balance Details,3,2025,3,2025,2,04,02
2025-04-02,Treasury General Account (TGA) Closing Balance,301624,301624,301624,I,Operating Cash Balance,Cash Balance Details,4,2025,3,2025,2,04,02
2025-04-01,Treasury General Account (TGA) Opening Balance,405786,405786,885725,I,Operating Cash Balance,Cash Balance Details,1,2025,3,2025,2,04,01
2025-04-01,Total TGA Deposits (Table II),250278,250278,18439927,I,Operating Cash Balance,Cash Balance Details,2,2025,3,2025,2,04,01
2025-04-01,Total TGA Withdrawals (Table II) (-),356206,356206,19025795,I,Operating Cash Balance,Cash Balance Details,3,2025,3,2025,2,04,01
2025-04-01,Treasury General Account (TGA) Closing Balance,299858,299858,299858,I,Operating Cash Balance,Cash Balance Details,4,2025,3,2025,2,04,01
2025-03-31,Treasury General Account (TGA) Opening Balance,301789,559582,885725,I,Operating Cash Balance,Cash Balance Details,1,2025,2,2025,1,03,31
2025-03-31,Total TGA Deposits (Table II),262527,2715704,18189649,I,Operating Cash Balance,Cash Balance Details,2,2025,2,2025,1,03,31
2025-03-31,Total TGA Withdrawals (Table II) (-),158530,2869500,18669589,I,Operating Cash Balance,Cash Balance Details,3,2025,2,2025,1,03,31
2025-03-31,Treasury General Account (TGA) Closing Balance,405786,405786,405786,I,Operating Cash Balance,Cash Balance Details,4,2025,2,2025,1,03,31
2025-03-28,Treasury General Account (TGA) Opening Balance,280650,559582,885725,I,Operating Cash Balance,Cash Balance Details,1,2025,2,2025,1,03,28
2025-03-28,Total TGA Deposits (Table II),51337,2453177,17927122,I,Operating Cash Balance,Cash Balance Details,2,2025,2,2025,1,03,28
2025-03-28,Total TGA Withdrawals (Table II) (-),30198,2710970,18511059,I,Operating Cash Balance,Cash Balance Details,3,2025,2,2025,1,03,28
2025-03-28,Treasury General Account (TGA) Closing Balance,301789,301789,301789,I,Operating Cash Balance,Cash Balance Details,4,2025,2,2025,1,03,28
2025-03-27,Treasury General Account (TGA) Opening Balance,315970,559582,885725,I,Operating Cash Balance,Cash Balance Details,1,2025,2,2025,1,03,27
2025-03-27,Total TGA Deposits (Table II),227067,2401840,17875785,I,Operating Cash Balance,Cash Balance Details,2,2025,2,2025,1,03,27
2025-03-27,Total TGA Withdrawals (Table II) (-),262388,2680772,18480861,I,Operating Cash Balance,Cash Balance Details,3,2025,2,2025,1,03,27
2025-03-27,Treasury General Account (TGA) Closing Balance,280650,280650,280650,I,Operating Cash Balance,Cash Balance Details,4,2025,2,2025,1,03,27
2025-03-26,Treasury General Account (TGA) Opening Balance,350498,559582,885725,I,Operating Cash Balance,Cash Balance Details,1,2025,2,2025,1,03,26
2025-03-26,Total TGA Deposits (Table II),19302,2174773,17648718,I,Operating Cash Balance,Cash Balance Details,2,2025,2,2025,1,03,26
2025-03-26,Total TGA Withdrawals (Table II) (-),53830,2418384,18218473,I,Operating Cash Balance,Cash Balance Details,3,2025,2,2025,1,03,26
2025-03-26,Treasury General Account (TGA) Closing Balance,315970,315970,315970,I,Operating Cash Balance,Cash Balance Details,4,2025,2,2025,1,03,26
2025-03-25,Treasury General Account (TGA) Opening Balance,385686,559582,885725,I,Operating Cash Balance,Cash Balance Details,1,2025,2,2025,1,03,25
2025-03-25,Total TGA Deposits (Table II),224427,2155471,17629416,I,Operating Cash Balance,Cash Balance Details,2,2025,2,2025,1,03,25
2025-03-25,Total TGA Withdrawals (Table II) (-),259615,2364555,18164643,I,Operating Cash Balance,Cash Balance Details,3,2025,2,2025,1,03,25
2025-03-25,Treasury General Account (TGA) Closing Balance,350498,350498,350498,I,Operating Cash Balance,Cash Balance Details,4,2025,2,2025,1,03,25
2025-03-24,Treasury General Account (TGA) Opening Balance,361945,559582,885725,I,Operating Cash Balance,Cash Balance Details,1,2025,2,2025,1,03,24
2025-03-24,Total TGA Deposits (Table II),40714,1931043,17404989,I,Operating Cash Balance,Cash Balance Details,2,2025,2,2025,1,03,24
2025-03-24,Total TGA Withdrawals (Table II) (-),16973,2104940,17905028,I,Operating Cash Balance,Cash Balance Details,3,2025,2,2025,1,03,24
2025-03-24,Treasury General Account (TGA) Closing Balance,385686,385686,385686,I,Operating Cash Balance,Cash Balance Details,4,2025,2,2025,1,03,24
2025-03-21,Treasury General Account (TGA) Opening Balance,383246,559582,885725,I,Operating Cash Balance,Cash Balance Details,1,2025,2,2025,1,03,21
2025-03-21,Total TGA Deposits (Table II),15482,1890330,17364275,I,Operating Cash Balance,Cash Balance Details,2,2025,2,2025,1,03,21
2025-03-21,Total TGA Withdrawals (Table II) (-),36783,2087967,17888055,I,Operating Cash Balance,Cash Balance Details,3,2025,2,2025,1,03,21
2025-03-21,Treasury General Account (TGA) Closing Balance,361945,361945,361945,I,Operating Cash Balance,Cash Balance Details,4,2025,2,2025,1,03,21
2025-03-20,Total TGA Deposits (Table II),270474,1874847,17348793,I,Operating Cash Balance,Cash Balance Details,2,2025,2,2025,1,03,20
2025-03-20,Treasury General Account (TGA) Opening Balance,415799,559582,885725,I,Operating Cash Balance,Cash Balance Details,1,2025,2,2025,1,03,20
2025-03-20,Total TGA Withdrawals (Table II) (-),303027,2051183,17851272,I,Operating Cash Balance,Cash Balance Details,3,2025,2,2025,1,03,20
2025-03-20,Treasury General Account (TGA) Closing Balance,383246,383246,383246,I,Operating Cash Balance,Cash Balance Details,4,2025,2,2025,1,03,20
2025-03-19,Treasury General Account (TGA) Opening Balance,450153,559582,885725,I,Operating Cash Balance,Cash Balance Details,1,2025,2,2025,1,03,19
2025-03-19,Total TGA Deposits (Table II),20342,1604374,17078319,I,Operating Cash Balance,Cash Balance Details,2,2025,2,2025,1,03,19
2025-03-19,Total TGA Withdrawals (Table II) (-),54695,1748157,17548246,I,Operating Cash Balance,Cash Balance Details,3,2025,2,2025,1,03,19
2025-03-19,Treasury General Account (TGA) Closing Balance,415799,415799,415799,I,Operating Cash Balance,Cash Balance Details,4,2025,2,2025,1,03,19
2025-03-18,Treasury General Account (TGA) Opening Balance,530752,559582,885725,I,Operating Cash Balance,Cash Balance Details,1,2025,2,2025,1,03,18
2025-03-18,Total TGA Deposits (Table II),225488,1584032,17057977,I,Operating Cash Balance,Cash Balance Details,2,2025,2,2025,1,03,18
2025-03-18,Total TGA Withdrawals (Table II) (-),306087,1693461,17493550,I,Operating Cash Balance,Cash Balance Details,3,2025,2,2025,1,03,18
2025-03-18,Treasury General Account (TGA) Closing Balance,450153,450153,450153,I,Operating Cash Balance,Cash Balance Details,4,2025,2,2025,1,03,18
2025-03-17,Treasury General Account (TGA) Opening Balance,414141,559582,885725,I,Operating Cash Balance,Cash Balance Details,1,2025,2,2025,1,03,17
2025-03-17,Total TGA Deposits (Table II),199103,1358544,16832490,I,Operating Cash Balance,Cash Balance Details,2,2025,2,2025,1,03,17
2025-03-17,Total TGA Withdrawals (Table II) (-),82492,1387374,17187463,I,Operating Cash Balance,Cash Balance Details,3,2025,2,2025,1,03,17
2025-03-17,Treasury General Account (TGA) Closing Balance,530752,530752,530752,I,Operating Cash Balance,Cash Balance Details,4,2025,2,2025,1,03,17
2025-03-14,Treasury General Account (TGA) Opening Balance,412423,559582,885725,I,Operating Cash Balance,Cash Balance Details,1,2025,2,2025,1,03,14
2025-03-14,Total TGA Deposits (Table II),29819,1159441,16633387,I,Operating Cash Balance,Cash Balance Details,2,2025,2,2025,1,03,14
2025-03-14,Total TGA Withdrawals (Table II) (-),28102,1304882,17104971,I,Operating Cash Balance,Cash Balance Details,3,2025,2,2025,1,03,14
2025-03-14,Treasury General Account (TGA) Closing Balance,414141,414141,414141,I,Operating Cash Balance,Cash Balance Details,4,2025,2,2025,1,03,14
2025-03-13,Treasury General Account (TGA) Opening Balance,450713,559582,885725,I,Operating Cash Balance,Cash Balance Details,1,2025,2,2025,1,03,13
2025-03-13,Total TGA Deposits (Table II),227987,1129622,16603567,I,Operating Cash Balance,Cash Balance Details,2,2025,2,2025,1,03,13
2025-03-13,Total TGA Withdrawals (Table II) (-),266277,1276780,17076869,I,Operating Cash Balance,Cash Balance Details,3,2025,2,2025,1,03,13
2025-03-13,Treasury General Account (TGA) Closing Balance,412423,412423,412423,I,Operating Cash Balance,Cash Balance Details,4,2025,2,2025,1,03,13
2025-03-12,Treasury General Account (TGA) Opening Balance,500897,559582,885725,I,Operating Cash Balance,Cash Balance Details,1,2025,2,2025,1,03,12
2025-03-12,Total TGA Deposits (Table II),21614,901635,16375580,I,Operating Cash Balance,Cash Balance Details,2,2025,2,2025,1,03,12
2025-03-12,Total TGA Withdrawals (Table II) (-),71798,1010504,16810593,I,Operating Cash Balance,Cash Balance Details,3,2025,2,2025,1,03,12
2025-03-12,Treasury General Account (TGA) Closing Balance,450713,450713,450713,I,Operating Cash Balance,Cash Balance Details,4,2025,2,2025,1,03,12
2025-03-11,Treasury General Account (TGA) Opening Balance,542588,559582,885725,I,Operating Cash Balance,Cash Balance Details,1,2025,2,2025,1,03,11
2025-03-11,Total TGA Deposits (Table II),227295,880020,16353966,I,Operating Cash Balance,Cash Balance Details,2,2025,2,2025,1,03,11
2025-03-11,Total TGA Withdrawals (Table II) (-),268986,938705,16738794,I,Operating Cash Balance,Cash Balance Details,3,2025,2,2025,1,03,11
2025-03-11,Treasury General Account (TGA) Closing Balance,500897,500897,500897,I,Operating Cash Balance,Cash Balance Details,4,2025,2,2025,1,03,11
2025-03-10,Treasury General Account (TGA) Opening Balance,521461,559582,885725,I,Operating Cash Balance,Cash Balance Details,1,2025,2,2025,1,03,10
2025-03-10,Total TGA Deposits (Table II),42688,652725,16126671,I,Operating Cash Balance,Cash Balance Details,2,2025,2,2025,1,03,10
2025-03-10,Total TGA Withdrawals (Table II) (-),21561,669720,16469808,I,Operating Cash Balance,Cash Balance Details,3,2025,2,2025,1,03,10
2025-03-10,Treasury General Account (TGA) Closing Balance,542588,542588,542588,I,Operating Cash Balance,Cash Balance Details,4,2025,2,2025,1,03,10
2025-03-07,Treasury General Account (TGA) Opening Balance,529488,559582,885725,I,Operating Cash Balance,Cash Balance Details,1,2025,2,2025,1,03,07
2025-03-07,Total TGA Deposits (Table II),17194,610038,16083983,I,Operating Cash Balance,Cash Balance Details,2,2025,2,2025,1,03,07
2025-03-07,Total TGA Withdrawals (Table II) (-),25221,648158,16448247,I,Operating Cash Balance,Cash Balance Details,3,2025,2,2025,1,03,07
2025-03-07,Treasury General Account (TGA) Closing Balance,521461,521461,521461,I,Operating Cash Balance,Cash Balance Details,4,2025,2,2025,1,03,07
2025-03-06,Treasury General Account (TGA) Opening Balance,522818,559582,885725,I,Operating Cash Balance,Cash Balance Details,1,2025,2,2025,1,03,06
2025-03-06,Total TGA Deposits (Table II),267248,592843,16066789,I,Operating Cash Balance,Cash Balance Details,2,2025,2,2025,1,03,06
2025-03-06,Total TGA Withdrawals (Table II) (-),260578,622937,16423026,I,Operating Cash Balance,Cash Balance Details,3,2025,2,2025,1,03,06
2025-03-06,Treasury General Account (TGA) Closing Balance,529488,529488,529488,I,Operating Cash Balance,Cash Balance Details,4,2025,2,2025,1,03,06
2025-03-05,Treasury General Account (TGA) Opening Balance,532751,559582,885725,I,Operating Cash Balance,Cash Balance Details,1,2025,2,2025,1,03,05
2025-03-05,Total TGA Deposits (Table II),22497,325596,15799541,I,Operating Cash Balance,Cash Balance Details,2,2025,2,2025,1,03,05
2025-03-05,Total TGA Withdrawals (Table II) (-),32430,362360,16162448,I,Operating Cash Balance,Cash Balance Details,3,2025,2,2025,1,03,05
2025-03-05,Treasury General Account (TGA) Closing Balance,522818,522818,522818,I,Operating Cash Balance,Cash Balance Details,4,2025,2,2025,1,03,05
2025-03-04,Treasury General Account (TGA) Opening Balance,566710,559582,885725,I,Operating Cash Balance,Cash Balance Details,1,2025,2,2025,1,03,04
2025-03-04,Total TGA Deposits (Table II),233477,303098,15777044,I,Operating Cash Balance,Cash Balance Details,2,2025,2,2025,1,03,04
2025-03-04,Total TGA Withdrawals (Table II) (-),267436,329930,16130019,I,Operating Cash Balance,Cash Balance Details,3,2025,2,2025,1,03,04
2025-03-04,Treasury General Account (TGA) Closing Balance,532751,532751,532751,I,Operating Cash Balance,Cash Balance Details,4,2025,2,2025,1,03,04
2025-03-03,Treasury General Account (TGA) Opening Balance,559582,559582,885725,I,Operating Cash Balance,Cash Balance Details,1,2025,2,2025,1,03,03
2025-03-03,Total TGA Deposits (Table II),69621,69621,15543567,I,Operating Cash Balance,Cash Balance Details,2,2025,2,2025,1,03,03
2025-03-03,Total TGA Withdrawals (Table II) (-),62494,62494,15862582,I,Operating Cash Balance,Cash Balance Details,3,2025,2,2025,1,03,03
2025-03-03,Treasury General Account (TGA) Closing Balance,566710,566710,566710,I,Operating Cash Balance,Cash Balance Details,4,2025,2,2025,1,03,03
2025-02-28,Treasury General Account (TGA) Opening Balance,537294,793025,885725,I,Operating Cash Balance,Cash Balance Details,1,2025,2,2025,1,02,28
2025-02-28,Total TGA Deposits (Table II),281285,2849560,15473945,I,Operating Cash Balance,Cash Balance Details,2,2025,2,2025,1,02,28
2025-02-28,Total TGA Withdrawals (Table II) (-),258997,3083003,15800089,I,Operating Cash Balance,Cash Balance Details,3,2025,2,2025,1,02,28
2025-02-28,Treasury General Account (TGA) Closing Balance,559582,559582,559582,I,Operating Cash Balance,Cash Balance Details,4,2025,2,2025,1,02,28
2025-02-27,Treasury General Account (TGA) Opening Balance,568550,793025,885725,I,Operating Cash Balance,Cash Balance Details,1,2025,2,2025,1,02,27
2025-02-27,Total TGA Deposits (Table II),239184,2568274,15192660,I,Operating Cash Balance,Cash Balance Details,2,2025,2,2025,1,02,27
2025-02-27,Total TGA Withdrawals (Table II) (-),270441,2824006,15541092,I,Operating Cash Balance,Cash Balance Details,3,2025,2,2025,1,02,27
2025-02-27,Treasury General Account (TGA) Closing Balance,537294,537294,537294,I,Operating Cash Balance,Cash Balance Details,4,2025,2,2025,1,02,27
2025-02-26,Treasury General Account (TGA) Opening Balance,623711,793025,885725,I,Operating Cash Balance,Cash Balance Details,1,2025,2,2025,1,02,26
2025-02-26,Total TGA Deposits (Table II),20477,2329090,14953476,I,Operating Cash Balance,Cash Balance Details,2,2025,2,2025,1,02,26
2025-02-26,Total TGA Withdrawals (Table II) (-),75637,2553565,15270651,I,Operating Cash Balance,Cash Balance Details,3,2025,2,2025,1,02,26
2025-02-26,Treasury General Account (TGA) Closing Balance,568550,568550,568550,I,Operating Cash Balance,Cash Balance Details,4,2025,2,2025,1,02,26
2025-02-25,Treasury General Account (TGA) Opening Balance,707057,793025,885725,I,Operating Cash Balance,Cash Balance Details,1,2025,2,2025,1,02,25
2025-02-25,Total TGA Deposits (Table II),246553,2308613,14932999,I,Operating Cash Balance,Cash Balance Details,2,2025,2,2025,1,02,25
2025-02-25,Total TGA Withdrawals (Table II) (-),329899,2477928,15195013,I,Operating Cash Balance,Cash Balance Details,3,2025,2,2025,1,02,25
2025-02-25,Treasury General Account (TGA) Closing Balance,623711,623711,623711,I,Operating Cash Balance,Cash Balance Details,4,2025,2,2025,1,02,25
2025-02-24,Treasury General Account (TGA) Opening Balance,713642,793025,885725,I,Operating Cash Balance,Cash Balance Details,1,2025,2,2025,1,02,24
2025-02-24,Total TGA Deposits (Table II),34415,2062060,14686446,I,Operating Cash Balance,Cash Balance Details,2,2025,2,2025,1,02,24
2025-02-24,Total TGA Withdrawals (Table II) (-),40999,2148029,14865114,I,Operating Cash Balance,Cash Balance Details,3,2025,2,2025,1,02,24
2025-02-24,Treasury General Account (TGA) Closing Balance,707057,707057,707057,I,Operating Cash Balance,Cash Balance Details,4,2025,2,2025,1,02,24
2025-02-21,Treasury General Account (TGA) Opening Balance,727881,793025,885725,I,Operating Cash Balance,Cash Balance Details,1,2025,2,2025,1,02,21
2025-02-21,Total TGA Deposits (Table II),15458,2027646,14652032,I,Operating Cash Balance,Cash Balance Details,2,2025,2,2025,1,02,21
2025-02-21,Total TGA Withdrawals (Table II) (-),29697,2107029,14824115,I,Operating Cash Balance,Cash Balance Details,3,2025,2,2025,1,02,21
2025-02-21,Treasury General Account (TGA) Closing Balance,713642,713642,713642,I,Operating Cash Balance,Cash Balance Details,4,2025,2,2025,1,02,21
2025-02-20,Treasury General Account (TGA) Opening Balance,738938,793025,885725,I,Operating Cash Balance,Cash Balance Details,1,2025,2,2025,1,02,20
2025-02-20,Total TGA Deposits (Table II),313241,2012188,14636574,I,Operating Cash Balance,Cash Balance Details,2,2025,2,2025,1,02,20
2025-02-20,Total TGA Withdrawals (Table II) (-),324299,2077333,14794419,I,Operating Cash Balance,Cash Balance Details,3,2025,2,2025,1,02,20
2025-02-20,Treasury General Account (TGA) Closing Balance,727881,727881,727881,I,Operating Cash Balance,Cash Balance Details,4,2025,2,2025,1,02,20
2025-02-19,Treasury General Account (TGA) Opening Balance,773826,793025,885725,I,Operating Cash Balance,Cash Balance Details,1,2025,2,2025,1,02,19
2025-02-19,Total TGA Deposits (Table II),13473,1698947,14323333,I,Operating Cash Balance,Cash Balance Details,2,2025,2,2025,1,02,19
2025-02-19,Total TGA Withdrawals (Table II) (-),48360,1753034,14470120,I,Operating Cash Balance,Cash Balance Details,3,2025,2,2025,1,02,19
2025-02-19,Treasury General Account (TGA) Closing Balance,738938,738938,738938,I,Operating Cash Balance,Cash Balance Details,4,2025,2,2025,1,02,19
2025-02-18,Treasury General Account (TGA) Opening Balance,802084,793025,885725,I,Operating Cash Balance,Cash Balance Details,1,2025,2,2025,1,02,18
2025-02-18,Total TGA Deposits (Table II),461482,1685474,14309860,I,Operating Cash Balance,Cash Balance Details,2,2025,2,2025,1,02,18
2025-02-18,Total TGA Withdrawals (Table II) (-),489740,1704674,14421760,I,Operating Cash Balance,Cash Balance Details,3,2025,2,2025,1,02,18
2025-02-18,Treasury General Account (TGA) Closing Balance,773826,773826,773826,I,Operating Cash Balance,Cash Balance Details,4,2025,2,2025,1,02,18
2025-02-14,Treasury General Account (TGA) Opening Balance,809338,793025,885725,I,Operating Cash Balance,Cash Balance Details,1,2025,2,2025,1,02,14
2025-02-14,Total TGA Deposits (Table II),19115,1223992,13848378,I,Operating Cash Balance,Cash Balance Details,2,2025,2,2025,1,02,14
2025-02-14,Total TGA Withdrawals (Table II) (-),26369,1214934,13932020,I,Operating Cash Balance,Cash Balance Details,3,2025,2,2025,1,02,14
2025-02-14,Treasury General Account (TGA) Closing Balance,802084,802084,802084,I,Operating Cash Balance,Cash Balance Details,4,2025,2,2025,1,02,14
2025-02-13,Treasury General Account (TGA) Opening Balance,809154,793025,885725,I,Operating Cash Balance,Cash Balance Details,1,2025,2,2025,1,02,13
2025-02-13,Total TGA Deposits (Table II),262323,1204877,13829263,I,Operating Cash Balance,Cash Balance Details,2,2025,2,2025,1,02,13
2025-02-13,Total TGA Withdrawals (Table II) (-),262139,1188565,13905650,I,Operating Cash Balance,Cash Balance Details,3,2025,2,2025,1,02,13
2025-02-13,Treasury General Account (TGA) Closing Balance,809338,809338,809338,I,Operating Cash Balance,Cash Balance Details,4,2025,2,2025,1,02,13
2025-02-12,Treasury General Account (TGA) Opening Balance,842182,793025,885725,I,Operating Cash Balance,Cash Balance Details,1,2025,2,2025,1,02,12
2025-02-12,Total TGA Deposits (Table II),17488,942554,13566940,I,Operating Cash Balance,Cash Balance Details,2,2025,2,2025,1,02,12
2025-02-12,Total TGA Withdrawals (Table II) (-),50515,926425,13643511,I,Operating Cash Balance,Cash Balance Details,3,2025,2,2025,1,02,12
2025-02-12,Treasury General Account (TGA) Closing Balance,809154,809154,809154,I,Operating Cash Balance,Cash Balance Details,4,2025,2,2025,1,02,12
2025-02-11,Treasury General Account (TGA) Opening Balance,837805,793025,885725,I,Operating Cash Balance,Cash Balance Details,1,2025,2,2025,1,02,11
2025-02-11,Total TGA Deposits (Table II),263150,925066,13549452,I,Operating Cash Balance,Cash Balance Details,2,2025,2,2025,1,02,11
2025-02-11,Total TGA Withdrawals (Table II) (-),258773,875910,13592996,I,Operating Cash Balance,Cash Balance Details,3,2025,2,2025,1,02,11
2025-02-11,Treasury General Account (TGA) Closing Balance,842182,842182,842182,I,Operating Cash Balance,Cash Balance Details,4,2025,2,2025,1,02,11
2025-02-10,Treasury General Account (TGA) Opening Balance,825751,793025,885725,I,Operating Cash Balance,Cash Balance Details,1,2025,2,2025,1,02,10
2025-02-10,Total TGA Deposits (Table II),30902,661916,13286302,I,Operating Cash Balance,Cash Balance Details,2,2025,2,2025,1,02,10
2025-02-10,Total TGA Withdrawals (Table II) (-),18848,617137,13334223,I,Operating Cash Balance,Cash Balance Details,3,2025,2,2025,1,02,10
2025-02-10,Treasury General Account (TGA) Closing Balance,837805,837805,837805,I,Operating Cash Balance,Cash Balance Details,4,2025,2,2025,1,02,10
2025-02-07,Treasury General Account (TGA) Opening Balance,830323,793025,885725,I,Operating Cash Balance,Cash Balance Details,1,2025,2,2025,1,02,07
2025-02-07,Total TGA Deposits (Table II),14412,631014,13255400,I,Operating Cash Balance,Cash Balance Details,2,2025,2,2025,1,02,07
2025-02-07,Total TGA Withdrawals (Table II) (-),18984,598289,13315375,I,Operating Cash Balance,Cash Balance Details,3,2025,2,2025,1,02,07
2025-02-07,Treasury General Account (TGA) Closing Balance,825751,825751,825751,I,Operating Cash Balance,Cash Balance Details,4,2025,2,2025,1,02,07
2025-02-06,Treasury General Account (TGA) Opening Balance,817953,793025,885725,I,Operating Cash Balance,Cash Balance Details,1,2025,2,2025,1,02,06
2025-02-06,Total TGA Deposits (Table II),261451,616602,13240988,I,Operating Cash Balance,Cash Balance Details,2,2025,2,2025,1,02,06
2025-02-06,Total TGA Withdrawals (Table II) (-),249081,579304,13296390,I,Operating Cash Balance,Cash Balance Details,3,2025,2,2025,1,02,06
2025-02-06,Treasury General Account (TGA) Closing Balance,830323,830323,830323,I,Operating Cash Balance,Cash Balance Details,4,2025,2,2025,1,02,06
2025-02-05,Treasury General Account (TGA) Opening Balance,816166,793025,885725,I,Operating Cash Balance,Cash Balance Details,1,2025,2,2025,1,02,05
2025-02-05,Total TGA Deposits (Table II),19279,355151,12979537,I,Operating Cash Balance,Cash Balance Details,2,2025,2,2025,1,02,05
2025-02-05,Total TGA Withdrawals (Table II) (-),17493,330224,13047310,I,Operating Cash Balance,Cash Balance Details,3,2025,2,2025,1,02,05
2025-02-05,Treasury General Account (TGA) Closing Balance,817953,817953,817953,I,Operating Cash Balance,Cash Balance Details,4,2025,2,2025,1,02,05
2025-02-04,Treasury General Account (TGA) Opening Balance,800006,793025,885725,I,Operating Cash Balance,Cash Balance Details,1,2025,2,2025,1,02,04
2025-02-04,Total TGA Deposits (Table II),269809,335872,12960258,I,Operating Cash Balance,Cash Balance Details,2,2025,2,2025,1,02,04
2025-02-04,Total TGA Withdrawals (Table II) (-),253648,312731,13029816,I,Operating Cash Balance,Cash Balance Details,3,2025,2,2025,1,02,04
2025-02-04,Treasury General Account (TGA) Closing Balance,816166,816166,816166,I,Operating Cash Balance,Cash Balance Details,4,2025,2,2025,1,02,04
2025-02-03,Treasury General Account (TGA) Opening Balance,793025,793025,885725,I,Operating Cash Balance,Cash Balance Details,1,2025,2,2025,1,02,03
2025-02-03,Total TGA Deposits (Table II),66063,66063,12690449,I,Operating Cash Balance,Cash Balance Details,2,2025,2,2025,1,02,03
2025-02-03,Total TGA Withdrawals (Table II) (-),59083,59083,12776169,I,Operating Cash Balance,Cash Balance Details,3,2025,2,2025,1,02,03
2025-02-03,Treasury General Account (TGA) Closing Balance,800006,800006,800006,I,Operating Cash Balance,Cash Balance Details,4,2025,2,2025,1,02,03
2025-01-31,Treasury General Account (TGA) Opening Balance,825951,721892,885725,I,Operating Cash Balance,Cash Balance Details,1,2025,2,2025,1,01,31
2025-01-31,Total TGA Deposits (Table II),286444,3321987,12624386,I,Operating Cash Balance,Cash Balance Details,2,2025,2,2025,1,01,31
2025-01-31,Total TGA Withdrawals (Table II) (-),319370,3250854,12717086,I,Operating Cash Balance,Cash Balance Details,3,2025,2,2025,1,01,31
2025-01-31,Treasury General Account (TGA) Closing Balance,793025,793025,793025,I,Operating Cash Balance,Cash Balance Details,4,2025,2,2025,1,01,31
2025-01-30,Treasury General Account (TGA) Opening Balance,811549,721892,885725,I,Operating Cash Balance,Cash Balance Details,1,2025,2,2025,1,01,30
2025-01-30,Total TGA Deposits (Table II),269398,3035543,12337942,I,Operating Cash Balance,Cash Balance Details,2,2025,2,2025,1,01,30
2025-01-30,Total TGA Withdrawals (Table II) (-),254996,2931484,12397716,I,Operating Cash Balance,Cash Balance Details,3,2025,2,2025,1,01,30
2025-01-30,Treasury General Account (TGA) Closing Balance,825951,825951,825951,I,Operating Cash Balance,Cash Balance Details,4,2025,2,2025,1,01,30
2025-01-29,Treasury General Account (TGA) Opening Balance,813442,721892,885725,I,Operating Cash Balance,Cash Balance Details,1,2025,2,2025,1,01,29
2025-01-29,Total TGA Deposits (Table II),24035,2766145,12068543,I,Operating Cash Balance,Cash Balance Details,2,2025,2,2025,1,01,29
2025-01-29,Total TGA Withdrawals (Table II) (-),25928,2676488,12142720,I,Operating Cash Balance,Cash Balance Details,3,2025,2,2025,1,01,29
2025-01-29,Treasury General Account (TGA) Closing Balance,811549,811549,811549,I,Operating Cash Balance,Cash Balance Details,4,2025,2,2025,1,01,29
2025-01-28,Treasury General Account (TGA) Opening Balance,797458,721892,885725,I,Operating Cash Balance,Cash Balance Details,1,2025,2,2025,1,01,28
2025-01-28,Total TGA Deposits (Table II),264123,2742109,12044508,I,Operating Cash Balance,Cash Balance Details,2,2025,2,2025,1,01,28
2025-01-28,Total TGA Withdrawals (Table II) (-),248138,2650559,12116791,I,Operating Cash Balance,Cash Balance Details,3,2025,2,2025,1,01,28
2025-01-28,Treasury General Account (TGA) Closing Balance,813442,813442,813442,I,Operating Cash Balance,Cash Balance Details,4,2025,2,2025,1,01,28
2025-01-27,Treasury General Account (TGA) Opening Balance,768984,721892,885725,I,Operating Cash Balance,Cash Balance Details,1,2025,2,2025,1,01,27
2025-01-27,Total TGA Deposits (Table II),42089,2477987,11780386,I,Operating Cash Balance,Cash Balance Details,2,2025,2,2025,1,01,27
2025-01-27,Total TGA Withdrawals (Table II) (-),13614,2402421,11868653,I,Operating Cash Balance,Cash Balance Details,3,2025,2,2025,1,01,27
2025-01-27,Treasury General Account (TGA) Closing Balance,797458,797458,797458,I,Operating Cash Balance,Cash Balance Details,4,2025,2,2025,1,01,27
2025-01-24,Treasury General Account (TGA) Opening Balance,760043,721892,885725,I,Operating Cash Balance,Cash Balance Details,1,2025,2,2025,1,01,24
2025-01-24,Total TGA Deposits (Table II),25320,2435898,11738297,I,Operating Cash Balance,Cash Balance Details,2,2025,2,2025,1,01,24
2025-01-24,Total TGA Withdrawals (Table II) (-),16379,2388807,11855039,I,Operating Cash Balance,Cash Balance Details,3,2025,2,2025,1,01,24
2025-01-24,Treasury General Account (TGA) Closing Balance,768984,768984,768984,I,Operating Cash Balance,Cash Balance Details,4,2025,2,2025,1,01,24
2025-01-23,Treasury General Account (TGA) Opening Balance,665485,721892,885725,I,Operating Cash Balance,Cash Balance Details,1,2025,2,2025,1,01,23
2025-01-23,Total TGA Deposits (Table II),397101,2410578,11712977,I,Operating Cash Balance,Cash Balance Details,2,2025,2,2025,1,01,23
2025-01-23,Total TGA Withdrawals (Table II) (-),302543,2372427,11838659,I,Operating Cash Balance,Cash Balance Details,3,2025,2,2025,1,01,23
2025-01-23,Treasury General Account (TGA) Closing Balance,760043,760043,760043,I,Operating Cash Balance,Cash Balance Details,4,2025,2,2025,1,01,23
2025-01-22,Treasury General Account (TGA) Opening Balance,704874,721892,885725,I,Operating Cash Balance,Cash Balance Details,1,2025,2,2025,1,01,22
2025-01-22,Total TGA Deposits (Table II),17145,2013477,11315876,I,Operating Cash Balance,Cash Balance Details,2,2025,2,2025,1,01,22
2025-01-22,Total TGA Withdrawals (Table II) (-),56534,2069885,11536116,I,Operating Cash Balance,Cash Balance Details,3,2025,2,2025,1,01,22
2025-01-22,Treasury General Account (TGA) Closing Balance,665485,665485,665485,I,Operating Cash Balance,Cash Balance Details,4,2025,2,2025,1,01,22
2025-01-21,Treasury General Account (TGA) Opening Balance,673357,721892,885725,I,Operating Cash Balance,Cash Balance Details,1,2025,2,2025,1,01,21
2025-01-21,Total TGA Deposits (Table II),287577,1996332,11298731,I,Operating Cash Balance,Cash Balance Details,2,2025,2,2025,1,01,21
2025-01-21,Total TGA Withdrawals (Table II) (-),256060,2013350,11479582,I,Operating Cash Balance,Cash Balance Details,3,2025,2,2025,1,01,21
2025-01-21,Treasury General Account (TGA) Closing Balance,704874,704874,704874,I,Operating Cash Balance,Cash Balance Details,4,2025,2,2025,1,01,21
2025-01-17,Total TGA Withdrawals (Table II) (-),21313,1757291,11223522,I,Operating Cash Balance,Cash Balance Details,3,2025,2,2025,1,01,17
2025-01-17,Treasury General Account (TGA) Closing Balance,673357,673357,673357,I,Operating Cash Balance,Cash Balance Details,4,2025,2,2025,1,01,17
2025-01-17,Treasury General Account (TGA) Opening Balance,677188,721892,885725,I,Operating Cash Balance,Cash Balance Details,1,2025,2,2025,1,01,17
2025-01-17,Total TGA Deposits (Table II),17481,1708755,11011154,I,Operating Cash Balance,Cash Balance Details,2,2025,2,2025,1,01,17
2025-01-16,Treasury General Account (TGA) Opening Balance,651187,721892,885725,I,Operating Cash Balance,Cash Balance Details,1,2025,2,2025,1,01,16
2025-01-16,Total TGA Deposits (Table II),282912,1691273,10993672,I,Operating Cash Balance,Cash Balance Details,2,2025,2,2025,1,01,16
2025-01-16,Total TGA Withdrawals (Table II) (-),256911,1735977,11202209,I,Operating Cash Balance,Cash Balance Details,3,2025,2,2025,1,01,16
2025-01-16,Treasury General Account (TGA) Closing Balance,677188,677188,677188,I,Operating Cash Balance,Cash Balance Details,4,2025,2,2025,1,01,16
2025-01-15,Treasury General Account (TGA) Opening Balance,671551,721892,885725,I,Operating Cash Balance,Cash Balance Details,1,2025,2,2025,1,01,15
2025-01-15,Total TGA Deposits (Table II),209529,1408361,10710760,I,Operating Cash Balance,Cash Balance Details,2,2025,2,2025,1,01,15
2025-01-15,Total TGA Withdrawals (Table II) (-),229892,1479066,10945298,I,Operating Cash Balance,Cash Balance Details,3,2025,2,2025,1,01,15
2025-01-15,Treasury General Account (TGA) Closing Balance,651187,651187,651187,I,Operating Cash Balance,Cash Balance Details,4,2025,2,2025,1,01,15
2025-01-14,Treasury General Account (TGA) Opening Balance,647354,721892,885725,I,Operating Cash Balance,Cash Balance Details,1,2025,2,2025,1,01,14
2025-01-14,Total TGA Deposits (Table II),279196,1198833,10501231,I,Operating Cash Balance,Cash Balance Details,2,2025,2,2025,1,01,14
2025-01-14,Total TGA Withdrawals (Table II) (-),255000,1249174,10715406,I,Operating Cash Balance,Cash Balance Details,3,2025,2,2025,1,01,14
2025-01-14,Treasury General Account (TGA) Closing Balance,671551,671551,671551,I,Operating Cash Balance,Cash Balance Details,4,2025,2,2025,1,01,14
2025-01-13,Treasury General Account (TGA) Opening Balance,631584,721892,885725,I,Operating Cash Balance,Cash Balance Details,1,2025,2,2025,1,01,13
2025-01-13,Total TGA Deposits (Table II),38633,919636,10222035,I,Operating Cash Balance,Cash Balance Details,2,2025,2,2025,1,01,13
2025-01-13,Total TGA Withdrawals (Table II) (-),22862,994174,10460406,I,Operating Cash Balance,Cash Balance Details,3,2025,2,2025,1,01,13
2025-01-13,Treasury General Account (TGA) Closing Balance,647354,647354,647354,I,Operating Cash Balance,Cash Balance Details,4,2025,2,2025,1,01,13
2025-01-10,Treasury General Account (TGA) Opening Balance,623729,721892,885725,I,Operating Cash Balance,Cash Balance Details,1,2025,2,2025,1,01,10
2025-01-10,Total TGA Deposits (Table II),17007,881004,10183403,I,Operating Cash Balance,Cash Balance Details,2,2025,2,2025,1,01,10
2025-01-10,Total TGA Withdrawals (Table II) (-),9152,971312,10437544,I,Operating Cash Balance,Cash Balance Details,3,2025,2,2025,1,01,10
2025-01-10,Treasury General Account (TGA) Closing Balance,631584,631584,631584,I,Operating Cash Balance,Cash Balance Details,4,2025,2,2025,1,01,10
2025-01-09,Treasury General Account (TGA) Opening Balance,620531,721892,885725,I,Operating Cash Balance,Cash Balance Details,1,2025,2,2025,1,01,09
2025-01-09,Total TGA Deposits (Table II),258241,863997,10166396,I,Operating Cash Balance,Cash Balance Details,2,2025,2,2025,1,01,09
2025-01-09,Total TGA Withdrawals (Table II) (-),255044,962160,10428392,I,Operating Cash Balance,Cash Balance Details,3,2025,2,2025,1,01,09
2025-01-09,Treasury General Account (TGA) Closing Balance,623729,623729,623729,I,Operating Cash Balance,Cash Balance Details,4,2025,2,2025,1,01,09
2025-01-08,Treasury General Account (TGA) Opening Balance,651488,721892,885725,I,Operating Cash Balance,Cash Balance Details,1,2025,2,2025,1,01,08
2025-01-08,Total TGA Deposits (Table II),17590,605756,9908155,I,Operating Cash Balance,Cash Balance Details,2,2025,2,2025,1,01,08
2025-01-08,Total TGA Withdrawals (Table II) (-),48546,707117,10173349,I,Operating Cash Balance,Cash Balance Details,3,2025,2,2025,1,01,08
2025-01-08,Treasury General Account (TGA) Closing Balance,620531,620531,620531,I,Operating Cash Balance,Cash Balance Details,4,2025,2,2025,1,01,08
2025-01-07,Treasury General Account (TGA) Opening Balance,668557,721892,885725,I,Operating Cash Balance,Cash Balance Details,1,2025,2,2025,1,01,07
2025-01-07,Total TGA Deposits (Table II),243690,588166,9890565,I,Operating Cash Balance,Cash Balance Details,2,2025,2,2025,1,01,07
2025-01-07,Total TGA Withdrawals (Table II) (-),260759,658570,10124802,I,Operating Cash Balance,Cash Balance Details,3,2025,2,2025,1,01,07
2025-01-07,Treasury General Account (TGA) Closing Balance,651488,651488,651488,I,Operating Cash Balance,Cash Balance Details,4,2025,2,2025,1,01,07
2025-01-06,Treasury General Account (TGA) Opening Balance,650277,721892,885725,I,Operating Cash Balance,Cash Balance Details,1,2025,2,2025,1,01,06
2025-01-06,Total TGA Deposits (Table II),38384,344476,9646875,I,Operating Cash Balance,Cash Balance Details,2,2025,2,2025,1,01,06
2025-01-06,Total TGA Withdrawals (Table II) (-),20104,397811,9864043,I,Operating Cash Balance,Cash Balance Details,3,2025,2,2025,1,01,06
2025-01-06,Treasury General Account (TGA) Closing Balance,668557,668557,668557,I,Operating Cash Balance,Cash Balance Details,4,2025,2,2025,1,01,06
2025-01-03,Treasury General Account (TGA) Opening Balance,677045,721892,885725,I,Operating Cash Balance,Cash Balance Details,1,2025,2,2025,1,01,03
2025-01-03,Total TGA Deposits (Table II),19063,306092,9608491,I,Operating Cash Balance,Cash Balance Details,2,2025,2,2025,1,01,03
2025-01-03,Total TGA Withdrawals (Table II) (-),45831,377707,9843939,I,Operating Cash Balance,Cash Balance Details,3,2025,2,2025,1,01,03
2025-01-03,Treasury General Account (TGA) Closing Balance,650277,650277,650277,I,Operating Cash Balance,Cash Balance Details,4,2025,2,2025,1,01,03
2025-01-02,Treasury General Account (TGA) Opening Balance,721892,721892,885725,I,Operating Cash Balance,Cash Balance Details,1,2025,2,2025,1,01,02
2025-01-02,Total TGA Deposits (Table II),287029,287029,9589428,I,Operating Cash Balance,Cash Balance Details,2,2025,2,2025,1,01,02
2025-01-02,Total TGA Withdrawals (Table II) (-),331876,331876,9798108,I,Operating Cash Balance,Cash Balance Details,3,2025,2,2025,1,01,02
2025-01-02,Treasury General Account (TGA) Closing Balance,677045,677045,677045,I,Operating Cash Balance,Cash Balance Details,4,2025,2,2025,1,01,02
2024-12-31,Treasury General Account (TGA) Opening Balance,745427,756878,885725,I,Operating Cash Balance,Cash Balance Details,1,2025,1,2024,4,12,31
2024-12-31,Total TGA Deposits (Table II),456284,3222575,9302399,I,Operating Cash Balance,Cash Balance Details,2,2025,1,2024,4,12,31
2024-12-31,Total TGA Withdrawals (Table II) (-),479819,3257561,9466232,I,Operating Cash Balance,Cash Balance Details,3,2025,1,2024,4,12,31
2024-12-31,Treasury General Account (TGA) Closing Balance,721892,721892,721892,I,Operating Cash Balance,Cash Balance Details,4,2025,1,2024,4,12,31
2024-12-30,Treasury General Account (TGA) Opening Balance,720401,756878,885725,I,Operating Cash Balance,Cash Balance Details,1,2025,1,2024,4,12,30
2024-12-30,Total TGA Deposits (Table II),44060,2766291,8846115,I,Operating Cash Balance,Cash Balance Details,2,2025,1,2024,4,12,30
2024-12-30,Total TGA Withdrawals (Table II) (-),19033,2777741,8986413,I,Operating Cash Balance,Cash Balance Details,3,2025,1,2024,4,12,30
2024-12-30,Treasury General Account (TGA) Closing Balance,745427,745427,745427,I,Operating Cash Balance,Cash Balance Details,4,2025,1,2024,4,12,30
2024-12-27,Treasury General Account (TGA) Opening Balance,688699,756878,885725,I,Operating Cash Balance,Cash Balance Details,1,2025,1,2024,4,12,27
2024-12-27,Total TGA Deposits (Table II),51473,2722231,8802055,I,Operating Cash Balance,Cash Balance Details,2,2025,1,2024,4,12,27
2024-12-27,Total TGA Withdrawals (Table II) (-),19772,2758708,8967380,I,Operating Cash Balance,Cash Balance Details,3,2025,1,2024,4,12,27
2024-12-27,Treasury General Account (TGA) Closing Balance,720401,720401,720401,I,Operating Cash Balance,Cash Balance Details,4,2025,1,2024,4,12,27
2024-12-26,Treasury General Account (TGA) Opening Balance,735039,756878,885725,I,Operating Cash Balance,Cash Balance Details,1,2025,1,2024,4,12,26
2024-12-26,Total TGA Deposits (Table II),287164,2670757,8750582,I,Operating Cash Balance,Cash Balance Details,2,2025,1,2024,4,12,26
2024-12-26,Total TGA Withdrawals (Table II) (-),333505,2738937,8947608,I,Operating Cash Balance,Cash Balance Details,3,2025,1,2024,4,12,26
2024-12-26,Treasury General Account (TGA) Closing Balance,688699,688699,688699,I,Operating Cash Balance,Cash Balance Details,4,2025,1,2024,4,12,26
2024-12-24,Treasury General Account (TGA) Opening Balance,792864,756878,885725,I,Operating Cash Balance,Cash Balance Details,1,2025,1,2024,4,12,24
2024-12-24,Total TGA Deposits (Table II),236416,2383593,8463417,I,Operating Cash Balance,Cash Balance Details,2,2025,1,2024,4,12,24
2024-12-24,Total TGA Withdrawals (Table II) (-),294240,2405432,8614103,I,Operating Cash Balance,Cash Balance Details,3,2025,1,2024,4,12,24
2024-12-24,Treasury General Account (TGA) Closing Balance,735039,735039,735039,I,Operating Cash Balance,Cash Balance Details,4,2025,1,2024,4,12,24
2024-12-23,Treasury General Account (TGA) Opening Balance,767489,756878,885725,I,Operating Cash Balance,Cash Balance Details,1,2025,1,2024,4,12,23
2024-12-23,Total TGA Deposits (Table II),47154,2147178,8227002,I,Operating Cash Balance,Cash Balance Details,2,2025,1,2024,4,12,23
2024-12-23,Total TGA Withdrawals (Table II) (-),21779,2111192,8319863,I,Operating Cash Balance,Cash Balance Details,3,2025,1,2024,4,12,23
2024-12-23,Treasury General Account (TGA) Closing Balance,792864,792864,792864,I,Operating Cash Balance,Cash Balance Details,4,2025,1,2024,4,12,23
2024-12-20,Treasury General Account (TGA) Opening Balance,787982,756878,885725,I,Operating Cash Balance,Cash Balance Details,1,2025,1,2024,4,12,20
2024-12-20,Total TGA Deposits (Table II),19956,2100024,8179848,I,Operating Cash Balance,Cash Balance Details,2,2025,1,2024,4,12,20
2024-12-20,Total TGA Withdrawals (Table II) (-),40448,2089412,8298084,I,Operating Cash Balance,Cash Balance Details,3,2025,1,2024,4,12,20
2024-12-20,Treasury General Account (TGA) Closing Balance,767489,767489,767489,I,Operating Cash Balance,Cash Balance Details,4,2025,1,2024,4,12,20
2024-12-19,Treasury General Account (TGA) Opening Balance,803975,756878,885725,I,Operating Cash Balance,Cash Balance Details,1,2025,1,2024,4,12,19
2024-12-19,Total TGA Deposits (Table II),230718,2080068,8159892,I,Operating Cash Balance,Cash Balance Details,2,2025,1,2024,4,12,19
2024-12-19,Total TGA Withdrawals (Table II) (-),246710,2048964,8257635,I,Operating Cash Balance,Cash Balance Details,3,2025,1,2024,4,12,19
2024-12-19,Treasury General Account (TGA) Closing Balance,787982,787982,787982,I,Operating Cash Balance,Cash Balance Details,4,2025,1,2024,4,12,19
2024-12-18,Treasury General Account (TGA) Opening Balance,830681,756878,885725,I,Operating Cash Balance,Cash Balance Details,1,2025,1,2024,4,12,18
2024-12-18,Total TGA Deposits (Table II),21687,1849350,7929174,I,Operating Cash Balance,Cash Balance Details,2,2025,1,2024,4,12,18
2024-12-18,Total TGA Withdrawals (Table II) (-),48393,1802254,8010925,I,Operating Cash Balance,Cash Balance Details,3,2025,1,2024,4,12,18
2024-12-18,Treasury General Account (TGA) Closing Balance,803975,803975,803975,I,Operating Cash Balance,Cash Balance Details,4,2025,1,2024,4,12,18
2024-12-17,Treasury General Account (TGA) Opening Balance,861216,756878,885725,I,Operating Cash Balance,Cash Balance Details,1,2025,1,2024,4,12,17
2024-12-17,Total TGA Deposits (Table II),238311,1827663,7907487,I,Operating Cash Balance,Cash Balance Details,2,2025,1,2024,4,12,17
2024-12-17,Total TGA Withdrawals (Table II) (-),268847,1753860,7962532,I,Operating Cash Balance,Cash Balance Details,3,2025,1,2024,4,12,17
2024-12-17,Treasury General Account (TGA) Closing Balance,830681,830681,830681,I,Operating Cash Balance,Cash Balance Details,4,2025,1,2024,4,12,17
2024-12-16,Treasury General Account (TGA) Opening Balance,725325,756878,885725,I,Operating Cash Balance,Cash Balance Details,1,2025,1,2024,4,12,16
2024-12-16,Total TGA Deposits (Table II),220522,1589351,7669176,I,Operating Cash Balance,Cash Balance Details,2,2025,1,2024,4,12,16
2024-12-16,Total TGA Withdrawals (Table II) (-),84630,1485013,7693684,I,Operating Cash Balance,Cash Balance Details,3,2025,1,2024,4,12,16
2024-12-16,Treasury General Account (TGA) Closing Balance,861216,861216,861216,I,Operating Cash Balance,Cash Balance Details,4,2025,1,2024,4,12,16
2024-12-13,Treasury General Account (TGA) Opening Balance,703676,756878,885725,I,Operating Cash Balance,Cash Balance Details,1,2025,1,2024,4,12,13
2024-12-13,Total TGA Deposits (Table II),40872,1368829,7448653,I,Operating Cash Balance,Cash Balance Details,2,2025,1,2024,4,12,13
2024-12-13,Total TGA Withdrawals (Table II) (-),19224,1400383,7609054,I,Operating Cash Balance,Cash Balance Details,3,2025,1,2024,4,12,13
2024-12-13,Treasury General Account (TGA) Closing Balance,725325,725325,725325,I,Operating Cash Balance,Cash Balance Details,4,2025,1,2024,4,12,13
2024-12-12,Treasury General Account (TGA) Opening Balance,711354,756878,885725,I,Operating Cash Balance,Cash Balance Details,1,2025,1,2024,4,12,12
2024-12-12,Total TGA Deposits (Table II),241716,1327957,7407781,I,Operating Cash Balance,Cash Balance Details,2,2025,1,2024,4,12,12
2024-12-12,Total TGA Withdrawals (Table II) (-),249394,1381159,7589830,I,Operating Cash Balance,Cash Balance Details,3,2025,1,2024,4,12,12
2024-12-12,Treasury General Account (TGA) Closing Balance,703676,703676,703676,I,Operating Cash Balance,Cash Balance Details,4,2025,1,2024,4,12,12
2024-12-11,Treasury General Account (TGA) Opening Balance,748309,756878,885725,I,Operating Cash Balance,Cash Balance Details,1,2025,1,2024,4,12,11
2024-12-11,Total TGA Deposits (Table II),20665,1086241,7166065,I,Operating Cash Balance,Cash Balance Details,2,2025,1,2024,4,12,11
2024-12-11,Total TGA Withdrawals (Table II) (-),57620,1131765,7340436,I,Operating Cash Balance,Cash Balance Details,3,2025,1,2024,4,12,11
2024-12-11,Treasury General Account (TGA) Closing Balance,711354,711354,711354,I,Operating Cash Balance,Cash Balance Details,4,2025,1,2024,4,12,11
2024-12-10,Treasury General Account (TGA) Opening Balance,800890,756878,885725,I,Operating Cash Balance,Cash Balance Details,1,2025,1,2024,4,12,10
2024-12-10,Total TGA Deposits (Table II),243222,1065576,7145401,I,Operating Cash Balance,Cash Balance Details,2,2025,1,2024,4,12,10
2024-12-10,Total TGA Withdrawals (Table II) (-),295803,1074146,7282817,I,Operating Cash Balance,Cash Balance Details,3,2025,1,2024,4,12,10
2024-12-10,Treasury General Account (TGA) Closing Balance,748309,748309,748309,I,Operating Cash Balance,Cash Balance Details,4,2025,1,2024,4,12,10
2024-12-09,Treasury General Account (TGA) Opening Balance,788754,756878,885725,I,Operating Cash Balance,Cash Balance Details,1,2025,1,2024,4,12,09
2024-12-09,Total TGA Deposits (Table II),31082,822355,6902179,I,Operating Cash Balance,Cash Balance Details,2,2025,1,2024,4,12,09
2024-12-09,Total TGA Withdrawals (Table II) (-),18946,778343,6987014,I,Operating Cash Balance,Cash Balance Details,3,2025,1,2024,4,12,09
2024-12-09,Treasury General Account (TGA) Closing Balance,800890,800890,800890,I,Operating Cash Balance,Cash Balance Details,4,2025,1,2024,4,12,09
2024-12-06,Treasury General Account (TGA) Opening Balance,798654,756878,885725,I,Operating Cash Balance,Cash Balance Details,1,2025,1,2024,4,12,06
2024-12-06,Total TGA Deposits (Table II),14784,791273,6871097,I,Operating Cash Balance,Cash Balance Details,2,2025,1,2024,4,12,06
2024-12-06,Total TGA Withdrawals (Table II) (-),24683,759397,6968068,I,Operating Cash Balance,Cash Balance Details,3,2025,1,2024,4,12,06
2024-12-06,Treasury General Account (TGA) Closing Balance,788754,788754,788754,I,Operating Cash Balance,Cash Balance Details,4,2025,1,2024,4,12,06
2024-12-05,Treasury General Account (TGA) Opening Balance,815011,756878,885725,I,Operating Cash Balance,Cash Balance Details,1,2025,1,2024,4,12,05
2024-12-05,Total TGA Deposits (Table II),236415,776489,6856313,I,Operating Cash Balance,Cash Balance Details,2,2025,1,2024,4,12,05
2024-12-05,Total TGA Withdrawals (Table II) (-),252772,734713,6943385,I,Operating Cash Balance,Cash Balance Details,3,2025,1,2024,4,12,05
2024-12-05,Treasury General Account (TGA) Closing Balance,798654,798654,798654,I,Operating Cash Balance,Cash Balance Details,4,2025,1,2024,4,12,05
2024-12-04,Treasury General Account (TGA) Opening Balance,815482,756878,885725,I,Operating Cash Balance,Cash Balance Details,1,2025,1,2024,4,12,04
2024-12-04,Total TGA Deposits (Table II),19026,540074,6619898,I,Operating Cash Balance,Cash Balance Details,2,2025,1,2024,4,12,04
2024-12-04,Total TGA Withdrawals (Table II) (-),19497,481941,6690613,I,Operating Cash Balance,Cash Balance Details,3,2025,1,2024,4,12,04
2024-12-04,Treasury General Account (TGA) Closing Balance,815011,815011,815011,I,Operating Cash Balance,Cash Balance Details,4,2025,1,2024,4,12,04
2024-12-03,Treasury General Account (TGA) Opening Balance,842781,756878,885725,I,Operating Cash Balance,Cash Balance Details,1,2025,1,2024,4,12,03
2024-12-03,Total TGA Deposits (Table II),264694,521048,6600872,I,Operating Cash Balance,Cash Balance Details,2,2025,1,2024,4,12,03
2024-12-03,Total TGA Withdrawals (Table II) (-),291993,462444,6671116,I,Operating Cash Balance,Cash Balance Details,3,2025,1,2024,4,12,03
2024-12-03,Treasury General Account (TGA) Closing Balance,815482,815482,815482,I,Operating Cash Balance,Cash Balance Details,4,2025,1,2024,4,12,03
2024-12-02,Treasury General Account (TGA) Opening Balance,756878,756878,885725,I,Operating Cash Balance,Cash Balance Details,1,2025,1,2024,4,12,02
2024-12-02,Total TGA Deposits (Table II),256354,256354,6336178,I,Operating Cash Balance,Cash Balance Details,2,2025,1,2024,4,12,02
2024-12-02,Total TGA Withdrawals (Table II) (-),170451,170451,6379122,I,Operating Cash Balance,Cash Balance Details,3,2025,1,2024,4,12,02
2024-12-02,Treasury General Account (TGA) Closing Balance,842781,842781,842781,I,Operating Cash Balance,Cash Balance Details,4,2025,1,2024,4,12,02
2024-11-29,Treasury General Account (TGA) Opening Balance,782704,921042,885725,I,Operating Cash Balance,Cash Balance Details,1,2025,1,2024,4,11,29
2024-11-29,Total TGA Deposits (Table II),357270,2708833,6079824,I,Operating Cash Balance,Cash Balance Details,2,2025,1,2024,4,11,29
2024-11-29,Total TGA Withdrawals (Table II) (-),383096,2872997,6208671,I,Operating Cash Balance,Cash Balance Details,3,2025,1,2024,4,11,29
2024-11-29,Treasury General Account (TGA) Closing Balance,756878,756878,756878,I,Operating Cash Balance,Cash Balance Details,4,2025,1,2024,4,11,29
2024-11-27,Total TGA Deposits (Table II),21167,2351563,5722554,I,Operating Cash Balance,Cash Balance Details,2,2025,1,2024,4,11,27
2024-11-27,Treasury General Account (TGA) Opening Balance,811242,921042,885725,I,Operating Cash Balance,Cash Balance Details,1,2025,1,2024,4,11,27
2024-11-27,Total TGA Withdrawals (Table II) (-),49705,2489901,5825575,I,Operating Cash Balance,Cash Balance Details,3,2025,1,2024,4,11,27
2024-11-27,Treasury General Account (TGA) Closing Balance,782704,782704,782704,I,Operating Cash Balance,Cash Balance Details,4,2025,1,2024,4,11,27
2024-11-26,Treasury General Account (TGA) Opening Balance,777116,921042,885725,I,Operating Cash Balance,Cash Balance Details,1,2025,1,2024,4,11,26
2024-11-26,Total TGA Deposits (Table II),301729,2330396,5701387,I,Operating Cash Balance,Cash Balance Details,2,2025,1,2024,4,11,26
2024-11-26,Total TGA Withdrawals (Table II) (-),267602,2440195,5775870,I,Operating Cash Balance,Cash Balance Details,3,2025,1,2024,4,11,26
2024-11-26,Treasury General Account (TGA) Closing Balance,811242,811242,811242,I,Operating Cash Balance,Cash Balance Details,4,2025,1,2024,4,11,26
2024-11-25,Treasury General Account (TGA) Opening Balance,758663,921042,885725,I,Operating Cash Balance,Cash Balance Details,1,2025,1,2024,4,11,25
2024-11-25,Total TGA Deposits (Table II),37018,2028667,5399658,I,Operating Cash Balance,Cash Balance Details,2,2025,1,2024,4,11,25
2024-11-25,Total TGA Withdrawals (Table II) (-),18566,2172593,5508268,I,Operating Cash Balance,Cash Balance Details,3,2025,1,2024,4,11,25
2024-11-25,Treasury General Account (TGA) Closing Balance,777116,777116,777116,I,Operating Cash Balance,Cash Balance Details,4,2025,1,2024,4,11,25
2024-11-22,Treasury General Account (TGA) Opening Balance,779696,921042,885725,I,Operating Cash Balance,Cash Balance Details,1,2025,1,2024,4,11,22
2024-11-22,Total TGA Deposits (Table II),13743,1991649,5362640,I,Operating Cash Balance,Cash Balance Details,2,2025,1,2024,4,11,22
2024-11-22,Total TGA Withdrawals (Table II) (-),34776,2154027,5489702,I,Operating Cash Balance,Cash Balance Details,3,2025,1,2024,4,11,22
2024-11-22,Treasury General Account (TGA) Closing Balance,758663,758663,758663,I,Operating Cash Balance,Cash Balance Details,4,2025,1,2024,4,11,22
2024-11-21,Treasury General Account (TGA) Opening Balance,737834,921042,885725,I,Operating Cash Balance,Cash Balance Details,1,2025,1,2024,4,11,21
2024-11-21,Total TGA Deposits (Table II),301989,1977906,5348897,I,Operating Cash Balance,Cash Balance Details,2,2025,1,2024,4,11,21
2024-11-21,Total TGA Withdrawals (Table II) (-),260126,2119251,5454926,I,Operating Cash Balance,Cash Balance Details,3,2025,1,2024,4,11,21
2024-11-21,Treasury General Account (TGA) Closing Balance,779696,779696,779696,I,Operating Cash Balance,Cash Balance Details,4,2025,1,2024,4,11,21
2024-11-20,Treasury General Account (TGA) Opening Balance,762717,921042,885725,I,Operating Cash Balance,Cash Balance Details,1,2025,1,2024,4,11,20
2024-11-20,Total TGA Deposits (Table II),18925,1675917,5046908,I,Operating Cash Balance,Cash Balance Details,2,2025,1,2024,4,11,20
2024-11-20,Total TGA Withdrawals (Table II) (-),43808,1859125,5194800,I,Operating Cash Balance,Cash Balance Details,3,2025,1,2024,4,11,20
2024-11-20,Treasury General Account (TGA) Closing Balance,737834,737834,737834,I,Operating Cash Balance,Cash Balance Details,4,2025,1,2024,4,11,20
2024-11-19,Treasury General Account (TGA) Opening Balance,754133,921042,885725,I,Operating Cash Balance,Cash Balance Details,1,2025,1,2024,4,11,19
2024-11-19,Total TGA Deposits (Table II),266973,1656992,5027983,I,Operating Cash Balance,Cash Balance Details,2,2025,1,2024,4,11,19
2024-11-19,Total TGA Withdrawals (Table II) (-),258389,1815317,5150992,I,Operating Cash Balance,Cash Balance Details,3,2025,1,2024,4,11,19
2024-11-19,Treasury General Account (TGA) Closing Balance,762717,762717,762717,I,Operating Cash Balance,Cash Balance Details,4,2025,1,2024,4,11,19
2024-11-18,Treasury General Account (TGA) Opening Balance,730911,921042,885725,I,Operating Cash Balance,Cash Balance Details,1,2025,1,2024,4,11,18
2024-11-18,Total TGA Deposits (Table II),39549,1390019,4761010,I,Operating Cash Balance,Cash Balance Details,2,2025,1,2024,4,11,18
2024-11-18,Total TGA Withdrawals (Table II) (-),16327,1556928,4892602,I,Operating Cash Balance,Cash Balance Details,3,2025,1,2024,4,11,18
2024-11-18,Treasury General Account (TGA) Closing Balance,754133,754133,754133,I,Operating Cash Balance,Cash Balance Details,4,2025,1,2024,4,11,18
2024-11-15,Treasury General Account (TGA) Opening Balance,815693,921042,885725,I,Operating Cash Balance,Cash Balance Details,1,2025,1,2024,4,11,15
2024-11-15,Total TGA Deposits (Table II),173369,1350470,4721461,I,Operating Cash Balance,Cash Balance Details,2,2025,1,2024,4,11,15
2024-11-15,Total TGA Withdrawals (Table II) (-),258151,1540601,4876276,I,Operating Cash Balance,Cash Balance Details,3,2025,1,2024,4,11,15
2024-11-15,Treasury General Account (TGA) Closing Balance,730911,730911,730911,I,Operating Cash Balance,Cash Balance Details,4,2025,1,2024,4,11,15
2024-11-14,Treasury General Account (TGA) Opening Balance,808857,921042,885725,I,Operating Cash Balance,Cash Balance Details,1,2025,1,2024,4,11,14
2024-11-14,Total TGA Deposits (Table II),265294,1177101,4548092,I,Operating Cash Balance,Cash Balance Details,2,2025,1,2024,4,11,14
2024-11-14,Total TGA Withdrawals (Table II) (-),258458,1282450,4618124,I,Operating Cash Balance,Cash Balance Details,3,2025,1,2024,4,11,14
2024-11-14,Treasury General Account (TGA) Closing Balance,815693,815693,815693,I,Operating Cash Balance,Cash Balance Details,4,2025,1,2024,4,11,14
2024-11-13,Treasury General Account (TGA) Opening Balance,851371,921042,885725,I,Operating Cash Balance,Cash Balance Details,1,2025,1,2024,4,11,13
2024-11-13,Total TGA Deposits (Table II),12881,911808,4282799,I,Operating Cash Balance,Cash Balance Details,2,2025,1,2024,4,11,13
2024-11-13,Total TGA Withdrawals (Table II) (-),55395,1023992,4359667,I,Operating Cash Balance,Cash Balance Details,3,2025,1,2024,4,11,13
2024-11-13,Treasury General Account (TGA) Closing Balance,808857,808857,808857,I,Operating Cash Balance,Cash Balance Details,4,2025,1,2024,4,11,13
2024-11-12,Treasury General Account (TGA) Opening Balance,831278,921042,885725,I,Operating Cash Balance,Cash Balance Details,1,2025,1,2024,4,11,12
2024-11-12,Total TGA Deposits (Table II),283031,898926,4269917,I,Operating Cash Balance,Cash Balance Details,2,2025,1,2024,4,11,12
2024-11-12,Total TGA Withdrawals (Table II) (-),262937,968597,4304272,I,Operating Cash Balance,Cash Balance Details,3,2025,1,2024,4,11,12
2024-11-12,Treasury General Account (TGA) Closing Balance,851371,851371,851371,I,Operating Cash Balance,Cash Balance Details,4,2025,1,2024,4,11,12
2024-11-08,Treasury General Account (TGA) Opening Balance,839963,921042,885725,I,Operating Cash Balance,Cash Balance Details,1,2025,1,2024,4,11,08
2024-11-08,Total TGA Deposits (Table II),14618,615896,3986887,I,Operating Cash Balance,Cash Balance Details,2,2025,1,2024,4,11,08
2024-11-08,Total TGA Withdrawals (Table II) (-),23303,705660,4041335,I,Operating Cash Balance,Cash Balance Details,3,2025,1,2024,4,11,08
2024-11-08,Treasury General Account (TGA) Closing Balance,831278,831278,831278,I,Operating Cash Balance,Cash Balance Details,4,2025,1,2024,4,11,08
2024-11-07,Treasury General Account (TGA) Opening Balance,840227,921042,885725,I,Operating Cash Balance,Cash Balance Details,1,2025,1,2024,4,11,07
2024-11-07,Total TGA Deposits (Table II),251513,601278,3972269,I,Operating Cash Balance,Cash Balance Details,2,2025,1,2024,4,11,07
2024-11-07,Total TGA Withdrawals (Table II) (-),251777,682357,4018031,I,Operating Cash Balance,Cash Balance Details,3,2025,1,2024,4,11,07
2024-11-07,Treasury General Account (TGA) Closing Balance,839963,839963,839963,I,Operating Cash Balance,Cash Balance Details,4,2025,1,2024,4,11,07
2024-11-06,Treasury General Account (TGA) Opening Balance,838800,921042,885725,I,Operating Cash Balance,Cash Balance Details,1,2025,1,2024,4,11,06
2024-11-06,Total TGA Deposits (Table II),19212,349765,3720756,I,Operating Cash Balance,Cash Balance Details,2,2025,1,2024,4,11,06
2024-11-06,Total TGA Withdrawals (Table II) (-),17784,430579,3766254,I,Operating Cash Balance,Cash Balance Details,3,2025,1,2024,4,11,06
2024-11-06,Treasury General Account (TGA) Closing Balance,840227,840227,840227,I,Operating Cash Balance,Cash Balance Details,4,2025,1,2024,4,11,06
2024-11-05,Treasury General Account (TGA) Opening Balance,836603,921042,885725,I,Operating Cash Balance,Cash Balance Details,1,2025,1,2024,4,11,05
2024-11-05,Total TGA Deposits (Table II),262880,330553,3701544,I,Operating Cash Balance,Cash Balance Details,2,2025,1,2024,4,11,05
2024-11-05,Total TGA Withdrawals (Table II) (-),260683,412795,3748470,I,Operating Cash Balance,Cash Balance Details,3,2025,1,2024,4,11,05
2024-11-05,Treasury General Account (TGA) Closing Balance,838800,838800,838800,I,Operating Cash Balance,Cash Balance Details,4,2025,1,2024,4,11,05
2024-11-04,Treasury General Account (TGA) Opening Balance,819229,921042,885725,I,Operating Cash Balance,Cash Balance Details,1,2025,1,2024,4,11,04
2024-11-04,Total TGA Deposits (Table II),34144,67673,3438664,I,Operating Cash Balance,Cash Balance Details,2,2025,1,2024,4,11,04
2024-11-04,Total TGA Withdrawals (Table II) (-),16771,152112,3487787,I,Operating Cash Balance,Cash Balance Details,3,2025,1,2024,4,11,04
2024-11-04,Treasury General Account (TGA) Closing Balance,836603,836603,836603,I,Operating Cash Balance,Cash Balance Details,4,2025,1,2024,4,11,04
2024-11-01,Treasury General Account (TGA) Opening Balance,921042,921042,885725,I,Operating Cash Balance,Cash Balance Details,1,2025,1,2024,4,11,01
2024-11-01,Total TGA Deposits (Table II),33529,33529,3404520,I,Operating Cash Balance,Cash Balance Details,2,2025,1,2024,4,11,01
2024-11-01,Total TGA Withdrawals (Table II) (-),135341,135341,3471016,I,Operating Cash Balance,Cash Balance Details,3,2025,1,2024,4,11,01
2024-11-01,Treasury General Account (TGA) Closing Balance,819229,819229,819229,I,Operating Cash Balance,Cash Balance Details,4,2025,1,2024,4,11,01
2024-10-31,Treasury General Account (TGA) Opening Balance,847137,885725,885725,I,Operating Cash Balance,Cash Balance Details,1,2025,1,2024,4,10,31
2024-10-31,Total TGA Deposits (Table II),571150,3370991,3370991,I,Operating Cash Balance,Cash Balance Details,2,2025,1,2024,4,10,31
2024-10-31,Total TGA Withdrawals (Table II) (-),497245,3335675,3335675,I,Operating Cash Balance,Cash Balance Details,3,2025,1,2024,4,10,31
2024-10-31,Treasury General Account (TGA) Closing Balance,921042,921042,921042,I,Operating Cash Balance,Cash Balance Details,4,2025,1,2024,4,10,31
2024-10-30,Treasury General Account (TGA) Opening Balance,847063,885725,885725,I,Operating Cash Balance,Cash Balance Details,1,2025,1,2024,4,10,30
2024-10-30,Total TGA Deposits (Table II),20069,2799841,2799841,I,Operating Cash Balance,Cash Balance Details,2,2025,1,2024,4,10,30
2024-10-30,Total TGA Withdrawals (Table II) (-),19995,2838429,2838429,I,Operating Cash Balance,Cash Balance Details,3,2025,1,2024,4,10,30
2024-10-30,Treasury General Account (TGA) Closing Balance,847137,847137,847137,I,Operating Cash Balance,Cash Balance Details,4,2025,1,2024,4,10,30
2024-10-29,Treasury General Account (TGA) Opening Balance,835894,885725,885725,I,Operating Cash Balance,Cash Balance Details,1,2025,1,2024,4,10,29
2024-10-29,Total TGA Deposits (Table II),263002,2779772,2779772,I,Operating Cash Balance,Cash Balance Details,2,2025,1,2024,4,10,29
2024-10-29,Total TGA Withdrawals (Table II) (-),251833,2818435,2818435,I,Operating Cash Balance,Cash Balance Details,3,2025,1,2024,4,10,29
2024-10-29,Treasury General Account (TGA) Closing Balance,847063,847063,847063,I,Operating Cash Balance,Cash Balance Details,4,2025,1,2024,4,10,29
2024-10-28,Treasury General Account (TGA) Opening Balance,827478,885725,885725,I,Operating Cash Balance,Cash Balance Details,1,2025,1,2024,4,10,28
2024-10-28,Total TGA Deposits (Table II),31479,2516770,2516770,I,Operating Cash Balance,Cash Balance Details,2,2025,1,2024,4,10,28
2024-10-28,Total TGA Withdrawals (Table II) (-),23063,2566602,2566602,I,Operating Cash Balance,Cash Balance Details,3,2025,1,2024,4,10,28
2024-10-28,Treasury General Account (TGA) Closing Balance,835894,835894,835894,I,Operating Cash Balance,Cash Balance Details,4,2025,1,2024,4,10,28
2024-10-25,Treasury General Account (TGA) Opening Balance,834134,885725,885725,I,Operating Cash Balance,Cash Balance Details,1,2025,1,2024,4,10,25
2024-10-25,Total TGA Deposits (Table II),14753,2485291,2485291,I,Operating Cash Balance,Cash Balance Details,2,2025,1,2024,4,10,25
2024-10-25,Total TGA Withdrawals (Table II) (-),21409,2543539,2543539,I,Operating Cash Balance,Cash Balance Details,3,2025,1,2024,4,10,25
2024-10-25,Treasury General Account (TGA) Closing Balance,827478,827478,827478,I,Operating Cash Balance,Cash Balance Details,4,2025,1,2024,4,10,25
2024-10-24,Treasury General Account (TGA) Opening Balance,817410,885725,885725,I,Operating Cash Balance,Cash Balance Details,1,2025,1,2024,4,10,24
2024-10-24,Total TGA Deposits (Table II),250704,2470538,2470538,I,Operating Cash Balance,Cash Balance Details,2,2025,1,2024,4,10,24
2024-10-24,Total TGA Withdrawals (Table II) (-),233979,2522129,2522129,I,Operating Cash Balance,Cash Balance Details,3,2025,1,2024,4,10,24
2024-10-24,Treasury General Account (TGA) Closing Balance,834134,834134,834134,I,Operating Cash Balance,Cash Balance Details,4,2025,1,2024,4,10,24
2024-10-23,Treasury General Account (TGA) Opening Balance,838690,885725,885725,I,Operating Cash Balance,Cash Balance Details,1,2025,1,2024,4,10,23
2024-10-23,Total TGA Deposits (Table II),25831,2219834,2219834,I,Operating Cash Balance,Cash Balance Details,2,2025,1,2024,4,10,23
2024-10-23,Total TGA Withdrawals (Table II) (-),47111,2288150,2288150,I,Operating Cash Balance,Cash Balance Details,3,2025,1,2024,4,10,23
2024-10-23,Treasury General Account (TGA) Closing Balance,817410,817410,817410,I,Operating Cash Balance,Cash Balance Details,4,2025,1,2024,4,10,23
2024-10-22,Treasury General Account (TGA) Opening Balance,841596,885725,885725,I,Operating Cash Balance,Cash Balance Details,1,2025,1,2024,4,10,22
2024-10-22,Total TGA Deposits (Table II),261347,2194003,2194003,I,Operating Cash Balance,Cash Balance Details,2,2025,1,2024,4,10,22
2024-10-22,Total TGA Withdrawals (Table II) (-),264253,2241039,2241039,I,Operating Cash Balance,Cash Balance Details,3,2025,1,2024,4,10,22
2024-10-22,Treasury General Account (TGA) Closing Balance,838690,838690,838690,I,Operating Cash Balance,Cash Balance Details,4,2025,1,2024,4,10,22
2024-10-21,Treasury General Account (TGA) Opening Balance,827798,885725,885725,I,Operating Cash Balance,Cash Balance Details,1,2025,1,2024,4,10,21
2024-10-21,Total TGA Deposits (Table II),28631,1932656,1932656,I,Operating Cash Balance,Cash Balance Details,2,2025,1,2024,4,10,21
2024-10-21,Total TGA Withdrawals (Table II) (-),14833,1976786,1976786,I,Operating Cash Balance,Cash Balance Details,3,2025,1,2024,4,10,21
2024-10-21,Treasury General Account (TGA) Closing Balance,841596,841596,841596,I,Operating Cash Balance,Cash Balance Details,4,2025,1,2024,4,10,21
2024-10-18,Treasury General Account (TGA) Opening Balance,828847,885725,885725,I,Operating Cash Balance,Cash Balance Details,1,2025,1,2024,4,10,18
2024-10-18,Total TGA Deposits (Table II),15352,1904025,1904025,I,Operating Cash Balance,Cash Balance Details,2,2025,1,2024,4,10,18
2024-10-18,Total TGA Withdrawals (Table II) (-),16401,1961953,1961953,I,Operating Cash Balance,Cash Balance Details,3,2025,1,2024,4,10,18
2024-10-18,Treasury General Account (TGA) Closing Balance,827798,827798,827798,I,Operating Cash Balance,Cash Balance Details,4,2025,1,2024,4,10,18
2024-10-17,Treasury General Account (TGA) Opening Balance,814751,885725,885725,I,Operating Cash Balance,Cash Balance Details,1,2025,1,2024,4,10,17
2024-10-17,Total TGA Deposits (Table II),261109,1888673,1888673,I,Operating Cash Balance,Cash Balance Details,2,2025,1,2024,4,10,17
2024-10-17,Total TGA Withdrawals (Table II) (-),247014,1945552,1945552,I,Operating Cash Balance,Cash Balance Details,3,2025,1,2024,4,10,17
2024-10-17,Treasury General Account (TGA) Closing Balance,828847,828847,828847,I,Operating Cash Balance,Cash Balance Details,4,2025,1,2024,4,10,17
2024-10-16,Treasury General Account (TGA) Opening Balance,825653,885725,885725,I,Operating Cash Balance,Cash Balance Details,1,2025,1,2024,4,10,16
2024-10-16,Total TGA Deposits (Table II),32914,1627564,1627564,I,Operating Cash Balance,Cash Balance Details,2,2025,1,2024,4,10,16
2024-10-16,Total TGA Withdrawals (Table II) (-),43816,1698538,1698538,I,Operating Cash Balance,Cash Balance Details,3,2025,1,2024,4,10,16
2024-10-16,Treasury General Account (TGA) Closing Balance,814751,814751,814751,I,Operating Cash Balance,Cash Balance Details,4,2025,1,2024,4,10,16
2024-10-15,Treasury General Account (TGA) Opening Balance,779699,885725,885725,I,Operating Cash Balance,Cash Balance Details,1,2025,1,2024,4,10,15
2024-10-15,Total TGA Deposits (Table II),422370,1594649,1594649,I,Operating Cash Balance,Cash Balance Details,2,2025,1,2024,4,10,15
2024-10-15,Total TGA Withdrawals (Table II) (-),376416,1654722,1654722,I,Operating Cash Balance,Cash Balance Details,3,2025,1,2024,4,10,15
2024-10-15,Treasury General Account (TGA) Closing Balance,825653,825653,825653,I,Operating Cash Balance,Cash Balance Details,4,2025,1,2024,4,10,15
2024-10-11,Treasury General Account (TGA) Opening Balance,783345,885725,885725,I,Operating Cash Balance,Cash Balance Details,1,2025,1,2024,4,10,11
2024-10-11,Total TGA Deposits (Table II),18107,1172279,1172279,I,Operating Cash Balance,Cash Balance Details,2,2025,1,2024,4,10,11
2024-10-11,Total TGA Withdrawals (Table II) (-),21753,1278306,1278306,I,Operating Cash Balance,Cash Balance Details,3,2025,1,2024,4,10,11
2024-10-11,Treasury General Account (TGA) Closing Balance,779699,779699,779699,I,Operating Cash Balance,Cash Balance Details,4,2025,1,2024,4,10,11
2024-10-10,Treasury General Account (TGA) Opening Balance,787395,885725,885725,I,Operating Cash Balance,Cash Balance Details,1,2025,1,2024,4,10,10
2024-10-10,Total TGA Deposits (Table II),249358,1154173,1154173,I,Operating Cash Balance,Cash Balance Details,2,2025,1,2024,4,10,10
2024-10-10,Total TGA Withdrawals (Table II) (-),253409,1256553,1256553,I,Operating Cash Balance,Cash Balance Details,3,2025,1,2024,4,10,10
2024-10-10,Treasury General Account (TGA) Closing Balance,783345,783345,783345,I,Operating Cash Balance,Cash Balance Details,4,2025,1,2024,4,10,10
2024-10-09,Treasury General Account (TGA) Opening Balance,820191,885725,885725,I,Operating Cash Balance,Cash Balance Details,1,2025,1,2024,4,10,09
2024-10-09,Total TGA Deposits (Table II),17130,904814,904814,I,Operating Cash Balance,Cash Balance Details,2,2025,1,2024,4,10,09
2024-10-09,Total TGA Withdrawals (Table II) (-),49926,1003145,1003145,I,Operating Cash Balance,Cash Balance Details,3,2025,1,2024,4,10,09
2024-10-09,Treasury General Account (TGA) Closing Balance,787395,787395,787395,I,Operating Cash Balance,Cash Balance Details,4,2025,1,2024,4,10,09
2024-10-08,Treasury General Account (TGA) Opening Balance,810517,885725,885725,I,Operating Cash Balance,Cash Balance Details,1,2025,1,2024,4,10,08
2024-10-08,Total TGA Deposits (Table II),263894,887685,887685,I,Operating Cash Balance,Cash Balance Details,2,2025,1,2024,4,10,08
2024-10-08,Total TGA Withdrawals (Table II) (-),254219,953219,953219,I,Operating Cash Balance,Cash Balance Details,3,2025,1,2024,4,10,08
2024-10-08,Treasury General Account (TGA) Closing Balance,820191,820191,820191,I,Operating Cash Balance,Cash Balance Details,4,2025,1,2024,4,10,08
2024-10-07,Treasury General Account (TGA) Opening Balance,800250,885725,885725,I,Operating Cash Balance,Cash Balance Details,1,2025,1,2024,4,10,07
2024-10-07,Total TGA Deposits (Table II),26297,623791,623791,I,Operating Cash Balance,Cash Balance Details,2,2025,1,2024,4,10,07
2024-10-07,Total TGA Withdrawals (Table II) (-),16030,698999,698999,I,Operating Cash Balance,Cash Balance Details,3,2025,1,2024,4,10,07
2024-10-07,Treasury General Account (TGA) Closing Balance,810517,810517,810517,I,Operating Cash Balance,Cash Balance Details,4,2025,1,2024,4,10,07
2024-10-04,Treasury General Account (TGA) Opening Balance,795948,885725,885725,I,Operating Cash Balance,Cash Balance Details,1,2025,1,2024,4,10,04
2024-10-04,Total TGA Deposits (Table II),15877,597495,597495,I,Operating Cash Balance,Cash Balance Details,2,2025,1,2024,4,10,04
2024-10-04,Total TGA Withdrawals (Table II) (-),11574,682970,682970,I,Operating Cash Balance,Cash Balance Details,3,2025,1,2024,4,10,04
2024-10-04,Treasury General Account (TGA) Closing Balance,800250,800250,800250,I,Operating Cash Balance,Cash Balance Details,4,2025,1,2024,4,10,04
2024-10-03,Treasury General Account (TGA) Opening Balance,823412,885725,885725,I,Operating Cash Balance,Cash Balance Details,1,2025,1,2024,4,10,03
2024-10-03,Total TGA Deposits (Table II),288497,581618,581618,I,Operating Cash Balance,Cash Balance Details,2,2025,1,2024,4,10,03
2024-10-03,Total TGA Withdrawals (Table II) (-),315962,671396,671396,I,Operating Cash Balance,Cash Balance Details,3,2025,1,2024,4,10,03
2024-10-03,Treasury General Account (TGA) Closing Balance,795948,795948,795948,I,Operating Cash Balance,Cash Balance Details,4,2025,1,2024,4,10,03
2024-10-02,Treasury General Account (TGA) Opening Balance,813994,885725,885725,I,Operating Cash Balance,Cash Balance Details,1,2025,1,2024,4,10,02
2024-10-02,Total TGA Deposits (Table II),21944,293120,293120,I,Operating Cash Balance,Cash Balance Details,2,2025,1,2024,4,10,02
2024-10-02,Total TGA Withdrawals (Table II) (-),12526,355433,355433,I,Operating Cash Balance,Cash Balance Details,3,2025,1,2024,4,10,02
2024-10-02,Treasury General Account (TGA) Closing Balance,823412,823412,823412,I,Operating Cash Balance,Cash Balance Details,4,2025,1,2024,4,10,02
2024-10-01,Treasury General Account (TGA) Opening Balance,885725,885725,885725,I,Operating Cash Balance,Cash Balance Details,1,2025,1,2024,4,10,01
2024-10-01,Total TGA Deposits (Table II),271176,271176,271176,I,Operating Cash Balance,Cash Balance Details,2,2025,1,2024,4,10,01
2024-10-01,Total TGA Withdrawals (Table II) (-),342908,342908,342908,I,Operating Cash Balance,Cash Balance Details,3,2025,1,2024,4,10,01
2024-10-01,Treasury General Account (TGA) Closing Balance,813994,813994,813994,I,Operating Cash Balance,Cash Balance Details,4,2025,1,2024,4,10,01
2024-09-30,Treasury General Account (TGA) Opening Balance,772704,709513,656889,I,Operating Cash Balance,Cash Balance Details,1,2024,4,2024,3,09,30
2024-09-30,Total TGA Deposits (Table II),265951,2987524,34620586,I,Operating Cash Balance,Cash Balance Details,2,2024,4,2024,3,09,30
2024-09-30,Total TGA Withdrawals (Table II) (-),152930,2811311,34391750,I,Operating Cash Balance,Cash Balance Details,3,2024,4,2024,3,09,30
2024-09-30,Treasury General Account (TGA) Closing Balance,885725,885725,885725,I,Operating Cash Balance,Cash Balance Details,4,2024,4,2024,3,09,30
2024-09-27,Treasury General Account (TGA) Opening Balance,746699,709513,656889,I,Operating Cash Balance,Cash Balance Details,1,2024,4,2024,3,09,27
2024-09-27,Total TGA Deposits (Table II),47584,2721573,34354634,I,Operating Cash Balance,Cash Balance Details,2,2024,4,2024,3,09,27
2024-09-27,Total TGA Withdrawals (Table II) (-),21579,2658381,34238820,I,Operating Cash Balance,Cash Balance Details,3,2024,4,2024,3,09,27
2024-09-27,Treasury General Account (TGA) Closing Balance,772704,772704,772704,I,Operating Cash Balance,Cash Balance Details,4,2024,4,2024,3,09,27
2024-09-26,Treasury General Account (TGA) Opening Balance,778910,709513,656889,I,Operating Cash Balance,Cash Balance Details,1,2024,4,2024,3,09,26
2024-09-26,Total TGA Deposits (Table II),218246,2673989,34307051,I,Operating Cash Balance,Cash Balance Details,2,2024,4,2024,3,09,26
2024-09-26,Total TGA Withdrawals (Table II) (-),250457,2636803,34217241,I,Operating Cash Balance,Cash Balance Details,3,2024,4,2024,3,09,26
2024-09-26,Treasury General Account (TGA) Closing Balance,746699,746699,746699,I,Operating Cash Balance,Cash Balance Details,4,2024,4,2024,3,09,26
2024-09-25,Treasury General Account (TGA) Opening Balance,804696,709513,656889,I,Operating Cash Balance,Cash Balance Details,1,2024,4,2024,3,09,25
2024-09-25,Total TGA Deposits (Table II),25628,2455743,34088805,I,Operating Cash Balance,Cash Balance Details,2,2024,4,2024,3,09,25
2024-09-25,Total TGA Withdrawals (Table II) (-),51414,2386345,33966784,I,Operating Cash Balance,Cash Balance Details,3,2024,4,2024,3,09,25
2024-09-25,Treasury General Account (TGA) Closing Balance,778910,778910,778910,I,Operating Cash Balance,Cash Balance Details,4,2024,4,2024,3,09,25
2024-09-24,Treasury General Account (TGA) Opening Balance,824326,709513,656889,I,Operating Cash Balance,Cash Balance Details,1,2024,4,2024,3,09,24
2024-09-24,Total TGA Deposits (Table II),243490,2430115,34063176,I,Operating Cash Balance,Cash Balance Details,2,2024,4,2024,3,09,24
2024-09-24,Total TGA Withdrawals (Table II) (-),263120,2334931,33915370,I,Operating Cash Balance,Cash Balance Details,3,2024,4,2024,3,09,24
2024-09-24,Treasury General Account (TGA) Closing Balance,804696,804696,804696,I,Operating Cash Balance,Cash Balance Details,4,2024,4,2024,3,09,24
2024-09-23,Treasury General Account (TGA) Opening Balance,804739,709513,656889,I,Operating Cash Balance,Cash Balance Details,1,2024,4,2024,3,09,23
2024-09-23,Total TGA Deposits (Table II),37018,2186624,33819686,I,Operating Cash Balance,Cash Balance Details,2,2024,4,2024,3,09,23
2024-09-23,Total TGA Withdrawals (Table II) (-),17432,2071811,33652250,I,Operating Cash Balance,Cash Balance Details,3,2024,4,2024,3,09,23
2024-09-23,Treasury General Account (TGA) Closing Balance,824326,824326,824326,I,Operating Cash Balance,Cash Balance Details,4,2024,4,2024,3,09,23
2024-09-20,Treasury General Account (TGA) Opening Balance,825250,709513,656889,I,Operating Cash Balance,Cash Balance Details,1,2024,4,2024,3,09,20
2024-09-20,Total TGA Deposits (Table II),18215,2149606,33782668,I,Operating Cash Balance,Cash Balance Details,2,2024,4,2024,3,09,20
2024-09-20,Total TGA Withdrawals (Table II) (-),38726,2054380,33634818,I,Operating Cash Balance,Cash Balance Details,3,2024,4,2024,3,09,20
2024-09-20,Treasury General Account (TGA) Closing Balance,804739,804739,804739,I,Operating Cash Balance,Cash Balance Details,4,2024,4,2024,3,09,20
2024-09-19,Treasury General Account (TGA) Opening Balance,839398,709513,656889,I,Operating Cash Balance,Cash Balance Details,1,2024,4,2024,3,09,19
2024-09-19,Total TGA Deposits (Table II),221389,2131391,33764453,I,Operating Cash Balance,Cash Balance Details,2,2024,4,2024,3,09,19
2024-09-19,Total TGA Withdrawals (Table II) (-),235536,2015654,33596092,I,Operating Cash Balance,Cash Balance Details,3,2024,4,2024,3,09,19
2024-09-19,Treasury General Account (TGA) Closing Balance,825250,825250,825250,I,Operating Cash Balance,Cash Balance Details,4,2024,4,2024,3,09,19
2024-09-18,Treasury General Account (TGA) Opening Balance,853715,709513,656889,I,Operating Cash Balance,Cash Balance Details,1,2024,4,2024,3,09,18
2024-09-18,Total TGA Deposits (Table II),30779,1910002,33543064,I,Operating Cash Balance,Cash Balance Details,2,2024,4,2024,3,09,18
2024-09-18,Total TGA Withdrawals (Table II) (-),45096,1780117,33360556,I,Operating Cash Balance,Cash Balance Details,3,2024,4,2024,3,09,18
2024-09-18,Treasury General Account (TGA) Closing Balance,839398,839398,839398,I,Operating Cash Balance,Cash Balance Details,4,2024,4,2024,3,09,18
2024-09-17,Treasury General Account (TGA) Opening Balance,875103,709513,656889,I,Operating Cash Balance,Cash Balance Details,1,2024,4,2024,3,09,17
2024-09-17,Total TGA Deposits (Table II),242848,1879224,33512286,I,Operating Cash Balance,Cash Balance Details,2,2024,4,2024,3,09,17
2024-09-17,Total TGA Withdrawals (Table II) (-),264236,1735021,33315460,I,Operating Cash Balance,Cash Balance Details,3,2024,4,2024,3,09,17
2024-09-17,Treasury General Account (TGA) Closing Balance,853715,853715,853715,I,Operating Cash Balance,Cash Balance Details,4,2024,4,2024,3,09,17
2024-09-16,Treasury General Account (TGA) Opening Balance,713930,709513,656889,I,Operating Cash Balance,Cash Balance Details,1,2024,4,2024,3,09,16
2024-09-16,Total TGA Deposits (Table II),249122,1636376,33269438,I,Operating Cash Balance,Cash Balance Details,2,2024,4,2024,3,09,16
2024-09-16,Total TGA Withdrawals (Table II) (-),87949,1470785,33051224,I,Operating Cash Balance,Cash Balance Details,3,2024,4,2024,3,09,16
2024-09-16,Treasury General Account (TGA) Closing Balance,875103,875103,875103,I,Operating Cash Balance,Cash Balance Details,4,2024,4,2024,3,09,16
2024-09-13,Treasury General Account (TGA) Opening Balance,688354,709513,656889,I,Operating Cash Balance,Cash Balance Details,1,2024,4,2024,3,09,13
2024-09-13,Total TGA Deposits (Table II),57234,1387254,33020316,I,Operating Cash Balance,Cash Balance Details,2,2024,4,2024,3,09,13
2024-09-13,Total TGA Withdrawals (Table II) (-),31658,1382836,32963275,I,Operating Cash Balance,Cash Balance Details,3,2024,4,2024,3,09,13
2024-09-13,Treasury General Account (TGA) Closing Balance,713930,713930,713930,I,Operating Cash Balance,Cash Balance Details,4,2024,4,2024,3,09,13
2024-09-12,Treasury General Account (TGA) Opening Balance,725577,709513,656889,I,Operating Cash Balance,Cash Balance Details,1,2024,4,2024,3,09,12
2024-09-12,Total TGA Deposits (Table II),230378,1330020,32963082,I,Operating Cash Balance,Cash Balance Details,2,2024,4,2024,3,09,12
2024-09-12,Total TGA Withdrawals (Table II) (-),267601,1351179,32931617,I,Operating Cash Balance,Cash Balance Details,3,2024,4,2024,3,09,12
2024-09-12,Treasury General Account (TGA) Closing Balance,688354,688354,688354,I,Operating Cash Balance,Cash Balance Details,4,2024,4,2024,3,09,12
2024-09-11,Treasury General Account (TGA) Opening Balance,746095,709513,656889,I,Operating Cash Balance,Cash Balance Details,1,2024,4,2024,3,09,11
2024-09-11,Total TGA Deposits (Table II),25886,1099642,32732704,I,Operating Cash Balance,Cash Balance Details,2,2024,4,2024,3,09,11
2024-09-11,Total TGA Withdrawals (Table II) (-),46404,1083577,32664016,I,Operating Cash Balance,Cash Balance Details,3,2024,4,2024,3,09,11
2024-09-11,Treasury General Account (TGA) Closing Balance,725577,725577,725577,I,Operating Cash Balance,Cash Balance Details,4,2024,4,2024,3,09,11
2024-09-10,Treasury General Account (TGA) Opening Balance,771405,709513,656889,I,Operating Cash Balance,Cash Balance Details,1,2024,4,2024,3,09,10
2024-09-10,Total TGA Deposits (Table II),242198,1073756,32706818,I,Operating Cash Balance,Cash Balance Details,2,2024,4,2024,3,09,10
2024-09-10,Total TGA Withdrawals (Table II) (-),267508,1037173,32617612,I,Operating Cash Balance,Cash Balance Details,3,2024,4,2024,3,09,10
2024-09-10,Treasury General Account (TGA) Closing Balance,746095,746095,746095,I,Operating Cash Balance,Cash Balance Details,4,2024,4,2024,3,09,10
2024-09-09,Treasury General Account (TGA) Opening Balance,759836,709513,656889,I,Operating Cash Balance,Cash Balance Details,1,2024,4,2024,3,09,09
2024-09-09,Total TGA Deposits (Table II),28015,831558,32464620,I,Operating Cash Balance,Cash Balance Details,2,2024,4,2024,3,09,09
2024-09-09,Total TGA Withdrawals (Table II) (-),16446,769665,32350104,I,Operating Cash Balance,Cash Balance Details,3,2024,4,2024,3,09,09
2024-09-09,Treasury General Account (TGA) Closing Balance,771405,771405,771405,I,Operating Cash Balance,Cash Balance Details,4,2024,4,2024,3,09,09
2024-09-06,Treasury General Account (TGA) Opening Balance,769122,709513,656889,I,Operating Cash Balance,Cash Balance Details,1,2024,4,2024,3,09,06
2024-09-06,Total TGA Deposits (Table II),14178,803542,32436604,I,Operating Cash Balance,Cash Balance Details,2,2024,4,2024,3,09,06
2024-09-06,Total TGA Withdrawals (Table II) (-),23464,753219,32333658,I,Operating Cash Balance,Cash Balance Details,3,2024,4,2024,3,09,06
2024-09-06,Treasury General Account (TGA) Closing Balance,759836,759836,759836,I,Operating Cash Balance,Cash Balance Details,4,2024,4,2024,3,09,06
2024-09-05,Treasury General Account (TGA) Opening Balance,771047,709513,656889,I,Operating Cash Balance,Cash Balance Details,1,2024,4,2024,3,09,05
2024-09-05,Total TGA Deposits (Table II),276270,789364,32422426,I,Operating Cash Balance,Cash Balance Details,2,2024,4,2024,3,09,05
2024-09-05,Total TGA Withdrawals (Table II) (-),278196,729755,32310194,I,Operating Cash Balance,Cash Balance Details,3,2024,4,2024,3,09,05
2024-09-05,Treasury General Account (TGA) Closing Balance,769122,769122,769122,I,Operating Cash Balance,Cash Balance Details,4,2024,4,2024,3,09,05
2024-09-04,Treasury General Account (TGA) Opening Balance,774135,709513,656889,I,Operating Cash Balance,Cash Balance Details,1,2024,4,2024,3,09,04
2024-09-04,Total TGA Deposits (Table II),13832,513094,32146156,I,Operating Cash Balance,Cash Balance Details,2,2024,4,2024,3,09,04
2024-09-04,Total TGA Withdrawals (Table II) (-),16920,451560,32031998,I,Operating Cash Balance,Cash Balance Details,3,2024,4,2024,3,09,04
2024-09-04,Treasury General Account (TGA) Closing Balance,771047,771047,771047,I,Operating Cash Balance,Cash Balance Details,4,2024,4,2024,3,09,04
2024-09-03,Treasury General Account (TGA) Opening Balance,709513,709513,656889,I,Operating Cash Balance,Cash Balance Details,1,2024,4,2024,3,09,03
2024-09-03,Total TGA Deposits (Table II),499262,499262,32132324,I,Operating Cash Balance,Cash Balance Details,2,2024,4,2024,3,09,03
2024-09-03,Total TGA Withdrawals (Table II) (-),434640,434640,32015078,I,Operating Cash Balance,Cash Balance Details,3,2024,4,2024,3,09,03
2024-09-03,Treasury General Account (TGA) Closing Balance,774135,774135,774135,I,Operating Cash Balance,Cash Balance Details,4,2024,4,2024,3,09,03
2024-08-30,Treasury General Account (TGA) Opening Balance,754480,854001,656889,I,Operating Cash Balance,Cash Balance Details,1,2024,4,2024,3,08,30
2024-08-30,Total TGA Deposits (Table II),57246,2797541,31633062,I,Operating Cash Balance,Cash Balance Details,2,2024,4,2024,3,08,30
2024-08-30,Total TGA Withdrawals (Table II) (-),102213,2942029,31580439,I,Operating Cash Balance,Cash Balance Details,3,2024,4,2024,3,08,30
2024-08-30,Treasury General Account (TGA) Closing Balance,709513,709513,709513,I,Operating Cash Balance,Cash Balance Details,4,2024,4,2024,3,08,30
2024-08-29,Treasury General Account (TGA) Opening Balance,757077,854001,656889,I,Operating Cash Balance,Cash Balance Details,1,2024,4,2024,3,08,29
2024-08-29,Total TGA Deposits (Table II),241533,2740295,31575816,I,Operating Cash Balance,Cash Balance Details,2,2024,4,2024,3,08,29
2024-08-29,Total TGA Withdrawals (Table II) (-),244130,2839816,31478226,I,Operating Cash Balance,Cash Balance Details,3,2024,4,2024,3,08,29
2024-08-29,Treasury General Account (TGA) Closing Balance,754480,754480,754480,I,Operating Cash Balance,Cash Balance Details,4,2024,4,2024,3,08,29
2024-08-28,Treasury General Account (TGA) Opening Balance,786228,854001,656889,I,Operating Cash Balance,Cash Balance Details,1,2024,4,2024,3,08,28
2024-08-28,Total TGA Deposits (Table II),16755,2498762,31334283,I,Operating Cash Balance,Cash Balance Details,2,2024,4,2024,3,08,28
2024-08-28,Total TGA Withdrawals (Table II) (-),45906,2595686,31234095,I,Operating Cash Balance,Cash Balance Details,3,2024,4,2024,3,08,28
2024-08-28,Treasury General Account (TGA) Closing Balance,757077,757077,757077,I,Operating Cash Balance,Cash Balance Details,4,2024,4,2024,3,08,28
2024-08-27,Treasury General Account (TGA) Opening Balance,740219,854001,656889,I,Operating Cash Balance,Cash Balance Details,1,2024,4,2024,3,08,27
2024-08-27,Total TGA Deposits (Table II),293029,2482007,31317528,I,Operating Cash Balance,Cash Balance Details,2,2024,4,2024,3,08,27
2024-08-27,Total TGA Withdrawals (Table II) (-),247021,2549780,31188189,I,Operating Cash Balance,Cash Balance Details,3,2024,4,2024,3,08,27
2024-08-27,Treasury General Account (TGA) Closing Balance,786228,786228,786228,I,Operating Cash Balance,Cash Balance Details,4,2024,4,2024,3,08,27
2024-08-26,Treasury General Account (TGA) Opening Balance,734234,854001,656889,I,Operating Cash Balance,Cash Balance Details,1,2024,4,2024,3,08,26
2024-08-26,Total TGA Deposits (Table II),27120,2188978,31024499,I,Operating Cash Balance,Cash Balance Details,2,2024,4,2024,3,08,26
2024-08-26,Total TGA Withdrawals (Table II) (-),21134,2302760,30941169,I,Operating Cash Balance,Cash Balance Details,3,2024,4,2024,3,08,26
2024-08-26,Treasury General Account (TGA) Closing Balance,740219,740219,740219,I,Operating Cash Balance,Cash Balance Details,4,2024,4,2024,3,08,26
2024-08-23,Treasury General Account (TGA) Opening Balance,734733,854001,656889,I,Operating Cash Balance,Cash Balance Details,1,2024,4,2024,3,08,23
2024-08-23,Total TGA Deposits (Table II),13342,2161858,30997379,I,Operating Cash Balance,Cash Balance Details,2,2024,4,2024,3,08,23
2024-08-23,Total TGA Withdrawals (Table II) (-),13841,2281625,30920035,I,Operating Cash Balance,Cash Balance Details,3,2024,4,2024,3,08,23
2024-08-23,Treasury General Account (TGA) Closing Balance,734234,734234,734234,I,Operating Cash Balance,Cash Balance Details,4,2024,4,2024,3,08,23
2024-08-22,Treasury General Account (TGA) Opening Balance,734727,854001,656889,I,Operating Cash Balance,Cash Balance Details,1,2024,4,2024,3,08,22
2024-08-22,Total TGA Deposits (Table II),244850,2148516,30984037,I,Operating Cash Balance,Cash Balance Details,2,2024,4,2024,3,08,22
2024-08-22,Total TGA Withdrawals (Table II) (-),244844,2267784,30906193,I,Operating Cash Balance,Cash Balance Details,3,2024,4,2024,3,08,22
2024-08-22,Treasury General Account (TGA) Closing Balance,734733,734733,734733,I,Operating Cash Balance,Cash Balance Details,4,2024,4,2024,3,08,22
2024-08-21,Treasury General Account (TGA) Opening Balance,758980,854001,656889,I,Operating Cash Balance,Cash Balance Details,1,2024,4,2024,3,08,21
2024-08-21,Total TGA Deposits (Table II),18675,1903667,30739187,I,Operating Cash Balance,Cash Balance Details,2,2024,4,2024,3,08,21
2024-08-21,Total TGA Withdrawals (Table II) (-),42928,2022940,30661350,I,Operating Cash Balance,Cash Balance Details,3,2024,4,2024,3,08,21
2024-08-21,Treasury General Account (TGA) Closing Balance,734727,734727,734727,I,Operating Cash Balance,Cash Balance Details,4,2024,4,2024,3,08,21
2024-08-20,Treasury General Account (TGA) Opening Balance,743033,854001,656889,I,Operating Cash Balance,Cash Balance Details,1,2024,4,2024,3,08,20
2024-08-20,Total TGA Deposits (Table II),257391,1884992,30720512,I,Operating Cash Balance,Cash Balance Details,2,2024,4,2024,3,08,20
2024-08-20,Total TGA Withdrawals (Table II) (-),241444,1980013,30618422,I,Operating Cash Balance,Cash Balance Details,3,2024,4,2024,3,08,20
2024-08-20,Treasury General Account (TGA) Closing Balance,758980,758980,758980,I,Operating Cash Balance,Cash Balance Details,4,2024,4,2024,3,08,20
2024-08-19,Treasury General Account (TGA) Opening Balance,730937,854001,656889,I,Operating Cash Balance,Cash Balance Details,1,2024,4,2024,3,08,19
2024-08-19,Total TGA Deposits (Table II),31270,1627601,30463122,I,Operating Cash Balance,Cash Balance Details,2,2024,4,2024,3,08,19
2024-08-19,Total TGA Withdrawals (Table II) (-),19174,1738568,30376978,I,Operating Cash Balance,Cash Balance Details,3,2024,4,2024,3,08,19
2024-08-19,Treasury General Account (TGA) Closing Balance,743033,743033,743033,I,Operating Cash Balance,Cash Balance Details,4,2024,4,2024,3,08,19
2024-08-16,Treasury General Account (TGA) Opening Balance,725909,854001,656889,I,Operating Cash Balance,Cash Balance Details,1,2024,4,2024,3,08,16
2024-08-16,Total TGA Deposits (Table II),26829,1596331,30431851,I,Operating Cash Balance,Cash Balance Details,2,2024,4,2024,3,08,16
2024-08-16,Total TGA Withdrawals (Table II) (-),21802,1719395,30357804,I,Operating Cash Balance,Cash Balance Details,3,2024,4,2024,3,08,16
2024-08-16,Treasury General Account (TGA) Closing Balance,730937,730937,730937,I,Operating Cash Balance,Cash Balance Details,4,2024,4,2024,3,08,16
2024-08-15,Treasury General Account (TGA) Opening Balance,788823,854001,656889,I,Operating Cash Balance,Cash Balance Details,1,2024,4,2024,3,08,15
2024-08-15,Total TGA Deposits (Table II),395176,1569501,30405022,I,Operating Cash Balance,Cash Balance Details,2,2024,4,2024,3,08,15
2024-08-15,Total TGA Withdrawals (Table II) (-),458090,1697593,30336002,I,Operating Cash Balance,Cash Balance Details,3,2024,4,2024,3,08,15
2024-08-15,Treasury General Account (TGA) Closing Balance,725909,725909,725909,I,Operating Cash Balance,Cash Balance Details,4,2024,4,2024,3,08,15
2024-08-14,Treasury General Account (TGA) Opening Balance,812614,854001,656889,I,Operating Cash Balance,Cash Balance Details,1,2024,4,2024,3,08,14
2024-08-14,Total TGA Deposits (Table II),18340,1174325,30009846,I,Operating Cash Balance,Cash Balance Details,2,2024,4,2024,3,08,14
2024-08-14,Total TGA Withdrawals (Table II) (-),42130,1239503,29877912,I,Operating Cash Balance,Cash Balance Details,3,2024,4,2024,3,08,14
2024-08-14,Treasury General Account (TGA) Closing Balance,788823,788823,788823,I,Operating Cash Balance,Cash Balance Details,4,2024,4,2024,3,08,14
2024-08-13,Treasury General Account (TGA) Opening Balance,800035,854001,656889,I,Operating Cash Balance,Cash Balance Details,1,2024,4,2024,3,08,13
2024-08-13,Total TGA Deposits (Table II),255888,1155986,29991506,I,Operating Cash Balance,Cash Balance Details,2,2024,4,2024,3,08,13
2024-08-13,Total TGA Withdrawals (Table II) (-),243309,1197373,29835782,I,Operating Cash Balance,Cash Balance Details,3,2024,4,2024,3,08,13
2024-08-13,Treasury General Account (TGA) Closing Balance,812614,812614,812614,I,Operating Cash Balance,Cash Balance Details,4,2024,4,2024,3,08,13
2024-08-12,Treasury General Account (TGA) Opening Balance,788359,854001,656889,I,Operating Cash Balance,Cash Balance Details,1,2024,4,2024,3,08,12
2024-08-12,Total TGA Deposits (Table II),28312,900097,29735618,I,Operating Cash Balance,Cash Balance Details,2,2024,4,2024,3,08,12
2024-08-12,Total TGA Withdrawals (Table II) (-),16636,954063,29592473,I,Operating Cash Balance,Cash Balance Details,3,2024,4,2024,3,08,12
2024-08-12,Treasury General Account (TGA) Closing Balance,800035,800035,800035,I,Operating Cash Balance,Cash Balance Details,4,2024,4,2024,3,08,12
2024-08-09,Treasury General Account (TGA) Opening Balance,792296,854001,656889,I,Operating Cash Balance,Cash Balance Details,1,2024,4,2024,3,08,09
2024-08-09,Total TGA Deposits (Table II),12100,871785,29707306,I,Operating Cash Balance,Cash Balance Details,2,2024,4,2024,3,08,09
2024-08-09,Total TGA Withdrawals (Table II) (-),16038,937427,29575836,I,Operating Cash Balance,Cash Balance Details,3,2024,4,2024,3,08,09
2024-08-09,Treasury General Account (TGA) Closing Balance,788359,788359,788359,I,Operating Cash Balance,Cash Balance Details,4,2024,4,2024,3,08,09
2024-08-08,Treasury General Account (TGA) Opening Balance,785233,854001,656889,I,Operating Cash Balance,Cash Balance Details,1,2024,4,2024,3,08,08
2024-08-08,Total TGA Deposits (Table II),286510,859684,29695205,I,Operating Cash Balance,Cash Balance Details,2,2024,4,2024,3,08,08
2024-08-08,Total TGA Withdrawals (Table II) (-),279447,921389,29559799,I,Operating Cash Balance,Cash Balance Details,3,2024,4,2024,3,08,08
2024-08-08,Treasury General Account (TGA) Closing Balance,792296,792296,792296,I,Operating Cash Balance,Cash Balance Details,4,2024,4,2024,3,08,08
2024-08-07,Treasury General Account (TGA) Opening Balance,779820,854001,656889,I,Operating Cash Balance,Cash Balance Details,1,2024,4,2024,3,08,07
2024-08-07,Total TGA Deposits (Table II),19488,573175,29408695,I,Operating Cash Balance,Cash Balance Details,2,2024,4,2024,3,08,07
2024-08-07,Total TGA Withdrawals (Table II) (-),14076,641942,29280352,I,Operating Cash Balance,Cash Balance Details,3,2024,4,2024,3,08,07
2024-08-07,Treasury General Account (TGA) Closing Balance,785233,785233,785233,I,Operating Cash Balance,Cash Balance Details,4,2024,4,2024,3,08,07
2024-08-06,Treasury General Account (TGA) Opening Balance,769196,854001,656889,I,Operating Cash Balance,Cash Balance Details,1,2024,4,2024,3,08,06
2024-08-06,Total TGA Deposits (Table II),249458,553686,29389207,I,Operating Cash Balance,Cash Balance Details,2,2024,4,2024,3,08,06
2024-08-06,Total TGA Withdrawals (Table II) (-),238834,627867,29266276,I,Operating Cash Balance,Cash Balance Details,3,2024,4,2024,3,08,06
2024-08-06,Treasury General Account (TGA) Closing Balance,779820,779820,779820,I,Operating Cash Balance,Cash Balance Details,4,2024,4,2024,3,08,06
2024-08-05,Treasury General Account (TGA) Opening Balance,759058,854001,656889,I,Operating Cash Balance,Cash Balance Details,1,2024,4,2024,3,08,05
2024-08-05,Total TGA Deposits (Table II),28007,304229,29139750,I,Operating Cash Balance,Cash Balance Details,2,2024,4,2024,3,08,05
2024-08-05,Total TGA Withdrawals (Table II) (-),17868,389033,29027442,I,Operating Cash Balance,Cash Balance Details,3,2024,4,2024,3,08,05
2024-08-05,Treasury General Account (TGA) Closing Balance,769196,769196,769196,I,Operating Cash Balance,Cash Balance Details,4,2024,4,2024,3,08,05
2024-08-02,Treasury General Account (TGA) Opening Balance,785094,854001,656889,I,Operating Cash Balance,Cash Balance Details,1,2024,4,2024,3,08,02
2024-08-02,Total TGA Deposits (Table II),17131,276222,29111743,I,Operating Cash Balance,Cash Balance Details,2,2024,4,2024,3,08,02
2024-08-02,Total TGA Withdrawals (Table II) (-),43168,371165,29009574,I,Operating Cash Balance,Cash Balance Details,3,2024,4,2024,3,08,02
2024-08-02,Treasury General Account (TGA) Closing Balance,759058,759058,759058,I,Operating Cash Balance,Cash Balance Details,4,2024,4,2024,3,08,02
2024-08-01,Treasury General Account (TGA) Opening Balance,854001,854001,656889,I,Operating Cash Balance,Cash Balance Details,1,2024,4,2024,3,08,01
2024-08-01,Total TGA Deposits (Table II),259091,259091,29094611,I,Operating Cash Balance,Cash Balance Details,2,2024,4,2024,3,08,01
2024-08-01,Total TGA Withdrawals (Table II) (-),327997,327997,28966406,I,Operating Cash Balance,Cash Balance Details,3,2024,4,2024,3,08,01
2024-08-01,Treasury General Account (TGA) Closing Balance,785094,785094,785094,I,Operating Cash Balance,Cash Balance Details,4,2024,4,2024,3,08,01
2024-07-31,Treasury General Account (TGA) Opening Balance,802422,777798,656889,I,Operating Cash Balance,Cash Balance Details,1,2024,4,2024,3,07,31
2024-07-31,Total TGA Deposits (Table II),281645,3118374,28835521,I,Operating Cash Balance,Cash Balance Details,2,2024,4,2024,3,07,31
2024-07-31,Total TGA Withdrawals (Table II) (-),230066,3042171,28638409,I,Operating Cash Balance,Cash Balance Details,3,2024,4,2024,3,07,31
2024-07-31,Treasury General Account (TGA) Closing Balance,854001,854001,854001,I,Operating Cash Balance,Cash Balance Details,4,2024,4,2024,3,07,31
2024-07-30,Treasury General Account (TGA) Opening Balance,781500,777798,656889,I,Operating Cash Balance,Cash Balance Details,1,2024,4,2024,3,07,30
2024-07-30,Total TGA Deposits (Table II),249799,2836729,28553875,I,Operating Cash Balance,Cash Balance Details,2,2024,4,2024,3,07,30
2024-07-30,Total TGA Withdrawals (Table II) (-),228877,2812105,28408343,I,Operating Cash Balance,Cash Balance Details,3,2024,4,2024,3,07,30
2024-07-30,Treasury General Account (TGA) Closing Balance,802422,802422,802422,I,Operating Cash Balance,Cash Balance Details,4,2024,4,2024,3,07,30
2024-07-29,Treasury General Account (TGA) Opening Balance,766528,777798,656889,I,Operating Cash Balance,Cash Balance Details,1,2024,4,2024,3,07,29
2024-07-29,Total TGA Deposits (Table II),29621,2586930,28304077,I,Operating Cash Balance,Cash Balance Details,2,2024,4,2024,3,07,29
2024-07-29,Total TGA Withdrawals (Table II) (-),14649,2583228,28179466,I,Operating Cash Balance,Cash Balance Details,3,2024,4,2024,3,07,29
2024-07-29,Treasury General Account (TGA) Closing Balance,781500,781500,781500,I,Operating Cash Balance,Cash Balance Details,4,2024,4,2024,3,07,29
2024-07-26,Treasury General Account (TGA) Opening Balance,767894,777798,656889,I,Operating Cash Balance,Cash Balance Details,1,2024,4,2024,3,07,26
2024-07-26,Total TGA Deposits (Table II),13519,2557309,28274456,I,Operating Cash Balance,Cash Balance Details,2,2024,4,2024,3,07,26
2024-07-26,Total TGA Withdrawals (Table II) (-),14885,2568579,28164817,I,Operating Cash Balance,Cash Balance Details,3,2024,4,2024,3,07,26
2024-07-26,Treasury General Account (TGA) Closing Balance,766528,766528,766528,I,Operating Cash Balance,Cash Balance Details,4,2024,4,2024,3,07,26
2024-07-25,Treasury General Account (TGA) Opening Balance,767419,777798,656889,I,Operating Cash Balance,Cash Balance Details,1,2024,4,2024,3,07,25
2024-07-25,Total TGA Deposits (Table II),230463,2543790,28260937,I,Operating Cash Balance,Cash Balance Details,2,2024,4,2024,3,07,25
2024-07-25,Total TGA Withdrawals (Table II) (-),229989,2553694,28149932,I,Operating Cash Balance,Cash Balance Details,3,2024,4,2024,3,07,25
2024-07-25,Treasury General Account (TGA) Closing Balance,767894,767894,767894,I,Operating Cash Balance,Cash Balance Details,4,2024,4,2024,3,07,25
2024-07-24,Treasury General Account (TGA) Opening Balance,793467,777798,656889,I,Operating Cash Balance,Cash Balance Details,1,2024,4,2024,3,07,24
2024-07-24,Total TGA Deposits (Table II),16859,2313327,28030474,I,Operating Cash Balance,Cash Balance Details,2,2024,4,2024,3,07,24
2024-07-24,Total TGA Withdrawals (Table II) (-),42906,2323706,27919944,I,Operating Cash Balance,Cash Balance Details,3,2024,4,2024,3,07,24
2024-07-24,Treasury General Account (TGA) Closing Balance,767419,767419,767419,I,Operating Cash Balance,Cash Balance Details,4,2024,4,2024,3,07,24
2024-07-23,Treasury General Account (TGA) Opening Balance,769783,777798,656889,I,Operating Cash Balance,Cash Balance Details,1,2024,4,2024,3,07,23
2024-07-23,Total TGA Deposits (Table II),253823,2296468,28013615,I,Operating Cash Balance,Cash Balance Details,2,2024,4,2024,3,07,23
2024-07-23,Total TGA Withdrawals (Table II) (-),230139,2280799,27877038,I,Operating Cash Balance,Cash Balance Details,3,2024,4,2024,3,07,23
2024-07-23,Treasury General Account (TGA) Closing Balance,793467,793467,793467,I,Operating Cash Balance,Cash Balance Details,4,2024,4,2024,3,07,23
2024-07-22,Treasury General Account (TGA) Opening Balance,771252,777798,656889,I,Operating Cash Balance,Cash Balance Details,1,2024,4,2024,3,07,22
2024-07-22,Total TGA Deposits (Table II),29608,2042646,27759792,I,Operating Cash Balance,Cash Balance Details,2,2024,4,2024,3,07,22
2024-07-22,Total TGA Withdrawals (Table II) (-),31077,2050661,27646899,I,Operating Cash Balance,Cash Balance Details,3,2024,4,2024,3,07,22
2024-07-22,Treasury General Account (TGA) Closing Balance,769783,769783,769783,I,Operating Cash Balance,Cash Balance Details,4,2024,4,2024,3,07,22
2024-07-19,Treasury General Account (TGA) Opening Balance,775779,777798,656889,I,Operating Cash Balance,Cash Balance Details,1,2024,4,2024,3,07,19
2024-07-19,Total TGA Deposits (Table II),14472,2013037,27730184,I,Operating Cash Balance,Cash Balance Details,2,2024,4,2024,3,07,19
2024-07-19,Total TGA Withdrawals (Table II) (-),19000,2019584,27615822,I,Operating Cash Balance,Cash Balance Details,3,2024,4,2024,3,07,19
2024-07-19,Treasury General Account (TGA) Closing Balance,771252,771252,771252,I,Operating Cash Balance,Cash Balance Details,4,2024,4,2024,3,07,19
2024-07-18,Treasury General Account (TGA) Opening Balance,766779,777798,656889,I,Operating Cash Balance,Cash Balance Details,1,2024,4,2024,3,07,18
2024-07-18,Total TGA Deposits (Table II),230770,1998565,27715712,I,Operating Cash Balance,Cash Balance Details,2,2024,4,2024,3,07,18
2024-07-18,Total TGA Withdrawals (Table II) (-),221770,2000584,27596822,I,Operating Cash Balance,Cash Balance Details,3,2024,4,2024,3,07,18
2024-07-18,Treasury General Account (TGA) Closing Balance,775779,775779,775779,I,Operating Cash Balance,Cash Balance Details,4,2024,4,2024,3,07,18
2024-07-17,Treasury General Account (TGA) Opening Balance,795024,777798,656889,I,Operating Cash Balance,Cash Balance Details,1,2024,4,2024,3,07,17
2024-07-17,Total TGA Deposits (Table II),15105,1767795,27484942,I,Operating Cash Balance,Cash Balance Details,2,2024,4,2024,3,07,17
2024-07-17,Total TGA Withdrawals (Table II) (-),43349,1778814,27375052,I,Operating Cash Balance,Cash Balance Details,3,2024,4,2024,3,07,17
2024-07-17,Treasury General Account (TGA) Closing Balance,766779,766779,766779,I,Operating Cash Balance,Cash Balance Details,4,2024,4,2024,3,07,17
2024-07-16,Treasury General Account (TGA) Opening Balance,764538,777798,656889,I,Operating Cash Balance,Cash Balance Details,1,2024,4,2024,3,07,16
2024-07-16,Total TGA Deposits (Table II),259467,1752691,27469837,I,Operating Cash Balance,Cash Balance Details,2,2024,4,2024,3,07,16
2024-07-16,Total TGA Withdrawals (Table II) (-),228981,1735464,27331702,I,Operating Cash Balance,Cash Balance Details,3,2024,4,2024,3,07,16
2024-07-16,Treasury General Account (TGA) Closing Balance,795024,795024,795024,I,Operating Cash Balance,Cash Balance Details,4,2024,4,2024,3,07,16
2024-07-15,Treasury General Account (TGA) Opening Balance,734465,777798,656889,I,Operating Cash Balance,Cash Balance Details,1,2024,4,2024,3,07,15
2024-07-15,Total TGA Deposits (Table II),181731,1493224,27210370,I,Operating Cash Balance,Cash Balance Details,2,2024,4,2024,3,07,15
2024-07-15,Total TGA Withdrawals (Table II) (-),151658,1506483,27102722,I,Operating Cash Balance,Cash Balance Details,3,2024,4,2024,3,07,15
2024-07-15,Treasury General Account (TGA) Closing Balance,764538,764538,764538,I,Operating Cash Balance,Cash Balance Details,4,2024,4,2024,3,07,15
2024-07-12,Treasury General Account (TGA) Opening Balance,731416,777798,656889,I,Operating Cash Balance,Cash Balance Details,1,2024,4,2024,3,07,12
2024-07-12,Total TGA Deposits (Table II),16942,1311493,27028639,I,Operating Cash Balance,Cash Balance Details,2,2024,4,2024,3,07,12
2024-07-12,Total TGA Withdrawals (Table II) (-),13893,1354826,26951064,I,Operating Cash Balance,Cash Balance Details,3,2024,4,2024,3,07,12
2024-07-12,Treasury General Account (TGA) Closing Balance,734465,734465,734465,I,Operating Cash Balance,Cash Balance Details,4,2024,4,2024,3,07,12
2024-07-11,Treasury General Account (TGA) Opening Balance,722328,777798,656889,I,Operating Cash Balance,Cash Balance Details,1,2024,4,2024,3,07,11
2024-07-11,Total TGA Deposits (Table II),280403,1294551,27011697,I,Operating Cash Balance,Cash Balance Details,2,2024,4,2024,3,07,11
2024-07-11,Total TGA Withdrawals (Table II) (-),271315,1340933,26937171,I,Operating Cash Balance,Cash Balance Details,3,2024,4,2024,3,07,11
2024-07-11,Treasury General Account (TGA) Closing Balance,731416,731416,731416,I,Operating Cash Balance,Cash Balance Details,4,2024,4,2024,3,07,11
2024-07-10,Treasury General Account (TGA) Opening Balance,747238,777798,656889,I,Operating Cash Balance,Cash Balance Details,1,2024,4,2024,3,07,10
2024-07-10,Total TGA Deposits (Table II),16988,1014147,26731294,I,Operating Cash Balance,Cash Balance Details,2,2024,4,2024,3,07,10
2024-07-10,Total TGA Withdrawals (Table II) (-),41898,1069618,26665856,I,Operating Cash Balance,Cash Balance Details,3,2024,4,2024,3,07,10
2024-07-10,Treasury General Account (TGA) Closing Balance,722328,722328,722328,I,Operating Cash Balance,Cash Balance Details,4,2024,4,2024,3,07,10
2024-07-09,Treasury General Account (TGA) Opening Balance,743168,777798,656889,I,Operating Cash Balance,Cash Balance Details,1,2024,4,2024,3,07,09
2024-07-09,Total TGA Deposits (Table II),236646,997160,26714306,I,Operating Cash Balance,Cash Balance Details,2,2024,4,2024,3,07,09
2024-07-09,Total TGA Withdrawals (Table II) (-),232576,1027720,26623958,I,Operating Cash Balance,Cash Balance Details,3,2024,4,2024,3,07,09
2024-07-09,Treasury General Account (TGA) Closing Balance,747238,747238,747238,I,Operating Cash Balance,Cash Balance Details,4,2024,4,2024,3,07,09
2024-07-08,Treasury General Account (TGA) Opening Balance,732159,777798,656889,I,Operating Cash Balance,Cash Balance Details,1,2024,4,2024,3,07,08
2024-07-08,Total TGA Deposits (Table II),29188,760513,26477660,I,Operating Cash Balance,Cash Balance Details,2,2024,4,2024,3,07,08
2024-07-08,Total TGA Withdrawals (Table II) (-),18179,795143,26391381,I,Operating Cash Balance,Cash Balance Details,3,2024,4,2024,3,07,08
2024-07-08,Treasury General Account (TGA) Closing Balance,743168,743168,743168,I,Operating Cash Balance,Cash Balance Details,4,2024,4,2024,3,07,08
2024-07-05,Treasury General Account (TGA) Opening Balance,745608,777798,656889,I,Operating Cash Balance,Cash Balance Details,1,2024,4,2024,3,07,05
2024-07-05,Total TGA Deposits (Table II),229133,731325,26448471,I,Operating Cash Balance,Cash Balance Details,2,2024,4,2024,3,07,05
2024-07-05,Total TGA Withdrawals (Table II) (-),242582,776964,26373202,I,Operating Cash Balance,Cash Balance Details,3,2024,4,2024,3,07,05
2024-07-05,Treasury General Account (TGA) Closing Balance,732159,732159,732159,I,Operating Cash Balance,Cash Balance Details,4,2024,4,2024,3,07,05
2024-07-03,Treasury General Account (TGA) Opening Balance,768554,777798,656889,I,Operating Cash Balance,Cash Balance Details,1,2024,4,2024,3,07,03
2024-07-03,Total TGA Deposits (Table II),19754,502192,26219339,I,Operating Cash Balance,Cash Balance Details,2,2024,4,2024,3,07,03
2024-07-03,Total TGA Withdrawals (Table II) (-),42701,534382,26130620,I,Operating Cash Balance,Cash Balance Details,3,2024,4,2024,3,07,03
2024-07-03,Treasury General Account (TGA) Closing Balance,745608,745608,745608,I,Operating Cash Balance,Cash Balance Details,4,2024,4,2024,3,07,03
2024-07-02,Treasury General Account (TGA) Opening Balance,763439,777798,656889,I,Operating Cash Balance,Cash Balance Details,1,2024,4,2024,3,07,02
2024-07-02,Total TGA Deposits (Table II),231434,482438,26199584,I,Operating Cash Balance,Cash Balance Details,2,2024,4,2024,3,07,02
2024-07-02,Total TGA Withdrawals (Table II) (-),226320,491682,26087920,I,Operating Cash Balance,Cash Balance Details,3,2024,4,2024,3,07,02
2024-07-02,Treasury General Account (TGA) Closing Balance,768554,768554,768554,I,Operating Cash Balance,Cash Balance Details,4,2024,4,2024,3,07,02
2024-07-01,Treasury General Account (TGA) Opening Balance,777798,777798,656889,I,Operating Cash Balance,Cash Balance Details,1,2024,4,2024,3,07,01
2024-07-01,Total TGA Deposits (Table II),251003,251003,25968150,I,Operating Cash Balance,Cash Balance Details,2,2024,4,2024,3,07,01
2024-07-01,Total TGA Withdrawals (Table II) (-),265362,265362,25861600,I,Operating Cash Balance,Cash Balance Details,3,2024,4,2024,3,07,01
2024-07-01,Treasury General Account (TGA) Closing Balance,763439,763439,763439,I,Operating Cash Balance,Cash Balance Details,4,2024,4,2024,3,07,01
2024-06-28,Treasury General Account (TGA) Opening Balance,718618,718926,656889,I,Operating Cash Balance,Cash Balance Details,1,2024,3,2024,2,06,28
2024-06-28,Total TGA Deposits (Table II),75593,2387164,25717147,I,Operating Cash Balance,Cash Balance Details,2,2024,3,2024,2,06,28
2024-06-28,Total TGA Withdrawals (Table II) (-),16413,2328292,25596238,I,Operating Cash Balance,Cash Balance Details,3,2024,3,2024,2,06,28
2024-06-28,Treasury General Account (TGA) Closing Balance,777798,777798,777798,I,Operating Cash Balance,Cash Balance Details,4,2024,3,2024,2,06,28
2024-06-27,Treasury General Account (TGA) Opening Balance,744206,718926,656889,I,Operating Cash Balance,Cash Balance Details,1,2024,3,2024,2,06,27
2024-06-27,Total TGA Deposits (Table II),212950,2311571,25641554,I,Operating Cash Balance,Cash Balance Details,2,2024,3,2024,2,06,27
2024-06-27,Total TGA Withdrawals (Table II) (-),238538,2311879,25579825,I,Operating Cash Balance,Cash Balance Details,3,2024,3,2024,2,06,27
2024-06-27,Treasury General Account (TGA) Closing Balance,718618,718618,718618,I,Operating Cash Balance,Cash Balance Details,4,2024,3,2024,2,06,27
2024-06-26,Treasury General Account (TGA) Opening Balance,767249,718926,656889,I,Operating Cash Balance,Cash Balance Details,1,2024,3,2024,2,06,26
2024-06-26,Total TGA Deposits (Table II),22165,2098621,25428603,I,Operating Cash Balance,Cash Balance Details,2,2024,3,2024,2,06,26
2024-06-26,Total TGA Withdrawals (Table II) (-),45208,2073341,25341287,I,Operating Cash Balance,Cash Balance Details,3,2024,3,2024,2,06,26
2024-06-26,Treasury General Account (TGA) Closing Balance,744206,744206,744206,I,Operating Cash Balance,Cash Balance Details,4,2024,3,2024,2,06,26
2024-06-25,Treasury General Account (TGA) Opening Balance,784434,718926,656889,I,Operating Cash Balance,Cash Balance Details,1,2024,3,2024,2,06,25
2024-06-25,Total TGA Deposits (Table II),222122,2076456,25406438,I,Operating Cash Balance,Cash Balance Details,2,2024,3,2024,2,06,25
2024-06-25,Total TGA Withdrawals (Table II) (-),239307,2028133,25296079,I,Operating Cash Balance,Cash Balance Details,3,2024,3,2024,2,06,25
2024-06-25,Treasury General Account (TGA) Closing Balance,767249,767249,767249,I,Operating Cash Balance,Cash Balance Details,4,2024,3,2024,2,06,25
2024-06-24,Treasury General Account (TGA) Opening Balance,763426,718926,656889,I,Operating Cash Balance,Cash Balance Details,1,2024,3,2024,2,06,24
2024-06-24,Total TGA Deposits (Table II),39715,1854333,25184316,I,Operating Cash Balance,Cash Balance Details,2,2024,3,2024,2,06,24
2024-06-24,Total TGA Withdrawals (Table II) (-),18708,1788826,25056772,I,Operating Cash Balance,Cash Balance Details,3,2024,3,2024,2,06,24
2024-06-24,Treasury General Account (TGA) Closing Balance,784434,784434,784434,I,Operating Cash Balance,Cash Balance Details,4,2024,3,2024,2,06,24
2024-06-21,Treasury General Account (TGA) Opening Balance,771749,718926,656889,I,Operating Cash Balance,Cash Balance Details,1,2024,3,2024,2,06,21
2024-06-21,Total TGA Deposits (Table II),25349,1814618,25144601,I,Operating Cash Balance,Cash Balance Details,2,2024,3,2024,2,06,21
2024-06-21,Total TGA Withdrawals (Table II) (-),33672,1770118,25038064,I,Operating Cash Balance,Cash Balance Details,3,2024,3,2024,2,06,21
2024-06-21,Treasury General Account (TGA) Closing Balance,763426,763426,763426,I,Operating Cash Balance,Cash Balance Details,4,2024,3,2024,2,06,21
2024-06-20,Treasury General Account (TGA) Opening Balance,782158,718926,656889,I,Operating Cash Balance,Cash Balance Details,1,2024,3,2024,2,06,20
2024-06-20,Total TGA Deposits (Table II),231412,1789269,25119252,I,Operating Cash Balance,Cash Balance Details,2,2024,3,2024,2,06,20
2024-06-20,Total TGA Withdrawals (Table II) (-),241821,1736446,25004392,I,Operating Cash Balance,Cash Balance Details,3,2024,3,2024,2,06,20
2024-06-20,Treasury General Account (TGA) Closing Balance,771749,771749,771749,I,Operating Cash Balance,Cash Balance Details,4,2024,3,2024,2,06,20
2024-06-18,Treasury General Account (TGA) Opening Balance,822612,718926,656889,I,Operating Cash Balance,Cash Balance Details,1,2024,3,2024,2,06,18
2024-06-18,Total TGA Deposits (Table II),222728,1557857,24887840,I,Operating Cash Balance,Cash Balance Details,2,2024,3,2024,2,06,18
2024-06-18,Total TGA Withdrawals (Table II) (-),263182,1494625,24762571,I,Operating Cash Balance,Cash Balance Details,3,2024,3,2024,2,06,18
2024-06-18,Treasury General Account (TGA) Closing Balance,782158,782158,782158,I,Operating Cash Balance,Cash Balance Details,4,2024,3,2024,2,06,18
2024-06-17,Treasury General Account (TGA) Opening Balance,676305,718926,656889,I,Operating Cash Balance,Cash Balance Details,1,2024,3,2024,2,06,17
2024-06-17,Total TGA Deposits (Table II),231457,1335129,24665111,I,Operating Cash Balance,Cash Balance Details,2,2024,3,2024,2,06,17
2024-06-17,Total TGA Withdrawals (Table II) (-),85149,1231443,24499389,I,Operating Cash Balance,Cash Balance Details,3,2024,3,2024,2,06,17
2024-06-17,Treasury General Account (TGA) Closing Balance,822612,822612,822612,I,Operating Cash Balance,Cash Balance Details,4,2024,3,2024,2,06,17
2024-06-14,Treasury General Account (TGA) Opening Balance,648027,718926,656889,I,Operating Cash Balance,Cash Balance Details,1,2024,3,2024,2,06,14
2024-06-14,Total TGA Deposits (Table II),52515,1103672,24433654,I,Operating Cash Balance,Cash Balance Details,2,2024,3,2024,2,06,14
2024-06-14,Total TGA Withdrawals (Table II) (-),24237,1146293,24414239,I,Operating Cash Balance,Cash Balance Details,3,2024,3,2024,2,06,14
2024-06-14,Treasury General Account (TGA) Closing Balance,676305,676305,676305,I,Operating Cash Balance,Cash Balance Details,4,2024,3,2024,2,06,14
2024-06-13,Treasury General Account (TGA) Opening Balance,650212,718926,656889,I,Operating Cash Balance,Cash Balance Details,1,2024,3,2024,2,06,13
2024-06-13,Total TGA Deposits (Table II),269247,1051157,24381139,I,Operating Cash Balance,Cash Balance Details,2,2024,3,2024,2,06,13
2024-06-13,Total TGA Withdrawals (Table II) (-),271433,1122056,24390002,I,Operating Cash Balance,Cash Balance Details,3,2024,3,2024,2,06,13
2024-06-13,Treasury General Account (TGA) Closing Balance,648027,648027,648027,I,Operating Cash Balance,Cash Balance Details,4,2024,3,2024,2,06,13
2024-06-12,Treasury General Account (TGA) Opening Balance,667218,718926,656889,I,Operating Cash Balance,Cash Balance Details,1,2024,3,2024,2,06,12
2024-06-12,Total TGA Deposits (Table II),26610,781910,24111892,I,Operating Cash Balance,Cash Balance Details,2,2024,3,2024,2,06,12
2024-06-12,Total TGA Withdrawals (Table II) (-),43616,850624,24118570,I,Operating Cash Balance,Cash Balance Details,3,2024,3,2024,2,06,12
2024-06-12,Treasury General Account (TGA) Closing Balance,650212,650212,650212,I,Operating Cash Balance,Cash Balance Details,4,2024,3,2024,2,06,12
2024-06-11,Treasury General Account (TGA) Opening Balance,690309,718926,656889,I,Operating Cash Balance,Cash Balance Details,1,2024,3,2024,2,06,11
2024-06-11,Total TGA Deposits (Table II),216622,755300,24085282,I,Operating Cash Balance,Cash Balance Details,2,2024,3,2024,2,06,11
2024-06-11,Total TGA Withdrawals (Table II) (-),239713,807008,24074954,I,Operating Cash Balance,Cash Balance Details,3,2024,3,2024,2,06,11
2024-06-11,Treasury General Account (TGA) Closing Balance,667218,667218,667218,I,Operating Cash Balance,Cash Balance Details,4,2024,3,2024,2,06,11
2024-06-10,Treasury General Account (TGA) Opening Balance,675508,718926,656889,I,Operating Cash Balance,Cash Balance Details,1,2024,3,2024,2,06,10
2024-06-10,Total TGA Deposits (Table II),32720,538678,23868661,I,Operating Cash Balance,Cash Balance Details,2,2024,3,2024,2,06,10
2024-06-10,Total TGA Withdrawals (Table II) (-),17919,567295,23835241,I,Operating Cash Balance,Cash Balance Details,3,2024,3,2024,2,06,10
2024-06-10,Treasury General Account (TGA) Closing Balance,690309,690309,690309,I,Operating Cash Balance,Cash Balance Details,4,2024,3,2024,2,06,10
2024-06-07,Treasury General Account (TGA) Opening Balance,680746,718926,656889,I,Operating Cash Balance,Cash Balance Details,1,2024,3,2024,2,06,07
2024-06-07,Total TGA Deposits (Table II),14954,505959,23835941,I,Operating Cash Balance,Cash Balance Details,2,2024,3,2024,2,06,07
2024-06-07,Total TGA Withdrawals (Table II) (-),20192,549376,23817322,I,Operating Cash Balance,Cash Balance Details,3,2024,3,2024,2,06,07
2024-06-07,Treasury General Account (TGA) Closing Balance,675508,675508,675508,I,Operating Cash Balance,Cash Balance Details,4,2024,3,2024,2,06,07
2024-06-06,Treasury General Account (TGA) Opening Balance,703314,718926,656889,I,Operating Cash Balance,Cash Balance Details,1,2024,3,2024,2,06,06
2024-06-06,Total TGA Deposits (Table II),210105,491004,23820987,I,Operating Cash Balance,Cash Balance Details,2,2024,3,2024,2,06,06
2024-06-06,Total TGA Withdrawals (Table II) (-),232673,529184,23797130,I,Operating Cash Balance,Cash Balance Details,3,2024,3,2024,2,06,06
2024-06-06,Treasury General Account (TGA) Closing Balance,680746,680746,680746,I,Operating Cash Balance,Cash Balance Details,4,2024,3,2024,2,06,06
2024-06-05,Treasury General Account (TGA) Opening Balance,700652,718926,656889,I,Operating Cash Balance,Cash Balance Details,1,2024,3,2024,2,06,05
2024-06-05,Total TGA Deposits (Table II),19347,280899,23610881,I,Operating Cash Balance,Cash Balance Details,2,2024,3,2024,2,06,05
2024-06-05,Total TGA Withdrawals (Table II) (-),16685,296511,23564457,I,Operating Cash Balance,Cash Balance Details,3,2024,3,2024,2,06,05
2024-06-05,Treasury General Account (TGA) Closing Balance,703314,703314,703314,I,Operating Cash Balance,Cash Balance Details,4,2024,3,2024,2,06,05
2024-06-04,Treasury General Account (TGA) Opening Balance,712359,718926,656889,I,Operating Cash Balance,Cash Balance Details,1,2024,3,2024,2,06,04
2024-06-04,Total TGA Deposits (Table II),213871,261552,23591534,I,Operating Cash Balance,Cash Balance Details,2,2024,3,2024,2,06,04
2024-06-04,Total TGA Withdrawals (Table II) (-),225578,279826,23547772,I,Operating Cash Balance,Cash Balance Details,3,2024,3,2024,2,06,04
2024-06-04,Treasury General Account (TGA) Closing Balance,700652,700652,700652,I,Operating Cash Balance,Cash Balance Details,4,2024,3,2024,2,06,04
2024-06-03,Treasury General Account (TGA) Opening Balance,718926,718926,656889,I,Operating Cash Balance,Cash Balance Details,1,2024,3,2024,2,06,03
2024-06-03,Total TGA Deposits (Table II),47681,47681,23377664,I,Operating Cash Balance,Cash Balance Details,2,2024,3,2024,2,06,03
2024-06-03,Total TGA Withdrawals (Table II) (-),54248,54248,23322194,I,Operating Cash Balance,Cash Balance Details,3,2024,3,2024,2,06,03
2024-06-03,Treasury General Account (TGA) Closing Balance,712359,712359,712359,I,Operating Cash Balance,Cash Balance Details,4,2024,3,2024,2,06,03
2024-05-31,Treasury General Account (TGA) Opening Balance,699060,962428,656889,I,Operating Cash Balance,Cash Balance Details,1,2024,3,2024,2,05,31
2024-05-31,Total TGA Deposits (Table II),274659,2863099,23329982,I,Operating Cash Balance,Cash Balance Details,2,2024,3,2024,2,05,31
2024-05-31,Total TGA Withdrawals (Table II) (-),254793,3106602,23267946,I,Operating Cash Balance,Cash Balance Details,3,2024,3,2024,2,05,31
2024-05-31,Treasury General Account (TGA) Closing Balance,718926,718926,718926,I,Operating Cash Balance,Cash Balance Details,4,2024,3,2024,2,05,31
2024-05-30,Treasury General Account (TGA) Opening Balance,716020,962428,656889,I,Operating Cash Balance,Cash Balance Details,1,2024,3,2024,2,05,30
2024-05-30,Total TGA Deposits (Table II),229235,2588441,23055324,I,Operating Cash Balance,Cash Balance Details,2,2024,3,2024,2,05,30
2024-05-30,Total TGA Withdrawals (Table II) (-),246195,2851809,23013153,I,Operating Cash Balance,Cash Balance Details,3,2024,3,2024,2,05,30
2024-05-30,Treasury General Account (TGA) Closing Balance,699060,699060,699060,I,Operating Cash Balance,Cash Balance Details,4,2024,3,2024,2,05,30
2024-05-29,Treasury General Account (TGA) Opening Balance,718888,962428,656889,I,Operating Cash Balance,Cash Balance Details,1,2024,3,2024,2,05,29
2024-05-29,Total TGA Deposits (Table II),13972,2359206,22826089,I,Operating Cash Balance,Cash Balance Details,2,2024,3,2024,2,05,29
2024-05-29,Total TGA Withdrawals (Table II) (-),16839,2605614,22766958,I,Operating Cash Balance,Cash Balance Details,3,2024,3,2024,2,05,29
2024-05-29,Treasury General Account (TGA) Closing Balance,716020,716020,716020,I,Operating Cash Balance,Cash Balance Details,4,2024,3,2024,2,05,29
2024-05-28,Treasury General Account (TGA) Opening Balance,697953,962428,656889,I,Operating Cash Balance,Cash Balance Details,1,2024,3,2024,2,05,28
2024-05-28,Total TGA Deposits (Table II),254139,2345234,22812117,I,Operating Cash Balance,Cash Balance Details,2,2024,3,2024,2,05,28
2024-05-28,Total TGA Withdrawals (Table II) (-),233205,2588775,22750119,I,Operating Cash Balance,Cash Balance Details,3,2024,3,2024,2,05,28
2024-05-28,Treasury General Account (TGA) Closing Balance,718888,718888,718888,I,Operating Cash Balance,Cash Balance Details,4,2024,3,2024,2,05,28
2024-05-24,Treasury General Account (TGA) Opening Balance,703626,962428,656889,I,Operating Cash Balance,Cash Balance Details,1,2024,3,2024,2,05,24
2024-05-24,Total TGA Deposits (Table II),13053,2091095,22557978,I,Operating Cash Balance,Cash Balance Details,2,2024,3,2024,2,05,24
2024-05-24,Total TGA Withdrawals (Table II) (-),18726,2355570,22516914,I,Operating Cash Balance,Cash Balance Details,3,2024,3,2024,2,05,24
2024-05-24,Treasury General Account (TGA) Closing Balance,697953,697953,697953,I,Operating Cash Balance,Cash Balance Details,4,2024,3,2024,2,05,24
2024-05-23,Treasury General Account (TGA) Opening Balance,710882,962428,656889,I,Operating Cash Balance,Cash Balance Details,1,2024,3,2024,2,05,23
2024-05-23,Total TGA Deposits (Table II),234124,2078042,22544925,I,Operating Cash Balance,Cash Balance Details,2,2024,3,2024,2,05,23
2024-05-23,Total TGA Withdrawals (Table II) (-),241380,2336844,22498188,I,Operating Cash Balance,Cash Balance Details,3,2024,3,2024,2,05,23
2024-05-23,Treasury General Account (TGA) Closing Balance,703626,703626,703626,I,Operating Cash Balance,Cash Balance Details,4,2024,3,2024,2,05,23
2024-05-22,Treasury General Account (TGA) Opening Balance,738412,962428,656889,I,Operating Cash Balance,Cash Balance Details,1,2024,3,2024,2,05,22
2024-05-22,Total TGA Deposits (Table II),25179,1843918,22310801,I,Operating Cash Balance,Cash Balance Details,2,2024,3,2024,2,05,22
2024-05-22,Total TGA Withdrawals (Table II) (-),52709,2095464,22256808,I,Operating Cash Balance,Cash Balance Details,3,2024,3,2024,2,05,22
2024-05-22,Treasury General Account (TGA) Closing Balance,710882,710882,710882,I,Operating Cash Balance,Cash Balance Details,4,2024,3,2024,2,05,22
2024-05-21,Treasury General Account (TGA) Opening Balance,737727,962428,656889,I,Operating Cash Balance,Cash Balance Details,1,2024,3,2024,2,05,21
2024-05-21,Total TGA Deposits (Table II),232768,1818739,22285622,I,Operating Cash Balance,Cash Balance Details,2,2024,3,2024,2,05,21
2024-05-21,Total TGA Withdrawals (Table II) (-),232083,2042756,22204100,I,Operating Cash Balance,Cash Balance Details,3,2024,3,2024,2,05,21
2024-05-21,Treasury General Account (TGA) Closing Balance,738412,738412,738412,I,Operating Cash Balance,Cash Balance Details,4,2024,3,2024,2,05,21
2024-05-20,Treasury General Account (TGA) Opening Balance,724577,962428,656889,I,Operating Cash Balance,Cash Balance Details,1,2024,3,2024,2,05,20
2024-05-20,Total TGA Deposits (Table II),26191,1585971,22052854,I,Operating Cash Balance,Cash Balance Details,2,2024,3,2024,2,05,20
2024-05-20,Total TGA Withdrawals (Table II) (-),13041,1810673,21972017,I,Operating Cash Balance,Cash Balance Details,3,2024,3,2024,2,05,20
2024-05-20,Treasury General Account (TGA) Closing Balance,737727,737727,737727,I,Operating Cash Balance,Cash Balance Details,4,2024,3,2024,2,05,20
2024-05-17,Treasury General Account (TGA) Opening Balance,716876,962428,656889,I,Operating Cash Balance,Cash Balance Details,1,2024,3,2024,2,05,17
2024-05-17,Total TGA Deposits (Table II),18697,1559780,22026663,I,Operating Cash Balance,Cash Balance Details,2,2024,3,2024,2,05,17
2024-05-17,Total TGA Withdrawals (Table II) (-),10995,1797631,21958975,I,Operating Cash Balance,Cash Balance Details,3,2024,3,2024,2,05,17
2024-05-17,Treasury General Account (TGA) Closing Balance,724577,724577,724577,I,Operating Cash Balance,Cash Balance Details,4,2024,3,2024,2,05,17
2024-05-16,Treasury General Account (TGA) Opening Balance,706108,962428,656889,I,Operating Cash Balance,Cash Balance Details,1,2024,3,2024,2,05,16
2024-05-16,Total TGA Deposits (Table II),296730,1541083,22007966,I,Operating Cash Balance,Cash Balance Details,2,2024,3,2024,2,05,16
2024-05-16,Total TGA Withdrawals (Table II) (-),285963,1786636,21947980,I,Operating Cash Balance,Cash Balance Details,3,2024,3,2024,2,05,16
2024-05-16,Treasury General Account (TGA) Closing Balance,716876,716876,716876,I,Operating Cash Balance,Cash Balance Details,4,2024,3,2024,2,05,16
2024-05-15,Treasury General Account (TGA) Opening Balance,805661,962428,656889,I,Operating Cash Balance,Cash Balance Details,1,2024,3,2024,2,05,15
2024-05-15,Total TGA Deposits (Table II),167060,1244353,21711236,I,Operating Cash Balance,Cash Balance Details,2,2024,3,2024,2,05,15
2024-05-15,Total TGA Withdrawals (Table II) (-),266613,1500673,21662017,I,Operating Cash Balance,Cash Balance Details,3,2024,3,2024,2,05,15
2024-05-15,Treasury General Account (TGA) Closing Balance,706108,706108,706108,I,Operating Cash Balance,Cash Balance Details,4,2024,3,2024,2,05,15
2024-05-14,Treasury General Account (TGA) Opening Balance,808430,962428,656889,I,Operating Cash Balance,Cash Balance Details,1,2024,3,2024,2,05,14
2024-05-14,Total TGA Deposits (Table II),234078,1077293,21544176,I,Operating Cash Balance,Cash Balance Details,2,2024,3,2024,2,05,14
2024-05-14,Total TGA Withdrawals (Table II) (-),236847,1234060,21395404,I,Operating Cash Balance,Cash Balance Details,3,2024,3,2024,2,05,14
2024-05-14,Treasury General Account (TGA) Closing Balance,805661,805661,805661,I,Operating Cash Balance,Cash Balance Details,4,2024,3,2024,2,05,14
2024-05-13,Treasury General Account (TGA) Opening Balance,795161,962428,656889,I,Operating Cash Balance,Cash Balance Details,1,2024,3,2024,2,05,13
2024-05-13,Total TGA Deposits (Table II),29774,843215,21310098,I,Operating Cash Balance,Cash Balance Details,2,2024,3,2024,2,05,13
2024-05-13,Total TGA Withdrawals (Table II) (-),16505,997213,21158557,I,Operating Cash Balance,Cash Balance Details,3,2024,3,2024,2,05,13
2024-05-13,Treasury General Account (TGA) Closing Balance,808430,808430,808430,I,Operating Cash Balance,Cash Balance Details,4,2024,3,2024,2,05,13
2024-05-10,Treasury General Account (TGA) Opening Balance,804246,962428,656889,I,Operating Cash Balance,Cash Balance Details,1,2024,3,2024,2,05,10
2024-05-10,Total TGA Deposits (Table II),13469,813441,21280324,I,Operating Cash Balance,Cash Balance Details,2,2024,3,2024,2,05,10
2024-05-10,Total TGA Withdrawals (Table II) (-),22553,980708,21142052,I,Operating Cash Balance,Cash Balance Details,3,2024,3,2024,2,05,10
2024-05-10,Treasury General Account (TGA) Closing Balance,795161,795161,795161,I,Operating Cash Balance,Cash Balance Details,4,2024,3,2024,2,05,10
2024-05-09,Treasury General Account (TGA) Opening Balance,816809,962428,656889,I,Operating Cash Balance,Cash Balance Details,1,2024,3,2024,2,05,09
2024-05-09,Total TGA Deposits (Table II),232875,799972,21266855,I,Operating Cash Balance,Cash Balance Details,2,2024,3,2024,2,05,09
2024-05-09,Total TGA Withdrawals (Table II) (-),245438,958155,21119499,I,Operating Cash Balance,Cash Balance Details,3,2024,3,2024,2,05,09
2024-05-09,Treasury General Account (TGA) Closing Balance,804246,804246,804246,I,Operating Cash Balance,Cash Balance Details,4,2024,3,2024,2,05,09
2024-05-08,Treasury General Account (TGA) Opening Balance,845541,962428,656889,I,Operating Cash Balance,Cash Balance Details,1,2024,3,2024,2,05,08
2024-05-08,Total TGA Deposits (Table II),17503,567098,21033981,I,Operating Cash Balance,Cash Balance Details,2,2024,3,2024,2,05,08
2024-05-08,Total TGA Withdrawals (Table II) (-),46235,712717,20874061,I,Operating Cash Balance,Cash Balance Details,3,2024,3,2024,2,05,08
2024-05-08,Treasury General Account (TGA) Closing Balance,816809,816809,816809,I,Operating Cash Balance,Cash Balance Details,4,2024,3,2024,2,05,08
2024-05-07,Treasury General Account (TGA) Opening Balance,866863,962428,656889,I,Operating Cash Balance,Cash Balance Details,1,2024,3,2024,2,05,07
2024-05-07,Total TGA Deposits (Table II),218195,549594,21016477,I,Operating Cash Balance,Cash Balance Details,2,2024,3,2024,2,05,07
2024-05-07,Total TGA Withdrawals (Table II) (-),239518,666482,20827826,I,Operating Cash Balance,Cash Balance Details,3,2024,3,2024,2,05,07
2024-05-07,Treasury General Account (TGA) Closing Balance,845541,845541,845541,I,Operating Cash Balance,Cash Balance Details,4,2024,3,2024,2,05,07
2024-05-06,Treasury General Account (TGA) Opening Balance,853110,962428,656889,I,Operating Cash Balance,Cash Balance Details,1,2024,3,2024,2,05,06
2024-05-06,Total TGA Deposits (Table II),28420,331399,20798282,I,Operating Cash Balance,Cash Balance Details,2,2024,3,2024,2,05,06
2024-05-06,Total TGA Withdrawals (Table II) (-),14667,426964,20588308,I,Operating Cash Balance,Cash Balance Details,3,2024,3,2024,2,05,06
2024-05-06,Treasury General Account (TGA) Closing Balance,866863,866863,866863,I,Operating Cash Balance,Cash Balance Details,4,2024,3,2024,2,05,06
2024-05-03,Treasury General Account (TGA) Opening Balance,872592,962428,656889,I,Operating Cash Balance,Cash Balance Details,1,2024,3,2024,2,05,03
2024-05-03,Total TGA Deposits (Table II),21932,302979,20769862,I,Operating Cash Balance,Cash Balance Details,2,2024,3,2024,2,05,03
2024-05-03,Total TGA Withdrawals (Table II) (-),41414,412298,20573642,I,Operating Cash Balance,Cash Balance Details,3,2024,3,2024,2,05,03
2024-05-03,Treasury General Account (TGA) Closing Balance,853110,853110,853110,I,Operating Cash Balance,Cash Balance Details,4,2024,3,2024,2,05,03
2024-05-02,Treasury General Account (TGA) Opening Balance,890442,962428,656889,I,Operating Cash Balance,Cash Balance Details,1,2024,3,2024,2,05,02
2024-05-02,Total TGA Deposits (Table II),236101,281047,20747931,I,Operating Cash Balance,Cash Balance Details,2,2024,3,2024,2,05,02
2024-05-02,Total TGA Withdrawals (Table II) (-),253950,370884,20532228,I,Operating Cash Balance,Cash Balance Details,3,2024,3,2024,2,05,02
2024-05-02,Treasury General Account (TGA) Closing Balance,872592,872592,872592,I,Operating Cash Balance,Cash Balance Details,4,2024,3,2024,2,05,02
2024-05-01,Treasury General Account (TGA) Opening Balance,962428,962428,656889,I,Operating Cash Balance,Cash Balance Details,1,2024,3,2024,2,05,01
2024-05-01,Total TGA Deposits (Table II),44947,44947,20511830,I,Operating Cash Balance,Cash Balance Details,2,2024,3,2024,2,05,01
2024-05-01,Total TGA Withdrawals (Table II) (-),116933,116933,20278277,I,Operating Cash Balance,Cash Balance Details,3,2024,3,2024,2,05,01
2024-05-01,Treasury General Account (TGA) Closing Balance,890442,890442,890442,I,Operating Cash Balance,Cash Balance Details,4,2024,3,2024,2,05,01
2024-04-30,Treasury General Account (TGA) Opening Balance,929594,775268,656889,I,Operating Cash Balance,Cash Balance Details,1,2024,3,2024,2,04,30
2024-04-30,Total TGA Deposits (Table II),496863,3460914,20466883,I,Operating Cash Balance,Cash Balance Details,2,2024,3,2024,2,04,30
2024-04-30,Total TGA Withdrawals (Table II) (-),464028,3273754,20161344,I,Operating Cash Balance,Cash Balance Details,3,2024,3,2024,2,04,30
2024-04-30,Treasury General Account (TGA) Closing Balance,962428,962428,962428,I,Operating Cash Balance,Cash Balance Details,4,2024,3,2024,2,04,30
2024-04-29,Treasury General Account (TGA) Opening Balance,909938,775268,656889,I,Operating Cash Balance,Cash Balance Details,1,2024,3,2024,2,04,29
2024-04-29,Total TGA Deposits (Table II),39437,2964052,19970020,I,Operating Cash Balance,Cash Balance Details,2,2024,3,2024,2,04,29
2024-04-29,Total TGA Withdrawals (Table II) (-),19781,2809726,19697316,I,Operating Cash Balance,Cash Balance Details,3,2024,3,2024,2,04,29
2024-04-29,Treasury General Account (TGA) Closing Balance,929594,929594,929594,I,Operating Cash Balance,Cash Balance Details,4,2024,3,2024,2,04,29
2024-04-26,Treasury General Account (TGA) Opening Balance,907965,775268,656889,I,Operating Cash Balance,Cash Balance Details,1,2024,3,2024,2,04,26
2024-04-26,Total TGA Deposits (Table II),23755,2924614,19930583,I,Operating Cash Balance,Cash Balance Details,2,2024,3,2024,2,04,26
2024-04-26,Total TGA Withdrawals (Table II) (-),21782,2789945,19677535,I,Operating Cash Balance,Cash Balance Details,3,2024,3,2024,2,04,26
2024-04-26,Treasury General Account (TGA) Closing Balance,909938,909938,909938,I,Operating Cash Balance,Cash Balance Details,4,2024,3,2024,2,04,26
2024-04-25,Treasury General Account (TGA) Opening Balance,929379,775268,656889,I,Operating Cash Balance,Cash Balance Details,1,2024,3,2024,2,04,25
2024-04-25,Total TGA Deposits (Table II),233394,2900859,19906828,I,Operating Cash Balance,Cash Balance Details,2,2024,3,2024,2,04,25
2024-04-25,Total TGA Withdrawals (Table II) (-),254809,2768163,19655753,I,Operating Cash Balance,Cash Balance Details,3,2024,3,2024,2,04,25
2024-04-25,Treasury General Account (TGA) Closing Balance,907965,907965,907965,I,Operating Cash Balance,Cash Balance Details,4,2024,3,2024,2,04,25
2024-04-24,Treasury General Account (TGA) Opening Balance,955714,775268,656889,I,Operating Cash Balance,Cash Balance Details,1,2024,3,2024,2,04,24
2024-04-24,Total TGA Deposits (Table II),27759,2667465,19673434,I,Operating Cash Balance,Cash Balance Details,2,2024,3,2024,2,04,24
2024-04-24,Total TGA Withdrawals (Table II) (-),54094,2513354,19400944,I,Operating Cash Balance,Cash Balance Details,3,2024,3,2024,2,04,24
2024-04-24,Treasury General Account (TGA) Closing Balance,929379,929379,929379,I,Operating Cash Balance,Cash Balance Details,4,2024,3,2024,2,04,24
2024-04-23,Treasury General Account (TGA) Opening Balance,955986,775268,656889,I,Operating Cash Balance,Cash Balance Details,1,2024,3,2024,2,04,23
2024-04-23,Total TGA Deposits (Table II),251927,2639706,19645675,I,Operating Cash Balance,Cash Balance Details,2,2024,3,2024,2,04,23
2024-04-23,Total TGA Withdrawals (Table II) (-),252199,2459260,19346850,I,Operating Cash Balance,Cash Balance Details,3,2024,3,2024,2,04,23
2024-04-23,Treasury General Account (TGA) Closing Balance,955714,955714,955714,I,Operating Cash Balance,Cash Balance Details,4,2024,3,2024,2,04,23
2024-04-22,Treasury General Account (TGA) Opening Balance,939464,775268,656889,I,Operating Cash Balance,Cash Balance Details,1,2024,3,2024,2,04,22
2024-04-22,Total TGA Deposits (Table II),42833,2387779,19393748,I,Operating Cash Balance,Cash Balance Details,2,2024,3,2024,2,04,22
2024-04-22,Total TGA Withdrawals (Table II) (-),26311,2207061,19094651,I,Operating Cash Balance,Cash Balance Details,3,2024,3,2024,2,04,22
2024-04-22,Treasury General Account (TGA) Closing Balance,955986,955986,955986,I,Operating Cash Balance,Cash Balance Details,4,2024,3,2024,2,04,22
2024-04-19,Treasury General Account (TGA) Opening Balance,930542,775268,656889,I,Operating Cash Balance,Cash Balance Details,1,2024,3,2024,2,04,19
2024-04-19,Total TGA Deposits (Table II),26044,2344946,19350915,I,Operating Cash Balance,Cash Balance Details,2,2024,3,2024,2,04,19
2024-04-19,Total TGA Withdrawals (Table II) (-),17122,2180750,19068340,I,Operating Cash Balance,Cash Balance Details,3,2024,3,2024,2,04,19
2024-04-19,Treasury General Account (TGA) Closing Balance,939464,939464,939464,I,Operating Cash Balance,Cash Balance Details,4,2024,3,2024,2,04,19
2024-04-18,Treasury General Account (TGA) Opening Balance,929932,775268,656889,I,Operating Cash Balance,Cash Balance Details,1,2024,3,2024,2,04,18
2024-04-18,Total TGA Deposits (Table II),289525,2318902,19324871,I,Operating Cash Balance,Cash Balance Details,2,2024,3,2024,2,04,18
2024-04-18,Total TGA Withdrawals (Table II) (-),288915,2163628,19051218,I,Operating Cash Balance,Cash Balance Details,3,2024,3,2024,2,04,18
2024-04-18,Treasury General Account (TGA) Closing Balance,930542,930542,930542,I,Operating Cash Balance,Cash Balance Details,4,2024,3,2024,2,04,18
2024-04-17,Treasury General Account (TGA) Opening Balance,906002,775268,656889,I,Operating Cash Balance,Cash Balance Details,1,2024,3,2024,2,04,17
2024-04-17,Total TGA Deposits (Table II),73600,2029376,19035345,I,Operating Cash Balance,Cash Balance Details,2,2024,3,2024,2,04,17
2024-04-17,Total TGA Withdrawals (Table II) (-),49671,1874713,18762303,I,Operating Cash Balance,Cash Balance Details,3,2024,3,2024,2,04,17
2024-04-17,Treasury General Account (TGA) Closing Balance,929932,929932,929932,I,Operating Cash Balance,Cash Balance Details,4,2024,3,2024,2,04,17
2024-04-16,Treasury General Account (TGA) Opening Balance,897016,775268,656889,I,Operating Cash Balance,Cash Balance Details,1,2024,3,2024,2,04,16
2024-04-16,Total TGA Deposits (Table II),272152,1955776,18961745,I,Operating Cash Balance,Cash Balance Details,2,2024,3,2024,2,04,16
2024-04-16,Total TGA Withdrawals (Table II) (-),263165,1825042,18712632,I,Operating Cash Balance,Cash Balance Details,3,2024,3,2024,2,04,16
2024-04-16,Treasury General Account (TGA) Closing Balance,906002,906002,906002,I,Operating Cash Balance,Cash Balance Details,4,2024,3,2024,2,04,16
2024-04-15,Treasury General Account (TGA) Opening Balance,725026,775268,656889,I,Operating Cash Balance,Cash Balance Details,1,2024,3,2024,2,04,15
2024-04-15,Total TGA Deposits (Table II),307952,1683624,18689593,I,Operating Cash Balance,Cash Balance Details,2,2024,3,2024,2,04,15
2024-04-15,Total TGA Withdrawals (Table II) (-),135962,1561877,18449467,I,Operating Cash Balance,Cash Balance Details,3,2024,3,2024,2,04,15
2024-04-15,Treasury General Account (TGA) Closing Balance,897016,897016,897016,I,Operating Cash Balance,Cash Balance Details,4,2024,3,2024,2,04,15
2024-04-12,Treasury General Account (TGA) Opening Balance,667717,775268,656889,I,Operating Cash Balance,Cash Balance Details,1,2024,3,2024,2,04,12
2024-04-12,Total TGA Deposits (Table II),78484,1375672,18381641,I,Operating Cash Balance,Cash Balance Details,2,2024,3,2024,2,04,12
2024-04-12,Total TGA Withdrawals (Table II) (-),21175,1425915,18313505,I,Operating Cash Balance,Cash Balance Details,3,2024,3,2024,2,04,12
2024-04-12,Treasury General Account (TGA) Closing Balance,725026,725026,725026,I,Operating Cash Balance,Cash Balance Details,4,2024,3,2024,2,04,12
2024-04-11,Treasury General Account (TGA) Opening Balance,672537,775268,656889,I,Operating Cash Balance,Cash Balance Details,1,2024,3,2024,2,04,11
2024-04-11,Total TGA Deposits (Table II),242724,1297188,18303157,I,Operating Cash Balance,Cash Balance Details,2,2024,3,2024,2,04,11
2024-04-11,Total TGA Withdrawals (Table II) (-),247543,1404739,18292329,I,Operating Cash Balance,Cash Balance Details,3,2024,3,2024,2,04,11
2024-04-11,Treasury General Account (TGA) Closing Balance,667717,667717,667717,I,Operating Cash Balance,Cash Balance Details,4,2024,3,2024,2,04,11
2024-04-10,Treasury General Account (TGA) Opening Balance,691824,775268,656889,I,Operating Cash Balance,Cash Balance Details,1,2024,3,2024,2,04,10
2024-04-10,Total TGA Deposits (Table II),31305,1054464,18060433,I,Operating Cash Balance,Cash Balance Details,2,2024,3,2024,2,04,10
2024-04-10,Total TGA Withdrawals (Table II) (-),50591,1157196,18044786,I,Operating Cash Balance,Cash Balance Details,3,2024,3,2024,2,04,10
2024-04-10,Treasury General Account (TGA) Closing Balance,672537,672537,672537,I,Operating Cash Balance,Cash Balance Details,4,2024,3,2024,2,04,10
2024-04-09,Treasury General Account (TGA) Opening Balance,729067,775268,656889,I,Operating Cash Balance,Cash Balance Details,1,2024,3,2024,2,04,09
2024-04-09,Total TGA Deposits (Table II),224567,1023160,18029129,I,Operating Cash Balance,Cash Balance Details,2,2024,3,2024,2,04,09
2024-04-09,Total TGA Withdrawals (Table II) (-),261811,1106604,17994194,I,Operating Cash Balance,Cash Balance Details,3,2024,3,2024,2,04,09
2024-04-09,Treasury General Account (TGA) Closing Balance,691824,691824,691824,I,Operating Cash Balance,Cash Balance Details,4,2024,3,2024,2,04,09
2024-04-08,Treasury General Account (TGA) Opening Balance,710389,775268,656889,I,Operating Cash Balance,Cash Balance Details,1,2024,3,2024,2,04,08
2024-04-08,Total TGA Deposits (Table II),35094,798593,17804561,I,Operating Cash Balance,Cash Balance Details,2,2024,3,2024,2,04,08
2024-04-08,Total TGA Withdrawals (Table II) (-),16415,844793,17732383,I,Operating Cash Balance,Cash Balance Details,3,2024,3,2024,2,04,08
2024-04-08,Treasury General Account (TGA) Closing Balance,729067,729067,729067,I,Operating Cash Balance,Cash Balance Details,4,2024,3,2024,2,04,08
2024-04-05,Treasury General Account (TGA) Opening Balance,710202,775268,656889,I,Operating Cash Balance,Cash Balance Details,1,2024,3,2024,2,04,05
2024-04-05,Total TGA Deposits (Table II),16826,763499,17769468,I,Operating Cash Balance,Cash Balance Details,2,2024,3,2024,2,04,05
2024-04-05,Total TGA Withdrawals (Table II) (-),16639,828379,17715969,I,Operating Cash Balance,Cash Balance Details,3,2024,3,2024,2,04,05
2024-04-05,Treasury General Account (TGA) Closing Balance,710389,710389,710389,I,Operating Cash Balance,Cash Balance Details,4,2024,3,2024,2,04,05
2024-04-04,Treasury General Account (TGA) Opening Balance,732828,775268,656889,I,Operating Cash Balance,Cash Balance Details,1,2024,3,2024,2,04,04
2024-04-04,Total TGA Deposits (Table II),223271,746674,17752642,I,Operating Cash Balance,Cash Balance Details,2,2024,3,2024,2,04,04
2024-04-04,Total TGA Withdrawals (Table II) (-),245897,811740,17699330,I,Operating Cash Balance,Cash Balance Details,3,2024,3,2024,2,04,04
2024-04-04,Treasury General Account (TGA) Closing Balance,710202,710202,710202,I,Operating Cash Balance,Cash Balance Details,4,2024,3,2024,2,04,04
2024-04-03,Treasury General Account (TGA) Opening Balance,760049,775268,656889,I,Operating Cash Balance,Cash Balance Details,1,2024,3,2024,2,04,03
2024-04-03,Total TGA Deposits (Table II),21042,523403,17529372,I,Operating Cash Balance,Cash Balance Details,2,2024,3,2024,2,04,03
2024-04-03,Total TGA Withdrawals (Table II) (-),48262,565843,17453433,I,Operating Cash Balance,Cash Balance Details,3,2024,3,2024,2,04,03
2024-04-03,Treasury General Account (TGA) Closing Balance,732828,732828,732828,I,Operating Cash Balance,Cash Balance Details,4,2024,3,2024,2,04,03
2024-04-02,Treasury General Account (TGA) Opening Balance,791219,775268,656889,I,Operating Cash Balance,Cash Balance Details,1,2024,3,2024,2,04,02
2024-04-02,Total TGA Deposits (Table II),234645,502361,17508330,I,Operating Cash Balance,Cash Balance Details,2,2024,3,2024,2,04,02
2024-04-02,Total TGA Withdrawals (Table II) (-),265815,517580,17405171,I,Operating Cash Balance,Cash Balance Details,3,2024,3,2024,2,04,02
2024-04-02,Treasury General Account (TGA) Closing Balance,760049,760049,760049,I,Operating Cash Balance,Cash Balance Details,4,2024,3,2024,2,04,02
2024-04-01,Treasury General Account (TGA) Opening Balance,775268,775268,656889,I,Operating Cash Balance,Cash Balance Details,1,2024,3,2024,2,04,01
2024-04-01,Total TGA Deposits (Table II),267716,267716,17273684,I,Operating Cash Balance,Cash Balance Details,2,2024,3,2024,2,04,01
2024-04-01,Total TGA Withdrawals (Table II) (-),251765,251765,17139355,I,Operating Cash Balance,Cash Balance Details,3,2024,3,2024,2,04,01
2024-04-01,Treasury General Account (TGA) Closing Balance,791219,791219,791219,I,Operating Cash Balance,Cash Balance Details,4,2024,3,2024,2,04,01
2024-03-29,Treasury General Account (TGA) Opening Balance,770655,837099,656889,I,Operating Cash Balance,Cash Balance Details,1,2024,2,2024,1,03,29
2024-03-29,Total TGA Deposits (Table II),27931,2510412,17005969,I,Operating Cash Balance,Cash Balance Details,2,2024,2,2024,1,03,29
2024-03-29,Total TGA Withdrawals (Table II) (-),23318,2572243,16887590,I,Operating Cash Balance,Cash Balance Details,3,2024,2,2024,1,03,29
2024-03-29,Treasury General Account (TGA) Closing Balance,775268,775268,775268,I,Operating Cash Balance,Cash Balance Details,4,2024,2,2024,1,03,29
2024-03-28,Treasury General Account (TGA) Opening Balance,772260,837099,656889,I,Operating Cash Balance,Cash Balance Details,1,2024,2,2024,1,03,28
2024-03-28,Total TGA Deposits (Table II),238969,2482481,16978038,I,Operating Cash Balance,Cash Balance Details,2,2024,2,2024,1,03,28
2024-03-28,Total TGA Withdrawals (Table II) (-),240574,2548924,16864272,I,Operating Cash Balance,Cash Balance Details,3,2024,2,2024,1,03,28
2024-03-28,Treasury General Account (TGA) Closing Balance,770655,770655,770655,I,Operating Cash Balance,Cash Balance Details,4,2024,2,2024,1,03,28
2024-03-27,Treasury General Account (TGA) Opening Balance,803649,837099,656889,I,Operating Cash Balance,Cash Balance Details,1,2024,2,2024,1,03,27
2024-03-27,Total TGA Deposits (Table II),21192,2243511,16739068,I,Operating Cash Balance,Cash Balance Details,2,2024,2,2024,1,03,27
2024-03-27,Total TGA Withdrawals (Table II) (-),52581,2308350,16623698,I,Operating Cash Balance,Cash Balance Details,3,2024,2,2024,1,03,27
2024-03-27,Treasury General Account (TGA) Closing Balance,772260,772260,772260,I,Operating Cash Balance,Cash Balance Details,4,2024,2,2024,1,03,27
2024-03-26,Treasury General Account (TGA) Opening Balance,821686,837099,656889,I,Operating Cash Balance,Cash Balance Details,1,2024,2,2024,1,03,26
2024-03-26,Total TGA Deposits (Table II),242502,2222319,16717876,I,Operating Cash Balance,Cash Balance Details,2,2024,2,2024,1,03,26
2024-03-26,Total TGA Withdrawals (Table II) (-),260539,2255769,16571116,I,Operating Cash Balance,Cash Balance Details,3,2024,2,2024,1,03,26
2024-03-26,Treasury General Account (TGA) Closing Balance,803649,803649,803649,I,Operating Cash Balance,Cash Balance Details,4,2024,2,2024,1,03,26
2024-03-25,Treasury General Account (TGA) Opening Balance,805042,837099,656889,I,Operating Cash Balance,Cash Balance Details,1,2024,2,2024,1,03,25
2024-03-25,Total TGA Deposits (Table II),32395,1979817,16475374,I,Operating Cash Balance,Cash Balance Details,2,2024,2,2024,1,03,25
2024-03-25,Total TGA Withdrawals (Table II) (-),15752,1995230,16310578,I,Operating Cash Balance,Cash Balance Details,3,2024,2,2024,1,03,25
2024-03-25,Treasury General Account (TGA) Closing Balance,821686,821686,821686,I,Operating Cash Balance,Cash Balance Details,4,2024,2,2024,1,03,25
2024-03-22,Treasury General Account (TGA) Opening Balance,802910,837099,656889,I,Operating Cash Balance,Cash Balance Details,1,2024,2,2024,1,03,22
2024-03-22,Total TGA Deposits (Table II),19165,1947421,16442978,I,Operating Cash Balance,Cash Balance Details,2,2024,2,2024,1,03,22
2024-03-22,Total TGA Withdrawals (Table II) (-),17033,1979478,16294826,I,Operating Cash Balance,Cash Balance Details,3,2024,2,2024,1,03,22
2024-03-22,Treasury General Account (TGA) Closing Balance,805042,805042,805042,I,Operating Cash Balance,Cash Balance Details,4,2024,2,2024,1,03,22
2024-03-21,Treasury General Account (TGA) Opening Balance,812605,837099,656889,I,Operating Cash Balance,Cash Balance Details,1,2024,2,2024,1,03,21
2024-03-21,Total TGA Deposits (Table II),274146,1928256,16423813,I,Operating Cash Balance,Cash Balance Details,2,2024,2,2024,1,03,21
2024-03-21,Total TGA Withdrawals (Table II) (-),283841,1962445,16277793,I,Operating Cash Balance,Cash Balance Details,3,2024,2,2024,1,03,21
2024-03-21,Treasury General Account (TGA) Closing Balance,802910,802910,802910,I,Operating Cash Balance,Cash Balance Details,4,2024,2,2024,1,03,21
2024-03-20,Treasury General Account (TGA) Opening Balance,844682,837099,656889,I,Operating Cash Balance,Cash Balance Details,1,2024,2,2024,1,03,20
2024-03-20,Total TGA Deposits (Table II),18187,1654110,16149668,I,Operating Cash Balance,Cash Balance Details,2,2024,2,2024,1,03,20
2024-03-20,Total TGA Withdrawals (Table II) (-),50264,1678604,15993951,I,Operating Cash Balance,Cash Balance Details,3,2024,2,2024,1,03,20
2024-03-20,Treasury General Account (TGA) Closing Balance,812605,812605,812605,I,Operating Cash Balance,Cash Balance Details,4,2024,2,2024,1,03,20
2024-03-19,Treasury General Account (TGA) Opening Balance,846001,837099,656889,I,Operating Cash Balance,Cash Balance Details,1,2024,2,2024,1,03,19
2024-03-19,Total TGA Deposits (Table II),258949,1635923,16131480,I,Operating Cash Balance,Cash Balance Details,2,2024,2,2024,1,03,19
2024-03-19,Total TGA Withdrawals (Table II) (-),260268,1628340,15943687,I,Operating Cash Balance,Cash Balance Details,3,2024,2,2024,1,03,19
2024-03-19,Treasury General Account (TGA) Closing Balance,844682,844682,844682,I,Operating Cash Balance,Cash Balance Details,4,2024,2,2024,1,03,19
2024-03-18,Treasury General Account (TGA) Opening Balance,804194,837099,656889,I,Operating Cash Balance,Cash Balance Details,1,2024,2,2024,1,03,18
2024-03-18,Total TGA Deposits (Table II),60175,1376974,15872531,I,Operating Cash Balance,Cash Balance Details,2,2024,2,2024,1,03,18
2024-03-18,Total TGA Withdrawals (Table II) (-),18369,1368072,15683419,I,Operating Cash Balance,Cash Balance Details,3,2024,2,2024,1,03,18
2024-03-18,Treasury General Account (TGA) Closing Balance,846001,846001,846001,I,Operating Cash Balance,Cash Balance Details,4,2024,2,2024,1,03,18
2024-03-15,Treasury General Account (TGA) Opening Balance,749212,837099,656889,I,Operating Cash Balance,Cash Balance Details,1,2024,2,2024,1,03,15
2024-03-15,Total TGA Deposits (Table II),148487,1316799,15812356,I,Operating Cash Balance,Cash Balance Details,2,2024,2,2024,1,03,15
2024-03-15,Total TGA Withdrawals (Table II) (-),93505,1349703,15665051,I,Operating Cash Balance,Cash Balance Details,3,2024,2,2024,1,03,15
2024-03-15,Treasury General Account (TGA) Closing Balance,804194,804194,804194,I,Operating Cash Balance,Cash Balance Details,4,2024,2,2024,1,03,15
2024-03-14,Treasury General Account (TGA) Opening Balance,748388,837099,656889,I,Operating Cash Balance,Cash Balance Details,1,2024,2,2024,1,03,14
2024-03-14,Total TGA Deposits (Table II),242029,1168312,15663869,I,Operating Cash Balance,Cash Balance Details,2,2024,2,2024,1,03,14
2024-03-14,Total TGA Withdrawals (Table II) (-),241205,1256199,15571546,I,Operating Cash Balance,Cash Balance Details,3,2024,2,2024,1,03,14
2024-03-14,Treasury General Account (TGA) Closing Balance,749212,749212,749212,I,Operating Cash Balance,Cash Balance Details,4,2024,2,2024,1,03,14
2024-03-13,Treasury General Account (TGA) Opening Balance,783745,837099,656889,I,Operating Cash Balance,Cash Balance Details,1,2024,2,2024,1,03,13
2024-03-13,Total TGA Deposits (Table II),17794,926283,15421840,I,Operating Cash Balance,Cash Balance Details,2,2024,2,2024,1,03,13
2024-03-13,Total TGA Withdrawals (Table II) (-),53152,1014994,15330341,I,Operating Cash Balance,Cash Balance Details,3,2024,2,2024,1,03,13
2024-03-13,Treasury General Account (TGA) Closing Balance,748388,748388,748388,I,Operating Cash Balance,Cash Balance Details,4,2024,2,2024,1,03,13
2024-03-12,Treasury General Account (TGA) Opening Balance,786418,837099,656889,I,Operating Cash Balance,Cash Balance Details,1,2024,2,2024,1,03,12
2024-03-12,Total TGA Deposits (Table II),256603,908488,15404045,I,Operating Cash Balance,Cash Balance Details,2,2024,2,2024,1,03,12
2024-03-12,Total TGA Withdrawals (Table II) (-),259275,961842,15277189,I,Operating Cash Balance,Cash Balance Details,3,2024,2,2024,1,03,12
2024-03-12,Treasury General Account (TGA) Closing Balance,783745,783745,783745,I,Operating Cash Balance,Cash Balance Details,4,2024,2,2024,1,03,12
2024-03-11,Treasury General Account (TGA) Opening Balance,764686,837099,656889,I,Operating Cash Balance,Cash Balance Details,1,2024,2,2024,1,03,11
2024-03-11,Total TGA Deposits (Table II),38011,651885,15147442,I,Operating Cash Balance,Cash Balance Details,2,2024,2,2024,1,03,11
2024-03-11,Total TGA Withdrawals (Table II) (-),16279,702567,15017914,I,Operating Cash Balance,Cash Balance Details,3,2024,2,2024,1,03,11
2024-03-11,Treasury General Account (TGA) Closing Balance,786418,786418,786418,I,Operating Cash Balance,Cash Balance Details,4,2024,2,2024,1,03,11
2024-03-08,Treasury General Account (TGA) Opening Balance,765974,837099,656889,I,Operating Cash Balance,Cash Balance Details,1,2024,2,2024,1,03,08
2024-03-08,Total TGA Deposits (Table II),16909,613874,15109431,I,Operating Cash Balance,Cash Balance Details,2,2024,2,2024,1,03,08
2024-03-08,Total TGA Withdrawals (Table II) (-),18197,686288,15001635,I,Operating Cash Balance,Cash Balance Details,3,2024,2,2024,1,03,08
2024-03-08,Treasury General Account (TGA) Closing Balance,764686,764686,764686,I,Operating Cash Balance,Cash Balance Details,4,2024,2,2024,1,03,08
2024-03-07,Treasury General Account (TGA) Opening Balance,760550,837099,656889,I,Operating Cash Balance,Cash Balance Details,1,2024,2,2024,1,03,07
2024-03-07,Total TGA Deposits (Table II),237611,596966,15092523,I,Operating Cash Balance,Cash Balance Details,2,2024,2,2024,1,03,07
2024-03-07,Total TGA Withdrawals (Table II) (-),232187,668091,14983438,I,Operating Cash Balance,Cash Balance Details,3,2024,2,2024,1,03,07
2024-03-07,Treasury General Account (TGA) Closing Balance,765974,765974,765974,I,Operating Cash Balance,Cash Balance Details,4,2024,2,2024,1,03,07
2024-03-06,Treasury General Account (TGA) Opening Balance,766649,837099,656889,I,Operating Cash Balance,Cash Balance Details,1,2024,2,2024,1,03,06
2024-03-06,Total TGA Deposits (Table II),20665,359354,14854911,I,Operating Cash Balance,Cash Balance Details,2,2024,2,2024,1,03,06
2024-03-06,Total TGA Withdrawals (Table II) (-),26765,435904,14751251,I,Operating Cash Balance,Cash Balance Details,3,2024,2,2024,1,03,06
2024-03-06,Treasury General Account (TGA) Closing Balance,760550,760550,760550,I,Operating Cash Balance,Cash Balance Details,4,2024,2,2024,1,03,06
2024-03-05,Treasury General Account (TGA) Opening Balance,765413,837099,656889,I,Operating Cash Balance,Cash Balance Details,1,2024,2,2024,1,03,05
2024-03-05,Total TGA Deposits (Table II),258149,338689,14834247,I,Operating Cash Balance,Cash Balance Details,2,2024,2,2024,1,03,05
2024-03-05,Total TGA Withdrawals (Table II) (-),256912,409139,14724486,I,Operating Cash Balance,Cash Balance Details,3,2024,2,2024,1,03,05
2024-03-05,Treasury General Account (TGA) Closing Balance,766649,766649,766649,I,Operating Cash Balance,Cash Balance Details,4,2024,2,2024,1,03,05
2024-03-04,Treasury General Account (TGA) Opening Balance,748140,837099,656889,I,Operating Cash Balance,Cash Balance Details,1,2024,2,2024,1,03,04
2024-03-04,Total TGA Deposits (Table II),37655,80541,14576098,I,Operating Cash Balance,Cash Balance Details,2,2024,2,2024,1,03,04
2024-03-04,Total TGA Withdrawals (Table II) (-),20383,152227,14467574,I,Operating Cash Balance,Cash Balance Details,3,2024,2,2024,1,03,04
2024-03-04,Treasury General Account (TGA) Closing Balance,765413,765413,765413,I,Operating Cash Balance,Cash Balance Details,4,2024,2,2024,1,03,04
2024-03-01,Treasury General Account (TGA) Opening Balance,837099,837099,656889,I,Operating Cash Balance,Cash Balance Details,1,2024,2,2024,1,03,01
2024-03-01,Total TGA Deposits (Table II),42885,42885,14538443,I,Operating Cash Balance,Cash Balance Details,2,2024,2,2024,1,03,01
2024-03-01,Total TGA Withdrawals (Table II) (-),131844,131844,14447191,I,Operating Cash Balance,Cash Balance Details,3,2024,2,2024,1,03,01
2024-03-01,Treasury General Account (TGA) Closing Balance,748140,748140,748140,I,Operating Cash Balance,Cash Balance Details,4,2024,2,2024,1,03,01
2024-02-29,Treasury General Account (TGA) Opening Balance,767672,865481,656889,I,Operating Cash Balance,Cash Balance Details,1,2024,2,2024,1,02,29
2024-02-29,Total TGA Deposits (Table II),456171,2995450,14495557,I,Operating Cash Balance,Cash Balance Details,2,2024,2,2024,1,02,29
2024-02-29,Total TGA Withdrawals (Table II) (-),386743,3023832,14315347,I,Operating Cash Balance,Cash Balance Details,3,2024,2,2024,1,02,29
2024-02-29,Treasury General Account (TGA) Closing Balance,837099,837099,837099,I,Operating Cash Balance,Cash Balance Details,4,2024,2,2024,1,02,29
2024-02-28,Treasury General Account (TGA) Opening Balance,808655,865481,656889,I,Operating Cash Balance,Cash Balance Details,1,2024,2,2024,1,02,28
2024-02-28,Total TGA Deposits (Table II),16633,2539279,14039387,I,Operating Cash Balance,Cash Balance Details,2,2024,2,2024,1,02,28
2024-02-28,Total TGA Withdrawals (Table II) (-),57616,2637089,13928604,I,Operating Cash Balance,Cash Balance Details,3,2024,2,2024,1,02,28
2024-02-28,Treasury General Account (TGA) Closing Balance,767672,767672,767672,I,Operating Cash Balance,Cash Balance Details,4,2024,2,2024,1,02,28
2024-02-27,Treasury General Account (TGA) Opening Balance,802419,865481,656889,I,Operating Cash Balance,Cash Balance Details,1,2024,2,2024,1,02,27
2024-02-27,Total TGA Deposits (Table II),257792,2522647,14022754,I,Operating Cash Balance,Cash Balance Details,2,2024,2,2024,1,02,27
2024-02-27,Total TGA Withdrawals (Table II) (-),251555,2579473,13870988,I,Operating Cash Balance,Cash Balance Details,3,2024,2,2024,1,02,27
2024-02-27,Treasury General Account (TGA) Closing Balance,808655,808655,808655,I,Operating Cash Balance,Cash Balance Details,4,2024,2,2024,1,02,27
2024-02-26,Treasury General Account (TGA) Opening Balance,787483,865481,656889,I,Operating Cash Balance,Cash Balance Details,1,2024,2,2024,1,02,26
2024-02-26,Total TGA Deposits (Table II),32365,2264855,13764962,I,Operating Cash Balance,Cash Balance Details,2,2024,2,2024,1,02,26
2024-02-26,Total TGA Withdrawals (Table II) (-),17429,2327917,13619433,I,Operating Cash Balance,Cash Balance Details,3,2024,2,2024,1,02,26
2024-02-26,Treasury General Account (TGA) Closing Balance,802419,802419,802419,I,Operating Cash Balance,Cash Balance Details,4,2024,2,2024,1,02,26
2024-02-23,Treasury General Account (TGA) Opening Balance,759556,865481,656889,I,Operating Cash Balance,Cash Balance Details,1,2024,2,2024,1,02,23
2024-02-23,Total TGA Deposits (Table II),48233,2232490,13732597,I,Operating Cash Balance,Cash Balance Details,2,2024,2,2024,1,02,23
2024-02-23,Total TGA Withdrawals (Table II) (-),20306,2310489,13602004,I,Operating Cash Balance,Cash Balance Details,3,2024,2,2024,1,02,23
2024-02-23,Treasury General Account (TGA) Closing Balance,787483,787483,787483,I,Operating Cash Balance,Cash Balance Details,4,2024,2,2024,1,02,23
2024-02-22,Treasury General Account (TGA) Opening Balance,788759,865481,656889,I,Operating Cash Balance,Cash Balance Details,1,2024,2,2024,1,02,22
2024-02-22,Total TGA Deposits (Table II),302642,2184257,13684364,I,Operating Cash Balance,Cash Balance Details,2,2024,2,2024,1,02,22
2024-02-22,Total TGA Withdrawals (Table II) (-),331846,2290182,13581698,I,Operating Cash Balance,Cash Balance Details,3,2024,2,2024,1,02,22
2024-02-22,Treasury General Account (TGA) Closing Balance,759556,759556,759556,I,Operating Cash Balance,Cash Balance Details,4,2024,2,2024,1,02,22
2024-02-21,Treasury General Account (TGA) Opening Balance,821629,865481,656889,I,Operating Cash Balance,Cash Balance Details,1,2024,2,2024,1,02,21
2024-02-21,Total TGA Deposits (Table II),13118,1881615,13381722,I,Operating Cash Balance,Cash Balance Details,2,2024,2,2024,1,02,21
2024-02-21,Total TGA Withdrawals (Table II) (-),45988,1958336,13249852,I,Operating Cash Balance,Cash Balance Details,3,2024,2,2024,1,02,21
2024-02-21,Treasury General Account (TGA) Closing Balance,788759,788759,788759,I,Operating Cash Balance,Cash Balance Details,4,2024,2,2024,1,02,21
2024-02-20,Treasury General Account (TGA) Opening Balance,779746,865481,656889,I,Operating Cash Balance,Cash Balance Details,1,2024,2,2024,1,02,20
2024-02-20,Total TGA Deposits (Table II),287661,1868497,13368604,I,Operating Cash Balance,Cash Balance Details,2,2024,2,2024,1,02,20
2024-02-20,Total TGA Withdrawals (Table II) (-),245778,1912349,13203864,I,Operating Cash Balance,Cash Balance Details,3,2024,2,2024,1,02,20
2024-02-20,Treasury General Account (TGA) Closing Balance,821629,821629,821629,I,Operating Cash Balance,Cash Balance Details,4,2024,2,2024,1,02,20
2024-02-16,Treasury General Account (TGA) Opening Balance,768884,865481,656889,I,Operating Cash Balance,Cash Balance Details,1,2024,2,2024,1,02,16
2024-02-16,Total TGA Deposits (Table II),31132,1580836,13080943,I,Operating Cash Balance,Cash Balance Details,2,2024,2,2024,1,02,16
2024-02-16,Total TGA Withdrawals (Table II) (-),20271,1666571,12958087,I,Operating Cash Balance,Cash Balance Details,3,2024,2,2024,1,02,16
2024-02-16,Treasury General Account (TGA) Closing Balance,779746,779746,779746,I,Operating Cash Balance,Cash Balance Details,4,2024,2,2024,1,02,16
2024-02-15,Treasury General Account (TGA) Opening Balance,831880,865481,656889,I,Operating Cash Balance,Cash Balance Details,1,2024,2,2024,1,02,15
2024-02-15,Total TGA Deposits (Table II),388098,1549703,13049811,I,Operating Cash Balance,Cash Balance Details,2,2024,2,2024,1,02,15
2024-02-15,Total TGA Withdrawals (Table II) (-),451094,1646301,12937816,I,Operating Cash Balance,Cash Balance Details,3,2024,2,2024,1,02,15
2024-02-15,Treasury General Account (TGA) Closing Balance,768884,768884,768884,I,Operating Cash Balance,Cash Balance Details,4,2024,2,2024,1,02,15
2024-02-14,Treasury General Account (TGA) Opening Balance,860356,865481,656889,I,Operating Cash Balance,Cash Balance Details,1,2024,2,2024,1,02,14
2024-02-14,Total TGA Deposits (Table II),18098,1161605,12661713,I,Operating Cash Balance,Cash Balance Details,2,2024,2,2024,1,02,14
2024-02-14,Total TGA Withdrawals (Table II) (-),46574,1195207,12486722,I,Operating Cash Balance,Cash Balance Details,3,2024,2,2024,1,02,14
2024-02-14,Treasury General Account (TGA) Closing Balance,831880,831880,831880,I,Operating Cash Balance,Cash Balance Details,4,2024,2,2024,1,02,14
2024-02-13,Treasury General Account (TGA) Opening Balance,845004,865481,656889,I,Operating Cash Balance,Cash Balance Details,1,2024,2,2024,1,02,13
2024-02-13,Total TGA Deposits (Table II),255611,1143508,12643615,I,Operating Cash Balance,Cash Balance Details,2,2024,2,2024,1,02,13
2024-02-13,Total TGA Withdrawals (Table II) (-),240259,1148633,12440148,I,Operating Cash Balance,Cash Balance Details,3,2024,2,2024,1,02,13
2024-02-13,Treasury General Account (TGA) Closing Balance,860356,860356,860356,I,Operating Cash Balance,Cash Balance Details,4,2024,2,2024,1,02,13
2024-02-12,Treasury General Account (TGA) Opening Balance,831940,865481,656889,I,Operating Cash Balance,Cash Balance Details,1,2024,2,2024,1,02,12
2024-02-12,Total TGA Deposits (Table II),29392,887897,12388004,I,Operating Cash Balance,Cash Balance Details,2,2024,2,2024,1,02,12
2024-02-12,Total TGA Withdrawals (Table II) (-),16327,908374,12199889,I,Operating Cash Balance,Cash Balance Details,3,2024,2,2024,1,02,12
2024-02-12,Treasury General Account (TGA) Closing Balance,845004,845004,845004,I,Operating Cash Balance,Cash Balance Details,4,2024,2,2024,1,02,12
2024-02-09,Treasury General Account (TGA) Opening Balance,832976,865481,656889,I,Operating Cash Balance,Cash Balance Details,1,2024,2,2024,1,02,09
2024-02-09,Total TGA Deposits (Table II),12623,858505,12358612,I,Operating Cash Balance,Cash Balance Details,2,2024,2,2024,1,02,09
2024-02-09,Total TGA Withdrawals (Table II) (-),13659,892047,12183562,I,Operating Cash Balance,Cash Balance Details,3,2024,2,2024,1,02,09
2024-02-09,Treasury General Account (TGA) Closing Balance,831940,831940,831940,I,Operating Cash Balance,Cash Balance Details,4,2024,2,2024,1,02,09
2024-02-08,Treasury General Account (TGA) Opening Balance,821575,865481,656889,I,Operating Cash Balance,Cash Balance Details,1,2024,2,2024,1,02,08
2024-02-08,Total TGA Deposits (Table II),247101,845882,12345989,I,Operating Cash Balance,Cash Balance Details,2,2024,2,2024,1,02,08
2024-02-08,Total TGA Withdrawals (Table II) (-),235701,878387,12169903,I,Operating Cash Balance,Cash Balance Details,3,2024,2,2024,1,02,08
2024-02-08,Treasury General Account (TGA) Closing Balance,832976,832976,832976,I,Operating Cash Balance,Cash Balance Details,4,2024,2,2024,1,02,08
2024-02-07,Treasury General Account (TGA) Opening Balance,820881,865481,656889,I,Operating Cash Balance,Cash Balance Details,1,2024,2,2024,1,02,07
2024-02-07,Total TGA Deposits (Table II),17842,598781,12098888,I,Operating Cash Balance,Cash Balance Details,2,2024,2,2024,1,02,07
2024-02-07,Total TGA Withdrawals (Table II) (-),17147,642687,11934202,I,Operating Cash Balance,Cash Balance Details,3,2024,2,2024,1,02,07
2024-02-07,Treasury General Account (TGA) Closing Balance,821575,821575,821575,I,Operating Cash Balance,Cash Balance Details,4,2024,2,2024,1,02,07
2024-02-06,Treasury General Account (TGA) Opening Balance,800298,865481,656889,I,Operating Cash Balance,Cash Balance Details,1,2024,2,2024,1,02,06
2024-02-06,Total TGA Deposits (Table II),257196,580939,12081047,I,Operating Cash Balance,Cash Balance Details,2,2024,2,2024,1,02,06
2024-02-06,Total TGA Withdrawals (Table II) (-),236613,625540,11917055,I,Operating Cash Balance,Cash Balance Details,3,2024,2,2024,1,02,06
2024-02-06,Treasury General Account (TGA) Closing Balance,820881,820881,820881,I,Operating Cash Balance,Cash Balance Details,4,2024,2,2024,1,02,06
2024-02-05,Treasury General Account (TGA) Opening Balance,786179,865481,656889,I,Operating Cash Balance,Cash Balance Details,1,2024,2,2024,1,02,05
2024-02-05,Total TGA Deposits (Table II),31533,323744,11823851,I,Operating Cash Balance,Cash Balance Details,2,2024,2,2024,1,02,05
2024-02-05,Total TGA Withdrawals (Table II) (-),17414,388927,11680442,I,Operating Cash Balance,Cash Balance Details,3,2024,2,2024,1,02,05
2024-02-05,Treasury General Account (TGA) Closing Balance,800298,800298,800298,I,Operating Cash Balance,Cash Balance Details,4,2024,2,2024,1,02,05
2024-02-02,Treasury General Account (TGA) Opening Balance,813657,865481,656889,I,Operating Cash Balance,Cash Balance Details,1,2024,2,2024,1,02,02
2024-02-02,Total TGA Deposits (Table II),16721,292211,11792318,I,Operating Cash Balance,Cash Balance Details,2,2024,2,2024,1,02,02
2024-02-02,Total TGA Withdrawals (Table II) (-),44198,371513,11663029,I,Operating Cash Balance,Cash Balance Details,3,2024,2,2024,1,02,02
2024-02-02,Treasury General Account (TGA) Closing Balance,786179,786179,786179,I,Operating Cash Balance,Cash Balance Details,4,2024,2,2024,1,02,02
2024-02-01,Treasury General Account (TGA) Opening Balance,865481,865481,656889,I,Operating Cash Balance,Cash Balance Details,1,2024,2,2024,1,02,01
2024-02-01,Total TGA Deposits (Table II),275490,275490,11775598,I,Operating Cash Balance,Cash Balance Details,2,2024,2,2024,1,02,01
2024-02-01,Total TGA Withdrawals (Table II) (-),327315,327315,11618830,I,Operating Cash Balance,Cash Balance Details,3,2024,2,2024,1,02,01
2024-02-01,Treasury General Account (TGA) Closing Balance,813657,813657,813657,I,Operating Cash Balance,Cash Balance Details,4,2024,2,2024,1,02,01
2024-01-31,Treasury General Account (TGA) Opening Balance,863278,768590,656889,I,Operating Cash Balance,Cash Balance Details,1,2024,2,2024,1,01,31
2024-01-31,Total TGA Deposits (Table II),245337,3167036,11500107,I,Operating Cash Balance,Cash Balance Details,2,2024,2,2024,1,01,31
2024-01-31,Total TGA Withdrawals (Table II) (-),243133,3070145,11291515,I,Operating Cash Balance,Cash Balance Details,3,2024,2,2024,1,01,31
2024-01-31,Treasury General Account (TGA) Closing Balance,865481,865481,865481,I,Operating Cash Balance,Cash Balance Details,4,2024,2,2024,1,01,31
2024-01-30,Treasury General Account (TGA) Opening Balance,843812,768590,656889,I,Operating Cash Balance,Cash Balance Details,1,2024,2,2024,1,01,30
2024-01-30,Total TGA Deposits (Table II),251686,2921699,11254770,I,Operating Cash Balance,Cash Balance Details,2,2024,2,2024,1,01,30
2024-01-30,Total TGA Withdrawals (Table II) (-),232220,2827012,11048382,I,Operating Cash Balance,Cash Balance Details,3,2024,2,2024,1,01,30
2024-01-30,Treasury General Account (TGA) Closing Balance,863278,863278,863278,I,Operating Cash Balance,Cash Balance Details,4,2024,2,2024,1,01,30
2024-01-29,Treasury General Account (TGA) Opening Balance,829406,768590,656889,I,Operating Cash Balance,Cash Balance Details,1,2024,2,2024,1,01,29
2024-01-29,Total TGA Deposits (Table II),32002,2670013,11003084,I,Operating Cash Balance,Cash Balance Details,2,2024,2,2024,1,01,29
2024-01-29,Total TGA Withdrawals (Table II) (-),17597,2594791,10816162,I,Operating Cash Balance,Cash Balance Details,3,2024,2,2024,1,01,29
2024-01-29,Treasury General Account (TGA) Closing Balance,843812,843812,843812,I,Operating Cash Balance,Cash Balance Details,4,2024,2,2024,1,01,29
2024-01-26,Treasury General Account (TGA) Opening Balance,830060,768590,656889,I,Operating Cash Balance,Cash Balance Details,1,2024,2,2024,1,01,26
2024-01-26,Total TGA Deposits (Table II),16042,2638011,10971082,I,Operating Cash Balance,Cash Balance Details,2,2024,2,2024,1,01,26
2024-01-26,Total TGA Withdrawals (Table II) (-),16695,2577194,10798565,I,Operating Cash Balance,Cash Balance Details,3,2024,2,2024,1,01,26
2024-01-26,Treasury General Account (TGA) Closing Balance,829406,829406,829406,I,Operating Cash Balance,Cash Balance Details,4,2024,2,2024,1,01,26
2024-01-25,Treasury General Account (TGA) Opening Balance,815159,768590,656889,I,Operating Cash Balance,Cash Balance Details,1,2024,2,2024,1,01,25
2024-01-25,Total TGA Deposits (Table II),286228,2621968,10955040,I,Operating Cash Balance,Cash Balance Details,2,2024,2,2024,1,01,25
2024-01-25,Total TGA Withdrawals (Table II) (-),271327,2560499,10781869,I,Operating Cash Balance,Cash Balance Details,3,2024,2,2024,1,01,25
2024-01-25,Treasury General Account (TGA) Closing Balance,830060,830060,830060,I,Operating Cash Balance,Cash Balance Details,4,2024,2,2024,1,01,25
2024-01-24,Treasury General Account (TGA) Opening Balance,818059,768590,656889,I,Operating Cash Balance,Cash Balance Details,1,2024,2,2024,1,01,24
2024-01-24,Total TGA Deposits (Table II),37020,2335741,10668812,I,Operating Cash Balance,Cash Balance Details,2,2024,2,2024,1,01,24
2024-01-24,Total TGA Withdrawals (Table II) (-),39919,2289172,10510542,I,Operating Cash Balance,Cash Balance Details,3,2024,2,2024,1,01,24
2024-01-24,Treasury General Account (TGA) Closing Balance,815159,815159,815159,I,Operating Cash Balance,Cash Balance Details,4,2024,2,2024,1,01,24
2024-01-23,Treasury General Account (TGA) Opening Balance,802545,768590,656889,I,Operating Cash Balance,Cash Balance Details,1,2024,2,2024,1,01,23
2024-01-23,Total TGA Deposits (Table II),246063,2298721,10631792,I,Operating Cash Balance,Cash Balance Details,2,2024,2,2024,1,01,23
2024-01-23,Total TGA Withdrawals (Table II) (-),230549,2249252,10470623,I,Operating Cash Balance,Cash Balance Details,3,2024,2,2024,1,01,23
2024-01-23,Treasury General Account (TGA) Closing Balance,818059,818059,818059,I,Operating Cash Balance,Cash Balance Details,4,2024,2,2024,1,01,23
2024-01-22,Treasury General Account (TGA) Opening Balance,790018,768590,656889,I,Operating Cash Balance,Cash Balance Details,1,2024,2,2024,1,01,22
2024-01-22,Total TGA Deposits (Table II),36608,2052658,10385729,I,Operating Cash Balance,Cash Balance Details,2,2024,2,2024,1,01,22
2024-01-22,Total TGA Withdrawals (Table II) (-),24081,2018703,10240074,I,Operating Cash Balance,Cash Balance Details,3,2024,2,2024,1,01,22
2024-01-22,Treasury General Account (TGA) Closing Balance,802545,802545,802545,I,Operating Cash Balance,Cash Balance Details,4,2024,2,2024,1,01,22
2024-01-19,Treasury General Account (TGA) Opening Balance,789692,768590,656889,I,Operating Cash Balance,Cash Balance Details,1,2024,2,2024,1,01,19
2024-01-19,Total TGA Deposits (Table II),19693,2016050,10349121,I,Operating Cash Balance,Cash Balance Details,2,2024,2,2024,1,01,19
2024-01-19,Total TGA Withdrawals (Table II) (-),19366,1994622,10215993,I,Operating Cash Balance,Cash Balance Details,3,2024,2,2024,1,01,19
2024-01-19,Treasury General Account (TGA) Closing Balance,790018,790018,790018,I,Operating Cash Balance,Cash Balance Details,4,2024,2,2024,1,01,19
2024-01-18,Treasury General Account (TGA) Opening Balance,773544,768590,656889,I,Operating Cash Balance,Cash Balance Details,1,2024,2,2024,1,01,18
2024-01-18,Total TGA Deposits (Table II),247257,1996357,10329429,I,Operating Cash Balance,Cash Balance Details,2,2024,2,2024,1,01,18
2024-01-18,Total TGA Withdrawals (Table II) (-),231109,1975256,10196626,I,Operating Cash Balance,Cash Balance Details,3,2024,2,2024,1,01,18
2024-01-18,Treasury General Account (TGA) Closing Balance,789692,789692,789692,I,Operating Cash Balance,Cash Balance Details,4,2024,2,2024,1,01,18
2024-01-17,Treasury General Account (TGA) Opening Balance,795304,768590,656889,I,Operating Cash Balance,Cash Balance Details,1,2024,2,2024,1,01,17
2024-01-17,Total TGA Deposits (Table II),20978,1749101,10082172,I,Operating Cash Balance,Cash Balance Details,2,2024,2,2024,1,01,17
2024-01-17,Total TGA Withdrawals (Table II) (-),42738,1744147,9965518,I,Operating Cash Balance,Cash Balance Details,3,2024,2,2024,1,01,17
2024-01-17,Treasury General Account (TGA) Closing Balance,773544,773544,773544,I,Operating Cash Balance,Cash Balance Details,4,2024,2,2024,1,01,17
2024-01-16,Treasury General Account (TGA) Opening Balance,735757,768590,656889,I,Operating Cash Balance,Cash Balance Details,1,2024,2,2024,1,01,16
2024-01-16,Total TGA Deposits (Table II),419967,1728123,10061194,I,Operating Cash Balance,Cash Balance Details,2,2024,2,2024,1,01,16
2024-01-16,Total TGA Withdrawals (Table II) (-),360419,1701409,9922779,I,Operating Cash Balance,Cash Balance Details,3,2024,2,2024,1,01,16
2024-01-16,Treasury General Account (TGA) Closing Balance,795304,795304,795304,I,Operating Cash Balance,Cash Balance Details,4,2024,2,2024,1,01,16
2024-01-12,Treasury General Account (TGA) Opening Balance,730305,768590,656889,I,Operating Cash Balance,Cash Balance Details,1,2024,2,2024,1,01,12
2024-01-12,Total TGA Deposits (Table II),29805,1308156,9641227,I,Operating Cash Balance,Cash Balance Details,2,2024,2,2024,1,01,12
2024-01-12,Total TGA Withdrawals (Table II) (-),24354,1340990,9562360,I,Operating Cash Balance,Cash Balance Details,3,2024,2,2024,1,01,12
2024-01-12,Treasury General Account (TGA) Closing Balance,735757,735757,735757,I,Operating Cash Balance,Cash Balance Details,4,2024,2,2024,1,01,12
2024-01-11,Treasury General Account (TGA) Opening Balance,727856,768590,656889,I,Operating Cash Balance,Cash Balance Details,1,2024,2,2024,1,01,11
2024-01-11,Total TGA Deposits (Table II),275223,1278351,9611422,I,Operating Cash Balance,Cash Balance Details,2,2024,2,2024,1,01,11
2024-01-11,Total TGA Withdrawals (Table II) (-),272773,1316636,9538006,I,Operating Cash Balance,Cash Balance Details,3,2024,2,2024,1,01,11
2024-01-11,Treasury General Account (TGA) Closing Balance,730305,730305,730305,I,Operating Cash Balance,Cash Balance Details,4,2024,2,2024,1,01,11
2024-01-10,Treasury General Account (TGA) Opening Balance,749407,768590,656889,I,Operating Cash Balance,Cash Balance Details,1,2024,2,2024,1,01,10
2024-01-10,Total TGA Deposits (Table II),20645,1003128,9336200,I,Operating Cash Balance,Cash Balance Details,2,2024,2,2024,1,01,10
2024-01-10,Total TGA Withdrawals (Table II) (-),42195,1043863,9265233,I,Operating Cash Balance,Cash Balance Details,3,2024,2,2024,1,01,10
2024-01-10,Treasury General Account (TGA) Closing Balance,727856,727856,727856,I,Operating Cash Balance,Cash Balance Details,4,2024,2,2024,1,01,10
2024-01-09,Treasury General Account (TGA) Opening Balance,758566,768590,656889,I,Operating Cash Balance,Cash Balance Details,1,2024,2,2024,1,01,09
2024-01-09,Total TGA Deposits (Table II),228702,982484,9315555,I,Operating Cash Balance,Cash Balance Details,2,2024,2,2024,1,01,09
2024-01-09,Total TGA Withdrawals (Table II) (-),237861,1001667,9223038,I,Operating Cash Balance,Cash Balance Details,3,2024,2,2024,1,01,09
2024-01-09,Treasury General Account (TGA) Closing Balance,749407,749407,749407,I,Operating Cash Balance,Cash Balance Details,4,2024,2,2024,1,01,09
2024-01-08,Treasury General Account (TGA) Opening Balance,747982,768590,656889,I,Operating Cash Balance,Cash Balance Details,1,2024,2,2024,1,01,08
2024-01-08,Total TGA Deposits (Table II),30561,753782,9086854,I,Operating Cash Balance,Cash Balance Details,2,2024,2,2024,1,01,08
2024-01-08,Total TGA Withdrawals (Table II) (-),19977,763807,8985177,I,Operating Cash Balance,Cash Balance Details,3,2024,2,2024,1,01,08
2024-01-08,Treasury General Account (TGA) Closing Balance,758566,758566,758566,I,Operating Cash Balance,Cash Balance Details,4,2024,2,2024,1,01,08
2024-01-05,Treasury General Account (TGA) Opening Balance,753179,768590,656889,I,Operating Cash Balance,Cash Balance Details,1,2024,2,2024,1,01,05
2024-01-05,Total TGA Deposits (Table II),14713,723221,9056292,I,Operating Cash Balance,Cash Balance Details,2,2024,2,2024,1,01,05
2024-01-05,Total TGA Withdrawals (Table II) (-),19909,743829,8965200,I,Operating Cash Balance,Cash Balance Details,3,2024,2,2024,1,01,05
2024-01-05,Treasury General Account (TGA) Closing Balance,747982,747982,747982,I,Operating Cash Balance,Cash Balance Details,4,2024,2,2024,1,01,05
2024-01-04,Treasury General Account (TGA) Opening Balance,743464,768590,656889,I,Operating Cash Balance,Cash Balance Details,1,2024,2,2024,1,01,04
2024-01-04,Total TGA Deposits (Table II),242791,708509,9041580,I,Operating Cash Balance,Cash Balance Details,2,2024,2,2024,1,01,04
2024-01-04,Total TGA Withdrawals (Table II) (-),233076,723920,8945290,I,Operating Cash Balance,Cash Balance Details,3,2024,2,2024,1,01,04
2024-01-04,Treasury General Account (TGA) Closing Balance,753179,753179,753179,I,Operating Cash Balance,Cash Balance Details,4,2024,2,2024,1,01,04
2024-01-03,Treasury General Account (TGA) Opening Balance,766340,768590,656889,I,Operating Cash Balance,Cash Balance Details,1,2024,2,2024,1,01,03
2024-01-03,Total TGA Deposits (Table II),16419,465718,8798789,I,Operating Cash Balance,Cash Balance Details,2,2024,2,2024,1,01,03
2024-01-03,Total TGA Withdrawals (Table II) (-),39295,490844,8712214,I,Operating Cash Balance,Cash Balance Details,3,2024,2,2024,1,01,03
2024-01-03,Treasury General Account (TGA) Closing Balance,743464,743464,743464,I,Operating Cash Balance,Cash Balance Details,4,2024,2,2024,1,01,03
2024-01-02,Treasury General Account (TGA) Opening Balance,768590,768590,656889,I,Operating Cash Balance,Cash Balance Details,1,2024,2,2024,1,01,02
2024-01-02,Total TGA Deposits (Table II),449299,449299,8782370,I,Operating Cash Balance,Cash Balance Details,2,2024,2,2024,1,01,02
2024-01-02,Total TGA Withdrawals (Table II) (-),451549,451549,8672919,I,Operating Cash Balance,Cash Balance Details,3,2024,2,2024,1,01,02
2024-01-02,Treasury General Account (TGA) Closing Balance,766340,766340,766340,I,Operating Cash Balance,Cash Balance Details,4,2024,2,2024,1,01,02
2023-12-29,Treasury General Account (TGA) Opening Balance,724973,758851,656889,I,Operating Cash Balance,Cash Balance Details,1,2024,1,2023,4,12,29
2023-12-29,Total TGA Deposits (Table II),85588,2446555,8333071,I,Operating Cash Balance,Cash Balance Details,2,2024,1,2023,4,12,29
2023-12-29,Total TGA Withdrawals (Table II) (-),41970,2436816,8221370,I,Operating Cash Balance,Cash Balance Details,3,2024,1,2023,4,12,29
2023-12-29,Treasury General Account (TGA) Closing Balance,768590,768590,768590,I,Operating Cash Balance,Cash Balance Details,4,2024,1,2023,4,12,29
2023-12-28,Treasury General Account (TGA) Opening Balance,713064,758851,656889,I,Operating Cash Balance,Cash Balance Details,1,2024,1,2023,4,12,28
2023-12-28,Total TGA Deposits (Table II),281556,2360967,8247483,I,Operating Cash Balance,Cash Balance Details,2,2024,1,2023,4,12,28
2023-12-28,Total TGA Withdrawals (Table II) (-),269648,2394846,8179400,I,Operating Cash Balance,Cash Balance Details,3,2024,1,2023,4,12,28
2023-12-28,Treasury General Account (TGA) Closing Balance,724973,724973,724973,I,Operating Cash Balance,Cash Balance Details,4,2024,1,2023,4,12,28
2023-12-27,Treasury General Account (TGA) Opening Balance,743365,758851,656889,I,Operating Cash Balance,Cash Balance Details,1,2024,1,2023,4,12,27
2023-12-27,Total TGA Deposits (Table II),13156,2079411,7965927,I,Operating Cash Balance,Cash Balance Details,2,2024,1,2023,4,12,27
2023-12-27,Total TGA Withdrawals (Table II) (-),43456,2125198,7909752,I,Operating Cash Balance,Cash Balance Details,3,2024,1,2023,4,12,27
2023-12-27,Treasury General Account (TGA) Closing Balance,713064,713064,713064,I,Operating Cash Balance,Cash Balance Details,4,2024,1,2023,4,12,27
2023-12-26,Treasury General Account (TGA) Opening Balance,732312,758851,656889,I,Operating Cash Balance,Cash Balance Details,1,2024,1,2023,4,12,26
2023-12-26,Total TGA Deposits (Table II),255082,2066256,7952772,I,Operating Cash Balance,Cash Balance Details,2,2024,1,2023,4,12,26
2023-12-26,Total TGA Withdrawals (Table II) (-),244029,2081742,7866296,I,Operating Cash Balance,Cash Balance Details,3,2024,1,2023,4,12,26
2023-12-26,Treasury General Account (TGA) Closing Balance,743365,743365,743365,I,Operating Cash Balance,Cash Balance Details,4,2024,1,2023,4,12,26
2023-12-22,Treasury General Account (TGA) Opening Balance,734159,758851,656889,I,Operating Cash Balance,Cash Balance Details,1,2024,1,2023,4,12,22
2023-12-22,Total TGA Deposits (Table II),23777,1811173,7697689,I,Operating Cash Balance,Cash Balance Details,2,2024,1,2023,4,12,22
2023-12-22,Total TGA Withdrawals (Table II) (-),25624,1837713,7622267,I,Operating Cash Balance,Cash Balance Details,3,2024,1,2023,4,12,22
2023-12-22,Treasury General Account (TGA) Closing Balance,732312,732312,732312,I,Operating Cash Balance,Cash Balance Details,4,2024,1,2023,4,12,22
2023-12-21,Treasury General Account (TGA) Opening Balance,732721,758851,656889,I,Operating Cash Balance,Cash Balance Details,1,2024,1,2023,4,12,21
2023-12-21,Total TGA Deposits (Table II),229634,1787397,7673913,I,Operating Cash Balance,Cash Balance Details,2,2024,1,2023,4,12,21
2023-12-21,Total TGA Withdrawals (Table II) (-),228196,1812089,7596643,I,Operating Cash Balance,Cash Balance Details,3,2024,1,2023,4,12,21
2023-12-21,Treasury General Account (TGA) Closing Balance,734159,734159,734159,I,Operating Cash Balance,Cash Balance Details,4,2024,1,2023,4,12,21
2023-12-20,Treasury General Account (TGA) Opening Balance,751089,758851,656889,I,Operating Cash Balance,Cash Balance Details,1,2024,1,2023,4,12,20
2023-12-20,Total TGA Deposits (Table II),23819,1557763,7444279,I,Operating Cash Balance,Cash Balance Details,2,2024,1,2023,4,12,20
2023-12-20,Total TGA Withdrawals (Table II) (-),42187,1583893,7368447,I,Operating Cash Balance,Cash Balance Details,3,2024,1,2023,4,12,20
2023-12-20,Treasury General Account (TGA) Closing Balance,732721,732721,732721,I,Operating Cash Balance,Cash Balance Details,4,2024,1,2023,4,12,20
2023-12-19,Treasury General Account (TGA) Opening Balance,773190,758851,656889,I,Operating Cash Balance,Cash Balance Details,1,2024,1,2023,4,12,19
2023-12-19,Total TGA Deposits (Table II),228920,1533944,7420460,I,Operating Cash Balance,Cash Balance Details,2,2024,1,2023,4,12,19
2023-12-19,Total TGA Withdrawals (Table II) (-),251020,1541706,7326260,I,Operating Cash Balance,Cash Balance Details,3,2024,1,2023,4,12,19
2023-12-19,Treasury General Account (TGA) Closing Balance,751089,751089,751089,I,Operating Cash Balance,Cash Balance Details,4,2024,1,2023,4,12,19
2023-12-18,Treasury General Account (TGA) Opening Balance,740109,758851,656889,I,Operating Cash Balance,Cash Balance Details,1,2024,1,2023,4,12,18
2023-12-18,Total TGA Deposits (Table II),48479,1305024,7191540,I,Operating Cash Balance,Cash Balance Details,2,2024,1,2023,4,12,18
2023-12-18,Total TGA Withdrawals (Table II) (-),15398,1290686,7075240,I,Operating Cash Balance,Cash Balance Details,3,2024,1,2023,4,12,18
2023-12-18,Treasury General Account (TGA) Closing Balance,773190,773190,773190,I,Operating Cash Balance,Cash Balance Details,4,2024,1,2023,4,12,18
2023-12-15,Treasury General Account (TGA) Opening Balance,648048,758851,656889,I,Operating Cash Balance,Cash Balance Details,1,2024,1,2023,4,12,15
2023-12-15,Total TGA Deposits (Table II),179534,1256545,7143061,I,Operating Cash Balance,Cash Balance Details,2,2024,1,2023,4,12,15
2023-12-15,Total TGA Withdrawals (Table II) (-),87474,1275288,7059842,I,Operating Cash Balance,Cash Balance Details,3,2024,1,2023,4,12,15
2023-12-15,Treasury General Account (TGA) Closing Balance,740109,740109,740109,I,Operating Cash Balance,Cash Balance Details,4,2024,1,2023,4,12,15
2023-12-14,Treasury General Account (TGA) Opening Balance,630618,758851,656889,I,Operating Cash Balance,Cash Balance Details,1,2024,1,2023,4,12,14
2023-12-14,Total TGA Deposits (Table II),246969,1077011,6963527,I,Operating Cash Balance,Cash Balance Details,2,2024,1,2023,4,12,14
2023-12-14,Total TGA Withdrawals (Table II) (-),229538,1187814,6972368,I,Operating Cash Balance,Cash Balance Details,3,2024,1,2023,4,12,14
2023-12-14,Treasury General Account (TGA) Closing Balance,648048,648048,648048,I,Operating Cash Balance,Cash Balance Details,4,2024,1,2023,4,12,14
2023-12-13,Treasury General Account (TGA) Opening Balance,647560,758851,656889,I,Operating Cash Balance,Cash Balance Details,1,2024,1,2023,4,12,13
2023-12-13,Total TGA Deposits (Table II),26310,830042,6716558,I,Operating Cash Balance,Cash Balance Details,2,2024,1,2023,4,12,13
2023-12-13,Total TGA Withdrawals (Table II) (-),43252,958276,6742830,I,Operating Cash Balance,Cash Balance Details,3,2024,1,2023,4,12,13
2023-12-13,Treasury General Account (TGA) Closing Balance,630618,630618,630618,I,Operating Cash Balance,Cash Balance Details,4,2024,1,2023,4,12,13
2023-12-12,Treasury General Account (TGA) Opening Balance,672734,758851,656889,I,Operating Cash Balance,Cash Balance Details,1,2024,1,2023,4,12,12
2023-12-12,Total TGA Deposits (Table II),229050,803732,6690248,I,Operating Cash Balance,Cash Balance Details,2,2024,1,2023,4,12,12
2023-12-12,Total TGA Withdrawals (Table II) (-),254224,915023,6699577,I,Operating Cash Balance,Cash Balance Details,3,2024,1,2023,4,12,12
2023-12-12,Treasury General Account (TGA) Closing Balance,647560,647560,647560,I,Operating Cash Balance,Cash Balance Details,4,2024,1,2023,4,12,12
2023-12-11,Treasury General Account (TGA) Opening Balance,663322,758851,656889,I,Operating Cash Balance,Cash Balance Details,1,2024,1,2023,4,12,11
2023-12-11,Total TGA Deposits (Table II),30148,574682,6461198,I,Operating Cash Balance,Cash Balance Details,2,2024,1,2023,4,12,11
2023-12-11,Total TGA Withdrawals (Table II) (-),20736,660799,6445353,I,Operating Cash Balance,Cash Balance Details,3,2024,1,2023,4,12,11
2023-12-11,Treasury General Account (TGA) Closing Balance,672734,672734,672734,I,Operating Cash Balance,Cash Balance Details,4,2024,1,2023,4,12,11
2023-12-08,Treasury General Account (TGA) Opening Balance,668198,758851,656889,I,Operating Cash Balance,Cash Balance Details,1,2024,1,2023,4,12,08
2023-12-08,Total TGA Deposits (Table II),14850,544534,6431050,I,Operating Cash Balance,Cash Balance Details,2,2024,1,2023,4,12,08
2023-12-08,Total TGA Withdrawals (Table II) (-),19726,640063,6424617,I,Operating Cash Balance,Cash Balance Details,3,2024,1,2023,4,12,08
2023-12-08,Treasury General Account (TGA) Closing Balance,663322,663322,663322,I,Operating Cash Balance,Cash Balance Details,4,2024,1,2023,4,12,08
2023-12-07,Treasury General Account (TGA) Opening Balance,667678,758851,656889,I,Operating Cash Balance,Cash Balance Details,1,2024,1,2023,4,12,07
2023-12-07,Total TGA Deposits (Table II),222297,529684,6416200,I,Operating Cash Balance,Cash Balance Details,2,2024,1,2023,4,12,07
2023-12-07,Total TGA Withdrawals (Table II) (-),221778,620337,6404891,I,Operating Cash Balance,Cash Balance Details,3,2024,1,2023,4,12,07
2023-12-07,Treasury General Account (TGA) Closing Balance,668198,668198,668198,I,Operating Cash Balance,Cash Balance Details,4,2024,1,2023,4,12,07
2023-12-06,Treasury General Account (TGA) Opening Balance,664742,758851,656889,I,Operating Cash Balance,Cash Balance Details,1,2024,1,2023,4,12,06
2023-12-06,Total TGA Deposits (Table II),18415,307387,6193903,I,Operating Cash Balance,Cash Balance Details,2,2024,1,2023,4,12,06
2023-12-06,Total TGA Withdrawals (Table II) (-),15478,398560,6183114,I,Operating Cash Balance,Cash Balance Details,3,2024,1,2023,4,12,06
2023-12-06,Treasury General Account (TGA) Closing Balance,667678,667678,667678,I,Operating Cash Balance,Cash Balance Details,4,2024,1,2023,4,12,06
2023-12-05,Treasury General Account (TGA) Opening Balance,681693,758851,656889,I,Operating Cash Balance,Cash Balance Details,1,2024,1,2023,4,12,05
2023-12-05,Total TGA Deposits (Table II),227123,288972,6175488,I,Operating Cash Balance,Cash Balance Details,2,2024,1,2023,4,12,05
2023-12-05,Total TGA Withdrawals (Table II) (-),244074,383081,6167635,I,Operating Cash Balance,Cash Balance Details,3,2024,1,2023,4,12,05
2023-12-05,Treasury General Account (TGA) Closing Balance,664742,664742,664742,I,Operating Cash Balance,Cash Balance Details,4,2024,1,2023,4,12,05
2023-12-04,Treasury General Account (TGA) Opening Balance,668199,758851,656889,I,Operating Cash Balance,Cash Balance Details,1,2024,1,2023,4,12,04
2023-12-04,Total TGA Deposits (Table II),28785,61849,5948365,I,Operating Cash Balance,Cash Balance Details,2,2024,1,2023,4,12,04
2023-12-04,Total TGA Withdrawals (Table II) (-),15291,139008,5923562,I,Operating Cash Balance,Cash Balance Details,3,2024,1,2023,4,12,04
2023-12-04,Treasury General Account (TGA) Closing Balance,681693,681693,681693,I,Operating Cash Balance,Cash Balance Details,4,2024,1,2023,4,12,04
2023-12-01,Treasury General Account (TGA) Opening Balance,758851,758851,656889,I,Operating Cash Balance,Cash Balance Details,1,2024,1,2023,4,12,01
2023-12-01,Total TGA Deposits (Table II),33064,33064,5919580,I,Operating Cash Balance,Cash Balance Details,2,2024,1,2023,4,12,01
2023-12-01,Total TGA Withdrawals (Table II) (-),123717,123717,5908271,I,Operating Cash Balance,Cash Balance Details,3,2024,1,2023,4,12,01
2023-12-01,Treasury General Account (TGA) Closing Balance,668199,668199,668199,I,Operating Cash Balance,Cash Balance Details,4,2024,1,2023,4,12,01
2023-11-30,Treasury General Account (TGA) Opening Balance,753570,832412,656889,I,Operating Cash Balance,Cash Balance Details,1,2024,1,2023,4,11,30
2023-11-30,Total TGA Deposits (Table II),459410,2867358,5886516,I,Operating Cash Balance,Cash Balance Details,2,2024,1,2023,4,11,30
2023-11-30,Total TGA Withdrawals (Table II) (-),454128,2940919,5784554,I,Operating Cash Balance,Cash Balance Details,3,2024,1,2023,4,11,30
2023-11-30,Treasury General Account (TGA) Closing Balance,758851,758851,758851,I,Operating Cash Balance,Cash Balance Details,4,2024,1,2023,4,11,30
2023-11-29,Treasury General Account (TGA) Opening Balance,750724,832412,656889,I,Operating Cash Balance,Cash Balance Details,1,2024,1,2023,4,11,29
2023-11-29,Total TGA Deposits (Table II),18419,2407948,5427106,I,Operating Cash Balance,Cash Balance Details,2,2024,1,2023,4,11,29
2023-11-29,Total TGA Withdrawals (Table II) (-),15574,2486790,5330426,I,Operating Cash Balance,Cash Balance Details,3,2024,1,2023,4,11,29
2023-11-29,Treasury General Account (TGA) Closing Balance,753570,753570,753570,I,Operating Cash Balance,Cash Balance Details,4,2024,1,2023,4,11,29
2023-11-28,Treasury General Account (TGA) Opening Balance,753486,832412,656889,I,Operating Cash Balance,Cash Balance Details,1,2024,1,2023,4,11,28
2023-11-28,Total TGA Deposits (Table II),233119,2389529,5408687,I,Operating Cash Balance,Cash Balance Details,2,2024,1,2023,4,11,28
2023-11-28,Total TGA Withdrawals (Table II) (-),235881,2471217,5314852,I,Operating Cash Balance,Cash Balance Details,3,2024,1,2023,4,11,28
2023-11-28,Treasury General Account (TGA) Closing Balance,750724,750724,750724,I,Operating Cash Balance,Cash Balance Details,4,2024,1,2023,4,11,28
2023-11-27,Treasury General Account (TGA) Opening Balance,741224,832412,656889,I,Operating Cash Balance,Cash Balance Details,1,2024,1,2023,4,11,27
2023-11-27,Total TGA Deposits (Table II),25939,2156409,5175568,I,Operating Cash Balance,Cash Balance Details,2,2024,1,2023,4,11,27
2023-11-27,Total TGA Withdrawals (Table II) (-),13677,2235336,5078971,I,Operating Cash Balance,Cash Balance Details,3,2024,1,2023,4,11,27
2023-11-27,Treasury General Account (TGA) Closing Balance,753486,753486,753486,I,Operating Cash Balance,Cash Balance Details,4,2024,1,2023,4,11,27
2023-11-24,Treasury General Account (TGA) Opening Balance,693007,832412,656889,I,Operating Cash Balance,Cash Balance Details,1,2024,1,2023,4,11,24
2023-11-24,Total TGA Deposits (Table II),274448,2130471,5149629,I,Operating Cash Balance,Cash Balance Details,2,2024,1,2023,4,11,24
2023-11-24,Total TGA Withdrawals (Table II) (-),226231,2221658,5065294,I,Operating Cash Balance,Cash Balance Details,3,2024,1,2023,4,11,24
2023-11-24,Treasury General Account (TGA) Closing Balance,741224,741224,741224,I,Operating Cash Balance,Cash Balance Details,4,2024,1,2023,4,11,24
2023-11-22,Treasury General Account (TGA) Opening Balance,728200,832412,656889,I,Operating Cash Balance,Cash Balance Details,1,2024,1,2023,4,11,22
2023-11-22,Total TGA Deposits (Table II),20346,1856022,4875180,I,Operating Cash Balance,Cash Balance Details,2,2024,1,2023,4,11,22
2023-11-22,Total TGA Withdrawals (Table II) (-),55539,1995427,4839063,I,Operating Cash Balance,Cash Balance Details,3,2024,1,2023,4,11,22
2023-11-22,Treasury General Account (TGA) Closing Balance,693007,693007,693007,I,Operating Cash Balance,Cash Balance Details,4,2024,1,2023,4,11,22
2023-11-21,Treasury General Account (TGA) Opening Balance,713770,832412,656889,I,Operating Cash Balance,Cash Balance Details,1,2024,1,2023,4,11,21
2023-11-21,Total TGA Deposits (Table II),248491,1835676,4854834,I,Operating Cash Balance,Cash Balance Details,2,2024,1,2023,4,11,21
2023-11-21,Total TGA Withdrawals (Table II) (-),234061,1939889,4783524,I,Operating Cash Balance,Cash Balance Details,3,2024,1,2023,4,11,21
2023-11-21,Treasury General Account (TGA) Closing Balance,728200,728200,728200,I,Operating Cash Balance,Cash Balance Details,4,2024,1,2023,4,11,21
2023-11-20,Treasury General Account (TGA) Opening Balance,702626,832412,656889,I,Operating Cash Balance,Cash Balance Details,1,2024,1,2023,4,11,20
2023-11-20,Total TGA Deposits (Table II),26042,1587186,4606344,I,Operating Cash Balance,Cash Balance Details,2,2024,1,2023,4,11,20
2023-11-20,Total TGA Withdrawals (Table II) (-),14898,1705827,4549463,I,Operating Cash Balance,Cash Balance Details,3,2024,1,2023,4,11,20
2023-11-20,Treasury General Account (TGA) Closing Balance,713770,713770,713770,I,Operating Cash Balance,Cash Balance Details,4,2024,1,2023,4,11,20
2023-11-17,Treasury General Account (TGA) Opening Balance,699261,832412,656889,I,Operating Cash Balance,Cash Balance Details,1,2024,1,2023,4,11,17
2023-11-17,Total TGA Deposits (Table II),16317,1561144,4580302,I,Operating Cash Balance,Cash Balance Details,2,2024,1,2023,4,11,17
2023-11-17,Total TGA Withdrawals (Table II) (-),12952,1690929,4534565,I,Operating Cash Balance,Cash Balance Details,3,2024,1,2023,4,11,17
2023-11-17,Treasury General Account (TGA) Closing Balance,702626,702626,702626,I,Operating Cash Balance,Cash Balance Details,4,2024,1,2023,4,11,17
2023-11-16,Treasury General Account (TGA) Opening Balance,669976,832412,656889,I,Operating Cash Balance,Cash Balance Details,1,2024,1,2023,4,11,16
2023-11-16,Total TGA Deposits (Table II),251278,1544826,4563985,I,Operating Cash Balance,Cash Balance Details,2,2024,1,2023,4,11,16
2023-11-16,Total TGA Withdrawals (Table II) (-),221994,1677978,4521613,I,Operating Cash Balance,Cash Balance Details,3,2024,1,2023,4,11,16
2023-11-16,Treasury General Account (TGA) Closing Balance,699261,699261,699261,I,Operating Cash Balance,Cash Balance Details,4,2024,1,2023,4,11,16
2023-11-15,Treasury General Account (TGA) Opening Balance,771735,832412,656889,I,Operating Cash Balance,Cash Balance Details,1,2024,1,2023,4,11,15
2023-11-15,Total TGA Deposits (Table II),137685,1293548,4312706,I,Operating Cash Balance,Cash Balance Details,2,2024,1,2023,4,11,15
2023-11-15,Total TGA Withdrawals (Table II) (-),239444,1455984,4299619,I,Operating Cash Balance,Cash Balance Details,3,2024,1,2023,4,11,15
2023-11-15,Treasury General Account (TGA) Closing Balance,669976,669976,669976,I,Operating Cash Balance,Cash Balance Details,4,2024,1,2023,4,11,15
2023-11-14,Treasury General Account (TGA) Opening Balance,756859,832412,656889,I,Operating Cash Balance,Cash Balance Details,1,2024,1,2023,4,11,14
2023-11-14,Total TGA Deposits (Table II),250280,1155863,4175022,I,Operating Cash Balance,Cash Balance Details,2,2024,1,2023,4,11,14
2023-11-14,Total TGA Withdrawals (Table II) (-),235404,1216540,4060176,I,Operating Cash Balance,Cash Balance Details,3,2024,1,2023,4,11,14
2023-11-14,Treasury General Account (TGA) Closing Balance,771735,771735,771735,I,Operating Cash Balance,Cash Balance Details,4,2024,1,2023,4,11,14
2023-11-13,Treasury General Account (TGA) Opening Balance,742834,832412,656889,I,Operating Cash Balance,Cash Balance Details,1,2024,1,2023,4,11,13
2023-11-13,Total TGA Deposits (Table II),29976,905583,3924741,I,Operating Cash Balance,Cash Balance Details,2,2024,1,2023,4,11,13
2023-11-13,Total TGA Withdrawals (Table II) (-),15951,981137,3824772,I,Operating Cash Balance,Cash Balance Details,3,2024,1,2023,4,11,13
2023-11-13,Treasury General Account (TGA) Closing Balance,756859,756859,756859,I,Operating Cash Balance,Cash Balance Details,4,2024,1,2023,4,11,13
2023-11-10,Treasury General Account (TGA) Opening Balance,742861,832412,656889,I,Operating Cash Balance,Cash Balance Details,1,2024,1,2023,4,11,10
2023-11-10,Total TGA Deposits (Table II),10369,875608,3894766,I,Operating Cash Balance,Cash Balance Details,2,2024,1,2023,4,11,10
2023-11-10,Total TGA Withdrawals (Table II) (-),10396,965185,3808821,I,Operating Cash Balance,Cash Balance Details,3,2024,1,2023,4,11,10
2023-11-10,Treasury General Account (TGA) Closing Balance,742834,742834,742834,I,Operating Cash Balance,Cash Balance Details,4,2024,1,2023,4,11,10
2023-11-09,Treasury General Account (TGA) Opening Balance,763459,832412,656889,I,Operating Cash Balance,Cash Balance Details,1,2024,1,2023,4,11,09
2023-11-09,Total TGA Deposits (Table II),236604,865238,3884397,I,Operating Cash Balance,Cash Balance Details,2,2024,1,2023,4,11,09
2023-11-09,Total TGA Withdrawals (Table II) (-),257201,954789,3798425,I,Operating Cash Balance,Cash Balance Details,3,2024,1,2023,4,11,09
2023-11-09,Treasury General Account (TGA) Closing Balance,742861,742861,742861,I,Operating Cash Balance,Cash Balance Details,4,2024,1,2023,4,11,09
2023-11-08,Treasury General Account (TGA) Opening Balance,792916,832412,656889,I,Operating Cash Balance,Cash Balance Details,1,2024,1,2023,4,11,08
2023-11-08,Total TGA Deposits (Table II),16181,628635,3647793,I,Operating Cash Balance,Cash Balance Details,2,2024,1,2023,4,11,08
2023-11-08,Total TGA Withdrawals (Table II) (-),45638,697588,3541223,I,Operating Cash Balance,Cash Balance Details,3,2024,1,2023,4,11,08
2023-11-08,Treasury General Account (TGA) Closing Balance,763459,763459,763459,I,Operating Cash Balance,Cash Balance Details,4,2024,1,2023,4,11,08
2023-11-07,Treasury General Account (TGA) Opening Balance,774170,832412,656889,I,Operating Cash Balance,Cash Balance Details,1,2024,1,2023,4,11,07
2023-11-07,Total TGA Deposits (Table II),246586,612454,3631612,I,Operating Cash Balance,Cash Balance Details,2,2024,1,2023,4,11,07
2023-11-07,Total TGA Withdrawals (Table II) (-),227841,651950,3495585,I,Operating Cash Balance,Cash Balance Details,3,2024,1,2023,4,11,07
2023-11-07,Treasury General Account (TGA) Closing Balance,792916,792916,792916,I,Operating Cash Balance,Cash Balance Details,4,2024,1,2023,4,11,07
2023-11-06,Treasury General Account (TGA) Opening Balance,763377,832412,656889,I,Operating Cash Balance,Cash Balance Details,1,2024,1,2023,4,11,06
2023-11-06,Total TGA Deposits (Table II),24573,365868,3385026,I,Operating Cash Balance,Cash Balance Details,2,2024,1,2023,4,11,06
2023-11-06,Total TGA Withdrawals (Table II) (-),13780,424110,3267745,I,Operating Cash Balance,Cash Balance Details,3,2024,1,2023,4,11,06
2023-11-06,Treasury General Account (TGA) Closing Balance,774170,774170,774170,I,Operating Cash Balance,Cash Balance Details,4,2024,1,2023,4,11,06
2023-11-03,Treasury General Account (TGA) Opening Balance,788127,832412,656889,I,Operating Cash Balance,Cash Balance Details,1,2024,1,2023,4,11,03
2023-11-03,Total TGA Deposits (Table II),14449,341294,3360453,I,Operating Cash Balance,Cash Balance Details,2,2024,1,2023,4,11,03
2023-11-03,Total TGA Withdrawals (Table II) (-),39199,410329,3253965,I,Operating Cash Balance,Cash Balance Details,3,2024,1,2023,4,11,03
2023-11-03,Treasury General Account (TGA) Closing Balance,763377,763377,763377,I,Operating Cash Balance,Cash Balance Details,4,2024,1,2023,4,11,03
2023-11-02,Treasury General Account (TGA) Opening Balance,753008,832412,656889,I,Operating Cash Balance,Cash Balance Details,1,2024,1,2023,4,11,02
2023-11-02,Total TGA Deposits (Table II),290379,326845,3346004,I,Operating Cash Balance,Cash Balance Details,2,2024,1,2023,4,11,02
2023-11-02,Total TGA Withdrawals (Table II) (-),255259,371130,3214765,I,Operating Cash Balance,Cash Balance Details,3,2024,1,2023,4,11,02
2023-11-02,Treasury General Account (TGA) Closing Balance,788127,788127,788127,I,Operating Cash Balance,Cash Balance Details,4,2024,1,2023,4,11,02
2023-11-01,Treasury General Account (TGA) Opening Balance,832412,832412,656889,I,Operating Cash Balance,Cash Balance Details,1,2024,1,2023,4,11,01
2023-11-01,Total TGA Deposits (Table II),36466,36466,3055625,I,Operating Cash Balance,Cash Balance Details,2,2024,1,2023,4,11,01
2023-11-01,Total TGA Withdrawals (Table II) (-),115871,115871,2959506,I,Operating Cash Balance,Cash Balance Details,3,2024,1,2023,4,11,01
2023-11-01,Treasury General Account (TGA) Closing Balance,753008,753008,753008,I,Operating Cash Balance,Cash Balance Details,4,2024,1,2023,4,11,01
2023-10-31,Treasury General Account (TGA) Opening Balance,837969,656889,656889,I,Operating Cash Balance,Cash Balance Details,1,2024,1,2023,4,10,31
2023-10-31,Total TGA Deposits (Table II),454211,3019158,3019158,I,Operating Cash Balance,Cash Balance Details,2,2024,1,2023,4,10,31
2023-10-31,Total TGA Withdrawals (Table II) (-),459768,2843635,2843635,I,Operating Cash Balance,Cash Balance Details,3,2024,1,2023,4,10,31
2023-10-31,Treasury General Account (TGA) Closing Balance,832412,832412,832412,I,Operating Cash Balance,Cash Balance Details,4,2024,1,2023,4,10,31
2023-10-30,Treasury General Account (TGA) Opening Balance,828313,656889,656889,I,Operating Cash Balance,Cash Balance Details,1,2024,1,2023,4,10,30
2023-10-30,Total TGA Deposits (Table II),28120,2564947,2564947,I,Operating Cash Balance,Cash Balance Details,2,2024,1,2023,4,10,30
2023-10-30,Total TGA Withdrawals (Table II) (-),18464,2383868,2383868,I,Operating Cash Balance,Cash Balance Details,3,2024,1,2023,4,10,30
2023-10-30,Treasury General Account (TGA) Closing Balance,837969,837969,837969,I,Operating Cash Balance,Cash Balance Details,4,2024,1,2023,4,10,30
2023-10-27,Treasury General Account (TGA) Opening Balance,835081,656889,656889,I,Operating Cash Balance,Cash Balance Details,1,2024,1,2023,4,10,27
2023-10-27,Total TGA Deposits (Table II),15280,2536827,2536827,I,Operating Cash Balance,Cash Balance Details,2,2024,1,2023,4,10,27
2023-10-27,Total TGA Withdrawals (Table II) (-),22048,2365404,2365404,I,Operating Cash Balance,Cash Balance Details,3,2024,1,2023,4,10,27
2023-10-27,Treasury General Account (TGA) Closing Balance,828313,828313,828313,I,Operating Cash Balance,Cash Balance Details,4,2024,1,2023,4,10,27
2023-10-26,Treasury General Account (TGA) Opening Balance,847717,656889,656889,I,Operating Cash Balance,Cash Balance Details,1,2024,1,2023,4,10,26
2023-10-26,Total TGA Deposits (Table II),234988,2521548,2521548,I,Operating Cash Balance,Cash Balance Details,2,2024,1,2023,4,10,26
2023-10-26,Total TGA Withdrawals (Table II) (-),247625,2343356,2343356,I,Operating Cash Balance,Cash Balance Details,3,2024,1,2023,4,10,26
2023-10-26,Treasury General Account (TGA) Closing Balance,835081,835081,835081,I,Operating Cash Balance,Cash Balance Details,4,2024,1,2023,4,10,26
2023-10-25,Treasury General Account (TGA) Opening Balance,870378,656889,656889,I,Operating Cash Balance,Cash Balance Details,1,2024,1,2023,4,10,25
2023-10-25,Total TGA Deposits (Table II),20023,2286559,2286559,I,Operating Cash Balance,Cash Balance Details,2,2024,1,2023,4,10,25
2023-10-25,Total TGA Withdrawals (Table II) (-),42684,2095732,2095732,I,Operating Cash Balance,Cash Balance Details,3,2024,1,2023,4,10,25
2023-10-25,Treasury General Account (TGA) Closing Balance,847717,847717,847717,I,Operating Cash Balance,Cash Balance Details,4,2024,1,2023,4,10,25
2023-10-24,Treasury General Account (TGA) Opening Balance,834758,656889,656889,I,Operating Cash Balance,Cash Balance Details,1,2024,1,2023,4,10,24
2023-10-24,Total TGA Deposits (Table II),252656,2266536,2266536,I,Operating Cash Balance,Cash Balance Details,2,2024,1,2023,4,10,24
2023-10-24,Total TGA Withdrawals (Table II) (-),217036,2053047,2053047,I,Operating Cash Balance,Cash Balance Details,3,2024,1,2023,4,10,24
2023-10-24,Treasury General Account (TGA) Closing Balance,870378,870378,870378,I,Operating Cash Balance,Cash Balance Details,4,2024,1,2023,4,10,24
2023-10-23,Treasury General Account (TGA) Opening Balance,819841,656889,656889,I,Operating Cash Balance,Cash Balance Details,1,2024,1,2023,4,10,23
2023-10-23,Total TGA Deposits (Table II),29155,2013880,2013880,I,Operating Cash Balance,Cash Balance Details,2,2024,1,2023,4,10,23
2023-10-23,Total TGA Withdrawals (Table II) (-),14237,1836011,1836011,I,Operating Cash Balance,Cash Balance Details,3,2024,1,2023,4,10,23
2023-10-23,Treasury General Account (TGA) Closing Balance,834758,834758,834758,I,Operating Cash Balance,Cash Balance Details,4,2024,1,2023,4,10,23
2023-10-20,Treasury General Account (TGA) Opening Balance,828553,656889,656889,I,Operating Cash Balance,Cash Balance Details,1,2024,1,2023,4,10,20
2023-10-20,Total TGA Deposits (Table II),14343,1984726,1984726,I,Operating Cash Balance,Cash Balance Details,2,2024,1,2023,4,10,20
2023-10-20,Total TGA Withdrawals (Table II) (-),23055,1821774,1821774,I,Operating Cash Balance,Cash Balance Details,3,2024,1,2023,4,10,20
2023-10-20,Treasury General Account (TGA) Closing Balance,819841,819841,819841,I,Operating Cash Balance,Cash Balance Details,4,2024,1,2023,4,10,20
2023-10-19,Treasury General Account (TGA) Opening Balance,841103,656889,656889,I,Operating Cash Balance,Cash Balance Details,1,2024,1,2023,4,10,19
2023-10-19,Total TGA Deposits (Table II),236119,1970383,1970383,I,Operating Cash Balance,Cash Balance Details,2,2024,1,2023,4,10,19
2023-10-19,Total TGA Withdrawals (Table II) (-),248670,1798720,1798720,I,Operating Cash Balance,Cash Balance Details,3,2024,1,2023,4,10,19
2023-10-19,Treasury General Account (TGA) Closing Balance,828553,828553,828553,I,Operating Cash Balance,Cash Balance Details,4,2024,1,2023,4,10,19
2023-10-18,Treasury General Account (TGA) Opening Balance,857495,656889,656889,I,Operating Cash Balance,Cash Balance Details,1,2024,1,2023,4,10,18
2023-10-18,Total TGA Deposits (Table II),22481,1734263,1734263,I,Operating Cash Balance,Cash Balance Details,2,2024,1,2023,4,10,18
2023-10-18,Total TGA Withdrawals (Table II) (-),38874,1550050,1550050,I,Operating Cash Balance,Cash Balance Details,3,2024,1,2023,4,10,18
2023-10-18,Treasury General Account (TGA) Closing Balance,841103,841103,841103,I,Operating Cash Balance,Cash Balance Details,4,2024,1,2023,4,10,18
2023-10-17,Treasury General Account (TGA) Opening Balance,815980,656889,656889,I,Operating Cash Balance,Cash Balance Details,1,2024,1,2023,4,10,17
2023-10-17,Total TGA Deposits (Table II),256208,1711782,1711782,I,Operating Cash Balance,Cash Balance Details,2,2024,1,2023,4,10,17
2023-10-17,Total TGA Withdrawals (Table II) (-),214692,1511176,1511176,I,Operating Cash Balance,Cash Balance Details,3,2024,1,2023,4,10,17
2023-10-17,Treasury General Account (TGA) Closing Balance,857495,857495,857495,I,Operating Cash Balance,Cash Balance Details,4,2024,1,2023,4,10,17
2023-10-16,Treasury General Account (TGA) Opening Balance,702519,656889,656889,I,Operating Cash Balance,Cash Balance Details,1,2024,1,2023,4,10,16
2023-10-16,Total TGA Deposits (Table II),188042,1455574,1455574,I,Operating Cash Balance,Cash Balance Details,2,2024,1,2023,4,10,16
2023-10-16,Total TGA Withdrawals (Table II) (-),74581,1296484,1296484,I,Operating Cash Balance,Cash Balance Details,3,2024,1,2023,4,10,16
2023-10-16,Treasury General Account (TGA) Closing Balance,815980,815980,815980,I,Operating Cash Balance,Cash Balance Details,4,2024,1,2023,4,10,16
2023-10-13,Treasury General Account (TGA) Opening Balance,697013,656889,656889,I,Operating Cash Balance,Cash Balance Details,1,2024,1,2023,4,10,13
2023-10-13,Total TGA Deposits (Table II),30421,1267532,1267532,I,Operating Cash Balance,Cash Balance Details,2,2024,1,2023,4,10,13
2023-10-13,Total TGA Withdrawals (Table II) (-),24916,1221903,1221903,I,Operating Cash Balance,Cash Balance Details,3,2024,1,2023,4,10,13
2023-10-13,Treasury General Account (TGA) Closing Balance,702519,702519,702519,I,Operating Cash Balance,Cash Balance Details,4,2024,1,2023,4,10,13
2023-10-12,Treasury General Account (TGA) Opening Balance,713000,656889,656889,I,Operating Cash Balance,Cash Balance Details,1,2024,1,2023,4,10,12
2023-10-12,Total TGA Deposits (Table II),239937,1237111,1237111,I,Operating Cash Balance,Cash Balance Details,2,2024,1,2023,4,10,12
2023-10-12,Total TGA Withdrawals (Table II) (-),255924,1196987,1196987,I,Operating Cash Balance,Cash Balance Details,3,2024,1,2023,4,10,12
2023-10-12,Treasury General Account (TGA) Closing Balance,697013,697013,697013,I,Operating Cash Balance,Cash Balance Details,4,2024,1,2023,4,10,12
2023-10-11,Treasury General Account (TGA) Opening Balance,743996,656889,656889,I,Operating Cash Balance,Cash Balance Details,1,2024,1,2023,4,10,11
2023-10-11,Total TGA Deposits (Table II),16677,997174,997174,I,Operating Cash Balance,Cash Balance Details,2,2024,1,2023,4,10,11
2023-10-11,Total TGA Withdrawals (Table II) (-),47673,941063,941063,I,Operating Cash Balance,Cash Balance Details,3,2024,1,2023,4,10,11
2023-10-11,Treasury General Account (TGA) Closing Balance,713000,713000,713000,I,Operating Cash Balance,Cash Balance Details,4,2024,1,2023,4,10,11
2023-10-10,Treasury General Account (TGA) Opening Balance,701735,656889,656889,I,Operating Cash Balance,Cash Balance Details,1,2024,1,2023,4,10,10
2023-10-10,Total TGA Deposits (Table II),255806,980496,980496,I,Operating Cash Balance,Cash Balance Details,2,2024,1,2023,4,10,10
2023-10-10,Total TGA Withdrawals (Table II) (-),213546,893390,893390,I,Operating Cash Balance,Cash Balance Details,3,2024,1,2023,4,10,10
2023-10-10,Treasury General Account (TGA) Closing Balance,743996,743996,743996,I,Operating Cash Balance,Cash Balance Details,4,2024,1,2023,4,10,10
2023-10-06,Treasury General Account (TGA) Opening Balance,700182,656889,656889,I,Operating Cash Balance,Cash Balance Details,1,2024,1,2023,4,10,06
2023-10-06,Total TGA Deposits (Table II),16050,724690,724690,I,Operating Cash Balance,Cash Balance Details,2,2024,1,2023,4,10,06
2023-10-06,Total TGA Withdrawals (Table II) (-),14497,679845,679845,I,Operating Cash Balance,Cash Balance Details,3,2024,1,2023,4,10,06
2023-10-06,Treasury General Account (TGA) Closing Balance,701735,701735,701735,I,Operating Cash Balance,Cash Balance Details,4,2024,1,2023,4,10,06
2023-10-05,Treasury General Account (TGA) Opening Balance,678959,656889,656889,I,Operating Cash Balance,Cash Balance Details,1,2024,1,2023,4,10,05
2023-10-05,Total TGA Deposits (Table II),263620,708640,708640,I,Operating Cash Balance,Cash Balance Details,2,2024,1,2023,4,10,05
2023-10-05,Total TGA Withdrawals (Table II) (-),242397,665348,665348,I,Operating Cash Balance,Cash Balance Details,3,2024,1,2023,4,10,05
2023-10-05,Treasury General Account (TGA) Closing Balance,700182,700182,700182,I,Operating Cash Balance,Cash Balance Details,4,2024,1,2023,4,10,05
2023-10-04,Treasury General Account (TGA) Opening Balance,675324,656889,656889,I,Operating Cash Balance,Cash Balance Details,1,2024,1,2023,4,10,04
2023-10-04,Total TGA Deposits (Table II),19915,445020,445020,I,Operating Cash Balance,Cash Balance Details,2,2024,1,2023,4,10,04
2023-10-04,Total TGA Withdrawals (Table II) (-),16281,422950,422950,I,Operating Cash Balance,Cash Balance Details,3,2024,1,2023,4,10,04
2023-10-04,Treasury General Account (TGA) Closing Balance,678959,678959,678959,I,Operating Cash Balance,Cash Balance Details,4,2024,1,2023,4,10,04
2023-10-03,Treasury General Account (TGA) Opening Balance,677935,656889,656889,I,Operating Cash Balance,Cash Balance Details,1,2024,1,2023,4,10,03
2023-10-03,Total TGA Deposits (Table II),225432,425105,425105,I,Operating Cash Balance,Cash Balance Details,2,2024,1,2023,4,10,03
2023-10-03,Total TGA Withdrawals (Table II) (-),228043,406670,406670,I,Operating Cash Balance,Cash Balance Details,3,2024,1,2023,4,10,03
2023-10-03,Treasury General Account (TGA) Closing Balance,675324,675324,675324,I,Operating Cash Balance,Cash Balance Details,4,2024,1,2023,4,10,03
2023-10-02,Treasury General Account (TGA) Opening Balance,656889,656889,656889,I,Operating Cash Balance,Cash Balance Details,1,2024,1,2023,4,10,02
2023-10-02,Total TGA Deposits (Table II),199672,199672,199672,I,Operating Cash Balance,Cash Balance Details,2,2024,1,2023,4,10,02
2023-10-02,Total TGA Withdrawals (Table II) (-),178626,178626,178626,I,Operating Cash Balance,Cash Balance Details,3,2024,1,2023,4,10,02
2023-10-02,Treasury General Account (TGA) Closing Balance,677935,677935,677935,I,Operating Cash Balance,Cash Balance Details,4,2024,1,2023,4,10,02
2023-09-29,Treasury General Account (TGA) Opening Balance,673174,541843,635994,I,Operating Cash Balance,Cash Balance Details,1,2023,4,2023,3,09,29
2023-09-29,Total TGA Deposits (Table II),76574,2316532,25578777,I,Operating Cash Balance,Cash Balance Details,2,2023,4,2023,3,09,29
2023-09-29,Total TGA Withdrawals (Table II) (-),92859,2201486,25557881,I,Operating Cash Balance,Cash Balance Details,3,2023,4,2023,3,09,29
2023-09-29,Treasury General Account (TGA) Closing Balance,656889,656889,656889,I,Operating Cash Balance,Cash Balance Details,4,2023,4,2023,3,09,29
2023-09-28,Treasury General Account (TGA) Opening Balance,672142,541843,635994,I,Operating Cash Balance,Cash Balance Details,1,2023,4,2023,3,09,28
2023-09-28,Total TGA Deposits (Table II),204916,2239958,25502202,I,Operating Cash Balance,Cash Balance Details,2,2023,4,2023,3,09,28
2023-09-28,Total TGA Withdrawals (Table II) (-),203885,2108627,25465022,I,Operating Cash Balance,Cash Balance Details,3,2023,4,2023,3,09,28
2023-09-28,Treasury General Account (TGA) Closing Balance,673174,673174,673174,I,Operating Cash Balance,Cash Balance Details,4,2023,4,2023,3,09,28
2023-09-27,Treasury General Account (TGA) Opening Balance,700881,541843,635994,I,Operating Cash Balance,Cash Balance Details,1,2023,4,2023,3,09,27
2023-09-27,Total TGA Deposits (Table II),17461,2035041,25297286,I,Operating Cash Balance,Cash Balance Details,2,2023,4,2023,3,09,27
2023-09-27,Total TGA Withdrawals (Table II) (-),46200,1904742,25261138,I,Operating Cash Balance,Cash Balance Details,3,2023,4,2023,3,09,27
2023-09-27,Treasury General Account (TGA) Closing Balance,672142,672142,672142,I,Operating Cash Balance,Cash Balance Details,4,2023,4,2023,3,09,27
2023-09-26,Treasury General Account (TGA) Opening Balance,689999,541843,635994,I,Operating Cash Balance,Cash Balance Details,1,2023,4,2023,3,09,26
2023-09-26,Total TGA Deposits (Table II),216065,2017580,25279825,I,Operating Cash Balance,Cash Balance Details,2,2023,4,2023,3,09,26
2023-09-26,Total TGA Withdrawals (Table II) (-),205183,1858543,25214938,I,Operating Cash Balance,Cash Balance Details,3,2023,4,2023,3,09,26
2023-09-26,Treasury General Account (TGA) Closing Balance,700881,700881,700881,I,Operating Cash Balance,Cash Balance Details,4,2023,4,2023,3,09,26
2023-09-25,Treasury General Account (TGA) Opening Balance,674158,541843,635994,I,Operating Cash Balance,Cash Balance Details,1,2023,4,2023,3,09,25
2023-09-25,Total TGA Deposits (Table II),32732,1801516,25063760,I,Operating Cash Balance,Cash Balance Details,2,2023,4,2023,3,09,25
2023-09-25,Total TGA Withdrawals (Table II) (-),16891,1653359,25009755,I,Operating Cash Balance,Cash Balance Details,3,2023,4,2023,3,09,25
2023-09-25,Treasury General Account (TGA) Closing Balance,689999,689999,689999,I,Operating Cash Balance,Cash Balance Details,4,2023,4,2023,3,09,25
2023-09-22,Treasury General Account (TGA) Opening Balance,682503,541843,635994,I,Operating Cash Balance,Cash Balance Details,1,2023,4,2023,3,09,22
2023-09-22,Total TGA Deposits (Table II),18215,1768783,25031028,I,Operating Cash Balance,Cash Balance Details,2,2023,4,2023,3,09,22
2023-09-22,Total TGA Withdrawals (Table II) (-),26560,1636468,24992864,I,Operating Cash Balance,Cash Balance Details,3,2023,4,2023,3,09,22
2023-09-22,Treasury General Account (TGA) Closing Balance,674158,674158,674158,I,Operating Cash Balance,Cash Balance Details,4,2023,4,2023,3,09,22
2023-09-21,Treasury General Account (TGA) Opening Balance,661717,541843,635994,I,Operating Cash Balance,Cash Balance Details,1,2023,4,2023,3,09,21
2023-09-21,Total TGA Deposits (Table II),213146,1750569,25012813,I,Operating Cash Balance,Cash Balance Details,2,2023,4,2023,3,09,21
2023-09-21,Total TGA Withdrawals (Table II) (-),192360,1609909,24966304,I,Operating Cash Balance,Cash Balance Details,3,2023,4,2023,3,09,21
2023-09-21,Treasury General Account (TGA) Closing Balance,682503,682503,682503,I,Operating Cash Balance,Cash Balance Details,4,2023,4,2023,3,09,21
2023-09-20,Treasury General Account (TGA) Opening Balance,674935,541843,635994,I,Operating Cash Balance,Cash Balance Details,1,2023,4,2023,3,09,20
2023-09-20,Total TGA Deposits (Table II),29554,1537422,24799667,I,Operating Cash Balance,Cash Balance Details,2,2023,4,2023,3,09,20
2023-09-20,Total TGA Withdrawals (Table II) (-),42772,1417548,24773944,I,Operating Cash Balance,Cash Balance Details,3,2023,4,2023,3,09,20
2023-09-20,Treasury General Account (TGA) Closing Balance,661717,661717,661717,I,Operating Cash Balance,Cash Balance Details,4,2023,4,2023,3,09,20
2023-09-19,Treasury General Account (TGA) Opening Balance,664013,541843,635994,I,Operating Cash Balance,Cash Balance Details,1,2023,4,2023,3,09,19
2023-09-19,Total TGA Deposits (Table II),213643,1507869,24770113,I,Operating Cash Balance,Cash Balance Details,2,2023,4,2023,3,09,19
2023-09-19,Total TGA Withdrawals (Table II) (-),202721,1374777,24731172,I,Operating Cash Balance,Cash Balance Details,3,2023,4,2023,3,09,19
2023-09-19,Treasury General Account (TGA) Closing Balance,674935,674935,674935,I,Operating Cash Balance,Cash Balance Details,4,2023,4,2023,3,09,19
2023-09-18,Treasury General Account (TGA) Opening Balance,632855,541843,635994,I,Operating Cash Balance,Cash Balance Details,1,2023,4,2023,3,09,18
2023-09-18,Total TGA Deposits (Table II),48186,1294226,24556470,I,Operating Cash Balance,Cash Balance Details,2,2023,4,2023,3,09,18
2023-09-18,Total TGA Withdrawals (Table II) (-),17029,1172056,24528451,I,Operating Cash Balance,Cash Balance Details,3,2023,4,2023,3,09,18
2023-09-18,Treasury General Account (TGA) Closing Balance,664013,664013,664013,I,Operating Cash Balance,Cash Balance Details,4,2023,4,2023,3,09,18
2023-09-15,Treasury General Account (TGA) Opening Balance,582843,541843,635994,I,Operating Cash Balance,Cash Balance Details,1,2023,4,2023,3,09,15
2023-09-15,Total TGA Deposits (Table II),178711,1246039,24508284,I,Operating Cash Balance,Cash Balance Details,2,2023,4,2023,3,09,15
2023-09-15,Total TGA Withdrawals (Table II) (-),128699,1155027,24511423,I,Operating Cash Balance,Cash Balance Details,3,2023,4,2023,3,09,15
2023-09-15,Treasury General Account (TGA) Closing Balance,632855,632855,632855,I,Operating Cash Balance,Cash Balance Details,4,2023,4,2023,3,09,15
2023-09-14,Treasury General Account (TGA) Opening Balance,537364,541843,635994,I,Operating Cash Balance,Cash Balance Details,1,2023,4,2023,3,09,14
2023-09-14,Total TGA Deposits (Table II),234044,1067328,24329573,I,Operating Cash Balance,Cash Balance Details,2,2023,4,2023,3,09,14
2023-09-14,Total TGA Withdrawals (Table II) (-),188565,1026328,24382723,I,Operating Cash Balance,Cash Balance Details,3,2023,4,2023,3,09,14
2023-09-14,Treasury General Account (TGA) Closing Balance,582843,582843,582843,I,Operating Cash Balance,Cash Balance Details,4,2023,4,2023,3,09,14
2023-09-13,Treasury General Account (TGA) Opening Balance,550831,541843,635994,I,Operating Cash Balance,Cash Balance Details,1,2023,4,2023,3,09,13
2023-09-13,Total TGA Deposits (Table II),33541,833284,24095529,I,Operating Cash Balance,Cash Balance Details,2,2023,4,2023,3,09,13
2023-09-13,Total TGA Withdrawals (Table II) (-),47009,837763,24194158,I,Operating Cash Balance,Cash Balance Details,3,2023,4,2023,3,09,13
2023-09-13,Treasury General Account (TGA) Closing Balance,537364,537364,537364,I,Operating Cash Balance,Cash Balance Details,4,2023,4,2023,3,09,13
2023-09-12,Treasury General Account (TGA) Opening Balance,525312,541843,635994,I,Operating Cash Balance,Cash Balance Details,1,2023,4,2023,3,09,12
2023-09-12,Total TGA Deposits (Table II),220018,799743,24061988,I,Operating Cash Balance,Cash Balance Details,2,2023,4,2023,3,09,12
2023-09-12,Total TGA Withdrawals (Table II) (-),194498,790754,24147150,I,Operating Cash Balance,Cash Balance Details,3,2023,4,2023,3,09,12
2023-09-12,Treasury General Account (TGA) Closing Balance,550831,550831,550831,I,Operating Cash Balance,Cash Balance Details,4,2023,4,2023,3,09,12
2023-09-11,Treasury General Account (TGA) Opening Balance,509313,541843,635994,I,Operating Cash Balance,Cash Balance Details,1,2023,4,2023,3,09,11
2023-09-11,Total TGA Deposits (Table II),31306,579725,23841970,I,Operating Cash Balance,Cash Balance Details,2,2023,4,2023,3,09,11
2023-09-11,Total TGA Withdrawals (Table II) (-),15308,596257,23952652,I,Operating Cash Balance,Cash Balance Details,3,2023,4,2023,3,09,11
2023-09-11,Treasury General Account (TGA) Closing Balance,525312,525312,525312,I,Operating Cash Balance,Cash Balance Details,4,2023,4,2023,3,09,11
2023-09-08,Treasury General Account (TGA) Opening Balance,509104,541843,635994,I,Operating Cash Balance,Cash Balance Details,1,2023,4,2023,3,09,08
2023-09-08,Total TGA Deposits (Table II),14508,548419,23810664,I,Operating Cash Balance,Cash Balance Details,2,2023,4,2023,3,09,08
2023-09-08,Total TGA Withdrawals (Table II) (-),14298,580949,23937344,I,Operating Cash Balance,Cash Balance Details,3,2023,4,2023,3,09,08
2023-09-08,Treasury General Account (TGA) Closing Balance,509313,509313,509313,I,Operating Cash Balance,Cash Balance Details,4,2023,4,2023,3,09,08
2023-09-07,Treasury General Account (TGA) Opening Balance,481552,541843,635994,I,Operating Cash Balance,Cash Balance Details,1,2023,4,2023,3,09,07
2023-09-07,Total TGA Deposits (Table II),253752,533912,23796156,I,Operating Cash Balance,Cash Balance Details,2,2023,4,2023,3,09,07
2023-09-07,Total TGA Withdrawals (Table II) (-),226200,566651,23923046,I,Operating Cash Balance,Cash Balance Details,3,2023,4,2023,3,09,07
2023-09-07,Treasury General Account (TGA) Closing Balance,509104,509104,509104,I,Operating Cash Balance,Cash Balance Details,4,2023,4,2023,3,09,07
2023-09-06,Treasury General Account (TGA) Opening Balance,488303,541843,635994,I,Operating Cash Balance,Cash Balance Details,1,2023,4,2023,3,09,06
2023-09-06,Total TGA Deposits (Table II),11967,280160,23542404,I,Operating Cash Balance,Cash Balance Details,2,2023,4,2023,3,09,06
2023-09-06,Total TGA Withdrawals (Table II) (-),18719,340451,23696846,I,Operating Cash Balance,Cash Balance Details,3,2023,4,2023,3,09,06
2023-09-06,Treasury General Account (TGA) Closing Balance,481552,481552,481552,I,Operating Cash Balance,Cash Balance Details,4,2023,4,2023,3,09,06
2023-09-05,Treasury General Account (TGA) Opening Balance,446118,541843,635994,I,Operating Cash Balance,Cash Balance Details,1,2023,4,2023,3,09,05
2023-09-05,Total TGA Deposits (Table II),234106,268193,23530437,I,Operating Cash Balance,Cash Balance Details,2,2023,4,2023,3,09,05
2023-09-05,Total TGA Withdrawals (Table II) (-),191920,321732,23678128,I,Operating Cash Balance,Cash Balance Details,3,2023,4,2023,3,09,05
2023-09-05,Treasury General Account (TGA) Closing Balance,488303,488303,488303,I,Operating Cash Balance,Cash Balance Details,4,2023,4,2023,3,09,05
2023-09-01,Treasury General Account (TGA) Opening Balance,541843,541843,635994,I,Operating Cash Balance,Cash Balance Details,1,2023,4,2023,3,09,01
2023-09-01,Total TGA Deposits (Table II),34087,34087,23296332,I,Operating Cash Balance,Cash Balance Details,2,2023,4,2023,3,09,01
2023-09-01,Total TGA Withdrawals (Table II) (-),129812,129812,23486208,I,Operating Cash Balance,Cash Balance Details,3,2023,4,2023,3,09,01
2023-09-01,Treasury General Account (TGA) Closing Balance,446118,446118,446118,I,Operating Cash Balance,Cash Balance Details,4,2023,4,2023,3,09,01
2023-08-31,Treasury General Account (TGA) Opening Balance,500702,501828,635994,I,Operating Cash Balance,Cash Balance Details,1,2023,4,2023,3,08,31
2023-08-31,Total TGA Deposits (Table II),377954,2679464,23262245,I,Operating Cash Balance,Cash Balance Details,2,2023,4,2023,3,08,31
2023-08-31,Total TGA Withdrawals (Table II) (-),336813,2639449,23356395,I,Operating Cash Balance,Cash Balance Details,3,2023,4,2023,3,08,31
2023-08-31,Treasury General Account (TGA) Closing Balance,541843,541843,541843,I,Operating Cash Balance,Cash Balance Details,4,2023,4,2023,3,08,31
2023-08-30,Treasury General Account (TGA) Opening Balance,500010,501828,635994,I,Operating Cash Balance,Cash Balance Details,1,2023,4,2023,3,08,30
2023-08-30,Total TGA Deposits (Table II),16731,2301509,22884291,I,Operating Cash Balance,Cash Balance Details,2,2023,4,2023,3,08,30
2023-08-30,Total TGA Withdrawals (Table II) (-),16039,2302636,23019582,I,Operating Cash Balance,Cash Balance Details,3,2023,4,2023,3,08,30
2023-08-30,Treasury General Account (TGA) Closing Balance,500702,500702,500702,I,Operating Cash Balance,Cash Balance Details,4,2023,4,2023,3,08,30
2023-08-29,Treasury General Account (TGA) Opening Balance,472203,501828,635994,I,Operating Cash Balance,Cash Balance Details,1,2023,4,2023,3,08,29
2023-08-29,Total TGA Deposits (Table II),214409,2284778,22867559,I,Operating Cash Balance,Cash Balance Details,2,2023,4,2023,3,08,29
2023-08-29,Total TGA Withdrawals (Table II) (-),186602,2286597,23003543,I,Operating Cash Balance,Cash Balance Details,3,2023,4,2023,3,08,29
2023-08-29,Treasury General Account (TGA) Closing Balance,500010,500010,500010,I,Operating Cash Balance,Cash Balance Details,4,2023,4,2023,3,08,29
2023-08-28,Treasury General Account (TGA) Opening Balance,461257,501828,635994,I,Operating Cash Balance,Cash Balance Details,1,2023,4,2023,3,08,28
2023-08-28,Total TGA Deposits (Table II),26789,2070369,22653151,I,Operating Cash Balance,Cash Balance Details,2,2023,4,2023,3,08,28
2023-08-28,Total TGA Withdrawals (Table II) (-),15843,2099995,22816941,I,Operating Cash Balance,Cash Balance Details,3,2023,4,2023,3,08,28
2023-08-28,Treasury General Account (TGA) Closing Balance,472203,472203,472203,I,Operating Cash Balance,Cash Balance Details,4,2023,4,2023,3,08,28
2023-08-25,Treasury General Account (TGA) Opening Balance,438914,501828,635994,I,Operating Cash Balance,Cash Balance Details,1,2023,4,2023,3,08,25
2023-08-25,Total TGA Deposits (Table II),36269,2043580,22626361,I,Operating Cash Balance,Cash Balance Details,2,2023,4,2023,3,08,25
2023-08-25,Total TGA Withdrawals (Table II) (-),13925,2084151,22801097,I,Operating Cash Balance,Cash Balance Details,3,2023,4,2023,3,08,25
2023-08-25,Treasury General Account (TGA) Closing Balance,461257,461257,461257,I,Operating Cash Balance,Cash Balance Details,4,2023,4,2023,3,08,25
2023-08-24,Treasury General Account (TGA) Opening Balance,416031,501828,635994,I,Operating Cash Balance,Cash Balance Details,1,2023,4,2023,3,08,24
2023-08-24,Total TGA Deposits (Table II),206522,2007311,22590092,I,Operating Cash Balance,Cash Balance Details,2,2023,4,2023,3,08,24
2023-08-24,Total TGA Withdrawals (Table II) (-),183640,2070226,22787172,I,Operating Cash Balance,Cash Balance Details,3,2023,4,2023,3,08,24
2023-08-24,Treasury General Account (TGA) Closing Balance,438914,438914,438914,I,Operating Cash Balance,Cash Balance Details,4,2023,4,2023,3,08,24
2023-08-23,Treasury General Account (TGA) Opening Balance,441138,501828,635994,I,Operating Cash Balance,Cash Balance Details,1,2023,4,2023,3,08,23
2023-08-23,Total TGA Deposits (Table II),15230,1800789,22383570,I,Operating Cash Balance,Cash Balance Details,2,2023,4,2023,3,08,23
2023-08-23,Total TGA Withdrawals (Table II) (-),40336,1886586,22603532,I,Operating Cash Balance,Cash Balance Details,3,2023,4,2023,3,08,23
2023-08-23,Treasury General Account (TGA) Closing Balance,416031,416031,416031,I,Operating Cash Balance,Cash Balance Details,4,2023,4,2023,3,08,23
2023-08-22,Treasury General Account (TGA) Opening Balance,415598,501828,635994,I,Operating Cash Balance,Cash Balance Details,1,2023,4,2023,3,08,22
2023-08-22,Total TGA Deposits (Table II),215253,1785559,22368340,I,Operating Cash Balance,Cash Balance Details,2,2023,4,2023,3,08,22
2023-08-22,Total TGA Withdrawals (Table II) (-),189713,1846250,22563196,I,Operating Cash Balance,Cash Balance Details,3,2023,4,2023,3,08,22
2023-08-22,Treasury General Account (TGA) Closing Balance,441138,441138,441138,I,Operating Cash Balance,Cash Balance Details,4,2023,4,2023,3,08,22
2023-08-21,Treasury General Account (TGA) Opening Balance,404968,501828,635994,I,Operating Cash Balance,Cash Balance Details,1,2023,4,2023,3,08,21
2023-08-21,Total TGA Deposits (Table II),27676,1570307,22153088,I,Operating Cash Balance,Cash Balance Details,2,2023,4,2023,3,08,21
2023-08-21,Total TGA Withdrawals (Table II) (-),17046,1656537,22373483,I,Operating Cash Balance,Cash Balance Details,3,2023,4,2023,3,08,21
2023-08-21,Treasury General Account (TGA) Closing Balance,415598,415598,415598,I,Operating Cash Balance,Cash Balance Details,4,2023,4,2023,3,08,21
2023-08-18,Treasury General Account (TGA) Opening Balance,408836,501828,635994,I,Operating Cash Balance,Cash Balance Details,1,2023,4,2023,3,08,18
2023-08-18,Total TGA Deposits (Table II),14386,1542631,22125412,I,Operating Cash Balance,Cash Balance Details,2,2023,4,2023,3,08,18
2023-08-18,Total TGA Withdrawals (Table II) (-),18254,1639491,22356438,I,Operating Cash Balance,Cash Balance Details,3,2023,4,2023,3,08,18
2023-08-18,Treasury General Account (TGA) Closing Balance,404968,404968,404968,I,Operating Cash Balance,Cash Balance Details,4,2023,4,2023,3,08,18
2023-08-17,Treasury General Account (TGA) Opening Balance,384814,501828,635994,I,Operating Cash Balance,Cash Balance Details,1,2023,4,2023,3,08,17
2023-08-17,Total TGA Deposits (Table II),211427,1528245,22111026,I,Operating Cash Balance,Cash Balance Details,2,2023,4,2023,3,08,17
2023-08-17,Total TGA Withdrawals (Table II) (-),187404,1621238,22338184,I,Operating Cash Balance,Cash Balance Details,3,2023,4,2023,3,08,17
2023-08-17,Treasury General Account (TGA) Closing Balance,408836,408836,408836,I,Operating Cash Balance,Cash Balance Details,4,2023,4,2023,3,08,17
2023-08-16,Treasury General Account (TGA) Opening Balance,398438,501828,635994,I,Operating Cash Balance,Cash Balance Details,1,2023,4,2023,3,08,16
2023-08-16,Total TGA Deposits (Table II),27228,1316819,21899600,I,Operating Cash Balance,Cash Balance Details,2,2023,4,2023,3,08,16
2023-08-16,Total TGA Withdrawals (Table II) (-),40852,1433833,22150780,I,Operating Cash Balance,Cash Balance Details,3,2023,4,2023,3,08,16
2023-08-16,Treasury General Account (TGA) Closing Balance,384814,384814,384814,I,Operating Cash Balance,Cash Balance Details,4,2023,4,2023,3,08,16
2023-08-15,Treasury General Account (TGA) Opening Balance,463127,501828,635994,I,Operating Cash Balance,Cash Balance Details,1,2023,4,2023,3,08,15
2023-08-15,Total TGA Deposits (Table II),345371,1289591,21872372,I,Operating Cash Balance,Cash Balance Details,2,2023,4,2023,3,08,15
2023-08-15,Total TGA Withdrawals (Table II) (-),410061,1392981,22109927,I,Operating Cash Balance,Cash Balance Details,3,2023,4,2023,3,08,15
2023-08-15,Treasury General Account (TGA) Closing Balance,398438,398438,398438,I,Operating Cash Balance,Cash Balance Details,4,2023,4,2023,3,08,15
2023-08-14,Treasury General Account (TGA) Opening Balance,451362,501828,635994,I,Operating Cash Balance,Cash Balance Details,1,2023,4,2023,3,08,14
2023-08-14,Total TGA Deposits (Table II),26408,944219,21527000,I,Operating Cash Balance,Cash Balance Details,2,2023,4,2023,3,08,14
2023-08-14,Total TGA Withdrawals (Table II) (-),14643,982920,21699867,I,Operating Cash Balance,Cash Balance Details,3,2023,4,2023,3,08,14
2023-08-14,Treasury General Account (TGA) Closing Balance,463127,463127,463127,I,Operating Cash Balance,Cash Balance Details,4,2023,4,2023,3,08,14
2023-08-11,Treasury General Account (TGA) Opening Balance,450098,501828,635994,I,Operating Cash Balance,Cash Balance Details,1,2023,4,2023,3,08,11
2023-08-11,Total TGA Deposits (Table II),13758,917811,21500592,I,Operating Cash Balance,Cash Balance Details,2,2023,4,2023,3,08,11
2023-08-11,Total TGA Withdrawals (Table II) (-),12493,968277,21685223,I,Operating Cash Balance,Cash Balance Details,3,2023,4,2023,3,08,11
2023-08-11,Treasury General Account (TGA) Closing Balance,451362,451362,451362,I,Operating Cash Balance,Cash Balance Details,4,2023,4,2023,3,08,11
2023-08-10,Treasury General Account (TGA) Opening Balance,432262,501828,635994,I,Operating Cash Balance,Cash Balance Details,1,2023,4,2023,3,08,10
2023-08-10,Total TGA Deposits (Table II),242048,904053,21486834,I,Operating Cash Balance,Cash Balance Details,2,2023,4,2023,3,08,10
2023-08-10,Total TGA Withdrawals (Table II) (-),224212,955784,21672730,I,Operating Cash Balance,Cash Balance Details,3,2023,4,2023,3,08,10
2023-08-10,Treasury General Account (TGA) Closing Balance,450098,450098,450098,I,Operating Cash Balance,Cash Balance Details,4,2023,4,2023,3,08,10
2023-08-09,Treasury General Account (TGA) Opening Balance,458998,501828,635994,I,Operating Cash Balance,Cash Balance Details,1,2023,4,2023,3,08,09
2023-08-09,Total TGA Deposits (Table II),14522,662005,21244786,I,Operating Cash Balance,Cash Balance Details,2,2023,4,2023,3,08,09
2023-08-09,Total TGA Withdrawals (Table II) (-),41258,731572,21448518,I,Operating Cash Balance,Cash Balance Details,3,2023,4,2023,3,08,09
2023-08-09,Treasury General Account (TGA) Closing Balance,432262,432262,432262,I,Operating Cash Balance,Cash Balance Details,4,2023,4,2023,3,08,09
2023-08-08,Treasury General Account (TGA) Opening Balance,451335,501828,635994,I,Operating Cash Balance,Cash Balance Details,1,2023,4,2023,3,08,08
2023-08-08,Total TGA Deposits (Table II),187017,647483,21230264,I,Operating Cash Balance,Cash Balance Details,2,2023,4,2023,3,08,08
2023-08-08,Total TGA Withdrawals (Table II) (-),179354,690313,21407259,I,Operating Cash Balance,Cash Balance Details,3,2023,4,2023,3,08,08
2023-08-08,Treasury General Account (TGA) Closing Balance,458998,458998,458998,I,Operating Cash Balance,Cash Balance Details,4,2023,4,2023,3,08,08
2023-08-07,Treasury General Account (TGA) Opening Balance,441481,501828,635994,I,Operating Cash Balance,Cash Balance Details,1,2023,4,2023,3,08,07
2023-08-07,Total TGA Deposits (Table II),26597,460466,21043248,I,Operating Cash Balance,Cash Balance Details,2,2023,4,2023,3,08,07
2023-08-07,Total TGA Withdrawals (Table II) (-),16743,510959,21227906,I,Operating Cash Balance,Cash Balance Details,3,2023,4,2023,3,08,07
2023-08-07,Treasury General Account (TGA) Closing Balance,451335,451335,451335,I,Operating Cash Balance,Cash Balance Details,4,2023,4,2023,3,08,07
2023-08-04,Treasury General Account (TGA) Opening Balance,445120,501828,635994,I,Operating Cash Balance,Cash Balance Details,1,2023,4,2023,3,08,04
2023-08-04,Total TGA Deposits (Table II),14498,433869,21016650,I,Operating Cash Balance,Cash Balance Details,2,2023,4,2023,3,08,04
2023-08-04,Total TGA Withdrawals (Table II) (-),18137,494217,21211163,I,Operating Cash Balance,Cash Balance Details,3,2023,4,2023,3,08,04
2023-08-04,Treasury General Account (TGA) Closing Balance,441481,441481,441481,I,Operating Cash Balance,Cash Balance Details,4,2023,4,2023,3,08,04
2023-08-03,Treasury General Account (TGA) Opening Balance,460926,501828,635994,I,Operating Cash Balance,Cash Balance Details,1,2023,4,2023,3,08,03
2023-08-03,Total TGA Deposits (Table II),194530,419371,21002152,I,Operating Cash Balance,Cash Balance Details,2,2023,4,2023,3,08,03
2023-08-03,Total TGA Withdrawals (Table II) (-),210336,476079,21193025,I,Operating Cash Balance,Cash Balance Details,3,2023,4,2023,3,08,03
2023-08-03,Treasury General Account (TGA) Closing Balance,445120,445120,445120,I,Operating Cash Balance,Cash Balance Details,4,2023,4,2023,3,08,03
2023-08-02,Treasury General Account (TGA) Opening Balance,458113,501828,635994,I,Operating Cash Balance,Cash Balance Details,1,2023,4,2023,3,08,02
2023-08-02,Total TGA Deposits (Table II),18633,224841,20807622,I,Operating Cash Balance,Cash Balance Details,2,2023,4,2023,3,08,02
2023-08-02,Total TGA Withdrawals (Table II) (-),15821,265744,20982690,I,Operating Cash Balance,Cash Balance Details,3,2023,4,2023,3,08,02
2023-08-02,Treasury General Account (TGA) Closing Balance,460926,460926,460926,I,Operating Cash Balance,Cash Balance Details,4,2023,4,2023,3,08,02
2023-08-01,Treasury General Account (TGA) Opening Balance,501828,501828,635994,I,Operating Cash Balance,Cash Balance Details,1,2023,4,2023,3,08,01
2023-08-01,Total TGA Deposits (Table II),206208,206208,20788989,I,Operating Cash Balance,Cash Balance Details,2,2023,4,2023,3,08,01
2023-08-01,Total TGA Withdrawals (Table II) (-),249923,249923,20966869,I,Operating Cash Balance,Cash Balance Details,3,2023,4,2023,3,08,01
2023-08-01,Treasury General Account (TGA) Closing Balance,458113,458113,458113,I,Operating Cash Balance,Cash Balance Details,4,2023,4,2023,3,08,01
2023-07-31,Treasury General Account (TGA) Opening Balance,549904,402394,635994,I,Operating Cash Balance,Cash Balance Details,1,2023,4,2023,3,07,31
2023-07-31,Total TGA Deposits (Table II),204885,2104293,20582781,I,Operating Cash Balance,Cash Balance Details,2,2023,4,2023,3,07,31
2023-07-31,Total TGA Withdrawals (Table II) (-),252961,2004859,20716946,I,Operating Cash Balance,Cash Balance Details,3,2023,4,2023,3,07,31
2023-07-31,Treasury General Account (TGA) Closing Balance,501828,501828,501828,I,Operating Cash Balance,Cash Balance Details,4,2023,4,2023,3,07,31
2023-07-28,Treasury General Account (TGA) Opening Balance,551631,402394,635994,I,Operating Cash Balance,Cash Balance Details,1,2023,4,2023,3,07,28
2023-07-28,Total TGA Deposits (Table II),13512,1899408,20377896,I,Operating Cash Balance,Cash Balance Details,2,2023,4,2023,3,07,28
2023-07-28,Total TGA Withdrawals (Table II) (-),15238,1751898,20463985,I,Operating Cash Balance,Cash Balance Details,3,2023,4,2023,3,07,28
2023-07-28,Treasury General Account (TGA) Closing Balance,549904,549904,549904,I,Operating Cash Balance,Cash Balance Details,4,2023,4,2023,3,07,28
2023-07-27,Treasury General Account (TGA) Opening Balance,549897,402394,635994,I,Operating Cash Balance,Cash Balance Details,1,2023,4,2023,3,07,27
2023-07-27,Total TGA Deposits (Table II),189491,1885896,20364384,I,Operating Cash Balance,Cash Balance Details,2,2023,4,2023,3,07,27
2023-07-27,Total TGA Withdrawals (Table II) (-),187757,1736659,20448747,I,Operating Cash Balance,Cash Balance Details,3,2023,4,2023,3,07,27
2023-07-27,Treasury General Account (TGA) Closing Balance,551631,551631,551631,I,Operating Cash Balance,Cash Balance Details,4,2023,4,2023,3,07,27
2023-07-26,Treasury General Account (TGA) Opening Balance,573898,402394,635994,I,Operating Cash Balance,Cash Balance Details,1,2023,4,2023,3,07,26
2023-07-26,Total TGA Deposits (Table II),16309,1696405,20174893,I,Operating Cash Balance,Cash Balance Details,2,2023,4,2023,3,07,26
2023-07-26,Total TGA Withdrawals (Table II) (-),40310,1548902,20260989,I,Operating Cash Balance,Cash Balance Details,3,2023,4,2023,3,07,26
2023-07-26,Treasury General Account (TGA) Closing Balance,549897,549897,549897,I,Operating Cash Balance,Cash Balance Details,4,2023,4,2023,3,07,26
2023-07-25,Treasury General Account (TGA) Opening Balance,545014,402394,635994,I,Operating Cash Balance,Cash Balance Details,1,2023,4,2023,3,07,25
2023-07-25,Total TGA Deposits (Table II),190442,1680096,20158584,I,Operating Cash Balance,Cash Balance Details,2,2023,4,2023,3,07,25
2023-07-25,Total TGA Withdrawals (Table II) (-),161558,1508592,20220679,I,Operating Cash Balance,Cash Balance Details,3,2023,4,2023,3,07,25
2023-07-25,Treasury General Account (TGA) Closing Balance,573898,573898,573898,I,Operating Cash Balance,Cash Balance Details,4,2023,4,2023,3,07,25
2023-07-24,Treasury General Account (TGA) Opening Balance,532834,402394,635994,I,Operating Cash Balance,Cash Balance Details,1,2023,4,2023,3,07,24
2023-07-24,Total TGA Deposits (Table II),27763,1489654,19968142,I,Operating Cash Balance,Cash Balance Details,2,2023,4,2023,3,07,24
2023-07-24,Total TGA Withdrawals (Table II) (-),15583,1347034,20059121,I,Operating Cash Balance,Cash Balance Details,3,2023,4,2023,3,07,24
2023-07-24,Treasury General Account (TGA) Closing Balance,545014,545014,545014,I,Operating Cash Balance,Cash Balance Details,4,2023,4,2023,3,07,24
2023-07-21,Treasury General Account (TGA) Opening Balance,537869,402394,635994,I,Operating Cash Balance,Cash Balance Details,1,2023,4,2023,3,07,21
2023-07-21,Total TGA Deposits (Table II),12546,1461891,19940379,I,Operating Cash Balance,Cash Balance Details,2,2023,4,2023,3,07,21
2023-07-21,Total TGA Withdrawals (Table II) (-),17580,1331451,20043538,I,Operating Cash Balance,Cash Balance Details,3,2023,4,2023,3,07,21
2023-07-21,Treasury General Account (TGA) Closing Balance,532834,532834,532834,I,Operating Cash Balance,Cash Balance Details,4,2023,4,2023,3,07,21
2023-07-20,Treasury General Account (TGA) Opening Balance,537441,402394,635994,I,Operating Cash Balance,Cash Balance Details,1,2023,4,2023,3,07,20
2023-07-20,Total TGA Deposits (Table II),189941,1449345,19927833,I,Operating Cash Balance,Cash Balance Details,2,2023,4,2023,3,07,20
2023-07-20,Total TGA Withdrawals (Table II) (-),189514,1313871,20025958,I,Operating Cash Balance,Cash Balance Details,3,2023,4,2023,3,07,20
2023-07-20,Treasury General Account (TGA) Closing Balance,537869,537869,537869,I,Operating Cash Balance,Cash Balance Details,4,2023,4,2023,3,07,20
2023-07-19,Treasury General Account (TGA) Opening Balance,561519,402394,635994,I,Operating Cash Balance,Cash Balance Details,1,2023,4,2023,3,07,19
2023-07-19,Total TGA Deposits (Table II),16350,1259404,19737892,I,Operating Cash Balance,Cash Balance Details,2,2023,4,2023,3,07,19
2023-07-19,Total TGA Withdrawals (Table II) (-),40428,1124357,19836444,I,Operating Cash Balance,Cash Balance Details,3,2023,4,2023,3,07,19
2023-07-19,Treasury General Account (TGA) Closing Balance,537441,537441,537441,I,Operating Cash Balance,Cash Balance Details,4,2023,4,2023,3,07,19
2023-07-18,Treasury General Account (TGA) Opening Balance,531417,402394,635994,I,Operating Cash Balance,Cash Balance Details,1,2023,4,2023,3,07,18
2023-07-18,Total TGA Deposits (Table II),185523,1243054,19721542,I,Operating Cash Balance,Cash Balance Details,2,2023,4,2023,3,07,18
2023-07-18,Total TGA Withdrawals (Table II) (-),155421,1083929,19796016,I,Operating Cash Balance,Cash Balance Details,3,2023,4,2023,3,07,18
2023-07-18,Treasury General Account (TGA) Closing Balance,561519,561519,561519,I,Operating Cash Balance,Cash Balance Details,4,2023,4,2023,3,07,18
2023-07-17,Treasury General Account (TGA) Opening Balance,521622,402394,635994,I,Operating Cash Balance,Cash Balance Details,1,2023,4,2023,3,07,17
2023-07-17,Total TGA Deposits (Table II),133613,1057531,19536019,I,Operating Cash Balance,Cash Balance Details,2,2023,4,2023,3,07,17
2023-07-17,Total TGA Withdrawals (Table II) (-),123818,928508,19640595,I,Operating Cash Balance,Cash Balance Details,3,2023,4,2023,3,07,17
2023-07-17,Treasury General Account (TGA) Closing Balance,531417,531417,531417,I,Operating Cash Balance,Cash Balance Details,4,2023,4,2023,3,07,17
2023-07-14,Treasury General Account (TGA) Opening Balance,522700,402394,635994,I,Operating Cash Balance,Cash Balance Details,1,2023,4,2023,3,07,14
2023-07-14,Total TGA Deposits (Table II),17310,923917,19402405,I,Operating Cash Balance,Cash Balance Details,2,2023,4,2023,3,07,14
2023-07-14,Total TGA Withdrawals (Table II) (-),18388,804689,19516777,I,Operating Cash Balance,Cash Balance Details,3,2023,4,2023,3,07,14
2023-07-14,Treasury General Account (TGA) Closing Balance,521622,521622,521622,I,Operating Cash Balance,Cash Balance Details,4,2023,4,2023,3,07,14
2023-07-13,Treasury General Account (TGA) Opening Balance,517418,402394,635994,I,Operating Cash Balance,Cash Balance Details,1,2023,4,2023,3,07,13
2023-07-13,Total TGA Deposits (Table II),229099,906607,19385095,I,Operating Cash Balance,Cash Balance Details,2,2023,4,2023,3,07,13
2023-07-13,Total TGA Withdrawals (Table II) (-),223818,786302,19498389,I,Operating Cash Balance,Cash Balance Details,3,2023,4,2023,3,07,13
2023-07-13,Treasury General Account (TGA) Closing Balance,522700,522700,522700,I,Operating Cash Balance,Cash Balance Details,4,2023,4,2023,3,07,13
2023-07-12,Treasury General Account (TGA) Opening Balance,542784,402394,635994,I,Operating Cash Balance,Cash Balance Details,1,2023,4,2023,3,07,12
2023-07-12,Total TGA Deposits (Table II),15782,677508,19155996,I,Operating Cash Balance,Cash Balance Details,2,2023,4,2023,3,07,12
2023-07-12,Total TGA Withdrawals (Table II) (-),41148,562484,19274571,I,Operating Cash Balance,Cash Balance Details,3,2023,4,2023,3,07,12
2023-07-12,Treasury General Account (TGA) Closing Balance,517418,517418,517418,I,Operating Cash Balance,Cash Balance Details,4,2023,4,2023,3,07,12
2023-07-11,Treasury General Account (TGA) Opening Balance,511777,402394,635994,I,Operating Cash Balance,Cash Balance Details,1,2023,4,2023,3,07,11
2023-07-11,Total TGA Deposits (Table II),186782,661726,19140214,I,Operating Cash Balance,Cash Balance Details,2,2023,4,2023,3,07,11
2023-07-11,Total TGA Withdrawals (Table II) (-),155775,521336,19233423,I,Operating Cash Balance,Cash Balance Details,3,2023,4,2023,3,07,11
2023-07-11,Treasury General Account (TGA) Closing Balance,542784,542784,542784,I,Operating Cash Balance,Cash Balance Details,4,2023,4,2023,3,07,11
2023-07-10,Treasury General Account (TGA) Opening Balance,504990,402394,635994,I,Operating Cash Balance,Cash Balance Details,1,2023,4,2023,3,07,10
2023-07-10,Total TGA Deposits (Table II),26137,474944,18953432,I,Operating Cash Balance,Cash Balance Details,2,2023,4,2023,3,07,10
2023-07-10,Total TGA Withdrawals (Table II) (-),19351,365562,19077649,I,Operating Cash Balance,Cash Balance Details,3,2023,4,2023,3,07,10
2023-07-10,Treasury General Account (TGA) Closing Balance,511777,511777,511777,I,Operating Cash Balance,Cash Balance Details,4,2023,4,2023,3,07,10
2023-07-07,Treasury General Account (TGA) Opening Balance,513410,402394,635994,I,Operating Cash Balance,Cash Balance Details,1,2023,4,2023,3,07,07
2023-07-07,Total TGA Deposits (Table II),12167,448806,18927294,I,Operating Cash Balance,Cash Balance Details,2,2023,4,2023,3,07,07
2023-07-07,Total TGA Withdrawals (Table II) (-),20587,346211,19058298,I,Operating Cash Balance,Cash Balance Details,3,2023,4,2023,3,07,07
2023-07-07,Treasury General Account (TGA) Closing Balance,504990,504990,504990,I,Operating Cash Balance,Cash Balance Details,4,2023,4,2023,3,07,07
2023-07-06,Treasury General Account (TGA) Opening Balance,446864,402394,635994,I,Operating Cash Balance,Cash Balance Details,1,2023,4,2023,3,07,06
2023-07-06,Total TGA Deposits (Table II),200190,436639,18915127,I,Operating Cash Balance,Cash Balance Details,2,2023,4,2023,3,07,06
2023-07-06,Total TGA Withdrawals (Table II) (-),133644,325623,19037711,I,Operating Cash Balance,Cash Balance Details,3,2023,4,2023,3,07,06
2023-07-06,Treasury General Account (TGA) Closing Balance,513410,513410,513410,I,Operating Cash Balance,Cash Balance Details,4,2023,4,2023,3,07,06
2023-07-05,Treasury General Account (TGA) Opening Balance,394457,402394,635994,I,Operating Cash Balance,Cash Balance Details,1,2023,4,2023,3,07,05
2023-07-05,Total TGA Deposits (Table II),189531,236450,18714938,I,Operating Cash Balance,Cash Balance Details,2,2023,4,2023,3,07,05
2023-07-05,Total TGA Withdrawals (Table II) (-),137124,191980,18904067,I,Operating Cash Balance,Cash Balance Details,3,2023,4,2023,3,07,05
2023-07-05,Treasury General Account (TGA) Closing Balance,446864,446864,446864,I,Operating Cash Balance,Cash Balance Details,4,2023,4,2023,3,07,05
2023-07-03,Treasury General Account (TGA) Opening Balance,402394,402394,635994,I,Operating Cash Balance,Cash Balance Details,1,2023,4,2023,3,07,03
2023-07-03,Total TGA Deposits (Table II),46919,46919,18525407,I,Operating Cash Balance,Cash Balance Details,2,2023,4,2023,3,07,03
2023-07-03,Total TGA Withdrawals (Table II) (-),54856,54856,18766943,I,Operating Cash Balance,Cash Balance Details,3,2023,4,2023,3,07,03
2023-07-03,Treasury General Account (TGA) Closing Balance,394457,394457,394457,I,Operating Cash Balance,Cash Balance Details,4,2023,4,2023,3,07,03
2023-06-30,Treasury General Account (TGA) Opening Balance,465122,48512,635994,I,Operating Cash Balance,Cash Balance Details,1,2023,3,2023,2,06,30
2023-06-30,Total TGA Deposits (Table II),192944,2417244,18478488,I,Operating Cash Balance,Cash Balance Details,2,2023,3,2023,2,06,30
2023-06-30,Total TGA Withdrawals (Table II) (-),255671,2063361,18712087,I,Operating Cash Balance,Cash Balance Details,3,2023,3,2023,2,06,30
2023-06-30,Treasury General Account (TGA) Closing Balance,402394,402394,402394,I,Operating Cash Balance,Cash Balance Details,4,2023,3,2023,2,06,30
2023-06-29,Treasury General Account (TGA) Opening Balance,408561,48512,635994,I,Operating Cash Balance,Cash Balance Details,1,2023,3,2023,2,06,29
2023-06-29,Total TGA Deposits (Table II),191011,2224300,18285544,I,Operating Cash Balance,Cash Balance Details,2,2023,3,2023,2,06,29
2023-06-29,Total TGA Withdrawals (Table II) (-),134451,1807690,18456416,I,Operating Cash Balance,Cash Balance Details,3,2023,3,2023,2,06,29
2023-06-29,Treasury General Account (TGA) Closing Balance,465122,465122,465122,I,Operating Cash Balance,Cash Balance Details,4,2023,3,2023,2,06,29
2023-06-28,Treasury General Account (TGA) Opening Balance,437999,48512,635994,I,Operating Cash Balance,Cash Balance Details,1,2023,3,2023,2,06,28
2023-06-28,Total TGA Deposits (Table II),16120,2033288,18094532,I,Operating Cash Balance,Cash Balance Details,2,2023,3,2023,2,06,28
2023-06-28,Total TGA Withdrawals (Table II) (-),45558,1673239,18321965,I,Operating Cash Balance,Cash Balance Details,3,2023,3,2023,2,06,28
2023-06-28,Treasury General Account (TGA) Closing Balance,408561,408561,408561,I,Operating Cash Balance,Cash Balance Details,4,2023,3,2023,2,06,28
2023-06-27,Treasury General Account (TGA) Opening Balance,388777,48512,635994,I,Operating Cash Balance,Cash Balance Details,1,2023,3,2023,2,06,27
2023-06-27,Total TGA Deposits (Table II),187036,2017168,18078412,I,Operating Cash Balance,Cash Balance Details,2,2023,3,2023,2,06,27
2023-06-27,Total TGA Withdrawals (Table II) (-),137813,1627681,18276407,I,Operating Cash Balance,Cash Balance Details,3,2023,3,2023,2,06,27
2023-06-27,Treasury General Account (TGA) Closing Balance,437999,437999,437999,I,Operating Cash Balance,Cash Balance Details,4,2023,3,2023,2,06,27
2023-06-26,Treasury General Account (TGA) Opening Balance,377384,48512,635994,I,Operating Cash Balance,Cash Balance Details,1,2023,3,2023,2,06,26
2023-06-26,Total TGA Deposits (Table II),29537,1830133,17891377,I,Operating Cash Balance,Cash Balance Details,2,2023,3,2023,2,06,26
2023-06-26,Total TGA Withdrawals (Table II) (-),18144,1489868,18138593,I,Operating Cash Balance,Cash Balance Details,3,2023,3,2023,2,06,26
2023-06-26,Treasury General Account (TGA) Closing Balance,388777,388777,388777,I,Operating Cash Balance,Cash Balance Details,4,2023,3,2023,2,06,26
2023-06-23,Treasury General Account (TGA) Opening Balance,366505,48512,635994,I,Operating Cash Balance,Cash Balance Details,1,2023,3,2023,2,06,23
2023-06-23,Total TGA Deposits (Table II),30036,1800595,17861839,I,Operating Cash Balance,Cash Balance Details,2,2023,3,2023,2,06,23
2023-06-23,Total TGA Withdrawals (Table II) (-),19157,1471723,18120449,I,Operating Cash Balance,Cash Balance Details,3,2023,3,2023,2,06,23
2023-06-23,Treasury General Account (TGA) Closing Balance,377384,377384,377384,I,Operating Cash Balance,Cash Balance Details,4,2023,3,2023,2,06,23
2023-06-22,Treasury General Account (TGA) Opening Balance,292106,48512,635994,I,Operating Cash Balance,Cash Balance Details,1,2023,3,2023,2,06,22
2023-06-22,Total TGA Deposits (Table II),202337,1770560,17831804,I,Operating Cash Balance,Cash Balance Details,2,2023,3,2023,2,06,22
2023-06-22,Total TGA Withdrawals (Table II) (-),127938,1452567,18101292,I,Operating Cash Balance,Cash Balance Details,3,2023,3,2023,2,06,22
2023-06-22,Treasury General Account (TGA) Closing Balance,366505,366505,366505,I,Operating Cash Balance,Cash Balance Details,4,2023,3,2023,2,06,22
2023-06-21,Treasury General Account (TGA) Opening Balance,327925,48512,635994,I,Operating Cash Balance,Cash Balance Details,1,2023,3,2023,2,06,21
2023-06-21,Total TGA Deposits (Table II),15992,1568222,17629466,I,Operating Cash Balance,Cash Balance Details,2,2023,3,2023,2,06,21
2023-06-21,Total TGA Withdrawals (Table II) (-),51810,1324628,17973354,I,Operating Cash Balance,Cash Balance Details,3,2023,3,2023,2,06,21
2023-06-21,Treasury General Account (TGA) Closing Balance,292106,292106,292106,I,Operating Cash Balance,Cash Balance Details,4,2023,3,2023,2,06,21
2023-06-20,Treasury General Account (TGA) Opening Balance,266875,48512,635994,I,Operating Cash Balance,Cash Balance Details,1,2023,3,2023,2,06,20
2023-06-20,Total TGA Deposits (Table II),200092,1552231,17613475,I,Operating Cash Balance,Cash Balance Details,2,2023,3,2023,2,06,20
2023-06-20,Total TGA Withdrawals (Table II) (-),139042,1272818,17921543,I,Operating Cash Balance,Cash Balance Details,3,2023,3,2023,2,06,20
2023-06-20,Treasury General Account (TGA) Closing Balance,327925,327925,327925,I,Operating Cash Balance,Cash Balance Details,4,2023,3,2023,2,06,20
2023-06-16,Treasury General Account (TGA) Opening Balance,250417,48512,635994,I,Operating Cash Balance,Cash Balance Details,1,2023,3,2023,2,06,16
2023-06-16,Total TGA Deposits (Table II),30625,1352138,17413382,I,Operating Cash Balance,Cash Balance Details,2,2023,3,2023,2,06,16
2023-06-16,Total TGA Withdrawals (Table II) (-),14167,1133775,17782501,I,Operating Cash Balance,Cash Balance Details,3,2023,3,2023,2,06,16
2023-06-16,Treasury General Account (TGA) Closing Balance,266875,266875,266875,I,Operating Cash Balance,Cash Balance Details,4,2023,3,2023,2,06,16
2023-06-15,Treasury General Account (TGA) Opening Balance,134857,48512,635994,I,Operating Cash Balance,Cash Balance Details,1,2023,3,2023,2,06,15
2023-06-15,Total TGA Deposits (Table II),370127,1321514,17382758,I,Operating Cash Balance,Cash Balance Details,2,2023,3,2023,2,06,15
2023-06-15,Total TGA Withdrawals (Table II) (-),254566,1119608,17768334,I,Operating Cash Balance,Cash Balance Details,3,2023,3,2023,2,06,15
2023-06-15,Treasury General Account (TGA) Closing Balance,250417,250417,250417,I,Operating Cash Balance,Cash Balance Details,4,2023,3,2023,2,06,15
2023-06-14,Treasury General Account (TGA) Opening Balance,133059,48512,635994,I,Operating Cash Balance,Cash Balance Details,1,2023,3,2023,2,06,14
2023-06-14,Total TGA Deposits (Table II),41989,951387,17012631,I,Operating Cash Balance,Cash Balance Details,2,2023,3,2023,2,06,14
2023-06-14,Total TGA Withdrawals (Table II) (-),40191,865042,17513767,I,Operating Cash Balance,Cash Balance Details,3,2023,3,2023,2,06,14
2023-06-14,Treasury General Account (TGA) Closing Balance,134857,134857,134857,I,Operating Cash Balance,Cash Balance Details,4,2023,3,2023,2,06,14
2023-06-13,Treasury General Account (TGA) Opening Balance,100939,48512,635994,I,Operating Cash Balance,Cash Balance Details,1,2023,3,2023,2,06,13
2023-06-13,Total TGA Deposits (Table II),176961,909398,16970642,I,Operating Cash Balance,Cash Balance Details,2,2023,3,2023,2,06,13
2023-06-13,Total TGA Withdrawals (Table II) (-),144841,824851,17473577,I,Operating Cash Balance,Cash Balance Details,3,2023,3,2023,2,06,13
2023-06-13,Treasury General Account (TGA) Closing Balance,133059,133059,133059,I,Operating Cash Balance,Cash Balance Details,4,2023,3,2023,2,06,13
2023-06-12,Treasury General Account (TGA) Opening Balance,86001,48512,635994,I,Operating Cash Balance,Cash Balance Details,1,2023,3,2023,2,06,12
2023-06-12,Total TGA Deposits (Table II),34315,732436,16793680,I,Operating Cash Balance,Cash Balance Details,2,2023,3,2023,2,06,12
2023-06-12,Total TGA Withdrawals (Table II) (-),19377,680010,17328735,I,Operating Cash Balance,Cash Balance Details,3,2023,3,2023,2,06,12
2023-06-12,Treasury General Account (TGA) Closing Balance,100939,100939,100939,I,Operating Cash Balance,Cash Balance Details,4,2023,3,2023,2,06,12
2023-06-09,Treasury General Account (TGA) Opening Balance,87972,48512,635994,I,Operating Cash Balance,Cash Balance Details,1,2023,3,2023,2,06,09
2023-06-09,Total TGA Deposits (Table II),14964,698121,16759365,I,Operating Cash Balance,Cash Balance Details,2,2023,3,2023,2,06,09
2023-06-09,Total TGA Withdrawals (Table II) (-),16935,660632,17309358,I,Operating Cash Balance,Cash Balance Details,3,2023,3,2023,2,06,09
2023-06-09,Treasury General Account (TGA) Closing Balance,86001,86001,86001,I,Operating Cash Balance,Cash Balance Details,4,2023,3,2023,2,06,09
2023-06-08,Treasury General Account (TGA) Opening Balance,77500,48512,635994,I,Operating Cash Balance,Cash Balance Details,1,2023,3,2023,2,06,08
2023-06-08,Total TGA Deposits (Table II),137524,683157,16744401,I,Operating Cash Balance,Cash Balance Details,2,2023,3,2023,2,06,08
2023-06-08,Total TGA Withdrawals (Table II) (-),127052,643697,17292423,I,Operating Cash Balance,Cash Balance Details,3,2023,3,2023,2,06,08
2023-06-08,Treasury General Account (TGA) Closing Balance,87972,87972,87972,I,Operating Cash Balance,Cash Balance Details,4,2023,3,2023,2,06,08
2023-06-07,Treasury General Account (TGA) Opening Balance,71577,48512,635994,I,Operating Cash Balance,Cash Balance Details,1,2023,3,2023,2,06,07
2023-06-07,Total TGA Deposits (Table II),18846,545633,16606877,I,Operating Cash Balance,Cash Balance Details,2,2023,3,2023,2,06,07
2023-06-07,Total TGA Withdrawals (Table II) (-),12922,516645,17165371,I,Operating Cash Balance,Cash Balance Details,3,2023,3,2023,2,06,07
2023-06-07,Treasury General Account (TGA) Closing Balance,77500,77500,77500,I,Operating Cash Balance,Cash Balance Details,4,2023,3,2023,2,06,07
2023-06-06,Treasury General Account (TGA) Opening Balance,71218,48512,635994,I,Operating Cash Balance,Cash Balance Details,1,2023,3,2023,2,06,06
2023-06-06,Total TGA Deposits (Table II),174089,526787,16588031,I,Operating Cash Balance,Cash Balance Details,2,2023,3,2023,2,06,06
2023-06-06,Total TGA Withdrawals (Table II) (-),173731,503723,17152448,I,Operating Cash Balance,Cash Balance Details,3,2023,3,2023,2,06,06
2023-06-06,Treasury General Account (TGA) Closing Balance,71577,71577,71577,I,Operating Cash Balance,Cash Balance Details,4,2023,3,2023,2,06,06
2023-06-05,Treasury General Account (TGA) Opening Balance,23368,48512,635994,I,Operating Cash Balance,Cash Balance Details,1,2023,3,2023,2,06,05
2023-06-05,Total TGA Deposits (Table II),105944,352698,16413942,I,Operating Cash Balance,Cash Balance Details,2,2023,3,2023,2,06,05
2023-06-05,Total TGA Withdrawals (Table II) (-),58094,329992,16978718,I,Operating Cash Balance,Cash Balance Details,3,2023,3,2023,2,06,05
2023-06-05,Treasury General Account (TGA) Closing Balance,71218,71218,71218,I,Operating Cash Balance,Cash Balance Details,4,2023,3,2023,2,06,05
2023-06-02,Treasury General Account (TGA) Opening Balance,22892,48512,635994,I,Operating Cash Balance,Cash Balance Details,1,2023,3,2023,2,06,02
2023-06-02,Total TGA Deposits (Table II),39315,246755,16307999,I,Operating Cash Balance,Cash Balance Details,2,2023,3,2023,2,06,02
2023-06-02,Total TGA Withdrawals (Table II) (-),38839,271898,16920624,I,Operating Cash Balance,Cash Balance Details,3,2023,3,2023,2,06,02
2023-06-02,Treasury General Account (TGA) Closing Balance,23368,23368,23368,I,Operating Cash Balance,Cash Balance Details,4,2023,3,2023,2,06,02
2023-06-01,Treasury General Account (TGA) Opening Balance,48512,48512,635994,I,Operating Cash Balance,Cash Balance Details,1,2023,3,2023,2,06,01
2023-06-01,Total TGA Deposits (Table II),207439,207439,16268683,I,Operating Cash Balance,Cash Balance Details,2,2023,3,2023,2,06,01
2023-06-01,Total TGA Withdrawals (Table II) (-),233059,233059,16881785,I,Operating Cash Balance,Cash Balance Details,3,2023,3,2023,2,06,01
2023-06-01,Treasury General Account (TGA) Closing Balance,22892,22892,22892,I,Operating Cash Balance,Cash Balance Details,4,2023,3,2023,2,06,01
2023-05-31,Treasury General Account (TGA) Opening Balance,37357,316381,635994,I,Operating Cash Balance,Cash Balance Details,1,2023,3,2023,2,05,31
2023-05-31,Total TGA Deposits (Table II),189427,2295541,16061244,I,Operating Cash Balance,Cash Balance Details,2,2023,3,2023,2,05,31
2023-05-31,Total TGA Withdrawals (Table II) (-),178272,2563410,16648726,I,Operating Cash Balance,Cash Balance Details,3,2023,3,2023,2,05,31
2023-05-31,Treasury General Account (TGA) Closing Balance,48512,48512,48512,I,Operating Cash Balance,Cash Balance Details,4,2023,3,2023,2,05,31
2023-05-30,Treasury General Account (TGA) Opening Balance,54493,316381,635994,I,Operating Cash Balance,Cash Balance Details,1,2023,3,2023,2,05,30
2023-05-30,Total TGA Deposits (Table II),143510,2106114,15871817,I,Operating Cash Balance,Cash Balance Details,2,2023,3,2023,2,05,30
2023-05-30,Total TGA Withdrawals (Table II) (-),160645,2385137,16470454,I,Operating Cash Balance,Cash Balance Details,3,2023,3,2023,2,05,30
2023-05-30,Treasury General Account (TGA) Closing Balance,37357,37357,37357,I,Operating Cash Balance,Cash Balance Details,4,2023,3,2023,2,05,30
2023-05-26,Treasury General Account (TGA) Opening Balance,38837,316381,635994,I,Operating Cash Balance,Cash Balance Details,1,2023,3,2023,2,05,26
2023-05-26,Total TGA Deposits (Table II),36958,1962604,15728307,I,Operating Cash Balance,Cash Balance Details,2,2023,3,2023,2,05,26
2023-05-26,Total TGA Withdrawals (Table II) (-),21303,2224492,16309808,I,Operating Cash Balance,Cash Balance Details,3,2023,3,2023,2,05,26
2023-05-26,Treasury General Account (TGA) Closing Balance,54493,54493,54493,I,Operating Cash Balance,Cash Balance Details,4,2023,3,2023,2,05,26
2023-05-25,Treasury General Account (TGA) Opening Balance,49473,316381,635994,I,Operating Cash Balance,Cash Balance Details,1,2023,3,2023,2,05,25
2023-05-25,Total TGA Deposits (Table II),164507,1925646,15691349,I,Operating Cash Balance,Cash Balance Details,2,2023,3,2023,2,05,25
2023-05-25,Total TGA Withdrawals (Table II) (-),175142,2203189,16288505,I,Operating Cash Balance,Cash Balance Details,3,2023,3,2023,2,05,25
2023-05-25,Treasury General Account (TGA) Closing Balance,38837,38837,38837,I,Operating Cash Balance,Cash Balance Details,4,2023,3,2023,2,05,25
2023-05-24,Treasury General Account (TGA) Opening Balance,76546,316381,635994,I,Operating Cash Balance,Cash Balance Details,1,2023,3,2023,2,05,24
2023-05-24,Total TGA Deposits (Table II),15890,1761139,15526842,I,Operating Cash Balance,Cash Balance Details,2,2023,3,2023,2,05,24
2023-05-24,Total TGA Withdrawals (Table II) (-),42963,2028047,16113363,I,Operating Cash Balance,Cash Balance Details,3,2023,3,2023,2,05,24
2023-05-24,Treasury General Account (TGA) Closing Balance,49473,49473,49473,I,Operating Cash Balance,Cash Balance Details,4,2023,3,2023,2,05,24
2023-05-23,Treasury General Account (TGA) Opening Balance,68335,316381,635994,I,Operating Cash Balance,Cash Balance Details,1,2023,3,2023,2,05,23
2023-05-23,Total TGA Deposits (Table II),164589,1745249,15510952,I,Operating Cash Balance,Cash Balance Details,2,2023,3,2023,2,05,23
2023-05-23,Total TGA Withdrawals (Table II) (-),156378,1985084,16070400,I,Operating Cash Balance,Cash Balance Details,3,2023,3,2023,2,05,23
2023-05-23,Treasury General Account (TGA) Closing Balance,76546,76546,76546,I,Operating Cash Balance,Cash Balance Details,4,2023,3,2023,2,05,23
2023-05-22,Treasury General Account (TGA) Opening Balance,60656,316381,635994,I,Operating Cash Balance,Cash Balance Details,1,2023,3,2023,2,05,22
2023-05-22,Total TGA Deposits (Table II),30103,1580660,15346364,I,Operating Cash Balance,Cash Balance Details,2,2023,3,2023,2,05,22
2023-05-22,Total TGA Withdrawals (Table II) (-),22424,1828706,15914022,I,Operating Cash Balance,Cash Balance Details,3,2023,3,2023,2,05,22
2023-05-22,Treasury General Account (TGA) Closing Balance,68335,68335,68335,I,Operating Cash Balance,Cash Balance Details,4,2023,3,2023,2,05,22
2023-05-19,Treasury General Account (TGA) Opening Balance,57341,316381,635994,I,Operating Cash Balance,Cash Balance Details,1,2023,3,2023,2,05,19
2023-05-19,Total TGA Deposits (Table II),14234,1550557,15316260,I,Operating Cash Balance,Cash Balance Details,2,2023,3,2023,2,05,19
2023-05-19,Total TGA Withdrawals (Table II) (-),10920,1806282,15891598,I,Operating Cash Balance,Cash Balance Details,3,2023,3,2023,2,05,19
2023-05-19,Treasury General Account (TGA) Closing Balance,60656,60656,60656,I,Operating Cash Balance,Cash Balance Details,4,2023,3,2023,2,05,19
2023-05-18,Treasury General Account (TGA) Opening Balance,68332,316381,635994,I,Operating Cash Balance,Cash Balance Details,1,2023,3,2023,2,05,18
2023-05-18,Total TGA Deposits (Table II),210781,1536323,15302026,I,Operating Cash Balance,Cash Balance Details,2,2023,3,2023,2,05,18
2023-05-18,Total TGA Withdrawals (Table II) (-),221773,1795362,15880678,I,Operating Cash Balance,Cash Balance Details,3,2023,3,2023,2,05,18
2023-05-18,Treasury General Account (TGA) Closing Balance,57341,57341,57341,I,Operating Cash Balance,Cash Balance Details,4,2023,3,2023,2,05,18
2023-05-17,Treasury General Account (TGA) Opening Balance,94629,316381,635994,I,Operating Cash Balance,Cash Balance Details,1,2023,3,2023,2,05,17
2023-05-17,Total TGA Deposits (Table II),16310,1325541,15091244,I,Operating Cash Balance,Cash Balance Details,2,2023,3,2023,2,05,17
2023-05-17,Total TGA Withdrawals (Table II) (-),42606,1573589,15658906,I,Operating Cash Balance,Cash Balance Details,3,2023,3,2023,2,05,17
2023-05-17,Treasury General Account (TGA) Closing Balance,68332,68332,68332,I,Operating Cash Balance,Cash Balance Details,4,2023,3,2023,2,05,17
2023-05-16,Treasury General Account (TGA) Opening Balance,87431,316381,635994,I,Operating Cash Balance,Cash Balance Details,1,2023,3,2023,2,05,16
2023-05-16,Total TGA Deposits (Table II),174485,1309231,15074935,I,Operating Cash Balance,Cash Balance Details,2,2023,3,2023,2,05,16
2023-05-16,Total TGA Withdrawals (Table II) (-),167288,1530983,15616299,I,Operating Cash Balance,Cash Balance Details,3,2023,3,2023,2,05,16
2023-05-16,Treasury General Account (TGA) Closing Balance,94629,94629,94629,I,Operating Cash Balance,Cash Balance Details,4,2023,3,2023,2,05,16
2023-05-15,Treasury General Account (TGA) Opening Balance,139944,316381,635994,I,Operating Cash Balance,Cash Balance Details,1,2023,3,2023,2,05,15
2023-05-15,Total TGA Deposits (Table II),156754,1134746,14900449,I,Operating Cash Balance,Cash Balance Details,2,2023,3,2023,2,05,15
2023-05-15,Total TGA Withdrawals (Table II) (-),209267,1363695,15449011,I,Operating Cash Balance,Cash Balance Details,3,2023,3,2023,2,05,15
2023-05-15,Treasury General Account (TGA) Closing Balance,87431,87431,87431,I,Operating Cash Balance,Cash Balance Details,4,2023,3,2023,2,05,15
2023-05-12,Treasury General Account (TGA) Opening Balance,143314,316381,635994,I,Operating Cash Balance,Cash Balance Details,1,2023,3,2023,2,05,12
2023-05-12,Total TGA Deposits (Table II),15982,977992,14743695,I,Operating Cash Balance,Cash Balance Details,2,2023,3,2023,2,05,12
2023-05-12,Total TGA Withdrawals (Table II) (-),19352,1154428,15239744,I,Operating Cash Balance,Cash Balance Details,3,2023,3,2023,2,05,12
2023-05-12,Treasury General Account (TGA) Closing Balance,139944,139944,139944,I,Operating Cash Balance,Cash Balance Details,4,2023,3,2023,2,05,12
2023-05-11,Treasury General Account (TGA) Opening Balance,154808,316381,635994,I,Operating Cash Balance,Cash Balance Details,1,2023,3,2023,2,05,11
2023-05-11,Total TGA Deposits (Table II),125067,962010,14727713,I,Operating Cash Balance,Cash Balance Details,2,2023,3,2023,2,05,11
2023-05-11,Total TGA Withdrawals (Table II) (-),136561,1135077,15220393,I,Operating Cash Balance,Cash Balance Details,3,2023,3,2023,2,05,11
2023-05-11,Treasury General Account (TGA) Closing Balance,143314,143314,143314,I,Operating Cash Balance,Cash Balance Details,4,2023,3,2023,2,05,11
2023-05-10,Treasury General Account (TGA) Opening Balance,184915,316381,635994,I,Operating Cash Balance,Cash Balance Details,1,2023,3,2023,2,05,10
2023-05-10,Total TGA Deposits (Table II),18233,836943,14602647,I,Operating Cash Balance,Cash Balance Details,2,2023,3,2023,2,05,10
2023-05-10,Total TGA Withdrawals (Table II) (-),48341,998516,15083832,I,Operating Cash Balance,Cash Balance Details,3,2023,3,2023,2,05,10
2023-05-10,Treasury General Account (TGA) Closing Balance,154808,154808,154808,I,Operating Cash Balance,Cash Balance Details,4,2023,3,2023,2,05,10
2023-05-09,Treasury General Account (TGA) Opening Balance,215133,316381,635994,I,Operating Cash Balance,Cash Balance Details,1,2023,3,2023,2,05,09
2023-05-09,Total TGA Deposits (Table II),141701,818710,14584413,I,Operating Cash Balance,Cash Balance Details,2,2023,3,2023,2,05,09
2023-05-09,Total TGA Withdrawals (Table II) (-),171919,950176,15035492,I,Operating Cash Balance,Cash Balance Details,3,2023,3,2023,2,05,09
2023-05-09,Treasury General Account (TGA) Closing Balance,184915,184915,184915,I,Operating Cash Balance,Cash Balance Details,4,2023,3,2023,2,05,09
2023-05-08,Treasury General Account (TGA) Opening Balance,206714,316381,635994,I,Operating Cash Balance,Cash Balance Details,1,2023,3,2023,2,05,08
2023-05-08,Total TGA Deposits (Table II),24804,677009,14442712,I,Operating Cash Balance,Cash Balance Details,2,2023,3,2023,2,05,08
2023-05-08,Total TGA Withdrawals (Table II) (-),16385,778256,14863573,I,Operating Cash Balance,Cash Balance Details,3,2023,3,2023,2,05,08
2023-05-08,Treasury General Account (TGA) Closing Balance,215133,215133,215133,I,Operating Cash Balance,Cash Balance Details,4,2023,3,2023,2,05,08
2023-05-05,Treasury General Account (TGA) Opening Balance,208666,316381,635994,I,Operating Cash Balance,Cash Balance Details,1,2023,3,2023,2,05,05
2023-05-05,Total TGA Deposits (Table II),12414,652205,14417908,I,Operating Cash Balance,Cash Balance Details,2,2023,3,2023,2,05,05
2023-05-05,Total TGA Withdrawals (Table II) (-),14366,761872,14847188,I,Operating Cash Balance,Cash Balance Details,3,2023,3,2023,2,05,05
2023-05-05,Treasury General Account (TGA) Closing Balance,206714,206714,206714,I,Operating Cash Balance,Cash Balance Details,4,2023,3,2023,2,05,05
2023-05-04,Treasury General Account (TGA) Opening Balance,188309,316381,635994,I,Operating Cash Balance,Cash Balance Details,1,2023,3,2023,2,05,04
2023-05-04,Total TGA Deposits (Table II),168805,639791,14405494,I,Operating Cash Balance,Cash Balance Details,2,2023,3,2023,2,05,04
2023-05-04,Total TGA Withdrawals (Table II) (-),148448,747505,14832821,I,Operating Cash Balance,Cash Balance Details,3,2023,3,2023,2,05,04
2023-05-04,Treasury General Account (TGA) Closing Balance,208666,208666,208666,I,Operating Cash Balance,Cash Balance Details,4,2023,3,2023,2,05,04
2023-05-03,Treasury General Account (TGA) Opening Balance,214882,316381,635994,I,Operating Cash Balance,Cash Balance Details,1,2023,3,2023,2,05,03
2023-05-03,Total TGA Deposits (Table II),22101,470986,14236689,I,Operating Cash Balance,Cash Balance Details,2,2023,3,2023,2,05,03
2023-05-03,Total TGA Withdrawals (Table II) (-),48675,599057,14684374,I,Operating Cash Balance,Cash Balance Details,3,2023,3,2023,2,05,03
2023-05-03,Treasury General Account (TGA) Closing Balance,188309,188309,188309,I,Operating Cash Balance,Cash Balance Details,4,2023,3,2023,2,05,03
2023-05-02,Treasury General Account (TGA) Opening Balance,238463,316381,635994,I,Operating Cash Balance,Cash Balance Details,1,2023,3,2023,2,05,02
2023-05-02,Total TGA Deposits (Table II),171940,448884,14214587,I,Operating Cash Balance,Cash Balance Details,2,2023,3,2023,2,05,02
2023-05-02,Total TGA Withdrawals (Table II) (-),195521,550383,14635699,I,Operating Cash Balance,Cash Balance Details,3,2023,3,2023,2,05,02
2023-05-02,Treasury General Account (TGA) Closing Balance,214882,214882,214882,I,Operating Cash Balance,Cash Balance Details,4,2023,3,2023,2,05,02
2023-05-01,Treasury General Account (TGA) Opening Balance,316381,316381,635994,I,Operating Cash Balance,Cash Balance Details,1,2023,3,2023,2,05,01
2023-05-01,Total TGA Deposits (Table II),276944,276944,14042647,I,Operating Cash Balance,Cash Balance Details,2,2023,3,2023,2,05,01
2023-05-01,Total TGA Withdrawals (Table II) (-),354862,354862,14440178,I,Operating Cash Balance,Cash Balance Details,3,2023,3,2023,2,05,01
2023-05-01,Treasury General Account (TGA) Closing Balance,238463,238463,238463,I,Operating Cash Balance,Cash Balance Details,4,2023,3,2023,2,05,01
2023-04-28,Treasury General Account (TGA) Opening Balance,293717,177692,635994,I,Operating Cash Balance,Cash Balance Details,1,2023,3,2023,2,04,28
2023-04-28,Total TGA Deposits (Table II),48648,1979869,13765703,I,Operating Cash Balance,Cash Balance Details,2,2023,3,2023,2,04,28
2023-04-28,Total TGA Withdrawals (Table II) (-),25984,1841181,14085316,I,Operating Cash Balance,Cash Balance Details,3,2023,3,2023,2,04,28
2023-04-28,Treasury General Account (TGA) Closing Balance,316381,316381,316381,I,Operating Cash Balance,Cash Balance Details,4,2023,3,2023,2,04,28
2023-04-27,Treasury General Account (TGA) Opening Balance,296209,177692,635994,I,Operating Cash Balance,Cash Balance Details,1,2023,3,2023,2,04,27
2023-04-27,Total TGA Deposits (Table II),134547,1931222,13717056,I,Operating Cash Balance,Cash Balance Details,2,2023,3,2023,2,04,27
2023-04-27,Total TGA Withdrawals (Table II) (-),137039,1815197,14059332,I,Operating Cash Balance,Cash Balance Details,3,2023,3,2023,2,04,27
2023-04-27,Treasury General Account (TGA) Closing Balance,293717,293717,293717,I,Operating Cash Balance,Cash Balance Details,4,2023,3,2023,2,04,27
2023-04-26,Treasury General Account (TGA) Opening Balance,315930,177692,635994,I,Operating Cash Balance,Cash Balance Details,1,2023,3,2023,2,04,26
2023-04-26,Total TGA Deposits (Table II),31189,1796675,13582509,I,Operating Cash Balance,Cash Balance Details,2,2023,3,2023,2,04,26
2023-04-26,Total TGA Withdrawals (Table II) (-),50910,1678158,13922293,I,Operating Cash Balance,Cash Balance Details,3,2023,3,2023,2,04,26
2023-04-26,Treasury General Account (TGA) Closing Balance,296209,296209,296209,I,Operating Cash Balance,Cash Balance Details,4,2023,3,2023,2,04,26
2023-04-25,Treasury General Account (TGA) Opening Balance,307101,177692,635994,I,Operating Cash Balance,Cash Balance Details,1,2023,3,2023,2,04,25
2023-04-25,Total TGA Deposits (Table II),188013,1765486,13551320,I,Operating Cash Balance,Cash Balance Details,2,2023,3,2023,2,04,25
2023-04-25,Total TGA Withdrawals (Table II) (-),179184,1627248,13871383,I,Operating Cash Balance,Cash Balance Details,3,2023,3,2023,2,04,25
2023-04-25,Treasury General Account (TGA) Closing Balance,315930,315930,315930,I,Operating Cash Balance,Cash Balance Details,4,2023,3,2023,2,04,25
2023-04-24,Treasury General Account (TGA) Opening Balance,280912,177692,635994,I,Operating Cash Balance,Cash Balance Details,1,2023,3,2023,2,04,24
2023-04-24,Total TGA Deposits (Table II),40593,1577473,13363307,I,Operating Cash Balance,Cash Balance Details,2,2023,3,2023,2,04,24
2023-04-24,Total TGA Withdrawals (Table II) (-),14404,1448064,13692199,I,Operating Cash Balance,Cash Balance Details,3,2023,3,2023,2,04,24
2023-04-24,Treasury General Account (TGA) Closing Balance,307101,307101,307101,I,Operating Cash Balance,Cash Balance Details,4,2023,3,2023,2,04,24
2023-04-21,Treasury General Account (TGA) Opening Balance,279942,177692,635994,I,Operating Cash Balance,Cash Balance Details,1,2023,3,2023,2,04,21
2023-04-21,Total TGA Deposits (Table II),23542,1536879,13322713,I,Operating Cash Balance,Cash Balance Details,2,2023,3,2023,2,04,21
2023-04-21,Total TGA Withdrawals (Table II) (-),22573,1433660,13677795,I,Operating Cash Balance,Cash Balance Details,3,2023,3,2023,2,04,21
2023-04-21,Treasury General Account (TGA) Closing Balance,280912,280912,280912,I,Operating Cash Balance,Cash Balance Details,4,2023,3,2023,2,04,21
2023-04-20,Treasury General Account (TGA) Opening Balance,265095,177692,635994,I,Operating Cash Balance,Cash Balance Details,1,2023,3,2023,2,04,20
2023-04-20,Total TGA Deposits (Table II),188371,1513337,13299171,I,Operating Cash Balance,Cash Balance Details,2,2023,3,2023,2,04,20
2023-04-20,Total TGA Withdrawals (Table II) (-),173524,1411087,13655222,I,Operating Cash Balance,Cash Balance Details,3,2023,3,2023,2,04,20
2023-04-20,Treasury General Account (TGA) Closing Balance,279942,279942,279942,I,Operating Cash Balance,Cash Balance Details,4,2023,3,2023,2,04,20
2023-04-19,Treasury General Account (TGA) Opening Balance,252552,177692,635994,I,Operating Cash Balance,Cash Balance Details,1,2023,3,2023,2,04,19
2023-04-19,Total TGA Deposits (Table II),59878,1324966,13110800,I,Operating Cash Balance,Cash Balance Details,2,2023,3,2023,2,04,19
2023-04-19,Total TGA Withdrawals (Table II) (-),47335,1237564,13481699,I,Operating Cash Balance,Cash Balance Details,3,2023,3,2023,2,04,19
2023-04-19,Treasury General Account (TGA) Closing Balance,265095,265095,265095,I,Operating Cash Balance,Cash Balance Details,4,2023,3,2023,2,04,19
2023-04-18,Treasury General Account (TGA) Opening Balance,144079,177692,635994,I,Operating Cash Balance,Cash Balance Details,1,2023,3,2023,2,04,18
2023-04-18,Total TGA Deposits (Table II),283532,1265088,13050922,I,Operating Cash Balance,Cash Balance Details,2,2023,3,2023,2,04,18
2023-04-18,Total TGA Withdrawals (Table II) (-),175059,1190229,13434364,I,Operating Cash Balance,Cash Balance Details,3,2023,3,2023,2,04,18
2023-04-18,Treasury General Account (TGA) Closing Balance,252552,252552,252552,I,Operating Cash Balance,Cash Balance Details,4,2023,3,2023,2,04,18
2023-04-17,Treasury General Account (TGA) Opening Balance,134890,177692,635994,I,Operating Cash Balance,Cash Balance Details,1,2023,3,2023,2,04,17
2023-04-17,Total TGA Deposits (Table II),174975,981557,12767390,I,Operating Cash Balance,Cash Balance Details,2,2023,3,2023,2,04,17
2023-04-17,Total TGA Withdrawals (Table II) (-),165786,1015170,13259305,I,Operating Cash Balance,Cash Balance Details,3,2023,3,2023,2,04,17
2023-04-17,Treasury General Account (TGA) Closing Balance,144079,144079,144079,I,Operating Cash Balance,Cash Balance Details,4,2023,3,2023,2,04,17
2023-04-14,Treasury General Account (TGA) Opening Balance,99488,177692,635994,I,Operating Cash Balance,Cash Balance Details,1,2023,3,2023,2,04,14
2023-04-14,Total TGA Deposits (Table II),57737,806582,12592416,I,Operating Cash Balance,Cash Balance Details,2,2023,3,2023,2,04,14
2023-04-14,Total TGA Withdrawals (Table II) (-),22335,849384,13093519,I,Operating Cash Balance,Cash Balance Details,3,2023,3,2023,2,04,14
2023-04-14,Treasury General Account (TGA) Closing Balance,134890,134890,134890,I,Operating Cash Balance,Cash Balance Details,4,2023,3,2023,2,04,14
2023-04-13,Treasury General Account (TGA) Opening Balance,86554,177692,635994,I,Operating Cash Balance,Cash Balance Details,1,2023,3,2023,2,04,13
2023-04-13,Total TGA Deposits (Table II),142889,748845,12534678,I,Operating Cash Balance,Cash Balance Details,2,2023,3,2023,2,04,13
2023-04-13,Total TGA Withdrawals (Table II) (-),129956,827049,13071184,I,Operating Cash Balance,Cash Balance Details,3,2023,3,2023,2,04,13
2023-04-13,Treasury General Account (TGA) Closing Balance,99488,99488,99488,I,Operating Cash Balance,Cash Balance Details,4,2023,3,2023,2,04,13
2023-04-12,Treasury General Account (TGA) Opening Balance,107469,177692,635994,I,Operating Cash Balance,Cash Balance Details,1,2023,3,2023,2,04,12
2023-04-12,Total TGA Deposits (Table II),28619,605955,12391789,I,Operating Cash Balance,Cash Balance Details,2,2023,3,2023,2,04,12
2023-04-12,Total TGA Withdrawals (Table II) (-),49533,697094,12941229,I,Operating Cash Balance,Cash Balance Details,3,2023,3,2023,2,04,12
2023-04-12,Treasury General Account (TGA) Closing Balance,86554,86554,86554,I,Operating Cash Balance,Cash Balance Details,4,2023,3,2023,2,04,12
2023-04-11,Treasury General Account (TGA) Opening Balance,125004,177692,635994,I,Operating Cash Balance,Cash Balance Details,1,2023,3,2023,2,04,11
2023-04-11,Total TGA Deposits (Table II),165139,577337,12363171,I,Operating Cash Balance,Cash Balance Details,2,2023,3,2023,2,04,11
2023-04-11,Total TGA Withdrawals (Table II) (-),182674,647560,12891695,I,Operating Cash Balance,Cash Balance Details,3,2023,3,2023,2,04,11
2023-04-11,Treasury General Account (TGA) Closing Balance,107469,107469,107469,I,Operating Cash Balance,Cash Balance Details,4,2023,3,2023,2,04,11
2023-04-10,Treasury General Account (TGA) Opening Balance,110822,177692,635994,I,Operating Cash Balance,Cash Balance Details,1,2023,3,2023,2,04,10
2023-04-10,Total TGA Deposits (Table II),31218,412198,12198032,I,Operating Cash Balance,Cash Balance Details,2,2023,3,2023,2,04,10
2023-04-10,Total TGA Withdrawals (Table II) (-),17035,464886,12709021,I,Operating Cash Balance,Cash Balance Details,3,2023,3,2023,2,04,10
2023-04-10,Treasury General Account (TGA) Closing Balance,125004,125004,125004,I,Operating Cash Balance,Cash Balance Details,4,2023,3,2023,2,04,10
2023-04-07,Treasury General Account (TGA) Opening Balance,112965,177692,635994,I,Operating Cash Balance,Cash Balance Details,1,2023,3,2023,2,04,07
2023-04-07,Total TGA Deposits (Table II),15196,380980,12166814,I,Operating Cash Balance,Cash Balance Details,2,2023,3,2023,2,04,07
2023-04-07,Total TGA Withdrawals (Table II) (-),17340,447850,12691985,I,Operating Cash Balance,Cash Balance Details,3,2023,3,2023,2,04,07
2023-04-07,Treasury General Account (TGA) Closing Balance,110822,110822,110822,I,Operating Cash Balance,Cash Balance Details,4,2023,3,2023,2,04,07
2023-04-06,Treasury General Account (TGA) Opening Balance,140688,177692,635994,I,Operating Cash Balance,Cash Balance Details,1,2023,3,2023,2,04,06
2023-04-06,Total TGA Deposits (Table II),128939,365784,12151618,I,Operating Cash Balance,Cash Balance Details,2,2023,3,2023,2,04,06
2023-04-06,Total TGA Withdrawals (Table II) (-),156662,430511,12674646,I,Operating Cash Balance,Cash Balance Details,3,2023,3,2023,2,04,06
2023-04-06,Treasury General Account (TGA) Closing Balance,112965,112965,112965,I,Operating Cash Balance,Cash Balance Details,4,2023,3,2023,2,04,06
2023-04-05,Treasury General Account (TGA) Opening Balance,140347,177692,635994,I,Operating Cash Balance,Cash Balance Details,1,2023,3,2023,2,04,05
2023-04-05,Total TGA Deposits (Table II),20880,236844,12022678,I,Operating Cash Balance,Cash Balance Details,2,2023,3,2023,2,04,05
2023-04-05,Total TGA Withdrawals (Table II) (-),20539,273849,12517984,I,Operating Cash Balance,Cash Balance Details,3,2023,3,2023,2,04,05
2023-04-05,Treasury General Account (TGA) Closing Balance,140688,140688,140688,I,Operating Cash Balance,Cash Balance Details,4,2023,3,2023,2,04,05
2023-04-04,Treasury General Account (TGA) Opening Balance,173105,177692,635994,I,Operating Cash Balance,Cash Balance Details,1,2023,3,2023,2,04,04
2023-04-04,Total TGA Deposits (Table II),161450,215965,12001799,I,Operating Cash Balance,Cash Balance Details,2,2023,3,2023,2,04,04
2023-04-04,Total TGA Withdrawals (Table II) (-),194207,253310,12497445,I,Operating Cash Balance,Cash Balance Details,3,2023,3,2023,2,04,04
2023-04-04,Treasury General Account (TGA) Closing Balance,140347,140347,140347,I,Operating Cash Balance,Cash Balance Details,4,2023,3,2023,2,04,04
2023-04-03,Treasury General Account (TGA) Opening Balance,177692,177692,635994,I,Operating Cash Balance,Cash Balance Details,1,2023,3,2023,2,04,03
2023-04-03,Total TGA Deposits (Table II),54515,54515,11840349,I,Operating Cash Balance,Cash Balance Details,2,2023,3,2023,2,04,03
2023-04-03,Total TGA Withdrawals (Table II) (-),59103,59103,12303238,I,Operating Cash Balance,Cash Balance Details,3,2023,3,2023,2,04,03
2023-04-03,Treasury General Account (TGA) Closing Balance,173105,173105,173105,I,Operating Cash Balance,Cash Balance Details,4,2023,3,2023,2,04,03
2023-03-31,Treasury General Account (TGA) Opening Balance,194336,415005,635994,I,Operating Cash Balance,Cash Balance Details,1,2023,2,2023,1,03,31
2023-03-31,Total TGA Deposits (Table II),235149,2061969,11785834,I,Operating Cash Balance,Cash Balance Details,2,2023,2,2023,1,03,31
2023-03-31,Total TGA Withdrawals (Table II) (-),251792,2299281,12244135,I,Operating Cash Balance,Cash Balance Details,3,2023,2,2023,1,03,31
2023-03-31,Treasury General Account (TGA) Closing Balance,177692,177692,177692,I,Operating Cash Balance,Cash Balance Details,4,2023,2,2023,1,03,31
2023-03-30,Treasury General Account (TGA) Opening Balance,162758,415005,635994,I,Operating Cash Balance,Cash Balance Details,1,2023,2,2023,1,03,30
2023-03-30,Total TGA Deposits (Table II),157246,1826820,11550685,I,Operating Cash Balance,Cash Balance Details,2,2023,2,2023,1,03,30
2023-03-30,Total TGA Withdrawals (Table II) (-),125667,2047489,11992342,I,Operating Cash Balance,Cash Balance Details,3,2023,2,2023,1,03,30
2023-03-30,Treasury General Account (TGA) Closing Balance,194336,194336,194336,I,Operating Cash Balance,Cash Balance Details,4,2023,2,2023,1,03,30
2023-03-29,Treasury General Account (TGA) Opening Balance,166348,415005,635994,I,Operating Cash Balance,Cash Balance Details,1,2023,2,2023,1,03,29
2023-03-29,Total TGA Deposits (Table II),18195,1669575,11393439,I,Operating Cash Balance,Cash Balance Details,2,2023,2,2023,1,03,29
2023-03-29,Total TGA Withdrawals (Table II) (-),21785,1921822,11866675,I,Operating Cash Balance,Cash Balance Details,3,2023,2,2023,1,03,29
2023-03-29,Treasury General Account (TGA) Closing Balance,162758,162758,162758,I,Operating Cash Balance,Cash Balance Details,4,2023,2,2023,1,03,29
2023-03-28,Treasury General Account (TGA) Opening Balance,200926,415005,635994,I,Operating Cash Balance,Cash Balance Details,1,2023,2,2023,1,03,28
2023-03-28,Total TGA Deposits (Table II),157353,1651380,11375245,I,Operating Cash Balance,Cash Balance Details,2,2023,2,2023,1,03,28
2023-03-28,Total TGA Withdrawals (Table II) (-),191930,1900036,11844890,I,Operating Cash Balance,Cash Balance Details,3,2023,2,2023,1,03,28
2023-03-28,Treasury General Account (TGA) Closing Balance,166348,166348,166348,I,Operating Cash Balance,Cash Balance Details,4,2023,2,2023,1,03,28
2023-03-27,Treasury General Account (TGA) Opening Balance,187365,415005,635994,I,Operating Cash Balance,Cash Balance Details,1,2023,2,2023,1,03,27
2023-03-27,Total TGA Deposits (Table II),29241,1494027,11217892,I,Operating Cash Balance,Cash Balance Details,2,2023,2,2023,1,03,27
2023-03-27,Total TGA Withdrawals (Table II) (-),15680,1708106,11652959,I,Operating Cash Balance,Cash Balance Details,3,2023,2,2023,1,03,27
2023-03-27,Treasury General Account (TGA) Closing Balance,200926,200926,200926,I,Operating Cash Balance,Cash Balance Details,4,2023,2,2023,1,03,27
2023-03-24,Treasury General Account (TGA) Opening Balance,192910,415005,635994,I,Operating Cash Balance,Cash Balance Details,1,2023,2,2023,1,03,24
2023-03-24,Total TGA Deposits (Table II),12072,1464787,11188651,I,Operating Cash Balance,Cash Balance Details,2,2023,2,2023,1,03,24
2023-03-24,Total TGA Withdrawals (Table II) (-),17617,1692426,11637280,I,Operating Cash Balance,Cash Balance Details,3,2023,2,2023,1,03,24
2023-03-24,Treasury General Account (TGA) Closing Balance,187365,187365,187365,I,Operating Cash Balance,Cash Balance Details,4,2023,2,2023,1,03,24
2023-03-23,Treasury General Account (TGA) Opening Balance,199856,415005,635994,I,Operating Cash Balance,Cash Balance Details,1,2023,2,2023,1,03,23
2023-03-23,Total TGA Deposits (Table II),149945,1452715,11176580,I,Operating Cash Balance,Cash Balance Details,2,2023,2,2023,1,03,23
2023-03-23,Total TGA Withdrawals (Table II) (-),156890,1674809,11619663,I,Operating Cash Balance,Cash Balance Details,3,2023,2,2023,1,03,23
2023-03-23,Treasury General Account (TGA) Closing Balance,192910,192910,192910,I,Operating Cash Balance,Cash Balance Details,4,2023,2,2023,1,03,23
2023-03-22,Treasury General Account (TGA) Opening Balance,224604,415005,635994,I,Operating Cash Balance,Cash Balance Details,1,2023,2,2023,1,03,22
2023-03-22,Total TGA Deposits (Table II),21751,1302770,11026634,I,Operating Cash Balance,Cash Balance Details,2,2023,2,2023,1,03,22
2023-03-22,Total TGA Withdrawals (Table II) (-),46500,1517919,11462772,I,Operating Cash Balance,Cash Balance Details,3,2023,2,2023,1,03,22
2023-03-22,Treasury General Account (TGA) Closing Balance,199856,199856,199856,I,Operating Cash Balance,Cash Balance Details,4,2023,2,2023,1,03,22
2023-03-21,Treasury General Account (TGA) Opening Balance,267101,415005,635994,I,Operating Cash Balance,Cash Balance Details,1,2023,2,2023,1,03,21
2023-03-21,Total TGA Deposits (Table II),159404,1281018,11004883,I,Operating Cash Balance,Cash Balance Details,2,2023,2,2023,1,03,21
2023-03-21,Total TGA Withdrawals (Table II) (-),201901,1471419,11416273,I,Operating Cash Balance,Cash Balance Details,3,2023,2,2023,1,03,21
2023-03-21,Treasury General Account (TGA) Closing Balance,224604,224604,224604,I,Operating Cash Balance,Cash Balance Details,4,2023,2,2023,1,03,21
2023-03-20,Treasury General Account (TGA) Opening Balance,280148,415005,635994,I,Operating Cash Balance,Cash Balance Details,1,2023,2,2023,1,03,20
2023-03-20,Total TGA Deposits (Table II),29000,1121614,10845479,I,Operating Cash Balance,Cash Balance Details,2,2023,2,2023,1,03,20
2023-03-20,Total TGA Withdrawals (Table II) (-),42047,1269518,11214372,I,Operating Cash Balance,Cash Balance Details,3,2023,2,2023,1,03,20
2023-03-20,Treasury General Account (TGA) Closing Balance,267101,267101,267101,I,Operating Cash Balance,Cash Balance Details,4,2023,2,2023,1,03,20
2023-03-17,Treasury General Account (TGA) Opening Balance,285108,415005,635994,I,Operating Cash Balance,Cash Balance Details,1,2023,2,2023,1,03,17
2023-03-17,Total TGA Deposits (Table II),15564,1092614,10816478,I,Operating Cash Balance,Cash Balance Details,2,2023,2,2023,1,03,17
2023-03-17,Total TGA Withdrawals (Table II) (-),20524,1227471,11172324,I,Operating Cash Balance,Cash Balance Details,3,2023,2,2023,1,03,17
2023-03-17,Treasury General Account (TGA) Closing Balance,280148,280148,280148,I,Operating Cash Balance,Cash Balance Details,4,2023,2,2023,1,03,17
2023-03-16,Treasury General Account (TGA) Opening Balance,277643,415005,635994,I,Operating Cash Balance,Cash Balance Details,1,2023,2,2023,1,03,16
2023-03-16,Total TGA Deposits (Table II),144735,1077050,10800915,I,Operating Cash Balance,Cash Balance Details,2,2023,2,2023,1,03,16
2023-03-16,Total TGA Withdrawals (Table II) (-),137271,1206947,11151800,I,Operating Cash Balance,Cash Balance Details,3,2023,2,2023,1,03,16
2023-03-16,Treasury General Account (TGA) Closing Balance,285108,285108,285108,I,Operating Cash Balance,Cash Balance Details,4,2023,2,2023,1,03,16
2023-03-15,Treasury General Account (TGA) Opening Balance,253921,415005,635994,I,Operating Cash Balance,Cash Balance Details,1,2023,2,2023,1,03,15
2023-03-15,Total TGA Deposits (Table II),119123,932314,10656179,I,Operating Cash Balance,Cash Balance Details,2,2023,2,2023,1,03,15
2023-03-15,Total TGA Withdrawals (Table II) (-),95401,1069676,11014530,I,Operating Cash Balance,Cash Balance Details,3,2023,2,2023,1,03,15
2023-03-15,Treasury General Account (TGA) Closing Balance,277643,277643,277643,I,Operating Cash Balance,Cash Balance Details,4,2023,2,2023,1,03,15
2023-03-14,Treasury General Account (TGA) Opening Balance,227312,415005,635994,I,Operating Cash Balance,Cash Balance Details,1,2023,2,2023,1,03,14
2023-03-14,Total TGA Deposits (Table II),213238,813191,10537056,I,Operating Cash Balance,Cash Balance Details,2,2023,2,2023,1,03,14
2023-03-14,Total TGA Withdrawals (Table II) (-),186629,974275,10919129,I,Operating Cash Balance,Cash Balance Details,3,2023,2,2023,1,03,14
2023-03-14,Treasury General Account (TGA) Closing Balance,253921,253921,253921,I,Operating Cash Balance,Cash Balance Details,4,2023,2,2023,1,03,14
2023-03-13,Treasury General Account (TGA) Opening Balance,208074,415005,635994,I,Operating Cash Balance,Cash Balance Details,1,2023,2,2023,1,03,13
2023-03-13,Total TGA Deposits (Table II),39945,599954,10323819,I,Operating Cash Balance,Cash Balance Details,2,2023,2,2023,1,03,13
2023-03-13,Total TGA Withdrawals (Table II) (-),20707,787647,10732500,I,Operating Cash Balance,Cash Balance Details,3,2023,2,2023,1,03,13
2023-03-13,Treasury General Account (TGA) Closing Balance,227312,227312,227312,I,Operating Cash Balance,Cash Balance Details,4,2023,2,2023,1,03,13
2023-03-10,Treasury General Account (TGA) Opening Balance,246969,415005,635994,I,Operating Cash Balance,Cash Balance Details,1,2023,2,2023,1,03,10
2023-03-10,Total TGA Deposits (Table II),14737,560009,10283873,I,Operating Cash Balance,Cash Balance Details,2,2023,2,2023,1,03,10
2023-03-10,Total TGA Withdrawals (Table II) (-),53632,766940,10711793,I,Operating Cash Balance,Cash Balance Details,3,2023,2,2023,1,03,10
2023-03-10,Treasury General Account (TGA) Closing Balance,208074,208074,208074,I,Operating Cash Balance,Cash Balance Details,4,2023,2,2023,1,03,10
2023-03-09,Treasury General Account (TGA) Opening Balance,311731,415005,635994,I,Operating Cash Balance,Cash Balance Details,1,2023,2,2023,1,03,09
2023-03-09,Total TGA Deposits (Table II),119356,545272,10269136,I,Operating Cash Balance,Cash Balance Details,2,2023,2,2023,1,03,09
2023-03-09,Total TGA Withdrawals (Table II) (-),184118,713307,10658161,I,Operating Cash Balance,Cash Balance Details,3,2023,2,2023,1,03,09
2023-03-09,Treasury General Account (TGA) Closing Balance,246969,246969,246969,I,Operating Cash Balance,Cash Balance Details,4,2023,2,2023,1,03,09
2023-03-08,Treasury General Account (TGA) Opening Balance,344724,415005,635994,I,Operating Cash Balance,Cash Balance Details,1,2023,2,2023,1,03,08
2023-03-08,Total TGA Deposits (Table II),17151,425915,10149780,I,Operating Cash Balance,Cash Balance Details,2,2023,2,2023,1,03,08
2023-03-08,Total TGA Withdrawals (Table II) (-),50144,529189,10474043,I,Operating Cash Balance,Cash Balance Details,3,2023,2,2023,1,03,08
2023-03-08,Treasury General Account (TGA) Closing Balance,311731,311731,311731,I,Operating Cash Balance,Cash Balance Details,4,2023,2,2023,1,03,08
2023-03-07,Treasury General Account (TGA) Opening Balance,340182,415005,635994,I,Operating Cash Balance,Cash Balance Details,1,2023,2,2023,1,03,07
2023-03-07,Total TGA Deposits (Table II),183774,408764,10132629,I,Operating Cash Balance,Cash Balance Details,2,2023,2,2023,1,03,07
2023-03-07,Total TGA Withdrawals (Table II) (-),179232,479045,10423898,I,Operating Cash Balance,Cash Balance Details,3,2023,2,2023,1,03,07
2023-03-07,Treasury General Account (TGA) Closing Balance,344724,344724,344724,I,Operating Cash Balance,Cash Balance Details,4,2023,2,2023,1,03,07
2023-03-06,Treasury General Account (TGA) Opening Balance,327193,415005,635994,I,Operating Cash Balance,Cash Balance Details,1,2023,2,2023,1,03,06
2023-03-06,Total TGA Deposits (Table II),33516,224990,9948855,I,Operating Cash Balance,Cash Balance Details,2,2023,2,2023,1,03,06
2023-03-06,Total TGA Withdrawals (Table II) (-),20527,299813,10244667,I,Operating Cash Balance,Cash Balance Details,3,2023,2,2023,1,03,06
2023-03-06,Treasury General Account (TGA) Closing Balance,340182,340182,340182,I,Operating Cash Balance,Cash Balance Details,4,2023,2,2023,1,03,06
2023-03-03,Treasury General Account (TGA) Opening Balance,355232,415005,635994,I,Operating Cash Balance,Cash Balance Details,1,2023,2,2023,1,03,03
2023-03-03,Total TGA Deposits (Table II),16437,191474,9915339,I,Operating Cash Balance,Cash Balance Details,2,2023,2,2023,1,03,03
2023-03-03,Total TGA Withdrawals (Table II) (-),44476,279286,10224139,I,Operating Cash Balance,Cash Balance Details,3,2023,2,2023,1,03,03
2023-03-03,Treasury General Account (TGA) Closing Balance,327193,327193,327193,I,Operating Cash Balance,Cash Balance Details,4,2023,2,2023,1,03,03
2023-03-02,Treasury General Account (TGA) Opening Balance,351015,415005,635994,I,Operating Cash Balance,Cash Balance Details,1,2023,2,2023,1,03,02
2023-03-02,Total TGA Deposits (Table II),130371,175037,9898902,I,Operating Cash Balance,Cash Balance Details,2,2023,2,2023,1,03,02
2023-03-02,Total TGA Withdrawals (Table II) (-),126154,234810,10179663,I,Operating Cash Balance,Cash Balance Details,3,2023,2,2023,1,03,02
2023-03-02,Treasury General Account (TGA) Closing Balance,355232,355232,355232,I,Operating Cash Balance,Cash Balance Details,4,2023,2,2023,1,03,02
2023-03-01,Treasury General Account (TGA) Opening Balance,415005,415005,635994,I,Operating Cash Balance,Cash Balance Details,1,2023,2,2023,1,03,01
2023-03-01,Total TGA Deposits (Table II),44666,44666,9768531,I,Operating Cash Balance,Cash Balance Details,2,2023,2,2023,1,03,01
2023-03-01,Total TGA Withdrawals (Table II) (-),108656,108656,10053510,I,Operating Cash Balance,Cash Balance Details,3,2023,2,2023,1,03,01
2023-03-01,Treasury General Account (TGA) Closing Balance,351015,351015,351015,I,Operating Cash Balance,Cash Balance Details,4,2023,2,2023,1,03,01
2023-02-28,Treasury General Account (TGA) Opening Balance,394017,567908,635994,I,Operating Cash Balance,Cash Balance Details,1,2023,2,2023,1,02,28
2023-02-28,Total TGA Deposits (Table II),386973,1957696,9723865,I,Operating Cash Balance,Cash Balance Details,2,2023,2,2023,1,02,28
2023-02-28,Total TGA Withdrawals (Table II) (-),365985,2110599,9944854,I,Operating Cash Balance,Cash Balance Details,3,2023,2,2023,1,02,28
2023-02-28,Treasury General Account (TGA) Closing Balance,415005,415005,415005,I,Operating Cash Balance,Cash Balance Details,4,2023,2,2023,1,02,28
2023-02-27,Treasury General Account (TGA) Opening Balance,381671,567908,635994,I,Operating Cash Balance,Cash Balance Details,1,2023,2,2023,1,02,27
2023-02-27,Total TGA Deposits (Table II),31809,1570723,9336892,I,Operating Cash Balance,Cash Balance Details,2,2023,2,2023,1,02,27
2023-02-27,Total TGA Withdrawals (Table II) (-),19463,1744614,9578869,I,Operating Cash Balance,Cash Balance Details,3,2023,2,2023,1,02,27
2023-02-27,Treasury General Account (TGA) Closing Balance,394017,394017,394017,I,Operating Cash Balance,Cash Balance Details,4,2023,2,2023,1,02,27
2023-02-24,Treasury General Account (TGA) Opening Balance,363666,567908,635994,I,Operating Cash Balance,Cash Balance Details,1,2023,2,2023,1,02,24
2023-02-24,Total TGA Deposits (Table II),35139,1538914,9305083,I,Operating Cash Balance,Cash Balance Details,2,2023,2,2023,1,02,24
2023-02-24,Total TGA Withdrawals (Table II) (-),17134,1725152,9559406,I,Operating Cash Balance,Cash Balance Details,3,2023,2,2023,1,02,24
2023-02-24,Treasury General Account (TGA) Closing Balance,381671,381671,381671,I,Operating Cash Balance,Cash Balance Details,4,2023,2,2023,1,02,24
2023-02-23,Treasury General Account (TGA) Opening Balance,451307,567908,635994,I,Operating Cash Balance,Cash Balance Details,1,2023,2,2023,1,02,23
2023-02-23,Total TGA Deposits (Table II),175844,1503775,9269944,I,Operating Cash Balance,Cash Balance Details,2,2023,2,2023,1,02,23
2023-02-23,Total TGA Withdrawals (Table II) (-),263484,1708017,9542271,I,Operating Cash Balance,Cash Balance Details,3,2023,2,2023,1,02,23
2023-02-23,Treasury General Account (TGA) Closing Balance,363666,363666,363666,I,Operating Cash Balance,Cash Balance Details,4,2023,2,2023,1,02,23
2023-02-22,Treasury General Account (TGA) Opening Balance,508286,567908,635994,I,Operating Cash Balance,Cash Balance Details,1,2023,2,2023,1,02,22
2023-02-22,Total TGA Deposits (Table II),12607,1327931,9094100,I,Operating Cash Balance,Cash Balance Details,2,2023,2,2023,1,02,22
2023-02-22,Total TGA Withdrawals (Table II) (-),69586,1444533,9278787,I,Operating Cash Balance,Cash Balance Details,3,2023,2,2023,1,02,22
2023-02-22,Treasury General Account (TGA) Closing Balance,451307,451307,451307,I,Operating Cash Balance,Cash Balance Details,4,2023,2,2023,1,02,22
2023-02-21,Treasury General Account (TGA) Opening Balance,475675,567908,635994,I,Operating Cash Balance,Cash Balance Details,1,2023,2,2023,1,02,21
2023-02-21,Total TGA Deposits (Table II),209939,1315325,9081494,I,Operating Cash Balance,Cash Balance Details,2,2023,2,2023,1,02,21
2023-02-21,Total TGA Withdrawals (Table II) (-),177328,1374947,9209201,I,Operating Cash Balance,Cash Balance Details,3,2023,2,2023,1,02,21
2023-02-21,Treasury General Account (TGA) Closing Balance,508286,508286,508286,I,Operating Cash Balance,Cash Balance Details,4,2023,2,2023,1,02,21
2023-02-17,Treasury General Account (TGA) Opening Balance,479039,567908,635994,I,Operating Cash Balance,Cash Balance Details,1,2023,2,2023,1,02,17
2023-02-17,Total TGA Deposits (Table II),14668,1105385,8871554,I,Operating Cash Balance,Cash Balance Details,2,2023,2,2023,1,02,17
2023-02-17,Total TGA Withdrawals (Table II) (-),18032,1197619,9031873,I,Operating Cash Balance,Cash Balance Details,3,2023,2,2023,1,02,17
2023-02-17,Treasury General Account (TGA) Closing Balance,475675,475675,475675,I,Operating Cash Balance,Cash Balance Details,4,2023,2,2023,1,02,17
2023-02-16,Treasury General Account (TGA) Opening Balance,439703,567908,635994,I,Operating Cash Balance,Cash Balance Details,1,2023,2,2023,1,02,16
2023-02-16,Total TGA Deposits (Table II),169145,1090718,8856886,I,Operating Cash Balance,Cash Balance Details,2,2023,2,2023,1,02,16
2023-02-16,Total TGA Withdrawals (Table II) (-),129809,1179587,9013841,I,Operating Cash Balance,Cash Balance Details,3,2023,2,2023,1,02,16
2023-02-16,Treasury General Account (TGA) Closing Balance,479039,479039,479039,I,Operating Cash Balance,Cash Balance Details,4,2023,2,2023,1,02,16
2023-02-15,Treasury General Account (TGA) Opening Balance,526992,567908,635994,I,Operating Cash Balance,Cash Balance Details,1,2023,2,2023,1,02,15
2023-02-15,Total TGA Deposits (Table II),154750,921573,8687742,I,Operating Cash Balance,Cash Balance Details,2,2023,2,2023,1,02,15
2023-02-15,Total TGA Withdrawals (Table II) (-),242039,1049778,8884032,I,Operating Cash Balance,Cash Balance Details,3,2023,2,2023,1,02,15
2023-02-15,Treasury General Account (TGA) Closing Balance,439703,439703,439703,I,Operating Cash Balance,Cash Balance Details,4,2023,2,2023,1,02,15
2023-02-14,Treasury General Account (TGA) Opening Balance,501103,567908,635994,I,Operating Cash Balance,Cash Balance Details,1,2023,2,2023,1,02,14
2023-02-14,Total TGA Deposits (Table II),184015,766823,8532992,I,Operating Cash Balance,Cash Balance Details,2,2023,2,2023,1,02,14
2023-02-14,Total TGA Withdrawals (Table II) (-),158126,807739,8641993,I,Operating Cash Balance,Cash Balance Details,3,2023,2,2023,1,02,14
2023-02-14,Treasury General Account (TGA) Closing Balance,526992,526992,526992,I,Operating Cash Balance,Cash Balance Details,4,2023,2,2023,1,02,14
2023-02-13,Treasury General Account (TGA) Opening Balance,490201,567908,635994,I,Operating Cash Balance,Cash Balance Details,1,2023,2,2023,1,02,13
2023-02-13,Total TGA Deposits (Table II),28209,582808,8348977,I,Operating Cash Balance,Cash Balance Details,2,2023,2,2023,1,02,13
2023-02-13,Total TGA Withdrawals (Table II) (-),17307,649613,8483867,I,Operating Cash Balance,Cash Balance Details,3,2023,2,2023,1,02,13
2023-02-13,Treasury General Account (TGA) Closing Balance,501103,501103,501103,I,Operating Cash Balance,Cash Balance Details,4,2023,2,2023,1,02,13
2023-02-10,Treasury General Account (TGA) Opening Balance,494252,567908,635994,I,Operating Cash Balance,Cash Balance Details,1,2023,2,2023,1,02,10
2023-02-10,Total TGA Deposits (Table II),12842,554599,8320767,I,Operating Cash Balance,Cash Balance Details,2,2023,2,2023,1,02,10
2023-02-10,Total TGA Withdrawals (Table II) (-),16893,632306,8466560,I,Operating Cash Balance,Cash Balance Details,3,2023,2,2023,1,02,10
2023-02-10,Treasury General Account (TGA) Closing Balance,490201,490201,490201,I,Operating Cash Balance,Cash Balance Details,4,2023,2,2023,1,02,10
2023-02-09,Treasury General Account (TGA) Opening Balance,495838,567908,635994,I,Operating Cash Balance,Cash Balance Details,1,2023,2,2023,1,02,09
2023-02-09,Total TGA Deposits (Table II),126295,541756,8307925,I,Operating Cash Balance,Cash Balance Details,2,2023,2,2023,1,02,09
2023-02-09,Total TGA Withdrawals (Table II) (-),127881,615413,8449667,I,Operating Cash Balance,Cash Balance Details,3,2023,2,2023,1,02,09
2023-02-09,Treasury General Account (TGA) Closing Balance,494252,494252,494252,I,Operating Cash Balance,Cash Balance Details,4,2023,2,2023,1,02,09
2023-02-08,Treasury General Account (TGA) Opening Balance,528118,567908,635994,I,Operating Cash Balance,Cash Balance Details,1,2023,2,2023,1,02,08
2023-02-08,Total TGA Deposits (Table II),15369,415462,8181631,I,Operating Cash Balance,Cash Balance Details,2,2023,2,2023,1,02,08
2023-02-08,Total TGA Withdrawals (Table II) (-),47650,487532,8321787,I,Operating Cash Balance,Cash Balance Details,3,2023,2,2023,1,02,08
2023-02-08,Treasury General Account (TGA) Closing Balance,495838,495838,495838,I,Operating Cash Balance,Cash Balance Details,4,2023,2,2023,1,02,08
2023-02-07,Treasury General Account (TGA) Opening Balance,489948,567908,635994,I,Operating Cash Balance,Cash Balance Details,1,2023,2,2023,1,02,07
2023-02-07,Total TGA Deposits (Table II),180857,400092,8166261,I,Operating Cash Balance,Cash Balance Details,2,2023,2,2023,1,02,07
2023-02-07,Total TGA Withdrawals (Table II) (-),142687,439883,8274137,I,Operating Cash Balance,Cash Balance Details,3,2023,2,2023,1,02,07
2023-02-07,Treasury General Account (TGA) Closing Balance,528118,528118,528118,I,Operating Cash Balance,Cash Balance Details,4,2023,2,2023,1,02,07
2023-02-06,Treasury General Account (TGA) Opening Balance,477618,567908,635994,I,Operating Cash Balance,Cash Balance Details,1,2023,2,2023,1,02,06
2023-02-06,Total TGA Deposits (Table II),29358,219236,7985404,I,Operating Cash Balance,Cash Balance Details,2,2023,2,2023,1,02,06
2023-02-06,Total TGA Withdrawals (Table II) (-),17028,297195,8131449,I,Operating Cash Balance,Cash Balance Details,3,2023,2,2023,1,02,06
2023-02-06,Treasury General Account (TGA) Closing Balance,489948,489948,489948,I,Operating Cash Balance,Cash Balance Details,4,2023,2,2023,1,02,06
2023-02-03,Treasury General Account (TGA) Opening Balance,506179,567908,635994,I,Operating Cash Balance,Cash Balance Details,1,2023,2,2023,1,02,03
2023-02-03,Total TGA Deposits (Table II),15406,189878,7956047,I,Operating Cash Balance,Cash Balance Details,2,2023,2,2023,1,02,03
2023-02-03,Total TGA Withdrawals (Table II) (-),43966,280168,8114422,I,Operating Cash Balance,Cash Balance Details,3,2023,2,2023,1,02,03
2023-02-03,Treasury General Account (TGA) Closing Balance,477618,477618,477618,I,Operating Cash Balance,Cash Balance Details,4,2023,2,2023,1,02,03
2023-02-02,Treasury General Account (TGA) Opening Balance,500852,567908,635994,I,Operating Cash Balance,Cash Balance Details,1,2023,2,2023,1,02,02
2023-02-02,Total TGA Deposits (Table II),134733,174472,7940641,I,Operating Cash Balance,Cash Balance Details,2,2023,2,2023,1,02,02
2023-02-02,Total TGA Withdrawals (Table II) (-),129407,236201,8070455,I,Operating Cash Balance,Cash Balance Details,3,2023,2,2023,1,02,02
2023-02-02,Treasury General Account (TGA) Closing Balance,506179,506179,506179,I,Operating Cash Balance,Cash Balance Details,4,2023,2,2023,1,02,02
2023-02-01,Treasury General Account (TGA) Opening Balance,567908,567908,635994,I,Operating Cash Balance,Cash Balance Details,1,2023,2,2023,1,02,01
2023-02-01,Total TGA Deposits (Table II),39739,39739,7805908,I,Operating Cash Balance,Cash Balance Details,2,2023,2,2023,1,02,01
2023-02-01,Total TGA Withdrawals (Table II) (-),106794,106794,7941049,I,Operating Cash Balance,Cash Balance Details,3,2023,2,2023,1,02,01
2023-02-01,Treasury General Account (TGA) Closing Balance,500852,500852,500852,I,Operating Cash Balance,Cash Balance Details,4,2023,2,2023,1,02,01
2023-01-31,Treasury General Account (TGA) Opening Balance,579826,446685,635994,I,Operating Cash Balance,Cash Balance Details,1,2023,2,2023,1,01,31
2023-01-31,Total TGA Deposits (Table II),362691,2298487,7766169,I,Operating Cash Balance,Cash Balance Details,2,2023,2,2023,1,01,31
2023-01-31,Total TGA Withdrawals (Table II) (-),374609,2177264,7834254,I,Operating Cash Balance,Cash Balance Details,3,2023,2,2023,1,01,31
2023-01-31,Treasury General Account (TGA) Closing Balance,567908,567908,567908,I,Operating Cash Balance,Cash Balance Details,4,2023,2,2023,1,01,31
2023-01-30,Treasury General Account (TGA) Opening Balance,567827,446685,635994,I,Operating Cash Balance,Cash Balance Details,1,2023,2,2023,1,01,30
2023-01-30,Total TGA Deposits (Table II),27489,1935796,7403478,I,Operating Cash Balance,Cash Balance Details,2,2023,2,2023,1,01,30
2023-01-30,Total TGA Withdrawals (Table II) (-),15490,1802655,7459645,I,Operating Cash Balance,Cash Balance Details,3,2023,2,2023,1,01,30
2023-01-30,Treasury General Account (TGA) Closing Balance,579826,579826,579826,I,Operating Cash Balance,Cash Balance Details,4,2023,2,2023,1,01,30
2023-01-27,Treasury General Account (TGA) Opening Balance,568553,446685,635994,I,Operating Cash Balance,Cash Balance Details,1,2023,2,2023,1,01,27
2023-01-27,Total TGA Deposits (Table II),14993,1908307,7375989,I,Operating Cash Balance,Cash Balance Details,2,2023,2,2023,1,01,27
2023-01-27,Total TGA Withdrawals (Table II) (-),15719,1787165,7444156,I,Operating Cash Balance,Cash Balance Details,3,2023,2,2023,1,01,27
2023-01-27,Treasury General Account (TGA) Closing Balance,567827,567827,567827,I,Operating Cash Balance,Cash Balance Details,4,2023,2,2023,1,01,27
2023-01-26,Treasury General Account (TGA) Opening Balance,572622,446685,635994,I,Operating Cash Balance,Cash Balance Details,1,2023,2,2023,1,01,26
2023-01-26,Total TGA Deposits (Table II),164428,1893314,7360996,I,Operating Cash Balance,Cash Balance Details,2,2023,2,2023,1,01,26
2023-01-26,Total TGA Withdrawals (Table II) (-),168497,1771446,7428436,I,Operating Cash Balance,Cash Balance Details,3,2023,2,2023,1,01,26
2023-01-26,Treasury General Account (TGA) Closing Balance,568553,568553,568553,I,Operating Cash Balance,Cash Balance Details,4,2023,2,2023,1,01,26
2023-01-25,Treasury General Account (TGA) Opening Balance,579841,446685,635994,I,Operating Cash Balance,Cash Balance Details,1,2023,2,2023,1,01,25
2023-01-25,Total TGA Deposits (Table II),32369,1728886,7196568,I,Operating Cash Balance,Cash Balance Details,2,2023,2,2023,1,01,25
2023-01-25,Total TGA Withdrawals (Table II) (-),39588,1602949,7259939,I,Operating Cash Balance,Cash Balance Details,3,2023,2,2023,1,01,25
2023-01-25,Treasury General Account (TGA) Closing Balance,572622,572622,572622,I,Operating Cash Balance,Cash Balance Details,4,2023,2,2023,1,01,25
2023-01-24,Treasury General Account (TGA) Opening Balance,471005,446685,635994,I,Operating Cash Balance,Cash Balance Details,1,2023,2,2023,1,01,24
2023-01-24,Total TGA Deposits (Table II),253549,1696517,7164199,I,Operating Cash Balance,Cash Balance Details,2,2023,2,2023,1,01,24
2023-01-24,Total TGA Withdrawals (Table II) (-),144712,1563361,7220351,I,Operating Cash Balance,Cash Balance Details,3,2023,2,2023,1,01,24
2023-01-24,Treasury General Account (TGA) Closing Balance,579841,579841,579841,I,Operating Cash Balance,Cash Balance Details,4,2023,2,2023,1,01,24
2023-01-23,Treasury General Account (TGA) Opening Balance,454615,446685,635994,I,Operating Cash Balance,Cash Balance Details,1,2023,2,2023,1,01,23
2023-01-23,Total TGA Deposits (Table II),34276,1442968,6910650,I,Operating Cash Balance,Cash Balance Details,2,2023,2,2023,1,01,23
2023-01-23,Total TGA Withdrawals (Table II) (-),17886,1418648,7075639,I,Operating Cash Balance,Cash Balance Details,3,2023,2,2023,1,01,23
2023-01-23,Treasury General Account (TGA) Closing Balance,471005,471005,471005,I,Operating Cash Balance,Cash Balance Details,4,2023,2,2023,1,01,23
2023-01-20,Treasury General Account (TGA) Opening Balance,455623,446685,635994,I,Operating Cash Balance,Cash Balance Details,1,2023,2,2023,1,01,20
2023-01-20,Total TGA Deposits (Table II),23052,1408692,6876374,I,Operating Cash Balance,Cash Balance Details,2,2023,2,2023,1,01,20
2023-01-20,Total TGA Withdrawals (Table II) (-),24059,1400762,7057752,I,Operating Cash Balance,Cash Balance Details,3,2023,2,2023,1,01,20
2023-01-20,Treasury General Account (TGA) Closing Balance,454615,454615,454615,I,Operating Cash Balance,Cash Balance Details,4,2023,2,2023,1,01,20
2023-01-19,Treasury General Account (TGA) Opening Balance,377500,446685,635994,I,Operating Cash Balance,Cash Balance Details,1,2023,2,2023,1,01,19
2023-01-19,Total TGA Deposits (Table II),206775,1385641,6853323,I,Operating Cash Balance,Cash Balance Details,2,2023,2,2023,1,01,19
2023-01-19,Total TGA Withdrawals (Table II) (-),128653,1376703,7033693,I,Operating Cash Balance,Cash Balance Details,3,2023,2,2023,1,01,19
2023-01-19,Treasury General Account (TGA) Closing Balance,455623,455623,455623,I,Operating Cash Balance,Cash Balance Details,4,2023,2,2023,1,01,19
2023-01-18,Total TGA Withdrawals (Table II) (-),43324,1248050,6905040,I,Operating Cash Balance,Cash Balance Details,3,2023,2,2023,1,01,18
2023-01-18,Treasury General Account (TGA) Opening Balance,398974,446685,635994,I,Operating Cash Balance,Cash Balance Details,1,2023,2,2023,1,01,18
2023-01-18,Total TGA Deposits (Table II),21851,1178865,6646547,I,Operating Cash Balance,Cash Balance Details,2,2023,2,2023,1,01,18
2023-01-18,Treasury General Account (TGA) Closing Balance,377500,377500,377500,I,Operating Cash Balance,Cash Balance Details,4,2023,2,2023,1,01,18
2023-01-17,Treasury General Account (TGA) Opening Balance,321572,446685,635994,I,Operating Cash Balance,Cash Balance Details,1,2023,2,2023,1,01,17
2023-01-17,Total TGA Deposits (Table II),328129,1157014,6624696,I,Operating Cash Balance,Cash Balance Details,2,2023,2,2023,1,01,17
2023-01-17,Total TGA Withdrawals (Table II) (-),250727,1204725,6861716,I,Operating Cash Balance,Cash Balance Details,3,2023,2,2023,1,01,17
2023-01-17,Treasury General Account (TGA) Closing Balance,398974,398974,398974,I,Operating Cash Balance,Cash Balance Details,4,2023,2,2023,1,01,17
2023-01-13,Treasury General Account (TGA) Opening Balance,310363,446685,635994,I,Operating Cash Balance,Cash Balance Details,1,2023,2,2023,1,01,13
2023-01-13,Total TGA Deposits (Table II),29780,828885,6296567,I,Operating Cash Balance,Cash Balance Details,2,2023,2,2023,1,01,13
2023-01-13,Total TGA Withdrawals (Table II) (-),18571,953998,6610989,I,Operating Cash Balance,Cash Balance Details,3,2023,2,2023,1,01,13
2023-01-13,Treasury General Account (TGA) Closing Balance,321572,321572,321572,I,Operating Cash Balance,Cash Balance Details,4,2023,2,2023,1,01,13
2023-01-12,Treasury General Account (TGA) Opening Balance,346426,446685,635994,I,Operating Cash Balance,Cash Balance Details,1,2023,2,2023,1,01,12
2023-01-12,Total TGA Deposits (Table II),127273,799105,6266786,I,Operating Cash Balance,Cash Balance Details,2,2023,2,2023,1,01,12
2023-01-12,Total TGA Withdrawals (Table II) (-),163336,935426,6592417,I,Operating Cash Balance,Cash Balance Details,3,2023,2,2023,1,01,12
2023-01-12,Treasury General Account (TGA) Closing Balance,310363,310363,310363,I,Operating Cash Balance,Cash Balance Details,4,2023,2,2023,1,01,12
2023-01-11,Treasury General Account (TGA) Opening Balance,368000,446685,635994,I,Operating Cash Balance,Cash Balance Details,1,2023,2,2023,1,01,11
2023-01-11,Total TGA Deposits (Table II),22332,671832,6139513,I,Operating Cash Balance,Cash Balance Details,2,2023,2,2023,1,01,11
2023-01-11,Total TGA Withdrawals (Table II) (-),43905,772090,6429081,I,Operating Cash Balance,Cash Balance Details,3,2023,2,2023,1,01,11
2023-01-11,Treasury General Account (TGA) Closing Balance,346426,346426,346426,I,Operating Cash Balance,Cash Balance Details,4,2023,2,2023,1,01,11
2023-01-10,Treasury General Account (TGA) Opening Balance,385220,446685,635994,I,Operating Cash Balance,Cash Balance Details,1,2023,2,2023,1,01,10
2023-01-10,Total TGA Deposits (Table II),136205,649500,6117182,I,Operating Cash Balance,Cash Balance Details,2,2023,2,2023,1,01,10
2023-01-10,Total TGA Withdrawals (Table II) (-),153424,728185,6385175,I,Operating Cash Balance,Cash Balance Details,3,2023,2,2023,1,01,10
2023-01-10,Treasury General Account (TGA) Closing Balance,368000,368000,368000,I,Operating Cash Balance,Cash Balance Details,4,2023,2,2023,1,01,10
2023-01-09,Treasury General Account (TGA) Opening Balance,375694,446685,635994,I,Operating Cash Balance,Cash Balance Details,1,2023,2,2023,1,01,09
2023-01-09,Total TGA Deposits (Table II),28816,513295,5980977,I,Operating Cash Balance,Cash Balance Details,2,2023,2,2023,1,01,09
2023-01-09,Total TGA Withdrawals (Table II) (-),19291,574760,6231751,I,Operating Cash Balance,Cash Balance Details,3,2023,2,2023,1,01,09
2023-01-09,Treasury General Account (TGA) Closing Balance,385220,385220,385220,I,Operating Cash Balance,Cash Balance Details,4,2023,2,2023,1,01,09
2023-01-06,Treasury General Account (TGA) Opening Balance,379653,446685,635994,I,Operating Cash Balance,Cash Balance Details,1,2023,2,2023,1,01,06
2023-01-06,Total TGA Deposits (Table II),15225,484479,5952161,I,Operating Cash Balance,Cash Balance Details,2,2023,2,2023,1,01,06
2023-01-06,Total TGA Withdrawals (Table II) (-),19184,555469,6212460,I,Operating Cash Balance,Cash Balance Details,3,2023,2,2023,1,01,06
2023-01-06,Treasury General Account (TGA) Closing Balance,375694,375694,375694,I,Operating Cash Balance,Cash Balance Details,4,2023,2,2023,1,01,06
2023-01-05,Treasury General Account (TGA) Opening Balance,379620,446685,635994,I,Operating Cash Balance,Cash Balance Details,1,2023,2,2023,1,01,05
2023-01-05,Total TGA Deposits (Table II),132229,469254,5936936,I,Operating Cash Balance,Cash Balance Details,2,2023,2,2023,1,01,05
2023-01-05,Total TGA Withdrawals (Table II) (-),132196,536285,6193276,I,Operating Cash Balance,Cash Balance Details,3,2023,2,2023,1,01,05
2023-01-05,Treasury General Account (TGA) Closing Balance,379653,379653,379653,I,Operating Cash Balance,Cash Balance Details,4,2023,2,2023,1,01,05
2023-01-04,Treasury General Account (TGA) Opening Balance,386114,446685,635994,I,Operating Cash Balance,Cash Balance Details,1,2023,2,2023,1,01,04
2023-01-04,Total TGA Deposits (Table II),14523,337025,5804707,I,Operating Cash Balance,Cash Balance Details,2,2023,2,2023,1,01,04
2023-01-04,Total TGA Withdrawals (Table II) (-),21017,404090,6061080,I,Operating Cash Balance,Cash Balance Details,3,2023,2,2023,1,01,04
2023-01-04,Treasury General Account (TGA) Closing Balance,379620,379620,379620,I,Operating Cash Balance,Cash Balance Details,4,2023,2,2023,1,01,04
2023-01-03,Treasury General Account (TGA) Opening Balance,446685,446685,635994,I,Operating Cash Balance,Cash Balance Details,1,2023,2,2023,1,01,03
2023-01-03,Total TGA Deposits (Table II),322502,322502,5790183,I,Operating Cash Balance,Cash Balance Details,2,2023,2,2023,1,01,03
2023-01-03,Total TGA Withdrawals (Table II) (-),383072,383072,6040063,I,Operating Cash Balance,Cash Balance Details,3,2023,2,2023,1,01,03
2023-01-03,Treasury General Account (TGA) Closing Balance,386114,386114,386114,I,Operating Cash Balance,Cash Balance Details,4,2023,2,2023,1,01,03
2022-12-30,Treasury General Account (TGA) Opening Balance,412900,532791,635994,I,Operating Cash Balance,Cash Balance Details,1,2023,1,2022,4,12,30
2022-12-30,Total TGA Deposits (Table II),75012,1786057,5467682,I,Operating Cash Balance,Cash Balance Details,2,2023,1,2022,4,12,30
2022-12-30,Total TGA Withdrawals (Table II) (-),41227,1872162,5656991,I,Operating Cash Balance,Cash Balance Details,3,2023,1,2022,4,12,30
2022-12-30,Treasury General Account (TGA) Closing Balance,446685,446685,446685,I,Operating Cash Balance,Cash Balance Details,4,2023,1,2022,4,12,30
2022-12-29,Treasury General Account (TGA) Opening Balance,409809,532791,635994,I,Operating Cash Balance,Cash Balance Details,1,2023,1,2022,4,12,29
2022-12-29,Total TGA Deposits (Table II),172576,1711045,5392670,I,Operating Cash Balance,Cash Balance Details,2,2023,1,2022,4,12,29
2022-12-29,Total TGA Withdrawals (Table II) (-),169485,1830936,5615764,I,Operating Cash Balance,Cash Balance Details,3,2023,1,2022,4,12,29
2022-12-29,Treasury General Account (TGA) Closing Balance,412900,412900,412900,I,Operating Cash Balance,Cash Balance Details,4,2023,1,2022,4,12,29
2022-12-28,Treasury General Account (TGA) Opening Balance,430977,532791,635994,I,Operating Cash Balance,Cash Balance Details,1,2023,1,2022,4,12,28
2022-12-28,Total TGA Deposits (Table II),16767,1538469,5220095,I,Operating Cash Balance,Cash Balance Details,2,2023,1,2022,4,12,28
2022-12-28,Total TGA Withdrawals (Table II) (-),37935,1661451,5446279,I,Operating Cash Balance,Cash Balance Details,3,2023,1,2022,4,12,28
2022-12-28,Treasury General Account (TGA) Closing Balance,409809,409809,409809,I,Operating Cash Balance,Cash Balance Details,4,2023,1,2022,4,12,28
2022-12-27,Treasury General Account (TGA) Opening Balance,431253,532791,635994,I,Operating Cash Balance,Cash Balance Details,1,2023,1,2022,4,12,27
2022-12-27,Total TGA Deposits (Table II),162001,1521702,5203327,I,Operating Cash Balance,Cash Balance Details,2,2023,1,2022,4,12,27
2022-12-27,Total TGA Withdrawals (Table II) (-),162277,1623516,5408344,I,Operating Cash Balance,Cash Balance Details,3,2023,1,2022,4,12,27
2022-12-27,Treasury General Account (TGA) Closing Balance,430977,430977,430977,I,Operating Cash Balance,Cash Balance Details,4,2023,1,2022,4,12,27
2022-12-23,Treasury General Account (TGA) Opening Balance,429684,532791,635994,I,Operating Cash Balance,Cash Balance Details,1,2023,1,2022,4,12,23
2022-12-23,Total TGA Deposits (Table II),19456,1359701,5041326,I,Operating Cash Balance,Cash Balance Details,2,2023,1,2022,4,12,23
2022-12-23,Total TGA Withdrawals (Table II) (-),17887,1461239,5246067,I,Operating Cash Balance,Cash Balance Details,3,2023,1,2022,4,12,23
2022-12-23,Treasury General Account (TGA) Closing Balance,431253,431253,431253,I,Operating Cash Balance,Cash Balance Details,4,2023,1,2022,4,12,23
2022-12-22,Treasury General Account (TGA) Opening Balance,434922,532791,635994,I,Operating Cash Balance,Cash Balance Details,1,2023,1,2022,4,12,22
2022-12-22,Total TGA Deposits (Table II),119661,1340245,5021870,I,Operating Cash Balance,Cash Balance Details,2,2023,1,2022,4,12,22
2022-12-22,Total TGA Withdrawals (Table II) (-),124899,1443352,5228180,I,Operating Cash Balance,Cash Balance Details,3,2023,1,2022,4,12,22
2022-12-22,Treasury General Account (TGA) Closing Balance,429684,429684,429684,I,Operating Cash Balance,Cash Balance Details,4,2023,1,2022,4,12,22
2022-12-21,Treasury General Account (TGA) Opening Balance,450413,532791,635994,I,Operating Cash Balance,Cash Balance Details,1,2023,1,2022,4,12,21
2022-12-21,Total TGA Deposits (Table II),26894,1220584,4902209,I,Operating Cash Balance,Cash Balance Details,2,2023,1,2022,4,12,21
2022-12-21,Total TGA Withdrawals (Table II) (-),42385,1318453,5103281,I,Operating Cash Balance,Cash Balance Details,3,2023,1,2022,4,12,21
2022-12-21,Treasury General Account (TGA) Closing Balance,434922,434922,434922,I,Operating Cash Balance,Cash Balance Details,4,2023,1,2022,4,12,21
2022-12-20,Treasury General Account (TGA) Opening Balance,482388,532791,635994,I,Operating Cash Balance,Cash Balance Details,1,2023,1,2022,4,12,20
2022-12-20,Total TGA Deposits (Table II),139612,1193690,4875315,I,Operating Cash Balance,Cash Balance Details,2,2023,1,2022,4,12,20
2022-12-20,Total TGA Withdrawals (Table II) (-),171586,1276067,5060896,I,Operating Cash Balance,Cash Balance Details,3,2023,1,2022,4,12,20
2022-12-20,Treasury General Account (TGA) Closing Balance,450413,450413,450413,I,Operating Cash Balance,Cash Balance Details,4,2023,1,2022,4,12,20
2022-12-19,Total TGA Deposits (Table II),31541,1054078,4735703,I,Operating Cash Balance,Cash Balance Details,2,2023,1,2022,4,12,19
2022-12-19,Total TGA Withdrawals (Table II) (-),16697,1104481,4889309,I,Operating Cash Balance,Cash Balance Details,3,2023,1,2022,4,12,19
2022-12-19,Treasury General Account (TGA) Opening Balance,467544,532791,635994,I,Operating Cash Balance,Cash Balance Details,1,2023,1,2022,4,12,19
2022-12-19,Treasury General Account (TGA) Closing Balance,482388,482388,482388,I,Operating Cash Balance,Cash Balance Details,4,2023,1,2022,4,12,19
2022-12-16,Treasury General Account (TGA) Opening Balance,448106,532791,635994,I,Operating Cash Balance,Cash Balance Details,1,2023,1,2022,4,12,16
2022-12-16,Total TGA Deposits (Table II),32972,1022537,4704162,I,Operating Cash Balance,Cash Balance Details,2,2023,1,2022,4,12,16
2022-12-16,Total TGA Withdrawals (Table II) (-),13534,1087784,4872612,I,Operating Cash Balance,Cash Balance Details,3,2023,1,2022,4,12,16
2022-12-16,Treasury General Account (TGA) Closing Balance,467544,467544,467544,I,Operating Cash Balance,Cash Balance Details,4,2023,1,2022,4,12,16
2022-12-15,Treasury General Account (TGA) Opening Balance,342104,532791,635994,I,Operating Cash Balance,Cash Balance Details,1,2023,1,2022,4,12,15
2022-12-15,Total TGA Deposits (Table II),277939,989565,4671191,I,Operating Cash Balance,Cash Balance Details,2,2023,1,2022,4,12,15
2022-12-15,Total TGA Withdrawals (Table II) (-),171937,1074250,4859078,I,Operating Cash Balance,Cash Balance Details,3,2023,1,2022,4,12,15
2022-12-15,Treasury General Account (TGA) Closing Balance,448106,448106,448106,I,Operating Cash Balance,Cash Balance Details,4,2023,1,2022,4,12,15
2022-12-14,Treasury General Account (TGA) Opening Balance,343699,532791,635994,I,Operating Cash Balance,Cash Balance Details,1,2023,1,2022,4,12,14
2022-12-14,Total TGA Deposits (Table II),39511,710502,4392128,I,Operating Cash Balance,Cash Balance Details,2,2023,1,2022,4,12,14
2022-12-14,Total TGA Withdrawals (Table II) (-),41106,901189,4686017,I,Operating Cash Balance,Cash Balance Details,3,2023,1,2022,4,12,14
2022-12-14,Treasury General Account (TGA) Closing Balance,342104,342104,342104,I,Operating Cash Balance,Cash Balance Details,4,2023,1,2022,4,12,14
2022-12-13,Treasury General Account (TGA) Opening Balance,370897,532791,635994,I,Operating Cash Balance,Cash Balance Details,1,2023,1,2022,4,12,13
2022-12-13,Total TGA Deposits (Table II),141964,670991,4352616,I,Operating Cash Balance,Cash Balance Details,2,2023,1,2022,4,12,13
2022-12-13,Total TGA Withdrawals (Table II) (-),169162,860083,4644911,I,Operating Cash Balance,Cash Balance Details,3,2023,1,2022,4,12,13
2022-12-13,Treasury General Account (TGA) Closing Balance,343699,343699,343699,I,Operating Cash Balance,Cash Balance Details,4,2023,1,2022,4,12,13
2022-12-12,Treasury General Account (TGA) Opening Balance,357709,532791,635994,I,Operating Cash Balance,Cash Balance Details,1,2023,1,2022,4,12,12
2022-12-12,Total TGA Deposits (Table II),32798,529027,4210653,I,Operating Cash Balance,Cash Balance Details,2,2023,1,2022,4,12,12
2022-12-12,Total TGA Withdrawals (Table II) (-),19610,690921,4475749,I,Operating Cash Balance,Cash Balance Details,3,2023,1,2022,4,12,12
2022-12-12,Treasury General Account (TGA) Closing Balance,370897,370897,370897,I,Operating Cash Balance,Cash Balance Details,4,2023,1,2022,4,12,12
2022-12-09,Treasury General Account (TGA) Opening Balance,358794,532791,635994,I,Operating Cash Balance,Cash Balance Details,1,2023,1,2022,4,12,09
2022-12-09,Total TGA Deposits (Table II),16268,496229,4177855,I,Operating Cash Balance,Cash Balance Details,2,2023,1,2022,4,12,09
2022-12-09,Total TGA Withdrawals (Table II) (-),17353,671311,4456139,I,Operating Cash Balance,Cash Balance Details,3,2023,1,2022,4,12,09
2022-12-09,Treasury General Account (TGA) Closing Balance,357709,357709,357709,I,Operating Cash Balance,Cash Balance Details,4,2023,1,2022,4,12,09
2022-12-08,Treasury General Account (TGA) Opening Balance,410853,532791,635994,I,Operating Cash Balance,Cash Balance Details,1,2023,1,2022,4,12,08
2022-12-08,Total TGA Deposits (Table II),115211,479961,4161586,I,Operating Cash Balance,Cash Balance Details,2,2023,1,2022,4,12,08
2022-12-08,Total TGA Withdrawals (Table II) (-),167270,653958,4438786,I,Operating Cash Balance,Cash Balance Details,3,2023,1,2022,4,12,08
2022-12-08,Treasury General Account (TGA) Closing Balance,358794,358794,358794,I,Operating Cash Balance,Cash Balance Details,4,2023,1,2022,4,12,08
2022-12-07,Treasury General Account (TGA) Opening Balance,411431,532791,635994,I,Operating Cash Balance,Cash Balance Details,1,2023,1,2022,4,12,07
2022-12-07,Total TGA Deposits (Table II),17597,364750,4046375,I,Operating Cash Balance,Cash Balance Details,2,2023,1,2022,4,12,07
2022-12-07,Total TGA Withdrawals (Table II) (-),18175,486688,4271516,I,Operating Cash Balance,Cash Balance Details,3,2023,1,2022,4,12,07
2022-12-07,Treasury General Account (TGA) Closing Balance,410853,410853,410853,I,Operating Cash Balance,Cash Balance Details,4,2023,1,2022,4,12,07
2022-12-06,Treasury General Account (TGA) Opening Balance,440836,532791,635994,I,Operating Cash Balance,Cash Balance Details,1,2023,1,2022,4,12,06
2022-12-06,Total TGA Deposits (Table II),135311,347153,4028778,I,Operating Cash Balance,Cash Balance Details,2,2023,1,2022,4,12,06
2022-12-06,Total TGA Withdrawals (Table II) (-),164716,468513,4253341,I,Operating Cash Balance,Cash Balance Details,3,2023,1,2022,4,12,06
2022-12-06,Treasury General Account (TGA) Closing Balance,411431,411431,411431,I,Operating Cash Balance,Cash Balance Details,4,2023,1,2022,4,12,06
2022-12-05,Treasury General Account (TGA) Opening Balance,434939,532791,635994,I,Operating Cash Balance,Cash Balance Details,1,2023,1,2022,4,12,05
2022-12-05,Total TGA Deposits (Table II),23312,211842,3893467,I,Operating Cash Balance,Cash Balance Details,2,2023,1,2022,4,12,05
2022-12-05,Total TGA Withdrawals (Table II) (-),17414,303796,4088625,I,Operating Cash Balance,Cash Balance Details,3,2023,1,2022,4,12,05
2022-12-05,Treasury General Account (TGA) Closing Balance,440836,440836,440836,I,Operating Cash Balance,Cash Balance Details,4,2023,1,2022,4,12,05
2022-12-02,Treasury General Account (TGA) Opening Balance,458408,532791,635994,I,Operating Cash Balance,Cash Balance Details,1,2023,1,2022,4,12,02
2022-12-02,Total TGA Deposits (Table II),15590,188530,3870155,I,Operating Cash Balance,Cash Balance Details,2,2023,1,2022,4,12,02
2022-12-02,Total TGA Withdrawals (Table II) (-),39060,286382,4071210,I,Operating Cash Balance,Cash Balance Details,3,2023,1,2022,4,12,02
2022-12-02,Treasury General Account (TGA) Closing Balance,434939,434939,434939,I,Operating Cash Balance,Cash Balance Details,4,2023,1,2022,4,12,02
2022-12-01,Treasury General Account (TGA) Opening Balance,532791,532791,635994,I,Operating Cash Balance,Cash Balance Details,1,2023,1,2022,4,12,01
2022-12-01,Total TGA Deposits (Table II),172940,172940,3854565,I,Operating Cash Balance,Cash Balance Details,2,2023,1,2022,4,12,01
2022-12-01,Total TGA Withdrawals (Table II) (-),247322,247322,4032150,I,Operating Cash Balance,Cash Balance Details,3,2023,1,2022,4,12,01
2022-12-01,Treasury General Account (TGA) Closing Balance,458408,458408,458408,I,Operating Cash Balance,Cash Balance Details,4,2023,1,2022,4,12,01
2022-11-30,Treasury General Account (TGA) Opening Balance,506052,596470,635994,I,Operating Cash Balance,Cash Balance Details,1,2023,1,2022,4,11,30
2022-11-30,Total TGA Deposits (Table II),183284,1967253,3681625,I,Operating Cash Balance,Cash Balance Details,2,2023,1,2022,4,11,30
2022-11-30,Total TGA Withdrawals (Table II) (-),156545,2030932,3784828,I,Operating Cash Balance,Cash Balance Details,3,2023,1,2022,4,11,30
2022-11-30,Treasury General Account (TGA) Closing Balance,532791,532791,532791,I,Operating Cash Balance,Cash Balance Details,4,2023,1,2022,4,11,30
2022-11-29,Treasury General Account (TGA) Opening Balance,517125,596470,635994,I,Operating Cash Balance,Cash Balance Details,1,2023,1,2022,4,11,29
2022-11-29,Total TGA Deposits (Table II),152592,1783969,3498341,I,Operating Cash Balance,Cash Balance Details,2,2023,1,2022,4,11,29
2022-11-29,Total TGA Withdrawals (Table II) (-),163665,1874387,3628283,I,Operating Cash Balance,Cash Balance Details,3,2023,1,2022,4,11,29
2022-11-29,Treasury General Account (TGA) Closing Balance,506052,506052,506052,I,Operating Cash Balance,Cash Balance Details,4,2023,1,2022,4,11,29
2022-11-28,Treasury General Account (TGA) Opening Balance,510532,596470,635994,I,Operating Cash Balance,Cash Balance Details,1,2023,1,2022,4,11,28
2022-11-28,Total TGA Deposits (Table II),24742,1631377,3345749,I,Operating Cash Balance,Cash Balance Details,2,2023,1,2022,4,11,28
2022-11-28,Total TGA Withdrawals (Table II) (-),18149,1710721,3464618,I,Operating Cash Balance,Cash Balance Details,3,2023,1,2022,4,11,28
2022-11-28,Treasury General Account (TGA) Closing Balance,517125,517125,517125,I,Operating Cash Balance,Cash Balance Details,4,2023,1,2022,4,11,28
2022-11-25,Treasury General Account (TGA) Opening Balance,492754,596470,635994,I,Operating Cash Balance,Cash Balance Details,1,2023,1,2022,4,11,25
2022-11-25,Total TGA Deposits (Table II),145293,1606635,3321007,I,Operating Cash Balance,Cash Balance Details,2,2023,1,2022,4,11,25
2022-11-25,Total TGA Withdrawals (Table II) (-),127515,1692573,3446469,I,Operating Cash Balance,Cash Balance Details,3,2023,1,2022,4,11,25
2022-11-25,Treasury General Account (TGA) Closing Balance,510532,510532,510532,I,Operating Cash Balance,Cash Balance Details,4,2023,1,2022,4,11,25
2022-11-23,Treasury General Account (TGA) Opening Balance,512602,596470,635994,I,Operating Cash Balance,Cash Balance Details,1,2023,1,2022,4,11,23
2022-11-23,Total TGA Deposits (Table II),22788,1461342,3175714,I,Operating Cash Balance,Cash Balance Details,2,2023,1,2022,4,11,23
2022-11-23,Total TGA Withdrawals (Table II) (-),42636,1565057,3318954,I,Operating Cash Balance,Cash Balance Details,3,2023,1,2022,4,11,23
2022-11-23,Treasury General Account (TGA) Closing Balance,492754,492754,492754,I,Operating Cash Balance,Cash Balance Details,4,2023,1,2022,4,11,23
2022-11-22,Treasury General Account (TGA) Opening Balance,476764,596470,635994,I,Operating Cash Balance,Cash Balance Details,1,2023,1,2022,4,11,22
2022-11-22,Total TGA Deposits (Table II),204587,1438553,3152926,I,Operating Cash Balance,Cash Balance Details,2,2023,1,2022,4,11,22
2022-11-22,Total TGA Withdrawals (Table II) (-),168749,1522421,3276318,I,Operating Cash Balance,Cash Balance Details,3,2023,1,2022,4,11,22
2022-11-22,Treasury General Account (TGA) Closing Balance,512602,512602,512602,I,Operating Cash Balance,Cash Balance Details,4,2023,1,2022,4,11,22
2022-11-21,Total TGA Deposits (Table II),24435,1233966,2948339,I,Operating Cash Balance,Cash Balance Details,2,2023,1,2022,4,11,21
2022-11-21,Total TGA Withdrawals (Table II) (-),17280,1353672,3107568,I,Operating Cash Balance,Cash Balance Details,3,2023,1,2022,4,11,21
2022-11-21,Treasury General Account (TGA) Opening Balance,469610,596470,635994,I,Operating Cash Balance,Cash Balance Details,1,2023,1,2022,4,11,21
2022-11-21,Treasury General Account (TGA) Closing Balance,476764,476764,476764,I,Operating Cash Balance,Cash Balance Details,4,2023,1,2022,4,11,21
2022-11-18,Treasury General Account (TGA) Opening Balance,465368,596470,635994,I,Operating Cash Balance,Cash Balance Details,1,2023,1,2022,4,11,18
2022-11-18,Total TGA Deposits (Table II),15643,1209532,2923904,I,Operating Cash Balance,Cash Balance Details,2,2023,1,2022,4,11,18
2022-11-18,Total TGA Withdrawals (Table II) (-),11400,1336391,3090288,I,Operating Cash Balance,Cash Balance Details,3,2023,1,2022,4,11,18
2022-11-18,Treasury General Account (TGA) Closing Balance,469610,469610,469610,I,Operating Cash Balance,Cash Balance Details,4,2023,1,2022,4,11,18
2022-11-17,Treasury General Account (TGA) Opening Balance,472185,596470,635994,I,Operating Cash Balance,Cash Balance Details,1,2023,1,2022,4,11,17
2022-11-17,Total TGA Deposits (Table II),123751,1193889,2908262,I,Operating Cash Balance,Cash Balance Details,2,2023,1,2022,4,11,17
2022-11-17,Total TGA Withdrawals (Table II) (-),130568,1324991,3078888,I,Operating Cash Balance,Cash Balance Details,3,2023,1,2022,4,11,17
2022-11-17,Treasury General Account (TGA) Closing Balance,465368,465368,465368,I,Operating Cash Balance,Cash Balance Details,4,2023,1,2022,4,11,17
2022-11-16,Treasury General Account (TGA) Opening Balance,482354,596470,635994,I,Operating Cash Balance,Cash Balance Details,1,2023,1,2022,4,11,16
2022-11-16,Total TGA Deposits (Table II),26766,1070138,2784511,I,Operating Cash Balance,Cash Balance Details,2,2023,1,2022,4,11,16
2022-11-16,Total TGA Withdrawals (Table II) (-),36936,1194423,2948320,I,Operating Cash Balance,Cash Balance Details,3,2023,1,2022,4,11,16
2022-11-16,Treasury General Account (TGA) Closing Balance,472185,472185,472185,I,Operating Cash Balance,Cash Balance Details,4,2023,1,2022,4,11,16
2022-11-15,Treasury General Account (TGA) Opening Balance,524136,596470,635994,I,Operating Cash Balance,Cash Balance Details,1,2023,1,2022,4,11,15
2022-11-15,Total TGA Deposits (Table II),303116,1043372,2757745,I,Operating Cash Balance,Cash Balance Details,2,2023,1,2022,4,11,15
2022-11-15,Total TGA Withdrawals (Table II) (-),344898,1157487,2911384,I,Operating Cash Balance,Cash Balance Details,3,2023,1,2022,4,11,15
2022-11-15,Treasury General Account (TGA) Closing Balance,482354,482354,482354,I,Operating Cash Balance,Cash Balance Details,4,2023,1,2022,4,11,15
2022-11-14,Treasury General Account (TGA) Opening Balance,510550,596470,635994,I,Operating Cash Balance,Cash Balance Details,1,2023,1,2022,4,11,14
2022-11-14,Total TGA Deposits (Table II),35010,740256,2454628,I,Operating Cash Balance,Cash Balance Details,2,2023,1,2022,4,11,14
2022-11-14,Total TGA Withdrawals (Table II) (-),21425,812589,2566486,I,Operating Cash Balance,Cash Balance Details,3,2023,1,2022,4,11,14
2022-11-14,Treasury General Account (TGA) Closing Balance,524136,524136,524136,I,Operating Cash Balance,Cash Balance Details,4,2023,1,2022,4,11,14
2022-11-10,Treasury General Account (TGA) Opening Balance,517340,596470,635994,I,Operating Cash Balance,Cash Balance Details,1,2023,1,2022,4,11,10
2022-11-10,Total TGA Deposits (Table II),123101,705246,2419618,I,Operating Cash Balance,Cash Balance Details,2,2023,1,2022,4,11,10
2022-11-10,Total TGA Withdrawals (Table II) (-),129891,791165,2545061,I,Operating Cash Balance,Cash Balance Details,3,2023,1,2022,4,11,10
2022-11-10,Treasury General Account (TGA) Closing Balance,510550,510550,510550,I,Operating Cash Balance,Cash Balance Details,4,2023,1,2022,4,11,10
2022-11-09,Treasury General Account (TGA) Opening Balance,545285,596470,635994,I,Operating Cash Balance,Cash Balance Details,1,2023,1,2022,4,11,09
2022-11-09,Total TGA Deposits (Table II),14606,582145,2296517,I,Operating Cash Balance,Cash Balance Details,2,2023,1,2022,4,11,09
2022-11-09,Total TGA Withdrawals (Table II) (-),42551,661274,2415171,I,Operating Cash Balance,Cash Balance Details,3,2023,1,2022,4,11,09
2022-11-09,Treasury General Account (TGA) Closing Balance,517340,517340,517340,I,Operating Cash Balance,Cash Balance Details,4,2023,1,2022,4,11,09
2022-11-08,Treasury General Account (TGA) Opening Balance,530764,596470,635994,I,Operating Cash Balance,Cash Balance Details,1,2023,1,2022,4,11,08
2022-11-08,Total TGA Deposits (Table II),164783,567539,2281912,I,Operating Cash Balance,Cash Balance Details,2,2023,1,2022,4,11,08
2022-11-08,Total TGA Withdrawals (Table II) (-),150262,618724,2372620,I,Operating Cash Balance,Cash Balance Details,3,2023,1,2022,4,11,08
2022-11-08,Treasury General Account (TGA) Closing Balance,545285,545285,545285,I,Operating Cash Balance,Cash Balance Details,4,2023,1,2022,4,11,08
2022-11-07,Treasury General Account (TGA) Opening Balance,524694,596470,635994,I,Operating Cash Balance,Cash Balance Details,1,2023,1,2022,4,11,07
2022-11-07,Total TGA Deposits (Table II),22486,402756,2117129,I,Operating Cash Balance,Cash Balance Details,2,2023,1,2022,4,11,07
2022-11-07,Total TGA Withdrawals (Table II) (-),16416,468462,2222358,I,Operating Cash Balance,Cash Balance Details,3,2023,1,2022,4,11,07
2022-11-07,Treasury General Account (TGA) Closing Balance,530764,530764,530764,I,Operating Cash Balance,Cash Balance Details,4,2023,1,2022,4,11,07
2022-11-04,Treasury General Account (TGA) Opening Balance,524883,596470,635994,I,Operating Cash Balance,Cash Balance Details,1,2023,1,2022,4,11,04
2022-11-04,Total TGA Deposits (Table II),13702,380270,2094643,I,Operating Cash Balance,Cash Balance Details,2,2023,1,2022,4,11,04
2022-11-04,Total TGA Withdrawals (Table II) (-),13891,452046,2205943,I,Operating Cash Balance,Cash Balance Details,3,2023,1,2022,4,11,04
2022-11-04,Treasury General Account (TGA) Closing Balance,524694,524694,524694,I,Operating Cash Balance,Cash Balance Details,4,2023,1,2022,4,11,04
2022-11-03,Treasury General Account (TGA) Opening Balance,552089,596470,635994,I,Operating Cash Balance,Cash Balance Details,1,2023,1,2022,4,11,03
2022-11-03,Total TGA Deposits (Table II),163027,366568,2080941,I,Operating Cash Balance,Cash Balance Details,2,2023,1,2022,4,11,03
2022-11-03,Total TGA Withdrawals (Table II) (-),190233,438155,2192052,I,Operating Cash Balance,Cash Balance Details,3,2023,1,2022,4,11,03
2022-11-03,Treasury General Account (TGA) Closing Balance,524883,524883,524883,I,Operating Cash Balance,Cash Balance Details,4,2023,1,2022,4,11,03
2022-11-02,Treasury General Account (TGA) Opening Balance,551009,596470,635994,I,Operating Cash Balance,Cash Balance Details,1,2023,1,2022,4,11,02
2022-11-02,Total TGA Deposits (Table II),19033,203541,1917913,I,Operating Cash Balance,Cash Balance Details,2,2023,1,2022,4,11,02
2022-11-02,Total TGA Withdrawals (Table II) (-),17954,247922,2001818,I,Operating Cash Balance,Cash Balance Details,3,2023,1,2022,4,11,02
2022-11-02,Treasury General Account (TGA) Closing Balance,552089,552089,552089,I,Operating Cash Balance,Cash Balance Details,4,2023,1,2022,4,11,02
2022-11-01,Treasury General Account (TGA) Opening Balance,596470,596470,635994,I,Operating Cash Balance,Cash Balance Details,1,2023,1,2022,4,11,01
2022-11-01,Total TGA Deposits (Table II),184507,184507,1898880,I,Operating Cash Balance,Cash Balance Details,2,2023,1,2022,4,11,01
2022-11-01,Total TGA Withdrawals (Table II) (-),229968,229968,1983864,I,Operating Cash Balance,Cash Balance Details,3,2023,1,2022,4,11,01
2022-11-01,Treasury General Account (TGA) Closing Balance,551009,551009,551009,I,Operating Cash Balance,Cash Balance Details,4,2023,1,2022,4,11,01
2022-10-31,Treasury General Account (TGA) Opening Balance,621627,635994,635994,I,Operating Cash Balance,Cash Balance Details,1,2023,1,2022,4,10,31
2022-10-31,Total TGA Deposits (Table II),209059,1714373,1714373,I,Operating Cash Balance,Cash Balance Details,2,2023,1,2022,4,10,31
2022-10-31,Total TGA Withdrawals (Table II) (-),234216,1753897,1753897,I,Operating Cash Balance,Cash Balance Details,3,2023,1,2022,4,10,31
2022-10-31,Treasury General Account (TGA) Closing Balance,596470,596470,596470,I,Operating Cash Balance,Cash Balance Details,4,2023,1,2022,4,10,31
2022-10-28,Treasury General Account (TGA) Opening Balance,625362,635994,635994,I,Operating Cash Balance,Cash Balance Details,1,2023,1,2022,4,10,28
2022-10-28,Total TGA Deposits (Table II),16287,1505313,1505313,I,Operating Cash Balance,Cash Balance Details,2,2023,1,2022,4,10,28
2022-10-28,Total TGA Withdrawals (Table II) (-),20022,1519680,1519680,I,Operating Cash Balance,Cash Balance Details,3,2023,1,2022,4,10,28
2022-10-28,Treasury General Account (TGA) Closing Balance,621627,621627,621627,I,Operating Cash Balance,Cash Balance Details,4,2023,1,2022,4,10,28
2022-10-27,Treasury General Account (TGA) Opening Balance,636327,635994,635994,I,Operating Cash Balance,Cash Balance Details,1,2023,1,2022,4,10,27
2022-10-27,Total TGA Deposits (Table II),122823,1489027,1489027,I,Operating Cash Balance,Cash Balance Details,2,2023,1,2022,4,10,27
2022-10-27,Total TGA Withdrawals (Table II) (-),133788,1499659,1499659,I,Operating Cash Balance,Cash Balance Details,3,2023,1,2022,4,10,27
2022-10-27,Treasury General Account (TGA) Closing Balance,625362,625362,625362,I,Operating Cash Balance,Cash Balance Details,4,2023,1,2022,4,10,27
2022-10-26,Treasury General Account (TGA) Opening Balance,659483,635994,635994,I,Operating Cash Balance,Cash Balance Details,1,2023,1,2022,4,10,26
2022-10-26,Total TGA Deposits (Table II),17895,1366204,1366204,I,Operating Cash Balance,Cash Balance Details,2,2023,1,2022,4,10,26
2022-10-26,Total TGA Withdrawals (Table II) (-),41051,1365871,1365871,I,Operating Cash Balance,Cash Balance Details,3,2023,1,2022,4,10,26
2022-10-26,Treasury General Account (TGA) Closing Balance,636327,636327,636327,I,Operating Cash Balance,Cash Balance Details,4,2023,1,2022,4,10,26
2022-10-25,Treasury General Account (TGA) Opening Balance,636785,635994,635994,I,Operating Cash Balance,Cash Balance Details,1,2023,1,2022,4,10,25
2022-10-25,Total TGA Deposits (Table II),174645,1348309,1348309,I,Operating Cash Balance,Cash Balance Details,2,2023,1,2022,4,10,25
2022-10-25,Total TGA Withdrawals (Table II) (-),151947,1324819,1324819,I,Operating Cash Balance,Cash Balance Details,3,2023,1,2022,4,10,25
2022-10-25,Treasury General Account (TGA) Closing Balance,659483,659483,659483,I,Operating Cash Balance,Cash Balance Details,4,2023,1,2022,4,10,25
2022-10-24,Treasury General Account (TGA) Opening Balance,624584,635994,635994,I,Operating Cash Balance,Cash Balance Details,1,2023,1,2022,4,10,24
2022-10-24,Total TGA Deposits (Table II),27787,1173664,1173664,I,Operating Cash Balance,Cash Balance Details,2,2023,1,2022,4,10,24
2022-10-24,Total TGA Withdrawals (Table II) (-),15586,1172872,1172872,I,Operating Cash Balance,Cash Balance Details,3,2023,1,2022,4,10,24
2022-10-24,Treasury General Account (TGA) Closing Balance,636785,636785,636785,I,Operating Cash Balance,Cash Balance Details,4,2023,1,2022,4,10,24
2022-10-21,Treasury General Account (TGA) Opening Balance,635492,635994,635994,I,Operating Cash Balance,Cash Balance Details,1,2023,1,2022,4,10,21
2022-10-21,Total TGA Deposits (Table II),13093,1145877,1145877,I,Operating Cash Balance,Cash Balance Details,2,2023,1,2022,4,10,21
2022-10-21,Total TGA Withdrawals (Table II) (-),24001,1157287,1157287,I,Operating Cash Balance,Cash Balance Details,3,2023,1,2022,4,10,21
2022-10-21,Treasury General Account (TGA) Closing Balance,624584,624584,624584,I,Operating Cash Balance,Cash Balance Details,4,2023,1,2022,4,10,21
2022-10-20,Treasury General Account (TGA) Opening Balance,640613,635994,635994,I,Operating Cash Balance,Cash Balance Details,1,2023,1,2022,4,10,20
2022-10-20,Total TGA Deposits (Table II),126322,1132784,1132784,I,Operating Cash Balance,Cash Balance Details,2,2023,1,2022,4,10,20
2022-10-20,Total TGA Withdrawals (Table II) (-),131443,1133285,1133285,I,Operating Cash Balance,Cash Balance Details,3,2023,1,2022,4,10,20
2022-10-20,Treasury General Account (TGA) Closing Balance,635492,635492,635492,I,Operating Cash Balance,Cash Balance Details,4,2023,1,2022,4,10,20
2022-10-19,Treasury General Account (TGA) Opening Balance,655230,635994,635994,I,Operating Cash Balance,Cash Balance Details,1,2023,1,2022,4,10,19
2022-10-19,Total TGA Deposits (Table II),23326,1006462,1006462,I,Operating Cash Balance,Cash Balance Details,2,2023,1,2022,4,10,19
2022-10-19,Total TGA Withdrawals (Table II) (-),37943,1001842,1001842,I,Operating Cash Balance,Cash Balance Details,3,2023,1,2022,4,10,19
2022-10-19,Treasury General Account (TGA) Closing Balance,640613,640613,640613,I,Operating Cash Balance,Cash Balance Details,4,2023,1,2022,4,10,19
2022-10-18,Treasury General Account (TGA) Opening Balance,651318,635994,635994,I,Operating Cash Balance,Cash Balance Details,1,2023,1,2022,4,10,18
2022-10-18,Total TGA Deposits (Table II),161090,983136,983136,I,Operating Cash Balance,Cash Balance Details,2,2023,1,2022,4,10,18
2022-10-18,Total TGA Withdrawals (Table II) (-),157178,963900,963900,I,Operating Cash Balance,Cash Balance Details,3,2023,1,2022,4,10,18
2022-10-18,Treasury General Account (TGA) Closing Balance,655230,655230,655230,I,Operating Cash Balance,Cash Balance Details,4,2023,1,2022,4,10,18
2022-10-17,Treasury General Account (TGA) Opening Balance,574982,635994,635994,I,Operating Cash Balance,Cash Balance Details,1,2023,1,2022,4,10,17
2022-10-17,Total TGA Deposits (Table II),135435,822046,822046,I,Operating Cash Balance,Cash Balance Details,2,2023,1,2022,4,10,17
2022-10-17,Total TGA Withdrawals (Table II) (-),59099,806722,806722,I,Operating Cash Balance,Cash Balance Details,3,2023,1,2022,4,10,17
2022-10-17,Treasury General Account (TGA) Closing Balance,651318,651318,651318,I,Operating Cash Balance,Cash Balance Details,4,2023,1,2022,4,10,17
2022-10-14,Treasury General Account (TGA) Opening Balance,578283,635994,635994,I,Operating Cash Balance,Cash Balance Details,1,2023,1,2022,4,10,14
2022-10-14,Total TGA Deposits (Table II),19062,686611,686611,I,Operating Cash Balance,Cash Balance Details,2,2023,1,2022,4,10,14
2022-10-14,Total TGA Withdrawals (Table II) (-),22363,747623,747623,I,Operating Cash Balance,Cash Balance Details,3,2023,1,2022,4,10,14
2022-10-14,Treasury General Account (TGA) Closing Balance,574982,574982,574982,I,Operating Cash Balance,Cash Balance Details,4,2023,1,2022,4,10,14
2022-10-13,Treasury General Account (TGA) Opening Balance,583513,635994,635994,I,Operating Cash Balance,Cash Balance Details,1,2023,1,2022,4,10,13
2022-10-13,Total TGA Deposits (Table II),127989,667549,667549,I,Operating Cash Balance,Cash Balance Details,2,2023,1,2022,4,10,13
2022-10-13,Total TGA Withdrawals (Table II) (-),133219,725260,725260,I,Operating Cash Balance,Cash Balance Details,3,2023,1,2022,4,10,13
2022-10-13,Treasury General Account (TGA) Closing Balance,578283,578283,578283,I,Operating Cash Balance,Cash Balance Details,4,2023,1,2022,4,10,13
2022-10-12,Treasury General Account (TGA) Opening Balance,614781,635994,635994,I,Operating Cash Balance,Cash Balance Details,1,2023,1,2022,4,10,12
2022-10-12,Total TGA Deposits (Table II),11489,539560,539560,I,Operating Cash Balance,Cash Balance Details,2,2023,1,2022,4,10,12
2022-10-12,Total TGA Withdrawals (Table II) (-),42757,592041,592041,I,Operating Cash Balance,Cash Balance Details,3,2023,1,2022,4,10,12
2022-10-12,Treasury General Account (TGA) Closing Balance,583513,583513,583513,I,Operating Cash Balance,Cash Balance Details,4,2023,1,2022,4,10,12
2022-10-11,Treasury General Account (TGA) Opening Balance,611855,635994,635994,I,Operating Cash Balance,Cash Balance Details,1,2023,1,2022,4,10,11
2022-10-11,Total TGA Deposits (Table II),156384,528071,528071,I,Operating Cash Balance,Cash Balance Details,2,2023,1,2022,4,10,11
2022-10-11,Total TGA Withdrawals (Table II) (-),153458,549284,549284,I,Operating Cash Balance,Cash Balance Details,3,2023,1,2022,4,10,11
2022-10-11,Treasury General Account (TGA) Closing Balance,614781,614781,614781,I,Operating Cash Balance,Cash Balance Details,4,2023,1,2022,4,10,11
2022-10-07,Treasury General Account (TGA) Opening Balance,612400,635994,635994,I,Operating Cash Balance,Cash Balance Details,1,2023,1,2022,4,10,07
2022-10-07,Total TGA Deposits (Table II),13414,371687,371687,I,Operating Cash Balance,Cash Balance Details,2,2023,1,2022,4,10,07
2022-10-07,Total TGA Withdrawals (Table II) (-),13959,395826,395826,I,Operating Cash Balance,Cash Balance Details,3,2023,1,2022,4,10,07
2022-10-07,Treasury General Account (TGA) Closing Balance,611855,611855,611855,I,Operating Cash Balance,Cash Balance Details,4,2023,1,2022,4,10,07
2022-10-06,Treasury General Account (TGA) Opening Balance,622131,635994,635994,I,Operating Cash Balance,Cash Balance Details,1,2023,1,2022,4,10,06
2022-10-06,Total TGA Deposits (Table II),152539,358273,358273,I,Operating Cash Balance,Cash Balance Details,2,2023,1,2022,4,10,06
2022-10-06,Total TGA Withdrawals (Table II) (-),162270,381867,381867,I,Operating Cash Balance,Cash Balance Details,3,2023,1,2022,4,10,06
2022-10-06,Treasury General Account (TGA) Closing Balance,612400,612400,612400,I,Operating Cash Balance,Cash Balance Details,4,2023,1,2022,4,10,06
2022-10-05,Treasury General Account (TGA) Opening Balance,617850,635994,635994,I,Operating Cash Balance,Cash Balance Details,1,2023,1,2022,4,10,05
2022-10-05,Total TGA Deposits (Table II),19124,205735,205735,I,Operating Cash Balance,Cash Balance Details,2,2023,1,2022,4,10,05
2022-10-05,Total TGA Withdrawals (Table II) (-),14843,219597,219597,I,Operating Cash Balance,Cash Balance Details,3,2023,1,2022,4,10,05
2022-10-05,Treasury General Account (TGA) Closing Balance,622131,622131,622131,I,Operating Cash Balance,Cash Balance Details,4,2023,1,2022,4,10,05
2022-10-04,Treasury General Account (TGA) Opening Balance,630975,635994,635994,I,Operating Cash Balance,Cash Balance Details,1,2023,1,2022,4,10,04
2022-10-04,Total TGA Deposits (Table II),139359,186610,186610,I,Operating Cash Balance,Cash Balance Details,2,2023,1,2022,4,10,04
2022-10-04,Total TGA Withdrawals (Table II) (-),152484,204754,204754,I,Operating Cash Balance,Cash Balance Details,3,2023,1,2022,4,10,04
2022-10-04,Treasury General Account (TGA) Closing Balance,617850,617850,617850,I,Operating Cash Balance,Cash Balance Details,4,2023,1,2022,4,10,04
2022-10-03,Treasury General Account (TGA) Opening Balance,635994,635994,635994,I,Operating Cash Balance,Cash Balance Details,1,2023,1,2022,4,10,03
2022-10-03,Total TGA Deposits (Table II),47251,47251,47251,I,Operating Cash Balance,Cash Balance Details,2,2023,1,2022,4,10,03
2022-10-03,Total TGA Withdrawals (Table II) (-),52270,52270,52270,I,Operating Cash Balance,Cash Balance Details,3,2023,1,2022,4,10,03
2022-10-03,Treasury General Account (TGA) Closing Balance,630975,630975,630975,I,Operating Cash Balance,Cash Balance Details,4,2023,1,2022,4,10,03
2022-09-30,Treasury General Account (TGA) Opening Balance,658634,669911,215160,I,Operating Cash Balance,Cash Balance Details,1,2022,4,2022,3,09,30
2022-09-30,Total TGA Deposits (Table II),194662,1921667,23524462,I,Operating Cash Balance,Cash Balance Details,2,2022,4,2022,3,09,30
2022-09-30,Total TGA Withdrawals (Table II) (-),217303,1955585,23103628,I,Operating Cash Balance,Cash Balance Details,3,2022,4,2022,3,09,30
2022-09-30,Treasury General Account (TGA) Closing Balance,635994,635994,635994,I,Operating Cash Balance,Cash Balance Details,4,2022,4,2022,3,09,30
2022-09-29,Treasury General Account (TGA) Opening Balance,661920,669911,215160,I,Operating Cash Balance,Cash Balance Details,1,2022,4,2022,3,09,29
2022-09-29,Total TGA Deposits (Table II),120424,1727005,23329800,I,Operating Cash Balance,Cash Balance Details,2,2022,4,2022,3,09,29
2022-09-29,Total TGA Withdrawals (Table II) (-),123709,1738282,22886325,I,Operating Cash Balance,Cash Balance Details,3,2022,4,2022,3,09,29
2022-09-29,Treasury General Account (TGA) Closing Balance,658634,658634,658634,I,Operating Cash Balance,Cash Balance Details,4,2022,4,2022,3,09,29
2022-09-28,Treasury General Account (TGA) Opening Balance,683943,669911,215160,I,Operating Cash Balance,Cash Balance Details,1,2022,4,2022,3,09,28
2022-09-28,Total TGA Deposits (Table II),19339,1606581,23209376,I,Operating Cash Balance,Cash Balance Details,2,2022,4,2022,3,09,28
2022-09-28,Total TGA Withdrawals (Table II) (-),41362,1614572,22762616,I,Operating Cash Balance,Cash Balance Details,3,2022,4,2022,3,09,28
2022-09-28,Treasury General Account (TGA) Closing Balance,661920,661920,661920,I,Operating Cash Balance,Cash Balance Details,4,2022,4,2022,3,09,28
2022-09-27,Treasury General Account (TGA) Opening Balance,705918,669911,215160,I,Operating Cash Balance,Cash Balance Details,1,2022,4,2022,3,09,27
2022-09-27,Total TGA Deposits (Table II),138738,1587242,23190037,I,Operating Cash Balance,Cash Balance Details,2,2022,4,2022,3,09,27
2022-09-27,Total TGA Withdrawals (Table II) (-),160713,1573211,22721254,I,Operating Cash Balance,Cash Balance Details,3,2022,4,2022,3,09,27
2022-09-27,Treasury General Account (TGA) Closing Balance,683943,683943,683943,I,Operating Cash Balance,Cash Balance Details,4,2022,4,2022,3,09,27
2022-09-26,Treasury General Account (TGA) Opening Balance,697726,669911,215160,I,Operating Cash Balance,Cash Balance Details,1,2022,4,2022,3,09,26
2022-09-26,Total TGA Deposits (Table II),24217,1448498,23051293,I,Operating Cash Balance,Cash Balance Details,2,2022,4,2022,3,09,26
2022-09-26,Total TGA Withdrawals (Table II) (-),16025,1412491,22560535,I,Operating Cash Balance,Cash Balance Details,3,2022,4,2022,3,09,26
2022-09-26,Treasury General Account (TGA) Closing Balance,705918,705918,705918,I,Operating Cash Balance,Cash Balance Details,4,2022,4,2022,3,09,26
2022-09-23,Treasury General Account (TGA) Opening Balance,682027,669911,215160,I,Operating Cash Balance,Cash Balance Details,1,2022,4,2022,3,09,23
2022-09-23,Total TGA Deposits (Table II),29920,1424281,23027076,I,Operating Cash Balance,Cash Balance Details,2,2022,4,2022,3,09,23
2022-09-23,Total TGA Withdrawals (Table II) (-),14220,1396466,22544510,I,Operating Cash Balance,Cash Balance Details,3,2022,4,2022,3,09,23
2022-09-23,Treasury General Account (TGA) Closing Balance,697726,697726,697726,I,Operating Cash Balance,Cash Balance Details,4,2022,4,2022,3,09,23
2022-09-22,Treasury General Account (TGA) Opening Balance,690286,669911,215160,I,Operating Cash Balance,Cash Balance Details,1,2022,4,2022,3,09,22
2022-09-22,Total TGA Deposits (Table II),119241,1394361,22997156,I,Operating Cash Balance,Cash Balance Details,2,2022,4,2022,3,09,22
2022-09-22,Total TGA Withdrawals (Table II) (-),127501,1382246,22530289,I,Operating Cash Balance,Cash Balance Details,3,2022,4,2022,3,09,22
2022-09-22,Treasury General Account (TGA) Closing Balance,682027,682027,682027,I,Operating Cash Balance,Cash Balance Details,4,2022,4,2022,3,09,22
2022-09-21,Treasury General Account (TGA) Opening Balance,695823,669911,215160,I,Operating Cash Balance,Cash Balance Details,1,2022,4,2022,3,09,21
2022-09-21,Total TGA Deposits (Table II),31342,1275120,22877915,I,Operating Cash Balance,Cash Balance Details,2,2022,4,2022,3,09,21
2022-09-21,Total TGA Withdrawals (Table II) (-),36878,1254745,22402788,I,Operating Cash Balance,Cash Balance Details,3,2022,4,2022,3,09,21
2022-09-21,Treasury General Account (TGA) Closing Balance,690286,690286,690286,I,Operating Cash Balance,Cash Balance Details,4,2022,4,2022,3,09,21
2022-09-20,Treasury General Account (TGA) Opening Balance,704998,669911,215160,I,Operating Cash Balance,Cash Balance Details,1,2022,4,2022,3,09,20
2022-09-20,Total TGA Deposits (Table II),149149,1243778,22846573,I,Operating Cash Balance,Cash Balance Details,2,2022,4,2022,3,09,20
2022-09-20,Total TGA Withdrawals (Table II) (-),158324,1217867,22365910,I,Operating Cash Balance,Cash Balance Details,3,2022,4,2022,3,09,20
2022-09-20,Treasury General Account (TGA) Closing Balance,695823,695823,695823,I,Operating Cash Balance,Cash Balance Details,4,2022,4,2022,3,09,20
2022-09-19,Treasury General Account (TGA) Opening Balance,692971,669911,215160,I,Operating Cash Balance,Cash Balance Details,1,2022,4,2022,3,09,19
2022-09-19,Total TGA Deposits (Table II),31029,1094629,22697424,I,Operating Cash Balance,Cash Balance Details,2,2022,4,2022,3,09,19
2022-09-19,Total TGA Withdrawals (Table II) (-),19002,1059542,22207586,I,Operating Cash Balance,Cash Balance Details,3,2022,4,2022,3,09,19
2022-09-19,Treasury General Account (TGA) Closing Balance,704998,704998,704998,I,Operating Cash Balance,Cash Balance Details,4,2022,4,2022,3,09,19
2022-09-16,Treasury General Account (TGA) Opening Balance,677452,669911,215160,I,Operating Cash Balance,Cash Balance Details,1,2022,4,2022,3,09,16
2022-09-16,Total TGA Deposits (Table II),32964,1063600,22666395,I,Operating Cash Balance,Cash Balance Details,2,2022,4,2022,3,09,16
2022-09-16,Total TGA Withdrawals (Table II) (-),17446,1040540,22188584,I,Operating Cash Balance,Cash Balance Details,3,2022,4,2022,3,09,16
2022-09-16,Treasury General Account (TGA) Closing Balance,692971,692971,692971,I,Operating Cash Balance,Cash Balance Details,4,2022,4,2022,3,09,16
2022-09-15,Treasury General Account (TGA) Opening Balance,617997,669911,215160,I,Operating Cash Balance,Cash Balance Details,1,2022,4,2022,3,09,15
2022-09-15,Total TGA Deposits (Table II),289987,1030636,22633431,I,Operating Cash Balance,Cash Balance Details,2,2022,4,2022,3,09,15
2022-09-15,Total TGA Withdrawals (Table II) (-),230532,1023094,22171138,I,Operating Cash Balance,Cash Balance Details,3,2022,4,2022,3,09,15
2022-09-15,Treasury General Account (TGA) Closing Balance,677452,677452,677452,I,Operating Cash Balance,Cash Balance Details,4,2022,4,2022,3,09,15
2022-09-14,Treasury General Account (TGA) Opening Balance,599932,669911,215160,I,Operating Cash Balance,Cash Balance Details,1,2022,4,2022,3,09,14
2022-09-14,Total TGA Deposits (Table II),54780,740648,22343443,I,Operating Cash Balance,Cash Balance Details,2,2022,4,2022,3,09,14
2022-09-14,Total TGA Withdrawals (Table II) (-),36715,792562,21940606,I,Operating Cash Balance,Cash Balance Details,3,2022,4,2022,3,09,14
2022-09-14,Treasury General Account (TGA) Closing Balance,617997,617997,617997,I,Operating Cash Balance,Cash Balance Details,4,2022,4,2022,3,09,14
2022-09-13,Treasury General Account (TGA) Opening Balance,601944,669911,215160,I,Operating Cash Balance,Cash Balance Details,1,2022,4,2022,3,09,13
2022-09-13,Total TGA Deposits (Table II),152642,685868,22288663,I,Operating Cash Balance,Cash Balance Details,2,2022,4,2022,3,09,13
2022-09-13,Total TGA Withdrawals (Table II) (-),154654,755847,21903891,I,Operating Cash Balance,Cash Balance Details,3,2022,4,2022,3,09,13
2022-09-13,Treasury General Account (TGA) Closing Balance,599932,599932,599932,I,Operating Cash Balance,Cash Balance Details,4,2022,4,2022,3,09,13
2022-09-12,Treasury General Account (TGA) Opening Balance,585000,669911,215160,I,Operating Cash Balance,Cash Balance Details,1,2022,4,2022,3,09,12
2022-09-12,Total TGA Deposits (Table II),31784,533226,22136021,I,Operating Cash Balance,Cash Balance Details,2,2022,4,2022,3,09,12
2022-09-12,Total TGA Withdrawals (Table II) (-),14840,601193,21749237,I,Operating Cash Balance,Cash Balance Details,3,2022,4,2022,3,09,12
2022-09-12,Treasury General Account (TGA) Closing Balance,601944,601944,601944,I,Operating Cash Balance,Cash Balance Details,4,2022,4,2022,3,09,12
2022-09-09,Treasury General Account (TGA) Opening Balance,581785,669911,215160,I,Operating Cash Balance,Cash Balance Details,1,2022,4,2022,3,09,09
2022-09-09,Total TGA Deposits (Table II),17044,501442,22104237,I,Operating Cash Balance,Cash Balance Details,2,2022,4,2022,3,09,09
2022-09-09,Total TGA Withdrawals (Table II) (-),13829,586353,21734397,I,Operating Cash Balance,Cash Balance Details,3,2022,4,2022,3,09,09
2022-09-09,Treasury General Account (TGA) Closing Balance,585000,585000,585000,I,Operating Cash Balance,Cash Balance Details,4,2022,4,2022,3,09,09
2022-09-08,Treasury General Account (TGA) Opening Balance,582921,669911,215160,I,Operating Cash Balance,Cash Balance Details,1,2022,4,2022,3,09,08
2022-09-08,Total TGA Deposits (Table II),163103,484398,22087193,I,Operating Cash Balance,Cash Balance Details,2,2022,4,2022,3,09,08
2022-09-08,Total TGA Withdrawals (Table II) (-),164240,572524,21720568,I,Operating Cash Balance,Cash Balance Details,3,2022,4,2022,3,09,08
2022-09-08,Treasury General Account (TGA) Closing Balance,581785,581785,581785,I,Operating Cash Balance,Cash Balance Details,4,2022,4,2022,3,09,08
2022-09-07,Treasury General Account (TGA) Opening Balance,589596,669911,215160,I,Operating Cash Balance,Cash Balance Details,1,2022,4,2022,3,09,07
2022-09-07,Total TGA Deposits (Table II),13574,321295,21924090,I,Operating Cash Balance,Cash Balance Details,2,2022,4,2022,3,09,07
2022-09-07,Total TGA Withdrawals (Table II) (-),20249,408285,21556328,I,Operating Cash Balance,Cash Balance Details,3,2022,4,2022,3,09,07
2022-09-07,Treasury General Account (TGA) Closing Balance,582921,582921,582921,I,Operating Cash Balance,Cash Balance Details,4,2022,4,2022,3,09,07
2022-09-06,Total TGA Deposits (Table II),157516,307721,21910516,I,Operating Cash Balance,Cash Balance Details,2,2022,4,2022,3,09,06
2022-09-06,Treasury General Account (TGA) Opening Balance,574423,669911,215160,I,Operating Cash Balance,Cash Balance Details,1,2022,4,2022,3,09,06
2022-09-06,Total TGA Withdrawals (Table II) (-),142342,388036,21536080,I,Operating Cash Balance,Cash Balance Details,3,2022,4,2022,3,09,06
2022-09-06,Treasury General Account (TGA) Closing Balance,589596,589596,589596,I,Operating Cash Balance,Cash Balance Details,4,2022,4,2022,3,09,06
2022-09-02,Treasury General Account (TGA) Opening Balance,598859,669911,215160,I,Operating Cash Balance,Cash Balance Details,1,2022,4,2022,3,09,02
2022-09-02,Total TGA Deposits (Table II),16324,150205,21753000,I,Operating Cash Balance,Cash Balance Details,2,2022,4,2022,3,09,02
2022-09-02,Total TGA Withdrawals (Table II) (-),40760,245694,21393737,I,Operating Cash Balance,Cash Balance Details,3,2022,4,2022,3,09,02
2022-09-02,Treasury General Account (TGA) Closing Balance,574423,574423,574423,I,Operating Cash Balance,Cash Balance Details,4,2022,4,2022,3,09,02
2022-09-01,Treasury General Account (TGA) Opening Balance,669911,669911,215160,I,Operating Cash Balance,Cash Balance Details,1,2022,4,2022,3,09,01
2022-09-01,Total TGA Deposits (Table II),133881,133881,21736676,I,Operating Cash Balance,Cash Balance Details,2,2022,4,2022,3,09,01
2022-09-01,Total TGA Withdrawals (Table II) (-),204934,204934,21352978,I,Operating Cash Balance,Cash Balance Details,3,2022,4,2022,3,09,01
2022-09-01,Treasury General Account (TGA) Closing Balance,598859,598859,598859,I,Operating Cash Balance,Cash Balance Details,4,2022,4,2022,3,09,01
2022-08-31,Treasury General Account (TGA) Opening Balance,627082,619273,215160,I,Operating Cash Balance,Cash Balance Details,1,2022,4,2022,3,08,31
2022-08-31,Total TGA Deposits (Table II),186306,2148700,21602795,I,Operating Cash Balance,Cash Balance Details,2,2022,4,2022,3,08,31
2022-08-31,Total TGA Withdrawals (Table II) (-),143476,2098062,21148044,I,Operating Cash Balance,Cash Balance Details,3,2022,4,2022,3,08,31
2022-08-31,Treasury General Account (TGA) Closing Balance,669911,669911,669911,I,Operating Cash Balance,Cash Balance Details,4,2022,4,2022,3,08,31
2022-08-30,Treasury General Account (TGA) Opening Balance,610399,619273,215160,I,Operating Cash Balance,Cash Balance Details,1,2022,4,2022,3,08,30
2022-08-30,Total TGA Deposits (Table II),154527,1962394,21416489,I,Operating Cash Balance,Cash Balance Details,2,2022,4,2022,3,08,30
2022-08-30,Total TGA Withdrawals (Table II) (-),137844,1954586,21004567,I,Operating Cash Balance,Cash Balance Details,3,2022,4,2022,3,08,30
2022-08-30,Treasury General Account (TGA) Closing Balance,627082,627082,627082,I,Operating Cash Balance,Cash Balance Details,4,2022,4,2022,3,08,30
2022-08-29,Treasury General Account (TGA) Opening Balance,600109,619273,215160,I,Operating Cash Balance,Cash Balance Details,1,2022,4,2022,3,08,29
2022-08-29,Total TGA Deposits (Table II),25667,1807867,21261962,I,Operating Cash Balance,Cash Balance Details,2,2022,4,2022,3,08,29
2022-08-29,Total TGA Withdrawals (Table II) (-),15377,1816741,20866723,I,Operating Cash Balance,Cash Balance Details,3,2022,4,2022,3,08,29
2022-08-29,Treasury General Account (TGA) Closing Balance,610399,610399,610399,I,Operating Cash Balance,Cash Balance Details,4,2022,4,2022,3,08,29
2022-08-26,Treasury General Account (TGA) Opening Balance,580033,619273,215160,I,Operating Cash Balance,Cash Balance Details,1,2022,4,2022,3,08,26
2022-08-26,Total TGA Deposits (Table II),34783,1782201,21236296,I,Operating Cash Balance,Cash Balance Details,2,2022,4,2022,3,08,26
2022-08-26,Total TGA Withdrawals (Table II) (-),14706,1801364,20851346,I,Operating Cash Balance,Cash Balance Details,3,2022,4,2022,3,08,26
2022-08-26,Treasury General Account (TGA) Closing Balance,600109,600109,600109,I,Operating Cash Balance,Cash Balance Details,4,2022,4,2022,3,08,26
2022-08-25,Treasury General Account (TGA) Opening Balance,530196,619273,215160,I,Operating Cash Balance,Cash Balance Details,1,2022,4,2022,3,08,25
2022-08-25,Total TGA Deposits (Table II),174520,1747418,21201513,I,Operating Cash Balance,Cash Balance Details,2,2022,4,2022,3,08,25
2022-08-25,Total TGA Withdrawals (Table II) (-),124684,1786658,20836640,I,Operating Cash Balance,Cash Balance Details,3,2022,4,2022,3,08,25
2022-08-25,Treasury General Account (TGA) Closing Balance,580033,580033,580033,I,Operating Cash Balance,Cash Balance Details,4,2022,4,2022,3,08,25
2022-08-24,Treasury General Account (TGA) Opening Balance,555139,619273,215160,I,Operating Cash Balance,Cash Balance Details,1,2022,4,2022,3,08,24
2022-08-24,Total TGA Deposits (Table II),14613,1572898,21026992,I,Operating Cash Balance,Cash Balance Details,2,2022,4,2022,3,08,24
2022-08-24,Total TGA Withdrawals (Table II) (-),39556,1661974,20711956,I,Operating Cash Balance,Cash Balance Details,3,2022,4,2022,3,08,24
2022-08-24,Treasury General Account (TGA) Closing Balance,530196,530196,530196,I,Operating Cash Balance,Cash Balance Details,4,2022,4,2022,3,08,24
2022-08-23,Treasury General Account (TGA) Opening Balance,543194,619273,215160,I,Operating Cash Balance,Cash Balance Details,1,2022,4,2022,3,08,23
2022-08-23,Total TGA Deposits (Table II),148584,1558284,21012379,I,Operating Cash Balance,Cash Balance Details,2,2022,4,2022,3,08,23
2022-08-23,Total TGA Withdrawals (Table II) (-),136639,1622418,20672400,I,Operating Cash Balance,Cash Balance Details,3,2022,4,2022,3,08,23
2022-08-23,Treasury General Account (TGA) Closing Balance,555139,555139,555139,I,Operating Cash Balance,Cash Balance Details,4,2022,4,2022,3,08,23
2022-08-22,Treasury General Account (TGA) Opening Balance,529281,619273,215160,I,Operating Cash Balance,Cash Balance Details,1,2022,4,2022,3,08,22
2022-08-22,Total TGA Deposits (Table II),33367,1409700,20863795,I,Operating Cash Balance,Cash Balance Details,2,2022,4,2022,3,08,22
2022-08-22,Total TGA Withdrawals (Table II) (-),19454,1485779,20535761,I,Operating Cash Balance,Cash Balance Details,3,2022,4,2022,3,08,22
2022-08-22,Treasury General Account (TGA) Closing Balance,543194,543194,543194,I,Operating Cash Balance,Cash Balance Details,4,2022,4,2022,3,08,22
2022-08-19,Treasury General Account (TGA) Opening Balance,530499,619273,215160,I,Operating Cash Balance,Cash Balance Details,1,2022,4,2022,3,08,19
2022-08-19,Total TGA Deposits (Table II),15856,1376333,20830428,I,Operating Cash Balance,Cash Balance Details,2,2022,4,2022,3,08,19
2022-08-19,Total TGA Withdrawals (Table II) (-),17073,1466325,20516307,I,Operating Cash Balance,Cash Balance Details,3,2022,4,2022,3,08,19
2022-08-19,Treasury General Account (TGA) Closing Balance,529281,529281,529281,I,Operating Cash Balance,Cash Balance Details,4,2022,4,2022,3,08,19
2022-08-18,Treasury General Account (TGA) Opening Balance,539278,619273,215160,I,Operating Cash Balance,Cash Balance Details,1,2022,4,2022,3,08,18
2022-08-18,Total TGA Deposits (Table II),116544,1360478,20814573,I,Operating Cash Balance,Cash Balance Details,2,2022,4,2022,3,08,18
2022-08-18,Total TGA Withdrawals (Table II) (-),125324,1449252,20499234,I,Operating Cash Balance,Cash Balance Details,3,2022,4,2022,3,08,18
2022-08-18,Treasury General Account (TGA) Closing Balance,530499,530499,530499,I,Operating Cash Balance,Cash Balance Details,4,2022,4,2022,3,08,18
2022-08-17,Treasury General Account (TGA) Opening Balance,559827,619273,215160,I,Operating Cash Balance,Cash Balance Details,1,2022,4,2022,3,08,17
2022-08-17,Total TGA Deposits (Table II),16689,1243934,20698029,I,Operating Cash Balance,Cash Balance Details,2,2022,4,2022,3,08,17
2022-08-17,Total TGA Withdrawals (Table II) (-),37238,1323929,20373910,I,Operating Cash Balance,Cash Balance Details,3,2022,4,2022,3,08,17
2022-08-17,Treasury General Account (TGA) Closing Balance,539278,539278,539278,I,Operating Cash Balance,Cash Balance Details,4,2022,4,2022,3,08,17
2022-08-16,Treasury General Account (TGA) Opening Balance,525921,619273,215160,I,Operating Cash Balance,Cash Balance Details,1,2022,4,2022,3,08,16
2022-08-16,Total TGA Deposits (Table II),158461,1227245,20681340,I,Operating Cash Balance,Cash Balance Details,2,2022,4,2022,3,08,16
2022-08-16,Total TGA Withdrawals (Table II) (-),124555,1286691,20336672,I,Operating Cash Balance,Cash Balance Details,3,2022,4,2022,3,08,16
2022-08-16,Treasury General Account (TGA) Closing Balance,559827,559827,559827,I,Operating Cash Balance,Cash Balance Details,4,2022,4,2022,3,08,16
2022-08-15,Treasury General Account (TGA) Opening Balance,548414,619273,215160,I,Operating Cash Balance,Cash Balance Details,1,2022,4,2022,3,08,15
2022-08-15,Total TGA Deposits (Table II),187164,1068784,20522879,I,Operating Cash Balance,Cash Balance Details,2,2022,4,2022,3,08,15
2022-08-15,Total TGA Withdrawals (Table II) (-),209658,1162136,20212117,I,Operating Cash Balance,Cash Balance Details,3,2022,4,2022,3,08,15
2022-08-15,Treasury General Account (TGA) Closing Balance,525921,525921,525921,I,Operating Cash Balance,Cash Balance Details,4,2022,4,2022,3,08,15
2022-08-12,Treasury General Account (TGA) Opening Balance,546978,619273,215160,I,Operating Cash Balance,Cash Balance Details,1,2022,4,2022,3,08,12
2022-08-12,Total TGA Deposits (Table II),12788,881619,20335714,I,Operating Cash Balance,Cash Balance Details,2,2022,4,2022,3,08,12
2022-08-12,Total TGA Withdrawals (Table II) (-),11352,952478,20002460,I,Operating Cash Balance,Cash Balance Details,3,2022,4,2022,3,08,12
2022-08-12,Treasury General Account (TGA) Closing Balance,548414,548414,548414,I,Operating Cash Balance,Cash Balance Details,4,2022,4,2022,3,08,12
2022-08-11,Treasury General Account (TGA) Opening Balance,561140,619273,215160,I,Operating Cash Balance,Cash Balance Details,1,2022,4,2022,3,08,11
2022-08-11,Total TGA Deposits (Table II),152089,868831,20322926,I,Operating Cash Balance,Cash Balance Details,2,2022,4,2022,3,08,11
2022-08-11,Total TGA Withdrawals (Table II) (-),166250,941126,19991108,I,Operating Cash Balance,Cash Balance Details,3,2022,4,2022,3,08,11
2022-08-11,Treasury General Account (TGA) Closing Balance,546978,546978,546978,I,Operating Cash Balance,Cash Balance Details,4,2022,4,2022,3,08,11
2022-08-10,Treasury General Account (TGA) Opening Balance,583255,619273,215160,I,Operating Cash Balance,Cash Balance Details,1,2022,4,2022,3,08,10
2022-08-10,Total TGA Deposits (Table II),15554,716743,20170838,I,Operating Cash Balance,Cash Balance Details,2,2022,4,2022,3,08,10
2022-08-10,Total TGA Withdrawals (Table II) (-),37669,774876,19824858,I,Operating Cash Balance,Cash Balance Details,3,2022,4,2022,3,08,10
2022-08-10,Treasury General Account (TGA) Closing Balance,561140,561140,561140,I,Operating Cash Balance,Cash Balance Details,4,2022,4,2022,3,08,10
2022-08-09,Treasury General Account (TGA) Opening Balance,555513,619273,215160,I,Operating Cash Balance,Cash Balance Details,1,2022,4,2022,3,08,09
2022-08-09,Total TGA Deposits (Table II),147943,701189,20155284,I,Operating Cash Balance,Cash Balance Details,2,2022,4,2022,3,08,09
2022-08-09,Total TGA Withdrawals (Table II) (-),120201,737207,19787188,I,Operating Cash Balance,Cash Balance Details,3,2022,4,2022,3,08,09
2022-08-09,Treasury General Account (TGA) Closing Balance,583255,583255,583255,I,Operating Cash Balance,Cash Balance Details,4,2022,4,2022,3,08,09
2022-08-08,Treasury General Account (TGA) Opening Balance,548849,619273,215160,I,Operating Cash Balance,Cash Balance Details,1,2022,4,2022,3,08,08
2022-08-08,Total TGA Deposits (Table II),25967,553246,20007341,I,Operating Cash Balance,Cash Balance Details,2,2022,4,2022,3,08,08
2022-08-08,Total TGA Withdrawals (Table II) (-),19303,617006,19666988,I,Operating Cash Balance,Cash Balance Details,3,2022,4,2022,3,08,08
2022-08-08,Treasury General Account (TGA) Closing Balance,555513,555513,555513,I,Operating Cash Balance,Cash Balance Details,4,2022,4,2022,3,08,08
2022-08-05,Treasury General Account (TGA) Opening Balance,554402,619273,215160,I,Operating Cash Balance,Cash Balance Details,1,2022,4,2022,3,08,05
2022-08-05,Total TGA Deposits (Table II),11583,527279,19981374,I,Operating Cash Balance,Cash Balance Details,2,2022,4,2022,3,08,05
2022-08-05,Total TGA Withdrawals (Table II) (-),17136,597703,19647685,I,Operating Cash Balance,Cash Balance Details,3,2022,4,2022,3,08,05
2022-08-05,Treasury General Account (TGA) Closing Balance,548849,548849,548849,I,Operating Cash Balance,Cash Balance Details,4,2022,4,2022,3,08,05
2022-08-04,Treasury General Account (TGA) Opening Balance,566577,619273,215160,I,Operating Cash Balance,Cash Balance Details,1,2022,4,2022,3,08,04
2022-08-04,Total TGA Deposits (Table II),117059,515696,19969791,I,Operating Cash Balance,Cash Balance Details,2,2022,4,2022,3,08,04
2022-08-04,Total TGA Withdrawals (Table II) (-),129233,580567,19630549,I,Operating Cash Balance,Cash Balance Details,3,2022,4,2022,3,08,04
2022-08-04,Treasury General Account (TGA) Closing Balance,554402,554402,554402,I,Operating Cash Balance,Cash Balance Details,4,2022,4,2022,3,08,04
2022-08-03,Treasury General Account (TGA) Opening Balance,586370,619273,215160,I,Operating Cash Balance,Cash Balance Details,1,2022,4,2022,3,08,03
2022-08-03,Total TGA Deposits (Table II),18219,398637,19852732,I,Operating Cash Balance,Cash Balance Details,2,2022,4,2022,3,08,03
2022-08-03,Total TGA Withdrawals (Table II) (-),38012,451333,19501315,I,Operating Cash Balance,Cash Balance Details,3,2022,4,2022,3,08,03
2022-08-03,Treasury General Account (TGA) Closing Balance,566577,566577,566577,I,Operating Cash Balance,Cash Balance Details,4,2022,4,2022,3,08,03
2022-08-02,Treasury General Account (TGA) Opening Balance,551023,619273,215160,I,Operating Cash Balance,Cash Balance Details,1,2022,4,2022,3,08,02
2022-08-02,Total TGA Deposits (Table II),152505,380418,19834513,I,Operating Cash Balance,Cash Balance Details,2,2022,4,2022,3,08,02
2022-08-02,Total TGA Withdrawals (Table II) (-),117158,413321,19463303,I,Operating Cash Balance,Cash Balance Details,3,2022,4,2022,3,08,02
2022-08-02,Treasury General Account (TGA) Closing Balance,586370,586370,586370,I,Operating Cash Balance,Cash Balance Details,4,2022,4,2022,3,08,02
2022-08-01,Treasury General Account (TGA) Opening Balance,619273,619273,215160,I,Operating Cash Balance,Cash Balance Details,1,2022,4,2022,3,08,01
2022-08-01,Total TGA Deposits (Table II),227913,227913,19682008,I,Operating Cash Balance,Cash Balance Details,2,2022,4,2022,3,08,01
2022-08-01,Total TGA Withdrawals (Table II) (-),296163,296163,19346145,I,Operating Cash Balance,Cash Balance Details,3,2022,4,2022,3,08,01
2022-08-01,Treasury General Account (TGA) Closing Balance,551023,551023,551023,I,Operating Cash Balance,Cash Balance Details,4,2022,4,2022,3,08,01
2022-07-29,Treasury General Account (TGA) Opening Balance,597017,782406,215160,I,Operating Cash Balance,Cash Balance Details,1,2022,4,2022,3,07,29
2022-07-29,Total TGA Deposits (Table II),35938,1400731,19454095,I,Operating Cash Balance,Cash Balance Details,2,2022,4,2022,3,07,29
2022-07-29,Total TGA Withdrawals (Table II) (-),13682,1563863,19049982,I,Operating Cash Balance,Cash Balance Details,3,2022,4,2022,3,07,29
2022-07-29,Treasury General Account (TGA) Closing Balance,619273,619273,619273,I,Operating Cash Balance,Cash Balance Details,4,2022,4,2022,3,07,29
2022-07-28,Treasury General Account (TGA) Opening Balance,615515,782406,215160,I,Operating Cash Balance,Cash Balance Details,1,2022,4,2022,3,07,28
2022-07-28,Total TGA Deposits (Table II),117342,1364793,19418157,I,Operating Cash Balance,Cash Balance Details,2,2022,4,2022,3,07,28
2022-07-28,Total TGA Withdrawals (Table II) (-),135839,1550181,19036300,I,Operating Cash Balance,Cash Balance Details,3,2022,4,2022,3,07,28
2022-07-28,Treasury General Account (TGA) Closing Balance,597017,597017,597017,I,Operating Cash Balance,Cash Balance Details,4,2022,4,2022,3,07,28
2022-07-27,Treasury General Account (TGA) Opening Balance,637228,782406,215160,I,Operating Cash Balance,Cash Balance Details,1,2022,4,2022,3,07,27
2022-07-27,Total TGA Deposits (Table II),16889,1247451,19300815,I,Operating Cash Balance,Cash Balance Details,2,2022,4,2022,3,07,27
2022-07-27,Total TGA Withdrawals (Table II) (-),38603,1414342,18900460,I,Operating Cash Balance,Cash Balance Details,3,2022,4,2022,3,07,27
2022-07-27,Treasury General Account (TGA) Closing Balance,615515,615515,615515,I,Operating Cash Balance,Cash Balance Details,4,2022,4,2022,3,07,27
2022-07-26,Treasury General Account (TGA) Opening Balance,605872,782406,215160,I,Operating Cash Balance,Cash Balance Details,1,2022,4,2022,3,07,26
2022-07-26,Total TGA Deposits (Table II),149322,1230562,19283927,I,Operating Cash Balance,Cash Balance Details,2,2022,4,2022,3,07,26
2022-07-26,Total TGA Withdrawals (Table II) (-),117966,1375739,18861858,I,Operating Cash Balance,Cash Balance Details,3,2022,4,2022,3,07,26
2022-07-26,Treasury General Account (TGA) Closing Balance,637228,637228,637228,I,Operating Cash Balance,Cash Balance Details,4,2022,4,2022,3,07,26
2022-07-25,Treasury General Account (TGA) Closing Balance,605872,605872,605872,I,Operating Cash Balance,Cash Balance Details,4,2022,4,2022,3,07,25
2022-07-25,Treasury General Account (TGA) Opening Balance,589322,782406,215160,I,Operating Cash Balance,Cash Balance Details,1,2022,4,2022,3,07,25
2022-07-25,Total TGA Deposits (Table II),32784,1081240,19134604,I,Operating Cash Balance,Cash Balance Details,2,2022,4,2022,3,07,25
2022-07-25,Total TGA Withdrawals (Table II) (-),16234,1257774,18743892,I,Operating Cash Balance,Cash Balance Details,3,2022,4,2022,3,07,25
2022-07-22,Treasury General Account (TGA) Opening Balance,594035,782406,215160,I,Operating Cash Balance,Cash Balance Details,1,2022,4,2022,3,07,22
2022-07-22,Total TGA Deposits (Table II),11374,1048456,19101820,I,Operating Cash Balance,Cash Balance Details,2,2022,4,2022,3,07,22
2022-07-22,Total TGA Withdrawals (Table II) (-),16086,1241540,18727658,I,Operating Cash Balance,Cash Balance Details,3,2022,4,2022,3,07,22
2022-07-22,Treasury General Account (TGA) Closing Balance,589322,589322,589322,I,Operating Cash Balance,Cash Balance Details,4,2022,4,2022,3,07,22
2022-07-21,Treasury General Account (TGA) Opening Balance,616348,782406,215160,I,Operating Cash Balance,Cash Balance Details,1,2022,4,2022,3,07,21
2022-07-21,Total TGA Deposits (Table II),118205,1037082,19090446,I,Operating Cash Balance,Cash Balance Details,2,2022,4,2022,3,07,21
2022-07-21,Total TGA Withdrawals (Table II) (-),140519,1225453,18711572,I,Operating Cash Balance,Cash Balance Details,3,2022,4,2022,3,07,21
2022-07-21,Treasury General Account (TGA) Closing Balance,594035,594035,594035,I,Operating Cash Balance,Cash Balance Details,4,2022,4,2022,3,07,21
2022-07-20,Treasury General Account (TGA) Opening Balance,636362,782406,215160,I,Operating Cash Balance,Cash Balance Details,1,2022,4,2022,3,07,20
2022-07-20,Total TGA Deposits (Table II),21827,918878,18972242,I,Operating Cash Balance,Cash Balance Details,2,2022,4,2022,3,07,20
2022-07-20,Total TGA Withdrawals (Table II) (-),41840,1084935,18571053,I,Operating Cash Balance,Cash Balance Details,3,2022,4,2022,3,07,20
2022-07-20,Treasury General Account (TGA) Closing Balance,616348,616348,616348,I,Operating Cash Balance,Cash Balance Details,4,2022,4,2022,3,07,20
2022-07-19,Treasury General Account (TGA) Opening Balance,628659,782406,215160,I,Operating Cash Balance,Cash Balance Details,1,2022,4,2022,3,07,19
2022-07-19,Total TGA Deposits (Table II),127443,897051,18950415,I,Operating Cash Balance,Cash Balance Details,2,2022,4,2022,3,07,19
2022-07-19,Total TGA Withdrawals (Table II) (-),119741,1043094,18529213,I,Operating Cash Balance,Cash Balance Details,3,2022,4,2022,3,07,19
2022-07-19,Treasury General Account (TGA) Closing Balance,636362,636362,636362,I,Operating Cash Balance,Cash Balance Details,4,2022,4,2022,3,07,19
2022-07-18,Treasury General Account (TGA) Opening Balance,606834,782406,215160,I,Operating Cash Balance,Cash Balance Details,1,2022,4,2022,3,07,18
2022-07-18,Total TGA Deposits (Table II),35216,769608,18822972,I,Operating Cash Balance,Cash Balance Details,2,2022,4,2022,3,07,18
2022-07-18,Total TGA Withdrawals (Table II) (-),13391,923354,18409472,I,Operating Cash Balance,Cash Balance Details,3,2022,4,2022,3,07,18
2022-07-18,Treasury General Account (TGA) Closing Balance,628659,628659,628659,I,Operating Cash Balance,Cash Balance Details,4,2022,4,2022,3,07,18
2022-07-15,Treasury General Account (TGA) Opening Balance,595272,782406,215160,I,Operating Cash Balance,Cash Balance Details,1,2022,4,2022,3,07,15
2022-07-15,Total TGA Deposits (Table II),127291,734392,18787756,I,Operating Cash Balance,Cash Balance Details,2,2022,4,2022,3,07,15
2022-07-15,Total TGA Withdrawals (Table II) (-),115729,909963,18396082,I,Operating Cash Balance,Cash Balance Details,3,2022,4,2022,3,07,15
2022-07-15,Treasury General Account (TGA) Closing Balance,606834,606834,606834,I,Operating Cash Balance,Cash Balance Details,4,2022,4,2022,3,07,15
2022-07-14,Treasury General Account (TGA) Opening Balance,618740,782406,215160,I,Operating Cash Balance,Cash Balance Details,1,2022,4,2022,3,07,14
2022-07-14,Total TGA Deposits (Table II),153084,607101,18660465,I,Operating Cash Balance,Cash Balance Details,2,2022,4,2022,3,07,14
2022-07-14,Total TGA Withdrawals (Table II) (-),176552,794234,18280352,I,Operating Cash Balance,Cash Balance Details,3,2022,4,2022,3,07,14
2022-07-14,Treasury General Account (TGA) Closing Balance,595272,595272,595272,I,Operating Cash Balance,Cash Balance Details,4,2022,4,2022,3,07,14
2022-07-13,Treasury General Account (TGA) Opening Balance,643141,782406,215160,I,Operating Cash Balance,Cash Balance Details,1,2022,4,2022,3,07,13
2022-07-13,Total TGA Deposits (Table II),16730,454016,18507380,I,Operating Cash Balance,Cash Balance Details,2,2022,4,2022,3,07,13
2022-07-13,Total TGA Withdrawals (Table II) (-),41131,617682,18103800,I,Operating Cash Balance,Cash Balance Details,3,2022,4,2022,3,07,13
2022-07-13,Treasury General Account (TGA) Closing Balance,618740,618740,618740,I,Operating Cash Balance,Cash Balance Details,4,2022,4,2022,3,07,13
2022-07-12,Treasury General Account (TGA) Opening Balance,665792,782406,215160,I,Operating Cash Balance,Cash Balance Details,1,2022,4,2022,3,07,12
2022-07-12,Total TGA Deposits (Table II),108994,437287,18490651,I,Operating Cash Balance,Cash Balance Details,2,2022,4,2022,3,07,12
2022-07-12,Total TGA Withdrawals (Table II) (-),131645,576551,18062670,I,Operating Cash Balance,Cash Balance Details,3,2022,4,2022,3,07,12
2022-07-12,Treasury General Account (TGA) Closing Balance,643141,643141,643141,I,Operating Cash Balance,Cash Balance Details,4,2022,4,2022,3,07,12
2022-07-11,Treasury General Account (TGA) Opening Balance,658096,782406,215160,I,Operating Cash Balance,Cash Balance Details,1,2022,4,2022,3,07,11
2022-07-11,Total TGA Deposits (Table II),24950,328292,18381657,I,Operating Cash Balance,Cash Balance Details,2,2022,4,2022,3,07,11
2022-07-11,Total TGA Withdrawals (Table II) (-),17254,444906,17931025,I,Operating Cash Balance,Cash Balance Details,3,2022,4,2022,3,07,11
2022-07-11,Treasury General Account (TGA) Closing Balance,665792,665792,665792,I,Operating Cash Balance,Cash Balance Details,4,2022,4,2022,3,07,11
2022-07-08,Treasury General Account (TGA) Opening Balance,666044,782406,215160,I,Operating Cash Balance,Cash Balance Details,1,2022,4,2022,3,07,08
2022-07-08,Total TGA Deposits (Table II),12497,303343,18356707,I,Operating Cash Balance,Cash Balance Details,2,2022,4,2022,3,07,08
2022-07-08,Total TGA Withdrawals (Table II) (-),20445,427653,17913771,I,Operating Cash Balance,Cash Balance Details,3,2022,4,2022,3,07,08
2022-07-08,Treasury General Account (TGA) Closing Balance,658096,658096,658096,I,Operating Cash Balance,Cash Balance Details,4,2022,4,2022,3,07,08
2022-07-07,Treasury General Account (TGA) Opening Balance,687943,782406,215160,I,Operating Cash Balance,Cash Balance Details,1,2022,4,2022,3,07,07
2022-07-07,Total TGA Deposits (Table II),118454,290846,18344210,I,Operating Cash Balance,Cash Balance Details,2,2022,4,2022,3,07,07
2022-07-07,Total TGA Withdrawals (Table II) (-),140353,407208,17893326,I,Operating Cash Balance,Cash Balance Details,3,2022,4,2022,3,07,07
2022-07-07,Treasury General Account (TGA) Closing Balance,666044,666044,666044,I,Operating Cash Balance,Cash Balance Details,4,2022,4,2022,3,07,07
2022-07-06,Treasury General Account (TGA) Opening Balance,689482,782406,215160,I,Operating Cash Balance,Cash Balance Details,1,2022,4,2022,3,07,06
2022-07-06,Total TGA Deposits (Table II),12371,172392,18225756,I,Operating Cash Balance,Cash Balance Details,2,2022,4,2022,3,07,06
2022-07-06,Total TGA Withdrawals (Table II) (-),13910,266854,17752973,I,Operating Cash Balance,Cash Balance Details,3,2022,4,2022,3,07,06
2022-07-06,Treasury General Account (TGA) Closing Balance,687943,687943,687943,I,Operating Cash Balance,Cash Balance Details,4,2022,4,2022,3,07,06
2022-07-05,Treasury General Account (TGA) Opening Balance,685842,782406,215160,I,Operating Cash Balance,Cash Balance Details,1,2022,4,2022,3,07,05
2022-07-05,Total TGA Deposits (Table II),128677,160021,18213385,I,Operating Cash Balance,Cash Balance Details,2,2022,4,2022,3,07,05
2022-07-05,Total TGA Withdrawals (Table II) (-),125037,252944,17739063,I,Operating Cash Balance,Cash Balance Details,3,2022,4,2022,3,07,05
2022-07-05,Treasury General Account (TGA) Closing Balance,689482,689482,689482,I,Operating Cash Balance,Cash Balance Details,4,2022,4,2022,3,07,05
2022-07-01,Treasury General Account (TGA) Opening Balance,782406,782406,215160,I,Operating Cash Balance,Cash Balance Details,1,2022,4,2022,3,07,01
2022-07-01,Total TGA Deposits (Table II),31344,31344,18084708,I,Operating Cash Balance,Cash Balance Details,2,2022,4,2022,3,07,01
2022-07-01,Total TGA Withdrawals (Table II) (-),127907,127907,17614026,I,Operating Cash Balance,Cash Balance Details,3,2022,4,2022,3,07,01
2022-07-01,Treasury General Account (TGA) Closing Balance,685842,685842,685842,I,Operating Cash Balance,Cash Balance Details,4,2022,4,2022,3,07,01
2022-06-30,Treasury General Account (TGA) Opening Balance,759845,854240,215160,I,Operating Cash Balance,Cash Balance Details,1,2022,3,2022,2,06,30
2022-06-30,Total TGA Deposits (Table II),295369,1785560,18053364,I,Operating Cash Balance,Cash Balance Details,2,2022,3,2022,2,06,30
2022-06-30,Total TGA Withdrawals (Table II) (-),272808,1857395,17486118,I,Operating Cash Balance,Cash Balance Details,3,2022,3,2022,2,06,30
2022-06-30,Treasury General Account (TGA) Closing Balance,782406,782406,782406,I,Operating Cash Balance,Cash Balance Details,4,2022,3,2022,2,06,30
2022-06-29,Treasury General Account (TGA) Opening Balance,757242,854240,215160,I,Operating Cash Balance,Cash Balance Details,1,2022,3,2022,2,06,29
2022-06-29,Total TGA Deposits (Table II),18944,1490191,17757995,I,Operating Cash Balance,Cash Balance Details,2,2022,3,2022,2,06,29
2022-06-29,Total TGA Withdrawals (Table II) (-),16341,1584586,17213310,I,Operating Cash Balance,Cash Balance Details,3,2022,3,2022,2,06,29
2022-06-29,Treasury General Account (TGA) Closing Balance,759845,759845,759845,I,Operating Cash Balance,Cash Balance Details,4,2022,3,2022,2,06,29
2022-06-28,Treasury General Account (TGA) Opening Balance,768652,854240,215160,I,Operating Cash Balance,Cash Balance Details,1,2022,3,2022,2,06,28
2022-06-28,Total TGA Deposits (Table II),111747,1471247,17739051,I,Operating Cash Balance,Cash Balance Details,2,2022,3,2022,2,06,28
2022-06-28,Total TGA Withdrawals (Table II) (-),123158,1568245,17196969,I,Operating Cash Balance,Cash Balance Details,3,2022,3,2022,2,06,28
2022-06-28,Treasury General Account (TGA) Closing Balance,757242,757242,757242,I,Operating Cash Balance,Cash Balance Details,4,2022,3,2022,2,06,28
2022-06-27,Treasury General Account (TGA) Opening Balance,758505,854240,215160,I,Operating Cash Balance,Cash Balance Details,1,2022,3,2022,2,06,27
2022-06-27,Total TGA Deposits (Table II),28534,1359500,17627304,I,Operating Cash Balance,Cash Balance Details,2,2022,3,2022,2,06,27
2022-06-27,Total TGA Withdrawals (Table II) (-),18386,1445088,17073811,I,Operating Cash Balance,Cash Balance Details,3,2022,3,2022,2,06,27
2022-06-27,Treasury General Account (TGA) Closing Balance,768652,768652,768652,I,Operating Cash Balance,Cash Balance Details,4,2022,3,2022,2,06,27
2022-06-24,Treasury General Account (TGA) Opening Balance,735139,854240,215160,I,Operating Cash Balance,Cash Balance Details,1,2022,3,2022,2,06,24
2022-06-24,Total TGA Deposits (Table II),42172,1330966,17598770,I,Operating Cash Balance,Cash Balance Details,2,2022,3,2022,2,06,24
2022-06-24,Total TGA Withdrawals (Table II) (-),18806,1426701,17055425,I,Operating Cash Balance,Cash Balance Details,3,2022,3,2022,2,06,24
2022-06-24,Treasury General Account (TGA) Closing Balance,758505,758505,758505,I,Operating Cash Balance,Cash Balance Details,4,2022,3,2022,2,06,24
2022-06-23,Treasury General Account (TGA) Opening Balance,745052,854240,215160,I,Operating Cash Balance,Cash Balance Details,1,2022,3,2022,2,06,23
2022-06-23,Total TGA Deposits (Table II),123026,1288794,17556598,I,Operating Cash Balance,Cash Balance Details,2,2022,3,2022,2,06,23
2022-06-23,Total TGA Withdrawals (Table II) (-),132939,1407895,17036619,I,Operating Cash Balance,Cash Balance Details,3,2022,3,2022,2,06,23
2022-06-23,Treasury General Account (TGA) Closing Balance,735139,735139,735139,I,Operating Cash Balance,Cash Balance Details,4,2022,3,2022,2,06,23
2022-06-22,Treasury General Account (TGA) Opening Balance,757733,854240,215160,I,Operating Cash Balance,Cash Balance Details,1,2022,3,2022,2,06,22
2022-06-22,Total TGA Deposits (Table II),30310,1165768,17433572,I,Operating Cash Balance,Cash Balance Details,2,2022,3,2022,2,06,22
2022-06-22,Total TGA Withdrawals (Table II) (-),42992,1274956,16903680,I,Operating Cash Balance,Cash Balance Details,3,2022,3,2022,2,06,22
2022-06-22,Treasury General Account (TGA) Closing Balance,745052,745052,745052,I,Operating Cash Balance,Cash Balance Details,4,2022,3,2022,2,06,22
2022-06-21,Total TGA Deposits (Table II),133307,1135458,17403262,I,Operating Cash Balance,Cash Balance Details,2,2022,3,2022,2,06,21
2022-06-21,Treasury General Account (TGA) Opening Balance,762327,854240,215160,I,Operating Cash Balance,Cash Balance Details,1,2022,3,2022,2,06,21
2022-06-21,Total TGA Withdrawals (Table II) (-),137901,1231965,16860689,I,Operating Cash Balance,Cash Balance Details,3,2022,3,2022,2,06,21
2022-06-21,Treasury General Account (TGA) Closing Balance,757733,757733,757733,I,Operating Cash Balance,Cash Balance Details,4,2022,3,2022,2,06,21
2022-06-17,Treasury General Account (TGA) Opening Balance,755888,854240,215160,I,Operating Cash Balance,Cash Balance Details,1,2022,3,2022,2,06,17
2022-06-17,Total TGA Deposits (Table II),20121,1002150,17269955,I,Operating Cash Balance,Cash Balance Details,2,2022,3,2022,2,06,17
2022-06-17,Total TGA Withdrawals (Table II) (-),13683,1094064,16722788,I,Operating Cash Balance,Cash Balance Details,3,2022,3,2022,2,06,17
2022-06-17,Treasury General Account (TGA) Closing Balance,762327,762327,762327,I,Operating Cash Balance,Cash Balance Details,4,2022,3,2022,2,06,17
2022-06-16,Treasury General Account (TGA) Opening Balance,769937,854240,215160,I,Operating Cash Balance,Cash Balance Details,1,2022,3,2022,2,06,16
2022-06-16,Total TGA Deposits (Table II),164027,982029,17249833,I,Operating Cash Balance,Cash Balance Details,2,2022,3,2022,2,06,16
2022-06-16,Total TGA Withdrawals (Table II) (-),178076,1080381,16709105,I,Operating Cash Balance,Cash Balance Details,3,2022,3,2022,2,06,16
2022-06-16,Treasury General Account (TGA) Closing Balance,755888,755888,755888,I,Operating Cash Balance,Cash Balance Details,4,2022,3,2022,2,06,16
2022-06-15,Treasury General Account (TGA) Closing Balance,769937,769937,769937,I,Operating Cash Balance,Cash Balance Details,4,2022,3,2022,2,06,15
2022-06-15,Treasury General Account (TGA) Opening Balance,661227,854240,215160,I,Operating Cash Balance,Cash Balance Details,1,2022,3,2022,2,06,15
2022-06-15,Total TGA Deposits (Table II),196101,818002,17085806,I,Operating Cash Balance,Cash Balance Details,2,2022,3,2022,2,06,15
2022-06-15,Total TGA Withdrawals (Table II) (-),87391,902305,16531029,I,Operating Cash Balance,Cash Balance Details,3,2022,3,2022,2,06,15
2022-06-14,Treasury General Account (TGA) Opening Balance,653718,854240,215160,I,Operating Cash Balance,Cash Balance Details,1,2022,3,2022,2,06,14
2022-06-14,Total TGA Deposits (Table II),136670,621901,16889705,I,Operating Cash Balance,Cash Balance Details,2,2022,3,2022,2,06,14
2022-06-14,Total TGA Withdrawals (Table II) (-),129161,814914,16443638,I,Operating Cash Balance,Cash Balance Details,3,2022,3,2022,2,06,14
2022-06-14,Treasury General Account (TGA) Closing Balance,661227,661227,661227,I,Operating Cash Balance,Cash Balance Details,4,2022,3,2022,2,06,14
2022-06-13,Treasury General Account (TGA) Opening Balance,627393,854240,215160,I,Operating Cash Balance,Cash Balance Details,1,2022,3,2022,2,06,13
2022-06-13,Total TGA Deposits (Table II),42939,485231,16753035,I,Operating Cash Balance,Cash Balance Details,2,2022,3,2022,2,06,13
2022-06-13,Total TGA Withdrawals (Table II) (-),16614,685753,16314477,I,Operating Cash Balance,Cash Balance Details,3,2022,3,2022,2,06,13
2022-06-13,Treasury General Account (TGA) Closing Balance,653718,653718,653718,I,Operating Cash Balance,Cash Balance Details,4,2022,3,2022,2,06,13
2022-06-10,Treasury General Account (TGA) Closing Balance,627393,627393,627393,I,Operating Cash Balance,Cash Balance Details,4,2022,3,2022,2,06,10
2022-06-10,Treasury General Account (TGA) Opening Balance,631026,854240,215160,I,Operating Cash Balance,Cash Balance Details,1,2022,3,2022,2,06,10
2022-06-10,Total TGA Deposits (Table II),16670,442292,16710096,I,Operating Cash Balance,Cash Balance Details,2,2022,3,2022,2,06,10
2022-06-10,Total TGA Withdrawals (Table II) (-),20303,669139,16297863,I,Operating Cash Balance,Cash Balance Details,3,2022,3,2022,2,06,10
2022-06-09,Treasury General Account (TGA) Opening Balance,683892,854240,215160,I,Operating Cash Balance,Cash Balance Details,1,2022,3,2022,2,06,09
2022-06-09,Total TGA Deposits (Table II),108297,425622,16693426,I,Operating Cash Balance,Cash Balance Details,2,2022,3,2022,2,06,09
2022-06-09,Total TGA Withdrawals (Table II) (-),161163,648836,16277560,I,Operating Cash Balance,Cash Balance Details,3,2022,3,2022,2,06,09
2022-06-09,Treasury General Account (TGA) Closing Balance,631026,631026,631026,I,Operating Cash Balance,Cash Balance Details,4,2022,3,2022,2,06,09
2022-06-08,Treasury General Account (TGA) Opening Balance,702336,854240,215160,I,Operating Cash Balance,Cash Balance Details,1,2022,3,2022,2,06,08
2022-06-08,Total TGA Deposits (Table II),20381,317325,16585129,I,Operating Cash Balance,Cash Balance Details,2,2022,3,2022,2,06,08
2022-06-08,Total TGA Withdrawals (Table II) (-),38825,487673,16116397,I,Operating Cash Balance,Cash Balance Details,3,2022,3,2022,2,06,08
2022-06-08,Treasury General Account (TGA) Closing Balance,683892,683892,683892,I,Operating Cash Balance,Cash Balance Details,4,2022,3,2022,2,06,08
2022-06-07,Treasury General Account (TGA) Opening Balance,724554,854240,215160,I,Operating Cash Balance,Cash Balance Details,1,2022,3,2022,2,06,07
2022-06-07,Total TGA Deposits (Table II),109023,296944,16564748,I,Operating Cash Balance,Cash Balance Details,2,2022,3,2022,2,06,07
2022-06-07,Total TGA Withdrawals (Table II) (-),131240,448848,16077572,I,Operating Cash Balance,Cash Balance Details,3,2022,3,2022,2,06,07
2022-06-07,Treasury General Account (TGA) Closing Balance,702336,702336,702336,I,Operating Cash Balance,Cash Balance Details,4,2022,3,2022,2,06,07
2022-06-06,Treasury General Account (TGA) Opening Balance,731781,854240,215160,I,Operating Cash Balance,Cash Balance Details,1,2022,3,2022,2,06,06
2022-06-06,Total TGA Deposits (Table II),23242,187921,16455725,I,Operating Cash Balance,Cash Balance Details,2,2022,3,2022,2,06,06
2022-06-06,Total TGA Withdrawals (Table II) (-),30470,317608,15946331,I,Operating Cash Balance,Cash Balance Details,3,2022,3,2022,2,06,06
2022-06-06,Treasury General Account (TGA) Closing Balance,724554,724554,724554,I,Operating Cash Balance,Cash Balance Details,4,2022,3,2022,2,06,06
2022-06-03,Treasury General Account (TGA) Opening Balance,757559,854240,215160,I,Operating Cash Balance,Cash Balance Details,1,2022,3,2022,2,06,03
2022-06-03,Total TGA Deposits (Table II),14533,164679,16432483,I,Operating Cash Balance,Cash Balance Details,2,2022,3,2022,2,06,03
2022-06-03,Total TGA Withdrawals (Table II) (-),40311,287138,15915861,I,Operating Cash Balance,Cash Balance Details,3,2022,3,2022,2,06,03
2022-06-03,Treasury General Account (TGA) Closing Balance,731781,731781,731781,I,Operating Cash Balance,Cash Balance Details,4,2022,3,2022,2,06,03
2022-06-02,Treasury General Account (TGA) Opening Balance,780575,854240,215160,I,Operating Cash Balance,Cash Balance Details,1,2022,3,2022,2,06,02
2022-06-02,Total TGA Deposits (Table II),121396,150146,16417950,I,Operating Cash Balance,Cash Balance Details,2,2022,3,2022,2,06,02
2022-06-02,Total TGA Withdrawals (Table II) (-),144412,246826,15875550,I,Operating Cash Balance,Cash Balance Details,3,2022,3,2022,2,06,02
2022-06-02,Treasury General Account (TGA) Closing Balance,757559,757559,757559,I,Operating Cash Balance,Cash Balance Details,4,2022,3,2022,2,06,02
2022-06-01,Treasury General Account (TGA) Opening Balance,854240,854240,215160,I,Operating Cash Balance,Cash Balance Details,1,2022,3,2022,2,06,01
2022-06-01,Total TGA Deposits (Table II),28750,28750,16296554,I,Operating Cash Balance,Cash Balance Details,2,2022,3,2022,2,06,01
2022-06-01,Total TGA Withdrawals (Table II) (-),102415,102415,15731138,I,Operating Cash Balance,Cash Balance Details,3,2022,3,2022,2,06,01
2022-06-01,Treasury General Account (TGA) Closing Balance,780575,780575,780575,I,Operating Cash Balance,Cash Balance Details,4,2022,3,2022,2,06,01
2022-05-31,Treasury General Account (TGA) Opening Balance,782309,923240,215160,I,Operating Cash Balance,Cash Balance Details,1,2022,3,2022,2,05,31
2022-05-31,Total TGA Deposits (Table II),326209,2039321,16267804,I,Operating Cash Balance,Cash Balance Details,2,2022,3,2022,2,05,31
2022-05-31,Total TGA Withdrawals (Table II) (-),254279,2108321,15628724,I,Operating Cash Balance,Cash Balance Details,3,2022,3,2022,2,05,31
2022-05-31,Treasury General Account (TGA) Closing Balance,854240,854240,854240,I,Operating Cash Balance,Cash Balance Details,4,2022,3,2022,2,05,31
2022-05-27,Treasury General Account (TGA) Opening Balance,762674,923240,215160,I,Operating Cash Balance,Cash Balance Details,1,2022,3,2022,2,05,27
2022-05-27,Total TGA Deposits (Table II),37763,1713112,15941595,I,Operating Cash Balance,Cash Balance Details,2,2022,3,2022,2,05,27
2022-05-27,Total TGA Withdrawals (Table II) (-),18128,1854043,15374445,I,Operating Cash Balance,Cash Balance Details,3,2022,3,2022,2,05,27
2022-05-27,Treasury General Account (TGA) Closing Balance,782309,782309,782309,I,Operating Cash Balance,Cash Balance Details,4,2022,3,2022,2,05,27
2022-05-26,Treasury General Account (TGA) Opening Balance,801714,923240,215160,I,Operating Cash Balance,Cash Balance Details,1,2022,3,2022,2,05,26
2022-05-26,Total TGA Deposits (Table II),106577,1675349,15903832,I,Operating Cash Balance,Cash Balance Details,2,2022,3,2022,2,05,26
2022-05-26,Total TGA Withdrawals (Table II) (-),145616,1835915,15356318,I,Operating Cash Balance,Cash Balance Details,3,2022,3,2022,2,05,26
2022-05-26,Treasury General Account (TGA) Closing Balance,762674,762674,762674,I,Operating Cash Balance,Cash Balance Details,4,2022,3,2022,2,05,26
2022-05-25,Treasury General Account (TGA) Opening Balance,818688,923240,215160,I,Operating Cash Balance,Cash Balance Details,1,2022,3,2022,2,05,25
2022-05-25,Total TGA Deposits (Table II),20748,1568772,15797255,I,Operating Cash Balance,Cash Balance Details,2,2022,3,2022,2,05,25
2022-05-25,Total TGA Withdrawals (Table II) (-),37723,1690299,15210701,I,Operating Cash Balance,Cash Balance Details,3,2022,3,2022,2,05,25
2022-05-25,Treasury General Account (TGA) Closing Balance,801714,801714,801714,I,Operating Cash Balance,Cash Balance Details,4,2022,3,2022,2,05,25
2022-05-24,Treasury General Account (TGA) Opening Balance,838141,923240,215160,I,Operating Cash Balance,Cash Balance Details,1,2022,3,2022,2,05,24
2022-05-24,Total TGA Deposits (Table II),110393,1548024,15776507,I,Operating Cash Balance,Cash Balance Details,2,2022,3,2022,2,05,24
2022-05-24,Total TGA Withdrawals (Table II) (-),129845,1652576,15172979,I,Operating Cash Balance,Cash Balance Details,3,2022,3,2022,2,05,24
2022-05-24,Treasury General Account (TGA) Closing Balance,818688,818688,818688,I,Operating Cash Balance,Cash Balance Details,4,2022,3,2022,2,05,24
2022-05-23,Treasury General Account (TGA) Opening Balance,822339,923240,215160,I,Operating Cash Balance,Cash Balance Details,1,2022,3,2022,2,05,23
2022-05-23,Total TGA Deposits (Table II),31390,1437631,15666114,I,Operating Cash Balance,Cash Balance Details,2,2022,3,2022,2,05,23
2022-05-23,Total TGA Withdrawals (Table II) (-),15588,1522731,15043134,I,Operating Cash Balance,Cash Balance Details,3,2022,3,2022,2,05,23
2022-05-23,Treasury General Account (TGA) Closing Balance,838141,838141,838141,I,Operating Cash Balance,Cash Balance Details,4,2022,3,2022,2,05,23
2022-05-20,Treasury General Account (TGA) Opening Balance,825182,923240,215160,I,Operating Cash Balance,Cash Balance Details,1,2022,3,2022,2,05,20
2022-05-20,Total TGA Deposits (Table II),14147,1406242,15634725,I,Operating Cash Balance,Cash Balance Details,2,2022,3,2022,2,05,20
2022-05-20,Total TGA Withdrawals (Table II) (-),16990,1507143,15027545,I,Operating Cash Balance,Cash Balance Details,3,2022,3,2022,2,05,20
2022-05-20,Treasury General Account (TGA) Closing Balance,822339,822339,822339,I,Operating Cash Balance,Cash Balance Details,4,2022,3,2022,2,05,20
2022-05-19,Treasury General Account (TGA) Opening Balance,866726,923240,215160,I,Operating Cash Balance,Cash Balance Details,1,2022,3,2022,2,05,19
2022-05-19,Total TGA Deposits (Table II),147528,1392094,15620577,I,Operating Cash Balance,Cash Balance Details,2,2022,3,2022,2,05,19
2022-05-19,Total TGA Withdrawals (Table II) (-),189072,1490153,15010555,I,Operating Cash Balance,Cash Balance Details,3,2022,3,2022,2,05,19
2022-05-19,Treasury General Account (TGA) Closing Balance,825182,825182,825182,I,Operating Cash Balance,Cash Balance Details,4,2022,3,2022,2,05,19
2022-05-18,Treasury General Account (TGA) Opening Balance,891271,923240,215160,I,Operating Cash Balance,Cash Balance Details,1,2022,3,2022,2,05,18
2022-05-18,Total TGA Deposits (Table II),20920,1244567,15473049,I,Operating Cash Balance,Cash Balance Details,2,2022,3,2022,2,05,18
2022-05-18,Total TGA Withdrawals (Table II) (-),45465,1301081,14821484,I,Operating Cash Balance,Cash Balance Details,3,2022,3,2022,2,05,18
2022-05-18,Treasury General Account (TGA) Closing Balance,866726,866726,866726,I,Operating Cash Balance,Cash Balance Details,4,2022,3,2022,2,05,18
2022-05-17,Treasury General Account (TGA) Opening Balance,914571,923240,215160,I,Operating Cash Balance,Cash Balance Details,1,2022,3,2022,2,05,17
2022-05-17,Total TGA Deposits (Table II),112781,1223647,15452130,I,Operating Cash Balance,Cash Balance Details,2,2022,3,2022,2,05,17
2022-05-17,Total TGA Withdrawals (Table II) (-),136080,1255616,14776018,I,Operating Cash Balance,Cash Balance Details,3,2022,3,2022,2,05,17
2022-05-17,Treasury General Account (TGA) Closing Balance,891271,891271,891271,I,Operating Cash Balance,Cash Balance Details,4,2022,3,2022,2,05,17
2022-05-16,Treasury General Account (TGA) Opening Balance,880792,923240,215160,I,Operating Cash Balance,Cash Balance Details,1,2022,3,2022,2,05,16
2022-05-16,Total TGA Deposits (Table II),219419,1110866,15339349,I,Operating Cash Balance,Cash Balance Details,2,2022,3,2022,2,05,16
2022-05-16,Total TGA Withdrawals (Table II) (-),185640,1119536,14639938,I,Operating Cash Balance,Cash Balance Details,3,2022,3,2022,2,05,16
2022-05-16,Treasury General Account (TGA) Closing Balance,914571,914571,914571,I,Operating Cash Balance,Cash Balance Details,4,2022,3,2022,2,05,16
2022-05-13,Treasury General Account (TGA) Opening Balance,893803,923240,215160,I,Operating Cash Balance,Cash Balance Details,1,2022,3,2022,2,05,13
2022-05-13,Total TGA Deposits (Table II),19828,883046,15021400,I,Operating Cash Balance,Cash Balance Details,2,2022,3,2022,2,05,13
2022-05-13,Total TGA Withdrawals (Table II) (-),32840,925494,14355768,I,Operating Cash Balance,Cash Balance Details,3,2022,3,2022,2,05,13
2022-05-13,Treasury General Account (TGA) Closing Balance,880792,880792,880792,I,Operating Cash Balance,Cash Balance Details,4,2022,3,2022,2,05,13
2022-05-12,Treasury General Account (TGA) Opening Balance,919331,923240,215160,I,Operating Cash Balance,Cash Balance Details,1,2022,3,2022,2,05,12
2022-05-12,Total TGA Deposits (Table II),111351,863218,15001572,I,Operating Cash Balance,Cash Balance Details,2,2022,3,2022,2,05,12
2022-05-12,Total TGA Withdrawals (Table II) (-),136879,892655,14322928,I,Operating Cash Balance,Cash Balance Details,3,2022,3,2022,2,05,12
2022-05-12,Treasury General Account (TGA) Closing Balance,893803,893803,893803,I,Operating Cash Balance,Cash Balance Details,4,2022,3,2022,2,05,12
2022-05-11,Treasury General Account (TGA) Opening Balance,941766,923240,215160,I,Operating Cash Balance,Cash Balance Details,1,2022,3,2022,2,05,11
2022-05-11,Total TGA Deposits (Table II),23358,751866,14890221,I,Operating Cash Balance,Cash Balance Details,2,2022,3,2022,2,05,11
2022-05-11,Total TGA Withdrawals (Table II) (-),45793,755776,14186049,I,Operating Cash Balance,Cash Balance Details,3,2022,3,2022,2,05,11
2022-05-11,Treasury General Account (TGA) Closing Balance,919331,919331,919331,I,Operating Cash Balance,Cash Balance Details,4,2022,3,2022,2,05,11
2022-05-10,Treasury General Account (TGA) Opening Balance,962928,923240,215160,I,Operating Cash Balance,Cash Balance Details,1,2022,3,2022,2,05,10
2022-05-10,Total TGA Deposits (Table II),114618,728508,14866862,I,Operating Cash Balance,Cash Balance Details,2,2022,3,2022,2,05,10
2022-05-10,Total TGA Withdrawals (Table II) (-),135780,709983,14140256,I,Operating Cash Balance,Cash Balance Details,3,2022,3,2022,2,05,10
2022-05-10,Treasury General Account (TGA) Closing Balance,941766,941766,941766,I,Operating Cash Balance,Cash Balance Details,4,2022,3,2022,2,05,10
2022-05-09,Treasury General Account (TGA) Opening Balance,950700,923240,215160,I,Operating Cash Balance,Cash Balance Details,1,2022,3,2022,2,05,09
2022-05-09,Total TGA Deposits (Table II),30207,613890,14752244,I,Operating Cash Balance,Cash Balance Details,2,2022,3,2022,2,05,09
2022-05-09,Total TGA Withdrawals (Table II) (-),17980,574203,14004476,I,Operating Cash Balance,Cash Balance Details,3,2022,3,2022,2,05,09
2022-05-09,Treasury General Account (TGA) Closing Balance,962928,962928,962928,I,Operating Cash Balance,Cash Balance Details,4,2022,3,2022,2,05,09
2022-05-06,Treasury General Account (TGA) Opening Balance,943481,923240,215160,I,Operating Cash Balance,Cash Balance Details,1,2022,3,2022,2,05,06
2022-05-06,Total TGA Deposits (Table II),20257,583683,14722037,I,Operating Cash Balance,Cash Balance Details,2,2022,3,2022,2,05,06
2022-05-06,Total TGA Withdrawals (Table II) (-),13037,556223,13986497,I,Operating Cash Balance,Cash Balance Details,3,2022,3,2022,2,05,06
2022-05-06,Treasury General Account (TGA) Closing Balance,950700,950700,950700,I,Operating Cash Balance,Cash Balance Details,4,2022,3,2022,2,05,06
2022-05-05,Treasury General Account (TGA) Opening Balance,964412,923240,215160,I,Operating Cash Balance,Cash Balance Details,1,2022,3,2022,2,05,05
2022-05-05,Total TGA Deposits (Table II),120903,563426,14701780,I,Operating Cash Balance,Cash Balance Details,2,2022,3,2022,2,05,05
2022-05-05,Total TGA Withdrawals (Table II) (-),141833,543185,13973459,I,Operating Cash Balance,Cash Balance Details,3,2022,3,2022,2,05,05
2022-05-05,Treasury General Account (TGA) Closing Balance,943481,943481,943481,I,Operating Cash Balance,Cash Balance Details,4,2022,3,2022,2,05,05
2022-05-04,Treasury General Account (TGA) Opening Balance,955262,923240,215160,I,Operating Cash Balance,Cash Balance Details,1,2022,3,2022,2,05,04
2022-05-04,Total TGA Deposits (Table II),31087,442523,14580878,I,Operating Cash Balance,Cash Balance Details,2,2022,3,2022,2,05,04
2022-05-04,Total TGA Withdrawals (Table II) (-),21937,401352,13831626,I,Operating Cash Balance,Cash Balance Details,3,2022,3,2022,2,05,04
2022-05-04,Treasury General Account (TGA) Closing Balance,964412,964412,964412,I,Operating Cash Balance,Cash Balance Details,4,2022,3,2022,2,05,04
2022-05-03,Treasury General Account (TGA) Opening Balance,975018,923240,215160,I,Operating Cash Balance,Cash Balance Details,1,2022,3,2022,2,05,03
2022-05-03,Total TGA Deposits (Table II),138540,411437,14549791,I,Operating Cash Balance,Cash Balance Details,2,2022,3,2022,2,05,03
2022-05-03,Total TGA Withdrawals (Table II) (-),158297,379415,13809689,I,Operating Cash Balance,Cash Balance Details,3,2022,3,2022,2,05,03
2022-05-03,Treasury General Account (TGA) Closing Balance,955262,955262,955262,I,Operating Cash Balance,Cash Balance Details,4,2022,3,2022,2,05,03
2022-05-02,Treasury General Account (TGA) Opening Balance,923240,923240,215160,I,Operating Cash Balance,Cash Balance Details,1,2022,3,2022,2,05,02
2022-05-02,Total TGA Deposits (Table II),272896,272896,14411250,I,Operating Cash Balance,Cash Balance Details,2,2022,3,2022,2,05,02
2022-05-02,Total TGA Withdrawals (Table II) (-),221118,221118,13651392,I,Operating Cash Balance,Cash Balance Details,3,2022,3,2022,2,05,02
2022-05-02,Treasury General Account (TGA) Closing Balance,975018,975018,975018,I,Operating Cash Balance,Cash Balance Details,4,2022,3,2022,2,05,02
2022-04-29,Treasury General Account (TGA) Opening Balance,953933,651523,215160,I,Operating Cash Balance,Cash Balance Details,1,2022,3,2022,2,04,29
2022-04-29,Total TGA Deposits (Table II),55353,2049897,14138354,I,Operating Cash Balance,Cash Balance Details,2,2022,3,2022,2,04,29
2022-04-29,Total TGA Withdrawals (Table II) (-),86046,1778179,13430274,I,Operating Cash Balance,Cash Balance Details,3,2022,3,2022,2,04,29
2022-04-29,Treasury General Account (TGA) Closing Balance,923240,923240,923240,I,Operating Cash Balance,Cash Balance Details,4,2022,3,2022,2,04,29
2022-04-28,Treasury General Account (TGA) Opening Balance,957419,651523,215160,I,Operating Cash Balance,Cash Balance Details,1,2022,3,2022,2,04,28
2022-04-28,Total TGA Deposits (Table II),135610,1994544,14083002,I,Operating Cash Balance,Cash Balance Details,2,2022,3,2022,2,04,28
2022-04-28,Total TGA Withdrawals (Table II) (-),139096,1692134,13344228,I,Operating Cash Balance,Cash Balance Details,3,2022,3,2022,2,04,28
2022-04-28,Treasury General Account (TGA) Closing Balance,953933,953933,953933,I,Operating Cash Balance,Cash Balance Details,4,2022,3,2022,2,04,28
2022-04-27,Treasury General Account (TGA) Opening Balance,972993,651523,215160,I,Operating Cash Balance,Cash Balance Details,1,2022,3,2022,2,04,27
2022-04-27,Total TGA Deposits (Table II),36829,1858934,13947392,I,Operating Cash Balance,Cash Balance Details,2,2022,3,2022,2,04,27
2022-04-27,Total TGA Withdrawals (Table II) (-),52404,1553038,13205132,I,Operating Cash Balance,Cash Balance Details,3,2022,3,2022,2,04,27
2022-04-27,Treasury General Account (TGA) Closing Balance,957419,957419,957419,I,Operating Cash Balance,Cash Balance Details,4,2022,3,2022,2,04,27
2022-04-26,Treasury General Account (TGA) Opening Balance,958291,651523,215160,I,Operating Cash Balance,Cash Balance Details,1,2022,3,2022,2,04,26
2022-04-26,Total TGA Deposits (Table II),148016,1822106,13910507,I,Operating Cash Balance,Cash Balance Details,2,2022,3,2022,2,04,26
2022-04-26,Total TGA Withdrawals (Table II) (-),133314,1500635,13152673,I,Operating Cash Balance,Cash Balance Details,3,2022,3,2022,2,04,26
2022-04-26,Treasury General Account (TGA) Closing Balance,972993,972993,972993,I,Operating Cash Balance,Cash Balance Details,4,2022,3,2022,2,04,26
2022-04-25,Treasury General Account (TGA) Opening Balance,934238,651523,215160,I,Operating Cash Balance,Cash Balance Details,1,2022,3,2022,2,04,25
2022-04-25,Total TGA Deposits (Table II),44296,1674089,13762491,I,Operating Cash Balance,Cash Balance Details,2,2022,3,2022,2,04,25
2022-04-25,Total TGA Withdrawals (Table II) (-),20243,1367321,13019359,I,Operating Cash Balance,Cash Balance Details,3,2022,3,2022,2,04,25
2022-04-25,Treasury General Account (TGA) Closing Balance,958291,958291,958291,I,Operating Cash Balance,Cash Balance Details,4,2022,3,2022,2,04,25
2022-04-22,Treasury General Account (TGA) Opening Balance,918877,651523,215160,I,Operating Cash Balance,Cash Balance Details,1,2022,3,2022,2,04,22
2022-04-22,Total TGA Deposits (Table II),37033,1629794,13718195,I,Operating Cash Balance,Cash Balance Details,2,2022,3,2022,2,04,22
2022-04-22,Total TGA Withdrawals (Table II) (-),21672,1347079,12999117,I,Operating Cash Balance,Cash Balance Details,3,2022,3,2022,2,04,22
2022-04-22,Treasury General Account (TGA) Closing Balance,934238,934238,934238,I,Operating Cash Balance,Cash Balance Details,4,2022,3,2022,2,04,22
2022-04-21,Treasury General Account (TGA) Opening Balance,907526,651523,215160,I,Operating Cash Balance,Cash Balance Details,1,2022,3,2022,2,04,21
2022-04-21,Total TGA Deposits (Table II),186374,1592760,13681162,I,Operating Cash Balance,Cash Balance Details,2,2022,3,2022,2,04,21
2022-04-21,Total TGA Withdrawals (Table II) (-),175023,1325407,12977445,I,Operating Cash Balance,Cash Balance Details,3,2022,3,2022,2,04,21
2022-04-21,Treasury General Account (TGA) Closing Balance,918877,918877,918877,I,Operating Cash Balance,Cash Balance Details,4,2022,3,2022,2,04,21
2022-04-20,Treasury General Account (TGA) Opening Balance,893351,651523,215160,I,Operating Cash Balance,Cash Balance Details,1,2022,3,2022,2,04,20
2022-04-20,Total TGA Deposits (Table II),62733,1406387,13494788,I,Operating Cash Balance,Cash Balance Details,2,2022,3,2022,2,04,20
2022-04-20,Total TGA Withdrawals (Table II) (-),48558,1150384,12802422,I,Operating Cash Balance,Cash Balance Details,3,2022,3,2022,2,04,20
2022-04-20,Treasury General Account (TGA) Closing Balance,907526,907526,907526,I,Operating Cash Balance,Cash Balance Details,4,2022,3,2022,2,04,20
2022-04-19,Treasury General Account (TGA) Opening Balance,841253,651523,215160,I,Operating Cash Balance,Cash Balance Details,1,2022,3,2022,2,04,19
2022-04-19,Total TGA Deposits (Table II),196259,1343654,13432055,I,Operating Cash Balance,Cash Balance Details,2,2022,3,2022,2,04,19
2022-04-19,Total TGA Withdrawals (Table II) (-),144162,1101826,12753864,I,Operating Cash Balance,Cash Balance Details,3,2022,3,2022,2,04,19
2022-04-19,Treasury General Account (TGA) Closing Balance,893351,893351,893351,I,Operating Cash Balance,Cash Balance Details,4,2022,3,2022,2,04,19
2022-04-18,Treasury General Account (TGA) Opening Balance,578473,651523,215160,I,Operating Cash Balance,Cash Balance Details,1,2022,3,2022,2,04,18
2022-04-18,Total TGA Deposits (Table II),284332,1147394,13235796,I,Operating Cash Balance,Cash Balance Details,2,2022,3,2022,2,04,18
2022-04-18,Total TGA Withdrawals (Table II) (-),21553,957664,12609702,I,Operating Cash Balance,Cash Balance Details,3,2022,3,2022,2,04,18
2022-04-18,Treasury General Account (TGA) Closing Balance,841253,841253,841253,I,Operating Cash Balance,Cash Balance Details,4,2022,3,2022,2,04,18
2022-04-15,Treasury General Account (TGA),602292,651523,215160,I,Operating Cash Balance,Type of account,1,2022,3,2022,2,04,15
2022-04-15,Supplementary Financing Program Account,0,0,0,I,Operating Cash Balance,Type of account,2,2022,3,2022,2,04,15
2022-04-15,Short-Term Cash Investments (Table V),0,0,0,I,Operating Cash Balance,Type of account,3,2022,3,2022,2,04,15
2022-04-14,Treasury General Account (TGA),543536,651523,215160,I,Operating Cash Balance,Type of account,1,2022,3,2022,2,04,14
2022-04-14,Supplementary Financing Program Account,0,0,0,I,Operating Cash Balance,Type of account,2,2022,3,2022,2,04,14
2022-04-14,Short-Term Cash Investments (Table V),0,0,0,I,Operating Cash Balance,Type of account,3,2022,3,2022,2,04,14
2022-04-13,Treasury General Account (TGA),545611,651523,215160,I,Operating Cash Balance,Type of account,1,2022,3,2022,2,04,13
2022-04-13,Supplementary Financing Program Account,0,0,0,I,Operating Cash Balance,Type of account,2,2022,3,2022,2,04,13
2022-04-13,Short-Term Cash Investments (Table V),0,0,0,I,Operating Cash Balance,Type of account,3,2022,3,2022,2,04,13
2022-04-12,Treasury General Account (TGA),564856,651523,215160,I,Operating Cash Balance,Type of account,1,2022,3,2022,2,04,12
2022-04-12,Supplementary Financing Program Account,0,0,0,I,Operating Cash Balance,Type of account,2,2022,3,2022,2,04,12
2022-04-12,Short-Term Cash Investments (Table V),0,0,0,I,Operating Cash Balance,Type of account,3,2022,3,2022,2,04,12
2022-04-11,Treasury General Account (TGA),544736,651523,215160,I,Operating Cash Balance,Type of account,1,2022,3,2022,2,04,11
2022-04-11,Supplementary Financing Program Account,0,0,0,I,Operating Cash Balance,Type of account,2,2022,3,2022,2,04,11
2022-04-11,Short-Term Cash Investments (Table V),0,0,0,I,Operating Cash Balance,Type of account,3,2022,3,2022,2,04,11
2022-04-08,Treasury General Account (TGA),542946,651523,215160,I,Operating Cash Balance,Type of account,1,2022,3,2022,2,04,08
2022-04-08,Supplementary Financing Program Account,0,0,0,I,Operating Cash Balance,Type of account,2,2022,3,2022,2,04,08
2022-04-08,Short-Term Cash Investments (Table V),0,0,0,I,Operating Cash Balance,Type of account,3,2022,3,2022,2,04,08
2022-04-07,Treasury General Account (TGA),545584,651523,215160,I,Operating Cash Balance,Type of account,1,2022,3,2022,2,04,07
2022-04-07,Supplementary Financing Program Account,0,0,0,I,Operating Cash Balance,Type of account,2,2022,3,2022,2,04,07
2022-04-07,Short-Term Cash Investments (Table V),0,0,0,I,Operating Cash Balance,Type of account,3,2022,3,2022,2,04,07
2022-04-06,Treasury General Account (TGA),542176,651523,215160,I,Operating Cash Balance,Type of account,1,2022,3,2022,2,04,06
2022-04-06,Supplementary Financing Program Account,0,0,0,I,Operating Cash Balance,Type of account,2,2022,3,2022,2,04,06
2022-04-06,Short-Term Cash Investments (Table V),0,0,0,I,Operating Cash Balance,Type of account,3,2022,3,2022,2,04,06
2022-04-05,Treasury General Account (TGA),579607,651523,215160,I,Operating Cash Balance,Type of account,1,2022,3,2022,2,04,05
2022-04-05,Supplementary Financing Program Account,0,0,0,I,Operating Cash Balance,Type of account,2,2022,3,2022,2,04,05
2022-04-05,Short-Term Cash Investments (Table V),0,0,0,I,Operating Cash Balance,Type of account,3,2022,3,2022,2,04,05
2022-04-04,Treasury General Account (TGA),567423,651523,215160,I,Operating Cash Balance,Type of account,1,2022,3,2022,2,04,04
2022-04-04,Supplementary Financing Program Account,0,0,0,I,Operating Cash Balance,Type of account,2,2022,3,2022,2,04,04
2022-04-04,Short-Term Cash Investments (Table V),0,0,0,I,Operating Cash Balance,Type of account,3,2022,3,2022,2,04,04
2022-04-01,Treasury General Account (TGA),651523,651523,215160,I,Operating Cash Balance,Type of account,1,2022,3,2022,2,04,01
2022-04-01,Supplementary Financing Program Account,0,0,0,I,Operating Cash Balance,Type of account,2,2022,3,2022,2,04,01
2022-04-01,Short-Term Cash Investments (Table V),0,0,0,I,Operating Cash Balance,Type of account,3,2022,3,2022,2,04,01
2022-03-31,Treasury General Account (TGA),556791,771264,215160,I,Operating Cash Balance,Type of account,1,2022,2,2022,1,03,31
2022-03-31,Supplementary Financing Program Account,0,0,0,I,Operating Cash Balance,Type of account,2,2022,2,2022,1,03,31
2022-03-31,Short-Term Cash Investments (Table V),0,0,0,I,Operating Cash Balance,Type of account,3,2022,2,2022,1,03,31
2022-03-30,Treasury General Account (TGA),560968,771264,215160,I,Operating Cash Balance,Type of account,1,2022,2,2022,1,03,30
2022-03-30,Supplementary Financing Program Account,0,0,0,I,Operating Cash Balance,Type of account,2,2022,2,2022,1,03,30
2022-03-30,Short-Term Cash Investments (Table V),0,0,0,I,Operating Cash Balance,Type of account,3,2022,2,2022,1,03,30
2022-03-29,Treasury General Account (TGA),596168,771264,215160,I,Operating Cash Balance,Type of account,1,2022,2,2022,1,03,29
2022-03-29,Supplementary Financing Program Account,0,0,0,I,Operating Cash Balance,Type of account,2,2022,2,2022,1,03,29
2022-03-29,Short-Term Cash Investments (Table V),0,0,0,I,Operating Cash Balance,Type of account,3,2022,2,2022,1,03,29
2022-03-28,Treasury General Account (TGA),582578,771264,215160,I,Operating Cash Balance,Type of account,1,2022,2,2022,1,03,28
2022-03-28,Supplementary Financing Program Account,0,0,0,I,Operating Cash Balance,Type of account,2,2022,2,2022,1,03,28
2022-03-28,Short-Term Cash Investments (Table V),0,0,0,I,Operating Cash Balance,Type of account,3,2022,2,2022,1,03,28
2022-03-25,Treasury General Account (TGA),563796,771264,215160,I,Operating Cash Balance,Type of account,1,2022,2,2022,1,03,25
2022-03-25,Supplementary Financing Program Account,0,0,0,I,Operating Cash Balance,Type of account,2,2022,2,2022,1,03,25
2022-03-25,Short-Term Cash Investments (Table V),0,0,0,I,Operating Cash Balance,Type of account,3,2022,2,2022,1,03,25
2022-03-24,Treasury General Account (TGA),576442,771264,215160,I,Operating Cash Balance,Type of account,1,2022,2,2022,1,03,24
2022-03-24,Supplementary Financing Program Account,0,0,0,I,Operating Cash Balance,Type of account,2,2022,2,2022,1,03,24
2022-03-24,Short-Term Cash Investments (Table V),0,0,0,I,Operating Cash Balance,Type of account,3,2022,2,2022,1,03,24
2022-03-23,Treasury General Account (TGA),607762,771264,215160,I,Operating Cash Balance,Type of account,1,2022,2,2022,1,03,23
2022-03-23,Supplementary Financing Program Account,0,0,0,I,Operating Cash Balance,Type of account,2,2022,2,2022,1,03,23
2022-03-23,Short-Term Cash Investments (Table V),0,0,0,I,Operating Cash Balance,Type of account,3,2022,2,2022,1,03,23
2022-03-22,Treasury General Account (TGA),626636,771264,215160,I,Operating Cash Balance,Type of account,1,2022,2,2022,1,03,22
2022-03-22,Supplementary Financing Program Account,0,0,0,I,Operating Cash Balance,Type of account,2,2022,2,2022,1,03,22
2022-03-22,Short-Term Cash Investments (Table V),0,0,0,I,Operating Cash Balance,Type of account,3,2022,2,2022,1,03,22
2022-03-21,Treasury General Account (TGA),622418,771264,215160,I,Operating Cash Balance,Type of account,1,2022,2,2022,1,03,21
2022-03-21,Supplementary Financing Program Account,0,0,0,I,Operating Cash Balance,Type of account,2,2022,2,2022,1,03,21
2022-03-21,Short-Term Cash Investments (Table V),0,0,0,I,Operating Cash Balance,Type of account,3,2022,2,2022,1,03,21
2022-03-18,Treasury General Account (TGA),624216,771264,215160,I,Operating Cash Balance,Type of account,1,2022,2,2022,1,03,18
2022-03-18,Supplementary Financing Program Account,0,0,0,I,Operating Cash Balance,Type of account,2,2022,2,2022,1,03,18
2022-03-18,Short-Term Cash Investments (Table V),0,0,0,I,Operating Cash Balance,Type of account,3,2022,2,2022,1,03,18
2022-03-17,Treasury General Account (TGA),621527,771264,215160,I,Operating Cash Balance,Type of account,1,2022,2,2022,1,03,17
2022-03-17,Supplementary Financing Program Account,0,0,0,I,Operating Cash Balance,Type of account,2,2022,2,2022,1,03,17
2022-03-17,Short-Term Cash Investments (Table V),0,0,0,I,Operating Cash Balance,Type of account,3,2022,2,2022,1,03,17
2022-03-16,Treasury General Account (TGA),629614,771264,215160,I,Operating Cash Balance,Type of account,1,2022,2,2022,1,03,16
2022-03-16,Supplementary Financing Program Account,0,0,0,I,Operating Cash Balance,Type of account,2,2022,2,2022,1,03,16
2022-03-16,Short-Term Cash Investments (Table V),0,0,0,I,Operating Cash Balance,Type of account,3,2022,2,2022,1,03,16
2022-03-15,Treasury General Account (TGA),567360,771264,215160,I,Operating Cash Balance,Type of account,1,2022,2,2022,1,03,15
2022-03-15,Supplementary Financing Program Account,0,0,0,I,Operating Cash Balance,Type of account,2,2022,2,2022,1,03,15
2022-03-15,Short-Term Cash Investments (Table V),0,0,0,I,Operating Cash Balance,Type of account,3,2022,2,2022,1,03,15
2022-03-14,Treasury General Account (TGA),544592,771264,215160,I,Operating Cash Balance,Type of account,1,2022,2,2022,1,03,14
2022-03-14,Supplementary Financing Program Account,0,0,0,I,Operating Cash Balance,Type of account,2,2022,2,2022,1,03,14
2022-03-14,Short-Term Cash Investments (Table V),0,0,0,I,Operating Cash Balance,Type of account,3,2022,2,2022,1,03,14
2022-03-11,Treasury General Account (TGA),541965,771264,215160,I,Operating Cash Balance,Type of account,1,2022,2,2022,1,03,11
2022-03-11,Supplementary Financing Program Account,0,0,0,I,Operating Cash Balance,Type of account,2,2022,2,2022,1,03,11
2022-03-11,Short-Term Cash Investments (Table V),0,0,0,I,Operating Cash Balance,Type of account,3,2022,2,2022,1,03,11
2022-03-10,Treasury General Account (TGA),609369,771264,215160,I,Operating Cash Balance,Type of account,1,2022,2,2022,1,03,10
2022-03-10,Supplementary Financing Program Account,0,0,0,I,Operating Cash Balance,Type of account,2,2022,2,2022,1,03,10
2022-03-10,Short-Term Cash Investments (Table V),0,0,0,I,Operating Cash Balance,Type of account,3,2022,2,2022,1,03,10
2022-03-09,Treasury General Account (TGA),645312,771264,215160,I,Operating Cash Balance,Type of account,1,2022,2,2022,1,03,09
2022-03-09,Supplementary Financing Program Account,0,0,0,I,Operating Cash Balance,Type of account,2,2022,2,2022,1,03,09
2022-03-09,Short-Term Cash Investments (Table V),0,0,0,I,Operating Cash Balance,Type of account,3,2022,2,2022,1,03,09
2022-03-08,Treasury General Account (TGA),673387,771264,215160,I,Operating Cash Balance,Type of account,1,2022,2,2022,1,03,08
2022-03-08,Supplementary Financing Program Account,0,0,0,I,Operating Cash Balance,Type of account,2,2022,2,2022,1,03,08
2022-03-08,Short-Term Cash Investments (Table V),0,0,0,I,Operating Cash Balance,Type of account,3,2022,2,2022,1,03,08
2022-03-07,Treasury General Account (TGA),658241,771264,215160,I,Operating Cash Balance,Type of account,1,2022,2,2022,1,03,07
2022-03-07,Supplementary Financing Program Account,0,0,0,I,Operating Cash Balance,Type of account,2,2022,2,2022,1,03,07
2022-03-07,Short-Term Cash Investments (Table V),0,0,0,I,Operating Cash Balance,Type of account,3,2022,2,2022,1,03,07
2022-03-04,Treasury General Account (TGA),661486,771264,215160,I,Operating Cash Balance,Type of account,1,2022,2,2022,1,03,04
2022-03-04,Supplementary Financing Program Account,0,0,0,I,Operating Cash Balance,Type of account,2,2022,2,2022,1,03,04
2022-03-04,Short-Term Cash Investments (Table V),0,0,0,I,Operating Cash Balance,Type of account,3,2022,2,2022,1,03,04
2022-03-03,Treasury General Account (TGA),685491,771264,215160,I,Operating Cash Balance,Type of account,1,2022,2,2022,1,03,03
2022-03-03,Supplementary Financing Program Account,0,0,0,I,Operating Cash Balance,Type of account,2,2022,2,2022,1,03,03
2022-03-03,Short-Term Cash Investments (Table V),0,0,0,I,Operating Cash Balance,Type of account,3,2022,2,2022,1,03,03
2022-03-02,Treasury General Account (TGA),699674,771264,215160,I,Operating Cash Balance,Type of account,1,2022,2,2022,1,03,02
2022-03-02,Supplementary Financing Program Account,0,0,0,I,Operating Cash Balance,Type of account,2,2022,2,2022,1,03,02
2022-03-02,Short-Term Cash Investments (Table V),0,0,0,I,Operating Cash Balance,Type of account,3,2022,2,2022,1,03,02
2022-03-01,Treasury General Account (TGA),771264,771264,215160,I,Operating Cash Balance,Type of account,1,2022,2,2022,1,03,01
2022-03-01,Supplementary Financing Program Account,0,0,0,I,Operating Cash Balance,Type of account,2,2022,2,2022,1,03,01
2022-03-01,Short-Term Cash Investments (Table V),0,0,0,I,Operating Cash Balance,Type of account,3,2022,2,2022,1,03,01
2022-02-28,Treasury General Account (TGA),661184,742843,215160,I,Operating Cash Balance,Type of account,1,2022,2,2022,1,02,28
2022-02-28,Supplementary Financing Program Account,0,0,0,I,Operating Cash Balance,Type of account,2,2022,2,2022,1,02,28
2022-02-28,Short-Term Cash Investments (Table V),0,0,0,I,Operating Cash Balance,Type of account,3,2022,2,2022,1,02,28
2022-02-25,Treasury General Account (TGA),640342,742843,215160,I,Operating Cash Balance,Type of account,1,2022,2,2022,1,02,25
2022-02-25,Supplementary Financing Program Account,0,0,0,I,Operating Cash Balance,Type of account,2,2022,2,2022,1,02,25
2022-02-25,Short-Term Cash Investments (Table V),0,0,0,I,Operating Cash Balance,Type of account,3,2022,2,2022,1,02,25
2022-02-24,Treasury General Account (TGA),674797,742843,215160,I,Operating Cash Balance,Type of account,1,2022,2,2022,1,02,24
2022-02-24,Supplementary Financing Program Account,0,0,0,I,Operating Cash Balance,Type of account,2,2022,2,2022,1,02,24
2022-02-24,Short-Term Cash Investments (Table V),0,0,0,I,Operating Cash Balance,Type of account,3,2022,2,2022,1,02,24
2022-02-23,Treasury General Account (TGA),695704,742843,215160,I,Operating Cash Balance,Type of account,1,2022,2,2022,1,02,23
2022-02-23,Supplementary Financing Program Account,0,0,0,I,Operating Cash Balance,Type of account,2,2022,2,2022,1,02,23
2022-02-23,Short-Term Cash Investments (Table V),0,0,0,I,Operating Cash Balance,Type of account,3,2022,2,2022,1,02,23
2022-02-22,Treasury General Account (TGA),702252,742843,215160,I,Operating Cash Balance,Type of account,1,2022,2,2022,1,02,22
2022-02-22,Supplementary Financing Program Account,0,0,0,I,Operating Cash Balance,Type of account,2,2022,2,2022,1,02,22
2022-02-22,Short-Term Cash Investments (Table V),0,0,0,I,Operating Cash Balance,Type of account,3,2022,2,2022,1,02,22
2022-02-18,Treasury General Account (TGA),705359,742843,215160,I,Operating Cash Balance,Type of account,1,2022,2,2022,1,02,18
2022-02-18,Supplementary Financing Program Account,0,0,0,I,Operating Cash Balance,Type of account,2,2022,2,2022,1,02,18
2022-02-18,Short-Term Cash Investments (Table V),0,0,0,I,Operating Cash Balance,Type of account,3,2022,2,2022,1,02,18
2022-02-17,Treasury General Account (TGA),709261,742843,215160,I,Operating Cash Balance,Type of account,1,2022,2,2022,1,02,17
2022-02-17,Supplementary Financing Program Account,0,0,0,I,Operating Cash Balance,Type of account,2,2022,2,2022,1,02,17
2022-02-17,Short-Term Cash Investments (Table V),0,0,0,I,Operating Cash Balance,Type of account,3,2022,2,2022,1,02,17
2022-02-16,Treasury General Account (TGA),718597,742843,215160,I,Operating Cash Balance,Type of account,1,2022,2,2022,1,02,16
2022-02-16,Supplementary Financing Program Account,0,0,0,I,Operating Cash Balance,Type of account,2,2022,2,2022,1,02,16
2022-02-16,Short-Term Cash Investments (Table V),0,0,0,I,Operating Cash Balance,Type of account,3,2022,2,2022,1,02,16
2022-02-15,Treasury General Account (TGA),699135,742843,215160,I,Operating Cash Balance,Type of account,1,2022,2,2022,1,02,15
2022-02-15,Supplementary Financing Program Account,0,0,0,I,Operating Cash Balance,Type of account,2,2022,2,2022,1,02,15
2022-02-15,Short-Term Cash Investments (Table V),0,0,0,I,Operating Cash Balance,Type of account,3,2022,2,2022,1,02,15
2022-02-14,Treasury General Account (TGA),682930,742843,215160,I,Operating Cash Balance,Type of account,1,2022,2,2022,1,02,14
2022-02-14,Supplementary Financing Program Account,0,0,0,I,Operating Cash Balance,Type of account,2,2022,2,2022,1,02,14
2022-02-14,Short-Term Cash Investments (Table V),0,0,0,I,Operating Cash Balance,Type of account,3,2022,2,2022,1,02,14
2022-02-11,Treasury General Account (TGA),672004,742843,215160,I,Operating Cash Balance,Type of account,1,2022,2,2022,1,02,11
2022-02-11,Supplementary Financing Program Account,0,0,0,I,Operating Cash Balance,Type of account,2,2022,2,2022,1,02,11
2022-02-11,Short-Term Cash Investments (Table V),0,0,0,I,Operating Cash Balance,Type of account,3,2022,2,2022,1,02,11
2022-02-10,Treasury General Account (TGA),679019,742843,215160,I,Operating Cash Balance,Type of account,1,2022,2,2022,1,02,10
2022-02-10,Supplementary Financing Program Account,0,0,0,I,Operating Cash Balance,Type of account,2,2022,2,2022,1,02,10
2022-02-10,Short-Term Cash Investments (Table V),0,0,0,I,Operating Cash Balance,Type of account,3,2022,2,2022,1,02,10
2022-02-09,Treasury General Account (TGA),703228,742843,215160,I,Operating Cash Balance,Type of account,1,2022,2,2022,1,02,09
2022-02-09,Supplementary Financing Program Account,0,0,0,I,Operating Cash Balance,Type of account,2,2022,2,2022,1,02,09
2022-02-09,Short-Term Cash Investments (Table V),0,0,0,I,Operating Cash Balance,Type of account,3,2022,2,2022,1,02,09
2022-02-08,Treasury General Account (TGA),691711,742843,215160,I,Operating Cash Balance,Type of account,1,2022,2,2022,1,02,08
2022-02-08,Supplementary Financing Program Account,0,0,0,I,Operating Cash Balance,Type of account,2,2022,2,2022,1,02,08
2022-02-08,Short-Term Cash Investments (Table V),0,0,0,I,Operating Cash Balance,Type of account,3,2022,2,2022,1,02,08
2022-02-07,Treasury General Account (TGA),682002,742843,215160,I,Operating Cash Balance,Type of account,1,2022,2,2022,1,02,07
2022-02-07,Supplementary Financing Program Account,0,0,0,I,Operating Cash Balance,Type of account,2,2022,2,2022,1,02,07
2022-02-07,Short-Term Cash Investments (Table V),0,0,0,I,Operating Cash Balance,Type of account,3,2022,2,2022,1,02,07
2022-02-04,Treasury General Account (TGA),684721,742843,215160,I,Operating Cash Balance,Type of account,1,2022,2,2022,1,02,04
2022-02-04,Supplementary Financing Program Account,0,0,0,I,Operating Cash Balance,Type of account,2,2022,2,2022,1,02,04
2022-02-04,Short-Term Cash Investments (Table V),0,0,0,I,Operating Cash Balance,Type of account,3,2022,2,2022,1,02,04
2022-02-03,Treasury General Account (TGA),710267,742843,215160,I,Operating Cash Balance,Type of account,1,2022,2,2022,1,02,03
2022-02-03,Supplementary Financing Program Account,0,0,0,I,Operating Cash Balance,Type of account,2,2022,2,2022,1,02,03
2022-02-03,Short-Term Cash Investments (Table V),0,0,0,I,Operating Cash Balance,Type of account,3,2022,2,2022,1,02,03
2022-02-02,Treasury General Account (TGA),708705,742843,215160,I,Operating Cash Balance,Type of account,1,2022,2,2022,1,02,02
2022-02-02,Supplementary Financing Program Account,0,0,0,I,Operating Cash Balance,Type of account,2,2022,2,2022,1,02,02
2022-02-02,Short-Term Cash Investments (Table V),0,0,0,I,Operating Cash Balance,Type of account,3,2022,2,2022,1,02,02
2022-02-01,Treasury General Account (TGA),742843,742843,215160,I,Operating Cash Balance,Type of account,1,2022,2,2022,1,02,01
2022-02-01,Supplementary Financing Program Account,0,0,0,I,Operating Cash Balance,Type of account,2,2022,2,2022,1,02,01
2022-02-01,Short-Term Cash Investments (Table V),0,0,0,I,Operating Cash Balance,Type of account,3,2022,2,2022,1,02,01
2022-01-31,Treasury General Account (TGA),642334,406108,215160,I,Operating Cash Balance,Type of account,1,2022,2,2022,1,01,31
2022-01-31,Supplementary Financing Program Account,0,0,0,I,Operating Cash Balance,Type of account,2,2022,2,2022,1,01,31
2022-01-31,Short-Term Cash Investments (Table V),0,0,0,I,Operating Cash Balance,Type of account,3,2022,2,2022,1,01,31
2022-01-28,Treasury General Account (TGA),641597,406108,215160,I,Operating Cash Balance,Type of account,1,2022,2,2022,1,01,28
2022-01-28,Supplementary Financing Program Account,0,0,0,I,Operating Cash Balance,Type of account,2,2022,2,2022,1,01,28
2022-01-28,Short-Term Cash Investments (Table V),0,0,0,I,Operating Cash Balance,Type of account,3,2022,2,2022,1,01,28
2022-01-27,Treasury General Account (TGA),639620,406108,215160,I,Operating Cash Balance,Type of account,1,2022,2,2022,1,01,27
2022-01-27,Supplementary Financing Program Account,0,0,0,I,Operating Cash Balance,Type of account,2,2022,2,2022,1,01,27
2022-01-27,Short-Term Cash Investments (Table V),0,0,0,I,Operating Cash Balance,Type of account,3,2022,2,2022,1,01,27
2022-01-26,Treasury General Account (TGA),646920,406108,215160,I,Operating Cash Balance,Type of account,1,2022,2,2022,1,01,26
2022-01-26,Supplementary Financing Program Account,0,0,0,I,Operating Cash Balance,Type of account,2,2022,2,2022,1,01,26
2022-01-26,Short-Term Cash Investments (Table V),0,0,0,I,Operating Cash Balance,Type of account,3,2022,2,2022,1,01,26
2022-01-25,Treasury General Account (TGA),619699,406108,215160,I,Operating Cash Balance,Type of account,1,2022,2,2022,1,01,25
2022-01-25,Supplementary Financing Program Account,0,0,0,I,Operating Cash Balance,Type of account,2,2022,2,2022,1,01,25
2022-01-25,Short-Term Cash Investments (Table V),0,0,0,I,Operating Cash Balance,Type of account,3,2022,2,2022,1,01,25
2022-01-24,Treasury General Account (TGA),598929,406108,215160,I,Operating Cash Balance,Type of account,1,2022,2,2022,1,01,24
2022-01-24,Supplementary Financing Program Account,0,0,0,I,Operating Cash Balance,Type of account,2,2022,2,2022,1,01,24
2022-01-24,Short-Term Cash Investments (Table V),0,0,0,I,Operating Cash Balance,Type of account,3,2022,2,2022,1,01,24
2022-01-21,Treasury General Account (TGA),601115,406108,215160,I,Operating Cash Balance,Type of account,1,2022,2,2022,1,01,21
2022-01-21,Supplementary Financing Program Account,0,0,0,I,Operating Cash Balance,Type of account,2,2022,2,2022,1,01,21
2022-01-21,Short-Term Cash Investments (Table V),0,0,0,I,Operating Cash Balance,Type of account,3,2022,2,2022,1,01,21
2022-01-20,Treasury General Account (TGA),580171,406108,215160,I,Operating Cash Balance,Type of account,1,2022,2,2022,1,01,20
2022-01-20,Supplementary Financing Program Account,0,0,0,I,Operating Cash Balance,Type of account,2,2022,2,2022,1,01,20
2022-01-20,Short-Term Cash Investments (Table V),0,0,0,I,Operating Cash Balance,Type of account,3,2022,2,2022,1,01,20
2022-01-19,Treasury General Account (TGA),586619,406108,215160,I,Operating Cash Balance,Type of account,1,2022,2,2022,1,01,19
2022-01-19,Supplementary Financing Program Account,0,0,0,I,Operating Cash Balance,Type of account,2,2022,2,2022,1,01,19
2022-01-19,Short-Term Cash Investments (Table V),0,0,0,I,Operating Cash Balance,Type of account,3,2022,2,2022,1,01,19
2022-01-18,Treasury General Account (TGA),453239,406108,215160,I,Operating Cash Balance,Type of account,1,2022,2,2022,1,01,18
2022-01-18,Supplementary Financing Program Account,0,0,0,I,Operating Cash Balance,Type of account,2,2022,2,2022,1,01,18
2022-01-18,Short-Term Cash Investments (Table V),0,0,0,I,Operating Cash Balance,Type of account,3,2022,2,2022,1,01,18
2022-01-14,Treasury General Account (TGA),441135,406108,215160,I,Operating Cash Balance,Type of account,1,2022,2,2022,1,01,14
2022-01-14,Supplementary Financing Program Account,0,0,0,I,Operating Cash Balance,Type of account,2,2022,2,2022,1,01,14
2022-01-14,Short-Term Cash Investments (Table V),0,0,0,I,Operating Cash Balance,Type of account,3,2022,2,2022,1,01,14
2022-01-13,Treasury General Account (TGA),489679,406108,215160,I,Operating Cash Balance,Type of account,1,2022,2,2022,1,01,13
2022-01-13,Supplementary Financing Program Account,0,0,0,I,Operating Cash Balance,Type of account,2,2022,2,2022,1,01,13
2022-01-13,Short-Term Cash Investments (Table V),0,0,0,I,Operating Cash Balance,Type of account,3,2022,2,2022,1,01,13
2022-01-12,Treasury General Account (TGA),507352,406108,215160,I,Operating Cash Balance,Type of account,1,2022,2,2022,1,01,12
2022-01-12,Supplementary Financing Program Account,0,0,0,I,Operating Cash Balance,Type of account,2,2022,2,2022,1,01,12
2022-01-12,Short-Term Cash Investments (Table V),0,0,0,I,Operating Cash Balance,Type of account,3,2022,2,2022,1,01,12
2022-01-11,Treasury General Account (TGA),447887,406108,215160,I,Operating Cash Balance,Type of account,1,2022,2,2022,1,01,11
2022-01-11,Supplementary Financing Program Account,0,0,0,I,Operating Cash Balance,Type of account,2,2022,2,2022,1,01,11
2022-01-11,Short-Term Cash Investments (Table V),0,0,0,I,Operating Cash Balance,Type of account,3,2022,2,2022,1,01,11
2022-01-10,Treasury General Account (TGA),436443,406108,215160,I,Operating Cash Balance,Type of account,1,2022,2,2022,1,01,10
2022-01-10,Supplementary Financing Program Account,0,0,0,I,Operating Cash Balance,Type of account,2,2022,2,2022,1,01,10
2022-01-10,Short-Term Cash Investments (Table V),0,0,0,I,Operating Cash Balance,Type of account,3,2022,2,2022,1,01,10
2022-01-07,Treasury General Account (TGA),440561,406108,215160,I,Operating Cash Balance,Type of account,1,2022,2,2022,1,01,07
2022-01-07,Supplementary Financing Program Account,0,0,0,I,Operating Cash Balance,Type of account,2,2022,2,2022,1,01,07
2022-01-07,Short-Term Cash Investments (Table V),0,0,0,I,Operating Cash Balance,Type of account,3,2022,2,2022,1,01,07
2022-01-06,Treasury General Account (TGA),434757,406108,215160,I,Operating Cash Balance,Type of account,1,2022,2,2022,1,01,06
2022-01-06,Supplementary Financing Program Account,0,0,0,I,Operating Cash Balance,Type of account,2,2022,2,2022,1,01,06
2022-01-06,Short-Term Cash Investments (Table V),0,0,0,I,Operating Cash Balance,Type of account,3,2022,2,2022,1,01,06
2022-01-05,Treasury General Account (TGA),424696,406108,215160,I,Operating Cash Balance,Type of account,1,2022,2,2022,1,01,05
2022-01-05,Supplementary Financing Program Account,0,0,0,I,Operating Cash Balance,Type of account,2,2022,2,2022,1,01,05
2022-01-05,Short-Term Cash Investments (Table V),0,0,0,I,Operating Cash Balance,Type of account,3,2022,2,2022,1,01,05
2022-01-04,Treasury General Account (TGA),366304,406108,215160,I,Operating Cash Balance,Type of account,1,2022,2,2022,1,01,04
2022-01-04,Supplementary Financing Program Account,0,0,0,I,Operating Cash Balance,Type of account,2,2022,2,2022,1,01,04
2022-01-04,Short-Term Cash Investments (Table V),0,0,0,I,Operating Cash Balance,Type of account,3,2022,2,2022,1,01,04
2022-01-03,Treasury General Account (TGA),406108,406108,215160,I,Operating Cash Balance,Type of account,1,2022,2,2022,1,01,03
2022-01-03,Supplementary Financing Program Account,0,0,0,I,Operating Cash Balance,Type of account,2,2022,2,2022,1,01,03
2022-01-03,Short-Term Cash Investments (Table V),0,0,0,I,Operating Cash Balance,Type of account,3,2022,2,2022,1,01,03
2021-12-31,Treasury General Account (TGA),284174,213153,215160,I,Operating Cash Balance,Type of account,1,2022,1,2021,4,12,31
2021-12-31,Supplementary Financing Program Account,0,0,0,I,Operating Cash Balance,Type of account,2,2022,1,2021,4,12,31
2021-12-31,Short-Term Cash Investments (Table V),0,0,0,I,Operating Cash Balance,Type of account,3,2022,1,2021,4,12,31
2021-12-30,Treasury General Account (TGA),283995,213153,215160,I,Operating Cash Balance,Type of account,1,2022,1,2021,4,12,30
2021-12-30,Supplementary Financing Program Account,0,0,0,I,Operating Cash Balance,Type of account,2,2022,1,2021,4,12,30
2021-12-30,Short-Term Cash Investments (Table V),0,0,0,I,Operating Cash Balance,Type of account,3,2022,1,2021,4,12,30
2021-12-29,Treasury General Account (TGA),268208,213153,215160,I,Operating Cash Balance,Type of account,1,2022,1,2021,4,12,29
2021-12-29,Supplementary Financing Program Account,0,0,0,I,Operating Cash Balance,Type of account,2,2022,1,2021,4,12,29
2021-12-29,Short-Term Cash Investments (Table V),0,0,0,I,Operating Cash Balance,Type of account,3,2022,1,2021,4,12,29
2021-12-28,Treasury General Account (TGA),202813,213153,215160,I,Operating Cash Balance,Type of account,1,2022,1,2021,4,12,28
2021-12-28,Supplementary Financing Program Account,0,0,0,I,Operating Cash Balance,Type of account,2,2022,1,2021,4,12,28
2021-12-28,Short-Term Cash Investments (Table V),0,0,0,I,Operating Cash Balance,Type of account,3,2022,1,2021,4,12,28
2021-12-27,Treasury General Account (TGA),183671,213153,215160,I,Operating Cash Balance,Type of account,1,2022,1,2021,4,12,27
2021-12-27,Supplementary Financing Program Account,0,0,0,I,Operating Cash Balance,Type of account,2,2022,1,2021,4,12,27
2021-12-27,Short-Term Cash Investments (Table V),0,0,0,I,Operating Cash Balance,Type of account,3,2022,1,2021,4,12,27
2021-12-24,Treasury General Account (TGA),176914,213153,215160,I,Operating Cash Balance,Type of account,1,2022,1,2021,4,12,24
2021-12-24,Supplementary Financing Program Account,0,0,0,I,Operating Cash Balance,Type of account,2,2022,1,2021,4,12,24
2021-12-24,Short-Term Cash Investments (Table V),0,0,0,I,Operating Cash Balance,Type of account,3,2022,1,2021,4,12,24
2021-12-23,Treasury General Account (TGA),197516,213153,215160,I,Operating Cash Balance,Type of account,1,2022,1,2021,4,12,23
2021-12-23,Supplementary Financing Program Account,0,0,0,I,Operating Cash Balance,Type of account,2,2022,1,2021,4,12,23
2021-12-23,Short-Term Cash Investments (Table V),0,0,0,I,Operating Cash Balance,Type of account,3,2022,1,2021,4,12,23
2021-12-22,Treasury General Account (TGA),146518,213153,215160,I,Operating Cash Balance,Type of account,1,2022,1,2021,4,12,22
2021-12-22,Supplementary Financing Program Account,0,0,0,I,Operating Cash Balance,Type of account,2,2022,1,2021,4,12,22
2021-12-22,Short-Term Cash Investments (Table V),0,0,0,I,Operating Cash Balance,Type of account,3,2022,1,2021,4,12,22
2021-12-21,Treasury General Account (TGA),64905,213153,215160,I,Operating Cash Balance,Type of account,1,2022,1,2021,4,12,21
2021-12-21,Supplementary Financing Program Account,0,0,0,I,Operating Cash Balance,Type of account,2,2022,1,2021,4,12,21
2021-12-21,Short-Term Cash Investments (Table V),0,0,0,I,Operating Cash Balance,Type of account,3,2022,1,2021,4,12,21
2021-12-20,Treasury General Account (TGA),47877,213153,215160,I,Operating Cash Balance,Type of account,1,2022,1,2021,4,12,20
2021-12-20,Supplementary Financing Program Account,0,0,0,I,Operating Cash Balance,Type of account,2,2022,1,2021,4,12,20
2021-12-20,Short-Term Cash Investments (Table V),0,0,0,I,Operating Cash Balance,Type of account,3,2022,1,2021,4,12,20
2021-12-17,Treasury General Account (TGA),42111,213153,215160,I,Operating Cash Balance,Type of account,1,2022,1,2021,4,12,17
2021-12-17,Supplementary Financing Program Account,0,0,0,I,Operating Cash Balance,Type of account,2,2022,1,2021,4,12,17
2021-12-17,Short-Term Cash Investments (Table V),0,0,0,I,Operating Cash Balance,Type of account,3,2022,1,2021,4,12,17
2021-12-16,Treasury General Account (TGA),58294,213153,215160,I,Operating Cash Balance,Type of account,1,2022,1,2021,4,12,16
2021-12-16,Supplementary Financing Program Account,0,0,0,I,Operating Cash Balance,Type of account,2,2022,1,2021,4,12,16
2021-12-16,Short-Term Cash Investments (Table V),0,0,0,I,Operating Cash Balance,Type of account,3,2022,1,2021,4,12,16
2021-12-15,Treasury General Account (TGA),79505,213153,215160,I,Operating Cash Balance,Type of account,1,2022,1,2021,4,12,15
2021-12-15,Supplementary Financing Program Account,0,0,0,I,Operating Cash Balance,Type of account,2,2022,1,2021,4,12,15
2021-12-15,Short-Term Cash Investments (Table V),0,0,0,I,Operating Cash Balance,Type of account,3,2022,1,2021,4,12,15
2021-12-14,Treasury General Account (TGA),133605,213153,215160,I,Operating Cash Balance,Type of account,1,2022,1,2021,4,12,14
2021-12-14,Supplementary Financing Program Account,0,0,0,I,Operating Cash Balance,Type of account,2,2022,1,2021,4,12,14
2021-12-14,Short-Term Cash Investments (Table V),0,0,0,I,Operating Cash Balance,Type of account,3,2022,1,2021,4,12,14
2021-12-13,Treasury General Account (TGA),114680,213153,215160,I,Operating Cash Balance,Type of account,1,2022,1,2021,4,12,13
2021-12-13,Supplementary Financing Program Account,0,0,0,I,Operating Cash Balance,Type of account,2,2022,1,2021,4,12,13
2021-12-13,Short-Term Cash Investments (Table V),0,0,0,I,Operating Cash Balance,Type of account,3,2022,1,2021,4,12,13
2021-12-10,Treasury General Account (TGA),118145,213153,215160,I,Operating Cash Balance,Type of account,1,2022,1,2021,4,12,10
2021-12-10,Supplementary Financing Program Account,0,0,0,I,Operating Cash Balance,Type of account,2,2022,1,2021,4,12,10
2021-12-10,Short-Term Cash Investments (Table V),0,0,0,I,Operating Cash Balance,Type of account,3,2022,1,2021,4,12,10
2021-12-09,Treasury General Account (TGA),125144,213153,215160,I,Operating Cash Balance,Type of account,1,2022,1,2021,4,12,09
2021-12-09,Supplementary Financing Program Account,0,0,0,I,Operating Cash Balance,Type of account,2,2022,1,2021,4,12,09
2021-12-09,Short-Term Cash Investments (Table V),0,0,0,I,Operating Cash Balance,Type of account,3,2022,1,2021,4,12,09
2021-12-08,Treasury General Account (TGA),144924,213153,215160,I,Operating Cash Balance,Type of account,1,2022,1,2021,4,12,08
2021-12-08,Supplementary Financing Program Account,0,0,0,I,Operating Cash Balance,Type of account,2,2022,1,2021,4,12,08
2021-12-08,Short-Term Cash Investments (Table V),0,0,0,I,Operating Cash Balance,Type of account,3,2022,1,2021,4,12,08
2021-12-07,Treasury General Account (TGA),106980,213153,215160,I,Operating Cash Balance,Type of account,1,2022,1,2021,4,12,07
2021-12-07,Supplementary Financing Program Account,0,0,0,I,Operating Cash Balance,Type of account,2,2022,1,2021,4,12,07
2021-12-07,Short-Term Cash Investments (Table V),0,0,0,I,Operating Cash Balance,Type of account,3,2022,1,2021,4,12,07
2021-12-06,Treasury General Account (TGA),101192,213153,215160,I,Operating Cash Balance,Type of account,1,2022,1,2021,4,12,06
2021-12-06,Supplementary Financing Program Account,0,0,0,I,Operating Cash Balance,Type of account,2,2022,1,2021,4,12,06
2021-12-06,Short-Term Cash Investments (Table V),0,0,0,I,Operating Cash Balance,Type of account,3,2022,1,2021,4,12,06
2021-12-03,Treasury General Account (TGA),125195,213153,215160,I,Operating Cash Balance,Type of account,1,2022,1,2021,4,12,03
2021-12-03,Supplementary Financing Program Account,0,0,0,I,Operating Cash Balance,Type of account,2,2022,1,2021,4,12,03
2021-12-03,Short-Term Cash Investments (Table V),0,0,0,I,Operating Cash Balance,Type of account,3,2022,1,2021,4,12,03
2021-12-02,Treasury General Account (TGA),159148,213153,215160,I,Operating Cash Balance,Type of account,1,2022,1,2021,4,12,02
2021-12-02,Supplementary Financing Program Account,0,0,0,I,Operating Cash Balance,Type of account,2,2022,1,2021,4,12,02
2021-12-02,Short-Term Cash Investments (Table V),0,0,0,I,Operating Cash Balance,Type of account,3,2022,1,2021,4,12,02
2021-12-01,Treasury General Account (TGA),213153,213153,215160,I,Operating Cash Balance,Type of account,1,2022,1,2021,4,12,01
2021-12-01,Supplementary Financing Program Account,0,0,0,I,Operating Cash Balance,Type of account,2,2022,1,2021,4,12,01
2021-12-01,Short-Term Cash Investments (Table V),0,0,0,I,Operating Cash Balance,Type of account,3,2022,1,2021,4,12,01
2021-11-30,Treasury General Account (TGA),143941,278023,215160,I,Operating Cash Balance,Type of account,1,2022,1,2021,4,11,30
2021-11-30,Supplementary Financing Program Account,0,0,0,I,Operating Cash Balance,Type of account,2,2022,1,2021,4,11,30
2021-11-30,Short-Term Cash Investments (Table V),0,0,0,I,Operating Cash Balance,Type of account,3,2022,1,2021,4,11,30
2021-11-29,Treasury General Account (TGA),137091,278023,215160,I,Operating Cash Balance,Type of account,1,2022,1,2021,4,11,29
2021-11-29,Supplementary Financing Program Account,0,0,0,I,Operating Cash Balance,Type of account,2,2022,1,2021,4,11,29
2021-11-29,Short-Term Cash Investments (Table V),0,0,0,I,Operating Cash Balance,Type of account,3,2022,1,2021,4,11,29
2021-11-26,Treasury General Account (TGA),141042,278023,215160,I,Operating Cash Balance,Type of account,1,2022,1,2021,4,11,26
2021-11-26,Supplementary Financing Program Account,0,0,0,I,Operating Cash Balance,Type of account,2,2022,1,2021,4,11,26
2021-11-26,Short-Term Cash Investments (Table V),0,0,0,I,Operating Cash Balance,Type of account,3,2022,1,2021,4,11,26
2021-11-24,Treasury General Account (TGA),165160,278023,215160,I,Operating Cash Balance,Type of account,1,2022,1,2021,4,11,24
2021-11-24,Supplementary Financing Program Account,0,0,0,I,Operating Cash Balance,Type of account,2,2022,1,2021,4,11,24
2021-11-24,Short-Term Cash Investments (Table V),0,0,0,I,Operating Cash Balance,Type of account,3,2022,1,2021,4,11,24
2021-11-23,Treasury General Account (TGA),163242,278023,215160,I,Operating Cash Balance,Type of account,1,2022,1,2021,4,11,23
2021-11-23,Supplementary Financing Program Account,0,0,0,I,Operating Cash Balance,Type of account,2,2022,1,2021,4,11,23
2021-11-23,Short-Term Cash Investments (Table V),0,0,0,I,Operating Cash Balance,Type of account,3,2022,1,2021,4,11,23
2021-11-22,Treasury General Account (TGA),170311,278023,215160,I,Operating Cash Balance,Type of account,1,2022,1,2021,4,11,22
2021-11-22,Supplementary Financing Program Account,0,0,0,I,Operating Cash Balance,Type of account,2,2022,1,2021,4,11,22
2021-11-22,Short-Term Cash Investments (Table V),0,0,0,I,Operating Cash Balance,Type of account,3,2022,1,2021,4,11,22
2021-11-19,Treasury General Account (TGA),168229,278023,215160,I,Operating Cash Balance,Type of account,1,2022,1,2021,4,11,19
2021-11-19,Supplementary Financing Program Account,0,0,0,I,Operating Cash Balance,Type of account,2,2022,1,2021,4,11,19
2021-11-19,Short-Term Cash Investments (Table V),0,0,0,I,Operating Cash Balance,Type of account,3,2022,1,2021,4,11,19
2021-11-18,Treasury General Account (TGA),178972,278023,215160,I,Operating Cash Balance,Type of account,1,2022,1,2021,4,11,18
2021-11-18,Supplementary Financing Program Account,0,0,0,I,Operating Cash Balance,Type of account,2,2022,1,2021,4,11,18
2021-11-18,Short-Term Cash Investments (Table V),0,0,0,I,Operating Cash Balance,Type of account,3,2022,1,2021,4,11,18
2021-11-17,Treasury General Account (TGA),198696,278023,215160,I,Operating Cash Balance,Type of account,1,2022,1,2021,4,11,17
2021-11-17,Supplementary Financing Program Account,0,0,0,I,Operating Cash Balance,Type of account,2,2022,1,2021,4,11,17
2021-11-17,Short-Term Cash Investments (Table V),0,0,0,I,Operating Cash Balance,Type of account,3,2022,1,2021,4,11,17
2021-11-16,Treasury General Account (TGA),211700,278023,215160,I,Operating Cash Balance,Type of account,1,2022,1,2021,4,11,16
2021-11-16,Supplementary Financing Program Account,0,0,0,I,Operating Cash Balance,Type of account,2,2022,1,2021,4,11,16
2021-11-16,Short-Term Cash Investments (Table V),0,0,0,I,Operating Cash Balance,Type of account,3,2022,1,2021,4,11,16
2021-11-15,Treasury General Account (TGA),219793,278023,215160,I,Operating Cash Balance,Type of account,1,2022,1,2021,4,11,15
2021-11-15,Supplementary Financing Program Account,0,0,0,I,Operating Cash Balance,Type of account,2,2022,1,2021,4,11,15
2021-11-15,Short-Term Cash Investments (Table V),0,0,0,I,Operating Cash Balance,Type of account,3,2022,1,2021,4,11,15
2021-11-12,Treasury General Account (TGA),231421,278023,215160,I,Operating Cash Balance,Type of account,1,2022,1,2021,4,11,12
2021-11-12,Supplementary Financing Program Account,0,0,0,I,Operating Cash Balance,Type of account,2,2022,1,2021,4,11,12
2021-11-12,Short-Term Cash Investments (Table V),0,0,0,I,Operating Cash Balance,Type of account,3,2022,1,2021,4,11,12
2021-11-10,Treasury General Account (TGA),255937,278023,215160,I,Operating Cash Balance,Type of account,1,2022,1,2021,4,11,10
2021-11-10,Supplementary Financing Program Account,0,0,0,I,Operating Cash Balance,Type of account,2,2022,1,2021,4,11,10
2021-11-10,Short-Term Cash Investments (Table V),0,0,0,I,Operating Cash Balance,Type of account,3,2022,1,2021,4,11,10
2021-11-09,Treasury General Account (TGA),270273,278023,215160,I,Operating Cash Balance,Type of account,1,2022,1,2021,4,11,09
2021-11-09,Supplementary Financing Program Account,0,0,0,I,Operating Cash Balance,Type of account,2,2022,1,2021,4,11,09
2021-11-09,Short-Term Cash Investments (Table V),0,0,0,I,Operating Cash Balance,Type of account,3,2022,1,2021,4,11,09
2021-11-08,Treasury General Account (TGA),263023,278023,215160,I,Operating Cash Balance,Type of account,1,2022,1,2021,4,11,08
2021-11-08,Supplementary Financing Program Account,0,0,0,I,Operating Cash Balance,Type of account,2,2022,1,2021,4,11,08
2021-11-08,Short-Term Cash Investments (Table V),0,0,0,I,Operating Cash Balance,Type of account,3,2022,1,2021,4,11,08
2021-11-05,Treasury General Account (TGA),268350,278023,215160,I,Operating Cash Balance,Type of account,1,2022,1,2021,4,11,05
2021-11-05,Supplementary Financing Program Account,0,0,0,I,Operating Cash Balance,Type of account,2,2022,1,2021,4,11,05
2021-11-05,Short-Term Cash Investments (Table V),0,0,0,I,Operating Cash Balance,Type of account,3,2022,1,2021,4,11,05
2021-11-04,Treasury General Account (TGA),286959,278023,215160,I,Operating Cash Balance,Type of account,1,2022,1,2021,4,11,04
2021-11-04,Supplementary Financing Program Account,0,0,0,I,Operating Cash Balance,Type of account,2,2022,1,2021,4,11,04
2021-11-04,Short-Term Cash Investments (Table V),0,0,0,I,Operating Cash Balance,Type of account,3,2022,1,2021,4,11,04
2021-11-03,Treasury General Account (TGA),311302,278023,215160,I,Operating Cash Balance,Type of account,1,2022,1,2021,4,11,03
2021-11-03,Supplementary Financing Program Account,0,0,0,I,Operating Cash Balance,Type of account,2,2022,1,2021,4,11,03
2021-11-03,Short-Term Cash Investments (Table V),0,0,0,I,Operating Cash Balance,Type of account,3,2022,1,2021,4,11,03
2021-11-02,Treasury General Account (TGA),269343,278023,215160,I,Operating Cash Balance,Type of account,1,2022,1,2021,4,11,02
2021-11-02,Supplementary Financing Program Account,0,0,0,I,Operating Cash Balance,Type of account,2,2022,1,2021,4,11,02
2021-11-02,Short-Term Cash Investments (Table V),0,0,0,I,Operating Cash Balance,Type of account,3,2022,1,2021,4,11,02
2021-11-01,Treasury General Account (TGA),278023,278023,215160,I,Operating Cash Balance,Type of account,1,2022,1,2021,4,11,01
2021-11-01,Supplementary Financing Program Account,0,0,0,I,Operating Cash Balance,Type of account,2,2022,1,2021,4,11,01
2021-11-01,Short-Term Cash Investments (Table V),0,0,0,I,Operating Cash Balance,Type of account,3,2022,1,2021,4,11,01
2021-10-29,Treasury General Account (TGA),259761,215160,215160,I,Operating Cash Balance,Type of account,1,2022,1,2021,4,10,29
2021-10-29,Supplementary Financing Program Account,0,0,0,I,Operating Cash Balance,Type of account,2,2022,1,2021,4,10,29
2021-10-29,Short-Term Cash Investments (Table V),0,0,0,I,Operating Cash Balance,Type of account,3,2022,1,2021,4,10,29
2021-10-28,Treasury General Account (TGA),236495,215160,215160,I,Operating Cash Balance,Type of account,1,2022,1,2021,4,10,28
2021-10-28,Supplementary Financing Program Account,0,0,0,I,Operating Cash Balance,Type of account,2,2022,1,2021,4,10,28
2021-10-28,Short-Term Cash Investments (Table V),0,0,0,I,Operating Cash Balance,Type of account,3,2022,1,2021,4,10,28
2021-10-27,Treasury General Account (TGA),261071,215160,215160,I,Operating Cash Balance,Type of account,1,2022,1,2021,4,10,27
2021-10-27,Supplementary Financing Program Account,0,0,0,I,Operating Cash Balance,Type of account,2,2022,1,2021,4,10,27
2021-10-27,Short-Term Cash Investments (Table V),0,0,0,I,Operating Cash Balance,Type of account,3,2022,1,2021,4,10,27
2021-10-26,Treasury General Account (TGA),219868,215160,215160,I,Operating Cash Balance,Type of account,1,2022,1,2021,4,10,26
2021-10-26,Supplementary Financing Program Account,0,0,0,I,Operating Cash Balance,Type of account,2,2022,1,2021,4,10,26
2021-10-26,Short-Term Cash Investments (Table V),0,0,0,I,Operating Cash Balance,Type of account,3,2022,1,2021,4,10,26
2021-10-25,Treasury General Account (TGA),208815,215160,215160,I,Operating Cash Balance,Type of account,1,2022,1,2021,4,10,25
2021-10-25,Supplementary Financing Program Account,0,0,0,I,Operating Cash Balance,Type of account,2,2022,1,2021,4,10,25
2021-10-25,Short-Term Cash Investments (Table V),0,0,0,I,Operating Cash Balance,Type of account,3,2022,1,2021,4,10,25
2021-10-22,Treasury General Account (TGA),149154,215160,215160,I,Operating Cash Balance,Type of account,1,2022,1,2021,4,10,22
2021-10-22,Supplementary Financing Program Account,0,0,0,I,Operating Cash Balance,Type of account,2,2022,1,2021,4,10,22
2021-10-22,Short-Term Cash Investments (Table V),0,0,0,I,Operating Cash Balance,Type of account,3,2022,1,2021,4,10,22
2021-10-21,Treasury General Account (TGA),117364,215160,215160,I,Operating Cash Balance,Type of account,1,2022,1,2021,4,10,21
2021-10-21,Supplementary Financing Program Account,0,0,0,I,Operating Cash Balance,Type of account,2,2022,1,2021,4,10,21
2021-10-21,Short-Term Cash Investments (Table V),0,0,0,I,Operating Cash Balance,Type of account,3,2022,1,2021,4,10,21
2021-10-20,Treasury General Account (TGA),132525,215160,215160,I,Operating Cash Balance,Type of account,1,2022,1,2021,4,10,20
2021-10-20,Supplementary Financing Program Account,0,0,0,I,Operating Cash Balance,Type of account,2,2022,1,2021,4,10,20
2021-10-20,Short-Term Cash Investments (Table V),0,0,0,I,Operating Cash Balance,Type of account,3,2022,1,2021,4,10,20
2021-10-19,Treasury General Account (TGA),134768,215160,215160,I,Operating Cash Balance,Type of account,1,2022,1,2021,4,10,19
2021-10-19,Supplementary Financing Program Account,0,0,0,I,Operating Cash Balance,Type of account,2,2022,1,2021,4,10,19
2021-10-19,Short-Term Cash Investments (Table V),0,0,0,I,Operating Cash Balance,Type of account,3,2022,1,2021,4,10,19
2021-10-18,Treasury General Account (TGA),50846,215160,215160,I,Operating Cash Balance,Type of account,1,2022,1,2021,4,10,18
2021-10-18,Supplementary Financing Program Account,0,0,0,I,Operating Cash Balance,Type of account,2,2022,1,2021,4,10,18
2021-10-18,Short-Term Cash Investments (Table V),0,0,0,I,Operating Cash Balance,Type of account,3,2022,1,2021,4,10,18
2021-10-15,Treasury General Account (TGA),46508,215160,215160,I,Operating Cash Balance,Type of account,1,2022,1,2021,4,10,15
2021-10-15,Supplementary Financing Program Account,0,0,0,I,Operating Cash Balance,Type of account,2,2022,1,2021,4,10,15
2021-10-15,Short-Term Cash Investments (Table V),0,0,0,I,Operating Cash Balance,Type of account,3,2022,1,2021,4,10,15
2021-10-14,Treasury General Account (TGA),72460,215160,215160,I,Operating Cash Balance,Type of account,1,2022,1,2021,4,10,14
2021-10-14,Supplementary Financing Program Account,0,0,0,I,Operating Cash Balance,Type of account,2,2022,1,2021,4,10,14
2021-10-14,Short-Term Cash Investments (Table V),0,0,0,I,Operating Cash Balance,Type of account,3,2022,1,2021,4,10,14
2021-10-13,Treasury General Account (TGA),58993,215160,215160,I,Operating Cash Balance,Type of account,1,2022,1,2021,4,10,13
2021-10-13,Supplementary Financing Program Account,0,0,0,I,Operating Cash Balance,Type of account,2,2022,1,2021,4,10,13
2021-10-13,Short-Term Cash Investments (Table V),0,0,0,I,Operating Cash Balance,Type of account,3,2022,1,2021,4,10,13
2021-10-12,Treasury General Account (TGA),81803,215160,215160,I,Operating Cash Balance,Type of account,1,2022,1,2021,4,10,12
2021-10-12,Supplementary Financing Program Account,0,0,0,I,Operating Cash Balance,Type of account,2,2022,1,2021,4,10,12
2021-10-12,Short-Term Cash Investments (Table V),0,0,0,I,Operating Cash Balance,Type of account,3,2022,1,2021,4,10,12
2021-10-08,Treasury General Account (TGA),86339,215160,215160,I,Operating Cash Balance,Type of account,1,2022,1,2021,4,10,08
2021-10-08,Supplementary Financing Program Account,0,0,0,I,Operating Cash Balance,Type of account,2,2022,1,2021,4,10,08
2021-10-08,Short-Term Cash Investments (Table V),0,0,0,I,Operating Cash Balance,Type of account,3,2022,1,2021,4,10,08
2021-10-07,Treasury General Account (TGA),95854,215160,215160,I,Operating Cash Balance,Type of account,1,2022,1,2021,4,10,07
2021-10-07,Supplementary Financing Program Account,0,0,0,I,Operating Cash Balance,Type of account,2,2022,1,2021,4,10,07
2021-10-07,Short-Term Cash Investments (Table V),0,0,0,I,Operating Cash Balance,Type of account,3,2022,1,2021,4,10,07
2021-10-06,Treasury General Account (TGA),99385,215160,215160,I,Operating Cash Balance,Type of account,1,2022,1,2021,4,10,06
2021-10-06,Supplementary Financing Program Account,0,0,0,I,Operating Cash Balance,Type of account,2,2022,1,2021,4,10,06
2021-10-06,Short-Term Cash Investments (Table V),0,0,0,I,Operating Cash Balance,Type of account,3,2022,1,2021,4,10,06
2021-10-05,Treasury General Account (TGA),141318,215160,215160,I,Operating Cash Balance,Type of account,1,2022,1,2021,4,10,05
2021-10-05,Supplementary Financing Program Account,0,0,0,I,Operating Cash Balance,Type of account,2,2022,1,2021,4,10,05
2021-10-05,Short-Term Cash Investments (Table V),0,0,0,I,Operating Cash Balance,Type of account,3,2022,1,2021,4,10,05
2021-10-04,Treasury General Account (TGA),132452,215160,215160,I,Operating Cash Balance,Type of account,1,2022,1,2021,4,10,04
2021-10-04,Supplementary Financing Program Account,0,0,0,I,Operating Cash Balance,Type of account,2,2022,1,2021,4,10,04
2021-10-04,Short-Term Cash Investments (Table V),0,0,0,I,Operating Cash Balance,Type of account,3,2022,1,2021,4,10,04
2021-10-01,Treasury General Account (TGA),215160,215160,215160,I,Operating Cash Balance,Type of account,1,2022,1,2021,4,10,01
2021-10-01,Supplementary Financing Program Account,0,0,0,I,Operating Cash Balance,Type of account,2,2022,1,2021,4,10,01
2021-10-01,Short-Term Cash Investments (Table V),0,0,0,I,Operating Cash Balance,Type of account,3,2022,1,2021,4,10,01
2021-09-30,Federal Reserve Account,173745,355984,1781679,I,Operating Cash Balance,Type of account,1,2021,4,2021,3,09,30
2021-09-30,Supplementary Financing Program Account,0,0,0,I,Operating Cash Balance,Type of account,2,2021,4,2021,3,09,30
2021-09-30,Short-Term Cash Investments (Table V),0,0,0,I,Operating Cash Balance,Type of account,3,2021,4,2021,3,09,30
2021-09-29,Federal Reserve Account,172920,355984,1781679,I,Operating Cash Balance,Type of account,1,2021,4,2021,3,09,29
2021-09-29,Supplementary Financing Program Account,0,0,0,I,Operating Cash Balance,Type of account,2,2021,4,2021,3,09,29
2021-09-29,Short-Term Cash Investments (Table V),0,0,0,I,Operating Cash Balance,Type of account,3,2021,4,2021,3,09,29
2021-09-28,Federal Reserve Account,217019,355984,1781679,I,Operating Cash Balance,Type of account,1,2021,4,2021,3,09,28
2021-09-28,Supplementary Financing Program Account,0,0,0,I,Operating Cash Balance,Type of account,2,2021,4,2021,3,09,28
2021-09-28,Short-Term Cash Investments (Table V),0,0,0,I,Operating Cash Balance,Type of account,3,2021,4,2021,3,09,28
2021-09-27,Federal Reserve Account,215533,355984,1781679,I,Operating Cash Balance,Type of account,1,2021,4,2021,3,09,27
2021-09-27,Supplementary Financing Program Account,0,0,0,I,Operating Cash Balance,Type of account,2,2021,4,2021,3,09,27
2021-09-27,Short-Term Cash Investments (Table V),0,0,0,I,Operating Cash Balance,Type of account,3,2021,4,2021,3,09,27
2021-09-24,Federal Reserve Account,173922,355984,1781679,I,Operating Cash Balance,Type of account,1,2021,4,2021,3,09,24
2021-09-24,Supplementary Financing Program Account,0,0,0,I,Operating Cash Balance,Type of account,2,2021,4,2021,3,09,24
2021-09-24,Short-Term Cash Investments (Table V),0,0,0,I,Operating Cash Balance,Type of account,3,2021,4,2021,3,09,24
2021-09-23,Federal Reserve Account,272679,355984,1781679,I,Operating Cash Balance,Type of account,1,2021,4,2021,3,09,23
2021-09-23,Supplementary Financing Program Account,0,0,0,I,Operating Cash Balance,Type of account,2,2021,4,2021,3,09,23
2021-09-23,Short-Term Cash Investments (Table V),0,0,0,I,Operating Cash Balance,Type of account,3,2021,4,2021,3,09,23
2021-09-22,Federal Reserve Account,295620,355984,1781679,I,Operating Cash Balance,Type of account,1,2021,4,2021,3,09,22
2021-09-22,Supplementary Financing Program Account,0,0,0,I,Operating Cash Balance,Type of account,2,2021,4,2021,3,09,22
2021-09-22,Short-Term Cash Investments (Table V),0,0,0,I,Operating Cash Balance,Type of account,3,2021,4,2021,3,09,22
2021-09-21,Federal Reserve Account,324877,355984,1781679,I,Operating Cash Balance,Type of account,1,2021,4,2021,3,09,21
2021-09-21,Supplementary Financing Program Account,0,0,0,I,Operating Cash Balance,Type of account,2,2021,4,2021,3,09,21
2021-09-21,Short-Term Cash Investments (Table V),0,0,0,I,Operating Cash Balance,Type of account,3,2021,4,2021,3,09,21
2021-09-20,Federal Reserve Account,315003,355984,1781679,I,Operating Cash Balance,Type of account,1,2021,4,2021,3,09,20
2021-09-20,Supplementary Financing Program Account,0,0,0,I,Operating Cash Balance,Type of account,2,2021,4,2021,3,09,20
2021-09-20,Short-Term Cash Investments (Table V),0,0,0,I,Operating Cash Balance,Type of account,3,2021,4,2021,3,09,20
2021-09-17,Federal Reserve Account,317970,355984,1781679,I,Operating Cash Balance,Type of account,1,2021,4,2021,3,09,17
2021-09-17,Supplementary Financing Program Account,0,0,0,I,Operating Cash Balance,Type of account,2,2021,4,2021,3,09,17
2021-09-17,Short-Term Cash Investments (Table V),0,0,0,I,Operating Cash Balance,Type of account,3,2021,4,2021,3,09,17
2021-09-16,Federal Reserve Account,344668,355984,1781679,I,Operating Cash Balance,Type of account,1,2021,4,2021,3,09,16
2021-09-16,Supplementary Financing Program Account,0,0,0,I,Operating Cash Balance,Type of account,2,2021,4,2021,3,09,16
2021-09-16,Short-Term Cash Investments (Table V),0,0,0,I,Operating Cash Balance,Type of account,3,2021,4,2021,3,09,16
2021-09-15,Federal Reserve Account,211227,355984,1781679,I,Operating Cash Balance,Type of account,1,2021,4,2021,3,09,15
2021-09-15,Supplementary Financing Program Account,0,0,0,I,Operating Cash Balance,Type of account,2,2021,4,2021,3,09,15
2021-09-15,Short-Term Cash Investments (Table V),0,0,0,I,Operating Cash Balance,Type of account,3,2021,4,2021,3,09,15
2021-09-14,Federal Reserve Account,225075,355984,1781679,I,Operating Cash Balance,Type of account,1,2021,4,2021,3,09,14
2021-09-14,Supplementary Financing Program Account,0,0,0,I,Operating Cash Balance,Type of account,2,2021,4,2021,3,09,14
2021-09-14,Short-Term Cash Investments (Table V),0,0,0,I,Operating Cash Balance,Type of account,3,2021,4,2021,3,09,14
2021-09-13,Federal Reserve Account,208035,355984,1781679,I,Operating Cash Balance,Type of account,1,2021,4,2021,3,09,13
2021-09-13,Supplementary Financing Program Account,0,0,0,I,Operating Cash Balance,Type of account,2,2021,4,2021,3,09,13
2021-09-13,Short-Term Cash Investments (Table V),0,0,0,I,Operating Cash Balance,Type of account,3,2021,4,2021,3,09,13
2021-09-10,Federal Reserve Account,207218,355984,1781679,I,Operating Cash Balance,Type of account,1,2021,4,2021,3,09,10
2021-09-10,Supplementary Financing Program Account,0,0,0,I,Operating Cash Balance,Type of account,2,2021,4,2021,3,09,10
2021-09-10,Short-Term Cash Investments (Table V),0,0,0,I,Operating Cash Balance,Type of account,3,2021,4,2021,3,09,10
2021-09-09,Federal Reserve Account,200702,355984,1781679,I,Operating Cash Balance,Type of account,1,2021,4,2021,3,09,09
2021-09-09,Supplementary Financing Program Account,0,0,0,I,Operating Cash Balance,Type of account,2,2021,4,2021,3,09,09
2021-09-09,Short-Term Cash Investments (Table V),0,0,0,I,Operating Cash Balance,Type of account,3,2021,4,2021,3,09,09
2021-09-08,Federal Reserve Account,231654,355984,1781679,I,Operating Cash Balance,Type of account,1,2021,4,2021,3,09,08
2021-09-08,Supplementary Financing Program Account,0,0,0,I,Operating Cash Balance,Type of account,2,2021,4,2021,3,09,08
2021-09-08,Short-Term Cash Investments (Table V),0,0,0,I,Operating Cash Balance,Type of account,3,2021,4,2021,3,09,08
2021-09-07,Federal Reserve Account,262488,355984,1781679,I,Operating Cash Balance,Type of account,1,2021,4,2021,3,09,07
2021-09-07,Supplementary Financing Program Account,0,0,0,I,Operating Cash Balance,Type of account,2,2021,4,2021,3,09,07
2021-09-07,Short-Term Cash Investments (Table V),0,0,0,I,Operating Cash Balance,Type of account,3,2021,4,2021,3,09,07
2021-09-03,Federal Reserve Account,292163,355984,1781679,I,Operating Cash Balance,Type of account,1,2021,4,2021,3,09,03
2021-09-03,Supplementary Financing Program Account,0,0,0,I,Operating Cash Balance,Type of account,2,2021,4,2021,3,09,03
2021-09-03,Short-Term Cash Investments (Table V),0,0,0,I,Operating Cash Balance,Type of account,3,2021,4,2021,3,09,03
2021-09-02,Federal Reserve Account,296934,355984,1781679,I,Operating Cash Balance,Type of account,1,2021,4,2021,3,09,02
2021-09-02,Supplementary Financing Program Account,0,0,0,I,Operating Cash Balance,Type of account,2,2021,4,2021,3,09,02
2021-09-02,Short-Term Cash Investments (Table V),0,0,0,I,Operating Cash Balance,Type of account,3,2021,4,2021,3,09,02
2021-09-01,Federal Reserve Account,355984,355984,1781679,I,Operating Cash Balance,Type of account,1,2021,4,2021,3,09,01
2021-09-01,Supplementary Financing Program Account,0,0,0,I,Operating Cash Balance,Type of account,2,2021,4,2021,3,09,01
2021-09-01,Short-Term Cash Investments (Table V),0,0,0,I,Operating Cash Balance,Type of account,3,2021,4,2021,3,09,01
2021-08-31,Federal Reserve Account,262895,459402,1781679,I,Operating Cash Balance,Type of account,1,2021,4,2021,3,08,31
2021-08-31,Supplementary Financing Program Account,0,0,0,I,Operating Cash Balance,Type of account,2,2021,4,2021,3,08,31
2021-08-31,Short-Term Cash Investments (Table V),0,0,0,I,Operating Cash Balance,Type of account,3,2021,4,2021,3,08,31
2021-08-30,Federal Reserve Account,262811,459402,1781679,I,Operating Cash Balance,Type of account,1,2021,4,2021,3,08,30
2021-08-30,Supplementary Financing Program Account,0,0,0,I,Operating Cash Balance,Type of account,2,2021,4,2021,3,08,30
2021-08-30,Short-Term Cash Investments (Table V),0,0,0,I,Operating Cash Balance,Type of account,3,2021,4,2021,3,08,30
2021-08-27,Federal Reserve Account,239304,459402,1781679,I,Operating Cash Balance,Type of account,1,2021,4,2021,3,08,27
2021-08-27,Supplementary Financing Program Account,0,0,0,I,Operating Cash Balance,Type of account,2,2021,4,2021,3,08,27
2021-08-27,Short-Term Cash Investments (Table V),0,0,0,I,Operating Cash Balance,Type of account,3,2021,4,2021,3,08,27
2021-08-26,Federal Reserve Account,258200,459402,1781679,I,Operating Cash Balance,Type of account,1,2021,4,2021,3,08,26
2021-08-26,Supplementary Financing Program Account,0,0,0,I,Operating Cash Balance,Type of account,2,2021,4,2021,3,08,26
2021-08-26,Short-Term Cash Investments (Table V),0,0,0,I,Operating Cash Balance,Type of account,3,2021,4,2021,3,08,26
2021-08-25,Federal Reserve Account,284110,459402,1781679,I,Operating Cash Balance,Type of account,1,2021,4,2021,3,08,25
2021-08-25,Supplementary Financing Program Account,0,0,0,I,Operating Cash Balance,Type of account,2,2021,4,2021,3,08,25
2021-08-25,Short-Term Cash Investments (Table V),0,0,0,I,Operating Cash Balance,Type of account,3,2021,4,2021,3,08,25
2021-08-24,Federal Reserve Account,317103,459402,1781679,I,Operating Cash Balance,Type of account,1,2021,4,2021,3,08,24
2021-08-24,Supplementary Financing Program Account,0,0,0,I,Operating Cash Balance,Type of account,2,2021,4,2021,3,08,24
2021-08-24,Short-Term Cash Investments (Table V),0,0,0,I,Operating Cash Balance,Type of account,3,2021,4,2021,3,08,24
2021-08-23,Federal Reserve Account,309820,459402,1781679,I,Operating Cash Balance,Type of account,1,2021,4,2021,3,08,23
2021-08-23,Supplementary Financing Program Account,0,0,0,I,Operating Cash Balance,Type of account,2,2021,4,2021,3,08,23
2021-08-23,Short-Term Cash Investments (Table V),0,0,0,I,Operating Cash Balance,Type of account,3,2021,4,2021,3,08,23
2021-08-20,Federal Reserve Account,321137,459402,1781679,I,Operating Cash Balance,Type of account,1,2021,4,2021,3,08,20
2021-08-20,Supplementary Financing Program Account,0,0,0,I,Operating Cash Balance,Type of account,2,2021,4,2021,3,08,20
2021-08-20,Short-Term Cash Investments (Table V),0,0,0,I,Operating Cash Balance,Type of account,3,2021,4,2021,3,08,20
2021-08-19,Federal Reserve Account,313651,459402,1781679,I,Operating Cash Balance,Type of account,1,2021,4,2021,3,08,19
2021-08-19,Supplementary Financing Program Account,0,0,0,I,Operating Cash Balance,Type of account,2,2021,4,2021,3,08,19
2021-08-19,Short-Term Cash Investments (Table V),0,0,0,I,Operating Cash Balance,Type of account,3,2021,4,2021,3,08,19
2021-08-18,Federal Reserve Account,338853,459402,1781679,I,Operating Cash Balance,Type of account,1,2021,4,2021,3,08,18
2021-08-18,Supplementary Financing Program Account,0,0,0,I,Operating Cash Balance,Type of account,2,2021,4,2021,3,08,18
2021-08-18,Short-Term Cash Investments (Table V),0,0,0,I,Operating Cash Balance,Type of account,3,2021,4,2021,3,08,18
2021-08-17,Federal Reserve Account,362012,459402,1781679,I,Operating Cash Balance,Type of account,1,2021,4,2021,3,08,17
2021-08-17,Supplementary Financing Program Account,0,0,0,I,Operating Cash Balance,Type of account,2,2021,4,2021,3,08,17
2021-08-17,Short-Term Cash Investments (Table V),0,0,0,I,Operating Cash Balance,Type of account,3,2021,4,2021,3,08,17
2021-08-16,Federal Reserve Account,335190,459402,1781679,I,Operating Cash Balance,Type of account,1,2021,4,2021,3,08,16
2021-08-16,Supplementary Financing Program Account,0,0,0,I,Operating Cash Balance,Type of account,2,2021,4,2021,3,08,16
2021-08-16,Short-Term Cash Investments (Table V),0,0,0,I,Operating Cash Balance,Type of account,3,2021,4,2021,3,08,16
2021-08-13,Federal Reserve Account,351572,459402,1781679,I,Operating Cash Balance,Type of account,1,2021,4,2021,3,08,13
2021-08-13,Supplementary Financing Program Account,0,0,0,I,Operating Cash Balance,Type of account,2,2021,4,2021,3,08,13
2021-08-13,Short-Term Cash Investments (Table V),0,0,0,I,Operating Cash Balance,Type of account,3,2021,4,2021,3,08,13
2021-08-12,Federal Reserve Account,389747,459402,1781679,I,Operating Cash Balance,Type of account,1,2021,4,2021,3,08,12
2021-08-12,Supplementary Financing Program Account,0,0,0,I,Operating Cash Balance,Type of account,2,2021,4,2021,3,08,12
2021-08-12,Short-Term Cash Investments (Table V),0,0,0,I,Operating Cash Balance,Type of account,3,2021,4,2021,3,08,12
2021-08-11,Federal Reserve Account,416199,459402,1781679,I,Operating Cash Balance,Type of account,1,2021,4,2021,3,08,11
2021-08-11,Supplementary Financing Program Account,0,0,0,I,Operating Cash Balance,Type of account,2,2021,4,2021,3,08,11
2021-08-11,Short-Term Cash Investments (Table V),0,0,0,I,Operating Cash Balance,Type of account,3,2021,4,2021,3,08,11
2021-08-10,Federal Reserve Account,444212,459402,1781679,I,Operating Cash Balance,Type of account,1,2021,4,2021,3,08,10
2021-08-10,Supplementary Financing Program Account,0,0,0,I,Operating Cash Balance,Type of account,2,2021,4,2021,3,08,10
2021-08-10,Short-Term Cash Investments (Table V),0,0,0,I,Operating Cash Balance,Type of account,3,2021,4,2021,3,08,10
2021-08-09,Federal Reserve Account,442557,459402,1781679,I,Operating Cash Balance,Type of account,1,2021,4,2021,3,08,09
2021-08-09,Supplementary Financing Program Account,0,0,0,I,Operating Cash Balance,Type of account,2,2021,4,2021,3,08,09
2021-08-09,Short-Term Cash Investments (Table V),0,0,0,I,Operating Cash Balance,Type of account,3,2021,4,2021,3,08,09
2021-08-06,Federal Reserve Account,466601,459402,1781679,I,Operating Cash Balance,Type of account,1,2021,4,2021,3,08,06
2021-08-06,Supplementary Financing Program Account,0,0,0,I,Operating Cash Balance,Type of account,2,2021,4,2021,3,08,06
2021-08-06,Short-Term Cash Investments (Table V),0,0,0,I,Operating Cash Balance,Type of account,3,2021,4,2021,3,08,06
2021-08-05,Federal Reserve Account,505871,459402,1781679,I,Operating Cash Balance,Type of account,1,2021,4,2021,3,08,05
2021-08-05,Supplementary Financing Program Account,0,0,0,I,Operating Cash Balance,Type of account,2,2021,4,2021,3,08,05
2021-08-05,Short-Term Cash Investments (Table V),0,0,0,I,Operating Cash Balance,Type of account,3,2021,4,2021,3,08,05
2021-08-04,Federal Reserve Account,507848,459402,1781679,I,Operating Cash Balance,Type of account,1,2021,4,2021,3,08,04
2021-08-04,Supplementary Financing Program Account,0,0,0,I,Operating Cash Balance,Type of account,2,2021,4,2021,3,08,04
2021-08-04,Short-Term Cash Investments (Table V),0,0,0,I,Operating Cash Balance,Type of account,3,2021,4,2021,3,08,04
2021-08-03,Federal Reserve Account,555569,459402,1781679,I,Operating Cash Balance,Type of account,1,2021,4,2021,3,08,03
2021-08-03,Supplementary Financing Program Account,0,0,0,I,Operating Cash Balance,Type of account,2,2021,4,2021,3,08,03
2021-08-03,Short-Term Cash Investments (Table V),0,0,0,I,Operating Cash Balance,Type of account,3,2021,4,2021,3,08,03
2021-08-02,Federal Reserve Account,459402,459402,1781679,I,Operating Cash Balance,Type of account,1,2021,4,2021,3,08,02
2021-08-02,Supplementary Financing Program Account,0,0,0,I,Operating Cash Balance,Type of account,2,2021,4,2021,3,08,02
2021-08-02,Short-Term Cash Investments (Table V),0,0,0,I,Operating Cash Balance,Type of account,3,2021,4,2021,3,08,02
2021-07-30,Federal Reserve Account,501179,851929,1781679,I,Operating Cash Balance,Type of account,1,2021,4,2021,3,07,30
2021-07-30,Supplementary Financing Program Account,0,0,0,I,Operating Cash Balance,Type of account,2,2021,4,2021,3,07,30
2021-07-30,Short-Term Cash Investments (Table V),0,0,0,I,Operating Cash Balance,Type of account,3,2021,4,2021,3,07,30
2021-07-29,Federal Reserve Account,536966,851929,1781679,I,Operating Cash Balance,Type of account,1,2021,4,2021,3,07,29
2021-07-29,Supplementary Financing Program Account,0,0,0,I,Operating Cash Balance,Type of account,2,2021,4,2021,3,07,29
2021-07-29,Short-Term Cash Investments (Table V),0,0,0,I,Operating Cash Balance,Type of account,3,2021,4,2021,3,07,29
2021-07-28,Federal Reserve Account,564799,851929,1781679,I,Operating Cash Balance,Type of account,1,2021,4,2021,3,07,28
2021-07-28,Supplementary Financing Program Account,0,0,0,I,Operating Cash Balance,Type of account,2,2021,4,2021,3,07,28
2021-07-28,Short-Term Cash Investments (Table V),0,0,0,I,Operating Cash Balance,Type of account,3,2021,4,2021,3,07,28
2021-07-27,Federal Reserve Account,591368,851929,1781679,I,Operating Cash Balance,Type of account,1,2021,4,2021,3,07,27
2021-07-27,Supplementary Financing Program Account,0,0,0,I,Operating Cash Balance,Type of account,2,2021,4,2021,3,07,27
2021-07-27,Short-Term Cash Investments (Table V),0,0,0,I,Operating Cash Balance,Type of account,3,2021,4,2021,3,07,27
2021-07-26,Federal Reserve Account,588083,851929,1781679,I,Operating Cash Balance,Type of account,1,2021,4,2021,3,07,26
2021-07-26,Supplementary Financing Program Account,0,0,0,I,Operating Cash Balance,Type of account,2,2021,4,2021,3,07,26
2021-07-26,Short-Term Cash Investments (Table V),0,0,0,I,Operating Cash Balance,Type of account,3,2021,4,2021,3,07,26
2021-07-23,Federal Reserve Account,590042,851929,1781679,I,Operating Cash Balance,Type of account,1,2021,4,2021,3,07,23
2021-07-23,Supplementary Financing Program Account,0,0,0,I,Operating Cash Balance,Type of account,2,2021,4,2021,3,07,23
2021-07-23,Short-Term Cash Investments (Table V),0,0,0,I,Operating Cash Balance,Type of account,3,2021,4,2021,3,07,23
2021-07-22,Federal Reserve Account,616294,851929,1781679,I,Operating Cash Balance,Type of account,1,2021,4,2021,3,07,22
2021-07-22,Supplementary Financing Program Account,0,0,0,I,Operating Cash Balance,Type of account,2,2021,4,2021,3,07,22
2021-07-22,Short-Term Cash Investments (Table V),0,0,0,I,Operating Cash Balance,Type of account,3,2021,4,2021,3,07,22
2021-07-21,Federal Reserve Account,647533,851929,1781679,I,Operating Cash Balance,Type of account,1,2021,4,2021,3,07,21
2021-07-21,Supplementary Financing Program Account,0,0,0,I,Operating Cash Balance,Type of account,2,2021,4,2021,3,07,21
2021-07-21,Short-Term Cash Investments (Table V),0,0,0,I,Operating Cash Balance,Type of account,3,2021,4,2021,3,07,21
2021-07-20,Federal Reserve Account,700041,851929,1781679,I,Operating Cash Balance,Type of account,1,2021,4,2021,3,07,20
2021-07-20,Supplementary Financing Program Account,0,0,0,I,Operating Cash Balance,Type of account,2,2021,4,2021,3,07,20
2021-07-20,Short-Term Cash Investments (Table V),0,0,0,I,Operating Cash Balance,Type of account,3,2021,4,2021,3,07,20
2021-07-19,Federal Reserve Account,697581,851929,1781679,I,Operating Cash Balance,Type of account,1,2021,4,2021,3,07,19
2021-07-19,Supplementary Financing Program Account,0,0,0,I,Operating Cash Balance,Type of account,2,2021,4,2021,3,07,19
2021-07-19,Short-Term Cash Investments (Table V),0,0,0,I,Operating Cash Balance,Type of account,3,2021,4,2021,3,07,19
2021-07-16,Federal Reserve Account,690107,851929,1781679,I,Operating Cash Balance,Type of account,1,2021,4,2021,3,07,16
2021-07-16,Supplementary Financing Program Account,0,0,0,I,Operating Cash Balance,Type of account,2,2021,4,2021,3,07,16
2021-07-16,Short-Term Cash Investments (Table V),0,0,0,I,Operating Cash Balance,Type of account,3,2021,4,2021,3,07,16
2021-07-15,Federal Reserve Account,657542,851929,1781679,I,Operating Cash Balance,Type of account,1,2021,4,2021,3,07,15
2021-07-15,Supplementary Financing Program Account,0,0,0,I,Operating Cash Balance,Type of account,2,2021,4,2021,3,07,15
2021-07-15,Short-Term Cash Investments (Table V),0,0,0,I,Operating Cash Balance,Type of account,3,2021,4,2021,3,07,15
2021-07-14,Federal Reserve Account,676800,851929,1781679,I,Operating Cash Balance,Type of account,1,2021,4,2021,3,07,14
2021-07-14,Supplementary Financing Program Account,0,0,0,I,Operating Cash Balance,Type of account,2,2021,4,2021,3,07,14
2021-07-14,Short-Term Cash Investments (Table V),0,0,0,I,Operating Cash Balance,Type of account,3,2021,4,2021,3,07,14
2021-07-13,Federal Reserve Account,718474,851929,1781679,I,Operating Cash Balance,Type of account,1,2021,4,2021,3,07,13
2021-07-13,Supplementary Financing Program Account,0,0,0,I,Operating Cash Balance,Type of account,2,2021,4,2021,3,07,13
2021-07-13,Short-Term Cash Investments (Table V),0,0,0,I,Operating Cash Balance,Type of account,3,2021,4,2021,3,07,13
2021-07-12,Federal Reserve Account,718092,851929,1781679,I,Operating Cash Balance,Type of account,1,2021,4,2021,3,07,12
2021-07-12,Supplementary Financing Program Account,0,0,0,I,Operating Cash Balance,Type of account,2,2021,4,2021,3,07,12
2021-07-12,Short-Term Cash Investments (Table V),0,0,0,I,Operating Cash Balance,Type of account,3,2021,4,2021,3,07,12
2021-07-09,Federal Reserve Account,727336,851929,1781679,I,Operating Cash Balance,Type of account,1,2021,4,2021,3,07,09
2021-07-09,Supplementary Financing Program Account,0,0,0,I,Operating Cash Balance,Type of account,2,2021,4,2021,3,07,09
2021-07-09,Short-Term Cash Investments (Table V),0,0,0,I,Operating Cash Balance,Type of account,3,2021,4,2021,3,07,09
2021-07-08,Federal Reserve Account,724898,851929,1781679,I,Operating Cash Balance,Type of account,1,2021,4,2021,3,07,08
2021-07-08,Supplementary Financing Program Account,0,0,0,I,Operating Cash Balance,Type of account,2,2021,4,2021,3,07,08
2021-07-08,Short-Term Cash Investments (Table V),0,0,0,I,Operating Cash Balance,Type of account,3,2021,4,2021,3,07,08
2021-07-07,Federal Reserve Account,733889,851929,1781679,I,Operating Cash Balance,Type of account,1,2021,4,2021,3,07,07
2021-07-07,Supplementary Financing Program Account,0,0,0,I,Operating Cash Balance,Type of account,2,2021,4,2021,3,07,07
2021-07-07,Short-Term Cash Investments (Table V),0,0,0,I,Operating Cash Balance,Type of account,3,2021,4,2021,3,07,07
2021-07-06,Federal Reserve Account,757682,851929,1781679,I,Operating Cash Balance,Type of account,1,2021,4,2021,3,07,06
2021-07-06,Supplementary Financing Program Account,0,0,0,I,Operating Cash Balance,Type of account,2,2021,4,2021,3,07,06
2021-07-06,Short-Term Cash Investments (Table V),0,0,0,I,Operating Cash Balance,Type of account,3,2021,4,2021,3,07,06
2021-07-02,Federal Reserve Account,784035,851929,1781679,I,Operating Cash Balance,Type of account,1,2021,4,2021,3,07,02
2021-07-02,Supplementary Financing Program Account,0,0,0,I,Operating Cash Balance,Type of account,2,2021,4,2021,3,07,02
2021-07-02,Short-Term Cash Investments (Table V),0,0,0,I,Operating Cash Balance,Type of account,3,2021,4,2021,3,07,02
2021-07-01,Federal Reserve Account,851929,851929,1781679,I,Operating Cash Balance,Type of account,1,2021,4,2021,3,07,01
2021-07-01,Supplementary Financing Program Account,0,0,0,I,Operating Cash Balance,Type of account,2,2021,4,2021,3,07,01
2021-07-01,Short-Term Cash Investments (Table V),0,0,0,I,Operating Cash Balance,Type of account,3,2021,4,2021,3,07,01
2021-06-30,Federal Reserve Account,711267,776700,1781679,I,Operating Cash Balance,Type of account,1,2021,3,2021,2,06,30
2021-06-30,Supplementary Financing Program Account,0,0,0,I,Operating Cash Balance,Type of account,2,2021,3,2021,2,06,30
2021-06-30,Short-Term Cash Investments (Table V),0,0,0,I,Operating Cash Balance,Type of account,3,2021,3,2021,2,06,30
2021-06-29,Federal Reserve Account,734915,776700,1781679,I,Operating Cash Balance,Type of account,1,2021,3,2021,2,06,29
2021-06-29,Supplementary Financing Program Account,0,0,0,I,Operating Cash Balance,Type of account,2,2021,3,2021,2,06,29
2021-06-29,Short-Term Cash Investments (Table V),0,0,0,I,Operating Cash Balance,Type of account,3,2021,3,2021,2,06,29
2021-06-28,Federal Reserve Account,733226,776700,1781679,I,Operating Cash Balance,Type of account,1,2021,3,2021,2,06,28
2021-06-28,Supplementary Financing Program Account,0,0,0,I,Operating Cash Balance,Type of account,2,2021,3,2021,2,06,28
2021-06-28,Short-Term Cash Investments (Table V),0,0,0,I,Operating Cash Balance,Type of account,3,2021,3,2021,2,06,28
2021-06-25,Federal Reserve Account,723946,776700,1781679,I,Operating Cash Balance,Type of account,1,2021,3,2021,2,06,25
2021-06-25,Supplementary Financing Program Account,0,0,0,I,Operating Cash Balance,Type of account,2,2021,3,2021,2,06,25
2021-06-25,Short-Term Cash Investments (Table V),0,0,0,I,Operating Cash Balance,Type of account,3,2021,3,2021,2,06,25
2021-06-24,Federal Reserve Account,733877,776700,1781679,I,Operating Cash Balance,Type of account,1,2021,3,2021,2,06,24
2021-06-24,Supplementary Financing Program Account,0,0,0,I,Operating Cash Balance,Type of account,2,2021,3,2021,2,06,24
2021-06-24,Short-Term Cash Investments (Table V),0,0,0,I,Operating Cash Balance,Type of account,3,2021,3,2021,2,06,24
2021-06-23,Federal Reserve Account,744249,776700,1781679,I,Operating Cash Balance,Type of account,1,2021,3,2021,2,06,23
2021-06-23,Supplementary Financing Program Account,0,0,0,I,Operating Cash Balance,Type of account,2,2021,3,2021,2,06,23
2021-06-23,Short-Term Cash Investments (Table V),0,0,0,I,Operating Cash Balance,Type of account,3,2021,3,2021,2,06,23
2021-06-22,Federal Reserve Account,745970,776700,1781679,I,Operating Cash Balance,Type of account,1,2021,3,2021,2,06,22
2021-06-22,Supplementary Financing Program Account,0,0,0,I,Operating Cash Balance,Type of account,2,2021,3,2021,2,06,22
2021-06-22,Short-Term Cash Investments (Table V),0,0,0,I,Operating Cash Balance,Type of account,3,2021,3,2021,2,06,22
2021-06-21,Federal Reserve Account,730159,776700,1781679,I,Operating Cash Balance,Type of account,1,2021,3,2021,2,06,21
2021-06-21,Supplementary Financing Program Account,0,0,0,I,Operating Cash Balance,Type of account,2,2021,3,2021,2,06,21
2021-06-21,Short-Term Cash Investments (Table V),0,0,0,I,Operating Cash Balance,Type of account,3,2021,3,2021,2,06,21
2021-06-18,Federal Reserve Account,728246,776700,1781679,I,Operating Cash Balance,Type of account,1,2021,3,2021,2,06,18
2021-06-18,Supplementary Financing Program Account,0,0,0,I,Operating Cash Balance,Type of account,2,2021,3,2021,2,06,18
2021-06-18,Short-Term Cash Investments (Table V),0,0,0,I,Operating Cash Balance,Type of account,3,2021,3,2021,2,06,18
2021-06-17,Federal Reserve Account,765114,776700,1781679,I,Operating Cash Balance,Type of account,1,2021,3,2021,2,06,17
2021-06-17,Supplementary Financing Program Account,0,0,0,I,Operating Cash Balance,Type of account,2,2021,3,2021,2,06,17
2021-06-17,Short-Term Cash Investments (Table V),0,0,0,I,Operating Cash Balance,Type of account,3,2021,3,2021,2,06,17
2021-06-16,Federal Reserve Account,765721,776700,1781679,I,Operating Cash Balance,Type of account,1,2021,3,2021,2,06,16
2021-06-16,Supplementary Financing Program Account,0,0,0,I,Operating Cash Balance,Type of account,2,2021,3,2021,2,06,16
2021-06-16,Short-Term Cash Investments (Table V),0,0,0,I,Operating Cash Balance,Type of account,3,2021,3,2021,2,06,16
2021-06-15,Federal Reserve Account,622178,776700,1781679,I,Operating Cash Balance,Type of account,1,2021,3,2021,2,06,15
2021-06-15,Supplementary Financing Program Account,0,0,0,I,Operating Cash Balance,Type of account,2,2021,3,2021,2,06,15
2021-06-15,Short-Term Cash Investments (Table V),0,0,0,I,Operating Cash Balance,Type of account,3,2021,3,2021,2,06,15
2021-06-14,Federal Reserve Account,597051,776700,1781679,I,Operating Cash Balance,Type of account,1,2021,3,2021,2,06,14
2021-06-14,Supplementary Financing Program Account,0,0,0,I,Operating Cash Balance,Type of account,2,2021,3,2021,2,06,14
2021-06-14,Short-Term Cash Investments (Table V),0,0,0,I,Operating Cash Balance,Type of account,3,2021,3,2021,2,06,14
2021-06-11,Federal Reserve Account,633055,776700,1781679,I,Operating Cash Balance,Type of account,1,2021,3,2021,2,06,11
2021-06-11,Supplementary Financing Program Account,0,0,0,I,Operating Cash Balance,Type of account,2,2021,3,2021,2,06,11
2021-06-11,Short-Term Cash Investments (Table V),0,0,0,I,Operating Cash Balance,Type of account,3,2021,3,2021,2,06,11
2021-06-10,Federal Reserve Account,673555,776700,1781679,I,Operating Cash Balance,Type of account,1,2021,3,2021,2,06,10
2021-06-10,Supplementary Financing Program Account,0,0,0,I,Operating Cash Balance,Type of account,2,2021,3,2021,2,06,10
2021-06-10,Short-Term Cash Investments (Table V),0,0,0,I,Operating Cash Balance,Type of account,3,2021,3,2021,2,06,10
2021-06-09,Federal Reserve Account,728517,776700,1781679,I,Operating Cash Balance,Type of account,1,2021,3,2021,2,06,09
2021-06-09,Supplementary Financing Program Account,0,0,0,I,Operating Cash Balance,Type of account,2,2021,3,2021,2,06,09
2021-06-09,Short-Term Cash Investments (Table V),0,0,0,I,Operating Cash Balance,Type of account,3,2021,3,2021,2,06,09
2021-06-08,Federal Reserve Account,737590,776700,1781679,I,Operating Cash Balance,Type of account,1,2021,3,2021,2,06,08
2021-06-08,Supplementary Financing Program Account,0,0,0,I,Operating Cash Balance,Type of account,2,2021,3,2021,2,06,08
2021-06-08,Short-Term Cash Investments (Table V),0,0,0,I,Operating Cash Balance,Type of account,3,2021,3,2021,2,06,08
2021-06-07,Federal Reserve Account,740611,776700,1781679,I,Operating Cash Balance,Type of account,1,2021,3,2021,2,06,07
2021-06-07,Supplementary Financing Program Account,0,0,0,I,Operating Cash Balance,Type of account,2,2021,3,2021,2,06,07
2021-06-07,Short-Term Cash Investments (Table V),0,0,0,I,Operating Cash Balance,Type of account,3,2021,3,2021,2,06,07
2021-06-04,Federal Reserve Account,750152,776700,1781679,I,Operating Cash Balance,Type of account,1,2021,3,2021,2,06,04
2021-06-04,Supplementary Financing Program Account,0,0,0,I,Operating Cash Balance,Type of account,2,2021,3,2021,2,06,04
2021-06-04,Short-Term Cash Investments (Table V),0,0,0,I,Operating Cash Balance,Type of account,3,2021,3,2021,2,06,04
2021-06-03,Federal Reserve Account,812087,776700,1781679,I,Operating Cash Balance,Type of account,1,2021,3,2021,2,06,03
2021-06-03,Supplementary Financing Program Account,0,0,0,I,Operating Cash Balance,Type of account,2,2021,3,2021,2,06,03
2021-06-03,Short-Term Cash Investments (Table V),0,0,0,I,Operating Cash Balance,Type of account,3,2021,3,2021,2,06,03
2021-06-02,Federal Reserve Account,817789,776700,1781679,I,Operating Cash Balance,Type of account,1,2021,3,2021,2,06,02
2021-06-02,Supplementary Financing Program Account,0,0,0,I,Operating Cash Balance,Type of account,2,2021,3,2021,2,06,02
2021-06-02,Short-Term Cash Investments (Table V),0,0,0,I,Operating Cash Balance,Type of account,3,2021,3,2021,2,06,02
2021-06-01,Federal Reserve Account,776700,776700,1781679,I,Operating Cash Balance,Type of account,1,2021,3,2021,2,06,01
2021-06-01,Supplementary Financing Program Account,0,0,0,I,Operating Cash Balance,Type of account,2,2021,3,2021,2,06,01
2021-06-01,Short-Term Cash Investments (Table V),0,0,0,I,Operating Cash Balance,Type of account,3,2021,3,2021,2,06,01
2021-05-28,Federal Reserve Account,745973,970716,1781679,I,Operating Cash Balance,Type of account,1,2021,3,2021,2,05,28
2021-05-28,Supplementary Financing Program Account,0,0,0,I,Operating Cash Balance,Type of account,2,2021,3,2021,2,05,28
2021-05-28,Short-Term Cash Investments (Table V),0,0,0,I,Operating Cash Balance,Type of account,3,2021,3,2021,2,05,28
2021-05-27,Federal Reserve Account,778912,970716,1781679,I,Operating Cash Balance,Type of account,1,2021,3,2021,2,05,27
2021-05-27,Supplementary Financing Program Account,0,0,0,I,Operating Cash Balance,Type of account,2,2021,3,2021,2,05,27
2021-05-27,Short-Term Cash Investments (Table V),0,0,0,I,Operating Cash Balance,Type of account,3,2021,3,2021,2,05,27
2021-05-26,Federal Reserve Account,800118,970716,1781679,I,Operating Cash Balance,Type of account,1,2021,3,2021,2,05,26
2021-05-26,Supplementary Financing Program Account,0,0,0,I,Operating Cash Balance,Type of account,2,2021,3,2021,2,05,26
2021-05-26,Short-Term Cash Investments (Table V),0,0,0,I,Operating Cash Balance,Type of account,3,2021,3,2021,2,05,26
2021-05-25,Federal Reserve Account,824521,970716,1781679,I,Operating Cash Balance,Type of account,1,2021,3,2021,2,05,25
2021-05-25,Supplementary Financing Program Account,0,0,0,I,Operating Cash Balance,Type of account,2,2021,3,2021,2,05,25
2021-05-25,Short-Term Cash Investments (Table V),0,0,0,I,Operating Cash Balance,Type of account,3,2021,3,2021,2,05,25
2021-05-24,Federal Reserve Account,816930,970716,1781679,I,Operating Cash Balance,Type of account,1,2021,3,2021,2,05,24
2021-05-24,Supplementary Financing Program Account,0,0,0,I,Operating Cash Balance,Type of account,2,2021,3,2021,2,05,24
2021-05-24,Short-Term Cash Investments (Table V),0,0,0,I,Operating Cash Balance,Type of account,3,2021,3,2021,2,05,24
2021-05-21,Federal Reserve Account,832974,970716,1781679,I,Operating Cash Balance,Type of account,1,2021,3,2021,2,05,21
2021-05-21,Supplementary Financing Program Account,0,0,0,I,Operating Cash Balance,Type of account,2,2021,3,2021,2,05,21
2021-05-21,Short-Term Cash Investments (Table V),0,0,0,I,Operating Cash Balance,Type of account,3,2021,3,2021,2,05,21
2021-05-20,Federal Reserve Account,860833,970716,1781679,I,Operating Cash Balance,Type of account,1,2021,3,2021,2,05,20
2021-05-20,Supplementary Financing Program Account,0,0,0,I,Operating Cash Balance,Type of account,2,2021,3,2021,2,05,20
2021-05-20,Short-Term Cash Investments (Table V),0,0,0,I,Operating Cash Balance,Type of account,3,2021,3,2021,2,05,20
2021-05-19,Federal Reserve Account,896013,970716,1781679,I,Operating Cash Balance,Type of account,1,2021,3,2021,2,05,19
2021-05-19,Supplementary Financing Program Account,0,0,0,I,Operating Cash Balance,Type of account,2,2021,3,2021,2,05,19
2021-05-19,Short-Term Cash Investments (Table V),0,0,0,I,Operating Cash Balance,Type of account,3,2021,3,2021,2,05,19
2021-05-18,Federal Reserve Account,939902,970716,1781679,I,Operating Cash Balance,Type of account,1,2021,3,2021,2,05,18
2021-05-18,Supplementary Financing Program Account,0,0,0,I,Operating Cash Balance,Type of account,2,2021,3,2021,2,05,18
2021-05-18,Short-Term Cash Investments (Table V),0,0,0,I,Operating Cash Balance,Type of account,3,2021,3,2021,2,05,18
2021-05-17,Federal Reserve Account,843078,970716,1781679,I,Operating Cash Balance,Type of account,1,2021,3,2021,2,05,17
2021-05-17,Supplementary Financing Program Account,0,0,0,I,Operating Cash Balance,Type of account,2,2021,3,2021,2,05,17
2021-05-17,Short-Term Cash Investments (Table V),0,0,0,I,Operating Cash Balance,Type of account,3,2021,3,2021,2,05,17
2021-05-14,Federal Reserve Account,836852,970716,1781679,I,Operating Cash Balance,Type of account,1,2021,3,2021,2,05,14
2021-05-14,Supplementary Financing Program Account,0,0,0,I,Operating Cash Balance,Type of account,2,2021,3,2021,2,05,14
2021-05-14,Short-Term Cash Investments (Table V),0,0,0,I,Operating Cash Balance,Type of account,3,2021,3,2021,2,05,14
2021-05-13,Federal Reserve Account,864253,970716,1781679,I,Operating Cash Balance,Type of account,1,2021,3,2021,2,05,13
2021-05-13,Supplementary Financing Program Account,0,0,0,I,Operating Cash Balance,Type of account,2,2021,3,2021,2,05,13
2021-05-13,Short-Term Cash Investments (Table V),0,0,0,I,Operating Cash Balance,Type of account,3,2021,3,2021,2,05,13
2021-05-12,Federal Reserve Account,885779,970716,1781679,I,Operating Cash Balance,Type of account,1,2021,3,2021,2,05,12
2021-05-12,Supplementary Financing Program Account,0,0,0,I,Operating Cash Balance,Type of account,2,2021,3,2021,2,05,12
2021-05-12,Short-Term Cash Investments (Table V),0,0,0,I,Operating Cash Balance,Type of account,3,2021,3,2021,2,05,12
2021-05-11,Federal Reserve Account,911337,970716,1781679,I,Operating Cash Balance,Type of account,1,2021,3,2021,2,05,11
2021-05-11,Supplementary Financing Program Account,0,0,0,I,Operating Cash Balance,Type of account,2,2021,3,2021,2,05,11
2021-05-11,Short-Term Cash Investments (Table V),0,0,0,I,Operating Cash Balance,Type of account,3,2021,3,2021,2,05,11
2021-05-10,Federal Reserve Account,906936,970716,1781679,I,Operating Cash Balance,Type of account,1,2021,3,2021,2,05,10
2021-05-10,Supplementary Financing Program Account,0,0,0,I,Operating Cash Balance,Type of account,2,2021,3,2021,2,05,10
2021-05-10,Short-Term Cash Investments (Table V),0,0,0,I,Operating Cash Balance,Type of account,3,2021,3,2021,2,05,10
2021-05-07,Federal Reserve Account,909277,970716,1781679,I,Operating Cash Balance,Type of account,1,2021,3,2021,2,05,07
2021-05-07,Supplementary Financing Program Account,0,0,0,I,Operating Cash Balance,Type of account,2,2021,3,2021,2,05,07
2021-05-07,Short-Term Cash Investments (Table V),0,0,0,I,Operating Cash Balance,Type of account,3,2021,3,2021,2,05,07
2021-05-06,Federal Reserve Account,946134,970716,1781679,I,Operating Cash Balance,Type of account,1,2021,3,2021,2,05,06
2021-05-06,Supplementary Financing Program Account,0,0,0,I,Operating Cash Balance,Type of account,2,2021,3,2021,2,05,06
2021-05-06,Short-Term Cash Investments (Table V),0,0,0,I,Operating Cash Balance,Type of account,3,2021,3,2021,2,05,06
2021-05-05,Federal Reserve Account,945860,970716,1781679,I,Operating Cash Balance,Type of account,1,2021,3,2021,2,05,05
2021-05-05,Supplementary Financing Program Account,0,0,0,I,Operating Cash Balance,Type of account,2,2021,3,2021,2,05,05
2021-05-05,Short-Term Cash Investments (Table V),0,0,0,I,Operating Cash Balance,Type of account,3,2021,3,2021,2,05,05
2021-05-04,Federal Reserve Account,968663,970716,1781679,I,Operating Cash Balance,Type of account,1,2021,3,2021,2,05,04
2021-05-04,Supplementary Financing Program Account,0,0,0,I,Operating Cash Balance,Type of account,2,2021,3,2021,2,05,04
2021-05-04,Short-Term Cash Investments (Table V),0,0,0,I,Operating Cash Balance,Type of account,3,2021,3,2021,2,05,04
2021-05-03,Federal Reserve Account,970716,970716,1781679,I,Operating Cash Balance,Type of account,1,2021,3,2021,2,05,03
2021-05-03,Supplementary Financing Program Account,0,0,0,I,Operating Cash Balance,Type of account,2,2021,3,2021,2,05,03
2021-05-03,Short-Term Cash Investments (Table V),0,0,0,I,Operating Cash Balance,Type of account,3,2021,3,2021,2,05,03
2021-04-30,Federal Reserve Account,903015,1121951,1781679,I,Operating Cash Balance,Type of account,1,2021,3,2021,2,04,30
2021-04-30,Supplementary Financing Program Account,0,0,0,I,Operating Cash Balance,Type of account,2,2021,3,2021,2,04,30
2021-04-30,Short-Term Cash Investments (Table V),0,0,0,I,Operating Cash Balance,Type of account,3,2021,3,2021,2,04,30
2021-04-29,Federal Reserve Account,932287,1121951,1781679,I,Operating Cash Balance,Type of account,1,2021,3,2021,2,04,29
2021-04-29,Supplementary Financing Program Account,0,0,0,I,Operating Cash Balance,Type of account,2,2021,3,2021,2,04,29
2021-04-29,Short-Term Cash Investments (Table V),0,0,0,I,Operating Cash Balance,Type of account,3,2021,3,2021,2,04,29