Record Date,Federal Tax Deposit Type,Federal Tax Deposit Type Description,Federal Tax Deposits Today,Federal Tax Deposits Month to Date,Federal Tax Deposits Fiscal Year to Date,Table Number,Table Name,Sub Table Name,Source Line Number,Fiscal Year,Fiscal Quarter Number,Calendar Year,Calendar Quarter Number,Calendar Month Number,Calendar Day Number
2023-02-13,Withheld Income and Employment Taxes,null,21905,129872,1242457,IV,Federal Tax Deposits,Classification,1,2023,2,2023,1,02,13
2023-02-13,Individual Income Taxes,null,379,2850,110210,IV,Federal Tax Deposits,Classification,2,2023,2,2023,1,02,13
2023-02-13,Railroad Retirement Taxes,null,146,382,3001,IV,Federal Tax Deposits,Classification,3,2023,2,2023,1,02,13
2023-02-13,Excise Taxes,null,638,1569,28817,IV,Federal Tax Deposits,Classification,4,2023,2,2023,1,02,13
2023-02-13,Corporation Income Taxes,null,1653,2888,123992,IV,Federal Tax Deposits,Classification,5,2023,2,2023,1,02,13
2023-02-13,Federal Unemployment Taxes,null,4,84,2823,IV,Federal Tax Deposits,Classification,6,2023,2,2023,1,02,13
2023-02-13,Estate and Gift Taxes & Misc IRS Rcpts.,null,3,438,1851,IV,Federal Tax Deposits,Classification,7,2023,2,2023,1,02,13
2023-02-13,Cash Federal Tax Deposits,Direct,146,792,13128,IV,Federal Tax Deposits,Classification,9,2023,2,2023,1,02,13
2023-02-13,Cash Federal Tax Deposits,Through Depositaries,24574,130540,1452039,IV,Federal Tax Deposits,Classification,10,2023,2,2023,1,02,13
2023-02-13,Inter-agency Transfers,null,8,6750,47983,IV,Federal Tax Deposits,Classification,12,2023,2,2023,1,02,13
2023-02-10,Individual Income Taxes,null,328,2471,109831,IV,Federal Tax Deposits,Classification,2,2023,2,2023,1,02,10
2023-02-10,Railroad Retirement Taxes,null,63,236,2855,IV,Federal Tax Deposits,Classification,3,2023,2,2023,1,02,10
2023-02-10,Withheld Income and Employment Taxes,null,7659,107968,1220552,IV,Federal Tax Deposits,Classification,1,2023,2,2023,1,02,10
2023-02-10,Excise Taxes,null,624,930,28178,IV,Federal Tax Deposits,Classification,4,2023,2,2023,1,02,10
2023-02-10,Corporation Income Taxes,null,461,1235,122339,IV,Federal Tax Deposits,Classification,5,2023,2,2023,1,02,10
2023-02-10,Federal Unemployment Taxes,null,5,80,2818,IV,Federal Tax Deposits,Classification,6,2023,2,2023,1,02,10
2023-02-10,Estate and Gift Taxes & Misc IRS Rcpts.,null,401,435,1848,IV,Federal Tax Deposits,Classification,7,2023,2,2023,1,02,10
2023-02-10,Cash Federal Tax Deposits,Direct,65,646,12982,IV,Federal Tax Deposits,Classification,9,2023,2,2023,1,02,10
2023-02-10,Cash Federal Tax Deposits,Through Depositaries,9465,105966,1427464,IV,Federal Tax Deposits,Classification,10,2023,2,2023,1,02,10
2023-02-10,Inter-agency Transfers,null,11,6742,47975,IV,Federal Tax Deposits,Classification,12,2023,2,2023,1,02,10
2023-02-09,Withheld Income and Employment Taxes,null,4140,100308,1212893,IV,Federal Tax Deposits,Classification,1,2023,2,2023,1,02,09
2023-02-09,Individual Income Taxes,null,230,2143,109504,IV,Federal Tax Deposits,Classification,2,2023,2,2023,1,02,09
2023-02-09,Railroad Retirement Taxes,null,2,173,2792,IV,Federal Tax Deposits,Classification,3,2023,2,2023,1,02,09
2023-02-09,Excise Taxes,null,97,307,27554,IV,Federal Tax Deposits,Classification,4,2023,2,2023,1,02,09
2023-02-09,Corporation Income Taxes,null,192,774,121878,IV,Federal Tax Deposits,Classification,5,2023,2,2023,1,02,09
2023-02-09,Federal Unemployment Taxes,null,5,75,2814,IV,Federal Tax Deposits,Classification,6,2023,2,2023,1,02,09
2023-02-09,Estate and Gift Taxes & Misc IRS Rcpts.,null,13,34,1447,IV,Federal Tax Deposits,Classification,7,2023,2,2023,1,02,09
2023-02-09,Cash Federal Tax Deposits,Direct,91,582,12918,IV,Federal Tax Deposits,Classification,9,2023,2,2023,1,02,09
2023-02-09,Cash Federal Tax Deposits,Through Depositaries,3915,96501,1417999,IV,Federal Tax Deposits,Classification,10,2023,2,2023,1,02,09
2023-02-09,Inter-agency Transfers,null,675,6731,47964,IV,Federal Tax Deposits,Classification,12,2023,2,2023,1,02,09
2023-02-08,Withheld Income and Employment Taxes,null,10997,96168,1208753,IV,Federal Tax Deposits,Classification,1,2023,2,2023,1,02,08
2023-02-08,Individual Income Taxes,null,254,1913,109273,IV,Federal Tax Deposits,Classification,2,2023,2,2023,1,02,08
2023-02-08,Railroad Retirement Taxes,null,2,171,2790,IV,Federal Tax Deposits,Classification,3,2023,2,2023,1,02,08
2023-02-08,Excise Taxes,null,55,209,27457,IV,Federal Tax Deposits,Classification,4,2023,2,2023,1,02,08
2023-02-08,Corporation Income Taxes,null,53,582,121686,IV,Federal Tax Deposits,Classification,5,2023,2,2023,1,02,08
2023-02-08,Federal Unemployment Taxes,null,11,70,2809,IV,Federal Tax Deposits,Classification,6,2023,2,2023,1,02,08
2023-02-08,Estate and Gift Taxes & Misc IRS Rcpts.,null,2,20,1433,IV,Federal Tax Deposits,Classification,7,2023,2,2023,1,02,08
2023-02-08,Cash Federal Tax Deposits,Direct,129,491,12827,IV,Federal Tax Deposits,Classification,9,2023,2,2023,1,02,08
2023-02-08,Cash Federal Tax Deposits,Through Depositaries,11162,92586,1414085,IV,Federal Tax Deposits,Classification,10,2023,2,2023,1,02,08
2023-02-08,Inter-agency Transfers,null,83,6056,47289,IV,Federal Tax Deposits,Classification,12,2023,2,2023,1,02,08
2023-02-07,Withheld Income and Employment Taxes,null,3079,85171,1197756,IV,Federal Tax Deposits,Classification,1,2023,2,2023,1,02,07
2023-02-07,Individual Income Taxes,null,314,1659,109019,IV,Federal Tax Deposits,Classification,2,2023,2,2023,1,02,07
2023-02-07,Railroad Retirement Taxes,null,12,169,2788,IV,Federal Tax Deposits,Classification,3,2023,2,2023,1,02,07
2023-02-07,Excise Taxes,null,39,155,27402,IV,Federal Tax Deposits,Classification,4,2023,2,2023,1,02,07
2023-02-07,Corporation Income Taxes,null,65,529,121632,IV,Federal Tax Deposits,Classification,5,2023,2,2023,1,02,07
2023-02-07,Federal Unemployment Taxes,null,8,59,2797,IV,Federal Tax Deposits,Classification,6,2023,2,2023,1,02,07
2023-02-07,Estate and Gift Taxes & Misc IRS Rcpts.,null,0,18,1431,IV,Federal Tax Deposits,Classification,7,2023,2,2023,1,02,07
2023-02-07,Cash Federal Tax Deposits,Direct,107,362,12698,IV,Federal Tax Deposits,Classification,9,2023,2,2023,1,02,07
2023-02-07,Cash Federal Tax Deposits,Through Depositaries,3401,81424,1402922,IV,Federal Tax Deposits,Classification,10,2023,2,2023,1,02,07
2023-02-07,Inter-agency Transfers,null,9,5973,47206,IV,Federal Tax Deposits,Classification,12,2023,2,2023,1,02,07
2023-02-06,Withheld Income and Employment Taxes,null,26374,82093,1194677,IV,Federal Tax Deposits,Classification,1,2023,2,2023,1,02,06
2023-02-06,Individual Income Taxes,null,360,1345,108706,IV,Federal Tax Deposits,Classification,2,2023,2,2023,1,02,06
2023-02-06,Railroad Retirement Taxes,null,50,157,2776,IV,Federal Tax Deposits,Classification,3,2023,2,2023,1,02,06
2023-02-06,Excise Taxes,null,47,115,27363,IV,Federal Tax Deposits,Classification,4,2023,2,2023,1,02,06
2023-02-06,Corporation Income Taxes,null,101,464,121567,IV,Federal Tax Deposits,Classification,5,2023,2,2023,1,02,06
2023-02-06,Federal Unemployment Taxes,null,8,50,2789,IV,Federal Tax Deposits,Classification,6,2023,2,2023,1,02,06
2023-02-06,Estate and Gift Taxes & Misc IRS Rcpts.,null,2,18,1431,IV,Federal Tax Deposits,Classification,7,2023,2,2023,1,02,06
2023-02-06,Cash Federal Tax Deposits,Direct,62,255,12591,IV,Federal Tax Deposits,Classification,9,2023,2,2023,1,02,06
2023-02-06,Cash Federal Tax Deposits,Through Depositaries,25815,78022,1399521,IV,Federal Tax Deposits,Classification,10,2023,2,2023,1,02,06
2023-02-06,Inter-agency Transfers,null,1063,5964,47197,IV,Federal Tax Deposits,Classification,12,2023,2,2023,1,02,06
2023-02-03,Withheld Income and Employment Taxes,null,14607,55719,1168304,IV,Federal Tax Deposits,Classification,1,2023,2,2023,1,02,03
2023-02-03,Individual Income Taxes,null,279,985,108346,IV,Federal Tax Deposits,Classification,2,2023,2,2023,1,02,03
2023-02-03,Railroad Retirement Taxes,null,16,107,2726,IV,Federal Tax Deposits,Classification,3,2023,2,2023,1,02,03
2023-02-03,Excise Taxes,null,24,68,27316,IV,Federal Tax Deposits,Classification,4,2023,2,2023,1,02,03
2023-02-03,Corporation Income Taxes,null,158,363,121467,IV,Federal Tax Deposits,Classification,5,2023,2,2023,1,02,03
2023-02-03,Federal Unemployment Taxes,null,8,43,2781,IV,Federal Tax Deposits,Classification,6,2023,2,2023,1,02,03
2023-02-03,Estate and Gift Taxes & Misc IRS Rcpts.,null,4,16,1429,IV,Federal Tax Deposits,Classification,7,2023,2,2023,1,02,03
2023-02-03,Cash Federal Tax Deposits,Direct,50,194,12530,IV,Federal Tax Deposits,Classification,9,2023,2,2023,1,02,03
2023-02-03,Cash Federal Tax Deposits,Through Depositaries,11643,52207,1373706,IV,Federal Tax Deposits,Classification,10,2023,2,2023,1,02,03
2023-02-03,Inter-agency Transfers,null,3403,4900,46133,IV,Federal Tax Deposits,Classification,12,2023,2,2023,1,02,03
2023-02-02,Withheld Income and Employment Taxes,null,7924,41112,1153697,IV,Federal Tax Deposits,Classification,1,2023,2,2023,1,02,02
2023-02-02,Individual Income Taxes,null,313,706,108067,IV,Federal Tax Deposits,Classification,2,2023,2,2023,1,02,02
2023-02-02,Railroad Retirement Taxes,null,25,90,2709,IV,Federal Tax Deposits,Classification,3,2023,2,2023,1,02,02
2023-02-02,Excise Taxes,null,27,45,27293,IV,Federal Tax Deposits,Classification,4,2023,2,2023,1,02,02
2023-02-02,Corporation Income Taxes,null,128,205,121308,IV,Federal Tax Deposits,Classification,5,2023,2,2023,1,02,02
2023-02-02,Federal Unemployment Taxes,null,7,34,2773,IV,Federal Tax Deposits,Classification,6,2023,2,2023,1,02,02
2023-02-02,Estate and Gift Taxes & Misc IRS Rcpts.,null,10,12,1425,IV,Federal Tax Deposits,Classification,7,2023,2,2023,1,02,02
2023-02-02,Cash Federal Tax Deposits,Direct,70,143,12479,IV,Federal Tax Deposits,Classification,9,2023,2,2023,1,02,02
2023-02-02,Cash Federal Tax Deposits,Through Depositaries,7850,40564,1362062,IV,Federal Tax Deposits,Classification,10,2023,2,2023,1,02,02
2023-02-02,Inter-agency Transfers,null,513,1498,42731,IV,Federal Tax Deposits,Classification,12,2023,2,2023,1,02,02
2023-02-01,Withheld Income and Employment Taxes,null,33189,33189,1145774,IV,Federal Tax Deposits,Classification,1,2023,2,2023,1,02,01
2023-02-01,Individual Income Taxes,null,393,393,107754,IV,Federal Tax Deposits,Classification,2,2023,2,2023,1,02,01
2023-02-01,Railroad Retirement Taxes,null,65,65,2684,IV,Federal Tax Deposits,Classification,3,2023,2,2023,1,02,01
2023-02-01,Excise Taxes,null,18,18,27266,IV,Federal Tax Deposits,Classification,4,2023,2,2023,1,02,01
2023-02-01,Corporation Income Taxes,null,77,77,121181,IV,Federal Tax Deposits,Classification,5,2023,2,2023,1,02,01
2023-02-01,Federal Unemployment Taxes,null,28,28,2766,IV,Federal Tax Deposits,Classification,6,2023,2,2023,1,02,01
2023-02-01,Estate and Gift Taxes & Misc IRS Rcpts.,null,2,2,1415,IV,Federal Tax Deposits,Classification,7,2023,2,2023,1,02,01
2023-02-01,Cash Federal Tax Deposits,Direct,74,74,12410,IV,Federal Tax Deposits,Classification,9,2023,2,2023,1,02,01
2023-02-01,Cash Federal Tax Deposits,Through Depositaries,32714,32714,1354212,IV,Federal Tax Deposits,Classification,10,2023,2,2023,1,02,01
2023-02-01,Inter-agency Transfers,null,985,985,42218,IV,Federal Tax Deposits,Classification,12,2023,2,2023,1,02,01
2023-01-31,Corporation Income Taxes,null,370,14580,121104,IV,Federal Tax Deposits,Classification,5,2023,2,2023,1,01,31
2023-01-31,Withheld Income and Employment Taxes,null,6375,288042,1112585,IV,Federal Tax Deposits,Classification,1,2023,2,2023,1,01,31
2023-01-31,Individual Income Taxes,null,366,61329,107361,IV,Federal Tax Deposits,Classification,2,2023,2,2023,1,01,31
2023-01-31,Railroad Retirement Taxes,null,119,860,2619,IV,Federal Tax Deposits,Classification,3,2023,2,2023,1,01,31
2023-01-31,Excise Taxes,null,328,6919,27248,IV,Federal Tax Deposits,Classification,4,2023,2,2023,1,01,31
2023-01-31,Federal Unemployment Taxes,null,1418,1896,2739,IV,Federal Tax Deposits,Classification,6,2023,2,2023,1,01,31
2023-01-31,Estate and Gift Taxes & Misc IRS Rcpts.,null,2,258,1413,IV,Federal Tax Deposits,Classification,7,2023,2,2023,1,01,31
2023-01-31,Cash Federal Tax Deposits,Direct,194,3449,12336,IV,Federal Tax Deposits,Classification,9,2023,2,2023,1,01,31
2023-01-31,Cash Federal Tax Deposits,Through Depositaries,8366,360166,1321499,IV,Federal Tax Deposits,Classification,10,2023,2,2023,1,01,31
2023-01-31,Inter-agency Transfers,null,418,10269,41233,IV,Federal Tax Deposits,Classification,12,2023,2,2023,1,01,31
2023-01-30,Withheld Income and Employment Taxes,null,21545,281667,1106210,IV,Federal Tax Deposits,Classification,1,2023,2,2023,1,01,30
2023-01-30,Individual Income Taxes,null,517,60963,106995,IV,Federal Tax Deposits,Classification,2,2023,2,2023,1,01,30
2023-01-30,Railroad Retirement Taxes,null,41,741,2500,IV,Federal Tax Deposits,Classification,3,2023,2,2023,1,01,30
2023-01-30,Excise Taxes,null,156,6591,26920,IV,Federal Tax Deposits,Classification,4,2023,2,2023,1,01,30
2023-01-30,Corporation Income Taxes,null,92,14210,120734,IV,Federal Tax Deposits,Classification,5,2023,2,2023,1,01,30
2023-01-30,Federal Unemployment Taxes,null,87,478,1320,IV,Federal Tax Deposits,Classification,6,2023,2,2023,1,01,30
2023-01-30,Estate and Gift Taxes & Misc IRS Rcpts.,null,3,257,1411,IV,Federal Tax Deposits,Classification,7,2023,2,2023,1,01,30
2023-01-30,Cash Federal Tax Deposits,Direct,94,3255,12142,IV,Federal Tax Deposits,Classification,9,2023,2,2023,1,01,30
2023-01-30,Cash Federal Tax Deposits,Through Depositaries,22336,351800,1313133,IV,Federal Tax Deposits,Classification,10,2023,2,2023,1,01,30
2023-01-30,Inter-agency Transfers,null,12,9851,40815,IV,Federal Tax Deposits,Classification,12,2023,2,2023,1,01,30
2023-01-27,Withheld Income and Employment Taxes,null,8188,260122,1084664,IV,Federal Tax Deposits,Classification,1,2023,2,2023,1,01,27
2023-01-27,Individual Income Taxes,null,309,60445,106477,IV,Federal Tax Deposits,Classification,2,2023,2,2023,1,01,27
2023-01-27,Railroad Retirement Taxes,null,26,700,2459,IV,Federal Tax Deposits,Classification,3,2023,2,2023,1,01,27
2023-01-27,Excise Taxes,null,1837,6435,26764,IV,Federal Tax Deposits,Classification,4,2023,2,2023,1,01,27
2023-01-27,Corporation Income Taxes,null,141,14118,120642,IV,Federal Tax Deposits,Classification,5,2023,2,2023,1,01,27
2023-01-27,Federal Unemployment Taxes,null,46,391,1233,IV,Federal Tax Deposits,Classification,6,2023,2,2023,1,01,27
2023-01-27,Estate and Gift Taxes & Misc IRS Rcpts.,null,1,254,1409,IV,Federal Tax Deposits,Classification,7,2023,2,2023,1,01,27
2023-01-27,Cash Federal Tax Deposits,Direct,432,3161,12048,IV,Federal Tax Deposits,Classification,9,2023,2,2023,1,01,27
2023-01-27,Cash Federal Tax Deposits,Through Depositaries,10088,329464,1290796,IV,Federal Tax Deposits,Classification,10,2023,2,2023,1,01,27
2023-01-27,Inter-agency Transfers,null,29,9840,40804,IV,Federal Tax Deposits,Classification,12,2023,2,2023,1,01,27
2023-01-26,Withheld Income and Employment Taxes,null,4285,251934,1076476,IV,Federal Tax Deposits,Classification,1,2023,2,2023,1,01,26
2023-01-26,Individual Income Taxes,null,324,60136,106168,IV,Federal Tax Deposits,Classification,2,2023,2,2023,1,01,26
2023-01-26,Railroad Retirement Taxes,null,44,673,2433,IV,Federal Tax Deposits,Classification,3,2023,2,2023,1,01,26
2023-01-26,Excise Taxes,null,479,4598,24927,IV,Federal Tax Deposits,Classification,4,2023,2,2023,1,01,26
2023-01-26,Corporation Income Taxes,null,142,13977,120500,IV,Federal Tax Deposits,Classification,5,2023,2,2023,1,01,26
2023-01-26,Federal Unemployment Taxes,null,22,345,1187,IV,Federal Tax Deposits,Classification,6,2023,2,2023,1,01,26
2023-01-26,Estate and Gift Taxes & Misc IRS Rcpts.,null,2,253,1408,IV,Federal Tax Deposits,Classification,7,2023,2,2023,1,01,26
2023-01-26,Cash Federal Tax Deposits,Direct,80,2728,11616,IV,Federal Tax Deposits,Classification,9,2023,2,2023,1,01,26
2023-01-26,Cash Federal Tax Deposits,Through Depositaries,4679,319377,1280709,IV,Federal Tax Deposits,Classification,10,2023,2,2023,1,01,26
2023-01-26,Inter-agency Transfers,null,538,9811,40775,IV,Federal Tax Deposits,Classification,12,2023,2,2023,1,01,26
2023-01-25,Withheld Income and Employment Taxes,null,12682,247648,1072191,IV,Federal Tax Deposits,Classification,1,2023,2,2023,1,01,25
2023-01-25,Individual Income Taxes,null,342,59813,105844,IV,Federal Tax Deposits,Classification,2,2023,2,2023,1,01,25
2023-01-25,Railroad Retirement Taxes,null,39,630,2389,IV,Federal Tax Deposits,Classification,3,2023,2,2023,1,01,25
2023-01-25,Excise Taxes,null,405,4119,24448,IV,Federal Tax Deposits,Classification,4,2023,2,2023,1,01,25
2023-01-25,Corporation Income Taxes,null,90,13834,120358,IV,Federal Tax Deposits,Classification,5,2023,2,2023,1,01,25
2023-01-25,Federal Unemployment Taxes,null,24,323,1165,IV,Federal Tax Deposits,Classification,6,2023,2,2023,1,01,25
2023-01-25,Estate and Gift Taxes & Misc IRS Rcpts.,null,8,252,1406,IV,Federal Tax Deposits,Classification,7,2023,2,2023,1,01,25
2023-01-25,Cash Federal Tax Deposits,Direct,105,2648,11535,IV,Federal Tax Deposits,Classification,9,2023,2,2023,1,01,25
2023-01-25,Cash Federal Tax Deposits,Through Depositaries,13464,314698,1276030,IV,Federal Tax Deposits,Classification,10,2023,2,2023,1,01,25
2023-01-25,Inter-agency Transfers,null,21,9273,40237,IV,Federal Tax Deposits,Classification,12,2023,2,2023,1,01,25
2023-01-24,Withheld Income and Employment Taxes,null,2609,234966,1059509,IV,Federal Tax Deposits,Classification,1,2023,2,2023,1,01,24
2023-01-24,Individual Income Taxes,null,2491,59471,105503,IV,Federal Tax Deposits,Classification,2,2023,2,2023,1,01,24
2023-01-24,Railroad Retirement Taxes,null,3,591,2350,IV,Federal Tax Deposits,Classification,3,2023,2,2023,1,01,24
2023-01-24,Excise Taxes,null,92,3714,24043,IV,Federal Tax Deposits,Classification,4,2023,2,2023,1,01,24
2023-01-24,Corporation Income Taxes,null,85,13745,120268,IV,Federal Tax Deposits,Classification,5,2023,2,2023,1,01,24
2023-01-24,Federal Unemployment Taxes,null,22,298,1141,IV,Federal Tax Deposits,Classification,6,2023,2,2023,1,01,24
2023-01-24,Estate and Gift Taxes & Misc IRS Rcpts.,null,2,243,1398,IV,Federal Tax Deposits,Classification,7,2023,2,2023,1,01,24
2023-01-24,Cash Federal Tax Deposits,Direct,71,2543,11430,IV,Federal Tax Deposits,Classification,9,2023,2,2023,1,01,24
2023-01-24,Cash Federal Tax Deposits,Through Depositaries,5223,301233,1262566,IV,Federal Tax Deposits,Classification,10,2023,2,2023,1,01,24
2023-01-24,Inter-agency Transfers,null,12,9252,40216,IV,Federal Tax Deposits,Classification,12,2023,2,2023,1,01,24
2023-01-23,Withheld Income and Employment Taxes,null,26227,232357,1056899,IV,Federal Tax Deposits,Classification,1,2023,2,2023,1,01,23
2023-01-23,Individual Income Taxes,null,728,56979,103011,IV,Federal Tax Deposits,Classification,2,2023,2,2023,1,01,23
2023-01-23,Railroad Retirement Taxes,null,105,588,2347,IV,Federal Tax Deposits,Classification,3,2023,2,2023,1,01,23
2023-01-23,Excise Taxes,null,56,3622,23951,IV,Federal Tax Deposits,Classification,4,2023,2,2023,1,01,23
2023-01-23,Corporation Income Taxes,null,552,13659,120183,IV,Federal Tax Deposits,Classification,5,2023,2,2023,1,01,23
2023-01-23,Federal Unemployment Taxes,null,19,276,1119,IV,Federal Tax Deposits,Classification,6,2023,2,2023,1,01,23
2023-01-23,Estate and Gift Taxes & Misc IRS Rcpts.,null,14,241,1396,IV,Federal Tax Deposits,Classification,7,2023,2,2023,1,01,23
2023-01-23,Cash Federal Tax Deposits,Direct,80,2472,11359,IV,Federal Tax Deposits,Classification,9,2023,2,2023,1,01,23
2023-01-23,Cash Federal Tax Deposits,Through Depositaries,26475,296011,1257343,IV,Federal Tax Deposits,Classification,10,2023,2,2023,1,01,23
2023-01-23,Inter-agency Transfers,null,1146,9240,40204,IV,Federal Tax Deposits,Classification,12,2023,2,2023,1,01,23
2023-01-20,Withheld Income and Employment Taxes,null,9412,206130,1030672,IV,Federal Tax Deposits,Classification,1,2023,2,2023,1,01,20
2023-01-20,Individual Income Taxes,null,542,56251,102283,IV,Federal Tax Deposits,Classification,2,2023,2,2023,1,01,20
2023-01-20,Railroad Retirement Taxes,null,17,483,2242,IV,Federal Tax Deposits,Classification,3,2023,2,2023,1,01,20
2023-01-20,Excise Taxes,null,30,3566,23895,IV,Federal Tax Deposits,Classification,4,2023,2,2023,1,01,20
2023-01-20,Corporation Income Taxes,null,122,13107,119631,IV,Federal Tax Deposits,Classification,5,2023,2,2023,1,01,20
2023-01-20,Federal Unemployment Taxes,null,20,257,1099,IV,Federal Tax Deposits,Classification,6,2023,2,2023,1,01,20
2023-01-20,Estate and Gift Taxes & Misc IRS Rcpts.,null,5,227,1382,IV,Federal Tax Deposits,Classification,7,2023,2,2023,1,01,20
2023-01-20,Cash Federal Tax Deposits,Direct,37,2391,11279,IV,Federal Tax Deposits,Classification,9,2023,2,2023,1,01,20
2023-01-20,Cash Federal Tax Deposits,Through Depositaries,8951,269536,1230868,IV,Federal Tax Deposits,Classification,10,2023,2,2023,1,01,20
2023-01-20,Inter-agency Transfers,null,1160,8094,39058,IV,Federal Tax Deposits,Classification,12,2023,2,2023,1,01,20
2023-01-19,Withheld Income and Employment Taxes,null,10818,196718,1021260,IV,Federal Tax Deposits,Classification,1,2023,2,2023,1,01,19
2023-01-19,Individual Income Taxes,null,778,55709,101741,IV,Federal Tax Deposits,Classification,2,2023,2,2023,1,01,19
2023-01-19,Railroad Retirement Taxes,null,2,466,2225,IV,Federal Tax Deposits,Classification,3,2023,2,2023,1,01,19
2023-01-19,Excise Taxes,null,41,3536,23865,IV,Federal Tax Deposits,Classification,4,2023,2,2023,1,01,19
2023-01-19,Corporation Income Taxes,null,-98,12985,119508,IV,Federal Tax Deposits,Classification,5,2023,2,2023,1,01,19
2023-01-19,Federal Unemployment Taxes,null,14,237,1079,IV,Federal Tax Deposits,Classification,6,2023,2,2023,1,01,19
2023-01-19,Estate and Gift Taxes & Misc IRS Rcpts.,null,11,222,1376,IV,Federal Tax Deposits,Classification,7,2023,2,2023,1,01,19
2023-01-19,Cash Federal Tax Deposits,Direct,99,2354,11241,IV,Federal Tax Deposits,Classification,9,2023,2,2023,1,01,19
2023-01-19,Cash Federal Tax Deposits,Through Depositaries,11408,260584,1221916,IV,Federal Tax Deposits,Classification,10,2023,2,2023,1,01,19
2023-01-19,Inter-agency Transfers,null,58,6934,37898,IV,Federal Tax Deposits,Classification,12,2023,2,2023,1,01,19
2023-01-18,Withheld Income and Employment Taxes,null,4950,185900,1010443,IV,Federal Tax Deposits,Classification,1,2023,2,2023,1,01,18
2023-01-18,Individual Income Taxes,null,6128,54932,100964,IV,Federal Tax Deposits,Classification,2,2023,2,2023,1,01,18
2023-01-18,Railroad Retirement Taxes,null,2,463,2222,IV,Federal Tax Deposits,Classification,3,2023,2,2023,1,01,18
2023-01-18,Excise Taxes,null,19,3496,23825,IV,Federal Tax Deposits,Classification,4,2023,2,2023,1,01,18
2023-01-18,Corporation Income Taxes,null,462,13082,119606,IV,Federal Tax Deposits,Classification,5,2023,2,2023,1,01,18
2023-01-18,Federal Unemployment Taxes,null,17,223,1066,IV,Federal Tax Deposits,Classification,6,2023,2,2023,1,01,18
2023-01-18,Estate and Gift Taxes & Misc IRS Rcpts.,null,1,211,1366,IV,Federal Tax Deposits,Classification,7,2023,2,2023,1,01,18
2023-01-18,Cash Federal Tax Deposits,Direct,56,2255,11143,IV,Federal Tax Deposits,Classification,9,2023,2,2023,1,01,18
2023-01-18,Cash Federal Tax Deposits,Through Depositaries,11496,249176,1210508,IV,Federal Tax Deposits,Classification,10,2023,2,2023,1,01,18
2023-01-18,Inter-agency Transfers,null,26,6876,37840,IV,Federal Tax Deposits,Classification,12,2023,2,2023,1,01,18
2023-01-17,Withheld Income and Employment Taxes,null,40412,180951,1005493,IV,Federal Tax Deposits,Classification,1,2023,2,2023,1,01,17
2023-01-17,Individual Income Taxes,null,25365,48803,94835,IV,Federal Tax Deposits,Classification,2,2023,2,2023,1,01,17
2023-01-17,Railroad Retirement Taxes,null,188,461,2220,IV,Federal Tax Deposits,Classification,3,2023,2,2023,1,01,17
2023-01-17,Excise Taxes,null,150,3477,23806,IV,Federal Tax Deposits,Classification,4,2023,2,2023,1,01,17
2023-01-17,Corporation Income Taxes,null,6893,12621,119144,IV,Federal Tax Deposits,Classification,5,2023,2,2023,1,01,17
2023-01-17,Federal Unemployment Taxes,null,36,207,1049,IV,Federal Tax Deposits,Classification,6,2023,2,2023,1,01,17
2023-01-17,Estate and Gift Taxes & Misc IRS Rcpts.,null,2,210,1365,IV,Federal Tax Deposits,Classification,7,2023,2,2023,1,01,17
2023-01-17,Cash Federal Tax Deposits,Direct,49,2200,11087,IV,Federal Tax Deposits,Classification,9,2023,2,2023,1,01,17
2023-01-17,Cash Federal Tax Deposits,Through Depositaries,72979,237680,1199012,IV,Federal Tax Deposits,Classification,10,2023,2,2023,1,01,17
2023-01-17,Inter-agency Transfers,null,18,6850,37814,IV,Federal Tax Deposits,Classification,12,2023,2,2023,1,01,17
2023-01-13,Individual Income Taxes,null,8787,23439,69470,IV,Federal Tax Deposits,Classification,2,2023,2,2023,1,01,13
2023-01-13,Railroad Retirement Taxes,null,42,274,2033,IV,Federal Tax Deposits,Classification,3,2023,2,2023,1,01,13
2023-01-13,Withheld Income and Employment Taxes,null,10033,140538,965081,IV,Federal Tax Deposits,Classification,1,2023,2,2023,1,01,13
2023-01-13,Excise Taxes,null,2062,3327,23656,IV,Federal Tax Deposits,Classification,4,2023,2,2023,1,01,13
2023-01-13,Corporation Income Taxes,null,2837,5728,112251,IV,Federal Tax Deposits,Classification,5,2023,2,2023,1,01,13
2023-01-13,Federal Unemployment Taxes,null,53,171,1014,IV,Federal Tax Deposits,Classification,6,2023,2,2023,1,01,13
2023-01-13,Estate and Gift Taxes & Misc IRS Rcpts.,null,1,208,1363,IV,Federal Tax Deposits,Classification,7,2023,2,2023,1,01,13
2023-01-13,Cash Federal Tax Deposits,Direct,585,2151,11038,IV,Federal Tax Deposits,Classification,9,2023,2,2023,1,01,13
2023-01-13,Cash Federal Tax Deposits,Through Depositaries,23120,164701,1126033,IV,Federal Tax Deposits,Classification,10,2023,2,2023,1,01,13
2023-01-13,Inter-agency Transfers,null,109,6832,37796,IV,Federal Tax Deposits,Classification,12,2023,2,2023,1,01,13
2023-01-12,Withheld Income and Employment Taxes,null,3856,130506,955048,IV,Federal Tax Deposits,Classification,1,2023,2,2023,1,01,12
2023-01-12,Individual Income Taxes,null,3688,14652,60684,IV,Federal Tax Deposits,Classification,2,2023,2,2023,1,01,12
2023-01-12,Railroad Retirement Taxes,null,45,232,1991,IV,Federal Tax Deposits,Classification,3,2023,2,2023,1,01,12
2023-01-12,Excise Taxes,null,485,1264,21593,IV,Federal Tax Deposits,Classification,4,2023,2,2023,1,01,12
2023-01-12,Corporation Income Taxes,null,944,2891,109414,IV,Federal Tax Deposits,Classification,5,2023,2,2023,1,01,12
2023-01-12,Federal Unemployment Taxes,null,37,117,960,IV,Federal Tax Deposits,Classification,6,2023,2,2023,1,01,12
2023-01-12,Estate and Gift Taxes & Misc IRS Rcpts.,null,4,207,1362,IV,Federal Tax Deposits,Classification,7,2023,2,2023,1,01,12
2023-01-12,Cash Federal Tax Deposits,Direct,203,1566,10453,IV,Federal Tax Deposits,Classification,9,2023,2,2023,1,01,12
2023-01-12,Cash Federal Tax Deposits,Through Depositaries,7934,141580,1102913,IV,Federal Tax Deposits,Classification,10,2023,2,2023,1,01,12
2023-01-12,Inter-agency Transfers,null,922,6723,37687,IV,Federal Tax Deposits,Classification,12,2023,2,2023,1,01,12
2023-01-11,Withheld Income and Employment Taxes,null,10798,126649,951192,IV,Federal Tax Deposits,Classification,1,2023,2,2023,1,01,11
2023-01-11,Individual Income Taxes,null,2211,10964,56996,IV,Federal Tax Deposits,Classification,2,2023,2,2023,1,01,11
2023-01-11,Railroad Retirement Taxes,null,48,187,1947,IV,Federal Tax Deposits,Classification,3,2023,2,2023,1,01,11
2023-01-11,Excise Taxes,null,504,779,21108,IV,Federal Tax Deposits,Classification,4,2023,2,2023,1,01,11
2023-01-11,Corporation Income Taxes,null,247,1947,108471,IV,Federal Tax Deposits,Classification,5,2023,2,2023,1,01,11
2023-01-11,Federal Unemployment Taxes,null,16,80,923,IV,Federal Tax Deposits,Classification,6,2023,2,2023,1,01,11
2023-01-11,Estate and Gift Taxes & Misc IRS Rcpts.,null,7,203,1358,IV,Federal Tax Deposits,Classification,7,2023,2,2023,1,01,11
2023-01-11,Cash Federal Tax Deposits,Direct,142,1363,10250,IV,Federal Tax Deposits,Classification,9,2023,2,2023,1,01,11
2023-01-11,Cash Federal Tax Deposits,Through Depositaries,13668,133647,1094979,IV,Federal Tax Deposits,Classification,10,2023,2,2023,1,01,11
2023-01-11,Inter-agency Transfers,null,21,5801,36765,IV,Federal Tax Deposits,Classification,12,2023,2,2023,1,01,11
2023-01-10,Withheld Income and Employment Taxes,null,3634,115851,940394,IV,Federal Tax Deposits,Classification,1,2023,2,2023,1,01,10
2023-01-10,Individual Income Taxes,null,2063,8753,54785,IV,Federal Tax Deposits,Classification,2,2023,2,2023,1,01,10
2023-01-10,Railroad Retirement Taxes,null,40,140,1899,IV,Federal Tax Deposits,Classification,3,2023,2,2023,1,01,10
2023-01-10,Excise Taxes,null,119,276,20604,IV,Federal Tax Deposits,Classification,4,2023,2,2023,1,01,10
2023-01-10,Corporation Income Taxes,null,229,1700,108223,IV,Federal Tax Deposits,Classification,5,2023,2,2023,1,01,10
2023-01-10,Federal Unemployment Taxes,null,11,64,907,IV,Federal Tax Deposits,Classification,6,2023,2,2023,1,01,10
2023-01-10,Estate and Gift Taxes & Misc IRS Rcpts.,null,5,196,1351,IV,Federal Tax Deposits,Classification,7,2023,2,2023,1,01,10
2023-01-10,Cash Federal Tax Deposits,Direct,139,1220,10108,IV,Federal Tax Deposits,Classification,9,2023,2,2023,1,01,10
2023-01-10,Cash Federal Tax Deposits,Through Depositaries,5232,119979,1081311,IV,Federal Tax Deposits,Classification,10,2023,2,2023,1,01,10
2023-01-10,Inter-agency Transfers,null,731,5780,36744,IV,Federal Tax Deposits,Classification,12,2023,2,2023,1,01,10
2023-01-09,Withheld Income and Employment Taxes,null,22884,112217,936760,IV,Federal Tax Deposits,Classification,1,2023,2,2023,1,01,09
2023-01-09,Individual Income Taxes,null,1994,6689,52721,IV,Federal Tax Deposits,Classification,2,2023,2,2023,1,01,09
2023-01-09,Railroad Retirement Taxes,null,51,100,1859,IV,Federal Tax Deposits,Classification,3,2023,2,2023,1,01,09
2023-01-09,Excise Taxes,null,68,156,20485,IV,Federal Tax Deposits,Classification,4,2023,2,2023,1,01,09
2023-01-09,Corporation Income Taxes,null,197,1470,107994,IV,Federal Tax Deposits,Classification,5,2023,2,2023,1,01,09
2023-01-09,Federal Unemployment Taxes,null,10,54,896,IV,Federal Tax Deposits,Classification,6,2023,2,2023,1,01,09
2023-01-09,Estate and Gift Taxes & Misc IRS Rcpts.,null,3,191,1346,IV,Federal Tax Deposits,Classification,7,2023,2,2023,1,01,09
2023-01-09,Cash Federal Tax Deposits,Direct,231,1082,9969,IV,Federal Tax Deposits,Classification,9,2023,2,2023,1,01,09
2023-01-09,Cash Federal Tax Deposits,Through Depositaries,24208,114747,1076079,IV,Federal Tax Deposits,Classification,10,2023,2,2023,1,01,09
2023-01-09,Inter-agency Transfers,null,767,5049,36013,IV,Federal Tax Deposits,Classification,12,2023,2,2023,1,01,09
2023-01-06,Withheld Income and Employment Taxes,null,10299,89334,913876,IV,Federal Tax Deposits,Classification,1,2023,2,2023,1,01,06
2023-01-06,Individual Income Taxes,null,1039,4695,50727,IV,Federal Tax Deposits,Classification,2,2023,2,2023,1,01,06
2023-01-06,Railroad Retirement Taxes,null,26,49,1808,IV,Federal Tax Deposits,Classification,3,2023,2,2023,1,01,06
2023-01-06,Excise Taxes,null,40,88,20417,IV,Federal Tax Deposits,Classification,4,2023,2,2023,1,01,06
2023-01-06,Corporation Income Taxes,null,120,1273,107797,IV,Federal Tax Deposits,Classification,5,2023,2,2023,1,01,06
2023-01-06,Federal Unemployment Taxes,null,10,43,886,IV,Federal Tax Deposits,Classification,6,2023,2,2023,1,01,06
2023-01-06,Estate and Gift Taxes & Misc IRS Rcpts.,null,170,189,1343,IV,Federal Tax Deposits,Classification,7,2023,2,2023,1,01,06
2023-01-06,Cash Federal Tax Deposits,Direct,272,851,9738,IV,Federal Tax Deposits,Classification,9,2023,2,2023,1,01,06
2023-01-06,Cash Federal Tax Deposits,Through Depositaries,10344,90539,1051871,IV,Federal Tax Deposits,Classification,10,2023,2,2023,1,01,06
2023-01-06,Inter-agency Transfers,null,1088,4282,35246,IV,Federal Tax Deposits,Classification,12,2023,2,2023,1,01,06
2023-01-05,Withheld Income and Employment Taxes,null,13208,79034,903577,IV,Federal Tax Deposits,Classification,1,2023,2,2023,1,01,05
2023-01-05,Individual Income Taxes,null,791,3656,49688,IV,Federal Tax Deposits,Classification,2,2023,2,2023,1,01,05
2023-01-05,Railroad Retirement Taxes,null,2,22,1782,IV,Federal Tax Deposits,Classification,3,2023,2,2023,1,01,05
2023-01-05,Excise Taxes,null,16,48,20377,IV,Federal Tax Deposits,Classification,4,2023,2,2023,1,01,05
2023-01-05,Corporation Income Taxes,null,471,1154,107677,IV,Federal Tax Deposits,Classification,5,2023,2,2023,1,01,05
2023-01-05,Federal Unemployment Taxes,null,9,33,876,IV,Federal Tax Deposits,Classification,6,2023,2,2023,1,01,05
2023-01-05,Estate and Gift Taxes & Misc IRS Rcpts.,null,4,18,1173,IV,Federal Tax Deposits,Classification,7,2023,2,2023,1,01,05
2023-01-05,Cash Federal Tax Deposits,Direct,364,578,9465,IV,Federal Tax Deposits,Classification,9,2023,2,2023,1,01,05
2023-01-05,Cash Federal Tax Deposits,Through Depositaries,14099,80195,1041527,IV,Federal Tax Deposits,Classification,10,2023,2,2023,1,01,05
2023-01-05,Inter-agency Transfers,null,38,3194,34158,IV,Federal Tax Deposits,Classification,12,2023,2,2023,1,01,05
2023-01-04,Withheld Income and Employment Taxes,null,8603,65827,890369,IV,Federal Tax Deposits,Classification,1,2023,2,2023,1,01,04
2023-01-04,Individual Income Taxes,null,751,2865,48897,IV,Federal Tax Deposits,Classification,2,2023,2,2023,1,01,04
2023-01-04,Railroad Retirement Taxes,null,2,20,1779,IV,Federal Tax Deposits,Classification,3,2023,2,2023,1,01,04
2023-01-04,Excise Taxes,null,20,32,20361,IV,Federal Tax Deposits,Classification,4,2023,2,2023,1,01,04
2023-01-04,Corporation Income Taxes,null,212,682,107206,IV,Federal Tax Deposits,Classification,5,2023,2,2023,1,01,04
2023-01-04,Federal Unemployment Taxes,null,15,25,868,IV,Federal Tax Deposits,Classification,6,2023,2,2023,1,01,04
2023-01-04,Estate and Gift Taxes & Misc IRS Rcpts.,null,13,14,1169,IV,Federal Tax Deposits,Classification,7,2023,2,2023,1,01,04
2023-01-04,Cash Federal Tax Deposits,Direct,217,215,9102,IV,Federal Tax Deposits,Classification,9,2023,2,2023,1,01,04
2023-01-04,Cash Federal Tax Deposits,Through Depositaries,9332,66096,1027428,IV,Federal Tax Deposits,Classification,10,2023,2,2023,1,01,04
2023-01-04,Inter-agency Transfers,null,67,3155,34119,IV,Federal Tax Deposits,Classification,12,2023,2,2023,1,01,04
2023-01-03,Withheld Income and Employment Taxes,null,57224,57224,881766,IV,Federal Tax Deposits,Classification,1,2023,2,2023,1,01,03
2023-01-03,Individual Income Taxes,null,2114,2114,48146,IV,Federal Tax Deposits,Classification,2,2023,2,2023,1,01,03
2023-01-03,Railroad Retirement Taxes,null,18,18,1777,IV,Federal Tax Deposits,Classification,3,2023,2,2023,1,01,03
2023-01-03,Excise Taxes,null,12,12,20341,IV,Federal Tax Deposits,Classification,4,2023,2,2023,1,01,03
2023-01-03,Corporation Income Taxes,null,470,470,106994,IV,Federal Tax Deposits,Classification,5,2023,2,2023,1,01,03
2023-01-03,Federal Unemployment Taxes,null,10,10,852,IV,Federal Tax Deposits,Classification,6,2023,2,2023,1,01,03
2023-01-03,Estate and Gift Taxes & Misc IRS Rcpts.,null,2,2,1156,IV,Federal Tax Deposits,Classification,7,2023,2,2023,1,01,03
2023-01-03,Cash Federal Tax Deposits,Direct,-2,-2,8885,IV,Federal Tax Deposits,Classification,9,2023,2,2023,1,01,03
2023-01-03,Cash Federal Tax Deposits,Through Depositaries,56763,56763,1018096,IV,Federal Tax Deposits,Classification,10,2023,2,2023,1,01,03
2023-01-03,Inter-agency Transfers,null,3088,3088,34053,IV,Federal Tax Deposits,Classification,12,2023,2,2023,1,01,03
2022-12-30,Withheld Income and Employment Taxes,null,22251,339865,824542,IV,Federal Tax Deposits,Classification,1,2023,1,2022,4,12,30
2022-12-30,Individual Income Taxes,null,1430,14139,46032,IV,Federal Tax Deposits,Classification,2,2023,1,2022,4,12,30
2022-12-30,Railroad Retirement Taxes,null,161,799,1759,IV,Federal Tax Deposits,Classification,3,2023,1,2022,4,12,30
2022-12-30,Excise Taxes,null,98,6994,20329,IV,Federal Tax Deposits,Classification,4,2023,1,2022,4,12,30
2022-12-30,Corporation Income Taxes,null,1626,86226,106524,IV,Federal Tax Deposits,Classification,5,2023,1,2022,4,12,30
2022-12-30,Federal Unemployment Taxes,null,11,60,843,IV,Federal Tax Deposits,Classification,6,2023,1,2022,4,12,30
2022-12-30,Estate and Gift Taxes & Misc IRS Rcpts.,null,10,120,1155,IV,Federal Tax Deposits,Classification,7,2023,1,2022,4,12,30
2022-12-30,Cash Federal Tax Deposits,Direct,324,4235,8887,IV,Federal Tax Deposits,Classification,9,2023,1,2022,4,12,30
2022-12-30,Cash Federal Tax Deposits,Through Depositaries,24238,433110,961332,IV,Federal Tax Deposits,Classification,10,2023,1,2022,4,12,30
2022-12-30,Inter-agency Transfers,null,1026,10859,30964,IV,Federal Tax Deposits,Classification,12,2023,1,2022,4,12,30
2022-12-29,Withheld Income and Employment Taxes,null,16004,317614,802292,IV,Federal Tax Deposits,Classification,1,2023,1,2022,4,12,29
2022-12-29,Individual Income Taxes,null,1086,12709,44602,IV,Federal Tax Deposits,Classification,2,2023,1,2022,4,12,29
2022-12-29,Railroad Retirement Taxes,null,31,638,1598,IV,Federal Tax Deposits,Classification,3,2023,1,2022,4,12,29
2022-12-29,Excise Taxes,null,1983,6895,20231,IV,Federal Tax Deposits,Classification,4,2023,1,2022,4,12,29
2022-12-29,Corporation Income Taxes,null,863,84600,104897,IV,Federal Tax Deposits,Classification,5,2023,1,2022,4,12,29
2022-12-29,Federal Unemployment Taxes,null,3,49,832,IV,Federal Tax Deposits,Classification,6,2023,1,2022,4,12,29
2022-12-29,Estate and Gift Taxes & Misc IRS Rcpts.,null,2,110,1145,IV,Federal Tax Deposits,Classification,7,2023,1,2022,4,12,29
2022-12-29,Cash Federal Tax Deposits,Direct,672,3911,8563,IV,Federal Tax Deposits,Classification,9,2023,1,2022,4,12,29
2022-12-29,Cash Federal Tax Deposits,Through Depositaries,19066,408872,937094,IV,Federal Tax Deposits,Classification,10,2023,1,2022,4,12,29
2022-12-29,Inter-agency Transfers,null,233,9833,29938,IV,Federal Tax Deposits,Classification,12,2023,1,2022,4,12,29
2022-12-28,Withheld Income and Employment Taxes,null,10693,301610,786287,IV,Federal Tax Deposits,Classification,1,2023,1,2022,4,12,28
2022-12-28,Individual Income Taxes,null,831,11623,43516,IV,Federal Tax Deposits,Classification,2,2023,1,2022,4,12,28
2022-12-28,Railroad Retirement Taxes,null,75,607,1567,IV,Federal Tax Deposits,Classification,3,2023,1,2022,4,12,28
2022-12-28,Excise Taxes,null,601,4912,18247,IV,Federal Tax Deposits,Classification,4,2023,1,2022,4,12,28
2022-12-28,Corporation Income Taxes,null,126,83737,104035,IV,Federal Tax Deposits,Classification,5,2023,1,2022,4,12,28
2022-12-28,Federal Unemployment Taxes,null,3,46,828,IV,Federal Tax Deposits,Classification,6,2023,1,2022,4,12,28
2022-12-28,Estate and Gift Taxes & Misc IRS Rcpts.,null,0,108,1143,IV,Federal Tax Deposits,Classification,7,2023,1,2022,4,12,28
2022-12-28,Cash Federal Tax Deposits,Direct,224,3239,7892,IV,Federal Tax Deposits,Classification,9,2023,1,2022,4,12,28
2022-12-28,Cash Federal Tax Deposits,Through Depositaries,11923,389805,918028,IV,Federal Tax Deposits,Classification,10,2023,1,2022,4,12,28
2022-12-28,Inter-agency Transfers,null,182,9600,29705,IV,Federal Tax Deposits,Classification,12,2023,1,2022,4,12,28
2022-12-27,Withheld Income and Employment Taxes,null,28887,290917,775594,IV,Federal Tax Deposits,Classification,1,2023,1,2022,4,12,27
2022-12-27,Individual Income Taxes,null,1034,10792,42685,IV,Federal Tax Deposits,Classification,2,2023,1,2022,4,12,27
2022-12-27,Railroad Retirement Taxes,null,57,532,1492,IV,Federal Tax Deposits,Classification,3,2023,1,2022,4,12,27
2022-12-27,Excise Taxes,null,373,4311,17646,IV,Federal Tax Deposits,Classification,4,2023,1,2022,4,12,27
2022-12-27,Corporation Income Taxes,null,1416,83612,103909,IV,Federal Tax Deposits,Classification,5,2023,1,2022,4,12,27
2022-12-27,Federal Unemployment Taxes,null,2,43,825,IV,Federal Tax Deposits,Classification,6,2023,1,2022,4,12,27
2022-12-27,Estate and Gift Taxes & Misc IRS Rcpts.,null,1,108,1143,IV,Federal Tax Deposits,Classification,7,2023,1,2022,4,12,27
2022-12-27,Cash Federal Tax Deposits,Direct,225,3015,7668,IV,Federal Tax Deposits,Classification,9,2023,1,2022,4,12,27
2022-12-27,Cash Federal Tax Deposits,Through Depositaries,30851,377882,906104,IV,Federal Tax Deposits,Classification,10,2023,1,2022,4,12,27
2022-12-27,Inter-agency Transfers,null,695,9417,29522,IV,Federal Tax Deposits,Classification,12,2023,1,2022,4,12,27
2022-12-23,Withheld Income and Employment Taxes,null,15789,262030,746708,IV,Federal Tax Deposits,Classification,1,2023,1,2022,4,12,23
2022-12-23,Individual Income Taxes,null,542,9758,41651,IV,Federal Tax Deposits,Classification,2,2023,1,2022,4,12,23
2022-12-23,Railroad Retirement Taxes,null,90,474,1435,IV,Federal Tax Deposits,Classification,3,2023,1,2022,4,12,23
2022-12-23,Excise Taxes,null,98,3938,17273,IV,Federal Tax Deposits,Classification,4,2023,1,2022,4,12,23
2022-12-23,Corporation Income Taxes,null,364,82195,102493,IV,Federal Tax Deposits,Classification,5,2023,1,2022,4,12,23
2022-12-23,Federal Unemployment Taxes,null,12,41,823,IV,Federal Tax Deposits,Classification,6,2023,1,2022,4,12,23
2022-12-23,Estate and Gift Taxes & Misc IRS Rcpts.,null,4,107,1142,IV,Federal Tax Deposits,Classification,7,2023,1,2022,4,12,23
2022-12-23,Cash Federal Tax Deposits,Direct,153,2790,7443,IV,Federal Tax Deposits,Classification,9,2023,1,2022,4,12,23
2022-12-23,Cash Federal Tax Deposits,Through Depositaries,15634,347031,875253,IV,Federal Tax Deposits,Classification,10,2023,1,2022,4,12,23
2022-12-23,Inter-agency Transfers,null,1113,8722,28827,IV,Federal Tax Deposits,Classification,12,2023,1,2022,4,12,23
2022-12-22,Withheld Income and Employment Taxes,null,7657,246241,730919,IV,Federal Tax Deposits,Classification,1,2023,1,2022,4,12,22
2022-12-22,Individual Income Taxes,null,473,9216,41109,IV,Federal Tax Deposits,Classification,2,2023,1,2022,4,12,22
2022-12-22,Railroad Retirement Taxes,null,2,385,1345,IV,Federal Tax Deposits,Classification,3,2023,1,2022,4,12,22
2022-12-22,Excise Taxes,null,71,3840,17175,IV,Federal Tax Deposits,Classification,4,2023,1,2022,4,12,22
2022-12-22,Corporation Income Taxes,null,375,81831,102129,IV,Federal Tax Deposits,Classification,5,2023,1,2022,4,12,22
2022-12-22,Federal Unemployment Taxes,null,1,29,812,IV,Federal Tax Deposits,Classification,6,2023,1,2022,4,12,22
2022-12-22,Estate and Gift Taxes & Misc IRS Rcpts.,null,3,103,1137,IV,Federal Tax Deposits,Classification,7,2023,1,2022,4,12,22
2022-12-22,Cash Federal Tax Deposits,Direct,273,2638,7290,IV,Federal Tax Deposits,Classification,9,2023,1,2022,4,12,22
2022-12-22,Cash Federal Tax Deposits,Through Depositaries,8246,331397,859619,IV,Federal Tax Deposits,Classification,10,2023,1,2022,4,12,22
2022-12-22,Inter-agency Transfers,null,64,7610,27715,IV,Federal Tax Deposits,Classification,12,2023,1,2022,4,12,22
2022-12-21,Withheld Income and Employment Taxes,null,20389,238584,723261,IV,Federal Tax Deposits,Classification,1,2023,1,2022,4,12,21
2022-12-21,Individual Income Taxes,null,477,8742,40635,IV,Federal Tax Deposits,Classification,2,2023,1,2022,4,12,21
2022-12-21,Railroad Retirement Taxes,null,27,382,1343,IV,Federal Tax Deposits,Classification,3,2023,1,2022,4,12,21
2022-12-21,Excise Taxes,null,68,3769,17104,IV,Federal Tax Deposits,Classification,4,2023,1,2022,4,12,21
2022-12-21,Corporation Income Taxes,null,173,81456,101754,IV,Federal Tax Deposits,Classification,5,2023,1,2022,4,12,21
2022-12-21,Federal Unemployment Taxes,null,2,27,810,IV,Federal Tax Deposits,Classification,6,2023,1,2022,4,12,21
2022-12-21,Estate and Gift Taxes & Misc IRS Rcpts.,null,6,100,1134,IV,Federal Tax Deposits,Classification,7,2023,1,2022,4,12,21
2022-12-21,Cash Federal Tax Deposits,Direct,343,2364,7017,IV,Federal Tax Deposits,Classification,9,2023,1,2022,4,12,21
2022-12-21,Cash Federal Tax Deposits,Through Depositaries,20789,323151,851374,IV,Federal Tax Deposits,Classification,10,2023,1,2022,4,12,21
2022-12-21,Inter-agency Transfers,null,11,7546,27651,IV,Federal Tax Deposits,Classification,12,2023,1,2022,4,12,21
2022-12-20,Withheld Income and Employment Taxes,null,6502,218195,702872,IV,Federal Tax Deposits,Classification,1,2023,1,2022,4,12,20
2022-12-20,Individual Income Taxes,null,494,8265,40158,IV,Federal Tax Deposits,Classification,2,2023,1,2022,4,12,20
2022-12-20,Railroad Retirement Taxes,null,2,355,1315,IV,Federal Tax Deposits,Classification,3,2023,1,2022,4,12,20
2022-12-20,Excise Taxes,null,24,3701,17036,IV,Federal Tax Deposits,Classification,4,2023,1,2022,4,12,20
2022-12-20,Corporation Income Taxes,null,332,81283,101580,IV,Federal Tax Deposits,Classification,5,2023,1,2022,4,12,20
2022-12-20,Federal Unemployment Taxes,null,1,26,808,IV,Federal Tax Deposits,Classification,6,2023,1,2022,4,12,20
2022-12-20,Estate and Gift Taxes & Misc IRS Rcpts.,null,1,94,1128,IV,Federal Tax Deposits,Classification,7,2023,1,2022,4,12,20
2022-12-20,Cash Federal Tax Deposits,Direct,155,2022,6674,IV,Federal Tax Deposits,Classification,9,2023,1,2022,4,12,20
2022-12-20,Cash Federal Tax Deposits,Through Depositaries,7181,302362,830585,IV,Federal Tax Deposits,Classification,10,2023,1,2022,4,12,20
2022-12-20,Inter-agency Transfers,null,20,7535,27640,IV,Federal Tax Deposits,Classification,12,2023,1,2022,4,12,20
2022-12-19,Withheld Income and Employment Taxes,null,27106,211693,696370,IV,Federal Tax Deposits,Classification,1,2023,1,2022,4,12,19
2022-12-19,Individual Income Taxes,null,710,7772,39664,IV,Federal Tax Deposits,Classification,2,2023,1,2022,4,12,19
2022-12-19,Railroad Retirement Taxes,null,37,354,1314,IV,Federal Tax Deposits,Classification,3,2023,1,2022,4,12,19
2022-12-19,Excise Taxes,null,37,3677,17012,IV,Federal Tax Deposits,Classification,4,2023,1,2022,4,12,19
2022-12-19,Corporation Income Taxes,null,559,80951,101248,IV,Federal Tax Deposits,Classification,5,2023,1,2022,4,12,19
2022-12-19,Federal Unemployment Taxes,null,2,24,807,IV,Federal Tax Deposits,Classification,6,2023,1,2022,4,12,19
2022-12-19,Estate and Gift Taxes & Misc IRS Rcpts.,null,3,93,1128,IV,Federal Tax Deposits,Classification,7,2023,1,2022,4,12,19
2022-12-19,Cash Federal Tax Deposits,Direct,344,1867,6519,IV,Federal Tax Deposits,Classification,9,2023,1,2022,4,12,19
2022-12-19,Cash Federal Tax Deposits,Through Depositaries,28065,295181,823404,IV,Federal Tax Deposits,Classification,10,2023,1,2022,4,12,19
2022-12-19,Inter-agency Transfers,null,46,7515,27620,IV,Federal Tax Deposits,Classification,12,2023,1,2022,4,12,19
2022-12-16,Withheld Income and Employment Taxes,null,26832,184586,669263,IV,Federal Tax Deposits,Classification,1,2023,1,2022,4,12,16
2022-12-16,Individual Income Taxes,null,529,7062,38954,IV,Federal Tax Deposits,Classification,2,2023,1,2022,4,12,16
2022-12-16,Railroad Retirement Taxes,null,60,316,1276,IV,Federal Tax Deposits,Classification,3,2023,1,2022,4,12,16
2022-12-16,Excise Taxes,null,17,3640,16976,IV,Federal Tax Deposits,Classification,4,2023,1,2022,4,12,16
2022-12-16,Corporation Income Taxes,null,1966,80391,100689,IV,Federal Tax Deposits,Classification,5,2023,1,2022,4,12,16
2022-12-16,Federal Unemployment Taxes,null,5,22,805,IV,Federal Tax Deposits,Classification,6,2023,1,2022,4,12,16
2022-12-16,Estate and Gift Taxes & Misc IRS Rcpts.,null,2,91,1125,IV,Federal Tax Deposits,Classification,7,2023,1,2022,4,12,16
2022-12-16,Cash Federal Tax Deposits,Direct,105,1523,6175,IV,Federal Tax Deposits,Classification,9,2023,1,2022,4,12,16
2022-12-16,Cash Federal Tax Deposits,Through Depositaries,29281,267117,795339,IV,Federal Tax Deposits,Classification,10,2023,1,2022,4,12,16
2022-12-16,Inter-agency Transfers,null,24,7469,27574,IV,Federal Tax Deposits,Classification,12,2023,1,2022,4,12,16
2022-12-15,Withheld Income and Employment Taxes,null,28015,157754,642431,IV,Federal Tax Deposits,Classification,1,2023,1,2022,4,12,15
2022-12-15,Individual Income Taxes,null,884,6533,38426,IV,Federal Tax Deposits,Classification,2,2023,1,2022,4,12,15
2022-12-15,Railroad Retirement Taxes,null,4,257,1217,IV,Federal Tax Deposits,Classification,3,2023,1,2022,4,12,15
2022-12-15,Excise Taxes,null,141,3623,16958,IV,Federal Tax Deposits,Classification,4,2023,1,2022,4,12,15
2022-12-15,Corporation Income Taxes,null,46111,78425,98723,IV,Federal Tax Deposits,Classification,5,2023,1,2022,4,12,15
2022-12-15,Federal Unemployment Taxes,null,2,18,800,IV,Federal Tax Deposits,Classification,6,2023,1,2022,4,12,15
2022-12-15,Estate and Gift Taxes & Misc IRS Rcpts.,null,-1126,88,1123,IV,Federal Tax Deposits,Classification,7,2023,1,2022,4,12,15
2022-12-15,Cash Federal Tax Deposits,Direct,-876,1418,6071,IV,Federal Tax Deposits,Classification,9,2023,1,2022,4,12,15
2022-12-15,Cash Federal Tax Deposits,Through Depositaries,74640,237836,766058,IV,Federal Tax Deposits,Classification,10,2023,1,2022,4,12,15
2022-12-15,Inter-agency Transfers,null,266,7444,27549,IV,Federal Tax Deposits,Classification,12,2023,1,2022,4,12,15
2022-12-14,Withheld Income and Employment Taxes,null,12735,129739,614416,IV,Federal Tax Deposits,Classification,1,2023,1,2022,4,12,14
2022-12-14,Individual Income Taxes,null,744,5649,37541,IV,Federal Tax Deposits,Classification,2,2023,1,2022,4,12,14
2022-12-14,Railroad Retirement Taxes,null,6,253,1213,IV,Federal Tax Deposits,Classification,3,2023,1,2022,4,12,14
2022-12-14,Excise Taxes,null,2094,3483,16818,IV,Federal Tax Deposits,Classification,4,2023,1,2022,4,12,14
2022-12-14,Corporation Income Taxes,null,18889,32315,52612,IV,Federal Tax Deposits,Classification,5,2023,1,2022,4,12,14
2022-12-14,Federal Unemployment Taxes,null,1,16,798,IV,Federal Tax Deposits,Classification,6,2023,1,2022,4,12,14
2022-12-14,Estate and Gift Taxes & Misc IRS Rcpts.,null,1132,1215,2249,IV,Federal Tax Deposits,Classification,7,2023,1,2022,4,12,14
2022-12-14,Cash Federal Tax Deposits,Direct,1712,2294,6947,IV,Federal Tax Deposits,Classification,9,2023,1,2022,4,12,14
2022-12-14,Cash Federal Tax Deposits,Through Depositaries,33782,163196,691418,IV,Federal Tax Deposits,Classification,10,2023,1,2022,4,12,14
2022-12-14,Inter-agency Transfers,null,108,7178,27284,IV,Federal Tax Deposits,Classification,12,2023,1,2022,4,12,14
2022-12-13,Withheld Income and Employment Taxes,null,3883,117004,601681,IV,Federal Tax Deposits,Classification,1,2023,1,2022,4,12,13
2022-12-13,Individual Income Taxes,null,1330,4904,36797,IV,Federal Tax Deposits,Classification,2,2023,1,2022,4,12,13
2022-12-13,Railroad Retirement Taxes,null,45,247,1208,IV,Federal Tax Deposits,Classification,3,2023,1,2022,4,12,13
2022-12-13,Excise Taxes,null,538,1388,14723,IV,Federal Tax Deposits,Classification,4,2023,1,2022,4,12,13
2022-12-13,Corporation Income Taxes,null,5778,13425,33723,IV,Federal Tax Deposits,Classification,5,2023,1,2022,4,12,13
2022-12-13,Federal Unemployment Taxes,null,5,14,797,IV,Federal Tax Deposits,Classification,6,2023,1,2022,4,12,13
2022-12-13,Estate and Gift Taxes & Misc IRS Rcpts.,null,1,83,1117,IV,Federal Tax Deposits,Classification,7,2023,1,2022,4,12,13
2022-12-13,Cash Federal Tax Deposits,Direct,161,582,5234,IV,Federal Tax Deposits,Classification,9,2023,1,2022,4,12,13
2022-12-13,Cash Federal Tax Deposits,Through Depositaries,11085,129414,657636,IV,Federal Tax Deposits,Classification,10,2023,1,2022,4,12,13
2022-12-13,Inter-agency Transfers,null,333,7070,27176,IV,Federal Tax Deposits,Classification,12,2023,1,2022,4,12,13
2022-12-12,Withheld Income and Employment Taxes,null,25365,113121,597798,IV,Federal Tax Deposits,Classification,1,2023,1,2022,4,12,12
2022-12-12,Individual Income Taxes,null,820,3575,35468,IV,Federal Tax Deposits,Classification,2,2023,1,2022,4,12,12
2022-12-12,Railroad Retirement Taxes,null,77,202,1162,IV,Federal Tax Deposits,Classification,3,2023,1,2022,4,12,12
2022-12-12,Excise Taxes,null,550,851,14186,IV,Federal Tax Deposits,Classification,4,2023,1,2022,4,12,12
2022-12-12,Corporation Income Taxes,null,3482,7647,27945,IV,Federal Tax Deposits,Classification,5,2023,1,2022,4,12,12
2022-12-12,Federal Unemployment Taxes,null,1,9,792,IV,Federal Tax Deposits,Classification,6,2023,1,2022,4,12,12
2022-12-12,Estate and Gift Taxes & Misc IRS Rcpts.,null,2,82,1116,IV,Federal Tax Deposits,Classification,7,2023,1,2022,4,12,12
2022-12-12,Cash Federal Tax Deposits,Direct,91,421,5073,IV,Federal Tax Deposits,Classification,9,2023,1,2022,4,12,12
2022-12-12,Cash Federal Tax Deposits,Through Depositaries,29336,118329,646551,IV,Federal Tax Deposits,Classification,10,2023,1,2022,4,12,12
2022-12-12,Inter-agency Transfers,null,869,6737,26842,IV,Federal Tax Deposits,Classification,12,2023,1,2022,4,12,12
2022-12-09,Withheld Income and Employment Taxes,null,12501,87756,572433,IV,Federal Tax Deposits,Classification,1,2023,1,2022,4,12,09
2022-12-09,Individual Income Taxes,null,327,2755,34648,IV,Federal Tax Deposits,Classification,2,2023,1,2022,4,12,09
2022-12-09,Railroad Retirement Taxes,null,49,125,1085,IV,Federal Tax Deposits,Classification,3,2023,1,2022,4,12,09
2022-12-09,Excise Taxes,null,153,301,13636,IV,Federal Tax Deposits,Classification,4,2023,1,2022,4,12,09
2022-12-09,Corporation Income Taxes,null,1866,4166,24463,IV,Federal Tax Deposits,Classification,5,2023,1,2022,4,12,09
2022-12-09,Federal Unemployment Taxes,null,1,8,791,IV,Federal Tax Deposits,Classification,6,2023,1,2022,4,12,09
2022-12-09,Estate and Gift Taxes & Misc IRS Rcpts.,null,9,80,1115,IV,Federal Tax Deposits,Classification,7,2023,1,2022,4,12,09
2022-12-09,Cash Federal Tax Deposits,Direct,68,330,4982,IV,Federal Tax Deposits,Classification,9,2023,1,2022,4,12,09
2022-12-09,Cash Federal Tax Deposits,Through Depositaries,12808,88992,617215,IV,Federal Tax Deposits,Classification,10,2023,1,2022,4,12,09
2022-12-09,Inter-agency Transfers,null,2031,5868,25974,IV,Federal Tax Deposits,Classification,12,2023,1,2022,4,12,09
2022-12-08,Withheld Income and Employment Taxes,null,4091,75256,559933,IV,Federal Tax Deposits,Classification,1,2023,1,2022,4,12,08
2022-12-08,Individual Income Taxes,null,338,2427,34320,IV,Federal Tax Deposits,Classification,2,2023,1,2022,4,12,08
2022-12-08,Railroad Retirement Taxes,null,1,76,1036,IV,Federal Tax Deposits,Classification,3,2023,1,2022,4,12,08
2022-12-08,Excise Taxes,null,52,148,13483,IV,Federal Tax Deposits,Classification,4,2023,1,2022,4,12,08
2022-12-08,Corporation Income Taxes,null,736,2299,22597,IV,Federal Tax Deposits,Classification,5,2023,1,2022,4,12,08
2022-12-08,Federal Unemployment Taxes,null,1,7,789,IV,Federal Tax Deposits,Classification,6,2023,1,2022,4,12,08
2022-12-08,Estate and Gift Taxes & Misc IRS Rcpts.,null,5,71,1106,IV,Federal Tax Deposits,Classification,7,2023,1,2022,4,12,08
2022-12-08,Cash Federal Tax Deposits,Direct,110,262,4915,IV,Federal Tax Deposits,Classification,9,2023,1,2022,4,12,08
2022-12-08,Cash Federal Tax Deposits,Through Depositaries,5105,76184,604406,IV,Federal Tax Deposits,Classification,10,2023,1,2022,4,12,08
2022-12-08,Inter-agency Transfers,null,8,3837,23943,IV,Federal Tax Deposits,Classification,12,2023,1,2022,4,12,08
2022-12-07,Withheld Income and Employment Taxes,null,12764,71164,555842,IV,Federal Tax Deposits,Classification,1,2023,1,2022,4,12,07
2022-12-07,Individual Income Taxes,null,370,2089,33982,IV,Federal Tax Deposits,Classification,2,2023,1,2022,4,12,07
2022-12-07,Railroad Retirement Taxes,null,4,75,1035,IV,Federal Tax Deposits,Classification,3,2023,1,2022,4,12,07
2022-12-07,Excise Taxes,null,31,96,13431,IV,Federal Tax Deposits,Classification,4,2023,1,2022,4,12,07
2022-12-07,Corporation Income Taxes,null,731,1564,21861,IV,Federal Tax Deposits,Classification,5,2023,1,2022,4,12,07
2022-12-07,Federal Unemployment Taxes,null,1,6,789,IV,Federal Tax Deposits,Classification,6,2023,1,2022,4,12,07
2022-12-07,Estate and Gift Taxes & Misc IRS Rcpts.,null,5,66,1101,IV,Federal Tax Deposits,Classification,7,2023,1,2022,4,12,07
2022-12-07,Cash Federal Tax Deposits,Direct,44,152,4805,IV,Federal Tax Deposits,Classification,9,2023,1,2022,4,12,07
2022-12-07,Cash Federal Tax Deposits,Through Depositaries,13850,71079,599301,IV,Federal Tax Deposits,Classification,10,2023,1,2022,4,12,07
2022-12-07,Inter-agency Transfers,null,11,3829,23934,IV,Federal Tax Deposits,Classification,12,2023,1,2022,4,12,07
2022-12-06,Withheld Income and Employment Taxes,null,3972,58401,543078,IV,Federal Tax Deposits,Classification,1,2023,1,2022,4,12,06
2022-12-06,Individual Income Taxes,null,401,1720,33613,IV,Federal Tax Deposits,Classification,2,2023,1,2022,4,12,06
2022-12-06,Railroad Retirement Taxes,null,6,70,1031,IV,Federal Tax Deposits,Classification,3,2023,1,2022,4,12,06
2022-12-06,Excise Taxes,null,17,65,13400,IV,Federal Tax Deposits,Classification,4,2023,1,2022,4,12,06
2022-12-06,Corporation Income Taxes,null,451,833,21130,IV,Federal Tax Deposits,Classification,5,2023,1,2022,4,12,06
2022-12-06,Federal Unemployment Taxes,null,1,5,788,IV,Federal Tax Deposits,Classification,6,2023,1,2022,4,12,06
2022-12-06,Estate and Gift Taxes & Misc IRS Rcpts.,null,3,61,1095,IV,Federal Tax Deposits,Classification,7,2023,1,2022,4,12,06
2022-12-06,Cash Federal Tax Deposits,Direct,-7,109,4761,IV,Federal Tax Deposits,Classification,9,2023,1,2022,4,12,06
2022-12-06,Cash Federal Tax Deposits,Through Depositaries,4775,57228,585451,IV,Federal Tax Deposits,Classification,10,2023,1,2022,4,12,06
2022-12-06,Inter-agency Transfers,null,84,3818,23923,IV,Federal Tax Deposits,Classification,12,2023,1,2022,4,12,06
2022-12-05,Withheld Income and Employment Taxes,null,19032,54428,539105,IV,Federal Tax Deposits,Classification,1,2023,1,2022,4,12,05
2022-12-05,Individual Income Taxes,null,561,1319,33212,IV,Federal Tax Deposits,Classification,2,2023,1,2022,4,12,05
2022-12-05,Railroad Retirement Taxes,null,29,64,1025,IV,Federal Tax Deposits,Classification,3,2023,1,2022,4,12,05
2022-12-05,Excise Taxes,null,23,48,13383,IV,Federal Tax Deposits,Classification,4,2023,1,2022,4,12,05
2022-12-05,Corporation Income Taxes,null,167,382,20679,IV,Federal Tax Deposits,Classification,5,2023,1,2022,4,12,05
2022-12-05,Federal Unemployment Taxes,null,2,4,787,IV,Federal Tax Deposits,Classification,6,2023,1,2022,4,12,05
2022-12-05,Estate and Gift Taxes & Misc IRS Rcpts.,null,32,57,1092,IV,Federal Tax Deposits,Classification,7,2023,1,2022,4,12,05
2022-12-05,Cash Federal Tax Deposits,Direct,38,116,4768,IV,Federal Tax Deposits,Classification,9,2023,1,2022,4,12,05
2022-12-05,Cash Federal Tax Deposits,Through Depositaries,19784,52454,580676,IV,Federal Tax Deposits,Classification,10,2023,1,2022,4,12,05
2022-12-05,Inter-agency Transfers,null,23,3733,23838,IV,Federal Tax Deposits,Classification,12,2023,1,2022,4,12,05
2022-12-02,Withheld Income and Employment Taxes,null,14283,35396,520073,IV,Federal Tax Deposits,Classification,1,2023,1,2022,4,12,02
2022-12-02,Individual Income Taxes,null,343,758,32651,IV,Federal Tax Deposits,Classification,2,2023,1,2022,4,12,02
2022-12-02,Railroad Retirement Taxes,null,19,35,996,IV,Federal Tax Deposits,Classification,3,2023,1,2022,4,12,02
2022-12-02,Excise Taxes,null,11,25,13360,IV,Federal Tax Deposits,Classification,4,2023,1,2022,4,12,02
2022-12-02,Corporation Income Taxes,null,121,214,20512,IV,Federal Tax Deposits,Classification,5,2023,1,2022,4,12,02
2022-12-02,Federal Unemployment Taxes,null,1,3,785,IV,Federal Tax Deposits,Classification,6,2023,1,2022,4,12,02
2022-12-02,Estate and Gift Taxes & Misc IRS Rcpts.,null,21,25,1060,IV,Federal Tax Deposits,Classification,7,2023,1,2022,4,12,02
2022-12-02,Cash Federal Tax Deposits,Direct,35,78,4730,IV,Federal Tax Deposits,Classification,9,2023,1,2022,4,12,02
2022-12-02,Cash Federal Tax Deposits,Through Depositaries,12229,32669,560892,IV,Federal Tax Deposits,Classification,10,2023,1,2022,4,12,02
2022-12-02,Inter-agency Transfers,null,2537,3710,23816,IV,Federal Tax Deposits,Classification,12,2023,1,2022,4,12,02
2022-12-01,Withheld Income and Employment Taxes,null,21113,21113,505790,IV,Federal Tax Deposits,Classification,1,2023,1,2022,4,12,01
2022-12-01,Individual Income Taxes,null,415,415,32308,IV,Federal Tax Deposits,Classification,2,2023,1,2022,4,12,01
2022-12-01,Railroad Retirement Taxes,null,16,16,976,IV,Federal Tax Deposits,Classification,3,2023,1,2022,4,12,01
2022-12-01,Excise Taxes,null,14,14,13349,IV,Federal Tax Deposits,Classification,4,2023,1,2022,4,12,01
2022-12-01,Corporation Income Taxes,null,93,93,20391,IV,Federal Tax Deposits,Classification,5,2023,1,2022,4,12,01
2022-12-01,Federal Unemployment Taxes,null,1,1,784,IV,Federal Tax Deposits,Classification,6,2023,1,2022,4,12,01
2022-12-01,Estate and Gift Taxes & Misc IRS Rcpts.,null,4,4,1039,IV,Federal Tax Deposits,Classification,7,2023,1,2022,4,12,01
2022-12-01,Cash Federal Tax Deposits,Direct,43,43,4695,IV,Federal Tax Deposits,Classification,9,2023,1,2022,4,12,01
2022-12-01,Cash Federal Tax Deposits,Through Depositaries,20441,20441,548663,IV,Federal Tax Deposits,Classification,10,2023,1,2022,4,12,01
2022-12-01,Inter-agency Transfers,null,1173,1173,21278,IV,Federal Tax Deposits,Classification,12,2023,1,2022,4,12,01
2022-11-30,Corporation Income Taxes,null,201,6302,20297,IV,Federal Tax Deposits,Classification,5,2023,1,2022,4,11,30
2022-11-30,Withheld Income and Employment Taxes,null,11730,237466,484677,IV,Federal Tax Deposits,Classification,1,2023,1,2022,4,11,30
2022-11-30,Individual Income Taxes,null,340,7091,31893,IV,Federal Tax Deposits,Classification,2,2023,1,2022,4,11,30
2022-11-30,Railroad Retirement Taxes,null,14,476,960,IV,Federal Tax Deposits,Classification,3,2023,1,2022,4,11,30
2022-11-30,Excise Taxes,null,36,7695,13335,IV,Federal Tax Deposits,Classification,4,2023,1,2022,4,11,30
2022-11-30,Federal Unemployment Taxes,null,1,35,783,IV,Federal Tax Deposits,Classification,6,2023,1,2022,4,11,30
2022-11-30,Estate and Gift Taxes & Misc IRS Rcpts.,null,10,811,1035,IV,Federal Tax Deposits,Classification,7,2023,1,2022,4,11,30
2022-11-30,Cash Federal Tax Deposits,Direct,98,2761,4652,IV,Federal Tax Deposits,Classification,9,2023,1,2022,4,11,30
2022-11-30,Cash Federal Tax Deposits,Through Depositaries,11838,247235,528222,IV,Federal Tax Deposits,Classification,10,2023,1,2022,4,11,30
2022-11-30,Inter-agency Transfers,null,395,9881,20105,IV,Federal Tax Deposits,Classification,12,2023,1,2022,4,11,30
2022-11-29,Withheld Income and Employment Taxes,null,2617,225737,472948,IV,Federal Tax Deposits,Classification,1,2023,1,2022,4,11,29
2022-11-29,Individual Income Taxes,null,350,6751,31553,IV,Federal Tax Deposits,Classification,2,2023,1,2022,4,11,29
2022-11-29,Railroad Retirement Taxes,null,5,462,946,IV,Federal Tax Deposits,Classification,3,2023,1,2022,4,11,29
2022-11-29,Excise Taxes,null,2147,7660,13300,IV,Federal Tax Deposits,Classification,4,2023,1,2022,4,11,29
2022-11-29,Corporation Income Taxes,null,345,6101,20096,IV,Federal Tax Deposits,Classification,5,2023,1,2022,4,11,29
2022-11-29,Federal Unemployment Taxes,null,1,34,781,IV,Federal Tax Deposits,Classification,6,2023,1,2022,4,11,29
2022-11-29,Estate and Gift Taxes & Misc IRS Rcpts.,null,1,801,1025,IV,Federal Tax Deposits,Classification,7,2023,1,2022,4,11,29
2022-11-29,Cash Federal Tax Deposits,Direct,651,2663,4555,IV,Federal Tax Deposits,Classification,9,2023,1,2022,4,11,29
2022-11-29,Cash Federal Tax Deposits,Through Depositaries,4814,235397,516384,IV,Federal Tax Deposits,Classification,10,2023,1,2022,4,11,29
2022-11-29,Inter-agency Transfers,null,1,9486,19710,IV,Federal Tax Deposits,Classification,12,2023,1,2022,4,11,29
2022-11-28,Withheld Income and Employment Taxes,null,20496,223119,470330,IV,Federal Tax Deposits,Classification,1,2023,1,2022,4,11,28
2022-11-28,Individual Income Taxes,null,522,6401,31203,IV,Federal Tax Deposits,Classification,2,2023,1,2022,4,11,28
2022-11-28,Railroad Retirement Taxes,null,27,457,941,IV,Federal Tax Deposits,Classification,3,2023,1,2022,4,11,28
2022-11-28,Excise Taxes,null,706,5513,11153,IV,Federal Tax Deposits,Classification,4,2023,1,2022,4,11,28
2022-11-28,Corporation Income Taxes,null,24,5756,19752,IV,Federal Tax Deposits,Classification,5,2023,1,2022,4,11,28
2022-11-28,Federal Unemployment Taxes,null,1,33,780,IV,Federal Tax Deposits,Classification,6,2023,1,2022,4,11,28
2022-11-28,Estate and Gift Taxes & Misc IRS Rcpts.,null,1,800,1024,IV,Federal Tax Deposits,Classification,7,2023,1,2022,4,11,28
2022-11-28,Cash Federal Tax Deposits,Direct,124,2012,3903,IV,Federal Tax Deposits,Classification,9,2023,1,2022,4,11,28
2022-11-28,Cash Federal Tax Deposits,Through Depositaries,20937,230583,511570,IV,Federal Tax Deposits,Classification,10,2023,1,2022,4,11,28
2022-11-28,Inter-agency Transfers,null,716,9485,19709,IV,Federal Tax Deposits,Classification,12,2023,1,2022,4,11,28
2022-11-25,Withheld Income and Employment Taxes,null,11804,202624,449834,IV,Federal Tax Deposits,Classification,1,2023,1,2022,4,11,25
2022-11-25,Individual Income Taxes,null,289,5879,30681,IV,Federal Tax Deposits,Classification,2,2023,1,2022,4,11,25
2022-11-25,Railroad Retirement Taxes,null,92,430,915,IV,Federal Tax Deposits,Classification,3,2023,1,2022,4,11,25
2022-11-25,Excise Taxes,null,213,4807,10446,IV,Federal Tax Deposits,Classification,4,2023,1,2022,4,11,25
2022-11-25,Corporation Income Taxes,null,86,5732,19728,IV,Federal Tax Deposits,Classification,5,2023,1,2022,4,11,25
2022-11-25,Federal Unemployment Taxes,null,-6,32,779,IV,Federal Tax Deposits,Classification,6,2023,1,2022,4,11,25
2022-11-25,Estate and Gift Taxes & Misc IRS Rcpts.,null,2,799,1023,IV,Federal Tax Deposits,Classification,7,2023,1,2022,4,11,25
2022-11-25,Cash Federal Tax Deposits,Direct,119,1887,3779,IV,Federal Tax Deposits,Classification,9,2023,1,2022,4,11,25
2022-11-25,Cash Federal Tax Deposits,Through Depositaries,11070,209646,490633,IV,Federal Tax Deposits,Classification,10,2023,1,2022,4,11,25
2022-11-25,Inter-agency Transfers,null,1291,8769,18993,IV,Federal Tax Deposits,Classification,12,2023,1,2022,4,11,25
2022-11-23,Withheld Income and Employment Taxes,null,12060,190819,438030,IV,Federal Tax Deposits,Classification,1,2023,1,2022,4,11,23
2022-11-23,Individual Income Taxes,null,293,5591,30392,IV,Federal Tax Deposits,Classification,2,2023,1,2022,4,11,23
2022-11-23,Railroad Retirement Taxes,null,4,339,823,IV,Federal Tax Deposits,Classification,3,2023,1,2022,4,11,23
2022-11-23,Excise Taxes,null,210,4593,10233,IV,Federal Tax Deposits,Classification,4,2023,1,2022,4,11,23
2022-11-23,Corporation Income Taxes,null,64,5646,19641,IV,Federal Tax Deposits,Classification,5,2023,1,2022,4,11,23
2022-11-23,Federal Unemployment Taxes,null,10,37,785,IV,Federal Tax Deposits,Classification,6,2023,1,2022,4,11,23
2022-11-23,Estate and Gift Taxes & Misc IRS Rcpts.,null,11,797,1021,IV,Federal Tax Deposits,Classification,7,2023,1,2022,4,11,23
2022-11-23,Cash Federal Tax Deposits,Direct,67,1769,3660,IV,Federal Tax Deposits,Classification,9,2023,1,2022,4,11,23
2022-11-23,Cash Federal Tax Deposits,Through Depositaries,12572,198576,479563,IV,Federal Tax Deposits,Classification,10,2023,1,2022,4,11,23
2022-11-23,Inter-agency Transfers,null,11,7478,17702,IV,Federal Tax Deposits,Classification,12,2023,1,2022,4,11,23
2022-11-22,Withheld Income and Employment Taxes,null,3362,178760,425970,IV,Federal Tax Deposits,Classification,1,2023,1,2022,4,11,22
2022-11-22,Individual Income Taxes,null,306,5298,30100,IV,Federal Tax Deposits,Classification,2,2023,1,2022,4,11,22
2022-11-22,Railroad Retirement Taxes,null,2,335,819,IV,Federal Tax Deposits,Classification,3,2023,1,2022,4,11,22
2022-11-22,Excise Taxes,null,59,4384,10024,IV,Federal Tax Deposits,Classification,4,2023,1,2022,4,11,22
2022-11-22,Corporation Income Taxes,null,67,5582,19577,IV,Federal Tax Deposits,Classification,5,2023,1,2022,4,11,22
2022-11-22,Federal Unemployment Taxes,null,1,28,775,IV,Federal Tax Deposits,Classification,6,2023,1,2022,4,11,22
2022-11-22,Estate and Gift Taxes & Misc IRS Rcpts.,null,6,787,1010,IV,Federal Tax Deposits,Classification,7,2023,1,2022,4,11,22
2022-11-22,Cash Federal Tax Deposits,Direct,61,1702,3593,IV,Federal Tax Deposits,Classification,9,2023,1,2022,4,11,22
2022-11-22,Cash Federal Tax Deposits,Through Depositaries,3718,186005,466991,IV,Federal Tax Deposits,Classification,10,2023,1,2022,4,11,22
2022-11-22,Inter-agency Transfers,null,23,7467,17691,IV,Federal Tax Deposits,Classification,12,2023,1,2022,4,11,22
2022-11-21,Withheld Income and Employment Taxes,null,19122,175398,422608,IV,Federal Tax Deposits,Classification,1,2023,1,2022,4,11,21
2022-11-21,Individual Income Taxes,null,480,4992,29794,IV,Federal Tax Deposits,Classification,2,2023,1,2022,4,11,21
2022-11-21,Railroad Retirement Taxes,null,60,333,817,IV,Federal Tax Deposits,Classification,3,2023,1,2022,4,11,21
2022-11-21,Excise Taxes,null,34,4325,9964,IV,Federal Tax Deposits,Classification,4,2023,1,2022,4,11,21
2022-11-21,Corporation Income Taxes,null,97,5516,19511,IV,Federal Tax Deposits,Classification,5,2023,1,2022,4,11,21
2022-11-21,Federal Unemployment Taxes,null,1,27,774,IV,Federal Tax Deposits,Classification,6,2023,1,2022,4,11,21
2022-11-21,Estate and Gift Taxes & Misc IRS Rcpts.,null,40,781,1005,IV,Federal Tax Deposits,Classification,7,2023,1,2022,4,11,21
2022-11-21,Cash Federal Tax Deposits,Direct,24,1640,3532,IV,Federal Tax Deposits,Classification,9,2023,1,2022,4,11,21
2022-11-21,Cash Federal Tax Deposits,Through Depositaries,19786,182287,463273,IV,Federal Tax Deposits,Classification,10,2023,1,2022,4,11,21
2022-11-21,Inter-agency Transfers,null,25,7444,17668,IV,Federal Tax Deposits,Classification,12,2023,1,2022,4,11,21
2022-11-18,Withheld Income and Employment Taxes,null,10137,156276,403487,IV,Federal Tax Deposits,Classification,1,2023,1,2022,4,11,18
2022-11-18,Individual Income Taxes,null,315,4512,29313,IV,Federal Tax Deposits,Classification,2,2023,1,2022,4,11,18
2022-11-18,Railroad Retirement Taxes,null,15,273,757,IV,Federal Tax Deposits,Classification,3,2023,1,2022,4,11,18
2022-11-18,Excise Taxes,null,30,4290,9930,IV,Federal Tax Deposits,Classification,4,2023,1,2022,4,11,18
2022-11-18,Corporation Income Taxes,null,328,5418,19413,IV,Federal Tax Deposits,Classification,5,2023,1,2022,4,11,18
2022-11-18,Federal Unemployment Taxes,null,2,25,773,IV,Federal Tax Deposits,Classification,6,2023,1,2022,4,11,18
2022-11-18,Estate and Gift Taxes & Misc IRS Rcpts.,null,17,741,965,IV,Federal Tax Deposits,Classification,7,2023,1,2022,4,11,18
2022-11-18,Cash Federal Tax Deposits,Direct,38,1616,3508,IV,Federal Tax Deposits,Classification,9,2023,1,2022,4,11,18
2022-11-18,Cash Federal Tax Deposits,Through Depositaries,10788,162500,443487,IV,Federal Tax Deposits,Classification,10,2023,1,2022,4,11,18
2022-11-18,Inter-agency Transfers,null,17,7419,17643,IV,Federal Tax Deposits,Classification,12,2023,1,2022,4,11,18
2022-11-17,Withheld Income and Employment Taxes,null,4723,146139,393349,IV,Federal Tax Deposits,Classification,1,2023,1,2022,4,11,17
2022-11-17,Individual Income Taxes,null,319,4197,28999,IV,Federal Tax Deposits,Classification,2,2023,1,2022,4,11,17
2022-11-17,Railroad Retirement Taxes,null,1,258,742,IV,Federal Tax Deposits,Classification,3,2023,1,2022,4,11,17
2022-11-17,Excise Taxes,null,20,4261,9900,IV,Federal Tax Deposits,Classification,4,2023,1,2022,4,11,17
2022-11-17,Corporation Income Taxes,null,71,5091,19086,IV,Federal Tax Deposits,Classification,5,2023,1,2022,4,11,17
2022-11-17,Federal Unemployment Taxes,null,1,24,771,IV,Federal Tax Deposits,Classification,6,2023,1,2022,4,11,17
2022-11-17,Estate and Gift Taxes & Misc IRS Rcpts.,null,13,725,948,IV,Federal Tax Deposits,Classification,7,2023,1,2022,4,11,17
2022-11-17,Cash Federal Tax Deposits,Direct,71,1579,3470,IV,Federal Tax Deposits,Classification,9,2023,1,2022,4,11,17
2022-11-17,Cash Federal Tax Deposits,Through Depositaries,4795,151712,432699,IV,Federal Tax Deposits,Classification,10,2023,1,2022,4,11,17
2022-11-17,Inter-agency Transfers,null,280,7402,17626,IV,Federal Tax Deposits,Classification,12,2023,1,2022,4,11,17
2022-11-16,Withheld Income and Employment Taxes,null,21813,141416,388627,IV,Federal Tax Deposits,Classification,1,2023,1,2022,4,11,16
2022-11-16,Individual Income Taxes,null,353,3879,28680,IV,Federal Tax Deposits,Classification,2,2023,1,2022,4,11,16
2022-11-16,Railroad Retirement Taxes,null,11,257,741,IV,Federal Tax Deposits,Classification,3,2023,1,2022,4,11,16
2022-11-16,Excise Taxes,null,31,4241,9881,IV,Federal Tax Deposits,Classification,4,2023,1,2022,4,11,16
2022-11-16,Corporation Income Taxes,null,124,5020,19015,IV,Federal Tax Deposits,Classification,5,2023,1,2022,4,11,16
2022-11-16,Federal Unemployment Taxes,null,1,23,770,IV,Federal Tax Deposits,Classification,6,2023,1,2022,4,11,16
2022-11-16,Estate and Gift Taxes & Misc IRS Rcpts.,null,7,712,936,IV,Federal Tax Deposits,Classification,7,2023,1,2022,4,11,16
2022-11-16,Cash Federal Tax Deposits,Direct,98,1507,3399,IV,Federal Tax Deposits,Classification,9,2023,1,2022,4,11,16
2022-11-16,Cash Federal Tax Deposits,Through Depositaries,21968,146918,427905,IV,Federal Tax Deposits,Classification,10,2023,1,2022,4,11,16
2022-11-16,Inter-agency Transfers,null,274,7123,17346,IV,Federal Tax Deposits,Classification,12,2023,1,2022,4,11,16
2022-11-15,Withheld Income and Employment Taxes,null,6431,119604,366814,IV,Federal Tax Deposits,Classification,1,2023,1,2022,4,11,15
2022-11-15,Individual Income Taxes,null,531,3526,28327,IV,Federal Tax Deposits,Classification,2,2023,1,2022,4,11,15
2022-11-15,Railroad Retirement Taxes,null,6,246,730,IV,Federal Tax Deposits,Classification,3,2023,1,2022,4,11,15
2022-11-15,Excise Taxes,null,345,4210,9849,IV,Federal Tax Deposits,Classification,4,2023,1,2022,4,11,15
2022-11-15,Corporation Income Taxes,null,2073,4896,18891,IV,Federal Tax Deposits,Classification,5,2023,1,2022,4,11,15
2022-11-15,Federal Unemployment Taxes,null,3,22,769,IV,Federal Tax Deposits,Classification,6,2023,1,2022,4,11,15
2022-11-15,Estate and Gift Taxes & Misc IRS Rcpts.,null,54,705,929,IV,Federal Tax Deposits,Classification,7,2023,1,2022,4,11,15
2022-11-15,Cash Federal Tax Deposits,Direct,36,1409,3301,IV,Federal Tax Deposits,Classification,9,2023,1,2022,4,11,15
2022-11-15,Cash Federal Tax Deposits,Through Depositaries,9384,124950,405937,IV,Federal Tax Deposits,Classification,10,2023,1,2022,4,11,15
2022-11-15,Inter-agency Transfers,null,22,6849,17072,IV,Federal Tax Deposits,Classification,12,2023,1,2022,4,11,15
2022-11-14,Corporation Income Taxes,null,1875,2823,16818,IV,Federal Tax Deposits,Classification,5,2023,1,2022,4,11,14
2022-11-14,Federal Unemployment Taxes,null,2,19,766,IV,Federal Tax Deposits,Classification,6,2023,1,2022,4,11,14
2022-11-14,Withheld Income and Employment Taxes,null,26848,113173,360383,IV,Federal Tax Deposits,Classification,1,2023,1,2022,4,11,14
2022-11-14,Individual Income Taxes,null,554,2995,27797,IV,Federal Tax Deposits,Classification,2,2023,1,2022,4,11,14
2022-11-14,Railroad Retirement Taxes,null,88,240,724,IV,Federal Tax Deposits,Classification,3,2023,1,2022,4,11,14
2022-11-14,Excise Taxes,null,2379,3865,9504,IV,Federal Tax Deposits,Classification,4,2023,1,2022,4,11,14
2022-11-14,Estate and Gift Taxes & Misc IRS Rcpts.,null,1,651,875,IV,Federal Tax Deposits,Classification,7,2023,1,2022,4,11,14
2022-11-14,Cash Federal Tax Deposits,Direct,595,1373,3264,IV,Federal Tax Deposits,Classification,9,2023,1,2022,4,11,14
2022-11-14,Cash Federal Tax Deposits,Through Depositaries,30463,115566,396553,IV,Federal Tax Deposits,Classification,10,2023,1,2022,4,11,14
2022-11-14,Inter-agency Transfers,null,689,6827,17051,IV,Federal Tax Deposits,Classification,12,2023,1,2022,4,11,14
2022-11-10,Withheld Income and Employment Taxes,null,6035,86325,333535,IV,Federal Tax Deposits,Classification,1,2023,1,2022,4,11,10
2022-11-10,Individual Income Taxes,null,307,2441,27243,IV,Federal Tax Deposits,Classification,2,2023,1,2022,4,11,10
2022-11-10,Railroad Retirement Taxes,null,60,152,636,IV,Federal Tax Deposits,Classification,3,2023,1,2022,4,11,10
2022-11-10,Excise Taxes,null,1002,1486,7125,IV,Federal Tax Deposits,Classification,4,2023,1,2022,4,11,10
2022-11-10,Corporation Income Taxes,null,509,948,14943,IV,Federal Tax Deposits,Classification,5,2023,1,2022,4,11,10
2022-11-10,Federal Unemployment Taxes,null,1,17,764,IV,Federal Tax Deposits,Classification,6,2023,1,2022,4,11,10
2022-11-10,Estate and Gift Taxes & Misc IRS Rcpts.,null,128,650,874,IV,Federal Tax Deposits,Classification,7,2023,1,2022,4,11,10
2022-11-10,Cash Federal Tax Deposits,Direct,168,778,2669,IV,Federal Tax Deposits,Classification,9,2023,1,2022,4,11,10
2022-11-10,Cash Federal Tax Deposits,Through Depositaries,6272,85103,366090,IV,Federal Tax Deposits,Classification,10,2023,1,2022,4,11,10
2022-11-10,Inter-agency Transfers,null,1602,6138,16362,IV,Federal Tax Deposits,Classification,12,2023,1,2022,4,11,10
2022-11-09,Withheld Income and Employment Taxes,null,9863,80290,327500,IV,Federal Tax Deposits,Classification,1,2023,1,2022,4,11,09
2022-11-09,Individual Income Taxes,null,228,2135,26936,IV,Federal Tax Deposits,Classification,2,2023,1,2022,4,11,09
2022-11-09,Railroad Retirement Taxes,null,3,92,576,IV,Federal Tax Deposits,Classification,3,2023,1,2022,4,11,09
2022-11-09,Excise Taxes,null,234,484,6124,IV,Federal Tax Deposits,Classification,4,2023,1,2022,4,11,09
2022-11-09,Corporation Income Taxes,null,82,439,14434,IV,Federal Tax Deposits,Classification,5,2023,1,2022,4,11,09
2022-11-09,Federal Unemployment Taxes,null,1,16,763,IV,Federal Tax Deposits,Classification,6,2023,1,2022,4,11,09
2022-11-09,Estate and Gift Taxes & Misc IRS Rcpts.,null,57,522,746,IV,Federal Tax Deposits,Classification,7,2023,1,2022,4,11,09
2022-11-09,Cash Federal Tax Deposits,Direct,118,610,2502,IV,Federal Tax Deposits,Classification,9,2023,1,2022,4,11,09
2022-11-09,Cash Federal Tax Deposits,Through Depositaries,9950,78831,359818,IV,Federal Tax Deposits,Classification,10,2023,1,2022,4,11,09
2022-11-09,Inter-agency Transfers,null,400,4536,14760,IV,Federal Tax Deposits,Classification,12,2023,1,2022,4,11,09
2022-11-08,Withheld Income and Employment Taxes,null,3001,70427,317638,IV,Federal Tax Deposits,Classification,1,2023,1,2022,4,11,08
2022-11-08,Individual Income Taxes,null,280,1906,26708,IV,Federal Tax Deposits,Classification,2,2023,1,2022,4,11,08
2022-11-08,Railroad Retirement Taxes,null,1,89,573,IV,Federal Tax Deposits,Classification,3,2023,1,2022,4,11,08
2022-11-08,Excise Taxes,null,49,250,5889,IV,Federal Tax Deposits,Classification,4,2023,1,2022,4,11,08
2022-11-08,Corporation Income Taxes,null,58,357,14352,IV,Federal Tax Deposits,Classification,5,2023,1,2022,4,11,08
2022-11-08,Federal Unemployment Taxes,null,1,14,761,IV,Federal Tax Deposits,Classification,6,2023,1,2022,4,11,08
2022-11-08,Estate and Gift Taxes & Misc IRS Rcpts.,null,2,465,689,IV,Federal Tax Deposits,Classification,7,2023,1,2022,4,11,08
2022-11-08,Cash Federal Tax Deposits,Direct,78,492,2384,IV,Federal Tax Deposits,Classification,9,2023,1,2022,4,11,08
2022-11-08,Cash Federal Tax Deposits,Through Depositaries,3266,68881,349868,IV,Federal Tax Deposits,Classification,10,2023,1,2022,4,11,08
2022-11-08,Inter-agency Transfers,null,49,4135,14359,IV,Federal Tax Deposits,Classification,12,2023,1,2022,4,11,08
2022-11-07,Withheld Income and Employment Taxes,null,18269,67426,314637,IV,Federal Tax Deposits,Classification,1,2023,1,2022,4,11,07
2022-11-07,Individual Income Taxes,null,423,1626,26428,IV,Federal Tax Deposits,Classification,2,2023,1,2022,4,11,07
2022-11-07,Railroad Retirement Taxes,null,49,88,572,IV,Federal Tax Deposits,Classification,3,2023,1,2022,4,11,07
2022-11-07,Excise Taxes,null,40,201,5841,IV,Federal Tax Deposits,Classification,4,2023,1,2022,4,11,07
2022-11-07,Corporation Income Taxes,null,66,298,14294,IV,Federal Tax Deposits,Classification,5,2023,1,2022,4,11,07
2022-11-07,Federal Unemployment Taxes,null,2,13,760,IV,Federal Tax Deposits,Classification,6,2023,1,2022,4,11,07
2022-11-07,Estate and Gift Taxes & Misc IRS Rcpts.,null,90,463,686,IV,Federal Tax Deposits,Classification,7,2023,1,2022,4,11,07
2022-11-07,Cash Federal Tax Deposits,Direct,83,414,2306,IV,Federal Tax Deposits,Classification,9,2023,1,2022,4,11,07
2022-11-07,Cash Federal Tax Deposits,Through Depositaries,18779,65615,346602,IV,Federal Tax Deposits,Classification,10,2023,1,2022,4,11,07
2022-11-07,Inter-agency Transfers,null,76,4087,14310,IV,Federal Tax Deposits,Classification,12,2023,1,2022,4,11,07
2022-11-04,Withheld Income and Employment Taxes,null,9734,49157,296368,IV,Federal Tax Deposits,Classification,1,2023,1,2022,4,11,04
2022-11-04,Individual Income Taxes,null,259,1203,26005,IV,Federal Tax Deposits,Classification,2,2023,1,2022,4,11,04
2022-11-04,Railroad Retirement Taxes,null,17,39,523,IV,Federal Tax Deposits,Classification,3,2023,1,2022,4,11,04
2022-11-04,Excise Taxes,null,56,161,5801,IV,Federal Tax Deposits,Classification,4,2023,1,2022,4,11,04
2022-11-04,Corporation Income Taxes,null,58,233,14228,IV,Federal Tax Deposits,Classification,5,2023,1,2022,4,11,04
2022-11-04,Federal Unemployment Taxes,null,2,12,759,IV,Federal Tax Deposits,Classification,6,2023,1,2022,4,11,04
2022-11-04,Estate and Gift Taxes & Misc IRS Rcpts.,null,343,373,596,IV,Federal Tax Deposits,Classification,7,2023,1,2022,4,11,04
2022-11-04,Cash Federal Tax Deposits,Direct,95,331,2222,IV,Federal Tax Deposits,Classification,9,2023,1,2022,4,11,04
2022-11-04,Cash Federal Tax Deposits,Through Depositaries,10366,46836,327823,IV,Federal Tax Deposits,Classification,10,2023,1,2022,4,11,04
2022-11-04,Inter-agency Transfers,null,6,4010,14234,IV,Federal Tax Deposits,Classification,12,2023,1,2022,4,11,04
2022-11-03,Withheld Income and Employment Taxes,null,5478,39424,286634,IV,Federal Tax Deposits,Classification,1,2023,1,2022,4,11,03
2022-11-03,Individual Income Taxes,null,260,944,25746,IV,Federal Tax Deposits,Classification,2,2023,1,2022,4,11,03
2022-11-03,Railroad Retirement Taxes,null,1,22,506,IV,Federal Tax Deposits,Classification,3,2023,1,2022,4,11,03
2022-11-03,Excise Taxes,null,20,105,5745,IV,Federal Tax Deposits,Classification,4,2023,1,2022,4,11,03
2022-11-03,Corporation Income Taxes,null,54,175,14170,IV,Federal Tax Deposits,Classification,5,2023,1,2022,4,11,03
2022-11-03,Federal Unemployment Taxes,null,2,10,757,IV,Federal Tax Deposits,Classification,6,2023,1,2022,4,11,03
2022-11-03,Estate and Gift Taxes & Misc IRS Rcpts.,null,6,30,253,IV,Federal Tax Deposits,Classification,7,2023,1,2022,4,11,03
2022-11-03,Cash Federal Tax Deposits,Direct,80,236,2128,IV,Federal Tax Deposits,Classification,9,2023,1,2022,4,11,03
2022-11-03,Cash Federal Tax Deposits,Through Depositaries,3425,36470,317456,IV,Federal Tax Deposits,Classification,10,2023,1,2022,4,11,03
2022-11-03,Inter-agency Transfers,null,2316,4004,14228,IV,Federal Tax Deposits,Classification,12,2023,1,2022,4,11,03
2022-11-02,Withheld Income and Employment Taxes,null,13856,33946,281156,IV,Federal Tax Deposits,Classification,1,2023,1,2022,4,11,02
2022-11-02,Individual Income Taxes,null,291,685,25486,IV,Federal Tax Deposits,Classification,2,2023,1,2022,4,11,02
2022-11-02,Railroad Retirement Taxes,null,12,21,505,IV,Federal Tax Deposits,Classification,3,2023,1,2022,4,11,02
2022-11-02,Excise Taxes,null,65,86,5726,IV,Federal Tax Deposits,Classification,4,2023,1,2022,4,11,02
2022-11-02,Corporation Income Taxes,null,67,121,14116,IV,Federal Tax Deposits,Classification,5,2023,1,2022,4,11,02
2022-11-02,Federal Unemployment Taxes,null,3,8,755,IV,Federal Tax Deposits,Classification,6,2023,1,2022,4,11,02
2022-11-02,Estate and Gift Taxes & Misc IRS Rcpts.,null,19,23,247,IV,Federal Tax Deposits,Classification,7,2023,1,2022,4,11,02
2022-11-02,Cash Federal Tax Deposits,Direct,110,156,2047,IV,Federal Tax Deposits,Classification,9,2023,1,2022,4,11,02
2022-11-02,Cash Federal Tax Deposits,Through Depositaries,13724,33045,314032,IV,Federal Tax Deposits,Classification,10,2023,1,2022,4,11,02
2022-11-02,Inter-agency Transfers,null,479,1688,11912,IV,Federal Tax Deposits,Classification,12,2023,1,2022,4,11,02
2022-11-01,Individual Income Taxes,null,394,394,25195,IV,Federal Tax Deposits,Classification,2,2023,1,2022,4,11,01
2022-11-01,Railroad Retirement Taxes,null,9,9,493,IV,Federal Tax Deposits,Classification,3,2023,1,2022,4,11,01
2022-11-01,Excise Taxes,null,21,21,5660,IV,Federal Tax Deposits,Classification,4,2023,1,2022,4,11,01
2022-11-01,Withheld Income and Employment Taxes,null,20089,20089,267300,IV,Federal Tax Deposits,Classification,1,2023,1,2022,4,11,01
2022-11-01,Corporation Income Taxes,null,54,54,14049,IV,Federal Tax Deposits,Classification,5,2023,1,2022,4,11,01
2022-11-01,Federal Unemployment Taxes,null,5,5,752,IV,Federal Tax Deposits,Classification,6,2023,1,2022,4,11,01
2022-11-01,Estate and Gift Taxes & Misc IRS Rcpts.,null,4,4,228,IV,Federal Tax Deposits,Classification,7,2023,1,2022,4,11,01
2022-11-01,Cash Federal Tax Deposits,Direct,46,46,1938,IV,Federal Tax Deposits,Classification,9,2023,1,2022,4,11,01
2022-11-01,Cash Federal Tax Deposits,Through Depositaries,19321,19321,300308,IV,Federal Tax Deposits,Classification,10,2023,1,2022,4,11,01
2022-11-01,Inter-agency Transfers,null,1209,1209,11433,IV,Federal Tax Deposits,Classification,12,2023,1,2022,4,11,01
2022-10-31,Withheld Income and Employment Taxes,null,25321,247211,247211,IV,Federal Tax Deposits,Classification,1,2023,1,2022,4,10,31
2022-10-31,Individual Income Taxes,null,466,24801,24801,IV,Federal Tax Deposits,Classification,2,2023,1,2022,4,10,31
2022-10-31,Railroad Retirement Taxes,null,60,484,484,IV,Federal Tax Deposits,Classification,3,2023,1,2022,4,10,31
2022-10-31,Excise Taxes,null,501,5640,5640,IV,Federal Tax Deposits,Classification,4,2023,1,2022,4,10,31
2022-10-31,Corporation Income Taxes,null,88,13995,13995,IV,Federal Tax Deposits,Classification,5,2023,1,2022,4,10,31
2022-10-31,Federal Unemployment Taxes,null,568,747,747,IV,Federal Tax Deposits,Classification,6,2023,1,2022,4,10,31
2022-10-31,Estate and Gift Taxes & Misc IRS Rcpts.,null,10,224,224,IV,Federal Tax Deposits,Classification,7,2023,1,2022,4,10,31
2022-10-31,Cash Federal Tax Deposits,Direct,115,1891,1891,IV,Federal Tax Deposits,Classification,9,2023,1,2022,4,10,31
2022-10-31,Cash Federal Tax Deposits,Through Depositaries,25831,280987,280987,IV,Federal Tax Deposits,Classification,10,2023,1,2022,4,10,31
2022-10-31,Inter-agency Transfers,null,1066,10224,10224,IV,Federal Tax Deposits,Classification,12,2023,1,2022,4,10,31
2022-10-28,Withheld Income and Employment Taxes,null,8982,221890,221890,IV,Federal Tax Deposits,Classification,1,2023,1,2022,4,10,28
2022-10-28,Individual Income Taxes,null,393,24335,24335,IV,Federal Tax Deposits,Classification,2,2023,1,2022,4,10,28
2022-10-28,Railroad Retirement Taxes,null,19,425,425,IV,Federal Tax Deposits,Classification,3,2023,1,2022,4,10,28
2022-10-28,Excise Taxes,null,2178,5139,5139,IV,Federal Tax Deposits,Classification,4,2023,1,2022,4,10,28
2022-10-28,Corporation Income Taxes,null,113,13908,13908,IV,Federal Tax Deposits,Classification,5,2023,1,2022,4,10,28
2022-10-28,Federal Unemployment Taxes,null,38,179,179,IV,Federal Tax Deposits,Classification,6,2023,1,2022,4,10,28
2022-10-28,Estate and Gift Taxes & Misc IRS Rcpts.,null,2,214,214,IV,Federal Tax Deposits,Classification,7,2023,1,2022,4,10,28
2022-10-28,Cash Federal Tax Deposits,Direct,543,1776,1776,IV,Federal Tax Deposits,Classification,9,2023,1,2022,4,10,28
2022-10-28,Cash Federal Tax Deposits,Through Depositaries,10161,255156,255156,IV,Federal Tax Deposits,Classification,10,2023,1,2022,4,10,28
2022-10-28,Inter-agency Transfers,null,1023,9157,9157,IV,Federal Tax Deposits,Classification,12,2023,1,2022,4,10,28
2022-10-27,Withheld Income and Employment Taxes,null,3381,212907,212907,IV,Federal Tax Deposits,Classification,1,2023,1,2022,4,10,27
2022-10-27,Individual Income Taxes,null,286,23942,23942,IV,Federal Tax Deposits,Classification,2,2023,1,2022,4,10,27
2022-10-27,Railroad Retirement Taxes,null,2,405,405,IV,Federal Tax Deposits,Classification,3,2023,1,2022,4,10,27
2022-10-27,Excise Taxes,null,613,2961,2961,IV,Federal Tax Deposits,Classification,4,2023,1,2022,4,10,27
2022-10-27,Corporation Income Taxes,null,45,13794,13794,IV,Federal Tax Deposits,Classification,5,2023,1,2022,4,10,27
2022-10-27,Federal Unemployment Taxes,null,26,141,141,IV,Federal Tax Deposits,Classification,6,2023,1,2022,4,10,27
2022-10-27,Estate and Gift Taxes & Misc IRS Rcpts.,null,2,211,211,IV,Federal Tax Deposits,Classification,7,2023,1,2022,4,10,27
2022-10-27,Cash Federal Tax Deposits,Direct,161,1233,1233,IV,Federal Tax Deposits,Classification,9,2023,1,2022,4,10,27
2022-10-27,Cash Federal Tax Deposits,Through Depositaries,4182,244995,244995,IV,Federal Tax Deposits,Classification,10,2023,1,2022,4,10,27
2022-10-27,Inter-agency Transfers,null,11,8134,8134,IV,Federal Tax Deposits,Classification,12,2023,1,2022,4,10,27
2022-10-26,Withheld Income and Employment Taxes,null,10468,209527,209527,IV,Federal Tax Deposits,Classification,1,2023,1,2022,4,10,26
2022-10-26,Individual Income Taxes,null,310,23657,23657,IV,Federal Tax Deposits,Classification,2,2023,1,2022,4,10,26
2022-10-26,Railroad Retirement Taxes,null,37,404,404,IV,Federal Tax Deposits,Classification,3,2023,1,2022,4,10,26
2022-10-26,Excise Taxes,null,459,2347,2347,IV,Federal Tax Deposits,Classification,4,2023,1,2022,4,10,26
2022-10-26,Corporation Income Taxes,null,130,13749,13749,IV,Federal Tax Deposits,Classification,5,2023,1,2022,4,10,26
2022-10-26,Federal Unemployment Taxes,null,20,116,116,IV,Federal Tax Deposits,Classification,6,2023,1,2022,4,10,26
2022-10-26,Estate and Gift Taxes & Misc IRS Rcpts.,null,8,210,210,IV,Federal Tax Deposits,Classification,7,2023,1,2022,4,10,26
2022-10-26,Cash Federal Tax Deposits,Direct,100,1073,1073,IV,Federal Tax Deposits,Classification,9,2023,1,2022,4,10,26
2022-10-26,Cash Federal Tax Deposits,Through Depositaries,11320,240814,240814,IV,Federal Tax Deposits,Classification,10,2023,1,2022,4,10,26
2022-10-26,Inter-agency Transfers,null,13,8123,8123,IV,Federal Tax Deposits,Classification,12,2023,1,2022,4,10,26
2022-10-25,Withheld Income and Employment Taxes,null,2248,199059,199059,IV,Federal Tax Deposits,Classification,1,2023,1,2022,4,10,25
2022-10-25,Individual Income Taxes,null,365,23346,23346,IV,Federal Tax Deposits,Classification,2,2023,1,2022,4,10,25
2022-10-25,Railroad Retirement Taxes,null,41,367,367,IV,Federal Tax Deposits,Classification,3,2023,1,2022,4,10,25
2022-10-25,Excise Taxes,null,245,1888,1888,IV,Federal Tax Deposits,Classification,4,2023,1,2022,4,10,25
2022-10-25,Corporation Income Taxes,null,919,13619,13619,IV,Federal Tax Deposits,Classification,5,2023,1,2022,4,10,25
2022-10-25,Federal Unemployment Taxes,null,9,95,95,IV,Federal Tax Deposits,Classification,6,2023,1,2022,4,10,25
2022-10-25,Estate and Gift Taxes & Misc IRS Rcpts.,null,33,202,202,IV,Federal Tax Deposits,Classification,7,2023,1,2022,4,10,25
2022-10-25,Cash Federal Tax Deposits,Direct,131,973,973,IV,Federal Tax Deposits,Classification,9,2023,1,2022,4,10,25
2022-10-25,Cash Federal Tax Deposits,Through Depositaries,3704,229494,229494,IV,Federal Tax Deposits,Classification,10,2023,1,2022,4,10,25
2022-10-25,Inter-agency Transfers,null,26,8110,8110,IV,Federal Tax Deposits,Classification,12,2023,1,2022,4,10,25
2022-10-24,Withheld Income and Employment Taxes,null,19266,196811,196811,IV,Federal Tax Deposits,Classification,1,2023,1,2022,4,10,24
2022-10-24,Individual Income Taxes,null,520,22981,22981,IV,Federal Tax Deposits,Classification,2,2023,1,2022,4,10,24
2022-10-24,Railroad Retirement Taxes,null,32,325,325,IV,Federal Tax Deposits,Classification,3,2023,1,2022,4,10,24
2022-10-24,Excise Taxes,null,53,1644,1644,IV,Federal Tax Deposits,Classification,4,2023,1,2022,4,10,24
2022-10-24,Corporation Income Taxes,null,242,12700,12700,IV,Federal Tax Deposits,Classification,5,2023,1,2022,4,10,24
2022-10-24,Federal Unemployment Taxes,null,6,86,86,IV,Federal Tax Deposits,Classification,6,2023,1,2022,4,10,24
2022-10-24,Estate and Gift Taxes & Misc IRS Rcpts.,null,3,168,168,IV,Federal Tax Deposits,Classification,7,2023,1,2022,4,10,24
2022-10-24,Cash Federal Tax Deposits,Direct,36,842,842,IV,Federal Tax Deposits,Classification,9,2023,1,2022,4,10,24
2022-10-24,Cash Federal Tax Deposits,Through Depositaries,20063,225790,225790,IV,Federal Tax Deposits,Classification,10,2023,1,2022,4,10,24
2022-10-24,Inter-agency Transfers,null,23,8084,8084,IV,Federal Tax Deposits,Classification,12,2023,1,2022,4,10,24
2022-10-21,Withheld Income and Employment Taxes,null,7519,177545,177545,IV,Federal Tax Deposits,Classification,1,2023,1,2022,4,10,21
2022-10-21,Individual Income Taxes,null,451,22461,22461,IV,Federal Tax Deposits,Classification,2,2023,1,2022,4,10,21
2022-10-21,Railroad Retirement Taxes,null,21,294,294,IV,Federal Tax Deposits,Classification,3,2023,1,2022,4,10,21
2022-10-21,Excise Taxes,null,37,1590,1590,IV,Federal Tax Deposits,Classification,4,2023,1,2022,4,10,21
2022-10-21,Corporation Income Taxes,null,79,12457,12457,IV,Federal Tax Deposits,Classification,5,2023,1,2022,4,10,21
2022-10-21,Federal Unemployment Taxes,null,10,80,80,IV,Federal Tax Deposits,Classification,6,2023,1,2022,4,10,21
2022-10-21,Estate and Gift Taxes & Misc IRS Rcpts.,null,48,166,166,IV,Federal Tax Deposits,Classification,7,2023,1,2022,4,10,21
2022-10-21,Cash Federal Tax Deposits,Direct,37,805,805,IV,Federal Tax Deposits,Classification,9,2023,1,2022,4,10,21
2022-10-21,Cash Federal Tax Deposits,Through Depositaries,8119,205727,205727,IV,Federal Tax Deposits,Classification,10,2023,1,2022,4,10,21
2022-10-21,Inter-agency Transfers,null,8,8061,8061,IV,Federal Tax Deposits,Classification,12,2023,1,2022,4,10,21
2022-10-20,Individual Income Taxes,null,464,22010,22010,IV,Federal Tax Deposits,Classification,2,2023,1,2022,4,10,20
2022-10-20,Railroad Retirement Taxes,null,1,272,272,IV,Federal Tax Deposits,Classification,3,2023,1,2022,4,10,20
2022-10-20,Withheld Income and Employment Taxes,null,2749,170026,170026,IV,Federal Tax Deposits,Classification,1,2023,1,2022,4,10,20
2022-10-20,Excise Taxes,null,48,1554,1554,IV,Federal Tax Deposits,Classification,4,2023,1,2022,4,10,20
2022-10-20,Corporation Income Taxes,null,70,12378,12378,IV,Federal Tax Deposits,Classification,5,2023,1,2022,4,10,20
2022-10-20,Federal Unemployment Taxes,null,4,70,70,IV,Federal Tax Deposits,Classification,6,2023,1,2022,4,10,20
2022-10-20,Estate and Gift Taxes & Misc IRS Rcpts.,null,18,118,118,IV,Federal Tax Deposits,Classification,7,2023,1,2022,4,10,20
2022-10-20,Cash Federal Tax Deposits,Direct,52,769,769,IV,Federal Tax Deposits,Classification,9,2023,1,2022,4,10,20
2022-10-20,Cash Federal Tax Deposits,Through Depositaries,3058,197607,197607,IV,Federal Tax Deposits,Classification,10,2023,1,2022,4,10,20
2022-10-20,Inter-agency Transfers,null,243,8053,8053,IV,Federal Tax Deposits,Classification,12,2023,1,2022,4,10,20
2022-10-19,Withheld Income and Employment Taxes,null,11043,167277,167277,IV,Federal Tax Deposits,Classification,1,2023,1,2022,4,10,19
2022-10-19,Individual Income Taxes,null,3553,21546,21546,IV,Federal Tax Deposits,Classification,2,2023,1,2022,4,10,19
2022-10-19,Railroad Retirement Taxes,null,3,272,272,IV,Federal Tax Deposits,Classification,3,2023,1,2022,4,10,19
2022-10-19,Excise Taxes,null,55,1506,1506,IV,Federal Tax Deposits,Classification,4,2023,1,2022,4,10,19
2022-10-19,Corporation Income Taxes,null,1189,12309,12309,IV,Federal Tax Deposits,Classification,5,2023,1,2022,4,10,19
2022-10-19,Federal Unemployment Taxes,null,14,66,66,IV,Federal Tax Deposits,Classification,6,2023,1,2022,4,10,19
2022-10-19,Estate and Gift Taxes & Misc IRS Rcpts.,null,2,99,99,IV,Federal Tax Deposits,Classification,7,2023,1,2022,4,10,19
2022-10-19,Cash Federal Tax Deposits,Direct,80,717,717,IV,Federal Tax Deposits,Classification,9,2023,1,2022,4,10,19
2022-10-19,Cash Federal Tax Deposits,Through Depositaries,15727,194549,194549,IV,Federal Tax Deposits,Classification,10,2023,1,2022,4,10,19
2022-10-19,Inter-agency Transfers,null,51,7810,7810,IV,Federal Tax Deposits,Classification,12,2023,1,2022,4,10,19
2022-10-18,Withheld Income and Employment Taxes,null,2707,156233,156233,IV,Federal Tax Deposits,Classification,1,2023,1,2022,4,10,18
2022-10-18,Individual Income Taxes,null,5483,17993,17993,IV,Federal Tax Deposits,Classification,2,2023,1,2022,4,10,18
2022-10-18,Railroad Retirement Taxes,null,2,269,269,IV,Federal Tax Deposits,Classification,3,2023,1,2022,4,10,18
2022-10-18,Excise Taxes,null,20,1451,1451,IV,Federal Tax Deposits,Classification,4,2023,1,2022,4,10,18
2022-10-18,Corporation Income Taxes,null,450,11120,11120,IV,Federal Tax Deposits,Classification,5,2023,1,2022,4,10,18
2022-10-18,Federal Unemployment Taxes,null,3,52,52,IV,Federal Tax Deposits,Classification,6,2023,1,2022,4,10,18
2022-10-18,Estate and Gift Taxes & Misc IRS Rcpts.,null,8,97,97,IV,Federal Tax Deposits,Classification,7,2023,1,2022,4,10,18
2022-10-18,Cash Federal Tax Deposits,Direct,44,637,637,IV,Federal Tax Deposits,Classification,9,2023,1,2022,4,10,18
2022-10-18,Cash Federal Tax Deposits,Through Depositaries,8605,178822,178822,IV,Federal Tax Deposits,Classification,10,2023,1,2022,4,10,18
2022-10-18,Inter-agency Transfers,null,24,7759,7759,IV,Federal Tax Deposits,Classification,12,2023,1,2022,4,10,18
2022-10-17,Withheld Income and Employment Taxes,null,38048,153527,153527,IV,Federal Tax Deposits,Classification,1,2023,1,2022,4,10,17
2022-10-17,Individual Income Taxes,null,4036,12510,12510,IV,Federal Tax Deposits,Classification,2,2023,1,2022,4,10,17
2022-10-17,Railroad Retirement Taxes,null,52,267,267,IV,Federal Tax Deposits,Classification,3,2023,1,2022,4,10,17
2022-10-17,Excise Taxes,null,38,1431,1431,IV,Federal Tax Deposits,Classification,4,2023,1,2022,4,10,17
2022-10-17,Corporation Income Taxes,null,5667,10670,10670,IV,Federal Tax Deposits,Classification,5,2023,1,2022,4,10,17
2022-10-17,Federal Unemployment Taxes,null,8,49,49,IV,Federal Tax Deposits,Classification,6,2023,1,2022,4,10,17
2022-10-17,Estate and Gift Taxes & Misc IRS Rcpts.,null,7,89,89,IV,Federal Tax Deposits,Classification,7,2023,1,2022,4,10,17
2022-10-17,Cash Federal Tax Deposits,Direct,29,592,592,IV,Federal Tax Deposits,Classification,9,2023,1,2022,4,10,17
2022-10-17,Cash Federal Tax Deposits,Through Depositaries,46409,170217,170217,IV,Federal Tax Deposits,Classification,10,2023,1,2022,4,10,17
2022-10-17,Inter-agency Transfers,null,1418,7735,7735,IV,Federal Tax Deposits,Classification,12,2023,1,2022,4,10,17
2022-10-14,Withheld Income and Employment Taxes,null,10367,115479,115479,IV,Federal Tax Deposits,Classification,1,2023,1,2022,4,10,14
2022-10-14,Individual Income Taxes,null,1968,8475,8475,IV,Federal Tax Deposits,Classification,2,2023,1,2022,4,10,14
2022-10-14,Railroad Retirement Taxes,null,20,215,215,IV,Federal Tax Deposits,Classification,3,2023,1,2022,4,10,14
2022-10-14,Excise Taxes,null,726,1393,1393,IV,Federal Tax Deposits,Classification,4,2023,1,2022,4,10,14
2022-10-14,Corporation Income Taxes,null,2486,5003,5003,IV,Federal Tax Deposits,Classification,5,2023,1,2022,4,10,14
2022-10-14,Federal Unemployment Taxes,null,8,41,41,IV,Federal Tax Deposits,Classification,6,2023,1,2022,4,10,14
2022-10-14,Estate and Gift Taxes & Misc IRS Rcpts.,null,49,82,82,IV,Federal Tax Deposits,Classification,7,2023,1,2022,4,10,14
2022-10-14,Cash Federal Tax Deposits,Direct,235,563,563,IV,Federal Tax Deposits,Classification,9,2023,1,2022,4,10,14
2022-10-14,Cash Federal Tax Deposits,Through Depositaries,13989,123808,123808,IV,Federal Tax Deposits,Classification,10,2023,1,2022,4,10,14
2022-10-14,Inter-agency Transfers,null,1399,6316,6316,IV,Federal Tax Deposits,Classification,12,2023,1,2022,4,10,14
2022-10-13,Withheld Income and Employment Taxes,null,9461,105112,105112,IV,Federal Tax Deposits,Classification,1,2023,1,2022,4,10,13
2022-10-13,Individual Income Taxes,null,872,6506,6506,IV,Federal Tax Deposits,Classification,2,2023,1,2022,4,10,13
2022-10-13,Railroad Retirement Taxes,null,5,195,195,IV,Federal Tax Deposits,Classification,3,2023,1,2022,4,10,13
2022-10-13,Excise Taxes,null,306,667,667,IV,Federal Tax Deposits,Classification,4,2023,1,2022,4,10,13
2022-10-13,Corporation Income Taxes,null,760,2517,2517,IV,Federal Tax Deposits,Classification,5,2023,1,2022,4,10,13
2022-10-13,Federal Unemployment Taxes,null,4,32,32,IV,Federal Tax Deposits,Classification,6,2023,1,2022,4,10,13
2022-10-13,Estate and Gift Taxes & Misc IRS Rcpts.,null,2,34,34,IV,Federal Tax Deposits,Classification,7,2023,1,2022,4,10,13
2022-10-13,Cash Federal Tax Deposits,Direct,73,328,328,IV,Federal Tax Deposits,Classification,9,2023,1,2022,4,10,13
2022-10-13,Cash Federal Tax Deposits,Through Depositaries,10759,109819,109819,IV,Federal Tax Deposits,Classification,10,2023,1,2022,4,10,13
2022-10-13,Inter-agency Transfers,null,579,4917,4917,IV,Federal Tax Deposits,Classification,12,2023,1,2022,4,10,13
2022-10-12,Withheld Income and Employment Taxes,null,4073,95651,95651,IV,Federal Tax Deposits,Classification,1,2023,1,2022,4,10,12
2022-10-12,Individual Income Taxes,null,1236,5634,5634,IV,Federal Tax Deposits,Classification,2,2023,1,2022,4,10,12
2022-10-12,Railroad Retirement Taxes,null,2,190,190,IV,Federal Tax Deposits,Classification,3,2023,1,2022,4,10,12
2022-10-12,Excise Taxes,null,115,361,361,IV,Federal Tax Deposits,Classification,4,2023,1,2022,4,10,12
2022-10-12,Corporation Income Taxes,null,732,1757,1757,IV,Federal Tax Deposits,Classification,5,2023,1,2022,4,10,12
2022-10-12,Federal Unemployment Taxes,null,4,29,29,IV,Federal Tax Deposits,Classification,6,2023,1,2022,4,10,12
2022-10-12,Estate and Gift Taxes & Misc IRS Rcpts.,null,4,31,31,IV,Federal Tax Deposits,Classification,7,2023,1,2022,4,10,12
2022-10-12,Cash Federal Tax Deposits,Direct,38,255,255,IV,Federal Tax Deposits,Classification,9,2023,1,2022,4,10,12
2022-10-12,Cash Federal Tax Deposits,Through Depositaries,6118,99059,99059,IV,Federal Tax Deposits,Classification,10,2023,1,2022,4,10,12
2022-10-12,Inter-agency Transfers,null,10,4338,4338,IV,Federal Tax Deposits,Classification,12,2023,1,2022,4,10,12
2022-10-11,Withheld Income and Employment Taxes,null,19962,91578,91578,IV,Federal Tax Deposits,Classification,1,2023,1,2022,4,10,11
2022-10-11,Individual Income Taxes,null,1211,4398,4398,IV,Federal Tax Deposits,Classification,2,2023,1,2022,4,10,11
2022-10-11,Railroad Retirement Taxes,null,61,189,189,IV,Federal Tax Deposits,Classification,3,2023,1,2022,4,10,11
2022-10-11,Excise Taxes,null,86,246,246,IV,Federal Tax Deposits,Classification,4,2023,1,2022,4,10,11
2022-10-11,Corporation Income Taxes,null,230,1025,1025,IV,Federal Tax Deposits,Classification,5,2023,1,2022,4,10,11
2022-10-11,Federal Unemployment Taxes,null,8,25,25,IV,Federal Tax Deposits,Classification,6,2023,1,2022,4,10,11
2022-10-11,Estate and Gift Taxes & Misc IRS Rcpts.,null,1,27,27,IV,Federal Tax Deposits,Classification,7,2023,1,2022,4,10,11
2022-10-11,Cash Federal Tax Deposits,Direct,26,217,217,IV,Federal Tax Deposits,Classification,9,2023,1,2022,4,10,11
2022-10-11,Cash Federal Tax Deposits,Through Depositaries,21387,92941,92941,IV,Federal Tax Deposits,Classification,10,2023,1,2022,4,10,11
2022-10-11,Inter-agency Transfers,null,147,4329,4329,IV,Federal Tax Deposits,Classification,12,2023,1,2022,4,10,11
2022-10-07,Withheld Income and Employment Taxes,null,7867,71616,71616,IV,Federal Tax Deposits,Classification,1,2023,1,2022,4,10,07
2022-10-07,Individual Income Taxes,null,562,3187,3187,IV,Federal Tax Deposits,Classification,2,2023,1,2022,4,10,07
2022-10-07,Railroad Retirement Taxes,null,58,128,128,IV,Federal Tax Deposits,Classification,3,2023,1,2022,4,10,07
2022-10-07,Excise Taxes,null,49,160,160,IV,Federal Tax Deposits,Classification,4,2023,1,2022,4,10,07
2022-10-07,Corporation Income Taxes,null,237,795,795,IV,Federal Tax Deposits,Classification,5,2023,1,2022,4,10,07
2022-10-07,Federal Unemployment Taxes,null,6,17,17,IV,Federal Tax Deposits,Classification,6,2023,1,2022,4,10,07
2022-10-07,Estate and Gift Taxes & Misc IRS Rcpts.,null,9,25,25,IV,Federal Tax Deposits,Classification,7,2023,1,2022,4,10,07
2022-10-07,Cash Federal Tax Deposits,Direct,53,191,191,IV,Federal Tax Deposits,Classification,9,2023,1,2022,4,10,07
2022-10-07,Cash Federal Tax Deposits,Through Depositaries,8393,71555,71555,IV,Federal Tax Deposits,Classification,10,2023,1,2022,4,10,07
2022-10-07,Inter-agency Transfers,null,341,4181,4181,IV,Federal Tax Deposits,Classification,12,2023,1,2022,4,10,07
2022-10-06,Withheld Income and Employment Taxes,null,3146,63749,63749,IV,Federal Tax Deposits,Classification,1,2023,1,2022,4,10,06
2022-10-06,Individual Income Taxes,null,489,2625,2625,IV,Federal Tax Deposits,Classification,2,2023,1,2022,4,10,06
2022-10-06,Railroad Retirement Taxes,null,7,70,70,IV,Federal Tax Deposits,Classification,3,2023,1,2022,4,10,06
2022-10-06,Excise Taxes,null,21,110,110,IV,Federal Tax Deposits,Classification,4,2023,1,2022,4,10,06
2022-10-06,Corporation Income Taxes,null,113,559,559,IV,Federal Tax Deposits,Classification,5,2023,1,2022,4,10,06
2022-10-06,Federal Unemployment Taxes,null,2,11,11,IV,Federal Tax Deposits,Classification,6,2023,1,2022,4,10,06
2022-10-06,Estate and Gift Taxes & Misc IRS Rcpts.,null,7,17,17,IV,Federal Tax Deposits,Classification,7,2023,1,2022,4,10,06
2022-10-06,Cash Federal Tax Deposits,Direct,44,139,139,IV,Federal Tax Deposits,Classification,9,2023,1,2022,4,10,06
2022-10-06,Cash Federal Tax Deposits,Through Depositaries,3494,63162,63162,IV,Federal Tax Deposits,Classification,10,2023,1,2022,4,10,06
2022-10-06,Inter-agency Transfers,null,248,3840,3840,IV,Federal Tax Deposits,Classification,12,2023,1,2022,4,10,06
2022-10-05,Withheld Income and Employment Taxes,null,12356,60603,60603,IV,Federal Tax Deposits,Classification,1,2023,1,2022,4,10,05
2022-10-05,Individual Income Taxes,null,806,2137,2137,IV,Federal Tax Deposits,Classification,2,2023,1,2022,4,10,05
2022-10-05,Railroad Retirement Taxes,null,3,63,63,IV,Federal Tax Deposits,Classification,3,2023,1,2022,4,10,05
2022-10-05,Excise Taxes,null,29,89,89,IV,Federal Tax Deposits,Classification,4,2023,1,2022,4,10,05
2022-10-05,Corporation Income Taxes,null,226,445,445,IV,Federal Tax Deposits,Classification,5,2023,1,2022,4,10,05
2022-10-05,Federal Unemployment Taxes,null,4,8,8,IV,Federal Tax Deposits,Classification,6,2023,1,2022,4,10,05
2022-10-05,Estate and Gift Taxes & Misc IRS Rcpts.,null,4,10,10,IV,Federal Tax Deposits,Classification,7,2023,1,2022,4,10,05
2022-10-05,Cash Federal Tax Deposits,Direct,35,95,95,IV,Federal Tax Deposits,Classification,9,2023,1,2022,4,10,05
2022-10-05,Cash Federal Tax Deposits,Through Depositaries,13369,59669,59669,IV,Federal Tax Deposits,Classification,10,2023,1,2022,4,10,05
2022-10-05,Inter-agency Transfers,null,24,3592,3592,IV,Federal Tax Deposits,Classification,12,2023,1,2022,4,10,05
2022-10-04,Withheld Income and Employment Taxes,null,3973,48248,48248,IV,Federal Tax Deposits,Classification,1,2023,1,2022,4,10,04
2022-10-04,Individual Income Taxes,null,545,1331,1331,IV,Federal Tax Deposits,Classification,2,2023,1,2022,4,10,04
2022-10-04,Railroad Retirement Taxes,null,8,60,60,IV,Federal Tax Deposits,Classification,3,2023,1,2022,4,10,04
2022-10-04,Excise Taxes,null,137,59,59,IV,Federal Tax Deposits,Classification,4,2023,1,2022,4,10,04
2022-10-04,Corporation Income Taxes,null,80,220,220,IV,Federal Tax Deposits,Classification,5,2023,1,2022,4,10,04
2022-10-04,Federal Unemployment Taxes,null,2,5,5,IV,Federal Tax Deposits,Classification,6,2023,1,2022,4,10,04
2022-10-04,Estate and Gift Taxes & Misc IRS Rcpts.,null,4,5,5,IV,Federal Tax Deposits,Classification,7,2023,1,2022,4,10,04
2022-10-04,Cash Federal Tax Deposits,Direct,35,60,60,IV,Federal Tax Deposits,Classification,9,2023,1,2022,4,10,04
2022-10-04,Cash Federal Tax Deposits,Through Depositaries,4687,46300,46300,IV,Federal Tax Deposits,Classification,10,2023,1,2022,4,10,04
2022-10-04,Inter-agency Transfers,null,28,3567,3567,IV,Federal Tax Deposits,Classification,12,2023,1,2022,4,10,04
2022-10-03,Withheld Income and Employment Taxes,null,44274,44274,44274,IV,Federal Tax Deposits,Classification,1,2023,1,2022,4,10,03
2022-10-03,Individual Income Taxes,null,786,786,786,IV,Federal Tax Deposits,Classification,2,2023,1,2022,4,10,03
2022-10-03,Railroad Retirement Taxes,null,52,52,52,IV,Federal Tax Deposits,Classification,3,2023,1,2022,4,10,03
2022-10-03,Excise Taxes,null,-78,-78,-78,IV,Federal Tax Deposits,Classification,4,2023,1,2022,4,10,03
2022-10-03,Corporation Income Taxes,null,139,139,139,IV,Federal Tax Deposits,Classification,5,2023,1,2022,4,10,03
2022-10-03,Federal Unemployment Taxes,null,2,2,2,IV,Federal Tax Deposits,Classification,6,2023,1,2022,4,10,03
2022-10-03,Estate and Gift Taxes & Misc IRS Rcpts.,null,2,2,2,IV,Federal Tax Deposits,Classification,7,2023,1,2022,4,10,03
2022-10-03,Cash Federal Tax Deposits,Direct,25,25,25,IV,Federal Tax Deposits,Classification,9,2023,1,2022,4,10,03
2022-10-03,Cash Federal Tax Deposits,Through Depositaries,41613,41613,41613,IV,Federal Tax Deposits,Classification,10,2023,1,2022,4,10,03
2022-10-03,Inter-agency Transfers,null,3540,3540,3540,IV,Federal Tax Deposits,Classification,12,2023,1,2022,4,10,03
2022-09-30,Withheld Income and Employment Taxes,null,11997,236999,3112618,IV,Federal Tax Deposits,Classification,1,2022,4,2022,3,09,30
2022-09-30,Individual Income Taxes,null,641,54879,581183,IV,Federal Tax Deposits,Classification,2,2022,4,2022,3,09,30
2022-09-30,Railroad Retirement Taxes,null,29,543,6132,IV,Federal Tax Deposits,Classification,3,2022,4,2022,3,09,30
2022-09-30,Excise Taxes,null,1654,12454,89961,IV,Federal Tax Deposits,Classification,4,2022,4,2022,3,09,30
2022-09-30,Corporation Income Taxes,null,247,110352,457734,IV,Federal Tax Deposits,Classification,5,2022,4,2022,3,09,30
2022-09-30,Federal Unemployment Taxes,null,3,32,7052,IV,Federal Tax Deposits,Classification,6,2022,4,2022,3,09,30
2022-09-30,Estate and Gift Taxes & Misc IRS Rcpts.,null,4,626,4580,IV,Federal Tax Deposits,Classification,7,2022,4,2022,3,09,30
2022-09-30,Cash Federal Tax Deposits,Direct,32,3177,34762,IV,Federal Tax Deposits,Classification,9,2022,4,2022,3,09,30
2022-09-30,Cash Federal Tax Deposits,Through Depositaries,12910,401425,4100180,IV,Federal Tax Deposits,Classification,10,2022,4,2022,3,09,30
2022-09-30,Inter-agency Transfers,null,1634,11282,124319,IV,Federal Tax Deposits,Classification,12,2022,4,2022,3,09,30
2022-09-29,Withheld Income and Employment Taxes,null,3352,225002,3100621,IV,Federal Tax Deposits,Classification,1,2022,4,2022,3,09,29
2022-09-29,Individual Income Taxes,null,414,54238,580542,IV,Federal Tax Deposits,Classification,2,2022,4,2022,3,09,29
2022-09-29,Railroad Retirement Taxes,null,5,514,6103,IV,Federal Tax Deposits,Classification,3,2022,4,2022,3,09,29
2022-09-29,Excise Taxes,null,4197,10800,88307,IV,Federal Tax Deposits,Classification,4,2022,4,2022,3,09,29
2022-09-29,Corporation Income Taxes,null,249,110104,457486,IV,Federal Tax Deposits,Classification,5,2022,4,2022,3,09,29
2022-09-29,Federal Unemployment Taxes,null,1,29,7049,IV,Federal Tax Deposits,Classification,6,2022,4,2022,3,09,29
2022-09-29,Estate and Gift Taxes & Misc IRS Rcpts.,null,1,622,4576,IV,Federal Tax Deposits,Classification,7,2022,4,2022,3,09,29
2022-09-29,Cash Federal Tax Deposits,Direct,993,3145,34730,IV,Federal Tax Deposits,Classification,9,2022,4,2022,3,09,29
2022-09-29,Cash Federal Tax Deposits,Through Depositaries,6850,388516,4087270,IV,Federal Tax Deposits,Classification,10,2022,4,2022,3,09,29
2022-09-29,Inter-agency Transfers,null,376,9648,122684,IV,Federal Tax Deposits,Classification,12,2022,4,2022,3,09,29
2022-09-28,Federal Unemployment Taxes,null,2,28,7048,IV,Federal Tax Deposits,Classification,6,2022,4,2022,3,09,28
2022-09-28,Corporation Income Taxes,null,820,109856,457238,IV,Federal Tax Deposits,Classification,5,2022,4,2022,3,09,28
2022-09-28,Withheld Income and Employment Taxes,null,9513,221650,3097268,IV,Federal Tax Deposits,Classification,1,2022,4,2022,3,09,28
2022-09-28,Individual Income Taxes,null,556,53824,580128,IV,Federal Tax Deposits,Classification,2,2022,4,2022,3,09,28
2022-09-28,Railroad Retirement Taxes,null,6,509,6098,IV,Federal Tax Deposits,Classification,3,2022,4,2022,3,09,28
2022-09-28,Excise Taxes,null,1190,6603,84110,IV,Federal Tax Deposits,Classification,4,2022,4,2022,3,09,28
2022-09-28,Estate and Gift Taxes & Misc IRS Rcpts.,null,42,621,4575,IV,Federal Tax Deposits,Classification,7,2022,4,2022,3,09,28
2022-09-28,Cash Federal Tax Deposits,Direct,232,2152,33737,IV,Federal Tax Deposits,Classification,9,2022,4,2022,3,09,28
2022-09-28,Cash Federal Tax Deposits,Through Depositaries,11889,381666,4080420,IV,Federal Tax Deposits,Classification,10,2022,4,2022,3,09,28
2022-09-28,Inter-agency Transfers,null,7,9272,122309,IV,Federal Tax Deposits,Classification,12,2022,4,2022,3,09,28
2022-09-27,Withheld Income and Employment Taxes,null,2351,212136,3087755,IV,Federal Tax Deposits,Classification,1,2022,4,2022,3,09,27
2022-09-27,Individual Income Taxes,null,460,53268,579572,IV,Federal Tax Deposits,Classification,2,2022,4,2022,3,09,27
2022-09-27,Railroad Retirement Taxes,null,2,504,6093,IV,Federal Tax Deposits,Classification,3,2022,4,2022,3,09,27
2022-09-27,Excise Taxes,null,577,5413,82921,IV,Federal Tax Deposits,Classification,4,2022,4,2022,3,09,27
2022-09-27,Corporation Income Taxes,null,109,109036,456418,IV,Federal Tax Deposits,Classification,5,2022,4,2022,3,09,27
2022-09-27,Federal Unemployment Taxes,null,1,26,7046,IV,Federal Tax Deposits,Classification,6,2022,4,2022,3,09,27
2022-09-27,Estate and Gift Taxes & Misc IRS Rcpts.,null,1,579,4533,IV,Federal Tax Deposits,Classification,7,2022,4,2022,3,09,27
2022-09-27,Cash Federal Tax Deposits,Direct,94,1920,33505,IV,Federal Tax Deposits,Classification,9,2022,4,2022,3,09,27
2022-09-27,Cash Federal Tax Deposits,Through Depositaries,3388,369777,4068531,IV,Federal Tax Deposits,Classification,10,2022,4,2022,3,09,27
2022-09-27,Inter-agency Transfers,null,19,9265,122302,IV,Federal Tax Deposits,Classification,12,2022,4,2022,3,09,27
2022-09-26,Withheld Income and Employment Taxes,null,18719,209786,3085404,IV,Federal Tax Deposits,Classification,1,2022,4,2022,3,09,26
2022-09-26,Individual Income Taxes,null,590,52808,579112,IV,Federal Tax Deposits,Classification,2,2022,4,2022,3,09,26
2022-09-26,Railroad Retirement Taxes,null,66,502,6091,IV,Federal Tax Deposits,Classification,3,2022,4,2022,3,09,26
2022-09-26,Excise Taxes,null,183,4836,82344,IV,Federal Tax Deposits,Classification,4,2022,4,2022,3,09,26
2022-09-26,Corporation Income Taxes,null,519,108927,456309,IV,Federal Tax Deposits,Classification,5,2022,4,2022,3,09,26
2022-09-26,Federal Unemployment Taxes,null,1,25,7045,IV,Federal Tax Deposits,Classification,6,2022,4,2022,3,09,26
2022-09-26,Estate and Gift Taxes & Misc IRS Rcpts.,null,100,578,4532,IV,Federal Tax Deposits,Classification,7,2022,4,2022,3,09,26
2022-09-26,Cash Federal Tax Deposits,Direct,68,1827,33411,IV,Federal Tax Deposits,Classification,9,2022,4,2022,3,09,26
2022-09-26,Cash Federal Tax Deposits,Through Depositaries,20084,366388,4065143,IV,Federal Tax Deposits,Classification,10,2022,4,2022,3,09,26
2022-09-26,Inter-agency Transfers,null,26,9246,122283,IV,Federal Tax Deposits,Classification,12,2022,4,2022,3,09,26
2022-09-23,Withheld Income and Employment Taxes,null,8020,191067,3066685,IV,Federal Tax Deposits,Classification,1,2022,4,2022,3,09,23
2022-09-23,Individual Income Taxes,null,431,52218,578521,IV,Federal Tax Deposits,Classification,2,2022,4,2022,3,09,23
2022-09-23,Railroad Retirement Taxes,null,49,435,6024,IV,Federal Tax Deposits,Classification,3,2022,4,2022,3,09,23
2022-09-23,Excise Taxes,null,339,4653,82161,IV,Federal Tax Deposits,Classification,4,2022,4,2022,3,09,23
2022-09-23,Corporation Income Taxes,null,2078,108408,455790,IV,Federal Tax Deposits,Classification,5,2022,4,2022,3,09,23
2022-09-23,Federal Unemployment Taxes,null,2,24,7044,IV,Federal Tax Deposits,Classification,6,2022,4,2022,3,09,23
2022-09-23,Estate and Gift Taxes & Misc IRS Rcpts.,null,1,478,4432,IV,Federal Tax Deposits,Classification,7,2022,4,2022,3,09,23
2022-09-23,Cash Federal Tax Deposits,Direct,87,1759,33343,IV,Federal Tax Deposits,Classification,9,2022,4,2022,3,09,23
2022-09-23,Cash Federal Tax Deposits,Through Depositaries,10816,346304,4045058,IV,Federal Tax Deposits,Classification,10,2022,4,2022,3,09,23
2022-09-23,Inter-agency Transfers,null,17,9220,122256,IV,Federal Tax Deposits,Classification,12,2022,4,2022,3,09,23
2022-09-22,Withheld Income and Employment Taxes,null,2858,183047,3058665,IV,Federal Tax Deposits,Classification,1,2022,4,2022,3,09,22
2022-09-22,Individual Income Taxes,null,469,51787,578090,IV,Federal Tax Deposits,Classification,2,2022,4,2022,3,09,22
2022-09-22,Railroad Retirement Taxes,null,2,386,5975,IV,Federal Tax Deposits,Classification,3,2022,4,2022,3,09,22
2022-09-22,Excise Taxes,null,57,4315,81822,IV,Federal Tax Deposits,Classification,4,2022,4,2022,3,09,22
2022-09-22,Corporation Income Taxes,null,232,106330,453712,IV,Federal Tax Deposits,Classification,5,2022,4,2022,3,09,22
2022-09-22,Federal Unemployment Taxes,null,1,21,7041,IV,Federal Tax Deposits,Classification,6,2022,4,2022,3,09,22
2022-09-22,Estate and Gift Taxes & Misc IRS Rcpts.,null,105,477,4431,IV,Federal Tax Deposits,Classification,7,2022,4,2022,3,09,22
2022-09-22,Cash Federal Tax Deposits,Direct,114,1672,33257,IV,Federal Tax Deposits,Classification,9,2022,4,2022,3,09,22
2022-09-22,Cash Federal Tax Deposits,Through Depositaries,3361,335489,4034243,IV,Federal Tax Deposits,Classification,10,2022,4,2022,3,09,22
2022-09-22,Inter-agency Transfers,null,250,9203,122239,IV,Federal Tax Deposits,Classification,12,2022,4,2022,3,09,22
2022-09-21,Withheld Income and Employment Taxes,null,11587,180189,3055808,IV,Federal Tax Deposits,Classification,1,2022,4,2022,3,09,21
2022-09-21,Individual Income Taxes,null,430,51317,577621,IV,Federal Tax Deposits,Classification,2,2022,4,2022,3,09,21
2022-09-21,Railroad Retirement Taxes,null,8,384,5973,IV,Federal Tax Deposits,Classification,3,2022,4,2022,3,09,21
2022-09-21,Excise Taxes,null,67,4258,81765,IV,Federal Tax Deposits,Classification,4,2022,4,2022,3,09,21
2022-09-21,Corporation Income Taxes,null,197,106098,453480,IV,Federal Tax Deposits,Classification,5,2022,4,2022,3,09,21
2022-09-21,Federal Unemployment Taxes,null,2,20,7040,IV,Federal Tax Deposits,Classification,6,2022,4,2022,3,09,21
2022-09-21,Estate and Gift Taxes & Misc IRS Rcpts.,null,1,372,4326,IV,Federal Tax Deposits,Classification,7,2022,4,2022,3,09,21
2022-09-21,Cash Federal Tax Deposits,Direct,131,1558,33143,IV,Federal Tax Deposits,Classification,9,2022,4,2022,3,09,21
2022-09-21,Cash Federal Tax Deposits,Through Depositaries,12149,332128,4030882,IV,Federal Tax Deposits,Classification,10,2022,4,2022,3,09,21
2022-09-21,Inter-agency Transfers,null,12,8952,121989,IV,Federal Tax Deposits,Classification,12,2022,4,2022,3,09,21
2022-09-20,Withheld Income and Employment Taxes,null,2780,168602,3044220,IV,Federal Tax Deposits,Classification,1,2022,4,2022,3,09,20
2022-09-20,Individual Income Taxes,null,707,50887,577191,IV,Federal Tax Deposits,Classification,2,2022,4,2022,3,09,20
2022-09-20,Railroad Retirement Taxes,null,2,376,5965,IV,Federal Tax Deposits,Classification,3,2022,4,2022,3,09,20
2022-09-20,Excise Taxes,null,27,4191,81698,IV,Federal Tax Deposits,Classification,4,2022,4,2022,3,09,20
2022-09-20,Corporation Income Taxes,null,235,105901,453284,IV,Federal Tax Deposits,Classification,5,2022,4,2022,3,09,20
2022-09-20,Federal Unemployment Taxes,null,2,19,7039,IV,Federal Tax Deposits,Classification,6,2022,4,2022,3,09,20
2022-09-20,Estate and Gift Taxes & Misc IRS Rcpts.,null,1,371,4325,IV,Federal Tax Deposits,Classification,7,2022,4,2022,3,09,20
2022-09-20,Cash Federal Tax Deposits,Direct,52,1428,33012,IV,Federal Tax Deposits,Classification,9,2022,4,2022,3,09,20
2022-09-20,Cash Federal Tax Deposits,Through Depositaries,3690,319979,4018733,IV,Federal Tax Deposits,Classification,10,2022,4,2022,3,09,20
2022-09-20,Inter-agency Transfers,null,11,8940,121976,IV,Federal Tax Deposits,Classification,12,2022,4,2022,3,09,20
2022-09-19,Withheld Income and Employment Taxes,null,21545,165822,3041441,IV,Federal Tax Deposits,Classification,1,2022,4,2022,3,09,19
2022-09-19,Individual Income Taxes,null,1265,50181,576484,IV,Federal Tax Deposits,Classification,2,2022,4,2022,3,09,19
2022-09-19,Railroad Retirement Taxes,null,43,374,5963,IV,Federal Tax Deposits,Classification,3,2022,4,2022,3,09,19
2022-09-19,Excise Taxes,null,19,4163,81671,IV,Federal Tax Deposits,Classification,4,2022,4,2022,3,09,19
2022-09-19,Corporation Income Taxes,null,49,105666,453048,IV,Federal Tax Deposits,Classification,5,2022,4,2022,3,09,19
2022-09-19,Federal Unemployment Taxes,null,1,17,7037,IV,Federal Tax Deposits,Classification,6,2022,4,2022,3,09,19
2022-09-19,Estate and Gift Taxes & Misc IRS Rcpts.,null,77,370,4324,IV,Federal Tax Deposits,Classification,7,2022,4,2022,3,09,19
2022-09-19,Cash Federal Tax Deposits,Direct,33,1375,32960,IV,Federal Tax Deposits,Classification,9,2022,4,2022,3,09,19
2022-09-19,Cash Federal Tax Deposits,Through Depositaries,22167,316289,4015043,IV,Federal Tax Deposits,Classification,10,2022,4,2022,3,09,19
2022-09-19,Inter-agency Transfers,null,799,8929,121965,IV,Federal Tax Deposits,Classification,12,2022,4,2022,3,09,19
2022-09-16,Withheld Income and Employment Taxes,null,21288,144276,3019895,IV,Federal Tax Deposits,Classification,1,2022,4,2022,3,09,16
2022-09-16,Individual Income Taxes,null,5160,48915,575219,IV,Federal Tax Deposits,Classification,2,2022,4,2022,3,09,16
2022-09-16,Railroad Retirement Taxes,null,29,330,5919,IV,Federal Tax Deposits,Classification,3,2022,4,2022,3,09,16
2022-09-16,Excise Taxes,null,37,4144,81652,IV,Federal Tax Deposits,Classification,4,2022,4,2022,3,09,16
2022-09-16,Corporation Income Taxes,null,1175,105617,453000,IV,Federal Tax Deposits,Classification,5,2022,4,2022,3,09,16
2022-09-16,Federal Unemployment Taxes,null,1,16,7036,IV,Federal Tax Deposits,Classification,6,2022,4,2022,3,09,16
2022-09-16,Estate and Gift Taxes & Misc IRS Rcpts.,null,236,294,4248,IV,Federal Tax Deposits,Classification,7,2022,4,2022,3,09,16
2022-09-16,Cash Federal Tax Deposits,Direct,46,1343,32927,IV,Federal Tax Deposits,Classification,9,2022,4,2022,3,09,16
2022-09-16,Cash Federal Tax Deposits,Through Depositaries,26867,294122,3992876,IV,Federal Tax Deposits,Classification,10,2022,4,2022,3,09,16
2022-09-16,Inter-agency Transfers,null,1013,8130,121166,IV,Federal Tax Deposits,Classification,12,2022,4,2022,3,09,16
2022-09-15,Withheld Income and Employment Taxes,null,8113,122989,2998608,IV,Federal Tax Deposits,Classification,1,2022,4,2022,3,09,15
2022-09-15,Individual Income Taxes,null,18906,43756,570059,IV,Federal Tax Deposits,Classification,2,2022,4,2022,3,09,15
2022-09-15,Railroad Retirement Taxes,null,4,301,5890,IV,Federal Tax Deposits,Classification,3,2022,4,2022,3,09,15
2022-09-15,Excise Taxes,null,141,4108,81615,IV,Federal Tax Deposits,Classification,4,2022,4,2022,3,09,15
2022-09-15,Corporation Income Taxes,null,63711,104442,451824,IV,Federal Tax Deposits,Classification,5,2022,4,2022,3,09,15
2022-09-15,Federal Unemployment Taxes,null,2,15,7035,IV,Federal Tax Deposits,Classification,6,2022,4,2022,3,09,15
2022-09-15,Estate and Gift Taxes & Misc IRS Rcpts.,null,13,58,4012,IV,Federal Tax Deposits,Classification,7,2022,4,2022,3,09,15
2022-09-15,Cash Federal Tax Deposits,Direct,85,1296,32881,IV,Federal Tax Deposits,Classification,9,2022,4,2022,3,09,15
2022-09-15,Cash Federal Tax Deposits,Through Depositaries,90098,267255,3966009,IV,Federal Tax Deposits,Classification,10,2022,4,2022,3,09,15
2022-09-15,Inter-agency Transfers,null,707,7117,120153,IV,Federal Tax Deposits,Classification,12,2022,4,2022,3,09,15
2022-09-14,Withheld Income and Employment Taxes,null,11853,114875,2990494,IV,Federal Tax Deposits,Classification,1,2022,4,2022,3,09,14
2022-09-14,Individual Income Taxes,null,8347,24849,551153,IV,Federal Tax Deposits,Classification,2,2022,4,2022,3,09,14
2022-09-14,Railroad Retirement Taxes,null,83,297,5886,IV,Federal Tax Deposits,Classification,3,2022,4,2022,3,09,14
2022-09-14,Excise Taxes,null,2439,3967,81474,IV,Federal Tax Deposits,Classification,4,2022,4,2022,3,09,14
2022-09-14,Corporation Income Taxes,null,22084,40731,388114,IV,Federal Tax Deposits,Classification,5,2022,4,2022,3,09,14
2022-09-14,Federal Unemployment Taxes,null,2,13,7033,IV,Federal Tax Deposits,Classification,6,2022,4,2022,3,09,14
2022-09-14,Estate and Gift Taxes & Misc IRS Rcpts.,null,2,44,3998,IV,Federal Tax Deposits,Classification,7,2022,4,2022,3,09,14
2022-09-14,Cash Federal Tax Deposits,Direct,763,1211,32796,IV,Federal Tax Deposits,Classification,9,2022,4,2022,3,09,14
2022-09-14,Cash Federal Tax Deposits,Through Depositaries,44036,177156,3875911,IV,Federal Tax Deposits,Classification,10,2022,4,2022,3,09,14
2022-09-14,Inter-agency Transfers,null,10,6410,119446,IV,Federal Tax Deposits,Classification,12,2022,4,2022,3,09,14
2022-09-13,Withheld Income and Employment Taxes,null,2304,103023,2978642,IV,Federal Tax Deposits,Classification,1,2022,4,2022,3,09,13
2022-09-13,Individual Income Taxes,null,5663,16502,542806,IV,Federal Tax Deposits,Classification,2,2022,4,2022,3,09,13
2022-09-13,Railroad Retirement Taxes,null,5,214,5803,IV,Federal Tax Deposits,Classification,3,2022,4,2022,3,09,13
2022-09-13,Excise Taxes,null,552,1528,79036,IV,Federal Tax Deposits,Classification,4,2022,4,2022,3,09,13
2022-09-13,Corporation Income Taxes,null,8806,18648,366030,IV,Federal Tax Deposits,Classification,5,2022,4,2022,3,09,13
2022-09-13,Federal Unemployment Taxes,null,1,11,7031,IV,Federal Tax Deposits,Classification,6,2022,4,2022,3,09,13
2022-09-13,Estate and Gift Taxes & Misc IRS Rcpts.,null,1,42,3996,IV,Federal Tax Deposits,Classification,7,2022,4,2022,3,09,13
2022-09-13,Cash Federal Tax Deposits,Direct,135,448,32033,IV,Federal Tax Deposits,Classification,9,2022,4,2022,3,09,13
2022-09-13,Cash Federal Tax Deposits,Through Depositaries,17176,133121,3831875,IV,Federal Tax Deposits,Classification,10,2022,4,2022,3,09,13
2022-09-13,Inter-agency Transfers,null,19,6400,119436,IV,Federal Tax Deposits,Classification,12,2022,4,2022,3,09,13
2022-09-12,Withheld Income and Employment Taxes,null,18979,100719,2976338,IV,Federal Tax Deposits,Classification,1,2022,4,2022,3,09,12
2022-09-12,Individual Income Taxes,null,4260,10840,537144,IV,Federal Tax Deposits,Classification,2,2022,4,2022,3,09,12
2022-09-12,Railroad Retirement Taxes,null,71,209,5798,IV,Federal Tax Deposits,Classification,3,2022,4,2022,3,09,12
2022-09-12,Excise Taxes,null,573,976,78484,IV,Federal Tax Deposits,Classification,4,2022,4,2022,3,09,12
2022-09-12,Corporation Income Taxes,null,4604,9842,357224,IV,Federal Tax Deposits,Classification,5,2022,4,2022,3,09,12
2022-09-12,Federal Unemployment Taxes,null,2,11,7031,IV,Federal Tax Deposits,Classification,6,2022,4,2022,3,09,12
2022-09-12,Estate and Gift Taxes & Misc IRS Rcpts.,null,6,41,3995,IV,Federal Tax Deposits,Classification,7,2022,4,2022,3,09,12
2022-09-12,Cash Federal Tax Deposits,Direct,38,313,31898,IV,Federal Tax Deposits,Classification,9,2022,4,2022,3,09,12
2022-09-12,Cash Federal Tax Deposits,Through Depositaries,27984,115944,3814699,IV,Federal Tax Deposits,Classification,10,2022,4,2022,3,09,12
2022-09-12,Inter-agency Transfers,null,473,6380,119417,IV,Federal Tax Deposits,Classification,12,2022,4,2022,3,09,12
2022-09-09,Withheld Income and Employment Taxes,null,7107,81740,2957359,IV,Federal Tax Deposits,Classification,1,2022,4,2022,3,09,09
2022-09-09,Individual Income Taxes,null,1748,6580,532884,IV,Federal Tax Deposits,Classification,2,2022,4,2022,3,09,09
2022-09-09,Railroad Retirement Taxes,null,53,138,5727,IV,Federal Tax Deposits,Classification,3,2022,4,2022,3,09,09
2022-09-09,Excise Taxes,null,119,403,77911,IV,Federal Tax Deposits,Classification,4,2022,4,2022,3,09,09
2022-09-09,Corporation Income Taxes,null,3328,5238,352620,IV,Federal Tax Deposits,Classification,5,2022,4,2022,3,09,09
2022-09-09,Federal Unemployment Taxes,null,2,9,7029,IV,Federal Tax Deposits,Classification,6,2022,4,2022,3,09,09
2022-09-09,Estate and Gift Taxes & Misc IRS Rcpts.,null,12,35,3989,IV,Federal Tax Deposits,Classification,7,2022,4,2022,3,09,09
2022-09-09,Cash Federal Tax Deposits,Direct,45,275,31860,IV,Federal Tax Deposits,Classification,9,2022,4,2022,3,09,09
2022-09-09,Cash Federal Tax Deposits,Through Depositaries,12287,87960,3786714,IV,Federal Tax Deposits,Classification,10,2022,4,2022,3,09,09
2022-09-09,Inter-agency Transfers,null,35,5907,118944,IV,Federal Tax Deposits,Classification,12,2022,4,2022,3,09,09
2022-09-08,Withheld Income and Employment Taxes,null,11573,74634,2950252,IV,Federal Tax Deposits,Classification,1,2022,4,2022,3,09,08
2022-09-08,Individual Income Taxes,null,1225,4831,531135,IV,Federal Tax Deposits,Classification,2,2022,4,2022,3,09,08
2022-09-08,Railroad Retirement Taxes,null,1,86,5675,IV,Federal Tax Deposits,Classification,3,2022,4,2022,3,09,08
2022-09-08,Excise Taxes,null,78,284,77792,IV,Federal Tax Deposits,Classification,4,2022,4,2022,3,09,08
2022-09-08,Corporation Income Taxes,null,833,1910,349292,IV,Federal Tax Deposits,Classification,5,2022,4,2022,3,09,08
2022-09-08,Federal Unemployment Taxes,null,1,7,7027,IV,Federal Tax Deposits,Classification,6,2022,4,2022,3,09,08
2022-09-08,Estate and Gift Taxes & Misc IRS Rcpts.,null,5,23,3977,IV,Federal Tax Deposits,Classification,7,2022,4,2022,3,09,08
2022-09-08,Cash Federal Tax Deposits,Direct,98,230,31815,IV,Federal Tax Deposits,Classification,9,2022,4,2022,3,09,08
2022-09-08,Cash Federal Tax Deposits,Through Depositaries,13366,75673,3774427,IV,Federal Tax Deposits,Classification,10,2022,4,2022,3,09,08
2022-09-08,Inter-agency Transfers,null,253,5873,118909,IV,Federal Tax Deposits,Classification,12,2022,4,2022,3,09,08
2022-09-07,Withheld Income and Employment Taxes,null,4846,63061,2938679,IV,Federal Tax Deposits,Classification,1,2022,4,2022,3,09,07
2022-09-07,Individual Income Taxes,null,1037,3607,529910,IV,Federal Tax Deposits,Classification,2,2022,4,2022,3,09,07
2022-09-07,Railroad Retirement Taxes,null,4,84,5673,IV,Federal Tax Deposits,Classification,3,2022,4,2022,3,09,07
2022-09-07,Excise Taxes,null,36,206,77714,IV,Federal Tax Deposits,Classification,4,2022,4,2022,3,09,07
2022-09-07,Corporation Income Taxes,null,242,1077,348460,IV,Federal Tax Deposits,Classification,5,2022,4,2022,3,09,07
2022-09-07,Federal Unemployment Taxes,null,1,6,7026,IV,Federal Tax Deposits,Classification,6,2022,4,2022,3,09,07
2022-09-07,Estate and Gift Taxes & Misc IRS Rcpts.,null,2,18,3972,IV,Federal Tax Deposits,Classification,7,2022,4,2022,3,09,07
2022-09-07,Cash Federal Tax Deposits,Direct,32,132,31717,IV,Federal Tax Deposits,Classification,9,2022,4,2022,3,09,07
2022-09-07,Cash Federal Tax Deposits,Through Depositaries,6114,62308,3761062,IV,Federal Tax Deposits,Classification,10,2022,4,2022,3,09,07
2022-09-07,Inter-agency Transfers,null,24,5620,118656,IV,Federal Tax Deposits,Classification,12,2022,4,2022,3,09,07
2022-09-06,Withheld Income and Employment Taxes,null,21722,58215,2933833,IV,Federal Tax Deposits,Classification,1,2022,4,2022,3,09,06
2022-09-06,Individual Income Taxes,null,1352,2569,528873,IV,Federal Tax Deposits,Classification,2,2022,4,2022,3,09,06
2022-09-06,Railroad Retirement Taxes,null,29,80,5669,IV,Federal Tax Deposits,Classification,3,2022,4,2022,3,09,06
2022-09-06,Excise Taxes,null,31,170,77677,IV,Federal Tax Deposits,Classification,4,2022,4,2022,3,09,06
2022-09-06,Corporation Income Taxes,null,277,835,348218,IV,Federal Tax Deposits,Classification,5,2022,4,2022,3,09,06
2022-09-06,Federal Unemployment Taxes,null,2,5,7025,IV,Federal Tax Deposits,Classification,6,2022,4,2022,3,09,06
2022-09-06,Estate and Gift Taxes & Misc IRS Rcpts.,null,10,16,3970,IV,Federal Tax Deposits,Classification,7,2022,4,2022,3,09,06
2022-09-06,Cash Federal Tax Deposits,Direct,24,101,31685,IV,Federal Tax Deposits,Classification,9,2022,4,2022,3,09,06
2022-09-06,Cash Federal Tax Deposits,Through Depositaries,22575,56193,3754948,IV,Federal Tax Deposits,Classification,10,2022,4,2022,3,09,06
2022-09-06,Inter-agency Transfers,null,823,5596,118632,IV,Federal Tax Deposits,Classification,12,2022,4,2022,3,09,06
2022-09-02,Withheld Income and Employment Taxes,null,15711,36493,2912111,IV,Federal Tax Deposits,Classification,1,2022,4,2022,3,09,02
2022-09-02,Individual Income Taxes,null,586,1217,527521,IV,Federal Tax Deposits,Classification,2,2022,4,2022,3,09,02
2022-09-02,Railroad Retirement Taxes,null,44,51,5640,IV,Federal Tax Deposits,Classification,3,2022,4,2022,3,09,02
2022-09-02,Excise Taxes,null,78,139,77646,IV,Federal Tax Deposits,Classification,4,2022,4,2022,3,09,02
2022-09-02,Corporation Income Taxes,null,314,558,347940,IV,Federal Tax Deposits,Classification,5,2022,4,2022,3,09,02
2022-09-02,Federal Unemployment Taxes,null,2,3,7023,IV,Federal Tax Deposits,Classification,6,2022,4,2022,3,09,02
2022-09-02,Estate and Gift Taxes & Misc IRS Rcpts.,null,4,6,3960,IV,Federal Tax Deposits,Classification,7,2022,4,2022,3,09,02
2022-09-02,Cash Federal Tax Deposits,Direct,32,77,31662,IV,Federal Tax Deposits,Classification,9,2022,4,2022,3,09,02
2022-09-02,Cash Federal Tax Deposits,Through Depositaries,13173,33618,3732372,IV,Federal Tax Deposits,Classification,10,2022,4,2022,3,09,02
2022-09-02,Inter-agency Transfers,null,3533,4773,117809,IV,Federal Tax Deposits,Classification,12,2022,4,2022,3,09,02
2022-09-01,Withheld Income and Employment Taxes,null,20782,20782,2896401,IV,Federal Tax Deposits,Classification,1,2022,4,2022,3,09,01
2022-09-01,Individual Income Taxes,null,631,631,526935,IV,Federal Tax Deposits,Classification,2,2022,4,2022,3,09,01
2022-09-01,Railroad Retirement Taxes,null,8,8,5597,IV,Federal Tax Deposits,Classification,3,2022,4,2022,3,09,01
2022-09-01,Excise Taxes,null,61,61,77569,IV,Federal Tax Deposits,Classification,4,2022,4,2022,3,09,01
2022-09-01,Corporation Income Taxes,null,244,244,347626,IV,Federal Tax Deposits,Classification,5,2022,4,2022,3,09,01
2022-09-01,Federal Unemployment Taxes,null,1,1,7021,IV,Federal Tax Deposits,Classification,6,2022,4,2022,3,09,01
2022-09-01,Estate and Gift Taxes & Misc IRS Rcpts.,null,2,2,3956,IV,Federal Tax Deposits,Classification,7,2022,4,2022,3,09,01
2022-09-01,Cash Federal Tax Deposits,Direct,45,45,31630,IV,Federal Tax Deposits,Classification,9,2022,4,2022,3,09,01
2022-09-01,Cash Federal Tax Deposits,Through Depositaries,20445,20445,3719200,IV,Federal Tax Deposits,Classification,10,2022,4,2022,3,09,01
2022-09-01,Inter-agency Transfers,null,1239,1239,114275,IV,Federal Tax Deposits,Classification,12,2022,4,2022,3,09,01
2022-08-31,Withheld Income and Employment Taxes,null,11764,253447,2875619,IV,Federal Tax Deposits,Classification,1,2022,4,2022,3,08,31
2022-08-31,Individual Income Taxes,null,471,8031,526304,IV,Federal Tax Deposits,Classification,2,2022,4,2022,3,08,31
2022-08-31,Railroad Retirement Taxes,null,19,453,5589,IV,Federal Tax Deposits,Classification,3,2022,4,2022,3,08,31
2022-08-31,Excise Taxes,null,112,8420,77508,IV,Federal Tax Deposits,Classification,4,2022,4,2022,3,08,31
2022-08-31,Corporation Income Taxes,null,177,5988,347382,IV,Federal Tax Deposits,Classification,5,2022,4,2022,3,08,31
2022-08-31,Federal Unemployment Taxes,null,2,624,7020,IV,Federal Tax Deposits,Classification,6,2022,4,2022,3,08,31
2022-08-31,Estate and Gift Taxes & Misc IRS Rcpts.,null,6,157,3954,IV,Federal Tax Deposits,Classification,7,2022,4,2022,3,08,31
2022-08-31,Cash Federal Tax Deposits,Direct,47,2662,31585,IV,Federal Tax Deposits,Classification,9,2022,4,2022,3,08,31
2022-08-31,Cash Federal Tax Deposits,Through Depositaries,12453,264381,3698754,IV,Federal Tax Deposits,Classification,10,2022,4,2022,3,08,31
2022-08-31,Inter-agency Transfers,null,49,10078,113036,IV,Federal Tax Deposits,Classification,12,2022,4,2022,3,08,31
2022-08-30,Withheld Income and Employment Taxes,null,2728,241684,2863855,IV,Federal Tax Deposits,Classification,1,2022,4,2022,3,08,30
2022-08-30,Individual Income Taxes,null,399,7560,525833,IV,Federal Tax Deposits,Classification,2,2022,4,2022,3,08,30
2022-08-30,Railroad Retirement Taxes,null,3,434,5570,IV,Federal Tax Deposits,Classification,3,2022,4,2022,3,08,30
2022-08-30,Excise Taxes,null,122,8308,77396,IV,Federal Tax Deposits,Classification,4,2022,4,2022,3,08,30
2022-08-30,Corporation Income Taxes,null,1004,5811,347205,IV,Federal Tax Deposits,Classification,5,2022,4,2022,3,08,30
2022-08-30,Federal Unemployment Taxes,null,1,623,7018,IV,Federal Tax Deposits,Classification,6,2022,4,2022,3,08,30
2022-08-30,Estate and Gift Taxes & Misc IRS Rcpts.,null,5,151,3948,IV,Federal Tax Deposits,Classification,7,2022,4,2022,3,08,30
2022-08-30,Cash Federal Tax Deposits,Direct,37,2616,31538,IV,Federal Tax Deposits,Classification,9,2022,4,2022,3,08,30
2022-08-30,Cash Federal Tax Deposits,Through Depositaries,3863,251928,3686301,IV,Federal Tax Deposits,Classification,10,2022,4,2022,3,08,30
2022-08-30,Inter-agency Transfers,null,362,10029,112987,IV,Federal Tax Deposits,Classification,12,2022,4,2022,3,08,30
2022-08-29,Withheld Income and Employment Taxes,null,18902,238956,2861128,IV,Federal Tax Deposits,Classification,1,2022,4,2022,3,08,29
2022-08-29,Individual Income Taxes,null,550,7161,525434,IV,Federal Tax Deposits,Classification,2,2022,4,2022,3,08,29
2022-08-29,Railroad Retirement Taxes,null,36,431,5567,IV,Federal Tax Deposits,Classification,3,2022,4,2022,3,08,29
2022-08-29,Excise Taxes,null,2059,8186,77273,IV,Federal Tax Deposits,Classification,4,2022,4,2022,3,08,29
2022-08-29,Corporation Income Taxes,null,472,4808,346202,IV,Federal Tax Deposits,Classification,5,2022,4,2022,3,08,29
2022-08-29,Federal Unemployment Taxes,null,1,622,7017,IV,Federal Tax Deposits,Classification,6,2022,4,2022,3,08,29
2022-08-29,Estate and Gift Taxes & Misc IRS Rcpts.,null,1,147,3943,IV,Federal Tax Deposits,Classification,7,2022,4,2022,3,08,29
2022-08-29,Cash Federal Tax Deposits,Direct,626,2578,31501,IV,Federal Tax Deposits,Classification,9,2022,4,2022,3,08,29
2022-08-29,Cash Federal Tax Deposits,Through Depositaries,21371,248065,3682439,IV,Federal Tax Deposits,Classification,10,2022,4,2022,3,08,29
2022-08-29,Inter-agency Transfers,null,24,9666,112625,IV,Federal Tax Deposits,Classification,12,2022,4,2022,3,08,29
2022-08-26,Inter-agency Transfers,null,13,9642,112601,IV,Federal Tax Deposits,Classification,12,2022,4,2022,3,08,26
2022-08-26,Withheld Income and Employment Taxes,null,7606,220054,2842226,IV,Federal Tax Deposits,Classification,1,2022,4,2022,3,08,26
2022-08-26,Individual Income Taxes,null,338,6610,524883,IV,Federal Tax Deposits,Classification,2,2022,4,2022,3,08,26
2022-08-26,Railroad Retirement Taxes,null,55,395,5531,IV,Federal Tax Deposits,Classification,3,2022,4,2022,3,08,26
2022-08-26,Excise Taxes,null,509,6127,75214,IV,Federal Tax Deposits,Classification,4,2022,4,2022,3,08,26
2022-08-26,Corporation Income Taxes,null,154,4336,345730,IV,Federal Tax Deposits,Classification,5,2022,4,2022,3,08,26
2022-08-26,Federal Unemployment Taxes,null,2,620,7016,IV,Federal Tax Deposits,Classification,6,2022,4,2022,3,08,26
2022-08-26,Estate and Gift Taxes & Misc IRS Rcpts.,null,3,146,3943,IV,Federal Tax Deposits,Classification,7,2022,4,2022,3,08,26
2022-08-26,Cash Federal Tax Deposits,Direct,103,1952,30874,IV,Federal Tax Deposits,Classification,9,2022,4,2022,3,08,26
2022-08-26,Cash Federal Tax Deposits,Through Depositaries,8550,226694,3661067,IV,Federal Tax Deposits,Classification,10,2022,4,2022,3,08,26
2022-08-25,Withheld Income and Employment Taxes,null,2578,212449,2834620,IV,Federal Tax Deposits,Classification,1,2022,4,2022,3,08,25
2022-08-25,Individual Income Taxes,null,336,6272,524545,IV,Federal Tax Deposits,Classification,2,2022,4,2022,3,08,25
2022-08-25,Railroad Retirement Taxes,null,33,340,5475,IV,Federal Tax Deposits,Classification,3,2022,4,2022,3,08,25
2022-08-25,Excise Taxes,null,639,5618,74705,IV,Federal Tax Deposits,Classification,4,2022,4,2022,3,08,25
2022-08-25,Corporation Income Taxes,null,85,4182,345577,IV,Federal Tax Deposits,Classification,5,2022,4,2022,3,08,25
2022-08-25,Federal Unemployment Taxes,null,1,619,7014,IV,Federal Tax Deposits,Classification,6,2022,4,2022,3,08,25
2022-08-25,Estate and Gift Taxes & Misc IRS Rcpts.,null,4,143,3940,IV,Federal Tax Deposits,Classification,7,2022,4,2022,3,08,25
2022-08-25,Cash Federal Tax Deposits,Direct,56,1849,30771,IV,Federal Tax Deposits,Classification,9,2022,4,2022,3,08,25
2022-08-25,Cash Federal Tax Deposits,Through Depositaries,3369,218144,3652517,IV,Federal Tax Deposits,Classification,10,2022,4,2022,3,08,25
2022-08-25,Inter-agency Transfers,null,251,9629,112588,IV,Federal Tax Deposits,Classification,12,2022,4,2022,3,08,25
2022-08-24,Withheld Income and Employment Taxes,null,9189,209871,2832042,IV,Federal Tax Deposits,Classification,1,2022,4,2022,3,08,24
2022-08-24,Individual Income Taxes,null,323,5936,524209,IV,Federal Tax Deposits,Classification,2,2022,4,2022,3,08,24
2022-08-24,Railroad Retirement Taxes,null,2,307,5442,IV,Federal Tax Deposits,Classification,3,2022,4,2022,3,08,24
2022-08-24,Excise Taxes,null,108,4979,74066,IV,Federal Tax Deposits,Classification,4,2022,4,2022,3,08,24
2022-08-24,Corporation Income Taxes,null,53,4097,345492,IV,Federal Tax Deposits,Classification,5,2022,4,2022,3,08,24
2022-08-24,Federal Unemployment Taxes,null,2,617,7013,IV,Federal Tax Deposits,Classification,6,2022,4,2022,3,08,24
2022-08-24,Estate and Gift Taxes & Misc IRS Rcpts.,null,2,139,3936,IV,Federal Tax Deposits,Classification,7,2022,4,2022,3,08,24
2022-08-24,Cash Federal Tax Deposits,Direct,40,1793,30715,IV,Federal Tax Deposits,Classification,9,2022,4,2022,3,08,24
2022-08-24,Cash Federal Tax Deposits,Through Depositaries,9627,214775,3649148,IV,Federal Tax Deposits,Classification,10,2022,4,2022,3,08,24
2022-08-24,Inter-agency Transfers,null,11,9378,112337,IV,Federal Tax Deposits,Classification,12,2022,4,2022,3,08,24
2022-08-23,Withheld Income and Employment Taxes,null,2581,200682,2822854,IV,Federal Tax Deposits,Classification,1,2022,4,2022,3,08,23
2022-08-23,Individual Income Taxes,null,312,5613,523886,IV,Federal Tax Deposits,Classification,2,2022,4,2022,3,08,23
2022-08-23,Railroad Retirement Taxes,null,2,305,5440,IV,Federal Tax Deposits,Classification,3,2022,4,2022,3,08,23
2022-08-23,Excise Taxes,null,66,4871,73958,IV,Federal Tax Deposits,Classification,4,2022,4,2022,3,08,23
2022-08-23,Corporation Income Taxes,null,61,4044,345439,IV,Federal Tax Deposits,Classification,5,2022,4,2022,3,08,23
2022-08-23,Federal Unemployment Taxes,null,1,616,7012,IV,Federal Tax Deposits,Classification,6,2022,4,2022,3,08,23
2022-08-23,Estate and Gift Taxes & Misc IRS Rcpts.,null,2,137,3934,IV,Federal Tax Deposits,Classification,7,2022,4,2022,3,08,23
2022-08-23,Cash Federal Tax Deposits,Direct,41,1753,30675,IV,Federal Tax Deposits,Classification,9,2022,4,2022,3,08,23
2022-08-23,Cash Federal Tax Deposits,Through Depositaries,2974,205148,3639522,IV,Federal Tax Deposits,Classification,10,2022,4,2022,3,08,23
2022-08-23,Inter-agency Transfers,null,10,9367,112326,IV,Federal Tax Deposits,Classification,12,2022,4,2022,3,08,23
2022-08-22,Withheld Income and Employment Taxes,null,22476,198102,2820273,IV,Federal Tax Deposits,Classification,1,2022,4,2022,3,08,22
2022-08-22,Individual Income Taxes,null,490,5301,523574,IV,Federal Tax Deposits,Classification,2,2022,4,2022,3,08,22
2022-08-22,Railroad Retirement Taxes,null,34,303,5438,IV,Federal Tax Deposits,Classification,3,2022,4,2022,3,08,22
2022-08-22,Excise Taxes,null,55,4804,73892,IV,Federal Tax Deposits,Classification,4,2022,4,2022,3,08,22
2022-08-22,Corporation Income Taxes,null,35,3984,345378,IV,Federal Tax Deposits,Classification,5,2022,4,2022,3,08,22
2022-08-22,Federal Unemployment Taxes,null,1,615,7010,IV,Federal Tax Deposits,Classification,6,2022,4,2022,3,08,22
2022-08-22,Estate and Gift Taxes & Misc IRS Rcpts.,null,2,135,3932,IV,Federal Tax Deposits,Classification,7,2022,4,2022,3,08,22
2022-08-22,Cash Federal Tax Deposits,Direct,26,1712,30634,IV,Federal Tax Deposits,Classification,9,2022,4,2022,3,08,22
2022-08-22,Cash Federal Tax Deposits,Through Depositaries,22262,202174,3636548,IV,Federal Tax Deposits,Classification,10,2022,4,2022,3,08,22
2022-08-22,Inter-agency Transfers,null,806,9357,112316,IV,Federal Tax Deposits,Classification,12,2022,4,2022,3,08,22
2022-08-19,Withheld Income and Employment Taxes,null,10704,175626,2797797,IV,Federal Tax Deposits,Classification,1,2022,4,2022,3,08,19
2022-08-19,Individual Income Taxes,null,267,4811,523084,IV,Federal Tax Deposits,Classification,2,2022,4,2022,3,08,19
2022-08-19,Railroad Retirement Taxes,null,16,268,5404,IV,Federal Tax Deposits,Classification,3,2022,4,2022,3,08,19
2022-08-19,Excise Taxes,null,71,4750,73837,IV,Federal Tax Deposits,Classification,4,2022,4,2022,3,08,19
2022-08-19,Corporation Income Taxes,null,188,3949,345343,IV,Federal Tax Deposits,Classification,5,2022,4,2022,3,08,19
2022-08-19,Federal Unemployment Taxes,null,1,613,7009,IV,Federal Tax Deposits,Classification,6,2022,4,2022,3,08,19
2022-08-19,Estate and Gift Taxes & Misc IRS Rcpts.,null,2,133,3930,IV,Federal Tax Deposits,Classification,7,2022,4,2022,3,08,19
2022-08-19,Cash Federal Tax Deposits,Direct,50,1686,30608,IV,Federal Tax Deposits,Classification,9,2022,4,2022,3,08,19
2022-08-19,Cash Federal Tax Deposits,Through Depositaries,10191,179912,3614286,IV,Federal Tax Deposits,Classification,10,2022,4,2022,3,08,19
2022-08-19,Inter-agency Transfers,null,1008,8551,111510,IV,Federal Tax Deposits,Classification,12,2022,4,2022,3,08,19
2022-08-18,Withheld Income and Employment Taxes,null,3277,164922,2787093,IV,Federal Tax Deposits,Classification,1,2022,4,2022,3,08,18
2022-08-18,Individual Income Taxes,null,288,4544,522816,IV,Federal Tax Deposits,Classification,2,2022,4,2022,3,08,18
2022-08-18,Railroad Retirement Taxes,null,1,252,5388,IV,Federal Tax Deposits,Classification,3,2022,4,2022,3,08,18
2022-08-18,Excise Taxes,null,35,4679,73766,IV,Federal Tax Deposits,Classification,4,2022,4,2022,3,08,18
2022-08-18,Corporation Income Taxes,null,80,3761,345155,IV,Federal Tax Deposits,Classification,5,2022,4,2022,3,08,18
2022-08-18,Federal Unemployment Taxes,null,1,612,7008,IV,Federal Tax Deposits,Classification,6,2022,4,2022,3,08,18
2022-08-18,Estate and Gift Taxes & Misc IRS Rcpts.,null,4,131,3928,IV,Federal Tax Deposits,Classification,7,2022,4,2022,3,08,18
2022-08-18,Cash Federal Tax Deposits,Direct,46,1635,30557,IV,Federal Tax Deposits,Classification,9,2022,4,2022,3,08,18
2022-08-18,Cash Federal Tax Deposits,Through Depositaries,3340,169722,3604095,IV,Federal Tax Deposits,Classification,10,2022,4,2022,3,08,18
2022-08-18,Inter-agency Transfers,null,299,7543,110502,IV,Federal Tax Deposits,Classification,12,2022,4,2022,3,08,18
2022-08-17,Withheld Income and Employment Taxes,null,10733,161645,2783816,IV,Federal Tax Deposits,Classification,1,2022,4,2022,3,08,17
2022-08-17,Individual Income Taxes,null,315,4256,522529,IV,Federal Tax Deposits,Classification,2,2022,4,2022,3,08,17
2022-08-17,Railroad Retirement Taxes,null,2,251,5387,IV,Federal Tax Deposits,Classification,3,2022,4,2022,3,08,17
2022-08-17,Excise Taxes,null,35,4644,73731,IV,Federal Tax Deposits,Classification,4,2022,4,2022,3,08,17
2022-08-17,Corporation Income Taxes,null,53,3680,345075,IV,Federal Tax Deposits,Classification,5,2022,4,2022,3,08,17
2022-08-17,Federal Unemployment Taxes,null,2,611,7007,IV,Federal Tax Deposits,Classification,6,2022,4,2022,3,08,17
2022-08-17,Estate and Gift Taxes & Misc IRS Rcpts.,null,3,128,3924,IV,Federal Tax Deposits,Classification,7,2022,4,2022,3,08,17
2022-08-17,Cash Federal Tax Deposits,Direct,48,1589,30511,IV,Federal Tax Deposits,Classification,9,2022,4,2022,3,08,17
2022-08-17,Cash Federal Tax Deposits,Through Depositaries,11048,166382,3600755,IV,Federal Tax Deposits,Classification,10,2022,4,2022,3,08,17
2022-08-17,Inter-agency Transfers,null,46,7244,110203,IV,Federal Tax Deposits,Classification,12,2022,4,2022,3,08,17
2022-08-16,Withheld Income and Employment Taxes,null,14095,150912,2773084,IV,Federal Tax Deposits,Classification,1,2022,4,2022,3,08,16
2022-08-16,Individual Income Taxes,null,383,3941,522214,IV,Federal Tax Deposits,Classification,2,2022,4,2022,3,08,16
2022-08-16,Railroad Retirement Taxes,null,12,249,5385,IV,Federal Tax Deposits,Classification,3,2022,4,2022,3,08,16
2022-08-16,Excise Taxes,null,42,4609,73697,IV,Federal Tax Deposits,Classification,4,2022,4,2022,3,08,16
2022-08-16,Corporation Income Taxes,null,119,3627,345022,IV,Federal Tax Deposits,Classification,5,2022,4,2022,3,08,16
2022-08-16,Federal Unemployment Taxes,null,1,609,7005,IV,Federal Tax Deposits,Classification,6,2022,4,2022,3,08,16
2022-08-16,Estate and Gift Taxes & Misc IRS Rcpts.,null,34,125,3922,IV,Federal Tax Deposits,Classification,7,2022,4,2022,3,08,16
2022-08-16,Cash Federal Tax Deposits,Direct,36,1541,30463,IV,Federal Tax Deposits,Classification,9,2022,4,2022,3,08,16
2022-08-16,Cash Federal Tax Deposits,Through Depositaries,14630,155334,3589707,IV,Federal Tax Deposits,Classification,10,2022,4,2022,3,08,16
2022-08-16,Inter-agency Transfers,null,21,7198,110157,IV,Federal Tax Deposits,Classification,12,2022,4,2022,3,08,16
2022-08-15,Withheld Income and Employment Taxes,null,21588,136817,2758988,IV,Federal Tax Deposits,Classification,1,2022,4,2022,3,08,15
2022-08-15,Individual Income Taxes,null,628,3558,521830,IV,Federal Tax Deposits,Classification,2,2022,4,2022,3,08,15
2022-08-15,Railroad Retirement Taxes,null,39,237,5373,IV,Federal Tax Deposits,Classification,3,2022,4,2022,3,08,15
2022-08-15,Excise Taxes,null,80,4567,73655,IV,Federal Tax Deposits,Classification,4,2022,4,2022,3,08,15
2022-08-15,Corporation Income Taxes,null,1959,3508,344902,IV,Federal Tax Deposits,Classification,5,2022,4,2022,3,08,15
2022-08-15,Federal Unemployment Taxes,null,2,608,7004,IV,Federal Tax Deposits,Classification,6,2022,4,2022,3,08,15
2022-08-15,Estate and Gift Taxes & Misc IRS Rcpts.,null,3,91,3888,IV,Federal Tax Deposits,Classification,7,2022,4,2022,3,08,15
2022-08-15,Cash Federal Tax Deposits,Direct,24,1505,30427,IV,Federal Tax Deposits,Classification,9,2022,4,2022,3,08,15
2022-08-15,Cash Federal Tax Deposits,Through Depositaries,24236,140704,3575078,IV,Federal Tax Deposits,Classification,10,2022,4,2022,3,08,15
2022-08-15,Inter-agency Transfers,null,39,7177,110136,IV,Federal Tax Deposits,Classification,12,2022,4,2022,3,08,15
2022-08-12,Withheld Income and Employment Taxes,null,7228,115229,2737400,IV,Federal Tax Deposits,Classification,1,2022,4,2022,3,08,12
2022-08-12,Individual Income Taxes,null,262,2930,521203,IV,Federal Tax Deposits,Classification,2,2022,4,2022,3,08,12
2022-08-12,Railroad Retirement Taxes,null,18,198,5334,IV,Federal Tax Deposits,Classification,3,2022,4,2022,3,08,12
2022-08-12,Excise Taxes,null,2155,4487,73575,IV,Federal Tax Deposits,Classification,4,2022,4,2022,3,08,12
2022-08-12,Corporation Income Taxes,null,451,1549,342943,IV,Federal Tax Deposits,Classification,5,2022,4,2022,3,08,12
2022-08-12,Federal Unemployment Taxes,null,2,606,7002,IV,Federal Tax Deposits,Classification,6,2022,4,2022,3,08,12
2022-08-12,Estate and Gift Taxes & Misc IRS Rcpts.,null,43,88,3885,IV,Federal Tax Deposits,Classification,7,2022,4,2022,3,08,12
2022-08-12,Cash Federal Tax Deposits,Direct,604,1481,30404,IV,Federal Tax Deposits,Classification,9,2022,4,2022,3,08,12
2022-08-12,Cash Federal Tax Deposits,Through Depositaries,8867,116468,3550841,IV,Federal Tax Deposits,Classification,10,2022,4,2022,3,08,12
2022-08-12,Inter-agency Transfers,null,687,7138,110096,IV,Federal Tax Deposits,Classification,12,2022,4,2022,3,08,12
2022-08-11,Withheld Income and Employment Taxes,null,3762,108001,2730172,IV,Federal Tax Deposits,Classification,1,2022,4,2022,3,08,11
2022-08-11,Individual Income Taxes,null,243,2668,520940,IV,Federal Tax Deposits,Classification,2,2022,4,2022,3,08,11
2022-08-11,Railroad Retirement Taxes,null,41,180,5316,IV,Federal Tax Deposits,Classification,3,2022,4,2022,3,08,11
2022-08-11,Excise Taxes,null,499,2332,71420,IV,Federal Tax Deposits,Classification,4,2022,4,2022,3,08,11
2022-08-11,Corporation Income Taxes,null,505,1098,342492,IV,Federal Tax Deposits,Classification,5,2022,4,2022,3,08,11
2022-08-11,Federal Unemployment Taxes,null,1,604,7000,IV,Federal Tax Deposits,Classification,6,2022,4,2022,3,08,11
2022-08-11,Estate and Gift Taxes & Misc IRS Rcpts.,null,8,45,3842,IV,Federal Tax Deposits,Classification,7,2022,4,2022,3,08,11
2022-08-11,Cash Federal Tax Deposits,Direct,146,877,29799,IV,Federal Tax Deposits,Classification,9,2022,4,2022,3,08,11
2022-08-11,Cash Federal Tax Deposits,Through Depositaries,4601,107601,3541974,IV,Federal Tax Deposits,Classification,10,2022,4,2022,3,08,11
2022-08-11,Inter-agency Transfers,null,315,6451,109409,IV,Federal Tax Deposits,Classification,12,2022,4,2022,3,08,11
2022-08-10,Withheld Income and Employment Taxes,null,9523,104238,2726410,IV,Federal Tax Deposits,Classification,1,2022,4,2022,3,08,10
2022-08-10,Individual Income Taxes,null,272,2424,520697,IV,Federal Tax Deposits,Classification,2,2022,4,2022,3,08,10
2022-08-10,Railroad Retirement Taxes,null,38,139,5275,IV,Federal Tax Deposits,Classification,3,2022,4,2022,3,08,10
2022-08-10,Excise Taxes,null,529,1833,70920,IV,Federal Tax Deposits,Classification,4,2022,4,2022,3,08,10
2022-08-10,Corporation Income Taxes,null,146,593,341987,IV,Federal Tax Deposits,Classification,5,2022,4,2022,3,08,10
2022-08-10,Federal Unemployment Taxes,null,2,603,6999,IV,Federal Tax Deposits,Classification,6,2022,4,2022,3,08,10
2022-08-10,Estate and Gift Taxes & Misc IRS Rcpts.,null,8,37,3834,IV,Federal Tax Deposits,Classification,7,2022,4,2022,3,08,10
2022-08-10,Cash Federal Tax Deposits,Direct,127,731,29653,IV,Federal Tax Deposits,Classification,9,2022,4,2022,3,08,10
2022-08-10,Cash Federal Tax Deposits,Through Depositaries,10378,103000,3537374,IV,Federal Tax Deposits,Classification,10,2022,4,2022,3,08,10
2022-08-10,Inter-agency Transfers,null,12,6136,109095,IV,Federal Tax Deposits,Classification,12,2022,4,2022,3,08,10
2022-08-09,Inter-agency Transfers,null,75,6124,109083,IV,Federal Tax Deposits,Classification,12,2022,4,2022,3,08,09
2022-08-09,Withheld Income and Employment Taxes,null,2272,94716,2716887,IV,Federal Tax Deposits,Classification,1,2022,4,2022,3,08,09
2022-08-09,Individual Income Taxes,null,284,2153,520425,IV,Federal Tax Deposits,Classification,2,2022,4,2022,3,08,09
2022-08-09,Railroad Retirement Taxes,null,2,102,5237,IV,Federal Tax Deposits,Classification,3,2022,4,2022,3,08,09
2022-08-09,Excise Taxes,null,135,1303,70391,IV,Federal Tax Deposits,Classification,4,2022,4,2022,3,08,09
2022-08-09,Corporation Income Taxes,null,52,446,341841,IV,Federal Tax Deposits,Classification,5,2022,4,2022,3,08,09
2022-08-09,Federal Unemployment Taxes,null,1,601,6997,IV,Federal Tax Deposits,Classification,6,2022,4,2022,3,08,09
2022-08-09,Estate and Gift Taxes & Misc IRS Rcpts.,null,2,29,3826,IV,Federal Tax Deposits,Classification,7,2022,4,2022,3,08,09
2022-08-09,Cash Federal Tax Deposits,Direct,63,605,29527,IV,Federal Tax Deposits,Classification,9,2022,4,2022,3,08,09
2022-08-09,Cash Federal Tax Deposits,Through Depositaries,2610,92622,3526995,IV,Federal Tax Deposits,Classification,10,2022,4,2022,3,08,09
2022-08-08,Withheld Income and Employment Taxes,null,22657,92444,2714615,IV,Federal Tax Deposits,Classification,1,2022,4,2022,3,08,08
2022-08-08,Individual Income Taxes,null,368,1869,520142,IV,Federal Tax Deposits,Classification,2,2022,4,2022,3,08,08
2022-08-08,Railroad Retirement Taxes,null,36,100,5236,IV,Federal Tax Deposits,Classification,3,2022,4,2022,3,08,08
2022-08-08,Excise Taxes,null,59,1168,70256,IV,Federal Tax Deposits,Classification,4,2022,4,2022,3,08,08
2022-08-08,Corporation Income Taxes,null,42,395,341789,IV,Federal Tax Deposits,Classification,5,2022,4,2022,3,08,08
2022-08-08,Federal Unemployment Taxes,null,2,600,6996,IV,Federal Tax Deposits,Classification,6,2022,4,2022,3,08,08
2022-08-08,Estate and Gift Taxes & Misc IRS Rcpts.,null,10,28,3824,IV,Federal Tax Deposits,Classification,7,2022,4,2022,3,08,08
2022-08-08,Cash Federal Tax Deposits,Direct,70,542,29464,IV,Federal Tax Deposits,Classification,9,2022,4,2022,3,08,08
2022-08-08,Cash Federal Tax Deposits,Through Depositaries,22076,90012,3524385,IV,Federal Tax Deposits,Classification,10,2022,4,2022,3,08,08
2022-08-08,Inter-agency Transfers,null,1028,6050,109008,IV,Federal Tax Deposits,Classification,12,2022,4,2022,3,08,08
2022-08-05,Withheld Income and Employment Taxes,null,9157,69787,2691958,IV,Federal Tax Deposits,Classification,1,2022,4,2022,3,08,05
2022-08-05,Individual Income Taxes,null,279,1501,519774,IV,Federal Tax Deposits,Classification,2,2022,4,2022,3,08,05
2022-08-05,Railroad Retirement Taxes,null,16,64,5200,IV,Federal Tax Deposits,Classification,3,2022,4,2022,3,08,05
2022-08-05,Excise Taxes,null,66,1109,70197,IV,Federal Tax Deposits,Classification,4,2022,4,2022,3,08,05
2022-08-05,Corporation Income Taxes,null,111,352,341746,IV,Federal Tax Deposits,Classification,5,2022,4,2022,3,08,05
2022-08-05,Federal Unemployment Taxes,null,2,599,6994,IV,Federal Tax Deposits,Classification,6,2022,4,2022,3,08,05
2022-08-05,Estate and Gift Taxes & Misc IRS Rcpts.,null,4,18,3815,IV,Federal Tax Deposits,Classification,7,2022,4,2022,3,08,05
2022-08-05,Cash Federal Tax Deposits,Direct,84,472,29395,IV,Federal Tax Deposits,Classification,9,2022,4,2022,3,08,05
2022-08-05,Cash Federal Tax Deposits,Through Depositaries,8078,67936,3502309,IV,Federal Tax Deposits,Classification,10,2022,4,2022,3,08,05
2022-08-05,Inter-agency Transfers,null,1473,5022,107981,IV,Federal Tax Deposits,Classification,12,2022,4,2022,3,08,05
2022-08-04,Withheld Income and Employment Taxes,null,2537,60630,2682801,IV,Federal Tax Deposits,Classification,1,2022,4,2022,3,08,04
2022-08-04,Individual Income Taxes,null,235,1222,519495,IV,Federal Tax Deposits,Classification,2,2022,4,2022,3,08,04
2022-08-04,Railroad Retirement Taxes,null,1,48,5184,IV,Federal Tax Deposits,Classification,3,2022,4,2022,3,08,04
2022-08-04,Excise Taxes,null,61,1043,70131,IV,Federal Tax Deposits,Classification,4,2022,4,2022,3,08,04
2022-08-04,Corporation Income Taxes,null,21,242,341636,IV,Federal Tax Deposits,Classification,5,2022,4,2022,3,08,04
2022-08-04,Federal Unemployment Taxes,null,2,597,6993,IV,Federal Tax Deposits,Classification,6,2022,4,2022,3,08,04
2022-08-04,Estate and Gift Taxes & Misc IRS Rcpts.,null,4,14,3811,IV,Federal Tax Deposits,Classification,7,2022,4,2022,3,08,04
2022-08-04,Cash Federal Tax Deposits,Direct,103,389,29311,IV,Federal Tax Deposits,Classification,9,2022,4,2022,3,08,04
2022-08-04,Cash Federal Tax Deposits,Through Depositaries,2686,59858,3494231,IV,Federal Tax Deposits,Classification,10,2022,4,2022,3,08,04
2022-08-04,Inter-agency Transfers,null,73,3549,106508,IV,Federal Tax Deposits,Classification,12,2022,4,2022,3,08,04
2022-08-03,Withheld Income and Employment Taxes,null,13689,58093,2680264,IV,Federal Tax Deposits,Classification,1,2022,4,2022,3,08,03
2022-08-03,Individual Income Taxes,null,265,987,519260,IV,Federal Tax Deposits,Classification,2,2022,4,2022,3,08,03
2022-08-03,Railroad Retirement Taxes,null,3,47,5183,IV,Federal Tax Deposits,Classification,3,2022,4,2022,3,08,03
2022-08-03,Excise Taxes,null,75,982,70069,IV,Federal Tax Deposits,Classification,4,2022,4,2022,3,08,03
2022-08-03,Corporation Income Taxes,null,45,220,341615,IV,Federal Tax Deposits,Classification,5,2022,4,2022,3,08,03
2022-08-03,Federal Unemployment Taxes,null,3,595,6991,IV,Federal Tax Deposits,Classification,6,2022,4,2022,3,08,03
2022-08-03,Estate and Gift Taxes & Misc IRS Rcpts.,null,4,10,3807,IV,Federal Tax Deposits,Classification,7,2022,4,2022,3,08,03
2022-08-03,Cash Federal Tax Deposits,Direct,127,286,29208,IV,Federal Tax Deposits,Classification,9,2022,4,2022,3,08,03
2022-08-03,Cash Federal Tax Deposits,Through Depositaries,11919,57172,3491546,IV,Federal Tax Deposits,Classification,10,2022,4,2022,3,08,03
2022-08-03,Inter-agency Transfers,null,2038,3476,106435,IV,Federal Tax Deposits,Classification,12,2022,4,2022,3,08,03
2022-08-02,Withheld Income and Employment Taxes,null,6926,44404,2666576,IV,Federal Tax Deposits,Classification,1,2022,4,2022,3,08,02
2022-08-02,Individual Income Taxes,null,279,721,518994,IV,Federal Tax Deposits,Classification,2,2022,4,2022,3,08,02
2022-08-02,Railroad Retirement Taxes,null,1,44,5180,IV,Federal Tax Deposits,Classification,3,2022,4,2022,3,08,02
2022-08-02,Excise Taxes,null,73,907,69995,IV,Federal Tax Deposits,Classification,4,2022,4,2022,3,08,02
2022-08-02,Corporation Income Taxes,null,34,175,341569,IV,Federal Tax Deposits,Classification,5,2022,4,2022,3,08,02
2022-08-02,Federal Unemployment Taxes,null,4,592,6988,IV,Federal Tax Deposits,Classification,6,2022,4,2022,3,08,02
2022-08-02,Estate and Gift Taxes & Misc IRS Rcpts.,null,4,6,3803,IV,Federal Tax Deposits,Classification,7,2022,4,2022,3,08,02
2022-08-02,Cash Federal Tax Deposits,Direct,79,159,29081,IV,Federal Tax Deposits,Classification,9,2022,4,2022,3,08,02
2022-08-02,Cash Federal Tax Deposits,Through Depositaries,6749,45253,3479627,IV,Federal Tax Deposits,Classification,10,2022,4,2022,3,08,02
2022-08-02,Inter-agency Transfers,null,494,1438,104397,IV,Federal Tax Deposits,Classification,12,2022,4,2022,3,08,02
2022-08-01,Withheld Income and Employment Taxes,null,37478,37478,2659649,IV,Federal Tax Deposits,Classification,1,2022,4,2022,3,08,01
2022-08-01,Individual Income Taxes,null,442,442,518715,IV,Federal Tax Deposits,Classification,2,2022,4,2022,3,08,01
2022-08-01,Railroad Retirement Taxes,null,43,43,5179,IV,Federal Tax Deposits,Classification,3,2022,4,2022,3,08,01
2022-08-01,Excise Taxes,null,835,835,69922,IV,Federal Tax Deposits,Classification,4,2022,4,2022,3,08,01
2022-08-01,Corporation Income Taxes,null,141,141,341535,IV,Federal Tax Deposits,Classification,5,2022,4,2022,3,08,01
2022-08-01,Federal Unemployment Taxes,null,588,588,6983,IV,Federal Tax Deposits,Classification,6,2022,4,2022,3,08,01
2022-08-01,Estate and Gift Taxes & Misc IRS Rcpts.,null,2,2,3799,IV,Federal Tax Deposits,Classification,7,2022,4,2022,3,08,01
2022-08-01,Cash Federal Tax Deposits,Direct,80,80,29002,IV,Federal Tax Deposits,Classification,9,2022,4,2022,3,08,01
2022-08-01,Cash Federal Tax Deposits,Through Depositaries,38504,38504,3472878,IV,Federal Tax Deposits,Classification,10,2022,4,2022,3,08,01
2022-08-01,Inter-agency Transfers,null,944,944,103903,IV,Federal Tax Deposits,Classification,12,2022,4,2022,3,08,01
2022-07-29,Inter-agency Transfers,null,414,10217,102959,IV,Federal Tax Deposits,Classification,12,2022,4,2022,3,07,29
2022-07-29,Withheld Income and Employment Taxes,null,10139,228238,2622171,IV,Federal Tax Deposits,Classification,1,2022,4,2022,3,07,29
2022-07-29,Individual Income Taxes,null,265,8006,518273,IV,Federal Tax Deposits,Classification,2,2022,4,2022,3,07,29
2022-07-29,Railroad Retirement Taxes,null,36,515,5136,IV,Federal Tax Deposits,Classification,3,2022,4,2022,3,07,29
2022-07-29,Excise Taxes,null,2206,7820,69088,IV,Federal Tax Deposits,Classification,4,2022,4,2022,3,07,29
2022-07-29,Corporation Income Taxes,null,238,14030,341394,IV,Federal Tax Deposits,Classification,5,2022,4,2022,3,07,29
2022-07-29,Federal Unemployment Taxes,null,100,267,6396,IV,Federal Tax Deposits,Classification,6,2022,4,2022,3,07,29
2022-07-29,Estate and Gift Taxes & Misc IRS Rcpts.,null,9,164,3797,IV,Federal Tax Deposits,Classification,7,2022,4,2022,3,07,29
2022-07-29,Cash Federal Tax Deposits,Direct,589,2360,28922,IV,Federal Tax Deposits,Classification,9,2022,4,2022,3,07,29
2022-07-29,Cash Federal Tax Deposits,Through Depositaries,11988,246463,3434373,IV,Federal Tax Deposits,Classification,10,2022,4,2022,3,07,29
2022-07-28,Withheld Income and Employment Taxes,null,2692,218099,2612032,IV,Federal Tax Deposits,Classification,1,2022,4,2022,3,07,28
2022-07-28,Individual Income Taxes,null,323,7741,518008,IV,Federal Tax Deposits,Classification,2,2022,4,2022,3,07,28
2022-07-28,Railroad Retirement Taxes,null,5,479,5100,IV,Federal Tax Deposits,Classification,3,2022,4,2022,3,07,28
2022-07-28,Excise Taxes,null,868,5615,66882,IV,Federal Tax Deposits,Classification,4,2022,4,2022,3,07,28
2022-07-28,Corporation Income Taxes,null,96,13793,341157,IV,Federal Tax Deposits,Classification,5,2022,4,2022,3,07,28
2022-07-28,Federal Unemployment Taxes,null,32,167,6296,IV,Federal Tax Deposits,Classification,6,2022,4,2022,3,07,28
2022-07-28,Estate and Gift Taxes & Misc IRS Rcpts.,null,4,155,3788,IV,Federal Tax Deposits,Classification,7,2022,4,2022,3,07,28
2022-07-28,Cash Federal Tax Deposits,Direct,198,1771,28333,IV,Federal Tax Deposits,Classification,9,2022,4,2022,3,07,28
2022-07-28,Cash Federal Tax Deposits,Through Depositaries,3558,234475,3422386,IV,Federal Tax Deposits,Classification,10,2022,4,2022,3,07,28
2022-07-28,Inter-agency Transfers,null,264,9803,102544,IV,Federal Tax Deposits,Classification,12,2022,4,2022,3,07,28
2022-07-27,Withheld Income and Employment Taxes,null,9852,215407,2609340,IV,Federal Tax Deposits,Classification,1,2022,4,2022,3,07,27
2022-07-27,Individual Income Taxes,null,256,7419,517686,IV,Federal Tax Deposits,Classification,2,2022,4,2022,3,07,27
2022-07-27,Railroad Retirement Taxes,null,3,473,5095,IV,Federal Tax Deposits,Classification,3,2022,4,2022,3,07,27
2022-07-27,Excise Taxes,null,580,4746,66014,IV,Federal Tax Deposits,Classification,4,2022,4,2022,3,07,27
2022-07-27,Corporation Income Taxes,null,73,13697,341061,IV,Federal Tax Deposits,Classification,5,2022,4,2022,3,07,27
2022-07-27,Federal Unemployment Taxes,null,15,134,6263,IV,Federal Tax Deposits,Classification,6,2022,4,2022,3,07,27
2022-07-27,Estate and Gift Taxes & Misc IRS Rcpts.,null,45,151,3784,IV,Federal Tax Deposits,Classification,7,2022,4,2022,3,07,27
2022-07-27,Cash Federal Tax Deposits,Direct,109,1573,28135,IV,Federal Tax Deposits,Classification,9,2022,4,2022,3,07,27
2022-07-27,Cash Federal Tax Deposits,Through Depositaries,10688,230917,3418827,IV,Federal Tax Deposits,Classification,10,2022,4,2022,3,07,27
2022-07-27,Inter-agency Transfers,null,26,9538,102280,IV,Federal Tax Deposits,Classification,12,2022,4,2022,3,07,27
2022-07-26,Withheld Income and Employment Taxes,null,2996,205555,2599488,IV,Federal Tax Deposits,Classification,1,2022,4,2022,3,07,26
2022-07-26,Individual Income Taxes,null,276,7163,517430,IV,Federal Tax Deposits,Classification,2,2022,4,2022,3,07,26
2022-07-26,Railroad Retirement Taxes,null,40,471,5092,IV,Federal Tax Deposits,Classification,3,2022,4,2022,3,07,26
2022-07-26,Excise Taxes,null,120,4167,65434,IV,Federal Tax Deposits,Classification,4,2022,4,2022,3,07,26
2022-07-26,Corporation Income Taxes,null,32,13624,340988,IV,Federal Tax Deposits,Classification,5,2022,4,2022,3,07,26
2022-07-26,Federal Unemployment Taxes,null,8,119,6248,IV,Federal Tax Deposits,Classification,6,2022,4,2022,3,07,26
2022-07-26,Estate and Gift Taxes & Misc IRS Rcpts.,null,7,106,3739,IV,Federal Tax Deposits,Classification,7,2022,4,2022,3,07,26
2022-07-26,Cash Federal Tax Deposits,Direct,36,1464,28026,IV,Federal Tax Deposits,Classification,9,2022,4,2022,3,07,26
2022-07-26,Cash Federal Tax Deposits,Through Depositaries,3435,220229,3408140,IV,Federal Tax Deposits,Classification,10,2022,4,2022,3,07,26
2022-07-26,Inter-agency Transfers,null,8,9512,102254,IV,Federal Tax Deposits,Classification,12,2022,4,2022,3,07,26
2022-07-25,Withheld Income and Employment Taxes,null,22710,202559,2596492,IV,Federal Tax Deposits,Classification,1,2022,4,2022,3,07,25
2022-07-25,Individual Income Taxes,null,371,6887,517154,IV,Federal Tax Deposits,Classification,2,2022,4,2022,3,07,25
2022-07-25,Railroad Retirement Taxes,null,78,431,5052,IV,Federal Tax Deposits,Classification,3,2022,4,2022,3,07,25
2022-07-25,Excise Taxes,null,88,4047,65314,IV,Federal Tax Deposits,Classification,4,2022,4,2022,3,07,25
2022-07-25,Corporation Income Taxes,null,50,13592,340955,IV,Federal Tax Deposits,Classification,5,2022,4,2022,3,07,25
2022-07-25,Federal Unemployment Taxes,null,14,111,6240,IV,Federal Tax Deposits,Classification,6,2022,4,2022,3,07,25
2022-07-25,Estate and Gift Taxes & Misc IRS Rcpts.,null,9,100,3733,IV,Federal Tax Deposits,Classification,7,2022,4,2022,3,07,25
2022-07-25,Cash Federal Tax Deposits,Direct,51,1428,27990,IV,Federal Tax Deposits,Classification,9,2022,4,2022,3,07,25
2022-07-25,Cash Federal Tax Deposits,Through Depositaries,22252,216794,3404705,IV,Federal Tax Deposits,Classification,10,2022,4,2022,3,07,25
2022-07-25,Inter-agency Transfers,null,1018,9504,102245,IV,Federal Tax Deposits,Classification,12,2022,4,2022,3,07,25
2022-07-22,Withheld Income and Employment Taxes,null,8520,179849,2573782,IV,Federal Tax Deposits,Classification,1,2022,4,2022,3,07,22
2022-07-22,Individual Income Taxes,null,270,6516,516782,IV,Federal Tax Deposits,Classification,2,2022,4,2022,3,07,22
2022-07-22,Railroad Retirement Taxes,null,18,353,4974,IV,Federal Tax Deposits,Classification,3,2022,4,2022,3,07,22
2022-07-22,Excise Taxes,null,99,3958,65226,IV,Federal Tax Deposits,Classification,4,2022,4,2022,3,07,22
2022-07-22,Corporation Income Taxes,null,45,13542,340906,IV,Federal Tax Deposits,Classification,5,2022,4,2022,3,07,22
2022-07-22,Federal Unemployment Taxes,null,12,97,6226,IV,Federal Tax Deposits,Classification,6,2022,4,2022,3,07,22
2022-07-22,Estate and Gift Taxes & Misc IRS Rcpts.,null,3,91,3724,IV,Federal Tax Deposits,Classification,7,2022,4,2022,3,07,22
2022-07-22,Cash Federal Tax Deposits,Direct,57,1377,27939,IV,Federal Tax Deposits,Classification,9,2022,4,2022,3,07,22
2022-07-22,Cash Federal Tax Deposits,Through Depositaries,7886,194542,3382453,IV,Federal Tax Deposits,Classification,10,2022,4,2022,3,07,22
2022-07-22,Inter-agency Transfers,null,1025,8486,101228,IV,Federal Tax Deposits,Classification,12,2022,4,2022,3,07,22
2022-07-21,Withheld Income and Employment Taxes,null,3065,171329,2565262,IV,Federal Tax Deposits,Classification,1,2022,4,2022,3,07,21
2022-07-21,Individual Income Taxes,null,233,6246,516512,IV,Federal Tax Deposits,Classification,2,2022,4,2022,3,07,21
2022-07-21,Railroad Retirement Taxes,null,8,334,4956,IV,Federal Tax Deposits,Classification,3,2022,4,2022,3,07,21
2022-07-21,Excise Taxes,null,42,3860,65127,IV,Federal Tax Deposits,Classification,4,2022,4,2022,3,07,21
2022-07-21,Corporation Income Taxes,null,161,13497,340861,IV,Federal Tax Deposits,Classification,5,2022,4,2022,3,07,21
2022-07-21,Federal Unemployment Taxes,null,5,84,6213,IV,Federal Tax Deposits,Classification,6,2022,4,2022,3,07,21
2022-07-21,Estate and Gift Taxes & Misc IRS Rcpts.,null,2,88,3721,IV,Federal Tax Deposits,Classification,7,2022,4,2022,3,07,21
2022-07-21,Cash Federal Tax Deposits,Direct,60,1320,27882,IV,Federal Tax Deposits,Classification,9,2022,4,2022,3,07,21
2022-07-21,Cash Federal Tax Deposits,Through Depositaries,3441,186656,3374567,IV,Federal Tax Deposits,Classification,10,2022,4,2022,3,07,21
2022-07-21,Inter-agency Transfers,null,13,7461,100203,IV,Federal Tax Deposits,Classification,12,2022,4,2022,3,07,21
2022-07-20,Withheld Income and Employment Taxes,null,12135,168265,2562197,IV,Federal Tax Deposits,Classification,1,2022,4,2022,3,07,20
2022-07-20,Individual Income Taxes,null,305,6013,516280,IV,Federal Tax Deposits,Classification,2,2022,4,2022,3,07,20
2022-07-20,Railroad Retirement Taxes,null,3,327,4948,IV,Federal Tax Deposits,Classification,3,2022,4,2022,3,07,20
2022-07-20,Excise Taxes,null,87,3818,65085,IV,Federal Tax Deposits,Classification,4,2022,4,2022,3,07,20
2022-07-20,Corporation Income Taxes,null,130,13336,340700,IV,Federal Tax Deposits,Classification,5,2022,4,2022,3,07,20
2022-07-20,Federal Unemployment Taxes,null,18,79,6208,IV,Federal Tax Deposits,Classification,6,2022,4,2022,3,07,20
2022-07-20,Estate and Gift Taxes & Misc IRS Rcpts.,null,2,86,3719,IV,Federal Tax Deposits,Classification,7,2022,4,2022,3,07,20
2022-07-20,Cash Federal Tax Deposits,Direct,72,1261,27822,IV,Federal Tax Deposits,Classification,9,2022,4,2022,3,07,20
2022-07-20,Cash Federal Tax Deposits,Through Depositaries,12200,183215,3371126,IV,Federal Tax Deposits,Classification,10,2022,4,2022,3,07,20
2022-07-20,Inter-agency Transfers,null,407,7448,100190,IV,Federal Tax Deposits,Classification,12,2022,4,2022,3,07,20
2022-07-19,Withheld Income and Employment Taxes,null,2456,156130,2550063,IV,Federal Tax Deposits,Classification,1,2022,4,2022,3,07,19
2022-07-19,Individual Income Taxes,null,319,5708,515974,IV,Federal Tax Deposits,Classification,2,2022,4,2022,3,07,19
2022-07-19,Railroad Retirement Taxes,null,1,324,4945,IV,Federal Tax Deposits,Classification,3,2022,4,2022,3,07,19
2022-07-19,Excise Taxes,null,37,3731,64998,IV,Federal Tax Deposits,Classification,4,2022,4,2022,3,07,19
2022-07-19,Corporation Income Taxes,null,103,13207,340570,IV,Federal Tax Deposits,Classification,5,2022,4,2022,3,07,19
2022-07-19,Federal Unemployment Taxes,null,4,61,6190,IV,Federal Tax Deposits,Classification,6,2022,4,2022,3,07,19
2022-07-19,Estate and Gift Taxes & Misc IRS Rcpts.,null,1,84,3717,IV,Federal Tax Deposits,Classification,7,2022,4,2022,3,07,19
2022-07-19,Cash Federal Tax Deposits,Direct,39,1189,27751,IV,Federal Tax Deposits,Classification,9,2022,4,2022,3,07,19
2022-07-19,Cash Federal Tax Deposits,Through Depositaries,2826,171015,3358925,IV,Federal Tax Deposits,Classification,10,2022,4,2022,3,07,19
2022-07-19,Inter-agency Transfers,null,56,7041,99782,IV,Federal Tax Deposits,Classification,12,2022,4,2022,3,07,19
2022-07-18,Withheld Income and Employment Taxes,null,30398,153674,2547606,IV,Federal Tax Deposits,Classification,1,2022,4,2022,3,07,18
2022-07-18,Individual Income Taxes,null,583,5389,515656,IV,Federal Tax Deposits,Classification,2,2022,4,2022,3,07,18
2022-07-18,Railroad Retirement Taxes,null,40,323,4944,IV,Federal Tax Deposits,Classification,3,2022,4,2022,3,07,18
2022-07-18,Excise Taxes,null,45,3694,64961,IV,Federal Tax Deposits,Classification,4,2022,4,2022,3,07,18
2022-07-18,Corporation Income Taxes,null,314,13103,340467,IV,Federal Tax Deposits,Classification,5,2022,4,2022,3,07,18
2022-07-18,Federal Unemployment Taxes,null,5,58,6186,IV,Federal Tax Deposits,Classification,6,2022,4,2022,3,07,18
2022-07-18,Estate and Gift Taxes & Misc IRS Rcpts.,null,1,84,3717,IV,Federal Tax Deposits,Classification,7,2022,4,2022,3,07,18
2022-07-18,Cash Federal Tax Deposits,Direct,43,1150,27712,IV,Federal Tax Deposits,Classification,9,2022,4,2022,3,07,18
2022-07-18,Cash Federal Tax Deposits,Through Depositaries,31334,168189,3356100,IV,Federal Tax Deposits,Classification,10,2022,4,2022,3,07,18
2022-07-18,Inter-agency Transfers,null,9,6984,99726,IV,Federal Tax Deposits,Classification,12,2022,4,2022,3,07,18
2022-07-15,Withheld Income and Employment Taxes,null,10489,123276,2517208,IV,Federal Tax Deposits,Classification,1,2022,4,2022,3,07,15
2022-07-15,Individual Income Taxes,null,624,4806,515072,IV,Federal Tax Deposits,Classification,2,2022,4,2022,3,07,15
2022-07-15,Railroad Retirement Taxes,null,21,283,4904,IV,Federal Tax Deposits,Classification,3,2022,4,2022,3,07,15
2022-07-15,Excise Taxes,null,70,3649,64916,IV,Federal Tax Deposits,Classification,4,2022,4,2022,3,07,15
2022-07-15,Corporation Income Taxes,null,7016,12789,340153,IV,Federal Tax Deposits,Classification,5,2022,4,2022,3,07,15
2022-07-15,Federal Unemployment Taxes,null,12,53,6181,IV,Federal Tax Deposits,Classification,6,2022,4,2022,3,07,15
2022-07-15,Estate and Gift Taxes & Misc IRS Rcpts.,null,11,82,3715,IV,Federal Tax Deposits,Classification,7,2022,4,2022,3,07,15
2022-07-15,Cash Federal Tax Deposits,Direct,31,1107,27669,IV,Federal Tax Deposits,Classification,9,2022,4,2022,3,07,15
2022-07-15,Cash Federal Tax Deposits,Through Depositaries,18187,136855,3324765,IV,Federal Tax Deposits,Classification,10,2022,4,2022,3,07,15
2022-07-15,Inter-agency Transfers,null,25,6975,99717,IV,Federal Tax Deposits,Classification,12,2022,4,2022,3,07,15
2022-07-14,Withheld Income and Employment Taxes,null,2493,112786,2506719,IV,Federal Tax Deposits,Classification,1,2022,4,2022,3,07,14
2022-07-14,Individual Income Taxes,null,557,4182,514449,IV,Federal Tax Deposits,Classification,2,2022,4,2022,3,07,14
2022-07-14,Railroad Retirement Taxes,null,4,262,4883,IV,Federal Tax Deposits,Classification,3,2022,4,2022,3,07,14
2022-07-14,Excise Taxes,null,1978,3579,64846,IV,Federal Tax Deposits,Classification,4,2022,4,2022,3,07,14
2022-07-14,Corporation Income Taxes,null,2692,5774,333137,IV,Federal Tax Deposits,Classification,5,2022,4,2022,3,07,14
2022-07-14,Federal Unemployment Taxes,null,5,40,6169,IV,Federal Tax Deposits,Classification,6,2022,4,2022,3,07,14
2022-07-14,Estate and Gift Taxes & Misc IRS Rcpts.,null,3,72,3705,IV,Federal Tax Deposits,Classification,7,2022,4,2022,3,07,14
2022-07-14,Cash Federal Tax Deposits,Direct,566,1076,27638,IV,Federal Tax Deposits,Classification,9,2022,4,2022,3,07,14
2022-07-14,Cash Federal Tax Deposits,Through Depositaries,6886,118668,3306579,IV,Federal Tax Deposits,Classification,10,2022,4,2022,3,07,14
2022-07-14,Inter-agency Transfers,null,280,6950,99692,IV,Federal Tax Deposits,Classification,12,2022,4,2022,3,07,14
2022-07-13,Withheld Income and Employment Taxes,null,9038,110294,2504227,IV,Federal Tax Deposits,Classification,1,2022,4,2022,3,07,13
2022-07-13,Individual Income Taxes,null,513,3624,513891,IV,Federal Tax Deposits,Classification,2,2022,4,2022,3,07,13
2022-07-13,Railroad Retirement Taxes,null,6,257,4879,IV,Federal Tax Deposits,Classification,3,2022,4,2022,3,07,13
2022-07-13,Excise Taxes,null,570,1601,62868,IV,Federal Tax Deposits,Classification,4,2022,4,2022,3,07,13
2022-07-13,Corporation Income Taxes,null,1285,3082,330446,IV,Federal Tax Deposits,Classification,5,2022,4,2022,3,07,13
2022-07-13,Federal Unemployment Taxes,null,5,36,6165,IV,Federal Tax Deposits,Classification,6,2022,4,2022,3,07,13
2022-07-13,Estate and Gift Taxes & Misc IRS Rcpts.,null,3,68,3701,IV,Federal Tax Deposits,Classification,7,2022,4,2022,3,07,13
2022-07-13,Cash Federal Tax Deposits,Direct,109,510,27072,IV,Federal Tax Deposits,Classification,9,2022,4,2022,3,07,13
2022-07-13,Cash Federal Tax Deposits,Through Depositaries,11298,111782,3299693,IV,Federal Tax Deposits,Classification,10,2022,4,2022,3,07,13
2022-07-13,Inter-agency Transfers,null,14,6670,99412,IV,Federal Tax Deposits,Classification,12,2022,4,2022,3,07,13
2022-07-12,Withheld Income and Employment Taxes,null,3343,101256,2495189,IV,Federal Tax Deposits,Classification,1,2022,4,2022,3,07,12
2022-07-12,Individual Income Taxes,null,371,3111,513378,IV,Federal Tax Deposits,Classification,2,2022,4,2022,3,07,12
2022-07-12,Railroad Retirement Taxes,null,23,251,4872,IV,Federal Tax Deposits,Classification,3,2022,4,2022,3,07,12
2022-07-12,Excise Taxes,null,576,1030,62297,IV,Federal Tax Deposits,Classification,4,2022,4,2022,3,07,12
2022-07-12,Corporation Income Taxes,null,266,1797,329160,IV,Federal Tax Deposits,Classification,5,2022,4,2022,3,07,12
2022-07-12,Federal Unemployment Taxes,null,4,31,6160,IV,Federal Tax Deposits,Classification,6,2022,4,2022,3,07,12
2022-07-12,Estate and Gift Taxes & Misc IRS Rcpts.,null,2,66,3699,IV,Federal Tax Deposits,Classification,7,2022,4,2022,3,07,12
2022-07-12,Cash Federal Tax Deposits,Direct,74,401,26963,IV,Federal Tax Deposits,Classification,9,2022,4,2022,3,07,12
2022-07-12,Cash Federal Tax Deposits,Through Depositaries,3441,100484,3288395,IV,Federal Tax Deposits,Classification,10,2022,4,2022,3,07,12
2022-07-12,Inter-agency Transfers,null,1069,6656,99398,IV,Federal Tax Deposits,Classification,12,2022,4,2022,3,07,12
2022-07-11,Withheld Income and Employment Taxes,null,21608,97913,2491846,IV,Federal Tax Deposits,Classification,1,2022,4,2022,3,07,11
2022-07-11,Individual Income Taxes,null,476,2740,513007,IV,Federal Tax Deposits,Classification,2,2022,4,2022,3,07,11
2022-07-11,Railroad Retirement Taxes,null,67,228,4849,IV,Federal Tax Deposits,Classification,3,2022,4,2022,3,07,11
2022-07-11,Excise Taxes,null,116,454,61721,IV,Federal Tax Deposits,Classification,4,2022,4,2022,3,07,11
2022-07-11,Corporation Income Taxes,null,136,1531,328895,IV,Federal Tax Deposits,Classification,5,2022,4,2022,3,07,11
2022-07-11,Federal Unemployment Taxes,null,8,27,6156,IV,Federal Tax Deposits,Classification,6,2022,4,2022,3,07,11
2022-07-11,Estate and Gift Taxes & Misc IRS Rcpts.,null,10,64,3697,IV,Federal Tax Deposits,Classification,7,2022,4,2022,3,07,11
2022-07-11,Cash Federal Tax Deposits,Direct,58,328,26890,IV,Federal Tax Deposits,Classification,9,2022,4,2022,3,07,11
2022-07-11,Cash Federal Tax Deposits,Through Depositaries,21369,97043,3284953,IV,Federal Tax Deposits,Classification,10,2022,4,2022,3,07,11
2022-07-11,Inter-agency Transfers,null,995,5587,98329,IV,Federal Tax Deposits,Classification,12,2022,4,2022,3,07,11
2022-07-08,Withheld Income and Employment Taxes,null,8930,76305,2470238,IV,Federal Tax Deposits,Classification,1,2022,4,2022,3,07,08
2022-07-08,Individual Income Taxes,null,328,2264,512531,IV,Federal Tax Deposits,Classification,2,2022,4,2022,3,07,08
2022-07-08,Railroad Retirement Taxes,null,51,161,4782,IV,Federal Tax Deposits,Classification,3,2022,4,2022,3,07,08
2022-07-08,Excise Taxes,null,101,338,61605,IV,Federal Tax Deposits,Classification,4,2022,4,2022,3,07,08
2022-07-08,Corporation Income Taxes,null,425,1394,328758,IV,Federal Tax Deposits,Classification,5,2022,4,2022,3,07,08
2022-07-08,Federal Unemployment Taxes,null,5,20,6149,IV,Federal Tax Deposits,Classification,6,2022,4,2022,3,07,08
2022-07-08,Estate and Gift Taxes & Misc IRS Rcpts.,null,9,55,3688,IV,Federal Tax Deposits,Classification,7,2022,4,2022,3,07,08
2022-07-08,Cash Federal Tax Deposits,Direct,68,270,26832,IV,Federal Tax Deposits,Classification,9,2022,4,2022,3,07,08
2022-07-08,Cash Federal Tax Deposits,Through Depositaries,8738,75674,3263585,IV,Federal Tax Deposits,Classification,10,2022,4,2022,3,07,08
2022-07-08,Inter-agency Transfers,null,1042,4593,97334,IV,Federal Tax Deposits,Classification,12,2022,4,2022,3,07,08
2022-07-07,Withheld Income and Employment Taxes,null,11338,67375,2461308,IV,Federal Tax Deposits,Classification,1,2022,4,2022,3,07,07
2022-07-07,Individual Income Taxes,null,341,1936,512203,IV,Federal Tax Deposits,Classification,2,2022,4,2022,3,07,07
2022-07-07,Railroad Retirement Taxes,null,4,110,4731,IV,Federal Tax Deposits,Classification,3,2022,4,2022,3,07,07
2022-07-07,Excise Taxes,null,45,237,61504,IV,Federal Tax Deposits,Classification,4,2022,4,2022,3,07,07
2022-07-07,Corporation Income Taxes,null,132,970,328334,IV,Federal Tax Deposits,Classification,5,2022,4,2022,3,07,07
2022-07-07,Federal Unemployment Taxes,null,5,15,6144,IV,Federal Tax Deposits,Classification,6,2022,4,2022,3,07,07
2022-07-07,Estate and Gift Taxes & Misc IRS Rcpts.,null,4,46,3679,IV,Federal Tax Deposits,Classification,7,2022,4,2022,3,07,07
2022-07-07,Cash Federal Tax Deposits,Direct,53,202,26763,IV,Federal Tax Deposits,Classification,9,2022,4,2022,3,07,07
2022-07-07,Cash Federal Tax Deposits,Through Depositaries,11740,66936,3254847,IV,Federal Tax Deposits,Classification,10,2022,4,2022,3,07,07
2022-07-07,Inter-agency Transfers,null,76,3550,96292,IV,Federal Tax Deposits,Classification,12,2022,4,2022,3,07,07
2022-07-06,Withheld Income and Employment Taxes,null,5545,56037,2449970,IV,Federal Tax Deposits,Classification,1,2022,4,2022,3,07,06
2022-07-06,Individual Income Taxes,null,339,1595,511862,IV,Federal Tax Deposits,Classification,2,2022,4,2022,3,07,06
2022-07-06,Railroad Retirement Taxes,null,9,106,4727,IV,Federal Tax Deposits,Classification,3,2022,4,2022,3,07,06
2022-07-06,Excise Taxes,null,110,192,61459,IV,Federal Tax Deposits,Classification,4,2022,4,2022,3,07,06
2022-07-06,Corporation Income Taxes,null,201,838,328202,IV,Federal Tax Deposits,Classification,5,2022,4,2022,3,07,06
2022-07-06,Federal Unemployment Taxes,null,4,10,6139,IV,Federal Tax Deposits,Classification,6,2022,4,2022,3,07,06
2022-07-06,Estate and Gift Taxes & Misc IRS Rcpts.,null,3,42,3675,IV,Federal Tax Deposits,Classification,7,2022,4,2022,3,07,06
2022-07-06,Cash Federal Tax Deposits,Direct,82,149,26710,IV,Federal Tax Deposits,Classification,9,2022,4,2022,3,07,06
2022-07-06,Cash Federal Tax Deposits,Through Depositaries,6107,55197,3243107,IV,Federal Tax Deposits,Classification,10,2022,4,2022,3,07,06
2022-07-06,Inter-agency Transfers,null,20,3474,96216,IV,Federal Tax Deposits,Classification,12,2022,4,2022,3,07,06
2022-07-05,Withheld Income and Employment Taxes,null,22493,50492,2444425,IV,Federal Tax Deposits,Classification,1,2022,4,2022,3,07,05
2022-07-05,Individual Income Taxes,null,593,1256,511523,IV,Federal Tax Deposits,Classification,2,2022,4,2022,3,07,05
2022-07-05,Railroad Retirement Taxes,null,48,97,4718,IV,Federal Tax Deposits,Classification,3,2022,4,2022,3,07,05
2022-07-05,Excise Taxes,null,66,82,61349,IV,Federal Tax Deposits,Classification,4,2022,4,2022,3,07,05
2022-07-05,Corporation Income Taxes,null,405,637,328001,IV,Federal Tax Deposits,Classification,5,2022,4,2022,3,07,05
2022-07-05,Federal Unemployment Taxes,null,3,6,6135,IV,Federal Tax Deposits,Classification,6,2022,4,2022,3,07,05
2022-07-05,Estate and Gift Taxes & Misc IRS Rcpts.,null,5,39,3672,IV,Federal Tax Deposits,Classification,7,2022,4,2022,3,07,05
2022-07-05,Cash Federal Tax Deposits,Direct,48,66,26628,IV,Federal Tax Deposits,Classification,9,2022,4,2022,3,07,05
2022-07-05,Cash Federal Tax Deposits,Through Depositaries,23063,49090,3237000,IV,Federal Tax Deposits,Classification,10,2022,4,2022,3,07,05
2022-07-05,Inter-agency Transfers,null,502,3454,96196,IV,Federal Tax Deposits,Classification,12,2022,4,2022,3,07,05
2022-07-01,Withheld Income and Employment Taxes,null,27999,27999,2421932,IV,Federal Tax Deposits,Classification,1,2022,4,2022,3,07,01
2022-07-01,Individual Income Taxes,null,663,663,510930,IV,Federal Tax Deposits,Classification,2,2022,4,2022,3,07,01
2022-07-01,Railroad Retirement Taxes,null,50,50,4671,IV,Federal Tax Deposits,Classification,3,2022,4,2022,3,07,01
2022-07-01,Excise Taxes,null,16,16,61283,IV,Federal Tax Deposits,Classification,4,2022,4,2022,3,07,01
2022-07-01,Corporation Income Taxes,null,232,232,327596,IV,Federal Tax Deposits,Classification,5,2022,4,2022,3,07,01
2022-07-01,Federal Unemployment Taxes,null,3,3,6132,IV,Federal Tax Deposits,Classification,6,2022,4,2022,3,07,01
2022-07-01,Estate and Gift Taxes & Misc IRS Rcpts.,null,35,35,3668,IV,Federal Tax Deposits,Classification,7,2022,4,2022,3,07,01
2022-07-01,Cash Federal Tax Deposits,Direct,18,18,26580,IV,Federal Tax Deposits,Classification,9,2022,4,2022,3,07,01
2022-07-01,Cash Federal Tax Deposits,Through Depositaries,26027,26027,3213937,IV,Federal Tax Deposits,Classification,10,2022,4,2022,3,07,01
2022-07-01,Inter-agency Transfers,null,2952,2952,95694,IV,Federal Tax Deposits,Classification,12,2022,4,2022,3,07,01
2022-06-30,Cash Federal Tax Deposits,Direct,23,2751,26562,IV,Federal Tax Deposits,Classification,9,2022,3,2022,2,06,30
2022-06-30,Withheld Income and Employment Taxes,null,6131,242329,2393933,IV,Federal Tax Deposits,Classification,1,2022,3,2022,2,06,30
2022-06-30,Individual Income Taxes,null,387,49796,510267,IV,Federal Tax Deposits,Classification,2,2022,3,2022,2,06,30
2022-06-30,Railroad Retirement Taxes,null,3,454,4621,IV,Federal Tax Deposits,Classification,3,2022,3,2022,2,06,30
2022-06-30,Excise Taxes,null,31,7395,61267,IV,Federal Tax Deposits,Classification,4,2022,3,2022,2,06,30
2022-06-30,Corporation Income Taxes,null,194,83054,327364,IV,Federal Tax Deposits,Classification,5,2022,3,2022,2,06,30
2022-06-30,Federal Unemployment Taxes,null,3,37,6129,IV,Federal Tax Deposits,Classification,6,2022,3,2022,2,06,30
2022-06-30,Estate and Gift Taxes & Misc IRS Rcpts.,null,4,178,3633,IV,Federal Tax Deposits,Classification,7,2022,3,2022,2,06,30
2022-06-30,Cash Federal Tax Deposits,Through Depositaries,6073,370129,3187911,IV,Federal Tax Deposits,Classification,10,2022,3,2022,2,06,30
2022-06-30,Inter-agency Transfers,null,658,10363,92742,IV,Federal Tax Deposits,Classification,12,2022,3,2022,2,06,30
2022-06-29,Withheld Income and Employment Taxes,null,10304,236199,2387802,IV,Federal Tax Deposits,Classification,1,2022,3,2022,2,06,29
2022-06-29,Individual Income Taxes,null,360,49409,509880,IV,Federal Tax Deposits,Classification,2,2022,3,2022,2,06,29
2022-06-29,Railroad Retirement Taxes,null,6,450,4618,IV,Federal Tax Deposits,Classification,3,2022,3,2022,2,06,29
2022-06-29,Excise Taxes,null,1938,7364,61236,IV,Federal Tax Deposits,Classification,4,2022,3,2022,2,06,29
2022-06-29,Corporation Income Taxes,null,81,82861,327170,IV,Federal Tax Deposits,Classification,5,2022,3,2022,2,06,29
2022-06-29,Federal Unemployment Taxes,null,2,34,6126,IV,Federal Tax Deposits,Classification,6,2022,3,2022,2,06,29
2022-06-29,Estate and Gift Taxes & Misc IRS Rcpts.,null,3,175,3629,IV,Federal Tax Deposits,Classification,7,2022,3,2022,2,06,29
2022-06-29,Cash Federal Tax Deposits,Direct,598,2728,26539,IV,Federal Tax Deposits,Classification,9,2022,3,2022,2,06,29
2022-06-29,Cash Federal Tax Deposits,Through Depositaries,12084,364056,3181838,IV,Federal Tax Deposits,Classification,10,2022,3,2022,2,06,29
2022-06-29,Inter-agency Transfers,null,12,9706,92084,IV,Federal Tax Deposits,Classification,12,2022,3,2022,2,06,29
2022-06-28,Withheld Income and Employment Taxes,null,2042,225895,2377498,IV,Federal Tax Deposits,Classification,1,2022,3,2022,2,06,28
2022-06-28,Individual Income Taxes,null,538,49048,509519,IV,Federal Tax Deposits,Classification,2,2022,3,2022,2,06,28
2022-06-28,Railroad Retirement Taxes,null,5,445,4612,IV,Federal Tax Deposits,Classification,3,2022,3,2022,2,06,28
2022-06-28,Excise Taxes,null,542,5425,59298,IV,Federal Tax Deposits,Classification,4,2022,3,2022,2,06,28
2022-06-28,Corporation Income Taxes,null,46,82780,327089,IV,Federal Tax Deposits,Classification,5,2022,3,2022,2,06,28
2022-06-28,Federal Unemployment Taxes,null,2,32,6124,IV,Federal Tax Deposits,Classification,6,2022,3,2022,2,06,28
2022-06-28,Estate and Gift Taxes & Misc IRS Rcpts.,null,1,171,3626,IV,Federal Tax Deposits,Classification,7,2022,3,2022,2,06,28
2022-06-28,Cash Federal Tax Deposits,Direct,147,2130,25941,IV,Federal Tax Deposits,Classification,9,2022,3,2022,2,06,28
2022-06-28,Cash Federal Tax Deposits,Through Depositaries,3023,351972,3169754,IV,Federal Tax Deposits,Classification,10,2022,3,2022,2,06,28
2022-06-28,Inter-agency Transfers,null,5,9694,92072,IV,Federal Tax Deposits,Classification,12,2022,3,2022,2,06,28
2022-06-27,Inter-agency Transfers,null,740,9688,92067,IV,Federal Tax Deposits,Classification,12,2022,3,2022,2,06,27
2022-06-27,Withheld Income and Employment Taxes,null,22629,223853,2375457,IV,Federal Tax Deposits,Classification,1,2022,3,2022,2,06,27
2022-06-27,Individual Income Taxes,null,660,48511,508982,IV,Federal Tax Deposits,Classification,2,2022,3,2022,2,06,27
2022-06-27,Railroad Retirement Taxes,null,80,439,4607,IV,Federal Tax Deposits,Classification,3,2022,3,2022,2,06,27
2022-06-27,Excise Taxes,null,497,4884,58756,IV,Federal Tax Deposits,Classification,4,2022,3,2022,2,06,27
2022-06-27,Corporation Income Taxes,null,81,82734,327043,IV,Federal Tax Deposits,Classification,5,2022,3,2022,2,06,27
2022-06-27,Federal Unemployment Taxes,null,2,30,6122,IV,Federal Tax Deposits,Classification,6,2022,3,2022,2,06,27
2022-06-27,Estate and Gift Taxes & Misc IRS Rcpts.,null,3,170,3625,IV,Federal Tax Deposits,Classification,7,2022,3,2022,2,06,27
2022-06-27,Cash Federal Tax Deposits,Direct,42,1983,25794,IV,Federal Tax Deposits,Classification,9,2022,3,2022,2,06,27
2022-06-27,Cash Federal Tax Deposits,Through Depositaries,23170,348949,3166730,IV,Federal Tax Deposits,Classification,10,2022,3,2022,2,06,27
2022-06-24,Withheld Income and Employment Taxes,null,8843,201224,2352828,IV,Federal Tax Deposits,Classification,1,2022,3,2022,2,06,24
2022-06-24,Individual Income Taxes,null,423,47850,508321,IV,Federal Tax Deposits,Classification,2,2022,3,2022,2,06,24
2022-06-24,Railroad Retirement Taxes,null,49,359,4527,IV,Federal Tax Deposits,Classification,3,2022,3,2022,2,06,24
2022-06-24,Excise Taxes,null,384,4387,58259,IV,Federal Tax Deposits,Classification,4,2022,3,2022,2,06,24
2022-06-24,Corporation Income Taxes,null,1270,82653,326962,IV,Federal Tax Deposits,Classification,5,2022,3,2022,2,06,24
2022-06-24,Federal Unemployment Taxes,null,2,28,6120,IV,Federal Tax Deposits,Classification,6,2022,3,2022,2,06,24
2022-06-24,Estate and Gift Taxes & Misc IRS Rcpts.,null,5,167,3622,IV,Federal Tax Deposits,Classification,7,2022,3,2022,2,06,24
2022-06-24,Cash Federal Tax Deposits,Direct,260,1941,25752,IV,Federal Tax Deposits,Classification,9,2022,3,2022,2,06,24
2022-06-24,Cash Federal Tax Deposits,Through Depositaries,9675,325779,3143561,IV,Federal Tax Deposits,Classification,10,2022,3,2022,2,06,24
2022-06-24,Inter-agency Transfers,null,1040,8949,91327,IV,Federal Tax Deposits,Classification,12,2022,3,2022,2,06,24
2022-06-23,Withheld Income and Employment Taxes,null,10757,192382,2343985,IV,Federal Tax Deposits,Classification,1,2022,3,2022,2,06,23
2022-06-23,Individual Income Taxes,null,440,47428,507899,IV,Federal Tax Deposits,Classification,2,2022,3,2022,2,06,23
2022-06-23,Railroad Retirement Taxes,null,3,310,4477,IV,Federal Tax Deposits,Classification,3,2022,3,2022,2,06,23
2022-06-23,Excise Taxes,null,51,4003,57875,IV,Federal Tax Deposits,Classification,4,2022,3,2022,2,06,23
2022-06-23,Corporation Income Taxes,null,153,81383,325692,IV,Federal Tax Deposits,Classification,5,2022,3,2022,2,06,23
2022-06-23,Federal Unemployment Taxes,null,1,26,6118,IV,Federal Tax Deposits,Classification,6,2022,3,2022,2,06,23
2022-06-23,Estate and Gift Taxes & Misc IRS Rcpts.,null,2,162,3616,IV,Federal Tax Deposits,Classification,7,2022,3,2022,2,06,23
2022-06-23,Cash Federal Tax Deposits,Direct,114,1681,25492,IV,Federal Tax Deposits,Classification,9,2022,3,2022,2,06,23
2022-06-23,Cash Federal Tax Deposits,Through Depositaries,11274,316104,3133885,IV,Federal Tax Deposits,Classification,10,2022,3,2022,2,06,23
2022-06-23,Inter-agency Transfers,null,19,7908,90287,IV,Federal Tax Deposits,Classification,12,2022,3,2022,2,06,23
2022-06-22,Withheld Income and Employment Taxes,null,5571,181625,2333228,IV,Federal Tax Deposits,Classification,1,2022,3,2022,2,06,22
2022-06-22,Individual Income Taxes,null,602,46988,507459,IV,Federal Tax Deposits,Classification,2,2022,3,2022,2,06,22
2022-06-22,Railroad Retirement Taxes,null,4,307,4475,IV,Federal Tax Deposits,Classification,3,2022,3,2022,2,06,22
2022-06-22,Excise Taxes,null,29,3952,57824,IV,Federal Tax Deposits,Classification,4,2022,3,2022,2,06,22
2022-06-22,Corporation Income Taxes,null,145,81230,325539,IV,Federal Tax Deposits,Classification,5,2022,3,2022,2,06,22
2022-06-22,Federal Unemployment Taxes,null,2,25,6117,IV,Federal Tax Deposits,Classification,6,2022,3,2022,2,06,22
2022-06-22,Estate and Gift Taxes & Misc IRS Rcpts.,null,1,160,3614,IV,Federal Tax Deposits,Classification,7,2022,3,2022,2,06,22
2022-06-22,Cash Federal Tax Deposits,Direct,92,1567,25378,IV,Federal Tax Deposits,Classification,9,2022,3,2022,2,06,22
2022-06-22,Cash Federal Tax Deposits,Through Depositaries,6235,304830,3122612,IV,Federal Tax Deposits,Classification,10,2022,3,2022,2,06,22
2022-06-22,Inter-agency Transfers,null,26,7889,90267,IV,Federal Tax Deposits,Classification,12,2022,3,2022,2,06,22
2022-06-21,Withheld Income and Employment Taxes,null,19585,176054,2327657,IV,Federal Tax Deposits,Classification,1,2022,3,2022,2,06,21
2022-06-21,Individual Income Taxes,null,1071,46386,506857,IV,Federal Tax Deposits,Classification,2,2022,3,2022,2,06,21
2022-06-21,Railroad Retirement Taxes,null,32,303,4471,IV,Federal Tax Deposits,Classification,3,2022,3,2022,2,06,21
2022-06-21,Excise Taxes,null,41,3923,57795,IV,Federal Tax Deposits,Classification,4,2022,3,2022,2,06,21
2022-06-21,Corporation Income Taxes,null,277,81084,325394,IV,Federal Tax Deposits,Classification,5,2022,3,2022,2,06,21
2022-06-21,Federal Unemployment Taxes,null,2,23,6116,IV,Federal Tax Deposits,Classification,6,2022,3,2022,2,06,21
2022-06-21,Estate and Gift Taxes & Misc IRS Rcpts.,null,10,158,3613,IV,Federal Tax Deposits,Classification,7,2022,3,2022,2,06,21
2022-06-21,Cash Federal Tax Deposits,Direct,55,1475,25285,IV,Federal Tax Deposits,Classification,9,2022,3,2022,2,06,21
2022-06-21,Cash Federal Tax Deposits,Through Depositaries,20948,298596,3116377,IV,Federal Tax Deposits,Classification,10,2022,3,2022,2,06,21
2022-06-21,Inter-agency Transfers,null,15,7863,90241,IV,Federal Tax Deposits,Classification,12,2022,3,2022,2,06,21
2022-06-17,Withheld Income and Employment Taxes,null,8561,156469,2308072,IV,Federal Tax Deposits,Classification,1,2022,3,2022,2,06,17
2022-06-17,Individual Income Taxes,null,896,45315,505786,IV,Federal Tax Deposits,Classification,2,2022,3,2022,2,06,17
2022-06-17,Railroad Retirement Taxes,null,25,272,4439,IV,Federal Tax Deposits,Classification,3,2022,3,2022,2,06,17
2022-06-17,Excise Taxes,null,28,3882,57754,IV,Federal Tax Deposits,Classification,4,2022,3,2022,2,06,17
2022-06-17,Corporation Income Taxes,null,170,80808,325117,IV,Federal Tax Deposits,Classification,5,2022,3,2022,2,06,17
2022-06-17,Federal Unemployment Taxes,null,2,22,6114,IV,Federal Tax Deposits,Classification,6,2022,3,2022,2,06,17
2022-06-17,Estate and Gift Taxes & Misc IRS Rcpts.,null,3,149,3603,IV,Federal Tax Deposits,Classification,7,2022,3,2022,2,06,17
2022-06-17,Cash Federal Tax Deposits,Direct,18,1420,25231,IV,Federal Tax Deposits,Classification,9,2022,3,2022,2,06,17
2022-06-17,Cash Federal Tax Deposits,Through Depositaries,9541,277648,3095429,IV,Federal Tax Deposits,Classification,10,2022,3,2022,2,06,17
2022-06-17,Inter-agency Transfers,null,125,7848,90226,IV,Federal Tax Deposits,Classification,12,2022,3,2022,2,06,17
2022-06-16,Withheld Income and Employment Taxes,null,15199,147908,2299511,IV,Federal Tax Deposits,Classification,1,2022,3,2022,2,06,16
2022-06-16,Individual Income Taxes,null,5009,44419,504890,IV,Federal Tax Deposits,Classification,2,2022,3,2022,2,06,16
2022-06-16,Railroad Retirement Taxes,null,12,247,4414,IV,Federal Tax Deposits,Classification,3,2022,3,2022,2,06,16
2022-06-16,Excise Taxes,null,15,3854,57726,IV,Federal Tax Deposits,Classification,4,2022,3,2022,2,06,16
2022-06-16,Corporation Income Taxes,null,2278,80638,324947,IV,Federal Tax Deposits,Classification,5,2022,3,2022,2,06,16
2022-06-16,Federal Unemployment Taxes,null,1,20,6112,IV,Federal Tax Deposits,Classification,6,2022,3,2022,2,06,16
2022-06-16,Estate and Gift Taxes & Misc IRS Rcpts.,null,65,146,3601,IV,Federal Tax Deposits,Classification,7,2022,3,2022,2,06,16
2022-06-16,Cash Federal Tax Deposits,Direct,43,1402,25213,IV,Federal Tax Deposits,Classification,9,2022,3,2022,2,06,16
2022-06-16,Cash Federal Tax Deposits,Through Depositaries,22173,268107,3085888,IV,Federal Tax Deposits,Classification,10,2022,3,2022,2,06,16
2022-06-16,Inter-agency Transfers,null,363,7723,90101,IV,Federal Tax Deposits,Classification,12,2022,3,2022,2,06,16
2022-06-15,Withheld Income and Employment Taxes,null,16150,132709,2284312,IV,Federal Tax Deposits,Classification,1,2022,3,2022,2,06,15
2022-06-15,Individual Income Taxes,null,16984,39410,499881,IV,Federal Tax Deposits,Classification,2,2022,3,2022,2,06,15
2022-06-15,Railroad Retirement Taxes,null,7,234,4402,IV,Federal Tax Deposits,Classification,3,2022,3,2022,2,06,15
2022-06-15,Excise Taxes,null,84,3838,57711,IV,Federal Tax Deposits,Classification,4,2022,3,2022,2,06,15
2022-06-15,Corporation Income Taxes,null,49595,78360,322669,IV,Federal Tax Deposits,Classification,5,2022,3,2022,2,06,15
2022-06-15,Federal Unemployment Taxes,null,3,19,6111,IV,Federal Tax Deposits,Classification,6,2022,3,2022,2,06,15
2022-06-15,Estate and Gift Taxes & Misc IRS Rcpts.,null,1,81,3536,IV,Federal Tax Deposits,Classification,7,2022,3,2022,2,06,15
2022-06-15,Cash Federal Tax Deposits,Direct,60,1359,25169,IV,Federal Tax Deposits,Classification,9,2022,3,2022,2,06,15
2022-06-15,Cash Federal Tax Deposits,Through Depositaries,82570,245934,3063715,IV,Federal Tax Deposits,Classification,10,2022,3,2022,2,06,15
2022-06-15,Inter-agency Transfers,null,193,7359,89738,IV,Federal Tax Deposits,Classification,12,2022,3,2022,2,06,15
2022-06-14,Withheld Income and Employment Taxes,null,4748,116559,2268163,IV,Federal Tax Deposits,Classification,1,2022,3,2022,2,06,14
2022-06-14,Individual Income Taxes,null,7700,22426,482897,IV,Federal Tax Deposits,Classification,2,2022,3,2022,2,06,14
2022-06-14,Railroad Retirement Taxes,null,6,227,4395,IV,Federal Tax Deposits,Classification,3,2022,3,2022,2,06,14
2022-06-14,Excise Taxes,null,2193,3755,57627,IV,Federal Tax Deposits,Classification,4,2022,3,2022,2,06,14
2022-06-14,Corporation Income Taxes,null,15606,28764,273074,IV,Federal Tax Deposits,Classification,5,2022,3,2022,2,06,14
2022-06-14,Federal Unemployment Taxes,null,2,16,6108,IV,Federal Tax Deposits,Classification,6,2022,3,2022,2,06,14
2022-06-14,Estate and Gift Taxes & Misc IRS Rcpts.,null,1,80,3535,IV,Federal Tax Deposits,Classification,7,2022,3,2022,2,06,14
2022-06-14,Cash Federal Tax Deposits,Direct,784,1298,25109,IV,Federal Tax Deposits,Classification,9,2022,3,2022,2,06,14
2022-06-14,Cash Federal Tax Deposits,Through Depositaries,28478,163364,2981145,IV,Federal Tax Deposits,Classification,10,2022,3,2022,2,06,14
2022-06-14,Inter-agency Transfers,null,995,7167,89545,IV,Federal Tax Deposits,Classification,12,2022,3,2022,2,06,14
2022-06-13,Withheld Income and Employment Taxes,null,22516,111811,2263414,IV,Federal Tax Deposits,Classification,1,2022,3,2022,2,06,13
2022-06-13,Individual Income Taxes,null,6059,14726,475197,IV,Federal Tax Deposits,Classification,2,2022,3,2022,2,06,13
2022-06-13,Railroad Retirement Taxes,null,88,221,4389,IV,Federal Tax Deposits,Classification,3,2022,3,2022,2,06,13
2022-06-13,Excise Taxes,null,696,1562,55434,IV,Federal Tax Deposits,Classification,4,2022,3,2022,2,06,13
2022-06-13,Corporation Income Taxes,null,8843,13159,257468,IV,Federal Tax Deposits,Classification,5,2022,3,2022,2,06,13
2022-06-13,Federal Unemployment Taxes,null,2,14,6106,IV,Federal Tax Deposits,Classification,6,2022,3,2022,2,06,13
2022-06-13,Estate and Gift Taxes & Misc IRS Rcpts.,null,5,79,3533,IV,Federal Tax Deposits,Classification,7,2022,3,2022,2,06,13
2022-06-13,Cash Federal Tax Deposits,Direct,149,514,24325,IV,Federal Tax Deposits,Classification,9,2022,3,2022,2,06,13
2022-06-13,Cash Federal Tax Deposits,Through Depositaries,37045,134886,2952667,IV,Federal Tax Deposits,Classification,10,2022,3,2022,2,06,13
2022-06-13,Inter-agency Transfers,null,1015,6172,88550,IV,Federal Tax Deposits,Classification,12,2022,3,2022,2,06,13
2022-06-10,Federal Unemployment Taxes,null,2,12,6105,IV,Federal Tax Deposits,Classification,6,2022,3,2022,2,06,10
2022-06-10,Withheld Income and Employment Taxes,null,9046,89295,2240899,IV,Federal Tax Deposits,Classification,1,2022,3,2022,2,06,10
2022-06-10,Individual Income Taxes,null,2465,8667,469138,IV,Federal Tax Deposits,Classification,2,2022,3,2022,2,06,10
2022-06-10,Railroad Retirement Taxes,null,53,134,4301,IV,Federal Tax Deposits,Classification,3,2022,3,2022,2,06,10
2022-06-10,Excise Taxes,null,603,865,54738,IV,Federal Tax Deposits,Classification,4,2022,3,2022,2,06,10
2022-06-10,Corporation Income Taxes,null,2000,4315,248625,IV,Federal Tax Deposits,Classification,5,2022,3,2022,2,06,10
2022-06-10,Estate and Gift Taxes & Misc IRS Rcpts.,null,26,74,3529,IV,Federal Tax Deposits,Classification,7,2022,3,2022,2,06,10
2022-06-10,Cash Federal Tax Deposits,Direct,70,365,24176,IV,Federal Tax Deposits,Classification,9,2022,3,2022,2,06,10
2022-06-10,Cash Federal Tax Deposits,Through Depositaries,13026,97841,2915622,IV,Federal Tax Deposits,Classification,10,2022,3,2022,2,06,10
2022-06-10,Inter-agency Transfers,null,1099,5157,87535,IV,Federal Tax Deposits,Classification,12,2022,3,2022,2,06,10
2022-06-09,Withheld Income and Employment Taxes,null,3314,80249,2231852,IV,Federal Tax Deposits,Classification,1,2022,3,2022,2,06,09
2022-06-09,Individual Income Taxes,null,1392,6202,466673,IV,Federal Tax Deposits,Classification,2,2022,3,2022,2,06,09
2022-06-09,Railroad Retirement Taxes,null,1,80,4248,IV,Federal Tax Deposits,Classification,3,2022,3,2022,2,06,09
2022-06-09,Excise Taxes,null,90,262,54134,IV,Federal Tax Deposits,Classification,4,2022,3,2022,2,06,09
2022-06-09,Corporation Income Taxes,null,850,2316,246625,IV,Federal Tax Deposits,Classification,5,2022,3,2022,2,06,09
2022-06-09,Federal Unemployment Taxes,null,1,11,6103,IV,Federal Tax Deposits,Classification,6,2022,3,2022,2,06,09
2022-06-09,Estate and Gift Taxes & Misc IRS Rcpts.,null,24,48,3503,IV,Federal Tax Deposits,Classification,7,2022,3,2022,2,06,09
2022-06-09,Cash Federal Tax Deposits,Direct,56,295,24106,IV,Federal Tax Deposits,Classification,9,2022,3,2022,2,06,09
2022-06-09,Cash Federal Tax Deposits,Through Depositaries,5560,84815,2902597,IV,Federal Tax Deposits,Classification,10,2022,3,2022,2,06,09
2022-06-09,Inter-agency Transfers,null,56,4058,86436,IV,Federal Tax Deposits,Classification,12,2022,3,2022,2,06,09
2022-06-08,Withheld Income and Employment Taxes,null,10339,76935,2228538,IV,Federal Tax Deposits,Classification,1,2022,3,2022,2,06,08
2022-06-08,Individual Income Taxes,null,1056,4810,465281,IV,Federal Tax Deposits,Classification,2,2022,3,2022,2,06,08
2022-06-08,Railroad Retirement Taxes,null,2,79,4247,IV,Federal Tax Deposits,Classification,3,2022,3,2022,2,06,08
2022-06-08,Excise Taxes,null,61,172,54044,IV,Federal Tax Deposits,Classification,4,2022,3,2022,2,06,08
2022-06-08,Corporation Income Taxes,null,584,1466,245775,IV,Federal Tax Deposits,Classification,5,2022,3,2022,2,06,08
2022-06-08,Federal Unemployment Taxes,null,2,9,6101,IV,Federal Tax Deposits,Classification,6,2022,3,2022,2,06,08
2022-06-08,Estate and Gift Taxes & Misc IRS Rcpts.,null,1,25,3479,IV,Federal Tax Deposits,Classification,7,2022,3,2022,2,06,08
2022-06-08,Cash Federal Tax Deposits,Direct,44,239,24050,IV,Federal Tax Deposits,Classification,9,2022,3,2022,2,06,08
2022-06-08,Cash Federal Tax Deposits,Through Depositaries,11968,79255,2897036,IV,Federal Tax Deposits,Classification,10,2022,3,2022,2,06,08
2022-06-08,Inter-agency Transfers,null,32,4002,86380,IV,Federal Tax Deposits,Classification,12,2022,3,2022,2,06,08
2022-06-07,Cash Federal Tax Deposits,Direct,44,195,24006,IV,Federal Tax Deposits,Classification,9,2022,3,2022,2,06,07
2022-06-07,Withheld Income and Employment Taxes,null,2590,66596,2218199,IV,Federal Tax Deposits,Classification,1,2022,3,2022,2,06,07
2022-06-07,Individual Income Taxes,null,590,3754,464225,IV,Federal Tax Deposits,Classification,2,2022,3,2022,2,06,07
2022-06-07,Railroad Retirement Taxes,null,4,77,4245,IV,Federal Tax Deposits,Classification,3,2022,3,2022,2,06,07
2022-06-07,Excise Taxes,null,-29,111,53983,IV,Federal Tax Deposits,Classification,4,2022,3,2022,2,06,07
2022-06-07,Corporation Income Taxes,null,293,882,245192,IV,Federal Tax Deposits,Classification,5,2022,3,2022,2,06,07
2022-06-07,Federal Unemployment Taxes,null,1,8,6100,IV,Federal Tax Deposits,Classification,6,2022,3,2022,2,06,07
2022-06-07,Estate and Gift Taxes & Misc IRS Rcpts.,null,1,24,3479,IV,Federal Tax Deposits,Classification,7,2022,3,2022,2,06,07
2022-06-07,Cash Federal Tax Deposits,Through Depositaries,3387,67286,2885068,IV,Federal Tax Deposits,Classification,10,2022,3,2022,2,06,07
2022-06-07,Inter-agency Transfers,null,18,3970,86348,IV,Federal Tax Deposits,Classification,12,2022,3,2022,2,06,07
2022-06-06,Withheld Income and Employment Taxes,null,17717,64006,2215609,IV,Federal Tax Deposits,Classification,1,2022,3,2022,2,06,06
2022-06-06,Individual Income Taxes,null,1300,3165,463636,IV,Federal Tax Deposits,Classification,2,2022,3,2022,2,06,06
2022-06-06,Railroad Retirement Taxes,null,37,73,4241,IV,Federal Tax Deposits,Classification,3,2022,3,2022,2,06,06
2022-06-06,Excise Taxes,null,83,140,54012,IV,Federal Tax Deposits,Classification,4,2022,3,2022,2,06,06
2022-06-06,Corporation Income Taxes,null,303,589,244899,IV,Federal Tax Deposits,Classification,5,2022,3,2022,2,06,06
2022-06-06,Federal Unemployment Taxes,null,2,7,6099,IV,Federal Tax Deposits,Classification,6,2022,3,2022,2,06,06
2022-06-06,Estate and Gift Taxes & Misc IRS Rcpts.,null,6,23,3477,IV,Federal Tax Deposits,Classification,7,2022,3,2022,2,06,06
2022-06-06,Cash Federal Tax Deposits,Direct,23,152,23963,IV,Federal Tax Deposits,Classification,9,2022,3,2022,2,06,06
2022-06-06,Cash Federal Tax Deposits,Through Depositaries,19416,63899,2881681,IV,Federal Tax Deposits,Classification,10,2022,3,2022,2,06,06
2022-06-06,Inter-agency Transfers,null,8,3951,86330,IV,Federal Tax Deposits,Classification,12,2022,3,2022,2,06,06
2022-06-03,Withheld Income and Employment Taxes,null,11077,46290,2197893,IV,Federal Tax Deposits,Classification,1,2022,3,2022,2,06,03
2022-06-03,Individual Income Taxes,null,666,1864,462335,IV,Federal Tax Deposits,Classification,2,2022,3,2022,2,06,03
2022-06-03,Railroad Retirement Taxes,null,18,37,4204,IV,Federal Tax Deposits,Classification,3,2022,3,2022,2,06,03
2022-06-03,Excise Taxes,null,27,57,53929,IV,Federal Tax Deposits,Classification,4,2022,3,2022,2,06,03
2022-06-03,Corporation Income Taxes,null,249,287,244596,IV,Federal Tax Deposits,Classification,5,2022,3,2022,2,06,03
2022-06-03,Federal Unemployment Taxes,null,2,5,6097,IV,Federal Tax Deposits,Classification,6,2022,3,2022,2,06,03
2022-06-03,Estate and Gift Taxes & Misc IRS Rcpts.,null,10,16,3471,IV,Federal Tax Deposits,Classification,7,2022,3,2022,2,06,03
2022-06-03,Cash Federal Tax Deposits,Direct,21,128,23939,IV,Federal Tax Deposits,Classification,9,2022,3,2022,2,06,03
2022-06-03,Cash Federal Tax Deposits,Through Depositaries,10015,44483,2862265,IV,Federal Tax Deposits,Classification,10,2022,3,2022,2,06,03
2022-06-03,Inter-agency Transfers,null,2011,3943,86321,IV,Federal Tax Deposits,Classification,12,2022,3,2022,2,06,03
2022-06-02,Inter-agency Transfers,null,722,1932,84310,IV,Federal Tax Deposits,Classification,12,2022,3,2022,2,06,02
2022-06-02,Withheld Income and Employment Taxes,null,13525,35213,2186816,IV,Federal Tax Deposits,Classification,1,2022,3,2022,2,06,02
2022-06-02,Individual Income Taxes,null,525,1199,461669,IV,Federal Tax Deposits,Classification,2,2022,3,2022,2,06,02
2022-06-02,Railroad Retirement Taxes,null,9,19,4187,IV,Federal Tax Deposits,Classification,3,2022,3,2022,2,06,02
2022-06-02,Excise Taxes,null,17,30,53902,IV,Federal Tax Deposits,Classification,4,2022,3,2022,2,06,02
2022-06-02,Corporation Income Taxes,null,94,38,244347,IV,Federal Tax Deposits,Classification,5,2022,3,2022,2,06,02
2022-06-02,Federal Unemployment Taxes,null,1,3,6095,IV,Federal Tax Deposits,Classification,6,2022,3,2022,2,06,02
2022-06-02,Estate and Gift Taxes & Misc IRS Rcpts.,null,2,6,3461,IV,Federal Tax Deposits,Classification,7,2022,3,2022,2,06,02
2022-06-02,Cash Federal Tax Deposits,Direct,49,107,23918,IV,Federal Tax Deposits,Classification,9,2022,3,2022,2,06,02
2022-06-02,Cash Federal Tax Deposits,Through Depositaries,13403,34468,2852250,IV,Federal Tax Deposits,Classification,10,2022,3,2022,2,06,02
2022-06-01,Withheld Income and Employment Taxes,null,21688,21688,2173292,IV,Federal Tax Deposits,Classification,1,2022,3,2022,2,06,01
2022-06-01,Individual Income Taxes,null,673,673,461144,IV,Federal Tax Deposits,Classification,2,2022,3,2022,2,06,01
2022-06-01,Railroad Retirement Taxes,null,10,10,4178,IV,Federal Tax Deposits,Classification,3,2022,3,2022,2,06,01
2022-06-01,Excise Taxes,null,13,13,53885,IV,Federal Tax Deposits,Classification,4,2022,3,2022,2,06,01
2022-06-01,Corporation Income Taxes,null,-57,-57,244253,IV,Federal Tax Deposits,Classification,5,2022,3,2022,2,06,01
2022-06-01,Federal Unemployment Taxes,null,2,2,6094,IV,Federal Tax Deposits,Classification,6,2022,3,2022,2,06,01
2022-06-01,Estate and Gift Taxes & Misc IRS Rcpts.,null,4,4,3458,IV,Federal Tax Deposits,Classification,7,2022,3,2022,2,06,01
2022-06-01,Cash Federal Tax Deposits,Direct,58,58,23869,IV,Federal Tax Deposits,Classification,9,2022,3,2022,2,06,01
2022-06-01,Cash Federal Tax Deposits,Through Depositaries,21065,21065,2838846,IV,Federal Tax Deposits,Classification,10,2022,3,2022,2,06,01
2022-06-01,Inter-agency Transfers,null,1210,1210,83588,IV,Federal Tax Deposits,Classification,12,2022,3,2022,2,06,01
2022-05-31,Withheld Income and Employment Taxes,null,25324,246681,2151603,IV,Federal Tax Deposits,Classification,1,2022,3,2022,2,05,31
2022-05-31,Individual Income Taxes,null,693,10212,460471,IV,Federal Tax Deposits,Classification,2,2022,3,2022,2,05,31
2022-05-31,Railroad Retirement Taxes,null,44,499,4168,IV,Federal Tax Deposits,Classification,3,2022,3,2022,2,05,31
2022-05-31,Excise Taxes,null,26,7770,53872,IV,Federal Tax Deposits,Classification,4,2022,3,2022,2,05,31
2022-05-31,Corporation Income Taxes,null,209,8879,244309,IV,Federal Tax Deposits,Classification,5,2022,3,2022,2,05,31
2022-05-31,Federal Unemployment Taxes,null,3,2981,6092,IV,Federal Tax Deposits,Classification,6,2022,3,2022,2,05,31
2022-05-31,Estate and Gift Taxes & Misc IRS Rcpts.,null,9,332,3455,IV,Federal Tax Deposits,Classification,7,2022,3,2022,2,05,31
2022-05-31,Cash Federal Tax Deposits,Direct,20,2382,23811,IV,Federal Tax Deposits,Classification,9,2022,3,2022,2,05,31
2022-05-31,Cash Federal Tax Deposits,Through Depositaries,25213,265176,2817781,IV,Federal Tax Deposits,Classification,10,2022,3,2022,2,05,31
2022-05-31,Inter-agency Transfers,null,1074,9795,82378,IV,Federal Tax Deposits,Classification,12,2022,3,2022,2,05,31
2022-05-27,Withheld Income and Employment Taxes,null,9452,221357,2126280,IV,Federal Tax Deposits,Classification,1,2022,3,2022,2,05,27
2022-05-27,Individual Income Taxes,null,197,9520,459778,IV,Federal Tax Deposits,Classification,2,2022,3,2022,2,05,27
2022-05-27,Railroad Retirement Taxes,null,42,456,4124,IV,Federal Tax Deposits,Classification,3,2022,3,2022,2,05,27
2022-05-27,Excise Taxes,null,1917,7744,53846,IV,Federal Tax Deposits,Classification,4,2022,3,2022,2,05,27
2022-05-27,Corporation Income Taxes,null,219,8670,244101,IV,Federal Tax Deposits,Classification,5,2022,3,2022,2,05,27
2022-05-27,Federal Unemployment Taxes,null,1,2978,6090,IV,Federal Tax Deposits,Classification,6,2022,3,2022,2,05,27
2022-05-27,Estate and Gift Taxes & Misc IRS Rcpts.,null,13,323,3446,IV,Federal Tax Deposits,Classification,7,2022,3,2022,2,05,27
2022-05-27,Cash Federal Tax Deposits,Direct,620,2363,23791,IV,Federal Tax Deposits,Classification,9,2022,3,2022,2,05,27
2022-05-27,Cash Federal Tax Deposits,Through Depositaries,10196,239963,2792568,IV,Federal Tax Deposits,Classification,10,2022,3,2022,2,05,27
2022-05-27,Inter-agency Transfers,null,1026,8722,81304,IV,Federal Tax Deposits,Classification,12,2022,3,2022,2,05,27
2022-05-26,Withheld Income and Employment Taxes,null,3636,211905,2116827,IV,Federal Tax Deposits,Classification,1,2022,3,2022,2,05,26
2022-05-26,Individual Income Taxes,null,426,9323,459582,IV,Federal Tax Deposits,Classification,2,2022,3,2022,2,05,26
2022-05-26,Railroad Retirement Taxes,null,38,414,4082,IV,Federal Tax Deposits,Classification,3,2022,3,2022,2,05,26
2022-05-26,Excise Taxes,null,504,5827,51929,IV,Federal Tax Deposits,Classification,4,2022,3,2022,2,05,26
2022-05-26,Corporation Income Taxes,null,64,8451,243882,IV,Federal Tax Deposits,Classification,5,2022,3,2022,2,05,26
2022-05-26,Federal Unemployment Taxes,null,1,2977,6088,IV,Federal Tax Deposits,Classification,6,2022,3,2022,2,05,26
2022-05-26,Estate and Gift Taxes & Misc IRS Rcpts.,null,14,310,3433,IV,Federal Tax Deposits,Classification,7,2022,3,2022,2,05,26
2022-05-26,Cash Federal Tax Deposits,Direct,167,1743,23172,IV,Federal Tax Deposits,Classification,9,2022,3,2022,2,05,26
2022-05-26,Cash Federal Tax Deposits,Through Depositaries,4511,229767,2782373,IV,Federal Tax Deposits,Classification,10,2022,3,2022,2,05,26
2022-05-26,Inter-agency Transfers,null,5,7696,80279,IV,Federal Tax Deposits,Classification,12,2022,3,2022,2,05,26
2022-05-25,Withheld Income and Employment Taxes,null,10603,208269,2113192,IV,Federal Tax Deposits,Classification,1,2022,3,2022,2,05,25
2022-05-25,Individual Income Taxes,null,329,8897,459155,IV,Federal Tax Deposits,Classification,2,2022,3,2022,2,05,25
2022-05-25,Railroad Retirement Taxes,null,34,376,4044,IV,Federal Tax Deposits,Classification,3,2022,3,2022,2,05,25
2022-05-25,Excise Taxes,null,514,5323,51425,IV,Federal Tax Deposits,Classification,4,2022,3,2022,2,05,25
2022-05-25,Corporation Income Taxes,null,46,8387,243818,IV,Federal Tax Deposits,Classification,5,2022,3,2022,2,05,25
2022-05-25,Federal Unemployment Taxes,null,2,2975,6087,IV,Federal Tax Deposits,Classification,6,2022,3,2022,2,05,25
2022-05-25,Estate and Gift Taxes & Misc IRS Rcpts.,null,12,296,3419,IV,Federal Tax Deposits,Classification,7,2022,3,2022,2,05,25
2022-05-25,Cash Federal Tax Deposits,Direct,79,1576,23004,IV,Federal Tax Deposits,Classification,9,2022,3,2022,2,05,25
2022-05-25,Cash Federal Tax Deposits,Through Depositaries,11450,225257,2777862,IV,Federal Tax Deposits,Classification,10,2022,3,2022,2,05,25
2022-05-25,Inter-agency Transfers,null,10,7691,80274,IV,Federal Tax Deposits,Classification,12,2022,3,2022,2,05,25
2022-05-24,Withheld Income and Employment Taxes,null,2221,197666,2102589,IV,Federal Tax Deposits,Classification,1,2022,3,2022,2,05,24
2022-05-24,Individual Income Taxes,null,223,8568,458827,IV,Federal Tax Deposits,Classification,2,2022,3,2022,2,05,24
2022-05-24,Railroad Retirement Taxes,null,1,343,4011,IV,Federal Tax Deposits,Classification,3,2022,3,2022,2,05,24
2022-05-24,Excise Taxes,null,134,4809,50911,IV,Federal Tax Deposits,Classification,4,2022,3,2022,2,05,24
2022-05-24,Corporation Income Taxes,null,263,8341,243772,IV,Federal Tax Deposits,Classification,5,2022,3,2022,2,05,24
2022-05-24,Federal Unemployment Taxes,null,2,2973,6085,IV,Federal Tax Deposits,Classification,6,2022,3,2022,2,05,24
2022-05-24,Estate and Gift Taxes & Misc IRS Rcpts.,null,1,284,3407,IV,Federal Tax Deposits,Classification,7,2022,3,2022,2,05,24
2022-05-24,Cash Federal Tax Deposits,Direct,51,1497,22925,IV,Federal Tax Deposits,Classification,9,2022,3,2022,2,05,24
2022-05-24,Cash Federal Tax Deposits,Through Depositaries,2776,213807,2766412,IV,Federal Tax Deposits,Classification,10,2022,3,2022,2,05,24
2022-05-24,Inter-agency Transfers,null,18,7680,80263,IV,Federal Tax Deposits,Classification,12,2022,3,2022,2,05,24
2022-05-23,Withheld Income and Employment Taxes,null,19441,195446,2100368,IV,Federal Tax Deposits,Classification,1,2022,3,2022,2,05,23
2022-05-23,Individual Income Taxes,null,612,8345,458604,IV,Federal Tax Deposits,Classification,2,2022,3,2022,2,05,23
2022-05-23,Railroad Retirement Taxes,null,37,341,4009,IV,Federal Tax Deposits,Classification,3,2022,3,2022,2,05,23
2022-05-23,Excise Taxes,null,33,4675,50777,IV,Federal Tax Deposits,Classification,4,2022,3,2022,2,05,23
2022-05-23,Corporation Income Taxes,null,78,8078,243509,IV,Federal Tax Deposits,Classification,5,2022,3,2022,2,05,23
2022-05-23,Federal Unemployment Taxes,null,1,2971,6083,IV,Federal Tax Deposits,Classification,6,2022,3,2022,2,05,23
2022-05-23,Estate and Gift Taxes & Misc IRS Rcpts.,null,17,283,3405,IV,Federal Tax Deposits,Classification,7,2022,3,2022,2,05,23
2022-05-23,Cash Federal Tax Deposits,Direct,25,1446,22874,IV,Federal Tax Deposits,Classification,9,2022,3,2022,2,05,23
2022-05-23,Cash Federal Tax Deposits,Through Depositaries,20185,211031,2763636,IV,Federal Tax Deposits,Classification,10,2022,3,2022,2,05,23
2022-05-23,Inter-agency Transfers,null,10,7662,80245,IV,Federal Tax Deposits,Classification,12,2022,3,2022,2,05,23
2022-05-20,Withheld Income and Employment Taxes,null,6845,176004,2080927,IV,Federal Tax Deposits,Classification,1,2022,3,2022,2,05,20
2022-05-20,Individual Income Taxes,null,329,7733,457992,IV,Federal Tax Deposits,Classification,2,2022,3,2022,2,05,20
2022-05-20,Railroad Retirement Taxes,null,17,304,3972,IV,Federal Tax Deposits,Classification,3,2022,3,2022,2,05,20
2022-05-20,Excise Taxes,null,22,4642,50744,IV,Federal Tax Deposits,Classification,4,2022,3,2022,2,05,20
2022-05-20,Corporation Income Taxes,null,59,8000,243431,IV,Federal Tax Deposits,Classification,5,2022,3,2022,2,05,20
2022-05-20,Federal Unemployment Taxes,null,2,2970,6082,IV,Federal Tax Deposits,Classification,6,2022,3,2022,2,05,20
2022-05-20,Estate and Gift Taxes & Misc IRS Rcpts.,null,34,266,3389,IV,Federal Tax Deposits,Classification,7,2022,3,2022,2,05,20
2022-05-20,Cash Federal Tax Deposits,Direct,20,1421,22850,IV,Federal Tax Deposits,Classification,9,2022,3,2022,2,05,20
2022-05-20,Cash Federal Tax Deposits,Through Depositaries,7263,190846,2743451,IV,Federal Tax Deposits,Classification,10,2022,3,2022,2,05,20
2022-05-20,Inter-agency Transfers,null,26,7652,80235,IV,Federal Tax Deposits,Classification,12,2022,3,2022,2,05,20
2022-05-19,Withheld Income and Employment Taxes,null,2490,169159,2074081,IV,Federal Tax Deposits,Classification,1,2022,3,2022,2,05,19
2022-05-19,Individual Income Taxes,null,333,7404,457663,IV,Federal Tax Deposits,Classification,2,2022,3,2022,2,05,19
2022-05-19,Railroad Retirement Taxes,null,1,286,3955,IV,Federal Tax Deposits,Classification,3,2022,3,2022,2,05,19
2022-05-19,Excise Taxes,null,33,4620,50722,IV,Federal Tax Deposits,Classification,4,2022,3,2022,2,05,19
2022-05-19,Corporation Income Taxes,null,105,7941,243372,IV,Federal Tax Deposits,Classification,5,2022,3,2022,2,05,19
2022-05-19,Federal Unemployment Taxes,null,1,2968,6080,IV,Federal Tax Deposits,Classification,6,2022,3,2022,2,05,19
2022-05-19,Estate and Gift Taxes & Misc IRS Rcpts.,null,6,232,3354,IV,Federal Tax Deposits,Classification,7,2022,3,2022,2,05,19
2022-05-19,Cash Federal Tax Deposits,Direct,45,1402,22830,IV,Federal Tax Deposits,Classification,9,2022,3,2022,2,05,19
2022-05-19,Cash Federal Tax Deposits,Through Depositaries,2668,183583,2736188,IV,Federal Tax Deposits,Classification,10,2022,3,2022,2,05,19
2022-05-19,Inter-agency Transfers,null,254,7626,80209,IV,Federal Tax Deposits,Classification,12,2022,3,2022,2,05,19
2022-05-18,Withheld Income and Employment Taxes,null,11845,166669,2071591,IV,Federal Tax Deposits,Classification,1,2022,3,2022,2,05,18
2022-05-18,Individual Income Taxes,null,348,7072,457330,IV,Federal Tax Deposits,Classification,2,2022,3,2022,2,05,18
2022-05-18,Railroad Retirement Taxes,null,2,286,3954,IV,Federal Tax Deposits,Classification,3,2022,3,2022,2,05,18
2022-05-18,Excise Taxes,null,31,4587,50689,IV,Federal Tax Deposits,Classification,4,2022,3,2022,2,05,18
2022-05-18,Corporation Income Taxes,null,104,7837,243268,IV,Federal Tax Deposits,Classification,5,2022,3,2022,2,05,18
2022-05-18,Federal Unemployment Taxes,null,2,2967,6079,IV,Federal Tax Deposits,Classification,6,2022,3,2022,2,05,18
2022-05-18,Estate and Gift Taxes & Misc IRS Rcpts.,null,8,226,3349,IV,Federal Tax Deposits,Classification,7,2022,3,2022,2,05,18
2022-05-18,Cash Federal Tax Deposits,Direct,75,1356,22785,IV,Federal Tax Deposits,Classification,9,2022,3,2022,2,05,18
2022-05-18,Cash Federal Tax Deposits,Through Depositaries,12254,180915,2733520,IV,Federal Tax Deposits,Classification,10,2022,3,2022,2,05,18
2022-05-18,Inter-agency Transfers,null,12,7372,79955,IV,Federal Tax Deposits,Classification,12,2022,3,2022,2,05,18
2022-05-17,Withheld Income and Employment Taxes,null,3713,154824,2059746,IV,Federal Tax Deposits,Classification,1,2022,3,2022,2,05,17
2022-05-17,Individual Income Taxes,null,493,6723,456982,IV,Federal Tax Deposits,Classification,2,2022,3,2022,2,05,17
2022-05-17,Railroad Retirement Taxes,null,3,283,3952,IV,Federal Tax Deposits,Classification,3,2022,3,2022,2,05,17
2022-05-17,Excise Taxes,null,79,4556,50658,IV,Federal Tax Deposits,Classification,4,2022,3,2022,2,05,17
2022-05-17,Corporation Income Taxes,null,182,7732,243163,IV,Federal Tax Deposits,Classification,5,2022,3,2022,2,05,17
2022-05-17,Federal Unemployment Taxes,null,1,2965,6077,IV,Federal Tax Deposits,Classification,6,2022,3,2022,2,05,17
2022-05-17,Estate and Gift Taxes & Misc IRS Rcpts.,null,1,218,3341,IV,Federal Tax Deposits,Classification,7,2022,3,2022,2,05,17
2022-05-17,Cash Federal Tax Deposits,Direct,44,1281,22710,IV,Federal Tax Deposits,Classification,9,2022,3,2022,2,05,17
2022-05-17,Cash Federal Tax Deposits,Through Depositaries,4020,168661,2721266,IV,Federal Tax Deposits,Classification,10,2022,3,2022,2,05,17
2022-05-17,Inter-agency Transfers,null,407,7359,79942,IV,Federal Tax Deposits,Classification,12,2022,3,2022,2,05,17
2022-05-16,Withheld Income and Employment Taxes,null,36369,151111,2056034,IV,Federal Tax Deposits,Classification,1,2022,3,2022,2,05,16
2022-05-16,Individual Income Taxes,null,958,6230,456489,IV,Federal Tax Deposits,Classification,2,2022,3,2022,2,05,16
2022-05-16,Railroad Retirement Taxes,null,57,281,3949,IV,Federal Tax Deposits,Classification,3,2022,3,2022,2,05,16
2022-05-16,Excise Taxes,null,295,4477,50579,IV,Federal Tax Deposits,Classification,4,2022,3,2022,2,05,16
2022-05-16,Corporation Income Taxes,null,3076,7551,242982,IV,Federal Tax Deposits,Classification,5,2022,3,2022,2,05,16
2022-05-16,Federal Unemployment Taxes,null,3,2964,6075,IV,Federal Tax Deposits,Classification,6,2022,3,2022,2,05,16
2022-05-16,Estate and Gift Taxes & Misc IRS Rcpts.,null,106,217,3340,IV,Federal Tax Deposits,Classification,7,2022,3,2022,2,05,16
2022-05-16,Cash Federal Tax Deposits,Direct,20,1237,22666,IV,Federal Tax Deposits,Classification,9,2022,3,2022,2,05,16
2022-05-16,Cash Federal Tax Deposits,Through Depositaries,39169,164642,2717247,IV,Federal Tax Deposits,Classification,10,2022,3,2022,2,05,16
2022-05-16,Inter-agency Transfers,null,1675,6952,79535,IV,Federal Tax Deposits,Classification,12,2022,3,2022,2,05,16
2022-05-13,Withheld Income and Employment Taxes,null,9804,114742,2019664,IV,Federal Tax Deposits,Classification,1,2022,3,2022,2,05,13
2022-05-13,Individual Income Taxes,null,710,5272,455531,IV,Federal Tax Deposits,Classification,2,2022,3,2022,2,05,13
2022-05-13,Railroad Retirement Taxes,null,21,224,3892,IV,Federal Tax Deposits,Classification,3,2022,3,2022,2,05,13
2022-05-13,Excise Taxes,null,2142,4177,50224,IV,Federal Tax Deposits,Classification,4,2022,3,2022,2,05,13
2022-05-13,Corporation Income Taxes,null,2544,4475,239906,IV,Federal Tax Deposits,Classification,5,2022,3,2022,2,05,13
2022-05-13,Federal Unemployment Taxes,null,3,2960,6072,IV,Federal Tax Deposits,Classification,6,2022,3,2022,2,05,13
2022-05-13,Estate and Gift Taxes & Misc IRS Rcpts.,null,1,111,3234,IV,Federal Tax Deposits,Classification,7,2022,3,2022,2,05,13
2022-05-13,Cash Federal Tax Deposits,Direct,609,1211,22586,IV,Federal Tax Deposits,Classification,9,2022,3,2022,2,05,13
2022-05-13,Cash Federal Tax Deposits,Through Depositaries,13574,125472,2678077,IV,Federal Tax Deposits,Classification,10,2022,3,2022,2,05,13
2022-05-13,Inter-agency Transfers,null,1042,5277,77860,IV,Federal Tax Deposits,Classification,12,2022,3,2022,2,05,13
2022-05-12,Withheld Income and Employment Taxes,null,2309,104937,2009860,IV,Federal Tax Deposits,Classification,1,2022,3,2022,2,05,12
2022-05-12,Individual Income Taxes,null,381,4563,454821,IV,Federal Tax Deposits,Classification,2,2022,3,2022,2,05,12
2022-05-12,Railroad Retirement Taxes,null,2,203,3871,IV,Federal Tax Deposits,Classification,3,2022,3,2022,2,05,12
2022-05-12,Excise Taxes,null,535,2035,48083,IV,Federal Tax Deposits,Classification,4,2022,3,2022,2,05,12
2022-05-12,Corporation Income Taxes,null,451,1931,237362,IV,Federal Tax Deposits,Classification,5,2022,3,2022,2,05,12
2022-05-12,Federal Unemployment Taxes,null,2,2957,6069,IV,Federal Tax Deposits,Classification,6,2022,3,2022,2,05,12
2022-05-12,Estate and Gift Taxes & Misc IRS Rcpts.,null,8,110,3233,IV,Federal Tax Deposits,Classification,7,2022,3,2022,2,05,12
2022-05-12,Cash Federal Tax Deposits,Direct,157,603,21977,IV,Federal Tax Deposits,Classification,9,2022,3,2022,2,05,12
2022-05-12,Cash Federal Tax Deposits,Through Depositaries,3521,111898,2664503,IV,Federal Tax Deposits,Classification,10,2022,3,2022,2,05,12
2022-05-12,Inter-agency Transfers,null,11,4235,76818,IV,Federal Tax Deposits,Classification,12,2022,3,2022,2,05,12
2022-05-11,Withheld Income and Employment Taxes,null,10651,102629,2007551,IV,Federal Tax Deposits,Classification,1,2022,3,2022,2,05,11
2022-05-11,Individual Income Taxes,null,401,4181,454440,IV,Federal Tax Deposits,Classification,2,2022,3,2022,2,05,11
2022-05-11,Railroad Retirement Taxes,null,40,201,3869,IV,Federal Tax Deposits,Classification,3,2022,3,2022,2,05,11
2022-05-11,Excise Taxes,null,488,1500,47548,IV,Federal Tax Deposits,Classification,4,2022,3,2022,2,05,11
2022-05-11,Corporation Income Taxes,null,120,1480,236911,IV,Federal Tax Deposits,Classification,5,2022,3,2022,2,05,11
2022-05-11,Federal Unemployment Taxes,null,4,2955,6067,IV,Federal Tax Deposits,Classification,6,2022,3,2022,2,05,11
2022-05-11,Estate and Gift Taxes & Misc IRS Rcpts.,null,3,102,3225,IV,Federal Tax Deposits,Classification,7,2022,3,2022,2,05,11
2022-05-11,Cash Federal Tax Deposits,Direct,96,446,21820,IV,Federal Tax Deposits,Classification,9,2022,3,2022,2,05,11
2022-05-11,Cash Federal Tax Deposits,Through Depositaries,11600,108378,2660983,IV,Federal Tax Deposits,Classification,10,2022,3,2022,2,05,11
2022-05-11,Inter-agency Transfers,null,10,4224,76807,IV,Federal Tax Deposits,Classification,12,2022,3,2022,2,05,11
2022-05-10,Withheld Income and Employment Taxes,null,2035,91977,1996900,IV,Federal Tax Deposits,Classification,1,2022,3,2022,2,05,10
2022-05-10,Individual Income Taxes,null,453,3781,454039,IV,Federal Tax Deposits,Classification,2,2022,3,2022,2,05,10
2022-05-10,Railroad Retirement Taxes,null,35,161,3829,IV,Federal Tax Deposits,Classification,3,2022,3,2022,2,05,10
2022-05-10,Excise Taxes,null,247,1012,47060,IV,Federal Tax Deposits,Classification,4,2022,3,2022,2,05,10
2022-05-10,Corporation Income Taxes,null,87,1360,236791,IV,Federal Tax Deposits,Classification,5,2022,3,2022,2,05,10
2022-05-10,Federal Unemployment Taxes,null,2,2952,6064,IV,Federal Tax Deposits,Classification,6,2022,3,2022,2,05,10
2022-05-10,Estate and Gift Taxes & Misc IRS Rcpts.,null,2,100,3222,IV,Federal Tax Deposits,Classification,7,2022,3,2022,2,05,10
2022-05-10,Cash Federal Tax Deposits,Direct,-8,350,21724,IV,Federal Tax Deposits,Classification,9,2022,3,2022,2,05,10
2022-05-10,Cash Federal Tax Deposits,Through Depositaries,2842,96778,2649383,IV,Federal Tax Deposits,Classification,10,2022,3,2022,2,05,10
2022-05-10,Inter-agency Transfers,null,26,4214,76797,IV,Federal Tax Deposits,Classification,12,2022,3,2022,2,05,10
2022-05-09,Withheld Income and Employment Taxes,null,18652,89943,1994865,IV,Federal Tax Deposits,Classification,1,2022,3,2022,2,05,09
2022-05-09,Individual Income Taxes,null,568,3328,453586,IV,Federal Tax Deposits,Classification,2,2022,3,2022,2,05,09
2022-05-09,Railroad Retirement Taxes,null,32,126,3794,IV,Federal Tax Deposits,Classification,3,2022,3,2022,2,05,09
2022-05-09,Excise Taxes,null,78,765,46813,IV,Federal Tax Deposits,Classification,4,2022,3,2022,2,05,09
2022-05-09,Corporation Income Taxes,null,109,1274,236704,IV,Federal Tax Deposits,Classification,5,2022,3,2022,2,05,09
2022-05-09,Federal Unemployment Taxes,null,2,2950,6062,IV,Federal Tax Deposits,Classification,6,2022,3,2022,2,05,09
2022-05-09,Estate and Gift Taxes & Misc IRS Rcpts.,null,11,98,3220,IV,Federal Tax Deposits,Classification,7,2022,3,2022,2,05,09
2022-05-09,Cash Federal Tax Deposits,Direct,104,358,21732,IV,Federal Tax Deposits,Classification,9,2022,3,2022,2,05,09
2022-05-09,Cash Federal Tax Deposits,Through Depositaries,19270,93936,2646541,IV,Federal Tax Deposits,Classification,10,2022,3,2022,2,05,09
2022-05-09,Inter-agency Transfers,null,79,4188,76771,IV,Federal Tax Deposits,Classification,12,2022,3,2022,2,05,09
2022-05-06,Withheld Income and Employment Taxes,null,7358,71291,1976213,IV,Federal Tax Deposits,Classification,1,2022,3,2022,2,05,06
2022-05-06,Individual Income Taxes,null,391,2759,453018,IV,Federal Tax Deposits,Classification,2,2022,3,2022,2,05,06
2022-05-06,Railroad Retirement Taxes,null,25,94,3762,IV,Federal Tax Deposits,Classification,3,2022,3,2022,2,05,06
2022-05-06,Excise Taxes,null,85,687,46734,IV,Federal Tax Deposits,Classification,4,2022,3,2022,2,05,06
2022-05-06,Corporation Income Taxes,null,97,1165,236595,IV,Federal Tax Deposits,Classification,5,2022,3,2022,2,05,06
2022-05-06,Federal Unemployment Taxes,null,3,2948,6059,IV,Federal Tax Deposits,Classification,6,2022,3,2022,2,05,06
2022-05-06,Estate and Gift Taxes & Misc IRS Rcpts.,null,5,87,3209,IV,Federal Tax Deposits,Classification,7,2022,3,2022,2,05,06
2022-05-06,Cash Federal Tax Deposits,Direct,51,254,21628,IV,Federal Tax Deposits,Classification,9,2022,3,2022,2,05,06
2022-05-06,Cash Federal Tax Deposits,Through Depositaries,7897,74666,2627271,IV,Federal Tax Deposits,Classification,10,2022,3,2022,2,05,06
2022-05-06,Inter-agency Transfers,null,15,4109,76692,IV,Federal Tax Deposits,Classification,12,2022,3,2022,2,05,06
2022-05-05,Withheld Income and Employment Taxes,null,2646,63933,1968855,IV,Federal Tax Deposits,Classification,1,2022,3,2022,2,05,05
2022-05-05,Individual Income Taxes,null,391,2368,452627,IV,Federal Tax Deposits,Classification,2,2022,3,2022,2,05,05
2022-05-05,Railroad Retirement Taxes,null,1,69,3737,IV,Federal Tax Deposits,Classification,3,2022,3,2022,2,05,05
2022-05-05,Excise Taxes,null,39,602,46650,IV,Federal Tax Deposits,Classification,4,2022,3,2022,2,05,05
2022-05-05,Corporation Income Taxes,null,47,1068,236499,IV,Federal Tax Deposits,Classification,5,2022,3,2022,2,05,05
2022-05-05,Federal Unemployment Taxes,null,4,2944,6056,IV,Federal Tax Deposits,Classification,6,2022,3,2022,2,05,05
2022-05-05,Estate and Gift Taxes & Misc IRS Rcpts.,null,69,81,3204,IV,Federal Tax Deposits,Classification,7,2022,3,2022,2,05,05
2022-05-05,Cash Federal Tax Deposits,Direct,-10,203,21577,IV,Federal Tax Deposits,Classification,9,2022,3,2022,2,05,05
2022-05-05,Cash Federal Tax Deposits,Through Depositaries,2930,66769,2619374,IV,Federal Tax Deposits,Classification,10,2022,3,2022,2,05,05
2022-05-05,Inter-agency Transfers,null,277,4094,76677,IV,Federal Tax Deposits,Classification,12,2022,3,2022,2,05,05
2022-05-04,Withheld Income and Employment Taxes,null,11662,61287,1966210,IV,Federal Tax Deposits,Classification,1,2022,3,2022,2,05,04
2022-05-04,Individual Income Taxes,null,549,1977,452236,IV,Federal Tax Deposits,Classification,2,2022,3,2022,2,05,04
2022-05-04,Railroad Retirement Taxes,null,2,68,3736,IV,Federal Tax Deposits,Classification,3,2022,3,2022,2,05,04
2022-05-04,Excise Taxes,null,75,563,46611,IV,Federal Tax Deposits,Classification,4,2022,3,2022,2,05,04
2022-05-04,Corporation Income Taxes,null,127,1020,236451,IV,Federal Tax Deposits,Classification,5,2022,3,2022,2,05,04
2022-05-04,Federal Unemployment Taxes,null,6,2940,6052,IV,Federal Tax Deposits,Classification,6,2022,3,2022,2,05,04
2022-05-04,Estate and Gift Taxes & Misc IRS Rcpts.,null,7,13,3135,IV,Federal Tax Deposits,Classification,7,2022,3,2022,2,05,04
2022-05-04,Cash Federal Tax Deposits,Direct,137,213,21587,IV,Federal Tax Deposits,Classification,9,2022,3,2022,2,05,04
2022-05-04,Cash Federal Tax Deposits,Through Depositaries,12267,63839,2616444,IV,Federal Tax Deposits,Classification,10,2022,3,2022,2,05,04
2022-05-04,Inter-agency Transfers,null,24,3817,76400,IV,Federal Tax Deposits,Classification,12,2022,3,2022,2,05,04
2022-05-03,Withheld Income and Employment Taxes,null,5793,49626,1954548,IV,Federal Tax Deposits,Classification,1,2022,3,2022,2,05,03
2022-05-03,Individual Income Taxes,null,567,1428,451687,IV,Federal Tax Deposits,Classification,2,2022,3,2022,2,05,03
2022-05-03,Railroad Retirement Taxes,null,10,66,3734,IV,Federal Tax Deposits,Classification,3,2022,3,2022,2,05,03
2022-05-03,Excise Taxes,null,17,489,46537,IV,Federal Tax Deposits,Classification,4,2022,3,2022,2,05,03
2022-05-03,Corporation Income Taxes,null,495,893,236324,IV,Federal Tax Deposits,Classification,5,2022,3,2022,2,05,03
2022-05-03,Federal Unemployment Taxes,null,10,2934,6046,IV,Federal Tax Deposits,Classification,6,2022,3,2022,2,05,03
2022-05-03,Estate and Gift Taxes & Misc IRS Rcpts.,null,2,5,3128,IV,Federal Tax Deposits,Classification,7,2022,3,2022,2,05,03
2022-05-03,Cash Federal Tax Deposits,Direct,75,75,21449,IV,Federal Tax Deposits,Classification,9,2022,3,2022,2,05,03
2022-05-03,Cash Federal Tax Deposits,Through Depositaries,4780,51572,2604177,IV,Federal Tax Deposits,Classification,10,2022,3,2022,2,05,03
2022-05-03,Inter-agency Transfers,null,2038,3794,76377,IV,Federal Tax Deposits,Classification,12,2022,3,2022,2,05,03
2022-05-02,Inter-agency Transfers,null,1755,1755,74338,IV,Federal Tax Deposits,Classification,12,2022,3,2022,2,05,02
2022-05-02,Withheld Income and Employment Taxes,null,43833,43833,1948755,IV,Federal Tax Deposits,Classification,1,2022,3,2022,2,05,02
2022-05-02,Individual Income Taxes,null,861,861,451120,IV,Federal Tax Deposits,Classification,2,2022,3,2022,2,05,02
2022-05-02,Railroad Retirement Taxes,null,56,56,3724,IV,Federal Tax Deposits,Classification,3,2022,3,2022,2,05,02
2022-05-02,Excise Taxes,null,472,472,46519,IV,Federal Tax Deposits,Classification,4,2022,3,2022,2,05,02
2022-05-02,Corporation Income Taxes,null,398,398,235829,IV,Federal Tax Deposits,Classification,5,2022,3,2022,2,05,02
2022-05-02,Federal Unemployment Taxes,null,2925,2925,6036,IV,Federal Tax Deposits,Classification,6,2022,3,2022,2,05,02
2022-05-02,Estate and Gift Taxes & Misc IRS Rcpts.,null,3,3,3126,IV,Federal Tax Deposits,Classification,7,2022,3,2022,2,05,02
2022-05-02,Cash Federal Tax Deposits,Direct,0,0,21374,IV,Federal Tax Deposits,Classification,9,2022,3,2022,2,05,02
2022-05-02,Cash Federal Tax Deposits,Through Depositaries,46792,46792,2599398,IV,Federal Tax Deposits,Classification,10,2022,3,2022,2,05,02
2022-04-29,Withheld Income and Employment Taxes,null,12976,254172,1904922,IV,Federal Tax Deposits,Classification,1,2022,3,2022,2,04,29
2022-04-29,Individual Income Taxes,null,552,323940,450259,IV,Federal Tax Deposits,Classification,2,2022,3,2022,2,04,29
2022-04-29,Railroad Retirement Taxes,null,36,477,3668,IV,Federal Tax Deposits,Classification,3,2022,3,2022,2,04,29
2022-04-29,Excise Taxes,null,2064,7420,46048,IV,Federal Tax Deposits,Classification,4,2022,3,2022,2,04,29
2022-04-29,Corporation Income Taxes,null,103,91578,235431,IV,Federal Tax Deposits,Classification,5,2022,3,2022,2,04,29
2022-04-29,Federal Unemployment Taxes,null,295,841,3112,IV,Federal Tax Deposits,Classification,6,2022,3,2022,2,04,29
2022-04-29,Estate and Gift Taxes & Misc IRS Rcpts.,null,4,1053,3123,IV,Federal Tax Deposits,Classification,7,2022,3,2022,2,04,29
2022-04-29,Cash Federal Tax Deposits,Direct,717,2774,21374,IV,Federal Tax Deposits,Classification,9,2022,3,2022,2,04,29
2022-04-29,Cash Federal Tax Deposits,Through Depositaries,13327,665433,2552605,IV,Federal Tax Deposits,Classification,10,2022,3,2022,2,04,29
2022-04-29,Inter-agency Transfers,null,1985,11275,72583,IV,Federal Tax Deposits,Classification,12,2022,3,2022,2,04,29
2022-04-28,Withheld Income and Employment Taxes,null,2466,241196,1891946,IV,Federal Tax Deposits,Classification,1,2022,3,2022,2,04,28
2022-04-28,Individual Income Taxes,null,624,323388,449707,IV,Federal Tax Deposits,Classification,2,2022,3,2022,2,04,28
2022-04-28,Railroad Retirement Taxes,null,5,441,3632,IV,Federal Tax Deposits,Classification,3,2022,3,2022,2,04,28
2022-04-28,Excise Taxes,null,606,5357,43984,IV,Federal Tax Deposits,Classification,4,2022,3,2022,2,04,28
2022-04-28,Corporation Income Taxes,null,415,91474,235328,IV,Federal Tax Deposits,Classification,5,2022,3,2022,2,04,28
2022-04-28,Federal Unemployment Taxes,null,141,546,2817,IV,Federal Tax Deposits,Classification,6,2022,3,2022,2,04,28
2022-04-28,Estate and Gift Taxes & Misc IRS Rcpts.,null,140,1050,3119,IV,Federal Tax Deposits,Classification,7,2022,3,2022,2,04,28
2022-04-28,Cash Federal Tax Deposits,Direct,225,2056,20657,IV,Federal Tax Deposits,Classification,9,2022,3,2022,2,04,28
2022-04-28,Cash Federal Tax Deposits,Through Depositaries,4156,652105,2539278,IV,Federal Tax Deposits,Classification,10,2022,3,2022,2,04,28
2022-04-28,Inter-agency Transfers,null,14,9290,70598,IV,Federal Tax Deposits,Classification,12,2022,3,2022,2,04,28
2022-04-27,Withheld Income and Employment Taxes,null,10230,238730,1889481,IV,Federal Tax Deposits,Classification,1,2022,3,2022,2,04,27
2022-04-27,Individual Income Taxes,null,603,322764,449083,IV,Federal Tax Deposits,Classification,2,2022,3,2022,2,04,27
2022-04-27,Railroad Retirement Taxes,null,3,435,3627,IV,Federal Tax Deposits,Classification,3,2022,3,2022,2,04,27
2022-04-27,Excise Taxes,null,599,4751,43378,IV,Federal Tax Deposits,Classification,4,2022,3,2022,2,04,27
2022-04-27,Corporation Income Taxes,null,107,91060,234913,IV,Federal Tax Deposits,Classification,5,2022,3,2022,2,04,27
2022-04-27,Federal Unemployment Taxes,null,75,405,2676,IV,Federal Tax Deposits,Classification,6,2022,3,2022,2,04,27
2022-04-27,Estate and Gift Taxes & Misc IRS Rcpts.,null,1,910,2979,IV,Federal Tax Deposits,Classification,7,2022,3,2022,2,04,27
2022-04-27,Cash Federal Tax Deposits,Direct,138,1831,20432,IV,Federal Tax Deposits,Classification,9,2022,3,2022,2,04,27
2022-04-27,Cash Federal Tax Deposits,Through Depositaries,11470,647949,2535121,IV,Federal Tax Deposits,Classification,10,2022,3,2022,2,04,27
2022-04-27,Inter-agency Transfers,null,11,9276,70583,IV,Federal Tax Deposits,Classification,12,2022,3,2022,2,04,27
2022-04-26,Withheld Income and Employment Taxes,null,2971,228501,1879251,IV,Federal Tax Deposits,Classification,1,2022,3,2022,2,04,26
2022-04-26,Individual Income Taxes,null,738,322161,448479,IV,Federal Tax Deposits,Classification,2,2022,3,2022,2,04,26
2022-04-26,Railroad Retirement Taxes,null,40,432,3624,IV,Federal Tax Deposits,Classification,3,2022,3,2022,2,04,26
2022-04-26,Excise Taxes,null,123,4152,42779,IV,Federal Tax Deposits,Classification,4,2022,3,2022,2,04,26
2022-04-26,Corporation Income Taxes,null,213,90953,234806,IV,Federal Tax Deposits,Classification,5,2022,3,2022,2,04,26
2022-04-26,Federal Unemployment Taxes,null,25,330,2601,IV,Federal Tax Deposits,Classification,6,2022,3,2022,2,04,26
2022-04-26,Estate and Gift Taxes & Misc IRS Rcpts.,null,25,908,2978,IV,Federal Tax Deposits,Classification,7,2022,3,2022,2,04,26
2022-04-26,Cash Federal Tax Deposits,Direct,53,1694,20294,IV,Federal Tax Deposits,Classification,9,2022,3,2022,2,04,26
2022-04-26,Cash Federal Tax Deposits,Through Depositaries,4053,636478,2523651,IV,Federal Tax Deposits,Classification,10,2022,3,2022,2,04,26
2022-04-26,Inter-agency Transfers,null,28,9265,70573,IV,Federal Tax Deposits,Classification,12,2022,3,2022,2,04,26
2022-04-25,Withheld Income and Employment Taxes,null,18954,225530,1876280,IV,Federal Tax Deposits,Classification,1,2022,3,2022,2,04,25
2022-04-25,Individual Income Taxes,null,1079,321423,447742,IV,Federal Tax Deposits,Classification,2,2022,3,2022,2,04,25
2022-04-25,Railroad Retirement Taxes,null,61,393,3584,IV,Federal Tax Deposits,Classification,3,2022,3,2022,2,04,25
2022-04-25,Excise Taxes,null,84,4029,42656,IV,Federal Tax Deposits,Classification,4,2022,3,2022,2,04,25
2022-04-25,Corporation Income Taxes,null,158,90740,234593,IV,Federal Tax Deposits,Classification,5,2022,3,2022,2,04,25
2022-04-25,Federal Unemployment Taxes,null,41,305,2575,IV,Federal Tax Deposits,Classification,6,2022,3,2022,2,04,25
2022-04-25,Estate and Gift Taxes & Misc IRS Rcpts.,null,2,884,2953,IV,Federal Tax Deposits,Classification,7,2022,3,2022,2,04,25
2022-04-25,Cash Federal Tax Deposits,Direct,46,1641,20241,IV,Federal Tax Deposits,Classification,9,2022,3,2022,2,04,25
2022-04-25,Cash Federal Tax Deposits,Through Depositaries,20316,632426,2519598,IV,Federal Tax Deposits,Classification,10,2022,3,2022,2,04,25
2022-04-25,Inter-agency Transfers,null,16,9237,70545,IV,Federal Tax Deposits,Classification,12,2022,3,2022,2,04,25
2022-04-22,Withheld Income and Employment Taxes,null,6946,206576,1857326,IV,Federal Tax Deposits,Classification,1,2022,3,2022,2,04,22
2022-04-22,Individual Income Taxes,null,909,320344,446663,IV,Federal Tax Deposits,Classification,2,2022,3,2022,2,04,22
2022-04-22,Railroad Retirement Taxes,null,20,332,3524,IV,Federal Tax Deposits,Classification,3,2022,3,2022,2,04,22
2022-04-22,Excise Taxes,null,48,3946,42573,IV,Federal Tax Deposits,Classification,4,2022,3,2022,2,04,22
2022-04-22,Corporation Income Taxes,null,184,90582,234435,IV,Federal Tax Deposits,Classification,5,2022,3,2022,2,04,22
2022-04-22,Federal Unemployment Taxes,null,33,264,2535,IV,Federal Tax Deposits,Classification,6,2022,3,2022,2,04,22
2022-04-22,Estate and Gift Taxes & Misc IRS Rcpts.,null,5,881,2951,IV,Federal Tax Deposits,Classification,7,2022,3,2022,2,04,22
2022-04-22,Cash Federal Tax Deposits,Direct,63,1595,20194,IV,Federal Tax Deposits,Classification,9,2022,3,2022,2,04,22
2022-04-22,Cash Federal Tax Deposits,Through Depositaries,8049,612110,2499282,IV,Federal Tax Deposits,Classification,10,2022,3,2022,2,04,22
2022-04-22,Inter-agency Transfers,null,33,9222,70529,IV,Federal Tax Deposits,Classification,12,2022,3,2022,2,04,22
2022-04-21,Withheld Income and Employment Taxes,null,3321,199630,1850380,IV,Federal Tax Deposits,Classification,1,2022,3,2022,2,04,21
2022-04-21,Individual Income Taxes,null,3977,319436,445754,IV,Federal Tax Deposits,Classification,2,2022,3,2022,2,04,21
2022-04-21,Railroad Retirement Taxes,null,8,312,3504,IV,Federal Tax Deposits,Classification,3,2022,3,2022,2,04,21
2022-04-21,Excise Taxes,null,44,3897,42524,IV,Federal Tax Deposits,Classification,4,2022,3,2022,2,04,21
2022-04-21,Corporation Income Taxes,null,1687,90399,234252,IV,Federal Tax Deposits,Classification,5,2022,3,2022,2,04,21
2022-04-21,Federal Unemployment Taxes,null,18,231,2502,IV,Federal Tax Deposits,Classification,6,2022,3,2022,2,04,21
2022-04-21,Estate and Gift Taxes & Misc IRS Rcpts.,null,110,876,2946,IV,Federal Tax Deposits,Classification,7,2022,3,2022,2,04,21
2022-04-21,Cash Federal Tax Deposits,Direct,49,1531,20131,IV,Federal Tax Deposits,Classification,9,2022,3,2022,2,04,21
2022-04-21,Cash Federal Tax Deposits,Through Depositaries,8864,604061,2491233,IV,Federal Tax Deposits,Classification,10,2022,3,2022,2,04,21
2022-04-21,Inter-agency Transfers,null,251,9189,70497,IV,Federal Tax Deposits,Classification,12,2022,3,2022,2,04,21
2022-04-20,Withheld Income and Employment Taxes,null,11409,196310,1847059,IV,Federal Tax Deposits,Classification,1,2022,3,2022,2,04,20
2022-04-20,Individual Income Taxes,null,28339,315459,441777,IV,Federal Tax Deposits,Classification,2,2022,3,2022,2,04,20
2022-04-20,Railroad Retirement Taxes,null,3,305,3496,IV,Federal Tax Deposits,Classification,3,2022,3,2022,2,04,20
2022-04-20,Excise Taxes,null,34,3853,42480,IV,Federal Tax Deposits,Classification,4,2022,3,2022,2,04,20
2022-04-20,Corporation Income Taxes,null,535,88712,232565,IV,Federal Tax Deposits,Classification,5,2022,3,2022,2,04,20
2022-04-20,Federal Unemployment Taxes,null,42,213,2484,IV,Federal Tax Deposits,Classification,6,2022,3,2022,2,04,20
2022-04-20,Estate and Gift Taxes & Misc IRS Rcpts.,null,2,766,2835,IV,Federal Tax Deposits,Classification,7,2022,3,2022,2,04,20
2022-04-20,Cash Federal Tax Deposits,Direct,48,1482,20082,IV,Federal Tax Deposits,Classification,9,2022,3,2022,2,04,20
2022-04-20,Cash Federal Tax Deposits,Through Depositaries,40292,595197,2482369,IV,Federal Tax Deposits,Classification,10,2022,3,2022,2,04,20
2022-04-20,Inter-agency Transfers,null,24,8938,70246,IV,Federal Tax Deposits,Classification,12,2022,3,2022,2,04,20
2022-04-19,Withheld Income and Employment Taxes,null,3211,184901,1835650,IV,Federal Tax Deposits,Classification,1,2022,3,2022,2,04,19
2022-04-19,Individual Income Taxes,null,67390,287119,413438,IV,Federal Tax Deposits,Classification,2,2022,3,2022,2,04,19
2022-04-19,Railroad Retirement Taxes,null,2,302,3493,IV,Federal Tax Deposits,Classification,3,2022,3,2022,2,04,19
2022-04-19,Excise Taxes,null,32,3819,42446,IV,Federal Tax Deposits,Classification,4,2022,3,2022,2,04,19
2022-04-19,Corporation Income Taxes,null,892,88177,232030,IV,Federal Tax Deposits,Classification,5,2022,3,2022,2,04,19
2022-04-19,Federal Unemployment Taxes,null,11,171,2442,IV,Federal Tax Deposits,Classification,6,2022,3,2022,2,04,19
2022-04-19,Estate and Gift Taxes & Misc IRS Rcpts.,null,99,764,2833,IV,Federal Tax Deposits,Classification,7,2022,3,2022,2,04,19
2022-04-19,Cash Federal Tax Deposits,Direct,21,1434,20034,IV,Federal Tax Deposits,Classification,9,2022,3,2022,2,04,19
2022-04-19,Cash Federal Tax Deposits,Through Depositaries,71350,554905,2442077,IV,Federal Tax Deposits,Classification,10,2022,3,2022,2,04,19
2022-04-19,Inter-agency Transfers,null,267,8914,70222,IV,Federal Tax Deposits,Classification,12,2022,3,2022,2,04,19
2022-04-18,Withheld Income and Employment Taxes,null,41731,181689,1832439,IV,Federal Tax Deposits,Classification,1,2022,3,2022,2,04,18
2022-04-18,Individual Income Taxes,null,90910,219729,346048,IV,Federal Tax Deposits,Classification,2,2022,3,2022,2,04,18
2022-04-18,Railroad Retirement Taxes,null,54,299,3491,IV,Federal Tax Deposits,Classification,3,2022,3,2022,2,04,18
2022-04-18,Excise Taxes,null,28,3787,42414,IV,Federal Tax Deposits,Classification,4,2022,3,2022,2,04,18
2022-04-18,Corporation Income Taxes,null,22873,87285,231138,IV,Federal Tax Deposits,Classification,5,2022,3,2022,2,04,18
2022-04-18,Federal Unemployment Taxes,null,13,160,2431,IV,Federal Tax Deposits,Classification,6,2022,3,2022,2,04,18
2022-04-18,Estate and Gift Taxes & Misc IRS Rcpts.,null,53,665,2735,IV,Federal Tax Deposits,Classification,7,2022,3,2022,2,04,18
2022-04-18,Cash Federal Tax Deposits,Direct,33,1413,20013,IV,Federal Tax Deposits,Classification,9,2022,3,2022,2,04,18
2022-04-18,Cash Federal Tax Deposits,Through Depositaries,154916,483555,2370727,IV,Federal Tax Deposits,Classification,10,2022,3,2022,2,04,18
2022-04-18,Inter-agency Transfers,null,714,8647,69954,IV,Federal Tax Deposits,Classification,12,2022,3,2022,2,04,18
2022-04-15,Withheld Income and Employment Taxes,null,12589,139958,1790708,IV,Federal Tax Deposits,Classification,1,2022,3,2022,2,04,15
2022-04-15,Individual Income Taxes,null,44881,128819,255138,IV,Federal Tax Deposits,Classification,2,2022,3,2022,2,04,15
2022-04-15,Railroad Retirement Taxes,null,17,246,3437,IV,Federal Tax Deposits,Classification,3,2022,3,2022,2,04,15
2022-04-15,Excise Taxes,null,91,3759,42386,IV,Federal Tax Deposits,Classification,4,2022,3,2022,2,04,15
2022-04-15,Corporation Income Taxes,null,25275,64411,208265,IV,Federal Tax Deposits,Classification,5,2022,3,2022,2,04,15
2022-04-15,Federal Unemployment Taxes,null,32,147,2418,IV,Federal Tax Deposits,Classification,6,2022,3,2022,2,04,15
2022-04-15,Estate and Gift Taxes & Misc IRS Rcpts.,null,145,612,2681,IV,Federal Tax Deposits,Classification,7,2022,3,2022,2,04,15
2022-04-15,Cash Federal Tax Deposits,Direct,85,1380,19980,IV,Federal Tax Deposits,Classification,9,2022,3,2022,2,04,15
2022-04-15,Cash Federal Tax Deposits,Through Depositaries,81159,328639,2215812,IV,Federal Tax Deposits,Classification,10,2022,3,2022,2,04,15
2022-04-15,Inter-agency Transfers,null,1786,7933,69241,IV,Federal Tax Deposits,Classification,12,2022,3,2022,2,04,15
2022-04-14,Withheld Income and Employment Taxes,null,6772,127369,1778119,IV,Federal Tax Deposits,Classification,1,2022,3,2022,2,04,14
2022-04-14,Individual Income Taxes,null,28856,83938,210256,IV,Federal Tax Deposits,Classification,2,2022,3,2022,2,04,14
2022-04-14,Railroad Retirement Taxes,null,6,228,3420,IV,Federal Tax Deposits,Classification,3,2022,3,2022,2,04,14
2022-04-14,Excise Taxes,null,2172,3668,42295,IV,Federal Tax Deposits,Classification,4,2022,3,2022,2,04,14
2022-04-14,Corporation Income Taxes,null,23683,39136,182989,IV,Federal Tax Deposits,Classification,5,2022,3,2022,2,04,14
2022-04-14,Federal Unemployment Taxes,null,13,115,2386,IV,Federal Tax Deposits,Classification,6,2022,3,2022,2,04,14
2022-04-14,Estate and Gift Taxes & Misc IRS Rcpts.,null,71,467,2536,IV,Federal Tax Deposits,Classification,7,2022,3,2022,2,04,14
2022-04-14,Cash Federal Tax Deposits,Direct,743,1295,19894,IV,Federal Tax Deposits,Classification,9,2022,3,2022,2,04,14
2022-04-14,Cash Federal Tax Deposits,Through Depositaries,60816,247480,2134653,IV,Federal Tax Deposits,Classification,10,2022,3,2022,2,04,14
2022-04-14,Inter-agency Transfers,null,15,6147,67454,IV,Federal Tax Deposits,Classification,12,2022,3,2022,2,04,14
2022-04-13,Withheld Income and Employment Taxes,null,10553,120597,1771347,IV,Federal Tax Deposits,Classification,1,2022,3,2022,2,04,13
2022-04-13,Individual Income Taxes,null,15036,55082,181401,IV,Federal Tax Deposits,Classification,2,2022,3,2022,2,04,13
2022-04-13,Railroad Retirement Taxes,null,6,222,3413,IV,Federal Tax Deposits,Classification,3,2022,3,2022,2,04,13
2022-04-13,Excise Taxes,null,588,1495,40122,IV,Federal Tax Deposits,Classification,4,2022,3,2022,2,04,13
2022-04-13,Corporation Income Taxes,null,6224,15453,159306,IV,Federal Tax Deposits,Classification,5,2022,3,2022,2,04,13
2022-04-13,Federal Unemployment Taxes,null,15,103,2373,IV,Federal Tax Deposits,Classification,6,2022,3,2022,2,04,13
2022-04-13,Estate and Gift Taxes & Misc IRS Rcpts.,null,15,396,2465,IV,Federal Tax Deposits,Classification,7,2022,3,2022,2,04,13
2022-04-13,Cash Federal Tax Deposits,Direct,159,552,19152,IV,Federal Tax Deposits,Classification,9,2022,3,2022,2,04,13
2022-04-13,Cash Federal Tax Deposits,Through Depositaries,32267,186664,2073837,IV,Federal Tax Deposits,Classification,10,2022,3,2022,2,04,13
2022-04-13,Inter-agency Transfers,null,11,6132,67440,IV,Federal Tax Deposits,Classification,12,2022,3,2022,2,04,13
2022-04-12,Withheld Income and Employment Taxes,null,4473,110045,1760794,IV,Federal Tax Deposits,Classification,1,2022,3,2022,2,04,12
2022-04-12,Individual Income Taxes,null,12441,40046,166365,IV,Federal Tax Deposits,Classification,2,2022,3,2022,2,04,12
2022-04-12,Railroad Retirement Taxes,null,2,216,3408,IV,Federal Tax Deposits,Classification,3,2022,3,2022,2,04,12
2022-04-12,Excise Taxes,null,569,907,39535,IV,Federal Tax Deposits,Classification,4,2022,3,2022,2,04,12
2022-04-12,Corporation Income Taxes,null,2300,9229,153082,IV,Federal Tax Deposits,Classification,5,2022,3,2022,2,04,12
2022-04-12,Federal Unemployment Taxes,null,10,88,2358,IV,Federal Tax Deposits,Classification,6,2022,3,2022,2,04,12
2022-04-12,Estate and Gift Taxes & Misc IRS Rcpts.,null,51,381,2451,IV,Federal Tax Deposits,Classification,7,2022,3,2022,2,04,12
2022-04-12,Cash Federal Tax Deposits,Direct,74,393,18993,IV,Federal Tax Deposits,Classification,9,2022,3,2022,2,04,12
2022-04-12,Cash Federal Tax Deposits,Through Depositaries,19742,154398,2041570,IV,Federal Tax Deposits,Classification,10,2022,3,2022,2,04,12
2022-04-12,Inter-agency Transfers,null,29,6122,67429,IV,Federal Tax Deposits,Classification,12,2022,3,2022,2,04,12
2022-04-11,Withheld Income and Employment Taxes,null,21017,105572,1756322,IV,Federal Tax Deposits,Classification,1,2022,3,2022,2,04,11
2022-04-11,Individual Income Taxes,null,9352,27605,153923,IV,Federal Tax Deposits,Classification,2,2022,3,2022,2,04,11
2022-04-11,Railroad Retirement Taxes,null,70,214,3406,IV,Federal Tax Deposits,Classification,3,2022,3,2022,2,04,11
2022-04-11,Excise Taxes,null,106,338,38965,IV,Federal Tax Deposits,Classification,4,2022,3,2022,2,04,11
2022-04-11,Corporation Income Taxes,null,1049,6929,150782,IV,Federal Tax Deposits,Classification,5,2022,3,2022,2,04,11
2022-04-11,Federal Unemployment Taxes,null,16,78,2349,IV,Federal Tax Deposits,Classification,6,2022,3,2022,2,04,11
2022-04-11,Estate and Gift Taxes & Misc IRS Rcpts.,null,11,330,2400,IV,Federal Tax Deposits,Classification,7,2022,3,2022,2,04,11
2022-04-11,Cash Federal Tax Deposits,Direct,31,319,18919,IV,Federal Tax Deposits,Classification,9,2022,3,2022,2,04,11
2022-04-11,Cash Federal Tax Deposits,Through Depositaries,31197,134655,2021828,IV,Federal Tax Deposits,Classification,10,2022,3,2022,2,04,11
2022-04-11,Inter-agency Transfers,null,394,6092,67400,IV,Federal Tax Deposits,Classification,12,2022,3,2022,2,04,11
2022-04-08,Withheld Income and Employment Taxes,null,8434,84555,1735304,IV,Federal Tax Deposits,Classification,1,2022,3,2022,2,04,08
2022-04-08,Individual Income Taxes,null,4693,18253,144571,IV,Federal Tax Deposits,Classification,2,2022,3,2022,2,04,08
2022-04-08,Railroad Retirement Taxes,null,54,144,3335,IV,Federal Tax Deposits,Classification,3,2022,3,2022,2,04,08
2022-04-08,Excise Taxes,null,110,232,38859,IV,Federal Tax Deposits,Classification,4,2022,3,2022,2,04,08
2022-04-08,Corporation Income Taxes,null,1201,5880,149733,IV,Federal Tax Deposits,Classification,5,2022,3,2022,2,04,08
2022-04-08,Federal Unemployment Taxes,null,14,62,2333,IV,Federal Tax Deposits,Classification,6,2022,3,2022,2,04,08
2022-04-08,Estate and Gift Taxes & Misc IRS Rcpts.,null,14,319,2388,IV,Federal Tax Deposits,Classification,7,2022,3,2022,2,04,08
2022-04-08,Cash Federal Tax Deposits,Direct,33,288,18888,IV,Federal Tax Deposits,Classification,9,2022,3,2022,2,04,08
2022-04-08,Cash Federal Tax Deposits,Through Depositaries,14405,103458,1990631,IV,Federal Tax Deposits,Classification,10,2022,3,2022,2,04,08
2022-04-08,Inter-agency Transfers,null,81,5698,67006,IV,Federal Tax Deposits,Classification,12,2022,3,2022,2,04,08
2022-04-07,Withheld Income and Employment Taxes,null,3695,76121,1726870,IV,Federal Tax Deposits,Classification,1,2022,3,2022,2,04,07
2022-04-07,Individual Income Taxes,null,3124,13560,139878,IV,Federal Tax Deposits,Classification,2,2022,3,2022,2,04,07
2022-04-07,Railroad Retirement Taxes,null,3,90,3282,IV,Federal Tax Deposits,Classification,3,2022,3,2022,2,04,07
2022-04-07,Excise Taxes,null,25,122,38749,IV,Federal Tax Deposits,Classification,4,2022,3,2022,2,04,07
2022-04-07,Corporation Income Taxes,null,643,4679,148532,IV,Federal Tax Deposits,Classification,5,2022,3,2022,2,04,07
2022-04-07,Federal Unemployment Taxes,null,11,48,2319,IV,Federal Tax Deposits,Classification,6,2022,3,2022,2,04,07
2022-04-07,Estate and Gift Taxes & Misc IRS Rcpts.,null,178,305,2375,IV,Federal Tax Deposits,Classification,7,2022,3,2022,2,04,07
2022-04-07,Cash Federal Tax Deposits,Direct,50,255,18855,IV,Federal Tax Deposits,Classification,9,2022,3,2022,2,04,07
2022-04-07,Cash Federal Tax Deposits,Through Depositaries,7365,89053,1976225,IV,Federal Tax Deposits,Classification,10,2022,3,2022,2,04,07
2022-04-07,Inter-agency Transfers,null,264,5617,66925,IV,Federal Tax Deposits,Classification,12,2022,3,2022,2,04,07
2022-04-06,Withheld Income and Employment Taxes,null,12709,72425,1723175,IV,Federal Tax Deposits,Classification,1,2022,3,2022,2,04,06
2022-04-06,Individual Income Taxes,null,2359,10436,136755,IV,Federal Tax Deposits,Classification,2,2022,3,2022,2,04,06
2022-04-06,Railroad Retirement Taxes,null,10,88,3279,IV,Federal Tax Deposits,Classification,3,2022,3,2022,2,04,06
2022-04-06,Excise Taxes,null,18,96,38723,IV,Federal Tax Deposits,Classification,4,2022,3,2022,2,04,06
2022-04-06,Corporation Income Taxes,null,2878,4036,147889,IV,Federal Tax Deposits,Classification,5,2022,3,2022,2,04,06
2022-04-06,Federal Unemployment Taxes,null,12,37,2308,IV,Federal Tax Deposits,Classification,6,2022,3,2022,2,04,06
2022-04-06,Estate and Gift Taxes & Misc IRS Rcpts.,null,5,127,2196,IV,Federal Tax Deposits,Classification,7,2022,3,2022,2,04,06
2022-04-06,Cash Federal Tax Deposits,Direct,65,205,18805,IV,Federal Tax Deposits,Classification,9,2022,3,2022,2,04,06
2022-04-06,Cash Federal Tax Deposits,Through Depositaries,17912,81688,1968860,IV,Federal Tax Deposits,Classification,10,2022,3,2022,2,04,06
2022-04-06,Inter-agency Transfers,null,14,5353,66660,IV,Federal Tax Deposits,Classification,12,2022,3,2022,2,04,06
2022-04-05,Withheld Income and Employment Taxes,null,3610,59716,1710466,IV,Federal Tax Deposits,Classification,1,2022,3,2022,2,04,05
2022-04-05,Individual Income Taxes,null,3043,8077,134396,IV,Federal Tax Deposits,Classification,2,2022,3,2022,2,04,05
2022-04-05,Railroad Retirement Taxes,null,2,78,3270,IV,Federal Tax Deposits,Classification,3,2022,3,2022,2,04,05
2022-04-05,Excise Taxes,null,25,78,38705,IV,Federal Tax Deposits,Classification,4,2022,3,2022,2,04,05
2022-04-05,Corporation Income Taxes,null,432,1158,145011,IV,Federal Tax Deposits,Classification,5,2022,3,2022,2,04,05
2022-04-05,Federal Unemployment Taxes,null,11,25,2296,IV,Federal Tax Deposits,Classification,6,2022,3,2022,2,04,05
2022-04-05,Estate and Gift Taxes & Misc IRS Rcpts.,null,83,122,2192,IV,Federal Tax Deposits,Classification,7,2022,3,2022,2,04,05
2022-04-05,Cash Federal Tax Deposits,Direct,47,140,18740,IV,Federal Tax Deposits,Classification,9,2022,3,2022,2,04,05
2022-04-05,Cash Federal Tax Deposits,Through Depositaries,6886,63776,1950948,IV,Federal Tax Deposits,Classification,10,2022,3,2022,2,04,05
2022-04-05,Inter-agency Transfers,null,274,5338,66646,IV,Federal Tax Deposits,Classification,12,2022,3,2022,2,04,05
2022-04-04,Withheld Income and Employment Taxes,null,28541,56106,1706856,IV,Federal Tax Deposits,Classification,1,2022,3,2022,2,04,04
2022-04-04,Individual Income Taxes,null,2573,5034,131352,IV,Federal Tax Deposits,Classification,2,2022,3,2022,2,04,04
2022-04-04,Railroad Retirement Taxes,null,48,76,3267,IV,Federal Tax Deposits,Classification,3,2022,3,2022,2,04,04
2022-04-04,Excise Taxes,null,26,53,38680,IV,Federal Tax Deposits,Classification,4,2022,3,2022,2,04,04
2022-04-04,Corporation Income Taxes,null,321,726,144579,IV,Federal Tax Deposits,Classification,5,2022,3,2022,2,04,04
2022-04-04,Federal Unemployment Taxes,null,8,14,2285,IV,Federal Tax Deposits,Classification,6,2022,3,2022,2,04,04
2022-04-04,Estate and Gift Taxes & Misc IRS Rcpts.,null,17,39,2109,IV,Federal Tax Deposits,Classification,7,2022,3,2022,2,04,04
2022-04-04,Cash Federal Tax Deposits,Direct,37,94,18694,IV,Federal Tax Deposits,Classification,9,2022,3,2022,2,04,04
2022-04-04,Cash Federal Tax Deposits,Through Depositaries,28366,56890,1944062,IV,Federal Tax Deposits,Classification,10,2022,3,2022,2,04,04
2022-04-04,Inter-agency Transfers,null,3130,5064,66372,IV,Federal Tax Deposits,Classification,12,2022,3,2022,2,04,04
2022-04-01,Withheld Income and Employment Taxes,null,27565,27565,1678315,IV,Federal Tax Deposits,Classification,1,2022,3,2022,2,04,01
2022-04-01,Individual Income Taxes,null,2461,2461,128779,IV,Federal Tax Deposits,Classification,2,2022,3,2022,2,04,01
2022-04-01,Railroad Retirement Taxes,null,27,27,3219,IV,Federal Tax Deposits,Classification,3,2022,3,2022,2,04,01
2022-04-01,Excise Taxes,null,27,27,38654,IV,Federal Tax Deposits,Classification,4,2022,3,2022,2,04,01
2022-04-01,Corporation Income Taxes,null,405,405,144259,IV,Federal Tax Deposits,Classification,5,2022,3,2022,2,04,01
2022-04-01,Federal Unemployment Taxes,null,6,6,2277,IV,Federal Tax Deposits,Classification,6,2022,3,2022,2,04,01
2022-04-01,Estate and Gift Taxes & Misc IRS Rcpts.,null,23,23,2092,IV,Federal Tax Deposits,Classification,7,2022,3,2022,2,04,01
2022-04-01,Cash Federal Tax Deposits,Direct,57,57,18657,IV,Federal Tax Deposits,Classification,9,2022,3,2022,2,04,01
2022-04-01,Cash Federal Tax Deposits,Through Depositaries,28524,28524,1915696,IV,Federal Tax Deposits,Classification,10,2022,3,2022,2,04,01
2022-04-01,Inter-agency Transfers,null,1933,1933,63241,IV,Federal Tax Deposits,Classification,12,2022,3,2022,2,04,01
2022-03-31,Withheld Income and Employment Taxes,null,6358,304325,1650750,IV,Federal Tax Deposits,Classification,1,2022,2,2022,1,03,31
2022-03-31,Individual Income Taxes,null,1129,17365,126319,IV,Federal Tax Deposits,Classification,2,2022,2,2022,1,03,31
2022-03-31,Railroad Retirement Taxes,null,21,488,3192,IV,Federal Tax Deposits,Classification,3,2022,2,2022,1,03,31
2022-03-31,Excise Taxes,null,20,7275,38627,IV,Federal Tax Deposits,Classification,4,2022,2,2022,1,03,31
2022-03-31,Corporation Income Taxes,null,421,14653,143853,IV,Federal Tax Deposits,Classification,5,2022,2,2022,1,03,31
2022-03-31,Federal Unemployment Taxes,null,7,67,2271,IV,Federal Tax Deposits,Classification,6,2022,2,2022,1,03,31
2022-03-31,Estate and Gift Taxes & Misc IRS Rcpts.,null,9,212,2069,IV,Federal Tax Deposits,Classification,7,2022,2,2022,1,03,31
2022-03-31,Cash Federal Tax Deposits,Direct,39,3138,18600,IV,Federal Tax Deposits,Classification,9,2022,2,2022,1,03,31
2022-03-31,Cash Federal Tax Deposits,Through Depositaries,7538,331195,1887172,IV,Federal Tax Deposits,Classification,10,2022,2,2022,1,03,31
2022-03-31,Inter-agency Transfers,null,387,10053,61308,IV,Federal Tax Deposits,Classification,12,2022,2,2022,1,03,31
2022-03-30,Withheld Income and Employment Taxes,null,9581,297967,1644392,IV,Federal Tax Deposits,Classification,1,2022,2,2022,1,03,30
2022-03-30,Individual Income Taxes,null,1344,16237,125190,IV,Federal Tax Deposits,Classification,2,2022,2,2022,1,03,30
2022-03-30,Railroad Retirement Taxes,null,4,468,3171,IV,Federal Tax Deposits,Classification,3,2022,2,2022,1,03,30
2022-03-30,Excise Taxes,null,27,7256,38607,IV,Federal Tax Deposits,Classification,4,2022,2,2022,1,03,30
2022-03-30,Corporation Income Taxes,null,970,14233,143432,IV,Federal Tax Deposits,Classification,5,2022,2,2022,1,03,30
2022-03-30,Federal Unemployment Taxes,null,4,60,2264,IV,Federal Tax Deposits,Classification,6,2022,2,2022,1,03,30
2022-03-30,Estate and Gift Taxes & Misc IRS Rcpts.,null,4,203,2060,IV,Federal Tax Deposits,Classification,7,2022,2,2022,1,03,30
2022-03-30,Cash Federal Tax Deposits,Direct,60,3100,18561,IV,Federal Tax Deposits,Classification,9,2022,2,2022,1,03,30
2022-03-30,Cash Federal Tax Deposits,Through Depositaries,11596,323657,1879634,IV,Federal Tax Deposits,Classification,10,2022,2,2022,1,03,30
2022-03-30,Inter-agency Transfers,null,277,9666,60921,IV,Federal Tax Deposits,Classification,12,2022,2,2022,1,03,30
2022-03-29,Withheld Income and Employment Taxes,null,3304,288386,1634811,IV,Federal Tax Deposits,Classification,1,2022,2,2022,1,03,29
2022-03-29,Individual Income Taxes,null,1349,14893,123846,IV,Federal Tax Deposits,Classification,2,2022,2,2022,1,03,29
2022-03-29,Railroad Retirement Taxes,null,5,464,3167,IV,Federal Tax Deposits,Classification,3,2022,2,2022,1,03,29
2022-03-29,Excise Taxes,null,1964,7229,38581,IV,Federal Tax Deposits,Classification,4,2022,2,2022,1,03,29
2022-03-29,Corporation Income Taxes,null,175,13263,142462,IV,Federal Tax Deposits,Classification,5,2022,2,2022,1,03,29
2022-03-29,Federal Unemployment Taxes,null,2,55,2259,IV,Federal Tax Deposits,Classification,6,2022,2,2022,1,03,29
2022-03-29,Estate and Gift Taxes & Misc IRS Rcpts.,null,14,199,2056,IV,Federal Tax Deposits,Classification,7,2022,2,2022,1,03,29
2022-03-29,Cash Federal Tax Deposits,Direct,651,3040,18501,IV,Federal Tax Deposits,Classification,9,2022,2,2022,1,03,29
2022-03-29,Cash Federal Tax Deposits,Through Depositaries,6135,312060,1868038,IV,Federal Tax Deposits,Classification,10,2022,2,2022,1,03,29
2022-03-29,Inter-agency Transfers,null,27,9389,60644,IV,Federal Tax Deposits,Classification,12,2022,2,2022,1,03,29
2022-03-28,Withheld Income and Employment Taxes,null,21839,285082,1631507,IV,Federal Tax Deposits,Classification,1,2022,2,2022,1,03,28
2022-03-28,Individual Income Taxes,null,1201,13544,122497,IV,Federal Tax Deposits,Classification,2,2022,2,2022,1,03,28
2022-03-28,Railroad Retirement Taxes,null,67,459,3162,IV,Federal Tax Deposits,Classification,3,2022,2,2022,1,03,28
2022-03-28,Excise Taxes,null,492,5265,36617,IV,Federal Tax Deposits,Classification,4,2022,2,2022,1,03,28
2022-03-28,Corporation Income Taxes,null,125,13088,142288,IV,Federal Tax Deposits,Classification,5,2022,2,2022,1,03,28
2022-03-28,Federal Unemployment Taxes,null,3,53,2257,IV,Federal Tax Deposits,Classification,6,2022,2,2022,1,03,28
2022-03-28,Estate and Gift Taxes & Misc IRS Rcpts.,null,7,185,2042,IV,Federal Tax Deposits,Classification,7,2022,2,2022,1,03,28
2022-03-28,Cash Federal Tax Deposits,Direct,161,2389,17850,IV,Federal Tax Deposits,Classification,9,2022,2,2022,1,03,28
2022-03-28,Cash Federal Tax Deposits,Through Depositaries,23564,305925,1861903,IV,Federal Tax Deposits,Classification,10,2022,2,2022,1,03,28
2022-03-28,Inter-agency Transfers,null,10,9362,60617,IV,Federal Tax Deposits,Classification,12,2022,2,2022,1,03,28
2022-03-25,Withheld Income and Employment Taxes,null,7184,263243,1609668,IV,Federal Tax Deposits,Classification,1,2022,2,2022,1,03,25
2022-03-25,Individual Income Taxes,null,880,12343,121296,IV,Federal Tax Deposits,Classification,2,2022,2,2022,1,03,25
2022-03-25,Railroad Retirement Taxes,null,52,392,3096,IV,Federal Tax Deposits,Classification,3,2022,2,2022,1,03,25
2022-03-25,Excise Taxes,null,530,4773,36125,IV,Federal Tax Deposits,Classification,4,2022,2,2022,1,03,25
2022-03-25,Corporation Income Taxes,null,218,12962,142162,IV,Federal Tax Deposits,Classification,5,2022,2,2022,1,03,25
2022-03-25,Federal Unemployment Taxes,null,3,50,2254,IV,Federal Tax Deposits,Classification,6,2022,2,2022,1,03,25
2022-03-25,Estate and Gift Taxes & Misc IRS Rcpts.,null,4,177,2035,IV,Federal Tax Deposits,Classification,7,2022,2,2022,1,03,25
2022-03-25,Cash Federal Tax Deposits,Direct,126,2228,17690,IV,Federal Tax Deposits,Classification,9,2022,2,2022,1,03,25
2022-03-25,Cash Federal Tax Deposits,Through Depositaries,8704,282360,1838338,IV,Federal Tax Deposits,Classification,10,2022,2,2022,1,03,25
2022-03-25,Inter-agency Transfers,null,40,9353,60607,IV,Federal Tax Deposits,Classification,12,2022,2,2022,1,03,25
2022-03-24,Withheld Income and Employment Taxes,null,3288,256060,1602484,IV,Federal Tax Deposits,Classification,1,2022,2,2022,1,03,24
2022-03-24,Individual Income Taxes,null,571,11463,120416,IV,Federal Tax Deposits,Classification,2,2022,2,2022,1,03,24
2022-03-24,Railroad Retirement Taxes,null,1,340,3044,IV,Federal Tax Deposits,Classification,3,2022,2,2022,1,03,24
2022-03-24,Excise Taxes,null,114,4243,35595,IV,Federal Tax Deposits,Classification,4,2022,2,2022,1,03,24
2022-03-24,Corporation Income Taxes,null,105,12744,141944,IV,Federal Tax Deposits,Classification,5,2022,2,2022,1,03,24
2022-03-24,Federal Unemployment Taxes,null,2,47,2251,IV,Federal Tax Deposits,Classification,6,2022,2,2022,1,03,24
2022-03-24,Estate and Gift Taxes & Misc IRS Rcpts.,null,2,173,2030,IV,Federal Tax Deposits,Classification,7,2022,2,2022,1,03,24
2022-03-24,Cash Federal Tax Deposits,Direct,110,2102,17563,IV,Federal Tax Deposits,Classification,9,2022,2,2022,1,03,24
2022-03-24,Cash Federal Tax Deposits,Through Depositaries,3719,273656,1829634,IV,Federal Tax Deposits,Classification,10,2022,2,2022,1,03,24
2022-03-24,Inter-agency Transfers,null,253,9312,60567,IV,Federal Tax Deposits,Classification,12,2022,2,2022,1,03,24
2022-03-23,Withheld Income and Employment Taxes,null,9821,252772,1599197,IV,Federal Tax Deposits,Classification,1,2022,2,2022,1,03,23
2022-03-23,Individual Income Taxes,null,604,10892,119845,IV,Federal Tax Deposits,Classification,2,2022,2,2022,1,03,23
2022-03-23,Railroad Retirement Taxes,null,2,340,3043,IV,Federal Tax Deposits,Classification,3,2022,2,2022,1,03,23
2022-03-23,Excise Taxes,null,63,4129,35481,IV,Federal Tax Deposits,Classification,4,2022,2,2022,1,03,23
2022-03-23,Corporation Income Taxes,null,98,12639,141839,IV,Federal Tax Deposits,Classification,5,2022,2,2022,1,03,23
2022-03-23,Federal Unemployment Taxes,null,3,45,2249,IV,Federal Tax Deposits,Classification,6,2022,2,2022,1,03,23
2022-03-23,Estate and Gift Taxes & Misc IRS Rcpts.,null,11,171,2028,IV,Federal Tax Deposits,Classification,7,2022,2,2022,1,03,23
2022-03-23,Cash Federal Tax Deposits,Direct,156,1992,17453,IV,Federal Tax Deposits,Classification,9,2022,2,2022,1,03,23
2022-03-23,Cash Federal Tax Deposits,Through Depositaries,10433,269938,1825915,IV,Federal Tax Deposits,Classification,10,2022,2,2022,1,03,23
2022-03-23,Inter-agency Transfers,null,13,9059,60314,IV,Federal Tax Deposits,Classification,12,2022,2,2022,1,03,23
2022-03-22,Withheld Income and Employment Taxes,null,2652,242951,1589375,IV,Federal Tax Deposits,Classification,1,2022,2,2022,1,03,22
2022-03-22,Individual Income Taxes,null,898,10288,119241,IV,Federal Tax Deposits,Classification,2,2022,2,2022,1,03,22
2022-03-22,Railroad Retirement Taxes,null,4,338,3041,IV,Federal Tax Deposits,Classification,3,2022,2,2022,1,03,22
2022-03-22,Excise Taxes,null,44,4066,35418,IV,Federal Tax Deposits,Classification,4,2022,2,2022,1,03,22
2022-03-22,Corporation Income Taxes,null,120,12541,141741,IV,Federal Tax Deposits,Classification,5,2022,2,2022,1,03,22
2022-03-22,Federal Unemployment Taxes,null,3,42,2246,IV,Federal Tax Deposits,Classification,6,2022,2,2022,1,03,22
2022-03-22,Estate and Gift Taxes & Misc IRS Rcpts.,null,9,160,2018,IV,Federal Tax Deposits,Classification,7,2022,2,2022,1,03,22
2022-03-22,Cash Federal Tax Deposits,Direct,83,1836,17298,IV,Federal Tax Deposits,Classification,9,2022,2,2022,1,03,22
2022-03-22,Cash Federal Tax Deposits,Through Depositaries,3635,259505,1815483,IV,Federal Tax Deposits,Classification,10,2022,2,2022,1,03,22
2022-03-22,Inter-agency Transfers,null,12,9046,60300,IV,Federal Tax Deposits,Classification,12,2022,2,2022,1,03,22
2022-03-21,Withheld Income and Employment Taxes,null,24240,240301,1586724,IV,Federal Tax Deposits,Classification,1,2022,2,2022,1,03,21
2022-03-21,Individual Income Taxes,null,809,9390,118343,IV,Federal Tax Deposits,Classification,2,2022,2,2022,1,03,21
2022-03-21,Railroad Retirement Taxes,null,51,334,3037,IV,Federal Tax Deposits,Classification,3,2022,2,2022,1,03,21
2022-03-21,Excise Taxes,null,16,4023,35374,IV,Federal Tax Deposits,Classification,4,2022,2,2022,1,03,21
2022-03-21,Corporation Income Taxes,null,73,12422,141621,IV,Federal Tax Deposits,Classification,5,2022,2,2022,1,03,21
2022-03-21,Federal Unemployment Taxes,null,2,40,2243,IV,Federal Tax Deposits,Classification,6,2022,2,2022,1,03,21
2022-03-21,Estate and Gift Taxes & Misc IRS Rcpts.,null,3,151,2009,IV,Federal Tax Deposits,Classification,7,2022,2,2022,1,03,21
2022-03-21,Cash Federal Tax Deposits,Direct,52,1756,17215,IV,Federal Tax Deposits,Classification,9,2022,2,2022,1,03,21
2022-03-21,Cash Federal Tax Deposits,Through Depositaries,24442,255870,1811848,IV,Federal Tax Deposits,Classification,10,2022,2,2022,1,03,21
2022-03-21,Inter-agency Transfers,null,698,9034,60289,IV,Federal Tax Deposits,Classification,12,2022,2,2022,1,03,21
2022-03-18,Withheld Income and Employment Taxes,null,12886,216060,1562483,IV,Federal Tax Deposits,Classification,1,2022,2,2022,1,03,18
2022-03-18,Individual Income Taxes,null,626,8582,117535,IV,Federal Tax Deposits,Classification,2,2022,2,2022,1,03,18
2022-03-18,Railroad Retirement Taxes,null,17,283,2986,IV,Federal Tax Deposits,Classification,3,2022,2,2022,1,03,18
2022-03-18,Excise Taxes,null,28,4007,35358,IV,Federal Tax Deposits,Classification,4,2022,2,2022,1,03,18
2022-03-18,Corporation Income Taxes,null,124,12349,141548,IV,Federal Tax Deposits,Classification,5,2022,2,2022,1,03,18
2022-03-18,Federal Unemployment Taxes,null,3,38,2242,IV,Federal Tax Deposits,Classification,6,2022,2,2022,1,03,18
2022-03-18,Estate and Gift Taxes & Misc IRS Rcpts.,null,6,149,2006,IV,Federal Tax Deposits,Classification,7,2022,2,2022,1,03,18
2022-03-18,Cash Federal Tax Deposits,Direct,74,1704,17162,IV,Federal Tax Deposits,Classification,9,2022,2,2022,1,03,18
2022-03-18,Cash Federal Tax Deposits,Through Depositaries,12537,231428,1787406,IV,Federal Tax Deposits,Classification,10,2022,2,2022,1,03,18
2022-03-18,Inter-agency Transfers,null,1077,8336,59590,IV,Federal Tax Deposits,Classification,12,2022,2,2022,1,03,18
2022-03-17,Withheld Income and Employment Taxes,null,5410,203175,1549598,IV,Federal Tax Deposits,Classification,1,2022,2,2022,1,03,17
2022-03-17,Individual Income Taxes,null,585,7955,116908,IV,Federal Tax Deposits,Classification,2,2022,2,2022,1,03,17
2022-03-17,Railroad Retirement Taxes,null,2,266,2969,IV,Federal Tax Deposits,Classification,3,2022,2,2022,1,03,17
2022-03-17,Excise Taxes,null,14,3980,35331,IV,Federal Tax Deposits,Classification,4,2022,2,2022,1,03,17
2022-03-17,Corporation Income Taxes,null,93,12226,141425,IV,Federal Tax Deposits,Classification,5,2022,2,2022,1,03,17
2022-03-17,Federal Unemployment Taxes,null,2,35,2239,IV,Federal Tax Deposits,Classification,6,2022,2,2022,1,03,17
2022-03-17,Estate and Gift Taxes & Misc IRS Rcpts.,null,2,143,2000,IV,Federal Tax Deposits,Classification,7,2022,2,2022,1,03,17
2022-03-17,Cash Federal Tax Deposits,Direct,60,1630,17088,IV,Federal Tax Deposits,Classification,9,2022,2,2022,1,03,17
2022-03-17,Cash Federal Tax Deposits,Through Depositaries,5309,218891,1774869,IV,Federal Tax Deposits,Classification,10,2022,2,2022,1,03,17
2022-03-17,Inter-agency Transfers,null,739,7259,58513,IV,Federal Tax Deposits,Classification,12,2022,2,2022,1,03,17
2022-03-16,Cash Federal Tax Deposits,Direct,72,1570,17029,IV,Federal Tax Deposits,Classification,9,2022,2,2022,1,03,16
2022-03-16,Withheld Income and Employment Taxes,null,32780,197765,1544188,IV,Federal Tax Deposits,Classification,1,2022,2,2022,1,03,16
2022-03-16,Individual Income Taxes,null,589,7371,116324,IV,Federal Tax Deposits,Classification,2,2022,2,2022,1,03,16
2022-03-16,Railroad Retirement Taxes,null,15,264,2968,IV,Federal Tax Deposits,Classification,3,2022,2,2022,1,03,16
2022-03-16,Excise Taxes,null,42,3965,35317,IV,Federal Tax Deposits,Classification,4,2022,2,2022,1,03,16
2022-03-16,Corporation Income Taxes,null,461,12133,141332,IV,Federal Tax Deposits,Classification,5,2022,2,2022,1,03,16
2022-03-16,Federal Unemployment Taxes,null,3,33,2237,IV,Federal Tax Deposits,Classification,6,2022,2,2022,1,03,16
2022-03-16,Estate and Gift Taxes & Misc IRS Rcpts.,null,11,141,1998,IV,Federal Tax Deposits,Classification,7,2022,2,2022,1,03,16
2022-03-16,Cash Federal Tax Deposits,Through Depositaries,33540,213582,1769560,IV,Federal Tax Deposits,Classification,10,2022,2,2022,1,03,16
2022-03-16,Inter-agency Transfers,null,289,6520,57775,IV,Federal Tax Deposits,Classification,12,2022,2,2022,1,03,16
2022-03-15,Withheld Income and Employment Taxes,null,8688,164985,1511408,IV,Federal Tax Deposits,Classification,1,2022,2,2022,1,03,15
2022-03-15,Individual Income Taxes,null,1182,6782,115735,IV,Federal Tax Deposits,Classification,2,2022,2,2022,1,03,15
2022-03-15,Railroad Retirement Taxes,null,4,250,2953,IV,Federal Tax Deposits,Classification,3,2022,2,2022,1,03,15
2022-03-15,Excise Taxes,null,71,3923,35274,IV,Federal Tax Deposits,Classification,4,2022,2,2022,1,03,15
2022-03-15,Corporation Income Taxes,null,6272,11672,140871,IV,Federal Tax Deposits,Classification,5,2022,2,2022,1,03,15
2022-03-15,Federal Unemployment Taxes,null,4,31,2234,IV,Federal Tax Deposits,Classification,6,2022,2,2022,1,03,15
2022-03-15,Estate and Gift Taxes & Misc IRS Rcpts.,null,6,130,1987,IV,Federal Tax Deposits,Classification,7,2022,2,2022,1,03,15
2022-03-15,Cash Federal Tax Deposits,Direct,45,1498,16957,IV,Federal Tax Deposits,Classification,9,2022,2,2022,1,03,15
2022-03-15,Cash Federal Tax Deposits,Through Depositaries,16124,180043,1736020,IV,Federal Tax Deposits,Classification,10,2022,2,2022,1,03,15
2022-03-15,Inter-agency Transfers,null,59,6231,57486,IV,Federal Tax Deposits,Classification,12,2022,2,2022,1,03,15
2022-03-14,Withheld Income and Employment Taxes,null,30612,156297,1502720,IV,Federal Tax Deposits,Classification,1,2022,2,2022,1,03,14
2022-03-14,Individual Income Taxes,null,712,5600,114553,IV,Federal Tax Deposits,Classification,2,2022,2,2022,1,03,14
2022-03-14,Railroad Retirement Taxes,null,45,246,2949,IV,Federal Tax Deposits,Classification,3,2022,2,2022,1,03,14
2022-03-14,Excise Taxes,null,1759,3852,35203,IV,Federal Tax Deposits,Classification,4,2022,2,2022,1,03,14
2022-03-14,Corporation Income Taxes,null,2581,5399,134599,IV,Federal Tax Deposits,Classification,5,2022,2,2022,1,03,14
2022-03-14,Federal Unemployment Taxes,null,3,27,2231,IV,Federal Tax Deposits,Classification,6,2022,2,2022,1,03,14
2022-03-14,Estate and Gift Taxes & Misc IRS Rcpts.,null,36,124,1981,IV,Federal Tax Deposits,Classification,7,2022,2,2022,1,03,14
2022-03-14,Cash Federal Tax Deposits,Direct,554,1453,16912,IV,Federal Tax Deposits,Classification,9,2022,2,2022,1,03,14
2022-03-14,Cash Federal Tax Deposits,Through Depositaries,35181,163919,1719896,IV,Federal Tax Deposits,Classification,10,2022,2,2022,1,03,14
2022-03-14,Inter-agency Transfers,null,13,6172,57427,IV,Federal Tax Deposits,Classification,12,2022,2,2022,1,03,14
2022-03-11,Withheld Income and Employment Taxes,null,10973,125685,1472108,IV,Federal Tax Deposits,Classification,1,2022,2,2022,1,03,11
2022-03-11,Individual Income Taxes,null,481,4888,113841,IV,Federal Tax Deposits,Classification,2,2022,2,2022,1,03,11
2022-03-11,Railroad Retirement Taxes,null,52,200,2904,IV,Federal Tax Deposits,Classification,3,2022,2,2022,1,03,11
2022-03-11,Excise Taxes,null,471,2093,33444,IV,Federal Tax Deposits,Classification,4,2022,2,2022,1,03,11
2022-03-11,Corporation Income Taxes,null,933,2818,132018,IV,Federal Tax Deposits,Classification,5,2022,2,2022,1,03,11
2022-03-11,Federal Unemployment Taxes,null,2,24,2228,IV,Federal Tax Deposits,Classification,6,2022,2,2022,1,03,11
2022-03-11,Estate and Gift Taxes & Misc IRS Rcpts.,null,1,88,1945,IV,Federal Tax Deposits,Classification,7,2022,2,2022,1,03,11
2022-03-11,Cash Federal Tax Deposits,Direct,98,900,16358,IV,Federal Tax Deposits,Classification,9,2022,2,2022,1,03,11
2022-03-11,Cash Federal Tax Deposits,Through Depositaries,12733,128738,1684715,IV,Federal Tax Deposits,Classification,10,2022,2,2022,1,03,11
2022-03-11,Inter-agency Transfers,null,83,6159,57414,IV,Federal Tax Deposits,Classification,12,2022,2,2022,1,03,11
2022-03-10,Withheld Income and Employment Taxes,null,4515,114713,1461136,IV,Federal Tax Deposits,Classification,1,2022,2,2022,1,03,10
2022-03-10,Individual Income Taxes,null,433,4407,113360,IV,Federal Tax Deposits,Classification,2,2022,2,2022,1,03,10
2022-03-10,Railroad Retirement Taxes,null,33,148,2851,IV,Federal Tax Deposits,Classification,3,2022,2,2022,1,03,10
2022-03-10,Excise Taxes,null,477,1622,32973,IV,Federal Tax Deposits,Classification,4,2022,2,2022,1,03,10
2022-03-10,Corporation Income Taxes,null,998,1885,131084,IV,Federal Tax Deposits,Classification,5,2022,2,2022,1,03,10
2022-03-10,Federal Unemployment Taxes,null,2,21,2225,IV,Federal Tax Deposits,Classification,6,2022,2,2022,1,03,10
2022-03-10,Estate and Gift Taxes & Misc IRS Rcpts.,null,1,87,1944,IV,Federal Tax Deposits,Classification,7,2022,2,2022,1,03,10
2022-03-10,Cash Federal Tax Deposits,Direct,51,801,16260,IV,Federal Tax Deposits,Classification,9,2022,2,2022,1,03,10
2022-03-10,Cash Federal Tax Deposits,Through Depositaries,6041,116005,1671982,IV,Federal Tax Deposits,Classification,10,2022,2,2022,1,03,10
2022-03-10,Inter-agency Transfers,null,366,6076,57331,IV,Federal Tax Deposits,Classification,12,2022,2,2022,1,03,10
2022-03-09,Withheld Income and Employment Taxes,null,9547,110198,1456620,IV,Federal Tax Deposits,Classification,1,2022,2,2022,1,03,09
2022-03-09,Individual Income Taxes,null,468,3974,112927,IV,Federal Tax Deposits,Classification,2,2022,2,2022,1,03,09
2022-03-09,Railroad Retirement Taxes,null,2,115,2819,IV,Federal Tax Deposits,Classification,3,2022,2,2022,1,03,09
2022-03-09,Excise Taxes,null,90,1145,32496,IV,Federal Tax Deposits,Classification,4,2022,2,2022,1,03,09
2022-03-09,Corporation Income Taxes,null,310,887,130087,IV,Federal Tax Deposits,Classification,5,2022,2,2022,1,03,09
2022-03-09,Federal Unemployment Taxes,null,4,20,2223,IV,Federal Tax Deposits,Classification,6,2022,2,2022,1,03,09
2022-03-09,Estate and Gift Taxes & Misc IRS Rcpts.,null,61,86,1943,IV,Federal Tax Deposits,Classification,7,2022,2,2022,1,03,09
2022-03-09,Cash Federal Tax Deposits,Direct,58,750,16209,IV,Federal Tax Deposits,Classification,9,2022,2,2022,1,03,09
2022-03-09,Cash Federal Tax Deposits,Through Depositaries,10381,109963,1665941,IV,Federal Tax Deposits,Classification,10,2022,2,2022,1,03,09
2022-03-09,Inter-agency Transfers,null,43,5710,56965,IV,Federal Tax Deposits,Classification,12,2022,2,2022,1,03,09
2022-03-08,Withheld Income and Employment Taxes,null,4173,100650,1447073,IV,Federal Tax Deposits,Classification,1,2022,2,2022,1,03,08
2022-03-08,Individual Income Taxes,null,511,3506,112459,IV,Federal Tax Deposits,Classification,2,2022,2,2022,1,03,08
2022-03-08,Railroad Retirement Taxes,null,2,113,2816,IV,Federal Tax Deposits,Classification,3,2022,2,2022,1,03,08
2022-03-08,Excise Taxes,null,31,1055,32406,IV,Federal Tax Deposits,Classification,4,2022,2,2022,1,03,08
2022-03-08,Corporation Income Taxes,null,57,577,129777,IV,Federal Tax Deposits,Classification,5,2022,2,2022,1,03,08
2022-03-08,Federal Unemployment Taxes,null,2,16,2220,IV,Federal Tax Deposits,Classification,6,2022,2,2022,1,03,08
2022-03-08,Estate and Gift Taxes & Misc IRS Rcpts.,null,2,25,1882,IV,Federal Tax Deposits,Classification,7,2022,2,2022,1,03,08
2022-03-08,Cash Federal Tax Deposits,Direct,-56,692,16151,IV,Federal Tax Deposits,Classification,9,2022,2,2022,1,03,08
2022-03-08,Cash Federal Tax Deposits,Through Depositaries,4802,99583,1655560,IV,Federal Tax Deposits,Classification,10,2022,2,2022,1,03,08
2022-03-08,Inter-agency Transfers,null,33,5667,56922,IV,Federal Tax Deposits,Classification,12,2022,2,2022,1,03,08
2022-03-07,Withheld Income and Employment Taxes,null,32104,96478,1442901,IV,Federal Tax Deposits,Classification,1,2022,2,2022,1,03,07
2022-03-07,Individual Income Taxes,null,519,2995,111948,IV,Federal Tax Deposits,Classification,2,2022,2,2022,1,03,07
2022-03-07,Railroad Retirement Taxes,null,52,111,2814,IV,Federal Tax Deposits,Classification,3,2022,2,2022,1,03,07
2022-03-07,Excise Taxes,null,13,1024,32375,IV,Federal Tax Deposits,Classification,4,2022,2,2022,1,03,07
2022-03-07,Corporation Income Taxes,null,159,520,129719,IV,Federal Tax Deposits,Classification,5,2022,2,2022,1,03,07
2022-03-07,Federal Unemployment Taxes,null,3,14,2217,IV,Federal Tax Deposits,Classification,6,2022,2,2022,1,03,07
2022-03-07,Estate and Gift Taxes & Misc IRS Rcpts.,null,3,23,1880,IV,Federal Tax Deposits,Classification,7,2022,2,2022,1,03,07
2022-03-07,Cash Federal Tax Deposits,Direct,45,749,16207,IV,Federal Tax Deposits,Classification,9,2022,2,2022,1,03,07
2022-03-07,Cash Federal Tax Deposits,Through Depositaries,31772,94781,1650758,IV,Federal Tax Deposits,Classification,10,2022,2,2022,1,03,07
2022-03-07,Inter-agency Transfers,null,1036,5634,56889,IV,Federal Tax Deposits,Classification,12,2022,2,2022,1,03,07
2022-03-04,Inter-agency Transfers,null,1403,4599,55853,IV,Federal Tax Deposits,Classification,12,2022,2,2022,1,03,04
2022-03-04,Withheld Income and Employment Taxes,null,13912,64374,1410797,IV,Federal Tax Deposits,Classification,1,2022,2,2022,1,03,04
2022-03-04,Individual Income Taxes,null,400,2476,111429,IV,Federal Tax Deposits,Classification,2,2022,2,2022,1,03,04
2022-03-04,Railroad Retirement Taxes,null,19,58,2762,IV,Federal Tax Deposits,Classification,3,2022,2,2022,1,03,04
2022-03-04,Excise Taxes,null,19,1011,32362,IV,Federal Tax Deposits,Classification,4,2022,2,2022,1,03,04
2022-03-04,Corporation Income Taxes,null,82,361,129560,IV,Federal Tax Deposits,Classification,5,2022,2,2022,1,03,04
2022-03-04,Federal Unemployment Taxes,null,3,11,2215,IV,Federal Tax Deposits,Classification,6,2022,2,2022,1,03,04
2022-03-04,Estate and Gift Taxes & Misc IRS Rcpts.,null,-16,20,1877,IV,Federal Tax Deposits,Classification,7,2022,2,2022,1,03,04
2022-03-04,Cash Federal Tax Deposits,Direct,52,703,16162,IV,Federal Tax Deposits,Classification,9,2022,2,2022,1,03,04
2022-03-04,Cash Federal Tax Deposits,Through Depositaries,12963,63008,1618986,IV,Federal Tax Deposits,Classification,10,2022,2,2022,1,03,04
2022-03-03,Withheld Income and Employment Taxes,null,6193,50462,1396884,IV,Federal Tax Deposits,Classification,1,2022,2,2022,1,03,03
2022-03-03,Individual Income Taxes,null,378,2076,111029,IV,Federal Tax Deposits,Classification,2,2022,2,2022,1,03,03
2022-03-03,Railroad Retirement Taxes,null,4,40,2743,IV,Federal Tax Deposits,Classification,3,2022,2,2022,1,03,03
2022-03-03,Excise Taxes,null,35,992,32343,IV,Federal Tax Deposits,Classification,4,2022,2,2022,1,03,03
2022-03-03,Corporation Income Taxes,null,80,279,129478,IV,Federal Tax Deposits,Classification,5,2022,2,2022,1,03,03
2022-03-03,Federal Unemployment Taxes,null,2,8,2212,IV,Federal Tax Deposits,Classification,6,2022,2,2022,1,03,03
2022-03-03,Estate and Gift Taxes & Misc IRS Rcpts.,null,27,36,1894,IV,Federal Tax Deposits,Classification,7,2022,2,2022,1,03,03
2022-03-03,Cash Federal Tax Deposits,Direct,43,651,16110,IV,Federal Tax Deposits,Classification,9,2022,2,2022,1,03,03
2022-03-03,Cash Federal Tax Deposits,Through Depositaries,4932,50045,1606023,IV,Federal Tax Deposits,Classification,10,2022,2,2022,1,03,03
2022-03-03,Inter-agency Transfers,null,1744,3196,54451,IV,Federal Tax Deposits,Classification,12,2022,2,2022,1,03,03
2022-03-02,Withheld Income and Employment Taxes,null,14987,44269,1390691,IV,Federal Tax Deposits,Classification,1,2022,2,2022,1,03,02
2022-03-02,Individual Income Taxes,null,464,1698,110651,IV,Federal Tax Deposits,Classification,2,2022,2,2022,1,03,02
2022-03-02,Railroad Retirement Taxes,null,11,36,2739,IV,Federal Tax Deposits,Classification,3,2022,2,2022,1,03,02
2022-03-02,Excise Taxes,null,-16,957,32308,IV,Federal Tax Deposits,Classification,4,2022,2,2022,1,03,02
2022-03-02,Corporation Income Taxes,null,58,199,129398,IV,Federal Tax Deposits,Classification,5,2022,2,2022,1,03,02
2022-03-02,Federal Unemployment Taxes,null,3,6,2210,IV,Federal Tax Deposits,Classification,6,2022,2,2022,1,03,02
2022-03-02,Estate and Gift Taxes & Misc IRS Rcpts.,null,-19,10,1867,IV,Federal Tax Deposits,Classification,7,2022,2,2022,1,03,02
2022-03-02,Cash Federal Tax Deposits,Direct,41,608,16066,IV,Federal Tax Deposits,Classification,9,2022,2,2022,1,03,02
2022-03-02,Cash Federal Tax Deposits,Through Depositaries,14962,45113,1601091,IV,Federal Tax Deposits,Classification,10,2022,2,2022,1,03,02
2022-03-02,Inter-agency Transfers,null,486,1452,52707,IV,Federal Tax Deposits,Classification,12,2022,2,2022,1,03,02
2022-03-01,Withheld Income and Employment Taxes,null,29281,29281,1375704,IV,Federal Tax Deposits,Classification,1,2022,2,2022,1,03,01
2022-03-01,Individual Income Taxes,null,1234,1234,110187,IV,Federal Tax Deposits,Classification,2,2022,2,2022,1,03,01
2022-03-01,Railroad Retirement Taxes,null,24,24,2728,IV,Federal Tax Deposits,Classification,3,2022,2,2022,1,03,01
2022-03-01,Excise Taxes,null,973,973,32324,IV,Federal Tax Deposits,Classification,4,2022,2,2022,1,03,01
2022-03-01,Corporation Income Taxes,null,141,141,129340,IV,Federal Tax Deposits,Classification,5,2022,2,2022,1,03,01
2022-03-01,Federal Unemployment Taxes,null,3,3,2206,IV,Federal Tax Deposits,Classification,6,2022,2,2022,1,03,01
2022-03-01,Estate and Gift Taxes & Misc IRS Rcpts.,null,29,29,1886,IV,Federal Tax Deposits,Classification,7,2022,2,2022,1,03,01
2022-03-01,Cash Federal Tax Deposits,Direct,567,567,16026,IV,Federal Tax Deposits,Classification,9,2022,2,2022,1,03,01
2022-03-01,Cash Federal Tax Deposits,Through Depositaries,30151,30151,1586129,IV,Federal Tax Deposits,Classification,10,2022,2,2022,1,03,01
2022-03-01,Inter-agency Transfers,null,966,966,52220,IV,Federal Tax Deposits,Classification,12,2022,2,2022,1,03,01
2022-02-28,Inter-agency Transfers,null,1056,11819,51255,IV,Federal Tax Deposits,Classification,12,2022,2,2022,1,02,28
2022-02-28,Withheld Income and Employment Taxes,null,28123,258172,1346423,IV,Federal Tax Deposits,Classification,1,2022,2,2022,1,02,28
2022-02-28,Individual Income Taxes,null,616,8507,108953,IV,Federal Tax Deposits,Classification,2,2022,2,2022,1,02,28
2022-02-28,Railroad Retirement Taxes,null,85,657,2703,IV,Federal Tax Deposits,Classification,3,2022,2,2022,1,02,28
2022-02-28,Excise Taxes,null,1244,5216,31351,IV,Federal Tax Deposits,Classification,4,2022,2,2022,1,02,28
2022-02-28,Corporation Income Taxes,null,367,6282,129199,IV,Federal Tax Deposits,Classification,5,2022,2,2022,1,02,28
2022-02-28,Federal Unemployment Taxes,null,4,115,2204,IV,Federal Tax Deposits,Classification,6,2022,2,2022,1,02,28
2022-02-28,Estate and Gift Taxes & Misc IRS Rcpts.,null,4,135,1857,IV,Federal Tax Deposits,Classification,7,2022,2,2022,1,02,28
2022-02-28,Cash Federal Tax Deposits,Direct,150,2000,15458,IV,Federal Tax Deposits,Classification,9,2022,2,2022,1,02,28
2022-02-28,Cash Federal Tax Deposits,Through Depositaries,29236,265265,1555978,IV,Federal Tax Deposits,Classification,10,2022,2,2022,1,02,28
2022-02-25,Withheld Income and Employment Taxes,null,9726,230049,1318300,IV,Federal Tax Deposits,Classification,1,2022,2,2022,1,02,25
2022-02-25,Individual Income Taxes,null,319,7891,108337,IV,Federal Tax Deposits,Classification,2,2022,2,2022,1,02,25
2022-02-25,Railroad Retirement Taxes,null,51,573,2619,IV,Federal Tax Deposits,Classification,3,2022,2,2022,1,02,25
2022-02-25,Excise Taxes,null,495,3972,30107,IV,Federal Tax Deposits,Classification,4,2022,2,2022,1,02,25
2022-02-25,Corporation Income Taxes,null,36,5915,128832,IV,Federal Tax Deposits,Classification,5,2022,2,2022,1,02,25
2022-02-25,Federal Unemployment Taxes,null,3,112,2200,IV,Federal Tax Deposits,Classification,6,2022,2,2022,1,02,25
2022-02-25,Estate and Gift Taxes & Misc IRS Rcpts.,null,7,131,1853,IV,Federal Tax Deposits,Classification,7,2022,2,2022,1,02,25
2022-02-25,Cash Federal Tax Deposits,Direct,71,1850,15308,IV,Federal Tax Deposits,Classification,9,2022,2,2022,1,02,25
2022-02-25,Cash Federal Tax Deposits,Through Depositaries,10441,236029,1526742,IV,Federal Tax Deposits,Classification,10,2022,2,2022,1,02,25
2022-02-25,Inter-agency Transfers,null,126,10763,50199,IV,Federal Tax Deposits,Classification,12,2022,2,2022,1,02,25
2022-02-24,Withheld Income and Employment Taxes,null,9595,220323,1308574,IV,Federal Tax Deposits,Classification,1,2022,2,2022,1,02,24
2022-02-24,Individual Income Taxes,null,229,7571,108018,IV,Federal Tax Deposits,Classification,2,2022,2,2022,1,02,24
2022-02-24,Railroad Retirement Taxes,null,1,521,2567,IV,Federal Tax Deposits,Classification,3,2022,2,2022,1,02,24
2022-02-24,Excise Taxes,null,84,3477,29612,IV,Federal Tax Deposits,Classification,4,2022,2,2022,1,02,24
2022-02-24,Corporation Income Taxes,null,160,5879,128796,IV,Federal Tax Deposits,Classification,5,2022,2,2022,1,02,24
2022-02-24,Federal Unemployment Taxes,null,2,109,2198,IV,Federal Tax Deposits,Classification,6,2022,2,2022,1,02,24
2022-02-24,Estate and Gift Taxes & Misc IRS Rcpts.,null,1,123,1846,IV,Federal Tax Deposits,Classification,7,2022,2,2022,1,02,24
2022-02-24,Cash Federal Tax Deposits,Direct,66,1779,15237,IV,Federal Tax Deposits,Classification,9,2022,2,2022,1,02,24
2022-02-24,Cash Federal Tax Deposits,Through Depositaries,9752,225588,1516301,IV,Federal Tax Deposits,Classification,10,2022,2,2022,1,02,24
2022-02-24,Inter-agency Transfers,null,253,10637,50073,IV,Federal Tax Deposits,Classification,12,2022,2,2022,1,02,24
2022-02-23,Withheld Income and Employment Taxes,null,6074,210727,1298979,IV,Federal Tax Deposits,Classification,1,2022,2,2022,1,02,23
2022-02-23,Individual Income Taxes,null,528,7343,107789,IV,Federal Tax Deposits,Classification,2,2022,2,2022,1,02,23
2022-02-23,Railroad Retirement Taxes,null,3,520,2566,IV,Federal Tax Deposits,Classification,3,2022,2,2022,1,02,23
2022-02-23,Excise Taxes,null,45,3394,29529,IV,Federal Tax Deposits,Classification,4,2022,2,2022,1,02,23
2022-02-23,Corporation Income Taxes,null,106,5719,128637,IV,Federal Tax Deposits,Classification,5,2022,2,2022,1,02,23
2022-02-23,Federal Unemployment Taxes,null,3,107,2195,IV,Federal Tax Deposits,Classification,6,2022,2,2022,1,02,23
2022-02-23,Estate and Gift Taxes & Misc IRS Rcpts.,null,3,123,1845,IV,Federal Tax Deposits,Classification,7,2022,2,2022,1,02,23
2022-02-23,Cash Federal Tax Deposits,Direct,54,1712,15170,IV,Federal Tax Deposits,Classification,9,2022,2,2022,1,02,23
2022-02-23,Cash Federal Tax Deposits,Through Depositaries,6244,215835,1506548,IV,Federal Tax Deposits,Classification,10,2022,2,2022,1,02,23
2022-02-23,Inter-agency Transfers,null,463,10385,49821,IV,Federal Tax Deposits,Classification,12,2022,2,2022,1,02,23
2022-02-22,Withheld Income and Employment Taxes,null,28673,204653,1292905,IV,Federal Tax Deposits,Classification,1,2022,2,2022,1,02,22
2022-02-22,Individual Income Taxes,null,526,6815,107262,IV,Federal Tax Deposits,Classification,2,2022,2,2022,1,02,22
2022-02-22,Railroad Retirement Taxes,null,67,517,2563,IV,Federal Tax Deposits,Classification,3,2022,2,2022,1,02,22
2022-02-22,Excise Taxes,null,49,3349,29484,IV,Federal Tax Deposits,Classification,4,2022,2,2022,1,02,22
2022-02-22,Corporation Income Taxes,null,86,5613,128530,IV,Federal Tax Deposits,Classification,5,2022,2,2022,1,02,22
2022-02-22,Federal Unemployment Taxes,null,4,104,2193,IV,Federal Tax Deposits,Classification,6,2022,2,2022,1,02,22
2022-02-22,Estate and Gift Taxes & Misc IRS Rcpts.,null,1,119,1842,IV,Federal Tax Deposits,Classification,7,2022,2,2022,1,02,22
2022-02-22,Cash Federal Tax Deposits,Direct,44,1658,15116,IV,Federal Tax Deposits,Classification,9,2022,2,2022,1,02,22
2022-02-22,Cash Federal Tax Deposits,Through Depositaries,28401,209591,1500304,IV,Federal Tax Deposits,Classification,10,2022,2,2022,1,02,22
2022-02-22,Inter-agency Transfers,null,961,9921,49357,IV,Federal Tax Deposits,Classification,12,2022,2,2022,1,02,22
2022-02-18,Withheld Income and Employment Taxes,null,12907,175981,1264232,IV,Federal Tax Deposits,Classification,1,2022,2,2022,1,02,18
2022-02-18,Individual Income Taxes,null,293,6289,106736,IV,Federal Tax Deposits,Classification,2,2022,2,2022,1,02,18
2022-02-18,Railroad Retirement Taxes,null,45,450,2496,IV,Federal Tax Deposits,Classification,3,2022,2,2022,1,02,18
2022-02-18,Excise Taxes,null,25,3299,29435,IV,Federal Tax Deposits,Classification,4,2022,2,2022,1,02,18
2022-02-18,Corporation Income Taxes,null,36,5526,128444,IV,Federal Tax Deposits,Classification,5,2022,2,2022,1,02,18
2022-02-18,Federal Unemployment Taxes,null,3,100,2189,IV,Federal Tax Deposits,Classification,6,2022,2,2022,1,02,18
2022-02-18,Estate and Gift Taxes & Misc IRS Rcpts.,null,3,119,1841,IV,Federal Tax Deposits,Classification,7,2022,2,2022,1,02,18
2022-02-18,Cash Federal Tax Deposits,Direct,24,1615,15073,IV,Federal Tax Deposits,Classification,9,2022,2,2022,1,02,18
2022-02-18,Cash Federal Tax Deposits,Through Depositaries,12183,181190,1471903,IV,Federal Tax Deposits,Classification,10,2022,2,2022,1,02,18
2022-02-18,Inter-agency Transfers,null,1104,8960,48396,IV,Federal Tax Deposits,Classification,12,2022,2,2022,1,02,18
2022-02-17,Withheld Income and Employment Taxes,null,4949,163073,1251325,IV,Federal Tax Deposits,Classification,1,2022,2,2022,1,02,17
2022-02-17,Individual Income Taxes,null,347,5997,106443,IV,Federal Tax Deposits,Classification,2,2022,2,2022,1,02,17
2022-02-17,Railroad Retirement Taxes,null,2,406,2452,IV,Federal Tax Deposits,Classification,3,2022,2,2022,1,02,17
2022-02-17,Excise Taxes,null,12,3275,29410,IV,Federal Tax Deposits,Classification,4,2022,2,2022,1,02,17
2022-02-17,Corporation Income Taxes,null,98,5490,128408,IV,Federal Tax Deposits,Classification,5,2022,2,2022,1,02,17
2022-02-17,Federal Unemployment Taxes,null,2,98,2186,IV,Federal Tax Deposits,Classification,6,2022,2,2022,1,02,17
2022-02-17,Estate and Gift Taxes & Misc IRS Rcpts.,null,14,116,1838,IV,Federal Tax Deposits,Classification,7,2022,2,2022,1,02,17
2022-02-17,Cash Federal Tax Deposits,Direct,55,1591,15049,IV,Federal Tax Deposits,Classification,9,2022,2,2022,1,02,17
2022-02-17,Cash Federal Tax Deposits,Through Depositaries,5355,169007,1459720,IV,Federal Tax Deposits,Classification,10,2022,2,2022,1,02,17
2022-02-17,Inter-agency Transfers,null,15,7857,47293,IV,Federal Tax Deposits,Classification,12,2022,2,2022,1,02,17
2022-02-16,Withheld Income and Employment Taxes,null,25177,158124,1246375,IV,Federal Tax Deposits,Classification,1,2022,2,2022,1,02,16
2022-02-16,Individual Income Taxes,null,582,5649,106096,IV,Federal Tax Deposits,Classification,2,2022,2,2022,1,02,16
2022-02-16,Railroad Retirement Taxes,null,14,404,2450,IV,Federal Tax Deposits,Classification,3,2022,2,2022,1,02,16
2022-02-16,Excise Taxes,null,25,3262,29398,IV,Federal Tax Deposits,Classification,4,2022,2,2022,1,02,16
2022-02-16,Corporation Income Taxes,null,107,5392,128310,IV,Federal Tax Deposits,Classification,5,2022,2,2022,1,02,16
2022-02-16,Federal Unemployment Taxes,null,4,95,2184,IV,Federal Tax Deposits,Classification,6,2022,2,2022,1,02,16
2022-02-16,Estate and Gift Taxes & Misc IRS Rcpts.,null,3,102,1824,IV,Federal Tax Deposits,Classification,7,2022,2,2022,1,02,16
2022-02-16,Cash Federal Tax Deposits,Direct,52,1536,14994,IV,Federal Tax Deposits,Classification,9,2022,2,2022,1,02,16
2022-02-16,Cash Federal Tax Deposits,Through Depositaries,25792,163651,1454365,IV,Federal Tax Deposits,Classification,10,2022,2,2022,1,02,16
2022-02-16,Inter-agency Transfers,null,69,7842,47278,IV,Federal Tax Deposits,Classification,12,2022,2,2022,1,02,16
2022-02-15,Federal Unemployment Taxes,null,5,91,2180,IV,Federal Tax Deposits,Classification,6,2022,2,2022,1,02,15
2022-02-15,Withheld Income and Employment Taxes,null,5731,132947,1221198,IV,Federal Tax Deposits,Classification,1,2022,2,2022,1,02,15
2022-02-15,Individual Income Taxes,null,1299,5067,105514,IV,Federal Tax Deposits,Classification,2,2022,2,2022,1,02,15
2022-02-15,Railroad Retirement Taxes,null,4,390,2436,IV,Federal Tax Deposits,Classification,3,2022,2,2022,1,02,15
2022-02-15,Excise Taxes,null,84,3238,29373,IV,Federal Tax Deposits,Classification,4,2022,2,2022,1,02,15
2022-02-15,Corporation Income Taxes,null,2946,5285,128203,IV,Federal Tax Deposits,Classification,5,2022,2,2022,1,02,15
2022-02-15,Estate and Gift Taxes & Misc IRS Rcpts.,null,8,99,1821,IV,Federal Tax Deposits,Classification,7,2022,2,2022,1,02,15
2022-02-15,Cash Federal Tax Deposits,Direct,47,1484,14942,IV,Federal Tax Deposits,Classification,9,2022,2,2022,1,02,15
2022-02-15,Cash Federal Tax Deposits,Through Depositaries,9905,137859,1428572,IV,Federal Tax Deposits,Classification,10,2022,2,2022,1,02,15
2022-02-15,Inter-agency Transfers,null,125,7773,47209,IV,Federal Tax Deposits,Classification,12,2022,2,2022,1,02,15
2022-02-14,Withheld Income and Employment Taxes,null,20623,127216,1215467,IV,Federal Tax Deposits,Classification,1,2022,2,2022,1,02,14
2022-02-14,Individual Income Taxes,null,673,3768,104215,IV,Federal Tax Deposits,Classification,2,2022,2,2022,1,02,14
2022-02-14,Railroad Retirement Taxes,null,86,386,2432,IV,Federal Tax Deposits,Classification,3,2022,2,2022,1,02,14
2022-02-14,Excise Taxes,null,1875,3154,29289,IV,Federal Tax Deposits,Classification,4,2022,2,2022,1,02,14
2022-02-14,Corporation Income Taxes,null,1172,2339,125256,IV,Federal Tax Deposits,Classification,5,2022,2,2022,1,02,14
2022-02-14,Federal Unemployment Taxes,null,4,86,2174,IV,Federal Tax Deposits,Classification,6,2022,2,2022,1,02,14
2022-02-14,Estate and Gift Taxes & Misc IRS Rcpts.,null,3,91,1813,IV,Federal Tax Deposits,Classification,7,2022,2,2022,1,02,14
2022-02-14,Cash Federal Tax Deposits,Direct,521,1437,14894,IV,Federal Tax Deposits,Classification,9,2022,2,2022,1,02,14
2022-02-14,Cash Federal Tax Deposits,Through Depositaries,23161,127954,1418667,IV,Federal Tax Deposits,Classification,10,2022,2,2022,1,02,14
2022-02-14,Inter-agency Transfers,null,753,7648,47084,IV,Federal Tax Deposits,Classification,12,2022,2,2022,1,02,14
2022-02-11,Withheld Income and Employment Taxes,null,8407,106593,1194844,IV,Federal Tax Deposits,Classification,1,2022,2,2022,1,02,11
2022-02-11,Individual Income Taxes,null,767,3095,103542,IV,Federal Tax Deposits,Classification,2,2022,2,2022,1,02,11
2022-02-11,Railroad Retirement Taxes,null,58,300,2346,IV,Federal Tax Deposits,Classification,3,2022,2,2022,1,02,11
2022-02-11,Excise Taxes,null,574,1279,27414,IV,Federal Tax Deposits,Classification,4,2022,2,2022,1,02,11
2022-02-11,Corporation Income Taxes,null,311,1167,124085,IV,Federal Tax Deposits,Classification,5,2022,2,2022,1,02,11
2022-02-11,Federal Unemployment Taxes,null,5,81,2170,IV,Federal Tax Deposits,Classification,6,2022,2,2022,1,02,11
2022-02-11,Estate and Gift Taxes & Misc IRS Rcpts.,null,2,88,1810,IV,Federal Tax Deposits,Classification,7,2022,2,2022,1,02,11
2022-02-11,Cash Federal Tax Deposits,Direct,155,915,14373,IV,Federal Tax Deposits,Classification,9,2022,2,2022,1,02,11
2022-02-11,Cash Federal Tax Deposits,Through Depositaries,9896,104793,1395507,IV,Federal Tax Deposits,Classification,10,2022,2,2022,1,02,11
2022-02-11,Inter-agency Transfers,null,72,6895,46331,IV,Federal Tax Deposits,Classification,12,2022,2,2022,1,02,11
2022-02-10,Withheld Income and Employment Taxes,null,3253,98186,1186437,IV,Federal Tax Deposits,Classification,1,2022,2,2022,1,02,10
2022-02-10,Individual Income Taxes,null,423,2329,102775,IV,Federal Tax Deposits,Classification,2,2022,2,2022,1,02,10
2022-02-10,Railroad Retirement Taxes,null,36,242,2288,IV,Federal Tax Deposits,Classification,3,2022,2,2022,1,02,10
2022-02-10,Excise Taxes,null,399,705,26840,IV,Federal Tax Deposits,Classification,4,2022,2,2022,1,02,10
2022-02-10,Corporation Income Taxes,null,385,856,123774,IV,Federal Tax Deposits,Classification,5,2022,2,2022,1,02,10
2022-02-10,Federal Unemployment Taxes,null,7,77,2165,IV,Federal Tax Deposits,Classification,6,2022,2,2022,1,02,10
2022-02-10,Estate and Gift Taxes & Misc IRS Rcpts.,null,14,86,1808,IV,Federal Tax Deposits,Classification,7,2022,2,2022,1,02,10
2022-02-10,Cash Federal Tax Deposits,Direct,154,760,14218,IV,Federal Tax Deposits,Classification,9,2022,2,2022,1,02,10
2022-02-10,Cash Federal Tax Deposits,Through Depositaries,4106,94898,1385611,IV,Federal Tax Deposits,Classification,10,2022,2,2022,1,02,10
2022-02-10,Inter-agency Transfers,null,257,6823,46259,IV,Federal Tax Deposits,Classification,12,2022,2,2022,1,02,10
2022-02-09,Withheld Income and Employment Taxes,null,10543,94933,1183185,IV,Federal Tax Deposits,Classification,1,2022,2,2022,1,02,09
2022-02-09,Individual Income Taxes,null,182,1906,102352,IV,Federal Tax Deposits,Classification,2,2022,2,2022,1,02,09
2022-02-09,Railroad Retirement Taxes,null,6,206,2252,IV,Federal Tax Deposits,Classification,3,2022,2,2022,1,02,09
2022-02-09,Excise Taxes,null,114,306,26441,IV,Federal Tax Deposits,Classification,4,2022,2,2022,1,02,09
2022-02-09,Corporation Income Taxes,null,65,471,123389,IV,Federal Tax Deposits,Classification,5,2022,2,2022,1,02,09
2022-02-09,Federal Unemployment Taxes,null,10,70,2158,IV,Federal Tax Deposits,Classification,6,2022,2,2022,1,02,09
2022-02-09,Estate and Gift Taxes & Misc IRS Rcpts.,null,2,72,1794,IV,Federal Tax Deposits,Classification,7,2022,2,2022,1,02,09
2022-02-09,Cash Federal Tax Deposits,Direct,139,606,14064,IV,Federal Tax Deposits,Classification,9,2022,2,2022,1,02,09
2022-02-09,Cash Federal Tax Deposits,Through Depositaries,9720,90791,1381504,IV,Federal Tax Deposits,Classification,10,2022,2,2022,1,02,09
2022-02-09,Inter-agency Transfers,null,1062,6566,46002,IV,Federal Tax Deposits,Classification,12,2022,2,2022,1,02,09
2022-02-08,Withheld Income and Employment Taxes,null,3552,84391,1172642,IV,Federal Tax Deposits,Classification,1,2022,2,2022,1,02,08
2022-02-08,Individual Income Taxes,null,281,1724,102171,IV,Federal Tax Deposits,Classification,2,2022,2,2022,1,02,08
2022-02-08,Railroad Retirement Taxes,null,2,200,2246,IV,Federal Tax Deposits,Classification,3,2022,2,2022,1,02,08
2022-02-08,Excise Taxes,null,64,192,26327,IV,Federal Tax Deposits,Classification,4,2022,2,2022,1,02,08
2022-02-08,Corporation Income Taxes,null,64,406,123324,IV,Federal Tax Deposits,Classification,5,2022,2,2022,1,02,08
2022-02-08,Federal Unemployment Taxes,null,7,59,2148,IV,Federal Tax Deposits,Classification,6,2022,2,2022,1,02,08
2022-02-08,Estate and Gift Taxes & Misc IRS Rcpts.,null,14,70,1792,IV,Federal Tax Deposits,Classification,7,2022,2,2022,1,02,08
2022-02-08,Cash Federal Tax Deposits,Direct,86,467,13925,IV,Federal Tax Deposits,Classification,9,2022,2,2022,1,02,08
2022-02-08,Cash Federal Tax Deposits,Through Depositaries,3883,81072,1371785,IV,Federal Tax Deposits,Classification,10,2022,2,2022,1,02,08
2022-02-08,Inter-agency Transfers,null,15,5504,44940,IV,Federal Tax Deposits,Classification,12,2022,2,2022,1,02,08
2022-02-07,Withheld Income and Employment Taxes,null,23903,80839,1169090,IV,Federal Tax Deposits,Classification,1,2022,2,2022,1,02,07
2022-02-07,Individual Income Taxes,null,345,1443,101890,IV,Federal Tax Deposits,Classification,2,2022,2,2022,1,02,07
2022-02-07,Railroad Retirement Taxes,null,84,198,2244,IV,Federal Tax Deposits,Classification,3,2022,2,2022,1,02,07
2022-02-07,Excise Taxes,null,14,128,26264,IV,Federal Tax Deposits,Classification,4,2022,2,2022,1,02,07
2022-02-07,Corporation Income Taxes,null,68,342,123260,IV,Federal Tax Deposits,Classification,5,2022,2,2022,1,02,07
2022-02-07,Federal Unemployment Taxes,null,5,52,2141,IV,Federal Tax Deposits,Classification,6,2022,2,2022,1,02,07
2022-02-07,Estate and Gift Taxes & Misc IRS Rcpts.,null,33,56,1778,IV,Federal Tax Deposits,Classification,7,2022,2,2022,1,02,07
2022-02-07,Cash Federal Tax Deposits,Direct,41,381,13839,IV,Federal Tax Deposits,Classification,9,2022,2,2022,1,02,07
2022-02-07,Cash Federal Tax Deposits,Through Depositaries,23705,77189,1367902,IV,Federal Tax Deposits,Classification,10,2022,2,2022,1,02,07
2022-02-07,Inter-agency Transfers,null,707,5489,44925,IV,Federal Tax Deposits,Classification,12,2022,2,2022,1,02,07
2022-02-04,Withheld Income and Employment Taxes,null,13019,56936,1145187,IV,Federal Tax Deposits,Classification,1,2022,2,2022,1,02,04
2022-02-04,Individual Income Taxes,null,236,1098,101545,IV,Federal Tax Deposits,Classification,2,2022,2,2022,1,02,04
2022-02-04,Railroad Retirement Taxes,null,17,114,2160,IV,Federal Tax Deposits,Classification,3,2022,2,2022,1,02,04
2022-02-04,Excise Taxes,null,21,114,26249,IV,Federal Tax Deposits,Classification,4,2022,2,2022,1,02,04
2022-02-04,Corporation Income Taxes,null,95,274,123192,IV,Federal Tax Deposits,Classification,5,2022,2,2022,1,02,04
2022-02-04,Federal Unemployment Taxes,null,9,47,2136,IV,Federal Tax Deposits,Classification,6,2022,2,2022,1,02,04
2022-02-04,Estate and Gift Taxes & Misc IRS Rcpts.,null,5,22,1744,IV,Federal Tax Deposits,Classification,7,2022,2,2022,1,02,04
2022-02-04,Cash Federal Tax Deposits,Direct,62,340,13798,IV,Federal Tax Deposits,Classification,9,2022,2,2022,1,02,04
2022-02-04,Cash Federal Tax Deposits,Through Depositaries,11924,53484,1344197,IV,Federal Tax Deposits,Classification,10,2022,2,2022,1,02,04
2022-02-04,Inter-agency Transfers,null,1415,4782,44218,IV,Federal Tax Deposits,Classification,12,2022,2,2022,1,02,04
2022-02-03,Withheld Income and Employment Taxes,null,5655,43916,1132167,IV,Federal Tax Deposits,Classification,1,2022,2,2022,1,02,03
2022-02-03,Individual Income Taxes,null,216,863,101309,IV,Federal Tax Deposits,Classification,2,2022,2,2022,1,02,03
2022-02-03,Railroad Retirement Taxes,null,2,96,2142,IV,Federal Tax Deposits,Classification,3,2022,2,2022,1,02,03
2022-02-03,Excise Taxes,null,26,93,26228,IV,Federal Tax Deposits,Classification,4,2022,2,2022,1,02,03
2022-02-03,Corporation Income Taxes,null,35,178,123096,IV,Federal Tax Deposits,Classification,5,2022,2,2022,1,02,03
2022-02-03,Federal Unemployment Taxes,null,8,39,2127,IV,Federal Tax Deposits,Classification,6,2022,2,2022,1,02,03
2022-02-03,Estate and Gift Taxes & Misc IRS Rcpts.,null,5,17,1739,IV,Federal Tax Deposits,Classification,7,2022,2,2022,1,02,03
2022-02-03,Cash Federal Tax Deposits,Direct,103,277,13735,IV,Federal Tax Deposits,Classification,9,2022,2,2022,1,02,03
2022-02-03,Cash Federal Tax Deposits,Through Depositaries,3902,41559,1332272,IV,Federal Tax Deposits,Classification,10,2022,2,2022,1,02,03
2022-02-03,Inter-agency Transfers,null,1940,3367,42803,IV,Federal Tax Deposits,Classification,12,2022,2,2022,1,02,03
2022-02-02,Inter-agency Transfers,null,475,1426,40862,IV,Federal Tax Deposits,Classification,12,2022,2,2022,1,02,02
2022-02-02,Withheld Income and Employment Taxes,null,13763,38261,1126512,IV,Federal Tax Deposits,Classification,1,2022,2,2022,1,02,02
2022-02-02,Individual Income Taxes,null,255,647,101093,IV,Federal Tax Deposits,Classification,2,2022,2,2022,1,02,02
2022-02-02,Railroad Retirement Taxes,null,20,95,2141,IV,Federal Tax Deposits,Classification,3,2022,2,2022,1,02,02
2022-02-02,Excise Taxes,null,48,67,26202,IV,Federal Tax Deposits,Classification,4,2022,2,2022,1,02,02
2022-02-02,Corporation Income Taxes,null,38,144,123061,IV,Federal Tax Deposits,Classification,5,2022,2,2022,1,02,02
2022-02-02,Federal Unemployment Taxes,null,13,31,2120,IV,Federal Tax Deposits,Classification,6,2022,2,2022,1,02,02
2022-02-02,Estate and Gift Taxes & Misc IRS Rcpts.,null,6,12,1734,IV,Federal Tax Deposits,Classification,7,2022,2,2022,1,02,02
2022-02-02,Cash Federal Tax Deposits,Direct,106,174,13632,IV,Federal Tax Deposits,Classification,9,2022,2,2022,1,02,02
2022-02-02,Cash Federal Tax Deposits,Through Depositaries,13561,37657,1328370,IV,Federal Tax Deposits,Classification,10,2022,2,2022,1,02,02
2022-02-01,Withheld Income and Employment Taxes,null,24498,24498,1112749,IV,Federal Tax Deposits,Classification,1,2022,2,2022,1,02,01
2022-02-01,Individual Income Taxes,null,392,392,100839,IV,Federal Tax Deposits,Classification,2,2022,2,2022,1,02,01
2022-02-01,Railroad Retirement Taxes,null,75,75,2121,IV,Federal Tax Deposits,Classification,3,2022,2,2022,1,02,01
2022-02-01,Excise Taxes,null,19,19,26154,IV,Federal Tax Deposits,Classification,4,2022,2,2022,1,02,01
2022-02-01,Corporation Income Taxes,null,106,106,123024,IV,Federal Tax Deposits,Classification,5,2022,2,2022,1,02,01
2022-02-01,Federal Unemployment Taxes,null,18,18,2107,IV,Federal Tax Deposits,Classification,6,2022,2,2022,1,02,01
2022-02-01,Estate and Gift Taxes & Misc IRS Rcpts.,null,7,7,1729,IV,Federal Tax Deposits,Classification,7,2022,2,2022,1,02,01
2022-02-01,Cash Federal Tax Deposits,Direct,68,68,13526,IV,Federal Tax Deposits,Classification,9,2022,2,2022,1,02,01
2022-02-01,Cash Federal Tax Deposits,Through Depositaries,24096,24096,1314809,IV,Federal Tax Deposits,Classification,10,2022,2,2022,1,02,01
2022-02-01,Inter-agency Transfers,null,951,951,40387,IV,Federal Tax Deposits,Classification,12,2022,2,2022,1,02,01
2022-01-31,Withheld Income and Employment Taxes,null,23812,273162,1088251,IV,Federal Tax Deposits,Classification,1,2022,2,2022,1,01,31
2022-01-31,Individual Income Taxes,null,469,64296,100447,IV,Federal Tax Deposits,Classification,2,2022,2,2022,1,01,31
2022-01-31,Railroad Retirement Taxes,null,52,536,2046,IV,Federal Tax Deposits,Classification,3,2022,2,2022,1,01,31
2022-01-31,Excise Taxes,null,296,6494,26135,IV,Federal Tax Deposits,Classification,4,2022,2,2022,1,01,31
2022-01-31,Corporation Income Taxes,null,217,13058,122918,IV,Federal Tax Deposits,Classification,5,2022,2,2022,1,01,31
2022-01-31,Federal Unemployment Taxes,null,895,1285,2088,IV,Federal Tax Deposits,Classification,6,2022,2,2022,1,01,31
2022-01-31,Estate and Gift Taxes & Misc IRS Rcpts.,null,1,115,1722,IV,Federal Tax Deposits,Classification,7,2022,2,2022,1,01,31
2022-01-31,Cash Federal Tax Deposits,Direct,111,3824,13458,IV,Federal Tax Deposits,Classification,9,2022,2,2022,1,01,31
2022-01-31,Cash Federal Tax Deposits,Through Depositaries,25247,345777,1290713,IV,Federal Tax Deposits,Classification,10,2022,2,2022,1,01,31
2022-01-31,Inter-agency Transfers,null,385,9343,39436,IV,Federal Tax Deposits,Classification,12,2022,2,2022,1,01,31
2022-01-28,Withheld Income and Employment Taxes,null,7604,249350,1064439,IV,Federal Tax Deposits,Classification,1,2022,2,2022,1,01,28
2022-01-28,Individual Income Taxes,null,586,63826,99977,IV,Federal Tax Deposits,Classification,2,2022,2,2022,1,01,28
2022-01-28,Railroad Retirement Taxes,null,23,484,1994,IV,Federal Tax Deposits,Classification,3,2022,2,2022,1,01,28
2022-01-28,Excise Taxes,null,1856,6197,25839,IV,Federal Tax Deposits,Classification,4,2022,2,2022,1,01,28
2022-01-28,Corporation Income Taxes,null,212,12841,122701,IV,Federal Tax Deposits,Classification,5,2022,2,2022,1,01,28
2022-01-28,Federal Unemployment Taxes,null,62,390,1194,IV,Federal Tax Deposits,Classification,6,2022,2,2022,1,01,28
2022-01-28,Estate and Gift Taxes & Misc IRS Rcpts.,null,3,113,1721,IV,Federal Tax Deposits,Classification,7,2022,2,2022,1,01,28
2022-01-28,Cash Federal Tax Deposits,Direct,555,3714,13347,IV,Federal Tax Deposits,Classification,9,2022,2,2022,1,01,28
2022-01-28,Cash Federal Tax Deposits,Through Depositaries,9746,320530,1265466,IV,Federal Tax Deposits,Classification,10,2022,2,2022,1,01,28
2022-01-28,Inter-agency Transfers,null,43,8958,39051,IV,Federal Tax Deposits,Classification,12,2022,2,2022,1,01,28
2022-01-27,Withheld Income and Employment Taxes,null,3642,241746,1056835,IV,Federal Tax Deposits,Classification,1,2022,2,2022,1,01,27
2022-01-27,Individual Income Taxes,null,283,63241,99391,IV,Federal Tax Deposits,Classification,2,2022,2,2022,1,01,27
2022-01-27,Railroad Retirement Taxes,null,3,462,1972,IV,Federal Tax Deposits,Classification,3,2022,2,2022,1,01,27
2022-01-27,Excise Taxes,null,482,4342,23983,IV,Federal Tax Deposits,Classification,4,2022,2,2022,1,01,27
2022-01-27,Corporation Income Taxes,null,52,12629,122488,IV,Federal Tax Deposits,Classification,5,2022,2,2022,1,01,27
2022-01-27,Federal Unemployment Taxes,null,29,328,1132,IV,Federal Tax Deposits,Classification,6,2022,2,2022,1,01,27
2022-01-27,Estate and Gift Taxes & Misc IRS Rcpts.,null,2,110,1717,IV,Federal Tax Deposits,Classification,7,2022,2,2022,1,01,27
2022-01-27,Cash Federal Tax Deposits,Direct,154,3158,12792,IV,Federal Tax Deposits,Classification,9,2022,2,2022,1,01,27
2022-01-27,Cash Federal Tax Deposits,Through Depositaries,4047,310783,1255720,IV,Federal Tax Deposits,Classification,10,2022,2,2022,1,01,27
2022-01-27,Inter-agency Transfers,null,291,8915,39008,IV,Federal Tax Deposits,Classification,12,2022,2,2022,1,01,27
2022-01-26,Withheld Income and Employment Taxes,null,13545,238104,1053193,IV,Federal Tax Deposits,Classification,1,2022,2,2022,1,01,26
2022-01-26,Individual Income Taxes,null,310,62958,99109,IV,Federal Tax Deposits,Classification,2,2022,2,2022,1,01,26
2022-01-26,Railroad Retirement Taxes,null,39,459,1969,IV,Federal Tax Deposits,Classification,3,2022,2,2022,1,01,26
2022-01-26,Excise Taxes,null,351,3859,23501,IV,Federal Tax Deposits,Classification,4,2022,2,2022,1,01,26
2022-01-26,Corporation Income Taxes,null,61,12577,122437,IV,Federal Tax Deposits,Classification,5,2022,2,2022,1,01,26
2022-01-26,Federal Unemployment Taxes,null,22,299,1103,IV,Federal Tax Deposits,Classification,6,2022,2,2022,1,01,26
2022-01-26,Estate and Gift Taxes & Misc IRS Rcpts.,null,4,108,1715,IV,Federal Tax Deposits,Classification,7,2022,2,2022,1,01,26
2022-01-26,Cash Federal Tax Deposits,Direct,95,3004,12638,IV,Federal Tax Deposits,Classification,9,2022,2,2022,1,01,26
2022-01-26,Cash Federal Tax Deposits,Through Depositaries,14225,306736,1251673,IV,Federal Tax Deposits,Classification,10,2022,2,2022,1,01,26
2022-01-26,Inter-agency Transfers,null,13,8624,38717,IV,Federal Tax Deposits,Classification,12,2022,2,2022,1,01,26
2022-01-25,Withheld Income and Employment Taxes,null,2543,224558,1039647,IV,Federal Tax Deposits,Classification,1,2022,2,2022,1,01,25
2022-01-25,Individual Income Taxes,null,336,62648,98799,IV,Federal Tax Deposits,Classification,2,2022,2,2022,1,01,25
2022-01-25,Railroad Retirement Taxes,null,33,420,1930,IV,Federal Tax Deposits,Classification,3,2022,2,2022,1,01,25
2022-01-25,Excise Taxes,null,70,3508,23150,IV,Federal Tax Deposits,Classification,4,2022,2,2022,1,01,25
2022-01-25,Corporation Income Taxes,null,45,12516,122375,IV,Federal Tax Deposits,Classification,5,2022,2,2022,1,01,25
2022-01-25,Federal Unemployment Taxes,null,17,277,1081,IV,Federal Tax Deposits,Classification,6,2022,2,2022,1,01,25
2022-01-25,Estate and Gift Taxes & Misc IRS Rcpts.,null,2,104,1711,IV,Federal Tax Deposits,Classification,7,2022,2,2022,1,01,25
2022-01-25,Cash Federal Tax Deposits,Direct,37,2909,12542,IV,Federal Tax Deposits,Classification,9,2022,2,2022,1,01,25
2022-01-25,Cash Federal Tax Deposits,Through Depositaries,2713,292511,1237447,IV,Federal Tax Deposits,Classification,10,2022,2,2022,1,01,25
2022-01-25,Inter-agency Transfers,null,298,8611,38704,IV,Federal Tax Deposits,Classification,12,2022,2,2022,1,01,25
2022-01-24,Withheld Income and Employment Taxes,null,23793,222015,1037104,IV,Federal Tax Deposits,Classification,1,2022,2,2022,1,01,24
2022-01-24,Individual Income Taxes,null,898,62312,98463,IV,Federal Tax Deposits,Classification,2,2022,2,2022,1,01,24
2022-01-24,Railroad Retirement Taxes,null,45,386,1896,IV,Federal Tax Deposits,Classification,3,2022,2,2022,1,01,24
2022-01-24,Excise Taxes,null,71,3438,23079,IV,Federal Tax Deposits,Classification,4,2022,2,2022,1,01,24
2022-01-24,Corporation Income Taxes,null,66,12471,122330,IV,Federal Tax Deposits,Classification,5,2022,2,2022,1,01,24
2022-01-24,Federal Unemployment Taxes,null,15,260,1064,IV,Federal Tax Deposits,Classification,6,2022,2,2022,1,01,24
2022-01-24,Estate and Gift Taxes & Misc IRS Rcpts.,null,2,102,1709,IV,Federal Tax Deposits,Classification,7,2022,2,2022,1,01,24
2022-01-24,Cash Federal Tax Deposits,Direct,62,2871,12505,IV,Federal Tax Deposits,Classification,9,2022,2,2022,1,01,24
2022-01-24,Cash Federal Tax Deposits,Through Depositaries,24069,289798,1234734,IV,Federal Tax Deposits,Classification,10,2022,2,2022,1,01,24
2022-01-24,Inter-agency Transfers,null,759,8313,38406,IV,Federal Tax Deposits,Classification,12,2022,2,2022,1,01,24
2022-01-21,Withheld Income and Employment Taxes,null,10167,198222,1013312,IV,Federal Tax Deposits,Classification,1,2022,2,2022,1,01,21
2022-01-21,Individual Income Taxes,null,518,61413,97564,IV,Federal Tax Deposits,Classification,2,2022,2,2022,1,01,21
2022-01-21,Railroad Retirement Taxes,null,22,341,1851,IV,Federal Tax Deposits,Classification,3,2022,2,2022,1,01,21
2022-01-21,Excise Taxes,null,52,3367,23009,IV,Federal Tax Deposits,Classification,4,2022,2,2022,1,01,21
2022-01-21,Corporation Income Taxes,null,74,12404,122264,IV,Federal Tax Deposits,Classification,5,2022,2,2022,1,01,21
2022-01-21,Federal Unemployment Taxes,null,17,245,1049,IV,Federal Tax Deposits,Classification,6,2022,2,2022,1,01,21
2022-01-21,Estate and Gift Taxes & Misc IRS Rcpts.,null,1,100,1708,IV,Federal Tax Deposits,Classification,7,2022,2,2022,1,01,21
2022-01-21,Cash Federal Tax Deposits,Direct,48,2809,12443,IV,Federal Tax Deposits,Classification,9,2022,2,2022,1,01,21
2022-01-21,Cash Federal Tax Deposits,Through Depositaries,9729,265729,1210666,IV,Federal Tax Deposits,Classification,10,2022,2,2022,1,01,21
2022-01-21,Inter-agency Transfers,null,1074,7554,37647,IV,Federal Tax Deposits,Classification,12,2022,2,2022,1,01,21
2022-01-20,Withheld Income and Employment Taxes,null,10055,188056,1003145,IV,Federal Tax Deposits,Classification,1,2022,2,2022,1,01,20
2022-01-20,Individual Income Taxes,null,1326,60895,97046,IV,Federal Tax Deposits,Classification,2,2022,2,2022,1,01,20
2022-01-20,Railroad Retirement Taxes,null,3,319,1829,IV,Federal Tax Deposits,Classification,3,2022,2,2022,1,01,20
2022-01-20,Excise Taxes,null,18,3315,22957,IV,Federal Tax Deposits,Classification,4,2022,2,2022,1,01,20
2022-01-20,Corporation Income Taxes,null,113,12331,122190,IV,Federal Tax Deposits,Classification,5,2022,2,2022,1,01,20
2022-01-20,Federal Unemployment Taxes,null,13,227,1031,IV,Federal Tax Deposits,Classification,6,2022,2,2022,1,01,20
2022-01-20,Estate and Gift Taxes & Misc IRS Rcpts.,null,3,100,1707,IV,Federal Tax Deposits,Classification,7,2022,2,2022,1,01,20
2022-01-20,Cash Federal Tax Deposits,Direct,67,2761,12395,IV,Federal Tax Deposits,Classification,9,2022,2,2022,1,01,20
2022-01-20,Cash Federal Tax Deposits,Through Depositaries,11428,256001,1200937,IV,Federal Tax Deposits,Classification,10,2022,2,2022,1,01,20
2022-01-20,Inter-agency Transfers,null,37,6481,36573,IV,Federal Tax Deposits,Classification,12,2022,2,2022,1,01,20
2022-01-19,Withheld Income and Employment Taxes,null,4959,178000,993090,IV,Federal Tax Deposits,Classification,1,2022,2,2022,1,01,19
2022-01-19,Individual Income Taxes,null,7381,59569,95720,IV,Federal Tax Deposits,Classification,2,2022,2,2022,1,01,19
2022-01-19,Railroad Retirement Taxes,null,2,316,1826,IV,Federal Tax Deposits,Classification,3,2022,2,2022,1,01,19
2022-01-19,Excise Taxes,null,29,3298,22939,IV,Federal Tax Deposits,Classification,4,2022,2,2022,1,01,19
2022-01-19,Corporation Income Taxes,null,760,12217,122077,IV,Federal Tax Deposits,Classification,5,2022,2,2022,1,01,19
2022-01-19,Federal Unemployment Taxes,null,51,215,1019,IV,Federal Tax Deposits,Classification,6,2022,2,2022,1,01,19
2022-01-19,Estate and Gift Taxes & Misc IRS Rcpts.,null,1,96,1704,IV,Federal Tax Deposits,Classification,7,2022,2,2022,1,01,19
2022-01-19,Cash Federal Tax Deposits,Direct,123,2694,12328,IV,Federal Tax Deposits,Classification,9,2022,2,2022,1,01,19
2022-01-19,Cash Federal Tax Deposits,Through Depositaries,13031,244573,1189509,IV,Federal Tax Deposits,Classification,10,2022,2,2022,1,01,19
2022-01-19,Inter-agency Transfers,null,29,6444,36536,IV,Federal Tax Deposits,Classification,12,2022,2,2022,1,01,19
2022-01-18,Withheld Income and Employment Taxes,null,37686,173041,988131,IV,Federal Tax Deposits,Classification,1,2022,2,2022,1,01,18
2022-01-18,Individual Income Taxes,null,23915,52188,88339,IV,Federal Tax Deposits,Classification,2,2022,2,2022,1,01,18
2022-01-18,Railroad Retirement Taxes,null,37,313,1823,IV,Federal Tax Deposits,Classification,3,2022,2,2022,1,01,18
2022-01-18,Excise Taxes,null,105,3268,22910,IV,Federal Tax Deposits,Classification,4,2022,2,2022,1,01,18
2022-01-18,Corporation Income Taxes,null,5198,11458,121317,IV,Federal Tax Deposits,Classification,5,2022,2,2022,1,01,18
2022-01-18,Federal Unemployment Taxes,null,25,164,968,IV,Federal Tax Deposits,Classification,6,2022,2,2022,1,01,18
2022-01-18,Estate and Gift Taxes & Misc IRS Rcpts.,null,1,96,1703,IV,Federal Tax Deposits,Classification,7,2022,2,2022,1,01,18
2022-01-18,Cash Federal Tax Deposits,Direct,35,2571,12205,IV,Federal Tax Deposits,Classification,9,2022,2,2022,1,01,18
2022-01-18,Cash Federal Tax Deposits,Through Depositaries,66208,231542,1176479,IV,Federal Tax Deposits,Classification,10,2022,2,2022,1,01,18
2022-01-18,Inter-agency Transfers,null,723,6414,36507,IV,Federal Tax Deposits,Classification,12,2022,2,2022,1,01,18
2022-01-14,Inter-agency Transfers,null,25,5692,35784,IV,Federal Tax Deposits,Classification,12,2022,2,2022,1,01,14
2022-01-14,Withheld Income and Employment Taxes,null,10214,135356,950445,IV,Federal Tax Deposits,Classification,1,2022,2,2022,1,01,14
2022-01-14,Individual Income Taxes,null,10071,28273,64424,IV,Federal Tax Deposits,Classification,2,2022,2,2022,1,01,14
2022-01-14,Railroad Retirement Taxes,null,32,276,1786,IV,Federal Tax Deposits,Classification,3,2022,2,2022,1,01,14
2022-01-14,Excise Taxes,null,1984,3163,22805,IV,Federal Tax Deposits,Classification,4,2022,2,2022,1,01,14
2022-01-14,Corporation Income Taxes,null,3036,6259,116119,IV,Federal Tax Deposits,Classification,5,2022,2,2022,1,01,14
2022-01-14,Federal Unemployment Taxes,null,30,138,942,IV,Federal Tax Deposits,Classification,6,2022,2,2022,1,01,14
2022-01-14,Estate and Gift Taxes & Misc IRS Rcpts.,null,7,95,1702,IV,Federal Tax Deposits,Classification,7,2022,2,2022,1,01,14
2022-01-14,Cash Federal Tax Deposits,Direct,575,2536,12170,IV,Federal Tax Deposits,Classification,9,2022,2,2022,1,01,14
2022-01-14,Cash Federal Tax Deposits,Through Depositaries,24772,165334,1110270,IV,Federal Tax Deposits,Classification,10,2022,2,2022,1,01,14
2022-01-13,Withheld Income and Employment Taxes,null,3316,125142,940231,IV,Federal Tax Deposits,Classification,1,2022,2,2022,1,01,13
2022-01-13,Individual Income Taxes,null,4121,18203,54353,IV,Federal Tax Deposits,Classification,2,2022,2,2022,1,01,13
2022-01-13,Railroad Retirement Taxes,null,4,244,1755,IV,Federal Tax Deposits,Classification,3,2022,2,2022,1,01,13
2022-01-13,Excise Taxes,null,549,1180,20821,IV,Federal Tax Deposits,Classification,4,2022,2,2022,1,01,13
2022-01-13,Corporation Income Taxes,null,706,3223,113082,IV,Federal Tax Deposits,Classification,5,2022,2,2022,1,01,13
2022-01-13,Federal Unemployment Taxes,null,10,109,913,IV,Federal Tax Deposits,Classification,6,2022,2,2022,1,01,13
2022-01-13,Estate and Gift Taxes & Misc IRS Rcpts.,null,21,88,1696,IV,Federal Tax Deposits,Classification,7,2022,2,2022,1,01,13
2022-01-13,Cash Federal Tax Deposits,Direct,180,1960,11594,IV,Federal Tax Deposits,Classification,9,2022,2,2022,1,01,13
2022-01-13,Cash Federal Tax Deposits,Through Depositaries,8062,140562,1085498,IV,Federal Tax Deposits,Classification,10,2022,2,2022,1,01,13
2022-01-13,Inter-agency Transfers,null,485,5666,35759,IV,Federal Tax Deposits,Classification,12,2022,2,2022,1,01,13
2022-01-12,Withheld Income and Employment Taxes,null,9052,121826,936915,IV,Federal Tax Deposits,Classification,1,2022,2,2022,1,01,12
2022-01-12,Individual Income Taxes,null,3376,14082,50232,IV,Federal Tax Deposits,Classification,2,2022,2,2022,1,01,12
2022-01-12,Railroad Retirement Taxes,null,2,240,1750,IV,Federal Tax Deposits,Classification,3,2022,2,2022,1,01,12
2022-01-12,Excise Taxes,null,374,631,20272,IV,Federal Tax Deposits,Classification,4,2022,2,2022,1,01,12
2022-01-12,Corporation Income Taxes,null,601,2517,112377,IV,Federal Tax Deposits,Classification,5,2022,2,2022,1,01,12
2022-01-12,Federal Unemployment Taxes,null,46,99,903,IV,Federal Tax Deposits,Classification,6,2022,2,2022,1,01,12
2022-01-12,Estate and Gift Taxes & Misc IRS Rcpts.,null,2,67,1675,IV,Federal Tax Deposits,Classification,7,2022,2,2022,1,01,12
2022-01-12,Cash Federal Tax Deposits,Direct,102,1781,11415,IV,Federal Tax Deposits,Classification,9,2022,2,2022,1,01,12
2022-01-12,Cash Federal Tax Deposits,Through Depositaries,13269,132500,1077436,IV,Federal Tax Deposits,Classification,10,2022,2,2022,1,01,12
2022-01-12,Inter-agency Transfers,null,82,5181,35274,IV,Federal Tax Deposits,Classification,12,2022,2,2022,1,01,12
2022-01-11,Withheld Income and Employment Taxes,null,3989,112774,927863,IV,Federal Tax Deposits,Classification,1,2022,2,2022,1,01,11
2022-01-11,Individual Income Taxes,null,2746,10705,46856,IV,Federal Tax Deposits,Classification,2,2022,2,2022,1,01,11
2022-01-11,Railroad Retirement Taxes,null,44,238,1748,IV,Federal Tax Deposits,Classification,3,2022,2,2022,1,01,11
2022-01-11,Excise Taxes,null,73,257,19899,IV,Federal Tax Deposits,Classification,4,2022,2,2022,1,01,11
2022-01-11,Corporation Income Taxes,null,362,1916,111776,IV,Federal Tax Deposits,Classification,5,2022,2,2022,1,01,11
2022-01-11,Federal Unemployment Taxes,null,9,53,857,IV,Federal Tax Deposits,Classification,6,2022,2,2022,1,01,11
2022-01-11,Estate and Gift Taxes & Misc IRS Rcpts.,null,42,65,1672,IV,Federal Tax Deposits,Classification,7,2022,2,2022,1,01,11
2022-01-11,Cash Federal Tax Deposits,Direct,170,1678,11312,IV,Federal Tax Deposits,Classification,9,2022,2,2022,1,01,11
2022-01-11,Cash Federal Tax Deposits,Through Depositaries,6954,119230,1064167,IV,Federal Tax Deposits,Classification,10,2022,2,2022,1,01,11
2022-01-11,Inter-agency Transfers,null,141,5099,35191,IV,Federal Tax Deposits,Classification,12,2022,2,2022,1,01,11
2022-01-10,Withheld Income and Employment Taxes,null,22447,108785,923874,IV,Federal Tax Deposits,Classification,1,2022,2,2022,1,01,10
2022-01-10,Individual Income Taxes,null,2659,7959,44110,IV,Federal Tax Deposits,Classification,2,2022,2,2022,1,01,10
2022-01-10,Railroad Retirement Taxes,null,79,193,1704,IV,Federal Tax Deposits,Classification,3,2022,2,2022,1,01,10
2022-01-10,Excise Taxes,null,73,184,19826,IV,Federal Tax Deposits,Classification,4,2022,2,2022,1,01,10
2022-01-10,Corporation Income Taxes,null,162,1554,111414,IV,Federal Tax Deposits,Classification,5,2022,2,2022,1,01,10
2022-01-10,Federal Unemployment Taxes,null,13,44,848,IV,Federal Tax Deposits,Classification,6,2022,2,2022,1,01,10
2022-01-10,Estate and Gift Taxes & Misc IRS Rcpts.,null,2,23,1630,IV,Federal Tax Deposits,Classification,7,2022,2,2022,1,01,10
2022-01-10,Cash Federal Tax Deposits,Direct,248,1508,11142,IV,Federal Tax Deposits,Classification,9,2022,2,2022,1,01,10
2022-01-10,Cash Federal Tax Deposits,Through Depositaries,24344,112277,1057213,IV,Federal Tax Deposits,Classification,10,2022,2,2022,1,01,10
2022-01-10,Inter-agency Transfers,null,842,4957,35050,IV,Federal Tax Deposits,Classification,12,2022,2,2022,1,01,10
2022-01-07,Withheld Income and Employment Taxes,null,9201,86338,901427,IV,Federal Tax Deposits,Classification,1,2022,2,2022,1,01,07
2022-01-07,Individual Income Taxes,null,1303,5301,41451,IV,Federal Tax Deposits,Classification,2,2022,2,2022,1,01,07
2022-01-07,Railroad Retirement Taxes,null,18,114,1624,IV,Federal Tax Deposits,Classification,3,2022,2,2022,1,01,07
2022-01-07,Excise Taxes,null,48,111,19752,IV,Federal Tax Deposits,Classification,4,2022,2,2022,1,01,07
2022-01-07,Corporation Income Taxes,null,668,1392,111252,IV,Federal Tax Deposits,Classification,5,2022,2,2022,1,01,07
2022-01-07,Federal Unemployment Taxes,null,9,31,835,IV,Federal Tax Deposits,Classification,6,2022,2,2022,1,01,07
2022-01-07,Estate and Gift Taxes & Misc IRS Rcpts.,null,5,21,1629,IV,Federal Tax Deposits,Classification,7,2022,2,2022,1,01,07
2022-01-07,Cash Federal Tax Deposits,Direct,212,1260,10894,IV,Federal Tax Deposits,Classification,9,2022,2,2022,1,01,07
2022-01-07,Cash Federal Tax Deposits,Through Depositaries,10094,87932,1032869,IV,Federal Tax Deposits,Classification,10,2022,2,2022,1,01,07
2022-01-07,Inter-agency Transfers,null,945,4115,34208,IV,Federal Tax Deposits,Classification,12,2022,2,2022,1,01,07
2022-01-06,Withheld Income and Employment Taxes,null,4487,77137,892226,IV,Federal Tax Deposits,Classification,1,2022,2,2022,1,01,06
2022-01-06,Individual Income Taxes,null,936,3998,40149,IV,Federal Tax Deposits,Classification,2,2022,2,2022,1,01,06
2022-01-06,Railroad Retirement Taxes,null,9,96,1606,IV,Federal Tax Deposits,Classification,3,2022,2,2022,1,01,06
2022-01-06,Excise Taxes,null,19,63,19705,IV,Federal Tax Deposits,Classification,4,2022,2,2022,1,01,06
2022-01-06,Corporation Income Taxes,null,126,725,110584,IV,Federal Tax Deposits,Classification,5,2022,2,2022,1,01,06
2022-01-06,Federal Unemployment Taxes,null,6,22,826,IV,Federal Tax Deposits,Classification,6,2022,2,2022,1,01,06
2022-01-06,Estate and Gift Taxes & Misc IRS Rcpts.,null,5,16,1623,IV,Federal Tax Deposits,Classification,7,2022,2,2022,1,01,06
2022-01-06,Cash Federal Tax Deposits,Direct,262,1048,10682,IV,Federal Tax Deposits,Classification,9,2022,2,2022,1,01,06
2022-01-06,Cash Federal Tax Deposits,Through Depositaries,5042,77838,1022775,IV,Federal Tax Deposits,Classification,10,2022,2,2022,1,01,06
2022-01-06,Inter-agency Transfers,null,283,3170,33263,IV,Federal Tax Deposits,Classification,12,2022,2,2022,1,01,06
2022-01-05,Withheld Income and Employment Taxes,null,15187,72650,887740,IV,Federal Tax Deposits,Classification,1,2022,2,2022,1,01,05
2022-01-05,Individual Income Taxes,null,930,3062,39213,IV,Federal Tax Deposits,Classification,2,2022,2,2022,1,01,05
2022-01-05,Railroad Retirement Taxes,null,3,87,1597,IV,Federal Tax Deposits,Classification,3,2022,2,2022,1,01,05
2022-01-05,Excise Taxes,null,21,44,19686,IV,Federal Tax Deposits,Classification,4,2022,2,2022,1,01,05
2022-01-05,Corporation Income Taxes,null,102,598,110458,IV,Federal Tax Deposits,Classification,5,2022,2,2022,1,01,05
2022-01-05,Federal Unemployment Taxes,null,8,17,821,IV,Federal Tax Deposits,Classification,6,2022,2,2022,1,01,05
2022-01-05,Estate and Gift Taxes & Misc IRS Rcpts.,null,7,11,1618,IV,Federal Tax Deposits,Classification,7,2022,2,2022,1,01,05
2022-01-05,Cash Federal Tax Deposits,Direct,490,786,10420,IV,Federal Tax Deposits,Classification,9,2022,2,2022,1,01,05
2022-01-05,Cash Federal Tax Deposits,Through Depositaries,15639,72796,1017733,IV,Federal Tax Deposits,Classification,10,2022,2,2022,1,01,05
2022-01-05,Inter-agency Transfers,null,129,2887,32980,IV,Federal Tax Deposits,Classification,12,2022,2,2022,1,01,05
2022-01-04,Federal Unemployment Taxes,null,4,9,813,IV,Federal Tax Deposits,Classification,6,2022,2,2022,1,01,04
2022-01-04,Withheld Income and Employment Taxes,null,5981,57463,872553,IV,Federal Tax Deposits,Classification,1,2022,2,2022,1,01,04
2022-01-04,Individual Income Taxes,null,770,2132,38283,IV,Federal Tax Deposits,Classification,2,2022,2,2022,1,01,04
2022-01-04,Railroad Retirement Taxes,null,43,84,1595,IV,Federal Tax Deposits,Classification,3,2022,2,2022,1,01,04
2022-01-04,Excise Taxes,null,19,23,19665,IV,Federal Tax Deposits,Classification,4,2022,2,2022,1,01,04
2022-01-04,Corporation Income Taxes,null,107,496,110356,IV,Federal Tax Deposits,Classification,5,2022,2,2022,1,01,04
2022-01-04,Estate and Gift Taxes & Misc IRS Rcpts.,null,2,3,1611,IV,Federal Tax Deposits,Classification,7,2022,2,2022,1,01,04
2022-01-04,Cash Federal Tax Deposits,Direct,296,296,9930,IV,Federal Tax Deposits,Classification,9,2022,2,2022,1,01,04
2022-01-04,Cash Federal Tax Deposits,Through Depositaries,6600,57158,1002094,IV,Federal Tax Deposits,Classification,10,2022,2,2022,1,01,04
2022-01-04,Inter-agency Transfers,null,31,2758,32851,IV,Federal Tax Deposits,Classification,12,2022,2,2022,1,01,04
2022-01-03,Withheld Income and Employment Taxes,null,51482,51482,866571,IV,Federal Tax Deposits,Classification,1,2022,2,2022,1,01,03
2022-01-03,Individual Income Taxes,null,1362,1362,37513,IV,Federal Tax Deposits,Classification,2,2022,2,2022,1,01,03
2022-01-03,Railroad Retirement Taxes,null,42,42,1552,IV,Federal Tax Deposits,Classification,3,2022,2,2022,1,01,03
2022-01-03,Excise Taxes,null,4,4,19645,IV,Federal Tax Deposits,Classification,4,2022,2,2022,1,01,03
2022-01-03,Corporation Income Taxes,null,390,390,110249,IV,Federal Tax Deposits,Classification,5,2022,2,2022,1,01,03
2022-01-03,Federal Unemployment Taxes,null,5,5,809,IV,Federal Tax Deposits,Classification,6,2022,2,2022,1,01,03
2022-01-03,Estate and Gift Taxes & Misc IRS Rcpts.,null,1,1,1608,IV,Federal Tax Deposits,Classification,7,2022,2,2022,1,01,03
2022-01-03,Cash Federal Tax Deposits,Direct,0,0,9634,IV,Federal Tax Deposits,Classification,9,2022,2,2022,1,01,03
2022-01-03,Cash Federal Tax Deposits,Through Depositaries,50558,50558,995494,IV,Federal Tax Deposits,Classification,10,2022,2,2022,1,01,03
2022-01-03,Inter-agency Transfers,null,2727,2727,32820,IV,Federal Tax Deposits,Classification,12,2022,2,2022,1,01,03
2021-12-31,Withheld Income and Employment Taxes,null,17637,351099,815089,IV,Federal Tax Deposits,Classification,1,2022,1,2021,4,12,31
2021-12-31,Individual Income Taxes,null,1433,13753,36151,IV,Federal Tax Deposits,Classification,2,2022,1,2021,4,12,31
2021-12-31,Railroad Retirement Taxes,null,78,645,1510,IV,Federal Tax Deposits,Classification,3,2022,1,2021,4,12,31
2021-12-31,Excise Taxes,null,23,6973,19642,IV,Federal Tax Deposits,Classification,4,2022,1,2021,4,12,31
2021-12-31,Corporation Income Taxes,null,534,86511,109860,IV,Federal Tax Deposits,Classification,5,2022,1,2021,4,12,31
2021-12-31,Federal Unemployment Taxes,null,6,60,804,IV,Federal Tax Deposits,Classification,6,2022,1,2021,4,12,31
2021-12-31,Estate and Gift Taxes & Misc IRS Rcpts.,null,2,435,1607,IV,Federal Tax Deposits,Classification,7,2022,1,2021,4,12,31
2021-12-31,Cash Federal Tax Deposits,Direct,102,4400,9634,IV,Federal Tax Deposits,Classification,9,2022,1,2021,4,12,31
2021-12-31,Cash Federal Tax Deposits,Through Depositaries,19606,445223,944936,IV,Federal Tax Deposits,Classification,10,2022,1,2021,4,12,31
2021-12-31,Inter-agency Transfers,null,6,9852,30093,IV,Federal Tax Deposits,Classification,12,2022,1,2021,4,12,31
2021-12-30,Withheld Income and Employment Taxes,null,14469,333462,797452,IV,Federal Tax Deposits,Classification,1,2022,1,2021,4,12,30
2021-12-30,Individual Income Taxes,null,1042,12320,34718,IV,Federal Tax Deposits,Classification,2,2022,1,2021,4,12,30
2021-12-30,Railroad Retirement Taxes,null,9,567,1432,IV,Federal Tax Deposits,Classification,3,2022,1,2021,4,12,30
2021-12-30,Excise Taxes,null,30,6949,19618,IV,Federal Tax Deposits,Classification,4,2022,1,2021,4,12,30
2021-12-30,Corporation Income Taxes,null,1037,85977,109326,IV,Federal Tax Deposits,Classification,5,2022,1,2021,4,12,30
2021-12-30,Federal Unemployment Taxes,null,9,54,798,IV,Federal Tax Deposits,Classification,6,2022,1,2021,4,12,30
2021-12-30,Estate and Gift Taxes & Misc IRS Rcpts.,null,150,433,1605,IV,Federal Tax Deposits,Classification,7,2022,1,2021,4,12,30
2021-12-30,Cash Federal Tax Deposits,Direct,382,4298,9532,IV,Federal Tax Deposits,Classification,9,2022,1,2021,4,12,30
2021-12-30,Cash Federal Tax Deposits,Through Depositaries,15041,425617,925331,IV,Federal Tax Deposits,Classification,10,2022,1,2021,4,12,30
2021-12-30,Inter-agency Transfers,null,1324,9846,30087,IV,Federal Tax Deposits,Classification,12,2022,1,2021,4,12,30
2021-12-29,Withheld Income and Employment Taxes,null,16962,318993,782983,IV,Federal Tax Deposits,Classification,1,2022,1,2021,4,12,29
2021-12-29,Individual Income Taxes,null,848,11278,33675,IV,Federal Tax Deposits,Classification,2,2022,1,2021,4,12,29
2021-12-29,Railroad Retirement Taxes,null,5,558,1424,IV,Federal Tax Deposits,Classification,3,2022,1,2021,4,12,29
2021-12-29,Excise Taxes,null,2100,6919,19588,IV,Federal Tax Deposits,Classification,4,2022,1,2021,4,12,29
2021-12-29,Corporation Income Taxes,null,965,84940,108289,IV,Federal Tax Deposits,Classification,5,2022,1,2021,4,12,29
2021-12-29,Federal Unemployment Taxes,null,5,45,789,IV,Federal Tax Deposits,Classification,6,2022,1,2021,4,12,29
2021-12-29,Estate and Gift Taxes & Misc IRS Rcpts.,null,5,283,1455,IV,Federal Tax Deposits,Classification,7,2022,1,2021,4,12,29
2021-12-29,Cash Federal Tax Deposits,Direct,861,3916,9150,IV,Federal Tax Deposits,Classification,9,2022,1,2021,4,12,29
2021-12-29,Cash Federal Tax Deposits,Through Depositaries,20016,410577,910290,IV,Federal Tax Deposits,Classification,10,2022,1,2021,4,12,29
2021-12-29,Inter-agency Transfers,null,13,8522,28763,IV,Federal Tax Deposits,Classification,12,2022,1,2021,4,12,29
2021-12-28,Cash Federal Tax Deposits,Direct,561,3056,8289,IV,Federal Tax Deposits,Classification,9,2022,1,2021,4,12,28
2021-12-28,Withheld Income and Employment Taxes,null,6927,302031,766021,IV,Federal Tax Deposits,Classification,1,2022,1,2021,4,12,28
2021-12-28,Individual Income Taxes,null,969,10430,32827,IV,Federal Tax Deposits,Classification,2,2022,1,2021,4,12,28
2021-12-28,Railroad Retirement Taxes,null,72,553,1418,IV,Federal Tax Deposits,Classification,3,2022,1,2021,4,12,28
2021-12-28,Excise Taxes,null,697,4819,17488,IV,Federal Tax Deposits,Classification,4,2022,1,2021,4,12,28
2021-12-28,Corporation Income Taxes,null,144,83975,107324,IV,Federal Tax Deposits,Classification,5,2022,1,2021,4,12,28
2021-12-28,Federal Unemployment Taxes,null,2,40,784,IV,Federal Tax Deposits,Classification,6,2022,1,2021,4,12,28
2021-12-28,Estate and Gift Taxes & Misc IRS Rcpts.,null,5,278,1451,IV,Federal Tax Deposits,Classification,7,2022,1,2021,4,12,28
2021-12-28,Cash Federal Tax Deposits,Through Depositaries,8254,390560,890274,IV,Federal Tax Deposits,Classification,10,2022,1,2021,4,12,28
2021-12-28,Inter-agency Transfers,null,3,8509,28750,IV,Federal Tax Deposits,Classification,12,2022,1,2021,4,12,28
2021-12-27,Withheld Income and Employment Taxes,null,25882,295104,759094,IV,Federal Tax Deposits,Classification,1,2022,1,2021,4,12,27
2021-12-27,Individual Income Taxes,null,645,9461,31859,IV,Federal Tax Deposits,Classification,2,2022,1,2021,4,12,27
2021-12-27,Railroad Retirement Taxes,null,37,481,1346,IV,Federal Tax Deposits,Classification,3,2022,1,2021,4,12,27
2021-12-27,Excise Taxes,null,183,4121,16790,IV,Federal Tax Deposits,Classification,4,2022,1,2021,4,12,27
2021-12-27,Corporation Income Taxes,null,130,83830,107179,IV,Federal Tax Deposits,Classification,5,2022,1,2021,4,12,27
2021-12-27,Federal Unemployment Taxes,null,2,38,782,IV,Federal Tax Deposits,Classification,6,2022,1,2021,4,12,27
2021-12-27,Estate and Gift Taxes & Misc IRS Rcpts.,null,0,273,1445,IV,Federal Tax Deposits,Classification,7,2022,1,2021,4,12,27
2021-12-27,Cash Federal Tax Deposits,Direct,15,2494,7728,IV,Federal Tax Deposits,Classification,9,2022,1,2021,4,12,27
2021-12-27,Cash Federal Tax Deposits,Through Depositaries,26217,382307,882020,IV,Federal Tax Deposits,Classification,10,2022,1,2021,4,12,27
2021-12-27,Inter-agency Transfers,null,647,8507,28748,IV,Federal Tax Deposits,Classification,12,2022,1,2021,4,12,27
2021-12-24,Withheld Income and Employment Taxes,null,10627,269222,733212,IV,Federal Tax Deposits,Classification,1,2022,1,2021,4,12,24
2021-12-24,Individual Income Taxes,null,456,8816,31214,IV,Federal Tax Deposits,Classification,2,2022,1,2021,4,12,24
2021-12-24,Railroad Retirement Taxes,null,35,443,1309,IV,Federal Tax Deposits,Classification,3,2022,1,2021,4,12,24
2021-12-24,Excise Taxes,null,65,3939,16608,IV,Federal Tax Deposits,Classification,4,2022,1,2021,4,12,24
2021-12-24,Corporation Income Taxes,null,109,83700,107049,IV,Federal Tax Deposits,Classification,5,2022,1,2021,4,12,24
2021-12-24,Federal Unemployment Taxes,null,2,36,780,IV,Federal Tax Deposits,Classification,6,2022,1,2021,4,12,24
2021-12-24,Estate and Gift Taxes & Misc IRS Rcpts.,null,8,272,1445,IV,Federal Tax Deposits,Classification,7,2022,1,2021,4,12,24
2021-12-24,Cash Federal Tax Deposits,Direct,27,2479,7713,IV,Federal Tax Deposits,Classification,9,2022,1,2021,4,12,24
2021-12-24,Cash Federal Tax Deposits,Through Depositaries,11229,356089,855803,IV,Federal Tax Deposits,Classification,10,2022,1,2021,4,12,24
2021-12-24,Inter-agency Transfers,null,45,7860,28101,IV,Federal Tax Deposits,Classification,12,2022,1,2021,4,12,24
2021-12-23,Withheld Income and Employment Taxes,null,10447,258595,722585,IV,Federal Tax Deposits,Classification,1,2022,1,2021,4,12,23
2021-12-23,Individual Income Taxes,null,513,8360,30758,IV,Federal Tax Deposits,Classification,2,2022,1,2021,4,12,23
2021-12-23,Railroad Retirement Taxes,null,47,408,1274,IV,Federal Tax Deposits,Classification,3,2022,1,2021,4,12,23
2021-12-23,Excise Taxes,null,120,3874,16543,IV,Federal Tax Deposits,Classification,4,2022,1,2021,4,12,23
2021-12-23,Corporation Income Taxes,null,4803,83592,106940,IV,Federal Tax Deposits,Classification,5,2022,1,2021,4,12,23
2021-12-23,Federal Unemployment Taxes,null,1,35,779,IV,Federal Tax Deposits,Classification,6,2022,1,2021,4,12,23
2021-12-23,Estate and Gift Taxes & Misc IRS Rcpts.,null,5,265,1437,IV,Federal Tax Deposits,Classification,7,2022,1,2021,4,12,23
2021-12-23,Cash Federal Tax Deposits,Direct,363,2452,7686,IV,Federal Tax Deposits,Classification,9,2022,1,2021,4,12,23
2021-12-23,Cash Federal Tax Deposits,Through Depositaries,14589,344861,844574,IV,Federal Tax Deposits,Classification,10,2022,1,2021,4,12,23
2021-12-23,Inter-agency Transfers,null,985,7815,28056,IV,Federal Tax Deposits,Classification,12,2022,1,2021,4,12,23
2021-12-22,Withheld Income and Employment Taxes,null,21530,248148,712138,IV,Federal Tax Deposits,Classification,1,2022,1,2021,4,12,22
2021-12-22,Individual Income Taxes,null,532,7846,30244,IV,Federal Tax Deposits,Classification,2,2022,1,2021,4,12,22
2021-12-22,Railroad Retirement Taxes,null,6,361,1227,IV,Federal Tax Deposits,Classification,3,2022,1,2021,4,12,22
2021-12-22,Excise Taxes,null,39,3754,16423,IV,Federal Tax Deposits,Classification,4,2022,1,2021,4,12,22
2021-12-22,Corporation Income Taxes,null,263,78788,102137,IV,Federal Tax Deposits,Classification,5,2022,1,2021,4,12,22
2021-12-22,Federal Unemployment Taxes,null,2,33,777,IV,Federal Tax Deposits,Classification,6,2022,1,2021,4,12,22
2021-12-22,Estate and Gift Taxes & Misc IRS Rcpts.,null,2,260,1432,IV,Federal Tax Deposits,Classification,7,2022,1,2021,4,12,22
2021-12-22,Cash Federal Tax Deposits,Direct,166,2089,7323,IV,Federal Tax Deposits,Classification,9,2022,1,2021,4,12,22
2021-12-22,Cash Federal Tax Deposits,Through Depositaries,22166,330272,829985,IV,Federal Tax Deposits,Classification,10,2022,1,2021,4,12,22
2021-12-22,Inter-agency Transfers,null,43,6831,27071,IV,Federal Tax Deposits,Classification,12,2022,1,2021,4,12,22
2021-12-21,Cash Federal Tax Deposits,Direct,145,1923,7157,IV,Federal Tax Deposits,Classification,9,2022,1,2021,4,12,21
2021-12-21,Withheld Income and Employment Taxes,null,7868,226618,690608,IV,Federal Tax Deposits,Classification,1,2022,1,2021,4,12,21
2021-12-21,Individual Income Taxes,null,690,7315,29712,IV,Federal Tax Deposits,Classification,2,2022,1,2021,4,12,21
2021-12-21,Railroad Retirement Taxes,null,26,355,1221,IV,Federal Tax Deposits,Classification,3,2022,1,2021,4,12,21
2021-12-21,Excise Taxes,null,43,3715,16384,IV,Federal Tax Deposits,Classification,4,2022,1,2021,4,12,21
2021-12-21,Corporation Income Taxes,null,186,78525,101874,IV,Federal Tax Deposits,Classification,5,2022,1,2021,4,12,21
2021-12-21,Federal Unemployment Taxes,null,2,31,775,IV,Federal Tax Deposits,Classification,6,2022,1,2021,4,12,21
2021-12-21,Estate and Gift Taxes & Misc IRS Rcpts.,null,2,257,1430,IV,Federal Tax Deposits,Classification,7,2022,1,2021,4,12,21
2021-12-21,Cash Federal Tax Deposits,Through Depositaries,8646,308106,807819,IV,Federal Tax Deposits,Classification,10,2022,1,2021,4,12,21
2021-12-21,Inter-agency Transfers,null,27,6787,27028,IV,Federal Tax Deposits,Classification,12,2022,1,2021,4,12,21
2021-12-20,Withheld Income and Employment Taxes,null,26407,218750,682740,IV,Federal Tax Deposits,Classification,1,2022,1,2021,4,12,20
2021-12-20,Individual Income Taxes,null,818,6625,29023,IV,Federal Tax Deposits,Classification,2,2022,1,2021,4,12,20
2021-12-20,Railroad Retirement Taxes,null,34,329,1195,IV,Federal Tax Deposits,Classification,3,2022,1,2021,4,12,20
2021-12-20,Excise Taxes,null,45,3671,16340,IV,Federal Tax Deposits,Classification,4,2022,1,2021,4,12,20
2021-12-20,Corporation Income Taxes,null,336,78339,101688,IV,Federal Tax Deposits,Classification,5,2022,1,2021,4,12,20
2021-12-20,Federal Unemployment Taxes,null,2,29,774,IV,Federal Tax Deposits,Classification,6,2022,1,2021,4,12,20
2021-12-20,Estate and Gift Taxes & Misc IRS Rcpts.,null,141,255,1428,IV,Federal Tax Deposits,Classification,7,2022,1,2021,4,12,20
2021-12-20,Cash Federal Tax Deposits,Direct,100,1778,7012,IV,Federal Tax Deposits,Classification,9,2022,1,2021,4,12,20
2021-12-20,Cash Federal Tax Deposits,Through Depositaries,27656,299460,799173,IV,Federal Tax Deposits,Classification,10,2022,1,2021,4,12,20
2021-12-20,Inter-agency Transfers,null,27,6761,27002,IV,Federal Tax Deposits,Classification,12,2022,1,2021,4,12,20
2021-12-17,Withheld Income and Employment Taxes,null,13976,192343,656333,IV,Federal Tax Deposits,Classification,1,2022,1,2021,4,12,17
2021-12-17,Individual Income Taxes,null,559,5806,28204,IV,Federal Tax Deposits,Classification,2,2022,1,2021,4,12,17
2021-12-17,Railroad Retirement Taxes,null,15,295,1161,IV,Federal Tax Deposits,Classification,3,2022,1,2021,4,12,17
2021-12-17,Excise Taxes,null,28,3626,16295,IV,Federal Tax Deposits,Classification,4,2022,1,2021,4,12,17
2021-12-17,Corporation Income Taxes,null,953,78004,101352,IV,Federal Tax Deposits,Classification,5,2022,1,2021,4,12,17
2021-12-17,Federal Unemployment Taxes,null,4,27,771,IV,Federal Tax Deposits,Classification,6,2022,1,2021,4,12,17
2021-12-17,Estate and Gift Taxes & Misc IRS Rcpts.,null,5,114,1287,IV,Federal Tax Deposits,Classification,7,2022,1,2021,4,12,17
2021-12-17,Cash Federal Tax Deposits,Direct,108,1678,6912,IV,Federal Tax Deposits,Classification,9,2022,1,2021,4,12,17
2021-12-17,Cash Federal Tax Deposits,Through Depositaries,15412,271804,771517,IV,Federal Tax Deposits,Classification,10,2022,1,2021,4,12,17
2021-12-17,Inter-agency Transfers,null,20,6734,26975,IV,Federal Tax Deposits,Classification,12,2022,1,2021,4,12,17
2021-12-16,Withheld Income and Employment Taxes,null,31802,178367,642357,IV,Federal Tax Deposits,Classification,1,2022,1,2021,4,12,16
2021-12-16,Individual Income Taxes,null,476,5247,27645,IV,Federal Tax Deposits,Classification,2,2022,1,2021,4,12,16
2021-12-16,Railroad Retirement Taxes,null,51,280,1146,IV,Federal Tax Deposits,Classification,3,2022,1,2021,4,12,16
2021-12-16,Excise Taxes,null,28,3598,16267,IV,Federal Tax Deposits,Classification,4,2022,1,2021,4,12,16
2021-12-16,Corporation Income Taxes,null,2449,77051,100399,IV,Federal Tax Deposits,Classification,5,2022,1,2021,4,12,16
2021-12-16,Federal Unemployment Taxes,null,2,23,767,IV,Federal Tax Deposits,Classification,6,2022,1,2021,4,12,16
2021-12-16,Estate and Gift Taxes & Misc IRS Rcpts.,null,7,110,1282,IV,Federal Tax Deposits,Classification,7,2022,1,2021,4,12,16
2021-12-16,Cash Federal Tax Deposits,Direct,104,1570,6804,IV,Federal Tax Deposits,Classification,9,2022,1,2021,4,12,16
2021-12-16,Cash Federal Tax Deposits,Through Depositaries,34402,256391,756105,IV,Federal Tax Deposits,Classification,10,2022,1,2021,4,12,16
2021-12-16,Inter-agency Transfers,null,308,6714,26955,IV,Federal Tax Deposits,Classification,12,2022,1,2021,4,12,16
2021-12-15,Withheld Income and Employment Taxes,null,18081,146566,610556,IV,Federal Tax Deposits,Classification,1,2022,1,2021,4,12,15
2021-12-15,Individual Income Taxes,null,823,4771,27169,IV,Federal Tax Deposits,Classification,2,2022,1,2021,4,12,15
2021-12-15,Railroad Retirement Taxes,null,6,229,1095,IV,Federal Tax Deposits,Classification,3,2022,1,2021,4,12,15
2021-12-15,Excise Taxes,null,254,3570,16239,IV,Federal Tax Deposits,Classification,4,2022,1,2021,4,12,15
2021-12-15,Corporation Income Taxes,null,48874,74601,97950,IV,Federal Tax Deposits,Classification,5,2022,1,2021,4,12,15
2021-12-15,Federal Unemployment Taxes,null,3,21,766,IV,Federal Tax Deposits,Classification,6,2022,1,2021,4,12,15
2021-12-15,Estate and Gift Taxes & Misc IRS Rcpts.,null,4,102,1275,IV,Federal Tax Deposits,Classification,7,2022,1,2021,4,12,15
2021-12-15,Cash Federal Tax Deposits,Direct,136,1466,6700,IV,Federal Tax Deposits,Classification,9,2022,1,2021,4,12,15
2021-12-15,Cash Federal Tax Deposits,Through Depositaries,67889,221989,721703,IV,Federal Tax Deposits,Classification,10,2022,1,2021,4,12,15
2021-12-15,Inter-agency Transfers,null,20,6406,26646,IV,Federal Tax Deposits,Classification,12,2022,1,2021,4,12,15
2021-12-14,Inter-agency Transfers,null,803,6386,26627,IV,Federal Tax Deposits,Classification,12,2022,1,2021,4,12,14
2021-12-14,Withheld Income and Employment Taxes,null,5593,128484,592475,IV,Federal Tax Deposits,Classification,1,2022,1,2021,4,12,14
2021-12-14,Individual Income Taxes,null,390,3948,26346,IV,Federal Tax Deposits,Classification,2,2022,1,2021,4,12,14
2021-12-14,Railroad Retirement Taxes,null,5,223,1089,IV,Federal Tax Deposits,Classification,3,2022,1,2021,4,12,14
2021-12-14,Excise Taxes,null,2092,3316,15985,IV,Federal Tax Deposits,Classification,4,2022,1,2021,4,12,14
2021-12-14,Corporation Income Taxes,null,14555,25728,49077,IV,Federal Tax Deposits,Classification,5,2022,1,2021,4,12,14
2021-12-14,Federal Unemployment Taxes,null,2,18,762,IV,Federal Tax Deposits,Classification,6,2022,1,2021,4,12,14
2021-12-14,Estate and Gift Taxes & Misc IRS Rcpts.,null,1,98,1271,IV,Federal Tax Deposits,Classification,7,2022,1,2021,4,12,14
2021-12-14,Cash Federal Tax Deposits,Direct,672,1330,6564,IV,Federal Tax Deposits,Classification,9,2022,1,2021,4,12,14
2021-12-14,Cash Federal Tax Deposits,Through Depositaries,21162,154100,653814,IV,Federal Tax Deposits,Classification,10,2022,1,2021,4,12,14
2021-12-13,Withheld Income and Employment Taxes,null,25965,122892,586882,IV,Federal Tax Deposits,Classification,1,2022,1,2021,4,12,13
2021-12-13,Individual Income Taxes,null,897,3558,25956,IV,Federal Tax Deposits,Classification,2,2022,1,2021,4,12,13
2021-12-13,Railroad Retirement Taxes,null,75,218,1084,IV,Federal Tax Deposits,Classification,3,2022,1,2021,4,12,13
2021-12-13,Excise Taxes,null,566,1224,13893,IV,Federal Tax Deposits,Classification,4,2022,1,2021,4,12,13
2021-12-13,Corporation Income Taxes,null,5460,11173,34522,IV,Federal Tax Deposits,Classification,5,2022,1,2021,4,12,13
2021-12-13,Federal Unemployment Taxes,null,1,16,761,IV,Federal Tax Deposits,Classification,6,2022,1,2021,4,12,13
2021-12-13,Estate and Gift Taxes & Misc IRS Rcpts.,null,1,97,1269,IV,Federal Tax Deposits,Classification,7,2022,1,2021,4,12,13
2021-12-13,Cash Federal Tax Deposits,Direct,179,658,5892,IV,Federal Tax Deposits,Classification,9,2022,1,2021,4,12,13
2021-12-13,Cash Federal Tax Deposits,Through Depositaries,32030,132938,632652,IV,Federal Tax Deposits,Classification,10,2022,1,2021,4,12,13
2021-12-13,Inter-agency Transfers,null,757,5583,25824,IV,Federal Tax Deposits,Classification,12,2022,1,2021,4,12,13
2021-12-10,Withheld Income and Employment Taxes,null,11077,96927,560917,IV,Federal Tax Deposits,Classification,1,2022,1,2021,4,12,10
2021-12-10,Individual Income Taxes,null,369,2661,25059,IV,Federal Tax Deposits,Classification,2,2022,1,2021,4,12,10
2021-12-10,Railroad Retirement Taxes,null,75,143,1009,IV,Federal Tax Deposits,Classification,3,2022,1,2021,4,12,10
2021-12-10,Excise Taxes,null,440,657,13326,IV,Federal Tax Deposits,Classification,4,2022,1,2021,4,12,10
2021-12-10,Corporation Income Taxes,null,2063,5713,29062,IV,Federal Tax Deposits,Classification,5,2022,1,2021,4,12,10
2021-12-10,Federal Unemployment Taxes,null,2,15,759,IV,Federal Tax Deposits,Classification,6,2022,1,2021,4,12,10
2021-12-10,Estate and Gift Taxes & Misc IRS Rcpts.,null,57,96,1268,IV,Federal Tax Deposits,Classification,7,2022,1,2021,4,12,10
2021-12-10,Cash Federal Tax Deposits,Direct,54,479,5713,IV,Federal Tax Deposits,Classification,9,2022,1,2021,4,12,10
2021-12-10,Cash Federal Tax Deposits,Through Depositaries,13069,100908,600622,IV,Federal Tax Deposits,Classification,10,2022,1,2021,4,12,10
2021-12-10,Inter-agency Transfers,null,961,4826,25066,IV,Federal Tax Deposits,Classification,12,2022,1,2021,4,12,10
2021-12-09,Withheld Income and Employment Taxes,null,5186,85850,549840,IV,Federal Tax Deposits,Classification,1,2022,1,2021,4,12,09
2021-12-09,Individual Income Taxes,null,284,2292,24690,IV,Federal Tax Deposits,Classification,2,2022,1,2021,4,12,09
2021-12-09,Railroad Retirement Taxes,null,1,68,933,IV,Federal Tax Deposits,Classification,3,2022,1,2021,4,12,09
2021-12-09,Excise Taxes,null,54,217,12886,IV,Federal Tax Deposits,Classification,4,2022,1,2021,4,12,09
2021-12-09,Corporation Income Taxes,null,981,3651,26999,IV,Federal Tax Deposits,Classification,5,2022,1,2021,4,12,09
2021-12-09,Federal Unemployment Taxes,null,1,13,757,IV,Federal Tax Deposits,Classification,6,2022,1,2021,4,12,09
2021-12-09,Estate and Gift Taxes & Misc IRS Rcpts.,null,1,39,1211,IV,Federal Tax Deposits,Classification,7,2022,1,2021,4,12,09
2021-12-09,Cash Federal Tax Deposits,Direct,65,425,5659,IV,Federal Tax Deposits,Classification,9,2022,1,2021,4,12,09
2021-12-09,Cash Federal Tax Deposits,Through Depositaries,6410,87840,587553,IV,Federal Tax Deposits,Classification,10,2022,1,2021,4,12,09
2021-12-09,Inter-agency Transfers,null,33,3865,24106,IV,Federal Tax Deposits,Classification,12,2022,1,2021,4,12,09
2021-12-08,Withheld Income and Employment Taxes,null,11774,80664,544654,IV,Federal Tax Deposits,Classification,1,2022,1,2021,4,12,08
2021-12-08,Individual Income Taxes,null,301,2008,24406,IV,Federal Tax Deposits,Classification,2,2022,1,2021,4,12,08
2021-12-08,Railroad Retirement Taxes,null,2,67,932,IV,Federal Tax Deposits,Classification,3,2022,1,2021,4,12,08
2021-12-08,Excise Taxes,null,70,164,12833,IV,Federal Tax Deposits,Classification,4,2022,1,2021,4,12,08
2021-12-08,Corporation Income Taxes,null,1267,2669,26018,IV,Federal Tax Deposits,Classification,5,2022,1,2021,4,12,08
2021-12-08,Federal Unemployment Taxes,null,2,12,756,IV,Federal Tax Deposits,Classification,6,2022,1,2021,4,12,08
2021-12-08,Estate and Gift Taxes & Misc IRS Rcpts.,null,5,37,1210,IV,Federal Tax Deposits,Classification,7,2022,1,2021,4,12,08
2021-12-08,Cash Federal Tax Deposits,Direct,92,360,5594,IV,Federal Tax Deposits,Classification,9,2022,1,2021,4,12,08
2021-12-08,Cash Federal Tax Deposits,Through Depositaries,13320,81430,581144,IV,Federal Tax Deposits,Classification,10,2022,1,2021,4,12,08
2021-12-08,Inter-agency Transfers,null,10,3832,24072,IV,Federal Tax Deposits,Classification,12,2022,1,2021,4,12,08
2021-12-07,Cash Federal Tax Deposits,Direct,58,268,5502,IV,Federal Tax Deposits,Classification,9,2022,1,2021,4,12,07
2021-12-07,Withheld Income and Employment Taxes,null,3175,68890,532880,IV,Federal Tax Deposits,Classification,1,2022,1,2021,4,12,07
2021-12-07,Individual Income Taxes,null,310,1707,24105,IV,Federal Tax Deposits,Classification,2,2022,1,2021,4,12,07
2021-12-07,Railroad Retirement Taxes,null,3,65,930,IV,Federal Tax Deposits,Classification,3,2022,1,2021,4,12,07
2021-12-07,Excise Taxes,null,28,93,12762,IV,Federal Tax Deposits,Classification,4,2022,1,2021,4,12,07
2021-12-07,Corporation Income Taxes,null,496,1402,24751,IV,Federal Tax Deposits,Classification,5,2022,1,2021,4,12,07
2021-12-07,Federal Unemployment Taxes,null,1,11,755,IV,Federal Tax Deposits,Classification,6,2022,1,2021,4,12,07
2021-12-07,Estate and Gift Taxes & Misc IRS Rcpts.,null,1,32,1205,IV,Federal Tax Deposits,Classification,7,2022,1,2021,4,12,07
2021-12-07,Cash Federal Tax Deposits,Through Depositaries,3928,68110,567823,IV,Federal Tax Deposits,Classification,10,2022,1,2021,4,12,07
2021-12-07,Inter-agency Transfers,null,28,3822,24063,IV,Federal Tax Deposits,Classification,12,2022,1,2021,4,12,07
2021-12-06,Withheld Income and Employment Taxes,null,18339,65716,529706,IV,Federal Tax Deposits,Classification,1,2022,1,2021,4,12,06
2021-12-06,Individual Income Taxes,null,487,1397,23795,IV,Federal Tax Deposits,Classification,2,2022,1,2021,4,12,06
2021-12-06,Railroad Retirement Taxes,null,32,62,927,IV,Federal Tax Deposits,Classification,3,2022,1,2021,4,12,06
2021-12-06,Excise Taxes,null,20,65,12734,IV,Federal Tax Deposits,Classification,4,2022,1,2021,4,12,06
2021-12-06,Corporation Income Taxes,null,199,906,24255,IV,Federal Tax Deposits,Classification,5,2022,1,2021,4,12,06
2021-12-06,Federal Unemployment Taxes,null,5,10,754,IV,Federal Tax Deposits,Classification,6,2022,1,2021,4,12,06
2021-12-06,Estate and Gift Taxes & Misc IRS Rcpts.,null,15,31,1204,IV,Federal Tax Deposits,Classification,7,2022,1,2021,4,12,06
2021-12-06,Cash Federal Tax Deposits,Direct,72,210,5444,IV,Federal Tax Deposits,Classification,9,2022,1,2021,4,12,06
2021-12-06,Cash Federal Tax Deposits,Through Depositaries,19018,64182,563896,IV,Federal Tax Deposits,Classification,10,2022,1,2021,4,12,06
2021-12-06,Inter-agency Transfers,null,8,3794,24035,IV,Federal Tax Deposits,Classification,12,2022,1,2021,4,12,06
2021-12-03,Withheld Income and Employment Taxes,null,12028,47377,511367,IV,Federal Tax Deposits,Classification,1,2022,1,2021,4,12,03
2021-12-03,Individual Income Taxes,null,287,910,23308,IV,Federal Tax Deposits,Classification,2,2022,1,2021,4,12,03
2021-12-03,Railroad Retirement Taxes,null,14,30,895,IV,Federal Tax Deposits,Classification,3,2022,1,2021,4,12,03
2021-12-03,Excise Taxes,null,17,44,12713,IV,Federal Tax Deposits,Classification,4,2022,1,2021,4,12,03
2021-12-03,Corporation Income Taxes,null,309,707,24056,IV,Federal Tax Deposits,Classification,5,2022,1,2021,4,12,03
2021-12-03,Federal Unemployment Taxes,null,2,5,749,IV,Federal Tax Deposits,Classification,6,2022,1,2021,4,12,03
2021-12-03,Estate and Gift Taxes & Misc IRS Rcpts.,null,9,16,1188,IV,Federal Tax Deposits,Classification,7,2022,1,2021,4,12,03
2021-12-03,Cash Federal Tax Deposits,Direct,46,138,5372,IV,Federal Tax Deposits,Classification,9,2022,1,2021,4,12,03
2021-12-03,Cash Federal Tax Deposits,Through Depositaries,10722,45164,544878,IV,Federal Tax Deposits,Classification,10,2022,1,2021,4,12,03
2021-12-03,Inter-agency Transfers,null,1898,3786,24027,IV,Federal Tax Deposits,Classification,12,2022,1,2021,4,12,03
2021-12-02,Withheld Income and Employment Taxes,null,9282,35348,499339,IV,Federal Tax Deposits,Classification,1,2022,1,2021,4,12,02
2021-12-02,Individual Income Taxes,null,296,623,23021,IV,Federal Tax Deposits,Classification,2,2022,1,2021,4,12,02
2021-12-02,Railroad Retirement Taxes,null,5,16,882,IV,Federal Tax Deposits,Classification,3,2022,1,2021,4,12,02
2021-12-02,Excise Taxes,null,10,27,12696,IV,Federal Tax Deposits,Classification,4,2022,1,2021,4,12,02
2021-12-02,Corporation Income Taxes,null,106,398,23747,IV,Federal Tax Deposits,Classification,5,2022,1,2021,4,12,02
2021-12-02,Federal Unemployment Taxes,null,1,3,747,IV,Federal Tax Deposits,Classification,6,2022,1,2021,4,12,02
2021-12-02,Estate and Gift Taxes & Misc IRS Rcpts.,null,5,7,1179,IV,Federal Tax Deposits,Classification,7,2022,1,2021,4,12,02
2021-12-02,Cash Federal Tax Deposits,Direct,39,93,5326,IV,Federal Tax Deposits,Classification,9,2022,1,2021,4,12,02
2021-12-02,Cash Federal Tax Deposits,Through Depositaries,8924,34442,534156,IV,Federal Tax Deposits,Classification,10,2022,1,2021,4,12,02
2021-12-02,Inter-agency Transfers,null,743,1888,22128,IV,Federal Tax Deposits,Classification,12,2022,1,2021,4,12,02
2021-12-01,Withheld Income and Employment Taxes,null,26066,26066,490056,IV,Federal Tax Deposits,Classification,1,2022,1,2021,4,12,01
2021-12-01,Individual Income Taxes,null,327,327,22725,IV,Federal Tax Deposits,Classification,2,2022,1,2021,4,12,01
2021-12-01,Railroad Retirement Taxes,null,11,11,876,IV,Federal Tax Deposits,Classification,3,2022,1,2021,4,12,01
2021-12-01,Excise Taxes,null,17,17,12687,IV,Federal Tax Deposits,Classification,4,2022,1,2021,4,12,01
2021-12-01,Corporation Income Taxes,null,292,292,23641,IV,Federal Tax Deposits,Classification,5,2022,1,2021,4,12,01
2021-12-01,Federal Unemployment Taxes,null,2,2,746,IV,Federal Tax Deposits,Classification,6,2022,1,2021,4,12,01
2021-12-01,Estate and Gift Taxes & Misc IRS Rcpts.,null,2,2,1174,IV,Federal Tax Deposits,Classification,7,2022,1,2021,4,12,01
2021-12-01,Cash Federal Tax Deposits,Direct,54,54,5288,IV,Federal Tax Deposits,Classification,9,2022,1,2021,4,12,01
2021-12-01,Cash Federal Tax Deposits,Through Depositaries,25519,25519,525232,IV,Federal Tax Deposits,Classification,10,2022,1,2021,4,12,01
2021-12-01,Inter-agency Transfers,null,1144,1144,21385,IV,Federal Tax Deposits,Classification,12,2022,1,2021,4,12,01
2021-11-30,Withheld Income and Employment Taxes,null,5128,243733,463990,IV,Federal Tax Deposits,Classification,1,2022,1,2021,4,11,30
2021-11-30,Individual Income Taxes,null,306,6198,22398,IV,Federal Tax Deposits,Classification,2,2022,1,2021,4,11,30
2021-11-30,Railroad Retirement Taxes,null,14,443,866,IV,Federal Tax Deposits,Classification,3,2022,1,2021,4,11,30
2021-11-30,Excise Taxes,null,31,7507,12669,IV,Federal Tax Deposits,Classification,4,2022,1,2021,4,11,30
2021-11-30,Corporation Income Taxes,null,160,6986,23349,IV,Federal Tax Deposits,Classification,5,2022,1,2021,4,11,30
2021-11-30,Federal Unemployment Taxes,null,1,532,744,IV,Federal Tax Deposits,Classification,6,2022,1,2021,4,11,30
2021-11-30,Estate and Gift Taxes & Misc IRS Rcpts.,null,76,779,1173,IV,Federal Tax Deposits,Classification,7,2022,1,2021,4,11,30
2021-11-30,Cash Federal Tax Deposits,Direct,66,3184,5234,IV,Federal Tax Deposits,Classification,9,2022,1,2021,4,11,30
2021-11-30,Cash Federal Tax Deposits,Through Depositaries,5266,253349,499714,IV,Federal Tax Deposits,Classification,10,2022,1,2021,4,11,30
2021-11-30,Inter-agency Transfers,null,384,9645,20241,IV,Federal Tax Deposits,Classification,12,2022,1,2021,4,11,30
2021-11-29,Withheld Income and Employment Taxes,null,19302,238605,458862,IV,Federal Tax Deposits,Classification,1,2022,1,2021,4,11,29
2021-11-29,Individual Income Taxes,null,399,5892,22092,IV,Federal Tax Deposits,Classification,2,2022,1,2021,4,11,29
2021-11-29,Railroad Retirement Taxes,null,38,430,852,IV,Federal Tax Deposits,Classification,3,2022,1,2021,4,11,29
2021-11-29,Excise Taxes,null,2014,7477,12638,IV,Federal Tax Deposits,Classification,4,2022,1,2021,4,11,29
2021-11-29,Corporation Income Taxes,null,54,6826,23189,IV,Federal Tax Deposits,Classification,5,2022,1,2021,4,11,29
2021-11-29,Federal Unemployment Taxes,null,1,531,743,IV,Federal Tax Deposits,Classification,6,2022,1,2021,4,11,29
2021-11-29,Estate and Gift Taxes & Misc IRS Rcpts.,null,8,703,1097,IV,Federal Tax Deposits,Classification,7,2022,1,2021,4,11,29
2021-11-29,Cash Federal Tax Deposits,Direct,708,3118,5168,IV,Federal Tax Deposits,Classification,9,2022,1,2021,4,11,29
2021-11-29,Cash Federal Tax Deposits,Through Depositaries,20392,248084,494448,IV,Federal Tax Deposits,Classification,10,2022,1,2021,4,11,29
2021-11-29,Inter-agency Transfers,null,717,9261,19857,IV,Federal Tax Deposits,Classification,12,2022,1,2021,4,11,29
2021-11-26,Withheld Income and Employment Taxes,null,11359,219303,439560,IV,Federal Tax Deposits,Classification,1,2022,1,2021,4,11,26
2021-11-26,Individual Income Taxes,null,254,5493,21693,IV,Federal Tax Deposits,Classification,2,2022,1,2021,4,11,26
2021-11-26,Railroad Retirement Taxes,null,48,391,814,IV,Federal Tax Deposits,Classification,3,2022,1,2021,4,11,26
2021-11-26,Excise Taxes,null,403,5463,10624,IV,Federal Tax Deposits,Classification,4,2022,1,2021,4,11,26
2021-11-26,Corporation Income Taxes,null,153,6773,23135,IV,Federal Tax Deposits,Classification,5,2022,1,2021,4,11,26
2021-11-26,Federal Unemployment Taxes,null,1,530,741,IV,Federal Tax Deposits,Classification,6,2022,1,2021,4,11,26
2021-11-26,Estate and Gift Taxes & Misc IRS Rcpts.,null,3,695,1089,IV,Federal Tax Deposits,Classification,7,2022,1,2021,4,11,26
2021-11-26,Cash Federal Tax Deposits,Direct,84,2411,4460,IV,Federal Tax Deposits,Classification,9,2022,1,2021,4,11,26
2021-11-26,Cash Federal Tax Deposits,Through Depositaries,11111,227692,474056,IV,Federal Tax Deposits,Classification,10,2022,1,2021,4,11,26
2021-11-26,Inter-agency Transfers,null,1027,8544,19140,IV,Federal Tax Deposits,Classification,12,2022,1,2021,4,11,26
2021-11-24,Withheld Income and Employment Taxes,null,11561,207943,428200,IV,Federal Tax Deposits,Classification,1,2022,1,2021,4,11,24
2021-11-24,Individual Income Taxes,null,220,5239,21439,IV,Federal Tax Deposits,Classification,2,2022,1,2021,4,11,24
2021-11-24,Railroad Retirement Taxes,null,34,343,765,IV,Federal Tax Deposits,Classification,3,2022,1,2021,4,11,24
2021-11-24,Excise Taxes,null,599,5060,10221,IV,Federal Tax Deposits,Classification,4,2022,1,2021,4,11,24
2021-11-24,Corporation Income Taxes,null,126,6619,22982,IV,Federal Tax Deposits,Classification,5,2022,1,2021,4,11,24
2021-11-24,Federal Unemployment Taxes,null,2,528,740,IV,Federal Tax Deposits,Classification,6,2022,1,2021,4,11,24
2021-11-24,Estate and Gift Taxes & Misc IRS Rcpts.,null,5,692,1086,IV,Federal Tax Deposits,Classification,7,2022,1,2021,4,11,24
2021-11-24,Cash Federal Tax Deposits,Direct,105,2326,4376,IV,Federal Tax Deposits,Classification,9,2022,1,2021,4,11,24
2021-11-24,Cash Federal Tax Deposits,Through Depositaries,12433,216581,462945,IV,Federal Tax Deposits,Classification,10,2022,1,2021,4,11,24
2021-11-24,Inter-agency Transfers,null,8,7517,18113,IV,Federal Tax Deposits,Classification,12,2022,1,2021,4,11,24
2021-11-23,Federal Unemployment Taxes,null,1,527,739,IV,Federal Tax Deposits,Classification,6,2022,1,2021,4,11,23
2021-11-23,Withheld Income and Employment Taxes,null,4435,196383,416640,IV,Federal Tax Deposits,Classification,1,2022,1,2021,4,11,23
2021-11-23,Individual Income Taxes,null,264,5019,21219,IV,Federal Tax Deposits,Classification,2,2022,1,2021,4,11,23
2021-11-23,Railroad Retirement Taxes,null,1,309,731,IV,Federal Tax Deposits,Classification,3,2022,1,2021,4,11,23
2021-11-23,Excise Taxes,null,66,4460,9622,IV,Federal Tax Deposits,Classification,4,2022,1,2021,4,11,23
2021-11-23,Corporation Income Taxes,null,48,6493,22855,IV,Federal Tax Deposits,Classification,5,2022,1,2021,4,11,23
2021-11-23,Estate and Gift Taxes & Misc IRS Rcpts.,null,24,687,1081,IV,Federal Tax Deposits,Classification,7,2022,1,2021,4,11,23
2021-11-23,Cash Federal Tax Deposits,Direct,36,2221,4271,IV,Federal Tax Deposits,Classification,9,2022,1,2021,4,11,23
2021-11-23,Cash Federal Tax Deposits,Through Depositaries,4777,204148,450512,IV,Federal Tax Deposits,Classification,10,2022,1,2021,4,11,23
2021-11-23,Inter-agency Transfers,null,27,7509,18105,IV,Federal Tax Deposits,Classification,12,2022,1,2021,4,11,23
2021-11-22,Withheld Income and Employment Taxes,null,19559,191947,412204,IV,Federal Tax Deposits,Classification,1,2022,1,2021,4,11,22
2021-11-22,Individual Income Taxes,null,436,4755,20956,IV,Federal Tax Deposits,Classification,2,2022,1,2021,4,11,22
2021-11-22,Railroad Retirement Taxes,null,33,308,730,IV,Federal Tax Deposits,Classification,3,2022,1,2021,4,11,22
2021-11-22,Excise Taxes,null,59,4394,9556,IV,Federal Tax Deposits,Classification,4,2022,1,2021,4,11,22
2021-11-22,Corporation Income Taxes,null,67,6444,22807,IV,Federal Tax Deposits,Classification,5,2022,1,2021,4,11,22
2021-11-22,Federal Unemployment Taxes,null,2,526,738,IV,Federal Tax Deposits,Classification,6,2022,1,2021,4,11,22
2021-11-22,Estate and Gift Taxes & Misc IRS Rcpts.,null,79,663,1057,IV,Federal Tax Deposits,Classification,7,2022,1,2021,4,11,22
2021-11-22,Cash Federal Tax Deposits,Direct,63,2185,4235,IV,Federal Tax Deposits,Classification,9,2022,1,2021,4,11,22
2021-11-22,Cash Federal Tax Deposits,Through Depositaries,20159,199371,445735,IV,Federal Tax Deposits,Classification,10,2022,1,2021,4,11,22
2021-11-22,Inter-agency Transfers,null,12,7482,18078,IV,Federal Tax Deposits,Classification,12,2022,1,2021,4,11,22
2021-11-19,Withheld Income and Employment Taxes,null,9813,172388,392645,IV,Federal Tax Deposits,Classification,1,2022,1,2021,4,11,19
2021-11-19,Individual Income Taxes,null,238,4319,20520,IV,Federal Tax Deposits,Classification,2,2022,1,2021,4,11,19
2021-11-19,Railroad Retirement Taxes,null,16,276,698,IV,Federal Tax Deposits,Classification,3,2022,1,2021,4,11,19
2021-11-19,Excise Taxes,null,28,4335,9496,IV,Federal Tax Deposits,Classification,4,2022,1,2021,4,11,19
2021-11-19,Corporation Income Taxes,null,68,6378,22740,IV,Federal Tax Deposits,Classification,5,2022,1,2021,4,11,19
2021-11-19,Federal Unemployment Taxes,null,1,524,736,IV,Federal Tax Deposits,Classification,6,2022,1,2021,4,11,19
2021-11-19,Estate and Gift Taxes & Misc IRS Rcpts.,null,5,585,979,IV,Federal Tax Deposits,Classification,7,2022,1,2021,4,11,19
2021-11-19,Cash Federal Tax Deposits,Direct,54,2123,4172,IV,Federal Tax Deposits,Classification,9,2022,1,2021,4,11,19
2021-11-19,Cash Federal Tax Deposits,Through Depositaries,10094,179212,425576,IV,Federal Tax Deposits,Classification,10,2022,1,2021,4,11,19
2021-11-19,Inter-agency Transfers,null,22,7470,18066,IV,Federal Tax Deposits,Classification,12,2022,1,2021,4,11,19
2021-11-18,Withheld Income and Employment Taxes,null,4131,162576,382833,IV,Federal Tax Deposits,Classification,1,2022,1,2021,4,11,18
2021-11-18,Individual Income Taxes,null,266,4081,20281,IV,Federal Tax Deposits,Classification,2,2022,1,2021,4,11,18
2021-11-18,Railroad Retirement Taxes,null,1,259,682,IV,Federal Tax Deposits,Classification,3,2022,1,2021,4,11,18
2021-11-18,Excise Taxes,null,54,4307,9469,IV,Federal Tax Deposits,Classification,4,2022,1,2021,4,11,18
2021-11-18,Corporation Income Taxes,null,47,6309,22672,IV,Federal Tax Deposits,Classification,5,2022,1,2021,4,11,18
2021-11-18,Federal Unemployment Taxes,null,1,523,735,IV,Federal Tax Deposits,Classification,6,2022,1,2021,4,11,18
2021-11-18,Estate and Gift Taxes & Misc IRS Rcpts.,null,18,580,974,IV,Federal Tax Deposits,Classification,7,2022,1,2021,4,11,18
2021-11-18,Cash Federal Tax Deposits,Direct,69,2069,4118,IV,Federal Tax Deposits,Classification,9,2022,1,2021,4,11,18
2021-11-18,Cash Federal Tax Deposits,Through Depositaries,3510,169118,415482,IV,Federal Tax Deposits,Classification,10,2022,1,2021,4,11,18
2021-11-18,Inter-agency Transfers,null,940,7448,18044,IV,Federal Tax Deposits,Classification,12,2022,1,2021,4,11,18
2021-11-17,Withheld Income and Employment Taxes,null,10855,158445,378702,IV,Federal Tax Deposits,Classification,1,2022,1,2021,4,11,17
2021-11-17,Individual Income Taxes,null,278,3816,20016,IV,Federal Tax Deposits,Classification,2,2022,1,2021,4,11,17
2021-11-17,Railroad Retirement Taxes,null,2,259,681,IV,Federal Tax Deposits,Classification,3,2022,1,2021,4,11,17
2021-11-17,Excise Taxes,null,18,4253,9414,IV,Federal Tax Deposits,Classification,4,2022,1,2021,4,11,17
2021-11-17,Corporation Income Taxes,null,59,6262,22625,IV,Federal Tax Deposits,Classification,5,2022,1,2021,4,11,17
2021-11-17,Federal Unemployment Taxes,null,2,522,734,IV,Federal Tax Deposits,Classification,6,2022,1,2021,4,11,17
2021-11-17,Estate and Gift Taxes & Misc IRS Rcpts.,null,1,562,955,IV,Federal Tax Deposits,Classification,7,2022,1,2021,4,11,17
2021-11-17,Cash Federal Tax Deposits,Direct,55,2000,4049,IV,Federal Tax Deposits,Classification,9,2022,1,2021,4,11,17
2021-11-17,Cash Federal Tax Deposits,Through Depositaries,11150,165608,411973,IV,Federal Tax Deposits,Classification,10,2022,1,2021,4,11,17
2021-11-17,Inter-agency Transfers,null,10,6509,17105,IV,Federal Tax Deposits,Classification,12,2022,1,2021,4,11,17
2021-11-16,Withheld Income and Employment Taxes,null,14055,147589,367846,IV,Federal Tax Deposits,Classification,1,2022,1,2021,4,11,16
2021-11-16,Individual Income Taxes,null,296,3538,19738,IV,Federal Tax Deposits,Classification,2,2022,1,2021,4,11,16
2021-11-16,Railroad Retirement Taxes,null,11,257,679,IV,Federal Tax Deposits,Classification,3,2022,1,2021,4,11,16
2021-11-16,Excise Taxes,null,32,4235,9397,IV,Federal Tax Deposits,Classification,4,2022,1,2021,4,11,16
2021-11-16,Corporation Income Taxes,null,1117,6203,22565,IV,Federal Tax Deposits,Classification,5,2022,1,2021,4,11,16
2021-11-16,Federal Unemployment Taxes,null,3,520,731,IV,Federal Tax Deposits,Classification,6,2022,1,2021,4,11,16
2021-11-16,Estate and Gift Taxes & Misc IRS Rcpts.,null,4,561,955,IV,Federal Tax Deposits,Classification,7,2022,1,2021,4,11,16
2021-11-16,Cash Federal Tax Deposits,Direct,42,1945,3994,IV,Federal Tax Deposits,Classification,9,2022,1,2021,4,11,16
2021-11-16,Cash Federal Tax Deposits,Through Depositaries,15213,154458,400822,IV,Federal Tax Deposits,Classification,10,2022,1,2021,4,11,16
2021-11-16,Inter-agency Transfers,null,264,6499,17095,IV,Federal Tax Deposits,Classification,12,2022,1,2021,4,11,16
2021-11-15,Withheld Income and Employment Taxes,null,24689,133534,353791,IV,Federal Tax Deposits,Classification,1,2022,1,2021,4,11,15
2021-11-15,Individual Income Taxes,null,534,3242,19442,IV,Federal Tax Deposits,Classification,2,2022,1,2021,4,11,15
2021-11-15,Railroad Retirement Taxes,null,47,246,669,IV,Federal Tax Deposits,Classification,3,2022,1,2021,4,11,15
2021-11-15,Excise Taxes,null,200,4203,9365,IV,Federal Tax Deposits,Classification,4,2022,1,2021,4,11,15
2021-11-15,Corporation Income Taxes,null,3044,5086,21448,IV,Federal Tax Deposits,Classification,5,2022,1,2021,4,11,15
2021-11-15,Federal Unemployment Taxes,null,3,516,728,IV,Federal Tax Deposits,Classification,6,2022,1,2021,4,11,15
2021-11-15,Estate and Gift Taxes & Misc IRS Rcpts.,null,6,556,950,IV,Federal Tax Deposits,Classification,7,2022,1,2021,4,11,15
2021-11-15,Cash Federal Tax Deposits,Direct,75,1903,3953,IV,Federal Tax Deposits,Classification,9,2022,1,2021,4,11,15
2021-11-15,Cash Federal Tax Deposits,Through Depositaries,27676,139245,385609,IV,Federal Tax Deposits,Classification,10,2022,1,2021,4,11,15
2021-11-15,Inter-agency Transfers,null,771,6235,16831,IV,Federal Tax Deposits,Classification,12,2022,1,2021,4,11,15
2021-11-12,Withheld Income and Employment Taxes,null,10432,108846,329103,IV,Federal Tax Deposits,Classification,1,2022,1,2021,4,11,12
2021-11-12,Individual Income Taxes,null,371,2707,18908,IV,Federal Tax Deposits,Classification,2,2022,1,2021,4,11,12
2021-11-12,Railroad Retirement Taxes,null,50,200,622,IV,Federal Tax Deposits,Classification,3,2022,1,2021,4,11,12
2021-11-12,Excise Taxes,null,2216,4003,9164,IV,Federal Tax Deposits,Classification,4,2022,1,2021,4,11,12
2021-11-12,Corporation Income Taxes,null,1341,2042,18404,IV,Federal Tax Deposits,Classification,5,2022,1,2021,4,11,12
2021-11-12,Federal Unemployment Taxes,null,3,514,726,IV,Federal Tax Deposits,Classification,6,2022,1,2021,4,11,12
2021-11-12,Estate and Gift Taxes & Misc IRS Rcpts.,null,52,550,944,IV,Federal Tax Deposits,Classification,7,2022,1,2021,4,11,12
2021-11-12,Cash Federal Tax Deposits,Direct,637,1828,3878,IV,Federal Tax Deposits,Classification,9,2022,1,2021,4,11,12
2021-11-12,Cash Federal Tax Deposits,Through Depositaries,12873,111569,357933,IV,Federal Tax Deposits,Classification,10,2022,1,2021,4,11,12
2021-11-12,Inter-agency Transfers,null,955,5464,16060,IV,Federal Tax Deposits,Classification,12,2022,1,2021,4,11,12
2021-11-10,Withheld Income and Employment Taxes,null,9784,98413,318670,IV,Federal Tax Deposits,Classification,1,2022,1,2021,4,11,10
2021-11-10,Individual Income Taxes,null,270,2337,18537,IV,Federal Tax Deposits,Classification,2,2022,1,2021,4,11,10
2021-11-10,Railroad Retirement Taxes,null,37,150,572,IV,Federal Tax Deposits,Classification,3,2022,1,2021,4,11,10
2021-11-10,Excise Taxes,null,891,1787,6948,IV,Federal Tax Deposits,Classification,4,2022,1,2021,4,11,10
2021-11-10,Corporation Income Taxes,null,113,700,17063,IV,Federal Tax Deposits,Classification,5,2022,1,2021,4,11,10
2021-11-10,Federal Unemployment Taxes,null,2,510,722,IV,Federal Tax Deposits,Classification,6,2022,1,2021,4,11,10
2021-11-10,Estate and Gift Taxes & Misc IRS Rcpts.,null,4,499,892,IV,Federal Tax Deposits,Classification,7,2022,1,2021,4,11,10
2021-11-10,Cash Federal Tax Deposits,Direct,136,1191,3240,IV,Federal Tax Deposits,Classification,9,2022,1,2021,4,11,10
2021-11-10,Cash Federal Tax Deposits,Through Depositaries,10956,98696,345060,IV,Federal Tax Deposits,Classification,10,2022,1,2021,4,11,10
2021-11-10,Inter-agency Transfers,null,8,4509,15105,IV,Federal Tax Deposits,Classification,12,2022,1,2021,4,11,10
2021-11-09,Federal Unemployment Taxes,null,1,509,721,IV,Federal Tax Deposits,Classification,6,2022,1,2021,4,11,09
2021-11-09,Withheld Income and Employment Taxes,null,2612,88630,308887,IV,Federal Tax Deposits,Classification,1,2022,1,2021,4,11,09
2021-11-09,Individual Income Taxes,null,221,2067,18267,IV,Federal Tax Deposits,Classification,2,2022,1,2021,4,11,09
2021-11-09,Railroad Retirement Taxes,null,1,112,534,IV,Federal Tax Deposits,Classification,3,2022,1,2021,4,11,09
2021-11-09,Excise Taxes,null,72,895,6057,IV,Federal Tax Deposits,Classification,4,2022,1,2021,4,11,09
2021-11-09,Corporation Income Taxes,null,50,587,16950,IV,Federal Tax Deposits,Classification,5,2022,1,2021,4,11,09
2021-11-09,Estate and Gift Taxes & Misc IRS Rcpts.,null,1,495,889,IV,Federal Tax Deposits,Classification,7,2022,1,2021,4,11,09
2021-11-09,Cash Federal Tax Deposits,Direct,74,1054,3104,IV,Federal Tax Deposits,Classification,9,2022,1,2021,4,11,09
2021-11-09,Cash Federal Tax Deposits,Through Depositaries,2836,87741,334105,IV,Federal Tax Deposits,Classification,10,2022,1,2021,4,11,09
2021-11-09,Inter-agency Transfers,null,48,4500,15096,IV,Federal Tax Deposits,Classification,12,2022,1,2021,4,11,09
2021-11-08,Withheld Income and Employment Taxes,null,19135,86018,306275,IV,Federal Tax Deposits,Classification,1,2022,1,2021,4,11,08
2021-11-08,Individual Income Taxes,null,373,1846,18046,IV,Federal Tax Deposits,Classification,2,2022,1,2021,4,11,08
2021-11-08,Railroad Retirement Taxes,null,34,111,533,IV,Federal Tax Deposits,Classification,3,2022,1,2021,4,11,08
2021-11-08,Excise Taxes,null,60,823,5985,IV,Federal Tax Deposits,Classification,4,2022,1,2021,4,11,08
2021-11-08,Corporation Income Taxes,null,163,537,16900,IV,Federal Tax Deposits,Classification,5,2022,1,2021,4,11,08
2021-11-08,Federal Unemployment Taxes,null,1,508,720,IV,Federal Tax Deposits,Classification,6,2022,1,2021,4,11,08
2021-11-08,Estate and Gift Taxes & Misc IRS Rcpts.,null,7,494,888,IV,Federal Tax Deposits,Classification,7,2022,1,2021,4,11,08
2021-11-08,Cash Federal Tax Deposits,Direct,86,980,3030,IV,Federal Tax Deposits,Classification,9,2022,1,2021,4,11,08
2021-11-08,Cash Federal Tax Deposits,Through Depositaries,19622,84904,331268,IV,Federal Tax Deposits,Classification,10,2022,1,2021,4,11,08
2021-11-08,Inter-agency Transfers,null,66,4452,15048,IV,Federal Tax Deposits,Classification,12,2022,1,2021,4,11,08
2021-11-05,Withheld Income and Employment Taxes,null,7104,66883,287140,IV,Federal Tax Deposits,Classification,1,2022,1,2021,4,11,05
2021-11-05,Individual Income Taxes,null,247,1472,17673,IV,Federal Tax Deposits,Classification,2,2022,1,2021,4,11,05
2021-11-05,Railroad Retirement Taxes,null,18,77,499,IV,Federal Tax Deposits,Classification,3,2022,1,2021,4,11,05
2021-11-05,Excise Taxes,null,36,763,5925,IV,Federal Tax Deposits,Classification,4,2022,1,2021,4,11,05
2021-11-05,Corporation Income Taxes,null,79,374,16737,IV,Federal Tax Deposits,Classification,5,2022,1,2021,4,11,05
2021-11-05,Federal Unemployment Taxes,null,2,506,718,IV,Federal Tax Deposits,Classification,6,2022,1,2021,4,11,05
2021-11-05,Estate and Gift Taxes & Misc IRS Rcpts.,null,6,488,882,IV,Federal Tax Deposits,Classification,7,2022,1,2021,4,11,05
2021-11-05,Cash Federal Tax Deposits,Direct,66,895,2944,IV,Federal Tax Deposits,Classification,9,2022,1,2021,4,11,05
2021-11-05,Cash Federal Tax Deposits,Through Depositaries,7403,65283,311647,IV,Federal Tax Deposits,Classification,10,2022,1,2021,4,11,05
2021-11-05,Inter-agency Transfers,null,23,4386,14982,IV,Federal Tax Deposits,Classification,12,2022,1,2021,4,11,05
2021-11-04,Withheld Income and Employment Taxes,null,3095,59779,280036,IV,Federal Tax Deposits,Classification,1,2022,1,2021,4,11,04
2021-11-04,Individual Income Taxes,null,231,1225,17425,IV,Federal Tax Deposits,Classification,2,2022,1,2021,4,11,04
2021-11-04,Railroad Retirement Taxes,null,1,58,481,IV,Federal Tax Deposits,Classification,3,2022,1,2021,4,11,04
2021-11-04,Excise Taxes,null,14,727,5888,IV,Federal Tax Deposits,Classification,4,2022,1,2021,4,11,04
2021-11-04,Corporation Income Taxes,null,37,295,16658,IV,Federal Tax Deposits,Classification,5,2022,1,2021,4,11,04
2021-11-04,Federal Unemployment Taxes,null,3,505,717,IV,Federal Tax Deposits,Classification,6,2022,1,2021,4,11,04
2021-11-04,Estate and Gift Taxes & Misc IRS Rcpts.,null,14,482,876,IV,Federal Tax Deposits,Classification,7,2022,1,2021,4,11,04
2021-11-04,Cash Federal Tax Deposits,Direct,85,829,2878,IV,Federal Tax Deposits,Classification,9,2022,1,2021,4,11,04
2021-11-04,Cash Federal Tax Deposits,Through Depositaries,3059,57880,304244,IV,Federal Tax Deposits,Classification,10,2022,1,2021,4,11,04
2021-11-04,Inter-agency Transfers,null,251,4362,14958,IV,Federal Tax Deposits,Classification,12,2022,1,2021,4,11,04
2021-11-03,Withheld Income and Employment Taxes,null,13087,56684,276941,IV,Federal Tax Deposits,Classification,1,2022,1,2021,4,11,03
2021-11-03,Individual Income Taxes,null,251,994,17195,IV,Federal Tax Deposits,Classification,2,2022,1,2021,4,11,03
2021-11-03,Railroad Retirement Taxes,null,2,57,479,IV,Federal Tax Deposits,Classification,3,2022,1,2021,4,11,03
2021-11-03,Excise Taxes,null,73,712,5874,IV,Federal Tax Deposits,Classification,4,2022,1,2021,4,11,03
2021-11-03,Corporation Income Taxes,null,46,259,16621,IV,Federal Tax Deposits,Classification,5,2022,1,2021,4,11,03
2021-11-03,Federal Unemployment Taxes,null,2,501,713,IV,Federal Tax Deposits,Classification,6,2022,1,2021,4,11,03
2021-11-03,Estate and Gift Taxes & Misc IRS Rcpts.,null,7,468,862,IV,Federal Tax Deposits,Classification,7,2022,1,2021,4,11,03
2021-11-03,Cash Federal Tax Deposits,Direct,156,744,2794,IV,Federal Tax Deposits,Classification,9,2022,1,2021,4,11,03
2021-11-03,Cash Federal Tax Deposits,Through Depositaries,11216,54820,301185,IV,Federal Tax Deposits,Classification,10,2022,1,2021,4,11,03
2021-11-03,Inter-agency Transfers,null,2096,4111,14707,IV,Federal Tax Deposits,Classification,12,2022,1,2021,4,11,03
2021-11-02,Inter-agency Transfers,null,467,2015,12611,IV,Federal Tax Deposits,Classification,12,2022,1,2021,4,11,02
2021-11-02,Withheld Income and Employment Taxes,null,7013,43597,263854,IV,Federal Tax Deposits,Classification,1,2022,1,2021,4,11,02
2021-11-02,Individual Income Taxes,null,274,743,16943,IV,Federal Tax Deposits,Classification,2,2022,1,2021,4,11,02
2021-11-02,Railroad Retirement Taxes,null,7,55,477,IV,Federal Tax Deposits,Classification,3,2022,1,2021,4,11,02
2021-11-02,Excise Taxes,null,61,639,5801,IV,Federal Tax Deposits,Classification,4,2022,1,2021,4,11,02
2021-11-02,Corporation Income Taxes,null,86,212,16575,IV,Federal Tax Deposits,Classification,5,2022,1,2021,4,11,02
2021-11-02,Federal Unemployment Taxes,null,4,499,711,IV,Federal Tax Deposits,Classification,6,2022,1,2021,4,11,02
2021-11-02,Estate and Gift Taxes & Misc IRS Rcpts.,null,458,462,856,IV,Federal Tax Deposits,Classification,7,2022,1,2021,4,11,02
2021-11-02,Cash Federal Tax Deposits,Direct,507,588,2638,IV,Federal Tax Deposits,Classification,9,2022,1,2021,4,11,02
2021-11-02,Cash Federal Tax Deposits,Through Depositaries,6928,43604,289968,IV,Federal Tax Deposits,Classification,10,2022,1,2021,4,11,02
2021-11-01,Withheld Income and Employment Taxes,null,36584,36584,256841,IV,Federal Tax Deposits,Classification,1,2022,1,2021,4,11,01
2021-11-01,Individual Income Taxes,null,469,469,16669,IV,Federal Tax Deposits,Classification,2,2022,1,2021,4,11,01
2021-11-01,Railroad Retirement Taxes,null,48,48,470,IV,Federal Tax Deposits,Classification,3,2022,1,2021,4,11,01
2021-11-01,Excise Taxes,null,579,579,5741,IV,Federal Tax Deposits,Classification,4,2022,1,2021,4,11,01
2021-11-01,Corporation Income Taxes,null,126,126,16489,IV,Federal Tax Deposits,Classification,5,2022,1,2021,4,11,01
2021-11-01,Federal Unemployment Taxes,null,495,495,707,IV,Federal Tax Deposits,Classification,6,2022,1,2021,4,11,01
2021-11-01,Estate and Gift Taxes & Misc IRS Rcpts.,null,4,4,398,IV,Federal Tax Deposits,Classification,7,2022,1,2021,4,11,01
2021-11-01,Cash Federal Tax Deposits,Direct,81,81,2131,IV,Federal Tax Deposits,Classification,9,2022,1,2021,4,11,01
2021-11-01,Cash Federal Tax Deposits,Through Depositaries,36676,36676,283040,IV,Federal Tax Deposits,Classification,10,2022,1,2021,4,11,01
2021-11-01,Inter-agency Transfers,null,1548,1548,12144,IV,Federal Tax Deposits,Classification,12,2022,1,2021,4,11,01
2021-10-29,Withheld Income and Employment Taxes,null,11925,220257,220257,IV,Federal Tax Deposits,Classification,1,2022,1,2021,4,10,29
2021-10-29,Individual Income Taxes,null,240,16200,16200,IV,Federal Tax Deposits,Classification,2,2022,1,2021,4,10,29
2021-10-29,Railroad Retirement Taxes,null,29,422,422,IV,Federal Tax Deposits,Classification,3,2022,1,2021,4,10,29
2021-10-29,Excise Taxes,null,2400,5162,5162,IV,Federal Tax Deposits,Classification,4,2022,1,2021,4,10,29
2021-10-29,Corporation Income Taxes,null,68,16363,16363,IV,Federal Tax Deposits,Classification,5,2022,1,2021,4,10,29
2021-10-29,Federal Unemployment Taxes,null,82,212,212,IV,Federal Tax Deposits,Classification,6,2022,1,2021,4,10,29
2021-10-29,Estate and Gift Taxes & Misc IRS Rcpts.,null,3,394,394,IV,Federal Tax Deposits,Classification,7,2022,1,2021,4,10,29
2021-10-29,Cash Federal Tax Deposits,Direct,633,2049,2049,IV,Federal Tax Deposits,Classification,9,2022,1,2021,4,10,29
2021-10-29,Cash Federal Tax Deposits,Through Depositaries,12689,246364,246364,IV,Federal Tax Deposits,Classification,10,2022,1,2021,4,10,29
2021-10-29,Inter-agency Transfers,null,1425,10596,10596,IV,Federal Tax Deposits,Classification,12,2022,1,2021,4,10,29
2021-10-28,Withheld Income and Employment Taxes,null,2577,208332,208332,IV,Federal Tax Deposits,Classification,1,2022,1,2021,4,10,28
2021-10-28,Individual Income Taxes,null,352,15960,15960,IV,Federal Tax Deposits,Classification,2,2022,1,2021,4,10,28
2021-10-28,Railroad Retirement Taxes,null,4,394,394,IV,Federal Tax Deposits,Classification,3,2022,1,2021,4,10,28
2021-10-28,Excise Taxes,null,656,2762,2762,IV,Federal Tax Deposits,Classification,4,2022,1,2021,4,10,28
2021-10-28,Corporation Income Taxes,null,53,16294,16294,IV,Federal Tax Deposits,Classification,5,2022,1,2021,4,10,28
2021-10-28,Federal Unemployment Taxes,null,17,130,130,IV,Federal Tax Deposits,Classification,6,2022,1,2021,4,10,28
2021-10-28,Estate and Gift Taxes & Misc IRS Rcpts.,null,8,391,391,IV,Federal Tax Deposits,Classification,7,2022,1,2021,4,10,28
2021-10-28,Cash Federal Tax Deposits,Direct,279,1417,1417,IV,Federal Tax Deposits,Classification,9,2022,1,2021,4,10,28
2021-10-28,Cash Federal Tax Deposits,Through Depositaries,3377,233675,233675,IV,Federal Tax Deposits,Classification,10,2022,1,2021,4,10,28
2021-10-28,Inter-agency Transfers,null,11,9171,9171,IV,Federal Tax Deposits,Classification,12,2022,1,2021,4,10,28
2021-10-27,Withheld Income and Employment Taxes,null,9839,205755,205755,IV,Federal Tax Deposits,Classification,1,2022,1,2021,4,10,27
2021-10-27,Individual Income Taxes,null,257,15608,15608,IV,Federal Tax Deposits,Classification,2,2022,1,2021,4,10,27
2021-10-27,Railroad Retirement Taxes,null,2,389,389,IV,Federal Tax Deposits,Classification,3,2022,1,2021,4,10,27
2021-10-27,Excise Taxes,null,412,2106,2106,IV,Federal Tax Deposits,Classification,4,2022,1,2021,4,10,27
2021-10-27,Corporation Income Taxes,null,102,16241,16241,IV,Federal Tax Deposits,Classification,5,2022,1,2021,4,10,27
2021-10-27,Federal Unemployment Taxes,null,17,114,114,IV,Federal Tax Deposits,Classification,6,2022,1,2021,4,10,27
2021-10-27,Estate and Gift Taxes & Misc IRS Rcpts.,null,255,383,383,IV,Federal Tax Deposits,Classification,7,2022,1,2021,4,10,27
2021-10-27,Cash Federal Tax Deposits,Direct,86,1138,1138,IV,Federal Tax Deposits,Classification,9,2022,1,2021,4,10,27
2021-10-27,Cash Federal Tax Deposits,Through Depositaries,10792,230298,230298,IV,Federal Tax Deposits,Classification,10,2022,1,2021,4,10,27
2021-10-27,Inter-agency Transfers,null,8,9161,9161,IV,Federal Tax Deposits,Classification,12,2022,1,2021,4,10,27
2021-10-26,Withheld Income and Employment Taxes,null,3351,195916,195916,IV,Federal Tax Deposits,Classification,1,2022,1,2021,4,10,26
2021-10-26,Individual Income Taxes,null,271,15351,15351,IV,Federal Tax Deposits,Classification,2,2022,1,2021,4,10,26
2021-10-26,Railroad Retirement Taxes,null,36,387,387,IV,Federal Tax Deposits,Classification,3,2022,1,2021,4,10,26
2021-10-26,Excise Taxes,null,47,1694,1694,IV,Federal Tax Deposits,Classification,4,2022,1,2021,4,10,26
2021-10-26,Corporation Income Taxes,null,538,16139,16139,IV,Federal Tax Deposits,Classification,5,2022,1,2021,4,10,26
2021-10-26,Federal Unemployment Taxes,null,7,96,96,IV,Federal Tax Deposits,Classification,6,2022,1,2021,4,10,26
2021-10-26,Estate and Gift Taxes & Misc IRS Rcpts.,null,1,128,128,IV,Federal Tax Deposits,Classification,7,2022,1,2021,4,10,26
2021-10-26,Cash Federal Tax Deposits,Direct,51,1053,1053,IV,Federal Tax Deposits,Classification,9,2022,1,2021,4,10,26
2021-10-26,Cash Federal Tax Deposits,Through Depositaries,4173,219506,219506,IV,Federal Tax Deposits,Classification,10,2022,1,2021,4,10,26
2021-10-26,Inter-agency Transfers,null,27,9153,9153,IV,Federal Tax Deposits,Classification,12,2022,1,2021,4,10,26
2021-10-25,Withheld Income and Employment Taxes,null,17112,192564,192564,IV,Federal Tax Deposits,Classification,1,2022,1,2021,4,10,25
2021-10-25,Individual Income Taxes,null,420,15080,15080,IV,Federal Tax Deposits,Classification,2,2022,1,2021,4,10,25
2021-10-25,Railroad Retirement Taxes,null,57,351,351,IV,Federal Tax Deposits,Classification,3,2022,1,2021,4,10,25
2021-10-25,Excise Taxes,null,81,1647,1647,IV,Federal Tax Deposits,Classification,4,2022,1,2021,4,10,25
2021-10-25,Corporation Income Taxes,null,233,15601,15601,IV,Federal Tax Deposits,Classification,5,2022,1,2021,4,10,25
2021-10-25,Federal Unemployment Taxes,null,12,90,90,IV,Federal Tax Deposits,Classification,6,2022,1,2021,4,10,25
2021-10-25,Estate and Gift Taxes & Misc IRS Rcpts.,null,3,127,127,IV,Federal Tax Deposits,Classification,7,2022,1,2021,4,10,25
2021-10-25,Cash Federal Tax Deposits,Direct,40,1002,1002,IV,Federal Tax Deposits,Classification,9,2022,1,2021,4,10,25
2021-10-25,Cash Federal Tax Deposits,Through Depositaries,17800,215333,215333,IV,Federal Tax Deposits,Classification,10,2022,1,2021,4,10,25
2021-10-25,Inter-agency Transfers,null,78,9126,9126,IV,Federal Tax Deposits,Classification,12,2022,1,2021,4,10,25
2021-10-22,Withheld Income and Employment Taxes,null,6839,175452,175452,IV,Federal Tax Deposits,Classification,1,2022,1,2021,4,10,22
2021-10-22,Individual Income Taxes,null,284,14660,14660,IV,Federal Tax Deposits,Classification,2,2022,1,2021,4,10,22
2021-10-22,Railroad Retirement Taxes,null,16,294,294,IV,Federal Tax Deposits,Classification,3,2022,1,2021,4,10,22
2021-10-22,Excise Taxes,null,57,1566,1566,IV,Federal Tax Deposits,Classification,4,2022,1,2021,4,10,22
2021-10-22,Corporation Income Taxes,null,74,15369,15369,IV,Federal Tax Deposits,Classification,5,2022,1,2021,4,10,22
2021-10-22,Federal Unemployment Taxes,null,6,78,78,IV,Federal Tax Deposits,Classification,6,2022,1,2021,4,10,22
2021-10-22,Estate and Gift Taxes & Misc IRS Rcpts.,null,1,124,124,IV,Federal Tax Deposits,Classification,7,2022,1,2021,4,10,22
2021-10-22,Cash Federal Tax Deposits,Direct,59,962,962,IV,Federal Tax Deposits,Classification,9,2022,1,2021,4,10,22
2021-10-22,Cash Federal Tax Deposits,Through Depositaries,7207,197533,197533,IV,Federal Tax Deposits,Classification,10,2022,1,2021,4,10,22
2021-10-22,Inter-agency Transfers,null,12,9048,9048,IV,Federal Tax Deposits,Classification,12,2022,1,2021,4,10,22
2021-10-21,Withheld Income and Employment Taxes,null,3355,168613,168613,IV,Federal Tax Deposits,Classification,1,2022,1,2021,4,10,21
2021-10-21,Individual Income Taxes,null,269,14376,14376,IV,Federal Tax Deposits,Classification,2,2022,1,2021,4,10,21
2021-10-21,Railroad Retirement Taxes,null,6,278,278,IV,Federal Tax Deposits,Classification,3,2022,1,2021,4,10,21
2021-10-21,Excise Taxes,null,37,1509,1509,IV,Federal Tax Deposits,Classification,4,2022,1,2021,4,10,21
2021-10-21,Corporation Income Taxes,null,143,15295,15295,IV,Federal Tax Deposits,Classification,5,2022,1,2021,4,10,21
2021-10-21,Federal Unemployment Taxes,null,5,72,72,IV,Federal Tax Deposits,Classification,6,2022,1,2021,4,10,21
2021-10-21,Estate and Gift Taxes & Misc IRS Rcpts.,null,4,123,123,IV,Federal Tax Deposits,Classification,7,2022,1,2021,4,10,21
2021-10-21,Cash Federal Tax Deposits,Direct,36,903,903,IV,Federal Tax Deposits,Classification,9,2022,1,2021,4,10,21
2021-10-21,Cash Federal Tax Deposits,Through Depositaries,3526,190326,190326,IV,Federal Tax Deposits,Classification,10,2022,1,2021,4,10,21
2021-10-21,Inter-agency Transfers,null,257,9036,9036,IV,Federal Tax Deposits,Classification,12,2022,1,2021,4,10,21
2021-10-20,Withheld Income and Employment Taxes,null,10689,165258,165258,IV,Federal Tax Deposits,Classification,1,2022,1,2021,4,10,20
2021-10-20,Individual Income Taxes,null,361,14107,14107,IV,Federal Tax Deposits,Classification,2,2022,1,2021,4,10,20
2021-10-20,Railroad Retirement Taxes,null,2,272,272,IV,Federal Tax Deposits,Classification,3,2022,1,2021,4,10,20
2021-10-20,Excise Taxes,null,43,1471,1471,IV,Federal Tax Deposits,Classification,4,2022,1,2021,4,10,20
2021-10-20,Corporation Income Taxes,null,331,15152,15152,IV,Federal Tax Deposits,Classification,5,2022,1,2021,4,10,20
2021-10-20,Federal Unemployment Taxes,null,14,66,66,IV,Federal Tax Deposits,Classification,6,2022,1,2021,4,10,20
2021-10-20,Estate and Gift Taxes & Misc IRS Rcpts.,null,13,119,119,IV,Federal Tax Deposits,Classification,7,2022,1,2021,4,10,20
2021-10-20,Cash Federal Tax Deposits,Direct,77,867,867,IV,Federal Tax Deposits,Classification,9,2022,1,2021,4,10,20
2021-10-20,Cash Federal Tax Deposits,Through Depositaries,11366,186800,186800,IV,Federal Tax Deposits,Classification,10,2022,1,2021,4,10,20
2021-10-20,Inter-agency Transfers,null,10,8779,8779,IV,Federal Tax Deposits,Classification,12,2022,1,2021,4,10,20
2021-10-19,Withheld Income and Employment Taxes,null,2717,154569,154569,IV,Federal Tax Deposits,Classification,1,2022,1,2021,4,10,19
2021-10-19,Individual Income Taxes,null,1923,13746,13746,IV,Federal Tax Deposits,Classification,2,2022,1,2021,4,10,19
2021-10-19,Railroad Retirement Taxes,null,2,270,270,IV,Federal Tax Deposits,Classification,3,2022,1,2021,4,10,19
2021-10-19,Excise Taxes,null,38,1428,1428,IV,Federal Tax Deposits,Classification,4,2022,1,2021,4,10,19
2021-10-19,Corporation Income Taxes,null,147,14821,14821,IV,Federal Tax Deposits,Classification,5,2022,1,2021,4,10,19
2021-10-19,Federal Unemployment Taxes,null,3,52,52,IV,Federal Tax Deposits,Classification,6,2022,1,2021,4,10,19
2021-10-19,Estate and Gift Taxes & Misc IRS Rcpts.,null,0,107,107,IV,Federal Tax Deposits,Classification,7,2022,1,2021,4,10,19
2021-10-19,Cash Federal Tax Deposits,Direct,63,790,790,IV,Federal Tax Deposits,Classification,9,2022,1,2021,4,10,19
2021-10-19,Cash Federal Tax Deposits,Through Depositaries,4487,175434,175434,IV,Federal Tax Deposits,Classification,10,2022,1,2021,4,10,19
2021-10-19,Inter-agency Transfers,null,281,8768,8768,IV,Federal Tax Deposits,Classification,12,2022,1,2021,4,10,19
2021-10-18,Withheld Income and Employment Taxes,null,33355,151852,151852,IV,Federal Tax Deposits,Classification,1,2022,1,2021,4,10,18
2021-10-18,Individual Income Taxes,null,3723,11823,11823,IV,Federal Tax Deposits,Classification,2,2022,1,2021,4,10,18
2021-10-18,Railroad Retirement Taxes,null,47,268,268,IV,Federal Tax Deposits,Classification,3,2022,1,2021,4,10,18
2021-10-18,Excise Taxes,null,11,1390,1390,IV,Federal Tax Deposits,Classification,4,2022,1,2021,4,10,18
2021-10-18,Corporation Income Taxes,null,276,14674,14674,IV,Federal Tax Deposits,Classification,5,2022,1,2021,4,10,18
2021-10-18,Federal Unemployment Taxes,null,4,49,49,IV,Federal Tax Deposits,Classification,6,2022,1,2021,4,10,18
2021-10-18,Estate and Gift Taxes & Misc IRS Rcpts.,null,15,106,106,IV,Federal Tax Deposits,Classification,7,2022,1,2021,4,10,18
2021-10-18,Cash Federal Tax Deposits,Direct,23,727,727,IV,Federal Tax Deposits,Classification,9,2022,1,2021,4,10,18
2021-10-18,Cash Federal Tax Deposits,Through Depositaries,35987,170947,170947,IV,Federal Tax Deposits,Classification,10,2022,1,2021,4,10,18
2021-10-18,Inter-agency Transfers,null,1422,8488,8488,IV,Federal Tax Deposits,Classification,12,2022,1,2021,4,10,18
2021-10-15,Federal Unemployment Taxes,null,10,45,45,IV,Federal Tax Deposits,Classification,6,2022,1,2021,4,10,15
2021-10-15,Estate and Gift Taxes & Misc IRS Rcpts.,null,2,92,92,IV,Federal Tax Deposits,Classification,7,2022,1,2021,4,10,15
2021-10-15,Cash Federal Tax Deposits,Direct,23,704,704,IV,Federal Tax Deposits,Classification,9,2022,1,2021,4,10,15
2021-10-15,Cash Federal Tax Deposits,Through Depositaries,24366,134960,134960,IV,Federal Tax Deposits,Classification,10,2022,1,2021,4,10,15
2021-10-15,Inter-agency Transfers,null,1056,7066,7066,IV,Federal Tax Deposits,Classification,12,2022,1,2021,4,10,15
2021-10-15,Withheld Income and Employment Taxes,null,12192,118497,118497,IV,Federal Tax Deposits,Classification,1,2022,1,2021,4,10,15
2021-10-15,Individual Income Taxes,null,2951,8099,8099,IV,Federal Tax Deposits,Classification,2,2022,1,2021,4,10,15
2021-10-15,Railroad Retirement Taxes,null,15,220,220,IV,Federal Tax Deposits,Classification,3,2022,1,2021,4,10,15
2021-10-15,Excise Taxes,null,44,1379,1379,IV,Federal Tax Deposits,Classification,4,2022,1,2021,4,10,15
2021-10-15,Corporation Income Taxes,null,10232,14398,14398,IV,Federal Tax Deposits,Classification,5,2022,1,2021,4,10,15
2021-10-14,Withheld Income and Employment Taxes,null,8316,106305,106305,IV,Federal Tax Deposits,Classification,1,2022,1,2021,4,10,14
2021-10-14,Individual Income Taxes,null,975,5149,5149,IV,Federal Tax Deposits,Classification,2,2022,1,2021,4,10,14
2021-10-14,Railroad Retirement Taxes,null,4,205,205,IV,Federal Tax Deposits,Classification,3,2022,1,2021,4,10,14
2021-10-14,Excise Taxes,null,724,1334,1334,IV,Federal Tax Deposits,Classification,4,2022,1,2021,4,10,14
2021-10-14,Corporation Income Taxes,null,1847,4166,4166,IV,Federal Tax Deposits,Classification,5,2022,1,2021,4,10,14
2021-10-14,Federal Unemployment Taxes,null,4,35,35,IV,Federal Tax Deposits,Classification,6,2022,1,2021,4,10,14
2021-10-14,Estate and Gift Taxes & Misc IRS Rcpts.,null,10,90,90,IV,Federal Tax Deposits,Classification,7,2022,1,2021,4,10,14
2021-10-14,Cash Federal Tax Deposits,Direct,288,681,681,IV,Federal Tax Deposits,Classification,9,2022,1,2021,4,10,14
2021-10-14,Cash Federal Tax Deposits,Through Depositaries,11520,110594,110594,IV,Federal Tax Deposits,Classification,10,2022,1,2021,4,10,14
2021-10-14,Inter-agency Transfers,null,72,6010,6010,IV,Federal Tax Deposits,Classification,12,2022,1,2021,4,10,14
2021-10-13,Withheld Income and Employment Taxes,null,3846,97989,97989,IV,Federal Tax Deposits,Classification,1,2022,1,2021,4,10,13
2021-10-13,Individual Income Taxes,null,624,4174,4174,IV,Federal Tax Deposits,Classification,2,2022,1,2021,4,10,13
2021-10-13,Railroad Retirement Taxes,null,5,201,201,IV,Federal Tax Deposits,Classification,3,2022,1,2021,4,10,13
2021-10-13,Excise Taxes,null,293,610,610,IV,Federal Tax Deposits,Classification,4,2022,1,2021,4,10,13
2021-10-13,Corporation Income Taxes,null,447,2320,2320,IV,Federal Tax Deposits,Classification,5,2022,1,2021,4,10,13
2021-10-13,Federal Unemployment Taxes,null,4,31,31,IV,Federal Tax Deposits,Classification,6,2022,1,2021,4,10,13
2021-10-13,Estate and Gift Taxes & Misc IRS Rcpts.,null,45,80,80,IV,Federal Tax Deposits,Classification,7,2022,1,2021,4,10,13
2021-10-13,Cash Federal Tax Deposits,Direct,114,393,393,IV,Federal Tax Deposits,Classification,9,2022,1,2021,4,10,13
2021-10-13,Cash Federal Tax Deposits,Through Depositaries,5113,99074,99074,IV,Federal Tax Deposits,Classification,10,2022,1,2021,4,10,13
2021-10-13,Inter-agency Transfers,null,37,5938,5938,IV,Federal Tax Deposits,Classification,12,2022,1,2021,4,10,13
2021-10-12,Withheld Income and Employment Taxes,null,17355,94144,94144,IV,Federal Tax Deposits,Classification,1,2022,1,2021,4,10,12
2021-10-12,Individual Income Taxes,null,948,3550,3550,IV,Federal Tax Deposits,Classification,2,2022,1,2021,4,10,12
2021-10-12,Railroad Retirement Taxes,null,60,196,196,IV,Federal Tax Deposits,Classification,3,2022,1,2021,4,10,12
2021-10-12,Excise Taxes,null,83,317,317,IV,Federal Tax Deposits,Classification,4,2022,1,2021,4,10,12
2021-10-12,Corporation Income Taxes,null,696,1872,1872,IV,Federal Tax Deposits,Classification,5,2022,1,2021,4,10,12
2021-10-12,Federal Unemployment Taxes,null,5,27,27,IV,Federal Tax Deposits,Classification,6,2022,1,2021,4,10,12
2021-10-12,Estate and Gift Taxes & Misc IRS Rcpts.,null,5,35,35,IV,Federal Tax Deposits,Classification,7,2022,1,2021,4,10,12
2021-10-12,Cash Federal Tax Deposits,Direct,33,279,279,IV,Federal Tax Deposits,Classification,9,2022,1,2021,4,10,12
2021-10-12,Cash Federal Tax Deposits,Through Depositaries,19085,93961,93961,IV,Federal Tax Deposits,Classification,10,2022,1,2021,4,10,12
2021-10-12,Inter-agency Transfers,null,34,5901,5901,IV,Federal Tax Deposits,Classification,12,2022,1,2021,4,10,12
2021-10-08,Withheld Income and Employment Taxes,null,7672,76789,76789,IV,Federal Tax Deposits,Classification,1,2022,1,2021,4,10,08
2021-10-08,Individual Income Taxes,null,406,2602,2602,IV,Federal Tax Deposits,Classification,2,2022,1,2021,4,10,08
2021-10-08,Railroad Retirement Taxes,null,54,136,136,IV,Federal Tax Deposits,Classification,3,2022,1,2021,4,10,08
2021-10-08,Excise Taxes,null,40,234,234,IV,Federal Tax Deposits,Classification,4,2022,1,2021,4,10,08
2021-10-08,Corporation Income Taxes,null,335,1176,1176,IV,Federal Tax Deposits,Classification,5,2022,1,2021,4,10,08
2021-10-08,Federal Unemployment Taxes,null,7,22,22,IV,Federal Tax Deposits,Classification,6,2022,1,2021,4,10,08
2021-10-08,Estate and Gift Taxes & Misc IRS Rcpts.,null,3,30,30,IV,Federal Tax Deposits,Classification,7,2022,1,2021,4,10,08
2021-10-08,Cash Federal Tax Deposits,Direct,21,246,246,IV,Federal Tax Deposits,Classification,9,2022,1,2021,4,10,08
2021-10-08,Cash Federal Tax Deposits,Through Depositaries,8486,74876,74876,IV,Federal Tax Deposits,Classification,10,2022,1,2021,4,10,08
2021-10-08,Inter-agency Transfers,null,10,5867,5867,IV,Federal Tax Deposits,Classification,12,2022,1,2021,4,10,08
2021-10-07,Withheld Income and Employment Taxes,null,3095,69117,69117,IV,Federal Tax Deposits,Classification,1,2022,1,2021,4,10,07
2021-10-07,Individual Income Taxes,null,365,2195,2195,IV,Federal Tax Deposits,Classification,2,2022,1,2021,4,10,07
2021-10-07,Railroad Retirement Taxes,null,2,82,82,IV,Federal Tax Deposits,Classification,3,2022,1,2021,4,10,07
2021-10-07,Excise Taxes,null,14,194,194,IV,Federal Tax Deposits,Classification,4,2022,1,2021,4,10,07
2021-10-07,Corporation Income Taxes,null,218,842,842,IV,Federal Tax Deposits,Classification,5,2022,1,2021,4,10,07
2021-10-07,Federal Unemployment Taxes,null,3,15,15,IV,Federal Tax Deposits,Classification,6,2022,1,2021,4,10,07
2021-10-07,Estate and Gift Taxes & Misc IRS Rcpts.,null,7,27,27,IV,Federal Tax Deposits,Classification,7,2022,1,2021,4,10,07
2021-10-07,Cash Federal Tax Deposits,Direct,65,225,225,IV,Federal Tax Deposits,Classification,9,2022,1,2021,4,10,07
2021-10-07,Cash Federal Tax Deposits,Through Depositaries,3115,66391,66391,IV,Federal Tax Deposits,Classification,10,2022,1,2021,4,10,07
2021-10-07,Inter-agency Transfers,null,523,5857,5857,IV,Federal Tax Deposits,Classification,12,2022,1,2021,4,10,07
2021-10-06,Withheld Income and Employment Taxes,null,12190,66022,66022,IV,Federal Tax Deposits,Classification,1,2022,1,2021,4,10,06
2021-10-06,Individual Income Taxes,null,346,1831,1831,IV,Federal Tax Deposits,Classification,2,2022,1,2021,4,10,06
2021-10-06,Railroad Retirement Taxes,null,8,80,80,IV,Federal Tax Deposits,Classification,3,2022,1,2021,4,10,06
2021-10-06,Excise Taxes,null,33,180,180,IV,Federal Tax Deposits,Classification,4,2022,1,2021,4,10,06
2021-10-06,Corporation Income Taxes,null,50,623,623,IV,Federal Tax Deposits,Classification,5,2022,1,2021,4,10,06
2021-10-06,Federal Unemployment Taxes,null,3,12,12,IV,Federal Tax Deposits,Classification,6,2022,1,2021,4,10,06
2021-10-06,Estate and Gift Taxes & Misc IRS Rcpts.,null,3,20,20,IV,Federal Tax Deposits,Classification,7,2022,1,2021,4,10,06
2021-10-06,Cash Federal Tax Deposits,Direct,51,160,160,IV,Federal Tax Deposits,Classification,9,2022,1,2021,4,10,06
2021-10-06,Cash Federal Tax Deposits,Through Depositaries,12290,63275,63275,IV,Federal Tax Deposits,Classification,10,2022,1,2021,4,10,06
2021-10-06,Inter-agency Transfers,null,293,5334,5334,IV,Federal Tax Deposits,Classification,12,2022,1,2021,4,10,06
2021-10-05,Withheld Income and Employment Taxes,null,3103,53833,53833,IV,Federal Tax Deposits,Classification,1,2022,1,2021,4,10,05
2021-10-05,Individual Income Taxes,null,399,1484,1484,IV,Federal Tax Deposits,Classification,2,2022,1,2021,4,10,05
2021-10-05,Railroad Retirement Taxes,null,2,72,72,IV,Federal Tax Deposits,Classification,3,2022,1,2021,4,10,05
2021-10-05,Excise Taxes,null,113,146,146,IV,Federal Tax Deposits,Classification,4,2022,1,2021,4,10,05
2021-10-05,Corporation Income Taxes,null,119,574,574,IV,Federal Tax Deposits,Classification,5,2022,1,2021,4,10,05
2021-10-05,Federal Unemployment Taxes,null,3,9,9,IV,Federal Tax Deposits,Classification,6,2022,1,2021,4,10,05
2021-10-05,Estate and Gift Taxes & Misc IRS Rcpts.,null,3,17,17,IV,Federal Tax Deposits,Classification,7,2022,1,2021,4,10,05
2021-10-05,Cash Federal Tax Deposits,Direct,54,109,109,IV,Federal Tax Deposits,Classification,9,2022,1,2021,4,10,05
2021-10-05,Cash Federal Tax Deposits,Through Depositaries,3627,50985,50985,IV,Federal Tax Deposits,Classification,10,2022,1,2021,4,10,05
2021-10-05,Inter-agency Transfers,null,61,5041,5041,IV,Federal Tax Deposits,Classification,12,2022,1,2021,4,10,05
2021-10-04,Withheld Income and Employment Taxes,null,25783,50730,50730,IV,Federal Tax Deposits,Classification,1,2022,1,2021,4,10,04
2021-10-04,Individual Income Taxes,null,566,1085,1085,IV,Federal Tax Deposits,Classification,2,2022,1,2021,4,10,04
2021-10-04,Railroad Retirement Taxes,null,45,70,70,IV,Federal Tax Deposits,Classification,3,2022,1,2021,4,10,04
2021-10-04,Excise Taxes,null,12,34,34,IV,Federal Tax Deposits,Classification,4,2022,1,2021,4,10,04
2021-10-04,Corporation Income Taxes,null,89,455,455,IV,Federal Tax Deposits,Classification,5,2022,1,2021,4,10,04
2021-10-04,Federal Unemployment Taxes,null,2,6,6,IV,Federal Tax Deposits,Classification,6,2022,1,2021,4,10,04
2021-10-04,Estate and Gift Taxes & Misc IRS Rcpts.,null,10,14,14,IV,Federal Tax Deposits,Classification,7,2022,1,2021,4,10,04
2021-10-04,Cash Federal Tax Deposits,Direct,33,55,55,IV,Federal Tax Deposits,Classification,9,2022,1,2021,4,10,04
2021-10-04,Cash Federal Tax Deposits,Through Depositaries,23446,47359,47359,IV,Federal Tax Deposits,Classification,10,2022,1,2021,4,10,04
2021-10-04,Inter-agency Transfers,null,3028,4980,4980,IV,Federal Tax Deposits,Classification,12,2022,1,2021,4,10,04
2021-10-01,Federal Unemployment Taxes,null,4,4,4,IV,Federal Tax Deposits,Classification,6,2022,1,2021,4,10,01
2021-10-01,Withheld Income and Employment Taxes,null,24947,24947,24947,IV,Federal Tax Deposits,Classification,1,2022,1,2021,4,10,01
2021-10-01,Individual Income Taxes,null,519,519,519,IV,Federal Tax Deposits,Classification,2,2022,1,2021,4,10,01
2021-10-01,Railroad Retirement Taxes,null,25,25,25,IV,Federal Tax Deposits,Classification,3,2022,1,2021,4,10,01
2021-10-01,Excise Taxes,null,22,22,22,IV,Federal Tax Deposits,Classification,4,2022,1,2021,4,10,01
2021-10-01,Corporation Income Taxes,null,366,366,366,IV,Federal Tax Deposits,Classification,5,2022,1,2021,4,10,01
2021-10-01,Estate and Gift Taxes & Misc IRS Rcpts.,null,5,5,5,IV,Federal Tax Deposits,Classification,7,2022,1,2021,4,10,01
2021-10-01,Cash Federal Tax Deposits,Direct,23,23,23,IV,Federal Tax Deposits,Classification,9,2022,1,2021,4,10,01
2021-10-01,Cash Federal Tax Deposits,Through Depositaries,23912,23912,23912,IV,Federal Tax Deposits,Classification,10,2022,1,2021,4,10,01
2021-10-01,Inter-agency Transfers,null,1952,1952,1952,IV,Federal Tax Deposits,Classification,12,2022,1,2021,4,10,01
2021-09-30,Withheld Income and Employment Taxes,null,5533,232962,2730817,IV,Federal Tax Deposits,Classification,1,2021,4,2021,3,09,30
2021-09-30,Individual Income Taxes,null,428,46541,380448,IV,Federal Tax Deposits,Classification,2,2021,4,2021,3,09,30
2021-09-30,Railroad Retirement Taxes,null,15,440,5303,IV,Federal Tax Deposits,Classification,3,2021,4,2021,3,09,30
2021-09-30,Excise Taxes,null,1689,11215,78126,IV,Federal Tax Deposits,Classification,4,2021,4,2021,3,09,30
2021-09-30,Corporation Income Taxes,null,198,86752,396594,IV,Federal Tax Deposits,Classification,5,2021,4,2021,3,09,30
2021-09-30,Federal Unemployment Taxes,null,2,37,6391,IV,Federal Tax Deposits,Classification,6,2021,4,2021,3,09,30
2021-09-30,Estate and Gift Taxes & Misc IRS Rcpts.,null,3,130,4668,IV,Federal Tax Deposits,Classification,7,2021,4,2021,3,09,30
2021-09-30,Cash Federal Tax Deposits,Direct,53,3218,31680,IV,Federal Tax Deposits,Classification,9,2021,4,2021,3,09,30
2021-09-30,Cash Federal Tax Deposits,Through Depositaries,7786,364639,3456372,IV,Federal Tax Deposits,Classification,10,2021,4,2021,3,09,30
2021-09-30,Inter-agency Transfers,null,29,10219,114295,IV,Federal Tax Deposits,Classification,12,2021,4,2021,3,09,30
2021-09-29,Withheld Income and Employment Taxes,null,9997,227429,2725284,IV,Federal Tax Deposits,Classification,1,2021,4,2021,3,09,29
2021-09-29,Individual Income Taxes,null,430,46113,380019,IV,Federal Tax Deposits,Classification,2,2021,4,2021,3,09,29
2021-09-29,Railroad Retirement Taxes,null,5,425,5288,IV,Federal Tax Deposits,Classification,3,2021,4,2021,3,09,29
2021-09-29,Excise Taxes,null,3838,9526,76437,IV,Federal Tax Deposits,Classification,4,2021,4,2021,3,09,29
2021-09-29,Corporation Income Taxes,null,172,86554,396396,IV,Federal Tax Deposits,Classification,5,2021,4,2021,3,09,29
2021-09-29,Federal Unemployment Taxes,null,2,35,6389,IV,Federal Tax Deposits,Classification,6,2021,4,2021,3,09,29
2021-09-29,Estate and Gift Taxes & Misc IRS Rcpts.,null,3,127,4665,IV,Federal Tax Deposits,Classification,7,2021,4,2021,3,09,29
2021-09-29,Cash Federal Tax Deposits,Direct,1120,3165,31626,IV,Federal Tax Deposits,Classification,9,2021,4,2021,3,09,29
2021-09-29,Cash Federal Tax Deposits,Through Depositaries,12901,356853,3448586,IV,Federal Tax Deposits,Classification,10,2021,4,2021,3,09,29
2021-09-29,Inter-agency Transfers,null,425,10190,114267,IV,Federal Tax Deposits,Classification,12,2021,4,2021,3,09,29
2021-09-28,Withheld Income and Employment Taxes,null,1926,217432,2715287,IV,Federal Tax Deposits,Classification,1,2021,4,2021,3,09,28
2021-09-28,Individual Income Taxes,null,525,45683,379590,IV,Federal Tax Deposits,Classification,2,2021,4,2021,3,09,28
2021-09-28,Railroad Retirement Taxes,null,6,420,5283,IV,Federal Tax Deposits,Classification,3,2021,4,2021,3,09,28
2021-09-28,Excise Taxes,null,1012,5689,72600,IV,Federal Tax Deposits,Classification,4,2021,4,2021,3,09,28
2021-09-28,Corporation Income Taxes,null,201,86382,396225,IV,Federal Tax Deposits,Classification,5,2021,4,2021,3,09,28
2021-09-28,Federal Unemployment Taxes,null,2,33,6387,IV,Federal Tax Deposits,Classification,6,2021,4,2021,3,09,28
2021-09-28,Estate and Gift Taxes & Misc IRS Rcpts.,null,29,124,4662,IV,Federal Tax Deposits,Classification,7,2021,4,2021,3,09,28
2021-09-28,Cash Federal Tax Deposits,Direct,223,2045,30506,IV,Federal Tax Deposits,Classification,9,2021,4,2021,3,09,28
2021-09-28,Cash Federal Tax Deposits,Through Depositaries,3393,343952,3435685,IV,Federal Tax Deposits,Classification,10,2021,4,2021,3,09,28
2021-09-28,Inter-agency Transfers,null,85,9766,113842,IV,Federal Tax Deposits,Classification,12,2021,4,2021,3,09,28
2021-09-27,Withheld Income and Employment Taxes,null,18083,215505,2713361,IV,Federal Tax Deposits,Classification,1,2021,4,2021,3,09,27
2021-09-27,Individual Income Taxes,null,534,45158,379065,IV,Federal Tax Deposits,Classification,2,2021,4,2021,3,09,27
2021-09-27,Railroad Retirement Taxes,null,63,414,5277,IV,Federal Tax Deposits,Classification,3,2021,4,2021,3,09,27
2021-09-27,Excise Taxes,null,360,4677,71588,IV,Federal Tax Deposits,Classification,4,2021,4,2021,3,09,27
2021-09-27,Corporation Income Taxes,null,108,86181,396023,IV,Federal Tax Deposits,Classification,5,2021,4,2021,3,09,27
2021-09-27,Federal Unemployment Taxes,null,2,32,6386,IV,Federal Tax Deposits,Classification,6,2021,4,2021,3,09,27
2021-09-27,Estate and Gift Taxes & Misc IRS Rcpts.,null,6,96,4633,IV,Federal Tax Deposits,Classification,7,2021,4,2021,3,09,27
2021-09-27,Cash Federal Tax Deposits,Direct,122,1823,30284,IV,Federal Tax Deposits,Classification,9,2021,4,2021,3,09,27
2021-09-27,Cash Federal Tax Deposits,Through Depositaries,18279,340559,3432292,IV,Federal Tax Deposits,Classification,10,2021,4,2021,3,09,27
2021-09-27,Inter-agency Transfers,null,755,9681,113757,IV,Federal Tax Deposits,Classification,12,2021,4,2021,3,09,27
2021-09-24,Federal Unemployment Taxes,null,2,30,6384,IV,Federal Tax Deposits,Classification,6,2021,4,2021,3,09,24
2021-09-24,Withheld Income and Employment Taxes,null,7371,197423,2695278,IV,Federal Tax Deposits,Classification,1,2021,4,2021,3,09,24
2021-09-24,Individual Income Taxes,null,318,44624,378531,IV,Federal Tax Deposits,Classification,2,2021,4,2021,3,09,24
2021-09-24,Railroad Retirement Taxes,null,47,351,5213,IV,Federal Tax Deposits,Classification,3,2021,4,2021,3,09,24
2021-09-24,Excise Taxes,null,210,4316,71227,IV,Federal Tax Deposits,Classification,4,2021,4,2021,3,09,24
2021-09-24,Corporation Income Taxes,null,2529,86073,395916,IV,Federal Tax Deposits,Classification,5,2021,4,2021,3,09,24
2021-09-24,Estate and Gift Taxes & Misc IRS Rcpts.,null,5,89,4627,IV,Federal Tax Deposits,Classification,7,2021,4,2021,3,09,24
2021-09-24,Cash Federal Tax Deposits,Direct,84,1700,30161,IV,Federal Tax Deposits,Classification,9,2021,4,2021,3,09,24
2021-09-24,Cash Federal Tax Deposits,Through Depositaries,10315,322280,3414013,IV,Federal Tax Deposits,Classification,10,2021,4,2021,3,09,24
2021-09-24,Inter-agency Transfers,null,83,8926,113002,IV,Federal Tax Deposits,Classification,12,2021,4,2021,3,09,24
2021-09-23,Inter-agency Transfers,null,314,8843,112919,IV,Federal Tax Deposits,Classification,12,2021,4,2021,3,09,23
2021-09-23,Withheld Income and Employment Taxes,null,3152,190052,2687907,IV,Federal Tax Deposits,Classification,1,2021,4,2021,3,09,23
2021-09-23,Individual Income Taxes,null,299,44307,378213,IV,Federal Tax Deposits,Classification,2,2021,4,2021,3,09,23
2021-09-23,Railroad Retirement Taxes,null,0,303,5166,IV,Federal Tax Deposits,Classification,3,2021,4,2021,3,09,23
2021-09-23,Excise Taxes,null,243,4106,71017,IV,Federal Tax Deposits,Classification,4,2021,4,2021,3,09,23
2021-09-23,Corporation Income Taxes,null,48,83545,393387,IV,Federal Tax Deposits,Classification,5,2021,4,2021,3,09,23
2021-09-23,Federal Unemployment Taxes,null,1,28,6382,IV,Federal Tax Deposits,Classification,6,2021,4,2021,3,09,23
2021-09-23,Estate and Gift Taxes & Misc IRS Rcpts.,null,4,84,4622,IV,Federal Tax Deposits,Classification,7,2021,4,2021,3,09,23
2021-09-23,Cash Federal Tax Deposits,Direct,-93,1617,30078,IV,Federal Tax Deposits,Classification,9,2021,4,2021,3,09,23
2021-09-23,Cash Federal Tax Deposits,Through Depositaries,3525,311965,3403698,IV,Federal Tax Deposits,Classification,10,2021,4,2021,3,09,23
2021-09-22,Withheld Income and Employment Taxes,null,11316,186900,2684756,IV,Federal Tax Deposits,Classification,1,2021,4,2021,3,09,22
2021-09-22,Individual Income Taxes,null,357,44008,377914,IV,Federal Tax Deposits,Classification,2,2021,4,2021,3,09,22
2021-09-22,Railroad Retirement Taxes,null,4,303,5166,IV,Federal Tax Deposits,Classification,3,2021,4,2021,3,09,22
2021-09-22,Excise Taxes,null,75,3864,70775,IV,Federal Tax Deposits,Classification,4,2021,4,2021,3,09,22
2021-09-22,Corporation Income Taxes,null,138,83497,393339,IV,Federal Tax Deposits,Classification,5,2021,4,2021,3,09,22
2021-09-22,Federal Unemployment Taxes,null,1,27,6381,IV,Federal Tax Deposits,Classification,6,2021,4,2021,3,09,22
2021-09-22,Estate and Gift Taxes & Misc IRS Rcpts.,null,4,80,4618,IV,Federal Tax Deposits,Classification,7,2021,4,2021,3,09,22
2021-09-22,Cash Federal Tax Deposits,Direct,111,1709,30170,IV,Federal Tax Deposits,Classification,9,2021,4,2021,3,09,22
2021-09-22,Cash Federal Tax Deposits,Through Depositaries,11718,308440,3400173,IV,Federal Tax Deposits,Classification,10,2021,4,2021,3,09,22
2021-09-22,Inter-agency Transfers,null,66,8529,112606,IV,Federal Tax Deposits,Classification,12,2021,4,2021,3,09,22
2021-09-21,Withheld Income and Employment Taxes,null,3243,175584,2673440,IV,Federal Tax Deposits,Classification,1,2021,4,2021,3,09,21
2021-09-21,Individual Income Taxes,null,631,43651,377558,IV,Federal Tax Deposits,Classification,2,2021,4,2021,3,09,21
2021-09-21,Railroad Retirement Taxes,null,8,299,5162,IV,Federal Tax Deposits,Classification,3,2021,4,2021,3,09,21
2021-09-21,Excise Taxes,null,37,3789,70700,IV,Federal Tax Deposits,Classification,4,2021,4,2021,3,09,21
2021-09-21,Corporation Income Taxes,null,65,83359,393202,IV,Federal Tax Deposits,Classification,5,2021,4,2021,3,09,21
2021-09-21,Federal Unemployment Taxes,null,1,25,6379,IV,Federal Tax Deposits,Classification,6,2021,4,2021,3,09,21
2021-09-21,Estate and Gift Taxes & Misc IRS Rcpts.,null,1,77,4615,IV,Federal Tax Deposits,Classification,7,2021,4,2021,3,09,21
2021-09-21,Cash Federal Tax Deposits,Direct,70,1599,30060,IV,Federal Tax Deposits,Classification,9,2021,4,2021,3,09,21
2021-09-21,Cash Federal Tax Deposits,Through Depositaries,3562,296722,3388455,IV,Federal Tax Deposits,Classification,10,2021,4,2021,3,09,21
2021-09-21,Inter-agency Transfers,null,355,8464,112540,IV,Federal Tax Deposits,Classification,12,2021,4,2021,3,09,21
2021-09-20,Withheld Income and Employment Taxes,null,20015,172341,2670197,IV,Federal Tax Deposits,Classification,1,2021,4,2021,3,09,20
2021-09-20,Individual Income Taxes,null,963,43021,376927,IV,Federal Tax Deposits,Classification,2,2021,4,2021,3,09,20
2021-09-20,Railroad Retirement Taxes,null,35,291,5154,IV,Federal Tax Deposits,Classification,3,2021,4,2021,3,09,20
2021-09-20,Excise Taxes,null,18,3752,70663,IV,Federal Tax Deposits,Classification,4,2021,4,2021,3,09,20
2021-09-20,Corporation Income Taxes,null,115,83294,393136,IV,Federal Tax Deposits,Classification,5,2021,4,2021,3,09,20
2021-09-20,Federal Unemployment Taxes,null,1,24,6378,IV,Federal Tax Deposits,Classification,6,2021,4,2021,3,09,20
2021-09-20,Estate and Gift Taxes & Misc IRS Rcpts.,null,1,75,4613,IV,Federal Tax Deposits,Classification,7,2021,4,2021,3,09,20
2021-09-20,Cash Federal Tax Deposits,Direct,27,1529,29990,IV,Federal Tax Deposits,Classification,9,2021,4,2021,3,09,20
2021-09-20,Cash Federal Tax Deposits,Through Depositaries,20219,293160,3384893,IV,Federal Tax Deposits,Classification,10,2021,4,2021,3,09,20
2021-09-20,Inter-agency Transfers,null,903,8109,112185,IV,Federal Tax Deposits,Classification,12,2021,4,2021,3,09,20
2021-09-17,Withheld Income and Employment Taxes,null,9343,152326,2650182,IV,Federal Tax Deposits,Classification,1,2021,4,2021,3,09,17
2021-09-17,Individual Income Taxes,null,1330,42057,375964,IV,Federal Tax Deposits,Classification,2,2021,4,2021,3,09,17
2021-09-17,Railroad Retirement Taxes,null,28,256,5119,IV,Federal Tax Deposits,Classification,3,2021,4,2021,3,09,17
2021-09-17,Excise Taxes,null,25,3733,70644,IV,Federal Tax Deposits,Classification,4,2021,4,2021,3,09,17
2021-09-17,Corporation Income Taxes,null,241,83178,393021,IV,Federal Tax Deposits,Classification,5,2021,4,2021,3,09,17
2021-09-17,Federal Unemployment Taxes,null,1,23,6377,IV,Federal Tax Deposits,Classification,6,2021,4,2021,3,09,17
2021-09-17,Estate and Gift Taxes & Misc IRS Rcpts.,null,3,74,4612,IV,Federal Tax Deposits,Classification,7,2021,4,2021,3,09,17
2021-09-17,Cash Federal Tax Deposits,Direct,40,1502,29963,IV,Federal Tax Deposits,Classification,9,2021,4,2021,3,09,17
2021-09-17,Cash Federal Tax Deposits,Through Depositaries,9879,272941,3364674,IV,Federal Tax Deposits,Classification,10,2021,4,2021,3,09,17
2021-09-17,Inter-agency Transfers,null,1052,7206,111282,IV,Federal Tax Deposits,Classification,12,2021,4,2021,3,09,17
2021-09-16,Withheld Income and Employment Taxes,null,14257,142983,2640838,IV,Federal Tax Deposits,Classification,1,2021,4,2021,3,09,16
2021-09-16,Individual Income Taxes,null,5830,40728,374634,IV,Federal Tax Deposits,Classification,2,2021,4,2021,3,09,16
2021-09-16,Railroad Retirement Taxes,null,9,228,5091,IV,Federal Tax Deposits,Classification,3,2021,4,2021,3,09,16
2021-09-16,Excise Taxes,null,81,3708,70619,IV,Federal Tax Deposits,Classification,4,2021,4,2021,3,09,16
2021-09-16,Corporation Income Taxes,null,1600,82937,392780,IV,Federal Tax Deposits,Classification,5,2021,4,2021,3,09,16
2021-09-16,Federal Unemployment Taxes,null,1,21,6375,IV,Federal Tax Deposits,Classification,6,2021,4,2021,3,09,16
2021-09-16,Estate and Gift Taxes & Misc IRS Rcpts.,null,3,72,4609,IV,Federal Tax Deposits,Classification,7,2021,4,2021,3,09,16
2021-09-16,Cash Federal Tax Deposits,Direct,67,1461,29922,IV,Federal Tax Deposits,Classification,9,2021,4,2021,3,09,16
2021-09-16,Cash Federal Tax Deposits,Through Depositaries,21702,263062,3354795,IV,Federal Tax Deposits,Classification,10,2021,4,2021,3,09,16
2021-09-16,Inter-agency Transfers,null,12,6154,110230,IV,Federal Tax Deposits,Classification,12,2021,4,2021,3,09,16
2021-09-15,Inter-agency Transfers,null,99,6142,110218,IV,Federal Tax Deposits,Classification,12,2021,4,2021,3,09,15
2021-09-15,Withheld Income and Employment Taxes,null,17422,128726,2626581,IV,Federal Tax Deposits,Classification,1,2021,4,2021,3,09,15
2021-09-15,Individual Income Taxes,null,15088,34897,368804,IV,Federal Tax Deposits,Classification,2,2021,4,2021,3,09,15
2021-09-15,Railroad Retirement Taxes,null,7,219,5081,IV,Federal Tax Deposits,Classification,3,2021,4,2021,3,09,15
2021-09-15,Excise Taxes,null,127,3628,70539,IV,Federal Tax Deposits,Classification,4,2021,4,2021,3,09,15
2021-09-15,Corporation Income Taxes,null,51290,81337,391180,IV,Federal Tax Deposits,Classification,5,2021,4,2021,3,09,15
2021-09-15,Federal Unemployment Taxes,null,3,20,6374,IV,Federal Tax Deposits,Classification,6,2021,4,2021,3,09,15
2021-09-15,Estate and Gift Taxes & Misc IRS Rcpts.,null,2,69,4607,IV,Federal Tax Deposits,Classification,7,2021,4,2021,3,09,15
2021-09-15,Cash Federal Tax Deposits,Direct,65,1394,29855,IV,Federal Tax Deposits,Classification,9,2021,4,2021,3,09,15
2021-09-15,Cash Federal Tax Deposits,Through Depositaries,83775,241360,3333093,IV,Federal Tax Deposits,Classification,10,2021,4,2021,3,09,15
2021-09-14,Withheld Income and Employment Taxes,null,4943,111304,2609159,IV,Federal Tax Deposits,Classification,1,2021,4,2021,3,09,14
2021-09-14,Individual Income Taxes,null,6716,19810,353716,IV,Federal Tax Deposits,Classification,2,2021,4,2021,3,09,14
2021-09-14,Railroad Retirement Taxes,null,5,212,5075,IV,Federal Tax Deposits,Classification,3,2021,4,2021,3,09,14
2021-09-14,Excise Taxes,null,2214,3501,70412,IV,Federal Tax Deposits,Classification,4,2021,4,2021,3,09,14
2021-09-14,Corporation Income Taxes,null,17828,30047,339889,IV,Federal Tax Deposits,Classification,5,2021,4,2021,3,09,14
2021-09-14,Federal Unemployment Taxes,null,1,17,6371,IV,Federal Tax Deposits,Classification,6,2021,4,2021,3,09,14
2021-09-14,Estate and Gift Taxes & Misc IRS Rcpts.,null,16,67,4605,IV,Federal Tax Deposits,Classification,7,2021,4,2021,3,09,14
2021-09-14,Cash Federal Tax Deposits,Direct,785,1329,29790,IV,Federal Tax Deposits,Classification,9,2021,4,2021,3,09,14
2021-09-14,Cash Federal Tax Deposits,Through Depositaries,30892,157585,3249318,IV,Federal Tax Deposits,Classification,10,2021,4,2021,3,09,14
2021-09-14,Inter-agency Transfers,null,46,6043,110119,IV,Federal Tax Deposits,Classification,12,2021,4,2021,3,09,14
2021-09-13,Withheld Income and Employment Taxes,null,17693,106360,2604216,IV,Federal Tax Deposits,Classification,1,2021,4,2021,3,09,13
2021-09-13,Individual Income Taxes,null,6003,13094,347001,IV,Federal Tax Deposits,Classification,2,2021,4,2021,3,09,13
2021-09-13,Railroad Retirement Taxes,null,70,207,5070,IV,Federal Tax Deposits,Classification,3,2021,4,2021,3,09,13
2021-09-13,Excise Taxes,null,533,1287,68198,IV,Federal Tax Deposits,Classification,4,2021,4,2021,3,09,13
2021-09-13,Corporation Income Taxes,null,6845,12219,322061,IV,Federal Tax Deposits,Classification,5,2021,4,2021,3,09,13
2021-09-13,Federal Unemployment Taxes,null,1,15,6369,IV,Federal Tax Deposits,Classification,6,2021,4,2021,3,09,13
2021-09-13,Estate and Gift Taxes & Misc IRS Rcpts.,null,3,52,4590,IV,Federal Tax Deposits,Classification,7,2021,4,2021,3,09,13
2021-09-13,Cash Federal Tax Deposits,Direct,190,544,29005,IV,Federal Tax Deposits,Classification,9,2021,4,2021,3,09,13
2021-09-13,Cash Federal Tax Deposits,Through Depositaries,30949,126694,3218426,IV,Federal Tax Deposits,Classification,10,2021,4,2021,3,09,13
2021-09-13,Inter-agency Transfers,null,10,5996,110073,IV,Federal Tax Deposits,Classification,12,2021,4,2021,3,09,13
2021-09-10,Withheld Income and Employment Taxes,null,9013,88667,2586522,IV,Federal Tax Deposits,Classification,1,2021,4,2021,3,09,10
2021-09-10,Individual Income Taxes,null,2123,7091,340998,IV,Federal Tax Deposits,Classification,2,2021,4,2021,3,09,10
2021-09-10,Railroad Retirement Taxes,null,53,137,5000,IV,Federal Tax Deposits,Classification,3,2021,4,2021,3,09,10
2021-09-10,Excise Taxes,null,462,754,67665,IV,Federal Tax Deposits,Classification,4,2021,4,2021,3,09,10
2021-09-10,Corporation Income Taxes,null,3242,5374,315216,IV,Federal Tax Deposits,Classification,5,2021,4,2021,3,09,10
2021-09-10,Federal Unemployment Taxes,null,4,14,6368,IV,Federal Tax Deposits,Classification,6,2021,4,2021,3,09,10
2021-09-10,Estate and Gift Taxes & Misc IRS Rcpts.,null,10,48,4586,IV,Federal Tax Deposits,Classification,7,2021,4,2021,3,09,10
2021-09-10,Cash Federal Tax Deposits,Direct,75,354,28815,IV,Federal Tax Deposits,Classification,9,2021,4,2021,3,09,10
2021-09-10,Cash Federal Tax Deposits,Through Depositaries,14003,95745,3187478,IV,Federal Tax Deposits,Classification,10,2021,4,2021,3,09,10
2021-09-10,Inter-agency Transfers,null,828,5986,110063,IV,Federal Tax Deposits,Classification,12,2021,4,2021,3,09,10
2021-09-09,Withheld Income and Employment Taxes,null,8999,79654,2577509,IV,Federal Tax Deposits,Classification,1,2021,4,2021,3,09,09
2021-09-09,Individual Income Taxes,null,1177,4969,338875,IV,Federal Tax Deposits,Classification,2,2021,4,2021,3,09,09
2021-09-09,Railroad Retirement Taxes,null,1,84,4947,IV,Federal Tax Deposits,Classification,3,2021,4,2021,3,09,09
2021-09-09,Excise Taxes,null,97,292,67203,IV,Federal Tax Deposits,Classification,4,2021,4,2021,3,09,09
2021-09-09,Corporation Income Taxes,null,818,2132,311974,IV,Federal Tax Deposits,Classification,5,2021,4,2021,3,09,09
2021-09-09,Federal Unemployment Taxes,null,2,10,6364,IV,Federal Tax Deposits,Classification,6,2021,4,2021,3,09,09
2021-09-09,Estate and Gift Taxes & Misc IRS Rcpts.,null,8,38,4576,IV,Federal Tax Deposits,Classification,7,2021,4,2021,3,09,09
2021-09-09,Cash Federal Tax Deposits,Direct,85,279,28740,IV,Federal Tax Deposits,Classification,9,2021,4,2021,3,09,09
2021-09-09,Cash Federal Tax Deposits,Through Depositaries,10760,81742,3173475,IV,Federal Tax Deposits,Classification,10,2021,4,2021,3,09,09
2021-09-09,Inter-agency Transfers,null,256,5158,109235,IV,Federal Tax Deposits,Classification,12,2021,4,2021,3,09,09
2021-09-08,Withheld Income and Employment Taxes,null,4770,70655,2568510,IV,Federal Tax Deposits,Classification,1,2021,4,2021,3,09,08
2021-09-08,Individual Income Taxes,null,974,3792,337698,IV,Federal Tax Deposits,Classification,2,2021,4,2021,3,09,08
2021-09-08,Railroad Retirement Taxes,null,2,83,4946,IV,Federal Tax Deposits,Classification,3,2021,4,2021,3,09,08
2021-09-08,Excise Taxes,null,44,196,67106,IV,Federal Tax Deposits,Classification,4,2021,4,2021,3,09,08
2021-09-08,Corporation Income Taxes,null,409,1314,311156,IV,Federal Tax Deposits,Classification,5,2021,4,2021,3,09,08
2021-09-08,Federal Unemployment Taxes,null,1,8,6362,IV,Federal Tax Deposits,Classification,6,2021,4,2021,3,09,08
2021-09-08,Estate and Gift Taxes & Misc IRS Rcpts.,null,7,31,4568,IV,Federal Tax Deposits,Classification,7,2021,4,2021,3,09,08
2021-09-08,Cash Federal Tax Deposits,Direct,53,194,28655,IV,Federal Tax Deposits,Classification,9,2021,4,2021,3,09,08
2021-09-08,Cash Federal Tax Deposits,Through Depositaries,6140,70982,3162715,IV,Federal Tax Deposits,Classification,10,2021,4,2021,3,09,08
2021-09-08,Inter-agency Transfers,null,14,4902,108978,IV,Federal Tax Deposits,Classification,12,2021,4,2021,3,09,08
2021-09-07,Withheld Income and Employment Taxes,null,20179,65885,2563741,IV,Federal Tax Deposits,Classification,1,2021,4,2021,3,09,07
2021-09-07,Individual Income Taxes,null,1261,2818,336724,IV,Federal Tax Deposits,Classification,2,2021,4,2021,3,09,07
2021-09-07,Railroad Retirement Taxes,null,29,81,4944,IV,Federal Tax Deposits,Classification,3,2021,4,2021,3,09,07
2021-09-07,Excise Taxes,null,22,152,67063,IV,Federal Tax Deposits,Classification,4,2021,4,2021,3,09,07
2021-09-07,Corporation Income Taxes,null,304,905,310747,IV,Federal Tax Deposits,Classification,5,2021,4,2021,3,09,07
2021-09-07,Federal Unemployment Taxes,null,2,7,6361,IV,Federal Tax Deposits,Classification,6,2021,4,2021,3,09,07
2021-09-07,Estate and Gift Taxes & Misc IRS Rcpts.,null,4,24,4562,IV,Federal Tax Deposits,Classification,7,2021,4,2021,3,09,07
2021-09-07,Cash Federal Tax Deposits,Direct,16,141,28602,IV,Federal Tax Deposits,Classification,9,2021,4,2021,3,09,07
2021-09-07,Cash Federal Tax Deposits,Through Depositaries,21064,64842,3156574,IV,Federal Tax Deposits,Classification,10,2021,4,2021,3,09,07
2021-09-07,Inter-agency Transfers,null,721,4888,108965,IV,Federal Tax Deposits,Classification,12,2021,4,2021,3,09,07
2021-09-03,Inter-agency Transfers,null,2811,4167,108244,IV,Federal Tax Deposits,Classification,12,2021,4,2021,3,09,03
2021-09-03,Withheld Income and Employment Taxes,null,13434,45706,2543561,IV,Federal Tax Deposits,Classification,1,2021,4,2021,3,09,03
2021-09-03,Individual Income Taxes,null,543,1557,335463,IV,Federal Tax Deposits,Classification,2,2021,4,2021,3,09,03
2021-09-03,Railroad Retirement Taxes,null,35,52,4915,IV,Federal Tax Deposits,Classification,3,2021,4,2021,3,09,03
2021-09-03,Excise Taxes,null,22,130,67041,IV,Federal Tax Deposits,Classification,4,2021,4,2021,3,09,03
2021-09-03,Corporation Income Taxes,null,323,601,310443,IV,Federal Tax Deposits,Classification,5,2021,4,2021,3,09,03
2021-09-03,Federal Unemployment Taxes,null,2,5,6359,IV,Federal Tax Deposits,Classification,6,2021,4,2021,3,09,03
2021-09-03,Estate and Gift Taxes & Misc IRS Rcpts.,null,11,20,4558,IV,Federal Tax Deposits,Classification,7,2021,4,2021,3,09,03
2021-09-03,Cash Federal Tax Deposits,Direct,24,125,28586,IV,Federal Tax Deposits,Classification,9,2021,4,2021,3,09,03
2021-09-03,Cash Federal Tax Deposits,Through Depositaries,11533,43777,3135510,IV,Federal Tax Deposits,Classification,10,2021,4,2021,3,09,03
2021-09-02,Withheld Income and Employment Taxes,null,7172,32272,2530127,IV,Federal Tax Deposits,Classification,1,2021,4,2021,3,09,02
2021-09-02,Individual Income Taxes,null,465,1014,334921,IV,Federal Tax Deposits,Classification,2,2021,4,2021,3,09,02
2021-09-02,Railroad Retirement Taxes,null,7,17,4880,IV,Federal Tax Deposits,Classification,3,2021,4,2021,3,09,02
2021-09-02,Excise Taxes,null,87,107,67018,IV,Federal Tax Deposits,Classification,4,2021,4,2021,3,09,02
2021-09-02,Corporation Income Taxes,null,199,278,310120,IV,Federal Tax Deposits,Classification,5,2021,4,2021,3,09,02
2021-09-02,Federal Unemployment Taxes,null,1,3,6357,IV,Federal Tax Deposits,Classification,6,2021,4,2021,3,09,02
2021-09-02,Estate and Gift Taxes & Misc IRS Rcpts.,null,3,9,4547,IV,Federal Tax Deposits,Classification,7,2021,4,2021,3,09,02
2021-09-02,Cash Federal Tax Deposits,Direct,50,101,28562,IV,Federal Tax Deposits,Classification,9,2021,4,2021,3,09,02
2021-09-02,Cash Federal Tax Deposits,Through Depositaries,7426,32244,3123977,IV,Federal Tax Deposits,Classification,10,2021,4,2021,3,09,02
2021-09-02,Inter-agency Transfers,null,458,1356,105433,IV,Federal Tax Deposits,Classification,12,2021,4,2021,3,09,02
2021-09-01,Withheld Income and Employment Taxes,null,25100,25100,2522955,IV,Federal Tax Deposits,Classification,1,2021,4,2021,3,09,01
2021-09-01,Individual Income Taxes,null,549,549,334456,IV,Federal Tax Deposits,Classification,2,2021,4,2021,3,09,01
2021-09-01,Railroad Retirement Taxes,null,10,10,4873,IV,Federal Tax Deposits,Classification,3,2021,4,2021,3,09,01
2021-09-01,Excise Taxes,null,20,20,66931,IV,Federal Tax Deposits,Classification,4,2021,4,2021,3,09,01
2021-09-01,Corporation Income Taxes,null,79,79,309922,IV,Federal Tax Deposits,Classification,5,2021,4,2021,3,09,01
2021-09-01,Federal Unemployment Taxes,null,2,2,6356,IV,Federal Tax Deposits,Classification,6,2021,4,2021,3,09,01
2021-09-01,Estate and Gift Taxes & Misc IRS Rcpts.,null,6,6,4544,IV,Federal Tax Deposits,Classification,7,2021,4,2021,3,09,01
2021-09-01,Cash Federal Tax Deposits,Direct,50,50,28511,IV,Federal Tax Deposits,Classification,9,2021,4,2021,3,09,01
2021-09-01,Cash Federal Tax Deposits,Through Depositaries,24818,24818,3116551,IV,Federal Tax Deposits,Classification,10,2021,4,2021,3,09,01
2021-09-01,Inter-agency Transfers,null,898,898,104975,IV,Federal Tax Deposits,Classification,12,2021,4,2021,3,09,01
2021-08-31,Withheld Income and Employment Taxes,null,4989,229891,2497855,IV,Federal Tax Deposits,Classification,1,2021,4,2021,3,08,31
2021-08-31,Individual Income Taxes,null,346,6845,333907,IV,Federal Tax Deposits,Classification,2,2021,4,2021,3,08,31
2021-08-31,Railroad Retirement Taxes,null,18,467,4863,IV,Federal Tax Deposits,Classification,3,2021,4,2021,3,08,31
2021-08-31,Excise Taxes,null,170,7197,66911,IV,Federal Tax Deposits,Classification,4,2021,4,2021,3,08,31
2021-08-31,Corporation Income Taxes,null,182,4310,309843,IV,Federal Tax Deposits,Classification,5,2021,4,2021,3,08,31
2021-08-31,Federal Unemployment Taxes,null,1,589,6354,IV,Federal Tax Deposits,Classification,6,2021,4,2021,3,08,31
2021-08-31,Estate and Gift Taxes & Misc IRS Rcpts.,null,1,101,4538,IV,Federal Tax Deposits,Classification,7,2021,4,2021,3,08,31
2021-08-31,Cash Federal Tax Deposits,Direct,46,2862,28461,IV,Federal Tax Deposits,Classification,9,2021,4,2021,3,08,31
2021-08-31,Cash Federal Tax Deposits,Through Depositaries,5267,237854,3091733,IV,Federal Tax Deposits,Classification,10,2021,4,2021,3,08,31
2021-08-31,Inter-agency Transfers,null,395,8685,104076,IV,Federal Tax Deposits,Classification,12,2021,4,2021,3,08,31
2021-08-30,Withheld Income and Employment Taxes,null,16203,224903,2492866,IV,Federal Tax Deposits,Classification,1,2021,4,2021,3,08,30
2021-08-30,Individual Income Taxes,null,717,6499,333561,IV,Federal Tax Deposits,Classification,2,2021,4,2021,3,08,30
2021-08-30,Railroad Retirement Taxes,null,34,450,4845,IV,Federal Tax Deposits,Classification,3,2021,4,2021,3,08,30
2021-08-30,Excise Taxes,null,107,7027,66741,IV,Federal Tax Deposits,Classification,4,2021,4,2021,3,08,30
2021-08-30,Corporation Income Taxes,null,149,4128,309661,IV,Federal Tax Deposits,Classification,5,2021,4,2021,3,08,30
2021-08-30,Federal Unemployment Taxes,null,2,588,6353,IV,Federal Tax Deposits,Classification,6,2021,4,2021,3,08,30
2021-08-30,Estate and Gift Taxes & Misc IRS Rcpts.,null,2,100,4536,IV,Federal Tax Deposits,Classification,7,2021,4,2021,3,08,30
2021-08-30,Cash Federal Tax Deposits,Direct,34,2817,28415,IV,Federal Tax Deposits,Classification,9,2021,4,2021,3,08,30
2021-08-30,Cash Federal Tax Deposits,Through Depositaries,17158,232588,3086466,IV,Federal Tax Deposits,Classification,10,2021,4,2021,3,08,30
2021-08-30,Inter-agency Transfers,null,22,8290,103681,IV,Federal Tax Deposits,Classification,12,2021,4,2021,3,08,30
2021-08-27,Federal Unemployment Taxes,null,2,586,6351,IV,Federal Tax Deposits,Classification,6,2021,4,2021,3,08,27
2021-08-27,Withheld Income and Employment Taxes,null,7361,208700,2476664,IV,Federal Tax Deposits,Classification,1,2021,4,2021,3,08,27
2021-08-27,Individual Income Taxes,null,255,5782,332843,IV,Federal Tax Deposits,Classification,2,2021,4,2021,3,08,27
2021-08-27,Railroad Retirement Taxes,null,17,416,4811,IV,Federal Tax Deposits,Classification,3,2021,4,2021,3,08,27
2021-08-27,Excise Taxes,null,1982,6920,66634,IV,Federal Tax Deposits,Classification,4,2021,4,2021,3,08,27
2021-08-27,Corporation Income Taxes,null,72,3980,309512,IV,Federal Tax Deposits,Classification,5,2021,4,2021,3,08,27
2021-08-27,Estate and Gift Taxes & Misc IRS Rcpts.,null,6,97,4534,IV,Federal Tax Deposits,Classification,7,2021,4,2021,3,08,27
2021-08-27,Cash Federal Tax Deposits,Direct,619,2783,28381,IV,Federal Tax Deposits,Classification,9,2021,4,2021,3,08,27
2021-08-27,Cash Federal Tax Deposits,Through Depositaries,9066,215430,3069309,IV,Federal Tax Deposits,Classification,10,2021,4,2021,3,08,27
2021-08-27,Inter-agency Transfers,null,10,8267,103659,IV,Federal Tax Deposits,Classification,12,2021,4,2021,3,08,27
2021-08-26,Withheld Income and Employment Taxes,null,3388,201338,2469302,IV,Federal Tax Deposits,Classification,1,2021,4,2021,3,08,26
2021-08-26,Individual Income Taxes,null,424,5527,332588,IV,Federal Tax Deposits,Classification,2,2021,4,2021,3,08,26
2021-08-26,Railroad Retirement Taxes,null,37,399,4794,IV,Federal Tax Deposits,Classification,3,2021,4,2021,3,08,26
2021-08-26,Excise Taxes,null,451,4938,64652,IV,Federal Tax Deposits,Classification,4,2021,4,2021,3,08,26
2021-08-26,Corporation Income Taxes,null,45,3907,309440,IV,Federal Tax Deposits,Classification,5,2021,4,2021,3,08,26
2021-08-26,Federal Unemployment Taxes,null,1,585,6350,IV,Federal Tax Deposits,Classification,6,2021,4,2021,3,08,26
2021-08-26,Estate and Gift Taxes & Misc IRS Rcpts.,null,1,91,4528,IV,Federal Tax Deposits,Classification,7,2021,4,2021,3,08,26
2021-08-26,Cash Federal Tax Deposits,Direct,131,2163,27762,IV,Federal Tax Deposits,Classification,9,2021,4,2021,3,08,26
2021-08-26,Cash Federal Tax Deposits,Through Depositaries,3961,206364,3060243,IV,Federal Tax Deposits,Classification,10,2021,4,2021,3,08,26
2021-08-26,Inter-agency Transfers,null,255,8258,103649,IV,Federal Tax Deposits,Classification,12,2021,4,2021,3,08,26
2021-08-25,Withheld Income and Employment Taxes,null,10112,197950,2465914,IV,Federal Tax Deposits,Classification,1,2021,4,2021,3,08,25
2021-08-25,Individual Income Taxes,null,272,5103,332164,IV,Federal Tax Deposits,Classification,2,2021,4,2021,3,08,25
2021-08-25,Railroad Retirement Taxes,null,32,362,4758,IV,Federal Tax Deposits,Classification,3,2021,4,2021,3,08,25
2021-08-25,Excise Taxes,null,458,4487,64201,IV,Federal Tax Deposits,Classification,4,2021,4,2021,3,08,25
2021-08-25,Corporation Income Taxes,null,111,3862,309395,IV,Federal Tax Deposits,Classification,5,2021,4,2021,3,08,25
2021-08-25,Federal Unemployment Taxes,null,1,583,6348,IV,Federal Tax Deposits,Classification,6,2021,4,2021,3,08,25
2021-08-25,Estate and Gift Taxes & Misc IRS Rcpts.,null,6,91,4527,IV,Federal Tax Deposits,Classification,7,2021,4,2021,3,08,25
2021-08-25,Cash Federal Tax Deposits,Direct,120,2032,27631,IV,Federal Tax Deposits,Classification,9,2021,4,2021,3,08,25
2021-08-25,Cash Federal Tax Deposits,Through Depositaries,10577,202403,3056282,IV,Federal Tax Deposits,Classification,10,2021,4,2021,3,08,25
2021-08-25,Inter-agency Transfers,null,295,8003,103394,IV,Federal Tax Deposits,Classification,12,2021,4,2021,3,08,25
2021-08-24,Withheld Income and Employment Taxes,null,3355,187838,2455802,IV,Federal Tax Deposits,Classification,1,2021,4,2021,3,08,24
2021-08-24,Individual Income Taxes,null,272,4831,331892,IV,Federal Tax Deposits,Classification,2,2021,4,2021,3,08,24
2021-08-24,Railroad Retirement Taxes,null,2,330,4726,IV,Federal Tax Deposits,Classification,3,2021,4,2021,3,08,24
2021-08-24,Excise Taxes,null,74,4029,63743,IV,Federal Tax Deposits,Classification,4,2021,4,2021,3,08,24
2021-08-24,Corporation Income Taxes,null,71,3751,309284,IV,Federal Tax Deposits,Classification,5,2021,4,2021,3,08,24
2021-08-24,Federal Unemployment Taxes,null,2,582,6347,IV,Federal Tax Deposits,Classification,6,2021,4,2021,3,08,24
2021-08-24,Estate and Gift Taxes & Misc IRS Rcpts.,null,22,85,4522,IV,Federal Tax Deposits,Classification,7,2021,4,2021,3,08,24
2021-08-24,Cash Federal Tax Deposits,Direct,55,1912,27511,IV,Federal Tax Deposits,Classification,9,2021,4,2021,3,08,24
2021-08-24,Cash Federal Tax Deposits,Through Depositaries,2956,191826,3045704,IV,Federal Tax Deposits,Classification,10,2021,4,2021,3,08,24
2021-08-24,Inter-agency Transfers,null,787,7707,103099,IV,Federal Tax Deposits,Classification,12,2021,4,2021,3,08,24
2021-08-23,Withheld Income and Employment Taxes,null,21637,184483,2452446,IV,Federal Tax Deposits,Classification,1,2021,4,2021,3,08,23
2021-08-23,Individual Income Taxes,null,344,4559,331621,IV,Federal Tax Deposits,Classification,2,2021,4,2021,3,08,23
2021-08-23,Railroad Retirement Taxes,null,47,328,4723,IV,Federal Tax Deposits,Classification,3,2021,4,2021,3,08,23
2021-08-23,Excise Taxes,null,81,3954,63668,IV,Federal Tax Deposits,Classification,4,2021,4,2021,3,08,23
2021-08-23,Corporation Income Taxes,null,86,3681,309213,IV,Federal Tax Deposits,Classification,5,2021,4,2021,3,08,23
2021-08-23,Federal Unemployment Taxes,null,1,580,6345,IV,Federal Tax Deposits,Classification,6,2021,4,2021,3,08,23
2021-08-23,Estate and Gift Taxes & Misc IRS Rcpts.,null,8,63,4500,IV,Federal Tax Deposits,Classification,7,2021,4,2021,3,08,23
2021-08-23,Cash Federal Tax Deposits,Direct,52,1858,27456,IV,Federal Tax Deposits,Classification,9,2021,4,2021,3,08,23
2021-08-23,Cash Federal Tax Deposits,Through Depositaries,21420,188870,3042748,IV,Federal Tax Deposits,Classification,10,2021,4,2021,3,08,23
2021-08-23,Inter-agency Transfers,null,731,6920,102312,IV,Federal Tax Deposits,Classification,12,2021,4,2021,3,08,23
2021-08-20,Withheld Income and Employment Taxes,null,8314,162846,2430810,IV,Federal Tax Deposits,Classification,1,2021,4,2021,3,08,20
2021-08-20,Individual Income Taxes,null,270,4216,331277,IV,Federal Tax Deposits,Classification,2,2021,4,2021,3,08,20
2021-08-20,Railroad Retirement Taxes,null,15,281,4677,IV,Federal Tax Deposits,Classification,3,2021,4,2021,3,08,20
2021-08-20,Excise Taxes,null,37,3873,63587,IV,Federal Tax Deposits,Classification,4,2021,4,2021,3,08,20
2021-08-20,Corporation Income Taxes,null,40,3595,309127,IV,Federal Tax Deposits,Classification,5,2021,4,2021,3,08,20
2021-08-20,Federal Unemployment Taxes,null,2,579,6344,IV,Federal Tax Deposits,Classification,6,2021,4,2021,3,08,20
2021-08-20,Estate and Gift Taxes & Misc IRS Rcpts.,null,2,55,4492,IV,Federal Tax Deposits,Classification,7,2021,4,2021,3,08,20
2021-08-20,Cash Federal Tax Deposits,Direct,33,1806,27405,IV,Federal Tax Deposits,Classification,9,2021,4,2021,3,08,20
2021-08-20,Cash Federal Tax Deposits,Through Depositaries,7652,167449,3021328,IV,Federal Tax Deposits,Classification,10,2021,4,2021,3,08,20
2021-08-20,Inter-agency Transfers,null,994,6189,101581,IV,Federal Tax Deposits,Classification,12,2021,4,2021,3,08,20
2021-08-19,Withheld Income and Employment Taxes,null,2319,154532,2422496,IV,Federal Tax Deposits,Classification,1,2021,4,2021,3,08,19
2021-08-19,Individual Income Taxes,null,205,3946,331007,IV,Federal Tax Deposits,Classification,2,2021,4,2021,3,08,19
2021-08-19,Railroad Retirement Taxes,null,1,266,4661,IV,Federal Tax Deposits,Classification,3,2021,4,2021,3,08,19
2021-08-19,Excise Taxes,null,44,3836,63550,IV,Federal Tax Deposits,Classification,4,2021,4,2021,3,08,19
2021-08-19,Corporation Income Taxes,null,46,3555,309088,IV,Federal Tax Deposits,Classification,5,2021,4,2021,3,08,19
2021-08-19,Federal Unemployment Taxes,null,1,577,6342,IV,Federal Tax Deposits,Classification,6,2021,4,2021,3,08,19
2021-08-19,Estate and Gift Taxes & Misc IRS Rcpts.,null,5,53,4490,IV,Federal Tax Deposits,Classification,7,2021,4,2021,3,08,19
2021-08-19,Cash Federal Tax Deposits,Direct,42,1773,27372,IV,Federal Tax Deposits,Classification,9,2021,4,2021,3,08,19
2021-08-19,Cash Federal Tax Deposits,Through Depositaries,2566,159797,3013676,IV,Federal Tax Deposits,Classification,10,2021,4,2021,3,08,19
2021-08-19,Inter-agency Transfers,null,12,5195,100587,IV,Federal Tax Deposits,Classification,12,2021,4,2021,3,08,19
2021-08-18,Inter-agency Transfers,null,44,5184,100575,IV,Federal Tax Deposits,Classification,12,2021,4,2021,3,08,18
2021-08-18,Withheld Income and Employment Taxes,null,12016,152213,2420177,IV,Federal Tax Deposits,Classification,1,2021,4,2021,3,08,18
2021-08-18,Individual Income Taxes,null,253,3741,330802,IV,Federal Tax Deposits,Classification,2,2021,4,2021,3,08,18
2021-08-18,Railroad Retirement Taxes,null,2,265,4661,IV,Federal Tax Deposits,Classification,3,2021,4,2021,3,08,18
2021-08-18,Excise Taxes,null,39,3792,63506,IV,Federal Tax Deposits,Classification,4,2021,4,2021,3,08,18
2021-08-18,Corporation Income Taxes,null,130,3509,309042,IV,Federal Tax Deposits,Classification,5,2021,4,2021,3,08,18
2021-08-18,Federal Unemployment Taxes,null,2,576,6341,IV,Federal Tax Deposits,Classification,6,2021,4,2021,3,08,18
2021-08-18,Estate and Gift Taxes & Misc IRS Rcpts.,null,2,49,4485,IV,Federal Tax Deposits,Classification,7,2021,4,2021,3,08,18
2021-08-18,Cash Federal Tax Deposits,Direct,77,1731,27330,IV,Federal Tax Deposits,Classification,9,2021,4,2021,3,08,18
2021-08-18,Cash Federal Tax Deposits,Through Depositaries,12323,157231,3011110,IV,Federal Tax Deposits,Classification,10,2021,4,2021,3,08,18
2021-08-17,Withheld Income and Employment Taxes,null,3531,140197,2408161,IV,Federal Tax Deposits,Classification,1,2021,4,2021,3,08,17
2021-08-17,Individual Income Taxes,null,269,3488,330549,IV,Federal Tax Deposits,Classification,2,2021,4,2021,3,08,17
2021-08-17,Railroad Retirement Taxes,null,1,263,4658,IV,Federal Tax Deposits,Classification,3,2021,4,2021,3,08,17
2021-08-17,Excise Taxes,null,29,3753,63467,IV,Federal Tax Deposits,Classification,4,2021,4,2021,3,08,17
2021-08-17,Corporation Income Taxes,null,117,3379,308912,IV,Federal Tax Deposits,Classification,5,2021,4,2021,3,08,17
2021-08-17,Federal Unemployment Taxes,null,1,574,6339,IV,Federal Tax Deposits,Classification,6,2021,4,2021,3,08,17
2021-08-17,Estate and Gift Taxes & Misc IRS Rcpts.,null,1,46,4483,IV,Federal Tax Deposits,Classification,7,2021,4,2021,3,08,17
2021-08-17,Cash Federal Tax Deposits,Direct,51,1654,27252,IV,Federal Tax Deposits,Classification,9,2021,4,2021,3,08,17
2021-08-17,Cash Federal Tax Deposits,Through Depositaries,3852,144907,2998786,IV,Federal Tax Deposits,Classification,10,2021,4,2021,3,08,17
2021-08-17,Inter-agency Transfers,null,47,5140,100531,IV,Federal Tax Deposits,Classification,12,2021,4,2021,3,08,17
2021-08-16,Withheld Income and Employment Taxes,null,29090,136666,2404630,IV,Federal Tax Deposits,Classification,1,2021,4,2021,3,08,16
2021-08-16,Individual Income Taxes,null,539,3219,330280,IV,Federal Tax Deposits,Classification,2,2021,4,2021,3,08,16
2021-08-16,Railroad Retirement Taxes,null,44,262,4657,IV,Federal Tax Deposits,Classification,3,2021,4,2021,3,08,16
2021-08-16,Excise Taxes,null,83,3725,63439,IV,Federal Tax Deposits,Classification,4,2021,4,2021,3,08,16
2021-08-16,Corporation Income Taxes,null,1179,3262,308795,IV,Federal Tax Deposits,Classification,5,2021,4,2021,3,08,16
2021-08-16,Federal Unemployment Taxes,null,3,573,6338,IV,Federal Tax Deposits,Classification,6,2021,4,2021,3,08,16
2021-08-16,Estate and Gift Taxes & Misc IRS Rcpts.,null,3,45,4482,IV,Federal Tax Deposits,Classification,7,2021,4,2021,3,08,16
2021-08-16,Cash Federal Tax Deposits,Direct,69,1603,27201,IV,Federal Tax Deposits,Classification,9,2021,4,2021,3,08,16
2021-08-16,Cash Federal Tax Deposits,Through Depositaries,30861,141056,2994934,IV,Federal Tax Deposits,Classification,10,2021,4,2021,3,08,16
2021-08-16,Inter-agency Transfers,null,11,5093,100485,IV,Federal Tax Deposits,Classification,12,2021,4,2021,3,08,16
2021-08-13,Withheld Income and Employment Taxes,null,8089,107576,2375540,IV,Federal Tax Deposits,Classification,1,2021,4,2021,3,08,13
2021-08-13,Individual Income Taxes,null,241,2680,329741,IV,Federal Tax Deposits,Classification,2,2021,4,2021,3,08,13
2021-08-13,Railroad Retirement Taxes,null,22,217,4613,IV,Federal Tax Deposits,Classification,3,2021,4,2021,3,08,13
2021-08-13,Excise Taxes,null,1947,3641,63355,IV,Federal Tax Deposits,Classification,4,2021,4,2021,3,08,13
2021-08-13,Corporation Income Taxes,null,1099,2083,307615,IV,Federal Tax Deposits,Classification,5,2021,4,2021,3,08,13
2021-08-13,Federal Unemployment Taxes,null,3,570,6335,IV,Federal Tax Deposits,Classification,6,2021,4,2021,3,08,13
2021-08-13,Estate and Gift Taxes & Misc IRS Rcpts.,null,8,42,4479,IV,Federal Tax Deposits,Classification,7,2021,4,2021,3,08,13
2021-08-13,Cash Federal Tax Deposits,Direct,635,1533,27132,IV,Federal Tax Deposits,Classification,9,2021,4,2021,3,08,13
2021-08-13,Cash Federal Tax Deposits,Through Depositaries,10652,110194,2964073,IV,Federal Tax Deposits,Classification,10,2021,4,2021,3,08,13
2021-08-13,Inter-agency Transfers,null,122,5082,100474,IV,Federal Tax Deposits,Classification,12,2021,4,2021,3,08,13
2021-08-12,Withheld Income and Employment Taxes,null,2604,99487,2367451,IV,Federal Tax Deposits,Classification,1,2021,4,2021,3,08,12
2021-08-12,Individual Income Taxes,null,266,2439,329501,IV,Federal Tax Deposits,Classification,2,2021,4,2021,3,08,12
2021-08-12,Railroad Retirement Taxes,null,1,196,4591,IV,Federal Tax Deposits,Classification,3,2021,4,2021,3,08,12
2021-08-12,Excise Taxes,null,591,1695,61409,IV,Federal Tax Deposits,Classification,4,2021,4,2021,3,08,12
2021-08-12,Corporation Income Taxes,null,297,984,306516,IV,Federal Tax Deposits,Classification,5,2021,4,2021,3,08,12
2021-08-12,Federal Unemployment Taxes,null,1,567,6332,IV,Federal Tax Deposits,Classification,6,2021,4,2021,3,08,12
2021-08-12,Estate and Gift Taxes & Misc IRS Rcpts.,null,6,34,4471,IV,Federal Tax Deposits,Classification,7,2021,4,2021,3,08,12
2021-08-12,Cash Federal Tax Deposits,Direct,152,899,26497,IV,Federal Tax Deposits,Classification,9,2021,4,2021,3,08,12
2021-08-12,Cash Federal Tax Deposits,Through Depositaries,3350,99542,2953421,IV,Federal Tax Deposits,Classification,10,2021,4,2021,3,08,12
2021-08-12,Inter-agency Transfers,null,265,4960,100352,IV,Federal Tax Deposits,Classification,12,2021,4,2021,3,08,12
2021-08-11,Withheld Income and Employment Taxes,null,10145,96882,2364846,IV,Federal Tax Deposits,Classification,1,2021,4,2021,3,08,11
2021-08-11,Individual Income Taxes,null,206,2173,329235,IV,Federal Tax Deposits,Classification,2,2021,4,2021,3,08,11
2021-08-11,Railroad Retirement Taxes,null,42,194,4590,IV,Federal Tax Deposits,Classification,3,2021,4,2021,3,08,11
2021-08-11,Excise Taxes,null,405,1104,60818,IV,Federal Tax Deposits,Classification,4,2021,4,2021,3,08,11
2021-08-11,Corporation Income Taxes,null,128,687,306219,IV,Federal Tax Deposits,Classification,5,2021,4,2021,3,08,11
2021-08-11,Federal Unemployment Taxes,null,3,566,6331,IV,Federal Tax Deposits,Classification,6,2021,4,2021,3,08,11
2021-08-11,Estate and Gift Taxes & Misc IRS Rcpts.,null,3,28,4465,IV,Federal Tax Deposits,Classification,7,2021,4,2021,3,08,11
2021-08-11,Cash Federal Tax Deposits,Direct,98,746,26345,IV,Federal Tax Deposits,Classification,9,2021,4,2021,3,08,11
2021-08-11,Cash Federal Tax Deposits,Through Depositaries,10823,96193,2950071,IV,Federal Tax Deposits,Classification,10,2021,4,2021,3,08,11
2021-08-11,Inter-agency Transfers,null,11,4695,100087,IV,Federal Tax Deposits,Classification,12,2021,4,2021,3,08,11
2021-08-10,Withheld Income and Employment Taxes,null,2518,86738,2354701,IV,Federal Tax Deposits,Classification,1,2021,4,2021,3,08,10
2021-08-10,Individual Income Taxes,null,242,1967,329028,IV,Federal Tax Deposits,Classification,2,2021,4,2021,3,08,10
2021-08-10,Railroad Retirement Taxes,null,37,152,4548,IV,Federal Tax Deposits,Classification,3,2021,4,2021,3,08,10
2021-08-10,Excise Taxes,null,145,699,60413,IV,Federal Tax Deposits,Classification,4,2021,4,2021,3,08,10
2021-08-10,Corporation Income Taxes,null,84,558,306091,IV,Federal Tax Deposits,Classification,5,2021,4,2021,3,08,10
2021-08-10,Federal Unemployment Taxes,null,1,563,6328,IV,Federal Tax Deposits,Classification,6,2021,4,2021,3,08,10
2021-08-10,Estate and Gift Taxes & Misc IRS Rcpts.,null,4,25,4462,IV,Federal Tax Deposits,Classification,7,2021,4,2021,3,08,10
2021-08-10,Cash Federal Tax Deposits,Direct,64,648,26247,IV,Federal Tax Deposits,Classification,9,2021,4,2021,3,08,10
2021-08-10,Cash Federal Tax Deposits,Through Depositaries,2662,85370,2939248,IV,Federal Tax Deposits,Classification,10,2021,4,2021,3,08,10
2021-08-10,Inter-agency Transfers,null,304,4684,100075,IV,Federal Tax Deposits,Classification,12,2021,4,2021,3,08,10
2021-08-09,Withheld Income and Employment Taxes,null,19548,84220,2352184,IV,Federal Tax Deposits,Classification,1,2021,4,2021,3,08,09
2021-08-09,Individual Income Taxes,null,357,1725,328787,IV,Federal Tax Deposits,Classification,2,2021,4,2021,3,08,09
2021-08-09,Railroad Retirement Taxes,null,42,115,4511,IV,Federal Tax Deposits,Classification,3,2021,4,2021,3,08,09
2021-08-09,Excise Taxes,null,70,554,60268,IV,Federal Tax Deposits,Classification,4,2021,4,2021,3,08,09
2021-08-09,Corporation Income Taxes,null,89,474,306007,IV,Federal Tax Deposits,Classification,5,2021,4,2021,3,08,09
2021-08-09,Federal Unemployment Taxes,null,2,562,6326,IV,Federal Tax Deposits,Classification,6,2021,4,2021,3,08,09
2021-08-09,Estate and Gift Taxes & Misc IRS Rcpts.,null,1,22,4459,IV,Federal Tax Deposits,Classification,7,2021,4,2021,3,08,09
2021-08-09,Cash Federal Tax Deposits,Direct,86,584,26183,IV,Federal Tax Deposits,Classification,9,2021,4,2021,3,08,09
2021-08-09,Cash Federal Tax Deposits,Through Depositaries,19307,82707,2936586,IV,Federal Tax Deposits,Classification,10,2021,4,2021,3,08,09
2021-08-09,Inter-agency Transfers,null,715,4380,99772,IV,Federal Tax Deposits,Classification,12,2021,4,2021,3,08,09
2021-08-06,Withheld Income and Employment Taxes,null,9001,64672,2332636,IV,Federal Tax Deposits,Classification,1,2021,4,2021,3,08,06
2021-08-06,Individual Income Taxes,null,204,1368,328430,IV,Federal Tax Deposits,Classification,2,2021,4,2021,3,08,06
2021-08-06,Railroad Retirement Taxes,null,21,74,4469,IV,Federal Tax Deposits,Classification,3,2021,4,2021,3,08,06
2021-08-06,Excise Taxes,null,61,484,60198,IV,Federal Tax Deposits,Classification,4,2021,4,2021,3,08,06
2021-08-06,Corporation Income Taxes,null,25,385,305918,IV,Federal Tax Deposits,Classification,5,2021,4,2021,3,08,06
2021-08-06,Federal Unemployment Taxes,null,2,560,6325,IV,Federal Tax Deposits,Classification,6,2021,4,2021,3,08,06
2021-08-06,Estate and Gift Taxes & Misc IRS Rcpts.,null,3,21,4458,IV,Federal Tax Deposits,Classification,7,2021,4,2021,3,08,06
2021-08-06,Cash Federal Tax Deposits,Direct,60,498,26097,IV,Federal Tax Deposits,Classification,9,2021,4,2021,3,08,06
2021-08-06,Cash Federal Tax Deposits,Through Depositaries,8223,63400,2917279,IV,Federal Tax Deposits,Classification,10,2021,4,2021,3,08,06
2021-08-06,Inter-agency Transfers,null,1034,3666,99057,IV,Federal Tax Deposits,Classification,12,2021,4,2021,3,08,06
2021-08-05,Withheld Income and Employment Taxes,null,2787,55671,2323634,IV,Federal Tax Deposits,Classification,1,2021,4,2021,3,08,05
2021-08-05,Individual Income Taxes,null,195,1165,328226,IV,Federal Tax Deposits,Classification,2,2021,4,2021,3,08,05
2021-08-05,Railroad Retirement Taxes,null,1,52,4448,IV,Federal Tax Deposits,Classification,3,2021,4,2021,3,08,05
2021-08-05,Excise Taxes,null,51,423,60137,IV,Federal Tax Deposits,Classification,4,2021,4,2021,3,08,05
2021-08-05,Corporation Income Taxes,null,114,360,305892,IV,Federal Tax Deposits,Classification,5,2021,4,2021,3,08,05
2021-08-05,Federal Unemployment Taxes,null,3,558,6323,IV,Federal Tax Deposits,Classification,6,2021,4,2021,3,08,05
2021-08-05,Estate and Gift Taxes & Misc IRS Rcpts.,null,4,18,4455,IV,Federal Tax Deposits,Classification,7,2021,4,2021,3,08,05
2021-08-05,Cash Federal Tax Deposits,Direct,139,438,26037,IV,Federal Tax Deposits,Classification,9,2021,4,2021,3,08,05
2021-08-05,Cash Federal Tax Deposits,Through Depositaries,2994,55177,2909055,IV,Federal Tax Deposits,Classification,10,2021,4,2021,3,08,05
2021-08-05,Inter-agency Transfers,null,23,2631,98023,IV,Federal Tax Deposits,Classification,12,2021,4,2021,3,08,05
2021-08-04,Withheld Income and Employment Taxes,null,11354,52883,2320847,IV,Federal Tax Deposits,Classification,1,2021,4,2021,3,08,04
2021-08-04,Individual Income Taxes,null,216,970,328031,IV,Federal Tax Deposits,Classification,2,2021,4,2021,3,08,04
2021-08-04,Railroad Retirement Taxes,null,2,51,4447,IV,Federal Tax Deposits,Classification,3,2021,4,2021,3,08,04
2021-08-04,Excise Taxes,null,77,371,60085,IV,Federal Tax Deposits,Classification,4,2021,4,2021,3,08,04
2021-08-04,Corporation Income Taxes,null,124,246,305778,IV,Federal Tax Deposits,Classification,5,2021,4,2021,3,08,04
2021-08-04,Federal Unemployment Taxes,null,3,555,6320,IV,Federal Tax Deposits,Classification,6,2021,4,2021,3,08,04
2021-08-04,Estate and Gift Taxes & Misc IRS Rcpts.,null,6,14,4451,IV,Federal Tax Deposits,Classification,7,2021,4,2021,3,08,04
2021-08-04,Cash Federal Tax Deposits,Direct,163,299,25898,IV,Federal Tax Deposits,Classification,9,2021,4,2021,3,08,04
2021-08-04,Cash Federal Tax Deposits,Through Depositaries,11610,52183,2906061,IV,Federal Tax Deposits,Classification,10,2021,4,2021,3,08,04
2021-08-04,Inter-agency Transfers,null,9,2608,98000,IV,Federal Tax Deposits,Classification,12,2021,4,2021,3,08,04
2021-08-03,Withheld Income and Employment Taxes,null,5672,41529,2309493,IV,Federal Tax Deposits,Classification,1,2021,4,2021,3,08,03
2021-08-03,Individual Income Taxes,null,277,753,327815,IV,Federal Tax Deposits,Classification,2,2021,4,2021,3,08,03
2021-08-03,Railroad Retirement Taxes,null,8,49,4445,IV,Federal Tax Deposits,Classification,3,2021,4,2021,3,08,03
2021-08-03,Excise Taxes,null,50,294,60008,IV,Federal Tax Deposits,Classification,4,2021,4,2021,3,08,03
2021-08-03,Corporation Income Taxes,null,77,121,305654,IV,Federal Tax Deposits,Classification,5,2021,4,2021,3,08,03
2021-08-03,Federal Unemployment Taxes,null,4,552,6317,IV,Federal Tax Deposits,Classification,6,2021,4,2021,3,08,03
2021-08-03,Estate and Gift Taxes & Misc IRS Rcpts.,null,3,8,4445,IV,Federal Tax Deposits,Classification,7,2021,4,2021,3,08,03
2021-08-03,Cash Federal Tax Deposits,Direct,70,136,25735,IV,Federal Tax Deposits,Classification,9,2021,4,2021,3,08,03
2021-08-03,Cash Federal Tax Deposits,Through Depositaries,4164,40573,2894452,IV,Federal Tax Deposits,Classification,10,2021,4,2021,3,08,03
2021-08-03,Inter-agency Transfers,null,1857,2599,97991,IV,Federal Tax Deposits,Classification,12,2021,4,2021,3,08,03
2021-08-02,Federal Unemployment Taxes,null,549,549,6314,IV,Federal Tax Deposits,Classification,6,2021,4,2021,3,08,02
2021-08-02,Withheld Income and Employment Taxes,null,35857,35857,2303821,IV,Federal Tax Deposits,Classification,1,2021,4,2021,3,08,02
2021-08-02,Individual Income Taxes,null,476,476,327538,IV,Federal Tax Deposits,Classification,2,2021,4,2021,3,08,02
2021-08-02,Railroad Retirement Taxes,null,41,41,4436,IV,Federal Tax Deposits,Classification,3,2021,4,2021,3,08,02
2021-08-02,Excise Taxes,null,245,245,59959,IV,Federal Tax Deposits,Classification,4,2021,4,2021,3,08,02
2021-08-02,Corporation Income Taxes,null,45,45,305577,IV,Federal Tax Deposits,Classification,5,2021,4,2021,3,08,02
2021-08-02,Estate and Gift Taxes & Misc IRS Rcpts.,null,5,5,4442,IV,Federal Tax Deposits,Classification,7,2021,4,2021,3,08,02
2021-08-02,Cash Federal Tax Deposits,Direct,66,66,25665,IV,Federal Tax Deposits,Classification,9,2021,4,2021,3,08,02
2021-08-02,Cash Federal Tax Deposits,Through Depositaries,36409,36409,2890288,IV,Federal Tax Deposits,Classification,10,2021,4,2021,3,08,02
2021-08-02,Inter-agency Transfers,null,742,742,96133,IV,Federal Tax Deposits,Classification,12,2021,4,2021,3,08,02
2021-07-30,Withheld Income and Employment Taxes,null,10266,216485,2267964,IV,Federal Tax Deposits,Classification,1,2021,4,2021,3,07,30
2021-07-30,Individual Income Taxes,null,326,6827,327061,IV,Federal Tax Deposits,Classification,2,2021,4,2021,3,07,30
2021-07-30,Railroad Retirement Taxes,null,33,459,4395,IV,Federal Tax Deposits,Classification,3,2021,4,2021,3,07,30
2021-07-30,Excise Taxes,null,892,7929,59714,IV,Federal Tax Deposits,Classification,4,2021,4,2021,3,07,30
2021-07-30,Corporation Income Taxes,null,100,15152,305532,IV,Federal Tax Deposits,Classification,5,2021,4,2021,3,07,30
2021-07-30,Federal Unemployment Taxes,null,114,280,5765,IV,Federal Tax Deposits,Classification,6,2021,4,2021,3,07,30
2021-07-30,Estate and Gift Taxes & Misc IRS Rcpts.,null,13,86,4437,IV,Federal Tax Deposits,Classification,7,2021,4,2021,3,07,30
2021-07-30,Cash Federal Tax Deposits,Direct,152,2833,25599,IV,Federal Tax Deposits,Classification,9,2021,4,2021,3,07,30
2021-07-30,Cash Federal Tax Deposits,Through Depositaries,10645,233638,2853879,IV,Federal Tax Deposits,Classification,10,2021,4,2021,3,07,30
2021-07-30,Inter-agency Transfers,null,948,10748,95392,IV,Federal Tax Deposits,Classification,12,2021,4,2021,3,07,30
2021-07-29,Withheld Income and Employment Taxes,null,2944,206219,2257698,IV,Federal Tax Deposits,Classification,1,2021,4,2021,3,07,29
2021-07-29,Individual Income Taxes,null,208,6501,326735,IV,Federal Tax Deposits,Classification,2,2021,4,2021,3,07,29
2021-07-29,Railroad Retirement Taxes,null,5,426,4363,IV,Federal Tax Deposits,Classification,3,2021,4,2021,3,07,29
2021-07-29,Excise Taxes,null,1952,7037,58822,IV,Federal Tax Deposits,Classification,4,2021,4,2021,3,07,29
2021-07-29,Corporation Income Taxes,null,45,15052,305433,IV,Federal Tax Deposits,Classification,5,2021,4,2021,3,07,29
2021-07-29,Federal Unemployment Taxes,null,20,166,5651,IV,Federal Tax Deposits,Classification,6,2021,4,2021,3,07,29
2021-07-29,Estate and Gift Taxes & Misc IRS Rcpts.,null,2,73,4424,IV,Federal Tax Deposits,Classification,7,2021,4,2021,3,07,29
2021-07-29,Cash Federal Tax Deposits,Direct,685,2681,25447,IV,Federal Tax Deposits,Classification,9,2021,4,2021,3,07,29
2021-07-29,Cash Federal Tax Deposits,Through Depositaries,4223,222993,2843234,IV,Federal Tax Deposits,Classification,10,2021,4,2021,3,07,29
2021-07-29,Inter-agency Transfers,null,268,9800,94444,IV,Federal Tax Deposits,Classification,12,2021,4,2021,3,07,29
2021-07-28,Withheld Income and Employment Taxes,null,9188,203275,2254754,IV,Federal Tax Deposits,Classification,1,2021,4,2021,3,07,28
2021-07-28,Individual Income Taxes,null,315,6294,326528,IV,Federal Tax Deposits,Classification,2,2021,4,2021,3,07,28
2021-07-28,Railroad Retirement Taxes,null,5,421,4358,IV,Federal Tax Deposits,Classification,3,2021,4,2021,3,07,28
2021-07-28,Excise Taxes,null,523,5085,56870,IV,Federal Tax Deposits,Classification,4,2021,4,2021,3,07,28
2021-07-28,Corporation Income Taxes,null,40,15008,305388,IV,Federal Tax Deposits,Classification,5,2021,4,2021,3,07,28
2021-07-28,Federal Unemployment Taxes,null,15,146,5631,IV,Federal Tax Deposits,Classification,6,2021,4,2021,3,07,28
2021-07-28,Estate and Gift Taxes & Misc IRS Rcpts.,null,1,72,4422,IV,Federal Tax Deposits,Classification,7,2021,4,2021,3,07,28
2021-07-28,Cash Federal Tax Deposits,Direct,210,1997,24762,IV,Federal Tax Deposits,Classification,9,2021,4,2021,3,07,28
2021-07-28,Cash Federal Tax Deposits,Through Depositaries,9577,218770,2839011,IV,Federal Tax Deposits,Classification,10,2021,4,2021,3,07,28
2021-07-28,Inter-agency Transfers,null,300,9532,94176,IV,Federal Tax Deposits,Classification,12,2021,4,2021,3,07,28
2021-07-27,Withheld Income and Employment Taxes,null,2434,194086,2245565,IV,Federal Tax Deposits,Classification,1,2021,4,2021,3,07,27
2021-07-27,Individual Income Taxes,null,256,5979,326213,IV,Federal Tax Deposits,Classification,2,2021,4,2021,3,07,27
2021-07-27,Railroad Retirement Taxes,null,3,416,4353,IV,Federal Tax Deposits,Classification,3,2021,4,2021,3,07,27
2021-07-27,Excise Taxes,null,494,4562,56347,IV,Federal Tax Deposits,Classification,4,2021,4,2021,3,07,27
2021-07-27,Corporation Income Taxes,null,39,14968,305348,IV,Federal Tax Deposits,Classification,5,2021,4,2021,3,07,27
2021-07-27,Federal Unemployment Taxes,null,13,131,5616,IV,Federal Tax Deposits,Classification,6,2021,4,2021,3,07,27
2021-07-27,Estate and Gift Taxes & Misc IRS Rcpts.,null,1,71,4422,IV,Federal Tax Deposits,Classification,7,2021,4,2021,3,07,27
2021-07-27,Cash Federal Tax Deposits,Direct,80,1787,24552,IV,Federal Tax Deposits,Classification,9,2021,4,2021,3,07,27
2021-07-27,Cash Federal Tax Deposits,Through Depositaries,3151,209193,2829434,IV,Federal Tax Deposits,Classification,10,2021,4,2021,3,07,27
2021-07-27,Inter-agency Transfers,null,9,9232,93876,IV,Federal Tax Deposits,Classification,12,2021,4,2021,3,07,27
2021-07-26,Withheld Income and Employment Taxes,null,20649,191652,2243131,IV,Federal Tax Deposits,Classification,1,2021,4,2021,3,07,26
2021-07-26,Individual Income Taxes,null,416,5723,325957,IV,Federal Tax Deposits,Classification,2,2021,4,2021,3,07,26
2021-07-26,Railroad Retirement Taxes,null,75,413,4350,IV,Federal Tax Deposits,Classification,3,2021,4,2021,3,07,26
2021-07-26,Excise Taxes,null,191,4068,55853,IV,Federal Tax Deposits,Classification,4,2021,4,2021,3,07,26
2021-07-26,Corporation Income Taxes,null,40,14929,305309,IV,Federal Tax Deposits,Classification,5,2021,4,2021,3,07,26
2021-07-26,Federal Unemployment Taxes,null,12,117,5602,IV,Federal Tax Deposits,Classification,6,2021,4,2021,3,07,26
2021-07-26,Estate and Gift Taxes & Misc IRS Rcpts.,null,6,70,4420,IV,Federal Tax Deposits,Classification,7,2021,4,2021,3,07,26
2021-07-26,Cash Federal Tax Deposits,Direct,72,1707,24473,IV,Federal Tax Deposits,Classification,9,2021,4,2021,3,07,26
2021-07-26,Cash Federal Tax Deposits,Through Depositaries,20583,206042,2826283,IV,Federal Tax Deposits,Classification,10,2021,4,2021,3,07,26
2021-07-26,Inter-agency Transfers,null,734,9223,93867,IV,Federal Tax Deposits,Classification,12,2021,4,2021,3,07,26
2021-07-23,Withheld Income and Employment Taxes,null,8914,171003,2222482,IV,Federal Tax Deposits,Classification,1,2021,4,2021,3,07,23
2021-07-23,Individual Income Taxes,null,230,5308,325542,IV,Federal Tax Deposits,Classification,2,2021,4,2021,3,07,23
2021-07-23,Railroad Retirement Taxes,null,48,338,4274,IV,Federal Tax Deposits,Classification,3,2021,4,2021,3,07,23
2021-07-23,Excise Taxes,null,91,3877,55662,IV,Federal Tax Deposits,Classification,4,2021,4,2021,3,07,23
2021-07-23,Corporation Income Taxes,null,59,14888,305268,IV,Federal Tax Deposits,Classification,5,2021,4,2021,3,07,23
2021-07-23,Federal Unemployment Taxes,null,12,106,5591,IV,Federal Tax Deposits,Classification,6,2021,4,2021,3,07,23
2021-07-23,Estate and Gift Taxes & Misc IRS Rcpts.,null,1,64,4415,IV,Federal Tax Deposits,Classification,7,2021,4,2021,3,07,23
2021-07-23,Cash Federal Tax Deposits,Direct,31,1635,24400,IV,Federal Tax Deposits,Classification,9,2021,4,2021,3,07,23
2021-07-23,Cash Federal Tax Deposits,Through Depositaries,8299,185459,2805700,IV,Federal Tax Deposits,Classification,10,2021,4,2021,3,07,23
2021-07-23,Inter-agency Transfers,null,1024,8489,93133,IV,Federal Tax Deposits,Classification,12,2021,4,2021,3,07,23
2021-07-22,Withheld Income and Employment Taxes,null,2664,162089,2213568,IV,Federal Tax Deposits,Classification,1,2021,4,2021,3,07,22
2021-07-22,Individual Income Taxes,null,212,5078,325312,IV,Federal Tax Deposits,Classification,2,2021,4,2021,3,07,22
2021-07-22,Railroad Retirement Taxes,null,9,290,4226,IV,Federal Tax Deposits,Classification,3,2021,4,2021,3,07,22
2021-07-22,Excise Taxes,null,40,3786,55571,IV,Federal Tax Deposits,Classification,4,2021,4,2021,3,07,22
2021-07-22,Corporation Income Taxes,null,50,14830,305210,IV,Federal Tax Deposits,Classification,5,2021,4,2021,3,07,22
2021-07-22,Federal Unemployment Taxes,null,6,94,5578,IV,Federal Tax Deposits,Classification,6,2021,4,2021,3,07,22
2021-07-22,Estate and Gift Taxes & Misc IRS Rcpts.,null,3,63,4413,IV,Federal Tax Deposits,Classification,7,2021,4,2021,3,07,22
2021-07-22,Cash Federal Tax Deposits,Direct,54,1604,24369,IV,Federal Tax Deposits,Classification,9,2021,4,2021,3,07,22
2021-07-22,Cash Federal Tax Deposits,Through Depositaries,2919,177160,2797401,IV,Federal Tax Deposits,Classification,10,2021,4,2021,3,07,22
2021-07-22,Inter-agency Transfers,null,12,7465,92109,IV,Federal Tax Deposits,Classification,12,2021,4,2021,3,07,22
2021-07-21,Withheld Income and Employment Taxes,null,11332,159425,2210904,IV,Federal Tax Deposits,Classification,1,2021,4,2021,3,07,21
2021-07-21,Individual Income Taxes,null,255,4866,325100,IV,Federal Tax Deposits,Classification,2,2021,4,2021,3,07,21
2021-07-21,Railroad Retirement Taxes,null,2,281,4217,IV,Federal Tax Deposits,Classification,3,2021,4,2021,3,07,21
2021-07-21,Excise Taxes,null,61,3746,55531,IV,Federal Tax Deposits,Classification,4,2021,4,2021,3,07,21
2021-07-21,Corporation Income Taxes,null,121,14779,305159,IV,Federal Tax Deposits,Classification,5,2021,4,2021,3,07,21
2021-07-21,Federal Unemployment Taxes,null,12,88,5573,IV,Federal Tax Deposits,Classification,6,2021,4,2021,3,07,21
2021-07-21,Estate and Gift Taxes & Misc IRS Rcpts.,null,12,60,4410,IV,Federal Tax Deposits,Classification,7,2021,4,2021,3,07,21
2021-07-21,Cash Federal Tax Deposits,Direct,92,1550,24315,IV,Federal Tax Deposits,Classification,9,2021,4,2021,3,07,21
2021-07-21,Cash Federal Tax Deposits,Through Depositaries,11690,174241,2794482,IV,Federal Tax Deposits,Classification,10,2021,4,2021,3,07,21
2021-07-21,Inter-agency Transfers,null,14,7453,92097,IV,Federal Tax Deposits,Classification,12,2021,4,2021,3,07,21
2021-07-20,Withheld Income and Employment Taxes,null,2372,148094,2199573,IV,Federal Tax Deposits,Classification,1,2021,4,2021,3,07,20
2021-07-20,Individual Income Taxes,null,331,4611,324845,IV,Federal Tax Deposits,Classification,2,2021,4,2021,3,07,20
2021-07-20,Railroad Retirement Taxes,null,1,278,4215,IV,Federal Tax Deposits,Classification,3,2021,4,2021,3,07,20
2021-07-20,Excise Taxes,null,60,3685,55470,IV,Federal Tax Deposits,Classification,4,2021,4,2021,3,07,20
2021-07-20,Corporation Income Taxes,null,115,14658,305038,IV,Federal Tax Deposits,Classification,5,2021,4,2021,3,07,20
2021-07-20,Federal Unemployment Taxes,null,5,76,5561,IV,Federal Tax Deposits,Classification,6,2021,4,2021,3,07,20
2021-07-20,Estate and Gift Taxes & Misc IRS Rcpts.,null,1,47,4398,IV,Federal Tax Deposits,Classification,7,2021,4,2021,3,07,20
2021-07-20,Cash Federal Tax Deposits,Direct,85,1458,24224,IV,Federal Tax Deposits,Classification,9,2021,4,2021,3,07,20
2021-07-20,Cash Federal Tax Deposits,Through Depositaries,2776,162551,2782792,IV,Federal Tax Deposits,Classification,10,2021,4,2021,3,07,20
2021-07-20,Inter-agency Transfers,null,25,7439,92083,IV,Federal Tax Deposits,Classification,12,2021,4,2021,3,07,20
2021-07-19,Withheld Income and Employment Taxes,null,16089,145722,2197201,IV,Federal Tax Deposits,Classification,1,2021,4,2021,3,07,19
2021-07-19,Individual Income Taxes,null,408,4280,324514,IV,Federal Tax Deposits,Classification,2,2021,4,2021,3,07,19
2021-07-19,Railroad Retirement Taxes,null,28,277,4213,IV,Federal Tax Deposits,Classification,3,2021,4,2021,3,07,19
2021-07-19,Excise Taxes,null,46,3625,55410,IV,Federal Tax Deposits,Classification,4,2021,4,2021,3,07,19
2021-07-19,Corporation Income Taxes,null,9,14542,304923,IV,Federal Tax Deposits,Classification,5,2021,4,2021,3,07,19
2021-07-19,Federal Unemployment Taxes,null,5,71,5555,IV,Federal Tax Deposits,Classification,6,2021,4,2021,3,07,19
2021-07-19,Estate and Gift Taxes & Misc IRS Rcpts.,null,2,46,4397,IV,Federal Tax Deposits,Classification,7,2021,4,2021,3,07,19
2021-07-19,Cash Federal Tax Deposits,Direct,45,1373,24138,IV,Federal Tax Deposits,Classification,9,2021,4,2021,3,07,19
2021-07-19,Cash Federal Tax Deposits,Through Depositaries,16528,159776,2780017,IV,Federal Tax Deposits,Classification,10,2021,4,2021,3,07,19
2021-07-19,Inter-agency Transfers,null,13,7414,92058,IV,Federal Tax Deposits,Classification,12,2021,4,2021,3,07,19
2021-07-16,Withheld Income and Employment Taxes,null,18056,129633,2181112,IV,Federal Tax Deposits,Classification,1,2021,4,2021,3,07,16
2021-07-16,Individual Income Taxes,null,383,3873,324107,IV,Federal Tax Deposits,Classification,2,2021,4,2021,3,07,16
2021-07-16,Railroad Retirement Taxes,null,29,249,4185,IV,Federal Tax Deposits,Classification,3,2021,4,2021,3,07,16
2021-07-16,Excise Taxes,null,37,3579,55364,IV,Federal Tax Deposits,Classification,4,2021,4,2021,3,07,16
2021-07-16,Corporation Income Taxes,null,194,14533,304914,IV,Federal Tax Deposits,Classification,5,2021,4,2021,3,07,16
2021-07-16,Federal Unemployment Taxes,null,6,66,5551,IV,Federal Tax Deposits,Classification,6,2021,4,2021,3,07,16
2021-07-16,Estate and Gift Taxes & Misc IRS Rcpts.,null,2,44,4395,IV,Federal Tax Deposits,Classification,7,2021,4,2021,3,07,16
2021-07-16,Cash Federal Tax Deposits,Direct,39,1328,24093,IV,Federal Tax Deposits,Classification,9,2021,4,2021,3,07,16
2021-07-16,Cash Federal Tax Deposits,Through Depositaries,18639,143248,2763489,IV,Federal Tax Deposits,Classification,10,2021,4,2021,3,07,16
2021-07-16,Inter-agency Transfers,null,29,7401,92045,IV,Federal Tax Deposits,Classification,12,2021,4,2021,3,07,16
2021-07-15,Withheld Income and Employment Taxes,null,6841,111577,2163056,IV,Federal Tax Deposits,Classification,1,2021,4,2021,3,07,15
2021-07-15,Individual Income Taxes,null,539,3490,323724,IV,Federal Tax Deposits,Classification,2,2021,4,2021,3,07,15
2021-07-15,Railroad Retirement Taxes,null,3,220,4156,IV,Federal Tax Deposits,Classification,3,2021,4,2021,3,07,15
2021-07-15,Excise Taxes,null,59,3542,55327,IV,Federal Tax Deposits,Classification,4,2021,4,2021,3,07,15
2021-07-15,Corporation Income Taxes,null,8091,14339,304719,IV,Federal Tax Deposits,Classification,5,2021,4,2021,3,07,15
2021-07-15,Federal Unemployment Taxes,null,10,60,5545,IV,Federal Tax Deposits,Classification,6,2021,4,2021,3,07,15
2021-07-15,Estate and Gift Taxes & Misc IRS Rcpts.,null,2,42,4392,IV,Federal Tax Deposits,Classification,7,2021,4,2021,3,07,15
2021-07-15,Cash Federal Tax Deposits,Direct,38,1289,24054,IV,Federal Tax Deposits,Classification,9,2021,4,2021,3,07,15
2021-07-15,Cash Federal Tax Deposits,Through Depositaries,14443,124609,2744850,IV,Federal Tax Deposits,Classification,10,2021,4,2021,3,07,15
2021-07-15,Inter-agency Transfers,null,1065,7372,92016,IV,Federal Tax Deposits,Classification,12,2021,4,2021,3,07,15
2021-07-14,Withheld Income and Employment Taxes,null,8913,104737,2156216,IV,Federal Tax Deposits,Classification,1,2021,4,2021,3,07,14
2021-07-14,Individual Income Taxes,null,303,2950,323184,IV,Federal Tax Deposits,Classification,2,2021,4,2021,3,07,14
2021-07-14,Railroad Retirement Taxes,null,5,217,4153,IV,Federal Tax Deposits,Classification,3,2021,4,2021,3,07,14
2021-07-14,Excise Taxes,null,2161,3483,55268,IV,Federal Tax Deposits,Classification,4,2021,4,2021,3,07,14
2021-07-14,Corporation Income Taxes,null,2662,6248,296628,IV,Federal Tax Deposits,Classification,5,2021,4,2021,3,07,14
2021-07-14,Federal Unemployment Taxes,null,6,50,5534,IV,Federal Tax Deposits,Classification,6,2021,4,2021,3,07,14
2021-07-14,Estate and Gift Taxes & Misc IRS Rcpts.,null,4,39,4390,IV,Federal Tax Deposits,Classification,7,2021,4,2021,3,07,14
2021-07-14,Cash Federal Tax Deposits,Direct,759,1251,24016,IV,Federal Tax Deposits,Classification,9,2021,4,2021,3,07,14
2021-07-14,Cash Federal Tax Deposits,Through Depositaries,12938,110167,2730407,IV,Federal Tax Deposits,Classification,10,2021,4,2021,3,07,14
2021-07-14,Inter-agency Transfers,null,358,6307,90951,IV,Federal Tax Deposits,Classification,12,2021,4,2021,3,07,14
2021-07-13,Withheld Income and Employment Taxes,null,2043,95824,2147303,IV,Federal Tax Deposits,Classification,1,2021,4,2021,3,07,13
2021-07-13,Individual Income Taxes,null,294,2647,322881,IV,Federal Tax Deposits,Classification,2,2021,4,2021,3,07,13
2021-07-13,Railroad Retirement Taxes,null,5,211,4148,IV,Federal Tax Deposits,Classification,3,2021,4,2021,3,07,13
2021-07-13,Excise Taxes,null,524,1322,53107,IV,Federal Tax Deposits,Classification,4,2021,4,2021,3,07,13
2021-07-13,Corporation Income Taxes,null,1067,3586,293966,IV,Federal Tax Deposits,Classification,5,2021,4,2021,3,07,13
2021-07-13,Federal Unemployment Taxes,null,4,43,5528,IV,Federal Tax Deposits,Classification,6,2021,4,2021,3,07,13
2021-07-13,Estate and Gift Taxes & Misc IRS Rcpts.,null,2,35,4386,IV,Federal Tax Deposits,Classification,7,2021,4,2021,3,07,13
2021-07-13,Cash Federal Tax Deposits,Direct,162,491,23257,IV,Federal Tax Deposits,Classification,9,2021,4,2021,3,07,13
2021-07-13,Cash Federal Tax Deposits,Through Depositaries,3742,97229,2717470,IV,Federal Tax Deposits,Classification,10,2021,4,2021,3,07,13
2021-07-13,Inter-agency Transfers,null,36,5949,90593,IV,Federal Tax Deposits,Classification,12,2021,4,2021,3,07,13
2021-07-12,Withheld Income and Employment Taxes,null,19228,93781,2145260,IV,Federal Tax Deposits,Classification,1,2021,4,2021,3,07,12
2021-07-12,Individual Income Taxes,null,425,2353,322587,IV,Federal Tax Deposits,Classification,2,2021,4,2021,3,07,12
2021-07-12,Railroad Retirement Taxes,null,79,207,4143,IV,Federal Tax Deposits,Classification,3,2021,4,2021,3,07,12
2021-07-12,Excise Taxes,null,481,798,52583,IV,Federal Tax Deposits,Classification,4,2021,4,2021,3,07,12
2021-07-12,Corporation Income Taxes,null,480,2519,292899,IV,Federal Tax Deposits,Classification,5,2021,4,2021,3,07,12
2021-07-12,Federal Unemployment Taxes,null,5,39,5524,IV,Federal Tax Deposits,Classification,6,2021,4,2021,3,07,12
2021-07-12,Estate and Gift Taxes & Misc IRS Rcpts.,null,2,33,4384,IV,Federal Tax Deposits,Classification,7,2021,4,2021,3,07,12
2021-07-12,Cash Federal Tax Deposits,Direct,57,330,23095,IV,Federal Tax Deposits,Classification,9,2021,4,2021,3,07,12
2021-07-12,Cash Federal Tax Deposits,Through Depositaries,19927,93487,2713728,IV,Federal Tax Deposits,Classification,10,2021,4,2021,3,07,12
2021-07-12,Inter-agency Transfers,null,716,5913,90557,IV,Federal Tax Deposits,Classification,12,2021,4,2021,3,07,12
2021-07-09,Withheld Income and Employment Taxes,null,7947,74552,2126031,IV,Federal Tax Deposits,Classification,1,2021,4,2021,3,07,09
2021-07-09,Individual Income Taxes,null,279,1928,322162,IV,Federal Tax Deposits,Classification,2,2021,4,2021,3,07,09
2021-07-09,Railroad Retirement Taxes,null,48,127,4064,IV,Federal Tax Deposits,Classification,3,2021,4,2021,3,07,09
2021-07-09,Excise Taxes,null,124,317,52102,IV,Federal Tax Deposits,Classification,4,2021,4,2021,3,07,09
2021-07-09,Corporation Income Taxes,null,184,2039,292420,IV,Federal Tax Deposits,Classification,5,2021,4,2021,3,07,09
2021-07-09,Federal Unemployment Taxes,null,8,34,5519,IV,Federal Tax Deposits,Classification,6,2021,4,2021,3,07,09
2021-07-09,Estate and Gift Taxes & Misc IRS Rcpts.,null,5,31,4382,IV,Federal Tax Deposits,Classification,7,2021,4,2021,3,07,09
2021-07-09,Cash Federal Tax Deposits,Direct,39,272,23038,IV,Federal Tax Deposits,Classification,9,2021,4,2021,3,07,09
2021-07-09,Cash Federal Tax Deposits,Through Depositaries,7534,73560,2693801,IV,Federal Tax Deposits,Classification,10,2021,4,2021,3,07,09
2021-07-09,Inter-agency Transfers,null,1022,5197,89841,IV,Federal Tax Deposits,Classification,12,2021,4,2021,3,07,09
2021-07-08,Withheld Income and Employment Taxes,null,11011,66606,2118085,IV,Federal Tax Deposits,Classification,1,2021,4,2021,3,07,08
2021-07-08,Individual Income Taxes,null,251,1649,321883,IV,Federal Tax Deposits,Classification,2,2021,4,2021,3,07,08
2021-07-08,Railroad Retirement Taxes,null,1,79,4015,IV,Federal Tax Deposits,Classification,3,2021,4,2021,3,07,08
2021-07-08,Excise Taxes,null,40,193,51978,IV,Federal Tax Deposits,Classification,4,2021,4,2021,3,07,08
2021-07-08,Corporation Income Taxes,null,124,1855,292235,IV,Federal Tax Deposits,Classification,5,2021,4,2021,3,07,08
2021-07-08,Federal Unemployment Taxes,null,4,26,5511,IV,Federal Tax Deposits,Classification,6,2021,4,2021,3,07,08
2021-07-08,Estate and Gift Taxes & Misc IRS Rcpts.,null,6,27,4378,IV,Federal Tax Deposits,Classification,7,2021,4,2021,3,07,08
2021-07-08,Cash Federal Tax Deposits,Direct,80,233,22999,IV,Federal Tax Deposits,Classification,9,2021,4,2021,3,07,08
2021-07-08,Cash Federal Tax Deposits,Through Depositaries,11348,66026,2686267,IV,Federal Tax Deposits,Classification,10,2021,4,2021,3,07,08
2021-07-08,Inter-agency Transfers,null,10,4175,88819,IV,Federal Tax Deposits,Classification,12,2021,4,2021,3,07,08
2021-07-07,Withheld Income and Employment Taxes,null,5368,55594,2107073,IV,Federal Tax Deposits,Classification,1,2021,4,2021,3,07,07
2021-07-07,Individual Income Taxes,null,285,1398,321632,IV,Federal Tax Deposits,Classification,2,2021,4,2021,3,07,07
2021-07-07,Railroad Retirement Taxes,null,4,78,4014,IV,Federal Tax Deposits,Classification,3,2021,4,2021,3,07,07
2021-07-07,Excise Taxes,null,33,153,51938,IV,Federal Tax Deposits,Classification,4,2021,4,2021,3,07,07
2021-07-07,Corporation Income Taxes,null,104,1731,292112,IV,Federal Tax Deposits,Classification,5,2021,4,2021,3,07,07
2021-07-07,Federal Unemployment Taxes,null,6,22,5507,IV,Federal Tax Deposits,Classification,6,2021,4,2021,3,07,07
2021-07-07,Estate and Gift Taxes & Misc IRS Rcpts.,null,4,21,4372,IV,Federal Tax Deposits,Classification,7,2021,4,2021,3,07,07
2021-07-07,Cash Federal Tax Deposits,Direct,28,154,22919,IV,Federal Tax Deposits,Classification,9,2021,4,2021,3,07,07
2021-07-07,Cash Federal Tax Deposits,Through Depositaries,5462,54678,2674919,IV,Federal Tax Deposits,Classification,10,2021,4,2021,3,07,07
2021-07-07,Inter-agency Transfers,null,313,4166,88809,IV,Federal Tax Deposits,Classification,12,2021,4,2021,3,07,07
2021-07-06,Withheld Income and Employment Taxes,null,16792,50226,2101705,IV,Federal Tax Deposits,Classification,1,2021,4,2021,3,07,06
2021-07-06,Individual Income Taxes,null,484,1113,321347,IV,Federal Tax Deposits,Classification,2,2021,4,2021,3,07,06
2021-07-06,Railroad Retirement Taxes,null,30,74,4010,IV,Federal Tax Deposits,Classification,3,2021,4,2021,3,07,06
2021-07-06,Excise Taxes,null,45,121,51905,IV,Federal Tax Deposits,Classification,4,2021,4,2021,3,07,06
2021-07-06,Corporation Income Taxes,null,150,1628,292008,IV,Federal Tax Deposits,Classification,5,2021,4,2021,3,07,06
2021-07-06,Federal Unemployment Taxes,null,4,17,5502,IV,Federal Tax Deposits,Classification,6,2021,4,2021,3,07,06
2021-07-06,Estate and Gift Taxes & Misc IRS Rcpts.,null,6,17,4368,IV,Federal Tax Deposits,Classification,7,2021,4,2021,3,07,06
2021-07-06,Cash Federal Tax Deposits,Direct,24,126,22891,IV,Federal Tax Deposits,Classification,9,2021,4,2021,3,07,06
2021-07-06,Cash Federal Tax Deposits,Through Depositaries,17480,49217,2669458,IV,Federal Tax Deposits,Classification,10,2021,4,2021,3,07,06
2021-07-06,Inter-agency Transfers,null,7,3853,88497,IV,Federal Tax Deposits,Classification,12,2021,4,2021,3,07,06
2021-07-02,Withheld Income and Employment Taxes,null,13522,33434,2084913,IV,Federal Tax Deposits,Classification,1,2021,4,2021,3,07,02
2021-07-02,Individual Income Taxes,null,299,629,320863,IV,Federal Tax Deposits,Classification,2,2021,4,2021,3,07,02
2021-07-02,Railroad Retirement Taxes,null,31,44,3980,IV,Federal Tax Deposits,Classification,3,2021,4,2021,3,07,02
2021-07-02,Excise Taxes,null,55,76,51861,IV,Federal Tax Deposits,Classification,4,2021,4,2021,3,07,02
2021-07-02,Corporation Income Taxes,null,261,1477,291858,IV,Federal Tax Deposits,Classification,5,2021,4,2021,3,07,02
2021-07-02,Federal Unemployment Taxes,null,4,13,5498,IV,Federal Tax Deposits,Classification,6,2021,4,2021,3,07,02
2021-07-02,Estate and Gift Taxes & Misc IRS Rcpts.,null,8,12,4362,IV,Federal Tax Deposits,Classification,7,2021,4,2021,3,07,02
2021-07-02,Cash Federal Tax Deposits,Direct,45,102,22868,IV,Federal Tax Deposits,Classification,9,2021,4,2021,3,07,02
2021-07-02,Cash Federal Tax Deposits,Through Depositaries,11451,31737,2651978,IV,Federal Tax Deposits,Classification,10,2021,4,2021,3,07,02
2021-07-02,Inter-agency Transfers,null,2684,3845,88489,IV,Federal Tax Deposits,Classification,12,2021,4,2021,3,07,02
2021-07-01,Withheld Income and Employment Taxes,null,19912,19912,2071391,IV,Federal Tax Deposits,Classification,1,2021,4,2021,3,07,01
2021-07-01,Individual Income Taxes,null,330,330,320564,IV,Federal Tax Deposits,Classification,2,2021,4,2021,3,07,01
2021-07-01,Railroad Retirement Taxes,null,12,12,3949,IV,Federal Tax Deposits,Classification,3,2021,4,2021,3,07,01
2021-07-01,Excise Taxes,null,21,21,51806,IV,Federal Tax Deposits,Classification,4,2021,4,2021,3,07,01
2021-07-01,Corporation Income Taxes,null,1216,1216,291596,IV,Federal Tax Deposits,Classification,5,2021,4,2021,3,07,01
2021-07-01,Federal Unemployment Taxes,null,8,8,5493,IV,Federal Tax Deposits,Classification,6,2021,4,2021,3,07,01
2021-07-01,Estate and Gift Taxes & Misc IRS Rcpts.,null,4,4,4355,IV,Federal Tax Deposits,Classification,7,2021,4,2021,3,07,01
2021-07-01,Cash Federal Tax Deposits,Direct,57,57,22822,IV,Federal Tax Deposits,Classification,9,2021,4,2021,3,07,01
2021-07-01,Cash Federal Tax Deposits,Through Depositaries,20286,20286,2640527,IV,Federal Tax Deposits,Classification,10,2021,4,2021,3,07,01
2021-07-01,Inter-agency Transfers,null,1161,1161,85805,IV,Federal Tax Deposits,Classification,12,2021,4,2021,3,07,01
2021-06-30,Withheld Income and Employment Taxes,null,11764,241239,2051479,IV,Federal Tax Deposits,Classification,1,2021,3,2021,2,06,30
2021-06-30,Individual Income Taxes,null,345,45804,320234,IV,Federal Tax Deposits,Classification,2,2021,3,2021,2,06,30
2021-06-30,Railroad Retirement Taxes,null,18,463,3936,IV,Federal Tax Deposits,Classification,3,2021,3,2021,2,06,30
2021-06-30,Excise Taxes,null,30,6959,51785,IV,Federal Tax Deposits,Classification,4,2021,3,2021,2,06,30
2021-06-30,Corporation Income Taxes,null,785,80626,290380,IV,Federal Tax Deposits,Classification,5,2021,3,2021,2,06,30
2021-06-30,Federal Unemployment Taxes,null,4,47,5485,IV,Federal Tax Deposits,Classification,6,2021,3,2021,2,06,30
2021-06-30,Estate and Gift Taxes & Misc IRS Rcpts.,null,7,372,4351,IV,Federal Tax Deposits,Classification,7,2021,3,2021,2,06,30
2021-06-30,Cash Federal Tax Deposits,Direct,54,2557,22765,IV,Federal Tax Deposits,Classification,9,2021,3,2021,2,06,30
2021-06-30,Cash Federal Tax Deposits,Through Depositaries,12510,362227,2620241,IV,Federal Tax Deposits,Classification,10,2021,3,2021,2,06,30
2021-06-30,Inter-agency Transfers,null,388,10725,84644,IV,Federal Tax Deposits,Classification,12,2021,3,2021,2,06,30
2021-06-29,Withheld Income and Employment Taxes,null,3442,229475,2039715,IV,Federal Tax Deposits,Classification,1,2021,3,2021,2,06,29
2021-06-29,Individual Income Taxes,null,248,45459,319889,IV,Federal Tax Deposits,Classification,2,2021,3,2021,2,06,29
2021-06-29,Railroad Retirement Taxes,null,6,445,3918,IV,Federal Tax Deposits,Classification,3,2021,3,2021,2,06,29
2021-06-29,Excise Taxes,null,2006,6930,51755,IV,Federal Tax Deposits,Classification,4,2021,3,2021,2,06,29
2021-06-29,Corporation Income Taxes,null,71,79840,289595,IV,Federal Tax Deposits,Classification,5,2021,3,2021,2,06,29
2021-06-29,Federal Unemployment Taxes,null,1,43,5481,IV,Federal Tax Deposits,Classification,6,2021,3,2021,2,06,29
2021-06-29,Estate and Gift Taxes & Misc IRS Rcpts.,null,1,365,4344,IV,Federal Tax Deposits,Classification,7,2021,3,2021,2,06,29
2021-06-29,Cash Federal Tax Deposits,Direct,773,2503,22711,IV,Federal Tax Deposits,Classification,9,2021,3,2021,2,06,29
2021-06-29,Cash Federal Tax Deposits,Through Depositaries,4992,349717,2607730,IV,Federal Tax Deposits,Classification,10,2021,3,2021,2,06,29
2021-06-29,Inter-agency Transfers,null,10,10337,84255,IV,Federal Tax Deposits,Classification,12,2021,3,2021,2,06,29
2021-06-28,Withheld Income and Employment Taxes,null,20435,226033,2036273,IV,Federal Tax Deposits,Classification,1,2021,3,2021,2,06,28
2021-06-28,Individual Income Taxes,null,505,45211,319641,IV,Federal Tax Deposits,Classification,2,2021,3,2021,2,06,28
2021-06-28,Railroad Retirement Taxes,null,74,440,3913,IV,Federal Tax Deposits,Classification,3,2021,3,2021,2,06,28
2021-06-28,Excise Taxes,null,533,4923,49748,IV,Federal Tax Deposits,Classification,4,2021,3,2021,2,06,28
2021-06-28,Corporation Income Taxes,null,86,79770,289524,IV,Federal Tax Deposits,Classification,5,2021,3,2021,2,06,28
2021-06-28,Federal Unemployment Taxes,null,2,41,5480,IV,Federal Tax Deposits,Classification,6,2021,3,2021,2,06,28
2021-06-28,Estate and Gift Taxes & Misc IRS Rcpts.,null,1,364,4343,IV,Federal Tax Deposits,Classification,7,2021,3,2021,2,06,28
2021-06-28,Cash Federal Tax Deposits,Direct,159,1730,21939,IV,Federal Tax Deposits,Classification,9,2021,3,2021,2,06,28
2021-06-28,Cash Federal Tax Deposits,Through Depositaries,20748,344725,2602738,IV,Federal Tax Deposits,Classification,10,2021,3,2021,2,06,28
2021-06-28,Inter-agency Transfers,null,728,10326,84245,IV,Federal Tax Deposits,Classification,12,2021,3,2021,2,06,28
2021-06-25,Withheld Income and Employment Taxes,null,8490,205598,2015838,IV,Federal Tax Deposits,Classification,1,2021,3,2021,2,06,25
2021-06-25,Individual Income Taxes,null,291,44706,319136,IV,Federal Tax Deposits,Classification,2,2021,3,2021,2,06,25
2021-06-25,Railroad Retirement Taxes,null,48,366,3839,IV,Federal Tax Deposits,Classification,3,2021,3,2021,2,06,25
2021-06-25,Excise Taxes,null,397,4391,49216,IV,Federal Tax Deposits,Classification,4,2021,3,2021,2,06,25
2021-06-25,Corporation Income Taxes,null,80,79683,289438,IV,Federal Tax Deposits,Classification,5,2021,3,2021,2,06,25
2021-06-25,Federal Unemployment Taxes,null,3,39,5477,IV,Federal Tax Deposits,Classification,6,2021,3,2021,2,06,25
2021-06-25,Estate and Gift Taxes & Misc IRS Rcpts.,null,7,363,4342,IV,Federal Tax Deposits,Classification,7,2021,3,2021,2,06,25
2021-06-25,Cash Federal Tax Deposits,Direct,67,1571,21780,IV,Federal Tax Deposits,Classification,9,2021,3,2021,2,06,25
2021-06-25,Cash Federal Tax Deposits,Through Depositaries,8215,323976,2581990,IV,Federal Tax Deposits,Classification,10,2021,3,2021,2,06,25
2021-06-25,Inter-agency Transfers,null,1034,9599,83517,IV,Federal Tax Deposits,Classification,12,2021,3,2021,2,06,25
2021-06-24,Withheld Income and Employment Taxes,null,2721,197108,2007348,IV,Federal Tax Deposits,Classification,1,2021,3,2021,2,06,24
2021-06-24,Individual Income Taxes,null,269,44415,318845,IV,Federal Tax Deposits,Classification,2,2021,3,2021,2,06,24
2021-06-24,Railroad Retirement Taxes,null,1,317,3790,IV,Federal Tax Deposits,Classification,3,2021,3,2021,2,06,24
2021-06-24,Excise Taxes,null,113,3994,48819,IV,Federal Tax Deposits,Classification,4,2021,3,2021,2,06,24
2021-06-24,Corporation Income Taxes,null,3021,79604,289358,IV,Federal Tax Deposits,Classification,5,2021,3,2021,2,06,24
2021-06-24,Federal Unemployment Taxes,null,1,37,5475,IV,Federal Tax Deposits,Classification,6,2021,3,2021,2,06,24
2021-06-24,Estate and Gift Taxes & Misc IRS Rcpts.,null,3,356,4335,IV,Federal Tax Deposits,Classification,7,2021,3,2021,2,06,24
2021-06-24,Cash Federal Tax Deposits,Direct,79,1504,21712,IV,Federal Tax Deposits,Classification,9,2021,3,2021,2,06,24
2021-06-24,Cash Federal Tax Deposits,Through Depositaries,6033,315761,2573775,IV,Federal Tax Deposits,Classification,10,2021,3,2021,2,06,24
2021-06-24,Inter-agency Transfers,null,16,8565,82484,IV,Federal Tax Deposits,Classification,12,2021,3,2021,2,06,24
2021-06-23,Withheld Income and Employment Taxes,null,9031,194387,2004627,IV,Federal Tax Deposits,Classification,1,2021,3,2021,2,06,23
2021-06-23,Individual Income Taxes,null,281,44145,318575,IV,Federal Tax Deposits,Classification,2,2021,3,2021,2,06,23
2021-06-23,Railroad Retirement Taxes,null,2,317,3790,IV,Federal Tax Deposits,Classification,3,2021,3,2021,2,06,23
2021-06-23,Excise Taxes,null,64,3881,48706,IV,Federal Tax Deposits,Classification,4,2021,3,2021,2,06,23
2021-06-23,Corporation Income Taxes,null,224,76583,286338,IV,Federal Tax Deposits,Classification,5,2021,3,2021,2,06,23
2021-06-23,Federal Unemployment Taxes,null,2,35,5473,IV,Federal Tax Deposits,Classification,6,2021,3,2021,2,06,23
2021-06-23,Estate and Gift Taxes & Misc IRS Rcpts.,null,3,354,4333,IV,Federal Tax Deposits,Classification,7,2021,3,2021,2,06,23
2021-06-23,Cash Federal Tax Deposits,Direct,124,1425,21633,IV,Federal Tax Deposits,Classification,9,2021,3,2021,2,06,23
2021-06-23,Cash Federal Tax Deposits,Through Depositaries,9444,309728,2567742,IV,Federal Tax Deposits,Classification,10,2021,3,2021,2,06,23
2021-06-23,Inter-agency Transfers,null,39,8549,82467,IV,Federal Tax Deposits,Classification,12,2021,3,2021,2,06,23
2021-06-22,Withheld Income and Employment Taxes,null,2492,185356,1995596,IV,Federal Tax Deposits,Classification,1,2021,3,2021,2,06,22
2021-06-22,Individual Income Taxes,null,310,43864,318294,IV,Federal Tax Deposits,Classification,2,2021,3,2021,2,06,22
2021-06-22,Railroad Retirement Taxes,null,3,314,3787,IV,Federal Tax Deposits,Classification,3,2021,3,2021,2,06,22
2021-06-22,Excise Taxes,null,26,3817,48642,IV,Federal Tax Deposits,Classification,4,2021,3,2021,2,06,22
2021-06-22,Corporation Income Taxes,null,83,76360,286114,IV,Federal Tax Deposits,Classification,5,2021,3,2021,2,06,22
2021-06-22,Federal Unemployment Taxes,null,1,33,5472,IV,Federal Tax Deposits,Classification,6,2021,3,2021,2,06,22
2021-06-22,Estate and Gift Taxes & Misc IRS Rcpts.,null,1,351,4330,IV,Federal Tax Deposits,Classification,7,2021,3,2021,2,06,22
2021-06-22,Cash Federal Tax Deposits,Direct,20,1301,21509,IV,Federal Tax Deposits,Classification,9,2021,3,2021,2,06,22
2021-06-22,Cash Federal Tax Deposits,Through Depositaries,2870,300284,2558298,IV,Federal Tax Deposits,Classification,10,2021,3,2021,2,06,22
2021-06-22,Inter-agency Transfers,null,25,8510,82429,IV,Federal Tax Deposits,Classification,12,2021,3,2021,2,06,22
2021-06-21,Withheld Income and Employment Taxes,null,16799,182864,1993105,IV,Federal Tax Deposits,Classification,1,2021,3,2021,2,06,21
2021-06-21,Individual Income Taxes,null,583,43554,317984,IV,Federal Tax Deposits,Classification,2,2021,3,2021,2,06,21
2021-06-21,Railroad Retirement Taxes,null,35,311,3784,IV,Federal Tax Deposits,Classification,3,2021,3,2021,2,06,21
2021-06-21,Excise Taxes,null,18,3791,48616,IV,Federal Tax Deposits,Classification,4,2021,3,2021,2,06,21
2021-06-21,Corporation Income Taxes,null,46,76277,286031,IV,Federal Tax Deposits,Classification,5,2021,3,2021,2,06,21
2021-06-21,Federal Unemployment Taxes,null,1,32,5471,IV,Federal Tax Deposits,Classification,6,2021,3,2021,2,06,21
2021-06-21,Estate and Gift Taxes & Misc IRS Rcpts.,null,14,350,4329,IV,Federal Tax Deposits,Classification,7,2021,3,2021,2,06,21
2021-06-21,Cash Federal Tax Deposits,Direct,17,1281,21489,IV,Federal Tax Deposits,Classification,9,2021,3,2021,2,06,21
2021-06-21,Cash Federal Tax Deposits,Through Depositaries,16780,297414,2555427,IV,Federal Tax Deposits,Classification,10,2021,3,2021,2,06,21
2021-06-21,Inter-agency Transfers,null,700,8485,82404,IV,Federal Tax Deposits,Classification,12,2021,3,2021,2,06,21
2021-06-18,Withheld Income and Employment Taxes,null,9948,166065,1976305,IV,Federal Tax Deposits,Classification,1,2021,3,2021,2,06,18
2021-06-18,Individual Income Taxes,null,719,42971,317401,IV,Federal Tax Deposits,Classification,2,2021,3,2021,2,06,18
2021-06-18,Railroad Retirement Taxes,null,16,276,3749,IV,Federal Tax Deposits,Classification,3,2021,3,2021,2,06,18
2021-06-18,Excise Taxes,null,22,3773,48598,IV,Federal Tax Deposits,Classification,4,2021,3,2021,2,06,18
2021-06-18,Corporation Income Taxes,null,245,76231,285985,IV,Federal Tax Deposits,Classification,5,2021,3,2021,2,06,18
2021-06-18,Federal Unemployment Taxes,null,2,31,5469,IV,Federal Tax Deposits,Classification,6,2021,3,2021,2,06,18
2021-06-18,Estate and Gift Taxes & Misc IRS Rcpts.,null,2,336,4315,IV,Federal Tax Deposits,Classification,7,2021,3,2021,2,06,18
2021-06-18,Cash Federal Tax Deposits,Direct,60,1264,21472,IV,Federal Tax Deposits,Classification,9,2021,3,2021,2,06,18
2021-06-18,Cash Federal Tax Deposits,Through Depositaries,10735,280634,2538647,IV,Federal Tax Deposits,Classification,10,2021,3,2021,2,06,18
2021-06-18,Inter-agency Transfers,null,159,7785,81703,IV,Federal Tax Deposits,Classification,12,2021,3,2021,2,06,18
2021-06-17,Withheld Income and Employment Taxes,null,4053,156117,1966357,IV,Federal Tax Deposits,Classification,1,2021,3,2021,2,06,17
2021-06-17,Individual Income Taxes,null,1397,42251,316681,IV,Federal Tax Deposits,Classification,2,2021,3,2021,2,06,17
2021-06-17,Railroad Retirement Taxes,null,1,261,3734,IV,Federal Tax Deposits,Classification,3,2021,3,2021,2,06,17
2021-06-17,Excise Taxes,null,15,3751,48576,IV,Federal Tax Deposits,Classification,4,2021,3,2021,2,06,17
2021-06-17,Corporation Income Taxes,null,201,75986,285740,IV,Federal Tax Deposits,Classification,5,2021,3,2021,2,06,17
2021-06-17,Federal Unemployment Taxes,null,2,29,5467,IV,Federal Tax Deposits,Classification,6,2021,3,2021,2,06,17
2021-06-17,Estate and Gift Taxes & Misc IRS Rcpts.,null,4,335,4314,IV,Federal Tax Deposits,Classification,7,2021,3,2021,2,06,17
2021-06-17,Cash Federal Tax Deposits,Direct,39,1203,21412,IV,Federal Tax Deposits,Classification,9,2021,3,2021,2,06,17
2021-06-17,Cash Federal Tax Deposits,Through Depositaries,5398,269899,2527913,IV,Federal Tax Deposits,Classification,10,2021,3,2021,2,06,17
2021-06-17,Inter-agency Transfers,null,235,7626,81544,IV,Federal Tax Deposits,Classification,12,2021,3,2021,2,06,17
2021-06-16,Withheld Income and Employment Taxes,null,19666,152064,1962304,IV,Federal Tax Deposits,Classification,1,2021,3,2021,2,06,16
2021-06-16,Individual Income Taxes,null,6193,40854,315284,IV,Federal Tax Deposits,Classification,2,2021,3,2021,2,06,16
2021-06-16,Railroad Retirement Taxes,null,13,259,3732,IV,Federal Tax Deposits,Classification,3,2021,3,2021,2,06,16
2021-06-16,Excise Taxes,null,22,3736,48561,IV,Federal Tax Deposits,Classification,4,2021,3,2021,2,06,16
2021-06-16,Corporation Income Taxes,null,2895,75784,285539,IV,Federal Tax Deposits,Classification,5,2021,3,2021,2,06,16
2021-06-16,Federal Unemployment Taxes,null,3,27,5465,IV,Federal Tax Deposits,Classification,6,2021,3,2021,2,06,16
2021-06-16,Estate and Gift Taxes & Misc IRS Rcpts.,null,16,331,4310,IV,Federal Tax Deposits,Classification,7,2021,3,2021,2,06,16
2021-06-16,Cash Federal Tax Deposits,Direct,79,1164,21372,IV,Federal Tax Deposits,Classification,9,2021,3,2021,2,06,16
2021-06-16,Cash Federal Tax Deposits,Through Depositaries,28718,264501,2522514,IV,Federal Tax Deposits,Classification,10,2021,3,2021,2,06,16
2021-06-16,Inter-agency Transfers,null,12,7391,81309,IV,Federal Tax Deposits,Classification,12,2021,3,2021,2,06,16
2021-06-15,Withheld Income and Employment Taxes,null,6949,132398,1942638,IV,Federal Tax Deposits,Classification,1,2021,3,2021,2,06,15
2021-06-15,Individual Income Taxes,null,14627,34661,309091,IV,Federal Tax Deposits,Classification,2,2021,3,2021,2,06,15
2021-06-15,Railroad Retirement Taxes,null,5,246,3719,IV,Federal Tax Deposits,Classification,3,2021,3,2021,2,06,15
2021-06-15,Excise Taxes,null,398,3714,48539,IV,Federal Tax Deposits,Classification,4,2021,3,2021,2,06,15
2021-06-15,Corporation Income Taxes,null,48768,72889,282644,IV,Federal Tax Deposits,Classification,5,2021,3,2021,2,06,15
2021-06-15,Federal Unemployment Taxes,null,3,24,5462,IV,Federal Tax Deposits,Classification,6,2021,3,2021,2,06,15
2021-06-15,Estate and Gift Taxes & Misc IRS Rcpts.,null,1,315,4294,IV,Federal Tax Deposits,Classification,7,2021,3,2021,2,06,15
2021-06-15,Cash Federal Tax Deposits,Direct,47,1085,21293,IV,Federal Tax Deposits,Classification,9,2021,3,2021,2,06,15
2021-06-15,Cash Federal Tax Deposits,Through Depositaries,70679,235783,2493796,IV,Federal Tax Deposits,Classification,10,2021,3,2021,2,06,15
2021-06-15,Inter-agency Transfers,null,26,7378,81297,IV,Federal Tax Deposits,Classification,12,2021,3,2021,2,06,15
2021-06-14,Cash Federal Tax Deposits,Direct,667,1038,21246,IV,Federal Tax Deposits,Classification,9,2021,3,2021,2,06,14
2021-06-14,Withheld Income and Employment Taxes,null,20104,125449,1935689,IV,Federal Tax Deposits,Classification,1,2021,3,2021,2,06,14
2021-06-14,Individual Income Taxes,null,7908,20034,294464,IV,Federal Tax Deposits,Classification,2,2021,3,2021,2,06,14
2021-06-14,Railroad Retirement Taxes,null,45,241,3714,IV,Federal Tax Deposits,Classification,3,2021,3,2021,2,06,14
2021-06-14,Excise Taxes,null,2095,3316,48141,IV,Federal Tax Deposits,Classification,4,2021,3,2021,2,06,14
2021-06-14,Corporation Income Taxes,null,13788,24121,233875,IV,Federal Tax Deposits,Classification,5,2021,3,2021,2,06,14
2021-06-14,Federal Unemployment Taxes,null,1,20,5459,IV,Federal Tax Deposits,Classification,6,2021,3,2021,2,06,14
2021-06-14,Estate and Gift Taxes & Misc IRS Rcpts.,null,14,313,4292,IV,Federal Tax Deposits,Classification,7,2021,3,2021,2,06,14
2021-06-14,Cash Federal Tax Deposits,Through Depositaries,42242,165104,2423117,IV,Federal Tax Deposits,Classification,10,2021,3,2021,2,06,14
2021-06-14,Inter-agency Transfers,null,1046,7352,81271,IV,Federal Tax Deposits,Classification,12,2021,3,2021,2,06,14
2021-06-11,Withheld Income and Employment Taxes,null,10034,105345,1915585,IV,Federal Tax Deposits,Classification,1,2021,3,2021,2,06,11
2021-06-11,Individual Income Taxes,null,3259,12127,286557,IV,Federal Tax Deposits,Classification,2,2021,3,2021,2,06,11
2021-06-11,Railroad Retirement Taxes,null,56,196,3669,IV,Federal Tax Deposits,Classification,3,2021,3,2021,2,06,11
2021-06-11,Excise Taxes,null,623,1221,46046,IV,Federal Tax Deposits,Classification,4,2021,3,2021,2,06,11
2021-06-11,Corporation Income Taxes,null,6336,10333,220087,IV,Federal Tax Deposits,Classification,5,2021,3,2021,2,06,11
2021-06-11,Federal Unemployment Taxes,null,2,19,5457,IV,Federal Tax Deposits,Classification,6,2021,3,2021,2,06,11
2021-06-11,Estate and Gift Taxes & Misc IRS Rcpts.,null,14,299,4278,IV,Federal Tax Deposits,Classification,7,2021,3,2021,2,06,11
2021-06-11,Cash Federal Tax Deposits,Direct,156,371,20579,IV,Federal Tax Deposits,Classification,9,2021,3,2021,2,06,11
2021-06-11,Cash Federal Tax Deposits,Through Depositaries,19041,122862,2380875,IV,Federal Tax Deposits,Classification,10,2021,3,2021,2,06,11
2021-06-11,Inter-agency Transfers,null,1126,6307,80225,IV,Federal Tax Deposits,Classification,12,2021,3,2021,2,06,11
2021-06-10,Withheld Income and Employment Taxes,null,3246,95311,1905551,IV,Federal Tax Deposits,Classification,1,2021,3,2021,2,06,10
2021-06-10,Individual Income Taxes,null,1662,8868,283298,IV,Federal Tax Deposits,Classification,2,2021,3,2021,2,06,10
2021-06-10,Railroad Retirement Taxes,null,36,140,3613,IV,Federal Tax Deposits,Classification,3,2021,3,2021,2,06,10
2021-06-10,Excise Taxes,null,380,598,45423,IV,Federal Tax Deposits,Classification,4,2021,3,2021,2,06,10
2021-06-10,Corporation Income Taxes,null,1507,3996,213751,IV,Federal Tax Deposits,Classification,5,2021,3,2021,2,06,10
2021-06-10,Federal Unemployment Taxes,null,2,17,5455,IV,Federal Tax Deposits,Classification,6,2021,3,2021,2,06,10
2021-06-10,Estate and Gift Taxes & Misc IRS Rcpts.,null,21,285,4264,IV,Federal Tax Deposits,Classification,7,2021,3,2021,2,06,10
2021-06-10,Cash Federal Tax Deposits,Direct,52,215,20423,IV,Federal Tax Deposits,Classification,9,2021,3,2021,2,06,10
2021-06-10,Cash Federal Tax Deposits,Through Depositaries,6767,103820,2361834,IV,Federal Tax Deposits,Classification,10,2021,3,2021,2,06,10
2021-06-10,Inter-agency Transfers,null,35,5180,79099,IV,Federal Tax Deposits,Classification,12,2021,3,2021,2,06,10
2021-06-09,Withheld Income and Employment Taxes,null,9029,92066,1902306,IV,Federal Tax Deposits,Classification,1,2021,3,2021,2,06,09
2021-06-09,Individual Income Taxes,null,2195,7206,281636,IV,Federal Tax Deposits,Classification,2,2021,3,2021,2,06,09
2021-06-09,Railroad Retirement Taxes,null,2,103,3576,IV,Federal Tax Deposits,Classification,3,2021,3,2021,2,06,09
2021-06-09,Excise Taxes,null,56,218,45043,IV,Federal Tax Deposits,Classification,4,2021,3,2021,2,06,09
2021-06-09,Corporation Income Taxes,null,704,2490,212244,IV,Federal Tax Deposits,Classification,5,2021,3,2021,2,06,09
2021-06-09,Federal Unemployment Taxes,null,2,15,5453,IV,Federal Tax Deposits,Classification,6,2021,3,2021,2,06,09
2021-06-09,Estate and Gift Taxes & Misc IRS Rcpts.,null,18,265,4244,IV,Federal Tax Deposits,Classification,7,2021,3,2021,2,06,09
2021-06-09,Cash Federal Tax Deposits,Direct,34,163,20371,IV,Federal Tax Deposits,Classification,9,2021,3,2021,2,06,09
2021-06-09,Cash Federal Tax Deposits,Through Depositaries,11963,97053,2355067,IV,Federal Tax Deposits,Classification,10,2021,3,2021,2,06,09
2021-06-09,Inter-agency Transfers,null,9,5145,79064,IV,Federal Tax Deposits,Classification,12,2021,3,2021,2,06,09
2021-06-08,Withheld Income and Employment Taxes,null,2629,83036,1893277,IV,Federal Tax Deposits,Classification,1,2021,3,2021,2,06,08
2021-06-08,Individual Income Taxes,null,1232,5011,279441,IV,Federal Tax Deposits,Classification,2,2021,3,2021,2,06,08
2021-06-08,Railroad Retirement Taxes,null,1,101,3574,IV,Federal Tax Deposits,Classification,3,2021,3,2021,2,06,08
2021-06-08,Excise Taxes,null,55,162,44987,IV,Federal Tax Deposits,Classification,4,2021,3,2021,2,06,08
2021-06-08,Corporation Income Taxes,null,378,1786,211540,IV,Federal Tax Deposits,Classification,5,2021,3,2021,2,06,08
2021-06-08,Federal Unemployment Taxes,null,1,13,5451,IV,Federal Tax Deposits,Classification,6,2021,3,2021,2,06,08
2021-06-08,Estate and Gift Taxes & Misc IRS Rcpts.,null,1,247,4226,IV,Federal Tax Deposits,Classification,7,2021,3,2021,2,06,08
2021-06-08,Cash Federal Tax Deposits,Direct,17,129,20337,IV,Federal Tax Deposits,Classification,9,2021,3,2021,2,06,08
2021-06-08,Cash Federal Tax Deposits,Through Depositaries,4252,85091,2343104,IV,Federal Tax Deposits,Classification,10,2021,3,2021,2,06,08
2021-06-08,Inter-agency Transfers,null,29,5136,79054,IV,Federal Tax Deposits,Classification,12,2021,3,2021,2,06,08
2021-06-07,Withheld Income and Employment Taxes,null,16138,80407,1890648,IV,Federal Tax Deposits,Classification,1,2021,3,2021,2,06,07
2021-06-07,Individual Income Taxes,null,1021,3779,278209,IV,Federal Tax Deposits,Classification,2,2021,3,2021,2,06,07
2021-06-07,Railroad Retirement Taxes,null,37,100,3573,IV,Federal Tax Deposits,Classification,3,2021,3,2021,2,06,07
2021-06-07,Excise Taxes,null,46,107,44932,IV,Federal Tax Deposits,Classification,4,2021,3,2021,2,06,07
2021-06-07,Corporation Income Taxes,null,444,1407,211162,IV,Federal Tax Deposits,Classification,5,2021,3,2021,2,06,07
2021-06-07,Federal Unemployment Taxes,null,2,11,5450,IV,Federal Tax Deposits,Classification,6,2021,3,2021,2,06,07
2021-06-07,Estate and Gift Taxes & Misc IRS Rcpts.,null,3,246,4225,IV,Federal Tax Deposits,Classification,7,2021,3,2021,2,06,07
2021-06-07,Cash Federal Tax Deposits,Direct,46,112,20321,IV,Federal Tax Deposits,Classification,9,2021,3,2021,2,06,07
2021-06-07,Cash Federal Tax Deposits,Through Depositaries,17633,80839,2338852,IV,Federal Tax Deposits,Classification,10,2021,3,2021,2,06,07
2021-06-07,Inter-agency Transfers,null,11,5107,79025,IV,Federal Tax Deposits,Classification,12,2021,3,2021,2,06,07
2021-06-04,Withheld Income and Employment Taxes,null,6835,64270,1874510,IV,Federal Tax Deposits,Classification,1,2021,3,2021,2,06,04
2021-06-04,Individual Income Taxes,null,699,2758,277188,IV,Federal Tax Deposits,Classification,2,2021,3,2021,2,06,04
2021-06-04,Railroad Retirement Taxes,null,16,63,3536,IV,Federal Tax Deposits,Classification,3,2021,3,2021,2,06,04
2021-06-04,Excise Taxes,null,16,61,44886,IV,Federal Tax Deposits,Classification,4,2021,3,2021,2,06,04
2021-06-04,Corporation Income Taxes,null,220,964,210718,IV,Federal Tax Deposits,Classification,5,2021,3,2021,2,06,04
2021-06-04,Federal Unemployment Taxes,null,3,10,5448,IV,Federal Tax Deposits,Classification,6,2021,3,2021,2,06,04
2021-06-04,Estate and Gift Taxes & Misc IRS Rcpts.,null,58,243,4222,IV,Federal Tax Deposits,Classification,7,2021,3,2021,2,06,04
2021-06-04,Cash Federal Tax Deposits,Direct,27,66,20275,IV,Federal Tax Deposits,Classification,9,2021,3,2021,2,06,04
2021-06-04,Cash Federal Tax Deposits,Through Depositaries,7798,63205,2321219,IV,Federal Tax Deposits,Classification,10,2021,3,2021,2,06,04
2021-06-04,Inter-agency Transfers,null,22,5096,79014,IV,Federal Tax Deposits,Classification,12,2021,3,2021,2,06,04
2021-06-03,Withheld Income and Employment Taxes,null,11853,57434,1867675,IV,Federal Tax Deposits,Classification,1,2021,3,2021,2,06,03
2021-06-03,Individual Income Taxes,null,594,2059,276489,IV,Federal Tax Deposits,Classification,2,2021,3,2021,2,06,03
2021-06-03,Railroad Retirement Taxes,null,1,47,3520,IV,Federal Tax Deposits,Classification,3,2021,3,2021,2,06,03
2021-06-03,Excise Taxes,null,13,45,44870,IV,Federal Tax Deposits,Classification,4,2021,3,2021,2,06,03
2021-06-03,Corporation Income Taxes,null,560,744,210498,IV,Federal Tax Deposits,Classification,5,2021,3,2021,2,06,03
2021-06-03,Federal Unemployment Taxes,null,2,6,5445,IV,Federal Tax Deposits,Classification,6,2021,3,2021,2,06,03
2021-06-03,Estate and Gift Taxes & Misc IRS Rcpts.,null,6,185,4164,IV,Federal Tax Deposits,Classification,7,2021,3,2021,2,06,03
2021-06-03,Cash Federal Tax Deposits,Direct,41,39,20247,IV,Federal Tax Deposits,Classification,9,2021,3,2021,2,06,03
2021-06-03,Cash Federal Tax Deposits,Through Depositaries,10959,55407,2313421,IV,Federal Tax Deposits,Classification,10,2021,3,2021,2,06,03
2021-06-03,Inter-agency Transfers,null,2030,5074,78992,IV,Federal Tax Deposits,Classification,12,2021,3,2021,2,06,03
2021-06-02,Withheld Income and Employment Taxes,null,9229,45582,1855822,IV,Federal Tax Deposits,Classification,1,2021,3,2021,2,06,02
2021-06-02,Individual Income Taxes,null,680,1464,275894,IV,Federal Tax Deposits,Classification,2,2021,3,2021,2,06,02
2021-06-02,Railroad Retirement Taxes,null,10,45,3518,IV,Federal Tax Deposits,Classification,3,2021,3,2021,2,06,02
2021-06-02,Excise Taxes,null,1,32,44857,IV,Federal Tax Deposits,Classification,4,2021,3,2021,2,06,02
2021-06-02,Corporation Income Taxes,null,114,184,209939,IV,Federal Tax Deposits,Classification,5,2021,3,2021,2,06,02
2021-06-02,Federal Unemployment Taxes,null,2,4,5442,IV,Federal Tax Deposits,Classification,6,2021,3,2021,2,06,02
2021-06-02,Estate and Gift Taxes & Misc IRS Rcpts.,null,6,178,4157,IV,Federal Tax Deposits,Classification,7,2021,3,2021,2,06,02
2021-06-02,Cash Federal Tax Deposits,Direct,11,-2,20206,IV,Federal Tax Deposits,Classification,9,2021,3,2021,2,06,02
2021-06-02,Cash Federal Tax Deposits,Through Depositaries,9258,44448,2302462,IV,Federal Tax Deposits,Classification,10,2021,3,2021,2,06,02
2021-06-02,Inter-agency Transfers,null,772,3044,76962,IV,Federal Tax Deposits,Classification,12,2021,3,2021,2,06,02
2021-06-01,Withheld Income and Employment Taxes,null,36353,36353,1846593,IV,Federal Tax Deposits,Classification,1,2021,3,2021,2,06,01
2021-06-01,Individual Income Taxes,null,784,784,275214,IV,Federal Tax Deposits,Classification,2,2021,3,2021,2,06,01
2021-06-01,Railroad Retirement Taxes,null,35,35,3508,IV,Federal Tax Deposits,Classification,3,2021,3,2021,2,06,01
2021-06-01,Excise Taxes,null,32,32,44857,IV,Federal Tax Deposits,Classification,4,2021,3,2021,2,06,01
2021-06-01,Corporation Income Taxes,null,70,70,209824,IV,Federal Tax Deposits,Classification,5,2021,3,2021,2,06,01
2021-06-01,Federal Unemployment Taxes,null,2,2,5440,IV,Federal Tax Deposits,Classification,6,2021,3,2021,2,06,01
2021-06-01,Estate and Gift Taxes & Misc IRS Rcpts.,null,173,173,4152,IV,Federal Tax Deposits,Classification,7,2021,3,2021,2,06,01
2021-06-01,Cash Federal Tax Deposits,Direct,-13,-13,20195,IV,Federal Tax Deposits,Classification,9,2021,3,2021,2,06,01
2021-06-01,Cash Federal Tax Deposits,Through Depositaries,35190,35190,2293203,IV,Federal Tax Deposits,Classification,10,2021,3,2021,2,06,01
2021-06-01,Inter-agency Transfers,null,2272,2272,76191,IV,Federal Tax Deposits,Classification,12,2021,3,2021,2,06,01
2021-05-28,Withheld Income and Employment Taxes,null,11282,210487,1810240,IV,Federal Tax Deposits,Classification,1,2021,3,2021,2,05,28
2021-05-28,Individual Income Taxes,null,494,123633,274430,IV,Federal Tax Deposits,Classification,2,2021,3,2021,2,05,28
2021-05-28,Railroad Retirement Taxes,null,53,445,3473,IV,Federal Tax Deposits,Classification,3,2021,3,2021,2,05,28
2021-05-28,Excise Taxes,null,1903,6756,44825,IV,Federal Tax Deposits,Classification,4,2021,3,2021,2,05,28
2021-05-28,Corporation Income Taxes,null,4701,14216,209755,IV,Federal Tax Deposits,Classification,5,2021,3,2021,2,05,28
2021-05-28,Federal Unemployment Taxes,null,2,113,5438,IV,Federal Tax Deposits,Classification,6,2021,3,2021,2,05,28
2021-05-28,Estate and Gift Taxes & Misc IRS Rcpts.,null,6,641,3979,IV,Federal Tax Deposits,Classification,7,2021,3,2021,2,05,28
2021-05-28,Cash Federal Tax Deposits,Direct,611,2523,20208,IV,Federal Tax Deposits,Classification,9,2021,3,2021,2,05,28
2021-05-28,Cash Federal Tax Deposits,Through Depositaries,16429,345039,2258013,IV,Federal Tax Deposits,Classification,10,2021,3,2021,2,05,28
2021-05-28,Inter-agency Transfers,null,1401,8728,73919,IV,Federal Tax Deposits,Classification,12,2021,3,2021,2,05,28
2021-05-27,Withheld Income and Employment Taxes,null,3978,199204,1798958,IV,Federal Tax Deposits,Classification,1,2021,3,2021,2,05,27
2021-05-27,Individual Income Taxes,null,449,123139,273936,IV,Federal Tax Deposits,Classification,2,2021,3,2021,2,05,27
2021-05-27,Railroad Retirement Taxes,null,2,391,3420,IV,Federal Tax Deposits,Classification,3,2021,3,2021,2,05,27
2021-05-27,Excise Taxes,null,536,4853,42922,IV,Federal Tax Deposits,Classification,4,2021,3,2021,2,05,27
2021-05-27,Corporation Income Taxes,null,222,9515,205054,IV,Federal Tax Deposits,Classification,5,2021,3,2021,2,05,27
2021-05-27,Federal Unemployment Taxes,null,1,111,5436,IV,Federal Tax Deposits,Classification,6,2021,3,2021,2,05,27
2021-05-27,Estate and Gift Taxes & Misc IRS Rcpts.,null,12,635,3973,IV,Federal Tax Deposits,Classification,7,2021,3,2021,2,05,27
2021-05-27,Cash Federal Tax Deposits,Direct,137,1912,19597,IV,Federal Tax Deposits,Classification,9,2021,3,2021,2,05,27
2021-05-27,Cash Federal Tax Deposits,Through Depositaries,5052,328610,2241584,IV,Federal Tax Deposits,Classification,10,2021,3,2021,2,05,27
2021-05-27,Inter-agency Transfers,null,11,7327,72517,IV,Federal Tax Deposits,Classification,12,2021,3,2021,2,05,27
2021-05-26,Withheld Income and Employment Taxes,null,9394,195226,1794980,IV,Federal Tax Deposits,Classification,1,2021,3,2021,2,05,26
2021-05-26,Individual Income Taxes,null,390,122690,273487,IV,Federal Tax Deposits,Classification,2,2021,3,2021,2,05,26
2021-05-26,Railroad Retirement Taxes,null,39,390,3418,IV,Federal Tax Deposits,Classification,3,2021,3,2021,2,05,26
2021-05-26,Excise Taxes,null,370,4317,42386,IV,Federal Tax Deposits,Classification,4,2021,3,2021,2,05,26
2021-05-26,Corporation Income Taxes,null,65,9292,204831,IV,Federal Tax Deposits,Classification,5,2021,3,2021,2,05,26
2021-05-26,Federal Unemployment Taxes,null,2,110,5435,IV,Federal Tax Deposits,Classification,6,2021,3,2021,2,05,26
2021-05-26,Estate and Gift Taxes & Misc IRS Rcpts.,null,9,623,3961,IV,Federal Tax Deposits,Classification,7,2021,3,2021,2,05,26
2021-05-26,Cash Federal Tax Deposits,Direct,18,1775,19460,IV,Federal Tax Deposits,Classification,9,2021,3,2021,2,05,26
2021-05-26,Cash Federal Tax Deposits,Through Depositaries,10240,323558,2236532,IV,Federal Tax Deposits,Classification,10,2021,3,2021,2,05,26
2021-05-26,Inter-agency Transfers,null,10,7316,72506,IV,Federal Tax Deposits,Classification,12,2021,3,2021,2,05,26
2021-05-25,Withheld Income and Employment Taxes,null,3276,185833,1785586,IV,Federal Tax Deposits,Classification,1,2021,3,2021,2,05,25
2021-05-25,Individual Income Taxes,null,502,122300,273097,IV,Federal Tax Deposits,Classification,2,2021,3,2021,2,05,25
2021-05-25,Railroad Retirement Taxes,null,31,351,3380,IV,Federal Tax Deposits,Classification,3,2021,3,2021,2,05,25
2021-05-25,Excise Taxes,null,71,3947,42016,IV,Federal Tax Deposits,Classification,4,2021,3,2021,2,05,25
2021-05-25,Corporation Income Taxes,null,178,9228,204767,IV,Federal Tax Deposits,Classification,5,2021,3,2021,2,05,25
2021-05-25,Federal Unemployment Taxes,null,1,108,5433,IV,Federal Tax Deposits,Classification,6,2021,3,2021,2,05,25
2021-05-25,Estate and Gift Taxes & Misc IRS Rcpts.,null,-17,614,3951,IV,Federal Tax Deposits,Classification,7,2021,3,2021,2,05,25
2021-05-25,Cash Federal Tax Deposits,Direct,-22,1757,19442,IV,Federal Tax Deposits,Classification,9,2021,3,2021,2,05,25
2021-05-25,Cash Federal Tax Deposits,Through Depositaries,4041,313318,2226293,IV,Federal Tax Deposits,Classification,10,2021,3,2021,2,05,25
2021-05-25,Inter-agency Transfers,null,23,7306,72496,IV,Federal Tax Deposits,Classification,12,2021,3,2021,2,05,25
2021-05-24,Withheld Income and Employment Taxes,null,16621,182557,1782311,IV,Federal Tax Deposits,Classification,1,2021,3,2021,2,05,24
2021-05-24,Individual Income Taxes,null,589,121798,272595,IV,Federal Tax Deposits,Classification,2,2021,3,2021,2,05,24
2021-05-24,Railroad Retirement Taxes,null,29,320,3349,IV,Federal Tax Deposits,Classification,3,2021,3,2021,2,05,24
2021-05-24,Excise Taxes,null,36,3876,41945,IV,Federal Tax Deposits,Classification,4,2021,3,2021,2,05,24
2021-05-24,Corporation Income Taxes,null,26,9050,204589,IV,Federal Tax Deposits,Classification,5,2021,3,2021,2,05,24
2021-05-24,Federal Unemployment Taxes,null,1,107,5432,IV,Federal Tax Deposits,Classification,6,2021,3,2021,2,05,24
2021-05-24,Estate and Gift Taxes & Misc IRS Rcpts.,null,2,591,3968,IV,Federal Tax Deposits,Classification,7,2021,3,2021,2,05,24
2021-05-24,Cash Federal Tax Deposits,Direct,-7,1740,19464,IV,Federal Tax Deposits,Classification,9,2021,3,2021,2,05,24
2021-05-24,Cash Federal Tax Deposits,Through Depositaries,17304,309277,2222252,IV,Federal Tax Deposits,Classification,10,2021,3,2021,2,05,24
2021-05-24,Inter-agency Transfers,null,8,7282,72473,IV,Federal Tax Deposits,Classification,12,2021,3,2021,2,05,24
2021-05-21,Withheld Income and Employment Taxes,null,7465,165936,1765689,IV,Federal Tax Deposits,Classification,1,2021,3,2021,2,05,21
2021-05-21,Individual Income Taxes,null,372,121210,272007,IV,Federal Tax Deposits,Classification,2,2021,3,2021,2,05,21
2021-05-21,Railroad Retirement Taxes,null,24,291,3320,IV,Federal Tax Deposits,Classification,3,2021,3,2021,2,05,21
2021-05-21,Excise Taxes,null,60,3839,41909,IV,Federal Tax Deposits,Classification,4,2021,3,2021,2,05,21
2021-05-21,Corporation Income Taxes,null,129,9024,204563,IV,Federal Tax Deposits,Classification,5,2021,3,2021,2,05,21
2021-05-21,Federal Unemployment Taxes,null,2,105,5430,IV,Federal Tax Deposits,Classification,6,2021,3,2021,2,05,21
2021-05-21,Estate and Gift Taxes & Misc IRS Rcpts.,null,27,589,3966,IV,Federal Tax Deposits,Classification,7,2021,3,2021,2,05,21
2021-05-21,Cash Federal Tax Deposits,Direct,-23,1747,19471,IV,Federal Tax Deposits,Classification,9,2021,3,2021,2,05,21
2021-05-21,Cash Federal Tax Deposits,Through Depositaries,8078,291973,2204948,IV,Federal Tax Deposits,Classification,10,2021,3,2021,2,05,21
2021-05-21,Inter-agency Transfers,null,24,7274,72465,IV,Federal Tax Deposits,Classification,12,2021,3,2021,2,05,21
2021-05-20,Withheld Income and Employment Taxes,null,2718,158471,1758225,IV,Federal Tax Deposits,Classification,1,2021,3,2021,2,05,20
2021-05-20,Individual Income Taxes,null,4602,120837,271634,IV,Federal Tax Deposits,Classification,2,2021,3,2021,2,05,20
2021-05-20,Railroad Retirement Taxes,null,1,268,3296,IV,Federal Tax Deposits,Classification,3,2021,3,2021,2,05,20
2021-05-20,Excise Taxes,null,37,3780,41849,IV,Federal Tax Deposits,Classification,4,2021,3,2021,2,05,20
2021-05-20,Corporation Income Taxes,null,88,8895,204433,IV,Federal Tax Deposits,Classification,5,2021,3,2021,2,05,20
2021-05-20,Federal Unemployment Taxes,null,2,104,5429,IV,Federal Tax Deposits,Classification,6,2021,3,2021,2,05,20
2021-05-20,Estate and Gift Taxes & Misc IRS Rcpts.,null,20,561,3938,IV,Federal Tax Deposits,Classification,7,2021,3,2021,2,05,20
2021-05-20,Cash Federal Tax Deposits,Direct,52,1770,19494,IV,Federal Tax Deposits,Classification,9,2021,3,2021,2,05,20
2021-05-20,Cash Federal Tax Deposits,Through Depositaries,7160,283895,2196870,IV,Federal Tax Deposits,Classification,10,2021,3,2021,2,05,20
2021-05-20,Inter-agency Transfers,null,255,7251,72441,IV,Federal Tax Deposits,Classification,12,2021,3,2021,2,05,20
2021-05-19,Withheld Income and Employment Taxes,null,11582,155753,1755506,IV,Federal Tax Deposits,Classification,1,2021,3,2021,2,05,19
2021-05-19,Individual Income Taxes,null,15732,116235,267032,IV,Federal Tax Deposits,Classification,2,2021,3,2021,2,05,19
2021-05-19,Railroad Retirement Taxes,null,2,267,3296,IV,Federal Tax Deposits,Classification,3,2021,3,2021,2,05,19
2021-05-19,Excise Taxes,null,34,3742,41812,IV,Federal Tax Deposits,Classification,4,2021,3,2021,2,05,19
2021-05-19,Corporation Income Taxes,null,134,8807,204346,IV,Federal Tax Deposits,Classification,5,2021,3,2021,2,05,19
2021-05-19,Federal Unemployment Taxes,null,2,102,5427,IV,Federal Tax Deposits,Classification,6,2021,3,2021,2,05,19
2021-05-19,Estate and Gift Taxes & Misc IRS Rcpts.,null,264,541,3919,IV,Federal Tax Deposits,Classification,7,2021,3,2021,2,05,19
2021-05-19,Cash Federal Tax Deposits,Direct,24,1718,19442,IV,Federal Tax Deposits,Classification,9,2021,3,2021,2,05,19
2021-05-19,Cash Federal Tax Deposits,Through Depositaries,27702,276735,2189709,IV,Federal Tax Deposits,Classification,10,2021,3,2021,2,05,19
2021-05-19,Inter-agency Transfers,null,23,6995,72186,IV,Federal Tax Deposits,Classification,12,2021,3,2021,2,05,19
2021-05-18,Withheld Income and Employment Taxes,null,3099,144171,1743925,IV,Federal Tax Deposits,Classification,1,2021,3,2021,2,05,18
2021-05-18,Individual Income Taxes,null,21373,100503,251300,IV,Federal Tax Deposits,Classification,2,2021,3,2021,2,05,18
2021-05-18,Railroad Retirement Taxes,null,2,265,3294,IV,Federal Tax Deposits,Classification,3,2021,3,2021,2,05,18
2021-05-18,Excise Taxes,null,15,3708,41777,IV,Federal Tax Deposits,Classification,4,2021,3,2021,2,05,18
2021-05-18,Corporation Income Taxes,null,203,8673,204212,IV,Federal Tax Deposits,Classification,5,2021,3,2021,2,05,18
2021-05-18,Federal Unemployment Taxes,null,1,100,5425,IV,Federal Tax Deposits,Classification,6,2021,3,2021,2,05,18
2021-05-18,Estate and Gift Taxes & Misc IRS Rcpts.,null,2,278,3655,IV,Federal Tax Deposits,Classification,7,2021,3,2021,2,05,18
2021-05-18,Cash Federal Tax Deposits,Direct,27,1694,19418,IV,Federal Tax Deposits,Classification,9,2021,3,2021,2,05,18
2021-05-18,Cash Federal Tax Deposits,Through Depositaries,24388,249032,2162007,IV,Federal Tax Deposits,Classification,10,2021,3,2021,2,05,18
2021-05-18,Inter-agency Transfers,null,280,6972,72163,IV,Federal Tax Deposits,Classification,12,2021,3,2021,2,05,18
2021-05-17,Withheld Income and Employment Taxes,null,34065,141072,1740825,IV,Federal Tax Deposits,Classification,1,2021,3,2021,2,05,17
2021-05-17,Individual Income Taxes,null,41563,79130,229927,IV,Federal Tax Deposits,Classification,2,2021,3,2021,2,05,17
2021-05-17,Railroad Retirement Taxes,null,45,263,3292,IV,Federal Tax Deposits,Classification,3,2021,3,2021,2,05,17
2021-05-17,Excise Taxes,null,174,3693,41763,IV,Federal Tax Deposits,Classification,4,2021,3,2021,2,05,17
2021-05-17,Corporation Income Taxes,null,5085,8471,204009,IV,Federal Tax Deposits,Classification,5,2021,3,2021,2,05,17
2021-05-17,Federal Unemployment Taxes,null,3,98,5423,IV,Federal Tax Deposits,Classification,6,2021,3,2021,2,05,17
2021-05-17,Estate and Gift Taxes & Misc IRS Rcpts.,null,1,276,3653,IV,Federal Tax Deposits,Classification,7,2021,3,2021,2,05,17
2021-05-17,Cash Federal Tax Deposits,Direct,35,1666,19391,IV,Federal Tax Deposits,Classification,9,2021,3,2021,2,05,17
2021-05-17,Cash Federal Tax Deposits,Through Depositaries,79043,224644,2137619,IV,Federal Tax Deposits,Classification,10,2021,3,2021,2,05,17
2021-05-17,Inter-agency Transfers,null,1859,6693,71883,IV,Federal Tax Deposits,Classification,12,2021,3,2021,2,05,17
2021-05-14,Withheld Income and Employment Taxes,null,9938,107007,1706760,IV,Federal Tax Deposits,Classification,1,2021,3,2021,2,05,14
2021-05-14,Individual Income Taxes,null,12697,37566,188363,IV,Federal Tax Deposits,Classification,2,2021,3,2021,2,05,14
2021-05-14,Railroad Retirement Taxes,null,21,219,3247,IV,Federal Tax Deposits,Classification,3,2021,3,2021,2,05,14
2021-05-14,Excise Taxes,null,2176,3519,41589,IV,Federal Tax Deposits,Classification,4,2021,3,2021,2,05,14
2021-05-14,Corporation Income Taxes,null,1964,3385,198924,IV,Federal Tax Deposits,Classification,5,2021,3,2021,2,05,14
2021-05-14,Federal Unemployment Taxes,null,4,96,5421,IV,Federal Tax Deposits,Classification,6,2021,3,2021,2,05,14
2021-05-14,Estate and Gift Taxes & Misc IRS Rcpts.,null,77,275,3652,IV,Federal Tax Deposits,Classification,7,2021,3,2021,2,05,14
2021-05-14,Cash Federal Tax Deposits,Direct,748,1632,19356,IV,Federal Tax Deposits,Classification,9,2021,3,2021,2,05,14
2021-05-14,Cash Federal Tax Deposits,Through Depositaries,25101,145601,2058576,IV,Federal Tax Deposits,Classification,10,2021,3,2021,2,05,14
2021-05-14,Inter-agency Transfers,null,1028,4834,70024,IV,Federal Tax Deposits,Classification,12,2021,3,2021,2,05,14
2021-05-13,Withheld Income and Employment Taxes,null,2686,97068,1696822,IV,Federal Tax Deposits,Classification,1,2021,3,2021,2,05,13
2021-05-13,Individual Income Taxes,null,6141,24869,175666,IV,Federal Tax Deposits,Classification,2,2021,3,2021,2,05,13
2021-05-13,Railroad Retirement Taxes,null,4,198,3227,IV,Federal Tax Deposits,Classification,3,2021,3,2021,2,05,13
2021-05-13,Excise Taxes,null,499,1344,39413,IV,Federal Tax Deposits,Classification,4,2021,3,2021,2,05,13
2021-05-13,Corporation Income Taxes,null,348,1422,196960,IV,Federal Tax Deposits,Classification,5,2021,3,2021,2,05,13
2021-05-13,Federal Unemployment Taxes,null,2,92,5417,IV,Federal Tax Deposits,Classification,6,2021,3,2021,2,05,13
2021-05-13,Estate and Gift Taxes & Misc IRS Rcpts.,null,2,197,3574,IV,Federal Tax Deposits,Classification,7,2021,3,2021,2,05,13
2021-05-13,Cash Federal Tax Deposits,Direct,149,884,18608,IV,Federal Tax Deposits,Classification,9,2021,3,2021,2,05,13
2021-05-13,Cash Federal Tax Deposits,Through Depositaries,9522,120500,2033475,IV,Federal Tax Deposits,Classification,10,2021,3,2021,2,05,13
2021-05-13,Inter-agency Transfers,null,11,3806,68997,IV,Federal Tax Deposits,Classification,12,2021,3,2021,2,05,13
2021-05-12,Withheld Income and Employment Taxes,null,8834,94382,1694135,IV,Federal Tax Deposits,Classification,1,2021,3,2021,2,05,12
2021-05-12,Individual Income Taxes,null,4682,18728,169525,IV,Federal Tax Deposits,Classification,2,2021,3,2021,2,05,12
2021-05-12,Railroad Retirement Taxes,null,3,194,3222,IV,Federal Tax Deposits,Classification,3,2021,3,2021,2,05,12
2021-05-12,Excise Taxes,null,431,845,38914,IV,Federal Tax Deposits,Classification,4,2021,3,2021,2,05,12
2021-05-12,Corporation Income Taxes,null,286,1073,196612,IV,Federal Tax Deposits,Classification,5,2021,3,2021,2,05,12
2021-05-12,Federal Unemployment Taxes,null,3,90,5415,IV,Federal Tax Deposits,Classification,6,2021,3,2021,2,05,12
2021-05-12,Estate and Gift Taxes & Misc IRS Rcpts.,null,4,196,3573,IV,Federal Tax Deposits,Classification,7,2021,3,2021,2,05,12
2021-05-12,Cash Federal Tax Deposits,Direct,90,734,18459,IV,Federal Tax Deposits,Classification,9,2021,3,2021,2,05,12
2021-05-12,Cash Federal Tax Deposits,Through Depositaries,14109,110978,2023953,IV,Federal Tax Deposits,Classification,10,2021,3,2021,2,05,12
2021-05-12,Inter-agency Transfers,null,42,3795,68985,IV,Federal Tax Deposits,Classification,12,2021,3,2021,2,05,12
2021-05-11,Withheld Income and Employment Taxes,null,3307,85548,1685301,IV,Federal Tax Deposits,Classification,1,2021,3,2021,2,05,11
2021-05-11,Individual Income Taxes,null,4277,14047,164844,IV,Federal Tax Deposits,Classification,2,2021,3,2021,2,05,11
2021-05-11,Railroad Retirement Taxes,null,40,191,3220,IV,Federal Tax Deposits,Classification,3,2021,3,2021,2,05,11
2021-05-11,Excise Taxes,null,112,414,38483,IV,Federal Tax Deposits,Classification,4,2021,3,2021,2,05,11
2021-05-11,Corporation Income Taxes,null,285,788,196326,IV,Federal Tax Deposits,Classification,5,2021,3,2021,2,05,11
2021-05-11,Federal Unemployment Taxes,null,2,87,5412,IV,Federal Tax Deposits,Classification,6,2021,3,2021,2,05,11
2021-05-11,Estate and Gift Taxes & Misc IRS Rcpts.,null,141,192,3569,IV,Federal Tax Deposits,Classification,7,2021,3,2021,2,05,11
2021-05-11,Cash Federal Tax Deposits,Direct,38,644,18368,IV,Federal Tax Deposits,Classification,9,2021,3,2021,2,05,11
2021-05-11,Cash Federal Tax Deposits,Through Depositaries,8032,96869,2009844,IV,Federal Tax Deposits,Classification,10,2021,3,2021,2,05,11
2021-05-11,Inter-agency Transfers,null,92,3753,68943,IV,Federal Tax Deposits,Classification,12,2021,3,2021,2,05,11
2021-05-10,Withheld Income and Employment Taxes,null,16180,82241,1681994,IV,Federal Tax Deposits,Classification,1,2021,3,2021,2,05,10
2021-05-10,Individual Income Taxes,null,3394,9769,160566,IV,Federal Tax Deposits,Classification,2,2021,3,2021,2,05,10
2021-05-10,Railroad Retirement Taxes,null,61,152,3180,IV,Federal Tax Deposits,Classification,3,2021,3,2021,2,05,10
2021-05-10,Excise Taxes,null,79,302,38371,IV,Federal Tax Deposits,Classification,4,2021,3,2021,2,05,10
2021-05-10,Corporation Income Taxes,null,108,502,196041,IV,Federal Tax Deposits,Classification,5,2021,3,2021,2,05,10
2021-05-10,Federal Unemployment Taxes,null,2,86,5411,IV,Federal Tax Deposits,Classification,6,2021,3,2021,2,05,10
2021-05-10,Estate and Gift Taxes & Misc IRS Rcpts.,null,5,51,3428,IV,Federal Tax Deposits,Classification,7,2021,3,2021,2,05,10
2021-05-10,Cash Federal Tax Deposits,Direct,66,606,18330,IV,Federal Tax Deposits,Classification,9,2021,3,2021,2,05,10
2021-05-10,Cash Federal Tax Deposits,Through Depositaries,19753,88837,2001811,IV,Federal Tax Deposits,Classification,10,2021,3,2021,2,05,10
2021-05-10,Inter-agency Transfers,null,11,3661,68851,IV,Federal Tax Deposits,Classification,12,2021,3,2021,2,05,10
2021-05-07,Withheld Income and Employment Taxes,null,6744,66061,1665815,IV,Federal Tax Deposits,Classification,1,2021,3,2021,2,05,07
2021-05-07,Individual Income Taxes,null,1508,6375,157172,IV,Federal Tax Deposits,Classification,2,2021,3,2021,2,05,07
2021-05-07,Railroad Retirement Taxes,null,19,91,3119,IV,Federal Tax Deposits,Classification,3,2021,3,2021,2,05,07
2021-05-07,Excise Taxes,null,50,223,38292,IV,Federal Tax Deposits,Classification,4,2021,3,2021,2,05,07
2021-05-07,Corporation Income Taxes,null,74,394,195933,IV,Federal Tax Deposits,Classification,5,2021,3,2021,2,05,07
2021-05-07,Federal Unemployment Taxes,null,3,83,5409,IV,Federal Tax Deposits,Classification,6,2021,3,2021,2,05,07
2021-05-07,Estate and Gift Taxes & Misc IRS Rcpts.,null,4,46,3423,IV,Federal Tax Deposits,Classification,7,2021,3,2021,2,05,07
2021-05-07,Cash Federal Tax Deposits,Direct,77,540,18264,IV,Federal Tax Deposits,Classification,9,2021,3,2021,2,05,07
2021-05-07,Cash Federal Tax Deposits,Through Depositaries,8294,69084,1982059,IV,Federal Tax Deposits,Classification,10,2021,3,2021,2,05,07
2021-05-07,Inter-agency Transfers,null,29,3650,68840,IV,Federal Tax Deposits,Classification,12,2021,3,2021,2,05,07
2021-05-06,Withheld Income and Employment Taxes,null,3096,59317,1659070,IV,Federal Tax Deposits,Classification,1,2021,3,2021,2,05,06
2021-05-06,Individual Income Taxes,null,1055,4867,155664,IV,Federal Tax Deposits,Classification,2,2021,3,2021,2,05,06
2021-05-06,Railroad Retirement Taxes,null,9,72,3100,IV,Federal Tax Deposits,Classification,3,2021,3,2021,2,05,06
2021-05-06,Excise Taxes,null,27,173,38243,IV,Federal Tax Deposits,Classification,4,2021,3,2021,2,05,06
2021-05-06,Corporation Income Taxes,null,50,321,195859,IV,Federal Tax Deposits,Classification,5,2021,3,2021,2,05,06
2021-05-06,Federal Unemployment Taxes,null,2,81,5406,IV,Federal Tax Deposits,Classification,6,2021,3,2021,2,05,06
2021-05-06,Estate and Gift Taxes & Misc IRS Rcpts.,null,8,42,3419,IV,Federal Tax Deposits,Classification,7,2021,3,2021,2,05,06
2021-05-06,Cash Federal Tax Deposits,Direct,127,463,18187,IV,Federal Tax Deposits,Classification,9,2021,3,2021,2,05,06
2021-05-06,Cash Federal Tax Deposits,Through Depositaries,3867,60790,1973764,IV,Federal Tax Deposits,Classification,10,2021,3,2021,2,05,06
2021-05-06,Inter-agency Transfers,null,253,3620,68811,IV,Federal Tax Deposits,Classification,12,2021,3,2021,2,05,06
2021-05-05,Cash Federal Tax Deposits,Direct,200,336,18060,IV,Federal Tax Deposits,Classification,9,2021,3,2021,2,05,05
2021-05-05,Withheld Income and Employment Taxes,null,11377,56221,1655974,IV,Federal Tax Deposits,Classification,1,2021,3,2021,2,05,05
2021-05-05,Individual Income Taxes,null,1439,3812,154609,IV,Federal Tax Deposits,Classification,2,2021,3,2021,2,05,05
2021-05-05,Railroad Retirement Taxes,null,3,63,3091,IV,Federal Tax Deposits,Classification,3,2021,3,2021,2,05,05
2021-05-05,Excise Taxes,null,87,147,38216,IV,Federal Tax Deposits,Classification,4,2021,3,2021,2,05,05
2021-05-05,Corporation Income Taxes,null,92,271,195809,IV,Federal Tax Deposits,Classification,5,2021,3,2021,2,05,05
2021-05-05,Federal Unemployment Taxes,null,5,79,5404,IV,Federal Tax Deposits,Classification,6,2021,3,2021,2,05,05
2021-05-05,Estate and Gift Taxes & Misc IRS Rcpts.,null,29,34,3411,IV,Federal Tax Deposits,Classification,7,2021,3,2021,2,05,05
2021-05-05,Cash Federal Tax Deposits,Through Depositaries,12822,56923,1969897,IV,Federal Tax Deposits,Classification,10,2021,3,2021,2,05,05
2021-05-05,Inter-agency Transfers,null,9,3368,68558,IV,Federal Tax Deposits,Classification,12,2021,3,2021,2,05,05
2021-05-04,Withheld Income and Employment Taxes,null,3918,44844,1644597,IV,Federal Tax Deposits,Classification,1,2021,3,2021,2,05,04
2021-05-04,Individual Income Taxes,null,895,2374,153171,IV,Federal Tax Deposits,Classification,2,2021,3,2021,2,05,04
2021-05-04,Railroad Retirement Taxes,null,11,60,3089,IV,Federal Tax Deposits,Classification,3,2021,3,2021,2,05,04
2021-05-04,Excise Taxes,null,38,60,38129,IV,Federal Tax Deposits,Classification,4,2021,3,2021,2,05,04
2021-05-04,Corporation Income Taxes,null,108,178,195717,IV,Federal Tax Deposits,Classification,5,2021,3,2021,2,05,04
2021-05-04,Federal Unemployment Taxes,null,5,74,5399,IV,Federal Tax Deposits,Classification,6,2021,3,2021,2,05,04
2021-05-04,Estate and Gift Taxes & Misc IRS Rcpts.,null,2,5,3382,IV,Federal Tax Deposits,Classification,7,2021,3,2021,2,05,04
2021-05-04,Cash Federal Tax Deposits,Direct,69,136,17860,IV,Federal Tax Deposits,Classification,9,2021,3,2021,2,05,04
2021-05-04,Cash Federal Tax Deposits,Through Depositaries,4873,44101,1957076,IV,Federal Tax Deposits,Classification,10,2021,3,2021,2,05,04
2021-05-04,Inter-agency Transfers,null,36,3359,68549,IV,Federal Tax Deposits,Classification,12,2021,3,2021,2,05,04
2021-05-03,Withheld Income and Employment Taxes,null,40926,40926,1640679,IV,Federal Tax Deposits,Classification,1,2021,3,2021,2,05,03
2021-05-03,Individual Income Taxes,null,1478,1478,152275,IV,Federal Tax Deposits,Classification,2,2021,3,2021,2,05,03
2021-05-03,Railroad Retirement Taxes,null,50,50,3078,IV,Federal Tax Deposits,Classification,3,2021,3,2021,2,05,03
2021-05-03,Excise Taxes,null,22,22,38091,IV,Federal Tax Deposits,Classification,4,2021,3,2021,2,05,03
2021-05-03,Corporation Income Taxes,null,70,70,195608,IV,Federal Tax Deposits,Classification,5,2021,3,2021,2,05,03
2021-05-03,Federal Unemployment Taxes,null,69,69,5395,IV,Federal Tax Deposits,Classification,6,2021,3,2021,2,05,03
2021-05-03,Estate and Gift Taxes & Misc IRS Rcpts.,null,3,3,3380,IV,Federal Tax Deposits,Classification,7,2021,3,2021,2,05,03
2021-05-03,Cash Federal Tax Deposits,Direct,66,66,17790,IV,Federal Tax Deposits,Classification,9,2021,3,2021,2,05,03
2021-05-03,Cash Federal Tax Deposits,Through Depositaries,39229,39229,1952203,IV,Federal Tax Deposits,Classification,10,2021,3,2021,2,05,03
2021-05-03,Inter-agency Transfers,null,3323,3323,68513,IV,Federal Tax Deposits,Classification,12,2021,3,2021,2,05,03
2021-04-30,Withheld Income and Employment Taxes,null,11419,227998,1599753,IV,Federal Tax Deposits,Classification,1,2021,3,2021,2,04,30
2021-04-30,Individual Income Taxes,null,3114,66750,150797,IV,Federal Tax Deposits,Classification,2,2021,3,2021,2,04,30
2021-04-30,Railroad Retirement Taxes,null,32,456,3028,IV,Federal Tax Deposits,Classification,3,2021,3,2021,2,04,30
2021-04-30,Excise Taxes,null,200,6819,38069,IV,Federal Tax Deposits,Classification,4,2021,3,2021,2,04,30
2021-04-30,Corporation Income Taxes,null,105,77997,195538,IV,Federal Tax Deposits,Classification,5,2021,3,2021,2,04,30
2021-04-30,Federal Unemployment Taxes,null,2838,3374,5325,IV,Federal Tax Deposits,Classification,6,2021,3,2021,2,04,30
2021-04-30,Estate and Gift Taxes & Misc IRS Rcpts.,null,41,1679,3377,IV,Federal Tax Deposits,Classification,7,2021,3,2021,2,04,30
2021-04-30,Cash Federal Tax Deposits,Direct,128,3397,17724,IV,Federal Tax Deposits,Classification,9,2021,3,2021,2,04,30
2021-04-30,Cash Federal Tax Deposits,Through Depositaries,15665,371002,1912975,IV,Federal Tax Deposits,Classification,10,2021,3,2021,2,04,30
2021-04-30,Inter-agency Transfers,null,1958,10674,65190,IV,Federal Tax Deposits,Classification,12,2021,3,2021,2,04,30
2021-04-29,Withheld Income and Employment Taxes,null,3141,216579,1588334,IV,Federal Tax Deposits,Classification,1,2021,3,2021,2,04,29
2021-04-29,Individual Income Taxes,null,496,63636,147683,IV,Federal Tax Deposits,Classification,2,2021,3,2021,2,04,29
2021-04-29,Railroad Retirement Taxes,null,4,424,2996,IV,Federal Tax Deposits,Classification,3,2021,3,2021,2,04,29
2021-04-29,Excise Taxes,null,1966,6619,37870,IV,Federal Tax Deposits,Classification,4,2021,3,2021,2,04,29
2021-04-29,Corporation Income Taxes,null,221,77891,195433,IV,Federal Tax Deposits,Classification,5,2021,3,2021,2,04,29
2021-04-29,Federal Unemployment Taxes,null,110,536,2487,IV,Federal Tax Deposits,Classification,6,2021,3,2021,2,04,29
2021-04-29,Estate and Gift Taxes & Misc IRS Rcpts.,null,7,1638,3336,IV,Federal Tax Deposits,Classification,7,2021,3,2021,2,04,29
2021-04-29,Cash Federal Tax Deposits,Direct,829,3270,17596,IV,Federal Tax Deposits,Classification,9,2021,3,2021,2,04,29
2021-04-29,Cash Federal Tax Deposits,Through Depositaries,5105,355337,1897310,IV,Federal Tax Deposits,Classification,10,2021,3,2021,2,04,29
2021-04-29,Inter-agency Transfers,null,11,8716,63233,IV,Federal Tax Deposits,Classification,12,2021,3,2021,2,04,29
