Record Date,Federal Tax Refund Type,Federal Tax Refund Type Description,Federal Tax Refunds Today,Federal Tax Refunds Month to Date,Federal Tax Refunds Fiscal Year to Date,Table Number,Table Name,Sub Table Name,Source Line Number,Fiscal Year,Fiscal Quarter Number,Calendar Year,Calendar Quarter Number,Calendar Month Number,Calendar Day Number
2026-04-28,Taxes - Business Tax Refunds (Checks),null,2366,7322,53289,V,Income Tax Refunds Issued,Classification,1,2026,3,2026,2,04,28
2026-04-28,Taxes - Business Tax Refunds (EFT),null,131,3343,19765,V,Income Tax Refunds Issued,Classification,2,2026,3,2026,2,04,28
2026-04-28,Taxes - Individual Tax Refunds (Checks),null,84,4131,26153,V,Income Tax Refunds Issued,Classification,3,2026,3,2026,2,04,28
2026-04-28,Taxes - Individual Tax Refunds (EFT),null,1092,88690,315415,V,Income Tax Refunds Issued,Classification,4,2026,3,2026,2,04,28
2026-04-27,Taxes - Business Tax Refunds (Checks),null,35,4956,50923,V,Income Tax Refunds Issued,Classification,1,2026,3,2026,2,04,27
2026-04-27,Taxes - Business Tax Refunds (EFT),null,540,3212,19634,V,Income Tax Refunds Issued,Classification,2,2026,3,2026,2,04,27
2026-04-27,Taxes - Individual Tax Refunds (Checks),null,73,4048,26069,V,Income Tax Refunds Issued,Classification,3,2026,3,2026,2,04,27
2026-04-27,Taxes - Individual Tax Refunds (EFT),null,1239,87597,314322,V,Income Tax Refunds Issued,Classification,4,2026,3,2026,2,04,27
2026-04-24,Taxes - Business Tax Refunds (Checks),null,21,4921,50888,V,Income Tax Refunds Issued,Classification,1,2026,3,2026,2,04,24
2026-04-24,Taxes - Business Tax Refunds (EFT),null,11,2672,19094,V,Income Tax Refunds Issued,Classification,2,2026,3,2026,2,04,24
2026-04-24,Taxes - Individual Tax Refunds (Checks),null,809,3975,25996,V,Income Tax Refunds Issued,Classification,3,2026,3,2026,2,04,24
2026-04-24,Taxes - Individual Tax Refunds (EFT),null,1516,86359,313084,V,Income Tax Refunds Issued,Classification,4,2026,3,2026,2,04,24
2026-04-23,Taxes - Business Tax Refunds (Checks),null,12,4900,50867,V,Income Tax Refunds Issued,Classification,1,2026,3,2026,2,04,23
2026-04-23,Taxes - Business Tax Refunds (EFT),null,-1,2661,19082,V,Income Tax Refunds Issued,Classification,2,2026,3,2026,2,04,23
2026-04-23,Taxes - Individual Tax Refunds (Checks),null,87,3166,25187,V,Income Tax Refunds Issued,Classification,3,2026,3,2026,2,04,23
2026-04-23,Taxes - Individual Tax Refunds (EFT),null,3178,84843,311568,V,Income Tax Refunds Issued,Classification,4,2026,3,2026,2,04,23
2026-04-22,Taxes - Business Tax Refunds (Checks),null,20,4888,50856,V,Income Tax Refunds Issued,Classification,1,2026,3,2026,2,04,22
2026-04-22,Taxes - Business Tax Refunds (EFT),null,32,2662,19084,V,Income Tax Refunds Issued,Classification,2,2026,3,2026,2,04,22
2026-04-22,Taxes - Individual Tax Refunds (Checks),null,56,3078,25099,V,Income Tax Refunds Issued,Classification,3,2026,3,2026,2,04,22
2026-04-22,Taxes - Individual Tax Refunds (EFT),null,16788,81664,308390,V,Income Tax Refunds Issued,Classification,4,2026,3,2026,2,04,22
2026-04-21,Taxes - Business Tax Refunds (Checks),null,1192,4868,50835,V,Income Tax Refunds Issued,Classification,1,2026,3,2026,2,04,21
2026-04-21,Taxes - Business Tax Refunds (EFT),null,137,2630,19052,V,Income Tax Refunds Issued,Classification,2,2026,3,2026,2,04,21
2026-04-21,Taxes - Individual Tax Refunds (Checks),null,58,3022,25043,V,Income Tax Refunds Issued,Classification,3,2026,3,2026,2,04,21
2026-04-21,Taxes - Individual Tax Refunds (EFT),null,3141,64877,291602,V,Income Tax Refunds Issued,Classification,4,2026,3,2026,2,04,21
2026-04-20,Taxes - Business Tax Refunds (Checks),null,6,3676,49643,V,Income Tax Refunds Issued,Classification,1,2026,3,2026,2,04,20
2026-04-20,Taxes - Business Tax Refunds (EFT),null,507,2493,18915,V,Income Tax Refunds Issued,Classification,2,2026,3,2026,2,04,20
2026-04-20,Taxes - Individual Tax Refunds (Checks),null,71,2964,24985,V,Income Tax Refunds Issued,Classification,3,2026,3,2026,2,04,20
2026-04-20,Taxes - Individual Tax Refunds (EFT),null,3713,61736,288461,V,Income Tax Refunds Issued,Classification,4,2026,3,2026,2,04,20
2026-04-17,Taxes - Business Tax Refunds (Checks),null,1,3670,49638,V,Income Tax Refunds Issued,Classification,1,2026,3,2026,2,04,17
2026-04-17,Taxes - Business Tax Refunds (EFT),null,-1,1986,18408,V,Income Tax Refunds Issued,Classification,2,2026,3,2026,2,04,17
2026-04-17,Taxes - Individual Tax Refunds (Checks),null,758,2893,24914,V,Income Tax Refunds Issued,Classification,3,2026,3,2026,2,04,17
2026-04-17,Taxes - Individual Tax Refunds (EFT),null,3470,58022,284748,V,Income Tax Refunds Issued,Classification,4,2026,3,2026,2,04,17
2026-04-16,Taxes - Business Tax Refunds (Checks),null,40,3670,49637,V,Income Tax Refunds Issued,Classification,1,2026,3,2026,2,04,16
2026-04-16,Taxes - Business Tax Refunds (EFT),null,13,1988,18409,V,Income Tax Refunds Issued,Classification,2,2026,3,2026,2,04,16
2026-04-16,Taxes - Individual Tax Refunds (Checks),null,79,2135,24156,V,Income Tax Refunds Issued,Classification,3,2026,3,2026,2,04,16
2026-04-16,Taxes - Individual Tax Refunds (EFT),null,1846,54552,281277,V,Income Tax Refunds Issued,Classification,4,2026,3,2026,2,04,16
2026-04-15,Taxes - Business Tax Refunds (Checks),null,1,3629,49596,V,Income Tax Refunds Issued,Classification,1,2026,3,2026,2,04,15
2026-04-15,Taxes - Business Tax Refunds (EFT),null,4,1975,18396,V,Income Tax Refunds Issued,Classification,2,2026,3,2026,2,04,15
2026-04-15,Taxes - Individual Tax Refunds (Checks),null,51,2056,24078,V,Income Tax Refunds Issued,Classification,3,2026,3,2026,2,04,15
2026-04-15,Taxes - Individual Tax Refunds (EFT),null,12636,52706,279431,V,Income Tax Refunds Issued,Classification,4,2026,3,2026,2,04,15
2026-04-14,Taxes - Business Tax Refunds (Checks),null,1787,3628,49595,V,Income Tax Refunds Issued,Classification,1,2026,3,2026,2,04,14
2026-04-14,Taxes - Business Tax Refunds (EFT),null,67,1971,18393,V,Income Tax Refunds Issued,Classification,2,2026,3,2026,2,04,14
2026-04-14,Taxes - Individual Tax Refunds (Checks),null,74,2006,24027,V,Income Tax Refunds Issued,Classification,3,2026,3,2026,2,04,14
2026-04-14,Taxes - Individual Tax Refunds (EFT),null,2448,40070,266795,V,Income Tax Refunds Issued,Classification,4,2026,3,2026,2,04,14
2026-04-13,Taxes - Business Tax Refunds (Checks),null,14,1842,47809,V,Income Tax Refunds Issued,Classification,1,2026,3,2026,2,04,13
2026-04-13,Taxes - Business Tax Refunds (EFT),null,722,1904,18325,V,Income Tax Refunds Issued,Classification,2,2026,3,2026,2,04,13
2026-04-13,Taxes - Individual Tax Refunds (Checks),null,157,1932,23953,V,Income Tax Refunds Issued,Classification,3,2026,3,2026,2,04,13
2026-04-13,Taxes - Individual Tax Refunds (EFT),null,2568,37622,264347,V,Income Tax Refunds Issued,Classification,4,2026,3,2026,2,04,13
2026-04-10,Taxes - Business Tax Refunds (Checks),null,3,1827,47795,V,Income Tax Refunds Issued,Classification,1,2026,3,2026,2,04,10
2026-04-10,Taxes - Business Tax Refunds (EFT),null,262,1182,17604,V,Income Tax Refunds Issued,Classification,2,2026,3,2026,2,04,10
2026-04-10,Taxes - Individual Tax Refunds (Checks),null,714,1775,23796,V,Income Tax Refunds Issued,Classification,3,2026,3,2026,2,04,10
2026-04-10,Taxes - Individual Tax Refunds (EFT),null,3385,35053,261779,V,Income Tax Refunds Issued,Classification,4,2026,3,2026,2,04,10
2026-04-09,Taxes - Business Tax Refunds (Checks),null,8,1824,47791,V,Income Tax Refunds Issued,Classification,1,2026,3,2026,2,04,09
2026-04-09,Taxes - Business Tax Refunds (EFT),null,49,920,17341,V,Income Tax Refunds Issued,Classification,2,2026,3,2026,2,04,09
2026-04-09,Taxes - Individual Tax Refunds (Checks),null,54,1061,23082,V,Income Tax Refunds Issued,Classification,3,2026,3,2026,2,04,09
2026-04-09,Taxes - Individual Tax Refunds (EFT),null,1901,31668,258393,V,Income Tax Refunds Issued,Classification,4,2026,3,2026,2,04,09
2026-04-08,Taxes - Business Tax Refunds (Checks),null,12,1816,47783,V,Income Tax Refunds Issued,Classification,1,2026,3,2026,2,04,08
2026-04-08,Taxes - Business Tax Refunds (EFT),null,13,871,17292,V,Income Tax Refunds Issued,Classification,2,2026,3,2026,2,04,08
2026-04-08,Taxes - Individual Tax Refunds (Checks),null,61,1006,23028,V,Income Tax Refunds Issued,Classification,3,2026,3,2026,2,04,08
2026-04-08,Taxes - Individual Tax Refunds (EFT),null,11005,29767,256492,V,Income Tax Refunds Issued,Classification,4,2026,3,2026,2,04,08
2026-04-07,Taxes - Business Tax Refunds (Checks),null,1564,1804,47771,V,Income Tax Refunds Issued,Classification,1,2026,3,2026,2,04,07
2026-04-07,Taxes - Business Tax Refunds (EFT),null,626,858,17279,V,Income Tax Refunds Issued,Classification,2,2026,3,2026,2,04,07
2026-04-07,Taxes - Individual Tax Refunds (Checks),null,32,945,22966,V,Income Tax Refunds Issued,Classification,3,2026,3,2026,2,04,07
2026-04-07,Taxes - Individual Tax Refunds (EFT),null,1711,18761,245487,V,Income Tax Refunds Issued,Classification,4,2026,3,2026,2,04,07
2026-04-06,Taxes - Business Tax Refunds (Checks),null,159,240,46207,V,Income Tax Refunds Issued,Classification,1,2026,3,2026,2,04,06
2026-04-06,Taxes - Business Tax Refunds (EFT),null,-2,231,16653,V,Income Tax Refunds Issued,Classification,2,2026,3,2026,2,04,06
2026-04-06,Taxes - Individual Tax Refunds (Checks),null,51,913,22934,V,Income Tax Refunds Issued,Classification,3,2026,3,2026,2,04,06
2026-04-06,Taxes - Individual Tax Refunds (EFT),null,2379,17050,243776,V,Income Tax Refunds Issued,Classification,4,2026,3,2026,2,04,06
2026-04-03,Taxes - Business Tax Refunds (Checks),null,50,82,46049,V,Income Tax Refunds Issued,Classification,1,2026,3,2026,2,04,03
2026-04-03,Taxes - Business Tax Refunds (EFT),null,211,234,16655,V,Income Tax Refunds Issued,Classification,2,2026,3,2026,2,04,03
2026-04-03,Taxes - Individual Tax Refunds (Checks),null,750,862,22883,V,Income Tax Refunds Issued,Classification,3,2026,3,2026,2,04,03
2026-04-03,Taxes - Individual Tax Refunds (EFT),null,2667,14671,241396,V,Income Tax Refunds Issued,Classification,4,2026,3,2026,2,04,03
2026-04-02,Taxes - Business Tax Refunds (Checks),null,31,32,45999,V,Income Tax Refunds Issued,Classification,1,2026,3,2026,2,04,02
2026-04-02,Taxes - Business Tax Refunds (EFT),null,10,23,16445,V,Income Tax Refunds Issued,Classification,2,2026,3,2026,2,04,02
2026-04-02,Taxes - Individual Tax Refunds (Checks),null,66,112,22133,V,Income Tax Refunds Issued,Classification,3,2026,3,2026,2,04,02
2026-04-02,Taxes - Individual Tax Refunds (EFT),null,1410,12005,238730,V,Income Tax Refunds Issued,Classification,4,2026,3,2026,2,04,02
2026-04-01,Taxes - Business Tax Refunds (Checks),null,1,1,45968,V,Income Tax Refunds Issued,Classification,1,2026,3,2026,2,04,01
2026-04-01,Taxes - Business Tax Refunds (EFT),null,14,14,16435,V,Income Tax Refunds Issued,Classification,2,2026,3,2026,2,04,01
2026-04-01,Taxes - Individual Tax Refunds (Checks),null,46,46,22067,V,Income Tax Refunds Issued,Classification,3,2026,3,2026,2,04,01
2026-04-01,Taxes - Individual Tax Refunds (EFT),null,10594,10594,237320,V,Income Tax Refunds Issued,Classification,4,2026,3,2026,2,04,01
2026-03-31,Taxes - Business Tax Refunds (Checks),null,1708,8831,45967,V,Income Tax Refunds Issued,Classification,1,2026,2,2026,1,03,31
2026-03-31,Taxes - Business Tax Refunds (EFT),null,228,3922,16422,V,Income Tax Refunds Issued,Classification,2,2026,2,2026,1,03,31
2026-03-31,Taxes - Individual Tax Refunds (Checks),null,59,3732,22021,V,Income Tax Refunds Issued,Classification,3,2026,2,2026,1,03,31
2026-03-31,Taxes - Individual Tax Refunds (EFT),null,1698,96258,226725,V,Income Tax Refunds Issued,Classification,4,2026,2,2026,1,03,31
2026-03-30,Taxes - Business Tax Refunds (Checks),null,9,7123,44260,V,Income Tax Refunds Issued,Classification,1,2026,2,2026,1,03,30
2026-03-30,Taxes - Business Tax Refunds (EFT),null,29,3694,16193,V,Income Tax Refunds Issued,Classification,2,2026,2,2026,1,03,30
2026-03-30,Taxes - Individual Tax Refunds (Checks),null,52,3673,21962,V,Income Tax Refunds Issued,Classification,3,2026,2,2026,1,03,30
2026-03-30,Taxes - Individual Tax Refunds (EFT),null,2370,94560,225028,V,Income Tax Refunds Issued,Classification,4,2026,2,2026,1,03,30
2026-03-27,Taxes - Business Tax Refunds (Checks),null,4,7114,44250,V,Income Tax Refunds Issued,Classification,1,2026,2,2026,1,03,27
2026-03-27,Taxes - Business Tax Refunds (EFT),null,-1,3664,16164,V,Income Tax Refunds Issued,Classification,2,2026,2,2026,1,03,27
2026-03-27,Taxes - Individual Tax Refunds (Checks),null,818,3620,21909,V,Income Tax Refunds Issued,Classification,3,2026,2,2026,1,03,27
2026-03-27,Taxes - Individual Tax Refunds (EFT),null,2735,92190,222658,V,Income Tax Refunds Issued,Classification,4,2026,2,2026,1,03,27
2026-03-26,Taxes - Business Tax Refunds (Checks),null,4,7110,44246,V,Income Tax Refunds Issued,Classification,1,2026,2,2026,1,03,26
2026-03-26,Taxes - Business Tax Refunds (EFT),null,5,3665,16165,V,Income Tax Refunds Issued,Classification,2,2026,2,2026,1,03,26
2026-03-26,Taxes - Individual Tax Refunds (Checks),null,45,2802,21091,V,Income Tax Refunds Issued,Classification,3,2026,2,2026,1,03,26
2026-03-26,Taxes - Individual Tax Refunds (EFT),null,1462,89455,219923,V,Income Tax Refunds Issued,Classification,4,2026,2,2026,1,03,26
2026-03-25,Taxes - Business Tax Refunds (Checks),null,2,7106,44242,V,Income Tax Refunds Issued,Classification,1,2026,2,2026,1,03,25
2026-03-25,Taxes - Business Tax Refunds (EFT),null,36,3660,16160,V,Income Tax Refunds Issued,Classification,2,2026,2,2026,1,03,25
2026-03-25,Taxes - Individual Tax Refunds (Checks),null,58,2757,21047,V,Income Tax Refunds Issued,Classification,3,2026,2,2026,1,03,25
2026-03-25,Taxes - Individual Tax Refunds (EFT),null,11096,87994,218461,V,Income Tax Refunds Issued,Classification,4,2026,2,2026,1,03,25
2026-03-24,Taxes - Business Tax Refunds (Checks),null,1334,7104,44240,V,Income Tax Refunds Issued,Classification,1,2026,2,2026,1,03,24
2026-03-24,Taxes - Business Tax Refunds (EFT),null,1109,3624,16124,V,Income Tax Refunds Issued,Classification,2,2026,2,2026,1,03,24
2026-03-24,Taxes - Individual Tax Refunds (Checks),null,46,2699,20989,V,Income Tax Refunds Issued,Classification,3,2026,2,2026,1,03,24
2026-03-24,Taxes - Individual Tax Refunds (EFT),null,1635,76898,207365,V,Income Tax Refunds Issued,Classification,4,2026,2,2026,1,03,24
2026-03-23,Taxes - Business Tax Refunds (Checks),null,35,5770,42906,V,Income Tax Refunds Issued,Classification,1,2026,2,2026,1,03,23
2026-03-23,Taxes - Business Tax Refunds (EFT),null,11,2515,15015,V,Income Tax Refunds Issued,Classification,2,2026,2,2026,1,03,23
2026-03-23,Taxes - Individual Tax Refunds (Checks),null,47,2654,20943,V,Income Tax Refunds Issued,Classification,3,2026,2,2026,1,03,23
2026-03-23,Taxes - Individual Tax Refunds (EFT),null,2486,75263,205730,V,Income Tax Refunds Issued,Classification,4,2026,2,2026,1,03,23
2026-03-20,Taxes - Business Tax Refunds (Checks),null,460,5735,42871,V,Income Tax Refunds Issued,Classification,1,2026,2,2026,1,03,20
2026-03-20,Taxes - Business Tax Refunds (EFT),null,8,2504,15004,V,Income Tax Refunds Issued,Classification,2,2026,2,2026,1,03,20
2026-03-20,Taxes - Individual Tax Refunds (Checks),null,755,2607,20896,V,Income Tax Refunds Issued,Classification,3,2026,2,2026,1,03,20
2026-03-20,Taxes - Individual Tax Refunds (EFT),null,2967,72777,203244,V,Income Tax Refunds Issued,Classification,4,2026,2,2026,1,03,20
2026-03-19,Taxes - Business Tax Refunds (Checks),null,36,5275,42411,V,Income Tax Refunds Issued,Classification,1,2026,2,2026,1,03,19
2026-03-19,Taxes - Business Tax Refunds (EFT),null,89,2497,14996,V,Income Tax Refunds Issued,Classification,2,2026,2,2026,1,03,19
2026-03-19,Taxes - Individual Tax Refunds (Checks),null,51,1852,20141,V,Income Tax Refunds Issued,Classification,3,2026,2,2026,1,03,19
2026-03-19,Taxes - Individual Tax Refunds (EFT),null,1549,69809,200277,V,Income Tax Refunds Issued,Classification,4,2026,2,2026,1,03,19
2026-03-18,Taxes - Business Tax Refunds (Checks),null,2,5240,42376,V,Income Tax Refunds Issued,Classification,1,2026,2,2026,1,03,18
2026-03-18,Taxes - Business Tax Refunds (EFT),null,1062,2408,14907,V,Income Tax Refunds Issued,Classification,2,2026,2,2026,1,03,18
2026-03-18,Taxes - Individual Tax Refunds (Checks),null,42,1801,20091,V,Income Tax Refunds Issued,Classification,3,2026,2,2026,1,03,18
2026-03-18,Taxes - Individual Tax Refunds (EFT),null,12185,68260,198727,V,Income Tax Refunds Issued,Classification,4,2026,2,2026,1,03,18
2026-03-17,Taxes - Business Tax Refunds (Checks),null,1367,5238,42374,V,Income Tax Refunds Issued,Classification,1,2026,2,2026,1,03,17
2026-03-17,Taxes - Business Tax Refunds (EFT),null,385,1346,13846,V,Income Tax Refunds Issued,Classification,2,2026,2,2026,1,03,17
2026-03-17,Taxes - Individual Tax Refunds (Checks),null,44,1760,20049,V,Income Tax Refunds Issued,Classification,3,2026,2,2026,1,03,17
2026-03-17,Taxes - Individual Tax Refunds (EFT),null,1599,56075,186542,V,Income Tax Refunds Issued,Classification,4,2026,2,2026,1,03,17
2026-03-16,Taxes - Business Tax Refunds (Checks),null,347,3871,41007,V,Income Tax Refunds Issued,Classification,1,2026,2,2026,1,03,16
2026-03-16,Taxes - Business Tax Refunds (EFT),null,0,961,13461,V,Income Tax Refunds Issued,Classification,2,2026,2,2026,1,03,16
2026-03-16,Taxes - Individual Tax Refunds (Checks),null,49,1716,20005,V,Income Tax Refunds Issued,Classification,3,2026,2,2026,1,03,16
2026-03-16,Taxes - Individual Tax Refunds (EFT),null,2804,54476,184944,V,Income Tax Refunds Issued,Classification,4,2026,2,2026,1,03,16
2026-03-13,Taxes - Business Tax Refunds (Checks),null,19,3524,40660,V,Income Tax Refunds Issued,Classification,1,2026,2,2026,1,03,13
2026-03-13,Taxes - Business Tax Refunds (EFT),null,25,961,13461,V,Income Tax Refunds Issued,Classification,2,2026,2,2026,1,03,13
2026-03-13,Taxes - Individual Tax Refunds (Checks),null,621,1666,19955,V,Income Tax Refunds Issued,Classification,3,2026,2,2026,1,03,13
2026-03-13,Taxes - Individual Tax Refunds (EFT),null,3266,51672,182139,V,Income Tax Refunds Issued,Classification,4,2026,2,2026,1,03,13
2026-03-12,Taxes - Business Tax Refunds (Checks),null,49,3504,40641,V,Income Tax Refunds Issued,Classification,1,2026,2,2026,1,03,12
2026-03-12,Taxes - Business Tax Refunds (EFT),null,696,937,13436,V,Income Tax Refunds Issued,Classification,2,2026,2,2026,1,03,12
2026-03-12,Taxes - Individual Tax Refunds (Checks),null,37,1046,19335,V,Income Tax Refunds Issued,Classification,3,2026,2,2026,1,03,12
2026-03-12,Taxes - Individual Tax Refunds (EFT),null,1637,48406,178874,V,Income Tax Refunds Issued,Classification,4,2026,2,2026,1,03,12
2026-03-11,Taxes - Business Tax Refunds (Checks),null,26,3455,40592,V,Income Tax Refunds Issued,Classification,1,2026,2,2026,1,03,11
2026-03-11,Taxes - Business Tax Refunds (EFT),null,6,240,12740,V,Income Tax Refunds Issued,Classification,2,2026,2,2026,1,03,11
2026-03-11,Taxes - Individual Tax Refunds (Checks),null,43,1009,19298,V,Income Tax Refunds Issued,Classification,3,2026,2,2026,1,03,11
2026-03-11,Taxes - Individual Tax Refunds (EFT),null,13643,46769,177237,V,Income Tax Refunds Issued,Classification,4,2026,2,2026,1,03,11
2026-03-10,Taxes - Business Tax Refunds (Checks),null,1275,3430,40566,V,Income Tax Refunds Issued,Classification,1,2026,2,2026,1,03,10
2026-03-10,Taxes - Business Tax Refunds (EFT),null,95,235,12734,V,Income Tax Refunds Issued,Classification,2,2026,2,2026,1,03,10
2026-03-10,Taxes - Individual Tax Refunds (Checks),null,61,965,19255,V,Income Tax Refunds Issued,Classification,3,2026,2,2026,1,03,10
2026-03-10,Taxes - Individual Tax Refunds (EFT),null,1846,33126,163594,V,Income Tax Refunds Issued,Classification,4,2026,2,2026,1,03,10
2026-03-09,Taxes - Business Tax Refunds (Checks),null,19,2155,39291,V,Income Tax Refunds Issued,Classification,1,2026,2,2026,1,03,09
2026-03-09,Taxes - Business Tax Refunds (EFT),null,7,140,12639,V,Income Tax Refunds Issued,Classification,2,2026,2,2026,1,03,09
2026-03-09,Taxes - Individual Tax Refunds (Checks),null,38,905,19194,V,Income Tax Refunds Issued,Classification,3,2026,2,2026,1,03,09
2026-03-09,Taxes - Individual Tax Refunds (EFT),null,3072,31280,161748,V,Income Tax Refunds Issued,Classification,4,2026,2,2026,1,03,09
2026-03-06,Taxes - Business Tax Refunds (Checks),null,169,2136,39272,V,Income Tax Refunds Issued,Classification,1,2026,2,2026,1,03,06
2026-03-06,Taxes - Business Tax Refunds (EFT),null,-4,133,12632,V,Income Tax Refunds Issued,Classification,2,2026,2,2026,1,03,06
2026-03-06,Taxes - Individual Tax Refunds (Checks),null,645,866,19155,V,Income Tax Refunds Issued,Classification,3,2026,2,2026,1,03,06
2026-03-06,Taxes - Individual Tax Refunds (EFT),null,3650,28209,158676,V,Income Tax Refunds Issued,Classification,4,2026,2,2026,1,03,06
2026-03-05,Taxes - Business Tax Refunds (Checks),null,24,1967,39104,V,Income Tax Refunds Issued,Classification,1,2026,2,2026,1,03,05
2026-03-05,Taxes - Business Tax Refunds (EFT),null,76,137,12636,V,Income Tax Refunds Issued,Classification,2,2026,2,2026,1,03,05
2026-03-05,Taxes - Individual Tax Refunds (Checks),null,61,221,18510,V,Income Tax Refunds Issued,Classification,3,2026,2,2026,1,03,05
2026-03-05,Taxes - Individual Tax Refunds (EFT),null,1937,24559,155027,V,Income Tax Refunds Issued,Classification,4,2026,2,2026,1,03,05
2026-03-04,Taxes - Business Tax Refunds (Checks),null,2,1944,39080,V,Income Tax Refunds Issued,Classification,1,2026,2,2026,1,03,04
2026-03-04,Taxes - Business Tax Refunds (EFT),null,49,61,12560,V,Income Tax Refunds Issued,Classification,2,2026,2,2026,1,03,04
2026-03-04,Taxes - Individual Tax Refunds (Checks),null,51,160,18449,V,Income Tax Refunds Issued,Classification,3,2026,2,2026,1,03,04
2026-03-04,Taxes - Individual Tax Refunds (EFT),null,15549,22622,153090,V,Income Tax Refunds Issued,Classification,4,2026,2,2026,1,03,04
2026-03-03,Taxes - Business Tax Refunds (Checks),null,1919,1942,39078,V,Income Tax Refunds Issued,Classification,1,2026,2,2026,1,03,03
2026-03-03,Taxes - Business Tax Refunds (EFT),null,12,12,12512,V,Income Tax Refunds Issued,Classification,2,2026,2,2026,1,03,03
2026-03-03,Taxes - Individual Tax Refunds (Checks),null,86,109,18398,V,Income Tax Refunds Issued,Classification,3,2026,2,2026,1,03,03
2026-03-03,Taxes - Individual Tax Refunds (EFT),null,3291,7074,137541,V,Income Tax Refunds Issued,Classification,4,2026,2,2026,1,03,03
2026-03-02,Taxes - Business Tax Refunds (Checks),null,22,22,37159,V,Income Tax Refunds Issued,Classification,1,2026,2,2026,1,03,02
2026-03-02,Taxes - Business Tax Refunds (EFT),null,0,0,12500,V,Income Tax Refunds Issued,Classification,2,2026,2,2026,1,03,02
2026-03-02,Taxes - Individual Tax Refunds (Checks),null,23,23,18312,V,Income Tax Refunds Issued,Classification,3,2026,2,2026,1,03,02
2026-03-02,Taxes - Individual Tax Refunds (EFT),null,3783,3783,134250,V,Income Tax Refunds Issued,Classification,4,2026,2,2026,1,03,02
2026-02-27,Taxes - Business Tax Refunds (Checks),null,15,8364,37136,V,Income Tax Refunds Issued,Classification,1,2026,2,2026,1,02,27
2026-02-27,Taxes - Business Tax Refunds (EFT),null,115,5025,12499,V,Income Tax Refunds Issued,Classification,2,2026,2,2026,1,02,27
2026-02-27,Taxes - Individual Tax Refunds (Checks),null,651,3628,18289,V,Income Tax Refunds Issued,Classification,3,2026,2,2026,1,02,27
2026-02-27,Taxes - Individual Tax Refunds (EFT),null,2321,111757,130467,V,Income Tax Refunds Issued,Classification,4,2026,2,2026,1,02,27
2026-02-26,Taxes - Business Tax Refunds (Checks),null,30,8349,37121,V,Income Tax Refunds Issued,Classification,1,2026,2,2026,1,02,26
2026-02-26,Taxes - Business Tax Refunds (EFT),null,11,4909,12384,V,Income Tax Refunds Issued,Classification,2,2026,2,2026,1,02,26
2026-02-26,Taxes - Individual Tax Refunds (Checks),null,129,2977,17638,V,Income Tax Refunds Issued,Classification,3,2026,2,2026,1,02,26
2026-02-26,Taxes - Individual Tax Refunds (EFT),null,2110,109436,128146,V,Income Tax Refunds Issued,Classification,4,2026,2,2026,1,02,26
2026-02-25,Taxes - Business Tax Refunds (Checks),null,3,8318,37091,V,Income Tax Refunds Issued,Classification,1,2026,2,2026,1,02,25
2026-02-25,Taxes - Business Tax Refunds (EFT),null,831,4899,12373,V,Income Tax Refunds Issued,Classification,2,2026,2,2026,1,02,25
2026-02-25,Taxes - Individual Tax Refunds (Checks),null,207,2848,17509,V,Income Tax Refunds Issued,Classification,3,2026,2,2026,1,02,25
2026-02-25,Taxes - Individual Tax Refunds (EFT),null,32304,107326,126036,V,Income Tax Refunds Issued,Classification,4,2026,2,2026,1,02,25
2026-02-24,Taxes - Business Tax Refunds (Checks),null,3100,8315,37088,V,Income Tax Refunds Issued,Classification,1,2026,2,2026,1,02,24
2026-02-24,Taxes - Business Tax Refunds (EFT),null,240,4067,11542,V,Income Tax Refunds Issued,Classification,2,2026,2,2026,1,02,24
2026-02-24,Taxes - Individual Tax Refunds (Checks),null,74,2641,17303,V,Income Tax Refunds Issued,Classification,3,2026,2,2026,1,02,24
2026-02-24,Taxes - Individual Tax Refunds (EFT),null,14466,75022,93733,V,Income Tax Refunds Issued,Classification,4,2026,2,2026,1,02,24
2026-02-23,Taxes - Business Tax Refunds (Checks),null,111,5215,33988,V,Income Tax Refunds Issued,Classification,1,2026,2,2026,1,02,23
2026-02-23,Taxes - Business Tax Refunds (EFT),null,40,3827,11302,V,Income Tax Refunds Issued,Classification,2,2026,2,2026,1,02,23
2026-02-23,Taxes - Individual Tax Refunds (Checks),null,495,2568,17229,V,Income Tax Refunds Issued,Classification,3,2026,2,2026,1,02,23
2026-02-23,Taxes - Individual Tax Refunds (EFT),null,27089,60556,79267,V,Income Tax Refunds Issued,Classification,4,2026,2,2026,1,02,23
2026-02-20,Taxes - Business Tax Refunds (Checks),null,70,5104,33877,V,Income Tax Refunds Issued,Classification,1,2026,2,2026,1,02,20
2026-02-20,Taxes - Business Tax Refunds (EFT),null,-2,3786,11261,V,Income Tax Refunds Issued,Classification,2,2026,2,2026,1,02,20
2026-02-20,Taxes - Individual Tax Refunds (Checks),null,21,2073,16734,V,Income Tax Refunds Issued,Classification,3,2026,2,2026,1,02,20
2026-02-20,Taxes - Individual Tax Refunds (EFT),null,1271,33467,52178,V,Income Tax Refunds Issued,Classification,4,2026,2,2026,1,02,20
2026-02-19,Taxes - Business Tax Refunds (Checks),null,4,5034,33807,V,Income Tax Refunds Issued,Classification,1,2026,2,2026,1,02,19
2026-02-19,Taxes - Business Tax Refunds (EFT),null,7,3788,11263,V,Income Tax Refunds Issued,Classification,2,2026,2,2026,1,02,19
2026-02-19,Taxes - Individual Tax Refunds (Checks),null,24,2052,16713,V,Income Tax Refunds Issued,Classification,3,2026,2,2026,1,02,19
2026-02-19,Taxes - Individual Tax Refunds (EFT),null,8251,32196,50907,V,Income Tax Refunds Issued,Classification,4,2026,2,2026,1,02,19
2026-02-18,Taxes - Business Tax Refunds (Checks),null,1,5030,33802,V,Income Tax Refunds Issued,Classification,1,2026,2,2026,1,02,18
2026-02-18,Taxes - Business Tax Refunds (EFT),null,1427,3781,11256,V,Income Tax Refunds Issued,Classification,2,2026,2,2026,1,02,18
2026-02-18,Taxes - Individual Tax Refunds (Checks),null,17,2028,16689,V,Income Tax Refunds Issued,Classification,3,2026,2,2026,1,02,18
2026-02-18,Taxes - Individual Tax Refunds (EFT),null,1386,23945,42655,V,Income Tax Refunds Issued,Classification,4,2026,2,2026,1,02,18
2026-02-17,Taxes - Business Tax Refunds (Checks),null,1400,5029,33801,V,Income Tax Refunds Issued,Classification,1,2026,2,2026,1,02,17
2026-02-17,Taxes - Business Tax Refunds (EFT),null,40,2355,9829,V,Income Tax Refunds Issued,Classification,2,2026,2,2026,1,02,17
2026-02-17,Taxes - Individual Tax Refunds (Checks),null,10,2011,16672,V,Income Tax Refunds Issued,Classification,3,2026,2,2026,1,02,17
2026-02-17,Taxes - Individual Tax Refunds (EFT),null,3243,22558,41269,V,Income Tax Refunds Issued,Classification,4,2026,2,2026,1,02,17
2026-02-13,Taxes - Business Tax Refunds (Checks),null,11,3628,32401,V,Income Tax Refunds Issued,Classification,1,2026,2,2026,1,02,13
2026-02-13,Taxes - Business Tax Refunds (EFT),null,-4,2314,9789,V,Income Tax Refunds Issued,Classification,2,2026,2,2026,1,02,13
2026-02-13,Taxes - Individual Tax Refunds (Checks),null,589,2001,16662,V,Income Tax Refunds Issued,Classification,3,2026,2,2026,1,02,13
2026-02-13,Taxes - Individual Tax Refunds (EFT),null,1272,19315,38026,V,Income Tax Refunds Issued,Classification,4,2026,2,2026,1,02,13
2026-02-12,Taxes - Business Tax Refunds (Checks),null,36,3618,32390,V,Income Tax Refunds Issued,Classification,1,2026,2,2026,1,02,12
2026-02-12,Taxes - Business Tax Refunds (EFT),null,12,2318,9793,V,Income Tax Refunds Issued,Classification,2,2026,2,2026,1,02,12
2026-02-12,Taxes - Individual Tax Refunds (Checks),null,12,1412,16073,V,Income Tax Refunds Issued,Classification,3,2026,2,2026,1,02,12
2026-02-12,Taxes - Individual Tax Refunds (EFT),null,710,18044,36754,V,Income Tax Refunds Issued,Classification,4,2026,2,2026,1,02,12
2026-02-11,Taxes - Business Tax Refunds (Checks),null,21,3581,32354,V,Income Tax Refunds Issued,Classification,1,2026,2,2026,1,02,11
2026-02-11,Taxes - Business Tax Refunds (EFT),null,79,2306,9781,V,Income Tax Refunds Issued,Classification,2,2026,2,2026,1,02,11
2026-02-11,Taxes - Individual Tax Refunds (Checks),null,29,1401,16062,V,Income Tax Refunds Issued,Classification,3,2026,2,2026,1,02,11
2026-02-11,Taxes - Individual Tax Refunds (EFT),null,6797,17333,36044,V,Income Tax Refunds Issued,Classification,4,2026,2,2026,1,02,11
2026-02-10,Taxes - Business Tax Refunds (Checks),null,3152,3561,32333,V,Income Tax Refunds Issued,Classification,1,2026,2,2026,1,02,10
2026-02-10,Taxes - Business Tax Refunds (EFT),null,44,2227,9702,V,Income Tax Refunds Issued,Classification,2,2026,2,2026,1,02,10
2026-02-10,Taxes - Individual Tax Refunds (Checks),null,35,1372,16033,V,Income Tax Refunds Issued,Classification,3,2026,2,2026,1,02,10
2026-02-10,Taxes - Individual Tax Refunds (EFT),null,1417,10536,29246,V,Income Tax Refunds Issued,Classification,4,2026,2,2026,1,02,10
2026-02-09,Taxes - Business Tax Refunds (Checks),null,329,408,29181,V,Income Tax Refunds Issued,Classification,1,2026,2,2026,1,02,09
2026-02-09,Taxes - Business Tax Refunds (EFT),null,927,2184,9659,V,Income Tax Refunds Issued,Classification,2,2026,2,2026,1,02,09
2026-02-09,Taxes - Individual Tax Refunds (Checks),null,3,1336,15997,V,Income Tax Refunds Issued,Classification,3,2026,2,2026,1,02,09
2026-02-09,Taxes - Individual Tax Refunds (EFT),null,2435,9119,27830,V,Income Tax Refunds Issued,Classification,4,2026,2,2026,1,02,09
2026-02-06,Taxes - Business Tax Refunds (Checks),null,18,79,28852,V,Income Tax Refunds Issued,Classification,1,2026,2,2026,1,02,06
2026-02-06,Taxes - Business Tax Refunds (EFT),null,59,1257,8732,V,Income Tax Refunds Issued,Classification,2,2026,2,2026,1,02,06
2026-02-06,Taxes - Individual Tax Refunds (Checks),null,937,1334,15995,V,Income Tax Refunds Issued,Classification,3,2026,2,2026,1,02,06
2026-02-06,Taxes - Individual Tax Refunds (EFT),null,976,6684,25395,V,Income Tax Refunds Issued,Classification,4,2026,2,2026,1,02,06
2026-02-05,Taxes - Business Tax Refunds (Checks),null,15,61,28833,V,Income Tax Refunds Issued,Classification,1,2026,2,2026,1,02,05
2026-02-05,Taxes - Business Tax Refunds (EFT),null,1057,1198,8673,V,Income Tax Refunds Issued,Classification,2,2026,2,2026,1,02,05
2026-02-05,Taxes - Individual Tax Refunds (Checks),null,52,397,15058,V,Income Tax Refunds Issued,Classification,3,2026,2,2026,1,02,05
2026-02-05,Taxes - Individual Tax Refunds (EFT),null,-14,5708,24419,V,Income Tax Refunds Issued,Classification,4,2026,2,2026,1,02,05
2026-02-04,Taxes - Business Tax Refunds (Checks),null,1,46,28818,V,Income Tax Refunds Issued,Classification,1,2026,2,2026,1,02,04
2026-02-04,Taxes - Business Tax Refunds (EFT),null,20,141,7616,V,Income Tax Refunds Issued,Classification,2,2026,2,2026,1,02,04
2026-02-04,Taxes - Individual Tax Refunds (Checks),null,337,345,15006,V,Income Tax Refunds Issued,Classification,3,2026,2,2026,1,02,04
2026-02-04,Taxes - Individual Tax Refunds (EFT),null,2860,5722,24433,V,Income Tax Refunds Issued,Classification,4,2026,2,2026,1,02,04
2026-02-03,Taxes - Business Tax Refunds (Checks),null,7,45,28818,V,Income Tax Refunds Issued,Classification,1,2026,2,2026,1,02,03
2026-02-03,Taxes - Business Tax Refunds (EFT),null,115,121,7596,V,Income Tax Refunds Issued,Classification,2,2026,2,2026,1,02,03
2026-02-03,Taxes - Individual Tax Refunds (Checks),null,1,8,14669,V,Income Tax Refunds Issued,Classification,3,2026,2,2026,1,02,03
2026-02-03,Taxes - Individual Tax Refunds (EFT),null,1220,2862,21572,V,Income Tax Refunds Issued,Classification,4,2026,2,2026,1,02,03
2026-02-02,Taxes - Business Tax Refunds (Checks),null,39,39,28811,V,Income Tax Refunds Issued,Classification,1,2026,2,2026,1,02,02
2026-02-02,Taxes - Business Tax Refunds (EFT),null,6,6,7481,V,Income Tax Refunds Issued,Classification,2,2026,2,2026,1,02,02
2026-02-02,Taxes - Individual Tax Refunds (Checks),null,7,7,14668,V,Income Tax Refunds Issued,Classification,3,2026,2,2026,1,02,02
2026-02-02,Taxes - Individual Tax Refunds (EFT),null,1641,1641,20352,V,Income Tax Refunds Issued,Classification,4,2026,2,2026,1,02,02
2026-01-30,Taxes - Business Tax Refunds (Checks),null,31,3304,28773,V,Income Tax Refunds Issued,Classification,1,2026,2,2026,1,01,30
2026-01-30,Taxes - Business Tax Refunds (EFT),null,743,1400,7475,V,Income Tax Refunds Issued,Classification,2,2026,2,2026,1,01,30
2026-01-30,Taxes - Individual Tax Refunds (Checks),null,1,790,14661,V,Income Tax Refunds Issued,Classification,3,2026,2,2026,1,01,30
2026-01-30,Taxes - Individual Tax Refunds (EFT),null,0,227,18711,V,Income Tax Refunds Issued,Classification,4,2026,2,2026,1,01,30
2026-01-29,Taxes - Business Tax Refunds (Checks),null,3,3273,28741,V,Income Tax Refunds Issued,Classification,1,2026,2,2026,1,01,29
2026-01-29,Taxes - Business Tax Refunds (EFT),null,73,658,6732,V,Income Tax Refunds Issued,Classification,2,2026,2,2026,1,01,29
2026-01-29,Taxes - Individual Tax Refunds (Checks),null,3,789,14660,V,Income Tax Refunds Issued,Classification,3,2026,2,2026,1,01,29
2026-01-29,Taxes - Individual Tax Refunds (EFT),null,0,227,18711,V,Income Tax Refunds Issued,Classification,4,2026,2,2026,1,01,29
2026-01-28,Taxes - Business Tax Refunds (Checks),null,2,3270,28739,V,Income Tax Refunds Issued,Classification,1,2026,2,2026,1,01,28
2026-01-28,Taxes - Business Tax Refunds (EFT),null,221,585,6659,V,Income Tax Refunds Issued,Classification,2,2026,2,2026,1,01,28
2026-01-28,Taxes - Individual Tax Refunds (Checks),null,0,786,14657,V,Income Tax Refunds Issued,Classification,3,2026,2,2026,1,01,28
2026-01-28,Taxes - Individual Tax Refunds (EFT),null,0,227,18711,V,Income Tax Refunds Issued,Classification,4,2026,2,2026,1,01,28
2026-01-27,Taxes - Business Tax Refunds (Checks),null,19,3268,28736,V,Income Tax Refunds Issued,Classification,1,2026,2,2026,1,01,27
2026-01-27,Taxes - Business Tax Refunds (EFT),null,-56,364,6438,V,Income Tax Refunds Issued,Classification,2,2026,2,2026,1,01,27
2026-01-27,Taxes - Individual Tax Refunds (Checks),null,5,786,14656,V,Income Tax Refunds Issued,Classification,3,2026,2,2026,1,01,27
2026-01-27,Taxes - Individual Tax Refunds (EFT),null,0,227,18711,V,Income Tax Refunds Issued,Classification,4,2026,2,2026,1,01,27
2026-01-26,Taxes - Business Tax Refunds (Checks),null,8,3248,28717,V,Income Tax Refunds Issued,Classification,1,2026,2,2026,1,01,26
2026-01-26,Taxes - Business Tax Refunds (EFT),null,8,420,6494,V,Income Tax Refunds Issued,Classification,2,2026,2,2026,1,01,26
2026-01-26,Taxes - Individual Tax Refunds (Checks),null,5,780,14651,V,Income Tax Refunds Issued,Classification,3,2026,2,2026,1,01,26
2026-01-26,Taxes - Individual Tax Refunds (EFT),null,2,227,18711,V,Income Tax Refunds Issued,Classification,4,2026,2,2026,1,01,26
2026-01-23,Taxes - Business Tax Refunds (Checks),null,13,3240,28709,V,Income Tax Refunds Issued,Classification,1,2026,2,2026,1,01,23
2026-01-23,Taxes - Business Tax Refunds (EFT),null,24,412,6487,V,Income Tax Refunds Issued,Classification,2,2026,2,2026,1,01,23
2026-01-23,Taxes - Individual Tax Refunds (Checks),null,22,776,14647,V,Income Tax Refunds Issued,Classification,3,2026,2,2026,1,01,23
2026-01-23,Taxes - Individual Tax Refunds (EFT),null,0,225,18709,V,Income Tax Refunds Issued,Classification,4,2026,2,2026,1,01,23
2026-01-22,Taxes - Business Tax Refunds (Checks),null,14,3228,28696,V,Income Tax Refunds Issued,Classification,1,2026,2,2026,1,01,22
2026-01-22,Taxes - Business Tax Refunds (EFT),null,0,389,6463,V,Income Tax Refunds Issued,Classification,2,2026,2,2026,1,01,22
2026-01-22,Taxes - Individual Tax Refunds (Checks),null,3,754,14625,V,Income Tax Refunds Issued,Classification,3,2026,2,2026,1,01,22
2026-01-22,Taxes - Individual Tax Refunds (EFT),null,0,225,18709,V,Income Tax Refunds Issued,Classification,4,2026,2,2026,1,01,22
2026-01-21,Taxes - Business Tax Refunds (Checks),null,9,3213,28682,V,Income Tax Refunds Issued,Classification,1,2026,2,2026,1,01,21
2026-01-21,Taxes - Business Tax Refunds (EFT),null,0,388,6463,V,Income Tax Refunds Issued,Classification,2,2026,2,2026,1,01,21
2026-01-21,Taxes - Individual Tax Refunds (Checks),null,3,751,14622,V,Income Tax Refunds Issued,Classification,3,2026,2,2026,1,01,21
2026-01-21,Taxes - Individual Tax Refunds (EFT),null,0,226,18709,V,Income Tax Refunds Issued,Classification,4,2026,2,2026,1,01,21
2026-01-20,Taxes - Business Tax Refunds (Checks),null,470,3204,28673,V,Income Tax Refunds Issued,Classification,1,2026,2,2026,1,01,20
2026-01-20,Taxes - Business Tax Refunds (EFT),null,5,388,6463,V,Income Tax Refunds Issued,Classification,2,2026,2,2026,1,01,20
2026-01-20,Taxes - Individual Tax Refunds (Checks),null,1,749,14620,V,Income Tax Refunds Issued,Classification,3,2026,2,2026,1,01,20
2026-01-20,Taxes - Individual Tax Refunds (EFT),null,1,226,18709,V,Income Tax Refunds Issued,Classification,4,2026,2,2026,1,01,20
2026-01-16,Taxes - Business Tax Refunds (Checks),null,20,2735,28203,V,Income Tax Refunds Issued,Classification,1,2026,2,2026,1,01,16
2026-01-16,Taxes - Business Tax Refunds (EFT),null,17,384,6458,V,Income Tax Refunds Issued,Classification,2,2026,2,2026,1,01,16
2026-01-16,Taxes - Individual Tax Refunds (Checks),null,3,747,14618,V,Income Tax Refunds Issued,Classification,3,2026,2,2026,1,01,16
2026-01-16,Taxes - Individual Tax Refunds (EFT),null,1,225,18709,V,Income Tax Refunds Issued,Classification,4,2026,2,2026,1,01,16
2026-01-15,Taxes - Business Tax Refunds (Checks),null,48,2715,28184,V,Income Tax Refunds Issued,Classification,1,2026,2,2026,1,01,15
2026-01-15,Taxes - Business Tax Refunds (EFT),null,125,366,6441,V,Income Tax Refunds Issued,Classification,2,2026,2,2026,1,01,15
2026-01-15,Taxes - Individual Tax Refunds (Checks),null,2,744,14615,V,Income Tax Refunds Issued,Classification,3,2026,2,2026,1,01,15
2026-01-15,Taxes - Individual Tax Refunds (EFT),null,0,223,18707,V,Income Tax Refunds Issued,Classification,4,2026,2,2026,1,01,15
2026-01-14,Taxes - Business Tax Refunds (Checks),null,10,2668,28136,V,Income Tax Refunds Issued,Classification,1,2026,2,2026,1,01,14
2026-01-14,Taxes - Business Tax Refunds (EFT),null,9,242,6316,V,Income Tax Refunds Issued,Classification,2,2026,2,2026,1,01,14
2026-01-14,Taxes - Individual Tax Refunds (Checks),null,2,743,14614,V,Income Tax Refunds Issued,Classification,3,2026,2,2026,1,01,14
2026-01-14,Taxes - Individual Tax Refunds (EFT),null,0,223,18707,V,Income Tax Refunds Issued,Classification,4,2026,2,2026,1,01,14
2026-01-13,Taxes - Business Tax Refunds (Checks),null,1212,2658,28126,V,Income Tax Refunds Issued,Classification,1,2026,2,2026,1,01,13
2026-01-13,Taxes - Business Tax Refunds (EFT),null,58,232,6307,V,Income Tax Refunds Issued,Classification,2,2026,2,2026,1,01,13
2026-01-13,Taxes - Individual Tax Refunds (Checks),null,20,741,14612,V,Income Tax Refunds Issued,Classification,3,2026,2,2026,1,01,13
2026-01-13,Taxes - Individual Tax Refunds (EFT),null,0,224,18707,V,Income Tax Refunds Issued,Classification,4,2026,2,2026,1,01,13
2026-01-12,Taxes - Business Tax Refunds (Checks),null,112,1446,26914,V,Income Tax Refunds Issued,Classification,1,2026,2,2026,1,01,12
2026-01-12,Taxes - Business Tax Refunds (EFT),null,0,174,6249,V,Income Tax Refunds Issued,Classification,2,2026,2,2026,1,01,12
2026-01-12,Taxes - Individual Tax Refunds (Checks),null,2,721,14592,V,Income Tax Refunds Issued,Classification,3,2026,2,2026,1,01,12
2026-01-12,Taxes - Individual Tax Refunds (EFT),null,0,224,18707,V,Income Tax Refunds Issued,Classification,4,2026,2,2026,1,01,12
2026-01-09,Taxes - Business Tax Refunds (Checks),null,42,1333,26802,V,Income Tax Refunds Issued,Classification,1,2026,2,2026,1,01,09
2026-01-09,Taxes - Business Tax Refunds (EFT),null,122,174,6249,V,Income Tax Refunds Issued,Classification,2,2026,2,2026,1,01,09
2026-01-09,Taxes - Individual Tax Refunds (Checks),null,2,719,14590,V,Income Tax Refunds Issued,Classification,3,2026,2,2026,1,01,09
2026-01-09,Taxes - Individual Tax Refunds (EFT),null,0,224,18708,V,Income Tax Refunds Issued,Classification,4,2026,2,2026,1,01,09
2026-01-08,Taxes - Business Tax Refunds (Checks),null,28,1292,26760,V,Income Tax Refunds Issued,Classification,1,2026,2,2026,1,01,08
2026-01-08,Taxes - Business Tax Refunds (EFT),null,-5,52,6126,V,Income Tax Refunds Issued,Classification,2,2026,2,2026,1,01,08
2026-01-08,Taxes - Individual Tax Refunds (Checks),null,1,717,14588,V,Income Tax Refunds Issued,Classification,3,2026,2,2026,1,01,08
2026-01-08,Taxes - Individual Tax Refunds (EFT),null,0,224,18708,V,Income Tax Refunds Issued,Classification,4,2026,2,2026,1,01,08
2026-01-07,Taxes - Business Tax Refunds (Checks),null,1,1263,26732,V,Income Tax Refunds Issued,Classification,1,2026,2,2026,1,01,07
2026-01-07,Taxes - Business Tax Refunds (EFT),null,5,56,6131,V,Income Tax Refunds Issued,Classification,2,2026,2,2026,1,01,07
2026-01-07,Taxes - Individual Tax Refunds (Checks),null,491,716,14587,V,Income Tax Refunds Issued,Classification,3,2026,2,2026,1,01,07
2026-01-07,Taxes - Individual Tax Refunds (EFT),null,-6,224,18708,V,Income Tax Refunds Issued,Classification,4,2026,2,2026,1,01,07
2026-01-06,Taxes - Business Tax Refunds (Checks),null,1262,1262,26730,V,Income Tax Refunds Issued,Classification,1,2026,2,2026,1,01,06
2026-01-06,Taxes - Business Tax Refunds (EFT),null,52,51,6126,V,Income Tax Refunds Issued,Classification,2,2026,2,2026,1,01,06
2026-01-06,Taxes - Individual Tax Refunds (Checks),null,0,224,14095,V,Income Tax Refunds Issued,Classification,3,2026,2,2026,1,01,06
2026-01-06,Taxes - Individual Tax Refunds (EFT),null,-3,230,18714,V,Income Tax Refunds Issued,Classification,4,2026,2,2026,1,01,06
2026-01-05,Taxes - Business Tax Refunds (Checks),null,0,0,25468,V,Income Tax Refunds Issued,Classification,1,2026,2,2026,1,01,05
2026-01-05,Taxes - Business Tax Refunds (EFT),null,0,0,6074,V,Income Tax Refunds Issued,Classification,2,2026,2,2026,1,01,05
2026-01-05,Taxes - Individual Tax Refunds (Checks),null,0,224,14095,V,Income Tax Refunds Issued,Classification,3,2026,2,2026,1,01,05
2026-01-05,Taxes - Individual Tax Refunds (EFT),null,236,233,18717,V,Income Tax Refunds Issued,Classification,4,2026,2,2026,1,01,05
2026-01-02,Taxes - Business Tax Refunds (Checks),null,0,0,25468,V,Income Tax Refunds Issued,Classification,1,2026,2,2026,1,01,02
2026-01-02,Taxes - Business Tax Refunds (EFT),null,0,0,6074,V,Income Tax Refunds Issued,Classification,2,2026,2,2026,1,01,02
2026-01-02,Taxes - Individual Tax Refunds (Checks),null,224,224,14095,V,Income Tax Refunds Issued,Classification,3,2026,2,2026,1,01,02
2026-01-02,Taxes - Individual Tax Refunds (EFT),null,-3,-3,18481,V,Income Tax Refunds Issued,Classification,4,2026,2,2026,1,01,02
2025-12-31,Taxes - Business Tax Refunds (Checks),null,0,8643,25468,V,Income Tax Refunds Issued,Classification,1,2026,1,2025,4,12,31
2025-12-31,Taxes - Business Tax Refunds (EFT),null,0,3540,6075,V,Income Tax Refunds Issued,Classification,2,2026,1,2025,4,12,31
2025-12-31,Taxes - Individual Tax Refunds (Checks),null,8,4320,13871,V,Income Tax Refunds Issued,Classification,3,2026,1,2025,4,12,31
2025-12-31,Taxes - Individual Tax Refunds (EFT),null,-4,2523,18484,V,Income Tax Refunds Issued,Classification,4,2026,1,2025,4,12,31
2025-12-30,Taxes - Business Tax Refunds (Checks),null,1483,8643,25468,V,Income Tax Refunds Issued,Classification,1,2026,1,2025,4,12,30
2025-12-30,Taxes - Business Tax Refunds (EFT),null,39,3540,6075,V,Income Tax Refunds Issued,Classification,2,2026,1,2025,4,12,30
2025-12-30,Taxes - Individual Tax Refunds (Checks),null,10,4312,13863,V,Income Tax Refunds Issued,Classification,3,2026,1,2025,4,12,30
2025-12-30,Taxes - Individual Tax Refunds (EFT),null,193,2527,18488,V,Income Tax Refunds Issued,Classification,4,2026,1,2025,4,12,30
2025-12-29,Taxes - Business Tax Refunds (Checks),null,0,7161,23986,V,Income Tax Refunds Issued,Classification,1,2026,1,2025,4,12,29
2025-12-29,Taxes - Business Tax Refunds (EFT),null,0,3501,6036,V,Income Tax Refunds Issued,Classification,2,2026,1,2025,4,12,29
2025-12-29,Taxes - Individual Tax Refunds (Checks),null,596,4302,13853,V,Income Tax Refunds Issued,Classification,3,2026,1,2025,4,12,29
2025-12-29,Taxes - Individual Tax Refunds (EFT),null,4,2334,18295,V,Income Tax Refunds Issued,Classification,4,2026,1,2025,4,12,29
2025-12-26,Taxes - Business Tax Refunds (Checks),null,0,7161,23986,V,Income Tax Refunds Issued,Classification,1,2026,1,2025,4,12,26
2025-12-26,Taxes - Business Tax Refunds (EFT),null,-3,3501,6036,V,Income Tax Refunds Issued,Classification,2,2026,1,2025,4,12,26
2025-12-26,Taxes - Individual Tax Refunds (Checks),null,44,3706,13256,V,Income Tax Refunds Issued,Classification,3,2026,1,2025,4,12,26
2025-12-26,Taxes - Individual Tax Refunds (EFT),null,9,2330,18291,V,Income Tax Refunds Issued,Classification,4,2026,1,2025,4,12,26
2025-12-24,Taxes - Business Tax Refunds (Checks),null,0,7161,23986,V,Income Tax Refunds Issued,Classification,1,2026,1,2025,4,12,24
2025-12-24,Taxes - Business Tax Refunds (EFT),null,-8,3504,6038,V,Income Tax Refunds Issued,Classification,2,2026,1,2025,4,12,24
2025-12-24,Taxes - Individual Tax Refunds (Checks),null,12,3662,13212,V,Income Tax Refunds Issued,Classification,3,2026,1,2025,4,12,24
2025-12-24,Taxes - Individual Tax Refunds (EFT),null,423,2321,18282,V,Income Tax Refunds Issued,Classification,4,2026,1,2025,4,12,24
2025-12-23,Taxes - Business Tax Refunds (Checks),null,1899,7161,23986,V,Income Tax Refunds Issued,Classification,1,2026,1,2025,4,12,23
2025-12-23,Taxes - Business Tax Refunds (EFT),null,201,3512,6046,V,Income Tax Refunds Issued,Classification,2,2026,1,2025,4,12,23
2025-12-23,Taxes - Individual Tax Refunds (Checks),null,10,3650,13201,V,Income Tax Refunds Issued,Classification,3,2026,1,2025,4,12,23
2025-12-23,Taxes - Individual Tax Refunds (EFT),null,20,1898,17859,V,Income Tax Refunds Issued,Classification,4,2026,1,2025,4,12,23
2025-12-22,Taxes - Business Tax Refunds (Checks),null,0,5262,22087,V,Income Tax Refunds Issued,Classification,1,2026,1,2025,4,12,22
2025-12-22,Taxes - Business Tax Refunds (EFT),null,0,3311,5845,V,Income Tax Refunds Issued,Classification,2,2026,1,2025,4,12,22
2025-12-22,Taxes - Individual Tax Refunds (Checks),null,11,3640,13190,V,Income Tax Refunds Issued,Classification,3,2026,1,2025,4,12,22
2025-12-22,Taxes - Individual Tax Refunds (EFT),null,17,1878,17839,V,Income Tax Refunds Issued,Classification,4,2026,1,2025,4,12,22
2025-12-19,Taxes - Business Tax Refunds (Checks),null,0,5262,22087,V,Income Tax Refunds Issued,Classification,1,2026,1,2025,4,12,19
2025-12-19,Taxes - Business Tax Refunds (EFT),null,-3,3311,5845,V,Income Tax Refunds Issued,Classification,2,2026,1,2025,4,12,19
2025-12-19,Taxes - Individual Tax Refunds (Checks),null,590,3629,13179,V,Income Tax Refunds Issued,Classification,3,2026,1,2025,4,12,19
2025-12-19,Taxes - Individual Tax Refunds (EFT),null,3,1861,17822,V,Income Tax Refunds Issued,Classification,4,2026,1,2025,4,12,19
2025-12-18,Taxes - Business Tax Refunds (Checks),null,0,5262,22087,V,Income Tax Refunds Issued,Classification,1,2026,1,2025,4,12,18
2025-12-18,Taxes - Business Tax Refunds (EFT),null,-1,3314,5849,V,Income Tax Refunds Issued,Classification,2,2026,1,2025,4,12,18
2025-12-18,Taxes - Individual Tax Refunds (Checks),null,57,3039,12589,V,Income Tax Refunds Issued,Classification,3,2026,1,2025,4,12,18
2025-12-18,Taxes - Individual Tax Refunds (EFT),null,10,1858,17819,V,Income Tax Refunds Issued,Classification,4,2026,1,2025,4,12,18
2025-12-17,Taxes - Business Tax Refunds (Checks),null,0,5262,22087,V,Income Tax Refunds Issued,Classification,1,2026,1,2025,4,12,17
2025-12-17,Taxes - Business Tax Refunds (EFT),null,0,3316,5850,V,Income Tax Refunds Issued,Classification,2,2026,1,2025,4,12,17
2025-12-17,Taxes - Individual Tax Refunds (Checks),null,9,2982,12533,V,Income Tax Refunds Issued,Classification,3,2026,1,2025,4,12,17
2025-12-17,Taxes - Individual Tax Refunds (EFT),null,399,1848,17808,V,Income Tax Refunds Issued,Classification,4,2026,1,2025,4,12,17
2025-12-16,Taxes - Business Tax Refunds (Checks),null,2002,5262,22087,V,Income Tax Refunds Issued,Classification,1,2026,1,2025,4,12,16
2025-12-16,Taxes - Business Tax Refunds (EFT),null,44,3316,5850,V,Income Tax Refunds Issued,Classification,2,2026,1,2025,4,12,16
2025-12-16,Taxes - Individual Tax Refunds (Checks),null,13,2973,12523,V,Income Tax Refunds Issued,Classification,3,2026,1,2025,4,12,16
2025-12-16,Taxes - Individual Tax Refunds (EFT),null,21,1449,17410,V,Income Tax Refunds Issued,Classification,4,2026,1,2025,4,12,16
2025-12-15,Taxes - Business Tax Refunds (Checks),null,54,3260,20085,V,Income Tax Refunds Issued,Classification,1,2026,1,2025,4,12,15
2025-12-15,Taxes - Business Tax Refunds (EFT),null,0,3272,5806,V,Income Tax Refunds Issued,Classification,2,2026,1,2025,4,12,15
2025-12-15,Taxes - Individual Tax Refunds (Checks),null,18,2960,12510,V,Income Tax Refunds Issued,Classification,3,2026,1,2025,4,12,15
2025-12-15,Taxes - Individual Tax Refunds (EFT),null,12,1428,17389,V,Income Tax Refunds Issued,Classification,4,2026,1,2025,4,12,15
2025-12-12,Taxes - Business Tax Refunds (Checks),null,72,3206,20031,V,Income Tax Refunds Issued,Classification,1,2026,1,2025,4,12,12
2025-12-12,Taxes - Business Tax Refunds (EFT),null,183,3272,5806,V,Income Tax Refunds Issued,Classification,2,2026,1,2025,4,12,12
2025-12-12,Taxes - Individual Tax Refunds (Checks),null,1672,2942,12492,V,Income Tax Refunds Issued,Classification,3,2026,1,2025,4,12,12
2025-12-12,Taxes - Individual Tax Refunds (EFT),null,2,1416,17377,V,Income Tax Refunds Issued,Classification,4,2026,1,2025,4,12,12
2025-12-11,Taxes - Business Tax Refunds (Checks),null,106,3134,19959,V,Income Tax Refunds Issued,Classification,1,2026,1,2025,4,12,11
2025-12-11,Taxes - Business Tax Refunds (EFT),null,2,3089,5623,V,Income Tax Refunds Issued,Classification,2,2026,1,2025,4,12,11
2025-12-11,Taxes - Individual Tax Refunds (Checks),null,37,1270,10820,V,Income Tax Refunds Issued,Classification,3,2026,1,2025,4,12,11
2025-12-11,Taxes - Individual Tax Refunds (EFT),null,11,1414,17375,V,Income Tax Refunds Issued,Classification,4,2026,1,2025,4,12,11
2025-12-10,Taxes - Business Tax Refunds (Checks),null,248,3029,19854,V,Income Tax Refunds Issued,Classification,1,2026,1,2025,4,12,10
2025-12-10,Taxes - Business Tax Refunds (EFT),null,408,3087,5621,V,Income Tax Refunds Issued,Classification,2,2026,1,2025,4,12,10
2025-12-10,Taxes - Individual Tax Refunds (Checks),null,25,1233,10784,V,Income Tax Refunds Issued,Classification,3,2026,1,2025,4,12,10
2025-12-10,Taxes - Individual Tax Refunds (EFT),null,822,1404,17365,V,Income Tax Refunds Issued,Classification,4,2026,1,2025,4,12,10
2025-12-09,Taxes - Business Tax Refunds (Checks),null,2076,2780,19605,V,Income Tax Refunds Issued,Classification,1,2026,1,2025,4,12,09
2025-12-09,Taxes - Business Tax Refunds (EFT),null,357,2679,5213,V,Income Tax Refunds Issued,Classification,2,2026,1,2025,4,12,09
2025-12-09,Taxes - Individual Tax Refunds (Checks),null,35,1208,10759,V,Income Tax Refunds Issued,Classification,3,2026,1,2025,4,12,09
2025-12-09,Taxes - Individual Tax Refunds (EFT),null,14,581,16542,V,Income Tax Refunds Issued,Classification,4,2026,1,2025,4,12,09
2025-12-08,Taxes - Business Tax Refunds (Checks),null,63,705,17530,V,Income Tax Refunds Issued,Classification,1,2026,1,2025,4,12,08
2025-12-08,Taxes - Business Tax Refunds (EFT),null,35,2322,4857,V,Income Tax Refunds Issued,Classification,2,2026,1,2025,4,12,08
2025-12-08,Taxes - Individual Tax Refunds (Checks),null,42,1174,10724,V,Income Tax Refunds Issued,Classification,3,2026,1,2025,4,12,08
2025-12-08,Taxes - Individual Tax Refunds (EFT),null,15,567,16528,V,Income Tax Refunds Issued,Classification,4,2026,1,2025,4,12,08
2025-12-05,Taxes - Business Tax Refunds (Checks),null,32,642,17467,V,Income Tax Refunds Issued,Classification,1,2026,1,2025,4,12,05
2025-12-05,Taxes - Business Tax Refunds (EFT),null,2006,2288,4822,V,Income Tax Refunds Issued,Classification,2,2026,1,2025,4,12,05
2025-12-05,Taxes - Individual Tax Refunds (Checks),null,350,1132,10682,V,Income Tax Refunds Issued,Classification,3,2026,1,2025,4,12,05
2025-12-05,Taxes - Individual Tax Refunds (EFT),null,6,552,16513,V,Income Tax Refunds Issued,Classification,4,2026,1,2025,4,12,05
2025-12-04,Taxes - Business Tax Refunds (Checks),null,6,609,17435,V,Income Tax Refunds Issued,Classification,1,2026,1,2025,4,12,04
2025-12-04,Taxes - Business Tax Refunds (EFT),null,11,281,2815,V,Income Tax Refunds Issued,Classification,2,2026,1,2025,4,12,04
2025-12-04,Taxes - Individual Tax Refunds (Checks),null,45,782,10332,V,Income Tax Refunds Issued,Classification,3,2026,1,2025,4,12,04
2025-12-04,Taxes - Individual Tax Refunds (EFT),null,35,546,16507,V,Income Tax Refunds Issued,Classification,4,2026,1,2025,4,12,04
2025-12-03,Taxes - Business Tax Refunds (Checks),null,2,603,17428,V,Income Tax Refunds Issued,Classification,1,2026,1,2025,4,12,03
2025-12-03,Taxes - Business Tax Refunds (EFT),null,0,271,2805,V,Income Tax Refunds Issued,Classification,2,2026,1,2025,4,12,03
2025-12-03,Taxes - Individual Tax Refunds (Checks),null,29,737,10287,V,Income Tax Refunds Issued,Classification,3,2026,1,2025,4,12,03
2025-12-03,Taxes - Individual Tax Refunds (EFT),null,458,511,16472,V,Income Tax Refunds Issued,Classification,4,2026,1,2025,4,12,03
2025-12-02,Taxes - Business Tax Refunds (Checks),null,572,601,17426,V,Income Tax Refunds Issued,Classification,1,2026,1,2025,4,12,02
2025-12-02,Taxes - Business Tax Refunds (EFT),null,271,271,2805,V,Income Tax Refunds Issued,Classification,2,2026,1,2025,4,12,02
2025-12-02,Taxes - Individual Tax Refunds (Checks),null,23,708,10258,V,Income Tax Refunds Issued,Classification,3,2026,1,2025,4,12,02
2025-12-02,Taxes - Individual Tax Refunds (EFT),null,42,53,16014,V,Income Tax Refunds Issued,Classification,4,2026,1,2025,4,12,02
2025-12-01,Taxes - Business Tax Refunds (Checks),null,29,29,16854,V,Income Tax Refunds Issued,Classification,1,2026,1,2025,4,12,01
2025-12-01,Taxes - Business Tax Refunds (EFT),null,0,0,2534,V,Income Tax Refunds Issued,Classification,2,2026,1,2025,4,12,01
2025-12-01,Taxes - Individual Tax Refunds (Checks),null,685,685,10235,V,Income Tax Refunds Issued,Classification,3,2026,1,2025,4,12,01
2025-12-01,Taxes - Individual Tax Refunds (EFT),null,11,11,15972,V,Income Tax Refunds Issued,Classification,4,2026,1,2025,4,12,01
2025-11-28,Taxes - Business Tax Refunds (Checks),null,77,8967,16825,V,Income Tax Refunds Issued,Classification,1,2026,1,2025,4,11,28
2025-11-28,Taxes - Business Tax Refunds (EFT),null,818,1991,2534,V,Income Tax Refunds Issued,Classification,2,2026,1,2025,4,11,28
2025-11-28,Taxes - Individual Tax Refunds (Checks),null,25,4008,9550,V,Income Tax Refunds Issued,Classification,3,2026,1,2025,4,11,28
2025-11-28,Taxes - Individual Tax Refunds (EFT),null,38,4865,15961,V,Income Tax Refunds Issued,Classification,4,2026,1,2025,4,11,28
2025-11-26,Taxes - Business Tax Refunds (Checks),null,27,8890,16748,V,Income Tax Refunds Issued,Classification,1,2026,1,2025,4,11,26
2025-11-26,Taxes - Business Tax Refunds (EFT),null,35,1173,1716,V,Income Tax Refunds Issued,Classification,2,2026,1,2025,4,11,26
2025-11-26,Taxes - Individual Tax Refunds (Checks),null,21,3984,9526,V,Income Tax Refunds Issued,Classification,3,2026,1,2025,4,11,26
2025-11-26,Taxes - Individual Tax Refunds (EFT),null,1217,4828,15923,V,Income Tax Refunds Issued,Classification,4,2026,1,2025,4,11,26
2025-11-25,Taxes - Business Tax Refunds (Checks),null,1789,8863,16721,V,Income Tax Refunds Issued,Classification,1,2026,1,2025,4,11,25
2025-11-25,Taxes - Business Tax Refunds (EFT),null,72,1137,1681,V,Income Tax Refunds Issued,Classification,2,2026,1,2025,4,11,25
2025-11-25,Taxes - Individual Tax Refunds (Checks),null,30,3963,9505,V,Income Tax Refunds Issued,Classification,3,2026,1,2025,4,11,25
2025-11-25,Taxes - Individual Tax Refunds (EFT),null,123,3611,14707,V,Income Tax Refunds Issued,Classification,4,2026,1,2025,4,11,25
2025-11-24,Taxes - Business Tax Refunds (Checks),null,36,7074,14932,V,Income Tax Refunds Issued,Classification,1,2026,1,2025,4,11,24
2025-11-24,Taxes - Business Tax Refunds (EFT),null,496,1066,1609,V,Income Tax Refunds Issued,Classification,2,2026,1,2025,4,11,24
2025-11-24,Taxes - Individual Tax Refunds (Checks),null,189,3933,9475,V,Income Tax Refunds Issued,Classification,3,2026,1,2025,4,11,24
2025-11-24,Taxes - Individual Tax Refunds (EFT),null,88,3488,14583,V,Income Tax Refunds Issued,Classification,4,2026,1,2025,4,11,24
2025-11-21,Taxes - Business Tax Refunds (Checks),null,34,7038,14896,V,Income Tax Refunds Issued,Classification,1,2026,1,2025,4,11,21
2025-11-21,Taxes - Business Tax Refunds (EFT),null,53,570,1113,V,Income Tax Refunds Issued,Classification,2,2026,1,2025,4,11,21
2025-11-21,Taxes - Individual Tax Refunds (Checks),null,508,3743,9285,V,Income Tax Refunds Issued,Classification,3,2026,1,2025,4,11,21
2025-11-21,Taxes - Individual Tax Refunds (EFT),null,48,3400,14496,V,Income Tax Refunds Issued,Classification,4,2026,1,2025,4,11,21
2025-11-20,Taxes - Business Tax Refunds (Checks),null,60,7004,14862,V,Income Tax Refunds Issued,Classification,1,2026,1,2025,4,11,20
2025-11-20,Taxes - Business Tax Refunds (EFT),null,261,517,1060,V,Income Tax Refunds Issued,Classification,2,2026,1,2025,4,11,20
2025-11-20,Taxes - Individual Tax Refunds (Checks),null,48,3235,8777,V,Income Tax Refunds Issued,Classification,3,2026,1,2025,4,11,20
2025-11-20,Taxes - Individual Tax Refunds (EFT),null,76,3352,14448,V,Income Tax Refunds Issued,Classification,4,2026,1,2025,4,11,20
2025-11-19,Taxes - Business Tax Refunds (Checks),null,14,6944,14803,V,Income Tax Refunds Issued,Classification,1,2026,1,2025,4,11,19
2025-11-19,Taxes - Business Tax Refunds (EFT),null,27,256,800,V,Income Tax Refunds Issued,Classification,2,2026,1,2025,4,11,19
2025-11-19,Taxes - Individual Tax Refunds (Checks),null,8,3186,8728,V,Income Tax Refunds Issued,Classification,3,2026,1,2025,4,11,19
2025-11-19,Taxes - Individual Tax Refunds (EFT),null,512,3276,14372,V,Income Tax Refunds Issued,Classification,4,2026,1,2025,4,11,19
2025-11-18,Taxes - Business Tax Refunds (Checks),null,1877,6931,14789,V,Income Tax Refunds Issued,Classification,1,2026,1,2025,4,11,18
2025-11-18,Taxes - Business Tax Refunds (EFT),null,108,230,773,V,Income Tax Refunds Issued,Classification,2,2026,1,2025,4,11,18
2025-11-18,Taxes - Individual Tax Refunds (Checks),null,9,3179,8721,V,Income Tax Refunds Issued,Classification,3,2026,1,2025,4,11,18
2025-11-18,Taxes - Individual Tax Refunds (EFT),null,28,2764,13860,V,Income Tax Refunds Issued,Classification,4,2026,1,2025,4,11,18
2025-11-17,Taxes - Business Tax Refunds (Checks),null,1,5054,12912,V,Income Tax Refunds Issued,Classification,1,2026,1,2025,4,11,17
2025-11-17,Taxes - Business Tax Refunds (EFT),null,0,122,665,V,Income Tax Refunds Issued,Classification,2,2026,1,2025,4,11,17
2025-11-17,Taxes - Individual Tax Refunds (Checks),null,1123,3169,8711,V,Income Tax Refunds Issued,Classification,3,2026,1,2025,4,11,17
2025-11-17,Taxes - Individual Tax Refunds (EFT),null,2,2736,13832,V,Income Tax Refunds Issued,Classification,4,2026,1,2025,4,11,17
2025-11-14,Taxes - Business Tax Refunds (Checks),null,0,5054,12912,V,Income Tax Refunds Issued,Classification,1,2026,1,2025,4,11,14
2025-11-14,Taxes - Business Tax Refunds (EFT),null,-1,122,665,V,Income Tax Refunds Issued,Classification,2,2026,1,2025,4,11,14
2025-11-14,Taxes - Individual Tax Refunds (Checks),null,13,2047,7589,V,Income Tax Refunds Issued,Classification,3,2026,1,2025,4,11,14
2025-11-14,Taxes - Individual Tax Refunds (EFT),null,14,2734,13830,V,Income Tax Refunds Issued,Classification,4,2026,1,2025,4,11,14
2025-11-13,Taxes - Business Tax Refunds (Checks),null,0,5054,12912,V,Income Tax Refunds Issued,Classification,1,2026,1,2025,4,11,13
2025-11-13,Taxes - Business Tax Refunds (EFT),null,0,123,666,V,Income Tax Refunds Issued,Classification,2,2026,1,2025,4,11,13
2025-11-13,Taxes - Individual Tax Refunds (Checks),null,12,2034,7576,V,Income Tax Refunds Issued,Classification,3,2026,1,2025,4,11,13
2025-11-13,Taxes - Individual Tax Refunds (EFT),null,764,2720,13815,V,Income Tax Refunds Issued,Classification,4,2026,1,2025,4,11,13
2025-11-12,Taxes - Business Tax Refunds (Checks),null,3,5054,12912,V,Income Tax Refunds Issued,Classification,1,2026,1,2025,4,11,12
2025-11-12,Taxes - Business Tax Refunds (EFT),null,-8,123,666,V,Income Tax Refunds Issued,Classification,2,2026,1,2025,4,11,12
2025-11-12,Taxes - Individual Tax Refunds (Checks),null,14,2022,7564,V,Income Tax Refunds Issued,Classification,3,2026,1,2025,4,11,12
2025-11-12,Taxes - Individual Tax Refunds (EFT),null,26,1956,13052,V,Income Tax Refunds Issued,Classification,4,2026,1,2025,4,11,12
2025-11-10,Taxes - Business Tax Refunds (Checks),null,1663,5051,12909,V,Income Tax Refunds Issued,Classification,1,2026,1,2025,4,11,10
2025-11-10,Taxes - Business Tax Refunds (EFT),null,25,131,674,V,Income Tax Refunds Issued,Classification,2,2026,1,2025,4,11,10
2025-11-10,Taxes - Individual Tax Refunds (Checks),null,23,2007,7549,V,Income Tax Refunds Issued,Classification,3,2026,1,2025,4,11,10
2025-11-10,Taxes - Individual Tax Refunds (EFT),null,24,1930,13026,V,Income Tax Refunds Issued,Classification,4,2026,1,2025,4,11,10
2025-11-07,Taxes - Business Tax Refunds (Checks),null,78,3388,11246,V,Income Tax Refunds Issued,Classification,1,2026,1,2025,4,11,07
2025-11-07,Taxes - Business Tax Refunds (EFT),null,0,106,649,V,Income Tax Refunds Issued,Classification,2,2026,1,2025,4,11,07
2025-11-07,Taxes - Individual Tax Refunds (Checks),null,1775,1984,7526,V,Income Tax Refunds Issued,Classification,3,2026,1,2025,4,11,07
2025-11-07,Taxes - Individual Tax Refunds (EFT),null,-8,1906,13002,V,Income Tax Refunds Issued,Classification,4,2026,1,2025,4,11,07
2025-11-06,Taxes - Business Tax Refunds (Checks),null,0,3310,11168,V,Income Tax Refunds Issued,Classification,1,2026,1,2025,4,11,06
2025-11-06,Taxes - Business Tax Refunds (EFT),null,-2,106,649,V,Income Tax Refunds Issued,Classification,2,2026,1,2025,4,11,06
2025-11-06,Taxes - Individual Tax Refunds (Checks),null,96,209,5751,V,Income Tax Refunds Issued,Classification,3,2026,1,2025,4,11,06
2025-11-06,Taxes - Individual Tax Refunds (EFT),null,21,1914,13010,V,Income Tax Refunds Issued,Classification,4,2026,1,2025,4,11,06
2025-11-05,Taxes - Business Tax Refunds (Checks),null,0,3309,11168,V,Income Tax Refunds Issued,Classification,1,2026,1,2025,4,11,05
2025-11-05,Taxes - Business Tax Refunds (EFT),null,0,108,651,V,Income Tax Refunds Issued,Classification,2,2026,1,2025,4,11,05
2025-11-05,Taxes - Individual Tax Refunds (Checks),null,42,113,5655,V,Income Tax Refunds Issued,Classification,3,2026,1,2025,4,11,05
2025-11-05,Taxes - Individual Tax Refunds (EFT),null,1820,1894,12989,V,Income Tax Refunds Issued,Classification,4,2026,1,2025,4,11,05
2025-11-04,Taxes - Business Tax Refunds (Checks),null,3309,3309,11168,V,Income Tax Refunds Issued,Classification,1,2026,1,2025,4,11,04
2025-11-04,Taxes - Business Tax Refunds (EFT),null,109,108,651,V,Income Tax Refunds Issued,Classification,2,2026,1,2025,4,11,04
2025-11-04,Taxes - Individual Tax Refunds (Checks),null,17,70,5612,V,Income Tax Refunds Issued,Classification,3,2026,1,2025,4,11,04
2025-11-04,Taxes - Individual Tax Refunds (EFT),null,52,74,11169,V,Income Tax Refunds Issued,Classification,4,2026,1,2025,4,11,04
2025-11-03,Taxes - Business Tax Refunds (Checks),null,0,0,7858,V,Income Tax Refunds Issued,Classification,1,2026,1,2025,4,11,03
2025-11-03,Taxes - Business Tax Refunds (EFT),null,-1,-1,542,V,Income Tax Refunds Issued,Classification,2,2026,1,2025,4,11,03
2025-11-03,Taxes - Individual Tax Refunds (Checks),null,54,54,5596,V,Income Tax Refunds Issued,Classification,3,2026,1,2025,4,11,03
2025-11-03,Taxes - Individual Tax Refunds (EFT),null,22,22,11117,V,Income Tax Refunds Issued,Classification,4,2026,1,2025,4,11,03
2025-10-31,Taxes - Business Tax Refunds (Checks),null,0,7858,7858,V,Income Tax Refunds Issued,Classification,1,2026,1,2025,4,10,31
2025-10-31,Taxes - Business Tax Refunds (EFT),null,0,543,543,V,Income Tax Refunds Issued,Classification,2,2026,1,2025,4,10,31
2025-10-31,Taxes - Individual Tax Refunds (Checks),null,1774,5542,5542,V,Income Tax Refunds Issued,Classification,3,2026,1,2025,4,10,31
2025-10-31,Taxes - Individual Tax Refunds (EFT),null,19,11096,11096,V,Income Tax Refunds Issued,Classification,4,2026,1,2025,4,10,31
2025-10-30,Taxes - Business Tax Refunds (Checks),null,0,7858,7858,V,Income Tax Refunds Issued,Classification,1,2026,1,2025,4,10,30
2025-10-30,Taxes - Business Tax Refunds (EFT),null,-2,543,543,V,Income Tax Refunds Issued,Classification,2,2026,1,2025,4,10,30
2025-10-30,Taxes - Individual Tax Refunds (Checks),null,118,3768,3768,V,Income Tax Refunds Issued,Classification,3,2026,1,2025,4,10,30
2025-10-30,Taxes - Individual Tax Refunds (EFT),null,212,11076,11076,V,Income Tax Refunds Issued,Classification,4,2026,1,2025,4,10,30
2025-10-29,Taxes - Business Tax Refunds (Checks),null,0,7858,7858,V,Income Tax Refunds Issued,Classification,1,2026,1,2025,4,10,29
2025-10-29,Taxes - Business Tax Refunds (EFT),null,0,545,545,V,Income Tax Refunds Issued,Classification,2,2026,1,2025,4,10,29
2025-10-29,Taxes - Individual Tax Refunds (Checks),null,52,3650,3650,V,Income Tax Refunds Issued,Classification,3,2026,1,2025,4,10,29
2025-10-29,Taxes - Individual Tax Refunds (EFT),null,2957,10864,10864,V,Income Tax Refunds Issued,Classification,4,2026,1,2025,4,10,29
2025-10-28,Taxes - Business Tax Refunds (Checks),null,2045,7858,7858,V,Income Tax Refunds Issued,Classification,1,2026,1,2025,4,10,28
2025-10-28,Taxes - Business Tax Refunds (EFT),null,112,545,545,V,Income Tax Refunds Issued,Classification,2,2026,1,2025,4,10,28
2025-10-28,Taxes - Individual Tax Refunds (Checks),null,25,3598,3598,V,Income Tax Refunds Issued,Classification,3,2026,1,2025,4,10,28
2025-10-28,Taxes - Individual Tax Refunds (EFT),null,246,7907,7907,V,Income Tax Refunds Issued,Classification,4,2026,1,2025,4,10,28
2025-10-27,Taxes - Business Tax Refunds (Checks),null,0,5813,5813,V,Income Tax Refunds Issued,Classification,1,2026,1,2025,4,10,27
2025-10-27,Taxes - Business Tax Refunds (EFT),null,0,433,433,V,Income Tax Refunds Issued,Classification,2,2026,1,2025,4,10,27
2025-10-27,Taxes - Individual Tax Refunds (Checks),null,98,3573,3573,V,Income Tax Refunds Issued,Classification,3,2026,1,2025,4,10,27
2025-10-27,Taxes - Individual Tax Refunds (EFT),null,54,7661,7661,V,Income Tax Refunds Issued,Classification,4,2026,1,2025,4,10,27
2025-10-24,Taxes - Business Tax Refunds (Checks),null,0,5813,5813,V,Income Tax Refunds Issued,Classification,1,2026,1,2025,4,10,24
2025-10-24,Taxes - Business Tax Refunds (EFT),null,-1,433,433,V,Income Tax Refunds Issued,Classification,2,2026,1,2025,4,10,24
2025-10-24,Taxes - Individual Tax Refunds (Checks),null,1000,3475,3475,V,Income Tax Refunds Issued,Classification,3,2026,1,2025,4,10,24
2025-10-24,Taxes - Individual Tax Refunds (EFT),null,19,7607,7607,V,Income Tax Refunds Issued,Classification,4,2026,1,2025,4,10,24
2025-10-23,Taxes - Business Tax Refunds (Checks),null,0,5813,5813,V,Income Tax Refunds Issued,Classification,1,2026,1,2025,4,10,23
2025-10-23,Taxes - Business Tax Refunds (EFT),null,-1,434,434,V,Income Tax Refunds Issued,Classification,2,2026,1,2025,4,10,23
2025-10-23,Taxes - Individual Tax Refunds (Checks),null,77,2475,2475,V,Income Tax Refunds Issued,Classification,3,2026,1,2025,4,10,23
2025-10-23,Taxes - Individual Tax Refunds (EFT),null,429,7587,7587,V,Income Tax Refunds Issued,Classification,4,2026,1,2025,4,10,23
2025-10-22,Taxes - Business Tax Refunds (Checks),null,0,5813,5813,V,Income Tax Refunds Issued,Classification,1,2026,1,2025,4,10,22
2025-10-22,Taxes - Business Tax Refunds (EFT),null,-1,435,435,V,Income Tax Refunds Issued,Classification,2,2026,1,2025,4,10,22
2025-10-22,Taxes - Individual Tax Refunds (Checks),null,36,2397,2397,V,Income Tax Refunds Issued,Classification,3,2026,1,2025,4,10,22
2025-10-22,Taxes - Individual Tax Refunds (EFT),null,2657,7158,7158,V,Income Tax Refunds Issued,Classification,4,2026,1,2025,4,10,22
2025-10-21,Taxes - Business Tax Refunds (Checks),null,2262,5813,5813,V,Income Tax Refunds Issued,Classification,1,2026,1,2025,4,10,21
2025-10-21,Taxes - Business Tax Refunds (EFT),null,56,436,436,V,Income Tax Refunds Issued,Classification,2,2026,1,2025,4,10,21
2025-10-21,Taxes - Individual Tax Refunds (Checks),null,29,2361,2361,V,Income Tax Refunds Issued,Classification,3,2026,1,2025,4,10,21
2025-10-21,Taxes - Individual Tax Refunds (EFT),null,395,4501,4501,V,Income Tax Refunds Issued,Classification,4,2026,1,2025,4,10,21
2025-10-20,Taxes - Business Tax Refunds (Checks),null,0,3551,3551,V,Income Tax Refunds Issued,Classification,1,2026,1,2025,4,10,20
2025-10-20,Taxes - Business Tax Refunds (EFT),null,0,379,379,V,Income Tax Refunds Issued,Classification,2,2026,1,2025,4,10,20
2025-10-20,Taxes - Individual Tax Refunds (Checks),null,743,2332,2332,V,Income Tax Refunds Issued,Classification,3,2026,1,2025,4,10,20
2025-10-20,Taxes - Individual Tax Refunds (EFT),null,132,4106,4106,V,Income Tax Refunds Issued,Classification,4,2026,1,2025,4,10,20
2025-10-17,Taxes - Business Tax Refunds (Checks),null,0,3551,3551,V,Income Tax Refunds Issued,Classification,1,2026,1,2025,4,10,17
2025-10-17,Taxes - Business Tax Refunds (EFT),null,0,379,379,V,Income Tax Refunds Issued,Classification,2,2026,1,2025,4,10,17
2025-10-17,Taxes - Individual Tax Refunds (Checks),null,44,1589,1589,V,Income Tax Refunds Issued,Classification,3,2026,1,2025,4,10,17
2025-10-17,Taxes - Individual Tax Refunds (EFT),null,111,3974,3974,V,Income Tax Refunds Issued,Classification,4,2026,1,2025,4,10,17
2025-10-16,Taxes - Business Tax Refunds (Checks),null,0,3551,3551,V,Income Tax Refunds Issued,Classification,1,2026,1,2025,4,10,16
2025-10-16,Taxes - Business Tax Refunds (EFT),null,0,379,379,V,Income Tax Refunds Issued,Classification,2,2026,1,2025,4,10,16
2025-10-16,Taxes - Individual Tax Refunds (Checks),null,24,1546,1546,V,Income Tax Refunds Issued,Classification,3,2026,1,2025,4,10,16
2025-10-16,Taxes - Individual Tax Refunds (EFT),null,1327,3863,3863,V,Income Tax Refunds Issued,Classification,4,2026,1,2025,4,10,16
2025-10-15,Taxes - Business Tax Refunds (Checks),null,0,3551,3551,V,Income Tax Refunds Issued,Classification,1,2026,1,2025,4,10,15
2025-10-15,Taxes - Business Tax Refunds (EFT),null,0,379,379,V,Income Tax Refunds Issued,Classification,2,2026,1,2025,4,10,15
2025-10-15,Taxes - Individual Tax Refunds (Checks),null,24,1521,1521,V,Income Tax Refunds Issued,Classification,3,2026,1,2025,4,10,15
2025-10-15,Taxes - Individual Tax Refunds (EFT),null,136,2536,2536,V,Income Tax Refunds Issued,Classification,4,2026,1,2025,4,10,15
2025-10-14,Taxes - Business Tax Refunds (Checks),null,1737,3551,3551,V,Income Tax Refunds Issued,Classification,1,2026,1,2025,4,10,14
2025-10-14,Taxes - Business Tax Refunds (EFT),null,22,380,380,V,Income Tax Refunds Issued,Classification,2,2026,1,2025,4,10,14
2025-10-14,Taxes - Individual Tax Refunds (Checks),null,18,1497,1497,V,Income Tax Refunds Issued,Classification,3,2026,1,2025,4,10,14
2025-10-14,Taxes - Individual Tax Refunds (EFT),null,112,2400,2400,V,Income Tax Refunds Issued,Classification,4,2026,1,2025,4,10,14
2025-10-10,Taxes - Business Tax Refunds (Checks),null,0,1813,1813,V,Income Tax Refunds Issued,Classification,1,2026,1,2025,4,10,10
2025-10-10,Taxes - Business Tax Refunds (EFT),null,-15,358,358,V,Income Tax Refunds Issued,Classification,2,2026,1,2025,4,10,10
2025-10-10,Taxes - Individual Tax Refunds (Checks),null,641,1479,1479,V,Income Tax Refunds Issued,Classification,3,2026,1,2025,4,10,10
2025-10-10,Taxes - Individual Tax Refunds (EFT),null,70,2288,2288,V,Income Tax Refunds Issued,Classification,4,2026,1,2025,4,10,10
2025-10-09,Taxes - Business Tax Refunds (Checks),null,0,1813,1813,V,Income Tax Refunds Issued,Classification,1,2026,1,2025,4,10,09
2025-10-09,Taxes - Business Tax Refunds (EFT),null,-1,373,373,V,Income Tax Refunds Issued,Classification,2,2026,1,2025,4,10,09
2025-10-09,Taxes - Individual Tax Refunds (Checks),null,39,838,838,V,Income Tax Refunds Issued,Classification,3,2026,1,2025,4,10,09
2025-10-09,Taxes - Individual Tax Refunds (EFT),null,68,2219,2219,V,Income Tax Refunds Issued,Classification,4,2026,1,2025,4,10,09
2025-10-08,Taxes - Business Tax Refunds (Checks),null,11,1813,1813,V,Income Tax Refunds Issued,Classification,1,2026,1,2025,4,10,08
2025-10-08,Taxes - Business Tax Refunds (EFT),null,15,374,374,V,Income Tax Refunds Issued,Classification,2,2026,1,2025,4,10,08
2025-10-08,Taxes - Individual Tax Refunds (Checks),null,91,799,799,V,Income Tax Refunds Issued,Classification,3,2026,1,2025,4,10,08
2025-10-08,Taxes - Individual Tax Refunds (EFT),null,1015,2151,2151,V,Income Tax Refunds Issued,Classification,4,2026,1,2025,4,10,08
2025-10-07,Taxes - Business Tax Refunds (Checks),null,1726,1802,1802,V,Income Tax Refunds Issued,Classification,1,2026,1,2025,4,10,07
2025-10-07,Taxes - Business Tax Refunds (EFT),null,16,358,358,V,Income Tax Refunds Issued,Classification,2,2026,1,2025,4,10,07
2025-10-07,Taxes - Individual Tax Refunds (Checks),null,39,708,708,V,Income Tax Refunds Issued,Classification,3,2026,1,2025,4,10,07
2025-10-07,Taxes - Individual Tax Refunds (EFT),null,93,1136,1136,V,Income Tax Refunds Issued,Classification,4,2026,1,2025,4,10,07
2025-10-06,Taxes - Business Tax Refunds (Checks),null,27,77,77,V,Income Tax Refunds Issued,Classification,1,2026,1,2025,4,10,06
2025-10-06,Taxes - Business Tax Refunds (EFT),null,0,342,342,V,Income Tax Refunds Issued,Classification,2,2026,1,2025,4,10,06
2025-10-06,Taxes - Individual Tax Refunds (Checks),null,24,669,669,V,Income Tax Refunds Issued,Classification,3,2026,1,2025,4,10,06
2025-10-06,Taxes - Individual Tax Refunds (EFT),null,78,1043,1043,V,Income Tax Refunds Issued,Classification,4,2026,1,2025,4,10,06
2025-10-03,Taxes - Business Tax Refunds (Checks),null,15,50,50,V,Income Tax Refunds Issued,Classification,1,2026,1,2025,4,10,03
2025-10-03,Taxes - Business Tax Refunds (EFT),null,22,342,342,V,Income Tax Refunds Issued,Classification,2,2026,1,2025,4,10,03
2025-10-03,Taxes - Individual Tax Refunds (Checks),null,582,645,645,V,Income Tax Refunds Issued,Classification,3,2026,1,2025,4,10,03
2025-10-03,Taxes - Individual Tax Refunds (EFT),null,59,964,964,V,Income Tax Refunds Issued,Classification,4,2026,1,2025,4,10,03
2025-10-02,Taxes - Business Tax Refunds (Checks),null,28,35,35,V,Income Tax Refunds Issued,Classification,1,2026,1,2025,4,10,02
2025-10-02,Taxes - Business Tax Refunds (EFT),null,100,320,320,V,Income Tax Refunds Issued,Classification,2,2026,1,2025,4,10,02
2025-10-02,Taxes - Individual Tax Refunds (Checks),null,41,63,63,V,Income Tax Refunds Issued,Classification,3,2026,1,2025,4,10,02
2025-10-02,Taxes - Individual Tax Refunds (EFT),null,34,906,906,V,Income Tax Refunds Issued,Classification,4,2026,1,2025,4,10,02
2025-10-01,Taxes - Business Tax Refunds (Checks),null,7,7,7,V,Income Tax Refunds Issued,Classification,1,2026,1,2025,4,10,01
2025-10-01,Taxes - Business Tax Refunds (EFT),null,220,220,220,V,Income Tax Refunds Issued,Classification,2,2026,1,2025,4,10,01
2025-10-01,Taxes - Individual Tax Refunds (Checks),null,22,22,22,V,Income Tax Refunds Issued,Classification,3,2026,1,2025,4,10,01
2025-10-01,Taxes - Individual Tax Refunds (EFT),null,872,872,872,V,Income Tax Refunds Issued,Classification,4,2026,1,2025,4,10,01
2025-09-30,Taxes - Business Tax Refunds (Checks),null,1234,8036,126092,V,Income Tax Refunds Issued,Classification,1,2025,4,2025,3,09,30
2025-09-30,Taxes - Business Tax Refunds (EFT),null,38,1475,16883,V,Income Tax Refunds Issued,Classification,2,2025,4,2025,3,09,30
2025-09-30,Taxes - Individual Tax Refunds (Checks),null,42,2848,59706,V,Income Tax Refunds Issued,Classification,3,2025,4,2025,3,09,30
2025-09-30,Taxes - Individual Tax Refunds (EFT),null,73,3766,302696,V,Income Tax Refunds Issued,Classification,4,2025,4,2025,3,09,30
2025-09-29,Taxes - Business Tax Refunds (Checks),null,13,6803,124859,V,Income Tax Refunds Issued,Classification,1,2025,4,2025,3,09,29
2025-09-29,Taxes - Business Tax Refunds (EFT),null,416,1436,16845,V,Income Tax Refunds Issued,Classification,2,2025,4,2025,3,09,29
2025-09-29,Taxes - Individual Tax Refunds (Checks),null,47,2807,59665,V,Income Tax Refunds Issued,Classification,3,2025,4,2025,3,09,29
2025-09-29,Taxes - Individual Tax Refunds (EFT),null,71,3693,302623,V,Income Tax Refunds Issued,Classification,4,2025,4,2025,3,09,29
2025-09-26,Taxes - Business Tax Refunds (Checks),null,12,6790,124846,V,Income Tax Refunds Issued,Classification,1,2025,4,2025,3,09,26
2025-09-26,Taxes - Business Tax Refunds (EFT),null,2,1020,16429,V,Income Tax Refunds Issued,Classification,2,2025,4,2025,3,09,26
2025-09-26,Taxes - Individual Tax Refunds (Checks),null,541,2760,59618,V,Income Tax Refunds Issued,Classification,3,2025,4,2025,3,09,26
2025-09-26,Taxes - Individual Tax Refunds (EFT),null,97,3621,302552,V,Income Tax Refunds Issued,Classification,4,2025,4,2025,3,09,26
2025-09-25,Taxes - Business Tax Refunds (Checks),null,9,6778,124835,V,Income Tax Refunds Issued,Classification,1,2025,4,2025,3,09,25
2025-09-25,Taxes - Business Tax Refunds (EFT),null,-1,1018,16426,V,Income Tax Refunds Issued,Classification,2,2025,4,2025,3,09,25
2025-09-25,Taxes - Individual Tax Refunds (Checks),null,122,2219,59077,V,Income Tax Refunds Issued,Classification,3,2025,4,2025,3,09,25
2025-09-25,Taxes - Individual Tax Refunds (EFT),null,-7,3525,302455,V,Income Tax Refunds Issued,Classification,4,2025,4,2025,3,09,25
2025-09-24,Taxes - Business Tax Refunds (Checks),null,1,6769,124826,V,Income Tax Refunds Issued,Classification,1,2025,4,2025,3,09,24
2025-09-24,Taxes - Business Tax Refunds (EFT),null,0,1019,16427,V,Income Tax Refunds Issued,Classification,2,2025,4,2025,3,09,24
2025-09-24,Taxes - Individual Tax Refunds (Checks),null,27,2096,58955,V,Income Tax Refunds Issued,Classification,3,2025,4,2025,3,09,24
2025-09-24,Taxes - Individual Tax Refunds (EFT),null,807,3532,302462,V,Income Tax Refunds Issued,Classification,4,2025,4,2025,3,09,24
2025-09-23,Taxes - Business Tax Refunds (Checks),null,910,6768,124825,V,Income Tax Refunds Issued,Classification,1,2025,4,2025,3,09,23
2025-09-23,Taxes - Business Tax Refunds (EFT),null,72,1019,16428,V,Income Tax Refunds Issued,Classification,2,2025,4,2025,3,09,23
2025-09-23,Taxes - Individual Tax Refunds (Checks),null,41,2069,58927,V,Income Tax Refunds Issued,Classification,3,2025,4,2025,3,09,23
2025-09-23,Taxes - Individual Tax Refunds (EFT),null,67,2725,301655,V,Income Tax Refunds Issued,Classification,4,2025,4,2025,3,09,23
2025-09-22,Taxes - Business Tax Refunds (Checks),null,118,5859,123915,V,Income Tax Refunds Issued,Classification,1,2025,4,2025,3,09,22
2025-09-22,Taxes - Business Tax Refunds (EFT),null,331,947,16355,V,Income Tax Refunds Issued,Classification,2,2025,4,2025,3,09,22
2025-09-22,Taxes - Individual Tax Refunds (Checks),null,24,2028,58886,V,Income Tax Refunds Issued,Classification,3,2025,4,2025,3,09,22
2025-09-22,Taxes - Individual Tax Refunds (EFT),null,89,2658,301588,V,Income Tax Refunds Issued,Classification,4,2025,4,2025,3,09,22
2025-09-19,Taxes - Business Tax Refunds (Checks),null,9,5740,123797,V,Income Tax Refunds Issued,Classification,1,2025,4,2025,3,09,19
2025-09-19,Taxes - Business Tax Refunds (EFT),null,0,617,16025,V,Income Tax Refunds Issued,Classification,2,2025,4,2025,3,09,19
2025-09-19,Taxes - Individual Tax Refunds (Checks),null,522,2004,58862,V,Income Tax Refunds Issued,Classification,3,2025,4,2025,3,09,19
2025-09-19,Taxes - Individual Tax Refunds (EFT),null,39,2569,301499,V,Income Tax Refunds Issued,Classification,4,2025,4,2025,3,09,19
2025-09-18,Taxes - Business Tax Refunds (Checks),null,13,5732,123788,V,Income Tax Refunds Issued,Classification,1,2025,4,2025,3,09,18
2025-09-18,Taxes - Business Tax Refunds (EFT),null,-110,617,16025,V,Income Tax Refunds Issued,Classification,2,2025,4,2025,3,09,18
2025-09-18,Taxes - Individual Tax Refunds (Checks),null,33,1482,58340,V,Income Tax Refunds Issued,Classification,3,2025,4,2025,3,09,18
2025-09-18,Taxes - Individual Tax Refunds (EFT),null,52,2530,301460,V,Income Tax Refunds Issued,Classification,4,2025,4,2025,3,09,18
2025-09-17,Taxes - Business Tax Refunds (Checks),null,2,5718,123774,V,Income Tax Refunds Issued,Classification,1,2025,4,2025,3,09,17
2025-09-17,Taxes - Business Tax Refunds (EFT),null,-1,727,16135,V,Income Tax Refunds Issued,Classification,2,2025,4,2025,3,09,17
2025-09-17,Taxes - Individual Tax Refunds (Checks),null,20,1450,58308,V,Income Tax Refunds Issued,Classification,3,2025,4,2025,3,09,17
2025-09-17,Taxes - Individual Tax Refunds (EFT),null,697,2478,301408,V,Income Tax Refunds Issued,Classification,4,2025,4,2025,3,09,17
2025-09-16,Taxes - Business Tax Refunds (Checks),null,1510,5716,123772,V,Income Tax Refunds Issued,Classification,1,2025,4,2025,3,09,16
2025-09-16,Taxes - Business Tax Refunds (EFT),null,318,728,16136,V,Income Tax Refunds Issued,Classification,2,2025,4,2025,3,09,16
2025-09-16,Taxes - Individual Tax Refunds (Checks),null,16,1429,58287,V,Income Tax Refunds Issued,Classification,3,2025,4,2025,3,09,16
2025-09-16,Taxes - Individual Tax Refunds (EFT),null,60,1781,300711,V,Income Tax Refunds Issued,Classification,4,2025,4,2025,3,09,16
2025-09-15,Taxes - Business Tax Refunds (Checks),null,51,4206,122262,V,Income Tax Refunds Issued,Classification,1,2025,4,2025,3,09,15
2025-09-15,Taxes - Business Tax Refunds (EFT),null,-7,410,15818,V,Income Tax Refunds Issued,Classification,2,2025,4,2025,3,09,15
2025-09-15,Taxes - Individual Tax Refunds (Checks),null,28,1413,58271,V,Income Tax Refunds Issued,Classification,3,2025,4,2025,3,09,15
2025-09-15,Taxes - Individual Tax Refunds (EFT),null,59,1720,300650,V,Income Tax Refunds Issued,Classification,4,2025,4,2025,3,09,15
2025-09-12,Taxes - Business Tax Refunds (Checks),null,2,4154,122211,V,Income Tax Refunds Issued,Classification,1,2025,4,2025,3,09,12
2025-09-12,Taxes - Business Tax Refunds (EFT),null,-1,417,15825,V,Income Tax Refunds Issued,Classification,2,2025,4,2025,3,09,12
2025-09-12,Taxes - Individual Tax Refunds (Checks),null,514,1385,58243,V,Income Tax Refunds Issued,Classification,3,2025,4,2025,3,09,12
2025-09-12,Taxes - Individual Tax Refunds (EFT),null,33,1661,300591,V,Income Tax Refunds Issued,Classification,4,2025,4,2025,3,09,12
2025-09-11,Taxes - Business Tax Refunds (Checks),null,8,4152,122208,V,Income Tax Refunds Issued,Classification,1,2025,4,2025,3,09,11
2025-09-11,Taxes - Business Tax Refunds (EFT),null,-4,418,15826,V,Income Tax Refunds Issued,Classification,2,2025,4,2025,3,09,11
2025-09-11,Taxes - Individual Tax Refunds (Checks),null,27,871,57729,V,Income Tax Refunds Issued,Classification,3,2025,4,2025,3,09,11
2025-09-11,Taxes - Individual Tax Refunds (EFT),null,46,1628,300559,V,Income Tax Refunds Issued,Classification,4,2025,4,2025,3,09,11
2025-09-10,Taxes - Business Tax Refunds (Checks),null,48,4144,122200,V,Income Tax Refunds Issued,Classification,1,2025,4,2025,3,09,10
2025-09-10,Taxes - Business Tax Refunds (EFT),null,-24,421,15830,V,Income Tax Refunds Issued,Classification,2,2025,4,2025,3,09,10
2025-09-10,Taxes - Individual Tax Refunds (Checks),null,19,845,57703,V,Income Tax Refunds Issued,Classification,3,2025,4,2025,3,09,10
2025-09-10,Taxes - Individual Tax Refunds (EFT),null,635,1583,300513,V,Income Tax Refunds Issued,Classification,4,2025,4,2025,3,09,10
2025-09-09,Taxes - Business Tax Refunds (Checks),null,2042,4096,122152,V,Income Tax Refunds Issued,Classification,1,2025,4,2025,3,09,09
2025-09-09,Taxes - Business Tax Refunds (EFT),null,103,445,15854,V,Income Tax Refunds Issued,Classification,2,2025,4,2025,3,09,09
2025-09-09,Taxes - Individual Tax Refunds (Checks),null,79,825,57683,V,Income Tax Refunds Issued,Classification,3,2025,4,2025,3,09,09
2025-09-09,Taxes - Individual Tax Refunds (EFT),null,65,948,299878,V,Income Tax Refunds Issued,Classification,4,2025,4,2025,3,09,09
2025-09-08,Taxes - Business Tax Refunds (Checks),null,26,2054,120110,V,Income Tax Refunds Issued,Classification,1,2025,4,2025,3,09,08
2025-09-08,Taxes - Business Tax Refunds (EFT),null,27,343,15751,V,Income Tax Refunds Issued,Classification,2,2025,4,2025,3,09,08
2025-09-08,Taxes - Individual Tax Refunds (Checks),null,559,746,57604,V,Income Tax Refunds Issued,Classification,3,2025,4,2025,3,09,08
2025-09-08,Taxes - Individual Tax Refunds (EFT),null,48,883,299813,V,Income Tax Refunds Issued,Classification,4,2025,4,2025,3,09,08
2025-09-05,Taxes - Business Tax Refunds (Checks),null,7,2028,120085,V,Income Tax Refunds Issued,Classification,1,2025,4,2025,3,09,05
2025-09-05,Taxes - Business Tax Refunds (EFT),null,0,316,15724,V,Income Tax Refunds Issued,Classification,2,2025,4,2025,3,09,05
2025-09-05,Taxes - Individual Tax Refunds (Checks),null,100,187,57045,V,Income Tax Refunds Issued,Classification,3,2025,4,2025,3,09,05
2025-09-05,Taxes - Individual Tax Refunds (EFT),null,42,834,299765,V,Income Tax Refunds Issued,Classification,4,2025,4,2025,3,09,05
2025-09-04,Taxes - Business Tax Refunds (Checks),null,2,2021,120077,V,Income Tax Refunds Issued,Classification,1,2025,4,2025,3,09,04
2025-09-04,Taxes - Business Tax Refunds (EFT),null,297,316,15724,V,Income Tax Refunds Issued,Classification,2,2025,4,2025,3,09,04
2025-09-04,Taxes - Individual Tax Refunds (Checks),null,23,87,56945,V,Income Tax Refunds Issued,Classification,3,2025,4,2025,3,09,04
2025-09-04,Taxes - Individual Tax Refunds (EFT),null,681,792,299723,V,Income Tax Refunds Issued,Classification,4,2025,4,2025,3,09,04
2025-09-03,Taxes - Business Tax Refunds (Checks),null,6,2019,120075,V,Income Tax Refunds Issued,Classification,1,2025,4,2025,3,09,03
2025-09-03,Taxes - Business Tax Refunds (EFT),null,0,19,15427,V,Income Tax Refunds Issued,Classification,2,2025,4,2025,3,09,03
2025-09-03,Taxes - Individual Tax Refunds (Checks),null,20,64,56922,V,Income Tax Refunds Issued,Classification,3,2025,4,2025,3,09,03
2025-09-03,Taxes - Individual Tax Refunds (EFT),null,58,111,299042,V,Income Tax Refunds Issued,Classification,4,2025,4,2025,3,09,03
2025-09-02,Taxes - Business Tax Refunds (Checks),null,2013,2013,120069,V,Income Tax Refunds Issued,Classification,1,2025,4,2025,3,09,02
2025-09-02,Taxes - Business Tax Refunds (EFT),null,19,19,15427,V,Income Tax Refunds Issued,Classification,2,2025,4,2025,3,09,02
2025-09-02,Taxes - Individual Tax Refunds (Checks),null,44,44,56902,V,Income Tax Refunds Issued,Classification,3,2025,4,2025,3,09,02
2025-09-02,Taxes - Individual Tax Refunds (EFT),null,53,53,298983,V,Income Tax Refunds Issued,Classification,4,2025,4,2025,3,09,02
2025-08-29,Taxes - Business Tax Refunds (Checks),null,10,9990,118056,V,Income Tax Refunds Issued,Classification,1,2025,4,2025,3,08,29
2025-08-29,Taxes - Business Tax Refunds (EFT),null,1,1208,15408,V,Income Tax Refunds Issued,Classification,2,2025,4,2025,3,08,29
2025-08-29,Taxes - Individual Tax Refunds (Checks),null,630,3542,56858,V,Income Tax Refunds Issued,Classification,3,2025,4,2025,3,08,29
2025-08-29,Taxes - Individual Tax Refunds (EFT),null,32,3752,298930,V,Income Tax Refunds Issued,Classification,4,2025,4,2025,3,08,29
2025-08-28,Taxes - Business Tax Refunds (Checks),null,3,9979,118046,V,Income Tax Refunds Issued,Classification,1,2025,4,2025,3,08,28
2025-08-28,Taxes - Business Tax Refunds (EFT),null,24,1206,15407,V,Income Tax Refunds Issued,Classification,2,2025,4,2025,3,08,28
2025-08-28,Taxes - Individual Tax Refunds (Checks),null,39,2912,56229,V,Income Tax Refunds Issued,Classification,3,2025,4,2025,3,08,28
2025-08-28,Taxes - Individual Tax Refunds (EFT),null,45,3721,298898,V,Income Tax Refunds Issued,Classification,4,2025,4,2025,3,08,28
2025-08-27,Taxes - Business Tax Refunds (Checks),null,3,9976,118042,V,Income Tax Refunds Issued,Classification,1,2025,4,2025,3,08,27
2025-08-27,Taxes - Business Tax Refunds (EFT),null,-1,1183,15383,V,Income Tax Refunds Issued,Classification,2,2025,4,2025,3,08,27
2025-08-27,Taxes - Individual Tax Refunds (Checks),null,26,2873,56190,V,Income Tax Refunds Issued,Classification,3,2025,4,2025,3,08,27
2025-08-27,Taxes - Individual Tax Refunds (EFT),null,720,3676,298853,V,Income Tax Refunds Issued,Classification,4,2025,4,2025,3,08,27
2025-08-26,Taxes - Business Tax Refunds (Checks),null,1986,9973,118039,V,Income Tax Refunds Issued,Classification,1,2025,4,2025,3,08,26
2025-08-26,Taxes - Business Tax Refunds (EFT),null,18,1183,15384,V,Income Tax Refunds Issued,Classification,2,2025,4,2025,3,08,26
2025-08-26,Taxes - Individual Tax Refunds (Checks),null,92,2847,56164,V,Income Tax Refunds Issued,Classification,3,2025,4,2025,3,08,26
2025-08-26,Taxes - Individual Tax Refunds (EFT),null,59,2956,298133,V,Income Tax Refunds Issued,Classification,4,2025,4,2025,3,08,26
2025-08-25,Taxes - Business Tax Refunds (Checks),null,65,7987,116053,V,Income Tax Refunds Issued,Classification,1,2025,4,2025,3,08,25
2025-08-25,Taxes - Business Tax Refunds (EFT),null,265,1165,15366,V,Income Tax Refunds Issued,Classification,2,2025,4,2025,3,08,25
2025-08-25,Taxes - Individual Tax Refunds (Checks),null,21,2755,56071,V,Income Tax Refunds Issued,Classification,3,2025,4,2025,3,08,25
2025-08-25,Taxes - Individual Tax Refunds (EFT),null,59,2897,298074,V,Income Tax Refunds Issued,Classification,4,2025,4,2025,3,08,25
2025-08-22,Taxes - Business Tax Refunds (Checks),null,25,7922,115989,V,Income Tax Refunds Issued,Classification,1,2025,4,2025,3,08,22
2025-08-22,Taxes - Business Tax Refunds (EFT),null,4,900,15100,V,Income Tax Refunds Issued,Classification,2,2025,4,2025,3,08,22
2025-08-22,Taxes - Individual Tax Refunds (Checks),null,615,2734,56051,V,Income Tax Refunds Issued,Classification,3,2025,4,2025,3,08,22
2025-08-22,Taxes - Individual Tax Refunds (EFT),null,40,2838,298015,V,Income Tax Refunds Issued,Classification,4,2025,4,2025,3,08,22
2025-08-21,Taxes - Business Tax Refunds (Checks),null,11,7897,115963,V,Income Tax Refunds Issued,Classification,1,2025,4,2025,3,08,21
2025-08-21,Taxes - Business Tax Refunds (EFT),null,1,895,15096,V,Income Tax Refunds Issued,Classification,2,2025,4,2025,3,08,21
2025-08-21,Taxes - Individual Tax Refunds (Checks),null,46,2119,55436,V,Income Tax Refunds Issued,Classification,3,2025,4,2025,3,08,21
2025-08-21,Taxes - Individual Tax Refunds (EFT),null,67,2798,297975,V,Income Tax Refunds Issued,Classification,4,2025,4,2025,3,08,21
2025-08-20,Taxes - Business Tax Refunds (Checks),null,1,7885,115952,V,Income Tax Refunds Issued,Classification,1,2025,4,2025,3,08,20
2025-08-20,Taxes - Business Tax Refunds (EFT),null,0,894,15095,V,Income Tax Refunds Issued,Classification,2,2025,4,2025,3,08,20
2025-08-20,Taxes - Individual Tax Refunds (Checks),null,22,2073,55390,V,Income Tax Refunds Issued,Classification,3,2025,4,2025,3,08,20
2025-08-20,Taxes - Individual Tax Refunds (EFT),null,726,2731,297908,V,Income Tax Refunds Issued,Classification,4,2025,4,2025,3,08,20
2025-08-19,Taxes - Business Tax Refunds (Checks),null,2981,7885,115951,V,Income Tax Refunds Issued,Classification,1,2025,4,2025,3,08,19
2025-08-19,Taxes - Business Tax Refunds (EFT),null,74,894,15095,V,Income Tax Refunds Issued,Classification,2,2025,4,2025,3,08,19
2025-08-19,Taxes - Individual Tax Refunds (Checks),null,25,2051,55367,V,Income Tax Refunds Issued,Classification,3,2025,4,2025,3,08,19
2025-08-19,Taxes - Individual Tax Refunds (EFT),null,65,2005,297183,V,Income Tax Refunds Issued,Classification,4,2025,4,2025,3,08,19
2025-08-18,Taxes - Business Tax Refunds (Checks),null,63,4904,112970,V,Income Tax Refunds Issued,Classification,1,2025,4,2025,3,08,18
2025-08-18,Taxes - Business Tax Refunds (EFT),null,118,821,15021,V,Income Tax Refunds Issued,Classification,2,2025,4,2025,3,08,18
2025-08-18,Taxes - Individual Tax Refunds (Checks),null,23,2026,55342,V,Income Tax Refunds Issued,Classification,3,2025,4,2025,3,08,18
2025-08-18,Taxes - Individual Tax Refunds (EFT),null,60,1940,297117,V,Income Tax Refunds Issued,Classification,4,2025,4,2025,3,08,18
2025-08-15,Taxes - Business Tax Refunds (Checks),null,10,4841,112907,V,Income Tax Refunds Issued,Classification,1,2025,4,2025,3,08,15
2025-08-15,Taxes - Business Tax Refunds (EFT),null,1,702,14903,V,Income Tax Refunds Issued,Classification,2,2025,4,2025,3,08,15
2025-08-15,Taxes - Individual Tax Refunds (Checks),null,584,2002,55319,V,Income Tax Refunds Issued,Classification,3,2025,4,2025,3,08,15
2025-08-15,Taxes - Individual Tax Refunds (EFT),null,48,1880,297058,V,Income Tax Refunds Issued,Classification,4,2025,4,2025,3,08,15
2025-08-14,Taxes - Business Tax Refunds (Checks),null,6,4831,112898,V,Income Tax Refunds Issued,Classification,1,2025,4,2025,3,08,14
2025-08-14,Taxes - Business Tax Refunds (EFT),null,5,701,14902,V,Income Tax Refunds Issued,Classification,2,2025,4,2025,3,08,14
2025-08-14,Taxes - Individual Tax Refunds (Checks),null,41,1418,54735,V,Income Tax Refunds Issued,Classification,3,2025,4,2025,3,08,14
2025-08-14,Taxes - Individual Tax Refunds (EFT),null,65,1833,297010,V,Income Tax Refunds Issued,Classification,4,2025,4,2025,3,08,14
2025-08-13,Taxes - Business Tax Refunds (Checks),null,9,4825,112892,V,Income Tax Refunds Issued,Classification,1,2025,4,2025,3,08,13
2025-08-13,Taxes - Business Tax Refunds (EFT),null,-2,696,14897,V,Income Tax Refunds Issued,Classification,2,2025,4,2025,3,08,13
2025-08-13,Taxes - Individual Tax Refunds (Checks),null,25,1378,54694,V,Income Tax Refunds Issued,Classification,3,2025,4,2025,3,08,13
2025-08-13,Taxes - Individual Tax Refunds (EFT),null,666,1768,296945,V,Income Tax Refunds Issued,Classification,4,2025,4,2025,3,08,13
2025-08-12,Taxes - Business Tax Refunds (Checks),null,2844,4816,112882,V,Income Tax Refunds Issued,Classification,1,2025,4,2025,3,08,12
2025-08-12,Taxes - Business Tax Refunds (EFT),null,45,698,14898,V,Income Tax Refunds Issued,Classification,2,2025,4,2025,3,08,12
2025-08-12,Taxes - Individual Tax Refunds (Checks),null,23,1352,54669,V,Income Tax Refunds Issued,Classification,3,2025,4,2025,3,08,12
2025-08-12,Taxes - Individual Tax Refunds (EFT),null,61,1102,296279,V,Income Tax Refunds Issued,Classification,4,2025,4,2025,3,08,12
2025-08-11,Taxes - Business Tax Refunds (Checks),null,4,1971,110038,V,Income Tax Refunds Issued,Classification,1,2025,4,2025,3,08,11
2025-08-11,Taxes - Business Tax Refunds (EFT),null,0,653,14854,V,Income Tax Refunds Issued,Classification,2,2025,4,2025,3,08,11
2025-08-11,Taxes - Individual Tax Refunds (Checks),null,25,1329,54646,V,Income Tax Refunds Issued,Classification,3,2025,4,2025,3,08,11
2025-08-11,Taxes - Individual Tax Refunds (EFT),null,66,1040,296218,V,Income Tax Refunds Issued,Classification,4,2025,4,2025,3,08,11
2025-08-08,Taxes - Business Tax Refunds (Checks),null,11,1967,110034,V,Income Tax Refunds Issued,Classification,1,2025,4,2025,3,08,08
2025-08-08,Taxes - Business Tax Refunds (EFT),null,-3,653,14854,V,Income Tax Refunds Issued,Classification,2,2025,4,2025,3,08,08
2025-08-08,Taxes - Individual Tax Refunds (Checks),null,597,1304,54620,V,Income Tax Refunds Issued,Classification,3,2025,4,2025,3,08,08
2025-08-08,Taxes - Individual Tax Refunds (EFT),null,34,974,296152,V,Income Tax Refunds Issued,Classification,4,2025,4,2025,3,08,08
2025-08-07,Taxes - Business Tax Refunds (Checks),null,24,1956,110023,V,Income Tax Refunds Issued,Classification,1,2025,4,2025,3,08,07
2025-08-07,Taxes - Business Tax Refunds (EFT),null,12,656,14857,V,Income Tax Refunds Issued,Classification,2,2025,4,2025,3,08,07
2025-08-07,Taxes - Individual Tax Refunds (Checks),null,97,707,54024,V,Income Tax Refunds Issued,Classification,3,2025,4,2025,3,08,07
2025-08-07,Taxes - Individual Tax Refunds (EFT),null,38,941,296118,V,Income Tax Refunds Issued,Classification,4,2025,4,2025,3,08,07
2025-08-06,Taxes - Business Tax Refunds (Checks),null,0,1933,109999,V,Income Tax Refunds Issued,Classification,1,2025,4,2025,3,08,06
2025-08-06,Taxes - Business Tax Refunds (EFT),null,8,644,14845,V,Income Tax Refunds Issued,Classification,2,2025,4,2025,3,08,06
2025-08-06,Taxes - Individual Tax Refunds (Checks),null,23,610,53927,V,Income Tax Refunds Issued,Classification,3,2025,4,2025,3,08,06
2025-08-06,Taxes - Individual Tax Refunds (EFT),null,738,903,296081,V,Income Tax Refunds Issued,Classification,4,2025,4,2025,3,08,06
2025-08-05,Taxes - Business Tax Refunds (Checks),null,1921,1932,109999,V,Income Tax Refunds Issued,Classification,1,2025,4,2025,3,08,05
2025-08-05,Taxes - Business Tax Refunds (EFT),null,92,636,14836,V,Income Tax Refunds Issued,Classification,2,2025,4,2025,3,08,05
2025-08-05,Taxes - Individual Tax Refunds (Checks),null,43,587,53904,V,Income Tax Refunds Issued,Classification,3,2025,4,2025,3,08,05
2025-08-05,Taxes - Individual Tax Refunds (EFT),null,84,165,295343,V,Income Tax Refunds Issued,Classification,4,2025,4,2025,3,08,05
2025-08-04,Taxes - Business Tax Refunds (Checks),null,2,11,108078,V,Income Tax Refunds Issued,Classification,1,2025,4,2025,3,08,04
2025-08-04,Taxes - Business Tax Refunds (EFT),null,160,544,14744,V,Income Tax Refunds Issued,Classification,2,2025,4,2025,3,08,04
2025-08-04,Taxes - Individual Tax Refunds (Checks),null,22,544,53861,V,Income Tax Refunds Issued,Classification,3,2025,4,2025,3,08,04
2025-08-04,Taxes - Individual Tax Refunds (EFT),null,46,82,295259,V,Income Tax Refunds Issued,Classification,4,2025,4,2025,3,08,04
2025-08-01,Taxes - Business Tax Refunds (Checks),null,9,9,108075,V,Income Tax Refunds Issued,Classification,1,2025,4,2025,3,08,01
2025-08-01,Taxes - Business Tax Refunds (EFT),null,384,384,14584,V,Income Tax Refunds Issued,Classification,2,2025,4,2025,3,08,01
2025-08-01,Taxes - Individual Tax Refunds (Checks),null,522,522,53838,V,Income Tax Refunds Issued,Classification,3,2025,4,2025,3,08,01
2025-08-01,Taxes - Individual Tax Refunds (EFT),null,36,36,295214,V,Income Tax Refunds Issued,Classification,4,2025,4,2025,3,08,01
2025-07-31,Taxes - Business Tax Refunds (Checks),null,9,14760,108067,V,Income Tax Refunds Issued,Classification,1,2025,4,2025,3,07,31
2025-07-31,Taxes - Business Tax Refunds (EFT),null,51,2666,14201,V,Income Tax Refunds Issued,Classification,2,2025,4,2025,3,07,31
2025-07-31,Taxes - Individual Tax Refunds (Checks),null,61,2977,53316,V,Income Tax Refunds Issued,Classification,3,2025,4,2025,3,07,31
2025-07-31,Taxes - Individual Tax Refunds (EFT),null,41,4831,295178,V,Income Tax Refunds Issued,Classification,4,2025,4,2025,3,07,31
2025-07-30,Taxes - Business Tax Refunds (Checks),null,1,14751,108057,V,Income Tax Refunds Issued,Classification,1,2025,4,2025,3,07,30
2025-07-30,Taxes - Business Tax Refunds (EFT),null,7,2616,14150,V,Income Tax Refunds Issued,Classification,2,2025,4,2025,3,07,30
2025-07-30,Taxes - Individual Tax Refunds (Checks),null,24,2916,53256,V,Income Tax Refunds Issued,Classification,3,2025,4,2025,3,07,30
2025-07-30,Taxes - Individual Tax Refunds (EFT),null,675,4790,295136,V,Income Tax Refunds Issued,Classification,4,2025,4,2025,3,07,30
2025-07-29,Taxes - Business Tax Refunds (Checks),null,2611,14750,108056,V,Income Tax Refunds Issued,Classification,1,2025,4,2025,3,07,29
2025-07-29,Taxes - Business Tax Refunds (EFT),null,47,2609,14143,V,Income Tax Refunds Issued,Classification,2,2025,4,2025,3,07,29
2025-07-29,Taxes - Individual Tax Refunds (Checks),null,22,2892,53232,V,Income Tax Refunds Issued,Classification,3,2025,4,2025,3,07,29
2025-07-29,Taxes - Individual Tax Refunds (EFT),null,128,4115,294462,V,Income Tax Refunds Issued,Classification,4,2025,4,2025,3,07,29
2025-07-28,Taxes - Business Tax Refunds (Checks),null,5,12139,105445,V,Income Tax Refunds Issued,Classification,1,2025,4,2025,3,07,28
2025-07-28,Taxes - Business Tax Refunds (EFT),null,1977,2562,14096,V,Income Tax Refunds Issued,Classification,2,2025,4,2025,3,07,28
2025-07-28,Taxes - Individual Tax Refunds (Checks),null,27,2870,53210,V,Income Tax Refunds Issued,Classification,3,2025,4,2025,3,07,28
2025-07-28,Taxes - Individual Tax Refunds (EFT),null,-1,3987,294333,V,Income Tax Refunds Issued,Classification,4,2025,4,2025,3,07,28
2025-07-25,Taxes - Business Tax Refunds (Checks),null,7,12134,105440,V,Income Tax Refunds Issued,Classification,1,2025,4,2025,3,07,25
2025-07-25,Taxes - Business Tax Refunds (EFT),null,-2,584,12119,V,Income Tax Refunds Issued,Classification,2,2025,4,2025,3,07,25
2025-07-25,Taxes - Individual Tax Refunds (Checks),null,496,2843,53183,V,Income Tax Refunds Issued,Classification,3,2025,4,2025,3,07,25
2025-07-25,Taxes - Individual Tax Refunds (EFT),null,38,3988,294335,V,Income Tax Refunds Issued,Classification,4,2025,4,2025,3,07,25
2025-07-24,Taxes - Business Tax Refunds (Checks),null,2,12127,105433,V,Income Tax Refunds Issued,Classification,1,2025,4,2025,3,07,24
2025-07-24,Taxes - Business Tax Refunds (EFT),null,-7,586,12121,V,Income Tax Refunds Issued,Classification,2,2025,4,2025,3,07,24
2025-07-24,Taxes - Individual Tax Refunds (Checks),null,45,2347,52687,V,Income Tax Refunds Issued,Classification,3,2025,4,2025,3,07,24
2025-07-24,Taxes - Individual Tax Refunds (EFT),null,45,3950,294296,V,Income Tax Refunds Issued,Classification,4,2025,4,2025,3,07,24
2025-07-23,Taxes - Business Tax Refunds (Checks),null,206,12125,105431,V,Income Tax Refunds Issued,Classification,1,2025,4,2025,3,07,23
2025-07-23,Taxes - Business Tax Refunds (EFT),null,89,593,12128,V,Income Tax Refunds Issued,Classification,2,2025,4,2025,3,07,23
2025-07-23,Taxes - Individual Tax Refunds (Checks),null,22,2301,52641,V,Income Tax Refunds Issued,Classification,3,2025,4,2025,3,07,23
2025-07-23,Taxes - Individual Tax Refunds (EFT),null,653,3905,294251,V,Income Tax Refunds Issued,Classification,4,2025,4,2025,3,07,23
2025-07-22,Taxes - Business Tax Refunds (Checks),null,2932,11919,105225,V,Income Tax Refunds Issued,Classification,1,2025,4,2025,3,07,22
2025-07-22,Taxes - Business Tax Refunds (EFT),null,93,505,12039,V,Income Tax Refunds Issued,Classification,2,2025,4,2025,3,07,22
2025-07-22,Taxes - Individual Tax Refunds (Checks),null,24,2279,52619,V,Income Tax Refunds Issued,Classification,3,2025,4,2025,3,07,22
2025-07-22,Taxes - Individual Tax Refunds (EFT),null,65,3252,293599,V,Income Tax Refunds Issued,Classification,4,2025,4,2025,3,07,22
2025-07-21,Taxes - Business Tax Refunds (Checks),null,6,8987,102294,V,Income Tax Refunds Issued,Classification,1,2025,4,2025,3,07,21
2025-07-21,Taxes - Business Tax Refunds (EFT),null,0,412,11947,V,Income Tax Refunds Issued,Classification,2,2025,4,2025,3,07,21
2025-07-21,Taxes - Individual Tax Refunds (Checks),null,23,2256,52596,V,Income Tax Refunds Issued,Classification,3,2025,4,2025,3,07,21
2025-07-21,Taxes - Individual Tax Refunds (EFT),null,59,3187,293534,V,Income Tax Refunds Issued,Classification,4,2025,4,2025,3,07,21
2025-07-18,Taxes - Business Tax Refunds (Checks),null,109,8982,102288,V,Income Tax Refunds Issued,Classification,1,2025,4,2025,3,07,18
2025-07-18,Taxes - Business Tax Refunds (EFT),null,-7,412,11947,V,Income Tax Refunds Issued,Classification,2,2025,4,2025,3,07,18
2025-07-18,Taxes - Individual Tax Refunds (Checks),null,496,2233,52573,V,Income Tax Refunds Issued,Classification,3,2025,4,2025,3,07,18
2025-07-18,Taxes - Individual Tax Refunds (EFT),null,97,3128,293475,V,Income Tax Refunds Issued,Classification,4,2025,4,2025,3,07,18
2025-07-17,Taxes - Business Tax Refunds (Checks),null,8,8873,102179,V,Income Tax Refunds Issued,Classification,1,2025,4,2025,3,07,17
2025-07-17,Taxes - Business Tax Refunds (EFT),null,155,420,11954,V,Income Tax Refunds Issued,Classification,2,2025,4,2025,3,07,17
2025-07-17,Taxes - Individual Tax Refunds (Checks),null,30,1737,52077,V,Income Tax Refunds Issued,Classification,3,2025,4,2025,3,07,17
2025-07-17,Taxes - Individual Tax Refunds (EFT),null,31,3031,293378,V,Income Tax Refunds Issued,Classification,4,2025,4,2025,3,07,17
2025-07-16,Taxes - Business Tax Refunds (Checks),null,3,8865,102172,V,Income Tax Refunds Issued,Classification,1,2025,4,2025,3,07,16
2025-07-16,Taxes - Business Tax Refunds (EFT),null,79,264,11799,V,Income Tax Refunds Issued,Classification,2,2025,4,2025,3,07,16
2025-07-16,Taxes - Individual Tax Refunds (Checks),null,24,1708,52047,V,Income Tax Refunds Issued,Classification,3,2025,4,2025,3,07,16
2025-07-16,Taxes - Individual Tax Refunds (EFT),null,661,2999,293346,V,Income Tax Refunds Issued,Classification,4,2025,4,2025,3,07,16
2025-07-15,Taxes - Business Tax Refunds (Checks),null,2693,8862,102168,V,Income Tax Refunds Issued,Classification,1,2025,4,2025,3,07,15
2025-07-15,Taxes - Business Tax Refunds (EFT),null,31,186,11720,V,Income Tax Refunds Issued,Classification,2,2025,4,2025,3,07,15
2025-07-15,Taxes - Individual Tax Refunds (Checks),null,30,1684,52024,V,Income Tax Refunds Issued,Classification,3,2025,4,2025,3,07,15
2025-07-15,Taxes - Individual Tax Refunds (EFT),null,75,2338,292685,V,Income Tax Refunds Issued,Classification,4,2025,4,2025,3,07,15
2025-07-14,Taxes - Business Tax Refunds (Checks),null,21,6169,99475,V,Income Tax Refunds Issued,Classification,1,2025,4,2025,3,07,14
2025-07-14,Taxes - Business Tax Refunds (EFT),null,0,154,11689,V,Income Tax Refunds Issued,Classification,2,2025,4,2025,3,07,14
2025-07-14,Taxes - Individual Tax Refunds (Checks),null,567,1654,51994,V,Income Tax Refunds Issued,Classification,3,2025,4,2025,3,07,14
2025-07-14,Taxes - Individual Tax Refunds (EFT),null,60,2263,292610,V,Income Tax Refunds Issued,Classification,4,2025,4,2025,3,07,14
2025-07-11,Taxes - Business Tax Refunds (Checks),null,2,6148,99454,V,Income Tax Refunds Issued,Classification,1,2025,4,2025,3,07,11
2025-07-11,Taxes - Business Tax Refunds (EFT),null,2,155,11689,V,Income Tax Refunds Issued,Classification,2,2025,4,2025,3,07,11
2025-07-11,Taxes - Individual Tax Refunds (Checks),null,60,1087,51427,V,Income Tax Refunds Issued,Classification,3,2025,4,2025,3,07,11
2025-07-11,Taxes - Individual Tax Refunds (EFT),null,67,2203,292550,V,Income Tax Refunds Issued,Classification,4,2025,4,2025,3,07,11
2025-07-10,Taxes - Business Tax Refunds (Checks),null,11,6146,99452,V,Income Tax Refunds Issued,Classification,1,2025,4,2025,3,07,10
2025-07-10,Taxes - Business Tax Refunds (EFT),null,-3,153,11687,V,Income Tax Refunds Issued,Classification,2,2025,4,2025,3,07,10
2025-07-10,Taxes - Individual Tax Refunds (Checks),null,26,1028,51368,V,Income Tax Refunds Issued,Classification,3,2025,4,2025,3,07,10
2025-07-10,Taxes - Individual Tax Refunds (EFT),null,740,2136,292483,V,Income Tax Refunds Issued,Classification,4,2025,4,2025,3,07,10
2025-07-09,Taxes - Business Tax Refunds (Checks),null,145,6135,99441,V,Income Tax Refunds Issued,Classification,1,2025,4,2025,3,07,09
2025-07-09,Taxes - Business Tax Refunds (EFT),null,0,156,11691,V,Income Tax Refunds Issued,Classification,2,2025,4,2025,3,07,09
2025-07-09,Taxes - Individual Tax Refunds (Checks),null,20,1002,51341,V,Income Tax Refunds Issued,Classification,3,2025,4,2025,3,07,09
2025-07-09,Taxes - Individual Tax Refunds (EFT),null,79,1396,291743,V,Income Tax Refunds Issued,Classification,4,2025,4,2025,3,07,09
2025-07-08,Taxes - Business Tax Refunds (Checks),null,2527,5989,99296,V,Income Tax Refunds Issued,Classification,1,2025,4,2025,3,07,08
2025-07-08,Taxes - Business Tax Refunds (EFT),null,121,156,11691,V,Income Tax Refunds Issued,Classification,2,2025,4,2025,3,07,08
2025-07-08,Taxes - Individual Tax Refunds (Checks),null,20,982,51322,V,Income Tax Refunds Issued,Classification,3,2025,4,2025,3,07,08
2025-07-08,Taxes - Individual Tax Refunds (EFT),null,64,1317,291664,V,Income Tax Refunds Issued,Classification,4,2025,4,2025,3,07,08
2025-07-07,Taxes - Business Tax Refunds (Checks),null,24,3462,96769,V,Income Tax Refunds Issued,Classification,1,2025,4,2025,3,07,07
2025-07-07,Taxes - Business Tax Refunds (EFT),null,0,35,11570,V,Income Tax Refunds Issued,Classification,2,2025,4,2025,3,07,07
2025-07-07,Taxes - Individual Tax Refunds (Checks),null,849,962,51302,V,Income Tax Refunds Issued,Classification,3,2025,4,2025,3,07,07
2025-07-07,Taxes - Individual Tax Refunds (EFT),null,46,1254,291600,V,Income Tax Refunds Issued,Classification,4,2025,4,2025,3,07,07
2025-07-03,Taxes - Business Tax Refunds (Checks),null,43,3438,96745,V,Income Tax Refunds Issued,Classification,1,2025,4,2025,3,07,03
2025-07-03,Taxes - Business Tax Refunds (EFT),null,0,35,11569,V,Income Tax Refunds Issued,Classification,2,2025,4,2025,3,07,03
2025-07-03,Taxes - Individual Tax Refunds (Checks),null,45,113,50453,V,Income Tax Refunds Issued,Classification,3,2025,4,2025,3,07,03
2025-07-03,Taxes - Individual Tax Refunds (EFT),null,49,1208,291555,V,Income Tax Refunds Issued,Classification,4,2025,4,2025,3,07,03
2025-07-02,Taxes - Business Tax Refunds (Checks),null,6,3396,96702,V,Income Tax Refunds Issued,Classification,1,2025,4,2025,3,07,02
2025-07-02,Taxes - Business Tax Refunds (EFT),null,0,35,11570,V,Income Tax Refunds Issued,Classification,2,2025,4,2025,3,07,02
2025-07-02,Taxes - Individual Tax Refunds (Checks),null,36,68,50408,V,Income Tax Refunds Issued,Classification,3,2025,4,2025,3,07,02
2025-07-02,Taxes - Individual Tax Refunds (EFT),null,1070,1159,291506,V,Income Tax Refunds Issued,Classification,4,2025,4,2025,3,07,02
2025-07-01,Taxes - Business Tax Refunds (Checks),null,3390,3390,96696,V,Income Tax Refunds Issued,Classification,1,2025,4,2025,3,07,01
2025-07-01,Taxes - Business Tax Refunds (EFT),null,36,36,11570,V,Income Tax Refunds Issued,Classification,2,2025,4,2025,3,07,01
2025-07-01,Taxes - Individual Tax Refunds (Checks),null,32,32,50372,V,Income Tax Refunds Issued,Classification,3,2025,4,2025,3,07,01
2025-07-01,Taxes - Individual Tax Refunds (EFT),null,89,89,290436,V,Income Tax Refunds Issued,Classification,4,2025,4,2025,3,07,01
2025-06-30,Taxes - Business Tax Refunds (Checks),null,8,13321,93306,V,Income Tax Refunds Issued,Classification,1,2025,3,2025,2,06,30
2025-06-30,Taxes - Business Tax Refunds (EFT),null,430,1255,11535,V,Income Tax Refunds Issued,Classification,2,2025,3,2025,2,06,30
2025-06-30,Taxes - Individual Tax Refunds (Checks),null,43,3821,50340,V,Income Tax Refunds Issued,Classification,3,2025,3,2025,2,06,30
2025-06-30,Taxes - Individual Tax Refunds (EFT),null,106,5478,290347,V,Income Tax Refunds Issued,Classification,4,2025,3,2025,2,06,30
2025-06-27,Taxes - Business Tax Refunds (Checks),null,8,13313,93298,V,Income Tax Refunds Issued,Classification,1,2025,3,2025,2,06,27
2025-06-27,Taxes - Business Tax Refunds (EFT),null,14,825,11105,V,Income Tax Refunds Issued,Classification,2,2025,3,2025,2,06,27
2025-06-27,Taxes - Individual Tax Refunds (Checks),null,316,3779,50297,V,Income Tax Refunds Issued,Classification,3,2025,3,2025,2,06,27
2025-06-27,Taxes - Individual Tax Refunds (EFT),null,62,5372,290241,V,Income Tax Refunds Issued,Classification,4,2025,3,2025,2,06,27
2025-06-26,Taxes - Business Tax Refunds (Checks),null,20,13305,93290,V,Income Tax Refunds Issued,Classification,1,2025,3,2025,2,06,26
2025-06-26,Taxes - Business Tax Refunds (EFT),null,51,811,11091,V,Income Tax Refunds Issued,Classification,2,2025,3,2025,2,06,26
2025-06-26,Taxes - Individual Tax Refunds (Checks),null,75,3463,49981,V,Income Tax Refunds Issued,Classification,3,2025,3,2025,2,06,26
2025-06-26,Taxes - Individual Tax Refunds (EFT),null,105,5310,290179,V,Income Tax Refunds Issued,Classification,4,2025,3,2025,2,06,26
2025-06-25,Taxes - Business Tax Refunds (Checks),null,4,13285,93271,V,Income Tax Refunds Issued,Classification,1,2025,3,2025,2,06,25
2025-06-25,Taxes - Business Tax Refunds (EFT),null,0,759,11039,V,Income Tax Refunds Issued,Classification,2,2025,3,2025,2,06,25
2025-06-25,Taxes - Individual Tax Refunds (Checks),null,2,3388,49907,V,Income Tax Refunds Issued,Classification,3,2025,3,2025,2,06,25
2025-06-25,Taxes - Individual Tax Refunds (EFT),null,716,5205,290074,V,Income Tax Refunds Issued,Classification,4,2025,3,2025,2,06,25
2025-06-24,Taxes - Business Tax Refunds (Checks),null,2912,13281,93267,V,Income Tax Refunds Issued,Classification,1,2025,3,2025,2,06,24
2025-06-24,Taxes - Business Tax Refunds (EFT),null,30,759,11040,V,Income Tax Refunds Issued,Classification,2,2025,3,2025,2,06,24
2025-06-24,Taxes - Individual Tax Refunds (Checks),null,1,3386,49904,V,Income Tax Refunds Issued,Classification,3,2025,3,2025,2,06,24
2025-06-24,Taxes - Individual Tax Refunds (EFT),null,219,4489,289358,V,Income Tax Refunds Issued,Classification,4,2025,3,2025,2,06,24
2025-06-23,Taxes - Business Tax Refunds (Checks),null,1,10369,90355,V,Income Tax Refunds Issued,Classification,1,2025,3,2025,2,06,23
2025-06-23,Taxes - Business Tax Refunds (EFT),null,-1,730,11010,V,Income Tax Refunds Issued,Classification,2,2025,3,2025,2,06,23
2025-06-23,Taxes - Individual Tax Refunds (Checks),null,658,3385,49904,V,Income Tax Refunds Issued,Classification,3,2025,3,2025,2,06,23
2025-06-23,Taxes - Individual Tax Refunds (EFT),null,-12,4270,289138,V,Income Tax Refunds Issued,Classification,4,2025,3,2025,2,06,23
2025-06-20,Taxes - Business Tax Refunds (Checks),null,194,10369,90354,V,Income Tax Refunds Issued,Classification,1,2025,3,2025,2,06,20
2025-06-20,Taxes - Business Tax Refunds (EFT),null,1,731,11011,V,Income Tax Refunds Issued,Classification,2,2025,3,2025,2,06,20
2025-06-20,Taxes - Individual Tax Refunds (Checks),null,40,2727,49245,V,Income Tax Refunds Issued,Classification,3,2025,3,2025,2,06,20
2025-06-20,Taxes - Individual Tax Refunds (EFT),null,-8,4281,289150,V,Income Tax Refunds Issued,Classification,4,2025,3,2025,2,06,20
2025-06-18,Taxes - Business Tax Refunds (Checks),null,8,10175,90161,V,Income Tax Refunds Issued,Classification,1,2025,3,2025,2,06,18
2025-06-18,Taxes - Business Tax Refunds (EFT),null,1,730,11010,V,Income Tax Refunds Issued,Classification,2,2025,3,2025,2,06,18
2025-06-18,Taxes - Individual Tax Refunds (Checks),null,30,2686,49205,V,Income Tax Refunds Issued,Classification,3,2025,3,2025,2,06,18
2025-06-18,Taxes - Individual Tax Refunds (EFT),null,1006,4289,289158,V,Income Tax Refunds Issued,Classification,4,2025,3,2025,2,06,18
2025-06-17,Taxes - Business Tax Refunds (Checks),null,2767,10167,90152,V,Income Tax Refunds Issued,Classification,1,2025,3,2025,2,06,17
2025-06-17,Taxes - Business Tax Refunds (EFT),null,59,728,11008,V,Income Tax Refunds Issued,Classification,2,2025,3,2025,2,06,17
2025-06-17,Taxes - Individual Tax Refunds (Checks),null,24,2657,49175,V,Income Tax Refunds Issued,Classification,3,2025,3,2025,2,06,17
2025-06-17,Taxes - Individual Tax Refunds (EFT),null,109,3283,288152,V,Income Tax Refunds Issued,Classification,4,2025,3,2025,2,06,17
2025-06-16,Taxes - Business Tax Refunds (Checks),null,24,7399,87385,V,Income Tax Refunds Issued,Classification,1,2025,3,2025,2,06,16
2025-06-16,Taxes - Business Tax Refunds (EFT),null,0,670,10950,V,Income Tax Refunds Issued,Classification,2,2025,3,2025,2,06,16
2025-06-16,Taxes - Individual Tax Refunds (Checks),null,45,2632,49151,V,Income Tax Refunds Issued,Classification,3,2025,3,2025,2,06,16
2025-06-16,Taxes - Individual Tax Refunds (EFT),null,92,3174,288043,V,Income Tax Refunds Issued,Classification,4,2025,3,2025,2,06,16
2025-06-13,Taxes - Business Tax Refunds (Checks),null,38,7375,87361,V,Income Tax Refunds Issued,Classification,1,2025,3,2025,2,06,13
2025-06-13,Taxes - Business Tax Refunds (EFT),null,-13,670,10950,V,Income Tax Refunds Issued,Classification,2,2025,3,2025,2,06,13
2025-06-13,Taxes - Individual Tax Refunds (Checks),null,729,2587,49106,V,Income Tax Refunds Issued,Classification,3,2025,3,2025,2,06,13
2025-06-13,Taxes - Individual Tax Refunds (EFT),null,83,3082,287951,V,Income Tax Refunds Issued,Classification,4,2025,3,2025,2,06,13
2025-06-12,Taxes - Business Tax Refunds (Checks),null,103,7337,87323,V,Income Tax Refunds Issued,Classification,1,2025,3,2025,2,06,12
2025-06-12,Taxes - Business Tax Refunds (EFT),null,-2,683,10963,V,Income Tax Refunds Issued,Classification,2,2025,3,2025,2,06,12
2025-06-12,Taxes - Individual Tax Refunds (Checks),null,80,1858,48377,V,Income Tax Refunds Issued,Classification,3,2025,3,2025,2,06,12
2025-06-12,Taxes - Individual Tax Refunds (EFT),null,77,2999,287868,V,Income Tax Refunds Issued,Classification,4,2025,3,2025,2,06,12
2025-06-11,Taxes - Business Tax Refunds (Checks),null,11,7234,87220,V,Income Tax Refunds Issued,Classification,1,2025,3,2025,2,06,11
2025-06-11,Taxes - Business Tax Refunds (EFT),null,6,684,10964,V,Income Tax Refunds Issued,Classification,2,2025,3,2025,2,06,11
2025-06-11,Taxes - Individual Tax Refunds (Checks),null,32,1778,48297,V,Income Tax Refunds Issued,Classification,3,2025,3,2025,2,06,11
2025-06-11,Taxes - Individual Tax Refunds (EFT),null,1092,2922,287791,V,Income Tax Refunds Issued,Classification,4,2025,3,2025,2,06,11
2025-06-10,Taxes - Business Tax Refunds (Checks),null,3482,7223,87209,V,Income Tax Refunds Issued,Classification,1,2025,3,2025,2,06,10
2025-06-10,Taxes - Business Tax Refunds (EFT),null,102,678,10958,V,Income Tax Refunds Issued,Classification,2,2025,3,2025,2,06,10
2025-06-10,Taxes - Individual Tax Refunds (Checks),null,24,1746,48265,V,Income Tax Refunds Issued,Classification,3,2025,3,2025,2,06,10
2025-06-10,Taxes - Individual Tax Refunds (EFT),null,134,1830,286698,V,Income Tax Refunds Issued,Classification,4,2025,3,2025,2,06,10
2025-06-09,Taxes - Business Tax Refunds (Checks),null,10,3742,83727,V,Income Tax Refunds Issued,Classification,1,2025,3,2025,2,06,09
2025-06-09,Taxes - Business Tax Refunds (EFT),null,260,576,10856,V,Income Tax Refunds Issued,Classification,2,2025,3,2025,2,06,09
2025-06-09,Taxes - Individual Tax Refunds (Checks),null,32,1723,48241,V,Income Tax Refunds Issued,Classification,3,2025,3,2025,2,06,09
2025-06-09,Taxes - Individual Tax Refunds (EFT),null,88,1696,286564,V,Income Tax Refunds Issued,Classification,4,2025,3,2025,2,06,09
2025-06-06,Taxes - Business Tax Refunds (Checks),null,21,3732,83717,V,Income Tax Refunds Issued,Classification,1,2025,3,2025,2,06,06
2025-06-06,Taxes - Business Tax Refunds (EFT),null,0,317,10597,V,Income Tax Refunds Issued,Classification,2,2025,3,2025,2,06,06
2025-06-06,Taxes - Individual Tax Refunds (Checks),null,712,1690,48209,V,Income Tax Refunds Issued,Classification,3,2025,3,2025,2,06,06
2025-06-06,Taxes - Individual Tax Refunds (EFT),null,61,1608,286477,V,Income Tax Refunds Issued,Classification,4,2025,3,2025,2,06,06
2025-06-05,Taxes - Business Tax Refunds (Checks),null,98,3711,83697,V,Income Tax Refunds Issued,Classification,1,2025,3,2025,2,06,05
2025-06-05,Taxes - Business Tax Refunds (EFT),null,237,317,10597,V,Income Tax Refunds Issued,Classification,2,2025,3,2025,2,06,05
2025-06-05,Taxes - Individual Tax Refunds (Checks),null,74,978,47497,V,Income Tax Refunds Issued,Classification,3,2025,3,2025,2,06,05
2025-06-05,Taxes - Individual Tax Refunds (EFT),null,80,1547,286416,V,Income Tax Refunds Issued,Classification,4,2025,3,2025,2,06,05
2025-06-04,Taxes - Business Tax Refunds (Checks),null,3,3613,83599,V,Income Tax Refunds Issued,Classification,1,2025,3,2025,2,06,04
2025-06-04,Taxes - Business Tax Refunds (EFT),null,45,80,10360,V,Income Tax Refunds Issued,Classification,2,2025,3,2025,2,06,04
2025-06-04,Taxes - Individual Tax Refunds (Checks),null,31,904,47423,V,Income Tax Refunds Issued,Classification,3,2025,3,2025,2,06,04
2025-06-04,Taxes - Individual Tax Refunds (EFT),null,1233,1468,286336,V,Income Tax Refunds Issued,Classification,4,2025,3,2025,2,06,04
2025-06-03,Taxes - Business Tax Refunds (Checks),null,3605,3611,83596,V,Income Tax Refunds Issued,Classification,1,2025,3,2025,2,06,03
2025-06-03,Taxes - Business Tax Refunds (EFT),null,35,35,10315,V,Income Tax Refunds Issued,Classification,2,2025,3,2025,2,06,03
2025-06-03,Taxes - Individual Tax Refunds (Checks),null,32,873,47391,V,Income Tax Refunds Issued,Classification,3,2025,3,2025,2,06,03
2025-06-03,Taxes - Individual Tax Refunds (EFT),null,242,235,285104,V,Income Tax Refunds Issued,Classification,4,2025,3,2025,2,06,03
2025-06-02,Taxes - Business Tax Refunds (Checks),null,5,5,79991,V,Income Tax Refunds Issued,Classification,1,2025,3,2025,2,06,02
2025-06-02,Taxes - Business Tax Refunds (EFT),null,0,0,10280,V,Income Tax Refunds Issued,Classification,2,2025,3,2025,2,06,02
2025-06-02,Taxes - Individual Tax Refunds (Checks),null,841,841,47359,V,Income Tax Refunds Issued,Classification,3,2025,3,2025,2,06,02
2025-06-02,Taxes - Individual Tax Refunds (EFT),null,-7,-7,284862,V,Income Tax Refunds Issued,Classification,4,2025,3,2025,2,06,02
2025-05-30,Taxes - Business Tax Refunds (Checks),null,5,16398,79986,V,Income Tax Refunds Issued,Classification,1,2025,3,2025,2,05,30
2025-05-30,Taxes - Business Tax Refunds (EFT),null,10,2277,10280,V,Income Tax Refunds Issued,Classification,2,2025,3,2025,2,05,30
2025-05-30,Taxes - Individual Tax Refunds (Checks),null,54,6672,46519,V,Income Tax Refunds Issued,Classification,3,2025,3,2025,2,05,30
2025-05-30,Taxes - Individual Tax Refunds (EFT),null,97,11872,284869,V,Income Tax Refunds Issued,Classification,4,2025,3,2025,2,05,30
2025-05-29,Taxes - Business Tax Refunds (Checks),null,5,16393,79980,V,Income Tax Refunds Issued,Classification,1,2025,3,2025,2,05,29
2025-05-29,Taxes - Business Tax Refunds (EFT),null,35,2267,10270,V,Income Tax Refunds Issued,Classification,2,2025,3,2025,2,05,29
2025-05-29,Taxes - Individual Tax Refunds (Checks),null,40,6618,46465,V,Income Tax Refunds Issued,Classification,3,2025,3,2025,2,05,29
2025-05-29,Taxes - Individual Tax Refunds (EFT),null,1479,11775,284771,V,Income Tax Refunds Issued,Classification,4,2025,3,2025,2,05,29
2025-05-28,Taxes - Business Tax Refunds (Checks),null,10,16388,79975,V,Income Tax Refunds Issued,Classification,1,2025,3,2025,2,05,28
2025-05-28,Taxes - Business Tax Refunds (EFT),null,7,2231,10235,V,Income Tax Refunds Issued,Classification,2,2025,3,2025,2,05,28
2025-05-28,Taxes - Individual Tax Refunds (Checks),null,40,6579,46425,V,Income Tax Refunds Issued,Classification,3,2025,3,2025,2,05,28
2025-05-28,Taxes - Individual Tax Refunds (EFT),null,146,10296,283293,V,Income Tax Refunds Issued,Classification,4,2025,3,2025,2,05,28
2025-05-27,Taxes - Business Tax Refunds (Checks),null,4364,16378,79965,V,Income Tax Refunds Issued,Classification,1,2025,3,2025,2,05,27
2025-05-27,Taxes - Business Tax Refunds (EFT),null,43,2224,10227,V,Income Tax Refunds Issued,Classification,2,2025,3,2025,2,05,27
2025-05-27,Taxes - Individual Tax Refunds (Checks),null,65,6539,46386,V,Income Tax Refunds Issued,Classification,3,2025,3,2025,2,05,27
2025-05-27,Taxes - Individual Tax Refunds (EFT),null,141,10150,283147,V,Income Tax Refunds Issued,Classification,4,2025,3,2025,2,05,27
2025-05-23,Taxes - Business Tax Refunds (Checks),null,10,12014,75601,V,Income Tax Refunds Issued,Classification,1,2025,3,2025,2,05,23
2025-05-23,Taxes - Business Tax Refunds (EFT),null,242,2181,10185,V,Income Tax Refunds Issued,Classification,2,2025,3,2025,2,05,23
2025-05-23,Taxes - Individual Tax Refunds (Checks),null,962,6474,46321,V,Income Tax Refunds Issued,Classification,3,2025,3,2025,2,05,23
2025-05-23,Taxes - Individual Tax Refunds (EFT),null,106,10009,283006,V,Income Tax Refunds Issued,Classification,4,2025,3,2025,2,05,23
2025-05-22,Taxes - Business Tax Refunds (Checks),null,11,12003,75591,V,Income Tax Refunds Issued,Classification,1,2025,3,2025,2,05,22
2025-05-22,Taxes - Business Tax Refunds (EFT),null,0,1939,9942,V,Income Tax Refunds Issued,Classification,2,2025,3,2025,2,05,22
2025-05-22,Taxes - Individual Tax Refunds (Checks),null,71,5512,45359,V,Income Tax Refunds Issued,Classification,3,2025,3,2025,2,05,22
2025-05-22,Taxes - Individual Tax Refunds (EFT),null,117,9903,282900,V,Income Tax Refunds Issued,Classification,4,2025,3,2025,2,05,22
2025-05-21,Taxes - Business Tax Refunds (Checks),null,12,11992,75580,V,Income Tax Refunds Issued,Classification,1,2025,3,2025,2,05,21
2025-05-21,Taxes - Business Tax Refunds (EFT),null,0,1939,9942,V,Income Tax Refunds Issued,Classification,2,2025,3,2025,2,05,21
2025-05-21,Taxes - Individual Tax Refunds (Checks),null,46,5441,45288,V,Income Tax Refunds Issued,Classification,3,2025,3,2025,2,05,21
2025-05-21,Taxes - Individual Tax Refunds (EFT),null,1607,9786,282783,V,Income Tax Refunds Issued,Classification,4,2025,3,2025,2,05,21
2025-05-20,Taxes - Business Tax Refunds (Checks),null,4947,11980,75568,V,Income Tax Refunds Issued,Classification,1,2025,3,2025,2,05,20
2025-05-20,Taxes - Business Tax Refunds (EFT),null,41,1939,9942,V,Income Tax Refunds Issued,Classification,2,2025,3,2025,2,05,20
2025-05-20,Taxes - Individual Tax Refunds (Checks),null,45,5395,45242,V,Income Tax Refunds Issued,Classification,3,2025,3,2025,2,05,20
2025-05-20,Taxes - Individual Tax Refunds (EFT),null,214,8179,281176,V,Income Tax Refunds Issued,Classification,4,2025,3,2025,2,05,20
2025-05-19,Taxes - Business Tax Refunds (Checks),null,287,7034,70621,V,Income Tax Refunds Issued,Classification,1,2025,3,2025,2,05,19
2025-05-19,Taxes - Business Tax Refunds (EFT),null,65,1898,9901,V,Income Tax Refunds Issued,Classification,2,2025,3,2025,2,05,19
2025-05-19,Taxes - Individual Tax Refunds (Checks),null,154,5350,45197,V,Income Tax Refunds Issued,Classification,3,2025,3,2025,2,05,19
2025-05-19,Taxes - Individual Tax Refunds (EFT),null,173,7965,280961,V,Income Tax Refunds Issued,Classification,4,2025,3,2025,2,05,19
2025-05-16,Taxes - Business Tax Refunds (Checks),null,16,6747,70334,V,Income Tax Refunds Issued,Classification,1,2025,3,2025,2,05,16
2025-05-16,Taxes - Business Tax Refunds (EFT),null,190,1833,9836,V,Income Tax Refunds Issued,Classification,2,2025,3,2025,2,05,16
2025-05-16,Taxes - Individual Tax Refunds (Checks),null,1517,5196,45043,V,Income Tax Refunds Issued,Classification,3,2025,3,2025,2,05,16
2025-05-16,Taxes - Individual Tax Refunds (EFT),null,130,7792,280789,V,Income Tax Refunds Issued,Classification,4,2025,3,2025,2,05,16
2025-05-15,Taxes - Business Tax Refunds (Checks),null,5,6731,70318,V,Income Tax Refunds Issued,Classification,1,2025,3,2025,2,05,15
2025-05-15,Taxes - Business Tax Refunds (EFT),null,-7,1643,9646,V,Income Tax Refunds Issued,Classification,2,2025,3,2025,2,05,15
2025-05-15,Taxes - Individual Tax Refunds (Checks),null,80,3679,43526,V,Income Tax Refunds Issued,Classification,3,2025,3,2025,2,05,15
2025-05-15,Taxes - Individual Tax Refunds (EFT),null,148,7662,280659,V,Income Tax Refunds Issued,Classification,4,2025,3,2025,2,05,15
2025-05-14,Taxes - Business Tax Refunds (Checks),null,3,6726,70314,V,Income Tax Refunds Issued,Classification,1,2025,3,2025,2,05,14
2025-05-14,Taxes - Business Tax Refunds (EFT),null,96,1650,9653,V,Income Tax Refunds Issued,Classification,2,2025,3,2025,2,05,14
2025-05-14,Taxes - Individual Tax Refunds (Checks),null,72,3599,43446,V,Income Tax Refunds Issued,Classification,3,2025,3,2025,2,05,14
2025-05-14,Taxes - Individual Tax Refunds (EFT),null,2057,7514,280511,V,Income Tax Refunds Issued,Classification,4,2025,3,2025,2,05,14
2025-05-13,Taxes - Business Tax Refunds (Checks),null,3834,6723,70311,V,Income Tax Refunds Issued,Classification,1,2025,3,2025,2,05,13
2025-05-13,Taxes - Business Tax Refunds (EFT),null,138,1554,9557,V,Income Tax Refunds Issued,Classification,2,2025,3,2025,2,05,13
2025-05-13,Taxes - Individual Tax Refunds (Checks),null,258,3527,43374,V,Income Tax Refunds Issued,Classification,3,2025,3,2025,2,05,13
2025-05-13,Taxes - Individual Tax Refunds (EFT),null,223,5457,278454,V,Income Tax Refunds Issued,Classification,4,2025,3,2025,2,05,13
2025-05-12,Taxes - Business Tax Refunds (Checks),null,22,2889,66477,V,Income Tax Refunds Issued,Classification,1,2025,3,2025,2,05,12
2025-05-12,Taxes - Business Tax Refunds (EFT),null,76,1415,9419,V,Income Tax Refunds Issued,Classification,2,2025,3,2025,2,05,12
2025-05-12,Taxes - Individual Tax Refunds (Checks),null,69,3270,43117,V,Income Tax Refunds Issued,Classification,3,2025,3,2025,2,05,12
2025-05-12,Taxes - Individual Tax Refunds (EFT),null,212,5234,278231,V,Income Tax Refunds Issued,Classification,4,2025,3,2025,2,05,12
2025-05-09,Taxes - Business Tax Refunds (Checks),null,15,2868,66455,V,Income Tax Refunds Issued,Classification,1,2025,3,2025,2,05,09
2025-05-09,Taxes - Business Tax Refunds (EFT),null,0,1339,9342,V,Income Tax Refunds Issued,Classification,2,2025,3,2025,2,05,09
2025-05-09,Taxes - Individual Tax Refunds (Checks),null,1215,3201,43048,V,Income Tax Refunds Issued,Classification,3,2025,3,2025,2,05,09
2025-05-09,Taxes - Individual Tax Refunds (EFT),null,174,5022,278019,V,Income Tax Refunds Issued,Classification,4,2025,3,2025,2,05,09
2025-05-08,Taxes - Business Tax Refunds (Checks),null,8,2853,66440,V,Income Tax Refunds Issued,Classification,1,2025,3,2025,2,05,08
2025-05-08,Taxes - Business Tax Refunds (EFT),null,11,1339,9343,V,Income Tax Refunds Issued,Classification,2,2025,3,2025,2,05,08
2025-05-08,Taxes - Individual Tax Refunds (Checks),null,89,1986,41833,V,Income Tax Refunds Issued,Classification,3,2025,3,2025,2,05,08
2025-05-08,Taxes - Individual Tax Refunds (EFT),null,212,4848,277844,V,Income Tax Refunds Issued,Classification,4,2025,3,2025,2,05,08
2025-05-07,Taxes - Business Tax Refunds (Checks),null,15,2845,66432,V,Income Tax Refunds Issued,Classification,1,2025,3,2025,2,05,07
2025-05-07,Taxes - Business Tax Refunds (EFT),null,10,1328,9331,V,Income Tax Refunds Issued,Classification,2,2025,3,2025,2,05,07
2025-05-07,Taxes - Individual Tax Refunds (Checks),null,71,1897,41744,V,Income Tax Refunds Issued,Classification,3,2025,3,2025,2,05,07
2025-05-07,Taxes - Individual Tax Refunds (EFT),null,3384,4635,277632,V,Income Tax Refunds Issued,Classification,4,2025,3,2025,2,05,07
2025-05-06,Taxes - Business Tax Refunds (Checks),null,2625,2829,66417,V,Income Tax Refunds Issued,Classification,1,2025,3,2025,2,05,06
2025-05-06,Taxes - Business Tax Refunds (EFT),null,65,1318,9322,V,Income Tax Refunds Issued,Classification,2,2025,3,2025,2,05,06
2025-05-06,Taxes - Individual Tax Refunds (Checks),null,94,1826,41673,V,Income Tax Refunds Issued,Classification,3,2025,3,2025,2,05,06
2025-05-06,Taxes - Individual Tax Refunds (EFT),null,280,1251,274248,V,Income Tax Refunds Issued,Classification,4,2025,3,2025,2,05,06
2025-05-05,Taxes - Business Tax Refunds (Checks),null,154,205,63792,V,Income Tax Refunds Issued,Classification,1,2025,3,2025,2,05,05
2025-05-05,Taxes - Business Tax Refunds (EFT),null,1262,1253,9257,V,Income Tax Refunds Issued,Classification,2,2025,3,2025,2,05,05
2025-05-05,Taxes - Individual Tax Refunds (Checks),null,85,1732,41579,V,Income Tax Refunds Issued,Classification,3,2025,3,2025,2,05,05
2025-05-05,Taxes - Individual Tax Refunds (EFT),null,335,972,273968,V,Income Tax Refunds Issued,Classification,4,2025,3,2025,2,05,05
2025-05-02,Taxes - Business Tax Refunds (Checks),null,4,51,63638,V,Income Tax Refunds Issued,Classification,1,2025,3,2025,2,05,02
2025-05-02,Taxes - Business Tax Refunds (EFT),null,-9,-9,7994,V,Income Tax Refunds Issued,Classification,2,2025,3,2025,2,05,02
2025-05-02,Taxes - Individual Tax Refunds (Checks),null,1487,1647,41493,V,Income Tax Refunds Issued,Classification,3,2025,3,2025,2,05,02
2025-05-02,Taxes - Individual Tax Refunds (EFT),null,196,637,273634,V,Income Tax Refunds Issued,Classification,4,2025,3,2025,2,05,02
2025-05-01,Taxes - Business Tax Refunds (Checks),null,47,47,63635,V,Income Tax Refunds Issued,Classification,1,2025,3,2025,2,05,01
2025-05-01,Taxes - Business Tax Refunds (EFT),null,0,0,8004,V,Income Tax Refunds Issued,Classification,2,2025,3,2025,2,05,01
2025-05-01,Taxes - Individual Tax Refunds (Checks),null,159,159,40006,V,Income Tax Refunds Issued,Classification,3,2025,3,2025,2,05,01
2025-05-01,Taxes - Individual Tax Refunds (EFT),null,441,441,273438,V,Income Tax Refunds Issued,Classification,4,2025,3,2025,2,05,01
2025-04-30,Taxes - Business Tax Refunds (Checks),null,6,17061,63588,V,Income Tax Refunds Issued,Classification,1,2025,3,2025,2,04,30
2025-04-30,Taxes - Business Tax Refunds (EFT),null,3,851,8003,V,Income Tax Refunds Issued,Classification,2,2025,3,2025,2,04,30
2025-04-30,Taxes - Individual Tax Refunds (Checks),null,119,9329,39847,V,Income Tax Refunds Issued,Classification,3,2025,3,2025,2,04,30
2025-04-30,Taxes - Individual Tax Refunds (EFT),null,8320,74221,272997,V,Income Tax Refunds Issued,Classification,4,2025,3,2025,2,04,30
2025-04-29,Taxes - Business Tax Refunds (Checks),null,4249,17055,63582,V,Income Tax Refunds Issued,Classification,1,2025,3,2025,2,04,29
2025-04-29,Taxes - Business Tax Refunds (EFT),null,20,848,8000,V,Income Tax Refunds Issued,Classification,2,2025,3,2025,2,04,29
2025-04-29,Taxes - Individual Tax Refunds (Checks),null,117,9209,39727,V,Income Tax Refunds Issued,Classification,3,2025,3,2025,2,04,29
2025-04-29,Taxes - Individual Tax Refunds (EFT),null,750,65900,264677,V,Income Tax Refunds Issued,Classification,4,2025,3,2025,2,04,29
2025-04-28,Taxes - Business Tax Refunds (Checks),null,12,12806,59332,V,Income Tax Refunds Issued,Classification,1,2025,3,2025,2,04,28
2025-04-28,Taxes - Business Tax Refunds (EFT),null,-4,828,7981,V,Income Tax Refunds Issued,Classification,2,2025,3,2025,2,04,28
2025-04-28,Taxes - Individual Tax Refunds (Checks),null,217,9092,39610,V,Income Tax Refunds Issued,Classification,3,2025,3,2025,2,04,28
2025-04-28,Taxes - Individual Tax Refunds (EFT),null,878,65151,263927,V,Income Tax Refunds Issued,Classification,4,2025,3,2025,2,04,28
2025-04-25,Taxes - Business Tax Refunds (Checks),null,1,12794,59320,V,Income Tax Refunds Issued,Classification,1,2025,3,2025,2,04,25
2025-04-25,Taxes - Business Tax Refunds (EFT),null,9,832,7985,V,Income Tax Refunds Issued,Classification,2,2025,3,2025,2,04,25
2025-04-25,Taxes - Individual Tax Refunds (Checks),null,1922,8875,39393,V,Income Tax Refunds Issued,Classification,3,2025,3,2025,2,04,25
2025-04-25,Taxes - Individual Tax Refunds (EFT),null,648,64273,263049,V,Income Tax Refunds Issued,Classification,4,2025,3,2025,2,04,25
2025-04-24,Taxes - Business Tax Refunds (Checks),null,30,12792,59319,V,Income Tax Refunds Issued,Classification,1,2025,3,2025,2,04,24
2025-04-24,Taxes - Business Tax Refunds (EFT),null,-1,823,7976,V,Income Tax Refunds Issued,Classification,2,2025,3,2025,2,04,24
2025-04-24,Taxes - Individual Tax Refunds (Checks),null,265,6954,37472,V,Income Tax Refunds Issued,Classification,3,2025,3,2025,2,04,24
2025-04-24,Taxes - Individual Tax Refunds (EFT),null,1163,63625,262402,V,Income Tax Refunds Issued,Classification,4,2025,3,2025,2,04,24
2025-04-23,Taxes - Business Tax Refunds (Checks),null,1,12762,59288,V,Income Tax Refunds Issued,Classification,1,2025,3,2025,2,04,23
2025-04-23,Taxes - Business Tax Refunds (EFT),null,10,824,7977,V,Income Tax Refunds Issued,Classification,2,2025,3,2025,2,04,23
2025-04-23,Taxes - Individual Tax Refunds (Checks),null,240,6688,37206,V,Income Tax Refunds Issued,Classification,3,2025,3,2025,2,04,23
2025-04-23,Taxes - Individual Tax Refunds (EFT),null,13036,62463,261239,V,Income Tax Refunds Issued,Classification,4,2025,3,2025,2,04,23
2025-04-22,Taxes - Business Tax Refunds (Checks),null,3355,12761,59288,V,Income Tax Refunds Issued,Classification,1,2025,3,2025,2,04,22
2025-04-22,Taxes - Business Tax Refunds (EFT),null,101,814,7967,V,Income Tax Refunds Issued,Classification,2,2025,3,2025,2,04,22
2025-04-22,Taxes - Individual Tax Refunds (Checks),null,325,6448,36966,V,Income Tax Refunds Issued,Classification,3,2025,3,2025,2,04,22
2025-04-22,Taxes - Individual Tax Refunds (EFT),null,2417,49426,248203,V,Income Tax Refunds Issued,Classification,4,2025,3,2025,2,04,22
2025-04-21,Taxes - Business Tax Refunds (Checks),null,10,9407,55933,V,Income Tax Refunds Issued,Classification,1,2025,3,2025,2,04,21
2025-04-21,Taxes - Business Tax Refunds (EFT),null,0,713,7865,V,Income Tax Refunds Issued,Classification,2,2025,3,2025,2,04,21
2025-04-21,Taxes - Individual Tax Refunds (Checks),null,167,6123,36641,V,Income Tax Refunds Issued,Classification,3,2025,3,2025,2,04,21
2025-04-21,Taxes - Individual Tax Refunds (EFT),null,2976,47010,245786,V,Income Tax Refunds Issued,Classification,4,2025,3,2025,2,04,21
2025-04-18,Taxes - Business Tax Refunds (Checks),null,63,9396,55923,V,Income Tax Refunds Issued,Classification,1,2025,3,2025,2,04,18
2025-04-18,Taxes - Business Tax Refunds (EFT),null,0,713,7865,V,Income Tax Refunds Issued,Classification,2,2025,3,2025,2,04,18
2025-04-18,Taxes - Individual Tax Refunds (Checks),null,1619,5956,36474,V,Income Tax Refunds Issued,Classification,3,2025,3,2025,2,04,18
2025-04-18,Taxes - Individual Tax Refunds (EFT),null,2560,44034,242810,V,Income Tax Refunds Issued,Classification,4,2025,3,2025,2,04,18
2025-04-17,Taxes - Business Tax Refunds (Checks),null,39,9333,55860,V,Income Tax Refunds Issued,Classification,1,2025,3,2025,2,04,17
2025-04-17,Taxes - Business Tax Refunds (EFT),null,0,713,7865,V,Income Tax Refunds Issued,Classification,2,2025,3,2025,2,04,17
2025-04-17,Taxes - Individual Tax Refunds (Checks),null,212,4337,34855,V,Income Tax Refunds Issued,Classification,3,2025,3,2025,2,04,17
2025-04-17,Taxes - Individual Tax Refunds (EFT),null,1348,41474,240250,V,Income Tax Refunds Issued,Classification,4,2025,3,2025,2,04,17
2025-04-16,Taxes - Business Tax Refunds (Checks),null,5,9294,55821,V,Income Tax Refunds Issued,Classification,1,2025,3,2025,2,04,16
2025-04-16,Taxes - Business Tax Refunds (EFT),null,19,713,7865,V,Income Tax Refunds Issued,Classification,2,2025,3,2025,2,04,16
2025-04-16,Taxes - Individual Tax Refunds (Checks),null,163,4125,34643,V,Income Tax Refunds Issued,Classification,3,2025,3,2025,2,04,16
2025-04-16,Taxes - Individual Tax Refunds (EFT),null,9089,40126,238902,V,Income Tax Refunds Issued,Classification,4,2025,3,2025,2,04,16
2025-04-15,Taxes - Business Tax Refunds (Checks),null,3837,9289,55816,V,Income Tax Refunds Issued,Classification,1,2025,3,2025,2,04,15
2025-04-15,Taxes - Business Tax Refunds (EFT),null,32,694,7846,V,Income Tax Refunds Issued,Classification,2,2025,3,2025,2,04,15
2025-04-15,Taxes - Individual Tax Refunds (Checks),null,213,3962,34480,V,Income Tax Refunds Issued,Classification,3,2025,3,2025,2,04,15
2025-04-15,Taxes - Individual Tax Refunds (EFT),null,1510,31037,229813,V,Income Tax Refunds Issued,Classification,4,2025,3,2025,2,04,15
2025-04-14,Taxes - Business Tax Refunds (Checks),null,20,5453,51980,V,Income Tax Refunds Issued,Classification,1,2025,3,2025,2,04,14
2025-04-14,Taxes - Business Tax Refunds (EFT),null,2,661,7814,V,Income Tax Refunds Issued,Classification,2,2025,3,2025,2,04,14
2025-04-14,Taxes - Individual Tax Refunds (Checks),null,273,3749,34267,V,Income Tax Refunds Issued,Classification,3,2025,3,2025,2,04,14
2025-04-14,Taxes - Individual Tax Refunds (EFT),null,2052,29527,228303,V,Income Tax Refunds Issued,Classification,4,2025,3,2025,2,04,14
2025-04-11,Taxes - Business Tax Refunds (Checks),null,40,5433,51959,V,Income Tax Refunds Issued,Classification,1,2025,3,2025,2,04,11
2025-04-11,Taxes - Business Tax Refunds (EFT),null,223,659,7811,V,Income Tax Refunds Issued,Classification,2,2025,3,2025,2,04,11
2025-04-11,Taxes - Individual Tax Refunds (Checks),null,1249,3476,33994,V,Income Tax Refunds Issued,Classification,3,2025,3,2025,2,04,11
2025-04-11,Taxes - Individual Tax Refunds (EFT),null,2039,27475,226251,V,Income Tax Refunds Issued,Classification,4,2025,3,2025,2,04,11
2025-04-10,Taxes - Business Tax Refunds (Checks),null,15,5393,51920,V,Income Tax Refunds Issued,Classification,1,2025,3,2025,2,04,10
2025-04-10,Taxes - Business Tax Refunds (EFT),null,7,435,7588,V,Income Tax Refunds Issued,Classification,2,2025,3,2025,2,04,10
2025-04-10,Taxes - Individual Tax Refunds (Checks),null,161,2227,32745,V,Income Tax Refunds Issued,Classification,3,2025,3,2025,2,04,10
2025-04-10,Taxes - Individual Tax Refunds (EFT),null,1119,25436,224212,V,Income Tax Refunds Issued,Classification,4,2025,3,2025,2,04,10
2025-04-09,Taxes - Business Tax Refunds (Checks),null,6,5378,51905,V,Income Tax Refunds Issued,Classification,1,2025,3,2025,2,04,09
2025-04-09,Taxes - Business Tax Refunds (EFT),null,58,428,7580,V,Income Tax Refunds Issued,Classification,2,2025,3,2025,2,04,09
2025-04-09,Taxes - Individual Tax Refunds (Checks),null,140,2065,32583,V,Income Tax Refunds Issued,Classification,3,2025,3,2025,2,04,09
2025-04-09,Taxes - Individual Tax Refunds (EFT),null,8345,24316,223092,V,Income Tax Refunds Issued,Classification,4,2025,3,2025,2,04,09
2025-04-08,Taxes - Business Tax Refunds (Checks),null,2208,5373,51899,V,Income Tax Refunds Issued,Classification,1,2025,3,2025,2,04,08
2025-04-08,Taxes - Business Tax Refunds (EFT),null,81,369,7522,V,Income Tax Refunds Issued,Classification,2,2025,3,2025,2,04,08
2025-04-08,Taxes - Individual Tax Refunds (Checks),null,190,1926,32444,V,Income Tax Refunds Issued,Classification,3,2025,3,2025,2,04,08
2025-04-08,Taxes - Individual Tax Refunds (EFT),null,1390,15971,214747,V,Income Tax Refunds Issued,Classification,4,2025,3,2025,2,04,08
2025-04-07,Taxes - Business Tax Refunds (Checks),null,24,3164,49691,V,Income Tax Refunds Issued,Classification,1,2025,3,2025,2,04,07
2025-04-07,Taxes - Business Tax Refunds (EFT),null,-1,288,7441,V,Income Tax Refunds Issued,Classification,2,2025,3,2025,2,04,07
2025-04-07,Taxes - Individual Tax Refunds (Checks),null,149,1735,32253,V,Income Tax Refunds Issued,Classification,3,2025,3,2025,2,04,07
2025-04-07,Taxes - Individual Tax Refunds (EFT),null,1858,14582,213358,V,Income Tax Refunds Issued,Classification,4,2025,3,2025,2,04,07
2025-04-04,Taxes - Business Tax Refunds (Checks),null,16,3141,49667,V,Income Tax Refunds Issued,Classification,1,2025,3,2025,2,04,04
2025-04-04,Taxes - Business Tax Refunds (EFT),null,85,289,7441,V,Income Tax Refunds Issued,Classification,2,2025,3,2025,2,04,04
2025-04-04,Taxes - Individual Tax Refunds (Checks),null,1153,1586,32104,V,Income Tax Refunds Issued,Classification,3,2025,3,2025,2,04,04
2025-04-04,Taxes - Individual Tax Refunds (EFT),null,1915,12723,211499,V,Income Tax Refunds Issued,Classification,4,2025,3,2025,2,04,04
2025-04-03,Taxes - Business Tax Refunds (Checks),null,4,3124,49651,V,Income Tax Refunds Issued,Classification,1,2025,3,2025,2,04,03
2025-04-03,Taxes - Business Tax Refunds (EFT),null,89,203,7356,V,Income Tax Refunds Issued,Classification,2,2025,3,2025,2,04,03
2025-04-03,Taxes - Individual Tax Refunds (Checks),null,129,432,30950,V,Income Tax Refunds Issued,Classification,3,2025,3,2025,2,04,03
2025-04-03,Taxes - Individual Tax Refunds (EFT),null,1103,10808,209584,V,Income Tax Refunds Issued,Classification,4,2025,3,2025,2,04,03
2025-04-02,Taxes - Business Tax Refunds (Checks),null,0,3120,49647,V,Income Tax Refunds Issued,Classification,1,2025,3,2025,2,04,02
2025-04-02,Taxes - Business Tax Refunds (EFT),null,5,115,7267,V,Income Tax Refunds Issued,Classification,2,2025,3,2025,2,04,02
2025-04-02,Taxes - Individual Tax Refunds (Checks),null,130,303,30821,V,Income Tax Refunds Issued,Classification,3,2025,3,2025,2,04,02
2025-04-02,Taxes - Individual Tax Refunds (EFT),null,8490,9705,208482,V,Income Tax Refunds Issued,Classification,4,2025,3,2025,2,04,02
2025-04-01,Taxes - Business Tax Refunds (Checks),null,3120,3120,49646,V,Income Tax Refunds Issued,Classification,1,2025,3,2025,2,04,01
2025-04-01,Taxes - Business Tax Refunds (EFT),null,109,109,7262,V,Income Tax Refunds Issued,Classification,2,2025,3,2025,2,04,01
2025-04-01,Taxes - Individual Tax Refunds (Checks),null,173,173,30691,V,Income Tax Refunds Issued,Classification,3,2025,3,2025,2,04,01
2025-04-01,Taxes - Individual Tax Refunds (EFT),null,1216,1216,199992,V,Income Tax Refunds Issued,Classification,4,2025,3,2025,2,04,01
2025-03-31,Taxes - Business Tax Refunds (Checks),null,157,10368,46527,V,Income Tax Refunds Issued,Classification,1,2025,2,2025,1,03,31
2025-03-31,Taxes - Business Tax Refunds (EFT),null,16,1437,7153,V,Income Tax Refunds Issued,Classification,2,2025,2,2025,1,03,31
2025-03-31,Taxes - Individual Tax Refunds (Checks),null,119,6862,30518,V,Income Tax Refunds Issued,Classification,3,2025,2,2025,1,03,31
2025-03-31,Taxes - Individual Tax Refunds (EFT),null,1818,74830,198776,V,Income Tax Refunds Issued,Classification,4,2025,2,2025,1,03,31
2025-03-28,Taxes - Business Tax Refunds (Checks),null,28,10211,46370,V,Income Tax Refunds Issued,Classification,1,2025,2,2025,1,03,28
2025-03-28,Taxes - Business Tax Refunds (EFT),null,2,1421,7137,V,Income Tax Refunds Issued,Classification,2,2025,2,2025,1,03,28
2025-03-28,Taxes - Individual Tax Refunds (Checks),null,1222,6742,30399,V,Income Tax Refunds Issued,Classification,3,2025,2,2025,1,03,28
2025-03-28,Taxes - Individual Tax Refunds (EFT),null,1972,73011,196958,V,Income Tax Refunds Issued,Classification,4,2025,2,2025,1,03,28
2025-03-27,Taxes - Business Tax Refunds (Checks),null,31,10184,46342,V,Income Tax Refunds Issued,Classification,1,2025,2,2025,1,03,27
2025-03-27,Taxes - Business Tax Refunds (EFT),null,270,1419,7134,V,Income Tax Refunds Issued,Classification,2,2025,2,2025,1,03,27
2025-03-27,Taxes - Individual Tax Refunds (Checks),null,118,5521,29177,V,Income Tax Refunds Issued,Classification,3,2025,2,2025,1,03,27
2025-03-27,Taxes - Individual Tax Refunds (EFT),null,1086,71040,194986,V,Income Tax Refunds Issued,Classification,4,2025,2,2025,1,03,27
2025-03-26,Taxes - Business Tax Refunds (Checks),null,48,10152,46311,V,Income Tax Refunds Issued,Classification,1,2025,2,2025,1,03,26
2025-03-26,Taxes - Business Tax Refunds (EFT),null,0,1150,6865,V,Income Tax Refunds Issued,Classification,2,2025,2,2025,1,03,26
2025-03-26,Taxes - Individual Tax Refunds (Checks),null,141,5402,29059,V,Income Tax Refunds Issued,Classification,3,2025,2,2025,1,03,26
2025-03-26,Taxes - Individual Tax Refunds (EFT),null,9212,69954,193900,V,Income Tax Refunds Issued,Classification,4,2025,2,2025,1,03,26
2025-03-25,Taxes - Business Tax Refunds (Checks),null,3041,10104,46263,V,Income Tax Refunds Issued,Classification,1,2025,2,2025,1,03,25
2025-03-25,Taxes - Business Tax Refunds (EFT),null,56,1150,6865,V,Income Tax Refunds Issued,Classification,2,2025,2,2025,1,03,25
2025-03-25,Taxes - Individual Tax Refunds (Checks),null,154,5261,28918,V,Income Tax Refunds Issued,Classification,3,2025,2,2025,1,03,25
2025-03-25,Taxes - Individual Tax Refunds (EFT),null,1179,60742,184688,V,Income Tax Refunds Issued,Classification,4,2025,2,2025,1,03,25
2025-03-24,Taxes - Business Tax Refunds (Checks),null,7,7063,43222,V,Income Tax Refunds Issued,Classification,1,2025,2,2025,1,03,24
2025-03-24,Taxes - Business Tax Refunds (EFT),null,178,1094,6809,V,Income Tax Refunds Issued,Classification,2,2025,2,2025,1,03,24
2025-03-24,Taxes - Individual Tax Refunds (Checks),null,118,5107,28764,V,Income Tax Refunds Issued,Classification,3,2025,2,2025,1,03,24
2025-03-24,Taxes - Individual Tax Refunds (EFT),null,1855,59563,183509,V,Income Tax Refunds Issued,Classification,4,2025,2,2025,1,03,24
2025-03-21,Taxes - Business Tax Refunds (Checks),null,59,7056,43215,V,Income Tax Refunds Issued,Classification,1,2025,2,2025,1,03,21
2025-03-21,Taxes - Business Tax Refunds (EFT),null,37,916,6631,V,Income Tax Refunds Issued,Classification,2,2025,2,2025,1,03,21
2025-03-21,Taxes - Individual Tax Refunds (Checks),null,1256,4990,28646,V,Income Tax Refunds Issued,Classification,3,2025,2,2025,1,03,21
2025-03-21,Taxes - Individual Tax Refunds (EFT),null,2109,57707,181654,V,Income Tax Refunds Issued,Classification,4,2025,2,2025,1,03,21
2025-03-20,Taxes - Business Tax Refunds (Checks),null,10,6998,43156,V,Income Tax Refunds Issued,Classification,1,2025,2,2025,1,03,20
2025-03-20,Taxes - Business Tax Refunds (EFT),null,-1,879,6594,V,Income Tax Refunds Issued,Classification,2,2025,2,2025,1,03,20
2025-03-20,Taxes - Individual Tax Refunds (Checks),null,109,3734,27390,V,Income Tax Refunds Issued,Classification,3,2025,2,2025,1,03,20
2025-03-20,Taxes - Individual Tax Refunds (EFT),null,1161,55598,179545,V,Income Tax Refunds Issued,Classification,4,2025,2,2025,1,03,20
2025-03-19,Taxes - Business Tax Refunds (Checks),null,16,6988,43146,V,Income Tax Refunds Issued,Classification,1,2025,2,2025,1,03,19
2025-03-19,Taxes - Business Tax Refunds (EFT),null,5,880,6595,V,Income Tax Refunds Issued,Classification,2,2025,2,2025,1,03,19
2025-03-19,Taxes - Individual Tax Refunds (Checks),null,113,3625,27281,V,Income Tax Refunds Issued,Classification,3,2025,2,2025,1,03,19
2025-03-19,Taxes - Individual Tax Refunds (EFT),null,10063,54437,178384,V,Income Tax Refunds Issued,Classification,4,2025,2,2025,1,03,19
2025-03-18,Taxes - Business Tax Refunds (Checks),null,2399,6972,43130,V,Income Tax Refunds Issued,Classification,1,2025,2,2025,1,03,18
2025-03-18,Taxes - Business Tax Refunds (EFT),null,47,875,6590,V,Income Tax Refunds Issued,Classification,2,2025,2,2025,1,03,18
2025-03-18,Taxes - Individual Tax Refunds (Checks),null,154,3511,27168,V,Income Tax Refunds Issued,Classification,3,2025,2,2025,1,03,18
2025-03-18,Taxes - Individual Tax Refunds (EFT),null,1276,44374,168320,V,Income Tax Refunds Issued,Classification,4,2025,2,2025,1,03,18
2025-03-17,Taxes - Business Tax Refunds (Checks),null,68,4573,40732,V,Income Tax Refunds Issued,Classification,1,2025,2,2025,1,03,17
2025-03-17,Taxes - Business Tax Refunds (EFT),null,4,828,6543,V,Income Tax Refunds Issued,Classification,2,2025,2,2025,1,03,17
2025-03-17,Taxes - Individual Tax Refunds (Checks),null,153,3358,27014,V,Income Tax Refunds Issued,Classification,3,2025,2,2025,1,03,17
2025-03-17,Taxes - Individual Tax Refunds (EFT),null,2025,43098,167044,V,Income Tax Refunds Issued,Classification,4,2025,2,2025,1,03,17
2025-03-14,Taxes - Business Tax Refunds (Checks),null,35,4505,40664,V,Income Tax Refunds Issued,Classification,1,2025,2,2025,1,03,14
2025-03-14,Taxes - Business Tax Refunds (EFT),null,76,824,6539,V,Income Tax Refunds Issued,Classification,2,2025,2,2025,1,03,14
2025-03-14,Taxes - Individual Tax Refunds (Checks),null,1073,3204,26861,V,Income Tax Refunds Issued,Classification,3,2025,2,2025,1,03,14
2025-03-14,Taxes - Individual Tax Refunds (EFT),null,2437,41073,165020,V,Income Tax Refunds Issued,Classification,4,2025,2,2025,1,03,14
2025-03-13,Taxes - Business Tax Refunds (Checks),null,38,4470,40628,V,Income Tax Refunds Issued,Classification,1,2025,2,2025,1,03,13
2025-03-13,Taxes - Business Tax Refunds (EFT),null,51,747,6463,V,Income Tax Refunds Issued,Classification,2,2025,2,2025,1,03,13
2025-03-13,Taxes - Individual Tax Refunds (Checks),null,128,2131,25788,V,Income Tax Refunds Issued,Classification,3,2025,2,2025,1,03,13
2025-03-13,Taxes - Individual Tax Refunds (EFT),null,1300,38636,162583,V,Income Tax Refunds Issued,Classification,4,2025,2,2025,1,03,13
2025-03-12,Taxes - Business Tax Refunds (Checks),null,2,4432,40591,V,Income Tax Refunds Issued,Classification,1,2025,2,2025,1,03,12
2025-03-12,Taxes - Business Tax Refunds (EFT),null,3,697,6412,V,Income Tax Refunds Issued,Classification,2,2025,2,2025,1,03,12
2025-03-12,Taxes - Individual Tax Refunds (Checks),null,118,2004,25660,V,Income Tax Refunds Issued,Classification,3,2025,2,2025,1,03,12
2025-03-12,Taxes - Individual Tax Refunds (EFT),null,11331,37336,161283,V,Income Tax Refunds Issued,Classification,4,2025,2,2025,1,03,12
2025-03-11,Taxes - Business Tax Refunds (Checks),null,2161,4430,40588,V,Income Tax Refunds Issued,Classification,1,2025,2,2025,1,03,11
2025-03-11,Taxes - Business Tax Refunds (EFT),null,-7,694,6409,V,Income Tax Refunds Issued,Classification,2,2025,2,2025,1,03,11
2025-03-11,Taxes - Individual Tax Refunds (Checks),null,162,1886,25542,V,Income Tax Refunds Issued,Classification,3,2025,2,2025,1,03,11
2025-03-11,Taxes - Individual Tax Refunds (EFT),null,1544,26005,149952,V,Income Tax Refunds Issued,Classification,4,2025,2,2025,1,03,11
2025-03-10,Taxes - Business Tax Refunds (Checks),null,17,2269,38427,V,Income Tax Refunds Issued,Classification,1,2025,2,2025,1,03,10
2025-03-10,Taxes - Business Tax Refunds (EFT),null,45,701,6416,V,Income Tax Refunds Issued,Classification,2,2025,2,2025,1,03,10
2025-03-10,Taxes - Individual Tax Refunds (Checks),null,100,1724,25380,V,Income Tax Refunds Issued,Classification,3,2025,2,2025,1,03,10
2025-03-10,Taxes - Individual Tax Refunds (EFT),null,2389,24462,148408,V,Income Tax Refunds Issued,Classification,4,2025,2,2025,1,03,10
2025-03-07,Taxes - Business Tax Refunds (Checks),null,34,2252,38410,V,Income Tax Refunds Issued,Classification,1,2025,2,2025,1,03,07
2025-03-07,Taxes - Business Tax Refunds (EFT),null,266,656,6371,V,Income Tax Refunds Issued,Classification,2,2025,2,2025,1,03,07
2025-03-07,Taxes - Individual Tax Refunds (Checks),null,1016,1624,25280,V,Income Tax Refunds Issued,Classification,3,2025,2,2025,1,03,07
2025-03-07,Taxes - Individual Tax Refunds (EFT),null,2749,22073,146020,V,Income Tax Refunds Issued,Classification,4,2025,2,2025,1,03,07
2025-03-06,Taxes - Business Tax Refunds (Checks),null,13,2218,38376,V,Income Tax Refunds Issued,Classification,1,2025,2,2025,1,03,06
2025-03-06,Taxes - Business Tax Refunds (EFT),null,290,390,6105,V,Income Tax Refunds Issued,Classification,2,2025,2,2025,1,03,06
2025-03-06,Taxes - Individual Tax Refunds (Checks),null,161,607,24264,V,Income Tax Refunds Issued,Classification,3,2025,2,2025,1,03,06
2025-03-06,Taxes - Individual Tax Refunds (EFT),null,1468,19324,143271,V,Income Tax Refunds Issued,Classification,4,2025,2,2025,1,03,06
2025-03-05,Taxes - Business Tax Refunds (Checks),null,110,2204,38363,V,Income Tax Refunds Issued,Classification,1,2025,2,2025,1,03,05
2025-03-05,Taxes - Business Tax Refunds (EFT),null,26,99,5814,V,Income Tax Refunds Issued,Classification,2,2025,2,2025,1,03,05
2025-03-05,Taxes - Individual Tax Refunds (Checks),null,150,446,24102,V,Income Tax Refunds Issued,Classification,3,2025,2,2025,1,03,05
2025-03-05,Taxes - Individual Tax Refunds (EFT),null,12776,17857,141803,V,Income Tax Refunds Issued,Classification,4,2025,2,2025,1,03,05
2025-03-04,Taxes - Business Tax Refunds (Checks),null,2072,2095,38253,V,Income Tax Refunds Issued,Classification,1,2025,2,2025,1,03,04
2025-03-04,Taxes - Business Tax Refunds (EFT),null,12,73,5788,V,Income Tax Refunds Issued,Classification,2,2025,2,2025,1,03,04
2025-03-04,Taxes - Individual Tax Refunds (Checks),null,160,296,23952,V,Income Tax Refunds Issued,Classification,3,2025,2,2025,1,03,04
2025-03-04,Taxes - Individual Tax Refunds (EFT),null,2396,5080,129027,V,Income Tax Refunds Issued,Classification,4,2025,2,2025,1,03,04
2025-03-03,Taxes - Business Tax Refunds (Checks),null,22,22,36181,V,Income Tax Refunds Issued,Classification,1,2025,2,2025,1,03,03
2025-03-03,Taxes - Business Tax Refunds (EFT),null,61,61,5777,V,Income Tax Refunds Issued,Classification,2,2025,2,2025,1,03,03
2025-03-03,Taxes - Individual Tax Refunds (Checks),null,136,136,23792,V,Income Tax Refunds Issued,Classification,3,2025,2,2025,1,03,03
2025-03-03,Taxes - Individual Tax Refunds (EFT),null,2684,2684,126631,V,Income Tax Refunds Issued,Classification,4,2025,2,2025,1,03,03
2025-02-28,Taxes - Business Tax Refunds (Checks),null,44,10056,36159,V,Income Tax Refunds Issued,Classification,1,2025,2,2025,1,02,28
2025-02-28,Taxes - Business Tax Refunds (EFT),null,81,963,5715,V,Income Tax Refunds Issued,Classification,2,2025,2,2025,1,02,28
2025-02-28,Taxes - Individual Tax Refunds (Checks),null,850,4067,23656,V,Income Tax Refunds Issued,Classification,3,2025,2,2025,1,02,28
2025-02-28,Taxes - Individual Tax Refunds (EFT),null,2274,101769,123947,V,Income Tax Refunds Issued,Classification,4,2025,2,2025,1,02,28
2025-02-27,Taxes - Business Tax Refunds (Checks),null,14,10012,36115,V,Income Tax Refunds Issued,Classification,1,2025,2,2025,1,02,27
2025-02-27,Taxes - Business Tax Refunds (EFT),null,36,882,5634,V,Income Tax Refunds Issued,Classification,2,2025,2,2025,1,02,27
2025-02-27,Taxes - Individual Tax Refunds (Checks),null,247,3217,22806,V,Income Tax Refunds Issued,Classification,3,2025,2,2025,1,02,27
2025-02-27,Taxes - Individual Tax Refunds (EFT),null,1619,99496,121673,V,Income Tax Refunds Issued,Classification,4,2025,2,2025,1,02,27
2025-02-26,Taxes - Business Tax Refunds (Checks),null,3,9998,36101,V,Income Tax Refunds Issued,Classification,1,2025,2,2025,1,02,26
2025-02-26,Taxes - Business Tax Refunds (EFT),null,144,846,5599,V,Income Tax Refunds Issued,Classification,2,2025,2,2025,1,02,26
2025-02-26,Taxes - Individual Tax Refunds (Checks),null,416,2970,22560,V,Income Tax Refunds Issued,Classification,3,2025,2,2025,1,02,26
2025-02-26,Taxes - Individual Tax Refunds (EFT),null,29341,97877,120054,V,Income Tax Refunds Issued,Classification,4,2025,2,2025,1,02,26
2025-02-25,Taxes - Business Tax Refunds (Checks),null,2140,9995,36098,V,Income Tax Refunds Issued,Classification,1,2025,2,2025,1,02,25
2025-02-25,Taxes - Business Tax Refunds (EFT),null,22,702,5455,V,Income Tax Refunds Issued,Classification,2,2025,2,2025,1,02,25
2025-02-25,Taxes - Individual Tax Refunds (Checks),null,47,2555,22144,V,Income Tax Refunds Issued,Classification,3,2025,2,2025,1,02,25
2025-02-25,Taxes - Individual Tax Refunds (EFT),null,13967,68536,90713,V,Income Tax Refunds Issued,Classification,4,2025,2,2025,1,02,25
2025-02-24,Taxes - Business Tax Refunds (Checks),null,12,7856,33959,V,Income Tax Refunds Issued,Classification,1,2025,2,2025,1,02,24
2025-02-24,Taxes - Business Tax Refunds (EFT),null,0,681,5433,V,Income Tax Refunds Issued,Classification,2,2025,2,2025,1,02,24
2025-02-24,Taxes - Individual Tax Refunds (Checks),null,690,2507,22097,V,Income Tax Refunds Issued,Classification,3,2025,2,2025,1,02,24
2025-02-24,Taxes - Individual Tax Refunds (EFT),null,26057,54569,76746,V,Income Tax Refunds Issued,Classification,4,2025,2,2025,1,02,24
2025-02-21,Taxes - Business Tax Refunds (Checks),null,1,7844,33947,V,Income Tax Refunds Issued,Classification,1,2025,2,2025,1,02,21
2025-02-21,Taxes - Business Tax Refunds (EFT),null,67,681,5433,V,Income Tax Refunds Issued,Classification,2,2025,2,2025,1,02,21
2025-02-21,Taxes - Individual Tax Refunds (Checks),null,52,1817,21406,V,Income Tax Refunds Issued,Classification,3,2025,2,2025,1,02,21
2025-02-21,Taxes - Individual Tax Refunds (EFT),null,926,28512,50689,V,Income Tax Refunds Issued,Classification,4,2025,2,2025,1,02,21
2025-02-20,Taxes - Business Tax Refunds (Checks),null,22,7843,33945,V,Income Tax Refunds Issued,Classification,1,2025,2,2025,1,02,20
2025-02-20,Taxes - Business Tax Refunds (EFT),null,48,614,5366,V,Income Tax Refunds Issued,Classification,2,2025,2,2025,1,02,20
2025-02-20,Taxes - Individual Tax Refunds (Checks),null,71,1765,21354,V,Income Tax Refunds Issued,Classification,3,2025,2,2025,1,02,20
2025-02-20,Taxes - Individual Tax Refunds (EFT),null,7247,27585,49762,V,Income Tax Refunds Issued,Classification,4,2025,2,2025,1,02,20
2025-02-19,Taxes - Business Tax Refunds (Checks),null,27,7821,33924,V,Income Tax Refunds Issued,Classification,1,2025,2,2025,1,02,19
2025-02-19,Taxes - Business Tax Refunds (EFT),null,0,565,5318,V,Income Tax Refunds Issued,Classification,2,2025,2,2025,1,02,19
2025-02-19,Taxes - Individual Tax Refunds (Checks),null,56,1694,21283,V,Income Tax Refunds Issued,Classification,3,2025,2,2025,1,02,19
2025-02-19,Taxes - Individual Tax Refunds (EFT),null,1099,20338,42516,V,Income Tax Refunds Issued,Classification,4,2025,2,2025,1,02,19
2025-02-18,Taxes - Business Tax Refunds (Checks),null,3260,7794,33897,V,Income Tax Refunds Issued,Classification,1,2025,2,2025,1,02,18
2025-02-18,Taxes - Business Tax Refunds (EFT),null,59,565,5318,V,Income Tax Refunds Issued,Classification,2,2025,2,2025,1,02,18
2025-02-18,Taxes - Individual Tax Refunds (Checks),null,35,1638,21227,V,Income Tax Refunds Issued,Classification,3,2025,2,2025,1,02,18
2025-02-18,Taxes - Individual Tax Refunds (EFT),null,1885,19240,41417,V,Income Tax Refunds Issued,Classification,4,2025,2,2025,1,02,18
2025-02-14,Taxes - Business Tax Refunds (Checks),null,107,4534,30637,V,Income Tax Refunds Issued,Classification,1,2025,2,2025,1,02,14
2025-02-14,Taxes - Business Tax Refunds (EFT),null,0,506,5259,V,Income Tax Refunds Issued,Classification,2,2025,2,2025,1,02,14
2025-02-14,Taxes - Individual Tax Refunds (Checks),null,642,1603,21193,V,Income Tax Refunds Issued,Classification,3,2025,2,2025,1,02,14
2025-02-14,Taxes - Individual Tax Refunds (EFT),null,1709,17355,39532,V,Income Tax Refunds Issued,Classification,4,2025,2,2025,1,02,14
2025-02-13,Taxes - Business Tax Refunds (Checks),null,65,4427,30530,V,Income Tax Refunds Issued,Classification,1,2025,2,2025,1,02,13
2025-02-13,Taxes - Business Tax Refunds (EFT),null,108,506,5259,V,Income Tax Refunds Issued,Classification,2,2025,2,2025,1,02,13
2025-02-13,Taxes - Individual Tax Refunds (Checks),null,37,962,20551,V,Income Tax Refunds Issued,Classification,3,2025,2,2025,1,02,13
2025-02-13,Taxes - Individual Tax Refunds (EFT),null,902,15646,37823,V,Income Tax Refunds Issued,Classification,4,2025,2,2025,1,02,13
2025-02-12,Taxes - Business Tax Refunds (Checks),null,3,4362,30465,V,Income Tax Refunds Issued,Classification,1,2025,2,2025,1,02,12
2025-02-12,Taxes - Business Tax Refunds (EFT),null,66,399,5151,V,Income Tax Refunds Issued,Classification,2,2025,2,2025,1,02,12
2025-02-12,Taxes - Individual Tax Refunds (Checks),null,118,925,20514,V,Income Tax Refunds Issued,Classification,3,2025,2,2025,1,02,12
2025-02-12,Taxes - Individual Tax Refunds (EFT),null,5823,14745,36922,V,Income Tax Refunds Issued,Classification,4,2025,2,2025,1,02,12
2025-02-11,Taxes - Business Tax Refunds (Checks),null,2210,4359,30462,V,Income Tax Refunds Issued,Classification,1,2025,2,2025,1,02,11
2025-02-11,Taxes - Business Tax Refunds (EFT),null,44,333,5085,V,Income Tax Refunds Issued,Classification,2,2025,2,2025,1,02,11
2025-02-11,Taxes - Individual Tax Refunds (Checks),null,23,806,20396,V,Income Tax Refunds Issued,Classification,3,2025,2,2025,1,02,11
2025-02-11,Taxes - Individual Tax Refunds (EFT),null,1120,8922,31099,V,Income Tax Refunds Issued,Classification,4,2025,2,2025,1,02,11
2025-02-10,Taxes - Business Tax Refunds (Checks),null,32,2149,28252,V,Income Tax Refunds Issued,Classification,1,2025,2,2025,1,02,10
2025-02-10,Taxes - Business Tax Refunds (EFT),null,0,289,5042,V,Income Tax Refunds Issued,Classification,2,2025,2,2025,1,02,10
2025-02-10,Taxes - Individual Tax Refunds (Checks),null,22,783,20373,V,Income Tax Refunds Issued,Classification,3,2025,2,2025,1,02,10
2025-02-10,Taxes - Individual Tax Refunds (EFT),null,2025,7802,29979,V,Income Tax Refunds Issued,Classification,4,2025,2,2025,1,02,10
2025-02-07,Taxes - Business Tax Refunds (Checks),null,27,2117,28219,V,Income Tax Refunds Issued,Classification,1,2025,2,2025,1,02,07
2025-02-07,Taxes - Business Tax Refunds (EFT),null,82,289,5041,V,Income Tax Refunds Issued,Classification,2,2025,2,2025,1,02,07
2025-02-07,Taxes - Individual Tax Refunds (Checks),null,676,761,20350,V,Income Tax Refunds Issued,Classification,3,2025,2,2025,1,02,07
2025-02-07,Taxes - Individual Tax Refunds (EFT),null,658,5777,27955,V,Income Tax Refunds Issued,Classification,4,2025,2,2025,1,02,07
2025-02-06,Taxes - Business Tax Refunds (Checks),null,12,2090,28192,V,Income Tax Refunds Issued,Classification,1,2025,2,2025,1,02,06
2025-02-06,Taxes - Business Tax Refunds (EFT),null,14,206,4959,V,Income Tax Refunds Issued,Classification,2,2025,2,2025,1,02,06
2025-02-06,Taxes - Individual Tax Refunds (Checks),null,31,85,19675,V,Income Tax Refunds Issued,Classification,3,2025,2,2025,1,02,06
2025-02-06,Taxes - Individual Tax Refunds (EFT),null,431,5119,27296,V,Income Tax Refunds Issued,Classification,4,2025,2,2025,1,02,06
2025-02-05,Taxes - Business Tax Refunds (Checks),null,4,2078,28181,V,Income Tax Refunds Issued,Classification,1,2025,2,2025,1,02,05
2025-02-05,Taxes - Business Tax Refunds (EFT),null,48,193,4945,V,Income Tax Refunds Issued,Classification,2,2025,2,2025,1,02,05
2025-02-05,Taxes - Individual Tax Refunds (Checks),null,22,54,19644,V,Income Tax Refunds Issued,Classification,3,2025,2,2025,1,02,05
2025-02-05,Taxes - Individual Tax Refunds (EFT),null,3024,4688,26865,V,Income Tax Refunds Issued,Classification,4,2025,2,2025,1,02,05
2025-02-04,Taxes - Business Tax Refunds (Checks),null,2062,2075,28177,V,Income Tax Refunds Issued,Classification,1,2025,2,2025,1,02,04
2025-02-04,Taxes - Business Tax Refunds (EFT),null,37,145,4898,V,Income Tax Refunds Issued,Classification,2,2025,2,2025,1,02,04
2025-02-04,Taxes - Individual Tax Refunds (Checks),null,26,32,19621,V,Income Tax Refunds Issued,Classification,3,2025,2,2025,1,02,04
2025-02-04,Taxes - Individual Tax Refunds (EFT),null,1219,1664,23841,V,Income Tax Refunds Issued,Classification,4,2025,2,2025,1,02,04
2025-02-03,Taxes - Business Tax Refunds (Checks),null,12,12,26115,V,Income Tax Refunds Issued,Classification,1,2025,2,2025,1,02,03
2025-02-03,Taxes - Business Tax Refunds (EFT),null,108,108,4861,V,Income Tax Refunds Issued,Classification,2,2025,2,2025,1,02,03
2025-02-03,Taxes - Individual Tax Refunds (Checks),null,6,6,19595,V,Income Tax Refunds Issued,Classification,3,2025,2,2025,1,02,03
2025-02-03,Taxes - Individual Tax Refunds (EFT),null,445,445,22622,V,Income Tax Refunds Issued,Classification,4,2025,2,2025,1,02,03
2025-01-31,Taxes - Business Tax Refunds (Checks),null,24,2726,26103,V,Income Tax Refunds Issued,Classification,1,2025,2,2025,1,01,31
2025-01-31,Taxes - Business Tax Refunds (EFT),null,0,1266,4753,V,Income Tax Refunds Issued,Classification,2,2025,2,2025,1,01,31
2025-01-31,Taxes - Individual Tax Refunds (Checks),null,569,1468,19589,V,Income Tax Refunds Issued,Classification,3,2025,2,2025,1,01,31
2025-01-31,Taxes - Individual Tax Refunds (EFT),null,333,1755,22177,V,Income Tax Refunds Issued,Classification,4,2025,2,2025,1,01,31
2025-01-30,Taxes - Business Tax Refunds (Checks),null,5,2702,26079,V,Income Tax Refunds Issued,Classification,1,2025,2,2025,1,01,30
2025-01-30,Taxes - Business Tax Refunds (EFT),null,-4,1266,4753,V,Income Tax Refunds Issued,Classification,2,2025,2,2025,1,01,30
2025-01-30,Taxes - Individual Tax Refunds (Checks),null,40,899,19021,V,Income Tax Refunds Issued,Classification,3,2025,2,2025,1,01,30
2025-01-30,Taxes - Individual Tax Refunds (EFT),null,-5,1422,21844,V,Income Tax Refunds Issued,Classification,4,2025,2,2025,1,01,30
2025-01-29,Taxes - Business Tax Refunds (Checks),null,15,2697,26074,V,Income Tax Refunds Issued,Classification,1,2025,2,2025,1,01,29
2025-01-29,Taxes - Business Tax Refunds (EFT),null,751,1270,4756,V,Income Tax Refunds Issued,Classification,2,2025,2,2025,1,01,29
2025-01-29,Taxes - Individual Tax Refunds (Checks),null,129,859,18981,V,Income Tax Refunds Issued,Classification,3,2025,2,2025,1,01,29
2025-01-29,Taxes - Individual Tax Refunds (EFT),null,931,1427,21849,V,Income Tax Refunds Issued,Classification,4,2025,2,2025,1,01,29
2025-01-28,Taxes - Business Tax Refunds (Checks),null,25,2682,26059,V,Income Tax Refunds Issued,Classification,1,2025,2,2025,1,01,28
2025-01-28,Taxes - Business Tax Refunds (EFT),null,146,519,4006,V,Income Tax Refunds Issued,Classification,2,2025,2,2025,1,01,28
2025-01-28,Taxes - Individual Tax Refunds (Checks),null,9,731,18852,V,Income Tax Refunds Issued,Classification,3,2025,2,2025,1,01,28
2025-01-28,Taxes - Individual Tax Refunds (EFT),null,244,497,20919,V,Income Tax Refunds Issued,Classification,4,2025,2,2025,1,01,28
2025-01-27,Taxes - Business Tax Refunds (Checks),null,81,2657,26034,V,Income Tax Refunds Issued,Classification,1,2025,2,2025,1,01,27
2025-01-27,Taxes - Business Tax Refunds (EFT),null,276,373,3860,V,Income Tax Refunds Issued,Classification,2,2025,2,2025,1,01,27
2025-01-27,Taxes - Individual Tax Refunds (Checks),null,7,722,18843,V,Income Tax Refunds Issued,Classification,3,2025,2,2025,1,01,27
2025-01-27,Taxes - Individual Tax Refunds (EFT),null,113,253,20675,V,Income Tax Refunds Issued,Classification,4,2025,2,2025,1,01,27
2025-01-24,Taxes - Business Tax Refunds (Checks),null,14,2576,25953,V,Income Tax Refunds Issued,Classification,1,2025,2,2025,1,01,24
2025-01-24,Taxes - Business Tax Refunds (EFT),null,0,98,3584,V,Income Tax Refunds Issued,Classification,2,2025,2,2025,1,01,24
2025-01-24,Taxes - Individual Tax Refunds (Checks),null,6,715,18836,V,Income Tax Refunds Issued,Classification,3,2025,2,2025,1,01,24
2025-01-24,Taxes - Individual Tax Refunds (EFT),null,3,140,20562,V,Income Tax Refunds Issued,Classification,4,2025,2,2025,1,01,24
2025-01-23,Taxes - Business Tax Refunds (Checks),null,12,2563,25939,V,Income Tax Refunds Issued,Classification,1,2025,2,2025,1,01,23
2025-01-23,Taxes - Business Tax Refunds (EFT),null,26,98,3584,V,Income Tax Refunds Issued,Classification,2,2025,2,2025,1,01,23
2025-01-23,Taxes - Individual Tax Refunds (Checks),null,4,709,18830,V,Income Tax Refunds Issued,Classification,3,2025,2,2025,1,01,23
2025-01-23,Taxes - Individual Tax Refunds (EFT),null,0,137,20559,V,Income Tax Refunds Issued,Classification,4,2025,2,2025,1,01,23
2025-01-22,Taxes - Business Tax Refunds (Checks),null,5,2550,25927,V,Income Tax Refunds Issued,Classification,1,2025,2,2025,1,01,22
2025-01-22,Taxes - Business Tax Refunds (EFT),null,-1,72,3558,V,Income Tax Refunds Issued,Classification,2,2025,2,2025,1,01,22
2025-01-22,Taxes - Individual Tax Refunds (Checks),null,7,705,18826,V,Income Tax Refunds Issued,Classification,3,2025,2,2025,1,01,22
2025-01-22,Taxes - Individual Tax Refunds (EFT),null,0,136,20559,V,Income Tax Refunds Issued,Classification,4,2025,2,2025,1,01,22
2025-01-21,Taxes - Business Tax Refunds (Checks),null,65,2546,25922,V,Income Tax Refunds Issued,Classification,1,2025,2,2025,1,01,21
2025-01-21,Taxes - Business Tax Refunds (EFT),null,0,72,3559,V,Income Tax Refunds Issued,Classification,2,2025,2,2025,1,01,21
2025-01-21,Taxes - Individual Tax Refunds (Checks),null,6,698,18819,V,Income Tax Refunds Issued,Classification,3,2025,2,2025,1,01,21
2025-01-21,Taxes - Individual Tax Refunds (EFT),null,0,137,20559,V,Income Tax Refunds Issued,Classification,4,2025,2,2025,1,01,21
2025-01-17,Taxes - Business Tax Refunds (Checks),null,11,2480,25857,V,Income Tax Refunds Issued,Classification,1,2025,2,2025,1,01,17
2025-01-17,Taxes - Business Tax Refunds (EFT),null,-1,72,3559,V,Income Tax Refunds Issued,Classification,2,2025,2,2025,1,01,17
2025-01-17,Taxes - Individual Tax Refunds (Checks),null,9,692,18813,V,Income Tax Refunds Issued,Classification,3,2025,2,2025,1,01,17
2025-01-17,Taxes - Individual Tax Refunds (EFT),null,0,137,20559,V,Income Tax Refunds Issued,Classification,4,2025,2,2025,1,01,17
2025-01-16,Taxes - Business Tax Refunds (Checks),null,8,2469,25846,V,Income Tax Refunds Issued,Classification,1,2025,2,2025,1,01,16
2025-01-16,Taxes - Business Tax Refunds (EFT),null,-1,73,3559,V,Income Tax Refunds Issued,Classification,2,2025,2,2025,1,01,16
2025-01-16,Taxes - Individual Tax Refunds (Checks),null,5,683,18805,V,Income Tax Refunds Issued,Classification,3,2025,2,2025,1,01,16
2025-01-16,Taxes - Individual Tax Refunds (EFT),null,0,137,20559,V,Income Tax Refunds Issued,Classification,4,2025,2,2025,1,01,16
2025-01-15,Taxes - Business Tax Refunds (Checks),null,1,2461,25838,V,Income Tax Refunds Issued,Classification,1,2025,2,2025,1,01,15
2025-01-15,Taxes - Business Tax Refunds (EFT),null,0,74,3560,V,Income Tax Refunds Issued,Classification,2,2025,2,2025,1,01,15
2025-01-15,Taxes - Individual Tax Refunds (Checks),null,4,678,18800,V,Income Tax Refunds Issued,Classification,3,2025,2,2025,1,01,15
2025-01-15,Taxes - Individual Tax Refunds (EFT),null,0,137,20559,V,Income Tax Refunds Issued,Classification,4,2025,2,2025,1,01,15
2025-01-14,Taxes - Business Tax Refunds (Checks),null,948,2460,25837,V,Income Tax Refunds Issued,Classification,1,2025,2,2025,1,01,14
2025-01-14,Taxes - Business Tax Refunds (EFT),null,-5,74,3560,V,Income Tax Refunds Issued,Classification,2,2025,2,2025,1,01,14
2025-01-14,Taxes - Individual Tax Refunds (Checks),null,1,674,18795,V,Income Tax Refunds Issued,Classification,3,2025,2,2025,1,01,14
2025-01-14,Taxes - Individual Tax Refunds (EFT),null,0,137,20559,V,Income Tax Refunds Issued,Classification,4,2025,2,2025,1,01,14
2025-01-13,Taxes - Business Tax Refunds (Checks),null,1,1512,24889,V,Income Tax Refunds Issued,Classification,1,2025,2,2025,1,01,13
2025-01-13,Taxes - Business Tax Refunds (EFT),null,0,79,3565,V,Income Tax Refunds Issued,Classification,2,2025,2,2025,1,01,13
2025-01-13,Taxes - Individual Tax Refunds (Checks),null,4,673,18794,V,Income Tax Refunds Issued,Classification,3,2025,2,2025,1,01,13
2025-01-13,Taxes - Individual Tax Refunds (EFT),null,-6,137,20559,V,Income Tax Refunds Issued,Classification,4,2025,2,2025,1,01,13
2025-01-10,Taxes - Business Tax Refunds (Checks),null,16,1511,24888,V,Income Tax Refunds Issued,Classification,1,2025,2,2025,1,01,10
2025-01-10,Taxes - Business Tax Refunds (EFT),null,-2,79,3565,V,Income Tax Refunds Issued,Classification,2,2025,2,2025,1,01,10
2025-01-10,Taxes - Individual Tax Refunds (Checks),null,2,668,18790,V,Income Tax Refunds Issued,Classification,3,2025,2,2025,1,01,10
2025-01-10,Taxes - Individual Tax Refunds (EFT),null,0,143,20565,V,Income Tax Refunds Issued,Classification,4,2025,2,2025,1,01,10
2025-01-09,Taxes - Business Tax Refunds (Checks),null,0,1495,24872,V,Income Tax Refunds Issued,Classification,1,2025,2,2025,1,01,09
2025-01-09,Taxes - Business Tax Refunds (EFT),null,6,81,3567,V,Income Tax Refunds Issued,Classification,2,2025,2,2025,1,01,09
2025-01-09,Taxes - Individual Tax Refunds (Checks),null,2,666,18788,V,Income Tax Refunds Issued,Classification,3,2025,2,2025,1,01,09
2025-01-09,Taxes - Individual Tax Refunds (EFT),null,0,143,20565,V,Income Tax Refunds Issued,Classification,4,2025,2,2025,1,01,09
2025-01-08,Taxes - Business Tax Refunds (Checks),null,3,1495,24872,V,Income Tax Refunds Issued,Classification,1,2025,2,2025,1,01,08
2025-01-08,Taxes - Business Tax Refunds (EFT),null,1,75,3561,V,Income Tax Refunds Issued,Classification,2,2025,2,2025,1,01,08
2025-01-08,Taxes - Individual Tax Refunds (Checks),null,1,664,18786,V,Income Tax Refunds Issued,Classification,3,2025,2,2025,1,01,08
2025-01-08,Taxes - Individual Tax Refunds (EFT),null,0,143,20565,V,Income Tax Refunds Issued,Classification,4,2025,2,2025,1,01,08
2025-01-07,Taxes - Business Tax Refunds (Checks),null,1492,1492,24868,V,Income Tax Refunds Issued,Classification,1,2025,2,2025,1,01,07
2025-01-07,Taxes - Business Tax Refunds (EFT),null,78,74,3560,V,Income Tax Refunds Issued,Classification,2,2025,2,2025,1,01,07
2025-01-07,Taxes - Individual Tax Refunds (Checks),null,1,663,18784,V,Income Tax Refunds Issued,Classification,3,2025,2,2025,1,01,07
2025-01-07,Taxes - Individual Tax Refunds (EFT),null,0,143,20565,V,Income Tax Refunds Issued,Classification,4,2025,2,2025,1,01,07
2025-01-06,Taxes - Business Tax Refunds (Checks),null,0,0,23377,V,Income Tax Refunds Issued,Classification,1,2025,2,2025,1,01,06
2025-01-06,Taxes - Business Tax Refunds (EFT),null,0,-4,3482,V,Income Tax Refunds Issued,Classification,2,2025,2,2025,1,01,06
2025-01-06,Taxes - Individual Tax Refunds (Checks),null,652,662,18783,V,Income Tax Refunds Issued,Classification,3,2025,2,2025,1,01,06
2025-01-06,Taxes - Individual Tax Refunds (EFT),null,-3,143,20565,V,Income Tax Refunds Issued,Classification,4,2025,2,2025,1,01,06
2025-01-03,Taxes - Business Tax Refunds (Checks),null,0,0,23377,V,Income Tax Refunds Issued,Classification,1,2025,2,2025,1,01,03
2025-01-03,Taxes - Business Tax Refunds (EFT),null,-1,-4,3482,V,Income Tax Refunds Issued,Classification,2,2025,2,2025,1,01,03
2025-01-03,Taxes - Individual Tax Refunds (Checks),null,0,10,18131,V,Income Tax Refunds Issued,Classification,3,2025,2,2025,1,01,03
2025-01-03,Taxes - Individual Tax Refunds (EFT),null,-2,147,20569,V,Income Tax Refunds Issued,Classification,4,2025,2,2025,1,01,03
2025-01-02,Taxes - Business Tax Refunds (Checks),null,0,0,23377,V,Income Tax Refunds Issued,Classification,1,2025,2,2025,1,01,02
2025-01-02,Taxes - Business Tax Refunds (EFT),null,-3,-3,3484,V,Income Tax Refunds Issued,Classification,2,2025,2,2025,1,01,02
2025-01-02,Taxes - Individual Tax Refunds (Checks),null,10,10,18131,V,Income Tax Refunds Issued,Classification,3,2025,2,2025,1,01,02
2025-01-02,Taxes - Individual Tax Refunds (EFT),null,149,149,20571,V,Income Tax Refunds Issued,Classification,4,2025,2,2025,1,01,02
2024-12-31,Taxes - Business Tax Refunds (Checks),null,1049,7364,23377,V,Income Tax Refunds Issued,Classification,1,2025,1,2024,4,12,31
2024-12-31,Taxes - Business Tax Refunds (EFT),null,62,850,3486,V,Income Tax Refunds Issued,Classification,2,2025,1,2024,4,12,31
2024-12-31,Taxes - Individual Tax Refunds (Checks),null,8,4586,18121,V,Income Tax Refunds Issued,Classification,3,2025,1,2024,4,12,31
2024-12-31,Taxes - Individual Tax Refunds (EFT),null,0,2179,20422,V,Income Tax Refunds Issued,Classification,4,2025,1,2024,4,12,31
2024-12-30,Taxes - Business Tax Refunds (Checks),null,0,6315,22328,V,Income Tax Refunds Issued,Classification,1,2025,1,2024,4,12,30
2024-12-30,Taxes - Business Tax Refunds (EFT),null,0,788,3424,V,Income Tax Refunds Issued,Classification,2,2025,1,2024,4,12,30
2024-12-30,Taxes - Individual Tax Refunds (Checks),null,1756,4578,18113,V,Income Tax Refunds Issued,Classification,3,2025,1,2024,4,12,30
2024-12-30,Taxes - Individual Tax Refunds (EFT),null,-14,2179,20422,V,Income Tax Refunds Issued,Classification,4,2025,1,2024,4,12,30
2024-12-27,Taxes - Business Tax Refunds (Checks),null,0,6315,22328,V,Income Tax Refunds Issued,Classification,1,2025,1,2024,4,12,27
2024-12-27,Taxes - Business Tax Refunds (EFT),null,-1,789,3425,V,Income Tax Refunds Issued,Classification,2,2025,1,2024,4,12,27
2024-12-27,Taxes - Individual Tax Refunds (Checks),null,20,2822,16357,V,Income Tax Refunds Issued,Classification,3,2025,1,2024,4,12,27
2024-12-27,Taxes - Individual Tax Refunds (EFT),null,-2,2193,20436,V,Income Tax Refunds Issued,Classification,4,2025,1,2024,4,12,27
2024-12-26,Taxes - Business Tax Refunds (Checks),null,0,6315,22328,V,Income Tax Refunds Issued,Classification,1,2025,1,2024,4,12,26
2024-12-26,Taxes - Business Tax Refunds (EFT),null,-3,790,3426,V,Income Tax Refunds Issued,Classification,2,2025,1,2024,4,12,26
2024-12-26,Taxes - Individual Tax Refunds (Checks),null,12,2802,16337,V,Income Tax Refunds Issued,Classification,3,2025,1,2024,4,12,26
2024-12-26,Taxes - Individual Tax Refunds (EFT),null,912,2195,20439,V,Income Tax Refunds Issued,Classification,4,2025,1,2024,4,12,26
2024-12-24,Taxes - Business Tax Refunds (Checks),null,1422,6315,22328,V,Income Tax Refunds Issued,Classification,1,2025,1,2024,4,12,24
2024-12-24,Taxes - Business Tax Refunds (EFT),null,29,793,3429,V,Income Tax Refunds Issued,Classification,2,2025,1,2024,4,12,24
2024-12-24,Taxes - Individual Tax Refunds (Checks),null,9,2790,16326,V,Income Tax Refunds Issued,Classification,3,2025,1,2024,4,12,24
2024-12-24,Taxes - Individual Tax Refunds (EFT),null,8,1283,19527,V,Income Tax Refunds Issued,Classification,4,2025,1,2024,4,12,24
2024-12-23,Taxes - Business Tax Refunds (Checks),null,0,4893,20906,V,Income Tax Refunds Issued,Classification,1,2025,1,2024,4,12,23
2024-12-23,Taxes - Business Tax Refunds (EFT),null,-3,764,3400,V,Income Tax Refunds Issued,Classification,2,2025,1,2024,4,12,23
2024-12-23,Taxes - Individual Tax Refunds (Checks),null,11,2781,16317,V,Income Tax Refunds Issued,Classification,3,2025,1,2024,4,12,23
2024-12-23,Taxes - Individual Tax Refunds (EFT),null,5,1275,19518,V,Income Tax Refunds Issued,Classification,4,2025,1,2024,4,12,23
2024-12-20,Taxes - Business Tax Refunds (Checks),null,0,4893,20906,V,Income Tax Refunds Issued,Classification,1,2025,1,2024,4,12,20
2024-12-20,Taxes - Business Tax Refunds (EFT),null,0,767,3403,V,Income Tax Refunds Issued,Classification,2,2025,1,2024,4,12,20
2024-12-20,Taxes - Individual Tax Refunds (Checks),null,570,2770,16306,V,Income Tax Refunds Issued,Classification,3,2025,1,2024,4,12,20
2024-12-20,Taxes - Individual Tax Refunds (EFT),null,0,1270,19513,V,Income Tax Refunds Issued,Classification,4,2025,1,2024,4,12,20
2024-12-19,Taxes - Business Tax Refunds (Checks),null,0,4893,20906,V,Income Tax Refunds Issued,Classification,1,2025,1,2024,4,12,19
2024-12-19,Taxes - Business Tax Refunds (EFT),null,-4,767,3403,V,Income Tax Refunds Issued,Classification,2,2025,1,2024,4,12,19
2024-12-19,Taxes - Individual Tax Refunds (Checks),null,28,2200,15735,V,Income Tax Refunds Issued,Classification,3,2025,1,2024,4,12,19
2024-12-19,Taxes - Individual Tax Refunds (EFT),null,6,1269,19513,V,Income Tax Refunds Issued,Classification,4,2025,1,2024,4,12,19
2024-12-18,Taxes - Business Tax Refunds (Checks),null,0,4893,20906,V,Income Tax Refunds Issued,Classification,1,2025,1,2024,4,12,18
2024-12-18,Taxes - Business Tax Refunds (EFT),null,-6,770,3406,V,Income Tax Refunds Issued,Classification,2,2025,1,2024,4,12,18
2024-12-18,Taxes - Individual Tax Refunds (Checks),null,11,2172,15708,V,Income Tax Refunds Issued,Classification,3,2025,1,2024,4,12,18
2024-12-18,Taxes - Individual Tax Refunds (EFT),null,333,1263,19507,V,Income Tax Refunds Issued,Classification,4,2025,1,2024,4,12,18
2024-12-17,Taxes - Business Tax Refunds (Checks),null,1156,4892,20905,V,Income Tax Refunds Issued,Classification,1,2025,1,2024,4,12,17
2024-12-17,Taxes - Business Tax Refunds (EFT),null,93,776,3412,V,Income Tax Refunds Issued,Classification,2,2025,1,2024,4,12,17
2024-12-17,Taxes - Individual Tax Refunds (Checks),null,10,2161,15696,V,Income Tax Refunds Issued,Classification,3,2025,1,2024,4,12,17
2024-12-17,Taxes - Individual Tax Refunds (EFT),null,9,930,19173,V,Income Tax Refunds Issued,Classification,4,2025,1,2024,4,12,17
2024-12-16,Taxes - Business Tax Refunds (Checks),null,10,3736,19749,V,Income Tax Refunds Issued,Classification,1,2025,1,2024,4,12,16
2024-12-16,Taxes - Business Tax Refunds (EFT),null,42,683,3319,V,Income Tax Refunds Issued,Classification,2,2025,1,2024,4,12,16
2024-12-16,Taxes - Individual Tax Refunds (Checks),null,44,2151,15686,V,Income Tax Refunds Issued,Classification,3,2025,1,2024,4,12,16
2024-12-16,Taxes - Individual Tax Refunds (EFT),null,14,921,19164,V,Income Tax Refunds Issued,Classification,4,2025,1,2024,4,12,16
2024-12-13,Taxes - Business Tax Refunds (Checks),null,122,3726,19739,V,Income Tax Refunds Issued,Classification,1,2025,1,2024,4,12,13
2024-12-13,Taxes - Business Tax Refunds (EFT),null,5,641,3277,V,Income Tax Refunds Issued,Classification,2,2025,1,2024,4,12,13
2024-12-13,Taxes - Individual Tax Refunds (Checks),null,874,2107,15642,V,Income Tax Refunds Issued,Classification,3,2025,1,2024,4,12,13
2024-12-13,Taxes - Individual Tax Refunds (EFT),null,36,907,19150,V,Income Tax Refunds Issued,Classification,4,2025,1,2024,4,12,13
2024-12-12,Taxes - Business Tax Refunds (Checks),null,27,3603,19616,V,Income Tax Refunds Issued,Classification,1,2025,1,2024,4,12,12
2024-12-12,Taxes - Business Tax Refunds (EFT),null,287,636,3272,V,Income Tax Refunds Issued,Classification,2,2025,1,2024,4,12,12
2024-12-12,Taxes - Individual Tax Refunds (Checks),null,34,1233,14768,V,Income Tax Refunds Issued,Classification,3,2025,1,2024,4,12,12
2024-12-12,Taxes - Individual Tax Refunds (EFT),null,22,870,19114,V,Income Tax Refunds Issued,Classification,4,2025,1,2024,4,12,12
2024-12-11,Taxes - Business Tax Refunds (Checks),null,26,3576,19589,V,Income Tax Refunds Issued,Classification,1,2025,1,2024,4,12,11
2024-12-11,Taxes - Business Tax Refunds (EFT),null,37,349,2985,V,Income Tax Refunds Issued,Classification,2,2025,1,2024,4,12,11
2024-12-11,Taxes - Individual Tax Refunds (Checks),null,17,1199,14734,V,Income Tax Refunds Issued,Classification,3,2025,1,2024,4,12,11
2024-12-11,Taxes - Individual Tax Refunds (EFT),null,479,849,19092,V,Income Tax Refunds Issued,Classification,4,2025,1,2024,4,12,11
2024-12-10,Taxes - Business Tax Refunds (Checks),null,2094,3550,19563,V,Income Tax Refunds Issued,Classification,1,2025,1,2024,4,12,10
2024-12-10,Taxes - Business Tax Refunds (EFT),null,94,312,2948,V,Income Tax Refunds Issued,Classification,2,2025,1,2024,4,12,10
2024-12-10,Taxes - Individual Tax Refunds (Checks),null,15,1182,14718,V,Income Tax Refunds Issued,Classification,3,2025,1,2024,4,12,10
2024-12-10,Taxes - Individual Tax Refunds (EFT),null,18,370,18613,V,Income Tax Refunds Issued,Classification,4,2025,1,2024,4,12,10
2024-12-09,Taxes - Business Tax Refunds (Checks),null,448,1456,17468,V,Income Tax Refunds Issued,Classification,1,2025,1,2024,4,12,09
2024-12-09,Taxes - Business Tax Refunds (EFT),null,5,218,2853,V,Income Tax Refunds Issued,Classification,2,2025,1,2024,4,12,09
2024-12-09,Taxes - Individual Tax Refunds (Checks),null,43,1168,14703,V,Income Tax Refunds Issued,Classification,3,2025,1,2024,4,12,09
2024-12-09,Taxes - Individual Tax Refunds (EFT),null,38,351,18595,V,Income Tax Refunds Issued,Classification,4,2025,1,2024,4,12,09
2024-12-06,Taxes - Business Tax Refunds (Checks),null,9,1007,17020,V,Income Tax Refunds Issued,Classification,1,2025,1,2024,4,12,06
2024-12-06,Taxes - Business Tax Refunds (EFT),null,1,213,2849,V,Income Tax Refunds Issued,Classification,2,2025,1,2024,4,12,06
2024-12-06,Taxes - Individual Tax Refunds (Checks),null,259,1124,14659,V,Income Tax Refunds Issued,Classification,3,2025,1,2024,4,12,06
2024-12-06,Taxes - Individual Tax Refunds (EFT),null,37,313,18557,V,Income Tax Refunds Issued,Classification,4,2025,1,2024,4,12,06
2024-12-05,Taxes - Business Tax Refunds (Checks),null,16,998,17011,V,Income Tax Refunds Issued,Classification,1,2025,1,2024,4,12,05
2024-12-05,Taxes - Business Tax Refunds (EFT),null,58,212,2848,V,Income Tax Refunds Issued,Classification,2,2025,1,2024,4,12,05
2024-12-05,Taxes - Individual Tax Refunds (Checks),null,15,866,14401,V,Income Tax Refunds Issued,Classification,3,2025,1,2024,4,12,05
2024-12-05,Taxes - Individual Tax Refunds (EFT),null,26,276,18520,V,Income Tax Refunds Issued,Classification,4,2025,1,2024,4,12,05
2024-12-04,Taxes - Business Tax Refunds (Checks),null,13,982,16995,V,Income Tax Refunds Issued,Classification,1,2025,1,2024,4,12,04
2024-12-04,Taxes - Business Tax Refunds (EFT),null,0,154,2790,V,Income Tax Refunds Issued,Classification,2,2025,1,2024,4,12,04
2024-12-04,Taxes - Individual Tax Refunds (Checks),null,21,851,14386,V,Income Tax Refunds Issued,Classification,3,2025,1,2024,4,12,04
2024-12-04,Taxes - Individual Tax Refunds (EFT),null,225,250,18493,V,Income Tax Refunds Issued,Classification,4,2025,1,2024,4,12,04
2024-12-03,Taxes - Business Tax Refunds (Checks),null,948,969,16981,V,Income Tax Refunds Issued,Classification,1,2025,1,2024,4,12,03
2024-12-03,Taxes - Business Tax Refunds (EFT),null,154,154,2790,V,Income Tax Refunds Issued,Classification,2,2025,1,2024,4,12,03
2024-12-03,Taxes - Individual Tax Refunds (Checks),null,17,830,14366,V,Income Tax Refunds Issued,Classification,3,2025,1,2024,4,12,03
2024-12-03,Taxes - Individual Tax Refunds (EFT),null,17,25,18268,V,Income Tax Refunds Issued,Classification,4,2025,1,2024,4,12,03
2024-12-02,Taxes - Business Tax Refunds (Checks),null,20,20,16033,V,Income Tax Refunds Issued,Classification,1,2025,1,2024,4,12,02
2024-12-02,Taxes - Business Tax Refunds (EFT),null,0,0,2636,V,Income Tax Refunds Issued,Classification,2,2025,1,2024,4,12,02
2024-12-02,Taxes - Individual Tax Refunds (Checks),null,813,813,14348,V,Income Tax Refunds Issued,Classification,3,2025,1,2024,4,12,02
2024-12-02,Taxes - Individual Tax Refunds (EFT),null,7,7,18251,V,Income Tax Refunds Issued,Classification,4,2025,1,2024,4,12,02
2024-11-29,Taxes - Business Tax Refunds (Checks),null,16,6460,16013,V,Income Tax Refunds Issued,Classification,1,2025,1,2024,4,11,29
2024-11-29,Taxes - Business Tax Refunds (EFT),null,21,1051,2636,V,Income Tax Refunds Issued,Classification,2,2025,1,2024,4,11,29
2024-11-29,Taxes - Individual Tax Refunds (Checks),null,43,8565,13535,V,Income Tax Refunds Issued,Classification,3,2025,1,2024,4,11,29
2024-11-29,Taxes - Individual Tax Refunds (EFT),null,19,4681,18243,V,Income Tax Refunds Issued,Classification,4,2025,1,2024,4,11,29
2024-11-27,Taxes - Business Tax Refunds (Checks),null,13,6444,15997,V,Income Tax Refunds Issued,Classification,1,2025,1,2024,4,11,27
2024-11-27,Taxes - Business Tax Refunds (EFT),null,0,1031,2615,V,Income Tax Refunds Issued,Classification,2,2025,1,2024,4,11,27
2024-11-27,Taxes - Individual Tax Refunds (Checks),null,43,8522,13492,V,Income Tax Refunds Issued,Classification,3,2025,1,2024,4,11,27
2024-11-27,Taxes - Individual Tax Refunds (EFT),null,404,4662,18224,V,Income Tax Refunds Issued,Classification,4,2025,1,2024,4,11,27
2024-11-26,Taxes - Business Tax Refunds (Checks),null,948,6431,15984,V,Income Tax Refunds Issued,Classification,1,2025,1,2024,4,11,26
2024-11-26,Taxes - Business Tax Refunds (EFT),null,40,1031,2615,V,Income Tax Refunds Issued,Classification,2,2025,1,2024,4,11,26
2024-11-26,Taxes - Individual Tax Refunds (Checks),null,20,8479,13449,V,Income Tax Refunds Issued,Classification,3,2025,1,2024,4,11,26
2024-11-26,Taxes - Individual Tax Refunds (EFT),null,27,4258,17821,V,Income Tax Refunds Issued,Classification,4,2025,1,2024,4,11,26
2024-11-25,Taxes - Business Tax Refunds (Checks),null,14,5483,15035,V,Income Tax Refunds Issued,Classification,1,2025,1,2024,4,11,25
2024-11-25,Taxes - Business Tax Refunds (EFT),null,7,990,2575,V,Income Tax Refunds Issued,Classification,2,2025,1,2024,4,11,25
2024-11-25,Taxes - Individual Tax Refunds (Checks),null,44,8459,13429,V,Income Tax Refunds Issued,Classification,3,2025,1,2024,4,11,25
2024-11-25,Taxes - Individual Tax Refunds (EFT),null,15,4231,17794,V,Income Tax Refunds Issued,Classification,4,2025,1,2024,4,11,25
2024-11-22,Taxes - Business Tax Refunds (Checks),null,64,5469,15022,V,Income Tax Refunds Issued,Classification,1,2025,1,2024,4,11,22
2024-11-22,Taxes - Business Tax Refunds (EFT),null,379,983,2568,V,Income Tax Refunds Issued,Classification,2,2025,1,2024,4,11,22
2024-11-22,Taxes - Individual Tax Refunds (Checks),null,690,8415,13385,V,Income Tax Refunds Issued,Classification,3,2025,1,2024,4,11,22
2024-11-22,Taxes - Individual Tax Refunds (EFT),null,5,4216,17779,V,Income Tax Refunds Issued,Classification,4,2025,1,2024,4,11,22
2024-11-21,Taxes - Business Tax Refunds (Checks),null,361,5405,14957,V,Income Tax Refunds Issued,Classification,1,2025,1,2024,4,11,21
2024-11-21,Taxes - Business Tax Refunds (EFT),null,68,603,2188,V,Income Tax Refunds Issued,Classification,2,2025,1,2024,4,11,21
2024-11-21,Taxes - Individual Tax Refunds (Checks),null,31,7726,12696,V,Income Tax Refunds Issued,Classification,3,2025,1,2024,4,11,21
2024-11-21,Taxes - Individual Tax Refunds (EFT),null,51,4210,17773,V,Income Tax Refunds Issued,Classification,4,2025,1,2024,4,11,21
2024-11-20,Taxes - Business Tax Refunds (Checks),null,32,5043,14596,V,Income Tax Refunds Issued,Classification,1,2025,1,2024,4,11,20
2024-11-20,Taxes - Business Tax Refunds (EFT),null,-2,536,2121,V,Income Tax Refunds Issued,Classification,2,2025,1,2024,4,11,20
2024-11-20,Taxes - Individual Tax Refunds (Checks),null,21,7695,12665,V,Income Tax Refunds Issued,Classification,3,2025,1,2024,4,11,20
2024-11-20,Taxes - Individual Tax Refunds (EFT),null,489,4160,17722,V,Income Tax Refunds Issued,Classification,4,2025,1,2024,4,11,20
2024-11-19,Taxes - Business Tax Refunds (Checks),null,1448,5012,14564,V,Income Tax Refunds Issued,Classification,1,2025,1,2024,4,11,19
2024-11-19,Taxes - Business Tax Refunds (EFT),null,92,537,2122,V,Income Tax Refunds Issued,Classification,2,2025,1,2024,4,11,19
2024-11-19,Taxes - Individual Tax Refunds (Checks),null,52,7674,12644,V,Income Tax Refunds Issued,Classification,3,2025,1,2024,4,11,19
2024-11-19,Taxes - Individual Tax Refunds (EFT),null,29,3671,17233,V,Income Tax Refunds Issued,Classification,4,2025,1,2024,4,11,19
2024-11-18,Taxes - Business Tax Refunds (Checks),null,70,3564,13116,V,Income Tax Refunds Issued,Classification,1,2025,1,2024,4,11,18
2024-11-18,Taxes - Business Tax Refunds (EFT),null,12,445,2030,V,Income Tax Refunds Issued,Classification,2,2025,1,2024,4,11,18
2024-11-18,Taxes - Individual Tax Refunds (Checks),null,2041,7622,12592,V,Income Tax Refunds Issued,Classification,3,2025,1,2024,4,11,18
2024-11-18,Taxes - Individual Tax Refunds (EFT),null,17,3642,17205,V,Income Tax Refunds Issued,Classification,4,2025,1,2024,4,11,18
2024-11-15,Taxes - Business Tax Refunds (Checks),null,6,3494,13046,V,Income Tax Refunds Issued,Classification,1,2025,1,2024,4,11,15
2024-11-15,Taxes - Business Tax Refunds (EFT),null,22,433,2018,V,Income Tax Refunds Issued,Classification,2,2025,1,2024,4,11,15
2024-11-15,Taxes - Individual Tax Refunds (Checks),null,66,5581,10551,V,Income Tax Refunds Issued,Classification,3,2025,1,2024,4,11,15
2024-11-15,Taxes - Individual Tax Refunds (EFT),null,147,3625,17188,V,Income Tax Refunds Issued,Classification,4,2025,1,2024,4,11,15
2024-11-14,Taxes - Business Tax Refunds (Checks),null,1,3488,13040,V,Income Tax Refunds Issued,Classification,1,2025,1,2024,4,11,14
2024-11-14,Taxes - Business Tax Refunds (EFT),null,-3,411,1996,V,Income Tax Refunds Issued,Classification,2,2025,1,2024,4,11,14
2024-11-14,Taxes - Individual Tax Refunds (Checks),null,101,5515,10486,V,Income Tax Refunds Issued,Classification,3,2025,1,2024,4,11,14
2024-11-14,Taxes - Individual Tax Refunds (EFT),null,821,3478,17041,V,Income Tax Refunds Issued,Classification,4,2025,1,2024,4,11,14
2024-11-13,Taxes - Business Tax Refunds (Checks),null,9,3486,13039,V,Income Tax Refunds Issued,Classification,1,2025,1,2024,4,11,13
2024-11-13,Taxes - Business Tax Refunds (EFT),null,198,414,1999,V,Income Tax Refunds Issued,Classification,2,2025,1,2024,4,11,13
2024-11-13,Taxes - Individual Tax Refunds (Checks),null,15,5414,10385,V,Income Tax Refunds Issued,Classification,3,2025,1,2024,4,11,13
2024-11-13,Taxes - Individual Tax Refunds (EFT),null,27,2657,16220,V,Income Tax Refunds Issued,Classification,4,2025,1,2024,4,11,13
2024-11-12,Taxes - Business Tax Refunds (Checks),null,1860,3477,13030,V,Income Tax Refunds Issued,Classification,1,2025,1,2024,4,11,12
2024-11-12,Taxes - Business Tax Refunds (EFT),null,117,217,1802,V,Income Tax Refunds Issued,Classification,2,2025,1,2024,4,11,12
2024-11-12,Taxes - Individual Tax Refunds (Checks),null,88,5399,10369,V,Income Tax Refunds Issued,Classification,3,2025,1,2024,4,11,12
2024-11-12,Taxes - Individual Tax Refunds (EFT),null,22,2630,16193,V,Income Tax Refunds Issued,Classification,4,2025,1,2024,4,11,12
2024-11-08,Taxes - Business Tax Refunds (Checks),null,12,1618,11170,V,Income Tax Refunds Issued,Classification,1,2025,1,2024,4,11,08
2024-11-08,Taxes - Business Tax Refunds (EFT),null,1,99,1684,V,Income Tax Refunds Issued,Classification,2,2025,1,2024,4,11,08
2024-11-08,Taxes - Individual Tax Refunds (Checks),null,2312,5311,10281,V,Income Tax Refunds Issued,Classification,3,2025,1,2024,4,11,08
2024-11-08,Taxes - Individual Tax Refunds (EFT),null,-14,2608,16170,V,Income Tax Refunds Issued,Classification,4,2025,1,2024,4,11,08
2024-11-07,Taxes - Business Tax Refunds (Checks),null,37,1606,11158,V,Income Tax Refunds Issued,Classification,1,2025,1,2024,4,11,07
2024-11-07,Taxes - Business Tax Refunds (EFT),null,0,99,1683,V,Income Tax Refunds Issued,Classification,2,2025,1,2024,4,11,07
2024-11-07,Taxes - Individual Tax Refunds (Checks),null,164,2999,7969,V,Income Tax Refunds Issued,Classification,3,2025,1,2024,4,11,07
2024-11-07,Taxes - Individual Tax Refunds (EFT),null,33,2622,16185,V,Income Tax Refunds Issued,Classification,4,2025,1,2024,4,11,07
2024-11-06,Taxes - Business Tax Refunds (Checks),null,3,1569,11122,V,Income Tax Refunds Issued,Classification,1,2025,1,2024,4,11,06
2024-11-06,Taxes - Business Tax Refunds (EFT),null,3,99,1684,V,Income Tax Refunds Issued,Classification,2,2025,1,2024,4,11,06
2024-11-06,Taxes - Individual Tax Refunds (Checks),null,2,2834,7805,V,Income Tax Refunds Issued,Classification,3,2025,1,2024,4,11,06
2024-11-06,Taxes - Individual Tax Refunds (EFT),null,2365,2589,16152,V,Income Tax Refunds Issued,Classification,4,2025,1,2024,4,11,06
2024-11-05,Taxes - Business Tax Refunds (Checks),null,1527,1566,11119,V,Income Tax Refunds Issued,Classification,1,2025,1,2024,4,11,05
2024-11-05,Taxes - Business Tax Refunds (EFT),null,96,95,1680,V,Income Tax Refunds Issued,Classification,2,2025,1,2024,4,11,05
2024-11-05,Taxes - Individual Tax Refunds (Checks),null,66,2832,7802,V,Income Tax Refunds Issued,Classification,3,2025,1,2024,4,11,05
2024-11-05,Taxes - Individual Tax Refunds (EFT),null,107,224,13787,V,Income Tax Refunds Issued,Classification,4,2025,1,2024,4,11,05
2024-11-04,Taxes - Business Tax Refunds (Checks),null,19,39,9592,V,Income Tax Refunds Issued,Classification,1,2025,1,2024,4,11,04
2024-11-04,Taxes - Business Tax Refunds (EFT),null,0,-1,1584,V,Income Tax Refunds Issued,Classification,2,2025,1,2024,4,11,04
2024-11-04,Taxes - Individual Tax Refunds (Checks),null,75,2766,7736,V,Income Tax Refunds Issued,Classification,3,2025,1,2024,4,11,04
2024-11-04,Taxes - Individual Tax Refunds (EFT),null,-1,117,13680,V,Income Tax Refunds Issued,Classification,4,2025,1,2024,4,11,04
2024-11-01,Taxes - Business Tax Refunds (Checks),null,20,20,9573,V,Income Tax Refunds Issued,Classification,1,2025,1,2024,4,11,01
2024-11-01,Taxes - Business Tax Refunds (EFT),null,-1,-1,1584,V,Income Tax Refunds Issued,Classification,2,2025,1,2024,4,11,01
2024-11-01,Taxes - Individual Tax Refunds (Checks),null,2691,2691,7661,V,Income Tax Refunds Issued,Classification,3,2025,1,2024,4,11,01
2024-11-01,Taxes - Individual Tax Refunds (EFT),null,118,118,13681,V,Income Tax Refunds Issued,Classification,4,2025,1,2024,4,11,01
2024-10-31,Taxes - Business Tax Refunds (Checks),null,13,9552,9552,V,Income Tax Refunds Issued,Classification,1,2025,1,2024,4,10,31
2024-10-31,Taxes - Business Tax Refunds (EFT),null,-6,1585,1585,V,Income Tax Refunds Issued,Classification,2,2025,1,2024,4,10,31
2024-10-31,Taxes - Individual Tax Refunds (Checks),null,282,4970,4970,V,Income Tax Refunds Issued,Classification,3,2025,1,2024,4,10,31
2024-10-31,Taxes - Individual Tax Refunds (EFT),null,37,13563,13563,V,Income Tax Refunds Issued,Classification,4,2025,1,2024,4,10,31
2024-10-30,Taxes - Business Tax Refunds (Checks),null,1,9539,9539,V,Income Tax Refunds Issued,Classification,1,2025,1,2024,4,10,30
2024-10-30,Taxes - Business Tax Refunds (EFT),null,60,1590,1590,V,Income Tax Refunds Issued,Classification,2,2025,1,2024,4,10,30
2024-10-30,Taxes - Individual Tax Refunds (Checks),null,68,4688,4688,V,Income Tax Refunds Issued,Classification,3,2025,1,2024,4,10,30
2024-10-30,Taxes - Individual Tax Refunds (EFT),null,4115,13526,13526,V,Income Tax Refunds Issued,Classification,4,2025,1,2024,4,10,30
2024-10-29,Taxes - Business Tax Refunds (Checks),null,3065,9538,9538,V,Income Tax Refunds Issued,Classification,1,2025,1,2024,4,10,29
2024-10-29,Taxes - Business Tax Refunds (EFT),null,191,1530,1530,V,Income Tax Refunds Issued,Classification,2,2025,1,2024,4,10,29
2024-10-29,Taxes - Individual Tax Refunds (Checks),null,101,4620,4620,V,Income Tax Refunds Issued,Classification,3,2025,1,2024,4,10,29
2024-10-29,Taxes - Individual Tax Refunds (EFT),null,384,9411,9411,V,Income Tax Refunds Issued,Classification,4,2025,1,2024,4,10,29
2024-10-28,Taxes - Business Tax Refunds (Checks),null,80,6473,6473,V,Income Tax Refunds Issued,Classification,1,2025,1,2024,4,10,28
2024-10-28,Taxes - Business Tax Refunds (EFT),null,0,1339,1339,V,Income Tax Refunds Issued,Classification,2,2025,1,2024,4,10,28
2024-10-28,Taxes - Individual Tax Refunds (Checks),null,26,4519,4519,V,Income Tax Refunds Issued,Classification,3,2025,1,2024,4,10,28
2024-10-28,Taxes - Individual Tax Refunds (EFT),null,114,9027,9027,V,Income Tax Refunds Issued,Classification,4,2025,1,2024,4,10,28
2024-10-25,Taxes - Business Tax Refunds (Checks),null,22,6393,6393,V,Income Tax Refunds Issued,Classification,1,2025,1,2024,4,10,25
2024-10-25,Taxes - Business Tax Refunds (EFT),null,0,1339,1339,V,Income Tax Refunds Issued,Classification,2,2025,1,2024,4,10,25
2024-10-25,Taxes - Individual Tax Refunds (Checks),null,1526,4493,4493,V,Income Tax Refunds Issued,Classification,3,2025,1,2024,4,10,25
2024-10-25,Taxes - Individual Tax Refunds (EFT),null,219,8913,8913,V,Income Tax Refunds Issued,Classification,4,2025,1,2024,4,10,25
2024-10-24,Taxes - Business Tax Refunds (Checks),null,26,6370,6370,V,Income Tax Refunds Issued,Classification,1,2025,1,2024,4,10,24
2024-10-24,Taxes - Business Tax Refunds (EFT),null,16,1339,1339,V,Income Tax Refunds Issued,Classification,2,2025,1,2024,4,10,24
2024-10-24,Taxes - Individual Tax Refunds (Checks),null,136,2967,2967,V,Income Tax Refunds Issued,Classification,3,2025,1,2024,4,10,24
2024-10-24,Taxes - Individual Tax Refunds (EFT),null,-26,8694,8694,V,Income Tax Refunds Issued,Classification,4,2025,1,2024,4,10,24
2024-10-23,Taxes - Business Tax Refunds (Checks),null,10,6344,6344,V,Income Tax Refunds Issued,Classification,1,2025,1,2024,4,10,23
2024-10-23,Taxes - Business Tax Refunds (EFT),null,38,1323,1323,V,Income Tax Refunds Issued,Classification,2,2025,1,2024,4,10,23
2024-10-23,Taxes - Individual Tax Refunds (Checks),null,60,2830,2830,V,Income Tax Refunds Issued,Classification,3,2025,1,2024,4,10,23
2024-10-23,Taxes - Individual Tax Refunds (EFT),null,3458,8720,8720,V,Income Tax Refunds Issued,Classification,4,2025,1,2024,4,10,23
2024-10-22,Taxes - Business Tax Refunds (Checks),null,2004,6334,6334,V,Income Tax Refunds Issued,Classification,1,2025,1,2024,4,10,22
2024-10-22,Taxes - Business Tax Refunds (EFT),null,84,1285,1285,V,Income Tax Refunds Issued,Classification,2,2025,1,2024,4,10,22
2024-10-22,Taxes - Individual Tax Refunds (Checks),null,53,2770,2770,V,Income Tax Refunds Issued,Classification,3,2025,1,2024,4,10,22
2024-10-22,Taxes - Individual Tax Refunds (EFT),null,506,5262,5262,V,Income Tax Refunds Issued,Classification,4,2025,1,2024,4,10,22
2024-10-21,Taxes - Business Tax Refunds (Checks),null,15,4330,4330,V,Income Tax Refunds Issued,Classification,1,2025,1,2024,4,10,21
2024-10-21,Taxes - Business Tax Refunds (EFT),null,2,1201,1201,V,Income Tax Refunds Issued,Classification,2,2025,1,2024,4,10,21
2024-10-21,Taxes - Individual Tax Refunds (Checks),null,856,2718,2718,V,Income Tax Refunds Issued,Classification,3,2025,1,2024,4,10,21
2024-10-21,Taxes - Individual Tax Refunds (EFT),null,216,4756,4756,V,Income Tax Refunds Issued,Classification,4,2025,1,2024,4,10,21
2024-10-18,Taxes - Business Tax Refunds (Checks),null,3,4315,4315,V,Income Tax Refunds Issued,Classification,1,2025,1,2024,4,10,18
2024-10-18,Taxes - Business Tax Refunds (EFT),null,687,1199,1199,V,Income Tax Refunds Issued,Classification,2,2025,1,2024,4,10,18
2024-10-18,Taxes - Individual Tax Refunds (Checks),null,56,1862,1862,V,Income Tax Refunds Issued,Classification,3,2025,1,2024,4,10,18
2024-10-18,Taxes - Individual Tax Refunds (EFT),null,132,4539,4539,V,Income Tax Refunds Issued,Classification,4,2025,1,2024,4,10,18
2024-10-17,Taxes - Business Tax Refunds (Checks),null,88,4312,4312,V,Income Tax Refunds Issued,Classification,1,2025,1,2024,4,10,17
2024-10-17,Taxes - Business Tax Refunds (EFT),null,-1,512,512,V,Income Tax Refunds Issued,Classification,2,2025,1,2024,4,10,17
2024-10-17,Taxes - Individual Tax Refunds (Checks),null,32,1806,1806,V,Income Tax Refunds Issued,Classification,3,2025,1,2024,4,10,17
2024-10-17,Taxes - Individual Tax Refunds (EFT),null,1626,4407,4407,V,Income Tax Refunds Issued,Classification,4,2025,1,2024,4,10,17
2024-10-16,Taxes - Business Tax Refunds (Checks),null,1,4224,4224,V,Income Tax Refunds Issued,Classification,1,2025,1,2024,4,10,16
2024-10-16,Taxes - Business Tax Refunds (EFT),null,0,512,512,V,Income Tax Refunds Issued,Classification,2,2025,1,2024,4,10,16
2024-10-16,Taxes - Individual Tax Refunds (Checks),null,37,1774,1774,V,Income Tax Refunds Issued,Classification,3,2025,1,2024,4,10,16
2024-10-16,Taxes - Individual Tax Refunds (EFT),null,181,2781,2781,V,Income Tax Refunds Issued,Classification,4,2025,1,2024,4,10,16
2024-10-15,Taxes - Business Tax Refunds (Checks),null,1101,4223,4223,V,Income Tax Refunds Issued,Classification,1,2025,1,2024,4,10,15
2024-10-15,Taxes - Business Tax Refunds (EFT),null,54,512,512,V,Income Tax Refunds Issued,Classification,2,2025,1,2024,4,10,15
2024-10-15,Taxes - Individual Tax Refunds (Checks),null,45,1736,1736,V,Income Tax Refunds Issued,Classification,3,2025,1,2024,4,10,15
2024-10-15,Taxes - Individual Tax Refunds (EFT),null,111,2600,2600,V,Income Tax Refunds Issued,Classification,4,2025,1,2024,4,10,15
2024-10-11,Taxes - Business Tax Refunds (Checks),null,18,3122,3122,V,Income Tax Refunds Issued,Classification,1,2025,1,2024,4,10,11
2024-10-11,Taxes - Business Tax Refunds (EFT),null,182,458,458,V,Income Tax Refunds Issued,Classification,2,2025,1,2024,4,10,11
2024-10-11,Taxes - Individual Tax Refunds (Checks),null,774,1691,1691,V,Income Tax Refunds Issued,Classification,3,2025,1,2024,4,10,11
2024-10-11,Taxes - Individual Tax Refunds (EFT),null,73,2489,2489,V,Income Tax Refunds Issued,Classification,4,2025,1,2024,4,10,11
2024-10-10,Taxes - Business Tax Refunds (Checks),null,9,3104,3104,V,Income Tax Refunds Issued,Classification,1,2025,1,2024,4,10,10
2024-10-10,Taxes - Business Tax Refunds (EFT),null,1,275,275,V,Income Tax Refunds Issued,Classification,2,2025,1,2024,4,10,10
2024-10-10,Taxes - Individual Tax Refunds (Checks),null,39,917,917,V,Income Tax Refunds Issued,Classification,3,2025,1,2024,4,10,10
2024-10-10,Taxes - Individual Tax Refunds (EFT),null,77,2416,2416,V,Income Tax Refunds Issued,Classification,4,2025,1,2024,4,10,10
2024-10-09,Taxes - Business Tax Refunds (Checks),null,1,3095,3095,V,Income Tax Refunds Issued,Classification,1,2025,1,2024,4,10,09
2024-10-09,Taxes - Business Tax Refunds (EFT),null,-6,274,274,V,Income Tax Refunds Issued,Classification,2,2025,1,2024,4,10,09
2024-10-09,Taxes - Individual Tax Refunds (Checks),null,30,878,878,V,Income Tax Refunds Issued,Classification,3,2025,1,2024,4,10,09
2024-10-09,Taxes - Individual Tax Refunds (EFT),null,1087,2340,2340,V,Income Tax Refunds Issued,Classification,4,2025,1,2024,4,10,09
2024-10-08,Taxes - Business Tax Refunds (Checks),null,1611,3094,3094,V,Income Tax Refunds Issued,Classification,1,2025,1,2024,4,10,08
2024-10-08,Taxes - Business Tax Refunds (EFT),null,139,280,280,V,Income Tax Refunds Issued,Classification,2,2025,1,2024,4,10,08
2024-10-08,Taxes - Individual Tax Refunds (Checks),null,42,848,848,V,Income Tax Refunds Issued,Classification,3,2025,1,2024,4,10,08
2024-10-08,Taxes - Individual Tax Refunds (EFT),null,75,1252,1252,V,Income Tax Refunds Issued,Classification,4,2025,1,2024,4,10,08
2024-10-07,Taxes - Business Tax Refunds (Checks),null,3,1483,1483,V,Income Tax Refunds Issued,Classification,1,2025,1,2024,4,10,07
2024-10-07,Taxes - Business Tax Refunds (EFT),null,7,141,141,V,Income Tax Refunds Issued,Classification,2,2025,1,2024,4,10,07
2024-10-07,Taxes - Individual Tax Refunds (Checks),null,28,806,806,V,Income Tax Refunds Issued,Classification,3,2025,1,2024,4,10,07
2024-10-07,Taxes - Individual Tax Refunds (EFT),null,89,1178,1178,V,Income Tax Refunds Issued,Classification,4,2025,1,2024,4,10,07
2024-10-04,Taxes - Business Tax Refunds (Checks),null,15,1480,1480,V,Income Tax Refunds Issued,Classification,1,2025,1,2024,4,10,04
2024-10-04,Taxes - Business Tax Refunds (EFT),null,0,134,134,V,Income Tax Refunds Issued,Classification,2,2025,1,2024,4,10,04
2024-10-04,Taxes - Individual Tax Refunds (Checks),null,670,778,778,V,Income Tax Refunds Issued,Classification,3,2025,1,2024,4,10,04
2024-10-04,Taxes - Individual Tax Refunds (EFT),null,45,1088,1088,V,Income Tax Refunds Issued,Classification,4,2025,1,2024,4,10,04
2024-10-03,Taxes - Business Tax Refunds (Checks),null,49,1466,1466,V,Income Tax Refunds Issued,Classification,1,2025,1,2024,4,10,03
2024-10-03,Taxes - Business Tax Refunds (EFT),null,0,135,135,V,Income Tax Refunds Issued,Classification,2,2025,1,2024,4,10,03
2024-10-03,Taxes - Individual Tax Refunds (Checks),null,56,108,108,V,Income Tax Refunds Issued,Classification,3,2025,1,2024,4,10,03
2024-10-03,Taxes - Individual Tax Refunds (EFT),null,57,1043,1043,V,Income Tax Refunds Issued,Classification,4,2025,1,2024,4,10,03
2024-10-02,Taxes - Business Tax Refunds (Checks),null,0,1416,1416,V,Income Tax Refunds Issued,Classification,1,2025,1,2024,4,10,02
2024-10-02,Taxes - Business Tax Refunds (EFT),null,0,135,135,V,Income Tax Refunds Issued,Classification,2,2025,1,2024,4,10,02
2024-10-02,Taxes - Individual Tax Refunds (Checks),null,30,52,52,V,Income Tax Refunds Issued,Classification,3,2025,1,2024,4,10,02
2024-10-02,Taxes - Individual Tax Refunds (EFT),null,917,986,986,V,Income Tax Refunds Issued,Classification,4,2025,1,2024,4,10,02
2024-10-01,Taxes - Business Tax Refunds (Checks),null,1416,1416,1416,V,Income Tax Refunds Issued,Classification,1,2025,1,2024,4,10,01
2024-10-01,Taxes - Business Tax Refunds (EFT),null,135,135,135,V,Income Tax Refunds Issued,Classification,2,2025,1,2024,4,10,01
2024-10-01,Taxes - Individual Tax Refunds (Checks),null,23,23,23,V,Income Tax Refunds Issued,Classification,3,2025,1,2024,4,10,01
2024-10-01,Taxes - Individual Tax Refunds (EFT),null,69,69,69,V,Income Tax Refunds Issued,Classification,4,2025,1,2024,4,10,01
2024-09-30,Taxes - Business Tax Refunds (Checks),null,1,5547,63147,V,Income Tax Refunds Issued,Classification,1,2024,4,2024,3,09,30
2024-09-30,Taxes - Business Tax Refunds (EFT),null,3,1217,17502,V,Income Tax Refunds Issued,Classification,2,2024,4,2024,3,09,30
2024-09-30,Taxes - Individual Tax Refunds (Checks),null,43,2995,63417,V,Income Tax Refunds Issued,Classification,3,2024,4,2024,3,09,30
2024-09-30,Taxes - Individual Tax Refunds (EFT),null,67,3945,298885,V,Income Tax Refunds Issued,Classification,4,2024,4,2024,3,09,30
2024-09-27,Taxes - Business Tax Refunds (Checks),null,1,5546,63146,V,Income Tax Refunds Issued,Classification,1,2024,4,2024,3,09,27
2024-09-27,Taxes - Business Tax Refunds (EFT),null,54,1214,17499,V,Income Tax Refunds Issued,Classification,2,2024,4,2024,3,09,27
2024-09-27,Taxes - Individual Tax Refunds (Checks),null,643,2953,63375,V,Income Tax Refunds Issued,Classification,3,2024,4,2024,3,09,27
2024-09-27,Taxes - Individual Tax Refunds (EFT),null,21,3878,298818,V,Income Tax Refunds Issued,Classification,4,2024,4,2024,3,09,27
2024-09-26,Taxes - Business Tax Refunds (Checks),null,25,5545,63144,V,Income Tax Refunds Issued,Classification,1,2024,4,2024,3,09,26
2024-09-26,Taxes - Business Tax Refunds (EFT),null,-1,1161,17446,V,Income Tax Refunds Issued,Classification,2,2024,4,2024,3,09,26
2024-09-26,Taxes - Individual Tax Refunds (Checks),null,107,2310,62732,V,Income Tax Refunds Issued,Classification,3,2024,4,2024,3,09,26
2024-09-26,Taxes - Individual Tax Refunds (EFT),null,50,3857,298797,V,Income Tax Refunds Issued,Classification,4,2024,4,2024,3,09,26
2024-09-25,Taxes - Business Tax Refunds (Checks),null,5,5520,63119,V,Income Tax Refunds Issued,Classification,1,2024,4,2024,3,09,25
2024-09-25,Taxes - Business Tax Refunds (EFT),null,-1,1162,17447,V,Income Tax Refunds Issued,Classification,2,2024,4,2024,3,09,25
2024-09-25,Taxes - Individual Tax Refunds (Checks),null,34,2203,62625,V,Income Tax Refunds Issued,Classification,3,2024,4,2024,3,09,25
2024-09-25,Taxes - Individual Tax Refunds (EFT),null,812,3806,298747,V,Income Tax Refunds Issued,Classification,4,2024,4,2024,3,09,25
2024-09-24,Taxes - Business Tax Refunds (Checks),null,937,5515,63114,V,Income Tax Refunds Issued,Classification,1,2024,4,2024,3,09,24
2024-09-24,Taxes - Business Tax Refunds (EFT),null,172,1163,17447,V,Income Tax Refunds Issued,Classification,2,2024,4,2024,3,09,24
2024-09-24,Taxes - Individual Tax Refunds (Checks),null,39,2169,62590,V,Income Tax Refunds Issued,Classification,3,2024,4,2024,3,09,24
2024-09-24,Taxes - Individual Tax Refunds (EFT),null,71,2994,297934,V,Income Tax Refunds Issued,Classification,4,2024,4,2024,3,09,24
2024-09-23,Taxes - Business Tax Refunds (Checks),null,27,4578,62177,V,Income Tax Refunds Issued,Classification,1,2024,4,2024,3,09,23
2024-09-23,Taxes - Business Tax Refunds (EFT),null,52,991,17276,V,Income Tax Refunds Issued,Classification,2,2024,4,2024,3,09,23
2024-09-23,Taxes - Individual Tax Refunds (Checks),null,26,2130,62552,V,Income Tax Refunds Issued,Classification,3,2024,4,2024,3,09,23
2024-09-23,Taxes - Individual Tax Refunds (EFT),null,76,2923,297863,V,Income Tax Refunds Issued,Classification,4,2024,4,2024,3,09,23
2024-09-20,Taxes - Business Tax Refunds (Checks),null,71,4551,62150,V,Income Tax Refunds Issued,Classification,1,2024,4,2024,3,09,20
2024-09-20,Taxes - Business Tax Refunds (EFT),null,-2,939,17223,V,Income Tax Refunds Issued,Classification,2,2024,4,2024,3,09,20
2024-09-20,Taxes - Individual Tax Refunds (Checks),null,556,2104,62525,V,Income Tax Refunds Issued,Classification,3,2024,4,2024,3,09,20
2024-09-20,Taxes - Individual Tax Refunds (EFT),null,60,2847,297787,V,Income Tax Refunds Issued,Classification,4,2024,4,2024,3,09,20
2024-09-19,Taxes - Business Tax Refunds (Checks),null,37,4480,62080,V,Income Tax Refunds Issued,Classification,1,2024,4,2024,3,09,19
2024-09-19,Taxes - Business Tax Refunds (EFT),null,39,940,17225,V,Income Tax Refunds Issued,Classification,2,2024,4,2024,3,09,19
2024-09-19,Taxes - Individual Tax Refunds (Checks),null,37,1548,61969,V,Income Tax Refunds Issued,Classification,3,2024,4,2024,3,09,19
2024-09-19,Taxes - Individual Tax Refunds (EFT),null,113,2787,297727,V,Income Tax Refunds Issued,Classification,4,2024,4,2024,3,09,19
2024-09-18,Taxes - Business Tax Refunds (Checks),null,7,4443,62042,V,Income Tax Refunds Issued,Classification,1,2024,4,2024,3,09,18
2024-09-18,Taxes - Business Tax Refunds (EFT),null,500,902,17187,V,Income Tax Refunds Issued,Classification,2,2024,4,2024,3,09,18
2024-09-18,Taxes - Individual Tax Refunds (Checks),null,44,1510,61932,V,Income Tax Refunds Issued,Classification,3,2024,4,2024,3,09,18
2024-09-18,Taxes - Individual Tax Refunds (EFT),null,684,2674,297614,V,Income Tax Refunds Issued,Classification,4,2024,4,2024,3,09,18
2024-09-17,Taxes - Business Tax Refunds (Checks),null,1377,4436,62035,V,Income Tax Refunds Issued,Classification,1,2024,4,2024,3,09,17
2024-09-17,Taxes - Business Tax Refunds (EFT),null,139,402,16687,V,Income Tax Refunds Issued,Classification,2,2024,4,2024,3,09,17
2024-09-17,Taxes - Individual Tax Refunds (Checks),null,47,1466,61888,V,Income Tax Refunds Issued,Classification,3,2024,4,2024,3,09,17
2024-09-17,Taxes - Individual Tax Refunds (EFT),null,67,1990,296930,V,Income Tax Refunds Issued,Classification,4,2024,4,2024,3,09,17
2024-09-16,Taxes - Business Tax Refunds (Checks),null,6,3059,60658,V,Income Tax Refunds Issued,Classification,1,2024,4,2024,3,09,16
2024-09-16,Taxes - Business Tax Refunds (EFT),null,9,263,16548,V,Income Tax Refunds Issued,Classification,2,2024,4,2024,3,09,16
2024-09-16,Taxes - Individual Tax Refunds (Checks),null,11,1419,61841,V,Income Tax Refunds Issued,Classification,3,2024,4,2024,3,09,16
2024-09-16,Taxes - Individual Tax Refunds (EFT),null,75,1923,296863,V,Income Tax Refunds Issued,Classification,4,2024,4,2024,3,09,16
2024-09-13,Taxes - Business Tax Refunds (Checks),null,4,3052,60652,V,Income Tax Refunds Issued,Classification,1,2024,4,2024,3,09,13
2024-09-13,Taxes - Business Tax Refunds (EFT),null,71,254,16539,V,Income Tax Refunds Issued,Classification,2,2024,4,2024,3,09,13
2024-09-13,Taxes - Individual Tax Refunds (Checks),null,579,1408,61830,V,Income Tax Refunds Issued,Classification,3,2024,4,2024,3,09,13
2024-09-13,Taxes - Individual Tax Refunds (EFT),null,68,1848,296789,V,Income Tax Refunds Issued,Classification,4,2024,4,2024,3,09,13
2024-09-12,Taxes - Business Tax Refunds (Checks),null,10,3048,60648,V,Income Tax Refunds Issued,Classification,1,2024,4,2024,3,09,12
2024-09-12,Taxes - Business Tax Refunds (EFT),null,12,184,16468,V,Income Tax Refunds Issued,Classification,2,2024,4,2024,3,09,12
2024-09-12,Taxes - Individual Tax Refunds (Checks),null,59,830,61251,V,Income Tax Refunds Issued,Classification,3,2024,4,2024,3,09,12
2024-09-12,Taxes - Individual Tax Refunds (EFT),null,-2,1781,296721,V,Income Tax Refunds Issued,Classification,4,2024,4,2024,3,09,12
2024-09-11,Taxes - Business Tax Refunds (Checks),null,9,3038,60638,V,Income Tax Refunds Issued,Classification,1,2024,4,2024,3,09,11
2024-09-11,Taxes - Business Tax Refunds (EFT),null,12,171,16456,V,Income Tax Refunds Issued,Classification,2,2024,4,2024,3,09,11
2024-09-11,Taxes - Individual Tax Refunds (Checks),null,25,771,61193,V,Income Tax Refunds Issued,Classification,3,2024,4,2024,3,09,11
2024-09-11,Taxes - Individual Tax Refunds (EFT),null,722,1783,296723,V,Income Tax Refunds Issued,Classification,4,2024,4,2024,3,09,11
2024-09-10,Taxes - Business Tax Refunds (Checks),null,1515,3029,60629,V,Income Tax Refunds Issued,Classification,1,2024,4,2024,3,09,10
2024-09-10,Taxes - Business Tax Refunds (EFT),null,110,159,16444,V,Income Tax Refunds Issued,Classification,2,2024,4,2024,3,09,10
2024-09-10,Taxes - Individual Tax Refunds (Checks),null,34,747,61168,V,Income Tax Refunds Issued,Classification,3,2024,4,2024,3,09,10
2024-09-10,Taxes - Individual Tax Refunds (EFT),null,113,1061,296001,V,Income Tax Refunds Issued,Classification,4,2024,4,2024,3,09,10
2024-09-09,Taxes - Business Tax Refunds (Checks),null,75,1514,59114,V,Income Tax Refunds Issued,Classification,1,2024,4,2024,3,09,09
2024-09-09,Taxes - Business Tax Refunds (EFT),null,6,49,16334,V,Income Tax Refunds Issued,Classification,2,2024,4,2024,3,09,09
2024-09-09,Taxes - Individual Tax Refunds (Checks),null,600,712,61134,V,Income Tax Refunds Issued,Classification,3,2024,4,2024,3,09,09
2024-09-09,Taxes - Individual Tax Refunds (EFT),null,57,948,295888,V,Income Tax Refunds Issued,Classification,4,2024,4,2024,3,09,09
2024-09-06,Taxes - Business Tax Refunds (Checks),null,17,1439,59039,V,Income Tax Refunds Issued,Classification,1,2024,4,2024,3,09,06
2024-09-06,Taxes - Business Tax Refunds (EFT),null,0,43,16328,V,Income Tax Refunds Issued,Classification,2,2024,4,2024,3,09,06
2024-09-06,Taxes - Individual Tax Refunds (Checks),null,34,112,60534,V,Income Tax Refunds Issued,Classification,3,2024,4,2024,3,09,06
2024-09-06,Taxes - Individual Tax Refunds (EFT),null,40,890,295830,V,Income Tax Refunds Issued,Classification,4,2024,4,2024,3,09,06
2024-09-05,Taxes - Business Tax Refunds (Checks),null,2,1423,59022,V,Income Tax Refunds Issued,Classification,1,2024,4,2024,3,09,05
2024-09-05,Taxes - Business Tax Refunds (EFT),null,0,43,16328,V,Income Tax Refunds Issued,Classification,2,2024,4,2024,3,09,05
2024-09-05,Taxes - Individual Tax Refunds (Checks),null,27,78,60500,V,Income Tax Refunds Issued,Classification,3,2024,4,2024,3,09,05
2024-09-05,Taxes - Individual Tax Refunds (EFT),null,717,850,295790,V,Income Tax Refunds Issued,Classification,4,2024,4,2024,3,09,05
2024-09-04,Taxes - Business Tax Refunds (Checks),null,1,1420,59020,V,Income Tax Refunds Issued,Classification,1,2024,4,2024,3,09,04
2024-09-04,Taxes - Business Tax Refunds (EFT),null,13,43,16328,V,Income Tax Refunds Issued,Classification,2,2024,4,2024,3,09,04
2024-09-04,Taxes - Individual Tax Refunds (Checks),null,21,52,60474,V,Income Tax Refunds Issued,Classification,3,2024,4,2024,3,09,04
2024-09-04,Taxes - Individual Tax Refunds (EFT),null,54,133,295073,V,Income Tax Refunds Issued,Classification,4,2024,4,2024,3,09,04
2024-09-03,Taxes - Business Tax Refunds (Checks),null,1419,1419,59018,V,Income Tax Refunds Issued,Classification,1,2024,4,2024,3,09,03
2024-09-03,Taxes - Business Tax Refunds (EFT),null,30,30,16315,V,Income Tax Refunds Issued,Classification,2,2024,4,2024,3,09,03
2024-09-03,Taxes - Individual Tax Refunds (Checks),null,31,31,60452,V,Income Tax Refunds Issued,Classification,3,2024,4,2024,3,09,03
2024-09-03,Taxes - Individual Tax Refunds (EFT),null,79,79,295019,V,Income Tax Refunds Issued,Classification,4,2024,4,2024,3,09,03
2024-08-30,Taxes - Business Tax Refunds (Checks),null,9,3591,57600,V,Income Tax Refunds Issued,Classification,1,2024,4,2024,3,08,30
2024-08-30,Taxes - Business Tax Refunds (EFT),null,-15,388,16285,V,Income Tax Refunds Issued,Classification,2,2024,4,2024,3,08,30
2024-08-30,Taxes - Individual Tax Refunds (Checks),null,587,3720,60422,V,Income Tax Refunds Issued,Classification,3,2024,4,2024,3,08,30
2024-08-30,Taxes - Individual Tax Refunds (EFT),null,35,3878,294940,V,Income Tax Refunds Issued,Classification,4,2024,4,2024,3,08,30
2024-08-29,Taxes - Business Tax Refunds (Checks),null,21,3582,57590,V,Income Tax Refunds Issued,Classification,1,2024,4,2024,3,08,29
2024-08-29,Taxes - Business Tax Refunds (EFT),null,0,402,16300,V,Income Tax Refunds Issued,Classification,2,2024,4,2024,3,08,29
2024-08-29,Taxes - Individual Tax Refunds (Checks),null,59,3133,59834,V,Income Tax Refunds Issued,Classification,3,2024,4,2024,3,08,29
2024-08-29,Taxes - Individual Tax Refunds (EFT),null,47,3843,294905,V,Income Tax Refunds Issued,Classification,4,2024,4,2024,3,08,29
2024-08-28,Taxes - Business Tax Refunds (Checks),null,2,3561,57569,V,Income Tax Refunds Issued,Classification,1,2024,4,2024,3,08,28
2024-08-28,Taxes - Business Tax Refunds (EFT),null,45,402,16300,V,Income Tax Refunds Issued,Classification,2,2024,4,2024,3,08,28
2024-08-28,Taxes - Individual Tax Refunds (Checks),null,22,3073,59775,V,Income Tax Refunds Issued,Classification,3,2024,4,2024,3,08,28
2024-08-28,Taxes - Individual Tax Refunds (EFT),null,682,3796,294859,V,Income Tax Refunds Issued,Classification,4,2024,4,2024,3,08,28
2024-08-27,Taxes - Business Tax Refunds (Checks),null,1032,3558,57567,V,Income Tax Refunds Issued,Classification,1,2024,4,2024,3,08,27
2024-08-27,Taxes - Business Tax Refunds (EFT),null,55,357,16254,V,Income Tax Refunds Issued,Classification,2,2024,4,2024,3,08,27
2024-08-27,Taxes - Individual Tax Refunds (Checks),null,25,3051,59753,V,Income Tax Refunds Issued,Classification,3,2024,4,2024,3,08,27
2024-08-27,Taxes - Individual Tax Refunds (EFT),null,57,3114,294176,V,Income Tax Refunds Issued,Classification,4,2024,4,2024,3,08,27
2024-08-26,Taxes - Business Tax Refunds (Checks),null,28,2526,56534,V,Income Tax Refunds Issued,Classification,1,2024,4,2024,3,08,26
2024-08-26,Taxes - Business Tax Refunds (EFT),null,1,302,16199,V,Income Tax Refunds Issued,Classification,2,2024,4,2024,3,08,26
2024-08-26,Taxes - Individual Tax Refunds (Checks),null,27,3026,59728,V,Income Tax Refunds Issued,Classification,3,2024,4,2024,3,08,26
2024-08-26,Taxes - Individual Tax Refunds (EFT),null,49,3057,294120,V,Income Tax Refunds Issued,Classification,4,2024,4,2024,3,08,26
2024-08-23,Taxes - Business Tax Refunds (Checks),null,9,2498,56506,V,Income Tax Refunds Issued,Classification,1,2024,4,2024,3,08,23
2024-08-23,Taxes - Business Tax Refunds (EFT),null,-2,301,16199,V,Income Tax Refunds Issued,Classification,2,2024,4,2024,3,08,23
2024-08-23,Taxes - Individual Tax Refunds (Checks),null,608,2998,59700,V,Income Tax Refunds Issued,Classification,3,2024,4,2024,3,08,23
2024-08-23,Taxes - Individual Tax Refunds (EFT),null,33,3008,294070,V,Income Tax Refunds Issued,Classification,4,2024,4,2024,3,08,23
2024-08-22,Taxes - Business Tax Refunds (Checks),null,24,2488,56497,V,Income Tax Refunds Issued,Classification,1,2024,4,2024,3,08,22
2024-08-22,Taxes - Business Tax Refunds (EFT),null,19,303,16200,V,Income Tax Refunds Issued,Classification,2,2024,4,2024,3,08,22
2024-08-22,Taxes - Individual Tax Refunds (Checks),null,75,2391,59092,V,Income Tax Refunds Issued,Classification,3,2024,4,2024,3,08,22
2024-08-22,Taxes - Individual Tax Refunds (EFT),null,45,2974,294037,V,Income Tax Refunds Issued,Classification,4,2024,4,2024,3,08,22
2024-08-21,Taxes - Business Tax Refunds (Checks),null,1,2464,56473,V,Income Tax Refunds Issued,Classification,1,2024,4,2024,3,08,21
2024-08-21,Taxes - Business Tax Refunds (EFT),null,0,284,16181,V,Income Tax Refunds Issued,Classification,2,2024,4,2024,3,08,21
2024-08-21,Taxes - Individual Tax Refunds (Checks),null,36,2316,59018,V,Income Tax Refunds Issued,Classification,3,2024,4,2024,3,08,21
2024-08-21,Taxes - Individual Tax Refunds (EFT),null,729,2929,293992,V,Income Tax Refunds Issued,Classification,4,2024,4,2024,3,08,21
2024-08-20,Taxes - Business Tax Refunds (Checks),null,983,2463,56472,V,Income Tax Refunds Issued,Classification,1,2024,4,2024,3,08,20
2024-08-20,Taxes - Business Tax Refunds (EFT),null,190,284,16181,V,Income Tax Refunds Issued,Classification,2,2024,4,2024,3,08,20
2024-08-20,Taxes - Individual Tax Refunds (Checks),null,54,2280,58982,V,Income Tax Refunds Issued,Classification,3,2024,4,2024,3,08,20
2024-08-20,Taxes - Individual Tax Refunds (EFT),null,54,2200,293263,V,Income Tax Refunds Issued,Classification,4,2024,4,2024,3,08,20
2024-08-19,Taxes - Business Tax Refunds (Checks),null,6,1480,55488,V,Income Tax Refunds Issued,Classification,1,2024,4,2024,3,08,19
2024-08-19,Taxes - Business Tax Refunds (EFT),null,-14,94,15992,V,Income Tax Refunds Issued,Classification,2,2024,4,2024,3,08,19
2024-08-19,Taxes - Individual Tax Refunds (Checks),null,30,2227,58928,V,Income Tax Refunds Issued,Classification,3,2024,4,2024,3,08,19
2024-08-19,Taxes - Individual Tax Refunds (EFT),null,57,2146,293209,V,Income Tax Refunds Issued,Classification,4,2024,4,2024,3,08,19
2024-08-16,Taxes - Business Tax Refunds (Checks),null,2,1474,55482,V,Income Tax Refunds Issued,Classification,1,2024,4,2024,3,08,16
2024-08-16,Taxes - Business Tax Refunds (EFT),null,-27,108,16005,V,Income Tax Refunds Issued,Classification,2,2024,4,2024,3,08,16
2024-08-16,Taxes - Individual Tax Refunds (Checks),null,646,2196,58898,V,Income Tax Refunds Issued,Classification,3,2024,4,2024,3,08,16
2024-08-16,Taxes - Individual Tax Refunds (EFT),null,50,2090,293152,V,Income Tax Refunds Issued,Classification,4,2024,4,2024,3,08,16
2024-08-15,Taxes - Business Tax Refunds (Checks),null,13,1472,55480,V,Income Tax Refunds Issued,Classification,1,2024,4,2024,3,08,15
2024-08-15,Taxes - Business Tax Refunds (EFT),null,3,135,16032,V,Income Tax Refunds Issued,Classification,2,2024,4,2024,3,08,15
2024-08-15,Taxes - Individual Tax Refunds (Checks),null,45,1550,58252,V,Income Tax Refunds Issued,Classification,3,2024,4,2024,3,08,15
2024-08-15,Taxes - Individual Tax Refunds (EFT),null,55,2039,293102,V,Income Tax Refunds Issued,Classification,4,2024,4,2024,3,08,15
2024-08-14,Taxes - Business Tax Refunds (Checks),null,12,1458,55467,V,Income Tax Refunds Issued,Classification,1,2024,4,2024,3,08,14
2024-08-14,Taxes - Business Tax Refunds (EFT),null,0,132,16030,V,Income Tax Refunds Issued,Classification,2,2024,4,2024,3,08,14
2024-08-14,Taxes - Individual Tax Refunds (Checks),null,38,1506,58207,V,Income Tax Refunds Issued,Classification,3,2024,4,2024,3,08,14
2024-08-14,Taxes - Individual Tax Refunds (EFT),null,804,1984,293047,V,Income Tax Refunds Issued,Classification,4,2024,4,2024,3,08,14
2024-08-13,Taxes - Business Tax Refunds (Checks),null,1021,1446,55454,V,Income Tax Refunds Issued,Classification,1,2024,4,2024,3,08,13
2024-08-13,Taxes - Business Tax Refunds (EFT),null,39,132,16030,V,Income Tax Refunds Issued,Classification,2,2024,4,2024,3,08,13
2024-08-13,Taxes - Individual Tax Refunds (Checks),null,25,1468,58170,V,Income Tax Refunds Issued,Classification,3,2024,4,2024,3,08,13
2024-08-13,Taxes - Individual Tax Refunds (EFT),null,81,1180,292242,V,Income Tax Refunds Issued,Classification,4,2024,4,2024,3,08,13
2024-08-12,Taxes - Business Tax Refunds (Checks),null,1,425,54434,V,Income Tax Refunds Issued,Classification,1,2024,4,2024,3,08,12
2024-08-12,Taxes - Business Tax Refunds (EFT),null,0,93,15991,V,Income Tax Refunds Issued,Classification,2,2024,4,2024,3,08,12
2024-08-12,Taxes - Individual Tax Refunds (Checks),null,68,1443,58145,V,Income Tax Refunds Issued,Classification,3,2024,4,2024,3,08,12
2024-08-12,Taxes - Individual Tax Refunds (EFT),null,55,1099,292162,V,Income Tax Refunds Issued,Classification,4,2024,4,2024,3,08,12
2024-08-09,Taxes - Business Tax Refunds (Checks),null,1,424,54432,V,Income Tax Refunds Issued,Classification,1,2024,4,2024,3,08,09
2024-08-09,Taxes - Business Tax Refunds (EFT),null,0,93,15990,V,Income Tax Refunds Issued,Classification,2,2024,4,2024,3,08,09
2024-08-09,Taxes - Individual Tax Refunds (Checks),null,603,1375,58077,V,Income Tax Refunds Issued,Classification,3,2024,4,2024,3,08,09
2024-08-09,Taxes - Individual Tax Refunds (EFT),null,43,1044,292106,V,Income Tax Refunds Issued,Classification,4,2024,4,2024,3,08,09
2024-08-08,Taxes - Business Tax Refunds (Checks),null,3,423,54432,V,Income Tax Refunds Issued,Classification,1,2024,4,2024,3,08,08
2024-08-08,Taxes - Business Tax Refunds (EFT),null,-1,93,15990,V,Income Tax Refunds Issued,Classification,2,2024,4,2024,3,08,08
2024-08-08,Taxes - Individual Tax Refunds (Checks),null,37,772,57474,V,Income Tax Refunds Issued,Classification,3,2024,4,2024,3,08,08
2024-08-08,Taxes - Individual Tax Refunds (EFT),null,47,1000,292063,V,Income Tax Refunds Issued,Classification,4,2024,4,2024,3,08,08
2024-08-07,Taxes - Business Tax Refunds (Checks),null,11,420,54429,V,Income Tax Refunds Issued,Classification,1,2024,4,2024,3,08,07
2024-08-07,Taxes - Business Tax Refunds (EFT),null,4,94,15992,V,Income Tax Refunds Issued,Classification,2,2024,4,2024,3,08,07
2024-08-07,Taxes - Individual Tax Refunds (Checks),null,44,735,57437,V,Income Tax Refunds Issued,Classification,3,2024,4,2024,3,08,07
2024-08-07,Taxes - Individual Tax Refunds (EFT),null,733,953,292016,V,Income Tax Refunds Issued,Classification,4,2024,4,2024,3,08,07
2024-08-06,Taxes - Business Tax Refunds (Checks),null,319,409,54417,V,Income Tax Refunds Issued,Classification,1,2024,4,2024,3,08,06
2024-08-06,Taxes - Business Tax Refunds (EFT),null,23,90,15988,V,Income Tax Refunds Issued,Classification,2,2024,4,2024,3,08,06
2024-08-06,Taxes - Individual Tax Refunds (Checks),null,27,691,57393,V,Income Tax Refunds Issued,Classification,3,2024,4,2024,3,08,06
2024-08-06,Taxes - Individual Tax Refunds (EFT),null,67,220,291282,V,Income Tax Refunds Issued,Classification,4,2024,4,2024,3,08,06
2024-08-05,Taxes - Business Tax Refunds (Checks),null,19,90,54098,V,Income Tax Refunds Issued,Classification,1,2024,4,2024,3,08,05
2024-08-05,Taxes - Business Tax Refunds (EFT),null,0,68,15965,V,Income Tax Refunds Issued,Classification,2,2024,4,2024,3,08,05
2024-08-05,Taxes - Individual Tax Refunds (Checks),null,33,664,57366,V,Income Tax Refunds Issued,Classification,3,2024,4,2024,3,08,05
2024-08-05,Taxes - Individual Tax Refunds (EFT),null,58,153,291215,V,Income Tax Refunds Issued,Classification,4,2024,4,2024,3,08,05
2024-08-02,Taxes - Business Tax Refunds (Checks),null,47,71,54079,V,Income Tax Refunds Issued,Classification,1,2024,4,2024,3,08,02
2024-08-02,Taxes - Business Tax Refunds (EFT),null,9,68,15965,V,Income Tax Refunds Issued,Classification,2,2024,4,2024,3,08,02
2024-08-02,Taxes - Individual Tax Refunds (Checks),null,592,631,57332,V,Income Tax Refunds Issued,Classification,3,2024,4,2024,3,08,02
2024-08-02,Taxes - Individual Tax Refunds (EFT),null,50,95,291157,V,Income Tax Refunds Issued,Classification,4,2024,4,2024,3,08,02
2024-08-01,Taxes - Business Tax Refunds (Checks),null,24,24,54032,V,Income Tax Refunds Issued,Classification,1,2024,4,2024,3,08,01
2024-08-01,Taxes - Business Tax Refunds (EFT),null,59,59,15956,V,Income Tax Refunds Issued,Classification,2,2024,4,2024,3,08,01
2024-08-01,Taxes - Individual Tax Refunds (Checks),null,39,39,56741,V,Income Tax Refunds Issued,Classification,3,2024,4,2024,3,08,01
2024-08-01,Taxes - Individual Tax Refunds (EFT),null,45,45,291107,V,Income Tax Refunds Issued,Classification,4,2024,4,2024,3,08,01
2024-07-31,Taxes - Business Tax Refunds (Checks),null,1,5465,54008,V,Income Tax Refunds Issued,Classification,1,2024,4,2024,3,07,31
2024-07-31,Taxes - Business Tax Refunds (EFT),null,0,1413,15897,V,Income Tax Refunds Issued,Classification,2,2024,4,2024,3,07,31
2024-07-31,Taxes - Individual Tax Refunds (Checks),null,31,3216,56702,V,Income Tax Refunds Issued,Classification,3,2024,4,2024,3,07,31
2024-07-31,Taxes - Individual Tax Refunds (EFT),null,789,5013,291063,V,Income Tax Refunds Issued,Classification,4,2024,4,2024,3,07,31
2024-07-30,Taxes - Business Tax Refunds (Checks),null,1479,5464,54008,V,Income Tax Refunds Issued,Classification,1,2024,4,2024,3,07,30
2024-07-30,Taxes - Business Tax Refunds (EFT),null,57,1413,15897,V,Income Tax Refunds Issued,Classification,2,2024,4,2024,3,07,30
2024-07-30,Taxes - Individual Tax Refunds (Checks),null,30,3185,56671,V,Income Tax Refunds Issued,Classification,3,2024,4,2024,3,07,30
2024-07-30,Taxes - Individual Tax Refunds (EFT),null,74,4224,290273,V,Income Tax Refunds Issued,Classification,4,2024,4,2024,3,07,30
2024-07-29,Taxes - Business Tax Refunds (Checks),null,3,3985,52529,V,Income Tax Refunds Issued,Classification,1,2024,4,2024,3,07,29
2024-07-29,Taxes - Business Tax Refunds (EFT),null,0,1356,15840,V,Income Tax Refunds Issued,Classification,2,2024,4,2024,3,07,29
2024-07-29,Taxes - Individual Tax Refunds (Checks),null,34,3156,56641,V,Income Tax Refunds Issued,Classification,3,2024,4,2024,3,07,29
2024-07-29,Taxes - Individual Tax Refunds (EFT),null,66,4150,290199,V,Income Tax Refunds Issued,Classification,4,2024,4,2024,3,07,29
2024-07-26,Taxes - Business Tax Refunds (Checks),null,14,3982,52526,V,Income Tax Refunds Issued,Classification,1,2024,4,2024,3,07,26
2024-07-26,Taxes - Business Tax Refunds (EFT),null,1,1356,15840,V,Income Tax Refunds Issued,Classification,2,2024,4,2024,3,07,26
2024-07-26,Taxes - Individual Tax Refunds (Checks),null,627,3122,56607,V,Income Tax Refunds Issued,Classification,3,2024,4,2024,3,07,26
2024-07-26,Taxes - Individual Tax Refunds (EFT),null,43,4084,290133,V,Income Tax Refunds Issued,Classification,4,2024,4,2024,3,07,26
2024-07-25,Taxes - Business Tax Refunds (Checks),null,4,3968,52512,V,Income Tax Refunds Issued,Classification,1,2024,4,2024,3,07,25
2024-07-25,Taxes - Business Tax Refunds (EFT),null,49,1355,15839,V,Income Tax Refunds Issued,Classification,2,2024,4,2024,3,07,25
2024-07-25,Taxes - Individual Tax Refunds (Checks),null,37,2495,55980,V,Income Tax Refunds Issued,Classification,3,2024,4,2024,3,07,25
2024-07-25,Taxes - Individual Tax Refunds (EFT),null,45,4042,290091,V,Income Tax Refunds Issued,Classification,4,2024,4,2024,3,07,25
2024-07-24,Taxes - Business Tax Refunds (Checks),null,5,3964,52508,V,Income Tax Refunds Issued,Classification,1,2024,4,2024,3,07,24
2024-07-24,Taxes - Business Tax Refunds (EFT),null,492,1306,15790,V,Income Tax Refunds Issued,Classification,2,2024,4,2024,3,07,24
2024-07-24,Taxes - Individual Tax Refunds (Checks),null,32,2457,55943,V,Income Tax Refunds Issued,Classification,3,2024,4,2024,3,07,24
2024-07-24,Taxes - Individual Tax Refunds (EFT),null,795,3996,290045,V,Income Tax Refunds Issued,Classification,4,2024,4,2024,3,07,24
2024-07-23,Taxes - Business Tax Refunds (Checks),null,886,3960,52503,V,Income Tax Refunds Issued,Classification,1,2024,4,2024,3,07,23
2024-07-23,Taxes - Business Tax Refunds (EFT),null,20,814,15298,V,Income Tax Refunds Issued,Classification,2,2024,4,2024,3,07,23
2024-07-23,Taxes - Individual Tax Refunds (Checks),null,161,2426,55911,V,Income Tax Refunds Issued,Classification,3,2024,4,2024,3,07,23
2024-07-23,Taxes - Individual Tax Refunds (EFT),null,58,3201,289250,V,Income Tax Refunds Issued,Classification,4,2024,4,2024,3,07,23
2024-07-22,Taxes - Business Tax Refunds (Checks),null,8,3074,51618,V,Income Tax Refunds Issued,Classification,1,2024,4,2024,3,07,22
2024-07-22,Taxes - Business Tax Refunds (EFT),null,365,794,15278,V,Income Tax Refunds Issued,Classification,2,2024,4,2024,3,07,22
2024-07-22,Taxes - Individual Tax Refunds (Checks),null,28,2265,55750,V,Income Tax Refunds Issued,Classification,3,2024,4,2024,3,07,22
2024-07-22,Taxes - Individual Tax Refunds (EFT),null,69,3144,289193,V,Income Tax Refunds Issued,Classification,4,2024,4,2024,3,07,22
2024-07-19,Taxes - Business Tax Refunds (Checks),null,9,3066,51609,V,Income Tax Refunds Issued,Classification,1,2024,4,2024,3,07,19
2024-07-19,Taxes - Business Tax Refunds (EFT),null,26,429,14913,V,Income Tax Refunds Issued,Classification,2,2024,4,2024,3,07,19
2024-07-19,Taxes - Individual Tax Refunds (Checks),null,789,2237,55723,V,Income Tax Refunds Issued,Classification,3,2024,4,2024,3,07,19
2024-07-19,Taxes - Individual Tax Refunds (EFT),null,51,3075,289124,V,Income Tax Refunds Issued,Classification,4,2024,4,2024,3,07,19
2024-07-18,Taxes - Business Tax Refunds (Checks),null,3,3057,51601,V,Income Tax Refunds Issued,Classification,1,2024,4,2024,3,07,18
2024-07-18,Taxes - Business Tax Refunds (EFT),null,3,403,14887,V,Income Tax Refunds Issued,Classification,2,2024,4,2024,3,07,18
2024-07-18,Taxes - Individual Tax Refunds (Checks),null,43,1447,54933,V,Income Tax Refunds Issued,Classification,3,2024,4,2024,3,07,18
2024-07-18,Taxes - Individual Tax Refunds (EFT),null,56,3023,289073,V,Income Tax Refunds Issued,Classification,4,2024,4,2024,3,07,18
2024-07-17,Taxes - Business Tax Refunds (Checks),null,111,3054,51598,V,Income Tax Refunds Issued,Classification,1,2024,4,2024,3,07,17
2024-07-17,Taxes - Business Tax Refunds (EFT),null,-1,401,14885,V,Income Tax Refunds Issued,Classification,2,2024,4,2024,3,07,17
2024-07-17,Taxes - Individual Tax Refunds (Checks),null,32,1405,54891,V,Income Tax Refunds Issued,Classification,3,2024,4,2024,3,07,17
2024-07-17,Taxes - Individual Tax Refunds (EFT),null,981,2967,289017,V,Income Tax Refunds Issued,Classification,4,2024,4,2024,3,07,17
2024-07-16,Taxes - Business Tax Refunds (Checks),null,891,2943,51487,V,Income Tax Refunds Issued,Classification,1,2024,4,2024,3,07,16
2024-07-16,Taxes - Business Tax Refunds (EFT),null,66,402,14886,V,Income Tax Refunds Issued,Classification,2,2024,4,2024,3,07,16
2024-07-16,Taxes - Individual Tax Refunds (Checks),null,38,1373,54858,V,Income Tax Refunds Issued,Classification,3,2024,4,2024,3,07,16
2024-07-16,Taxes - Individual Tax Refunds (EFT),null,74,1986,288035,V,Income Tax Refunds Issued,Classification,4,2024,4,2024,3,07,16
2024-07-15,Taxes - Business Tax Refunds (Checks),null,21,2052,50596,V,Income Tax Refunds Issued,Classification,1,2024,4,2024,3,07,15
2024-07-15,Taxes - Business Tax Refunds (EFT),null,0,336,14820,V,Income Tax Refunds Issued,Classification,2,2024,4,2024,3,07,15
2024-07-15,Taxes - Individual Tax Refunds (Checks),null,47,1335,54821,V,Income Tax Refunds Issued,Classification,3,2024,4,2024,3,07,15
2024-07-15,Taxes - Individual Tax Refunds (EFT),null,62,1913,287962,V,Income Tax Refunds Issued,Classification,4,2024,4,2024,3,07,15
2024-07-12,Taxes - Business Tax Refunds (Checks),null,12,2031,50575,V,Income Tax Refunds Issued,Classification,1,2024,4,2024,3,07,12
2024-07-12,Taxes - Business Tax Refunds (EFT),null,32,336,14820,V,Income Tax Refunds Issued,Classification,2,2024,4,2024,3,07,12
2024-07-12,Taxes - Individual Tax Refunds (Checks),null,314,1289,54774,V,Income Tax Refunds Issued,Classification,3,2024,4,2024,3,07,12
2024-07-12,Taxes - Individual Tax Refunds (EFT),null,59,1851,287900,V,Income Tax Refunds Issued,Classification,4,2024,4,2024,3,07,12
2024-07-11,Taxes - Business Tax Refunds (Checks),null,117,2019,50563,V,Income Tax Refunds Issued,Classification,1,2024,4,2024,3,07,11
2024-07-11,Taxes - Business Tax Refunds (EFT),null,34,303,14787,V,Income Tax Refunds Issued,Classification,2,2024,4,2024,3,07,11
2024-07-11,Taxes - Individual Tax Refunds (Checks),null,42,975,54460,V,Income Tax Refunds Issued,Classification,3,2024,4,2024,3,07,11
2024-07-11,Taxes - Individual Tax Refunds (EFT),null,81,1792,287842,V,Income Tax Refunds Issued,Classification,4,2024,4,2024,3,07,11
2024-07-10,Taxes - Business Tax Refunds (Checks),null,8,1902,50446,V,Income Tax Refunds Issued,Classification,1,2024,4,2024,3,07,10
2024-07-10,Taxes - Business Tax Refunds (EFT),null,1,270,14754,V,Income Tax Refunds Issued,Classification,2,2024,4,2024,3,07,10
2024-07-10,Taxes - Individual Tax Refunds (Checks),null,31,933,54419,V,Income Tax Refunds Issued,Classification,3,2024,4,2024,3,07,10
2024-07-10,Taxes - Individual Tax Refunds (EFT),null,468,1712,287761,V,Income Tax Refunds Issued,Classification,4,2024,4,2024,3,07,10
2024-07-09,Taxes - Business Tax Refunds (Checks),null,569,1894,50438,V,Income Tax Refunds Issued,Classification,1,2024,4,2024,3,07,09
2024-07-09,Taxes - Business Tax Refunds (EFT),null,81,269,14753,V,Income Tax Refunds Issued,Classification,2,2024,4,2024,3,07,09
2024-07-09,Taxes - Individual Tax Refunds (Checks),null,63,902,54388,V,Income Tax Refunds Issued,Classification,3,2024,4,2024,3,07,09
2024-07-09,Taxes - Individual Tax Refunds (EFT),null,70,1244,287293,V,Income Tax Refunds Issued,Classification,4,2024,4,2024,3,07,09
2024-07-08,Taxes - Business Tax Refunds (Checks),null,65,1325,49869,V,Income Tax Refunds Issued,Classification,1,2024,4,2024,3,07,08
2024-07-08,Taxes - Business Tax Refunds (EFT),null,0,188,14672,V,Income Tax Refunds Issued,Classification,2,2024,4,2024,3,07,08
2024-07-08,Taxes - Individual Tax Refunds (Checks),null,596,839,54324,V,Income Tax Refunds Issued,Classification,3,2024,4,2024,3,07,08
2024-07-08,Taxes - Individual Tax Refunds (EFT),null,58,1174,287223,V,Income Tax Refunds Issued,Classification,4,2024,4,2024,3,07,08
2024-07-05,Taxes - Business Tax Refunds (Checks),null,69,1261,49804,V,Income Tax Refunds Issued,Classification,1,2024,4,2024,3,07,05
2024-07-05,Taxes - Business Tax Refunds (EFT),null,28,188,14672,V,Income Tax Refunds Issued,Classification,2,2024,4,2024,3,07,05
2024-07-05,Taxes - Individual Tax Refunds (Checks),null,87,243,53729,V,Income Tax Refunds Issued,Classification,3,2024,4,2024,3,07,05
2024-07-05,Taxes - Individual Tax Refunds (EFT),null,70,1116,287165,V,Income Tax Refunds Issued,Classification,4,2024,4,2024,3,07,05
2024-07-03,Taxes - Business Tax Refunds (Checks),null,4,1191,49735,V,Income Tax Refunds Issued,Classification,1,2024,4,2024,3,07,03
2024-07-03,Taxes - Business Tax Refunds (EFT),null,10,159,14643,V,Income Tax Refunds Issued,Classification,2,2024,4,2024,3,07,03
2024-07-03,Taxes - Individual Tax Refunds (Checks),null,61,156,53642,V,Income Tax Refunds Issued,Classification,3,2024,4,2024,3,07,03
2024-07-03,Taxes - Individual Tax Refunds (EFT),null,895,1046,287096,V,Income Tax Refunds Issued,Classification,4,2024,4,2024,3,07,03
2024-07-02,Taxes - Business Tax Refunds (Checks),null,1168,1187,49731,V,Income Tax Refunds Issued,Classification,1,2024,4,2024,3,07,02
2024-07-02,Taxes - Business Tax Refunds (EFT),null,79,149,14634,V,Income Tax Refunds Issued,Classification,2,2024,4,2024,3,07,02
2024-07-02,Taxes - Individual Tax Refunds (Checks),null,49,95,53581,V,Income Tax Refunds Issued,Classification,3,2024,4,2024,3,07,02
2024-07-02,Taxes - Individual Tax Refunds (EFT),null,70,152,286201,V,Income Tax Refunds Issued,Classification,4,2024,4,2024,3,07,02
2024-07-01,Taxes - Business Tax Refunds (Checks),null,19,19,48563,V,Income Tax Refunds Issued,Classification,1,2024,4,2024,3,07,01
2024-07-01,Taxes - Business Tax Refunds (EFT),null,70,70,14554,V,Income Tax Refunds Issued,Classification,2,2024,4,2024,3,07,01
2024-07-01,Taxes - Individual Tax Refunds (Checks),null,46,46,53532,V,Income Tax Refunds Issued,Classification,3,2024,4,2024,3,07,01
2024-07-01,Taxes - Individual Tax Refunds (EFT),null,81,81,286130,V,Income Tax Refunds Issued,Classification,4,2024,4,2024,3,07,01
2024-06-28,Taxes - Business Tax Refunds (Checks),null,16,4298,48544,V,Income Tax Refunds Issued,Classification,1,2024,3,2024,2,06,28
2024-06-28,Taxes - Business Tax Refunds (EFT),null,21,2004,14484,V,Income Tax Refunds Issued,Classification,2,2024,3,2024,2,06,28
2024-06-28,Taxes - Individual Tax Refunds (Checks),null,560,3899,53486,V,Income Tax Refunds Issued,Classification,3,2024,3,2024,2,06,28
2024-06-28,Taxes - Individual Tax Refunds (EFT),null,126,5895,286049,V,Income Tax Refunds Issued,Classification,4,2024,3,2024,2,06,28
2024-06-27,Taxes - Business Tax Refunds (Checks),null,36,4283,48528,V,Income Tax Refunds Issued,Classification,1,2024,3,2024,2,06,27
2024-06-27,Taxes - Business Tax Refunds (EFT),null,73,1982,14463,V,Income Tax Refunds Issued,Classification,2,2024,3,2024,2,06,27
2024-06-27,Taxes - Individual Tax Refunds (Checks),null,35,3340,52926,V,Income Tax Refunds Issued,Classification,3,2024,3,2024,2,06,27
2024-06-27,Taxes - Individual Tax Refunds (EFT),null,82,5769,285923,V,Income Tax Refunds Issued,Classification,4,2024,3,2024,2,06,27
2024-06-26,Taxes - Business Tax Refunds (Checks),null,85,4246,48492,V,Income Tax Refunds Issued,Classification,1,2024,3,2024,2,06,26
2024-06-26,Taxes - Business Tax Refunds (EFT),null,36,1909,14390,V,Income Tax Refunds Issued,Classification,2,2024,3,2024,2,06,26
2024-06-26,Taxes - Individual Tax Refunds (Checks),null,61,3304,52891,V,Income Tax Refunds Issued,Classification,3,2024,3,2024,2,06,26
2024-06-26,Taxes - Individual Tax Refunds (EFT),null,1037,5687,285841,V,Income Tax Refunds Issued,Classification,4,2024,3,2024,2,06,26
2024-06-25,Taxes - Business Tax Refunds (Checks),null,1212,4161,48406,V,Income Tax Refunds Issued,Classification,1,2024,3,2024,2,06,25
2024-06-25,Taxes - Business Tax Refunds (EFT),null,266,1873,14353,V,Income Tax Refunds Issued,Classification,2,2024,3,2024,2,06,25
2024-06-25,Taxes - Individual Tax Refunds (Checks),null,10,3243,52830,V,Income Tax Refunds Issued,Classification,3,2024,3,2024,2,06,25
2024-06-25,Taxes - Individual Tax Refunds (EFT),null,105,4650,284804,V,Income Tax Refunds Issued,Classification,4,2024,3,2024,2,06,25
2024-06-24,Taxes - Business Tax Refunds (Checks),null,3,2949,47194,V,Income Tax Refunds Issued,Classification,1,2024,3,2024,2,06,24
2024-06-24,Taxes - Business Tax Refunds (EFT),null,4,1607,14088,V,Income Tax Refunds Issued,Classification,2,2024,3,2024,2,06,24
2024-06-24,Taxes - Individual Tax Refunds (Checks),null,574,3233,52819,V,Income Tax Refunds Issued,Classification,3,2024,3,2024,2,06,24
2024-06-24,Taxes - Individual Tax Refunds (EFT),null,202,4545,284699,V,Income Tax Refunds Issued,Classification,4,2024,3,2024,2,06,24
2024-06-21,Taxes - Business Tax Refunds (Checks),null,16,2946,47191,V,Income Tax Refunds Issued,Classification,1,2024,3,2024,2,06,21
2024-06-21,Taxes - Business Tax Refunds (EFT),null,44,1604,14084,V,Income Tax Refunds Issued,Classification,2,2024,3,2024,2,06,21
2024-06-21,Taxes - Individual Tax Refunds (Checks),null,40,2659,52245,V,Income Tax Refunds Issued,Classification,3,2024,3,2024,2,06,21
2024-06-21,Taxes - Individual Tax Refunds (EFT),null,-7,4343,284497,V,Income Tax Refunds Issued,Classification,4,2024,3,2024,2,06,21
2024-06-20,Taxes - Business Tax Refunds (Checks),null,1,2930,47175,V,Income Tax Refunds Issued,Classification,1,2024,3,2024,2,06,20
2024-06-20,Taxes - Business Tax Refunds (EFT),null,23,1560,14040,V,Income Tax Refunds Issued,Classification,2,2024,3,2024,2,06,20
2024-06-20,Taxes - Individual Tax Refunds (Checks),null,28,2619,52205,V,Income Tax Refunds Issued,Classification,3,2024,3,2024,2,06,20
2024-06-20,Taxes - Individual Tax Refunds (EFT),null,1010,4350,284503,V,Income Tax Refunds Issued,Classification,4,2024,3,2024,2,06,20
2024-06-18,Taxes - Business Tax Refunds (Checks),null,898,2929,47174,V,Income Tax Refunds Issued,Classification,1,2024,3,2024,2,06,18
2024-06-18,Taxes - Business Tax Refunds (EFT),null,108,1537,14017,V,Income Tax Refunds Issued,Classification,2,2024,3,2024,2,06,18
2024-06-18,Taxes - Individual Tax Refunds (Checks),null,43,2591,52177,V,Income Tax Refunds Issued,Classification,3,2024,3,2024,2,06,18
2024-06-18,Taxes - Individual Tax Refunds (EFT),null,116,3339,283493,V,Income Tax Refunds Issued,Classification,4,2024,3,2024,2,06,18
2024-06-17,Taxes - Business Tax Refunds (Checks),null,16,2031,46276,V,Income Tax Refunds Issued,Classification,1,2024,3,2024,2,06,17
2024-06-17,Taxes - Business Tax Refunds (EFT),null,0,1429,13910,V,Income Tax Refunds Issued,Classification,2,2024,3,2024,2,06,17
2024-06-17,Taxes - Individual Tax Refunds (Checks),null,51,2548,52134,V,Income Tax Refunds Issued,Classification,3,2024,3,2024,2,06,17
2024-06-17,Taxes - Individual Tax Refunds (EFT),null,88,3223,283377,V,Income Tax Refunds Issued,Classification,4,2024,3,2024,2,06,17
2024-06-14,Taxes - Business Tax Refunds (Checks),null,34,2015,46260,V,Income Tax Refunds Issued,Classification,1,2024,3,2024,2,06,14
2024-06-14,Taxes - Business Tax Refunds (EFT),null,132,1429,13910,V,Income Tax Refunds Issued,Classification,2,2024,3,2024,2,06,14
2024-06-14,Taxes - Individual Tax Refunds (Checks),null,648,2496,52083,V,Income Tax Refunds Issued,Classification,3,2024,3,2024,2,06,14
2024-06-14,Taxes - Individual Tax Refunds (EFT),null,72,3135,283289,V,Income Tax Refunds Issued,Classification,4,2024,3,2024,2,06,14
2024-06-13,Taxes - Business Tax Refunds (Checks),null,14,1981,46226,V,Income Tax Refunds Issued,Classification,1,2024,3,2024,2,06,13
2024-06-13,Taxes - Business Tax Refunds (EFT),null,49,1297,13778,V,Income Tax Refunds Issued,Classification,2,2024,3,2024,2,06,13
2024-06-13,Taxes - Individual Tax Refunds (Checks),null,47,1848,51434,V,Income Tax Refunds Issued,Classification,3,2024,3,2024,2,06,13
2024-06-13,Taxes - Individual Tax Refunds (EFT),null,80,3063,283217,V,Income Tax Refunds Issued,Classification,4,2024,3,2024,2,06,13
2024-06-12,Taxes - Business Tax Refunds (Checks),null,29,1967,46212,V,Income Tax Refunds Issued,Classification,1,2024,3,2024,2,06,12
2024-06-12,Taxes - Business Tax Refunds (EFT),null,224,1249,13729,V,Income Tax Refunds Issued,Classification,2,2024,3,2024,2,06,12
2024-06-12,Taxes - Individual Tax Refunds (Checks),null,37,1801,51387,V,Income Tax Refunds Issued,Classification,3,2024,3,2024,2,06,12
2024-06-12,Taxes - Individual Tax Refunds (EFT),null,1066,2983,283137,V,Income Tax Refunds Issued,Classification,4,2024,3,2024,2,06,12
2024-06-11,Taxes - Business Tax Refunds (Checks),null,944,1938,46183,V,Income Tax Refunds Issued,Classification,1,2024,3,2024,2,06,11
2024-06-11,Taxes - Business Tax Refunds (EFT),null,562,1024,13505,V,Income Tax Refunds Issued,Classification,2,2024,3,2024,2,06,11
2024-06-11,Taxes - Individual Tax Refunds (Checks),null,31,1764,51350,V,Income Tax Refunds Issued,Classification,3,2024,3,2024,2,06,11
2024-06-11,Taxes - Individual Tax Refunds (EFT),null,111,1917,282071,V,Income Tax Refunds Issued,Classification,4,2024,3,2024,2,06,11
2024-06-10,Taxes - Business Tax Refunds (Checks),null,11,994,45239,V,Income Tax Refunds Issued,Classification,1,2024,3,2024,2,06,10
2024-06-10,Taxes - Business Tax Refunds (EFT),null,2,463,12943,V,Income Tax Refunds Issued,Classification,2,2024,3,2024,2,06,10
2024-06-10,Taxes - Individual Tax Refunds (Checks),null,39,1733,51319,V,Income Tax Refunds Issued,Classification,3,2024,3,2024,2,06,10
2024-06-10,Taxes - Individual Tax Refunds (EFT),null,116,1806,281960,V,Income Tax Refunds Issued,Classification,4,2024,3,2024,2,06,10
2024-06-07,Taxes - Business Tax Refunds (Checks),null,88,983,45228,V,Income Tax Refunds Issued,Classification,1,2024,3,2024,2,06,07
2024-06-07,Taxes - Business Tax Refunds (EFT),null,0,460,12941,V,Income Tax Refunds Issued,Classification,2,2024,3,2024,2,06,07
2024-06-07,Taxes - Individual Tax Refunds (Checks),null,722,1694,51280,V,Income Tax Refunds Issued,Classification,3,2024,3,2024,2,06,07
2024-06-07,Taxes - Individual Tax Refunds (EFT),null,67,1690,281844,V,Income Tax Refunds Issued,Classification,4,2024,3,2024,2,06,07
2024-06-06,Taxes - Business Tax Refunds (Checks),null,172,895,45140,V,Income Tax Refunds Issued,Classification,1,2024,3,2024,2,06,06
2024-06-06,Taxes - Business Tax Refunds (EFT),null,-31,460,12941,V,Income Tax Refunds Issued,Classification,2,2024,3,2024,2,06,06
2024-06-06,Taxes - Individual Tax Refunds (Checks),null,48,972,50558,V,Income Tax Refunds Issued,Classification,3,2024,3,2024,2,06,06
2024-06-06,Taxes - Individual Tax Refunds (EFT),null,91,1623,281777,V,Income Tax Refunds Issued,Classification,4,2024,3,2024,2,06,06
2024-06-05,Taxes - Business Tax Refunds (Checks),null,5,723,44969,V,Income Tax Refunds Issued,Classification,1,2024,3,2024,2,06,05
2024-06-05,Taxes - Business Tax Refunds (EFT),null,123,492,12972,V,Income Tax Refunds Issued,Classification,2,2024,3,2024,2,06,05
2024-06-05,Taxes - Individual Tax Refunds (Checks),null,41,924,50511,V,Income Tax Refunds Issued,Classification,3,2024,3,2024,2,06,05
2024-06-05,Taxes - Individual Tax Refunds (EFT),null,1243,1531,281685,V,Income Tax Refunds Issued,Classification,4,2024,3,2024,2,06,05
2024-06-04,Taxes - Business Tax Refunds (Checks),null,689,718,44963,V,Income Tax Refunds Issued,Classification,1,2024,3,2024,2,06,04
2024-06-04,Taxes - Business Tax Refunds (EFT),null,147,369,12849,V,Income Tax Refunds Issued,Classification,2,2024,3,2024,2,06,04
2024-06-04,Taxes - Individual Tax Refunds (Checks),null,62,883,50470,V,Income Tax Refunds Issued,Classification,3,2024,3,2024,2,06,04
2024-06-04,Taxes - Individual Tax Refunds (EFT),null,132,288,280442,V,Income Tax Refunds Issued,Classification,4,2024,3,2024,2,06,04
2024-06-03,Taxes - Business Tax Refunds (Checks),null,29,29,44274,V,Income Tax Refunds Issued,Classification,1,2024,3,2024,2,06,03
2024-06-03,Taxes - Business Tax Refunds (EFT),null,221,221,12702,V,Income Tax Refunds Issued,Classification,2,2024,3,2024,2,06,03
2024-06-03,Taxes - Individual Tax Refunds (Checks),null,822,822,50408,V,Income Tax Refunds Issued,Classification,3,2024,3,2024,2,06,03
2024-06-03,Taxes - Individual Tax Refunds (EFT),null,157,157,280310,V,Income Tax Refunds Issued,Classification,4,2024,3,2024,2,06,03
2024-05-31,Taxes - Business Tax Refunds (Checks),null,25,5255,44245,V,Income Tax Refunds Issued,Classification,1,2024,3,2024,2,05,31
2024-05-31,Taxes - Business Tax Refunds (EFT),null,2,670,12481,V,Income Tax Refunds Issued,Classification,2,2024,3,2024,2,05,31
2024-05-31,Taxes - Individual Tax Refunds (Checks),null,122,6446,49586,V,Income Tax Refunds Issued,Classification,3,2024,3,2024,2,05,31
2024-05-31,Taxes - Individual Tax Refunds (EFT),null,117,21319,280154,V,Income Tax Refunds Issued,Classification,4,2024,3,2024,2,05,31
2024-05-30,Taxes - Business Tax Refunds (Checks),null,5,5229,44220,V,Income Tax Refunds Issued,Classification,1,2024,3,2024,2,05,30
2024-05-30,Taxes - Business Tax Refunds (EFT),null,229,667,12478,V,Income Tax Refunds Issued,Classification,2,2024,3,2024,2,05,30
2024-05-30,Taxes - Individual Tax Refunds (Checks),null,43,6325,49465,V,Income Tax Refunds Issued,Classification,3,2024,3,2024,2,05,30
2024-05-30,Taxes - Individual Tax Refunds (EFT),null,1552,21202,280037,V,Income Tax Refunds Issued,Classification,4,2024,3,2024,2,05,30
2024-05-29,Taxes - Business Tax Refunds (Checks),null,217,5224,44215,V,Income Tax Refunds Issued,Classification,1,2024,3,2024,2,05,29
2024-05-29,Taxes - Business Tax Refunds (EFT),null,100,438,12249,V,Income Tax Refunds Issued,Classification,2,2024,3,2024,2,05,29
2024-05-29,Taxes - Individual Tax Refunds (Checks),null,48,6281,49421,V,Income Tax Refunds Issued,Classification,3,2024,3,2024,2,05,29
2024-05-29,Taxes - Individual Tax Refunds (EFT),null,175,19651,278486,V,Income Tax Refunds Issued,Classification,4,2024,3,2024,2,05,29
2024-05-28,Taxes - Business Tax Refunds (Checks),null,1220,5008,43998,V,Income Tax Refunds Issued,Classification,1,2024,3,2024,2,05,28
2024-05-28,Taxes - Business Tax Refunds (EFT),null,27,338,12149,V,Income Tax Refunds Issued,Classification,2,2024,3,2024,2,05,28
2024-05-28,Taxes - Individual Tax Refunds (Checks),null,58,6234,49373,V,Income Tax Refunds Issued,Classification,3,2024,3,2024,2,05,28
2024-05-28,Taxes - Individual Tax Refunds (EFT),null,140,19476,278311,V,Income Tax Refunds Issued,Classification,4,2024,3,2024,2,05,28
2024-05-24,Taxes - Business Tax Refunds (Checks),null,8,3787,42778,V,Income Tax Refunds Issued,Classification,1,2024,3,2024,2,05,24
2024-05-24,Taxes - Business Tax Refunds (EFT),null,18,311,12122,V,Income Tax Refunds Issued,Classification,2,2024,3,2024,2,05,24
2024-05-24,Taxes - Individual Tax Refunds (Checks),null,788,6176,49316,V,Income Tax Refunds Issued,Classification,3,2024,3,2024,2,05,24
2024-05-24,Taxes - Individual Tax Refunds (EFT),null,141,19336,278171,V,Income Tax Refunds Issued,Classification,4,2024,3,2024,2,05,24
2024-05-23,Taxes - Business Tax Refunds (Checks),null,10,3779,42770,V,Income Tax Refunds Issued,Classification,1,2024,3,2024,2,05,23
2024-05-23,Taxes - Business Tax Refunds (EFT),null,130,293,12104,V,Income Tax Refunds Issued,Classification,2,2024,3,2024,2,05,23
2024-05-23,Taxes - Individual Tax Refunds (Checks),null,55,5387,48527,V,Income Tax Refunds Issued,Classification,3,2024,3,2024,2,05,23
2024-05-23,Taxes - Individual Tax Refunds (EFT),null,113,19195,278030,V,Income Tax Refunds Issued,Classification,4,2024,3,2024,2,05,23
2024-05-22,Taxes - Business Tax Refunds (Checks),null,1,3769,42760,V,Income Tax Refunds Issued,Classification,1,2024,3,2024,2,05,22
2024-05-22,Taxes - Business Tax Refunds (EFT),null,15,163,11974,V,Income Tax Refunds Issued,Classification,2,2024,3,2024,2,05,22
2024-05-22,Taxes - Individual Tax Refunds (Checks),null,51,5333,48473,V,Income Tax Refunds Issued,Classification,3,2024,3,2024,2,05,22
2024-05-22,Taxes - Individual Tax Refunds (EFT),null,1681,19081,277916,V,Income Tax Refunds Issued,Classification,4,2024,3,2024,2,05,22
2024-05-21,Taxes - Business Tax Refunds (Checks),null,1522,3768,42759,V,Income Tax Refunds Issued,Classification,1,2024,3,2024,2,05,21
2024-05-21,Taxes - Business Tax Refunds (EFT),null,23,148,11959,V,Income Tax Refunds Issued,Classification,2,2024,3,2024,2,05,21
2024-05-21,Taxes - Individual Tax Refunds (Checks),null,89,5282,48422,V,Income Tax Refunds Issued,Classification,3,2024,3,2024,2,05,21
2024-05-21,Taxes - Individual Tax Refunds (EFT),null,160,17400,276235,V,Income Tax Refunds Issued,Classification,4,2024,3,2024,2,05,21
2024-05-20,Taxes - Business Tax Refunds (Checks),null,98,2246,41237,V,Income Tax Refunds Issued,Classification,1,2024,3,2024,2,05,20
2024-05-20,Taxes - Business Tax Refunds (EFT),null,10,125,11936,V,Income Tax Refunds Issued,Classification,2,2024,3,2024,2,05,20
2024-05-20,Taxes - Individual Tax Refunds (Checks),null,65,5192,48332,V,Income Tax Refunds Issued,Classification,3,2024,3,2024,2,05,20
2024-05-20,Taxes - Individual Tax Refunds (EFT),null,166,17240,276075,V,Income Tax Refunds Issued,Classification,4,2024,3,2024,2,05,20
2024-05-17,Taxes - Business Tax Refunds (Checks),null,58,2149,41139,V,Income Tax Refunds Issued,Classification,1,2024,3,2024,2,05,17
2024-05-17,Taxes - Business Tax Refunds (EFT),null,-1,115,11926,V,Income Tax Refunds Issued,Classification,2,2024,3,2024,2,05,17
2024-05-17,Taxes - Individual Tax Refunds (Checks),null,934,5128,48268,V,Income Tax Refunds Issued,Classification,3,2024,3,2024,2,05,17
2024-05-17,Taxes - Individual Tax Refunds (EFT),null,153,17074,275909,V,Income Tax Refunds Issued,Classification,4,2024,3,2024,2,05,17
2024-05-16,Taxes - Business Tax Refunds (Checks),null,34,2091,41082,V,Income Tax Refunds Issued,Classification,1,2024,3,2024,2,05,16
2024-05-16,Taxes - Business Tax Refunds (EFT),null,-3,117,11927,V,Income Tax Refunds Issued,Classification,2,2024,3,2024,2,05,16
2024-05-16,Taxes - Individual Tax Refunds (Checks),null,73,4194,47334,V,Income Tax Refunds Issued,Classification,3,2024,3,2024,2,05,16
2024-05-16,Taxes - Individual Tax Refunds (EFT),null,148,16921,275756,V,Income Tax Refunds Issued,Classification,4,2024,3,2024,2,05,16
2024-05-15,Taxes - Business Tax Refunds (Checks),null,9,2057,41048,V,Income Tax Refunds Issued,Classification,1,2024,3,2024,2,05,15
2024-05-15,Taxes - Business Tax Refunds (EFT),null,3,120,11931,V,Income Tax Refunds Issued,Classification,2,2024,3,2024,2,05,15
2024-05-15,Taxes - Individual Tax Refunds (Checks),null,131,4121,47261,V,Income Tax Refunds Issued,Classification,3,2024,3,2024,2,05,15
2024-05-15,Taxes - Individual Tax Refunds (EFT),null,2014,16774,275609,V,Income Tax Refunds Issued,Classification,4,2024,3,2024,2,05,15
2024-05-14,Taxes - Business Tax Refunds (Checks),null,714,2048,41039,V,Income Tax Refunds Issued,Classification,1,2024,3,2024,2,05,14
2024-05-14,Taxes - Business Tax Refunds (EFT),null,24,117,11928,V,Income Tax Refunds Issued,Classification,2,2024,3,2024,2,05,14
2024-05-14,Taxes - Individual Tax Refunds (Checks),null,88,3990,47129,V,Income Tax Refunds Issued,Classification,3,2024,3,2024,2,05,14
2024-05-14,Taxes - Individual Tax Refunds (EFT),null,194,14760,273594,V,Income Tax Refunds Issued,Classification,4,2024,3,2024,2,05,14
2024-05-13,Taxes - Business Tax Refunds (Checks),null,22,1334,40325,V,Income Tax Refunds Issued,Classification,1,2024,3,2024,2,05,13
2024-05-13,Taxes - Business Tax Refunds (EFT),null,2,93,11904,V,Income Tax Refunds Issued,Classification,2,2024,3,2024,2,05,13
2024-05-13,Taxes - Individual Tax Refunds (Checks),null,73,3902,47042,V,Income Tax Refunds Issued,Classification,3,2024,3,2024,2,05,13
2024-05-13,Taxes - Individual Tax Refunds (EFT),null,223,14566,273401,V,Income Tax Refunds Issued,Classification,4,2024,3,2024,2,05,13
2024-05-10,Taxes - Business Tax Refunds (Checks),null,39,1312,40302,V,Income Tax Refunds Issued,Classification,1,2024,3,2024,2,05,10
2024-05-10,Taxes - Business Tax Refunds (EFT),null,-1,90,11901,V,Income Tax Refunds Issued,Classification,2,2024,3,2024,2,05,10
2024-05-10,Taxes - Individual Tax Refunds (Checks),null,1224,3828,46968,V,Income Tax Refunds Issued,Classification,3,2024,3,2024,2,05,10
2024-05-10,Taxes - Individual Tax Refunds (EFT),null,161,14343,273178,V,Income Tax Refunds Issued,Classification,4,2024,3,2024,2,05,10
2024-05-09,Taxes - Business Tax Refunds (Checks),null,9,1272,40263,V,Income Tax Refunds Issued,Classification,1,2024,3,2024,2,05,09
2024-05-09,Taxes - Business Tax Refunds (EFT),null,10,91,11902,V,Income Tax Refunds Issued,Classification,2,2024,3,2024,2,05,09
2024-05-09,Taxes - Individual Tax Refunds (Checks),null,82,2604,45744,V,Income Tax Refunds Issued,Classification,3,2024,3,2024,2,05,09
2024-05-09,Taxes - Individual Tax Refunds (EFT),null,199,14182,273017,V,Income Tax Refunds Issued,Classification,4,2024,3,2024,2,05,09
2024-05-08,Taxes - Business Tax Refunds (Checks),null,2,1264,40254,V,Income Tax Refunds Issued,Classification,1,2024,3,2024,2,05,08
2024-05-08,Taxes - Business Tax Refunds (EFT),null,1,82,11893,V,Income Tax Refunds Issued,Classification,2,2024,3,2024,2,05,08
2024-05-08,Taxes - Individual Tax Refunds (Checks),null,102,2521,45661,V,Income Tax Refunds Issued,Classification,3,2024,3,2024,2,05,08
2024-05-08,Taxes - Individual Tax Refunds (EFT),null,3201,13983,272818,V,Income Tax Refunds Issued,Classification,4,2024,3,2024,2,05,08
2024-05-07,Taxes - Business Tax Refunds (Checks),null,1218,1262,40253,V,Income Tax Refunds Issued,Classification,1,2024,3,2024,2,05,07
2024-05-07,Taxes - Business Tax Refunds (EFT),null,60,81,11892,V,Income Tax Refunds Issued,Classification,2,2024,3,2024,2,05,07
2024-05-07,Taxes - Individual Tax Refunds (Checks),null,82,2419,45559,V,Income Tax Refunds Issued,Classification,3,2024,3,2024,2,05,07
2024-05-07,Taxes - Individual Tax Refunds (EFT),null,268,10781,269616,V,Income Tax Refunds Issued,Classification,4,2024,3,2024,2,05,07
2024-05-06,Taxes - Business Tax Refunds (Checks),null,10,44,39035,V,Income Tax Refunds Issued,Classification,1,2024,3,2024,2,05,06
2024-05-06,Taxes - Business Tax Refunds (EFT),null,13,20,11831,V,Income Tax Refunds Issued,Classification,2,2024,3,2024,2,05,06
2024-05-06,Taxes - Individual Tax Refunds (Checks),null,95,2338,45477,V,Income Tax Refunds Issued,Classification,3,2024,3,2024,2,05,06
2024-05-06,Taxes - Individual Tax Refunds (EFT),null,375,10513,269348,V,Income Tax Refunds Issued,Classification,4,2024,3,2024,2,05,06
2024-05-03,Taxes - Business Tax Refunds (Checks),null,2,35,39025,V,Income Tax Refunds Issued,Classification,1,2024,3,2024,2,05,03
2024-05-03,Taxes - Business Tax Refunds (EFT),null,0,7,11818,V,Income Tax Refunds Issued,Classification,2,2024,3,2024,2,05,03
2024-05-03,Taxes - Individual Tax Refunds (Checks),null,1870,2243,45383,V,Income Tax Refunds Issued,Classification,3,2024,3,2024,2,05,03
2024-05-03,Taxes - Individual Tax Refunds (EFT),null,246,10138,268973,V,Income Tax Refunds Issued,Classification,4,2024,3,2024,2,05,03
2024-05-02,Taxes - Business Tax Refunds (Checks),null,15,33,39024,V,Income Tax Refunds Issued,Classification,1,2024,3,2024,2,05,02
2024-05-02,Taxes - Business Tax Refunds (EFT),null,8,8,11818,V,Income Tax Refunds Issued,Classification,2,2024,3,2024,2,05,02
2024-05-02,Taxes - Individual Tax Refunds (Checks),null,200,373,43513,V,Income Tax Refunds Issued,Classification,3,2024,3,2024,2,05,02
2024-05-02,Taxes - Individual Tax Refunds (EFT),null,253,9892,268727,V,Income Tax Refunds Issued,Classification,4,2024,3,2024,2,05,02
2024-05-01,Taxes - Business Tax Refunds (Checks),null,18,18,39009,V,Income Tax Refunds Issued,Classification,1,2024,3,2024,2,05,01
2024-05-01,Taxes - Business Tax Refunds (EFT),null,0,0,11811,V,Income Tax Refunds Issued,Classification,2,2024,3,2024,2,05,01
2024-05-01,Taxes - Individual Tax Refunds (Checks),null,173,173,43313,V,Income Tax Refunds Issued,Classification,3,2024,3,2024,2,05,01
2024-05-01,Taxes - Individual Tax Refunds (EFT),null,9639,9639,268474,V,Income Tax Refunds Issued,Classification,4,2024,3,2024,2,05,01
2024-04-30,Taxes - Business Tax Refunds (Checks),null,850,6069,38991,V,Income Tax Refunds Issued,Classification,1,2024,3,2024,2,04,30
2024-04-30,Taxes - Business Tax Refunds (EFT),null,64,1237,11811,V,Income Tax Refunds Issued,Classification,2,2024,3,2024,2,04,30
2024-04-30,Taxes - Individual Tax Refunds (Checks),null,181,9890,43140,V,Income Tax Refunds Issued,Classification,3,2024,3,2024,2,04,30
2024-04-30,Taxes - Individual Tax Refunds (EFT),null,1176,69462,258835,V,Income Tax Refunds Issued,Classification,4,2024,3,2024,2,04,30
2024-04-29,Taxes - Business Tax Refunds (Checks),null,26,5220,38141,V,Income Tax Refunds Issued,Classification,1,2024,3,2024,2,04,29
2024-04-29,Taxes - Business Tax Refunds (EFT),null,1,1172,11747,V,Income Tax Refunds Issued,Classification,2,2024,3,2024,2,04,29
2024-04-29,Taxes - Individual Tax Refunds (Checks),null,169,9709,42959,V,Income Tax Refunds Issued,Classification,3,2024,3,2024,2,04,29
2024-04-29,Taxes - Individual Tax Refunds (EFT),null,1115,68286,257659,V,Income Tax Refunds Issued,Classification,4,2024,3,2024,2,04,29
2024-04-26,Taxes - Business Tax Refunds (Checks),null,8,5194,38115,V,Income Tax Refunds Issued,Classification,1,2024,3,2024,2,04,26
2024-04-26,Taxes - Business Tax Refunds (EFT),null,0,1171,11745,V,Income Tax Refunds Issued,Classification,2,2024,3,2024,2,04,26
2024-04-26,Taxes - Individual Tax Refunds (Checks),null,2099,9540,42789,V,Income Tax Refunds Issued,Classification,3,2024,3,2024,2,04,26
2024-04-26,Taxes - Individual Tax Refunds (EFT),null,1025,67171,256544,V,Income Tax Refunds Issued,Classification,4,2024,3,2024,2,04,26
2024-04-25,Taxes - Business Tax Refunds (Checks),null,63,5187,38108,V,Income Tax Refunds Issued,Classification,1,2024,3,2024,2,04,25
2024-04-25,Taxes - Business Tax Refunds (EFT),null,0,1172,11746,V,Income Tax Refunds Issued,Classification,2,2024,3,2024,2,04,25
2024-04-25,Taxes - Individual Tax Refunds (Checks),null,359,7440,40690,V,Income Tax Refunds Issued,Classification,3,2024,3,2024,2,04,25
2024-04-25,Taxes - Individual Tax Refunds (EFT),null,582,66147,255519,V,Income Tax Refunds Issued,Classification,4,2024,3,2024,2,04,25
2024-04-24,Taxes - Business Tax Refunds (Checks),null,11,5124,38045,V,Income Tax Refunds Issued,Classification,1,2024,3,2024,2,04,24
2024-04-24,Taxes - Business Tax Refunds (EFT),null,54,1172,11746,V,Income Tax Refunds Issued,Classification,2,2024,3,2024,2,04,24
2024-04-24,Taxes - Individual Tax Refunds (Checks),null,326,7081,40331,V,Income Tax Refunds Issued,Classification,3,2024,3,2024,2,04,24
2024-04-24,Taxes - Individual Tax Refunds (EFT),null,12653,65564,254937,V,Income Tax Refunds Issued,Classification,4,2024,3,2024,2,04,24
2024-04-23,Taxes - Business Tax Refunds (Checks),null,1292,5112,38033,V,Income Tax Refunds Issued,Classification,1,2024,3,2024,2,04,23
2024-04-23,Taxes - Business Tax Refunds (EFT),null,28,1117,11692,V,Income Tax Refunds Issued,Classification,2,2024,3,2024,2,04,23
2024-04-23,Taxes - Individual Tax Refunds (Checks),null,415,6756,40005,V,Income Tax Refunds Issued,Classification,3,2024,3,2024,2,04,23
2024-04-23,Taxes - Individual Tax Refunds (EFT),null,2579,52911,242284,V,Income Tax Refunds Issued,Classification,4,2024,3,2024,2,04,23
2024-04-22,Taxes - Business Tax Refunds (Checks),null,6,3821,36742,V,Income Tax Refunds Issued,Classification,1,2024,3,2024,2,04,22
2024-04-22,Taxes - Business Tax Refunds (EFT),null,19,1089,11663,V,Income Tax Refunds Issued,Classification,2,2024,3,2024,2,04,22
2024-04-22,Taxes - Individual Tax Refunds (Checks),null,225,6341,39590,V,Income Tax Refunds Issued,Classification,3,2024,3,2024,2,04,22
2024-04-22,Taxes - Individual Tax Refunds (EFT),null,2858,50333,239706,V,Income Tax Refunds Issued,Classification,4,2024,3,2024,2,04,22
2024-04-19,Taxes - Business Tax Refunds (Checks),null,8,3814,36736,V,Income Tax Refunds Issued,Classification,1,2024,3,2024,2,04,19
2024-04-19,Taxes - Business Tax Refunds (EFT),null,128,1070,11644,V,Income Tax Refunds Issued,Classification,2,2024,3,2024,2,04,19
2024-04-19,Taxes - Individual Tax Refunds (Checks),null,1459,6116,39365,V,Income Tax Refunds Issued,Classification,3,2024,3,2024,2,04,19
2024-04-19,Taxes - Individual Tax Refunds (EFT),null,3510,47474,236847,V,Income Tax Refunds Issued,Classification,4,2024,3,2024,2,04,19
2024-04-18,Taxes - Business Tax Refunds (Checks),null,8,3806,36727,V,Income Tax Refunds Issued,Classification,1,2024,3,2024,2,04,18
2024-04-18,Taxes - Business Tax Refunds (EFT),null,65,942,11516,V,Income Tax Refunds Issued,Classification,2,2024,3,2024,2,04,18
2024-04-18,Taxes - Individual Tax Refunds (Checks),null,208,4657,37907,V,Income Tax Refunds Issued,Classification,3,2024,3,2024,2,04,18
2024-04-18,Taxes - Individual Tax Refunds (EFT),null,1668,43964,233337,V,Income Tax Refunds Issued,Classification,4,2024,3,2024,2,04,18
2024-04-17,Taxes - Business Tax Refunds (Checks),null,15,3798,36719,V,Income Tax Refunds Issued,Classification,1,2024,3,2024,2,04,17
2024-04-17,Taxes - Business Tax Refunds (EFT),null,1,877,11451,V,Income Tax Refunds Issued,Classification,2,2024,3,2024,2,04,17
2024-04-17,Taxes - Individual Tax Refunds (Checks),null,195,4449,37698,V,Income Tax Refunds Issued,Classification,3,2024,3,2024,2,04,17
2024-04-17,Taxes - Individual Tax Refunds (EFT),null,9572,42296,231669,V,Income Tax Refunds Issued,Classification,4,2024,3,2024,2,04,17
2024-04-16,Taxes - Business Tax Refunds (Checks),null,1180,3783,36704,V,Income Tax Refunds Issued,Classification,1,2024,3,2024,2,04,16
2024-04-16,Taxes - Business Tax Refunds (EFT),null,567,876,11450,V,Income Tax Refunds Issued,Classification,2,2024,3,2024,2,04,16
2024-04-16,Taxes - Individual Tax Refunds (Checks),null,280,4253,37503,V,Income Tax Refunds Issued,Classification,3,2024,3,2024,2,04,16
2024-04-16,Taxes - Individual Tax Refunds (EFT),null,1722,32724,222097,V,Income Tax Refunds Issued,Classification,4,2024,3,2024,2,04,16
2024-04-15,Taxes - Business Tax Refunds (Checks),null,6,2603,35524,V,Income Tax Refunds Issued,Classification,1,2024,3,2024,2,04,15
2024-04-15,Taxes - Business Tax Refunds (EFT),null,51,308,10882,V,Income Tax Refunds Issued,Classification,2,2024,3,2024,2,04,15
2024-04-15,Taxes - Individual Tax Refunds (Checks),null,167,3973,37223,V,Income Tax Refunds Issued,Classification,3,2024,3,2024,2,04,15
2024-04-15,Taxes - Individual Tax Refunds (EFT),null,2054,31002,220375,V,Income Tax Refunds Issued,Classification,4,2024,3,2024,2,04,15
2024-04-12,Taxes - Business Tax Refunds (Checks),null,5,2597,35519,V,Income Tax Refunds Issued,Classification,1,2024,3,2024,2,04,12
2024-04-12,Taxes - Business Tax Refunds (EFT),null,6,257,10831,V,Income Tax Refunds Issued,Classification,2,2024,3,2024,2,04,12
2024-04-12,Taxes - Individual Tax Refunds (Checks),null,1183,3806,37056,V,Income Tax Refunds Issued,Classification,3,2024,3,2024,2,04,12
2024-04-12,Taxes - Individual Tax Refunds (EFT),null,2175,28949,218321,V,Income Tax Refunds Issued,Classification,4,2024,3,2024,2,04,12
2024-04-11,Taxes - Business Tax Refunds (Checks),null,7,2592,35514,V,Income Tax Refunds Issued,Classification,1,2024,3,2024,2,04,11
2024-04-11,Taxes - Business Tax Refunds (EFT),null,5,251,10825,V,Income Tax Refunds Issued,Classification,2,2024,3,2024,2,04,11
2024-04-11,Taxes - Individual Tax Refunds (Checks),null,207,2623,35872,V,Income Tax Refunds Issued,Classification,3,2024,3,2024,2,04,11
2024-04-11,Taxes - Individual Tax Refunds (EFT),null,1121,26773,216146,V,Income Tax Refunds Issued,Classification,4,2024,3,2024,2,04,11
2024-04-10,Taxes - Business Tax Refunds (Checks),null,13,2585,35506,V,Income Tax Refunds Issued,Classification,1,2024,3,2024,2,04,10
2024-04-10,Taxes - Business Tax Refunds (EFT),null,0,246,10820,V,Income Tax Refunds Issued,Classification,2,2024,3,2024,2,04,10
2024-04-10,Taxes - Individual Tax Refunds (Checks),null,168,2416,35666,V,Income Tax Refunds Issued,Classification,3,2024,3,2024,2,04,10
2024-04-10,Taxes - Individual Tax Refunds (EFT),null,8167,25652,215025,V,Income Tax Refunds Issued,Classification,4,2024,3,2024,2,04,10
2024-04-09,Taxes - Business Tax Refunds (Checks),null,1568,2572,35494,V,Income Tax Refunds Issued,Classification,1,2024,3,2024,2,04,09
2024-04-09,Taxes - Business Tax Refunds (EFT),null,77,246,10820,V,Income Tax Refunds Issued,Classification,2,2024,3,2024,2,04,09
2024-04-09,Taxes - Individual Tax Refunds (Checks),null,206,2248,35497,V,Income Tax Refunds Issued,Classification,3,2024,3,2024,2,04,09
2024-04-09,Taxes - Individual Tax Refunds (EFT),null,1216,17484,206857,V,Income Tax Refunds Issued,Classification,4,2024,3,2024,2,04,09
2024-04-08,Taxes - Business Tax Refunds (Checks),null,1,1005,33926,V,Income Tax Refunds Issued,Classification,1,2024,3,2024,2,04,08
2024-04-08,Taxes - Business Tax Refunds (EFT),null,32,169,10744,V,Income Tax Refunds Issued,Classification,2,2024,3,2024,2,04,08
2024-04-08,Taxes - Individual Tax Refunds (Checks),null,159,2042,35292,V,Income Tax Refunds Issued,Classification,3,2024,3,2024,2,04,08
2024-04-08,Taxes - Individual Tax Refunds (EFT),null,1537,16268,205641,V,Income Tax Refunds Issued,Classification,4,2024,3,2024,2,04,08
2024-04-05,Taxes - Business Tax Refunds (Checks),null,15,1004,33925,V,Income Tax Refunds Issued,Classification,1,2024,3,2024,2,04,05
2024-04-05,Taxes - Business Tax Refunds (EFT),null,0,137,10711,V,Income Tax Refunds Issued,Classification,2,2024,3,2024,2,04,05
2024-04-05,Taxes - Individual Tax Refunds (Checks),null,1179,1883,35133,V,Income Tax Refunds Issued,Classification,3,2024,3,2024,2,04,05
2024-04-05,Taxes - Individual Tax Refunds (EFT),null,2007,14731,204103,V,Income Tax Refunds Issued,Classification,4,2024,3,2024,2,04,05
2024-04-04,Taxes - Business Tax Refunds (Checks),null,13,989,33910,V,Income Tax Refunds Issued,Classification,1,2024,3,2024,2,04,04
2024-04-04,Taxes - Business Tax Refunds (EFT),null,86,137,10711,V,Income Tax Refunds Issued,Classification,2,2024,3,2024,2,04,04
2024-04-04,Taxes - Individual Tax Refunds (Checks),null,145,705,33954,V,Income Tax Refunds Issued,Classification,3,2024,3,2024,2,04,04
2024-04-04,Taxes - Individual Tax Refunds (EFT),null,1084,12723,202096,V,Income Tax Refunds Issued,Classification,4,2024,3,2024,2,04,04
2024-04-03,Taxes - Business Tax Refunds (Checks),null,5,976,33897,V,Income Tax Refunds Issued,Classification,1,2024,3,2024,2,04,03
2024-04-03,Taxes - Business Tax Refunds (EFT),null,7,52,10626,V,Income Tax Refunds Issued,Classification,2,2024,3,2024,2,04,03
2024-04-03,Taxes - Individual Tax Refunds (Checks),null,127,560,33810,V,Income Tax Refunds Issued,Classification,3,2024,3,2024,2,04,03
2024-04-03,Taxes - Individual Tax Refunds (EFT),null,8797,11639,201012,V,Income Tax Refunds Issued,Classification,4,2024,3,2024,2,04,03
2024-04-02,Taxes - Business Tax Refunds (Checks),null,968,970,33891,V,Income Tax Refunds Issued,Classification,1,2024,3,2024,2,04,02
2024-04-02,Taxes - Business Tax Refunds (EFT),null,45,45,10619,V,Income Tax Refunds Issued,Classification,2,2024,3,2024,2,04,02
2024-04-02,Taxes - Individual Tax Refunds (Checks),null,196,433,33683,V,Income Tax Refunds Issued,Classification,3,2024,3,2024,2,04,02
2024-04-02,Taxes - Individual Tax Refunds (EFT),null,1197,2842,192215,V,Income Tax Refunds Issued,Classification,4,2024,3,2024,2,04,02
2024-04-01,Taxes - Business Tax Refunds (Checks),null,3,3,32924,V,Income Tax Refunds Issued,Classification,1,2024,3,2024,2,04,01
2024-04-01,Taxes - Business Tax Refunds (EFT),null,0,0,10574,V,Income Tax Refunds Issued,Classification,2,2024,3,2024,2,04,01
2024-04-01,Taxes - Individual Tax Refunds (Checks),null,237,237,33486,V,Income Tax Refunds Issued,Classification,3,2024,3,2024,2,04,01
2024-04-01,Taxes - Individual Tax Refunds (EFT),null,1645,1645,191018,V,Income Tax Refunds Issued,Classification,4,2024,3,2024,2,04,01
2024-03-29,Taxes - Business Tax Refunds (Checks),null,25,4711,32921,V,Income Tax Refunds Issued,Classification,1,2024,2,2024,1,03,29
2024-03-29,Taxes - Business Tax Refunds (EFT),null,67,2102,10574,V,Income Tax Refunds Issued,Classification,2,2024,2,2024,1,03,29
2024-03-29,Taxes - Individual Tax Refunds (Checks),null,1097,7491,33250,V,Income Tax Refunds Issued,Classification,3,2024,2,2024,1,03,29
2024-03-29,Taxes - Individual Tax Refunds (EFT),null,2230,74813,189373,V,Income Tax Refunds Issued,Classification,4,2024,2,2024,1,03,29
2024-03-28,Taxes - Business Tax Refunds (Checks),null,262,4686,32896,V,Income Tax Refunds Issued,Classification,1,2024,2,2024,1,03,28
2024-03-28,Taxes - Business Tax Refunds (EFT),null,-182,2036,10507,V,Income Tax Refunds Issued,Classification,2,2024,2,2024,1,03,28
2024-03-28,Taxes - Individual Tax Refunds (Checks),null,137,6394,32152,V,Income Tax Refunds Issued,Classification,3,2024,2,2024,1,03,28
2024-03-28,Taxes - Individual Tax Refunds (EFT),null,1181,72584,187143,V,Income Tax Refunds Issued,Classification,4,2024,2,2024,1,03,28
2024-03-27,Taxes - Business Tax Refunds (Checks),null,48,4424,32634,V,Income Tax Refunds Issued,Classification,1,2024,2,2024,1,03,27
2024-03-27,Taxes - Business Tax Refunds (EFT),null,150,2218,10690,V,Income Tax Refunds Issued,Classification,2,2024,2,2024,1,03,27
2024-03-27,Taxes - Individual Tax Refunds (Checks),null,131,6256,32015,V,Income Tax Refunds Issued,Classification,3,2024,2,2024,1,03,27
2024-03-27,Taxes - Individual Tax Refunds (EFT),null,9086,71402,185962,V,Income Tax Refunds Issued,Classification,4,2024,2,2024,1,03,27
2024-03-26,Taxes - Business Tax Refunds (Checks),null,1020,4376,32586,V,Income Tax Refunds Issued,Classification,1,2024,2,2024,1,03,26
2024-03-26,Taxes - Business Tax Refunds (EFT),null,42,2068,10540,V,Income Tax Refunds Issued,Classification,2,2024,2,2024,1,03,26
2024-03-26,Taxes - Individual Tax Refunds (Checks),null,185,6126,31884,V,Income Tax Refunds Issued,Classification,3,2024,2,2024,1,03,26
2024-03-26,Taxes - Individual Tax Refunds (EFT),null,1339,62316,176876,V,Income Tax Refunds Issued,Classification,4,2024,2,2024,1,03,26
2024-03-25,Taxes - Business Tax Refunds (Checks),null,9,3356,31566,V,Income Tax Refunds Issued,Classification,1,2024,2,2024,1,03,25
2024-03-25,Taxes - Business Tax Refunds (EFT),null,0,2026,10498,V,Income Tax Refunds Issued,Classification,2,2024,2,2024,1,03,25
2024-03-25,Taxes - Individual Tax Refunds (Checks),null,119,5941,31699,V,Income Tax Refunds Issued,Classification,3,2024,2,2024,1,03,25
2024-03-25,Taxes - Individual Tax Refunds (EFT),null,1863,60977,175537,V,Income Tax Refunds Issued,Classification,4,2024,2,2024,1,03,25
2024-03-22,Taxes - Business Tax Refunds (Checks),null,33,3347,31557,V,Income Tax Refunds Issued,Classification,1,2024,2,2024,1,03,22
2024-03-22,Taxes - Business Tax Refunds (EFT),null,180,2026,10498,V,Income Tax Refunds Issued,Classification,2,2024,2,2024,1,03,22
2024-03-22,Taxes - Individual Tax Refunds (Checks),null,1133,5822,31580,V,Income Tax Refunds Issued,Classification,3,2024,2,2024,1,03,22
2024-03-22,Taxes - Individual Tax Refunds (EFT),null,2096,59114,173674,V,Income Tax Refunds Issued,Classification,4,2024,2,2024,1,03,22
2024-03-21,Taxes - Business Tax Refunds (Checks),null,20,3314,31524,V,Income Tax Refunds Issued,Classification,1,2024,2,2024,1,03,21
2024-03-21,Taxes - Business Tax Refunds (EFT),null,123,1846,10318,V,Income Tax Refunds Issued,Classification,2,2024,2,2024,1,03,21
2024-03-21,Taxes - Individual Tax Refunds (Checks),null,138,4689,30447,V,Income Tax Refunds Issued,Classification,3,2024,2,2024,1,03,21
2024-03-21,Taxes - Individual Tax Refunds (EFT),null,1109,57018,171577,V,Income Tax Refunds Issued,Classification,4,2024,2,2024,1,03,21
2024-03-20,Taxes - Business Tax Refunds (Checks),null,19,3294,31504,V,Income Tax Refunds Issued,Classification,1,2024,2,2024,1,03,20
2024-03-20,Taxes - Business Tax Refunds (EFT),null,29,1723,10195,V,Income Tax Refunds Issued,Classification,2,2024,2,2024,1,03,20
2024-03-20,Taxes - Individual Tax Refunds (Checks),null,142,4551,30309,V,Income Tax Refunds Issued,Classification,3,2024,2,2024,1,03,20
2024-03-20,Taxes - Individual Tax Refunds (EFT),null,9788,55909,170468,V,Income Tax Refunds Issued,Classification,4,2024,2,2024,1,03,20
2024-03-19,Taxes - Business Tax Refunds (Checks),null,931,3275,31485,V,Income Tax Refunds Issued,Classification,1,2024,2,2024,1,03,19
2024-03-19,Taxes - Business Tax Refunds (EFT),null,463,1694,10166,V,Income Tax Refunds Issued,Classification,2,2024,2,2024,1,03,19
2024-03-19,Taxes - Individual Tax Refunds (Checks),null,179,4409,30167,V,Income Tax Refunds Issued,Classification,3,2024,2,2024,1,03,19
2024-03-19,Taxes - Individual Tax Refunds (EFT),null,1275,46121,160680,V,Income Tax Refunds Issued,Classification,4,2024,2,2024,1,03,19
2024-03-18,Taxes - Business Tax Refunds (Checks),null,2,2343,30553,V,Income Tax Refunds Issued,Classification,1,2024,2,2024,1,03,18
2024-03-18,Taxes - Business Tax Refunds (EFT),null,120,1231,9703,V,Income Tax Refunds Issued,Classification,2,2024,2,2024,1,03,18
2024-03-18,Taxes - Individual Tax Refunds (Checks),null,112,4230,29988,V,Income Tax Refunds Issued,Classification,3,2024,2,2024,1,03,18
2024-03-18,Taxes - Individual Tax Refunds (EFT),null,2114,44846,159405,V,Income Tax Refunds Issued,Classification,4,2024,2,2024,1,03,18
2024-03-15,Taxes - Business Tax Refunds (Checks),null,17,2342,30552,V,Income Tax Refunds Issued,Classification,1,2024,2,2024,1,03,15
2024-03-15,Taxes - Business Tax Refunds (EFT),null,8,1112,9584,V,Income Tax Refunds Issued,Classification,2,2024,2,2024,1,03,15
2024-03-15,Taxes - Individual Tax Refunds (Checks),null,1072,4117,29876,V,Income Tax Refunds Issued,Classification,3,2024,2,2024,1,03,15
2024-03-15,Taxes - Individual Tax Refunds (EFT),null,2247,42732,157291,V,Income Tax Refunds Issued,Classification,4,2024,2,2024,1,03,15
2024-03-14,Taxes - Business Tax Refunds (Checks),null,11,2325,30535,V,Income Tax Refunds Issued,Classification,1,2024,2,2024,1,03,14
2024-03-14,Taxes - Business Tax Refunds (EFT),null,64,1103,9575,V,Income Tax Refunds Issued,Classification,2,2024,2,2024,1,03,14
2024-03-14,Taxes - Individual Tax Refunds (Checks),null,138,3045,28803,V,Income Tax Refunds Issued,Classification,3,2024,2,2024,1,03,14
2024-03-14,Taxes - Individual Tax Refunds (EFT),null,1260,40485,155044,V,Income Tax Refunds Issued,Classification,4,2024,2,2024,1,03,14
2024-03-13,Taxes - Business Tax Refunds (Checks),null,58,2314,30524,V,Income Tax Refunds Issued,Classification,1,2024,2,2024,1,03,13
2024-03-13,Taxes - Business Tax Refunds (EFT),null,8,1039,9511,V,Income Tax Refunds Issued,Classification,2,2024,2,2024,1,03,13
2024-03-13,Taxes - Individual Tax Refunds (Checks),null,138,2907,28665,V,Income Tax Refunds Issued,Classification,3,2024,2,2024,1,03,13
2024-03-13,Taxes - Individual Tax Refunds (EFT),null,11361,39225,153784,V,Income Tax Refunds Issued,Classification,4,2024,2,2024,1,03,13
2024-03-12,Taxes - Business Tax Refunds (Checks),null,933,2256,30466,V,Income Tax Refunds Issued,Classification,1,2024,2,2024,1,03,12
2024-03-12,Taxes - Business Tax Refunds (EFT),null,174,1031,9503,V,Income Tax Refunds Issued,Classification,2,2024,2,2024,1,03,12
2024-03-12,Taxes - Individual Tax Refunds (Checks),null,144,2769,28528,V,Income Tax Refunds Issued,Classification,3,2024,2,2024,1,03,12
2024-03-12,Taxes - Individual Tax Refunds (EFT),null,1445,27863,142423,V,Income Tax Refunds Issued,Classification,4,2024,2,2024,1,03,12
2024-03-11,Taxes - Business Tax Refunds (Checks),null,44,1323,29533,V,Income Tax Refunds Issued,Classification,1,2024,2,2024,1,03,11
2024-03-11,Taxes - Business Tax Refunds (EFT),null,33,858,9329,V,Income Tax Refunds Issued,Classification,2,2024,2,2024,1,03,11
2024-03-11,Taxes - Individual Tax Refunds (Checks),null,96,2626,28384,V,Income Tax Refunds Issued,Classification,3,2024,2,2024,1,03,11
2024-03-11,Taxes - Individual Tax Refunds (EFT),null,2295,26418,140978,V,Income Tax Refunds Issued,Classification,4,2024,2,2024,1,03,11
2024-03-08,Taxes - Business Tax Refunds (Checks),null,46,1278,29488,V,Income Tax Refunds Issued,Classification,1,2024,2,2024,1,03,08
2024-03-08,Taxes - Business Tax Refunds (EFT),null,-2,825,9297,V,Income Tax Refunds Issued,Classification,2,2024,2,2024,1,03,08
2024-03-08,Taxes - Individual Tax Refunds (Checks),null,1149,2530,28288,V,Income Tax Refunds Issued,Classification,3,2024,2,2024,1,03,08
2024-03-08,Taxes - Individual Tax Refunds (EFT),null,2504,24124,138683,V,Income Tax Refunds Issued,Classification,4,2024,2,2024,1,03,08
2024-03-07,Taxes - Business Tax Refunds (Checks),null,27,1232,29442,V,Income Tax Refunds Issued,Classification,1,2024,2,2024,1,03,07
2024-03-07,Taxes - Business Tax Refunds (EFT),null,31,826,9298,V,Income Tax Refunds Issued,Classification,2,2024,2,2024,1,03,07
2024-03-07,Taxes - Individual Tax Refunds (Checks),null,136,1380,27139,V,Income Tax Refunds Issued,Classification,3,2024,2,2024,1,03,07
2024-03-07,Taxes - Individual Tax Refunds (EFT),null,1400,21620,136179,V,Income Tax Refunds Issued,Classification,4,2024,2,2024,1,03,07
2024-03-06,Taxes - Business Tax Refunds (Checks),null,5,1205,29415,V,Income Tax Refunds Issued,Classification,1,2024,2,2024,1,03,06
2024-03-06,Taxes - Business Tax Refunds (EFT),null,0,795,9267,V,Income Tax Refunds Issued,Classification,2,2024,2,2024,1,03,06
2024-03-06,Taxes - Individual Tax Refunds (Checks),null,124,1244,27003,V,Income Tax Refunds Issued,Classification,3,2024,2,2024,1,03,06
2024-03-06,Taxes - Individual Tax Refunds (EFT),null,13092,20220,134779,V,Income Tax Refunds Issued,Classification,4,2024,2,2024,1,03,06
2024-03-05,Taxes - Business Tax Refunds (Checks),null,1151,1200,29410,V,Income Tax Refunds Issued,Classification,1,2024,2,2024,1,03,05
2024-03-05,Taxes - Business Tax Refunds (EFT),null,674,795,9267,V,Income Tax Refunds Issued,Classification,2,2024,2,2024,1,03,05
2024-03-05,Taxes - Individual Tax Refunds (Checks),null,165,1120,26879,V,Income Tax Refunds Issued,Classification,3,2024,2,2024,1,03,05
2024-03-05,Taxes - Individual Tax Refunds (EFT),null,3028,7128,121687,V,Income Tax Refunds Issued,Classification,4,2024,2,2024,1,03,05
2024-03-04,Taxes - Business Tax Refunds (Checks),null,40,49,28259,V,Income Tax Refunds Issued,Classification,1,2024,2,2024,1,03,04
2024-03-04,Taxes - Business Tax Refunds (EFT),null,100,121,8593,V,Income Tax Refunds Issued,Classification,2,2024,2,2024,1,03,04
2024-03-04,Taxes - Individual Tax Refunds (Checks),null,117,956,26714,V,Income Tax Refunds Issued,Classification,3,2024,2,2024,1,03,04
2024-03-04,Taxes - Individual Tax Refunds (EFT),null,2898,4100,118659,V,Income Tax Refunds Issued,Classification,4,2024,2,2024,1,03,04
2024-03-01,Taxes - Business Tax Refunds (Checks),null,9,9,28219,V,Income Tax Refunds Issued,Classification,1,2024,2,2024,1,03,01
2024-03-01,Taxes - Business Tax Refunds (EFT),null,21,21,8493,V,Income Tax Refunds Issued,Classification,2,2024,2,2024,1,03,01
2024-03-01,Taxes - Individual Tax Refunds (Checks),null,839,839,26597,V,Income Tax Refunds Issued,Classification,3,2024,2,2024,1,03,01
2024-03-01,Taxes - Individual Tax Refunds (EFT),null,1202,1202,115761,V,Income Tax Refunds Issued,Classification,4,2024,2,2024,1,03,01
2024-02-29,Taxes - Business Tax Refunds (Checks),null,12,6351,28210,V,Income Tax Refunds Issued,Classification,1,2024,2,2024,1,02,29
2024-02-29,Taxes - Business Tax Refunds (EFT),null,466,2295,8472,V,Income Tax Refunds Issued,Classification,2,2024,2,2024,1,02,29
2024-02-29,Taxes - Individual Tax Refunds (Checks),null,229,4774,25758,V,Income Tax Refunds Issued,Classification,3,2024,2,2024,1,02,29
2024-02-29,Taxes - Individual Tax Refunds (EFT),null,1397,91017,114559,V,Income Tax Refunds Issued,Classification,4,2024,2,2024,1,02,29
2024-02-28,Taxes - Business Tax Refunds (Checks),null,6,6339,28198,V,Income Tax Refunds Issued,Classification,1,2024,2,2024,1,02,28
2024-02-28,Taxes - Business Tax Refunds (EFT),null,3,1829,8006,V,Income Tax Refunds Issued,Classification,2,2024,2,2024,1,02,28
2024-02-28,Taxes - Individual Tax Refunds (Checks),null,120,4545,25530,V,Income Tax Refunds Issued,Classification,3,2024,2,2024,1,02,28
2024-02-28,Taxes - Individual Tax Refunds (EFT),null,16108,89621,113163,V,Income Tax Refunds Issued,Classification,4,2024,2,2024,1,02,28
2024-02-27,Taxes - Business Tax Refunds (Checks),null,819,6332,28191,V,Income Tax Refunds Issued,Classification,1,2024,2,2024,1,02,27
2024-02-27,Taxes - Business Tax Refunds (EFT),null,55,1826,8003,V,Income Tax Refunds Issued,Classification,2,2024,2,2024,1,02,27
2024-02-27,Taxes - Individual Tax Refunds (Checks),null,59,4425,25409,V,Income Tax Refunds Issued,Classification,3,2024,2,2024,1,02,27
2024-02-27,Taxes - Individual Tax Refunds (EFT),null,3146,73513,97055,V,Income Tax Refunds Issued,Classification,4,2024,2,2024,1,02,27
2024-02-26,Taxes - Business Tax Refunds (Checks),null,9,5513,27372,V,Income Tax Refunds Issued,Classification,1,2024,2,2024,1,02,26
2024-02-26,Taxes - Business Tax Refunds (EFT),null,9,1771,7948,V,Income Tax Refunds Issued,Classification,2,2024,2,2024,1,02,26
2024-02-26,Taxes - Individual Tax Refunds (Checks),null,1036,4366,25351,V,Income Tax Refunds Issued,Classification,3,2024,2,2024,1,02,26
2024-02-26,Taxes - Individual Tax Refunds (EFT),null,4634,70367,93909,V,Income Tax Refunds Issued,Classification,4,2024,2,2024,1,02,26
2024-02-23,Taxes - Business Tax Refunds (Checks),null,58,5504,27363,V,Income Tax Refunds Issued,Classification,1,2024,2,2024,1,02,23
2024-02-23,Taxes - Business Tax Refunds (EFT),null,7,1763,7940,V,Income Tax Refunds Issued,Classification,2,2024,2,2024,1,02,23
2024-02-23,Taxes - Individual Tax Refunds (Checks),null,63,3330,24315,V,Income Tax Refunds Issued,Classification,3,2024,2,2024,1,02,23
2024-02-23,Taxes - Individual Tax Refunds (EFT),null,1752,65733,89275,V,Income Tax Refunds Issued,Classification,4,2024,2,2024,1,02,23
2024-02-22,Taxes - Business Tax Refunds (Checks),null,124,5446,27305,V,Income Tax Refunds Issued,Classification,1,2024,2,2024,1,02,22
2024-02-22,Taxes - Business Tax Refunds (EFT),null,1,1756,7933,V,Income Tax Refunds Issued,Classification,2,2024,2,2024,1,02,22
2024-02-22,Taxes - Individual Tax Refunds (Checks),null,62,3267,24252,V,Income Tax Refunds Issued,Classification,3,2024,2,2024,1,02,22
2024-02-22,Taxes - Individual Tax Refunds (EFT),null,46758,63981,87523,V,Income Tax Refunds Issued,Classification,4,2024,2,2024,1,02,22
2024-02-21,Taxes - Business Tax Refunds (Checks),null,11,5321,27180,V,Income Tax Refunds Issued,Classification,1,2024,2,2024,1,02,21
2024-02-21,Taxes - Business Tax Refunds (EFT),null,8,1755,7932,V,Income Tax Refunds Issued,Classification,2,2024,2,2024,1,02,21
2024-02-21,Taxes - Individual Tax Refunds (Checks),null,48,3204,24189,V,Income Tax Refunds Issued,Classification,3,2024,2,2024,1,02,21
2024-02-21,Taxes - Individual Tax Refunds (EFT),null,2249,17223,40765,V,Income Tax Refunds Issued,Classification,4,2024,2,2024,1,02,21
2024-02-20,Taxes - Business Tax Refunds (Checks),null,1486,5310,27169,V,Income Tax Refunds Issued,Classification,1,2024,2,2024,1,02,20
2024-02-20,Taxes - Business Tax Refunds (EFT),null,25,1747,7924,V,Income Tax Refunds Issued,Classification,2,2024,2,2024,1,02,20
2024-02-20,Taxes - Individual Tax Refunds (Checks),null,92,3157,24142,V,Income Tax Refunds Issued,Classification,3,2024,2,2024,1,02,20
2024-02-20,Taxes - Individual Tax Refunds (EFT),null,929,14975,38516,V,Income Tax Refunds Issued,Classification,4,2024,2,2024,1,02,20
2024-02-16,Taxes - Business Tax Refunds (Checks),null,20,3824,25683,V,Income Tax Refunds Issued,Classification,1,2024,2,2024,1,02,16
2024-02-16,Taxes - Business Tax Refunds (EFT),null,33,1721,7898,V,Income Tax Refunds Issued,Classification,2,2024,2,2024,1,02,16
2024-02-16,Taxes - Individual Tax Refunds (Checks),null,607,3065,24050,V,Income Tax Refunds Issued,Classification,3,2024,2,2024,1,02,16
2024-02-16,Taxes - Individual Tax Refunds (EFT),null,1246,14046,37588,V,Income Tax Refunds Issued,Classification,4,2024,2,2024,1,02,16
2024-02-15,Taxes - Business Tax Refunds (Checks),null,19,3804,25663,V,Income Tax Refunds Issued,Classification,1,2024,2,2024,1,02,15
2024-02-15,Taxes - Business Tax Refunds (EFT),null,10,1688,7865,V,Income Tax Refunds Issued,Classification,2,2024,2,2024,1,02,15
2024-02-15,Taxes - Individual Tax Refunds (Checks),null,99,2459,23443,V,Income Tax Refunds Issued,Classification,3,2024,2,2024,1,02,15
2024-02-15,Taxes - Individual Tax Refunds (EFT),null,812,12800,36342,V,Income Tax Refunds Issued,Classification,4,2024,2,2024,1,02,15
2024-02-14,Taxes - Business Tax Refunds (Checks),null,8,3785,25644,V,Income Tax Refunds Issued,Classification,1,2024,2,2024,1,02,14
2024-02-14,Taxes - Business Tax Refunds (EFT),null,918,1678,7855,V,Income Tax Refunds Issued,Classification,2,2024,2,2024,1,02,14
2024-02-14,Taxes - Individual Tax Refunds (Checks),null,13,2359,23344,V,Income Tax Refunds Issued,Classification,3,2024,2,2024,1,02,14
2024-02-14,Taxes - Individual Tax Refunds (EFT),null,5269,11987,35529,V,Income Tax Refunds Issued,Classification,4,2024,2,2024,1,02,14
2024-02-13,Taxes - Business Tax Refunds (Checks),null,1344,3777,25636,V,Income Tax Refunds Issued,Classification,1,2024,2,2024,1,02,13
2024-02-13,Taxes - Business Tax Refunds (EFT),null,52,759,6937,V,Income Tax Refunds Issued,Classification,2,2024,2,2024,1,02,13
2024-02-13,Taxes - Individual Tax Refunds (Checks),null,35,2346,23331,V,Income Tax Refunds Issued,Classification,3,2024,2,2024,1,02,13
2024-02-13,Taxes - Individual Tax Refunds (EFT),null,3062,6718,30260,V,Income Tax Refunds Issued,Classification,4,2024,2,2024,1,02,13
2024-02-12,Taxes - Business Tax Refunds (Checks),null,21,2433,24292,V,Income Tax Refunds Issued,Classification,1,2024,2,2024,1,02,12
2024-02-12,Taxes - Business Tax Refunds (EFT),null,28,707,6884,V,Income Tax Refunds Issued,Classification,2,2024,2,2024,1,02,12
2024-02-12,Taxes - Individual Tax Refunds (Checks),null,24,2311,23296,V,Income Tax Refunds Issued,Classification,3,2024,2,2024,1,02,12
2024-02-12,Taxes - Individual Tax Refunds (EFT),null,-1,3655,27197,V,Income Tax Refunds Issued,Classification,4,2024,2,2024,1,02,12
2024-02-09,Taxes - Business Tax Refunds (Checks),null,60,2412,24271,V,Income Tax Refunds Issued,Classification,1,2024,2,2024,1,02,09
2024-02-09,Taxes - Business Tax Refunds (EFT),null,41,679,6857,V,Income Tax Refunds Issued,Classification,2,2024,2,2024,1,02,09
2024-02-09,Taxes - Individual Tax Refunds (Checks),null,1123,2288,23273,V,Income Tax Refunds Issued,Classification,3,2024,2,2024,1,02,09
2024-02-09,Taxes - Individual Tax Refunds (EFT),null,266,3657,27199,V,Income Tax Refunds Issued,Classification,4,2024,2,2024,1,02,09
2024-02-08,Taxes - Business Tax Refunds (Checks),null,70,2352,24211,V,Income Tax Refunds Issued,Classification,1,2024,2,2024,1,02,08
2024-02-08,Taxes - Business Tax Refunds (EFT),null,42,639,6816,V,Income Tax Refunds Issued,Classification,2,2024,2,2024,1,02,08
2024-02-08,Taxes - Individual Tax Refunds (Checks),null,24,1165,22150,V,Income Tax Refunds Issued,Classification,3,2024,2,2024,1,02,08
2024-02-08,Taxes - Individual Tax Refunds (EFT),null,238,3390,26932,V,Income Tax Refunds Issued,Classification,4,2024,2,2024,1,02,08
2024-02-07,Taxes - Business Tax Refunds (Checks),null,195,2282,24141,V,Income Tax Refunds Issued,Classification,1,2024,2,2024,1,02,07
2024-02-07,Taxes - Business Tax Refunds (EFT),null,26,597,6775,V,Income Tax Refunds Issued,Classification,2,2024,2,2024,1,02,07
2024-02-07,Taxes - Individual Tax Refunds (Checks),null,52,1141,22126,V,Income Tax Refunds Issued,Classification,3,2024,2,2024,1,02,07
2024-02-07,Taxes - Individual Tax Refunds (EFT),null,2054,3152,26694,V,Income Tax Refunds Issued,Classification,4,2024,2,2024,1,02,07
2024-02-06,Taxes - Business Tax Refunds (Checks),null,1956,2088,23947,V,Income Tax Refunds Issued,Classification,1,2024,2,2024,1,02,06
2024-02-06,Taxes - Business Tax Refunds (EFT),null,299,572,6749,V,Income Tax Refunds Issued,Classification,2,2024,2,2024,1,02,06
2024-02-06,Taxes - Individual Tax Refunds (Checks),null,8,1089,22074,V,Income Tax Refunds Issued,Classification,3,2024,2,2024,1,02,06
2024-02-06,Taxes - Individual Tax Refunds (EFT),null,541,1098,24640,V,Income Tax Refunds Issued,Classification,4,2024,2,2024,1,02,06
2024-02-05,Taxes - Business Tax Refunds (Checks),null,56,132,21991,V,Income Tax Refunds Issued,Classification,1,2024,2,2024,1,02,05
2024-02-05,Taxes - Business Tax Refunds (EFT),null,148,273,6450,V,Income Tax Refunds Issued,Classification,2,2024,2,2024,1,02,05
2024-02-05,Taxes - Individual Tax Refunds (Checks),null,274,1081,22066,V,Income Tax Refunds Issued,Classification,3,2024,2,2024,1,02,05
2024-02-05,Taxes - Individual Tax Refunds (EFT),null,572,558,24100,V,Income Tax Refunds Issued,Classification,4,2024,2,2024,1,02,05
2024-02-02,Taxes - Business Tax Refunds (Checks),null,15,75,21934,V,Income Tax Refunds Issued,Classification,1,2024,2,2024,1,02,02
2024-02-02,Taxes - Business Tax Refunds (EFT),null,74,125,6302,V,Income Tax Refunds Issued,Classification,2,2024,2,2024,1,02,02
2024-02-02,Taxes - Individual Tax Refunds (Checks),null,791,807,21792,V,Income Tax Refunds Issued,Classification,3,2024,2,2024,1,02,02
2024-02-02,Taxes - Individual Tax Refunds (EFT),null,-7,-14,23528,V,Income Tax Refunds Issued,Classification,4,2024,2,2024,1,02,02
2024-02-01,Taxes - Business Tax Refunds (Checks),null,60,60,21919,V,Income Tax Refunds Issued,Classification,1,2024,2,2024,1,02,01
2024-02-01,Taxes - Business Tax Refunds (EFT),null,51,51,6228,V,Income Tax Refunds Issued,Classification,2,2024,2,2024,1,02,01
2024-02-01,Taxes - Individual Tax Refunds (Checks),null,16,16,21001,V,Income Tax Refunds Issued,Classification,3,2024,2,2024,1,02,01
2024-02-01,Taxes - Individual Tax Refunds (EFT),null,-7,-7,23535,V,Income Tax Refunds Issued,Classification,4,2024,2,2024,1,02,01
2024-01-31,Taxes - Business Tax Refunds (Checks),null,8,3712,21859,V,Income Tax Refunds Issued,Classification,1,2024,2,2024,1,01,31
2024-01-31,Taxes - Business Tax Refunds (EFT),null,777,3369,6177,V,Income Tax Refunds Issued,Classification,2,2024,2,2024,1,01,31
2024-01-31,Taxes - Individual Tax Refunds (Checks),null,31,970,20985,V,Income Tax Refunds Issued,Classification,3,2024,2,2024,1,01,31
2024-01-31,Taxes - Individual Tax Refunds (EFT),null,448,740,23542,V,Income Tax Refunds Issued,Classification,4,2024,2,2024,1,01,31
2024-01-30,Taxes - Business Tax Refunds (Checks),null,36,3704,21851,V,Income Tax Refunds Issued,Classification,1,2024,2,2024,1,01,30
2024-01-30,Taxes - Business Tax Refunds (EFT),null,129,2592,5400,V,Income Tax Refunds Issued,Classification,2,2024,2,2024,1,01,30
2024-01-30,Taxes - Individual Tax Refunds (Checks),null,117,939,20954,V,Income Tax Refunds Issued,Classification,3,2024,2,2024,1,01,30
2024-01-30,Taxes - Individual Tax Refunds (EFT),null,23,292,23093,V,Income Tax Refunds Issued,Classification,4,2024,2,2024,1,01,30
2024-01-29,Taxes - Business Tax Refunds (Checks),null,36,3667,21814,V,Income Tax Refunds Issued,Classification,1,2024,2,2024,1,01,29
2024-01-29,Taxes - Business Tax Refunds (EFT),null,-1,2464,5271,V,Income Tax Refunds Issued,Classification,2,2024,2,2024,1,01,29
2024-01-29,Taxes - Individual Tax Refunds (Checks),null,50,822,20837,V,Income Tax Refunds Issued,Classification,3,2024,2,2024,1,01,29
2024-01-29,Taxes - Individual Tax Refunds (EFT),null,131,269,23071,V,Income Tax Refunds Issued,Classification,4,2024,2,2024,1,01,29
2024-01-26,Taxes - Business Tax Refunds (Checks),null,58,3631,21778,V,Income Tax Refunds Issued,Classification,1,2024,2,2024,1,01,26
2024-01-26,Taxes - Business Tax Refunds (EFT),null,899,2465,5272,V,Income Tax Refunds Issued,Classification,2,2024,2,2024,1,01,26
2024-01-26,Taxes - Individual Tax Refunds (Checks),null,7,772,20786,V,Income Tax Refunds Issued,Classification,3,2024,2,2024,1,01,26
2024-01-26,Taxes - Individual Tax Refunds (EFT),null,73,138,22940,V,Income Tax Refunds Issued,Classification,4,2024,2,2024,1,01,26
2024-01-25,Taxes - Business Tax Refunds (Checks),null,11,3574,21721,V,Income Tax Refunds Issued,Classification,1,2024,2,2024,1,01,25
2024-01-25,Taxes - Business Tax Refunds (EFT),null,39,1565,4373,V,Income Tax Refunds Issued,Classification,2,2024,2,2024,1,01,25
2024-01-25,Taxes - Individual Tax Refunds (Checks),null,10,765,20780,V,Income Tax Refunds Issued,Classification,3,2024,2,2024,1,01,25
2024-01-25,Taxes - Individual Tax Refunds (EFT),null,0,65,22867,V,Income Tax Refunds Issued,Classification,4,2024,2,2024,1,01,25
2024-01-24,Taxes - Business Tax Refunds (Checks),null,23,3563,21710,V,Income Tax Refunds Issued,Classification,1,2024,2,2024,1,01,24
2024-01-24,Taxes - Business Tax Refunds (EFT),null,6,1527,4335,V,Income Tax Refunds Issued,Classification,2,2024,2,2024,1,01,24
2024-01-24,Taxes - Individual Tax Refunds (Checks),null,4,755,20770,V,Income Tax Refunds Issued,Classification,3,2024,2,2024,1,01,24
2024-01-24,Taxes - Individual Tax Refunds (EFT),null,0,65,22867,V,Income Tax Refunds Issued,Classification,4,2024,2,2024,1,01,24
2024-01-23,Taxes - Business Tax Refunds (Checks),null,30,3541,21688,V,Income Tax Refunds Issued,Classification,1,2024,2,2024,1,01,23
2024-01-23,Taxes - Business Tax Refunds (EFT),null,8,1521,4329,V,Income Tax Refunds Issued,Classification,2,2024,2,2024,1,01,23
2024-01-23,Taxes - Individual Tax Refunds (Checks),null,5,751,20766,V,Income Tax Refunds Issued,Classification,3,2024,2,2024,1,01,23
2024-01-23,Taxes - Individual Tax Refunds (EFT),null,0,65,22867,V,Income Tax Refunds Issued,Classification,4,2024,2,2024,1,01,23
2024-01-22,Taxes - Business Tax Refunds (Checks),null,92,3511,21658,V,Income Tax Refunds Issued,Classification,1,2024,2,2024,1,01,22
2024-01-22,Taxes - Business Tax Refunds (EFT),null,0,1512,4320,V,Income Tax Refunds Issued,Classification,2,2024,2,2024,1,01,22
2024-01-22,Taxes - Individual Tax Refunds (Checks),null,7,746,20761,V,Income Tax Refunds Issued,Classification,3,2024,2,2024,1,01,22
2024-01-22,Taxes - Individual Tax Refunds (EFT),null,-3,65,22867,V,Income Tax Refunds Issued,Classification,4,2024,2,2024,1,01,22
2024-01-19,Taxes - Business Tax Refunds (Checks),null,35,3419,21566,V,Income Tax Refunds Issued,Classification,1,2024,2,2024,1,01,19
2024-01-19,Taxes - Business Tax Refunds (EFT),null,347,1513,4321,V,Income Tax Refunds Issued,Classification,2,2024,2,2024,1,01,19
2024-01-19,Taxes - Individual Tax Refunds (Checks),null,7,739,20754,V,Income Tax Refunds Issued,Classification,3,2024,2,2024,1,01,19
2024-01-19,Taxes - Individual Tax Refunds (EFT),null,0,69,22870,V,Income Tax Refunds Issued,Classification,4,2024,2,2024,1,01,19
2024-01-18,Taxes - Business Tax Refunds (Checks),null,4,3384,21531,V,Income Tax Refunds Issued,Classification,1,2024,2,2024,1,01,18
2024-01-18,Taxes - Business Tax Refunds (EFT),null,822,1166,3974,V,Income Tax Refunds Issued,Classification,2,2024,2,2024,1,01,18
2024-01-18,Taxes - Individual Tax Refunds (Checks),null,4,731,20746,V,Income Tax Refunds Issued,Classification,3,2024,2,2024,1,01,18
2024-01-18,Taxes - Individual Tax Refunds (EFT),null,2,69,22870,V,Income Tax Refunds Issued,Classification,4,2024,2,2024,1,01,18
2024-01-17,Taxes - Business Tax Refunds (Checks),null,11,3380,21527,V,Income Tax Refunds Issued,Classification,1,2024,2,2024,1,01,17
2024-01-17,Taxes - Business Tax Refunds (EFT),null,96,345,3152,V,Income Tax Refunds Issued,Classification,2,2024,2,2024,1,01,17
2024-01-17,Taxes - Individual Tax Refunds (Checks),null,10,727,20742,V,Income Tax Refunds Issued,Classification,3,2024,2,2024,1,01,17
2024-01-17,Taxes - Individual Tax Refunds (EFT),null,0,67,22868,V,Income Tax Refunds Issued,Classification,4,2024,2,2024,1,01,17
2024-01-16,Taxes - Business Tax Refunds (Checks),null,771,3370,21517,V,Income Tax Refunds Issued,Classification,1,2024,2,2024,1,01,16
2024-01-16,Taxes - Business Tax Refunds (EFT),null,15,248,3056,V,Income Tax Refunds Issued,Classification,2,2024,2,2024,1,01,16
2024-01-16,Taxes - Individual Tax Refunds (Checks),null,16,718,20733,V,Income Tax Refunds Issued,Classification,3,2024,2,2024,1,01,16
2024-01-16,Taxes - Individual Tax Refunds (EFT),null,-1,67,22868,V,Income Tax Refunds Issued,Classification,4,2024,2,2024,1,01,16
2024-01-12,Taxes - Business Tax Refunds (Checks),null,11,2599,20746,V,Income Tax Refunds Issued,Classification,1,2024,2,2024,1,01,12
2024-01-12,Taxes - Business Tax Refunds (EFT),null,6,234,3041,V,Income Tax Refunds Issued,Classification,2,2024,2,2024,1,01,12
2024-01-12,Taxes - Individual Tax Refunds (Checks),null,5,702,20717,V,Income Tax Refunds Issued,Classification,3,2024,2,2024,1,01,12
2024-01-12,Taxes - Individual Tax Refunds (EFT),null,0,67,22869,V,Income Tax Refunds Issued,Classification,4,2024,2,2024,1,01,12
2024-01-11,Taxes - Business Tax Refunds (Checks),null,1,2587,20734,V,Income Tax Refunds Issued,Classification,1,2024,2,2024,1,01,11
2024-01-11,Taxes - Business Tax Refunds (EFT),null,2,227,3035,V,Income Tax Refunds Issued,Classification,2,2024,2,2024,1,01,11
2024-01-11,Taxes - Individual Tax Refunds (Checks),null,11,697,20712,V,Income Tax Refunds Issued,Classification,3,2024,2,2024,1,01,11
2024-01-11,Taxes - Individual Tax Refunds (EFT),null,0,68,22869,V,Income Tax Refunds Issued,Classification,4,2024,2,2024,1,01,11
2024-01-10,Taxes - Business Tax Refunds (Checks),null,1,2586,20733,V,Income Tax Refunds Issued,Classification,1,2024,2,2024,1,01,10
2024-01-10,Taxes - Business Tax Refunds (EFT),null,0,225,3033,V,Income Tax Refunds Issued,Classification,2,2024,2,2024,1,01,10
2024-01-10,Taxes - Individual Tax Refunds (Checks),null,3,686,20701,V,Income Tax Refunds Issued,Classification,3,2024,2,2024,1,01,10
2024-01-10,Taxes - Individual Tax Refunds (EFT),null,-16,68,22869,V,Income Tax Refunds Issued,Classification,4,2024,2,2024,1,01,10
2024-01-09,Taxes - Business Tax Refunds (Checks),null,1353,2585,20732,V,Income Tax Refunds Issued,Classification,1,2024,2,2024,1,01,09
2024-01-09,Taxes - Business Tax Refunds (EFT),null,77,225,3033,V,Income Tax Refunds Issued,Classification,2,2024,2,2024,1,01,09
2024-01-09,Taxes - Individual Tax Refunds (Checks),null,6,682,20697,V,Income Tax Refunds Issued,Classification,3,2024,2,2024,1,01,09
2024-01-09,Taxes - Individual Tax Refunds (EFT),null,0,83,22885,V,Income Tax Refunds Issued,Classification,4,2024,2,2024,1,01,09
2024-01-08,Taxes - Business Tax Refunds (Checks),null,55,1232,19379,V,Income Tax Refunds Issued,Classification,1,2024,2,2024,1,01,08
2024-01-08,Taxes - Business Tax Refunds (EFT),null,84,148,2956,V,Income Tax Refunds Issued,Classification,2,2024,2,2024,1,01,08
2024-01-08,Taxes - Individual Tax Refunds (Checks),null,5,677,20691,V,Income Tax Refunds Issued,Classification,3,2024,2,2024,1,01,08
2024-01-08,Taxes - Individual Tax Refunds (EFT),null,16,83,22885,V,Income Tax Refunds Issued,Classification,4,2024,2,2024,1,01,08
2024-01-05,Taxes - Business Tax Refunds (Checks),null,6,1177,19324,V,Income Tax Refunds Issued,Classification,1,2024,2,2024,1,01,05
2024-01-05,Taxes - Business Tax Refunds (EFT),null,-6,64,2872,V,Income Tax Refunds Issued,Classification,2,2024,2,2024,1,01,05
2024-01-05,Taxes - Individual Tax Refunds (Checks),null,2,671,20686,V,Income Tax Refunds Issued,Classification,3,2024,2,2024,1,01,05
2024-01-05,Taxes - Individual Tax Refunds (EFT),null,0,68,22869,V,Income Tax Refunds Issued,Classification,4,2024,2,2024,1,01,05
2024-01-04,Taxes - Business Tax Refunds (Checks),null,5,1171,19318,V,Income Tax Refunds Issued,Classification,1,2024,2,2024,1,01,04
2024-01-04,Taxes - Business Tax Refunds (EFT),null,20,71,2878,V,Income Tax Refunds Issued,Classification,2,2024,2,2024,1,01,04
2024-01-04,Taxes - Individual Tax Refunds (Checks),null,168,669,20684,V,Income Tax Refunds Issued,Classification,3,2024,2,2024,1,01,04
2024-01-04,Taxes - Individual Tax Refunds (EFT),null,-2,68,22869,V,Income Tax Refunds Issued,Classification,4,2024,2,2024,1,01,04
2024-01-03,Taxes - Business Tax Refunds (Checks),null,0,1166,19313,V,Income Tax Refunds Issued,Classification,1,2024,2,2024,1,01,03
2024-01-03,Taxes - Business Tax Refunds (EFT),null,0,50,2858,V,Income Tax Refunds Issued,Classification,2,2024,2,2024,1,01,03
2024-01-03,Taxes - Individual Tax Refunds (Checks),null,9,501,20516,V,Income Tax Refunds Issued,Classification,3,2024,2,2024,1,01,03
2024-01-03,Taxes - Individual Tax Refunds (EFT),null,-2,69,22871,V,Income Tax Refunds Issued,Classification,4,2024,2,2024,1,01,03
2024-01-02,Taxes - Business Tax Refunds (Checks),null,1166,1166,19313,V,Income Tax Refunds Issued,Classification,1,2024,2,2024,1,01,02
2024-01-02,Taxes - Business Tax Refunds (EFT),null,51,51,2859,V,Income Tax Refunds Issued,Classification,2,2024,2,2024,1,01,02
2024-01-02,Taxes - Individual Tax Refunds (Checks),null,492,492,20506,V,Income Tax Refunds Issued,Classification,3,2024,2,2024,1,01,02
2024-01-02,Taxes - Individual Tax Refunds (EFT),null,72,72,22873,V,Income Tax Refunds Issued,Classification,4,2024,2,2024,1,01,02
2023-12-29,Taxes - Business Tax Refunds (Checks),null,0,4376,18147,V,Income Tax Refunds Issued,Classification,1,2024,1,2023,4,12,29
2023-12-29,Taxes - Business Tax Refunds (EFT),null,0,956,2808,V,Income Tax Refunds Issued,Classification,2,2024,1,2023,4,12,29
2023-12-29,Taxes - Individual Tax Refunds (Checks),null,14,3969,20015,V,Income Tax Refunds Issued,Classification,3,2024,1,2023,4,12,29
2023-12-29,Taxes - Individual Tax Refunds (EFT),null,1,1739,22802,V,Income Tax Refunds Issued,Classification,4,2024,1,2023,4,12,29
2023-12-28,Taxes - Business Tax Refunds (Checks),null,0,4376,18147,V,Income Tax Refunds Issued,Classification,1,2024,1,2023,4,12,28
2023-12-28,Taxes - Business Tax Refunds (EFT),null,-1,956,2808,V,Income Tax Refunds Issued,Classification,2,2024,1,2023,4,12,28
2023-12-28,Taxes - Individual Tax Refunds (Checks),null,16,3955,20000,V,Income Tax Refunds Issued,Classification,3,2024,1,2023,4,12,28
2023-12-28,Taxes - Individual Tax Refunds (EFT),null,163,1737,22800,V,Income Tax Refunds Issued,Classification,4,2024,1,2023,4,12,28
2023-12-27,Taxes - Business Tax Refunds (Checks),null,0,4376,18147,V,Income Tax Refunds Issued,Classification,1,2024,1,2023,4,12,27
2023-12-27,Taxes - Business Tax Refunds (EFT),null,0,956,2809,V,Income Tax Refunds Issued,Classification,2,2024,1,2023,4,12,27
2023-12-27,Taxes - Individual Tax Refunds (Checks),null,11,3939,19984,V,Income Tax Refunds Issued,Classification,3,2024,1,2023,4,12,27
2023-12-27,Taxes - Individual Tax Refunds (EFT),null,8,1575,22638,V,Income Tax Refunds Issued,Classification,4,2024,1,2023,4,12,27
2023-12-26,Taxes - Business Tax Refunds (Checks),null,779,4376,18147,V,Income Tax Refunds Issued,Classification,1,2024,1,2023,4,12,26
2023-12-26,Taxes - Business Tax Refunds (EFT),null,36,956,2809,V,Income Tax Refunds Issued,Classification,2,2024,1,2023,4,12,26
2023-12-26,Taxes - Individual Tax Refunds (Checks),null,8,3928,19973,V,Income Tax Refunds Issued,Classification,3,2024,1,2023,4,12,26
2023-12-26,Taxes - Individual Tax Refunds (EFT),null,4,1567,22629,V,Income Tax Refunds Issued,Classification,4,2024,1,2023,4,12,26
2023-12-22,Taxes - Business Tax Refunds (Checks),null,0,3597,17368,V,Income Tax Refunds Issued,Classification,1,2024,1,2023,4,12,22
2023-12-22,Taxes - Business Tax Refunds (EFT),null,0,920,2773,V,Income Tax Refunds Issued,Classification,2,2024,1,2023,4,12,22
2023-12-22,Taxes - Individual Tax Refunds (Checks),null,548,3919,19965,V,Income Tax Refunds Issued,Classification,3,2024,1,2023,4,12,22
2023-12-22,Taxes - Individual Tax Refunds (EFT),null,-1,1562,22625,V,Income Tax Refunds Issued,Classification,4,2024,1,2023,4,12,22
2023-12-21,Taxes - Business Tax Refunds (Checks),null,0,3597,17368,V,Income Tax Refunds Issued,Classification,1,2024,1,2023,4,12,21
2023-12-21,Taxes - Business Tax Refunds (EFT),null,0,920,2773,V,Income Tax Refunds Issued,Classification,2,2024,1,2023,4,12,21
2023-12-21,Taxes - Individual Tax Refunds (Checks),null,20,3371,19417,V,Income Tax Refunds Issued,Classification,3,2024,1,2023,4,12,21
2023-12-21,Taxes - Individual Tax Refunds (EFT),null,-3,1563,22626,V,Income Tax Refunds Issued,Classification,4,2024,1,2023,4,12,21
2023-12-20,Taxes - Business Tax Refunds (Checks),null,0,3597,17368,V,Income Tax Refunds Issued,Classification,1,2024,1,2023,4,12,20
2023-12-20,Taxes - Business Tax Refunds (EFT),null,-6,920,2773,V,Income Tax Refunds Issued,Classification,2,2024,1,2023,4,12,20
2023-12-20,Taxes - Individual Tax Refunds (Checks),null,15,3352,19397,V,Income Tax Refunds Issued,Classification,3,2024,1,2023,4,12,20
2023-12-20,Taxes - Individual Tax Refunds (EFT),null,295,1566,22629,V,Income Tax Refunds Issued,Classification,4,2024,1,2023,4,12,20
2023-12-19,Taxes - Business Tax Refunds (Checks),null,1348,3597,17368,V,Income Tax Refunds Issued,Classification,1,2024,1,2023,4,12,19
2023-12-19,Taxes - Business Tax Refunds (EFT),null,76,927,2779,V,Income Tax Refunds Issued,Classification,2,2024,1,2023,4,12,19
2023-12-19,Taxes - Individual Tax Refunds (Checks),null,14,3337,19382,V,Income Tax Refunds Issued,Classification,3,2024,1,2023,4,12,19
2023-12-19,Taxes - Individual Tax Refunds (EFT),null,30,1270,22333,V,Income Tax Refunds Issued,Classification,4,2024,1,2023,4,12,19
2023-12-18,Taxes - Business Tax Refunds (Checks),null,6,2249,16020,V,Income Tax Refunds Issued,Classification,1,2024,1,2023,4,12,18
2023-12-18,Taxes - Business Tax Refunds (EFT),null,2,851,2703,V,Income Tax Refunds Issued,Classification,2,2024,1,2023,4,12,18
2023-12-18,Taxes - Individual Tax Refunds (Checks),null,24,3322,19368,V,Income Tax Refunds Issued,Classification,3,2024,1,2023,4,12,18
2023-12-18,Taxes - Individual Tax Refunds (EFT),null,4,1240,22303,V,Income Tax Refunds Issued,Classification,4,2024,1,2023,4,12,18
2023-12-15,Taxes - Business Tax Refunds (Checks),null,20,2243,16014,V,Income Tax Refunds Issued,Classification,1,2024,1,2023,4,12,15
2023-12-15,Taxes - Business Tax Refunds (EFT),null,491,849,2701,V,Income Tax Refunds Issued,Classification,2,2024,1,2023,4,12,15
2023-12-15,Taxes - Individual Tax Refunds (Checks),null,894,3298,19344,V,Income Tax Refunds Issued,Classification,3,2024,1,2023,4,12,15
2023-12-15,Taxes - Individual Tax Refunds (EFT),null,-6,1236,22299,V,Income Tax Refunds Issued,Classification,4,2024,1,2023,4,12,15
2023-12-14,Taxes - Business Tax Refunds (Checks),null,10,2223,15994,V,Income Tax Refunds Issued,Classification,1,2024,1,2023,4,12,14
2023-12-14,Taxes - Business Tax Refunds (EFT),null,208,358,2210,V,Income Tax Refunds Issued,Classification,2,2024,1,2023,4,12,14
2023-12-14,Taxes - Individual Tax Refunds (Checks),null,40,2404,18450,V,Income Tax Refunds Issued,Classification,3,2024,1,2023,4,12,14
2023-12-14,Taxes - Individual Tax Refunds (EFT),null,-11,1242,22305,V,Income Tax Refunds Issued,Classification,4,2024,1,2023,4,12,14
2023-12-13,Taxes - Business Tax Refunds (Checks),null,15,2213,15984,V,Income Tax Refunds Issued,Classification,1,2024,1,2023,4,12,13
2023-12-13,Taxes - Business Tax Refunds (EFT),null,6,150,2002,V,Income Tax Refunds Issued,Classification,2,2024,1,2023,4,12,13
2023-12-13,Taxes - Individual Tax Refunds (Checks),null,28,2364,18410,V,Income Tax Refunds Issued,Classification,3,2024,1,2023,4,12,13
2023-12-13,Taxes - Individual Tax Refunds (EFT),null,446,1253,22316,V,Income Tax Refunds Issued,Classification,4,2024,1,2023,4,12,13
2023-12-12,Taxes - Business Tax Refunds (Checks),null,862,2199,15969,V,Income Tax Refunds Issued,Classification,1,2024,1,2023,4,12,12
2023-12-12,Taxes - Business Tax Refunds (EFT),null,-54,143,1996,V,Income Tax Refunds Issued,Classification,2,2024,1,2023,4,12,12
2023-12-12,Taxes - Individual Tax Refunds (Checks),null,36,2336,18382,V,Income Tax Refunds Issued,Classification,3,2024,1,2023,4,12,12
2023-12-12,Taxes - Individual Tax Refunds (EFT),null,17,808,21870,V,Income Tax Refunds Issued,Classification,4,2024,1,2023,4,12,12
2023-12-11,Taxes - Business Tax Refunds (Checks),null,85,1337,15108,V,Income Tax Refunds Issued,Classification,1,2024,1,2023,4,12,11
2023-12-11,Taxes - Business Tax Refunds (EFT),null,-5,197,2049,V,Income Tax Refunds Issued,Classification,2,2024,1,2023,4,12,11
2023-12-11,Taxes - Individual Tax Refunds (Checks),null,24,2300,18345,V,Income Tax Refunds Issued,Classification,3,2024,1,2023,4,12,11
2023-12-11,Taxes - Individual Tax Refunds (EFT),null,19,790,21853,V,Income Tax Refunds Issued,Classification,4,2024,1,2023,4,12,11
2023-12-08,Taxes - Business Tax Refunds (Checks),null,53,1252,15022,V,Income Tax Refunds Issued,Classification,1,2024,1,2023,4,12,08
2023-12-08,Taxes - Business Tax Refunds (EFT),null,0,202,2054,V,Income Tax Refunds Issued,Classification,2,2024,1,2023,4,12,08
2023-12-08,Taxes - Individual Tax Refunds (Checks),null,1711,2275,18321,V,Income Tax Refunds Issued,Classification,3,2024,1,2023,4,12,08
2023-12-08,Taxes - Individual Tax Refunds (EFT),null,-8,771,21834,V,Income Tax Refunds Issued,Classification,4,2024,1,2023,4,12,08
2023-12-07,Taxes - Business Tax Refunds (Checks),null,33,1199,14969,V,Income Tax Refunds Issued,Classification,1,2024,1,2023,4,12,07
2023-12-07,Taxes - Business Tax Refunds (EFT),null,8,202,2054,V,Income Tax Refunds Issued,Classification,2,2024,1,2023,4,12,07
2023-12-07,Taxes - Individual Tax Refunds (Checks),null,28,565,16610,V,Income Tax Refunds Issued,Classification,3,2024,1,2023,4,12,07
2023-12-07,Taxes - Individual Tax Refunds (EFT),null,5,779,21842,V,Income Tax Refunds Issued,Classification,4,2024,1,2023,4,12,07
2023-12-06,Taxes - Business Tax Refunds (Checks),null,3,1166,14936,V,Income Tax Refunds Issued,Classification,1,2024,1,2023,4,12,06
2023-12-06,Taxes - Business Tax Refunds (EFT),null,0,194,2046,V,Income Tax Refunds Issued,Classification,2,2024,1,2023,4,12,06
2023-12-06,Taxes - Individual Tax Refunds (Checks),null,83,537,16582,V,Income Tax Refunds Issued,Classification,3,2024,1,2023,4,12,06
2023-12-06,Taxes - Individual Tax Refunds (EFT),null,682,774,21836,V,Income Tax Refunds Issued,Classification,4,2024,1,2023,4,12,06
2023-12-05,Taxes - Business Tax Refunds (Checks),null,1091,1163,14933,V,Income Tax Refunds Issued,Classification,1,2024,1,2023,4,12,05
2023-12-05,Taxes - Business Tax Refunds (EFT),null,121,194,2046,V,Income Tax Refunds Issued,Classification,2,2024,1,2023,4,12,05
2023-12-05,Taxes - Individual Tax Refunds (Checks),null,5,454,16500,V,Income Tax Refunds Issued,Classification,3,2024,1,2023,4,12,05
2023-12-05,Taxes - Individual Tax Refunds (EFT),null,23,92,21155,V,Income Tax Refunds Issued,Classification,4,2024,1,2023,4,12,05
2023-12-04,Taxes - Business Tax Refunds (Checks),null,68,72,13843,V,Income Tax Refunds Issued,Classification,1,2024,1,2023,4,12,04
2023-12-04,Taxes - Business Tax Refunds (EFT),null,78,73,1926,V,Income Tax Refunds Issued,Classification,2,2024,1,2023,4,12,04
2023-12-04,Taxes - Individual Tax Refunds (Checks),null,72,449,16495,V,Income Tax Refunds Issued,Classification,3,2024,1,2023,4,12,04
2023-12-04,Taxes - Individual Tax Refunds (EFT),null,73,69,21132,V,Income Tax Refunds Issued,Classification,4,2024,1,2023,4,12,04
2023-12-01,Taxes - Business Tax Refunds (Checks),null,5,5,13775,V,Income Tax Refunds Issued,Classification,1,2024,1,2023,4,12,01
2023-12-01,Taxes - Business Tax Refunds (EFT),null,-4,-4,1848,V,Income Tax Refunds Issued,Classification,2,2024,1,2023,4,12,01
2023-12-01,Taxes - Individual Tax Refunds (Checks),null,378,378,16423,V,Income Tax Refunds Issued,Classification,3,2024,1,2023,4,12,01
2023-12-01,Taxes - Individual Tax Refunds (EFT),null,-4,-4,21059,V,Income Tax Refunds Issued,Classification,4,2024,1,2023,4,12,01
2023-11-30,Taxes - Business Tax Refunds (Checks),null,24,6682,13771,V,Income Tax Refunds Issued,Classification,1,2024,1,2023,4,11,30
2023-11-30,Taxes - Business Tax Refunds (EFT),null,16,640,1852,V,Income Tax Refunds Issued,Classification,2,2024,1,2023,4,11,30
2023-11-30,Taxes - Individual Tax Refunds (Checks),null,32,11413,16046,V,Income Tax Refunds Issued,Classification,3,2024,1,2023,4,11,30
2023-11-30,Taxes - Individual Tax Refunds (EFT),null,36,11930,21063,V,Income Tax Refunds Issued,Classification,4,2024,1,2023,4,11,30
2023-11-29,Taxes - Business Tax Refunds (Checks),null,14,6658,13746,V,Income Tax Refunds Issued,Classification,1,2024,1,2023,4,11,29
2023-11-29,Taxes - Business Tax Refunds (EFT),null,0,623,1836,V,Income Tax Refunds Issued,Classification,2,2024,1,2023,4,11,29
2023-11-29,Taxes - Individual Tax Refunds (Checks),null,42,11381,16013,V,Income Tax Refunds Issued,Classification,3,2024,1,2023,4,11,29
2023-11-29,Taxes - Individual Tax Refunds (EFT),null,223,11894,21027,V,Income Tax Refunds Issued,Classification,4,2024,1,2023,4,11,29
2023-11-28,Taxes - Business Tax Refunds (Checks),null,1040,6643,13732,V,Income Tax Refunds Issued,Classification,1,2024,1,2023,4,11,28
2023-11-28,Taxes - Business Tax Refunds (EFT),null,13,623,1836,V,Income Tax Refunds Issued,Classification,2,2024,1,2023,4,11,28
2023-11-28,Taxes - Individual Tax Refunds (Checks),null,15,11340,15972,V,Income Tax Refunds Issued,Classification,3,2024,1,2023,4,11,28
2023-11-28,Taxes - Individual Tax Refunds (EFT),null,38,11671,20804,V,Income Tax Refunds Issued,Classification,4,2024,1,2023,4,11,28
2023-11-27,Taxes - Business Tax Refunds (Checks),null,12,5603,12692,V,Income Tax Refunds Issued,Classification,1,2024,1,2023,4,11,27
2023-11-27,Taxes - Business Tax Refunds (EFT),null,93,610,1823,V,Income Tax Refunds Issued,Classification,2,2024,1,2023,4,11,27
2023-11-27,Taxes - Individual Tax Refunds (Checks),null,958,11324,15956,V,Income Tax Refunds Issued,Classification,3,2024,1,2023,4,11,27
2023-11-27,Taxes - Individual Tax Refunds (EFT),null,6,11633,20766,V,Income Tax Refunds Issued,Classification,4,2024,1,2023,4,11,27
2023-11-24,Taxes - Business Tax Refunds (Checks),null,8,5591,12680,V,Income Tax Refunds Issued,Classification,1,2024,1,2023,4,11,24
2023-11-24,Taxes - Business Tax Refunds (EFT),null,4,518,1730,V,Income Tax Refunds Issued,Classification,2,2024,1,2023,4,11,24
2023-11-24,Taxes - Individual Tax Refunds (Checks),null,45,10366,14999,V,Income Tax Refunds Issued,Classification,3,2024,1,2023,4,11,24
2023-11-24,Taxes - Individual Tax Refunds (EFT),null,12,11628,20760,V,Income Tax Refunds Issued,Classification,4,2024,1,2023,4,11,24
2023-11-22,Taxes - Business Tax Refunds (Checks),null,6,5584,12672,V,Income Tax Refunds Issued,Classification,1,2024,1,2023,4,11,22
2023-11-22,Taxes - Business Tax Refunds (EFT),null,0,513,1726,V,Income Tax Refunds Issued,Classification,2,2024,1,2023,4,11,22
2023-11-22,Taxes - Individual Tax Refunds (Checks),null,82,10321,14953,V,Income Tax Refunds Issued,Classification,3,2024,1,2023,4,11,22
2023-11-22,Taxes - Individual Tax Refunds (EFT),null,528,11615,20748,V,Income Tax Refunds Issued,Classification,4,2024,1,2023,4,11,22
2023-11-21,Taxes - Business Tax Refunds (Checks),null,1387,5577,12666,V,Income Tax Refunds Issued,Classification,1,2024,1,2023,4,11,21
2023-11-21,Taxes - Business Tax Refunds (EFT),null,17,514,1726,V,Income Tax Refunds Issued,Classification,2,2024,1,2023,4,11,21
2023-11-21,Taxes - Individual Tax Refunds (Checks),null,2,10240,14872,V,Income Tax Refunds Issued,Classification,3,2024,1,2023,4,11,21
2023-11-21,Taxes - Individual Tax Refunds (EFT),null,20,11087,20220,V,Income Tax Refunds Issued,Classification,4,2024,1,2023,4,11,21
2023-11-20,Taxes - Business Tax Refunds (Checks),null,56,4191,11279,V,Income Tax Refunds Issued,Classification,1,2024,1,2023,4,11,20
2023-11-20,Taxes - Business Tax Refunds (EFT),null,5,497,1709,V,Income Tax Refunds Issued,Classification,2,2024,1,2023,4,11,20
2023-11-20,Taxes - Individual Tax Refunds (Checks),null,2870,10238,14870,V,Income Tax Refunds Issued,Classification,3,2024,1,2023,4,11,20
2023-11-20,Taxes - Individual Tax Refunds (EFT),null,54,11067,20199,V,Income Tax Refunds Issued,Classification,4,2024,1,2023,4,11,20
2023-11-17,Taxes - Business Tax Refunds (Checks),null,16,4135,11223,V,Income Tax Refunds Issued,Classification,1,2024,1,2023,4,11,17
2023-11-17,Taxes - Business Tax Refunds (EFT),null,0,492,1704,V,Income Tax Refunds Issued,Classification,2,2024,1,2023,4,11,17
2023-11-17,Taxes - Individual Tax Refunds (Checks),null,75,7368,12000,V,Income Tax Refunds Issued,Classification,3,2024,1,2023,4,11,17
2023-11-17,Taxes - Individual Tax Refunds (EFT),null,-9,11013,20145,V,Income Tax Refunds Issued,Classification,4,2024,1,2023,4,11,17
2023-11-16,Taxes - Business Tax Refunds (Checks),null,137,4119,11208,V,Income Tax Refunds Issued,Classification,1,2024,1,2023,4,11,16
2023-11-16,Taxes - Business Tax Refunds (EFT),null,5,492,1704,V,Income Tax Refunds Issued,Classification,2,2024,1,2023,4,11,16
2023-11-16,Taxes - Individual Tax Refunds (Checks),null,46,7293,11926,V,Income Tax Refunds Issued,Classification,3,2024,1,2023,4,11,16
2023-11-16,Taxes - Individual Tax Refunds (EFT),null,1035,11022,20154,V,Income Tax Refunds Issued,Classification,4,2024,1,2023,4,11,16
2023-11-15,Taxes - Business Tax Refunds (Checks),null,2,3982,11071,V,Income Tax Refunds Issued,Classification,1,2024,1,2023,4,11,15
2023-11-15,Taxes - Business Tax Refunds (EFT),null,27,486,1699,V,Income Tax Refunds Issued,Classification,2,2024,1,2023,4,11,15
2023-11-15,Taxes - Individual Tax Refunds (Checks),null,110,7248,11880,V,Income Tax Refunds Issued,Classification,3,2024,1,2023,4,11,15
2023-11-15,Taxes - Individual Tax Refunds (EFT),null,25,9986,19119,V,Income Tax Refunds Issued,Classification,4,2024,1,2023,4,11,15
2023-11-14,Taxes - Business Tax Refunds (Checks),null,1731,3980,11069,V,Income Tax Refunds Issued,Classification,1,2024,1,2023,4,11,14
2023-11-14,Taxes - Business Tax Refunds (EFT),null,227,460,1672,V,Income Tax Refunds Issued,Classification,2,2024,1,2023,4,11,14
2023-11-14,Taxes - Individual Tax Refunds (Checks),null,95,7138,11770,V,Income Tax Refunds Issued,Classification,3,2024,1,2023,4,11,14
2023-11-14,Taxes - Individual Tax Refunds (EFT),null,26,9961,19094,V,Income Tax Refunds Issued,Classification,4,2024,1,2023,4,11,14
2023-11-13,Taxes - Business Tax Refunds (Checks),null,81,2250,9338,V,Income Tax Refunds Issued,Classification,1,2024,1,2023,4,11,13
2023-11-13,Taxes - Business Tax Refunds (EFT),null,0,232,1445,V,Income Tax Refunds Issued,Classification,2,2024,1,2023,4,11,13
2023-11-13,Taxes - Individual Tax Refunds (Checks),null,2981,7043,11675,V,Income Tax Refunds Issued,Classification,3,2024,1,2023,4,11,13
2023-11-13,Taxes - Individual Tax Refunds (EFT),null,-38,9935,19068,V,Income Tax Refunds Issued,Classification,4,2024,1,2023,4,11,13
2023-11-10,Taxes - Business Tax Refunds (Checks),null,2,2168,9257,V,Income Tax Refunds Issued,Classification,1,2024,1,2023,4,11,10
2023-11-10,Taxes - Business Tax Refunds (EFT),null,36,232,1445,V,Income Tax Refunds Issued,Classification,2,2024,1,2023,4,11,10
2023-11-10,Taxes - Individual Tax Refunds (Checks),null,0,4061,8694,V,Income Tax Refunds Issued,Classification,3,2024,1,2023,4,11,10
2023-11-10,Taxes - Individual Tax Refunds (EFT),null,0,9973,19105,V,Income Tax Refunds Issued,Classification,4,2024,1,2023,4,11,10
2023-11-09,Taxes - Business Tax Refunds (Checks),null,39,2166,9255,V,Income Tax Refunds Issued,Classification,1,2024,1,2023,4,11,09
2023-11-09,Taxes - Business Tax Refunds (EFT),null,0,197,1409,V,Income Tax Refunds Issued,Classification,2,2024,1,2023,4,11,09
2023-11-09,Taxes - Individual Tax Refunds (Checks),null,161,4061,8694,V,Income Tax Refunds Issued,Classification,3,2024,1,2023,4,11,09
2023-11-09,Taxes - Individual Tax Refunds (EFT),null,21,9973,19105,V,Income Tax Refunds Issued,Classification,4,2024,1,2023,4,11,09
2023-11-08,Taxes - Business Tax Refunds (Checks),null,28,2128,9216,V,Income Tax Refunds Issued,Classification,1,2024,1,2023,4,11,08
2023-11-08,Taxes - Business Tax Refunds (EFT),null,3,197,1409,V,Income Tax Refunds Issued,Classification,2,2024,1,2023,4,11,08
2023-11-08,Taxes - Individual Tax Refunds (Checks),null,34,3900,8532,V,Income Tax Refunds Issued,Classification,3,2024,1,2023,4,11,08
2023-11-08,Taxes - Individual Tax Refunds (EFT),null,3343,9952,19084,V,Income Tax Refunds Issued,Classification,4,2024,1,2023,4,11,08
2023-11-07,Taxes - Business Tax Refunds (Checks),null,2009,2100,9189,V,Income Tax Refunds Issued,Classification,1,2024,1,2023,4,11,07
2023-11-07,Taxes - Business Tax Refunds (EFT),null,174,194,1407,V,Income Tax Refunds Issued,Classification,2,2024,1,2023,4,11,07
2023-11-07,Taxes - Individual Tax Refunds (Checks),null,93,3866,8499,V,Income Tax Refunds Issued,Classification,3,2024,1,2023,4,11,07
2023-11-07,Taxes - Individual Tax Refunds (EFT),null,29,6608,15741,V,Income Tax Refunds Issued,Classification,4,2024,1,2023,4,11,07
2023-11-06,Taxes - Business Tax Refunds (Checks),null,4,91,7180,V,Income Tax Refunds Issued,Classification,1,2024,1,2023,4,11,06
2023-11-06,Taxes - Business Tax Refunds (EFT),null,2,21,1233,V,Income Tax Refunds Issued,Classification,2,2024,1,2023,4,11,06
2023-11-06,Taxes - Individual Tax Refunds (Checks),null,98,3773,8406,V,Income Tax Refunds Issued,Classification,3,2024,1,2023,4,11,06
2023-11-06,Taxes - Individual Tax Refunds (EFT),null,88,6579,15712,V,Income Tax Refunds Issued,Classification,4,2024,1,2023,4,11,06
2023-11-03,Taxes - Business Tax Refunds (Checks),null,10,87,7176,V,Income Tax Refunds Issued,Classification,1,2024,1,2023,4,11,03
2023-11-03,Taxes - Business Tax Refunds (EFT),null,22,19,1232,V,Income Tax Refunds Issued,Classification,2,2024,1,2023,4,11,03
2023-11-03,Taxes - Individual Tax Refunds (Checks),null,3494,3675,8307,V,Income Tax Refunds Issued,Classification,3,2024,1,2023,4,11,03
2023-11-03,Taxes - Individual Tax Refunds (EFT),null,24,6491,15623,V,Income Tax Refunds Issued,Classification,4,2024,1,2023,4,11,03
2023-11-02,Taxes - Business Tax Refunds (Checks),null,68,77,7165,V,Income Tax Refunds Issued,Classification,1,2024,1,2023,4,11,02
2023-11-02,Taxes - Business Tax Refunds (EFT),null,-5,-3,1210,V,Income Tax Refunds Issued,Classification,2,2024,1,2023,4,11,02
2023-11-02,Taxes - Individual Tax Refunds (Checks),null,10,181,4813,V,Income Tax Refunds Issued,Classification,3,2024,1,2023,4,11,02
2023-11-02,Taxes - Individual Tax Refunds (EFT),null,109,6467,15599,V,Income Tax Refunds Issued,Classification,4,2024,1,2023,4,11,02
2023-11-01,Taxes - Business Tax Refunds (Checks),null,9,9,7097,V,Income Tax Refunds Issued,Classification,1,2024,1,2023,4,11,01
2023-11-01,Taxes - Business Tax Refunds (EFT),null,2,2,1215,V,Income Tax Refunds Issued,Classification,2,2024,1,2023,4,11,01
2023-11-01,Taxes - Individual Tax Refunds (Checks),null,171,171,4804,V,Income Tax Refunds Issued,Classification,3,2024,1,2023,4,11,01
2023-11-01,Taxes - Individual Tax Refunds (EFT),null,6358,6358,15490,V,Income Tax Refunds Issued,Classification,4,2024,1,2023,4,11,01
2023-10-31,Taxes - Business Tax Refunds (Checks),null,686,7089,7089,V,Income Tax Refunds Issued,Classification,1,2024,1,2023,4,10,31
2023-10-31,Taxes - Business Tax Refunds (EFT),null,495,1212,1212,V,Income Tax Refunds Issued,Classification,2,2024,1,2023,4,10,31
2023-10-31,Taxes - Individual Tax Refunds (Checks),null,105,4632,4632,V,Income Tax Refunds Issued,Classification,3,2024,1,2023,4,10,31
2023-10-31,Taxes - Individual Tax Refunds (EFT),null,-6,9132,9132,V,Income Tax Refunds Issued,Classification,4,2024,1,2023,4,10,31
2023-10-30,Taxes - Business Tax Refunds (Checks),null,11,6403,6403,V,Income Tax Refunds Issued,Classification,1,2024,1,2023,4,10,30
2023-10-30,Taxes - Business Tax Refunds (EFT),null,0,718,718,V,Income Tax Refunds Issued,Classification,2,2024,1,2023,4,10,30
2023-10-30,Taxes - Individual Tax Refunds (Checks),null,72,4527,4527,V,Income Tax Refunds Issued,Classification,3,2024,1,2023,4,10,30
2023-10-30,Taxes - Individual Tax Refunds (EFT),null,576,9138,9138,V,Income Tax Refunds Issued,Classification,4,2024,1,2023,4,10,30
2023-10-27,Taxes - Business Tax Refunds (Checks),null,9,6392,6392,V,Income Tax Refunds Issued,Classification,1,2024,1,2023,4,10,27
2023-10-27,Taxes - Business Tax Refunds (EFT),null,0,718,718,V,Income Tax Refunds Issued,Classification,2,2024,1,2023,4,10,27
2023-10-27,Taxes - Individual Tax Refunds (Checks),null,1419,4455,4455,V,Income Tax Refunds Issued,Classification,3,2024,1,2023,4,10,27
2023-10-27,Taxes - Individual Tax Refunds (EFT),null,256,8563,8563,V,Income Tax Refunds Issued,Classification,4,2024,1,2023,4,10,27
2023-10-26,Taxes - Business Tax Refunds (Checks),null,55,6383,6383,V,Income Tax Refunds Issued,Classification,1,2024,1,2023,4,10,26
2023-10-26,Taxes - Business Tax Refunds (EFT),null,1,718,718,V,Income Tax Refunds Issued,Classification,2,2024,1,2023,4,10,26
2023-10-26,Taxes - Individual Tax Refunds (Checks),null,139,3036,3036,V,Income Tax Refunds Issued,Classification,3,2024,1,2023,4,10,26
2023-10-26,Taxes - Individual Tax Refunds (EFT),null,205,8307,8307,V,Income Tax Refunds Issued,Classification,4,2024,1,2023,4,10,26
2023-10-25,Taxes - Business Tax Refunds (Checks),null,12,6328,6328,V,Income Tax Refunds Issued,Classification,1,2024,1,2023,4,10,25
2023-10-25,Taxes - Business Tax Refunds (EFT),null,0,717,717,V,Income Tax Refunds Issued,Classification,2,2024,1,2023,4,10,25
2023-10-25,Taxes - Individual Tax Refunds (Checks),null,77,2897,2897,V,Income Tax Refunds Issued,Classification,3,2024,1,2023,4,10,25
2023-10-25,Taxes - Individual Tax Refunds (EFT),null,2815,8102,8102,V,Income Tax Refunds Issued,Classification,4,2024,1,2023,4,10,25
2023-10-24,Taxes - Business Tax Refunds (Checks),null,2481,6316,6316,V,Income Tax Refunds Issued,Classification,1,2024,1,2023,4,10,24
2023-10-24,Taxes - Business Tax Refunds (EFT),null,42,717,717,V,Income Tax Refunds Issued,Classification,2,2024,1,2023,4,10,24
2023-10-24,Taxes - Individual Tax Refunds (Checks),null,60,2819,2819,V,Income Tax Refunds Issued,Classification,3,2024,1,2023,4,10,24
2023-10-24,Taxes - Individual Tax Refunds (EFT),null,421,5287,5287,V,Income Tax Refunds Issued,Classification,4,2024,1,2023,4,10,24
2023-10-23,Taxes - Business Tax Refunds (Checks),null,63,3834,3834,V,Income Tax Refunds Issued,Classification,1,2024,1,2023,4,10,23
2023-10-23,Taxes - Business Tax Refunds (EFT),null,146,675,675,V,Income Tax Refunds Issued,Classification,2,2024,1,2023,4,10,23
2023-10-23,Taxes - Individual Tax Refunds (Checks),null,55,2759,2759,V,Income Tax Refunds Issued,Classification,3,2024,1,2023,4,10,23
2023-10-23,Taxes - Individual Tax Refunds (EFT),null,237,4865,4865,V,Income Tax Refunds Issued,Classification,4,2024,1,2023,4,10,23
2023-10-20,Taxes - Business Tax Refunds (Checks),null,7,3771,3771,V,Income Tax Refunds Issued,Classification,1,2024,1,2023,4,10,20
2023-10-20,Taxes - Business Tax Refunds (EFT),null,19,529,529,V,Income Tax Refunds Issued,Classification,2,2024,1,2023,4,10,20
2023-10-20,Taxes - Individual Tax Refunds (Checks),null,884,2704,2704,V,Income Tax Refunds Issued,Classification,3,2024,1,2023,4,10,20
2023-10-20,Taxes - Individual Tax Refunds (EFT),null,49,4629,4629,V,Income Tax Refunds Issued,Classification,4,2024,1,2023,4,10,20
2023-10-19,Taxes - Business Tax Refunds (Checks),null,31,3764,3764,V,Income Tax Refunds Issued,Classification,1,2024,1,2023,4,10,19
2023-10-19,Taxes - Business Tax Refunds (EFT),null,49,510,510,V,Income Tax Refunds Issued,Classification,2,2024,1,2023,4,10,19
2023-10-19,Taxes - Individual Tax Refunds (Checks),null,58,1820,1820,V,Income Tax Refunds Issued,Classification,3,2024,1,2023,4,10,19
2023-10-19,Taxes - Individual Tax Refunds (EFT),null,123,4580,4580,V,Income Tax Refunds Issued,Classification,4,2024,1,2023,4,10,19
2023-10-18,Taxes - Business Tax Refunds (Checks),null,57,3733,3733,V,Income Tax Refunds Issued,Classification,1,2024,1,2023,4,10,18
2023-10-18,Taxes - Business Tax Refunds (EFT),null,12,461,461,V,Income Tax Refunds Issued,Classification,2,2024,1,2023,4,10,18
2023-10-18,Taxes - Individual Tax Refunds (Checks),null,52,1762,1762,V,Income Tax Refunds Issued,Classification,3,2024,1,2023,4,10,18
2023-10-18,Taxes - Individual Tax Refunds (EFT),null,1579,4457,4457,V,Income Tax Refunds Issued,Classification,4,2024,1,2023,4,10,18
2023-10-17,Taxes - Business Tax Refunds (Checks),null,1344,3676,3676,V,Income Tax Refunds Issued,Classification,1,2024,1,2023,4,10,17
2023-10-17,Taxes - Business Tax Refunds (EFT),null,110,449,449,V,Income Tax Refunds Issued,Classification,2,2024,1,2023,4,10,17
2023-10-17,Taxes - Individual Tax Refunds (Checks),null,43,1710,1710,V,Income Tax Refunds Issued,Classification,3,2024,1,2023,4,10,17
2023-10-17,Taxes - Individual Tax Refunds (EFT),null,159,2878,2878,V,Income Tax Refunds Issued,Classification,4,2024,1,2023,4,10,17
2023-10-16,Taxes - Business Tax Refunds (Checks),null,12,2332,2332,V,Income Tax Refunds Issued,Classification,1,2024,1,2023,4,10,16
2023-10-16,Taxes - Business Tax Refunds (EFT),null,0,339,339,V,Income Tax Refunds Issued,Classification,2,2024,1,2023,4,10,16
2023-10-16,Taxes - Individual Tax Refunds (Checks),null,720,1668,1668,V,Income Tax Refunds Issued,Classification,3,2024,1,2023,4,10,16
2023-10-16,Taxes - Individual Tax Refunds (EFT),null,169,2719,2719,V,Income Tax Refunds Issued,Classification,4,2024,1,2023,4,10,16
2023-10-13,Taxes - Business Tax Refunds (Checks),null,6,2320,2320,V,Income Tax Refunds Issued,Classification,1,2024,1,2023,4,10,13
2023-10-13,Taxes - Business Tax Refunds (EFT),null,18,339,339,V,Income Tax Refunds Issued,Classification,2,2024,1,2023,4,10,13
2023-10-13,Taxes - Individual Tax Refunds (Checks),null,44,948,948,V,Income Tax Refunds Issued,Classification,3,2024,1,2023,4,10,13
2023-10-13,Taxes - Individual Tax Refunds (EFT),null,85,2550,2550,V,Income Tax Refunds Issued,Classification,4,2024,1,2023,4,10,13
2023-10-12,Taxes - Business Tax Refunds (Checks),null,9,2314,2314,V,Income Tax Refunds Issued,Classification,1,2024,1,2023,4,10,12
2023-10-12,Taxes - Business Tax Refunds (EFT),null,0,321,321,V,Income Tax Refunds Issued,Classification,2,2024,1,2023,4,10,12
2023-10-12,Taxes - Individual Tax Refunds (Checks),null,43,904,904,V,Income Tax Refunds Issued,Classification,3,2024,1,2023,4,10,12
2023-10-12,Taxes - Individual Tax Refunds (EFT),null,1098,2466,2466,V,Income Tax Refunds Issued,Classification,4,2024,1,2023,4,10,12
2023-10-11,Taxes - Business Tax Refunds (Checks),null,3,2305,2305,V,Income Tax Refunds Issued,Classification,1,2024,1,2023,4,10,11
2023-10-11,Taxes - Business Tax Refunds (EFT),null,1,321,321,V,Income Tax Refunds Issued,Classification,2,2024,1,2023,4,10,11
2023-10-11,Taxes - Individual Tax Refunds (Checks),null,33,861,861,V,Income Tax Refunds Issued,Classification,3,2024,1,2023,4,10,11
2023-10-11,Taxes - Individual Tax Refunds (EFT),null,87,1367,1367,V,Income Tax Refunds Issued,Classification,4,2024,1,2023,4,10,11
2023-10-10,Taxes - Business Tax Refunds (Checks),null,1135,2303,2303,V,Income Tax Refunds Issued,Classification,1,2024,1,2023,4,10,10
2023-10-10,Taxes - Business Tax Refunds (EFT),null,103,320,320,V,Income Tax Refunds Issued,Classification,2,2024,1,2023,4,10,10
2023-10-10,Taxes - Individual Tax Refunds (Checks),null,34,828,828,V,Income Tax Refunds Issued,Classification,3,2024,1,2023,4,10,10
2023-10-10,Taxes - Individual Tax Refunds (EFT),null,92,1280,1280,V,Income Tax Refunds Issued,Classification,4,2024,1,2023,4,10,10
2023-10-06,Taxes - Business Tax Refunds (Checks),null,20,1168,1168,V,Income Tax Refunds Issued,Classification,1,2024,1,2023,4,10,06
2023-10-06,Taxes - Business Tax Refunds (EFT),null,1,217,217,V,Income Tax Refunds Issued,Classification,2,2024,1,2023,4,10,06
2023-10-06,Taxes - Individual Tax Refunds (Checks),null,654,794,794,V,Income Tax Refunds Issued,Classification,3,2024,1,2023,4,10,06
2023-10-06,Taxes - Individual Tax Refunds (EFT),null,47,1188,1188,V,Income Tax Refunds Issued,Classification,4,2024,1,2023,4,10,06
2023-10-05,Taxes - Business Tax Refunds (Checks),null,18,1148,1148,V,Income Tax Refunds Issued,Classification,1,2024,1,2023,4,10,05
2023-10-05,Taxes - Business Tax Refunds (EFT),null,58,216,216,V,Income Tax Refunds Issued,Classification,2,2024,1,2023,4,10,05
2023-10-05,Taxes - Individual Tax Refunds (Checks),null,35,140,140,V,Income Tax Refunds Issued,Classification,3,2024,1,2023,4,10,05
2023-10-05,Taxes - Individual Tax Refunds (EFT),null,54,1141,1141,V,Income Tax Refunds Issued,Classification,4,2024,1,2023,4,10,05
2023-10-04,Taxes - Business Tax Refunds (Checks),null,6,1129,1129,V,Income Tax Refunds Issued,Classification,1,2024,1,2023,4,10,04
2023-10-04,Taxes - Business Tax Refunds (EFT),null,0,158,158,V,Income Tax Refunds Issued,Classification,2,2024,1,2023,4,10,04
2023-10-04,Taxes - Individual Tax Refunds (Checks),null,37,105,105,V,Income Tax Refunds Issued,Classification,3,2024,1,2023,4,10,04
2023-10-04,Taxes - Individual Tax Refunds (EFT),null,948,1086,1086,V,Income Tax Refunds Issued,Classification,4,2024,1,2023,4,10,04
2023-10-03,Taxes - Business Tax Refunds (Checks),null,1040,1123,1123,V,Income Tax Refunds Issued,Classification,1,2024,1,2023,4,10,03
2023-10-03,Taxes - Business Tax Refunds (EFT),null,158,158,158,V,Income Tax Refunds Issued,Classification,2,2024,1,2023,4,10,03
2023-10-03,Taxes - Individual Tax Refunds (Checks),null,36,69,69,V,Income Tax Refunds Issued,Classification,3,2024,1,2023,4,10,03
2023-10-03,Taxes - Individual Tax Refunds (EFT),null,62,139,139,V,Income Tax Refunds Issued,Classification,4,2024,1,2023,4,10,03
2023-10-02,Taxes - Business Tax Refunds (Checks),null,83,83,83,V,Income Tax Refunds Issued,Classification,1,2024,1,2023,4,10,02
2023-10-02,Taxes - Business Tax Refunds (EFT),null,0,0,0,V,Income Tax Refunds Issued,Classification,2,2024,1,2023,4,10,02
2023-10-02,Taxes - Individual Tax Refunds (Checks),null,33,33,33,V,Income Tax Refunds Issued,Classification,3,2024,1,2023,4,10,02
2023-10-02,Taxes - Individual Tax Refunds (EFT),null,77,77,77,V,Income Tax Refunds Issued,Classification,4,2024,1,2023,4,10,02
2023-09-29,Taxes - Business Tax Refunds (Checks),null,4,4129,197224,V,Income Tax Refunds Issued,Classification,1,2023,4,2023,3,09,29
2023-09-29,Taxes - Business Tax Refunds (EFT),null,12,539,23177,V,Income Tax Refunds Issued,Classification,2,2023,4,2023,3,09,29
2023-09-29,Taxes - Individual Tax Refunds (Checks),null,613,3554,66186,V,Income Tax Refunds Issued,Classification,3,2023,4,2023,3,09,29
2023-09-29,Taxes - Individual Tax Refunds (EFT),null,51,4050,298461,V,Income Tax Refunds Issued,Classification,4,2023,4,2023,3,09,29
2023-09-28,Taxes - Business Tax Refunds (Checks),null,9,4125,197220,V,Income Tax Refunds Issued,Classification,1,2023,4,2023,3,09,28
2023-09-28,Taxes - Business Tax Refunds (EFT),null,-1,527,23165,V,Income Tax Refunds Issued,Classification,2,2023,4,2023,3,09,28
2023-09-28,Taxes - Individual Tax Refunds (Checks),null,50,2941,65573,V,Income Tax Refunds Issued,Classification,3,2023,4,2023,3,09,28
2023-09-28,Taxes - Individual Tax Refunds (EFT),null,61,3999,298410,V,Income Tax Refunds Issued,Classification,4,2023,4,2023,3,09,28
2023-09-27,Taxes - Business Tax Refunds (Checks),null,25,4116,197211,V,Income Tax Refunds Issued,Classification,1,2023,4,2023,3,09,27
2023-09-27,Taxes - Business Tax Refunds (EFT),null,6,528,23166,V,Income Tax Refunds Issued,Classification,2,2023,4,2023,3,09,27
2023-09-27,Taxes - Individual Tax Refunds (Checks),null,39,2891,65522,V,Income Tax Refunds Issued,Classification,3,2023,4,2023,3,09,27
2023-09-27,Taxes - Individual Tax Refunds (EFT),null,853,3937,298349,V,Income Tax Refunds Issued,Classification,4,2023,4,2023,3,09,27
2023-09-26,Taxes - Business Tax Refunds (Checks),null,835,4091,197186,V,Income Tax Refunds Issued,Classification,1,2023,4,2023,3,09,26
2023-09-26,Taxes - Business Tax Refunds (EFT),null,191,522,23160,V,Income Tax Refunds Issued,Classification,2,2023,4,2023,3,09,26
2023-09-26,Taxes - Individual Tax Refunds (Checks),null,30,2852,65483,V,Income Tax Refunds Issued,Classification,3,2023,4,2023,3,09,26
2023-09-26,Taxes - Individual Tax Refunds (EFT),null,65,3084,297496,V,Income Tax Refunds Issued,Classification,4,2023,4,2023,3,09,26
2023-09-25,Taxes - Business Tax Refunds (Checks),null,24,3256,196351,V,Income Tax Refunds Issued,Classification,1,2023,4,2023,3,09,25
2023-09-25,Taxes - Business Tax Refunds (EFT),null,179,331,22969,V,Income Tax Refunds Issued,Classification,2,2023,4,2023,3,09,25
2023-09-25,Taxes - Individual Tax Refunds (Checks),null,36,2821,65453,V,Income Tax Refunds Issued,Classification,3,2023,4,2023,3,09,25
2023-09-25,Taxes - Individual Tax Refunds (EFT),null,73,3020,297431,V,Income Tax Refunds Issued,Classification,4,2023,4,2023,3,09,25
2023-09-22,Taxes - Business Tax Refunds (Checks),null,8,3232,196328,V,Income Tax Refunds Issued,Classification,1,2023,4,2023,3,09,22
2023-09-22,Taxes - Business Tax Refunds (EFT),null,0,152,22790,V,Income Tax Refunds Issued,Classification,2,2023,4,2023,3,09,22
2023-09-22,Taxes - Individual Tax Refunds (Checks),null,572,2786,65417,V,Income Tax Refunds Issued,Classification,3,2023,4,2023,3,09,22
2023-09-22,Taxes - Individual Tax Refunds (EFT),null,43,2947,297358,V,Income Tax Refunds Issued,Classification,4,2023,4,2023,3,09,22
2023-09-21,Taxes - Business Tax Refunds (Checks),null,39,3224,196320,V,Income Tax Refunds Issued,Classification,1,2023,4,2023,3,09,21
2023-09-21,Taxes - Business Tax Refunds (EFT),null,54,152,22790,V,Income Tax Refunds Issued,Classification,2,2023,4,2023,3,09,21
2023-09-21,Taxes - Individual Tax Refunds (Checks),null,41,2214,64845,V,Income Tax Refunds Issued,Classification,3,2023,4,2023,3,09,21
2023-09-21,Taxes - Individual Tax Refunds (EFT),null,58,2904,297315,V,Income Tax Refunds Issued,Classification,4,2023,4,2023,3,09,21
2023-09-20,Taxes - Business Tax Refunds (Checks),null,11,3186,196281,V,Income Tax Refunds Issued,Classification,1,2023,4,2023,3,09,20
2023-09-20,Taxes - Business Tax Refunds (EFT),null,0,99,22736,V,Income Tax Refunds Issued,Classification,2,2023,4,2023,3,09,20
2023-09-20,Taxes - Individual Tax Refunds (Checks),null,34,2173,64805,V,Income Tax Refunds Issued,Classification,3,2023,4,2023,3,09,20
2023-09-20,Taxes - Individual Tax Refunds (EFT),null,759,2846,297258,V,Income Tax Refunds Issued,Classification,4,2023,4,2023,3,09,20
2023-09-19,Taxes - Business Tax Refunds (Checks),null,785,3174,196269,V,Income Tax Refunds Issued,Classification,1,2023,4,2023,3,09,19
2023-09-19,Taxes - Business Tax Refunds (EFT),null,31,99,22736,V,Income Tax Refunds Issued,Classification,2,2023,4,2023,3,09,19
2023-09-19,Taxes - Individual Tax Refunds (Checks),null,27,2139,64770,V,Income Tax Refunds Issued,Classification,3,2023,4,2023,3,09,19
2023-09-19,Taxes - Individual Tax Refunds (EFT),null,69,2087,296499,V,Income Tax Refunds Issued,Classification,4,2023,4,2023,3,09,19
2023-09-18,Taxes - Business Tax Refunds (Checks),null,22,2389,195485,V,Income Tax Refunds Issued,Classification,1,2023,4,2023,3,09,18
2023-09-18,Taxes - Business Tax Refunds (EFT),null,0,67,22705,V,Income Tax Refunds Issued,Classification,2,2023,4,2023,3,09,18
2023-09-18,Taxes - Individual Tax Refunds (Checks),null,43,2112,64744,V,Income Tax Refunds Issued,Classification,3,2023,4,2023,3,09,18
2023-09-18,Taxes - Individual Tax Refunds (EFT),null,56,2019,296430,V,Income Tax Refunds Issued,Classification,4,2023,4,2023,3,09,18
2023-09-15,Taxes - Business Tax Refunds (Checks),null,23,2368,195463,V,Income Tax Refunds Issued,Classification,1,2023,4,2023,3,09,15
2023-09-15,Taxes - Business Tax Refunds (EFT),null,1,67,22705,V,Income Tax Refunds Issued,Classification,2,2023,4,2023,3,09,15
2023-09-15,Taxes - Individual Tax Refunds (Checks),null,607,2069,64701,V,Income Tax Refunds Issued,Classification,3,2023,4,2023,3,09,15
2023-09-15,Taxes - Individual Tax Refunds (EFT),null,84,1963,296375,V,Income Tax Refunds Issued,Classification,4,2023,4,2023,3,09,15
2023-09-14,Taxes - Business Tax Refunds (Checks),null,24,2345,195440,V,Income Tax Refunds Issued,Classification,1,2023,4,2023,3,09,14
2023-09-14,Taxes - Business Tax Refunds (EFT),null,3,66,22704,V,Income Tax Refunds Issued,Classification,2,2023,4,2023,3,09,14
2023-09-14,Taxes - Individual Tax Refunds (Checks),null,34,1463,64094,V,Income Tax Refunds Issued,Classification,3,2023,4,2023,3,09,14
2023-09-14,Taxes - Individual Tax Refunds (EFT),null,36,1879,296290,V,Income Tax Refunds Issued,Classification,4,2023,4,2023,3,09,14
2023-09-13,Taxes - Business Tax Refunds (Checks),null,59,2321,195417,V,Income Tax Refunds Issued,Classification,1,2023,4,2023,3,09,13
2023-09-13,Taxes - Business Tax Refunds (EFT),null,0,63,22701,V,Income Tax Refunds Issued,Classification,2,2023,4,2023,3,09,13
2023-09-13,Taxes - Individual Tax Refunds (Checks),null,39,1429,64061,V,Income Tax Refunds Issued,Classification,3,2023,4,2023,3,09,13
2023-09-13,Taxes - Individual Tax Refunds (EFT),null,746,1843,296254,V,Income Tax Refunds Issued,Classification,4,2023,4,2023,3,09,13
2023-09-12,Taxes - Business Tax Refunds (Checks),null,970,2263,195358,V,Income Tax Refunds Issued,Classification,1,2023,4,2023,3,09,12
2023-09-12,Taxes - Business Tax Refunds (EFT),null,17,63,22701,V,Income Tax Refunds Issued,Classification,2,2023,4,2023,3,09,12
2023-09-12,Taxes - Individual Tax Refunds (Checks),null,46,1390,64022,V,Income Tax Refunds Issued,Classification,3,2023,4,2023,3,09,12
2023-09-12,Taxes - Individual Tax Refunds (EFT),null,58,1097,295508,V,Income Tax Refunds Issued,Classification,4,2023,4,2023,3,09,12
2023-09-11,Taxes - Business Tax Refunds (Checks),null,106,1293,194388,V,Income Tax Refunds Issued,Classification,1,2023,4,2023,3,09,11
2023-09-11,Taxes - Business Tax Refunds (EFT),null,0,46,22684,V,Income Tax Refunds Issued,Classification,2,2023,4,2023,3,09,11
2023-09-11,Taxes - Individual Tax Refunds (Checks),null,598,1344,63976,V,Income Tax Refunds Issued,Classification,3,2023,4,2023,3,09,11
2023-09-11,Taxes - Individual Tax Refunds (EFT),null,79,1039,295451,V,Income Tax Refunds Issued,Classification,4,2023,4,2023,3,09,11
2023-09-08,Taxes - Business Tax Refunds (Checks),null,105,1188,194283,V,Income Tax Refunds Issued,Classification,1,2023,4,2023,3,09,08
2023-09-08,Taxes - Business Tax Refunds (EFT),null,0,46,22684,V,Income Tax Refunds Issued,Classification,2,2023,4,2023,3,09,08
2023-09-08,Taxes - Individual Tax Refunds (Checks),null,42,746,63377,V,Income Tax Refunds Issued,Classification,3,2023,4,2023,3,09,08
2023-09-08,Taxes - Individual Tax Refunds (EFT),null,57,960,295372,V,Income Tax Refunds Issued,Classification,4,2023,4,2023,3,09,08
2023-09-07,Taxes - Business Tax Refunds (Checks),null,7,1083,194178,V,Income Tax Refunds Issued,Classification,1,2023,4,2023,3,09,07
2023-09-07,Taxes - Business Tax Refunds (EFT),null,-1,46,22684,V,Income Tax Refunds Issued,Classification,2,2023,4,2023,3,09,07
2023-09-07,Taxes - Individual Tax Refunds (Checks),null,33,704,63336,V,Income Tax Refunds Issued,Classification,3,2023,4,2023,3,09,07
2023-09-07,Taxes - Individual Tax Refunds (EFT),null,735,904,295315,V,Income Tax Refunds Issued,Classification,4,2023,4,2023,3,09,07
2023-09-06,Taxes - Business Tax Refunds (Checks),null,3,1076,194171,V,Income Tax Refunds Issued,Classification,1,2023,4,2023,3,09,06
2023-09-06,Taxes - Business Tax Refunds (EFT),null,30,46,22684,V,Income Tax Refunds Issued,Classification,2,2023,4,2023,3,09,06
2023-09-06,Taxes - Individual Tax Refunds (Checks),null,43,671,63303,V,Income Tax Refunds Issued,Classification,3,2023,4,2023,3,09,06
2023-09-06,Taxes - Individual Tax Refunds (EFT),null,64,169,294580,V,Income Tax Refunds Issued,Classification,4,2023,4,2023,3,09,06
2023-09-05,Taxes - Business Tax Refunds (Checks),null,1072,1073,194169,V,Income Tax Refunds Issued,Classification,1,2023,4,2023,3,09,05
2023-09-05,Taxes - Business Tax Refunds (EFT),null,16,16,22654,V,Income Tax Refunds Issued,Classification,2,2023,4,2023,3,09,05
2023-09-05,Taxes - Individual Tax Refunds (Checks),null,33,628,63260,V,Income Tax Refunds Issued,Classification,3,2023,4,2023,3,09,05
2023-09-05,Taxes - Individual Tax Refunds (EFT),null,63,105,294516,V,Income Tax Refunds Issued,Classification,4,2023,4,2023,3,09,05
2023-09-01,Taxes - Business Tax Refunds (Checks),null,1,1,193096,V,Income Tax Refunds Issued,Classification,1,2023,4,2023,3,09,01
2023-09-01,Taxes - Business Tax Refunds (EFT),null,0,0,22638,V,Income Tax Refunds Issued,Classification,2,2023,4,2023,3,09,01
2023-09-01,Taxes - Individual Tax Refunds (Checks),null,595,595,63227,V,Income Tax Refunds Issued,Classification,3,2023,4,2023,3,09,01
2023-09-01,Taxes - Individual Tax Refunds (EFT),null,42,42,294453,V,Income Tax Refunds Issued,Classification,4,2023,4,2023,3,09,01
2023-08-31,Taxes - Business Tax Refunds (Checks),null,28,12934,193095,V,Income Tax Refunds Issued,Classification,1,2023,4,2023,3,08,31
2023-08-31,Taxes - Business Tax Refunds (EFT),null,1,627,22638,V,Income Tax Refunds Issued,Classification,2,2023,4,2023,3,08,31
2023-08-31,Taxes - Individual Tax Refunds (Checks),null,36,3295,62631,V,Income Tax Refunds Issued,Classification,3,2023,4,2023,3,08,31
2023-08-31,Taxes - Individual Tax Refunds (EFT),null,47,5283,294411,V,Income Tax Refunds Issued,Classification,4,2023,4,2023,3,08,31
2023-08-30,Taxes - Business Tax Refunds (Checks),null,39,12906,193067,V,Income Tax Refunds Issued,Classification,1,2023,4,2023,3,08,30
2023-08-30,Taxes - Business Tax Refunds (EFT),null,0,626,22636,V,Income Tax Refunds Issued,Classification,2,2023,4,2023,3,08,30
2023-08-30,Taxes - Individual Tax Refunds (Checks),null,31,3259,62595,V,Income Tax Refunds Issued,Classification,3,2023,4,2023,3,08,30
2023-08-30,Taxes - Individual Tax Refunds (EFT),null,736,5237,294365,V,Income Tax Refunds Issued,Classification,4,2023,4,2023,3,08,30
2023-08-29,Taxes - Business Tax Refunds (Checks),null,1772,12867,193028,V,Income Tax Refunds Issued,Classification,1,2023,4,2023,3,08,29
2023-08-29,Taxes - Business Tax Refunds (EFT),null,43,626,22636,V,Income Tax Refunds Issued,Classification,2,2023,4,2023,3,08,29
2023-08-29,Taxes - Individual Tax Refunds (Checks),null,39,3229,62565,V,Income Tax Refunds Issued,Classification,3,2023,4,2023,3,08,29
2023-08-29,Taxes - Individual Tax Refunds (EFT),null,62,4501,293629,V,Income Tax Refunds Issued,Classification,4,2023,4,2023,3,08,29
2023-08-28,Taxes - Business Tax Refunds (Checks),null,89,11095,191256,V,Income Tax Refunds Issued,Classification,1,2023,4,2023,3,08,28
2023-08-28,Taxes - Business Tax Refunds (EFT),null,194,582,22593,V,Income Tax Refunds Issued,Classification,2,2023,4,2023,3,08,28
2023-08-28,Taxes - Individual Tax Refunds (Checks),null,35,3189,62525,V,Income Tax Refunds Issued,Classification,3,2023,4,2023,3,08,28
2023-08-28,Taxes - Individual Tax Refunds (EFT),null,58,4439,293567,V,Income Tax Refunds Issued,Classification,4,2023,4,2023,3,08,28
2023-08-25,Taxes - Business Tax Refunds (Checks),null,2,11006,191167,V,Income Tax Refunds Issued,Classification,1,2023,4,2023,3,08,25
2023-08-25,Taxes - Business Tax Refunds (EFT),null,1,389,22399,V,Income Tax Refunds Issued,Classification,2,2023,4,2023,3,08,25
2023-08-25,Taxes - Individual Tax Refunds (Checks),null,591,3154,62490,V,Income Tax Refunds Issued,Classification,3,2023,4,2023,3,08,25
2023-08-25,Taxes - Individual Tax Refunds (EFT),null,38,4381,293509,V,Income Tax Refunds Issued,Classification,4,2023,4,2023,3,08,25
2023-08-24,Taxes - Business Tax Refunds (Checks),null,13,11004,191165,V,Income Tax Refunds Issued,Classification,1,2023,4,2023,3,08,24
2023-08-24,Taxes - Business Tax Refunds (EFT),null,0,387,22398,V,Income Tax Refunds Issued,Classification,2,2023,4,2023,3,08,24
2023-08-24,Taxes - Individual Tax Refunds (Checks),null,47,2564,61900,V,Income Tax Refunds Issued,Classification,3,2023,4,2023,3,08,24
2023-08-24,Taxes - Individual Tax Refunds (EFT),null,46,4343,293471,V,Income Tax Refunds Issued,Classification,4,2023,4,2023,3,08,24
2023-08-23,Taxes - Business Tax Refunds (Checks),null,15,10991,191152,V,Income Tax Refunds Issued,Classification,1,2023,4,2023,3,08,23
2023-08-23,Taxes - Business Tax Refunds (EFT),null,0,387,22398,V,Income Tax Refunds Issued,Classification,2,2023,4,2023,3,08,23
2023-08-23,Taxes - Individual Tax Refunds (Checks),null,26,2517,61853,V,Income Tax Refunds Issued,Classification,3,2023,4,2023,3,08,23
2023-08-23,Taxes - Individual Tax Refunds (EFT),null,751,4297,293425,V,Income Tax Refunds Issued,Classification,4,2023,4,2023,3,08,23
2023-08-22,Taxes - Business Tax Refunds (Checks),null,1754,10976,191137,V,Income Tax Refunds Issued,Classification,1,2023,4,2023,3,08,22
2023-08-22,Taxes - Business Tax Refunds (EFT),null,12,387,22398,V,Income Tax Refunds Issued,Classification,2,2023,4,2023,3,08,22
2023-08-22,Taxes - Individual Tax Refunds (Checks),null,35,2491,61827,V,Income Tax Refunds Issued,Classification,3,2023,4,2023,3,08,22
2023-08-22,Taxes - Individual Tax Refunds (EFT),null,57,3546,292674,V,Income Tax Refunds Issued,Classification,4,2023,4,2023,3,08,22
2023-08-21,Taxes - Business Tax Refunds (Checks),null,28,9222,189383,V,Income Tax Refunds Issued,Classification,1,2023,4,2023,3,08,21
2023-08-21,Taxes - Business Tax Refunds (EFT),null,0,375,22386,V,Income Tax Refunds Issued,Classification,2,2023,4,2023,3,08,21
2023-08-21,Taxes - Individual Tax Refunds (Checks),null,31,2456,61792,V,Income Tax Refunds Issued,Classification,3,2023,4,2023,3,08,21
2023-08-21,Taxes - Individual Tax Refunds (EFT),null,57,3489,292617,V,Income Tax Refunds Issued,Classification,4,2023,4,2023,3,08,21
2023-08-18,Taxes - Business Tax Refunds (Checks),null,48,9194,189355,V,Income Tax Refunds Issued,Classification,1,2023,4,2023,3,08,18
2023-08-18,Taxes - Business Tax Refunds (EFT),null,2,375,22386,V,Income Tax Refunds Issued,Classification,2,2023,4,2023,3,08,18
2023-08-18,Taxes - Individual Tax Refunds (Checks),null,633,2425,61761,V,Income Tax Refunds Issued,Classification,3,2023,4,2023,3,08,18
2023-08-18,Taxes - Individual Tax Refunds (EFT),null,43,3432,292560,V,Income Tax Refunds Issued,Classification,4,2023,4,2023,3,08,18
2023-08-17,Taxes - Business Tax Refunds (Checks),null,10,9146,189307,V,Income Tax Refunds Issued,Classification,1,2023,4,2023,3,08,17
2023-08-17,Taxes - Business Tax Refunds (EFT),null,4,373,22384,V,Income Tax Refunds Issued,Classification,2,2023,4,2023,3,08,17
2023-08-17,Taxes - Individual Tax Refunds (Checks),null,57,1791,61127,V,Income Tax Refunds Issued,Classification,3,2023,4,2023,3,08,17
2023-08-17,Taxes - Individual Tax Refunds (EFT),null,43,3389,292517,V,Income Tax Refunds Issued,Classification,4,2023,4,2023,3,08,17
2023-08-16,Taxes - Business Tax Refunds (Checks),null,46,9136,189297,V,Income Tax Refunds Issued,Classification,1,2023,4,2023,3,08,16
2023-08-16,Taxes - Business Tax Refunds (EFT),null,0,369,22380,V,Income Tax Refunds Issued,Classification,2,2023,4,2023,3,08,16
2023-08-16,Taxes - Individual Tax Refunds (Checks),null,42,1734,61070,V,Income Tax Refunds Issued,Classification,3,2023,4,2023,3,08,16
2023-08-16,Taxes - Individual Tax Refunds (EFT),null,798,3346,292474,V,Income Tax Refunds Issued,Classification,4,2023,4,2023,3,08,16
2023-08-15,Taxes - Business Tax Refunds (Checks),null,1958,9090,189251,V,Income Tax Refunds Issued,Classification,1,2023,4,2023,3,08,15
2023-08-15,Taxes - Business Tax Refunds (EFT),null,56,369,22380,V,Income Tax Refunds Issued,Classification,2,2023,4,2023,3,08,15
2023-08-15,Taxes - Individual Tax Refunds (Checks),null,34,1692,61028,V,Income Tax Refunds Issued,Classification,3,2023,4,2023,3,08,15
2023-08-15,Taxes - Individual Tax Refunds (EFT),null,63,2548,291676,V,Income Tax Refunds Issued,Classification,4,2023,4,2023,3,08,15
2023-08-14,Taxes - Business Tax Refunds (Checks),null,90,7132,187293,V,Income Tax Refunds Issued,Classification,1,2023,4,2023,3,08,14
2023-08-14,Taxes - Business Tax Refunds (EFT),null,29,313,22324,V,Income Tax Refunds Issued,Classification,2,2023,4,2023,3,08,14
2023-08-14,Taxes - Individual Tax Refunds (Checks),null,38,1658,60994,V,Income Tax Refunds Issued,Classification,3,2023,4,2023,3,08,14
2023-08-14,Taxes - Individual Tax Refunds (EFT),null,63,2485,291614,V,Income Tax Refunds Issued,Classification,4,2023,4,2023,3,08,14
2023-08-11,Taxes - Business Tax Refunds (Checks),null,10,7042,187203,V,Income Tax Refunds Issued,Classification,1,2023,4,2023,3,08,11
2023-08-11,Taxes - Business Tax Refunds (EFT),null,0,283,22294,V,Income Tax Refunds Issued,Classification,2,2023,4,2023,3,08,11
2023-08-11,Taxes - Individual Tax Refunds (Checks),null,578,1620,60956,V,Income Tax Refunds Issued,Classification,3,2023,4,2023,3,08,11
2023-08-11,Taxes - Individual Tax Refunds (EFT),null,22,2423,291551,V,Income Tax Refunds Issued,Classification,4,2023,4,2023,3,08,11
2023-08-10,Taxes - Business Tax Refunds (Checks),null,33,7032,187193,V,Income Tax Refunds Issued,Classification,1,2023,4,2023,3,08,10
2023-08-10,Taxes - Business Tax Refunds (EFT),null,37,283,22294,V,Income Tax Refunds Issued,Classification,2,2023,4,2023,3,08,10
2023-08-10,Taxes - Individual Tax Refunds (Checks),null,44,1042,60378,V,Income Tax Refunds Issued,Classification,3,2023,4,2023,3,08,10
2023-08-10,Taxes - Individual Tax Refunds (EFT),null,43,2401,291529,V,Income Tax Refunds Issued,Classification,4,2023,4,2023,3,08,10
2023-08-09,Taxes - Business Tax Refunds (Checks),null,6,6999,187160,V,Income Tax Refunds Issued,Classification,1,2023,4,2023,3,08,09
2023-08-09,Taxes - Business Tax Refunds (EFT),null,-6,247,22258,V,Income Tax Refunds Issued,Classification,2,2023,4,2023,3,08,09
2023-08-09,Taxes - Individual Tax Refunds (Checks),null,30,998,60334,V,Income Tax Refunds Issued,Classification,3,2023,4,2023,3,08,09
2023-08-09,Taxes - Individual Tax Refunds (EFT),null,901,2358,291486,V,Income Tax Refunds Issued,Classification,4,2023,4,2023,3,08,09
2023-08-08,Taxes - Business Tax Refunds (Checks),null,3441,6993,187154,V,Income Tax Refunds Issued,Classification,1,2023,4,2023,3,08,08
2023-08-08,Taxes - Business Tax Refunds (EFT),null,167,253,22264,V,Income Tax Refunds Issued,Classification,2,2023,4,2023,3,08,08
2023-08-08,Taxes - Individual Tax Refunds (Checks),null,32,968,60304,V,Income Tax Refunds Issued,Classification,3,2023,4,2023,3,08,08
2023-08-08,Taxes - Individual Tax Refunds (EFT),null,83,1457,290585,V,Income Tax Refunds Issued,Classification,4,2023,4,2023,3,08,08
2023-08-07,Taxes - Business Tax Refunds (Checks),null,45,3552,183713,V,Income Tax Refunds Issued,Classification,1,2023,4,2023,3,08,07
2023-08-07,Taxes - Business Tax Refunds (EFT),null,6,86,22097,V,Income Tax Refunds Issued,Classification,2,2023,4,2023,3,08,07
2023-08-07,Taxes - Individual Tax Refunds (Checks),null,43,935,60271,V,Income Tax Refunds Issued,Classification,3,2023,4,2023,3,08,07
2023-08-07,Taxes - Individual Tax Refunds (EFT),null,87,1374,290502,V,Income Tax Refunds Issued,Classification,4,2023,4,2023,3,08,07
2023-08-04,Taxes - Business Tax Refunds (Checks),null,38,3506,183667,V,Income Tax Refunds Issued,Classification,1,2023,4,2023,3,08,04
2023-08-04,Taxes - Business Tax Refunds (EFT),null,10,80,22091,V,Income Tax Refunds Issued,Classification,2,2023,4,2023,3,08,04
2023-08-04,Taxes - Individual Tax Refunds (Checks),null,603,893,60229,V,Income Tax Refunds Issued,Classification,3,2023,4,2023,3,08,04
2023-08-04,Taxes - Individual Tax Refunds (EFT),null,46,1286,290415,V,Income Tax Refunds Issued,Classification,4,2023,4,2023,3,08,04
2023-08-03,Taxes - Business Tax Refunds (Checks),null,11,3468,183629,V,Income Tax Refunds Issued,Classification,1,2023,4,2023,3,08,03
2023-08-03,Taxes - Business Tax Refunds (EFT),null,1,70,22081,V,Income Tax Refunds Issued,Classification,2,2023,4,2023,3,08,03
2023-08-03,Taxes - Individual Tax Refunds (Checks),null,196,289,59625,V,Income Tax Refunds Issued,Classification,3,2023,4,2023,3,08,03
2023-08-03,Taxes - Individual Tax Refunds (EFT),null,-12,1240,290368,V,Income Tax Refunds Issued,Classification,4,2023,4,2023,3,08,03
2023-08-02,Taxes - Business Tax Refunds (Checks),null,18,3458,183618,V,Income Tax Refunds Issued,Classification,1,2023,4,2023,3,08,02
2023-08-02,Taxes - Business Tax Refunds (EFT),null,9,69,22080,V,Income Tax Refunds Issued,Classification,2,2023,4,2023,3,08,02
2023-08-02,Taxes - Individual Tax Refunds (Checks),null,36,93,59429,V,Income Tax Refunds Issued,Classification,3,2023,4,2023,3,08,02
2023-08-02,Taxes - Individual Tax Refunds (EFT),null,946,1253,290381,V,Income Tax Refunds Issued,Classification,4,2023,4,2023,3,08,02
2023-08-01,Taxes - Business Tax Refunds (Checks),null,3440,3440,183601,V,Income Tax Refunds Issued,Classification,1,2023,4,2023,3,08,01
2023-08-01,Taxes - Business Tax Refunds (EFT),null,60,60,22071,V,Income Tax Refunds Issued,Classification,2,2023,4,2023,3,08,01
2023-08-01,Taxes - Individual Tax Refunds (Checks),null,57,57,59393,V,Income Tax Refunds Issued,Classification,3,2023,4,2023,3,08,01
2023-08-01,Taxes - Individual Tax Refunds (EFT),null,306,306,289434,V,Income Tax Refunds Issued,Classification,4,2023,4,2023,3,08,01
2023-07-31,Taxes - Business Tax Refunds (Checks),null,79,24168,180161,V,Income Tax Refunds Issued,Classification,1,2023,4,2023,3,07,31
2023-07-31,Taxes - Business Tax Refunds (EFT),null,0,5585,22011,V,Income Tax Refunds Issued,Classification,2,2023,4,2023,3,07,31
2023-07-31,Taxes - Individual Tax Refunds (Checks),null,103,3328,59336,V,Income Tax Refunds Issued,Classification,3,2023,4,2023,3,07,31
2023-07-31,Taxes - Individual Tax Refunds (EFT),null,78,5735,289128,V,Income Tax Refunds Issued,Classification,4,2023,4,2023,3,07,31
2023-07-28,Taxes - Business Tax Refunds (Checks),null,34,24089,180082,V,Income Tax Refunds Issued,Classification,1,2023,4,2023,3,07,28
2023-07-28,Taxes - Business Tax Refunds (EFT),null,3,5585,22011,V,Income Tax Refunds Issued,Classification,2,2023,4,2023,3,07,28
2023-07-28,Taxes - Individual Tax Refunds (Checks),null,620,3225,59233,V,Income Tax Refunds Issued,Classification,3,2023,4,2023,3,07,28
2023-07-28,Taxes - Individual Tax Refunds (EFT),null,88,5657,289050,V,Income Tax Refunds Issued,Classification,4,2023,4,2023,3,07,28
2023-07-27,Taxes - Business Tax Refunds (Checks),null,13,24055,180048,V,Income Tax Refunds Issued,Classification,1,2023,4,2023,3,07,27
2023-07-27,Taxes - Business Tax Refunds (EFT),null,4904,5582,22008,V,Income Tax Refunds Issued,Classification,2,2023,4,2023,3,07,27
2023-07-27,Taxes - Individual Tax Refunds (Checks),null,43,2605,58613,V,Income Tax Refunds Issued,Classification,3,2023,4,2023,3,07,27
2023-07-27,Taxes - Individual Tax Refunds (EFT),null,-8,5570,288962,V,Income Tax Refunds Issued,Classification,4,2023,4,2023,3,07,27
2023-07-26,Taxes - Business Tax Refunds (Checks),null,7,24042,180035,V,Income Tax Refunds Issued,Classification,1,2023,4,2023,3,07,26
2023-07-26,Taxes - Business Tax Refunds (EFT),null,9,678,17104,V,Income Tax Refunds Issued,Classification,2,2023,4,2023,3,07,26
2023-07-26,Taxes - Individual Tax Refunds (Checks),null,48,2562,58570,V,Income Tax Refunds Issued,Classification,3,2023,4,2023,3,07,26
2023-07-26,Taxes - Individual Tax Refunds (EFT),null,989,5577,288970,V,Income Tax Refunds Issued,Classification,4,2023,4,2023,3,07,26
2023-07-25,Taxes - Business Tax Refunds (Checks),null,4215,24035,180028,V,Income Tax Refunds Issued,Classification,1,2023,4,2023,3,07,25
2023-07-25,Taxes - Business Tax Refunds (EFT),null,26,669,17095,V,Income Tax Refunds Issued,Classification,2,2023,4,2023,3,07,25
2023-07-25,Taxes - Individual Tax Refunds (Checks),null,37,2514,58522,V,Income Tax Refunds Issued,Classification,3,2023,4,2023,3,07,25
2023-07-25,Taxes - Individual Tax Refunds (EFT),null,85,4588,287981,V,Income Tax Refunds Issued,Classification,4,2023,4,2023,3,07,25
2023-07-24,Taxes - Business Tax Refunds (Checks),null,28,19820,175813,V,Income Tax Refunds Issued,Classification,1,2023,4,2023,3,07,24
2023-07-24,Taxes - Business Tax Refunds (EFT),null,0,643,17068,V,Income Tax Refunds Issued,Classification,2,2023,4,2023,3,07,24
2023-07-24,Taxes - Individual Tax Refunds (Checks),null,57,2478,58486,V,Income Tax Refunds Issued,Classification,3,2023,4,2023,3,07,24
2023-07-24,Taxes - Individual Tax Refunds (EFT),null,74,4504,287896,V,Income Tax Refunds Issued,Classification,4,2023,4,2023,3,07,24
2023-07-21,Taxes - Business Tax Refunds (Checks),null,18,19792,175785,V,Income Tax Refunds Issued,Classification,1,2023,4,2023,3,07,21
2023-07-21,Taxes - Business Tax Refunds (EFT),null,9,643,17068,V,Income Tax Refunds Issued,Classification,2,2023,4,2023,3,07,21
2023-07-21,Taxes - Individual Tax Refunds (Checks),null,607,2421,58429,V,Income Tax Refunds Issued,Classification,3,2023,4,2023,3,07,21
2023-07-21,Taxes - Individual Tax Refunds (EFT),null,78,4430,287822,V,Income Tax Refunds Issued,Classification,4,2023,4,2023,3,07,21
2023-07-20,Taxes - Business Tax Refunds (Checks),null,22,19774,175767,V,Income Tax Refunds Issued,Classification,1,2023,4,2023,3,07,20
2023-07-20,Taxes - Business Tax Refunds (EFT),null,15,634,17059,V,Income Tax Refunds Issued,Classification,2,2023,4,2023,3,07,20
2023-07-20,Taxes - Individual Tax Refunds (Checks),null,49,1814,57822,V,Income Tax Refunds Issued,Classification,3,2023,4,2023,3,07,20
2023-07-20,Taxes - Individual Tax Refunds (EFT),null,51,4351,287744,V,Income Tax Refunds Issued,Classification,4,2023,4,2023,3,07,20
2023-07-19,Taxes - Business Tax Refunds (Checks),null,34,19752,175745,V,Income Tax Refunds Issued,Classification,1,2023,4,2023,3,07,19
2023-07-19,Taxes - Business Tax Refunds (EFT),null,3,619,17045,V,Income Tax Refunds Issued,Classification,2,2023,4,2023,3,07,19
2023-07-19,Taxes - Individual Tax Refunds (Checks),null,34,1765,57773,V,Income Tax Refunds Issued,Classification,3,2023,4,2023,3,07,19
2023-07-19,Taxes - Individual Tax Refunds (EFT),null,1026,4301,287693,V,Income Tax Refunds Issued,Classification,4,2023,4,2023,3,07,19
2023-07-18,Taxes - Business Tax Refunds (Checks),null,5491,19718,175711,V,Income Tax Refunds Issued,Classification,1,2023,4,2023,3,07,18
2023-07-18,Taxes - Business Tax Refunds (EFT),null,64,616,17041,V,Income Tax Refunds Issued,Classification,2,2023,4,2023,3,07,18
2023-07-18,Taxes - Individual Tax Refunds (Checks),null,35,1732,57740,V,Income Tax Refunds Issued,Classification,3,2023,4,2023,3,07,18
2023-07-18,Taxes - Individual Tax Refunds (EFT),null,88,3275,286668,V,Income Tax Refunds Issued,Classification,4,2023,4,2023,3,07,18
2023-07-17,Taxes - Business Tax Refunds (Checks),null,113,14227,170220,V,Income Tax Refunds Issued,Classification,1,2023,4,2023,3,07,17
2023-07-17,Taxes - Business Tax Refunds (EFT),null,104,551,16977,V,Income Tax Refunds Issued,Classification,2,2023,4,2023,3,07,17
2023-07-17,Taxes - Individual Tax Refunds (Checks),null,85,1697,57705,V,Income Tax Refunds Issued,Classification,3,2023,4,2023,3,07,17
2023-07-17,Taxes - Individual Tax Refunds (EFT),null,33,3186,286579,V,Income Tax Refunds Issued,Classification,4,2023,4,2023,3,07,17
2023-07-14,Taxes - Business Tax Refunds (Checks),null,19,14114,170107,V,Income Tax Refunds Issued,Classification,1,2023,4,2023,3,07,14
2023-07-14,Taxes - Business Tax Refunds (EFT),null,49,447,16873,V,Income Tax Refunds Issued,Classification,2,2023,4,2023,3,07,14
2023-07-14,Taxes - Individual Tax Refunds (Checks),null,619,1612,57620,V,Income Tax Refunds Issued,Classification,3,2023,4,2023,3,07,14
2023-07-14,Taxes - Individual Tax Refunds (EFT),null,61,3153,286546,V,Income Tax Refunds Issued,Classification,4,2023,4,2023,3,07,14
2023-07-13,Taxes - Business Tax Refunds (Checks),null,58,14095,170088,V,Income Tax Refunds Issued,Classification,1,2023,4,2023,3,07,13
2023-07-13,Taxes - Business Tax Refunds (EFT),null,9,398,16823,V,Income Tax Refunds Issued,Classification,2,2023,4,2023,3,07,13
2023-07-13,Taxes - Individual Tax Refunds (Checks),null,57,993,57001,V,Income Tax Refunds Issued,Classification,3,2023,4,2023,3,07,13
2023-07-13,Taxes - Individual Tax Refunds (EFT),null,78,3092,286485,V,Income Tax Refunds Issued,Classification,4,2023,4,2023,3,07,13
2023-07-12,Taxes - Business Tax Refunds (Checks),null,17,14037,170030,V,Income Tax Refunds Issued,Classification,1,2023,4,2023,3,07,12
2023-07-12,Taxes - Business Tax Refunds (EFT),null,2,389,16814,V,Income Tax Refunds Issued,Classification,2,2023,4,2023,3,07,12
2023-07-12,Taxes - Individual Tax Refunds (Checks),null,51,936,56944,V,Income Tax Refunds Issued,Classification,3,2023,4,2023,3,07,12
2023-07-12,Taxes - Individual Tax Refunds (EFT),null,1191,3014,286407,V,Income Tax Refunds Issued,Classification,4,2023,4,2023,3,07,12
2023-07-11,Taxes - Business Tax Refunds (Checks),null,6697,14020,170013,V,Income Tax Refunds Issued,Classification,1,2023,4,2023,3,07,11
2023-07-11,Taxes - Business Tax Refunds (EFT),null,162,387,16813,V,Income Tax Refunds Issued,Classification,2,2023,4,2023,3,07,11
2023-07-11,Taxes - Individual Tax Refunds (Checks),null,39,884,56892,V,Income Tax Refunds Issued,Classification,3,2023,4,2023,3,07,11
2023-07-11,Taxes - Individual Tax Refunds (EFT),null,156,1823,285216,V,Income Tax Refunds Issued,Classification,4,2023,4,2023,3,07,11
2023-07-10,Taxes - Business Tax Refunds (Checks),null,70,7323,163316,V,Income Tax Refunds Issued,Classification,1,2023,4,2023,3,07,10
2023-07-10,Taxes - Business Tax Refunds (EFT),null,63,225,16651,V,Income Tax Refunds Issued,Classification,2,2023,4,2023,3,07,10
2023-07-10,Taxes - Individual Tax Refunds (Checks),null,646,845,56853,V,Income Tax Refunds Issued,Classification,3,2023,4,2023,3,07,10
2023-07-10,Taxes - Individual Tax Refunds (EFT),null,77,1667,285060,V,Income Tax Refunds Issued,Classification,4,2023,4,2023,3,07,10
2023-07-07,Taxes - Business Tax Refunds (Checks),null,4,7253,163246,V,Income Tax Refunds Issued,Classification,1,2023,4,2023,3,07,07
2023-07-07,Taxes - Business Tax Refunds (EFT),null,1,162,16588,V,Income Tax Refunds Issued,Classification,2,2023,4,2023,3,07,07
2023-07-07,Taxes - Individual Tax Refunds (Checks),null,53,199,56207,V,Income Tax Refunds Issued,Classification,3,2023,4,2023,3,07,07
2023-07-07,Taxes - Individual Tax Refunds (EFT),null,89,1591,284983,V,Income Tax Refunds Issued,Classification,4,2023,4,2023,3,07,07
2023-07-06,Taxes - Business Tax Refunds (Checks),null,12,7249,163242,V,Income Tax Refunds Issued,Classification,1,2023,4,2023,3,07,06
2023-07-06,Taxes - Business Tax Refunds (EFT),null,1,161,16586,V,Income Tax Refunds Issued,Classification,2,2023,4,2023,3,07,06
2023-07-06,Taxes - Individual Tax Refunds (Checks),null,47,146,56154,V,Income Tax Refunds Issued,Classification,3,2023,4,2023,3,07,06
2023-07-06,Taxes - Individual Tax Refunds (EFT),null,1218,1502,284894,V,Income Tax Refunds Issued,Classification,4,2023,4,2023,3,07,06
2023-07-05,Taxes - Business Tax Refunds (Checks),null,9,7237,163229,V,Income Tax Refunds Issued,Classification,1,2023,4,2023,3,07,05
2023-07-05,Taxes - Business Tax Refunds (EFT),null,-1,160,16586,V,Income Tax Refunds Issued,Classification,2,2023,4,2023,3,07,05
2023-07-05,Taxes - Individual Tax Refunds (Checks),null,58,99,56107,V,Income Tax Refunds Issued,Classification,3,2023,4,2023,3,07,05
2023-07-05,Taxes - Individual Tax Refunds (EFT),null,141,284,283676,V,Income Tax Refunds Issued,Classification,4,2023,4,2023,3,07,05
2023-07-03,Taxes - Business Tax Refunds (Checks),null,7228,7228,163220,V,Income Tax Refunds Issued,Classification,1,2023,4,2023,3,07,03
2023-07-03,Taxes - Business Tax Refunds (EFT),null,161,161,16586,V,Income Tax Refunds Issued,Classification,2,2023,4,2023,3,07,03
2023-07-03,Taxes - Individual Tax Refunds (Checks),null,41,41,56049,V,Income Tax Refunds Issued,Classification,3,2023,4,2023,3,07,03
2023-07-03,Taxes - Individual Tax Refunds (EFT),null,143,143,283536,V,Income Tax Refunds Issued,Classification,4,2023,4,2023,3,07,03
2023-06-30,Taxes - Business Tax Refunds (Checks),null,11,27971,155993,V,Income Tax Refunds Issued,Classification,1,2023,3,2023,2,06,30
2023-06-30,Taxes - Business Tax Refunds (EFT),null,117,802,16426,V,Income Tax Refunds Issued,Classification,2,2023,3,2023,2,06,30
2023-06-30,Taxes - Individual Tax Refunds (Checks),null,659,4357,56008,V,Income Tax Refunds Issued,Classification,3,2023,3,2023,2,06,30
2023-06-30,Taxes - Individual Tax Refunds (EFT),null,30,7590,283393,V,Income Tax Refunds Issued,Classification,4,2023,3,2023,2,06,30
2023-06-29,Taxes - Business Tax Refunds (Checks),null,267,27959,155982,V,Income Tax Refunds Issued,Classification,1,2023,3,2023,2,06,29
2023-06-29,Taxes - Business Tax Refunds (EFT),null,90,685,16309,V,Income Tax Refunds Issued,Classification,2,2023,3,2023,2,06,29
2023-06-29,Taxes - Individual Tax Refunds (Checks),null,50,3698,55349,V,Income Tax Refunds Issued,Classification,3,2023,3,2023,2,06,29
2023-06-29,Taxes - Individual Tax Refunds (EFT),null,32,7560,283363,V,Income Tax Refunds Issued,Classification,4,2023,3,2023,2,06,29
2023-06-28,Taxes - Business Tax Refunds (Checks),null,7,27692,155714,V,Income Tax Refunds Issued,Classification,1,2023,3,2023,2,06,28
2023-06-28,Taxes - Business Tax Refunds (EFT),null,0,596,16219,V,Income Tax Refunds Issued,Classification,2,2023,3,2023,2,06,28
2023-06-28,Taxes - Individual Tax Refunds (Checks),null,87,3648,55299,V,Income Tax Refunds Issued,Classification,3,2023,3,2023,2,06,28
2023-06-28,Taxes - Individual Tax Refunds (EFT),null,1329,7529,283332,V,Income Tax Refunds Issued,Classification,4,2023,3,2023,2,06,28
2023-06-27,Taxes - Business Tax Refunds (Checks),null,8315,27685,155707,V,Income Tax Refunds Issued,Classification,1,2023,3,2023,2,06,27
2023-06-27,Taxes - Business Tax Refunds (EFT),null,69,595,16219,V,Income Tax Refunds Issued,Classification,2,2023,3,2023,2,06,27
2023-06-27,Taxes - Individual Tax Refunds (Checks),null,10,3561,55212,V,Income Tax Refunds Issued,Classification,3,2023,3,2023,2,06,27
2023-06-27,Taxes - Individual Tax Refunds (EFT),null,83,6199,282002,V,Income Tax Refunds Issued,Classification,4,2023,3,2023,2,06,27
2023-06-26,Taxes - Business Tax Refunds (Checks),null,119,19370,147392,V,Income Tax Refunds Issued,Classification,1,2023,3,2023,2,06,26
2023-06-26,Taxes - Business Tax Refunds (EFT),null,0,526,16150,V,Income Tax Refunds Issued,Classification,2,2023,3,2023,2,06,26
2023-06-26,Taxes - Individual Tax Refunds (Checks),null,614,3552,55202,V,Income Tax Refunds Issued,Classification,3,2023,3,2023,2,06,26
2023-06-26,Taxes - Individual Tax Refunds (EFT),null,352,6116,281919,V,Income Tax Refunds Issued,Classification,4,2023,3,2023,2,06,26
2023-06-23,Taxes - Business Tax Refunds (Checks),null,47,19251,147273,V,Income Tax Refunds Issued,Classification,1,2023,3,2023,2,06,23
2023-06-23,Taxes - Business Tax Refunds (EFT),null,2,526,16150,V,Income Tax Refunds Issued,Classification,2,2023,3,2023,2,06,23
2023-06-23,Taxes - Individual Tax Refunds (Checks),null,56,2938,54588,V,Income Tax Refunds Issued,Classification,3,2023,3,2023,2,06,23
2023-06-23,Taxes - Individual Tax Refunds (EFT),null,-9,5764,281567,V,Income Tax Refunds Issued,Classification,4,2023,3,2023,2,06,23
2023-06-22,Taxes - Business Tax Refunds (Checks),null,22,19203,147226,V,Income Tax Refunds Issued,Classification,1,2023,3,2023,2,06,22
2023-06-22,Taxes - Business Tax Refunds (EFT),null,84,524,16148,V,Income Tax Refunds Issued,Classification,2,2023,3,2023,2,06,22
2023-06-22,Taxes - Individual Tax Refunds (Checks),null,46,2881,54532,V,Income Tax Refunds Issued,Classification,3,2023,3,2023,2,06,22
2023-06-22,Taxes - Individual Tax Refunds (EFT),null,1035,5772,281575,V,Income Tax Refunds Issued,Classification,4,2023,3,2023,2,06,22
2023-06-21,Taxes - Business Tax Refunds (Checks),null,51,19181,147203,V,Income Tax Refunds Issued,Classification,1,2023,3,2023,2,06,21
2023-06-21,Taxes - Business Tax Refunds (EFT),null,0,440,16064,V,Income Tax Refunds Issued,Classification,2,2023,3,2023,2,06,21
2023-06-21,Taxes - Individual Tax Refunds (Checks),null,38,2835,54486,V,Income Tax Refunds Issued,Classification,3,2023,3,2023,2,06,21
2023-06-21,Taxes - Individual Tax Refunds (EFT),null,250,4738,280541,V,Income Tax Refunds Issued,Classification,4,2023,3,2023,2,06,21
2023-06-20,Taxes - Business Tax Refunds (Checks),null,5476,19130,147152,V,Income Tax Refunds Issued,Classification,1,2023,3,2023,2,06,20
2023-06-20,Taxes - Business Tax Refunds (EFT),null,111,440,16064,V,Income Tax Refunds Issued,Classification,2,2023,3,2023,2,06,20
2023-06-20,Taxes - Individual Tax Refunds (Checks),null,55,2798,54448,V,Income Tax Refunds Issued,Classification,3,2023,3,2023,2,06,20
2023-06-20,Taxes - Individual Tax Refunds (EFT),null,84,4487,280290,V,Income Tax Refunds Issued,Classification,4,2023,3,2023,2,06,20
2023-06-16,Taxes - Business Tax Refunds (Checks),null,185,13653,141676,V,Income Tax Refunds Issued,Classification,1,2023,3,2023,2,06,16
2023-06-16,Taxes - Business Tax Refunds (EFT),null,0,330,15954,V,Income Tax Refunds Issued,Classification,2,2023,3,2023,2,06,16
2023-06-16,Taxes - Individual Tax Refunds (Checks),null,668,2743,54394,V,Income Tax Refunds Issued,Classification,3,2023,3,2023,2,06,16
2023-06-16,Taxes - Individual Tax Refunds (EFT),null,17,4403,280206,V,Income Tax Refunds Issued,Classification,4,2023,3,2023,2,06,16
2023-06-15,Taxes - Business Tax Refunds (Checks),null,684,13468,141490,V,Income Tax Refunds Issued,Classification,1,2023,3,2023,2,06,15
2023-06-15,Taxes - Business Tax Refunds (EFT),null,102,330,15953,V,Income Tax Refunds Issued,Classification,2,2023,3,2023,2,06,15
2023-06-15,Taxes - Individual Tax Refunds (Checks),null,124,2075,53726,V,Income Tax Refunds Issued,Classification,3,2023,3,2023,2,06,15
2023-06-15,Taxes - Individual Tax Refunds (EFT),null,31,4386,280189,V,Income Tax Refunds Issued,Classification,4,2023,3,2023,2,06,15
2023-06-14,Taxes - Business Tax Refunds (Checks),null,3,12784,140806,V,Income Tax Refunds Issued,Classification,1,2023,3,2023,2,06,14
2023-06-14,Taxes - Business Tax Refunds (EFT),null,7,228,15851,V,Income Tax Refunds Issued,Classification,2,2023,3,2023,2,06,14
2023-06-14,Taxes - Individual Tax Refunds (Checks),null,5,1952,53602,V,Income Tax Refunds Issued,Classification,3,2023,3,2023,2,06,14
2023-06-14,Taxes - Individual Tax Refunds (EFT),null,983,4356,280159,V,Income Tax Refunds Issued,Classification,4,2023,3,2023,2,06,14
2023-06-13,Taxes - Business Tax Refunds (Checks),null,6483,12781,140803,V,Income Tax Refunds Issued,Classification,1,2023,3,2023,2,06,13
2023-06-13,Taxes - Business Tax Refunds (EFT),null,96,221,15845,V,Income Tax Refunds Issued,Classification,2,2023,3,2023,2,06,13
2023-06-13,Taxes - Individual Tax Refunds (Checks),null,31,1946,53597,V,Income Tax Refunds Issued,Classification,3,2023,3,2023,2,06,13
2023-06-13,Taxes - Individual Tax Refunds (EFT),null,292,3373,279176,V,Income Tax Refunds Issued,Classification,4,2023,3,2023,2,06,13
2023-06-12,Taxes - Business Tax Refunds (Checks),null,41,6298,134321,V,Income Tax Refunds Issued,Classification,1,2023,3,2023,2,06,12
2023-06-12,Taxes - Business Tax Refunds (EFT),null,2,125,15749,V,Income Tax Refunds Issued,Classification,2,2023,3,2023,2,06,12
2023-06-12,Taxes - Individual Tax Refunds (Checks),null,37,1915,53566,V,Income Tax Refunds Issued,Classification,3,2023,3,2023,2,06,12
2023-06-12,Taxes - Individual Tax Refunds (EFT),null,-1,3081,278884,V,Income Tax Refunds Issued,Classification,4,2023,3,2023,2,06,12
2023-06-09,Taxes - Business Tax Refunds (Checks),null,53,6258,134280,V,Income Tax Refunds Issued,Classification,1,2023,3,2023,2,06,09
2023-06-09,Taxes - Business Tax Refunds (EFT),null,0,123,15747,V,Income Tax Refunds Issued,Classification,2,2023,3,2023,2,06,09
2023-06-09,Taxes - Individual Tax Refunds (Checks),null,701,1878,53528,V,Income Tax Refunds Issued,Classification,3,2023,3,2023,2,06,09
2023-06-09,Taxes - Individual Tax Refunds (EFT),null,6,3082,278885,V,Income Tax Refunds Issued,Classification,4,2023,3,2023,2,06,09
2023-06-08,Taxes - Business Tax Refunds (Checks),null,569,6205,134227,V,Income Tax Refunds Issued,Classification,1,2023,3,2023,2,06,08
2023-06-08,Taxes - Business Tax Refunds (EFT),null,12,123,15747,V,Income Tax Refunds Issued,Classification,2,2023,3,2023,2,06,08
2023-06-08,Taxes - Individual Tax Refunds (Checks),null,61,1176,52827,V,Income Tax Refunds Issued,Classification,3,2023,3,2023,2,06,08
2023-06-08,Taxes - Individual Tax Refunds (EFT),null,23,3075,278878,V,Income Tax Refunds Issued,Classification,4,2023,3,2023,2,06,08
2023-06-07,Taxes - Business Tax Refunds (Checks),null,27,5636,133658,V,Income Tax Refunds Issued,Classification,1,2023,3,2023,2,06,07
2023-06-07,Taxes - Business Tax Refunds (EFT),null,38,111,15734,V,Income Tax Refunds Issued,Classification,2,2023,3,2023,2,06,07
2023-06-07,Taxes - Individual Tax Refunds (Checks),null,54,1115,52765,V,Income Tax Refunds Issued,Classification,3,2023,3,2023,2,06,07
2023-06-07,Taxes - Individual Tax Refunds (EFT),null,1311,3052,278855,V,Income Tax Refunds Issued,Classification,4,2023,3,2023,2,06,07
2023-06-06,Taxes - Business Tax Refunds (Checks),null,5495,5608,133631,V,Income Tax Refunds Issued,Classification,1,2023,3,2023,2,06,06
2023-06-06,Taxes - Business Tax Refunds (EFT),null,90,72,15696,V,Income Tax Refunds Issued,Classification,2,2023,3,2023,2,06,06
2023-06-06,Taxes - Individual Tax Refunds (Checks),null,37,1061,52711,V,Income Tax Refunds Issued,Classification,3,2023,3,2023,2,06,06
2023-06-06,Taxes - Individual Tax Refunds (EFT),null,65,1741,277544,V,Income Tax Refunds Issued,Classification,4,2023,3,2023,2,06,06
2023-06-05,Taxes - Business Tax Refunds (Checks),null,49,113,128136,V,Income Tax Refunds Issued,Classification,1,2023,3,2023,2,06,05
2023-06-05,Taxes - Business Tax Refunds (EFT),null,-1,-17,15607,V,Income Tax Refunds Issued,Classification,2,2023,3,2023,2,06,05
2023-06-05,Taxes - Individual Tax Refunds (Checks),null,887,1024,52674,V,Income Tax Refunds Issued,Classification,3,2023,3,2023,2,06,05
2023-06-05,Taxes - Individual Tax Refunds (EFT),null,194,1676,277479,V,Income Tax Refunds Issued,Classification,4,2023,3,2023,2,06,05
2023-06-02,Taxes - Business Tax Refunds (Checks),null,21,64,128086,V,Income Tax Refunds Issued,Classification,1,2023,3,2023,2,06,02
2023-06-02,Taxes - Business Tax Refunds (EFT),null,8,-16,15608,V,Income Tax Refunds Issued,Classification,2,2023,3,2023,2,06,02
2023-06-02,Taxes - Individual Tax Refunds (Checks),null,66,137,51787,V,Income Tax Refunds Issued,Classification,3,2023,3,2023,2,06,02
2023-06-02,Taxes - Individual Tax Refunds (EFT),null,19,1482,277285,V,Income Tax Refunds Issued,Classification,4,2023,3,2023,2,06,02
2023-06-01,Taxes - Business Tax Refunds (Checks),null,43,43,128065,V,Income Tax Refunds Issued,Classification,1,2023,3,2023,2,06,01
2023-06-01,Taxes - Business Tax Refunds (EFT),null,-24,-24,15600,V,Income Tax Refunds Issued,Classification,2,2023,3,2023,2,06,01
2023-06-01,Taxes - Individual Tax Refunds (Checks),null,71,71,51722,V,Income Tax Refunds Issued,Classification,3,2023,3,2023,2,06,01
2023-06-01,Taxes - Individual Tax Refunds (EFT),null,1463,1463,277266,V,Income Tax Refunds Issued,Classification,4,2023,3,2023,2,06,01
2023-05-31,Taxes - Business Tax Refunds (Checks),null,9,21904,128022,V,Income Tax Refunds Issued,Classification,1,2023,3,2023,2,05,31
2023-05-31,Taxes - Business Tax Refunds (EFT),null,36,1572,15624,V,Income Tax Refunds Issued,Classification,2,2023,3,2023,2,05,31
2023-05-31,Taxes - Individual Tax Refunds (Checks),null,93,8540,51651,V,Income Tax Refunds Issued,Classification,3,2023,3,2023,2,05,31
2023-05-31,Taxes - Individual Tax Refunds (EFT),null,107,25615,275803,V,Income Tax Refunds Issued,Classification,4,2023,3,2023,2,05,31
2023-05-30,Taxes - Business Tax Refunds (Checks),null,5075,21896,128014,V,Income Tax Refunds Issued,Classification,1,2023,3,2023,2,05,30
2023-05-30,Taxes - Business Tax Refunds (EFT),null,35,1536,15588,V,Income Tax Refunds Issued,Classification,2,2023,3,2023,2,05,30
2023-05-30,Taxes - Individual Tax Refunds (Checks),null,15,8447,51558,V,Income Tax Refunds Issued,Classification,3,2023,3,2023,2,05,30
2023-05-30,Taxes - Individual Tax Refunds (EFT),null,250,25508,275696,V,Income Tax Refunds Issued,Classification,4,2023,3,2023,2,05,30
2023-05-26,Taxes - Business Tax Refunds (Checks),null,22,16821,122939,V,Income Tax Refunds Issued,Classification,1,2023,3,2023,2,05,26
2023-05-26,Taxes - Business Tax Refunds (EFT),null,694,1500,15552,V,Income Tax Refunds Issued,Classification,2,2023,3,2023,2,05,26
2023-05-26,Taxes - Individual Tax Refunds (Checks),null,889,8433,51543,V,Income Tax Refunds Issued,Classification,3,2023,3,2023,2,05,26
2023-05-26,Taxes - Individual Tax Refunds (EFT),null,119,25258,275446,V,Income Tax Refunds Issued,Classification,4,2023,3,2023,2,05,26
2023-05-25,Taxes - Business Tax Refunds (Checks),null,32,16799,122917,V,Income Tax Refunds Issued,Classification,1,2023,3,2023,2,05,25
2023-05-25,Taxes - Business Tax Refunds (EFT),null,18,806,14858,V,Income Tax Refunds Issued,Classification,2,2023,3,2023,2,05,25
2023-05-25,Taxes - Individual Tax Refunds (Checks),null,80,7544,50654,V,Income Tax Refunds Issued,Classification,3,2023,3,2023,2,05,25
2023-05-25,Taxes - Individual Tax Refunds (EFT),null,-10,25139,275327,V,Income Tax Refunds Issued,Classification,4,2023,3,2023,2,05,25
2023-05-24,Taxes - Business Tax Refunds (Checks),null,18,16767,122885,V,Income Tax Refunds Issued,Classification,1,2023,3,2023,2,05,24
2023-05-24,Taxes - Business Tax Refunds (EFT),null,5,788,14840,V,Income Tax Refunds Issued,Classification,2,2023,3,2023,2,05,24
2023-05-24,Taxes - Individual Tax Refunds (Checks),null,172,7464,50575,V,Income Tax Refunds Issued,Classification,3,2023,3,2023,2,05,24
2023-05-24,Taxes - Individual Tax Refunds (EFT),null,1572,25149,275337,V,Income Tax Refunds Issued,Classification,4,2023,3,2023,2,05,24
2023-05-23,Taxes - Business Tax Refunds (Checks),null,4125,16749,122867,V,Income Tax Refunds Issued,Classification,1,2023,3,2023,2,05,23
2023-05-23,Taxes - Business Tax Refunds (EFT),null,126,784,14836,V,Income Tax Refunds Issued,Classification,2,2023,3,2023,2,05,23
2023-05-23,Taxes - Individual Tax Refunds (Checks),null,9,7293,50403,V,Income Tax Refunds Issued,Classification,3,2023,3,2023,2,05,23
2023-05-23,Taxes - Individual Tax Refunds (EFT),null,154,23577,273765,V,Income Tax Refunds Issued,Classification,4,2023,3,2023,2,05,23
2023-05-22,Taxes - Business Tax Refunds (Checks),null,36,12624,118742,V,Income Tax Refunds Issued,Classification,1,2023,3,2023,2,05,22
2023-05-22,Taxes - Business Tax Refunds (EFT),null,-1,658,14710,V,Income Tax Refunds Issued,Classification,2,2023,3,2023,2,05,22
2023-05-22,Taxes - Individual Tax Refunds (Checks),null,8,7284,50394,V,Income Tax Refunds Issued,Classification,3,2023,3,2023,2,05,22
2023-05-22,Taxes - Individual Tax Refunds (EFT),null,529,23424,273611,V,Income Tax Refunds Issued,Classification,4,2023,3,2023,2,05,22
2023-05-19,Taxes - Business Tax Refunds (Checks),null,37,12588,118706,V,Income Tax Refunds Issued,Classification,1,2023,3,2023,2,05,19
2023-05-19,Taxes - Business Tax Refunds (EFT),null,11,658,14710,V,Income Tax Refunds Issued,Classification,2,2023,3,2023,2,05,19
2023-05-19,Taxes - Individual Tax Refunds (Checks),null,1279,7276,50386,V,Income Tax Refunds Issued,Classification,3,2023,3,2023,2,05,19
2023-05-19,Taxes - Individual Tax Refunds (EFT),null,-22,22895,273083,V,Income Tax Refunds Issued,Classification,4,2023,3,2023,2,05,19
2023-05-18,Taxes - Business Tax Refunds (Checks),null,55,12550,118668,V,Income Tax Refunds Issued,Classification,1,2023,3,2023,2,05,18
2023-05-18,Taxes - Business Tax Refunds (EFT),null,9,647,14699,V,Income Tax Refunds Issued,Classification,2,2023,3,2023,2,05,18
2023-05-18,Taxes - Individual Tax Refunds (Checks),null,115,5997,49107,V,Income Tax Refunds Issued,Classification,3,2023,3,2023,2,05,18
2023-05-18,Taxes - Individual Tax Refunds (EFT),null,-13,22916,273104,V,Income Tax Refunds Issued,Classification,4,2023,3,2023,2,05,18
2023-05-17,Taxes - Business Tax Refunds (Checks),null,31,12495,118613,V,Income Tax Refunds Issued,Classification,1,2023,3,2023,2,05,17
2023-05-17,Taxes - Business Tax Refunds (EFT),null,0,638,14690,V,Income Tax Refunds Issued,Classification,2,2023,3,2023,2,05,17
2023-05-17,Taxes - Individual Tax Refunds (Checks),null,86,5882,48992,V,Income Tax Refunds Issued,Classification,3,2023,3,2023,2,05,17
2023-05-17,Taxes - Individual Tax Refunds (EFT),null,2158,22930,273118,V,Income Tax Refunds Issued,Classification,4,2023,3,2023,2,05,17
2023-05-16,Taxes - Business Tax Refunds (Checks),null,5185,12464,118582,V,Income Tax Refunds Issued,Classification,1,2023,3,2023,2,05,16
2023-05-16,Taxes - Business Tax Refunds (EFT),null,56,638,14690,V,Income Tax Refunds Issued,Classification,2,2023,3,2023,2,05,16
2023-05-16,Taxes - Individual Tax Refunds (Checks),null,80,5796,48907,V,Income Tax Refunds Issued,Classification,3,2023,3,2023,2,05,16
2023-05-16,Taxes - Individual Tax Refunds (EFT),null,257,20772,270960,V,Income Tax Refunds Issued,Classification,4,2023,3,2023,2,05,16
2023-05-15,Taxes - Business Tax Refunds (Checks),null,59,7279,113397,V,Income Tax Refunds Issued,Classification,1,2023,3,2023,2,05,15
2023-05-15,Taxes - Business Tax Refunds (EFT),null,12,582,14634,V,Income Tax Refunds Issued,Classification,2,2023,3,2023,2,05,15
2023-05-15,Taxes - Individual Tax Refunds (Checks),null,113,5717,48827,V,Income Tax Refunds Issued,Classification,3,2023,3,2023,2,05,15
2023-05-15,Taxes - Individual Tax Refunds (EFT),null,257,20515,270703,V,Income Tax Refunds Issued,Classification,4,2023,3,2023,2,05,15
2023-05-12,Taxes - Business Tax Refunds (Checks),null,29,7220,113338,V,Income Tax Refunds Issued,Classification,1,2023,3,2023,2,05,12
2023-05-12,Taxes - Business Tax Refunds (EFT),null,1,571,14622,V,Income Tax Refunds Issued,Classification,2,2023,3,2023,2,05,12
2023-05-12,Taxes - Individual Tax Refunds (Checks),null,1747,5604,48714,V,Income Tax Refunds Issued,Classification,3,2023,3,2023,2,05,12
2023-05-12,Taxes - Individual Tax Refunds (EFT),null,193,20258,270446,V,Income Tax Refunds Issued,Classification,4,2023,3,2023,2,05,12
2023-05-11,Taxes - Business Tax Refunds (Checks),null,56,7190,113308,V,Income Tax Refunds Issued,Classification,1,2023,3,2023,2,05,11
2023-05-11,Taxes - Business Tax Refunds (EFT),null,108,570,14622,V,Income Tax Refunds Issued,Classification,2,2023,3,2023,2,05,11
2023-05-11,Taxes - Individual Tax Refunds (Checks),null,115,3857,46968,V,Income Tax Refunds Issued,Classification,3,2023,3,2023,2,05,11
2023-05-11,Taxes - Individual Tax Refunds (EFT),null,239,20065,270253,V,Income Tax Refunds Issued,Classification,4,2023,3,2023,2,05,11
2023-05-10,Taxes - Business Tax Refunds (Checks),null,69,7135,113253,V,Income Tax Refunds Issued,Classification,1,2023,3,2023,2,05,10
2023-05-10,Taxes - Business Tax Refunds (EFT),null,103,462,14513,V,Income Tax Refunds Issued,Classification,2,2023,3,2023,2,05,10
2023-05-10,Taxes - Individual Tax Refunds (Checks),null,127,3743,46853,V,Income Tax Refunds Issued,Classification,3,2023,3,2023,2,05,10
2023-05-10,Taxes - Individual Tax Refunds (EFT),null,5096,19826,270014,V,Income Tax Refunds Issued,Classification,4,2023,3,2023,2,05,10
2023-05-09,Taxes - Business Tax Refunds (Checks),null,3287,7066,113184,V,Income Tax Refunds Issued,Classification,1,2023,3,2023,2,05,09
2023-05-09,Taxes - Business Tax Refunds (EFT),null,39,358,14410,V,Income Tax Refunds Issued,Classification,2,2023,3,2023,2,05,09
2023-05-09,Taxes - Individual Tax Refunds (Checks),null,83,3615,46726,V,Income Tax Refunds Issued,Classification,3,2023,3,2023,2,05,09
2023-05-09,Taxes - Individual Tax Refunds (EFT),null,356,14731,264918,V,Income Tax Refunds Issued,Classification,4,2023,3,2023,2,05,09
2023-05-08,Taxes - Business Tax Refunds (Checks),null,19,3779,109897,V,Income Tax Refunds Issued,Classification,1,2023,3,2023,2,05,08
2023-05-08,Taxes - Business Tax Refunds (EFT),null,19,320,14372,V,Income Tax Refunds Issued,Classification,2,2023,3,2023,2,05,08
2023-05-08,Taxes - Individual Tax Refunds (Checks),null,245,3533,46643,V,Income Tax Refunds Issued,Classification,3,2023,3,2023,2,05,08
2023-05-08,Taxes - Individual Tax Refunds (EFT),null,347,14375,264563,V,Income Tax Refunds Issued,Classification,4,2023,3,2023,2,05,08
2023-05-05,Taxes - Business Tax Refunds (Checks),null,20,3760,109878,V,Income Tax Refunds Issued,Classification,1,2023,3,2023,2,05,05
2023-05-05,Taxes - Business Tax Refunds (EFT),null,2,301,14353,V,Income Tax Refunds Issued,Classification,2,2023,3,2023,2,05,05
2023-05-05,Taxes - Individual Tax Refunds (Checks),null,2271,3287,46398,V,Income Tax Refunds Issued,Classification,3,2023,3,2023,2,05,05
2023-05-05,Taxes - Individual Tax Refunds (EFT),null,303,14028,264216,V,Income Tax Refunds Issued,Classification,4,2023,3,2023,2,05,05
2023-05-04,Taxes - Business Tax Refunds (Checks),null,67,3740,109858,V,Income Tax Refunds Issued,Classification,1,2023,3,2023,2,05,04
2023-05-04,Taxes - Business Tax Refunds (EFT),null,122,299,14350,V,Income Tax Refunds Issued,Classification,2,2023,3,2023,2,05,04
2023-05-04,Taxes - Individual Tax Refunds (Checks),null,264,1017,44127,V,Income Tax Refunds Issued,Classification,3,2023,3,2023,2,05,04
2023-05-04,Taxes - Individual Tax Refunds (EFT),null,1512,13725,263913,V,Income Tax Refunds Issued,Classification,4,2023,3,2023,2,05,04
2023-05-03,Taxes - Business Tax Refunds (Checks),null,8,3673,109791,V,Income Tax Refunds Issued,Classification,1,2023,3,2023,2,05,03
2023-05-03,Taxes - Business Tax Refunds (EFT),null,46,176,14228,V,Income Tax Refunds Issued,Classification,2,2023,3,2023,2,05,03
2023-05-03,Taxes - Individual Tax Refunds (Checks),null,129,753,43863,V,Income Tax Refunds Issued,Classification,3,2023,3,2023,2,05,03
2023-05-03,Taxes - Individual Tax Refunds (EFT),null,10002,12213,262401,V,Income Tax Refunds Issued,Classification,4,2023,3,2023,2,05,03
2023-05-02,Taxes - Business Tax Refunds (Checks),null,3578,3665,109783,V,Income Tax Refunds Issued,Classification,1,2023,3,2023,2,05,02
2023-05-02,Taxes - Business Tax Refunds (EFT),null,128,130,14182,V,Income Tax Refunds Issued,Classification,2,2023,3,2023,2,05,02
2023-05-02,Taxes - Individual Tax Refunds (Checks),null,325,623,43734,V,Income Tax Refunds Issued,Classification,3,2023,3,2023,2,05,02
2023-05-02,Taxes - Individual Tax Refunds (EFT),null,2055,2211,252399,V,Income Tax Refunds Issued,Classification,4,2023,3,2023,2,05,02
2023-05-01,Taxes - Business Tax Refunds (Checks),null,87,87,106205,V,Income Tax Refunds Issued,Classification,1,2023,3,2023,2,05,01
2023-05-01,Taxes - Business Tax Refunds (EFT),null,2,2,14054,V,Income Tax Refunds Issued,Classification,2,2023,3,2023,2,05,01
2023-05-01,Taxes - Individual Tax Refunds (Checks),null,298,298,43409,V,Income Tax Refunds Issued,Classification,3,2023,3,2023,2,05,01
2023-05-01,Taxes - Individual Tax Refunds (EFT),null,157,157,250345,V,Income Tax Refunds Issued,Classification,4,2023,3,2023,2,05,01
2023-04-28,Taxes - Business Tax Refunds (Checks),null,21,13807,106118,V,Income Tax Refunds Issued,Classification,1,2023,3,2023,2,04,28
2023-04-28,Taxes - Business Tax Refunds (EFT),null,17,3920,14052,V,Income Tax Refunds Issued,Classification,2,2023,3,2023,2,04,28
2023-04-28,Taxes - Individual Tax Refunds (Checks),null,1846,9043,43110,V,Income Tax Refunds Issued,Classification,3,2023,3,2023,2,04,28
2023-04-28,Taxes - Individual Tax Refunds (EFT),null,1929,61466,250188,V,Income Tax Refunds Issued,Classification,4,2023,3,2023,2,04,28
2023-04-27,Taxes - Business Tax Refunds (Checks),null,178,13785,106097,V,Income Tax Refunds Issued,Classification,1,2023,3,2023,2,04,27
2023-04-27,Taxes - Business Tax Refunds (EFT),null,44,3903,14035,V,Income Tax Refunds Issued,Classification,2,2023,3,2023,2,04,27
2023-04-27,Taxes - Individual Tax Refunds (Checks),null,625,7197,41264,V,Income Tax Refunds Issued,Classification,3,2023,3,2023,2,04,27
2023-04-27,Taxes - Individual Tax Refunds (EFT),null,2481,59537,248259,V,Income Tax Refunds Issued,Classification,4,2023,3,2023,2,04,27
2023-04-26,Taxes - Business Tax Refunds (Checks),null,48,13607,105919,V,Income Tax Refunds Issued,Classification,1,2023,3,2023,2,04,26
2023-04-26,Taxes - Business Tax Refunds (EFT),null,-3,3859,13991,V,Income Tax Refunds Issued,Classification,2,2023,3,2023,2,04,26
2023-04-26,Taxes - Individual Tax Refunds (Checks),null,6,6572,40639,V,Income Tax Refunds Issued,Classification,3,2023,3,2023,2,04,26
2023-04-26,Taxes - Individual Tax Refunds (EFT),null,9973,57056,245778,V,Income Tax Refunds Issued,Classification,4,2023,3,2023,2,04,26
2023-04-25,Taxes - Business Tax Refunds (Checks),null,646,13560,105871,V,Income Tax Refunds Issued,Classification,1,2023,3,2023,2,04,25
2023-04-25,Taxes - Business Tax Refunds (EFT),null,61,3862,13994,V,Income Tax Refunds Issued,Classification,2,2023,3,2023,2,04,25
2023-04-25,Taxes - Individual Tax Refunds (Checks),null,235,6566,40634,V,Income Tax Refunds Issued,Classification,3,2023,3,2023,2,04,25
2023-04-25,Taxes - Individual Tax Refunds (EFT),null,4863,47083,235805,V,Income Tax Refunds Issued,Classification,4,2023,3,2023,2,04,25
2023-04-24,Taxes - Business Tax Refunds (Checks),null,12,12914,105225,V,Income Tax Refunds Issued,Classification,1,2023,3,2023,2,04,24
2023-04-24,Taxes - Business Tax Refunds (EFT),null,7,3800,13933,V,Income Tax Refunds Issued,Classification,2,2023,3,2023,2,04,24
2023-04-24,Taxes - Individual Tax Refunds (Checks),null,221,6331,40398,V,Income Tax Refunds Issued,Classification,3,2023,3,2023,2,04,24
2023-04-24,Taxes - Individual Tax Refunds (EFT),null,-14,42220,230942,V,Income Tax Refunds Issued,Classification,4,2023,3,2023,2,04,24
2023-04-21,Taxes - Business Tax Refunds (Checks),null,10,12901,105213,V,Income Tax Refunds Issued,Classification,1,2023,3,2023,2,04,21
2023-04-21,Taxes - Business Tax Refunds (EFT),null,1,3793,13925,V,Income Tax Refunds Issued,Classification,2,2023,3,2023,2,04,21
2023-04-21,Taxes - Individual Tax Refunds (Checks),null,1437,6111,40178,V,Income Tax Refunds Issued,Classification,3,2023,3,2023,2,04,21
2023-04-21,Taxes - Individual Tax Refunds (EFT),null,1446,42234,230956,V,Income Tax Refunds Issued,Classification,4,2023,3,2023,2,04,21
2023-04-20,Taxes - Business Tax Refunds (Checks),null,66,12891,105203,V,Income Tax Refunds Issued,Classification,1,2023,3,2023,2,04,20
2023-04-20,Taxes - Business Tax Refunds (EFT),null,138,3792,13924,V,Income Tax Refunds Issued,Classification,2,2023,3,2023,2,04,20
2023-04-20,Taxes - Individual Tax Refunds (Checks),null,225,4674,38741,V,Income Tax Refunds Issued,Classification,3,2023,3,2023,2,04,20
2023-04-20,Taxes - Individual Tax Refunds (EFT),null,1546,40788,229510,V,Income Tax Refunds Issued,Classification,4,2023,3,2023,2,04,20
2023-04-19,Taxes - Business Tax Refunds (Checks),null,40,12825,105137,V,Income Tax Refunds Issued,Classification,1,2023,3,2023,2,04,19
2023-04-19,Taxes - Business Tax Refunds (EFT),null,74,3654,13786,V,Income Tax Refunds Issued,Classification,2,2023,3,2023,2,04,19
2023-04-19,Taxes - Individual Tax Refunds (Checks),null,407,4449,38516,V,Income Tax Refunds Issued,Classification,3,2023,3,2023,2,04,19
2023-04-19,Taxes - Individual Tax Refunds (EFT),null,8020,39242,227964,V,Income Tax Refunds Issued,Classification,4,2023,3,2023,2,04,19
2023-04-18,Taxes - Business Tax Refunds (Checks),null,4174,12785,105097,V,Income Tax Refunds Issued,Classification,1,2023,3,2023,2,04,18
2023-04-18,Taxes - Business Tax Refunds (EFT),null,85,3579,13712,V,Income Tax Refunds Issued,Classification,2,2023,3,2023,2,04,18
2023-04-18,Taxes - Individual Tax Refunds (Checks),null,10,4042,38109,V,Income Tax Refunds Issued,Classification,3,2023,3,2023,2,04,18
2023-04-18,Taxes - Individual Tax Refunds (EFT),null,1638,31222,219944,V,Income Tax Refunds Issued,Classification,4,2023,3,2023,2,04,18
2023-04-17,Taxes - Business Tax Refunds (Checks),null,157,8611,100923,V,Income Tax Refunds Issued,Classification,1,2023,3,2023,2,04,17
2023-04-17,Taxes - Business Tax Refunds (EFT),null,100,3495,13627,V,Income Tax Refunds Issued,Classification,2,2023,3,2023,2,04,17
2023-04-17,Taxes - Individual Tax Refunds (Checks),null,172,4032,38099,V,Income Tax Refunds Issued,Classification,3,2023,3,2023,2,04,17
2023-04-17,Taxes - Individual Tax Refunds (EFT),null,3611,29584,218306,V,Income Tax Refunds Issued,Classification,4,2023,3,2023,2,04,17
2023-04-14,Taxes - Business Tax Refunds (Checks),null,34,8454,100765,V,Income Tax Refunds Issued,Classification,1,2023,3,2023,2,04,14
2023-04-14,Taxes - Business Tax Refunds (EFT),null,816,3395,13527,V,Income Tax Refunds Issued,Classification,2,2023,3,2023,2,04,14
2023-04-14,Taxes - Individual Tax Refunds (Checks),null,1337,3860,37927,V,Income Tax Refunds Issued,Classification,3,2023,3,2023,2,04,14
2023-04-14,Taxes - Individual Tax Refunds (EFT),null,-37,25973,214695,V,Income Tax Refunds Issued,Classification,4,2023,3,2023,2,04,14
2023-04-13,Taxes - Business Tax Refunds (Checks),null,110,8420,100732,V,Income Tax Refunds Issued,Classification,1,2023,3,2023,2,04,13
2023-04-13,Taxes - Business Tax Refunds (EFT),null,1285,2578,12711,V,Income Tax Refunds Issued,Classification,2,2023,3,2023,2,04,13
2023-04-13,Taxes - Individual Tax Refunds (Checks),null,189,2523,36590,V,Income Tax Refunds Issued,Classification,3,2023,3,2023,2,04,13
2023-04-13,Taxes - Individual Tax Refunds (EFT),null,1144,26009,214731,V,Income Tax Refunds Issued,Classification,4,2023,3,2023,2,04,13
2023-04-12,Taxes - Business Tax Refunds (Checks),null,49,8310,100622,V,Income Tax Refunds Issued,Classification,1,2023,3,2023,2,04,12
2023-04-12,Taxes - Business Tax Refunds (EFT),null,37,1294,11426,V,Income Tax Refunds Issued,Classification,2,2023,3,2023,2,04,12
2023-04-12,Taxes - Individual Tax Refunds (Checks),null,142,2334,36401,V,Income Tax Refunds Issued,Classification,3,2023,3,2023,2,04,12
2023-04-12,Taxes - Individual Tax Refunds (EFT),null,8164,24865,213587,V,Income Tax Refunds Issued,Classification,4,2023,3,2023,2,04,12
2023-04-11,Taxes - Business Tax Refunds (Checks),null,5255,8261,100573,V,Income Tax Refunds Issued,Classification,1,2023,3,2023,2,04,11
2023-04-11,Taxes - Business Tax Refunds (EFT),null,76,1257,11389,V,Income Tax Refunds Issued,Classification,2,2023,3,2023,2,04,11
2023-04-11,Taxes - Individual Tax Refunds (Checks),null,226,2192,36259,V,Income Tax Refunds Issued,Classification,3,2023,3,2023,2,04,11
2023-04-11,Taxes - Individual Tax Refunds (EFT),null,1626,16701,205423,V,Income Tax Refunds Issued,Classification,4,2023,3,2023,2,04,11
2023-04-10,Taxes - Business Tax Refunds (Checks),null,76,3006,95318,V,Income Tax Refunds Issued,Classification,1,2023,3,2023,2,04,10
2023-04-10,Taxes - Business Tax Refunds (EFT),null,690,1181,11314,V,Income Tax Refunds Issued,Classification,2,2023,3,2023,2,04,10
2023-04-10,Taxes - Individual Tax Refunds (Checks),null,171,1966,36033,V,Income Tax Refunds Issued,Classification,3,2023,3,2023,2,04,10
2023-04-10,Taxes - Individual Tax Refunds (EFT),null,1466,15075,203797,V,Income Tax Refunds Issued,Classification,4,2023,3,2023,2,04,10
2023-04-07,Taxes - Business Tax Refunds (Checks),null,29,2930,95242,V,Income Tax Refunds Issued,Classification,1,2023,3,2023,2,04,07
2023-04-07,Taxes - Business Tax Refunds (EFT),null,90,492,10624,V,Income Tax Refunds Issued,Classification,2,2023,3,2023,2,04,07
2023-04-07,Taxes - Individual Tax Refunds (Checks),null,1205,1794,35861,V,Income Tax Refunds Issued,Classification,3,2023,3,2023,2,04,07
2023-04-07,Taxes - Individual Tax Refunds (EFT),null,1978,13609,202331,V,Income Tax Refunds Issued,Classification,4,2023,3,2023,2,04,07
2023-04-06,Taxes - Business Tax Refunds (Checks),null,29,2902,95213,V,Income Tax Refunds Issued,Classification,1,2023,3,2023,2,04,06
2023-04-06,Taxes - Business Tax Refunds (EFT),null,170,402,10534,V,Income Tax Refunds Issued,Classification,2,2023,3,2023,2,04,06
2023-04-06,Taxes - Individual Tax Refunds (Checks),null,171,589,34656,V,Income Tax Refunds Issued,Classification,3,2023,3,2023,2,04,06
2023-04-06,Taxes - Individual Tax Refunds (EFT),null,1176,11631,200353,V,Income Tax Refunds Issued,Classification,4,2023,3,2023,2,04,06
2023-04-05,Taxes - Business Tax Refunds (Checks),null,28,2873,95184,V,Income Tax Refunds Issued,Classification,1,2023,3,2023,2,04,05
2023-04-05,Taxes - Business Tax Refunds (EFT),null,1,232,10365,V,Income Tax Refunds Issued,Classification,2,2023,3,2023,2,04,05
2023-04-05,Taxes - Individual Tax Refunds (Checks),null,127,418,34485,V,Income Tax Refunds Issued,Classification,3,2023,3,2023,2,04,05
2023-04-05,Taxes - Individual Tax Refunds (EFT),null,7709,10455,199178,V,Income Tax Refunds Issued,Classification,4,2023,3,2023,2,04,05
2023-04-04,Taxes - Business Tax Refunds (Checks),null,2813,2845,95157,V,Income Tax Refunds Issued,Classification,1,2023,3,2023,2,04,04
2023-04-04,Taxes - Business Tax Refunds (EFT),null,221,231,10363,V,Income Tax Refunds Issued,Classification,2,2023,3,2023,2,04,04
2023-04-04,Taxes - Individual Tax Refunds (Checks),null,170,291,34358,V,Income Tax Refunds Issued,Classification,3,2023,3,2023,2,04,04
2023-04-04,Taxes - Individual Tax Refunds (EFT),null,1228,2747,191469,V,Income Tax Refunds Issued,Classification,4,2023,3,2023,2,04,04
2023-04-03,Taxes - Business Tax Refunds (Checks),null,33,33,92344,V,Income Tax Refunds Issued,Classification,1,2023,3,2023,2,04,03
2023-04-03,Taxes - Business Tax Refunds (EFT),null,10,10,10142,V,Income Tax Refunds Issued,Classification,2,2023,3,2023,2,04,03
2023-04-03,Taxes - Individual Tax Refunds (Checks),null,120,120,34187,V,Income Tax Refunds Issued,Classification,3,2023,3,2023,2,04,03
2023-04-03,Taxes - Individual Tax Refunds (EFT),null,1519,1519,190241,V,Income Tax Refunds Issued,Classification,4,2023,3,2023,2,04,03
2023-03-31,Taxes - Business Tax Refunds (Checks),null,38,15229,92311,V,Income Tax Refunds Issued,Classification,1,2023,2,2023,1,03,31
2023-03-31,Taxes - Business Tax Refunds (EFT),null,48,705,10132,V,Income Tax Refunds Issued,Classification,2,2023,2,2023,1,03,31
2023-03-31,Taxes - Individual Tax Refunds (Checks),null,1056,7840,34067,V,Income Tax Refunds Issued,Classification,3,2023,2,2023,1,03,31
2023-03-31,Taxes - Individual Tax Refunds (EFT),null,1724,75716,188722,V,Income Tax Refunds Issued,Classification,4,2023,2,2023,1,03,31
2023-03-30,Taxes - Business Tax Refunds (Checks),null,150,15191,92274,V,Income Tax Refunds Issued,Classification,1,2023,2,2023,1,03,30
2023-03-30,Taxes - Business Tax Refunds (EFT),null,-12,658,10085,V,Income Tax Refunds Issued,Classification,2,2023,2,2023,1,03,30
2023-03-30,Taxes - Individual Tax Refunds (Checks),null,111,6784,33012,V,Income Tax Refunds Issued,Classification,3,2023,2,2023,1,03,30
2023-03-30,Taxes - Individual Tax Refunds (EFT),null,955,73992,186998,V,Income Tax Refunds Issued,Classification,4,2023,2,2023,1,03,30
2023-03-29,Taxes - Business Tax Refunds (Checks),null,52,15041,92124,V,Income Tax Refunds Issued,Classification,1,2023,2,2023,1,03,29
2023-03-29,Taxes - Business Tax Refunds (EFT),null,0,669,10097,V,Income Tax Refunds Issued,Classification,2,2023,2,2023,1,03,29
2023-03-29,Taxes - Individual Tax Refunds (Checks),null,115,6673,32901,V,Income Tax Refunds Issued,Classification,3,2023,2,2023,1,03,29
2023-03-29,Taxes - Individual Tax Refunds (EFT),null,7537,73037,186043,V,Income Tax Refunds Issued,Classification,4,2023,2,2023,1,03,29
2023-03-28,Taxes - Business Tax Refunds (Checks),null,3580,14989,92072,V,Income Tax Refunds Issued,Classification,1,2023,2,2023,1,03,28
2023-03-28,Taxes - Business Tax Refunds (EFT),null,80,669,10097,V,Income Tax Refunds Issued,Classification,2,2023,2,2023,1,03,28
2023-03-28,Taxes - Individual Tax Refunds (Checks),null,218,6558,32786,V,Income Tax Refunds Issued,Classification,3,2023,2,2023,1,03,28
2023-03-28,Taxes - Individual Tax Refunds (EFT),null,1049,65499,178505,V,Income Tax Refunds Issued,Classification,4,2023,2,2023,1,03,28
2023-03-27,Taxes - Business Tax Refunds (Checks),null,147,11409,88492,V,Income Tax Refunds Issued,Classification,1,2023,2,2023,1,03,27
2023-03-27,Taxes - Business Tax Refunds (EFT),null,1,589,10016,V,Income Tax Refunds Issued,Classification,2,2023,2,2023,1,03,27
2023-03-27,Taxes - Individual Tax Refunds (Checks),null,236,6340,32568,V,Income Tax Refunds Issued,Classification,3,2023,2,2023,1,03,27
2023-03-27,Taxes - Individual Tax Refunds (EFT),null,1724,64450,177456,V,Income Tax Refunds Issued,Classification,4,2023,2,2023,1,03,27
2023-03-24,Taxes - Business Tax Refunds (Checks),null,20,11262,88345,V,Income Tax Refunds Issued,Classification,1,2023,2,2023,1,03,24
2023-03-24,Taxes - Business Tax Refunds (EFT),null,221,588,10015,V,Income Tax Refunds Issued,Classification,2,2023,2,2023,1,03,24
2023-03-24,Taxes - Individual Tax Refunds (Checks),null,1021,6104,32332,V,Income Tax Refunds Issued,Classification,3,2023,2,2023,1,03,24
2023-03-24,Taxes - Individual Tax Refunds (EFT),null,2021,62726,175732,V,Income Tax Refunds Issued,Classification,4,2023,2,2023,1,03,24
2023-03-23,Taxes - Business Tax Refunds (Checks),null,83,11242,88325,V,Income Tax Refunds Issued,Classification,1,2023,2,2023,1,03,23
2023-03-23,Taxes - Business Tax Refunds (EFT),null,0,367,9794,V,Income Tax Refunds Issued,Classification,2,2023,2,2023,1,03,23
2023-03-23,Taxes - Individual Tax Refunds (Checks),null,129,5083,31310,V,Income Tax Refunds Issued,Classification,3,2023,2,2023,1,03,23
2023-03-23,Taxes - Individual Tax Refunds (EFT),null,1067,60705,173711,V,Income Tax Refunds Issued,Classification,4,2023,2,2023,1,03,23
2023-03-22,Taxes - Business Tax Refunds (Checks),null,79,11159,88241,V,Income Tax Refunds Issued,Classification,1,2023,2,2023,1,03,22
2023-03-22,Taxes - Business Tax Refunds (EFT),null,10,367,9794,V,Income Tax Refunds Issued,Classification,2,2023,2,2023,1,03,22
2023-03-22,Taxes - Individual Tax Refunds (Checks),null,121,4954,31182,V,Income Tax Refunds Issued,Classification,3,2023,2,2023,1,03,22
2023-03-22,Taxes - Individual Tax Refunds (EFT),null,7558,59638,172644,V,Income Tax Refunds Issued,Classification,4,2023,2,2023,1,03,22
2023-03-21,Taxes - Business Tax Refunds (Checks),null,2400,11080,88163,V,Income Tax Refunds Issued,Classification,1,2023,2,2023,1,03,21
2023-03-21,Taxes - Business Tax Refunds (EFT),null,36,357,9784,V,Income Tax Refunds Issued,Classification,2,2023,2,2023,1,03,21
2023-03-21,Taxes - Individual Tax Refunds (Checks),null,150,4833,31061,V,Income Tax Refunds Issued,Classification,3,2023,2,2023,1,03,21
2023-03-21,Taxes - Individual Tax Refunds (EFT),null,1036,52080,165086,V,Income Tax Refunds Issued,Classification,4,2023,2,2023,1,03,21
2023-03-20,Taxes - Business Tax Refunds (Checks),null,27,8679,85762,V,Income Tax Refunds Issued,Classification,1,2023,2,2023,1,03,20
2023-03-20,Taxes - Business Tax Refunds (EFT),null,13,321,9748,V,Income Tax Refunds Issued,Classification,2,2023,2,2023,1,03,20
2023-03-20,Taxes - Individual Tax Refunds (Checks),null,109,4684,30911,V,Income Tax Refunds Issued,Classification,3,2023,2,2023,1,03,20
2023-03-20,Taxes - Individual Tax Refunds (EFT),null,1580,51044,164050,V,Income Tax Refunds Issued,Classification,4,2023,2,2023,1,03,20
2023-03-17,Taxes - Business Tax Refunds (Checks),null,34,8652,85735,V,Income Tax Refunds Issued,Classification,1,2023,2,2023,1,03,17
2023-03-17,Taxes - Business Tax Refunds (EFT),null,0,307,9734,V,Income Tax Refunds Issued,Classification,2,2023,2,2023,1,03,17
2023-03-17,Taxes - Individual Tax Refunds (Checks),null,1072,4575,30803,V,Income Tax Refunds Issued,Classification,3,2023,2,2023,1,03,17
2023-03-17,Taxes - Individual Tax Refunds (EFT),null,1714,49464,162470,V,Income Tax Refunds Issued,Classification,4,2023,2,2023,1,03,17
2023-03-16,Taxes - Business Tax Refunds (Checks),null,127,8618,85701,V,Income Tax Refunds Issued,Classification,1,2023,2,2023,1,03,16
2023-03-16,Taxes - Business Tax Refunds (EFT),null,2,307,9734,V,Income Tax Refunds Issued,Classification,2,2023,2,2023,1,03,16
2023-03-16,Taxes - Individual Tax Refunds (Checks),null,118,3503,29731,V,Income Tax Refunds Issued,Classification,3,2023,2,2023,1,03,16
2023-03-16,Taxes - Individual Tax Refunds (EFT),null,1033,47750,160756,V,Income Tax Refunds Issued,Classification,4,2023,2,2023,1,03,16
2023-03-15,Taxes - Business Tax Refunds (Checks),null,42,8490,85573,V,Income Tax Refunds Issued,Classification,1,2023,2,2023,1,03,15
2023-03-15,Taxes - Business Tax Refunds (EFT),null,14,305,9733,V,Income Tax Refunds Issued,Classification,2,2023,2,2023,1,03,15
2023-03-15,Taxes - Individual Tax Refunds (Checks),null,135,3385,29612,V,Income Tax Refunds Issued,Classification,3,2023,2,2023,1,03,15
2023-03-15,Taxes - Individual Tax Refunds (EFT),null,9346,46717,159723,V,Income Tax Refunds Issued,Classification,4,2023,2,2023,1,03,15
2023-03-14,Taxes - Business Tax Refunds (Checks),null,2888,8448,85531,V,Income Tax Refunds Issued,Classification,1,2023,2,2023,1,03,14
2023-03-14,Taxes - Business Tax Refunds (EFT),null,56,291,9718,V,Income Tax Refunds Issued,Classification,2,2023,2,2023,1,03,14
2023-03-14,Taxes - Individual Tax Refunds (Checks),null,153,3250,29477,V,Income Tax Refunds Issued,Classification,3,2023,2,2023,1,03,14
2023-03-14,Taxes - Individual Tax Refunds (EFT),null,1422,37371,150377,V,Income Tax Refunds Issued,Classification,4,2023,2,2023,1,03,14
2023-03-13,Taxes - Business Tax Refunds (Checks),null,88,5560,82643,V,Income Tax Refunds Issued,Classification,1,2023,2,2023,1,03,13
2023-03-13,Taxes - Business Tax Refunds (EFT),null,6,235,9662,V,Income Tax Refunds Issued,Classification,2,2023,2,2023,1,03,13
2023-03-13,Taxes - Individual Tax Refunds (Checks),null,102,3096,29324,V,Income Tax Refunds Issued,Classification,3,2023,2,2023,1,03,13
2023-03-13,Taxes - Individual Tax Refunds (EFT),null,2181,35949,148955,V,Income Tax Refunds Issued,Classification,4,2023,2,2023,1,03,13
2023-03-10,Taxes - Business Tax Refunds (Checks),null,123,5473,82556,V,Income Tax Refunds Issued,Classification,1,2023,2,2023,1,03,10
2023-03-10,Taxes - Business Tax Refunds (EFT),null,4,229,9656,V,Income Tax Refunds Issued,Classification,2,2023,2,2023,1,03,10
2023-03-10,Taxes - Individual Tax Refunds (Checks),null,1081,2994,29222,V,Income Tax Refunds Issued,Classification,3,2023,2,2023,1,03,10
2023-03-10,Taxes - Individual Tax Refunds (EFT),null,2123,33768,146774,V,Income Tax Refunds Issued,Classification,4,2023,2,2023,1,03,10
2023-03-09,Taxes - Business Tax Refunds (Checks),null,59,5350,82433,V,Income Tax Refunds Issued,Classification,1,2023,2,2023,1,03,09
2023-03-09,Taxes - Business Tax Refunds (EFT),null,13,225,9652,V,Income Tax Refunds Issued,Classification,2,2023,2,2023,1,03,09
2023-03-09,Taxes - Individual Tax Refunds (Checks),null,147,1913,28141,V,Income Tax Refunds Issued,Classification,3,2023,2,2023,1,03,09
2023-03-09,Taxes - Individual Tax Refunds (EFT),null,1230,31645,144651,V,Income Tax Refunds Issued,Classification,4,2023,2,2023,1,03,09
2023-03-08,Taxes - Business Tax Refunds (Checks),null,62,5291,82374,V,Income Tax Refunds Issued,Classification,1,2023,2,2023,1,03,08
2023-03-08,Taxes - Business Tax Refunds (EFT),null,44,212,9639,V,Income Tax Refunds Issued,Classification,2,2023,2,2023,1,03,08
2023-03-08,Taxes - Individual Tax Refunds (Checks),null,139,1767,27994,V,Income Tax Refunds Issued,Classification,3,2023,2,2023,1,03,08
2023-03-08,Taxes - Individual Tax Refunds (EFT),null,10754,30415,143421,V,Income Tax Refunds Issued,Classification,4,2023,2,2023,1,03,08
2023-03-07,Taxes - Business Tax Refunds (Checks),null,5033,5229,82312,V,Income Tax Refunds Issued,Classification,1,2023,2,2023,1,03,07
2023-03-07,Taxes - Business Tax Refunds (EFT),null,38,168,9595,V,Income Tax Refunds Issued,Classification,2,2023,2,2023,1,03,07
2023-03-07,Taxes - Individual Tax Refunds (Checks),null,135,1627,27855,V,Income Tax Refunds Issued,Classification,3,2023,2,2023,1,03,07
2023-03-07,Taxes - Individual Tax Refunds (EFT),null,1948,19661,132667,V,Income Tax Refunds Issued,Classification,4,2023,2,2023,1,03,07
2023-03-06,Taxes - Business Tax Refunds (Checks),null,15,196,77279,V,Income Tax Refunds Issued,Classification,1,2023,2,2023,1,03,06
2023-03-06,Taxes - Business Tax Refunds (EFT),null,92,130,9557,V,Income Tax Refunds Issued,Classification,2,2023,2,2023,1,03,06
2023-03-06,Taxes - Individual Tax Refunds (Checks),null,187,1492,27720,V,Income Tax Refunds Issued,Classification,3,2023,2,2023,1,03,06
2023-03-06,Taxes - Individual Tax Refunds (EFT),null,2454,17713,130719,V,Income Tax Refunds Issued,Classification,4,2023,2,2023,1,03,06
2023-03-03,Taxes - Business Tax Refunds (Checks),null,40,181,77264,V,Income Tax Refunds Issued,Classification,1,2023,2,2023,1,03,03
2023-03-03,Taxes - Business Tax Refunds (EFT),null,3,38,9465,V,Income Tax Refunds Issued,Classification,2,2023,2,2023,1,03,03
2023-03-03,Taxes - Individual Tax Refunds (Checks),null,1018,1305,27533,V,Income Tax Refunds Issued,Classification,3,2023,2,2023,1,03,03
2023-03-03,Taxes - Individual Tax Refunds (EFT),null,1863,15259,128265,V,Income Tax Refunds Issued,Classification,4,2023,2,2023,1,03,03
2023-03-02,Taxes - Business Tax Refunds (Checks),null,127,140,77223,V,Income Tax Refunds Issued,Classification,1,2023,2,2023,1,03,02
2023-03-02,Taxes - Business Tax Refunds (EFT),null,30,35,9462,V,Income Tax Refunds Issued,Classification,2,2023,2,2023,1,03,02
2023-03-02,Taxes - Individual Tax Refunds (Checks),null,157,287,26515,V,Income Tax Refunds Issued,Classification,3,2023,2,2023,1,03,02
2023-03-02,Taxes - Individual Tax Refunds (EFT),null,1348,13396,126402,V,Income Tax Refunds Issued,Classification,4,2023,2,2023,1,03,02
2023-03-01,Taxes - Business Tax Refunds (Checks),null,14,14,77096,V,Income Tax Refunds Issued,Classification,1,2023,2,2023,1,03,01
2023-03-01,Taxes - Business Tax Refunds (EFT),null,4,4,9431,V,Income Tax Refunds Issued,Classification,2,2023,2,2023,1,03,01
2023-03-01,Taxes - Individual Tax Refunds (Checks),null,130,130,26357,V,Income Tax Refunds Issued,Classification,3,2023,2,2023,1,03,01
2023-03-01,Taxes - Individual Tax Refunds (EFT),null,12049,12049,125055,V,Income Tax Refunds Issued,Classification,4,2023,2,2023,1,03,01
2023-02-28,Taxes - Business Tax Refunds (Checks),null,2408,11646,77083,V,Income Tax Refunds Issued,Classification,1,2023,2,2023,1,02,28
2023-02-28,Taxes - Business Tax Refunds (EFT),null,200,2995,9427,V,Income Tax Refunds Issued,Classification,2,2023,2,2023,1,02,28
2023-02-28,Taxes - Individual Tax Refunds (Checks),null,81,5348,26228,V,Income Tax Refunds Issued,Classification,3,2023,2,2023,1,02,28
2023-02-28,Taxes - Individual Tax Refunds (EFT),null,3400,88264,113006,V,Income Tax Refunds Issued,Classification,4,2023,2,2023,1,02,28
2023-02-27,Taxes - Business Tax Refunds (Checks),null,21,9237,74675,V,Income Tax Refunds Issued,Classification,1,2023,2,2023,1,02,27
2023-02-27,Taxes - Business Tax Refunds (EFT),null,41,2794,9227,V,Income Tax Refunds Issued,Classification,2,2023,2,2023,1,02,27
2023-02-27,Taxes - Individual Tax Refunds (Checks),null,1083,5267,26146,V,Income Tax Refunds Issued,Classification,3,2023,2,2023,1,02,27
2023-02-27,Taxes - Individual Tax Refunds (EFT),null,3404,84865,109606,V,Income Tax Refunds Issued,Classification,4,2023,2,2023,1,02,27
2023-02-24,Taxes - Business Tax Refunds (Checks),null,62,9216,74654,V,Income Tax Refunds Issued,Classification,1,2023,2,2023,1,02,24
2023-02-24,Taxes - Business Tax Refunds (EFT),null,0,2753,9185,V,Income Tax Refunds Issued,Classification,2,2023,2,2023,1,02,24
2023-02-24,Taxes - Individual Tax Refunds (Checks),null,409,4184,25064,V,Income Tax Refunds Issued,Classification,3,2023,2,2023,1,02,24
2023-02-24,Taxes - Individual Tax Refunds (EFT),null,1273,81460,106202,V,Income Tax Refunds Issued,Classification,4,2023,2,2023,1,02,24
2023-02-23,Taxes - Business Tax Refunds (Checks),null,46,9154,74592,V,Income Tax Refunds Issued,Classification,1,2023,2,2023,1,02,23
2023-02-23,Taxes - Business Tax Refunds (EFT),null,96,2753,9185,V,Income Tax Refunds Issued,Classification,2,2023,2,2023,1,02,23
2023-02-23,Taxes - Individual Tax Refunds (Checks),null,88,3776,24655,V,Income Tax Refunds Issued,Classification,3,2023,2,2023,1,02,23
2023-02-23,Taxes - Individual Tax Refunds (EFT),null,36387,80187,104929,V,Income Tax Refunds Issued,Classification,4,2023,2,2023,1,02,23
2023-02-22,Taxes - Business Tax Refunds (Checks),null,11,9109,74546,V,Income Tax Refunds Issued,Classification,1,2023,2,2023,1,02,22
2023-02-22,Taxes - Business Tax Refunds (EFT),null,201,2657,9089,V,Income Tax Refunds Issued,Classification,2,2023,2,2023,1,02,22
2023-02-22,Taxes - Individual Tax Refunds (Checks),null,52,3687,24567,V,Income Tax Refunds Issued,Classification,3,2023,2,2023,1,02,22
2023-02-22,Taxes - Individual Tax Refunds (EFT),null,18626,43800,68542,V,Income Tax Refunds Issued,Classification,4,2023,2,2023,1,02,22
2023-02-21,Taxes - Business Tax Refunds (Checks),null,2415,9098,74535,V,Income Tax Refunds Issued,Classification,1,2023,2,2023,1,02,21
2023-02-21,Taxes - Business Tax Refunds (EFT),null,73,2456,8889,V,Income Tax Refunds Issued,Classification,2,2023,2,2023,1,02,21
2023-02-21,Taxes - Individual Tax Refunds (Checks),null,71,3635,24515,V,Income Tax Refunds Issued,Classification,3,2023,2,2023,1,02,21
2023-02-21,Taxes - Individual Tax Refunds (EFT),null,2072,25174,49916,V,Income Tax Refunds Issued,Classification,4,2023,2,2023,1,02,21
2023-02-17,Taxes - Business Tax Refunds (Checks),null,27,6683,72120,V,Income Tax Refunds Issued,Classification,1,2023,2,2023,1,02,17
2023-02-17,Taxes - Business Tax Refunds (EFT),null,40,2383,8816,V,Income Tax Refunds Issued,Classification,2,2023,2,2023,1,02,17
2023-02-17,Taxes - Individual Tax Refunds (Checks),null,944,3564,24444,V,Income Tax Refunds Issued,Classification,3,2023,2,2023,1,02,17
2023-02-17,Taxes - Individual Tax Refunds (EFT),null,696,23102,47844,V,Income Tax Refunds Issued,Classification,4,2023,2,2023,1,02,17
2023-02-16,Taxes - Business Tax Refunds (Checks),null,50,6656,72093,V,Income Tax Refunds Issued,Classification,1,2023,2,2023,1,02,16
2023-02-16,Taxes - Business Tax Refunds (EFT),null,53,2343,8776,V,Income Tax Refunds Issued,Classification,2,2023,2,2023,1,02,16
2023-02-16,Taxes - Individual Tax Refunds (Checks),null,88,2620,23500,V,Income Tax Refunds Issued,Classification,3,2023,2,2023,1,02,16
2023-02-16,Taxes - Individual Tax Refunds (EFT),null,890,22406,47147,V,Income Tax Refunds Issued,Classification,4,2023,2,2023,1,02,16
2023-02-15,Taxes - Business Tax Refunds (Checks),null,17,6606,72043,V,Income Tax Refunds Issued,Classification,1,2023,2,2023,1,02,15
2023-02-15,Taxes - Business Tax Refunds (EFT),null,1404,2291,8723,V,Income Tax Refunds Issued,Classification,2,2023,2,2023,1,02,15
2023-02-15,Taxes - Individual Tax Refunds (Checks),null,58,2533,23412,V,Income Tax Refunds Issued,Classification,3,2023,2,2023,1,02,15
2023-02-15,Taxes - Individual Tax Refunds (EFT),null,6585,21515,46257,V,Income Tax Refunds Issued,Classification,4,2023,2,2023,1,02,15
2023-02-14,Taxes - Business Tax Refunds (Checks),null,2024,6589,72026,V,Income Tax Refunds Issued,Classification,1,2023,2,2023,1,02,14
2023-02-14,Taxes - Business Tax Refunds (EFT),null,34,887,7319,V,Income Tax Refunds Issued,Classification,2,2023,2,2023,1,02,14
2023-02-14,Taxes - Individual Tax Refunds (Checks),null,42,2475,23355,V,Income Tax Refunds Issued,Classification,3,2023,2,2023,1,02,14
2023-02-14,Taxes - Individual Tax Refunds (EFT),null,752,14930,39672,V,Income Tax Refunds Issued,Classification,4,2023,2,2023,1,02,14
2023-02-13,IRS Tax Refunds Business,Checks,99,4565,70003,VI,Income Tax Refunds Issued,Classification,1,2023,2,2023,1,02,13
2023-02-13,IRS Tax Refunds Business,EFT,0,853,7286,VI,Income Tax Refunds Issued,Classification,2,2023,2,2023,1,02,13
2023-02-13,IRS Tax Refunds Individual,Checks,48,2434,23313,VI,Income Tax Refunds Issued,Classification,3,2023,2,2023,1,02,13
2023-02-13,IRS Tax Refunds Individual,EFT,2020,14179,38921,VI,Income Tax Refunds Issued,Classification,4,2023,2,2023,1,02,13
2023-02-10,IRS Tax Refunds Business,Checks,43,4467,69904,VI,Income Tax Refunds Issued,Classification,1,2023,2,2023,1,02,10
2023-02-10,IRS Tax Refunds Business,EFT,133,853,7286,VI,Income Tax Refunds Issued,Classification,2,2023,2,2023,1,02,10
2023-02-10,IRS Tax Refunds Individual,Checks,1088,2385,23265,VI,Income Tax Refunds Issued,Classification,3,2023,2,2023,1,02,10
2023-02-10,IRS Tax Refunds Individual,EFT,737,12158,36900,VI,Income Tax Refunds Issued,Classification,4,2023,2,2023,1,02,10
2023-02-09,IRS Tax Refunds Business,Checks,39,4423,69861,VI,Income Tax Refunds Issued,Classification,1,2023,2,2023,1,02,09
2023-02-09,IRS Tax Refunds Business,EFT,4,720,7152,VI,Income Tax Refunds Issued,Classification,2,2023,2,2023,1,02,09
2023-02-09,IRS Tax Refunds Individual,Checks,20,1297,22177,VI,Income Tax Refunds Issued,Classification,3,2023,2,2023,1,02,09
2023-02-09,IRS Tax Refunds Individual,EFT,654,11421,36163,VI,Income Tax Refunds Issued,Classification,4,2023,2,2023,1,02,09
2023-02-08,IRS Tax Refunds Business,Checks,16,4385,69822,VI,Income Tax Refunds Issued,Classification,1,2023,2,2023,1,02,08
2023-02-08,IRS Tax Refunds Business,EFT,218,716,7148,VI,Income Tax Refunds Issued,Classification,2,2023,2,2023,1,02,08
2023-02-08,IRS Tax Refunds Individual,Checks,5,1277,22157,VI,Income Tax Refunds Issued,Classification,3,2023,2,2023,1,02,08
2023-02-08,IRS Tax Refunds Individual,EFT,7271,10767,35509,VI,Income Tax Refunds Issued,Classification,4,2023,2,2023,1,02,08
2023-02-07,IRS Tax Refunds Business,Checks,4182,4369,69806,VI,Income Tax Refunds Issued,Classification,1,2023,2,2023,1,02,07
2023-02-07,IRS Tax Refunds Business,EFT,109,498,6931,VI,Income Tax Refunds Issued,Classification,2,2023,2,2023,1,02,07
2023-02-07,IRS Tax Refunds Individual,Checks,76,1273,22152,VI,Income Tax Refunds Issued,Classification,3,2023,2,2023,1,02,07
2023-02-07,IRS Tax Refunds Individual,EFT,-2,3496,28238,VI,Income Tax Refunds Issued,Classification,4,2023,2,2023,1,02,07
2023-02-06,IRS Tax Refunds Business,Checks,24,186,65623,VI,Income Tax Refunds Issued,Classification,1,2023,2,2023,1,02,06
2023-02-06,IRS Tax Refunds Business,EFT,162,389,6821,VI,Income Tax Refunds Issued,Classification,2,2023,2,2023,1,02,06
2023-02-06,IRS Tax Refunds Individual,Checks,7,1196,22076,VI,Income Tax Refunds Issued,Classification,3,2023,2,2023,1,02,06
2023-02-06,IRS Tax Refunds Individual,EFT,-3,3497,28239,VI,Income Tax Refunds Issued,Classification,4,2023,2,2023,1,02,06
2023-02-03,IRS Tax Refunds Business,Checks,50,163,65600,VI,Income Tax Refunds Issued,Classification,1,2023,2,2023,1,02,03
2023-02-03,IRS Tax Refunds Business,EFT,98,227,6660,VI,Income Tax Refunds Issued,Classification,2,2023,2,2023,1,02,03
2023-02-03,IRS Tax Refunds Individual,Checks,1132,1190,22069,VI,Income Tax Refunds Issued,Classification,3,2023,2,2023,1,02,03
2023-02-03,IRS Tax Refunds Individual,EFT,735,3500,28242,VI,Income Tax Refunds Issued,Classification,4,2023,2,2023,1,02,03
2023-02-02,IRS Tax Refunds Business,Checks,67,112,65549,VI,Income Tax Refunds Issued,Classification,1,2023,2,2023,1,02,02
2023-02-02,IRS Tax Refunds Business,EFT,2,129,6562,VI,Income Tax Refunds Issued,Classification,2,2023,2,2023,1,02,02
2023-02-02,IRS Tax Refunds Individual,Checks,33,58,20937,VI,Income Tax Refunds Issued,Classification,3,2023,2,2023,1,02,02
2023-02-02,IRS Tax Refunds Individual,EFT,-11,2765,27507,VI,Income Tax Refunds Issued,Classification,4,2023,2,2023,1,02,02
2023-02-01,IRS Tax Refunds Business,Checks,45,45,65483,VI,Income Tax Refunds Issued,Classification,1,2023,2,2023,1,02,01
2023-02-01,IRS Tax Refunds Business,EFT,127,127,6559,VI,Income Tax Refunds Issued,Classification,2,2023,2,2023,1,02,01
2023-02-01,IRS Tax Refunds Individual,Checks,25,25,20904,VI,Income Tax Refunds Issued,Classification,3,2023,2,2023,1,02,01
2023-02-01,IRS Tax Refunds Individual,EFT,2776,2776,27518,VI,Income Tax Refunds Issued,Classification,4,2023,2,2023,1,02,01
2023-01-31,IRS Tax Refunds Business,Checks,5,18757,65437,VI,Income Tax Refunds Issued,Classification,1,2023,2,2023,1,01,31
2023-01-31,IRS Tax Refunds Business,EFT,28,755,6432,VI,Income Tax Refunds Issued,Classification,2,2023,2,2023,1,01,31
2023-01-31,IRS Tax Refunds Individual,Checks,157,1384,20880,VI,Income Tax Refunds Issued,Classification,3,2023,2,2023,1,01,31
2023-01-31,IRS Tax Refunds Individual,EFT,714,1515,24742,VI,Income Tax Refunds Issued,Classification,4,2023,2,2023,1,01,31
2023-01-30,IRS Tax Refunds Business,Checks,28,18752,65432,VI,Income Tax Refunds Issued,Classification,1,2023,2,2023,1,01,30
2023-01-30,IRS Tax Refunds Business,EFT,10,726,6404,VI,Income Tax Refunds Issued,Classification,2,2023,2,2023,1,01,30
2023-01-30,IRS Tax Refunds Individual,Checks,7,1227,20723,VI,Income Tax Refunds Issued,Classification,3,2023,2,2023,1,01,30
2023-01-30,IRS Tax Refunds Individual,EFT,213,802,24028,VI,Income Tax Refunds Issued,Classification,4,2023,2,2023,1,01,30
2023-01-27,IRS Tax Refunds Business,Checks,48,18723,65403,VI,Income Tax Refunds Issued,Classification,1,2023,2,2023,1,01,27
2023-01-27,IRS Tax Refunds Business,EFT,14,716,6394,VI,Income Tax Refunds Issued,Classification,2,2023,2,2023,1,01,27
2023-01-27,IRS Tax Refunds Individual,Checks,7,1220,20716,VI,Income Tax Refunds Issued,Classification,3,2023,2,2023,1,01,27
2023-01-27,IRS Tax Refunds Individual,EFT,468,589,23815,VI,Income Tax Refunds Issued,Classification,4,2023,2,2023,1,01,27
2023-01-26,IRS Tax Refunds Business,Checks,88,18675,65355,VI,Income Tax Refunds Issued,Classification,1,2023,2,2023,1,01,26
2023-01-26,IRS Tax Refunds Business,EFT,40,702,6380,VI,Income Tax Refunds Issued,Classification,2,2023,2,2023,1,01,26
2023-01-26,IRS Tax Refunds Individual,Checks,31,1213,20709,VI,Income Tax Refunds Issued,Classification,3,2023,2,2023,1,01,26
2023-01-26,IRS Tax Refunds Individual,EFT,0,121,23348,VI,Income Tax Refunds Issued,Classification,4,2023,2,2023,1,01,26
2023-01-25,IRS Tax Refunds Business,Checks,11,18587,65267,VI,Income Tax Refunds Issued,Classification,1,2023,2,2023,1,01,25
2023-01-25,IRS Tax Refunds Business,EFT,15,663,6340,VI,Income Tax Refunds Issued,Classification,2,2023,2,2023,1,01,25
2023-01-25,IRS Tax Refunds Individual,Checks,17,1182,20677,VI,Income Tax Refunds Issued,Classification,3,2023,2,2023,1,01,25
2023-01-25,IRS Tax Refunds Individual,EFT,0,121,23348,VI,Income Tax Refunds Issued,Classification,4,2023,2,2023,1,01,25
2023-01-24,IRS Tax Refunds Business,Checks,7,18576,65256,VI,Income Tax Refunds Issued,Classification,1,2023,2,2023,1,01,24
2023-01-24,IRS Tax Refunds Business,EFT,0,647,6325,VI,Income Tax Refunds Issued,Classification,2,2023,2,2023,1,01,24
2023-01-24,IRS Tax Refunds Individual,Checks,7,1165,20661,VI,Income Tax Refunds Issued,Classification,3,2023,2,2023,1,01,24
2023-01-24,IRS Tax Refunds Individual,EFT,0,121,23348,VI,Income Tax Refunds Issued,Classification,4,2023,2,2023,1,01,24
2023-01-23,IRS Tax Refunds Business,Checks,6,18569,65249,VI,Income Tax Refunds Issued,Classification,1,2023,2,2023,1,01,23
2023-01-23,IRS Tax Refunds Business,EFT,-1,647,6325,VI,Income Tax Refunds Issued,Classification,2,2023,2,2023,1,01,23
2023-01-23,IRS Tax Refunds Individual,Checks,7,1157,20653,VI,Income Tax Refunds Issued,Classification,3,2023,2,2023,1,01,23
2023-01-23,IRS Tax Refunds Individual,EFT,0,121,23348,VI,Income Tax Refunds Issued,Classification,4,2023,2,2023,1,01,23
2023-01-20,IRS Tax Refunds Business,Checks,5,18563,65243,VI,Income Tax Refunds Issued,Classification,1,2023,2,2023,1,01,20
2023-01-20,IRS Tax Refunds Business,EFT,8,649,6326,VI,Income Tax Refunds Issued,Classification,2,2023,2,2023,1,01,20
2023-01-20,IRS Tax Refunds Individual,Checks,11,1150,20646,VI,Income Tax Refunds Issued,Classification,3,2023,2,2023,1,01,20
2023-01-20,IRS Tax Refunds Individual,EFT,0,121,23348,VI,Income Tax Refunds Issued,Classification,4,2023,2,2023,1,01,20
2023-01-19,IRS Tax Refunds Business,Checks,2,18558,65238,VI,Income Tax Refunds Issued,Classification,1,2023,2,2023,1,01,19
2023-01-19,IRS Tax Refunds Business,EFT,207,641,6319,VI,Income Tax Refunds Issued,Classification,2,2023,2,2023,1,01,19
2023-01-19,IRS Tax Refunds Individual,Checks,4,1139,20635,VI,Income Tax Refunds Issued,Classification,3,2023,2,2023,1,01,19
2023-01-19,IRS Tax Refunds Individual,EFT,0,121,23348,VI,Income Tax Refunds Issued,Classification,4,2023,2,2023,1,01,19
2023-01-18,IRS Tax Refunds Business,Checks,8,18556,65237,VI,Income Tax Refunds Issued,Classification,1,2023,2,2023,1,01,18
2023-01-18,IRS Tax Refunds Business,EFT,0,434,6111,VI,Income Tax Refunds Issued,Classification,2,2023,2,2023,1,01,18
2023-01-18,IRS Tax Refunds Individual,Checks,58,1135,20631,VI,Income Tax Refunds Issued,Classification,3,2023,2,2023,1,01,18
2023-01-18,IRS Tax Refunds Individual,EFT,13,121,23348,VI,Income Tax Refunds Issued,Classification,4,2023,2,2023,1,01,18
2023-01-17,IRS Tax Refunds Business,Checks,2785,18549,65229,VI,Income Tax Refunds Issued,Classification,1,2023,2,2023,1,01,17
2023-01-17,IRS Tax Refunds Business,EFT,0,434,6111,VI,Income Tax Refunds Issued,Classification,2,2023,2,2023,1,01,17
2023-01-17,IRS Tax Refunds Individual,Checks,5,1077,20573,VI,Income Tax Refunds Issued,Classification,3,2023,2,2023,1,01,17
2023-01-17,IRS Tax Refunds Individual,EFT,0,108,23335,VI,Income Tax Refunds Issued,Classification,4,2023,2,2023,1,01,17
2023-01-13,IRS Tax Refunds Business,Checks,13,15764,62444,VI,Income Tax Refunds Issued,Classification,1,2023,2,2023,1,01,13
2023-01-13,IRS Tax Refunds Business,EFT,11,434,6111,VI,Income Tax Refunds Issued,Classification,2,2023,2,2023,1,01,13
2023-01-13,IRS Tax Refunds Individual,Checks,11,1073,20568,VI,Income Tax Refunds Issued,Classification,3,2023,2,2023,1,01,13
2023-01-13,IRS Tax Refunds Individual,EFT,0,108,23335,VI,Income Tax Refunds Issued,Classification,4,2023,2,2023,1,01,13
2023-01-12,IRS Tax Refunds Business,Checks,55,15751,62431,VI,Income Tax Refunds Issued,Classification,1,2023,2,2023,1,01,12
2023-01-12,IRS Tax Refunds Business,EFT,45,422,6100,VI,Income Tax Refunds Issued,Classification,2,2023,2,2023,1,01,12
2023-01-12,IRS Tax Refunds Individual,Checks,13,1061,20557,VI,Income Tax Refunds Issued,Classification,3,2023,2,2023,1,01,12
2023-01-12,IRS Tax Refunds Individual,EFT,0,108,23335,VI,Income Tax Refunds Issued,Classification,4,2023,2,2023,1,01,12
2023-01-11,IRS Tax Refunds Business,Checks,40,15696,62376,VI,Income Tax Refunds Issued,Classification,1,2023,2,2023,1,01,11
2023-01-11,IRS Tax Refunds Business,EFT,0,377,6055,VI,Income Tax Refunds Issued,Classification,2,2023,2,2023,1,01,11
2023-01-11,IRS Tax Refunds Individual,Checks,5,1049,20544,VI,Income Tax Refunds Issued,Classification,3,2023,2,2023,1,01,11
2023-01-11,IRS Tax Refunds Individual,EFT,0,108,23335,VI,Income Tax Refunds Issued,Classification,4,2023,2,2023,1,01,11
2023-01-10,IRS Tax Refunds Business,Checks,10843,15656,62336,VI,Income Tax Refunds Issued,Classification,1,2023,2,2023,1,01,10
2023-01-10,IRS Tax Refunds Business,EFT,73,377,6055,VI,Income Tax Refunds Issued,Classification,2,2023,2,2023,1,01,10
2023-01-10,IRS Tax Refunds Individual,Checks,8,1044,20540,VI,Income Tax Refunds Issued,Classification,3,2023,2,2023,1,01,10
2023-01-10,IRS Tax Refunds Individual,EFT,0,108,23335,VI,Income Tax Refunds Issued,Classification,4,2023,2,2023,1,01,10
2023-01-09,IRS Tax Refunds Business,Checks,26,4814,51494,VI,Income Tax Refunds Issued,Classification,1,2023,2,2023,1,01,09
2023-01-09,IRS Tax Refunds Business,EFT,192,305,5982,VI,Income Tax Refunds Issued,Classification,2,2023,2,2023,1,01,09
2023-01-09,IRS Tax Refunds Individual,Checks,8,1035,20531,VI,Income Tax Refunds Issued,Classification,3,2023,2,2023,1,01,09
2023-01-09,IRS Tax Refunds Individual,EFT,0,108,23335,VI,Income Tax Refunds Issued,Classification,4,2023,2,2023,1,01,09
2023-01-06,IRS Tax Refunds Business,Checks,28,4788,51468,VI,Income Tax Refunds Issued,Classification,1,2023,2,2023,1,01,06
2023-01-06,IRS Tax Refunds Business,EFT,23,113,5790,VI,Income Tax Refunds Issued,Classification,2,2023,2,2023,1,01,06
2023-01-06,IRS Tax Refunds Individual,Checks,6,1028,20524,VI,Income Tax Refunds Issued,Classification,3,2023,2,2023,1,01,06
2023-01-06,IRS Tax Refunds Individual,EFT,16,108,23335,VI,Income Tax Refunds Issued,Classification,4,2023,2,2023,1,01,06
2023-01-05,IRS Tax Refunds Business,Checks,36,4760,51440,VI,Income Tax Refunds Issued,Classification,1,2023,2,2023,1,01,05
2023-01-05,IRS Tax Refunds Business,EFT,28,90,5767,VI,Income Tax Refunds Issued,Classification,2,2023,2,2023,1,01,05
2023-01-05,IRS Tax Refunds Individual,Checks,192,1022,20518,VI,Income Tax Refunds Issued,Classification,3,2023,2,2023,1,01,05
2023-01-05,IRS Tax Refunds Individual,EFT,-2,92,23319,VI,Income Tax Refunds Issued,Classification,4,2023,2,2023,1,01,05
2023-01-04,IRS Tax Refunds Business,Checks,0,4724,51404,VI,Income Tax Refunds Issued,Classification,1,2023,2,2023,1,01,04
2023-01-04,IRS Tax Refunds Business,EFT,1,61,5739,VI,Income Tax Refunds Issued,Classification,2,2023,2,2023,1,01,04
2023-01-04,IRS Tax Refunds Individual,Checks,13,830,20325,VI,Income Tax Refunds Issued,Classification,3,2023,2,2023,1,01,04
2023-01-04,IRS Tax Refunds Individual,EFT,-3,95,23321,VI,Income Tax Refunds Issued,Classification,4,2023,2,2023,1,01,04
2023-01-03,IRS Tax Refunds Business,Checks,4724,4724,51404,VI,Income Tax Refunds Issued,Classification,1,2023,2,2023,1,01,03
2023-01-03,IRS Tax Refunds Business,EFT,60,60,5738,VI,Income Tax Refunds Issued,Classification,2,2023,2,2023,1,01,03
2023-01-03,IRS Tax Refunds Individual,Checks,817,817,20312,VI,Income Tax Refunds Issued,Classification,3,2023,2,2023,1,01,03
2023-01-03,IRS Tax Refunds Individual,EFT,98,98,23324,VI,Income Tax Refunds Issued,Classification,4,2023,2,2023,1,01,03
2022-12-30,IRS Tax Refunds Business,Checks,0,24599,46680,VI,Income Tax Refunds Issued,Classification,1,2023,1,2022,4,12,30
2022-12-30,IRS Tax Refunds Business,EFT,0,715,5678,VI,Income Tax Refunds Issued,Classification,2,2023,1,2022,4,12,30
2022-12-30,IRS Tax Refunds Individual,Checks,19,4254,19496,VI,Income Tax Refunds Issued,Classification,3,2023,1,2022,4,12,30
2022-12-30,IRS Tax Refunds Individual,EFT,3,3504,23227,VI,Income Tax Refunds Issued,Classification,4,2023,1,2022,4,12,30
2022-12-29,IRS Tax Refunds Business,Checks,0,24599,46680,VI,Income Tax Refunds Issued,Classification,1,2023,1,2022,4,12,29
2022-12-29,IRS Tax Refunds Business,EFT,0,715,5678,VI,Income Tax Refunds Issued,Classification,2,2023,1,2022,4,12,29
2022-12-29,IRS Tax Refunds Individual,Checks,20,4235,19477,VI,Income Tax Refunds Issued,Classification,3,2023,1,2022,4,12,29
2022-12-29,IRS Tax Refunds Individual,EFT,297,3501,23224,VI,Income Tax Refunds Issued,Classification,4,2023,1,2022,4,12,29
2022-12-28,IRS Tax Refunds Business,Checks,0,24599,46680,VI,Income Tax Refunds Issued,Classification,1,2023,1,2022,4,12,28
2022-12-28,IRS Tax Refunds Business,EFT,0,716,5678,VI,Income Tax Refunds Issued,Classification,2,2023,1,2022,4,12,28
2022-12-28,IRS Tax Refunds Individual,Checks,21,4216,19457,VI,Income Tax Refunds Issued,Classification,3,2023,1,2022,4,12,28
2022-12-28,IRS Tax Refunds Individual,EFT,14,3204,22926,VI,Income Tax Refunds Issued,Classification,4,2023,1,2022,4,12,28
2022-12-27,IRS Tax Refunds Business,Checks,13312,24599,46680,VI,Income Tax Refunds Issued,Classification,1,2023,1,2022,4,12,27
2022-12-27,IRS Tax Refunds Business,EFT,10,716,5678,VI,Income Tax Refunds Issued,Classification,2,2023,1,2022,4,12,27
2022-12-27,IRS Tax Refunds Individual,Checks,20,4195,19436,VI,Income Tax Refunds Issued,Classification,3,2023,1,2022,4,12,27
2022-12-27,IRS Tax Refunds Individual,EFT,10,3190,22913,VI,Income Tax Refunds Issued,Classification,4,2023,1,2022,4,12,27
2022-12-23,IRS Tax Refunds Business,Checks,0,11287,33368,VI,Income Tax Refunds Issued,Classification,1,2023,1,2022,4,12,23
2022-12-23,IRS Tax Refunds Business,EFT,0,706,5669,VI,Income Tax Refunds Issued,Classification,2,2023,1,2022,4,12,23
2022-12-23,IRS Tax Refunds Individual,Checks,921,4175,19416,VI,Income Tax Refunds Issued,Classification,3,2023,1,2022,4,12,23
2022-12-23,IRS Tax Refunds Individual,EFT,-3,3180,22903,VI,Income Tax Refunds Issued,Classification,4,2023,1,2022,4,12,23
2022-12-22,IRS Tax Refunds Business,Checks,0,11287,33368,VI,Income Tax Refunds Issued,Classification,1,2023,1,2022,4,12,22
2022-12-22,IRS Tax Refunds Business,EFT,0,706,5669,VI,Income Tax Refunds Issued,Classification,2,2023,1,2022,4,12,22
2022-12-22,IRS Tax Refunds Individual,Checks,22,3254,18495,VI,Income Tax Refunds Issued,Classification,3,2023,1,2022,4,12,22
2022-12-22,IRS Tax Refunds Individual,EFT,1,3183,22906,VI,Income Tax Refunds Issued,Classification,4,2023,1,2022,4,12,22
2022-12-21,IRS Tax Refunds Business,Checks,1,11287,33368,VI,Income Tax Refunds Issued,Classification,1,2023,1,2022,4,12,21
2022-12-21,IRS Tax Refunds Business,EFT,0,707,5669,VI,Income Tax Refunds Issued,Classification,2,2023,1,2022,4,12,21
2022-12-21,IRS Tax Refunds Individual,Checks,28,3231,18473,VI,Income Tax Refunds Issued,Classification,3,2023,1,2022,4,12,21
2022-12-21,IRS Tax Refunds Individual,EFT,622,3182,22905,VI,Income Tax Refunds Issued,Classification,4,2023,1,2022,4,12,21
2022-12-20,IRS Tax Refunds Business,Checks,5355,11286,33367,VI,Income Tax Refunds Issued,Classification,1,2023,1,2022,4,12,20
2022-12-20,IRS Tax Refunds Business,EFT,54,707,5669,VI,Income Tax Refunds Issued,Classification,2,2023,1,2022,4,12,20
2022-12-20,IRS Tax Refunds Individual,Checks,20,3203,18445,VI,Income Tax Refunds Issued,Classification,3,2023,1,2022,4,12,20
2022-12-20,IRS Tax Refunds Individual,EFT,1026,2560,22283,VI,Income Tax Refunds Issued,Classification,4,2023,1,2022,4,12,20
2022-12-19,IRS Tax Refunds Business,Checks,48,5931,28012,VI,Income Tax Refunds Issued,Classification,1,2023,1,2022,4,12,19
2022-12-19,IRS Tax Refunds Business,EFT,-1,653,5615,VI,Income Tax Refunds Issued,Classification,2,2023,1,2022,4,12,19
2022-12-19,IRS Tax Refunds Individual,Checks,42,3184,18425,VI,Income Tax Refunds Issued,Classification,3,2023,1,2022,4,12,19
2022-12-19,IRS Tax Refunds Individual,EFT,54,1534,21257,VI,Income Tax Refunds Issued,Classification,4,2023,1,2022,4,12,19
2022-12-16,IRS Tax Refunds Business,Checks,307,5883,27964,VI,Income Tax Refunds Issued,Classification,1,2023,1,2022,4,12,16
2022-12-16,IRS Tax Refunds Business,EFT,128,654,5616,VI,Income Tax Refunds Issued,Classification,2,2023,1,2022,4,12,16
2022-12-16,IRS Tax Refunds Individual,Checks,955,3142,18383,VI,Income Tax Refunds Issued,Classification,3,2023,1,2022,4,12,16
2022-12-16,IRS Tax Refunds Individual,EFT,12,1480,21203,VI,Income Tax Refunds Issued,Classification,4,2023,1,2022,4,12,16
2022-12-15,IRS Tax Refunds Business,Checks,46,5576,27657,VI,Income Tax Refunds Issued,Classification,1,2023,1,2022,4,12,15
2022-12-15,IRS Tax Refunds Business,EFT,119,526,5488,VI,Income Tax Refunds Issued,Classification,2,2023,1,2022,4,12,15
2022-12-15,IRS Tax Refunds Individual,Checks,90,2186,17428,VI,Income Tax Refunds Issued,Classification,3,2023,1,2022,4,12,15
2022-12-15,IRS Tax Refunds Individual,EFT,8,1468,21191,VI,Income Tax Refunds Issued,Classification,4,2023,1,2022,4,12,15
2022-12-14,IRS Tax Refunds Business,Checks,162,5530,27611,VI,Income Tax Refunds Issued,Classification,1,2023,1,2022,4,12,14
2022-12-14,IRS Tax Refunds Business,EFT,79,407,5369,VI,Income Tax Refunds Issued,Classification,2,2023,1,2022,4,12,14
2022-12-14,IRS Tax Refunds Individual,Checks,43,2096,17337,VI,Income Tax Refunds Issued,Classification,3,2023,1,2022,4,12,14
2022-12-14,IRS Tax Refunds Individual,EFT,550,1460,21183,VI,Income Tax Refunds Issued,Classification,4,2023,1,2022,4,12,14
2022-12-13,IRS Tax Refunds Business,Checks,2602,5369,27449,VI,Income Tax Refunds Issued,Classification,1,2023,1,2022,4,12,13
2022-12-13,IRS Tax Refunds Business,EFT,51,327,5290,VI,Income Tax Refunds Issued,Classification,2,2023,1,2022,4,12,13
2022-12-13,IRS Tax Refunds Individual,Checks,33,2053,17295,VI,Income Tax Refunds Issued,Classification,3,2023,1,2022,4,12,13
2022-12-13,IRS Tax Refunds Individual,EFT,17,911,20634,VI,Income Tax Refunds Issued,Classification,4,2023,1,2022,4,12,13
2022-12-12,IRS Tax Refunds Business,Checks,87,2766,24847,VI,Income Tax Refunds Issued,Classification,1,2023,1,2022,4,12,12
2022-12-12,IRS Tax Refunds Business,EFT,31,276,5238,VI,Income Tax Refunds Issued,Classification,2,2023,1,2022,4,12,12
2022-12-12,IRS Tax Refunds Individual,Checks,53,2020,17261,VI,Income Tax Refunds Issued,Classification,3,2023,1,2022,4,12,12
2022-12-12,IRS Tax Refunds Individual,EFT,16,894,20617,VI,Income Tax Refunds Issued,Classification,4,2023,1,2022,4,12,12
2022-12-09,IRS Tax Refunds Business,Checks,32,2680,24760,VI,Income Tax Refunds Issued,Classification,1,2023,1,2022,4,12,09
2022-12-09,IRS Tax Refunds Business,EFT,3,244,5207,VI,Income Tax Refunds Issued,Classification,2,2023,1,2022,4,12,09
2022-12-09,IRS Tax Refunds Individual,Checks,1261,1967,17208,VI,Income Tax Refunds Issued,Classification,3,2023,1,2022,4,12,09
2022-12-09,IRS Tax Refunds Individual,EFT,10,878,20601,VI,Income Tax Refunds Issued,Classification,4,2023,1,2022,4,12,09
2022-12-08,IRS Tax Refunds Business,Checks,112,2648,24729,VI,Income Tax Refunds Issued,Classification,1,2023,1,2022,4,12,08
2022-12-08,IRS Tax Refunds Business,EFT,20,241,5203,VI,Income Tax Refunds Issued,Classification,2,2023,1,2022,4,12,08
2022-12-08,IRS Tax Refunds Individual,Checks,63,706,15947,VI,Income Tax Refunds Issued,Classification,3,2023,1,2022,4,12,08
2022-12-08,IRS Tax Refunds Individual,EFT,30,868,20591,VI,Income Tax Refunds Issued,Classification,4,2023,1,2022,4,12,08
2022-12-07,IRS Tax Refunds Business,Checks,104,2536,24616,VI,Income Tax Refunds Issued,Classification,1,2023,1,2022,4,12,07
2022-12-07,IRS Tax Refunds Business,EFT,2,221,5183,VI,Income Tax Refunds Issued,Classification,2,2023,1,2022,4,12,07
2022-12-07,IRS Tax Refunds Individual,Checks,23,642,15884,VI,Income Tax Refunds Issued,Classification,3,2023,1,2022,4,12,07
2022-12-07,IRS Tax Refunds Individual,EFT,702,838,20561,VI,Income Tax Refunds Issued,Classification,4,2023,1,2022,4,12,07
2022-12-06,IRS Tax Refunds Business,Checks,1999,2432,24512,VI,Income Tax Refunds Issued,Classification,1,2023,1,2022,4,12,06
2022-12-06,IRS Tax Refunds Business,EFT,95,219,5181,VI,Income Tax Refunds Issued,Classification,2,2023,1,2022,4,12,06
2022-12-06,IRS Tax Refunds Individual,Checks,26,619,15861,VI,Income Tax Refunds Issued,Classification,3,2023,1,2022,4,12,06
2022-12-06,IRS Tax Refunds Individual,EFT,64,136,19859,VI,Income Tax Refunds Issued,Classification,4,2023,1,2022,4,12,06
2022-12-05,IRS Tax Refunds Business,Checks,141,433,22514,VI,Income Tax Refunds Issued,Classification,1,2023,1,2022,4,12,05
2022-12-05,IRS Tax Refunds Business,EFT,55,124,5086,VI,Income Tax Refunds Issued,Classification,2,2023,1,2022,4,12,05
2022-12-05,IRS Tax Refunds Individual,Checks,34,593,15834,VI,Income Tax Refunds Issued,Classification,3,2023,1,2022,4,12,05
2022-12-05,IRS Tax Refunds Individual,EFT,26,72,19795,VI,Income Tax Refunds Issued,Classification,4,2023,1,2022,4,12,05
2022-12-02,IRS Tax Refunds Business,Checks,82,292,22373,VI,Income Tax Refunds Issued,Classification,1,2023,1,2022,4,12,02
2022-12-02,IRS Tax Refunds Business,EFT,49,69,5031,VI,Income Tax Refunds Issued,Classification,2,2023,1,2022,4,12,02
2022-12-02,IRS Tax Refunds Individual,Checks,551,559,15800,VI,Income Tax Refunds Issued,Classification,3,2023,1,2022,4,12,02
2022-12-02,IRS Tax Refunds Individual,EFT,22,46,19769,VI,Income Tax Refunds Issued,Classification,4,2023,1,2022,4,12,02
2022-12-01,IRS Tax Refunds Business,Checks,210,210,22291,VI,Income Tax Refunds Issued,Classification,1,2023,1,2022,4,12,01
2022-12-01,IRS Tax Refunds Business,EFT,20,20,4982,VI,Income Tax Refunds Issued,Classification,2,2023,1,2022,4,12,01
2022-12-01,IRS Tax Refunds Individual,Checks,8,8,15249,VI,Income Tax Refunds Issued,Classification,3,2023,1,2022,4,12,01
2022-12-01,IRS Tax Refunds Individual,EFT,24,24,19747,VI,Income Tax Refunds Issued,Classification,4,2023,1,2022,4,12,01
2022-11-30,IRS Tax Refunds Business,Checks,19,11946,22081,VI,Income Tax Refunds Issued,Classification,1,2023,1,2022,4,11,30
2022-11-30,IRS Tax Refunds Business,EFT,4,2202,4962,VI,Income Tax Refunds Issued,Classification,2,2023,1,2022,4,11,30
2022-11-30,IRS Tax Refunds Individual,Checks,7,9972,15241,VI,Income Tax Refunds Issued,Classification,3,2023,1,2022,4,11,30
2022-11-30,IRS Tax Refunds Individual,EFT,461,10405,19723,VI,Income Tax Refunds Issued,Classification,4,2023,1,2022,4,11,30
2022-11-29,IRS Tax Refunds Business,Checks,1947,11928,22062,VI,Income Tax Refunds Issued,Classification,1,2023,1,2022,4,11,29
2022-11-29,IRS Tax Refunds Business,EFT,86,2197,4958,VI,Income Tax Refunds Issued,Classification,2,2023,1,2022,4,11,29
2022-11-29,IRS Tax Refunds Individual,Checks,22,9965,15235,VI,Income Tax Refunds Issued,Classification,3,2023,1,2022,4,11,29
2022-11-29,IRS Tax Refunds Individual,EFT,-1,9944,19262,VI,Income Tax Refunds Issued,Classification,4,2023,1,2022,4,11,29
2022-11-28,IRS Tax Refunds Business,Checks,6,9981,20115,VI,Income Tax Refunds Issued,Classification,1,2023,1,2022,4,11,28
2022-11-28,IRS Tax Refunds Business,EFT,0,2112,4872,VI,Income Tax Refunds Issued,Classification,2,2023,1,2022,4,11,28
2022-11-28,IRS Tax Refunds Individual,Checks,1290,9943,15212,VI,Income Tax Refunds Issued,Classification,3,2023,1,2022,4,11,28
2022-11-28,IRS Tax Refunds Individual,EFT,-17,9945,19263,VI,Income Tax Refunds Issued,Classification,4,2023,1,2022,4,11,28
2022-11-25,IRS Tax Refunds Business,Checks,210,9975,20109,VI,Income Tax Refunds Issued,Classification,1,2023,1,2022,4,11,25
2022-11-25,IRS Tax Refunds Business,EFT,4,2112,4872,VI,Income Tax Refunds Issued,Classification,2,2023,1,2022,4,11,25
2022-11-25,IRS Tax Refunds Individual,Checks,45,8653,13923,VI,Income Tax Refunds Issued,Classification,3,2023,1,2022,4,11,25
2022-11-25,IRS Tax Refunds Individual,EFT,15,9962,19280,VI,Income Tax Refunds Issued,Classification,4,2023,1,2022,4,11,25
2022-11-23,IRS Tax Refunds Business,Checks,67,9764,19899,VI,Income Tax Refunds Issued,Classification,1,2023,1,2022,4,11,23
2022-11-23,IRS Tax Refunds Business,EFT,18,2108,4869,VI,Income Tax Refunds Issued,Classification,2,2023,1,2022,4,11,23
2022-11-23,IRS Tax Refunds Individual,Checks,31,8608,13878,VI,Income Tax Refunds Issued,Classification,3,2023,1,2022,4,11,23
2022-11-23,IRS Tax Refunds Individual,EFT,917,9947,19265,VI,Income Tax Refunds Issued,Classification,4,2023,1,2022,4,11,23
2022-11-22,IRS Tax Refunds Business,Checks,2208,9698,19832,VI,Income Tax Refunds Issued,Classification,1,2023,1,2022,4,11,22
2022-11-22,IRS Tax Refunds Business,EFT,117,2090,4851,VI,Income Tax Refunds Issued,Classification,2,2023,1,2022,4,11,22
2022-11-22,IRS Tax Refunds Individual,Checks,60,8577,13847,VI,Income Tax Refunds Issued,Classification,3,2023,1,2022,4,11,22
2022-11-22,IRS Tax Refunds Individual,EFT,40,9030,18348,VI,Income Tax Refunds Issued,Classification,4,2023,1,2022,4,11,22
2022-11-21,IRS Tax Refunds Business,Checks,65,7490,17624,VI,Income Tax Refunds Issued,Classification,1,2023,1,2022,4,11,21
2022-11-21,IRS Tax Refunds Business,EFT,4,1974,4734,VI,Income Tax Refunds Issued,Classification,2,2023,1,2022,4,11,21
2022-11-21,IRS Tax Refunds Individual,Checks,2420,8517,13787,VI,Income Tax Refunds Issued,Classification,3,2023,1,2022,4,11,21
2022-11-21,IRS Tax Refunds Individual,EFT,414,8990,18307,VI,Income Tax Refunds Issued,Classification,4,2023,1,2022,4,11,21
2022-11-18,IRS Tax Refunds Business,Checks,83,7425,17559,VI,Income Tax Refunds Issued,Classification,1,2023,1,2022,4,11,18
2022-11-18,IRS Tax Refunds Business,EFT,128,1970,4731,VI,Income Tax Refunds Issued,Classification,2,2023,1,2022,4,11,18
2022-11-18,IRS Tax Refunds Individual,Checks,88,6098,11367,VI,Income Tax Refunds Issued,Classification,3,2023,1,2022,4,11,18
2022-11-18,IRS Tax Refunds Individual,EFT,20,8575,17893,VI,Income Tax Refunds Issued,Classification,4,2023,1,2022,4,11,18
2022-11-17,IRS Tax Refunds Business,Checks,70,7341,17475,VI,Income Tax Refunds Issued,Classification,1,2023,1,2022,4,11,17
2022-11-17,IRS Tax Refunds Business,EFT,33,1842,4602,VI,Income Tax Refunds Issued,Classification,2,2023,1,2022,4,11,17
2022-11-17,IRS Tax Refunds Individual,Checks,95,6009,11279,VI,Income Tax Refunds Issued,Classification,3,2023,1,2022,4,11,17
2022-11-17,IRS Tax Refunds Individual,EFT,1361,8555,17873,VI,Income Tax Refunds Issued,Classification,4,2023,1,2022,4,11,17
2022-11-16,IRS Tax Refunds Business,Checks,51,7271,17405,VI,Income Tax Refunds Issued,Classification,1,2023,1,2022,4,11,16
2022-11-16,IRS Tax Refunds Business,EFT,0,1809,4570,VI,Income Tax Refunds Issued,Classification,2,2023,1,2022,4,11,16
2022-11-16,IRS Tax Refunds Individual,Checks,58,5914,11184,VI,Income Tax Refunds Issued,Classification,3,2023,1,2022,4,11,16
2022-11-16,IRS Tax Refunds Individual,EFT,37,7194,16512,VI,Income Tax Refunds Issued,Classification,4,2023,1,2022,4,11,16
2022-11-15,IRS Tax Refunds Business,Checks,2391,7220,17354,VI,Income Tax Refunds Issued,Classification,1,2023,1,2022,4,11,15
2022-11-15,IRS Tax Refunds Business,EFT,184,1809,4570,VI,Income Tax Refunds Issued,Classification,2,2023,1,2022,4,11,15
2022-11-15,IRS Tax Refunds Individual,Checks,88,5857,11126,VI,Income Tax Refunds Issued,Classification,3,2023,1,2022,4,11,15
2022-11-15,IRS Tax Refunds Individual,EFT,34,7156,16474,VI,Income Tax Refunds Issued,Classification,4,2023,1,2022,4,11,15
2022-11-14,IRS Tax Refunds Business,Checks,26,4829,14963,VI,Income Tax Refunds Issued,Classification,1,2023,1,2022,4,11,14
2022-11-14,IRS Tax Refunds Business,EFT,118,1625,4386,VI,Income Tax Refunds Issued,Classification,2,2023,1,2022,4,11,14
2022-11-14,IRS Tax Refunds Individual,Checks,2324,5769,11039,VI,Income Tax Refunds Issued,Classification,3,2023,1,2022,4,11,14
2022-11-14,IRS Tax Refunds Individual,EFT,33,7123,16440,VI,Income Tax Refunds Issued,Classification,4,2023,1,2022,4,11,14
2022-11-10,IRS Tax Refunds Business,Checks,39,4804,14938,VI,Income Tax Refunds Issued,Classification,1,2023,1,2022,4,11,10
2022-11-10,IRS Tax Refunds Business,EFT,308,1507,4268,VI,Income Tax Refunds Issued,Classification,2,2023,1,2022,4,11,10
2022-11-10,IRS Tax Refunds Individual,Checks,59,3446,8715,VI,Income Tax Refunds Issued,Classification,3,2023,1,2022,4,11,10
2022-11-10,IRS Tax Refunds Individual,EFT,33,7089,16407,VI,Income Tax Refunds Issued,Classification,4,2023,1,2022,4,11,10
2022-11-09,IRS Tax Refunds Business,Checks,47,4765,14899,VI,Income Tax Refunds Issued,Classification,1,2023,1,2022,4,11,09
2022-11-09,IRS Tax Refunds Business,EFT,83,1199,3960,VI,Income Tax Refunds Issued,Classification,2,2023,1,2022,4,11,09
2022-11-09,IRS Tax Refunds Individual,Checks,62,3387,8656,VI,Income Tax Refunds Issued,Classification,3,2023,1,2022,4,11,09
2022-11-09,IRS Tax Refunds Individual,EFT,2741,7056,16374,VI,Income Tax Refunds Issued,Classification,4,2023,1,2022,4,11,09
2022-11-08,IRS Tax Refunds Business,Checks,3119,4718,14852,VI,Income Tax Refunds Issued,Classification,1,2023,1,2022,4,11,08
2022-11-08,IRS Tax Refunds Business,EFT,109,1116,3877,VI,Income Tax Refunds Issued,Classification,2,2023,1,2022,4,11,08
2022-11-08,IRS Tax Refunds Individual,Checks,67,3325,8594,VI,Income Tax Refunds Issued,Classification,3,2023,1,2022,4,11,08
2022-11-08,IRS Tax Refunds Individual,EFT,69,4316,13633,VI,Income Tax Refunds Issued,Classification,4,2023,1,2022,4,11,08
2022-11-07,IRS Tax Refunds Business,Checks,43,1599,11733,VI,Income Tax Refunds Issued,Classification,1,2023,1,2022,4,11,07
2022-11-07,IRS Tax Refunds Business,EFT,-197,1007,3768,VI,Income Tax Refunds Issued,Classification,2,2023,1,2022,4,11,07
2022-11-07,IRS Tax Refunds Individual,Checks,68,3258,8527,VI,Income Tax Refunds Issued,Classification,3,2023,1,2022,4,11,07
2022-11-07,IRS Tax Refunds Individual,EFT,62,4247,13564,VI,Income Tax Refunds Issued,Classification,4,2023,1,2022,4,11,07
2022-11-04,IRS Tax Refunds Business,Checks,17,1556,11690,VI,Income Tax Refunds Issued,Classification,1,2023,1,2022,4,11,04
2022-11-04,IRS Tax Refunds Business,EFT,252,1205,3966,VI,Income Tax Refunds Issued,Classification,2,2023,1,2022,4,11,04
2022-11-04,IRS Tax Refunds Individual,Checks,2833,3190,8460,VI,Income Tax Refunds Issued,Classification,3,2023,1,2022,4,11,04
2022-11-04,IRS Tax Refunds Individual,EFT,14,4185,13503,VI,Income Tax Refunds Issued,Classification,4,2023,1,2022,4,11,04
2022-11-03,IRS Tax Refunds Business,Checks,13,1539,11673,VI,Income Tax Refunds Issued,Classification,1,2023,1,2022,4,11,03
2022-11-03,IRS Tax Refunds Business,EFT,563,953,3714,VI,Income Tax Refunds Issued,Classification,2,2023,1,2022,4,11,03
2022-11-03,IRS Tax Refunds Individual,Checks,128,358,5627,VI,Income Tax Refunds Issued,Classification,3,2023,1,2022,4,11,03
2022-11-03,IRS Tax Refunds Individual,EFT,77,4171,13489,VI,Income Tax Refunds Issued,Classification,4,2023,1,2022,4,11,03
2022-11-02,IRS Tax Refunds Business,Checks,16,1526,11660,VI,Income Tax Refunds Issued,Classification,1,2023,1,2022,4,11,02
2022-11-02,IRS Tax Refunds Business,EFT,102,391,3151,VI,Income Tax Refunds Issued,Classification,2,2023,1,2022,4,11,02
2022-11-02,IRS Tax Refunds Individual,Checks,129,229,5499,VI,Income Tax Refunds Issued,Classification,3,2023,1,2022,4,11,02
2022-11-02,IRS Tax Refunds Individual,EFT,3791,4094,13411,VI,Income Tax Refunds Issued,Classification,4,2023,1,2022,4,11,02
2022-11-01,IRS Tax Refunds Business,Checks,1511,1511,11645,VI,Income Tax Refunds Issued,Classification,1,2023,1,2022,4,11,01
2022-11-01,IRS Tax Refunds Business,EFT,289,289,3050,VI,Income Tax Refunds Issued,Classification,2,2023,1,2022,4,11,01
2022-11-01,IRS Tax Refunds Individual,Checks,100,100,5370,VI,Income Tax Refunds Issued,Classification,3,2023,1,2022,4,11,01
2022-11-01,IRS Tax Refunds Individual,EFT,302,302,9620,VI,Income Tax Refunds Issued,Classification,4,2023,1,2022,4,11,01
2022-10-31,IRS Tax Refunds Business,Checks,42,10134,10134,VI,Income Tax Refunds Issued,Classification,1,2023,1,2022,4,10,31
2022-10-31,IRS Tax Refunds Business,EFT,551,2761,2761,VI,Income Tax Refunds Issued,Classification,2,2023,1,2022,4,10,31
2022-10-31,IRS Tax Refunds Individual,Checks,85,5269,5269,VI,Income Tax Refunds Issued,Classification,3,2023,1,2022,4,10,31
2022-10-31,IRS Tax Refunds Individual,EFT,271,9318,9318,VI,Income Tax Refunds Issued,Classification,4,2023,1,2022,4,10,31
2022-10-28,IRS Tax Refunds Business,Checks,52,10092,10092,VI,Income Tax Refunds Issued,Classification,1,2023,1,2022,4,10,28
2022-10-28,IRS Tax Refunds Business,EFT,4,2210,2210,VI,Income Tax Refunds Issued,Classification,2,2023,1,2022,4,10,28
2022-10-28,IRS Tax Refunds Individual,Checks,1496,5185,5185,VI,Income Tax Refunds Issued,Classification,3,2023,1,2022,4,10,28
2022-10-28,IRS Tax Refunds Individual,EFT,141,9047,9047,VI,Income Tax Refunds Issued,Classification,4,2023,1,2022,4,10,28
2022-10-27,IRS Tax Refunds Business,Checks,41,10040,10040,VI,Income Tax Refunds Issued,Classification,1,2023,1,2022,4,10,27
2022-10-27,IRS Tax Refunds Business,EFT,1,2206,2206,VI,Income Tax Refunds Issued,Classification,2,2023,1,2022,4,10,27
2022-10-27,IRS Tax Refunds Individual,Checks,154,3688,3688,VI,Income Tax Refunds Issued,Classification,3,2023,1,2022,4,10,27
2022-10-27,IRS Tax Refunds Individual,EFT,137,8906,8906,VI,Income Tax Refunds Issued,Classification,4,2023,1,2022,4,10,27
2022-10-26,IRS Tax Refunds Business,Checks,9,9998,9998,VI,Income Tax Refunds Issued,Classification,1,2023,1,2022,4,10,26
2022-10-26,IRS Tax Refunds Business,EFT,12,2205,2205,VI,Income Tax Refunds Issued,Classification,2,2023,1,2022,4,10,26
2022-10-26,IRS Tax Refunds Individual,Checks,111,3535,3535,VI,Income Tax Refunds Issued,Classification,3,2023,1,2022,4,10,26
2022-10-26,IRS Tax Refunds Individual,EFT,2853,8769,8769,VI,Income Tax Refunds Issued,Classification,4,2023,1,2022,4,10,26
2022-10-25,IRS Tax Refunds Business,Checks,2619,9989,9989,VI,Income Tax Refunds Issued,Classification,1,2023,1,2022,4,10,25
2022-10-25,IRS Tax Refunds Business,EFT,281,2193,2193,VI,Income Tax Refunds Issued,Classification,2,2023,1,2022,4,10,25
2022-10-25,IRS Tax Refunds Individual,Checks,63,3424,3424,VI,Income Tax Refunds Issued,Classification,3,2023,1,2022,4,10,25
2022-10-25,IRS Tax Refunds Individual,EFT,435,5915,5915,VI,Income Tax Refunds Issued,Classification,4,2023,1,2022,4,10,25
2022-10-24,IRS Tax Refunds Business,Checks,35,7370,7370,VI,Income Tax Refunds Issued,Classification,1,2023,1,2022,4,10,24
2022-10-24,IRS Tax Refunds Business,EFT,80,1912,1912,VI,Income Tax Refunds Issued,Classification,2,2023,1,2022,4,10,24
2022-10-24,IRS Tax Refunds Individual,Checks,85,3361,3361,VI,Income Tax Refunds Issued,Classification,3,2023,1,2022,4,10,24
2022-10-24,IRS Tax Refunds Individual,EFT,353,5481,5481,VI,Income Tax Refunds Issued,Classification,4,2023,1,2022,4,10,24
2022-10-21,IRS Tax Refunds Business,Checks,38,7335,7335,VI,Income Tax Refunds Issued,Classification,1,2023,1,2022,4,10,21
2022-10-21,IRS Tax Refunds Business,EFT,204,1832,1832,VI,Income Tax Refunds Issued,Classification,2,2023,1,2022,4,10,21
2022-10-21,IRS Tax Refunds Individual,Checks,956,3276,3276,VI,Income Tax Refunds Issued,Classification,3,2023,1,2022,4,10,21
2022-10-21,IRS Tax Refunds Individual,EFT,137,5128,5128,VI,Income Tax Refunds Issued,Classification,4,2023,1,2022,4,10,21
2022-10-20,IRS Tax Refunds Business,Checks,17,7297,7297,VI,Income Tax Refunds Issued,Classification,1,2023,1,2022,4,10,20
2022-10-20,IRS Tax Refunds Business,EFT,100,1628,1628,VI,Income Tax Refunds Issued,Classification,2,2023,1,2022,4,10,20
2022-10-20,IRS Tax Refunds Individual,Checks,97,2320,2320,VI,Income Tax Refunds Issued,Classification,3,2023,1,2022,4,10,20
2022-10-20,IRS Tax Refunds Individual,EFT,169,4991,4991,VI,Income Tax Refunds Issued,Classification,4,2023,1,2022,4,10,20
2022-10-19,IRS Tax Refunds Business,Checks,15,7281,7281,VI,Income Tax Refunds Issued,Classification,1,2023,1,2022,4,10,19
2022-10-19,IRS Tax Refunds Business,EFT,1,1529,1529,VI,Income Tax Refunds Issued,Classification,2,2023,1,2022,4,10,19
2022-10-19,IRS Tax Refunds Individual,Checks,67,2223,2223,VI,Income Tax Refunds Issued,Classification,3,2023,1,2022,4,10,19
2022-10-19,IRS Tax Refunds Individual,EFT,1518,4822,4822,VI,Income Tax Refunds Issued,Classification,4,2023,1,2022,4,10,19
2022-10-18,IRS Tax Refunds Business,Checks,2754,7266,7266,VI,Income Tax Refunds Issued,Classification,1,2023,1,2022,4,10,18
2022-10-18,IRS Tax Refunds Business,EFT,238,1528,1528,VI,Income Tax Refunds Issued,Classification,2,2023,1,2022,4,10,18
2022-10-18,IRS Tax Refunds Individual,Checks,54,2156,2156,VI,Income Tax Refunds Issued,Classification,3,2023,1,2022,4,10,18
2022-10-18,IRS Tax Refunds Individual,EFT,204,3304,3304,VI,Income Tax Refunds Issued,Classification,4,2023,1,2022,4,10,18
2022-10-17,IRS Tax Refunds Business,Checks,12,4511,4511,VI,Income Tax Refunds Issued,Classification,1,2023,1,2022,4,10,17
2022-10-17,IRS Tax Refunds Business,EFT,115,1290,1290,VI,Income Tax Refunds Issued,Classification,2,2023,1,2022,4,10,17
2022-10-17,IRS Tax Refunds Individual,Checks,881,2102,2102,VI,Income Tax Refunds Issued,Classification,3,2023,1,2022,4,10,17
2022-10-17,IRS Tax Refunds Individual,EFT,113,3100,3100,VI,Income Tax Refunds Issued,Classification,4,2023,1,2022,4,10,17
2022-10-14,IRS Tax Refunds Business,Checks,50,4500,4500,VI,Income Tax Refunds Issued,Classification,1,2023,1,2022,4,10,14
2022-10-14,IRS Tax Refunds Business,EFT,27,1175,1175,VI,Income Tax Refunds Issued,Classification,2,2023,1,2022,4,10,14
2022-10-14,IRS Tax Refunds Individual,Checks,61,1221,1221,VI,Income Tax Refunds Issued,Classification,3,2023,1,2022,4,10,14
2022-10-14,IRS Tax Refunds Individual,EFT,86,2987,2987,VI,Income Tax Refunds Issued,Classification,4,2023,1,2022,4,10,14
2022-10-13,IRS Tax Refunds Business,Checks,27,4450,4450,VI,Income Tax Refunds Issued,Classification,1,2023,1,2022,4,10,13
2022-10-13,IRS Tax Refunds Business,EFT,345,1148,1148,VI,Income Tax Refunds Issued,Classification,2,2023,1,2022,4,10,13
2022-10-13,IRS Tax Refunds Individual,Checks,45,1160,1160,VI,Income Tax Refunds Issued,Classification,3,2023,1,2022,4,10,13
2022-10-13,IRS Tax Refunds Individual,EFT,1263,2901,2901,VI,Income Tax Refunds Issued,Classification,4,2023,1,2022,4,10,13
2022-10-12,IRS Tax Refunds Business,Checks,16,4423,4423,VI,Income Tax Refunds Issued,Classification,1,2023,1,2022,4,10,12
2022-10-12,IRS Tax Refunds Business,EFT,0,803,803,VI,Income Tax Refunds Issued,Classification,2,2023,1,2022,4,10,12
2022-10-12,IRS Tax Refunds Individual,Checks,49,1114,1114,VI,Income Tax Refunds Issued,Classification,3,2023,1,2022,4,10,12
2022-10-12,IRS Tax Refunds Individual,EFT,83,1637,1637,VI,Income Tax Refunds Issued,Classification,4,2023,1,2022,4,10,12
2022-10-11,IRS Tax Refunds Business,Checks,2123,4407,4407,VI,Income Tax Refunds Issued,Classification,1,2023,1,2022,4,10,11
2022-10-11,IRS Tax Refunds Business,EFT,101,803,803,VI,Income Tax Refunds Issued,Classification,2,2023,1,2022,4,10,11
2022-10-11,IRS Tax Refunds Individual,Checks,59,1065,1065,VI,Income Tax Refunds Issued,Classification,3,2023,1,2022,4,10,11
2022-10-11,IRS Tax Refunds Individual,EFT,112,1555,1555,VI,Income Tax Refunds Issued,Classification,4,2023,1,2022,4,10,11
2022-10-07,IRS Tax Refunds Business,Checks,13,2284,2284,VI,Income Tax Refunds Issued,Classification,1,2023,1,2022,4,10,07
2022-10-07,IRS Tax Refunds Business,EFT,69,702,702,VI,Income Tax Refunds Issued,Classification,2,2023,1,2022,4,10,07
2022-10-07,IRS Tax Refunds Individual,Checks,785,1006,1006,VI,Income Tax Refunds Issued,Classification,3,2023,1,2022,4,10,07
2022-10-07,IRS Tax Refunds Individual,EFT,63,1443,1443,VI,Income Tax Refunds Issued,Classification,4,2023,1,2022,4,10,07
2022-10-06,IRS Tax Refunds Business,Checks,46,2271,2271,VI,Income Tax Refunds Issued,Classification,1,2023,1,2022,4,10,06
2022-10-06,IRS Tax Refunds Business,EFT,33,633,633,VI,Income Tax Refunds Issued,Classification,2,2023,1,2022,4,10,06
2022-10-06,IRS Tax Refunds Individual,Checks,64,221,221,VI,Income Tax Refunds Issued,Classification,3,2023,1,2022,4,10,06
2022-10-06,IRS Tax Refunds Individual,EFT,63,1379,1379,VI,Income Tax Refunds Issued,Classification,4,2023,1,2022,4,10,06
2022-10-05,IRS Tax Refunds Business,Checks,35,2225,2225,VI,Income Tax Refunds Issued,Classification,1,2023,1,2022,4,10,05
2022-10-05,IRS Tax Refunds Business,EFT,477,600,600,VI,Income Tax Refunds Issued,Classification,2,2023,1,2022,4,10,05
2022-10-05,IRS Tax Refunds Individual,Checks,55,157,157,VI,Income Tax Refunds Issued,Classification,3,2023,1,2022,4,10,05
2022-10-05,IRS Tax Refunds Individual,EFT,1170,1317,1317,VI,Income Tax Refunds Issued,Classification,4,2023,1,2022,4,10,05
2022-10-04,IRS Tax Refunds Business,Checks,2130,2189,2189,VI,Income Tax Refunds Issued,Classification,1,2023,1,2022,4,10,04
2022-10-04,IRS Tax Refunds Business,EFT,35,124,124,VI,Income Tax Refunds Issued,Classification,2,2023,1,2022,4,10,04
2022-10-04,IRS Tax Refunds Individual,Checks,90,102,102,VI,Income Tax Refunds Issued,Classification,3,2023,1,2022,4,10,04
2022-10-04,IRS Tax Refunds Individual,EFT,71,146,146,VI,Income Tax Refunds Issued,Classification,4,2023,1,2022,4,10,04
2022-10-03,IRS Tax Refunds Business,Checks,59,59,59,VI,Income Tax Refunds Issued,Classification,1,2023,1,2022,4,10,03
2022-10-03,IRS Tax Refunds Business,EFT,88,88,88,VI,Income Tax Refunds Issued,Classification,2,2023,1,2022,4,10,03
2022-10-03,IRS Tax Refunds Individual,Checks,12,12,12,VI,Income Tax Refunds Issued,Classification,3,2023,1,2022,4,10,03
2022-10-03,IRS Tax Refunds Individual,EFT,75,75,75,VI,Income Tax Refunds Issued,Classification,4,2023,1,2022,4,10,03
2022-09-30,IRS - Advanced Child Tax Credit (Checks),null,0,0,6265,VI,Income Tax Refunds Issued,Classification,1,2022,4,2022,3,09,30
2022-09-30,IRS - Advanced Child Tax Credit (EFT),null,0,0,40931,VI,Income Tax Refunds Issued,Classification,2,2022,4,2022,3,09,30
2022-09-30,IRS - Economic Impact Payments (Checks),null,0,0,2079,VI,Income Tax Refunds Issued,Classification,3,2022,4,2022,3,09,30
2022-09-30,IRS - Economic Impact Payments (EFT),null,0,0,1818,VI,Income Tax Refunds Issued,Classification,4,2022,4,2022,3,09,30
2022-09-30,IRS Tax Refunds Business,Checks,127,9403,111998,VI,Income Tax Refunds Issued,Classification,5,2022,4,2022,3,09,30
2022-09-30,IRS Tax Refunds Business,EFT,1468,2804,31728,VI,Income Tax Refunds Issued,Classification,6,2022,4,2022,3,09,30
2022-09-30,IRS Tax Refunds Individual,Checks,756,5413,60780,VI,Income Tax Refunds Issued,Classification,7,2022,4,2022,3,09,30
2022-09-30,IRS Tax Refunds Individual,EFT,146,5374,317209,VI,Income Tax Refunds Issued,Classification,8,2022,4,2022,3,09,30
2022-09-29,IRS - Advanced Child Tax Credit (Checks),null,0,0,6265,VI,Income Tax Refunds Issued,Classification,1,2022,4,2022,3,09,29
2022-09-29,IRS - Advanced Child Tax Credit (EFT),null,0,0,40931,VI,Income Tax Refunds Issued,Classification,2,2022,4,2022,3,09,29
2022-09-29,IRS - Economic Impact Payments (Checks),null,0,0,2079,VI,Income Tax Refunds Issued,Classification,3,2022,4,2022,3,09,29
2022-09-29,IRS - Economic Impact Payments (EFT),null,0,0,1818,VI,Income Tax Refunds Issued,Classification,4,2022,4,2022,3,09,29
2022-09-29,IRS Tax Refunds Business,Checks,50,9276,111870,VI,Income Tax Refunds Issued,Classification,5,2022,4,2022,3,09,29
2022-09-29,IRS Tax Refunds Business,EFT,390,1337,30260,VI,Income Tax Refunds Issued,Classification,6,2022,4,2022,3,09,29
2022-09-29,IRS Tax Refunds Individual,Checks,59,4657,60024,VI,Income Tax Refunds Issued,Classification,7,2022,4,2022,3,09,29
2022-09-29,IRS Tax Refunds Individual,EFT,-9,5228,317063,VI,Income Tax Refunds Issued,Classification,8,2022,4,2022,3,09,29
2022-09-28,IRS - Advanced Child Tax Credit (Checks),null,0,0,6265,VI,Income Tax Refunds Issued,Classification,1,2022,4,2022,3,09,28
2022-09-28,IRS - Advanced Child Tax Credit (EFT),null,0,0,40931,VI,Income Tax Refunds Issued,Classification,2,2022,4,2022,3,09,28
2022-09-28,IRS - Economic Impact Payments (Checks),null,0,0,2079,VI,Income Tax Refunds Issued,Classification,3,2022,4,2022,3,09,28
2022-09-28,IRS - Economic Impact Payments (EFT),null,0,0,1818,VI,Income Tax Refunds Issued,Classification,4,2022,4,2022,3,09,28
2022-09-28,IRS Tax Refunds Business,Checks,4,9227,111821,VI,Income Tax Refunds Issued,Classification,5,2022,4,2022,3,09,28
2022-09-28,IRS Tax Refunds Business,EFT,34,946,29870,VI,Income Tax Refunds Issued,Classification,6,2022,4,2022,3,09,28
2022-09-28,IRS Tax Refunds Individual,Checks,41,4597,59965,VI,Income Tax Refunds Issued,Classification,7,2022,4,2022,3,09,28
2022-09-28,IRS Tax Refunds Individual,EFT,1017,5237,317072,VI,Income Tax Refunds Issued,Classification,8,2022,4,2022,3,09,28
2022-09-27,IRS - Advanced Child Tax Credit (Checks),null,0,0,6265,VI,Income Tax Refunds Issued,Classification,1,2022,4,2022,3,09,27
2022-09-27,IRS - Advanced Child Tax Credit (EFT),null,0,0,40931,VI,Income Tax Refunds Issued,Classification,2,2022,4,2022,3,09,27
2022-09-27,IRS - Economic Impact Payments (Checks),null,0,0,2079,VI,Income Tax Refunds Issued,Classification,3,2022,4,2022,3,09,27
2022-09-27,IRS - Economic Impact Payments (EFT),null,0,0,1818,VI,Income Tax Refunds Issued,Classification,4,2022,4,2022,3,09,27
2022-09-27,IRS Tax Refunds Business,Checks,1874,9223,111817,VI,Income Tax Refunds Issued,Classification,5,2022,4,2022,3,09,27
2022-09-27,IRS Tax Refunds Business,EFT,99,912,29836,VI,Income Tax Refunds Issued,Classification,6,2022,4,2022,3,09,27
2022-09-27,IRS Tax Refunds Individual,Checks,55,4557,59924,VI,Income Tax Refunds Issued,Classification,7,2022,4,2022,3,09,27
2022-09-27,IRS Tax Refunds Individual,EFT,97,4220,316055,VI,Income Tax Refunds Issued,Classification,8,2022,4,2022,3,09,27
2022-09-26,IRS - Advanced Child Tax Credit (Checks),null,0,0,6265,VI,Income Tax Refunds Issued,Classification,1,2022,4,2022,3,09,26
2022-09-26,IRS - Advanced Child Tax Credit (EFT),null,0,0,40931,VI,Income Tax Refunds Issued,Classification,2,2022,4,2022,3,09,26
2022-09-26,IRS - Economic Impact Payments (Checks),null,0,0,2079,VI,Income Tax Refunds Issued,Classification,3,2022,4,2022,3,09,26
2022-09-26,IRS - Economic Impact Payments (EFT),null,0,0,1818,VI,Income Tax Refunds Issued,Classification,4,2022,4,2022,3,09,26
2022-09-26,IRS Tax Refunds Business,Checks,25,7349,109943,VI,Income Tax Refunds Issued,Classification,5,2022,4,2022,3,09,26
2022-09-26,IRS Tax Refunds Business,EFT,175,814,29737,VI,Income Tax Refunds Issued,Classification,6,2022,4,2022,3,09,26
2022-09-26,IRS Tax Refunds Individual,Checks,71,4501,59868,VI,Income Tax Refunds Issued,Classification,7,2022,4,2022,3,09,26
2022-09-26,IRS Tax Refunds Individual,EFT,81,4123,315958,VI,Income Tax Refunds Issued,Classification,8,2022,4,2022,3,09,26
2022-09-23,IRS - Advanced Child Tax Credit (Checks),null,0,0,6265,VI,Income Tax Refunds Issued,Classification,1,2022,4,2022,3,09,23
2022-09-23,IRS - Advanced Child Tax Credit (EFT),null,0,0,40931,VI,Income Tax Refunds Issued,Classification,2,2022,4,2022,3,09,23
2022-09-23,IRS - Economic Impact Payments (Checks),null,0,0,2079,VI,Income Tax Refunds Issued,Classification,3,2022,4,2022,3,09,23
2022-09-23,IRS - Economic Impact Payments (EFT),null,0,0,1818,VI,Income Tax Refunds Issued,Classification,4,2022,4,2022,3,09,23
2022-09-23,IRS Tax Refunds Business,Checks,58,7323,109918,VI,Income Tax Refunds Issued,Classification,5,2022,4,2022,3,09,23
2022-09-23,IRS Tax Refunds Business,EFT,1,639,29562,VI,Income Tax Refunds Issued,Classification,6,2022,4,2022,3,09,23
2022-09-23,IRS Tax Refunds Individual,Checks,762,4430,59797,VI,Income Tax Refunds Issued,Classification,7,2022,4,2022,3,09,23
2022-09-23,IRS Tax Refunds Individual,EFT,71,4042,315877,VI,Income Tax Refunds Issued,Classification,8,2022,4,2022,3,09,23
2022-09-22,IRS - Advanced Child Tax Credit (Checks),null,0,0,6265,VI,Income Tax Refunds Issued,Classification,1,2022,4,2022,3,09,22
2022-09-22,IRS - Advanced Child Tax Credit (EFT),null,0,0,40931,VI,Income Tax Refunds Issued,Classification,2,2022,4,2022,3,09,22
2022-09-22,IRS - Economic Impact Payments (Checks),null,0,0,2079,VI,Income Tax Refunds Issued,Classification,3,2022,4,2022,3,09,22
2022-09-22,IRS - Economic Impact Payments (EFT),null,0,0,1818,VI,Income Tax Refunds Issued,Classification,4,2022,4,2022,3,09,22
2022-09-22,IRS Tax Refunds Business,Checks,27,7265,109859,VI,Income Tax Refunds Issued,Classification,5,2022,4,2022,3,09,22
2022-09-22,IRS Tax Refunds Business,EFT,27,637,29561,VI,Income Tax Refunds Issued,Classification,6,2022,4,2022,3,09,22
2022-09-22,IRS Tax Refunds Individual,Checks,50,3668,59035,VI,Income Tax Refunds Issued,Classification,7,2022,4,2022,3,09,22
2022-09-22,IRS Tax Refunds Individual,EFT,69,3971,315806,VI,Income Tax Refunds Issued,Classification,8,2022,4,2022,3,09,22
2022-09-21,IRS - Advanced Child Tax Credit (Checks),null,0,0,6265,VI,Income Tax Refunds Issued,Classification,1,2022,4,2022,3,09,21
2022-09-21,IRS - Advanced Child Tax Credit (EFT),null,0,0,40931,VI,Income Tax Refunds Issued,Classification,2,2022,4,2022,3,09,21
2022-09-21,IRS - Economic Impact Payments (Checks),null,0,0,2079,VI,Income Tax Refunds Issued,Classification,3,2022,4,2022,3,09,21
2022-09-21,IRS - Economic Impact Payments (EFT),null,0,0,1818,VI,Income Tax Refunds Issued,Classification,4,2022,4,2022,3,09,21
2022-09-21,IRS Tax Refunds Business,Checks,38,7239,109833,VI,Income Tax Refunds Issued,Classification,5,2022,4,2022,3,09,21
2022-09-21,IRS Tax Refunds Business,EFT,132,611,29534,VI,Income Tax Refunds Issued,Classification,6,2022,4,2022,3,09,21
2022-09-21,IRS Tax Refunds Individual,Checks,47,3617,58985,VI,Income Tax Refunds Issued,Classification,7,2022,4,2022,3,09,21
2022-09-21,IRS Tax Refunds Individual,EFT,1005,3902,315737,VI,Income Tax Refunds Issued,Classification,8,2022,4,2022,3,09,21
2022-09-20,IRS - Advanced Child Tax Credit (Checks),null,0,0,6265,VI,Income Tax Refunds Issued,Classification,1,2022,4,2022,3,09,20
2022-09-20,IRS - Advanced Child Tax Credit (EFT),null,0,0,40931,VI,Income Tax Refunds Issued,Classification,2,2022,4,2022,3,09,20
2022-09-20,IRS - Economic Impact Payments (Checks),null,0,0,2079,VI,Income Tax Refunds Issued,Classification,3,2022,4,2022,3,09,20
2022-09-20,IRS - Economic Impact Payments (EFT),null,0,0,1818,VI,Income Tax Refunds Issued,Classification,4,2022,4,2022,3,09,20
2022-09-20,IRS Tax Refunds Business,Checks,2735,7201,109795,VI,Income Tax Refunds Issued,Classification,5,2022,4,2022,3,09,20
2022-09-20,IRS Tax Refunds Business,EFT,43,479,29402,VI,Income Tax Refunds Issued,Classification,6,2022,4,2022,3,09,20
2022-09-20,IRS Tax Refunds Individual,Checks,54,3571,58938,VI,Income Tax Refunds Issued,Classification,7,2022,4,2022,3,09,20
2022-09-20,IRS Tax Refunds Individual,EFT,84,2897,314732,VI,Income Tax Refunds Issued,Classification,8,2022,4,2022,3,09,20
2022-09-19,IRS - Advanced Child Tax Credit (Checks),null,0,0,6265,VI,Income Tax Refunds Issued,Classification,1,2022,4,2022,3,09,19
2022-09-19,IRS - Advanced Child Tax Credit (EFT),null,0,0,40931,VI,Income Tax Refunds Issued,Classification,2,2022,4,2022,3,09,19
2022-09-19,IRS - Economic Impact Payments (Checks),null,0,0,2079,VI,Income Tax Refunds Issued,Classification,3,2022,4,2022,3,09,19
2022-09-19,IRS - Economic Impact Payments (EFT),null,0,0,1818,VI,Income Tax Refunds Issued,Classification,4,2022,4,2022,3,09,19
2022-09-19,IRS Tax Refunds Business,Checks,37,4466,107060,VI,Income Tax Refunds Issued,Classification,5,2022,4,2022,3,09,19
2022-09-19,IRS Tax Refunds Business,EFT,0,436,29359,VI,Income Tax Refunds Issued,Classification,6,2022,4,2022,3,09,19
2022-09-19,IRS Tax Refunds Individual,Checks,45,3517,58884,VI,Income Tax Refunds Issued,Classification,7,2022,4,2022,3,09,19
2022-09-19,IRS Tax Refunds Individual,EFT,88,2813,314648,VI,Income Tax Refunds Issued,Classification,8,2022,4,2022,3,09,19
2022-09-16,IRS - Advanced Child Tax Credit (Checks),null,0,0,6265,VI,Income Tax Refunds Issued,Classification,1,2022,4,2022,3,09,16
2022-09-16,IRS - Advanced Child Tax Credit (EFT),null,0,0,40931,VI,Income Tax Refunds Issued,Classification,2,2022,4,2022,3,09,16
2022-09-16,IRS - Economic Impact Payments (Checks),null,0,0,2079,VI,Income Tax Refunds Issued,Classification,3,2022,4,2022,3,09,16
2022-09-16,IRS - Economic Impact Payments (EFT),null,0,0,1818,VI,Income Tax Refunds Issued,Classification,4,2022,4,2022,3,09,16
2022-09-16,IRS Tax Refunds Business,Checks,28,4428,107023,VI,Income Tax Refunds Issued,Classification,5,2022,4,2022,3,09,16
2022-09-16,IRS Tax Refunds Business,EFT,0,436,29359,VI,Income Tax Refunds Issued,Classification,6,2022,4,2022,3,09,16
2022-09-16,IRS Tax Refunds Individual,Checks,704,3472,58839,VI,Income Tax Refunds Issued,Classification,7,2022,4,2022,3,09,16
2022-09-16,IRS Tax Refunds Individual,EFT,52,2724,314560,VI,Income Tax Refunds Issued,Classification,8,2022,4,2022,3,09,16
2022-09-15,IRS - Advanced Child Tax Credit (Checks),null,0,0,6265,VI,Income Tax Refunds Issued,Classification,1,2022,4,2022,3,09,15
2022-09-15,IRS - Advanced Child Tax Credit (EFT),null,0,0,40931,VI,Income Tax Refunds Issued,Classification,2,2022,4,2022,3,09,15
2022-09-15,IRS - Economic Impact Payments (Checks),null,0,0,2079,VI,Income Tax Refunds Issued,Classification,3,2022,4,2022,3,09,15
2022-09-15,IRS - Economic Impact Payments (EFT),null,0,0,1818,VI,Income Tax Refunds Issued,Classification,4,2022,4,2022,3,09,15
2022-09-15,IRS Tax Refunds Business,Checks,23,4400,106995,VI,Income Tax Refunds Issued,Classification,5,2022,4,2022,3,09,15
2022-09-15,IRS Tax Refunds Business,EFT,77,436,29359,VI,Income Tax Refunds Issued,Classification,6,2022,4,2022,3,09,15
2022-09-15,IRS Tax Refunds Individual,Checks,50,2768,58135,VI,Income Tax Refunds Issued,Classification,7,2022,4,2022,3,09,15
2022-09-15,IRS Tax Refunds Individual,EFT,67,2672,314508,VI,Income Tax Refunds Issued,Classification,8,2022,4,2022,3,09,15
2022-09-14,IRS - Advanced Child Tax Credit (Checks),null,0,0,6265,VI,Income Tax Refunds Issued,Classification,1,2022,4,2022,3,09,14
2022-09-14,IRS - Advanced Child Tax Credit (EFT),null,0,0,40931,VI,Income Tax Refunds Issued,Classification,2,2022,4,2022,3,09,14
2022-09-14,IRS - Economic Impact Payments (Checks),null,0,0,2079,VI,Income Tax Refunds Issued,Classification,3,2022,4,2022,3,09,14
2022-09-14,IRS - Economic Impact Payments (EFT),null,0,0,1818,VI,Income Tax Refunds Issued,Classification,4,2022,4,2022,3,09,14
2022-09-14,IRS Tax Refunds Business,Checks,11,4377,106971,VI,Income Tax Refunds Issued,Classification,5,2022,4,2022,3,09,14
2022-09-14,IRS Tax Refunds Business,EFT,76,359,29283,VI,Income Tax Refunds Issued,Classification,6,2022,4,2022,3,09,14
2022-09-14,IRS Tax Refunds Individual,Checks,59,2718,58085,VI,Income Tax Refunds Issued,Classification,7,2022,4,2022,3,09,14
2022-09-14,IRS Tax Refunds Individual,EFT,960,2605,314441,VI,Income Tax Refunds Issued,Classification,8,2022,4,2022,3,09,14
2022-09-13,IRS - Advanced Child Tax Credit (Checks),null,0,0,6265,VI,Income Tax Refunds Issued,Classification,1,2022,4,2022,3,09,13
2022-09-13,IRS - Advanced Child Tax Credit (EFT),null,0,0,40931,VI,Income Tax Refunds Issued,Classification,2,2022,4,2022,3,09,13
2022-09-13,IRS - Economic Impact Payments (Checks),null,0,0,2079,VI,Income Tax Refunds Issued,Classification,3,2022,4,2022,3,09,13
2022-09-13,IRS - Economic Impact Payments (EFT),null,0,0,1818,VI,Income Tax Refunds Issued,Classification,4,2022,4,2022,3,09,13
2022-09-13,IRS Tax Refunds Business,Checks,1809,4366,106960,VI,Income Tax Refunds Issued,Classification,5,2022,4,2022,3,09,13
2022-09-13,IRS Tax Refunds Business,EFT,67,283,29207,VI,Income Tax Refunds Issued,Classification,6,2022,4,2022,3,09,13
2022-09-13,IRS Tax Refunds Individual,Checks,56,2660,58027,VI,Income Tax Refunds Issued,Classification,7,2022,4,2022,3,09,13
2022-09-13,IRS Tax Refunds Individual,EFT,106,1645,313480,VI,Income Tax Refunds Issued,Classification,8,2022,4,2022,3,09,13
2022-09-12,IRS - Advanced Child Tax Credit (Checks),null,0,0,6265,VI,Income Tax Refunds Issued,Classification,1,2022,4,2022,3,09,12
2022-09-12,IRS - Advanced Child Tax Credit (EFT),null,0,0,40931,VI,Income Tax Refunds Issued,Classification,2,2022,4,2022,3,09,12
2022-09-12,IRS - Economic Impact Payments (Checks),null,0,0,2079,VI,Income Tax Refunds Issued,Classification,3,2022,4,2022,3,09,12
2022-09-12,IRS - Economic Impact Payments (EFT),null,0,0,1818,VI,Income Tax Refunds Issued,Classification,4,2022,4,2022,3,09,12
2022-09-12,IRS Tax Refunds Business,Checks,31,2557,105151,VI,Income Tax Refunds Issued,Classification,5,2022,4,2022,3,09,12
2022-09-12,IRS Tax Refunds Business,EFT,32,216,29140,VI,Income Tax Refunds Issued,Classification,6,2022,4,2022,3,09,12
2022-09-12,IRS Tax Refunds Individual,Checks,800,2604,57971,VI,Income Tax Refunds Issued,Classification,7,2022,4,2022,3,09,12
2022-09-12,IRS Tax Refunds Individual,EFT,75,1539,313375,VI,Income Tax Refunds Issued,Classification,8,2022,4,2022,3,09,12
2022-09-09,IRS - Advanced Child Tax Credit (Checks),null,0,0,6265,VI,Income Tax Refunds Issued,Classification,1,2022,4,2022,3,09,09
2022-09-09,IRS - Advanced Child Tax Credit (EFT),null,0,0,40931,VI,Income Tax Refunds Issued,Classification,2,2022,4,2022,3,09,09
2022-09-09,IRS - Economic Impact Payments (Checks),null,0,0,2079,VI,Income Tax Refunds Issued,Classification,3,2022,4,2022,3,09,09
2022-09-09,IRS - Economic Impact Payments (EFT),null,0,0,1818,VI,Income Tax Refunds Issued,Classification,4,2022,4,2022,3,09,09
2022-09-09,IRS Tax Refunds Business,Checks,158,2525,105120,VI,Income Tax Refunds Issued,Classification,5,2022,4,2022,3,09,09
2022-09-09,IRS Tax Refunds Business,EFT,10,185,29108,VI,Income Tax Refunds Issued,Classification,6,2022,4,2022,3,09,09
2022-09-09,IRS Tax Refunds Individual,Checks,51,1804,57171,VI,Income Tax Refunds Issued,Classification,7,2022,4,2022,3,09,09
2022-09-09,IRS Tax Refunds Individual,EFT,73,1465,313300,VI,Income Tax Refunds Issued,Classification,8,2022,4,2022,3,09,09
2022-09-08,IRS - Advanced Child Tax Credit (Checks),null,0,0,6265,VI,Income Tax Refunds Issued,Classification,1,2022,4,2022,3,09,08
2022-09-08,IRS - Advanced Child Tax Credit (EFT),null,0,0,40931,VI,Income Tax Refunds Issued,Classification,2,2022,4,2022,3,09,08
2022-09-08,IRS - Economic Impact Payments (Checks),null,0,0,2079,VI,Income Tax Refunds Issued,Classification,3,2022,4,2022,3,09,08
2022-09-08,IRS - Economic Impact Payments (EFT),null,0,0,1818,VI,Income Tax Refunds Issued,Classification,4,2022,4,2022,3,09,08
2022-09-08,IRS Tax Refunds Business,Checks,27,2368,104962,VI,Income Tax Refunds Issued,Classification,5,2022,4,2022,3,09,08
2022-09-08,IRS Tax Refunds Business,EFT,4,175,29098,VI,Income Tax Refunds Issued,Classification,6,2022,4,2022,3,09,08
2022-09-08,IRS Tax Refunds Individual,Checks,51,1753,57120,VI,Income Tax Refunds Issued,Classification,7,2022,4,2022,3,09,08
2022-09-08,IRS Tax Refunds Individual,EFT,1067,1392,313227,VI,Income Tax Refunds Issued,Classification,8,2022,4,2022,3,09,08
2022-09-07,IRS - Advanced Child Tax Credit (Checks),null,0,0,6265,VI,Income Tax Refunds Issued,Classification,1,2022,4,2022,3,09,07
2022-09-07,IRS - Advanced Child Tax Credit (EFT),null,0,0,40931,VI,Income Tax Refunds Issued,Classification,2,2022,4,2022,3,09,07
2022-09-07,IRS - Economic Impact Payments (Checks),null,0,0,2079,VI,Income Tax Refunds Issued,Classification,3,2022,4,2022,3,09,07
2022-09-07,IRS - Economic Impact Payments (EFT),null,0,0,1818,VI,Income Tax Refunds Issued,Classification,4,2022,4,2022,3,09,07
2022-09-07,IRS Tax Refunds Business,Checks,60,2341,104935,VI,Income Tax Refunds Issued,Classification,5,2022,4,2022,3,09,07
2022-09-07,IRS Tax Refunds Business,EFT,2,171,29094,VI,Income Tax Refunds Issued,Classification,6,2022,4,2022,3,09,07
2022-09-07,IRS Tax Refunds Individual,Checks,49,1702,57069,VI,Income Tax Refunds Issued,Classification,7,2022,4,2022,3,09,07
2022-09-07,IRS Tax Refunds Individual,EFT,89,325,312161,VI,Income Tax Refunds Issued,Classification,8,2022,4,2022,3,09,07
2022-09-06,IRS - Advanced Child Tax Credit (Checks),null,0,0,6265,VI,Income Tax Refunds Issued,Classification,1,2022,4,2022,3,09,06
2022-09-06,IRS - Advanced Child Tax Credit (EFT),null,0,0,40931,VI,Income Tax Refunds Issued,Classification,2,2022,4,2022,3,09,06
2022-09-06,IRS - Economic Impact Payments (Checks),null,0,0,2079,VI,Income Tax Refunds Issued,Classification,3,2022,4,2022,3,09,06
2022-09-06,IRS - Economic Impact Payments (EFT),null,0,0,1818,VI,Income Tax Refunds Issued,Classification,4,2022,4,2022,3,09,06
2022-09-06,IRS Tax Refunds Business,Checks,2171,2281,104875,VI,Income Tax Refunds Issued,Classification,5,2022,4,2022,3,09,06
2022-09-06,IRS Tax Refunds Business,EFT,73,169,29093,VI,Income Tax Refunds Issued,Classification,6,2022,4,2022,3,09,06
2022-09-06,IRS Tax Refunds Individual,Checks,56,1653,57020,VI,Income Tax Refunds Issued,Classification,7,2022,4,2022,3,09,06
2022-09-06,IRS Tax Refunds Individual,EFT,96,236,312071,VI,Income Tax Refunds Issued,Classification,8,2022,4,2022,3,09,06
2022-09-02,IRS - Advanced Child Tax Credit (Checks),null,0,0,6265,VI,Income Tax Refunds Issued,Classification,1,2022,4,2022,3,09,02
2022-09-02,IRS - Advanced Child Tax Credit (EFT),null,0,0,40931,VI,Income Tax Refunds Issued,Classification,2,2022,4,2022,3,09,02
2022-09-02,IRS - Economic Impact Payments (Checks),null,0,0,2079,VI,Income Tax Refunds Issued,Classification,3,2022,4,2022,3,09,02
2022-09-02,IRS - Economic Impact Payments (EFT),null,0,0,1818,VI,Income Tax Refunds Issued,Classification,4,2022,4,2022,3,09,02
2022-09-02,IRS Tax Refunds Business,Checks,92,110,102704,VI,Income Tax Refunds Issued,Classification,5,2022,4,2022,3,09,02
2022-09-02,IRS Tax Refunds Business,EFT,47,96,29019,VI,Income Tax Refunds Issued,Classification,6,2022,4,2022,3,09,02
2022-09-02,IRS Tax Refunds Individual,Checks,1548,1597,56964,VI,Income Tax Refunds Issued,Classification,7,2022,4,2022,3,09,02
2022-09-02,IRS Tax Refunds Individual,EFT,68,140,311976,VI,Income Tax Refunds Issued,Classification,8,2022,4,2022,3,09,02
2022-09-01,IRS - Advanced Child Tax Credit (Checks),null,0,0,6265,VI,Income Tax Refunds Issued,Classification,1,2022,4,2022,3,09,01
2022-09-01,IRS - Advanced Child Tax Credit (EFT),null,0,0,40931,VI,Income Tax Refunds Issued,Classification,2,2022,4,2022,3,09,01
2022-09-01,IRS - Economic Impact Payments (Checks),null,0,0,2079,VI,Income Tax Refunds Issued,Classification,3,2022,4,2022,3,09,01
2022-09-01,IRS - Economic Impact Payments (EFT),null,0,0,1818,VI,Income Tax Refunds Issued,Classification,4,2022,4,2022,3,09,01
2022-09-01,IRS Tax Refunds Business,Checks,18,18,102613,VI,Income Tax Refunds Issued,Classification,5,2022,4,2022,3,09,01
2022-09-01,IRS Tax Refunds Business,EFT,49,49,28972,VI,Income Tax Refunds Issued,Classification,6,2022,4,2022,3,09,01
2022-09-01,IRS Tax Refunds Individual,Checks,49,49,55416,VI,Income Tax Refunds Issued,Classification,7,2022,4,2022,3,09,01
2022-09-01,IRS Tax Refunds Individual,EFT,72,72,311908,VI,Income Tax Refunds Issued,Classification,8,2022,4,2022,3,09,01
2022-08-31,IRS - Advanced Child Tax Credit (Checks),null,0,0,6265,VI,Income Tax Refunds Issued,Classification,1,2022,4,2022,3,08,31
2022-08-31,IRS - Advanced Child Tax Credit (EFT),null,0,0,40931,VI,Income Tax Refunds Issued,Classification,2,2022,4,2022,3,08,31
2022-08-31,IRS - Economic Impact Payments (Checks),null,0,0,2079,VI,Income Tax Refunds Issued,Classification,3,2022,4,2022,3,08,31
2022-08-31,IRS - Economic Impact Payments (EFT),null,0,0,1818,VI,Income Tax Refunds Issued,Classification,4,2022,4,2022,3,08,31
2022-08-31,IRS Tax Refunds Business,Checks,9,11154,102594,VI,Income Tax Refunds Issued,Classification,5,2022,4,2022,3,08,31
2022-08-31,IRS Tax Refunds Business,EFT,-17,376,28924,VI,Income Tax Refunds Issued,Classification,6,2022,4,2022,3,08,31
2022-08-31,IRS Tax Refunds Individual,Checks,43,3706,55367,VI,Income Tax Refunds Issued,Classification,7,2022,4,2022,3,08,31
2022-08-31,IRS Tax Refunds Individual,EFT,1111,7351,311835,VI,Income Tax Refunds Issued,Classification,8,2022,4,2022,3,08,31
2022-08-30,IRS - Advanced Child Tax Credit (Checks),null,0,0,6265,VI,Income Tax Refunds Issued,Classification,1,2022,4,2022,3,08,30
2022-08-30,IRS - Advanced Child Tax Credit (EFT),null,0,0,40931,VI,Income Tax Refunds Issued,Classification,2,2022,4,2022,3,08,30
2022-08-30,IRS - Economic Impact Payments (Checks),null,0,0,2079,VI,Income Tax Refunds Issued,Classification,3,2022,4,2022,3,08,30
2022-08-30,IRS - Economic Impact Payments (EFT),null,0,0,1818,VI,Income Tax Refunds Issued,Classification,4,2022,4,2022,3,08,30
2022-08-30,IRS Tax Refunds Business,Checks,2419,11146,102586,VI,Income Tax Refunds Issued,Classification,5,2022,4,2022,3,08,30
2022-08-30,IRS Tax Refunds Business,EFT,55,394,28941,VI,Income Tax Refunds Issued,Classification,6,2022,4,2022,3,08,30
2022-08-30,IRS Tax Refunds Individual,Checks,43,3663,55325,VI,Income Tax Refunds Issued,Classification,7,2022,4,2022,3,08,30
2022-08-30,IRS Tax Refunds Individual,EFT,93,6239,310724,VI,Income Tax Refunds Issued,Classification,8,2022,4,2022,3,08,30
2022-08-29,IRS - Advanced Child Tax Credit (Checks),null,0,0,6265,VI,Income Tax Refunds Issued,Classification,1,2022,4,2022,3,08,29
2022-08-29,IRS - Advanced Child Tax Credit (EFT),null,0,0,40931,VI,Income Tax Refunds Issued,Classification,2,2022,4,2022,3,08,29
2022-08-29,IRS - Economic Impact Payments (Checks),null,0,0,2079,VI,Income Tax Refunds Issued,Classification,3,2022,4,2022,3,08,29
2022-08-29,IRS - Economic Impact Payments (EFT),null,0,0,1818,VI,Income Tax Refunds Issued,Classification,4,2022,4,2022,3,08,29
2022-08-29,IRS Tax Refunds Business,Checks,12,8727,100167,VI,Income Tax Refunds Issued,Classification,5,2022,4,2022,3,08,29
2022-08-29,IRS Tax Refunds Business,EFT,0,338,28886,VI,Income Tax Refunds Issued,Classification,6,2022,4,2022,3,08,29
2022-08-29,IRS Tax Refunds Individual,Checks,62,3620,55281,VI,Income Tax Refunds Issued,Classification,7,2022,4,2022,3,08,29
2022-08-29,IRS Tax Refunds Individual,EFT,83,6146,310631,VI,Income Tax Refunds Issued,Classification,8,2022,4,2022,3,08,29
2022-08-26,IRS - Advanced Child Tax Credit (Checks),null,0,0,6265,VI,Income Tax Refunds Issued,Classification,1,2022,4,2022,3,08,26
2022-08-26,IRS - Advanced Child Tax Credit (EFT),null,0,0,40931,VI,Income Tax Refunds Issued,Classification,2,2022,4,2022,3,08,26
2022-08-26,IRS - Economic Impact Payments (Checks),null,0,0,2079,VI,Income Tax Refunds Issued,Classification,3,2022,4,2022,3,08,26
2022-08-26,IRS - Economic Impact Payments (EFT),null,0,0,1818,VI,Income Tax Refunds Issued,Classification,4,2022,4,2022,3,08,26
2022-08-26,IRS Tax Refunds Business,Checks,2,8715,100155,VI,Income Tax Refunds Issued,Classification,5,2022,4,2022,3,08,26
2022-08-26,IRS Tax Refunds Business,EFT,0,338,28886,VI,Income Tax Refunds Issued,Classification,6,2022,4,2022,3,08,26
2022-08-26,IRS Tax Refunds Individual,Checks,659,3558,55219,VI,Income Tax Refunds Issued,Classification,7,2022,4,2022,3,08,26
2022-08-26,IRS Tax Refunds Individual,EFT,64,6063,310548,VI,Income Tax Refunds Issued,Classification,8,2022,4,2022,3,08,26
2022-08-25,IRS - Advanced Child Tax Credit (Checks),null,0,0,6265,VI,Income Tax Refunds Issued,Classification,1,2022,4,2022,3,08,25
2022-08-25,IRS - Advanced Child Tax Credit (EFT),null,0,0,40931,VI,Income Tax Refunds Issued,Classification,2,2022,4,2022,3,08,25
2022-08-25,IRS - Economic Impact Payments (Checks),null,0,0,2079,VI,Income Tax Refunds Issued,Classification,3,2022,4,2022,3,08,25
2022-08-25,IRS - Economic Impact Payments (EFT),null,0,0,1818,VI,Income Tax Refunds Issued,Classification,4,2022,4,2022,3,08,25
2022-08-25,IRS Tax Refunds Business,Checks,7,8712,100153,VI,Income Tax Refunds Issued,Classification,5,2022,4,2022,3,08,25
2022-08-25,IRS Tax Refunds Business,EFT,0,338,28886,VI,Income Tax Refunds Issued,Classification,6,2022,4,2022,3,08,25
2022-08-25,IRS Tax Refunds Individual,Checks,47,2899,54560,VI,Income Tax Refunds Issued,Classification,7,2022,4,2022,3,08,25
2022-08-25,IRS Tax Refunds Individual,EFT,75,5999,310484,VI,Income Tax Refunds Issued,Classification,8,2022,4,2022,3,08,25
2022-08-24,IRS - Advanced Child Tax Credit (Checks),null,0,0,6265,VI,Income Tax Refunds Issued,Classification,1,2022,4,2022,3,08,24
2022-08-24,IRS - Advanced Child Tax Credit (EFT),null,0,0,40931,VI,Income Tax Refunds Issued,Classification,2,2022,4,2022,3,08,24
2022-08-24,IRS - Economic Impact Payments (Checks),null,0,0,2079,VI,Income Tax Refunds Issued,Classification,3,2022,4,2022,3,08,24
2022-08-24,IRS - Economic Impact Payments (EFT),null,0,0,1818,VI,Income Tax Refunds Issued,Classification,4,2022,4,2022,3,08,24
2022-08-24,IRS Tax Refunds Business,Checks,1,8705,100145,VI,Income Tax Refunds Issued,Classification,5,2022,4,2022,3,08,24
2022-08-24,IRS Tax Refunds Business,EFT,29,338,28886,VI,Income Tax Refunds Issued,Classification,6,2022,4,2022,3,08,24
2022-08-24,IRS Tax Refunds Individual,Checks,47,2851,54512,VI,Income Tax Refunds Issued,Classification,7,2022,4,2022,3,08,24
2022-08-24,IRS Tax Refunds Individual,EFT,1165,5924,310409,VI,Income Tax Refunds Issued,Classification,8,2022,4,2022,3,08,24
2022-08-23,IRS - Advanced Child Tax Credit (Checks),null,0,0,6265,VI,Income Tax Refunds Issued,Classification,1,2022,4,2022,3,08,23
2022-08-23,IRS - Advanced Child Tax Credit (EFT),null,0,0,40931,VI,Income Tax Refunds Issued,Classification,2,2022,4,2022,3,08,23
2022-08-23,IRS - Economic Impact Payments (Checks),null,0,0,2079,VI,Income Tax Refunds Issued,Classification,3,2022,4,2022,3,08,23
2022-08-23,IRS - Economic Impact Payments (EFT),null,0,0,1818,VI,Income Tax Refunds Issued,Classification,4,2022,4,2022,3,08,23
2022-08-23,IRS Tax Refunds Business,Checks,2419,8704,100144,VI,Income Tax Refunds Issued,Classification,5,2022,4,2022,3,08,23
2022-08-23,IRS Tax Refunds Business,EFT,39,310,28857,VI,Income Tax Refunds Issued,Classification,6,2022,4,2022,3,08,23
2022-08-23,IRS Tax Refunds Individual,Checks,52,2804,54466,VI,Income Tax Refunds Issued,Classification,7,2022,4,2022,3,08,23
2022-08-23,IRS Tax Refunds Individual,EFT,88,4759,309244,VI,Income Tax Refunds Issued,Classification,8,2022,4,2022,3,08,23
2022-08-22,IRS - Advanced Child Tax Credit (Checks),null,0,0,6265,VI,Income Tax Refunds Issued,Classification,1,2022,4,2022,3,08,22
2022-08-22,IRS - Advanced Child Tax Credit (EFT),null,0,0,40931,VI,Income Tax Refunds Issued,Classification,2,2022,4,2022,3,08,22
2022-08-22,IRS - Economic Impact Payments (Checks),null,0,0,2079,VI,Income Tax Refunds Issued,Classification,3,2022,4,2022,3,08,22
2022-08-22,IRS - Economic Impact Payments (EFT),null,0,0,1818,VI,Income Tax Refunds Issued,Classification,4,2022,4,2022,3,08,22
2022-08-22,IRS Tax Refunds Business,Checks,4,6285,97725,VI,Income Tax Refunds Issued,Classification,5,2022,4,2022,3,08,22
2022-08-22,IRS Tax Refunds Business,EFT,6,271,28818,VI,Income Tax Refunds Issued,Classification,6,2022,4,2022,3,08,22
2022-08-22,IRS Tax Refunds Individual,Checks,45,2752,54413,VI,Income Tax Refunds Issued,Classification,7,2022,4,2022,3,08,22
2022-08-22,IRS Tax Refunds Individual,EFT,86,4672,309157,VI,Income Tax Refunds Issued,Classification,8,2022,4,2022,3,08,22
2022-08-19,IRS - Advanced Child Tax Credit (Checks),null,0,0,6265,VI,Income Tax Refunds Issued,Classification,1,2022,4,2022,3,08,19
2022-08-19,IRS - Advanced Child Tax Credit (EFT),null,0,0,40931,VI,Income Tax Refunds Issued,Classification,2,2022,4,2022,3,08,19
2022-08-19,IRS - Economic Impact Payments (Checks),null,0,0,2079,VI,Income Tax Refunds Issued,Classification,3,2022,4,2022,3,08,19
2022-08-19,IRS - Economic Impact Payments (EFT),null,0,0,1818,VI,Income Tax Refunds Issued,Classification,4,2022,4,2022,3,08,19
2022-08-19,IRS Tax Refunds Business,Checks,9,6280,97720,VI,Income Tax Refunds Issued,Classification,5,2022,4,2022,3,08,19
2022-08-19,IRS Tax Refunds Business,EFT,0,265,28813,VI,Income Tax Refunds Issued,Classification,6,2022,4,2022,3,08,19
2022-08-19,IRS Tax Refunds Individual,Checks,679,2707,54368,VI,Income Tax Refunds Issued,Classification,7,2022,4,2022,3,08,19
2022-08-19,IRS Tax Refunds Individual,EFT,120,4585,309070,VI,Income Tax Refunds Issued,Classification,8,2022,4,2022,3,08,19
2022-08-18,IRS - Advanced Child Tax Credit (Checks),null,0,0,6265,VI,Income Tax Refunds Issued,Classification,1,2022,4,2022,3,08,18
2022-08-18,IRS - Advanced Child Tax Credit (EFT),null,0,0,40931,VI,Income Tax Refunds Issued,Classification,2,2022,4,2022,3,08,18
2022-08-18,IRS - Economic Impact Payments (Checks),null,0,0,2079,VI,Income Tax Refunds Issued,Classification,3,2022,4,2022,3,08,18
2022-08-18,IRS - Economic Impact Payments (EFT),null,0,0,1818,VI,Income Tax Refunds Issued,Classification,4,2022,4,2022,3,08,18
2022-08-18,IRS Tax Refunds Business,Checks,38,6272,97712,VI,Income Tax Refunds Issued,Classification,5,2022,4,2022,3,08,18
2022-08-18,IRS Tax Refunds Business,EFT,3,265,28813,VI,Income Tax Refunds Issued,Classification,6,2022,4,2022,3,08,18
2022-08-18,IRS Tax Refunds Individual,Checks,60,2028,53689,VI,Income Tax Refunds Issued,Classification,7,2022,4,2022,3,08,18
2022-08-18,IRS Tax Refunds Individual,EFT,103,4465,308950,VI,Income Tax Refunds Issued,Classification,8,2022,4,2022,3,08,18
2022-08-17,IRS - Advanced Child Tax Credit (Checks),null,0,0,6265,VI,Income Tax Refunds Issued,Classification,1,2022,4,2022,3,08,17
2022-08-17,IRS - Advanced Child Tax Credit (EFT),null,0,0,40931,VI,Income Tax Refunds Issued,Classification,2,2022,4,2022,3,08,17
2022-08-17,IRS - Economic Impact Payments (Checks),null,0,0,2079,VI,Income Tax Refunds Issued,Classification,3,2022,4,2022,3,08,17
2022-08-17,IRS - Economic Impact Payments (EFT),null,0,0,1818,VI,Income Tax Refunds Issued,Classification,4,2022,4,2022,3,08,17
2022-08-17,IRS Tax Refunds Business,Checks,55,6233,97673,VI,Income Tax Refunds Issued,Classification,5,2022,4,2022,3,08,17
2022-08-17,IRS Tax Refunds Business,EFT,1,262,28809,VI,Income Tax Refunds Issued,Classification,6,2022,4,2022,3,08,17
2022-08-17,IRS Tax Refunds Individual,Checks,45,1968,53629,VI,Income Tax Refunds Issued,Classification,7,2022,4,2022,3,08,17
2022-08-17,IRS Tax Refunds Individual,EFT,1151,4362,308847,VI,Income Tax Refunds Issued,Classification,8,2022,4,2022,3,08,17
2022-08-16,IRS - Advanced Child Tax Credit (Checks),null,0,0,6265,VI,Income Tax Refunds Issued,Classification,1,2022,4,2022,3,08,16
2022-08-16,IRS - Advanced Child Tax Credit (EFT),null,0,0,40931,VI,Income Tax Refunds Issued,Classification,2,2022,4,2022,3,08,16
2022-08-16,IRS - Economic Impact Payments (Checks),null,0,0,2079,VI,Income Tax Refunds Issued,Classification,3,2022,4,2022,3,08,16
2022-08-16,IRS - Economic Impact Payments (EFT),null,0,0,1818,VI,Income Tax Refunds Issued,Classification,4,2022,4,2022,3,08,16
2022-08-16,IRS Tax Refunds Business,Checks,2193,6178,97618,VI,Income Tax Refunds Issued,Classification,5,2022,4,2022,3,08,16
2022-08-16,IRS Tax Refunds Business,EFT,28,261,28808,VI,Income Tax Refunds Issued,Classification,6,2022,4,2022,3,08,16
2022-08-16,IRS Tax Refunds Individual,Checks,47,1923,53584,VI,Income Tax Refunds Issued,Classification,7,2022,4,2022,3,08,16
2022-08-16,IRS Tax Refunds Individual,EFT,98,3211,307696,VI,Income Tax Refunds Issued,Classification,8,2022,4,2022,3,08,16
2022-08-15,IRS - Advanced Child Tax Credit (Checks),null,0,0,6265,VI,Income Tax Refunds Issued,Classification,1,2022,4,2022,3,08,15
2022-08-15,IRS - Advanced Child Tax Credit (EFT),null,0,0,40931,VI,Income Tax Refunds Issued,Classification,2,2022,4,2022,3,08,15
2022-08-15,IRS - Economic Impact Payments (Checks),null,0,0,2079,VI,Income Tax Refunds Issued,Classification,3,2022,4,2022,3,08,15
2022-08-15,IRS - Economic Impact Payments (EFT),null,0,0,1818,VI,Income Tax Refunds Issued,Classification,4,2022,4,2022,3,08,15
2022-08-15,IRS Tax Refunds Business,Checks,20,3986,95426,VI,Income Tax Refunds Issued,Classification,5,2022,4,2022,3,08,15
2022-08-15,IRS Tax Refunds Business,EFT,10,233,28780,VI,Income Tax Refunds Issued,Classification,6,2022,4,2022,3,08,15
2022-08-15,IRS Tax Refunds Individual,Checks,48,1875,53537,VI,Income Tax Refunds Issued,Classification,7,2022,4,2022,3,08,15
2022-08-15,IRS Tax Refunds Individual,EFT,100,3112,307597,VI,Income Tax Refunds Issued,Classification,8,2022,4,2022,3,08,15
2022-08-12,IRS - Advanced Child Tax Credit (Checks),null,0,0,6265,VI,Income Tax Refunds Issued,Classification,1,2022,4,2022,3,08,12
2022-08-12,IRS - Advanced Child Tax Credit (EFT),null,0,0,40931,VI,Income Tax Refunds Issued,Classification,2,2022,4,2022,3,08,12
2022-08-12,IRS - Economic Impact Payments (Checks),null,0,0,2079,VI,Income Tax Refunds Issued,Classification,3,2022,4,2022,3,08,12
2022-08-12,IRS - Economic Impact Payments (EFT),null,0,0,1818,VI,Income Tax Refunds Issued,Classification,4,2022,4,2022,3,08,12
2022-08-12,IRS Tax Refunds Business,Checks,26,3966,95406,VI,Income Tax Refunds Issued,Classification,5,2022,4,2022,3,08,12
2022-08-12,IRS Tax Refunds Business,EFT,0,223,28770,VI,Income Tax Refunds Issued,Classification,6,2022,4,2022,3,08,12
2022-08-12,IRS Tax Refunds Individual,Checks,702,1827,53488,VI,Income Tax Refunds Issued,Classification,7,2022,4,2022,3,08,12
2022-08-12,IRS Tax Refunds Individual,EFT,79,3013,307497,VI,Income Tax Refunds Issued,Classification,8,2022,4,2022,3,08,12
2022-08-11,IRS - Advanced Child Tax Credit (Checks),null,0,0,6265,VI,Income Tax Refunds Issued,Classification,1,2022,4,2022,3,08,11
2022-08-11,IRS - Advanced Child Tax Credit (EFT),null,0,0,40931,VI,Income Tax Refunds Issued,Classification,2,2022,4,2022,3,08,11
2022-08-11,IRS - Economic Impact Payments (Checks),null,0,0,2079,VI,Income Tax Refunds Issued,Classification,3,2022,4,2022,3,08,11
2022-08-11,IRS - Economic Impact Payments (EFT),null,0,0,1818,VI,Income Tax Refunds Issued,Classification,4,2022,4,2022,3,08,11
2022-08-11,IRS Tax Refunds Business,Checks,24,3940,95380,VI,Income Tax Refunds Issued,Classification,5,2022,4,2022,3,08,11
2022-08-11,IRS Tax Refunds Business,EFT,-5,223,28770,VI,Income Tax Refunds Issued,Classification,6,2022,4,2022,3,08,11
2022-08-11,IRS Tax Refunds Individual,Checks,64,1125,52786,VI,Income Tax Refunds Issued,Classification,7,2022,4,2022,3,08,11
2022-08-11,IRS Tax Refunds Individual,EFT,87,2934,307419,VI,Income Tax Refunds Issued,Classification,8,2022,4,2022,3,08,11
2022-08-10,IRS - Advanced Child Tax Credit (Checks),null,0,0,6265,VI,Income Tax Refunds Issued,Classification,1,2022,4,2022,3,08,10
2022-08-10,IRS - Advanced Child Tax Credit (EFT),null,0,0,40931,VI,Income Tax Refunds Issued,Classification,2,2022,4,2022,3,08,10
2022-08-10,IRS - Economic Impact Payments (Checks),null,0,0,2079,VI,Income Tax Refunds Issued,Classification,3,2022,4,2022,3,08,10
2022-08-10,IRS - Economic Impact Payments (EFT),null,0,0,1818,VI,Income Tax Refunds Issued,Classification,4,2022,4,2022,3,08,10
2022-08-10,IRS Tax Refunds Business,Checks,33,3916,95356,VI,Income Tax Refunds Issued,Classification,5,2022,4,2022,3,08,10
2022-08-10,IRS Tax Refunds Business,EFT,4,228,28775,VI,Income Tax Refunds Issued,Classification,6,2022,4,2022,3,08,10
2022-08-10,IRS Tax Refunds Individual,Checks,47,1061,52722,VI,Income Tax Refunds Issued,Classification,7,2022,4,2022,3,08,10
2022-08-10,IRS Tax Refunds Individual,EFT,1136,2847,307332,VI,Income Tax Refunds Issued,Classification,8,2022,4,2022,3,08,10
2022-08-09,IRS - Advanced Child Tax Credit (Checks),null,0,0,6265,VI,Income Tax Refunds Issued,Classification,1,2022,4,2022,3,08,09
2022-08-09,IRS - Advanced Child Tax Credit (EFT),null,0,0,40931,VI,Income Tax Refunds Issued,Classification,2,2022,4,2022,3,08,09
2022-08-09,IRS - Economic Impact Payments (Checks),null,0,0,2079,VI,Income Tax Refunds Issued,Classification,3,2022,4,2022,3,08,09
2022-08-09,IRS - Economic Impact Payments (EFT),null,0,0,1818,VI,Income Tax Refunds Issued,Classification,4,2022,4,2022,3,08,09
2022-08-09,IRS Tax Refunds Business,Checks,1998,3883,95323,VI,Income Tax Refunds Issued,Classification,5,2022,4,2022,3,08,09
2022-08-09,IRS Tax Refunds Business,EFT,119,223,28771,VI,Income Tax Refunds Issued,Classification,6,2022,4,2022,3,08,09
2022-08-09,IRS Tax Refunds Individual,Checks,50,1014,52676,VI,Income Tax Refunds Issued,Classification,7,2022,4,2022,3,08,09
2022-08-09,IRS Tax Refunds Individual,EFT,108,1711,306196,VI,Income Tax Refunds Issued,Classification,8,2022,4,2022,3,08,09
2022-08-08,IRS - Advanced Child Tax Credit (Checks),null,0,0,6265,VI,Income Tax Refunds Issued,Classification,1,2022,4,2022,3,08,08
2022-08-08,IRS - Advanced Child Tax Credit (EFT),null,0,0,40931,VI,Income Tax Refunds Issued,Classification,2,2022,4,2022,3,08,08
2022-08-08,IRS - Economic Impact Payments (Checks),null,0,0,2079,VI,Income Tax Refunds Issued,Classification,3,2022,4,2022,3,08,08
2022-08-08,IRS - Economic Impact Payments (EFT),null,0,0,1818,VI,Income Tax Refunds Issued,Classification,4,2022,4,2022,3,08,08
2022-08-08,IRS Tax Refunds Business,Checks,4,1885,93325,VI,Income Tax Refunds Issued,Classification,5,2022,4,2022,3,08,08
2022-08-08,IRS Tax Refunds Business,EFT,0,104,28651,VI,Income Tax Refunds Issued,Classification,6,2022,4,2022,3,08,08
2022-08-08,IRS Tax Refunds Individual,Checks,48,965,52626,VI,Income Tax Refunds Issued,Classification,7,2022,4,2022,3,08,08
2022-08-08,IRS Tax Refunds Individual,EFT,114,1603,306087,VI,Income Tax Refunds Issued,Classification,8,2022,4,2022,3,08,08
2022-08-05,IRS - Advanced Child Tax Credit (Checks),null,0,0,6265,VI,Income Tax Refunds Issued,Classification,1,2022,4,2022,3,08,05
2022-08-05,IRS - Advanced Child Tax Credit (EFT),null,0,0,40931,VI,Income Tax Refunds Issued,Classification,2,2022,4,2022,3,08,05
2022-08-05,IRS - Economic Impact Payments (Checks),null,0,0,2079,VI,Income Tax Refunds Issued,Classification,3,2022,4,2022,3,08,05
2022-08-05,IRS - Economic Impact Payments (EFT),null,0,0,1818,VI,Income Tax Refunds Issued,Classification,4,2022,4,2022,3,08,05
2022-08-05,IRS Tax Refunds Business,Checks,32,1881,93321,VI,Income Tax Refunds Issued,Classification,5,2022,4,2022,3,08,05
2022-08-05,IRS Tax Refunds Business,EFT,1,104,28651,VI,Income Tax Refunds Issued,Classification,6,2022,4,2022,3,08,05
2022-08-05,IRS Tax Refunds Individual,Checks,750,917,52578,VI,Income Tax Refunds Issued,Classification,7,2022,4,2022,3,08,05
2022-08-05,IRS Tax Refunds Individual,EFT,71,1489,305974,VI,Income Tax Refunds Issued,Classification,8,2022,4,2022,3,08,05
2022-08-04,IRS - Advanced Child Tax Credit (Checks),null,0,0,6265,VI,Income Tax Refunds Issued,Classification,1,2022,4,2022,3,08,04
2022-08-04,IRS - Advanced Child Tax Credit (EFT),null,0,0,40931,VI,Income Tax Refunds Issued,Classification,2,2022,4,2022,3,08,04
2022-08-04,IRS - Economic Impact Payments (Checks),null,0,0,2079,VI,Income Tax Refunds Issued,Classification,3,2022,4,2022,3,08,04
2022-08-04,IRS - Economic Impact Payments (EFT),null,0,0,1818,VI,Income Tax Refunds Issued,Classification,4,2022,4,2022,3,08,04
2022-08-04,IRS Tax Refunds Business,Checks,21,1849,93289,VI,Income Tax Refunds Issued,Classification,5,2022,4,2022,3,08,04
2022-08-04,IRS Tax Refunds Business,EFT,4,103,28650,VI,Income Tax Refunds Issued,Classification,6,2022,4,2022,3,08,04
2022-08-04,IRS Tax Refunds Individual,Checks,44,166,51827,VI,Income Tax Refunds Issued,Classification,7,2022,4,2022,3,08,04
2022-08-04,IRS Tax Refunds Individual,EFT,89,1418,305902,VI,Income Tax Refunds Issued,Classification,8,2022,4,2022,3,08,04
2022-08-03,IRS - Advanced Child Tax Credit (Checks),null,0,0,6265,VI,Income Tax Refunds Issued,Classification,1,2022,4,2022,3,08,03
2022-08-03,IRS - Advanced Child Tax Credit (EFT),null,0,0,40931,VI,Income Tax Refunds Issued,Classification,2,2022,4,2022,3,08,03
2022-08-03,IRS - Economic Impact Payments (Checks),null,0,0,2079,VI,Income Tax Refunds Issued,Classification,3,2022,4,2022,3,08,03
2022-08-03,IRS - Economic Impact Payments (EFT),null,0,0,1818,VI,Income Tax Refunds Issued,Classification,4,2022,4,2022,3,08,03
2022-08-03,IRS Tax Refunds Business,Checks,17,1828,93268,VI,Income Tax Refunds Issued,Classification,5,2022,4,2022,3,08,03
2022-08-03,IRS Tax Refunds Business,EFT,0,99,28646,VI,Income Tax Refunds Issued,Classification,6,2022,4,2022,3,08,03
2022-08-03,IRS Tax Refunds Individual,Checks,42,122,51783,VI,Income Tax Refunds Issued,Classification,7,2022,4,2022,3,08,03
2022-08-03,IRS Tax Refunds Individual,EFT,1107,1328,305813,VI,Income Tax Refunds Issued,Classification,8,2022,4,2022,3,08,03
2022-08-02,IRS - Advanced Child Tax Credit (Checks),null,0,0,6265,VI,Income Tax Refunds Issued,Classification,1,2022,4,2022,3,08,02
2022-08-02,IRS - Advanced Child Tax Credit (EFT),null,0,0,40931,VI,Income Tax Refunds Issued,Classification,2,2022,4,2022,3,08,02
2022-08-02,IRS - Economic Impact Payments (Checks),null,0,0,2079,VI,Income Tax Refunds Issued,Classification,3,2022,4,2022,3,08,02
2022-08-02,IRS - Economic Impact Payments (EFT),null,0,0,1818,VI,Income Tax Refunds Issued,Classification,4,2022,4,2022,3,08,02
2022-08-02,IRS Tax Refunds Business,Checks,1807,1811,93251,VI,Income Tax Refunds Issued,Classification,5,2022,4,2022,3,08,02
2022-08-02,IRS Tax Refunds Business,EFT,46,99,28646,VI,Income Tax Refunds Issued,Classification,6,2022,4,2022,3,08,02
2022-08-02,IRS Tax Refunds Individual,Checks,39,80,51741,VI,Income Tax Refunds Issued,Classification,7,2022,4,2022,3,08,02
2022-08-02,IRS Tax Refunds Individual,EFT,114,222,304707,VI,Income Tax Refunds Issued,Classification,8,2022,4,2022,3,08,02
2022-08-01,IRS - Advanced Child Tax Credit (Checks),null,0,0,6265,VI,Income Tax Refunds Issued,Classification,1,2022,4,2022,3,08,01
2022-08-01,IRS - Advanced Child Tax Credit (EFT),null,0,0,40931,VI,Income Tax Refunds Issued,Classification,2,2022,4,2022,3,08,01
2022-08-01,IRS - Economic Impact Payments (Checks),null,0,0,2079,VI,Income Tax Refunds Issued,Classification,3,2022,4,2022,3,08,01
2022-08-01,IRS - Economic Impact Payments (EFT),null,0,0,1818,VI,Income Tax Refunds Issued,Classification,4,2022,4,2022,3,08,01
2022-08-01,IRS Tax Refunds Business,Checks,4,4,91444,VI,Income Tax Refunds Issued,Classification,5,2022,4,2022,3,08,01
2022-08-01,IRS Tax Refunds Business,EFT,53,53,28600,VI,Income Tax Refunds Issued,Classification,6,2022,4,2022,3,08,01
2022-08-01,IRS Tax Refunds Individual,Checks,42,42,51703,VI,Income Tax Refunds Issued,Classification,7,2022,4,2022,3,08,01
2022-08-01,IRS Tax Refunds Individual,EFT,108,108,304593,VI,Income Tax Refunds Issued,Classification,8,2022,4,2022,3,08,01
2022-07-29,IRS - Advanced Child Tax Credit (Checks),null,0,0,6265,VI,Income Tax Refunds Issued,Classification,1,2022,4,2022,3,07,29
2022-07-29,IRS - Advanced Child Tax Credit (EFT),null,0,0,40931,VI,Income Tax Refunds Issued,Classification,2,2022,4,2022,3,07,29
2022-07-29,IRS - Economic Impact Payments (Checks),null,0,0,2079,VI,Income Tax Refunds Issued,Classification,3,2022,4,2022,3,07,29
2022-07-29,IRS - Economic Impact Payments (EFT),null,0,0,1818,VI,Income Tax Refunds Issued,Classification,4,2022,4,2022,3,07,29
2022-07-29,IRS Tax Refunds Business,Checks,45,8148,91440,VI,Income Tax Refunds Issued,Classification,5,2022,4,2022,3,07,29
2022-07-29,IRS Tax Refunds Business,EFT,9,6775,28547,VI,Income Tax Refunds Issued,Classification,6,2022,4,2022,3,07,29
2022-07-29,IRS Tax Refunds Individual,Checks,701,4153,51661,VI,Income Tax Refunds Issued,Classification,7,2022,4,2022,3,07,29
2022-07-29,IRS Tax Refunds Individual,EFT,78,6233,304485,VI,Income Tax Refunds Issued,Classification,8,2022,4,2022,3,07,29
2022-07-28,IRS - Advanced Child Tax Credit (Checks),null,0,0,6265,VI,Income Tax Refunds Issued,Classification,1,2022,4,2022,3,07,28
2022-07-28,IRS - Advanced Child Tax Credit (EFT),null,0,0,40931,VI,Income Tax Refunds Issued,Classification,2,2022,4,2022,3,07,28
2022-07-28,IRS - Economic Impact Payments (Checks),null,0,0,2079,VI,Income Tax Refunds Issued,Classification,3,2022,4,2022,3,07,28
2022-07-28,IRS - Economic Impact Payments (EFT),null,0,0,1818,VI,Income Tax Refunds Issued,Classification,4,2022,4,2022,3,07,28
2022-07-28,IRS Tax Refunds Business,Checks,13,8102,91395,VI,Income Tax Refunds Issued,Classification,5,2022,4,2022,3,07,28
2022-07-28,IRS Tax Refunds Business,EFT,31,6766,28538,VI,Income Tax Refunds Issued,Classification,6,2022,4,2022,3,07,28
2022-07-28,IRS Tax Refunds Individual,Checks,58,3452,50960,VI,Income Tax Refunds Issued,Classification,7,2022,4,2022,3,07,28
2022-07-28,IRS Tax Refunds Individual,EFT,80,6155,304407,VI,Income Tax Refunds Issued,Classification,8,2022,4,2022,3,07,28
2022-07-27,IRS Tax Refunds Business,EFT,56,6734,28507,VI,Income Tax Refunds Issued,Classification,6,2022,4,2022,3,07,27
2022-07-27,IRS - Advanced Child Tax Credit (Checks),null,0,0,6265,VI,Income Tax Refunds Issued,Classification,1,2022,4,2022,3,07,27
2022-07-27,IRS - Advanced Child Tax Credit (EFT),null,0,0,40931,VI,Income Tax Refunds Issued,Classification,2,2022,4,2022,3,07,27
2022-07-27,IRS - Economic Impact Payments (Checks),null,0,0,2079,VI,Income Tax Refunds Issued,Classification,3,2022,4,2022,3,07,27
2022-07-27,IRS - Economic Impact Payments (EFT),null,0,0,1818,VI,Income Tax Refunds Issued,Classification,4,2022,4,2022,3,07,27
2022-07-27,IRS Tax Refunds Business,Checks,8,8090,91382,VI,Income Tax Refunds Issued,Classification,5,2022,4,2022,3,07,27
2022-07-27,IRS Tax Refunds Individual,Checks,36,3394,50903,VI,Income Tax Refunds Issued,Classification,7,2022,4,2022,3,07,27
2022-07-27,IRS Tax Refunds Individual,EFT,1091,6075,304327,VI,Income Tax Refunds Issued,Classification,8,2022,4,2022,3,07,27
2022-07-26,IRS - Advanced Child Tax Credit (Checks),null,0,0,6265,VI,Income Tax Refunds Issued,Classification,1,2022,4,2022,3,07,26
2022-07-26,IRS - Advanced Child Tax Credit (EFT),null,0,0,40931,VI,Income Tax Refunds Issued,Classification,2,2022,4,2022,3,07,26
2022-07-26,IRS - Economic Impact Payments (Checks),null,0,0,2079,VI,Income Tax Refunds Issued,Classification,3,2022,4,2022,3,07,26
2022-07-26,IRS - Economic Impact Payments (EFT),null,0,0,1818,VI,Income Tax Refunds Issued,Classification,4,2022,4,2022,3,07,26
2022-07-26,IRS Tax Refunds Business,Checks,1718,8082,91375,VI,Income Tax Refunds Issued,Classification,5,2022,4,2022,3,07,26
2022-07-26,IRS Tax Refunds Business,EFT,68,6679,28451,VI,Income Tax Refunds Issued,Classification,6,2022,4,2022,3,07,26
2022-07-26,IRS Tax Refunds Individual,Checks,58,3358,50867,VI,Income Tax Refunds Issued,Classification,7,2022,4,2022,3,07,26
2022-07-26,IRS Tax Refunds Individual,EFT,98,4984,303236,VI,Income Tax Refunds Issued,Classification,8,2022,4,2022,3,07,26
2022-07-25,IRS - Advanced Child Tax Credit (Checks),null,0,0,6265,VI,Income Tax Refunds Issued,Classification,1,2022,4,2022,3,07,25
2022-07-25,IRS - Advanced Child Tax Credit (EFT),null,0,0,40931,VI,Income Tax Refunds Issued,Classification,2,2022,4,2022,3,07,25
2022-07-25,IRS - Economic Impact Payments (Checks),null,0,0,2079,VI,Income Tax Refunds Issued,Classification,3,2022,4,2022,3,07,25
2022-07-25,IRS - Economic Impact Payments (EFT),null,0,0,1818,VI,Income Tax Refunds Issued,Classification,4,2022,4,2022,3,07,25
2022-07-25,IRS Tax Refunds Business,Checks,14,6364,89656,VI,Income Tax Refunds Issued,Classification,5,2022,4,2022,3,07,25
2022-07-25,IRS Tax Refunds Business,EFT,82,6611,28383,VI,Income Tax Refunds Issued,Classification,6,2022,4,2022,3,07,25
2022-07-25,IRS Tax Refunds Individual,Checks,77,3300,50809,VI,Income Tax Refunds Issued,Classification,7,2022,4,2022,3,07,25
2022-07-25,IRS Tax Refunds Individual,EFT,93,4887,303138,VI,Income Tax Refunds Issued,Classification,8,2022,4,2022,3,07,25
2022-07-22,IRS - Advanced Child Tax Credit (Checks),null,0,0,6265,VI,Income Tax Refunds Issued,Classification,1,2022,4,2022,3,07,22
2022-07-22,IRS - Advanced Child Tax Credit (EFT),null,0,0,40931,VI,Income Tax Refunds Issued,Classification,2,2022,4,2022,3,07,22
2022-07-22,IRS - Economic Impact Payments (Checks),null,0,0,2079,VI,Income Tax Refunds Issued,Classification,3,2022,4,2022,3,07,22
2022-07-22,IRS - Economic Impact Payments (EFT),null,0,0,1818,VI,Income Tax Refunds Issued,Classification,4,2022,4,2022,3,07,22
2022-07-22,IRS Tax Refunds Business,Checks,32,6350,89642,VI,Income Tax Refunds Issued,Classification,5,2022,4,2022,3,07,22
2022-07-22,IRS Tax Refunds Business,EFT,17,6529,28301,VI,Income Tax Refunds Issued,Classification,6,2022,4,2022,3,07,22
2022-07-22,IRS Tax Refunds Individual,Checks,608,3223,50732,VI,Income Tax Refunds Issued,Classification,7,2022,4,2022,3,07,22
2022-07-22,IRS Tax Refunds Individual,EFT,70,4794,303045,VI,Income Tax Refunds Issued,Classification,8,2022,4,2022,3,07,22
2022-07-21,IRS - Advanced Child Tax Credit (Checks),null,0,0,6265,VI,Income Tax Refunds Issued,Classification,1,2022,4,2022,3,07,21
2022-07-21,IRS - Advanced Child Tax Credit (EFT),null,0,0,40931,VI,Income Tax Refunds Issued,Classification,2,2022,4,2022,3,07,21
2022-07-21,IRS - Economic Impact Payments (Checks),null,0,0,2079,VI,Income Tax Refunds Issued,Classification,3,2022,4,2022,3,07,21
2022-07-21,IRS - Economic Impact Payments (EFT),null,0,0,1819,VI,Income Tax Refunds Issued,Classification,4,2022,4,2022,3,07,21
2022-07-21,IRS Tax Refunds Business,Checks,58,6318,89611,VI,Income Tax Refunds Issued,Classification,5,2022,4,2022,3,07,21
2022-07-21,IRS Tax Refunds Business,EFT,115,6512,28285,VI,Income Tax Refunds Issued,Classification,6,2022,4,2022,3,07,21
2022-07-21,IRS Tax Refunds Individual,Checks,46,2616,50124,VI,Income Tax Refunds Issued,Classification,7,2022,4,2022,3,07,21
2022-07-21,IRS Tax Refunds Individual,EFT,79,4724,302976,VI,Income Tax Refunds Issued,Classification,8,2022,4,2022,3,07,21
2022-07-20,IRS - Advanced Child Tax Credit (Checks),null,0,0,6265,VI,Income Tax Refunds Issued,Classification,1,2022,4,2022,3,07,20
2022-07-20,IRS - Advanced Child Tax Credit (EFT),null,0,0,40931,VI,Income Tax Refunds Issued,Classification,2,2022,4,2022,3,07,20
2022-07-20,IRS - Economic Impact Payments (Checks),null,0,0,2079,VI,Income Tax Refunds Issued,Classification,3,2022,4,2022,3,07,20
2022-07-20,IRS - Economic Impact Payments (EFT),null,0,0,1819,VI,Income Tax Refunds Issued,Classification,4,2022,4,2022,3,07,20
2022-07-20,IRS Tax Refunds Business,Checks,2,6260,89552,VI,Income Tax Refunds Issued,Classification,5,2022,4,2022,3,07,20
2022-07-20,IRS Tax Refunds Business,EFT,155,6398,28170,VI,Income Tax Refunds Issued,Classification,6,2022,4,2022,3,07,20
2022-07-20,IRS Tax Refunds Individual,Checks,49,2570,50078,VI,Income Tax Refunds Issued,Classification,7,2022,4,2022,3,07,20
2022-07-20,IRS Tax Refunds Individual,EFT,1119,4645,302896,VI,Income Tax Refunds Issued,Classification,8,2022,4,2022,3,07,20
2022-07-19,IRS - Advanced Child Tax Credit (Checks),null,0,0,6265,VI,Income Tax Refunds Issued,Classification,1,2022,4,2022,3,07,19
2022-07-19,IRS - Advanced Child Tax Credit (EFT),null,0,0,40931,VI,Income Tax Refunds Issued,Classification,2,2022,4,2022,3,07,19
2022-07-19,IRS - Economic Impact Payments (Checks),null,0,0,2079,VI,Income Tax Refunds Issued,Classification,3,2022,4,2022,3,07,19
2022-07-19,IRS - Economic Impact Payments (EFT),null,0,0,1819,VI,Income Tax Refunds Issued,Classification,4,2022,4,2022,3,07,19
2022-07-19,IRS Tax Refunds Business,Checks,2217,6257,89550,VI,Income Tax Refunds Issued,Classification,5,2022,4,2022,3,07,19
2022-07-19,IRS Tax Refunds Business,EFT,44,6243,28015,VI,Income Tax Refunds Issued,Classification,6,2022,4,2022,3,07,19
2022-07-19,IRS Tax Refunds Individual,Checks,32,2521,50029,VI,Income Tax Refunds Issued,Classification,7,2022,4,2022,3,07,19
2022-07-19,IRS Tax Refunds Individual,EFT,103,3526,301778,VI,Income Tax Refunds Issued,Classification,8,2022,4,2022,3,07,19
2022-07-18,IRS - Advanced Child Tax Credit (Checks),null,0,0,6265,VI,Income Tax Refunds Issued,Classification,1,2022,4,2022,3,07,18
2022-07-18,IRS - Advanced Child Tax Credit (EFT),null,0,0,40931,VI,Income Tax Refunds Issued,Classification,2,2022,4,2022,3,07,18
2022-07-18,IRS - Economic Impact Payments (Checks),null,0,0,2079,VI,Income Tax Refunds Issued,Classification,3,2022,4,2022,3,07,18
2022-07-18,IRS - Economic Impact Payments (EFT),null,0,0,1819,VI,Income Tax Refunds Issued,Classification,4,2022,4,2022,3,07,18
2022-07-18,IRS Tax Refunds Business,Checks,9,4040,87333,VI,Income Tax Refunds Issued,Classification,5,2022,4,2022,3,07,18
2022-07-18,IRS Tax Refunds Business,EFT,2,6199,27971,VI,Income Tax Refunds Issued,Classification,6,2022,4,2022,3,07,18
2022-07-18,IRS Tax Refunds Individual,Checks,38,2489,49997,VI,Income Tax Refunds Issued,Classification,7,2022,4,2022,3,07,18
2022-07-18,IRS Tax Refunds Individual,EFT,107,3424,301675,VI,Income Tax Refunds Issued,Classification,8,2022,4,2022,3,07,18
2022-07-15,IRS - Advanced Child Tax Credit (Checks),null,0,0,6265,VI,Income Tax Refunds Issued,Classification,1,2022,4,2022,3,07,15
2022-07-15,IRS - Advanced Child Tax Credit (EFT),null,0,0,40931,VI,Income Tax Refunds Issued,Classification,2,2022,4,2022,3,07,15
2022-07-15,IRS - Economic Impact Payments (Checks),null,0,0,2079,VI,Income Tax Refunds Issued,Classification,3,2022,4,2022,3,07,15
2022-07-15,IRS - Economic Impact Payments (EFT),null,0,0,1819,VI,Income Tax Refunds Issued,Classification,4,2022,4,2022,3,07,15
2022-07-15,IRS Tax Refunds Business,Checks,34,4031,87323,VI,Income Tax Refunds Issued,Classification,5,2022,4,2022,3,07,15
2022-07-15,IRS Tax Refunds Business,EFT,1,6197,27970,VI,Income Tax Refunds Issued,Classification,6,2022,4,2022,3,07,15
2022-07-15,IRS Tax Refunds Individual,Checks,672,2451,49959,VI,Income Tax Refunds Issued,Classification,7,2022,4,2022,3,07,15
2022-07-15,IRS Tax Refunds Individual,EFT,88,3317,301568,VI,Income Tax Refunds Issued,Classification,8,2022,4,2022,3,07,15
2022-07-14,IRS - Advanced Child Tax Credit (Checks),null,0,0,6265,VI,Income Tax Refunds Issued,Classification,1,2022,4,2022,3,07,14
2022-07-14,IRS - Advanced Child Tax Credit (EFT),null,0,0,40931,VI,Income Tax Refunds Issued,Classification,2,2022,4,2022,3,07,14
2022-07-14,IRS - Economic Impact Payments (Checks),null,0,0,2079,VI,Income Tax Refunds Issued,Classification,3,2022,4,2022,3,07,14
2022-07-14,IRS - Economic Impact Payments (EFT),null,0,0,1819,VI,Income Tax Refunds Issued,Classification,4,2022,4,2022,3,07,14
2022-07-14,IRS Tax Refunds Business,Checks,33,3997,87289,VI,Income Tax Refunds Issued,Classification,5,2022,4,2022,3,07,14
2022-07-14,IRS Tax Refunds Business,EFT,329,6196,27968,VI,Income Tax Refunds Issued,Classification,6,2022,4,2022,3,07,14
2022-07-14,IRS Tax Refunds Individual,Checks,55,1778,49287,VI,Income Tax Refunds Issued,Classification,7,2022,4,2022,3,07,14
2022-07-14,IRS Tax Refunds Individual,EFT,89,3229,301480,VI,Income Tax Refunds Issued,Classification,8,2022,4,2022,3,07,14
2022-07-13,IRS - Advanced Child Tax Credit (Checks),null,0,0,6265,VI,Income Tax Refunds Issued,Classification,1,2022,4,2022,3,07,13
2022-07-13,IRS - Advanced Child Tax Credit (EFT),null,0,0,40931,VI,Income Tax Refunds Issued,Classification,2,2022,4,2022,3,07,13
2022-07-13,IRS - Economic Impact Payments (Checks),null,0,0,2079,VI,Income Tax Refunds Issued,Classification,3,2022,4,2022,3,07,13
2022-07-13,IRS - Economic Impact Payments (EFT),null,0,0,1819,VI,Income Tax Refunds Issued,Classification,4,2022,4,2022,3,07,13
2022-07-13,IRS Tax Refunds Business,Checks,47,3964,87256,VI,Income Tax Refunds Issued,Classification,5,2022,4,2022,3,07,13
2022-07-13,IRS Tax Refunds Business,EFT,25,5867,27640,VI,Income Tax Refunds Issued,Classification,6,2022,4,2022,3,07,13
2022-07-13,IRS Tax Refunds Individual,Checks,36,1723,49231,VI,Income Tax Refunds Issued,Classification,7,2022,4,2022,3,07,13
2022-07-13,IRS Tax Refunds Individual,EFT,1115,3140,301391,VI,Income Tax Refunds Issued,Classification,8,2022,4,2022,3,07,13
2022-07-12,IRS - Advanced Child Tax Credit (Checks),null,0,0,6265,VI,Income Tax Refunds Issued,Classification,1,2022,4,2022,3,07,12
2022-07-12,IRS - Advanced Child Tax Credit (EFT),null,0,0,40931,VI,Income Tax Refunds Issued,Classification,2,2022,4,2022,3,07,12
2022-07-12,IRS - Economic Impact Payments (Checks),null,0,0,2079,VI,Income Tax Refunds Issued,Classification,3,2022,4,2022,3,07,12
2022-07-12,IRS - Economic Impact Payments (EFT),null,0,0,1819,VI,Income Tax Refunds Issued,Classification,4,2022,4,2022,3,07,12
2022-07-12,IRS Tax Refunds Business,Checks,1625,3917,87210,VI,Income Tax Refunds Issued,Classification,5,2022,4,2022,3,07,12
2022-07-12,IRS Tax Refunds Business,EFT,5533,5843,27615,VI,Income Tax Refunds Issued,Classification,6,2022,4,2022,3,07,12
2022-07-12,IRS Tax Refunds Individual,Checks,43,1687,49195,VI,Income Tax Refunds Issued,Classification,7,2022,4,2022,3,07,12
2022-07-12,IRS Tax Refunds Individual,EFT,104,2024,300276,VI,Income Tax Refunds Issued,Classification,8,2022,4,2022,3,07,12
2022-07-11,IRS - Advanced Child Tax Credit (Checks),null,0,0,6265,VI,Income Tax Refunds Issued,Classification,1,2022,4,2022,3,07,11
2022-07-11,IRS - Advanced Child Tax Credit (EFT),null,0,0,40931,VI,Income Tax Refunds Issued,Classification,2,2022,4,2022,3,07,11
2022-07-11,IRS - Economic Impact Payments (Checks),null,0,0,2079,VI,Income Tax Refunds Issued,Classification,3,2022,4,2022,3,07,11
2022-07-11,IRS - Economic Impact Payments (EFT),null,0,0,1819,VI,Income Tax Refunds Issued,Classification,4,2022,4,2022,3,07,11
2022-07-11,IRS Tax Refunds Business,Checks,11,2292,85584,VI,Income Tax Refunds Issued,Classification,5,2022,4,2022,3,07,11
2022-07-11,IRS Tax Refunds Business,EFT,24,310,22082,VI,Income Tax Refunds Issued,Classification,6,2022,4,2022,3,07,11
2022-07-11,IRS Tax Refunds Individual,Checks,745,1644,49152,VI,Income Tax Refunds Issued,Classification,7,2022,4,2022,3,07,11
2022-07-11,IRS Tax Refunds Individual,EFT,122,1920,300171,VI,Income Tax Refunds Issued,Classification,8,2022,4,2022,3,07,11
2022-07-08,IRS - Advanced Child Tax Credit (Checks),null,0,0,6265,VI,Income Tax Refunds Issued,Classification,1,2022,4,2022,3,07,08
2022-07-08,IRS - Advanced Child Tax Credit (EFT),null,0,0,40931,VI,Income Tax Refunds Issued,Classification,2,2022,4,2022,3,07,08
2022-07-08,IRS - Economic Impact Payments (Checks),null,0,0,2079,VI,Income Tax Refunds Issued,Classification,3,2022,4,2022,3,07,08
2022-07-08,IRS - Economic Impact Payments (EFT),null,0,0,1819,VI,Income Tax Refunds Issued,Classification,4,2022,4,2022,3,07,08
2022-07-08,IRS Tax Refunds Business,Checks,30,2281,85574,VI,Income Tax Refunds Issued,Classification,5,2022,4,2022,3,07,08
2022-07-08,IRS Tax Refunds Business,EFT,17,286,22058,VI,Income Tax Refunds Issued,Classification,6,2022,4,2022,3,07,08
2022-07-08,IRS Tax Refunds Individual,Checks,46,898,48407,VI,Income Tax Refunds Issued,Classification,7,2022,4,2022,3,07,08
2022-07-08,IRS Tax Refunds Individual,EFT,104,1797,300049,VI,Income Tax Refunds Issued,Classification,8,2022,4,2022,3,07,08
2022-07-07,IRS - Advanced Child Tax Credit (Checks),null,0,0,6265,VI,Income Tax Refunds Issued,Classification,1,2022,4,2022,3,07,07
2022-07-07,IRS - Advanced Child Tax Credit (EFT),null,0,0,40931,VI,Income Tax Refunds Issued,Classification,2,2022,4,2022,3,07,07
2022-07-07,IRS - Economic Impact Payments (Checks),null,0,0,2079,VI,Income Tax Refunds Issued,Classification,3,2022,4,2022,3,07,07
2022-07-07,IRS - Economic Impact Payments (EFT),null,0,0,1819,VI,Income Tax Refunds Issued,Classification,4,2022,4,2022,3,07,07
2022-07-07,IRS Tax Refunds Business,Checks,4,2251,85543,VI,Income Tax Refunds Issued,Classification,5,2022,4,2022,3,07,07
2022-07-07,IRS Tax Refunds Business,EFT,0,268,22041,VI,Income Tax Refunds Issued,Classification,6,2022,4,2022,3,07,07
2022-07-07,IRS Tax Refunds Individual,Checks,24,852,48361,VI,Income Tax Refunds Issued,Classification,7,2022,4,2022,3,07,07
2022-07-07,IRS Tax Refunds Individual,EFT,1456,1694,299945,VI,Income Tax Refunds Issued,Classification,8,2022,4,2022,3,07,07
2022-07-06,IRS - Advanced Child Tax Credit (Checks),null,0,0,6265,VI,Income Tax Refunds Issued,Classification,1,2022,4,2022,3,07,06
2022-07-06,IRS - Advanced Child Tax Credit (EFT),null,0,0,40931,VI,Income Tax Refunds Issued,Classification,2,2022,4,2022,3,07,06
2022-07-06,IRS - Economic Impact Payments (Checks),null,0,0,2079,VI,Income Tax Refunds Issued,Classification,3,2022,4,2022,3,07,06
2022-07-06,IRS - Economic Impact Payments (EFT),null,0,0,1819,VI,Income Tax Refunds Issued,Classification,4,2022,4,2022,3,07,06
2022-07-06,IRS Tax Refunds Business,Checks,69,2247,85540,VI,Income Tax Refunds Issued,Classification,5,2022,4,2022,3,07,06
2022-07-06,IRS Tax Refunds Business,EFT,37,269,22041,VI,Income Tax Refunds Issued,Classification,6,2022,4,2022,3,07,06
2022-07-06,IRS Tax Refunds Individual,Checks,24,828,48337,VI,Income Tax Refunds Issued,Classification,7,2022,4,2022,3,07,06
2022-07-06,IRS Tax Refunds Individual,EFT,97,238,298490,VI,Income Tax Refunds Issued,Classification,8,2022,4,2022,3,07,06
2022-07-05,IRS - Advanced Child Tax Credit (Checks),null,0,0,6265,VI,Income Tax Refunds Issued,Classification,1,2022,4,2022,3,07,05
2022-07-05,IRS - Advanced Child Tax Credit (EFT),null,0,0,40931,VI,Income Tax Refunds Issued,Classification,2,2022,4,2022,3,07,05
2022-07-05,IRS - Economic Impact Payments (Checks),null,0,0,2079,VI,Income Tax Refunds Issued,Classification,3,2022,4,2022,3,07,05
2022-07-05,IRS - Economic Impact Payments (EFT),null,0,0,1819,VI,Income Tax Refunds Issued,Classification,4,2022,4,2022,3,07,05
2022-07-05,IRS Tax Refunds Business,Checks,2112,2178,85470,VI,Income Tax Refunds Issued,Classification,5,2022,4,2022,3,07,05
2022-07-05,IRS Tax Refunds Business,EFT,50,231,22003,VI,Income Tax Refunds Issued,Classification,6,2022,4,2022,3,07,05
2022-07-05,IRS Tax Refunds Individual,Checks,39,805,48313,VI,Income Tax Refunds Issued,Classification,7,2022,4,2022,3,07,05
2022-07-05,IRS Tax Refunds Individual,EFT,80,141,298393,VI,Income Tax Refunds Issued,Classification,8,2022,4,2022,3,07,05
2022-07-01,IRS - Advanced Child Tax Credit (Checks),null,0,0,6265,VI,Income Tax Refunds Issued,Classification,1,2022,4,2022,3,07,01
2022-07-01,IRS - Advanced Child Tax Credit (EFT),null,0,0,40931,VI,Income Tax Refunds Issued,Classification,2,2022,4,2022,3,07,01
2022-07-01,IRS - Economic Impact Payments (Checks),null,0,0,2079,VI,Income Tax Refunds Issued,Classification,3,2022,4,2022,3,07,01
2022-07-01,IRS - Economic Impact Payments (EFT),null,0,0,1819,VI,Income Tax Refunds Issued,Classification,4,2022,4,2022,3,07,01
2022-07-01,IRS Tax Refunds Business,Checks,66,66,83358,VI,Income Tax Refunds Issued,Classification,5,2022,4,2022,3,07,01
2022-07-01,IRS Tax Refunds Business,EFT,181,181,21953,VI,Income Tax Refunds Issued,Classification,6,2022,4,2022,3,07,01
2022-07-01,IRS Tax Refunds Individual,Checks,766,766,48274,VI,Income Tax Refunds Issued,Classification,7,2022,4,2022,3,07,01
2022-07-01,IRS Tax Refunds Individual,EFT,61,61,298313,VI,Income Tax Refunds Issued,Classification,8,2022,4,2022,3,07,01
2022-06-30,IRS - Advanced Child Tax Credit (Checks),null,0,0,6265,VI,Income Tax Refunds Issued,Classification,1,2022,3,2022,2,06,30
2022-06-30,IRS - Advanced Child Tax Credit (EFT),null,0,0,40931,VI,Income Tax Refunds Issued,Classification,2,2022,3,2022,2,06,30
2022-06-30,IRS - Economic Impact Payments (Checks),null,0,0,2079,VI,Income Tax Refunds Issued,Classification,3,2022,3,2022,2,06,30
2022-06-30,IRS - Economic Impact Payments (EFT),null,0,0,1819,VI,Income Tax Refunds Issued,Classification,4,2022,3,2022,2,06,30
2022-06-30,IRS Tax Refunds Business,Checks,12,9123,83292,VI,Income Tax Refunds Issued,Classification,5,2022,3,2022,2,06,30
2022-06-30,IRS Tax Refunds Business,EFT,55,1714,21772,VI,Income Tax Refunds Issued,Classification,6,2022,3,2022,2,06,30
2022-06-30,IRS Tax Refunds Individual,Checks,8,3589,47508,VI,Income Tax Refunds Issued,Classification,7,2022,3,2022,2,06,30
2022-06-30,IRS Tax Refunds Individual,EFT,136,7908,298252,VI,Income Tax Refunds Issued,Classification,8,2022,3,2022,2,06,30
2022-06-29,IRS - Advanced Child Tax Credit (Checks),null,0,0,6265,VI,Income Tax Refunds Issued,Classification,1,2022,3,2022,2,06,29
2022-06-29,IRS - Advanced Child Tax Credit (EFT),null,0,0,40931,VI,Income Tax Refunds Issued,Classification,2,2022,3,2022,2,06,29
2022-06-29,IRS - Economic Impact Payments (Checks),null,0,0,2079,VI,Income Tax Refunds Issued,Classification,3,2022,3,2022,2,06,29
2022-06-29,IRS - Economic Impact Payments (EFT),null,0,0,1819,VI,Income Tax Refunds Issued,Classification,4,2022,3,2022,2,06,29
2022-06-29,IRS Tax Refunds Business,Checks,53,9111,83281,VI,Income Tax Refunds Issued,Classification,5,2022,3,2022,2,06,29
2022-06-29,IRS Tax Refunds Business,EFT,-7,1659,21717,VI,Income Tax Refunds Issued,Classification,6,2022,3,2022,2,06,29
2022-06-29,IRS Tax Refunds Individual,Checks,3,3582,47501,VI,Income Tax Refunds Issued,Classification,7,2022,3,2022,2,06,29
2022-06-29,IRS Tax Refunds Individual,EFT,1413,7772,298115,VI,Income Tax Refunds Issued,Classification,8,2022,3,2022,2,06,29
2022-06-28,IRS - Advanced Child Tax Credit (Checks),null,0,0,6265,VI,Income Tax Refunds Issued,Classification,1,2022,3,2022,2,06,28
2022-06-28,IRS - Advanced Child Tax Credit (EFT),null,0,0,40931,VI,Income Tax Refunds Issued,Classification,2,2022,3,2022,2,06,28
2022-06-28,IRS - Economic Impact Payments (Checks),null,0,0,2079,VI,Income Tax Refunds Issued,Classification,3,2022,3,2022,2,06,28
2022-06-28,IRS - Economic Impact Payments (EFT),null,0,0,1819,VI,Income Tax Refunds Issued,Classification,4,2022,3,2022,2,06,28
2022-06-28,IRS Tax Refunds Business,Checks,2038,9059,83228,VI,Income Tax Refunds Issued,Classification,5,2022,3,2022,2,06,28
2022-06-28,IRS Tax Refunds Business,EFT,79,1667,21725,VI,Income Tax Refunds Issued,Classification,6,2022,3,2022,2,06,28
2022-06-28,IRS Tax Refunds Individual,Checks,9,3579,47498,VI,Income Tax Refunds Issued,Classification,7,2022,3,2022,2,06,28
2022-06-28,IRS Tax Refunds Individual,EFT,-6,6359,296703,VI,Income Tax Refunds Issued,Classification,8,2022,3,2022,2,06,28
2022-06-27,IRS - Advanced Child Tax Credit (Checks),null,0,0,6265,VI,Income Tax Refunds Issued,Classification,1,2022,3,2022,2,06,27
2022-06-27,IRS - Advanced Child Tax Credit (EFT),null,0,0,40931,VI,Income Tax Refunds Issued,Classification,2,2022,3,2022,2,06,27
2022-06-27,IRS - Economic Impact Payments (Checks),null,0,0,2079,VI,Income Tax Refunds Issued,Classification,3,2022,3,2022,2,06,27
2022-06-27,IRS - Economic Impact Payments (EFT),null,0,0,1819,VI,Income Tax Refunds Issued,Classification,4,2022,3,2022,2,06,27
2022-06-27,IRS Tax Refunds Business,Checks,28,7021,81190,VI,Income Tax Refunds Issued,Classification,5,2022,3,2022,2,06,27
2022-06-27,IRS Tax Refunds Business,EFT,511,1587,21645,VI,Income Tax Refunds Issued,Classification,6,2022,3,2022,2,06,27
2022-06-27,IRS Tax Refunds Individual,Checks,824,3570,47489,VI,Income Tax Refunds Issued,Classification,7,2022,3,2022,2,06,27
2022-06-27,IRS Tax Refunds Individual,EFT,-6,6365,296708,VI,Income Tax Refunds Issued,Classification,8,2022,3,2022,2,06,27
2022-06-24,IRS - Advanced Child Tax Credit (Checks),null,0,0,6265,VI,Income Tax Refunds Issued,Classification,1,2022,3,2022,2,06,24
2022-06-24,IRS - Advanced Child Tax Credit (EFT),null,0,0,40931,VI,Income Tax Refunds Issued,Classification,2,2022,3,2022,2,06,24
2022-06-24,IRS - Economic Impact Payments (Checks),null,0,0,2079,VI,Income Tax Refunds Issued,Classification,3,2022,3,2022,2,06,24
2022-06-24,IRS - Economic Impact Payments (EFT),null,0,0,1819,VI,Income Tax Refunds Issued,Classification,4,2022,3,2022,2,06,24
2022-06-24,IRS Tax Refunds Business,Checks,79,6993,81162,VI,Income Tax Refunds Issued,Classification,5,2022,3,2022,2,06,24
2022-06-24,IRS Tax Refunds Business,EFT,83,1076,21134,VI,Income Tax Refunds Issued,Classification,6,2022,3,2022,2,06,24
2022-06-24,IRS Tax Refunds Individual,Checks,30,2746,46665,VI,Income Tax Refunds Issued,Classification,7,2022,3,2022,2,06,24
2022-06-24,IRS Tax Refunds Individual,EFT,-11,6371,296715,VI,Income Tax Refunds Issued,Classification,8,2022,3,2022,2,06,24
2022-06-23,IRS - Advanced Child Tax Credit (Checks),null,0,0,6265,VI,Income Tax Refunds Issued,Classification,1,2022,3,2022,2,06,23
2022-06-23,IRS - Advanced Child Tax Credit (EFT),null,0,0,40931,VI,Income Tax Refunds Issued,Classification,2,2022,3,2022,2,06,23
2022-06-23,IRS - Economic Impact Payments (Checks),null,0,0,2079,VI,Income Tax Refunds Issued,Classification,3,2022,3,2022,2,06,23
2022-06-23,IRS - Economic Impact Payments (EFT),null,0,0,1819,VI,Income Tax Refunds Issued,Classification,4,2022,3,2022,2,06,23
2022-06-23,IRS Tax Refunds Business,Checks,43,6914,81083,VI,Income Tax Refunds Issued,Classification,5,2022,3,2022,2,06,23
2022-06-23,IRS Tax Refunds Business,EFT,95,993,21051,VI,Income Tax Refunds Issued,Classification,6,2022,3,2022,2,06,23
2022-06-23,IRS Tax Refunds Individual,Checks,26,2716,46635,VI,Income Tax Refunds Issued,Classification,7,2022,3,2022,2,06,23
2022-06-23,IRS Tax Refunds Individual,EFT,1244,6383,296726,VI,Income Tax Refunds Issued,Classification,8,2022,3,2022,2,06,23
2022-06-22,IRS - Advanced Child Tax Credit (Checks),null,0,0,6265,VI,Income Tax Refunds Issued,Classification,1,2022,3,2022,2,06,22
2022-06-22,IRS - Advanced Child Tax Credit (EFT),null,0,0,40931,VI,Income Tax Refunds Issued,Classification,2,2022,3,2022,2,06,22
2022-06-22,IRS - Economic Impact Payments (Checks),null,0,0,2079,VI,Income Tax Refunds Issued,Classification,3,2022,3,2022,2,06,22
2022-06-22,IRS - Economic Impact Payments (EFT),null,0,0,1819,VI,Income Tax Refunds Issued,Classification,4,2022,3,2022,2,06,22
2022-06-22,IRS Tax Refunds Business,Checks,12,6871,81041,VI,Income Tax Refunds Issued,Classification,5,2022,3,2022,2,06,22
2022-06-22,IRS Tax Refunds Business,EFT,3,898,20955,VI,Income Tax Refunds Issued,Classification,6,2022,3,2022,2,06,22
2022-06-22,IRS Tax Refunds Individual,Checks,29,2690,46609,VI,Income Tax Refunds Issued,Classification,7,2022,3,2022,2,06,22
2022-06-22,IRS Tax Refunds Individual,EFT,71,5139,295482,VI,Income Tax Refunds Issued,Classification,8,2022,3,2022,2,06,22
2022-06-21,IRS - Advanced Child Tax Credit (Checks),null,0,0,6265,VI,Income Tax Refunds Issued,Classification,1,2022,3,2022,2,06,21
2022-06-21,IRS - Advanced Child Tax Credit (EFT),null,0,0,40931,VI,Income Tax Refunds Issued,Classification,2,2022,3,2022,2,06,21
2022-06-21,IRS - Economic Impact Payments (Checks),null,0,0,2079,VI,Income Tax Refunds Issued,Classification,3,2022,3,2022,2,06,21
2022-06-21,IRS - Economic Impact Payments (EFT),null,0,0,1819,VI,Income Tax Refunds Issued,Classification,4,2022,3,2022,2,06,21
2022-06-21,IRS Tax Refunds Business,Checks,1648,6859,81028,VI,Income Tax Refunds Issued,Classification,5,2022,3,2022,2,06,21
2022-06-21,IRS Tax Refunds Business,EFT,51,894,20952,VI,Income Tax Refunds Issued,Classification,6,2022,3,2022,2,06,21
2022-06-21,IRS Tax Refunds Individual,Checks,29,2661,46580,VI,Income Tax Refunds Issued,Classification,7,2022,3,2022,2,06,21
2022-06-21,IRS Tax Refunds Individual,EFT,89,5068,295411,VI,Income Tax Refunds Issued,Classification,8,2022,3,2022,2,06,21
2022-06-17,IRS - Advanced Child Tax Credit (Checks),null,0,0,6265,VI,Income Tax Refunds Issued,Classification,1,2022,3,2022,2,06,17
2022-06-17,IRS - Advanced Child Tax Credit (EFT),null,0,0,40931,VI,Income Tax Refunds Issued,Classification,2,2022,3,2022,2,06,17
2022-06-17,IRS - Economic Impact Payments (Checks),null,0,0,2079,VI,Income Tax Refunds Issued,Classification,3,2022,3,2022,2,06,17
2022-06-17,IRS - Economic Impact Payments (EFT),null,0,0,1819,VI,Income Tax Refunds Issued,Classification,4,2022,3,2022,2,06,17
2022-06-17,IRS Tax Refunds Business,Checks,37,5211,79380,VI,Income Tax Refunds Issued,Classification,5,2022,3,2022,2,06,17
2022-06-17,IRS Tax Refunds Business,EFT,149,843,20900,VI,Income Tax Refunds Issued,Classification,6,2022,3,2022,2,06,17
2022-06-17,IRS Tax Refunds Individual,Checks,752,2632,46551,VI,Income Tax Refunds Issued,Classification,7,2022,3,2022,2,06,17
2022-06-17,IRS Tax Refunds Individual,EFT,60,4979,295322,VI,Income Tax Refunds Issued,Classification,8,2022,3,2022,2,06,17
2022-06-16,IRS - Advanced Child Tax Credit (Checks),null,0,0,6265,VI,Income Tax Refunds Issued,Classification,1,2022,3,2022,2,06,16
2022-06-16,IRS - Advanced Child Tax Credit (EFT),null,0,0,40931,VI,Income Tax Refunds Issued,Classification,2,2022,3,2022,2,06,16
2022-06-16,IRS - Economic Impact Payments (Checks),null,0,0,2079,VI,Income Tax Refunds Issued,Classification,3,2022,3,2022,2,06,16
2022-06-16,IRS - Economic Impact Payments (EFT),null,0,0,1819,VI,Income Tax Refunds Issued,Classification,4,2022,3,2022,2,06,16
2022-06-16,IRS Tax Refunds Business,Checks,9,5175,79344,VI,Income Tax Refunds Issued,Classification,5,2022,3,2022,2,06,16
2022-06-16,IRS Tax Refunds Business,EFT,48,694,20752,VI,Income Tax Refunds Issued,Classification,6,2022,3,2022,2,06,16
2022-06-16,IRS Tax Refunds Individual,Checks,42,1880,45799,VI,Income Tax Refunds Issued,Classification,7,2022,3,2022,2,06,16
2022-06-16,IRS Tax Refunds Individual,EFT,72,4919,295262,VI,Income Tax Refunds Issued,Classification,8,2022,3,2022,2,06,16
2022-06-15,IRS - Advanced Child Tax Credit (Checks),null,0,0,6265,VI,Income Tax Refunds Issued,Classification,1,2022,3,2022,2,06,15
2022-06-15,IRS - Advanced Child Tax Credit (EFT),null,0,0,40931,VI,Income Tax Refunds Issued,Classification,2,2022,3,2022,2,06,15
2022-06-15,IRS - Economic Impact Payments (Checks),null,0,0,2079,VI,Income Tax Refunds Issued,Classification,3,2022,3,2022,2,06,15
2022-06-15,IRS - Economic Impact Payments (EFT),null,0,0,1819,VI,Income Tax Refunds Issued,Classification,4,2022,3,2022,2,06,15
2022-06-15,IRS Tax Refunds Business,Checks,43,5165,79335,VI,Income Tax Refunds Issued,Classification,5,2022,3,2022,2,06,15
2022-06-15,IRS Tax Refunds Business,EFT,5,646,20704,VI,Income Tax Refunds Issued,Classification,6,2022,3,2022,2,06,15
2022-06-15,IRS Tax Refunds Individual,Checks,23,1838,45757,VI,Income Tax Refunds Issued,Classification,7,2022,3,2022,2,06,15
2022-06-15,IRS Tax Refunds Individual,EFT,1301,4847,295191,VI,Income Tax Refunds Issued,Classification,8,2022,3,2022,2,06,15
2022-06-14,IRS - Advanced Child Tax Credit (Checks),null,0,0,6265,VI,Income Tax Refunds Issued,Classification,1,2022,3,2022,2,06,14
2022-06-14,IRS - Advanced Child Tax Credit (EFT),null,0,0,40931,VI,Income Tax Refunds Issued,Classification,2,2022,3,2022,2,06,14
2022-06-14,IRS - Economic Impact Payments (Checks),null,0,0,2079,VI,Income Tax Refunds Issued,Classification,3,2022,3,2022,2,06,14
2022-06-14,IRS - Economic Impact Payments (EFT),null,0,0,1819,VI,Income Tax Refunds Issued,Classification,4,2022,3,2022,2,06,14
2022-06-14,IRS Tax Refunds Business,Checks,2180,5122,79291,VI,Income Tax Refunds Issued,Classification,5,2022,3,2022,2,06,14
2022-06-14,IRS Tax Refunds Business,EFT,86,641,20699,VI,Income Tax Refunds Issued,Classification,6,2022,3,2022,2,06,14
2022-06-14,IRS Tax Refunds Individual,Checks,32,1816,45734,VI,Income Tax Refunds Issued,Classification,7,2022,3,2022,2,06,14
2022-06-14,IRS Tax Refunds Individual,EFT,90,3546,293889,VI,Income Tax Refunds Issued,Classification,8,2022,3,2022,2,06,14
2022-06-13,IRS - Advanced Child Tax Credit (Checks),null,0,0,6265,VI,Income Tax Refunds Issued,Classification,1,2022,3,2022,2,06,13
2022-06-13,IRS - Advanced Child Tax Credit (EFT),null,0,0,40931,VI,Income Tax Refunds Issued,Classification,2,2022,3,2022,2,06,13
2022-06-13,IRS - Economic Impact Payments (Checks),null,0,0,2079,VI,Income Tax Refunds Issued,Classification,3,2022,3,2022,2,06,13
2022-06-13,IRS - Economic Impact Payments (EFT),null,0,0,1819,VI,Income Tax Refunds Issued,Classification,4,2022,3,2022,2,06,13
2022-06-13,IRS Tax Refunds Business,Checks,13,2942,77111,VI,Income Tax Refunds Issued,Classification,5,2022,3,2022,2,06,13
2022-06-13,IRS Tax Refunds Business,EFT,34,555,20613,VI,Income Tax Refunds Issued,Classification,6,2022,3,2022,2,06,13
2022-06-13,IRS Tax Refunds Individual,Checks,30,1783,45702,VI,Income Tax Refunds Issued,Classification,7,2022,3,2022,2,06,13
2022-06-13,IRS Tax Refunds Individual,EFT,90,3456,293800,VI,Income Tax Refunds Issued,Classification,8,2022,3,2022,2,06,13
2022-06-10,IRS - Advanced Child Tax Credit (Checks),null,0,0,6265,VI,Income Tax Refunds Issued,Classification,1,2022,3,2022,2,06,10
2022-06-10,IRS - Advanced Child Tax Credit (EFT),null,0,0,40931,VI,Income Tax Refunds Issued,Classification,2,2022,3,2022,2,06,10
2022-06-10,IRS - Economic Impact Payments (Checks),null,0,0,2079,VI,Income Tax Refunds Issued,Classification,3,2022,3,2022,2,06,10
2022-06-10,IRS - Economic Impact Payments (EFT),null,0,0,1819,VI,Income Tax Refunds Issued,Classification,4,2022,3,2022,2,06,10
2022-06-10,IRS Tax Refunds Business,Checks,41,2929,77098,VI,Income Tax Refunds Issued,Classification,5,2022,3,2022,2,06,10
2022-06-10,IRS Tax Refunds Business,EFT,226,521,20579,VI,Income Tax Refunds Issued,Classification,6,2022,3,2022,2,06,10
2022-06-10,IRS Tax Refunds Individual,Checks,710,1753,45672,VI,Income Tax Refunds Issued,Classification,7,2022,3,2022,2,06,10
2022-06-10,IRS Tax Refunds Individual,EFT,45,3366,293710,VI,Income Tax Refunds Issued,Classification,8,2022,3,2022,2,06,10
2022-06-09,IRS - Advanced Child Tax Credit (Checks),null,0,0,6265,VI,Income Tax Refunds Issued,Classification,1,2022,3,2022,2,06,09
2022-06-09,IRS - Advanced Child Tax Credit (EFT),null,0,0,40931,VI,Income Tax Refunds Issued,Classification,2,2022,3,2022,2,06,09
2022-06-09,IRS - Economic Impact Payments (Checks),null,0,0,2079,VI,Income Tax Refunds Issued,Classification,3,2022,3,2022,2,06,09
2022-06-09,IRS - Economic Impact Payments (EFT),null,0,0,1819,VI,Income Tax Refunds Issued,Classification,4,2022,3,2022,2,06,09
2022-06-09,IRS Tax Refunds Business,Checks,12,2888,77057,VI,Income Tax Refunds Issued,Classification,5,2022,3,2022,2,06,09
2022-06-09,IRS Tax Refunds Business,EFT,41,295,20352,VI,Income Tax Refunds Issued,Classification,6,2022,3,2022,2,06,09
2022-06-09,IRS Tax Refunds Individual,Checks,35,1043,44962,VI,Income Tax Refunds Issued,Classification,7,2022,3,2022,2,06,09
2022-06-09,IRS Tax Refunds Individual,EFT,73,3321,293664,VI,Income Tax Refunds Issued,Classification,8,2022,3,2022,2,06,09
2022-06-08,IRS - Advanced Child Tax Credit (Checks),null,0,0,6265,VI,Income Tax Refunds Issued,Classification,1,2022,3,2022,2,06,08
2022-06-08,IRS - Advanced Child Tax Credit (EFT),null,0,0,40931,VI,Income Tax Refunds Issued,Classification,2,2022,3,2022,2,06,08
2022-06-08,IRS - Economic Impact Payments (Checks),null,0,0,2079,VI,Income Tax Refunds Issued,Classification,3,2022,3,2022,2,06,08
2022-06-08,IRS - Economic Impact Payments (EFT),null,0,0,1819,VI,Income Tax Refunds Issued,Classification,4,2022,3,2022,2,06,08
2022-06-08,IRS Tax Refunds Business,Checks,57,2876,77045,VI,Income Tax Refunds Issued,Classification,5,2022,3,2022,2,06,08
2022-06-08,IRS Tax Refunds Business,EFT,20,254,20312,VI,Income Tax Refunds Issued,Classification,6,2022,3,2022,2,06,08
2022-06-08,IRS Tax Refunds Individual,Checks,29,1008,44927,VI,Income Tax Refunds Issued,Classification,7,2022,3,2022,2,06,08
2022-06-08,IRS Tax Refunds Individual,EFT,1266,3248,293591,VI,Income Tax Refunds Issued,Classification,8,2022,3,2022,2,06,08
2022-06-07,IRS - Advanced Child Tax Credit (Checks),null,0,0,6265,VI,Income Tax Refunds Issued,Classification,1,2022,3,2022,2,06,07
2022-06-07,IRS - Advanced Child Tax Credit (EFT),null,0,0,40931,VI,Income Tax Refunds Issued,Classification,2,2022,3,2022,2,06,07
2022-06-07,IRS - Economic Impact Payments (Checks),null,0,0,2079,VI,Income Tax Refunds Issued,Classification,3,2022,3,2022,2,06,07
2022-06-07,IRS - Economic Impact Payments (EFT),null,0,0,1819,VI,Income Tax Refunds Issued,Classification,4,2022,3,2022,2,06,07
2022-06-07,IRS Tax Refunds Business,Checks,2688,2818,76988,VI,Income Tax Refunds Issued,Classification,5,2022,3,2022,2,06,07
2022-06-07,IRS Tax Refunds Business,EFT,22,234,20292,VI,Income Tax Refunds Issued,Classification,6,2022,3,2022,2,06,07
2022-06-07,IRS Tax Refunds Individual,Checks,40,979,44898,VI,Income Tax Refunds Issued,Classification,7,2022,3,2022,2,06,07
2022-06-07,IRS Tax Refunds Individual,EFT,103,1982,292325,VI,Income Tax Refunds Issued,Classification,8,2022,3,2022,2,06,07
2022-06-06,IRS - Advanced Child Tax Credit (Checks),null,0,0,6265,VI,Income Tax Refunds Issued,Classification,1,2022,3,2022,2,06,06
2022-06-06,IRS - Advanced Child Tax Credit (EFT),null,0,0,40931,VI,Income Tax Refunds Issued,Classification,2,2022,3,2022,2,06,06
2022-06-06,IRS - Economic Impact Payments (Checks),null,0,0,2079,VI,Income Tax Refunds Issued,Classification,3,2022,3,2022,2,06,06
2022-06-06,IRS - Economic Impact Payments (EFT),null,0,0,1819,VI,Income Tax Refunds Issued,Classification,4,2022,3,2022,2,06,06
2022-06-06,IRS Tax Refunds Business,Checks,56,130,74299,VI,Income Tax Refunds Issued,Classification,5,2022,3,2022,2,06,06
2022-06-06,IRS Tax Refunds Business,EFT,6,212,20270,VI,Income Tax Refunds Issued,Classification,6,2022,3,2022,2,06,06
2022-06-06,IRS Tax Refunds Individual,Checks,849,939,44858,VI,Income Tax Refunds Issued,Classification,7,2022,3,2022,2,06,06
2022-06-06,IRS Tax Refunds Individual,EFT,96,1878,292222,VI,Income Tax Refunds Issued,Classification,8,2022,3,2022,2,06,06
2022-06-03,IRS - Advanced Child Tax Credit (Checks),null,0,0,6265,VI,Income Tax Refunds Issued,Classification,1,2022,3,2022,2,06,03
2022-06-03,IRS - Advanced Child Tax Credit (EFT),null,0,0,40931,VI,Income Tax Refunds Issued,Classification,2,2022,3,2022,2,06,03
2022-06-03,IRS - Economic Impact Payments (Checks),null,0,0,2079,VI,Income Tax Refunds Issued,Classification,3,2022,3,2022,2,06,03
2022-06-03,IRS - Economic Impact Payments (EFT),null,0,0,1819,VI,Income Tax Refunds Issued,Classification,4,2022,3,2022,2,06,03
2022-06-03,IRS Tax Refunds Business,Checks,13,74,74243,VI,Income Tax Refunds Issued,Classification,5,2022,3,2022,2,06,03
2022-06-03,IRS Tax Refunds Business,EFT,190,206,20264,VI,Income Tax Refunds Issued,Classification,6,2022,3,2022,2,06,03
2022-06-03,IRS Tax Refunds Individual,Checks,31,90,44009,VI,Income Tax Refunds Issued,Classification,7,2022,3,2022,2,06,03
2022-06-03,IRS Tax Refunds Individual,EFT,96,1783,292126,VI,Income Tax Refunds Issued,Classification,8,2022,3,2022,2,06,03
2022-06-02,IRS - Advanced Child Tax Credit (Checks),null,0,0,6265,VI,Income Tax Refunds Issued,Classification,1,2022,3,2022,2,06,02
2022-06-02,IRS - Advanced Child Tax Credit (EFT),null,0,0,40931,VI,Income Tax Refunds Issued,Classification,2,2022,3,2022,2,06,02
2022-06-02,IRS - Economic Impact Payments (Checks),null,0,0,2079,VI,Income Tax Refunds Issued,Classification,3,2022,3,2022,2,06,02
2022-06-02,IRS - Economic Impact Payments (EFT),null,0,0,1819,VI,Income Tax Refunds Issued,Classification,4,2022,3,2022,2,06,02
2022-06-02,IRS Tax Refunds Business,Checks,27,61,74230,VI,Income Tax Refunds Issued,Classification,5,2022,3,2022,2,06,02
2022-06-02,IRS Tax Refunds Business,EFT,0,17,20075,VI,Income Tax Refunds Issued,Classification,6,2022,3,2022,2,06,02
2022-06-02,IRS Tax Refunds Individual,Checks,26,59,43978,VI,Income Tax Refunds Issued,Classification,7,2022,3,2022,2,06,02
2022-06-02,IRS Tax Refunds Individual,EFT,1590,1686,292030,VI,Income Tax Refunds Issued,Classification,8,2022,3,2022,2,06,02
2022-06-01,IRS - Advanced Child Tax Credit (Checks),null,0,0,6265,VI,Income Tax Refunds Issued,Classification,1,2022,3,2022,2,06,01
2022-06-01,IRS - Advanced Child Tax Credit (EFT),null,0,0,40931,VI,Income Tax Refunds Issued,Classification,2,2022,3,2022,2,06,01
2022-06-01,IRS - Economic Impact Payments (Checks),null,0,0,2079,VI,Income Tax Refunds Issued,Classification,3,2022,3,2022,2,06,01
2022-06-01,IRS - Economic Impact Payments (EFT),null,0,0,1819,VI,Income Tax Refunds Issued,Classification,4,2022,3,2022,2,06,01
2022-06-01,IRS Tax Refunds Business,Checks,34,34,74203,VI,Income Tax Refunds Issued,Classification,5,2022,3,2022,2,06,01
2022-06-01,IRS Tax Refunds Business,EFT,17,17,20075,VI,Income Tax Refunds Issued,Classification,6,2022,3,2022,2,06,01
2022-06-01,IRS Tax Refunds Individual,Checks,33,33,43952,VI,Income Tax Refunds Issued,Classification,7,2022,3,2022,2,06,01
2022-06-01,IRS Tax Refunds Individual,EFT,96,96,290439,VI,Income Tax Refunds Issued,Classification,8,2022,3,2022,2,06,01
2022-05-31,IRS - Advanced Child Tax Credit (Checks),null,0,0,6265,VI,Income Tax Refunds Issued,Classification,1,2022,3,2022,2,05,31
2022-05-31,IRS - Advanced Child Tax Credit (EFT),null,0,0,40931,VI,Income Tax Refunds Issued,Classification,2,2022,3,2022,2,05,31
2022-05-31,IRS - Economic Impact Payments (Checks),null,0,0,2079,VI,Income Tax Refunds Issued,Classification,3,2022,3,2022,2,05,31
2022-05-31,IRS - Economic Impact Payments (EFT),null,0,-19,1819,VI,Income Tax Refunds Issued,Classification,4,2022,3,2022,2,05,31
2022-05-31,IRS Tax Refunds Business,Checks,2316,14468,74169,VI,Income Tax Refunds Issued,Classification,5,2022,3,2022,2,05,31
2022-05-31,IRS Tax Refunds Business,EFT,206,1951,20058,VI,Income Tax Refunds Issued,Classification,6,2022,3,2022,2,05,31
2022-05-31,IRS Tax Refunds Individual,Checks,37,6394,43919,VI,Income Tax Refunds Issued,Classification,7,2022,3,2022,2,05,31
2022-05-31,IRS Tax Refunds Individual,EFT,111,21362,290343,VI,Income Tax Refunds Issued,Classification,8,2022,3,2022,2,05,31
2022-05-27,IRS - Advanced Child Tax Credit (Checks),null,0,0,6265,VI,Income Tax Refunds Issued,Classification,1,2022,3,2022,2,05,27
2022-05-27,IRS - Advanced Child Tax Credit (EFT),null,0,0,40931,VI,Income Tax Refunds Issued,Classification,2,2022,3,2022,2,05,27
2022-05-27,IRS - Economic Impact Payments (Checks),null,0,0,2079,VI,Income Tax Refunds Issued,Classification,3,2022,3,2022,2,05,27
2022-05-27,IRS - Economic Impact Payments (EFT),null,0,-19,1819,VI,Income Tax Refunds Issued,Classification,4,2022,3,2022,2,05,27
2022-05-27,IRS Tax Refunds Business,Checks,49,12153,71854,VI,Income Tax Refunds Issued,Classification,5,2022,3,2022,2,05,27
2022-05-27,IRS Tax Refunds Business,EFT,5,1745,19852,VI,Income Tax Refunds Issued,Classification,6,2022,3,2022,2,05,27
2022-05-27,IRS Tax Refunds Individual,Checks,913,6356,43881,VI,Income Tax Refunds Issued,Classification,7,2022,3,2022,2,05,27
2022-05-27,IRS Tax Refunds Individual,EFT,85,21251,290232,VI,Income Tax Refunds Issued,Classification,8,2022,3,2022,2,05,27
2022-05-26,IRS - Advanced Child Tax Credit (Checks),null,0,0,6265,VI,Income Tax Refunds Issued,Classification,1,2022,3,2022,2,05,26
2022-05-26,IRS - Advanced Child Tax Credit (EFT),null,0,0,40931,VI,Income Tax Refunds Issued,Classification,2,2022,3,2022,2,05,26
2022-05-26,IRS - Economic Impact Payments (Checks),null,0,0,2079,VI,Income Tax Refunds Issued,Classification,3,2022,3,2022,2,05,26
2022-05-26,IRS - Economic Impact Payments (EFT),null,-2,-19,1819,VI,Income Tax Refunds Issued,Classification,4,2022,3,2022,2,05,26
2022-05-26,IRS Tax Refunds Business,Checks,27,12104,71804,VI,Income Tax Refunds Issued,Classification,5,2022,3,2022,2,05,26
2022-05-26,IRS Tax Refunds Business,EFT,73,1740,19847,VI,Income Tax Refunds Issued,Classification,6,2022,3,2022,2,05,26
2022-05-26,IRS Tax Refunds Individual,Checks,41,5444,42969,VI,Income Tax Refunds Issued,Classification,7,2022,3,2022,2,05,26
2022-05-26,IRS Tax Refunds Individual,EFT,120,21167,290148,VI,Income Tax Refunds Issued,Classification,8,2022,3,2022,2,05,26
2022-05-25,IRS - Advanced Child Tax Credit (Checks),null,0,0,6265,VI,Income Tax Refunds Issued,Classification,1,2022,3,2022,2,05,25
2022-05-25,IRS - Advanced Child Tax Credit (EFT),null,0,0,40931,VI,Income Tax Refunds Issued,Classification,2,2022,3,2022,2,05,25
2022-05-25,IRS - Economic Impact Payments (Checks),null,0,0,2079,VI,Income Tax Refunds Issued,Classification,3,2022,3,2022,2,05,25
2022-05-25,IRS - Economic Impact Payments (EFT),null,0,-17,1820,VI,Income Tax Refunds Issued,Classification,4,2022,3,2022,2,05,25
2022-05-25,IRS Tax Refunds Business,Checks,64,12076,71777,VI,Income Tax Refunds Issued,Classification,5,2022,3,2022,2,05,25
2022-05-25,IRS Tax Refunds Business,EFT,103,1666,19773,VI,Income Tax Refunds Issued,Classification,6,2022,3,2022,2,05,25
2022-05-25,IRS Tax Refunds Individual,Checks,35,5402,42927,VI,Income Tax Refunds Issued,Classification,7,2022,3,2022,2,05,25
2022-05-25,IRS Tax Refunds Individual,EFT,1925,21047,290028,VI,Income Tax Refunds Issued,Classification,8,2022,3,2022,2,05,25
2022-05-24,IRS - Advanced Child Tax Credit (Checks),null,0,0,6265,VI,Income Tax Refunds Issued,Classification,1,2022,3,2022,2,05,24
2022-05-24,IRS - Advanced Child Tax Credit (EFT),null,0,0,40931,VI,Income Tax Refunds Issued,Classification,2,2022,3,2022,2,05,24
2022-05-24,IRS - Economic Impact Payments (Checks),null,0,0,2079,VI,Income Tax Refunds Issued,Classification,3,2022,3,2022,2,05,24
2022-05-24,IRS - Economic Impact Payments (EFT),null,0,-17,1820,VI,Income Tax Refunds Issued,Classification,4,2022,3,2022,2,05,24
2022-05-24,IRS Tax Refunds Business,Checks,2585,12012,71713,VI,Income Tax Refunds Issued,Classification,5,2022,3,2022,2,05,24
2022-05-24,IRS Tax Refunds Business,EFT,60,1563,19670,VI,Income Tax Refunds Issued,Classification,6,2022,3,2022,2,05,24
2022-05-24,IRS Tax Refunds Individual,Checks,34,5367,42892,VI,Income Tax Refunds Issued,Classification,7,2022,3,2022,2,05,24
2022-05-24,IRS Tax Refunds Individual,EFT,136,19122,288103,VI,Income Tax Refunds Issued,Classification,8,2022,3,2022,2,05,24
2022-05-23,IRS - Advanced Child Tax Credit (Checks),null,0,0,6265,VI,Income Tax Refunds Issued,Classification,1,2022,3,2022,2,05,23
2022-05-23,IRS - Advanced Child Tax Credit (EFT),null,0,0,40931,VI,Income Tax Refunds Issued,Classification,2,2022,3,2022,2,05,23
2022-05-23,IRS - Economic Impact Payments (Checks),null,0,0,2079,VI,Income Tax Refunds Issued,Classification,3,2022,3,2022,2,05,23
2022-05-23,IRS - Economic Impact Payments (EFT),null,0,-17,1820,VI,Income Tax Refunds Issued,Classification,4,2022,3,2022,2,05,23
2022-05-23,IRS Tax Refunds Business,Checks,547,9427,69128,VI,Income Tax Refunds Issued,Classification,5,2022,3,2022,2,05,23
2022-05-23,IRS Tax Refunds Business,EFT,26,1503,19610,VI,Income Tax Refunds Issued,Classification,6,2022,3,2022,2,05,23
2022-05-23,IRS Tax Refunds Individual,Checks,41,5333,42858,VI,Income Tax Refunds Issued,Classification,7,2022,3,2022,2,05,23
2022-05-23,IRS Tax Refunds Individual,EFT,165,18986,287967,VI,Income Tax Refunds Issued,Classification,8,2022,3,2022,2,05,23
2022-05-20,IRS - Advanced Child Tax Credit (Checks),null,0,0,6265,VI,Income Tax Refunds Issued,Classification,1,2022,3,2022,2,05,20
2022-05-20,IRS - Advanced Child Tax Credit (EFT),null,0,0,40931,VI,Income Tax Refunds Issued,Classification,2,2022,3,2022,2,05,20
2022-05-20,IRS - Economic Impact Payments (Checks),null,0,0,2079,VI,Income Tax Refunds Issued,Classification,3,2022,3,2022,2,05,20
2022-05-20,IRS - Economic Impact Payments (EFT),null,0,-17,1820,VI,Income Tax Refunds Issued,Classification,4,2022,3,2022,2,05,20
2022-05-20,IRS Tax Refunds Business,Checks,28,8881,68582,VI,Income Tax Refunds Issued,Classification,5,2022,3,2022,2,05,20
2022-05-20,IRS Tax Refunds Business,EFT,15,1476,19583,VI,Income Tax Refunds Issued,Classification,6,2022,3,2022,2,05,20
2022-05-20,IRS Tax Refunds Individual,Checks,1037,5291,42816,VI,Income Tax Refunds Issued,Classification,7,2022,3,2022,2,05,20
2022-05-20,IRS Tax Refunds Individual,EFT,131,18821,287802,VI,Income Tax Refunds Issued,Classification,8,2022,3,2022,2,05,20
2022-05-19,IRS - Advanced Child Tax Credit (Checks),null,0,0,6265,VI,Income Tax Refunds Issued,Classification,1,2022,3,2022,2,05,19
2022-05-19,IRS - Advanced Child Tax Credit (EFT),null,0,0,40931,VI,Income Tax Refunds Issued,Classification,2,2022,3,2022,2,05,19
2022-05-19,IRS - Economic Impact Payments (Checks),null,0,0,2079,VI,Income Tax Refunds Issued,Classification,3,2022,3,2022,2,05,19
2022-05-19,IRS - Economic Impact Payments (EFT),null,0,-17,1820,VI,Income Tax Refunds Issued,Classification,4,2022,3,2022,2,05,19
2022-05-19,IRS Tax Refunds Business,Checks,115,8853,68554,VI,Income Tax Refunds Issued,Classification,5,2022,3,2022,2,05,19
2022-05-19,IRS Tax Refunds Business,EFT,61,1461,19568,VI,Income Tax Refunds Issued,Classification,6,2022,3,2022,2,05,19
2022-05-19,IRS Tax Refunds Individual,Checks,105,4254,41779,VI,Income Tax Refunds Issued,Classification,7,2022,3,2022,2,05,19
2022-05-19,IRS Tax Refunds Individual,EFT,137,18690,287671,VI,Income Tax Refunds Issued,Classification,8,2022,3,2022,2,05,19
2022-05-18,IRS - Advanced Child Tax Credit (Checks),null,0,0,6265,VI,Income Tax Refunds Issued,Classification,1,2022,3,2022,2,05,18
2022-05-18,IRS - Advanced Child Tax Credit (EFT),null,0,0,40931,VI,Income Tax Refunds Issued,Classification,2,2022,3,2022,2,05,18
2022-05-18,IRS - Economic Impact Payments (Checks),null,0,0,2079,VI,Income Tax Refunds Issued,Classification,3,2022,3,2022,2,05,18
2022-05-18,IRS - Economic Impact Payments (EFT),null,0,-17,1820,VI,Income Tax Refunds Issued,Classification,4,2022,3,2022,2,05,18
2022-05-18,IRS Tax Refunds Business,Checks,21,8738,68438,VI,Income Tax Refunds Issued,Classification,5,2022,3,2022,2,05,18
2022-05-18,IRS Tax Refunds Business,EFT,6,1400,19507,VI,Income Tax Refunds Issued,Classification,6,2022,3,2022,2,05,18
2022-05-18,IRS Tax Refunds Individual,Checks,58,4149,41674,VI,Income Tax Refunds Issued,Classification,7,2022,3,2022,2,05,18
2022-05-18,IRS Tax Refunds Individual,EFT,2912,18553,287534,VI,Income Tax Refunds Issued,Classification,8,2022,3,2022,2,05,18
2022-05-17,IRS - Advanced Child Tax Credit (Checks),null,0,0,6265,VI,Income Tax Refunds Issued,Classification,1,2022,3,2022,2,05,17
2022-05-17,IRS - Advanced Child Tax Credit (EFT),null,0,0,40931,VI,Income Tax Refunds Issued,Classification,2,2022,3,2022,2,05,17
2022-05-17,IRS - Economic Impact Payments (Checks),null,0,0,2079,VI,Income Tax Refunds Issued,Classification,3,2022,3,2022,2,05,17
2022-05-17,IRS - Economic Impact Payments (EFT),null,0,-17,1820,VI,Income Tax Refunds Issued,Classification,4,2022,3,2022,2,05,17
2022-05-17,IRS Tax Refunds Business,Checks,2851,8717,68418,VI,Income Tax Refunds Issued,Classification,5,2022,3,2022,2,05,17
2022-05-17,IRS Tax Refunds Business,EFT,76,1394,19501,VI,Income Tax Refunds Issued,Classification,6,2022,3,2022,2,05,17
2022-05-17,IRS Tax Refunds Individual,Checks,43,4091,41616,VI,Income Tax Refunds Issued,Classification,7,2022,3,2022,2,05,17
2022-05-17,IRS Tax Refunds Individual,EFT,180,15641,284646,VI,Income Tax Refunds Issued,Classification,8,2022,3,2022,2,05,17
2022-05-16,IRS - Advanced Child Tax Credit (Checks),null,0,0,6265,VI,Income Tax Refunds Issued,Classification,1,2022,3,2022,2,05,16
2022-05-16,IRS - Advanced Child Tax Credit (EFT),null,0,0,40931,VI,Income Tax Refunds Issued,Classification,2,2022,3,2022,2,05,16
2022-05-16,IRS - Economic Impact Payments (Checks),null,0,0,2079,VI,Income Tax Refunds Issued,Classification,3,2022,3,2022,2,05,16
2022-05-16,IRS - Economic Impact Payments (EFT),null,0,-17,1820,VI,Income Tax Refunds Issued,Classification,4,2022,3,2022,2,05,16
2022-05-16,IRS Tax Refunds Business,Checks,91,5866,65567,VI,Income Tax Refunds Issued,Classification,5,2022,3,2022,2,05,16
2022-05-16,IRS Tax Refunds Business,EFT,166,1318,19425,VI,Income Tax Refunds Issued,Classification,6,2022,3,2022,2,05,16
2022-05-16,IRS Tax Refunds Individual,Checks,58,4048,41573,VI,Income Tax Refunds Issued,Classification,7,2022,3,2022,2,05,16
2022-05-16,IRS Tax Refunds Individual,EFT,259,15462,284467,VI,Income Tax Refunds Issued,Classification,8,2022,3,2022,2,05,16
2022-05-13,IRS - Advanced Child Tax Credit (Checks),null,0,0,6265,VI,Income Tax Refunds Issued,Classification,1,2022,3,2022,2,05,13
2022-05-13,IRS - Advanced Child Tax Credit (EFT),null,0,0,40931,VI,Income Tax Refunds Issued,Classification,2,2022,3,2022,2,05,13
2022-05-13,IRS - Economic Impact Payments (Checks),null,0,0,2079,VI,Income Tax Refunds Issued,Classification,3,2022,3,2022,2,05,13
2022-05-13,IRS - Economic Impact Payments (EFT),null,0,-17,1820,VI,Income Tax Refunds Issued,Classification,4,2022,3,2022,2,05,13
2022-05-13,IRS Tax Refunds Business,Checks,139,5775,65476,VI,Income Tax Refunds Issued,Classification,5,2022,3,2022,2,05,13
2022-05-13,IRS Tax Refunds Business,EFT,74,1151,19258,VI,Income Tax Refunds Issued,Classification,6,2022,3,2022,2,05,13
2022-05-13,IRS Tax Refunds Individual,Checks,1259,3989,41514,VI,Income Tax Refunds Issued,Classification,7,2022,3,2022,2,05,13
2022-05-13,IRS Tax Refunds Individual,EFT,167,15203,284208,VI,Income Tax Refunds Issued,Classification,8,2022,3,2022,2,05,13
2022-05-12,IRS - Advanced Child Tax Credit (Checks),null,0,0,6265,VI,Income Tax Refunds Issued,Classification,1,2022,3,2022,2,05,12
2022-05-12,IRS - Advanced Child Tax Credit (EFT),null,0,0,40931,VI,Income Tax Refunds Issued,Classification,2,2022,3,2022,2,05,12
2022-05-12,IRS - Economic Impact Payments (Checks),null,0,0,2079,VI,Income Tax Refunds Issued,Classification,3,2022,3,2022,2,05,12
2022-05-12,IRS - Economic Impact Payments (EFT),null,0,-17,1820,VI,Income Tax Refunds Issued,Classification,4,2022,3,2022,2,05,12
2022-05-12,IRS Tax Refunds Business,Checks,145,5636,65337,VI,Income Tax Refunds Issued,Classification,5,2022,3,2022,2,05,12
2022-05-12,IRS Tax Refunds Business,EFT,188,1077,19184,VI,Income Tax Refunds Issued,Classification,6,2022,3,2022,2,05,12
2022-05-12,IRS Tax Refunds Individual,Checks,56,2730,40255,VI,Income Tax Refunds Issued,Classification,7,2022,3,2022,2,05,12
2022-05-12,IRS Tax Refunds Individual,EFT,186,15036,284041,VI,Income Tax Refunds Issued,Classification,8,2022,3,2022,2,05,12
2022-05-11,IRS - Advanced Child Tax Credit (Checks),null,0,0,6265,VI,Income Tax Refunds Issued,Classification,1,2022,3,2022,2,05,11
2022-05-11,IRS - Advanced Child Tax Credit (EFT),null,0,0,40931,VI,Income Tax Refunds Issued,Classification,2,2022,3,2022,2,05,11
2022-05-11,IRS - Economic Impact Payments (Checks),null,0,0,2079,VI,Income Tax Refunds Issued,Classification,3,2022,3,2022,2,05,11
2022-05-11,IRS - Economic Impact Payments (EFT),null,0,-17,1820,VI,Income Tax Refunds Issued,Classification,4,2022,3,2022,2,05,11
2022-05-11,IRS Tax Refunds Business,Checks,32,5491,65192,VI,Income Tax Refunds Issued,Classification,5,2022,3,2022,2,05,11
2022-05-11,IRS Tax Refunds Business,EFT,30,889,18996,VI,Income Tax Refunds Issued,Classification,6,2022,3,2022,2,05,11
2022-05-11,IRS Tax Refunds Individual,Checks,72,2674,40199,VI,Income Tax Refunds Issued,Classification,7,2022,3,2022,2,05,11
2022-05-11,IRS Tax Refunds Individual,EFT,4490,14850,283855,VI,Income Tax Refunds Issued,Classification,8,2022,3,2022,2,05,11
2022-05-10,IRS - Advanced Child Tax Credit (Checks),null,0,0,6265,VI,Income Tax Refunds Issued,Classification,1,2022,3,2022,2,05,10
2022-05-10,IRS - Advanced Child Tax Credit (EFT),null,0,0,40931,VI,Income Tax Refunds Issued,Classification,2,2022,3,2022,2,05,10
2022-05-10,IRS - Economic Impact Payments (Checks),null,0,0,2079,VI,Income Tax Refunds Issued,Classification,3,2022,3,2022,2,05,10
2022-05-10,IRS - Economic Impact Payments (EFT),null,0,-17,1820,VI,Income Tax Refunds Issued,Classification,4,2022,3,2022,2,05,10
2022-05-10,IRS Tax Refunds Business,Checks,3335,5460,65160,VI,Income Tax Refunds Issued,Classification,5,2022,3,2022,2,05,10
2022-05-10,IRS Tax Refunds Business,EFT,102,859,18966,VI,Income Tax Refunds Issued,Classification,6,2022,3,2022,2,05,10
2022-05-10,IRS Tax Refunds Individual,Checks,55,2602,40127,VI,Income Tax Refunds Issued,Classification,7,2022,3,2022,2,05,10
2022-05-10,IRS Tax Refunds Individual,EFT,232,10360,279365,VI,Income Tax Refunds Issued,Classification,8,2022,3,2022,2,05,10
2022-05-09,IRS - Advanced Child Tax Credit (Checks),null,0,0,6265,VI,Income Tax Refunds Issued,Classification,1,2022,3,2022,2,05,09
2022-05-09,IRS - Advanced Child Tax Credit (EFT),null,0,0,40931,VI,Income Tax Refunds Issued,Classification,2,2022,3,2022,2,05,09
2022-05-09,IRS - Economic Impact Payments (Checks),null,0,0,2079,VI,Income Tax Refunds Issued,Classification,3,2022,3,2022,2,05,09
2022-05-09,IRS - Economic Impact Payments (EFT),null,0,-17,1820,VI,Income Tax Refunds Issued,Classification,4,2022,3,2022,2,05,09
2022-05-09,IRS Tax Refunds Business,Checks,44,2125,61825,VI,Income Tax Refunds Issued,Classification,5,2022,3,2022,2,05,09
2022-05-09,IRS Tax Refunds Business,EFT,53,757,18864,VI,Income Tax Refunds Issued,Classification,6,2022,3,2022,2,05,09
2022-05-09,IRS Tax Refunds Individual,Checks,66,2547,40072,VI,Income Tax Refunds Issued,Classification,7,2022,3,2022,2,05,09
2022-05-09,IRS Tax Refunds Individual,EFT,327,10128,279133,VI,Income Tax Refunds Issued,Classification,8,2022,3,2022,2,05,09
2022-05-06,IRS - Advanced Child Tax Credit (Checks),null,0,0,6265,VI,Income Tax Refunds Issued,Classification,1,2022,3,2022,2,05,06
2022-05-06,IRS - Advanced Child Tax Credit (EFT),null,0,0,40931,VI,Income Tax Refunds Issued,Classification,2,2022,3,2022,2,05,06
2022-05-06,IRS - Economic Impact Payments (Checks),null,0,0,2079,VI,Income Tax Refunds Issued,Classification,3,2022,3,2022,2,05,06
2022-05-06,IRS - Economic Impact Payments (EFT),null,0,-17,1820,VI,Income Tax Refunds Issued,Classification,4,2022,3,2022,2,05,06
2022-05-06,IRS Tax Refunds Business,Checks,34,2080,61781,VI,Income Tax Refunds Issued,Classification,5,2022,3,2022,2,05,06
2022-05-06,IRS Tax Refunds Business,EFT,309,704,18811,VI,Income Tax Refunds Issued,Classification,6,2022,3,2022,2,05,06
2022-05-06,IRS Tax Refunds Individual,Checks,1934,2481,40006,VI,Income Tax Refunds Issued,Classification,7,2022,3,2022,2,05,06
2022-05-06,IRS Tax Refunds Individual,EFT,181,9801,278806,VI,Income Tax Refunds Issued,Classification,8,2022,3,2022,2,05,06
2022-05-05,IRS - Advanced Child Tax Credit (Checks),null,0,0,6265,VI,Income Tax Refunds Issued,Classification,1,2022,3,2022,2,05,05
2022-05-05,IRS - Advanced Child Tax Credit (EFT),null,0,0,40931,VI,Income Tax Refunds Issued,Classification,2,2022,3,2022,2,05,05
2022-05-05,IRS - Economic Impact Payments (Checks),null,0,0,2079,VI,Income Tax Refunds Issued,Classification,3,2022,3,2022,2,05,05
2022-05-05,IRS - Economic Impact Payments (EFT),null,0,-17,1820,VI,Income Tax Refunds Issued,Classification,4,2022,3,2022,2,05,05
2022-05-05,IRS Tax Refunds Business,Checks,66,2046,61747,VI,Income Tax Refunds Issued,Classification,5,2022,3,2022,2,05,05
2022-05-05,IRS Tax Refunds Business,EFT,213,395,18502,VI,Income Tax Refunds Issued,Classification,6,2022,3,2022,2,05,05
2022-05-05,IRS Tax Refunds Individual,Checks,124,546,38071,VI,Income Tax Refunds Issued,Classification,7,2022,3,2022,2,05,05
2022-05-05,IRS Tax Refunds Individual,EFT,202,9620,278625,VI,Income Tax Refunds Issued,Classification,8,2022,3,2022,2,05,05
2022-05-04,IRS - Advanced Child Tax Credit (Checks),null,0,0,6265,VI,Income Tax Refunds Issued,Classification,1,2022,3,2022,2,05,04
2022-05-04,IRS - Advanced Child Tax Credit (EFT),null,0,0,40931,VI,Income Tax Refunds Issued,Classification,2,2022,3,2022,2,05,04
2022-05-04,IRS - Economic Impact Payments (Checks),null,0,0,2079,VI,Income Tax Refunds Issued,Classification,3,2022,3,2022,2,05,04
2022-05-04,IRS - Economic Impact Payments (EFT),null,0,-17,1820,VI,Income Tax Refunds Issued,Classification,4,2022,3,2022,2,05,04
2022-05-04,IRS Tax Refunds Business,Checks,9,1980,61681,VI,Income Tax Refunds Issued,Classification,5,2022,3,2022,2,05,04
2022-05-04,IRS Tax Refunds Business,EFT,79,182,18289,VI,Income Tax Refunds Issued,Classification,6,2022,3,2022,2,05,04
2022-05-04,IRS Tax Refunds Individual,Checks,145,422,37947,VI,Income Tax Refunds Issued,Classification,7,2022,3,2022,2,05,04
2022-05-04,IRS Tax Refunds Individual,EFT,7909,9419,278424,VI,Income Tax Refunds Issued,Classification,8,2022,3,2022,2,05,04
2022-05-03,IRS - Advanced Child Tax Credit (Checks),null,0,0,6265,VI,Income Tax Refunds Issued,Classification,1,2022,3,2022,2,05,03
2022-05-03,IRS - Advanced Child Tax Credit (EFT),null,0,0,40931,VI,Income Tax Refunds Issued,Classification,2,2022,3,2022,2,05,03
2022-05-03,IRS - Economic Impact Payments (Checks),null,0,0,2079,VI,Income Tax Refunds Issued,Classification,3,2022,3,2022,2,05,03
2022-05-03,IRS - Economic Impact Payments (EFT),null,-17,-17,1820,VI,Income Tax Refunds Issued,Classification,4,2022,3,2022,2,05,03
2022-05-03,IRS Tax Refunds Business,Checks,1936,1971,61672,VI,Income Tax Refunds Issued,Classification,5,2022,3,2022,2,05,03
2022-05-03,IRS Tax Refunds Business,EFT,48,103,18210,VI,Income Tax Refunds Issued,Classification,6,2022,3,2022,2,05,03
2022-05-03,IRS Tax Refunds Individual,Checks,166,277,37802,VI,Income Tax Refunds Issued,Classification,7,2022,3,2022,2,05,03
2022-05-03,IRS Tax Refunds Individual,EFT,628,1510,270515,VI,Income Tax Refunds Issued,Classification,8,2022,3,2022,2,05,03
2022-05-02,IRS - Advanced Child Tax Credit (Checks),null,0,0,6265,VI,Income Tax Refunds Issued,Classification,1,2022,3,2022,2,05,02
2022-05-02,IRS - Advanced Child Tax Credit (EFT),null,0,0,40931,VI,Income Tax Refunds Issued,Classification,2,2022,3,2022,2,05,02
2022-05-02,IRS - Economic Impact Payments (Checks),null,0,0,2079,VI,Income Tax Refunds Issued,Classification,3,2022,3,2022,2,05,02
2022-05-02,IRS - Economic Impact Payments (EFT),null,0,0,1837,VI,Income Tax Refunds Issued,Classification,4,2022,3,2022,2,05,02
2022-05-02,IRS Tax Refunds Business,Checks,34,34,59735,VI,Income Tax Refunds Issued,Classification,5,2022,3,2022,2,05,02
2022-05-02,IRS Tax Refunds Business,EFT,55,55,18162,VI,Income Tax Refunds Issued,Classification,6,2022,3,2022,2,05,02
2022-05-02,IRS Tax Refunds Individual,Checks,112,112,37637,VI,Income Tax Refunds Issued,Classification,7,2022,3,2022,2,05,02
2022-05-02,IRS Tax Refunds Individual,EFT,881,881,269886,VI,Income Tax Refunds Issued,Classification,8,2022,3,2022,2,05,02
2022-04-29,IRS - Advanced Child Tax Credit (Checks),null,0,0,6265,VI,Income Tax Refunds Issued,Classification,1,2022,3,2022,2,04,29
2022-04-29,IRS - Advanced Child Tax Credit (EFT),null,0,0,40931,VI,Income Tax Refunds Issued,Classification,2,2022,3,2022,2,04,29
2022-04-29,IRS - Economic Impact Payments (Checks),null,0,0,2079,VI,Income Tax Refunds Issued,Classification,3,2022,3,2022,2,04,29
2022-04-29,IRS - Economic Impact Payments (EFT),null,0,0,1837,VI,Income Tax Refunds Issued,Classification,4,2022,3,2022,2,04,29
2022-04-29,IRS Tax Refunds Business,Checks,46,12826,59701,VI,Income Tax Refunds Issued,Classification,5,2022,3,2022,2,04,29
2022-04-29,IRS Tax Refunds Business,EFT,183,2980,18107,VI,Income Tax Refunds Issued,Classification,6,2022,3,2022,2,04,29
2022-04-29,IRS Tax Refunds Individual,Checks,2076,13247,37525,VI,Income Tax Refunds Issued,Classification,7,2022,3,2022,2,04,29
2022-04-29,IRS Tax Refunds Individual,EFT,772,72045,269005,VI,Income Tax Refunds Issued,Classification,8,2022,3,2022,2,04,29
2022-04-28,IRS - Advanced Child Tax Credit (Checks),null,0,0,6265,VI,Income Tax Refunds Issued,Classification,1,2022,3,2022,2,04,28
2022-04-28,IRS - Advanced Child Tax Credit (EFT),null,0,0,40931,VI,Income Tax Refunds Issued,Classification,2,2022,3,2022,2,04,28
2022-04-28,IRS - Economic Impact Payments (Checks),null,0,0,2079,VI,Income Tax Refunds Issued,Classification,3,2022,3,2022,2,04,28
2022-04-28,IRS - Economic Impact Payments (EFT),null,0,0,1837,VI,Income Tax Refunds Issued,Classification,4,2022,3,2022,2,04,28
2022-04-28,IRS Tax Refunds Business,Checks,64,12781,59655,VI,Income Tax Refunds Issued,Classification,5,2022,3,2022,2,04,28
2022-04-28,IRS Tax Refunds Business,EFT,2,2797,17924,VI,Income Tax Refunds Issued,Classification,6,2022,3,2022,2,04,28
2022-04-28,IRS Tax Refunds Individual,Checks,247,11171,35449,VI,Income Tax Refunds Issued,Classification,7,2022,3,2022,2,04,28
2022-04-28,IRS Tax Refunds Individual,EFT,523,71273,268233,VI,Income Tax Refunds Issued,Classification,8,2022,3,2022,2,04,28
2022-04-27,IRS - Advanced Child Tax Credit (Checks),null,0,0,6265,VI,Income Tax Refunds Issued,Classification,1,2022,3,2022,2,04,27
2022-04-27,IRS - Advanced Child Tax Credit (EFT),null,0,0,40931,VI,Income Tax Refunds Issued,Classification,2,2022,3,2022,2,04,27
2022-04-27,IRS - Economic Impact Payments (Checks),null,0,0,2079,VI,Income Tax Refunds Issued,Classification,3,2022,3,2022,2,04,27
2022-04-27,IRS - Economic Impact Payments (EFT),null,0,0,1837,VI,Income Tax Refunds Issued,Classification,4,2022,3,2022,2,04,27
2022-04-27,IRS Tax Refunds Business,Checks,37,12717,59591,VI,Income Tax Refunds Issued,Classification,5,2022,3,2022,2,04,27
2022-04-27,IRS Tax Refunds Business,EFT,47,2795,17922,VI,Income Tax Refunds Issued,Classification,6,2022,3,2022,2,04,27
2022-04-27,IRS Tax Refunds Individual,Checks,343,10924,35202,VI,Income Tax Refunds Issued,Classification,7,2022,3,2022,2,04,27
2022-04-27,IRS Tax Refunds Individual,EFT,13674,70750,267710,VI,Income Tax Refunds Issued,Classification,8,2022,3,2022,2,04,27
2022-04-26,IRS - Advanced Child Tax Credit (Checks),null,0,0,6265,VI,Income Tax Refunds Issued,Classification,1,2022,3,2022,2,04,26
2022-04-26,IRS - Advanced Child Tax Credit (EFT),null,0,0,40931,VI,Income Tax Refunds Issued,Classification,2,2022,3,2022,2,04,26
2022-04-26,IRS - Economic Impact Payments (Checks),null,0,0,2079,VI,Income Tax Refunds Issued,Classification,3,2022,3,2022,2,04,26
2022-04-26,IRS - Economic Impact Payments (EFT),null,0,0,1837,VI,Income Tax Refunds Issued,Classification,4,2022,3,2022,2,04,26
2022-04-26,IRS Tax Refunds Business,Checks,2821,12679,59554,VI,Income Tax Refunds Issued,Classification,5,2022,3,2022,2,04,26
2022-04-26,IRS Tax Refunds Business,EFT,125,2748,17875,VI,Income Tax Refunds Issued,Classification,6,2022,3,2022,2,04,26
2022-04-26,IRS Tax Refunds Individual,Checks,347,10581,34860,VI,Income Tax Refunds Issued,Classification,7,2022,3,2022,2,04,26
2022-04-26,IRS Tax Refunds Individual,EFT,1733,57076,254036,VI,Income Tax Refunds Issued,Classification,8,2022,3,2022,2,04,26
2022-04-25,IRS - Advanced Child Tax Credit (Checks),null,0,0,6265,VI,Income Tax Refunds Issued,Classification,1,2022,3,2022,2,04,25
2022-04-25,IRS - Advanced Child Tax Credit (EFT),null,0,0,40931,VI,Income Tax Refunds Issued,Classification,2,2022,3,2022,2,04,25
2022-04-25,IRS - Economic Impact Payments (Checks),null,0,0,2079,VI,Income Tax Refunds Issued,Classification,3,2022,3,2022,2,04,25
2022-04-25,IRS - Economic Impact Payments (EFT),null,0,0,1837,VI,Income Tax Refunds Issued,Classification,4,2022,3,2022,2,04,25
2022-04-25,IRS Tax Refunds Business,Checks,123,9858,56733,VI,Income Tax Refunds Issued,Classification,5,2022,3,2022,2,04,25
2022-04-25,IRS Tax Refunds Business,EFT,206,2623,17751,VI,Income Tax Refunds Issued,Classification,6,2022,3,2022,2,04,25
2022-04-25,IRS Tax Refunds Individual,Checks,202,10234,34512,VI,Income Tax Refunds Issued,Classification,7,2022,3,2022,2,04,25
2022-04-25,IRS Tax Refunds Individual,EFT,3173,55344,252303,VI,Income Tax Refunds Issued,Classification,8,2022,3,2022,2,04,25
2022-04-22,IRS - Advanced Child Tax Credit (Checks),null,0,0,6265,VI,Income Tax Refunds Issued,Classification,1,2022,3,2022,2,04,22
2022-04-22,IRS - Advanced Child Tax Credit (EFT),null,0,0,40931,VI,Income Tax Refunds Issued,Classification,2,2022,3,2022,2,04,22
2022-04-22,IRS - Economic Impact Payments (Checks),null,0,0,2079,VI,Income Tax Refunds Issued,Classification,3,2022,3,2022,2,04,22
2022-04-22,IRS - Economic Impact Payments (EFT),null,0,0,1837,VI,Income Tax Refunds Issued,Classification,4,2022,3,2022,2,04,22
2022-04-22,IRS Tax Refunds Business,Checks,52,9735,56609,VI,Income Tax Refunds Issued,Classification,5,2022,3,2022,2,04,22
2022-04-22,IRS Tax Refunds Business,EFT,31,2417,17545,VI,Income Tax Refunds Issued,Classification,6,2022,3,2022,2,04,22
2022-04-22,IRS Tax Refunds Individual,Checks,1623,10032,34310,VI,Income Tax Refunds Issued,Classification,7,2022,3,2022,2,04,22
2022-04-22,IRS Tax Refunds Individual,EFT,2673,52171,249130,VI,Income Tax Refunds Issued,Classification,8,2022,3,2022,2,04,22
2022-04-21,IRS - Advanced Child Tax Credit (Checks),null,0,0,6265,VI,Income Tax Refunds Issued,Classification,1,2022,3,2022,2,04,21
2022-04-21,IRS - Advanced Child Tax Credit (EFT),null,0,0,40931,VI,Income Tax Refunds Issued,Classification,2,2022,3,2022,2,04,21
2022-04-21,IRS - Economic Impact Payments (Checks),null,0,0,2079,VI,Income Tax Refunds Issued,Classification,3,2022,3,2022,2,04,21
2022-04-21,IRS - Economic Impact Payments (EFT),null,0,0,1837,VI,Income Tax Refunds Issued,Classification,4,2022,3,2022,2,04,21
2022-04-21,IRS Tax Refunds Business,Checks,64,9683,56558,VI,Income Tax Refunds Issued,Classification,5,2022,3,2022,2,04,21
2022-04-21,IRS Tax Refunds Business,EFT,163,2386,17513,VI,Income Tax Refunds Issued,Classification,6,2022,3,2022,2,04,21
2022-04-21,IRS Tax Refunds Individual,Checks,179,8409,32687,VI,Income Tax Refunds Issued,Classification,7,2022,3,2022,2,04,21
2022-04-21,IRS Tax Refunds Individual,EFT,1436,49498,246457,VI,Income Tax Refunds Issued,Classification,8,2022,3,2022,2,04,21
2022-04-20,IRS - Advanced Child Tax Credit (Checks),null,0,0,6265,VI,Income Tax Refunds Issued,Classification,1,2022,3,2022,2,04,20
2022-04-20,IRS - Advanced Child Tax Credit (EFT),null,0,0,40931,VI,Income Tax Refunds Issued,Classification,2,2022,3,2022,2,04,20
2022-04-20,IRS - Economic Impact Payments (Checks),null,0,0,2079,VI,Income Tax Refunds Issued,Classification,3,2022,3,2022,2,04,20
2022-04-20,IRS - Economic Impact Payments (EFT),null,0,0,1837,VI,Income Tax Refunds Issued,Classification,4,2022,3,2022,2,04,20
2022-04-20,IRS Tax Refunds Business,Checks,7,9619,56494,VI,Income Tax Refunds Issued,Classification,5,2022,3,2022,2,04,20
2022-04-20,IRS Tax Refunds Business,EFT,-2,2223,17351,VI,Income Tax Refunds Issued,Classification,6,2022,3,2022,2,04,20
2022-04-20,IRS Tax Refunds Individual,Checks,500,8230,32508,VI,Income Tax Refunds Issued,Classification,7,2022,3,2022,2,04,20
2022-04-20,IRS Tax Refunds Individual,EFT,10861,48061,245021,VI,Income Tax Refunds Issued,Classification,8,2022,3,2022,2,04,20
2022-04-19,IRS - Advanced Child Tax Credit (Checks),null,0,0,6265,VI,Income Tax Refunds Issued,Classification,1,2022,3,2022,2,04,19
2022-04-19,IRS - Advanced Child Tax Credit (EFT),null,0,0,40931,VI,Income Tax Refunds Issued,Classification,2,2022,3,2022,2,04,19
2022-04-19,IRS - Economic Impact Payments (Checks),null,0,0,2079,VI,Income Tax Refunds Issued,Classification,3,2022,3,2022,2,04,19
2022-04-19,IRS - Economic Impact Payments (EFT),null,0,0,1837,VI,Income Tax Refunds Issued,Classification,4,2022,3,2022,2,04,19
2022-04-19,IRS Tax Refunds Business,Checks,2752,9612,56487,VI,Income Tax Refunds Issued,Classification,5,2022,3,2022,2,04,19
2022-04-19,IRS Tax Refunds Business,EFT,55,2226,17353,VI,Income Tax Refunds Issued,Classification,6,2022,3,2022,2,04,19
2022-04-19,IRS Tax Refunds Individual,Checks,8,7730,32008,VI,Income Tax Refunds Issued,Classification,7,2022,3,2022,2,04,19
2022-04-19,IRS Tax Refunds Individual,EFT,1431,37200,234160,VI,Income Tax Refunds Issued,Classification,8,2022,3,2022,2,04,19
2022-04-18,IRS - Advanced Child Tax Credit (Checks),null,0,0,6265,VI,Income Tax Refunds Issued,Classification,1,2022,3,2022,2,04,18
2022-04-18,IRS - Advanced Child Tax Credit (EFT),null,0,0,40931,VI,Income Tax Refunds Issued,Classification,2,2022,3,2022,2,04,18
2022-04-18,IRS - Economic Impact Payments (Checks),null,0,0,2079,VI,Income Tax Refunds Issued,Classification,3,2022,3,2022,2,04,18
2022-04-18,IRS - Economic Impact Payments (EFT),null,0,0,1837,VI,Income Tax Refunds Issued,Classification,4,2022,3,2022,2,04,18
2022-04-18,IRS Tax Refunds Business,Checks,362,6860,53735,VI,Income Tax Refunds Issued,Classification,5,2022,3,2022,2,04,18
2022-04-18,IRS Tax Refunds Business,EFT,31,2171,17298,VI,Income Tax Refunds Issued,Classification,6,2022,3,2022,2,04,18
2022-04-18,IRS Tax Refunds Individual,Checks,120,7721,32000,VI,Income Tax Refunds Issued,Classification,7,2022,3,2022,2,04,18
2022-04-18,IRS Tax Refunds Individual,EFT,4753,35770,232729,VI,Income Tax Refunds Issued,Classification,8,2022,3,2022,2,04,18
2022-04-15,IRS - Advanced Child Tax Credit (Checks),null,0,0,6265,VI,Income Tax Refunds Issued,Classification,1,2022,3,2022,2,04,15
2022-04-15,IRS - Advanced Child Tax Credit (EFT),null,0,0,40931,VI,Income Tax Refunds Issued,Classification,2,2022,3,2022,2,04,15
2022-04-15,IRS - Economic Impact Payments (Checks),null,0,0,2079,VI,Income Tax Refunds Issued,Classification,3,2022,3,2022,2,04,15
2022-04-15,IRS - Economic Impact Payments (EFT),null,0,0,1837,VI,Income Tax Refunds Issued,Classification,4,2022,3,2022,2,04,15
2022-04-15,IRS Tax Refunds Business,Checks,38,6498,53373,VI,Income Tax Refunds Issued,Classification,5,2022,3,2022,2,04,15
2022-04-15,IRS Tax Refunds Business,EFT,130,2140,17267,VI,Income Tax Refunds Issued,Classification,6,2022,3,2022,2,04,15
2022-04-15,IRS Tax Refunds Individual,Checks,1277,7601,31880,VI,Income Tax Refunds Issued,Classification,7,2022,3,2022,2,04,15
2022-04-15,IRS Tax Refunds Individual,EFT,-43,31016,227976,VI,Income Tax Refunds Issued,Classification,8,2022,3,2022,2,04,15
2022-04-14,IRS - Advanced Child Tax Credit (Checks),null,0,0,6265,VI,Income Tax Refunds Issued,Classification,1,2022,3,2022,2,04,14
2022-04-14,IRS - Advanced Child Tax Credit (EFT),null,0,0,40931,VI,Income Tax Refunds Issued,Classification,2,2022,3,2022,2,04,14
2022-04-14,IRS - Economic Impact Payments (Checks),null,0,0,2079,VI,Income Tax Refunds Issued,Classification,3,2022,3,2022,2,04,14
2022-04-14,IRS - Economic Impact Payments (EFT),null,0,0,1837,VI,Income Tax Refunds Issued,Classification,4,2022,3,2022,2,04,14
2022-04-14,IRS Tax Refunds Business,Checks,52,6459,53334,VI,Income Tax Refunds Issued,Classification,5,2022,3,2022,2,04,14
2022-04-14,IRS Tax Refunds Business,EFT,83,2009,17136,VI,Income Tax Refunds Issued,Classification,6,2022,3,2022,2,04,14
2022-04-14,IRS Tax Refunds Individual,Checks,182,6324,30602,VI,Income Tax Refunds Issued,Classification,7,2022,3,2022,2,04,14
2022-04-14,IRS Tax Refunds Individual,EFT,717,31059,228019,VI,Income Tax Refunds Issued,Classification,8,2022,3,2022,2,04,14
2022-04-13,IRS - Advanced Child Tax Credit (Checks),null,0,0,6265,VI,Income Tax Refunds Issued,Classification,1,2022,3,2022,2,04,13
2022-04-13,IRS - Advanced Child Tax Credit (EFT),null,0,0,40931,VI,Income Tax Refunds Issued,Classification,2,2022,3,2022,2,04,13
2022-04-13,IRS - Economic Impact Payments (Checks),null,0,0,2079,VI,Income Tax Refunds Issued,Classification,3,2022,3,2022,2,04,13
2022-04-13,IRS - Economic Impact Payments (EFT),null,0,0,1837,VI,Income Tax Refunds Issued,Classification,4,2022,3,2022,2,04,13
2022-04-13,IRS Tax Refunds Business,Checks,10,6407,53282,VI,Income Tax Refunds Issued,Classification,5,2022,3,2022,2,04,13
2022-04-13,IRS Tax Refunds Business,EFT,41,1927,17054,VI,Income Tax Refunds Issued,Classification,6,2022,3,2022,2,04,13
2022-04-13,IRS Tax Refunds Individual,Checks,154,6142,30420,VI,Income Tax Refunds Issued,Classification,7,2022,3,2022,2,04,13
2022-04-13,IRS Tax Refunds Individual,EFT,9640,30342,227302,VI,Income Tax Refunds Issued,Classification,8,2022,3,2022,2,04,13
2022-04-12,IRS - Advanced Child Tax Credit (Checks),null,0,0,6265,VI,Income Tax Refunds Issued,Classification,1,2022,3,2022,2,04,12
2022-04-12,IRS - Advanced Child Tax Credit (EFT),null,0,0,40931,VI,Income Tax Refunds Issued,Classification,2,2022,3,2022,2,04,12
2022-04-12,IRS - Economic Impact Payments (Checks),null,0,0,2079,VI,Income Tax Refunds Issued,Classification,3,2022,3,2022,2,04,12
2022-04-12,IRS - Economic Impact Payments (EFT),null,0,0,1837,VI,Income Tax Refunds Issued,Classification,4,2022,3,2022,2,04,12
2022-04-12,IRS Tax Refunds Business,Checks,2451,6397,53272,VI,Income Tax Refunds Issued,Classification,5,2022,3,2022,2,04,12
2022-04-12,IRS Tax Refunds Business,EFT,74,1886,17013,VI,Income Tax Refunds Issued,Classification,6,2022,3,2022,2,04,12
2022-04-12,IRS Tax Refunds Individual,Checks,321,5988,30266,VI,Income Tax Refunds Issued,Classification,7,2022,3,2022,2,04,12
2022-04-12,IRS Tax Refunds Individual,EFT,1311,20702,217662,VI,Income Tax Refunds Issued,Classification,8,2022,3,2022,2,04,12
2022-04-11,IRS - Advanced Child Tax Credit (Checks),null,0,0,6265,VI,Income Tax Refunds Issued,Classification,1,2022,3,2022,2,04,11
2022-04-11,IRS - Advanced Child Tax Credit (EFT),null,0,0,40931,VI,Income Tax Refunds Issued,Classification,2,2022,3,2022,2,04,11
2022-04-11,IRS - Economic Impact Payments (Checks),null,0,0,2079,VI,Income Tax Refunds Issued,Classification,3,2022,3,2022,2,04,11
2022-04-11,IRS - Economic Impact Payments (EFT),null,0,0,1837,VI,Income Tax Refunds Issued,Classification,4,2022,3,2022,2,04,11
2022-04-11,IRS Tax Refunds Business,Checks,46,3946,50821,VI,Income Tax Refunds Issued,Classification,5,2022,3,2022,2,04,11
2022-04-11,IRS Tax Refunds Business,EFT,9,1811,16939,VI,Income Tax Refunds Issued,Classification,6,2022,3,2022,2,04,11
2022-04-11,IRS Tax Refunds Individual,Checks,7,5667,29945,VI,Income Tax Refunds Issued,Classification,7,2022,3,2022,2,04,11
2022-04-11,IRS Tax Refunds Individual,EFT,1860,19392,216351,VI,Income Tax Refunds Issued,Classification,8,2022,3,2022,2,04,11
2022-04-08,IRS - Advanced Child Tax Credit (Checks),null,0,0,6265,VI,Income Tax Refunds Issued,Classification,1,2022,3,2022,2,04,08
2022-04-08,IRS - Advanced Child Tax Credit (EFT),null,0,0,40931,VI,Income Tax Refunds Issued,Classification,2,2022,3,2022,2,04,08
2022-04-08,IRS - Economic Impact Payments (Checks),null,0,0,2079,VI,Income Tax Refunds Issued,Classification,3,2022,3,2022,2,04,08
2022-04-08,IRS - Economic Impact Payments (EFT),null,0,0,1837,VI,Income Tax Refunds Issued,Classification,4,2022,3,2022,2,04,08
2022-04-08,IRS Tax Refunds Business,Checks,130,3900,50775,VI,Income Tax Refunds Issued,Classification,5,2022,3,2022,2,04,08
2022-04-08,IRS Tax Refunds Business,EFT,8,1803,16930,VI,Income Tax Refunds Issued,Classification,6,2022,3,2022,2,04,08
2022-04-08,IRS Tax Refunds Individual,Checks,1219,5660,29938,VI,Income Tax Refunds Issued,Classification,7,2022,3,2022,2,04,08
2022-04-08,IRS Tax Refunds Individual,EFT,2967,17532,214492,VI,Income Tax Refunds Issued,Classification,8,2022,3,2022,2,04,08
2022-04-07,IRS - Advanced Child Tax Credit (Checks),null,0,0,6265,VI,Income Tax Refunds Issued,Classification,1,2022,3,2022,2,04,07
2022-04-07,IRS - Advanced Child Tax Credit (EFT),null,0,0,40931,VI,Income Tax Refunds Issued,Classification,2,2022,3,2022,2,04,07
2022-04-07,IRS - Economic Impact Payments (Checks),null,0,0,2079,VI,Income Tax Refunds Issued,Classification,3,2022,3,2022,2,04,07
2022-04-07,IRS - Economic Impact Payments (EFT),null,0,0,1837,VI,Income Tax Refunds Issued,Classification,4,2022,3,2022,2,04,07
2022-04-07,IRS Tax Refunds Business,Checks,56,3770,50645,VI,Income Tax Refunds Issued,Classification,5,2022,3,2022,2,04,07
2022-04-07,IRS Tax Refunds Business,EFT,1347,1795,16922,VI,Income Tax Refunds Issued,Classification,6,2022,3,2022,2,04,07
2022-04-07,IRS Tax Refunds Individual,Checks,143,4441,28719,VI,Income Tax Refunds Issued,Classification,7,2022,3,2022,2,04,07
2022-04-07,IRS Tax Refunds Individual,EFT,-34,14565,211524,VI,Income Tax Refunds Issued,Classification,8,2022,3,2022,2,04,07
2022-04-06,IRS - Advanced Child Tax Credit (EFT),null,0,0,40931,VI,Income Tax Refunds Issued,Classification,2,2022,3,2022,2,04,06
2022-04-06,IRS - Advanced Child Tax Credit (Checks),null,0,0,6265,VI,Income Tax Refunds Issued,Classification,1,2022,3,2022,2,04,06
2022-04-06,IRS - Economic Impact Payments (Checks),null,0,0,2079,VI,Income Tax Refunds Issued,Classification,3,2022,3,2022,2,04,06
2022-04-06,IRS - Economic Impact Payments (EFT),null,0,0,1837,VI,Income Tax Refunds Issued,Classification,4,2022,3,2022,2,04,06
2022-04-06,IRS Tax Refunds Business,Checks,19,3714,50589,VI,Income Tax Refunds Issued,Classification,5,2022,3,2022,2,04,06
2022-04-06,IRS Tax Refunds Business,EFT,3,448,15575,VI,Income Tax Refunds Issued,Classification,6,2022,3,2022,2,04,06
2022-04-06,IRS Tax Refunds Individual,Checks,167,4298,28576,VI,Income Tax Refunds Issued,Classification,7,2022,3,2022,2,04,06
2022-04-06,IRS Tax Refunds Individual,EFT,9960,14599,211559,VI,Income Tax Refunds Issued,Classification,8,2022,3,2022,2,04,06
2022-04-05,IRS - Advanced Child Tax Credit (Checks),null,0,0,6265,VI,Income Tax Refunds Issued,Classification,1,2022,3,2022,2,04,05
2022-04-05,IRS - Advanced Child Tax Credit (EFT),null,0,0,40931,VI,Income Tax Refunds Issued,Classification,2,2022,3,2022,2,04,05
2022-04-05,IRS - Economic Impact Payments (Checks),null,0,0,2079,VI,Income Tax Refunds Issued,Classification,3,2022,3,2022,2,04,05
2022-04-05,IRS - Economic Impact Payments (EFT),null,0,0,1837,VI,Income Tax Refunds Issued,Classification,4,2022,3,2022,2,04,05
2022-04-05,IRS Tax Refunds Business,Checks,2494,3695,50570,VI,Income Tax Refunds Issued,Classification,5,2022,3,2022,2,04,05
2022-04-05,IRS Tax Refunds Business,EFT,217,445,15572,VI,Income Tax Refunds Issued,Classification,6,2022,3,2022,2,04,05
2022-04-05,IRS Tax Refunds Individual,Checks,139,4131,28410,VI,Income Tax Refunds Issued,Classification,7,2022,3,2022,2,04,05
2022-04-05,IRS Tax Refunds Individual,EFT,1146,4639,201599,VI,Income Tax Refunds Issued,Classification,8,2022,3,2022,2,04,05
2022-04-04,IRS - Advanced Child Tax Credit (Checks),null,0,0,6265,VI,Income Tax Refunds Issued,Classification,1,2022,3,2022,2,04,04
2022-04-04,IRS - Advanced Child Tax Credit (EFT),null,0,0,40931,VI,Income Tax Refunds Issued,Classification,2,2022,3,2022,2,04,04
2022-04-04,IRS - Economic Impact Payments (Checks),null,0,0,2079,VI,Income Tax Refunds Issued,Classification,3,2022,3,2022,2,04,04
2022-04-04,IRS - Economic Impact Payments (EFT),null,0,0,1837,VI,Income Tax Refunds Issued,Classification,4,2022,3,2022,2,04,04
2022-04-04,IRS Tax Refunds Business,Checks,1158,1201,48075,VI,Income Tax Refunds Issued,Classification,5,2022,3,2022,2,04,04
2022-04-04,IRS Tax Refunds Business,EFT,17,227,15355,VI,Income Tax Refunds Issued,Classification,6,2022,3,2022,2,04,04
2022-04-04,IRS Tax Refunds Individual,Checks,111,3992,28271,VI,Income Tax Refunds Issued,Classification,7,2022,3,2022,2,04,04
2022-04-04,IRS Tax Refunds Individual,EFT,2136,3493,200453,VI,Income Tax Refunds Issued,Classification,8,2022,3,2022,2,04,04
2022-04-01,IRS - Advanced Child Tax Credit (Checks),null,0,0,6265,VI,Income Tax Refunds Issued,Classification,1,2022,3,2022,2,04,01
2022-04-01,IRS - Advanced Child Tax Credit (EFT),null,0,0,40931,VI,Income Tax Refunds Issued,Classification,2,2022,3,2022,2,04,01
2022-04-01,IRS - Economic Impact Payments (Checks),null,0,0,2079,VI,Income Tax Refunds Issued,Classification,3,2022,3,2022,2,04,01
2022-04-01,IRS - Economic Impact Payments (EFT),null,0,0,1837,VI,Income Tax Refunds Issued,Classification,4,2022,3,2022,2,04,01
2022-04-01,IRS Tax Refunds Business,Checks,43,43,46917,VI,Income Tax Refunds Issued,Classification,5,2022,3,2022,2,04,01
2022-04-01,IRS Tax Refunds Business,EFT,211,211,15338,VI,Income Tax Refunds Issued,Classification,6,2022,3,2022,2,04,01
2022-04-01,IRS Tax Refunds Individual,Checks,3881,3881,28159,VI,Income Tax Refunds Issued,Classification,7,2022,3,2022,2,04,01
2022-04-01,IRS Tax Refunds Individual,EFT,1357,1357,198317,VI,Income Tax Refunds Issued,Classification,8,2022,3,2022,2,04,01
2022-03-31,IRS - Advanced Child Tax Credit (Checks),null,0,0,6265,VI,Income Tax Refunds Issued,Classification,1,2022,2,2022,1,03,31
2022-03-31,IRS - Advanced Child Tax Credit (EFT),null,0,0,40931,VI,Income Tax Refunds Issued,Classification,2,2022,2,2022,1,03,31
2022-03-31,IRS - Economic Impact Payments (Checks),null,0,0,2079,VI,Income Tax Refunds Issued,Classification,3,2022,2,2022,1,03,31
2022-03-31,IRS - Economic Impact Payments (EFT),null,0,0,1837,VI,Income Tax Refunds Issued,Classification,4,2022,2,2022,1,03,31
2022-03-31,IRS Tax Refunds Business,Checks,33,10358,46875,VI,Income Tax Refunds Issued,Classification,5,2022,2,2022,1,03,31
2022-03-31,IRS Tax Refunds Business,EFT,-182,3526,15127,VI,Income Tax Refunds Issued,Classification,6,2022,2,2022,1,03,31
2022-03-31,IRS Tax Refunds Individual,Checks,136,6504,24278,VI,Income Tax Refunds Issued,Classification,7,2022,2,2022,1,03,31
2022-03-31,IRS Tax Refunds Individual,EFT,1015,102185,196960,VI,Income Tax Refunds Issued,Classification,8,2022,2,2022,1,03,31
2022-03-30,IRS - Advanced Child Tax Credit (Checks),null,0,0,6265,VI,Income Tax Refunds Issued,Classification,1,2022,2,2022,1,03,30
2022-03-30,IRS - Advanced Child Tax Credit (EFT),null,0,0,40931,VI,Income Tax Refunds Issued,Classification,2,2022,2,2022,1,03,30
2022-03-30,IRS - Economic Impact Payments (Checks),null,0,0,2079,VI,Income Tax Refunds Issued,Classification,3,2022,2,2022,1,03,30
2022-03-30,IRS - Economic Impact Payments (EFT),null,0,0,1837,VI,Income Tax Refunds Issued,Classification,4,2022,2,2022,1,03,30
2022-03-30,IRS Tax Refunds Business,Checks,29,10325,46842,VI,Income Tax Refunds Issued,Classification,5,2022,2,2022,1,03,30
2022-03-30,IRS Tax Refunds Business,EFT,0,3708,15309,VI,Income Tax Refunds Issued,Classification,6,2022,2,2022,1,03,30
2022-03-30,IRS Tax Refunds Individual,Checks,127,6368,24143,VI,Income Tax Refunds Issued,Classification,7,2022,2,2022,1,03,30
2022-03-30,IRS Tax Refunds Individual,EFT,10833,101170,195944,VI,Income Tax Refunds Issued,Classification,8,2022,2,2022,1,03,30
2022-03-29,IRS - Advanced Child Tax Credit (Checks),null,0,0,6265,VI,Income Tax Refunds Issued,Classification,1,2022,2,2022,1,03,29
2022-03-29,IRS - Advanced Child Tax Credit (EFT),null,0,0,40931,VI,Income Tax Refunds Issued,Classification,2,2022,2,2022,1,03,29
2022-03-29,IRS - Economic Impact Payments (Checks),null,0,0,2079,VI,Income Tax Refunds Issued,Classification,3,2022,2,2022,1,03,29
2022-03-29,IRS - Economic Impact Payments (EFT),null,0,0,1837,VI,Income Tax Refunds Issued,Classification,4,2022,2,2022,1,03,29
2022-03-29,IRS Tax Refunds Business,Checks,2230,10297,46813,VI,Income Tax Refunds Issued,Classification,5,2022,2,2022,1,03,29
2022-03-29,IRS Tax Refunds Business,EFT,233,3708,15309,VI,Income Tax Refunds Issued,Classification,6,2022,2,2022,1,03,29
2022-03-29,IRS Tax Refunds Individual,Checks,162,6242,24016,VI,Income Tax Refunds Issued,Classification,7,2022,2,2022,1,03,29
2022-03-29,IRS Tax Refunds Individual,EFT,1406,90337,185111,VI,Income Tax Refunds Issued,Classification,8,2022,2,2022,1,03,29
2022-03-28,IRS - Advanced Child Tax Credit (Checks),null,0,0,6265,VI,Income Tax Refunds Issued,Classification,1,2022,2,2022,1,03,28
2022-03-28,IRS - Advanced Child Tax Credit (EFT),null,0,0,40931,VI,Income Tax Refunds Issued,Classification,2,2022,2,2022,1,03,28
2022-03-28,IRS - Economic Impact Payments (Checks),null,0,0,2079,VI,Income Tax Refunds Issued,Classification,3,2022,2,2022,1,03,28
2022-03-28,IRS - Economic Impact Payments (EFT),null,0,0,1837,VI,Income Tax Refunds Issued,Classification,4,2022,2,2022,1,03,28
2022-03-28,IRS Tax Refunds Business,Checks,13,8066,44583,VI,Income Tax Refunds Issued,Classification,5,2022,2,2022,1,03,28
2022-03-28,IRS Tax Refunds Business,EFT,85,3476,15077,VI,Income Tax Refunds Issued,Classification,6,2022,2,2022,1,03,28
2022-03-28,IRS Tax Refunds Individual,Checks,104,6080,23854,VI,Income Tax Refunds Issued,Classification,7,2022,2,2022,1,03,28
2022-03-28,IRS Tax Refunds Individual,EFT,1610,88930,183705,VI,Income Tax Refunds Issued,Classification,8,2022,2,2022,1,03,28
2022-03-25,IRS - Advanced Child Tax Credit (Checks),null,0,0,6265,VI,Income Tax Refunds Issued,Classification,1,2022,2,2022,1,03,25
2022-03-25,IRS - Advanced Child Tax Credit (EFT),null,0,0,40931,VI,Income Tax Refunds Issued,Classification,2,2022,2,2022,1,03,25
2022-03-25,IRS - Economic Impact Payments (Checks),null,0,0,2079,VI,Income Tax Refunds Issued,Classification,3,2022,2,2022,1,03,25
2022-03-25,IRS - Economic Impact Payments (EFT),null,0,0,1837,VI,Income Tax Refunds Issued,Classification,4,2022,2,2022,1,03,25
2022-03-25,IRS Tax Refunds Business,Checks,39,8053,44569,VI,Income Tax Refunds Issued,Classification,5,2022,2,2022,1,03,25
2022-03-25,IRS Tax Refunds Business,EFT,75,3391,14992,VI,Income Tax Refunds Issued,Classification,6,2022,2,2022,1,03,25
2022-03-25,IRS Tax Refunds Individual,Checks,1339,5976,23750,VI,Income Tax Refunds Issued,Classification,7,2022,2,2022,1,03,25
2022-03-25,IRS Tax Refunds Individual,EFT,1742,87320,182094,VI,Income Tax Refunds Issued,Classification,8,2022,2,2022,1,03,25
2022-03-24,IRS - Advanced Child Tax Credit (Checks),null,0,0,6265,VI,Income Tax Refunds Issued,Classification,1,2022,2,2022,1,03,24
2022-03-24,IRS - Advanced Child Tax Credit (EFT),null,0,0,40931,VI,Income Tax Refunds Issued,Classification,2,2022,2,2022,1,03,24
2022-03-24,IRS - Economic Impact Payments (Checks),null,0,0,2079,VI,Income Tax Refunds Issued,Classification,3,2022,2,2022,1,03,24
2022-03-24,IRS - Economic Impact Payments (EFT),null,0,0,1837,VI,Income Tax Refunds Issued,Classification,4,2022,2,2022,1,03,24
2022-03-24,IRS Tax Refunds Business,Checks,22,8014,44530,VI,Income Tax Refunds Issued,Classification,5,2022,2,2022,1,03,24
2022-03-24,IRS Tax Refunds Business,EFT,42,3316,14917,VI,Income Tax Refunds Issued,Classification,6,2022,2,2022,1,03,24
2022-03-24,IRS Tax Refunds Individual,Checks,111,4637,22411,VI,Income Tax Refunds Issued,Classification,7,2022,2,2022,1,03,24
2022-03-24,IRS Tax Refunds Individual,EFT,966,85578,180353,VI,Income Tax Refunds Issued,Classification,8,2022,2,2022,1,03,24
2022-03-23,IRS - Advanced Child Tax Credit (Checks),null,0,0,6265,VI,Income Tax Refunds Issued,Classification,1,2022,2,2022,1,03,23
2022-03-23,IRS - Advanced Child Tax Credit (EFT),null,0,0,40931,VI,Income Tax Refunds Issued,Classification,2,2022,2,2022,1,03,23
2022-03-23,IRS - Economic Impact Payments (Checks),null,0,0,2079,VI,Income Tax Refunds Issued,Classification,3,2022,2,2022,1,03,23
2022-03-23,IRS - Economic Impact Payments (EFT),null,0,0,1837,VI,Income Tax Refunds Issued,Classification,4,2022,2,2022,1,03,23
2022-03-23,IRS Tax Refunds Business,Checks,30,7991,44508,VI,Income Tax Refunds Issued,Classification,5,2022,2,2022,1,03,23
2022-03-23,IRS Tax Refunds Business,EFT,4,3274,14875,VI,Income Tax Refunds Issued,Classification,6,2022,2,2022,1,03,23
2022-03-23,IRS Tax Refunds Individual,Checks,109,4526,22301,VI,Income Tax Refunds Issued,Classification,7,2022,2,2022,1,03,23
2022-03-23,IRS Tax Refunds Individual,EFT,12100,84613,179387,VI,Income Tax Refunds Issued,Classification,8,2022,2,2022,1,03,23
2022-03-22,IRS - Advanced Child Tax Credit (Checks),null,0,0,6265,VI,Income Tax Refunds Issued,Classification,1,2022,2,2022,1,03,22
2022-03-22,IRS - Advanced Child Tax Credit (EFT),null,0,0,40931,VI,Income Tax Refunds Issued,Classification,2,2022,2,2022,1,03,22
2022-03-22,IRS - Economic Impact Payments (Checks),null,0,0,2079,VI,Income Tax Refunds Issued,Classification,3,2022,2,2022,1,03,22
2022-03-22,IRS - Economic Impact Payments (EFT),null,0,0,1837,VI,Income Tax Refunds Issued,Classification,4,2022,2,2022,1,03,22
2022-03-22,IRS Tax Refunds Business,Checks,1811,7961,44478,VI,Income Tax Refunds Issued,Classification,5,2022,2,2022,1,03,22
2022-03-22,IRS Tax Refunds Business,EFT,212,3270,14871,VI,Income Tax Refunds Issued,Classification,6,2022,2,2022,1,03,22
2022-03-22,IRS Tax Refunds Individual,Checks,154,4417,22191,VI,Income Tax Refunds Issued,Classification,7,2022,2,2022,1,03,22
2022-03-22,IRS Tax Refunds Individual,EFT,1155,72513,167287,VI,Income Tax Refunds Issued,Classification,8,2022,2,2022,1,03,22
2022-03-21,IRS - Advanced Child Tax Credit (Checks),null,0,0,6265,VI,Income Tax Refunds Issued,Classification,1,2022,2,2022,1,03,21
2022-03-21,IRS - Advanced Child Tax Credit (EFT),null,0,0,40931,VI,Income Tax Refunds Issued,Classification,2,2022,2,2022,1,03,21
2022-03-21,IRS - Economic Impact Payments (Checks),null,0,0,2079,VI,Income Tax Refunds Issued,Classification,3,2022,2,2022,1,03,21
2022-03-21,IRS - Economic Impact Payments (EFT),null,0,0,1837,VI,Income Tax Refunds Issued,Classification,4,2022,2,2022,1,03,21
2022-03-21,IRS Tax Refunds Business,Checks,37,6150,42666,VI,Income Tax Refunds Issued,Classification,5,2022,2,2022,1,03,21
2022-03-21,IRS Tax Refunds Business,EFT,421,3058,14660,VI,Income Tax Refunds Issued,Classification,6,2022,2,2022,1,03,21
2022-03-21,IRS Tax Refunds Individual,Checks,135,4263,22038,VI,Income Tax Refunds Issued,Classification,7,2022,2,2022,1,03,21
2022-03-21,IRS Tax Refunds Individual,EFT,1893,71358,166132,VI,Income Tax Refunds Issued,Classification,8,2022,2,2022,1,03,21
2022-03-18,IRS - Advanced Child Tax Credit (Checks),null,0,0,6265,VI,Income Tax Refunds Issued,Classification,1,2022,2,2022,1,03,18
2022-03-18,IRS - Advanced Child Tax Credit (EFT),null,0,0,40931,VI,Income Tax Refunds Issued,Classification,2,2022,2,2022,1,03,18
2022-03-18,IRS - Economic Impact Payments (Checks),null,0,0,2079,VI,Income Tax Refunds Issued,Classification,3,2022,2,2022,1,03,18
2022-03-18,IRS - Economic Impact Payments (EFT),null,0,0,1837,VI,Income Tax Refunds Issued,Classification,4,2022,2,2022,1,03,18
2022-03-18,IRS Tax Refunds Business,Checks,49,6113,42629,VI,Income Tax Refunds Issued,Classification,5,2022,2,2022,1,03,18
2022-03-18,IRS Tax Refunds Business,EFT,185,2637,14238,VI,Income Tax Refunds Issued,Classification,6,2022,2,2022,1,03,18
2022-03-18,IRS Tax Refunds Individual,Checks,987,4129,21903,VI,Income Tax Refunds Issued,Classification,7,2022,2,2022,1,03,18
2022-03-18,IRS Tax Refunds Individual,EFT,1990,69465,164239,VI,Income Tax Refunds Issued,Classification,8,2022,2,2022,1,03,18
2022-03-17,IRS - Advanced Child Tax Credit (Checks),null,0,0,6265,VI,Income Tax Refunds Issued,Classification,1,2022,2,2022,1,03,17
2022-03-17,IRS - Advanced Child Tax Credit (EFT),null,0,0,40931,VI,Income Tax Refunds Issued,Classification,2,2022,2,2022,1,03,17
2022-03-17,IRS - Economic Impact Payments (Checks),null,0,0,2079,VI,Income Tax Refunds Issued,Classification,3,2022,2,2022,1,03,17
2022-03-17,IRS - Economic Impact Payments (EFT),null,0,0,1837,VI,Income Tax Refunds Issued,Classification,4,2022,2,2022,1,03,17
2022-03-17,IRS Tax Refunds Business,Checks,54,6064,42580,VI,Income Tax Refunds Issued,Classification,5,2022,2,2022,1,03,17
2022-03-17,IRS Tax Refunds Business,EFT,68,2452,14053,VI,Income Tax Refunds Issued,Classification,6,2022,2,2022,1,03,17
2022-03-17,IRS Tax Refunds Individual,Checks,103,3141,20916,VI,Income Tax Refunds Issued,Classification,7,2022,2,2022,1,03,17
2022-03-17,IRS Tax Refunds Individual,EFT,1433,67475,162249,VI,Income Tax Refunds Issued,Classification,8,2022,2,2022,1,03,17
2022-03-16,IRS - Advanced Child Tax Credit (Checks),null,0,0,6265,VI,Income Tax Refunds Issued,Classification,1,2022,2,2022,1,03,16
2022-03-16,IRS - Advanced Child Tax Credit (EFT),null,0,0,40931,VI,Income Tax Refunds Issued,Classification,2,2022,2,2022,1,03,16
2022-03-16,IRS - Economic Impact Payments (Checks),null,0,0,2079,VI,Income Tax Refunds Issued,Classification,3,2022,2,2022,1,03,16
2022-03-16,IRS - Economic Impact Payments (EFT),null,0,0,1837,VI,Income Tax Refunds Issued,Classification,4,2022,2,2022,1,03,16
2022-03-16,IRS Tax Refunds Business,Checks,104,6010,42526,VI,Income Tax Refunds Issued,Classification,5,2022,2,2022,1,03,16
2022-03-16,IRS Tax Refunds Business,EFT,13,2384,13985,VI,Income Tax Refunds Issued,Classification,6,2022,2,2022,1,03,16
2022-03-16,IRS Tax Refunds Individual,Checks,119,3038,20812,VI,Income Tax Refunds Issued,Classification,7,2022,2,2022,1,03,16
2022-03-16,IRS Tax Refunds Individual,EFT,14305,66041,160815,VI,Income Tax Refunds Issued,Classification,8,2022,2,2022,1,03,16
2022-03-15,IRS - Advanced Child Tax Credit (Checks),null,0,0,6265,VI,Income Tax Refunds Issued,Classification,1,2022,2,2022,1,03,15
2022-03-15,IRS - Advanced Child Tax Credit (EFT),null,0,0,40931,VI,Income Tax Refunds Issued,Classification,2,2022,2,2022,1,03,15
2022-03-15,IRS - Economic Impact Payments (Checks),null,0,0,2079,VI,Income Tax Refunds Issued,Classification,3,2022,2,2022,1,03,15
2022-03-15,IRS - Economic Impact Payments (EFT),null,0,0,1837,VI,Income Tax Refunds Issued,Classification,4,2022,2,2022,1,03,15
2022-03-15,IRS Tax Refunds Business,Checks,1696,5906,42422,VI,Income Tax Refunds Issued,Classification,5,2022,2,2022,1,03,15
2022-03-15,IRS Tax Refunds Business,EFT,47,2370,13972,VI,Income Tax Refunds Issued,Classification,6,2022,2,2022,1,03,15
2022-03-15,IRS Tax Refunds Individual,Checks,157,2919,20693,VI,Income Tax Refunds Issued,Classification,7,2022,2,2022,1,03,15
2022-03-15,IRS Tax Refunds Individual,EFT,1355,51736,146511,VI,Income Tax Refunds Issued,Classification,8,2022,2,2022,1,03,15
2022-03-14,IRS - Advanced Child Tax Credit (Checks),null,0,0,6265,VI,Income Tax Refunds Issued,Classification,1,2022,2,2022,1,03,14
2022-03-14,IRS - Advanced Child Tax Credit (EFT),null,0,0,40931,VI,Income Tax Refunds Issued,Classification,2,2022,2,2022,1,03,14
2022-03-14,IRS - Economic Impact Payments (Checks),null,0,0,2079,VI,Income Tax Refunds Issued,Classification,3,2022,2,2022,1,03,14
2022-03-14,IRS - Economic Impact Payments (EFT),null,0,0,1837,VI,Income Tax Refunds Issued,Classification,4,2022,2,2022,1,03,14
2022-03-14,IRS Tax Refunds Business,Checks,26,4210,40726,VI,Income Tax Refunds Issued,Classification,5,2022,2,2022,1,03,14
2022-03-14,IRS Tax Refunds Business,EFT,126,2323,13924,VI,Income Tax Refunds Issued,Classification,6,2022,2,2022,1,03,14
2022-03-14,IRS Tax Refunds Individual,Checks,81,2762,20537,VI,Income Tax Refunds Issued,Classification,7,2022,2,2022,1,03,14
2022-03-14,IRS Tax Refunds Individual,EFT,2069,50381,145155,VI,Income Tax Refunds Issued,Classification,8,2022,2,2022,1,03,14
2022-03-11,IRS - Advanced Child Tax Credit (Checks),null,0,0,6265,VI,Income Tax Refunds Issued,Classification,1,2022,2,2022,1,03,11
2022-03-11,IRS - Advanced Child Tax Credit (EFT),null,0,0,40931,VI,Income Tax Refunds Issued,Classification,2,2022,2,2022,1,03,11
2022-03-11,IRS - Economic Impact Payments (Checks),null,0,0,2079,VI,Income Tax Refunds Issued,Classification,3,2022,2,2022,1,03,11
2022-03-11,IRS - Economic Impact Payments (EFT),null,0,0,1837,VI,Income Tax Refunds Issued,Classification,4,2022,2,2022,1,03,11
2022-03-11,IRS Tax Refunds Business,Checks,27,4183,40700,VI,Income Tax Refunds Issued,Classification,5,2022,2,2022,1,03,11
2022-03-11,IRS Tax Refunds Business,EFT,238,2197,13799,VI,Income Tax Refunds Issued,Classification,6,2022,2,2022,1,03,11
2022-03-11,IRS Tax Refunds Individual,Checks,977,2681,20456,VI,Income Tax Refunds Issued,Classification,7,2022,2,2022,1,03,11
2022-03-11,IRS Tax Refunds Individual,EFT,2415,48312,143086,VI,Income Tax Refunds Issued,Classification,8,2022,2,2022,1,03,11
2022-03-10,IRS - Advanced Child Tax Credit (Checks),null,0,0,6265,VI,Income Tax Refunds Issued,Classification,1,2022,2,2022,1,03,10
2022-03-10,IRS - Advanced Child Tax Credit (EFT),null,0,0,40931,VI,Income Tax Refunds Issued,Classification,2,2022,2,2022,1,03,10
2022-03-10,IRS - Economic Impact Payments (Checks),null,0,0,2079,VI,Income Tax Refunds Issued,Classification,3,2022,2,2022,1,03,10
2022-03-10,IRS - Economic Impact Payments (EFT),null,0,0,1837,VI,Income Tax Refunds Issued,Classification,4,2022,2,2022,1,03,10
2022-03-10,IRS Tax Refunds Business,Checks,94,4156,40672,VI,Income Tax Refunds Issued,Classification,5,2022,2,2022,1,03,10
2022-03-10,IRS Tax Refunds Business,EFT,73,1960,13561,VI,Income Tax Refunds Issued,Classification,6,2022,2,2022,1,03,10
2022-03-10,IRS Tax Refunds Individual,Checks,118,1704,19478,VI,Income Tax Refunds Issued,Classification,7,2022,2,2022,1,03,10
2022-03-10,IRS Tax Refunds Individual,EFT,976,45897,140671,VI,Income Tax Refunds Issued,Classification,8,2022,2,2022,1,03,10
2022-03-09,IRS Tax Refunds Individual,Checks,130,1586,19360,VI,Income Tax Refunds Issued,Classification,7,2022,2,2022,1,03,09
2022-03-09,IRS - Advanced Child Tax Credit (Checks),null,0,0,6265,VI,Income Tax Refunds Issued,Classification,1,2022,2,2022,1,03,09
2022-03-09,IRS - Advanced Child Tax Credit (EFT),null,0,0,40931,VI,Income Tax Refunds Issued,Classification,2,2022,2,2022,1,03,09
2022-03-09,IRS - Economic Impact Payments (Checks),null,0,0,2079,VI,Income Tax Refunds Issued,Classification,3,2022,2,2022,1,03,09
2022-03-09,IRS - Economic Impact Payments (EFT),null,0,0,1837,VI,Income Tax Refunds Issued,Classification,4,2022,2,2022,1,03,09
2022-03-09,IRS Tax Refunds Business,Checks,109,4062,40578,VI,Income Tax Refunds Issued,Classification,5,2022,2,2022,1,03,09
2022-03-09,IRS Tax Refunds Business,EFT,279,1886,13488,VI,Income Tax Refunds Issued,Classification,6,2022,2,2022,1,03,09
2022-03-09,IRS Tax Refunds Individual,EFT,16104,44921,139696,VI,Income Tax Refunds Issued,Classification,8,2022,2,2022,1,03,09
2022-03-08,IRS - Advanced Child Tax Credit (Checks),null,0,0,6265,VI,Income Tax Refunds Issued,Classification,1,2022,2,2022,1,03,08
2022-03-08,IRS - Advanced Child Tax Credit (EFT),null,0,0,40931,VI,Income Tax Refunds Issued,Classification,2,2022,2,2022,1,03,08
2022-03-08,IRS - Economic Impact Payments (Checks),null,0,0,2079,VI,Income Tax Refunds Issued,Classification,3,2022,2,2022,1,03,08
2022-03-08,IRS - Economic Impact Payments (EFT),null,0,0,1837,VI,Income Tax Refunds Issued,Classification,4,2022,2,2022,1,03,08
2022-03-08,IRS Tax Refunds Business,Checks,1847,3953,40469,VI,Income Tax Refunds Issued,Classification,5,2022,2,2022,1,03,08
2022-03-08,IRS Tax Refunds Business,EFT,-70,1608,13209,VI,Income Tax Refunds Issued,Classification,6,2022,2,2022,1,03,08
2022-03-08,IRS Tax Refunds Individual,Checks,189,1456,19230,VI,Income Tax Refunds Issued,Classification,7,2022,2,2022,1,03,08
2022-03-08,IRS Tax Refunds Individual,EFT,1915,28818,123592,VI,Income Tax Refunds Issued,Classification,8,2022,2,2022,1,03,08
2022-03-07,IRS - Advanced Child Tax Credit (Checks),null,0,0,6265,VI,Income Tax Refunds Issued,Classification,1,2022,2,2022,1,03,07
2022-03-07,IRS - Advanced Child Tax Credit (EFT),null,0,0,40931,VI,Income Tax Refunds Issued,Classification,2,2022,2,2022,1,03,07
2022-03-07,IRS - Economic Impact Payments (Checks),null,0,0,2079,VI,Income Tax Refunds Issued,Classification,3,2022,2,2022,1,03,07
2022-03-07,IRS - Economic Impact Payments (EFT),null,0,0,1837,VI,Income Tax Refunds Issued,Classification,4,2022,2,2022,1,03,07
2022-03-07,IRS Tax Refunds Business,Checks,101,2106,38623,VI,Income Tax Refunds Issued,Classification,5,2022,2,2022,1,03,07
2022-03-07,IRS Tax Refunds Business,EFT,1295,1677,13279,VI,Income Tax Refunds Issued,Classification,6,2022,2,2022,1,03,07
2022-03-07,IRS Tax Refunds Individual,Checks,13,1267,19041,VI,Income Tax Refunds Issued,Classification,7,2022,2,2022,1,03,07
2022-03-07,IRS Tax Refunds Individual,EFT,2415,26902,121677,VI,Income Tax Refunds Issued,Classification,8,2022,2,2022,1,03,07
2022-03-04,IRS - Advanced Child Tax Credit (Checks),null,0,0,6265,VI,Income Tax Refunds Issued,Classification,1,2022,2,2022,1,03,04
2022-03-04,IRS - Advanced Child Tax Credit (EFT),null,0,0,40931,VI,Income Tax Refunds Issued,Classification,2,2022,2,2022,1,03,04
2022-03-04,IRS - Economic Impact Payments (Checks),null,0,0,2079,VI,Income Tax Refunds Issued,Classification,3,2022,2,2022,1,03,04
2022-03-04,IRS - Economic Impact Payments (EFT),null,0,0,1837,VI,Income Tax Refunds Issued,Classification,4,2022,2,2022,1,03,04
2022-03-04,IRS Tax Refunds Business,Checks,38,2005,38521,VI,Income Tax Refunds Issued,Classification,5,2022,2,2022,1,03,04
2022-03-04,IRS Tax Refunds Business,EFT,242,383,11984,VI,Income Tax Refunds Issued,Classification,6,2022,2,2022,1,03,04
2022-03-04,IRS Tax Refunds Individual,Checks,840,1254,19029,VI,Income Tax Refunds Issued,Classification,7,2022,2,2022,1,03,04
2022-03-04,IRS Tax Refunds Individual,EFT,3456,24487,119262,VI,Income Tax Refunds Issued,Classification,8,2022,2,2022,1,03,04
2022-03-03,IRS - Advanced Child Tax Credit (Checks),null,0,0,6265,VI,Income Tax Refunds Issued,Classification,1,2022,2,2022,1,03,03
2022-03-03,IRS - Advanced Child Tax Credit (EFT),null,0,0,40931,VI,Income Tax Refunds Issued,Classification,2,2022,2,2022,1,03,03
2022-03-03,IRS - Economic Impact Payments (Checks),null,0,0,2079,VI,Income Tax Refunds Issued,Classification,3,2022,2,2022,1,03,03
2022-03-03,IRS - Economic Impact Payments (EFT),null,0,0,1837,VI,Income Tax Refunds Issued,Classification,4,2022,2,2022,1,03,03
2022-03-03,IRS Tax Refunds Business,Checks,22,1967,38483,VI,Income Tax Refunds Issued,Classification,5,2022,2,2022,1,03,03
2022-03-03,IRS Tax Refunds Business,EFT,26,141,11742,VI,Income Tax Refunds Issued,Classification,6,2022,2,2022,1,03,03
2022-03-03,IRS Tax Refunds Individual,Checks,169,414,18189,VI,Income Tax Refunds Issued,Classification,7,2022,2,2022,1,03,03
2022-03-03,IRS Tax Refunds Individual,EFT,-41,21032,115806,VI,Income Tax Refunds Issued,Classification,8,2022,2,2022,1,03,03
2022-03-02,IRS - Advanced Child Tax Credit (Checks),null,0,0,6265,VI,Income Tax Refunds Issued,Classification,1,2022,2,2022,1,03,02
2022-03-02,IRS - Advanced Child Tax Credit (EFT),null,0,0,40931,VI,Income Tax Refunds Issued,Classification,2,2022,2,2022,1,03,02
2022-03-02,IRS - Economic Impact Payments (Checks),null,0,0,2079,VI,Income Tax Refunds Issued,Classification,3,2022,2,2022,1,03,02
2022-03-02,IRS - Economic Impact Payments (EFT),null,0,0,1837,VI,Income Tax Refunds Issued,Classification,4,2022,2,2022,1,03,02
2022-03-02,IRS Tax Refunds Business,Checks,1,1944,38461,VI,Income Tax Refunds Issued,Classification,5,2022,2,2022,1,03,02
2022-03-02,IRS Tax Refunds Business,EFT,107,115,11717,VI,Income Tax Refunds Issued,Classification,6,2022,2,2022,1,03,02
2022-03-02,IRS Tax Refunds Individual,Checks,181,246,18020,VI,Income Tax Refunds Issued,Classification,7,2022,2,2022,1,03,02
2022-03-02,IRS Tax Refunds Individual,EFT,17576,21073,115847,VI,Income Tax Refunds Issued,Classification,8,2022,2,2022,1,03,02
2022-03-01,IRS - Advanced Child Tax Credit (Checks),null,0,0,6265,VI,Income Tax Refunds Issued,Classification,1,2022,2,2022,1,03,01
2022-03-01,IRS - Advanced Child Tax Credit (EFT),null,0,0,40931,VI,Income Tax Refunds Issued,Classification,2,2022,2,2022,1,03,01
2022-03-01,IRS - Economic Impact Payments (Checks),null,0,0,2079,VI,Income Tax Refunds Issued,Classification,3,2022,2,2022,1,03,01
2022-03-01,IRS - Economic Impact Payments (EFT),null,0,0,1837,VI,Income Tax Refunds Issued,Classification,4,2022,2,2022,1,03,01
2022-03-01,IRS Tax Refunds Business,Checks,1944,1944,38460,VI,Income Tax Refunds Issued,Classification,5,2022,2,2022,1,03,01
2022-03-01,IRS Tax Refunds Business,EFT,8,8,11609,VI,Income Tax Refunds Issued,Classification,6,2022,2,2022,1,03,01
2022-03-01,IRS Tax Refunds Individual,Checks,64,64,17839,VI,Income Tax Refunds Issued,Classification,7,2022,2,2022,1,03,01
2022-03-01,IRS Tax Refunds Individual,EFT,3497,3497,98272,VI,Income Tax Refunds Issued,Classification,8,2022,2,2022,1,03,01
2022-02-28,IRS - Advanced Child Tax Credit (Checks),null,0,0,6265,VI,Income Tax Refunds Issued,Classification,1,2022,2,2022,1,02,28
2022-02-28,IRS - Advanced Child Tax Credit (EFT),null,0,0,40931,VI,Income Tax Refunds Issued,Classification,2,2022,2,2022,1,02,28
2022-02-28,IRS - Economic Impact Payments (Checks),null,0,0,2079,VI,Income Tax Refunds Issued,Classification,3,2022,2,2022,1,02,28
2022-02-28,IRS - Economic Impact Payments (EFT),null,0,0,1837,VI,Income Tax Refunds Issued,Classification,4,2022,2,2022,1,02,28
2022-02-28,IRS Tax Refunds Business,Checks,47,7957,36516,VI,Income Tax Refunds Issued,Classification,5,2022,2,2022,1,02,28
2022-02-28,IRS Tax Refunds Business,EFT,170,1800,11601,VI,Income Tax Refunds Issued,Classification,6,2022,2,2022,1,02,28
2022-02-28,IRS Tax Refunds Individual,Checks,884,4484,17774,VI,Income Tax Refunds Issued,Classification,7,2022,2,2022,1,02,28
2022-02-28,IRS Tax Refunds Individual,EFT,3350,80241,94774,VI,Income Tax Refunds Issued,Classification,8,2022,2,2022,1,02,28
2022-02-25,IRS - Advanced Child Tax Credit (Checks),null,0,0,6265,VI,Income Tax Refunds Issued,Classification,1,2022,2,2022,1,02,25
2022-02-25,IRS - Advanced Child Tax Credit (EFT),null,0,0,40931,VI,Income Tax Refunds Issued,Classification,2,2022,2,2022,1,02,25
2022-02-25,IRS - Economic Impact Payments (Checks),null,0,0,2079,VI,Income Tax Refunds Issued,Classification,3,2022,2,2022,1,02,25
2022-02-25,IRS - Economic Impact Payments (EFT),null,0,0,1837,VI,Income Tax Refunds Issued,Classification,4,2022,2,2022,1,02,25
2022-02-25,IRS Tax Refunds Business,Checks,67,7911,36470,VI,Income Tax Refunds Issued,Classification,5,2022,2,2022,1,02,25
2022-02-25,IRS Tax Refunds Business,EFT,29,1631,11432,VI,Income Tax Refunds Issued,Classification,6,2022,2,2022,1,02,25
2022-02-25,IRS Tax Refunds Individual,Checks,85,3600,16890,VI,Income Tax Refunds Issued,Classification,7,2022,2,2022,1,02,25
2022-02-25,IRS Tax Refunds Individual,EFT,1467,76891,91424,VI,Income Tax Refunds Issued,Classification,8,2022,2,2022,1,02,25
2022-02-24,IRS Tax Refunds Business,EFT,3,1602,11403,VI,Income Tax Refunds Issued,Classification,6,2022,2,2022,1,02,24
2022-02-24,IRS Tax Refunds Individual,Checks,246,3515,16805,VI,Income Tax Refunds Issued,Classification,7,2022,2,2022,1,02,24
2022-02-24,IRS - Advanced Child Tax Credit (Checks),null,0,0,6265,VI,Income Tax Refunds Issued,Classification,1,2022,2,2022,1,02,24
2022-02-24,IRS - Advanced Child Tax Credit (EFT),null,0,0,40931,VI,Income Tax Refunds Issued,Classification,2,2022,2,2022,1,02,24
2022-02-24,IRS - Economic Impact Payments (Checks),null,0,0,2079,VI,Income Tax Refunds Issued,Classification,3,2022,2,2022,1,02,24
2022-02-24,IRS - Economic Impact Payments (EFT),null,0,0,1837,VI,Income Tax Refunds Issued,Classification,4,2022,2,2022,1,02,24
2022-02-24,IRS Tax Refunds Business,Checks,80,7843,36402,VI,Income Tax Refunds Issued,Classification,5,2022,2,2022,1,02,24
2022-02-24,IRS Tax Refunds Individual,EFT,36611,75423,89956,VI,Income Tax Refunds Issued,Classification,8,2022,2,2022,1,02,24
2022-02-23,IRS - Advanced Child Tax Credit (Checks),null,0,0,6265,VI,Income Tax Refunds Issued,Classification,1,2022,2,2022,1,02,23
2022-02-23,IRS - Advanced Child Tax Credit (EFT),null,0,0,40931,VI,Income Tax Refunds Issued,Classification,2,2022,2,2022,1,02,23
2022-02-23,IRS - Economic Impact Payments (Checks),null,0,0,2079,VI,Income Tax Refunds Issued,Classification,3,2022,2,2022,1,02,23
2022-02-23,IRS - Economic Impact Payments (EFT),null,0,0,1837,VI,Income Tax Refunds Issued,Classification,4,2022,2,2022,1,02,23
2022-02-23,IRS Tax Refunds Business,Checks,15,7763,36322,VI,Income Tax Refunds Issued,Classification,5,2022,2,2022,1,02,23
2022-02-23,IRS Tax Refunds Business,EFT,0,1600,11400,VI,Income Tax Refunds Issued,Classification,6,2022,2,2022,1,02,23
2022-02-23,IRS Tax Refunds Individual,Checks,68,3268,16559,VI,Income Tax Refunds Issued,Classification,7,2022,2,2022,1,02,23
2022-02-23,IRS Tax Refunds Individual,EFT,1598,38812,53345,VI,Income Tax Refunds Issued,Classification,8,2022,2,2022,1,02,23
2022-02-22,IRS - Advanced Child Tax Credit (Checks),null,0,0,6265,VI,Income Tax Refunds Issued,Classification,1,2022,2,2022,1,02,22
2022-02-22,IRS - Advanced Child Tax Credit (EFT),null,0,0,40931,VI,Income Tax Refunds Issued,Classification,2,2022,2,2022,1,02,22
2022-02-22,IRS - Economic Impact Payments (Checks),null,0,0,2079,VI,Income Tax Refunds Issued,Classification,3,2022,2,2022,1,02,22
2022-02-22,IRS - Economic Impact Payments (EFT),null,0,0,1837,VI,Income Tax Refunds Issued,Classification,4,2022,2,2022,1,02,22
2022-02-22,IRS Tax Refunds Business,Checks,2153,7748,36307,VI,Income Tax Refunds Issued,Classification,5,2022,2,2022,1,02,22
2022-02-22,IRS Tax Refunds Business,EFT,717,1599,11400,VI,Income Tax Refunds Issued,Classification,6,2022,2,2022,1,02,22
2022-02-22,IRS Tax Refunds Individual,Checks,56,3200,16491,VI,Income Tax Refunds Issued,Classification,7,2022,2,2022,1,02,22
2022-02-22,IRS Tax Refunds Individual,EFT,14824,37215,51747,VI,Income Tax Refunds Issued,Classification,8,2022,2,2022,1,02,22
2022-02-18,IRS - Advanced Child Tax Credit (Checks),null,0,0,6265,VI,Income Tax Refunds Issued,Classification,1,2022,2,2022,1,02,18
2022-02-18,IRS - Advanced Child Tax Credit (EFT),null,0,0,40931,VI,Income Tax Refunds Issued,Classification,2,2022,2,2022,1,02,18
2022-02-18,IRS - Economic Impact Payments (Checks),null,0,0,2079,VI,Income Tax Refunds Issued,Classification,3,2022,2,2022,1,02,18
2022-02-18,IRS - Economic Impact Payments (EFT),null,0,0,1837,VI,Income Tax Refunds Issued,Classification,4,2022,2,2022,1,02,18
2022-02-18,IRS Tax Refunds Business,Checks,14,5595,34154,VI,Income Tax Refunds Issued,Classification,5,2022,2,2022,1,02,18
2022-02-18,IRS Tax Refunds Business,EFT,11,883,10683,VI,Income Tax Refunds Issued,Classification,6,2022,2,2022,1,02,18
2022-02-18,IRS Tax Refunds Individual,Checks,713,3145,16435,VI,Income Tax Refunds Issued,Classification,7,2022,2,2022,1,02,18
2022-02-18,IRS Tax Refunds Individual,EFT,1379,22390,36923,VI,Income Tax Refunds Issued,Classification,8,2022,2,2022,1,02,18
2022-02-17,IRS - Advanced Child Tax Credit (Checks),null,0,0,6265,VI,Income Tax Refunds Issued,Classification,1,2022,2,2022,1,02,17
2022-02-17,IRS - Advanced Child Tax Credit (EFT),null,0,0,40931,VI,Income Tax Refunds Issued,Classification,2,2022,2,2022,1,02,17
2022-02-17,IRS - Economic Impact Payments (Checks),null,0,0,2079,VI,Income Tax Refunds Issued,Classification,3,2022,2,2022,1,02,17
2022-02-17,IRS - Economic Impact Payments (EFT),null,0,0,1837,VI,Income Tax Refunds Issued,Classification,4,2022,2,2022,1,02,17
2022-02-17,IRS Tax Refunds Business,Checks,19,5581,34140,VI,Income Tax Refunds Issued,Classification,5,2022,2,2022,1,02,17
2022-02-17,IRS Tax Refunds Business,EFT,24,871,10672,VI,Income Tax Refunds Issued,Classification,6,2022,2,2022,1,02,17
2022-02-17,IRS Tax Refunds Individual,Checks,60,2432,15723,VI,Income Tax Refunds Issued,Classification,7,2022,2,2022,1,02,17
2022-02-17,IRS Tax Refunds Individual,EFT,838,21011,35544,VI,Income Tax Refunds Issued,Classification,8,2022,2,2022,1,02,17
2022-02-16,IRS - Advanced Child Tax Credit (Checks),null,0,0,6265,VI,Income Tax Refunds Issued,Classification,1,2022,2,2022,1,02,16
2022-02-16,IRS - Advanced Child Tax Credit (EFT),null,0,0,40931,VI,Income Tax Refunds Issued,Classification,2,2022,2,2022,1,02,16
2022-02-16,IRS - Economic Impact Payments (Checks),null,0,0,2079,VI,Income Tax Refunds Issued,Classification,3,2022,2,2022,1,02,16
2022-02-16,IRS - Economic Impact Payments (EFT),null,0,0,1837,VI,Income Tax Refunds Issued,Classification,4,2022,2,2022,1,02,16
2022-02-16,IRS Tax Refunds Business,Checks,45,5561,34121,VI,Income Tax Refunds Issued,Classification,5,2022,2,2022,1,02,16
2022-02-16,IRS Tax Refunds Business,EFT,0,847,10648,VI,Income Tax Refunds Issued,Classification,6,2022,2,2022,1,02,16
2022-02-16,IRS Tax Refunds Individual,Checks,54,2372,15663,VI,Income Tax Refunds Issued,Classification,7,2022,2,2022,1,02,16
2022-02-16,IRS Tax Refunds Individual,EFT,6976,20173,34706,VI,Income Tax Refunds Issued,Classification,8,2022,2,2022,1,02,16
2022-02-15,IRS - Advanced Child Tax Credit (Checks),null,0,0,6265,VI,Income Tax Refunds Issued,Classification,1,2022,2,2022,1,02,15
2022-02-15,IRS - Advanced Child Tax Credit (EFT),null,0,0,40931,VI,Income Tax Refunds Issued,Classification,2,2022,2,2022,1,02,15
2022-02-15,IRS - Economic Impact Payments (Checks),null,0,0,2079,VI,Income Tax Refunds Issued,Classification,3,2022,2,2022,1,02,15
2022-02-15,IRS - Economic Impact Payments (EFT),null,0,0,1837,VI,Income Tax Refunds Issued,Classification,4,2022,2,2022,1,02,15
2022-02-15,IRS Tax Refunds Business,Checks,1558,5516,34076,VI,Income Tax Refunds Issued,Classification,5,2022,2,2022,1,02,15
2022-02-15,IRS Tax Refunds Business,EFT,63,847,10648,VI,Income Tax Refunds Issued,Classification,6,2022,2,2022,1,02,15
2022-02-15,IRS Tax Refunds Individual,Checks,46,2318,15609,VI,Income Tax Refunds Issued,Classification,7,2022,2,2022,1,02,15
2022-02-15,IRS Tax Refunds Individual,EFT,1090,13197,27730,VI,Income Tax Refunds Issued,Classification,8,2022,2,2022,1,02,15
2022-02-14,IRS - Advanced Child Tax Credit (Checks),null,0,0,6265,VI,Income Tax Refunds Issued,Classification,1,2022,2,2022,1,02,14
2022-02-14,IRS - Advanced Child Tax Credit (EFT),null,0,0,40931,VI,Income Tax Refunds Issued,Classification,2,2022,2,2022,1,02,14
2022-02-14,IRS - Economic Impact Payments (Checks),null,0,0,2079,VI,Income Tax Refunds Issued,Classification,3,2022,2,2022,1,02,14
2022-02-14,IRS - Economic Impact Payments (EFT),null,0,0,1837,VI,Income Tax Refunds Issued,Classification,4,2022,2,2022,1,02,14
2022-02-14,IRS Tax Refunds Business,Checks,27,3958,32518,VI,Income Tax Refunds Issued,Classification,5,2022,2,2022,1,02,14
2022-02-14,IRS Tax Refunds Business,EFT,23,784,10585,VI,Income Tax Refunds Issued,Classification,6,2022,2,2022,1,02,14
2022-02-14,IRS Tax Refunds Individual,Checks,48,2272,15562,VI,Income Tax Refunds Issued,Classification,7,2022,2,2022,1,02,14
2022-02-14,IRS Tax Refunds Individual,EFT,1773,12108,26641,VI,Income Tax Refunds Issued,Classification,8,2022,2,2022,1,02,14
2022-02-11,IRS - Advanced Child Tax Credit (Checks),null,0,0,6265,VI,Income Tax Refunds Issued,Classification,1,2022,2,2022,1,02,11
2022-02-11,IRS - Advanced Child Tax Credit (EFT),null,0,0,40931,VI,Income Tax Refunds Issued,Classification,2,2022,2,2022,1,02,11
2022-02-11,IRS - Economic Impact Payments (Checks),null,0,0,2079,VI,Income Tax Refunds Issued,Classification,3,2022,2,2022,1,02,11
2022-02-11,IRS - Economic Impact Payments (EFT),null,0,0,1837,VI,Income Tax Refunds Issued,Classification,4,2022,2,2022,1,02,11
2022-02-11,IRS Tax Refunds Business,Checks,31,3932,32491,VI,Income Tax Refunds Issued,Classification,5,2022,2,2022,1,02,11
2022-02-11,IRS Tax Refunds Business,EFT,74,761,10562,VI,Income Tax Refunds Issued,Classification,6,2022,2,2022,1,02,11
2022-02-11,IRS Tax Refunds Individual,Checks,860,2223,15514,VI,Income Tax Refunds Issued,Classification,7,2022,2,2022,1,02,11
2022-02-11,IRS Tax Refunds Individual,EFT,588,10335,24868,VI,Income Tax Refunds Issued,Classification,8,2022,2,2022,1,02,11
2022-02-10,IRS - Advanced Child Tax Credit (Checks),null,0,0,6265,VI,Income Tax Refunds Issued,Classification,1,2022,2,2022,1,02,10
2022-02-10,IRS - Advanced Child Tax Credit (EFT),null,0,0,40931,VI,Income Tax Refunds Issued,Classification,2,2022,2,2022,1,02,10
2022-02-10,IRS - Economic Impact Payments (Checks),null,0,0,2079,VI,Income Tax Refunds Issued,Classification,3,2022,2,2022,1,02,10
2022-02-10,IRS - Economic Impact Payments (EFT),null,0,0,1837,VI,Income Tax Refunds Issued,Classification,4,2022,2,2022,1,02,10
2022-02-10,IRS Tax Refunds Business,Checks,28,3901,32460,VI,Income Tax Refunds Issued,Classification,5,2022,2,2022,1,02,10
2022-02-10,IRS Tax Refunds Business,EFT,0,687,10487,VI,Income Tax Refunds Issued,Classification,6,2022,2,2022,1,02,10
2022-02-10,IRS Tax Refunds Individual,Checks,61,1363,14654,VI,Income Tax Refunds Issued,Classification,7,2022,2,2022,1,02,10
2022-02-10,IRS Tax Refunds Individual,EFT,489,9747,24280,VI,Income Tax Refunds Issued,Classification,8,2022,2,2022,1,02,10
2022-02-09,IRS - Advanced Child Tax Credit (Checks),null,0,0,6265,VI,Income Tax Refunds Issued,Classification,1,2022,2,2022,1,02,09
2022-02-09,IRS - Advanced Child Tax Credit (EFT),null,0,0,40931,VI,Income Tax Refunds Issued,Classification,2,2022,2,2022,1,02,09
2022-02-09,IRS - Economic Impact Payments (Checks),null,0,0,2079,VI,Income Tax Refunds Issued,Classification,3,2022,2,2022,1,02,09
2022-02-09,IRS - Economic Impact Payments (EFT),null,0,0,1837,VI,Income Tax Refunds Issued,Classification,4,2022,2,2022,1,02,09
2022-02-09,IRS Tax Refunds Business,Checks,29,3873,32432,VI,Income Tax Refunds Issued,Classification,5,2022,2,2022,1,02,09
2022-02-09,IRS Tax Refunds Business,EFT,0,686,10487,VI,Income Tax Refunds Issued,Classification,6,2022,2,2022,1,02,09
2022-02-09,IRS Tax Refunds Individual,Checks,53,1302,14593,VI,Income Tax Refunds Issued,Classification,7,2022,2,2022,1,02,09
2022-02-09,IRS Tax Refunds Individual,EFT,4911,9258,23791,VI,Income Tax Refunds Issued,Classification,8,2022,2,2022,1,02,09
2022-02-08,IRS - Advanced Child Tax Credit (Checks),null,0,0,6265,VI,Income Tax Refunds Issued,Classification,1,2022,2,2022,1,02,08
2022-02-08,IRS - Advanced Child Tax Credit (EFT),null,0,0,40931,VI,Income Tax Refunds Issued,Classification,2,2022,2,2022,1,02,08
2022-02-08,IRS - Economic Impact Payments (Checks),null,0,0,2079,VI,Income Tax Refunds Issued,Classification,3,2022,2,2022,1,02,08
2022-02-08,IRS - Economic Impact Payments (EFT),null,0,0,1837,VI,Income Tax Refunds Issued,Classification,4,2022,2,2022,1,02,08
2022-02-08,IRS Tax Refunds Business,Checks,3676,3844,32403,VI,Income Tax Refunds Issued,Classification,5,2022,2,2022,1,02,08
2022-02-08,IRS Tax Refunds Business,EFT,168,686,10487,VI,Income Tax Refunds Issued,Classification,6,2022,2,2022,1,02,08
2022-02-08,IRS Tax Refunds Individual,Checks,57,1249,14540,VI,Income Tax Refunds Issued,Classification,7,2022,2,2022,1,02,08
2022-02-08,IRS Tax Refunds Individual,EFT,654,4347,18880,VI,Income Tax Refunds Issued,Classification,8,2022,2,2022,1,02,08
2022-02-07,IRS - Advanced Child Tax Credit (Checks),null,0,0,6265,VI,Income Tax Refunds Issued,Classification,1,2022,2,2022,1,02,07
2022-02-07,IRS - Advanced Child Tax Credit (EFT),null,0,0,40931,VI,Income Tax Refunds Issued,Classification,2,2022,2,2022,1,02,07
2022-02-07,IRS - Economic Impact Payments (Checks),null,0,0,2079,VI,Income Tax Refunds Issued,Classification,3,2022,2,2022,1,02,07
2022-02-07,IRS - Economic Impact Payments (EFT),null,0,0,1837,VI,Income Tax Refunds Issued,Classification,4,2022,2,2022,1,02,07
2022-02-07,IRS Tax Refunds Business,Checks,56,167,28727,VI,Income Tax Refunds Issued,Classification,5,2022,2,2022,1,02,07
2022-02-07,IRS Tax Refunds Business,EFT,72,518,10318,VI,Income Tax Refunds Issued,Classification,6,2022,2,2022,1,02,07
2022-02-07,IRS Tax Refunds Individual,Checks,17,1193,14483,VI,Income Tax Refunds Issued,Classification,7,2022,2,2022,1,02,07
2022-02-07,IRS Tax Refunds Individual,EFT,1034,3693,18226,VI,Income Tax Refunds Issued,Classification,8,2022,2,2022,1,02,07
2022-02-04,IRS - Advanced Child Tax Credit (Checks),null,0,0,6265,VI,Income Tax Refunds Issued,Classification,1,2022,2,2022,1,02,04
2022-02-04,IRS - Advanced Child Tax Credit (EFT),null,0,0,40931,VI,Income Tax Refunds Issued,Classification,2,2022,2,2022,1,02,04
2022-02-04,IRS - Economic Impact Payments (Checks),null,0,0,2079,VI,Income Tax Refunds Issued,Classification,3,2022,2,2022,1,02,04
2022-02-04,IRS - Economic Impact Payments (EFT),null,0,0,1837,VI,Income Tax Refunds Issued,Classification,4,2022,2,2022,1,02,04
2022-02-04,IRS Tax Refunds Business,Checks,30,111,28670,VI,Income Tax Refunds Issued,Classification,5,2022,2,2022,1,02,04
2022-02-04,IRS Tax Refunds Business,EFT,-4,445,10246,VI,Income Tax Refunds Issued,Classification,6,2022,2,2022,1,02,04
2022-02-04,IRS Tax Refunds Individual,Checks,949,1176,14466,VI,Income Tax Refunds Issued,Classification,7,2022,2,2022,1,02,04
2022-02-04,IRS Tax Refunds Individual,EFT,361,2659,17192,VI,Income Tax Refunds Issued,Classification,8,2022,2,2022,1,02,04
2022-02-03,IRS - Advanced Child Tax Credit (Checks),null,0,0,6265,VI,Income Tax Refunds Issued,Classification,1,2022,2,2022,1,02,03
2022-02-03,IRS - Advanced Child Tax Credit (EFT),null,0,0,40931,VI,Income Tax Refunds Issued,Classification,2,2022,2,2022,1,02,03
2022-02-03,IRS - Economic Impact Payments (Checks),null,0,0,2079,VI,Income Tax Refunds Issued,Classification,3,2022,2,2022,1,02,03
2022-02-03,IRS - Economic Impact Payments (EFT),null,0,0,1837,VI,Income Tax Refunds Issued,Classification,4,2022,2,2022,1,02,03
2022-02-03,IRS Tax Refunds Business,Checks,35,81,28640,VI,Income Tax Refunds Issued,Classification,5,2022,2,2022,1,02,03
2022-02-03,IRS Tax Refunds Business,EFT,142,449,10250,VI,Income Tax Refunds Issued,Classification,6,2022,2,2022,1,02,03
2022-02-03,IRS Tax Refunds Individual,Checks,49,226,13517,VI,Income Tax Refunds Issued,Classification,7,2022,2,2022,1,02,03
2022-02-03,IRS Tax Refunds Individual,EFT,-11,2299,16832,VI,Income Tax Refunds Issued,Classification,8,2022,2,2022,1,02,03
2022-02-02,IRS - Advanced Child Tax Credit (Checks),null,0,0,6265,VI,Income Tax Refunds Issued,Classification,1,2022,2,2022,1,02,02
2022-02-02,IRS - Advanced Child Tax Credit (EFT),null,0,0,40931,VI,Income Tax Refunds Issued,Classification,2,2022,2,2022,1,02,02
2022-02-02,IRS - Economic Impact Payments (Checks),null,0,0,2079,VI,Income Tax Refunds Issued,Classification,3,2022,2,2022,1,02,02
2022-02-02,IRS - Economic Impact Payments (EFT),null,0,0,1837,VI,Income Tax Refunds Issued,Classification,4,2022,2,2022,1,02,02
2022-02-02,IRS Tax Refunds Business,Checks,24,46,28605,VI,Income Tax Refunds Issued,Classification,5,2022,2,2022,1,02,02
2022-02-02,IRS Tax Refunds Business,EFT,64,307,10108,VI,Income Tax Refunds Issued,Classification,6,2022,2,2022,1,02,02
2022-02-02,IRS Tax Refunds Individual,Checks,20,177,13468,VI,Income Tax Refunds Issued,Classification,7,2022,2,2022,1,02,02
2022-02-02,IRS Tax Refunds Individual,EFT,1796,2310,16843,VI,Income Tax Refunds Issued,Classification,8,2022,2,2022,1,02,02
2022-02-01,IRS - Advanced Child Tax Credit (Checks),null,0,0,6265,VI,Income Tax Refunds Issued,Classification,1,2022,2,2022,1,02,01
2022-02-01,IRS - Advanced Child Tax Credit (EFT),null,0,0,40931,VI,Income Tax Refunds Issued,Classification,2,2022,2,2022,1,02,01
2022-02-01,IRS - Economic Impact Payments (Checks),null,0,0,2079,VI,Income Tax Refunds Issued,Classification,3,2022,2,2022,1,02,01
2022-02-01,IRS - Economic Impact Payments (EFT),null,0,0,1837,VI,Income Tax Refunds Issued,Classification,4,2022,2,2022,1,02,01
2022-02-01,IRS Tax Refunds Business,Checks,22,22,28581,VI,Income Tax Refunds Issued,Classification,5,2022,2,2022,1,02,01
2022-02-01,IRS Tax Refunds Business,EFT,243,243,10044,VI,Income Tax Refunds Issued,Classification,6,2022,2,2022,1,02,01
2022-02-01,IRS Tax Refunds Individual,Checks,157,157,13448,VI,Income Tax Refunds Issued,Classification,7,2022,2,2022,1,02,01
2022-02-01,IRS Tax Refunds Individual,EFT,514,514,15047,VI,Income Tax Refunds Issued,Classification,8,2022,2,2022,1,02,01
2022-01-31,IRS - Advanced Child Tax Credit (Checks),null,0,0,6265,VI,Income Tax Refunds Issued,Classification,1,2022,2,2022,1,01,31
2022-01-31,IRS - Advanced Child Tax Credit (EFT),null,0,0,40931,VI,Income Tax Refunds Issued,Classification,2,2022,2,2022,1,01,31
2022-01-31,IRS - Economic Impact Payments (Checks),null,0,0,2079,VI,Income Tax Refunds Issued,Classification,3,2022,2,2022,1,01,31
2022-01-31,IRS - Economic Impact Payments (EFT),null,0,0,1837,VI,Income Tax Refunds Issued,Classification,4,2022,2,2022,1,01,31
2022-01-31,IRS Tax Refunds Business,Checks,38,4301,28559,VI,Income Tax Refunds Issued,Classification,5,2022,2,2022,1,01,31
2022-01-31,IRS Tax Refunds Business,EFT,21,2220,9801,VI,Income Tax Refunds Issued,Classification,6,2022,2,2022,1,01,31
2022-01-31,IRS Tax Refunds Individual,Checks,22,913,13291,VI,Income Tax Refunds Issued,Classification,7,2022,2,2022,1,01,31
2022-01-31,IRS Tax Refunds Individual,EFT,60,566,14533,VI,Income Tax Refunds Issued,Classification,8,2022,2,2022,1,01,31
2022-01-28,IRS - Advanced Child Tax Credit (Checks),null,0,0,6265,VI,Income Tax Refunds Issued,Classification,1,2022,2,2022,1,01,28
2022-01-28,IRS - Advanced Child Tax Credit (EFT),null,0,0,40931,VI,Income Tax Refunds Issued,Classification,2,2022,2,2022,1,01,28
2022-01-28,IRS - Economic Impact Payments (Checks),null,0,0,2079,VI,Income Tax Refunds Issued,Classification,3,2022,2,2022,1,01,28
2022-01-28,IRS - Economic Impact Payments (EFT),null,0,0,1837,VI,Income Tax Refunds Issued,Classification,4,2022,2,2022,1,01,28
2022-01-28,IRS Tax Refunds Business,Checks,21,4263,28521,VI,Income Tax Refunds Issued,Classification,5,2022,2,2022,1,01,28
2022-01-28,IRS Tax Refunds Business,EFT,0,2199,9780,VI,Income Tax Refunds Issued,Classification,6,2022,2,2022,1,01,28
2022-01-28,IRS Tax Refunds Individual,Checks,23,891,13269,VI,Income Tax Refunds Issued,Classification,7,2022,2,2022,1,01,28
2022-01-28,IRS Tax Refunds Individual,EFT,374,506,14473,VI,Income Tax Refunds Issued,Classification,8,2022,2,2022,1,01,28
2022-01-27,IRS - Advanced Child Tax Credit (Checks),null,0,0,6265,VI,Income Tax Refunds Issued,Classification,1,2022,2,2022,1,01,27
2022-01-27,IRS - Advanced Child Tax Credit (EFT),null,0,0,40931,VI,Income Tax Refunds Issued,Classification,2,2022,2,2022,1,01,27
2022-01-27,IRS - Economic Impact Payments (Checks),null,0,0,2079,VI,Income Tax Refunds Issued,Classification,3,2022,2,2022,1,01,27
2022-01-27,IRS - Economic Impact Payments (EFT),null,0,0,1837,VI,Income Tax Refunds Issued,Classification,4,2022,2,2022,1,01,27
2022-01-27,IRS Tax Refunds Business,Checks,75,4242,28500,VI,Income Tax Refunds Issued,Classification,5,2022,2,2022,1,01,27
2022-01-27,IRS Tax Refunds Business,EFT,503,2199,9780,VI,Income Tax Refunds Issued,Classification,6,2022,2,2022,1,01,27
2022-01-27,IRS Tax Refunds Individual,Checks,19,868,13246,VI,Income Tax Refunds Issued,Classification,7,2022,2,2022,1,01,27
2022-01-27,IRS Tax Refunds Individual,EFT,10,131,14099,VI,Income Tax Refunds Issued,Classification,8,2022,2,2022,1,01,27
2022-01-26,IRS - Advanced Child Tax Credit (EFT),null,0,0,40931,VI,Income Tax Refunds Issued,Classification,2,2022,2,2022,1,01,26
2022-01-26,IRS - Economic Impact Payments (Checks),null,0,0,2079,VI,Income Tax Refunds Issued,Classification,3,2022,2,2022,1,01,26
2022-01-26,IRS - Advanced Child Tax Credit (Checks),null,0,0,6265,VI,Income Tax Refunds Issued,Classification,1,2022,2,2022,1,01,26
2022-01-26,IRS - Economic Impact Payments (EFT),null,0,0,1837,VI,Income Tax Refunds Issued,Classification,4,2022,2,2022,1,01,26
2022-01-26,IRS Tax Refunds Business,Checks,19,4166,28425,VI,Income Tax Refunds Issued,Classification,5,2022,2,2022,1,01,26
2022-01-26,IRS Tax Refunds Business,EFT,15,1695,9276,VI,Income Tax Refunds Issued,Classification,6,2022,2,2022,1,01,26
2022-01-26,IRS Tax Refunds Individual,Checks,6,849,13226,VI,Income Tax Refunds Issued,Classification,7,2022,2,2022,1,01,26
2022-01-26,IRS Tax Refunds Individual,EFT,0,122,14089,VI,Income Tax Refunds Issued,Classification,8,2022,2,2022,1,01,26
2022-01-25,IRS - Advanced Child Tax Credit (Checks),null,0,0,6265,VI,Income Tax Refunds Issued,Classification,1,2022,2,2022,1,01,25
2022-01-25,IRS - Advanced Child Tax Credit (EFT),null,0,0,40931,VI,Income Tax Refunds Issued,Classification,2,2022,2,2022,1,01,25
2022-01-25,IRS - Economic Impact Payments (Checks),null,0,0,2079,VI,Income Tax Refunds Issued,Classification,3,2022,2,2022,1,01,25
2022-01-25,IRS - Economic Impact Payments (EFT),null,0,0,1837,VI,Income Tax Refunds Issued,Classification,4,2022,2,2022,1,01,25
2022-01-25,IRS Tax Refunds Business,Checks,23,4148,28406,VI,Income Tax Refunds Issued,Classification,5,2022,2,2022,1,01,25
2022-01-25,IRS Tax Refunds Business,EFT,34,1681,9262,VI,Income Tax Refunds Issued,Classification,6,2022,2,2022,1,01,25
2022-01-25,IRS Tax Refunds Individual,Checks,27,843,13220,VI,Income Tax Refunds Issued,Classification,7,2022,2,2022,1,01,25
2022-01-25,IRS Tax Refunds Individual,EFT,2,122,14089,VI,Income Tax Refunds Issued,Classification,8,2022,2,2022,1,01,25
2022-01-24,IRS - Advanced Child Tax Credit (Checks),null,0,0,6265,VI,Income Tax Refunds Issued,Classification,1,2022,2,2022,1,01,24
2022-01-24,IRS - Advanced Child Tax Credit (EFT),null,0,0,40931,VI,Income Tax Refunds Issued,Classification,2,2022,2,2022,1,01,24
2022-01-24,IRS - Economic Impact Payments (Checks),null,0,0,2079,VI,Income Tax Refunds Issued,Classification,3,2022,2,2022,1,01,24
2022-01-24,IRS - Economic Impact Payments (EFT),null,0,0,1837,VI,Income Tax Refunds Issued,Classification,4,2022,2,2022,1,01,24
2022-01-24,IRS Tax Refunds Business,Checks,12,4125,28383,VI,Income Tax Refunds Issued,Classification,5,2022,2,2022,1,01,24
2022-01-24,IRS Tax Refunds Business,EFT,36,1647,9228,VI,Income Tax Refunds Issued,Classification,6,2022,2,2022,1,01,24
2022-01-24,IRS Tax Refunds Individual,Checks,49,815,13193,VI,Income Tax Refunds Issued,Classification,7,2022,2,2022,1,01,24
2022-01-24,IRS Tax Refunds Individual,EFT,0,119,14087,VI,Income Tax Refunds Issued,Classification,8,2022,2,2022,1,01,24
2022-01-21,IRS - Advanced Child Tax Credit (Checks),null,0,0,6265,VI,Income Tax Refunds Issued,Classification,1,2022,2,2022,1,01,21
2022-01-21,IRS - Advanced Child Tax Credit (EFT),null,0,0,40931,VI,Income Tax Refunds Issued,Classification,2,2022,2,2022,1,01,21
2022-01-21,IRS - Economic Impact Payments (Checks),null,0,0,2079,VI,Income Tax Refunds Issued,Classification,3,2022,2,2022,1,01,21
2022-01-21,IRS - Economic Impact Payments (EFT),null,0,0,1837,VI,Income Tax Refunds Issued,Classification,4,2022,2,2022,1,01,21
2022-01-21,IRS Tax Refunds Business,Checks,45,4112,28371,VI,Income Tax Refunds Issued,Classification,5,2022,2,2022,1,01,21
2022-01-21,IRS Tax Refunds Business,EFT,473,1611,9192,VI,Income Tax Refunds Issued,Classification,6,2022,2,2022,1,01,21
2022-01-21,IRS Tax Refunds Individual,Checks,17,766,13143,VI,Income Tax Refunds Issued,Classification,7,2022,2,2022,1,01,21
2022-01-21,IRS Tax Refunds Individual,EFT,0,119,14087,VI,Income Tax Refunds Issued,Classification,8,2022,2,2022,1,01,21
2022-01-20,IRS - Advanced Child Tax Credit (Checks),null,0,0,6265,VI,Income Tax Refunds Issued,Classification,1,2022,2,2022,1,01,20
2022-01-20,IRS - Advanced Child Tax Credit (EFT),null,0,0,40931,VI,Income Tax Refunds Issued,Classification,2,2022,2,2022,1,01,20
2022-01-20,IRS - Economic Impact Payments (Checks),null,0,0,2079,VI,Income Tax Refunds Issued,Classification,3,2022,2,2022,1,01,20
2022-01-20,IRS - Economic Impact Payments (EFT),null,0,0,1837,VI,Income Tax Refunds Issued,Classification,4,2022,2,2022,1,01,20
2022-01-20,IRS Tax Refunds Business,Checks,36,4068,28326,VI,Income Tax Refunds Issued,Classification,5,2022,2,2022,1,01,20
2022-01-20,IRS Tax Refunds Business,EFT,0,1138,8719,VI,Income Tax Refunds Issued,Classification,6,2022,2,2022,1,01,20
2022-01-20,IRS Tax Refunds Individual,Checks,8,749,13126,VI,Income Tax Refunds Issued,Classification,7,2022,2,2022,1,01,20
2022-01-20,IRS Tax Refunds Individual,EFT,0,120,14087,VI,Income Tax Refunds Issued,Classification,8,2022,2,2022,1,01,20
2022-01-19,IRS - Advanced Child Tax Credit (Checks),null,0,0,6265,VI,Income Tax Refunds Issued,Classification,1,2022,2,2022,1,01,19
2022-01-19,IRS - Advanced Child Tax Credit (EFT),null,0,0,40931,VI,Income Tax Refunds Issued,Classification,2,2022,2,2022,1,01,19
2022-01-19,IRS - Economic Impact Payments (Checks),null,0,0,2079,VI,Income Tax Refunds Issued,Classification,3,2022,2,2022,1,01,19
2022-01-19,IRS - Economic Impact Payments (EFT),null,0,0,1837,VI,Income Tax Refunds Issued,Classification,4,2022,2,2022,1,01,19
2022-01-19,IRS Tax Refunds Business,Checks,38,4032,28290,VI,Income Tax Refunds Issued,Classification,5,2022,2,2022,1,01,19
2022-01-19,IRS Tax Refunds Business,EFT,134,1138,8719,VI,Income Tax Refunds Issued,Classification,6,2022,2,2022,1,01,19
2022-01-19,IRS Tax Refunds Individual,Checks,17,741,13118,VI,Income Tax Refunds Issued,Classification,7,2022,2,2022,1,01,19
2022-01-19,IRS Tax Refunds Individual,EFT,0,120,14087,VI,Income Tax Refunds Issued,Classification,8,2022,2,2022,1,01,19
2022-01-18,IRS - Advanced Child Tax Credit (Checks),null,0,0,6265,VI,Income Tax Refunds Issued,Classification,1,2022,2,2022,1,01,18
2022-01-18,IRS - Advanced Child Tax Credit (EFT),null,0,0,40931,VI,Income Tax Refunds Issued,Classification,2,2022,2,2022,1,01,18
2022-01-18,IRS - Economic Impact Payments (Checks),null,0,0,2079,VI,Income Tax Refunds Issued,Classification,3,2022,2,2022,1,01,18
2022-01-18,IRS - Economic Impact Payments (EFT),null,0,0,1837,VI,Income Tax Refunds Issued,Classification,4,2022,2,2022,1,01,18
2022-01-18,IRS Tax Refunds Business,Checks,852,3994,28252,VI,Income Tax Refunds Issued,Classification,5,2022,2,2022,1,01,18
2022-01-18,IRS Tax Refunds Business,EFT,9,1004,8585,VI,Income Tax Refunds Issued,Classification,6,2022,2,2022,1,01,18
2022-01-18,IRS Tax Refunds Individual,Checks,24,724,13101,VI,Income Tax Refunds Issued,Classification,7,2022,2,2022,1,01,18
2022-01-18,IRS Tax Refunds Individual,EFT,0,120,14087,VI,Income Tax Refunds Issued,Classification,8,2022,2,2022,1,01,18
2022-01-14,IRS - Advanced Child Tax Credit (Checks),null,0,0,6265,VI,Income Tax Refunds Issued,Classification,1,2022,2,2022,1,01,14
2022-01-14,IRS - Advanced Child Tax Credit (EFT),null,0,0,40931,VI,Income Tax Refunds Issued,Classification,2,2022,2,2022,1,01,14
2022-01-14,IRS - Economic Impact Payments (Checks),null,0,0,2079,VI,Income Tax Refunds Issued,Classification,3,2022,2,2022,1,01,14
2022-01-14,IRS - Economic Impact Payments (EFT),null,0,0,1837,VI,Income Tax Refunds Issued,Classification,4,2022,2,2022,1,01,14
2022-01-14,IRS Tax Refunds Business,Checks,89,3142,27401,VI,Income Tax Refunds Issued,Classification,5,2022,2,2022,1,01,14
2022-01-14,IRS Tax Refunds Business,EFT,-3,995,8576,VI,Income Tax Refunds Issued,Classification,6,2022,2,2022,1,01,14
2022-01-14,IRS Tax Refunds Individual,Checks,52,700,13077,VI,Income Tax Refunds Issued,Classification,7,2022,2,2022,1,01,14
2022-01-14,IRS Tax Refunds Individual,EFT,0,120,14087,VI,Income Tax Refunds Issued,Classification,8,2022,2,2022,1,01,14
2022-01-13,IRS - Advanced Child Tax Credit (Checks),null,0,0,6265,VI,Income Tax Refunds Issued,Classification,1,2022,2,2022,1,01,13
2022-01-13,IRS - Advanced Child Tax Credit (EFT),null,0,0,40931,VI,Income Tax Refunds Issued,Classification,2,2022,2,2022,1,01,13
2022-01-13,IRS - Economic Impact Payments (Checks),null,0,0,2079,VI,Income Tax Refunds Issued,Classification,3,2022,2,2022,1,01,13
2022-01-13,IRS - Economic Impact Payments (EFT),null,0,0,1837,VI,Income Tax Refunds Issued,Classification,4,2022,2,2022,1,01,13
2022-01-13,IRS Tax Refunds Business,Checks,25,3053,27311,VI,Income Tax Refunds Issued,Classification,5,2022,2,2022,1,01,13
2022-01-13,IRS Tax Refunds Business,EFT,7,998,8579,VI,Income Tax Refunds Issued,Classification,6,2022,2,2022,1,01,13
2022-01-13,IRS Tax Refunds Individual,Checks,12,648,13026,VI,Income Tax Refunds Issued,Classification,7,2022,2,2022,1,01,13
2022-01-13,IRS Tax Refunds Individual,EFT,0,120,14088,VI,Income Tax Refunds Issued,Classification,8,2022,2,2022,1,01,13
2022-01-12,IRS - Advanced Child Tax Credit (Checks),null,0,0,6265,VI,Income Tax Refunds Issued,Classification,1,2022,2,2022,1,01,12
2022-01-12,IRS - Advanced Child Tax Credit (EFT),null,0,0,40931,VI,Income Tax Refunds Issued,Classification,2,2022,2,2022,1,01,12
2022-01-12,IRS - Economic Impact Payments (Checks),null,0,0,2079,VI,Income Tax Refunds Issued,Classification,3,2022,2,2022,1,01,12
2022-01-12,IRS - Economic Impact Payments (EFT),null,0,0,1837,VI,Income Tax Refunds Issued,Classification,4,2022,2,2022,1,01,12
2022-01-12,IRS Tax Refunds Business,Checks,23,3027,27286,VI,Income Tax Refunds Issued,Classification,5,2022,2,2022,1,01,12
2022-01-12,IRS Tax Refunds Business,EFT,9,991,8572,VI,Income Tax Refunds Issued,Classification,6,2022,2,2022,1,01,12
2022-01-12,IRS Tax Refunds Individual,Checks,11,636,13014,VI,Income Tax Refunds Issued,Classification,7,2022,2,2022,1,01,12
2022-01-12,IRS Tax Refunds Individual,EFT,0,120,14088,VI,Income Tax Refunds Issued,Classification,8,2022,2,2022,1,01,12
2022-01-11,IRS - Advanced Child Tax Credit (Checks),null,0,0,6265,VI,Income Tax Refunds Issued,Classification,1,2022,2,2022,1,01,11
2022-01-11,IRS - Advanced Child Tax Credit (EFT),null,0,0,40931,VI,Income Tax Refunds Issued,Classification,2,2022,2,2022,1,01,11
2022-01-11,IRS - Economic Impact Payments (Checks),null,0,0,2079,VI,Income Tax Refunds Issued,Classification,3,2022,2,2022,1,01,11
2022-01-11,IRS - Economic Impact Payments (EFT),null,0,0,1837,VI,Income Tax Refunds Issued,Classification,4,2022,2,2022,1,01,11
2022-01-11,IRS Tax Refunds Business,Checks,1365,3004,27262,VI,Income Tax Refunds Issued,Classification,5,2022,2,2022,1,01,11
2022-01-11,IRS Tax Refunds Business,EFT,172,982,8563,VI,Income Tax Refunds Issued,Classification,6,2022,2,2022,1,01,11
2022-01-11,IRS Tax Refunds Individual,Checks,6,626,13003,VI,Income Tax Refunds Issued,Classification,7,2022,2,2022,1,01,11
2022-01-11,IRS Tax Refunds Individual,EFT,0,120,14088,VI,Income Tax Refunds Issued,Classification,8,2022,2,2022,1,01,11
2022-01-10,IRS - Advanced Child Tax Credit (Checks),null,0,0,6265,VI,Income Tax Refunds Issued,Classification,1,2022,2,2022,1,01,10
2022-01-10,IRS - Advanced Child Tax Credit (EFT),null,0,0,40931,VI,Income Tax Refunds Issued,Classification,2,2022,2,2022,1,01,10
2022-01-10,IRS - Economic Impact Payments (Checks),null,0,0,2079,VI,Income Tax Refunds Issued,Classification,3,2022,2,2022,1,01,10
2022-01-10,IRS - Economic Impact Payments (EFT),null,0,0,1837,VI,Income Tax Refunds Issued,Classification,4,2022,2,2022,1,01,10
2022-01-10,IRS Tax Refunds Business,Checks,33,1639,25897,VI,Income Tax Refunds Issued,Classification,5,2022,2,2022,1,01,10
2022-01-10,IRS Tax Refunds Business,EFT,134,809,8390,VI,Income Tax Refunds Issued,Classification,6,2022,2,2022,1,01,10
2022-01-10,IRS Tax Refunds Individual,Checks,9,620,12997,VI,Income Tax Refunds Issued,Classification,7,2022,2,2022,1,01,10
2022-01-10,IRS Tax Refunds Individual,EFT,0,120,14088,VI,Income Tax Refunds Issued,Classification,8,2022,2,2022,1,01,10
2022-01-07,IRS - Advanced Child Tax Credit (Checks),null,0,0,6265,VI,Income Tax Refunds Issued,Classification,1,2022,2,2022,1,01,07
2022-01-07,IRS - Advanced Child Tax Credit (EFT),null,0,0,40931,VI,Income Tax Refunds Issued,Classification,2,2022,2,2022,1,01,07
2022-01-07,IRS - Economic Impact Payments (Checks),null,0,0,2079,VI,Income Tax Refunds Issued,Classification,3,2022,2,2022,1,01,07
2022-01-07,IRS - Economic Impact Payments (EFT),null,0,0,1837,VI,Income Tax Refunds Issued,Classification,4,2022,2,2022,1,01,07
2022-01-07,IRS Tax Refunds Business,Checks,40,1606,25864,VI,Income Tax Refunds Issued,Classification,5,2022,2,2022,1,01,07
2022-01-07,IRS Tax Refunds Business,EFT,1,675,8256,VI,Income Tax Refunds Issued,Classification,6,2022,2,2022,1,01,07
2022-01-07,IRS Tax Refunds Individual,Checks,9,610,12988,VI,Income Tax Refunds Issued,Classification,7,2022,2,2022,1,01,07
2022-01-07,IRS Tax Refunds Individual,EFT,0,120,14088,VI,Income Tax Refunds Issued,Classification,8,2022,2,2022,1,01,07
2022-01-06,IRS Tax Refunds Business,Checks,46,1565,25824,VI,Income Tax Refunds Issued,Classification,5,2022,2,2022,1,01,06
2022-01-06,IRS Tax Refunds Business,EFT,632,674,8255,VI,Income Tax Refunds Issued,Classification,6,2022,2,2022,1,01,06
2022-01-06,IRS Tax Refunds Individual,Checks,321,602,12979,VI,Income Tax Refunds Issued,Classification,7,2022,2,2022,1,01,06
2022-01-06,IRS - Advanced Child Tax Credit (Checks),null,0,0,6265,VI,Income Tax Refunds Issued,Classification,1,2022,2,2022,1,01,06
2022-01-06,IRS - Advanced Child Tax Credit (EFT),null,0,0,40931,VI,Income Tax Refunds Issued,Classification,2,2022,2,2022,1,01,06
2022-01-06,IRS - Economic Impact Payments (Checks),null,0,0,2079,VI,Income Tax Refunds Issued,Classification,3,2022,2,2022,1,01,06
2022-01-06,IRS - Economic Impact Payments (EFT),null,0,0,1837,VI,Income Tax Refunds Issued,Classification,4,2022,2,2022,1,01,06
2022-01-06,IRS Tax Refunds Individual,EFT,-2,121,14088,VI,Income Tax Refunds Issued,Classification,8,2022,2,2022,1,01,06
2022-01-05,IRS - Advanced Child Tax Credit (Checks),null,0,0,6265,VI,Income Tax Refunds Issued,Classification,1,2022,2,2022,1,01,05
2022-01-05,IRS - Advanced Child Tax Credit (EFT),null,0,0,40931,VI,Income Tax Refunds Issued,Classification,2,2022,2,2022,1,01,05
2022-01-05,IRS - Economic Impact Payments (Checks),null,0,0,2079,VI,Income Tax Refunds Issued,Classification,3,2022,2,2022,1,01,05
2022-01-05,IRS - Economic Impact Payments (EFT),null,0,0,1837,VI,Income Tax Refunds Issued,Classification,4,2022,2,2022,1,01,05
2022-01-05,IRS Tax Refunds Business,Checks,1,1519,25778,VI,Income Tax Refunds Issued,Classification,5,2022,2,2022,1,01,05
2022-01-05,IRS Tax Refunds Business,EFT,7,42,7623,VI,Income Tax Refunds Issued,Classification,6,2022,2,2022,1,01,05
2022-01-05,IRS Tax Refunds Individual,Checks,31,281,12658,VI,Income Tax Refunds Issued,Classification,7,2022,2,2022,1,01,05
2022-01-05,IRS Tax Refunds Individual,EFT,-2,122,14090,VI,Income Tax Refunds Issued,Classification,8,2022,2,2022,1,01,05
2022-01-04,IRS - Advanced Child Tax Credit (Checks),null,0,0,6265,VI,Income Tax Refunds Issued,Classification,1,2022,2,2022,1,01,04
2022-01-04,IRS - Advanced Child Tax Credit (EFT),null,0,0,40931,VI,Income Tax Refunds Issued,Classification,2,2022,2,2022,1,01,04
2022-01-04,IRS - Economic Impact Payments (Checks),null,0,0,2079,VI,Income Tax Refunds Issued,Classification,3,2022,2,2022,1,01,04
2022-01-04,IRS - Economic Impact Payments (EFT),null,0,0,1837,VI,Income Tax Refunds Issued,Classification,4,2022,2,2022,1,01,04
2022-01-04,IRS Tax Refunds Business,Checks,1519,1519,25777,VI,Income Tax Refunds Issued,Classification,5,2022,2,2022,1,01,04
2022-01-04,IRS Tax Refunds Business,EFT,35,35,7616,VI,Income Tax Refunds Issued,Classification,6,2022,2,2022,1,01,04
2022-01-04,IRS Tax Refunds Individual,Checks,0,249,12627,VI,Income Tax Refunds Issued,Classification,7,2022,2,2022,1,01,04
2022-01-04,IRS Tax Refunds Individual,EFT,112,124,14091,VI,Income Tax Refunds Issued,Classification,8,2022,2,2022,1,01,04
2022-01-03,IRS - Advanced Child Tax Credit (Checks),null,0,0,6265,VI,Income Tax Refunds Issued,Classification,1,2022,2,2022,1,01,03
2022-01-03,IRS - Advanced Child Tax Credit (EFT),null,0,0,40931,VI,Income Tax Refunds Issued,Classification,2,2022,2,2022,1,01,03
2022-01-03,IRS - Economic Impact Payments (Checks),null,0,0,2079,VI,Income Tax Refunds Issued,Classification,3,2022,2,2022,1,01,03
2022-01-03,IRS - Economic Impact Payments (EFT),null,0,0,1837,VI,Income Tax Refunds Issued,Classification,4,2022,2,2022,1,01,03
2022-01-03,IRS Tax Refunds Business,Checks,0,0,24258,VI,Income Tax Refunds Issued,Classification,5,2022,2,2022,1,01,03
2022-01-03,IRS Tax Refunds Business,EFT,0,0,7581,VI,Income Tax Refunds Issued,Classification,6,2022,2,2022,1,01,03
2022-01-03,IRS Tax Refunds Individual,Checks,249,249,12626,VI,Income Tax Refunds Issued,Classification,7,2022,2,2022,1,01,03
2022-01-03,IRS Tax Refunds Individual,EFT,12,12,13979,VI,Income Tax Refunds Issued,Classification,8,2022,2,2022,1,01,03
2021-12-31,IRS - Advanced Child Tax Credit (Checks),null,0,2208,6265,VI,Income Tax Refunds Issued,Classification,1,2022,1,2021,4,12,31
2021-12-31,IRS - Advanced Child Tax Credit (EFT),null,0,13787,40931,VI,Income Tax Refunds Issued,Classification,2,2022,1,2021,4,12,31
2021-12-31,IRS - Economic Impact Payments (Checks),null,0,267,2079,VI,Income Tax Refunds Issued,Classification,3,2022,1,2021,4,12,31
2021-12-31,IRS - Economic Impact Payments (EFT),null,0,342,1837,VI,Income Tax Refunds Issued,Classification,4,2022,1,2021,4,12,31
2021-12-31,IRS Tax Refunds Business,Checks,0,5368,24258,VI,Income Tax Refunds Issued,Classification,5,2022,1,2021,4,12,31
2021-12-31,IRS Tax Refunds Business,EFT,0,1762,7581,VI,Income Tax Refunds Issued,Classification,6,2022,1,2021,4,12,31
2021-12-31,IRS Tax Refunds Individual,Checks,0,2630,12377,VI,Income Tax Refunds Issued,Classification,7,2022,1,2021,4,12,31
2021-12-31,IRS Tax Refunds Individual,EFT,0,1818,13967,VI,Income Tax Refunds Issued,Classification,8,2022,1,2021,4,12,31
2021-12-30,IRS - Advanced Child Tax Credit (Checks),null,0,2208,6265,VI,Income Tax Refunds Issued,Classification,1,2022,1,2021,4,12,30
2021-12-30,IRS - Advanced Child Tax Credit (EFT),null,0,13787,40931,VI,Income Tax Refunds Issued,Classification,2,2022,1,2021,4,12,30
2021-12-30,IRS - Economic Impact Payments (Checks),null,0,267,2079,VI,Income Tax Refunds Issued,Classification,3,2022,1,2021,4,12,30
2021-12-30,IRS - Economic Impact Payments (EFT),null,0,342,1837,VI,Income Tax Refunds Issued,Classification,4,2022,1,2021,4,12,30
2021-12-30,IRS Tax Refunds Business,Checks,0,5368,24258,VI,Income Tax Refunds Issued,Classification,5,2022,1,2021,4,12,30
2021-12-30,IRS Tax Refunds Business,EFT,-1,1762,7581,VI,Income Tax Refunds Issued,Classification,6,2022,1,2021,4,12,30
2021-12-30,IRS Tax Refunds Individual,Checks,12,2630,12377,VI,Income Tax Refunds Issued,Classification,7,2022,1,2021,4,12,30
2021-12-30,IRS Tax Refunds Individual,EFT,-2,1818,13967,VI,Income Tax Refunds Issued,Classification,8,2022,1,2021,4,12,30
2021-12-29,IRS - Advanced Child Tax Credit (Checks),null,0,2208,6265,VI,Income Tax Refunds Issued,Classification,1,2022,1,2021,4,12,29
2021-12-29,IRS - Advanced Child Tax Credit (EFT),null,0,13787,40931,VI,Income Tax Refunds Issued,Classification,2,2022,1,2021,4,12,29
2021-12-29,IRS - Economic Impact Payments (Checks),null,0,267,2079,VI,Income Tax Refunds Issued,Classification,3,2022,1,2021,4,12,29
2021-12-29,IRS - Economic Impact Payments (EFT),null,0,342,1837,VI,Income Tax Refunds Issued,Classification,4,2022,1,2021,4,12,29
2021-12-29,IRS Tax Refunds Business,Checks,0,5368,24258,VI,Income Tax Refunds Issued,Classification,5,2022,1,2021,4,12,29
2021-12-29,IRS Tax Refunds Business,EFT,0,1762,7582,VI,Income Tax Refunds Issued,Classification,6,2022,1,2021,4,12,29
2021-12-29,IRS Tax Refunds Individual,Checks,8,2618,12366,VI,Income Tax Refunds Issued,Classification,7,2022,1,2021,4,12,29
2021-12-29,IRS Tax Refunds Individual,EFT,135,1820,13969,VI,Income Tax Refunds Issued,Classification,8,2022,1,2021,4,12,29
2021-12-28,IRS - Advanced Child Tax Credit (Checks),null,0,2208,6265,VI,Income Tax Refunds Issued,Classification,1,2022,1,2021,4,12,28
2021-12-28,IRS - Advanced Child Tax Credit (EFT),null,0,13787,40931,VI,Income Tax Refunds Issued,Classification,2,2022,1,2021,4,12,28
2021-12-28,IRS - Economic Impact Payments (Checks),null,0,267,2079,VI,Income Tax Refunds Issued,Classification,3,2022,1,2021,4,12,28
2021-12-28,IRS - Economic Impact Payments (EFT),null,0,342,1837,VI,Income Tax Refunds Issued,Classification,4,2022,1,2021,4,12,28
2021-12-28,IRS Tax Refunds Business,Checks,1170,5368,24258,VI,Income Tax Refunds Issued,Classification,5,2022,1,2021,4,12,28
2021-12-28,IRS Tax Refunds Business,EFT,42,1762,7582,VI,Income Tax Refunds Issued,Classification,6,2022,1,2021,4,12,28
2021-12-28,IRS Tax Refunds Individual,Checks,13,2610,12357,VI,Income Tax Refunds Issued,Classification,7,2022,1,2021,4,12,28
2021-12-28,IRS Tax Refunds Individual,EFT,9,1686,13835,VI,Income Tax Refunds Issued,Classification,8,2022,1,2021,4,12,28
2021-12-27,IRS - Advanced Child Tax Credit (Checks),null,0,2208,6265,VI,Income Tax Refunds Issued,Classification,1,2022,1,2021,4,12,27
2021-12-27,IRS - Advanced Child Tax Credit (EFT),null,0,13787,40931,VI,Income Tax Refunds Issued,Classification,2,2022,1,2021,4,12,27
2021-12-27,IRS - Economic Impact Payments (Checks),null,0,267,2079,VI,Income Tax Refunds Issued,Classification,3,2022,1,2021,4,12,27
2021-12-27,IRS - Economic Impact Payments (EFT),null,0,342,1837,VI,Income Tax Refunds Issued,Classification,4,2022,1,2021,4,12,27
2021-12-27,IRS Tax Refunds Business,Checks,0,4198,23088,VI,Income Tax Refunds Issued,Classification,5,2022,1,2021,4,12,27
2021-12-27,IRS Tax Refunds Business,EFT,0,1720,7539,VI,Income Tax Refunds Issued,Classification,6,2022,1,2021,4,12,27
2021-12-27,IRS Tax Refunds Individual,Checks,469,2597,12344,VI,Income Tax Refunds Issued,Classification,7,2022,1,2021,4,12,27
2021-12-27,IRS Tax Refunds Individual,EFT,-1,1677,13826,VI,Income Tax Refunds Issued,Classification,8,2022,1,2021,4,12,27
2021-12-24,IRS - Advanced Child Tax Credit (Checks),null,0,2208,6265,VI,Income Tax Refunds Issued,Classification,1,2022,1,2021,4,12,24
2021-12-24,IRS - Advanced Child Tax Credit (EFT),null,0,13787,40931,VI,Income Tax Refunds Issued,Classification,2,2022,1,2021,4,12,24
2021-12-24,IRS - Economic Impact Payments (Checks),null,0,267,2079,VI,Income Tax Refunds Issued,Classification,3,2022,1,2021,4,12,24
2021-12-24,IRS - Economic Impact Payments (EFT),null,0,342,1837,VI,Income Tax Refunds Issued,Classification,4,2022,1,2021,4,12,24
2021-12-24,IRS Tax Refunds Business,Checks,0,4198,23088,VI,Income Tax Refunds Issued,Classification,5,2022,1,2021,4,12,24
2021-12-24,IRS Tax Refunds Business,EFT,0,1720,7540,VI,Income Tax Refunds Issued,Classification,6,2022,1,2021,4,12,24
2021-12-24,IRS Tax Refunds Individual,Checks,0,2129,11876,VI,Income Tax Refunds Issued,Classification,7,2022,1,2021,4,12,24
2021-12-24,IRS Tax Refunds Individual,EFT,0,1678,13827,VI,Income Tax Refunds Issued,Classification,8,2022,1,2021,4,12,24
2021-12-23,IRS - Advanced Child Tax Credit (Checks),null,0,2208,6265,VI,Income Tax Refunds Issued,Classification,1,2022,1,2021,4,12,23
2021-12-23,IRS - Advanced Child Tax Credit (EFT),null,0,13787,40931,VI,Income Tax Refunds Issued,Classification,2,2022,1,2021,4,12,23
2021-12-23,IRS - Economic Impact Payments (Checks),null,0,267,2079,VI,Income Tax Refunds Issued,Classification,3,2022,1,2021,4,12,23
2021-12-23,IRS - Economic Impact Payments (EFT),null,0,342,1837,VI,Income Tax Refunds Issued,Classification,4,2022,1,2021,4,12,23
2021-12-23,IRS Tax Refunds Business,Checks,0,4198,23088,VI,Income Tax Refunds Issued,Classification,5,2022,1,2021,4,12,23
2021-12-23,IRS Tax Refunds Business,EFT,0,1720,7540,VI,Income Tax Refunds Issued,Classification,6,2022,1,2021,4,12,23
2021-12-23,IRS Tax Refunds Individual,Checks,15,2129,11876,VI,Income Tax Refunds Issued,Classification,7,2022,1,2021,4,12,23
2021-12-23,IRS Tax Refunds Individual,EFT,3,1678,13827,VI,Income Tax Refunds Issued,Classification,8,2022,1,2021,4,12,23
2021-12-22,IRS - Advanced Child Tax Credit (Checks),null,0,2208,6265,VI,Income Tax Refunds Issued,Classification,1,2022,1,2021,4,12,22
2021-12-22,IRS - Advanced Child Tax Credit (EFT),null,0,13787,40931,VI,Income Tax Refunds Issued,Classification,2,2022,1,2021,4,12,22
2021-12-22,IRS - Economic Impact Payments (Checks),null,0,267,2079,VI,Income Tax Refunds Issued,Classification,3,2022,1,2021,4,12,22
2021-12-22,IRS - Economic Impact Payments (EFT),null,0,342,1837,VI,Income Tax Refunds Issued,Classification,4,2022,1,2021,4,12,22
2021-12-22,IRS Tax Refunds Business,Checks,0,4198,23088,VI,Income Tax Refunds Issued,Classification,5,2022,1,2021,4,12,22
2021-12-22,IRS Tax Refunds Business,EFT,-5,1720,7540,VI,Income Tax Refunds Issued,Classification,6,2022,1,2021,4,12,22
2021-12-22,IRS Tax Refunds Individual,Checks,9,2113,11860,VI,Income Tax Refunds Issued,Classification,7,2022,1,2021,4,12,22
2021-12-22,IRS Tax Refunds Individual,EFT,443,1675,13824,VI,Income Tax Refunds Issued,Classification,8,2022,1,2021,4,12,22
2021-12-21,IRS - Advanced Child Tax Credit (Checks),null,0,2208,6265,VI,Income Tax Refunds Issued,Classification,1,2022,1,2021,4,12,21
2021-12-21,IRS - Advanced Child Tax Credit (EFT),null,0,13787,40931,VI,Income Tax Refunds Issued,Classification,2,2022,1,2021,4,12,21
2021-12-21,IRS - Economic Impact Payments (Checks),null,0,267,2079,VI,Income Tax Refunds Issued,Classification,3,2022,1,2021,4,12,21
2021-12-21,IRS - Economic Impact Payments (EFT),null,0,342,1837,VI,Income Tax Refunds Issued,Classification,4,2022,1,2021,4,12,21
2021-12-21,IRS Tax Refunds Business,Checks,731,4198,23088,VI,Income Tax Refunds Issued,Classification,5,2022,1,2021,4,12,21
2021-12-21,IRS Tax Refunds Business,EFT,73,1725,7545,VI,Income Tax Refunds Issued,Classification,6,2022,1,2021,4,12,21
2021-12-21,IRS Tax Refunds Individual,Checks,11,2104,11851,VI,Income Tax Refunds Issued,Classification,7,2022,1,2021,4,12,21
2021-12-21,IRS Tax Refunds Individual,EFT,12,1232,13381,VI,Income Tax Refunds Issued,Classification,8,2022,1,2021,4,12,21
2021-12-20,IRS - Advanced Child Tax Credit (Checks),null,0,2208,6265,VI,Income Tax Refunds Issued,Classification,1,2022,1,2021,4,12,20
2021-12-20,IRS - Advanced Child Tax Credit (EFT),null,0,13787,40931,VI,Income Tax Refunds Issued,Classification,2,2022,1,2021,4,12,20
2021-12-20,IRS - Economic Impact Payments (Checks),null,0,267,2079,VI,Income Tax Refunds Issued,Classification,3,2022,1,2021,4,12,20
2021-12-20,IRS - Economic Impact Payments (EFT),null,0,342,1837,VI,Income Tax Refunds Issued,Classification,4,2022,1,2021,4,12,20
2021-12-20,IRS Tax Refunds Business,Checks,32,3467,22357,VI,Income Tax Refunds Issued,Classification,5,2022,1,2021,4,12,20
2021-12-20,IRS Tax Refunds Business,EFT,7,1652,7471,VI,Income Tax Refunds Issued,Classification,6,2022,1,2021,4,12,20
2021-12-20,IRS Tax Refunds Individual,Checks,50,2093,11840,VI,Income Tax Refunds Issued,Classification,7,2022,1,2021,4,12,20
2021-12-20,IRS Tax Refunds Individual,EFT,6,1220,13368,VI,Income Tax Refunds Issued,Classification,8,2022,1,2021,4,12,20
2021-12-17,IRS Tax Refunds Business,EFT,106,1644,7464,VI,Income Tax Refunds Issued,Classification,6,2022,1,2021,4,12,17
2021-12-17,IRS - Advanced Child Tax Credit (Checks),null,0,2208,6265,VI,Income Tax Refunds Issued,Classification,1,2022,1,2021,4,12,17
2021-12-17,IRS - Advanced Child Tax Credit (EFT),null,-17,13787,40931,VI,Income Tax Refunds Issued,Classification,2,2022,1,2021,4,12,17
2021-12-17,IRS - Economic Impact Payments (Checks),null,4,267,2079,VI,Income Tax Refunds Issued,Classification,3,2022,1,2021,4,12,17
2021-12-17,IRS - Economic Impact Payments (EFT),null,0,342,1837,VI,Income Tax Refunds Issued,Classification,4,2022,1,2021,4,12,17
2021-12-17,IRS Tax Refunds Business,Checks,66,3434,22324,VI,Income Tax Refunds Issued,Classification,5,2022,1,2021,4,12,17
2021-12-17,IRS Tax Refunds Individual,Checks,529,2043,11790,VI,Income Tax Refunds Issued,Classification,7,2022,1,2021,4,12,17
2021-12-17,IRS Tax Refunds Individual,EFT,9,1214,13363,VI,Income Tax Refunds Issued,Classification,8,2022,1,2021,4,12,17
2021-12-16,IRS - Advanced Child Tax Credit (Checks),null,0,2208,6265,VI,Income Tax Refunds Issued,Classification,1,2022,1,2021,4,12,16
2021-12-16,IRS - Advanced Child Tax Credit (EFT),null,-12,13804,40948,VI,Income Tax Refunds Issued,Classification,2,2022,1,2021,4,12,16
2021-12-16,IRS - Economic Impact Payments (Checks),null,0,263,2075,VI,Income Tax Refunds Issued,Classification,3,2022,1,2021,4,12,16
2021-12-16,IRS - Economic Impact Payments (EFT),null,0,342,1837,VI,Income Tax Refunds Issued,Classification,4,2022,1,2021,4,12,16
2021-12-16,IRS Tax Refunds Business,Checks,40,3368,22259,VI,Income Tax Refunds Issued,Classification,5,2022,1,2021,4,12,16
2021-12-16,IRS Tax Refunds Business,EFT,108,1538,7358,VI,Income Tax Refunds Issued,Classification,6,2022,1,2021,4,12,16
2021-12-16,IRS Tax Refunds Individual,Checks,52,1514,11261,VI,Income Tax Refunds Issued,Classification,7,2022,1,2021,4,12,16
2021-12-16,IRS Tax Refunds Individual,EFT,9,1205,13354,VI,Income Tax Refunds Issued,Classification,8,2022,1,2021,4,12,16
2021-12-15,IRS - Advanced Child Tax Credit (Checks),null,2208,2208,6265,VI,Income Tax Refunds Issued,Classification,1,2022,1,2021,4,12,15
2021-12-15,IRS - Advanced Child Tax Credit (EFT),null,13816,13816,40960,VI,Income Tax Refunds Issued,Classification,2,2022,1,2021,4,12,15
2021-12-15,IRS - Economic Impact Payments (Checks),null,0,262,2075,VI,Income Tax Refunds Issued,Classification,3,2022,1,2021,4,12,15
2021-12-15,IRS - Economic Impact Payments (EFT),null,1,342,1837,VI,Income Tax Refunds Issued,Classification,4,2022,1,2021,4,12,15
2021-12-15,IRS Tax Refunds Business,Checks,21,3329,22219,VI,Income Tax Refunds Issued,Classification,5,2022,1,2021,4,12,15
2021-12-15,IRS Tax Refunds Business,EFT,16,1431,7250,VI,Income Tax Refunds Issued,Classification,6,2022,1,2021,4,12,15
2021-12-15,IRS Tax Refunds Individual,Checks,24,1462,11209,VI,Income Tax Refunds Issued,Classification,7,2022,1,2021,4,12,15
2021-12-15,IRS Tax Refunds Individual,EFT,249,1195,13344,VI,Income Tax Refunds Issued,Classification,8,2022,1,2021,4,12,15
2021-12-14,IRS - Advanced Child Tax Credit (Checks),null,0,0,4057,VI,Income Tax Refunds Issued,Classification,1,2022,1,2021,4,12,14
2021-12-14,IRS - Advanced Child Tax Credit (EFT),null,0,0,27144,VI,Income Tax Refunds Issued,Classification,2,2022,1,2021,4,12,14
2021-12-14,IRS - Economic Impact Payments (Checks),null,1,262,2074,VI,Income Tax Refunds Issued,Classification,3,2022,1,2021,4,12,14
2021-12-14,IRS - Economic Impact Payments (EFT),null,0,340,1836,VI,Income Tax Refunds Issued,Classification,4,2022,1,2021,4,12,14
2021-12-14,IRS Tax Refunds Business,Checks,786,3307,22198,VI,Income Tax Refunds Issued,Classification,5,2022,1,2021,4,12,14
2021-12-14,IRS Tax Refunds Business,EFT,52,1415,7234,VI,Income Tax Refunds Issued,Classification,6,2022,1,2021,4,12,14
2021-12-14,IRS Tax Refunds Individual,Checks,50,1438,11185,VI,Income Tax Refunds Issued,Classification,7,2022,1,2021,4,12,14
2021-12-14,IRS Tax Refunds Individual,EFT,18,946,13095,VI,Income Tax Refunds Issued,Classification,8,2022,1,2021,4,12,14
2021-12-13,IRS - Advanced Child Tax Credit (Checks),null,0,0,4057,VI,Income Tax Refunds Issued,Classification,1,2022,1,2021,4,12,13
2021-12-13,IRS - Advanced Child Tax Credit (EFT),null,0,0,27144,VI,Income Tax Refunds Issued,Classification,2,2022,1,2021,4,12,13
2021-12-13,IRS - Economic Impact Payments (Checks),null,0,261,2074,VI,Income Tax Refunds Issued,Classification,3,2022,1,2021,4,12,13
2021-12-13,IRS - Economic Impact Payments (EFT),null,0,340,1836,VI,Income Tax Refunds Issued,Classification,4,2022,1,2021,4,12,13
2021-12-13,IRS Tax Refunds Business,Checks,253,2521,21411,VI,Income Tax Refunds Issued,Classification,5,2022,1,2021,4,12,13
2021-12-13,IRS Tax Refunds Business,EFT,285,1363,7182,VI,Income Tax Refunds Issued,Classification,6,2022,1,2021,4,12,13
2021-12-13,IRS Tax Refunds Individual,Checks,15,1388,11135,VI,Income Tax Refunds Issued,Classification,7,2022,1,2021,4,12,13
2021-12-13,IRS Tax Refunds Individual,EFT,13,928,13077,VI,Income Tax Refunds Issued,Classification,8,2022,1,2021,4,12,13
2021-12-10,IRS - Advanced Child Tax Credit (Checks),null,0,0,4057,VI,Income Tax Refunds Issued,Classification,1,2022,1,2021,4,12,10
2021-12-10,IRS - Advanced Child Tax Credit (EFT),null,0,0,27144,VI,Income Tax Refunds Issued,Classification,2,2022,1,2021,4,12,10
2021-12-10,IRS - Economic Impact Payments (Checks),null,81,261,2074,VI,Income Tax Refunds Issued,Classification,3,2022,1,2021,4,12,10
2021-12-10,IRS - Economic Impact Payments (EFT),null,0,340,1836,VI,Income Tax Refunds Issued,Classification,4,2022,1,2021,4,12,10
2021-12-10,IRS Tax Refunds Business,Checks,50,2268,21159,VI,Income Tax Refunds Issued,Classification,5,2022,1,2021,4,12,10
2021-12-10,IRS Tax Refunds Business,EFT,58,1078,6898,VI,Income Tax Refunds Issued,Classification,6,2022,1,2021,4,12,10
2021-12-10,IRS Tax Refunds Individual,Checks,664,1374,11121,VI,Income Tax Refunds Issued,Classification,7,2022,1,2021,4,12,10
2021-12-10,IRS Tax Refunds Individual,EFT,18,915,13064,VI,Income Tax Refunds Issued,Classification,8,2022,1,2021,4,12,10
2021-12-09,IRS - Advanced Child Tax Credit (Checks),null,0,0,4057,VI,Income Tax Refunds Issued,Classification,1,2022,1,2021,4,12,09
2021-12-09,IRS - Advanced Child Tax Credit (EFT),null,0,0,27144,VI,Income Tax Refunds Issued,Classification,2,2022,1,2021,4,12,09
2021-12-09,IRS - Economic Impact Payments (Checks),null,1,180,1992,VI,Income Tax Refunds Issued,Classification,3,2022,1,2021,4,12,09
2021-12-09,IRS - Economic Impact Payments (EFT),null,0,340,1836,VI,Income Tax Refunds Issued,Classification,4,2022,1,2021,4,12,09
2021-12-09,IRS Tax Refunds Business,Checks,75,2218,21108,VI,Income Tax Refunds Issued,Classification,5,2022,1,2021,4,12,09
2021-12-09,IRS Tax Refunds Business,EFT,-143,1021,6840,VI,Income Tax Refunds Issued,Classification,6,2022,1,2021,4,12,09
2021-12-09,IRS Tax Refunds Individual,Checks,58,710,10457,VI,Income Tax Refunds Issued,Classification,7,2022,1,2021,4,12,09
2021-12-09,IRS Tax Refunds Individual,EFT,-7,897,13046,VI,Income Tax Refunds Issued,Classification,8,2022,1,2021,4,12,09
2021-12-08,IRS - Advanced Child Tax Credit (Checks),null,0,0,4057,VI,Income Tax Refunds Issued,Classification,1,2022,1,2021,4,12,08
2021-12-08,IRS - Advanced Child Tax Credit (EFT),null,0,0,27144,VI,Income Tax Refunds Issued,Classification,2,2022,1,2021,4,12,08
2021-12-08,IRS - Economic Impact Payments (Checks),null,0,179,1992,VI,Income Tax Refunds Issued,Classification,3,2022,1,2021,4,12,08
2021-12-08,IRS - Economic Impact Payments (EFT),null,92,340,1836,VI,Income Tax Refunds Issued,Classification,4,2022,1,2021,4,12,08
2021-12-08,IRS Tax Refunds Business,Checks,852,2143,21033,VI,Income Tax Refunds Issued,Classification,5,2022,1,2021,4,12,08
2021-12-08,IRS Tax Refunds Business,EFT,264,1164,6983,VI,Income Tax Refunds Issued,Classification,6,2022,1,2021,4,12,08
2021-12-08,IRS Tax Refunds Individual,Checks,122,651,10398,VI,Income Tax Refunds Issued,Classification,7,2022,1,2021,4,12,08
2021-12-08,IRS Tax Refunds Individual,EFT,398,904,13053,VI,Income Tax Refunds Issued,Classification,8,2022,1,2021,4,12,08
2021-12-07,IRS - Advanced Child Tax Credit (Checks),null,0,0,4057,VI,Income Tax Refunds Issued,Classification,1,2022,1,2021,4,12,07
2021-12-07,IRS - Advanced Child Tax Credit (EFT),null,0,0,27144,VI,Income Tax Refunds Issued,Classification,2,2022,1,2021,4,12,07
2021-12-07,IRS - Economic Impact Payments (Checks),null,1,179,1991,VI,Income Tax Refunds Issued,Classification,3,2022,1,2021,4,12,07
2021-12-07,IRS - Economic Impact Payments (EFT),null,0,248,1744,VI,Income Tax Refunds Issued,Classification,4,2022,1,2021,4,12,07
2021-12-07,IRS Tax Refunds Business,Checks,1097,1291,20181,VI,Income Tax Refunds Issued,Classification,5,2022,1,2021,4,12,07
2021-12-07,IRS Tax Refunds Business,EFT,254,900,6720,VI,Income Tax Refunds Issued,Classification,6,2022,1,2021,4,12,07
2021-12-07,IRS Tax Refunds Individual,Checks,22,530,10277,VI,Income Tax Refunds Issued,Classification,7,2022,1,2021,4,12,07
2021-12-07,IRS Tax Refunds Individual,EFT,23,506,12655,VI,Income Tax Refunds Issued,Classification,8,2022,1,2021,4,12,07
2021-12-06,IRS - Advanced Child Tax Credit (Checks),null,0,0,4057,VI,Income Tax Refunds Issued,Classification,1,2022,1,2021,4,12,06
2021-12-06,IRS - Advanced Child Tax Credit (EFT),null,0,0,27144,VI,Income Tax Refunds Issued,Classification,2,2022,1,2021,4,12,06
2021-12-06,IRS - Economic Impact Payments (Checks),null,2,178,1991,VI,Income Tax Refunds Issued,Classification,3,2022,1,2021,4,12,06
2021-12-06,IRS - Economic Impact Payments (EFT),null,0,248,1744,VI,Income Tax Refunds Issued,Classification,4,2022,1,2021,4,12,06
2021-12-06,IRS Tax Refunds Business,Checks,115,194,19084,VI,Income Tax Refunds Issued,Classification,5,2022,1,2021,4,12,06
2021-12-06,IRS Tax Refunds Business,EFT,341,646,6466,VI,Income Tax Refunds Issued,Classification,6,2022,1,2021,4,12,06
2021-12-06,IRS Tax Refunds Individual,Checks,34,508,10255,VI,Income Tax Refunds Issued,Classification,7,2022,1,2021,4,12,06
2021-12-06,IRS Tax Refunds Individual,EFT,54,483,12632,VI,Income Tax Refunds Issued,Classification,8,2022,1,2021,4,12,06
2021-12-03,IRS - Advanced Child Tax Credit (Checks),null,0,0,4057,VI,Income Tax Refunds Issued,Classification,1,2022,1,2021,4,12,03
2021-12-03,IRS - Advanced Child Tax Credit (EFT),null,0,0,27144,VI,Income Tax Refunds Issued,Classification,2,2022,1,2021,4,12,03
2021-12-03,IRS - Economic Impact Payments (Checks),null,175,176,1989,VI,Income Tax Refunds Issued,Classification,3,2022,1,2021,4,12,03
2021-12-03,IRS - Economic Impact Payments (EFT),null,0,247,1743,VI,Income Tax Refunds Issued,Classification,4,2022,1,2021,4,12,03
2021-12-03,IRS Tax Refunds Business,Checks,48,79,18969,VI,Income Tax Refunds Issued,Classification,5,2022,1,2021,4,12,03
2021-12-03,IRS Tax Refunds Business,EFT,240,306,6125,VI,Income Tax Refunds Issued,Classification,6,2022,1,2021,4,12,03
2021-12-03,IRS Tax Refunds Individual,Checks,382,473,10220,VI,Income Tax Refunds Issued,Classification,7,2022,1,2021,4,12,03
2021-12-03,IRS Tax Refunds Individual,EFT,9,429,12578,VI,Income Tax Refunds Issued,Classification,8,2022,1,2021,4,12,03
2021-12-02,IRS - Advanced Child Tax Credit (Checks),null,0,0,4057,VI,Income Tax Refunds Issued,Classification,1,2022,1,2021,4,12,02
2021-12-02,IRS - Advanced Child Tax Credit (EFT),null,0,0,27144,VI,Income Tax Refunds Issued,Classification,2,2022,1,2021,4,12,02
2021-12-02,IRS - Economic Impact Payments (Checks),null,1,1,1814,VI,Income Tax Refunds Issued,Classification,3,2022,1,2021,4,12,02
2021-12-02,IRS - Economic Impact Payments (EFT),null,0,247,1743,VI,Income Tax Refunds Issued,Classification,4,2022,1,2021,4,12,02
2021-12-02,IRS Tax Refunds Business,Checks,17,30,18921,VI,Income Tax Refunds Issued,Classification,5,2022,1,2021,4,12,02
2021-12-02,IRS Tax Refunds Business,EFT,65,66,5885,VI,Income Tax Refunds Issued,Classification,6,2022,1,2021,4,12,02
2021-12-02,IRS Tax Refunds Individual,Checks,49,92,9839,VI,Income Tax Refunds Issued,Classification,7,2022,1,2021,4,12,02
2021-12-02,IRS Tax Refunds Individual,EFT,8,419,12568,VI,Income Tax Refunds Issued,Classification,8,2022,1,2021,4,12,02
2021-12-01,IRS - Advanced Child Tax Credit (Checks),null,0,0,4057,VI,Income Tax Refunds Issued,Classification,1,2022,1,2021,4,12,01
2021-12-01,IRS - Advanced Child Tax Credit (EFT),null,0,0,27144,VI,Income Tax Refunds Issued,Classification,2,2022,1,2021,4,12,01
2021-12-01,IRS - Economic Impact Payments (Checks),null,1,1,1813,VI,Income Tax Refunds Issued,Classification,3,2022,1,2021,4,12,01
2021-12-01,IRS - Economic Impact Payments (EFT),null,247,247,1743,VI,Income Tax Refunds Issued,Classification,4,2022,1,2021,4,12,01
2021-12-01,IRS Tax Refunds Business,Checks,14,14,18904,VI,Income Tax Refunds Issued,Classification,5,2022,1,2021,4,12,01
2021-12-01,IRS Tax Refunds Business,EFT,1,1,5820,VI,Income Tax Refunds Issued,Classification,6,2022,1,2021,4,12,01
2021-12-01,IRS Tax Refunds Individual,Checks,43,43,9790,VI,Income Tax Refunds Issued,Classification,7,2022,1,2021,4,12,01
2021-12-01,IRS Tax Refunds Individual,EFT,411,411,12560,VI,Income Tax Refunds Issued,Classification,8,2022,1,2021,4,12,01
2021-11-30,IRS - Advanced Child Tax Credit (Checks),null,0,2040,4057,VI,Income Tax Refunds Issued,Classification,1,2022,1,2021,4,11,30
2021-11-30,IRS - Advanced Child Tax Credit (EFT),null,0,13648,27144,VI,Income Tax Refunds Issued,Classification,2,2022,1,2021,4,11,30
2021-11-30,IRS - Economic Impact Payments (Checks),null,1,878,1813,VI,Income Tax Refunds Issued,Classification,3,2022,1,2021,4,11,30
2021-11-30,IRS - Economic Impact Payments (EFT),null,1,844,1496,VI,Income Tax Refunds Issued,Classification,4,2022,1,2021,4,11,30
2021-11-30,IRS Tax Refunds Business,Checks,842,12314,18890,VI,Income Tax Refunds Issued,Classification,5,2022,1,2021,4,11,30
2021-11-30,IRS Tax Refunds Business,EFT,115,2707,5819,VI,Income Tax Refunds Issued,Classification,6,2022,1,2021,4,11,30
2021-11-30,IRS Tax Refunds Individual,Checks,16,4784,9747,VI,Income Tax Refunds Issued,Classification,7,2022,1,2021,4,11,30
2021-11-30,IRS Tax Refunds Individual,EFT,18,4754,12149,VI,Income Tax Refunds Issued,Classification,8,2022,1,2021,4,11,30
2021-11-29,IRS - Advanced Child Tax Credit (Checks),null,13,2040,4057,VI,Income Tax Refunds Issued,Classification,1,2022,1,2021,4,11,29
2021-11-29,IRS - Advanced Child Tax Credit (EFT),null,0,13648,27144,VI,Income Tax Refunds Issued,Classification,2,2022,1,2021,4,11,29
2021-11-29,IRS - Economic Impact Payments (Checks),null,110,878,1812,VI,Income Tax Refunds Issued,Classification,3,2022,1,2021,4,11,29
2021-11-29,IRS - Economic Impact Payments (EFT),null,0,843,1495,VI,Income Tax Refunds Issued,Classification,4,2022,1,2021,4,11,29
2021-11-29,IRS Tax Refunds Business,Checks,0,11472,18048,VI,Income Tax Refunds Issued,Classification,5,2022,1,2021,4,11,29
2021-11-29,IRS Tax Refunds Business,EFT,0,2592,5704,VI,Income Tax Refunds Issued,Classification,6,2022,1,2021,4,11,29
2021-11-29,IRS Tax Refunds Individual,Checks,1196,4768,9731,VI,Income Tax Refunds Issued,Classification,7,2022,1,2021,4,11,29
2021-11-29,IRS Tax Refunds Individual,EFT,16,4735,12130,VI,Income Tax Refunds Issued,Classification,8,2022,1,2021,4,11,29
2021-11-26,IRS - Advanced Child Tax Credit (Checks),null,6,2027,4044,VI,Income Tax Refunds Issued,Classification,1,2022,1,2021,4,11,26
2021-11-26,IRS - Advanced Child Tax Credit (EFT),null,0,13648,27144,VI,Income Tax Refunds Issued,Classification,2,2022,1,2021,4,11,26
2021-11-26,IRS - Economic Impact Payments (Checks),null,1,768,1702,VI,Income Tax Refunds Issued,Classification,3,2022,1,2021,4,11,26
2021-11-26,IRS - Economic Impact Payments (EFT),null,0,843,1495,VI,Income Tax Refunds Issued,Classification,4,2022,1,2021,4,11,26
2021-11-26,IRS Tax Refunds Business,Checks,15,11472,18048,VI,Income Tax Refunds Issued,Classification,5,2022,1,2021,4,11,26
2021-11-26,IRS Tax Refunds Business,EFT,0,2592,5705,VI,Income Tax Refunds Issued,Classification,6,2022,1,2021,4,11,26
2021-11-26,IRS Tax Refunds Individual,Checks,39,3571,8535,VI,Income Tax Refunds Issued,Classification,7,2022,1,2021,4,11,26
2021-11-26,IRS Tax Refunds Individual,EFT,15,4719,12114,VI,Income Tax Refunds Issued,Classification,8,2022,1,2021,4,11,26
2021-11-24,IRS - Advanced Child Tax Credit (Checks),null,4,2021,4039,VI,Income Tax Refunds Issued,Classification,1,2022,1,2021,4,11,24
2021-11-24,IRS - Advanced Child Tax Credit (EFT),null,1,13648,27144,VI,Income Tax Refunds Issued,Classification,2,2022,1,2021,4,11,24
2021-11-24,IRS - Economic Impact Payments (Checks),null,1,767,1702,VI,Income Tax Refunds Issued,Classification,3,2022,1,2021,4,11,24
2021-11-24,IRS - Economic Impact Payments (EFT),null,78,843,1495,VI,Income Tax Refunds Issued,Classification,4,2022,1,2021,4,11,24
2021-11-24,IRS Tax Refunds Business,Checks,12,11457,18034,VI,Income Tax Refunds Issued,Classification,5,2022,1,2021,4,11,24
2021-11-24,IRS Tax Refunds Business,EFT,69,2592,5705,VI,Income Tax Refunds Issued,Classification,6,2022,1,2021,4,11,24
2021-11-24,IRS Tax Refunds Individual,Checks,52,3532,8495,VI,Income Tax Refunds Issued,Classification,7,2022,1,2021,4,11,24
2021-11-24,IRS Tax Refunds Individual,EFT,823,4705,12100,VI,Income Tax Refunds Issued,Classification,8,2022,1,2021,4,11,24
2021-11-23,IRS - Advanced Child Tax Credit (Checks),null,0,2017,4034,VI,Income Tax Refunds Issued,Classification,1,2022,1,2021,4,11,23
2021-11-23,IRS - Advanced Child Tax Credit (EFT),null,1,13646,27143,VI,Income Tax Refunds Issued,Classification,2,2022,1,2021,4,11,23
2021-11-23,IRS - Economic Impact Payments (Checks),null,1,766,1700,VI,Income Tax Refunds Issued,Classification,3,2022,1,2021,4,11,23
2021-11-23,IRS - Economic Impact Payments (EFT),null,0,765,1417,VI,Income Tax Refunds Issued,Classification,4,2022,1,2021,4,11,23
2021-11-23,IRS Tax Refunds Business,Checks,4249,11445,18021,VI,Income Tax Refunds Issued,Classification,5,2022,1,2021,4,11,23
2021-11-23,IRS Tax Refunds Business,EFT,21,2523,5635,VI,Income Tax Refunds Issued,Classification,6,2022,1,2021,4,11,23
2021-11-23,IRS Tax Refunds Individual,Checks,36,3481,8444,VI,Income Tax Refunds Issued,Classification,7,2022,1,2021,4,11,23
2021-11-23,IRS Tax Refunds Individual,EFT,31,3882,11277,VI,Income Tax Refunds Issued,Classification,8,2022,1,2021,4,11,23
2021-11-22,IRS - Advanced Child Tax Credit (Checks),null,0,2017,4034,VI,Income Tax Refunds Issued,Classification,1,2022,1,2021,4,11,22
2021-11-22,IRS - Advanced Child Tax Credit (EFT),null,1,13646,27142,VI,Income Tax Refunds Issued,Classification,2,2022,1,2021,4,11,22
2021-11-22,IRS - Economic Impact Payments (Checks),null,3,765,1699,VI,Income Tax Refunds Issued,Classification,3,2022,1,2021,4,11,22
2021-11-22,IRS - Economic Impact Payments (EFT),null,0,765,1417,VI,Income Tax Refunds Issued,Classification,4,2022,1,2021,4,11,22
2021-11-22,IRS Tax Refunds Business,Checks,60,7196,13772,VI,Income Tax Refunds Issued,Classification,5,2022,1,2021,4,11,22
2021-11-22,IRS Tax Refunds Business,EFT,55,2501,5614,VI,Income Tax Refunds Issued,Classification,6,2022,1,2021,4,11,22
2021-11-22,IRS Tax Refunds Individual,Checks,77,3445,8408,VI,Income Tax Refunds Issued,Classification,7,2022,1,2021,4,11,22
2021-11-22,IRS Tax Refunds Individual,EFT,21,3851,11246,VI,Income Tax Refunds Issued,Classification,8,2022,1,2021,4,11,22
2021-11-19,IRS - Advanced Child Tax Credit (Checks),null,0,2017,4034,VI,Income Tax Refunds Issued,Classification,1,2022,1,2021,4,11,19
2021-11-19,IRS - Advanced Child Tax Credit (EFT),null,-11,13645,27141,VI,Income Tax Refunds Issued,Classification,2,2022,1,2021,4,11,19
2021-11-19,IRS - Economic Impact Payments (Checks),null,130,762,1696,VI,Income Tax Refunds Issued,Classification,3,2022,1,2021,4,11,19
2021-11-19,IRS - Economic Impact Payments (EFT),null,0,765,1416,VI,Income Tax Refunds Issued,Classification,4,2022,1,2021,4,11,19
2021-11-19,IRS Tax Refunds Business,Checks,53,7136,13712,VI,Income Tax Refunds Issued,Classification,5,2022,1,2021,4,11,19
2021-11-19,IRS Tax Refunds Business,EFT,347,2446,5559,VI,Income Tax Refunds Issued,Classification,6,2022,1,2021,4,11,19
2021-11-19,IRS Tax Refunds Individual,Checks,333,3368,8331,VI,Income Tax Refunds Issued,Classification,7,2022,1,2021,4,11,19
2021-11-19,IRS Tax Refunds Individual,EFT,24,3830,11225,VI,Income Tax Refunds Issued,Classification,8,2022,1,2021,4,11,19
2021-11-18,IRS - Advanced Child Tax Credit (Checks),null,0,2017,4034,VI,Income Tax Refunds Issued,Classification,1,2022,1,2021,4,11,18
2021-11-18,IRS - Advanced Child Tax Credit (EFT),null,-6,13656,27153,VI,Income Tax Refunds Issued,Classification,2,2022,1,2021,4,11,18
2021-11-18,IRS - Economic Impact Payments (Checks),null,1,632,1566,VI,Income Tax Refunds Issued,Classification,3,2022,1,2021,4,11,18
2021-11-18,IRS - Economic Impact Payments (EFT),null,0,764,1416,VI,Income Tax Refunds Issued,Classification,4,2022,1,2021,4,11,18
2021-11-18,IRS Tax Refunds Business,Checks,48,7084,13660,VI,Income Tax Refunds Issued,Classification,5,2022,1,2021,4,11,18
2021-11-18,IRS Tax Refunds Business,EFT,39,2099,5211,VI,Income Tax Refunds Issued,Classification,6,2022,1,2021,4,11,18
2021-11-18,IRS Tax Refunds Individual,Checks,62,3035,7998,VI,Income Tax Refunds Issued,Classification,7,2022,1,2021,4,11,18
2021-11-18,IRS Tax Refunds Individual,EFT,28,3806,11201,VI,Income Tax Refunds Issued,Classification,8,2022,1,2021,4,11,18
2021-11-17,IRS - Advanced Child Tax Credit (Checks),null,0,2017,4034,VI,Income Tax Refunds Issued,Classification,1,2022,1,2021,4,11,17
2021-11-17,IRS - Advanced Child Tax Credit (EFT),null,-16,13662,27159,VI,Income Tax Refunds Issued,Classification,2,2022,1,2021,4,11,17
2021-11-17,IRS - Economic Impact Payments (Checks),null,1,631,1565,VI,Income Tax Refunds Issued,Classification,3,2022,1,2021,4,11,17
2021-11-17,IRS - Economic Impact Payments (EFT),null,139,764,1416,VI,Income Tax Refunds Issued,Classification,4,2022,1,2021,4,11,17
2021-11-17,IRS Tax Refunds Business,Checks,37,7035,13611,VI,Income Tax Refunds Issued,Classification,5,2022,1,2021,4,11,17
2021-11-17,IRS Tax Refunds Business,EFT,89,2060,5172,VI,Income Tax Refunds Issued,Classification,6,2022,1,2021,4,11,17
2021-11-17,IRS Tax Refunds Individual,Checks,48,2972,7936,VI,Income Tax Refunds Issued,Classification,7,2022,1,2021,4,11,17
2021-11-17,IRS Tax Refunds Individual,EFT,501,3777,11172,VI,Income Tax Refunds Issued,Classification,8,2022,1,2021,4,11,17
2021-11-16,IRS - Advanced Child Tax Credit (Checks),null,0,2017,4034,VI,Income Tax Refunds Issued,Classification,1,2022,1,2021,4,11,16
2021-11-16,IRS - Advanced Child Tax Credit (EFT),null,-28,13679,27175,VI,Income Tax Refunds Issued,Classification,2,2022,1,2021,4,11,16
2021-11-16,IRS - Economic Impact Payments (Checks),null,1,630,1565,VI,Income Tax Refunds Issued,Classification,3,2022,1,2021,4,11,16
2021-11-16,IRS - Economic Impact Payments (EFT),null,0,625,1277,VI,Income Tax Refunds Issued,Classification,4,2022,1,2021,4,11,16
2021-11-16,IRS Tax Refunds Business,Checks,2996,6998,13574,VI,Income Tax Refunds Issued,Classification,5,2022,1,2021,4,11,16
2021-11-16,IRS Tax Refunds Business,EFT,126,1971,5084,VI,Income Tax Refunds Issued,Classification,6,2022,1,2021,4,11,16
2021-11-16,IRS Tax Refunds Individual,Checks,32,2924,7888,VI,Income Tax Refunds Issued,Classification,7,2022,1,2021,4,11,16
2021-11-16,IRS Tax Refunds Individual,EFT,62,3277,10672,VI,Income Tax Refunds Issued,Classification,8,2022,1,2021,4,11,16
2021-11-15,IRS - Advanced Child Tax Credit (Checks),null,2016,2017,4034,VI,Income Tax Refunds Issued,Classification,1,2022,1,2021,4,11,15
2021-11-15,IRS - Advanced Child Tax Credit (EFT),null,13706,13706,27203,VI,Income Tax Refunds Issued,Classification,2,2022,1,2021,4,11,15
2021-11-15,IRS - Economic Impact Payments (Checks),null,234,629,1564,VI,Income Tax Refunds Issued,Classification,3,2022,1,2021,4,11,15
2021-11-15,IRS - Economic Impact Payments (EFT),null,0,625,1277,VI,Income Tax Refunds Issued,Classification,4,2022,1,2021,4,11,15
2021-11-15,IRS Tax Refunds Business,Checks,308,4002,10578,VI,Income Tax Refunds Issued,Classification,5,2022,1,2021,4,11,15
2021-11-15,IRS Tax Refunds Business,EFT,8,1845,4958,VI,Income Tax Refunds Issued,Classification,6,2022,1,2021,4,11,15
2021-11-15,IRS Tax Refunds Individual,Checks,1010,2893,7856,VI,Income Tax Refunds Issued,Classification,7,2022,1,2021,4,11,15
2021-11-15,IRS Tax Refunds Individual,EFT,42,3215,10610,VI,Income Tax Refunds Issued,Classification,8,2022,1,2021,4,11,15
2021-11-12,IRS Tax Refunds Individual,Checks,69,1883,6846,VI,Income Tax Refunds Issued,Classification,7,2022,1,2021,4,11,12
2021-11-12,IRS - Advanced Child Tax Credit (Checks),null,0,0,2018,VI,Income Tax Refunds Issued,Classification,1,2022,1,2021,4,11,12
2021-11-12,IRS - Advanced Child Tax Credit (EFT),null,0,0,13496,VI,Income Tax Refunds Issued,Classification,2,2022,1,2021,4,11,12
2021-11-12,IRS - Economic Impact Payments (Checks),null,1,396,1330,VI,Income Tax Refunds Issued,Classification,3,2022,1,2021,4,11,12
2021-11-12,IRS - Economic Impact Payments (EFT),null,0,625,1276,VI,Income Tax Refunds Issued,Classification,4,2022,1,2021,4,11,12
2021-11-12,IRS Tax Refunds Business,Checks,190,3695,10271,VI,Income Tax Refunds Issued,Classification,5,2022,1,2021,4,11,12
2021-11-12,IRS Tax Refunds Business,EFT,273,1838,4950,VI,Income Tax Refunds Issued,Classification,6,2022,1,2021,4,11,12
2021-11-12,IRS Tax Refunds Individual,EFT,30,3174,10569,VI,Income Tax Refunds Issued,Classification,8,2022,1,2021,4,11,12
2021-11-10,IRS - Advanced Child Tax Credit (Checks),null,0,0,2018,VI,Income Tax Refunds Issued,Classification,1,2022,1,2021,4,11,10
2021-11-10,IRS - Advanced Child Tax Credit (EFT),null,0,0,13496,VI,Income Tax Refunds Issued,Classification,2,2022,1,2021,4,11,10
2021-11-10,IRS - Economic Impact Payments (Checks),null,1,395,1329,VI,Income Tax Refunds Issued,Classification,3,2022,1,2021,4,11,10
2021-11-10,IRS - Economic Impact Payments (EFT),null,354,624,1276,VI,Income Tax Refunds Issued,Classification,4,2022,1,2021,4,11,10
2021-11-10,IRS Tax Refunds Business,Checks,19,3505,10081,VI,Income Tax Refunds Issued,Classification,5,2022,1,2021,4,11,10
2021-11-10,IRS Tax Refunds Business,EFT,75,1565,4678,VI,Income Tax Refunds Issued,Classification,6,2022,1,2021,4,11,10
2021-11-10,IRS Tax Refunds Individual,Checks,40,1814,6777,VI,Income Tax Refunds Issued,Classification,7,2022,1,2021,4,11,10
2021-11-10,IRS Tax Refunds Individual,EFT,973,3143,10538,VI,Income Tax Refunds Issued,Classification,8,2022,1,2021,4,11,10
2021-11-09,IRS - Advanced Child Tax Credit (Checks),null,0,0,2018,VI,Income Tax Refunds Issued,Classification,1,2022,1,2021,4,11,09
2021-11-09,IRS - Advanced Child Tax Credit (EFT),null,0,0,13496,VI,Income Tax Refunds Issued,Classification,2,2022,1,2021,4,11,09
2021-11-09,IRS - Economic Impact Payments (Checks),null,1,394,1328,VI,Income Tax Refunds Issued,Classification,3,2022,1,2021,4,11,09
2021-11-09,IRS - Economic Impact Payments (EFT),null,4,270,922,VI,Income Tax Refunds Issued,Classification,4,2022,1,2021,4,11,09
2021-11-09,IRS Tax Refunds Business,Checks,1934,3486,10062,VI,Income Tax Refunds Issued,Classification,5,2022,1,2021,4,11,09
2021-11-09,IRS Tax Refunds Business,EFT,111,1490,4602,VI,Income Tax Refunds Issued,Classification,6,2022,1,2021,4,11,09
2021-11-09,IRS Tax Refunds Individual,Checks,40,1773,6737,VI,Income Tax Refunds Issued,Classification,7,2022,1,2021,4,11,09
2021-11-09,IRS Tax Refunds Individual,EFT,104,2170,9565,VI,Income Tax Refunds Issued,Classification,8,2022,1,2021,4,11,09
2021-11-08,IRS - Advanced Child Tax Credit (Checks),null,0,0,2017,VI,Income Tax Refunds Issued,Classification,1,2022,1,2021,4,11,08
2021-11-08,IRS - Advanced Child Tax Credit (EFT),null,0,0,13496,VI,Income Tax Refunds Issued,Classification,2,2022,1,2021,4,11,08
2021-11-08,IRS - Economic Impact Payments (Checks),null,1,393,1328,VI,Income Tax Refunds Issued,Classification,3,2022,1,2021,4,11,08
2021-11-08,IRS - Economic Impact Payments (EFT),null,0,266,918,VI,Income Tax Refunds Issued,Classification,4,2022,1,2021,4,11,08
2021-11-08,IRS Tax Refunds Business,Checks,21,1553,8129,VI,Income Tax Refunds Issued,Classification,5,2022,1,2021,4,11,08
2021-11-08,IRS Tax Refunds Business,EFT,312,1379,4492,VI,Income Tax Refunds Issued,Classification,6,2022,1,2021,4,11,08
2021-11-08,IRS Tax Refunds Individual,Checks,62,1733,6696,VI,Income Tax Refunds Issued,Classification,7,2022,1,2021,4,11,08
2021-11-08,IRS Tax Refunds Individual,EFT,42,2066,9461,VI,Income Tax Refunds Issued,Classification,8,2022,1,2021,4,11,08
2021-11-05,IRS - Advanced Child Tax Credit (Checks),null,0,0,2017,VI,Income Tax Refunds Issued,Classification,1,2022,1,2021,4,11,05
2021-11-05,IRS - Advanced Child Tax Credit (EFT),null,0,0,13496,VI,Income Tax Refunds Issued,Classification,2,2022,1,2021,4,11,05
2021-11-05,IRS - Economic Impact Payments (Checks),null,388,392,1327,VI,Income Tax Refunds Issued,Classification,3,2022,1,2021,4,11,05
2021-11-05,IRS - Economic Impact Payments (EFT),null,0,266,917,VI,Income Tax Refunds Issued,Classification,4,2022,1,2021,4,11,05
2021-11-05,IRS Tax Refunds Business,Checks,40,1531,8107,VI,Income Tax Refunds Issued,Classification,5,2022,1,2021,4,11,05
2021-11-05,IRS Tax Refunds Business,EFT,0,1067,4179,VI,Income Tax Refunds Issued,Classification,6,2022,1,2021,4,11,05
2021-11-05,IRS Tax Refunds Individual,Checks,1342,1670,6634,VI,Income Tax Refunds Issued,Classification,7,2022,1,2021,4,11,05
2021-11-05,IRS Tax Refunds Individual,EFT,44,2024,9419,VI,Income Tax Refunds Issued,Classification,8,2022,1,2021,4,11,05
2021-11-04,IRS - Advanced Child Tax Credit (Checks),null,0,0,2017,VI,Income Tax Refunds Issued,Classification,1,2022,1,2021,4,11,04
2021-11-04,IRS - Advanced Child Tax Credit (EFT),null,0,0,13496,VI,Income Tax Refunds Issued,Classification,2,2022,1,2021,4,11,04
2021-11-04,IRS - Economic Impact Payments (Checks),null,1,4,938,VI,Income Tax Refunds Issued,Classification,3,2022,1,2021,4,11,04
2021-11-04,IRS - Economic Impact Payments (EFT),null,0,265,917,VI,Income Tax Refunds Issued,Classification,4,2022,1,2021,4,11,04
2021-11-04,IRS Tax Refunds Business,Checks,53,1491,8068,VI,Income Tax Refunds Issued,Classification,5,2022,1,2021,4,11,04
2021-11-04,IRS Tax Refunds Business,EFT,28,1067,4179,VI,Income Tax Refunds Issued,Classification,6,2022,1,2021,4,11,04
2021-11-04,IRS Tax Refunds Individual,Checks,120,328,5292,VI,Income Tax Refunds Issued,Classification,7,2022,1,2021,4,11,04
2021-11-04,IRS Tax Refunds Individual,EFT,20,1980,9375,VI,Income Tax Refunds Issued,Classification,8,2022,1,2021,4,11,04
2021-11-03,IRS - Advanced Child Tax Credit (Checks),null,0,0,2017,VI,Income Tax Refunds Issued,Classification,1,2022,1,2021,4,11,03
2021-11-03,IRS - Advanced Child Tax Credit (EFT),null,0,0,13496,VI,Income Tax Refunds Issued,Classification,2,2022,1,2021,4,11,03
2021-11-03,IRS - Economic Impact Payments (Checks),null,1,3,937,VI,Income Tax Refunds Issued,Classification,3,2022,1,2021,4,11,03
2021-11-03,IRS - Economic Impact Payments (EFT),null,265,265,917,VI,Income Tax Refunds Issued,Classification,4,2022,1,2021,4,11,03
2021-11-03,IRS Tax Refunds Business,Checks,18,1438,8014,VI,Income Tax Refunds Issued,Classification,5,2022,1,2021,4,11,03
2021-11-03,IRS Tax Refunds Business,EFT,3,1039,4151,VI,Income Tax Refunds Issued,Classification,6,2022,1,2021,4,11,03
2021-11-03,IRS Tax Refunds Individual,Checks,63,208,5172,VI,Income Tax Refunds Issued,Classification,7,2022,1,2021,4,11,03
2021-11-03,IRS Tax Refunds Individual,EFT,1711,1960,9355,VI,Income Tax Refunds Issued,Classification,8,2022,1,2021,4,11,03
2021-11-02,IRS - Advanced Child Tax Credit (Checks),null,0,0,2017,VI,Income Tax Refunds Issued,Classification,1,2022,1,2021,4,11,02
2021-11-02,IRS - Advanced Child Tax Credit (EFT),null,0,0,13496,VI,Income Tax Refunds Issued,Classification,2,2022,1,2021,4,11,02
2021-11-02,IRS - Economic Impact Payments (Checks),null,2,2,936,VI,Income Tax Refunds Issued,Classification,3,2022,1,2021,4,11,02
2021-11-02,IRS - Economic Impact Payments (EFT),null,0,0,652,VI,Income Tax Refunds Issued,Classification,4,2022,1,2021,4,11,02
2021-11-02,IRS Tax Refunds Business,Checks,1365,1420,7996,VI,Income Tax Refunds Issued,Classification,5,2022,1,2021,4,11,02
2021-11-02,IRS Tax Refunds Business,EFT,158,1036,4148,VI,Income Tax Refunds Issued,Classification,6,2022,1,2021,4,11,02
2021-11-02,IRS Tax Refunds Individual,Checks,131,145,5109,VI,Income Tax Refunds Issued,Classification,7,2022,1,2021,4,11,02
2021-11-02,IRS Tax Refunds Individual,EFT,177,249,7644,VI,Income Tax Refunds Issued,Classification,8,2022,1,2021,4,11,02
2021-11-01,IRS - Advanced Child Tax Credit (Checks),null,0,0,2017,VI,Income Tax Refunds Issued,Classification,1,2022,1,2021,4,11,01
2021-11-01,IRS - Advanced Child Tax Credit (EFT),null,0,0,13496,VI,Income Tax Refunds Issued,Classification,2,2022,1,2021,4,11,01
2021-11-01,IRS - Economic Impact Payments (Checks),null,0,0,934,VI,Income Tax Refunds Issued,Classification,3,2022,1,2021,4,11,01
2021-11-01,IRS - Economic Impact Payments (EFT),null,0,0,652,VI,Income Tax Refunds Issued,Classification,4,2022,1,2021,4,11,01
2021-11-01,IRS Tax Refunds Business,Checks,55,55,6631,VI,Income Tax Refunds Issued,Classification,5,2022,1,2021,4,11,01
2021-11-01,IRS Tax Refunds Business,EFT,878,878,3990,VI,Income Tax Refunds Issued,Classification,6,2022,1,2021,4,11,01
2021-11-01,IRS Tax Refunds Individual,Checks,14,14,4977,VI,Income Tax Refunds Issued,Classification,7,2022,1,2021,4,11,01
2021-11-01,IRS Tax Refunds Individual,EFT,71,71,7466,VI,Income Tax Refunds Issued,Classification,8,2022,1,2021,4,11,01
2021-10-29,IRS - Advanced Child Tax Credit (Checks),null,10,2017,2017,VI,Income Tax Refunds Issued,Classification,1,2022,1,2021,4,10,29
2021-10-29,IRS - Advanced Child Tax Credit (EFT),null,0,13496,13496,VI,Income Tax Refunds Issued,Classification,2,2022,1,2021,4,10,29
2021-10-29,IRS - Economic Impact Payments (Checks),null,225,934,934,VI,Income Tax Refunds Issued,Classification,3,2022,1,2021,4,10,29
2021-10-29,IRS - Economic Impact Payments (EFT),null,0,652,652,VI,Income Tax Refunds Issued,Classification,4,2022,1,2021,4,10,29
2021-10-29,IRS Tax Refunds Business,Checks,73,6576,6576,VI,Income Tax Refunds Issued,Classification,5,2022,1,2021,4,10,29
2021-10-29,IRS Tax Refunds Business,EFT,0,3112,3112,VI,Income Tax Refunds Issued,Classification,6,2022,1,2021,4,10,29
2021-10-29,IRS Tax Refunds Individual,Checks,1213,4963,4963,VI,Income Tax Refunds Issued,Classification,7,2022,1,2021,4,10,29
2021-10-29,IRS Tax Refunds Individual,EFT,257,7395,7395,VI,Income Tax Refunds Issued,Classification,8,2022,1,2021,4,10,29
2021-10-28,IRS - Advanced Child Tax Credit (Checks),null,4,2007,2007,VI,Income Tax Refunds Issued,Classification,1,2022,1,2021,4,10,28
2021-10-28,IRS - Advanced Child Tax Credit (EFT),null,0,13496,13496,VI,Income Tax Refunds Issued,Classification,2,2022,1,2021,4,10,28
2021-10-28,IRS - Economic Impact Payments (Checks),null,2,709,709,VI,Income Tax Refunds Issued,Classification,3,2022,1,2021,4,10,28
2021-10-28,IRS - Economic Impact Payments (EFT),null,0,652,652,VI,Income Tax Refunds Issued,Classification,4,2022,1,2021,4,10,28
2021-10-28,IRS Tax Refunds Business,Checks,54,6503,6503,VI,Income Tax Refunds Issued,Classification,5,2022,1,2021,4,10,28
2021-10-28,IRS Tax Refunds Business,EFT,0,3113,3113,VI,Income Tax Refunds Issued,Classification,6,2022,1,2021,4,10,28
2021-10-28,IRS Tax Refunds Individual,Checks,173,3750,3750,VI,Income Tax Refunds Issued,Classification,7,2022,1,2021,4,10,28
2021-10-28,IRS Tax Refunds Individual,EFT,-28,7138,7138,VI,Income Tax Refunds Issued,Classification,8,2022,1,2021,4,10,28
2021-10-27,IRS - Advanced Child Tax Credit (Checks),null,0,2003,2003,VI,Income Tax Refunds Issued,Classification,1,2022,1,2021,4,10,27
2021-10-27,IRS - Advanced Child Tax Credit (EFT),null,1,13496,13496,VI,Income Tax Refunds Issued,Classification,2,2022,1,2021,4,10,27
2021-10-27,IRS - Economic Impact Payments (Checks),null,0,707,707,VI,Income Tax Refunds Issued,Classification,3,2022,1,2021,4,10,27
2021-10-27,IRS - Economic Impact Payments (EFT),null,181,652,652,VI,Income Tax Refunds Issued,Classification,4,2022,1,2021,4,10,27
2021-10-27,IRS Tax Refunds Business,Checks,37,6449,6449,VI,Income Tax Refunds Issued,Classification,5,2022,1,2021,4,10,27
2021-10-27,IRS Tax Refunds Business,EFT,106,3113,3113,VI,Income Tax Refunds Issued,Classification,6,2022,1,2021,4,10,27
2021-10-27,IRS Tax Refunds Individual,Checks,2,3577,3577,VI,Income Tax Refunds Issued,Classification,7,2022,1,2021,4,10,27
2021-10-27,IRS Tax Refunds Individual,EFT,2203,7166,7166,VI,Income Tax Refunds Issued,Classification,8,2022,1,2021,4,10,27
2021-10-26,IRS Tax Refunds Individual,Checks,85,3575,3575,VI,Income Tax Refunds Issued,Classification,7,2022,1,2021,4,10,26
2021-10-26,IRS - Advanced Child Tax Credit (Checks),null,3,2003,2003,VI,Income Tax Refunds Issued,Classification,1,2022,1,2021,4,10,26
2021-10-26,IRS - Advanced Child Tax Credit (EFT),null,1,13495,13495,VI,Income Tax Refunds Issued,Classification,2,2022,1,2021,4,10,26
2021-10-26,IRS - Economic Impact Payments (Checks),null,2,707,707,VI,Income Tax Refunds Issued,Classification,3,2022,1,2021,4,10,26
2021-10-26,IRS - Economic Impact Payments (EFT),null,0,471,471,VI,Income Tax Refunds Issued,Classification,4,2022,1,2021,4,10,26
2021-10-26,IRS Tax Refunds Business,Checks,1367,6412,6412,VI,Income Tax Refunds Issued,Classification,5,2022,1,2021,4,10,26
2021-10-26,IRS Tax Refunds Business,EFT,213,3006,3006,VI,Income Tax Refunds Issued,Classification,6,2022,1,2021,4,10,26
2021-10-26,IRS Tax Refunds Individual,EFT,479,4963,4963,VI,Income Tax Refunds Issued,Classification,8,2022,1,2021,4,10,26
2021-10-25,IRS - Advanced Child Tax Credit (Checks),null,1,2000,2000,VI,Income Tax Refunds Issued,Classification,1,2022,1,2021,4,10,25
2021-10-25,IRS - Advanced Child Tax Credit (EFT),null,0,13495,13495,VI,Income Tax Refunds Issued,Classification,2,2022,1,2021,4,10,25
2021-10-25,IRS - Economic Impact Payments (Checks),null,1,705,705,VI,Income Tax Refunds Issued,Classification,3,2022,1,2021,4,10,25
2021-10-25,IRS - Economic Impact Payments (EFT),null,0,471,471,VI,Income Tax Refunds Issued,Classification,4,2022,1,2021,4,10,25
2021-10-25,IRS Tax Refunds Business,Checks,3,5045,5045,VI,Income Tax Refunds Issued,Classification,5,2022,1,2021,4,10,25
2021-10-25,IRS Tax Refunds Business,EFT,18,2793,2793,VI,Income Tax Refunds Issued,Classification,6,2022,1,2021,4,10,25
2021-10-25,IRS Tax Refunds Individual,Checks,63,3490,3490,VI,Income Tax Refunds Issued,Classification,7,2022,1,2021,4,10,25
2021-10-25,IRS Tax Refunds Individual,EFT,-3,4484,4484,VI,Income Tax Refunds Issued,Classification,8,2022,1,2021,4,10,25
2021-10-22,IRS - Advanced Child Tax Credit (Checks),null,0,1999,1999,VI,Income Tax Refunds Issued,Classification,1,2022,1,2021,4,10,22
2021-10-22,IRS - Advanced Child Tax Credit (EFT),null,0,13495,13495,VI,Income Tax Refunds Issued,Classification,2,2022,1,2021,4,10,22
2021-10-22,IRS - Economic Impact Payments (Checks),null,150,704,704,VI,Income Tax Refunds Issued,Classification,3,2022,1,2021,4,10,22
2021-10-22,IRS - Economic Impact Payments (EFT),null,0,471,471,VI,Income Tax Refunds Issued,Classification,4,2022,1,2021,4,10,22
2021-10-22,IRS Tax Refunds Business,Checks,30,5041,5041,VI,Income Tax Refunds Issued,Classification,5,2022,1,2021,4,10,22
2021-10-22,IRS Tax Refunds Business,EFT,117,2775,2775,VI,Income Tax Refunds Issued,Classification,6,2022,1,2021,4,10,22
2021-10-22,IRS Tax Refunds Individual,Checks,689,3426,3426,VI,Income Tax Refunds Issued,Classification,7,2022,1,2021,4,10,22
2021-10-22,IRS Tax Refunds Individual,EFT,214,4488,4488,VI,Income Tax Refunds Issued,Classification,8,2022,1,2021,4,10,22
2021-10-21,IRS - Advanced Child Tax Credit (Checks),null,0,1999,1999,VI,Income Tax Refunds Issued,Classification,1,2022,1,2021,4,10,21
2021-10-21,IRS - Advanced Child Tax Credit (EFT),null,0,13494,13494,VI,Income Tax Refunds Issued,Classification,2,2022,1,2021,4,10,21
2021-10-21,IRS - Economic Impact Payments (Checks),null,1,554,554,VI,Income Tax Refunds Issued,Classification,3,2022,1,2021,4,10,21
2021-10-21,IRS - Economic Impact Payments (EFT),null,0,470,470,VI,Income Tax Refunds Issued,Classification,4,2022,1,2021,4,10,21
2021-10-21,IRS Tax Refunds Business,Checks,33,5012,5012,VI,Income Tax Refunds Issued,Classification,5,2022,1,2021,4,10,21
2021-10-21,IRS Tax Refunds Business,EFT,27,2659,2659,VI,Income Tax Refunds Issued,Classification,6,2022,1,2021,4,10,21
2021-10-21,IRS Tax Refunds Individual,Checks,77,2737,2737,VI,Income Tax Refunds Issued,Classification,7,2022,1,2021,4,10,21
2021-10-21,IRS Tax Refunds Individual,EFT,160,4273,4273,VI,Income Tax Refunds Issued,Classification,8,2022,1,2021,4,10,21
2021-10-20,IRS - Advanced Child Tax Credit (Checks),null,0,1999,1999,VI,Income Tax Refunds Issued,Classification,1,2022,1,2021,4,10,20
2021-10-20,IRS - Advanced Child Tax Credit (EFT),null,0,13494,13494,VI,Income Tax Refunds Issued,Classification,2,2022,1,2021,4,10,20
2021-10-20,IRS - Economic Impact Payments (Checks),null,1,552,552,VI,Income Tax Refunds Issued,Classification,3,2022,1,2021,4,10,20
2021-10-20,IRS - Economic Impact Payments (EFT),null,140,470,470,VI,Income Tax Refunds Issued,Classification,4,2022,1,2021,4,10,20
2021-10-20,IRS Tax Refunds Business,Checks,41,4979,4979,VI,Income Tax Refunds Issued,Classification,5,2022,1,2021,4,10,20
2021-10-20,IRS Tax Refunds Business,EFT,1,2632,2632,VI,Income Tax Refunds Issued,Classification,6,2022,1,2021,4,10,20
2021-10-20,IRS Tax Refunds Individual,Checks,60,2660,2660,VI,Income Tax Refunds Issued,Classification,7,2022,1,2021,4,10,20
2021-10-20,IRS Tax Refunds Individual,EFT,1337,4113,4113,VI,Income Tax Refunds Issued,Classification,8,2022,1,2021,4,10,20
2021-10-19,IRS - Advanced Child Tax Credit (Checks),null,0,1999,1999,VI,Income Tax Refunds Issued,Classification,1,2022,1,2021,4,10,19
2021-10-19,IRS - Advanced Child Tax Credit (EFT),null,0,13494,13494,VI,Income Tax Refunds Issued,Classification,2,2022,1,2021,4,10,19
2021-10-19,IRS - Economic Impact Payments (Checks),null,1,551,551,VI,Income Tax Refunds Issued,Classification,3,2022,1,2021,4,10,19
2021-10-19,IRS - Economic Impact Payments (EFT),null,0,330,330,VI,Income Tax Refunds Issued,Classification,4,2022,1,2021,4,10,19
2021-10-19,IRS Tax Refunds Business,Checks,1753,4938,4938,VI,Income Tax Refunds Issued,Classification,5,2022,1,2021,4,10,19
2021-10-19,IRS Tax Refunds Business,EFT,257,2631,2631,VI,Income Tax Refunds Issued,Classification,6,2022,1,2021,4,10,19
2021-10-19,IRS Tax Refunds Individual,Checks,58,2600,2600,VI,Income Tax Refunds Issued,Classification,7,2022,1,2021,4,10,19
2021-10-19,IRS Tax Refunds Individual,EFT,197,2776,2776,VI,Income Tax Refunds Issued,Classification,8,2022,1,2021,4,10,19
2021-10-18,IRS - Advanced Child Tax Credit (Checks),null,0,1999,1999,VI,Income Tax Refunds Issued,Classification,1,2022,1,2021,4,10,18
2021-10-18,IRS - Advanced Child Tax Credit (EFT),null,0,13494,13494,VI,Income Tax Refunds Issued,Classification,2,2022,1,2021,4,10,18
2021-10-18,IRS - Economic Impact Payments (Checks),null,160,550,550,VI,Income Tax Refunds Issued,Classification,3,2022,1,2021,4,10,18
2021-10-18,IRS - Economic Impact Payments (EFT),null,0,330,330,VI,Income Tax Refunds Issued,Classification,4,2022,1,2021,4,10,18
2021-10-18,IRS Tax Refunds Business,Checks,39,3185,3185,VI,Income Tax Refunds Issued,Classification,5,2022,1,2021,4,10,18
2021-10-18,IRS Tax Refunds Business,EFT,71,2374,2374,VI,Income Tax Refunds Issued,Classification,6,2022,1,2021,4,10,18
2021-10-18,IRS Tax Refunds Individual,Checks,748,2541,2541,VI,Income Tax Refunds Issued,Classification,7,2022,1,2021,4,10,18
2021-10-18,IRS Tax Refunds Individual,EFT,76,2579,2579,VI,Income Tax Refunds Issued,Classification,8,2022,1,2021,4,10,18
2021-10-15,IRS - Advanced Child Tax Credit (Checks),null,1995,1999,1999,VI,Income Tax Refunds Issued,Classification,1,2022,1,2021,4,10,15
2021-10-15,IRS - Advanced Child Tax Credit (EFT),null,13494,13494,13494,VI,Income Tax Refunds Issued,Classification,2,2022,1,2021,4,10,15
2021-10-15,IRS - Economic Impact Payments (Checks),null,1,390,390,VI,Income Tax Refunds Issued,Classification,3,2022,1,2021,4,10,15
2021-10-15,IRS - Economic Impact Payments (EFT),null,0,330,330,VI,Income Tax Refunds Issued,Classification,4,2022,1,2021,4,10,15
2021-10-15,IRS Tax Refunds Business,Checks,38,3146,3146,VI,Income Tax Refunds Issued,Classification,5,2022,1,2021,4,10,15
2021-10-15,IRS Tax Refunds Business,EFT,1,2304,2304,VI,Income Tax Refunds Issued,Classification,6,2022,1,2021,4,10,15
2021-10-15,IRS Tax Refunds Individual,Checks,57,1794,1794,VI,Income Tax Refunds Issued,Classification,7,2022,1,2021,4,10,15
2021-10-15,IRS Tax Refunds Individual,EFT,75,2502,2502,VI,Income Tax Refunds Issued,Classification,8,2022,1,2021,4,10,15
2021-10-14,IRS - Advanced Child Tax Credit (Checks),null,0,3,3,VI,Income Tax Refunds Issued,Classification,1,2022,1,2021,4,10,14
2021-10-14,IRS - Advanced Child Tax Credit (EFT),null,0,0,0,VI,Income Tax Refunds Issued,Classification,2,2022,1,2021,4,10,14
2021-10-14,IRS - Economic Impact Payments (Checks),null,1,390,390,VI,Income Tax Refunds Issued,Classification,3,2022,1,2021,4,10,14
2021-10-14,IRS - Economic Impact Payments (EFT),null,157,330,330,VI,Income Tax Refunds Issued,Classification,4,2022,1,2021,4,10,14
2021-10-14,IRS Tax Refunds Business,Checks,21,3108,3108,VI,Income Tax Refunds Issued,Classification,5,2022,1,2021,4,10,14
2021-10-14,IRS Tax Refunds Business,EFT,2,2302,2302,VI,Income Tax Refunds Issued,Classification,6,2022,1,2021,4,10,14
2021-10-14,IRS Tax Refunds Individual,Checks,41,1736,1736,VI,Income Tax Refunds Issued,Classification,7,2022,1,2021,4,10,14
2021-10-14,IRS Tax Refunds Individual,EFT,927,2427,2427,VI,Income Tax Refunds Issued,Classification,8,2022,1,2021,4,10,14
2021-10-13,IRS - Economic Impact Payments (Checks),null,1,388,388,VI,Income Tax Refunds Issued,Classification,3,2022,1,2021,4,10,13
2021-10-13,IRS - Economic Impact Payments (EFT),null,0,172,172,VI,Income Tax Refunds Issued,Classification,4,2022,1,2021,4,10,13
2021-10-13,IRS Tax Refunds Business,Checks,22,3087,3087,VI,Income Tax Refunds Issued,Classification,5,2022,1,2021,4,10,13
2021-10-13,IRS Tax Refunds Business,EFT,34,2300,2300,VI,Income Tax Refunds Issued,Classification,6,2022,1,2021,4,10,13
2021-10-13,IRS Tax Refunds Individual,Checks,105,1695,1695,VI,Income Tax Refunds Issued,Classification,7,2022,1,2021,4,10,13
2021-10-13,IRS Tax Refunds Individual,EFT,89,1500,1500,VI,Income Tax Refunds Issued,Classification,8,2022,1,2021,4,10,13
2021-10-13,IRS - Advanced Child Tax Credit (Checks),null,0,3,3,VI,Income Tax Refunds Issued,Classification,1,2022,1,2021,4,10,13
2021-10-13,IRS - Advanced Child Tax Credit (EFT),null,0,0,0,VI,Income Tax Refunds Issued,Classification,2,2022,1,2021,4,10,13
2021-10-12,IRS - Advanced Child Tax Credit (Checks),null,0,3,3,VI,Income Tax Refunds Issued,Classification,1,2022,1,2021,4,10,12
2021-10-12,IRS - Advanced Child Tax Credit (EFT),null,0,0,0,VI,Income Tax Refunds Issued,Classification,2,2022,1,2021,4,10,12
2021-10-12,IRS - Economic Impact Payments (Checks),null,1,387,387,VI,Income Tax Refunds Issued,Classification,3,2022,1,2021,4,10,12
2021-10-12,IRS - Economic Impact Payments (EFT),null,2,172,172,VI,Income Tax Refunds Issued,Classification,4,2022,1,2021,4,10,12
2021-10-12,IRS Tax Refunds Business,Checks,1239,3065,3065,VI,Income Tax Refunds Issued,Classification,5,2022,1,2021,4,10,12
2021-10-12,IRS Tax Refunds Business,EFT,449,2266,2266,VI,Income Tax Refunds Issued,Classification,6,2022,1,2021,4,10,12
2021-10-12,IRS Tax Refunds Individual,Checks,41,1590,1590,VI,Income Tax Refunds Issued,Classification,7,2022,1,2021,4,10,12
2021-10-12,IRS Tax Refunds Individual,EFT,80,1411,1411,VI,Income Tax Refunds Issued,Classification,8,2022,1,2021,4,10,12
2021-10-08,IRS - Advanced Child Tax Credit (Checks),null,1,3,3,VI,Income Tax Refunds Issued,Classification,1,2022,1,2021,4,10,08
2021-10-08,IRS - Advanced Child Tax Credit (EFT),null,0,0,0,VI,Income Tax Refunds Issued,Classification,2,2022,1,2021,4,10,08
2021-10-08,IRS - Economic Impact Payments (Checks),null,164,386,386,VI,Income Tax Refunds Issued,Classification,3,2022,1,2021,4,10,08
2021-10-08,IRS - Economic Impact Payments (EFT),null,0,170,170,VI,Income Tax Refunds Issued,Classification,4,2022,1,2021,4,10,08
2021-10-08,IRS Tax Refunds Business,Checks,89,1825,1825,VI,Income Tax Refunds Issued,Classification,5,2022,1,2021,4,10,08
2021-10-08,IRS Tax Refunds Business,EFT,1558,1818,1818,VI,Income Tax Refunds Issued,Classification,6,2022,1,2021,4,10,08
2021-10-08,IRS Tax Refunds Individual,Checks,656,1549,1549,VI,Income Tax Refunds Issued,Classification,7,2022,1,2021,4,10,08
2021-10-08,IRS Tax Refunds Individual,EFT,62,1331,1331,VI,Income Tax Refunds Issued,Classification,8,2022,1,2021,4,10,08
2021-10-07,IRS - Advanced Child Tax Credit (Checks),null,0,2,2,VI,Income Tax Refunds Issued,Classification,1,2022,1,2021,4,10,07
2021-10-07,IRS - Advanced Child Tax Credit (EFT),null,0,0,0,VI,Income Tax Refunds Issued,Classification,2,2022,1,2021,4,10,07
2021-10-07,IRS - Economic Impact Payments (Checks),null,1,222,222,VI,Income Tax Refunds Issued,Classification,3,2022,1,2021,4,10,07
2021-10-07,IRS - Economic Impact Payments (EFT),null,0,169,169,VI,Income Tax Refunds Issued,Classification,4,2022,1,2021,4,10,07
2021-10-07,IRS Tax Refunds Business,Checks,104,1737,1737,VI,Income Tax Refunds Issued,Classification,5,2022,1,2021,4,10,07
2021-10-07,IRS Tax Refunds Business,EFT,145,260,260,VI,Income Tax Refunds Issued,Classification,6,2022,1,2021,4,10,07
2021-10-07,IRS Tax Refunds Individual,Checks,44,892,892,VI,Income Tax Refunds Issued,Classification,7,2022,1,2021,4,10,07
2021-10-07,IRS Tax Refunds Individual,EFT,83,1270,1270,VI,Income Tax Refunds Issued,Classification,8,2022,1,2021,4,10,07
2021-10-06,IRS - Advanced Child Tax Credit (Checks),null,1,2,2,VI,Income Tax Refunds Issued,Classification,1,2022,1,2021,4,10,06
2021-10-06,IRS - Advanced Child Tax Credit (EFT),null,0,0,0,VI,Income Tax Refunds Issued,Classification,2,2022,1,2021,4,10,06
2021-10-06,IRS - Economic Impact Payments (Checks),null,1,221,221,VI,Income Tax Refunds Issued,Classification,3,2022,1,2021,4,10,06
2021-10-06,IRS - Economic Impact Payments (EFT),null,169,169,169,VI,Income Tax Refunds Issued,Classification,4,2022,1,2021,4,10,06
2021-10-06,IRS Tax Refunds Business,Checks,32,1632,1632,VI,Income Tax Refunds Issued,Classification,5,2022,1,2021,4,10,06
2021-10-06,IRS Tax Refunds Business,EFT,29,115,115,VI,Income Tax Refunds Issued,Classification,6,2022,1,2021,4,10,06
2021-10-06,IRS Tax Refunds Individual,Checks,37,848,848,VI,Income Tax Refunds Issued,Classification,7,2022,1,2021,4,10,06
2021-10-06,IRS Tax Refunds Individual,EFT,989,1186,1186,VI,Income Tax Refunds Issued,Classification,8,2022,1,2021,4,10,06
2021-10-05,IRS Tax Refunds Business,EFT,38,86,86,VI,Income Tax Refunds Issued,Classification,6,2022,1,2021,4,10,05
2021-10-05,IRS Tax Refunds Individual,Checks,39,811,811,VI,Income Tax Refunds Issued,Classification,7,2022,1,2021,4,10,05
2021-10-05,IRS Tax Refunds Individual,EFT,80,198,198,VI,Income Tax Refunds Issued,Classification,8,2022,1,2021,4,10,05
2021-10-05,IRS - Advanced Child Tax Credit (Checks),null,1,1,1,VI,Income Tax Refunds Issued,Classification,1,2022,1,2021,4,10,05
2021-10-05,IRS - Advanced Child Tax Credit (EFT),null,0,0,0,VI,Income Tax Refunds Issued,Classification,2,2022,1,2021,4,10,05
2021-10-05,IRS - Economic Impact Payments (Checks),null,1,220,220,VI,Income Tax Refunds Issued,Classification,3,2022,1,2021,4,10,05
2021-10-05,IRS - Economic Impact Payments (EFT),null,0,1,1,VI,Income Tax Refunds Issued,Classification,4,2022,1,2021,4,10,05
2021-10-05,IRS Tax Refunds Business,Checks,1524,1601,1601,VI,Income Tax Refunds Issued,Classification,5,2022,1,2021,4,10,05
2021-10-04,IRS - Advanced Child Tax Credit (Checks),null,0,0,0,VI,Income Tax Refunds Issued,Classification,1,2022,1,2021,4,10,04
2021-10-04,IRS - Advanced Child Tax Credit (EFT),null,0,0,0,VI,Income Tax Refunds Issued,Classification,2,2022,1,2021,4,10,04
2021-10-04,IRS - Economic Impact Payments (Checks),null,1,219,219,VI,Income Tax Refunds Issued,Classification,3,2022,1,2021,4,10,04
2021-10-04,IRS - Economic Impact Payments (EFT),null,0,0,0,VI,Income Tax Refunds Issued,Classification,4,2022,1,2021,4,10,04
2021-10-04,IRS Tax Refunds Business,Checks,35,76,76,VI,Income Tax Refunds Issued,Classification,5,2022,1,2021,4,10,04
2021-10-04,IRS Tax Refunds Business,EFT,3,48,48,VI,Income Tax Refunds Issued,Classification,6,2022,1,2021,4,10,04
2021-10-04,IRS Tax Refunds Individual,Checks,43,773,773,VI,Income Tax Refunds Issued,Classification,7,2022,1,2021,4,10,04
2021-10-04,IRS Tax Refunds Individual,EFT,75,118,118,VI,Income Tax Refunds Issued,Classification,8,2022,1,2021,4,10,04
2021-10-01,IRS - Advanced Child Tax Credit (Checks),null,0,0,0,VI,Income Tax Refunds Issued,Classification,1,2022,1,2021,4,10,01
2021-10-01,IRS - Advanced Child Tax Credit (EFT),null,0,0,0,VI,Income Tax Refunds Issued,Classification,2,2022,1,2021,4,10,01
2021-10-01,IRS - Economic Impact Payments (Checks),null,218,218,218,VI,Income Tax Refunds Issued,Classification,3,2022,1,2021,4,10,01
2021-10-01,IRS - Economic Impact Payments (EFT),null,0,0,0,VI,Income Tax Refunds Issued,Classification,4,2022,1,2021,4,10,01
2021-10-01,IRS Tax Refunds Business,Checks,41,41,41,VI,Income Tax Refunds Issued,Classification,5,2022,1,2021,4,10,01
2021-10-01,IRS Tax Refunds Business,EFT,45,45,45,VI,Income Tax Refunds Issued,Classification,6,2022,1,2021,4,10,01
2021-10-01,IRS Tax Refunds Individual,Checks,730,730,730,VI,Income Tax Refunds Issued,Classification,7,2022,1,2021,4,10,01
2021-10-01,IRS Tax Refunds Individual,EFT,42,42,42,VI,Income Tax Refunds Issued,Classification,8,2022,1,2021,4,10,01
2021-09-30,IRS - Advanced Child Tax Credit (Checks),null,0,1961,8120,VI,Income Tax Refunds Issued,Classification,1,2021,4,2021,3,09,30
2021-09-30,IRS - Advanced Child Tax Credit (EFT),null,0,13448,38014,VI,Income Tax Refunds Issued,Classification,2,2021,4,2021,3,09,30
2021-09-30,IRS - Economic Impact Payments (Checks),null,1,976,87038,VI,Income Tax Refunds Issued,Classification,3,2021,4,2021,3,09,30
2021-09-30,IRS - Economic Impact Payments (EFT),null,0,1479,444160,VI,Income Tax Refunds Issued,Classification,4,2021,4,2021,3,09,30
2021-09-30,IRS Tax Refunds Business,Checks,45,5502,68799,VI,Income Tax Refunds Issued,Classification,5,2021,4,2021,3,09,30
2021-09-30,IRS Tax Refunds Business,EFT,5,1952,30369,VI,Income Tax Refunds Issued,Classification,6,2021,4,2021,3,09,30
2021-09-30,IRS Tax Refunds Individual,Checks,58,3715,65645,VI,Income Tax Refunds Issued,Classification,7,2021,4,2021,3,09,30
2021-09-30,IRS Tax Refunds Individual,EFT,65,9227,342162,VI,Income Tax Refunds Issued,Classification,8,2021,4,2021,3,09,30
2021-09-29,IRS - Advanced Child Tax Credit (Checks),null,0,1961,8120,VI,Income Tax Refunds Issued,Classification,1,2021,4,2021,3,09,29
2021-09-29,IRS - Advanced Child Tax Credit (EFT),null,0,13448,38014,VI,Income Tax Refunds Issued,Classification,2,2021,4,2021,3,09,29
2021-09-29,IRS - Economic Impact Payments (Checks),null,1,975,87038,VI,Income Tax Refunds Issued,Classification,3,2021,4,2021,3,09,29
2021-09-29,IRS - Economic Impact Payments (EFT),null,229,1479,444160,VI,Income Tax Refunds Issued,Classification,4,2021,4,2021,3,09,29
2021-09-29,IRS Tax Refunds Business,Checks,41,5457,68754,VI,Income Tax Refunds Issued,Classification,5,2021,4,2021,3,09,29
2021-09-29,IRS Tax Refunds Business,EFT,-66,1947,30364,VI,Income Tax Refunds Issued,Classification,6,2021,4,2021,3,09,29
2021-09-29,IRS Tax Refunds Individual,Checks,43,3657,65587,VI,Income Tax Refunds Issued,Classification,7,2021,4,2021,3,09,29
2021-09-29,IRS Tax Refunds Individual,EFT,1233,9163,342098,VI,Income Tax Refunds Issued,Classification,8,2021,4,2021,3,09,29
2021-09-28,IRS - Advanced Child Tax Credit (Checks),null,0,1961,8120,VI,Income Tax Refunds Issued,Classification,1,2021,4,2021,3,09,28
2021-09-28,IRS - Advanced Child Tax Credit (EFT),null,0,13448,38014,VI,Income Tax Refunds Issued,Classification,2,2021,4,2021,3,09,28
2021-09-28,IRS - Economic Impact Payments (Checks),null,1,974,87037,VI,Income Tax Refunds Issued,Classification,3,2021,4,2021,3,09,28
2021-09-28,IRS - Economic Impact Payments (EFT),null,0,1250,443931,VI,Income Tax Refunds Issued,Classification,4,2021,4,2021,3,09,28
2021-09-28,IRS Tax Refunds Business,Checks,970,5416,68713,VI,Income Tax Refunds Issued,Classification,5,2021,4,2021,3,09,28
2021-09-28,IRS Tax Refunds Business,EFT,104,2013,30430,VI,Income Tax Refunds Issued,Classification,6,2021,4,2021,3,09,28
2021-09-28,IRS Tax Refunds Individual,Checks,46,3615,65545,VI,Income Tax Refunds Issued,Classification,7,2021,4,2021,3,09,28
2021-09-28,IRS Tax Refunds Individual,EFT,86,7930,340864,VI,Income Tax Refunds Issued,Classification,8,2021,4,2021,3,09,28
2021-09-27,IRS - Advanced Child Tax Credit (Checks),null,7,1961,8120,VI,Income Tax Refunds Issued,Classification,1,2021,4,2021,3,09,27
2021-09-27,IRS - Advanced Child Tax Credit (EFT),null,0,13448,38014,VI,Income Tax Refunds Issued,Classification,2,2021,4,2021,3,09,27
2021-09-27,IRS - Economic Impact Payments (Checks),null,2,972,87035,VI,Income Tax Refunds Issued,Classification,3,2021,4,2021,3,09,27
2021-09-27,IRS - Economic Impact Payments (EFT),null,0,1250,443931,VI,Income Tax Refunds Issued,Classification,4,2021,4,2021,3,09,27
2021-09-27,IRS Tax Refunds Business,Checks,85,4446,67743,VI,Income Tax Refunds Issued,Classification,5,2021,4,2021,3,09,27
2021-09-27,IRS Tax Refunds Business,EFT,631,1909,30326,VI,Income Tax Refunds Issued,Classification,6,2021,4,2021,3,09,27
2021-09-27,IRS Tax Refunds Individual,Checks,49,3569,65499,VI,Income Tax Refunds Issued,Classification,7,2021,4,2021,3,09,27
2021-09-27,IRS Tax Refunds Individual,EFT,87,7844,340778,VI,Income Tax Refunds Issued,Classification,8,2021,4,2021,3,09,27
2021-09-24,IRS - Advanced Child Tax Credit (Checks),null,79,1954,8113,VI,Income Tax Refunds Issued,Classification,1,2021,4,2021,3,09,24
2021-09-24,IRS - Advanced Child Tax Credit (EFT),null,156,13448,38014,VI,Income Tax Refunds Issued,Classification,2,2021,4,2021,3,09,24
2021-09-24,IRS - Economic Impact Payments (Checks),null,208,971,87033,VI,Income Tax Refunds Issued,Classification,3,2021,4,2021,3,09,24
2021-09-24,IRS - Economic Impact Payments (EFT),null,0,1250,443930,VI,Income Tax Refunds Issued,Classification,4,2021,4,2021,3,09,24
2021-09-24,IRS Tax Refunds Business,Checks,67,4361,67657,VI,Income Tax Refunds Issued,Classification,5,2021,4,2021,3,09,24
2021-09-24,IRS Tax Refunds Business,EFT,48,1278,29695,VI,Income Tax Refunds Issued,Classification,6,2021,4,2021,3,09,24
2021-09-24,IRS Tax Refunds Individual,Checks,653,3520,65449,VI,Income Tax Refunds Issued,Classification,7,2021,4,2021,3,09,24
2021-09-24,IRS Tax Refunds Individual,EFT,59,7757,340692,VI,Income Tax Refunds Issued,Classification,8,2021,4,2021,3,09,24
2021-09-23,IRS - Advanced Child Tax Credit (Checks),null,1,1875,8034,VI,Income Tax Refunds Issued,Classification,1,2021,4,2021,3,09,23
2021-09-23,IRS - Advanced Child Tax Credit (EFT),null,1,13292,37858,VI,Income Tax Refunds Issued,Classification,2,2021,4,2021,3,09,23
2021-09-23,IRS - Economic Impact Payments (Checks),null,1,762,86825,VI,Income Tax Refunds Issued,Classification,3,2021,4,2021,3,09,23
2021-09-23,IRS - Economic Impact Payments (EFT),null,0,1249,443930,VI,Income Tax Refunds Issued,Classification,4,2021,4,2021,3,09,23
2021-09-23,IRS Tax Refunds Business,Checks,39,4294,67590,VI,Income Tax Refunds Issued,Classification,5,2021,4,2021,3,09,23
2021-09-23,IRS Tax Refunds Business,EFT,10,1229,29646,VI,Income Tax Refunds Issued,Classification,6,2021,4,2021,3,09,23
2021-09-23,IRS Tax Refunds Individual,Checks,53,2866,64796,VI,Income Tax Refunds Issued,Classification,7,2021,4,2021,3,09,23
2021-09-23,IRS Tax Refunds Individual,EFT,70,7698,340633,VI,Income Tax Refunds Issued,Classification,8,2021,4,2021,3,09,23
2021-09-22,IRS - Advanced Child Tax Credit (Checks),null,0,1874,8033,VI,Income Tax Refunds Issued,Classification,1,2021,4,2021,3,09,22
2021-09-22,IRS - Advanced Child Tax Credit (EFT),null,1,13292,37857,VI,Income Tax Refunds Issued,Classification,2,2021,4,2021,3,09,22
2021-09-22,IRS - Economic Impact Payments (Checks),null,2,761,86824,VI,Income Tax Refunds Issued,Classification,3,2021,4,2021,3,09,22
2021-09-22,IRS - Economic Impact Payments (EFT),null,226,1249,443930,VI,Income Tax Refunds Issued,Classification,4,2021,4,2021,3,09,22
2021-09-22,IRS Tax Refunds Business,Checks,27,4254,67551,VI,Income Tax Refunds Issued,Classification,5,2021,4,2021,3,09,22
2021-09-22,IRS Tax Refunds Business,EFT,2,1219,29637,VI,Income Tax Refunds Issued,Classification,6,2021,4,2021,3,09,22
2021-09-22,IRS Tax Refunds Individual,Checks,46,2814,64744,VI,Income Tax Refunds Issued,Classification,7,2021,4,2021,3,09,22
2021-09-22,IRS Tax Refunds Individual,EFT,1352,7628,340562,VI,Income Tax Refunds Issued,Classification,8,2021,4,2021,3,09,22
2021-09-21,IRS - Advanced Child Tax Credit (Checks),null,0,1874,8033,VI,Income Tax Refunds Issued,Classification,1,2021,4,2021,3,09,21
2021-09-21,IRS - Advanced Child Tax Credit (EFT),null,0,13291,37857,VI,Income Tax Refunds Issued,Classification,2,2021,4,2021,3,09,21
2021-09-21,IRS - Economic Impact Payments (Checks),null,4,759,86822,VI,Income Tax Refunds Issued,Classification,3,2021,4,2021,3,09,21
2021-09-21,IRS - Economic Impact Payments (EFT),null,0,1023,443703,VI,Income Tax Refunds Issued,Classification,4,2021,4,2021,3,09,21
2021-09-21,IRS Tax Refunds Business,Checks,894,4227,67524,VI,Income Tax Refunds Issued,Classification,5,2021,4,2021,3,09,21
2021-09-21,IRS Tax Refunds Business,EFT,347,1218,29635,VI,Income Tax Refunds Issued,Classification,6,2021,4,2021,3,09,21
2021-09-21,IRS Tax Refunds Individual,Checks,81,2768,64698,VI,Income Tax Refunds Issued,Classification,7,2021,4,2021,3,09,21
2021-09-21,IRS Tax Refunds Individual,EFT,112,6275,339210,VI,Income Tax Refunds Issued,Classification,8,2021,4,2021,3,09,21
2021-09-20,IRS - Advanced Child Tax Credit (Checks),null,0,1874,8033,VI,Income Tax Refunds Issued,Classification,1,2021,4,2021,3,09,20
2021-09-20,IRS - Advanced Child Tax Credit (EFT),null,0,13291,37856,VI,Income Tax Refunds Issued,Classification,2,2021,4,2021,3,09,20
2021-09-20,IRS - Economic Impact Payments (Checks),null,0,755,86818,VI,Income Tax Refunds Issued,Classification,3,2021,4,2021,3,09,20
2021-09-20,IRS - Economic Impact Payments (EFT),null,0,1022,443703,VI,Income Tax Refunds Issued,Classification,4,2021,4,2021,3,09,20
2021-09-20,IRS Tax Refunds Business,Checks,73,3333,66630,VI,Income Tax Refunds Issued,Classification,5,2021,4,2021,3,09,20
2021-09-20,IRS Tax Refunds Business,EFT,16,870,29287,VI,Income Tax Refunds Issued,Classification,6,2021,4,2021,3,09,20
2021-09-20,IRS Tax Refunds Individual,Checks,10,2687,64617,VI,Income Tax Refunds Issued,Classification,7,2021,4,2021,3,09,20
2021-09-20,IRS Tax Refunds Individual,EFT,120,6164,339098,VI,Income Tax Refunds Issued,Classification,8,2021,4,2021,3,09,20
2021-09-17,IRS - Advanced Child Tax Credit (Checks),null,0,1874,8033,VI,Income Tax Refunds Issued,Classification,1,2021,4,2021,3,09,17
2021-09-17,IRS - Advanced Child Tax Credit (EFT),null,-33,13291,37856,VI,Income Tax Refunds Issued,Classification,2,2021,4,2021,3,09,17
2021-09-17,IRS - Economic Impact Payments (Checks),null,258,755,86818,VI,Income Tax Refunds Issued,Classification,3,2021,4,2021,3,09,17
2021-09-17,IRS - Economic Impact Payments (EFT),null,1,1022,443703,VI,Income Tax Refunds Issued,Classification,4,2021,4,2021,3,09,17
2021-09-17,IRS Tax Refunds Business,Checks,66,3260,66557,VI,Income Tax Refunds Issued,Classification,5,2021,4,2021,3,09,17
2021-09-17,IRS Tax Refunds Business,EFT,298,855,29272,VI,Income Tax Refunds Issued,Classification,6,2021,4,2021,3,09,17
2021-09-17,IRS Tax Refunds Individual,Checks,626,2677,64607,VI,Income Tax Refunds Issued,Classification,7,2021,4,2021,3,09,17
2021-09-17,IRS Tax Refunds Individual,EFT,204,6044,338979,VI,Income Tax Refunds Issued,Classification,8,2021,4,2021,3,09,17
2021-09-16,IRS - Advanced Child Tax Credit (Checks),null,1,1874,8033,VI,Income Tax Refunds Issued,Classification,1,2021,4,2021,3,09,16
2021-09-16,IRS - Advanced Child Tax Credit (EFT),null,-24,13324,37890,VI,Income Tax Refunds Issued,Classification,2,2021,4,2021,3,09,16
2021-09-16,IRS - Economic Impact Payments (Checks),null,1,497,86560,VI,Income Tax Refunds Issued,Classification,3,2021,4,2021,3,09,16
2021-09-16,IRS - Economic Impact Payments (EFT),null,0,1021,443702,VI,Income Tax Refunds Issued,Classification,4,2021,4,2021,3,09,16
2021-09-16,IRS Tax Refunds Business,Checks,51,3194,66491,VI,Income Tax Refunds Issued,Classification,5,2021,4,2021,3,09,16
2021-09-16,IRS Tax Refunds Business,EFT,39,557,28974,VI,Income Tax Refunds Issued,Classification,6,2021,4,2021,3,09,16
2021-09-16,IRS Tax Refunds Individual,Checks,54,2050,63980,VI,Income Tax Refunds Issued,Classification,7,2021,4,2021,3,09,16
2021-09-16,IRS Tax Refunds Individual,EFT,19,5840,338774,VI,Income Tax Refunds Issued,Classification,8,2021,4,2021,3,09,16
2021-09-15,IRS - Advanced Child Tax Credit (Checks),null,1872,1872,8032,VI,Income Tax Refunds Issued,Classification,1,2021,4,2021,3,09,15
2021-09-15,IRS - Advanced Child Tax Credit (EFT),null,13343,13348,37914,VI,Income Tax Refunds Issued,Classification,2,2021,4,2021,3,09,15
2021-09-15,IRS - Economic Impact Payments (Checks),null,2,496,86559,VI,Income Tax Refunds Issued,Classification,3,2021,4,2021,3,09,15
2021-09-15,IRS - Economic Impact Payments (EFT),null,282,1021,443702,VI,Income Tax Refunds Issued,Classification,4,2021,4,2021,3,09,15
2021-09-15,IRS Tax Refunds Business,Checks,37,3144,66440,VI,Income Tax Refunds Issued,Classification,5,2021,4,2021,3,09,15
2021-09-15,IRS Tax Refunds Business,EFT,0,518,28935,VI,Income Tax Refunds Issued,Classification,6,2021,4,2021,3,09,15
2021-09-15,IRS Tax Refunds Individual,Checks,80,1996,63926,VI,Income Tax Refunds Issued,Classification,7,2021,4,2021,3,09,15
2021-09-15,IRS Tax Refunds Individual,EFT,1508,5820,338755,VI,Income Tax Refunds Issued,Classification,8,2021,4,2021,3,09,15
2021-09-14,IRS - Advanced Child Tax Credit (Checks),null,0,0,6160,VI,Income Tax Refunds Issued,Classification,1,2021,4,2021,3,09,14
2021-09-14,IRS - Advanced Child Tax Credit (EFT),null,0,6,24571,VI,Income Tax Refunds Issued,Classification,2,2021,4,2021,3,09,14
2021-09-14,IRS - Economic Impact Payments (Checks),null,2,494,86557,VI,Income Tax Refunds Issued,Classification,3,2021,4,2021,3,09,14
2021-09-14,IRS - Economic Impact Payments (EFT),null,0,739,443420,VI,Income Tax Refunds Issued,Classification,4,2021,4,2021,3,09,14
2021-09-14,IRS Tax Refunds Business,Checks,1338,3106,66403,VI,Income Tax Refunds Issued,Classification,5,2021,4,2021,3,09,14
2021-09-14,IRS Tax Refunds Business,EFT,59,518,28935,VI,Income Tax Refunds Issued,Classification,6,2021,4,2021,3,09,14
2021-09-14,IRS Tax Refunds Individual,Checks,49,1916,63845,VI,Income Tax Refunds Issued,Classification,7,2021,4,2021,3,09,14
2021-09-14,IRS Tax Refunds Individual,EFT,153,4312,337247,VI,Income Tax Refunds Issued,Classification,8,2021,4,2021,3,09,14
2021-09-13,IRS - Advanced Child Tax Credit (Checks),null,0,0,6160,VI,Income Tax Refunds Issued,Classification,1,2021,4,2021,3,09,13
2021-09-13,IRS - Advanced Child Tax Credit (EFT),null,0,6,24571,VI,Income Tax Refunds Issued,Classification,2,2021,4,2021,3,09,13
2021-09-13,IRS - Economic Impact Payments (Checks),null,209,493,86555,VI,Income Tax Refunds Issued,Classification,3,2021,4,2021,3,09,13
2021-09-13,IRS - Economic Impact Payments (EFT),null,0,739,443419,VI,Income Tax Refunds Issued,Classification,4,2021,4,2021,3,09,13
2021-09-13,IRS Tax Refunds Business,Checks,92,1769,65065,VI,Income Tax Refunds Issued,Classification,5,2021,4,2021,3,09,13
2021-09-13,IRS Tax Refunds Business,EFT,122,459,28876,VI,Income Tax Refunds Issued,Classification,6,2021,4,2021,3,09,13
2021-09-13,IRS Tax Refunds Individual,Checks,752,1867,63797,VI,Income Tax Refunds Issued,Classification,7,2021,4,2021,3,09,13
2021-09-13,IRS Tax Refunds Individual,EFT,74,4159,337094,VI,Income Tax Refunds Issued,Classification,8,2021,4,2021,3,09,13
2021-09-10,IRS - Advanced Child Tax Credit (Checks),null,0,0,6160,VI,Income Tax Refunds Issued,Classification,1,2021,4,2021,3,09,10
2021-09-10,IRS - Advanced Child Tax Credit (EFT),null,0,6,24571,VI,Income Tax Refunds Issued,Classification,2,2021,4,2021,3,09,10
2021-09-10,IRS - Economic Impact Payments (Checks),null,1,283,86346,VI,Income Tax Refunds Issued,Classification,3,2021,4,2021,3,09,10
2021-09-10,IRS - Economic Impact Payments (EFT),null,0,738,443419,VI,Income Tax Refunds Issued,Classification,4,2021,4,2021,3,09,10
2021-09-10,IRS Tax Refunds Business,Checks,100,1677,64973,VI,Income Tax Refunds Issued,Classification,5,2021,4,2021,3,09,10
2021-09-10,IRS Tax Refunds Business,EFT,240,337,28754,VI,Income Tax Refunds Issued,Classification,6,2021,4,2021,3,09,10
2021-09-10,IRS Tax Refunds Individual,Checks,56,1115,63044,VI,Income Tax Refunds Issued,Classification,7,2021,4,2021,3,09,10
2021-09-10,IRS Tax Refunds Individual,EFT,109,4085,337019,VI,Income Tax Refunds Issued,Classification,8,2021,4,2021,3,09,10
2021-09-09,IRS - Advanced Child Tax Credit (Checks),null,0,0,6160,VI,Income Tax Refunds Issued,Classification,1,2021,4,2021,3,09,09
2021-09-09,IRS - Advanced Child Tax Credit (EFT),null,0,6,24571,VI,Income Tax Refunds Issued,Classification,2,2021,4,2021,3,09,09
2021-09-09,IRS - Economic Impact Payments (Checks),null,2,282,86345,VI,Income Tax Refunds Issued,Classification,3,2021,4,2021,3,09,09
2021-09-09,IRS - Economic Impact Payments (EFT),null,339,738,443419,VI,Income Tax Refunds Issued,Classification,4,2021,4,2021,3,09,09
2021-09-09,IRS Tax Refunds Business,Checks,215,1577,64873,VI,Income Tax Refunds Issued,Classification,5,2021,4,2021,3,09,09
2021-09-09,IRS Tax Refunds Business,EFT,6,98,28515,VI,Income Tax Refunds Issued,Classification,6,2021,4,2021,3,09,09
2021-09-09,IRS Tax Refunds Individual,Checks,70,1059,62989,VI,Income Tax Refunds Issued,Classification,7,2021,4,2021,3,09,09
2021-09-09,IRS Tax Refunds Individual,EFT,1630,3975,336910,VI,Income Tax Refunds Issued,Classification,8,2021,4,2021,3,09,09
2021-09-08,IRS - Advanced Child Tax Credit (Checks),null,0,0,6159,VI,Income Tax Refunds Issued,Classification,1,2021,4,2021,3,09,08
2021-09-08,IRS - Advanced Child Tax Credit (EFT),null,0,6,24571,VI,Income Tax Refunds Issued,Classification,2,2021,4,2021,3,09,08
2021-09-08,IRS - Economic Impact Payments (Checks),null,2,280,86343,VI,Income Tax Refunds Issued,Classification,3,2021,4,2021,3,09,08
2021-09-08,IRS - Economic Impact Payments (EFT),null,9,399,443079,VI,Income Tax Refunds Issued,Classification,4,2021,4,2021,3,09,08
2021-09-08,IRS Tax Refunds Business,Checks,45,1362,64659,VI,Income Tax Refunds Issued,Classification,5,2021,4,2021,3,09,08
2021-09-08,IRS Tax Refunds Business,EFT,0,92,28509,VI,Income Tax Refunds Issued,Classification,6,2021,4,2021,3,09,08
2021-09-08,IRS Tax Refunds Individual,Checks,34,989,62918,VI,Income Tax Refunds Issued,Classification,7,2021,4,2021,3,09,08
2021-09-08,IRS Tax Refunds Individual,EFT,131,2345,335280,VI,Income Tax Refunds Issued,Classification,8,2021,4,2021,3,09,08
2021-09-07,IRS - Advanced Child Tax Credit (Checks),null,0,0,6159,VI,Income Tax Refunds Issued,Classification,1,2021,4,2021,3,09,07
2021-09-07,IRS - Advanced Child Tax Credit (EFT),null,0,6,24571,VI,Income Tax Refunds Issued,Classification,2,2021,4,2021,3,09,07
2021-09-07,IRS - Economic Impact Payments (Checks),null,2,278,86341,VI,Income Tax Refunds Issued,Classification,3,2021,4,2021,3,09,07
2021-09-07,IRS - Economic Impact Payments (EFT),null,4,389,443070,VI,Income Tax Refunds Issued,Classification,4,2021,4,2021,3,09,07
2021-09-07,IRS Tax Refunds Business,Checks,1068,1317,64614,VI,Income Tax Refunds Issued,Classification,5,2021,4,2021,3,09,07
2021-09-07,IRS Tax Refunds Business,EFT,41,92,28509,VI,Income Tax Refunds Issued,Classification,6,2021,4,2021,3,09,07
2021-09-07,IRS Tax Refunds Individual,Checks,62,954,62884,VI,Income Tax Refunds Issued,Classification,7,2021,4,2021,3,09,07
2021-09-07,IRS Tax Refunds Individual,EFT,202,2215,335149,VI,Income Tax Refunds Issued,Classification,8,2021,4,2021,3,09,07
2021-09-03,IRS - Advanced Child Tax Credit (Checks),null,0,0,6159,VI,Income Tax Refunds Issued,Classification,1,2021,4,2021,3,09,03
2021-09-03,IRS - Advanced Child Tax Credit (EFT),null,0,6,24571,VI,Income Tax Refunds Issued,Classification,2,2021,4,2021,3,09,03
2021-09-03,IRS - Economic Impact Payments (Checks),null,272,276,86339,VI,Income Tax Refunds Issued,Classification,3,2021,4,2021,3,09,03
2021-09-03,IRS - Economic Impact Payments (EFT),null,0,386,443067,VI,Income Tax Refunds Issued,Classification,4,2021,4,2021,3,09,03
2021-09-03,IRS Tax Refunds Business,Checks,61,249,63546,VI,Income Tax Refunds Issued,Classification,5,2021,4,2021,3,09,03
2021-09-03,IRS Tax Refunds Business,EFT,11,51,28468,VI,Income Tax Refunds Issued,Classification,6,2021,4,2021,3,09,03
2021-09-03,IRS Tax Refunds Individual,Checks,742,892,62822,VI,Income Tax Refunds Issued,Classification,7,2021,4,2021,3,09,03
2021-09-03,IRS Tax Refunds Individual,EFT,113,2013,334947,VI,Income Tax Refunds Issued,Classification,8,2021,4,2021,3,09,03
2021-09-02,IRS - Advanced Child Tax Credit (Checks),null,0,0,6159,VI,Income Tax Refunds Issued,Classification,1,2021,4,2021,3,09,02
2021-09-02,IRS - Advanced Child Tax Credit (EFT),null,3,6,24571,VI,Income Tax Refunds Issued,Classification,2,2021,4,2021,3,09,02
2021-09-02,IRS - Economic Impact Payments (Checks),null,4,4,86067,VI,Income Tax Refunds Issued,Classification,3,2021,4,2021,3,09,02
2021-09-02,IRS - Economic Impact Payments (EFT),null,0,385,443066,VI,Income Tax Refunds Issued,Classification,4,2021,4,2021,3,09,02
2021-09-02,IRS Tax Refunds Business,Checks,152,188,63484,VI,Income Tax Refunds Issued,Classification,5,2021,4,2021,3,09,02
2021-09-02,IRS Tax Refunds Business,EFT,38,40,28457,VI,Income Tax Refunds Issued,Classification,6,2021,4,2021,3,09,02
2021-09-02,IRS Tax Refunds Individual,Checks,128,149,62079,VI,Income Tax Refunds Issued,Classification,7,2021,4,2021,3,09,02
2021-09-02,IRS Tax Refunds Individual,EFT,167,1900,334834,VI,Income Tax Refunds Issued,Classification,8,2021,4,2021,3,09,02
2021-09-01,IRS - Advanced Child Tax Credit (Checks),null,0,0,6159,VI,Income Tax Refunds Issued,Classification,1,2021,4,2021,3,09,01
2021-09-01,IRS - Advanced Child Tax Credit (EFT),null,2,2,24568,VI,Income Tax Refunds Issued,Classification,2,2021,4,2021,3,09,01
2021-09-01,IRS - Economic Impact Payments (Checks),null,0,0,86063,VI,Income Tax Refunds Issued,Classification,3,2021,4,2021,3,09,01
2021-09-01,IRS - Economic Impact Payments (EFT),null,385,385,443066,VI,Income Tax Refunds Issued,Classification,4,2021,4,2021,3,09,01
2021-09-01,IRS Tax Refunds Business,Checks,35,35,63332,VI,Income Tax Refunds Issued,Classification,5,2021,4,2021,3,09,01
2021-09-01,IRS Tax Refunds Business,EFT,2,2,28419,VI,Income Tax Refunds Issued,Classification,6,2021,4,2021,3,09,01
2021-09-01,IRS Tax Refunds Individual,Checks,21,21,61951,VI,Income Tax Refunds Issued,Classification,7,2021,4,2021,3,09,01
2021-09-01,IRS Tax Refunds Individual,EFT,1733,1733,334667,VI,Income Tax Refunds Issued,Classification,8,2021,4,2021,3,09,01
2021-08-31,IRS - Advanced Child Tax Credit (Checks),null,0,4102,6159,VI,Income Tax Refunds Issued,Classification,1,2021,4,2021,3,08,31
2021-08-31,IRS - Advanced Child Tax Credit (EFT),null,0,11830,24566,VI,Income Tax Refunds Issued,Classification,2,2021,4,2021,3,08,31
2021-08-31,IRS - Economic Impact Payments (Checks),null,4,1169,86063,VI,Income Tax Refunds Issued,Classification,3,2021,4,2021,3,08,31
2021-08-31,IRS - Economic Impact Payments (EFT),null,1,991,442681,VI,Income Tax Refunds Issued,Classification,4,2021,4,2021,3,08,31
2021-08-31,IRS Tax Refunds Business,Checks,1440,10643,63297,VI,Income Tax Refunds Issued,Classification,5,2021,4,2021,3,08,31
2021-08-31,IRS Tax Refunds Business,EFT,103,1804,28417,VI,Income Tax Refunds Issued,Classification,6,2021,4,2021,3,08,31
2021-08-31,IRS Tax Refunds Individual,Checks,52,4795,61930,VI,Income Tax Refunds Issued,Classification,7,2021,4,2021,3,08,31
2021-08-31,IRS Tax Refunds Individual,EFT,534,14212,332935,VI,Income Tax Refunds Issued,Classification,8,2021,4,2021,3,08,31
2021-08-30,IRS - Advanced Child Tax Credit (Checks),null,0,4102,6159,VI,Income Tax Refunds Issued,Classification,1,2021,4,2021,3,08,30
2021-08-30,IRS - Advanced Child Tax Credit (EFT),null,0,11830,24566,VI,Income Tax Refunds Issued,Classification,2,2021,4,2021,3,08,30
2021-08-30,IRS - Economic Impact Payments (Checks),null,2,1165,86059,VI,Income Tax Refunds Issued,Classification,3,2021,4,2021,3,08,30
2021-08-30,IRS - Economic Impact Payments (EFT),null,0,991,442680,VI,Income Tax Refunds Issued,Classification,4,2021,4,2021,3,08,30
2021-08-30,IRS Tax Refunds Business,Checks,81,9203,61857,VI,Income Tax Refunds Issued,Classification,5,2021,4,2021,3,08,30
2021-08-30,IRS Tax Refunds Business,EFT,99,1700,28314,VI,Income Tax Refunds Issued,Classification,6,2021,4,2021,3,08,30
2021-08-30,IRS Tax Refunds Individual,Checks,64,4743,61878,VI,Income Tax Refunds Issued,Classification,7,2021,4,2021,3,08,30
2021-08-30,IRS Tax Refunds Individual,EFT,-4,13678,332401,VI,Income Tax Refunds Issued,Classification,8,2021,4,2021,3,08,30
2021-08-27,IRS - Advanced Child Tax Credit (Checks),null,159,4102,6159,VI,Income Tax Refunds Issued,Classification,1,2021,4,2021,3,08,27
2021-08-27,IRS - Advanced Child Tax Credit (EFT),null,0,11830,24566,VI,Income Tax Refunds Issued,Classification,2,2021,4,2021,3,08,27
2021-08-27,IRS - Economic Impact Payments (Checks),null,319,1162,86057,VI,Income Tax Refunds Issued,Classification,3,2021,4,2021,3,08,27
2021-08-27,IRS - Economic Impact Payments (EFT),null,60,991,442680,VI,Income Tax Refunds Issued,Classification,4,2021,4,2021,3,08,27
2021-08-27,IRS Tax Refunds Business,Checks,74,9122,61776,VI,Income Tax Refunds Issued,Classification,5,2021,4,2021,3,08,27
2021-08-27,IRS Tax Refunds Business,EFT,6,1601,28214,VI,Income Tax Refunds Issued,Classification,6,2021,4,2021,3,08,27
2021-08-27,IRS Tax Refunds Individual,Checks,821,4679,61814,VI,Income Tax Refunds Issued,Classification,7,2021,4,2021,3,08,27
2021-08-27,IRS Tax Refunds Individual,EFT,126,13682,332405,VI,Income Tax Refunds Issued,Classification,8,2021,4,2021,3,08,27
2021-08-26,IRS - Advanced Child Tax Credit (Checks),null,0,3943,5999,VI,Income Tax Refunds Issued,Classification,1,2021,4,2021,3,08,26
2021-08-26,IRS - Advanced Child Tax Credit (EFT),null,0,11829,24565,VI,Income Tax Refunds Issued,Classification,2,2021,4,2021,3,08,26
2021-08-26,IRS - Economic Impact Payments (Checks),null,2,843,85737,VI,Income Tax Refunds Issued,Classification,3,2021,4,2021,3,08,26
2021-08-26,IRS - Economic Impact Payments (EFT),null,0,931,442620,VI,Income Tax Refunds Issued,Classification,4,2021,4,2021,3,08,26
2021-08-26,IRS Tax Refunds Business,Checks,37,9048,61702,VI,Income Tax Refunds Issued,Classification,5,2021,4,2021,3,08,26
2021-08-26,IRS Tax Refunds Business,EFT,22,1595,28209,VI,Income Tax Refunds Issued,Classification,6,2021,4,2021,3,08,26
2021-08-26,IRS Tax Refunds Individual,Checks,83,3858,60992,VI,Income Tax Refunds Issued,Classification,7,2021,4,2021,3,08,26
2021-08-26,IRS Tax Refunds Individual,EFT,154,13556,332279,VI,Income Tax Refunds Issued,Classification,8,2021,4,2021,3,08,26
2021-08-25,IRS - Advanced Child Tax Credit (Checks),null,6,3943,5999,VI,Income Tax Refunds Issued,Classification,1,2021,4,2021,3,08,25
2021-08-25,IRS - Advanced Child Tax Credit (EFT),null,344,11829,24565,VI,Income Tax Refunds Issued,Classification,2,2021,4,2021,3,08,25
2021-08-25,IRS - Economic Impact Payments (Checks),null,2,841,85735,VI,Income Tax Refunds Issued,Classification,3,2021,4,2021,3,08,25
2021-08-25,IRS - Economic Impact Payments (EFT),null,427,930,442620,VI,Income Tax Refunds Issued,Classification,4,2021,4,2021,3,08,25
2021-08-25,IRS Tax Refunds Business,Checks,38,9011,61665,VI,Income Tax Refunds Issued,Classification,5,2021,4,2021,3,08,25
2021-08-25,IRS Tax Refunds Business,EFT,35,1573,28186,VI,Income Tax Refunds Issued,Classification,6,2021,4,2021,3,08,25
2021-08-25,IRS Tax Refunds Individual,Checks,60,3774,60909,VI,Income Tax Refunds Issued,Classification,7,2021,4,2021,3,08,25
2021-08-25,IRS Tax Refunds Individual,EFT,1977,13402,332125,VI,Income Tax Refunds Issued,Classification,8,2021,4,2021,3,08,25
2021-08-24,IRS - Advanced Child Tax Credit (Checks),null,6,3936,5993,VI,Income Tax Refunds Issued,Classification,1,2021,4,2021,3,08,24
2021-08-24,IRS - Advanced Child Tax Credit (EFT),null,0,11485,24221,VI,Income Tax Refunds Issued,Classification,2,2021,4,2021,3,08,24
2021-08-24,IRS - Economic Impact Payments (Checks),null,2,840,85734,VI,Income Tax Refunds Issued,Classification,3,2021,4,2021,3,08,24
2021-08-24,IRS - Economic Impact Payments (EFT),null,-439,504,442193,VI,Income Tax Refunds Issued,Classification,4,2021,4,2021,3,08,24
2021-08-24,IRS Tax Refunds Business,Checks,3746,8973,61627,VI,Income Tax Refunds Issued,Classification,5,2021,4,2021,3,08,24
2021-08-24,IRS Tax Refunds Business,EFT,80,1538,28151,VI,Income Tax Refunds Issued,Classification,6,2021,4,2021,3,08,24
2021-08-24,IRS Tax Refunds Individual,Checks,53,3714,60849,VI,Income Tax Refunds Issued,Classification,7,2021,4,2021,3,08,24
2021-08-24,IRS Tax Refunds Individual,EFT,364,11425,330147,VI,Income Tax Refunds Issued,Classification,8,2021,4,2021,3,08,24
2021-08-23,IRS - Advanced Child Tax Credit (Checks),null,1,3930,5987,VI,Income Tax Refunds Issued,Classification,1,2021,4,2021,3,08,23
2021-08-23,IRS - Advanced Child Tax Credit (EFT),null,1,11485,24221,VI,Income Tax Refunds Issued,Classification,2,2021,4,2021,3,08,23
2021-08-23,IRS - Economic Impact Payments (Checks),null,2,838,85732,VI,Income Tax Refunds Issued,Classification,3,2021,4,2021,3,08,23
2021-08-23,IRS - Economic Impact Payments (EFT),null,1,943,442632,VI,Income Tax Refunds Issued,Classification,4,2021,4,2021,3,08,23
2021-08-23,IRS Tax Refunds Business,Checks,21,5228,57882,VI,Income Tax Refunds Issued,Classification,5,2021,4,2021,3,08,23
2021-08-23,IRS Tax Refunds Business,EFT,27,1458,28071,VI,Income Tax Refunds Issued,Classification,6,2021,4,2021,3,08,23
2021-08-23,IRS Tax Refunds Individual,Checks,80,3661,60796,VI,Income Tax Refunds Issued,Classification,7,2021,4,2021,3,08,23
2021-08-23,IRS Tax Refunds Individual,EFT,317,11061,329784,VI,Income Tax Refunds Issued,Classification,8,2021,4,2021,3,08,23
2021-08-20,IRS - Advanced Child Tax Credit (Checks),null,0,3929,5986,VI,Income Tax Refunds Issued,Classification,1,2021,4,2021,3,08,20
2021-08-20,IRS - Advanced Child Tax Credit (EFT),null,1,11485,24221,VI,Income Tax Refunds Issued,Classification,2,2021,4,2021,3,08,20
2021-08-20,IRS - Economic Impact Payments (Checks),null,268,836,85730,VI,Income Tax Refunds Issued,Classification,3,2021,4,2021,3,08,20
2021-08-20,IRS - Economic Impact Payments (EFT),null,1,942,442632,VI,Income Tax Refunds Issued,Classification,4,2021,4,2021,3,08,20
2021-08-20,IRS Tax Refunds Business,Checks,55,5207,57861,VI,Income Tax Refunds Issued,Classification,5,2021,4,2021,3,08,20
2021-08-20,IRS Tax Refunds Business,EFT,368,1430,28044,VI,Income Tax Refunds Issued,Classification,6,2021,4,2021,3,08,20
2021-08-20,IRS Tax Refunds Individual,Checks,1347,3581,60716,VI,Income Tax Refunds Issued,Classification,7,2021,4,2021,3,08,20
2021-08-20,IRS Tax Refunds Individual,EFT,178,10744,329467,VI,Income Tax Refunds Issued,Classification,8,2021,4,2021,3,08,20
2021-08-19,IRS - Advanced Child Tax Credit (Checks),null,0,3929,5985,VI,Income Tax Refunds Issued,Classification,1,2021,4,2021,3,08,19
2021-08-19,IRS - Advanced Child Tax Credit (EFT),null,26,11484,24220,VI,Income Tax Refunds Issued,Classification,2,2021,4,2021,3,08,19
2021-08-19,IRS - Economic Impact Payments (Checks),null,1,568,85462,VI,Income Tax Refunds Issued,Classification,3,2021,4,2021,3,08,19
2021-08-19,IRS - Economic Impact Payments (EFT),null,0,941,442631,VI,Income Tax Refunds Issued,Classification,4,2021,4,2021,3,08,19
2021-08-19,IRS Tax Refunds Business,Checks,38,5152,57805,VI,Income Tax Refunds Issued,Classification,5,2021,4,2021,3,08,19
2021-08-19,IRS Tax Refunds Business,EFT,59,1063,27676,VI,Income Tax Refunds Issued,Classification,6,2021,4,2021,3,08,19
2021-08-19,IRS Tax Refunds Individual,Checks,80,2234,59369,VI,Income Tax Refunds Issued,Classification,7,2021,4,2021,3,08,19
2021-08-19,IRS Tax Refunds Individual,EFT,171,10566,329289,VI,Income Tax Refunds Issued,Classification,8,2021,4,2021,3,08,19
2021-08-18,IRS - Advanced Child Tax Credit (Checks),null,0,3929,5985,VI,Income Tax Refunds Issued,Classification,1,2021,4,2021,3,08,18
2021-08-18,IRS - Advanced Child Tax Credit (EFT),null,0,11458,24194,VI,Income Tax Refunds Issued,Classification,2,2021,4,2021,3,08,18
2021-08-18,IRS - Economic Impact Payments (Checks),null,2,566,85460,VI,Income Tax Refunds Issued,Classification,3,2021,4,2021,3,08,18
2021-08-18,IRS - Economic Impact Payments (EFT),null,304,941,442630,VI,Income Tax Refunds Issued,Classification,4,2021,4,2021,3,08,18
2021-08-18,IRS Tax Refunds Business,Checks,22,5113,57767,VI,Income Tax Refunds Issued,Classification,5,2021,4,2021,3,08,18
2021-08-18,IRS Tax Refunds Business,EFT,65,1003,27617,VI,Income Tax Refunds Issued,Classification,6,2021,4,2021,3,08,18
2021-08-18,IRS Tax Refunds Individual,Checks,68,2154,59289,VI,Income Tax Refunds Issued,Classification,7,2021,4,2021,3,08,18
2021-08-18,IRS Tax Refunds Individual,EFT,4568,10394,329117,VI,Income Tax Refunds Issued,Classification,8,2021,4,2021,3,08,18
2021-08-17,IRS - Advanced Child Tax Credit (Checks),null,0,3929,5985,VI,Income Tax Refunds Issued,Classification,1,2021,4,2021,3,08,17
2021-08-17,IRS - Advanced Child Tax Credit (EFT),null,0,11458,24194,VI,Income Tax Refunds Issued,Classification,2,2021,4,2021,3,08,17
2021-08-17,IRS - Economic Impact Payments (Checks),null,2,565,85459,VI,Income Tax Refunds Issued,Classification,3,2021,4,2021,3,08,17
2021-08-17,IRS - Economic Impact Payments (EFT),null,0,636,442326,VI,Income Tax Refunds Issued,Classification,4,2021,4,2021,3,08,17
2021-08-17,IRS Tax Refunds Business,Checks,2758,5092,57745,VI,Income Tax Refunds Issued,Classification,5,2021,4,2021,3,08,17
2021-08-17,IRS Tax Refunds Business,EFT,310,938,27551,VI,Income Tax Refunds Issued,Classification,6,2021,4,2021,3,08,17
2021-08-17,IRS Tax Refunds Individual,Checks,57,2085,59220,VI,Income Tax Refunds Issued,Classification,7,2021,4,2021,3,08,17
2021-08-17,IRS Tax Refunds Individual,EFT,386,5827,324549,VI,Income Tax Refunds Issued,Classification,8,2021,4,2021,3,08,17
2021-08-16,IRS - Advanced Child Tax Credit (Checks),null,0,3929,5985,VI,Income Tax Refunds Issued,Classification,1,2021,4,2021,3,08,16
2021-08-16,IRS - Advanced Child Tax Credit (EFT),null,0,11458,24194,VI,Income Tax Refunds Issued,Classification,2,2021,4,2021,3,08,16
2021-08-16,IRS - Economic Impact Payments (Checks),null,2,563,85457,VI,Income Tax Refunds Issued,Classification,3,2021,4,2021,3,08,16
2021-08-16,IRS - Economic Impact Payments (EFT),null,0,636,442326,VI,Income Tax Refunds Issued,Classification,4,2021,4,2021,3,08,16
2021-08-16,IRS Tax Refunds Business,Checks,45,2334,54988,VI,Income Tax Refunds Issued,Classification,5,2021,4,2021,3,08,16
2021-08-16,IRS Tax Refunds Business,EFT,111,628,27242,VI,Income Tax Refunds Issued,Classification,6,2021,4,2021,3,08,16
2021-08-16,IRS Tax Refunds Individual,Checks,75,2028,59163,VI,Income Tax Refunds Issued,Classification,7,2021,4,2021,3,08,16
2021-08-16,IRS Tax Refunds Individual,EFT,275,5440,324163,VI,Income Tax Refunds Issued,Classification,8,2021,4,2021,3,08,16
2021-08-13,IRS - Advanced Child Tax Credit (Checks),null,3928,3929,5985,VI,Income Tax Refunds Issued,Classification,1,2021,4,2021,3,08,13
2021-08-13,IRS - Advanced Child Tax Credit (EFT),null,11457,11458,24194,VI,Income Tax Refunds Issued,Classification,2,2021,4,2021,3,08,13
2021-08-13,IRS - Economic Impact Payments (Checks),null,271,561,85455,VI,Income Tax Refunds Issued,Classification,3,2021,4,2021,3,08,13
2021-08-13,IRS - Economic Impact Payments (EFT),null,0,636,442325,VI,Income Tax Refunds Issued,Classification,4,2021,4,2021,3,08,13
2021-08-13,IRS Tax Refunds Business,Checks,80,2289,54943,VI,Income Tax Refunds Issued,Classification,5,2021,4,2021,3,08,13
2021-08-13,IRS Tax Refunds Business,EFT,11,518,27131,VI,Income Tax Refunds Issued,Classification,6,2021,4,2021,3,08,13
2021-08-13,IRS Tax Refunds Individual,Checks,724,1953,59088,VI,Income Tax Refunds Issued,Classification,7,2021,4,2021,3,08,13
2021-08-13,IRS Tax Refunds Individual,EFT,146,5165,323888,VI,Income Tax Refunds Issued,Classification,8,2021,4,2021,3,08,13
2021-08-12,IRS - Advanced Child Tax Credit (Checks),null,0,1,2058,VI,Income Tax Refunds Issued,Classification,1,2021,4,2021,3,08,12
2021-08-12,IRS - Advanced Child Tax Credit (EFT),null,0,0,12736,VI,Income Tax Refunds Issued,Classification,2,2021,4,2021,3,08,12
2021-08-12,IRS - Economic Impact Payments (Checks),null,2,290,85184,VI,Income Tax Refunds Issued,Classification,3,2021,4,2021,3,08,12
2021-08-12,IRS - Economic Impact Payments (EFT),null,0,635,442325,VI,Income Tax Refunds Issued,Classification,4,2021,4,2021,3,08,12
2021-08-12,IRS Tax Refunds Business,Checks,9,2209,54863,VI,Income Tax Refunds Issued,Classification,5,2021,4,2021,3,08,12
2021-08-12,IRS Tax Refunds Business,EFT,106,506,27120,VI,Income Tax Refunds Issued,Classification,6,2021,4,2021,3,08,12
2021-08-12,IRS Tax Refunds Individual,Checks,75,1229,58364,VI,Income Tax Refunds Issued,Classification,7,2021,4,2021,3,08,12
2021-08-12,IRS Tax Refunds Individual,EFT,202,5018,323741,VI,Income Tax Refunds Issued,Classification,8,2021,4,2021,3,08,12
2021-08-11,IRS - Advanced Child Tax Credit (Checks),null,0,1,2058,VI,Income Tax Refunds Issued,Classification,1,2021,4,2021,3,08,11
2021-08-11,IRS - Advanced Child Tax Credit (EFT),null,0,0,12736,VI,Income Tax Refunds Issued,Classification,2,2021,4,2021,3,08,11
2021-08-11,IRS - Economic Impact Payments (Checks),null,2,288,85182,VI,Income Tax Refunds Issued,Classification,3,2021,4,2021,3,08,11
2021-08-11,IRS - Economic Impact Payments (EFT),null,308,635,442324,VI,Income Tax Refunds Issued,Classification,4,2021,4,2021,3,08,11
2021-08-11,IRS Tax Refunds Business,Checks,28,2200,54854,VI,Income Tax Refunds Issued,Classification,5,2021,4,2021,3,08,11
2021-08-11,IRS Tax Refunds Business,EFT,6,400,27013,VI,Income Tax Refunds Issued,Classification,6,2021,4,2021,3,08,11
2021-08-11,IRS Tax Refunds Individual,Checks,79,1154,58288,VI,Income Tax Refunds Issued,Classification,7,2021,4,2021,3,08,11
2021-08-11,IRS Tax Refunds Individual,EFT,1709,4816,323539,VI,Income Tax Refunds Issued,Classification,8,2021,4,2021,3,08,11
2021-08-10,IRS - Advanced Child Tax Credit (Checks),null,0,1,2058,VI,Income Tax Refunds Issued,Classification,1,2021,4,2021,3,08,10
2021-08-10,IRS - Advanced Child Tax Credit (EFT),null,0,0,12736,VI,Income Tax Refunds Issued,Classification,2,2021,4,2021,3,08,10
2021-08-10,IRS - Economic Impact Payments (Checks),null,2,286,85180,VI,Income Tax Refunds Issued,Classification,3,2021,4,2021,3,08,10
2021-08-10,IRS - Economic Impact Payments (EFT),null,1,327,442017,VI,Income Tax Refunds Issued,Classification,4,2021,4,2021,3,08,10
2021-08-10,IRS Tax Refunds Business,Checks,1506,2172,54825,VI,Income Tax Refunds Issued,Classification,5,2021,4,2021,3,08,10
2021-08-10,IRS Tax Refunds Business,EFT,47,394,27007,VI,Income Tax Refunds Issued,Classification,6,2021,4,2021,3,08,10
2021-08-10,IRS Tax Refunds Individual,Checks,58,1075,58210,VI,Income Tax Refunds Issued,Classification,7,2021,4,2021,3,08,10
2021-08-10,IRS Tax Refunds Individual,EFT,322,3107,321830,VI,Income Tax Refunds Issued,Classification,8,2021,4,2021,3,08,10
2021-08-09,IRS - Advanced Child Tax Credit (Checks),null,0,1,2058,VI,Income Tax Refunds Issued,Classification,1,2021,4,2021,3,08,09
2021-08-09,IRS - Advanced Child Tax Credit (EFT),null,0,0,12736,VI,Income Tax Refunds Issued,Classification,2,2021,4,2021,3,08,09
2021-08-09,IRS - Economic Impact Payments (Checks),null,2,284,85178,VI,Income Tax Refunds Issued,Classification,3,2021,4,2021,3,08,09
2021-08-09,IRS - Economic Impact Payments (EFT),null,1,327,442016,VI,Income Tax Refunds Issued,Classification,4,2021,4,2021,3,08,09
2021-08-09,IRS Tax Refunds Business,Checks,20,666,53320,VI,Income Tax Refunds Issued,Classification,5,2021,4,2021,3,08,09
2021-08-09,IRS Tax Refunds Business,EFT,10,347,26960,VI,Income Tax Refunds Issued,Classification,6,2021,4,2021,3,08,09
2021-08-09,IRS Tax Refunds Individual,Checks,60,1017,58152,VI,Income Tax Refunds Issued,Classification,7,2021,4,2021,3,08,09
2021-08-09,IRS Tax Refunds Individual,EFT,267,2785,321508,VI,Income Tax Refunds Issued,Classification,8,2021,4,2021,3,08,09
2021-08-06,IRS - Advanced Child Tax Credit (Checks),null,0,1,2058,VI,Income Tax Refunds Issued,Classification,1,2021,4,2021,3,08,06
2021-08-06,IRS - Advanced Child Tax Credit (EFT),null,0,0,12736,VI,Income Tax Refunds Issued,Classification,2,2021,4,2021,3,08,06
2021-08-06,IRS - Economic Impact Payments (Checks),null,273,282,85176,VI,Income Tax Refunds Issued,Classification,3,2021,4,2021,3,08,06
2021-08-06,IRS - Economic Impact Payments (EFT),null,1,326,442016,VI,Income Tax Refunds Issued,Classification,4,2021,4,2021,3,08,06
2021-08-06,IRS Tax Refunds Business,Checks,68,646,53300,VI,Income Tax Refunds Issued,Classification,5,2021,4,2021,3,08,06
2021-08-06,IRS Tax Refunds Business,EFT,1,337,26950,VI,Income Tax Refunds Issued,Classification,6,2021,4,2021,3,08,06
2021-08-06,IRS Tax Refunds Individual,Checks,699,956,58091,VI,Income Tax Refunds Issued,Classification,7,2021,4,2021,3,08,06
2021-08-06,IRS Tax Refunds Individual,EFT,182,2518,321241,VI,Income Tax Refunds Issued,Classification,8,2021,4,2021,3,08,06
2021-08-05,IRS Tax Refunds Business,EFT,90,336,26949,VI,Income Tax Refunds Issued,Classification,6,2021,4,2021,3,08,05
2021-08-05,IRS - Advanced Child Tax Credit (Checks),null,0,0,2057,VI,Income Tax Refunds Issued,Classification,1,2021,4,2021,3,08,05
2021-08-05,IRS - Advanced Child Tax Credit (EFT),null,0,0,12736,VI,Income Tax Refunds Issued,Classification,2,2021,4,2021,3,08,05
2021-08-05,IRS - Economic Impact Payments (Checks),null,2,9,84903,VI,Income Tax Refunds Issued,Classification,3,2021,4,2021,3,08,05
2021-08-05,IRS - Economic Impact Payments (EFT),null,0,325,442015,VI,Income Tax Refunds Issued,Classification,4,2021,4,2021,3,08,05
2021-08-05,IRS Tax Refunds Business,Checks,34,578,53232,VI,Income Tax Refunds Issued,Classification,5,2021,4,2021,3,08,05
2021-08-05,IRS Tax Refunds Individual,Checks,80,257,57392,VI,Income Tax Refunds Issued,Classification,7,2021,4,2021,3,08,05
2021-08-05,IRS Tax Refunds Individual,EFT,204,2336,321059,VI,Income Tax Refunds Issued,Classification,8,2021,4,2021,3,08,05
2021-08-04,IRS - Advanced Child Tax Credit (Checks),null,0,0,2057,VI,Income Tax Refunds Issued,Classification,1,2021,4,2021,3,08,04
2021-08-04,IRS - Advanced Child Tax Credit (EFT),null,0,0,12736,VI,Income Tax Refunds Issued,Classification,2,2021,4,2021,3,08,04
2021-08-04,IRS - Economic Impact Payments (Checks),null,2,7,84901,VI,Income Tax Refunds Issued,Classification,3,2021,4,2021,3,08,04
2021-08-04,IRS - Economic Impact Payments (EFT),null,324,325,442014,VI,Income Tax Refunds Issued,Classification,4,2021,4,2021,3,08,04
2021-08-04,IRS Tax Refunds Business,Checks,10,544,53198,VI,Income Tax Refunds Issued,Classification,5,2021,4,2021,3,08,04
2021-08-04,IRS Tax Refunds Business,EFT,0,246,26859,VI,Income Tax Refunds Issued,Classification,6,2021,4,2021,3,08,04
2021-08-04,IRS Tax Refunds Individual,Checks,68,177,57312,VI,Income Tax Refunds Issued,Classification,7,2021,4,2021,3,08,04
2021-08-04,IRS Tax Refunds Individual,EFT,1561,2132,320855,VI,Income Tax Refunds Issued,Classification,8,2021,4,2021,3,08,04
2021-08-03,IRS - Advanced Child Tax Credit (Checks),null,0,0,2057,VI,Income Tax Refunds Issued,Classification,1,2021,4,2021,3,08,03
2021-08-03,IRS - Advanced Child Tax Credit (EFT),null,0,0,12736,VI,Income Tax Refunds Issued,Classification,2,2021,4,2021,3,08,03
2021-08-03,IRS - Economic Impact Payments (Checks),null,2,4,84898,VI,Income Tax Refunds Issued,Classification,3,2021,4,2021,3,08,03
2021-08-03,IRS - Economic Impact Payments (EFT),null,1,1,441691,VI,Income Tax Refunds Issued,Classification,4,2021,4,2021,3,08,03
2021-08-03,IRS Tax Refunds Business,Checks,511,534,53188,VI,Income Tax Refunds Issued,Classification,5,2021,4,2021,3,08,03
2021-08-03,IRS Tax Refunds Business,EFT,211,246,26859,VI,Income Tax Refunds Issued,Classification,6,2021,4,2021,3,08,03
2021-08-03,IRS Tax Refunds Individual,Checks,46,109,57244,VI,Income Tax Refunds Issued,Classification,7,2021,4,2021,3,08,03
2021-08-03,IRS Tax Refunds Individual,EFT,316,571,319294,VI,Income Tax Refunds Issued,Classification,8,2021,4,2021,3,08,03
2021-08-02,IRS - Advanced Child Tax Credit (Checks),null,0,0,2057,VI,Income Tax Refunds Issued,Classification,1,2021,4,2021,3,08,02
2021-08-02,IRS - Advanced Child Tax Credit (EFT),null,0,0,12736,VI,Income Tax Refunds Issued,Classification,2,2021,4,2021,3,08,02
2021-08-02,IRS - Economic Impact Payments (Checks),null,2,2,84896,VI,Income Tax Refunds Issued,Classification,3,2021,4,2021,3,08,02
2021-08-02,IRS - Economic Impact Payments (EFT),null,1,1,441690,VI,Income Tax Refunds Issued,Classification,4,2021,4,2021,3,08,02
2021-08-02,IRS Tax Refunds Business,Checks,23,23,52676,VI,Income Tax Refunds Issued,Classification,5,2021,4,2021,3,08,02
2021-08-02,IRS Tax Refunds Business,EFT,35,35,26648,VI,Income Tax Refunds Issued,Classification,6,2021,4,2021,3,08,02
2021-08-02,IRS Tax Refunds Individual,Checks,62,62,57197,VI,Income Tax Refunds Issued,Classification,7,2021,4,2021,3,08,02
2021-08-02,IRS Tax Refunds Individual,EFT,255,255,318978,VI,Income Tax Refunds Issued,Classification,8,2021,4,2021,3,08,02
2021-07-30,IRS - Advanced Child Tax Credit (Checks),null,65,2057,2057,VI,Income Tax Refunds Issued,Classification,1,2021,4,2021,3,07,30
2021-07-30,IRS - Advanced Child Tax Credit (EFT),null,0,12736,12736,VI,Income Tax Refunds Issued,Classification,2,2021,4,2021,3,07,30
2021-07-30,IRS - Economic Impact Payments (Checks),null,275,1611,84894,VI,Income Tax Refunds Issued,Classification,3,2021,4,2021,3,07,30
2021-07-30,IRS - Economic Impact Payments (EFT),null,0,1359,441689,VI,Income Tax Refunds Issued,Classification,4,2021,4,2021,3,07,30
2021-07-30,IRS Tax Refunds Business,Checks,86,4366,52654,VI,Income Tax Refunds Issued,Classification,5,2021,4,2021,3,07,30
2021-07-30,IRS Tax Refunds Business,EFT,21,2863,26613,VI,Income Tax Refunds Issued,Classification,6,2021,4,2021,3,07,30
2021-07-30,IRS Tax Refunds Individual,Checks,1434,5908,57135,VI,Income Tax Refunds Issued,Classification,7,2021,4,2021,3,07,30
2021-07-30,IRS Tax Refunds Individual,EFT,112,16032,318723,VI,Income Tax Refunds Issued,Classification,8,2021,4,2021,3,07,30
2021-07-29,IRS - Advanced Child Tax Credit (Checks),null,0,1992,1992,VI,Income Tax Refunds Issued,Classification,1,2021,4,2021,3,07,29
2021-07-29,IRS - Advanced Child Tax Credit (EFT),null,0,12736,12736,VI,Income Tax Refunds Issued,Classification,2,2021,4,2021,3,07,29
2021-07-29,IRS - Economic Impact Payments (Checks),null,2,1336,84619,VI,Income Tax Refunds Issued,Classification,3,2021,4,2021,3,07,29
2021-07-29,IRS - Economic Impact Payments (EFT),null,1,1358,441689,VI,Income Tax Refunds Issued,Classification,4,2021,4,2021,3,07,29
2021-07-29,IRS Tax Refunds Business,Checks,36,4281,52568,VI,Income Tax Refunds Issued,Classification,5,2021,4,2021,3,07,29
2021-07-29,IRS Tax Refunds Business,EFT,120,2842,26592,VI,Income Tax Refunds Issued,Classification,6,2021,4,2021,3,07,29
2021-07-29,IRS Tax Refunds Individual,Checks,71,4474,55701,VI,Income Tax Refunds Issued,Classification,7,2021,4,2021,3,07,29
2021-07-29,IRS Tax Refunds Individual,EFT,155,15920,318611,VI,Income Tax Refunds Issued,Classification,8,2021,4,2021,3,07,29
2021-07-28,IRS - Advanced Child Tax Credit (Checks),null,68,1991,1991,VI,Income Tax Refunds Issued,Classification,1,2021,4,2021,3,07,28
2021-07-28,IRS - Advanced Child Tax Credit (EFT),null,15,12736,12736,VI,Income Tax Refunds Issued,Classification,2,2021,4,2021,3,07,28
2021-07-28,IRS - Economic Impact Payments (Checks),null,4,1333,84617,VI,Income Tax Refunds Issued,Classification,3,2021,4,2021,3,07,28
2021-07-28,IRS - Economic Impact Payments (EFT),null,324,1358,441688,VI,Income Tax Refunds Issued,Classification,4,2021,4,2021,3,07,28
2021-07-28,IRS Tax Refunds Business,Checks,15,4244,52532,VI,Income Tax Refunds Issued,Classification,5,2021,4,2021,3,07,28
2021-07-28,IRS Tax Refunds Business,EFT,1131,2722,26473,VI,Income Tax Refunds Issued,Classification,6,2021,4,2021,3,07,28
2021-07-28,IRS Tax Refunds Individual,Checks,99,4403,55630,VI,Income Tax Refunds Issued,Classification,7,2021,4,2021,3,07,28
2021-07-28,IRS Tax Refunds Individual,EFT,3546,15765,318456,VI,Income Tax Refunds Issued,Classification,8,2021,4,2021,3,07,28
2021-07-27,IRS - Advanced Child Tax Credit (Checks),null,0,1923,1923,VI,Income Tax Refunds Issued,Classification,1,2021,4,2021,3,07,27
2021-07-27,IRS - Advanced Child Tax Credit (EFT),null,0,12721,12721,VI,Income Tax Refunds Issued,Classification,2,2021,4,2021,3,07,27
2021-07-27,IRS - Economic Impact Payments (Checks),null,0,1330,84613,VI,Income Tax Refunds Issued,Classification,3,2021,4,2021,3,07,27
2021-07-27,IRS - Economic Impact Payments (EFT),null,1,1034,441364,VI,Income Tax Refunds Issued,Classification,4,2021,4,2021,3,07,27
2021-07-27,IRS Tax Refunds Business,Checks,718,4229,52516,VI,Income Tax Refunds Issued,Classification,5,2021,4,2021,3,07,27
2021-07-27,IRS Tax Refunds Business,EFT,25,1592,25342,VI,Income Tax Refunds Issued,Classification,6,2021,4,2021,3,07,27
2021-07-27,IRS Tax Refunds Individual,Checks,18,4305,55531,VI,Income Tax Refunds Issued,Classification,7,2021,4,2021,3,07,27
2021-07-27,IRS Tax Refunds Individual,EFT,209,12219,314910,VI,Income Tax Refunds Issued,Classification,8,2021,4,2021,3,07,27
2021-07-26,IRS - Advanced Child Tax Credit (Checks),null,43,1923,1923,VI,Income Tax Refunds Issued,Classification,1,2021,4,2021,3,07,26
2021-07-26,IRS - Advanced Child Tax Credit (EFT),null,0,12721,12721,VI,Income Tax Refunds Issued,Classification,2,2021,4,2021,3,07,26
2021-07-26,IRS - Economic Impact Payments (Checks),null,2,1330,84613,VI,Income Tax Refunds Issued,Classification,3,2021,4,2021,3,07,26
2021-07-26,IRS - Economic Impact Payments (EFT),null,1,1033,441364,VI,Income Tax Refunds Issued,Classification,4,2021,4,2021,3,07,26
2021-07-26,IRS Tax Refunds Business,Checks,33,3511,51798,VI,Income Tax Refunds Issued,Classification,5,2021,4,2021,3,07,26
2021-07-26,IRS Tax Refunds Business,EFT,167,1567,25317,VI,Income Tax Refunds Issued,Classification,6,2021,4,2021,3,07,26
2021-07-26,IRS Tax Refunds Individual,Checks,74,4287,55513,VI,Income Tax Refunds Issued,Classification,7,2021,4,2021,3,07,26
2021-07-26,IRS Tax Refunds Individual,EFT,416,12010,314701,VI,Income Tax Refunds Issued,Classification,8,2021,4,2021,3,07,26
2021-07-23,IRS - Advanced Child Tax Credit (Checks),null,19,1880,1880,VI,Income Tax Refunds Issued,Classification,1,2021,4,2021,3,07,23
2021-07-23,IRS - Advanced Child Tax Credit (EFT),null,0,12721,12721,VI,Income Tax Refunds Issued,Classification,2,2021,4,2021,3,07,23
2021-07-23,IRS - Economic Impact Payments (Checks),null,206,1327,84611,VI,Income Tax Refunds Issued,Classification,3,2021,4,2021,3,07,23
2021-07-23,IRS - Economic Impact Payments (EFT),null,0,1032,441363,VI,Income Tax Refunds Issued,Classification,4,2021,4,2021,3,07,23
2021-07-23,IRS Tax Refunds Business,Checks,28,3478,51765,VI,Income Tax Refunds Issued,Classification,5,2021,4,2021,3,07,23
2021-07-23,IRS Tax Refunds Business,EFT,8,1400,25150,VI,Income Tax Refunds Issued,Classification,6,2021,4,2021,3,07,23
2021-07-23,IRS Tax Refunds Individual,Checks,644,4213,55440,VI,Income Tax Refunds Issued,Classification,7,2021,4,2021,3,07,23
2021-07-23,IRS Tax Refunds Individual,EFT,-16,11593,314284,VI,Income Tax Refunds Issued,Classification,8,2021,4,2021,3,07,23
2021-07-22,IRS - Advanced Child Tax Credit (Checks),null,0,1862,1862,VI,Income Tax Refunds Issued,Classification,1,2021,4,2021,3,07,22
2021-07-22,IRS - Advanced Child Tax Credit (EFT),null,0,12721,12721,VI,Income Tax Refunds Issued,Classification,2,2021,4,2021,3,07,22
2021-07-22,IRS - Economic Impact Payments (Checks),null,3,1121,84405,VI,Income Tax Refunds Issued,Classification,3,2021,4,2021,3,07,22
2021-07-22,IRS - Economic Impact Payments (EFT),null,0,1032,441363,VI,Income Tax Refunds Issued,Classification,4,2021,4,2021,3,07,22
2021-07-22,IRS Tax Refunds Business,Checks,9,3450,51737,VI,Income Tax Refunds Issued,Classification,5,2021,4,2021,3,07,22
2021-07-22,IRS Tax Refunds Business,EFT,1,1392,25142,VI,Income Tax Refunds Issued,Classification,6,2021,4,2021,3,07,22
2021-07-22,IRS Tax Refunds Individual,Checks,126,3569,54796,VI,Income Tax Refunds Issued,Classification,7,2021,4,2021,3,07,22
2021-07-22,IRS Tax Refunds Individual,EFT,168,11609,314300,VI,Income Tax Refunds Issued,Classification,8,2021,4,2021,3,07,22
2021-07-21,IRS - Advanced Child Tax Credit (Checks),null,0,1862,1862,VI,Income Tax Refunds Issued,Classification,1,2021,4,2021,3,07,21
2021-07-21,IRS - Advanced Child Tax Credit (EFT),null,0,12721,12721,VI,Income Tax Refunds Issued,Classification,2,2021,4,2021,3,07,21
2021-07-21,IRS - Economic Impact Payments (Checks),null,2,1119,84402,VI,Income Tax Refunds Issued,Classification,3,2021,4,2021,3,07,21
2021-07-21,IRS - Economic Impact Payments (EFT),null,294,1032,441363,VI,Income Tax Refunds Issued,Classification,4,2021,4,2021,3,07,21
2021-07-21,IRS Tax Refunds Business,Checks,6,3441,51728,VI,Income Tax Refunds Issued,Classification,5,2021,4,2021,3,07,21
2021-07-21,IRS Tax Refunds Business,EFT,126,1390,25140,VI,Income Tax Refunds Issued,Classification,6,2021,4,2021,3,07,21
2021-07-21,IRS Tax Refunds Individual,Checks,62,3444,54670,VI,Income Tax Refunds Issued,Classification,7,2021,4,2021,3,07,21
2021-07-21,IRS Tax Refunds Individual,EFT,1520,11442,314133,VI,Income Tax Refunds Issued,Classification,8,2021,4,2021,3,07,21
2021-07-20,IRS - Advanced Child Tax Credit (Checks),null,0,1862,1862,VI,Income Tax Refunds Issued,Classification,1,2021,4,2021,3,07,20
2021-07-20,IRS - Advanced Child Tax Credit (EFT),null,0,12721,12721,VI,Income Tax Refunds Issued,Classification,2,2021,4,2021,3,07,20
2021-07-20,IRS - Economic Impact Payments (Checks),null,3,1116,84400,VI,Income Tax Refunds Issued,Classification,3,2021,4,2021,3,07,20
2021-07-20,IRS - Economic Impact Payments (EFT),null,1,738,441069,VI,Income Tax Refunds Issued,Classification,4,2021,4,2021,3,07,20
2021-07-20,IRS Tax Refunds Business,Checks,1322,3435,51722,VI,Income Tax Refunds Issued,Classification,5,2021,4,2021,3,07,20
2021-07-20,IRS Tax Refunds Business,EFT,55,1264,25015,VI,Income Tax Refunds Issued,Classification,6,2021,4,2021,3,07,20
2021-07-20,IRS Tax Refunds Individual,Checks,55,3382,54608,VI,Income Tax Refunds Issued,Classification,7,2021,4,2021,3,07,20
2021-07-20,IRS Tax Refunds Individual,EFT,191,9921,312612,VI,Income Tax Refunds Issued,Classification,8,2021,4,2021,3,07,20
2021-07-19,IRS - Advanced Child Tax Credit (Checks),null,0,1862,1862,VI,Income Tax Refunds Issued,Classification,1,2021,4,2021,3,07,19
2021-07-19,IRS - Advanced Child Tax Credit (EFT),null,-121,12721,12721,VI,Income Tax Refunds Issued,Classification,2,2021,4,2021,3,07,19
2021-07-19,IRS - Economic Impact Payments (Checks),null,3,1113,84397,VI,Income Tax Refunds Issued,Classification,3,2021,4,2021,3,07,19
2021-07-19,IRS - Economic Impact Payments (EFT),null,0,738,441068,VI,Income Tax Refunds Issued,Classification,4,2021,4,2021,3,07,19
2021-07-19,IRS Tax Refunds Business,Checks,45,2112,50400,VI,Income Tax Refunds Issued,Classification,5,2021,4,2021,3,07,19
2021-07-19,IRS Tax Refunds Business,EFT,0,1209,24959,VI,Income Tax Refunds Issued,Classification,6,2021,4,2021,3,07,19
2021-07-19,IRS Tax Refunds Individual,Checks,50,3326,54553,VI,Income Tax Refunds Issued,Classification,7,2021,4,2021,3,07,19
2021-07-19,IRS Tax Refunds Individual,EFT,277,9730,312421,VI,Income Tax Refunds Issued,Classification,8,2021,4,2021,3,07,19
2021-07-16,IRS - Advanced Child Tax Credit (EFT),null,-179,12842,12842,VI,Income Tax Refunds Issued,Classification,1,2021,4,2021,3,07,16
2021-07-16,IRS - Advanced Child Tax Credit (Checks),null,0,1862,1862,VI,Income Tax Refunds Issued,Classification,2,2021,4,2021,3,07,16
2021-07-16,IRS - Economic Impact Payments (Checks),null,370,1110,84393,VI,Income Tax Refunds Issued,Classification,3,2021,4,2021,3,07,16
2021-07-16,IRS - Economic Impact Payments (EFT),null,1,737,441068,VI,Income Tax Refunds Issued,Classification,4,2021,4,2021,3,07,16
2021-07-16,IRS Tax Refunds Business,Checks,43,2068,50355,VI,Income Tax Refunds Issued,Classification,5,2021,4,2021,3,07,16
2021-07-16,IRS Tax Refunds Business,EFT,34,1209,24959,VI,Income Tax Refunds Issued,Classification,6,2021,4,2021,3,07,16
2021-07-16,IRS Tax Refunds Individual,Checks,1034,3276,54502,VI,Income Tax Refunds Issued,Classification,7,2021,4,2021,3,07,16
2021-07-16,IRS Tax Refunds Individual,EFT,201,9454,312145,VI,Income Tax Refunds Issued,Classification,8,2021,4,2021,3,07,16
2021-07-15,IRS - Advanced Child Tax Credit (EFT),null,13021,13021,13021,VI,Income Tax Refunds Issued,Classification,1,2021,4,2021,3,07,15
2021-07-15,IRS - Advanced Child Tax Credit (Checks),null,1862,1862,1862,VI,Income Tax Refunds Issued,Classification,2,2021,4,2021,3,07,15
2021-07-15,IRS - Economic Impact Payments (Checks),null,3,740,84023,VI,Income Tax Refunds Issued,Classification,3,2021,4,2021,3,07,15
2021-07-15,IRS - Economic Impact Payments (EFT),null,1,737,441067,VI,Income Tax Refunds Issued,Classification,4,2021,4,2021,3,07,15
2021-07-15,IRS Tax Refunds Business,Checks,63,2024,50312,VI,Income Tax Refunds Issued,Classification,5,2021,4,2021,3,07,15
2021-07-15,IRS Tax Refunds Business,EFT,15,1175,24925,VI,Income Tax Refunds Issued,Classification,6,2021,4,2021,3,07,15
2021-07-15,IRS Tax Refunds Individual,Checks,61,2242,53468,VI,Income Tax Refunds Issued,Classification,7,2021,4,2021,3,07,15
2021-07-15,IRS Tax Refunds Individual,EFT,107,9253,311944,VI,Income Tax Refunds Issued,Classification,8,2021,4,2021,3,07,15
2021-07-14,IRS Tax Refunds Business,EFT,67,1159,24910,VI,Income Tax Refunds Issued,Classification,4,2021,4,2021,3,07,14
2021-07-14,IRS - Economic Impact Payments (Checks),null,14,737,84020,VI,Income Tax Refunds Issued,Classification,1,2021,4,2021,3,07,14
2021-07-14,IRS - Economic Impact Payments (EFT),null,322,736,441067,VI,Income Tax Refunds Issued,Classification,2,2021,4,2021,3,07,14
2021-07-14,IRS Tax Refunds Business,Checks,57,1962,50249,VI,Income Tax Refunds Issued,Classification,3,2021,4,2021,3,07,14
2021-07-14,IRS Tax Refunds Individual,Checks,107,2180,53407,VI,Income Tax Refunds Issued,Classification,5,2021,4,2021,3,07,14
2021-07-14,IRS Tax Refunds Individual,EFT,5854,9146,311837,VI,Income Tax Refunds Issued,Classification,6,2021,4,2021,3,07,14
2021-07-13,IRS Tax Refunds Business,EFT,215,1092,24842,VI,Income Tax Refunds Issued,Classification,4,2021,4,2021,3,07,13
2021-07-13,IRS - Economic Impact Payments (Checks),null,0,723,84006,VI,Income Tax Refunds Issued,Classification,1,2021,4,2021,3,07,13
2021-07-13,IRS - Economic Impact Payments (EFT),null,1,414,440745,VI,Income Tax Refunds Issued,Classification,2,2021,4,2021,3,07,13
2021-07-13,IRS Tax Refunds Business,Checks,941,1905,50192,VI,Income Tax Refunds Issued,Classification,3,2021,4,2021,3,07,13
2021-07-13,IRS Tax Refunds Individual,Checks,5,2073,53300,VI,Income Tax Refunds Issued,Classification,5,2021,4,2021,3,07,13
2021-07-13,IRS Tax Refunds Individual,EFT,224,3291,305982,VI,Income Tax Refunds Issued,Classification,6,2021,4,2021,3,07,13
2021-07-12,IRS - Economic Impact Payments (Checks),null,365,723,84006,VI,Income Tax Refunds Issued,Classification,1,2021,4,2021,3,07,12
2021-07-12,IRS - Economic Impact Payments (EFT),null,3,413,440744,VI,Income Tax Refunds Issued,Classification,2,2021,4,2021,3,07,12
2021-07-12,IRS Tax Refunds Business,Checks,41,964,49252,VI,Income Tax Refunds Issued,Classification,3,2021,4,2021,3,07,12
2021-07-12,IRS Tax Refunds Business,EFT,87,877,24627,VI,Income Tax Refunds Issued,Classification,4,2021,4,2021,3,07,12
2021-07-12,IRS Tax Refunds Individual,Checks,769,2068,53295,VI,Income Tax Refunds Issued,Classification,5,2021,4,2021,3,07,12
2021-07-12,IRS Tax Refunds Individual,EFT,404,3068,305759,VI,Income Tax Refunds Issued,Classification,6,2021,4,2021,3,07,12
2021-07-09,IRS - Economic Impact Payments (Checks),null,8,358,83642,VI,Income Tax Refunds Issued,Classification,1,2021,4,2021,3,07,09
2021-07-09,IRS - Economic Impact Payments (EFT),null,0,410,440741,VI,Income Tax Refunds Issued,Classification,2,2021,4,2021,3,07,09
2021-07-09,IRS Tax Refunds Business,Checks,45,924,49211,VI,Income Tax Refunds Issued,Classification,3,2021,4,2021,3,07,09
2021-07-09,IRS Tax Refunds Business,EFT,92,790,24540,VI,Income Tax Refunds Issued,Classification,4,2021,4,2021,3,07,09
2021-07-09,IRS Tax Refunds Individual,Checks,59,1299,52525,VI,Income Tax Refunds Issued,Classification,5,2021,4,2021,3,07,09
2021-07-09,IRS Tax Refunds Individual,EFT,-16,2663,305354,VI,Income Tax Refunds Issued,Classification,6,2021,4,2021,3,07,09
2021-07-08,IRS - Economic Impact Payments (Checks),null,3,350,83634,VI,Income Tax Refunds Issued,Classification,1,2021,4,2021,3,07,08
2021-07-08,IRS - Economic Impact Payments (EFT),null,381,410,440741,VI,Income Tax Refunds Issued,Classification,2,2021,4,2021,3,07,08
2021-07-08,IRS Tax Refunds Business,Checks,26,878,49166,VI,Income Tax Refunds Issued,Classification,3,2021,4,2021,3,07,08
2021-07-08,IRS Tax Refunds Business,EFT,20,698,24448,VI,Income Tax Refunds Issued,Classification,4,2021,4,2021,3,07,08
2021-07-08,IRS Tax Refunds Individual,Checks,63,1240,52467,VI,Income Tax Refunds Issued,Classification,5,2021,4,2021,3,07,08
2021-07-08,IRS Tax Refunds Individual,EFT,1877,2679,305370,VI,Income Tax Refunds Issued,Classification,6,2021,4,2021,3,07,08
2021-07-07,IRS - Economic Impact Payments (Checks),null,5,347,83630,VI,Income Tax Refunds Issued,Classification,1,2021,4,2021,3,07,07
2021-07-07,IRS - Economic Impact Payments (EFT),null,15,30,440361,VI,Income Tax Refunds Issued,Classification,2,2021,4,2021,3,07,07
2021-07-07,IRS Tax Refunds Business,Checks,9,852,49140,VI,Income Tax Refunds Issued,Classification,3,2021,4,2021,3,07,07
2021-07-07,IRS Tax Refunds Business,EFT,0,678,24428,VI,Income Tax Refunds Issued,Classification,4,2021,4,2021,3,07,07
2021-07-07,IRS Tax Refunds Individual,Checks,114,1177,52404,VI,Income Tax Refunds Issued,Classification,5,2021,4,2021,3,07,07
2021-07-07,IRS Tax Refunds Individual,EFT,225,802,303493,VI,Income Tax Refunds Issued,Classification,6,2021,4,2021,3,07,07
2021-07-06,IRS - Economic Impact Payments (Checks),null,0,341,83625,VI,Income Tax Refunds Issued,Classification,1,2021,4,2021,3,07,06
2021-07-06,IRS - Economic Impact Payments (EFT),null,8,15,440346,VI,Income Tax Refunds Issued,Classification,2,2021,4,2021,3,07,06
2021-07-06,IRS Tax Refunds Business,Checks,662,843,49131,VI,Income Tax Refunds Issued,Classification,3,2021,4,2021,3,07,06
2021-07-06,IRS Tax Refunds Business,EFT,491,678,24428,VI,Income Tax Refunds Issued,Classification,4,2021,4,2021,3,07,06
2021-07-06,IRS Tax Refunds Individual,Checks,12,1063,52290,VI,Income Tax Refunds Issued,Classification,5,2021,4,2021,3,07,06
2021-07-06,IRS Tax Refunds Individual,EFT,254,577,303268,VI,Income Tax Refunds Issued,Classification,6,2021,4,2021,3,07,06
2021-07-02,IRS - Economic Impact Payments (Checks),null,337,341,83625,VI,Income Tax Refunds Issued,Classification,1,2021,4,2021,3,07,02
2021-07-02,IRS - Economic Impact Payments (EFT),null,6,6,440337,VI,Income Tax Refunds Issued,Classification,2,2021,4,2021,3,07,02
2021-07-02,IRS Tax Refunds Business,Checks,87,181,48468,VI,Income Tax Refunds Issued,Classification,3,2021,4,2021,3,07,02
2021-07-02,IRS Tax Refunds Business,EFT,85,187,23937,VI,Income Tax Refunds Issued,Classification,4,2021,4,2021,3,07,02
2021-07-02,IRS Tax Refunds Individual,Checks,967,1051,52277,VI,Income Tax Refunds Issued,Classification,5,2021,4,2021,3,07,02
2021-07-02,IRS Tax Refunds Individual,EFT,339,323,303015,VI,Income Tax Refunds Issued,Classification,6,2021,4,2021,3,07,02
2021-07-01,IRS - Economic Impact Payments (Checks),null,4,4,83288,VI,Income Tax Refunds Issued,Classification,1,2021,4,2021,3,07,01
2021-07-01,IRS - Economic Impact Payments (EFT),null,0,0,440331,VI,Income Tax Refunds Issued,Classification,2,2021,4,2021,3,07,01
2021-07-01,IRS Tax Refunds Business,Checks,93,93,48381,VI,Income Tax Refunds Issued,Classification,3,2021,4,2021,3,07,01
2021-07-01,IRS Tax Refunds Business,EFT,102,102,23852,VI,Income Tax Refunds Issued,Classification,4,2021,4,2021,3,07,01
2021-07-01,IRS Tax Refunds Individual,Checks,83,83,51310,VI,Income Tax Refunds Issued,Classification,5,2021,4,2021,3,07,01
2021-07-01,IRS Tax Refunds Individual,EFT,-16,-16,302675,VI,Income Tax Refunds Issued,Classification,6,2021,4,2021,3,07,01
2021-06-30,IRS - Economic Impact Payments (Checks),null,5,3087,83283,VI,Income Tax Refunds Issued,Classification,1,2021,3,2021,2,06,30
2021-06-30,IRS - Economic Impact Payments (EFT),null,309,3486,440331,VI,Income Tax Refunds Issued,Classification,2,2021,3,2021,2,06,30
2021-06-30,IRS Tax Refunds Business,Checks,35,5406,48287,VI,Income Tax Refunds Issued,Classification,3,2021,3,2021,2,06,30
2021-06-30,IRS Tax Refunds Business,EFT,1059,2586,23750,VI,Income Tax Refunds Issued,Classification,4,2021,3,2021,2,06,30
2021-06-30,IRS Tax Refunds Individual,Checks,147,6257,51227,VI,Income Tax Refunds Issued,Classification,5,2021,3,2021,2,06,30
2021-06-30,IRS Tax Refunds Individual,EFT,1893,20351,302691,VI,Income Tax Refunds Issued,Classification,6,2021,3,2021,2,06,30
2021-06-29,IRS - Economic Impact Payments (Checks),null,21,3082,83278,VI,Income Tax Refunds Issued,Classification,1,2021,3,2021,2,06,29
2021-06-29,IRS - Economic Impact Payments (EFT),null,2,3177,440022,VI,Income Tax Refunds Issued,Classification,2,2021,3,2021,2,06,29
2021-06-29,IRS Tax Refunds Business,Checks,785,5371,48252,VI,Income Tax Refunds Issued,Classification,3,2021,3,2021,2,06,29
2021-06-29,IRS Tax Refunds Business,EFT,160,1527,22691,VI,Income Tax Refunds Issued,Classification,4,2021,3,2021,2,06,29
2021-06-29,IRS Tax Refunds Individual,Checks,176,6110,51079,VI,Income Tax Refunds Issued,Classification,5,2021,3,2021,2,06,29
2021-06-29,IRS Tax Refunds Individual,EFT,304,18458,300798,VI,Income Tax Refunds Issued,Classification,6,2021,3,2021,2,06,29
2021-06-28,IRS - Economic Impact Payments (Checks),null,0,3061,83257,VI,Income Tax Refunds Issued,Classification,1,2021,3,2021,2,06,28
2021-06-28,IRS - Economic Impact Payments (EFT),null,2,3175,440020,VI,Income Tax Refunds Issued,Classification,2,2021,3,2021,2,06,28
2021-06-28,IRS Tax Refunds Business,Checks,12,4586,47467,VI,Income Tax Refunds Issued,Classification,3,2021,3,2021,2,06,28
2021-06-28,IRS Tax Refunds Business,EFT,19,1367,22531,VI,Income Tax Refunds Issued,Classification,4,2021,3,2021,2,06,28
2021-06-28,IRS Tax Refunds Individual,Checks,16,5934,50903,VI,Income Tax Refunds Issued,Classification,5,2021,3,2021,2,06,28
2021-06-28,IRS Tax Refunds Individual,EFT,684,18153,300494,VI,Income Tax Refunds Issued,Classification,6,2021,3,2021,2,06,28
2021-06-25,IRS - Economic Impact Payments (Checks),null,0,3061,83257,VI,Income Tax Refunds Issued,Classification,1,2021,3,2021,2,06,25
2021-06-25,IRS - Economic Impact Payments (EFT),null,3,3173,440018,VI,Income Tax Refunds Issued,Classification,2,2021,3,2021,2,06,25
2021-06-25,IRS Tax Refunds Business,Checks,54,4574,47455,VI,Income Tax Refunds Issued,Classification,3,2021,3,2021,2,06,25
2021-06-25,IRS Tax Refunds Business,EFT,142,1348,22513,VI,Income Tax Refunds Issued,Classification,4,2021,3,2021,2,06,25
2021-06-25,IRS Tax Refunds Individual,Checks,12,5918,50887,VI,Income Tax Refunds Issued,Classification,5,2021,3,2021,2,06,25
2021-06-25,IRS Tax Refunds Individual,EFT,574,17470,299810,VI,Income Tax Refunds Issued,Classification,6,2021,3,2021,2,06,25
2021-06-24,IRS - Economic Impact Payments (Checks),null,366,3061,83257,VI,Income Tax Refunds Issued,Classification,1,2021,3,2021,2,06,24
2021-06-24,IRS - Economic Impact Payments (EFT),null,0,3170,440015,VI,Income Tax Refunds Issued,Classification,2,2021,3,2021,2,06,24
2021-06-24,IRS Tax Refunds Business,Checks,71,4520,47401,VI,Income Tax Refunds Issued,Classification,3,2021,3,2021,2,06,24
2021-06-24,IRS Tax Refunds Business,EFT,40,1206,22370,VI,Income Tax Refunds Issued,Classification,4,2021,3,2021,2,06,24
2021-06-24,IRS Tax Refunds Individual,Checks,482,5906,50875,VI,Income Tax Refunds Issued,Classification,5,2021,3,2021,2,06,24
2021-06-24,IRS Tax Refunds Individual,EFT,-16,16896,299236,VI,Income Tax Refunds Issued,Classification,6,2021,3,2021,2,06,24
2021-06-23,IRS - Economic Impact Payments (Checks),null,5,2694,82891,VI,Income Tax Refunds Issued,Classification,1,2021,3,2021,2,06,23
2021-06-23,IRS - Economic Impact Payments (EFT),null,0,3170,440015,VI,Income Tax Refunds Issued,Classification,2,2021,3,2021,2,06,23
2021-06-23,IRS Tax Refunds Business,Checks,32,4448,47330,VI,Income Tax Refunds Issued,Classification,3,2021,3,2021,2,06,23
2021-06-23,IRS Tax Refunds Business,EFT,55,1166,22330,VI,Income Tax Refunds Issued,Classification,4,2021,3,2021,2,06,23
2021-06-23,IRS Tax Refunds Individual,Checks,68,5424,50393,VI,Income Tax Refunds Issued,Classification,5,2021,3,2021,2,06,23
2021-06-23,IRS Tax Refunds Individual,EFT,-14,16912,299252,VI,Income Tax Refunds Issued,Classification,6,2021,3,2021,2,06,23
2021-06-22,IRS - Economic Impact Payments (Checks),null,3,2689,82886,VI,Income Tax Refunds Issued,Classification,1,2021,3,2021,2,06,22
2021-06-22,IRS - Economic Impact Payments (EFT),null,335,3170,440015,VI,Income Tax Refunds Issued,Classification,2,2021,3,2021,2,06,22
2021-06-22,IRS Tax Refunds Business,Checks,727,4416,47297,VI,Income Tax Refunds Issued,Classification,3,2021,3,2021,2,06,22
2021-06-22,IRS Tax Refunds Business,EFT,29,1111,22275,VI,Income Tax Refunds Issued,Classification,4,2021,3,2021,2,06,22
2021-06-22,IRS Tax Refunds Individual,Checks,51,5357,50326,VI,Income Tax Refunds Issued,Classification,5,2021,3,2021,2,06,22
2021-06-22,IRS Tax Refunds Individual,EFT,1543,16926,299266,VI,Income Tax Refunds Issued,Classification,6,2021,3,2021,2,06,22
2021-06-21,IRS - Economic Impact Payments (Checks),null,4,2686,82883,VI,Income Tax Refunds Issued,Classification,1,2021,3,2021,2,06,21
2021-06-21,IRS - Economic Impact Payments (EFT),null,12,2835,439680,VI,Income Tax Refunds Issued,Classification,2,2021,3,2021,2,06,21
2021-06-21,IRS Tax Refunds Business,Checks,0,3689,46570,VI,Income Tax Refunds Issued,Classification,3,2021,3,2021,2,06,21
2021-06-21,IRS Tax Refunds Business,EFT,1,1082,22246,VI,Income Tax Refunds Issued,Classification,4,2021,3,2021,2,06,21
2021-06-21,IRS Tax Refunds Individual,Checks,42,5306,50275,VI,Income Tax Refunds Issued,Classification,5,2021,3,2021,2,06,21
2021-06-21,IRS Tax Refunds Individual,EFT,343,15383,297723,VI,Income Tax Refunds Issued,Classification,6,2021,3,2021,2,06,21
2021-06-18,IRS - Economic Impact Payments (Checks),null,649,2682,82879,VI,Income Tax Refunds Issued,Classification,1,2021,3,2021,2,06,18
2021-06-18,IRS - Economic Impact Payments (EFT),null,2,2823,439668,VI,Income Tax Refunds Issued,Classification,2,2021,3,2021,2,06,18
2021-06-18,IRS Tax Refunds Business,Checks,43,3689,46570,VI,Income Tax Refunds Issued,Classification,3,2021,3,2021,2,06,18
2021-06-18,IRS Tax Refunds Business,EFT,3,1080,22245,VI,Income Tax Refunds Issued,Classification,4,2021,3,2021,2,06,18
2021-06-18,IRS Tax Refunds Individual,Checks,1224,5264,50233,VI,Income Tax Refunds Issued,Classification,5,2021,3,2021,2,06,18
2021-06-18,IRS Tax Refunds Individual,EFT,208,15040,297380,VI,Income Tax Refunds Issued,Classification,6,2021,3,2021,2,06,18
2021-06-17,IRS - Economic Impact Payments (Checks),null,3,2033,82230,VI,Income Tax Refunds Issued,Classification,1,2021,3,2021,2,06,17
2021-06-17,IRS - Economic Impact Payments (EFT),null,3,2821,439666,VI,Income Tax Refunds Issued,Classification,2,2021,3,2021,2,06,17
2021-06-17,IRS Tax Refunds Business,Checks,67,3647,46528,VI,Income Tax Refunds Issued,Classification,3,2021,3,2021,2,06,17
2021-06-17,IRS Tax Refunds Business,EFT,3,1078,22242,VI,Income Tax Refunds Issued,Classification,4,2021,3,2021,2,06,17
2021-06-17,IRS Tax Refunds Individual,Checks,63,4039,49008,VI,Income Tax Refunds Issued,Classification,5,2021,3,2021,2,06,17
2021-06-17,IRS Tax Refunds Individual,EFT,212,14833,297173,VI,Income Tax Refunds Issued,Classification,6,2021,3,2021,2,06,17
2021-06-16,IRS - Economic Impact Payments (Checks),null,4,2030,82226,VI,Income Tax Refunds Issued,Classification,1,2021,3,2021,2,06,16
2021-06-16,IRS - Economic Impact Payments (EFT),null,503,2819,439664,VI,Income Tax Refunds Issued,Classification,2,2021,3,2021,2,06,16
2021-06-16,IRS Tax Refunds Business,Checks,38,3579,46460,VI,Income Tax Refunds Issued,Classification,3,2021,3,2021,2,06,16
2021-06-16,IRS Tax Refunds Business,EFT,2,1074,22239,VI,Income Tax Refunds Issued,Classification,4,2021,3,2021,2,06,16
2021-06-16,IRS Tax Refunds Individual,Checks,61,3976,48945,VI,Income Tax Refunds Issued,Classification,5,2021,3,2021,2,06,16
2021-06-16,IRS Tax Refunds Individual,EFT,2273,14621,296961,VI,Income Tax Refunds Issued,Classification,6,2021,3,2021,2,06,16
2021-06-15,IRS - Economic Impact Payments (Checks),null,6,2025,82222,VI,Income Tax Refunds Issued,Classification,1,2021,3,2021,2,06,15
2021-06-15,IRS - Economic Impact Payments (EFT),null,2,2316,439161,VI,Income Tax Refunds Issued,Classification,2,2021,3,2021,2,06,15
2021-06-15,IRS Tax Refunds Business,Checks,763,3541,46422,VI,Income Tax Refunds Issued,Classification,3,2021,3,2021,2,06,15
2021-06-15,IRS Tax Refunds Business,EFT,14,1072,22237,VI,Income Tax Refunds Issued,Classification,4,2021,3,2021,2,06,15
2021-06-15,IRS Tax Refunds Individual,Checks,61,3916,48885,VI,Income Tax Refunds Issued,Classification,5,2021,3,2021,2,06,15
2021-06-15,IRS Tax Refunds Individual,EFT,221,12348,294688,VI,Income Tax Refunds Issued,Classification,6,2021,3,2021,2,06,15
2021-06-14,IRS - Economic Impact Payments (Checks),null,5,2019,82216,VI,Income Tax Refunds Issued,Classification,1,2021,3,2021,2,06,14
2021-06-14,IRS - Economic Impact Payments (EFT),null,4,2314,439159,VI,Income Tax Refunds Issued,Classification,2,2021,3,2021,2,06,14
2021-06-14,IRS Tax Refunds Business,Checks,86,2778,45659,VI,Income Tax Refunds Issued,Classification,3,2021,3,2021,2,06,14
2021-06-14,IRS Tax Refunds Business,EFT,86,1058,22223,VI,Income Tax Refunds Issued,Classification,4,2021,3,2021,2,06,14
2021-06-14,IRS Tax Refunds Individual,Checks,59,3854,48823,VI,Income Tax Refunds Issued,Classification,5,2021,3,2021,2,06,14
2021-06-14,IRS Tax Refunds Individual,EFT,385,12126,294467,VI,Income Tax Refunds Issued,Classification,6,2021,3,2021,2,06,14
2021-06-11,IRS - Economic Impact Payments (Checks),null,635,2014,82211,VI,Income Tax Refunds Issued,Classification,1,2021,3,2021,2,06,11
2021-06-11,IRS - Economic Impact Payments (EFT),null,2,2310,439155,VI,Income Tax Refunds Issued,Classification,2,2021,3,2021,2,06,11
2021-06-11,IRS Tax Refunds Business,Checks,109,2692,45573,VI,Income Tax Refunds Issued,Classification,3,2021,3,2021,2,06,11
2021-06-11,IRS Tax Refunds Business,EFT,375,972,22137,VI,Income Tax Refunds Issued,Classification,4,2021,3,2021,2,06,11
2021-06-11,IRS Tax Refunds Individual,Checks,1138,3795,48764,VI,Income Tax Refunds Issued,Classification,5,2021,3,2021,2,06,11
2021-06-11,IRS Tax Refunds Individual,EFT,169,11742,294082,VI,Income Tax Refunds Issued,Classification,6,2021,3,2021,2,06,11
2021-06-10,IRS - Economic Impact Payments (Checks),null,3,1379,81576,VI,Income Tax Refunds Issued,Classification,1,2021,3,2021,2,06,10
2021-06-10,IRS - Economic Impact Payments (EFT),null,3,2308,439153,VI,Income Tax Refunds Issued,Classification,2,2021,3,2021,2,06,10
2021-06-10,IRS Tax Refunds Business,Checks,118,2584,45465,VI,Income Tax Refunds Issued,Classification,3,2021,3,2021,2,06,10
2021-06-10,IRS Tax Refunds Business,EFT,100,597,21761,VI,Income Tax Refunds Issued,Classification,4,2021,3,2021,2,06,10
2021-06-10,IRS Tax Refunds Individual,Checks,87,2657,47626,VI,Income Tax Refunds Issued,Classification,5,2021,3,2021,2,06,10
2021-06-10,IRS Tax Refunds Individual,EFT,170,11573,293913,VI,Income Tax Refunds Issued,Classification,6,2021,3,2021,2,06,10
2021-06-09,IRS - Economic Impact Payments (Checks),null,4,1376,81573,VI,Income Tax Refunds Issued,Classification,1,2021,3,2021,2,06,09
2021-06-09,IRS - Economic Impact Payments (EFT),null,842,2305,439150,VI,Income Tax Refunds Issued,Classification,2,2021,3,2021,2,06,09
2021-06-09,IRS Tax Refunds Business,Checks,73,2466,45347,VI,Income Tax Refunds Issued,Classification,3,2021,3,2021,2,06,09
2021-06-09,IRS Tax Refunds Business,EFT,18,497,21661,VI,Income Tax Refunds Issued,Classification,4,2021,3,2021,2,06,09
2021-06-09,IRS Tax Refunds Individual,Checks,60,2570,47539,VI,Income Tax Refunds Issued,Classification,5,2021,3,2021,2,06,09
2021-06-09,IRS Tax Refunds Individual,EFT,2234,11403,293744,VI,Income Tax Refunds Issued,Classification,6,2021,3,2021,2,06,09
2021-06-08,IRS - Economic Impact Payments (Checks),null,5,1372,81569,VI,Income Tax Refunds Issued,Classification,1,2021,3,2021,2,06,08
2021-06-08,IRS - Economic Impact Payments (EFT),null,1,1463,438308,VI,Income Tax Refunds Issued,Classification,2,2021,3,2021,2,06,08
2021-06-08,IRS Tax Refunds Business,Checks,1251,2393,45274,VI,Income Tax Refunds Issued,Classification,3,2021,3,2021,2,06,08
2021-06-08,IRS Tax Refunds Business,EFT,139,479,21644,VI,Income Tax Refunds Issued,Classification,4,2021,3,2021,2,06,08
2021-06-08,IRS Tax Refunds Individual,Checks,57,2510,47479,VI,Income Tax Refunds Issued,Classification,5,2021,3,2021,2,06,08
2021-06-08,IRS Tax Refunds Individual,EFT,294,9169,291510,VI,Income Tax Refunds Issued,Classification,6,2021,3,2021,2,06,08
2021-06-07,IRS - Economic Impact Payments (Checks),null,1343,1367,81564,VI,Income Tax Refunds Issued,Classification,1,2021,3,2021,2,06,07
2021-06-07,IRS - Economic Impact Payments (EFT),null,2,1462,438307,VI,Income Tax Refunds Issued,Classification,2,2021,3,2021,2,06,07
2021-06-07,IRS Tax Refunds Business,Checks,97,1142,44023,VI,Income Tax Refunds Issued,Classification,3,2021,3,2021,2,06,07
2021-06-07,IRS Tax Refunds Business,EFT,111,340,21504,VI,Income Tax Refunds Issued,Classification,4,2021,3,2021,2,06,07
2021-06-07,IRS Tax Refunds Individual,Checks,1958,2452,47421,VI,Income Tax Refunds Issued,Classification,5,2021,3,2021,2,06,07
2021-06-07,IRS Tax Refunds Individual,EFT,173,8876,291216,VI,Income Tax Refunds Issued,Classification,6,2021,3,2021,2,06,07
2021-06-04,IRS - Economic Impact Payments (Checks),null,5,24,80220,VI,Income Tax Refunds Issued,Classification,1,2021,3,2021,2,06,04
2021-06-04,IRS - Economic Impact Payments (EFT),null,3,1460,438305,VI,Income Tax Refunds Issued,Classification,2,2021,3,2021,2,06,04
2021-06-04,IRS Tax Refunds Business,Checks,80,1045,43926,VI,Income Tax Refunds Issued,Classification,3,2021,3,2021,2,06,04
2021-06-04,IRS Tax Refunds Business,EFT,14,228,21393,VI,Income Tax Refunds Issued,Classification,4,2021,3,2021,2,06,04
2021-06-04,IRS Tax Refunds Individual,Checks,159,494,45463,VI,Income Tax Refunds Issued,Classification,5,2021,3,2021,2,06,04
2021-06-04,IRS Tax Refunds Individual,EFT,189,8703,291043,VI,Income Tax Refunds Issued,Classification,6,2021,3,2021,2,06,04
2021-06-03,IRS - Economic Impact Payments (Checks),null,9,19,80215,VI,Income Tax Refunds Issued,Classification,1,2021,3,2021,2,06,03
2021-06-03,IRS - Economic Impact Payments (EFT),null,1445,1456,438301,VI,Income Tax Refunds Issued,Classification,2,2021,3,2021,2,06,03
2021-06-03,IRS Tax Refunds Business,Checks,27,965,43846,VI,Income Tax Refunds Issued,Classification,3,2021,3,2021,2,06,03
2021-06-03,IRS Tax Refunds Business,EFT,2,215,21379,VI,Income Tax Refunds Issued,Classification,4,2021,3,2021,2,06,03
2021-06-03,IRS Tax Refunds Individual,Checks,124,335,45304,VI,Income Tax Refunds Issued,Classification,5,2021,3,2021,2,06,03
2021-06-03,IRS Tax Refunds Individual,EFT,6998,8514,290855,VI,Income Tax Refunds Issued,Classification,6,2021,3,2021,2,06,03
2021-06-02,IRS - Economic Impact Payments (Checks),null,5,10,80207,VI,Income Tax Refunds Issued,Classification,1,2021,3,2021,2,06,02
2021-06-02,IRS - Economic Impact Payments (EFT),null,3,12,436857,VI,Income Tax Refunds Issued,Classification,2,2021,3,2021,2,06,02
2021-06-02,IRS Tax Refunds Business,Checks,34,938,43820,VI,Income Tax Refunds Issued,Classification,3,2021,3,2021,2,06,02
2021-06-02,IRS Tax Refunds Business,EFT,11,213,21377,VI,Income Tax Refunds Issued,Classification,4,2021,3,2021,2,06,02
2021-06-02,IRS Tax Refunds Individual,Checks,109,211,45180,VI,Income Tax Refunds Issued,Classification,5,2021,3,2021,2,06,02
2021-06-02,IRS Tax Refunds Individual,EFT,747,1516,283856,VI,Income Tax Refunds Issued,Classification,6,2021,3,2021,2,06,02
2021-06-01,IRS - Economic Impact Payments (Checks),null,5,5,80202,VI,Income Tax Refunds Issued,Classification,1,2021,3,2021,2,06,01
2021-06-01,IRS - Economic Impact Payments (EFT),null,9,9,436854,VI,Income Tax Refunds Issued,Classification,2,2021,3,2021,2,06,01
2021-06-01,IRS Tax Refunds Business,Checks,904,904,43786,VI,Income Tax Refunds Issued,Classification,3,2021,3,2021,2,06,01
2021-06-01,IRS Tax Refunds Business,EFT,202,202,21367,VI,Income Tax Refunds Issued,Classification,4,2021,3,2021,2,06,01
2021-06-01,IRS Tax Refunds Individual,Checks,102,102,45071,VI,Income Tax Refunds Issued,Classification,5,2021,3,2021,2,06,01
2021-06-01,IRS Tax Refunds Individual,EFT,769,769,283109,VI,Income Tax Refunds Issued,Classification,6,2021,3,2021,2,06,01
2021-05-28,IRS - Economic Impact Payments (Checks),null,1001,4051,80197,VI,Income Tax Refunds Issued,Classification,1,2021,3,2021,2,05,28
2021-05-28,IRS - Economic Impact Payments (EFT),null,4,3863,436845,VI,Income Tax Refunds Issued,Classification,2,2021,3,2021,2,05,28
2021-05-28,IRS Tax Refunds Business,Checks,18,9230,42881,VI,Income Tax Refunds Issued,Classification,3,2021,3,2021,2,05,28
2021-05-28,IRS Tax Refunds Business,EFT,1051,3259,21164,VI,Income Tax Refunds Issued,Classification,4,2021,3,2021,2,05,28
2021-05-28,IRS Tax Refunds Individual,Checks,1668,8302,44969,VI,Income Tax Refunds Issued,Classification,5,2021,3,2021,2,05,28
2021-05-28,IRS Tax Refunds Individual,EFT,409,40177,282340,VI,Income Tax Refunds Issued,Classification,6,2021,3,2021,2,05,28
2021-05-27,IRS - Economic Impact Payments (Checks),null,9,3050,79195,VI,Income Tax Refunds Issued,Classification,1,2021,3,2021,2,05,27
2021-05-27,IRS - Economic Impact Payments (EFT),null,3,3859,436841,VI,Income Tax Refunds Issued,Classification,2,2021,3,2021,2,05,27
2021-05-27,IRS Tax Refunds Business,Checks,33,9212,42863,VI,Income Tax Refunds Issued,Classification,3,2021,3,2021,2,05,27
2021-05-27,IRS Tax Refunds Business,EFT,1,2208,20113,VI,Income Tax Refunds Issued,Classification,4,2021,3,2021,2,05,27
2021-05-27,IRS Tax Refunds Individual,Checks,285,6634,43301,VI,Income Tax Refunds Issued,Classification,5,2021,3,2021,2,05,27
2021-05-27,IRS Tax Refunds Individual,EFT,335,39767,281931,VI,Income Tax Refunds Issued,Classification,6,2021,3,2021,2,05,27
2021-05-26,IRS - Economic Impact Payments (Checks),null,15,3041,79187,VI,Income Tax Refunds Issued,Classification,1,2021,3,2021,2,05,26
2021-05-26,IRS - Economic Impact Payments (EFT),null,900,3856,436838,VI,Income Tax Refunds Issued,Classification,2,2021,3,2021,2,05,26
2021-05-26,IRS Tax Refunds Business,Checks,53,9179,42831,VI,Income Tax Refunds Issued,Classification,3,2021,3,2021,2,05,26
2021-05-26,IRS Tax Refunds Business,EFT,643,2207,20112,VI,Income Tax Refunds Issued,Classification,4,2021,3,2021,2,05,26
2021-05-26,IRS Tax Refunds Individual,Checks,235,6349,43016,VI,Income Tax Refunds Issued,Classification,5,2021,3,2021,2,05,26
2021-05-26,IRS Tax Refunds Individual,EFT,7858,39433,281596,VI,Income Tax Refunds Issued,Classification,6,2021,3,2021,2,05,26
2021-05-25,IRS - Economic Impact Payments (Checks),null,8,3027,79172,VI,Income Tax Refunds Issued,Classification,1,2021,3,2021,2,05,25
2021-05-25,IRS - Economic Impact Payments (EFT),null,14,2955,435938,VI,Income Tax Refunds Issued,Classification,2,2021,3,2021,2,05,25
2021-05-25,IRS Tax Refunds Business,Checks,3250,9127,42778,VI,Income Tax Refunds Issued,Classification,3,2021,3,2021,2,05,25
2021-05-25,IRS Tax Refunds Business,EFT,131,1564,19470,VI,Income Tax Refunds Issued,Classification,4,2021,3,2021,2,05,25
2021-05-25,IRS Tax Refunds Individual,Checks,227,6114,42781,VI,Income Tax Refunds Issued,Classification,5,2021,3,2021,2,05,25
2021-05-25,IRS Tax Refunds Individual,EFT,2387,31575,273738,VI,Income Tax Refunds Issued,Classification,6,2021,3,2021,2,05,25
2021-05-24,IRS - Economic Impact Payments (Checks),null,10,3018,79164,VI,Income Tax Refunds Issued,Classification,1,2021,3,2021,2,05,24
2021-05-24,IRS - Economic Impact Payments (EFT),null,13,2941,435924,VI,Income Tax Refunds Issued,Classification,2,2021,3,2021,2,05,24
2021-05-24,IRS Tax Refunds Business,Checks,46,5876,39528,VI,Income Tax Refunds Issued,Classification,3,2021,3,2021,2,05,24
2021-05-24,IRS Tax Refunds Business,EFT,43,1434,19339,VI,Income Tax Refunds Issued,Classification,4,2021,3,2021,2,05,24
2021-05-24,IRS Tax Refunds Individual,Checks,144,5887,42554,VI,Income Tax Refunds Issued,Classification,5,2021,3,2021,2,05,24
2021-05-24,IRS Tax Refunds Individual,EFT,2333,29187,271351,VI,Income Tax Refunds Issued,Classification,6,2021,3,2021,2,05,24
2021-05-21,IRS - Economic Impact Payments (Checks),null,878,3008,79153,VI,Income Tax Refunds Issued,Classification,1,2021,3,2021,2,05,21
2021-05-21,IRS - Economic Impact Payments (EFT),null,5,2928,435911,VI,Income Tax Refunds Issued,Classification,2,2021,3,2021,2,05,21
2021-05-21,IRS Tax Refunds Business,Checks,37,5830,39482,VI,Income Tax Refunds Issued,Classification,3,2021,3,2021,2,05,21
2021-05-21,IRS Tax Refunds Business,EFT,50,1391,19296,VI,Income Tax Refunds Issued,Classification,4,2021,3,2021,2,05,21
2021-05-21,IRS Tax Refunds Individual,Checks,1392,5743,42410,VI,Income Tax Refunds Issued,Classification,5,2021,3,2021,2,05,21
2021-05-21,IRS Tax Refunds Individual,EFT,1510,26854,269018,VI,Income Tax Refunds Issued,Classification,6,2021,3,2021,2,05,21
2021-05-20,IRS - Economic Impact Payments (Checks),null,6,2130,78275,VI,Income Tax Refunds Issued,Classification,1,2021,3,2021,2,05,20
2021-05-20,IRS - Economic Impact Payments (EFT),null,9,2923,435905,VI,Income Tax Refunds Issued,Classification,2,2021,3,2021,2,05,20
2021-05-20,IRS Tax Refunds Business,Checks,23,5793,39445,VI,Income Tax Refunds Issued,Classification,3,2021,3,2021,2,05,20
2021-05-20,IRS Tax Refunds Business,EFT,148,1342,19247,VI,Income Tax Refunds Issued,Classification,4,2021,3,2021,2,05,20
2021-05-20,IRS Tax Refunds Individual,Checks,135,4351,41018,VI,Income Tax Refunds Issued,Classification,5,2021,3,2021,2,05,20
2021-05-20,IRS Tax Refunds Individual,EFT,918,25344,267508,VI,Income Tax Refunds Issued,Classification,6,2021,3,2021,2,05,20
2021-05-19,IRS - Economic Impact Payments (Checks),null,14,2124,78269,VI,Income Tax Refunds Issued,Classification,1,2021,3,2021,2,05,19
2021-05-19,IRS - Economic Impact Payments (EFT),null,759,2914,435896,VI,Income Tax Refunds Issued,Classification,2,2021,3,2021,2,05,19
2021-05-19,IRS Tax Refunds Business,Checks,7,5770,39422,VI,Income Tax Refunds Issued,Classification,3,2021,3,2021,2,05,19
2021-05-19,IRS Tax Refunds Business,EFT,209,1193,19098,VI,Income Tax Refunds Issued,Classification,4,2021,3,2021,2,05,19
2021-05-19,IRS Tax Refunds Individual,Checks,114,4216,40884,VI,Income Tax Refunds Issued,Classification,5,2021,3,2021,2,05,19
2021-05-19,IRS Tax Refunds Individual,EFT,5492,24426,266590,VI,Income Tax Refunds Issued,Classification,6,2021,3,2021,2,05,19
2021-05-18,IRS - Economic Impact Payments (Checks),null,6,2110,78255,VI,Income Tax Refunds Issued,Classification,1,2021,3,2021,2,05,18
2021-05-18,IRS - Economic Impact Payments (EFT),null,4,2155,435137,VI,Income Tax Refunds Issued,Classification,2,2021,3,2021,2,05,18
2021-05-18,IRS Tax Refunds Business,Checks,3162,5763,39415,VI,Income Tax Refunds Issued,Classification,3,2021,3,2021,2,05,18
2021-05-18,IRS Tax Refunds Business,EFT,76,984,18889,VI,Income Tax Refunds Issued,Classification,4,2021,3,2021,2,05,18
2021-05-18,IRS Tax Refunds Individual,Checks,154,4103,40770,VI,Income Tax Refunds Issued,Classification,5,2021,3,2021,2,05,18
2021-05-18,IRS Tax Refunds Individual,EFT,893,18934,261098,VI,Income Tax Refunds Issued,Classification,6,2021,3,2021,2,05,18
2021-05-17,IRS - Economic Impact Payments (Checks),null,9,2104,78249,VI,Income Tax Refunds Issued,Classification,1,2021,3,2021,2,05,17
2021-05-17,IRS - Economic Impact Payments (EFT),null,33,2151,435133,VI,Income Tax Refunds Issued,Classification,2,2021,3,2021,2,05,17
2021-05-17,IRS Tax Refunds Business,Checks,27,2601,36252,VI,Income Tax Refunds Issued,Classification,3,2021,3,2021,2,05,17
2021-05-17,IRS Tax Refunds Business,EFT,36,908,18813,VI,Income Tax Refunds Issued,Classification,4,2021,3,2021,2,05,17
2021-05-17,IRS Tax Refunds Individual,Checks,112,3948,40616,VI,Income Tax Refunds Issued,Classification,5,2021,3,2021,2,05,17
2021-05-17,IRS Tax Refunds Individual,EFT,1023,18042,260205,VI,Income Tax Refunds Issued,Classification,6,2021,3,2021,2,05,17
2021-05-14,IRS - Economic Impact Payments (Checks),null,914,2095,78240,VI,Income Tax Refunds Issued,Classification,1,2021,3,2021,2,05,14
2021-05-14,IRS - Economic Impact Payments (EFT),null,3,2118,435100,VI,Income Tax Refunds Issued,Classification,2,2021,3,2021,2,05,14
2021-05-14,IRS Tax Refunds Business,Checks,31,2574,36225,VI,Income Tax Refunds Issued,Classification,3,2021,3,2021,2,05,14
2021-05-14,IRS Tax Refunds Business,EFT,33,872,18777,VI,Income Tax Refunds Issued,Classification,4,2021,3,2021,2,05,14
2021-05-14,IRS Tax Refunds Individual,Checks,1339,3837,40504,VI,Income Tax Refunds Issued,Classification,5,2021,3,2021,2,05,14
2021-05-14,IRS Tax Refunds Individual,EFT,1110,17018,259182,VI,Income Tax Refunds Issued,Classification,6,2021,3,2021,2,05,14
2021-05-13,IRS - Economic Impact Payments (Checks),null,9,1181,77326,VI,Income Tax Refunds Issued,Classification,1,2021,3,2021,2,05,13
2021-05-13,IRS - Economic Impact Payments (EFT),null,5,2114,435097,VI,Income Tax Refunds Issued,Classification,2,2021,3,2021,2,05,13
2021-05-13,IRS Tax Refunds Business,Checks,64,2542,36194,VI,Income Tax Refunds Issued,Classification,3,2021,3,2021,2,05,13
2021-05-13,IRS Tax Refunds Business,EFT,0,839,18744,VI,Income Tax Refunds Issued,Classification,4,2021,3,2021,2,05,13
2021-05-13,IRS Tax Refunds Individual,Checks,135,2498,39165,VI,Income Tax Refunds Issued,Classification,5,2021,3,2021,2,05,13
2021-05-13,IRS Tax Refunds Individual,EFT,660,15909,258072,VI,Income Tax Refunds Issued,Classification,6,2021,3,2021,2,05,13
2021-05-12,IRS - Economic Impact Payments (Checks),null,18,1172,77318,VI,Income Tax Refunds Issued,Classification,1,2021,3,2021,2,05,12
2021-05-12,IRS - Economic Impact Payments (EFT),null,946,2109,435091,VI,Income Tax Refunds Issued,Classification,2,2021,3,2021,2,05,12
2021-05-12,IRS Tax Refunds Business,Checks,128,2478,36129,VI,Income Tax Refunds Issued,Classification,3,2021,3,2021,2,05,12
2021-05-12,IRS Tax Refunds Business,EFT,15,839,18744,VI,Income Tax Refunds Issued,Classification,4,2021,3,2021,2,05,12
2021-05-12,IRS Tax Refunds Individual,Checks,121,2362,39030,VI,Income Tax Refunds Issued,Classification,5,2021,3,2021,2,05,12
2021-05-12,IRS Tax Refunds Individual,EFT,4865,15249,257412,VI,Income Tax Refunds Issued,Classification,6,2021,3,2021,2,05,12
2021-05-11,IRS - Economic Impact Payments (Checks),null,8,1154,77299,VI,Income Tax Refunds Issued,Classification,1,2021,3,2021,2,05,11
2021-05-11,IRS - Economic Impact Payments (EFT),null,17,1163,434145,VI,Income Tax Refunds Issued,Classification,2,2021,3,2021,2,05,11
2021-05-11,IRS Tax Refunds Business,Checks,1400,2350,36001,VI,Income Tax Refunds Issued,Classification,3,2021,3,2021,2,05,11
2021-05-11,IRS Tax Refunds Business,EFT,167,824,18729,VI,Income Tax Refunds Issued,Classification,4,2021,3,2021,2,05,11
2021-05-11,IRS Tax Refunds Individual,Checks,153,2241,38908,VI,Income Tax Refunds Issued,Classification,5,2021,3,2021,2,05,11
2021-05-11,IRS Tax Refunds Individual,EFT,694,10384,252548,VI,Income Tax Refunds Issued,Classification,6,2021,3,2021,2,05,11
2021-05-10,IRS - Economic Impact Payments (Checks),null,18,1146,77291,VI,Income Tax Refunds Issued,Classification,1,2021,3,2021,2,05,10
2021-05-10,IRS - Economic Impact Payments (EFT),null,23,1146,434129,VI,Income Tax Refunds Issued,Classification,2,2021,3,2021,2,05,10
2021-05-10,IRS Tax Refunds Business,Checks,43,949,34601,VI,Income Tax Refunds Issued,Classification,3,2021,3,2021,2,05,10
2021-05-10,IRS Tax Refunds Business,EFT,59,657,18562,VI,Income Tax Refunds Issued,Classification,4,2021,3,2021,2,05,10
2021-05-10,IRS Tax Refunds Individual,Checks,123,2088,38755,VI,Income Tax Refunds Issued,Classification,5,2021,3,2021,2,05,10
2021-05-10,IRS Tax Refunds Individual,EFT,847,9690,251853,VI,Income Tax Refunds Issued,Classification,6,2021,3,2021,2,05,10
2021-05-07,IRS Tax Refunds Business,EFT,29,599,18504,VI,Income Tax Refunds Issued,Classification,4,2021,3,2021,2,05,07
2021-05-07,IRS - Economic Impact Payments (Checks),null,1103,1128,77273,VI,Income Tax Refunds Issued,Classification,1,2021,3,2021,2,05,07
2021-05-07,IRS - Economic Impact Payments (EFT),null,5,1124,434106,VI,Income Tax Refunds Issued,Classification,2,2021,3,2021,2,05,07
2021-05-07,IRS Tax Refunds Business,Checks,38,906,34558,VI,Income Tax Refunds Issued,Classification,3,2021,3,2021,2,05,07
2021-05-07,IRS Tax Refunds Individual,Checks,1409,1965,38633,VI,Income Tax Refunds Issued,Classification,5,2021,3,2021,2,05,07
2021-05-07,IRS Tax Refunds Individual,EFT,946,8843,251007,VI,Income Tax Refunds Issued,Classification,6,2021,3,2021,2,05,07
2021-05-06,IRS - Economic Impact Payments (Checks),null,3,25,76170,VI,Income Tax Refunds Issued,Classification,1,2021,3,2021,2,05,06
2021-05-06,IRS - Economic Impact Payments (EFT),null,5,1118,434100,VI,Income Tax Refunds Issued,Classification,2,2021,3,2021,2,05,06
2021-05-06,IRS Tax Refunds Business,Checks,40,869,34520,VI,Income Tax Refunds Issued,Classification,3,2021,3,2021,2,05,06
2021-05-06,IRS Tax Refunds Business,EFT,65,570,18475,VI,Income Tax Refunds Issued,Classification,4,2021,3,2021,2,05,06
2021-05-06,IRS Tax Refunds Individual,Checks,119,556,37224,VI,Income Tax Refunds Issued,Classification,5,2021,3,2021,2,05,06
2021-05-06,IRS Tax Refunds Individual,EFT,627,7897,250061,VI,Income Tax Refunds Issued,Classification,6,2021,3,2021,2,05,06
2021-05-05,IRS - Economic Impact Payments (Checks),null,13,22,76168,VI,Income Tax Refunds Issued,Classification,1,2021,3,2021,2,05,05
2021-05-05,IRS - Economic Impact Payments (EFT),null,1101,1113,434095,VI,Income Tax Refunds Issued,Classification,2,2021,3,2021,2,05,05
2021-05-05,IRS Tax Refunds Business,Checks,18,829,34481,VI,Income Tax Refunds Issued,Classification,3,2021,3,2021,2,05,05
2021-05-05,IRS Tax Refunds Business,EFT,12,505,18410,VI,Income Tax Refunds Issued,Classification,4,2021,3,2021,2,05,05
2021-05-05,IRS Tax Refunds Individual,Checks,103,437,37104,VI,Income Tax Refunds Issued,Classification,5,2021,3,2021,2,05,05
2021-05-05,IRS Tax Refunds Individual,EFT,5563,7270,249434,VI,Income Tax Refunds Issued,Classification,6,2021,3,2021,2,05,05
2021-05-04,IRS - Economic Impact Payments (Checks),null,3,9,76155,VI,Income Tax Refunds Issued,Classification,1,2021,3,2021,2,05,04
2021-05-04,IRS - Economic Impact Payments (EFT),null,0,12,432994,VI,Income Tax Refunds Issued,Classification,2,2021,3,2021,2,05,04
2021-05-04,IRS Tax Refunds Business,Checks,740,811,34463,VI,Income Tax Refunds Issued,Classification,3,2021,3,2021,2,05,04
2021-05-04,IRS Tax Refunds Business,EFT,154,493,18398,VI,Income Tax Refunds Issued,Classification,4,2021,3,2021,2,05,04
2021-05-04,IRS Tax Refunds Individual,Checks,184,334,37001,VI,Income Tax Refunds Issued,Classification,5,2021,3,2021,2,05,04
2021-05-04,IRS Tax Refunds Individual,EFT,720,1707,243871,VI,Income Tax Refunds Issued,Classification,6,2021,3,2021,2,05,04
2021-05-03,IRS - Economic Impact Payments (Checks),null,6,6,76151,VI,Income Tax Refunds Issued,Classification,1,2021,3,2021,2,05,03
2021-05-03,IRS - Economic Impact Payments (EFT),null,11,11,432994,VI,Income Tax Refunds Issued,Classification,2,2021,3,2021,2,05,03
2021-05-03,IRS Tax Refunds Business,Checks,71,71,33722,VI,Income Tax Refunds Issued,Classification,3,2021,3,2021,2,05,03
2021-05-03,IRS Tax Refunds Business,EFT,339,339,18244,VI,Income Tax Refunds Issued,Classification,4,2021,3,2021,2,05,03
2021-05-03,IRS Tax Refunds Individual,Checks,150,150,36817,VI,Income Tax Refunds Issued,Classification,5,2021,3,2021,2,05,03
2021-05-03,IRS Tax Refunds Individual,EFT,987,987,243150,VI,Income Tax Refunds Issued,Classification,6,2021,3,2021,2,05,03
2021-04-30,IRS Tax Refunds Business,EFT,7,2551,17905,VI,Income Tax Refunds Issued,Classification,4,2021,3,2021,2,04,30
2021-04-30,IRS - Economic Impact Payments (Checks),null,1878,13574,76145,VI,Income Tax Refunds Issued,Classification,1,2021,3,2021,2,04,30
2021-04-30,IRS - Economic Impact Payments (EFT),null,1,39498,432982,VI,Income Tax Refunds Issued,Classification,2,2021,3,2021,2,04,30
2021-04-30,IRS Tax Refunds Business,Checks,45,4798,33651,VI,Income Tax Refunds Issued,Classification,3,2021,3,2021,2,04,30
2021-04-30,IRS Tax Refunds Individual,Checks,1568,9976,36667,VI,Income Tax Refunds Issued,Classification,5,2021,3,2021,2,04,30
2021-04-30,IRS Tax Refunds Individual,EFT,1211,57607,242164,VI,Income Tax Refunds Issued,Classification,6,2021,3,2021,2,04,30
2021-04-29,IRS - Economic Impact Payments (Checks),null,3,11696,74268,VI,Income Tax Refunds Issued,Classification,1,2021,3,2021,2,04,29
2021-04-29,IRS - Economic Impact Payments (EFT),null,15,39496,432981,VI,Income Tax Refunds Issued,Classification,2,2021,3,2021,2,04,29
2021-04-29,IRS Tax Refunds Business,Checks,24,4753,33607,VI,Income Tax Refunds Issued,Classification,3,2021,3,2021,2,04,29
2021-04-29,IRS Tax Refunds Business,EFT,111,2544,17898,VI,Income Tax Refunds Issued,Classification,4,2021,3,2021,2,04,29
2021-04-29,IRS Tax Refunds Individual,Checks,247,8408,35099,VI,Income Tax Refunds Issued,Classification,5,2021,3,2021,2,04,29
2021-04-29,IRS Tax Refunds Individual,EFT,718,56396,240953,VI,Income Tax Refunds Issued,Classification,6,2021,3,2021,2,04,29
